journal_diameter_mm,ligament_mm,centerline_offset_above_boundary_mm,station_above_U_mm,level,case,brace_effective_arm_mm,Mx_kNm,brace_force_abs_kN
22.0,5.0,16.0,514.780356685791,limit,LC0,150.0,0.894331914893617,5.962212765957447
22.0,5.0,16.0,514.780356685791,limit,LC0,200.0,0.894331914893617,4.4716595744680845
22.0,5.0,16.0,514.780356685791,limit,LC0,250.0,0.894331914893617,3.577327659574468
22.0,5.0,16.0,514.780356685791,limit,LC0,300.0,0.894331914893617,2.9811063829787234
22.0,5.0,16.0,514.780356685791,limit,LC1,150.0,3.0023999999999997,20.016
22.0,5.0,16.0,514.780356685791,limit,LC1,200.0,3.0023999999999997,15.011999999999999
22.0,5.0,16.0,514.780356685791,limit,LC1,250.0,3.0023999999999997,12.009599999999999
22.0,5.0,16.0,514.780356685791,limit,LC1,300.0,3.0023999999999997,10.008
22.0,5.0,16.0,514.780356685791,limit,LC2A,150.0,3.0023999999999997,20.016
22.0,5.0,16.0,514.780356685791,limit,LC2A,200.0,3.0023999999999997,15.011999999999999
22.0,5.0,16.0,514.780356685791,limit,LC2A,250.0,3.0023999999999997,12.009599999999999
22.0,5.0,16.0,514.780356685791,limit,LC2A,300.0,3.0023999999999997,10.008
22.0,5.0,16.0,514.780356685791,limit,LC2B,150.0,3.0023999999999997,20.016
22.0,5.0,16.0,514.780356685791,limit,LC2B,200.0,3.0023999999999997,15.011999999999999
22.0,5.0,16.0,514.780356685791,limit,LC2B,250.0,3.0023999999999997,12.009599999999999
22.0,5.0,16.0,514.780356685791,limit,LC2B,300.0,3.0023999999999997,10.008
22.0,5.0,16.0,514.780356685791,limit,LC3,150.0,3.0023999999999997,20.016
22.0,5.0,16.0,514.780356685791,limit,LC3,200.0,3.0023999999999997,15.011999999999999
22.0,5.0,16.0,514.780356685791,limit,LC3,250.0,3.0023999999999997,12.009599999999999
22.0,5.0,16.0,514.780356685791,limit,LC3,300.0,3.0023999999999997,10.008
22.0,5.0,16.0,514.780356685791,limit,LC4+,150.0,11.045332174759496,73.63554783172998
22.0,5.0,16.0,514.780356685791,limit,LC4+,200.0,11.045332174759496,55.22666087379748
22.0,5.0,16.0,514.780356685791,limit,LC4+,250.0,11.045332174759496,44.181328699037984
22.0,5.0,16.0,514.780356685791,limit,LC4+,300.0,11.045332174759496,36.81777391586499
22.0,5.0,16.0,514.780356685791,limit,LC4-,150.0,-8.383204174759497,55.88802783172998
22.0,5.0,16.0,514.780356685791,limit,LC4-,200.0,-8.383204174759497,41.91602087379748
22.0,5.0,16.0,514.780356685791,limit,LC4-,250.0,-8.383204174759497,33.53281669903799
22.0,5.0,16.0,514.780356685791,limit,LC4-,300.0,-8.383204174759497,27.94401391586499
22.0,5.0,16.0,514.780356685791,limit,LC5,150.0,1.331064,8.87376
22.0,5.0,16.0,514.780356685791,limit,LC5,200.0,1.331064,6.65532
22.0,5.0,16.0,514.780356685791,limit,LC5,250.0,1.331064,5.324256
22.0,5.0,16.0,514.780356685791,limit,LC5,300.0,1.331064,4.43688
22.0,5.0,16.0,514.780356685791,ultimate,LC0,150.0,1.3414978723404254,8.943319148936169
22.0,5.0,16.0,514.780356685791,ultimate,LC0,200.0,1.3414978723404254,6.707489361702127
22.0,5.0,16.0,514.780356685791,ultimate,LC0,250.0,1.3414978723404254,5.365991489361702
22.0,5.0,16.0,514.780356685791,ultimate,LC0,300.0,1.3414978723404254,4.4716595744680845
22.0,5.0,16.0,514.780356685791,ultimate,LC1,150.0,4.5036,30.023999999999997
22.0,5.0,16.0,514.780356685791,ultimate,LC1,200.0,4.5036,22.517999999999997
22.0,5.0,16.0,514.780356685791,ultimate,LC1,250.0,4.5036,18.0144
22.0,5.0,16.0,514.780356685791,ultimate,LC1,300.0,4.5036,15.011999999999999
22.0,5.0,16.0,514.780356685791,ultimate,LC2A,150.0,4.5036,30.023999999999997
22.0,5.0,16.0,514.780356685791,ultimate,LC2A,200.0,4.5036,22.517999999999997
22.0,5.0,16.0,514.780356685791,ultimate,LC2A,250.0,4.5036,18.0144
22.0,5.0,16.0,514.780356685791,ultimate,LC2A,300.0,4.5036,15.011999999999999
22.0,5.0,16.0,514.780356685791,ultimate,LC2B,150.0,4.5036,30.023999999999997
22.0,5.0,16.0,514.780356685791,ultimate,LC2B,200.0,4.5036,22.517999999999997
22.0,5.0,16.0,514.780356685791,ultimate,LC2B,250.0,4.5036,18.0144
22.0,5.0,16.0,514.780356685791,ultimate,LC2B,300.0,4.5036,15.011999999999999
22.0,5.0,16.0,514.780356685791,ultimate,LC3,150.0,4.5036,30.023999999999997
22.0,5.0,16.0,514.780356685791,ultimate,LC3,200.0,4.5036,22.517999999999997
22.0,5.0,16.0,514.780356685791,ultimate,LC3,250.0,4.5036,18.0144
22.0,5.0,16.0,514.780356685791,ultimate,LC3,300.0,4.5036,15.011999999999999
22.0,5.0,16.0,514.780356685791,ultimate,LC4+,150.0,16.56799826213925,110.453321747595
22.0,5.0,16.0,514.780356685791,ultimate,LC4+,200.0,16.56799826213925,82.83999131069623
22.0,5.0,16.0,514.780356685791,ultimate,LC4+,250.0,16.56799826213925,66.271993048557
22.0,5.0,16.0,514.780356685791,ultimate,LC4+,300.0,16.56799826213925,55.2266608737975
22.0,5.0,16.0,514.780356685791,ultimate,LC4-,150.0,-12.574806262139246,83.83204174759497
22.0,5.0,16.0,514.780356685791,ultimate,LC4-,200.0,-12.574806262139246,62.874031310696225
22.0,5.0,16.0,514.780356685791,ultimate,LC4-,250.0,-12.574806262139246,50.299225048556984
22.0,5.0,16.0,514.780356685791,ultimate,LC4-,300.0,-12.574806262139246,41.916020873797486
22.0,5.0,16.0,514.780356685791,ultimate,LC5,150.0,1.9965960000000005,13.310640000000003
22.0,5.0,16.0,514.780356685791,ultimate,LC5,200.0,1.9965960000000005,9.982980000000001
22.0,5.0,16.0,514.780356685791,ultimate,LC5,250.0,1.9965960000000005,7.986384000000002
22.0,5.0,16.0,514.780356685791,ultimate,LC5,300.0,1.9965960000000005,6.6553200000000015
22.0,10.0,21.0,519.780356685791,limit,LC0,150.0,0.894331914893617,5.962212765957447
22.0,10.0,21.0,519.780356685791,limit,LC0,200.0,0.894331914893617,4.4716595744680845
22.0,10.0,21.0,519.780356685791,limit,LC0,250.0,0.894331914893617,3.577327659574468
22.0,10.0,21.0,519.780356685791,limit,LC0,300.0,0.894331914893617,2.9811063829787234
22.0,10.0,21.0,519.780356685791,limit,LC1,150.0,3.0023999999999997,20.016
22.0,10.0,21.0,519.780356685791,limit,LC1,200.0,3.0023999999999997,15.011999999999999
22.0,10.0,21.0,519.780356685791,limit,LC1,250.0,3.0023999999999997,12.009599999999999
22.0,10.0,21.0,519.780356685791,limit,LC1,300.0,3.0023999999999997,10.008
22.0,10.0,21.0,519.780356685791,limit,LC2A,150.0,3.0023999999999997,20.016
22.0,10.0,21.0,519.780356685791,limit,LC2A,200.0,3.0023999999999997,15.011999999999999
22.0,10.0,21.0,519.780356685791,limit,LC2A,250.0,3.0023999999999997,12.009599999999999
22.0,10.0,21.0,519.780356685791,limit,LC2A,300.0,3.0023999999999997,10.008
22.0,10.0,21.0,519.780356685791,limit,LC2B,150.0,3.0023999999999997,20.016
22.0,10.0,21.0,519.780356685791,limit,LC2B,200.0,3.0023999999999997,15.011999999999999
22.0,10.0,21.0,519.780356685791,limit,LC2B,250.0,3.0023999999999997,12.009599999999999
22.0,10.0,21.0,519.780356685791,limit,LC2B,300.0,3.0023999999999997,10.008
22.0,10.0,21.0,519.780356685791,limit,LC3,150.0,3.0023999999999997,20.016
22.0,10.0,21.0,519.780356685791,limit,LC3,200.0,3.0023999999999997,15.011999999999999
22.0,10.0,21.0,519.780356685791,limit,LC3,250.0,3.0023999999999997,12.009599999999999
22.0,10.0,21.0,519.780356685791,limit,LC3,300.0,3.0023999999999997,10.008
22.0,10.0,21.0,519.780356685791,limit,LC4+,150.0,11.087032174759496,73.91354783172999
22.0,10.0,21.0,519.780356685791,limit,LC4+,200.0,11.087032174759496,55.43516087379748
22.0,10.0,21.0,519.780356685791,limit,LC4+,250.0,11.087032174759496,44.348128699037986
22.0,10.0,21.0,519.780356685791,limit,LC4+,300.0,11.087032174759496,36.95677391586499
22.0,10.0,21.0,519.780356685791,limit,LC4-,150.0,-8.424904174759497,56.166027831729984
22.0,10.0,21.0,519.780356685791,limit,LC4-,200.0,-8.424904174759497,42.124520873797486
22.0,10.0,21.0,519.780356685791,limit,LC4-,250.0,-8.424904174759497,33.69961669903799
22.0,10.0,21.0,519.780356685791,limit,LC4-,300.0,-8.424904174759497,28.083013915864992
22.0,10.0,21.0,519.780356685791,limit,LC5,150.0,1.331064,8.87376
22.0,10.0,21.0,519.780356685791,limit,LC5,200.0,1.331064,6.65532
22.0,10.0,21.0,519.780356685791,limit,LC5,250.0,1.331064,5.324256
22.0,10.0,21.0,519.780356685791,limit,LC5,300.0,1.331064,4.43688
22.0,10.0,21.0,519.780356685791,ultimate,LC0,150.0,1.3414978723404254,8.943319148936169
22.0,10.0,21.0,519.780356685791,ultimate,LC0,200.0,1.3414978723404254,6.707489361702127
22.0,10.0,21.0,519.780356685791,ultimate,LC0,250.0,1.3414978723404254,5.365991489361702
22.0,10.0,21.0,519.780356685791,ultimate,LC0,300.0,1.3414978723404254,4.4716595744680845
22.0,10.0,21.0,519.780356685791,ultimate,LC1,150.0,4.5036,30.023999999999997
22.0,10.0,21.0,519.780356685791,ultimate,LC1,200.0,4.5036,22.517999999999997
22.0,10.0,21.0,519.780356685791,ultimate,LC1,250.0,4.5036,18.0144
22.0,10.0,21.0,519.780356685791,ultimate,LC1,300.0,4.5036,15.011999999999999
22.0,10.0,21.0,519.780356685791,ultimate,LC2A,150.0,4.5036,30.023999999999997
22.0,10.0,21.0,519.780356685791,ultimate,LC2A,200.0,4.5036,22.517999999999997
22.0,10.0,21.0,519.780356685791,ultimate,LC2A,250.0,4.5036,18.0144
22.0,10.0,21.0,519.780356685791,ultimate,LC2A,300.0,4.5036,15.011999999999999
22.0,10.0,21.0,519.780356685791,ultimate,LC2B,150.0,4.5036,30.023999999999997
22.0,10.0,21.0,519.780356685791,ultimate,LC2B,200.0,4.5036,22.517999999999997
22.0,10.0,21.0,519.780356685791,ultimate,LC2B,250.0,4.5036,18.0144
22.0,10.0,21.0,519.780356685791,ultimate,LC2B,300.0,4.5036,15.011999999999999
22.0,10.0,21.0,519.780356685791,ultimate,LC3,150.0,4.5036,30.023999999999997
22.0,10.0,21.0,519.780356685791,ultimate,LC3,200.0,4.5036,22.517999999999997
22.0,10.0,21.0,519.780356685791,ultimate,LC3,250.0,4.5036,18.0144
22.0,10.0,21.0,519.780356685791,ultimate,LC3,300.0,4.5036,15.011999999999999
22.0,10.0,21.0,519.780356685791,ultimate,LC4+,150.0,16.630548262139246,110.87032174759499
22.0,10.0,21.0,519.780356685791,ultimate,LC4+,200.0,16.630548262139246,83.15274131069623
22.0,10.0,21.0,519.780356685791,ultimate,LC4+,250.0,16.630548262139246,66.52219304855699
22.0,10.0,21.0,519.780356685791,ultimate,LC4+,300.0,16.630548262139246,55.43516087379749
22.0,10.0,21.0,519.780356685791,ultimate,LC4-,150.0,-12.637356262139244,84.24904174759496
22.0,10.0,21.0,519.780356685791,ultimate,LC4-,200.0,-12.637356262139244,63.18678131069622
22.0,10.0,21.0,519.780356685791,ultimate,LC4-,250.0,-12.637356262139244,50.54942504855698
22.0,10.0,21.0,519.780356685791,ultimate,LC4-,300.0,-12.637356262139244,42.12452087379748
22.0,10.0,21.0,519.780356685791,ultimate,LC5,150.0,1.9965960000000005,13.310640000000003
22.0,10.0,21.0,519.780356685791,ultimate,LC5,200.0,1.9965960000000005,9.982980000000001
22.0,10.0,21.0,519.780356685791,ultimate,LC5,250.0,1.9965960000000005,7.986384000000002
22.0,10.0,21.0,519.780356685791,ultimate,LC5,300.0,1.9965960000000005,6.6553200000000015
22.0,15.0,26.0,524.780356685791,limit,LC0,150.0,0.894331914893617,5.962212765957447
22.0,15.0,26.0,524.780356685791,limit,LC0,200.0,0.894331914893617,4.4716595744680845
22.0,15.0,26.0,524.780356685791,limit,LC0,250.0,0.894331914893617,3.577327659574468
22.0,15.0,26.0,524.780356685791,limit,LC0,300.0,0.894331914893617,2.9811063829787234
22.0,15.0,26.0,524.780356685791,limit,LC1,150.0,3.0023999999999997,20.016
22.0,15.0,26.0,524.780356685791,limit,LC1,200.0,3.0023999999999997,15.011999999999999
22.0,15.0,26.0,524.780356685791,limit,LC1,250.0,3.0023999999999997,12.009599999999999
22.0,15.0,26.0,524.780356685791,limit,LC1,300.0,3.0023999999999997,10.008
22.0,15.0,26.0,524.780356685791,limit,LC2A,150.0,3.0023999999999997,20.016
22.0,15.0,26.0,524.780356685791,limit,LC2A,200.0,3.0023999999999997,15.011999999999999
22.0,15.0,26.0,524.780356685791,limit,LC2A,250.0,3.0023999999999997,12.009599999999999
22.0,15.0,26.0,524.780356685791,limit,LC2A,300.0,3.0023999999999997,10.008
22.0,15.0,26.0,524.780356685791,limit,LC2B,150.0,3.0023999999999997,20.016
22.0,15.0,26.0,524.780356685791,limit,LC2B,200.0,3.0023999999999997,15.011999999999999
22.0,15.0,26.0,524.780356685791,limit,LC2B,250.0,3.0023999999999997,12.009599999999999
22.0,15.0,26.0,524.780356685791,limit,LC2B,300.0,3.0023999999999997,10.008
22.0,15.0,26.0,524.780356685791,limit,LC3,150.0,3.0023999999999997,20.016
22.0,15.0,26.0,524.780356685791,limit,LC3,200.0,3.0023999999999997,15.011999999999999
22.0,15.0,26.0,524.780356685791,limit,LC3,250.0,3.0023999999999997,12.009599999999999
22.0,15.0,26.0,524.780356685791,limit,LC3,300.0,3.0023999999999997,10.008
22.0,15.0,26.0,524.780356685791,limit,LC4+,150.0,11.128732174759497,74.19154783172998
22.0,15.0,26.0,524.780356685791,limit,LC4+,200.0,11.128732174759497,55.64366087379748
22.0,15.0,26.0,524.780356685791,limit,LC4+,250.0,11.128732174759497,44.51492869903799
22.0,15.0,26.0,524.780356685791,limit,LC4+,300.0,11.128732174759497,37.09577391586499
22.0,15.0,26.0,524.780356685791,limit,LC4-,150.0,-8.466604174759498,56.44402783172999
22.0,15.0,26.0,524.780356685791,limit,LC4-,200.0,-8.466604174759498,42.33302087379749
22.0,15.0,26.0,524.780356685791,limit,LC4-,250.0,-8.466604174759498,33.86641669903799
22.0,15.0,26.0,524.780356685791,limit,LC4-,300.0,-8.466604174759498,28.222013915864995
22.0,15.0,26.0,524.780356685791,limit,LC5,150.0,1.331064,8.87376
22.0,15.0,26.0,524.780356685791,limit,LC5,200.0,1.331064,6.65532
22.0,15.0,26.0,524.780356685791,limit,LC5,250.0,1.331064,5.324256
22.0,15.0,26.0,524.780356685791,limit,LC5,300.0,1.331064,4.43688
22.0,15.0,26.0,524.780356685791,ultimate,LC0,150.0,1.3414978723404254,8.943319148936169
22.0,15.0,26.0,524.780356685791,ultimate,LC0,200.0,1.3414978723404254,6.707489361702127
22.0,15.0,26.0,524.780356685791,ultimate,LC0,250.0,1.3414978723404254,5.365991489361702
22.0,15.0,26.0,524.780356685791,ultimate,LC0,300.0,1.3414978723404254,4.4716595744680845
22.0,15.0,26.0,524.780356685791,ultimate,LC1,150.0,4.5036,30.023999999999997
22.0,15.0,26.0,524.780356685791,ultimate,LC1,200.0,4.5036,22.517999999999997
22.0,15.0,26.0,524.780356685791,ultimate,LC1,250.0,4.5036,18.0144
22.0,15.0,26.0,524.780356685791,ultimate,LC1,300.0,4.5036,15.011999999999999
22.0,15.0,26.0,524.780356685791,ultimate,LC2A,150.0,4.5036,30.023999999999997
22.0,15.0,26.0,524.780356685791,ultimate,LC2A,200.0,4.5036,22.517999999999997
22.0,15.0,26.0,524.780356685791,ultimate,LC2A,250.0,4.5036,18.0144
22.0,15.0,26.0,524.780356685791,ultimate,LC2A,300.0,4.5036,15.011999999999999
22.0,15.0,26.0,524.780356685791,ultimate,LC2B,150.0,4.5036,30.023999999999997
22.0,15.0,26.0,524.780356685791,ultimate,LC2B,200.0,4.5036,22.517999999999997
22.0,15.0,26.0,524.780356685791,ultimate,LC2B,250.0,4.5036,18.0144
22.0,15.0,26.0,524.780356685791,ultimate,LC2B,300.0,4.5036,15.011999999999999
22.0,15.0,26.0,524.780356685791,ultimate,LC3,150.0,4.5036,30.023999999999997
22.0,15.0,26.0,524.780356685791,ultimate,LC3,200.0,4.5036,22.517999999999997
22.0,15.0,26.0,524.780356685791,ultimate,LC3,250.0,4.5036,18.0144
22.0,15.0,26.0,524.780356685791,ultimate,LC3,300.0,4.5036,15.011999999999999
22.0,15.0,26.0,524.780356685791,ultimate,LC4+,150.0,16.693098262139248,111.28732174759499
22.0,15.0,26.0,524.780356685791,ultimate,LC4+,200.0,16.693098262139248,83.46549131069624
22.0,15.0,26.0,524.780356685791,ultimate,LC4+,250.0,16.693098262139248,66.77239304855699
22.0,15.0,26.0,524.780356685791,ultimate,LC4+,300.0,16.693098262139248,55.643660873797494
22.0,15.0,26.0,524.780356685791,ultimate,LC4-,150.0,-12.699906262139246,84.66604174759497
22.0,15.0,26.0,524.780356685791,ultimate,LC4-,200.0,-12.699906262139246,63.49953131069623
22.0,15.0,26.0,524.780356685791,ultimate,LC4-,250.0,-12.699906262139246,50.79962504855698
22.0,15.0,26.0,524.780356685791,ultimate,LC4-,300.0,-12.699906262139246,42.33302087379749
22.0,15.0,26.0,524.780356685791,ultimate,LC5,150.0,1.9965960000000005,13.310640000000003
22.0,15.0,26.0,524.780356685791,ultimate,LC5,200.0,1.9965960000000005,9.982980000000001
22.0,15.0,26.0,524.780356685791,ultimate,LC5,250.0,1.9965960000000005,7.986384000000002
22.0,15.0,26.0,524.780356685791,ultimate,LC5,300.0,1.9965960000000005,6.6553200000000015
22.0,20.0,31.0,529.780356685791,limit,LC0,150.0,0.894331914893617,5.962212765957447
22.0,20.0,31.0,529.780356685791,limit,LC0,200.0,0.894331914893617,4.4716595744680845
22.0,20.0,31.0,529.780356685791,limit,LC0,250.0,0.894331914893617,3.577327659574468
22.0,20.0,31.0,529.780356685791,limit,LC0,300.0,0.894331914893617,2.9811063829787234
22.0,20.0,31.0,529.780356685791,limit,LC1,150.0,3.0023999999999997,20.016
22.0,20.0,31.0,529.780356685791,limit,LC1,200.0,3.0023999999999997,15.011999999999999
22.0,20.0,31.0,529.780356685791,limit,LC1,250.0,3.0023999999999997,12.009599999999999
22.0,20.0,31.0,529.780356685791,limit,LC1,300.0,3.0023999999999997,10.008
22.0,20.0,31.0,529.780356685791,limit,LC2A,150.0,3.0023999999999997,20.016
22.0,20.0,31.0,529.780356685791,limit,LC2A,200.0,3.0023999999999997,15.011999999999999
22.0,20.0,31.0,529.780356685791,limit,LC2A,250.0,3.0023999999999997,12.009599999999999
22.0,20.0,31.0,529.780356685791,limit,LC2A,300.0,3.0023999999999997,10.008
22.0,20.0,31.0,529.780356685791,limit,LC2B,150.0,3.0023999999999997,20.016
22.0,20.0,31.0,529.780356685791,limit,LC2B,200.0,3.0023999999999997,15.011999999999999
22.0,20.0,31.0,529.780356685791,limit,LC2B,250.0,3.0023999999999997,12.009599999999999
22.0,20.0,31.0,529.780356685791,limit,LC2B,300.0,3.0023999999999997,10.008
22.0,20.0,31.0,529.780356685791,limit,LC3,150.0,3.0023999999999997,20.016
22.0,20.0,31.0,529.780356685791,limit,LC3,200.0,3.0023999999999997,15.011999999999999
22.0,20.0,31.0,529.780356685791,limit,LC3,250.0,3.0023999999999997,12.009599999999999
22.0,20.0,31.0,529.780356685791,limit,LC3,300.0,3.0023999999999997,10.008
22.0,20.0,31.0,529.780356685791,limit,LC4+,150.0,11.170432174759496,74.46954783172997
22.0,20.0,31.0,529.780356685791,limit,LC4+,200.0,11.170432174759496,55.85216087379747
22.0,20.0,31.0,529.780356685791,limit,LC4+,250.0,11.170432174759496,44.68172869903798
22.0,20.0,31.0,529.780356685791,limit,LC4+,300.0,11.170432174759496,37.234773915864984
22.0,20.0,31.0,529.780356685791,limit,LC4-,150.0,-8.508304174759497,56.72202783172998
22.0,20.0,31.0,529.780356685791,limit,LC4-,200.0,-8.508304174759497,42.54152087379748
22.0,20.0,31.0,529.780356685791,limit,LC4-,250.0,-8.508304174759497,34.033216699037986
22.0,20.0,31.0,529.780356685791,limit,LC4-,300.0,-8.508304174759497,28.36101391586499
22.0,20.0,31.0,529.780356685791,limit,LC5,150.0,1.331064,8.87376
22.0,20.0,31.0,529.780356685791,limit,LC5,200.0,1.331064,6.65532
22.0,20.0,31.0,529.780356685791,limit,LC5,250.0,1.331064,5.324256
22.0,20.0,31.0,529.780356685791,limit,LC5,300.0,1.331064,4.43688
22.0,20.0,31.0,529.780356685791,ultimate,LC0,150.0,1.3414978723404254,8.943319148936169
22.0,20.0,31.0,529.780356685791,ultimate,LC0,200.0,1.3414978723404254,6.707489361702127
22.0,20.0,31.0,529.780356685791,ultimate,LC0,250.0,1.3414978723404254,5.365991489361702
22.0,20.0,31.0,529.780356685791,ultimate,LC0,300.0,1.3414978723404254,4.4716595744680845
22.0,20.0,31.0,529.780356685791,ultimate,LC1,150.0,4.5036,30.023999999999997
22.0,20.0,31.0,529.780356685791,ultimate,LC1,200.0,4.5036,22.517999999999997
22.0,20.0,31.0,529.780356685791,ultimate,LC1,250.0,4.5036,18.0144
22.0,20.0,31.0,529.780356685791,ultimate,LC1,300.0,4.5036,15.011999999999999
22.0,20.0,31.0,529.780356685791,ultimate,LC2A,150.0,4.5036,30.023999999999997
22.0,20.0,31.0,529.780356685791,ultimate,LC2A,200.0,4.5036,22.517999999999997
22.0,20.0,31.0,529.780356685791,ultimate,LC2A,250.0,4.5036,18.0144
22.0,20.0,31.0,529.780356685791,ultimate,LC2A,300.0,4.5036,15.011999999999999
22.0,20.0,31.0,529.780356685791,ultimate,LC2B,150.0,4.5036,30.023999999999997
22.0,20.0,31.0,529.780356685791,ultimate,LC2B,200.0,4.5036,22.517999999999997
22.0,20.0,31.0,529.780356685791,ultimate,LC2B,250.0,4.5036,18.0144
22.0,20.0,31.0,529.780356685791,ultimate,LC2B,300.0,4.5036,15.011999999999999
22.0,20.0,31.0,529.780356685791,ultimate,LC3,150.0,4.5036,30.023999999999997
22.0,20.0,31.0,529.780356685791,ultimate,LC3,200.0,4.5036,22.517999999999997
22.0,20.0,31.0,529.780356685791,ultimate,LC3,250.0,4.5036,18.0144
22.0,20.0,31.0,529.780356685791,ultimate,LC3,300.0,4.5036,15.011999999999999
22.0,20.0,31.0,529.780356685791,ultimate,LC4+,150.0,16.755648262139246,111.70432174759497
22.0,20.0,31.0,529.780356685791,ultimate,LC4+,200.0,16.755648262139246,83.77824131069623
22.0,20.0,31.0,529.780356685791,ultimate,LC4+,250.0,16.755648262139246,67.02259304855698
22.0,20.0,31.0,529.780356685791,ultimate,LC4+,300.0,16.755648262139246,55.85216087379749
22.0,20.0,31.0,529.780356685791,ultimate,LC4-,150.0,-12.762456262139244,85.08304174759496
22.0,20.0,31.0,529.780356685791,ultimate,LC4-,200.0,-12.762456262139244,63.812281310696214
22.0,20.0,31.0,529.780356685791,ultimate,LC4-,250.0,-12.762456262139244,51.049825048556976
22.0,20.0,31.0,529.780356685791,ultimate,LC4-,300.0,-12.762456262139244,42.54152087379748
22.0,20.0,31.0,529.780356685791,ultimate,LC5,150.0,1.9965960000000005,13.310640000000003
22.0,20.0,31.0,529.780356685791,ultimate,LC5,200.0,1.9965960000000005,9.982980000000001
22.0,20.0,31.0,529.780356685791,ultimate,LC5,250.0,1.9965960000000005,7.986384000000002
22.0,20.0,31.0,529.780356685791,ultimate,LC5,300.0,1.9965960000000005,6.6553200000000015
24.0,5.0,17.0,515.780356685791,limit,LC0,150.0,0.894331914893617,5.962212765957447
24.0,5.0,17.0,515.780356685791,limit,LC0,200.0,0.894331914893617,4.4716595744680845
24.0,5.0,17.0,515.780356685791,limit,LC0,250.0,0.894331914893617,3.577327659574468
24.0,5.0,17.0,515.780356685791,limit,LC0,300.0,0.894331914893617,2.9811063829787234
24.0,5.0,17.0,515.780356685791,limit,LC1,150.0,3.0023999999999997,20.016
24.0,5.0,17.0,515.780356685791,limit,LC1,200.0,3.0023999999999997,15.011999999999999
24.0,5.0,17.0,515.780356685791,limit,LC1,250.0,3.0023999999999997,12.009599999999999
24.0,5.0,17.0,515.780356685791,limit,LC1,300.0,3.0023999999999997,10.008
24.0,5.0,17.0,515.780356685791,limit,LC2A,150.0,3.0023999999999997,20.016
24.0,5.0,17.0,515.780356685791,limit,LC2A,200.0,3.0023999999999997,15.011999999999999
24.0,5.0,17.0,515.780356685791,limit,LC2A,250.0,3.0023999999999997,12.009599999999999
24.0,5.0,17.0,515.780356685791,limit,LC2A,300.0,3.0023999999999997,10.008
24.0,5.0,17.0,515.780356685791,limit,LC2B,150.0,3.0023999999999997,20.016
24.0,5.0,17.0,515.780356685791,limit,LC2B,200.0,3.0023999999999997,15.011999999999999
24.0,5.0,17.0,515.780356685791,limit,LC2B,250.0,3.0023999999999997,12.009599999999999
24.0,5.0,17.0,515.780356685791,limit,LC2B,300.0,3.0023999999999997,10.008
24.0,5.0,17.0,515.780356685791,limit,LC3,150.0,3.0023999999999997,20.016
24.0,5.0,17.0,515.780356685791,limit,LC3,200.0,3.0023999999999997,15.011999999999999
24.0,5.0,17.0,515.780356685791,limit,LC3,250.0,3.0023999999999997,12.009599999999999
24.0,5.0,17.0,515.780356685791,limit,LC3,300.0,3.0023999999999997,10.008
24.0,5.0,17.0,515.780356685791,limit,LC4+,150.0,11.053672174759496,73.69114783172998
24.0,5.0,17.0,515.780356685791,limit,LC4+,200.0,11.053672174759496,55.26836087379748
24.0,5.0,17.0,515.780356685791,limit,LC4+,250.0,11.053672174759496,44.214688699037985
24.0,5.0,17.0,515.780356685791,limit,LC4+,300.0,11.053672174759496,36.84557391586499
24.0,5.0,17.0,515.780356685791,limit,LC4-,150.0,-8.391544174759497,55.943627831729984
24.0,5.0,17.0,515.780356685791,limit,LC4-,200.0,-8.391544174759497,41.957720873797484
24.0,5.0,17.0,515.780356685791,limit,LC4-,250.0,-8.391544174759497,33.56617669903799
24.0,5.0,17.0,515.780356685791,limit,LC4-,300.0,-8.391544174759497,27.971813915864992
24.0,5.0,17.0,515.780356685791,limit,LC5,150.0,1.331064,8.87376
24.0,5.0,17.0,515.780356685791,limit,LC5,200.0,1.331064,6.65532
24.0,5.0,17.0,515.780356685791,limit,LC5,250.0,1.331064,5.324256
24.0,5.0,17.0,515.780356685791,limit,LC5,300.0,1.331064,4.43688
24.0,5.0,17.0,515.780356685791,ultimate,LC0,150.0,1.3414978723404254,8.943319148936169
24.0,5.0,17.0,515.780356685791,ultimate,LC0,200.0,1.3414978723404254,6.707489361702127
24.0,5.0,17.0,515.780356685791,ultimate,LC0,250.0,1.3414978723404254,5.365991489361702
24.0,5.0,17.0,515.780356685791,ultimate,LC0,300.0,1.3414978723404254,4.4716595744680845
24.0,5.0,17.0,515.780356685791,ultimate,LC1,150.0,4.5036,30.023999999999997
24.0,5.0,17.0,515.780356685791,ultimate,LC1,200.0,4.5036,22.517999999999997
24.0,5.0,17.0,515.780356685791,ultimate,LC1,250.0,4.5036,18.0144
24.0,5.0,17.0,515.780356685791,ultimate,LC1,300.0,4.5036,15.011999999999999
24.0,5.0,17.0,515.780356685791,ultimate,LC2A,150.0,4.5036,30.023999999999997
24.0,5.0,17.0,515.780356685791,ultimate,LC2A,200.0,4.5036,22.517999999999997
24.0,5.0,17.0,515.780356685791,ultimate,LC2A,250.0,4.5036,18.0144
24.0,5.0,17.0,515.780356685791,ultimate,LC2A,300.0,4.5036,15.011999999999999
24.0,5.0,17.0,515.780356685791,ultimate,LC2B,150.0,4.5036,30.023999999999997
24.0,5.0,17.0,515.780356685791,ultimate,LC2B,200.0,4.5036,22.517999999999997
24.0,5.0,17.0,515.780356685791,ultimate,LC2B,250.0,4.5036,18.0144
24.0,5.0,17.0,515.780356685791,ultimate,LC2B,300.0,4.5036,15.011999999999999
24.0,5.0,17.0,515.780356685791,ultimate,LC3,150.0,4.5036,30.023999999999997
24.0,5.0,17.0,515.780356685791,ultimate,LC3,200.0,4.5036,22.517999999999997
24.0,5.0,17.0,515.780356685791,ultimate,LC3,250.0,4.5036,18.0144
24.0,5.0,17.0,515.780356685791,ultimate,LC3,300.0,4.5036,15.011999999999999
24.0,5.0,17.0,515.780356685791,ultimate,LC4+,150.0,16.580508262139247,110.53672174759498
24.0,5.0,17.0,515.780356685791,ultimate,LC4+,200.0,16.580508262139247,82.90254131069624
24.0,5.0,17.0,515.780356685791,ultimate,LC4+,250.0,16.580508262139247,66.32203304855699
24.0,5.0,17.0,515.780356685791,ultimate,LC4+,300.0,16.580508262139247,55.26836087379749
24.0,5.0,17.0,515.780356685791,ultimate,LC4-,150.0,-12.587316262139245,83.91544174759497
24.0,5.0,17.0,515.780356685791,ultimate,LC4-,200.0,-12.587316262139245,62.93658131069622
24.0,5.0,17.0,515.780356685791,ultimate,LC4-,250.0,-12.587316262139245,50.34926504855698
24.0,5.0,17.0,515.780356685791,ultimate,LC4-,300.0,-12.587316262139245,41.957720873797484
24.0,5.0,17.0,515.780356685791,ultimate,LC5,150.0,1.9965960000000005,13.310640000000003
24.0,5.0,17.0,515.780356685791,ultimate,LC5,200.0,1.9965960000000005,9.982980000000001
24.0,5.0,17.0,515.780356685791,ultimate,LC5,250.0,1.9965960000000005,7.986384000000002
24.0,5.0,17.0,515.780356685791,ultimate,LC5,300.0,1.9965960000000005,6.6553200000000015
24.0,10.0,22.0,520.780356685791,limit,LC0,150.0,0.894331914893617,5.962212765957447
24.0,10.0,22.0,520.780356685791,limit,LC0,200.0,0.894331914893617,4.4716595744680845
24.0,10.0,22.0,520.780356685791,limit,LC0,250.0,0.894331914893617,3.577327659574468
24.0,10.0,22.0,520.780356685791,limit,LC0,300.0,0.894331914893617,2.9811063829787234
24.0,10.0,22.0,520.780356685791,limit,LC1,150.0,3.0023999999999997,20.016
24.0,10.0,22.0,520.780356685791,limit,LC1,200.0,3.0023999999999997,15.011999999999999
24.0,10.0,22.0,520.780356685791,limit,LC1,250.0,3.0023999999999997,12.009599999999999
24.0,10.0,22.0,520.780356685791,limit,LC1,300.0,3.0023999999999997,10.008
24.0,10.0,22.0,520.780356685791,limit,LC2A,150.0,3.0023999999999997,20.016
24.0,10.0,22.0,520.780356685791,limit,LC2A,200.0,3.0023999999999997,15.011999999999999
24.0,10.0,22.0,520.780356685791,limit,LC2A,250.0,3.0023999999999997,12.009599999999999
24.0,10.0,22.0,520.780356685791,limit,LC2A,300.0,3.0023999999999997,10.008
24.0,10.0,22.0,520.780356685791,limit,LC2B,150.0,3.0023999999999997,20.016
24.0,10.0,22.0,520.780356685791,limit,LC2B,200.0,3.0023999999999997,15.011999999999999
24.0,10.0,22.0,520.780356685791,limit,LC2B,250.0,3.0023999999999997,12.009599999999999
24.0,10.0,22.0,520.780356685791,limit,LC2B,300.0,3.0023999999999997,10.008
24.0,10.0,22.0,520.780356685791,limit,LC3,150.0,3.0023999999999997,20.016
24.0,10.0,22.0,520.780356685791,limit,LC3,200.0,3.0023999999999997,15.011999999999999
24.0,10.0,22.0,520.780356685791,limit,LC3,250.0,3.0023999999999997,12.009599999999999
24.0,10.0,22.0,520.780356685791,limit,LC3,300.0,3.0023999999999997,10.008
24.0,10.0,22.0,520.780356685791,limit,LC4+,150.0,11.095372174759497,73.96914783172998
24.0,10.0,22.0,520.780356685791,limit,LC4+,200.0,11.095372174759497,55.476860873797484
24.0,10.0,22.0,520.780356685791,limit,LC4+,250.0,11.095372174759497,44.38148869903799
24.0,10.0,22.0,520.780356685791,limit,LC4+,300.0,11.095372174759497,36.98457391586499
24.0,10.0,22.0,520.780356685791,limit,LC4-,150.0,-8.433244174759498,56.22162783172999
24.0,10.0,22.0,520.780356685791,limit,LC4-,200.0,-8.433244174759498,42.166220873797485
24.0,10.0,22.0,520.780356685791,limit,LC4-,250.0,-8.433244174759498,33.73297669903799
24.0,10.0,22.0,520.780356685791,limit,LC4-,300.0,-8.433244174759498,28.110813915864995
24.0,10.0,22.0,520.780356685791,limit,LC5,150.0,1.331064,8.87376
24.0,10.0,22.0,520.780356685791,limit,LC5,200.0,1.331064,6.65532
24.0,10.0,22.0,520.780356685791,limit,LC5,250.0,1.331064,5.324256
24.0,10.0,22.0,520.780356685791,limit,LC5,300.0,1.331064,4.43688
24.0,10.0,22.0,520.780356685791,ultimate,LC0,150.0,1.3414978723404254,8.943319148936169
24.0,10.0,22.0,520.780356685791,ultimate,LC0,200.0,1.3414978723404254,6.707489361702127
24.0,10.0,22.0,520.780356685791,ultimate,LC0,250.0,1.3414978723404254,5.365991489361702
24.0,10.0,22.0,520.780356685791,ultimate,LC0,300.0,1.3414978723404254,4.4716595744680845
24.0,10.0,22.0,520.780356685791,ultimate,LC1,150.0,4.5036,30.023999999999997
24.0,10.0,22.0,520.780356685791,ultimate,LC1,200.0,4.5036,22.517999999999997
24.0,10.0,22.0,520.780356685791,ultimate,LC1,250.0,4.5036,18.0144
24.0,10.0,22.0,520.780356685791,ultimate,LC1,300.0,4.5036,15.011999999999999
24.0,10.0,22.0,520.780356685791,ultimate,LC2A,150.0,4.5036,30.023999999999997
24.0,10.0,22.0,520.780356685791,ultimate,LC2A,200.0,4.5036,22.517999999999997
24.0,10.0,22.0,520.780356685791,ultimate,LC2A,250.0,4.5036,18.0144
24.0,10.0,22.0,520.780356685791,ultimate,LC2A,300.0,4.5036,15.011999999999999
24.0,10.0,22.0,520.780356685791,ultimate,LC2B,150.0,4.5036,30.023999999999997
24.0,10.0,22.0,520.780356685791,ultimate,LC2B,200.0,4.5036,22.517999999999997
24.0,10.0,22.0,520.780356685791,ultimate,LC2B,250.0,4.5036,18.0144
24.0,10.0,22.0,520.780356685791,ultimate,LC2B,300.0,4.5036,15.011999999999999
24.0,10.0,22.0,520.780356685791,ultimate,LC3,150.0,4.5036,30.023999999999997
24.0,10.0,22.0,520.780356685791,ultimate,LC3,200.0,4.5036,22.517999999999997
24.0,10.0,22.0,520.780356685791,ultimate,LC3,250.0,4.5036,18.0144
24.0,10.0,22.0,520.780356685791,ultimate,LC3,300.0,4.5036,15.011999999999999
24.0,10.0,22.0,520.780356685791,ultimate,LC4+,150.0,16.643058262139245,110.95372174759497
24.0,10.0,22.0,520.780356685791,ultimate,LC4+,200.0,16.643058262139245,83.21529131069622
24.0,10.0,22.0,520.780356685791,ultimate,LC4+,250.0,16.643058262139245,66.57223304855698
24.0,10.0,22.0,520.780356685791,ultimate,LC4+,300.0,16.643058262139245,55.476860873797484
24.0,10.0,22.0,520.780356685791,ultimate,LC4-,150.0,-12.649866262139245,84.33244174759497
24.0,10.0,22.0,520.780356685791,ultimate,LC4-,200.0,-12.649866262139245,63.24933131069622
24.0,10.0,22.0,520.780356685791,ultimate,LC4-,250.0,-12.649866262139245,50.59946504855698
24.0,10.0,22.0,520.780356685791,ultimate,LC4-,300.0,-12.649866262139245,42.166220873797485
24.0,10.0,22.0,520.780356685791,ultimate,LC5,150.0,1.9965960000000005,13.310640000000003
24.0,10.0,22.0,520.780356685791,ultimate,LC5,200.0,1.9965960000000005,9.982980000000001
24.0,10.0,22.0,520.780356685791,ultimate,LC5,250.0,1.9965960000000005,7.986384000000002
24.0,10.0,22.0,520.780356685791,ultimate,LC5,300.0,1.9965960000000005,6.6553200000000015
24.0,15.0,27.0,525.780356685791,limit,LC0,150.0,0.894331914893617,5.962212765957447
24.0,15.0,27.0,525.780356685791,limit,LC0,200.0,0.894331914893617,4.4716595744680845
24.0,15.0,27.0,525.780356685791,limit,LC0,250.0,0.894331914893617,3.577327659574468
24.0,15.0,27.0,525.780356685791,limit,LC0,300.0,0.894331914893617,2.9811063829787234
24.0,15.0,27.0,525.780356685791,limit,LC1,150.0,3.0023999999999997,20.016
24.0,15.0,27.0,525.780356685791,limit,LC1,200.0,3.0023999999999997,15.011999999999999
24.0,15.0,27.0,525.780356685791,limit,LC1,250.0,3.0023999999999997,12.009599999999999
24.0,15.0,27.0,525.780356685791,limit,LC1,300.0,3.0023999999999997,10.008
24.0,15.0,27.0,525.780356685791,limit,LC2A,150.0,3.0023999999999997,20.016
24.0,15.0,27.0,525.780356685791,limit,LC2A,200.0,3.0023999999999997,15.011999999999999
24.0,15.0,27.0,525.780356685791,limit,LC2A,250.0,3.0023999999999997,12.009599999999999
24.0,15.0,27.0,525.780356685791,limit,LC2A,300.0,3.0023999999999997,10.008
24.0,15.0,27.0,525.780356685791,limit,LC2B,150.0,3.0023999999999997,20.016
24.0,15.0,27.0,525.780356685791,limit,LC2B,200.0,3.0023999999999997,15.011999999999999
24.0,15.0,27.0,525.780356685791,limit,LC2B,250.0,3.0023999999999997,12.009599999999999
24.0,15.0,27.0,525.780356685791,limit,LC2B,300.0,3.0023999999999997,10.008
24.0,15.0,27.0,525.780356685791,limit,LC3,150.0,3.0023999999999997,20.016
24.0,15.0,27.0,525.780356685791,limit,LC3,200.0,3.0023999999999997,15.011999999999999
24.0,15.0,27.0,525.780356685791,limit,LC3,250.0,3.0023999999999997,12.009599999999999
24.0,15.0,27.0,525.780356685791,limit,LC3,300.0,3.0023999999999997,10.008
24.0,15.0,27.0,525.780356685791,limit,LC4+,150.0,11.137072174759496,74.24714783172998
24.0,15.0,27.0,525.780356685791,limit,LC4+,200.0,11.137072174759496,55.68536087379748
24.0,15.0,27.0,525.780356685791,limit,LC4+,250.0,11.137072174759496,44.54828869903798
24.0,15.0,27.0,525.780356685791,limit,LC4+,300.0,11.137072174759496,37.12357391586499
24.0,15.0,27.0,525.780356685791,limit,LC4-,150.0,-8.474944174759496,56.49962783172998
24.0,15.0,27.0,525.780356685791,limit,LC4-,200.0,-8.474944174759496,42.37472087379748
24.0,15.0,27.0,525.780356685791,limit,LC4-,250.0,-8.474944174759496,33.899776699037986
24.0,15.0,27.0,525.780356685791,limit,LC4-,300.0,-8.474944174759496,28.24981391586499
24.0,15.0,27.0,525.780356685791,limit,LC5,150.0,1.331064,8.87376
24.0,15.0,27.0,525.780356685791,limit,LC5,200.0,1.331064,6.65532
24.0,15.0,27.0,525.780356685791,limit,LC5,250.0,1.331064,5.324256
24.0,15.0,27.0,525.780356685791,limit,LC5,300.0,1.331064,4.43688
24.0,15.0,27.0,525.780356685791,ultimate,LC0,150.0,1.3414978723404254,8.943319148936169
24.0,15.0,27.0,525.780356685791,ultimate,LC0,200.0,1.3414978723404254,6.707489361702127
24.0,15.0,27.0,525.780356685791,ultimate,LC0,250.0,1.3414978723404254,5.365991489361702
24.0,15.0,27.0,525.780356685791,ultimate,LC0,300.0,1.3414978723404254,4.4716595744680845
24.0,15.0,27.0,525.780356685791,ultimate,LC1,150.0,4.5036,30.023999999999997
24.0,15.0,27.0,525.780356685791,ultimate,LC1,200.0,4.5036,22.517999999999997
24.0,15.0,27.0,525.780356685791,ultimate,LC1,250.0,4.5036,18.0144
24.0,15.0,27.0,525.780356685791,ultimate,LC1,300.0,4.5036,15.011999999999999
24.0,15.0,27.0,525.780356685791,ultimate,LC2A,150.0,4.5036,30.023999999999997
24.0,15.0,27.0,525.780356685791,ultimate,LC2A,200.0,4.5036,22.517999999999997
24.0,15.0,27.0,525.780356685791,ultimate,LC2A,250.0,4.5036,18.0144
24.0,15.0,27.0,525.780356685791,ultimate,LC2A,300.0,4.5036,15.011999999999999
24.0,15.0,27.0,525.780356685791,ultimate,LC2B,150.0,4.5036,30.023999999999997
24.0,15.0,27.0,525.780356685791,ultimate,LC2B,200.0,4.5036,22.517999999999997
24.0,15.0,27.0,525.780356685791,ultimate,LC2B,250.0,4.5036,18.0144
24.0,15.0,27.0,525.780356685791,ultimate,LC2B,300.0,4.5036,15.011999999999999
24.0,15.0,27.0,525.780356685791,ultimate,LC3,150.0,4.5036,30.023999999999997
24.0,15.0,27.0,525.780356685791,ultimate,LC3,200.0,4.5036,22.517999999999997
24.0,15.0,27.0,525.780356685791,ultimate,LC3,250.0,4.5036,18.0144
24.0,15.0,27.0,525.780356685791,ultimate,LC3,300.0,4.5036,15.011999999999999
24.0,15.0,27.0,525.780356685791,ultimate,LC4+,150.0,16.705608262139247,111.37072174759498
24.0,15.0,27.0,525.780356685791,ultimate,LC4+,200.0,16.705608262139247,83.52804131069622
24.0,15.0,27.0,525.780356685791,ultimate,LC4+,250.0,16.705608262139247,66.82243304855699
24.0,15.0,27.0,525.780356685791,ultimate,LC4+,300.0,16.705608262139247,55.68536087379749
24.0,15.0,27.0,525.780356685791,ultimate,LC4-,150.0,-12.712416262139245,84.74944174759497
24.0,15.0,27.0,525.780356685791,ultimate,LC4-,200.0,-12.712416262139245,63.56208131069622
24.0,15.0,27.0,525.780356685791,ultimate,LC4-,250.0,-12.712416262139245,50.84966504855698
24.0,15.0,27.0,525.780356685791,ultimate,LC4-,300.0,-12.712416262139245,42.374720873797486
24.0,15.0,27.0,525.780356685791,ultimate,LC5,150.0,1.9965960000000005,13.310640000000003
24.0,15.0,27.0,525.780356685791,ultimate,LC5,200.0,1.9965960000000005,9.982980000000001
24.0,15.0,27.0,525.780356685791,ultimate,LC5,250.0,1.9965960000000005,7.986384000000002
24.0,15.0,27.0,525.780356685791,ultimate,LC5,300.0,1.9965960000000005,6.6553200000000015
24.0,20.0,32.0,530.780356685791,limit,LC0,150.0,0.894331914893617,5.962212765957447
24.0,20.0,32.0,530.780356685791,limit,LC0,200.0,0.894331914893617,4.4716595744680845
24.0,20.0,32.0,530.780356685791,limit,LC0,250.0,0.894331914893617,3.577327659574468
24.0,20.0,32.0,530.780356685791,limit,LC0,300.0,0.894331914893617,2.9811063829787234
24.0,20.0,32.0,530.780356685791,limit,LC1,150.0,3.0023999999999997,20.016
24.0,20.0,32.0,530.780356685791,limit,LC1,200.0,3.0023999999999997,15.011999999999999
24.0,20.0,32.0,530.780356685791,limit,LC1,250.0,3.0023999999999997,12.009599999999999
24.0,20.0,32.0,530.780356685791,limit,LC1,300.0,3.0023999999999997,10.008
24.0,20.0,32.0,530.780356685791,limit,LC2A,150.0,3.0023999999999997,20.016
24.0,20.0,32.0,530.780356685791,limit,LC2A,200.0,3.0023999999999997,15.011999999999999
24.0,20.0,32.0,530.780356685791,limit,LC2A,250.0,3.0023999999999997,12.009599999999999
24.0,20.0,32.0,530.780356685791,limit,LC2A,300.0,3.0023999999999997,10.008
24.0,20.0,32.0,530.780356685791,limit,LC2B,150.0,3.0023999999999997,20.016
24.0,20.0,32.0,530.780356685791,limit,LC2B,200.0,3.0023999999999997,15.011999999999999
24.0,20.0,32.0,530.780356685791,limit,LC2B,250.0,3.0023999999999997,12.009599999999999
24.0,20.0,32.0,530.780356685791,limit,LC2B,300.0,3.0023999999999997,10.008
24.0,20.0,32.0,530.780356685791,limit,LC3,150.0,3.0023999999999997,20.016
24.0,20.0,32.0,530.780356685791,limit,LC3,200.0,3.0023999999999997,15.011999999999999
24.0,20.0,32.0,530.780356685791,limit,LC3,250.0,3.0023999999999997,12.009599999999999
24.0,20.0,32.0,530.780356685791,limit,LC3,300.0,3.0023999999999997,10.008
24.0,20.0,32.0,530.780356685791,limit,LC4+,150.0,11.178772174759496,74.52514783172998
24.0,20.0,32.0,530.780356685791,limit,LC4+,200.0,11.178772174759496,55.89386087379748
24.0,20.0,32.0,530.780356685791,limit,LC4+,250.0,11.178772174759496,44.715088699037985
24.0,20.0,32.0,530.780356685791,limit,LC4+,300.0,11.178772174759496,37.26257391586499
24.0,20.0,32.0,530.780356685791,limit,LC4-,150.0,-8.516644174759497,56.77762783172998
24.0,20.0,32.0,530.780356685791,limit,LC4-,200.0,-8.516644174759497,42.58322087379748
24.0,20.0,32.0,530.780356685791,limit,LC4-,250.0,-8.516644174759497,34.06657669903799
24.0,20.0,32.0,530.780356685791,limit,LC4-,300.0,-8.516644174759497,28.38881391586499
24.0,20.0,32.0,530.780356685791,limit,LC5,150.0,1.331064,8.87376
24.0,20.0,32.0,530.780356685791,limit,LC5,200.0,1.331064,6.65532
24.0,20.0,32.0,530.780356685791,limit,LC5,250.0,1.331064,5.324256
24.0,20.0,32.0,530.780356685791,limit,LC5,300.0,1.331064,4.43688
24.0,20.0,32.0,530.780356685791,ultimate,LC0,150.0,1.3414978723404254,8.943319148936169
24.0,20.0,32.0,530.780356685791,ultimate,LC0,200.0,1.3414978723404254,6.707489361702127
24.0,20.0,32.0,530.780356685791,ultimate,LC0,250.0,1.3414978723404254,5.365991489361702
24.0,20.0,32.0,530.780356685791,ultimate,LC0,300.0,1.3414978723404254,4.4716595744680845
24.0,20.0,32.0,530.780356685791,ultimate,LC1,150.0,4.5036,30.023999999999997
24.0,20.0,32.0,530.780356685791,ultimate,LC1,200.0,4.5036,22.517999999999997
24.0,20.0,32.0,530.780356685791,ultimate,LC1,250.0,4.5036,18.0144
24.0,20.0,32.0,530.780356685791,ultimate,LC1,300.0,4.5036,15.011999999999999
24.0,20.0,32.0,530.780356685791,ultimate,LC2A,150.0,4.5036,30.023999999999997
24.0,20.0,32.0,530.780356685791,ultimate,LC2A,200.0,4.5036,22.517999999999997
24.0,20.0,32.0,530.780356685791,ultimate,LC2A,250.0,4.5036,18.0144
24.0,20.0,32.0,530.780356685791,ultimate,LC2A,300.0,4.5036,15.011999999999999
24.0,20.0,32.0,530.780356685791,ultimate,LC2B,150.0,4.5036,30.023999999999997
24.0,20.0,32.0,530.780356685791,ultimate,LC2B,200.0,4.5036,22.517999999999997
24.0,20.0,32.0,530.780356685791,ultimate,LC2B,250.0,4.5036,18.0144
24.0,20.0,32.0,530.780356685791,ultimate,LC2B,300.0,4.5036,15.011999999999999
24.0,20.0,32.0,530.780356685791,ultimate,LC3,150.0,4.5036,30.023999999999997
24.0,20.0,32.0,530.780356685791,ultimate,LC3,200.0,4.5036,22.517999999999997
24.0,20.0,32.0,530.780356685791,ultimate,LC3,250.0,4.5036,18.0144
24.0,20.0,32.0,530.780356685791,ultimate,LC3,300.0,4.5036,15.011999999999999
24.0,20.0,32.0,530.780356685791,ultimate,LC4+,150.0,16.76815826213925,111.787721747595
24.0,20.0,32.0,530.780356685791,ultimate,LC4+,200.0,16.76815826213925,83.84079131069623
24.0,20.0,32.0,530.780356685791,ultimate,LC4+,250.0,16.76815826213925,67.072633048557
24.0,20.0,32.0,530.780356685791,ultimate,LC4+,300.0,16.76815826213925,55.8938608737975
24.0,20.0,32.0,530.780356685791,ultimate,LC4-,150.0,-12.774966262139246,85.16644174759497
24.0,20.0,32.0,530.780356685791,ultimate,LC4-,200.0,-12.774966262139246,63.87483131069623
24.0,20.0,32.0,530.780356685791,ultimate,LC4-,250.0,-12.774966262139246,51.099865048556985
24.0,20.0,32.0,530.780356685791,ultimate,LC4-,300.0,-12.774966262139246,42.58322087379749
24.0,20.0,32.0,530.780356685791,ultimate,LC5,150.0,1.9965960000000005,13.310640000000003
24.0,20.0,32.0,530.780356685791,ultimate,LC5,200.0,1.9965960000000005,9.982980000000001
24.0,20.0,32.0,530.780356685791,ultimate,LC5,250.0,1.9965960000000005,7.986384000000002
24.0,20.0,32.0,530.780356685791,ultimate,LC5,300.0,1.9965960000000005,6.6553200000000015
26.0,5.0,18.0,516.780356685791,limit,LC0,150.0,0.894331914893617,5.962212765957447
26.0,5.0,18.0,516.780356685791,limit,LC0,200.0,0.894331914893617,4.4716595744680845
26.0,5.0,18.0,516.780356685791,limit,LC0,250.0,0.894331914893617,3.577327659574468
26.0,5.0,18.0,516.780356685791,limit,LC0,300.0,0.894331914893617,2.9811063829787234
26.0,5.0,18.0,516.780356685791,limit,LC1,150.0,3.0023999999999997,20.016
26.0,5.0,18.0,516.780356685791,limit,LC1,200.0,3.0023999999999997,15.011999999999999
26.0,5.0,18.0,516.780356685791,limit,LC1,250.0,3.0023999999999997,12.009599999999999
26.0,5.0,18.0,516.780356685791,limit,LC1,300.0,3.0023999999999997,10.008
26.0,5.0,18.0,516.780356685791,limit,LC2A,150.0,3.0023999999999997,20.016
26.0,5.0,18.0,516.780356685791,limit,LC2A,200.0,3.0023999999999997,15.011999999999999
26.0,5.0,18.0,516.780356685791,limit,LC2A,250.0,3.0023999999999997,12.009599999999999
26.0,5.0,18.0,516.780356685791,limit,LC2A,300.0,3.0023999999999997,10.008
26.0,5.0,18.0,516.780356685791,limit,LC2B,150.0,3.0023999999999997,20.016
26.0,5.0,18.0,516.780356685791,limit,LC2B,200.0,3.0023999999999997,15.011999999999999
26.0,5.0,18.0,516.780356685791,limit,LC2B,250.0,3.0023999999999997,12.009599999999999
26.0,5.0,18.0,516.780356685791,limit,LC2B,300.0,3.0023999999999997,10.008
26.0,5.0,18.0,516.780356685791,limit,LC3,150.0,3.0023999999999997,20.016
26.0,5.0,18.0,516.780356685791,limit,LC3,200.0,3.0023999999999997,15.011999999999999
26.0,5.0,18.0,516.780356685791,limit,LC3,250.0,3.0023999999999997,12.009599999999999
26.0,5.0,18.0,516.780356685791,limit,LC3,300.0,3.0023999999999997,10.008
26.0,5.0,18.0,516.780356685791,limit,LC4+,150.0,11.062012174759497,73.74674783172998
26.0,5.0,18.0,516.780356685791,limit,LC4+,200.0,11.062012174759497,55.31006087379748
26.0,5.0,18.0,516.780356685791,limit,LC4+,250.0,11.062012174759497,44.24804869903799
26.0,5.0,18.0,516.780356685791,limit,LC4+,300.0,11.062012174759497,36.87337391586499
26.0,5.0,18.0,516.780356685791,limit,LC4-,150.0,-8.399884174759498,55.99922783172999
26.0,5.0,18.0,516.780356685791,limit,LC4-,200.0,-8.399884174759498,41.99942087379748
26.0,5.0,18.0,516.780356685791,limit,LC4-,250.0,-8.399884174759498,33.59953669903799
26.0,5.0,18.0,516.780356685791,limit,LC4-,300.0,-8.399884174759498,27.999613915864995
26.0,5.0,18.0,516.780356685791,limit,LC5,150.0,1.331064,8.87376
26.0,5.0,18.0,516.780356685791,limit,LC5,200.0,1.331064,6.65532
26.0,5.0,18.0,516.780356685791,limit,LC5,250.0,1.331064,5.324256
26.0,5.0,18.0,516.780356685791,limit,LC5,300.0,1.331064,4.43688
26.0,5.0,18.0,516.780356685791,ultimate,LC0,150.0,1.3414978723404254,8.943319148936169
26.0,5.0,18.0,516.780356685791,ultimate,LC0,200.0,1.3414978723404254,6.707489361702127
26.0,5.0,18.0,516.780356685791,ultimate,LC0,250.0,1.3414978723404254,5.365991489361702
26.0,5.0,18.0,516.780356685791,ultimate,LC0,300.0,1.3414978723404254,4.4716595744680845
26.0,5.0,18.0,516.780356685791,ultimate,LC1,150.0,4.5036,30.023999999999997
26.0,5.0,18.0,516.780356685791,ultimate,LC1,200.0,4.5036,22.517999999999997
26.0,5.0,18.0,516.780356685791,ultimate,LC1,250.0,4.5036,18.0144
26.0,5.0,18.0,516.780356685791,ultimate,LC1,300.0,4.5036,15.011999999999999
26.0,5.0,18.0,516.780356685791,ultimate,LC2A,150.0,4.5036,30.023999999999997
26.0,5.0,18.0,516.780356685791,ultimate,LC2A,200.0,4.5036,22.517999999999997
26.0,5.0,18.0,516.780356685791,ultimate,LC2A,250.0,4.5036,18.0144
26.0,5.0,18.0,516.780356685791,ultimate,LC2A,300.0,4.5036,15.011999999999999
26.0,5.0,18.0,516.780356685791,ultimate,LC2B,150.0,4.5036,30.023999999999997
26.0,5.0,18.0,516.780356685791,ultimate,LC2B,200.0,4.5036,22.517999999999997
26.0,5.0,18.0,516.780356685791,ultimate,LC2B,250.0,4.5036,18.0144
26.0,5.0,18.0,516.780356685791,ultimate,LC2B,300.0,4.5036,15.011999999999999
26.0,5.0,18.0,516.780356685791,ultimate,LC3,150.0,4.5036,30.023999999999997
26.0,5.0,18.0,516.780356685791,ultimate,LC3,200.0,4.5036,22.517999999999997
26.0,5.0,18.0,516.780356685791,ultimate,LC3,250.0,4.5036,18.0144
26.0,5.0,18.0,516.780356685791,ultimate,LC3,300.0,4.5036,15.011999999999999
26.0,5.0,18.0,516.780356685791,ultimate,LC4+,150.0,16.593018262139246,110.62012174759498
26.0,5.0,18.0,516.780356685791,ultimate,LC4+,200.0,16.593018262139246,82.96509131069622
26.0,5.0,18.0,516.780356685791,ultimate,LC4+,250.0,16.593018262139246,66.37207304855698
26.0,5.0,18.0,516.780356685791,ultimate,LC4+,300.0,16.593018262139246,55.31006087379749
26.0,5.0,18.0,516.780356685791,ultimate,LC4-,150.0,-12.599826262139246,83.99884174759498
26.0,5.0,18.0,516.780356685791,ultimate,LC4-,200.0,-12.599826262139246,62.99913131069623
26.0,5.0,18.0,516.780356685791,ultimate,LC4-,250.0,-12.599826262139246,50.39930504855698
26.0,5.0,18.0,516.780356685791,ultimate,LC4-,300.0,-12.599826262139246,41.99942087379749
26.0,5.0,18.0,516.780356685791,ultimate,LC5,150.0,1.9965960000000005,13.310640000000003
26.0,5.0,18.0,516.780356685791,ultimate,LC5,200.0,1.9965960000000005,9.982980000000001
26.0,5.0,18.0,516.780356685791,ultimate,LC5,250.0,1.9965960000000005,7.986384000000002
26.0,5.0,18.0,516.780356685791,ultimate,LC5,300.0,1.9965960000000005,6.6553200000000015
26.0,10.0,23.0,521.780356685791,limit,LC0,150.0,0.894331914893617,5.962212765957447
26.0,10.0,23.0,521.780356685791,limit,LC0,200.0,0.894331914893617,4.4716595744680845
26.0,10.0,23.0,521.780356685791,limit,LC0,250.0,0.894331914893617,3.577327659574468
26.0,10.0,23.0,521.780356685791,limit,LC0,300.0,0.894331914893617,2.9811063829787234
26.0,10.0,23.0,521.780356685791,limit,LC1,150.0,3.0023999999999997,20.016
26.0,10.0,23.0,521.780356685791,limit,LC1,200.0,3.0023999999999997,15.011999999999999
26.0,10.0,23.0,521.780356685791,limit,LC1,250.0,3.0023999999999997,12.009599999999999
26.0,10.0,23.0,521.780356685791,limit,LC1,300.0,3.0023999999999997,10.008
26.0,10.0,23.0,521.780356685791,limit,LC2A,150.0,3.0023999999999997,20.016
26.0,10.0,23.0,521.780356685791,limit,LC2A,200.0,3.0023999999999997,15.011999999999999
26.0,10.0,23.0,521.780356685791,limit,LC2A,250.0,3.0023999999999997,12.009599999999999
26.0,10.0,23.0,521.780356685791,limit,LC2A,300.0,3.0023999999999997,10.008
26.0,10.0,23.0,521.780356685791,limit,LC2B,150.0,3.0023999999999997,20.016
26.0,10.0,23.0,521.780356685791,limit,LC2B,200.0,3.0023999999999997,15.011999999999999
26.0,10.0,23.0,521.780356685791,limit,LC2B,250.0,3.0023999999999997,12.009599999999999
26.0,10.0,23.0,521.780356685791,limit,LC2B,300.0,3.0023999999999997,10.008
26.0,10.0,23.0,521.780356685791,limit,LC3,150.0,3.0023999999999997,20.016
26.0,10.0,23.0,521.780356685791,limit,LC3,200.0,3.0023999999999997,15.011999999999999
26.0,10.0,23.0,521.780356685791,limit,LC3,250.0,3.0023999999999997,12.009599999999999
26.0,10.0,23.0,521.780356685791,limit,LC3,300.0,3.0023999999999997,10.008
26.0,10.0,23.0,521.780356685791,limit,LC4+,150.0,11.103712174759496,74.02474783172997
26.0,10.0,23.0,521.780356685791,limit,LC4+,200.0,11.103712174759496,55.518560873797476
26.0,10.0,23.0,521.780356685791,limit,LC4+,250.0,11.103712174759496,44.41484869903798
26.0,10.0,23.0,521.780356685791,limit,LC4+,300.0,11.103712174759496,37.012373915864984
26.0,10.0,23.0,521.780356685791,limit,LC4-,150.0,-8.441584174759496,56.27722783172998
26.0,10.0,23.0,521.780356685791,limit,LC4-,200.0,-8.441584174759496,42.20792087379748
26.0,10.0,23.0,521.780356685791,limit,LC4-,250.0,-8.441584174759496,33.766336699037986
26.0,10.0,23.0,521.780356685791,limit,LC4-,300.0,-8.441584174759496,28.13861391586499
26.0,10.0,23.0,521.780356685791,limit,LC5,150.0,1.331064,8.87376
26.0,10.0,23.0,521.780356685791,limit,LC5,200.0,1.331064,6.65532
26.0,10.0,23.0,521.780356685791,limit,LC5,250.0,1.331064,5.324256
26.0,10.0,23.0,521.780356685791,limit,LC5,300.0,1.331064,4.43688
26.0,10.0,23.0,521.780356685791,ultimate,LC0,150.0,1.3414978723404254,8.943319148936169
26.0,10.0,23.0,521.780356685791,ultimate,LC0,200.0,1.3414978723404254,6.707489361702127
26.0,10.0,23.0,521.780356685791,ultimate,LC0,250.0,1.3414978723404254,5.365991489361702
26.0,10.0,23.0,521.780356685791,ultimate,LC0,300.0,1.3414978723404254,4.4716595744680845
26.0,10.0,23.0,521.780356685791,ultimate,LC1,150.0,4.5036,30.023999999999997
26.0,10.0,23.0,521.780356685791,ultimate,LC1,200.0,4.5036,22.517999999999997
26.0,10.0,23.0,521.780356685791,ultimate,LC1,250.0,4.5036,18.0144
26.0,10.0,23.0,521.780356685791,ultimate,LC1,300.0,4.5036,15.011999999999999
26.0,10.0,23.0,521.780356685791,ultimate,LC2A,150.0,4.5036,30.023999999999997
26.0,10.0,23.0,521.780356685791,ultimate,LC2A,200.0,4.5036,22.517999999999997
26.0,10.0,23.0,521.780356685791,ultimate,LC2A,250.0,4.5036,18.0144
26.0,10.0,23.0,521.780356685791,ultimate,LC2A,300.0,4.5036,15.011999999999999
26.0,10.0,23.0,521.780356685791,ultimate,LC2B,150.0,4.5036,30.023999999999997
26.0,10.0,23.0,521.780356685791,ultimate,LC2B,200.0,4.5036,22.517999999999997
26.0,10.0,23.0,521.780356685791,ultimate,LC2B,250.0,4.5036,18.0144
26.0,10.0,23.0,521.780356685791,ultimate,LC2B,300.0,4.5036,15.011999999999999
26.0,10.0,23.0,521.780356685791,ultimate,LC3,150.0,4.5036,30.023999999999997
26.0,10.0,23.0,521.780356685791,ultimate,LC3,200.0,4.5036,22.517999999999997
26.0,10.0,23.0,521.780356685791,ultimate,LC3,250.0,4.5036,18.0144
26.0,10.0,23.0,521.780356685791,ultimate,LC3,300.0,4.5036,15.011999999999999
26.0,10.0,23.0,521.780356685791,ultimate,LC4+,150.0,16.655568262139244,111.03712174759497
26.0,10.0,23.0,521.780356685791,ultimate,LC4+,200.0,16.655568262139244,83.27784131069622
26.0,10.0,23.0,521.780356685791,ultimate,LC4+,250.0,16.655568262139244,66.62227304855698
26.0,10.0,23.0,521.780356685791,ultimate,LC4+,300.0,16.655568262139244,55.51856087379748
26.0,10.0,23.0,521.780356685791,ultimate,LC4-,150.0,-12.662376262139244,84.41584174759497
26.0,10.0,23.0,521.780356685791,ultimate,LC4-,200.0,-12.662376262139244,63.311881310696215
26.0,10.0,23.0,521.780356685791,ultimate,LC4-,250.0,-12.662376262139244,50.649505048556975
26.0,10.0,23.0,521.780356685791,ultimate,LC4-,300.0,-12.662376262139244,42.207920873797484
26.0,10.0,23.0,521.780356685791,ultimate,LC5,150.0,1.9965960000000005,13.310640000000003
26.0,10.0,23.0,521.780356685791,ultimate,LC5,200.0,1.9965960000000005,9.982980000000001
26.0,10.0,23.0,521.780356685791,ultimate,LC5,250.0,1.9965960000000005,7.986384000000002
26.0,10.0,23.0,521.780356685791,ultimate,LC5,300.0,1.9965960000000005,6.6553200000000015
26.0,15.0,28.0,526.780356685791,limit,LC0,150.0,0.894331914893617,5.962212765957447
26.0,15.0,28.0,526.780356685791,limit,LC0,200.0,0.894331914893617,4.4716595744680845
26.0,15.0,28.0,526.780356685791,limit,LC0,250.0,0.894331914893617,3.577327659574468
26.0,15.0,28.0,526.780356685791,limit,LC0,300.0,0.894331914893617,2.9811063829787234
26.0,15.0,28.0,526.780356685791,limit,LC1,150.0,3.0023999999999997,20.016
26.0,15.0,28.0,526.780356685791,limit,LC1,200.0,3.0023999999999997,15.011999999999999
26.0,15.0,28.0,526.780356685791,limit,LC1,250.0,3.0023999999999997,12.009599999999999
26.0,15.0,28.0,526.780356685791,limit,LC1,300.0,3.0023999999999997,10.008
26.0,15.0,28.0,526.780356685791,limit,LC2A,150.0,3.0023999999999997,20.016
26.0,15.0,28.0,526.780356685791,limit,LC2A,200.0,3.0023999999999997,15.011999999999999
26.0,15.0,28.0,526.780356685791,limit,LC2A,250.0,3.0023999999999997,12.009599999999999
26.0,15.0,28.0,526.780356685791,limit,LC2A,300.0,3.0023999999999997,10.008
26.0,15.0,28.0,526.780356685791,limit,LC2B,150.0,3.0023999999999997,20.016
26.0,15.0,28.0,526.780356685791,limit,LC2B,200.0,3.0023999999999997,15.011999999999999
26.0,15.0,28.0,526.780356685791,limit,LC2B,250.0,3.0023999999999997,12.009599999999999
26.0,15.0,28.0,526.780356685791,limit,LC2B,300.0,3.0023999999999997,10.008
26.0,15.0,28.0,526.780356685791,limit,LC3,150.0,3.0023999999999997,20.016
26.0,15.0,28.0,526.780356685791,limit,LC3,200.0,3.0023999999999997,15.011999999999999
26.0,15.0,28.0,526.780356685791,limit,LC3,250.0,3.0023999999999997,12.009599999999999
26.0,15.0,28.0,526.780356685791,limit,LC3,300.0,3.0023999999999997,10.008
26.0,15.0,28.0,526.780356685791,limit,LC4+,150.0,11.145412174759496,74.30274783172997
26.0,15.0,28.0,526.780356685791,limit,LC4+,200.0,11.145412174759496,55.72706087379748
26.0,15.0,28.0,526.780356685791,limit,LC4+,250.0,11.145412174759496,44.581648699037984
26.0,15.0,28.0,526.780356685791,limit,LC4+,300.0,11.145412174759496,37.15137391586499
26.0,15.0,28.0,526.780356685791,limit,LC4-,150.0,-8.483284174759497,56.55522783172998
26.0,15.0,28.0,526.780356685791,limit,LC4-,200.0,-8.483284174759497,42.416420873797485
26.0,15.0,28.0,526.780356685791,limit,LC4-,250.0,-8.483284174759497,33.93313669903799
26.0,15.0,28.0,526.780356685791,limit,LC4-,300.0,-8.483284174759497,28.27761391586499
26.0,15.0,28.0,526.780356685791,limit,LC5,150.0,1.331064,8.87376
26.0,15.0,28.0,526.780356685791,limit,LC5,200.0,1.331064,6.65532
26.0,15.0,28.0,526.780356685791,limit,LC5,250.0,1.331064,5.324256
26.0,15.0,28.0,526.780356685791,limit,LC5,300.0,1.331064,4.43688
26.0,15.0,28.0,526.780356685791,ultimate,LC0,150.0,1.3414978723404254,8.943319148936169
26.0,15.0,28.0,526.780356685791,ultimate,LC0,200.0,1.3414978723404254,6.707489361702127
26.0,15.0,28.0,526.780356685791,ultimate,LC0,250.0,1.3414978723404254,5.365991489361702
26.0,15.0,28.0,526.780356685791,ultimate,LC0,300.0,1.3414978723404254,4.4716595744680845
26.0,15.0,28.0,526.780356685791,ultimate,LC1,150.0,4.5036,30.023999999999997
26.0,15.0,28.0,526.780356685791,ultimate,LC1,200.0,4.5036,22.517999999999997
26.0,15.0,28.0,526.780356685791,ultimate,LC1,250.0,4.5036,18.0144
26.0,15.0,28.0,526.780356685791,ultimate,LC1,300.0,4.5036,15.011999999999999
26.0,15.0,28.0,526.780356685791,ultimate,LC2A,150.0,4.5036,30.023999999999997
26.0,15.0,28.0,526.780356685791,ultimate,LC2A,200.0,4.5036,22.517999999999997
26.0,15.0,28.0,526.780356685791,ultimate,LC2A,250.0,4.5036,18.0144
26.0,15.0,28.0,526.780356685791,ultimate,LC2A,300.0,4.5036,15.011999999999999
26.0,15.0,28.0,526.780356685791,ultimate,LC2B,150.0,4.5036,30.023999999999997
26.0,15.0,28.0,526.780356685791,ultimate,LC2B,200.0,4.5036,22.517999999999997
26.0,15.0,28.0,526.780356685791,ultimate,LC2B,250.0,4.5036,18.0144
26.0,15.0,28.0,526.780356685791,ultimate,LC2B,300.0,4.5036,15.011999999999999
26.0,15.0,28.0,526.780356685791,ultimate,LC3,150.0,4.5036,30.023999999999997
26.0,15.0,28.0,526.780356685791,ultimate,LC3,200.0,4.5036,22.517999999999997
26.0,15.0,28.0,526.780356685791,ultimate,LC3,250.0,4.5036,18.0144
26.0,15.0,28.0,526.780356685791,ultimate,LC3,300.0,4.5036,15.011999999999999
26.0,15.0,28.0,526.780356685791,ultimate,LC4+,150.0,16.718118262139246,111.45412174759498
26.0,15.0,28.0,526.780356685791,ultimate,LC4+,200.0,16.718118262139246,83.59059131069623
26.0,15.0,28.0,526.780356685791,ultimate,LC4+,250.0,16.718118262139246,66.87247304855698
26.0,15.0,28.0,526.780356685791,ultimate,LC4+,300.0,16.718118262139246,55.72706087379749
26.0,15.0,28.0,526.780356685791,ultimate,LC4-,150.0,-12.724926262139245,84.83284174759497
26.0,15.0,28.0,526.780356685791,ultimate,LC4-,200.0,-12.724926262139245,63.62463131069622
26.0,15.0,28.0,526.780356685791,ultimate,LC4-,250.0,-12.724926262139245,50.89970504855698
26.0,15.0,28.0,526.780356685791,ultimate,LC4-,300.0,-12.724926262139245,42.416420873797485
26.0,15.0,28.0,526.780356685791,ultimate,LC5,150.0,1.9965960000000005,13.310640000000003
26.0,15.0,28.0,526.780356685791,ultimate,LC5,200.0,1.9965960000000005,9.982980000000001
26.0,15.0,28.0,526.780356685791,ultimate,LC5,250.0,1.9965960000000005,7.986384000000002
26.0,15.0,28.0,526.780356685791,ultimate,LC5,300.0,1.9965960000000005,6.6553200000000015
26.0,20.0,33.0,531.780356685791,limit,LC0,150.0,0.894331914893617,5.962212765957447
26.0,20.0,33.0,531.780356685791,limit,LC0,200.0,0.894331914893617,4.4716595744680845
26.0,20.0,33.0,531.780356685791,limit,LC0,250.0,0.894331914893617,3.577327659574468
26.0,20.0,33.0,531.780356685791,limit,LC0,300.0,0.894331914893617,2.9811063829787234
26.0,20.0,33.0,531.780356685791,limit,LC1,150.0,3.0023999999999997,20.016
26.0,20.0,33.0,531.780356685791,limit,LC1,200.0,3.0023999999999997,15.011999999999999
26.0,20.0,33.0,531.780356685791,limit,LC1,250.0,3.0023999999999997,12.009599999999999
26.0,20.0,33.0,531.780356685791,limit,LC1,300.0,3.0023999999999997,10.008
26.0,20.0,33.0,531.780356685791,limit,LC2A,150.0,3.0023999999999997,20.016
26.0,20.0,33.0,531.780356685791,limit,LC2A,200.0,3.0023999999999997,15.011999999999999
26.0,20.0,33.0,531.780356685791,limit,LC2A,250.0,3.0023999999999997,12.009599999999999
26.0,20.0,33.0,531.780356685791,limit,LC2A,300.0,3.0023999999999997,10.008
26.0,20.0,33.0,531.780356685791,limit,LC2B,150.0,3.0023999999999997,20.016
26.0,20.0,33.0,531.780356685791,limit,LC2B,200.0,3.0023999999999997,15.011999999999999
26.0,20.0,33.0,531.780356685791,limit,LC2B,250.0,3.0023999999999997,12.009599999999999
26.0,20.0,33.0,531.780356685791,limit,LC2B,300.0,3.0023999999999997,10.008
26.0,20.0,33.0,531.780356685791,limit,LC3,150.0,3.0023999999999997,20.016
26.0,20.0,33.0,531.780356685791,limit,LC3,200.0,3.0023999999999997,15.011999999999999
26.0,20.0,33.0,531.780356685791,limit,LC3,250.0,3.0023999999999997,12.009599999999999
26.0,20.0,33.0,531.780356685791,limit,LC3,300.0,3.0023999999999997,10.008
26.0,20.0,33.0,531.780356685791,limit,LC4+,150.0,11.187112174759498,74.58074783173
26.0,20.0,33.0,531.780356685791,limit,LC4+,200.0,11.187112174759498,55.93556087379749
26.0,20.0,33.0,531.780356685791,limit,LC4+,250.0,11.187112174759498,44.74844869903799
26.0,20.0,33.0,531.780356685791,limit,LC4+,300.0,11.187112174759498,37.290373915865
26.0,20.0,33.0,531.780356685791,limit,LC4-,150.0,-8.5249841747595,56.83322783173
26.0,20.0,33.0,531.780356685791,limit,LC4-,200.0,-8.5249841747595,42.62492087379749
26.0,20.0,33.0,531.780356685791,limit,LC4-,250.0,-8.5249841747595,34.099936699038
26.0,20.0,33.0,531.780356685791,limit,LC4-,300.0,-8.5249841747595,28.416613915865
26.0,20.0,33.0,531.780356685791,limit,LC5,150.0,1.331064,8.87376
26.0,20.0,33.0,531.780356685791,limit,LC5,200.0,1.331064,6.65532
26.0,20.0,33.0,531.780356685791,limit,LC5,250.0,1.331064,5.324256
26.0,20.0,33.0,531.780356685791,limit,LC5,300.0,1.331064,4.43688
26.0,20.0,33.0,531.780356685791,ultimate,LC0,150.0,1.3414978723404254,8.943319148936169
26.0,20.0,33.0,531.780356685791,ultimate,LC0,200.0,1.3414978723404254,6.707489361702127
26.0,20.0,33.0,531.780356685791,ultimate,LC0,250.0,1.3414978723404254,5.365991489361702
26.0,20.0,33.0,531.780356685791,ultimate,LC0,300.0,1.3414978723404254,4.4716595744680845
26.0,20.0,33.0,531.780356685791,ultimate,LC1,150.0,4.5036,30.023999999999997
26.0,20.0,33.0,531.780356685791,ultimate,LC1,200.0,4.5036,22.517999999999997
26.0,20.0,33.0,531.780356685791,ultimate,LC1,250.0,4.5036,18.0144
26.0,20.0,33.0,531.780356685791,ultimate,LC1,300.0,4.5036,15.011999999999999
26.0,20.0,33.0,531.780356685791,ultimate,LC2A,150.0,4.5036,30.023999999999997
26.0,20.0,33.0,531.780356685791,ultimate,LC2A,200.0,4.5036,22.517999999999997
26.0,20.0,33.0,531.780356685791,ultimate,LC2A,250.0,4.5036,18.0144
26.0,20.0,33.0,531.780356685791,ultimate,LC2A,300.0,4.5036,15.011999999999999
26.0,20.0,33.0,531.780356685791,ultimate,LC2B,150.0,4.5036,30.023999999999997
26.0,20.0,33.0,531.780356685791,ultimate,LC2B,200.0,4.5036,22.517999999999997
26.0,20.0,33.0,531.780356685791,ultimate,LC2B,250.0,4.5036,18.0144
26.0,20.0,33.0,531.780356685791,ultimate,LC2B,300.0,4.5036,15.011999999999999
26.0,20.0,33.0,531.780356685791,ultimate,LC3,150.0,4.5036,30.023999999999997
26.0,20.0,33.0,531.780356685791,ultimate,LC3,200.0,4.5036,22.517999999999997
26.0,20.0,33.0,531.780356685791,ultimate,LC3,250.0,4.5036,18.0144
26.0,20.0,33.0,531.780356685791,ultimate,LC3,300.0,4.5036,15.011999999999999
26.0,20.0,33.0,531.780356685791,ultimate,LC4+,150.0,16.780668262139248,111.87112174759498
26.0,20.0,33.0,531.780356685791,ultimate,LC4+,200.0,16.780668262139248,83.90334131069623
26.0,20.0,33.0,531.780356685791,ultimate,LC4+,250.0,16.780668262139248,67.12267304855699
26.0,20.0,33.0,531.780356685791,ultimate,LC4+,300.0,16.780668262139248,55.93556087379749
26.0,20.0,33.0,531.780356685791,ultimate,LC4-,150.0,-12.787476262139247,85.24984174759499
26.0,20.0,33.0,531.780356685791,ultimate,LC4-,200.0,-12.787476262139247,63.93738131069623
26.0,20.0,33.0,531.780356685791,ultimate,LC4-,250.0,-12.787476262139247,51.14990504855699
26.0,20.0,33.0,531.780356685791,ultimate,LC4-,300.0,-12.787476262139247,42.62492087379749
26.0,20.0,33.0,531.780356685791,ultimate,LC5,150.0,1.9965960000000005,13.310640000000003
26.0,20.0,33.0,531.780356685791,ultimate,LC5,200.0,1.9965960000000005,9.982980000000001
26.0,20.0,33.0,531.780356685791,ultimate,LC5,250.0,1.9965960000000005,7.986384000000002
26.0,20.0,33.0,531.780356685791,ultimate,LC5,300.0,1.9965960000000005,6.6553200000000015
28.0,5.0,19.0,517.780356685791,limit,LC0,150.0,0.894331914893617,5.962212765957447
28.0,5.0,19.0,517.780356685791,limit,LC0,200.0,0.894331914893617,4.4716595744680845
28.0,5.0,19.0,517.780356685791,limit,LC0,250.0,0.894331914893617,3.577327659574468
28.0,5.0,19.0,517.780356685791,limit,LC0,300.0,0.894331914893617,2.9811063829787234
28.0,5.0,19.0,517.780356685791,limit,LC1,150.0,3.0023999999999997,20.016
28.0,5.0,19.0,517.780356685791,limit,LC1,200.0,3.0023999999999997,15.011999999999999
28.0,5.0,19.0,517.780356685791,limit,LC1,250.0,3.0023999999999997,12.009599999999999
28.0,5.0,19.0,517.780356685791,limit,LC1,300.0,3.0023999999999997,10.008
28.0,5.0,19.0,517.780356685791,limit,LC2A,150.0,3.0023999999999997,20.016
28.0,5.0,19.0,517.780356685791,limit,LC2A,200.0,3.0023999999999997,15.011999999999999
28.0,5.0,19.0,517.780356685791,limit,LC2A,250.0,3.0023999999999997,12.009599999999999
28.0,5.0,19.0,517.780356685791,limit,LC2A,300.0,3.0023999999999997,10.008
28.0,5.0,19.0,517.780356685791,limit,LC2B,150.0,3.0023999999999997,20.016
28.0,5.0,19.0,517.780356685791,limit,LC2B,200.0,3.0023999999999997,15.011999999999999
28.0,5.0,19.0,517.780356685791,limit,LC2B,250.0,3.0023999999999997,12.009599999999999
28.0,5.0,19.0,517.780356685791,limit,LC2B,300.0,3.0023999999999997,10.008
28.0,5.0,19.0,517.780356685791,limit,LC3,150.0,3.0023999999999997,20.016
28.0,5.0,19.0,517.780356685791,limit,LC3,200.0,3.0023999999999997,15.011999999999999
28.0,5.0,19.0,517.780356685791,limit,LC3,250.0,3.0023999999999997,12.009599999999999
28.0,5.0,19.0,517.780356685791,limit,LC3,300.0,3.0023999999999997,10.008
28.0,5.0,19.0,517.780356685791,limit,LC4+,150.0,11.070352174759496,73.80234783172997
28.0,5.0,19.0,517.780356685791,limit,LC4+,200.0,11.070352174759496,55.351760873797474
28.0,5.0,19.0,517.780356685791,limit,LC4+,250.0,11.070352174759496,44.28140869903798
28.0,5.0,19.0,517.780356685791,limit,LC4+,300.0,11.070352174759496,36.90117391586499
28.0,5.0,19.0,517.780356685791,limit,LC4-,150.0,-8.408224174759496,56.05482783172998
28.0,5.0,19.0,517.780356685791,limit,LC4-,200.0,-8.408224174759496,42.04112087379748
28.0,5.0,19.0,517.780356685791,limit,LC4-,250.0,-8.408224174759496,33.632896699037985
28.0,5.0,19.0,517.780356685791,limit,LC4-,300.0,-8.408224174759496,28.02741391586499
28.0,5.0,19.0,517.780356685791,limit,LC5,150.0,1.331064,8.87376
28.0,5.0,19.0,517.780356685791,limit,LC5,200.0,1.331064,6.65532
28.0,5.0,19.0,517.780356685791,limit,LC5,250.0,1.331064,5.324256
28.0,5.0,19.0,517.780356685791,limit,LC5,300.0,1.331064,4.43688
28.0,5.0,19.0,517.780356685791,ultimate,LC0,150.0,1.3414978723404254,8.943319148936169
28.0,5.0,19.0,517.780356685791,ultimate,LC0,200.0,1.3414978723404254,6.707489361702127
28.0,5.0,19.0,517.780356685791,ultimate,LC0,250.0,1.3414978723404254,5.365991489361702
28.0,5.0,19.0,517.780356685791,ultimate,LC0,300.0,1.3414978723404254,4.4716595744680845
28.0,5.0,19.0,517.780356685791,ultimate,LC1,150.0,4.5036,30.023999999999997
28.0,5.0,19.0,517.780356685791,ultimate,LC1,200.0,4.5036,22.517999999999997
28.0,5.0,19.0,517.780356685791,ultimate,LC1,250.0,4.5036,18.0144
28.0,5.0,19.0,517.780356685791,ultimate,LC1,300.0,4.5036,15.011999999999999
28.0,5.0,19.0,517.780356685791,ultimate,LC2A,150.0,4.5036,30.023999999999997
28.0,5.0,19.0,517.780356685791,ultimate,LC2A,200.0,4.5036,22.517999999999997
28.0,5.0,19.0,517.780356685791,ultimate,LC2A,250.0,4.5036,18.0144
28.0,5.0,19.0,517.780356685791,ultimate,LC2A,300.0,4.5036,15.011999999999999
28.0,5.0,19.0,517.780356685791,ultimate,LC2B,150.0,4.5036,30.023999999999997
28.0,5.0,19.0,517.780356685791,ultimate,LC2B,200.0,4.5036,22.517999999999997
28.0,5.0,19.0,517.780356685791,ultimate,LC2B,250.0,4.5036,18.0144
28.0,5.0,19.0,517.780356685791,ultimate,LC2B,300.0,4.5036,15.011999999999999
28.0,5.0,19.0,517.780356685791,ultimate,LC3,150.0,4.5036,30.023999999999997
28.0,5.0,19.0,517.780356685791,ultimate,LC3,200.0,4.5036,22.517999999999997
28.0,5.0,19.0,517.780356685791,ultimate,LC3,250.0,4.5036,18.0144
28.0,5.0,19.0,517.780356685791,ultimate,LC3,300.0,4.5036,15.011999999999999
28.0,5.0,19.0,517.780356685791,ultimate,LC4+,150.0,16.605528262139245,110.70352174759498
28.0,5.0,19.0,517.780356685791,ultimate,LC4+,200.0,16.605528262139245,83.02764131069623
28.0,5.0,19.0,517.780356685791,ultimate,LC4+,250.0,16.605528262139245,66.42211304855698
28.0,5.0,19.0,517.780356685791,ultimate,LC4+,300.0,16.605528262139245,55.35176087379749
28.0,5.0,19.0,517.780356685791,ultimate,LC4-,150.0,-12.612336262139245,84.08224174759496
28.0,5.0,19.0,517.780356685791,ultimate,LC4-,200.0,-12.612336262139245,63.06168131069622
28.0,5.0,19.0,517.780356685791,ultimate,LC4-,250.0,-12.612336262139245,50.44934504855698
28.0,5.0,19.0,517.780356685791,ultimate,LC4-,300.0,-12.612336262139245,42.04112087379748
28.0,5.0,19.0,517.780356685791,ultimate,LC5,150.0,1.9965960000000005,13.310640000000003
28.0,5.0,19.0,517.780356685791,ultimate,LC5,200.0,1.9965960000000005,9.982980000000001
28.0,5.0,19.0,517.780356685791,ultimate,LC5,250.0,1.9965960000000005,7.986384000000002
28.0,5.0,19.0,517.780356685791,ultimate,LC5,300.0,1.9965960000000005,6.6553200000000015
28.0,10.0,24.0,522.780356685791,limit,LC0,150.0,0.894331914893617,5.962212765957447
28.0,10.0,24.0,522.780356685791,limit,LC0,200.0,0.894331914893617,4.4716595744680845
28.0,10.0,24.0,522.780356685791,limit,LC0,250.0,0.894331914893617,3.577327659574468
28.0,10.0,24.0,522.780356685791,limit,LC0,300.0,0.894331914893617,2.9811063829787234
28.0,10.0,24.0,522.780356685791,limit,LC1,150.0,3.0023999999999997,20.016
28.0,10.0,24.0,522.780356685791,limit,LC1,200.0,3.0023999999999997,15.011999999999999
28.0,10.0,24.0,522.780356685791,limit,LC1,250.0,3.0023999999999997,12.009599999999999
28.0,10.0,24.0,522.780356685791,limit,LC1,300.0,3.0023999999999997,10.008
28.0,10.0,24.0,522.780356685791,limit,LC2A,150.0,3.0023999999999997,20.016
28.0,10.0,24.0,522.780356685791,limit,LC2A,200.0,3.0023999999999997,15.011999999999999
28.0,10.0,24.0,522.780356685791,limit,LC2A,250.0,3.0023999999999997,12.009599999999999
28.0,10.0,24.0,522.780356685791,limit,LC2A,300.0,3.0023999999999997,10.008
28.0,10.0,24.0,522.780356685791,limit,LC2B,150.0,3.0023999999999997,20.016
28.0,10.0,24.0,522.780356685791,limit,LC2B,200.0,3.0023999999999997,15.011999999999999
28.0,10.0,24.0,522.780356685791,limit,LC2B,250.0,3.0023999999999997,12.009599999999999
28.0,10.0,24.0,522.780356685791,limit,LC2B,300.0,3.0023999999999997,10.008
28.0,10.0,24.0,522.780356685791,limit,LC3,150.0,3.0023999999999997,20.016
28.0,10.0,24.0,522.780356685791,limit,LC3,200.0,3.0023999999999997,15.011999999999999
28.0,10.0,24.0,522.780356685791,limit,LC3,250.0,3.0023999999999997,12.009599999999999
28.0,10.0,24.0,522.780356685791,limit,LC3,300.0,3.0023999999999997,10.008
28.0,10.0,24.0,522.780356685791,limit,LC4+,150.0,11.112052174759496,74.08034783172998
28.0,10.0,24.0,522.780356685791,limit,LC4+,200.0,11.112052174759496,55.560260873797475
28.0,10.0,24.0,522.780356685791,limit,LC4+,250.0,11.112052174759496,44.448208699037984
28.0,10.0,24.0,522.780356685791,limit,LC4+,300.0,11.112052174759496,37.04017391586499
28.0,10.0,24.0,522.780356685791,limit,LC4-,150.0,-8.449924174759497,56.33282783172998
28.0,10.0,24.0,522.780356685791,limit,LC4-,200.0,-8.449924174759497,42.24962087379748
28.0,10.0,24.0,522.780356685791,limit,LC4-,250.0,-8.449924174759497,33.79969669903799
28.0,10.0,24.0,522.780356685791,limit,LC4-,300.0,-8.449924174759497,28.16641391586499
28.0,10.0,24.0,522.780356685791,limit,LC5,150.0,1.331064,8.87376
28.0,10.0,24.0,522.780356685791,limit,LC5,200.0,1.331064,6.65532
28.0,10.0,24.0,522.780356685791,limit,LC5,250.0,1.331064,5.324256
28.0,10.0,24.0,522.780356685791,limit,LC5,300.0,1.331064,4.43688
28.0,10.0,24.0,522.780356685791,ultimate,LC0,150.0,1.3414978723404254,8.943319148936169
28.0,10.0,24.0,522.780356685791,ultimate,LC0,200.0,1.3414978723404254,6.707489361702127
28.0,10.0,24.0,522.780356685791,ultimate,LC0,250.0,1.3414978723404254,5.365991489361702
28.0,10.0,24.0,522.780356685791,ultimate,LC0,300.0,1.3414978723404254,4.4716595744680845
28.0,10.0,24.0,522.780356685791,ultimate,LC1,150.0,4.5036,30.023999999999997
28.0,10.0,24.0,522.780356685791,ultimate,LC1,200.0,4.5036,22.517999999999997
28.0,10.0,24.0,522.780356685791,ultimate,LC1,250.0,4.5036,18.0144
28.0,10.0,24.0,522.780356685791,ultimate,LC1,300.0,4.5036,15.011999999999999
28.0,10.0,24.0,522.780356685791,ultimate,LC2A,150.0,4.5036,30.023999999999997
28.0,10.0,24.0,522.780356685791,ultimate,LC2A,200.0,4.5036,22.517999999999997
28.0,10.0,24.0,522.780356685791,ultimate,LC2A,250.0,4.5036,18.0144
28.0,10.0,24.0,522.780356685791,ultimate,LC2A,300.0,4.5036,15.011999999999999
28.0,10.0,24.0,522.780356685791,ultimate,LC2B,150.0,4.5036,30.023999999999997
28.0,10.0,24.0,522.780356685791,ultimate,LC2B,200.0,4.5036,22.517999999999997
28.0,10.0,24.0,522.780356685791,ultimate,LC2B,250.0,4.5036,18.0144
28.0,10.0,24.0,522.780356685791,ultimate,LC2B,300.0,4.5036,15.011999999999999
28.0,10.0,24.0,522.780356685791,ultimate,LC3,150.0,4.5036,30.023999999999997
28.0,10.0,24.0,522.780356685791,ultimate,LC3,200.0,4.5036,22.517999999999997
28.0,10.0,24.0,522.780356685791,ultimate,LC3,250.0,4.5036,18.0144
28.0,10.0,24.0,522.780356685791,ultimate,LC3,300.0,4.5036,15.011999999999999
28.0,10.0,24.0,522.780356685791,ultimate,LC4+,150.0,16.668078262139247,111.12052174759498
28.0,10.0,24.0,522.780356685791,ultimate,LC4+,200.0,16.668078262139247,83.34039131069623
28.0,10.0,24.0,522.780356685791,ultimate,LC4+,250.0,16.668078262139247,66.67231304855699
28.0,10.0,24.0,522.780356685791,ultimate,LC4+,300.0,16.668078262139247,55.56026087379749
28.0,10.0,24.0,522.780356685791,ultimate,LC4-,150.0,-12.674886262139246,84.49924174759498
28.0,10.0,24.0,522.780356685791,ultimate,LC4-,200.0,-12.674886262139246,63.37443131069623
28.0,10.0,24.0,522.780356685791,ultimate,LC4-,250.0,-12.674886262139246,50.699545048556985
28.0,10.0,24.0,522.780356685791,ultimate,LC4-,300.0,-12.674886262139246,42.24962087379749
28.0,10.0,24.0,522.780356685791,ultimate,LC5,150.0,1.9965960000000005,13.310640000000003
28.0,10.0,24.0,522.780356685791,ultimate,LC5,200.0,1.9965960000000005,9.982980000000001
28.0,10.0,24.0,522.780356685791,ultimate,LC5,250.0,1.9965960000000005,7.986384000000002
28.0,10.0,24.0,522.780356685791,ultimate,LC5,300.0,1.9965960000000005,6.6553200000000015
28.0,15.0,29.0,527.780356685791,limit,LC0,150.0,0.894331914893617,5.962212765957447
28.0,15.0,29.0,527.780356685791,limit,LC0,200.0,0.894331914893617,4.4716595744680845
28.0,15.0,29.0,527.780356685791,limit,LC0,250.0,0.894331914893617,3.577327659574468
28.0,15.0,29.0,527.780356685791,limit,LC0,300.0,0.894331914893617,2.9811063829787234
28.0,15.0,29.0,527.780356685791,limit,LC1,150.0,3.0023999999999997,20.016
28.0,15.0,29.0,527.780356685791,limit,LC1,200.0,3.0023999999999997,15.011999999999999
28.0,15.0,29.0,527.780356685791,limit,LC1,250.0,3.0023999999999997,12.009599999999999
28.0,15.0,29.0,527.780356685791,limit,LC1,300.0,3.0023999999999997,10.008
28.0,15.0,29.0,527.780356685791,limit,LC2A,150.0,3.0023999999999997,20.016
28.0,15.0,29.0,527.780356685791,limit,LC2A,200.0,3.0023999999999997,15.011999999999999
28.0,15.0,29.0,527.780356685791,limit,LC2A,250.0,3.0023999999999997,12.009599999999999
28.0,15.0,29.0,527.780356685791,limit,LC2A,300.0,3.0023999999999997,10.008
28.0,15.0,29.0,527.780356685791,limit,LC2B,150.0,3.0023999999999997,20.016
28.0,15.0,29.0,527.780356685791,limit,LC2B,200.0,3.0023999999999997,15.011999999999999
28.0,15.0,29.0,527.780356685791,limit,LC2B,250.0,3.0023999999999997,12.009599999999999
28.0,15.0,29.0,527.780356685791,limit,LC2B,300.0,3.0023999999999997,10.008
28.0,15.0,29.0,527.780356685791,limit,LC3,150.0,3.0023999999999997,20.016
28.0,15.0,29.0,527.780356685791,limit,LC3,200.0,3.0023999999999997,15.011999999999999
28.0,15.0,29.0,527.780356685791,limit,LC3,250.0,3.0023999999999997,12.009599999999999
28.0,15.0,29.0,527.780356685791,limit,LC3,300.0,3.0023999999999997,10.008
28.0,15.0,29.0,527.780356685791,limit,LC4+,150.0,11.153752174759498,74.35834783172999
28.0,15.0,29.0,527.780356685791,limit,LC4+,200.0,11.153752174759498,55.76876087379749
28.0,15.0,29.0,527.780356685791,limit,LC4+,250.0,11.153752174759498,44.61500869903799
28.0,15.0,29.0,527.780356685791,limit,LC4+,300.0,11.153752174759498,37.17917391586499
28.0,15.0,29.0,527.780356685791,limit,LC4-,150.0,-8.4916241747595,56.61082783173
28.0,15.0,29.0,527.780356685791,limit,LC4-,200.0,-8.4916241747595,42.45812087379749
28.0,15.0,29.0,527.780356685791,limit,LC4-,250.0,-8.4916241747595,33.966496699038
28.0,15.0,29.0,527.780356685791,limit,LC4-,300.0,-8.4916241747595,28.305413915865
28.0,15.0,29.0,527.780356685791,limit,LC5,150.0,1.331064,8.87376
28.0,15.0,29.0,527.780356685791,limit,LC5,200.0,1.331064,6.65532
28.0,15.0,29.0,527.780356685791,limit,LC5,250.0,1.331064,5.324256
28.0,15.0,29.0,527.780356685791,limit,LC5,300.0,1.331064,4.43688
28.0,15.0,29.0,527.780356685791,ultimate,LC0,150.0,1.3414978723404254,8.943319148936169
28.0,15.0,29.0,527.780356685791,ultimate,LC0,200.0,1.3414978723404254,6.707489361702127
28.0,15.0,29.0,527.780356685791,ultimate,LC0,250.0,1.3414978723404254,5.365991489361702
28.0,15.0,29.0,527.780356685791,ultimate,LC0,300.0,1.3414978723404254,4.4716595744680845
28.0,15.0,29.0,527.780356685791,ultimate,LC1,150.0,4.5036,30.023999999999997
28.0,15.0,29.0,527.780356685791,ultimate,LC1,200.0,4.5036,22.517999999999997
28.0,15.0,29.0,527.780356685791,ultimate,LC1,250.0,4.5036,18.0144
28.0,15.0,29.0,527.780356685791,ultimate,LC1,300.0,4.5036,15.011999999999999
28.0,15.0,29.0,527.780356685791,ultimate,LC2A,150.0,4.5036,30.023999999999997
28.0,15.0,29.0,527.780356685791,ultimate,LC2A,200.0,4.5036,22.517999999999997
28.0,15.0,29.0,527.780356685791,ultimate,LC2A,250.0,4.5036,18.0144
28.0,15.0,29.0,527.780356685791,ultimate,LC2A,300.0,4.5036,15.011999999999999
28.0,15.0,29.0,527.780356685791,ultimate,LC2B,150.0,4.5036,30.023999999999997
28.0,15.0,29.0,527.780356685791,ultimate,LC2B,200.0,4.5036,22.517999999999997
28.0,15.0,29.0,527.780356685791,ultimate,LC2B,250.0,4.5036,18.0144
28.0,15.0,29.0,527.780356685791,ultimate,LC2B,300.0,4.5036,15.011999999999999
28.0,15.0,29.0,527.780356685791,ultimate,LC3,150.0,4.5036,30.023999999999997
28.0,15.0,29.0,527.780356685791,ultimate,LC3,200.0,4.5036,22.517999999999997
28.0,15.0,29.0,527.780356685791,ultimate,LC3,250.0,4.5036,18.0144
28.0,15.0,29.0,527.780356685791,ultimate,LC3,300.0,4.5036,15.011999999999999
28.0,15.0,29.0,527.780356685791,ultimate,LC4+,150.0,16.73062826213925,111.537521747595
28.0,15.0,29.0,527.780356685791,ultimate,LC4+,200.0,16.73062826213925,83.65314131069624
28.0,15.0,29.0,527.780356685791,ultimate,LC4+,250.0,16.73062826213925,66.922513048557
28.0,15.0,29.0,527.780356685791,ultimate,LC4+,300.0,16.73062826213925,55.7687608737975
28.0,15.0,29.0,527.780356685791,ultimate,LC4-,150.0,-12.737436262139248,84.916241747595
28.0,15.0,29.0,527.780356685791,ultimate,LC4-,200.0,-12.737436262139248,63.68718131069624
28.0,15.0,29.0,527.780356685791,ultimate,LC4-,250.0,-12.737436262139248,50.94974504855699
28.0,15.0,29.0,527.780356685791,ultimate,LC4-,300.0,-12.737436262139248,42.4581208737975
28.0,15.0,29.0,527.780356685791,ultimate,LC5,150.0,1.9965960000000005,13.310640000000003
28.0,15.0,29.0,527.780356685791,ultimate,LC5,200.0,1.9965960000000005,9.982980000000001
28.0,15.0,29.0,527.780356685791,ultimate,LC5,250.0,1.9965960000000005,7.986384000000002
28.0,15.0,29.0,527.780356685791,ultimate,LC5,300.0,1.9965960000000005,6.6553200000000015
28.0,20.0,34.0,532.780356685791,limit,LC0,150.0,0.894331914893617,5.962212765957447
28.0,20.0,34.0,532.780356685791,limit,LC0,200.0,0.894331914893617,4.4716595744680845
28.0,20.0,34.0,532.780356685791,limit,LC0,250.0,0.894331914893617,3.577327659574468
28.0,20.0,34.0,532.780356685791,limit,LC0,300.0,0.894331914893617,2.9811063829787234
28.0,20.0,34.0,532.780356685791,limit,LC1,150.0,3.0023999999999997,20.016
28.0,20.0,34.0,532.780356685791,limit,LC1,200.0,3.0023999999999997,15.011999999999999
28.0,20.0,34.0,532.780356685791,limit,LC1,250.0,3.0023999999999997,12.009599999999999
28.0,20.0,34.0,532.780356685791,limit,LC1,300.0,3.0023999999999997,10.008
28.0,20.0,34.0,532.780356685791,limit,LC2A,150.0,3.0023999999999997,20.016
28.0,20.0,34.0,532.780356685791,limit,LC2A,200.0,3.0023999999999997,15.011999999999999
28.0,20.0,34.0,532.780356685791,limit,LC2A,250.0,3.0023999999999997,12.009599999999999
28.0,20.0,34.0,532.780356685791,limit,LC2A,300.0,3.0023999999999997,10.008
28.0,20.0,34.0,532.780356685791,limit,LC2B,150.0,3.0023999999999997,20.016
28.0,20.0,34.0,532.780356685791,limit,LC2B,200.0,3.0023999999999997,15.011999999999999
28.0,20.0,34.0,532.780356685791,limit,LC2B,250.0,3.0023999999999997,12.009599999999999
28.0,20.0,34.0,532.780356685791,limit,LC2B,300.0,3.0023999999999997,10.008
28.0,20.0,34.0,532.780356685791,limit,LC3,150.0,3.0023999999999997,20.016
28.0,20.0,34.0,532.780356685791,limit,LC3,200.0,3.0023999999999997,15.011999999999999
28.0,20.0,34.0,532.780356685791,limit,LC3,250.0,3.0023999999999997,12.009599999999999
28.0,20.0,34.0,532.780356685791,limit,LC3,300.0,3.0023999999999997,10.008
28.0,20.0,34.0,532.780356685791,limit,LC4+,150.0,11.195452174759497,74.63634783172998
28.0,20.0,34.0,532.780356685791,limit,LC4+,200.0,11.195452174759497,55.97726087379748
28.0,20.0,34.0,532.780356685791,limit,LC4+,250.0,11.195452174759497,44.78180869903799
28.0,20.0,34.0,532.780356685791,limit,LC4+,300.0,11.195452174759497,37.31817391586499
28.0,20.0,34.0,532.780356685791,limit,LC4-,150.0,-8.533324174759498,56.88882783172999
28.0,20.0,34.0,532.780356685791,limit,LC4-,200.0,-8.533324174759498,42.666620873797484
28.0,20.0,34.0,532.780356685791,limit,LC4-,250.0,-8.533324174759498,34.13329669903799
28.0,20.0,34.0,532.780356685791,limit,LC4-,300.0,-8.533324174759498,28.444413915864995
28.0,20.0,34.0,532.780356685791,limit,LC5,150.0,1.331064,8.87376
28.0,20.0,34.0,532.780356685791,limit,LC5,200.0,1.331064,6.65532
28.0,20.0,34.0,532.780356685791,limit,LC5,250.0,1.331064,5.324256
28.0,20.0,34.0,532.780356685791,limit,LC5,300.0,1.331064,4.43688
28.0,20.0,34.0,532.780356685791,ultimate,LC0,150.0,1.3414978723404254,8.943319148936169
28.0,20.0,34.0,532.780356685791,ultimate,LC0,200.0,1.3414978723404254,6.707489361702127
28.0,20.0,34.0,532.780356685791,ultimate,LC0,250.0,1.3414978723404254,5.365991489361702
28.0,20.0,34.0,532.780356685791,ultimate,LC0,300.0,1.3414978723404254,4.4716595744680845
28.0,20.0,34.0,532.780356685791,ultimate,LC1,150.0,4.5036,30.023999999999997
28.0,20.0,34.0,532.780356685791,ultimate,LC1,200.0,4.5036,22.517999999999997
28.0,20.0,34.0,532.780356685791,ultimate,LC1,250.0,4.5036,18.0144
28.0,20.0,34.0,532.780356685791,ultimate,LC1,300.0,4.5036,15.011999999999999
28.0,20.0,34.0,532.780356685791,ultimate,LC2A,150.0,4.5036,30.023999999999997
28.0,20.0,34.0,532.780356685791,ultimate,LC2A,200.0,4.5036,22.517999999999997
28.0,20.0,34.0,532.780356685791,ultimate,LC2A,250.0,4.5036,18.0144
28.0,20.0,34.0,532.780356685791,ultimate,LC2A,300.0,4.5036,15.011999999999999
28.0,20.0,34.0,532.780356685791,ultimate,LC2B,150.0,4.5036,30.023999999999997
28.0,20.0,34.0,532.780356685791,ultimate,LC2B,200.0,4.5036,22.517999999999997
28.0,20.0,34.0,532.780356685791,ultimate,LC2B,250.0,4.5036,18.0144
28.0,20.0,34.0,532.780356685791,ultimate,LC2B,300.0,4.5036,15.011999999999999
28.0,20.0,34.0,532.780356685791,ultimate,LC3,150.0,4.5036,30.023999999999997
28.0,20.0,34.0,532.780356685791,ultimate,LC3,200.0,4.5036,22.517999999999997
28.0,20.0,34.0,532.780356685791,ultimate,LC3,250.0,4.5036,18.0144
28.0,20.0,34.0,532.780356685791,ultimate,LC3,300.0,4.5036,15.011999999999999
28.0,20.0,34.0,532.780356685791,ultimate,LC4+,150.0,16.793178262139246,111.95452174759498
28.0,20.0,34.0,532.780356685791,ultimate,LC4+,200.0,16.793178262139246,83.96589131069622
28.0,20.0,34.0,532.780356685791,ultimate,LC4+,250.0,16.793178262139246,67.17271304855699
28.0,20.0,34.0,532.780356685791,ultimate,LC4+,300.0,16.793178262139246,55.97726087379749
28.0,20.0,34.0,532.780356685791,ultimate,LC4-,150.0,-12.799986262139246,85.33324174759498
28.0,20.0,34.0,532.780356685791,ultimate,LC4-,200.0,-12.799986262139246,63.999931310696226
28.0,20.0,34.0,532.780356685791,ultimate,LC4-,250.0,-12.799986262139246,51.199945048556984
28.0,20.0,34.0,532.780356685791,ultimate,LC4-,300.0,-12.799986262139246,42.66662087379749
28.0,20.0,34.0,532.780356685791,ultimate,LC5,150.0,1.9965960000000005,13.310640000000003
28.0,20.0,34.0,532.780356685791,ultimate,LC5,200.0,1.9965960000000005,9.982980000000001
28.0,20.0,34.0,532.780356685791,ultimate,LC5,250.0,1.9965960000000005,7.986384000000002
28.0,20.0,34.0,532.780356685791,ultimate,LC5,300.0,1.9965960000000005,6.6553200000000015
30.0,5.0,20.0,518.780356685791,limit,LC0,150.0,0.894331914893617,5.962212765957447
30.0,5.0,20.0,518.780356685791,limit,LC0,200.0,0.894331914893617,4.4716595744680845
30.0,5.0,20.0,518.780356685791,limit,LC0,250.0,0.894331914893617,3.577327659574468
30.0,5.0,20.0,518.780356685791,limit,LC0,300.0,0.894331914893617,2.9811063829787234
30.0,5.0,20.0,518.780356685791,limit,LC1,150.0,3.0023999999999997,20.016
30.0,5.0,20.0,518.780356685791,limit,LC1,200.0,3.0023999999999997,15.011999999999999
30.0,5.0,20.0,518.780356685791,limit,LC1,250.0,3.0023999999999997,12.009599999999999
30.0,5.0,20.0,518.780356685791,limit,LC1,300.0,3.0023999999999997,10.008
30.0,5.0,20.0,518.780356685791,limit,LC2A,150.0,3.0023999999999997,20.016
30.0,5.0,20.0,518.780356685791,limit,LC2A,200.0,3.0023999999999997,15.011999999999999
30.0,5.0,20.0,518.780356685791,limit,LC2A,250.0,3.0023999999999997,12.009599999999999
30.0,5.0,20.0,518.780356685791,limit,LC2A,300.0,3.0023999999999997,10.008
30.0,5.0,20.0,518.780356685791,limit,LC2B,150.0,3.0023999999999997,20.016
30.0,5.0,20.0,518.780356685791,limit,LC2B,200.0,3.0023999999999997,15.011999999999999
30.0,5.0,20.0,518.780356685791,limit,LC2B,250.0,3.0023999999999997,12.009599999999999
30.0,5.0,20.0,518.780356685791,limit,LC2B,300.0,3.0023999999999997,10.008
30.0,5.0,20.0,518.780356685791,limit,LC3,150.0,3.0023999999999997,20.016
30.0,5.0,20.0,518.780356685791,limit,LC3,200.0,3.0023999999999997,15.011999999999999
30.0,5.0,20.0,518.780356685791,limit,LC3,250.0,3.0023999999999997,12.009599999999999
30.0,5.0,20.0,518.780356685791,limit,LC3,300.0,3.0023999999999997,10.008
30.0,5.0,20.0,518.780356685791,limit,LC4+,150.0,11.078692174759496,73.85794783172997
30.0,5.0,20.0,518.780356685791,limit,LC4+,200.0,11.078692174759496,55.39346087379748
30.0,5.0,20.0,518.780356685791,limit,LC4+,250.0,11.078692174759496,44.314768699037984
30.0,5.0,20.0,518.780356685791,limit,LC4+,300.0,11.078692174759496,36.92897391586499
30.0,5.0,20.0,518.780356685791,limit,LC4-,150.0,-8.416564174759497,56.11042783172998
30.0,5.0,20.0,518.780356685791,limit,LC4-,200.0,-8.416564174759497,42.08282087379748
30.0,5.0,20.0,518.780356685791,limit,LC4-,250.0,-8.416564174759497,33.66625669903799
30.0,5.0,20.0,518.780356685791,limit,LC4-,300.0,-8.416564174759497,28.05521391586499
30.0,5.0,20.0,518.780356685791,limit,LC5,150.0,1.331064,8.87376
30.0,5.0,20.0,518.780356685791,limit,LC5,200.0,1.331064,6.65532
30.0,5.0,20.0,518.780356685791,limit,LC5,250.0,1.331064,5.324256
30.0,5.0,20.0,518.780356685791,limit,LC5,300.0,1.331064,4.43688
30.0,5.0,20.0,518.780356685791,ultimate,LC0,150.0,1.3414978723404254,8.943319148936169
30.0,5.0,20.0,518.780356685791,ultimate,LC0,200.0,1.3414978723404254,6.707489361702127
30.0,5.0,20.0,518.780356685791,ultimate,LC0,250.0,1.3414978723404254,5.365991489361702
30.0,5.0,20.0,518.780356685791,ultimate,LC0,300.0,1.3414978723404254,4.4716595744680845
30.0,5.0,20.0,518.780356685791,ultimate,LC1,150.0,4.5036,30.023999999999997
30.0,5.0,20.0,518.780356685791,ultimate,LC1,200.0,4.5036,22.517999999999997
30.0,5.0,20.0,518.780356685791,ultimate,LC1,250.0,4.5036,18.0144
30.0,5.0,20.0,518.780356685791,ultimate,LC1,300.0,4.5036,15.011999999999999
30.0,5.0,20.0,518.780356685791,ultimate,LC2A,150.0,4.5036,30.023999999999997
30.0,5.0,20.0,518.780356685791,ultimate,LC2A,200.0,4.5036,22.517999999999997
30.0,5.0,20.0,518.780356685791,ultimate,LC2A,250.0,4.5036,18.0144
30.0,5.0,20.0,518.780356685791,ultimate,LC2A,300.0,4.5036,15.011999999999999
30.0,5.0,20.0,518.780356685791,ultimate,LC2B,150.0,4.5036,30.023999999999997
30.0,5.0,20.0,518.780356685791,ultimate,LC2B,200.0,4.5036,22.517999999999997
30.0,5.0,20.0,518.780356685791,ultimate,LC2B,250.0,4.5036,18.0144
30.0,5.0,20.0,518.780356685791,ultimate,LC2B,300.0,4.5036,15.011999999999999
30.0,5.0,20.0,518.780356685791,ultimate,LC3,150.0,4.5036,30.023999999999997
30.0,5.0,20.0,518.780356685791,ultimate,LC3,200.0,4.5036,22.517999999999997
30.0,5.0,20.0,518.780356685791,ultimate,LC3,250.0,4.5036,18.0144
30.0,5.0,20.0,518.780356685791,ultimate,LC3,300.0,4.5036,15.011999999999999
30.0,5.0,20.0,518.780356685791,ultimate,LC4+,150.0,16.618038262139248,110.78692174759499
30.0,5.0,20.0,518.780356685791,ultimate,LC4+,200.0,16.618038262139248,83.09019131069623
30.0,5.0,20.0,518.780356685791,ultimate,LC4+,250.0,16.618038262139248,66.47215304855699
30.0,5.0,20.0,518.780356685791,ultimate,LC4+,300.0,16.618038262139248,55.393460873797494
30.0,5.0,20.0,518.780356685791,ultimate,LC4-,150.0,-12.624846262139245,84.16564174759498
30.0,5.0,20.0,518.780356685791,ultimate,LC4-,200.0,-12.624846262139245,63.124231310696224
30.0,5.0,20.0,518.780356685791,ultimate,LC4-,250.0,-12.624846262139245,50.49938504855698
30.0,5.0,20.0,518.780356685791,ultimate,LC4-,300.0,-12.624846262139245,42.08282087379749
30.0,5.0,20.0,518.780356685791,ultimate,LC5,150.0,1.9965960000000005,13.310640000000003
30.0,5.0,20.0,518.780356685791,ultimate,LC5,200.0,1.9965960000000005,9.982980000000001
30.0,5.0,20.0,518.780356685791,ultimate,LC5,250.0,1.9965960000000005,7.986384000000002
30.0,5.0,20.0,518.780356685791,ultimate,LC5,300.0,1.9965960000000005,6.6553200000000015
30.0,10.0,25.0,523.780356685791,limit,LC0,150.0,0.894331914893617,5.962212765957447
30.0,10.0,25.0,523.780356685791,limit,LC0,200.0,0.894331914893617,4.4716595744680845
30.0,10.0,25.0,523.780356685791,limit,LC0,250.0,0.894331914893617,3.577327659574468
30.0,10.0,25.0,523.780356685791,limit,LC0,300.0,0.894331914893617,2.9811063829787234
30.0,10.0,25.0,523.780356685791,limit,LC1,150.0,3.0023999999999997,20.016
30.0,10.0,25.0,523.780356685791,limit,LC1,200.0,3.0023999999999997,15.011999999999999
30.0,10.0,25.0,523.780356685791,limit,LC1,250.0,3.0023999999999997,12.009599999999999
30.0,10.0,25.0,523.780356685791,limit,LC1,300.0,3.0023999999999997,10.008
30.0,10.0,25.0,523.780356685791,limit,LC2A,150.0,3.0023999999999997,20.016
30.0,10.0,25.0,523.780356685791,limit,LC2A,200.0,3.0023999999999997,15.011999999999999
30.0,10.0,25.0,523.780356685791,limit,LC2A,250.0,3.0023999999999997,12.009599999999999
30.0,10.0,25.0,523.780356685791,limit,LC2A,300.0,3.0023999999999997,10.008
30.0,10.0,25.0,523.780356685791,limit,LC2B,150.0,3.0023999999999997,20.016
30.0,10.0,25.0,523.780356685791,limit,LC2B,200.0,3.0023999999999997,15.011999999999999
30.0,10.0,25.0,523.780356685791,limit,LC2B,250.0,3.0023999999999997,12.009599999999999
30.0,10.0,25.0,523.780356685791,limit,LC2B,300.0,3.0023999999999997,10.008
30.0,10.0,25.0,523.780356685791,limit,LC3,150.0,3.0023999999999997,20.016
30.0,10.0,25.0,523.780356685791,limit,LC3,200.0,3.0023999999999997,15.011999999999999
30.0,10.0,25.0,523.780356685791,limit,LC3,250.0,3.0023999999999997,12.009599999999999
30.0,10.0,25.0,523.780356685791,limit,LC3,300.0,3.0023999999999997,10.008
30.0,10.0,25.0,523.780356685791,limit,LC4+,150.0,11.120392174759496,74.13594783172998
30.0,10.0,25.0,523.780356685791,limit,LC4+,200.0,11.120392174759496,55.60196087379748
30.0,10.0,25.0,523.780356685791,limit,LC4+,250.0,11.120392174759496,44.481568699037986
30.0,10.0,25.0,523.780356685791,limit,LC4+,300.0,11.120392174759496,37.06797391586499
30.0,10.0,25.0,523.780356685791,limit,LC4-,150.0,-8.458264174759497,56.388427831729985
30.0,10.0,25.0,523.780356685791,limit,LC4-,200.0,-8.458264174759497,42.29132087379748
30.0,10.0,25.0,523.780356685791,limit,LC4-,250.0,-8.458264174759497,33.83305669903799
30.0,10.0,25.0,523.780356685791,limit,LC4-,300.0,-8.458264174759497,28.194213915864992
30.0,10.0,25.0,523.780356685791,limit,LC5,150.0,1.331064,8.87376
30.0,10.0,25.0,523.780356685791,limit,LC5,200.0,1.331064,6.65532
30.0,10.0,25.0,523.780356685791,limit,LC5,250.0,1.331064,5.324256
30.0,10.0,25.0,523.780356685791,limit,LC5,300.0,1.331064,4.43688
30.0,10.0,25.0,523.780356685791,ultimate,LC0,150.0,1.3414978723404254,8.943319148936169
30.0,10.0,25.0,523.780356685791,ultimate,LC0,200.0,1.3414978723404254,6.707489361702127
30.0,10.0,25.0,523.780356685791,ultimate,LC0,250.0,1.3414978723404254,5.365991489361702
30.0,10.0,25.0,523.780356685791,ultimate,LC0,300.0,1.3414978723404254,4.4716595744680845
30.0,10.0,25.0,523.780356685791,ultimate,LC1,150.0,4.5036,30.023999999999997
30.0,10.0,25.0,523.780356685791,ultimate,LC1,200.0,4.5036,22.517999999999997
30.0,10.0,25.0,523.780356685791,ultimate,LC1,250.0,4.5036,18.0144
30.0,10.0,25.0,523.780356685791,ultimate,LC1,300.0,4.5036,15.011999999999999
30.0,10.0,25.0,523.780356685791,ultimate,LC2A,150.0,4.5036,30.023999999999997
30.0,10.0,25.0,523.780356685791,ultimate,LC2A,200.0,4.5036,22.517999999999997
30.0,10.0,25.0,523.780356685791,ultimate,LC2A,250.0,4.5036,18.0144
30.0,10.0,25.0,523.780356685791,ultimate,LC2A,300.0,4.5036,15.011999999999999
30.0,10.0,25.0,523.780356685791,ultimate,LC2B,150.0,4.5036,30.023999999999997
30.0,10.0,25.0,523.780356685791,ultimate,LC2B,200.0,4.5036,22.517999999999997
30.0,10.0,25.0,523.780356685791,ultimate,LC2B,250.0,4.5036,18.0144
30.0,10.0,25.0,523.780356685791,ultimate,LC2B,300.0,4.5036,15.011999999999999
30.0,10.0,25.0,523.780356685791,ultimate,LC3,150.0,4.5036,30.023999999999997
30.0,10.0,25.0,523.780356685791,ultimate,LC3,200.0,4.5036,22.517999999999997
30.0,10.0,25.0,523.780356685791,ultimate,LC3,250.0,4.5036,18.0144
30.0,10.0,25.0,523.780356685791,ultimate,LC3,300.0,4.5036,15.011999999999999
30.0,10.0,25.0,523.780356685791,ultimate,LC4+,150.0,16.680588262139246,111.20392174759498
30.0,10.0,25.0,523.780356685791,ultimate,LC4+,200.0,16.680588262139246,83.40294131069622
30.0,10.0,25.0,523.780356685791,ultimate,LC4+,250.0,16.680588262139246,66.72235304855698
30.0,10.0,25.0,523.780356685791,ultimate,LC4+,300.0,16.680588262139246,55.60196087379749
30.0,10.0,25.0,523.780356685791,ultimate,LC4-,150.0,-12.687396262139245,84.58264174759498
30.0,10.0,25.0,523.780356685791,ultimate,LC4-,200.0,-12.687396262139245,63.436981310696225
30.0,10.0,25.0,523.780356685791,ultimate,LC4-,250.0,-12.687396262139245,50.74958504855698
30.0,10.0,25.0,523.780356685791,ultimate,LC4-,300.0,-12.687396262139245,42.29132087379749
30.0,10.0,25.0,523.780356685791,ultimate,LC5,150.0,1.9965960000000005,13.310640000000003
30.0,10.0,25.0,523.780356685791,ultimate,LC5,200.0,1.9965960000000005,9.982980000000001
30.0,10.0,25.0,523.780356685791,ultimate,LC5,250.0,1.9965960000000005,7.986384000000002
30.0,10.0,25.0,523.780356685791,ultimate,LC5,300.0,1.9965960000000005,6.6553200000000015
30.0,15.0,30.0,528.780356685791,limit,LC0,150.0,0.894331914893617,5.962212765957447
30.0,15.0,30.0,528.780356685791,limit,LC0,200.0,0.894331914893617,4.4716595744680845
30.0,15.0,30.0,528.780356685791,limit,LC0,250.0,0.894331914893617,3.577327659574468
30.0,15.0,30.0,528.780356685791,limit,LC0,300.0,0.894331914893617,2.9811063829787234
30.0,15.0,30.0,528.780356685791,limit,LC1,150.0,3.0023999999999997,20.016
30.0,15.0,30.0,528.780356685791,limit,LC1,200.0,3.0023999999999997,15.011999999999999
30.0,15.0,30.0,528.780356685791,limit,LC1,250.0,3.0023999999999997,12.009599999999999
30.0,15.0,30.0,528.780356685791,limit,LC1,300.0,3.0023999999999997,10.008
30.0,15.0,30.0,528.780356685791,limit,LC2A,150.0,3.0023999999999997,20.016
30.0,15.0,30.0,528.780356685791,limit,LC2A,200.0,3.0023999999999997,15.011999999999999
30.0,15.0,30.0,528.780356685791,limit,LC2A,250.0,3.0023999999999997,12.009599999999999
30.0,15.0,30.0,528.780356685791,limit,LC2A,300.0,3.0023999999999997,10.008
30.0,15.0,30.0,528.780356685791,limit,LC2B,150.0,3.0023999999999997,20.016
30.0,15.0,30.0,528.780356685791,limit,LC2B,200.0,3.0023999999999997,15.011999999999999
30.0,15.0,30.0,528.780356685791,limit,LC2B,250.0,3.0023999999999997,12.009599999999999
30.0,15.0,30.0,528.780356685791,limit,LC2B,300.0,3.0023999999999997,10.008
30.0,15.0,30.0,528.780356685791,limit,LC3,150.0,3.0023999999999997,20.016
30.0,15.0,30.0,528.780356685791,limit,LC3,200.0,3.0023999999999997,15.011999999999999
30.0,15.0,30.0,528.780356685791,limit,LC3,250.0,3.0023999999999997,12.009599999999999
30.0,15.0,30.0,528.780356685791,limit,LC3,300.0,3.0023999999999997,10.008
30.0,15.0,30.0,528.780356685791,limit,LC4+,150.0,11.162092174759497,74.41394783172998
30.0,15.0,30.0,528.780356685791,limit,LC4+,200.0,11.162092174759497,55.81046087379748
30.0,15.0,30.0,528.780356685791,limit,LC4+,250.0,11.162092174759497,44.64836869903799
30.0,15.0,30.0,528.780356685791,limit,LC4+,300.0,11.162092174759497,37.20697391586499
30.0,15.0,30.0,528.780356685791,limit,LC4-,150.0,-8.499964174759498,56.66642783172999
30.0,15.0,30.0,528.780356685791,limit,LC4-,200.0,-8.499964174759498,42.49982087379749
30.0,15.0,30.0,528.780356685791,limit,LC4-,250.0,-8.499964174759498,33.99985669903799
30.0,15.0,30.0,528.780356685791,limit,LC4-,300.0,-8.499964174759498,28.333213915864995
30.0,15.0,30.0,528.780356685791,limit,LC5,150.0,1.331064,8.87376
30.0,15.0,30.0,528.780356685791,limit,LC5,200.0,1.331064,6.65532
30.0,15.0,30.0,528.780356685791,limit,LC5,250.0,1.331064,5.324256
30.0,15.0,30.0,528.780356685791,limit,LC5,300.0,1.331064,4.43688
30.0,15.0,30.0,528.780356685791,ultimate,LC0,150.0,1.3414978723404254,8.943319148936169
30.0,15.0,30.0,528.780356685791,ultimate,LC0,200.0,1.3414978723404254,6.707489361702127
30.0,15.0,30.0,528.780356685791,ultimate,LC0,250.0,1.3414978723404254,5.365991489361702
30.0,15.0,30.0,528.780356685791,ultimate,LC0,300.0,1.3414978723404254,4.4716595744680845
30.0,15.0,30.0,528.780356685791,ultimate,LC1,150.0,4.5036,30.023999999999997
30.0,15.0,30.0,528.780356685791,ultimate,LC1,200.0,4.5036,22.517999999999997
30.0,15.0,30.0,528.780356685791,ultimate,LC1,250.0,4.5036,18.0144
30.0,15.0,30.0,528.780356685791,ultimate,LC1,300.0,4.5036,15.011999999999999
30.0,15.0,30.0,528.780356685791,ultimate,LC2A,150.0,4.5036,30.023999999999997
30.0,15.0,30.0,528.780356685791,ultimate,LC2A,200.0,4.5036,22.517999999999997
30.0,15.0,30.0,528.780356685791,ultimate,LC2A,250.0,4.5036,18.0144
30.0,15.0,30.0,528.780356685791,ultimate,LC2A,300.0,4.5036,15.011999999999999
30.0,15.0,30.0,528.780356685791,ultimate,LC2B,150.0,4.5036,30.023999999999997
30.0,15.0,30.0,528.780356685791,ultimate,LC2B,200.0,4.5036,22.517999999999997
30.0,15.0,30.0,528.780356685791,ultimate,LC2B,250.0,4.5036,18.0144
30.0,15.0,30.0,528.780356685791,ultimate,LC2B,300.0,4.5036,15.011999999999999
30.0,15.0,30.0,528.780356685791,ultimate,LC3,150.0,4.5036,30.023999999999997
30.0,15.0,30.0,528.780356685791,ultimate,LC3,200.0,4.5036,22.517999999999997
30.0,15.0,30.0,528.780356685791,ultimate,LC3,250.0,4.5036,18.0144
30.0,15.0,30.0,528.780356685791,ultimate,LC3,300.0,4.5036,15.011999999999999
30.0,15.0,30.0,528.780356685791,ultimate,LC4+,150.0,16.743138262139247,111.62092174759499
30.0,15.0,30.0,528.780356685791,ultimate,LC4+,200.0,16.743138262139247,83.71569131069623
30.0,15.0,30.0,528.780356685791,ultimate,LC4+,250.0,16.743138262139247,66.97255304855699
30.0,15.0,30.0,528.780356685791,ultimate,LC4+,300.0,16.743138262139247,55.810460873797496
30.0,15.0,30.0,528.780356685791,ultimate,LC4-,150.0,-12.749946262139245,84.99964174759496
30.0,15.0,30.0,528.780356685791,ultimate,LC4-,200.0,-12.749946262139245,63.74973131069622
30.0,15.0,30.0,528.780356685791,ultimate,LC4-,250.0,-12.749946262139245,50.99978504855698
30.0,15.0,30.0,528.780356685791,ultimate,LC4-,300.0,-12.749946262139245,42.49982087379748
30.0,15.0,30.0,528.780356685791,ultimate,LC5,150.0,1.9965960000000005,13.310640000000003
30.0,15.0,30.0,528.780356685791,ultimate,LC5,200.0,1.9965960000000005,9.982980000000001
30.0,15.0,30.0,528.780356685791,ultimate,LC5,250.0,1.9965960000000005,7.986384000000002
30.0,15.0,30.0,528.780356685791,ultimate,LC5,300.0,1.9965960000000005,6.6553200000000015
30.0,20.0,35.0,533.780356685791,limit,LC0,150.0,0.894331914893617,5.962212765957447
30.0,20.0,35.0,533.780356685791,limit,LC0,200.0,0.894331914893617,4.4716595744680845
30.0,20.0,35.0,533.780356685791,limit,LC0,250.0,0.894331914893617,3.577327659574468
30.0,20.0,35.0,533.780356685791,limit,LC0,300.0,0.894331914893617,2.9811063829787234
30.0,20.0,35.0,533.780356685791,limit,LC1,150.0,3.0023999999999997,20.016
30.0,20.0,35.0,533.780356685791,limit,LC1,200.0,3.0023999999999997,15.011999999999999
30.0,20.0,35.0,533.780356685791,limit,LC1,250.0,3.0023999999999997,12.009599999999999
30.0,20.0,35.0,533.780356685791,limit,LC1,300.0,3.0023999999999997,10.008
30.0,20.0,35.0,533.780356685791,limit,LC2A,150.0,3.0023999999999997,20.016
30.0,20.0,35.0,533.780356685791,limit,LC2A,200.0,3.0023999999999997,15.011999999999999
30.0,20.0,35.0,533.780356685791,limit,LC2A,250.0,3.0023999999999997,12.009599999999999
30.0,20.0,35.0,533.780356685791,limit,LC2A,300.0,3.0023999999999997,10.008
30.0,20.0,35.0,533.780356685791,limit,LC2B,150.0,3.0023999999999997,20.016
30.0,20.0,35.0,533.780356685791,limit,LC2B,200.0,3.0023999999999997,15.011999999999999
30.0,20.0,35.0,533.780356685791,limit,LC2B,250.0,3.0023999999999997,12.009599999999999
30.0,20.0,35.0,533.780356685791,limit,LC2B,300.0,3.0023999999999997,10.008
30.0,20.0,35.0,533.780356685791,limit,LC3,150.0,3.0023999999999997,20.016
30.0,20.0,35.0,533.780356685791,limit,LC3,200.0,3.0023999999999997,15.011999999999999
30.0,20.0,35.0,533.780356685791,limit,LC3,250.0,3.0023999999999997,12.009599999999999
30.0,20.0,35.0,533.780356685791,limit,LC3,300.0,3.0023999999999997,10.008
30.0,20.0,35.0,533.780356685791,limit,LC4+,150.0,11.203792174759496,74.69194783172998
30.0,20.0,35.0,533.780356685791,limit,LC4+,200.0,11.203792174759496,56.018960873797475
30.0,20.0,35.0,533.780356685791,limit,LC4+,250.0,11.203792174759496,44.81516869903798
30.0,20.0,35.0,533.780356685791,limit,LC4+,300.0,11.203792174759496,37.34597391586499
30.0,20.0,35.0,533.780356685791,limit,LC4-,150.0,-8.541664174759497,56.94442783172998
30.0,20.0,35.0,533.780356685791,limit,LC4-,200.0,-8.541664174759497,42.70832087379748
30.0,20.0,35.0,533.780356685791,limit,LC4-,250.0,-8.541664174759497,34.166656699037986
30.0,20.0,35.0,533.780356685791,limit,LC4-,300.0,-8.541664174759497,28.47221391586499
30.0,20.0,35.0,533.780356685791,limit,LC5,150.0,1.331064,8.87376
30.0,20.0,35.0,533.780356685791,limit,LC5,200.0,1.331064,6.65532
30.0,20.0,35.0,533.780356685791,limit,LC5,250.0,1.331064,5.324256
30.0,20.0,35.0,533.780356685791,limit,LC5,300.0,1.331064,4.43688
30.0,20.0,35.0,533.780356685791,ultimate,LC0,150.0,1.3414978723404254,8.943319148936169
30.0,20.0,35.0,533.780356685791,ultimate,LC0,200.0,1.3414978723404254,6.707489361702127
30.0,20.0,35.0,533.780356685791,ultimate,LC0,250.0,1.3414978723404254,5.365991489361702
30.0,20.0,35.0,533.780356685791,ultimate,LC0,300.0,1.3414978723404254,4.4716595744680845
30.0,20.0,35.0,533.780356685791,ultimate,LC1,150.0,4.5036,30.023999999999997
30.0,20.0,35.0,533.780356685791,ultimate,LC1,200.0,4.5036,22.517999999999997
30.0,20.0,35.0,533.780356685791,ultimate,LC1,250.0,4.5036,18.0144
30.0,20.0,35.0,533.780356685791,ultimate,LC1,300.0,4.5036,15.011999999999999
30.0,20.0,35.0,533.780356685791,ultimate,LC2A,150.0,4.5036,30.023999999999997
30.0,20.0,35.0,533.780356685791,ultimate,LC2A,200.0,4.5036,22.517999999999997
30.0,20.0,35.0,533.780356685791,ultimate,LC2A,250.0,4.5036,18.0144
30.0,20.0,35.0,533.780356685791,ultimate,LC2A,300.0,4.5036,15.011999999999999
30.0,20.0,35.0,533.780356685791,ultimate,LC2B,150.0,4.5036,30.023999999999997
30.0,20.0,35.0,533.780356685791,ultimate,LC2B,200.0,4.5036,22.517999999999997
30.0,20.0,35.0,533.780356685791,ultimate,LC2B,250.0,4.5036,18.0144
30.0,20.0,35.0,533.780356685791,ultimate,LC2B,300.0,4.5036,15.011999999999999
30.0,20.0,35.0,533.780356685791,ultimate,LC3,150.0,4.5036,30.023999999999997
30.0,20.0,35.0,533.780356685791,ultimate,LC3,200.0,4.5036,22.517999999999997
30.0,20.0,35.0,533.780356685791,ultimate,LC3,250.0,4.5036,18.0144
30.0,20.0,35.0,533.780356685791,ultimate,LC3,300.0,4.5036,15.011999999999999
30.0,20.0,35.0,533.780356685791,ultimate,LC4+,150.0,16.805688262139245,112.03792174759498
30.0,20.0,35.0,533.780356685791,ultimate,LC4+,200.0,16.805688262139245,84.02844131069622
30.0,20.0,35.0,533.780356685791,ultimate,LC4+,250.0,16.805688262139245,67.22275304855698
30.0,20.0,35.0,533.780356685791,ultimate,LC4+,300.0,16.805688262139245,56.01896087379749
30.0,20.0,35.0,533.780356685791,ultimate,LC4-,150.0,-12.812496262139245,85.41664174759497
30.0,20.0,35.0,533.780356685791,ultimate,LC4-,200.0,-12.812496262139245,64.06248131069621
30.0,20.0,35.0,533.780356685791,ultimate,LC4-,250.0,-12.812496262139245,51.24998504855698
30.0,20.0,35.0,533.780356685791,ultimate,LC4-,300.0,-12.812496262139245,42.70832087379748
30.0,20.0,35.0,533.780356685791,ultimate,LC5,150.0,1.9965960000000005,13.310640000000003
30.0,20.0,35.0,533.780356685791,ultimate,LC5,200.0,1.9965960000000005,9.982980000000001
30.0,20.0,35.0,533.780356685791,ultimate,LC5,250.0,1.9965960000000005,7.986384000000002
30.0,20.0,35.0,533.780356685791,ultimate,LC5,300.0,1.9965960000000005,6.6553200000000015
32.0,5.0,21.0,519.780356685791,limit,LC0,150.0,0.894331914893617,5.962212765957447
32.0,5.0,21.0,519.780356685791,limit,LC0,200.0,0.894331914893617,4.4716595744680845
32.0,5.0,21.0,519.780356685791,limit,LC0,250.0,0.894331914893617,3.577327659574468
32.0,5.0,21.0,519.780356685791,limit,LC0,300.0,0.894331914893617,2.9811063829787234
32.0,5.0,21.0,519.780356685791,limit,LC1,150.0,3.0023999999999997,20.016
32.0,5.0,21.0,519.780356685791,limit,LC1,200.0,3.0023999999999997,15.011999999999999
32.0,5.0,21.0,519.780356685791,limit,LC1,250.0,3.0023999999999997,12.009599999999999
32.0,5.0,21.0,519.780356685791,limit,LC1,300.0,3.0023999999999997,10.008
32.0,5.0,21.0,519.780356685791,limit,LC2A,150.0,3.0023999999999997,20.016
32.0,5.0,21.0,519.780356685791,limit,LC2A,200.0,3.0023999999999997,15.011999999999999
32.0,5.0,21.0,519.780356685791,limit,LC2A,250.0,3.0023999999999997,12.009599999999999
32.0,5.0,21.0,519.780356685791,limit,LC2A,300.0,3.0023999999999997,10.008
32.0,5.0,21.0,519.780356685791,limit,LC2B,150.0,3.0023999999999997,20.016
32.0,5.0,21.0,519.780356685791,limit,LC2B,200.0,3.0023999999999997,15.011999999999999
32.0,5.0,21.0,519.780356685791,limit,LC2B,250.0,3.0023999999999997,12.009599999999999
32.0,5.0,21.0,519.780356685791,limit,LC2B,300.0,3.0023999999999997,10.008
32.0,5.0,21.0,519.780356685791,limit,LC3,150.0,3.0023999999999997,20.016
32.0,5.0,21.0,519.780356685791,limit,LC3,200.0,3.0023999999999997,15.011999999999999
32.0,5.0,21.0,519.780356685791,limit,LC3,250.0,3.0023999999999997,12.009599999999999
32.0,5.0,21.0,519.780356685791,limit,LC3,300.0,3.0023999999999997,10.008
32.0,5.0,21.0,519.780356685791,limit,LC4+,150.0,11.087032174759496,73.91354783172999
32.0,5.0,21.0,519.780356685791,limit,LC4+,200.0,11.087032174759496,55.43516087379748
32.0,5.0,21.0,519.780356685791,limit,LC4+,250.0,11.087032174759496,44.348128699037986
32.0,5.0,21.0,519.780356685791,limit,LC4+,300.0,11.087032174759496,36.95677391586499
32.0,5.0,21.0,519.780356685791,limit,LC4-,150.0,-8.424904174759497,56.166027831729984
32.0,5.0,21.0,519.780356685791,limit,LC4-,200.0,-8.424904174759497,42.124520873797486
32.0,5.0,21.0,519.780356685791,limit,LC4-,250.0,-8.424904174759497,33.69961669903799
32.0,5.0,21.0,519.780356685791,limit,LC4-,300.0,-8.424904174759497,28.083013915864992
32.0,5.0,21.0,519.780356685791,limit,LC5,150.0,1.331064,8.87376
32.0,5.0,21.0,519.780356685791,limit,LC5,200.0,1.331064,6.65532
32.0,5.0,21.0,519.780356685791,limit,LC5,250.0,1.331064,5.324256
32.0,5.0,21.0,519.780356685791,limit,LC5,300.0,1.331064,4.43688
32.0,5.0,21.0,519.780356685791,ultimate,LC0,150.0,1.3414978723404254,8.943319148936169
32.0,5.0,21.0,519.780356685791,ultimate,LC0,200.0,1.3414978723404254,6.707489361702127
32.0,5.0,21.0,519.780356685791,ultimate,LC0,250.0,1.3414978723404254,5.365991489361702
32.0,5.0,21.0,519.780356685791,ultimate,LC0,300.0,1.3414978723404254,4.4716595744680845
32.0,5.0,21.0,519.780356685791,ultimate,LC1,150.0,4.5036,30.023999999999997
32.0,5.0,21.0,519.780356685791,ultimate,LC1,200.0,4.5036,22.517999999999997
32.0,5.0,21.0,519.780356685791,ultimate,LC1,250.0,4.5036,18.0144
32.0,5.0,21.0,519.780356685791,ultimate,LC1,300.0,4.5036,15.011999999999999
32.0,5.0,21.0,519.780356685791,ultimate,LC2A,150.0,4.5036,30.023999999999997
32.0,5.0,21.0,519.780356685791,ultimate,LC2A,200.0,4.5036,22.517999999999997
32.0,5.0,21.0,519.780356685791,ultimate,LC2A,250.0,4.5036,18.0144
32.0,5.0,21.0,519.780356685791,ultimate,LC2A,300.0,4.5036,15.011999999999999
32.0,5.0,21.0,519.780356685791,ultimate,LC2B,150.0,4.5036,30.023999999999997
32.0,5.0,21.0,519.780356685791,ultimate,LC2B,200.0,4.5036,22.517999999999997
32.0,5.0,21.0,519.780356685791,ultimate,LC2B,250.0,4.5036,18.0144
32.0,5.0,21.0,519.780356685791,ultimate,LC2B,300.0,4.5036,15.011999999999999
32.0,5.0,21.0,519.780356685791,ultimate,LC3,150.0,4.5036,30.023999999999997
32.0,5.0,21.0,519.780356685791,ultimate,LC3,200.0,4.5036,22.517999999999997
32.0,5.0,21.0,519.780356685791,ultimate,LC3,250.0,4.5036,18.0144
32.0,5.0,21.0,519.780356685791,ultimate,LC3,300.0,4.5036,15.011999999999999
32.0,5.0,21.0,519.780356685791,ultimate,LC4+,150.0,16.630548262139246,110.87032174759499
32.0,5.0,21.0,519.780356685791,ultimate,LC4+,200.0,16.630548262139246,83.15274131069623
32.0,5.0,21.0,519.780356685791,ultimate,LC4+,250.0,16.630548262139246,66.52219304855699
32.0,5.0,21.0,519.780356685791,ultimate,LC4+,300.0,16.630548262139246,55.43516087379749
32.0,5.0,21.0,519.780356685791,ultimate,LC4-,150.0,-12.637356262139244,84.24904174759496
32.0,5.0,21.0,519.780356685791,ultimate,LC4-,200.0,-12.637356262139244,63.18678131069622
32.0,5.0,21.0,519.780356685791,ultimate,LC4-,250.0,-12.637356262139244,50.54942504855698
32.0,5.0,21.0,519.780356685791,ultimate,LC4-,300.0,-12.637356262139244,42.12452087379748
32.0,5.0,21.0,519.780356685791,ultimate,LC5,150.0,1.9965960000000005,13.310640000000003
32.0,5.0,21.0,519.780356685791,ultimate,LC5,200.0,1.9965960000000005,9.982980000000001
32.0,5.0,21.0,519.780356685791,ultimate,LC5,250.0,1.9965960000000005,7.986384000000002
32.0,5.0,21.0,519.780356685791,ultimate,LC5,300.0,1.9965960000000005,6.6553200000000015
32.0,10.0,26.0,524.780356685791,limit,LC0,150.0,0.894331914893617,5.962212765957447
32.0,10.0,26.0,524.780356685791,limit,LC0,200.0,0.894331914893617,4.4716595744680845
32.0,10.0,26.0,524.780356685791,limit,LC0,250.0,0.894331914893617,3.577327659574468
32.0,10.0,26.0,524.780356685791,limit,LC0,300.0,0.894331914893617,2.9811063829787234
32.0,10.0,26.0,524.780356685791,limit,LC1,150.0,3.0023999999999997,20.016
32.0,10.0,26.0,524.780356685791,limit,LC1,200.0,3.0023999999999997,15.011999999999999
32.0,10.0,26.0,524.780356685791,limit,LC1,250.0,3.0023999999999997,12.009599999999999
32.0,10.0,26.0,524.780356685791,limit,LC1,300.0,3.0023999999999997,10.008
32.0,10.0,26.0,524.780356685791,limit,LC2A,150.0,3.0023999999999997,20.016
32.0,10.0,26.0,524.780356685791,limit,LC2A,200.0,3.0023999999999997,15.011999999999999
32.0,10.0,26.0,524.780356685791,limit,LC2A,250.0,3.0023999999999997,12.009599999999999
32.0,10.0,26.0,524.780356685791,limit,LC2A,300.0,3.0023999999999997,10.008
32.0,10.0,26.0,524.780356685791,limit,LC2B,150.0,3.0023999999999997,20.016
32.0,10.0,26.0,524.780356685791,limit,LC2B,200.0,3.0023999999999997,15.011999999999999
32.0,10.0,26.0,524.780356685791,limit,LC2B,250.0,3.0023999999999997,12.009599999999999
32.0,10.0,26.0,524.780356685791,limit,LC2B,300.0,3.0023999999999997,10.008
32.0,10.0,26.0,524.780356685791,limit,LC3,150.0,3.0023999999999997,20.016
32.0,10.0,26.0,524.780356685791,limit,LC3,200.0,3.0023999999999997,15.011999999999999
32.0,10.0,26.0,524.780356685791,limit,LC3,250.0,3.0023999999999997,12.009599999999999
32.0,10.0,26.0,524.780356685791,limit,LC3,300.0,3.0023999999999997,10.008
32.0,10.0,26.0,524.780356685791,limit,LC4+,150.0,11.128732174759497,74.19154783172998
32.0,10.0,26.0,524.780356685791,limit,LC4+,200.0,11.128732174759497,55.64366087379748
32.0,10.0,26.0,524.780356685791,limit,LC4+,250.0,11.128732174759497,44.51492869903799
32.0,10.0,26.0,524.780356685791,limit,LC4+,300.0,11.128732174759497,37.09577391586499
32.0,10.0,26.0,524.780356685791,limit,LC4-,150.0,-8.466604174759498,56.44402783172999
32.0,10.0,26.0,524.780356685791,limit,LC4-,200.0,-8.466604174759498,42.33302087379749
32.0,10.0,26.0,524.780356685791,limit,LC4-,250.0,-8.466604174759498,33.86641669903799
32.0,10.0,26.0,524.780356685791,limit,LC4-,300.0,-8.466604174759498,28.222013915864995
32.0,10.0,26.0,524.780356685791,limit,LC5,150.0,1.331064,8.87376
32.0,10.0,26.0,524.780356685791,limit,LC5,200.0,1.331064,6.65532
32.0,10.0,26.0,524.780356685791,limit,LC5,250.0,1.331064,5.324256
32.0,10.0,26.0,524.780356685791,limit,LC5,300.0,1.331064,4.43688
32.0,10.0,26.0,524.780356685791,ultimate,LC0,150.0,1.3414978723404254,8.943319148936169
32.0,10.0,26.0,524.780356685791,ultimate,LC0,200.0,1.3414978723404254,6.707489361702127
32.0,10.0,26.0,524.780356685791,ultimate,LC0,250.0,1.3414978723404254,5.365991489361702
32.0,10.0,26.0,524.780356685791,ultimate,LC0,300.0,1.3414978723404254,4.4716595744680845
32.0,10.0,26.0,524.780356685791,ultimate,LC1,150.0,4.5036,30.023999999999997
32.0,10.0,26.0,524.780356685791,ultimate,LC1,200.0,4.5036,22.517999999999997
32.0,10.0,26.0,524.780356685791,ultimate,LC1,250.0,4.5036,18.0144
32.0,10.0,26.0,524.780356685791,ultimate,LC1,300.0,4.5036,15.011999999999999
32.0,10.0,26.0,524.780356685791,ultimate,LC2A,150.0,4.5036,30.023999999999997
32.0,10.0,26.0,524.780356685791,ultimate,LC2A,200.0,4.5036,22.517999999999997
32.0,10.0,26.0,524.780356685791,ultimate,LC2A,250.0,4.5036,18.0144
32.0,10.0,26.0,524.780356685791,ultimate,LC2A,300.0,4.5036,15.011999999999999
32.0,10.0,26.0,524.780356685791,ultimate,LC2B,150.0,4.5036,30.023999999999997
32.0,10.0,26.0,524.780356685791,ultimate,LC2B,200.0,4.5036,22.517999999999997
32.0,10.0,26.0,524.780356685791,ultimate,LC2B,250.0,4.5036,18.0144
32.0,10.0,26.0,524.780356685791,ultimate,LC2B,300.0,4.5036,15.011999999999999
32.0,10.0,26.0,524.780356685791,ultimate,LC3,150.0,4.5036,30.023999999999997
32.0,10.0,26.0,524.780356685791,ultimate,LC3,200.0,4.5036,22.517999999999997
32.0,10.0,26.0,524.780356685791,ultimate,LC3,250.0,4.5036,18.0144
32.0,10.0,26.0,524.780356685791,ultimate,LC3,300.0,4.5036,15.011999999999999
32.0,10.0,26.0,524.780356685791,ultimate,LC4+,150.0,16.693098262139248,111.28732174759499
32.0,10.0,26.0,524.780356685791,ultimate,LC4+,200.0,16.693098262139248,83.46549131069624
32.0,10.0,26.0,524.780356685791,ultimate,LC4+,250.0,16.693098262139248,66.77239304855699
32.0,10.0,26.0,524.780356685791,ultimate,LC4+,300.0,16.693098262139248,55.643660873797494
32.0,10.0,26.0,524.780356685791,ultimate,LC4-,150.0,-12.699906262139246,84.66604174759497
32.0,10.0,26.0,524.780356685791,ultimate,LC4-,200.0,-12.699906262139246,63.49953131069623
32.0,10.0,26.0,524.780356685791,ultimate,LC4-,250.0,-12.699906262139246,50.79962504855698
32.0,10.0,26.0,524.780356685791,ultimate,LC4-,300.0,-12.699906262139246,42.33302087379749
32.0,10.0,26.0,524.780356685791,ultimate,LC5,150.0,1.9965960000000005,13.310640000000003
32.0,10.0,26.0,524.780356685791,ultimate,LC5,200.0,1.9965960000000005,9.982980000000001
32.0,10.0,26.0,524.780356685791,ultimate,LC5,250.0,1.9965960000000005,7.986384000000002
32.0,10.0,26.0,524.780356685791,ultimate,LC5,300.0,1.9965960000000005,6.6553200000000015
32.0,15.0,31.0,529.780356685791,limit,LC0,150.0,0.894331914893617,5.962212765957447
32.0,15.0,31.0,529.780356685791,limit,LC0,200.0,0.894331914893617,4.4716595744680845
32.0,15.0,31.0,529.780356685791,limit,LC0,250.0,0.894331914893617,3.577327659574468
32.0,15.0,31.0,529.780356685791,limit,LC0,300.0,0.894331914893617,2.9811063829787234
32.0,15.0,31.0,529.780356685791,limit,LC1,150.0,3.0023999999999997,20.016
32.0,15.0,31.0,529.780356685791,limit,LC1,200.0,3.0023999999999997,15.011999999999999
32.0,15.0,31.0,529.780356685791,limit,LC1,250.0,3.0023999999999997,12.009599999999999
32.0,15.0,31.0,529.780356685791,limit,LC1,300.0,3.0023999999999997,10.008
32.0,15.0,31.0,529.780356685791,limit,LC2A,150.0,3.0023999999999997,20.016
32.0,15.0,31.0,529.780356685791,limit,LC2A,200.0,3.0023999999999997,15.011999999999999
32.0,15.0,31.0,529.780356685791,limit,LC2A,250.0,3.0023999999999997,12.009599999999999
32.0,15.0,31.0,529.780356685791,limit,LC2A,300.0,3.0023999999999997,10.008
32.0,15.0,31.0,529.780356685791,limit,LC2B,150.0,3.0023999999999997,20.016
32.0,15.0,31.0,529.780356685791,limit,LC2B,200.0,3.0023999999999997,15.011999999999999
32.0,15.0,31.0,529.780356685791,limit,LC2B,250.0,3.0023999999999997,12.009599999999999
32.0,15.0,31.0,529.780356685791,limit,LC2B,300.0,3.0023999999999997,10.008
32.0,15.0,31.0,529.780356685791,limit,LC3,150.0,3.0023999999999997,20.016
32.0,15.0,31.0,529.780356685791,limit,LC3,200.0,3.0023999999999997,15.011999999999999
32.0,15.0,31.0,529.780356685791,limit,LC3,250.0,3.0023999999999997,12.009599999999999
32.0,15.0,31.0,529.780356685791,limit,LC3,300.0,3.0023999999999997,10.008
32.0,15.0,31.0,529.780356685791,limit,LC4+,150.0,11.170432174759496,74.46954783172997
32.0,15.0,31.0,529.780356685791,limit,LC4+,200.0,11.170432174759496,55.85216087379747
32.0,15.0,31.0,529.780356685791,limit,LC4+,250.0,11.170432174759496,44.68172869903798
32.0,15.0,31.0,529.780356685791,limit,LC4+,300.0,11.170432174759496,37.234773915864984
32.0,15.0,31.0,529.780356685791,limit,LC4-,150.0,-8.508304174759497,56.72202783172998
32.0,15.0,31.0,529.780356685791,limit,LC4-,200.0,-8.508304174759497,42.54152087379748
32.0,15.0,31.0,529.780356685791,limit,LC4-,250.0,-8.508304174759497,34.033216699037986
32.0,15.0,31.0,529.780356685791,limit,LC4-,300.0,-8.508304174759497,28.36101391586499
32.0,15.0,31.0,529.780356685791,limit,LC5,150.0,1.331064,8.87376
32.0,15.0,31.0,529.780356685791,limit,LC5,200.0,1.331064,6.65532
32.0,15.0,31.0,529.780356685791,limit,LC5,250.0,1.331064,5.324256
32.0,15.0,31.0,529.780356685791,limit,LC5,300.0,1.331064,4.43688
32.0,15.0,31.0,529.780356685791,ultimate,LC0,150.0,1.3414978723404254,8.943319148936169
32.0,15.0,31.0,529.780356685791,ultimate,LC0,200.0,1.3414978723404254,6.707489361702127
32.0,15.0,31.0,529.780356685791,ultimate,LC0,250.0,1.3414978723404254,5.365991489361702
32.0,15.0,31.0,529.780356685791,ultimate,LC0,300.0,1.3414978723404254,4.4716595744680845
32.0,15.0,31.0,529.780356685791,ultimate,LC1,150.0,4.5036,30.023999999999997
32.0,15.0,31.0,529.780356685791,ultimate,LC1,200.0,4.5036,22.517999999999997
32.0,15.0,31.0,529.780356685791,ultimate,LC1,250.0,4.5036,18.0144
32.0,15.0,31.0,529.780356685791,ultimate,LC1,300.0,4.5036,15.011999999999999
32.0,15.0,31.0,529.780356685791,ultimate,LC2A,150.0,4.5036,30.023999999999997
32.0,15.0,31.0,529.780356685791,ultimate,LC2A,200.0,4.5036,22.517999999999997
32.0,15.0,31.0,529.780356685791,ultimate,LC2A,250.0,4.5036,18.0144
32.0,15.0,31.0,529.780356685791,ultimate,LC2A,300.0,4.5036,15.011999999999999
32.0,15.0,31.0,529.780356685791,ultimate,LC2B,150.0,4.5036,30.023999999999997
32.0,15.0,31.0,529.780356685791,ultimate,LC2B,200.0,4.5036,22.517999999999997
32.0,15.0,31.0,529.780356685791,ultimate,LC2B,250.0,4.5036,18.0144
32.0,15.0,31.0,529.780356685791,ultimate,LC2B,300.0,4.5036,15.011999999999999
32.0,15.0,31.0,529.780356685791,ultimate,LC3,150.0,4.5036,30.023999999999997
32.0,15.0,31.0,529.780356685791,ultimate,LC3,200.0,4.5036,22.517999999999997
32.0,15.0,31.0,529.780356685791,ultimate,LC3,250.0,4.5036,18.0144
32.0,15.0,31.0,529.780356685791,ultimate,LC3,300.0,4.5036,15.011999999999999
32.0,15.0,31.0,529.780356685791,ultimate,LC4+,150.0,16.755648262139246,111.70432174759497
32.0,15.0,31.0,529.780356685791,ultimate,LC4+,200.0,16.755648262139246,83.77824131069623
32.0,15.0,31.0,529.780356685791,ultimate,LC4+,250.0,16.755648262139246,67.02259304855698
32.0,15.0,31.0,529.780356685791,ultimate,LC4+,300.0,16.755648262139246,55.85216087379749
32.0,15.0,31.0,529.780356685791,ultimate,LC4-,150.0,-12.762456262139244,85.08304174759496
32.0,15.0,31.0,529.780356685791,ultimate,LC4-,200.0,-12.762456262139244,63.812281310696214
32.0,15.0,31.0,529.780356685791,ultimate,LC4-,250.0,-12.762456262139244,51.049825048556976
32.0,15.0,31.0,529.780356685791,ultimate,LC4-,300.0,-12.762456262139244,42.54152087379748
32.0,15.0,31.0,529.780356685791,ultimate,LC5,150.0,1.9965960000000005,13.310640000000003
32.0,15.0,31.0,529.780356685791,ultimate,LC5,200.0,1.9965960000000005,9.982980000000001
32.0,15.0,31.0,529.780356685791,ultimate,LC5,250.0,1.9965960000000005,7.986384000000002
32.0,15.0,31.0,529.780356685791,ultimate,LC5,300.0,1.9965960000000005,6.6553200000000015
32.0,20.0,36.0,534.780356685791,limit,LC0,150.0,0.894331914893617,5.962212765957447
32.0,20.0,36.0,534.780356685791,limit,LC0,200.0,0.894331914893617,4.4716595744680845
32.0,20.0,36.0,534.780356685791,limit,LC0,250.0,0.894331914893617,3.577327659574468
32.0,20.0,36.0,534.780356685791,limit,LC0,300.0,0.894331914893617,2.9811063829787234
32.0,20.0,36.0,534.780356685791,limit,LC1,150.0,3.0023999999999997,20.016
32.0,20.0,36.0,534.780356685791,limit,LC1,200.0,3.0023999999999997,15.011999999999999
32.0,20.0,36.0,534.780356685791,limit,LC1,250.0,3.0023999999999997,12.009599999999999
32.0,20.0,36.0,534.780356685791,limit,LC1,300.0,3.0023999999999997,10.008
32.0,20.0,36.0,534.780356685791,limit,LC2A,150.0,3.0023999999999997,20.016
32.0,20.0,36.0,534.780356685791,limit,LC2A,200.0,3.0023999999999997,15.011999999999999
32.0,20.0,36.0,534.780356685791,limit,LC2A,250.0,3.0023999999999997,12.009599999999999
32.0,20.0,36.0,534.780356685791,limit,LC2A,300.0,3.0023999999999997,10.008
32.0,20.0,36.0,534.780356685791,limit,LC2B,150.0,3.0023999999999997,20.016
32.0,20.0,36.0,534.780356685791,limit,LC2B,200.0,3.0023999999999997,15.011999999999999
32.0,20.0,36.0,534.780356685791,limit,LC2B,250.0,3.0023999999999997,12.009599999999999
32.0,20.0,36.0,534.780356685791,limit,LC2B,300.0,3.0023999999999997,10.008
32.0,20.0,36.0,534.780356685791,limit,LC3,150.0,3.0023999999999997,20.016
32.0,20.0,36.0,534.780356685791,limit,LC3,200.0,3.0023999999999997,15.011999999999999
32.0,20.0,36.0,534.780356685791,limit,LC3,250.0,3.0023999999999997,12.009599999999999
32.0,20.0,36.0,534.780356685791,limit,LC3,300.0,3.0023999999999997,10.008
32.0,20.0,36.0,534.780356685791,limit,LC4+,150.0,11.212132174759496,74.74754783172997
32.0,20.0,36.0,534.780356685791,limit,LC4+,200.0,11.212132174759496,56.06066087379748
32.0,20.0,36.0,534.780356685791,limit,LC4+,250.0,11.212132174759496,44.848528699037985
32.0,20.0,36.0,534.780356685791,limit,LC4+,300.0,11.212132174759496,37.37377391586499
32.0,20.0,36.0,534.780356685791,limit,LC4-,150.0,-8.550004174759497,57.00002783172998
32.0,20.0,36.0,534.780356685791,limit,LC4-,200.0,-8.550004174759497,42.75002087379748
32.0,20.0,36.0,534.780356685791,limit,LC4-,250.0,-8.550004174759497,34.20001669903799
32.0,20.0,36.0,534.780356685791,limit,LC4-,300.0,-8.550004174759497,28.50001391586499
32.0,20.0,36.0,534.780356685791,limit,LC5,150.0,1.331064,8.87376
32.0,20.0,36.0,534.780356685791,limit,LC5,200.0,1.331064,6.65532
32.0,20.0,36.0,534.780356685791,limit,LC5,250.0,1.331064,5.324256
32.0,20.0,36.0,534.780356685791,limit,LC5,300.0,1.331064,4.43688
32.0,20.0,36.0,534.780356685791,ultimate,LC0,150.0,1.3414978723404254,8.943319148936169
32.0,20.0,36.0,534.780356685791,ultimate,LC0,200.0,1.3414978723404254,6.707489361702127
32.0,20.0,36.0,534.780356685791,ultimate,LC0,250.0,1.3414978723404254,5.365991489361702
32.0,20.0,36.0,534.780356685791,ultimate,LC0,300.0,1.3414978723404254,4.4716595744680845
32.0,20.0,36.0,534.780356685791,ultimate,LC1,150.0,4.5036,30.023999999999997
32.0,20.0,36.0,534.780356685791,ultimate,LC1,200.0,4.5036,22.517999999999997
32.0,20.0,36.0,534.780356685791,ultimate,LC1,250.0,4.5036,18.0144
32.0,20.0,36.0,534.780356685791,ultimate,LC1,300.0,4.5036,15.011999999999999
32.0,20.0,36.0,534.780356685791,ultimate,LC2A,150.0,4.5036,30.023999999999997
32.0,20.0,36.0,534.780356685791,ultimate,LC2A,200.0,4.5036,22.517999999999997
32.0,20.0,36.0,534.780356685791,ultimate,LC2A,250.0,4.5036,18.0144
32.0,20.0,36.0,534.780356685791,ultimate,LC2A,300.0,4.5036,15.011999999999999
32.0,20.0,36.0,534.780356685791,ultimate,LC2B,150.0,4.5036,30.023999999999997
32.0,20.0,36.0,534.780356685791,ultimate,LC2B,200.0,4.5036,22.517999999999997
32.0,20.0,36.0,534.780356685791,ultimate,LC2B,250.0,4.5036,18.0144
32.0,20.0,36.0,534.780356685791,ultimate,LC2B,300.0,4.5036,15.011999999999999
32.0,20.0,36.0,534.780356685791,ultimate,LC3,150.0,4.5036,30.023999999999997
32.0,20.0,36.0,534.780356685791,ultimate,LC3,200.0,4.5036,22.517999999999997
32.0,20.0,36.0,534.780356685791,ultimate,LC3,250.0,4.5036,18.0144
32.0,20.0,36.0,534.780356685791,ultimate,LC3,300.0,4.5036,15.011999999999999
32.0,20.0,36.0,534.780356685791,ultimate,LC4+,150.0,16.818198262139248,112.12132174759499
32.0,20.0,36.0,534.780356685791,ultimate,LC4+,200.0,16.818198262139248,84.09099131069624
32.0,20.0,36.0,534.780356685791,ultimate,LC4+,250.0,16.818198262139248,67.27279304855699
32.0,20.0,36.0,534.780356685791,ultimate,LC4+,300.0,16.818198262139248,56.060660873797495
32.0,20.0,36.0,534.780356685791,ultimate,LC4-,150.0,-12.825006262139246,85.50004174759498
32.0,20.0,36.0,534.780356685791,ultimate,LC4-,200.0,-12.825006262139246,64.12503131069623
32.0,20.0,36.0,534.780356685791,ultimate,LC4-,250.0,-12.825006262139246,51.30002504855698
32.0,20.0,36.0,534.780356685791,ultimate,LC4-,300.0,-12.825006262139246,42.75002087379749
32.0,20.0,36.0,534.780356685791,ultimate,LC5,150.0,1.9965960000000005,13.310640000000003
32.0,20.0,36.0,534.780356685791,ultimate,LC5,200.0,1.9965960000000005,9.982980000000001
32.0,20.0,36.0,534.780356685791,ultimate,LC5,250.0,1.9965960000000005,7.986384000000002
32.0,20.0,36.0,534.780356685791,ultimate,LC5,300.0,1.9965960000000005,6.6553200000000015
34.0,5.0,22.0,520.780356685791,limit,LC0,150.0,0.894331914893617,5.962212765957447
34.0,5.0,22.0,520.780356685791,limit,LC0,200.0,0.894331914893617,4.4716595744680845
34.0,5.0,22.0,520.780356685791,limit,LC0,250.0,0.894331914893617,3.577327659574468
34.0,5.0,22.0,520.780356685791,limit,LC0,300.0,0.894331914893617,2.9811063829787234
34.0,5.0,22.0,520.780356685791,limit,LC1,150.0,3.0023999999999997,20.016
34.0,5.0,22.0,520.780356685791,limit,LC1,200.0,3.0023999999999997,15.011999999999999
34.0,5.0,22.0,520.780356685791,limit,LC1,250.0,3.0023999999999997,12.009599999999999
34.0,5.0,22.0,520.780356685791,limit,LC1,300.0,3.0023999999999997,10.008
34.0,5.0,22.0,520.780356685791,limit,LC2A,150.0,3.0023999999999997,20.016
34.0,5.0,22.0,520.780356685791,limit,LC2A,200.0,3.0023999999999997,15.011999999999999
34.0,5.0,22.0,520.780356685791,limit,LC2A,250.0,3.0023999999999997,12.009599999999999
34.0,5.0,22.0,520.780356685791,limit,LC2A,300.0,3.0023999999999997,10.008
34.0,5.0,22.0,520.780356685791,limit,LC2B,150.0,3.0023999999999997,20.016
34.0,5.0,22.0,520.780356685791,limit,LC2B,200.0,3.0023999999999997,15.011999999999999
34.0,5.0,22.0,520.780356685791,limit,LC2B,250.0,3.0023999999999997,12.009599999999999
34.0,5.0,22.0,520.780356685791,limit,LC2B,300.0,3.0023999999999997,10.008
34.0,5.0,22.0,520.780356685791,limit,LC3,150.0,3.0023999999999997,20.016
34.0,5.0,22.0,520.780356685791,limit,LC3,200.0,3.0023999999999997,15.011999999999999
34.0,5.0,22.0,520.780356685791,limit,LC3,250.0,3.0023999999999997,12.009599999999999
34.0,5.0,22.0,520.780356685791,limit,LC3,300.0,3.0023999999999997,10.008
34.0,5.0,22.0,520.780356685791,limit,LC4+,150.0,11.095372174759497,73.96914783172998
34.0,5.0,22.0,520.780356685791,limit,LC4+,200.0,11.095372174759497,55.476860873797484
34.0,5.0,22.0,520.780356685791,limit,LC4+,250.0,11.095372174759497,44.38148869903799
34.0,5.0,22.0,520.780356685791,limit,LC4+,300.0,11.095372174759497,36.98457391586499
34.0,5.0,22.0,520.780356685791,limit,LC4-,150.0,-8.433244174759498,56.22162783172999
34.0,5.0,22.0,520.780356685791,limit,LC4-,200.0,-8.433244174759498,42.166220873797485
34.0,5.0,22.0,520.780356685791,limit,LC4-,250.0,-8.433244174759498,33.73297669903799
34.0,5.0,22.0,520.780356685791,limit,LC4-,300.0,-8.433244174759498,28.110813915864995
34.0,5.0,22.0,520.780356685791,limit,LC5,150.0,1.331064,8.87376
34.0,5.0,22.0,520.780356685791,limit,LC5,200.0,1.331064,6.65532
34.0,5.0,22.0,520.780356685791,limit,LC5,250.0,1.331064,5.324256
34.0,5.0,22.0,520.780356685791,limit,LC5,300.0,1.331064,4.43688
34.0,5.0,22.0,520.780356685791,ultimate,LC0,150.0,1.3414978723404254,8.943319148936169
34.0,5.0,22.0,520.780356685791,ultimate,LC0,200.0,1.3414978723404254,6.707489361702127
34.0,5.0,22.0,520.780356685791,ultimate,LC0,250.0,1.3414978723404254,5.365991489361702
34.0,5.0,22.0,520.780356685791,ultimate,LC0,300.0,1.3414978723404254,4.4716595744680845
34.0,5.0,22.0,520.780356685791,ultimate,LC1,150.0,4.5036,30.023999999999997
34.0,5.0,22.0,520.780356685791,ultimate,LC1,200.0,4.5036,22.517999999999997
34.0,5.0,22.0,520.780356685791,ultimate,LC1,250.0,4.5036,18.0144
34.0,5.0,22.0,520.780356685791,ultimate,LC1,300.0,4.5036,15.011999999999999
34.0,5.0,22.0,520.780356685791,ultimate,LC2A,150.0,4.5036,30.023999999999997
34.0,5.0,22.0,520.780356685791,ultimate,LC2A,200.0,4.5036,22.517999999999997
34.0,5.0,22.0,520.780356685791,ultimate,LC2A,250.0,4.5036,18.0144
34.0,5.0,22.0,520.780356685791,ultimate,LC2A,300.0,4.5036,15.011999999999999
34.0,5.0,22.0,520.780356685791,ultimate,LC2B,150.0,4.5036,30.023999999999997
34.0,5.0,22.0,520.780356685791,ultimate,LC2B,200.0,4.5036,22.517999999999997
34.0,5.0,22.0,520.780356685791,ultimate,LC2B,250.0,4.5036,18.0144
34.0,5.0,22.0,520.780356685791,ultimate,LC2B,300.0,4.5036,15.011999999999999
34.0,5.0,22.0,520.780356685791,ultimate,LC3,150.0,4.5036,30.023999999999997
34.0,5.0,22.0,520.780356685791,ultimate,LC3,200.0,4.5036,22.517999999999997
34.0,5.0,22.0,520.780356685791,ultimate,LC3,250.0,4.5036,18.0144
34.0,5.0,22.0,520.780356685791,ultimate,LC3,300.0,4.5036,15.011999999999999
34.0,5.0,22.0,520.780356685791,ultimate,LC4+,150.0,16.643058262139245,110.95372174759497
34.0,5.0,22.0,520.780356685791,ultimate,LC4+,200.0,16.643058262139245,83.21529131069622
34.0,5.0,22.0,520.780356685791,ultimate,LC4+,250.0,16.643058262139245,66.57223304855698
34.0,5.0,22.0,520.780356685791,ultimate,LC4+,300.0,16.643058262139245,55.476860873797484
34.0,5.0,22.0,520.780356685791,ultimate,LC4-,150.0,-12.649866262139245,84.33244174759497
34.0,5.0,22.0,520.780356685791,ultimate,LC4-,200.0,-12.649866262139245,63.24933131069622
34.0,5.0,22.0,520.780356685791,ultimate,LC4-,250.0,-12.649866262139245,50.59946504855698
34.0,5.0,22.0,520.780356685791,ultimate,LC4-,300.0,-12.649866262139245,42.166220873797485
34.0,5.0,22.0,520.780356685791,ultimate,LC5,150.0,1.9965960000000005,13.310640000000003
34.0,5.0,22.0,520.780356685791,ultimate,LC5,200.0,1.9965960000000005,9.982980000000001
34.0,5.0,22.0,520.780356685791,ultimate,LC5,250.0,1.9965960000000005,7.986384000000002
34.0,5.0,22.0,520.780356685791,ultimate,LC5,300.0,1.9965960000000005,6.6553200000000015
34.0,10.0,27.0,525.780356685791,limit,LC0,150.0,0.894331914893617,5.962212765957447
34.0,10.0,27.0,525.780356685791,limit,LC0,200.0,0.894331914893617,4.4716595744680845
34.0,10.0,27.0,525.780356685791,limit,LC0,250.0,0.894331914893617,3.577327659574468
34.0,10.0,27.0,525.780356685791,limit,LC0,300.0,0.894331914893617,2.9811063829787234
34.0,10.0,27.0,525.780356685791,limit,LC1,150.0,3.0023999999999997,20.016
34.0,10.0,27.0,525.780356685791,limit,LC1,200.0,3.0023999999999997,15.011999999999999
34.0,10.0,27.0,525.780356685791,limit,LC1,250.0,3.0023999999999997,12.009599999999999
34.0,10.0,27.0,525.780356685791,limit,LC1,300.0,3.0023999999999997,10.008
34.0,10.0,27.0,525.780356685791,limit,LC2A,150.0,3.0023999999999997,20.016
34.0,10.0,27.0,525.780356685791,limit,LC2A,200.0,3.0023999999999997,15.011999999999999
34.0,10.0,27.0,525.780356685791,limit,LC2A,250.0,3.0023999999999997,12.009599999999999
34.0,10.0,27.0,525.780356685791,limit,LC2A,300.0,3.0023999999999997,10.008
34.0,10.0,27.0,525.780356685791,limit,LC2B,150.0,3.0023999999999997,20.016
34.0,10.0,27.0,525.780356685791,limit,LC2B,200.0,3.0023999999999997,15.011999999999999
34.0,10.0,27.0,525.780356685791,limit,LC2B,250.0,3.0023999999999997,12.009599999999999
34.0,10.0,27.0,525.780356685791,limit,LC2B,300.0,3.0023999999999997,10.008
34.0,10.0,27.0,525.780356685791,limit,LC3,150.0,3.0023999999999997,20.016
34.0,10.0,27.0,525.780356685791,limit,LC3,200.0,3.0023999999999997,15.011999999999999
34.0,10.0,27.0,525.780356685791,limit,LC3,250.0,3.0023999999999997,12.009599999999999
34.0,10.0,27.0,525.780356685791,limit,LC3,300.0,3.0023999999999997,10.008
34.0,10.0,27.0,525.780356685791,limit,LC4+,150.0,11.137072174759496,74.24714783172998
34.0,10.0,27.0,525.780356685791,limit,LC4+,200.0,11.137072174759496,55.68536087379748
34.0,10.0,27.0,525.780356685791,limit,LC4+,250.0,11.137072174759496,44.54828869903798
34.0,10.0,27.0,525.780356685791,limit,LC4+,300.0,11.137072174759496,37.12357391586499
34.0,10.0,27.0,525.780356685791,limit,LC4-,150.0,-8.474944174759496,56.49962783172998
34.0,10.0,27.0,525.780356685791,limit,LC4-,200.0,-8.474944174759496,42.37472087379748
34.0,10.0,27.0,525.780356685791,limit,LC4-,250.0,-8.474944174759496,33.899776699037986
34.0,10.0,27.0,525.780356685791,limit,LC4-,300.0,-8.474944174759496,28.24981391586499
34.0,10.0,27.0,525.780356685791,limit,LC5,150.0,1.331064,8.87376
34.0,10.0,27.0,525.780356685791,limit,LC5,200.0,1.331064,6.65532
34.0,10.0,27.0,525.780356685791,limit,LC5,250.0,1.331064,5.324256
34.0,10.0,27.0,525.780356685791,limit,LC5,300.0,1.331064,4.43688
34.0,10.0,27.0,525.780356685791,ultimate,LC0,150.0,1.3414978723404254,8.943319148936169
34.0,10.0,27.0,525.780356685791,ultimate,LC0,200.0,1.3414978723404254,6.707489361702127
34.0,10.0,27.0,525.780356685791,ultimate,LC0,250.0,1.3414978723404254,5.365991489361702
34.0,10.0,27.0,525.780356685791,ultimate,LC0,300.0,1.3414978723404254,4.4716595744680845
34.0,10.0,27.0,525.780356685791,ultimate,LC1,150.0,4.5036,30.023999999999997
34.0,10.0,27.0,525.780356685791,ultimate,LC1,200.0,4.5036,22.517999999999997
34.0,10.0,27.0,525.780356685791,ultimate,LC1,250.0,4.5036,18.0144
34.0,10.0,27.0,525.780356685791,ultimate,LC1,300.0,4.5036,15.011999999999999
34.0,10.0,27.0,525.780356685791,ultimate,LC2A,150.0,4.5036,30.023999999999997
34.0,10.0,27.0,525.780356685791,ultimate,LC2A,200.0,4.5036,22.517999999999997
34.0,10.0,27.0,525.780356685791,ultimate,LC2A,250.0,4.5036,18.0144
34.0,10.0,27.0,525.780356685791,ultimate,LC2A,300.0,4.5036,15.011999999999999
34.0,10.0,27.0,525.780356685791,ultimate,LC2B,150.0,4.5036,30.023999999999997
34.0,10.0,27.0,525.780356685791,ultimate,LC2B,200.0,4.5036,22.517999999999997
34.0,10.0,27.0,525.780356685791,ultimate,LC2B,250.0,4.5036,18.0144
34.0,10.0,27.0,525.780356685791,ultimate,LC2B,300.0,4.5036,15.011999999999999
34.0,10.0,27.0,525.780356685791,ultimate,LC3,150.0,4.5036,30.023999999999997
34.0,10.0,27.0,525.780356685791,ultimate,LC3,200.0,4.5036,22.517999999999997
34.0,10.0,27.0,525.780356685791,ultimate,LC3,250.0,4.5036,18.0144
34.0,10.0,27.0,525.780356685791,ultimate,LC3,300.0,4.5036,15.011999999999999
34.0,10.0,27.0,525.780356685791,ultimate,LC4+,150.0,16.705608262139247,111.37072174759498
34.0,10.0,27.0,525.780356685791,ultimate,LC4+,200.0,16.705608262139247,83.52804131069622
34.0,10.0,27.0,525.780356685791,ultimate,LC4+,250.0,16.705608262139247,66.82243304855699
34.0,10.0,27.0,525.780356685791,ultimate,LC4+,300.0,16.705608262139247,55.68536087379749
34.0,10.0,27.0,525.780356685791,ultimate,LC4-,150.0,-12.712416262139245,84.74944174759497
34.0,10.0,27.0,525.780356685791,ultimate,LC4-,200.0,-12.712416262139245,63.56208131069622
34.0,10.0,27.0,525.780356685791,ultimate,LC4-,250.0,-12.712416262139245,50.84966504855698
34.0,10.0,27.0,525.780356685791,ultimate,LC4-,300.0,-12.712416262139245,42.374720873797486
34.0,10.0,27.0,525.780356685791,ultimate,LC5,150.0,1.9965960000000005,13.310640000000003
34.0,10.0,27.0,525.780356685791,ultimate,LC5,200.0,1.9965960000000005,9.982980000000001
34.0,10.0,27.0,525.780356685791,ultimate,LC5,250.0,1.9965960000000005,7.986384000000002
34.0,10.0,27.0,525.780356685791,ultimate,LC5,300.0,1.9965960000000005,6.6553200000000015
34.0,15.0,32.0,530.780356685791,limit,LC0,150.0,0.894331914893617,5.962212765957447
34.0,15.0,32.0,530.780356685791,limit,LC0,200.0,0.894331914893617,4.4716595744680845
34.0,15.0,32.0,530.780356685791,limit,LC0,250.0,0.894331914893617,3.577327659574468
34.0,15.0,32.0,530.780356685791,limit,LC0,300.0,0.894331914893617,2.9811063829787234
34.0,15.0,32.0,530.780356685791,limit,LC1,150.0,3.0023999999999997,20.016
34.0,15.0,32.0,530.780356685791,limit,LC1,200.0,3.0023999999999997,15.011999999999999
34.0,15.0,32.0,530.780356685791,limit,LC1,250.0,3.0023999999999997,12.009599999999999
34.0,15.0,32.0,530.780356685791,limit,LC1,300.0,3.0023999999999997,10.008
34.0,15.0,32.0,530.780356685791,limit,LC2A,150.0,3.0023999999999997,20.016
34.0,15.0,32.0,530.780356685791,limit,LC2A,200.0,3.0023999999999997,15.011999999999999
34.0,15.0,32.0,530.780356685791,limit,LC2A,250.0,3.0023999999999997,12.009599999999999
34.0,15.0,32.0,530.780356685791,limit,LC2A,300.0,3.0023999999999997,10.008
34.0,15.0,32.0,530.780356685791,limit,LC2B,150.0,3.0023999999999997,20.016
34.0,15.0,32.0,530.780356685791,limit,LC2B,200.0,3.0023999999999997,15.011999999999999
34.0,15.0,32.0,530.780356685791,limit,LC2B,250.0,3.0023999999999997,12.009599999999999
34.0,15.0,32.0,530.780356685791,limit,LC2B,300.0,3.0023999999999997,10.008
34.0,15.0,32.0,530.780356685791,limit,LC3,150.0,3.0023999999999997,20.016
34.0,15.0,32.0,530.780356685791,limit,LC3,200.0,3.0023999999999997,15.011999999999999
34.0,15.0,32.0,530.780356685791,limit,LC3,250.0,3.0023999999999997,12.009599999999999
34.0,15.0,32.0,530.780356685791,limit,LC3,300.0,3.0023999999999997,10.008
34.0,15.0,32.0,530.780356685791,limit,LC4+,150.0,11.178772174759496,74.52514783172998
34.0,15.0,32.0,530.780356685791,limit,LC4+,200.0,11.178772174759496,55.89386087379748
34.0,15.0,32.0,530.780356685791,limit,LC4+,250.0,11.178772174759496,44.715088699037985
34.0,15.0,32.0,530.780356685791,limit,LC4+,300.0,11.178772174759496,37.26257391586499
34.0,15.0,32.0,530.780356685791,limit,LC4-,150.0,-8.516644174759497,56.77762783172998
34.0,15.0,32.0,530.780356685791,limit,LC4-,200.0,-8.516644174759497,42.58322087379748
34.0,15.0,32.0,530.780356685791,limit,LC4-,250.0,-8.516644174759497,34.06657669903799
34.0,15.0,32.0,530.780356685791,limit,LC4-,300.0,-8.516644174759497,28.38881391586499
34.0,15.0,32.0,530.780356685791,limit,LC5,150.0,1.331064,8.87376
34.0,15.0,32.0,530.780356685791,limit,LC5,200.0,1.331064,6.65532
34.0,15.0,32.0,530.780356685791,limit,LC5,250.0,1.331064,5.324256
34.0,15.0,32.0,530.780356685791,limit,LC5,300.0,1.331064,4.43688
34.0,15.0,32.0,530.780356685791,ultimate,LC0,150.0,1.3414978723404254,8.943319148936169
34.0,15.0,32.0,530.780356685791,ultimate,LC0,200.0,1.3414978723404254,6.707489361702127
34.0,15.0,32.0,530.780356685791,ultimate,LC0,250.0,1.3414978723404254,5.365991489361702
34.0,15.0,32.0,530.780356685791,ultimate,LC0,300.0,1.3414978723404254,4.4716595744680845
34.0,15.0,32.0,530.780356685791,ultimate,LC1,150.0,4.5036,30.023999999999997
34.0,15.0,32.0,530.780356685791,ultimate,LC1,200.0,4.5036,22.517999999999997
34.0,15.0,32.0,530.780356685791,ultimate,LC1,250.0,4.5036,18.0144
34.0,15.0,32.0,530.780356685791,ultimate,LC1,300.0,4.5036,15.011999999999999
34.0,15.0,32.0,530.780356685791,ultimate,LC2A,150.0,4.5036,30.023999999999997
34.0,15.0,32.0,530.780356685791,ultimate,LC2A,200.0,4.5036,22.517999999999997
34.0,15.0,32.0,530.780356685791,ultimate,LC2A,250.0,4.5036,18.0144
34.0,15.0,32.0,530.780356685791,ultimate,LC2A,300.0,4.5036,15.011999999999999
34.0,15.0,32.0,530.780356685791,ultimate,LC2B,150.0,4.5036,30.023999999999997
34.0,15.0,32.0,530.780356685791,ultimate,LC2B,200.0,4.5036,22.517999999999997
34.0,15.0,32.0,530.780356685791,ultimate,LC2B,250.0,4.5036,18.0144
34.0,15.0,32.0,530.780356685791,ultimate,LC2B,300.0,4.5036,15.011999999999999
34.0,15.0,32.0,530.780356685791,ultimate,LC3,150.0,4.5036,30.023999999999997
34.0,15.0,32.0,530.780356685791,ultimate,LC3,200.0,4.5036,22.517999999999997
34.0,15.0,32.0,530.780356685791,ultimate,LC3,250.0,4.5036,18.0144
34.0,15.0,32.0,530.780356685791,ultimate,LC3,300.0,4.5036,15.011999999999999
34.0,15.0,32.0,530.780356685791,ultimate,LC4+,150.0,16.76815826213925,111.787721747595
34.0,15.0,32.0,530.780356685791,ultimate,LC4+,200.0,16.76815826213925,83.84079131069623
34.0,15.0,32.0,530.780356685791,ultimate,LC4+,250.0,16.76815826213925,67.072633048557
34.0,15.0,32.0,530.780356685791,ultimate,LC4+,300.0,16.76815826213925,55.8938608737975
34.0,15.0,32.0,530.780356685791,ultimate,LC4-,150.0,-12.774966262139246,85.16644174759497
34.0,15.0,32.0,530.780356685791,ultimate,LC4-,200.0,-12.774966262139246,63.87483131069623
34.0,15.0,32.0,530.780356685791,ultimate,LC4-,250.0,-12.774966262139246,51.099865048556985
34.0,15.0,32.0,530.780356685791,ultimate,LC4-,300.0,-12.774966262139246,42.58322087379749
34.0,15.0,32.0,530.780356685791,ultimate,LC5,150.0,1.9965960000000005,13.310640000000003
34.0,15.0,32.0,530.780356685791,ultimate,LC5,200.0,1.9965960000000005,9.982980000000001
34.0,15.0,32.0,530.780356685791,ultimate,LC5,250.0,1.9965960000000005,7.986384000000002
34.0,15.0,32.0,530.780356685791,ultimate,LC5,300.0,1.9965960000000005,6.6553200000000015
34.0,20.0,37.0,535.780356685791,limit,LC0,150.0,0.894331914893617,5.962212765957447
34.0,20.0,37.0,535.780356685791,limit,LC0,200.0,0.894331914893617,4.4716595744680845
34.0,20.0,37.0,535.780356685791,limit,LC0,250.0,0.894331914893617,3.577327659574468
34.0,20.0,37.0,535.780356685791,limit,LC0,300.0,0.894331914893617,2.9811063829787234
34.0,20.0,37.0,535.780356685791,limit,LC1,150.0,3.0023999999999997,20.016
34.0,20.0,37.0,535.780356685791,limit,LC1,200.0,3.0023999999999997,15.011999999999999
34.0,20.0,37.0,535.780356685791,limit,LC1,250.0,3.0023999999999997,12.009599999999999
34.0,20.0,37.0,535.780356685791,limit,LC1,300.0,3.0023999999999997,10.008
34.0,20.0,37.0,535.780356685791,limit,LC2A,150.0,3.0023999999999997,20.016
34.0,20.0,37.0,535.780356685791,limit,LC2A,200.0,3.0023999999999997,15.011999999999999
34.0,20.0,37.0,535.780356685791,limit,LC2A,250.0,3.0023999999999997,12.009599999999999
34.0,20.0,37.0,535.780356685791,limit,LC2A,300.0,3.0023999999999997,10.008
34.0,20.0,37.0,535.780356685791,limit,LC2B,150.0,3.0023999999999997,20.016
34.0,20.0,37.0,535.780356685791,limit,LC2B,200.0,3.0023999999999997,15.011999999999999
34.0,20.0,37.0,535.780356685791,limit,LC2B,250.0,3.0023999999999997,12.009599999999999
34.0,20.0,37.0,535.780356685791,limit,LC2B,300.0,3.0023999999999997,10.008
34.0,20.0,37.0,535.780356685791,limit,LC3,150.0,3.0023999999999997,20.016
34.0,20.0,37.0,535.780356685791,limit,LC3,200.0,3.0023999999999997,15.011999999999999
34.0,20.0,37.0,535.780356685791,limit,LC3,250.0,3.0023999999999997,12.009599999999999
34.0,20.0,37.0,535.780356685791,limit,LC3,300.0,3.0023999999999997,10.008
34.0,20.0,37.0,535.780356685791,limit,LC4+,150.0,11.220472174759498,74.80314783172999
34.0,20.0,37.0,535.780356685791,limit,LC4+,200.0,11.220472174759498,56.10236087379749
34.0,20.0,37.0,535.780356685791,limit,LC4+,250.0,11.220472174759498,44.881888699037994
34.0,20.0,37.0,535.780356685791,limit,LC4+,300.0,11.220472174759498,37.401573915864994
34.0,20.0,37.0,535.780356685791,limit,LC4-,150.0,-8.5583441747595,57.05562783173
34.0,20.0,37.0,535.780356685791,limit,LC4-,200.0,-8.5583441747595,42.791720873797495
34.0,20.0,37.0,535.780356685791,limit,LC4-,250.0,-8.5583441747595,34.233376699038
34.0,20.0,37.0,535.780356685791,limit,LC4-,300.0,-8.5583441747595,28.527813915865
34.0,20.0,37.0,535.780356685791,limit,LC5,150.0,1.331064,8.87376
34.0,20.0,37.0,535.780356685791,limit,LC5,200.0,1.331064,6.65532
34.0,20.0,37.0,535.780356685791,limit,LC5,250.0,1.331064,5.324256
34.0,20.0,37.0,535.780356685791,limit,LC5,300.0,1.331064,4.43688
34.0,20.0,37.0,535.780356685791,ultimate,LC0,150.0,1.3414978723404254,8.943319148936169
34.0,20.0,37.0,535.780356685791,ultimate,LC0,200.0,1.3414978723404254,6.707489361702127
34.0,20.0,37.0,535.780356685791,ultimate,LC0,250.0,1.3414978723404254,5.365991489361702
34.0,20.0,37.0,535.780356685791,ultimate,LC0,300.0,1.3414978723404254,4.4716595744680845
34.0,20.0,37.0,535.780356685791,ultimate,LC1,150.0,4.5036,30.023999999999997
34.0,20.0,37.0,535.780356685791,ultimate,LC1,200.0,4.5036,22.517999999999997
34.0,20.0,37.0,535.780356685791,ultimate,LC1,250.0,4.5036,18.0144
34.0,20.0,37.0,535.780356685791,ultimate,LC1,300.0,4.5036,15.011999999999999
34.0,20.0,37.0,535.780356685791,ultimate,LC2A,150.0,4.5036,30.023999999999997
34.0,20.0,37.0,535.780356685791,ultimate,LC2A,200.0,4.5036,22.517999999999997
34.0,20.0,37.0,535.780356685791,ultimate,LC2A,250.0,4.5036,18.0144
34.0,20.0,37.0,535.780356685791,ultimate,LC2A,300.0,4.5036,15.011999999999999
34.0,20.0,37.0,535.780356685791,ultimate,LC2B,150.0,4.5036,30.023999999999997
34.0,20.0,37.0,535.780356685791,ultimate,LC2B,200.0,4.5036,22.517999999999997
34.0,20.0,37.0,535.780356685791,ultimate,LC2B,250.0,4.5036,18.0144
34.0,20.0,37.0,535.780356685791,ultimate,LC2B,300.0,4.5036,15.011999999999999
34.0,20.0,37.0,535.780356685791,ultimate,LC3,150.0,4.5036,30.023999999999997
34.0,20.0,37.0,535.780356685791,ultimate,LC3,200.0,4.5036,22.517999999999997
34.0,20.0,37.0,535.780356685791,ultimate,LC3,250.0,4.5036,18.0144
34.0,20.0,37.0,535.780356685791,ultimate,LC3,300.0,4.5036,15.011999999999999
34.0,20.0,37.0,535.780356685791,ultimate,LC4+,150.0,16.83070826213925,112.204721747595
34.0,20.0,37.0,535.780356685791,ultimate,LC4+,200.0,16.83070826213925,84.15354131069624
34.0,20.0,37.0,535.780356685791,ultimate,LC4+,250.0,16.83070826213925,67.322833048557
34.0,20.0,37.0,535.780356685791,ultimate,LC4+,300.0,16.83070826213925,56.1023608737975
34.0,20.0,37.0,535.780356685791,ultimate,LC4-,150.0,-12.837516262139248,85.58344174759499
34.0,20.0,37.0,535.780356685791,ultimate,LC4-,200.0,-12.837516262139248,64.18758131069623
34.0,20.0,37.0,535.780356685791,ultimate,LC4-,250.0,-12.837516262139248,51.35006504855699
34.0,20.0,37.0,535.780356685791,ultimate,LC4-,300.0,-12.837516262139248,42.791720873797495
34.0,20.0,37.0,535.780356685791,ultimate,LC5,150.0,1.9965960000000005,13.310640000000003
34.0,20.0,37.0,535.780356685791,ultimate,LC5,200.0,1.9965960000000005,9.982980000000001
34.0,20.0,37.0,535.780356685791,ultimate,LC5,250.0,1.9965960000000005,7.986384000000002
34.0,20.0,37.0,535.780356685791,ultimate,LC5,300.0,1.9965960000000005,6.6553200000000015
36.0,5.0,23.0,521.780356685791,limit,LC0,150.0,0.894331914893617,5.962212765957447
36.0,5.0,23.0,521.780356685791,limit,LC0,200.0,0.894331914893617,4.4716595744680845
36.0,5.0,23.0,521.780356685791,limit,LC0,250.0,0.894331914893617,3.577327659574468
36.0,5.0,23.0,521.780356685791,limit,LC0,300.0,0.894331914893617,2.9811063829787234
36.0,5.0,23.0,521.780356685791,limit,LC1,150.0,3.0023999999999997,20.016
36.0,5.0,23.0,521.780356685791,limit,LC1,200.0,3.0023999999999997,15.011999999999999
36.0,5.0,23.0,521.780356685791,limit,LC1,250.0,3.0023999999999997,12.009599999999999
36.0,5.0,23.0,521.780356685791,limit,LC1,300.0,3.0023999999999997,10.008
36.0,5.0,23.0,521.780356685791,limit,LC2A,150.0,3.0023999999999997,20.016
36.0,5.0,23.0,521.780356685791,limit,LC2A,200.0,3.0023999999999997,15.011999999999999
36.0,5.0,23.0,521.780356685791,limit,LC2A,250.0,3.0023999999999997,12.009599999999999
36.0,5.0,23.0,521.780356685791,limit,LC2A,300.0,3.0023999999999997,10.008
36.0,5.0,23.0,521.780356685791,limit,LC2B,150.0,3.0023999999999997,20.016
36.0,5.0,23.0,521.780356685791,limit,LC2B,200.0,3.0023999999999997,15.011999999999999
36.0,5.0,23.0,521.780356685791,limit,LC2B,250.0,3.0023999999999997,12.009599999999999
36.0,5.0,23.0,521.780356685791,limit,LC2B,300.0,3.0023999999999997,10.008
36.0,5.0,23.0,521.780356685791,limit,LC3,150.0,3.0023999999999997,20.016
36.0,5.0,23.0,521.780356685791,limit,LC3,200.0,3.0023999999999997,15.011999999999999
36.0,5.0,23.0,521.780356685791,limit,LC3,250.0,3.0023999999999997,12.009599999999999
36.0,5.0,23.0,521.780356685791,limit,LC3,300.0,3.0023999999999997,10.008
36.0,5.0,23.0,521.780356685791,limit,LC4+,150.0,11.103712174759496,74.02474783172997
36.0,5.0,23.0,521.780356685791,limit,LC4+,200.0,11.103712174759496,55.518560873797476
36.0,5.0,23.0,521.780356685791,limit,LC4+,250.0,11.103712174759496,44.41484869903798
36.0,5.0,23.0,521.780356685791,limit,LC4+,300.0,11.103712174759496,37.012373915864984
36.0,5.0,23.0,521.780356685791,limit,LC4-,150.0,-8.441584174759496,56.27722783172998
36.0,5.0,23.0,521.780356685791,limit,LC4-,200.0,-8.441584174759496,42.20792087379748
36.0,5.0,23.0,521.780356685791,limit,LC4-,250.0,-8.441584174759496,33.766336699037986
36.0,5.0,23.0,521.780356685791,limit,LC4-,300.0,-8.441584174759496,28.13861391586499
36.0,5.0,23.0,521.780356685791,limit,LC5,150.0,1.331064,8.87376
36.0,5.0,23.0,521.780356685791,limit,LC5,200.0,1.331064,6.65532
36.0,5.0,23.0,521.780356685791,limit,LC5,250.0,1.331064,5.324256
36.0,5.0,23.0,521.780356685791,limit,LC5,300.0,1.331064,4.43688
36.0,5.0,23.0,521.780356685791,ultimate,LC0,150.0,1.3414978723404254,8.943319148936169
36.0,5.0,23.0,521.780356685791,ultimate,LC0,200.0,1.3414978723404254,6.707489361702127
36.0,5.0,23.0,521.780356685791,ultimate,LC0,250.0,1.3414978723404254,5.365991489361702
36.0,5.0,23.0,521.780356685791,ultimate,LC0,300.0,1.3414978723404254,4.4716595744680845
36.0,5.0,23.0,521.780356685791,ultimate,LC1,150.0,4.5036,30.023999999999997
36.0,5.0,23.0,521.780356685791,ultimate,LC1,200.0,4.5036,22.517999999999997
36.0,5.0,23.0,521.780356685791,ultimate,LC1,250.0,4.5036,18.0144
36.0,5.0,23.0,521.780356685791,ultimate,LC1,300.0,4.5036,15.011999999999999
36.0,5.0,23.0,521.780356685791,ultimate,LC2A,150.0,4.5036,30.023999999999997
36.0,5.0,23.0,521.780356685791,ultimate,LC2A,200.0,4.5036,22.517999999999997
36.0,5.0,23.0,521.780356685791,ultimate,LC2A,250.0,4.5036,18.0144
36.0,5.0,23.0,521.780356685791,ultimate,LC2A,300.0,4.5036,15.011999999999999
36.0,5.0,23.0,521.780356685791,ultimate,LC2B,150.0,4.5036,30.023999999999997
36.0,5.0,23.0,521.780356685791,ultimate,LC2B,200.0,4.5036,22.517999999999997
36.0,5.0,23.0,521.780356685791,ultimate,LC2B,250.0,4.5036,18.0144
36.0,5.0,23.0,521.780356685791,ultimate,LC2B,300.0,4.5036,15.011999999999999
36.0,5.0,23.0,521.780356685791,ultimate,LC3,150.0,4.5036,30.023999999999997
36.0,5.0,23.0,521.780356685791,ultimate,LC3,200.0,4.5036,22.517999999999997
36.0,5.0,23.0,521.780356685791,ultimate,LC3,250.0,4.5036,18.0144
36.0,5.0,23.0,521.780356685791,ultimate,LC3,300.0,4.5036,15.011999999999999
36.0,5.0,23.0,521.780356685791,ultimate,LC4+,150.0,16.655568262139244,111.03712174759497
36.0,5.0,23.0,521.780356685791,ultimate,LC4+,200.0,16.655568262139244,83.27784131069622
36.0,5.0,23.0,521.780356685791,ultimate,LC4+,250.0,16.655568262139244,66.62227304855698
36.0,5.0,23.0,521.780356685791,ultimate,LC4+,300.0,16.655568262139244,55.51856087379748
36.0,5.0,23.0,521.780356685791,ultimate,LC4-,150.0,-12.662376262139244,84.41584174759497
36.0,5.0,23.0,521.780356685791,ultimate,LC4-,200.0,-12.662376262139244,63.311881310696215
36.0,5.0,23.0,521.780356685791,ultimate,LC4-,250.0,-12.662376262139244,50.649505048556975
36.0,5.0,23.0,521.780356685791,ultimate,LC4-,300.0,-12.662376262139244,42.207920873797484
36.0,5.0,23.0,521.780356685791,ultimate,LC5,150.0,1.9965960000000005,13.310640000000003
36.0,5.0,23.0,521.780356685791,ultimate,LC5,200.0,1.9965960000000005,9.982980000000001
36.0,5.0,23.0,521.780356685791,ultimate,LC5,250.0,1.9965960000000005,7.986384000000002
36.0,5.0,23.0,521.780356685791,ultimate,LC5,300.0,1.9965960000000005,6.6553200000000015
36.0,10.0,28.0,526.780356685791,limit,LC0,150.0,0.894331914893617,5.962212765957447
36.0,10.0,28.0,526.780356685791,limit,LC0,200.0,0.894331914893617,4.4716595744680845
36.0,10.0,28.0,526.780356685791,limit,LC0,250.0,0.894331914893617,3.577327659574468
36.0,10.0,28.0,526.780356685791,limit,LC0,300.0,0.894331914893617,2.9811063829787234
36.0,10.0,28.0,526.780356685791,limit,LC1,150.0,3.0023999999999997,20.016
36.0,10.0,28.0,526.780356685791,limit,LC1,200.0,3.0023999999999997,15.011999999999999
36.0,10.0,28.0,526.780356685791,limit,LC1,250.0,3.0023999999999997,12.009599999999999
36.0,10.0,28.0,526.780356685791,limit,LC1,300.0,3.0023999999999997,10.008
36.0,10.0,28.0,526.780356685791,limit,LC2A,150.0,3.0023999999999997,20.016
36.0,10.0,28.0,526.780356685791,limit,LC2A,200.0,3.0023999999999997,15.011999999999999
36.0,10.0,28.0,526.780356685791,limit,LC2A,250.0,3.0023999999999997,12.009599999999999
36.0,10.0,28.0,526.780356685791,limit,LC2A,300.0,3.0023999999999997,10.008
36.0,10.0,28.0,526.780356685791,limit,LC2B,150.0,3.0023999999999997,20.016
36.0,10.0,28.0,526.780356685791,limit,LC2B,200.0,3.0023999999999997,15.011999999999999
36.0,10.0,28.0,526.780356685791,limit,LC2B,250.0,3.0023999999999997,12.009599999999999
36.0,10.0,28.0,526.780356685791,limit,LC2B,300.0,3.0023999999999997,10.008
36.0,10.0,28.0,526.780356685791,limit,LC3,150.0,3.0023999999999997,20.016
36.0,10.0,28.0,526.780356685791,limit,LC3,200.0,3.0023999999999997,15.011999999999999
36.0,10.0,28.0,526.780356685791,limit,LC3,250.0,3.0023999999999997,12.009599999999999
36.0,10.0,28.0,526.780356685791,limit,LC3,300.0,3.0023999999999997,10.008
36.0,10.0,28.0,526.780356685791,limit,LC4+,150.0,11.145412174759496,74.30274783172997
36.0,10.0,28.0,526.780356685791,limit,LC4+,200.0,11.145412174759496,55.72706087379748
36.0,10.0,28.0,526.780356685791,limit,LC4+,250.0,11.145412174759496,44.581648699037984
36.0,10.0,28.0,526.780356685791,limit,LC4+,300.0,11.145412174759496,37.15137391586499
36.0,10.0,28.0,526.780356685791,limit,LC4-,150.0,-8.483284174759497,56.55522783172998
36.0,10.0,28.0,526.780356685791,limit,LC4-,200.0,-8.483284174759497,42.416420873797485
36.0,10.0,28.0,526.780356685791,limit,LC4-,250.0,-8.483284174759497,33.93313669903799
36.0,10.0,28.0,526.780356685791,limit,LC4-,300.0,-8.483284174759497,28.27761391586499
36.0,10.0,28.0,526.780356685791,limit,LC5,150.0,1.331064,8.87376
36.0,10.0,28.0,526.780356685791,limit,LC5,200.0,1.331064,6.65532
36.0,10.0,28.0,526.780356685791,limit,LC5,250.0,1.331064,5.324256
36.0,10.0,28.0,526.780356685791,limit,LC5,300.0,1.331064,4.43688
36.0,10.0,28.0,526.780356685791,ultimate,LC0,150.0,1.3414978723404254,8.943319148936169
36.0,10.0,28.0,526.780356685791,ultimate,LC0,200.0,1.3414978723404254,6.707489361702127
36.0,10.0,28.0,526.780356685791,ultimate,LC0,250.0,1.3414978723404254,5.365991489361702
36.0,10.0,28.0,526.780356685791,ultimate,LC0,300.0,1.3414978723404254,4.4716595744680845
36.0,10.0,28.0,526.780356685791,ultimate,LC1,150.0,4.5036,30.023999999999997
36.0,10.0,28.0,526.780356685791,ultimate,LC1,200.0,4.5036,22.517999999999997
36.0,10.0,28.0,526.780356685791,ultimate,LC1,250.0,4.5036,18.0144
36.0,10.0,28.0,526.780356685791,ultimate,LC1,300.0,4.5036,15.011999999999999
36.0,10.0,28.0,526.780356685791,ultimate,LC2A,150.0,4.5036,30.023999999999997
36.0,10.0,28.0,526.780356685791,ultimate,LC2A,200.0,4.5036,22.517999999999997
36.0,10.0,28.0,526.780356685791,ultimate,LC2A,250.0,4.5036,18.0144
36.0,10.0,28.0,526.780356685791,ultimate,LC2A,300.0,4.5036,15.011999999999999
36.0,10.0,28.0,526.780356685791,ultimate,LC2B,150.0,4.5036,30.023999999999997
36.0,10.0,28.0,526.780356685791,ultimate,LC2B,200.0,4.5036,22.517999999999997
36.0,10.0,28.0,526.780356685791,ultimate,LC2B,250.0,4.5036,18.0144
36.0,10.0,28.0,526.780356685791,ultimate,LC2B,300.0,4.5036,15.011999999999999
36.0,10.0,28.0,526.780356685791,ultimate,LC3,150.0,4.5036,30.023999999999997
36.0,10.0,28.0,526.780356685791,ultimate,LC3,200.0,4.5036,22.517999999999997
36.0,10.0,28.0,526.780356685791,ultimate,LC3,250.0,4.5036,18.0144
36.0,10.0,28.0,526.780356685791,ultimate,LC3,300.0,4.5036,15.011999999999999
36.0,10.0,28.0,526.780356685791,ultimate,LC4+,150.0,16.718118262139246,111.45412174759498
36.0,10.0,28.0,526.780356685791,ultimate,LC4+,200.0,16.718118262139246,83.59059131069623
36.0,10.0,28.0,526.780356685791,ultimate,LC4+,250.0,16.718118262139246,66.87247304855698
36.0,10.0,28.0,526.780356685791,ultimate,LC4+,300.0,16.718118262139246,55.72706087379749
36.0,10.0,28.0,526.780356685791,ultimate,LC4-,150.0,-12.724926262139245,84.83284174759497
36.0,10.0,28.0,526.780356685791,ultimate,LC4-,200.0,-12.724926262139245,63.62463131069622
36.0,10.0,28.0,526.780356685791,ultimate,LC4-,250.0,-12.724926262139245,50.89970504855698
36.0,10.0,28.0,526.780356685791,ultimate,LC4-,300.0,-12.724926262139245,42.416420873797485
36.0,10.0,28.0,526.780356685791,ultimate,LC5,150.0,1.9965960000000005,13.310640000000003
36.0,10.0,28.0,526.780356685791,ultimate,LC5,200.0,1.9965960000000005,9.982980000000001
36.0,10.0,28.0,526.780356685791,ultimate,LC5,250.0,1.9965960000000005,7.986384000000002
36.0,10.0,28.0,526.780356685791,ultimate,LC5,300.0,1.9965960000000005,6.6553200000000015
36.0,15.0,33.0,531.780356685791,limit,LC0,150.0,0.894331914893617,5.962212765957447
36.0,15.0,33.0,531.780356685791,limit,LC0,200.0,0.894331914893617,4.4716595744680845
36.0,15.0,33.0,531.780356685791,limit,LC0,250.0,0.894331914893617,3.577327659574468
36.0,15.0,33.0,531.780356685791,limit,LC0,300.0,0.894331914893617,2.9811063829787234
36.0,15.0,33.0,531.780356685791,limit,LC1,150.0,3.0023999999999997,20.016
36.0,15.0,33.0,531.780356685791,limit,LC1,200.0,3.0023999999999997,15.011999999999999
36.0,15.0,33.0,531.780356685791,limit,LC1,250.0,3.0023999999999997,12.009599999999999
36.0,15.0,33.0,531.780356685791,limit,LC1,300.0,3.0023999999999997,10.008
36.0,15.0,33.0,531.780356685791,limit,LC2A,150.0,3.0023999999999997,20.016
36.0,15.0,33.0,531.780356685791,limit,LC2A,200.0,3.0023999999999997,15.011999999999999
36.0,15.0,33.0,531.780356685791,limit,LC2A,250.0,3.0023999999999997,12.009599999999999
36.0,15.0,33.0,531.780356685791,limit,LC2A,300.0,3.0023999999999997,10.008
36.0,15.0,33.0,531.780356685791,limit,LC2B,150.0,3.0023999999999997,20.016
36.0,15.0,33.0,531.780356685791,limit,LC2B,200.0,3.0023999999999997,15.011999999999999
36.0,15.0,33.0,531.780356685791,limit,LC2B,250.0,3.0023999999999997,12.009599999999999
36.0,15.0,33.0,531.780356685791,limit,LC2B,300.0,3.0023999999999997,10.008
36.0,15.0,33.0,531.780356685791,limit,LC3,150.0,3.0023999999999997,20.016
36.0,15.0,33.0,531.780356685791,limit,LC3,200.0,3.0023999999999997,15.011999999999999
36.0,15.0,33.0,531.780356685791,limit,LC3,250.0,3.0023999999999997,12.009599999999999
36.0,15.0,33.0,531.780356685791,limit,LC3,300.0,3.0023999999999997,10.008
36.0,15.0,33.0,531.780356685791,limit,LC4+,150.0,11.187112174759498,74.58074783173
36.0,15.0,33.0,531.780356685791,limit,LC4+,200.0,11.187112174759498,55.93556087379749
36.0,15.0,33.0,531.780356685791,limit,LC4+,250.0,11.187112174759498,44.74844869903799
36.0,15.0,33.0,531.780356685791,limit,LC4+,300.0,11.187112174759498,37.290373915865
36.0,15.0,33.0,531.780356685791,limit,LC4-,150.0,-8.5249841747595,56.83322783173
36.0,15.0,33.0,531.780356685791,limit,LC4-,200.0,-8.5249841747595,42.62492087379749
36.0,15.0,33.0,531.780356685791,limit,LC4-,250.0,-8.5249841747595,34.099936699038
36.0,15.0,33.0,531.780356685791,limit,LC4-,300.0,-8.5249841747595,28.416613915865
36.0,15.0,33.0,531.780356685791,limit,LC5,150.0,1.331064,8.87376
36.0,15.0,33.0,531.780356685791,limit,LC5,200.0,1.331064,6.65532
36.0,15.0,33.0,531.780356685791,limit,LC5,250.0,1.331064,5.324256
36.0,15.0,33.0,531.780356685791,limit,LC5,300.0,1.331064,4.43688
36.0,15.0,33.0,531.780356685791,ultimate,LC0,150.0,1.3414978723404254,8.943319148936169
36.0,15.0,33.0,531.780356685791,ultimate,LC0,200.0,1.3414978723404254,6.707489361702127
36.0,15.0,33.0,531.780356685791,ultimate,LC0,250.0,1.3414978723404254,5.365991489361702
36.0,15.0,33.0,531.780356685791,ultimate,LC0,300.0,1.3414978723404254,4.4716595744680845
36.0,15.0,33.0,531.780356685791,ultimate,LC1,150.0,4.5036,30.023999999999997
36.0,15.0,33.0,531.780356685791,ultimate,LC1,200.0,4.5036,22.517999999999997
36.0,15.0,33.0,531.780356685791,ultimate,LC1,250.0,4.5036,18.0144
36.0,15.0,33.0,531.780356685791,ultimate,LC1,300.0,4.5036,15.011999999999999
36.0,15.0,33.0,531.780356685791,ultimate,LC2A,150.0,4.5036,30.023999999999997
36.0,15.0,33.0,531.780356685791,ultimate,LC2A,200.0,4.5036,22.517999999999997
36.0,15.0,33.0,531.780356685791,ultimate,LC2A,250.0,4.5036,18.0144
36.0,15.0,33.0,531.780356685791,ultimate,LC2A,300.0,4.5036,15.011999999999999
36.0,15.0,33.0,531.780356685791,ultimate,LC2B,150.0,4.5036,30.023999999999997
36.0,15.0,33.0,531.780356685791,ultimate,LC2B,200.0,4.5036,22.517999999999997
36.0,15.0,33.0,531.780356685791,ultimate,LC2B,250.0,4.5036,18.0144
36.0,15.0,33.0,531.780356685791,ultimate,LC2B,300.0,4.5036,15.011999999999999
36.0,15.0,33.0,531.780356685791,ultimate,LC3,150.0,4.5036,30.023999999999997
36.0,15.0,33.0,531.780356685791,ultimate,LC3,200.0,4.5036,22.517999999999997
36.0,15.0,33.0,531.780356685791,ultimate,LC3,250.0,4.5036,18.0144
36.0,15.0,33.0,531.780356685791,ultimate,LC3,300.0,4.5036,15.011999999999999
36.0,15.0,33.0,531.780356685791,ultimate,LC4+,150.0,16.780668262139248,111.87112174759498
36.0,15.0,33.0,531.780356685791,ultimate,LC4+,200.0,16.780668262139248,83.90334131069623
36.0,15.0,33.0,531.780356685791,ultimate,LC4+,250.0,16.780668262139248,67.12267304855699
36.0,15.0,33.0,531.780356685791,ultimate,LC4+,300.0,16.780668262139248,55.93556087379749
36.0,15.0,33.0,531.780356685791,ultimate,LC4-,150.0,-12.787476262139247,85.24984174759499
36.0,15.0,33.0,531.780356685791,ultimate,LC4-,200.0,-12.787476262139247,63.93738131069623
36.0,15.0,33.0,531.780356685791,ultimate,LC4-,250.0,-12.787476262139247,51.14990504855699
36.0,15.0,33.0,531.780356685791,ultimate,LC4-,300.0,-12.787476262139247,42.62492087379749
36.0,15.0,33.0,531.780356685791,ultimate,LC5,150.0,1.9965960000000005,13.310640000000003
36.0,15.0,33.0,531.780356685791,ultimate,LC5,200.0,1.9965960000000005,9.982980000000001
36.0,15.0,33.0,531.780356685791,ultimate,LC5,250.0,1.9965960000000005,7.986384000000002
36.0,15.0,33.0,531.780356685791,ultimate,LC5,300.0,1.9965960000000005,6.6553200000000015
36.0,20.0,38.0,536.780356685791,limit,LC0,150.0,0.894331914893617,5.962212765957447
36.0,20.0,38.0,536.780356685791,limit,LC0,200.0,0.894331914893617,4.4716595744680845
36.0,20.0,38.0,536.780356685791,limit,LC0,250.0,0.894331914893617,3.577327659574468
36.0,20.0,38.0,536.780356685791,limit,LC0,300.0,0.894331914893617,2.9811063829787234
36.0,20.0,38.0,536.780356685791,limit,LC1,150.0,3.0023999999999997,20.016
36.0,20.0,38.0,536.780356685791,limit,LC1,200.0,3.0023999999999997,15.011999999999999
36.0,20.0,38.0,536.780356685791,limit,LC1,250.0,3.0023999999999997,12.009599999999999
36.0,20.0,38.0,536.780356685791,limit,LC1,300.0,3.0023999999999997,10.008
36.0,20.0,38.0,536.780356685791,limit,LC2A,150.0,3.0023999999999997,20.016
36.0,20.0,38.0,536.780356685791,limit,LC2A,200.0,3.0023999999999997,15.011999999999999
36.0,20.0,38.0,536.780356685791,limit,LC2A,250.0,3.0023999999999997,12.009599999999999
36.0,20.0,38.0,536.780356685791,limit,LC2A,300.0,3.0023999999999997,10.008
36.0,20.0,38.0,536.780356685791,limit,LC2B,150.0,3.0023999999999997,20.016
36.0,20.0,38.0,536.780356685791,limit,LC2B,200.0,3.0023999999999997,15.011999999999999
36.0,20.0,38.0,536.780356685791,limit,LC2B,250.0,3.0023999999999997,12.009599999999999
36.0,20.0,38.0,536.780356685791,limit,LC2B,300.0,3.0023999999999997,10.008
36.0,20.0,38.0,536.780356685791,limit,LC3,150.0,3.0023999999999997,20.016
36.0,20.0,38.0,536.780356685791,limit,LC3,200.0,3.0023999999999997,15.011999999999999
36.0,20.0,38.0,536.780356685791,limit,LC3,250.0,3.0023999999999997,12.009599999999999
36.0,20.0,38.0,536.780356685791,limit,LC3,300.0,3.0023999999999997,10.008
36.0,20.0,38.0,536.780356685791,limit,LC4+,150.0,11.228812174759497,74.85874783172999
36.0,20.0,38.0,536.780356685791,limit,LC4+,200.0,11.228812174759497,56.144060873797486
36.0,20.0,38.0,536.780356685791,limit,LC4+,250.0,11.228812174759497,44.91524869903799
36.0,20.0,38.0,536.780356685791,limit,LC4+,300.0,11.228812174759497,37.42937391586499
36.0,20.0,38.0,536.780356685791,limit,LC4-,150.0,-8.566684174759498,57.11122783172999
36.0,20.0,38.0,536.780356685791,limit,LC4-,200.0,-8.566684174759498,42.833420873797486
36.0,20.0,38.0,536.780356685791,limit,LC4-,250.0,-8.566684174759498,34.26673669903799
36.0,20.0,38.0,536.780356685791,limit,LC4-,300.0,-8.566684174759498,28.555613915864996
36.0,20.0,38.0,536.780356685791,limit,LC5,150.0,1.331064,8.87376
36.0,20.0,38.0,536.780356685791,limit,LC5,200.0,1.331064,6.65532
36.0,20.0,38.0,536.780356685791,limit,LC5,250.0,1.331064,5.324256
36.0,20.0,38.0,536.780356685791,limit,LC5,300.0,1.331064,4.43688
36.0,20.0,38.0,536.780356685791,ultimate,LC0,150.0,1.3414978723404254,8.943319148936169
36.0,20.0,38.0,536.780356685791,ultimate,LC0,200.0,1.3414978723404254,6.707489361702127
36.0,20.0,38.0,536.780356685791,ultimate,LC0,250.0,1.3414978723404254,5.365991489361702
36.0,20.0,38.0,536.780356685791,ultimate,LC0,300.0,1.3414978723404254,4.4716595744680845
36.0,20.0,38.0,536.780356685791,ultimate,LC1,150.0,4.5036,30.023999999999997
36.0,20.0,38.0,536.780356685791,ultimate,LC1,200.0,4.5036,22.517999999999997
36.0,20.0,38.0,536.780356685791,ultimate,LC1,250.0,4.5036,18.0144
36.0,20.0,38.0,536.780356685791,ultimate,LC1,300.0,4.5036,15.011999999999999
36.0,20.0,38.0,536.780356685791,ultimate,LC2A,150.0,4.5036,30.023999999999997
36.0,20.0,38.0,536.780356685791,ultimate,LC2A,200.0,4.5036,22.517999999999997
36.0,20.0,38.0,536.780356685791,ultimate,LC2A,250.0,4.5036,18.0144
36.0,20.0,38.0,536.780356685791,ultimate,LC2A,300.0,4.5036,15.011999999999999
36.0,20.0,38.0,536.780356685791,ultimate,LC2B,150.0,4.5036,30.023999999999997
36.0,20.0,38.0,536.780356685791,ultimate,LC2B,200.0,4.5036,22.517999999999997
36.0,20.0,38.0,536.780356685791,ultimate,LC2B,250.0,4.5036,18.0144
36.0,20.0,38.0,536.780356685791,ultimate,LC2B,300.0,4.5036,15.011999999999999
36.0,20.0,38.0,536.780356685791,ultimate,LC3,150.0,4.5036,30.023999999999997
36.0,20.0,38.0,536.780356685791,ultimate,LC3,200.0,4.5036,22.517999999999997
36.0,20.0,38.0,536.780356685791,ultimate,LC3,250.0,4.5036,18.0144
36.0,20.0,38.0,536.780356685791,ultimate,LC3,300.0,4.5036,15.011999999999999
36.0,20.0,38.0,536.780356685791,ultimate,LC4+,150.0,16.843218262139246,112.28812174759497
36.0,20.0,38.0,536.780356685791,ultimate,LC4+,200.0,16.843218262139246,84.21609131069623
36.0,20.0,38.0,536.780356685791,ultimate,LC4+,250.0,16.843218262139246,67.37287304855698
36.0,20.0,38.0,536.780356685791,ultimate,LC4+,300.0,16.843218262139246,56.144060873797486
36.0,20.0,38.0,536.780356685791,ultimate,LC4-,150.0,-12.850026262139245,85.66684174759497
36.0,20.0,38.0,536.780356685791,ultimate,LC4-,200.0,-12.850026262139245,64.25013131069622
36.0,20.0,38.0,536.780356685791,ultimate,LC4-,250.0,-12.850026262139245,51.40010504855698
36.0,20.0,38.0,536.780356685791,ultimate,LC4-,300.0,-12.850026262139245,42.833420873797486
36.0,20.0,38.0,536.780356685791,ultimate,LC5,150.0,1.9965960000000005,13.310640000000003
36.0,20.0,38.0,536.780356685791,ultimate,LC5,200.0,1.9965960000000005,9.982980000000001
36.0,20.0,38.0,536.780356685791,ultimate,LC5,250.0,1.9965960000000005,7.986384000000002
36.0,20.0,38.0,536.780356685791,ultimate,LC5,300.0,1.9965960000000005,6.6553200000000015
38.0,5.0,24.0,522.780356685791,limit,LC0,150.0,0.894331914893617,5.962212765957447
38.0,5.0,24.0,522.780356685791,limit,LC0,200.0,0.894331914893617,4.4716595744680845
38.0,5.0,24.0,522.780356685791,limit,LC0,250.0,0.894331914893617,3.577327659574468
38.0,5.0,24.0,522.780356685791,limit,LC0,300.0,0.894331914893617,2.9811063829787234
38.0,5.0,24.0,522.780356685791,limit,LC1,150.0,3.0023999999999997,20.016
38.0,5.0,24.0,522.780356685791,limit,LC1,200.0,3.0023999999999997,15.011999999999999
38.0,5.0,24.0,522.780356685791,limit,LC1,250.0,3.0023999999999997,12.009599999999999
38.0,5.0,24.0,522.780356685791,limit,LC1,300.0,3.0023999999999997,10.008
38.0,5.0,24.0,522.780356685791,limit,LC2A,150.0,3.0023999999999997,20.016
38.0,5.0,24.0,522.780356685791,limit,LC2A,200.0,3.0023999999999997,15.011999999999999
38.0,5.0,24.0,522.780356685791,limit,LC2A,250.0,3.0023999999999997,12.009599999999999
38.0,5.0,24.0,522.780356685791,limit,LC2A,300.0,3.0023999999999997,10.008
38.0,5.0,24.0,522.780356685791,limit,LC2B,150.0,3.0023999999999997,20.016
38.0,5.0,24.0,522.780356685791,limit,LC2B,200.0,3.0023999999999997,15.011999999999999
38.0,5.0,24.0,522.780356685791,limit,LC2B,250.0,3.0023999999999997,12.009599999999999
38.0,5.0,24.0,522.780356685791,limit,LC2B,300.0,3.0023999999999997,10.008
38.0,5.0,24.0,522.780356685791,limit,LC3,150.0,3.0023999999999997,20.016
38.0,5.0,24.0,522.780356685791,limit,LC3,200.0,3.0023999999999997,15.011999999999999
38.0,5.0,24.0,522.780356685791,limit,LC3,250.0,3.0023999999999997,12.009599999999999
38.0,5.0,24.0,522.780356685791,limit,LC3,300.0,3.0023999999999997,10.008
38.0,5.0,24.0,522.780356685791,limit,LC4+,150.0,11.112052174759496,74.08034783172998
38.0,5.0,24.0,522.780356685791,limit,LC4+,200.0,11.112052174759496,55.560260873797475
38.0,5.0,24.0,522.780356685791,limit,LC4+,250.0,11.112052174759496,44.448208699037984
38.0,5.0,24.0,522.780356685791,limit,LC4+,300.0,11.112052174759496,37.04017391586499
38.0,5.0,24.0,522.780356685791,limit,LC4-,150.0,-8.449924174759497,56.33282783172998
38.0,5.0,24.0,522.780356685791,limit,LC4-,200.0,-8.449924174759497,42.24962087379748
38.0,5.0,24.0,522.780356685791,limit,LC4-,250.0,-8.449924174759497,33.79969669903799
38.0,5.0,24.0,522.780356685791,limit,LC4-,300.0,-8.449924174759497,28.16641391586499
38.0,5.0,24.0,522.780356685791,limit,LC5,150.0,1.331064,8.87376
38.0,5.0,24.0,522.780356685791,limit,LC5,200.0,1.331064,6.65532
38.0,5.0,24.0,522.780356685791,limit,LC5,250.0,1.331064,5.324256
38.0,5.0,24.0,522.780356685791,limit,LC5,300.0,1.331064,4.43688
38.0,5.0,24.0,522.780356685791,ultimate,LC0,150.0,1.3414978723404254,8.943319148936169
38.0,5.0,24.0,522.780356685791,ultimate,LC0,200.0,1.3414978723404254,6.707489361702127
38.0,5.0,24.0,522.780356685791,ultimate,LC0,250.0,1.3414978723404254,5.365991489361702
38.0,5.0,24.0,522.780356685791,ultimate,LC0,300.0,1.3414978723404254,4.4716595744680845
38.0,5.0,24.0,522.780356685791,ultimate,LC1,150.0,4.5036,30.023999999999997
38.0,5.0,24.0,522.780356685791,ultimate,LC1,200.0,4.5036,22.517999999999997
38.0,5.0,24.0,522.780356685791,ultimate,LC1,250.0,4.5036,18.0144
38.0,5.0,24.0,522.780356685791,ultimate,LC1,300.0,4.5036,15.011999999999999
38.0,5.0,24.0,522.780356685791,ultimate,LC2A,150.0,4.5036,30.023999999999997
38.0,5.0,24.0,522.780356685791,ultimate,LC2A,200.0,4.5036,22.517999999999997
38.0,5.0,24.0,522.780356685791,ultimate,LC2A,250.0,4.5036,18.0144
38.0,5.0,24.0,522.780356685791,ultimate,LC2A,300.0,4.5036,15.011999999999999
38.0,5.0,24.0,522.780356685791,ultimate,LC2B,150.0,4.5036,30.023999999999997
38.0,5.0,24.0,522.780356685791,ultimate,LC2B,200.0,4.5036,22.517999999999997
38.0,5.0,24.0,522.780356685791,ultimate,LC2B,250.0,4.5036,18.0144
38.0,5.0,24.0,522.780356685791,ultimate,LC2B,300.0,4.5036,15.011999999999999
38.0,5.0,24.0,522.780356685791,ultimate,LC3,150.0,4.5036,30.023999999999997
38.0,5.0,24.0,522.780356685791,ultimate,LC3,200.0,4.5036,22.517999999999997
38.0,5.0,24.0,522.780356685791,ultimate,LC3,250.0,4.5036,18.0144
38.0,5.0,24.0,522.780356685791,ultimate,LC3,300.0,4.5036,15.011999999999999
38.0,5.0,24.0,522.780356685791,ultimate,LC4+,150.0,16.668078262139247,111.12052174759498
38.0,5.0,24.0,522.780356685791,ultimate,LC4+,200.0,16.668078262139247,83.34039131069623
38.0,5.0,24.0,522.780356685791,ultimate,LC4+,250.0,16.668078262139247,66.67231304855699
38.0,5.0,24.0,522.780356685791,ultimate,LC4+,300.0,16.668078262139247,55.56026087379749
38.0,5.0,24.0,522.780356685791,ultimate,LC4-,150.0,-12.674886262139246,84.49924174759498
38.0,5.0,24.0,522.780356685791,ultimate,LC4-,200.0,-12.674886262139246,63.37443131069623
38.0,5.0,24.0,522.780356685791,ultimate,LC4-,250.0,-12.674886262139246,50.699545048556985
38.0,5.0,24.0,522.780356685791,ultimate,LC4-,300.0,-12.674886262139246,42.24962087379749
38.0,5.0,24.0,522.780356685791,ultimate,LC5,150.0,1.9965960000000005,13.310640000000003
38.0,5.0,24.0,522.780356685791,ultimate,LC5,200.0,1.9965960000000005,9.982980000000001
38.0,5.0,24.0,522.780356685791,ultimate,LC5,250.0,1.9965960000000005,7.986384000000002
38.0,5.0,24.0,522.780356685791,ultimate,LC5,300.0,1.9965960000000005,6.6553200000000015
38.0,10.0,29.0,527.780356685791,limit,LC0,150.0,0.894331914893617,5.962212765957447
38.0,10.0,29.0,527.780356685791,limit,LC0,200.0,0.894331914893617,4.4716595744680845
38.0,10.0,29.0,527.780356685791,limit,LC0,250.0,0.894331914893617,3.577327659574468
38.0,10.0,29.0,527.780356685791,limit,LC0,300.0,0.894331914893617,2.9811063829787234
38.0,10.0,29.0,527.780356685791,limit,LC1,150.0,3.0023999999999997,20.016
38.0,10.0,29.0,527.780356685791,limit,LC1,200.0,3.0023999999999997,15.011999999999999
38.0,10.0,29.0,527.780356685791,limit,LC1,250.0,3.0023999999999997,12.009599999999999
38.0,10.0,29.0,527.780356685791,limit,LC1,300.0,3.0023999999999997,10.008
38.0,10.0,29.0,527.780356685791,limit,LC2A,150.0,3.0023999999999997,20.016
38.0,10.0,29.0,527.780356685791,limit,LC2A,200.0,3.0023999999999997,15.011999999999999
38.0,10.0,29.0,527.780356685791,limit,LC2A,250.0,3.0023999999999997,12.009599999999999
38.0,10.0,29.0,527.780356685791,limit,LC2A,300.0,3.0023999999999997,10.008
38.0,10.0,29.0,527.780356685791,limit,LC2B,150.0,3.0023999999999997,20.016
38.0,10.0,29.0,527.780356685791,limit,LC2B,200.0,3.0023999999999997,15.011999999999999
38.0,10.0,29.0,527.780356685791,limit,LC2B,250.0,3.0023999999999997,12.009599999999999
38.0,10.0,29.0,527.780356685791,limit,LC2B,300.0,3.0023999999999997,10.008
38.0,10.0,29.0,527.780356685791,limit,LC3,150.0,3.0023999999999997,20.016
38.0,10.0,29.0,527.780356685791,limit,LC3,200.0,3.0023999999999997,15.011999999999999
38.0,10.0,29.0,527.780356685791,limit,LC3,250.0,3.0023999999999997,12.009599999999999
38.0,10.0,29.0,527.780356685791,limit,LC3,300.0,3.0023999999999997,10.008
38.0,10.0,29.0,527.780356685791,limit,LC4+,150.0,11.153752174759498,74.35834783172999
38.0,10.0,29.0,527.780356685791,limit,LC4+,200.0,11.153752174759498,55.76876087379749
38.0,10.0,29.0,527.780356685791,limit,LC4+,250.0,11.153752174759498,44.61500869903799
38.0,10.0,29.0,527.780356685791,limit,LC4+,300.0,11.153752174759498,37.17917391586499
38.0,10.0,29.0,527.780356685791,limit,LC4-,150.0,-8.4916241747595,56.61082783173
38.0,10.0,29.0,527.780356685791,limit,LC4-,200.0,-8.4916241747595,42.45812087379749
38.0,10.0,29.0,527.780356685791,limit,LC4-,250.0,-8.4916241747595,33.966496699038
38.0,10.0,29.0,527.780356685791,limit,LC4-,300.0,-8.4916241747595,28.305413915865
38.0,10.0,29.0,527.780356685791,limit,LC5,150.0,1.331064,8.87376
38.0,10.0,29.0,527.780356685791,limit,LC5,200.0,1.331064,6.65532
38.0,10.0,29.0,527.780356685791,limit,LC5,250.0,1.331064,5.324256
38.0,10.0,29.0,527.780356685791,limit,LC5,300.0,1.331064,4.43688
38.0,10.0,29.0,527.780356685791,ultimate,LC0,150.0,1.3414978723404254,8.943319148936169
38.0,10.0,29.0,527.780356685791,ultimate,LC0,200.0,1.3414978723404254,6.707489361702127
38.0,10.0,29.0,527.780356685791,ultimate,LC0,250.0,1.3414978723404254,5.365991489361702
38.0,10.0,29.0,527.780356685791,ultimate,LC0,300.0,1.3414978723404254,4.4716595744680845
38.0,10.0,29.0,527.780356685791,ultimate,LC1,150.0,4.5036,30.023999999999997
38.0,10.0,29.0,527.780356685791,ultimate,LC1,200.0,4.5036,22.517999999999997
38.0,10.0,29.0,527.780356685791,ultimate,LC1,250.0,4.5036,18.0144
38.0,10.0,29.0,527.780356685791,ultimate,LC1,300.0,4.5036,15.011999999999999
38.0,10.0,29.0,527.780356685791,ultimate,LC2A,150.0,4.5036,30.023999999999997
38.0,10.0,29.0,527.780356685791,ultimate,LC2A,200.0,4.5036,22.517999999999997
38.0,10.0,29.0,527.780356685791,ultimate,LC2A,250.0,4.5036,18.0144
38.0,10.0,29.0,527.780356685791,ultimate,LC2A,300.0,4.5036,15.011999999999999
38.0,10.0,29.0,527.780356685791,ultimate,LC2B,150.0,4.5036,30.023999999999997
38.0,10.0,29.0,527.780356685791,ultimate,LC2B,200.0,4.5036,22.517999999999997
38.0,10.0,29.0,527.780356685791,ultimate,LC2B,250.0,4.5036,18.0144
38.0,10.0,29.0,527.780356685791,ultimate,LC2B,300.0,4.5036,15.011999999999999
38.0,10.0,29.0,527.780356685791,ultimate,LC3,150.0,4.5036,30.023999999999997
38.0,10.0,29.0,527.780356685791,ultimate,LC3,200.0,4.5036,22.517999999999997
38.0,10.0,29.0,527.780356685791,ultimate,LC3,250.0,4.5036,18.0144
38.0,10.0,29.0,527.780356685791,ultimate,LC3,300.0,4.5036,15.011999999999999
38.0,10.0,29.0,527.780356685791,ultimate,LC4+,150.0,16.73062826213925,111.537521747595
38.0,10.0,29.0,527.780356685791,ultimate,LC4+,200.0,16.73062826213925,83.65314131069624
38.0,10.0,29.0,527.780356685791,ultimate,LC4+,250.0,16.73062826213925,66.922513048557
38.0,10.0,29.0,527.780356685791,ultimate,LC4+,300.0,16.73062826213925,55.7687608737975
38.0,10.0,29.0,527.780356685791,ultimate,LC4-,150.0,-12.737436262139248,84.916241747595
38.0,10.0,29.0,527.780356685791,ultimate,LC4-,200.0,-12.737436262139248,63.68718131069624
38.0,10.0,29.0,527.780356685791,ultimate,LC4-,250.0,-12.737436262139248,50.94974504855699
38.0,10.0,29.0,527.780356685791,ultimate,LC4-,300.0,-12.737436262139248,42.4581208737975
38.0,10.0,29.0,527.780356685791,ultimate,LC5,150.0,1.9965960000000005,13.310640000000003
38.0,10.0,29.0,527.780356685791,ultimate,LC5,200.0,1.9965960000000005,9.982980000000001
38.0,10.0,29.0,527.780356685791,ultimate,LC5,250.0,1.9965960000000005,7.986384000000002
38.0,10.0,29.0,527.780356685791,ultimate,LC5,300.0,1.9965960000000005,6.6553200000000015
38.0,15.0,34.0,532.780356685791,limit,LC0,150.0,0.894331914893617,5.962212765957447
38.0,15.0,34.0,532.780356685791,limit,LC0,200.0,0.894331914893617,4.4716595744680845
38.0,15.0,34.0,532.780356685791,limit,LC0,250.0,0.894331914893617,3.577327659574468
38.0,15.0,34.0,532.780356685791,limit,LC0,300.0,0.894331914893617,2.9811063829787234
38.0,15.0,34.0,532.780356685791,limit,LC1,150.0,3.0023999999999997,20.016
38.0,15.0,34.0,532.780356685791,limit,LC1,200.0,3.0023999999999997,15.011999999999999
38.0,15.0,34.0,532.780356685791,limit,LC1,250.0,3.0023999999999997,12.009599999999999
38.0,15.0,34.0,532.780356685791,limit,LC1,300.0,3.0023999999999997,10.008
38.0,15.0,34.0,532.780356685791,limit,LC2A,150.0,3.0023999999999997,20.016
38.0,15.0,34.0,532.780356685791,limit,LC2A,200.0,3.0023999999999997,15.011999999999999
38.0,15.0,34.0,532.780356685791,limit,LC2A,250.0,3.0023999999999997,12.009599999999999
38.0,15.0,34.0,532.780356685791,limit,LC2A,300.0,3.0023999999999997,10.008
38.0,15.0,34.0,532.780356685791,limit,LC2B,150.0,3.0023999999999997,20.016
38.0,15.0,34.0,532.780356685791,limit,LC2B,200.0,3.0023999999999997,15.011999999999999
38.0,15.0,34.0,532.780356685791,limit,LC2B,250.0,3.0023999999999997,12.009599999999999
38.0,15.0,34.0,532.780356685791,limit,LC2B,300.0,3.0023999999999997,10.008
38.0,15.0,34.0,532.780356685791,limit,LC3,150.0,3.0023999999999997,20.016
38.0,15.0,34.0,532.780356685791,limit,LC3,200.0,3.0023999999999997,15.011999999999999
38.0,15.0,34.0,532.780356685791,limit,LC3,250.0,3.0023999999999997,12.009599999999999
38.0,15.0,34.0,532.780356685791,limit,LC3,300.0,3.0023999999999997,10.008
38.0,15.0,34.0,532.780356685791,limit,LC4+,150.0,11.195452174759497,74.63634783172998
38.0,15.0,34.0,532.780356685791,limit,LC4+,200.0,11.195452174759497,55.97726087379748
38.0,15.0,34.0,532.780356685791,limit,LC4+,250.0,11.195452174759497,44.78180869903799
38.0,15.0,34.0,532.780356685791,limit,LC4+,300.0,11.195452174759497,37.31817391586499
38.0,15.0,34.0,532.780356685791,limit,LC4-,150.0,-8.533324174759498,56.88882783172999
38.0,15.0,34.0,532.780356685791,limit,LC4-,200.0,-8.533324174759498,42.666620873797484
38.0,15.0,34.0,532.780356685791,limit,LC4-,250.0,-8.533324174759498,34.13329669903799
38.0,15.0,34.0,532.780356685791,limit,LC4-,300.0,-8.533324174759498,28.444413915864995
38.0,15.0,34.0,532.780356685791,limit,LC5,150.0,1.331064,8.87376
38.0,15.0,34.0,532.780356685791,limit,LC5,200.0,1.331064,6.65532
38.0,15.0,34.0,532.780356685791,limit,LC5,250.0,1.331064,5.324256
38.0,15.0,34.0,532.780356685791,limit,LC5,300.0,1.331064,4.43688
38.0,15.0,34.0,532.780356685791,ultimate,LC0,150.0,1.3414978723404254,8.943319148936169
38.0,15.0,34.0,532.780356685791,ultimate,LC0,200.0,1.3414978723404254,6.707489361702127
38.0,15.0,34.0,532.780356685791,ultimate,LC0,250.0,1.3414978723404254,5.365991489361702
38.0,15.0,34.0,532.780356685791,ultimate,LC0,300.0,1.3414978723404254,4.4716595744680845
38.0,15.0,34.0,532.780356685791,ultimate,LC1,150.0,4.5036,30.023999999999997
38.0,15.0,34.0,532.780356685791,ultimate,LC1,200.0,4.5036,22.517999999999997
38.0,15.0,34.0,532.780356685791,ultimate,LC1,250.0,4.5036,18.0144
38.0,15.0,34.0,532.780356685791,ultimate,LC1,300.0,4.5036,15.011999999999999
38.0,15.0,34.0,532.780356685791,ultimate,LC2A,150.0,4.5036,30.023999999999997
38.0,15.0,34.0,532.780356685791,ultimate,LC2A,200.0,4.5036,22.517999999999997
38.0,15.0,34.0,532.780356685791,ultimate,LC2A,250.0,4.5036,18.0144
38.0,15.0,34.0,532.780356685791,ultimate,LC2A,300.0,4.5036,15.011999999999999
38.0,15.0,34.0,532.780356685791,ultimate,LC2B,150.0,4.5036,30.023999999999997
38.0,15.0,34.0,532.780356685791,ultimate,LC2B,200.0,4.5036,22.517999999999997
38.0,15.0,34.0,532.780356685791,ultimate,LC2B,250.0,4.5036,18.0144
38.0,15.0,34.0,532.780356685791,ultimate,LC2B,300.0,4.5036,15.011999999999999
38.0,15.0,34.0,532.780356685791,ultimate,LC3,150.0,4.5036,30.023999999999997
38.0,15.0,34.0,532.780356685791,ultimate,LC3,200.0,4.5036,22.517999999999997
38.0,15.0,34.0,532.780356685791,ultimate,LC3,250.0,4.5036,18.0144
38.0,15.0,34.0,532.780356685791,ultimate,LC3,300.0,4.5036,15.011999999999999
38.0,15.0,34.0,532.780356685791,ultimate,LC4+,150.0,16.793178262139246,111.95452174759498
38.0,15.0,34.0,532.780356685791,ultimate,LC4+,200.0,16.793178262139246,83.96589131069622
38.0,15.0,34.0,532.780356685791,ultimate,LC4+,250.0,16.793178262139246,67.17271304855699
38.0,15.0,34.0,532.780356685791,ultimate,LC4+,300.0,16.793178262139246,55.97726087379749
38.0,15.0,34.0,532.780356685791,ultimate,LC4-,150.0,-12.799986262139246,85.33324174759498
38.0,15.0,34.0,532.780356685791,ultimate,LC4-,200.0,-12.799986262139246,63.999931310696226
38.0,15.0,34.0,532.780356685791,ultimate,LC4-,250.0,-12.799986262139246,51.199945048556984
38.0,15.0,34.0,532.780356685791,ultimate,LC4-,300.0,-12.799986262139246,42.66662087379749
38.0,15.0,34.0,532.780356685791,ultimate,LC5,150.0,1.9965960000000005,13.310640000000003
38.0,15.0,34.0,532.780356685791,ultimate,LC5,200.0,1.9965960000000005,9.982980000000001
38.0,15.0,34.0,532.780356685791,ultimate,LC5,250.0,1.9965960000000005,7.986384000000002
38.0,15.0,34.0,532.780356685791,ultimate,LC5,300.0,1.9965960000000005,6.6553200000000015
38.0,20.0,39.0,537.780356685791,limit,LC0,150.0,0.894331914893617,5.962212765957447
38.0,20.0,39.0,537.780356685791,limit,LC0,200.0,0.894331914893617,4.4716595744680845
38.0,20.0,39.0,537.780356685791,limit,LC0,250.0,0.894331914893617,3.577327659574468
38.0,20.0,39.0,537.780356685791,limit,LC0,300.0,0.894331914893617,2.9811063829787234
38.0,20.0,39.0,537.780356685791,limit,LC1,150.0,3.0023999999999997,20.016
38.0,20.0,39.0,537.780356685791,limit,LC1,200.0,3.0023999999999997,15.011999999999999
38.0,20.0,39.0,537.780356685791,limit,LC1,250.0,3.0023999999999997,12.009599999999999
38.0,20.0,39.0,537.780356685791,limit,LC1,300.0,3.0023999999999997,10.008
38.0,20.0,39.0,537.780356685791,limit,LC2A,150.0,3.0023999999999997,20.016
38.0,20.0,39.0,537.780356685791,limit,LC2A,200.0,3.0023999999999997,15.011999999999999
38.0,20.0,39.0,537.780356685791,limit,LC2A,250.0,3.0023999999999997,12.009599999999999
38.0,20.0,39.0,537.780356685791,limit,LC2A,300.0,3.0023999999999997,10.008
38.0,20.0,39.0,537.780356685791,limit,LC2B,150.0,3.0023999999999997,20.016
38.0,20.0,39.0,537.780356685791,limit,LC2B,200.0,3.0023999999999997,15.011999999999999
38.0,20.0,39.0,537.780356685791,limit,LC2B,250.0,3.0023999999999997,12.009599999999999
38.0,20.0,39.0,537.780356685791,limit,LC2B,300.0,3.0023999999999997,10.008
38.0,20.0,39.0,537.780356685791,limit,LC3,150.0,3.0023999999999997,20.016
38.0,20.0,39.0,537.780356685791,limit,LC3,200.0,3.0023999999999997,15.011999999999999
38.0,20.0,39.0,537.780356685791,limit,LC3,250.0,3.0023999999999997,12.009599999999999
38.0,20.0,39.0,537.780356685791,limit,LC3,300.0,3.0023999999999997,10.008
38.0,20.0,39.0,537.780356685791,limit,LC4+,150.0,11.237152174759496,74.91434783172997
38.0,20.0,39.0,537.780356685791,limit,LC4+,200.0,11.237152174759496,56.18576087379748
38.0,20.0,39.0,537.780356685791,limit,LC4+,250.0,11.237152174759496,44.94860869903798
38.0,20.0,39.0,537.780356685791,limit,LC4+,300.0,11.237152174759496,37.457173915864985
38.0,20.0,39.0,537.780356685791,limit,LC4-,150.0,-8.575024174759497,57.16682783172998
38.0,20.0,39.0,537.780356685791,limit,LC4-,200.0,-8.575024174759497,42.87512087379748
38.0,20.0,39.0,537.780356685791,limit,LC4-,250.0,-8.575024174759497,34.30009669903799
38.0,20.0,39.0,537.780356685791,limit,LC4-,300.0,-8.575024174759497,28.58341391586499
38.0,20.0,39.0,537.780356685791,limit,LC5,150.0,1.331064,8.87376
38.0,20.0,39.0,537.780356685791,limit,LC5,200.0,1.331064,6.65532
38.0,20.0,39.0,537.780356685791,limit,LC5,250.0,1.331064,5.324256
38.0,20.0,39.0,537.780356685791,limit,LC5,300.0,1.331064,4.43688
38.0,20.0,39.0,537.780356685791,ultimate,LC0,150.0,1.3414978723404254,8.943319148936169
38.0,20.0,39.0,537.780356685791,ultimate,LC0,200.0,1.3414978723404254,6.707489361702127
38.0,20.0,39.0,537.780356685791,ultimate,LC0,250.0,1.3414978723404254,5.365991489361702
38.0,20.0,39.0,537.780356685791,ultimate,LC0,300.0,1.3414978723404254,4.4716595744680845
38.0,20.0,39.0,537.780356685791,ultimate,LC1,150.0,4.5036,30.023999999999997
38.0,20.0,39.0,537.780356685791,ultimate,LC1,200.0,4.5036,22.517999999999997
38.0,20.0,39.0,537.780356685791,ultimate,LC1,250.0,4.5036,18.0144
38.0,20.0,39.0,537.780356685791,ultimate,LC1,300.0,4.5036,15.011999999999999
38.0,20.0,39.0,537.780356685791,ultimate,LC2A,150.0,4.5036,30.023999999999997
38.0,20.0,39.0,537.780356685791,ultimate,LC2A,200.0,4.5036,22.517999999999997
38.0,20.0,39.0,537.780356685791,ultimate,LC2A,250.0,4.5036,18.0144
38.0,20.0,39.0,537.780356685791,ultimate,LC2A,300.0,4.5036,15.011999999999999
38.0,20.0,39.0,537.780356685791,ultimate,LC2B,150.0,4.5036,30.023999999999997
38.0,20.0,39.0,537.780356685791,ultimate,LC2B,200.0,4.5036,22.517999999999997
38.0,20.0,39.0,537.780356685791,ultimate,LC2B,250.0,4.5036,18.0144
38.0,20.0,39.0,537.780356685791,ultimate,LC2B,300.0,4.5036,15.011999999999999
38.0,20.0,39.0,537.780356685791,ultimate,LC3,150.0,4.5036,30.023999999999997
38.0,20.0,39.0,537.780356685791,ultimate,LC3,200.0,4.5036,22.517999999999997
38.0,20.0,39.0,537.780356685791,ultimate,LC3,250.0,4.5036,18.0144
38.0,20.0,39.0,537.780356685791,ultimate,LC3,300.0,4.5036,15.011999999999999
38.0,20.0,39.0,537.780356685791,ultimate,LC4+,150.0,16.855728262139245,112.37152174759497
38.0,20.0,39.0,537.780356685791,ultimate,LC4+,200.0,16.855728262139245,84.27864131069622
38.0,20.0,39.0,537.780356685791,ultimate,LC4+,250.0,16.855728262139245,67.42291304855698
38.0,20.0,39.0,537.780356685791,ultimate,LC4+,300.0,16.855728262139245,56.185760873797484
38.0,20.0,39.0,537.780356685791,ultimate,LC4-,150.0,-12.862536262139244,85.75024174759497
38.0,20.0,39.0,537.780356685791,ultimate,LC4-,200.0,-12.862536262139244,64.31268131069622
38.0,20.0,39.0,537.780356685791,ultimate,LC4-,250.0,-12.862536262139244,51.450145048556976
38.0,20.0,39.0,537.780356685791,ultimate,LC4-,300.0,-12.862536262139244,42.875120873797485
38.0,20.0,39.0,537.780356685791,ultimate,LC5,150.0,1.9965960000000005,13.310640000000003
38.0,20.0,39.0,537.780356685791,ultimate,LC5,200.0,1.9965960000000005,9.982980000000001
38.0,20.0,39.0,537.780356685791,ultimate,LC5,250.0,1.9965960000000005,7.986384000000002
38.0,20.0,39.0,537.780356685791,ultimate,LC5,300.0,1.9965960000000005,6.6553200000000015
40.0,5.0,25.0,523.780356685791,limit,LC0,150.0,0.894331914893617,5.962212765957447
40.0,5.0,25.0,523.780356685791,limit,LC0,200.0,0.894331914893617,4.4716595744680845
40.0,5.0,25.0,523.780356685791,limit,LC0,250.0,0.894331914893617,3.577327659574468
40.0,5.0,25.0,523.780356685791,limit,LC0,300.0,0.894331914893617,2.9811063829787234
40.0,5.0,25.0,523.780356685791,limit,LC1,150.0,3.0023999999999997,20.016
40.0,5.0,25.0,523.780356685791,limit,LC1,200.0,3.0023999999999997,15.011999999999999
40.0,5.0,25.0,523.780356685791,limit,LC1,250.0,3.0023999999999997,12.009599999999999
40.0,5.0,25.0,523.780356685791,limit,LC1,300.0,3.0023999999999997,10.008
40.0,5.0,25.0,523.780356685791,limit,LC2A,150.0,3.0023999999999997,20.016
40.0,5.0,25.0,523.780356685791,limit,LC2A,200.0,3.0023999999999997,15.011999999999999
40.0,5.0,25.0,523.780356685791,limit,LC2A,250.0,3.0023999999999997,12.009599999999999
40.0,5.0,25.0,523.780356685791,limit,LC2A,300.0,3.0023999999999997,10.008
40.0,5.0,25.0,523.780356685791,limit,LC2B,150.0,3.0023999999999997,20.016
40.0,5.0,25.0,523.780356685791,limit,LC2B,200.0,3.0023999999999997,15.011999999999999
40.0,5.0,25.0,523.780356685791,limit,LC2B,250.0,3.0023999999999997,12.009599999999999
40.0,5.0,25.0,523.780356685791,limit,LC2B,300.0,3.0023999999999997,10.008
40.0,5.0,25.0,523.780356685791,limit,LC3,150.0,3.0023999999999997,20.016
40.0,5.0,25.0,523.780356685791,limit,LC3,200.0,3.0023999999999997,15.011999999999999
40.0,5.0,25.0,523.780356685791,limit,LC3,250.0,3.0023999999999997,12.009599999999999
40.0,5.0,25.0,523.780356685791,limit,LC3,300.0,3.0023999999999997,10.008
40.0,5.0,25.0,523.780356685791,limit,LC4+,150.0,11.120392174759496,74.13594783172998
40.0,5.0,25.0,523.780356685791,limit,LC4+,200.0,11.120392174759496,55.60196087379748
40.0,5.0,25.0,523.780356685791,limit,LC4+,250.0,11.120392174759496,44.481568699037986
40.0,5.0,25.0,523.780356685791,limit,LC4+,300.0,11.120392174759496,37.06797391586499
40.0,5.0,25.0,523.780356685791,limit,LC4-,150.0,-8.458264174759497,56.388427831729985
40.0,5.0,25.0,523.780356685791,limit,LC4-,200.0,-8.458264174759497,42.29132087379748
40.0,5.0,25.0,523.780356685791,limit,LC4-,250.0,-8.458264174759497,33.83305669903799
40.0,5.0,25.0,523.780356685791,limit,LC4-,300.0,-8.458264174759497,28.194213915864992
40.0,5.0,25.0,523.780356685791,limit,LC5,150.0,1.331064,8.87376
40.0,5.0,25.0,523.780356685791,limit,LC5,200.0,1.331064,6.65532
40.0,5.0,25.0,523.780356685791,limit,LC5,250.0,1.331064,5.324256
40.0,5.0,25.0,523.780356685791,limit,LC5,300.0,1.331064,4.43688
40.0,5.0,25.0,523.780356685791,ultimate,LC0,150.0,1.3414978723404254,8.943319148936169
40.0,5.0,25.0,523.780356685791,ultimate,LC0,200.0,1.3414978723404254,6.707489361702127
40.0,5.0,25.0,523.780356685791,ultimate,LC0,250.0,1.3414978723404254,5.365991489361702
40.0,5.0,25.0,523.780356685791,ultimate,LC0,300.0,1.3414978723404254,4.4716595744680845
40.0,5.0,25.0,523.780356685791,ultimate,LC1,150.0,4.5036,30.023999999999997
40.0,5.0,25.0,523.780356685791,ultimate,LC1,200.0,4.5036,22.517999999999997
40.0,5.0,25.0,523.780356685791,ultimate,LC1,250.0,4.5036,18.0144
40.0,5.0,25.0,523.780356685791,ultimate,LC1,300.0,4.5036,15.011999999999999
40.0,5.0,25.0,523.780356685791,ultimate,LC2A,150.0,4.5036,30.023999999999997
40.0,5.0,25.0,523.780356685791,ultimate,LC2A,200.0,4.5036,22.517999999999997
40.0,5.0,25.0,523.780356685791,ultimate,LC2A,250.0,4.5036,18.0144
40.0,5.0,25.0,523.780356685791,ultimate,LC2A,300.0,4.5036,15.011999999999999
40.0,5.0,25.0,523.780356685791,ultimate,LC2B,150.0,4.5036,30.023999999999997
40.0,5.0,25.0,523.780356685791,ultimate,LC2B,200.0,4.5036,22.517999999999997
40.0,5.0,25.0,523.780356685791,ultimate,LC2B,250.0,4.5036,18.0144
40.0,5.0,25.0,523.780356685791,ultimate,LC2B,300.0,4.5036,15.011999999999999
40.0,5.0,25.0,523.780356685791,ultimate,LC3,150.0,4.5036,30.023999999999997
40.0,5.0,25.0,523.780356685791,ultimate,LC3,200.0,4.5036,22.517999999999997
40.0,5.0,25.0,523.780356685791,ultimate,LC3,250.0,4.5036,18.0144
40.0,5.0,25.0,523.780356685791,ultimate,LC3,300.0,4.5036,15.011999999999999
40.0,5.0,25.0,523.780356685791,ultimate,LC4+,150.0,16.680588262139246,111.20392174759498
40.0,5.0,25.0,523.780356685791,ultimate,LC4+,200.0,16.680588262139246,83.40294131069622
40.0,5.0,25.0,523.780356685791,ultimate,LC4+,250.0,16.680588262139246,66.72235304855698
40.0,5.0,25.0,523.780356685791,ultimate,LC4+,300.0,16.680588262139246,55.60196087379749
40.0,5.0,25.0,523.780356685791,ultimate,LC4-,150.0,-12.687396262139245,84.58264174759498
40.0,5.0,25.0,523.780356685791,ultimate,LC4-,200.0,-12.687396262139245,63.436981310696225
40.0,5.0,25.0,523.780356685791,ultimate,LC4-,250.0,-12.687396262139245,50.74958504855698
40.0,5.0,25.0,523.780356685791,ultimate,LC4-,300.0,-12.687396262139245,42.29132087379749
40.0,5.0,25.0,523.780356685791,ultimate,LC5,150.0,1.9965960000000005,13.310640000000003
40.0,5.0,25.0,523.780356685791,ultimate,LC5,200.0,1.9965960000000005,9.982980000000001
40.0,5.0,25.0,523.780356685791,ultimate,LC5,250.0,1.9965960000000005,7.986384000000002
40.0,5.0,25.0,523.780356685791,ultimate,LC5,300.0,1.9965960000000005,6.6553200000000015
40.0,10.0,30.0,528.780356685791,limit,LC0,150.0,0.894331914893617,5.962212765957447
40.0,10.0,30.0,528.780356685791,limit,LC0,200.0,0.894331914893617,4.4716595744680845
40.0,10.0,30.0,528.780356685791,limit,LC0,250.0,0.894331914893617,3.577327659574468
40.0,10.0,30.0,528.780356685791,limit,LC0,300.0,0.894331914893617,2.9811063829787234
40.0,10.0,30.0,528.780356685791,limit,LC1,150.0,3.0023999999999997,20.016
40.0,10.0,30.0,528.780356685791,limit,LC1,200.0,3.0023999999999997,15.011999999999999
40.0,10.0,30.0,528.780356685791,limit,LC1,250.0,3.0023999999999997,12.009599999999999
40.0,10.0,30.0,528.780356685791,limit,LC1,300.0,3.0023999999999997,10.008
40.0,10.0,30.0,528.780356685791,limit,LC2A,150.0,3.0023999999999997,20.016
40.0,10.0,30.0,528.780356685791,limit,LC2A,200.0,3.0023999999999997,15.011999999999999
40.0,10.0,30.0,528.780356685791,limit,LC2A,250.0,3.0023999999999997,12.009599999999999
40.0,10.0,30.0,528.780356685791,limit,LC2A,300.0,3.0023999999999997,10.008
40.0,10.0,30.0,528.780356685791,limit,LC2B,150.0,3.0023999999999997,20.016
40.0,10.0,30.0,528.780356685791,limit,LC2B,200.0,3.0023999999999997,15.011999999999999
40.0,10.0,30.0,528.780356685791,limit,LC2B,250.0,3.0023999999999997,12.009599999999999
40.0,10.0,30.0,528.780356685791,limit,LC2B,300.0,3.0023999999999997,10.008
40.0,10.0,30.0,528.780356685791,limit,LC3,150.0,3.0023999999999997,20.016
40.0,10.0,30.0,528.780356685791,limit,LC3,200.0,3.0023999999999997,15.011999999999999
40.0,10.0,30.0,528.780356685791,limit,LC3,250.0,3.0023999999999997,12.009599999999999
40.0,10.0,30.0,528.780356685791,limit,LC3,300.0,3.0023999999999997,10.008
40.0,10.0,30.0,528.780356685791,limit,LC4+,150.0,11.162092174759497,74.41394783172998
40.0,10.0,30.0,528.780356685791,limit,LC4+,200.0,11.162092174759497,55.81046087379748
40.0,10.0,30.0,528.780356685791,limit,LC4+,250.0,11.162092174759497,44.64836869903799
40.0,10.0,30.0,528.780356685791,limit,LC4+,300.0,11.162092174759497,37.20697391586499
40.0,10.0,30.0,528.780356685791,limit,LC4-,150.0,-8.499964174759498,56.66642783172999
40.0,10.0,30.0,528.780356685791,limit,LC4-,200.0,-8.499964174759498,42.49982087379749
40.0,10.0,30.0,528.780356685791,limit,LC4-,250.0,-8.499964174759498,33.99985669903799
40.0,10.0,30.0,528.780356685791,limit,LC4-,300.0,-8.499964174759498,28.333213915864995
40.0,10.0,30.0,528.780356685791,limit,LC5,150.0,1.331064,8.87376
40.0,10.0,30.0,528.780356685791,limit,LC5,200.0,1.331064,6.65532
40.0,10.0,30.0,528.780356685791,limit,LC5,250.0,1.331064,5.324256
40.0,10.0,30.0,528.780356685791,limit,LC5,300.0,1.331064,4.43688
40.0,10.0,30.0,528.780356685791,ultimate,LC0,150.0,1.3414978723404254,8.943319148936169
40.0,10.0,30.0,528.780356685791,ultimate,LC0,200.0,1.3414978723404254,6.707489361702127
40.0,10.0,30.0,528.780356685791,ultimate,LC0,250.0,1.3414978723404254,5.365991489361702
40.0,10.0,30.0,528.780356685791,ultimate,LC0,300.0,1.3414978723404254,4.4716595744680845
40.0,10.0,30.0,528.780356685791,ultimate,LC1,150.0,4.5036,30.023999999999997
40.0,10.0,30.0,528.780356685791,ultimate,LC1,200.0,4.5036,22.517999999999997
40.0,10.0,30.0,528.780356685791,ultimate,LC1,250.0,4.5036,18.0144
40.0,10.0,30.0,528.780356685791,ultimate,LC1,300.0,4.5036,15.011999999999999
40.0,10.0,30.0,528.780356685791,ultimate,LC2A,150.0,4.5036,30.023999999999997
40.0,10.0,30.0,528.780356685791,ultimate,LC2A,200.0,4.5036,22.517999999999997
40.0,10.0,30.0,528.780356685791,ultimate,LC2A,250.0,4.5036,18.0144
40.0,10.0,30.0,528.780356685791,ultimate,LC2A,300.0,4.5036,15.011999999999999
40.0,10.0,30.0,528.780356685791,ultimate,LC2B,150.0,4.5036,30.023999999999997
40.0,10.0,30.0,528.780356685791,ultimate,LC2B,200.0,4.5036,22.517999999999997
40.0,10.0,30.0,528.780356685791,ultimate,LC2B,250.0,4.5036,18.0144
40.0,10.0,30.0,528.780356685791,ultimate,LC2B,300.0,4.5036,15.011999999999999
40.0,10.0,30.0,528.780356685791,ultimate,LC3,150.0,4.5036,30.023999999999997
40.0,10.0,30.0,528.780356685791,ultimate,LC3,200.0,4.5036,22.517999999999997
40.0,10.0,30.0,528.780356685791,ultimate,LC3,250.0,4.5036,18.0144
40.0,10.0,30.0,528.780356685791,ultimate,LC3,300.0,4.5036,15.011999999999999
40.0,10.0,30.0,528.780356685791,ultimate,LC4+,150.0,16.743138262139247,111.62092174759499
40.0,10.0,30.0,528.780356685791,ultimate,LC4+,200.0,16.743138262139247,83.71569131069623
40.0,10.0,30.0,528.780356685791,ultimate,LC4+,250.0,16.743138262139247,66.97255304855699
40.0,10.0,30.0,528.780356685791,ultimate,LC4+,300.0,16.743138262139247,55.810460873797496
40.0,10.0,30.0,528.780356685791,ultimate,LC4-,150.0,-12.749946262139245,84.99964174759496
40.0,10.0,30.0,528.780356685791,ultimate,LC4-,200.0,-12.749946262139245,63.74973131069622
40.0,10.0,30.0,528.780356685791,ultimate,LC4-,250.0,-12.749946262139245,50.99978504855698
40.0,10.0,30.0,528.780356685791,ultimate,LC4-,300.0,-12.749946262139245,42.49982087379748
40.0,10.0,30.0,528.780356685791,ultimate,LC5,150.0,1.9965960000000005,13.310640000000003
40.0,10.0,30.0,528.780356685791,ultimate,LC5,200.0,1.9965960000000005,9.982980000000001
40.0,10.0,30.0,528.780356685791,ultimate,LC5,250.0,1.9965960000000005,7.986384000000002
40.0,10.0,30.0,528.780356685791,ultimate,LC5,300.0,1.9965960000000005,6.6553200000000015
40.0,15.0,35.0,533.780356685791,limit,LC0,150.0,0.894331914893617,5.962212765957447
40.0,15.0,35.0,533.780356685791,limit,LC0,200.0,0.894331914893617,4.4716595744680845
40.0,15.0,35.0,533.780356685791,limit,LC0,250.0,0.894331914893617,3.577327659574468
40.0,15.0,35.0,533.780356685791,limit,LC0,300.0,0.894331914893617,2.9811063829787234
40.0,15.0,35.0,533.780356685791,limit,LC1,150.0,3.0023999999999997,20.016
40.0,15.0,35.0,533.780356685791,limit,LC1,200.0,3.0023999999999997,15.011999999999999
40.0,15.0,35.0,533.780356685791,limit,LC1,250.0,3.0023999999999997,12.009599999999999
40.0,15.0,35.0,533.780356685791,limit,LC1,300.0,3.0023999999999997,10.008
40.0,15.0,35.0,533.780356685791,limit,LC2A,150.0,3.0023999999999997,20.016
40.0,15.0,35.0,533.780356685791,limit,LC2A,200.0,3.0023999999999997,15.011999999999999
40.0,15.0,35.0,533.780356685791,limit,LC2A,250.0,3.0023999999999997,12.009599999999999
40.0,15.0,35.0,533.780356685791,limit,LC2A,300.0,3.0023999999999997,10.008
40.0,15.0,35.0,533.780356685791,limit,LC2B,150.0,3.0023999999999997,20.016
40.0,15.0,35.0,533.780356685791,limit,LC2B,200.0,3.0023999999999997,15.011999999999999
40.0,15.0,35.0,533.780356685791,limit,LC2B,250.0,3.0023999999999997,12.009599999999999
40.0,15.0,35.0,533.780356685791,limit,LC2B,300.0,3.0023999999999997,10.008
40.0,15.0,35.0,533.780356685791,limit,LC3,150.0,3.0023999999999997,20.016
40.0,15.0,35.0,533.780356685791,limit,LC3,200.0,3.0023999999999997,15.011999999999999
40.0,15.0,35.0,533.780356685791,limit,LC3,250.0,3.0023999999999997,12.009599999999999
40.0,15.0,35.0,533.780356685791,limit,LC3,300.0,3.0023999999999997,10.008
40.0,15.0,35.0,533.780356685791,limit,LC4+,150.0,11.203792174759496,74.69194783172998
40.0,15.0,35.0,533.780356685791,limit,LC4+,200.0,11.203792174759496,56.018960873797475
40.0,15.0,35.0,533.780356685791,limit,LC4+,250.0,11.203792174759496,44.81516869903798
40.0,15.0,35.0,533.780356685791,limit,LC4+,300.0,11.203792174759496,37.34597391586499
40.0,15.0,35.0,533.780356685791,limit,LC4-,150.0,-8.541664174759497,56.94442783172998
40.0,15.0,35.0,533.780356685791,limit,LC4-,200.0,-8.541664174759497,42.70832087379748
40.0,15.0,35.0,533.780356685791,limit,LC4-,250.0,-8.541664174759497,34.166656699037986
40.0,15.0,35.0,533.780356685791,limit,LC4-,300.0,-8.541664174759497,28.47221391586499
40.0,15.0,35.0,533.780356685791,limit,LC5,150.0,1.331064,8.87376
40.0,15.0,35.0,533.780356685791,limit,LC5,200.0,1.331064,6.65532
40.0,15.0,35.0,533.780356685791,limit,LC5,250.0,1.331064,5.324256
40.0,15.0,35.0,533.780356685791,limit,LC5,300.0,1.331064,4.43688
40.0,15.0,35.0,533.780356685791,ultimate,LC0,150.0,1.3414978723404254,8.943319148936169
40.0,15.0,35.0,533.780356685791,ultimate,LC0,200.0,1.3414978723404254,6.707489361702127
40.0,15.0,35.0,533.780356685791,ultimate,LC0,250.0,1.3414978723404254,5.365991489361702
40.0,15.0,35.0,533.780356685791,ultimate,LC0,300.0,1.3414978723404254,4.4716595744680845
40.0,15.0,35.0,533.780356685791,ultimate,LC1,150.0,4.5036,30.023999999999997
40.0,15.0,35.0,533.780356685791,ultimate,LC1,200.0,4.5036,22.517999999999997
40.0,15.0,35.0,533.780356685791,ultimate,LC1,250.0,4.5036,18.0144
40.0,15.0,35.0,533.780356685791,ultimate,LC1,300.0,4.5036,15.011999999999999
40.0,15.0,35.0,533.780356685791,ultimate,LC2A,150.0,4.5036,30.023999999999997
40.0,15.0,35.0,533.780356685791,ultimate,LC2A,200.0,4.5036,22.517999999999997
40.0,15.0,35.0,533.780356685791,ultimate,LC2A,250.0,4.5036,18.0144
40.0,15.0,35.0,533.780356685791,ultimate,LC2A,300.0,4.5036,15.011999999999999
40.0,15.0,35.0,533.780356685791,ultimate,LC2B,150.0,4.5036,30.023999999999997
40.0,15.0,35.0,533.780356685791,ultimate,LC2B,200.0,4.5036,22.517999999999997
40.0,15.0,35.0,533.780356685791,ultimate,LC2B,250.0,4.5036,18.0144
40.0,15.0,35.0,533.780356685791,ultimate,LC2B,300.0,4.5036,15.011999999999999
40.0,15.0,35.0,533.780356685791,ultimate,LC3,150.0,4.5036,30.023999999999997
40.0,15.0,35.0,533.780356685791,ultimate,LC3,200.0,4.5036,22.517999999999997
40.0,15.0,35.0,533.780356685791,ultimate,LC3,250.0,4.5036,18.0144
40.0,15.0,35.0,533.780356685791,ultimate,LC3,300.0,4.5036,15.011999999999999
40.0,15.0,35.0,533.780356685791,ultimate,LC4+,150.0,16.805688262139245,112.03792174759498
40.0,15.0,35.0,533.780356685791,ultimate,LC4+,200.0,16.805688262139245,84.02844131069622
40.0,15.0,35.0,533.780356685791,ultimate,LC4+,250.0,16.805688262139245,67.22275304855698
40.0,15.0,35.0,533.780356685791,ultimate,LC4+,300.0,16.805688262139245,56.01896087379749
40.0,15.0,35.0,533.780356685791,ultimate,LC4-,150.0,-12.812496262139245,85.41664174759497
40.0,15.0,35.0,533.780356685791,ultimate,LC4-,200.0,-12.812496262139245,64.06248131069621
40.0,15.0,35.0,533.780356685791,ultimate,LC4-,250.0,-12.812496262139245,51.24998504855698
40.0,15.0,35.0,533.780356685791,ultimate,LC4-,300.0,-12.812496262139245,42.70832087379748
40.0,15.0,35.0,533.780356685791,ultimate,LC5,150.0,1.9965960000000005,13.310640000000003
40.0,15.0,35.0,533.780356685791,ultimate,LC5,200.0,1.9965960000000005,9.982980000000001
40.0,15.0,35.0,533.780356685791,ultimate,LC5,250.0,1.9965960000000005,7.986384000000002
40.0,15.0,35.0,533.780356685791,ultimate,LC5,300.0,1.9965960000000005,6.6553200000000015
40.0,20.0,40.0,538.780356685791,limit,LC0,150.0,0.894331914893617,5.962212765957447
40.0,20.0,40.0,538.780356685791,limit,LC0,200.0,0.894331914893617,4.4716595744680845
40.0,20.0,40.0,538.780356685791,limit,LC0,250.0,0.894331914893617,3.577327659574468
40.0,20.0,40.0,538.780356685791,limit,LC0,300.0,0.894331914893617,2.9811063829787234
40.0,20.0,40.0,538.780356685791,limit,LC1,150.0,3.0023999999999997,20.016
40.0,20.0,40.0,538.780356685791,limit,LC1,200.0,3.0023999999999997,15.011999999999999
40.0,20.0,40.0,538.780356685791,limit,LC1,250.0,3.0023999999999997,12.009599999999999
40.0,20.0,40.0,538.780356685791,limit,LC1,300.0,3.0023999999999997,10.008
40.0,20.0,40.0,538.780356685791,limit,LC2A,150.0,3.0023999999999997,20.016
40.0,20.0,40.0,538.780356685791,limit,LC2A,200.0,3.0023999999999997,15.011999999999999
40.0,20.0,40.0,538.780356685791,limit,LC2A,250.0,3.0023999999999997,12.009599999999999
40.0,20.0,40.0,538.780356685791,limit,LC2A,300.0,3.0023999999999997,10.008
40.0,20.0,40.0,538.780356685791,limit,LC2B,150.0,3.0023999999999997,20.016
40.0,20.0,40.0,538.780356685791,limit,LC2B,200.0,3.0023999999999997,15.011999999999999
40.0,20.0,40.0,538.780356685791,limit,LC2B,250.0,3.0023999999999997,12.009599999999999
40.0,20.0,40.0,538.780356685791,limit,LC2B,300.0,3.0023999999999997,10.008
40.0,20.0,40.0,538.780356685791,limit,LC3,150.0,3.0023999999999997,20.016
40.0,20.0,40.0,538.780356685791,limit,LC3,200.0,3.0023999999999997,15.011999999999999
40.0,20.0,40.0,538.780356685791,limit,LC3,250.0,3.0023999999999997,12.009599999999999
40.0,20.0,40.0,538.780356685791,limit,LC3,300.0,3.0023999999999997,10.008
40.0,20.0,40.0,538.780356685791,limit,LC4+,150.0,11.245492174759496,74.96994783172998
40.0,20.0,40.0,538.780356685791,limit,LC4+,200.0,11.245492174759496,56.227460873797476
40.0,20.0,40.0,538.780356685791,limit,LC4+,250.0,11.245492174759496,44.981968699037985
40.0,20.0,40.0,538.780356685791,limit,LC4+,300.0,11.245492174759496,37.48497391586499
40.0,20.0,40.0,538.780356685791,limit,LC4-,150.0,-8.583364174759497,57.22242783172998
40.0,20.0,40.0,538.780356685791,limit,LC4-,200.0,-8.583364174759497,42.916820873797484
40.0,20.0,40.0,538.780356685791,limit,LC4-,250.0,-8.583364174759497,34.33345669903799
40.0,20.0,40.0,538.780356685791,limit,LC4-,300.0,-8.583364174759497,28.61121391586499
40.0,20.0,40.0,538.780356685791,limit,LC5,150.0,1.331064,8.87376
40.0,20.0,40.0,538.780356685791,limit,LC5,200.0,1.331064,6.65532
40.0,20.0,40.0,538.780356685791,limit,LC5,250.0,1.331064,5.324256
40.0,20.0,40.0,538.780356685791,limit,LC5,300.0,1.331064,4.43688
40.0,20.0,40.0,538.780356685791,ultimate,LC0,150.0,1.3414978723404254,8.943319148936169
40.0,20.0,40.0,538.780356685791,ultimate,LC0,200.0,1.3414978723404254,6.707489361702127
40.0,20.0,40.0,538.780356685791,ultimate,LC0,250.0,1.3414978723404254,5.365991489361702
40.0,20.0,40.0,538.780356685791,ultimate,LC0,300.0,1.3414978723404254,4.4716595744680845
40.0,20.0,40.0,538.780356685791,ultimate,LC1,150.0,4.5036,30.023999999999997
40.0,20.0,40.0,538.780356685791,ultimate,LC1,200.0,4.5036,22.517999999999997
40.0,20.0,40.0,538.780356685791,ultimate,LC1,250.0,4.5036,18.0144
40.0,20.0,40.0,538.780356685791,ultimate,LC1,300.0,4.5036,15.011999999999999
40.0,20.0,40.0,538.780356685791,ultimate,LC2A,150.0,4.5036,30.023999999999997
40.0,20.0,40.0,538.780356685791,ultimate,LC2A,200.0,4.5036,22.517999999999997
40.0,20.0,40.0,538.780356685791,ultimate,LC2A,250.0,4.5036,18.0144
40.0,20.0,40.0,538.780356685791,ultimate,LC2A,300.0,4.5036,15.011999999999999
40.0,20.0,40.0,538.780356685791,ultimate,LC2B,150.0,4.5036,30.023999999999997
40.0,20.0,40.0,538.780356685791,ultimate,LC2B,200.0,4.5036,22.517999999999997
40.0,20.0,40.0,538.780356685791,ultimate,LC2B,250.0,4.5036,18.0144
40.0,20.0,40.0,538.780356685791,ultimate,LC2B,300.0,4.5036,15.011999999999999
40.0,20.0,40.0,538.780356685791,ultimate,LC3,150.0,4.5036,30.023999999999997
40.0,20.0,40.0,538.780356685791,ultimate,LC3,200.0,4.5036,22.517999999999997
40.0,20.0,40.0,538.780356685791,ultimate,LC3,250.0,4.5036,18.0144
40.0,20.0,40.0,538.780356685791,ultimate,LC3,300.0,4.5036,15.011999999999999
40.0,20.0,40.0,538.780356685791,ultimate,LC4+,150.0,16.868238262139247,112.45492174759498
40.0,20.0,40.0,538.780356685791,ultimate,LC4+,200.0,16.868238262139247,84.34119131069623
40.0,20.0,40.0,538.780356685791,ultimate,LC4+,250.0,16.868238262139247,67.47295304855699
40.0,20.0,40.0,538.780356685791,ultimate,LC4+,300.0,16.868238262139247,56.22746087379749
40.0,20.0,40.0,538.780356685791,ultimate,LC4-,150.0,-12.875046262139247,85.83364174759498
40.0,20.0,40.0,538.780356685791,ultimate,LC4-,200.0,-12.875046262139247,64.37523131069622
40.0,20.0,40.0,538.780356685791,ultimate,LC4-,250.0,-12.875046262139247,51.500185048556986
40.0,20.0,40.0,538.780356685791,ultimate,LC4-,300.0,-12.875046262139247,42.91682087379749
40.0,20.0,40.0,538.780356685791,ultimate,LC5,150.0,1.9965960000000005,13.310640000000003
40.0,20.0,40.0,538.780356685791,ultimate,LC5,200.0,1.9965960000000005,9.982980000000001
40.0,20.0,40.0,538.780356685791,ultimate,LC5,250.0,1.9965960000000005,7.986384000000002
40.0,20.0,40.0,538.780356685791,ultimate,LC5,300.0,1.9965960000000005,6.6553200000000015
