ISO-10303-21;
HEADER;
FILE_DESCRIPTION(('Open CASCADE Model'),'2;1');
FILE_NAME('Open CASCADE Shape Model','2026-09-23T15:09:18',('Author'),(
    'Open CASCADE'),'Open CASCADE STEP processor 7.9','Open CASCADE 7.9'
  ,'Unknown');
FILE_SCHEMA(('AUTOMOTIVE_DESIGN { 1 0 10303 214 1 1 1 1 }'));
ENDSEC;
DATA;
#1 = APPLICATION_PROTOCOL_DEFINITION('international standard',
  'automotive_design',2000,#2);
#2 = APPLICATION_CONTEXT(
  'core data for automotive mechanical design processes');
#3 = SHAPE_DEFINITION_REPRESENTATION(#4,#10);
#4 = PRODUCT_DEFINITION_SHAPE('','',#5);
#5 = PRODUCT_DEFINITION('design','',#6,#9);
#6 = PRODUCT_DEFINITION_FORMATION('','',#7);
#7 = PRODUCT('B12_UPPER_HEAD_TRUNNION','B12_UPPER_HEAD_TRUNNION','',(#8)
  );
#8 = PRODUCT_CONTEXT('',#2,'mechanical');
#9 = PRODUCT_DEFINITION_CONTEXT('part definition',#2,'design');
#10 = SHAPE_REPRESENTATION('',(#11,#15,#19,#23,#27),#31);
#11 = AXIS2_PLACEMENT_3D('',#12,#13,#14);
#12 = CARTESIAN_POINT('',(0.,0.,0.));
#13 = DIRECTION('',(0.,0.,1.));
#14 = DIRECTION('',(1.,0.,-0.));
#15 = AXIS2_PLACEMENT_3D('',#16,#17,#18);
#16 = CARTESIAN_POINT('',(0.,0.,0.));
#17 = DIRECTION('',(0.,0.,1.));
#18 = DIRECTION('',(1.,0.,-0.));
#19 = AXIS2_PLACEMENT_3D('',#20,#21,#22);
#20 = CARTESIAN_POINT('',(0.,0.,0.));
#21 = DIRECTION('',(0.,0.,1.));
#22 = DIRECTION('',(1.,0.,-0.));
#23 = AXIS2_PLACEMENT_3D('',#24,#25,#26);
#24 = CARTESIAN_POINT('',(0.,0.,0.));
#25 = DIRECTION('',(0.,0.,1.));
#26 = DIRECTION('',(1.,0.,-0.));
#27 = AXIS2_PLACEMENT_3D('',#28,#29,#30);
#28 = CARTESIAN_POINT('',(0.,0.,0.));
#29 = DIRECTION('',(0.,0.,1.));
#30 = DIRECTION('',(1.,0.,-0.));
#31 = ( GEOMETRIC_REPRESENTATION_CONTEXT(3) 
GLOBAL_UNCERTAINTY_ASSIGNED_CONTEXT((#35)) GLOBAL_UNIT_ASSIGNED_CONTEXT(
(#32,#33,#34)) REPRESENTATION_CONTEXT('Context #1',
  '3D Context with UNIT and UNCERTAINTY') );
#32 = ( LENGTH_UNIT() NAMED_UNIT(*) SI_UNIT(.MILLI.,.METRE.) );
#33 = ( NAMED_UNIT(*) PLANE_ANGLE_UNIT() SI_UNIT($,.RADIAN.) );
#34 = ( NAMED_UNIT(*) SI_UNIT($,.STERADIAN.) SOLID_ANGLE_UNIT() );
#35 = UNCERTAINTY_MEASURE_WITH_UNIT(LENGTH_MEASURE(1.E-07),#32,
  'distance_accuracy_value','confusion accuracy');
#36 = PRODUCT_RELATED_PRODUCT_CATEGORY('part',$,(#7));
#37 = SHAPE_DEFINITION_REPRESENTATION(#38,#44);
#38 = PRODUCT_DEFINITION_SHAPE('','',#39);
#39 = PRODUCT_DEFINITION('design','',#40,#43);
#40 = PRODUCT_DEFINITION_FORMATION('','',#41);
#41 = PRODUCT('HEAD_BARREL_7075','HEAD_BARREL_7075','',(#42));
#42 = PRODUCT_CONTEXT('',#2,'mechanical');
#43 = PRODUCT_DEFINITION_CONTEXT('part definition',#2,'design');
#44 = ADVANCED_BREP_SHAPE_REPRESENTATION('',(#11,#45),#4613);
#45 = MANIFOLD_SOLID_BREP('',#46);
#46 = CLOSED_SHELL('',(#47,#115,#170,#225,#280,#284,#339,#394,#449,#504,
    #559,#614,#669,#724,#779,#834,#889,#944,#999,#1054,#1109,#1164,#1219
    ,#1274,#1329,#1384,#1439,#1494,#1549,#1604,#1659,#1714,#1769,#1824,
    #1879,#1934,#1989,#2044,#2099,#2154,#2209,#2264,#2319,#2374,#2429,
    #2484,#2539,#2594,#2649,#2704,#2759,#2814,#2869,#2924,#2979,#3034,
    #3089,#3144,#3199,#3254,#3309,#3364,#3422,#3477,#4581,#4609));
#47 = ADVANCED_FACE('',(#48,#84),#61,.F.);
#48 = FACE_BOUND('',#49,.T.);
#49 = EDGE_LOOP('',(#50));
#50 = ORIENTED_EDGE('',*,*,#51,.F.);
#51 = EDGE_CURVE('',#52,#52,#54,.T.);
#52 = VERTEX_POINT('',#53);
#53 = CARTESIAN_POINT('',(47.5563304575,0.,700.));
#54 = SURFACE_CURVE('',#55,(#60,#72),.PCURVE_S1.);
#55 = CIRCLE('',#56,47.5563304575);
#56 = AXIS2_PLACEMENT_3D('',#57,#58,#59);
#57 = CARTESIAN_POINT('',(0.,0.,700.));
#58 = DIRECTION('',(0.,0.,1.));
#59 = DIRECTION('',(1.,0.,-0.));
#60 = PCURVE('',#61,#66);
#61 = PLANE('',#62);
#62 = AXIS2_PLACEMENT_3D('',#63,#64,#65);
#63 = CARTESIAN_POINT('',(0.,0.,700.));
#64 = DIRECTION('',(0.,0.,1.));
#65 = DIRECTION('',(1.,0.,-0.));
#66 = DEFINITIONAL_REPRESENTATION('',(#67),#71);
#67 = CIRCLE('',#68,47.5563304575);
#68 = AXIS2_PLACEMENT_2D('',#69,#70);
#69 = CARTESIAN_POINT('',(0.,0.));
#70 = DIRECTION('',(1.,-0.));
#71 = ( GEOMETRIC_REPRESENTATION_CONTEXT(2) 
PARAMETRIC_REPRESENTATION_CONTEXT() REPRESENTATION_CONTEXT('2D SPACE',''
  ) );
#72 = PCURVE('',#73,#78);
#73 = CONICAL_SURFACE('',#74,47.5563304575,3.262651771423E-02);
#74 = AXIS2_PLACEMENT_3D('',#75,#76,#77);
#75 = CARTESIAN_POINT('',(0.,0.,700.));
#76 = DIRECTION('',(0.,0.,1.));
#77 = DIRECTION('',(1.,0.,-0.));
#78 = DEFINITIONAL_REPRESENTATION('',(#79),#83);
#79 = LINE('',#80,#81);
#80 = CARTESIAN_POINT('',(0.,0.));
#81 = VECTOR('',#82,1.);
#82 = DIRECTION('',(1.,0.));
#83 = ( GEOMETRIC_REPRESENTATION_CONTEXT(2) 
PARAMETRIC_REPRESENTATION_CONTEXT() REPRESENTATION_CONTEXT('2D SPACE',''
  ) );
#84 = FACE_BOUND('',#85,.T.);
#85 = EDGE_LOOP('',(#86));
#86 = ORIENTED_EDGE('',*,*,#87,.T.);
#87 = EDGE_CURVE('',#88,#88,#90,.T.);
#88 = VERTEX_POINT('',#89);
#89 = CARTESIAN_POINT('',(32.,0.,700.));
#90 = SURFACE_CURVE('',#91,(#96,#103),.PCURVE_S1.);
#91 = CIRCLE('',#92,32.);
#92 = AXIS2_PLACEMENT_3D('',#93,#94,#95);
#93 = CARTESIAN_POINT('',(0.,0.,700.));
#94 = DIRECTION('',(0.,0.,1.));
#95 = DIRECTION('',(1.,0.,0.));
#96 = PCURVE('',#61,#97);
#97 = DEFINITIONAL_REPRESENTATION('',(#98),#102);
#98 = CIRCLE('',#99,32.);
#99 = AXIS2_PLACEMENT_2D('',#100,#101);
#100 = CARTESIAN_POINT('',(0.,0.));
#101 = DIRECTION('',(1.,-0.));
#102 = ( GEOMETRIC_REPRESENTATION_CONTEXT(2) 
PARAMETRIC_REPRESENTATION_CONTEXT() REPRESENTATION_CONTEXT('2D SPACE',''
  ) );
#103 = PCURVE('',#104,#109);
#104 = CYLINDRICAL_SURFACE('',#105,32.);
#105 = AXIS2_PLACEMENT_3D('',#106,#107,#108);
#106 = CARTESIAN_POINT('',(0.,0.,700.));
#107 = DIRECTION('',(-0.,-0.,-1.));
#108 = DIRECTION('',(1.,0.,0.));
#109 = DEFINITIONAL_REPRESENTATION('',(#110),#114);
#110 = LINE('',#111,#112);
#111 = CARTESIAN_POINT('',(-0.,0.));
#112 = VECTOR('',#113,1.);
#113 = DIRECTION('',(-1.,0.));
#114 = ( GEOMETRIC_REPRESENTATION_CONTEXT(2) 
PARAMETRIC_REPRESENTATION_CONTEXT() REPRESENTATION_CONTEXT('2D SPACE',''
  ) );
#115 = ADVANCED_FACE('',(#116),#73,.T.);
#116 = FACE_BOUND('',#117,.T.);
#117 = EDGE_LOOP('',(#118,#119,#142,#169));
#118 = ORIENTED_EDGE('',*,*,#51,.T.);
#119 = ORIENTED_EDGE('',*,*,#120,.T.);
#120 = EDGE_CURVE('',#52,#121,#123,.T.);
#121 = VERTEX_POINT('',#122);
#122 = CARTESIAN_POINT('',(47.705258105561,0.,704.563));
#123 = SEAM_CURVE('',#124,(#128,#135),.PCURVE_S1.);
#124 = LINE('',#125,#126);
#125 = CARTESIAN_POINT('',(47.5563304575,0.,700.));
#126 = VECTOR('',#127,1.);
#127 = DIRECTION('',(3.262072959053E-02,0.,0.999467802383));
#128 = PCURVE('',#73,#129);
#129 = DEFINITIONAL_REPRESENTATION('',(#130),#134);
#130 = LINE('',#131,#132);
#131 = CARTESIAN_POINT('',(0.,0.));
#132 = VECTOR('',#133,1.);
#133 = DIRECTION('',(0.,1.));
#134 = ( GEOMETRIC_REPRESENTATION_CONTEXT(2) 
PARAMETRIC_REPRESENTATION_CONTEXT() REPRESENTATION_CONTEXT('2D SPACE',''
  ) );
#135 = PCURVE('',#73,#136);
#136 = DEFINITIONAL_REPRESENTATION('',(#137),#141);
#137 = LINE('',#138,#139);
#138 = CARTESIAN_POINT('',(6.28318530718,0.));
#139 = VECTOR('',#140,1.);
#140 = DIRECTION('',(0.,1.));
#141 = ( GEOMETRIC_REPRESENTATION_CONTEXT(2) 
PARAMETRIC_REPRESENTATION_CONTEXT() REPRESENTATION_CONTEXT('2D SPACE',''
  ) );
#142 = ORIENTED_EDGE('',*,*,#143,.F.);
#143 = EDGE_CURVE('',#121,#121,#144,.T.);
#144 = SURFACE_CURVE('',#145,(#150,#157),.PCURVE_S1.);
#145 = CIRCLE('',#146,47.705258105561);
#146 = AXIS2_PLACEMENT_3D('',#147,#148,#149);
#147 = CARTESIAN_POINT('',(0.,0.,704.563));
#148 = DIRECTION('',(0.,0.,1.));
#149 = DIRECTION('',(1.,0.,-0.));
#150 = PCURVE('',#73,#151);
#151 = DEFINITIONAL_REPRESENTATION('',(#152),#156);
#152 = LINE('',#153,#154);
#153 = CARTESIAN_POINT('',(0.,4.563));
#154 = VECTOR('',#155,1.);
#155 = DIRECTION('',(1.,0.));
#156 = ( GEOMETRIC_REPRESENTATION_CONTEXT(2) 
PARAMETRIC_REPRESENTATION_CONTEXT() REPRESENTATION_CONTEXT('2D SPACE',''
  ) );
#157 = PCURVE('',#158,#163);
#158 = CONICAL_SURFACE('',#159,47.705258105561,3.242088180408E-02);
#159 = AXIS2_PLACEMENT_3D('',#160,#161,#162);
#160 = CARTESIAN_POINT('',(0.,0.,704.563));
#161 = DIRECTION('',(0.,0.,1.));
#162 = DIRECTION('',(1.,0.,-0.));
#163 = DEFINITIONAL_REPRESENTATION('',(#164),#168);
#164 = LINE('',#165,#166);
#165 = CARTESIAN_POINT('',(0.,0.));
#166 = VECTOR('',#167,1.);
#167 = DIRECTION('',(1.,0.));
#168 = ( GEOMETRIC_REPRESENTATION_CONTEXT(2) 
PARAMETRIC_REPRESENTATION_CONTEXT() REPRESENTATION_CONTEXT('2D SPACE',''
  ) );
#169 = ORIENTED_EDGE('',*,*,#120,.F.);
#170 = ADVANCED_FACE('',(#171),#104,.F.);
#171 = FACE_BOUND('',#172,.T.);
#172 = EDGE_LOOP('',(#173,#196,#223,#224));
#173 = ORIENTED_EDGE('',*,*,#174,.T.);
#174 = EDGE_CURVE('',#88,#175,#177,.T.);
#175 = VERTEX_POINT('',#176);
#176 = CARTESIAN_POINT('',(32.,0.,973.78));
#177 = SEAM_CURVE('',#178,(#182,#189),.PCURVE_S1.);
#178 = LINE('',#179,#180);
#179 = CARTESIAN_POINT('',(32.,0.,700.));
#180 = VECTOR('',#181,1.);
#181 = DIRECTION('',(0.,0.,1.));
#182 = PCURVE('',#104,#183);
#183 = DEFINITIONAL_REPRESENTATION('',(#184),#188);
#184 = LINE('',#185,#186);
#185 = CARTESIAN_POINT('',(-0.,0.));
#186 = VECTOR('',#187,1.);
#187 = DIRECTION('',(-0.,-1.));
#188 = ( GEOMETRIC_REPRESENTATION_CONTEXT(2) 
PARAMETRIC_REPRESENTATION_CONTEXT() REPRESENTATION_CONTEXT('2D SPACE',''
  ) );
#189 = PCURVE('',#104,#190);
#190 = DEFINITIONAL_REPRESENTATION('',(#191),#195);
#191 = LINE('',#192,#193);
#192 = CARTESIAN_POINT('',(-6.28318530718,0.));
#193 = VECTOR('',#194,1.);
#194 = DIRECTION('',(-0.,-1.));
#195 = ( GEOMETRIC_REPRESENTATION_CONTEXT(2) 
PARAMETRIC_REPRESENTATION_CONTEXT() REPRESENTATION_CONTEXT('2D SPACE',''
  ) );
#196 = ORIENTED_EDGE('',*,*,#197,.T.);
#197 = EDGE_CURVE('',#175,#175,#198,.T.);
#198 = SURFACE_CURVE('',#199,(#204,#211),.PCURVE_S1.);
#199 = CIRCLE('',#200,32.);
#200 = AXIS2_PLACEMENT_3D('',#201,#202,#203);
#201 = CARTESIAN_POINT('',(0.,0.,973.78));
#202 = DIRECTION('',(0.,0.,1.));
#203 = DIRECTION('',(1.,0.,0.));
#204 = PCURVE('',#104,#205);
#205 = DEFINITIONAL_REPRESENTATION('',(#206),#210);
#206 = LINE('',#207,#208);
#207 = CARTESIAN_POINT('',(-0.,-273.78));
#208 = VECTOR('',#209,1.);
#209 = DIRECTION('',(-1.,0.));
#210 = ( GEOMETRIC_REPRESENTATION_CONTEXT(2) 
PARAMETRIC_REPRESENTATION_CONTEXT() REPRESENTATION_CONTEXT('2D SPACE',''
  ) );
#211 = PCURVE('',#212,#217);
#212 = PLANE('',#213);
#213 = AXIS2_PLACEMENT_3D('',#214,#215,#216);
#214 = CARTESIAN_POINT('',(-2.051160198809E-15,2.796030478528E-15,973.78
    ));
#215 = DIRECTION('',(0.,0.,1.));
#216 = DIRECTION('',(1.,0.,-0.));
#217 = DEFINITIONAL_REPRESENTATION('',(#218),#222);
#218 = CIRCLE('',#219,32.);
#219 = AXIS2_PLACEMENT_2D('',#220,#221);
#220 = CARTESIAN_POINT('',(2.051160198809E-15,-2.796030478528E-15));
#221 = DIRECTION('',(1.,0.));
#222 = ( GEOMETRIC_REPRESENTATION_CONTEXT(2) 
PARAMETRIC_REPRESENTATION_CONTEXT() REPRESENTATION_CONTEXT('2D SPACE',''
  ) );
#223 = ORIENTED_EDGE('',*,*,#174,.F.);
#224 = ORIENTED_EDGE('',*,*,#87,.F.);
#225 = ADVANCED_FACE('',(#226),#158,.T.);
#226 = FACE_BOUND('',#227,.T.);
#227 = EDGE_LOOP('',(#228,#229,#252,#279));
#228 = ORIENTED_EDGE('',*,*,#143,.T.);
#229 = ORIENTED_EDGE('',*,*,#230,.T.);
#230 = EDGE_CURVE('',#121,#231,#233,.T.);
#231 = VERTEX_POINT('',#232);
#232 = CARTESIAN_POINT('',(47.853246443717,0.,709.126));
#233 = SEAM_CURVE('',#234,(#238,#245),.PCURVE_S1.);
#234 = LINE('',#235,#236);
#235 = CARTESIAN_POINT('',(47.705258105561,0.,704.563));
#236 = VECTOR('',#237,1.);
#237 = DIRECTION('',(3.241520243107E-02,0.,0.999474489245));
#238 = PCURVE('',#158,#239);
#239 = DEFINITIONAL_REPRESENTATION('',(#240),#244);
#240 = LINE('',#241,#242);
#241 = CARTESIAN_POINT('',(0.,0.));
#242 = VECTOR('',#243,1.);
#243 = DIRECTION('',(0.,1.));
#244 = ( GEOMETRIC_REPRESENTATION_CONTEXT(2) 
PARAMETRIC_REPRESENTATION_CONTEXT() REPRESENTATION_CONTEXT('2D SPACE',''
  ) );
#245 = PCURVE('',#158,#246);
#246 = DEFINITIONAL_REPRESENTATION('',(#247),#251);
#247 = LINE('',#248,#249);
#248 = CARTESIAN_POINT('',(6.28318530718,0.));
#249 = VECTOR('',#250,1.);
#250 = DIRECTION('',(0.,1.));
#251 = ( GEOMETRIC_REPRESENTATION_CONTEXT(2) 
PARAMETRIC_REPRESENTATION_CONTEXT() REPRESENTATION_CONTEXT('2D SPACE',''
  ) );
#252 = ORIENTED_EDGE('',*,*,#253,.F.);
#253 = EDGE_CURVE('',#231,#231,#254,.T.);
#254 = SURFACE_CURVE('',#255,(#260,#267),.PCURVE_S1.);
#255 = CIRCLE('',#256,47.853246443717);
#256 = AXIS2_PLACEMENT_3D('',#257,#258,#259);
#257 = CARTESIAN_POINT('',(0.,0.,709.126));
#258 = DIRECTION('',(0.,0.,1.));
#259 = DIRECTION('',(1.,0.,-0.));
#260 = PCURVE('',#158,#261);
#261 = DEFINITIONAL_REPRESENTATION('',(#262),#266);
#262 = LINE('',#263,#264);
#263 = CARTESIAN_POINT('',(0.,4.563));
#264 = VECTOR('',#265,1.);
#265 = DIRECTION('',(1.,0.));
#266 = ( GEOMETRIC_REPRESENTATION_CONTEXT(2) 
PARAMETRIC_REPRESENTATION_CONTEXT() REPRESENTATION_CONTEXT('2D SPACE',''
  ) );
#267 = PCURVE('',#268,#273);
#268 = CONICAL_SURFACE('',#269,47.853246443717,3.220353926369E-02);
#269 = AXIS2_PLACEMENT_3D('',#270,#271,#272);
#270 = CARTESIAN_POINT('',(0.,0.,709.126));
#271 = DIRECTION('',(0.,0.,1.));
#272 = DIRECTION('',(1.,0.,-0.));
#273 = DEFINITIONAL_REPRESENTATION('',(#274),#278);
#274 = LINE('',#275,#276);
#275 = CARTESIAN_POINT('',(0.,0.));
#276 = VECTOR('',#277,1.);
#277 = DIRECTION('',(1.,0.));
#278 = ( GEOMETRIC_REPRESENTATION_CONTEXT(2) 
PARAMETRIC_REPRESENTATION_CONTEXT() REPRESENTATION_CONTEXT('2D SPACE',''
  ) );
#279 = ORIENTED_EDGE('',*,*,#230,.F.);
#280 = ADVANCED_FACE('',(#281),#212,.F.);
#281 = FACE_BOUND('',#282,.F.);
#282 = EDGE_LOOP('',(#283));
#283 = ORIENTED_EDGE('',*,*,#197,.T.);
#284 = ADVANCED_FACE('',(#285),#268,.T.);
#285 = FACE_BOUND('',#286,.T.);
#286 = EDGE_LOOP('',(#287,#288,#311,#338));
#287 = ORIENTED_EDGE('',*,*,#253,.T.);
#288 = ORIENTED_EDGE('',*,*,#289,.T.);
#289 = EDGE_CURVE('',#231,#290,#292,.T.);
#290 = VERTEX_POINT('',#291);
#291 = CARTESIAN_POINT('',(48.000242011688,0.,713.689));
#292 = SEAM_CURVE('',#293,(#297,#304),.PCURVE_S1.);
#293 = LINE('',#294,#295);
#294 = CARTESIAN_POINT('',(47.853246443717,0.,709.126));
#295 = VECTOR('',#296,1.);
#296 = DIRECTION('',(3.219797334262E-02,0.,0.999481510841));
#297 = PCURVE('',#268,#298);
#298 = DEFINITIONAL_REPRESENTATION('',(#299),#303);
#299 = LINE('',#300,#301);
#300 = CARTESIAN_POINT('',(0.,0.));
#301 = VECTOR('',#302,1.);
#302 = DIRECTION('',(0.,1.));
#303 = ( GEOMETRIC_REPRESENTATION_CONTEXT(2) 
PARAMETRIC_REPRESENTATION_CONTEXT() REPRESENTATION_CONTEXT('2D SPACE',''
  ) );
#304 = PCURVE('',#268,#305);
#305 = DEFINITIONAL_REPRESENTATION('',(#306),#310);
#306 = LINE('',#307,#308);
#307 = CARTESIAN_POINT('',(6.28318530718,0.));
#308 = VECTOR('',#309,1.);
#309 = DIRECTION('',(0.,1.));
#310 = ( GEOMETRIC_REPRESENTATION_CONTEXT(2) 
PARAMETRIC_REPRESENTATION_CONTEXT() REPRESENTATION_CONTEXT('2D SPACE',''
  ) );
#311 = ORIENTED_EDGE('',*,*,#312,.F.);
#312 = EDGE_CURVE('',#290,#290,#313,.T.);
#313 = SURFACE_CURVE('',#314,(#319,#326),.PCURVE_S1.);
#314 = CIRCLE('',#315,48.000242011688);
#315 = AXIS2_PLACEMENT_3D('',#316,#317,#318);
#316 = CARTESIAN_POINT('',(0.,0.,713.689));
#317 = DIRECTION('',(0.,0.,1.));
#318 = DIRECTION('',(1.,0.,-0.));
#319 = PCURVE('',#268,#320);
#320 = DEFINITIONAL_REPRESENTATION('',(#321),#325);
#321 = LINE('',#322,#323);
#322 = CARTESIAN_POINT('',(0.,4.563));
#323 = VECTOR('',#324,1.);
#324 = DIRECTION('',(1.,0.));
#325 = ( GEOMETRIC_REPRESENTATION_CONTEXT(2) 
PARAMETRIC_REPRESENTATION_CONTEXT() REPRESENTATION_CONTEXT('2D SPACE',''
  ) );
#326 = PCURVE('',#327,#332);
#327 = CONICAL_SURFACE('',#328,48.000242011688,3.197448962029E-02);
#328 = AXIS2_PLACEMENT_3D('',#329,#330,#331);
#329 = CARTESIAN_POINT('',(0.,0.,713.689));
#330 = DIRECTION('',(0.,0.,1.));
#331 = DIRECTION('',(1.,0.,-0.));
#332 = DEFINITIONAL_REPRESENTATION('',(#333),#337);
#333 = LINE('',#334,#335);
#334 = CARTESIAN_POINT('',(0.,0.));
#335 = VECTOR('',#336,1.);
#336 = DIRECTION('',(1.,0.));
#337 = ( GEOMETRIC_REPRESENTATION_CONTEXT(2) 
PARAMETRIC_REPRESENTATION_CONTEXT() REPRESENTATION_CONTEXT('2D SPACE',''
  ) );
#338 = ORIENTED_EDGE('',*,*,#289,.F.);
#339 = ADVANCED_FACE('',(#340),#327,.T.);
#340 = FACE_BOUND('',#341,.T.);
#341 = EDGE_LOOP('',(#342,#343,#366,#393));
#342 = ORIENTED_EDGE('',*,*,#312,.T.);
#343 = ORIENTED_EDGE('',*,*,#344,.T.);
#344 = EDGE_CURVE('',#290,#345,#347,.T.);
#345 = VERTEX_POINT('',#346);
#346 = CARTESIAN_POINT('',(48.146191349192,0.,718.252));
#347 = SEAM_CURVE('',#348,(#352,#359),.PCURVE_S1.);
#348 = LINE('',#349,#350);
#349 = CARTESIAN_POINT('',(48.000242011688,0.,713.689));
#350 = VECTOR('',#351,1.);
#351 = DIRECTION('',(3.196904161636E-02,0.,0.999488859557));
#352 = PCURVE('',#327,#353);
#353 = DEFINITIONAL_REPRESENTATION('',(#354),#358);
#354 = LINE('',#355,#356);
#355 = CARTESIAN_POINT('',(0.,0.));
#356 = VECTOR('',#357,1.);
#357 = DIRECTION('',(0.,1.));
#358 = ( GEOMETRIC_REPRESENTATION_CONTEXT(2) 
PARAMETRIC_REPRESENTATION_CONTEXT() REPRESENTATION_CONTEXT('2D SPACE',''
  ) );
#359 = PCURVE('',#327,#360);
#360 = DEFINITIONAL_REPRESENTATION('',(#361),#365);
#361 = LINE('',#362,#363);
#362 = CARTESIAN_POINT('',(6.28318530718,0.));
#363 = VECTOR('',#364,1.);
#364 = DIRECTION('',(0.,1.));
#365 = ( GEOMETRIC_REPRESENTATION_CONTEXT(2) 
PARAMETRIC_REPRESENTATION_CONTEXT() REPRESENTATION_CONTEXT('2D SPACE',''
  ) );
#366 = ORIENTED_EDGE('',*,*,#367,.F.);
#367 = EDGE_CURVE('',#345,#345,#368,.T.);
#368 = SURFACE_CURVE('',#369,(#374,#381),.PCURVE_S1.);
#369 = CIRCLE('',#370,48.146191349192);
#370 = AXIS2_PLACEMENT_3D('',#371,#372,#373);
#371 = CARTESIAN_POINT('',(0.,0.,718.252));
#372 = DIRECTION('',(0.,0.,1.));
#373 = DIRECTION('',(1.,0.,-0.));
#374 = PCURVE('',#327,#375);
#375 = DEFINITIONAL_REPRESENTATION('',(#376),#380);
#376 = LINE('',#377,#378);
#377 = CARTESIAN_POINT('',(0.,4.563));
#378 = VECTOR('',#379,1.);
#379 = DIRECTION('',(1.,0.));
#380 = ( GEOMETRIC_REPRESENTATION_CONTEXT(2) 
PARAMETRIC_REPRESENTATION_CONTEXT() REPRESENTATION_CONTEXT('2D SPACE',''
  ) );
#381 = PCURVE('',#382,#387);
#382 = CONICAL_SURFACE('',#383,48.146191349192,3.173373238161E-02);
#383 = AXIS2_PLACEMENT_3D('',#384,#385,#386);
#384 = CARTESIAN_POINT('',(0.,0.,718.252));
#385 = DIRECTION('',(0.,0.,1.));
#386 = DIRECTION('',(1.,0.,-0.));
#387 = DEFINITIONAL_REPRESENTATION('',(#388),#392);
#388 = LINE('',#389,#390);
#389 = CARTESIAN_POINT('',(0.,0.));
#390 = VECTOR('',#391,1.);
#391 = DIRECTION('',(1.,0.));
#392 = ( GEOMETRIC_REPRESENTATION_CONTEXT(2) 
PARAMETRIC_REPRESENTATION_CONTEXT() REPRESENTATION_CONTEXT('2D SPACE',''
  ) );
#393 = ORIENTED_EDGE('',*,*,#344,.F.);
#394 = ADVANCED_FACE('',(#395),#382,.T.);
#395 = FACE_BOUND('',#396,.T.);
#396 = EDGE_LOOP('',(#397,#398,#421,#448));
#397 = ORIENTED_EDGE('',*,*,#367,.T.);
#398 = ORIENTED_EDGE('',*,*,#399,.T.);
#399 = EDGE_CURVE('',#345,#400,#402,.T.);
#400 = VERTEX_POINT('',#401);
#401 = CARTESIAN_POINT('',(48.29104099595,0.,722.815));
#402 = SEAM_CURVE('',#403,(#407,#414),.PCURVE_S1.);
#403 = LINE('',#404,#405);
#404 = CARTESIAN_POINT('',(48.146191349192,0.,718.252));
#405 = VECTOR('',#406,1.);
#406 = DIRECTION('',(3.172840651424E-02,0.,0.999496527368));
#407 = PCURVE('',#382,#408);
#408 = DEFINITIONAL_REPRESENTATION('',(#409),#413);
#409 = LINE('',#410,#411);
#410 = CARTESIAN_POINT('',(0.,0.));
#411 = VECTOR('',#412,1.);
#412 = DIRECTION('',(0.,1.));
#413 = ( GEOMETRIC_REPRESENTATION_CONTEXT(2) 
PARAMETRIC_REPRESENTATION_CONTEXT() REPRESENTATION_CONTEXT('2D SPACE',''
  ) );
#414 = PCURVE('',#382,#415);
#415 = DEFINITIONAL_REPRESENTATION('',(#416),#420);
#416 = LINE('',#417,#418);
#417 = CARTESIAN_POINT('',(6.28318530718,0.));
#418 = VECTOR('',#419,1.);
#419 = DIRECTION('',(0.,1.));
#420 = ( GEOMETRIC_REPRESENTATION_CONTEXT(2) 
PARAMETRIC_REPRESENTATION_CONTEXT() REPRESENTATION_CONTEXT('2D SPACE',''
  ) );
#421 = ORIENTED_EDGE('',*,*,#422,.F.);
#422 = EDGE_CURVE('',#400,#400,#423,.T.);
#423 = SURFACE_CURVE('',#424,(#429,#436),.PCURVE_S1.);
#424 = CIRCLE('',#425,48.29104099595);
#425 = AXIS2_PLACEMENT_3D('',#426,#427,#428);
#426 = CARTESIAN_POINT('',(0.,0.,722.815));
#427 = DIRECTION('',(0.,0.,1.));
#428 = DIRECTION('',(1.,0.,-0.));
#429 = PCURVE('',#382,#430);
#430 = DEFINITIONAL_REPRESENTATION('',(#431),#435);
#431 = LINE('',#432,#433);
#432 = CARTESIAN_POINT('',(0.,4.563));
#433 = VECTOR('',#434,1.);
#434 = DIRECTION('',(1.,0.));
#435 = ( GEOMETRIC_REPRESENTATION_CONTEXT(2) 
PARAMETRIC_REPRESENTATION_CONTEXT() REPRESENTATION_CONTEXT('2D SPACE',''
  ) );
#436 = PCURVE('',#437,#442);
#437 = CONICAL_SURFACE('',#438,48.29104099595,3.148126703682E-02);
#438 = AXIS2_PLACEMENT_3D('',#439,#440,#441);
#439 = CARTESIAN_POINT('',(0.,0.,722.815));
#440 = DIRECTION('',(0.,0.,1.));
#441 = DIRECTION('',(1.,0.,-0.));
#442 = DEFINITIONAL_REPRESENTATION('',(#443),#447);
#443 = LINE('',#444,#445);
#444 = CARTESIAN_POINT('',(0.,0.));
#445 = VECTOR('',#446,1.);
#446 = DIRECTION('',(1.,0.));
#447 = ( GEOMETRIC_REPRESENTATION_CONTEXT(2) 
PARAMETRIC_REPRESENTATION_CONTEXT() REPRESENTATION_CONTEXT('2D SPACE',''
  ) );
#448 = ORIENTED_EDGE('',*,*,#399,.F.);
#449 = ADVANCED_FACE('',(#450),#437,.T.);
#450 = FACE_BOUND('',#451,.T.);
#451 = EDGE_LOOP('',(#452,#453,#476,#503));
#452 = ORIENTED_EDGE('',*,*,#422,.T.);
#453 = ORIENTED_EDGE('',*,*,#454,.T.);
#454 = EDGE_CURVE('',#400,#455,#457,.T.);
#455 = VERTEX_POINT('',#456);
#456 = CARTESIAN_POINT('',(48.434737491679,0.,727.378));
#457 = SEAM_CURVE('',#458,(#462,#469),.PCURVE_S1.);
#458 = LINE('',#459,#460);
#459 = CARTESIAN_POINT('',(48.29104099595,0.,722.815));
#460 = VECTOR('',#461,1.);
#461 = DIRECTION('',(3.147606727035E-02,0.,0.999504505837));
#462 = PCURVE('',#437,#463);
#463 = DEFINITIONAL_REPRESENTATION('',(#464),#468);
#464 = LINE('',#465,#466);
#465 = CARTESIAN_POINT('',(0.,0.));
#466 = VECTOR('',#467,1.);
#467 = DIRECTION('',(0.,1.));
#468 = ( GEOMETRIC_REPRESENTATION_CONTEXT(2) 
PARAMETRIC_REPRESENTATION_CONTEXT() REPRESENTATION_CONTEXT('2D SPACE',''
  ) );
#469 = PCURVE('',#437,#470);
#470 = DEFINITIONAL_REPRESENTATION('',(#471),#475);
#471 = LINE('',#472,#473);
#472 = CARTESIAN_POINT('',(6.28318530718,0.));
#473 = VECTOR('',#474,1.);
#474 = DIRECTION('',(0.,1.));
#475 = ( GEOMETRIC_REPRESENTATION_CONTEXT(2) 
PARAMETRIC_REPRESENTATION_CONTEXT() REPRESENTATION_CONTEXT('2D SPACE',''
  ) );
#476 = ORIENTED_EDGE('',*,*,#477,.F.);
#477 = EDGE_CURVE('',#455,#455,#478,.T.);
#478 = SURFACE_CURVE('',#479,(#484,#491),.PCURVE_S1.);
#479 = CIRCLE('',#480,48.434737491679);
#480 = AXIS2_PLACEMENT_3D('',#481,#482,#483);
#481 = CARTESIAN_POINT('',(0.,0.,727.378));
#482 = DIRECTION('',(0.,0.,1.));
#483 = DIRECTION('',(1.,0.,-0.));
#484 = PCURVE('',#437,#485);
#485 = DEFINITIONAL_REPRESENTATION('',(#486),#490);
#486 = LINE('',#487,#488);
#487 = CARTESIAN_POINT('',(0.,4.563));
#488 = VECTOR('',#489,1.);
#489 = DIRECTION('',(1.,0.));
#490 = ( GEOMETRIC_REPRESENTATION_CONTEXT(2) 
PARAMETRIC_REPRESENTATION_CONTEXT() REPRESENTATION_CONTEXT('2D SPACE',''
  ) );
#491 = PCURVE('',#492,#497);
#492 = CONICAL_SURFACE('',#493,48.434737491679,3.121709305754E-02);
#493 = AXIS2_PLACEMENT_3D('',#494,#495,#496);
#494 = CARTESIAN_POINT('',(0.,0.,727.378));
#495 = DIRECTION('',(0.,0.,1.));
#496 = DIRECTION('',(1.,0.,-0.));
#497 = DEFINITIONAL_REPRESENTATION('',(#498),#502);
#498 = LINE('',#499,#500);
#499 = CARTESIAN_POINT('',(0.,0.));
#500 = VECTOR('',#501,1.);
#501 = DIRECTION('',(1.,0.));
#502 = ( GEOMETRIC_REPRESENTATION_CONTEXT(2) 
PARAMETRIC_REPRESENTATION_CONTEXT() REPRESENTATION_CONTEXT('2D SPACE',''
  ) );
#503 = ORIENTED_EDGE('',*,*,#454,.F.);
#504 = ADVANCED_FACE('',(#505),#492,.T.);
#505 = FACE_BOUND('',#506,.T.);
#506 = EDGE_LOOP('',(#507,#508,#531,#558));
#507 = ORIENTED_EDGE('',*,*,#477,.T.);
#508 = ORIENTED_EDGE('',*,*,#509,.T.);
#509 = EDGE_CURVE('',#455,#510,#512,.T.);
#510 = VERTEX_POINT('',#511);
#511 = CARTESIAN_POINT('',(48.5772273761,0.,731.941));
#512 = SEAM_CURVE('',#513,(#517,#524),.PCURVE_S1.);
#513 = LINE('',#514,#515);
#514 = CARTESIAN_POINT('',(48.434737491679,0.,727.378));
#515 = VECTOR('',#516,1.);
#516 = DIRECTION('',(3.121202309249E-02,0.,0.999512786119));
#517 = PCURVE('',#492,#518);
#518 = DEFINITIONAL_REPRESENTATION('',(#519),#523);
#519 = LINE('',#520,#521);
#520 = CARTESIAN_POINT('',(0.,0.));
#521 = VECTOR('',#522,1.);
#522 = DIRECTION('',(0.,1.));
#523 = ( GEOMETRIC_REPRESENTATION_CONTEXT(2) 
PARAMETRIC_REPRESENTATION_CONTEXT() REPRESENTATION_CONTEXT('2D SPACE',''
  ) );
#524 = PCURVE('',#492,#525);
#525 = DEFINITIONAL_REPRESENTATION('',(#526),#530);
#526 = LINE('',#527,#528);
#527 = CARTESIAN_POINT('',(6.28318530718,0.));
#528 = VECTOR('',#529,1.);
#529 = DIRECTION('',(0.,1.));
#530 = ( GEOMETRIC_REPRESENTATION_CONTEXT(2) 
PARAMETRIC_REPRESENTATION_CONTEXT() REPRESENTATION_CONTEXT('2D SPACE',''
  ) );
#531 = ORIENTED_EDGE('',*,*,#532,.F.);
#532 = EDGE_CURVE('',#510,#510,#533,.T.);
#533 = SURFACE_CURVE('',#534,(#539,#546),.PCURVE_S1.);
#534 = CIRCLE('',#535,48.5772273761);
#535 = AXIS2_PLACEMENT_3D('',#536,#537,#538);
#536 = CARTESIAN_POINT('',(0.,0.,731.941));
#537 = DIRECTION('',(0.,0.,1.));
#538 = DIRECTION('',(1.,0.,-0.));
#539 = PCURVE('',#492,#540);
#540 = DEFINITIONAL_REPRESENTATION('',(#541),#545);
#541 = LINE('',#542,#543);
#542 = CARTESIAN_POINT('',(0.,4.563));
#543 = VECTOR('',#544,1.);
#544 = DIRECTION('',(1.,0.));
#545 = ( GEOMETRIC_REPRESENTATION_CONTEXT(2) 
PARAMETRIC_REPRESENTATION_CONTEXT() REPRESENTATION_CONTEXT('2D SPACE',''
  ) );
#546 = PCURVE('',#547,#552);
#547 = CONICAL_SURFACE('',#548,48.5772273761,3.094120989885E-02);
#548 = AXIS2_PLACEMENT_3D('',#549,#550,#551);
#549 = CARTESIAN_POINT('',(0.,0.,731.941));
#550 = DIRECTION('',(0.,0.,1.));
#551 = DIRECTION('',(1.,0.,-0.));
#552 = DEFINITIONAL_REPRESENTATION('',(#553),#557);
#553 = LINE('',#554,#555);
#554 = CARTESIAN_POINT('',(0.,0.));
#555 = VECTOR('',#556,1.);
#556 = DIRECTION('',(1.,0.));
#557 = ( GEOMETRIC_REPRESENTATION_CONTEXT(2) 
PARAMETRIC_REPRESENTATION_CONTEXT() REPRESENTATION_CONTEXT('2D SPACE',''
  ) );
#558 = ORIENTED_EDGE('',*,*,#509,.F.);
#559 = ADVANCED_FACE('',(#560),#547,.T.);
#560 = FACE_BOUND('',#561,.T.);
#561 = EDGE_LOOP('',(#562,#563,#586,#613));
#562 = ORIENTED_EDGE('',*,*,#532,.T.);
#563 = ORIENTED_EDGE('',*,*,#564,.T.);
#564 = EDGE_CURVE('',#510,#565,#567,.T.);
#565 = VERTEX_POINT('',#566);
#566 = CARTESIAN_POINT('',(48.718457188931,0.,736.504));
#567 = SEAM_CURVE('',#568,(#572,#579),.PCURVE_S1.);
#568 = LINE('',#569,#570);
#569 = CARTESIAN_POINT('',(48.5772273761,0.,731.941));
#570 = VECTOR('',#571,1.);
#571 = DIRECTION('',(3.093627316361E-02,0.,0.999521358953));
#572 = PCURVE('',#547,#573);
#573 = DEFINITIONAL_REPRESENTATION('',(#574),#578);
#574 = LINE('',#575,#576);
#575 = CARTESIAN_POINT('',(0.,0.));
#576 = VECTOR('',#577,1.);
#577 = DIRECTION('',(0.,1.));
#578 = ( GEOMETRIC_REPRESENTATION_CONTEXT(2) 
PARAMETRIC_REPRESENTATION_CONTEXT() REPRESENTATION_CONTEXT('2D SPACE',''
  ) );
#579 = PCURVE('',#547,#580);
#580 = DEFINITIONAL_REPRESENTATION('',(#581),#585);
#581 = LINE('',#582,#583);
#582 = CARTESIAN_POINT('',(6.28318530718,0.));
#583 = VECTOR('',#584,1.);
#584 = DIRECTION('',(0.,1.));
#585 = ( GEOMETRIC_REPRESENTATION_CONTEXT(2) 
PARAMETRIC_REPRESENTATION_CONTEXT() REPRESENTATION_CONTEXT('2D SPACE',''
  ) );
#586 = ORIENTED_EDGE('',*,*,#587,.F.);
#587 = EDGE_CURVE('',#565,#565,#588,.T.);
#588 = SURFACE_CURVE('',#589,(#594,#601),.PCURVE_S1.);
#589 = CIRCLE('',#590,48.718457188931);
#590 = AXIS2_PLACEMENT_3D('',#591,#592,#593);
#591 = CARTESIAN_POINT('',(0.,0.,736.504));
#592 = DIRECTION('',(0.,0.,1.));
#593 = DIRECTION('',(1.,0.,-0.));
#594 = PCURVE('',#547,#595);
#595 = DEFINITIONAL_REPRESENTATION('',(#596),#600);
#596 = LINE('',#597,#598);
#597 = CARTESIAN_POINT('',(0.,4.563));
#598 = VECTOR('',#599,1.);
#599 = DIRECTION('',(1.,0.));
#600 = ( GEOMETRIC_REPRESENTATION_CONTEXT(2) 
PARAMETRIC_REPRESENTATION_CONTEXT() REPRESENTATION_CONTEXT('2D SPACE',''
  ) );
#601 = PCURVE('',#602,#607);
#602 = CONICAL_SURFACE('',#603,48.718457188931,3.065361700041E-02);
#603 = AXIS2_PLACEMENT_3D('',#604,#605,#606);
#604 = CARTESIAN_POINT('',(0.,0.,736.504));
#605 = DIRECTION('',(0.,0.,1.));
#606 = DIRECTION('',(1.,0.,-0.));
#607 = DEFINITIONAL_REPRESENTATION('',(#608),#612);
#608 = LINE('',#609,#610);
#609 = CARTESIAN_POINT('',(0.,0.));
#610 = VECTOR('',#611,1.);
#611 = DIRECTION('',(1.,0.));
#612 = ( GEOMETRIC_REPRESENTATION_CONTEXT(2) 
PARAMETRIC_REPRESENTATION_CONTEXT() REPRESENTATION_CONTEXT('2D SPACE',''
  ) );
#613 = ORIENTED_EDGE('',*,*,#564,.F.);
#614 = ADVANCED_FACE('',(#615),#602,.T.);
#615 = FACE_BOUND('',#616,.T.);
#616 = EDGE_LOOP('',(#617,#618,#641,#668));
#617 = ORIENTED_EDGE('',*,*,#587,.T.);
#618 = ORIENTED_EDGE('',*,*,#619,.T.);
#619 = EDGE_CURVE('',#565,#620,#622,.T.);
#620 = VERTEX_POINT('',#621);
#621 = CARTESIAN_POINT('',(48.858373469892,0.,741.067));
#622 = SEAM_CURVE('',#623,(#627,#634),.PCURVE_S1.);
#623 = LINE('',#624,#625);
#624 = CARTESIAN_POINT('',(48.718457188931,0.,736.504));
#625 = VECTOR('',#626,1.);
#626 = DIRECTION('',(3.064881664353E-02,0.,0.99953021467));
#627 = PCURVE('',#602,#628);
#628 = DEFINITIONAL_REPRESENTATION('',(#629),#633);
#629 = LINE('',#630,#631);
#630 = CARTESIAN_POINT('',(0.,0.));
#631 = VECTOR('',#632,1.);
#632 = DIRECTION('',(0.,1.));
#633 = ( GEOMETRIC_REPRESENTATION_CONTEXT(2) 
PARAMETRIC_REPRESENTATION_CONTEXT() REPRESENTATION_CONTEXT('2D SPACE',''
  ) );
#634 = PCURVE('',#602,#635);
#635 = DEFINITIONAL_REPRESENTATION('',(#636),#640);
#636 = LINE('',#637,#638);
#637 = CARTESIAN_POINT('',(6.28318530718,0.));
#638 = VECTOR('',#639,1.);
#639 = DIRECTION('',(0.,1.));
#640 = ( GEOMETRIC_REPRESENTATION_CONTEXT(2) 
PARAMETRIC_REPRESENTATION_CONTEXT() REPRESENTATION_CONTEXT('2D SPACE',''
  ) );
#641 = ORIENTED_EDGE('',*,*,#642,.F.);
#642 = EDGE_CURVE('',#620,#620,#643,.T.);
#643 = SURFACE_CURVE('',#644,(#649,#656),.PCURVE_S1.);
#644 = CIRCLE('',#645,48.858373469892);
#645 = AXIS2_PLACEMENT_3D('',#646,#647,#648);
#646 = CARTESIAN_POINT('',(0.,0.,741.067));
#647 = DIRECTION('',(0.,0.,1.));
#648 = DIRECTION('',(1.,0.,-0.));
#649 = PCURVE('',#602,#650);
#650 = DEFINITIONAL_REPRESENTATION('',(#651),#655);
#651 = LINE('',#652,#653);
#652 = CARTESIAN_POINT('',(0.,4.563));
#653 = VECTOR('',#654,1.);
#654 = DIRECTION('',(1.,0.));
#655 = ( GEOMETRIC_REPRESENTATION_CONTEXT(2) 
PARAMETRIC_REPRESENTATION_CONTEXT() REPRESENTATION_CONTEXT('2D SPACE',''
  ) );
#656 = PCURVE('',#657,#662);
#657 = CONICAL_SURFACE('',#658,48.858373469892,3.035431378752E-02);
#658 = AXIS2_PLACEMENT_3D('',#659,#660,#661);
#659 = CARTESIAN_POINT('',(0.,0.,741.067));
#660 = DIRECTION('',(0.,0.,1.));
#661 = DIRECTION('',(1.,0.,-0.));
#662 = DEFINITIONAL_REPRESENTATION('',(#663),#667);
#663 = LINE('',#664,#665);
#664 = CARTESIAN_POINT('',(0.,0.));
#665 = VECTOR('',#666,1.);
#666 = DIRECTION('',(1.,0.));
#667 = ( GEOMETRIC_REPRESENTATION_CONTEXT(2) 
PARAMETRIC_REPRESENTATION_CONTEXT() REPRESENTATION_CONTEXT('2D SPACE',''
  ) );
#668 = ORIENTED_EDGE('',*,*,#619,.F.);
#669 = ADVANCED_FACE('',(#670),#657,.T.);
#670 = FACE_BOUND('',#671,.T.);
#671 = EDGE_LOOP('',(#672,#673,#696,#723));
#672 = ORIENTED_EDGE('',*,*,#642,.T.);
#673 = ORIENTED_EDGE('',*,*,#674,.T.);
#674 = EDGE_CURVE('',#620,#675,#677,.T.);
#675 = VERTEX_POINT('',#676);
#676 = CARTESIAN_POINT('',(48.996922758701,0.,745.63));
#677 = SEAM_CURVE('',#678,(#682,#689),.PCURVE_S1.);
#678 = LINE('',#679,#680);
#679 = CARTESIAN_POINT('',(48.858373469892,0.,741.067));
#680 = VECTOR('',#681,1.);
#681 = DIRECTION('',(3.034965267057E-02,0.,0.999539343189));
#682 = PCURVE('',#657,#683);
#683 = DEFINITIONAL_REPRESENTATION('',(#684),#688);
#684 = LINE('',#685,#686);
#685 = CARTESIAN_POINT('',(0.,0.));
#686 = VECTOR('',#687,1.);
#687 = DIRECTION('',(0.,1.));
#688 = ( GEOMETRIC_REPRESENTATION_CONTEXT(2) 
PARAMETRIC_REPRESENTATION_CONTEXT() REPRESENTATION_CONTEXT('2D SPACE',''
  ) );
#689 = PCURVE('',#657,#690);
#690 = DEFINITIONAL_REPRESENTATION('',(#691),#695);
#691 = LINE('',#692,#693);
#692 = CARTESIAN_POINT('',(6.28318530718,0.));
#693 = VECTOR('',#694,1.);
#694 = DIRECTION('',(0.,1.));
#695 = ( GEOMETRIC_REPRESENTATION_CONTEXT(2) 
PARAMETRIC_REPRESENTATION_CONTEXT() REPRESENTATION_CONTEXT('2D SPACE',''
  ) );
#696 = ORIENTED_EDGE('',*,*,#697,.F.);
#697 = EDGE_CURVE('',#675,#675,#698,.T.);
#698 = SURFACE_CURVE('',#699,(#704,#711),.PCURVE_S1.);
#699 = CIRCLE('',#700,48.996922758701);
#700 = AXIS2_PLACEMENT_3D('',#701,#702,#703);
#701 = CARTESIAN_POINT('',(0.,0.,745.63));
#702 = DIRECTION('',(0.,0.,1.));
#703 = DIRECTION('',(1.,0.,-0.));
#704 = PCURVE('',#657,#705);
#705 = DEFINITIONAL_REPRESENTATION('',(#706),#710);
#706 = LINE('',#707,#708);
#707 = CARTESIAN_POINT('',(0.,4.563));
#708 = VECTOR('',#709,1.);
#709 = DIRECTION('',(1.,0.));
#710 = ( GEOMETRIC_REPRESENTATION_CONTEXT(2) 
PARAMETRIC_REPRESENTATION_CONTEXT() REPRESENTATION_CONTEXT('2D SPACE',''
  ) );
#711 = PCURVE('',#712,#717);
#712 = CONICAL_SURFACE('',#713,48.996922758701,3.00432996724E-02);
#713 = AXIS2_PLACEMENT_3D('',#714,#715,#716);
#714 = CARTESIAN_POINT('',(0.,0.,745.63));
#715 = DIRECTION('',(0.,0.,1.));
#716 = DIRECTION('',(1.,0.,-0.));
#717 = DEFINITIONAL_REPRESENTATION('',(#718),#722);
#718 = LINE('',#719,#720);
#719 = CARTESIAN_POINT('',(0.,0.));
#720 = VECTOR('',#721,1.);
#721 = DIRECTION('',(1.,0.));
#722 = ( GEOMETRIC_REPRESENTATION_CONTEXT(2) 
PARAMETRIC_REPRESENTATION_CONTEXT() REPRESENTATION_CONTEXT('2D SPACE',''
  ) );
#723 = ORIENTED_EDGE('',*,*,#674,.F.);
#724 = ADVANCED_FACE('',(#725),#712,.T.);
#725 = FACE_BOUND('',#726,.T.);
#726 = EDGE_LOOP('',(#727,#728,#751,#778));
#727 = ORIENTED_EDGE('',*,*,#697,.T.);
#728 = ORIENTED_EDGE('',*,*,#729,.T.);
#729 = EDGE_CURVE('',#675,#730,#732,.T.);
#730 = VERTEX_POINT('',#731);
#731 = CARTESIAN_POINT('',(49.134051595078,0.,750.193));
#732 = SEAM_CURVE('',#733,(#737,#744),.PCURVE_S1.);
#733 = LINE('',#734,#735);
#734 = CARTESIAN_POINT('',(48.996922758701,0.,745.63));
#735 = VECTOR('',#736,1.);
#736 = DIRECTION('',(3.003878036338E-02,0.,0.999548734017));
#737 = PCURVE('',#712,#738);
#738 = DEFINITIONAL_REPRESENTATION('',(#739),#743);
#739 = LINE('',#740,#741);
#740 = CARTESIAN_POINT('',(0.,0.));
#741 = VECTOR('',#742,1.);
#742 = DIRECTION('',(0.,1.));
#743 = ( GEOMETRIC_REPRESENTATION_CONTEXT(2) 
PARAMETRIC_REPRESENTATION_CONTEXT() REPRESENTATION_CONTEXT('2D SPACE',''
  ) );
#744 = PCURVE('',#712,#745);
#745 = DEFINITIONAL_REPRESENTATION('',(#746),#750);
#746 = LINE('',#747,#748);
#747 = CARTESIAN_POINT('',(6.28318530718,0.));
#748 = VECTOR('',#749,1.);
#749 = DIRECTION('',(0.,1.));
#750 = ( GEOMETRIC_REPRESENTATION_CONTEXT(2) 
PARAMETRIC_REPRESENTATION_CONTEXT() REPRESENTATION_CONTEXT('2D SPACE',''
  ) );
#751 = ORIENTED_EDGE('',*,*,#752,.F.);
#752 = EDGE_CURVE('',#730,#730,#753,.T.);
#753 = SURFACE_CURVE('',#754,(#759,#766),.PCURVE_S1.);
#754 = CIRCLE('',#755,49.134051595078);
#755 = AXIS2_PLACEMENT_3D('',#756,#757,#758);
#756 = CARTESIAN_POINT('',(0.,0.,750.193));
#757 = DIRECTION('',(0.,0.,1.));
#758 = DIRECTION('',(1.,0.,-0.));
#759 = PCURVE('',#712,#760);
#760 = DEFINITIONAL_REPRESENTATION('',(#761),#765);
#761 = LINE('',#762,#763);
#762 = CARTESIAN_POINT('',(0.,4.563));
#763 = VECTOR('',#764,1.);
#764 = DIRECTION('',(1.,0.));
#765 = ( GEOMETRIC_REPRESENTATION_CONTEXT(2) 
PARAMETRIC_REPRESENTATION_CONTEXT() REPRESENTATION_CONTEXT('2D SPACE',''
  ) );
#766 = PCURVE('',#767,#772);
#767 = CONICAL_SURFACE('',#768,49.134051595078,2.972057405533E-02);
#768 = AXIS2_PLACEMENT_3D('',#769,#770,#771);
#769 = CARTESIAN_POINT('',(0.,0.,750.193));
#770 = DIRECTION('',(0.,0.,1.));
#771 = DIRECTION('',(1.,0.,-0.));
#772 = DEFINITIONAL_REPRESENTATION('',(#773),#777);
#773 = LINE('',#774,#775);
#774 = CARTESIAN_POINT('',(0.,0.));
#775 = VECTOR('',#776,1.);
#776 = DIRECTION('',(1.,0.));
#777 = ( GEOMETRIC_REPRESENTATION_CONTEXT(2) 
PARAMETRIC_REPRESENTATION_CONTEXT() REPRESENTATION_CONTEXT('2D SPACE',''
  ) );
#778 = ORIENTED_EDGE('',*,*,#729,.F.);
#779 = ADVANCED_FACE('',(#780),#767,.T.);
#780 = FACE_BOUND('',#781,.T.);
#781 = EDGE_LOOP('',(#782,#783,#806,#833));
#782 = ORIENTED_EDGE('',*,*,#752,.T.);
#783 = ORIENTED_EDGE('',*,*,#784,.T.);
#784 = EDGE_CURVE('',#730,#785,#787,.T.);
#785 = VERTEX_POINT('',#786);
#786 = CARTESIAN_POINT('',(49.269706518743,0.,754.756));
#787 = SEAM_CURVE('',#788,(#792,#799),.PCURVE_S1.);
#788 = LINE('',#789,#790);
#789 = CARTESIAN_POINT('',(49.134051595078,0.,750.193));
#790 = VECTOR('',#791,1.);
#791 = DIRECTION('',(2.97161988227E-02,0.,0.999558376248));
#792 = PCURVE('',#767,#793);
#793 = DEFINITIONAL_REPRESENTATION('',(#794),#798);
#794 = LINE('',#795,#796);
#795 = CARTESIAN_POINT('',(0.,0.));
#796 = VECTOR('',#797,1.);
#797 = DIRECTION('',(0.,1.));
#798 = ( GEOMETRIC_REPRESENTATION_CONTEXT(2) 
PARAMETRIC_REPRESENTATION_CONTEXT() REPRESENTATION_CONTEXT('2D SPACE',''
  ) );
#799 = PCURVE('',#767,#800);
#800 = DEFINITIONAL_REPRESENTATION('',(#801),#805);
#801 = LINE('',#802,#803);
#802 = CARTESIAN_POINT('',(6.28318530718,0.));
#803 = VECTOR('',#804,1.);
#804 = DIRECTION('',(0.,1.));
#805 = ( GEOMETRIC_REPRESENTATION_CONTEXT(2) 
PARAMETRIC_REPRESENTATION_CONTEXT() REPRESENTATION_CONTEXT('2D SPACE',''
  ) );
#806 = ORIENTED_EDGE('',*,*,#807,.F.);
#807 = EDGE_CURVE('',#785,#785,#808,.T.);
#808 = SURFACE_CURVE('',#809,(#814,#821),.PCURVE_S1.);
#809 = CIRCLE('',#810,49.269706518743);
#810 = AXIS2_PLACEMENT_3D('',#811,#812,#813);
#811 = CARTESIAN_POINT('',(0.,0.,754.756));
#812 = DIRECTION('',(0.,0.,1.));
#813 = DIRECTION('',(1.,0.,-0.));
#814 = PCURVE('',#767,#815);
#815 = DEFINITIONAL_REPRESENTATION('',(#816),#820);
#816 = LINE('',#817,#818);
#817 = CARTESIAN_POINT('',(0.,4.563));
#818 = VECTOR('',#819,1.);
#819 = DIRECTION('',(1.,0.));
#820 = ( GEOMETRIC_REPRESENTATION_CONTEXT(2) 
PARAMETRIC_REPRESENTATION_CONTEXT() REPRESENTATION_CONTEXT('2D SPACE',''
  ) );
#821 = PCURVE('',#822,#827);
#822 = CONICAL_SURFACE('',#823,49.269706518743,2.938613632598E-02);
#823 = AXIS2_PLACEMENT_3D('',#824,#825,#826);
#824 = CARTESIAN_POINT('',(0.,0.,754.756));
#825 = DIRECTION('',(0.,0.,1.));
#826 = DIRECTION('',(1.,0.,-0.));
#827 = DEFINITIONAL_REPRESENTATION('',(#828),#832);
#828 = LINE('',#829,#830);
#829 = CARTESIAN_POINT('',(0.,0.));
#830 = VECTOR('',#831,1.);
#831 = DIRECTION('',(1.,0.));
#832 = ( GEOMETRIC_REPRESENTATION_CONTEXT(2) 
PARAMETRIC_REPRESENTATION_CONTEXT() REPRESENTATION_CONTEXT('2D SPACE',''
  ) );
#833 = ORIENTED_EDGE('',*,*,#784,.F.);
#834 = ADVANCED_FACE('',(#835),#822,.T.);
#835 = FACE_BOUND('',#836,.T.);
#836 = EDGE_LOOP('',(#837,#838,#861,#888));
#837 = ORIENTED_EDGE('',*,*,#807,.T.);
#838 = ORIENTED_EDGE('',*,*,#839,.T.);
#839 = EDGE_CURVE('',#785,#840,#842,.T.);
#840 = VERTEX_POINT('',#841);
#841 = CARTESIAN_POINT('',(49.403834069413,0.,759.319));
#842 = SEAM_CURVE('',#843,(#847,#854),.PCURVE_S1.);
#843 = LINE('',#844,#845);
#844 = CARTESIAN_POINT('',(49.269706518743,0.,754.756));
#845 = VECTOR('',#846,1.);
#846 = DIRECTION('',(2.938190713337E-02,0.,0.999568258566));
#847 = PCURVE('',#822,#848);
#848 = DEFINITIONAL_REPRESENTATION('',(#849),#853);
#849 = LINE('',#850,#851);
#850 = CARTESIAN_POINT('',(0.,0.));
#851 = VECTOR('',#852,1.);
#852 = DIRECTION('',(0.,1.));
#853 = ( GEOMETRIC_REPRESENTATION_CONTEXT(2) 
PARAMETRIC_REPRESENTATION_CONTEXT() REPRESENTATION_CONTEXT('2D SPACE',''
  ) );
#854 = PCURVE('',#822,#855);
#855 = DEFINITIONAL_REPRESENTATION('',(#856),#860);
#856 = LINE('',#857,#858);
#857 = CARTESIAN_POINT('',(6.28318530718,0.));
#858 = VECTOR('',#859,1.);
#859 = DIRECTION('',(0.,1.));
#860 = ( GEOMETRIC_REPRESENTATION_CONTEXT(2) 
PARAMETRIC_REPRESENTATION_CONTEXT() REPRESENTATION_CONTEXT('2D SPACE',''
  ) );
#861 = ORIENTED_EDGE('',*,*,#862,.F.);
#862 = EDGE_CURVE('',#840,#840,#863,.T.);
#863 = SURFACE_CURVE('',#864,(#869,#876),.PCURVE_S1.);
#864 = CIRCLE('',#865,49.403834069413);
#865 = AXIS2_PLACEMENT_3D('',#866,#867,#868);
#866 = CARTESIAN_POINT('',(0.,0.,759.319));
#867 = DIRECTION('',(0.,0.,1.));
#868 = DIRECTION('',(1.,0.,-0.));
#869 = PCURVE('',#822,#870);
#870 = DEFINITIONAL_REPRESENTATION('',(#871),#875);
#871 = LINE('',#872,#873);
#872 = CARTESIAN_POINT('',(0.,4.563));
#873 = VECTOR('',#874,1.);
#874 = DIRECTION('',(1.,0.));
#875 = ( GEOMETRIC_REPRESENTATION_CONTEXT(2) 
PARAMETRIC_REPRESENTATION_CONTEXT() REPRESENTATION_CONTEXT('2D SPACE',''
  ) );
#876 = PCURVE('',#877,#882);
#877 = CONICAL_SURFACE('',#878,49.403834069413,2.903998586473E-02);
#878 = AXIS2_PLACEMENT_3D('',#879,#880,#881);
#879 = CARTESIAN_POINT('',(0.,0.,759.319));
#880 = DIRECTION('',(0.,0.,1.));
#881 = DIRECTION('',(1.,0.,-0.));
#882 = DEFINITIONAL_REPRESENTATION('',(#883),#887);
#883 = LINE('',#884,#885);
#884 = CARTESIAN_POINT('',(0.,0.));
#885 = VECTOR('',#886,1.);
#886 = DIRECTION('',(1.,0.));
#887 = ( GEOMETRIC_REPRESENTATION_CONTEXT(2) 
PARAMETRIC_REPRESENTATION_CONTEXT() REPRESENTATION_CONTEXT('2D SPACE',''
  ) );
#888 = ORIENTED_EDGE('',*,*,#839,.F.);
#889 = ADVANCED_FACE('',(#890),#877,.T.);
#890 = FACE_BOUND('',#891,.T.);
#891 = EDGE_LOOP('',(#892,#893,#916,#943));
#892 = ORIENTED_EDGE('',*,*,#862,.T.);
#893 = ORIENTED_EDGE('',*,*,#894,.T.);
#894 = EDGE_CURVE('',#840,#895,#897,.T.);
#895 = VERTEX_POINT('',#896);
#896 = CARTESIAN_POINT('',(49.536380786809,0.,763.882));
#897 = SEAM_CURVE('',#898,(#902,#909),.PCURVE_S1.);
#898 = LINE('',#899,#900);
#899 = CARTESIAN_POINT('',(49.403834069413,0.,759.319));
#900 = VECTOR('',#901,1.);
#901 = DIRECTION('',(2.903590436625E-02,0.,0.999578369243));
#902 = PCURVE('',#877,#903);
#903 = DEFINITIONAL_REPRESENTATION('',(#904),#908);
#904 = LINE('',#905,#906);
#905 = CARTESIAN_POINT('',(0.,0.));
#906 = VECTOR('',#907,1.);
#907 = DIRECTION('',(0.,1.));
#908 = ( GEOMETRIC_REPRESENTATION_CONTEXT(2) 
PARAMETRIC_REPRESENTATION_CONTEXT() REPRESENTATION_CONTEXT('2D SPACE',''
  ) );
#909 = PCURVE('',#877,#910);
#910 = DEFINITIONAL_REPRESENTATION('',(#911),#915);
#911 = LINE('',#912,#913);
#912 = CARTESIAN_POINT('',(6.28318530718,0.));
#913 = VECTOR('',#914,1.);
#914 = DIRECTION('',(0.,1.));
#915 = ( GEOMETRIC_REPRESENTATION_CONTEXT(2) 
PARAMETRIC_REPRESENTATION_CONTEXT() REPRESENTATION_CONTEXT('2D SPACE',''
  ) );
#916 = ORIENTED_EDGE('',*,*,#917,.F.);
#917 = EDGE_CURVE('',#895,#895,#918,.T.);
#918 = SURFACE_CURVE('',#919,(#924,#931),.PCURVE_S1.);
#919 = CIRCLE('',#920,49.536380786809);
#920 = AXIS2_PLACEMENT_3D('',#921,#922,#923);
#921 = CARTESIAN_POINT('',(0.,0.,763.882));
#922 = DIRECTION('',(0.,0.,1.));
#923 = DIRECTION('',(1.,0.,-0.));
#924 = PCURVE('',#877,#925);
#925 = DEFINITIONAL_REPRESENTATION('',(#926),#930);
#926 = LINE('',#927,#928);
#927 = CARTESIAN_POINT('',(0.,4.563));
#928 = VECTOR('',#929,1.);
#929 = DIRECTION('',(1.,0.));
#930 = ( GEOMETRIC_REPRESENTATION_CONTEXT(2) 
PARAMETRIC_REPRESENTATION_CONTEXT() REPRESENTATION_CONTEXT('2D SPACE',''
  ) );
#931 = PCURVE('',#932,#937);
#932 = CONICAL_SURFACE('',#933,49.536380786809,2.868212204399E-02);
#933 = AXIS2_PLACEMENT_3D('',#934,#935,#936);
#934 = CARTESIAN_POINT('',(0.,0.,763.882));
#935 = DIRECTION('',(0.,0.,1.));
#936 = DIRECTION('',(1.,0.,-0.));
#937 = DEFINITIONAL_REPRESENTATION('',(#938),#942);
#938 = LINE('',#939,#940);
#939 = CARTESIAN_POINT('',(0.,0.));
#940 = VECTOR('',#941,1.);
#941 = DIRECTION('',(1.,0.));
#942 = ( GEOMETRIC_REPRESENTATION_CONTEXT(2) 
PARAMETRIC_REPRESENTATION_CONTEXT() REPRESENTATION_CONTEXT('2D SPACE',''
  ) );
#943 = ORIENTED_EDGE('',*,*,#894,.F.);
#944 = ADVANCED_FACE('',(#945),#932,.T.);
#945 = FACE_BOUND('',#946,.T.);
#946 = EDGE_LOOP('',(#947,#948,#971,#998));
#947 = ORIENTED_EDGE('',*,*,#917,.T.);
#948 = ORIENTED_EDGE('',*,*,#949,.T.);
#949 = EDGE_CURVE('',#895,#950,#952,.T.);
#950 = VERTEX_POINT('',#951);
#951 = CARTESIAN_POINT('',(49.66729321065,0.,768.445));
#952 = SEAM_CURVE('',#953,(#957,#964),.PCURVE_S1.);
#953 = LINE('',#954,#955);
#954 = CARTESIAN_POINT('',(49.536380786809,0.,763.882));
#955 = VECTOR('',#956,1.);
#956 = DIRECTION('',(2.867818958028E-02,0.,0.999588696136));
#957 = PCURVE('',#932,#958);
#958 = DEFINITIONAL_REPRESENTATION('',(#959),#963);
#959 = LINE('',#960,#961);
#960 = CARTESIAN_POINT('',(0.,0.));
#961 = VECTOR('',#962,1.);
#962 = DIRECTION('',(0.,1.));
#963 = ( GEOMETRIC_REPRESENTATION_CONTEXT(2) 
PARAMETRIC_REPRESENTATION_CONTEXT() REPRESENTATION_CONTEXT('2D SPACE',''
  ) );
#964 = PCURVE('',#932,#965);
#965 = DEFINITIONAL_REPRESENTATION('',(#966),#970);
#966 = LINE('',#967,#968);
#967 = CARTESIAN_POINT('',(6.28318530718,0.));
#968 = VECTOR('',#969,1.);
#969 = DIRECTION('',(0.,1.));
#970 = ( GEOMETRIC_REPRESENTATION_CONTEXT(2) 
PARAMETRIC_REPRESENTATION_CONTEXT() REPRESENTATION_CONTEXT('2D SPACE',''
  ) );
#971 = ORIENTED_EDGE('',*,*,#972,.F.);
#972 = EDGE_CURVE('',#950,#950,#973,.T.);
#973 = SURFACE_CURVE('',#974,(#979,#986),.PCURVE_S1.);
#974 = CIRCLE('',#975,49.66729321065);
#975 = AXIS2_PLACEMENT_3D('',#976,#977,#978);
#976 = CARTESIAN_POINT('',(0.,0.,768.445));
#977 = DIRECTION('',(0.,0.,1.));
#978 = DIRECTION('',(1.,0.,-0.));
#979 = PCURVE('',#932,#980);
#980 = DEFINITIONAL_REPRESENTATION('',(#981),#985);
#981 = LINE('',#982,#983);
#982 = CARTESIAN_POINT('',(0.,4.563));
#983 = VECTOR('',#984,1.);
#984 = DIRECTION('',(1.,0.));
#985 = ( GEOMETRIC_REPRESENTATION_CONTEXT(2) 
PARAMETRIC_REPRESENTATION_CONTEXT() REPRESENTATION_CONTEXT('2D SPACE',''
  ) );
#986 = PCURVE('',#987,#992);
#987 = CONICAL_SURFACE('',#988,49.66729321065,2.831254422973E-02);
#988 = AXIS2_PLACEMENT_3D('',#989,#990,#991);
#989 = CARTESIAN_POINT('',(0.,0.,768.445));
#990 = DIRECTION('',(0.,0.,1.));
#991 = DIRECTION('',(1.,0.,-0.));
#992 = DEFINITIONAL_REPRESENTATION('',(#993),#997);
#993 = LINE('',#994,#995);
#994 = CARTESIAN_POINT('',(0.,0.));
#995 = VECTOR('',#996,1.);
#996 = DIRECTION('',(1.,0.));
#997 = ( GEOMETRIC_REPRESENTATION_CONTEXT(2) 
PARAMETRIC_REPRESENTATION_CONTEXT() REPRESENTATION_CONTEXT('2D SPACE',''
  ) );
#998 = ORIENTED_EDGE('',*,*,#949,.F.);
#999 = ADVANCED_FACE('',(#1000),#987,.T.);
#1000 = FACE_BOUND('',#1001,.T.);
#1001 = EDGE_LOOP('',(#1002,#1003,#1026,#1053));
#1002 = ORIENTED_EDGE('',*,*,#972,.T.);
#1003 = ORIENTED_EDGE('',*,*,#1004,.T.);
#1004 = EDGE_CURVE('',#950,#1005,#1007,.T.);
#1005 = VERTEX_POINT('',#1006);
#1006 = CARTESIAN_POINT('',(49.796517880654,0.,773.008));
#1007 = SEAM_CURVE('',#1008,(#1012,#1019),.PCURVE_S1.);
#1008 = LINE('',#1009,#1010);
#1009 = CARTESIAN_POINT('',(49.66729321065,0.,768.445));
#1010 = VECTOR('',#1011,1.);
#1011 = DIRECTION('',(2.830876182467E-02,0.,0.999599226692));
#1012 = PCURVE('',#987,#1013);
#1013 = DEFINITIONAL_REPRESENTATION('',(#1014),#1018);
#1014 = LINE('',#1015,#1016);
#1015 = CARTESIAN_POINT('',(0.,0.));
#1016 = VECTOR('',#1017,1.);
#1017 = DIRECTION('',(0.,1.));
#1018 = ( GEOMETRIC_REPRESENTATION_CONTEXT(2) 
PARAMETRIC_REPRESENTATION_CONTEXT() REPRESENTATION_CONTEXT('2D SPACE',''
  ) );
#1019 = PCURVE('',#987,#1020);
#1020 = DEFINITIONAL_REPRESENTATION('',(#1021),#1025);
#1021 = LINE('',#1022,#1023);
#1022 = CARTESIAN_POINT('',(6.28318530718,0.));
#1023 = VECTOR('',#1024,1.);
#1024 = DIRECTION('',(0.,1.));
#1025 = ( GEOMETRIC_REPRESENTATION_CONTEXT(2) 
PARAMETRIC_REPRESENTATION_CONTEXT() REPRESENTATION_CONTEXT('2D SPACE',''
  ) );
#1026 = ORIENTED_EDGE('',*,*,#1027,.F.);
#1027 = EDGE_CURVE('',#1005,#1005,#1028,.T.);
#1028 = SURFACE_CURVE('',#1029,(#1034,#1041),.PCURVE_S1.);
#1029 = CIRCLE('',#1030,49.796517880654);
#1030 = AXIS2_PLACEMENT_3D('',#1031,#1032,#1033);
#1031 = CARTESIAN_POINT('',(0.,0.,773.008));
#1032 = DIRECTION('',(0.,0.,1.));
#1033 = DIRECTION('',(1.,0.,-0.));
#1034 = PCURVE('',#987,#1035);
#1035 = DEFINITIONAL_REPRESENTATION('',(#1036),#1040);
#1036 = LINE('',#1037,#1038);
#1037 = CARTESIAN_POINT('',(0.,4.563));
#1038 = VECTOR('',#1039,1.);
#1039 = DIRECTION('',(1.,0.));
#1040 = ( GEOMETRIC_REPRESENTATION_CONTEXT(2) 
PARAMETRIC_REPRESENTATION_CONTEXT() REPRESENTATION_CONTEXT('2D SPACE',''
  ) );
#1041 = PCURVE('',#1042,#1047);
#1042 = CONICAL_SURFACE('',#1043,49.796517880654,2.793125178285E-02);
#1043 = AXIS2_PLACEMENT_3D('',#1044,#1045,#1046);
#1044 = CARTESIAN_POINT('',(0.,0.,773.008));
#1045 = DIRECTION('',(0.,0.,1.));
#1046 = DIRECTION('',(1.,0.,-0.));
#1047 = DEFINITIONAL_REPRESENTATION('',(#1048),#1052);
#1048 = LINE('',#1049,#1050);
#1049 = CARTESIAN_POINT('',(0.,0.));
#1050 = VECTOR('',#1051,1.);
#1051 = DIRECTION('',(1.,0.));
#1052 = ( GEOMETRIC_REPRESENTATION_CONTEXT(2) 
PARAMETRIC_REPRESENTATION_CONTEXT() REPRESENTATION_CONTEXT('2D SPACE',''
  ) );
#1053 = ORIENTED_EDGE('',*,*,#1004,.F.);
#1054 = ADVANCED_FACE('',(#1055),#1042,.T.);
#1055 = FACE_BOUND('',#1056,.T.);
#1056 = EDGE_LOOP('',(#1057,#1058,#1081,#1108));
#1057 = ORIENTED_EDGE('',*,*,#1027,.T.);
#1058 = ORIENTED_EDGE('',*,*,#1059,.T.);
#1059 = EDGE_CURVE('',#1005,#1060,#1062,.T.);
#1060 = VERTEX_POINT('',#1061);
#1061 = CARTESIAN_POINT('',(49.924001336542,0.,777.571));
#1062 = SEAM_CURVE('',#1063,(#1067,#1074),.PCURVE_S1.);
#1063 = LINE('',#1064,#1065);
#1064 = CARTESIAN_POINT('',(49.796517880654,0.,773.008));
#1065 = VECTOR('',#1066,1.);
#1066 = DIRECTION('',(2.792762014103E-02,0.,0.999609947946));
#1067 = PCURVE('',#1042,#1068);
#1068 = DEFINITIONAL_REPRESENTATION('',(#1069),#1073);
#1069 = LINE('',#1070,#1071);
#1070 = CARTESIAN_POINT('',(0.,0.));
#1071 = VECTOR('',#1072,1.);
#1072 = DIRECTION('',(0.,1.));
#1073 = ( GEOMETRIC_REPRESENTATION_CONTEXT(2) 
PARAMETRIC_REPRESENTATION_CONTEXT() REPRESENTATION_CONTEXT('2D SPACE',''
  ) );
#1074 = PCURVE('',#1042,#1075);
#1075 = DEFINITIONAL_REPRESENTATION('',(#1076),#1080);
#1076 = LINE('',#1077,#1078);
#1077 = CARTESIAN_POINT('',(6.28318530718,0.));
#1078 = VECTOR('',#1079,1.);
#1079 = DIRECTION('',(0.,1.));
#1080 = ( GEOMETRIC_REPRESENTATION_CONTEXT(2) 
PARAMETRIC_REPRESENTATION_CONTEXT() REPRESENTATION_CONTEXT('2D SPACE',''
  ) );
#1081 = ORIENTED_EDGE('',*,*,#1082,.F.);
#1082 = EDGE_CURVE('',#1060,#1060,#1083,.T.);
#1083 = SURFACE_CURVE('',#1084,(#1089,#1096),.PCURVE_S1.);
#1084 = CIRCLE('',#1085,49.924001336542);
#1085 = AXIS2_PLACEMENT_3D('',#1086,#1087,#1088);
#1086 = CARTESIAN_POINT('',(0.,0.,777.571));
#1087 = DIRECTION('',(0.,0.,1.));
#1088 = DIRECTION('',(1.,0.,-0.));
#1089 = PCURVE('',#1042,#1090);
#1090 = DEFINITIONAL_REPRESENTATION('',(#1091),#1095);
#1091 = LINE('',#1092,#1093);
#1092 = CARTESIAN_POINT('',(0.,4.563));
#1093 = VECTOR('',#1094,1.);
#1094 = DIRECTION('',(1.,0.));
#1095 = ( GEOMETRIC_REPRESENTATION_CONTEXT(2) 
PARAMETRIC_REPRESENTATION_CONTEXT() REPRESENTATION_CONTEXT('2D SPACE',''
  ) );
#1096 = PCURVE('',#1097,#1102);
#1097 = CONICAL_SURFACE('',#1098,49.924001336542,2.753824406074E-02);
#1098 = AXIS2_PLACEMENT_3D('',#1099,#1100,#1101);
#1099 = CARTESIAN_POINT('',(0.,0.,777.571));
#1100 = DIRECTION('',(0.,0.,1.));
#1101 = DIRECTION('',(1.,0.,-0.));
#1102 = DEFINITIONAL_REPRESENTATION('',(#1103),#1107);
#1103 = LINE('',#1104,#1105);
#1104 = CARTESIAN_POINT('',(0.,0.));
#1105 = VECTOR('',#1106,1.);
#1106 = DIRECTION('',(1.,0.));
#1107 = ( GEOMETRIC_REPRESENTATION_CONTEXT(2) 
PARAMETRIC_REPRESENTATION_CONTEXT() REPRESENTATION_CONTEXT('2D SPACE',''
  ) );
#1108 = ORIENTED_EDGE('',*,*,#1059,.F.);
#1109 = ADVANCED_FACE('',(#1110),#1097,.T.);
#1110 = FACE_BOUND('',#1111,.T.);
#1111 = EDGE_LOOP('',(#1112,#1113,#1136,#1163));
#1112 = ORIENTED_EDGE('',*,*,#1082,.T.);
#1113 = ORIENTED_EDGE('',*,*,#1114,.T.);
#1114 = EDGE_CURVE('',#1060,#1115,#1117,.T.);
#1115 = VERTEX_POINT('',#1116);
#1116 = CARTESIAN_POINT('',(50.049690118031,0.,782.134));
#1117 = SEAM_CURVE('',#1118,(#1122,#1129),.PCURVE_S1.);
#1118 = LINE('',#1119,#1120);
#1119 = CARTESIAN_POINT('',(49.924001336542,0.,777.571));
#1120 = VECTOR('',#1121,1.);
#1121 = DIRECTION('',(2.753476356573E-02,0.,0.999620846519));
#1122 = PCURVE('',#1097,#1123);
#1123 = DEFINITIONAL_REPRESENTATION('',(#1124),#1128);
#1124 = LINE('',#1125,#1126);
#1125 = CARTESIAN_POINT('',(0.,0.));
#1126 = VECTOR('',#1127,1.);
#1127 = DIRECTION('',(0.,1.));
#1128 = ( GEOMETRIC_REPRESENTATION_CONTEXT(2) 
PARAMETRIC_REPRESENTATION_CONTEXT() REPRESENTATION_CONTEXT('2D SPACE',''
  ) );
#1129 = PCURVE('',#1097,#1130);
#1130 = DEFINITIONAL_REPRESENTATION('',(#1131),#1135);
#1131 = LINE('',#1132,#1133);
#1132 = CARTESIAN_POINT('',(6.28318530718,0.));
#1133 = VECTOR('',#1134,1.);
#1134 = DIRECTION('',(0.,1.));
#1135 = ( GEOMETRIC_REPRESENTATION_CONTEXT(2) 
PARAMETRIC_REPRESENTATION_CONTEXT() REPRESENTATION_CONTEXT('2D SPACE',''
  ) );
#1136 = ORIENTED_EDGE('',*,*,#1137,.F.);
#1137 = EDGE_CURVE('',#1115,#1115,#1138,.T.);
#1138 = SURFACE_CURVE('',#1139,(#1144,#1151),.PCURVE_S1.);
#1139 = CIRCLE('',#1140,50.049690118031);
#1140 = AXIS2_PLACEMENT_3D('',#1141,#1142,#1143);
#1141 = CARTESIAN_POINT('',(0.,0.,782.134));
#1142 = DIRECTION('',(0.,0.,1.));
#1143 = DIRECTION('',(1.,0.,-0.));
#1144 = PCURVE('',#1097,#1145);
#1145 = DEFINITIONAL_REPRESENTATION('',(#1146),#1150);
#1146 = LINE('',#1147,#1148);
#1147 = CARTESIAN_POINT('',(0.,4.563));
#1148 = VECTOR('',#1149,1.);
#1149 = DIRECTION('',(1.,0.));
#1150 = ( GEOMETRIC_REPRESENTATION_CONTEXT(2) 
PARAMETRIC_REPRESENTATION_CONTEXT() REPRESENTATION_CONTEXT('2D SPACE',''
  ) );
#1151 = PCURVE('',#1152,#1157);
#1152 = CONICAL_SURFACE('',#1153,50.049690118031,2.713352041885E-02);
#1153 = AXIS2_PLACEMENT_3D('',#1154,#1155,#1156);
#1154 = CARTESIAN_POINT('',(0.,0.,782.134));
#1155 = DIRECTION('',(0.,0.,1.));
#1156 = DIRECTION('',(1.,0.,-0.));
#1157 = DEFINITIONAL_REPRESENTATION('',(#1158),#1162);
#1158 = LINE('',#1159,#1160);
#1159 = CARTESIAN_POINT('',(0.,0.));
#1160 = VECTOR('',#1161,1.);
#1161 = DIRECTION('',(1.,0.));
#1162 = ( GEOMETRIC_REPRESENTATION_CONTEXT(2) 
PARAMETRIC_REPRESENTATION_CONTEXT() REPRESENTATION_CONTEXT('2D SPACE',''
  ) );
#1163 = ORIENTED_EDGE('',*,*,#1114,.F.);
#1164 = ADVANCED_FACE('',(#1165),#1152,.T.);
#1165 = FACE_BOUND('',#1166,.T.);
#1166 = EDGE_LOOP('',(#1167,#1168,#1191,#1218));
#1167 = ORIENTED_EDGE('',*,*,#1137,.T.);
#1168 = ORIENTED_EDGE('',*,*,#1169,.T.);
#1169 = EDGE_CURVE('',#1115,#1170,#1172,.T.);
#1170 = VERTEX_POINT('',#1171);
#1171 = CARTESIAN_POINT('',(50.173530764842,0.,786.697));
#1172 = SEAM_CURVE('',#1173,(#1177,#1184),.PCURVE_S1.);
#1173 = LINE('',#1174,#1175);
#1174 = CARTESIAN_POINT('',(50.049690118031,0.,782.134));
#1175 = VECTOR('',#1176,1.);
#1176 = DIRECTION('',(2.713019113215E-02,0.,0.999631908619));
#1177 = PCURVE('',#1152,#1178);
#1178 = DEFINITIONAL_REPRESENTATION('',(#1179),#1183);
#1179 = LINE('',#1180,#1181);
#1180 = CARTESIAN_POINT('',(0.,0.));
#1181 = VECTOR('',#1182,1.);
#1182 = DIRECTION('',(0.,1.));
#1183 = ( GEOMETRIC_REPRESENTATION_CONTEXT(2) 
PARAMETRIC_REPRESENTATION_CONTEXT() REPRESENTATION_CONTEXT('2D SPACE',''
  ) );
#1184 = PCURVE('',#1152,#1185);
#1185 = DEFINITIONAL_REPRESENTATION('',(#1186),#1190);
#1186 = LINE('',#1187,#1188);
#1187 = CARTESIAN_POINT('',(6.28318530718,0.));
#1188 = VECTOR('',#1189,1.);
#1189 = DIRECTION('',(0.,1.));
#1190 = ( GEOMETRIC_REPRESENTATION_CONTEXT(2) 
PARAMETRIC_REPRESENTATION_CONTEXT() REPRESENTATION_CONTEXT('2D SPACE',''
  ) );
#1191 = ORIENTED_EDGE('',*,*,#1192,.F.);
#1192 = EDGE_CURVE('',#1170,#1170,#1193,.T.);
#1193 = SURFACE_CURVE('',#1194,(#1199,#1206),.PCURVE_S1.);
#1194 = CIRCLE('',#1195,50.173530764842);
#1195 = AXIS2_PLACEMENT_3D('',#1196,#1197,#1198);
#1196 = CARTESIAN_POINT('',(0.,0.,786.697));
#1197 = DIRECTION('',(0.,0.,1.));
#1198 = DIRECTION('',(1.,0.,-0.));
#1199 = PCURVE('',#1152,#1200);
#1200 = DEFINITIONAL_REPRESENTATION('',(#1201),#1205);
#1201 = LINE('',#1202,#1203);
#1202 = CARTESIAN_POINT('',(0.,4.563));
#1203 = VECTOR('',#1204,1.);
#1204 = DIRECTION('',(1.,0.));
#1205 = ( GEOMETRIC_REPRESENTATION_CONTEXT(2) 
PARAMETRIC_REPRESENTATION_CONTEXT() REPRESENTATION_CONTEXT('2D SPACE',''
  ) );
#1206 = PCURVE('',#1207,#1212);
#1207 = CONICAL_SURFACE('',#1208,50.173530764842,2.671708021232E-02);
#1208 = AXIS2_PLACEMENT_3D('',#1209,#1210,#1211);
#1209 = CARTESIAN_POINT('',(0.,0.,786.697));
#1210 = DIRECTION('',(0.,0.,1.));
#1211 = DIRECTION('',(1.,0.,-0.));
#1212 = DEFINITIONAL_REPRESENTATION('',(#1213),#1217);
#1213 = LINE('',#1214,#1215);
#1214 = CARTESIAN_POINT('',(0.,0.));
#1215 = VECTOR('',#1216,1.);
#1216 = DIRECTION('',(1.,0.));
#1217 = ( GEOMETRIC_REPRESENTATION_CONTEXT(2) 
PARAMETRIC_REPRESENTATION_CONTEXT() REPRESENTATION_CONTEXT('2D SPACE',''
  ) );
#1218 = ORIENTED_EDGE('',*,*,#1169,.F.);
#1219 = ADVANCED_FACE('',(#1220),#1207,.T.);
#1220 = FACE_BOUND('',#1221,.T.);
#1221 = EDGE_LOOP('',(#1222,#1223,#1246,#1273));
#1222 = ORIENTED_EDGE('',*,*,#1192,.T.);
#1223 = ORIENTED_EDGE('',*,*,#1224,.T.);
#1224 = EDGE_CURVE('',#1170,#1225,#1227,.T.);
#1225 = VERTEX_POINT('',#1226);
#1226 = CARTESIAN_POINT('',(50.295469816693,0.,791.26));
#1227 = SEAM_CURVE('',#1228,(#1232,#1239),.PCURVE_S1.);
#1228 = LINE('',#1229,#1230);
#1229 = CARTESIAN_POINT('',(50.173530764842,0.,786.697));
#1230 = VECTOR('',#1231,1.);
#1231 = DIRECTION('',(2.67139018732E-02,0.,0.999643120042));
#1232 = PCURVE('',#1207,#1233);
#1233 = DEFINITIONAL_REPRESENTATION('',(#1234),#1238);
#1234 = LINE('',#1235,#1236);
#1235 = CARTESIAN_POINT('',(0.,0.));
#1236 = VECTOR('',#1237,1.);
#1237 = DIRECTION('',(0.,1.));
#1238 = ( GEOMETRIC_REPRESENTATION_CONTEXT(2) 
PARAMETRIC_REPRESENTATION_CONTEXT() REPRESENTATION_CONTEXT('2D SPACE',''
  ) );
#1239 = PCURVE('',#1207,#1240);
#1240 = DEFINITIONAL_REPRESENTATION('',(#1241),#1245);
#1241 = LINE('',#1242,#1243);
#1242 = CARTESIAN_POINT('',(6.28318530718,0.));
#1243 = VECTOR('',#1244,1.);
#1244 = DIRECTION('',(0.,1.));
#1245 = ( GEOMETRIC_REPRESENTATION_CONTEXT(2) 
PARAMETRIC_REPRESENTATION_CONTEXT() REPRESENTATION_CONTEXT('2D SPACE',''
  ) );
#1246 = ORIENTED_EDGE('',*,*,#1247,.F.);
#1247 = EDGE_CURVE('',#1225,#1225,#1248,.T.);
#1248 = SURFACE_CURVE('',#1249,(#1254,#1261),.PCURVE_S1.);
#1249 = CIRCLE('',#1250,50.295469816693);
#1250 = AXIS2_PLACEMENT_3D('',#1251,#1252,#1253);
#1251 = CARTESIAN_POINT('',(0.,0.,791.26));
#1252 = DIRECTION('',(0.,0.,1.));
#1253 = DIRECTION('',(1.,0.,-0.));
#1254 = PCURVE('',#1207,#1255);
#1255 = DEFINITIONAL_REPRESENTATION('',(#1256),#1260);
#1256 = LINE('',#1257,#1258);
#1257 = CARTESIAN_POINT('',(0.,4.563));
#1258 = VECTOR('',#1259,1.);
#1259 = DIRECTION('',(1.,0.));
#1260 = ( GEOMETRIC_REPRESENTATION_CONTEXT(2) 
PARAMETRIC_REPRESENTATION_CONTEXT() REPRESENTATION_CONTEXT('2D SPACE',''
  ) );
#1261 = PCURVE('',#1262,#1267);
#1262 = CONICAL_SURFACE('',#1263,50.295469816693,2.628892279759E-02);
#1263 = AXIS2_PLACEMENT_3D('',#1264,#1265,#1266);
#1264 = CARTESIAN_POINT('',(0.,0.,791.26));
#1265 = DIRECTION('',(0.,0.,1.));
#1266 = DIRECTION('',(1.,0.,-0.));
#1267 = DEFINITIONAL_REPRESENTATION('',(#1268),#1272);
#1268 = LINE('',#1269,#1270);
#1269 = CARTESIAN_POINT('',(0.,0.));
#1270 = VECTOR('',#1271,1.);
#1271 = DIRECTION('',(1.,0.));
#1272 = ( GEOMETRIC_REPRESENTATION_CONTEXT(2) 
PARAMETRIC_REPRESENTATION_CONTEXT() REPRESENTATION_CONTEXT('2D SPACE',''
  ) );
#1273 = ORIENTED_EDGE('',*,*,#1224,.F.);
#1274 = ADVANCED_FACE('',(#1275),#1262,.T.);
#1275 = FACE_BOUND('',#1276,.T.);
#1276 = EDGE_LOOP('',(#1277,#1278,#1301,#1328));
#1277 = ORIENTED_EDGE('',*,*,#1247,.T.);
#1278 = ORIENTED_EDGE('',*,*,#1279,.T.);
#1279 = EDGE_CURVE('',#1225,#1280,#1282,.T.);
#1280 = VERTEX_POINT('',#1281);
#1281 = CARTESIAN_POINT('',(50.415453813304,0.,795.823));
#1282 = SEAM_CURVE('',#1283,(#1287,#1294),.PCURVE_S1.);
#1283 = LINE('',#1284,#1285);
#1284 = CARTESIAN_POINT('',(50.295469816693,0.,791.26));
#1285 = VECTOR('',#1286,1.);
#1286 = DIRECTION('',(2.628589482378E-02,0.,0.99965446617));
#1287 = PCURVE('',#1262,#1288);
#1288 = DEFINITIONAL_REPRESENTATION('',(#1289),#1293);
#1289 = LINE('',#1290,#1291);
#1290 = CARTESIAN_POINT('',(0.,0.));
#1291 = VECTOR('',#1292,1.);
#1292 = DIRECTION('',(0.,1.));
#1293 = ( GEOMETRIC_REPRESENTATION_CONTEXT(2) 
PARAMETRIC_REPRESENTATION_CONTEXT() REPRESENTATION_CONTEXT('2D SPACE',''
  ) );
#1294 = PCURVE('',#1262,#1295);
#1295 = DEFINITIONAL_REPRESENTATION('',(#1296),#1300);
#1296 = LINE('',#1297,#1298);
#1297 = CARTESIAN_POINT('',(6.28318530718,0.));
#1298 = VECTOR('',#1299,1.);
#1299 = DIRECTION('',(0.,1.));
#1300 = ( GEOMETRIC_REPRESENTATION_CONTEXT(2) 
PARAMETRIC_REPRESENTATION_CONTEXT() REPRESENTATION_CONTEXT('2D SPACE',''
  ) );
#1301 = ORIENTED_EDGE('',*,*,#1302,.F.);
#1302 = EDGE_CURVE('',#1280,#1280,#1303,.T.);
#1303 = SURFACE_CURVE('',#1304,(#1309,#1316),.PCURVE_S1.);
#1304 = CIRCLE('',#1305,50.415453813304);
#1305 = AXIS2_PLACEMENT_3D('',#1306,#1307,#1308);
#1306 = CARTESIAN_POINT('',(0.,0.,795.823));
#1307 = DIRECTION('',(0.,0.,1.));
#1308 = DIRECTION('',(1.,0.,-0.));
#1309 = PCURVE('',#1262,#1310);
#1310 = DEFINITIONAL_REPRESENTATION('',(#1311),#1315);
#1311 = LINE('',#1312,#1313);
#1312 = CARTESIAN_POINT('',(0.,4.563));
#1313 = VECTOR('',#1314,1.);
#1314 = DIRECTION('',(1.,0.));
#1315 = ( GEOMETRIC_REPRESENTATION_CONTEXT(2) 
PARAMETRIC_REPRESENTATION_CONTEXT() REPRESENTATION_CONTEXT('2D SPACE',''
  ) );
#1316 = PCURVE('',#1317,#1322);
#1317 = CONICAL_SURFACE('',#1318,50.415453813304,2.584904753419E-02);
#1318 = AXIS2_PLACEMENT_3D('',#1319,#1320,#1321);
#1319 = CARTESIAN_POINT('',(0.,0.,795.823));
#1320 = DIRECTION('',(0.,0.,1.));
#1321 = DIRECTION('',(1.,0.,-0.));
#1322 = DEFINITIONAL_REPRESENTATION('',(#1323),#1327);
#1323 = LINE('',#1324,#1325);
#1324 = CARTESIAN_POINT('',(0.,0.));
#1325 = VECTOR('',#1326,1.);
#1326 = DIRECTION('',(1.,0.));
#1327 = ( GEOMETRIC_REPRESENTATION_CONTEXT(2) 
PARAMETRIC_REPRESENTATION_CONTEXT() REPRESENTATION_CONTEXT('2D SPACE',''
  ) );
#1328 = ORIENTED_EDGE('',*,*,#1279,.F.);
#1329 = ADVANCED_FACE('',(#1330),#1317,.T.);
#1330 = FACE_BOUND('',#1331,.T.);
#1331 = EDGE_LOOP('',(#1332,#1333,#1356,#1383));
#1332 = ORIENTED_EDGE('',*,*,#1302,.T.);
#1333 = ORIENTED_EDGE('',*,*,#1334,.T.);
#1334 = EDGE_CURVE('',#1280,#1335,#1337,.T.);
#1335 = VERTEX_POINT('',#1336);
#1336 = CARTESIAN_POINT('',(50.533429294393,0.,800.386));
#1337 = SEAM_CURVE('',#1338,(#1342,#1349),.PCURVE_S1.);
#1338 = LINE('',#1339,#1340);
#1339 = CARTESIAN_POINT('',(50.415453813304,0.,795.823));
#1340 = VECTOR('',#1341,1.);
#1341 = DIRECTION('',(2.584616902331E-02,0.,0.999665931973));
#1342 = PCURVE('',#1317,#1343);
#1343 = DEFINITIONAL_REPRESENTATION('',(#1344),#1348);
#1344 = LINE('',#1345,#1346);
#1345 = CARTESIAN_POINT('',(0.,0.));
#1346 = VECTOR('',#1347,1.);
#1347 = DIRECTION('',(0.,1.));
#1348 = ( GEOMETRIC_REPRESENTATION_CONTEXT(2) 
PARAMETRIC_REPRESENTATION_CONTEXT() REPRESENTATION_CONTEXT('2D SPACE',''
  ) );
#1349 = PCURVE('',#1317,#1350);
#1350 = DEFINITIONAL_REPRESENTATION('',(#1351),#1355);
#1351 = LINE('',#1352,#1353);
#1352 = CARTESIAN_POINT('',(6.28318530718,0.));
#1353 = VECTOR('',#1354,1.);
#1354 = DIRECTION('',(0.,1.));
#1355 = ( GEOMETRIC_REPRESENTATION_CONTEXT(2) 
PARAMETRIC_REPRESENTATION_CONTEXT() REPRESENTATION_CONTEXT('2D SPACE',''
  ) );
#1356 = ORIENTED_EDGE('',*,*,#1357,.F.);
#1357 = EDGE_CURVE('',#1335,#1335,#1358,.T.);
#1358 = SURFACE_CURVE('',#1359,(#1364,#1371),.PCURVE_S1.);
#1359 = CIRCLE('',#1360,50.533429294393);
#1360 = AXIS2_PLACEMENT_3D('',#1361,#1362,#1363);
#1361 = CARTESIAN_POINT('',(0.,0.,800.386));
#1362 = DIRECTION('',(0.,0.,1.));
#1363 = DIRECTION('',(1.,0.,-0.));
#1364 = PCURVE('',#1317,#1365);
#1365 = DEFINITIONAL_REPRESENTATION('',(#1366),#1370);
#1366 = LINE('',#1367,#1368);
#1367 = CARTESIAN_POINT('',(0.,4.563));
#1368 = VECTOR('',#1369,1.);
#1369 = DIRECTION('',(1.,0.));
#1370 = ( GEOMETRIC_REPRESENTATION_CONTEXT(2) 
PARAMETRIC_REPRESENTATION_CONTEXT() REPRESENTATION_CONTEXT('2D SPACE',''
  ) );
#1371 = PCURVE('',#1372,#1377);
#1372 = CONICAL_SURFACE('',#1373,50.533429294393,2.539745378644E-02);
#1373 = AXIS2_PLACEMENT_3D('',#1374,#1375,#1376);
#1374 = CARTESIAN_POINT('',(0.,0.,800.386));
#1375 = DIRECTION('',(0.,0.,1.));
#1376 = DIRECTION('',(1.,0.,-0.));
#1377 = DEFINITIONAL_REPRESENTATION('',(#1378),#1382);
#1378 = LINE('',#1379,#1380);
#1379 = CARTESIAN_POINT('',(0.,0.));
#1380 = VECTOR('',#1381,1.);
#1381 = DIRECTION('',(1.,0.));
#1382 = ( GEOMETRIC_REPRESENTATION_CONTEXT(2) 
PARAMETRIC_REPRESENTATION_CONTEXT() REPRESENTATION_CONTEXT('2D SPACE',''
  ) );
#1383 = ORIENTED_EDGE('',*,*,#1334,.F.);
#1384 = ADVANCED_FACE('',(#1385),#1372,.T.);
#1385 = FACE_BOUND('',#1386,.T.);
#1386 = EDGE_LOOP('',(#1387,#1388,#1411,#1438));
#1387 = ORIENTED_EDGE('',*,*,#1357,.T.);
#1388 = ORIENTED_EDGE('',*,*,#1389,.T.);
#1389 = EDGE_CURVE('',#1335,#1390,#1392,.T.);
#1390 = VERTEX_POINT('',#1391);
#1391 = CARTESIAN_POINT('',(50.649342799681,0.,804.949));
#1392 = SEAM_CURVE('',#1393,(#1397,#1404),.PCURVE_S1.);
#1393 = LINE('',#1394,#1395);
#1394 = CARTESIAN_POINT('',(50.533429294393,0.,800.386));
#1395 = VECTOR('',#1396,1.);
#1396 = DIRECTION('',(2.539472351844E-02,0.,0.999677502006));
#1397 = PCURVE('',#1372,#1398);
#1398 = DEFINITIONAL_REPRESENTATION('',(#1399),#1403);
#1399 = LINE('',#1400,#1401);
#1400 = CARTESIAN_POINT('',(0.,0.));
#1401 = VECTOR('',#1402,1.);
#1402 = DIRECTION('',(0.,1.));
#1403 = ( GEOMETRIC_REPRESENTATION_CONTEXT(2) 
PARAMETRIC_REPRESENTATION_CONTEXT() REPRESENTATION_CONTEXT('2D SPACE',''
  ) );
#1404 = PCURVE('',#1372,#1405);
#1405 = DEFINITIONAL_REPRESENTATION('',(#1406),#1410);
#1406 = LINE('',#1407,#1408);
#1407 = CARTESIAN_POINT('',(6.28318530718,0.));
#1408 = VECTOR('',#1409,1.);
#1409 = DIRECTION('',(0.,1.));
#1410 = ( GEOMETRIC_REPRESENTATION_CONTEXT(2) 
PARAMETRIC_REPRESENTATION_CONTEXT() REPRESENTATION_CONTEXT('2D SPACE',''
  ) );
#1411 = ORIENTED_EDGE('',*,*,#1412,.F.);
#1412 = EDGE_CURVE('',#1390,#1390,#1413,.T.);
#1413 = SURFACE_CURVE('',#1414,(#1419,#1426),.PCURVE_S1.);
#1414 = CIRCLE('',#1415,50.649342799681);
#1415 = AXIS2_PLACEMENT_3D('',#1416,#1417,#1418);
#1416 = CARTESIAN_POINT('',(0.,0.,804.949));
#1417 = DIRECTION('',(0.,0.,1.));
#1418 = DIRECTION('',(1.,0.,-0.));
#1419 = PCURVE('',#1372,#1420);
#1420 = DEFINITIONAL_REPRESENTATION('',(#1421),#1425);
#1421 = LINE('',#1422,#1423);
#1422 = CARTESIAN_POINT('',(0.,4.563));
#1423 = VECTOR('',#1424,1.);
#1424 = DIRECTION('',(1.,0.));
#1425 = ( GEOMETRIC_REPRESENTATION_CONTEXT(2) 
PARAMETRIC_REPRESENTATION_CONTEXT() REPRESENTATION_CONTEXT('2D SPACE',''
  ) );
#1426 = PCURVE('',#1427,#1432);
#1427 = CONICAL_SURFACE('',#1428,50.649342799681,2.49341409253E-02);
#1428 = AXIS2_PLACEMENT_3D('',#1429,#1430,#1431);
#1429 = CARTESIAN_POINT('',(0.,0.,804.949));
#1430 = DIRECTION('',(0.,0.,1.));
#1431 = DIRECTION('',(1.,0.,-0.));
#1432 = DEFINITIONAL_REPRESENTATION('',(#1433),#1437);
#1433 = LINE('',#1434,#1435);
#1434 = CARTESIAN_POINT('',(0.,0.));
#1435 = VECTOR('',#1436,1.);
#1436 = DIRECTION('',(1.,0.));
#1437 = ( GEOMETRIC_REPRESENTATION_CONTEXT(2) 
PARAMETRIC_REPRESENTATION_CONTEXT() REPRESENTATION_CONTEXT('2D SPACE',''
  ) );
#1438 = ORIENTED_EDGE('',*,*,#1389,.F.);
#1439 = ADVANCED_FACE('',(#1440),#1427,.T.);
#1440 = FACE_BOUND('',#1441,.T.);
#1441 = EDGE_LOOP('',(#1442,#1443,#1466,#1493));
#1442 = ORIENTED_EDGE('',*,*,#1412,.T.);
#1443 = ORIENTED_EDGE('',*,*,#1444,.T.);
#1444 = EDGE_CURVE('',#1390,#1445,#1447,.T.);
#1445 = VERTEX_POINT('',#1446);
#1446 = CARTESIAN_POINT('',(50.763140868885,0.,809.512));
#1447 = SEAM_CURVE('',#1448,(#1452,#1459),.PCURVE_S1.);
#1448 = LINE('',#1449,#1450);
#1449 = CARTESIAN_POINT('',(50.649342799681,0.,804.949));
#1450 = VECTOR('',#1451,1.);
#1451 = DIRECTION('',(2.493155736574E-02,0.,0.999689160413));
#1452 = PCURVE('',#1427,#1453);
#1453 = DEFINITIONAL_REPRESENTATION('',(#1454),#1458);
#1454 = LINE('',#1455,#1456);
#1455 = CARTESIAN_POINT('',(0.,0.));
#1456 = VECTOR('',#1457,1.);
#1457 = DIRECTION('',(0.,1.));
#1458 = ( GEOMETRIC_REPRESENTATION_CONTEXT(2) 
PARAMETRIC_REPRESENTATION_CONTEXT() REPRESENTATION_CONTEXT('2D SPACE',''
  ) );
#1459 = PCURVE('',#1427,#1460);
#1460 = DEFINITIONAL_REPRESENTATION('',(#1461),#1465);
#1461 = LINE('',#1462,#1463);
#1462 = CARTESIAN_POINT('',(6.28318530718,0.));
#1463 = VECTOR('',#1464,1.);
#1464 = DIRECTION('',(0.,1.));
#1465 = ( GEOMETRIC_REPRESENTATION_CONTEXT(2) 
PARAMETRIC_REPRESENTATION_CONTEXT() REPRESENTATION_CONTEXT('2D SPACE',''
  ) );
#1466 = ORIENTED_EDGE('',*,*,#1467,.F.);
#1467 = EDGE_CURVE('',#1445,#1445,#1468,.T.);
#1468 = SURFACE_CURVE('',#1469,(#1474,#1481),.PCURVE_S1.);
#1469 = CIRCLE('',#1470,50.763140868885);
#1470 = AXIS2_PLACEMENT_3D('',#1471,#1472,#1473);
#1471 = CARTESIAN_POINT('',(0.,0.,809.512));
#1472 = DIRECTION('',(0.,0.,1.));
#1473 = DIRECTION('',(1.,0.,-0.));
#1474 = PCURVE('',#1427,#1475);
#1475 = DEFINITIONAL_REPRESENTATION('',(#1476),#1480);
#1476 = LINE('',#1477,#1478);
#1477 = CARTESIAN_POINT('',(0.,4.563));
#1478 = VECTOR('',#1479,1.);
#1479 = DIRECTION('',(1.,0.));
#1480 = ( GEOMETRIC_REPRESENTATION_CONTEXT(2) 
PARAMETRIC_REPRESENTATION_CONTEXT() REPRESENTATION_CONTEXT('2D SPACE',''
  ) );
#1481 = PCURVE('',#1482,#1487);
#1482 = CONICAL_SURFACE('',#1483,50.763140868885,2.445910833021E-02);
#1483 = AXIS2_PLACEMENT_3D('',#1484,#1485,#1486);
#1484 = CARTESIAN_POINT('',(0.,0.,809.512));
#1485 = DIRECTION('',(0.,0.,1.));
#1486 = DIRECTION('',(1.,0.,-0.));
#1487 = DEFINITIONAL_REPRESENTATION('',(#1488),#1492);
#1488 = LINE('',#1489,#1490);
#1489 = CARTESIAN_POINT('',(0.,0.));
#1490 = VECTOR('',#1491,1.);
#1491 = DIRECTION('',(1.,0.));
#1492 = ( GEOMETRIC_REPRESENTATION_CONTEXT(2) 
PARAMETRIC_REPRESENTATION_CONTEXT() REPRESENTATION_CONTEXT('2D SPACE',''
  ) );
#1493 = ORIENTED_EDGE('',*,*,#1444,.F.);
#1494 = ADVANCED_FACE('',(#1495),#1482,.T.);
#1495 = FACE_BOUND('',#1496,.T.);
#1496 = EDGE_LOOP('',(#1497,#1498,#1521,#1548));
#1497 = ORIENTED_EDGE('',*,*,#1467,.T.);
#1498 = ORIENTED_EDGE('',*,*,#1499,.T.);
#1499 = EDGE_CURVE('',#1445,#1500,#1502,.T.);
#1500 = VERTEX_POINT('',#1501);
#1501 = CARTESIAN_POINT('',(50.874770041726,0.,814.075));
#1502 = SEAM_CURVE('',#1503,(#1507,#1514),.PCURVE_S1.);
#1503 = LINE('',#1504,#1505);
#1504 = CARTESIAN_POINT('',(50.763140868885,0.,809.512));
#1505 = VECTOR('',#1506,1.);
#1506 = DIRECTION('',(2.445666963446E-02,0.,0.999700890922));
#1507 = PCURVE('',#1482,#1508);
#1508 = DEFINITIONAL_REPRESENTATION('',(#1509),#1513);
#1509 = LINE('',#1510,#1511);
#1510 = CARTESIAN_POINT('',(0.,0.));
#1511 = VECTOR('',#1512,1.);
#1512 = DIRECTION('',(0.,1.));
#1513 = ( GEOMETRIC_REPRESENTATION_CONTEXT(2) 
PARAMETRIC_REPRESENTATION_CONTEXT() REPRESENTATION_CONTEXT('2D SPACE',''
  ) );
#1514 = PCURVE('',#1482,#1515);
#1515 = DEFINITIONAL_REPRESENTATION('',(#1516),#1520);
#1516 = LINE('',#1517,#1518);
#1517 = CARTESIAN_POINT('',(6.28318530718,0.));
#1518 = VECTOR('',#1519,1.);
#1519 = DIRECTION('',(0.,1.));
#1520 = ( GEOMETRIC_REPRESENTATION_CONTEXT(2) 
PARAMETRIC_REPRESENTATION_CONTEXT() REPRESENTATION_CONTEXT('2D SPACE',''
  ) );
#1521 = ORIENTED_EDGE('',*,*,#1522,.F.);
#1522 = EDGE_CURVE('',#1500,#1500,#1523,.T.);
#1523 = SURFACE_CURVE('',#1524,(#1529,#1536),.PCURVE_S1.);
#1524 = CIRCLE('',#1525,50.874770041726);
#1525 = AXIS2_PLACEMENT_3D('',#1526,#1527,#1528);
#1526 = CARTESIAN_POINT('',(0.,0.,814.075));
#1527 = DIRECTION('',(0.,0.,1.));
#1528 = DIRECTION('',(1.,0.,-0.));
#1529 = PCURVE('',#1482,#1530);
#1530 = DEFINITIONAL_REPRESENTATION('',(#1531),#1535);
#1531 = LINE('',#1532,#1533);
#1532 = CARTESIAN_POINT('',(0.,4.563));
#1533 = VECTOR('',#1534,1.);
#1534 = DIRECTION('',(1.,0.));
#1535 = ( GEOMETRIC_REPRESENTATION_CONTEXT(2) 
PARAMETRIC_REPRESENTATION_CONTEXT() REPRESENTATION_CONTEXT('2D SPACE',''
  ) );
#1536 = PCURVE('',#1537,#1542);
#1537 = CONICAL_SURFACE('',#1538,50.874770041726,2.397235539099E-02);
#1538 = AXIS2_PLACEMENT_3D('',#1539,#1540,#1541);
#1539 = CARTESIAN_POINT('',(0.,0.,814.075));
#1540 = DIRECTION('',(0.,0.,1.));
#1541 = DIRECTION('',(1.,0.,-0.));
#1542 = DEFINITIONAL_REPRESENTATION('',(#1543),#1547);
#1543 = LINE('',#1544,#1545);
#1544 = CARTESIAN_POINT('',(0.,0.));
#1545 = VECTOR('',#1546,1.);
#1546 = DIRECTION('',(1.,0.));
#1547 = ( GEOMETRIC_REPRESENTATION_CONTEXT(2) 
PARAMETRIC_REPRESENTATION_CONTEXT() REPRESENTATION_CONTEXT('2D SPACE',''
  ) );
#1548 = ORIENTED_EDGE('',*,*,#1499,.F.);
#1549 = ADVANCED_FACE('',(#1550),#1537,.T.);
#1550 = FACE_BOUND('',#1551,.T.);
#1551 = EDGE_LOOP('',(#1552,#1553,#1576,#1603));
#1552 = ORIENTED_EDGE('',*,*,#1522,.T.);
#1553 = ORIENTED_EDGE('',*,*,#1554,.T.);
#1554 = EDGE_CURVE('',#1500,#1555,#1557,.T.);
#1555 = VERTEX_POINT('',#1556);
#1556 = CARTESIAN_POINT('',(50.984176857923,0.,818.638));
#1557 = SEAM_CURVE('',#1558,(#1562,#1569),.PCURVE_S1.);
#1558 = LINE('',#1559,#1560);
#1559 = CARTESIAN_POINT('',(50.874770041726,0.,814.075));
#1560 = VECTOR('',#1561,1.);
#1561 = DIRECTION('',(2.397005940944E-02,0.,0.999712676849));
#1562 = PCURVE('',#1537,#1563);
#1563 = DEFINITIONAL_REPRESENTATION('',(#1564),#1568);
#1564 = LINE('',#1565,#1566);
#1565 = CARTESIAN_POINT('',(0.,0.));
#1566 = VECTOR('',#1567,1.);
#1567 = DIRECTION('',(0.,1.));
#1568 = ( GEOMETRIC_REPRESENTATION_CONTEXT(2) 
PARAMETRIC_REPRESENTATION_CONTEXT() REPRESENTATION_CONTEXT('2D SPACE',''
  ) );
#1569 = PCURVE('',#1537,#1570);
#1570 = DEFINITIONAL_REPRESENTATION('',(#1571),#1575);
#1571 = LINE('',#1572,#1573);
#1572 = CARTESIAN_POINT('',(6.28318530718,0.));
#1573 = VECTOR('',#1574,1.);
#1574 = DIRECTION('',(0.,1.));
#1575 = ( GEOMETRIC_REPRESENTATION_CONTEXT(2) 
PARAMETRIC_REPRESENTATION_CONTEXT() REPRESENTATION_CONTEXT('2D SPACE',''
  ) );
#1576 = ORIENTED_EDGE('',*,*,#1577,.F.);
#1577 = EDGE_CURVE('',#1555,#1555,#1578,.T.);
#1578 = SURFACE_CURVE('',#1579,(#1584,#1591),.PCURVE_S1.);
#1579 = CIRCLE('',#1580,50.984176857923);
#1580 = AXIS2_PLACEMENT_3D('',#1581,#1582,#1583);
#1581 = CARTESIAN_POINT('',(0.,0.,818.638));
#1582 = DIRECTION('',(0.,0.,1.));
#1583 = DIRECTION('',(1.,0.,-0.));
#1584 = PCURVE('',#1537,#1585);
#1585 = DEFINITIONAL_REPRESENTATION('',(#1586),#1590);
#1586 = LINE('',#1587,#1588);
#1587 = CARTESIAN_POINT('',(0.,4.563));
#1588 = VECTOR('',#1589,1.);
#1589 = DIRECTION('',(1.,0.));
#1590 = ( GEOMETRIC_REPRESENTATION_CONTEXT(2) 
PARAMETRIC_REPRESENTATION_CONTEXT() REPRESENTATION_CONTEXT('2D SPACE',''
  ) );
#1591 = PCURVE('',#1592,#1597);
#1592 = CONICAL_SURFACE('',#1593,50.984176857923,2.347388150983E-02);
#1593 = AXIS2_PLACEMENT_3D('',#1594,#1595,#1596);
#1594 = CARTESIAN_POINT('',(0.,0.,818.638));
#1595 = DIRECTION('',(0.,0.,1.));
#1596 = DIRECTION('',(1.,0.,-0.));
#1597 = DEFINITIONAL_REPRESENTATION('',(#1598),#1602);
#1598 = LINE('',#1599,#1600);
#1599 = CARTESIAN_POINT('',(0.,0.));
#1600 = VECTOR('',#1601,1.);
#1601 = DIRECTION('',(1.,0.));
#1602 = ( GEOMETRIC_REPRESENTATION_CONTEXT(2) 
PARAMETRIC_REPRESENTATION_CONTEXT() REPRESENTATION_CONTEXT('2D SPACE',''
  ) );
#1603 = ORIENTED_EDGE('',*,*,#1554,.F.);
#1604 = ADVANCED_FACE('',(#1605),#1592,.T.);
#1605 = FACE_BOUND('',#1606,.T.);
#1606 = EDGE_LOOP('',(#1607,#1608,#1631,#1658));
#1607 = ORIENTED_EDGE('',*,*,#1577,.T.);
#1608 = ORIENTED_EDGE('',*,*,#1609,.T.);
#1609 = EDGE_CURVE('',#1555,#1610,#1612,.T.);
#1610 = VERTEX_POINT('',#1611);
#1611 = CARTESIAN_POINT('',(51.091307857194,0.,823.201));
#1612 = SEAM_CURVE('',#1613,(#1617,#1624),.PCURVE_S1.);
#1613 = LINE('',#1614,#1615);
#1614 = CARTESIAN_POINT('',(50.984176857923,0.,818.638));
#1615 = VECTOR('',#1616,1.);
#1616 = DIRECTION('',(2.347172579401E-02,0.,0.999724501094));
#1617 = PCURVE('',#1592,#1618);
#1618 = DEFINITIONAL_REPRESENTATION('',(#1619),#1623);
#1619 = LINE('',#1620,#1621);
#1620 = CARTESIAN_POINT('',(0.,0.));
#1621 = VECTOR('',#1622,1.);
#1622 = DIRECTION('',(0.,1.));
#1623 = ( GEOMETRIC_REPRESENTATION_CONTEXT(2) 
PARAMETRIC_REPRESENTATION_CONTEXT() REPRESENTATION_CONTEXT('2D SPACE',''
  ) );
#1624 = PCURVE('',#1592,#1625);
#1625 = DEFINITIONAL_REPRESENTATION('',(#1626),#1630);
#1626 = LINE('',#1627,#1628);
#1627 = CARTESIAN_POINT('',(6.28318530718,0.));
#1628 = VECTOR('',#1629,1.);
#1629 = DIRECTION('',(0.,1.));
#1630 = ( GEOMETRIC_REPRESENTATION_CONTEXT(2) 
PARAMETRIC_REPRESENTATION_CONTEXT() REPRESENTATION_CONTEXT('2D SPACE',''
  ) );
#1631 = ORIENTED_EDGE('',*,*,#1632,.F.);
#1632 = EDGE_CURVE('',#1610,#1610,#1633,.T.);
#1633 = SURFACE_CURVE('',#1634,(#1639,#1646),.PCURVE_S1.);
#1634 = CIRCLE('',#1635,51.091307857194);
#1635 = AXIS2_PLACEMENT_3D('',#1636,#1637,#1638);
#1636 = CARTESIAN_POINT('',(0.,0.,823.201));
#1637 = DIRECTION('',(0.,0.,1.));
#1638 = DIRECTION('',(1.,0.,-0.));
#1639 = PCURVE('',#1592,#1640);
#1640 = DEFINITIONAL_REPRESENTATION('',(#1641),#1645);
#1641 = LINE('',#1642,#1643);
#1642 = CARTESIAN_POINT('',(0.,4.563));
#1643 = VECTOR('',#1644,1.);
#1644 = DIRECTION('',(1.,0.));
#1645 = ( GEOMETRIC_REPRESENTATION_CONTEXT(2) 
PARAMETRIC_REPRESENTATION_CONTEXT() REPRESENTATION_CONTEXT('2D SPACE',''
  ) );
#1646 = PCURVE('',#1647,#1652);
#1647 = CONICAL_SURFACE('',#1648,51.091307857194,2.296368610327E-02);
#1648 = AXIS2_PLACEMENT_3D('',#1649,#1650,#1651);
#1649 = CARTESIAN_POINT('',(0.,0.,823.201));
#1650 = DIRECTION('',(0.,0.,1.));
#1651 = DIRECTION('',(1.,0.,-0.));
#1652 = DEFINITIONAL_REPRESENTATION('',(#1653),#1657);
#1653 = LINE('',#1654,#1655);
#1654 = CARTESIAN_POINT('',(0.,0.));
#1655 = VECTOR('',#1656,1.);
#1656 = DIRECTION('',(1.,0.));
#1657 = ( GEOMETRIC_REPRESENTATION_CONTEXT(2) 
PARAMETRIC_REPRESENTATION_CONTEXT() REPRESENTATION_CONTEXT('2D SPACE',''
  ) );
#1658 = ORIENTED_EDGE('',*,*,#1609,.F.);
#1659 = ADVANCED_FACE('',(#1660),#1647,.T.);
#1660 = FACE_BOUND('',#1661,.T.);
#1661 = EDGE_LOOP('',(#1662,#1663,#1686,#1713));
#1662 = ORIENTED_EDGE('',*,*,#1632,.T.);
#1663 = ORIENTED_EDGE('',*,*,#1664,.T.);
#1664 = EDGE_CURVE('',#1610,#1665,#1667,.T.);
#1665 = VERTEX_POINT('',#1666);
#1666 = CARTESIAN_POINT('',(51.196109579259,0.,827.764));
#1667 = SEAM_CURVE('',#1668,(#1672,#1679),.PCURVE_S1.);
#1668 = LINE('',#1669,#1670);
#1669 = CARTESIAN_POINT('',(51.091307857194,0.,823.201));
#1670 = VECTOR('',#1671,1.);
#1671 = DIRECTION('',(2.296166791302E-02,0.,0.999736346147));
#1672 = PCURVE('',#1647,#1673);
#1673 = DEFINITIONAL_REPRESENTATION('',(#1674),#1678);
#1674 = LINE('',#1675,#1676);
#1675 = CARTESIAN_POINT('',(0.,0.));
#1676 = VECTOR('',#1677,1.);
#1677 = DIRECTION('',(0.,1.));
#1678 = ( GEOMETRIC_REPRESENTATION_CONTEXT(2) 
PARAMETRIC_REPRESENTATION_CONTEXT() REPRESENTATION_CONTEXT('2D SPACE',''
  ) );
#1679 = PCURVE('',#1647,#1680);
#1680 = DEFINITIONAL_REPRESENTATION('',(#1681),#1685);
#1681 = LINE('',#1682,#1683);
#1682 = CARTESIAN_POINT('',(6.28318530718,0.));
#1683 = VECTOR('',#1684,1.);
#1684 = DIRECTION('',(0.,1.));
#1685 = ( GEOMETRIC_REPRESENTATION_CONTEXT(2) 
PARAMETRIC_REPRESENTATION_CONTEXT() REPRESENTATION_CONTEXT('2D SPACE',''
  ) );
#1686 = ORIENTED_EDGE('',*,*,#1687,.F.);
#1687 = EDGE_CURVE('',#1665,#1665,#1688,.T.);
#1688 = SURFACE_CURVE('',#1689,(#1694,#1701),.PCURVE_S1.);
#1689 = CIRCLE('',#1690,51.196109579259);
#1690 = AXIS2_PLACEMENT_3D('',#1691,#1692,#1693);
#1691 = CARTESIAN_POINT('',(0.,0.,827.764));
#1692 = DIRECTION('',(0.,0.,1.));
#1693 = DIRECTION('',(1.,0.,-0.));
#1694 = PCURVE('',#1647,#1695);
#1695 = DEFINITIONAL_REPRESENTATION('',(#1696),#1700);
#1696 = LINE('',#1697,#1698);
#1697 = CARTESIAN_POINT('',(0.,4.563));
#1698 = VECTOR('',#1699,1.);
#1699 = DIRECTION('',(1.,0.));
#1700 = ( GEOMETRIC_REPRESENTATION_CONTEXT(2) 
PARAMETRIC_REPRESENTATION_CONTEXT() REPRESENTATION_CONTEXT('2D SPACE',''
  ) );
#1701 = PCURVE('',#1702,#1707);
#1702 = CONICAL_SURFACE('',#1703,51.196109579259,2.244176860426E-02);
#1703 = AXIS2_PLACEMENT_3D('',#1704,#1705,#1706);
#1704 = CARTESIAN_POINT('',(0.,0.,827.764));
#1705 = DIRECTION('',(0.,0.,1.));
#1706 = DIRECTION('',(1.,0.,-0.));
#1707 = DEFINITIONAL_REPRESENTATION('',(#1708),#1712);
#1708 = LINE('',#1709,#1710);
#1709 = CARTESIAN_POINT('',(0.,0.));
#1710 = VECTOR('',#1711,1.);
#1711 = DIRECTION('',(1.,0.));
#1712 = ( GEOMETRIC_REPRESENTATION_CONTEXT(2) 
PARAMETRIC_REPRESENTATION_CONTEXT() REPRESENTATION_CONTEXT('2D SPACE',''
  ) );
#1713 = ORIENTED_EDGE('',*,*,#1664,.F.);
#1714 = ADVANCED_FACE('',(#1715),#1702,.T.);
#1715 = FACE_BOUND('',#1716,.T.);
#1716 = EDGE_LOOP('',(#1717,#1718,#1741,#1768));
#1717 = ORIENTED_EDGE('',*,*,#1687,.T.);
#1718 = ORIENTED_EDGE('',*,*,#1719,.T.);
#1719 = EDGE_CURVE('',#1665,#1720,#1722,.T.);
#1720 = VERTEX_POINT('',#1721);
#1721 = CARTESIAN_POINT('',(51.298528563837,0.,832.327));
#1722 = SEAM_CURVE('',#1723,(#1727,#1734),.PCURVE_S1.);
#1723 = LINE('',#1724,#1725);
#1724 = CARTESIAN_POINT('',(51.196109579259,0.,827.764));
#1725 = VECTOR('',#1726,1.);
#1726 = DIRECTION('',(2.24398849159E-02,0.,0.999748194079));
#1727 = PCURVE('',#1702,#1728);
#1728 = DEFINITIONAL_REPRESENTATION('',(#1729),#1733);
#1729 = LINE('',#1730,#1731);
#1730 = CARTESIAN_POINT('',(0.,0.));
#1731 = VECTOR('',#1732,1.);
#1732 = DIRECTION('',(0.,1.));
#1733 = ( GEOMETRIC_REPRESENTATION_CONTEXT(2) 
PARAMETRIC_REPRESENTATION_CONTEXT() REPRESENTATION_CONTEXT('2D SPACE',''
  ) );
#1734 = PCURVE('',#1702,#1735);
#1735 = DEFINITIONAL_REPRESENTATION('',(#1736),#1740);
#1736 = LINE('',#1737,#1738);
#1737 = CARTESIAN_POINT('',(6.28318530718,0.));
#1738 = VECTOR('',#1739,1.);
#1739 = DIRECTION('',(0.,1.));
#1740 = ( GEOMETRIC_REPRESENTATION_CONTEXT(2) 
PARAMETRIC_REPRESENTATION_CONTEXT() REPRESENTATION_CONTEXT('2D SPACE',''
  ) );
#1741 = ORIENTED_EDGE('',*,*,#1742,.F.);
#1742 = EDGE_CURVE('',#1720,#1720,#1743,.T.);
#1743 = SURFACE_CURVE('',#1744,(#1749,#1756),.PCURVE_S1.);
#1744 = CIRCLE('',#1745,51.298528563837);
#1745 = AXIS2_PLACEMENT_3D('',#1746,#1747,#1748);
#1746 = CARTESIAN_POINT('',(0.,0.,832.327));
#1747 = DIRECTION('',(0.,0.,1.));
#1748 = DIRECTION('',(1.,0.,-0.));
#1749 = PCURVE('',#1702,#1750);
#1750 = DEFINITIONAL_REPRESENTATION('',(#1751),#1755);
#1751 = LINE('',#1752,#1753);
#1752 = CARTESIAN_POINT('',(0.,4.563));
#1753 = VECTOR('',#1754,1.);
#1754 = DIRECTION('',(1.,0.));
#1755 = ( GEOMETRIC_REPRESENTATION_CONTEXT(2) 
PARAMETRIC_REPRESENTATION_CONTEXT() REPRESENTATION_CONTEXT('2D SPACE',''
  ) );
#1756 = PCURVE('',#1757,#1762);
#1757 = CONICAL_SURFACE('',#1758,51.298528563837,2.190812846426E-02);
#1758 = AXIS2_PLACEMENT_3D('',#1759,#1760,#1761);
#1759 = CARTESIAN_POINT('',(0.,0.,832.327));
#1760 = DIRECTION('',(0.,0.,1.));
#1761 = DIRECTION('',(1.,0.,-0.));
#1762 = DEFINITIONAL_REPRESENTATION('',(#1763),#1767);
#1763 = LINE('',#1764,#1765);
#1764 = CARTESIAN_POINT('',(0.,0.));
#1765 = VECTOR('',#1766,1.);
#1766 = DIRECTION('',(1.,0.));
#1767 = ( GEOMETRIC_REPRESENTATION_CONTEXT(2) 
PARAMETRIC_REPRESENTATION_CONTEXT() REPRESENTATION_CONTEXT('2D SPACE',''
  ) );
#1768 = ORIENTED_EDGE('',*,*,#1719,.F.);
#1769 = ADVANCED_FACE('',(#1770),#1757,.T.);
#1770 = FACE_BOUND('',#1771,.T.);
#1771 = EDGE_LOOP('',(#1772,#1773,#1796,#1823));
#1772 = ORIENTED_EDGE('',*,*,#1742,.T.);
#1773 = ORIENTED_EDGE('',*,*,#1774,.T.);
#1774 = EDGE_CURVE('',#1720,#1775,#1777,.T.);
#1775 = VERTEX_POINT('',#1776);
#1776 = CARTESIAN_POINT('',(51.398511350647,0.,836.89));
#1777 = SEAM_CURVE('',#1778,(#1782,#1789),.PCURVE_S1.);
#1778 = LINE('',#1779,#1780);
#1779 = CARTESIAN_POINT('',(51.298528563837,0.,832.327));
#1780 = VECTOR('',#1781,1.);
#1781 = DIRECTION('',(2.190637597985E-02,0.,0.999760026552));
#1782 = PCURVE('',#1757,#1783);
#1783 = DEFINITIONAL_REPRESENTATION('',(#1784),#1788);
#1784 = LINE('',#1785,#1786);
#1785 = CARTESIAN_POINT('',(0.,0.));
#1786 = VECTOR('',#1787,1.);
#1787 = DIRECTION('',(0.,1.));
#1788 = ( GEOMETRIC_REPRESENTATION_CONTEXT(2) 
PARAMETRIC_REPRESENTATION_CONTEXT() REPRESENTATION_CONTEXT('2D SPACE',''
  ) );
#1789 = PCURVE('',#1757,#1790);
#1790 = DEFINITIONAL_REPRESENTATION('',(#1791),#1795);
#1791 = LINE('',#1792,#1793);
#1792 = CARTESIAN_POINT('',(6.28318530718,0.));
#1793 = VECTOR('',#1794,1.);
#1794 = DIRECTION('',(0.,1.));
#1795 = ( GEOMETRIC_REPRESENTATION_CONTEXT(2) 
PARAMETRIC_REPRESENTATION_CONTEXT() REPRESENTATION_CONTEXT('2D SPACE',''
  ) );
#1796 = ORIENTED_EDGE('',*,*,#1797,.F.);
#1797 = EDGE_CURVE('',#1775,#1775,#1798,.T.);
#1798 = SURFACE_CURVE('',#1799,(#1804,#1811),.PCURVE_S1.);
#1799 = CIRCLE('',#1800,51.398511350647);
#1800 = AXIS2_PLACEMENT_3D('',#1801,#1802,#1803);
#1801 = CARTESIAN_POINT('',(0.,0.,836.89));
#1802 = DIRECTION('',(0.,0.,1.));
#1803 = DIRECTION('',(1.,0.,-0.));
#1804 = PCURVE('',#1757,#1805);
#1805 = DEFINITIONAL_REPRESENTATION('',(#1806),#1810);
#1806 = LINE('',#1807,#1808);
#1807 = CARTESIAN_POINT('',(0.,4.563));
#1808 = VECTOR('',#1809,1.);
#1809 = DIRECTION('',(1.,0.));
#1810 = ( GEOMETRIC_REPRESENTATION_CONTEXT(2) 
PARAMETRIC_REPRESENTATION_CONTEXT() REPRESENTATION_CONTEXT('2D SPACE',''
  ) );
#1811 = PCURVE('',#1812,#1817);
#1812 = CONICAL_SURFACE('',#1813,51.398511350647,2.13627651554E-02);
#1813 = AXIS2_PLACEMENT_3D('',#1814,#1815,#1816);
#1814 = CARTESIAN_POINT('',(0.,0.,836.89));
#1815 = DIRECTION('',(0.,0.,1.));
#1816 = DIRECTION('',(1.,0.,-0.));
#1817 = DEFINITIONAL_REPRESENTATION('',(#1818),#1822);
#1818 = LINE('',#1819,#1820);
#1819 = CARTESIAN_POINT('',(0.,0.));
#1820 = VECTOR('',#1821,1.);
#1821 = DIRECTION('',(1.,0.));
#1822 = ( GEOMETRIC_REPRESENTATION_CONTEXT(2) 
PARAMETRIC_REPRESENTATION_CONTEXT() REPRESENTATION_CONTEXT('2D SPACE',''
  ) );
#1823 = ORIENTED_EDGE('',*,*,#1774,.F.);
#1824 = ADVANCED_FACE('',(#1825),#1812,.T.);
#1825 = FACE_BOUND('',#1826,.T.);
#1826 = EDGE_LOOP('',(#1827,#1828,#1851,#1878));
#1827 = ORIENTED_EDGE('',*,*,#1797,.T.);
#1828 = ORIENTED_EDGE('',*,*,#1829,.T.);
#1829 = EDGE_CURVE('',#1775,#1830,#1832,.T.);
#1830 = VERTEX_POINT('',#1831);
#1831 = CARTESIAN_POINT('',(51.496004479409,0.,841.453));
#1832 = SEAM_CURVE('',#1833,(#1837,#1844),.PCURVE_S1.);
#1833 = LINE('',#1834,#1835);
#1834 = CARTESIAN_POINT('',(51.398511350647,0.,836.89));
#1835 = VECTOR('',#1836,1.);
#1836 = DIRECTION('',(2.136114031302E-02,0.,0.99977182481));
#1837 = PCURVE('',#1812,#1838);
#1838 = DEFINITIONAL_REPRESENTATION('',(#1839),#1843);
#1839 = LINE('',#1840,#1841);
#1840 = CARTESIAN_POINT('',(0.,0.));
#1841 = VECTOR('',#1842,1.);
#1842 = DIRECTION('',(0.,1.));
#1843 = ( GEOMETRIC_REPRESENTATION_CONTEXT(2) 
PARAMETRIC_REPRESENTATION_CONTEXT() REPRESENTATION_CONTEXT('2D SPACE',''
  ) );
#1844 = PCURVE('',#1812,#1845);
#1845 = DEFINITIONAL_REPRESENTATION('',(#1846),#1850);
#1846 = LINE('',#1847,#1848);
#1847 = CARTESIAN_POINT('',(6.28318530718,0.));
#1848 = VECTOR('',#1849,1.);
#1849 = DIRECTION('',(0.,1.));
#1850 = ( GEOMETRIC_REPRESENTATION_CONTEXT(2) 
PARAMETRIC_REPRESENTATION_CONTEXT() REPRESENTATION_CONTEXT('2D SPACE',''
  ) );
#1851 = ORIENTED_EDGE('',*,*,#1852,.F.);
#1852 = EDGE_CURVE('',#1830,#1830,#1853,.T.);
#1853 = SURFACE_CURVE('',#1854,(#1859,#1866),.PCURVE_S1.);
#1854 = CIRCLE('',#1855,51.496004479409);
#1855 = AXIS2_PLACEMENT_3D('',#1856,#1857,#1858);
#1856 = CARTESIAN_POINT('',(0.,0.,841.453));
#1857 = DIRECTION('',(0.,0.,1.));
#1858 = DIRECTION('',(1.,0.,-0.));
#1859 = PCURVE('',#1812,#1860);
#1860 = DEFINITIONAL_REPRESENTATION('',(#1861),#1865);
#1861 = LINE('',#1862,#1863);
#1862 = CARTESIAN_POINT('',(0.,4.563));
#1863 = VECTOR('',#1864,1.);
#1864 = DIRECTION('',(1.,0.));
#1865 = ( GEOMETRIC_REPRESENTATION_CONTEXT(2) 
PARAMETRIC_REPRESENTATION_CONTEXT() REPRESENTATION_CONTEXT('2D SPACE',''
  ) );
#1866 = PCURVE('',#1867,#1872);
#1867 = CONICAL_SURFACE('',#1868,51.496004479409,2.080567817268E-02);
#1868 = AXIS2_PLACEMENT_3D('',#1869,#1870,#1871);
#1869 = CARTESIAN_POINT('',(0.,0.,841.453));
#1870 = DIRECTION('',(0.,0.,1.));
#1871 = DIRECTION('',(1.,0.,-0.));
#1872 = DEFINITIONAL_REPRESENTATION('',(#1873),#1877);
#1873 = LINE('',#1874,#1875);
#1874 = CARTESIAN_POINT('',(0.,0.));
#1875 = VECTOR('',#1876,1.);
#1876 = DIRECTION('',(1.,0.));
#1877 = ( GEOMETRIC_REPRESENTATION_CONTEXT(2) 
PARAMETRIC_REPRESENTATION_CONTEXT() REPRESENTATION_CONTEXT('2D SPACE',''
  ) );
#1878 = ORIENTED_EDGE('',*,*,#1829,.F.);
#1879 = ADVANCED_FACE('',(#1880),#1867,.T.);
#1880 = FACE_BOUND('',#1881,.T.);
#1881 = EDGE_LOOP('',(#1882,#1883,#1906,#1933));
#1882 = ORIENTED_EDGE('',*,*,#1852,.T.);
#1883 = ORIENTED_EDGE('',*,*,#1884,.T.);
#1884 = EDGE_CURVE('',#1830,#1885,#1887,.T.);
#1885 = VERTEX_POINT('',#1886);
#1886 = CARTESIAN_POINT('',(51.590954489841,0.,846.016));
#1887 = SEAM_CURVE('',#1888,(#1892,#1899),.PCURVE_S1.);
#1888 = LINE('',#1889,#1890);
#1889 = CARTESIAN_POINT('',(51.496004479409,0.,841.453));
#1890 = VECTOR('',#1891,1.);
#1891 = DIRECTION('',(2.080417715787E-02,0.,0.999783569685));
#1892 = PCURVE('',#1867,#1893);
#1893 = DEFINITIONAL_REPRESENTATION('',(#1894),#1898);
#1894 = LINE('',#1895,#1896);
#1895 = CARTESIAN_POINT('',(0.,0.));
#1896 = VECTOR('',#1897,1.);
#1897 = DIRECTION('',(0.,1.));
#1898 = ( GEOMETRIC_REPRESENTATION_CONTEXT(2) 
PARAMETRIC_REPRESENTATION_CONTEXT() REPRESENTATION_CONTEXT('2D SPACE',''
  ) );
#1899 = PCURVE('',#1867,#1900);
#1900 = DEFINITIONAL_REPRESENTATION('',(#1901),#1905);
#1901 = LINE('',#1902,#1903);
#1902 = CARTESIAN_POINT('',(6.28318530718,0.));
#1903 = VECTOR('',#1904,1.);
#1904 = DIRECTION('',(0.,1.));
#1905 = ( GEOMETRIC_REPRESENTATION_CONTEXT(2) 
PARAMETRIC_REPRESENTATION_CONTEXT() REPRESENTATION_CONTEXT('2D SPACE',''
  ) );
#1906 = ORIENTED_EDGE('',*,*,#1907,.F.);
#1907 = EDGE_CURVE('',#1885,#1885,#1908,.T.);
#1908 = SURFACE_CURVE('',#1909,(#1914,#1921),.PCURVE_S1.);
#1909 = CIRCLE('',#1910,51.590954489841);
#1910 = AXIS2_PLACEMENT_3D('',#1911,#1912,#1913);
#1911 = CARTESIAN_POINT('',(0.,0.,846.016));
#1912 = DIRECTION('',(0.,0.,1.));
#1913 = DIRECTION('',(1.,0.,-0.));
#1914 = PCURVE('',#1867,#1915);
#1915 = DEFINITIONAL_REPRESENTATION('',(#1916),#1920);
#1916 = LINE('',#1917,#1918);
#1917 = CARTESIAN_POINT('',(0.,4.563));
#1918 = VECTOR('',#1919,1.);
#1919 = DIRECTION('',(1.,0.));
#1920 = ( GEOMETRIC_REPRESENTATION_CONTEXT(2) 
PARAMETRIC_REPRESENTATION_CONTEXT() REPRESENTATION_CONTEXT('2D SPACE',''
  ) );
#1921 = PCURVE('',#1922,#1927);
#1922 = CONICAL_SURFACE('',#1923,51.590954489841,2.023686703621E-02);
#1923 = AXIS2_PLACEMENT_3D('',#1924,#1925,#1926);
#1924 = CARTESIAN_POINT('',(0.,0.,846.016));
#1925 = DIRECTION('',(0.,0.,1.));
#1926 = DIRECTION('',(1.,0.,-0.));
#1927 = DEFINITIONAL_REPRESENTATION('',(#1928),#1932);
#1928 = LINE('',#1929,#1930);
#1929 = CARTESIAN_POINT('',(0.,0.));
#1930 = VECTOR('',#1931,1.);
#1931 = DIRECTION('',(1.,0.));
#1932 = ( GEOMETRIC_REPRESENTATION_CONTEXT(2) 
PARAMETRIC_REPRESENTATION_CONTEXT() REPRESENTATION_CONTEXT('2D SPACE',''
  ) );
#1933 = ORIENTED_EDGE('',*,*,#1884,.F.);
#1934 = ADVANCED_FACE('',(#1935),#1922,.T.);
#1935 = FACE_BOUND('',#1936,.T.);
#1936 = EDGE_LOOP('',(#1937,#1938,#1961,#1988));
#1937 = ORIENTED_EDGE('',*,*,#1907,.T.);
#1938 = ORIENTED_EDGE('',*,*,#1939,.T.);
#1939 = EDGE_CURVE('',#1885,#1940,#1942,.T.);
#1940 = VERTEX_POINT('',#1941);
#1941 = CARTESIAN_POINT('',(51.683307921662,0.,850.579));
#1942 = SEAM_CURVE('',#1943,(#1947,#1954),.PCURVE_S1.);
#1943 = LINE('',#1944,#1945);
#1944 = CARTESIAN_POINT('',(51.590954489841,0.,846.016));
#1945 = VECTOR('',#1946,1.);
#1946 = DIRECTION('',(2.023548579448E-02,0.,0.999795241594));
#1947 = PCURVE('',#1922,#1948);
#1948 = DEFINITIONAL_REPRESENTATION('',(#1949),#1953);
#1949 = LINE('',#1950,#1951);
#1950 = CARTESIAN_POINT('',(0.,0.));
#1951 = VECTOR('',#1952,1.);
#1952 = DIRECTION('',(0.,1.));
#1953 = ( GEOMETRIC_REPRESENTATION_CONTEXT(2) 
PARAMETRIC_REPRESENTATION_CONTEXT() REPRESENTATION_CONTEXT('2D SPACE',''
  ) );
#1954 = PCURVE('',#1922,#1955);
#1955 = DEFINITIONAL_REPRESENTATION('',(#1956),#1960);
#1956 = LINE('',#1957,#1958);
#1957 = CARTESIAN_POINT('',(6.28318530718,0.));
#1958 = VECTOR('',#1959,1.);
#1959 = DIRECTION('',(0.,1.));
#1960 = ( GEOMETRIC_REPRESENTATION_CONTEXT(2) 
PARAMETRIC_REPRESENTATION_CONTEXT() REPRESENTATION_CONTEXT('2D SPACE',''
  ) );
#1961 = ORIENTED_EDGE('',*,*,#1962,.F.);
#1962 = EDGE_CURVE('',#1940,#1940,#1963,.T.);
#1963 = SURFACE_CURVE('',#1964,(#1969,#1976),.PCURVE_S1.);
#1964 = CIRCLE('',#1965,51.683307921662);
#1965 = AXIS2_PLACEMENT_3D('',#1966,#1967,#1968);
#1966 = CARTESIAN_POINT('',(0.,0.,850.579));
#1967 = DIRECTION('',(0.,0.,1.));
#1968 = DIRECTION('',(1.,0.,-0.));
#1969 = PCURVE('',#1922,#1970);
#1970 = DEFINITIONAL_REPRESENTATION('',(#1971),#1975);
#1971 = LINE('',#1972,#1973);
#1972 = CARTESIAN_POINT('',(0.,4.563));
#1973 = VECTOR('',#1974,1.);
#1974 = DIRECTION('',(1.,0.));
#1975 = ( GEOMETRIC_REPRESENTATION_CONTEXT(2) 
PARAMETRIC_REPRESENTATION_CONTEXT() REPRESENTATION_CONTEXT('2D SPACE',''
  ) );
#1976 = PCURVE('',#1977,#1982);
#1977 = CONICAL_SURFACE('',#1978,51.683307921662,1.965633129351E-02);
#1978 = AXIS2_PLACEMENT_3D('',#1979,#1980,#1981);
#1979 = CARTESIAN_POINT('',(0.,0.,850.579));
#1980 = DIRECTION('',(0.,0.,1.));
#1981 = DIRECTION('',(1.,0.,-0.));
#1982 = DEFINITIONAL_REPRESENTATION('',(#1983),#1987);
#1983 = LINE('',#1984,#1985);
#1984 = CARTESIAN_POINT('',(0.,0.));
#1985 = VECTOR('',#1986,1.);
#1986 = DIRECTION('',(1.,0.));
#1987 = ( GEOMETRIC_REPRESENTATION_CONTEXT(2) 
PARAMETRIC_REPRESENTATION_CONTEXT() REPRESENTATION_CONTEXT('2D SPACE',''
  ) );
#1988 = ORIENTED_EDGE('',*,*,#1939,.F.);
#1989 = ADVANCED_FACE('',(#1990),#1977,.T.);
#1990 = FACE_BOUND('',#1991,.T.);
#1991 = EDGE_LOOP('',(#1992,#1993,#2016,#2043));
#1992 = ORIENTED_EDGE('',*,*,#1962,.T.);
#1993 = ORIENTED_EDGE('',*,*,#1994,.T.);
#1994 = EDGE_CURVE('',#1940,#1995,#1997,.T.);
#1995 = VERTEX_POINT('',#1996);
#1996 = CARTESIAN_POINT('',(51.773011314593,0.,855.142));
#1997 = SEAM_CURVE('',#1998,(#2002,#2009),.PCURVE_S1.);
#1998 = LINE('',#1999,#2000);
#1999 = CARTESIAN_POINT('',(51.683307921662,0.,850.579));
#2000 = VECTOR('',#2001,1.);
#2001 = DIRECTION('',(1.965506554405E-02,0.,0.99980682054));
#2002 = PCURVE('',#1977,#2003);
#2003 = DEFINITIONAL_REPRESENTATION('',(#2004),#2008);
#2004 = LINE('',#2005,#2006);
#2005 = CARTESIAN_POINT('',(0.,0.));
#2006 = VECTOR('',#2007,1.);
#2007 = DIRECTION('',(0.,1.));
#2008 = ( GEOMETRIC_REPRESENTATION_CONTEXT(2) 
PARAMETRIC_REPRESENTATION_CONTEXT() REPRESENTATION_CONTEXT('2D SPACE',''
  ) );
#2009 = PCURVE('',#1977,#2010);
#2010 = DEFINITIONAL_REPRESENTATION('',(#2011),#2015);
#2011 = LINE('',#2012,#2013);
#2012 = CARTESIAN_POINT('',(6.28318530718,0.));
#2013 = VECTOR('',#2014,1.);
#2014 = DIRECTION('',(0.,1.));
#2015 = ( GEOMETRIC_REPRESENTATION_CONTEXT(2) 
PARAMETRIC_REPRESENTATION_CONTEXT() REPRESENTATION_CONTEXT('2D SPACE',''
  ) );
#2016 = ORIENTED_EDGE('',*,*,#2017,.F.);
#2017 = EDGE_CURVE('',#1995,#1995,#2018,.T.);
#2018 = SURFACE_CURVE('',#2019,(#2024,#2031),.PCURVE_S1.);
#2019 = CIRCLE('',#2020,51.773011314593);
#2020 = AXIS2_PLACEMENT_3D('',#2021,#2022,#2023);
#2021 = CARTESIAN_POINT('',(0.,0.,855.142));
#2022 = DIRECTION('',(0.,0.,1.));
#2023 = DIRECTION('',(1.,0.,-0.));
#2024 = PCURVE('',#1977,#2025);
#2025 = DEFINITIONAL_REPRESENTATION('',(#2026),#2030);
#2026 = LINE('',#2027,#2028);
#2027 = CARTESIAN_POINT('',(0.,4.563));
#2028 = VECTOR('',#2029,1.);
#2029 = DIRECTION('',(1.,0.));
#2030 = ( GEOMETRIC_REPRESENTATION_CONTEXT(2) 
PARAMETRIC_REPRESENTATION_CONTEXT() REPRESENTATION_CONTEXT('2D SPACE',''
  ) );
#2031 = PCURVE('',#2032,#2037);
#2032 = CONICAL_SURFACE('',#2033,51.773011314593,1.906407052187E-02);
#2033 = AXIS2_PLACEMENT_3D('',#2034,#2035,#2036);
#2034 = CARTESIAN_POINT('',(0.,0.,855.142));
#2035 = DIRECTION('',(0.,0.,1.));
#2036 = DIRECTION('',(1.,0.,-0.));
#2037 = DEFINITIONAL_REPRESENTATION('',(#2038),#2042);
#2038 = LINE('',#2039,#2040);
#2039 = CARTESIAN_POINT('',(0.,0.));
#2040 = VECTOR('',#2041,1.);
#2041 = DIRECTION('',(1.,0.));
#2042 = ( GEOMETRIC_REPRESENTATION_CONTEXT(2) 
PARAMETRIC_REPRESENTATION_CONTEXT() REPRESENTATION_CONTEXT('2D SPACE',''
  ) );
#2043 = ORIENTED_EDGE('',*,*,#1994,.F.);
#2044 = ADVANCED_FACE('',(#2045),#2032,.T.);
#2045 = FACE_BOUND('',#2046,.T.);
#2046 = EDGE_LOOP('',(#2047,#2048,#2071,#2098));
#2047 = ORIENTED_EDGE('',*,*,#2017,.T.);
#2048 = ORIENTED_EDGE('',*,*,#2049,.T.);
#2049 = EDGE_CURVE('',#1995,#2050,#2052,.T.);
#2050 = VERTEX_POINT('',#2051);
#2051 = CARTESIAN_POINT('',(51.860011208351,0.,859.705));
#2052 = SEAM_CURVE('',#2053,(#2057,#2064),.PCURVE_S1.);
#2053 = LINE('',#2054,#2055);
#2054 = CARTESIAN_POINT('',(51.773011314593,0.,855.142));
#2055 = VECTOR('',#2056,1.);
#2056 = DIRECTION('',(1.906291577241E-02,0.,0.999818286111));
#2057 = PCURVE('',#2032,#2058);
#2058 = DEFINITIONAL_REPRESENTATION('',(#2059),#2063);
#2059 = LINE('',#2060,#2061);
#2060 = CARTESIAN_POINT('',(0.,0.));
#2061 = VECTOR('',#2062,1.);
#2062 = DIRECTION('',(0.,1.));
#2063 = ( GEOMETRIC_REPRESENTATION_CONTEXT(2) 
PARAMETRIC_REPRESENTATION_CONTEXT() REPRESENTATION_CONTEXT('2D SPACE',''
  ) );
#2064 = PCURVE('',#2032,#2065);
#2065 = DEFINITIONAL_REPRESENTATION('',(#2066),#2070);
#2066 = LINE('',#2067,#2068);
#2067 = CARTESIAN_POINT('',(6.28318530718,0.));
#2068 = VECTOR('',#2069,1.);
#2069 = DIRECTION('',(0.,1.));
#2070 = ( GEOMETRIC_REPRESENTATION_CONTEXT(2) 
PARAMETRIC_REPRESENTATION_CONTEXT() REPRESENTATION_CONTEXT('2D SPACE',''
  ) );
#2071 = ORIENTED_EDGE('',*,*,#2072,.F.);
#2072 = EDGE_CURVE('',#2050,#2050,#2073,.T.);
#2073 = SURFACE_CURVE('',#2074,(#2079,#2086),.PCURVE_S1.);
#2074 = CIRCLE('',#2075,51.860011208351);
#2075 = AXIS2_PLACEMENT_3D('',#2076,#2077,#2078);
#2076 = CARTESIAN_POINT('',(0.,0.,859.705));
#2077 = DIRECTION('',(0.,0.,1.));
#2078 = DIRECTION('',(1.,0.,-0.));
#2079 = PCURVE('',#2032,#2080);
#2080 = DEFINITIONAL_REPRESENTATION('',(#2081),#2085);
#2081 = LINE('',#2082,#2083);
#2082 = CARTESIAN_POINT('',(0.,4.563));
#2083 = VECTOR('',#2084,1.);
#2084 = DIRECTION('',(1.,0.));
#2085 = ( GEOMETRIC_REPRESENTATION_CONTEXT(2) 
PARAMETRIC_REPRESENTATION_CONTEXT() REPRESENTATION_CONTEXT('2D SPACE',''
  ) );
#2086 = PCURVE('',#2087,#2092);
#2087 = CONICAL_SURFACE('',#2088,51.860011208351,1.846008433072E-02);
#2088 = AXIS2_PLACEMENT_3D('',#2089,#2090,#2091);
#2089 = CARTESIAN_POINT('',(0.,0.,859.705));
#2090 = DIRECTION('',(0.,0.,1.));
#2091 = DIRECTION('',(1.,0.,-0.));
#2092 = DEFINITIONAL_REPRESENTATION('',(#2093),#2097);
#2093 = LINE('',#2094,#2095);
#2094 = CARTESIAN_POINT('',(0.,0.));
#2095 = VECTOR('',#2096,1.);
#2096 = DIRECTION('',(1.,0.));
#2097 = ( GEOMETRIC_REPRESENTATION_CONTEXT(2) 
PARAMETRIC_REPRESENTATION_CONTEXT() REPRESENTATION_CONTEXT('2D SPACE',''
  ) );
#2098 = ORIENTED_EDGE('',*,*,#2049,.F.);
#2099 = ADVANCED_FACE('',(#2100),#2087,.T.);
#2100 = FACE_BOUND('',#2101,.T.);
#2101 = EDGE_LOOP('',(#2102,#2103,#2126,#2153));
#2102 = ORIENTED_EDGE('',*,*,#2072,.T.);
#2103 = ORIENTED_EDGE('',*,*,#2104,.T.);
#2104 = EDGE_CURVE('',#2050,#2105,#2107,.T.);
#2105 = VERTEX_POINT('',#2106);
#2106 = CARTESIAN_POINT('',(51.944254142657,0.,864.268));
#2107 = SEAM_CURVE('',#2108,(#2112,#2119),.PCURVE_S1.);
#2108 = LINE('',#2109,#2110);
#2109 = CARTESIAN_POINT('',(51.860011208351,0.,859.705));
#2110 = VECTOR('',#2111,1.);
#2111 = DIRECTION('',(1.845903589359E-02,0.,0.999829617482));
#2112 = PCURVE('',#2087,#2113);
#2113 = DEFINITIONAL_REPRESENTATION('',(#2114),#2118);
#2114 = LINE('',#2115,#2116);
#2115 = CARTESIAN_POINT('',(0.,0.));
#2116 = VECTOR('',#2117,1.);
#2117 = DIRECTION('',(0.,1.));
#2118 = ( GEOMETRIC_REPRESENTATION_CONTEXT(2) 
PARAMETRIC_REPRESENTATION_CONTEXT() REPRESENTATION_CONTEXT('2D SPACE',''
  ) );
#2119 = PCURVE('',#2087,#2120);
#2120 = DEFINITIONAL_REPRESENTATION('',(#2121),#2125);
#2121 = LINE('',#2122,#2123);
#2122 = CARTESIAN_POINT('',(6.28318530718,0.));
#2123 = VECTOR('',#2124,1.);
#2124 = DIRECTION('',(0.,1.));
#2125 = ( GEOMETRIC_REPRESENTATION_CONTEXT(2) 
PARAMETRIC_REPRESENTATION_CONTEXT() REPRESENTATION_CONTEXT('2D SPACE',''
  ) );
#2126 = ORIENTED_EDGE('',*,*,#2127,.F.);
#2127 = EDGE_CURVE('',#2105,#2105,#2128,.T.);
#2128 = SURFACE_CURVE('',#2129,(#2134,#2141),.PCURVE_S1.);
#2129 = CIRCLE('',#2130,51.944254142657);
#2130 = AXIS2_PLACEMENT_3D('',#2131,#2132,#2133);
#2131 = CARTESIAN_POINT('',(0.,0.,864.268));
#2132 = DIRECTION('',(0.,0.,1.));
#2133 = DIRECTION('',(1.,0.,-0.));
#2134 = PCURVE('',#2087,#2135);
#2135 = DEFINITIONAL_REPRESENTATION('',(#2136),#2140);
#2136 = LINE('',#2137,#2138);
#2137 = CARTESIAN_POINT('',(0.,4.563));
#2138 = VECTOR('',#2139,1.);
#2139 = DIRECTION('',(1.,0.));
#2140 = ( GEOMETRIC_REPRESENTATION_CONTEXT(2) 
PARAMETRIC_REPRESENTATION_CONTEXT() REPRESENTATION_CONTEXT('2D SPACE',''
  ) );
#2141 = PCURVE('',#2142,#2147);
#2142 = CONICAL_SURFACE('',#2143,51.944254142657,1.78443723641E-02);
#2143 = AXIS2_PLACEMENT_3D('',#2144,#2145,#2146);
#2144 = CARTESIAN_POINT('',(0.,0.,864.268));
#2145 = DIRECTION('',(0.,0.,1.));
#2146 = DIRECTION('',(1.,0.,-0.));
#2147 = DEFINITIONAL_REPRESENTATION('',(#2148),#2152);
#2148 = LINE('',#2149,#2150);
#2149 = CARTESIAN_POINT('',(0.,0.));
#2150 = VECTOR('',#2151,1.);
#2151 = DIRECTION('',(1.,0.));
#2152 = ( GEOMETRIC_REPRESENTATION_CONTEXT(2) 
PARAMETRIC_REPRESENTATION_CONTEXT() REPRESENTATION_CONTEXT('2D SPACE',''
  ) );
#2153 = ORIENTED_EDGE('',*,*,#2104,.F.);
#2154 = ADVANCED_FACE('',(#2155),#2142,.T.);
#2155 = FACE_BOUND('',#2156,.T.);
#2156 = EDGE_LOOP('',(#2157,#2158,#2181,#2208));
#2157 = ORIENTED_EDGE('',*,*,#2127,.T.);
#2158 = ORIENTED_EDGE('',*,*,#2159,.T.);
#2159 = EDGE_CURVE('',#2105,#2160,#2162,.T.);
#2160 = VERTEX_POINT('',#2161);
#2161 = CARTESIAN_POINT('',(52.025686657229,0.,868.831));
#2162 = SEAM_CURVE('',#2163,(#2167,#2174),.PCURVE_S1.);
#2163 = LINE('',#2164,#2165);
#2164 = CARTESIAN_POINT('',(51.944254142657,0.,864.268));
#2165 = VECTOR('',#2166,1.);
#2166 = DIRECTION('',(1.784342537351E-02,0.,0.999840793412));
#2167 = PCURVE('',#2142,#2168);
#2168 = DEFINITIONAL_REPRESENTATION('',(#2169),#2173);
#2169 = LINE('',#2170,#2171);
#2170 = CARTESIAN_POINT('',(0.,0.));
#2171 = VECTOR('',#2172,1.);
#2172 = DIRECTION('',(0.,1.));
#2173 = ( GEOMETRIC_REPRESENTATION_CONTEXT(2) 
PARAMETRIC_REPRESENTATION_CONTEXT() REPRESENTATION_CONTEXT('2D SPACE',''
  ) );
#2174 = PCURVE('',#2142,#2175);
#2175 = DEFINITIONAL_REPRESENTATION('',(#2176),#2180);
#2176 = LINE('',#2177,#2178);
#2177 = CARTESIAN_POINT('',(6.28318530718,0.));
#2178 = VECTOR('',#2179,1.);
#2179 = DIRECTION('',(0.,1.));
#2180 = ( GEOMETRIC_REPRESENTATION_CONTEXT(2) 
PARAMETRIC_REPRESENTATION_CONTEXT() REPRESENTATION_CONTEXT('2D SPACE',''
  ) );
#2181 = ORIENTED_EDGE('',*,*,#2182,.F.);
#2182 = EDGE_CURVE('',#2160,#2160,#2183,.T.);
#2183 = SURFACE_CURVE('',#2184,(#2189,#2196),.PCURVE_S1.);
#2184 = CIRCLE('',#2185,52.025686657229);
#2185 = AXIS2_PLACEMENT_3D('',#2186,#2187,#2188);
#2186 = CARTESIAN_POINT('',(0.,0.,868.831));
#2187 = DIRECTION('',(0.,0.,1.));
#2188 = DIRECTION('',(1.,0.,-0.));
#2189 = PCURVE('',#2142,#2190);
#2190 = DEFINITIONAL_REPRESENTATION('',(#2191),#2195);
#2191 = LINE('',#2192,#2193);
#2192 = CARTESIAN_POINT('',(0.,4.563));
#2193 = VECTOR('',#2194,1.);
#2194 = DIRECTION('',(1.,0.));
#2195 = ( GEOMETRIC_REPRESENTATION_CONTEXT(2) 
PARAMETRIC_REPRESENTATION_CONTEXT() REPRESENTATION_CONTEXT('2D SPACE',''
  ) );
#2196 = PCURVE('',#2197,#2202);
#2197 = CONICAL_SURFACE('',#2198,52.025686657229,1.721693430316E-02);
#2198 = AXIS2_PLACEMENT_3D('',#2199,#2200,#2201);
#2199 = CARTESIAN_POINT('',(0.,0.,868.831));
#2200 = DIRECTION('',(0.,0.,1.));
#2201 = DIRECTION('',(1.,0.,-0.));
#2202 = DEFINITIONAL_REPRESENTATION('',(#2203),#2207);
#2203 = LINE('',#2204,#2205);
#2204 = CARTESIAN_POINT('',(0.,0.));
#2205 = VECTOR('',#2206,1.);
#2206 = DIRECTION('',(1.,0.));
#2207 = ( GEOMETRIC_REPRESENTATION_CONTEXT(2) 
PARAMETRIC_REPRESENTATION_CONTEXT() REPRESENTATION_CONTEXT('2D SPACE',''
  ) );
#2208 = ORIENTED_EDGE('',*,*,#2159,.F.);
#2209 = ADVANCED_FACE('',(#2210),#2197,.T.);
#2210 = FACE_BOUND('',#2211,.T.);
#2211 = EDGE_LOOP('',(#2212,#2213,#2236,#2263));
#2212 = ORIENTED_EDGE('',*,*,#2182,.T.);
#2213 = ORIENTED_EDGE('',*,*,#2214,.T.);
#2214 = EDGE_CURVE('',#2160,#2215,#2217,.T.);
#2215 = VERTEX_POINT('',#2216);
#2216 = CARTESIAN_POINT('',(52.104255291787,0.,873.394));
#2217 = SEAM_CURVE('',#2218,(#2222,#2229),.PCURVE_S1.);
#2218 = LINE('',#2219,#2220);
#2219 = CARTESIAN_POINT('',(52.025686657229,0.,868.831));
#2220 = VECTOR('',#2221,1.);
#2221 = DIRECTION('',(1.721608373371E-02,0.,0.999851792248));
#2222 = PCURVE('',#2197,#2223);
#2223 = DEFINITIONAL_REPRESENTATION('',(#2224),#2228);
#2224 = LINE('',#2225,#2226);
#2225 = CARTESIAN_POINT('',(0.,0.));
#2226 = VECTOR('',#2227,1.);
#2227 = DIRECTION('',(0.,1.));
#2228 = ( GEOMETRIC_REPRESENTATION_CONTEXT(2) 
PARAMETRIC_REPRESENTATION_CONTEXT() REPRESENTATION_CONTEXT('2D SPACE',''
  ) );
#2229 = PCURVE('',#2197,#2230);
#2230 = DEFINITIONAL_REPRESENTATION('',(#2231),#2235);
#2231 = LINE('',#2232,#2233);
#2232 = CARTESIAN_POINT('',(6.28318530718,0.));
#2233 = VECTOR('',#2234,1.);
#2234 = DIRECTION('',(0.,1.));
#2235 = ( GEOMETRIC_REPRESENTATION_CONTEXT(2) 
PARAMETRIC_REPRESENTATION_CONTEXT() REPRESENTATION_CONTEXT('2D SPACE',''
  ) );
#2236 = ORIENTED_EDGE('',*,*,#2237,.F.);
#2237 = EDGE_CURVE('',#2215,#2215,#2238,.T.);
#2238 = SURFACE_CURVE('',#2239,(#2244,#2251),.PCURVE_S1.);
#2239 = CIRCLE('',#2240,52.104255291787);
#2240 = AXIS2_PLACEMENT_3D('',#2241,#2242,#2243);
#2241 = CARTESIAN_POINT('',(0.,0.,873.394));
#2242 = DIRECTION('',(0.,0.,1.));
#2243 = DIRECTION('',(1.,0.,-0.));
#2244 = PCURVE('',#2197,#2245);
#2245 = DEFINITIONAL_REPRESENTATION('',(#2246),#2250);
#2246 = LINE('',#2247,#2248);
#2247 = CARTESIAN_POINT('',(0.,4.563));
#2248 = VECTOR('',#2249,1.);
#2249 = DIRECTION('',(1.,0.));
#2250 = ( GEOMETRIC_REPRESENTATION_CONTEXT(2) 
PARAMETRIC_REPRESENTATION_CONTEXT() REPRESENTATION_CONTEXT('2D SPACE',''
  ) );
#2251 = PCURVE('',#2252,#2257);
#2252 = CONICAL_SURFACE('',#2253,52.104255291787,1.657776986864E-02);
#2253 = AXIS2_PLACEMENT_3D('',#2254,#2255,#2256);
#2254 = CARTESIAN_POINT('',(0.,0.,873.394));
#2255 = DIRECTION('',(0.,0.,1.));
#2256 = DIRECTION('',(1.,0.,-0.));
#2257 = DEFINITIONAL_REPRESENTATION('',(#2258),#2262);
#2258 = LINE('',#2259,#2260);
#2259 = CARTESIAN_POINT('',(0.,0.));
#2260 = VECTOR('',#2261,1.);
#2261 = DIRECTION('',(1.,0.));
#2262 = ( GEOMETRIC_REPRESENTATION_CONTEXT(2) 
PARAMETRIC_REPRESENTATION_CONTEXT() REPRESENTATION_CONTEXT('2D SPACE',''
  ) );
#2263 = ORIENTED_EDGE('',*,*,#2214,.F.);
#2264 = ADVANCED_FACE('',(#2265),#2252,.T.);
#2265 = FACE_BOUND('',#2266,.T.);
#2266 = EDGE_LOOP('',(#2267,#2268,#2291,#2318));
#2267 = ORIENTED_EDGE('',*,*,#2237,.T.);
#2268 = ORIENTED_EDGE('',*,*,#2269,.T.);
#2269 = EDGE_CURVE('',#2215,#2270,#2272,.T.);
#2270 = VERTEX_POINT('',#2271);
#2271 = CARTESIAN_POINT('',(52.179906586049,0.,877.957));
#2272 = SEAM_CURVE('',#2273,(#2277,#2284),.PCURVE_S1.);
#2273 = LINE('',#2274,#2275);
#2274 = CARTESIAN_POINT('',(52.104255291787,0.,873.394));
#2275 = VECTOR('',#2276,1.);
#2276 = DIRECTION('',(1.657701055518E-02,0.,0.99986259192));
#2277 = PCURVE('',#2252,#2278);
#2278 = DEFINITIONAL_REPRESENTATION('',(#2279),#2283);
#2279 = LINE('',#2280,#2281);
#2280 = CARTESIAN_POINT('',(0.,0.));
#2281 = VECTOR('',#2282,1.);
#2282 = DIRECTION('',(0.,1.));
#2283 = ( GEOMETRIC_REPRESENTATION_CONTEXT(2) 
PARAMETRIC_REPRESENTATION_CONTEXT() REPRESENTATION_CONTEXT('2D SPACE',''
  ) );
#2284 = PCURVE('',#2252,#2285);
#2285 = DEFINITIONAL_REPRESENTATION('',(#2286),#2290);
#2286 = LINE('',#2287,#2288);
#2287 = CARTESIAN_POINT('',(6.28318530718,0.));
#2288 = VECTOR('',#2289,1.);
#2289 = DIRECTION('',(0.,1.));
#2290 = ( GEOMETRIC_REPRESENTATION_CONTEXT(2) 
PARAMETRIC_REPRESENTATION_CONTEXT() REPRESENTATION_CONTEXT('2D SPACE',''
  ) );
#2291 = ORIENTED_EDGE('',*,*,#2292,.F.);
#2292 = EDGE_CURVE('',#2270,#2270,#2293,.T.);
#2293 = SURFACE_CURVE('',#2294,(#2299,#2306),.PCURVE_S1.);
#2294 = CIRCLE('',#2295,52.179906586049);
#2295 = AXIS2_PLACEMENT_3D('',#2296,#2297,#2298);
#2296 = CARTESIAN_POINT('',(0.,0.,877.957));
#2297 = DIRECTION('',(0.,0.,1.));
#2298 = DIRECTION('',(1.,0.,-0.));
#2299 = PCURVE('',#2252,#2300);
#2300 = DEFINITIONAL_REPRESENTATION('',(#2301),#2305);
#2301 = LINE('',#2302,#2303);
#2302 = CARTESIAN_POINT('',(0.,4.563));
#2303 = VECTOR('',#2304,1.);
#2304 = DIRECTION('',(1.,0.));
#2305 = ( GEOMETRIC_REPRESENTATION_CONTEXT(2) 
PARAMETRIC_REPRESENTATION_CONTEXT() REPRESENTATION_CONTEXT('2D SPACE',''
  ) );
#2306 = PCURVE('',#2307,#2312);
#2307 = CONICAL_SURFACE('',#2308,52.179906586049,1.592687882354E-02);
#2308 = AXIS2_PLACEMENT_3D('',#2309,#2310,#2311);
#2309 = CARTESIAN_POINT('',(0.,0.,877.957));
#2310 = DIRECTION('',(0.,0.,1.));
#2311 = DIRECTION('',(1.,0.,-0.));
#2312 = DEFINITIONAL_REPRESENTATION('',(#2313),#2317);
#2313 = LINE('',#2314,#2315);
#2314 = CARTESIAN_POINT('',(0.,0.));
#2315 = VECTOR('',#2316,1.);
#2316 = DIRECTION('',(1.,0.));
#2317 = ( GEOMETRIC_REPRESENTATION_CONTEXT(2) 
PARAMETRIC_REPRESENTATION_CONTEXT() REPRESENTATION_CONTEXT('2D SPACE',''
  ) );
#2318 = ORIENTED_EDGE('',*,*,#2269,.F.);
#2319 = ADVANCED_FACE('',(#2320),#2307,.T.);
#2320 = FACE_BOUND('',#2321,.T.);
#2321 = EDGE_LOOP('',(#2322,#2323,#2346,#2373));
#2322 = ORIENTED_EDGE('',*,*,#2292,.T.);
#2323 = ORIENTED_EDGE('',*,*,#2324,.T.);
#2324 = EDGE_CURVE('',#2270,#2325,#2327,.T.);
#2325 = VERTEX_POINT('',#2326);
#2326 = CARTESIAN_POINT('',(52.252587079735,0.,882.52));
#2327 = SEAM_CURVE('',#2328,(#2332,#2339),.PCURVE_S1.);
#2328 = LINE('',#2329,#2330);
#2329 = CARTESIAN_POINT('',(52.179906586049,0.,877.957));
#2330 = VECTOR('',#2331,1.);
#2331 = DIRECTION('',(1.592620548221E-02,0.,0.999873169947));
#2332 = PCURVE('',#2307,#2333);
#2333 = DEFINITIONAL_REPRESENTATION('',(#2334),#2338);
#2334 = LINE('',#2335,#2336);
#2335 = CARTESIAN_POINT('',(0.,0.));
#2336 = VECTOR('',#2337,1.);
#2337 = DIRECTION('',(0.,1.));
#2338 = ( GEOMETRIC_REPRESENTATION_CONTEXT(2) 
PARAMETRIC_REPRESENTATION_CONTEXT() REPRESENTATION_CONTEXT('2D SPACE',''
  ) );
#2339 = PCURVE('',#2307,#2340);
#2340 = DEFINITIONAL_REPRESENTATION('',(#2341),#2345);
#2341 = LINE('',#2342,#2343);
#2342 = CARTESIAN_POINT('',(6.28318530718,0.));
#2343 = VECTOR('',#2344,1.);
#2344 = DIRECTION('',(0.,1.));
#2345 = ( GEOMETRIC_REPRESENTATION_CONTEXT(2) 
PARAMETRIC_REPRESENTATION_CONTEXT() REPRESENTATION_CONTEXT('2D SPACE',''
  ) );
#2346 = ORIENTED_EDGE('',*,*,#2347,.F.);
#2347 = EDGE_CURVE('',#2325,#2325,#2348,.T.);
#2348 = SURFACE_CURVE('',#2349,(#2354,#2361),.PCURVE_S1.);
#2349 = CIRCLE('',#2350,52.252587079735);
#2350 = AXIS2_PLACEMENT_3D('',#2351,#2352,#2353);
#2351 = CARTESIAN_POINT('',(0.,0.,882.52));
#2352 = DIRECTION('',(0.,0.,1.));
#2353 = DIRECTION('',(1.,0.,-0.));
#2354 = PCURVE('',#2307,#2355);
#2355 = DEFINITIONAL_REPRESENTATION('',(#2356),#2360);
#2356 = LINE('',#2357,#2358);
#2357 = CARTESIAN_POINT('',(0.,4.563));
#2358 = VECTOR('',#2359,1.);
#2359 = DIRECTION('',(1.,0.));
#2360 = ( GEOMETRIC_REPRESENTATION_CONTEXT(2) 
PARAMETRIC_REPRESENTATION_CONTEXT() REPRESENTATION_CONTEXT('2D SPACE',''
  ) );
#2361 = PCURVE('',#2362,#2367);
#2362 = CONICAL_SURFACE('',#2363,52.252587079735,1.52642609757E-02);
#2363 = AXIS2_PLACEMENT_3D('',#2364,#2365,#2366);
#2364 = CARTESIAN_POINT('',(0.,0.,882.52));
#2365 = DIRECTION('',(0.,0.,1.));
#2366 = DIRECTION('',(1.,0.,-0.));
#2367 = DEFINITIONAL_REPRESENTATION('',(#2368),#2372);
#2368 = LINE('',#2369,#2370);
#2369 = CARTESIAN_POINT('',(0.,0.));
#2370 = VECTOR('',#2371,1.);
#2371 = DIRECTION('',(1.,0.));
#2372 = ( GEOMETRIC_REPRESENTATION_CONTEXT(2) 
PARAMETRIC_REPRESENTATION_CONTEXT() REPRESENTATION_CONTEXT('2D SPACE',''
  ) );
#2373 = ORIENTED_EDGE('',*,*,#2324,.F.);
#2374 = ADVANCED_FACE('',(#2375),#2362,.T.);
#2375 = FACE_BOUND('',#2376,.T.);
#2376 = EDGE_LOOP('',(#2377,#2378,#2401,#2428));
#2377 = ORIENTED_EDGE('',*,*,#2347,.T.);
#2378 = ORIENTED_EDGE('',*,*,#2379,.T.);
#2379 = EDGE_CURVE('',#2325,#2380,#2382,.T.);
#2380 = VERTEX_POINT('',#2381);
#2381 = CARTESIAN_POINT('',(52.322243312565,0.,887.083));
#2382 = SEAM_CURVE('',#2383,(#2387,#2394),.PCURVE_S1.);
#2383 = LINE('',#2384,#2385);
#2384 = CARTESIAN_POINT('',(52.252587079735,0.,882.52));
#2385 = VECTOR('',#2386,1.);
#2386 = DIRECTION('',(1.526366822641E-02,0.,0.99988350343));
#2387 = PCURVE('',#2362,#2388);
#2388 = DEFINITIONAL_REPRESENTATION('',(#2389),#2393);
#2389 = LINE('',#2390,#2391);
#2390 = CARTESIAN_POINT('',(0.,0.));
#2391 = VECTOR('',#2392,1.);
#2392 = DIRECTION('',(0.,1.));
#2393 = ( GEOMETRIC_REPRESENTATION_CONTEXT(2) 
PARAMETRIC_REPRESENTATION_CONTEXT() REPRESENTATION_CONTEXT('2D SPACE',''
  ) );
#2394 = PCURVE('',#2362,#2395);
#2395 = DEFINITIONAL_REPRESENTATION('',(#2396),#2400);
#2396 = LINE('',#2397,#2398);
#2397 = CARTESIAN_POINT('',(6.28318530718,0.));
#2398 = VECTOR('',#2399,1.);
#2399 = DIRECTION('',(0.,1.));
#2400 = ( GEOMETRIC_REPRESENTATION_CONTEXT(2) 
PARAMETRIC_REPRESENTATION_CONTEXT() REPRESENTATION_CONTEXT('2D SPACE',''
  ) );
#2401 = ORIENTED_EDGE('',*,*,#2402,.F.);
#2402 = EDGE_CURVE('',#2380,#2380,#2403,.T.);
#2403 = SURFACE_CURVE('',#2404,(#2409,#2416),.PCURVE_S1.);
#2404 = CIRCLE('',#2405,52.322243312565);
#2405 = AXIS2_PLACEMENT_3D('',#2406,#2407,#2408);
#2406 = CARTESIAN_POINT('',(0.,0.,887.083));
#2407 = DIRECTION('',(0.,0.,1.));
#2408 = DIRECTION('',(1.,0.,-0.));
#2409 = PCURVE('',#2362,#2410);
#2410 = DEFINITIONAL_REPRESENTATION('',(#2411),#2415);
#2411 = LINE('',#2412,#2413);
#2412 = CARTESIAN_POINT('',(0.,4.563));
#2413 = VECTOR('',#2414,1.);
#2414 = DIRECTION('',(1.,0.));
#2415 = ( GEOMETRIC_REPRESENTATION_CONTEXT(2) 
PARAMETRIC_REPRESENTATION_CONTEXT() REPRESENTATION_CONTEXT('2D SPACE',''
  ) );
#2416 = PCURVE('',#2417,#2422);
#2417 = CONICAL_SURFACE('',#2418,52.322243312565,1.458991618051E-02);
#2418 = AXIS2_PLACEMENT_3D('',#2419,#2420,#2421);
#2419 = CARTESIAN_POINT('',(0.,0.,887.083));
#2420 = DIRECTION('',(0.,0.,1.));
#2421 = DIRECTION('',(1.,0.,-0.));
#2422 = DEFINITIONAL_REPRESENTATION('',(#2423),#2427);
#2423 = LINE('',#2424,#2425);
#2424 = CARTESIAN_POINT('',(0.,0.));
#2425 = VECTOR('',#2426,1.);
#2426 = DIRECTION('',(1.,0.));
#2427 = ( GEOMETRIC_REPRESENTATION_CONTEXT(2) 
PARAMETRIC_REPRESENTATION_CONTEXT() REPRESENTATION_CONTEXT('2D SPACE',''
  ) );
#2428 = ORIENTED_EDGE('',*,*,#2379,.F.);
#2429 = ADVANCED_FACE('',(#2430),#2417,.T.);
#2430 = FACE_BOUND('',#2431,.T.);
#2431 = EDGE_LOOP('',(#2432,#2433,#2456,#2483));
#2432 = ORIENTED_EDGE('',*,*,#2402,.T.);
#2433 = ORIENTED_EDGE('',*,*,#2434,.T.);
#2434 = EDGE_CURVE('',#2380,#2435,#2437,.T.);
#2435 = VERTEX_POINT('',#2436);
#2436 = CARTESIAN_POINT('',(52.388821824256,0.,891.646));
#2437 = SEAM_CURVE('',#2438,(#2442,#2449),.PCURVE_S1.);
#2438 = LINE('',#2439,#2440);
#2439 = CARTESIAN_POINT('',(52.322243312565,0.,887.083));
#2440 = VECTOR('',#2441,1.);
#2441 = DIRECTION('',(1.458939857068E-02,0.,0.999893569061));
#2442 = PCURVE('',#2417,#2443);
#2443 = DEFINITIONAL_REPRESENTATION('',(#2444),#2448);
#2444 = LINE('',#2445,#2446);
#2445 = CARTESIAN_POINT('',(0.,0.));
#2446 = VECTOR('',#2447,1.);
#2447 = DIRECTION('',(0.,1.));
#2448 = ( GEOMETRIC_REPRESENTATION_CONTEXT(2) 
PARAMETRIC_REPRESENTATION_CONTEXT() REPRESENTATION_CONTEXT('2D SPACE',''
  ) );
#2449 = PCURVE('',#2417,#2450);
#2450 = DEFINITIONAL_REPRESENTATION('',(#2451),#2455);
#2451 = LINE('',#2452,#2453);
#2452 = CARTESIAN_POINT('',(6.28318530718,0.));
#2453 = VECTOR('',#2454,1.);
#2454 = DIRECTION('',(0.,1.));
#2455 = ( GEOMETRIC_REPRESENTATION_CONTEXT(2) 
PARAMETRIC_REPRESENTATION_CONTEXT() REPRESENTATION_CONTEXT('2D SPACE',''
  ) );
#2456 = ORIENTED_EDGE('',*,*,#2457,.F.);
#2457 = EDGE_CURVE('',#2435,#2435,#2458,.T.);
#2458 = SURFACE_CURVE('',#2459,(#2464,#2471),.PCURVE_S1.);
#2459 = CIRCLE('',#2460,52.388821824256);
#2460 = AXIS2_PLACEMENT_3D('',#2461,#2462,#2463);
#2461 = CARTESIAN_POINT('',(0.,0.,891.646));
#2462 = DIRECTION('',(0.,0.,1.));
#2463 = DIRECTION('',(1.,0.,-0.));
#2464 = PCURVE('',#2417,#2465);
#2465 = DEFINITIONAL_REPRESENTATION('',(#2466),#2470);
#2466 = LINE('',#2467,#2468);
#2467 = CARTESIAN_POINT('',(0.,4.563));
#2468 = VECTOR('',#2469,1.);
#2469 = DIRECTION('',(1.,0.));
#2470 = ( GEOMETRIC_REPRESENTATION_CONTEXT(2) 
PARAMETRIC_REPRESENTATION_CONTEXT() REPRESENTATION_CONTEXT('2D SPACE',''
  ) );
#2471 = PCURVE('',#2472,#2477);
#2472 = CONICAL_SURFACE('',#2473,52.388821824256,1.390384434365E-02);
#2473 = AXIS2_PLACEMENT_3D('',#2474,#2475,#2476);
#2474 = CARTESIAN_POINT('',(0.,0.,891.646));
#2475 = DIRECTION('',(0.,0.,1.));
#2476 = DIRECTION('',(1.,0.,-0.));
#2477 = DEFINITIONAL_REPRESENTATION('',(#2478),#2482);
#2478 = LINE('',#2479,#2480);
#2479 = CARTESIAN_POINT('',(0.,0.));
#2480 = VECTOR('',#2481,1.);
#2481 = DIRECTION('',(1.,0.));
#2482 = ( GEOMETRIC_REPRESENTATION_CONTEXT(2) 
PARAMETRIC_REPRESENTATION_CONTEXT() REPRESENTATION_CONTEXT('2D SPACE',''
  ) );
#2483 = ORIENTED_EDGE('',*,*,#2434,.F.);
#2484 = ADVANCED_FACE('',(#2485),#2472,.T.);
#2485 = FACE_BOUND('',#2486,.T.);
#2486 = EDGE_LOOP('',(#2487,#2488,#2511,#2538));
#2487 = ORIENTED_EDGE('',*,*,#2457,.T.);
#2488 = ORIENTED_EDGE('',*,*,#2489,.T.);
#2489 = EDGE_CURVE('',#2435,#2490,#2492,.T.);
#2490 = VERTEX_POINT('',#2491);
#2491 = CARTESIAN_POINT('',(52.452269154529,0.,896.209));
#2492 = SEAM_CURVE('',#2493,(#2497,#2504),.PCURVE_S1.);
#2493 = LINE('',#2494,#2495);
#2494 = CARTESIAN_POINT('',(52.388821824256,0.,891.646));
#2495 = VECTOR('',#2496,1.);
#2496 = DIRECTION('',(1.390339637333E-02,0.,0.999903343113));
#2497 = PCURVE('',#2472,#2498);
#2498 = DEFINITIONAL_REPRESENTATION('',(#2499),#2503);
#2499 = LINE('',#2500,#2501);
#2500 = CARTESIAN_POINT('',(0.,0.));
#2501 = VECTOR('',#2502,1.);
#2502 = DIRECTION('',(0.,1.));
#2503 = ( GEOMETRIC_REPRESENTATION_CONTEXT(2) 
PARAMETRIC_REPRESENTATION_CONTEXT() REPRESENTATION_CONTEXT('2D SPACE',''
  ) );
#2504 = PCURVE('',#2472,#2505);
#2505 = DEFINITIONAL_REPRESENTATION('',(#2506),#2510);
#2506 = LINE('',#2507,#2508);
#2507 = CARTESIAN_POINT('',(6.28318530718,0.));
#2508 = VECTOR('',#2509,1.);
#2509 = DIRECTION('',(0.,1.));
#2510 = ( GEOMETRIC_REPRESENTATION_CONTEXT(2) 
PARAMETRIC_REPRESENTATION_CONTEXT() REPRESENTATION_CONTEXT('2D SPACE',''
  ) );
#2511 = ORIENTED_EDGE('',*,*,#2512,.F.);
#2512 = EDGE_CURVE('',#2490,#2490,#2513,.T.);
#2513 = SURFACE_CURVE('',#2514,(#2519,#2526),.PCURVE_S1.);
#2514 = CIRCLE('',#2515,52.452269154529);
#2515 = AXIS2_PLACEMENT_3D('',#2516,#2517,#2518);
#2516 = CARTESIAN_POINT('',(0.,0.,896.209));
#2517 = DIRECTION('',(0.,0.,1.));
#2518 = DIRECTION('',(1.,0.,-0.));
#2519 = PCURVE('',#2472,#2520);
#2520 = DEFINITIONAL_REPRESENTATION('',(#2521),#2525);
#2521 = LINE('',#2522,#2523);
#2522 = CARTESIAN_POINT('',(0.,4.563));
#2523 = VECTOR('',#2524,1.);
#2524 = DIRECTION('',(1.,0.));
#2525 = ( GEOMETRIC_REPRESENTATION_CONTEXT(2) 
PARAMETRIC_REPRESENTATION_CONTEXT() REPRESENTATION_CONTEXT('2D SPACE',''
  ) );
#2526 = PCURVE('',#2527,#2532);
#2527 = CONICAL_SURFACE('',#2528,52.452269154529,1.320604542387E-02);
#2528 = AXIS2_PLACEMENT_3D('',#2529,#2530,#2531);
#2529 = CARTESIAN_POINT('',(0.,0.,896.209));
#2530 = DIRECTION('',(0.,0.,1.));
#2531 = DIRECTION('',(1.,0.,-0.));
#2532 = DEFINITIONAL_REPRESENTATION('',(#2533),#2537);
#2533 = LINE('',#2534,#2535);
#2534 = CARTESIAN_POINT('',(0.,0.));
#2535 = VECTOR('',#2536,1.);
#2536 = DIRECTION('',(1.,0.));
#2537 = ( GEOMETRIC_REPRESENTATION_CONTEXT(2) 
PARAMETRIC_REPRESENTATION_CONTEXT() REPRESENTATION_CONTEXT('2D SPACE',''
  ) );
#2538 = ORIENTED_EDGE('',*,*,#2489,.F.);
#2539 = ADVANCED_FACE('',(#2540),#2527,.T.);
#2540 = FACE_BOUND('',#2541,.T.);
#2541 = EDGE_LOOP('',(#2542,#2543,#2566,#2593));
#2542 = ORIENTED_EDGE('',*,*,#2512,.T.);
#2543 = ORIENTED_EDGE('',*,*,#2544,.T.);
#2544 = EDGE_CURVE('',#2490,#2545,#2547,.T.);
#2545 = VERTEX_POINT('',#2546);
#2546 = CARTESIAN_POINT('',(52.512531843103,0.,900.772));
#2547 = SEAM_CURVE('',#2548,(#2552,#2559),.PCURVE_S1.);
#2548 = LINE('',#2549,#2550);
#2549 = CARTESIAN_POINT('',(52.452269154529,0.,896.209));
#2550 = VECTOR('',#2551,1.);
#2551 = DIRECTION('',(1.32056615723E-02,0.,0.999912801449));
#2552 = PCURVE('',#2527,#2553);
#2553 = DEFINITIONAL_REPRESENTATION('',(#2554),#2558);
#2554 = LINE('',#2555,#2556);
#2555 = CARTESIAN_POINT('',(0.,0.));
#2556 = VECTOR('',#2557,1.);
#2557 = DIRECTION('',(0.,1.));
#2558 = ( GEOMETRIC_REPRESENTATION_CONTEXT(2) 
PARAMETRIC_REPRESENTATION_CONTEXT() REPRESENTATION_CONTEXT('2D SPACE',''
  ) );
#2559 = PCURVE('',#2527,#2560);
#2560 = DEFINITIONAL_REPRESENTATION('',(#2561),#2565);
#2561 = LINE('',#2562,#2563);
#2562 = CARTESIAN_POINT('',(6.28318530718,0.));
#2563 = VECTOR('',#2564,1.);
#2564 = DIRECTION('',(0.,1.));
#2565 = ( GEOMETRIC_REPRESENTATION_CONTEXT(2) 
PARAMETRIC_REPRESENTATION_CONTEXT() REPRESENTATION_CONTEXT('2D SPACE',''
  ) );
#2566 = ORIENTED_EDGE('',*,*,#2567,.F.);
#2567 = EDGE_CURVE('',#2545,#2545,#2568,.T.);
#2568 = SURFACE_CURVE('',#2569,(#2574,#2581),.PCURVE_S1.);
#2569 = CIRCLE('',#2570,52.512531843103);
#2570 = AXIS2_PLACEMENT_3D('',#2571,#2572,#2573);
#2571 = CARTESIAN_POINT('',(0.,0.,900.772));
#2572 = DIRECTION('',(0.,0.,1.));
#2573 = DIRECTION('',(1.,0.,-0.));
#2574 = PCURVE('',#2527,#2575);
#2575 = DEFINITIONAL_REPRESENTATION('',(#2576),#2580);
#2576 = LINE('',#2577,#2578);
#2577 = CARTESIAN_POINT('',(0.,4.563));
#2578 = VECTOR('',#2579,1.);
#2579 = DIRECTION('',(1.,0.));
#2580 = ( GEOMETRIC_REPRESENTATION_CONTEXT(2) 
PARAMETRIC_REPRESENTATION_CONTEXT() REPRESENTATION_CONTEXT('2D SPACE',''
  ) );
#2581 = PCURVE('',#2582,#2587);
#2582 = CONICAL_SURFACE('',#2583,52.512531843103,1.249651943579E-02);
#2583 = AXIS2_PLACEMENT_3D('',#2584,#2585,#2586);
#2584 = CARTESIAN_POINT('',(0.,0.,900.772));
#2585 = DIRECTION('',(0.,0.,1.));
#2586 = DIRECTION('',(1.,0.,-0.));
#2587 = DEFINITIONAL_REPRESENTATION('',(#2588),#2592);
#2588 = LINE('',#2589,#2590);
#2589 = CARTESIAN_POINT('',(0.,0.));
#2590 = VECTOR('',#2591,1.);
#2591 = DIRECTION('',(1.,0.));
#2592 = ( GEOMETRIC_REPRESENTATION_CONTEXT(2) 
PARAMETRIC_REPRESENTATION_CONTEXT() REPRESENTATION_CONTEXT('2D SPACE',''
  ) );
#2593 = ORIENTED_EDGE('',*,*,#2544,.F.);
#2594 = ADVANCED_FACE('',(#2595),#2582,.T.);
#2595 = FACE_BOUND('',#2596,.T.);
#2596 = EDGE_LOOP('',(#2597,#2598,#2621,#2648));
#2597 = ORIENTED_EDGE('',*,*,#2567,.T.);
#2598 = ORIENTED_EDGE('',*,*,#2599,.T.);
#2599 = EDGE_CURVE('',#2545,#2600,#2602,.T.);
#2600 = VERTEX_POINT('',#2601);
#2601 = CARTESIAN_POINT('',(52.569556429696,0.,905.335));
#2602 = SEAM_CURVE('',#2603,(#2607,#2614),.PCURVE_S1.);
#2603 = LINE('',#2604,#2605);
#2604 = CARTESIAN_POINT('',(52.512531843103,0.,900.772));
#2605 = VECTOR('',#2606,1.);
#2606 = DIRECTION('',(1.249619418934E-02,0.,0.999921919517));
#2607 = PCURVE('',#2582,#2608);
#2608 = DEFINITIONAL_REPRESENTATION('',(#2609),#2613);
#2609 = LINE('',#2610,#2611);
#2610 = CARTESIAN_POINT('',(0.,0.));
#2611 = VECTOR('',#2612,1.);
#2612 = DIRECTION('',(0.,1.));
#2613 = ( GEOMETRIC_REPRESENTATION_CONTEXT(2) 
PARAMETRIC_REPRESENTATION_CONTEXT() REPRESENTATION_CONTEXT('2D SPACE',''
  ) );
#2614 = PCURVE('',#2582,#2615);
#2615 = DEFINITIONAL_REPRESENTATION('',(#2616),#2620);
#2616 = LINE('',#2617,#2618);
#2617 = CARTESIAN_POINT('',(6.28318530718,0.));
#2618 = VECTOR('',#2619,1.);
#2619 = DIRECTION('',(0.,1.));
#2620 = ( GEOMETRIC_REPRESENTATION_CONTEXT(2) 
PARAMETRIC_REPRESENTATION_CONTEXT() REPRESENTATION_CONTEXT('2D SPACE',''
  ) );
#2621 = ORIENTED_EDGE('',*,*,#2622,.F.);
#2622 = EDGE_CURVE('',#2600,#2600,#2623,.T.);
#2623 = SURFACE_CURVE('',#2624,(#2629,#2636),.PCURVE_S1.);
#2624 = CIRCLE('',#2625,52.569556429696);
#2625 = AXIS2_PLACEMENT_3D('',#2626,#2627,#2628);
#2626 = CARTESIAN_POINT('',(0.,0.,905.335));
#2627 = DIRECTION('',(0.,0.,1.));
#2628 = DIRECTION('',(1.,0.,-0.));
#2629 = PCURVE('',#2582,#2630);
#2630 = DEFINITIONAL_REPRESENTATION('',(#2631),#2635);
#2631 = LINE('',#2632,#2633);
#2632 = CARTESIAN_POINT('',(0.,4.563));
#2633 = VECTOR('',#2634,1.);
#2634 = DIRECTION('',(1.,0.));
#2635 = ( GEOMETRIC_REPRESENTATION_CONTEXT(2) 
PARAMETRIC_REPRESENTATION_CONTEXT() REPRESENTATION_CONTEXT('2D SPACE',''
  ) );
#2636 = PCURVE('',#2637,#2642);
#2637 = CONICAL_SURFACE('',#2638,52.569556429696,1.177526645284E-02);
#2638 = AXIS2_PLACEMENT_3D('',#2639,#2640,#2641);
#2639 = CARTESIAN_POINT('',(0.,0.,905.335));
#2640 = DIRECTION('',(0.,0.,1.));
#2641 = DIRECTION('',(1.,0.,-0.));
#2642 = DEFINITIONAL_REPRESENTATION('',(#2643),#2647);
#2643 = LINE('',#2644,#2645);
#2644 = CARTESIAN_POINT('',(0.,0.));
#2645 = VECTOR('',#2646,1.);
#2646 = DIRECTION('',(1.,0.));
#2647 = ( GEOMETRIC_REPRESENTATION_CONTEXT(2) 
PARAMETRIC_REPRESENTATION_CONTEXT() REPRESENTATION_CONTEXT('2D SPACE',''
  ) );
#2648 = ORIENTED_EDGE('',*,*,#2599,.F.);
#2649 = ADVANCED_FACE('',(#2650),#2637,.T.);
#2650 = FACE_BOUND('',#2651,.T.);
#2651 = EDGE_LOOP('',(#2652,#2653,#2676,#2703));
#2652 = ORIENTED_EDGE('',*,*,#2622,.T.);
#2653 = ORIENTED_EDGE('',*,*,#2654,.T.);
#2654 = EDGE_CURVE('',#2600,#2655,#2657,.T.);
#2655 = VERTEX_POINT('',#2656);
#2656 = CARTESIAN_POINT('',(52.623289454028,0.,909.898));
#2657 = SEAM_CURVE('',#2658,(#2662,#2669),.PCURVE_S1.);
#2658 = LINE('',#2659,#2660);
#2659 = CARTESIAN_POINT('',(52.569556429696,0.,905.335));
#2660 = VECTOR('',#2661,1.);
#2661 = DIRECTION('',(1.177499433441E-02,0.,0.999930672351));
#2662 = PCURVE('',#2637,#2663);
#2663 = DEFINITIONAL_REPRESENTATION('',(#2664),#2668);
#2664 = LINE('',#2665,#2666);
#2665 = CARTESIAN_POINT('',(0.,0.));
#2666 = VECTOR('',#2667,1.);
#2667 = DIRECTION('',(0.,1.));
#2668 = ( GEOMETRIC_REPRESENTATION_CONTEXT(2) 
PARAMETRIC_REPRESENTATION_CONTEXT() REPRESENTATION_CONTEXT('2D SPACE',''
  ) );
#2669 = PCURVE('',#2637,#2670);
#2670 = DEFINITIONAL_REPRESENTATION('',(#2671),#2675);
#2671 = LINE('',#2672,#2673);
#2672 = CARTESIAN_POINT('',(6.28318530718,0.));
#2673 = VECTOR('',#2674,1.);
#2674 = DIRECTION('',(0.,1.));
#2675 = ( GEOMETRIC_REPRESENTATION_CONTEXT(2) 
PARAMETRIC_REPRESENTATION_CONTEXT() REPRESENTATION_CONTEXT('2D SPACE',''
  ) );
#2676 = ORIENTED_EDGE('',*,*,#2677,.F.);
#2677 = EDGE_CURVE('',#2655,#2655,#2678,.T.);
#2678 = SURFACE_CURVE('',#2679,(#2684,#2691),.PCURVE_S1.);
#2679 = CIRCLE('',#2680,52.623289454028);
#2680 = AXIS2_PLACEMENT_3D('',#2681,#2682,#2683);
#2681 = CARTESIAN_POINT('',(0.,0.,909.898));
#2682 = DIRECTION('',(0.,0.,1.));
#2683 = DIRECTION('',(1.,0.,-0.));
#2684 = PCURVE('',#2637,#2685);
#2685 = DEFINITIONAL_REPRESENTATION('',(#2686),#2690);
#2686 = LINE('',#2687,#2688);
#2687 = CARTESIAN_POINT('',(0.,4.563));
#2688 = VECTOR('',#2689,1.);
#2689 = DIRECTION('',(1.,0.));
#2690 = ( GEOMETRIC_REPRESENTATION_CONTEXT(2) 
PARAMETRIC_REPRESENTATION_CONTEXT() REPRESENTATION_CONTEXT('2D SPACE',''
  ) );
#2691 = PCURVE('',#2692,#2697);
#2692 = CONICAL_SURFACE('',#2693,52.623289454028,1.104228661014E-02);
#2693 = AXIS2_PLACEMENT_3D('',#2694,#2695,#2696);
#2694 = CARTESIAN_POINT('',(0.,0.,909.898));
#2695 = DIRECTION('',(0.,0.,1.));
#2696 = DIRECTION('',(1.,0.,-0.));
#2697 = DEFINITIONAL_REPRESENTATION('',(#2698),#2702);
#2698 = LINE('',#2699,#2700);
#2699 = CARTESIAN_POINT('',(0.,0.));
#2700 = VECTOR('',#2701,1.);
#2701 = DIRECTION('',(1.,0.));
#2702 = ( GEOMETRIC_REPRESENTATION_CONTEXT(2) 
PARAMETRIC_REPRESENTATION_CONTEXT() REPRESENTATION_CONTEXT('2D SPACE',''
  ) );
#2703 = ORIENTED_EDGE('',*,*,#2654,.F.);
#2704 = ADVANCED_FACE('',(#2705),#2692,.T.);
#2705 = FACE_BOUND('',#2706,.T.);
#2706 = EDGE_LOOP('',(#2707,#2708,#2731,#2758));
#2707 = ORIENTED_EDGE('',*,*,#2677,.T.);
#2708 = ORIENTED_EDGE('',*,*,#2709,.T.);
#2709 = EDGE_CURVE('',#2655,#2710,#2712,.T.);
#2710 = VERTEX_POINT('',#2711);
#2711 = CARTESIAN_POINT('',(52.673677455818,0.,914.461));
#2712 = SEAM_CURVE('',#2713,(#2717,#2724),.PCURVE_S1.);
#2713 = LINE('',#2714,#2715);
#2714 = CARTESIAN_POINT('',(52.623289454028,0.,909.898));
#2715 = VECTOR('',#2716,1.);
#2716 = DIRECTION('',(1.104206220999E-02,0.,0.999939034573));
#2717 = PCURVE('',#2692,#2718);
#2718 = DEFINITIONAL_REPRESENTATION('',(#2719),#2723);
#2719 = LINE('',#2720,#2721);
#2720 = CARTESIAN_POINT('',(0.,0.));
#2721 = VECTOR('',#2722,1.);
#2722 = DIRECTION('',(0.,1.));
#2723 = ( GEOMETRIC_REPRESENTATION_CONTEXT(2) 
PARAMETRIC_REPRESENTATION_CONTEXT() REPRESENTATION_CONTEXT('2D SPACE',''
  ) );
#2724 = PCURVE('',#2692,#2725);
#2725 = DEFINITIONAL_REPRESENTATION('',(#2726),#2730);
#2726 = LINE('',#2727,#2728);
#2727 = CARTESIAN_POINT('',(6.28318530718,0.));
#2728 = VECTOR('',#2729,1.);
#2729 = DIRECTION('',(0.,1.));
#2730 = ( GEOMETRIC_REPRESENTATION_CONTEXT(2) 
PARAMETRIC_REPRESENTATION_CONTEXT() REPRESENTATION_CONTEXT('2D SPACE',''
  ) );
#2731 = ORIENTED_EDGE('',*,*,#2732,.F.);
#2732 = EDGE_CURVE('',#2710,#2710,#2733,.T.);
#2733 = SURFACE_CURVE('',#2734,(#2739,#2746),.PCURVE_S1.);
#2734 = CIRCLE('',#2735,52.673677455818);
#2735 = AXIS2_PLACEMENT_3D('',#2736,#2737,#2738);
#2736 = CARTESIAN_POINT('',(0.,0.,914.461));
#2737 = DIRECTION('',(0.,0.,1.));
#2738 = DIRECTION('',(1.,0.,-0.));
#2739 = PCURVE('',#2692,#2740);
#2740 = DEFINITIONAL_REPRESENTATION('',(#2741),#2745);
#2741 = LINE('',#2742,#2743);
#2742 = CARTESIAN_POINT('',(0.,4.563));
#2743 = VECTOR('',#2744,1.);
#2744 = DIRECTION('',(1.,0.));
#2745 = ( GEOMETRIC_REPRESENTATION_CONTEXT(2) 
PARAMETRIC_REPRESENTATION_CONTEXT() REPRESENTATION_CONTEXT('2D SPACE',''
  ) );
#2746 = PCURVE('',#2747,#2752);
#2747 = CONICAL_SURFACE('',#2748,52.673677455818,1.029758010748E-02);
#2748 = AXIS2_PLACEMENT_3D('',#2749,#2750,#2751);
#2749 = CARTESIAN_POINT('',(0.,0.,914.461));
#2750 = DIRECTION('',(0.,0.,1.));
#2751 = DIRECTION('',(1.,0.,-0.));
#2752 = DEFINITIONAL_REPRESENTATION('',(#2753),#2757);
#2753 = LINE('',#2754,#2755);
#2754 = CARTESIAN_POINT('',(0.,0.));
#2755 = VECTOR('',#2756,1.);
#2756 = DIRECTION('',(1.,0.));
#2757 = ( GEOMETRIC_REPRESENTATION_CONTEXT(2) 
PARAMETRIC_REPRESENTATION_CONTEXT() REPRESENTATION_CONTEXT('2D SPACE',''
  ) );
#2758 = ORIENTED_EDGE('',*,*,#2709,.F.);
#2759 = ADVANCED_FACE('',(#2760),#2747,.T.);
#2760 = FACE_BOUND('',#2761,.T.);
#2761 = EDGE_LOOP('',(#2762,#2763,#2786,#2813));
#2762 = ORIENTED_EDGE('',*,*,#2732,.T.);
#2763 = ORIENTED_EDGE('',*,*,#2764,.T.);
#2764 = EDGE_CURVE('',#2710,#2765,#2767,.T.);
#2765 = VERTEX_POINT('',#2766);
#2766 = CARTESIAN_POINT('',(52.720666974786,0.,919.024));
#2767 = SEAM_CURVE('',#2768,(#2772,#2779),.PCURVE_S1.);
#2768 = LINE('',#2769,#2770);
#2769 = CARTESIAN_POINT('',(52.673677455818,0.,914.461));
#2770 = VECTOR('',#2771,1.);
#2771 = DIRECTION('',(1.029739811561E-02,0.,0.99994698039));
#2772 = PCURVE('',#2747,#2773);
#2773 = DEFINITIONAL_REPRESENTATION('',(#2774),#2778);
#2774 = LINE('',#2775,#2776);
#2775 = CARTESIAN_POINT('',(0.,0.));
#2776 = VECTOR('',#2777,1.);
#2777 = DIRECTION('',(0.,1.));
#2778 = ( GEOMETRIC_REPRESENTATION_CONTEXT(2) 
PARAMETRIC_REPRESENTATION_CONTEXT() REPRESENTATION_CONTEXT('2D SPACE',''
  ) );
#2779 = PCURVE('',#2747,#2780);
#2780 = DEFINITIONAL_REPRESENTATION('',(#2781),#2785);
#2781 = LINE('',#2782,#2783);
#2782 = CARTESIAN_POINT('',(6.28318530718,0.));
#2783 = VECTOR('',#2784,1.);
#2784 = DIRECTION('',(0.,1.));
#2785 = ( GEOMETRIC_REPRESENTATION_CONTEXT(2) 
PARAMETRIC_REPRESENTATION_CONTEXT() REPRESENTATION_CONTEXT('2D SPACE',''
  ) );
#2786 = ORIENTED_EDGE('',*,*,#2787,.F.);
#2787 = EDGE_CURVE('',#2765,#2765,#2788,.T.);
#2788 = SURFACE_CURVE('',#2789,(#2794,#2801),.PCURVE_S1.);
#2789 = CIRCLE('',#2790,52.720666974786);
#2790 = AXIS2_PLACEMENT_3D('',#2791,#2792,#2793);
#2791 = CARTESIAN_POINT('',(0.,0.,919.024));
#2792 = DIRECTION('',(0.,0.,1.));
#2793 = DIRECTION('',(1.,0.,-0.));
#2794 = PCURVE('',#2747,#2795);
#2795 = DEFINITIONAL_REPRESENTATION('',(#2796),#2800);
#2796 = LINE('',#2797,#2798);
#2797 = CARTESIAN_POINT('',(0.,4.563));
#2798 = VECTOR('',#2799,1.);
#2799 = DIRECTION('',(1.,0.));
#2800 = ( GEOMETRIC_REPRESENTATION_CONTEXT(2) 
PARAMETRIC_REPRESENTATION_CONTEXT() REPRESENTATION_CONTEXT('2D SPACE',''
  ) );
#2801 = PCURVE('',#2802,#2807);
#2802 = CONICAL_SURFACE('',#2803,52.720666974786,9.541147212377E-03);
#2803 = AXIS2_PLACEMENT_3D('',#2804,#2805,#2806);
#2804 = CARTESIAN_POINT('',(0.,0.,919.024));
#2805 = DIRECTION('',(0.,0.,1.));
#2806 = DIRECTION('',(1.,0.,-0.));
#2807 = DEFINITIONAL_REPRESENTATION('',(#2808),#2812);
#2808 = LINE('',#2809,#2810);
#2809 = CARTESIAN_POINT('',(0.,0.));
#2810 = VECTOR('',#2811,1.);
#2811 = DIRECTION('',(1.,0.));
#2812 = ( GEOMETRIC_REPRESENTATION_CONTEXT(2) 
PARAMETRIC_REPRESENTATION_CONTEXT() REPRESENTATION_CONTEXT('2D SPACE',''
  ) );
#2813 = ORIENTED_EDGE('',*,*,#2764,.F.);
#2814 = ADVANCED_FACE('',(#2815),#2802,.T.);
#2815 = FACE_BOUND('',#2816,.T.);
#2816 = EDGE_LOOP('',(#2817,#2818,#2841,#2868));
#2817 = ORIENTED_EDGE('',*,*,#2787,.T.);
#2818 = ORIENTED_EDGE('',*,*,#2819,.T.);
#2819 = EDGE_CURVE('',#2765,#2820,#2822,.T.);
#2820 = VERTEX_POINT('',#2821);
#2821 = CARTESIAN_POINT('',(52.76420455065,0.,923.587));
#2822 = SEAM_CURVE('',#2823,(#2827,#2834),.PCURVE_S1.);
#2823 = LINE('',#2824,#2825);
#2824 = CARTESIAN_POINT('',(52.720666974786,0.,919.024));
#2825 = VECTOR('',#2826,1.);
#2826 = DIRECTION('',(9.541002452381E-03,0.,0.9999544836));
#2827 = PCURVE('',#2802,#2828);
#2828 = DEFINITIONAL_REPRESENTATION('',(#2829),#2833);
#2829 = LINE('',#2830,#2831);
#2830 = CARTESIAN_POINT('',(0.,0.));
#2831 = VECTOR('',#2832,1.);
#2832 = DIRECTION('',(0.,1.));
#2833 = ( GEOMETRIC_REPRESENTATION_CONTEXT(2) 
PARAMETRIC_REPRESENTATION_CONTEXT() REPRESENTATION_CONTEXT('2D SPACE',''
  ) );
#2834 = PCURVE('',#2802,#2835);
#2835 = DEFINITIONAL_REPRESENTATION('',(#2836),#2840);
#2836 = LINE('',#2837,#2838);
#2837 = CARTESIAN_POINT('',(6.28318530718,0.));
#2838 = VECTOR('',#2839,1.);
#2839 = DIRECTION('',(0.,1.));
#2840 = ( GEOMETRIC_REPRESENTATION_CONTEXT(2) 
PARAMETRIC_REPRESENTATION_CONTEXT() REPRESENTATION_CONTEXT('2D SPACE',''
  ) );
#2841 = ORIENTED_EDGE('',*,*,#2842,.F.);
#2842 = EDGE_CURVE('',#2820,#2820,#2843,.T.);
#2843 = SURFACE_CURVE('',#2844,(#2849,#2856),.PCURVE_S1.);
#2844 = CIRCLE('',#2845,52.76420455065);
#2845 = AXIS2_PLACEMENT_3D('',#2846,#2847,#2848);
#2846 = CARTESIAN_POINT('',(0.,0.,923.587));
#2847 = DIRECTION('',(0.,0.,1.));
#2848 = DIRECTION('',(1.,0.,-0.));
#2849 = PCURVE('',#2802,#2850);
#2850 = DEFINITIONAL_REPRESENTATION('',(#2851),#2855);
#2851 = LINE('',#2852,#2853);
#2852 = CARTESIAN_POINT('',(0.,4.563));
#2853 = VECTOR('',#2854,1.);
#2854 = DIRECTION('',(1.,0.));
#2855 = ( GEOMETRIC_REPRESENTATION_CONTEXT(2) 
PARAMETRIC_REPRESENTATION_CONTEXT() REPRESENTATION_CONTEXT('2D SPACE',''
  ) );
#2856 = PCURVE('',#2857,#2862);
#2857 = CONICAL_SURFACE('',#2858,52.76420455065,8.772988263105E-03);
#2858 = AXIS2_PLACEMENT_3D('',#2859,#2860,#2861);
#2859 = CARTESIAN_POINT('',(0.,0.,923.587));
#2860 = DIRECTION('',(0.,0.,1.));
#2861 = DIRECTION('',(1.,0.,-0.));
#2862 = DEFINITIONAL_REPRESENTATION('',(#2863),#2867);
#2863 = LINE('',#2864,#2865);
#2864 = CARTESIAN_POINT('',(0.,0.));
#2865 = VECTOR('',#2866,1.);
#2866 = DIRECTION('',(1.,0.));
#2867 = ( GEOMETRIC_REPRESENTATION_CONTEXT(2) 
PARAMETRIC_REPRESENTATION_CONTEXT() REPRESENTATION_CONTEXT('2D SPACE',''
  ) );
#2868 = ORIENTED_EDGE('',*,*,#2819,.F.);
#2869 = ADVANCED_FACE('',(#2870),#2857,.T.);
#2870 = FACE_BOUND('',#2871,.T.);
#2871 = EDGE_LOOP('',(#2872,#2873,#2896,#2923));
#2872 = ORIENTED_EDGE('',*,*,#2842,.T.);
#2873 = ORIENTED_EDGE('',*,*,#2874,.T.);
#2874 = EDGE_CURVE('',#2820,#2875,#2877,.T.);
#2875 = VERTEX_POINT('',#2876);
#2876 = CARTESIAN_POINT('',(52.804236723129,0.,928.15));
#2877 = SEAM_CURVE('',#2878,(#2882,#2889),.PCURVE_S1.);
#2878 = LINE('',#2879,#2880);
#2879 = CARTESIAN_POINT('',(52.76420455065,0.,923.587));
#2880 = VECTOR('',#2881,1.);
#2881 = DIRECTION('',(8.772875727559E-03,0.,0.999961517585));
#2882 = PCURVE('',#2857,#2883);
#2883 = DEFINITIONAL_REPRESENTATION('',(#2884),#2888);
#2884 = LINE('',#2885,#2886);
#2885 = CARTESIAN_POINT('',(0.,0.));
#2886 = VECTOR('',#2887,1.);
#2887 = DIRECTION('',(0.,1.));
#2888 = ( GEOMETRIC_REPRESENTATION_CONTEXT(2) 
PARAMETRIC_REPRESENTATION_CONTEXT() REPRESENTATION_CONTEXT('2D SPACE',''
  ) );
#2889 = PCURVE('',#2857,#2890);
#2890 = DEFINITIONAL_REPRESENTATION('',(#2891),#2895);
#2891 = LINE('',#2892,#2893);
#2892 = CARTESIAN_POINT('',(6.28318530718,0.));
#2893 = VECTOR('',#2894,1.);
#2894 = DIRECTION('',(0.,1.));
#2895 = ( GEOMETRIC_REPRESENTATION_CONTEXT(2) 
PARAMETRIC_REPRESENTATION_CONTEXT() REPRESENTATION_CONTEXT('2D SPACE',''
  ) );
#2896 = ORIENTED_EDGE('',*,*,#2897,.F.);
#2897 = EDGE_CURVE('',#2875,#2875,#2898,.T.);
#2898 = SURFACE_CURVE('',#2899,(#2904,#2911),.PCURVE_S1.);
#2899 = CIRCLE('',#2900,52.804236723129);
#2900 = AXIS2_PLACEMENT_3D('',#2901,#2902,#2903);
#2901 = CARTESIAN_POINT('',(0.,0.,928.15));
#2902 = DIRECTION('',(0.,0.,1.));
#2903 = DIRECTION('',(1.,0.,-0.));
#2904 = PCURVE('',#2857,#2905);
#2905 = DEFINITIONAL_REPRESENTATION('',(#2906),#2910);
#2906 = LINE('',#2907,#2908);
#2907 = CARTESIAN_POINT('',(0.,4.563));
#2908 = VECTOR('',#2909,1.);
#2909 = DIRECTION('',(1.,0.));
#2910 = ( GEOMETRIC_REPRESENTATION_CONTEXT(2) 
PARAMETRIC_REPRESENTATION_CONTEXT() REPRESENTATION_CONTEXT('2D SPACE',''
  ) );
#2911 = PCURVE('',#2912,#2917);
#2912 = CONICAL_SURFACE('',#2913,52.804236723129,7.993103671851E-03);
#2913 = AXIS2_PLACEMENT_3D('',#2914,#2915,#2916);
#2914 = CARTESIAN_POINT('',(0.,0.,928.15));
#2915 = DIRECTION('',(0.,0.,1.));
#2916 = DIRECTION('',(1.,0.,-0.));
#2917 = DEFINITIONAL_REPRESENTATION('',(#2918),#2922);
#2918 = LINE('',#2919,#2920);
#2919 = CARTESIAN_POINT('',(0.,0.));
#2920 = VECTOR('',#2921,1.);
#2921 = DIRECTION('',(1.,0.));
#2922 = ( GEOMETRIC_REPRESENTATION_CONTEXT(2) 
PARAMETRIC_REPRESENTATION_CONTEXT() REPRESENTATION_CONTEXT('2D SPACE',''
  ) );
#2923 = ORIENTED_EDGE('',*,*,#2874,.F.);
#2924 = ADVANCED_FACE('',(#2925),#2912,.T.);
#2925 = FACE_BOUND('',#2926,.T.);
#2926 = EDGE_LOOP('',(#2927,#2928,#2951,#2978));
#2927 = ORIENTED_EDGE('',*,*,#2897,.T.);
#2928 = ORIENTED_EDGE('',*,*,#2929,.T.);
#2929 = EDGE_CURVE('',#2875,#2930,#2932,.T.);
#2930 = VERTEX_POINT('',#2931);
#2931 = CARTESIAN_POINT('',(52.840710031943,0.,932.713));
#2932 = SEAM_CURVE('',#2933,(#2937,#2944),.PCURVE_S1.);
#2933 = LINE('',#2934,#2935);
#2934 = CARTESIAN_POINT('',(52.804236723129,0.,928.15));
#2935 = VECTOR('',#2936,1.);
#2936 = DIRECTION('',(7.993018559282E-03,0.,0.999968055317));
#2937 = PCURVE('',#2912,#2938);
#2938 = DEFINITIONAL_REPRESENTATION('',(#2939),#2943);
#2939 = LINE('',#2940,#2941);
#2940 = CARTESIAN_POINT('',(0.,0.));
#2941 = VECTOR('',#2942,1.);
#2942 = DIRECTION('',(0.,1.));
#2943 = ( GEOMETRIC_REPRESENTATION_CONTEXT(2) 
PARAMETRIC_REPRESENTATION_CONTEXT() REPRESENTATION_CONTEXT('2D SPACE',''
  ) );
#2944 = PCURVE('',#2912,#2945);
#2945 = DEFINITIONAL_REPRESENTATION('',(#2946),#2950);
#2946 = LINE('',#2947,#2948);
#2947 = CARTESIAN_POINT('',(6.28318530718,0.));
#2948 = VECTOR('',#2949,1.);
#2949 = DIRECTION('',(0.,1.));
#2950 = ( GEOMETRIC_REPRESENTATION_CONTEXT(2) 
PARAMETRIC_REPRESENTATION_CONTEXT() REPRESENTATION_CONTEXT('2D SPACE',''
  ) );
#2951 = ORIENTED_EDGE('',*,*,#2952,.F.);
#2952 = EDGE_CURVE('',#2930,#2930,#2953,.T.);
#2953 = SURFACE_CURVE('',#2954,(#2959,#2966),.PCURVE_S1.);
#2954 = CIRCLE('',#2955,52.840710031943);
#2955 = AXIS2_PLACEMENT_3D('',#2956,#2957,#2958);
#2956 = CARTESIAN_POINT('',(0.,0.,932.713));
#2957 = DIRECTION('',(0.,0.,1.));
#2958 = DIRECTION('',(1.,0.,-0.));
#2959 = PCURVE('',#2912,#2960);
#2960 = DEFINITIONAL_REPRESENTATION('',(#2961),#2965);
#2961 = LINE('',#2962,#2963);
#2962 = CARTESIAN_POINT('',(0.,4.563));
#2963 = VECTOR('',#2964,1.);
#2964 = DIRECTION('',(1.,0.));
#2965 = ( GEOMETRIC_REPRESENTATION_CONTEXT(2) 
PARAMETRIC_REPRESENTATION_CONTEXT() REPRESENTATION_CONTEXT('2D SPACE',''
  ) );
#2966 = PCURVE('',#2967,#2972);
#2967 = CONICAL_SURFACE('',#2968,52.840710031943,7.201493927849E-03);
#2968 = AXIS2_PLACEMENT_3D('',#2969,#2970,#2971);
#2969 = CARTESIAN_POINT('',(0.,0.,932.713));
#2970 = DIRECTION('',(0.,0.,1.));
#2971 = DIRECTION('',(1.,0.,-0.));
#2972 = DEFINITIONAL_REPRESENTATION('',(#2973),#2977);
#2973 = LINE('',#2974,#2975);
#2974 = CARTESIAN_POINT('',(0.,0.));
#2975 = VECTOR('',#2976,1.);
#2976 = DIRECTION('',(1.,0.));
#2977 = ( GEOMETRIC_REPRESENTATION_CONTEXT(2) 
PARAMETRIC_REPRESENTATION_CONTEXT() REPRESENTATION_CONTEXT('2D SPACE',''
  ) );
#2978 = ORIENTED_EDGE('',*,*,#2929,.F.);
#2979 = ADVANCED_FACE('',(#2980),#2967,.T.);
#2980 = FACE_BOUND('',#2981,.T.);
#2981 = EDGE_LOOP('',(#2982,#2983,#3006,#3033));
#2982 = ORIENTED_EDGE('',*,*,#2952,.T.);
#2983 = ORIENTED_EDGE('',*,*,#2984,.T.);
#2984 = EDGE_CURVE('',#2930,#2985,#2987,.T.);
#2985 = VERTEX_POINT('',#2986);
#2986 = CARTESIAN_POINT('',(52.873571016812,0.,937.276));
#2987 = SEAM_CURVE('',#2988,(#2992,#2999),.PCURVE_S1.);
#2988 = LINE('',#2989,#2990);
#2989 = CARTESIAN_POINT('',(52.840710031943,0.,932.713));
#2990 = VECTOR('',#2991,1.);
#2991 = DIRECTION('',(7.201431681279E-03,0.,0.999974069355));
#2992 = PCURVE('',#2967,#2993);
#2993 = DEFINITIONAL_REPRESENTATION('',(#2994),#2998);
#2994 = LINE('',#2995,#2996);
#2995 = CARTESIAN_POINT('',(0.,0.));
#2996 = VECTOR('',#2997,1.);
#2997 = DIRECTION('',(0.,1.));
#2998 = ( GEOMETRIC_REPRESENTATION_CONTEXT(2) 
PARAMETRIC_REPRESENTATION_CONTEXT() REPRESENTATION_CONTEXT('2D SPACE',''
  ) );
#2999 = PCURVE('',#2967,#3000);
#3000 = DEFINITIONAL_REPRESENTATION('',(#3001),#3005);
#3001 = LINE('',#3002,#3003);
#3002 = CARTESIAN_POINT('',(6.28318530718,0.));
#3003 = VECTOR('',#3004,1.);
#3004 = DIRECTION('',(0.,1.));
#3005 = ( GEOMETRIC_REPRESENTATION_CONTEXT(2) 
PARAMETRIC_REPRESENTATION_CONTEXT() REPRESENTATION_CONTEXT('2D SPACE',''
  ) );
#3006 = ORIENTED_EDGE('',*,*,#3007,.F.);
#3007 = EDGE_CURVE('',#2985,#2985,#3008,.T.);
#3008 = SURFACE_CURVE('',#3009,(#3014,#3021),.PCURVE_S1.);
#3009 = CIRCLE('',#3010,52.873571016812);
#3010 = AXIS2_PLACEMENT_3D('',#3011,#3012,#3013);
#3011 = CARTESIAN_POINT('',(0.,0.,937.276));
#3012 = DIRECTION('',(0.,0.,1.));
#3013 = DIRECTION('',(1.,0.,-0.));
#3014 = PCURVE('',#2967,#3015);
#3015 = DEFINITIONAL_REPRESENTATION('',(#3016),#3020);
#3016 = LINE('',#3017,#3018);
#3017 = CARTESIAN_POINT('',(0.,4.563));
#3018 = VECTOR('',#3019,1.);
#3019 = DIRECTION('',(1.,0.));
#3020 = ( GEOMETRIC_REPRESENTATION_CONTEXT(2) 
PARAMETRIC_REPRESENTATION_CONTEXT() REPRESENTATION_CONTEXT('2D SPACE',''
  ) );
#3021 = PCURVE('',#3022,#3027);
#3022 = CONICAL_SURFACE('',#3023,52.873571016812,6.398159600631E-03);
#3023 = AXIS2_PLACEMENT_3D('',#3024,#3025,#3026);
#3024 = CARTESIAN_POINT('',(0.,0.,937.276));
#3025 = DIRECTION('',(0.,0.,1.));
#3026 = DIRECTION('',(1.,0.,-0.));
#3027 = DEFINITIONAL_REPRESENTATION('',(#3028),#3032);
#3028 = LINE('',#3029,#3030);
#3029 = CARTESIAN_POINT('',(0.,0.));
#3030 = VECTOR('',#3031,1.);
#3031 = DIRECTION('',(1.,0.));
#3032 = ( GEOMETRIC_REPRESENTATION_CONTEXT(2) 
PARAMETRIC_REPRESENTATION_CONTEXT() REPRESENTATION_CONTEXT('2D SPACE',''
  ) );
#3033 = ORIENTED_EDGE('',*,*,#2984,.F.);
#3034 = ADVANCED_FACE('',(#3035),#3022,.T.);
#3035 = FACE_BOUND('',#3036,.T.);
#3036 = EDGE_LOOP('',(#3037,#3038,#3061,#3088));
#3037 = ORIENTED_EDGE('',*,*,#3007,.T.);
#3038 = ORIENTED_EDGE('',*,*,#3039,.T.);
#3039 = EDGE_CURVE('',#2985,#3040,#3042,.T.);
#3040 = VERTEX_POINT('',#3041);
#3041 = CARTESIAN_POINT('',(52.902766217453,0.,941.839));
#3042 = SEAM_CURVE('',#3043,(#3047,#3054),.PCURVE_S1.);
#3043 = LINE('',#3044,#3045);
#3044 = CARTESIAN_POINT('',(52.873571016812,0.,937.276));
#3045 = VECTOR('',#3046,1.);
#3046 = DIRECTION('',(6.398115947734E-03,0.,0.999979531847));
#3047 = PCURVE('',#3022,#3048);
#3048 = DEFINITIONAL_REPRESENTATION('',(#3049),#3053);
#3049 = LINE('',#3050,#3051);
#3050 = CARTESIAN_POINT('',(0.,0.));
#3051 = VECTOR('',#3052,1.);
#3052 = DIRECTION('',(0.,1.));
#3053 = ( GEOMETRIC_REPRESENTATION_CONTEXT(2) 
PARAMETRIC_REPRESENTATION_CONTEXT() REPRESENTATION_CONTEXT('2D SPACE',''
  ) );
#3054 = PCURVE('',#3022,#3055);
#3055 = DEFINITIONAL_REPRESENTATION('',(#3056),#3060);
#3056 = LINE('',#3057,#3058);
#3057 = CARTESIAN_POINT('',(6.28318530718,0.));
#3058 = VECTOR('',#3059,1.);
#3059 = DIRECTION('',(0.,1.));
#3060 = ( GEOMETRIC_REPRESENTATION_CONTEXT(2) 
PARAMETRIC_REPRESENTATION_CONTEXT() REPRESENTATION_CONTEXT('2D SPACE',''
  ) );
#3061 = ORIENTED_EDGE('',*,*,#3062,.F.);
#3062 = EDGE_CURVE('',#3040,#3040,#3063,.T.);
#3063 = SURFACE_CURVE('',#3064,(#3069,#3076),.PCURVE_S1.);
#3064 = CIRCLE('',#3065,52.902766217453);
#3065 = AXIS2_PLACEMENT_3D('',#3066,#3067,#3068);
#3066 = CARTESIAN_POINT('',(0.,0.,941.839));
#3067 = DIRECTION('',(0.,0.,1.));
#3068 = DIRECTION('',(1.,0.,-0.));
#3069 = PCURVE('',#3022,#3070);
#3070 = DEFINITIONAL_REPRESENTATION('',(#3071),#3075);
#3071 = LINE('',#3072,#3073);
#3072 = CARTESIAN_POINT('',(0.,4.563));
#3073 = VECTOR('',#3074,1.);
#3074 = DIRECTION('',(1.,0.));
#3075 = ( GEOMETRIC_REPRESENTATION_CONTEXT(2) 
PARAMETRIC_REPRESENTATION_CONTEXT() REPRESENTATION_CONTEXT('2D SPACE',''
  ) );
#3076 = PCURVE('',#3077,#3082);
#3077 = CONICAL_SURFACE('',#3078,52.902766217453,5.583101343246E-03);
#3078 = AXIS2_PLACEMENT_3D('',#3079,#3080,#3081);
#3079 = CARTESIAN_POINT('',(0.,0.,941.839));
#3080 = DIRECTION('',(0.,0.,1.));
#3081 = DIRECTION('',(1.,0.,-0.));
#3082 = DEFINITIONAL_REPRESENTATION('',(#3083),#3087);
#3083 = LINE('',#3084,#3085);
#3084 = CARTESIAN_POINT('',(0.,0.));
#3085 = VECTOR('',#3086,1.);
#3086 = DIRECTION('',(1.,0.));
#3087 = ( GEOMETRIC_REPRESENTATION_CONTEXT(2) 
PARAMETRIC_REPRESENTATION_CONTEXT() REPRESENTATION_CONTEXT('2D SPACE',''
  ) );
#3088 = ORIENTED_EDGE('',*,*,#3039,.F.);
#3089 = ADVANCED_FACE('',(#3090),#3077,.T.);
#3090 = FACE_BOUND('',#3091,.T.);
#3091 = EDGE_LOOP('',(#3092,#3093,#3116,#3143));
#3092 = ORIENTED_EDGE('',*,*,#3062,.T.);
#3093 = ORIENTED_EDGE('',*,*,#3094,.T.);
#3094 = EDGE_CURVE('',#3040,#3095,#3097,.T.);
#3095 = VERTEX_POINT('',#3096);
#3096 = CARTESIAN_POINT('',(52.928242173587,0.,946.402));
#3097 = SEAM_CURVE('',#3098,(#3102,#3109),.PCURVE_S1.);
#3098 = LINE('',#3099,#3100);
#3099 = CARTESIAN_POINT('',(52.902766217453,0.,941.839));
#3100 = VECTOR('',#3101,1.);
#3101 = DIRECTION('',(5.58307233813E-03,0.,0.99998441453));
#3102 = PCURVE('',#3077,#3103);
#3103 = DEFINITIONAL_REPRESENTATION('',(#3104),#3108);
#3104 = LINE('',#3105,#3106);
#3105 = CARTESIAN_POINT('',(0.,0.));
#3106 = VECTOR('',#3107,1.);
#3107 = DIRECTION('',(0.,1.));
#3108 = ( GEOMETRIC_REPRESENTATION_CONTEXT(2) 
PARAMETRIC_REPRESENTATION_CONTEXT() REPRESENTATION_CONTEXT('2D SPACE',''
  ) );
#3109 = PCURVE('',#3077,#3110);
#3110 = DEFINITIONAL_REPRESENTATION('',(#3111),#3115);
#3111 = LINE('',#3112,#3113);
#3112 = CARTESIAN_POINT('',(6.28318530718,0.));
#3113 = VECTOR('',#3114,1.);
#3114 = DIRECTION('',(0.,1.));
#3115 = ( GEOMETRIC_REPRESENTATION_CONTEXT(2) 
PARAMETRIC_REPRESENTATION_CONTEXT() REPRESENTATION_CONTEXT('2D SPACE',''
  ) );
#3116 = ORIENTED_EDGE('',*,*,#3117,.F.);
#3117 = EDGE_CURVE('',#3095,#3095,#3118,.T.);
#3118 = SURFACE_CURVE('',#3119,(#3124,#3131),.PCURVE_S1.);
#3119 = CIRCLE('',#3120,52.928242173587);
#3120 = AXIS2_PLACEMENT_3D('',#3121,#3122,#3123);
#3121 = CARTESIAN_POINT('',(0.,0.,946.402));
#3122 = DIRECTION('',(0.,0.,1.));
#3123 = DIRECTION('',(1.,0.,-0.));
#3124 = PCURVE('',#3077,#3125);
#3125 = DEFINITIONAL_REPRESENTATION('',(#3126),#3130);
#3126 = LINE('',#3127,#3128);
#3127 = CARTESIAN_POINT('',(0.,4.563));
#3128 = VECTOR('',#3129,1.);
#3129 = DIRECTION('',(1.,0.));
#3130 = ( GEOMETRIC_REPRESENTATION_CONTEXT(2) 
PARAMETRIC_REPRESENTATION_CONTEXT() REPRESENTATION_CONTEXT('2D SPACE',''
  ) );
#3131 = PCURVE('',#3132,#3137);
#3132 = CONICAL_SURFACE('',#3133,52.928242173587,4.75631989561E-03);
#3133 = AXIS2_PLACEMENT_3D('',#3134,#3135,#3136);
#3134 = CARTESIAN_POINT('',(0.,0.,946.402));
#3135 = DIRECTION('',(0.,0.,1.));
#3136 = DIRECTION('',(1.,0.,-0.));
#3137 = DEFINITIONAL_REPRESENTATION('',(#3138),#3142);
#3138 = LINE('',#3139,#3140);
#3139 = CARTESIAN_POINT('',(0.,0.));
#3140 = VECTOR('',#3141,1.);
#3141 = DIRECTION('',(1.,0.));
#3142 = ( GEOMETRIC_REPRESENTATION_CONTEXT(2) 
PARAMETRIC_REPRESENTATION_CONTEXT() REPRESENTATION_CONTEXT('2D SPACE',''
  ) );
#3143 = ORIENTED_EDGE('',*,*,#3094,.F.);
#3144 = ADVANCED_FACE('',(#3145),#3132,.T.);
#3145 = FACE_BOUND('',#3146,.T.);
#3146 = EDGE_LOOP('',(#3147,#3148,#3171,#3198));
#3147 = ORIENTED_EDGE('',*,*,#3117,.T.);
#3148 = ORIENTED_EDGE('',*,*,#3149,.T.);
#3149 = EDGE_CURVE('',#3095,#3150,#3152,.T.);
#3150 = VERTEX_POINT('',#3151);
#3151 = CARTESIAN_POINT('',(52.949945424932,0.,950.965));
#3152 = SEAM_CURVE('',#3153,(#3157,#3164),.PCURVE_S1.);
#3153 = LINE('',#3154,#3155);
#3154 = CARTESIAN_POINT('',(52.928242173587,0.,946.402));
#3155 = VECTOR('',#3156,1.);
#3156 = DIRECTION('',(4.75630196226E-03,0.,0.999988688732));
#3157 = PCURVE('',#3132,#3158);
#3158 = DEFINITIONAL_REPRESENTATION('',(#3159),#3163);
#3159 = LINE('',#3160,#3161);
#3160 = CARTESIAN_POINT('',(0.,0.));
#3161 = VECTOR('',#3162,1.);
#3162 = DIRECTION('',(0.,1.));
#3163 = ( GEOMETRIC_REPRESENTATION_CONTEXT(2) 
PARAMETRIC_REPRESENTATION_CONTEXT() REPRESENTATION_CONTEXT('2D SPACE',''
  ) );
#3164 = PCURVE('',#3132,#3165);
#3165 = DEFINITIONAL_REPRESENTATION('',(#3166),#3170);
#3166 = LINE('',#3167,#3168);
#3167 = CARTESIAN_POINT('',(6.28318530718,0.));
#3168 = VECTOR('',#3169,1.);
#3169 = DIRECTION('',(0.,1.));
#3170 = ( GEOMETRIC_REPRESENTATION_CONTEXT(2) 
PARAMETRIC_REPRESENTATION_CONTEXT() REPRESENTATION_CONTEXT('2D SPACE',''
  ) );
#3171 = ORIENTED_EDGE('',*,*,#3172,.F.);
#3172 = EDGE_CURVE('',#3150,#3150,#3173,.T.);
#3173 = SURFACE_CURVE('',#3174,(#3179,#3186),.PCURVE_S1.);
#3174 = CIRCLE('',#3175,52.949945424932);
#3175 = AXIS2_PLACEMENT_3D('',#3176,#3177,#3178);
#3176 = CARTESIAN_POINT('',(0.,0.,950.965));
#3177 = DIRECTION('',(0.,0.,1.));
#3178 = DIRECTION('',(1.,0.,-0.));
#3179 = PCURVE('',#3132,#3180);
#3180 = DEFINITIONAL_REPRESENTATION('',(#3181),#3185);
#3181 = LINE('',#3182,#3183);
#3182 = CARTESIAN_POINT('',(0.,4.563));
#3183 = VECTOR('',#3184,1.);
#3184 = DIRECTION('',(1.,0.));
#3185 = ( GEOMETRIC_REPRESENTATION_CONTEXT(2) 
PARAMETRIC_REPRESENTATION_CONTEXT() REPRESENTATION_CONTEXT('2D SPACE',''
  ) );
#3186 = PCURVE('',#3187,#3192);
#3187 = CONICAL_SURFACE('',#3188,52.949945424932,3.917816087838E-03);
#3188 = AXIS2_PLACEMENT_3D('',#3189,#3190,#3191);
#3189 = CARTESIAN_POINT('',(0.,0.,950.965));
#3190 = DIRECTION('',(0.,0.,1.));
#3191 = DIRECTION('',(1.,0.,-0.));
#3192 = DEFINITIONAL_REPRESENTATION('',(#3193),#3197);
#3193 = LINE('',#3194,#3195);
#3194 = CARTESIAN_POINT('',(0.,0.));
#3195 = VECTOR('',#3196,1.);
#3196 = DIRECTION('',(1.,0.));
#3197 = ( GEOMETRIC_REPRESENTATION_CONTEXT(2) 
PARAMETRIC_REPRESENTATION_CONTEXT() REPRESENTATION_CONTEXT('2D SPACE',''
  ) );
#3198 = ORIENTED_EDGE('',*,*,#3149,.F.);
#3199 = ADVANCED_FACE('',(#3200),#3187,.T.);
#3200 = FACE_BOUND('',#3201,.T.);
#3201 = EDGE_LOOP('',(#3202,#3203,#3226,#3253));
#3202 = ORIENTED_EDGE('',*,*,#3172,.T.);
#3203 = ORIENTED_EDGE('',*,*,#3204,.T.);
#3204 = EDGE_CURVE('',#3150,#3205,#3207,.T.);
#3205 = VERTEX_POINT('',#3206);
#3206 = CARTESIAN_POINT('',(52.967822511207,0.,955.528));
#3207 = SEAM_CURVE('',#3208,(#3212,#3219),.PCURVE_S1.);
#3208 = LINE('',#3209,#3210);
#3209 = CARTESIAN_POINT('',(52.949945424932,0.,950.965));
#3210 = VECTOR('',#3211,1.);
#3211 = DIRECTION('',(3.917806065235E-03,0.,0.999992325368));
#3212 = PCURVE('',#3187,#3213);
#3213 = DEFINITIONAL_REPRESENTATION('',(#3214),#3218);
#3214 = LINE('',#3215,#3216);
#3215 = CARTESIAN_POINT('',(0.,0.));
#3216 = VECTOR('',#3217,1.);
#3217 = DIRECTION('',(0.,1.));
#3218 = ( GEOMETRIC_REPRESENTATION_CONTEXT(2) 
PARAMETRIC_REPRESENTATION_CONTEXT() REPRESENTATION_CONTEXT('2D SPACE',''
  ) );
#3219 = PCURVE('',#3187,#3220);
#3220 = DEFINITIONAL_REPRESENTATION('',(#3221),#3225);
#3221 = LINE('',#3222,#3223);
#3222 = CARTESIAN_POINT('',(6.28318530718,0.));
#3223 = VECTOR('',#3224,1.);
#3224 = DIRECTION('',(0.,1.));
#3225 = ( GEOMETRIC_REPRESENTATION_CONTEXT(2) 
PARAMETRIC_REPRESENTATION_CONTEXT() REPRESENTATION_CONTEXT('2D SPACE',''
  ) );
#3226 = ORIENTED_EDGE('',*,*,#3227,.F.);
#3227 = EDGE_CURVE('',#3205,#3205,#3228,.T.);
#3228 = SURFACE_CURVE('',#3229,(#3234,#3241),.PCURVE_S1.);
#3229 = CIRCLE('',#3230,52.967822511207);
#3230 = AXIS2_PLACEMENT_3D('',#3231,#3232,#3233);
#3231 = CARTESIAN_POINT('',(0.,0.,955.528));
#3232 = DIRECTION('',(0.,0.,1.));
#3233 = DIRECTION('',(1.,0.,-0.));
#3234 = PCURVE('',#3187,#3235);
#3235 = DEFINITIONAL_REPRESENTATION('',(#3236),#3240);
#3236 = LINE('',#3237,#3238);
#3237 = CARTESIAN_POINT('',(0.,4.563));
#3238 = VECTOR('',#3239,1.);
#3239 = DIRECTION('',(1.,0.));
#3240 = ( GEOMETRIC_REPRESENTATION_CONTEXT(2) 
PARAMETRIC_REPRESENTATION_CONTEXT() REPRESENTATION_CONTEXT('2D SPACE',''
  ) );
#3241 = PCURVE('',#3242,#3247);
#3242 = CONICAL_SURFACE('',#3243,52.967822511207,3.067590843653E-03);
#3243 = AXIS2_PLACEMENT_3D('',#3244,#3245,#3246);
#3244 = CARTESIAN_POINT('',(0.,0.,955.528));
#3245 = DIRECTION('',(0.,0.,1.));
#3246 = DIRECTION('',(1.,0.,-0.));
#3247 = DEFINITIONAL_REPRESENTATION('',(#3248),#3252);
#3248 = LINE('',#3249,#3250);
#3249 = CARTESIAN_POINT('',(0.,0.));
#3250 = VECTOR('',#3251,1.);
#3251 = DIRECTION('',(1.,0.));
#3252 = ( GEOMETRIC_REPRESENTATION_CONTEXT(2) 
PARAMETRIC_REPRESENTATION_CONTEXT() REPRESENTATION_CONTEXT('2D SPACE',''
  ) );
#3253 = ORIENTED_EDGE('',*,*,#3204,.F.);
#3254 = ADVANCED_FACE('',(#3255),#3242,.T.);
#3255 = FACE_BOUND('',#3256,.T.);
#3256 = EDGE_LOOP('',(#3257,#3258,#3281,#3308));
#3257 = ORIENTED_EDGE('',*,*,#3227,.T.);
#3258 = ORIENTED_EDGE('',*,*,#3259,.T.);
#3259 = EDGE_CURVE('',#3205,#3260,#3262,.T.);
#3260 = VERTEX_POINT('',#3261);
#3261 = CARTESIAN_POINT('',(52.981819972133,0.,960.091));
#3262 = SEAM_CURVE('',#3263,(#3267,#3274),.PCURVE_S1.);
#3263 = LINE('',#3264,#3265);
#3264 = CARTESIAN_POINT('',(52.967822511207,0.,955.528));
#3265 = VECTOR('',#3266,1.);
#3266 = DIRECTION('',(3.067586032592E-03,0.,0.999995294947));
#3267 = PCURVE('',#3242,#3268);
#3268 = DEFINITIONAL_REPRESENTATION('',(#3269),#3273);
#3269 = LINE('',#3270,#3271);
#3270 = CARTESIAN_POINT('',(0.,0.));
#3271 = VECTOR('',#3272,1.);
#3272 = DIRECTION('',(0.,1.));
#3273 = ( GEOMETRIC_REPRESENTATION_CONTEXT(2) 
PARAMETRIC_REPRESENTATION_CONTEXT() REPRESENTATION_CONTEXT('2D SPACE',''
  ) );
#3274 = PCURVE('',#3242,#3275);
#3275 = DEFINITIONAL_REPRESENTATION('',(#3276),#3280);
#3276 = LINE('',#3277,#3278);
#3277 = CARTESIAN_POINT('',(6.28318530718,0.));
#3278 = VECTOR('',#3279,1.);
#3279 = DIRECTION('',(0.,1.));
#3280 = ( GEOMETRIC_REPRESENTATION_CONTEXT(2) 
PARAMETRIC_REPRESENTATION_CONTEXT() REPRESENTATION_CONTEXT('2D SPACE',''
  ) );
#3281 = ORIENTED_EDGE('',*,*,#3282,.F.);
#3282 = EDGE_CURVE('',#3260,#3260,#3283,.T.);
#3283 = SURFACE_CURVE('',#3284,(#3289,#3296),.PCURVE_S1.);
#3284 = CIRCLE('',#3285,52.981819972133);
#3285 = AXIS2_PLACEMENT_3D('',#3286,#3287,#3288);
#3286 = CARTESIAN_POINT('',(0.,0.,960.091));
#3287 = DIRECTION('',(0.,0.,1.));
#3288 = DIRECTION('',(1.,0.,-0.));
#3289 = PCURVE('',#3242,#3290);
#3290 = DEFINITIONAL_REPRESENTATION('',(#3291),#3295);
#3291 = LINE('',#3292,#3293);
#3292 = CARTESIAN_POINT('',(0.,4.563));
#3293 = VECTOR('',#3294,1.);
#3294 = DIRECTION('',(1.,0.));
#3295 = ( GEOMETRIC_REPRESENTATION_CONTEXT(2) 
PARAMETRIC_REPRESENTATION_CONTEXT() REPRESENTATION_CONTEXT('2D SPACE',''
  ) );
#3296 = PCURVE('',#3297,#3302);
#3297 = CONICAL_SURFACE('',#3298,52.981819972133,2.20564518384E-03);
#3298 = AXIS2_PLACEMENT_3D('',#3299,#3300,#3301);
#3299 = CARTESIAN_POINT('',(0.,0.,960.091));
#3300 = DIRECTION('',(0.,0.,1.));
#3301 = DIRECTION('',(1.,0.,-0.));
#3302 = DEFINITIONAL_REPRESENTATION('',(#3303),#3307);
#3303 = LINE('',#3304,#3305);
#3304 = CARTESIAN_POINT('',(0.,0.));
#3305 = VECTOR('',#3306,1.);
#3306 = DIRECTION('',(1.,0.));
#3307 = ( GEOMETRIC_REPRESENTATION_CONTEXT(2) 
PARAMETRIC_REPRESENTATION_CONTEXT() REPRESENTATION_CONTEXT('2D SPACE',''
  ) );
#3308 = ORIENTED_EDGE('',*,*,#3259,.F.);
#3309 = ADVANCED_FACE('',(#3310),#3297,.T.);
#3310 = FACE_BOUND('',#3311,.T.);
#3311 = EDGE_LOOP('',(#3312,#3313,#3336,#3363));
#3312 = ORIENTED_EDGE('',*,*,#3282,.T.);
#3313 = ORIENTED_EDGE('',*,*,#3314,.T.);
#3314 = EDGE_CURVE('',#3260,#3315,#3317,.T.);
#3315 = VERTEX_POINT('',#3316);
#3316 = CARTESIAN_POINT('',(52.991884347427,0.,964.654));
#3317 = SEAM_CURVE('',#3318,(#3322,#3329),.PCURVE_S1.);
#3318 = LINE('',#3319,#3320);
#3319 = CARTESIAN_POINT('',(52.981819972133,0.,960.091));
#3320 = VECTOR('',#3321,1.);
#3321 = DIRECTION('',(2.205643395478E-03,0.,0.999997567566));
#3322 = PCURVE('',#3297,#3323);
#3323 = DEFINITIONAL_REPRESENTATION('',(#3324),#3328);
#3324 = LINE('',#3325,#3326);
#3325 = CARTESIAN_POINT('',(0.,0.));
#3326 = VECTOR('',#3327,1.);
#3327 = DIRECTION('',(0.,1.));
#3328 = ( GEOMETRIC_REPRESENTATION_CONTEXT(2) 
PARAMETRIC_REPRESENTATION_CONTEXT() REPRESENTATION_CONTEXT('2D SPACE',''
  ) );
#3329 = PCURVE('',#3297,#3330);
#3330 = DEFINITIONAL_REPRESENTATION('',(#3331),#3335);
#3331 = LINE('',#3332,#3333);
#3332 = CARTESIAN_POINT('',(6.28318530718,0.));
#3333 = VECTOR('',#3334,1.);
#3334 = DIRECTION('',(0.,1.));
#3335 = ( GEOMETRIC_REPRESENTATION_CONTEXT(2) 
PARAMETRIC_REPRESENTATION_CONTEXT() REPRESENTATION_CONTEXT('2D SPACE',''
  ) );
#3336 = ORIENTED_EDGE('',*,*,#3337,.F.);
#3337 = EDGE_CURVE('',#3315,#3315,#3338,.T.);
#3338 = SURFACE_CURVE('',#3339,(#3344,#3351),.PCURVE_S1.);
#3339 = CIRCLE('',#3340,52.991884347427);
#3340 = AXIS2_PLACEMENT_3D('',#3341,#3342,#3343);
#3341 = CARTESIAN_POINT('',(0.,0.,964.654));
#3342 = DIRECTION('',(0.,0.,1.));
#3343 = DIRECTION('',(1.,0.,-0.));
#3344 = PCURVE('',#3297,#3345);
#3345 = DEFINITIONAL_REPRESENTATION('',(#3346),#3350);
#3346 = LINE('',#3347,#3348);
#3347 = CARTESIAN_POINT('',(0.,4.563));
#3348 = VECTOR('',#3349,1.);
#3349 = DIRECTION('',(1.,0.));
#3350 = ( GEOMETRIC_REPRESENTATION_CONTEXT(2) 
PARAMETRIC_REPRESENTATION_CONTEXT() REPRESENTATION_CONTEXT('2D SPACE',''
  ) );
#3351 = PCURVE('',#3352,#3357);
#3352 = CONICAL_SURFACE('',#3353,52.991884347427,1.331980229731E-03);
#3353 = AXIS2_PLACEMENT_3D('',#3354,#3355,#3356);
#3354 = CARTESIAN_POINT('',(0.,0.,964.654));
#3355 = DIRECTION('',(0.,0.,1.));
#3356 = DIRECTION('',(1.,0.,-0.));
#3357 = DEFINITIONAL_REPRESENTATION('',(#3358),#3362);
#3358 = LINE('',#3359,#3360);
#3359 = CARTESIAN_POINT('',(0.,0.));
#3360 = VECTOR('',#3361,1.);
#3361 = DIRECTION('',(1.,0.));
#3362 = ( GEOMETRIC_REPRESENTATION_CONTEXT(2) 
PARAMETRIC_REPRESENTATION_CONTEXT() REPRESENTATION_CONTEXT('2D SPACE',''
  ) );
#3363 = ORIENTED_EDGE('',*,*,#3314,.F.);
#3364 = ADVANCED_FACE('',(#3365),#3352,.T.);
#3365 = FACE_BOUND('',#3366,.T.);
#3366 = EDGE_LOOP('',(#3367,#3368,#3391,#3421));
#3367 = ORIENTED_EDGE('',*,*,#3337,.T.);
#3368 = ORIENTED_EDGE('',*,*,#3369,.T.);
#3369 = EDGE_CURVE('',#3315,#3370,#3372,.T.);
#3370 = VERTEX_POINT('',#3371);
#3371 = CARTESIAN_POINT('',(52.99796217681,0.,969.217));
#3372 = SEAM_CURVE('',#3373,(#3377,#3384),.PCURVE_S1.);
#3373 = LINE('',#3374,#3375);
#3374 = CARTESIAN_POINT('',(52.991884347427,0.,964.654));
#3375 = VECTOR('',#3376,1.);
#3376 = DIRECTION('',(1.331979835871E-03,0.,0.999999112914));
#3377 = PCURVE('',#3352,#3378);
#3378 = DEFINITIONAL_REPRESENTATION('',(#3379),#3383);
#3379 = LINE('',#3380,#3381);
#3380 = CARTESIAN_POINT('',(0.,0.));
#3381 = VECTOR('',#3382,1.);
#3382 = DIRECTION('',(0.,1.));
#3383 = ( GEOMETRIC_REPRESENTATION_CONTEXT(2) 
PARAMETRIC_REPRESENTATION_CONTEXT() REPRESENTATION_CONTEXT('2D SPACE',''
  ) );
#3384 = PCURVE('',#3352,#3385);
#3385 = DEFINITIONAL_REPRESENTATION('',(#3386),#3390);
#3386 = LINE('',#3387,#3388);
#3387 = CARTESIAN_POINT('',(6.28318530718,0.));
#3388 = VECTOR('',#3389,1.);
#3389 = DIRECTION('',(0.,1.));
#3390 = ( GEOMETRIC_REPRESENTATION_CONTEXT(2) 
PARAMETRIC_REPRESENTATION_CONTEXT() REPRESENTATION_CONTEXT('2D SPACE',''
  ) );
#3391 = ORIENTED_EDGE('',*,*,#3392,.F.);
#3392 = EDGE_CURVE('',#3370,#3370,#3393,.T.);
#3393 = SURFACE_CURVE('',#3394,(#3399,#3406),.PCURVE_S1.);
#3394 = CIRCLE('',#3395,52.99796217681);
#3395 = AXIS2_PLACEMENT_3D('',#3396,#3397,#3398);
#3396 = CARTESIAN_POINT('',(0.,0.,969.217));
#3397 = DIRECTION('',(0.,0.,1.));
#3398 = DIRECTION('',(1.,0.,-0.));
#3399 = PCURVE('',#3352,#3400);
#3400 = DEFINITIONAL_REPRESENTATION('',(#3401),#3405);
#3401 = LINE('',#3402,#3403);
#3402 = CARTESIAN_POINT('',(0.,4.563));
#3403 = VECTOR('',#3404,1.);
#3404 = DIRECTION('',(1.,0.));
#3405 = ( GEOMETRIC_REPRESENTATION_CONTEXT(2) 
PARAMETRIC_REPRESENTATION_CONTEXT() REPRESENTATION_CONTEXT('2D SPACE',''
  ) );
#3406 = PCURVE('',#3407,#3415);
#3407 = SURFACE_OF_REVOLUTION('',#3408,#3412);
#3408 = LINE('',#3409,#3410);
#3409 = CARTESIAN_POINT('',(52.99796217681,0.,969.217));
#3410 = VECTOR('',#3411,1.);
#3411 = DIRECTION('',(4.465971919199E-04,0.,0.999999900275));
#3412 = AXIS1_PLACEMENT('',#3413,#3414);
#3413 = CARTESIAN_POINT('',(0.,0.,700.));
#3414 = DIRECTION('',(0.,0.,1.));
#3415 = DEFINITIONAL_REPRESENTATION('',(#3416),#3420);
#3416 = LINE('',#3417,#3418);
#3417 = CARTESIAN_POINT('',(0.,0.));
#3418 = VECTOR('',#3419,1.);
#3419 = DIRECTION('',(1.,0.));
#3420 = ( GEOMETRIC_REPRESENTATION_CONTEXT(2) 
PARAMETRIC_REPRESENTATION_CONTEXT() REPRESENTATION_CONTEXT('2D SPACE',''
  ) );
#3421 = ORIENTED_EDGE('',*,*,#3369,.F.);
#3422 = ADVANCED_FACE('',(#3423),#3407,.T.);
#3423 = FACE_BOUND('',#3424,.T.);
#3424 = EDGE_LOOP('',(#3425,#3426,#3449,#3476));
#3425 = ORIENTED_EDGE('',*,*,#3392,.T.);
#3426 = ORIENTED_EDGE('',*,*,#3427,.T.);
#3427 = EDGE_CURVE('',#3370,#3428,#3430,.T.);
#3428 = VERTEX_POINT('',#3429);
#3429 = CARTESIAN_POINT('',(53.,0.,973.78));
#3430 = SEAM_CURVE('',#3431,(#3435,#3442),.PCURVE_S1.);
#3431 = LINE('',#3432,#3433);
#3432 = CARTESIAN_POINT('',(52.99796217681,0.,969.217));
#3433 = VECTOR('',#3434,1.);
#3434 = DIRECTION('',(4.465971919199E-04,0.,0.999999900275));
#3435 = PCURVE('',#3407,#3436);
#3436 = DEFINITIONAL_REPRESENTATION('',(#3437),#3441);
#3437 = LINE('',#3438,#3439);
#3438 = CARTESIAN_POINT('',(0.,0.));
#3439 = VECTOR('',#3440,1.);
#3440 = DIRECTION('',(0.,1.));
#3441 = ( GEOMETRIC_REPRESENTATION_CONTEXT(2) 
PARAMETRIC_REPRESENTATION_CONTEXT() REPRESENTATION_CONTEXT('2D SPACE',''
  ) );
#3442 = PCURVE('',#3407,#3443);
#3443 = DEFINITIONAL_REPRESENTATION('',(#3444),#3448);
#3444 = LINE('',#3445,#3446);
#3445 = CARTESIAN_POINT('',(6.28318530718,0.));
#3446 = VECTOR('',#3447,1.);
#3447 = DIRECTION('',(0.,1.));
#3448 = ( GEOMETRIC_REPRESENTATION_CONTEXT(2) 
PARAMETRIC_REPRESENTATION_CONTEXT() REPRESENTATION_CONTEXT('2D SPACE',''
  ) );
#3449 = ORIENTED_EDGE('',*,*,#3450,.F.);
#3450 = EDGE_CURVE('',#3428,#3428,#3451,.T.);
#3451 = SURFACE_CURVE('',#3452,(#3457,#3464),.PCURVE_S1.);
#3452 = CIRCLE('',#3453,53.);
#3453 = AXIS2_PLACEMENT_3D('',#3454,#3455,#3456);
#3454 = CARTESIAN_POINT('',(0.,0.,973.78));
#3455 = DIRECTION('',(0.,0.,1.));
#3456 = DIRECTION('',(1.,0.,-0.));
#3457 = PCURVE('',#3407,#3458);
#3458 = DEFINITIONAL_REPRESENTATION('',(#3459),#3463);
#3459 = LINE('',#3460,#3461);
#3460 = CARTESIAN_POINT('',(0.,4.563000455043));
#3461 = VECTOR('',#3462,1.);
#3462 = DIRECTION('',(1.,0.));
#3463 = ( GEOMETRIC_REPRESENTATION_CONTEXT(2) 
PARAMETRIC_REPRESENTATION_CONTEXT() REPRESENTATION_CONTEXT('2D SPACE',''
  ) );
#3464 = PCURVE('',#3465,#3470);
#3465 = CYLINDRICAL_SURFACE('',#3466,53.);
#3466 = AXIS2_PLACEMENT_3D('',#3467,#3468,#3469);
#3467 = CARTESIAN_POINT('',(0.,0.,973.78));
#3468 = DIRECTION('',(0.,0.,1.));
#3469 = DIRECTION('',(1.,0.,-0.));
#3470 = DEFINITIONAL_REPRESENTATION('',(#3471),#3475);
#3471 = LINE('',#3472,#3473);
#3472 = CARTESIAN_POINT('',(0.,0.));
#3473 = VECTOR('',#3474,1.);
#3474 = DIRECTION('',(1.,0.));
#3475 = ( GEOMETRIC_REPRESENTATION_CONTEXT(2) 
PARAMETRIC_REPRESENTATION_CONTEXT() REPRESENTATION_CONTEXT('2D SPACE',''
  ) );
#3476 = ORIENTED_EDGE('',*,*,#3427,.F.);
#3477 = ADVANCED_FACE('',(#3478,#4079),#3465,.T.);
#3478 = FACE_BOUND('',#3479,.T.);
#3479 = EDGE_LOOP('',(#3480,#3503,#3504,#3505,#3770,#3793,#3820,#3821));
#3480 = ORIENTED_EDGE('',*,*,#3481,.F.);
#3481 = EDGE_CURVE('',#3428,#3482,#3484,.T.);
#3482 = VERTEX_POINT('',#3483);
#3483 = CARTESIAN_POINT('',(53.,0.,993.78));
#3484 = SEAM_CURVE('',#3485,(#3489,#3496),.PCURVE_S1.);
#3485 = LINE('',#3486,#3487);
#3486 = CARTESIAN_POINT('',(53.,0.,973.78));
#3487 = VECTOR('',#3488,1.);
#3488 = DIRECTION('',(0.,0.,1.));
#3489 = PCURVE('',#3465,#3490);
#3490 = DEFINITIONAL_REPRESENTATION('',(#3491),#3495);
#3491 = LINE('',#3492,#3493);
#3492 = CARTESIAN_POINT('',(0.,0.));
#3493 = VECTOR('',#3494,1.);
#3494 = DIRECTION('',(0.,1.));
#3495 = ( GEOMETRIC_REPRESENTATION_CONTEXT(2) 
PARAMETRIC_REPRESENTATION_CONTEXT() REPRESENTATION_CONTEXT('2D SPACE',''
  ) );
#3496 = PCURVE('',#3465,#3497);
#3497 = DEFINITIONAL_REPRESENTATION('',(#3498),#3502);
#3498 = LINE('',#3499,#3500);
#3499 = CARTESIAN_POINT('',(6.28318530718,0.));
#3500 = VECTOR('',#3501,1.);
#3501 = DIRECTION('',(0.,1.));
#3502 = ( GEOMETRIC_REPRESENTATION_CONTEXT(2) 
PARAMETRIC_REPRESENTATION_CONTEXT() REPRESENTATION_CONTEXT('2D SPACE',''
  ) );
#3503 = ORIENTED_EDGE('',*,*,#3450,.T.);
#3504 = ORIENTED_EDGE('',*,*,#3481,.T.);
#3505 = ORIENTED_EDGE('',*,*,#3506,.F.);
#3506 = EDGE_CURVE('',#3507,#3482,#3509,.T.);
#3507 = VERTEX_POINT('',#3508);
#3508 = CARTESIAN_POINT('',(53.,2.32682891838E-15,1.03178E+03));
#3509 = SURFACE_CURVE('',#3510,(#3593,#3679),.PCURVE_S1.);
#3510 = B_SPLINE_CURVE_WITH_KNOTS('',6,(#3511,#3512,#3513,#3514,#3515,
    #3516,#3517,#3518,#3519,#3520,#3521,#3522,#3523,#3524,#3525,#3526,
    #3527,#3528,#3529,#3530,#3531,#3532,#3533,#3534,#3535,#3536,#3537,
    #3538,#3539,#3540,#3541,#3542,#3543,#3544,#3545,#3546,#3547,#3548,
    #3549,#3550,#3551,#3552,#3553,#3554,#3555,#3556,#3557,#3558,#3559,
    #3560,#3561,#3562,#3563,#3564,#3565,#3566,#3567,#3568,#3569,#3570,
    #3571,#3572,#3573,#3574,#3575,#3576,#3577,#3578,#3579,#3580,#3581,
    #3582,#3583,#3584,#3585,#3586,#3587,#3588,#3589,#3590,#3591,#3592),
  .UNSPECIFIED.,.F.,.F.,(7,5,5,5,5,5,5,5,5,5,5,5,5,5,5,5,7),(0.,
    8.055649280502E-02,0.129538259799,0.196016657414,0.251773199259,
    0.29937871383,0.3403062879,0.374814301485,0.49973400341,
    0.625787887722,0.660229214241,0.701040373407,0.74844379842,
    0.803786101708,0.870754896584,0.920427698659,1.),.UNSPECIFIED.);
#3511 = CARTESIAN_POINT('',(53.,-3.552713678801E-15,1.03178E+03));
#3512 = CARTESIAN_POINT('',(53.,-0.987723322864,1.03178E+03));
#3513 = CARTESIAN_POINT('',(52.977911057095,-1.973452160676,
    1.031718383154E+03));
#3514 = CARTESIAN_POINT('',(52.933900072526,-2.948281557134,
    1.031595617174E+03));
#3515 = CARTESIAN_POINT('',(52.869393552003,-3.903410374017,
    1.031414368153E+03));
#3516 = CARTESIAN_POINT('',(52.787029486897,-4.830451961437,
    1.031179465747E+03));
#3517 = CARTESIAN_POINT('',(52.63139380105,-6.263668639179,
    1.030726850446E+03));
#3518 = CARTESIAN_POINT('',(52.567134795226,-6.79309427797,
    1.030538263647E+03));
#3519 = CARTESIAN_POINT('',(52.49808580968,-7.309390378788,
    1.030333373653E+03));
#3520 = CARTESIAN_POINT('',(52.424887924509,-7.8120101743,
    1.030113339042E+03));
#3521 = CARTESIAN_POINT('',(52.348189821488,-8.300478637542,
    1.02987934302E+03));
#3522 = CARTESIAN_POINT('',(52.160658991563,-9.417590807052,
    1.029297712788E+03));
#3523 = CARTESIAN_POINT('',(52.047399881394,-10.03409470737,
    1.028939283266E+03));
#3524 = CARTESIAN_POINT('',(51.93028309248,-10.6239254832,
    1.028559776581E+03));
#3525 = CARTESIAN_POINT('',(51.810621371424,-11.18725331774,
    1.028161406616E+03));
#3526 = CARTESIAN_POINT('',(51.689607183126,-11.72435858541,
    1.027746160644E+03));
#3527 = CARTESIAN_POINT('',(51.466569872677,-12.66437480888,
    1.026954898005E+03));
#3528 = CARTESIAN_POINT('',(51.364609253345,-13.07505311799,
    1.026583275905E+03));
#3529 = CARTESIAN_POINT('',(51.263026486526,-13.467938599,
    1.026201905325E+03));
#3530 = CARTESIAN_POINT('',(51.162364862702,-13.84334084708,
    1.025811624196E+03));
#3531 = CARTESIAN_POINT('',(51.063112370139,-14.20156939336,
    1.02541316301E+03));
#3532 = CARTESIAN_POINT('',(50.882537193954,-14.83439499806,
    1.024660481871E+03));
#3533 = CARTESIAN_POINT('',(50.800714666538,-15.11356175713,
    1.024308310397E+03));
#3534 = CARTESIAN_POINT('',(50.720513000018,-15.38061115864,
    1.023951035314E+03));
#3535 = CARTESIAN_POINT('',(50.642184085438,-15.63570959144,
    1.023589022789E+03));
#3536 = CARTESIAN_POINT('',(50.565957455012,-15.87901367189,
    1.023222599942E+03));
#3537 = CARTESIAN_POINT('',(50.428494820884,-16.30983180282,
    1.022533488412E+03));
#3538 = CARTESIAN_POINT('',(50.3666568299,-16.5003817865,
    1.022211879112E+03));
#3539 = CARTESIAN_POINT('',(50.306663399302,-16.68240418907,
    1.021887426068E+03));
#3540 = CARTESIAN_POINT('',(50.248639944318,-16.85597623605,
    1.021560314515E+03));
#3541 = CARTESIAN_POINT('',(50.19270174354,-17.0211689151,
    1.02123071572E+03));
#3542 = CARTESIAN_POINT('',(50.093636570039,-17.31031844287,
    1.020618921842E+03));
#3543 = CARTESIAN_POINT('',(50.04987718883,-17.43667692912,
    1.020337405183E+03));
#3544 = CARTESIAN_POINT('',(50.007739708958,-17.55715896209,
    1.020054336086E+03));
#3545 = CARTESIAN_POINT('',(49.967283628256,-17.67179726213,
    1.019769811114E+03));
#3546 = CARTESIAN_POINT('',(49.928564028724,-17.78062074262,
    1.019483924311E+03));
#3547 = CARTESIAN_POINT('',(49.7579353582,-18.25663881607,
    1.018157252719E+03));
#3548 = CARTESIAN_POINT('',(49.647623964029,-18.55385099421,
    1.017100819886E+03));
#3549 = CARTESIAN_POINT('',(49.563170561033,-18.77628548119,
    1.01603217833E+03));
#3550 = CARTESIAN_POINT('',(49.506211884506,-18.92462759384,
    1.014955515375E+03));
#3551 = CARTESIAN_POINT('',(49.477569224169,-18.9992143092,
    1.013874739242E+03));
#3552 = CARTESIAN_POINT('',(49.476966874341,-19.0007828688,
    1.011702890363E+03));
#3553 = CARTESIAN_POINT('',(49.505524321793,-18.92641809871,
    1.010612236733E+03));
#3554 = CARTESIAN_POINT('',(49.562924555921,-18.77695775838,
    1.009525739475E+03));
#3555 = CARTESIAN_POINT('',(49.648326982743,-18.55205644808,
    1.008447411256E+03));
#3556 = CARTESIAN_POINT('',(49.760045592294,-18.25100740065,
    1.007381554323E+03));
#3557 = CARTESIAN_POINT('',(49.932544104065,-17.76944256085,
    1.00604652642E+03));
#3558 = CARTESIAN_POINT('',(49.971337944016,-17.66033251567,
    1.005761309118E+03));
#3559 = CARTESIAN_POINT('',(50.011857858382,-17.54542825997,
    1.005477454726E+03));
#3560 = CARTESIAN_POINT('',(50.054048862854,-17.42470086203,
    1.005195056855E+03));
#3561 = CARTESIAN_POINT('',(50.097851590184,-17.2981176007,
    1.004914211642E+03));
#3562 = CARTESIAN_POINT('',(50.19694048272,-17.0086653103,
    1.004304187675E+03));
#3563 = CARTESIAN_POINT('',(50.252851014744,-16.84341814372,
    1.00397568295E+03));
#3564 = CARTESIAN_POINT('',(50.310829296063,-16.66983593627,
    1.003649659812E+03));
#3565 = CARTESIAN_POINT('',(50.370760699923,-16.48784799034,
    1.003326288375E+03));
#3566 = CARTESIAN_POINT('',(50.432520563002,-16.29737744021,
    1.003005752632E+03));
#3567 = CARTESIAN_POINT('',(50.569677532561,-15.86715455664,
    1.00231946184E+03));
#3568 = CARTESIAN_POINT('',(50.645664836597,-15.62441477703,
    1.001954771209E+03));
#3569 = CARTESIAN_POINT('',(50.723729544959,-15.36997600148,
    1.001594463597E+03));
#3570 = CARTESIAN_POINT('',(50.803644596636,-15.10368325886,
    1.001238862618E+03));
#3571 = CARTESIAN_POINT('',(50.885160913581,-14.82537199906,
    1.000888330379E+03));
#3572 = CARTESIAN_POINT('',(51.064725315412,-14.19571098259,
    1.000140415083E+03));
#3573 = CARTESIAN_POINT('',(51.163255533542,-13.83993573376,
    999.74501781114));
#3574 = CARTESIAN_POINT('',(51.263169821758,-13.46723869138,
    999.35768582071));
#3575 = CARTESIAN_POINT('',(51.363990760088,-13.07731713106,
    998.97913384297));
#3576 = CARTESIAN_POINT('',(51.465187248405,-12.66986826867,
    998.61018089975));
#3577 = CARTESIAN_POINT('',(51.688370899989,-11.72996520974,
    997.81801897168));
#3578 = CARTESIAN_POINT('',(51.810292517492,-11.18909193377,
    997.39957774103));
#3579 = CARTESIAN_POINT('',(51.930847451392,-10.62160880896,
    996.99825289779));
#3580 = CARTESIAN_POINT('',(52.048816642586,-10.02722958879,
    996.61607599257));
#3581 = CARTESIAN_POINT('',(52.162857237307,-9.405781667735,
    996.25531176118));
#3582 = CARTESIAN_POINT('',(52.352099209688,-8.276206952508,
    995.66865248493));
#3583 = CARTESIAN_POINT('',(52.429736681811,-7.780194764301,
    995.4319523875));
#3584 = CARTESIAN_POINT('',(52.503749735266,-7.269639703297,
    995.20965599294));
#3585 = CARTESIAN_POINT('',(52.573460319087,-6.745048045512,
    995.00300071534));
#3586 = CARTESIAN_POINT('',(52.638199474312,-6.20700227675,
    994.81319580699));
#3587 = CARTESIAN_POINT('',(52.792034342983,-4.773753637377,
    994.36626507776));
#3588 = CARTESIAN_POINT('',(52.872527080044,-3.856719807832,
    994.13682772547));
#3589 = CARTESIAN_POINT('',(52.935506397056,-2.912522367353,
    993.95990211487));
#3590 = CARTESIAN_POINT('',(52.978450755915,-1.949299495388,
    993.84011134483));
#3591 = CARTESIAN_POINT('',(53.,-0.975582103391,993.78));
#3592 = CARTESIAN_POINT('',(53.,0.,993.78));
#3593 = PCURVE('',#3465,#3594);
#3594 = DEFINITIONAL_REPRESENTATION('',(#3595),#3678);
#3595 = B_SPLINE_CURVE_WITH_KNOTS('',6,(#3596,#3597,#3598,#3599,#3600,
    #3601,#3602,#3603,#3604,#3605,#3606,#3607,#3608,#3609,#3610,#3611,
    #3612,#3613,#3614,#3615,#3616,#3617,#3618,#3619,#3620,#3621,#3622,
    #3623,#3624,#3625,#3626,#3627,#3628,#3629,#3630,#3631,#3632,#3633,
    #3634,#3635,#3636,#3637,#3638,#3639,#3640,#3641,#3642,#3643,#3644,
    #3645,#3646,#3647,#3648,#3649,#3650,#3651,#3652,#3653,#3654,#3655,
    #3656,#3657,#3658,#3659,#3660,#3661,#3662,#3663,#3664,#3665,#3666,
    #3667,#3668,#3669,#3670,#3671,#3672,#3673,#3674,#3675,#3676,#3677),
  .UNSPECIFIED.,.F.,.F.,(7,5,5,5,5,5,5,5,5,5,5,5,5,5,5,5,7),(0.,
    8.055649280502E-02,0.129538259799,0.196016657414,0.251773199259,
    0.29937871383,0.3403062879,0.374814301485,0.49973400341,
    0.625787887722,0.660229214241,0.701040373407,0.74844379842,
    0.803786101708,0.870754896584,0.920427698659,1.),.UNSPECIFIED.);
#3596 = CARTESIAN_POINT('',(6.28318530718,58.));
#3597 = CARTESIAN_POINT('',(6.264549018069,58.));
#3598 = CARTESIAN_POINT('',(6.245950357215,57.938383154264));
#3599 = CARTESIAN_POINT('',(6.227545716687,57.815617174048));
#3600 = CARTESIAN_POINT('',(6.209489652238,57.634368152541));
#3601 = CARTESIAN_POINT('',(6.191932755842,57.399465747045));
#3602 = CARTESIAN_POINT('',(6.164731957788,56.946850446069));
#3603 = CARTESIAN_POINT('',(6.154670285942,56.758263646764));
#3604 = CARTESIAN_POINT('',(6.144843174616,56.553373652615));
#3605 = CARTESIAN_POINT('',(6.135260661633,56.333339042092));
#3606 = CARTESIAN_POINT('',(6.125931875361,56.09934301997));
#3607 = CARTESIAN_POINT('',(6.104559360035,55.517712787521));
#3608 = CARTESIAN_POINT('',(6.092733942611,55.15928326583));
#3609 = CARTESIAN_POINT('',(6.081389444172,54.779776580953));
#3610 = CARTESIAN_POINT('',(6.070524750686,54.381406616154));
#3611 = CARTESIAN_POINT('',(6.060137321434,53.966160644375));
#3612 = CARTESIAN_POINT('',(6.041908756556,53.174898004577));
#3613 = CARTESIAN_POINT('',(6.033925297942,52.803275905005));
#3614 = CARTESIAN_POINT('',(6.026269097676,52.421905324539));
#3615 = CARTESIAN_POINT('',(6.018936210859,52.031624195614));
#3616 = CARTESIAN_POINT('',(6.011922757217,51.633163009939));
#3617 = CARTESIAN_POINT('',(5.999506062358,50.880481871306));
#3618 = CARTESIAN_POINT('',(5.994017322325,50.528310396823));
#3619 = CARTESIAN_POINT('',(5.988756491858,50.17103531372));
#3620 = CARTESIAN_POINT('',(5.983721653221,49.809022788874));
#3621 = CARTESIAN_POINT('',(5.97891105106,49.442599942024));
#3622 = CARTESIAN_POINT('',(5.970378654361,48.753488411856));
#3623 = CARTESIAN_POINT('',(5.96659883393,48.431879112164));
#3624 = CARTESIAN_POINT('',(5.962982770962,48.107426068124));
#3625 = CARTESIAN_POINT('',(5.959529727356,47.780314514686));
#3626 = CARTESIAN_POINT('',(5.956239053344,47.450715719696));
#3627 = CARTESIAN_POINT('',(5.950472089635,46.838921841995));
#3628 = CARTESIAN_POINT('',(5.947949061849,46.55740518308));
#3629 = CARTESIAN_POINT('',(5.945540812137,46.274336086358));
#3630 = CARTESIAN_POINT('',(5.943247100121,45.989811113974));
#3631 = CARTESIAN_POINT('',(5.941067737041,45.703924311));
#3632 = CARTESIAN_POINT('',(5.931526696622,44.377252718649));
#3633 = CARTESIAN_POINT('',(5.925545474967,43.320819886257));
#3634 = CARTESIAN_POINT('',(5.921056388946,42.252178330117));
#3635 = CARTESIAN_POINT('',(5.918058168785,41.175515375381));
#3636 = CARTESIAN_POINT('',(5.916550700741,40.094739242106));
#3637 = CARTESIAN_POINT('',(5.91651899811,37.922890363117));
#3638 = CARTESIAN_POINT('',(5.918021978883,36.832236732961));
#3639 = CARTESIAN_POINT('',(5.921042886441,35.74573947501));
#3640 = CARTESIAN_POINT('',(5.925581837445,34.667411256261));
#3641 = CARTESIAN_POINT('',(5.931640152905,33.601554322946));
#3642 = CARTESIAN_POINT('',(5.941291616059,32.26652642015));
#3643 = CARTESIAN_POINT('',(5.943476542741,31.98130911846));
#3644 = CARTESIAN_POINT('',(5.945775387559,31.697454725718));
#3645 = CARTESIAN_POINT('',(5.948188340625,31.415056854735));
#3646 = CARTESIAN_POINT('',(5.95071564359,31.134211641714));
#3647 = CARTESIAN_POINT('',(5.956488156656,30.524187675009));
#3648 = CARTESIAN_POINT('',(5.95977963702,30.195682950373));
#3649 = CARTESIAN_POINT('',(5.963232592328,29.869659811693));
#3650 = CARTESIAN_POINT('',(5.966847671692,29.546288374812));
#3651 = CARTESIAN_POINT('',(5.970625611741,29.225752632067));
#3652 = CARTESIAN_POINT('',(5.979145555965,28.539461839626));
#3653 = CARTESIAN_POINT('',(5.983944648427,28.174771208656));
#3654 = CARTESIAN_POINT('',(5.988966126776,27.814463597144));
#3655 = CARTESIAN_POINT('',(5.994211730071,27.458862618014));
#3656 = CARTESIAN_POINT('',(5.999683356728,27.108330379323));
#3657 = CARTESIAN_POINT('',(6.012037401299,26.360415082577));
#3658 = CARTESIAN_POINT('',(6.019002612118,25.965017811147));
#3659 = CARTESIAN_POINT('',(6.02628255511,25.577685820719));
#3660 = CARTESIAN_POINT('',(6.033881026112,25.199133842975));
#3661 = CARTESIAN_POINT('',(6.041801883647,24.830180899753));
#3662 = CARTESIAN_POINT('',(6.060029008741,24.038018971683));
#3663 = CARTESIAN_POINT('',(6.070489543938,23.619577741037));
#3664 = CARTESIAN_POINT('',(6.081434402029,23.218252897797));
#3665 = CARTESIAN_POINT('',(6.092866170484,22.836075992571));
#3666 = CARTESIAN_POINT('',(6.104785965228,22.475311761184));
#3667 = CARTESIAN_POINT('',(6.126395724318,21.888652484939));
#3668 = CARTESIAN_POINT('',(6.135867849115,21.651952387502));
#3669 = CARTESIAN_POINT('',(6.145600696143,21.429655992944));
#3670 = CARTESIAN_POINT('',(6.155584552643,21.223000715348));
#3671 = CARTESIAN_POINT('',(6.165808740577,21.033195806992));
#3672 = CARTESIAN_POINT('',(6.193006491077,20.586265077763));
#3673 = CARTESIAN_POINT('',(6.210372285593,20.356827725478));
#3674 = CARTESIAN_POINT('',(6.228220841763,20.179902114872));
#3675 = CARTESIAN_POINT('',(6.24640606814,20.060111344834));
#3676 = CARTESIAN_POINT('',(6.264778097682,20.));
#3677 = CARTESIAN_POINT('',(6.28318530718,20.));
#3678 = ( GEOMETRIC_REPRESENTATION_CONTEXT(2) 
PARAMETRIC_REPRESENTATION_CONTEXT() REPRESENTATION_CONTEXT('2D SPACE',''
  ) );
#3679 = PCURVE('',#3680,#3685);
#3680 = CYLINDRICAL_SURFACE('',#3681,19.);
#3681 = AXIS2_PLACEMENT_3D('',#3682,#3683,#3684);
#3682 = CARTESIAN_POINT('',(-63.,0.,1.01278E+03));
#3683 = DIRECTION('',(1.,0.,0.));
#3684 = DIRECTION('',(-0.,0.,1.));
#3685 = DEFINITIONAL_REPRESENTATION('',(#3686),#3769);
#3686 = B_SPLINE_CURVE_WITH_KNOTS('',6,(#3687,#3688,#3689,#3690,#3691,
    #3692,#3693,#3694,#3695,#3696,#3697,#3698,#3699,#3700,#3701,#3702,
    #3703,#3704,#3705,#3706,#3707,#3708,#3709,#3710,#3711,#3712,#3713,
    #3714,#3715,#3716,#3717,#3718,#3719,#3720,#3721,#3722,#3723,#3724,
    #3725,#3726,#3727,#3728,#3729,#3730,#3731,#3732,#3733,#3734,#3735,
    #3736,#3737,#3738,#3739,#3740,#3741,#3742,#3743,#3744,#3745,#3746,
    #3747,#3748,#3749,#3750,#3751,#3752,#3753,#3754,#3755,#3756,#3757,
    #3758,#3759,#3760,#3761,#3762,#3763,#3764,#3765,#3766,#3767,#3768),
  .UNSPECIFIED.,.F.,.F.,(7,5,5,5,5,5,5,5,5,5,5,5,5,5,5,5,7),(0.,
    8.055649280502E-02,0.129538259799,0.196016657414,0.251773199259,
    0.29937871383,0.3403062879,0.374814301485,0.49973400341,
    0.625787887722,0.660229214241,0.701040373407,0.74844379842,
    0.803786101708,0.870754896584,0.920427698659,1.),.UNSPECIFIED.);
#3687 = CARTESIAN_POINT('',(0.,116.));
#3688 = CARTESIAN_POINT('',(5.198543804549E-02,116.));
#3689 = CARTESIAN_POINT('',(0.103865898193,115.97791105709));
#3690 = CARTESIAN_POINT('',(0.155425617965,115.93390007252));
#3691 = CARTESIAN_POINT('',(0.206449003853,115.869393552));
#3692 = CARTESIAN_POINT('',(0.256698816952,115.78702948689));
#3693 = CARTESIAN_POINT('',(0.335803408748,115.63139380105));
#3694 = CARTESIAN_POINT('',(0.365363454375,115.56713479522));
#3695 = CARTESIAN_POINT('',(0.39457110394,115.49808580968));
#3696 = CARTESIAN_POINT('',(0.42342310819,115.4248879245));
#3697 = CARTESIAN_POINT('',(0.451913783461,115.34818982148));
#3698 = CARTESIAN_POINT('',(0.518201023066,115.16065899156));
#3699 = CARTESIAN_POINT('',(0.555693276146,115.04739988139));
#3700 = CARTESIAN_POINT('',(0.59255260493,114.93028309248));
#3701 = CARTESIAN_POINT('',(0.628815825731,114.81062137142));
#3702 = CARTESIAN_POINT('',(0.664516770268,114.68960718312));
#3703 = CARTESIAN_POINT('',(0.729185691966,114.46656987267));
#3704 = CARTESIAN_POINT('',(0.758317458161,114.36460925334));
#3705 = CARTESIAN_POINT('',(0.787109378577,114.26302648652));
#3706 = CARTESIAN_POINT('',(0.815586045275,114.1623648627));
#3707 = CARTESIAN_POINT('',(0.843771376865,114.06311237013));
#3708 = CARTESIAN_POINT('',(0.895527173105,113.88253719395));
#3709 = CARTESIAN_POINT('',(0.919169886143,113.80071466653));
#3710 = CARTESIAN_POINT('',(0.942632155952,113.72051300001));
#3711 = CARTESIAN_POINT('',(0.965927273909,113.64218408543));
#3712 = CARTESIAN_POINT('',(0.989068241479,113.56595745501));
#3713 = CARTESIAN_POINT('',(1.031841850338,113.42849482088));
#3714 = CARTESIAN_POINT('',(1.051511053334,113.3666568299));
#3715 = CARTESIAN_POINT('',(1.071083099183,113.3066633993));
#3716 = CARTESIAN_POINT('',(1.090565120642,113.24863994431));
#3717 = CARTESIAN_POINT('',(1.109964118933,113.19270174354));
#3718 = CARTESIAN_POINT('',(1.145578987058,113.09363657003));
#3719 = CARTESIAN_POINT('',(1.161816625547,113.04987718883));
#3720 = CARTESIAN_POINT('',(1.178003740726,113.00773970895));
#3721 = CARTESIAN_POINT('',(1.194144018567,112.96728362825));
#3722 = CARTESIAN_POINT('',(1.210240969498,112.92856402872));
#3723 = CARTESIAN_POINT('',(1.284424441988,112.7579353582));
#3724 = CARTESIAN_POINT('',(1.34204230003,112.64762396402));
#3725 = CARTESIAN_POINT('',(1.399289005062,112.56317056103));
#3726 = CARTESIAN_POINT('',(1.456292730856,112.5062118845));
#3727 = CARTESIAN_POINT('',(1.513178457046,112.47756922416));
#3728 = CARTESIAN_POINT('',(1.627486322594,112.47696687434));
#3729 = CARTESIAN_POINT('',(1.684886252316,112.50552432179));
#3730 = CARTESIAN_POINT('',(1.742405370982,112.56292455592));
#3731 = CARTESIAN_POINT('',(1.80017208176,112.64832698274));
#3732 = CARTESIAN_POINT('',(1.858318109298,112.76004559229));
#3733 = CARTESIAN_POINT('',(1.933014247142,112.93254410406));
#3734 = CARTESIAN_POINT('',(1.949083669224,112.97133794401));
#3735 = CARTESIAN_POINT('',(1.965196486251,113.01185785838));
#3736 = CARTESIAN_POINT('',(1.981356196886,113.05404886285));
#3737 = CARTESIAN_POINT('',(1.997566474563,113.09785159018));
#3738 = CARTESIAN_POINT('',(2.033103972545,113.19694048272));
#3739 = CARTESIAN_POINT('',(2.052452837474,113.25285101474));
#3740 = CARTESIAN_POINT('',(2.071884587875,113.31082929606));
#3741 = CARTESIAN_POINT('',(2.091406179732,113.37076069992));
#3742 = CARTESIAN_POINT('',(2.111024699415,113.432520563));
#3743 = CARTESIAN_POINT('',(2.153655848905,113.56967753256));
#3744 = CARTESIAN_POINT('',(2.176704554509,113.64566483659));
#3745 = CARTESIAN_POINT('',(2.199906495953,113.72372954495));
#3746 = CARTESIAN_POINT('',(2.22327452688,113.80364459663));
#3747 = CARTESIAN_POINT('',(2.246821786219,113.88516091358));
#3748 = CARTESIAN_POINT('',(2.2982784158,114.06472531541));
#3749 = CARTESIAN_POINT('',(2.326257837775,114.16325553354));
#3750 = CARTESIAN_POINT('',(2.354524469619,114.26316982175));
#3751 = CARTESIAN_POINT('',(2.383101711445,114.36399076008));
#3752 = CARTESIAN_POINT('',(2.412013616954,114.4651872484));
#3753 = CARTESIAN_POINT('',(2.476708474552,114.68837089998));
#3754 = CARTESIAN_POINT('',(2.512668512242,114.81029251749));
#3755 = CARTESIAN_POINT('',(2.54919898465,114.93084745139));
#3756 = CARTESIAN_POINT('',(2.586334424526,115.04881664258));
#3757 = CARTESIAN_POINT('',(2.624112441874,115.1628572373));
#3758 = CARTESIAN_POINT('',(2.691103741257,115.35209920968));
#3759 = CARTESIAN_POINT('',(2.720013313713,115.42973668181));
#3760 = CARTESIAN_POINT('',(2.749294554246,115.50374973526));
#3761 = CARTESIAN_POINT('',(2.778941129815,115.57346031908));
#3762 = CARTESIAN_POINT('',(2.808949305948,115.63819947431));
#3763 = CARTESIAN_POINT('',(2.887965920124,115.79203434298));
#3764 = CARTESIAN_POINT('',(2.93763743852,115.87252708004));
#3765 = CARTESIAN_POINT('',(2.988058311232,115.93550639705));
#3766 = CARTESIAN_POINT('',(3.038997947901,115.97845075591));
#3767 = CARTESIAN_POINT('',(3.090246227096,116.));
#3768 = CARTESIAN_POINT('',(3.14159265359,116.));
#3769 = ( GEOMETRIC_REPRESENTATION_CONTEXT(2) 
PARAMETRIC_REPRESENTATION_CONTEXT() REPRESENTATION_CONTEXT('2D SPACE',''
  ) );
#3770 = ORIENTED_EDGE('',*,*,#3771,.T.);
#3771 = EDGE_CURVE('',#3507,#3772,#3774,.T.);
#3772 = VERTEX_POINT('',#3773);
#3773 = CARTESIAN_POINT('',(53.,0.,1.05178E+03));
#3774 = SEAM_CURVE('',#3775,(#3779,#3786),.PCURVE_S1.);
#3775 = LINE('',#3776,#3777);
#3776 = CARTESIAN_POINT('',(53.,0.,973.78));
#3777 = VECTOR('',#3778,1.);
#3778 = DIRECTION('',(0.,0.,1.));
#3779 = PCURVE('',#3465,#3780);
#3780 = DEFINITIONAL_REPRESENTATION('',(#3781),#3785);
#3781 = LINE('',#3782,#3783);
#3782 = CARTESIAN_POINT('',(0.,0.));
#3783 = VECTOR('',#3784,1.);
#3784 = DIRECTION('',(0.,1.));
#3785 = ( GEOMETRIC_REPRESENTATION_CONTEXT(2) 
PARAMETRIC_REPRESENTATION_CONTEXT() REPRESENTATION_CONTEXT('2D SPACE',''
  ) );
#3786 = PCURVE('',#3465,#3787);
#3787 = DEFINITIONAL_REPRESENTATION('',(#3788),#3792);
#3788 = LINE('',#3789,#3790);
#3789 = CARTESIAN_POINT('',(6.28318530718,0.));
#3790 = VECTOR('',#3791,1.);
#3791 = DIRECTION('',(0.,1.));
#3792 = ( GEOMETRIC_REPRESENTATION_CONTEXT(2) 
PARAMETRIC_REPRESENTATION_CONTEXT() REPRESENTATION_CONTEXT('2D SPACE',''
  ) );
#3793 = ORIENTED_EDGE('',*,*,#3794,.F.);
#3794 = EDGE_CURVE('',#3772,#3772,#3795,.T.);
#3795 = SURFACE_CURVE('',#3796,(#3801,#3808),.PCURVE_S1.);
#3796 = CIRCLE('',#3797,53.);
#3797 = AXIS2_PLACEMENT_3D('',#3798,#3799,#3800);
#3798 = CARTESIAN_POINT('',(0.,0.,1.05178E+03));
#3799 = DIRECTION('',(0.,0.,1.));
#3800 = DIRECTION('',(1.,0.,-0.));
#3801 = PCURVE('',#3465,#3802);
#3802 = DEFINITIONAL_REPRESENTATION('',(#3803),#3807);
#3803 = LINE('',#3804,#3805);
#3804 = CARTESIAN_POINT('',(0.,78.));
#3805 = VECTOR('',#3806,1.);
#3806 = DIRECTION('',(1.,0.));
#3807 = ( GEOMETRIC_REPRESENTATION_CONTEXT(2) 
PARAMETRIC_REPRESENTATION_CONTEXT() REPRESENTATION_CONTEXT('2D SPACE',''
  ) );
#3808 = PCURVE('',#3809,#3814);
#3809 = PLANE('',#3810);
#3810 = AXIS2_PLACEMENT_3D('',#3811,#3812,#3813);
#3811 = CARTESIAN_POINT('',(0.,0.,1.05178E+03));
#3812 = DIRECTION('',(0.,0.,1.));
#3813 = DIRECTION('',(1.,0.,-0.));
#3814 = DEFINITIONAL_REPRESENTATION('',(#3815),#3819);
#3815 = CIRCLE('',#3816,53.);
#3816 = AXIS2_PLACEMENT_2D('',#3817,#3818);
#3817 = CARTESIAN_POINT('',(0.,0.));
#3818 = DIRECTION('',(1.,0.));
#3819 = ( GEOMETRIC_REPRESENTATION_CONTEXT(2) 
PARAMETRIC_REPRESENTATION_CONTEXT() REPRESENTATION_CONTEXT('2D SPACE',''
  ) );
#3820 = ORIENTED_EDGE('',*,*,#3771,.F.);
#3821 = ORIENTED_EDGE('',*,*,#3822,.F.);
#3822 = EDGE_CURVE('',#3482,#3507,#3823,.T.);
#3823 = SURFACE_CURVE('',#3824,(#3907,#3993),.PCURVE_S1.);
#3824 = B_SPLINE_CURVE_WITH_KNOTS('',6,(#3825,#3826,#3827,#3828,#3829,
    #3830,#3831,#3832,#3833,#3834,#3835,#3836,#3837,#3838,#3839,#3840,
    #3841,#3842,#3843,#3844,#3845,#3846,#3847,#3848,#3849,#3850,#3851,
    #3852,#3853,#3854,#3855,#3856,#3857,#3858,#3859,#3860,#3861,#3862,
    #3863,#3864,#3865,#3866,#3867,#3868,#3869,#3870,#3871,#3872,#3873,
    #3874,#3875,#3876,#3877,#3878,#3879,#3880,#3881,#3882,#3883,#3884,
    #3885,#3886,#3887,#3888,#3889,#3890,#3891,#3892,#3893,#3894,#3895,
    #3896,#3897,#3898,#3899,#3900,#3901,#3902,#3903,#3904,#3905,#3906),
  .UNSPECIFIED.,.F.,.F.,(7,5,5,5,5,5,5,5,5,5,5,5,5,5,5,5,7),(0.,
    8.055649113656E-02,0.129538257131,0.196016653388,0.251773194096,
    0.299378707694,0.340306281561,0.3748142955,0.499733994185,
    0.625787884348,0.660229211177,0.701040370712,0.748443796152,
    0.803786099938,0.870754895418,0.920427697941,1.),.UNSPECIFIED.);
#3825 = CARTESIAN_POINT('',(53.,7.274280527961E-15,993.78));
#3826 = CARTESIAN_POINT('',(53.,0.987723323142,993.78));
#3827 = CARTESIAN_POINT('',(52.977911057083,1.973452160604,
    993.84161684577));
#3828 = CARTESIAN_POINT('',(52.933900072542,2.948281556862,
    993.96438282591));
#3829 = CARTESIAN_POINT('',(52.869393552023,3.903410373944,
    994.1456318474));
#3830 = CARTESIAN_POINT('',(52.787029486868,4.830451961703,
    994.38053425303));
#3831 = CARTESIAN_POINT('',(52.63139380105,6.263668639178,
    994.83314955393));
#3832 = CARTESIAN_POINT('',(52.567134795226,6.793094277971,
    995.02173635323));
#3833 = CARTESIAN_POINT('',(52.49808580968,7.309390378789,
    995.22662634738));
#3834 = CARTESIAN_POINT('',(52.424887924509,7.8120101743,995.4466609579)
  );
#3835 = CARTESIAN_POINT('',(52.348189821488,8.300478637542,
    995.68065698003));
#3836 = CARTESIAN_POINT('',(52.160658991562,9.417590807052,
    996.26228721247));
#3837 = CARTESIAN_POINT('',(52.047399881394,10.034094707379,
    996.62071673416));
#3838 = CARTESIAN_POINT('',(51.93028309248,10.623925483203,
    997.00022341904));
#3839 = CARTESIAN_POINT('',(51.810621371423,11.187253317745,
    997.39859338384));
#3840 = CARTESIAN_POINT('',(51.689607183126,11.724358585417,
    997.81383935562));
#3841 = CARTESIAN_POINT('',(51.466569872677,12.664374808889,
    998.60510199542));
#3842 = CARTESIAN_POINT('',(51.364609253346,13.075053117989,
    998.97672409499));
#3843 = CARTESIAN_POINT('',(51.263026486527,13.467938599008,
    999.35809467546));
#3844 = CARTESIAN_POINT('',(51.162364862702,13.843340847087,
    999.74837580438));
#3845 = CARTESIAN_POINT('',(51.063112370139,14.20156939336,
    1.00014683699E+03));
#3846 = CARTESIAN_POINT('',(50.882537193954,14.834394998065,
    1.000899518129E+03));
#3847 = CARTESIAN_POINT('',(50.800714666538,15.113561757132,
    1.001251689603E+03));
#3848 = CARTESIAN_POINT('',(50.720513000018,15.380611158644,
    1.001608964686E+03));
#3849 = CARTESIAN_POINT('',(50.642184085438,15.635709591441,
    1.001970977211E+03));
#3850 = CARTESIAN_POINT('',(50.565957455012,15.879013671894,
    1.002337400058E+03));
#3851 = CARTESIAN_POINT('',(50.428494819902,16.309831805902,
    1.003026511593E+03));
#3852 = CARTESIAN_POINT('',(50.366656830074,16.500381786061,
    1.003348120886E+03));
#3853 = CARTESIAN_POINT('',(50.306663400202,16.682404186347,
    1.003672573927E+03));
#3854 = CARTESIAN_POINT('',(50.248639944624,16.855976235049,
    1.003999685484E+03));
#3855 = CARTESIAN_POINT('',(50.192701742724,17.021168917487,
    1.004329284285E+03));
#3856 = CARTESIAN_POINT('',(50.093636570039,17.310318442873,
    1.004941078158E+03));
#3857 = CARTESIAN_POINT('',(50.04987718883,17.436676929123,
    1.005222594817E+03));
#3858 = CARTESIAN_POINT('',(50.007739708958,17.557158962093,
    1.005505663914E+03));
#3859 = CARTESIAN_POINT('',(49.967283628256,17.671797262134,
    1.005790188886E+03));
#3860 = CARTESIAN_POINT('',(49.928564028724,17.780620742619,
    1.006076075689E+03));
#3861 = CARTESIAN_POINT('',(49.757935363034,18.25663880259,
    1.007402747244E+03));
#3862 = CARTESIAN_POINT('',(49.647623959607,18.553851006458,
    1.008459180175E+03));
#3863 = CARTESIAN_POINT('',(49.563170558793,18.77628548744,
    1.00952782167E+03));
#3864 = CARTESIAN_POINT('',(49.506211887871,18.924627584544,
    1.010604484563E+03));
#3865 = CARTESIAN_POINT('',(49.477569224159,18.999214309229,
    1.011685260796E+03));
#3866 = CARTESIAN_POINT('',(49.47696687433,19.000782868837,
    1.013857109677E+03));
#3867 = CARTESIAN_POINT('',(49.505524318286,18.926418108415,
    1.014947763203E+03));
#3868 = CARTESIAN_POINT('',(49.562924558279,18.776957751811,
    1.016034260525E+03));
#3869 = CARTESIAN_POINT('',(49.648326987363,18.552056435282,
    1.017112588808E+03));
#3870 = CARTESIAN_POINT('',(49.760045587227,18.2510074148,
    1.018178445638E+03));
#3871 = CARTESIAN_POINT('',(49.932544104065,17.769442560856,
    1.01951347358E+03));
#3872 = CARTESIAN_POINT('',(49.971337944016,17.660332515674,
    1.019798690882E+03));
#3873 = CARTESIAN_POINT('',(50.011857858382,17.545428259974,
    1.020082545274E+03));
#3874 = CARTESIAN_POINT('',(50.054048862854,17.42470086203,
    1.020364943145E+03));
#3875 = CARTESIAN_POINT('',(50.097851590184,17.298117600706,
    1.020645788358E+03));
#3876 = CARTESIAN_POINT('',(50.19694048272,17.008665310301,
    1.021255812325E+03));
#3877 = CARTESIAN_POINT('',(50.252851014744,16.843418143726,
    1.02158431705E+03));
#3878 = CARTESIAN_POINT('',(50.310829296063,16.669835936272,
    1.021910340188E+03));
#3879 = CARTESIAN_POINT('',(50.370760699923,16.487847990346,
    1.022233711625E+03));
#3880 = CARTESIAN_POINT('',(50.432520563001,16.297377440216,
    1.022554247368E+03));
#3881 = CARTESIAN_POINT('',(50.569677532561,15.86715455664,
    1.02324053816E+03));
#3882 = CARTESIAN_POINT('',(50.645664836597,15.624414777039,
    1.023605228791E+03));
#3883 = CARTESIAN_POINT('',(50.723729544959,15.369976001489,
    1.023965536403E+03));
#3884 = CARTESIAN_POINT('',(50.803644596636,15.103683258861,
    1.024321137382E+03));
#3885 = CARTESIAN_POINT('',(50.885160913581,14.825371999066,
    1.024671669621E+03));
#3886 = CARTESIAN_POINT('',(51.064725315412,14.195710982599,
    1.025419584917E+03));
#3887 = CARTESIAN_POINT('',(51.163255533542,13.839935733768,
    1.025814982189E+03));
#3888 = CARTESIAN_POINT('',(51.263169821757,13.467238691384,
    1.026202314179E+03));
#3889 = CARTESIAN_POINT('',(51.363990760089,13.077317131065,
    1.026580866157E+03));
#3890 = CARTESIAN_POINT('',(51.465187248405,12.669868268675,
    1.0269498191E+03));
#3891 = CARTESIAN_POINT('',(51.688370899989,11.729965209748,
    1.027741981028E+03));
#3892 = CARTESIAN_POINT('',(51.810292517492,11.189091933774,
    1.028160422259E+03));
#3893 = CARTESIAN_POINT('',(51.930847451392,10.621608808963,
    1.028561747102E+03));
#3894 = CARTESIAN_POINT('',(52.048816642586,10.027229588801,
    1.028943924007E+03));
#3895 = CARTESIAN_POINT('',(52.162857237308,9.405781667734,
    1.029304688239E+03));
#3896 = CARTESIAN_POINT('',(52.352099209688,8.276206952508,
    1.029891347515E+03));
#3897 = CARTESIAN_POINT('',(52.429736681811,7.780194764301,
    1.030128047612E+03));
#3898 = CARTESIAN_POINT('',(52.503749735266,7.269639703298,
    1.030350344007E+03));
#3899 = CARTESIAN_POINT('',(52.573460319087,6.745048045512,
    1.030556999285E+03));
#3900 = CARTESIAN_POINT('',(52.638199474312,6.20700227675,
    1.030746804193E+03));
#3901 = CARTESIAN_POINT('',(52.792034342983,4.773753637376,
    1.031193734922E+03));
#3902 = CARTESIAN_POINT('',(52.872527080044,3.856719807833,
    1.031423172275E+03));
#3903 = CARTESIAN_POINT('',(52.935506397056,2.912522367354,
    1.031600097885E+03));
#3904 = CARTESIAN_POINT('',(52.978450755915,1.949299495388,
    1.031719888655E+03));
#3905 = CARTESIAN_POINT('',(53.,0.975582103391,1.03178E+03));
#3906 = CARTESIAN_POINT('',(53.,2.32682891838E-15,1.03178E+03));
#3907 = PCURVE('',#3465,#3908);
#3908 = DEFINITIONAL_REPRESENTATION('',(#3909),#3992);
#3909 = B_SPLINE_CURVE_WITH_KNOTS('',6,(#3910,#3911,#3912,#3913,#3914,
    #3915,#3916,#3917,#3918,#3919,#3920,#3921,#3922,#3923,#3924,#3925,
    #3926,#3927,#3928,#3929,#3930,#3931,#3932,#3933,#3934,#3935,#3936,
    #3937,#3938,#3939,#3940,#3941,#3942,#3943,#3944,#3945,#3946,#3947,
    #3948,#3949,#3950,#3951,#3952,#3953,#3954,#3955,#3956,#3957,#3958,
    #3959,#3960,#3961,#3962,#3963,#3964,#3965,#3966,#3967,#3968,#3969,
    #3970,#3971,#3972,#3973,#3974,#3975,#3976,#3977,#3978,#3979,#3980,
    #3981,#3982,#3983,#3984,#3985,#3986,#3987,#3988,#3989,#3990,#3991),
  .UNSPECIFIED.,.F.,.F.,(7,5,5,5,5,5,5,5,5,5,5,5,5,5,5,5,7),(0.,
    8.055649113656E-02,0.129538257131,0.196016653388,0.251773194096,
    0.299378707694,0.340306281561,0.3748142955,0.499733994185,
    0.625787884348,0.660229211177,0.701040370712,0.748443796152,
    0.803786099938,0.870754895418,0.920427697941,1.),.UNSPECIFIED.);
#3910 = CARTESIAN_POINT('',(0.,20.));
#3911 = CARTESIAN_POINT('',(1.863628911588E-02,20.));
#3912 = CARTESIAN_POINT('',(3.723494996283E-02,20.06161684577));
#3913 = CARTESIAN_POINT('',(5.563959048714E-02,20.184382825909));
#3914 = CARTESIAN_POINT('',(7.369565493983E-02,20.365631847402));
#3915 = CARTESIAN_POINT('',(9.1252551343E-02,20.600534253039));
#3916 = CARTESIAN_POINT('',(0.118453349392,21.053149553931));
#3917 = CARTESIAN_POINT('',(0.128515021238,21.241736353237));
#3918 = CARTESIAN_POINT('',(0.138342132564,21.446626347385));
#3919 = CARTESIAN_POINT('',(0.147924645547,21.666660957908));
#3920 = CARTESIAN_POINT('',(0.157253431819,21.90065698003));
#3921 = CARTESIAN_POINT('',(0.178625947144,22.482287212479));
#3922 = CARTESIAN_POINT('',(0.190451364568,22.840716734169));
#3923 = CARTESIAN_POINT('',(0.201795863008,23.220223419048));
#3924 = CARTESIAN_POINT('',(0.212660556493,23.618593383846));
#3925 = CARTESIAN_POINT('',(0.223047985745,24.033839355624));
#3926 = CARTESIAN_POINT('',(0.241276550623,24.825101995423));
#3927 = CARTESIAN_POINT('',(0.249260009238,25.196724094994));
#3928 = CARTESIAN_POINT('',(0.256916209504,25.57809467546));
#3929 = CARTESIAN_POINT('',(0.264249096321,25.968375804387));
#3930 = CARTESIAN_POINT('',(0.271262549963,26.366836990061));
#3931 = CARTESIAN_POINT('',(0.283679244822,27.119518128693));
#3932 = CARTESIAN_POINT('',(0.289167984855,27.471689603177));
#3933 = CARTESIAN_POINT('',(0.294428815322,27.82896468628));
#3934 = CARTESIAN_POINT('',(0.299463653958,28.190977211125));
#3935 = CARTESIAN_POINT('',(0.30427425612,28.557400057977));
#3936 = CARTESIAN_POINT('',(0.312806652879,29.246511593068));
#3937 = CARTESIAN_POINT('',(0.31658647324,29.568120886458));
#3938 = CARTESIAN_POINT('',(0.320202536164,29.89257392689));
#3939 = CARTESIAN_POINT('',(0.323655579804,30.219685484029));
#3940 = CARTESIAN_POINT('',(0.326946253883,30.549284285345));
#3941 = CARTESIAN_POINT('',(0.332713217544,31.161078158005));
#3942 = CARTESIAN_POINT('',(0.335236245331,31.44259481692));
#3943 = CARTESIAN_POINT('',(0.337644495043,31.725663913642));
#3944 = CARTESIAN_POINT('',(0.339938207058,32.010188886026));
#3945 = CARTESIAN_POINT('',(0.342117570139,32.296075689));
#3946 = CARTESIAN_POINT('',(0.351658610287,33.622747243765));
#3947 = CARTESIAN_POINT('',(0.357639832458,34.679180174809));
#3948 = CARTESIAN_POINT('',(0.362128918359,35.747821669541));
#3949 = CARTESIAN_POINT('',(0.365127138208,36.824484563406));
#3950 = CARTESIAN_POINT('',(0.366634606439,37.905260796251));
#3951 = CARTESIAN_POINT('',(0.36666630907,40.077109677091));
#3952 = CARTESIAN_POINT('',(0.365163328492,41.167763203063));
#3953 = CARTESIAN_POINT('',(0.362142420606,42.254260524551));
#3954 = CARTESIAN_POINT('',(0.357603469477,43.332588807526));
#3955 = CARTESIAN_POINT('',(0.351545154558,44.398445637841));
#3956 = CARTESIAN_POINT('',(0.341893691121,45.73347357985));
#3957 = CARTESIAN_POINT('',(0.339708764439,46.01869088154));
#3958 = CARTESIAN_POINT('',(0.337409919621,46.302545274281));
#3959 = CARTESIAN_POINT('',(0.334996966555,46.584943145265));
#3960 = CARTESIAN_POINT('',(0.33246966359,46.865788358286));
#3961 = CARTESIAN_POINT('',(0.326697150524,47.47581232499));
#3962 = CARTESIAN_POINT('',(0.323405670159,47.804317049627));
#3963 = CARTESIAN_POINT('',(0.319952714851,48.130340188307));
#3964 = CARTESIAN_POINT('',(0.316337635487,48.453711625188));
#3965 = CARTESIAN_POINT('',(0.312559695438,48.774247367932));
#3966 = CARTESIAN_POINT('',(0.304039751215,49.460538160374));
#3967 = CARTESIAN_POINT('',(0.299240658753,49.825228791343));
#3968 = CARTESIAN_POINT('',(0.294219180404,50.185536402856));
#3969 = CARTESIAN_POINT('',(0.288973577109,50.541137381986));
#3970 = CARTESIAN_POINT('',(0.283501950451,50.891669620678));
#3971 = CARTESIAN_POINT('',(0.271147905881,51.639584917423));
#3972 = CARTESIAN_POINT('',(0.264182695061,52.034982188852));
#3973 = CARTESIAN_POINT('',(0.256902752069,52.42231417928));
#3974 = CARTESIAN_POINT('',(0.249304281068,52.800866157025));
#3975 = CARTESIAN_POINT('',(0.241383423533,53.169819100247));
#3976 = CARTESIAN_POINT('',(0.223156298439,53.961981028318));
#3977 = CARTESIAN_POINT('',(0.212695763242,54.380422258964));
#3978 = CARTESIAN_POINT('',(0.20175090515,54.781747102202));
#3979 = CARTESIAN_POINT('',(0.190319136696,55.163924007428));
#3980 = CARTESIAN_POINT('',(0.178399341952,55.524688238817));
#3981 = CARTESIAN_POINT('',(0.156789582862,56.111347515061));
#3982 = CARTESIAN_POINT('',(0.147317458064,56.348047612498));
#3983 = CARTESIAN_POINT('',(0.137584611036,56.570344007056));
#3984 = CARTESIAN_POINT('',(0.127600754537,56.776999284652));
#3985 = CARTESIAN_POINT('',(0.117376566603,56.966804193008));
#3986 = CARTESIAN_POINT('',(9.017881610224E-02,57.413734922238));
#3987 = CARTESIAN_POINT('',(7.281302158679E-02,57.643172274521));
#3988 = CARTESIAN_POINT('',(5.496446541627E-02,57.820097885128));
#3989 = CARTESIAN_POINT('',(3.677923903935E-02,57.939888655166));
#3990 = CARTESIAN_POINT('',(1.840720949794E-02,58.));
#3991 = CARTESIAN_POINT('',(0.,58.));
#3992 = ( GEOMETRIC_REPRESENTATION_CONTEXT(2) 
PARAMETRIC_REPRESENTATION_CONTEXT() REPRESENTATION_CONTEXT('2D SPACE',''
  ) );
#3993 = PCURVE('',#3680,#3994);
#3994 = DEFINITIONAL_REPRESENTATION('',(#3995),#4078);
#3995 = B_SPLINE_CURVE_WITH_KNOTS('',6,(#3996,#3997,#3998,#3999,#4000,
    #4001,#4002,#4003,#4004,#4005,#4006,#4007,#4008,#4009,#4010,#4011,
    #4012,#4013,#4014,#4015,#4016,#4017,#4018,#4019,#4020,#4021,#4022,
    #4023,#4024,#4025,#4026,#4027,#4028,#4029,#4030,#4031,#4032,#4033,
    #4034,#4035,#4036,#4037,#4038,#4039,#4040,#4041,#4042,#4043,#4044,
    #4045,#4046,#4047,#4048,#4049,#4050,#4051,#4052,#4053,#4054,#4055,
    #4056,#4057,#4058,#4059,#4060,#4061,#4062,#4063,#4064,#4065,#4066,
    #4067,#4068,#4069,#4070,#4071,#4072,#4073,#4074,#4075,#4076,#4077),
  .UNSPECIFIED.,.F.,.F.,(7,5,5,5,5,5,5,5,5,5,5,5,5,5,5,5,7),(0.,
    8.055649113656E-02,0.129538257131,0.196016653388,0.251773194096,
    0.299378707694,0.340306281561,0.3748142955,0.499733994185,
    0.625787884348,0.660229211177,0.701040370712,0.748443796152,
    0.803786099938,0.870754895418,0.920427697941,1.),.UNSPECIFIED.);
#3996 = CARTESIAN_POINT('',(3.14159265359,116.));
#3997 = CARTESIAN_POINT('',(3.19357809165,116.));
#3998 = CARTESIAN_POINT('',(3.245458551779,115.97791105708));
#3999 = CARTESIAN_POINT('',(3.297018271541,115.93390007254));
#4000 = CARTESIAN_POINT('',(3.348041657439,115.86939355202));
#4001 = CARTESIAN_POINT('',(3.398291470556,115.78702948686));
#4002 = CARTESIAN_POINT('',(3.477396062338,115.63139380105));
#4003 = CARTESIAN_POINT('',(3.506956107965,115.56713479522));
#4004 = CARTESIAN_POINT('',(3.53616375753,115.49808580968));
#4005 = CARTESIAN_POINT('',(3.56501576178,115.4248879245));
#4006 = CARTESIAN_POINT('',(3.59350643705,115.34818982148));
#4007 = CARTESIAN_POINT('',(3.659793676656,115.16065899156));
#4008 = CARTESIAN_POINT('',(3.697285929736,115.04739988139));
#4009 = CARTESIAN_POINT('',(3.734145258519,114.93028309248));
#4010 = CARTESIAN_POINT('',(3.770408479321,114.81062137142));
#4011 = CARTESIAN_POINT('',(3.806109423858,114.68960718312));
#4012 = CARTESIAN_POINT('',(3.870778345556,114.46656987267));
#4013 = CARTESIAN_POINT('',(3.899910111751,114.36460925334));
#4014 = CARTESIAN_POINT('',(3.928702032167,114.26302648652));
#4015 = CARTESIAN_POINT('',(3.957178698865,114.1623648627));
#4016 = CARTESIAN_POINT('',(3.985364030455,114.06311237013));
#4017 = CARTESIAN_POINT('',(4.037119826695,113.88253719395));
#4018 = CARTESIAN_POINT('',(4.060762539733,113.80071466653));
#4019 = CARTESIAN_POINT('',(4.084224809542,113.72051300001));
#4020 = CARTESIAN_POINT('',(4.107519927498,113.64218408543));
#4021 = CARTESIAN_POINT('',(4.130660895069,113.56595745501));
#4022 = CARTESIAN_POINT('',(4.173434504234,113.4284948199));
#4023 = CARTESIAN_POINT('',(4.193103706849,113.36665683007));
#4024 = CARTESIAN_POINT('',(4.212675752473,113.3066634002));
#4025 = CARTESIAN_POINT('',(4.232157774147,113.24863994462));
#4026 = CARTESIAN_POINT('',(4.251556772816,113.19270174272));
#4027 = CARTESIAN_POINT('',(4.287171640648,113.09363657003));
#4028 = CARTESIAN_POINT('',(4.303409279137,113.04987718883));
#4029 = CARTESIAN_POINT('',(4.319596394316,113.00773970895));
#4030 = CARTESIAN_POINT('',(4.335736672156,112.96728362825));
#4031 = CARTESIAN_POINT('',(4.351833623088,112.92856402872));
#4032 = CARTESIAN_POINT('',(4.426017093476,112.75793536303));
#4033 = CARTESIAN_POINT('',(4.483634956938,112.6476239596));
#4034 = CARTESIAN_POINT('',(4.540881658691,112.56317055879));
#4035 = CARTESIAN_POINT('',(4.597885381147,112.50621188787));
#4036 = CARTESIAN_POINT('',(4.654771112654,112.47756922415));
#4037 = CARTESIAN_POINT('',(4.7690789783,112.47696687433));
#4038 = CARTESIAN_POINT('',(4.826478902457,112.50552431828));
#4039 = CARTESIAN_POINT('',(4.883998024609,112.56292455827));
#4040 = CARTESIAN_POINT('',(4.941764738817,112.64832698736));
#4041 = CARTESIAN_POINT('',(4.999910760693,112.76004558722));
#4042 = CARTESIAN_POINT('',(5.074606900731,112.93254410406));
#4043 = CARTESIAN_POINT('',(5.090676322814,112.97133794401));
#4044 = CARTESIAN_POINT('',(5.106789139841,113.01185785838));
#4045 = CARTESIAN_POINT('',(5.122948850475,113.05404886285));
#4046 = CARTESIAN_POINT('',(5.139159128153,113.09785159018));
#4047 = CARTESIAN_POINT('',(5.174696626135,113.19694048272));
#4048 = CARTESIAN_POINT('',(5.194045491064,113.25285101474));
#4049 = CARTESIAN_POINT('',(5.213477241465,113.31082929606));
#4050 = CARTESIAN_POINT('',(5.232998833322,113.37076069992));
#4051 = CARTESIAN_POINT('',(5.252617353005,113.432520563));
#4052 = CARTESIAN_POINT('',(5.295248502494,113.56967753256));
#4053 = CARTESIAN_POINT('',(5.318297208098,113.64566483659));
#4054 = CARTESIAN_POINT('',(5.341499149542,113.72372954495));
#4055 = CARTESIAN_POINT('',(5.36486718047,113.80364459663));
#4056 = CARTESIAN_POINT('',(5.388414439809,113.88516091358));
#4057 = CARTESIAN_POINT('',(5.43987106939,114.06472531541));
#4058 = CARTESIAN_POINT('',(5.467850491365,114.16325553354));
#4059 = CARTESIAN_POINT('',(5.496117123209,114.26316982175));
#4060 = CARTESIAN_POINT('',(5.524694365035,114.36399076008));
#4061 = CARTESIAN_POINT('',(5.553606270543,114.4651872484));
#4062 = CARTESIAN_POINT('',(5.618301128141,114.68837089998));
#4063 = CARTESIAN_POINT('',(5.654261165832,114.81029251749));
#4064 = CARTESIAN_POINT('',(5.69079163824,114.93084745139));
#4065 = CARTESIAN_POINT('',(5.727927078115,115.04881664258));
#4066 = CARTESIAN_POINT('',(5.765705095463,115.1628572373));
#4067 = CARTESIAN_POINT('',(5.832696394846,115.35209920968));
#4068 = CARTESIAN_POINT('',(5.861605967303,115.42973668181));
#4069 = CARTESIAN_POINT('',(5.890887207836,115.50374973526));
#4070 = CARTESIAN_POINT('',(5.920533783405,115.57346031908));
#4071 = CARTESIAN_POINT('',(5.950541959538,115.63819947431));
#4072 = CARTESIAN_POINT('',(6.029558573714,115.79203434298));
#4073 = CARTESIAN_POINT('',(6.07923009211,115.87252708004));
#4074 = CARTESIAN_POINT('',(6.129650964822,115.93550639705));
#4075 = CARTESIAN_POINT('',(6.18059060149,115.97845075591));
#4076 = CARTESIAN_POINT('',(6.231838880685,116.));
#4077 = CARTESIAN_POINT('',(6.28318530718,116.));
#4078 = ( GEOMETRIC_REPRESENTATION_CONTEXT(2) 
PARAMETRIC_REPRESENTATION_CONTEXT() REPRESENTATION_CONTEXT('2D SPACE',''
  ) );
#4079 = FACE_BOUND('',#4080,.T.);
#4080 = EDGE_LOOP('',(#4081));
#4081 = ORIENTED_EDGE('',*,*,#4082,.T.);
#4082 = EDGE_CURVE('',#4083,#4083,#4085,.T.);
#4083 = VERTEX_POINT('',#4084);
#4084 = CARTESIAN_POINT('',(-53.,4.65365783676E-15,1.03178E+03));
#4085 = SURFACE_CURVE('',#4086,(#4249,#4415),.PCURVE_S1.);
#4086 = B_SPLINE_CURVE_WITH_KNOTS('',6,(#4087,#4088,#4089,#4090,#4091,
    #4092,#4093,#4094,#4095,#4096,#4097,#4098,#4099,#4100,#4101,#4102,
    #4103,#4104,#4105,#4106,#4107,#4108,#4109,#4110,#4111,#4112,#4113,
    #4114,#4115,#4116,#4117,#4118,#4119,#4120,#4121,#4122,#4123,#4124,
    #4125,#4126,#4127,#4128,#4129,#4130,#4131,#4132,#4133,#4134,#4135,
    #4136,#4137,#4138,#4139,#4140,#4141,#4142,#4143,#4144,#4145,#4146,
    #4147,#4148,#4149,#4150,#4151,#4152,#4153,#4154,#4155,#4156,#4157,
    #4158,#4159,#4160,#4161,#4162,#4163,#4164,#4165,#4166,#4167,#4168,
    #4169,#4170,#4171,#4172,#4173,#4174,#4175,#4176,#4177,#4178,#4179,
    #4180,#4181,#4182,#4183,#4184,#4185,#4186,#4187,#4188,#4189,#4190,
    #4191,#4192,#4193,#4194,#4195,#4196,#4197,#4198,#4199,#4200,#4201,
    #4202,#4203,#4204,#4205,#4206,#4207,#4208,#4209,#4210,#4211,#4212,
    #4213,#4214,#4215,#4216,#4217,#4218,#4219,#4220,#4221,#4222,#4223,
    #4224,#4225,#4226,#4227,#4228,#4229,#4230,#4231,#4232,#4233,#4234,
    #4235,#4236,#4237,#4238,#4239,#4240,#4241,#4242,#4243,#4244,#4245,
    #4246,#4247,#4248),.UNSPECIFIED.,.T.,.F.,(7,5,5,5,5,5,5,5,5,5,5,5,5,
    5,5,5,5,5,5,5,5,5,5,5,5,5,5,5,5,5,5,5,7),(0.,4.028353981237E-02,
    6.477764192399E-02,9.802120905281E-02,0.12590314376,0.149709029222,
    0.170175505941,0.187431780797,0.249899839938,0.312935069357,
    0.330157996276,0.350566258178,0.37427108628,0.401945875303,
    0.435434674272,0.46027434006,0.50006572063,0.527000206631,
    0.564810992108,0.598046994026,0.625922583664,0.64972305164,
    0.670184870503,0.687437217835,0.749891059255,0.812911939542,
    0.830130946535,0.85053456353,0.874233996429,0.901902486689,
    0.935383663633,0.96021767593,1.),.UNSPECIFIED.);
#4087 = CARTESIAN_POINT('',(-53.,7.105427357601E-15,1.03178E+03));
#4088 = CARTESIAN_POINT('',(-53.,-0.987723322865,1.03178E+03));
#4089 = CARTESIAN_POINT('',(-52.97791105709,-1.973452160674,
    1.031718383154E+03));
#4090 = CARTESIAN_POINT('',(-52.93390007252,-2.948281557135,
    1.031595617174E+03));
#4091 = CARTESIAN_POINT('',(-52.869393552,-3.903410374016,
    1.031414368153E+03));
#4092 = CARTESIAN_POINT('',(-52.78702948689,-4.830451961438,
    1.031179465747E+03));
#4093 = CARTESIAN_POINT('',(-52.63139380105,-6.263668639101,
    1.030726850446E+03));
#4094 = CARTESIAN_POINT('',(-52.56713479522,-6.793094277991,
    1.030538263647E+03));
#4095 = CARTESIAN_POINT('',(-52.49808580967,-7.309390378857,
    1.030333373653E+03));
#4096 = CARTESIAN_POINT('',(-52.4248879245,-7.812010174316,
    1.030113339042E+03));
#4097 = CARTESIAN_POINT('',(-52.34818982149,-8.300478637481,
    1.02987934302E+03));
#4098 = CARTESIAN_POINT('',(-52.16065899156,-9.417590807051,
    1.029297712788E+03));
#4099 = CARTESIAN_POINT('',(-52.04739988139,-10.03409470738,
    1.028939283266E+03));
#4100 = CARTESIAN_POINT('',(-51.93028309247,-10.6239254832,
    1.028559776581E+03));
#4101 = CARTESIAN_POINT('',(-51.81062137142,-11.18725331774,
    1.028161406616E+03));
#4102 = CARTESIAN_POINT('',(-51.68960718312,-11.72435858541,
    1.027746160644E+03));
#4103 = CARTESIAN_POINT('',(-51.46656987267,-12.66437480889,
    1.026954898005E+03));
#4104 = CARTESIAN_POINT('',(-51.36460925334,-13.07505311799,
    1.026583275905E+03));
#4105 = CARTESIAN_POINT('',(-51.26302648652,-13.467938599,
    1.026201905325E+03));
#4106 = CARTESIAN_POINT('',(-51.1623648627,-13.84334084708,
    1.025811624196E+03));
#4107 = CARTESIAN_POINT('',(-51.06311237013,-14.20156939336,
    1.02541316301E+03));
#4108 = CARTESIAN_POINT('',(-50.88253719395,-14.83439499806,
    1.024660481871E+03));
#4109 = CARTESIAN_POINT('',(-50.80071466653,-15.11356175713,
    1.024308310397E+03));
#4110 = CARTESIAN_POINT('',(-50.72051300001,-15.38061115864,
    1.023951035314E+03));
#4111 = CARTESIAN_POINT('',(-50.64218408543,-15.63570959144,
    1.023589022789E+03));
#4112 = CARTESIAN_POINT('',(-50.56595745501,-15.87901367189,
    1.023222599942E+03));
#4113 = CARTESIAN_POINT('',(-50.4284948199,-16.3098318059,
    1.022533488407E+03));
#4114 = CARTESIAN_POINT('',(-50.36665683007,-16.50038178606,
    1.022211879114E+03));
#4115 = CARTESIAN_POINT('',(-50.3066634002,-16.68240418634,
    1.021887426073E+03));
#4116 = CARTESIAN_POINT('',(-50.24863994462,-16.85597623504,
    1.021560314516E+03));
#4117 = CARTESIAN_POINT('',(-50.19270174272,-17.02116891748,
    1.021230715715E+03));
#4118 = CARTESIAN_POINT('',(-50.09363657003,-17.31031844287,
    1.020618921842E+03));
#4119 = CARTESIAN_POINT('',(-50.04987718883,-17.43667692912,
    1.020337405183E+03));
#4120 = CARTESIAN_POINT('',(-50.00773970895,-17.55715896209,
    1.020054336086E+03));
#4121 = CARTESIAN_POINT('',(-49.96728362825,-17.67179726213,
    1.019769811114E+03));
#4122 = CARTESIAN_POINT('',(-49.92856402872,-17.78062074262,
    1.019483924311E+03));
#4123 = CARTESIAN_POINT('',(-49.75793536303,-18.25663880258,
    1.018157252756E+03));
#4124 = CARTESIAN_POINT('',(-49.6476239596,-18.55385100645,
    1.017100819825E+03));
#4125 = CARTESIAN_POINT('',(-49.56317055879,-18.77628548744,
    1.01603217833E+03));
#4126 = CARTESIAN_POINT('',(-49.50621188787,-18.92462758454,
    1.014955515437E+03));
#4127 = CARTESIAN_POINT('',(-49.47756922415,-18.99921430922,
    1.013874739204E+03));
#4128 = CARTESIAN_POINT('',(-49.47696687433,-19.00078286883,
    1.011702890323E+03));
#4129 = CARTESIAN_POINT('',(-49.50552431828,-18.92641810841,
    1.010612236797E+03));
#4130 = CARTESIAN_POINT('',(-49.56292455827,-18.77695775181,
    1.009525739475E+03));
#4131 = CARTESIAN_POINT('',(-49.64832698736,-18.55205643528,
    1.008447411192E+03));
#4132 = CARTESIAN_POINT('',(-49.76004558722,-18.25100741479,
    1.007381554362E+03));
#4133 = CARTESIAN_POINT('',(-49.93254410406,-17.76944256085,
    1.00604652642E+03));
#4134 = CARTESIAN_POINT('',(-49.97133794401,-17.66033251567,
    1.005761309118E+03));
#4135 = CARTESIAN_POINT('',(-50.01185785838,-17.54542825997,
    1.005477454726E+03));
#4136 = CARTESIAN_POINT('',(-50.05404886285,-17.42470086203,
    1.005195056855E+03));
#4137 = CARTESIAN_POINT('',(-50.09785159018,-17.2981176007,
    1.004914211642E+03));
#4138 = CARTESIAN_POINT('',(-50.19694048272,-17.0086653103,
    1.004304187675E+03));
#4139 = CARTESIAN_POINT('',(-50.25285101474,-16.84341814372,
    1.00397568295E+03));
#4140 = CARTESIAN_POINT('',(-50.31082929606,-16.66983593627,
    1.003649659812E+03));
#4141 = CARTESIAN_POINT('',(-50.37076069992,-16.48784799034,
    1.003326288375E+03));
#4142 = CARTESIAN_POINT('',(-50.432520563,-16.29737744021,
    1.003005752632E+03));
#4143 = CARTESIAN_POINT('',(-50.56967753256,-15.86715455664,
    1.00231946184E+03));
#4144 = CARTESIAN_POINT('',(-50.64566483659,-15.62441477703,
    1.001954771209E+03));
#4145 = CARTESIAN_POINT('',(-50.72372954495,-15.36997600148,
    1.001594463597E+03));
#4146 = CARTESIAN_POINT('',(-50.80364459663,-15.10368325886,
    1.001238862618E+03));
#4147 = CARTESIAN_POINT('',(-50.88516091358,-14.82537199906,
    1.000888330379E+03));
#4148 = CARTESIAN_POINT('',(-51.06472531541,-14.19571098259,
    1.000140415083E+03));
#4149 = CARTESIAN_POINT('',(-51.16325553354,-13.83993573376,
    999.74501781114));
#4150 = CARTESIAN_POINT('',(-51.26316982175,-13.46723869138,
    999.35768582071));
#4151 = CARTESIAN_POINT('',(-51.36399076008,-13.07731713106,
    998.97913384297));
#4152 = CARTESIAN_POINT('',(-51.4651872484,-12.66986826867,
    998.61018089975));
#4153 = CARTESIAN_POINT('',(-51.68837089998,-11.72996520974,
    997.81801897168));
#4154 = CARTESIAN_POINT('',(-51.81029251749,-11.18909193377,
    997.39957774103));
#4155 = CARTESIAN_POINT('',(-51.93084745139,-10.62160880896,
    996.99825289779));
#4156 = CARTESIAN_POINT('',(-52.04881664258,-10.02722958879,
    996.61607599257));
#4157 = CARTESIAN_POINT('',(-52.1628572373,-9.405781667735,
    996.25531176118));
#4158 = CARTESIAN_POINT('',(-52.35209920968,-8.276206952508,
    995.66865248493));
#4159 = CARTESIAN_POINT('',(-52.42973668181,-7.780194764301,
    995.4319523875));
#4160 = CARTESIAN_POINT('',(-52.50374973526,-7.269639703297,
    995.20965599294));
#4161 = CARTESIAN_POINT('',(-52.57346031908,-6.745048045512,
    995.00300071534));
#4162 = CARTESIAN_POINT('',(-52.63819947431,-6.20700227675,
    994.81319580699));
#4163 = CARTESIAN_POINT('',(-52.79203434298,-4.773753637377,
    994.36626507776));
#4164 = CARTESIAN_POINT('',(-52.87252708004,-3.856719807831,
    994.13682772547));
#4165 = CARTESIAN_POINT('',(-52.93550639705,-2.912522367356,
    993.95990211487));
#4166 = CARTESIAN_POINT('',(-52.97845075591,-1.949299495386,
    993.84011134483));
#4167 = CARTESIAN_POINT('',(-53.,-0.975582103391,993.78));
#4168 = CARTESIAN_POINT('',(-53.,0.660364182673,993.78));
#4169 = CARTESIAN_POINT('',(-52.99012647354,1.320427556482,
    993.80754195945));
#4170 = CARTESIAN_POINT('',(-52.97039627101,1.977237456317,
    993.8625787594));
#4171 = CARTESIAN_POINT('',(-52.9411068169,2.627853574179,
    993.94454206968));
#4172 = CARTESIAN_POINT('',(-52.90283286824,3.269395800742,
    994.05234663479));
#4173 = CARTESIAN_POINT('',(-52.79117326266,4.78306192774,
    994.36972904596));
#4174 = CARTESIAN_POINT('',(-52.70992711432,5.642649156043,
    994.60260755106));
#4175 = CARTESIAN_POINT('',(-52.61464158949,6.474408698253,
    994.87920887239));
#4176 = CARTESIAN_POINT('',(-52.50765134233,7.275285664078,
    995.19534603122));
#4177 = CARTESIAN_POINT('',(-52.39147010463,8.042660064327,
    995.54642240559));
#4178 = CARTESIAN_POINT('',(-52.16065899156,9.417590807038,
    996.26228721247));
#4179 = CARTESIAN_POINT('',(-52.04739988139,10.034094707383,
    996.62071673417));
#4180 = CARTESIAN_POINT('',(-51.93028309247,10.623925483217,
    997.00022341905));
#4181 = CARTESIAN_POINT('',(-51.81062137142,11.187253317748,
    997.39859338385));
#4182 = CARTESIAN_POINT('',(-51.68960718312,11.724358585404,
    997.81383935561));
#4183 = CARTESIAN_POINT('',(-51.46656987267,12.664374808888,
    998.60510199542));
#4184 = CARTESIAN_POINT('',(-51.36460925334,13.075053117989,
    998.97672409499));
#4185 = CARTESIAN_POINT('',(-51.26302648652,13.467938599009,
    999.35809467546));
#4186 = CARTESIAN_POINT('',(-51.1623648627,13.843340847087,
    999.74837580438));
#4187 = CARTESIAN_POINT('',(-51.06311237013,14.201569393361,
    1.00014683699E+03));
#4188 = CARTESIAN_POINT('',(-50.88253719395,14.834394998066,
    1.000899518129E+03));
#4189 = CARTESIAN_POINT('',(-50.80071466653,15.113561757133,
    1.001251689603E+03));
#4190 = CARTESIAN_POINT('',(-50.72051300001,15.380611158644,
    1.001608964686E+03));
#4191 = CARTESIAN_POINT('',(-50.64218408543,15.63570959144,
    1.001970977211E+03));
#4192 = CARTESIAN_POINT('',(-50.56595745501,15.879013671893,
    1.002337400058E+03));
#4193 = CARTESIAN_POINT('',(-50.42849482088,16.309831802823,
    1.003026511588E+03));
#4194 = CARTESIAN_POINT('',(-50.3666568299,16.500381786509,
    1.003348120888E+03));
#4195 = CARTESIAN_POINT('',(-50.3066633993,16.682404189075,
    1.003672573932E+03));
#4196 = CARTESIAN_POINT('',(-50.24863994431,16.855976236054,
    1.003999685485E+03));
#4197 = CARTESIAN_POINT('',(-50.19270174354,17.021168915105,
    1.00432928428E+03));
#4198 = CARTESIAN_POINT('',(-50.09363657003,17.310318442873,
    1.004941078158E+03));
#4199 = CARTESIAN_POINT('',(-50.04987718883,17.436676929123,
    1.005222594817E+03));
#4200 = CARTESIAN_POINT('',(-50.00773970895,17.557158962093,
    1.005505663914E+03));
#4201 = CARTESIAN_POINT('',(-49.96728362825,17.671797262134,
    1.005790188886E+03));
#4202 = CARTESIAN_POINT('',(-49.92856402872,17.780620742619,
    1.006076075689E+03));
#4203 = CARTESIAN_POINT('',(-49.75793536303,18.256638802581,
    1.007402747244E+03));
#4204 = CARTESIAN_POINT('',(-49.6476239596,18.553851006464,
    1.008459180175E+03));
#4205 = CARTESIAN_POINT('',(-49.56317055879,18.776285487445,
    1.00952782167E+03));
#4206 = CARTESIAN_POINT('',(-49.50621188787,18.92462758454,
    1.010604484563E+03));
#4207 = CARTESIAN_POINT('',(-49.47756922415,18.999214309229,
    1.011685260796E+03));
#4208 = CARTESIAN_POINT('',(-49.47696687434,19.000782868808,
    1.013857109637E+03));
#4209 = CARTESIAN_POINT('',(-49.50552432179,18.926418098713,
    1.014947763267E+03));
#4210 = CARTESIAN_POINT('',(-49.56292455592,18.77695775839,
    1.016034260525E+03));
#4211 = CARTESIAN_POINT('',(-49.64832698274,18.552056448085,
    1.017112588744E+03));
#4212 = CARTESIAN_POINT('',(-49.76004559229,18.251007400652,
    1.018178445677E+03));
#4213 = CARTESIAN_POINT('',(-49.93254410406,17.769442560856,
    1.01951347358E+03));
#4214 = CARTESIAN_POINT('',(-49.97133794401,17.660332515674,
    1.019798690882E+03));
#4215 = CARTESIAN_POINT('',(-50.01185785838,17.545428259974,
    1.020082545274E+03));
#4216 = CARTESIAN_POINT('',(-50.05404886285,17.42470086203,
    1.020364943145E+03));
#4217 = CARTESIAN_POINT('',(-50.09785159018,17.298117600706,
    1.020645788358E+03));
#4218 = CARTESIAN_POINT('',(-50.19694048272,17.008665310302,
    1.021255812325E+03));
#4219 = CARTESIAN_POINT('',(-50.25285101474,16.843418143727,
    1.02158431705E+03));
#4220 = CARTESIAN_POINT('',(-50.31082929606,16.669835936272,
    1.021910340188E+03));
#4221 = CARTESIAN_POINT('',(-50.37076069992,16.487847990345,
    1.022233711625E+03));
#4222 = CARTESIAN_POINT('',(-50.432520563,16.297377440214,
    1.022554247368E+03));
#4223 = CARTESIAN_POINT('',(-50.56967753256,15.86715455664,
    1.02324053816E+03));
#4224 = CARTESIAN_POINT('',(-50.64566483659,15.624414777039,
    1.023605228791E+03));
#4225 = CARTESIAN_POINT('',(-50.72372954495,15.369976001489,
    1.023965536403E+03));
#4226 = CARTESIAN_POINT('',(-50.80364459663,15.103683258861,
    1.024321137382E+03));
#4227 = CARTESIAN_POINT('',(-50.88516091358,14.825371999067,
    1.024671669621E+03));
#4228 = CARTESIAN_POINT('',(-51.06472531541,14.195710982598,
    1.025419584917E+03));
#4229 = CARTESIAN_POINT('',(-51.16325553354,13.839935733767,
    1.025814982189E+03));
#4230 = CARTESIAN_POINT('',(-51.26316982175,13.467238691384,
    1.026202314179E+03));
#4231 = CARTESIAN_POINT('',(-51.36399076008,13.077317131066,
    1.026580866157E+03));
#4232 = CARTESIAN_POINT('',(-51.4651872484,12.669868268675,
    1.0269498191E+03));
#4233 = CARTESIAN_POINT('',(-51.68837089999,11.729965209709,
    1.027741981028E+03));
#4234 = CARTESIAN_POINT('',(-51.81029251748,11.189091933785,
    1.028160422259E+03));
#4235 = CARTESIAN_POINT('',(-51.93084745138,10.621608809006,
    1.028561747102E+03));
#4236 = CARTESIAN_POINT('',(-52.04881664258,10.027229588813,
    1.028943924007E+03));
#4237 = CARTESIAN_POINT('',(-52.16285723731,9.405781667685,
    1.029304688239E+03));
#4238 = CARTESIAN_POINT('',(-52.35209920967,8.27620695259,
    1.029891347515E+03));
#4239 = CARTESIAN_POINT('',(-52.42973668181,7.780194764279,
    1.030128047613E+03));
#4240 = CARTESIAN_POINT('',(-52.50374973527,7.269639703205,
    1.030350344007E+03));
#4241 = CARTESIAN_POINT('',(-52.57346031908,6.745048045485,
    1.030556999285E+03));
#4242 = CARTESIAN_POINT('',(-52.6381994743,6.207002276855,
    1.030746804193E+03));
#4243 = CARTESIAN_POINT('',(-52.79203434298,4.773753637377,
    1.031193734922E+03));
#4244 = CARTESIAN_POINT('',(-52.87252708004,3.856719807832,
    1.031423172275E+03));
#4245 = CARTESIAN_POINT('',(-52.93550639705,2.912522367354,
    1.031600097885E+03));
#4246 = CARTESIAN_POINT('',(-52.97845075591,1.949299495386,
    1.031719888655E+03));
#4247 = CARTESIAN_POINT('',(-53.,0.975582103392,1.03178E+03));
#4248 = CARTESIAN_POINT('',(-53.,7.105427357601E-15,1.03178E+03));
#4249 = PCURVE('',#3465,#4250);
#4250 = DEFINITIONAL_REPRESENTATION('',(#4251),#4414);
#4251 = B_SPLINE_CURVE_WITH_KNOTS('',6,(#4252,#4253,#4254,#4255,#4256,
    #4257,#4258,#4259,#4260,#4261,#4262,#4263,#4264,#4265,#4266,#4267,
    #4268,#4269,#4270,#4271,#4272,#4273,#4274,#4275,#4276,#4277,#4278,
    #4279,#4280,#4281,#4282,#4283,#4284,#4285,#4286,#4287,#4288,#4289,
    #4290,#4291,#4292,#4293,#4294,#4295,#4296,#4297,#4298,#4299,#4300,
    #4301,#4302,#4303,#4304,#4305,#4306,#4307,#4308,#4309,#4310,#4311,
    #4312,#4313,#4314,#4315,#4316,#4317,#4318,#4319,#4320,#4321,#4322,
    #4323,#4324,#4325,#4326,#4327,#4328,#4329,#4330,#4331,#4332,#4333,
    #4334,#4335,#4336,#4337,#4338,#4339,#4340,#4341,#4342,#4343,#4344,
    #4345,#4346,#4347,#4348,#4349,#4350,#4351,#4352,#4353,#4354,#4355,
    #4356,#4357,#4358,#4359,#4360,#4361,#4362,#4363,#4364,#4365,#4366,
    #4367,#4368,#4369,#4370,#4371,#4372,#4373,#4374,#4375,#4376,#4377,
    #4378,#4379,#4380,#4381,#4382,#4383,#4384,#4385,#4386,#4387,#4388,
    #4389,#4390,#4391,#4392,#4393,#4394,#4395,#4396,#4397,#4398,#4399,
    #4400,#4401,#4402,#4403,#4404,#4405,#4406,#4407,#4408,#4409,#4410,
    #4411,#4412,#4413),.UNSPECIFIED.,.T.,.F.,(7,5,5,5,5,5,5,5,5,5,5,5,5,
    5,5,5,5,5,5,5,5,5,5,5,5,5,5,5,5,5,5,5,7),(0.,4.028353981237E-02,
    6.477764192399E-02,9.802120905281E-02,0.12590314376,0.149709029222,
    0.170175505941,0.187431780797,0.249899839938,0.312935069357,
    0.330157996276,0.350566258178,0.37427108628,0.401945875303,
    0.435434674272,0.46027434006,0.50006572063,0.527000206631,
    0.564810992108,0.598046994026,0.625922583664,0.64972305164,
    0.670184870503,0.687437217835,0.749891059255,0.812911939542,
    0.830130946535,0.85053456353,0.874233996429,0.901902486689,
    0.935383663633,0.96021767593,1.),.UNSPECIFIED.);
#4252 = CARTESIAN_POINT('',(3.14159265359,58.));
#4253 = CARTESIAN_POINT('',(3.1602289427,58.));
#4254 = CARTESIAN_POINT('',(3.178827603554,57.938383154264));
#4255 = CARTESIAN_POINT('',(3.197232244082,57.815617174048));
#4256 = CARTESIAN_POINT('',(3.215288308531,57.634368152542));
#4257 = CARTESIAN_POINT('',(3.232845204928,57.399465747045));
#4258 = CARTESIAN_POINT('',(3.26004600298,56.946850446093));
#4259 = CARTESIAN_POINT('',(3.270107674828,56.758263646763));
#4260 = CARTESIAN_POINT('',(3.279934786155,56.553373652587));
#4261 = CARTESIAN_POINT('',(3.289517299137,56.333339042078));
#4262 = CARTESIAN_POINT('',(3.298846085408,56.099343020002));
#4263 = CARTESIAN_POINT('',(3.320218600734,55.517712787522));
#4264 = CARTESIAN_POINT('',(3.332044018158,55.159283265829));
#4265 = CARTESIAN_POINT('',(3.343388516598,54.779776580952));
#4266 = CARTESIAN_POINT('',(3.354253210083,54.381406616155));
#4267 = CARTESIAN_POINT('',(3.364640639335,53.966160644377));
#4268 = CARTESIAN_POINT('',(3.382869204213,53.174898004576));
#4269 = CARTESIAN_POINT('',(3.390852662828,52.803275905005));
#4270 = CARTESIAN_POINT('',(3.398508863093,52.42190532454));
#4271 = CARTESIAN_POINT('',(3.405841749911,52.031624195614));
#4272 = CARTESIAN_POINT('',(3.412855203553,51.63316300994));
#4273 = CARTESIAN_POINT('',(3.425271898412,50.880481871306));
#4274 = CARTESIAN_POINT('',(3.430760638445,50.528310396822));
#4275 = CARTESIAN_POINT('',(3.436021468912,50.17103531372));
#4276 = CARTESIAN_POINT('',(3.441056307548,49.809022788875));
#4277 = CARTESIAN_POINT('',(3.445866909709,49.442599942025));
#4278 = CARTESIAN_POINT('',(3.454399306469,48.753488406932));
#4279 = CARTESIAN_POINT('',(3.45817912683,48.431879113543));
#4280 = CARTESIAN_POINT('',(3.461795189754,48.107426073111));
#4281 = CARTESIAN_POINT('',(3.465248233394,47.78031451597));
#4282 = CARTESIAN_POINT('',(3.468538907473,47.450715714653));
#4283 = CARTESIAN_POINT('',(3.474305871134,46.838921841995));
#4284 = CARTESIAN_POINT('',(3.476828898921,46.55740518308));
#4285 = CARTESIAN_POINT('',(3.479237148633,46.274336086358));
#4286 = CARTESIAN_POINT('',(3.481530860648,45.989811113974));
#4287 = CARTESIAN_POINT('',(3.483710223728,45.703924311));
#4288 = CARTESIAN_POINT('',(3.493251263877,44.377252756235));
#4289 = CARTESIAN_POINT('',(3.499232486048,43.320819825191));
#4290 = CARTESIAN_POINT('',(3.503721571949,42.252178330458));
#4291 = CARTESIAN_POINT('',(3.506719791798,41.175515436594));
#4292 = CARTESIAN_POINT('',(3.508227260029,40.09473920375));
#4293 = CARTESIAN_POINT('',(3.50825896266,37.922890322905));
#4294 = CARTESIAN_POINT('',(3.506755982081,36.83223679694));
#4295 = CARTESIAN_POINT('',(3.503735074196,35.745739475455));
#4296 = CARTESIAN_POINT('',(3.499196123067,34.667411192474));
#4297 = CARTESIAN_POINT('',(3.493137808148,33.601554362154));
#4298 = CARTESIAN_POINT('',(3.48348634471,32.26652642015));
#4299 = CARTESIAN_POINT('',(3.481301418029,31.98130911846));
#4300 = CARTESIAN_POINT('',(3.479002573211,31.697454725718));
#4301 = CARTESIAN_POINT('',(3.476589620145,31.415056854735));
#4302 = CARTESIAN_POINT('',(3.47406231718,31.134211641714));
#4303 = CARTESIAN_POINT('',(3.468289804114,30.524187675009));
#4304 = CARTESIAN_POINT('',(3.464998323749,30.195682950372));
#4305 = CARTESIAN_POINT('',(3.461545368441,29.869659811692));
#4306 = CARTESIAN_POINT('',(3.457930289077,29.546288374812));
#4307 = CARTESIAN_POINT('',(3.454152349028,29.225752632067));
#4308 = CARTESIAN_POINT('',(3.445632404804,28.539461839626));
#4309 = CARTESIAN_POINT('',(3.440833312343,28.174771208655));
#4310 = CARTESIAN_POINT('',(3.435811833994,27.814463597144));
#4311 = CARTESIAN_POINT('',(3.430566230698,27.458862618014));
#4312 = CARTESIAN_POINT('',(3.425094604041,27.108330379323));
#4313 = CARTESIAN_POINT('',(3.412740559471,26.360415082577));
#4314 = CARTESIAN_POINT('',(3.405775348651,25.965017811147));
#4315 = CARTESIAN_POINT('',(3.398495405659,25.577685820719));
#4316 = CARTESIAN_POINT('',(3.390896934658,25.199133842975));
#4317 = CARTESIAN_POINT('',(3.382976077123,24.830180899753));
#4318 = CARTESIAN_POINT('',(3.364748952029,24.038018971683));
#4319 = CARTESIAN_POINT('',(3.354288416831,23.619577741037));
#4320 = CARTESIAN_POINT('',(3.34334355874,23.218252897797));
#4321 = CARTESIAN_POINT('',(3.331911790285,22.836075992571));
#4322 = CARTESIAN_POINT('',(3.319991995542,22.475311761184));
#4323 = CARTESIAN_POINT('',(3.298382236452,21.888652484939));
#4324 = CARTESIAN_POINT('',(3.288910111654,21.651952387502));
#4325 = CARTESIAN_POINT('',(3.279177264626,21.429655992944));
#4326 = CARTESIAN_POINT('',(3.269193408127,21.223000715348));
#4327 = CARTESIAN_POINT('',(3.258969220192,21.033195806993));
#4328 = CARTESIAN_POINT('',(3.231771469692,20.586265077763));
#4329 = CARTESIAN_POINT('',(3.214405675177,20.356827725478));
#4330 = CARTESIAN_POINT('',(3.196557119006,20.179902114872));
#4331 = CARTESIAN_POINT('',(3.178371892629,20.060111344833));
#4332 = CARTESIAN_POINT('',(3.159999863088,20.));
#4333 = CARTESIAN_POINT('',(3.12913295203,20.));
#4334 = CARTESIAN_POINT('',(3.116678925817,20.02754195945));
#4335 = CARTESIAN_POINT('',(3.104282805904,20.082578759409));
#4336 = CARTESIAN_POINT('',(3.091996596804,20.164542069684));
#4337 = CARTESIAN_POINT('',(3.079871699959,20.272346634795));
#4338 = CARTESIAN_POINT('',(3.051234360842,20.589729045964));
#4339 = CARTESIAN_POINT('',(3.034946924291,20.822607551067));
#4340 = CARTESIAN_POINT('',(3.019155144394,21.099208872397));
#4341 = CARTESIAN_POINT('',(3.003913681205,21.415346031223));
#4342 = CARTESIAN_POINT('',(2.989271789473,21.766422405596));
#4343 = CARTESIAN_POINT('',(2.962966706446,22.482287212472));
#4344 = CARTESIAN_POINT('',(2.951141289022,22.84071673417));
#4345 = CARTESIAN_POINT('',(2.939796790582,23.220223419057));
#4346 = CARTESIAN_POINT('',(2.928932097096,23.618593383851));
#4347 = CARTESIAN_POINT('',(2.918544667845,24.033839355613));
#4348 = CARTESIAN_POINT('',(2.900316102966,24.825101995423));
#4349 = CARTESIAN_POINT('',(2.892332644352,25.196724094994));
#4350 = CARTESIAN_POINT('',(2.884676444086,25.578094675461));
#4351 = CARTESIAN_POINT('',(2.877343557269,25.968375804387));
#4352 = CARTESIAN_POINT('',(2.870330103627,26.366836990061));
#4353 = CARTESIAN_POINT('',(2.857913408768,27.119518128695));
#4354 = CARTESIAN_POINT('',(2.852424668735,27.471689603178));
#4355 = CARTESIAN_POINT('',(2.847163838268,27.82896468628));
#4356 = CARTESIAN_POINT('',(2.842128999631,28.190977211125));
#4357 = CARTESIAN_POINT('',(2.83731839747,28.557400057975));
#4358 = CARTESIAN_POINT('',(2.828786000772,29.246511588142));
#4359 = CARTESIAN_POINT('',(2.82500618034,29.568120887836));
#4360 = CARTESIAN_POINT('',(2.821390117372,29.892573931877));
#4361 = CARTESIAN_POINT('',(2.817937073766,30.219685485315));
#4362 = CARTESIAN_POINT('',(2.814646399754,30.549284280305));
#4363 = CARTESIAN_POINT('',(2.808879436045,31.161078158005));
#4364 = CARTESIAN_POINT('',(2.806356408259,31.44259481692));
#4365 = CARTESIAN_POINT('',(2.803948158547,31.725663913642));
#4366 = CARTESIAN_POINT('',(2.801654446531,32.010188886026));
#4367 = CARTESIAN_POINT('',(2.799475083451,32.296075689));
#4368 = CARTESIAN_POINT('',(2.789934043302,33.622747243741));
#4369 = CARTESIAN_POINT('',(2.783952821131,34.679180174814));
#4370 = CARTESIAN_POINT('',(2.779463735231,35.747821669566));
#4371 = CARTESIAN_POINT('',(2.776465515382,36.824484563414));
#4372 = CARTESIAN_POINT('',(2.77495804715,37.905260796226));
#4373 = CARTESIAN_POINT('',(2.77492634452,40.077109636892));
#4374 = CARTESIAN_POINT('',(2.776429325293,41.167763267037));
#4375 = CARTESIAN_POINT('',(2.779450232852,42.254260524982));
#4376 = CARTESIAN_POINT('',(2.783989183856,43.332588743736));
#4377 = CARTESIAN_POINT('',(2.790047499316,44.398445677063));
#4378 = CARTESIAN_POINT('',(2.799698962469,45.73347357985));
#4379 = CARTESIAN_POINT('',(2.801883889151,46.01869088154));
#4380 = CARTESIAN_POINT('',(2.804182733969,46.302545274282));
#4381 = CARTESIAN_POINT('',(2.806595687035,46.584943145265));
#4382 = CARTESIAN_POINT('',(2.80912299,46.865788358286));
#4383 = CARTESIAN_POINT('',(2.814895503066,47.475812324989));
#4384 = CARTESIAN_POINT('',(2.81818698343,47.804317049626));
#4385 = CARTESIAN_POINT('',(2.821639938738,48.130340188307));
#4386 = CARTESIAN_POINT('',(2.825255018103,48.45371162519));
#4387 = CARTESIAN_POINT('',(2.829032958152,48.774247367934));
#4388 = CARTESIAN_POINT('',(2.837552902375,49.460538160374));
#4389 = CARTESIAN_POINT('',(2.842351994837,49.825228791344));
#4390 = CARTESIAN_POINT('',(2.847373473186,50.185536402856));
#4391 = CARTESIAN_POINT('',(2.852619076481,50.541137381986));
#4392 = CARTESIAN_POINT('',(2.858090703138,50.891669620677));
#4393 = CARTESIAN_POINT('',(2.870444747709,51.639584917424));
#4394 = CARTESIAN_POINT('',(2.877409958528,52.034982188854));
#4395 = CARTESIAN_POINT('',(2.884689901521,52.422314179281));
#4396 = CARTESIAN_POINT('',(2.892288372522,52.800866157024));
#4397 = CARTESIAN_POINT('',(2.900209230057,53.169819100247));
#4398 = CARTESIAN_POINT('',(2.918436355152,53.96198102835));
#4399 = CARTESIAN_POINT('',(2.928896890348,54.380422258949));
#4400 = CARTESIAN_POINT('',(2.939841748438,54.781747102173));
#4401 = CARTESIAN_POINT('',(2.951273516894,55.163924007428));
#4402 = CARTESIAN_POINT('',(2.963193311639,55.524688238842));
#4403 = CARTESIAN_POINT('',(2.984803070726,56.111347515018));
#4404 = CARTESIAN_POINT('',(2.994275195526,56.348047612517));
#4405 = CARTESIAN_POINT('',(3.004008042555,56.570344007094));
#4406 = CARTESIAN_POINT('',(3.013991899053,56.776999284653));
#4407 = CARTESIAN_POINT('',(3.024216086985,56.966804192975));
#4408 = CARTESIAN_POINT('',(3.051413837488,57.413734922237));
#4409 = CARTESIAN_POINT('',(3.068779632003,57.643172274521));
#4410 = CARTESIAN_POINT('',(3.086628188174,57.820097885129));
#4411 = CARTESIAN_POINT('',(3.10481341455,57.939888655166));
#4412 = CARTESIAN_POINT('',(3.123185444092,58.));
#4413 = CARTESIAN_POINT('',(3.14159265359,58.));
#4414 = ( GEOMETRIC_REPRESENTATION_CONTEXT(2) 
PARAMETRIC_REPRESENTATION_CONTEXT() REPRESENTATION_CONTEXT('2D SPACE',''
  ) );
#4415 = PCURVE('',#3680,#4416);
#4416 = DEFINITIONAL_REPRESENTATION('',(#4417),#4580);
#4417 = B_SPLINE_CURVE_WITH_KNOTS('',6,(#4418,#4419,#4420,#4421,#4422,
    #4423,#4424,#4425,#4426,#4427,#4428,#4429,#4430,#4431,#4432,#4433,
    #4434,#4435,#4436,#4437,#4438,#4439,#4440,#4441,#4442,#4443,#4444,
    #4445,#4446,#4447,#4448,#4449,#4450,#4451,#4452,#4453,#4454,#4455,
    #4456,#4457,#4458,#4459,#4460,#4461,#4462,#4463,#4464,#4465,#4466,
    #4467,#4468,#4469,#4470,#4471,#4472,#4473,#4474,#4475,#4476,#4477,
    #4478,#4479,#4480,#4481,#4482,#4483,#4484,#4485,#4486,#4487,#4488,
    #4489,#4490,#4491,#4492,#4493,#4494,#4495,#4496,#4497,#4498,#4499,
    #4500,#4501,#4502,#4503,#4504,#4505,#4506,#4507,#4508,#4509,#4510,
    #4511,#4512,#4513,#4514,#4515,#4516,#4517,#4518,#4519,#4520,#4521,
    #4522,#4523,#4524,#4525,#4526,#4527,#4528,#4529,#4530,#4531,#4532,
    #4533,#4534,#4535,#4536,#4537,#4538,#4539,#4540,#4541,#4542,#4543,
    #4544,#4545,#4546,#4547,#4548,#4549,#4550,#4551,#4552,#4553,#4554,
    #4555,#4556,#4557,#4558,#4559,#4560,#4561,#4562,#4563,#4564,#4565,
    #4566,#4567,#4568,#4569,#4570,#4571,#4572,#4573,#4574,#4575,#4576,
    #4577,#4578,#4579),.UNSPECIFIED.,.F.,.F.,(7,5,5,5,5,5,5,5,5,5,5,5,5,
    5,5,5,5,5,5,5,5,5,5,5,5,5,5,5,5,5,5,5,7),(0.,4.028353981237E-02,
    6.477764192399E-02,9.802120905281E-02,0.12590314376,0.149709029222,
    0.170175505941,0.187431780797,0.249899839938,0.312935069357,
    0.330157996276,0.350566258178,0.37427108628,0.401945875303,
    0.435434674272,0.46027434006,0.50006572063,0.527000206631,
    0.564810992108,0.598046994026,0.625922583664,0.64972305164,
    0.670184870503,0.687437217835,0.749891059255,0.812911939542,
    0.830130946535,0.85053456353,0.874233996429,0.901902486689,
    0.935383663633,0.96021767593,1.),.UNSPECIFIED.);
#4418 = CARTESIAN_POINT('',(0.,10.));
#4419 = CARTESIAN_POINT('',(5.198543804555E-02,10.));
#4420 = CARTESIAN_POINT('',(0.103865898193,10.022088942905));
#4421 = CARTESIAN_POINT('',(0.155425617965,10.066099927474));
#4422 = CARTESIAN_POINT('',(0.206449003853,10.130606447996));
#4423 = CARTESIAN_POINT('',(0.256698816952,10.212970513103));
#4424 = CARTESIAN_POINT('',(0.335803408744,10.368606198941));
#4425 = CARTESIAN_POINT('',(0.365363454376,10.432865204775));
#4426 = CARTESIAN_POINT('',(0.394571103944,10.50191419033));
#4427 = CARTESIAN_POINT('',(0.423423108191,10.575112075496));
#4428 = CARTESIAN_POINT('',(0.451913783457,10.651810178501));
#4429 = CARTESIAN_POINT('',(0.518201023066,10.839341008437));
#4430 = CARTESIAN_POINT('',(0.555693276146,10.952600118606));
#4431 = CARTESIAN_POINT('',(0.59255260493,11.069716907521));
#4432 = CARTESIAN_POINT('',(0.628815825731,11.189378628576));
#4433 = CARTESIAN_POINT('',(0.664516770268,11.310392816873));
#4434 = CARTESIAN_POINT('',(0.729185691966,11.533430127323));
#4435 = CARTESIAN_POINT('',(0.758317458161,11.635390746654));
#4436 = CARTESIAN_POINT('',(0.787109378577,11.736973513473));
#4437 = CARTESIAN_POINT('',(0.815586045275,11.837635137298));
#4438 = CARTESIAN_POINT('',(0.843771376865,11.936887629861));
#4439 = CARTESIAN_POINT('',(0.895527173105,12.117462806047));
#4440 = CARTESIAN_POINT('',(0.919169886143,12.199285333462));
#4441 = CARTESIAN_POINT('',(0.942632155952,12.279486999982));
#4442 = CARTESIAN_POINT('',(0.965927273908,12.357815914562));
#4443 = CARTESIAN_POINT('',(0.989068241479,12.434042544988));
#4444 = CARTESIAN_POINT('',(1.031841850644,12.571505180098));
#4445 = CARTESIAN_POINT('',(1.051511053259,12.633343169926));
#4446 = CARTESIAN_POINT('',(1.071083098883,12.693336599798));
#4447 = CARTESIAN_POINT('',(1.090565120557,12.751360055376));
#4448 = CARTESIAN_POINT('',(1.109964119226,12.807298257277));
#4449 = CARTESIAN_POINT('',(1.145578987058,12.906363429961));
#4450 = CARTESIAN_POINT('',(1.161816625547,12.95012281117));
#4451 = CARTESIAN_POINT('',(1.178003740726,12.992260291042));
#4452 = CARTESIAN_POINT('',(1.194144018567,13.032716371744));
#4453 = CARTESIAN_POINT('',(1.210240969498,13.071435971276));
#4454 = CARTESIAN_POINT('',(1.284424439886,13.242064636966));
#4455 = CARTESIAN_POINT('',(1.342042303348,13.352376040393));
#4456 = CARTESIAN_POINT('',(1.399289005101,13.436829441207));
#4457 = CARTESIAN_POINT('',(1.456292727557,13.493788112129));
#4458 = CARTESIAN_POINT('',(1.513178459065,13.522430775841));
#4459 = CARTESIAN_POINT('',(1.62748632471,13.52303312567));
#4460 = CARTESIAN_POINT('',(1.684886248867,13.494475681714));
#4461 = CARTESIAN_POINT('',(1.742405371019,13.437075441721));
#4462 = CARTESIAN_POINT('',(1.800172085227,13.351673012638));
#4463 = CARTESIAN_POINT('',(1.858318107104,13.239954412772));
#4464 = CARTESIAN_POINT('',(1.933014247141,13.067455895935));
#4465 = CARTESIAN_POINT('',(1.949083669224,13.028662055984));
#4466 = CARTESIAN_POINT('',(1.965196486251,12.988142141618));
#4467 = CARTESIAN_POINT('',(1.981356196886,12.945951137146));
#4468 = CARTESIAN_POINT('',(1.997566474563,12.902148409816));
#4469 = CARTESIAN_POINT('',(2.033103972545,12.80305951728));
#4470 = CARTESIAN_POINT('',(2.052452837474,12.747148985256));
#4471 = CARTESIAN_POINT('',(2.071884587875,12.689170703937));
#4472 = CARTESIAN_POINT('',(2.091406179732,12.629239300077));
#4473 = CARTESIAN_POINT('',(2.111024699415,12.567479436998));
#4474 = CARTESIAN_POINT('',(2.153655848905,12.430322467439));
#4475 = CARTESIAN_POINT('',(2.176704554509,12.354335163403));
#4476 = CARTESIAN_POINT('',(2.199906495953,12.276270455041));
#4477 = CARTESIAN_POINT('',(2.22327452688,12.196355403364));
#4478 = CARTESIAN_POINT('',(2.246821786219,12.114839086419));
#4479 = CARTESIAN_POINT('',(2.2982784158,11.935274684588));
#4480 = CARTESIAN_POINT('',(2.326257837775,11.836744466458));
#4481 = CARTESIAN_POINT('',(2.354524469619,11.736830178243));
#4482 = CARTESIAN_POINT('',(2.383101711445,11.636009239911));
#4483 = CARTESIAN_POINT('',(2.412013616954,11.534812751595));
#4484 = CARTESIAN_POINT('',(2.476708474551,11.311629100011));
#4485 = CARTESIAN_POINT('',(2.512668512242,11.189707482508));
#4486 = CARTESIAN_POINT('',(2.54919898465,11.069152548607));
#4487 = CARTESIAN_POINT('',(2.586334424526,10.951183357414));
#4488 = CARTESIAN_POINT('',(2.624112441874,10.837142762693));
#4489 = CARTESIAN_POINT('',(2.691103741257,10.647900790312));
#4490 = CARTESIAN_POINT('',(2.720013313713,10.570263318189));
#4491 = CARTESIAN_POINT('',(2.749294554246,10.496250264734));
#4492 = CARTESIAN_POINT('',(2.778941129815,10.426539680913));
#4493 = CARTESIAN_POINT('',(2.808949305948,10.361800525688));
#4494 = CARTESIAN_POINT('',(2.887965920124,10.207965657017));
#4495 = CARTESIAN_POINT('',(2.93763743852,10.127472919956));
#4496 = CARTESIAN_POINT('',(2.988058311232,10.064493602944));
#4497 = CARTESIAN_POINT('',(3.038997947901,10.021549244085));
#4498 = CARTESIAN_POINT('',(3.090246227096,10.));
#4499 = CARTESIAN_POINT('',(3.176348663204,10.));
#4500 = CARTESIAN_POINT('',(3.211088840399,10.009873526451));
#4501 = CARTESIAN_POINT('',(3.245733356681,10.029603728988));
#4502 = CARTESIAN_POINT('',(3.28020267675,10.058893183099));
#4503 = CARTESIAN_POINT('',(3.31441379924,10.097167131752));
#4504 = CARTESIAN_POINT('',(3.395812866441,10.208826737336));
#4505 = CARTESIAN_POINT('',(3.442606749553,10.290072885677));
#4506 = CARTESIAN_POINT('',(3.488632577056,10.385358410506));
#4507 = CARTESIAN_POINT('',(3.533851434926,10.492348657666));
#4508 = CARTESIAN_POINT('',(3.578207989854,10.608529895363));
#4509 = CARTESIAN_POINT('',(3.659793676655,10.839341008435));
#4510 = CARTESIAN_POINT('',(3.697285929736,10.952600118606));
#4511 = CARTESIAN_POINT('',(3.73414525852,11.069716907523));
#4512 = CARTESIAN_POINT('',(3.770408479321,11.189378628578));
#4513 = CARTESIAN_POINT('',(3.806109423857,11.310392816871));
#4514 = CARTESIAN_POINT('',(3.870778345556,11.533430127323));
#4515 = CARTESIAN_POINT('',(3.899910111751,11.635390746654));
#4516 = CARTESIAN_POINT('',(3.928702032167,11.736973513474));
#4517 = CARTESIAN_POINT('',(3.957178698865,11.837635137298));
#4518 = CARTESIAN_POINT('',(3.985364030455,11.936887629861));
#4519 = CARTESIAN_POINT('',(4.037119826695,12.117462806047));
#4520 = CARTESIAN_POINT('',(4.060762539733,12.199285333462));
#4521 = CARTESIAN_POINT('',(4.084224809542,12.279486999982));
#4522 = CARTESIAN_POINT('',(4.107519927498,12.357815914562));
#4523 = CARTESIAN_POINT('',(4.130660895069,12.434042544988));
#4524 = CARTESIAN_POINT('',(4.173434503928,12.571505179116));
#4525 = CARTESIAN_POINT('',(4.193103706924,12.6333431701));
#4526 = CARTESIAN_POINT('',(4.212675752773,12.693336600698));
#4527 = CARTESIAN_POINT('',(4.232157774232,12.751360055683));
#4528 = CARTESIAN_POINT('',(4.251556772522,12.80729825646));
#4529 = CARTESIAN_POINT('',(4.287171640648,12.906363429961));
#4530 = CARTESIAN_POINT('',(4.303409279137,12.95012281117));
#4531 = CARTESIAN_POINT('',(4.319596394316,12.992260291042));
#4532 = CARTESIAN_POINT('',(4.335736672156,13.032716371744));
#4533 = CARTESIAN_POINT('',(4.351833623088,13.071435971276));
#4534 = CARTESIAN_POINT('',(4.426017093474,13.242064636963));
#4535 = CARTESIAN_POINT('',(4.483634956938,13.352376040395));
#4536 = CARTESIAN_POINT('',(4.540881658692,13.436829441209));
#4537 = CARTESIAN_POINT('',(4.597885381147,13.493788112128));
#4538 = CARTESIAN_POINT('',(4.654771112653,13.522430775841));
#4539 = CARTESIAN_POINT('',(4.769078976184,13.523033125659));
#4540 = CARTESIAN_POINT('',(4.826478905905,13.494475678207));
#4541 = CARTESIAN_POINT('',(4.883998024571,13.437075444079));
#4542 = CARTESIAN_POINT('',(4.94176473535,13.351673017258));
#4543 = CARTESIAN_POINT('',(4.999910762888,13.239954407705));
#4544 = CARTESIAN_POINT('',(5.074606900731,13.067455895935));
#4545 = CARTESIAN_POINT('',(5.090676322814,13.028662055984));
#4546 = CARTESIAN_POINT('',(5.106789139841,12.988142141618));
#4547 = CARTESIAN_POINT('',(5.122948850475,12.945951137146));
#4548 = CARTESIAN_POINT('',(5.139159128153,12.902148409816));
#4549 = CARTESIAN_POINT('',(5.174696626135,12.80305951728));
#4550 = CARTESIAN_POINT('',(5.194045491064,12.747148985256));
#4551 = CARTESIAN_POINT('',(5.213477241465,12.689170703937));
#4552 = CARTESIAN_POINT('',(5.232998833322,12.629239300077));
#4553 = CARTESIAN_POINT('',(5.252617353005,12.567479436998));
#4554 = CARTESIAN_POINT('',(5.295248502494,12.430322467439));
#4555 = CARTESIAN_POINT('',(5.318297208098,12.354335163403));
#4556 = CARTESIAN_POINT('',(5.341499149542,12.276270455041));
#4557 = CARTESIAN_POINT('',(5.36486718047,12.196355403364));
#4558 = CARTESIAN_POINT('',(5.388414439809,12.114839086419));
#4559 = CARTESIAN_POINT('',(5.43987106939,11.935274684587));
#4560 = CARTESIAN_POINT('',(5.467850491365,11.836744466458));
#4561 = CARTESIAN_POINT('',(5.496117123209,11.736830178243));
#4562 = CARTESIAN_POINT('',(5.524694365035,11.636009239912));
#4563 = CARTESIAN_POINT('',(5.553606270543,11.534812751595));
#4564 = CARTESIAN_POINT('',(5.618301128144,11.311629100002));
#4565 = CARTESIAN_POINT('',(5.654261165831,11.189707482512));
#4566 = CARTESIAN_POINT('',(5.690791638237,11.069152548616));
#4567 = CARTESIAN_POINT('',(5.727927078115,10.951183357415));
#4568 = CARTESIAN_POINT('',(5.765705095466,10.837142762684));
#4569 = CARTESIAN_POINT('',(5.832696394841,10.647900790326));
#4570 = CARTESIAN_POINT('',(5.861605967304,10.570263318183));
#4571 = CARTESIAN_POINT('',(5.890887207841,10.496250264721));
#4572 = CARTESIAN_POINT('',(5.920533783406,10.426539680913));
#4573 = CARTESIAN_POINT('',(5.950541959532,10.3618005257));
#4574 = CARTESIAN_POINT('',(6.029558573714,10.207965657017));
#4575 = CARTESIAN_POINT('',(6.07923009211,10.127472919956));
#4576 = CARTESIAN_POINT('',(6.129650964822,10.064493602944));
#4577 = CARTESIAN_POINT('',(6.18059060149,10.021549244085));
#4578 = CARTESIAN_POINT('',(6.231838880685,10.));
#4579 = CARTESIAN_POINT('',(6.28318530718,10.));
#4580 = ( GEOMETRIC_REPRESENTATION_CONTEXT(2) 
PARAMETRIC_REPRESENTATION_CONTEXT() REPRESENTATION_CONTEXT('2D SPACE',''
  ) );
#4581 = ADVANCED_FACE('',(#4582),#3680,.F.);
#4582 = FACE_BOUND('',#4583,.F.);
#4583 = EDGE_LOOP('',(#4584,#4585,#4606,#4607,#4608));
#4584 = ORIENTED_EDGE('',*,*,#3506,.F.);
#4585 = ORIENTED_EDGE('',*,*,#4586,.F.);
#4586 = EDGE_CURVE('',#4083,#3507,#4587,.T.);
#4587 = SEAM_CURVE('',#4588,(#4592,#4599),.PCURVE_S1.);
#4588 = LINE('',#4589,#4590);
#4589 = CARTESIAN_POINT('',(-63.,4.65365783676E-15,1.03178E+03));
#4590 = VECTOR('',#4591,1.);
#4591 = DIRECTION('',(1.,0.,0.));
#4592 = PCURVE('',#3680,#4593);
#4593 = DEFINITIONAL_REPRESENTATION('',(#4594),#4598);
#4594 = LINE('',#4595,#4596);
#4595 = CARTESIAN_POINT('',(6.28318530718,-0.));
#4596 = VECTOR('',#4597,1.);
#4597 = DIRECTION('',(0.,1.));
#4598 = ( GEOMETRIC_REPRESENTATION_CONTEXT(2) 
PARAMETRIC_REPRESENTATION_CONTEXT() REPRESENTATION_CONTEXT('2D SPACE',''
  ) );
#4599 = PCURVE('',#3680,#4600);
#4600 = DEFINITIONAL_REPRESENTATION('',(#4601),#4605);
#4601 = LINE('',#4602,#4603);
#4602 = CARTESIAN_POINT('',(0.,-0.));
#4603 = VECTOR('',#4604,1.);
#4604 = DIRECTION('',(0.,1.));
#4605 = ( GEOMETRIC_REPRESENTATION_CONTEXT(2) 
PARAMETRIC_REPRESENTATION_CONTEXT() REPRESENTATION_CONTEXT('2D SPACE',''
  ) );
#4606 = ORIENTED_EDGE('',*,*,#4082,.T.);
#4607 = ORIENTED_EDGE('',*,*,#4586,.T.);
#4608 = ORIENTED_EDGE('',*,*,#3822,.F.);
#4609 = ADVANCED_FACE('',(#4610),#3809,.T.);
#4610 = FACE_BOUND('',#4611,.T.);
#4611 = EDGE_LOOP('',(#4612));
#4612 = ORIENTED_EDGE('',*,*,#3794,.T.);
#4613 = ( GEOMETRIC_REPRESENTATION_CONTEXT(3) 
GLOBAL_UNCERTAINTY_ASSIGNED_CONTEXT((#4617)) 
GLOBAL_UNIT_ASSIGNED_CONTEXT((#4614,#4615,#4616)) REPRESENTATION_CONTEXT
('Context #1','3D Context with UNIT and UNCERTAINTY') );
#4614 = ( LENGTH_UNIT() NAMED_UNIT(*) SI_UNIT(.MILLI.,.METRE.) );
#4615 = ( NAMED_UNIT(*) PLANE_ANGLE_UNIT() SI_UNIT($,.RADIAN.) );
#4616 = ( NAMED_UNIT(*) SI_UNIT($,.STERADIAN.) SOLID_ANGLE_UNIT() );
#4617 = UNCERTAINTY_MEASURE_WITH_UNIT(LENGTH_MEASURE(1.E-07),#4614,
  'distance_accuracy_value','confusion accuracy');
#4618 = CONTEXT_DEPENDENT_SHAPE_REPRESENTATION(#4619,#4621);
#4619 = ( REPRESENTATION_RELATIONSHIP('','',#44,#10) 
REPRESENTATION_RELATIONSHIP_WITH_TRANSFORMATION(#4620) 
SHAPE_REPRESENTATION_RELATIONSHIP() );
#4620 = ITEM_DEFINED_TRANSFORMATION('','',#11,#15);
#4621 = PRODUCT_DEFINITION_SHAPE('Placement','Placement of an item',
  #4622);
#4622 = NEXT_ASSEMBLY_USAGE_OCCURRENCE('1','HEAD_BARREL_7075','',#5,#39,
  $);
#4623 = PRODUCT_RELATED_PRODUCT_CATEGORY('part',$,(#41));
#4624 = SHAPE_DEFINITION_REPRESENTATION(#4625,#4631);
#4625 = PRODUCT_DEFINITION_SHAPE('','',#4626);
#4626 = PRODUCT_DEFINITION('design','',#4627,#4630);
#4627 = PRODUCT_DEFINITION_FORMATION('','',#4628);
#4628 = PRODUCT('SHAFT_JOURNAL_LEFT_300M','SHAFT_JOURNAL_LEFT_300M','',(
    #4629));
#4629 = PRODUCT_CONTEXT('',#2,'mechanical');
#4630 = PRODUCT_DEFINITION_CONTEXT('part definition',#2,'design');
#4631 = ADVANCED_BREP_SHAPE_REPRESENTATION('',(#11,#4632),#4730);
#4632 = MANIFOLD_SOLID_BREP('',#4633);
#4633 = CLOSED_SHELL('',(#4634,#4722,#4726));
#4634 = ADVANCED_FACE('',(#4635),#4648,.T.);
#4635 = FACE_BOUND('',#4636,.T.);
#4636 = EDGE_LOOP('',(#4637,#4671,#4694,#4721));
#4637 = ORIENTED_EDGE('',*,*,#4638,.F.);
#4638 = EDGE_CURVE('',#4639,#4639,#4641,.T.);
#4639 = VERTEX_POINT('',#4640);
#4640 = CARTESIAN_POINT('',(-62.5,4.65365783676E-15,1.03178E+03));
#4641 = SURFACE_CURVE('',#4642,(#4647,#4659),.PCURVE_S1.);
#4642 = CIRCLE('',#4643,19.);
#4643 = AXIS2_PLACEMENT_3D('',#4644,#4645,#4646);
#4644 = CARTESIAN_POINT('',(-62.5,0.,1.01278E+03));
#4645 = DIRECTION('',(1.,0.,0.));
#4646 = DIRECTION('',(-0.,0.,1.));
#4647 = PCURVE('',#4648,#4653);
#4648 = CYLINDRICAL_SURFACE('',#4649,19.);
#4649 = AXIS2_PLACEMENT_3D('',#4650,#4651,#4652);
#4650 = CARTESIAN_POINT('',(-87.5,0.,1.01278E+03));
#4651 = DIRECTION('',(1.,0.,0.));
#4652 = DIRECTION('',(-0.,0.,1.));
#4653 = DEFINITIONAL_REPRESENTATION('',(#4654),#4658);
#4654 = LINE('',#4655,#4656);
#4655 = CARTESIAN_POINT('',(0.,25.));
#4656 = VECTOR('',#4657,1.);
#4657 = DIRECTION('',(1.,0.));
#4658 = ( GEOMETRIC_REPRESENTATION_CONTEXT(2) 
PARAMETRIC_REPRESENTATION_CONTEXT() REPRESENTATION_CONTEXT('2D SPACE',''
  ) );
#4659 = PCURVE('',#4660,#4665);
#4660 = PLANE('',#4661);
#4661 = AXIS2_PLACEMENT_3D('',#4662,#4663,#4664);
#4662 = CARTESIAN_POINT('',(-62.5,0.,1.01278E+03));
#4663 = DIRECTION('',(1.,0.,0.));
#4664 = DIRECTION('',(-0.,0.,1.));
#4665 = DEFINITIONAL_REPRESENTATION('',(#4666),#4670);
#4666 = CIRCLE('',#4667,19.);
#4667 = AXIS2_PLACEMENT_2D('',#4668,#4669);
#4668 = CARTESIAN_POINT('',(0.,0.));
#4669 = DIRECTION('',(1.,0.));
#4670 = ( GEOMETRIC_REPRESENTATION_CONTEXT(2) 
PARAMETRIC_REPRESENTATION_CONTEXT() REPRESENTATION_CONTEXT('2D SPACE',''
  ) );
#4671 = ORIENTED_EDGE('',*,*,#4672,.F.);
#4672 = EDGE_CURVE('',#4673,#4639,#4675,.T.);
#4673 = VERTEX_POINT('',#4674);
#4674 = CARTESIAN_POINT('',(-87.5,4.65365783676E-15,1.03178E+03));
#4675 = SEAM_CURVE('',#4676,(#4680,#4687),.PCURVE_S1.);
#4676 = LINE('',#4677,#4678);
#4677 = CARTESIAN_POINT('',(-87.5,4.65365783676E-15,1.03178E+03));
#4678 = VECTOR('',#4679,1.);
#4679 = DIRECTION('',(1.,0.,0.));
#4680 = PCURVE('',#4648,#4681);
#4681 = DEFINITIONAL_REPRESENTATION('',(#4682),#4686);
#4682 = LINE('',#4683,#4684);
#4683 = CARTESIAN_POINT('',(6.28318530718,-0.));
#4684 = VECTOR('',#4685,1.);
#4685 = DIRECTION('',(0.,1.));
#4686 = ( GEOMETRIC_REPRESENTATION_CONTEXT(2) 
PARAMETRIC_REPRESENTATION_CONTEXT() REPRESENTATION_CONTEXT('2D SPACE',''
  ) );
#4687 = PCURVE('',#4648,#4688);
#4688 = DEFINITIONAL_REPRESENTATION('',(#4689),#4693);
#4689 = LINE('',#4690,#4691);
#4690 = CARTESIAN_POINT('',(0.,-0.));
#4691 = VECTOR('',#4692,1.);
#4692 = DIRECTION('',(0.,1.));
#4693 = ( GEOMETRIC_REPRESENTATION_CONTEXT(2) 
PARAMETRIC_REPRESENTATION_CONTEXT() REPRESENTATION_CONTEXT('2D SPACE',''
  ) );
#4694 = ORIENTED_EDGE('',*,*,#4695,.T.);
#4695 = EDGE_CURVE('',#4673,#4673,#4696,.T.);
#4696 = SURFACE_CURVE('',#4697,(#4702,#4709),.PCURVE_S1.);
#4697 = CIRCLE('',#4698,19.);
#4698 = AXIS2_PLACEMENT_3D('',#4699,#4700,#4701);
#4699 = CARTESIAN_POINT('',(-87.5,0.,1.01278E+03));
#4700 = DIRECTION('',(1.,0.,0.));
#4701 = DIRECTION('',(-0.,0.,1.));
#4702 = PCURVE('',#4648,#4703);
#4703 = DEFINITIONAL_REPRESENTATION('',(#4704),#4708);
#4704 = LINE('',#4705,#4706);
#4705 = CARTESIAN_POINT('',(0.,0.));
#4706 = VECTOR('',#4707,1.);
#4707 = DIRECTION('',(1.,0.));
#4708 = ( GEOMETRIC_REPRESENTATION_CONTEXT(2) 
PARAMETRIC_REPRESENTATION_CONTEXT() REPRESENTATION_CONTEXT('2D SPACE',''
  ) );
#4709 = PCURVE('',#4710,#4715);
#4710 = PLANE('',#4711);
#4711 = AXIS2_PLACEMENT_3D('',#4712,#4713,#4714);
#4712 = CARTESIAN_POINT('',(-87.5,0.,1.01278E+03));
#4713 = DIRECTION('',(1.,0.,0.));
#4714 = DIRECTION('',(-0.,0.,1.));
#4715 = DEFINITIONAL_REPRESENTATION('',(#4716),#4720);
#4716 = CIRCLE('',#4717,19.);
#4717 = AXIS2_PLACEMENT_2D('',#4718,#4719);
#4718 = CARTESIAN_POINT('',(0.,0.));
#4719 = DIRECTION('',(1.,0.));
#4720 = ( GEOMETRIC_REPRESENTATION_CONTEXT(2) 
PARAMETRIC_REPRESENTATION_CONTEXT() REPRESENTATION_CONTEXT('2D SPACE',''
  ) );
#4721 = ORIENTED_EDGE('',*,*,#4672,.T.);
#4722 = ADVANCED_FACE('',(#4723),#4660,.T.);
#4723 = FACE_BOUND('',#4724,.T.);
#4724 = EDGE_LOOP('',(#4725));
#4725 = ORIENTED_EDGE('',*,*,#4638,.T.);
#4726 = ADVANCED_FACE('',(#4727),#4710,.F.);
#4727 = FACE_BOUND('',#4728,.T.);
#4728 = EDGE_LOOP('',(#4729));
#4729 = ORIENTED_EDGE('',*,*,#4695,.F.);
#4730 = ( GEOMETRIC_REPRESENTATION_CONTEXT(3) 
GLOBAL_UNCERTAINTY_ASSIGNED_CONTEXT((#4734)) 
GLOBAL_UNIT_ASSIGNED_CONTEXT((#4731,#4732,#4733)) REPRESENTATION_CONTEXT
('Context #1','3D Context with UNIT and UNCERTAINTY') );
#4731 = ( LENGTH_UNIT() NAMED_UNIT(*) SI_UNIT(.MILLI.,.METRE.) );
#4732 = ( NAMED_UNIT(*) PLANE_ANGLE_UNIT() SI_UNIT($,.RADIAN.) );
#4733 = ( NAMED_UNIT(*) SI_UNIT($,.STERADIAN.) SOLID_ANGLE_UNIT() );
#4734 = UNCERTAINTY_MEASURE_WITH_UNIT(LENGTH_MEASURE(1.E-07),#4731,
  'distance_accuracy_value','confusion accuracy');
#4735 = CONTEXT_DEPENDENT_SHAPE_REPRESENTATION(#4736,#4738);
#4736 = ( REPRESENTATION_RELATIONSHIP('','',#4631,#10) 
REPRESENTATION_RELATIONSHIP_WITH_TRANSFORMATION(#4737) 
SHAPE_REPRESENTATION_RELATIONSHIP() );
#4737 = ITEM_DEFINED_TRANSFORMATION('','',#11,#19);
#4738 = PRODUCT_DEFINITION_SHAPE('Placement','Placement of an item',
  #4739);
#4739 = NEXT_ASSEMBLY_USAGE_OCCURRENCE('2','SHAFT_JOURNAL_LEFT_300M','',
  #5,#4626,$);
#4740 = PRODUCT_RELATED_PRODUCT_CATEGORY('part',$,(#4628));
#4741 = SHAPE_DEFINITION_REPRESENTATION(#4742,#4748);
#4742 = PRODUCT_DEFINITION_SHAPE('','',#4743);
#4743 = PRODUCT_DEFINITION('design','',#4744,#4747);
#4744 = PRODUCT_DEFINITION_FORMATION('','',#4745);
#4745 = PRODUCT('SHAFT_CENTER_300M','SHAFT_CENTER_300M','',(#4746));
#4746 = PRODUCT_CONTEXT('',#2,'mechanical');
#4747 = PRODUCT_DEFINITION_CONTEXT('part definition',#2,'design');
#4748 = ADVANCED_BREP_SHAPE_REPRESENTATION('',(#11,#4749),#4847);
#4749 = MANIFOLD_SOLID_BREP('',#4750);
#4750 = CLOSED_SHELL('',(#4751,#4839,#4843));
#4751 = ADVANCED_FACE('',(#4752),#4765,.T.);
#4752 = FACE_BOUND('',#4753,.T.);
#4753 = EDGE_LOOP('',(#4754,#4788,#4811,#4838));
#4754 = ORIENTED_EDGE('',*,*,#4755,.F.);
#4755 = EDGE_CURVE('',#4756,#4756,#4758,.T.);
#4756 = VERTEX_POINT('',#4757);
#4757 = CARTESIAN_POINT('',(62.5,4.65365783676E-15,1.03178E+03));
#4758 = SURFACE_CURVE('',#4759,(#4764,#4776),.PCURVE_S1.);
#4759 = CIRCLE('',#4760,19.);
#4760 = AXIS2_PLACEMENT_3D('',#4761,#4762,#4763);
#4761 = CARTESIAN_POINT('',(62.5,0.,1.01278E+03));
#4762 = DIRECTION('',(1.,0.,0.));
#4763 = DIRECTION('',(-0.,0.,1.));
#4764 = PCURVE('',#4765,#4770);
#4765 = CYLINDRICAL_SURFACE('',#4766,19.);
#4766 = AXIS2_PLACEMENT_3D('',#4767,#4768,#4769);
#4767 = CARTESIAN_POINT('',(-62.5,0.,1.01278E+03));
#4768 = DIRECTION('',(1.,0.,0.));
#4769 = DIRECTION('',(-0.,0.,1.));
#4770 = DEFINITIONAL_REPRESENTATION('',(#4771),#4775);
#4771 = LINE('',#4772,#4773);
#4772 = CARTESIAN_POINT('',(0.,125.));
#4773 = VECTOR('',#4774,1.);
#4774 = DIRECTION('',(1.,0.));
#4775 = ( GEOMETRIC_REPRESENTATION_CONTEXT(2) 
PARAMETRIC_REPRESENTATION_CONTEXT() REPRESENTATION_CONTEXT('2D SPACE',''
  ) );
#4776 = PCURVE('',#4777,#4782);
#4777 = PLANE('',#4778);
#4778 = AXIS2_PLACEMENT_3D('',#4779,#4780,#4781);
#4779 = CARTESIAN_POINT('',(62.5,0.,1.01278E+03));
#4780 = DIRECTION('',(1.,0.,0.));
#4781 = DIRECTION('',(-0.,0.,1.));
#4782 = DEFINITIONAL_REPRESENTATION('',(#4783),#4787);
#4783 = CIRCLE('',#4784,19.);
#4784 = AXIS2_PLACEMENT_2D('',#4785,#4786);
#4785 = CARTESIAN_POINT('',(0.,0.));
#4786 = DIRECTION('',(1.,0.));
#4787 = ( GEOMETRIC_REPRESENTATION_CONTEXT(2) 
PARAMETRIC_REPRESENTATION_CONTEXT() REPRESENTATION_CONTEXT('2D SPACE',''
  ) );
#4788 = ORIENTED_EDGE('',*,*,#4789,.F.);
#4789 = EDGE_CURVE('',#4790,#4756,#4792,.T.);
#4790 = VERTEX_POINT('',#4791);
#4791 = CARTESIAN_POINT('',(-62.5,4.65365783676E-15,1.03178E+03));
#4792 = SEAM_CURVE('',#4793,(#4797,#4804),.PCURVE_S1.);
#4793 = LINE('',#4794,#4795);
#4794 = CARTESIAN_POINT('',(-62.5,4.65365783676E-15,1.03178E+03));
#4795 = VECTOR('',#4796,1.);
#4796 = DIRECTION('',(1.,0.,0.));
#4797 = PCURVE('',#4765,#4798);
#4798 = DEFINITIONAL_REPRESENTATION('',(#4799),#4803);
#4799 = LINE('',#4800,#4801);
#4800 = CARTESIAN_POINT('',(6.28318530718,-0.));
#4801 = VECTOR('',#4802,1.);
#4802 = DIRECTION('',(0.,1.));
#4803 = ( GEOMETRIC_REPRESENTATION_CONTEXT(2) 
PARAMETRIC_REPRESENTATION_CONTEXT() REPRESENTATION_CONTEXT('2D SPACE',''
  ) );
#4804 = PCURVE('',#4765,#4805);
#4805 = DEFINITIONAL_REPRESENTATION('',(#4806),#4810);
#4806 = LINE('',#4807,#4808);
#4807 = CARTESIAN_POINT('',(0.,-0.));
#4808 = VECTOR('',#4809,1.);
#4809 = DIRECTION('',(0.,1.));
#4810 = ( GEOMETRIC_REPRESENTATION_CONTEXT(2) 
PARAMETRIC_REPRESENTATION_CONTEXT() REPRESENTATION_CONTEXT('2D SPACE',''
  ) );
#4811 = ORIENTED_EDGE('',*,*,#4812,.T.);
#4812 = EDGE_CURVE('',#4790,#4790,#4813,.T.);
#4813 = SURFACE_CURVE('',#4814,(#4819,#4826),.PCURVE_S1.);
#4814 = CIRCLE('',#4815,19.);
#4815 = AXIS2_PLACEMENT_3D('',#4816,#4817,#4818);
#4816 = CARTESIAN_POINT('',(-62.5,0.,1.01278E+03));
#4817 = DIRECTION('',(1.,0.,0.));
#4818 = DIRECTION('',(-0.,0.,1.));
#4819 = PCURVE('',#4765,#4820);
#4820 = DEFINITIONAL_REPRESENTATION('',(#4821),#4825);
#4821 = LINE('',#4822,#4823);
#4822 = CARTESIAN_POINT('',(0.,0.));
#4823 = VECTOR('',#4824,1.);
#4824 = DIRECTION('',(1.,0.));
#4825 = ( GEOMETRIC_REPRESENTATION_CONTEXT(2) 
PARAMETRIC_REPRESENTATION_CONTEXT() REPRESENTATION_CONTEXT('2D SPACE',''
  ) );
#4826 = PCURVE('',#4827,#4832);
#4827 = PLANE('',#4828);
#4828 = AXIS2_PLACEMENT_3D('',#4829,#4830,#4831);
#4829 = CARTESIAN_POINT('',(-62.5,0.,1.01278E+03));
#4830 = DIRECTION('',(1.,0.,0.));
#4831 = DIRECTION('',(-0.,0.,1.));
#4832 = DEFINITIONAL_REPRESENTATION('',(#4833),#4837);
#4833 = CIRCLE('',#4834,19.);
#4834 = AXIS2_PLACEMENT_2D('',#4835,#4836);
#4835 = CARTESIAN_POINT('',(0.,0.));
#4836 = DIRECTION('',(1.,0.));
#4837 = ( GEOMETRIC_REPRESENTATION_CONTEXT(2) 
PARAMETRIC_REPRESENTATION_CONTEXT() REPRESENTATION_CONTEXT('2D SPACE',''
  ) );
#4838 = ORIENTED_EDGE('',*,*,#4789,.T.);
#4839 = ADVANCED_FACE('',(#4840),#4777,.T.);
#4840 = FACE_BOUND('',#4841,.T.);
#4841 = EDGE_LOOP('',(#4842));
#4842 = ORIENTED_EDGE('',*,*,#4755,.T.);
#4843 = ADVANCED_FACE('',(#4844),#4827,.F.);
#4844 = FACE_BOUND('',#4845,.T.);
#4845 = EDGE_LOOP('',(#4846));
#4846 = ORIENTED_EDGE('',*,*,#4812,.F.);
#4847 = ( GEOMETRIC_REPRESENTATION_CONTEXT(3) 
GLOBAL_UNCERTAINTY_ASSIGNED_CONTEXT((#4851)) 
GLOBAL_UNIT_ASSIGNED_CONTEXT((#4848,#4849,#4850)) REPRESENTATION_CONTEXT
('Context #1','3D Context with UNIT and UNCERTAINTY') );
#4848 = ( LENGTH_UNIT() NAMED_UNIT(*) SI_UNIT(.MILLI.,.METRE.) );
#4849 = ( NAMED_UNIT(*) PLANE_ANGLE_UNIT() SI_UNIT($,.RADIAN.) );
#4850 = ( NAMED_UNIT(*) SI_UNIT($,.STERADIAN.) SOLID_ANGLE_UNIT() );
#4851 = UNCERTAINTY_MEASURE_WITH_UNIT(LENGTH_MEASURE(1.E-07),#4848,
  'distance_accuracy_value','confusion accuracy');
#4852 = CONTEXT_DEPENDENT_SHAPE_REPRESENTATION(#4853,#4855);
#4853 = ( REPRESENTATION_RELATIONSHIP('','',#4748,#10) 
REPRESENTATION_RELATIONSHIP_WITH_TRANSFORMATION(#4854) 
SHAPE_REPRESENTATION_RELATIONSHIP() );
#4854 = ITEM_DEFINED_TRANSFORMATION('','',#11,#23);
#4855 = PRODUCT_DEFINITION_SHAPE('Placement','Placement of an item',
  #4856);
#4856 = NEXT_ASSEMBLY_USAGE_OCCURRENCE('3','SHAFT_CENTER_300M','',#5,
  #4743,$);
#4857 = PRODUCT_RELATED_PRODUCT_CATEGORY('part',$,(#4745));
#4858 = SHAPE_DEFINITION_REPRESENTATION(#4859,#4865);
#4859 = PRODUCT_DEFINITION_SHAPE('','',#4860);
#4860 = PRODUCT_DEFINITION('design','',#4861,#4864);
#4861 = PRODUCT_DEFINITION_FORMATION('','',#4862);
#4862 = PRODUCT('SHAFT_JOURNAL_RIGHT_300M','SHAFT_JOURNAL_RIGHT_300M',''
  ,(#4863));
#4863 = PRODUCT_CONTEXT('',#2,'mechanical');
#4864 = PRODUCT_DEFINITION_CONTEXT('part definition',#2,'design');
#4865 = ADVANCED_BREP_SHAPE_REPRESENTATION('',(#11,#4866),#4964);
#4866 = MANIFOLD_SOLID_BREP('',#4867);
#4867 = CLOSED_SHELL('',(#4868,#4956,#4960));
#4868 = ADVANCED_FACE('',(#4869),#4882,.T.);
#4869 = FACE_BOUND('',#4870,.T.);
#4870 = EDGE_LOOP('',(#4871,#4905,#4928,#4955));
#4871 = ORIENTED_EDGE('',*,*,#4872,.F.);
#4872 = EDGE_CURVE('',#4873,#4873,#4875,.T.);
#4873 = VERTEX_POINT('',#4874);
#4874 = CARTESIAN_POINT('',(87.5,4.65365783676E-15,1.03178E+03));
#4875 = SURFACE_CURVE('',#4876,(#4881,#4893),.PCURVE_S1.);
#4876 = CIRCLE('',#4877,19.);
#4877 = AXIS2_PLACEMENT_3D('',#4878,#4879,#4880);
#4878 = CARTESIAN_POINT('',(87.5,0.,1.01278E+03));
#4879 = DIRECTION('',(1.,0.,0.));
#4880 = DIRECTION('',(-0.,0.,1.));
#4881 = PCURVE('',#4882,#4887);
#4882 = CYLINDRICAL_SURFACE('',#4883,19.);
#4883 = AXIS2_PLACEMENT_3D('',#4884,#4885,#4886);
#4884 = CARTESIAN_POINT('',(62.5,0.,1.01278E+03));
#4885 = DIRECTION('',(1.,0.,0.));
#4886 = DIRECTION('',(-0.,0.,1.));
#4887 = DEFINITIONAL_REPRESENTATION('',(#4888),#4892);
#4888 = LINE('',#4889,#4890);
#4889 = CARTESIAN_POINT('',(0.,25.));
#4890 = VECTOR('',#4891,1.);
#4891 = DIRECTION('',(1.,0.));
#4892 = ( GEOMETRIC_REPRESENTATION_CONTEXT(2) 
PARAMETRIC_REPRESENTATION_CONTEXT() REPRESENTATION_CONTEXT('2D SPACE',''
  ) );
#4893 = PCURVE('',#4894,#4899);
#4894 = PLANE('',#4895);
#4895 = AXIS2_PLACEMENT_3D('',#4896,#4897,#4898);
#4896 = CARTESIAN_POINT('',(87.5,0.,1.01278E+03));
#4897 = DIRECTION('',(1.,0.,0.));
#4898 = DIRECTION('',(-0.,0.,1.));
#4899 = DEFINITIONAL_REPRESENTATION('',(#4900),#4904);
#4900 = CIRCLE('',#4901,19.);
#4901 = AXIS2_PLACEMENT_2D('',#4902,#4903);
#4902 = CARTESIAN_POINT('',(0.,0.));
#4903 = DIRECTION('',(1.,0.));
#4904 = ( GEOMETRIC_REPRESENTATION_CONTEXT(2) 
PARAMETRIC_REPRESENTATION_CONTEXT() REPRESENTATION_CONTEXT('2D SPACE',''
  ) );
#4905 = ORIENTED_EDGE('',*,*,#4906,.F.);
#4906 = EDGE_CURVE('',#4907,#4873,#4909,.T.);
#4907 = VERTEX_POINT('',#4908);
#4908 = CARTESIAN_POINT('',(62.5,4.65365783676E-15,1.03178E+03));
#4909 = SEAM_CURVE('',#4910,(#4914,#4921),.PCURVE_S1.);
#4910 = LINE('',#4911,#4912);
#4911 = CARTESIAN_POINT('',(62.5,4.65365783676E-15,1.03178E+03));
#4912 = VECTOR('',#4913,1.);
#4913 = DIRECTION('',(1.,0.,0.));
#4914 = PCURVE('',#4882,#4915);
#4915 = DEFINITIONAL_REPRESENTATION('',(#4916),#4920);
#4916 = LINE('',#4917,#4918);
#4917 = CARTESIAN_POINT('',(6.28318530718,-0.));
#4918 = VECTOR('',#4919,1.);
#4919 = DIRECTION('',(0.,1.));
#4920 = ( GEOMETRIC_REPRESENTATION_CONTEXT(2) 
PARAMETRIC_REPRESENTATION_CONTEXT() REPRESENTATION_CONTEXT('2D SPACE',''
  ) );
#4921 = PCURVE('',#4882,#4922);
#4922 = DEFINITIONAL_REPRESENTATION('',(#4923),#4927);
#4923 = LINE('',#4924,#4925);
#4924 = CARTESIAN_POINT('',(0.,-0.));
#4925 = VECTOR('',#4926,1.);
#4926 = DIRECTION('',(0.,1.));
#4927 = ( GEOMETRIC_REPRESENTATION_CONTEXT(2) 
PARAMETRIC_REPRESENTATION_CONTEXT() REPRESENTATION_CONTEXT('2D SPACE',''
  ) );
#4928 = ORIENTED_EDGE('',*,*,#4929,.T.);
#4929 = EDGE_CURVE('',#4907,#4907,#4930,.T.);
#4930 = SURFACE_CURVE('',#4931,(#4936,#4943),.PCURVE_S1.);
#4931 = CIRCLE('',#4932,19.);
#4932 = AXIS2_PLACEMENT_3D('',#4933,#4934,#4935);
#4933 = CARTESIAN_POINT('',(62.5,0.,1.01278E+03));
#4934 = DIRECTION('',(1.,0.,0.));
#4935 = DIRECTION('',(-0.,0.,1.));
#4936 = PCURVE('',#4882,#4937);
#4937 = DEFINITIONAL_REPRESENTATION('',(#4938),#4942);
#4938 = LINE('',#4939,#4940);
#4939 = CARTESIAN_POINT('',(0.,0.));
#4940 = VECTOR('',#4941,1.);
#4941 = DIRECTION('',(1.,0.));
#4942 = ( GEOMETRIC_REPRESENTATION_CONTEXT(2) 
PARAMETRIC_REPRESENTATION_CONTEXT() REPRESENTATION_CONTEXT('2D SPACE',''
  ) );
#4943 = PCURVE('',#4944,#4949);
#4944 = PLANE('',#4945);
#4945 = AXIS2_PLACEMENT_3D('',#4946,#4947,#4948);
#4946 = CARTESIAN_POINT('',(62.5,0.,1.01278E+03));
#4947 = DIRECTION('',(1.,0.,0.));
#4948 = DIRECTION('',(-0.,0.,1.));
#4949 = DEFINITIONAL_REPRESENTATION('',(#4950),#4954);
#4950 = CIRCLE('',#4951,19.);
#4951 = AXIS2_PLACEMENT_2D('',#4952,#4953);
#4952 = CARTESIAN_POINT('',(0.,0.));
#4953 = DIRECTION('',(1.,0.));
#4954 = ( GEOMETRIC_REPRESENTATION_CONTEXT(2) 
PARAMETRIC_REPRESENTATION_CONTEXT() REPRESENTATION_CONTEXT('2D SPACE',''
  ) );
#4955 = ORIENTED_EDGE('',*,*,#4906,.T.);
#4956 = ADVANCED_FACE('',(#4957),#4894,.T.);
#4957 = FACE_BOUND('',#4958,.T.);
#4958 = EDGE_LOOP('',(#4959));
#4959 = ORIENTED_EDGE('',*,*,#4872,.T.);
#4960 = ADVANCED_FACE('',(#4961),#4944,.F.);
#4961 = FACE_BOUND('',#4962,.T.);
#4962 = EDGE_LOOP('',(#4963));
#4963 = ORIENTED_EDGE('',*,*,#4929,.F.);
#4964 = ( GEOMETRIC_REPRESENTATION_CONTEXT(3) 
GLOBAL_UNCERTAINTY_ASSIGNED_CONTEXT((#4968)) 
GLOBAL_UNIT_ASSIGNED_CONTEXT((#4965,#4966,#4967)) REPRESENTATION_CONTEXT
('Context #1','3D Context with UNIT and UNCERTAINTY') );
#4965 = ( LENGTH_UNIT() NAMED_UNIT(*) SI_UNIT(.MILLI.,.METRE.) );
#4966 = ( NAMED_UNIT(*) PLANE_ANGLE_UNIT() SI_UNIT($,.RADIAN.) );
#4967 = ( NAMED_UNIT(*) SI_UNIT($,.STERADIAN.) SOLID_ANGLE_UNIT() );
#4968 = UNCERTAINTY_MEASURE_WITH_UNIT(LENGTH_MEASURE(1.E-07),#4965,
  'distance_accuracy_value','confusion accuracy');
#4969 = CONTEXT_DEPENDENT_SHAPE_REPRESENTATION(#4970,#4972);
#4970 = ( REPRESENTATION_RELATIONSHIP('','',#4865,#10) 
REPRESENTATION_RELATIONSHIP_WITH_TRANSFORMATION(#4971) 
SHAPE_REPRESENTATION_RELATIONSHIP() );
#4971 = ITEM_DEFINED_TRANSFORMATION('','',#11,#27);
#4972 = PRODUCT_DEFINITION_SHAPE('Placement','Placement of an item',
  #4973);
#4973 = NEXT_ASSEMBLY_USAGE_OCCURRENCE('4','SHAFT_JOURNAL_RIGHT_300M',''
  ,#5,#4860,$);
#4974 = PRODUCT_RELATED_PRODUCT_CATEGORY('part',$,(#4862));
ENDSEC;
END-ISO-10303-21;
