ISO-10303-21;
HEADER;
FILE_DESCRIPTION(('Open CASCADE Model'),'2;1');
FILE_NAME('Open CASCADE Shape Model','2026-10-01T21:13:37',('Author'),(
    'Open CASCADE'),'Open CASCADE STEP processor 7.9','Open CASCADE 7.9'
  ,'Unknown');
FILE_SCHEMA(('AUTOMOTIVE_DESIGN { 1 0 10303 214 1 1 1 1 }'));
ENDSEC;
DATA;
#1 = APPLICATION_PROTOCOL_DEFINITION('international standard',
  'automotive_design',2000,#2);
#2 = APPLICATION_CONTEXT(
  'core data for automotive mechanical design processes');
#3 = SHAPE_DEFINITION_REPRESENTATION(#4,#10);
#4 = PRODUCT_DEFINITION_SHAPE('','',#5);
#5 = PRODUCT_DEFINITION('design','',#6,#9);
#6 = PRODUCT_DEFINITION_FORMATION('','',#7);
#7 = PRODUCT('B14B11F_F2_BALANCED_LOCAL','B14B11F_F2_BALANCED_LOCAL','',
  (#8));
#8 = PRODUCT_CONTEXT('',#2,'mechanical');
#9 = PRODUCT_DEFINITION_CONTEXT('part definition',#2,'design');
#10 = SHAPE_REPRESENTATION('',(#11,#15),#19);
#11 = AXIS2_PLACEMENT_3D('',#12,#13,#14);
#12 = CARTESIAN_POINT('',(0.,0.,0.));
#13 = DIRECTION('',(0.,0.,1.));
#14 = DIRECTION('',(1.,0.,-0.));
#15 = AXIS2_PLACEMENT_3D('',#16,#17,#18);
#16 = CARTESIAN_POINT('',(0.,0.,0.));
#17 = DIRECTION('',(0.,0.,1.));
#18 = DIRECTION('',(1.,0.,-0.));
#19 = ( GEOMETRIC_REPRESENTATION_CONTEXT(3) 
GLOBAL_UNCERTAINTY_ASSIGNED_CONTEXT((#23)) GLOBAL_UNIT_ASSIGNED_CONTEXT(
(#20,#21,#22)) REPRESENTATION_CONTEXT('Context #1',
  '3D Context with UNIT and UNCERTAINTY') );
#20 = ( LENGTH_UNIT() NAMED_UNIT(*) SI_UNIT(.MILLI.,.METRE.) );
#21 = ( NAMED_UNIT(*) PLANE_ANGLE_UNIT() SI_UNIT($,.RADIAN.) );
#22 = ( NAMED_UNIT(*) SI_UNIT($,.STERADIAN.) SOLID_ANGLE_UNIT() );
#23 = UNCERTAINTY_MEASURE_WITH_UNIT(LENGTH_MEASURE(2.E-06),#20,
  'distance_accuracy_value','confusion accuracy');
#24 = PRODUCT_RELATED_PRODUCT_CATEGORY('part',$,(#7));
#25 = SHAPE_DEFINITION_REPRESENTATION(#26,#32);
#26 = PRODUCT_DEFINITION_SHAPE('','',#27);
#27 = PRODUCT_DEFINITION('design','',#28,#31);
#28 = PRODUCT_DEFINITION_FORMATION('','',#29);
#29 = PRODUCT('HEAD_7075_ROOT_LOCAL','HEAD_7075_ROOT_LOCAL','',(#30));
#30 = PRODUCT_CONTEXT('',#2,'mechanical');
#31 = PRODUCT_DEFINITION_CONTEXT('part definition',#2,'design');
#32 = ADVANCED_BREP_SHAPE_REPRESENTATION('',(#11,#33),#3777);
#33 = MANIFOLD_SOLID_BREP('',#34);
#34 = CLOSED_SHELL('',(#35,#487,#530,#567,#572,#1488,#1516,#1544,#1572,
    #1600,#1628,#1656,#1684,#1712,#1740,#2186,#2353,#2409,#2465,#2524,
    #2883,#2942,#2998,#3054,#3155,#3331,#3460,#3618,#3670,#3711,#3718,
    #3769));
#35 = ADVANCED_FACE('',(#36),#51,.F.);
#36 = FACE_BOUND('',#37,.F.);
#37 = EDGE_LOOP('',(#38,#74,#100,#133,#154,#178,#204,#468));
#38 = ORIENTED_EDGE('',*,*,#39,.F.);
#39 = EDGE_CURVE('',#40,#42,#44,.T.);
#40 = VERTEX_POINT('',#41);
#41 = CARTESIAN_POINT('',(19.974984355438,25.,973.78));
#42 = VERTEX_POINT('',#43);
#43 = CARTESIAN_POINT('',(4.609772228646,31.666228067138,973.78));
#44 = SURFACE_CURVE('',#45,(#50,#62),.PCURVE_S1.);
#45 = CIRCLE('',#46,32.);
#46 = AXIS2_PLACEMENT_3D('',#47,#48,#49);
#47 = CARTESIAN_POINT('',(0.,0.,973.78));
#48 = DIRECTION('',(0.,0.,1.));
#49 = DIRECTION('',(1.,0.,0.));
#50 = PCURVE('',#51,#56);
#51 = CYLINDRICAL_SURFACE('',#52,32.);
#52 = AXIS2_PLACEMENT_3D('',#53,#54,#55);
#53 = CARTESIAN_POINT('',(0.,0.,700.));
#54 = DIRECTION('',(-0.,-0.,-1.));
#55 = DIRECTION('',(1.,0.,0.));
#56 = DEFINITIONAL_REPRESENTATION('',(#57),#61);
#57 = LINE('',#58,#59);
#58 = CARTESIAN_POINT('',(6.28318530718,-273.78));
#59 = VECTOR('',#60,1.);
#60 = DIRECTION('',(-1.,0.));
#61 = ( GEOMETRIC_REPRESENTATION_CONTEXT(2) 
PARAMETRIC_REPRESENTATION_CONTEXT() REPRESENTATION_CONTEXT('2D SPACE',''
  ) );
#62 = PCURVE('',#63,#68);
#63 = PLANE('',#64);
#64 = AXIS2_PLACEMENT_3D('',#65,#66,#67);
#65 = CARTESIAN_POINT('',(-2.051160198809E-15,2.796030478528E-15,973.78)
  );
#66 = DIRECTION('',(0.,0.,1.));
#67 = DIRECTION('',(1.,0.,0.));
#68 = DEFINITIONAL_REPRESENTATION('',(#69),#73);
#69 = CIRCLE('',#70,32.);
#70 = AXIS2_PLACEMENT_2D('',#71,#72);
#71 = CARTESIAN_POINT('',(2.051160198809E-15,-2.796030478528E-15));
#72 = DIRECTION('',(1.,0.));
#73 = ( GEOMETRIC_REPRESENTATION_CONTEXT(2) 
PARAMETRIC_REPRESENTATION_CONTEXT() REPRESENTATION_CONTEXT('2D SPACE',''
  ) );
#74 = ORIENTED_EDGE('',*,*,#75,.T.);
#75 = EDGE_CURVE('',#40,#76,#78,.T.);
#76 = VERTEX_POINT('',#77);
#77 = CARTESIAN_POINT('',(19.974984355438,25.,920.));
#78 = SURFACE_CURVE('',#79,(#83,#89),.PCURVE_S1.);
#79 = LINE('',#80,#81);
#80 = CARTESIAN_POINT('',(19.974984355438,25.,700.));
#81 = VECTOR('',#82,1.);
#82 = DIRECTION('',(-0.,-0.,-1.));
#83 = PCURVE('',#51,#84);
#84 = DEFINITIONAL_REPRESENTATION('',(#85),#88);
#85 = B_SPLINE_CURVE_WITH_KNOTS('',1,(#86,#87),.UNSPECIFIED.,.F.,.F.,(2,
    2),(-273.7800006,-212.8),.PIECEWISE_BEZIER_KNOTS.);
#86 = CARTESIAN_POINT('',(5.386519487052,-273.7800006));
#87 = CARTESIAN_POINT('',(5.386519487052,-212.8));
#88 = ( GEOMETRIC_REPRESENTATION_CONTEXT(2) 
PARAMETRIC_REPRESENTATION_CONTEXT() REPRESENTATION_CONTEXT('2D SPACE',''
  ) );
#89 = PCURVE('',#90,#95);
#90 = PLANE('',#91);
#91 = AXIS2_PLACEMENT_3D('',#92,#93,#94);
#92 = CARTESIAN_POINT('',(-60.,25.,920.));
#93 = DIRECTION('',(0.,1.,0.));
#94 = DIRECTION('',(0.,0.,1.));
#95 = DEFINITIONAL_REPRESENTATION('',(#96),#99);
#96 = B_SPLINE_CURVE_WITH_KNOTS('',1,(#97,#98),.UNSPECIFIED.,.F.,.F.,(2,
    2),(-273.7800006,-212.8),.PIECEWISE_BEZIER_KNOTS.);
#97 = CARTESIAN_POINT('',(53.7800006,79.974984355438));
#98 = CARTESIAN_POINT('',(-7.2,79.974984355438));
#99 = ( GEOMETRIC_REPRESENTATION_CONTEXT(2) 
PARAMETRIC_REPRESENTATION_CONTEXT() REPRESENTATION_CONTEXT('2D SPACE',''
  ) );
#100 = ORIENTED_EDGE('',*,*,#101,.F.);
#101 = EDGE_CURVE('',#102,#76,#104,.T.);
#102 = VERTEX_POINT('',#103);
#103 = CARTESIAN_POINT('',(-19.97498435543,25.,920.));
#104 = SURFACE_CURVE('',#105,(#110,#117),.PCURVE_S1.);
#105 = CIRCLE('',#106,32.);
#106 = AXIS2_PLACEMENT_3D('',#107,#108,#109);
#107 = CARTESIAN_POINT('',(0.,0.,920.));
#108 = DIRECTION('',(0.,0.,-1.));
#109 = DIRECTION('',(1.,0.,0.));
#110 = PCURVE('',#51,#111);
#111 = DEFINITIONAL_REPRESENTATION('',(#112),#116);
#112 = LINE('',#113,#114);
#113 = CARTESIAN_POINT('',(0.,-220.));
#114 = VECTOR('',#115,1.);
#115 = DIRECTION('',(1.,0.));
#116 = ( GEOMETRIC_REPRESENTATION_CONTEXT(2) 
PARAMETRIC_REPRESENTATION_CONTEXT() REPRESENTATION_CONTEXT('2D SPACE',''
  ) );
#117 = PCURVE('',#118,#123);
#118 = PLANE('',#119);
#119 = AXIS2_PLACEMENT_3D('',#120,#121,#122);
#120 = CARTESIAN_POINT('',(-60.,25.,920.));
#121 = DIRECTION('',(0.,0.,1.));
#122 = DIRECTION('',(1.,0.,0.));
#123 = DEFINITIONAL_REPRESENTATION('',(#124),#132);
#124 = ( BOUNDED_CURVE() B_SPLINE_CURVE(2,(#125,#126,#127,#128,#129,#130
,#131),.UNSPECIFIED.,.T.,.F.) B_SPLINE_CURVE_WITH_KNOTS((1,2,2,2,2,1),(
    -2.094395102393,0.,2.094395102393,4.188790204786,6.28318530718,
8.377580409573),.UNSPECIFIED.) CURVE() GEOMETRIC_REPRESENTATION_ITEM() 
RATIONAL_B_SPLINE_CURVE((1.,0.5,1.,0.5,1.,0.5,1.)) REPRESENTATION_ITEM(
  '') );
#125 = CARTESIAN_POINT('',(92.,-25.));
#126 = CARTESIAN_POINT('',(92.,-80.4256258422));
#127 = CARTESIAN_POINT('',(44.,-52.7128129211));
#128 = CARTESIAN_POINT('',(-4.,-25.));
#129 = CARTESIAN_POINT('',(44.,2.712812921102));
#130 = CARTESIAN_POINT('',(92.,30.425625842204));
#131 = CARTESIAN_POINT('',(92.,-25.));
#132 = ( GEOMETRIC_REPRESENTATION_CONTEXT(2) 
PARAMETRIC_REPRESENTATION_CONTEXT() REPRESENTATION_CONTEXT('2D SPACE',''
  ) );
#133 = ORIENTED_EDGE('',*,*,#134,.F.);
#134 = EDGE_CURVE('',#135,#102,#137,.T.);
#135 = VERTEX_POINT('',#136);
#136 = CARTESIAN_POINT('',(-19.97498435543,25.,973.78));
#137 = SURFACE_CURVE('',#138,(#142,#148),.PCURVE_S1.);
#138 = LINE('',#139,#140);
#139 = CARTESIAN_POINT('',(-19.97498435543,25.,700.));
#140 = VECTOR('',#141,1.);
#141 = DIRECTION('',(-0.,-0.,-1.));
#142 = PCURVE('',#51,#143);
#143 = DEFINITIONAL_REPRESENTATION('',(#144),#147);
#144 = B_SPLINE_CURVE_WITH_KNOTS('',1,(#145,#146),.UNSPECIFIED.,.F.,.F.,
  (2,2),(-273.7800006,-212.8),.PIECEWISE_BEZIER_KNOTS.);
#145 = CARTESIAN_POINT('',(4.038258473717,-273.7800006));
#146 = CARTESIAN_POINT('',(4.038258473717,-212.8));
#147 = ( GEOMETRIC_REPRESENTATION_CONTEXT(2) 
PARAMETRIC_REPRESENTATION_CONTEXT() REPRESENTATION_CONTEXT('2D SPACE',''
  ) );
#148 = PCURVE('',#90,#149);
#149 = DEFINITIONAL_REPRESENTATION('',(#150),#153);
#150 = B_SPLINE_CURVE_WITH_KNOTS('',1,(#151,#152),.UNSPECIFIED.,.F.,.F.,
  (2,2),(-273.7800006,-212.8),.PIECEWISE_BEZIER_KNOTS.);
#151 = CARTESIAN_POINT('',(53.7800006,40.025015644562));
#152 = CARTESIAN_POINT('',(-7.2,40.025015644562));
#153 = ( GEOMETRIC_REPRESENTATION_CONTEXT(2) 
PARAMETRIC_REPRESENTATION_CONTEXT() REPRESENTATION_CONTEXT('2D SPACE',''
  ) );
#154 = ORIENTED_EDGE('',*,*,#155,.F.);
#155 = EDGE_CURVE('',#156,#135,#158,.T.);
#156 = VERTEX_POINT('',#157);
#157 = CARTESIAN_POINT('',(-4.609772228646,31.666228067138,973.78));
#158 = SURFACE_CURVE('',#159,(#164,#171),.PCURVE_S1.);
#159 = CIRCLE('',#160,32.);
#160 = AXIS2_PLACEMENT_3D('',#161,#162,#163);
#161 = CARTESIAN_POINT('',(0.,0.,973.78));
#162 = DIRECTION('',(0.,0.,1.));
#163 = DIRECTION('',(1.,0.,0.));
#164 = PCURVE('',#51,#165);
#165 = DEFINITIONAL_REPRESENTATION('',(#166),#170);
#166 = LINE('',#167,#168);
#167 = CARTESIAN_POINT('',(6.28318530718,-273.78));
#168 = VECTOR('',#169,1.);
#169 = DIRECTION('',(-1.,0.));
#170 = ( GEOMETRIC_REPRESENTATION_CONTEXT(2) 
PARAMETRIC_REPRESENTATION_CONTEXT() REPRESENTATION_CONTEXT('2D SPACE',''
  ) );
#171 = PCURVE('',#63,#172);
#172 = DEFINITIONAL_REPRESENTATION('',(#173),#177);
#173 = CIRCLE('',#174,32.);
#174 = AXIS2_PLACEMENT_2D('',#175,#176);
#175 = CARTESIAN_POINT('',(2.051160198809E-15,-2.796030478528E-15));
#176 = DIRECTION('',(1.,0.));
#177 = ( GEOMETRIC_REPRESENTATION_CONTEXT(2) 
PARAMETRIC_REPRESENTATION_CONTEXT() REPRESENTATION_CONTEXT('2D SPACE',''
  ) );
#178 = ORIENTED_EDGE('',*,*,#179,.T.);
#179 = EDGE_CURVE('',#156,#180,#182,.T.);
#180 = VERTEX_POINT('',#181);
#181 = CARTESIAN_POINT('',(-4.609772228646,31.666228067138,
    969.12409098567));
#182 = SURFACE_CURVE('',#183,(#187,#193),.PCURVE_S1.);
#183 = LINE('',#184,#185);
#184 = CARTESIAN_POINT('',(-4.609772228646,31.666228067138,700.));
#185 = VECTOR('',#186,1.);
#186 = DIRECTION('',(-0.,-0.,-1.));
#187 = PCURVE('',#51,#188);
#188 = DEFINITIONAL_REPRESENTATION('',(#189),#192);
#189 = B_SPLINE_CURVE_WITH_KNOTS('',1,(#190,#191),.UNSPECIFIED.,.F.,.F.,
  (2,2),(-273.7800006,-223.1489585272),.PIECEWISE_BEZIER_KNOTS.);
#190 = CARTESIAN_POINT('',(4.567830648781,-273.7800006));
#191 = CARTESIAN_POINT('',(4.567830648781,-223.1489585272));
#192 = ( GEOMETRIC_REPRESENTATION_CONTEXT(2) 
PARAMETRIC_REPRESENTATION_CONTEXT() REPRESENTATION_CONTEXT('2D SPACE',''
  ) );
#193 = PCURVE('',#194,#199);
#194 = PLANE('',#195);
#195 = AXIS2_PLACEMENT_3D('',#196,#197,#198);
#196 = CARTESIAN_POINT('',(-47.5,31.666228067138,1.07028E+03));
#197 = DIRECTION('',(0.,-1.,0.));
#198 = DIRECTION('',(0.636881446996,0.,-0.770961751627));
#199 = DEFINITIONAL_REPRESENTATION('',(#200),#203);
#200 = B_SPLINE_CURVE_WITH_KNOTS('',1,(#201,#202),.UNSPECIFIED.,.F.,.F.,
  (2,2),(-273.7800006,-223.1489585272),.PIECEWISE_BEZIER_KNOTS.);
#201 = CARTESIAN_POINT('',(101.71379889445,-28.39233412272));
#202 = CARTESIAN_POINT('',(140.74839577756,-60.63830546094));
#203 = ( GEOMETRIC_REPRESENTATION_CONTEXT(2) 
PARAMETRIC_REPRESENTATION_CONTEXT() REPRESENTATION_CONTEXT('2D SPACE',''
  ) );
#204 = ORIENTED_EDGE('',*,*,#205,.T.);
#205 = EDGE_CURVE('',#180,#206,#208,.T.);
#206 = VERTEX_POINT('',#207);
#207 = CARTESIAN_POINT('',(4.609772228646,31.666228067138,969.0458196764
    ));
#208 = SURFACE_CURVE('',#209,(#282,#358),.PCURVE_S1.);
#209 = B_SPLINE_CURVE_WITH_KNOTS('',8,(#210,#211,#212,#213,#214,#215,
    #216,#217,#218,#219,#220,#221,#222,#223,#224,#225,#226,#227,#228,
    #229,#230,#231,#232,#233,#234,#235,#236,#237,#238,#239,#240,#241,
    #242,#243,#244,#245,#246,#247,#248,#249,#250,#251,#252,#253,#254,
    #255,#256,#257,#258,#259,#260,#261,#262,#263,#264,#265,#266,#267,
    #268,#269,#270,#271,#272,#273,#274,#275,#276,#277,#278,#279,#280,
    #281),.UNSPECIFIED.,.F.,.F.,(9,7,7,7,7,7,7,7,7,7,9),(0.,
    0.164319266222,0.24914034991,0.341722890635,0.438751425134,
    0.495718054474,0.544372918497,0.635744980643,0.751527400988,
    0.862137692162,1.),.UNSPECIFIED.);
#210 = CARTESIAN_POINT('',(-4.609772228646,31.666228067138,
    969.12409098567));
#211 = CARTESIAN_POINT('',(-4.609772228646,31.666228067138,
    968.99263632888));
#212 = CARTESIAN_POINT('',(-4.598467151274,31.667873813674,
    968.86040601679));
#213 = CARTESIAN_POINT('',(-4.575651553135,31.671195071008,
    968.72748806906));
#214 = CARTESIAN_POINT('',(-4.540997859245,31.676216815033,
    968.59399191826));
#215 = CARTESIAN_POINT('',(-4.494050004844,31.682956671444,
    968.46004954414));
#216 = CARTESIAN_POINT('',(-4.43421735046,31.691422235361,
    968.32581603923));
#217 = CARTESIAN_POINT('',(-4.360730410715,31.701608044396,
    968.19147056572));
#218 = CARTESIAN_POINT('',(-4.226985971023,31.719626425516,
    967.98791825843));
#219 = CARTESIAN_POINT('',(-4.177532514874,31.726212831762,
    967.91864867738));
#220 = CARTESIAN_POINT('',(-4.124013998876,31.7332480033,967.84943839308
    ));
#221 = CARTESIAN_POINT('',(-4.066265280055,31.740727156812,
    967.78032212585));
#222 = CARTESIAN_POINT('',(-4.004100562639,31.748643552229,
    967.71134095431));
#223 = CARTESIAN_POINT('',(-3.937308493357,31.756988059285,
    967.64254264695));
#224 = CARTESIAN_POINT('',(-3.865643431902,31.765748656631,
    967.57398221511));
#225 = CARTESIAN_POINT('',(-3.704952070256,31.784909356252,
    967.43121714904));
#226 = CARTESIAN_POINT('',(-3.614959719811,31.795383449147,
    967.35709006788));
#227 = CARTESIAN_POINT('',(-3.518440763843,31.806313780659,
    967.28340640045));
#228 = CARTESIAN_POINT('',(-3.414952291429,31.817674912407,
    967.21026397725));
#229 = CARTESIAN_POINT('',(-3.303985121117,31.829431716544,
    967.13779619547));
#230 = CARTESIAN_POINT('',(-3.184955595106,31.841537148037,
    967.06617307969));
#231 = CARTESIAN_POINT('',(-3.057164707461,31.85392918009,
    966.99560585746));
#232 = CARTESIAN_POINT('',(-2.775596419723,31.879727090268,
    966.85378922563));
#233 = CARTESIAN_POINT('',(-2.621225862042,31.893120010341,
    966.78285152766));
#234 = CARTESIAN_POINT('',(-2.455234171684,31.906640869932,
    966.71365928329));
#235 = CARTESIAN_POINT('',(-2.276266758242,31.920168918852,
    966.64661181969));
#236 = CARTESIAN_POINT('',(-2.083030454204,31.933513141698,
    966.58237698376));
#237 = CARTESIAN_POINT('',(-1.874223503101,31.946391877105,
    966.52191700214));
#238 = CARTESIAN_POINT('',(-1.64868360806,31.95843282784,966.46644913194
    ));
#239 = CARTESIAN_POINT('',(-1.261637710457,31.975440728409,
    966.38890723311));
#240 = CARTESIAN_POINT('',(-1.112230672594,31.981271840955,
    966.3625191392));
#241 = CARTESIAN_POINT('',(-0.95666793404,31.986527952591,
    966.33882692564));
#242 = CARTESIAN_POINT('',(-0.795265223088,31.991079392596,
    966.31828393053));
#243 = CARTESIAN_POINT('',(-0.628626915345,31.994790457899,
    966.30135843629));
#244 = CARTESIAN_POINT('',(-0.457699762578,31.997534676543,
    966.28849084149));
#245 = CARTESIAN_POINT('',(-0.283862561267,31.999218290785,
    966.28002151847));
#246 = CARTESIAN_POINT('',(4.020010455837E-02,32.000322949398,
    966.27268349908));
#247 = CARTESIAN_POINT('',(0.190257876632,32.000038606031,
    966.27259236919));
#248 = CARTESIAN_POINT('',(0.339752303849,31.998941847011,
    966.27586993038));
#249 = CARTESIAN_POINT('',(0.487570291834,31.997054596816,
    966.28244864424));
#250 = CARTESIAN_POINT('',(0.632795767937,31.994428856424,
    966.29215732714));
#251 = CARTESIAN_POINT('',(0.77468463592,31.991136820845,966.30475610888
    ));
#252 = CARTESIAN_POINT('',(0.912645227835,31.987262170086,
    966.31996291699));
#253 = CARTESIAN_POINT('',(1.297080796217,31.974686515305,
    966.37035194279));
#254 = CARTESIAN_POINT('',(1.532107573961,31.964747223962,
    966.41130113459));
#255 = CARTESIAN_POINT('',(1.751261777343,31.953571065831,
    966.45862845551));
#256 = CARTESIAN_POINT('',(1.95503161243,31.941595104333,966.51087755246
    ));
#257 = CARTESIAN_POINT('',(2.144292676553,31.929161640224,
    966.56686853096));
#258 = CARTESIAN_POINT('',(2.320204889706,31.916513469099,966.6257274484
    ));
#259 = CARTESIAN_POINT('',(2.48412831875,31.903805438486,966.68690894353
    ));
#260 = CARTESIAN_POINT('',(2.831927592793,31.875040903205,
    966.83043994703));
#261 = CARTESIAN_POINT('',(3.008687026306,31.859058722277,
    966.91376930533));
#262 = CARTESIAN_POINT('',(3.170242819719,31.843400263285,
    966.99943584016));
#263 = CARTESIAN_POINT('',(3.318124914476,31.82822208266,967.08688721479
    ));
#264 = CARTESIAN_POINT('',(3.453643302603,31.813636056351,
    967.17569285666));
#265 = CARTESIAN_POINT('',(3.577863223861,31.799715830552,
    967.26554839062));
#266 = CARTESIAN_POINT('',(3.691730332442,31.786509184119,
    967.35625502854));
#267 = CARTESIAN_POINT('',(3.895719179506,31.762138574365,
    967.53510113205));
#268 = CARTESIAN_POINT('',(3.986594215999,31.750919408059,967.6231031944
    ));
#269 = CARTESIAN_POINT('',(4.069340066397,31.740420099572,
    967.71158356863));
#270 = CARTESIAN_POINT('',(4.144477747567,31.730663470289,
    967.80042151846));
#271 = CARTESIAN_POINT('',(4.212434893953,31.721664944554,967.8895159137
    ));
#272 = CARTESIAN_POINT('',(4.273575733148,31.713434172913,
    967.97878301644));
#273 = CARTESIAN_POINT('',(4.328215382541,31.705976394388,
    968.06815535312));
#274 = CARTESIAN_POINT('',(4.436947039233,31.69096416782,968.26904073048
    ));
#275 = CARTESIAN_POINT('',(4.487579374388,31.683839849141,
    968.38056713491));
#276 = CARTESIAN_POINT('',(4.529029614957,31.677924478704,
    968.49205153902));
#277 = CARTESIAN_POINT('',(4.561695150771,31.67321551685,968.60339665794
    ));
#278 = CARTESIAN_POINT('',(4.585887470205,31.66970510638,968.71451640005
    ));
#279 = CARTESIAN_POINT('',(4.601851327842,31.667381110143,968.8253352686
    ));
#280 = CARTESIAN_POINT('',(4.609772228646,31.666228067138,
    968.93578803395));
#281 = CARTESIAN_POINT('',(4.609772228646,31.666228067138,969.0458196764
    ));
#282 = PCURVE('',#51,#283);
#283 = DEFINITIONAL_REPRESENTATION('',(#284),#357);
#284 = B_SPLINE_CURVE_WITH_KNOTS('',8,(#285,#286,#287,#288,#289,#290,
    #291,#292,#293,#294,#295,#296,#297,#298,#299,#300,#301,#302,#303,
    #304,#305,#306,#307,#308,#309,#310,#311,#312,#313,#314,#315,#316,
    #317,#318,#319,#320,#321,#322,#323,#324,#325,#326,#327,#328,#329,
    #330,#331,#332,#333,#334,#335,#336,#337,#338,#339,#340,#341,#342,
    #343,#344,#345,#346,#347,#348,#349,#350,#351,#352,#353,#354,#355,
    #356),.UNSPECIFIED.,.F.,.F.,(9,7,7,7,7,7,7,7,7,7,9),(0.,
    0.164319266222,0.24914034991,0.341722890635,0.438751425134,
    0.495718054474,0.544372918497,0.635744980643,0.751527400988,
    0.862137692162,1.),.UNSPECIFIED.);
#285 = CARTESIAN_POINT('',(4.567830648781,-269.1240909856));
#286 = CARTESIAN_POINT('',(4.567830648781,-268.9926363288));
#287 = CARTESIAN_POINT('',(4.568187656225,-268.8604060167));
#288 = CARTESIAN_POINT('',(4.568908158551,-268.727488069));
#289 = CARTESIAN_POINT('',(4.57000239735,-268.5939919182));
#290 = CARTESIAN_POINT('',(4.571484556433,-268.4600495441));
#291 = CARTESIAN_POINT('',(4.573372940237,-268.3258160392));
#292 = CARTESIAN_POINT('',(4.575691345123,-268.1914705657));
#293 = CARTESIAN_POINT('',(4.57990861769,-267.9879182584));
#294 = CARTESIAN_POINT('',(4.581467682501,-267.9186486773));
#295 = CARTESIAN_POINT('',(4.583154519886,-267.849438393));
#296 = CARTESIAN_POINT('',(4.58497423237,-267.7803221258));
#297 = CARTESIAN_POINT('',(4.586932558428,-267.7113409543));
#298 = CARTESIAN_POINT('',(4.589036024962,-267.6425426469));
#299 = CARTESIAN_POINT('',(4.591292219457,-267.5739822151));
#300 = CARTESIAN_POINT('',(4.596349397033,-267.431217149));
#301 = CARTESIAN_POINT('',(4.599180630577,-267.3570900678));
#302 = CARTESIAN_POINT('',(4.602216102261,-267.2834064004));
#303 = CARTESIAN_POINT('',(4.605469505903,-267.2102639772));
#304 = CARTESIAN_POINT('',(4.608956583024,-267.1377961954));
#305 = CARTESIAN_POINT('',(4.612695378475,-267.0661730796));
#306 = CARTESIAN_POINT('',(4.61670751953,-266.9956058574));
#307 = CARTESIAN_POINT('',(4.625543383551,-266.8537892256));
#308 = CARTESIAN_POINT('',(4.630385528577,-266.7828515276));
#309 = CARTESIAN_POINT('',(4.635589824209,-266.7136592832));
#310 = CARTESIAN_POINT('',(4.641198308129,-266.6466118196));
#311 = CARTESIAN_POINT('',(4.647251033798,-266.5823769837));
#312 = CARTESIAN_POINT('',(4.653788304232,-266.5219170021));
#313 = CARTESIAN_POINT('',(4.660846149858,-266.4664491319));
#314 = CARTESIAN_POINT('',(4.672953006271,-266.3889072331));
#315 = CARTESIAN_POINT('',(4.677625474548,-266.3625191392));
#316 = CARTESIAN_POINT('',(4.682489470999,-266.3388269256));
#317 = CARTESIAN_POINT('',(4.687535147646,-266.3182839305));
#318 = CARTESIAN_POINT('',(4.692743693576,-266.3013584362));
#319 = CARTESIAN_POINT('',(4.698085676688,-266.2884908414));
#320 = CARTESIAN_POINT('',(4.70351823701,-266.2800215184));
#321 = CARTESIAN_POINT('',(4.713645254154,-266.272683499));
#322 = CARTESIAN_POINT('',(4.718334501946,-266.2725923691));
#323 = CARTESIAN_POINT('',(4.723006213631,-266.2758699303));
#324 = CARTESIAN_POINT('',(4.727625768792,-266.2824486442));
#325 = CARTESIAN_POINT('',(4.73216468473,-266.2921573271));
#326 = CARTESIAN_POINT('',(4.736599816083,-266.3047561088));
#327 = CARTESIAN_POINT('',(4.74091273842,-266.3199629169));
#328 = CARTESIAN_POINT('',(4.752932775944,-266.3703519427));
#329 = CARTESIAN_POINT('',(4.760283590981,-266.4113011345));
#330 = CARTESIAN_POINT('',(4.767140653819,-266.4586284555));
#331 = CARTESIAN_POINT('',(4.773519108165,-266.5108775524));
#332 = CARTESIAN_POINT('',(4.779446025121,-266.5668685309));
#333 = CARTESIAN_POINT('',(4.784957323655,-266.6257274484));
#334 = CARTESIAN_POINT('',(4.790095233394,-266.6869089435));
#335 = CARTESIAN_POINT('',(4.801001068518,-266.830439947));
#336 = CARTESIAN_POINT('',(4.806547171642,-266.9137693053));
#337 = CARTESIAN_POINT('',(4.811619288332,-266.9994358401));
#338 = CARTESIAN_POINT('',(4.816264750017,-267.0868872147));
#339 = CARTESIAN_POINT('',(4.820524072451,-267.1756928566));
#340 = CARTESIAN_POINT('',(4.82443019167,-267.2655483906));
#341 = CARTESIAN_POINT('',(4.828012371294,-267.3562550285));
#342 = CARTESIAN_POINT('',(4.83443235477,-267.535101132));
#343 = CARTESIAN_POINT('',(4.837293737848,-267.6231031944));
#344 = CARTESIAN_POINT('',(4.839900255502,-267.7115835686));
#345 = CARTESIAN_POINT('',(4.842268003707,-267.8004215184));
#346 = CARTESIAN_POINT('',(4.844410190686,-267.8895159137));
#347 = CARTESIAN_POINT('',(4.846338071088,-267.9787830164));
#348 = CARTESIAN_POINT('',(4.848061389733,-268.0681553531));
#349 = CARTESIAN_POINT('',(4.851491486892,-268.2690407304));
#350 = CARTESIAN_POINT('',(4.853089328467,-268.3805671349));
#351 = CARTESIAN_POINT('',(4.854397769046,-268.492051539));
#352 = CARTESIAN_POINT('',(4.855429118408,-268.6033966579));
#353 = CARTESIAN_POINT('',(4.856193045922,-268.7145164));
#354 = CARTESIAN_POINT('',(4.856697174881,-268.8253352686));
#355 = CARTESIAN_POINT('',(4.856947311989,-268.9357880339));
#356 = CARTESIAN_POINT('',(4.856947311989,-269.0458196764));
#357 = ( GEOMETRIC_REPRESENTATION_CONTEXT(2) 
PARAMETRIC_REPRESENTATION_CONTEXT() REPRESENTATION_CONTEXT('2D SPACE',''
  ) );
#358 = PCURVE('',#359,#393);
#359 = ( BOUNDED_SURFACE() B_SPLINE_SURFACE(2,4,(
    (#360,#361,#362,#363,#364,#365,#366,#367,#368,#369,#370)
    ,(#371,#372,#373,#374,#375,#376,#377,#378,#379,#380,#381)
    ,(#382,#383,#384,#385,#386,#387,#388,#389,#390,#391,#392
)),.UNSPECIFIED.,.F.,.F.,.F.) B_SPLINE_SURFACE_WITH_KNOTS((3,3),(5,3,3,5
    ),(0.,95.),(-4.976156096182,-4.614017505043E-14,95.,100.01801006132)
,.UNSPECIFIED.) GEOMETRIC_REPRESENTATION_ITEM() 
RATIONAL_B_SPLINE_SURFACE((
    (1.,1.,1.,1.,1.,1.,1.,1.,1.,1.,1.)
    ,(0.667474235911,0.667768543443,0.667866645954,0.667768543443
      ,0.661855598751,0.65619515057,0.650501071236,0.644479974902
      ,0.644379279964,0.644479974902,0.644782059716)
,(1.,1.,1.,1.,1.,1.,1.,1.,1.,1.,1.
  ))) REPRESENTATION_ITEM('') SURFACE() );
#360 = CARTESIAN_POINT('',(52.518228891475,31.666228067138,
    968.64569787309));
#361 = CARTESIAN_POINT('',(51.253153469783,31.666228067138,
    968.65614497204));
#362 = CARTESIAN_POINT('',(49.99509018064,31.666228067138,
    968.66653416422));
#363 = CARTESIAN_POINT('',(48.744039024046,31.666228067138,
    968.67686544962));
#364 = CARTESIAN_POINT('',(23.75,31.666228067138,968.88326832059));
#365 = CARTESIAN_POINT('',(7.105427357601E-15,31.666228067138,
    969.08307359659));
#366 = CARTESIAN_POINT('',(-23.75,31.666228067138,969.28654149878));
#367 = CARTESIAN_POINT('',(-48.75450251533,31.666228067138,
    969.50457797086));
#368 = CARTESIAN_POINT('',(-50.00903822381,31.666228067138,
    969.51551738227));
#369 = CARTESIAN_POINT('',(-51.26360712543,31.666228067138,
    969.52645708311));
#370 = CARTESIAN_POINT('',(-52.5182092202,31.666228067138,969.5373970734
    ));
#371 = CARTESIAN_POINT('',(52.518399775332,31.666228067138,
    955.30146502092));
#372 = CARTESIAN_POINT('',(51.251584736036,31.666228067138,
    955.30108595369));
#373 = CARTESIAN_POINT('',(49.993652635652,31.666228067138,
    955.30070954448));
#374 = CARTESIAN_POINT('',(48.743490735183,31.666228067138,
    955.30033546033));
#375 = CARTESIAN_POINT('',(23.548381047457,31.666228067138,955.292796364
    ));
#376 = CARTESIAN_POINT('',(-0.27417699207,31.666228067138,
    955.28509259456));
#377 = CARTESIAN_POINT('',(-23.9588029207,31.666228067138,
    955.27684608029));
#378 = CARTESIAN_POINT('',(-48.75509053384,31.666228067138,
    955.26759227577));
#379 = CARTESIAN_POINT('',(-50.01063829719,31.666228067138,
    955.26712371395));
#380 = CARTESIAN_POINT('',(-51.26546648745,31.666228067138,
    955.26665542068));
#381 = CARTESIAN_POINT('',(-52.51839965053,31.666228067138,
    955.26618783461));
#382 = CARTESIAN_POINT('',(52.518048605793,44.93566900899,
    956.71297194106));
#383 = CARTESIAN_POINT('',(51.253063326942,44.945257021432,
    956.72446922654));
#384 = CARTESIAN_POINT('',(49.995060133026,44.954792112849,
    956.73590305276));
#385 = CARTESIAN_POINT('',(48.744039024046,44.964274283242,
    956.74727341973));
#386 = CARTESIAN_POINT('',(23.75,45.153717718788,956.97444096599));
#387 = CARTESIAN_POINT('',(2.13162820728E-14,45.333051131753,
    957.19756847736));
#388 = CARTESIAN_POINT('',(-23.75,45.511373589054,957.42788715213));
#389 = CARTESIAN_POINT('',(-48.75450251533,45.697723744065,
    957.67778147814));
#390 = CARTESIAN_POINT('',(-50.00900503066,45.707073129763,
    957.69031894255));
#391 = CARTESIAN_POINT('',(-51.26350754599,45.71642251546,
    957.70285640697));
#392 = CARTESIAN_POINT('',(-52.51801006132,45.725771901158,
    957.71539387139));
#393 = DEFINITIONAL_REPRESENTATION('',(#394),#467);
#394 = B_SPLINE_CURVE_WITH_KNOTS('',8,(#395,#396,#397,#398,#399,#400,
    #401,#402,#403,#404,#405,#406,#407,#408,#409,#410,#411,#412,#413,
    #414,#415,#416,#417,#418,#419,#420,#421,#422,#423,#424,#425,#426,
    #427,#428,#429,#430,#431,#432,#433,#434,#435,#436,#437,#438,#439,
    #440,#441,#442,#443,#444,#445,#446,#447,#448,#449,#450,#451,#452,
    #453,#454,#455,#456,#457,#458,#459,#460,#461,#462,#463,#464,#465,
    #466),.UNSPECIFIED.,.F.,.F.,(9,7,7,7,7,7,7,7,7,7,9),(0.,
    0.164319266222,0.24914034991,0.341722890635,0.438751425134,
    0.495718054474,0.544372918497,0.635744980643,0.751527400988,
    0.862137692162,1.),.UNSPECIFIED.);
#395 = CARTESIAN_POINT('',(0.,52.109772228646));
#396 = CARTESIAN_POINT('',(0.688680598976,52.109772230937));
#397 = CARTESIAN_POINT('',(1.376984632285,52.098467155841));
#398 = CARTESIAN_POINT('',(2.064607437945,52.075651559945));
#399 = CARTESIAN_POINT('',(2.751144895938,52.04099786824));
#400 = CARTESIAN_POINT('',(3.436091146285,51.994050015943));
#401 = CARTESIAN_POINT('',(4.118837524677,51.934217363555));
#402 = CARTESIAN_POINT('',(4.798666383794,51.860730425674));
#403 = CARTESIAN_POINT('',(5.823717151775,51.72698598856));
#404 = CARTESIAN_POINT('',(6.171668803418,51.677532533244));
#405 = CARTESIAN_POINT('',(6.518471552984,51.624014018033));
#406 = CARTESIAN_POINT('',(6.86397746582,51.566265299945));
#407 = CARTESIAN_POINT('',(7.208007275712,51.504100583206));
#408 = CARTESIAN_POINT('',(7.550348759277,51.437308514539));
#409 = CARTESIAN_POINT('',(7.890753752049,51.36564345363));
#410 = CARTESIAN_POINT('',(8.598058642664,51.204952092974));
#411 = CARTESIAN_POINT('',(8.964433813609,51.114959742957));
#412 = CARTESIAN_POINT('',(9.327769244085,51.018440787322));
#413 = CARTESIAN_POINT('',(9.687610050741,50.914952315136));
#414 = CARTESIAN_POINT('',(10.043324338418,50.803985144938));
#415 = CARTESIAN_POINT('',(10.394098545784,50.684955618917));
#416 = CARTESIAN_POINT('',(10.738913476544,50.557164731123));
#417 = CARTESIAN_POINT('',(11.430245149437,50.275596442771));
#418 = CARTESIAN_POINT('',(11.775162479,50.12122588461));
#419 = CARTESIAN_POINT('',(12.110687269805,49.955234193592));
#420 = CARTESIAN_POINT('',(12.434855054395,49.776266779283));
#421 = CARTESIAN_POINT('',(12.744383058839,49.583030474164));
#422 = CARTESIAN_POINT('',(13.034543400558,49.37422352173));
#423 = CARTESIAN_POINT('',(13.299357620336,49.1486836251));
#424 = CARTESIAN_POINT('',(13.666757397513,48.761637724544));
#425 = CARTESIAN_POINT('',(13.791095861835,48.612230685494));
#426 = CARTESIAN_POINT('',(13.901909359892,48.456667945663));
#427 = CARTESIAN_POINT('',(13.996987101916,48.295265233344));
#428 = CARTESIAN_POINT('',(14.074054203202,48.128626924155));
#429 = CARTESIAN_POINT('',(14.130982877488,47.957699769876));
#430 = CARTESIAN_POINT('',(14.166149650453,47.783862567008));
#431 = CARTESIAN_POINT('',(14.190099579392,47.459799898264));
#432 = CARTESIAN_POINT('',(14.18490799329,47.309742124832));
#433 = CARTESIAN_POINT('',(14.163148855616,47.160247696261));
#434 = CARTESIAN_POINT('',(14.125192151947,47.012429706941));
#435 = CARTESIAN_POINT('',(14.071909112153,46.867204229539));
#436 = CARTESIAN_POINT('',(14.004501702043,46.725315360302));
#437 = CARTESIAN_POINT('',(13.924373705388,46.587354767187));
#438 = CARTESIAN_POINT('',(13.661528403003,46.202919195525));
#439 = CARTESIAN_POINT('',(13.450761364755,45.967892415856));
#440 = CARTESIAN_POINT('',(13.209021604049,45.748738210779));
#441 = CARTESIAN_POINT('',(12.943414429845,45.544968374224));
#442 = CARTESIAN_POINT('',(12.659673239237,45.35570730885));
#443 = CARTESIAN_POINT('',(12.362020069159,45.179795094643));
#444 = CARTESIAN_POINT('',(12.053052883467,45.015871664726));
#445 = CARTESIAN_POINT('',(11.328867398495,44.668072389076));
#446 = CARTESIAN_POINT('',(10.908872432521,44.491312954931));
#447 = CARTESIAN_POINT('',(10.477261192849,44.32975716112));
#448 = CARTESIAN_POINT('',(10.03661543717,44.181875066176));
#449 = CARTESIAN_POINT('',(9.58892950826,44.046356678047));
#450 = CARTESIAN_POINT('',(9.135589076558,43.922136756953));
#451 = CARTESIAN_POINT('',(8.677463491022,43.808269648686));
#452 = CARTESIAN_POINT('',(7.772981955254,43.604280802498));
#453 = CARTESIAN_POINT('',(7.327373849033,43.513405766555));
#454 = CARTESIAN_POINT('',(6.878684917726,43.430659916817));
#455 = CARTESIAN_POINT('',(6.427428204034,43.355522236404));
#456 = CARTESIAN_POINT('',(5.974026307804,43.287565090862));
#457 = CARTESIAN_POINT('',(5.518820954117,43.226424252589));
#458 = CARTESIAN_POINT('',(5.062077286492,43.171784604186));
#459 = CARTESIAN_POINT('',(4.033023793661,43.063052949851));
#460 = CARTESIAN_POINT('',(3.460050939955,43.012420616097));
#461 = CARTESIAN_POINT('',(2.885480068709,42.970970377006));
#462 = CARTESIAN_POINT('',(2.309678767773,42.938304842731));
#463 = CARTESIAN_POINT('',(1.732970103511,42.914112524884));
#464 = CARTESIAN_POINT('',(1.155634859188,42.898148668868));
#465 = CARTESIAN_POINT('',(0.577912376464,42.890227769705));
#466 = CARTESIAN_POINT('',(0.,42.890227771354));
#467 = ( GEOMETRIC_REPRESENTATION_CONTEXT(2) 
PARAMETRIC_REPRESENTATION_CONTEXT() REPRESENTATION_CONTEXT('2D SPACE',''
  ) );
#468 = ORIENTED_EDGE('',*,*,#469,.F.);
#469 = EDGE_CURVE('',#42,#206,#470,.T.);
#470 = SURFACE_CURVE('',#471,(#475,#481),.PCURVE_S1.);
#471 = LINE('',#472,#473);
#472 = CARTESIAN_POINT('',(4.609772228646,31.666228067138,700.));
#473 = VECTOR('',#474,1.);
#474 = DIRECTION('',(-0.,-0.,-1.));
#475 = PCURVE('',#51,#476);
#476 = DEFINITIONAL_REPRESENTATION('',(#477),#480);
#477 = B_SPLINE_CURVE_WITH_KNOTS('',1,(#478,#479),.UNSPECIFIED.,.F.,.F.,
  (2,2),(-273.7800006,-230.7651039484),.PIECEWISE_BEZIER_KNOTS.);
#478 = CARTESIAN_POINT('',(4.856947311989,-273.7800006));
#479 = CARTESIAN_POINT('',(4.856947311989,-230.7651039484));
#480 = ( GEOMETRIC_REPRESENTATION_CONTEXT(2) 
PARAMETRIC_REPRESENTATION_CONTEXT() REPRESENTATION_CONTEXT('2D SPACE',''
  ) );
#481 = PCURVE('',#194,#482);
#482 = DEFINITIONAL_REPRESENTATION('',(#483),#486);
#483 = B_SPLINE_CURVE_WITH_KNOTS('',1,(#484,#485),.UNSPECIFIED.,.F.,.F.,
  (2,2),(-273.7800006,-230.7651039484),.PIECEWISE_BEZIER_KNOTS.);
#484 = CARTESIAN_POINT('',(107.58555570906,-21.28441797872));
#485 = CARTESIAN_POINT('',(140.74839577756,-48.67980760053));
#486 = ( GEOMETRIC_REPRESENTATION_CONTEXT(2) 
PARAMETRIC_REPRESENTATION_CONTEXT() REPRESENTATION_CONTEXT('2D SPACE',''
  ) );
#487 = ADVANCED_FACE('',(#488),#63,.F.);
#488 = FACE_BOUND('',#489,.F.);
#489 = EDGE_LOOP('',(#490,#509,#510,#529));
#490 = ORIENTED_EDGE('',*,*,#491,.F.);
#491 = EDGE_CURVE('',#156,#42,#492,.T.);
#492 = SURFACE_CURVE('',#493,(#497,#503),.PCURVE_S1.);
#493 = LINE('',#494,#495);
#494 = CARTESIAN_POINT('',(-23.75,31.666228067138,973.78));
#495 = VECTOR('',#496,1.);
#496 = DIRECTION('',(1.,0.,-0.));
#497 = PCURVE('',#63,#498);
#498 = DEFINITIONAL_REPRESENTATION('',(#499),#502);
#499 = B_SPLINE_CURVE_WITH_KNOTS('',1,(#500,#501),.UNSPECIFIED.,.F.,.F.,
  (2,2),(-8.25,55.75),.PIECEWISE_BEZIER_KNOTS.);
#500 = CARTESIAN_POINT('',(-32.,31.666228067138));
#501 = CARTESIAN_POINT('',(32.,31.666228067138));
#502 = ( GEOMETRIC_REPRESENTATION_CONTEXT(2) 
PARAMETRIC_REPRESENTATION_CONTEXT() REPRESENTATION_CONTEXT('2D SPACE',''
  ) );
#503 = PCURVE('',#194,#504);
#504 = DEFINITIONAL_REPRESENTATION('',(#505),#508);
#505 = B_SPLINE_CURVE_WITH_KNOTS('',1,(#506,#507),.UNSPECIFIED.,.F.,.F.,
  (2,2),(-8.25,55.75),.PIECEWISE_BEZIER_KNOTS.);
#506 = CARTESIAN_POINT('',(84.269471460457,-49.50915248492));
#507 = CARTESIAN_POINT('',(125.02988406821,-0.167600380789));
#508 = ( GEOMETRIC_REPRESENTATION_CONTEXT(2) 
PARAMETRIC_REPRESENTATION_CONTEXT() REPRESENTATION_CONTEXT('2D SPACE',''
  ) );
#509 = ORIENTED_EDGE('',*,*,#155,.T.);
#510 = ORIENTED_EDGE('',*,*,#511,.F.);
#511 = EDGE_CURVE('',#40,#135,#512,.T.);
#512 = SURFACE_CURVE('',#513,(#517,#523),.PCURVE_S1.);
#513 = LINE('',#514,#515);
#514 = CARTESIAN_POINT('',(-30.,25.,973.78));
#515 = VECTOR('',#516,1.);
#516 = DIRECTION('',(-1.,0.,0.));
#517 = PCURVE('',#63,#518);
#518 = DEFINITIONAL_REPRESENTATION('',(#519),#522);
#519 = B_SPLINE_CURVE_WITH_KNOTS('',1,(#520,#521),.UNSPECIFIED.,.F.,.F.,
  (2,2),(-62.,2.),.PIECEWISE_BEZIER_KNOTS.);
#520 = CARTESIAN_POINT('',(32.,25.));
#521 = CARTESIAN_POINT('',(-32.,25.));
#522 = ( GEOMETRIC_REPRESENTATION_CONTEXT(2) 
PARAMETRIC_REPRESENTATION_CONTEXT() REPRESENTATION_CONTEXT('2D SPACE',''
  ) );
#523 = PCURVE('',#90,#524);
#524 = DEFINITIONAL_REPRESENTATION('',(#525),#528);
#525 = B_SPLINE_CURVE_WITH_KNOTS('',1,(#526,#527),.UNSPECIFIED.,.F.,.F.,
  (2,2),(-62.,2.),.PIECEWISE_BEZIER_KNOTS.);
#526 = CARTESIAN_POINT('',(53.78,92.));
#527 = CARTESIAN_POINT('',(53.78,28.));
#528 = ( GEOMETRIC_REPRESENTATION_CONTEXT(2) 
PARAMETRIC_REPRESENTATION_CONTEXT() REPRESENTATION_CONTEXT('2D SPACE',''
  ) );
#529 = ORIENTED_EDGE('',*,*,#39,.T.);
#530 = ADVANCED_FACE('',(#531),#194,.T.);
#531 = FACE_BOUND('',#532,.T.);
#532 = EDGE_LOOP('',(#533,#534,#565,#566));
#533 = ORIENTED_EDGE('',*,*,#179,.T.);
#534 = ORIENTED_EDGE('',*,*,#535,.F.);
#535 = EDGE_CURVE('',#206,#180,#536,.T.);
#536 = SURFACE_CURVE('',#537,(#549,#558),.PCURVE_S1.);
#537 = B_SPLINE_CURVE_WITH_KNOTS('',4,(#538,#539,#540,#541,#542,#543,
    #544,#545,#546,#547,#548),.UNSPECIFIED.,.F.,.F.,(5,3,3,5),(
    -4.976156096182,-4.614017505043E-14,95.,100.01801006132),
  .UNSPECIFIED.);
#538 = CARTESIAN_POINT('',(52.518228891475,31.666228067138,
    968.64569787309));
#539 = CARTESIAN_POINT('',(51.253153469783,31.666228067138,
    968.65614497204));
#540 = CARTESIAN_POINT('',(49.99509018064,31.666228067138,
    968.66653416422));
#541 = CARTESIAN_POINT('',(48.744039024046,31.666228067138,
    968.67686544962));
#542 = CARTESIAN_POINT('',(23.75,31.666228067138,968.88326832059));
#543 = CARTESIAN_POINT('',(7.105427357601E-15,31.666228067138,
    969.08307359659));
#544 = CARTESIAN_POINT('',(-23.75,31.666228067138,969.28654149878));
#545 = CARTESIAN_POINT('',(-48.75450251533,31.666228067138,
    969.50457797086));
#546 = CARTESIAN_POINT('',(-50.00903822381,31.666228067138,
    969.51551738227));
#547 = CARTESIAN_POINT('',(-51.26360712543,31.666228067138,
    969.52645708311));
#548 = CARTESIAN_POINT('',(-52.5182092202,31.666228067138,969.5373970734
    ));
#549 = PCURVE('',#194,#550);
#550 = DEFINITIONAL_REPRESENTATION('',(#551),#557);
#551 = B_SPLINE_CURVE_WITH_KNOTS('',4,(#552,#553,#554,#555,#556),
  .UNSPECIFIED.,.F.,.F.,(5,5),(-4.614017505043E-14,95.),
  .PIECEWISE_BEZIER_KNOTS.);
#552 = CARTESIAN_POINT('',(138.82794766643,8.538757977014));
#553 = CARTESIAN_POINT('',(123.5508049633,-9.646672389245));
#554 = CARTESIAN_POINT('',(108.27082837157,-27.82976171709));
#555 = CARTESIAN_POINT('',(92.988028035136,-46.01051838627));
#556 = CARTESIAN_POINT('',(77.702429533171,-64.1889635274));
#557 = ( GEOMETRIC_REPRESENTATION_CONTEXT(2) 
PARAMETRIC_REPRESENTATION_CONTEXT() REPRESENTATION_CONTEXT('2D SPACE',''
  ) );
#558 = PCURVE('',#359,#559);
#559 = DEFINITIONAL_REPRESENTATION('',(#560),#564);
#560 = LINE('',#561,#562);
#561 = CARTESIAN_POINT('',(0.,0.));
#562 = VECTOR('',#563,1.);
#563 = DIRECTION('',(0.,1.));
#564 = ( GEOMETRIC_REPRESENTATION_CONTEXT(2) 
PARAMETRIC_REPRESENTATION_CONTEXT() REPRESENTATION_CONTEXT('2D SPACE',''
  ) );
#565 = ORIENTED_EDGE('',*,*,#469,.F.);
#566 = ORIENTED_EDGE('',*,*,#491,.F.);
#567 = ADVANCED_FACE('',(#568),#359,.F.);
#568 = FACE_BOUND('',#569,.F.);
#569 = EDGE_LOOP('',(#570,#571));
#570 = ORIENTED_EDGE('',*,*,#205,.F.);
#571 = ORIENTED_EDGE('',*,*,#535,.F.);
#572 = ADVANCED_FACE('',(#573),#90,.F.);
#573 = FACE_BOUND('',#574,.F.);
#574 = EDGE_LOOP('',(#575,#598,#632,#666,#700,#734,#768,#802,#836,#870,
    #907,#944,#981,#1018,#1044,#1072,#1098,#1135,#1169,#1203,#1232,#1261
    ,#1290,#1319,#1348,#1377,#1406,#1435,#1464,#1485,#1486,#1487));
#575 = ORIENTED_EDGE('',*,*,#576,.F.);
#576 = EDGE_CURVE('',#577,#102,#579,.T.);
#577 = VERTEX_POINT('',#578);
#578 = CARTESIAN_POINT('',(-46.42683199748,25.,920.));
#579 = SURFACE_CURVE('',#580,(#584,#591),.PCURVE_S1.);
#580 = LINE('',#581,#582);
#581 = CARTESIAN_POINT('',(-60.,25.,920.));
#582 = VECTOR('',#583,1.);
#583 = DIRECTION('',(1.,0.,0.));
#584 = PCURVE('',#90,#585);
#585 = DEFINITIONAL_REPRESENTATION('',(#586),#590);
#586 = LINE('',#587,#588);
#587 = CARTESIAN_POINT('',(0.,0.));
#588 = VECTOR('',#589,1.);
#589 = DIRECTION('',(0.,1.));
#590 = ( GEOMETRIC_REPRESENTATION_CONTEXT(2) 
PARAMETRIC_REPRESENTATION_CONTEXT() REPRESENTATION_CONTEXT('2D SPACE',''
  ) );
#591 = PCURVE('',#118,#592);
#592 = DEFINITIONAL_REPRESENTATION('',(#593),#597);
#593 = LINE('',#594,#595);
#594 = CARTESIAN_POINT('',(0.,0.));
#595 = VECTOR('',#596,1.);
#596 = DIRECTION('',(1.,0.));
#597 = ( GEOMETRIC_REPRESENTATION_CONTEXT(2) 
PARAMETRIC_REPRESENTATION_CONTEXT() REPRESENTATION_CONTEXT('2D SPACE',''
  ) );
#598 = ORIENTED_EDGE('',*,*,#599,.T.);
#599 = EDGE_CURVE('',#577,#600,#602,.T.);
#600 = VERTEX_POINT('',#601);
#601 = CARTESIAN_POINT('',(-46.46570005781,25.,923.587));
#602 = SURFACE_CURVE('',#603,(#609,#618),.PCURVE_S1.);
#603 = B_SPLINE_CURVE_WITH_KNOTS('',4,(#604,#605,#606,#607,#608),
  .UNSPECIFIED.,.F.,.F.,(5,5),(0.,1.),.PIECEWISE_BEZIER_KNOTS.);
#604 = CARTESIAN_POINT('',(-46.4162549789,25.,919.02400000013));
#605 = CARTESIAN_POINT('',(-46.4286177278,25.,920.16474999209));
#606 = CARTESIAN_POINT('',(-46.44097948954,25.,921.30549998928));
#607 = CARTESIAN_POINT('',(-46.45334026569,25.,922.44624999196));
#608 = CARTESIAN_POINT('',(-46.46570005781,25.,923.58699999995));
#609 = PCURVE('',#90,#610);
#610 = DEFINITIONAL_REPRESENTATION('',(#611),#617);
#611 = B_SPLINE_CURVE_WITH_KNOTS('',4,(#612,#613,#614,#615,#616),
  .UNSPECIFIED.,.F.,.F.,(5,5),(0.,1.),.PIECEWISE_BEZIER_KNOTS.);
#612 = CARTESIAN_POINT('',(-0.975999999866,13.583745021098));
#613 = CARTESIAN_POINT('',(0.164749992092,13.571382272192));
#614 = CARTESIAN_POINT('',(1.305499989281,13.559020510457));
#615 = CARTESIAN_POINT('',(2.446249991964,13.54665973431));
#616 = CARTESIAN_POINT('',(3.586999999952,13.534299942186));
#617 = ( GEOMETRIC_REPRESENTATION_CONTEXT(2) 
PARAMETRIC_REPRESENTATION_CONTEXT() REPRESENTATION_CONTEXT('2D SPACE',''
  ) );
#618 = PCURVE('',#619,#624);
#619 = CONICAL_SURFACE('',#620,52.720666974786,9.541147212376E-03);
#620 = AXIS2_PLACEMENT_3D('',#621,#622,#623);
#621 = CARTESIAN_POINT('',(0.,0.,919.024));
#622 = DIRECTION('',(0.,0.,1.));
#623 = DIRECTION('',(1.,0.,0.));
#624 = DEFINITIONAL_REPRESENTATION('',(#625),#631);
#625 = B_SPLINE_CURVE_WITH_KNOTS('',4,(#626,#627,#628,#629,#630),
  .UNSPECIFIED.,.F.,.F.,(5,5),(0.,1.),.PIECEWISE_BEZIER_KNOTS.);
#626 = CARTESIAN_POINT('',(2.647540526841,0.));
#627 = CARTESIAN_POINT('',(2.647651723891,1.140749991958));
#628 = CARTESIAN_POINT('',(2.647762850843,2.281499989389));
#629 = CARTESIAN_POINT('',(2.647873907802,3.422249992013));
#630 = CARTESIAN_POINT('',(2.647984894871,4.563));
#631 = ( GEOMETRIC_REPRESENTATION_CONTEXT(2) 
PARAMETRIC_REPRESENTATION_CONTEXT() REPRESENTATION_CONTEXT('2D SPACE',''
  ) );
#632 = ORIENTED_EDGE('',*,*,#633,.T.);
#633 = EDGE_CURVE('',#600,#634,#636,.T.);
#634 = VERTEX_POINT('',#635);
#635 = CARTESIAN_POINT('',(-46.51115367212,25.,928.15));
#636 = SURFACE_CURVE('',#637,(#643,#652),.PCURVE_S1.);
#637 = B_SPLINE_CURVE_WITH_KNOTS('',4,(#638,#639,#640,#641,#642),
  .UNSPECIFIED.,.F.,.F.,(5,5),(0.,1.),.PIECEWISE_BEZIER_KNOTS.);
#638 = CARTESIAN_POINT('',(-46.46570005781,25.,923.587));
#639 = CARTESIAN_POINT('',(-46.4770647081,25.,924.72774999376));
#640 = CARTESIAN_POINT('',(-46.48842852643,25.,925.86849999178));
#641 = CARTESIAN_POINT('',(-46.49979151403,25.,927.00924999364));
#642 = CARTESIAN_POINT('',(-46.51115367212,25.,928.14999999982));
#643 = PCURVE('',#90,#644);
#644 = DEFINITIONAL_REPRESENTATION('',(#645),#651);
#645 = B_SPLINE_CURVE_WITH_KNOTS('',4,(#646,#647,#648,#649,#650),
  .UNSPECIFIED.,.F.,.F.,(5,5),(0.,1.),.PIECEWISE_BEZIER_KNOTS.);
#646 = CARTESIAN_POINT('',(3.587,13.534299942185));
#647 = CARTESIAN_POINT('',(4.727749993765,13.522935291899));
#648 = CARTESIAN_POINT('',(5.868499991785,13.511571473564));
#649 = CARTESIAN_POINT('',(7.009249993642,13.500208485962));
#650 = CARTESIAN_POINT('',(8.149999999827,13.488846327874));
#651 = ( GEOMETRIC_REPRESENTATION_CONTEXT(2) 
PARAMETRIC_REPRESENTATION_CONTEXT() REPRESENTATION_CONTEXT('2D SPACE',''
  ) );
#652 = PCURVE('',#653,#658);
#653 = CONICAL_SURFACE('',#654,52.76420455065,8.772988263105E-03);
#654 = AXIS2_PLACEMENT_3D('',#655,#656,#657);
#655 = CARTESIAN_POINT('',(0.,0.,923.587));
#656 = DIRECTION('',(0.,0.,1.));
#657 = DIRECTION('',(1.,0.,0.));
#658 = DEFINITIONAL_REPRESENTATION('',(#659),#665);
#659 = B_SPLINE_CURVE_WITH_KNOTS('',4,(#660,#661,#662,#663,#664),
  .UNSPECIFIED.,.F.,.F.,(5,5),(0.,1.),.PIECEWISE_BEZIER_KNOTS.);
#660 = CARTESIAN_POINT('',(2.647984894871,0.));
#661 = CARTESIAN_POINT('',(2.648086945878,1.140749993765));
#662 = CARTESIAN_POINT('',(2.648188937797,2.281499991569));
#663 = CARTESIAN_POINT('',(2.648290870709,3.422249993815));
#664 = CARTESIAN_POINT('',(2.648392744695,4.563));
#665 = ( GEOMETRIC_REPRESENTATION_CONTEXT(2) 
PARAMETRIC_REPRESENTATION_CONTEXT() REPRESENTATION_CONTEXT('2D SPACE',''
  ) );
#666 = ORIENTED_EDGE('',*,*,#667,.T.);
#667 = EDGE_CURVE('',#634,#668,#670,.T.);
#668 = VERTEX_POINT('',#669);
#669 = CARTESIAN_POINT('',(-46.5525577888,25.,932.713));
#670 = SURFACE_CURVE('',#671,(#677,#686),.PCURVE_S1.);
#671 = B_SPLINE_CURVE_WITH_KNOTS('',4,(#672,#673,#674,#675,#676),
  .UNSPECIFIED.,.F.,.F.,(5,5),(0.,1.),.PIECEWISE_BEZIER_KNOTS.);
#672 = CARTESIAN_POINT('',(-46.51115367212,25.,928.15));
#673 = CARTESIAN_POINT('',(-46.52150573326,25.,929.29074999529));
#674 = CARTESIAN_POINT('',(-46.5318571058,25.,930.43149999382));
#675 = CARTESIAN_POINT('',(-46.54220779068,25.,931.57224999516));
#676 = CARTESIAN_POINT('',(-46.5525577888,25.,932.71299999982));
#677 = PCURVE('',#90,#678);
#678 = DEFINITIONAL_REPRESENTATION('',(#679),#685);
#679 = B_SPLINE_CURVE_WITH_KNOTS('',4,(#680,#681,#682,#683,#684),
  .UNSPECIFIED.,.F.,.F.,(5,5),(0.,1.),.PIECEWISE_BEZIER_KNOTS.);
#680 = CARTESIAN_POINT('',(8.15,13.488846327873));
#681 = CARTESIAN_POINT('',(9.290749995294,13.478494266739));
#682 = CARTESIAN_POINT('',(10.431499993821,13.468142894194));
#683 = CARTESIAN_POINT('',(11.572249995168,13.45779220932));
#684 = CARTESIAN_POINT('',(12.712999999827,13.447442211198));
#685 = ( GEOMETRIC_REPRESENTATION_CONTEXT(2) 
PARAMETRIC_REPRESENTATION_CONTEXT() REPRESENTATION_CONTEXT('2D SPACE',''
  ) );
#686 = PCURVE('',#687,#692);
#687 = CONICAL_SURFACE('',#688,52.804236723129,7.993103671851E-03);
#688 = AXIS2_PLACEMENT_3D('',#689,#690,#691);
#689 = CARTESIAN_POINT('',(0.,0.,928.15));
#690 = DIRECTION('',(0.,0.,1.));
#691 = DIRECTION('',(1.,0.,0.));
#692 = DEFINITIONAL_REPRESENTATION('',(#693),#699);
#693 = B_SPLINE_CURVE_WITH_KNOTS('',4,(#694,#695,#696,#697,#698),
  .UNSPECIFIED.,.F.,.F.,(5,5),(0.,1.),.PIECEWISE_BEZIER_KNOTS.);
#694 = CARTESIAN_POINT('',(2.648392744694,0.));
#695 = CARTESIAN_POINT('',(2.648485562073,1.140749995293));
#696 = CARTESIAN_POINT('',(2.648578330536,2.281499993605));
#697 = CARTESIAN_POINT('',(2.648671050146,3.422249995341));
#698 = CARTESIAN_POINT('',(2.648763720963,4.563));
#699 = ( GEOMETRIC_REPRESENTATION_CONTEXT(2) 
PARAMETRIC_REPRESENTATION_CONTEXT() REPRESENTATION_CONTEXT('2D SPACE',''
  ) );
#700 = ORIENTED_EDGE('',*,*,#701,.T.);
#701 = EDGE_CURVE('',#668,#702,#704,.T.);
#702 = VERTEX_POINT('',#703);
#703 = CARTESIAN_POINT('',(-46.58985417523,25.,937.276));
#704 = SURFACE_CURVE('',#705,(#711,#720),.PCURVE_S1.);
#705 = B_SPLINE_CURVE_WITH_KNOTS('',4,(#706,#707,#708,#709,#710),
  .UNSPECIFIED.,.F.,.F.,(5,5),(0.,1.),.PIECEWISE_BEZIER_KNOTS.);
#706 = CARTESIAN_POINT('',(-46.5525577888,25.,932.713));
#707 = CARTESIAN_POINT('',(-46.56188272093,25.,933.85374999656));
#708 = CARTESIAN_POINT('',(-46.5712070956,25.,934.99449999551));
#709 = CARTESIAN_POINT('',(-46.58053091348,25.,936.13524999643));
#710 = CARTESIAN_POINT('',(-46.58985417523,25.,937.27599999982));
#711 = PCURVE('',#90,#712);
#712 = DEFINITIONAL_REPRESENTATION('',(#713),#719);
#713 = B_SPLINE_CURVE_WITH_KNOTS('',4,(#714,#715,#716,#717,#718),
  .UNSPECIFIED.,.F.,.F.,(5,5),(0.,1.),.PIECEWISE_BEZIER_KNOTS.);
#714 = CARTESIAN_POINT('',(12.713,13.447442211197));
#715 = CARTESIAN_POINT('',(13.853749996562,13.438117279066));
#716 = CARTESIAN_POINT('',(14.994499995511,13.428792904396));
#717 = CARTESIAN_POINT('',(16.135249996435,13.419469086519));
#718 = CARTESIAN_POINT('',(17.275999999827,13.410145824765));
#719 = ( GEOMETRIC_REPRESENTATION_CONTEXT(2) 
PARAMETRIC_REPRESENTATION_CONTEXT() REPRESENTATION_CONTEXT('2D SPACE',''
  ) );
#720 = PCURVE('',#721,#726);
#721 = CONICAL_SURFACE('',#722,52.840710031943,7.201493927849E-03);
#722 = AXIS2_PLACEMENT_3D('',#723,#724,#725);
#723 = CARTESIAN_POINT('',(0.,0.,932.713));
#724 = DIRECTION('',(0.,0.,1.));
#725 = DIRECTION('',(1.,0.,0.));
#726 = DEFINITIONAL_REPRESENTATION('',(#727),#733);
#727 = B_SPLINE_CURVE_WITH_KNOTS('',4,(#728,#729,#730,#731,#732),
  .UNSPECIFIED.,.F.,.F.,(5,5),(0.,1.),.PIECEWISE_BEZIER_KNOTS.);
#728 = CARTESIAN_POINT('',(2.648763720963,0.));
#729 = CARTESIAN_POINT('',(2.648847213642,1.140749996562));
#730 = CARTESIAN_POINT('',(2.648930666715,2.281499995295));
#731 = CARTESIAN_POINT('',(2.649014080226,3.422249996608));
#732 = CARTESIAN_POINT('',(2.649097454218,4.563));
#733 = ( GEOMETRIC_REPRESENTATION_CONTEXT(2) 
PARAMETRIC_REPRESENTATION_CONTEXT() REPRESENTATION_CONTEXT('2D SPACE',''
  ) );
#734 = ORIENTED_EDGE('',*,*,#735,.T.);
#735 = EDGE_CURVE('',#702,#736,#738,.T.);
#736 = VERTEX_POINT('',#737);
#737 = CARTESIAN_POINT('',(-46.6229843903,25.,941.839));
#738 = SURFACE_CURVE('',#739,(#745,#754),.PCURVE_S1.);
#739 = B_SPLINE_CURVE_WITH_KNOTS('',4,(#740,#741,#742,#743,#744),
  .UNSPECIFIED.,.F.,.F.,(5,5),(0.,1.),.PIECEWISE_BEZIER_KNOTS.);
#740 = CARTESIAN_POINT('',(-46.58985417523,25.,937.276));
#741 = CARTESIAN_POINT('',(-46.59813738699,25.,938.41674999759));
#742 = CARTESIAN_POINT('',(-46.60642015977,25.,939.55749999686));
#743 = CARTESIAN_POINT('',(-46.61470249405,25.,940.69824999749));
#744 = CARTESIAN_POINT('',(-46.6229843903,25.,941.83899999986));
#745 = PCURVE('',#90,#746);
#746 = DEFINITIONAL_REPRESENTATION('',(#747),#753);
#747 = B_SPLINE_CURVE_WITH_KNOTS('',4,(#748,#749,#750,#751,#752),
  .UNSPECIFIED.,.F.,.F.,(5,5),(0.,1.),.PIECEWISE_BEZIER_KNOTS.);
#748 = CARTESIAN_POINT('',(17.276,13.410145824763));
#749 = CARTESIAN_POINT('',(18.416749997593,13.401862613007));
#750 = CARTESIAN_POINT('',(19.557499996865,13.393579840222));
#751 = CARTESIAN_POINT('',(20.698249997493,13.385297505942));
#752 = CARTESIAN_POINT('',(21.838999999865,13.377015609697));
#753 = ( GEOMETRIC_REPRESENTATION_CONTEXT(2) 
PARAMETRIC_REPRESENTATION_CONTEXT() REPRESENTATION_CONTEXT('2D SPACE',''
  ) );
#754 = PCURVE('',#755,#760);
#755 = CONICAL_SURFACE('',#756,52.873571016812,6.398159600629E-03);
#756 = AXIS2_PLACEMENT_3D('',#757,#758,#759);
#757 = CARTESIAN_POINT('',(0.,0.,937.276));
#758 = DIRECTION('',(0.,0.,1.));
#759 = DIRECTION('',(1.,0.,0.));
#760 = DEFINITIONAL_REPRESENTATION('',(#761),#767);
#761 = B_SPLINE_CURVE_WITH_KNOTS('',4,(#762,#763,#764,#765,#766),
  .UNSPECIFIED.,.F.,.F.,(5,5),(0.,1.),.PIECEWISE_BEZIER_KNOTS.);
#762 = CARTESIAN_POINT('',(2.649097454218,0.));
#763 = CARTESIAN_POINT('',(2.649171527483,1.140749997593));
#764 = CARTESIAN_POINT('',(2.649245569555,2.281499996696));
#765 = CARTESIAN_POINT('',(2.649319580465,3.422249997629));
#766 = CARTESIAN_POINT('',(2.649393560244,4.563));
#767 = ( GEOMETRIC_REPRESENTATION_CONTEXT(2) 
PARAMETRIC_REPRESENTATION_CONTEXT() REPRESENTATION_CONTEXT('2D SPACE',''
  ) );
#768 = ORIENTED_EDGE('',*,*,#769,.T.);
#769 = EDGE_CURVE('',#736,#770,#772,.T.);
#770 = VERTEX_POINT('',#771);
#771 = CARTESIAN_POINT('',(-46.65188977507,25.,946.402));
#772 = SURFACE_CURVE('',#773,(#779,#788),.PCURVE_S1.);
#773 = B_SPLINE_CURVE_WITH_KNOTS('',4,(#774,#775,#776,#777,#778),
  .UNSPECIFIED.,.F.,.F.,(5,5),(0.,1.),.PIECEWISE_BEZIER_KNOTS.);
#774 = CARTESIAN_POINT('',(-46.6229843903,25.,941.839));
#775 = CARTESIAN_POINT('',(-46.6302112365,25.,942.97974999839));
#776 = CARTESIAN_POINT('',(-46.63743774915,25.,944.12049999795));
#777 = CARTESIAN_POINT('',(-46.64466392857,25.,945.26124999826));
#778 = CARTESIAN_POINT('',(-46.65188977507,25.,946.40199999982));
#779 = PCURVE('',#90,#780);
#780 = DEFINITIONAL_REPRESENTATION('',(#781),#787);
#781 = B_SPLINE_CURVE_WITH_KNOTS('',4,(#782,#783,#784,#785,#786),
  .UNSPECIFIED.,.F.,.F.,(5,5),(0.,1.),.PIECEWISE_BEZIER_KNOTS.);
#782 = CARTESIAN_POINT('',(21.839,13.377015609696));
#783 = CARTESIAN_POINT('',(22.979749998394,13.3697887635));
#784 = CARTESIAN_POINT('',(24.120499997953,13.362562250845));
#785 = CARTESIAN_POINT('',(25.261249998265,13.355336071425));
#786 = CARTESIAN_POINT('',(26.401999999827,13.348110224925));
#787 = ( GEOMETRIC_REPRESENTATION_CONTEXT(2) 
PARAMETRIC_REPRESENTATION_CONTEXT() REPRESENTATION_CONTEXT('2D SPACE',''
  ) );
#788 = PCURVE('',#789,#794);
#789 = CONICAL_SURFACE('',#790,52.902766217453,5.583101343246E-03);
#790 = AXIS2_PLACEMENT_3D('',#791,#792,#793);
#791 = CARTESIAN_POINT('',(0.,0.,941.839));
#792 = DIRECTION('',(0.,0.,1.));
#793 = DIRECTION('',(1.,0.,0.));
#794 = DEFINITIONAL_REPRESENTATION('',(#795),#801);
#795 = B_SPLINE_CURVE_WITH_KNOTS('',4,(#796,#797,#798,#799,#800),
  .UNSPECIFIED.,.F.,.F.,(5,5),(0.,1.),.PIECEWISE_BEZIER_KNOTS.);
#796 = CARTESIAN_POINT('',(2.649393560244,0.));
#797 = CARTESIAN_POINT('',(2.649458115567,1.140749998394));
#798 = CARTESIAN_POINT('',(2.649522647186,2.281499997737));
#799 = CARTESIAN_POINT('',(2.649587155121,3.422249998438));
#800 = CARTESIAN_POINT('',(2.649651639392,4.563));
#801 = ( GEOMETRIC_REPRESENTATION_CONTEXT(2) 
PARAMETRIC_REPRESENTATION_CONTEXT() REPRESENTATION_CONTEXT('2D SPACE',''
  ) );
#802 = ORIENTED_EDGE('',*,*,#803,.T.);
#803 = EDGE_CURVE('',#770,#804,#806,.T.);
#804 = VERTEX_POINT('',#805);
#805 = CARTESIAN_POINT('',(-46.67651144315,25.,950.965));
#806 = SURFACE_CURVE('',#807,(#813,#822),.PCURVE_S1.);
#807 = B_SPLINE_CURVE_WITH_KNOTS('',4,(#808,#809,#810,#811,#812),
  .UNSPECIFIED.,.F.,.F.,(5,5),(0.,1.),.PIECEWISE_BEZIER_KNOTS.);
#808 = CARTESIAN_POINT('',(-46.65188977507,25.,946.402));
#809 = CARTESIAN_POINT('',(-46.65804555433,25.,947.542749999));
#810 = CARTESIAN_POINT('',(-46.66420109197,25.,948.68349999876));
#811 = CARTESIAN_POINT('',(-46.67035638818,25.,949.82424999887));
#812 = CARTESIAN_POINT('',(-46.67651144315,25.,950.96499999982));
#813 = PCURVE('',#90,#814);
#814 = DEFINITIONAL_REPRESENTATION('',(#815),#821);
#815 = B_SPLINE_CURVE_WITH_KNOTS('',4,(#816,#817,#818,#819,#820),
  .UNSPECIFIED.,.F.,.F.,(5,5),(0.,1.),.PIECEWISE_BEZIER_KNOTS.);
#816 = CARTESIAN_POINT('',(26.402,13.348110224924));
#817 = CARTESIAN_POINT('',(27.542749999001,13.341954445663));
#818 = CARTESIAN_POINT('',(28.683499998761,13.335798908023));
#819 = CARTESIAN_POINT('',(29.824249998872,13.329643611814));
#820 = CARTESIAN_POINT('',(30.964999999827,13.323488556843));
#821 = ( GEOMETRIC_REPRESENTATION_CONTEXT(2) 
PARAMETRIC_REPRESENTATION_CONTEXT() REPRESENTATION_CONTEXT('2D SPACE',''
  ) );
#822 = PCURVE('',#823,#828);
#823 = CONICAL_SURFACE('',#824,52.928242173587,4.756319895612E-03);
#824 = AXIS2_PLACEMENT_3D('',#825,#826,#827);
#825 = CARTESIAN_POINT('',(0.,0.,946.402));
#826 = DIRECTION('',(0.,0.,1.));
#827 = DIRECTION('',(1.,0.,0.));
#828 = DEFINITIONAL_REPRESENTATION('',(#829),#835);
#829 = B_SPLINE_CURVE_WITH_KNOTS('',4,(#830,#831,#832,#833,#834),
  .UNSPECIFIED.,.F.,.F.,(5,5),(0.,1.),.PIECEWISE_BEZIER_KNOTS.);
#830 = CARTESIAN_POINT('',(2.649651639392,0.));
#831 = CARTESIAN_POINT('',(2.649706574263,1.140749999));
#832 = CARTESIAN_POINT('',(2.64976149196,2.281499998546));
#833 = CARTESIAN_POINT('',(2.649816392496,3.422249999044));
#834 = CARTESIAN_POINT('',(2.649871275884,4.563));
#835 = ( GEOMETRIC_REPRESENTATION_CONTEXT(2) 
PARAMETRIC_REPRESENTATION_CONTEXT() REPRESENTATION_CONTEXT('2D SPACE',''
  ) );
#836 = ORIENTED_EDGE('',*,*,#837,.T.);
#837 = EDGE_CURVE('',#804,#838,#840,.T.);
#838 = VERTEX_POINT('',#839);
#839 = CARTESIAN_POINT('',(-46.69679027062,25.,955.528));
#840 = SURFACE_CURVE('',#841,(#847,#856),.PCURVE_S1.);
#841 = B_SPLINE_CURVE_WITH_KNOTS('',4,(#842,#843,#844,#845,#846),
  .UNSPECIFIED.,.F.,.F.,(5,5),(0.,1.),.PIECEWISE_BEZIER_KNOTS.);
#842 = CARTESIAN_POINT('',(-46.67651144315,25.,950.965));
#843 = CARTESIAN_POINT('',(-46.68158139543,25.,952.10574999944));
#844 = CARTESIAN_POINT('',(-46.68665118403,25.,953.2464999993));
#845 = CARTESIAN_POINT('',(-46.69172080906,25.,954.38724999938));
#846 = CARTESIAN_POINT('',(-46.69679027062,25.,955.52799999991));
#847 = PCURVE('',#90,#848);
#848 = DEFINITIONAL_REPRESENTATION('',(#849),#855);
#849 = B_SPLINE_CURVE_WITH_KNOTS('',4,(#850,#851,#852,#853,#854),
  .UNSPECIFIED.,.F.,.F.,(5,5),(0.,1.),.PIECEWISE_BEZIER_KNOTS.);
#850 = CARTESIAN_POINT('',(30.965,13.323488556842));
#851 = CARTESIAN_POINT('',(32.105749999444,13.318418604563));
#852 = CARTESIAN_POINT('',(33.246499999304,13.313348815963));
#853 = CARTESIAN_POINT('',(34.387249999382,13.308279190936));
#854 = CARTESIAN_POINT('',(35.527999999917,13.303209729375));
#855 = ( GEOMETRIC_REPRESENTATION_CONTEXT(2) 
PARAMETRIC_REPRESENTATION_CONTEXT() REPRESENTATION_CONTEXT('2D SPACE',''
  ) );
#856 = PCURVE('',#857,#862);
#857 = CONICAL_SURFACE('',#858,52.949945424932,3.917816087838E-03);
#858 = AXIS2_PLACEMENT_3D('',#859,#860,#861);
#859 = CARTESIAN_POINT('',(0.,0.,950.965));
#860 = DIRECTION('',(0.,0.,1.));
#861 = DIRECTION('',(1.,0.,0.));
#862 = DEFINITIONAL_REPRESENTATION('',(#863),#869);
#863 = B_SPLINE_CURVE_WITH_KNOTS('',4,(#864,#865,#866,#867,#868),
  .UNSPECIFIED.,.F.,.F.,(5,5),(0.,1.),.PIECEWISE_BEZIER_KNOTS.);
#864 = CARTESIAN_POINT('',(2.649871275884,0.));
#865 = CARTESIAN_POINT('',(2.649916483629,1.140749999444));
#866 = CARTESIAN_POINT('',(2.649961679739,2.281499999199));
#867 = CARTESIAN_POINT('',(2.650006864222,3.422249999465));
#868 = CARTESIAN_POINT('',(2.650052037083,4.563));
#869 = ( GEOMETRIC_REPRESENTATION_CONTEXT(2) 
PARAMETRIC_REPRESENTATION_CONTEXT() REPRESENTATION_CONTEXT('2D SPACE',''
  ) );
#870 = ORIENTED_EDGE('',*,*,#871,.T.);
#871 = EDGE_CURVE('',#838,#872,#874,.T.);
#872 = VERTEX_POINT('',#873);
#873 = CARTESIAN_POINT('',(-46.71266688554,25.,960.091));
#874 = SURFACE_CURVE('',#875,(#882,#892),.PCURVE_S1.);
#875 = B_SPLINE_CURVE_WITH_KNOTS('',5,(#876,#877,#878,#879,#880,#881),
  .UNSPECIFIED.,.F.,.F.,(6,6),(0.,1.),.PIECEWISE_BEZIER_KNOTS.);
#876 = CARTESIAN_POINT('',(-46.69679027062,25.,955.528));
#877 = CARTESIAN_POINT('',(-46.69973841041,25.,956.37527460073));
#878 = CARTESIAN_POINT('',(-46.70309436626,25.,957.33976749379));
#879 = CARTESIAN_POINT('',(-46.70637452484,25.,958.28250040205));
#880 = CARTESIAN_POINT('',(-46.70947458722,25.,959.17348649868));
#881 = CARTESIAN_POINT('',(-46.71266688554,25.,960.09099999991));
#882 = PCURVE('',#90,#883);
#883 = DEFINITIONAL_REPRESENTATION('',(#884),#891);
#884 = B_SPLINE_CURVE_WITH_KNOTS('',5,(#885,#886,#887,#888,#889,#890),
  .UNSPECIFIED.,.F.,.F.,(6,6),(0.,1.),.PIECEWISE_BEZIER_KNOTS.);
#885 = CARTESIAN_POINT('',(35.528,13.303209729375));
#886 = CARTESIAN_POINT('',(36.375274600739,13.300261589587));
#887 = CARTESIAN_POINT('',(37.339767493793,13.296905633739));
#888 = CARTESIAN_POINT('',(38.28250040205,13.293625475153));
#889 = CARTESIAN_POINT('',(39.173486498683,13.290525412776));
#890 = CARTESIAN_POINT('',(40.090999999917,13.28733311446));
#891 = ( GEOMETRIC_REPRESENTATION_CONTEXT(2) 
PARAMETRIC_REPRESENTATION_CONTEXT() REPRESENTATION_CONTEXT('2D SPACE',''
  ) );
#892 = PCURVE('',#893,#898);
#893 = CONICAL_SURFACE('',#894,52.967822511207,3.067590843655E-03);
#894 = AXIS2_PLACEMENT_3D('',#895,#896,#897);
#895 = CARTESIAN_POINT('',(0.,0.,955.528));
#896 = DIRECTION('',(0.,0.,1.));
#897 = DIRECTION('',(1.,0.,0.));
#898 = DEFINITIONAL_REPRESENTATION('',(#899),#906);
#899 = B_SPLINE_CURVE_WITH_KNOTS('',5,(#900,#901,#902,#903,#904,#905),
  .UNSPECIFIED.,.F.,.F.,(6,6),(0.,1.),.PIECEWISE_BEZIER_KNOTS.);
#900 = CARTESIAN_POINT('',(2.650052037083,0.));
#901 = CARTESIAN_POINT('',(2.650078307311,0.847274600739));
#902 = CARTESIAN_POINT('',(2.65010820829,1.811767493915));
#903 = CARTESIAN_POINT('',(2.650137428747,2.754500401837));
#904 = CARTESIAN_POINT('',(2.650165041903,3.645486498766));
#905 = CARTESIAN_POINT('',(2.650193472746,4.563));
#906 = ( GEOMETRIC_REPRESENTATION_CONTEXT(2) 
PARAMETRIC_REPRESENTATION_CONTEXT() REPRESENTATION_CONTEXT('2D SPACE',''
  ) );
#907 = ORIENTED_EDGE('',*,*,#908,.T.);
#908 = EDGE_CURVE('',#872,#909,#911,.T.);
#909 = VERTEX_POINT('',#910);
#910 = CARTESIAN_POINT('',(-46.72408165701,25.,964.654));
#911 = SURFACE_CURVE('',#912,(#919,#929),.PCURVE_S1.);
#912 = B_SPLINE_CURVE_WITH_KNOTS('',5,(#913,#914,#915,#916,#917,#918),
  .UNSPECIFIED.,.F.,.F.,(6,6),(0.,1.),.PIECEWISE_BEZIER_KNOTS.);
#913 = CARTESIAN_POINT('',(-46.71266688554,25.,960.091));
#914 = CARTESIAN_POINT('',(-46.71478388434,25.,960.93723707485));
#915 = CARTESIAN_POINT('',(-46.71720841801,25.,961.90641701478));
#916 = CARTESIAN_POINT('',(-46.71954926154,25.,962.84216038021));
#917 = CARTESIAN_POINT('',(-46.72174896093,25.,963.72149060491));
#918 = CARTESIAN_POINT('',(-46.72408165701,25.,964.65399999993));
#919 = PCURVE('',#90,#920);
#920 = DEFINITIONAL_REPRESENTATION('',(#921),#928);
#921 = B_SPLINE_CURVE_WITH_KNOTS('',5,(#922,#923,#924,#925,#926,#927),
  .UNSPECIFIED.,.F.,.F.,(6,6),(0.,1.),.PIECEWISE_BEZIER_KNOTS.);
#922 = CARTESIAN_POINT('',(40.091,13.287333114459));
#923 = CARTESIAN_POINT('',(40.937237074859,13.285216115654));
#924 = CARTESIAN_POINT('',(41.906417014785,13.282791581983));
#925 = CARTESIAN_POINT('',(42.842160380216,13.280450738455));
#926 = CARTESIAN_POINT('',(43.721490604913,13.278251039065));
#927 = CARTESIAN_POINT('',(44.653999999939,13.275918342988));
#928 = ( GEOMETRIC_REPRESENTATION_CONTEXT(2) 
PARAMETRIC_REPRESENTATION_CONTEXT() REPRESENTATION_CONTEXT('2D SPACE',''
  ) );
#929 = PCURVE('',#930,#935);
#930 = CONICAL_SURFACE('',#931,52.981819972133,2.205645183837E-03);
#931 = AXIS2_PLACEMENT_3D('',#932,#933,#934);
#932 = CARTESIAN_POINT('',(0.,0.,960.091));
#933 = DIRECTION('',(0.,0.,1.));
#934 = DIRECTION('',(1.,0.,0.));
#935 = DEFINITIONAL_REPRESENTATION('',(#936),#943);
#936 = B_SPLINE_CURVE_WITH_KNOTS('',5,(#937,#938,#939,#940,#941,#942),
  .UNSPECIFIED.,.F.,.F.,(6,6),(0.,1.),.PIECEWISE_BEZIER_KNOTS.);
#937 = CARTESIAN_POINT('',(2.650193472746,-1.997332853576E-13));
#938 = CARTESIAN_POINT('',(2.650212326892,0.846237074859));
#939 = CARTESIAN_POINT('',(2.650233918314,1.815417014874));
#940 = CARTESIAN_POINT('',(2.650254761701,2.751160380061));
#941 = CARTESIAN_POINT('',(2.650274346958,3.630490604974));
#942 = CARTESIAN_POINT('',(2.650295114229,4.563));
#943 = ( GEOMETRIC_REPRESENTATION_CONTEXT(2) 
PARAMETRIC_REPRESENTATION_CONTEXT() REPRESENTATION_CONTEXT('2D SPACE',''
  ) );
#944 = ORIENTED_EDGE('',*,*,#945,.T.);
#945 = EDGE_CURVE('',#909,#946,#948,.T.);
#946 = VERTEX_POINT('',#947);
#947 = CARTESIAN_POINT('',(-46.73097468376,25.,969.217));
#948 = SURFACE_CURVE('',#949,(#956,#966),.PCURVE_S1.);
#949 = B_SPLINE_CURVE_WITH_KNOTS('',5,(#950,#951,#952,#953,#954,#955),
  .UNSPECIFIED.,.F.,.F.,(6,6),(0.,1.),.PIECEWISE_BEZIER_KNOTS.);
#950 = CARTESIAN_POINT('',(-46.72408165701,25.,964.654));
#951 = CARTESIAN_POINT('',(-46.72537591902,25.,965.51075289261));
#952 = CARTESIAN_POINT('',(-46.72682168753,25.,966.46780398893));
#953 = CARTESIAN_POINT('',(-46.72823775882,25.,967.40520648195));
#954 = CARTESIAN_POINT('',(-46.7295869104,25.,968.29831594161));
#955 = CARTESIAN_POINT('',(-46.73097468376,25.,969.21699999991));
#956 = PCURVE('',#90,#957);
#957 = DEFINITIONAL_REPRESENTATION('',(#958),#965);
#958 = B_SPLINE_CURVE_WITH_KNOTS('',5,(#959,#960,#961,#962,#963,#964),
  .UNSPECIFIED.,.F.,.F.,(6,6),(0.,1.),.PIECEWISE_BEZIER_KNOTS.);
#959 = CARTESIAN_POINT('',(44.654,13.275918342988));
#960 = CARTESIAN_POINT('',(45.51075289261,13.274624080979));
#961 = CARTESIAN_POINT('',(46.467803988932,13.273178312464));
#962 = CARTESIAN_POINT('',(47.405206481958,13.271762241174));
#963 = CARTESIAN_POINT('',(48.298315941612,13.2704130896));
#964 = CARTESIAN_POINT('',(49.216999999917,13.269025316237));
#965 = ( GEOMETRIC_REPRESENTATION_CONTEXT(2) 
PARAMETRIC_REPRESENTATION_CONTEXT() REPRESENTATION_CONTEXT('2D SPACE',''
  ) );
#966 = PCURVE('',#967,#972);
#967 = CONICAL_SURFACE('',#968,52.991884347427,1.331980229733E-03);
#968 = AXIS2_PLACEMENT_3D('',#969,#970,#971);
#969 = CARTESIAN_POINT('',(0.,0.,964.654));
#970 = DIRECTION('',(0.,0.,1.));
#971 = DIRECTION('',(1.,0.,0.));
#972 = DEFINITIONAL_REPRESENTATION('',(#973),#980);
#973 = B_SPLINE_CURVE_WITH_KNOTS('',5,(#974,#975,#976,#977,#978,#979),
  .UNSPECIFIED.,.F.,.F.,(6,6),(0.,1.),.PIECEWISE_BEZIER_KNOTS.);
#974 = CARTESIAN_POINT('',(2.650295114229,0.));
#975 = CARTESIAN_POINT('',(2.650306636643,0.85675289261));
#976 = CARTESIAN_POINT('',(2.650319507255,1.813803989053));
#977 = CARTESIAN_POINT('',(2.650332112556,2.751206481745));
#978 = CARTESIAN_POINT('',(2.650344121593,3.644315941696));
#979 = CARTESIAN_POINT('',(2.650356473676,4.563));
#980 = ( GEOMETRIC_REPRESENTATION_CONTEXT(2) 
PARAMETRIC_REPRESENTATION_CONTEXT() REPRESENTATION_CONTEXT('2D SPACE',''
  ) );
#981 = ORIENTED_EDGE('',*,*,#982,.T.);
#982 = EDGE_CURVE('',#946,#983,#985,.T.);
#983 = VERTEX_POINT('',#984);
#984 = CARTESIAN_POINT('',(-46.73328578219,25.,973.78));
#985 = SURFACE_CURVE('',#986,(#992,#1001),.PCURVE_S1.);
#986 = B_SPLINE_CURVE_WITH_KNOTS('',4,(#987,#988,#989,#990,#991),
  .UNSPECIFIED.,.F.,.F.,(5,5),(0.,1.),.PIECEWISE_BEZIER_KNOTS.);
#987 = CARTESIAN_POINT('',(-46.73097468346,25.,969.2169994));
#988 = CARTESIAN_POINT('',(-46.73155246139,25.,970.35774969999));
#989 = CARTESIAN_POINT('',(-46.73213023721,25.,971.49849999999));
#990 = CARTESIAN_POINT('',(-46.73270801091,25.,972.63925029999));
#991 = CARTESIAN_POINT('',(-46.73328578249,25.,973.7800006));
#992 = PCURVE('',#90,#993);
#993 = DEFINITIONAL_REPRESENTATION('',(#994),#1000);
#994 = B_SPLINE_CURVE_WITH_KNOTS('',4,(#995,#996,#997,#998,#999),
  .UNSPECIFIED.,.F.,.F.,(5,5),(0.,1.),.PIECEWISE_BEZIER_KNOTS.);
#995 = CARTESIAN_POINT('',(49.2169994,13.26902531654));
#996 = CARTESIAN_POINT('',(50.357749699999,13.268447538602));
#997 = CARTESIAN_POINT('',(51.498499999999,13.267869762784));
#998 = CARTESIAN_POINT('',(52.639250299999,13.267291989085));
#999 = CARTESIAN_POINT('',(53.7800006,13.266714217504));
#1000 = ( GEOMETRIC_REPRESENTATION_CONTEXT(2) 
PARAMETRIC_REPRESENTATION_CONTEXT() REPRESENTATION_CONTEXT('2D SPACE',''
  ) );
#1001 = PCURVE('',#1002,#1010);
#1002 = SURFACE_OF_REVOLUTION('',#1003,#1007);
#1003 = LINE('',#1004,#1005);
#1004 = CARTESIAN_POINT('',(52.99796217681,0.,969.217));
#1005 = VECTOR('',#1006,1.);
#1006 = DIRECTION('',(4.465971919213E-04,0.,0.999999900275));
#1007 = AXIS1_PLACEMENT('',#1008,#1009);
#1008 = CARTESIAN_POINT('',(0.,0.,700.));
#1009 = DIRECTION('',(0.,0.,1.));
#1010 = DEFINITIONAL_REPRESENTATION('',(#1011),#1017);
#1011 = B_SPLINE_CURVE_WITH_KNOTS('',4,(#1012,#1013,#1014,#1015,#1016),
  .UNSPECIFIED.,.F.,.F.,(5,5),(0.,1.),.PIECEWISE_BEZIER_KNOTS.);
#1012 = CARTESIAN_POINT('',(2.650356473674,-6.000000739527E-07));
#1013 = CARTESIAN_POINT('',(2.650361616272,1.14074981376));
#1014 = CARTESIAN_POINT('',(2.65036675872,2.28150022752));
#1015 = CARTESIAN_POINT('',(2.650371901017,3.422250641281));
#1016 = CARTESIAN_POINT('',(2.650377043164,4.563001055043));
#1017 = ( GEOMETRIC_REPRESENTATION_CONTEXT(2) 
PARAMETRIC_REPRESENTATION_CONTEXT() REPRESENTATION_CONTEXT('2D SPACE',''
  ) );
#1018 = ORIENTED_EDGE('',*,*,#1019,.T.);
#1019 = EDGE_CURVE('',#983,#1020,#1022,.T.);
#1020 = VERTEX_POINT('',#1021);
#1021 = CARTESIAN_POINT('',(-46.73328578219,25.,992.));
#1022 = SURFACE_CURVE('',#1023,(#1027,#1033),.PCURVE_S1.);
#1023 = LINE('',#1024,#1025);
#1024 = CARTESIAN_POINT('',(-46.73328578219,25.,973.78));
#1025 = VECTOR('',#1026,1.);
#1026 = DIRECTION('',(0.,0.,1.));
#1027 = PCURVE('',#90,#1028);
#1028 = DEFINITIONAL_REPRESENTATION('',(#1029),#1032);
#1029 = B_SPLINE_CURVE_WITH_KNOTS('',1,(#1030,#1031),.UNSPECIFIED.,.F.,
  .F.,(2,2),(-6.000000212225E-07,25.42),.PIECEWISE_BEZIER_KNOTS.);
#1030 = CARTESIAN_POINT('',(53.7799994,13.266714217808));
#1031 = CARTESIAN_POINT('',(79.2,13.266714217808));
#1032 = ( GEOMETRIC_REPRESENTATION_CONTEXT(2) 
PARAMETRIC_REPRESENTATION_CONTEXT() REPRESENTATION_CONTEXT('2D SPACE',''
  ) );
#1033 = PCURVE('',#1034,#1039);
#1034 = CYLINDRICAL_SURFACE('',#1035,53.);
#1035 = AXIS2_PLACEMENT_3D('',#1036,#1037,#1038);
#1036 = CARTESIAN_POINT('',(0.,0.,973.78));
#1037 = DIRECTION('',(0.,0.,1.));
#1038 = DIRECTION('',(1.,0.,0.));
#1039 = DEFINITIONAL_REPRESENTATION('',(#1040),#1043);
#1040 = B_SPLINE_CURVE_WITH_KNOTS('',1,(#1041,#1042),.UNSPECIFIED.,.F.,
  .F.,(2,2),(-6.000000212225E-07,25.42),.PIECEWISE_BEZIER_KNOTS.);
#1041 = CARTESIAN_POINT('',(2.650377043161,-6.000000212225E-07));
#1042 = CARTESIAN_POINT('',(2.650377043161,25.42));
#1043 = ( GEOMETRIC_REPRESENTATION_CONTEXT(2) 
PARAMETRIC_REPRESENTATION_CONTEXT() REPRESENTATION_CONTEXT('2D SPACE',''
  ) );
#1044 = ORIENTED_EDGE('',*,*,#1045,.T.);
#1045 = EDGE_CURVE('',#1020,#1046,#1048,.T.);
#1046 = VERTEX_POINT('',#1047);
#1047 = CARTESIAN_POINT('',(46.733285782192,25.,992.));
#1048 = SURFACE_CURVE('',#1049,(#1053,#1060),.PCURVE_S1.);
#1049 = LINE('',#1050,#1051);
#1050 = CARTESIAN_POINT('',(-60.,25.,992.));
#1051 = VECTOR('',#1052,1.);
#1052 = DIRECTION('',(1.,0.,0.));
#1053 = PCURVE('',#90,#1054);
#1054 = DEFINITIONAL_REPRESENTATION('',(#1055),#1059);
#1055 = LINE('',#1056,#1057);
#1056 = CARTESIAN_POINT('',(72.,0.));
#1057 = VECTOR('',#1058,1.);
#1058 = DIRECTION('',(0.,1.));
#1059 = ( GEOMETRIC_REPRESENTATION_CONTEXT(2) 
PARAMETRIC_REPRESENTATION_CONTEXT() REPRESENTATION_CONTEXT('2D SPACE',''
  ) );
#1060 = PCURVE('',#1061,#1066);
#1061 = PLANE('',#1062);
#1062 = AXIS2_PLACEMENT_3D('',#1063,#1064,#1065);
#1063 = CARTESIAN_POINT('',(-60.,25.,992.));
#1064 = DIRECTION('',(0.,0.,1.));
#1065 = DIRECTION('',(1.,0.,0.));
#1066 = DEFINITIONAL_REPRESENTATION('',(#1067),#1071);
#1067 = LINE('',#1068,#1069);
#1068 = CARTESIAN_POINT('',(0.,0.));
#1069 = VECTOR('',#1070,1.);
#1070 = DIRECTION('',(1.,0.));
#1071 = ( GEOMETRIC_REPRESENTATION_CONTEXT(2) 
PARAMETRIC_REPRESENTATION_CONTEXT() REPRESENTATION_CONTEXT('2D SPACE',''
  ) );
#1072 = ORIENTED_EDGE('',*,*,#1073,.F.);
#1073 = EDGE_CURVE('',#1074,#1046,#1076,.T.);
#1074 = VERTEX_POINT('',#1075);
#1075 = CARTESIAN_POINT('',(46.733285782192,25.,973.78));
#1076 = SURFACE_CURVE('',#1077,(#1081,#1087),.PCURVE_S1.);
#1077 = LINE('',#1078,#1079);
#1078 = CARTESIAN_POINT('',(46.733285782192,25.,973.78));
#1079 = VECTOR('',#1080,1.);
#1080 = DIRECTION('',(0.,0.,1.));
#1081 = PCURVE('',#90,#1082);
#1082 = DEFINITIONAL_REPRESENTATION('',(#1083),#1086);
#1083 = B_SPLINE_CURVE_WITH_KNOTS('',1,(#1084,#1085),.UNSPECIFIED.,.F.,
  .F.,(2,2),(-6.000000212225E-07,25.42),.PIECEWISE_BEZIER_KNOTS.);
#1084 = CARTESIAN_POINT('',(53.7799994,106.73328578219));
#1085 = CARTESIAN_POINT('',(79.2,106.73328578219));
#1086 = ( GEOMETRIC_REPRESENTATION_CONTEXT(2) 
PARAMETRIC_REPRESENTATION_CONTEXT() REPRESENTATION_CONTEXT('2D SPACE',''
  ) );
#1087 = PCURVE('',#1088,#1093);
#1088 = CYLINDRICAL_SURFACE('',#1089,53.);
#1089 = AXIS2_PLACEMENT_3D('',#1090,#1091,#1092);
#1090 = CARTESIAN_POINT('',(0.,0.,973.78));
#1091 = DIRECTION('',(0.,0.,1.));
#1092 = DIRECTION('',(1.,0.,0.));
#1093 = DEFINITIONAL_REPRESENTATION('',(#1094),#1097);
#1094 = B_SPLINE_CURVE_WITH_KNOTS('',1,(#1095,#1096),.UNSPECIFIED.,.F.,
  .F.,(2,2),(-6.000000212225E-07,25.42),.PIECEWISE_BEZIER_KNOTS.);
#1095 = CARTESIAN_POINT('',(0.491215610429,-6.000000212225E-07));
#1096 = CARTESIAN_POINT('',(0.491215610429,25.42));
#1097 = ( GEOMETRIC_REPRESENTATION_CONTEXT(2) 
PARAMETRIC_REPRESENTATION_CONTEXT() REPRESENTATION_CONTEXT('2D SPACE',''
  ) );
#1098 = ORIENTED_EDGE('',*,*,#1099,.F.);
#1099 = EDGE_CURVE('',#1100,#1074,#1102,.T.);
#1100 = VERTEX_POINT('',#1101);
#1101 = CARTESIAN_POINT('',(46.730974683764,25.,969.217));
#1102 = SURFACE_CURVE('',#1103,(#1109,#1118),.PCURVE_S1.);
#1103 = B_SPLINE_CURVE_WITH_KNOTS('',4,(#1104,#1105,#1106,#1107,#1108),
  .UNSPECIFIED.,.F.,.F.,(5,5),(0.,1.),.PIECEWISE_BEZIER_KNOTS.);
#1104 = CARTESIAN_POINT('',(46.73097468346,25.,969.2169994));
#1105 = CARTESIAN_POINT('',(46.731552461398,25.,970.35774969999));
#1106 = CARTESIAN_POINT('',(46.732130237216,25.,971.49849999999));
#1107 = CARTESIAN_POINT('',(46.732708010915,25.,972.63925029999));
#1108 = CARTESIAN_POINT('',(46.733285782496,25.,973.7800006));
#1109 = PCURVE('',#90,#1110);
#1110 = DEFINITIONAL_REPRESENTATION('',(#1111),#1117);
#1111 = B_SPLINE_CURVE_WITH_KNOTS('',4,(#1112,#1113,#1114,#1115,#1116),
  .UNSPECIFIED.,.F.,.F.,(5,5),(0.,1.),.PIECEWISE_BEZIER_KNOTS.);
#1112 = CARTESIAN_POINT('',(49.2169994,106.73097468346));
#1113 = CARTESIAN_POINT('',(50.357749699999,106.73155246139));
#1114 = CARTESIAN_POINT('',(51.498499999999,106.73213023721));
#1115 = CARTESIAN_POINT('',(52.639250299999,106.73270801091));
#1116 = CARTESIAN_POINT('',(53.7800006,106.73328578249));
#1117 = ( GEOMETRIC_REPRESENTATION_CONTEXT(2) 
PARAMETRIC_REPRESENTATION_CONTEXT() REPRESENTATION_CONTEXT('2D SPACE',''
  ) );
#1118 = PCURVE('',#1119,#1127);
#1119 = SURFACE_OF_REVOLUTION('',#1120,#1124);
#1120 = LINE('',#1121,#1122);
#1121 = CARTESIAN_POINT('',(52.99796217681,0.,969.217));
#1122 = VECTOR('',#1123,1.);
#1123 = DIRECTION('',(4.465971919213E-04,0.,0.999999900275));
#1124 = AXIS1_PLACEMENT('',#1125,#1126);
#1125 = CARTESIAN_POINT('',(0.,0.,700.));
#1126 = DIRECTION('',(0.,0.,1.));
#1127 = DEFINITIONAL_REPRESENTATION('',(#1128),#1134);
#1128 = B_SPLINE_CURVE_WITH_KNOTS('',4,(#1129,#1130,#1131,#1132,#1133),
  .UNSPECIFIED.,.F.,.F.,(5,5),(0.,1.),.PIECEWISE_BEZIER_KNOTS.);
#1129 = CARTESIAN_POINT('',(0.491236179916,-6.000000091978E-07));
#1130 = CARTESIAN_POINT('',(0.491231037317,1.14074981376));
#1131 = CARTESIAN_POINT('',(0.49122589487,2.28150022752));
#1132 = CARTESIAN_POINT('',(0.491220752572,3.422250641282));
#1133 = CARTESIAN_POINT('',(0.491215610426,4.563001055043));
#1134 = ( GEOMETRIC_REPRESENTATION_CONTEXT(2) 
PARAMETRIC_REPRESENTATION_CONTEXT() REPRESENTATION_CONTEXT('2D SPACE',''
  ) );
#1135 = ORIENTED_EDGE('',*,*,#1136,.T.);
#1136 = EDGE_CURVE('',#1100,#1137,#1139,.T.);
#1137 = VERTEX_POINT('',#1138);
#1138 = CARTESIAN_POINT('',(46.724081657012,25.,964.654));
#1139 = SURFACE_CURVE('',#1140,(#1146,#1155),.PCURVE_S1.);
#1140 = B_SPLINE_CURVE_WITH_KNOTS('',4,(#1141,#1142,#1143,#1144,#1145),
  .UNSPECIFIED.,.F.,.F.,(5,5),(0.,1.),.PIECEWISE_BEZIER_KNOTS.);
#1141 = CARTESIAN_POINT('',(46.730974683763,25.,969.21699999995));
#1142 = CARTESIAN_POINT('',(46.729251455359,25.,968.07624999994));
#1143 = CARTESIAN_POINT('',(46.727528208102,25.,966.93549999998));
#1144 = CARTESIAN_POINT('',(46.725804941987,25.,965.79474999997));
#1145 = CARTESIAN_POINT('',(46.724081657012,25.,964.654));
#1146 = PCURVE('',#90,#1147);
#1147 = DEFINITIONAL_REPRESENTATION('',(#1148),#1154);
#1148 = B_SPLINE_CURVE_WITH_KNOTS('',4,(#1149,#1150,#1151,#1152,#1153),
  .UNSPECIFIED.,.F.,.F.,(5,5),(0.,1.),.PIECEWISE_BEZIER_KNOTS.);
#1149 = CARTESIAN_POINT('',(49.216999999959,106.73097468376));
#1150 = CARTESIAN_POINT('',(48.076249999943,106.72925145535));
#1151 = CARTESIAN_POINT('',(46.935499999987,106.7275282081));
#1152 = CARTESIAN_POINT('',(45.794749999973,106.72580494198));
#1153 = CARTESIAN_POINT('',(44.654,106.72408165701));
#1154 = ( GEOMETRIC_REPRESENTATION_CONTEXT(2) 
PARAMETRIC_REPRESENTATION_CONTEXT() REPRESENTATION_CONTEXT('2D SPACE',''
  ) );
#1155 = PCURVE('',#1156,#1161);
#1156 = CONICAL_SURFACE('',#1157,52.991884347427,1.331980229733E-03);
#1157 = AXIS2_PLACEMENT_3D('',#1158,#1159,#1160);
#1158 = CARTESIAN_POINT('',(0.,0.,964.654));
#1159 = DIRECTION('',(0.,0.,1.));
#1160 = DIRECTION('',(1.,0.,0.));
#1161 = DEFINITIONAL_REPRESENTATION('',(#1162),#1168);
#1162 = B_SPLINE_CURVE_WITH_KNOTS('',4,(#1163,#1164,#1165,#1166,#1167),
  .UNSPECIFIED.,.F.,.F.,(5,5),(0.,1.),.PIECEWISE_BEZIER_KNOTS.);
#1163 = CARTESIAN_POINT('',(0.491236179913,4.563));
#1164 = CARTESIAN_POINT('',(0.491251517764,3.422249999984));
#1165 = CARTESIAN_POINT('',(0.491266856956,2.281499999935));
#1166 = CARTESIAN_POINT('',(0.491282197488,1.140749999973));
#1167 = CARTESIAN_POINT('',(0.491297539361,0.));
#1168 = ( GEOMETRIC_REPRESENTATION_CONTEXT(2) 
PARAMETRIC_REPRESENTATION_CONTEXT() REPRESENTATION_CONTEXT('2D SPACE',''
  ) );
#1169 = ORIENTED_EDGE('',*,*,#1170,.T.);
#1170 = EDGE_CURVE('',#1137,#1171,#1173,.T.);
#1171 = VERTEX_POINT('',#1172);
#1172 = CARTESIAN_POINT('',(46.712666885541,25.,960.091));
#1173 = SURFACE_CURVE('',#1174,(#1180,#1189),.PCURVE_S1.);
#1174 = B_SPLINE_CURVE_WITH_KNOTS('',4,(#1175,#1176,#1177,#1178,#1179),
  .UNSPECIFIED.,.F.,.F.,(5,5),(0.,1.),.PIECEWISE_BEZIER_KNOTS.);
#1175 = CARTESIAN_POINT('',(46.724081657012,25.,964.65399999995));
#1176 = CARTESIAN_POINT('',(46.721228041741,25.,963.51324999985));
#1177 = CARTESIAN_POINT('',(46.718374374752,25.,962.37249999988));
#1178 = CARTESIAN_POINT('',(46.715520656025,25.,961.23174999989));
#1179 = CARTESIAN_POINT('',(46.712666885541,25.,960.091));
#1180 = PCURVE('',#90,#1181);
#1181 = DEFINITIONAL_REPRESENTATION('',(#1182),#1188);
#1182 = B_SPLINE_CURVE_WITH_KNOTS('',4,(#1183,#1184,#1185,#1186,#1187),
  .UNSPECIFIED.,.F.,.F.,(5,5),(0.,1.),.PIECEWISE_BEZIER_KNOTS.);
#1183 = CARTESIAN_POINT('',(44.65399999995,106.72408165701));
#1184 = CARTESIAN_POINT('',(43.513249999859,106.72122804174));
#1185 = CARTESIAN_POINT('',(42.372499999889,106.71837437475));
#1186 = CARTESIAN_POINT('',(41.231749999897,106.71552065602));
#1187 = CARTESIAN_POINT('',(40.091,106.71266688554));
#1188 = ( GEOMETRIC_REPRESENTATION_CONTEXT(2) 
PARAMETRIC_REPRESENTATION_CONTEXT() REPRESENTATION_CONTEXT('2D SPACE',''
  ) );
#1189 = PCURVE('',#1190,#1195);
#1190 = CONICAL_SURFACE('',#1191,52.981819972133,2.205645183837E-03);
#1191 = AXIS2_PLACEMENT_3D('',#1192,#1193,#1194);
#1192 = CARTESIAN_POINT('',(0.,0.,960.091));
#1193 = DIRECTION('',(0.,0.,1.));
#1194 = DIRECTION('',(1.,0.,0.));
#1195 = DEFINITIONAL_REPRESENTATION('',(#1196),#1202);
#1196 = B_SPLINE_CURVE_WITH_KNOTS('',4,(#1197,#1198,#1199,#1200,#1201),
  .UNSPECIFIED.,.F.,.F.,(5,5),(0.,1.),.PIECEWISE_BEZIER_KNOTS.);
#1197 = CARTESIAN_POINT('',(0.491297539361,4.563));
#1198 = CARTESIAN_POINT('',(0.491322944215,3.422249999909));
#1199 = CARTESIAN_POINT('',(0.491348352746,2.281499999827));
#1200 = CARTESIAN_POINT('',(0.491373764955,1.140749999897));
#1201 = CARTESIAN_POINT('',(0.491399180844,0.));
#1202 = ( GEOMETRIC_REPRESENTATION_CONTEXT(2) 
PARAMETRIC_REPRESENTATION_CONTEXT() REPRESENTATION_CONTEXT('2D SPACE',''
  ) );
#1203 = ORIENTED_EDGE('',*,*,#1204,.T.);
#1204 = EDGE_CURVE('',#1171,#1205,#1207,.T.);
#1205 = VERTEX_POINT('',#1206);
#1206 = CARTESIAN_POINT('',(46.696790270625,25.,955.528));
#1207 = SURFACE_CURVE('',#1208,(#1214,#1223),.PCURVE_S1.);
#1208 = B_SPLINE_CURVE_WITH_KNOTS('',4,(#1209,#1210,#1211,#1212,#1213),
  .UNSPECIFIED.,.F.,.F.,(5,5),(0.,1.),.PIECEWISE_BEZIER_KNOTS.);
#1209 = CARTESIAN_POINT('',(46.71266688554,25.,960.09099999995));
#1210 = CARTESIAN_POINT('',(46.708697882032,25.,958.95024999972));
#1211 = CARTESIAN_POINT('',(46.704728778411,25.,957.80949999959));
#1212 = CARTESIAN_POINT('',(46.700759574626,25.,956.66874999989));
#1213 = CARTESIAN_POINT('',(46.696790270626,25.,955.52800000018));
#1214 = PCURVE('',#90,#1215);
#1215 = DEFINITIONAL_REPRESENTATION('',(#1216),#1222);
#1216 = B_SPLINE_CURVE_WITH_KNOTS('',4,(#1217,#1218,#1219,#1220,#1221),
  .UNSPECIFIED.,.F.,.F.,(5,5),(0.,1.),.PIECEWISE_BEZIER_KNOTS.);
#1217 = CARTESIAN_POINT('',(40.090999999959,106.71266688554));
#1218 = CARTESIAN_POINT('',(38.950249999725,106.70869788203));
#1219 = CARTESIAN_POINT('',(37.809499999599,106.70472877841));
#1220 = CARTESIAN_POINT('',(36.668749999893,106.70075957462));
#1221 = CARTESIAN_POINT('',(35.528000000183,106.69679027062));
#1222 = ( GEOMETRIC_REPRESENTATION_CONTEXT(2) 
PARAMETRIC_REPRESENTATION_CONTEXT() REPRESENTATION_CONTEXT('2D SPACE',''
  ) );
#1223 = PCURVE('',#893,#1224);
#1224 = DEFINITIONAL_REPRESENTATION('',(#1225),#1231);
#1225 = B_SPLINE_CURVE_WITH_KNOTS('',4,(#1226,#1227,#1228,#1229,#1230),
  .UNSPECIFIED.,.F.,.F.,(5,5),(0.,1.),.PIECEWISE_BEZIER_KNOTS.);
#1226 = CARTESIAN_POINT('',(0.491399180844,4.563));
#1227 = CARTESIAN_POINT('',(0.49143452908,3.422249999766));
#1228 = CARTESIAN_POINT('',(0.491469884434,2.281499999775));
#1229 = CARTESIAN_POINT('',(0.491505246908,1.14074999971));
#1230 = CARTESIAN_POINT('',(0.491540616507,0.));
#1231 = ( GEOMETRIC_REPRESENTATION_CONTEXT(2) 
PARAMETRIC_REPRESENTATION_CONTEXT() REPRESENTATION_CONTEXT('2D SPACE',''
  ) );
#1232 = ORIENTED_EDGE('',*,*,#1233,.T.);
#1233 = EDGE_CURVE('',#1205,#1234,#1236,.T.);
#1234 = VERTEX_POINT('',#1235);
#1235 = CARTESIAN_POINT('',(46.676511443158,25.,950.965));
#1236 = SURFACE_CURVE('',#1237,(#1243,#1252),.PCURVE_S1.);
#1237 = B_SPLINE_CURVE_WITH_KNOTS('',4,(#1238,#1239,#1240,#1241,#1242),
  .UNSPECIFIED.,.F.,.F.,(5,5),(0.,1.),.PIECEWISE_BEZIER_KNOTS.);
#1238 = CARTESIAN_POINT('',(46.696790270626,25.,955.528));
#1239 = CARTESIAN_POINT('',(46.691720809064,25.,954.38724999945));
#1240 = CARTESIAN_POINT('',(46.686651184037,25.,953.24649999927));
#1241 = CARTESIAN_POINT('',(46.681581395437,25.,952.10574999945));
#1242 = CARTESIAN_POINT('',(46.676511443158,25.,950.965));
#1243 = PCURVE('',#90,#1244);
#1244 = DEFINITIONAL_REPRESENTATION('',(#1245),#1251);
#1245 = B_SPLINE_CURVE_WITH_KNOTS('',4,(#1246,#1247,#1248,#1249,#1250),
  .UNSPECIFIED.,.F.,.F.,(5,5),(0.,1.),.PIECEWISE_BEZIER_KNOTS.);
#1246 = CARTESIAN_POINT('',(35.528,106.69679027062));
#1247 = CARTESIAN_POINT('',(34.387249999454,106.69172080906));
#1248 = CARTESIAN_POINT('',(33.246499999273,106.68665118403));
#1249 = CARTESIAN_POINT('',(32.105749999454,106.68158139543));
#1250 = CARTESIAN_POINT('',(30.965,106.67651144315));
#1251 = ( GEOMETRIC_REPRESENTATION_CONTEXT(2) 
PARAMETRIC_REPRESENTATION_CONTEXT() REPRESENTATION_CONTEXT('2D SPACE',''
  ) );
#1252 = PCURVE('',#857,#1253);
#1253 = DEFINITIONAL_REPRESENTATION('',(#1254),#1260);
#1254 = B_SPLINE_CURVE_WITH_KNOTS('',4,(#1255,#1256,#1257,#1258,#1259),
  .UNSPECIFIED.,.F.,.F.,(5,5),(0.,1.),.PIECEWISE_BEZIER_KNOTS.);
#1255 = CARTESIAN_POINT('',(0.491540616507,4.563));
#1256 = CARTESIAN_POINT('',(0.491585789368,3.422249999455));
#1257 = CARTESIAN_POINT('',(0.491630973851,2.281499999272));
#1258 = CARTESIAN_POINT('',(0.491676169961,1.140749999454));
#1259 = CARTESIAN_POINT('',(0.491721377706,0.));
#1260 = ( GEOMETRIC_REPRESENTATION_CONTEXT(2) 
PARAMETRIC_REPRESENTATION_CONTEXT() REPRESENTATION_CONTEXT('2D SPACE',''
  ) );
#1261 = ORIENTED_EDGE('',*,*,#1262,.T.);
#1262 = EDGE_CURVE('',#1234,#1263,#1265,.T.);
#1263 = VERTEX_POINT('',#1264);
#1264 = CARTESIAN_POINT('',(46.651889775076,25.,946.402));
#1265 = SURFACE_CURVE('',#1266,(#1272,#1281),.PCURVE_S1.);
#1266 = B_SPLINE_CURVE_WITH_KNOTS('',4,(#1267,#1268,#1269,#1270,#1271),
  .UNSPECIFIED.,.F.,.F.,(5,5),(0.,1.),.PIECEWISE_BEZIER_KNOTS.);
#1267 = CARTESIAN_POINT('',(46.676511443158,25.,950.96499999995));
#1268 = CARTESIAN_POINT('',(46.670356388187,25.,949.82424999898));
#1269 = CARTESIAN_POINT('',(46.664201091977,25.,948.68349999871));
#1270 = CARTESIAN_POINT('',(46.658045554337,25.,947.54274999901));
#1271 = CARTESIAN_POINT('',(46.651889775076,25.,946.402));
#1272 = PCURVE('',#90,#1273);
#1273 = DEFINITIONAL_REPRESENTATION('',(#1274),#1280);
#1274 = B_SPLINE_CURVE_WITH_KNOTS('',4,(#1275,#1276,#1277,#1278,#1279),
  .UNSPECIFIED.,.F.,.F.,(5,5),(0.,1.),.PIECEWISE_BEZIER_KNOTS.);
#1275 = CARTESIAN_POINT('',(30.964999999959,106.67651144315));
#1276 = CARTESIAN_POINT('',(29.824249998987,106.67035638818));
#1277 = CARTESIAN_POINT('',(28.683499998712,106.66420109197));
#1278 = CARTESIAN_POINT('',(27.542749999017,106.65804555433));
#1279 = CARTESIAN_POINT('',(26.402,106.65188977507));
#1280 = ( GEOMETRIC_REPRESENTATION_CONTEXT(2) 
PARAMETRIC_REPRESENTATION_CONTEXT() REPRESENTATION_CONTEXT('2D SPACE',''
  ) );
#1281 = PCURVE('',#823,#1282);
#1282 = DEFINITIONAL_REPRESENTATION('',(#1283),#1289);
#1283 = B_SPLINE_CURVE_WITH_KNOTS('',4,(#1284,#1285,#1286,#1287,#1288),
  .UNSPECIFIED.,.F.,.F.,(5,5),(0.,1.),.PIECEWISE_BEZIER_KNOTS.);
#1284 = CARTESIAN_POINT('',(0.491721377706,4.563));
#1285 = CARTESIAN_POINT('',(0.491776261094,3.422249999028));
#1286 = CARTESIAN_POINT('',(0.49183116163,2.28149999866));
#1287 = CARTESIAN_POINT('',(0.491886079327,1.140749999017));
#1288 = CARTESIAN_POINT('',(0.491941014197,0.));
#1289 = ( GEOMETRIC_REPRESENTATION_CONTEXT(2) 
PARAMETRIC_REPRESENTATION_CONTEXT() REPRESENTATION_CONTEXT('2D SPACE',''
  ) );
#1290 = ORIENTED_EDGE('',*,*,#1291,.T.);
#1291 = EDGE_CURVE('',#1263,#1292,#1294,.T.);
#1292 = VERTEX_POINT('',#1293);
#1293 = CARTESIAN_POINT('',(46.622984390304,25.,941.839));
#1294 = SURFACE_CURVE('',#1295,(#1301,#1310),.PCURVE_S1.);
#1295 = B_SPLINE_CURVE_WITH_KNOTS('',4,(#1296,#1297,#1298,#1299,#1300),
  .UNSPECIFIED.,.F.,.F.,(5,5),(0.,1.),.PIECEWISE_BEZIER_KNOTS.);
#1296 = CARTESIAN_POINT('',(46.651889775076,25.,946.402));
#1297 = CARTESIAN_POINT('',(46.644663928577,25.,945.26124999843));
#1298 = CARTESIAN_POINT('',(46.637437749154,25.,944.12049999781));
#1299 = CARTESIAN_POINT('',(46.630211236501,25.,942.97974999857));
#1300 = CARTESIAN_POINT('',(46.622984390305,25.,941.83900000018));
#1301 = PCURVE('',#90,#1302);
#1302 = DEFINITIONAL_REPRESENTATION('',(#1303),#1309);
#1303 = B_SPLINE_CURVE_WITH_KNOTS('',4,(#1304,#1305,#1306,#1307,#1308),
  .UNSPECIFIED.,.F.,.F.,(5,5),(0.,1.),.PIECEWISE_BEZIER_KNOTS.);
#1304 = CARTESIAN_POINT('',(26.402,106.65188977507));
#1305 = CARTESIAN_POINT('',(25.261249998439,106.64466392857));
#1306 = CARTESIAN_POINT('',(24.120499997819,106.63743774915));
#1307 = CARTESIAN_POINT('',(22.979749998575,106.6302112365));
#1308 = CARTESIAN_POINT('',(21.839000000183,106.6229843903));
#1309 = ( GEOMETRIC_REPRESENTATION_CONTEXT(2) 
PARAMETRIC_REPRESENTATION_CONTEXT() REPRESENTATION_CONTEXT('2D SPACE',''
  ) );
#1310 = PCURVE('',#789,#1311);
#1311 = DEFINITIONAL_REPRESENTATION('',(#1312),#1318);
#1312 = B_SPLINE_CURVE_WITH_KNOTS('',4,(#1313,#1314,#1315,#1316,#1317),
  .UNSPECIFIED.,.F.,.F.,(5,5),(0.,1.),.PIECEWISE_BEZIER_KNOTS.);
#1313 = CARTESIAN_POINT('',(0.491941014197,4.563));
#1314 = CARTESIAN_POINT('',(0.492005498469,3.422249998439));
#1315 = CARTESIAN_POINT('',(0.492070006404,2.281499998047));
#1316 = CARTESIAN_POINT('',(0.492134538023,1.140749998392));
#1317 = CARTESIAN_POINT('',(0.492199093345,0.));
#1318 = ( GEOMETRIC_REPRESENTATION_CONTEXT(2) 
PARAMETRIC_REPRESENTATION_CONTEXT() REPRESENTATION_CONTEXT('2D SPACE',''
  ) );
#1319 = ORIENTED_EDGE('',*,*,#1320,.T.);
#1320 = EDGE_CURVE('',#1292,#1321,#1323,.T.);
#1321 = VERTEX_POINT('',#1322);
#1322 = CARTESIAN_POINT('',(46.589854175237,25.,937.276));
#1323 = SURFACE_CURVE('',#1324,(#1330,#1339),.PCURVE_S1.);
#1324 = B_SPLINE_CURVE_WITH_KNOTS('',4,(#1325,#1326,#1327,#1328,#1329),
  .UNSPECIFIED.,.F.,.F.,(5,5),(0.,1.),.PIECEWISE_BEZIER_KNOTS.);
#1325 = CARTESIAN_POINT('',(46.622984390304,25.,941.83899999995));
#1326 = CARTESIAN_POINT('',(46.614702494058,25.,940.69824999756));
#1327 = CARTESIAN_POINT('',(46.606420159778,25.,939.55749999683));
#1328 = CARTESIAN_POINT('',(46.598137386993,25.,938.4167499976));
#1329 = CARTESIAN_POINT('',(46.589854175237,25.,937.276));
#1330 = PCURVE('',#90,#1331);
#1331 = DEFINITIONAL_REPRESENTATION('',(#1332),#1338);
#1332 = B_SPLINE_CURVE_WITH_KNOTS('',4,(#1333,#1334,#1335,#1336,#1337),
  .UNSPECIFIED.,.F.,.F.,(5,5),(0.,1.),.PIECEWISE_BEZIER_KNOTS.);
#1333 = CARTESIAN_POINT('',(21.83899999995,106.6229843903));
#1334 = CARTESIAN_POINT('',(20.698249997568,106.61470249405));
#1335 = CARTESIAN_POINT('',(19.557499996833,106.60642015977));
#1336 = CARTESIAN_POINT('',(18.416749997603,106.59813738699));
#1337 = CARTESIAN_POINT('',(17.276,106.58985417523));
#1338 = ( GEOMETRIC_REPRESENTATION_CONTEXT(2) 
PARAMETRIC_REPRESENTATION_CONTEXT() REPRESENTATION_CONTEXT('2D SPACE',''
  ) );
#1339 = PCURVE('',#755,#1340);
#1340 = DEFINITIONAL_REPRESENTATION('',(#1341),#1347);
#1341 = B_SPLINE_CURVE_WITH_KNOTS('',4,(#1342,#1343,#1344,#1345,#1346),
  .UNSPECIFIED.,.F.,.F.,(5,5),(0.,1.),.PIECEWISE_BEZIER_KNOTS.);
#1342 = CARTESIAN_POINT('',(0.492199093345,4.563));
#1343 = CARTESIAN_POINT('',(0.492273073125,3.422249997618));
#1344 = CARTESIAN_POINT('',(0.492347084035,2.28149999677));
#1345 = CARTESIAN_POINT('',(0.492421126107,1.140749997604));
#1346 = CARTESIAN_POINT('',(0.492495199371,0.));
#1347 = ( GEOMETRIC_REPRESENTATION_CONTEXT(2) 
PARAMETRIC_REPRESENTATION_CONTEXT() REPRESENTATION_CONTEXT('2D SPACE',''
  ) );
#1348 = ORIENTED_EDGE('',*,*,#1349,.T.);
#1349 = EDGE_CURVE('',#1321,#1350,#1352,.T.);
#1350 = VERTEX_POINT('',#1351);
#1351 = CARTESIAN_POINT('',(46.552557788803,25.,932.713));
#1352 = SURFACE_CURVE('',#1353,(#1359,#1368),.PCURVE_S1.);
#1353 = B_SPLINE_CURVE_WITH_KNOTS('',4,(#1354,#1355,#1356,#1357,#1358),
  .UNSPECIFIED.,.F.,.F.,(5,5),(0.,1.),.PIECEWISE_BEZIER_KNOTS.);
#1354 = CARTESIAN_POINT('',(46.589854175236,25.,937.27599999995));
#1355 = CARTESIAN_POINT('',(46.580530913481,25.,936.13524999655));
#1356 = CARTESIAN_POINT('',(46.571207095604,25.,934.99449999546));
#1357 = CARTESIAN_POINT('',(46.561882720934,25.,933.85374999657));
#1358 = CARTESIAN_POINT('',(46.552557788803,25.,932.713));
#1359 = PCURVE('',#90,#1360);
#1360 = DEFINITIONAL_REPRESENTATION('',(#1361),#1367);
#1361 = B_SPLINE_CURVE_WITH_KNOTS('',4,(#1362,#1363,#1364,#1365,#1366),
  .UNSPECIFIED.,.F.,.F.,(5,5),(0.,1.),.PIECEWISE_BEZIER_KNOTS.);
#1362 = CARTESIAN_POINT('',(17.275999999959,106.58985417523));
#1363 = CARTESIAN_POINT('',(16.13524999655,106.58053091348));
#1364 = CARTESIAN_POINT('',(14.994499995462,106.5712070956));
#1365 = CARTESIAN_POINT('',(13.853749996578,106.56188272093));
#1366 = CARTESIAN_POINT('',(12.713,106.5525577888));
#1367 = ( GEOMETRIC_REPRESENTATION_CONTEXT(2) 
PARAMETRIC_REPRESENTATION_CONTEXT() REPRESENTATION_CONTEXT('2D SPACE',''
  ) );
#1368 = PCURVE('',#721,#1369);
#1369 = DEFINITIONAL_REPRESENTATION('',(#1370),#1376);
#1370 = B_SPLINE_CURVE_WITH_KNOTS('',4,(#1371,#1372,#1373,#1374,#1375),
  .UNSPECIFIED.,.F.,.F.,(5,5),(0.,1.),.PIECEWISE_BEZIER_KNOTS.);
#1371 = CARTESIAN_POINT('',(0.492495199371,4.563));
#1372 = CARTESIAN_POINT('',(0.492578573364,3.422249996591));
#1373 = CARTESIAN_POINT('',(0.492661986875,2.28149999541));
#1374 = CARTESIAN_POINT('',(0.492745439947,1.140749996578));
#1375 = CARTESIAN_POINT('',(0.492828932627,0.));
#1376 = ( GEOMETRIC_REPRESENTATION_CONTEXT(2) 
PARAMETRIC_REPRESENTATION_CONTEXT() REPRESENTATION_CONTEXT('2D SPACE',''
  ) );
#1377 = ORIENTED_EDGE('',*,*,#1378,.T.);
#1378 = EDGE_CURVE('',#1350,#1379,#1381,.T.);
#1379 = VERTEX_POINT('',#1380);
#1380 = CARTESIAN_POINT('',(46.511153672127,25.,928.15));
#1381 = SURFACE_CURVE('',#1382,(#1388,#1397),.PCURVE_S1.);
#1382 = B_SPLINE_CURVE_WITH_KNOTS('',4,(#1383,#1384,#1385,#1386,#1387),
  .UNSPECIFIED.,.F.,.F.,(5,5),(0.,1.),.PIECEWISE_BEZIER_KNOTS.);
#1383 = CARTESIAN_POINT('',(46.552557788804,25.,932.713));
#1384 = CARTESIAN_POINT('',(46.542207790681,25.,931.57224999531));
#1385 = CARTESIAN_POINT('',(46.531857105805,25.,930.43149999375));
#1386 = CARTESIAN_POINT('',(46.521505733261,25.,929.29074999531));
#1387 = CARTESIAN_POINT('',(46.511153672127,25.,928.15));
#1388 = PCURVE('',#90,#1389);
#1389 = DEFINITIONAL_REPRESENTATION('',(#1390),#1396);
#1390 = B_SPLINE_CURVE_WITH_KNOTS('',4,(#1391,#1392,#1393,#1394,#1395),
  .UNSPECIFIED.,.F.,.F.,(5,5),(0.,1.),.PIECEWISE_BEZIER_KNOTS.);
#1391 = CARTESIAN_POINT('',(12.713,106.5525577888));
#1392 = CARTESIAN_POINT('',(11.572249995319,106.54220779068));
#1393 = CARTESIAN_POINT('',(10.431499993756,106.5318571058));
#1394 = CARTESIAN_POINT('',(9.290749995315,106.52150573326));
#1395 = CARTESIAN_POINT('',(8.15,106.51115367212));
#1396 = ( GEOMETRIC_REPRESENTATION_CONTEXT(2) 
PARAMETRIC_REPRESENTATION_CONTEXT() REPRESENTATION_CONTEXT('2D SPACE',''
  ) );
#1397 = PCURVE('',#687,#1398);
#1398 = DEFINITIONAL_REPRESENTATION('',(#1399),#1405);
#1399 = B_SPLINE_CURVE_WITH_KNOTS('',4,(#1400,#1401,#1402,#1403,#1404),
  .UNSPECIFIED.,.F.,.F.,(5,5),(0.,1.),.PIECEWISE_BEZIER_KNOTS.);
#1400 = CARTESIAN_POINT('',(0.492828932627,4.563));
#1401 = CARTESIAN_POINT('',(0.492921603444,3.42224999532));
#1402 = CARTESIAN_POINT('',(0.493014323053,2.281499993756));
#1403 = CARTESIAN_POINT('',(0.493107091517,1.140749995315));
#1404 = CARTESIAN_POINT('',(0.493199908895,0.));
#1405 = ( GEOMETRIC_REPRESENTATION_CONTEXT(2) 
PARAMETRIC_REPRESENTATION_CONTEXT() REPRESENTATION_CONTEXT('2D SPACE',''
  ) );
#1406 = ORIENTED_EDGE('',*,*,#1407,.T.);
#1407 = EDGE_CURVE('',#1379,#1408,#1410,.T.);
#1408 = VERTEX_POINT('',#1409);
#1409 = CARTESIAN_POINT('',(46.465700057815,25.,923.587));
#1410 = SURFACE_CURVE('',#1411,(#1417,#1426),.PCURVE_S1.);
#1411 = B_SPLINE_CURVE_WITH_KNOTS('',4,(#1412,#1413,#1414,#1415,#1416),
  .UNSPECIFIED.,.F.,.F.,(5,5),(0.,1.),.PIECEWISE_BEZIER_KNOTS.);
#1412 = CARTESIAN_POINT('',(46.511153672128,25.,928.14999999995));
#1413 = CARTESIAN_POINT('',(46.499791514039,25.,927.00924999378));
#1414 = CARTESIAN_POINT('',(46.488428526435,25.,925.86849999166));
#1415 = CARTESIAN_POINT('',(46.477064708103,25.,924.72774999394));
#1416 = CARTESIAN_POINT('',(46.465700057817,25.,923.58700000018));
#1417 = PCURVE('',#90,#1418);
#1418 = DEFINITIONAL_REPRESENTATION('',(#1419),#1425);
#1419 = B_SPLINE_CURVE_WITH_KNOTS('',4,(#1420,#1421,#1422,#1423,#1424),
  .UNSPECIFIED.,.F.,.F.,(5,5),(0.,1.),.PIECEWISE_BEZIER_KNOTS.);
#1420 = CARTESIAN_POINT('',(8.149999999959,106.51115367212));
#1421 = CARTESIAN_POINT('',(7.00924999378,106.49979151403));
#1422 = CARTESIAN_POINT('',(5.868499991667,106.48842852643));
#1423 = CARTESIAN_POINT('',(4.727749993941,106.4770647081));
#1424 = CARTESIAN_POINT('',(3.587000000183,106.46570005781));
#1425 = ( GEOMETRIC_REPRESENTATION_CONTEXT(2) 
PARAMETRIC_REPRESENTATION_CONTEXT() REPRESENTATION_CONTEXT('2D SPACE',''
  ) );
#1426 = PCURVE('',#653,#1427);
#1427 = DEFINITIONAL_REPRESENTATION('',(#1428),#1434);
#1428 = B_SPLINE_CURVE_WITH_KNOTS('',4,(#1429,#1430,#1431,#1432,#1433),
  .UNSPECIFIED.,.F.,.F.,(5,5),(0.,1.),.PIECEWISE_BEZIER_KNOTS.);
#1429 = CARTESIAN_POINT('',(0.493199908895,4.563));
#1430 = CARTESIAN_POINT('',(0.493301782881,3.422249993821));
#1431 = CARTESIAN_POINT('',(0.493403715793,2.281499991844));
#1432 = CARTESIAN_POINT('',(0.493505707712,1.140749993759));
#1433 = CARTESIAN_POINT('',(0.493607758719,0.));
#1434 = ( GEOMETRIC_REPRESENTATION_CONTEXT(2) 
PARAMETRIC_REPRESENTATION_CONTEXT() REPRESENTATION_CONTEXT('2D SPACE',''
  ) );
#1435 = ORIENTED_EDGE('',*,*,#1436,.T.);
#1436 = EDGE_CURVE('',#1408,#1437,#1439,.T.);
#1437 = VERTEX_POINT('',#1438);
#1438 = CARTESIAN_POINT('',(46.426831997481,25.,920.));
#1439 = SURFACE_CURVE('',#1440,(#1446,#1455),.PCURVE_S1.);
#1440 = B_SPLINE_CURVE_WITH_KNOTS('',4,(#1441,#1442,#1443,#1444,#1445),
  .UNSPECIFIED.,.F.,.F.,(5,5),(0.,1.),.PIECEWISE_BEZIER_KNOTS.);
#1441 = CARTESIAN_POINT('',(46.465700057814,25.,923.58699999995));
#1442 = CARTESIAN_POINT('',(46.45334026569,25.,922.44624999196));
#1443 = CARTESIAN_POINT('',(46.440979489543,25.,921.30549998928));
#1444 = CARTESIAN_POINT('',(46.428617727808,25.,920.16474999209));
#1445 = CARTESIAN_POINT('',(46.416254978902,25.,919.02400000013));
#1446 = PCURVE('',#90,#1447);
#1447 = DEFINITIONAL_REPRESENTATION('',(#1448),#1454);
#1448 = B_SPLINE_CURVE_WITH_KNOTS('',4,(#1449,#1450,#1451,#1452,#1453),
  .UNSPECIFIED.,.F.,.F.,(5,5),(0.,1.),.PIECEWISE_BEZIER_KNOTS.);
#1449 = CARTESIAN_POINT('',(3.586999999952,106.46570005781));
#1450 = CARTESIAN_POINT('',(2.446249991964,106.45334026569));
#1451 = CARTESIAN_POINT('',(1.305499989281,106.44097948954));
#1452 = CARTESIAN_POINT('',(0.164749992092,106.4286177278));
#1453 = CARTESIAN_POINT('',(-0.975999999866,106.4162549789));
#1454 = ( GEOMETRIC_REPRESENTATION_CONTEXT(2) 
PARAMETRIC_REPRESENTATION_CONTEXT() REPRESENTATION_CONTEXT('2D SPACE',''
  ) );
#1455 = PCURVE('',#619,#1456);
#1456 = DEFINITIONAL_REPRESENTATION('',(#1457),#1463);
#1457 = B_SPLINE_CURVE_WITH_KNOTS('',4,(#1458,#1459,#1460,#1461,#1462),
  .UNSPECIFIED.,.F.,.F.,(5,5),(0.,1.),.PIECEWISE_BEZIER_KNOTS.);
#1458 = CARTESIAN_POINT('',(0.493607758719,4.563));
#1459 = CARTESIAN_POINT('',(0.493718745788,3.422249992013));
#1460 = CARTESIAN_POINT('',(0.493829802747,2.281499989389));
#1461 = CARTESIAN_POINT('',(0.493940929699,1.140749991958));
#1462 = CARTESIAN_POINT('',(0.494052126749,0.));
#1463 = ( GEOMETRIC_REPRESENTATION_CONTEXT(2) 
PARAMETRIC_REPRESENTATION_CONTEXT() REPRESENTATION_CONTEXT('2D SPACE',''
  ) );
#1464 = ORIENTED_EDGE('',*,*,#1465,.F.);
#1465 = EDGE_CURVE('',#76,#1437,#1466,.T.);
#1466 = SURFACE_CURVE('',#1467,(#1471,#1478),.PCURVE_S1.);
#1467 = LINE('',#1468,#1469);
#1468 = CARTESIAN_POINT('',(-60.,25.,920.));
#1469 = VECTOR('',#1470,1.);
#1470 = DIRECTION('',(1.,0.,0.));
#1471 = PCURVE('',#90,#1472);
#1472 = DEFINITIONAL_REPRESENTATION('',(#1473),#1477);
#1473 = LINE('',#1474,#1475);
#1474 = CARTESIAN_POINT('',(0.,0.));
#1475 = VECTOR('',#1476,1.);
#1476 = DIRECTION('',(0.,1.));
#1477 = ( GEOMETRIC_REPRESENTATION_CONTEXT(2) 
PARAMETRIC_REPRESENTATION_CONTEXT() REPRESENTATION_CONTEXT('2D SPACE',''
  ) );
#1478 = PCURVE('',#118,#1479);
#1479 = DEFINITIONAL_REPRESENTATION('',(#1480),#1484);
#1480 = LINE('',#1481,#1482);
#1481 = CARTESIAN_POINT('',(0.,0.));
#1482 = VECTOR('',#1483,1.);
#1483 = DIRECTION('',(1.,0.));
#1484 = ( GEOMETRIC_REPRESENTATION_CONTEXT(2) 
PARAMETRIC_REPRESENTATION_CONTEXT() REPRESENTATION_CONTEXT('2D SPACE',''
  ) );
#1485 = ORIENTED_EDGE('',*,*,#75,.F.);
#1486 = ORIENTED_EDGE('',*,*,#511,.T.);
#1487 = ORIENTED_EDGE('',*,*,#134,.T.);
#1488 = ADVANCED_FACE('',(#1489),#118,.F.);
#1489 = FACE_BOUND('',#1490,.F.);
#1490 = EDGE_LOOP('',(#1491,#1513,#1514,#1515));
#1491 = ORIENTED_EDGE('',*,*,#1492,.T.);
#1492 = EDGE_CURVE('',#1437,#577,#1493,.T.);
#1493 = SURFACE_CURVE('',#1494,(#1499,#1506),.PCURVE_S1.);
#1494 = CIRCLE('',#1495,52.729979417048);
#1495 = AXIS2_PLACEMENT_3D('',#1496,#1497,#1498);
#1496 = CARTESIAN_POINT('',(0.,0.,920.));
#1497 = DIRECTION('',(0.,0.,1.));
#1498 = DIRECTION('',(1.,0.,-0.));
#1499 = PCURVE('',#118,#1500);
#1500 = DEFINITIONAL_REPRESENTATION('',(#1501),#1505);
#1501 = CIRCLE('',#1502,52.729979417048);
#1502 = AXIS2_PLACEMENT_2D('',#1503,#1504);
#1503 = CARTESIAN_POINT('',(60.,-25.));
#1504 = DIRECTION('',(1.,0.));
#1505 = ( GEOMETRIC_REPRESENTATION_CONTEXT(2) 
PARAMETRIC_REPRESENTATION_CONTEXT() REPRESENTATION_CONTEXT('2D SPACE',''
  ) );
#1506 = PCURVE('',#619,#1507);
#1507 = DEFINITIONAL_REPRESENTATION('',(#1508),#1512);
#1508 = LINE('',#1509,#1510);
#1509 = CARTESIAN_POINT('',(0.,0.976));
#1510 = VECTOR('',#1511,1.);
#1511 = DIRECTION('',(1.,0.));
#1512 = ( GEOMETRIC_REPRESENTATION_CONTEXT(2) 
PARAMETRIC_REPRESENTATION_CONTEXT() REPRESENTATION_CONTEXT('2D SPACE',''
  ) );
#1513 = ORIENTED_EDGE('',*,*,#576,.T.);
#1514 = ORIENTED_EDGE('',*,*,#101,.T.);
#1515 = ORIENTED_EDGE('',*,*,#1465,.T.);
#1516 = ADVANCED_FACE('',(#1517),#619,.T.);
#1517 = FACE_BOUND('',#1518,.T.);
#1518 = EDGE_LOOP('',(#1519,#1541,#1542,#1543));
#1519 = ORIENTED_EDGE('',*,*,#1520,.F.);
#1520 = EDGE_CURVE('',#1408,#600,#1521,.T.);
#1521 = SURFACE_CURVE('',#1522,(#1527,#1534),.PCURVE_S1.);
#1522 = CIRCLE('',#1523,52.76420455065);
#1523 = AXIS2_PLACEMENT_3D('',#1524,#1525,#1526);
#1524 = CARTESIAN_POINT('',(0.,0.,923.587));
#1525 = DIRECTION('',(0.,0.,1.));
#1526 = DIRECTION('',(1.,0.,0.));
#1527 = PCURVE('',#619,#1528);
#1528 = DEFINITIONAL_REPRESENTATION('',(#1529),#1533);
#1529 = LINE('',#1530,#1531);
#1530 = CARTESIAN_POINT('',(0.,4.563));
#1531 = VECTOR('',#1532,1.);
#1532 = DIRECTION('',(1.,0.));
#1533 = ( GEOMETRIC_REPRESENTATION_CONTEXT(2) 
PARAMETRIC_REPRESENTATION_CONTEXT() REPRESENTATION_CONTEXT('2D SPACE',''
  ) );
#1534 = PCURVE('',#653,#1535);
#1535 = DEFINITIONAL_REPRESENTATION('',(#1536),#1540);
#1536 = LINE('',#1537,#1538);
#1537 = CARTESIAN_POINT('',(0.,0.));
#1538 = VECTOR('',#1539,1.);
#1539 = DIRECTION('',(1.,0.));
#1540 = ( GEOMETRIC_REPRESENTATION_CONTEXT(2) 
PARAMETRIC_REPRESENTATION_CONTEXT() REPRESENTATION_CONTEXT('2D SPACE',''
  ) );
#1541 = ORIENTED_EDGE('',*,*,#1436,.T.);
#1542 = ORIENTED_EDGE('',*,*,#1492,.T.);
#1543 = ORIENTED_EDGE('',*,*,#599,.T.);
#1544 = ADVANCED_FACE('',(#1545),#653,.T.);
#1545 = FACE_BOUND('',#1546,.T.);
#1546 = EDGE_LOOP('',(#1547,#1548,#1549,#1550));
#1547 = ORIENTED_EDGE('',*,*,#1407,.T.);
#1548 = ORIENTED_EDGE('',*,*,#1520,.T.);
#1549 = ORIENTED_EDGE('',*,*,#633,.T.);
#1550 = ORIENTED_EDGE('',*,*,#1551,.F.);
#1551 = EDGE_CURVE('',#1379,#634,#1552,.T.);
#1552 = SURFACE_CURVE('',#1553,(#1558,#1565),.PCURVE_S1.);
#1553 = CIRCLE('',#1554,52.804236723129);
#1554 = AXIS2_PLACEMENT_3D('',#1555,#1556,#1557);
#1555 = CARTESIAN_POINT('',(0.,0.,928.15));
#1556 = DIRECTION('',(0.,0.,1.));
#1557 = DIRECTION('',(1.,0.,0.));
#1558 = PCURVE('',#653,#1559);
#1559 = DEFINITIONAL_REPRESENTATION('',(#1560),#1564);
#1560 = LINE('',#1561,#1562);
#1561 = CARTESIAN_POINT('',(0.,4.563));
#1562 = VECTOR('',#1563,1.);
#1563 = DIRECTION('',(1.,0.));
#1564 = ( GEOMETRIC_REPRESENTATION_CONTEXT(2) 
PARAMETRIC_REPRESENTATION_CONTEXT() REPRESENTATION_CONTEXT('2D SPACE',''
  ) );
#1565 = PCURVE('',#687,#1566);
#1566 = DEFINITIONAL_REPRESENTATION('',(#1567),#1571);
#1567 = LINE('',#1568,#1569);
#1568 = CARTESIAN_POINT('',(0.,0.));
#1569 = VECTOR('',#1570,1.);
#1570 = DIRECTION('',(1.,0.));
#1571 = ( GEOMETRIC_REPRESENTATION_CONTEXT(2) 
PARAMETRIC_REPRESENTATION_CONTEXT() REPRESENTATION_CONTEXT('2D SPACE',''
  ) );
#1572 = ADVANCED_FACE('',(#1573),#687,.T.);
#1573 = FACE_BOUND('',#1574,.T.);
#1574 = EDGE_LOOP('',(#1575,#1576,#1577,#1578));
#1575 = ORIENTED_EDGE('',*,*,#1378,.T.);
#1576 = ORIENTED_EDGE('',*,*,#1551,.T.);
#1577 = ORIENTED_EDGE('',*,*,#667,.T.);
#1578 = ORIENTED_EDGE('',*,*,#1579,.F.);
#1579 = EDGE_CURVE('',#1350,#668,#1580,.T.);
#1580 = SURFACE_CURVE('',#1581,(#1586,#1593),.PCURVE_S1.);
#1581 = CIRCLE('',#1582,52.840710031943);
#1582 = AXIS2_PLACEMENT_3D('',#1583,#1584,#1585);
#1583 = CARTESIAN_POINT('',(0.,0.,932.713));
#1584 = DIRECTION('',(0.,0.,1.));
#1585 = DIRECTION('',(1.,0.,0.));
#1586 = PCURVE('',#687,#1587);
#1587 = DEFINITIONAL_REPRESENTATION('',(#1588),#1592);
#1588 = LINE('',#1589,#1590);
#1589 = CARTESIAN_POINT('',(0.,4.563));
#1590 = VECTOR('',#1591,1.);
#1591 = DIRECTION('',(1.,0.));
#1592 = ( GEOMETRIC_REPRESENTATION_CONTEXT(2) 
PARAMETRIC_REPRESENTATION_CONTEXT() REPRESENTATION_CONTEXT('2D SPACE',''
  ) );
#1593 = PCURVE('',#721,#1594);
#1594 = DEFINITIONAL_REPRESENTATION('',(#1595),#1599);
#1595 = LINE('',#1596,#1597);
#1596 = CARTESIAN_POINT('',(0.,0.));
#1597 = VECTOR('',#1598,1.);
#1598 = DIRECTION('',(1.,0.));
#1599 = ( GEOMETRIC_REPRESENTATION_CONTEXT(2) 
PARAMETRIC_REPRESENTATION_CONTEXT() REPRESENTATION_CONTEXT('2D SPACE',''
  ) );
#1600 = ADVANCED_FACE('',(#1601),#721,.T.);
#1601 = FACE_BOUND('',#1602,.T.);
#1602 = EDGE_LOOP('',(#1603,#1604,#1605,#1606));
#1603 = ORIENTED_EDGE('',*,*,#1349,.T.);
#1604 = ORIENTED_EDGE('',*,*,#1579,.T.);
#1605 = ORIENTED_EDGE('',*,*,#701,.T.);
#1606 = ORIENTED_EDGE('',*,*,#1607,.F.);
#1607 = EDGE_CURVE('',#1321,#702,#1608,.T.);
#1608 = SURFACE_CURVE('',#1609,(#1614,#1621),.PCURVE_S1.);
#1609 = CIRCLE('',#1610,52.873571016812);
#1610 = AXIS2_PLACEMENT_3D('',#1611,#1612,#1613);
#1611 = CARTESIAN_POINT('',(0.,0.,937.276));
#1612 = DIRECTION('',(0.,0.,1.));
#1613 = DIRECTION('',(1.,0.,0.));
#1614 = PCURVE('',#721,#1615);
#1615 = DEFINITIONAL_REPRESENTATION('',(#1616),#1620);
#1616 = LINE('',#1617,#1618);
#1617 = CARTESIAN_POINT('',(0.,4.563));
#1618 = VECTOR('',#1619,1.);
#1619 = DIRECTION('',(1.,0.));
#1620 = ( GEOMETRIC_REPRESENTATION_CONTEXT(2) 
PARAMETRIC_REPRESENTATION_CONTEXT() REPRESENTATION_CONTEXT('2D SPACE',''
  ) );
#1621 = PCURVE('',#755,#1622);
#1622 = DEFINITIONAL_REPRESENTATION('',(#1623),#1627);
#1623 = LINE('',#1624,#1625);
#1624 = CARTESIAN_POINT('',(0.,0.));
#1625 = VECTOR('',#1626,1.);
#1626 = DIRECTION('',(1.,0.));
#1627 = ( GEOMETRIC_REPRESENTATION_CONTEXT(2) 
PARAMETRIC_REPRESENTATION_CONTEXT() REPRESENTATION_CONTEXT('2D SPACE',''
  ) );
#1628 = ADVANCED_FACE('',(#1629),#755,.T.);
#1629 = FACE_BOUND('',#1630,.T.);
#1630 = EDGE_LOOP('',(#1631,#1632,#1633,#1634));
#1631 = ORIENTED_EDGE('',*,*,#1320,.T.);
#1632 = ORIENTED_EDGE('',*,*,#1607,.T.);
#1633 = ORIENTED_EDGE('',*,*,#735,.T.);
#1634 = ORIENTED_EDGE('',*,*,#1635,.F.);
#1635 = EDGE_CURVE('',#1292,#736,#1636,.T.);
#1636 = SURFACE_CURVE('',#1637,(#1642,#1649),.PCURVE_S1.);
#1637 = CIRCLE('',#1638,52.902766217453);
#1638 = AXIS2_PLACEMENT_3D('',#1639,#1640,#1641);
#1639 = CARTESIAN_POINT('',(0.,0.,941.839));
#1640 = DIRECTION('',(0.,0.,1.));
#1641 = DIRECTION('',(1.,0.,0.));
#1642 = PCURVE('',#755,#1643);
#1643 = DEFINITIONAL_REPRESENTATION('',(#1644),#1648);
#1644 = LINE('',#1645,#1646);
#1645 = CARTESIAN_POINT('',(0.,4.563));
#1646 = VECTOR('',#1647,1.);
#1647 = DIRECTION('',(1.,0.));
#1648 = ( GEOMETRIC_REPRESENTATION_CONTEXT(2) 
PARAMETRIC_REPRESENTATION_CONTEXT() REPRESENTATION_CONTEXT('2D SPACE',''
  ) );
#1649 = PCURVE('',#789,#1650);
#1650 = DEFINITIONAL_REPRESENTATION('',(#1651),#1655);
#1651 = LINE('',#1652,#1653);
#1652 = CARTESIAN_POINT('',(0.,0.));
#1653 = VECTOR('',#1654,1.);
#1654 = DIRECTION('',(1.,0.));
#1655 = ( GEOMETRIC_REPRESENTATION_CONTEXT(2) 
PARAMETRIC_REPRESENTATION_CONTEXT() REPRESENTATION_CONTEXT('2D SPACE',''
  ) );
#1656 = ADVANCED_FACE('',(#1657),#789,.T.);
#1657 = FACE_BOUND('',#1658,.T.);
#1658 = EDGE_LOOP('',(#1659,#1660,#1661,#1662));
#1659 = ORIENTED_EDGE('',*,*,#1291,.T.);
#1660 = ORIENTED_EDGE('',*,*,#1635,.T.);
#1661 = ORIENTED_EDGE('',*,*,#769,.T.);
#1662 = ORIENTED_EDGE('',*,*,#1663,.F.);
#1663 = EDGE_CURVE('',#1263,#770,#1664,.T.);
#1664 = SURFACE_CURVE('',#1665,(#1670,#1677),.PCURVE_S1.);
#1665 = CIRCLE('',#1666,52.928242173587);
#1666 = AXIS2_PLACEMENT_3D('',#1667,#1668,#1669);
#1667 = CARTESIAN_POINT('',(0.,0.,946.402));
#1668 = DIRECTION('',(0.,0.,1.));
#1669 = DIRECTION('',(1.,0.,0.));
#1670 = PCURVE('',#789,#1671);
#1671 = DEFINITIONAL_REPRESENTATION('',(#1672),#1676);
#1672 = LINE('',#1673,#1674);
#1673 = CARTESIAN_POINT('',(0.,4.563));
#1674 = VECTOR('',#1675,1.);
#1675 = DIRECTION('',(1.,0.));
#1676 = ( GEOMETRIC_REPRESENTATION_CONTEXT(2) 
PARAMETRIC_REPRESENTATION_CONTEXT() REPRESENTATION_CONTEXT('2D SPACE',''
  ) );
#1677 = PCURVE('',#823,#1678);
#1678 = DEFINITIONAL_REPRESENTATION('',(#1679),#1683);
#1679 = LINE('',#1680,#1681);
#1680 = CARTESIAN_POINT('',(0.,0.));
#1681 = VECTOR('',#1682,1.);
#1682 = DIRECTION('',(1.,0.));
#1683 = ( GEOMETRIC_REPRESENTATION_CONTEXT(2) 
PARAMETRIC_REPRESENTATION_CONTEXT() REPRESENTATION_CONTEXT('2D SPACE',''
  ) );
#1684 = ADVANCED_FACE('',(#1685),#823,.T.);
#1685 = FACE_BOUND('',#1686,.T.);
#1686 = EDGE_LOOP('',(#1687,#1688,#1689,#1690));
#1687 = ORIENTED_EDGE('',*,*,#1262,.T.);
#1688 = ORIENTED_EDGE('',*,*,#1663,.T.);
#1689 = ORIENTED_EDGE('',*,*,#803,.T.);
#1690 = ORIENTED_EDGE('',*,*,#1691,.F.);
#1691 = EDGE_CURVE('',#1234,#804,#1692,.T.);
#1692 = SURFACE_CURVE('',#1693,(#1698,#1705),.PCURVE_S1.);
#1693 = CIRCLE('',#1694,52.949945424932);
#1694 = AXIS2_PLACEMENT_3D('',#1695,#1696,#1697);
#1695 = CARTESIAN_POINT('',(0.,0.,950.965));
#1696 = DIRECTION('',(0.,0.,1.));
#1697 = DIRECTION('',(1.,0.,0.));
#1698 = PCURVE('',#823,#1699);
#1699 = DEFINITIONAL_REPRESENTATION('',(#1700),#1704);
#1700 = LINE('',#1701,#1702);
#1701 = CARTESIAN_POINT('',(0.,4.563));
#1702 = VECTOR('',#1703,1.);
#1703 = DIRECTION('',(1.,0.));
#1704 = ( GEOMETRIC_REPRESENTATION_CONTEXT(2) 
PARAMETRIC_REPRESENTATION_CONTEXT() REPRESENTATION_CONTEXT('2D SPACE',''
  ) );
#1705 = PCURVE('',#857,#1706);
#1706 = DEFINITIONAL_REPRESENTATION('',(#1707),#1711);
#1707 = LINE('',#1708,#1709);
#1708 = CARTESIAN_POINT('',(0.,0.));
#1709 = VECTOR('',#1710,1.);
#1710 = DIRECTION('',(1.,0.));
#1711 = ( GEOMETRIC_REPRESENTATION_CONTEXT(2) 
PARAMETRIC_REPRESENTATION_CONTEXT() REPRESENTATION_CONTEXT('2D SPACE',''
  ) );
#1712 = ADVANCED_FACE('',(#1713),#857,.T.);
#1713 = FACE_BOUND('',#1714,.T.);
#1714 = EDGE_LOOP('',(#1715,#1716,#1717,#1718));
#1715 = ORIENTED_EDGE('',*,*,#1233,.T.);
#1716 = ORIENTED_EDGE('',*,*,#1691,.T.);
#1717 = ORIENTED_EDGE('',*,*,#837,.T.);
#1718 = ORIENTED_EDGE('',*,*,#1719,.F.);
#1719 = EDGE_CURVE('',#1205,#838,#1720,.T.);
#1720 = SURFACE_CURVE('',#1721,(#1726,#1733),.PCURVE_S1.);
#1721 = CIRCLE('',#1722,52.967822511207);
#1722 = AXIS2_PLACEMENT_3D('',#1723,#1724,#1725);
#1723 = CARTESIAN_POINT('',(0.,0.,955.528));
#1724 = DIRECTION('',(0.,0.,1.));
#1725 = DIRECTION('',(1.,0.,0.));
#1726 = PCURVE('',#857,#1727);
#1727 = DEFINITIONAL_REPRESENTATION('',(#1728),#1732);
#1728 = LINE('',#1729,#1730);
#1729 = CARTESIAN_POINT('',(0.,4.563));
#1730 = VECTOR('',#1731,1.);
#1731 = DIRECTION('',(1.,0.));
#1732 = ( GEOMETRIC_REPRESENTATION_CONTEXT(2) 
PARAMETRIC_REPRESENTATION_CONTEXT() REPRESENTATION_CONTEXT('2D SPACE',''
  ) );
#1733 = PCURVE('',#893,#1734);
#1734 = DEFINITIONAL_REPRESENTATION('',(#1735),#1739);
#1735 = LINE('',#1736,#1737);
#1736 = CARTESIAN_POINT('',(0.,0.));
#1737 = VECTOR('',#1738,1.);
#1738 = DIRECTION('',(1.,0.));
#1739 = ( GEOMETRIC_REPRESENTATION_CONTEXT(2) 
PARAMETRIC_REPRESENTATION_CONTEXT() REPRESENTATION_CONTEXT('2D SPACE',''
  ) );
#1740 = ADVANCED_FACE('',(#1741),#893,.T.);
#1741 = FACE_BOUND('',#1742,.T.);
#1742 = EDGE_LOOP('',(#1743,#1744,#1745,#1746,#1770,#1899,#2014,#2164));
#1743 = ORIENTED_EDGE('',*,*,#1204,.T.);
#1744 = ORIENTED_EDGE('',*,*,#1719,.T.);
#1745 = ORIENTED_EDGE('',*,*,#871,.T.);
#1746 = ORIENTED_EDGE('',*,*,#1747,.F.);
#1747 = EDGE_CURVE('',#1748,#872,#1750,.T.);
#1748 = VERTEX_POINT('',#1749);
#1749 = CARTESIAN_POINT('',(-38.76523952414,36.115501549825,960.091));
#1750 = SURFACE_CURVE('',#1751,(#1756,#1763),.PCURVE_S1.);
#1751 = CIRCLE('',#1752,52.981819972133);
#1752 = AXIS2_PLACEMENT_3D('',#1753,#1754,#1755);
#1753 = CARTESIAN_POINT('',(0.,0.,960.091));
#1754 = DIRECTION('',(0.,0.,1.));
#1755 = DIRECTION('',(1.,0.,0.));
#1756 = PCURVE('',#893,#1757);
#1757 = DEFINITIONAL_REPRESENTATION('',(#1758),#1762);
#1758 = LINE('',#1759,#1760);
#1759 = CARTESIAN_POINT('',(0.,4.563));
#1760 = VECTOR('',#1761,1.);
#1761 = DIRECTION('',(1.,0.));
#1762 = ( GEOMETRIC_REPRESENTATION_CONTEXT(2) 
PARAMETRIC_REPRESENTATION_CONTEXT() REPRESENTATION_CONTEXT('2D SPACE',''
  ) );
#1763 = PCURVE('',#930,#1764);
#1764 = DEFINITIONAL_REPRESENTATION('',(#1765),#1769);
#1765 = LINE('',#1766,#1767);
#1766 = CARTESIAN_POINT('',(0.,0.));
#1767 = VECTOR('',#1768,1.);
#1768 = DIRECTION('',(1.,0.));
#1769 = ( GEOMETRIC_REPRESENTATION_CONTEXT(2) 
PARAMETRIC_REPRESENTATION_CONTEXT() REPRESENTATION_CONTEXT('2D SPACE',''
  ) );
#1770 = ORIENTED_EDGE('',*,*,#1771,.T.);
#1771 = EDGE_CURVE('',#1748,#1772,#1774,.T.);
#1772 = VERTEX_POINT('',#1773);
#1773 = CARTESIAN_POINT('',(-27.06869657953,45.535752328777,
    957.46301328437));
#1774 = SURFACE_CURVE('',#1775,(#1803,#1834),.PCURVE_S1.);
#1775 = B_SPLINE_CURVE_WITH_KNOTS('',6,(#1776,#1777,#1778,#1779,#1780,
    #1781,#1782,#1783,#1784,#1785,#1786,#1787,#1788,#1789,#1790,#1791,
    #1792,#1793,#1794,#1795,#1796,#1797,#1798,#1799,#1800,#1801,#1802),
  .UNSPECIFIED.,.F.,.F.,(7,5,5,5,5,7),(0.,4.271296982038E-02,
    0.173640521791,0.342438096942,0.630513468333,1.),.UNSPECIFIED.);
#1776 = CARTESIAN_POINT('',(-38.76523952414,36.115501549825,960.091));
#1777 = CARTESIAN_POINT('',(-38.70811320418,36.176594328613,
    960.04104444488));
#1778 = CARTESIAN_POINT('',(-38.65043767513,36.238046415574,
    959.99158821343));
#1779 = CARTESIAN_POINT('',(-38.59221428106,36.299849739641,
    959.94263641147));
#1780 = CARTESIAN_POINT('',(-38.53344451649,36.361996115587,
    959.89419391269));
#1781 = CARTESIAN_POINT('',(-38.47413002641,36.424477244018,
    959.84626535861));
#1782 = CARTESIAN_POINT('',(-38.23079237736,36.679807684637,
    959.65352924361));
#1783 = CARTESIAN_POINT('',(-38.04221067234,36.875397083302,
    959.51307365793));
#1784 = CARTESIAN_POINT('',(-37.84857940072,37.073810525451,
    959.3776156244));
#1785 = CARTESIAN_POINT('',(-37.64996341342,37.274797083917,
    959.2472608024));
#1786 = CARTESIAN_POINT('',(-37.44643990592,37.478100640923,
    959.12209300611));
#1787 = CARTESIAN_POINT('',(-36.96949401618,37.948225767425,
    958.84756895103));
#1788 = CARTESIAN_POINT('',(-36.69288041204,38.216411380072,
    958.70168774444));
#1789 = CARTESIAN_POINT('',(-36.40844753437,38.487466882248,
    958.5646631933));
#1790 = CARTESIAN_POINT('',(-36.11641575506,38.760837200432,
    958.43656520317));
#1791 = CARTESIAN_POINT('',(-35.81703023591,39.03597597595,
    958.31740523694));
#1792 = CARTESIAN_POINT('',(-34.98751686449,39.784035458595,
    958.01896011865));
#1793 = CARTESIAN_POINT('',(-34.44382784844,40.259333082286,
    957.85668760706));
#1794 = CARTESIAN_POINT('',(-33.88080465434,40.735627511494,
    957.72011516289));
#1795 = CARTESIAN_POINT('',(-33.2999049671,41.210476671369,
    957.60857290402));
#1796 = CARTESIAN_POINT('',(-32.70263125647,41.681742406328,
    957.52104923834));
#1797 = CARTESIAN_POINT('',(-31.30524249707,42.745119866498,
    957.3733049454));
#1798 = CARTESIAN_POINT('',(-30.49550837198,43.333743249613,
    957.32779046571));
#1799 = CARTESIAN_POINT('',(-29.66428540357,43.909652815875,
    957.31719863559));
#1800 = CARTESIAN_POINT('',(-28.81449333073,44.469895930874,
    957.33838074225));
#1801 = CARTESIAN_POINT('',(-27.948651759,45.012396080539,
    957.38805598126));
#1802 = CARTESIAN_POINT('',(-27.06869657953,45.535752328777,
    957.46301328437));
#1803 = PCURVE('',#893,#1804);
#1804 = DEFINITIONAL_REPRESENTATION('',(#1805),#1833);
#1805 = B_SPLINE_CURVE_WITH_KNOTS('',6,(#1806,#1807,#1808,#1809,#1810,
    #1811,#1812,#1813,#1814,#1815,#1816,#1817,#1818,#1819,#1820,#1821,
    #1822,#1823,#1824,#1825,#1826,#1827,#1828,#1829,#1830,#1831,#1832),
  .UNSPECIFIED.,.F.,.F.,(7,5,5,5,5,7),(0.,4.271296982038E-02,
    0.173640521791,0.342438096942,0.630513468333,1.),.UNSPECIFIED.);
#1806 = CARTESIAN_POINT('',(2.391565839174,4.563));
#1807 = CARTESIAN_POINT('',(2.38998717645,4.513044444883));
#1808 = CARTESIAN_POINT('',(2.388396474712,4.463588213433));
#1809 = CARTESIAN_POINT('',(2.386793855683,4.414636411476));
#1810 = CARTESIAN_POINT('',(2.385179444064,4.366193912691));
#1811 = CARTESIAN_POINT('',(2.383553367535,4.318265358613));
#1812 = CARTESIAN_POINT('',(2.37689600815,4.12552924361));
#1813 = CARTESIAN_POINT('',(2.371767880279,3.985073657935));
#1814 = CARTESIAN_POINT('',(2.366535139882,3.849615624407));
#1815 = CARTESIAN_POINT('',(2.361201789756,3.7192608024));
#1816 = CARTESIAN_POINT('',(2.355772016389,3.594093006112));
#1817 = CARTESIAN_POINT('',(2.343131087901,3.319568951035));
#1818 = CARTESIAN_POINT('',(2.335858928403,3.173687744449));
#1819 = CARTESIAN_POINT('',(2.328442918461,3.036663193302));
#1820 = CARTESIAN_POINT('',(2.320892601989,2.908565203175));
#1821 = CARTESIAN_POINT('',(2.313217617097,2.789405236943));
#1822 = CARTESIAN_POINT('',(2.292132651109,2.490960118652));
#1823 = CARTESIAN_POINT('',(2.27850240393,2.328687607062));
#1824 = CARTESIAN_POINT('',(2.264584213195,2.19211516289));
#1825 = CARTESIAN_POINT('',(2.250424173334,2.080572904026));
#1826 = CARTESIAN_POINT('',(2.236064479359,1.993049238347));
#1827 = CARTESIAN_POINT('',(2.202916350549,1.845304945401));
#1828 = CARTESIAN_POINT('',(2.184023247796,1.799790467268));
#1829 = CARTESIAN_POINT('',(2.164941123248,1.789198631661));
#1830 = CARTESIAN_POINT('',(2.145734426941,1.810380746035));
#1831 = CARTESIAN_POINT('',(2.126451511742,1.860055980305));
#1832 = CARTESIAN_POINT('',(2.107124441704,1.935013283419));
#1833 = ( GEOMETRIC_REPRESENTATION_CONTEXT(2) 
PARAMETRIC_REPRESENTATION_CONTEXT() REPRESENTATION_CONTEXT('2D SPACE',''
  ) );
#1834 = PCURVE('',#1835,#1869);
#1835 = ( BOUNDED_SURFACE() B_SPLINE_SURFACE(2,4,(
    (#1836,#1837,#1838,#1839,#1840,#1841,#1842,#1843,#1844,#1845,#1846)
    ,(#1847,#1848,#1849,#1850,#1851,#1852,#1853,#1854,#1855,#1856,#1857)
    ,(#1858,#1859,#1860,#1861,#1862,#1863,#1864,#1865,#1866,#1867,#1868
)),.UNSPECIFIED.,.F.,.F.,.F.) B_SPLINE_SURFACE_WITH_KNOTS((3,3),(5,3,3,5
    ),(0.,95.),(-4.976156096182,-4.614017505043E-14,95.,100.01801006132)
,.UNSPECIFIED.) GEOMETRIC_REPRESENTATION_ITEM() 
RATIONAL_B_SPLINE_SURFACE((
    (1.,1.,1.,1.,1.,1.,1.,1.,1.,1.,1.)
    ,(0.667474235911,0.667768543443,0.667866645954,0.667768543443
      ,0.661855598751,0.65619515057,0.650501071236,0.644479974902
      ,0.644379279964,0.644479974902,0.644782059716)
,(1.,1.,1.,1.,1.,1.,1.,1.,1.,1.,1.
  ))) REPRESENTATION_ITEM('') SURFACE() );
#1836 = CARTESIAN_POINT('',(52.518228891475,31.666228067138,
    968.64569787309));
#1837 = CARTESIAN_POINT('',(51.253153469783,31.666228067138,
    968.65614497204));
#1838 = CARTESIAN_POINT('',(49.99509018064,31.666228067138,
    968.66653416422));
#1839 = CARTESIAN_POINT('',(48.744039024046,31.666228067138,
    968.67686544962));
#1840 = CARTESIAN_POINT('',(23.75,31.666228067138,968.88326832059));
#1841 = CARTESIAN_POINT('',(7.105427357601E-15,31.666228067138,
    969.08307359659));
#1842 = CARTESIAN_POINT('',(-23.75,31.666228067138,969.28654149878));
#1843 = CARTESIAN_POINT('',(-48.75450251533,31.666228067138,
    969.50457797086));
#1844 = CARTESIAN_POINT('',(-50.00903822381,31.666228067138,
    969.51551738227));
#1845 = CARTESIAN_POINT('',(-51.26360712543,31.666228067138,
    969.52645708311));
#1846 = CARTESIAN_POINT('',(-52.5182092202,31.666228067138,
    969.5373970734));
#1847 = CARTESIAN_POINT('',(52.518399775332,31.666228067138,
    955.30146502092));
#1848 = CARTESIAN_POINT('',(51.251584736036,31.666228067138,
    955.30108595369));
#1849 = CARTESIAN_POINT('',(49.993652635652,31.666228067138,
    955.30070954448));
#1850 = CARTESIAN_POINT('',(48.743490735183,31.666228067138,
    955.30033546033));
#1851 = CARTESIAN_POINT('',(23.548381047457,31.666228067138,
    955.292796364));
#1852 = CARTESIAN_POINT('',(-0.27417699207,31.666228067138,
    955.28509259456));
#1853 = CARTESIAN_POINT('',(-23.9588029207,31.666228067138,
    955.27684608029));
#1854 = CARTESIAN_POINT('',(-48.75509053384,31.666228067138,
    955.26759227577));
#1855 = CARTESIAN_POINT('',(-50.01063829719,31.666228067138,
    955.26712371395));
#1856 = CARTESIAN_POINT('',(-51.26546648745,31.666228067138,
    955.26665542068));
#1857 = CARTESIAN_POINT('',(-52.51839965053,31.666228067138,
    955.26618783461));
#1858 = CARTESIAN_POINT('',(52.518048605793,44.93566900899,
    956.71297194106));
#1859 = CARTESIAN_POINT('',(51.253063326942,44.945257021432,
    956.72446922654));
#1860 = CARTESIAN_POINT('',(49.995060133026,44.954792112849,
    956.73590305276));
#1861 = CARTESIAN_POINT('',(48.744039024046,44.964274283242,
    956.74727341973));
#1862 = CARTESIAN_POINT('',(23.75,45.153717718788,956.97444096599));
#1863 = CARTESIAN_POINT('',(2.13162820728E-14,45.333051131753,
    957.19756847736));
#1864 = CARTESIAN_POINT('',(-23.75,45.511373589054,957.42788715213));
#1865 = CARTESIAN_POINT('',(-48.75450251533,45.697723744065,
    957.67778147814));
#1866 = CARTESIAN_POINT('',(-50.00900503066,45.707073129763,
    957.69031894255));
#1867 = CARTESIAN_POINT('',(-51.26350754599,45.71642251546,
    957.70285640697));
#1868 = CARTESIAN_POINT('',(-52.51801006132,45.725771901158,
    957.71539387139));
#1869 = DEFINITIONAL_REPRESENTATION('',(#1870),#1898);
#1870 = B_SPLINE_CURVE_WITH_KNOTS('',6,(#1871,#1872,#1873,#1874,#1875,
    #1876,#1877,#1878,#1879,#1880,#1881,#1882,#1883,#1884,#1885,#1886,
    #1887,#1888,#1889,#1890,#1891,#1892,#1893,#1894,#1895,#1896,#1897),
  .UNSPECIFIED.,.F.,.F.,(7,5,5,5,5,7),(0.,4.271296982038E-02,
    0.173640521791,0.342438096942,0.630513468333,1.),.UNSPECIFIED.);
#1871 = CARTESIAN_POINT('',(48.676288140877,86.265239608129));
#1872 = CARTESIAN_POINT('',(49.013254194739,86.208113289015));
#1873 = CARTESIAN_POINT('',(49.350116877872,86.150437762526));
#1874 = CARTESIAN_POINT('',(49.68687501877,86.092214370528));
#1875 = CARTESIAN_POINT('',(50.023527441349,86.033444606692));
#1876 = CARTESIAN_POINT('',(50.360072964945,85.974130116493));
#1877 = CARTESIAN_POINT('',(51.727788035287,85.730792470799));
#1878 = CARTESIAN_POINT('',(52.758050822948,85.542210768246));
#1879 = CARTESIAN_POINT('',(53.787263438236,85.348579499029));
#1880 = CARTESIAN_POINT('',(54.815393290527,85.14996351403));
#1881 = CARTESIAN_POINT('',(55.842409564002,84.946440008704));
#1882 = CARTESIAN_POINT('',(58.190882576736,84.46949412363));
#1883 = CARTESIAN_POINT('',(59.511585090007,84.192880521879));
#1884 = CARTESIAN_POINT('',(60.830324478983,83.908447646307));
#1885 = CARTESIAN_POINT('',(62.147050901668,83.616415868751));
#1886 = CARTESIAN_POINT('',(63.461726461095,83.317030350963));
#1887 = CARTESIAN_POINT('',(67.014438895506,82.487516981995));
#1888 = CARTESIAN_POINT('',(69.248510004813,81.943827966184));
#1889 = CARTESIAN_POINT('',(71.476386890781,81.380804770756));
#1890 = CARTESIAN_POINT('',(73.698097223676,80.79990508042));
#1891 = CARTESIAN_POINT('',(75.913781026635,80.202631364763));
#1892 = CARTESIAN_POINT('',(80.958052193043,78.805242589352));
#1893 = CARTESIAN_POINT('',(83.782880432444,77.995508452005));
#1894 = CARTESIAN_POINT('',(86.5987071362,77.164285467958));
#1895 = CARTESIAN_POINT('',(89.406301636115,76.314493376253));
#1896 = CARTESIAN_POINT('',(92.206472640082,75.448651782862));
#1897 = CARTESIAN_POINT('',(95.,74.568696579538));
#1898 = ( GEOMETRIC_REPRESENTATION_CONTEXT(2) 
PARAMETRIC_REPRESENTATION_CONTEXT() REPRESENTATION_CONTEXT('2D SPACE',''
  ) );
#1899 = ORIENTED_EDGE('',*,*,#1900,.F.);
#1900 = EDGE_CURVE('',#1901,#1772,#1903,.T.);
#1901 = VERTEX_POINT('',#1902);
#1902 = CARTESIAN_POINT('',(27.74785471556,45.123227388358,
    956.93998698641));
#1903 = SURFACE_CURVE('',#1904,(#1937,#1973),.PCURVE_S1.);
#1904 = B_SPLINE_CURVE_WITH_KNOTS('',6,(#1905,#1906,#1907,#1908,#1909,
    #1910,#1911,#1912,#1913,#1914,#1915,#1916,#1917,#1918,#1919,#1920,
    #1921,#1922,#1923,#1924,#1925,#1926,#1927,#1928,#1929,#1930,#1931,
    #1932,#1933,#1934,#1935,#1936),.UNSPECIFIED.,.F.,.F.,(7,5,5,5,5,5,7)
  ,(0.,0.138187113422,0.320900543318,0.512828473648,0.687192600452,
    0.865226834879,1.),.UNSPECIFIED.);
#1905 = CARTESIAN_POINT('',(27.960958014828,44.99142257389,
    956.92210075921));
#1906 = CARTESIAN_POINT('',(26.707617574743,45.770721314399,
    957.02769962113));
#1907 = CARTESIAN_POINT('',(25.44413917188,46.498208067282,
    957.12844558213));
#1908 = CARTESIAN_POINT('',(24.172303217186,47.175541048164,
    957.2244043089));
#1909 = CARTESIAN_POINT('',(22.893598859366,47.804271343913,
    957.31561962867));
#1910 = CARTESIAN_POINT('',(21.60923387843,48.385835023719,
    957.40211708665));
#1911 = CARTESIAN_POINT('',(18.615688053127,49.629870726259,
    957.59205223004));
#1912 = CARTESIAN_POINT('',(16.903065355892,50.257992897161,
    957.69196172217));
#1913 = CARTESIAN_POINT('',(15.184425555542,50.808963455412,
    957.78366234024));
#1914 = CARTESIAN_POINT('',(13.461500982468,51.285261097186,
    957.86710411986));
#1915 = CARTESIAN_POINT('',(11.735639997674,51.688931202828,
    957.94218533808));
#1916 = CARTESIAN_POINT('',(8.192829994934,52.370916546102,
    958.07866491912));
#1917 = CARTESIAN_POINT('',(6.375780909049,52.641863442457,
    958.13917828194));
#1918 = CARTESIAN_POINT('',(4.557803547753,52.836200397204,
    958.19010304501));
#1919 = CARTESIAN_POINT('',(2.739932025104,52.955109170784,
    958.23117332297));
#1920 = CARTESIAN_POINT('',(0.923086641789,52.999263350204,
    958.26205756772));
#1921 = CARTESIAN_POINT('',(-2.540857900738,52.941053231425,
    958.30077844852));
#1922 = CARTESIAN_POINT('',(-4.188214024639,52.851728502965,
    958.31046489346));
#1923 = CARTESIAN_POINT('',(-5.833389905135,52.700872495505,
    958.31109977935));
#1924 = CARTESIAN_POINT('',(-7.475676156408,52.488185520802,
    958.30232260371));
#1925 = CARTESIAN_POINT('',(-9.11427389141,52.21303029164,958.2837229931
    ));
#1926 = CARTESIAN_POINT('',(-12.41670487833,51.528588608696,
    958.22533149647));
#1927 = CARTESIAN_POINT('',(-14.08027652687,51.116614558814,
    958.18510294687));
#1928 = CARTESIAN_POINT('',(-15.7380830704,50.63735696825,
    958.13364697687));
#1929 = CARTESIAN_POINT('',(-17.38887705987,50.089329175718,
    958.07040306694));
#1930 = CARTESIAN_POINT('',(-19.03109375486,49.470699224021,
    957.99475635517));
#1931 = CARTESIAN_POINT('',(-21.89805800962,48.255736456565,
    957.83886218924));
#1932 = CARTESIAN_POINT('',(-23.12724266479,47.690530000973,
    957.7642014502));
#1933 = CARTESIAN_POINT('',(-24.34954509873,47.082608217652,
    957.6817541811));
#1934 = CARTESIAN_POINT('',(-25.56392197866,46.430901030201,
    957.59121282498));
#1935 = CARTESIAN_POINT('',(-26.76911513107,45.734251415141,
    957.49225940711));
#1936 = CARTESIAN_POINT('',(-27.96364559587,44.99142257389,
    957.38456983343));
#1937 = PCURVE('',#893,#1938);
#1938 = DEFINITIONAL_REPRESENTATION('',(#1939),#1972);
#1939 = B_SPLINE_CURVE_WITH_KNOTS('',6,(#1940,#1941,#1942,#1943,#1944,
    #1945,#1946,#1947,#1948,#1949,#1950,#1951,#1952,#1953,#1954,#1955,
    #1956,#1957,#1958,#1959,#1960,#1961,#1962,#1963,#1964,#1965,#1966,
    #1967,#1968,#1969,#1970,#1971),.UNSPECIFIED.,.F.,.F.,(7,5,5,5,5,5,7)
  ,(0.,0.138187113422,0.320900543318,0.512828473648,0.687192600452,
    0.865226834879,1.),.UNSPECIFIED.);
#1940 = CARTESIAN_POINT('',(1.014737243896,1.394100759319));
#1941 = CARTESIAN_POINT('',(1.042598363978,1.499699621242));
#1942 = CARTESIAN_POINT('',(1.070105346036,1.600445581986));
#1943 = CARTESIAN_POINT('',(1.097285117846,1.696404308849));
#1944 = CARTESIAN_POINT('',(1.124163333111,1.787619628784));
#1945 = CARTESIAN_POINT('',(1.150765398425,1.874117086656));
#1946 = CARTESIAN_POINT('',(1.211960712389,2.064052230043));
#1947 = CARTESIAN_POINT('',(1.2463650071,2.163961722178));
#1948 = CARTESIAN_POINT('',(1.280391223264,2.255662340245));
#1949 = CARTESIAN_POINT('',(1.314093828865,2.339104119867));
#1950 = CARTESIAN_POINT('',(1.347525550461,2.414185338082));
#1951 = CARTESIAN_POINT('',(1.415629826113,2.55066491912));
#1952 = CARTESIAN_POINT('',(1.450277934364,2.611178281941));
#1953 = CARTESIAN_POINT('',(1.484746231407,2.662103045015));
#1954 = CARTESIAN_POINT('',(1.519091093052,2.703173322974));
#1955 = CARTESIAN_POINT('',(1.553367755038,2.734057567726));
#1956 = CARTESIAN_POINT('',(1.618763704772,2.772778448529));
#1957 = CARTESIAN_POINT('',(1.649883720311,2.782464893466));
#1958 = CARTESIAN_POINT('',(1.681036425176,2.783099779351));
#1959 = CARTESIAN_POINT('',(1.712262767013,2.774322603717));
#1960 = CARTESIAN_POINT('',(1.743603963688,2.755722993101));
#1961 = CARTESIAN_POINT('',(1.80726675327,2.697331496474));
#1962 = CARTESIAN_POINT('',(1.839593813181,2.657102946877));
#1963 = CARTESIAN_POINT('',(1.872132092551,2.605646976873));
#1964 = CARTESIAN_POINT('',(1.904927327687,2.542403066948));
#1965 = CARTESIAN_POINT('',(1.93802622193,2.466756355176));
#1966 = CARTESIAN_POINT('',(1.996804360473,2.310862189244));
#1967 = CARTESIAN_POINT('',(2.022331373111,2.236201450337));
#1968 = CARTESIAN_POINT('',(2.048082803206,2.153754181038));
#1969 = CARTESIAN_POINT('',(2.074080000217,2.063212824802));
#1970 = CARTESIAN_POINT('',(2.100344442464,1.964259407237));
#1971 = CARTESIAN_POINT('',(2.126898500566,1.856569833559));
#1972 = ( GEOMETRIC_REPRESENTATION_CONTEXT(2) 
PARAMETRIC_REPRESENTATION_CONTEXT() REPRESENTATION_CONTEXT('2D SPACE',''
  ) );
#1973 = PCURVE('',#1974,#1979);
#1974 = B_SPLINE_SURFACE_WITH_KNOTS('',1,1,(
    (#1975,#1976)
    ,(#1977,#1978
    )),.UNSPECIFIED.,.F.,.F.,.F.,(2,2),(2,2),(0.,95.),(0.,1.),
  .PIECEWISE_BEZIER_KNOTS.);
#1975 = CARTESIAN_POINT('',(47.5,31.666228067138,955.28));
#1976 = CARTESIAN_POINT('',(11.952197967066,235.,978.16576934617));
#1977 = CARTESIAN_POINT('',(-47.5,31.666228067138,955.28));
#1978 = CARTESIAN_POINT('',(-28.43241741754,235.,989.70192296151));
#1979 = DEFINITIONAL_REPRESENTATION('',(#1980),#2013);
#1980 = B_SPLINE_CURVE_WITH_KNOTS('',6,(#1981,#1982,#1983,#1984,#1985,
    #1986,#1987,#1988,#1989,#1990,#1991,#1992,#1993,#1994,#1995,#1996,
    #1997,#1998,#1999,#2000,#2001,#2002,#2003,#2004,#2005,#2006,#2007,
    #2008,#2009,#2010,#2011,#2012),.UNSPECIFIED.,.F.,.F.,(7,5,5,5,5,5,7)
  ,(0.,0.138187113422,0.320900543318,0.512828473648,0.687192600452,
    0.865226834879,1.),.UNSPECIFIED.);
#1981 = CARTESIAN_POINT('',(17.883220156747,6.553360211678E-02));
#1982 = CARTESIAN_POINT('',(19.085000288818,6.936621060627E-02));
#1983 = CARTESIAN_POINT('',(20.310609750157,7.29440065915E-02));
#1984 = CARTESIAN_POINT('',(21.557405526575,7.627514521369E-02));
#1985 = CARTESIAN_POINT('',(22.823008285056,7.936725475247E-02));
#1986 = CARTESIAN_POINT('',(24.105314904933,8.222739782795E-02));
#1987 = CARTESIAN_POINT('',(27.117686495157,8.834559300386E-02));
#1988 = CARTESIAN_POINT('',(28.858798600293,9.143471177116E-02));
#1989 = CARTESIAN_POINT('',(30.621663428886,9.414439719632E-02));
#1990 = CARTESIAN_POINT('',(32.402557978968,9.648683956212E-02));
#1991 = CARTESIAN_POINT('',(34.198204827691,9.847209809447E-02));
#1992 = CARTESIAN_POINT('',(37.904519345112,0.101826117138));
#1993 = CARTESIAN_POINT('',(39.816311678861,0.103158639984));
#1994 = CARTESIAN_POINT('',(41.737852569968,0.104114393437));
#1995 = CARTESIAN_POINT('',(43.666012819099,0.104699189423));
#1996 = CARTESIAN_POINT('',(45.597825799245,0.104916340656));
#1997 = CARTESIAN_POINT('',(49.286280039862,0.104630062001));
#1998 = CARTESIAN_POINT('',(51.042707922905,0.104190761006));
#1999 = CARTESIAN_POINT('',(52.797647462515,0.103448847815));
#2000 = CARTESIAN_POINT('',(54.548894636832,0.102402848557));
#2001 = CARTESIAN_POINT('',(56.29415873187,0.101049629037));
#2002 = CARTESIAN_POINT('',(59.804514387502,9.768352966037E-02));
#2003 = CARTESIAN_POINT('',(61.569179017614,9.565743214609E-02));
#2004 = CARTESIAN_POINT('',(63.32254007153,9.330043268649E-02));
#2005 = CARTESIAN_POINT('',(65.061748525654,9.06052198484E-02));
#2006 = CARTESIAN_POINT('',(66.7836251522,8.756278402567E-02));
#2007 = CARTESIAN_POINT('',(69.772348806458,8.15875701893E-02));
#2008 = CARTESIAN_POINT('',(71.048054470907,7.880787230527E-02));
#2009 = CARTESIAN_POINT('',(72.310243124519,7.581809949212E-02));
#2010 = CARTESIAN_POINT('',(73.557172646435,7.261298909036E-02));
#2011 = CARTESIAN_POINT('',(74.786898285256,6.918685083286E-02));
#2012 = CARTESIAN_POINT('',(75.997281987569,6.553360211678E-02));
#2013 = ( GEOMETRIC_REPRESENTATION_CONTEXT(2) 
PARAMETRIC_REPRESENTATION_CONTEXT() REPRESENTATION_CONTEXT('2D SPACE',''
  ) );
#2014 = ORIENTED_EDGE('',*,*,#2015,.T.);
#2015 = EDGE_CURVE('',#1901,#2016,#2018,.T.);
#2016 = VERTEX_POINT('',#2017);
#2017 = CARTESIAN_POINT('',(39.453617561845,35.362201696772,960.091));
#2018 = SURFACE_CURVE('',#2019,(#2054,#2092),.PCURVE_S1.);
#2019 = B_SPLINE_CURVE_WITH_KNOTS('',5,(#2020,#2021,#2022,#2023,#2024,
    #2025,#2026,#2027,#2028,#2029,#2030,#2031,#2032,#2033,#2034,#2035,
    #2036,#2037,#2038,#2039,#2040,#2041,#2042,#2043,#2044,#2045,#2046,
    #2047,#2048,#2049,#2050,#2051,#2052,#2053),.UNSPECIFIED.,.F.,.F.,(6,
    4,4,4,4,4,4,4,6),(0.,0.21344354142,0.424053043643,0.584136136026,
    0.694959848085,0.785212261727,0.863661326983,0.934346180344,1.),
  .UNSPECIFIED.);
#2020 = CARTESIAN_POINT('',(27.74785471556,45.123227388358,
    956.93998698641));
#2021 = CARTESIAN_POINT('',(28.383849559344,44.731940360429,
    956.88681068957));
#2022 = CARTESIAN_POINT('',(29.010530730803,44.330989120391,
    956.84884050831));
#2023 = CARTESIAN_POINT('',(29.627000129908,43.921167171915,
    956.82746304712));
#2024 = CARTESIAN_POINT('',(30.232151054967,43.50355662753,
    956.82406175185));
#2025 = CARTESIAN_POINT('',(31.409549104782,42.661209820427,
    956.85547301536));
#2026 = CARTESIAN_POINT('',(31.982125927217,42.236642304789,
    956.88977864995));
#2027 = CARTESIAN_POINT('',(32.541360671736,41.807219878252,
    956.94397422352));
#2028 = CARTESIAN_POINT('',(33.086007536034,41.374615499734,
    957.01910101174));
#2029 = CARTESIAN_POINT('',(34.016838872556,40.611022633536,
    957.1894326501));
#2030 = CARTESIAN_POINT('',(34.409692906442,40.280553798694,
    957.27549677285));
#2031 = CARTESIAN_POINT('',(34.792892363684,39.950228015986,
    957.3743819348));
#2032 = CARTESIAN_POINT('',(35.165924609996,39.620988826226,
    957.48629308509));
#2033 = CARTESIAN_POINT('',(35.779216242017,39.067343305565,
    957.69781393207));
#2034 = CARTESIAN_POINT('',(36.025010564891,38.841852882823,
    957.79061257361));
#2035 = CARTESIAN_POINT('',(36.265558185952,38.617689468852,
    957.88969806094));
#2036 = CARTESIAN_POINT('',(36.500719078841,38.395193113493,
    957.99505422854));
#2037 = CARTESIAN_POINT('',(36.917393472534,37.995145299863,
    958.19748891404));
#2038 = CARTESIAN_POINT('',(37.100762663053,37.816917033655,
    958.29247387975));
#2039 = CARTESIAN_POINT('',(37.280411471763,37.640205978633,
    958.39155239253));
#2040 = CARTESIAN_POINT('',(37.456281908838,37.465195819562,
    958.4946785319));
#2041 = CARTESIAN_POINT('',(37.777867135612,37.141583419245,
    958.69489266208));
#2042 = CARTESIAN_POINT('',(37.924517757724,36.992520590593,
    958.79100651202));
#2043 = CARTESIAN_POINT('',(38.068243992187,36.844999720416,
    958.89009002207));
#2044 = CARTESIAN_POINT('',(38.209018907769,36.699137320341,
    958.99209268591));
#2045 = CARTESIAN_POINT('',(38.470984698015,36.425217330629,
    959.19143836716));
#2046 = CARTESIAN_POINT('',(38.59273492069,36.296826205077,
    959.28824345934));
#2047 = CARTESIAN_POINT('',(38.712056035402,36.169956512032,
    959.38732619697));
#2048 = CARTESIAN_POINT('',(38.828936129691,36.044688075042,
    959.48863711757));
#2049 = CARTESIAN_POINT('',(39.049653280644,35.806303678303,
    959.68823949643));
#2050 = CARTESIAN_POINT('',(39.15382657613,35.692957281725,
    959.78623268348));
#2051 = CARTESIAN_POINT('',(39.255880415343,35.581119773948,
    959.88605643144));
#2052 = CARTESIAN_POINT('',(39.355811061992,35.470849489089,
    959.98766277815));
#2053 = CARTESIAN_POINT('',(39.453617561844,35.362201696772,960.091));
#2054 = PCURVE('',#893,#2055);
#2055 = DEFINITIONAL_REPRESENTATION('',(#2056),#2091);
#2056 = B_SPLINE_CURVE_WITH_KNOTS('',5,(#2057,#2058,#2059,#2060,#2061,
    #2062,#2063,#2064,#2065,#2066,#2067,#2068,#2069,#2070,#2071,#2072,
    #2073,#2074,#2075,#2076,#2077,#2078,#2079,#2080,#2081,#2082,#2083,
    #2084,#2085,#2086,#2087,#2088,#2089,#2090),.UNSPECIFIED.,.F.,.F.,(6,
    4,4,4,4,4,4,4,6),(0.,0.21344354142,0.424053043643,0.584136136026,
    0.694959848085,0.785212261727,0.863661326983,0.934346180344,1.),
  .UNSPECIFIED.);
#2057 = CARTESIAN_POINT('',(1.019467479258,1.41198698641));
#2058 = CARTESIAN_POINT('',(1.005370963385,1.358810689576));
#2059 = CARTESIAN_POINT('',(0.991328542682,1.32084050832));
#2060 = CARTESIAN_POINT('',(0.977356741344,1.299463047128));
#2061 = CARTESIAN_POINT('',(0.963478533748,1.296061751851));
#2062 = CARTESIAN_POINT('',(0.936149058973,1.327473015368));
#2063 = CARTESIAN_POINT('',(0.922694584123,1.361778649959));
#2064 = CARTESIAN_POINT('',(0.909386507298,1.415974223528));
#2065 = CARTESIAN_POINT('',(0.896257742322,1.491101011745));
#2066 = CARTESIAN_POINT('',(0.873529797551,1.661432650103));
#2067 = CARTESIAN_POINT('',(0.863839458791,1.747496772856));
#2068 = CARTESIAN_POINT('',(0.854289859397,1.8463819348));
#2069 = CARTESIAN_POINT('',(0.844898147911,1.958293085099));
#2070 = CARTESIAN_POINT('',(0.829301387721,2.169813932076));
#2071 = CARTESIAN_POINT('',(0.823005025943,2.26261257361));
#2072 = CARTESIAN_POINT('',(0.816798477835,2.361698060945));
#2073 = CARTESIAN_POINT('',(0.810687563057,2.467054228543));
#2074 = CARTESIAN_POINT('',(0.799783907633,2.669488914045));
#2075 = CARTESIAN_POINT('',(0.794957034149,2.764473879759));
#2076 = CARTESIAN_POINT('',(0.790200448568,2.863552392536));
#2077 = CARTESIAN_POINT('',(0.785517144126,2.966678531906));
#2078 = CARTESIAN_POINT('',(0.776905420388,3.16689266208));
#2079 = CARTESIAN_POINT('',(0.772958373866,3.263006512026));
#2080 = CARTESIAN_POINT('',(0.769070780025,3.362090022073));
#2081 = CARTESIAN_POINT('',(0.765244449638,3.464092685919));
#2082 = CARTESIAN_POINT('',(0.758090220874,3.663438367168));
#2083 = CARTESIAN_POINT('',(0.754750469883,3.760243459346));
#2084 = CARTESIAN_POINT('',(0.75146310803,3.859326196976));
#2085 = CARTESIAN_POINT('',(0.748229314912,3.960637117577));
#2086 = CARTESIAN_POINT('',(0.742097345342,4.16023949643));
#2087 = CARTESIAN_POINT('',(0.739191662195,4.258232683488));
#2088 = CARTESIAN_POINT('',(0.736334024866,4.358056431442));
#2089 = CARTESIAN_POINT('',(0.733525246968,4.459662778151));
#2090 = CARTESIAN_POINT('',(0.730766073645,4.563));
#2091 = ( GEOMETRIC_REPRESENTATION_CONTEXT(2) 
PARAMETRIC_REPRESENTATION_CONTEXT() REPRESENTATION_CONTEXT('2D SPACE',''
  ) );
#2092 = PCURVE('',#2093,#2127);
#2093 = ( BOUNDED_SURFACE() B_SPLINE_SURFACE(2,4,(
    (#2094,#2095,#2096,#2097,#2098,#2099,#2100,#2101,#2102,#2103,#2104)
    ,(#2105,#2106,#2107,#2108,#2109,#2110,#2111,#2112,#2113,#2114,#2115)
    ,(#2116,#2117,#2118,#2119,#2120,#2121,#2122,#2123,#2124,#2125,#2126
)),.UNSPECIFIED.,.F.,.F.,.F.) B_SPLINE_SURFACE_WITH_KNOTS((3,3),(5,3,3,5
    ),(0.,95.),(-4.976156096182,-4.614017505043E-14,95.,100.01801006132)
,.UNSPECIFIED.) GEOMETRIC_REPRESENTATION_ITEM() 
RATIONAL_B_SPLINE_SURFACE((
    (1.,1.,1.,1.,1.,1.,1.,1.,1.,1.,1.)
    ,(0.667474235911,0.667768543443,0.667866645954,0.667768543443
      ,0.661855598751,0.65619515057,0.650501071236,0.644479974902
      ,0.644379279964,0.644479974902,0.644782059716)
,(1.,1.,1.,1.,1.,1.,1.,1.,1.,1.,1.
  ))) REPRESENTATION_ITEM('') SURFACE() );
#2094 = CARTESIAN_POINT('',(52.518228891475,31.666228067138,
    968.64569787309));
#2095 = CARTESIAN_POINT('',(51.253153469783,31.666228067138,
    968.65614497204));
#2096 = CARTESIAN_POINT('',(49.99509018064,31.666228067138,
    968.66653416422));
#2097 = CARTESIAN_POINT('',(48.744039024046,31.666228067138,
    968.67686544962));
#2098 = CARTESIAN_POINT('',(23.75,31.666228067138,968.88326832059));
#2099 = CARTESIAN_POINT('',(7.105427357601E-15,31.666228067138,
    969.08307359659));
#2100 = CARTESIAN_POINT('',(-23.75,31.666228067138,969.28654149878));
#2101 = CARTESIAN_POINT('',(-48.75450251533,31.666228067138,
    969.50457797086));
#2102 = CARTESIAN_POINT('',(-50.00903822381,31.666228067138,
    969.51551738227));
#2103 = CARTESIAN_POINT('',(-51.26360712543,31.666228067138,
    969.52645708311));
#2104 = CARTESIAN_POINT('',(-52.5182092202,31.666228067138,
    969.5373970734));
#2105 = CARTESIAN_POINT('',(52.518399775332,31.666228067138,
    955.30146502092));
#2106 = CARTESIAN_POINT('',(51.251584736036,31.666228067138,
    955.30108595369));
#2107 = CARTESIAN_POINT('',(49.993652635652,31.666228067138,
    955.30070954448));
#2108 = CARTESIAN_POINT('',(48.743490735183,31.666228067138,
    955.30033546033));
#2109 = CARTESIAN_POINT('',(23.548381047457,31.666228067138,
    955.292796364));
#2110 = CARTESIAN_POINT('',(-0.27417699207,31.666228067138,
    955.28509259456));
#2111 = CARTESIAN_POINT('',(-23.9588029207,31.666228067138,
    955.27684608029));
#2112 = CARTESIAN_POINT('',(-48.75509053384,31.666228067138,
    955.26759227577));
#2113 = CARTESIAN_POINT('',(-50.01063829719,31.666228067138,
    955.26712371395));
#2114 = CARTESIAN_POINT('',(-51.26546648745,31.666228067138,
    955.26665542068));
#2115 = CARTESIAN_POINT('',(-52.51839965053,31.666228067138,
    955.26618783461));
#2116 = CARTESIAN_POINT('',(52.518048605793,44.93566900899,
    956.71297194106));
#2117 = CARTESIAN_POINT('',(51.253063326942,44.945257021432,
    956.72446922654));
#2118 = CARTESIAN_POINT('',(49.995060133026,44.954792112849,
    956.73590305276));
#2119 = CARTESIAN_POINT('',(48.744039024046,44.964274283242,
    956.74727341973));
#2120 = CARTESIAN_POINT('',(23.75,45.153717718788,956.97444096599));
#2121 = CARTESIAN_POINT('',(2.13162820728E-14,45.333051131753,
    957.19756847736));
#2122 = CARTESIAN_POINT('',(-23.75,45.511373589054,957.42788715213));
#2123 = CARTESIAN_POINT('',(-48.75450251533,45.697723744065,
    957.67778147814));
#2124 = CARTESIAN_POINT('',(-50.00900503066,45.707073129763,
    957.69031894255));
#2125 = CARTESIAN_POINT('',(-51.26350754599,45.71642251546,
    957.70285640697));
#2126 = CARTESIAN_POINT('',(-52.51801006132,45.725771901158,
    957.71539387139));
#2127 = DEFINITIONAL_REPRESENTATION('',(#2128),#2163);
#2128 = B_SPLINE_CURVE_WITH_KNOTS('',5,(#2129,#2130,#2131,#2132,#2133,
    #2134,#2135,#2136,#2137,#2138,#2139,#2140,#2141,#2142,#2143,#2144,
    #2145,#2146,#2147,#2148,#2149,#2150,#2151,#2152,#2153,#2154,#2155,
    #2156,#2157,#2158,#2159,#2160,#2161,#2162),.UNSPECIFIED.,.F.,.F.,(6,
    4,4,4,4,4,4,4,6),(0.,0.21344354142,0.424053043643,0.584136136026,
    0.694959848085,0.785212261727,0.863661326983,0.934346180344,1.),
  .UNSPECIFIED.);
#2129 = CARTESIAN_POINT('',(95.,19.75214528444));
#2130 = CARTESIAN_POINT('',(92.941765887898,19.116150423943));
#2131 = CARTESIAN_POINT('',(90.878829732613,18.489469237042));
#2132 = CARTESIAN_POINT('',(88.810891007939,17.872999824021));
#2133 = CARTESIAN_POINT('',(86.737646049025,17.267848886742));
#2134 = CARTESIAN_POINT('',(82.607659194298,16.090450816126));
#2135 = CARTESIAN_POINT('',(80.551065383114,15.517873985066));
#2136 = CARTESIAN_POINT('',(78.48884913475,14.958639233682));
#2137 = CARTESIAN_POINT('',(76.420861290918,14.413992364231));
#2138 = CARTESIAN_POINT('',(72.770836782897,13.48316102142));
#2139 = CARTESIAN_POINT('',(71.191238248029,13.090306985731));
#2140 = CARTESIAN_POINT('',(69.608299991072,12.70710752754));
#2141 = CARTESIAN_POINT('',(68.022056772726,12.334075281053));
#2142 = CARTESIAN_POINT('',(65.332230610501,11.720783649882));
#2143 = CARTESIAN_POINT('',(64.230321963133,11.474989327682));
#2144 = CARTESIAN_POINT('',(63.126898992084,11.234441707586));
#2145 = CARTESIAN_POINT('',(62.021997120198,10.999280815925));
#2146 = CARTESIAN_POINT('',(60.014685549561,10.582606424869));
#2147 = CARTESIAN_POINT('',(59.11275838318,10.399237235685));
#2148 = CARTESIAN_POINT('',(58.209903771541,10.219588428442));
#2149 = CARTESIAN_POINT('',(57.306147902161,10.043717992948));
#2150 = CARTESIAN_POINT('',(55.615199190153,9.722132769314));
#2151 = CARTESIAN_POINT('',(54.828219562283,9.575482148736));
#2152 = CARTESIAN_POINT('',(54.040598932697,9.431755915869));
#2153 = CARTESIAN_POINT('',(53.25235641299,9.290981001936));
#2154 = CARTESIAN_POINT('',(51.752739831913,9.029015214905));
#2155 = CARTESIAN_POINT('',(51.041478997912,8.907264993789));
#2156 = CARTESIAN_POINT('',(50.329743397745,8.787943880662));
#2157 = CARTESIAN_POINT('',(49.617547182279,8.671063787979));
#2158 = CARTESIAN_POINT('',(48.242984262489,8.450346640153));
#2159 = CARTESIAN_POINT('',(47.58067881513,8.346173346185));
#2160 = CARTESIAN_POINT('',(46.917999200834,8.244119508498));
#2161 = CARTESIAN_POINT('',(46.254956209969,8.144188863379));
#2162 = CARTESIAN_POINT('',(45.591560227907,8.046382365056));
#2163 = ( GEOMETRIC_REPRESENTATION_CONTEXT(2) 
PARAMETRIC_REPRESENTATION_CONTEXT() REPRESENTATION_CONTEXT('2D SPACE',''
  ) );
#2164 = ORIENTED_EDGE('',*,*,#2165,.F.);
#2165 = EDGE_CURVE('',#1171,#2016,#2166,.T.);
#2166 = SURFACE_CURVE('',#2167,(#2172,#2179),.PCURVE_S1.);
#2167 = CIRCLE('',#2168,52.981819972133);
#2168 = AXIS2_PLACEMENT_3D('',#2169,#2170,#2171);
#2169 = CARTESIAN_POINT('',(0.,0.,960.091));
#2170 = DIRECTION('',(0.,0.,1.));
#2171 = DIRECTION('',(1.,0.,0.));
#2172 = PCURVE('',#893,#2173);
#2173 = DEFINITIONAL_REPRESENTATION('',(#2174),#2178);
#2174 = LINE('',#2175,#2176);
#2175 = CARTESIAN_POINT('',(0.,4.563));
#2176 = VECTOR('',#2177,1.);
#2177 = DIRECTION('',(1.,0.));
#2178 = ( GEOMETRIC_REPRESENTATION_CONTEXT(2) 
PARAMETRIC_REPRESENTATION_CONTEXT() REPRESENTATION_CONTEXT('2D SPACE',''
  ) );
#2179 = PCURVE('',#1190,#2180);
#2180 = DEFINITIONAL_REPRESENTATION('',(#2181),#2185);
#2181 = LINE('',#2182,#2183);
#2182 = CARTESIAN_POINT('',(0.,0.));
#2183 = VECTOR('',#2184,1.);
#2184 = DIRECTION('',(1.,0.));
#2185 = ( GEOMETRIC_REPRESENTATION_CONTEXT(2) 
PARAMETRIC_REPRESENTATION_CONTEXT() REPRESENTATION_CONTEXT('2D SPACE',''
  ) );
#2186 = ADVANCED_FACE('',(#2187),#1190,.T.);
#2187 = FACE_BOUND('',#2188,.T.);
#2188 = EDGE_LOOP('',(#2189,#2190,#2191,#2259,#2331));
#2189 = ORIENTED_EDGE('',*,*,#1170,.T.);
#2190 = ORIENTED_EDGE('',*,*,#2165,.T.);
#2191 = ORIENTED_EDGE('',*,*,#2192,.T.);
#2192 = EDGE_CURVE('',#2016,#2193,#2195,.T.);
#2193 = VERTEX_POINT('',#2194);
#2194 = CARTESIAN_POINT('',(40.537414013581,34.119125607704,
    961.47475939268));
#2195 = SURFACE_CURVE('',#2196,(#2215,#2237),.PCURVE_S1.);
#2196 = B_SPLINE_CURVE_WITH_KNOTS('',5,(#2197,#2198,#2199,#2200,#2201,
    #2202,#2203,#2204,#2205,#2206,#2207,#2208,#2209,#2210,#2211,#2212,
    #2213,#2214),.UNSPECIFIED.,.F.,.F.,(6,4,4,4,6),(0.,0.188121067584,
    0.392270454486,0.692629263754,1.),.UNSPECIFIED.);
#2197 = CARTESIAN_POINT('',(39.453617561845,35.362201696772,960.091));
#2198 = CARTESIAN_POINT('',(39.590659985798,35.209782504128,
    960.23597052225));
#2199 = CARTESIAN_POINT('',(39.723519350336,35.060556358472,
    960.38434766741));
#2200 = CARTESIAN_POINT('',(39.852193270603,34.914676065043,
    960.53598821987));
#2201 = CARTESIAN_POINT('',(39.976689570287,34.772279950479,
    960.690737142));
#2202 = CARTESIAN_POINT('',(40.227615939412,34.482878731775,
    961.01955357005));
#2203 = CARTESIAN_POINT('',(40.353306851815,34.336514370029,
    961.19414418496));
#2204 = CARTESIAN_POINT('',(40.474122227531,34.194556879011,
    961.37198594783));
#2205 = CARTESIAN_POINT('',(40.590097666413,34.057141381662,
    961.5528543936));
#2206 = CARTESIAN_POINT('',(40.864862065031,33.729052255942,
    962.00672697199));
#2207 = CARTESIAN_POINT('',(41.018069974209,33.543798639064,
    962.28298264569));
#2208 = CARTESIAN_POINT('',(41.161056133518,33.3689756427,
    962.56453475314));
#2209 = CARTESIAN_POINT('',(41.294024902558,33.204825740908,
    962.85060051357));
#2210 = CARTESIAN_POINT('',(41.543281545342,32.894552625493,
    963.43696327888));
#2211 = CARTESIAN_POINT('',(41.659107570679,32.748939661183,
    963.73743674355));
#2212 = CARTESIAN_POINT('',(41.764949732018,32.614780318534,
    964.04098287442));
#2213 = CARTESIAN_POINT('',(41.861102376026,32.492091572468,
    964.34676847639));
#2214 = CARTESIAN_POINT('',(41.947879592978,32.380784492415,964.654));
#2215 = PCURVE('',#1190,#2216);
#2216 = DEFINITIONAL_REPRESENTATION('',(#2217),#2236);
#2217 = B_SPLINE_CURVE_WITH_KNOTS('',5,(#2218,#2219,#2220,#2221,#2222,
    #2223,#2224,#2225,#2226,#2227,#2228,#2229,#2230,#2231,#2232,#2233,
    #2234,#2235),.UNSPECIFIED.,.F.,.F.,(6,4,4,4,6),(0.,0.188121067584,
    0.392270454486,0.692629263754,1.),.UNSPECIFIED.);
#2218 = CARTESIAN_POINT('',(0.730766073645,0.));
#2219 = CARTESIAN_POINT('',(0.726897414221,0.14497052225));
#2220 = CARTESIAN_POINT('',(0.723126387583,0.293347667413));
#2221 = CARTESIAN_POINT('',(0.719455051909,0.444988219874));
#2222 = CARTESIAN_POINT('',(0.715885166109,0.599737142001));
#2223 = CARTESIAN_POINT('',(0.708655819722,0.92855357005));
#2224 = CARTESIAN_POINT('',(0.705014639457,1.103144184961));
#2225 = CARTESIAN_POINT('',(0.701496510601,1.280985947832));
#2226 = CARTESIAN_POINT('',(0.698102850181,1.461854393601));
#2227 = CARTESIAN_POINT('',(0.690026198329,1.915726971994));
#2228 = CARTESIAN_POINT('',(0.685489295553,2.191982645694));
#2229 = CARTESIAN_POINT('',(0.681227021929,2.473534753145));
#2230 = CARTESIAN_POINT('',(0.677240336109,2.759600513571));
#2231 = CARTESIAN_POINT('',(0.669729454159,3.345963278888));
#2232 = CARTESIAN_POINT('',(0.66621822643,3.646436743552));
#2233 = CARTESIAN_POINT('',(0.662993461884,3.949982874424));
#2234 = CARTESIAN_POINT('',(0.66005191687,4.255768476395));
#2235 = CARTESIAN_POINT('',(0.657388584248,4.563));
#2236 = ( GEOMETRIC_REPRESENTATION_CONTEXT(2) 
PARAMETRIC_REPRESENTATION_CONTEXT() REPRESENTATION_CONTEXT('2D SPACE',''
  ) );
#2237 = PCURVE('',#2093,#2238);
#2238 = DEFINITIONAL_REPRESENTATION('',(#2239),#2258);
#2239 = B_SPLINE_CURVE_WITH_KNOTS('',5,(#2240,#2241,#2242,#2243,#2244,
    #2245,#2246,#2247,#2248,#2249,#2250,#2251,#2252,#2253,#2254,#2255,
    #2256,#2257),.UNSPECIFIED.,.F.,.F.,(6,4,4,4,6),(0.,0.188121067584,
    0.392270454486,0.692629263754,1.),.UNSPECIFIED.);
#2240 = CARTESIAN_POINT('',(45.591560227907,8.046382365056));
#2241 = CARTESIAN_POINT('',(44.660896382948,7.909339943246));
#2242 = CARTESIAN_POINT('',(43.729538413594,7.77648058085));
#2243 = CARTESIAN_POINT('',(42.797515139714,7.647806662715));
#2244 = CARTESIAN_POINT('',(41.864852801537,7.523310365143));
#2245 = CARTESIAN_POINT('',(39.918780048104,7.272384000367));
#2246 = CARTESIAN_POINT('',(38.9052601149,7.146693090196));
#2247 = CARTESIAN_POINT('',(37.89104531768,7.025877716672));
#2248 = CARTESIAN_POINT('',(36.876161194886,6.909902279937));
#2249 = CARTESIAN_POINT('',(34.366506663255,6.635137886501));
#2250 = CARTESIAN_POINT('',(32.870980541535,6.481929980299));
#2251 = CARTESIAN_POINT('',(31.374118306509,6.338943823846));
#2252 = CARTESIAN_POINT('',(29.87596148453,6.205975057537));
#2253 = CARTESIAN_POINT('',(26.842106173397,5.956718420037));
#2254 = CARTESIAN_POINT('',(25.306347184338,5.840892397245));
#2255 = CARTESIAN_POINT('',(23.769285103831,5.735050238329));
#2256 = CARTESIAN_POINT('',(22.230925253937,5.63889759663));
#2257 = CARTESIAN_POINT('',(20.691262460574,5.552120381886));
#2258 = ( GEOMETRIC_REPRESENTATION_CONTEXT(2) 
PARAMETRIC_REPRESENTATION_CONTEXT() REPRESENTATION_CONTEXT('2D SPACE',''
  ) );
#2259 = ORIENTED_EDGE('',*,*,#2260,.T.);
#2260 = EDGE_CURVE('',#2193,#2261,#2263,.T.);
#2261 = VERTEX_POINT('',#2262);
#2262 = CARTESIAN_POINT('',(40.555700091076,34.108283404677,964.654));
#2263 = SURFACE_CURVE('',#2264,(#2273,#2285),.PCURVE_S1.);
#2264 = B_SPLINE_CURVE_WITH_KNOTS('',4,(#2265,#2266,#2267,#2268,#2269,
    #2270,#2271,#2272),.UNSPECIFIED.,.F.,.F.,(5,3,5),(0.,0.31342132232,
    1.),.UNSPECIFIED.);
#2265 = CARTESIAN_POINT('',(40.529439637552,34.123859251638,960.091));
#2266 = CARTESIAN_POINT('',(40.531501262401,34.12263502966,
    960.44853531474));
#2267 = CARTESIAN_POINT('',(40.533562054668,34.121411596263,
    960.80607064187));
#2268 = CARTESIAN_POINT('',(40.535622014971,34.12018895118,
    961.16360598121));
#2269 = CARTESIAN_POINT('',(40.54219185823,34.116290502196,
    962.30435591166));
#2270 = CARTESIAN_POINT('',(40.546698583168,34.11361769185,
    963.08757054934));
#2271 = CARTESIAN_POINT('',(40.551201325272,34.110948660295,
    963.87078524555));
#2272 = CARTESIAN_POINT('',(40.555700091077,34.108283404677,964.654));
#2273 = PCURVE('',#1190,#2274);
#2274 = DEFINITIONAL_REPRESENTATION('',(#2275),#2284);
#2275 = B_SPLINE_CURVE_WITH_KNOTS('',4,(#2276,#2277,#2278,#2279,#2280,
    #2281,#2282,#2283),.UNSPECIFIED.,.F.,.F.,(5,3,5),(0.,0.31342132232,
    1.),.UNSPECIFIED.);
#2276 = CARTESIAN_POINT('',(0.699803428425,0.));
#2277 = CARTESIAN_POINT('',(0.699760690806,0.357535314743));
#2278 = CARTESIAN_POINT('',(0.69971797639,0.715070641876));
#2279 = CARTESIAN_POINT('',(0.699675285164,1.072605981216));
#2280 = CARTESIAN_POINT('',(0.699539148766,2.213355911668));
#2281 = CARTESIAN_POINT('',(0.699445791631,2.99657054934));
#2282 = CARTESIAN_POINT('',(0.699352545568,3.779785245551));
#2283 = CARTESIAN_POINT('',(0.699259410431,4.563));
#2284 = ( GEOMETRIC_REPRESENTATION_CONTEXT(2) 
PARAMETRIC_REPRESENTATION_CONTEXT() REPRESENTATION_CONTEXT('2D SPACE',''
  ) );
#2285 = PCURVE('',#2286,#2320);
#2286 = ( BOUNDED_SURFACE() B_SPLINE_SURFACE(2,4,(
    (#2287,#2288,#2289,#2290,#2291,#2292,#2293,#2294,#2295,#2296,#2297)
    ,(#2298,#2299,#2300,#2301,#2302,#2303,#2304,#2305,#2306,#2307,#2308)
    ,(#2309,#2310,#2311,#2312,#2313,#2314,#2315,#2316,#2317,#2318,#2319
)),.UNSPECIFIED.,.F.,.F.,.F.) B_SPLINE_SURFACE_WITH_KNOTS((3,3),(5,3,3,5
    ),(0.,115.),(-5.5645036539,8.291249637397E-13,115.,120.62979427302),
.UNSPECIFIED.) GEOMETRIC_REPRESENTATION_ITEM() RATIONAL_B_SPLINE_SURFACE
((
    (1.,1.,1.,1.,1.,1.,1.,1.,1.,1.,1.)
    ,(0.6744893841,0.674871349748,0.674998671631,0.674871349748
      ,0.666595409678,0.658611948378,0.650561852821,0.642073750252
      ,0.641941703628,0.642073750252,0.642469890123)
,(1.,1.,1.,1.,1.,1.,1.,1.,1.,1.,1.
  ))) REPRESENTATION_ITEM('') SURFACE() );
#2287 = CARTESIAN_POINT('',(34.396840210704,31.666228067138,
    1.075910144605E+03));
#2288 = CARTESIAN_POINT('',(34.383277088985,31.666228067138,
    1.074486198216E+03));
#2289 = CARTESIAN_POINT('',(34.369818172524,31.666228067138,
    1.073073191986E+03));
#2290 = CARTESIAN_POINT('',(34.356463461323,31.666228067138,
    1.071671125913E+03));
#2291 = CARTESIAN_POINT('',(34.069368551976,31.666228067138,1.04153E+03)
  );
#2292 = CARTESIAN_POINT('',(33.788154407457,31.666228067138,1.01278E+03)
  );
#2293 = CARTESIAN_POINT('',(33.499599134162,31.666228067138,984.03));
#2294 = CARTESIAN_POINT('',(33.189330848641,31.666228067138,
    953.87255143174));
#2295 = CARTESIAN_POINT('',(33.174850095463,31.666228067138,
    952.46505156926));
#2296 = CARTESIAN_POINT('',(33.160368814555,31.666228067138,
    951.05750041256));
#2297 = CARTESIAN_POINT('',(33.145887005918,31.666228067138,
    949.64989796164));
#2298 = CARTESIAN_POINT('',(47.476603714024,31.666228067138,
    1.075910399772E+03));
#2299 = CARTESIAN_POINT('',(47.47701009519,31.666228067138,
    1.074483945091E+03));
#2300 = CARTESIAN_POINT('',(47.477412591439,31.666228067138,
    1.073071127014E+03));
#2301 = CARTESIAN_POINT('',(47.477811660582,31.666228067138,
    1.07167033856E+03));
#2302 = CARTESIAN_POINT('',(47.486495304223,31.666228067138,
    1.041189535962E+03));
#2303 = CARTESIAN_POINT('',(47.495700024222,31.666228067138,
    1.012312705127E+03));
#2304 = CARTESIAN_POINT('',(47.505841039118,31.666228067138,
    983.67239537478));
#2305 = CARTESIAN_POINT('',(47.517452599426,31.666228067138,
    953.87168307901));
#2306 = CARTESIAN_POINT('',(47.51800160163,31.666228067138,
    952.46268581361));
#2307 = CARTESIAN_POINT('',(47.518550191651,31.666228067138,
    951.05474640052));
#2308 = CARTESIAN_POINT('',(47.519097693236,31.666228067138,
    949.6496004274));
#2309 = CARTESIAN_POINT('',(46.352528816424,44.697719329815,
    1.075909877233E+03));
#2310 = CARTESIAN_POINT('',(46.337821564297,44.710376222131,
    1.07448606453E+03));
#2311 = CARTESIAN_POINT('',(46.323226858073,44.722936258736,
    1.073073147423E+03));
#2312 = CARTESIAN_POINT('',(46.30874469775,44.73539943963,
    1.071671125913E+03));
#2313 = CARTESIAN_POINT('',(45.997402386181,45.003337058227,1.04153E+03)
  );
#2314 = CARTESIAN_POINT('',(45.685811512038,45.257817784049,1.01278E+03)
  );
#2315 = CARTESIAN_POINT('',(45.359774743996,45.510262199483,984.03));
#2316 = CARTESIAN_POINT('',(45.003127087036,45.772023015088,
    953.87255143174));
#2317 = CARTESIAN_POINT('',(44.98648233564,45.784239396203,
    952.46510286349));
#2318 = CARTESIAN_POINT('',(44.969837584244,45.796455777317,
    951.05765429523));
#2319 = CARTESIAN_POINT('',(44.953192832848,45.808672158431,
    949.65020572698));
#2320 = DEFINITIONAL_REPRESENTATION('',(#2321),#2330);
#2321 = B_SPLINE_CURVE_WITH_KNOTS('',4,(#2322,#2323,#2324,#2325,#2326,
    #2327,#2328,#2329),.UNSPECIFIED.,.F.,.F.,(5,3,5),(0.,0.31342132232,
    1.),.UNSPECIFIED.);
#2322 = CARTESIAN_POINT('',(43.866413984502,110.189000093));
#2323 = CARTESIAN_POINT('',(43.86177025539,109.83146479085));
#2324 = CARTESIAN_POINT('',(43.857128728186,109.47392947738));
#2325 = CARTESIAN_POINT('',(43.852489404848,109.11639415223));
#2326 = CARTESIAN_POINT('',(43.837694248359,107.97564426962));
#2327 = CARTESIAN_POINT('',(43.827546794479,107.19242966817));
#2328 = CARTESIAN_POINT('',(43.817409946289,106.40921501066));
#2329 = CARTESIAN_POINT('',(43.807283724362,105.62600029653));
#2330 = ( GEOMETRIC_REPRESENTATION_CONTEXT(2) 
PARAMETRIC_REPRESENTATION_CONTEXT() REPRESENTATION_CONTEXT('2D SPACE',''
  ) );
#2331 = ORIENTED_EDGE('',*,*,#2332,.F.);
#2332 = EDGE_CURVE('',#1137,#2261,#2333,.T.);
#2333 = SURFACE_CURVE('',#2334,(#2339,#2346),.PCURVE_S1.);
#2334 = CIRCLE('',#2335,52.991884347427);
#2335 = AXIS2_PLACEMENT_3D('',#2336,#2337,#2338);
#2336 = CARTESIAN_POINT('',(0.,0.,964.654));
#2337 = DIRECTION('',(0.,0.,1.));
#2338 = DIRECTION('',(1.,0.,0.));
#2339 = PCURVE('',#1190,#2340);
#2340 = DEFINITIONAL_REPRESENTATION('',(#2341),#2345);
#2341 = LINE('',#2342,#2343);
#2342 = CARTESIAN_POINT('',(0.,4.563));
#2343 = VECTOR('',#2344,1.);
#2344 = DIRECTION('',(1.,0.));
#2345 = ( GEOMETRIC_REPRESENTATION_CONTEXT(2) 
PARAMETRIC_REPRESENTATION_CONTEXT() REPRESENTATION_CONTEXT('2D SPACE',''
  ) );
#2346 = PCURVE('',#1156,#2347);
#2347 = DEFINITIONAL_REPRESENTATION('',(#2348),#2352);
#2348 = LINE('',#2349,#2350);
#2349 = CARTESIAN_POINT('',(0.,0.));
#2350 = VECTOR('',#2351,1.);
#2351 = DIRECTION('',(1.,0.));
#2352 = ( GEOMETRIC_REPRESENTATION_CONTEXT(2) 
PARAMETRIC_REPRESENTATION_CONTEXT() REPRESENTATION_CONTEXT('2D SPACE',''
  ) );
#2353 = ADVANCED_FACE('',(#2354),#1156,.T.);
#2354 = FACE_BOUND('',#2355,.T.);
#2355 = EDGE_LOOP('',(#2356,#2357,#2358,#2387));
#2356 = ORIENTED_EDGE('',*,*,#1136,.T.);
#2357 = ORIENTED_EDGE('',*,*,#2332,.T.);
#2358 = ORIENTED_EDGE('',*,*,#2359,.T.);
#2359 = EDGE_CURVE('',#2261,#2360,#2362,.T.);
#2360 = VERTEX_POINT('',#2361);
#2361 = CARTESIAN_POINT('',(40.578674249053,34.090397344176,969.217));
#2362 = SURFACE_CURVE('',#2363,(#2369,#2378),.PCURVE_S1.);
#2363 = B_SPLINE_CURVE_WITH_KNOTS('',4,(#2364,#2365,#2366,#2367,#2368),
  .UNSPECIFIED.,.F.,.F.,(5,5),(0.,1.),.PIECEWISE_BEZIER_KNOTS.);
#2364 = CARTESIAN_POINT('',(40.555700091076,34.108283404677,964.654));
#2365 = CARTESIAN_POINT('',(40.561457722196,34.103798105225,
    965.79474983156));
#2366 = CARTESIAN_POINT('',(40.567205943436,34.099322002548,
    966.93549977596));
#2367 = CARTESIAN_POINT('',(40.572944777986,34.094855085861,
    968.07624983232));
#2368 = CARTESIAN_POINT('',(40.578674249053,34.090397344176,969.217));
#2369 = PCURVE('',#1156,#2370);
#2370 = DEFINITIONAL_REPRESENTATION('',(#2371),#2377);
#2371 = B_SPLINE_CURVE_WITH_KNOTS('',4,(#2372,#2373,#2374,#2375,#2376),
  .UNSPECIFIED.,.F.,.F.,(5,5),(0.,1.),.PIECEWISE_BEZIER_KNOTS.);
#2372 = CARTESIAN_POINT('',(0.699259410431,0.));
#2373 = CARTESIAN_POINT('',(0.699124699412,1.140749831567));
#2374 = CARTESIAN_POINT('',(0.69899024581,2.28149977596));
#2375 = CARTESIAN_POINT('',(0.698856049136,3.42224983232));
#2376 = CARTESIAN_POINT('',(0.698722108899,4.563));
#2377 = ( GEOMETRIC_REPRESENTATION_CONTEXT(2) 
PARAMETRIC_REPRESENTATION_CONTEXT() REPRESENTATION_CONTEXT('2D SPACE',''
  ) );
#2378 = PCURVE('',#2286,#2379);
#2379 = DEFINITIONAL_REPRESENTATION('',(#2380),#2386);
#2380 = B_SPLINE_CURVE_WITH_KNOTS('',4,(#2381,#2382,#2383,#2384,#2385),
  .UNSPECIFIED.,.F.,.F.,(5,5),(0.,1.),.PIECEWISE_BEZIER_KNOTS.);
#2381 = CARTESIAN_POINT('',(43.80728372436,105.62600029652));
#2382 = CARTESIAN_POINT('',(43.787324600954,104.48525052367));
#2383 = CARTESIAN_POINT('',(43.767379841006,103.34450064148));
#2384 = CARTESIAN_POINT('',(43.747449475565,102.20375064834));
#2385 = CARTESIAN_POINT('',(43.727533535568,101.06300054307));
#2386 = ( GEOMETRIC_REPRESENTATION_CONTEXT(2) 
PARAMETRIC_REPRESENTATION_CONTEXT() REPRESENTATION_CONTEXT('2D SPACE',''
  ) );
#2387 = ORIENTED_EDGE('',*,*,#2388,.F.);
#2388 = EDGE_CURVE('',#1100,#2360,#2389,.T.);
#2389 = SURFACE_CURVE('',#2390,(#2395,#2402),.PCURVE_S1.);
#2390 = CIRCLE('',#2391,52.99796217681);
#2391 = AXIS2_PLACEMENT_3D('',#2392,#2393,#2394);
#2392 = CARTESIAN_POINT('',(0.,0.,969.217));
#2393 = DIRECTION('',(0.,0.,1.));
#2394 = DIRECTION('',(1.,0.,0.));
#2395 = PCURVE('',#1156,#2396);
#2396 = DEFINITIONAL_REPRESENTATION('',(#2397),#2401);
#2397 = LINE('',#2398,#2399);
#2398 = CARTESIAN_POINT('',(0.,4.563));
#2399 = VECTOR('',#2400,1.);
#2400 = DIRECTION('',(1.,0.));
#2401 = ( GEOMETRIC_REPRESENTATION_CONTEXT(2) 
PARAMETRIC_REPRESENTATION_CONTEXT() REPRESENTATION_CONTEXT('2D SPACE',''
  ) );
#2402 = PCURVE('',#1119,#2403);
#2403 = DEFINITIONAL_REPRESENTATION('',(#2404),#2408);
#2404 = LINE('',#2405,#2406);
#2405 = CARTESIAN_POINT('',(0.,0.));
#2406 = VECTOR('',#2407,1.);
#2407 = DIRECTION('',(1.,0.));
#2408 = ( GEOMETRIC_REPRESENTATION_CONTEXT(2) 
PARAMETRIC_REPRESENTATION_CONTEXT() REPRESENTATION_CONTEXT('2D SPACE',''
  ) );
#2409 = ADVANCED_FACE('',(#2410),#1119,.T.);
#2410 = FACE_BOUND('',#2411,.T.);
#2411 = EDGE_LOOP('',(#2412,#2413,#2414,#2443));
#2412 = ORIENTED_EDGE('',*,*,#1099,.F.);
#2413 = ORIENTED_EDGE('',*,*,#2388,.T.);
#2414 = ORIENTED_EDGE('',*,*,#2415,.F.);
#2415 = EDGE_CURVE('',#2416,#2360,#2418,.T.);
#2416 = VERTEX_POINT('',#2417);
#2417 = CARTESIAN_POINT('',(40.598301066798,34.070191524112,973.78));
#2418 = SURFACE_CURVE('',#2419,(#2425,#2434),.PCURVE_S1.);
#2419 = B_SPLINE_CURVE_WITH_KNOTS('',4,(#2420,#2421,#2422,#2423,#2424),
  .UNSPECIFIED.,.F.,.F.,(5,5),(0.,1.),.PIECEWISE_BEZIER_KNOTS.);
#2420 = CARTESIAN_POINT('',(40.598301097285,34.070191492723,
    973.78000711072));
#2421 = CARTESIAN_POINT('',(40.593410064163,34.07522716713,
    972.63925344602));
#2422 = CARTESIAN_POINT('',(40.588508590841,34.080273363791,
    971.49849985375));
#2423 = CARTESIAN_POINT('',(40.583596651011,34.085330095731,
    970.35774633456));
#2424 = CARTESIAN_POINT('',(40.57867421837,34.090397375762,
    969.21699288927));
#2425 = PCURVE('',#1119,#2426);
#2426 = DEFINITIONAL_REPRESENTATION('',(#2427),#2433);
#2427 = B_SPLINE_CURVE_WITH_KNOTS('',4,(#2428,#2429,#2430,#2431,#2432),
  .UNSPECIFIED.,.F.,.F.,(5,5),(0.,1.),.PIECEWISE_BEZIER_KNOTS.);
#2428 = CARTESIAN_POINT('',(0.698192001729,4.563007565765));
#2429 = CARTESIAN_POINT('',(0.698324105061,3.422253787307));
#2430 = CARTESIAN_POINT('',(0.698456490486,2.281500081271));
#2431 = CARTESIAN_POINT('',(0.698589158533,1.140746448326));
#2432 = CARTESIAN_POINT('',(0.698722109728,-7.110722244799E-06));
#2433 = ( GEOMETRIC_REPRESENTATION_CONTEXT(2) 
PARAMETRIC_REPRESENTATION_CONTEXT() REPRESENTATION_CONTEXT('2D SPACE',''
  ) );
#2434 = PCURVE('',#2286,#2435);
#2435 = DEFINITIONAL_REPRESENTATION('',(#2436),#2442);
#2436 = B_SPLINE_CURVE_WITH_KNOTS('',4,(#2437,#2438,#2439,#2440,#2441),
  .UNSPECIFIED.,.F.,.F.,(5,5),(0.,1.),.PIECEWISE_BEZIER_KNOTS.);
#2437 = CARTESIAN_POINT('',(43.626733829386,96.499993670302));
#2438 = CARTESIAN_POINT('',(43.65192496082,97.640747279965));
#2439 = CARTESIAN_POINT('',(43.677121977131,98.781500813273));
#2440 = CARTESIAN_POINT('',(43.702324885438,99.922254270901));
#2441 = CARTESIAN_POINT('',(43.727533692705,101.0630076538));
#2442 = ( GEOMETRIC_REPRESENTATION_CONTEXT(2) 
PARAMETRIC_REPRESENTATION_CONTEXT() REPRESENTATION_CONTEXT('2D SPACE',''
  ) );
#2443 = ORIENTED_EDGE('',*,*,#2444,.F.);
#2444 = EDGE_CURVE('',#1074,#2416,#2445,.T.);
#2445 = SURFACE_CURVE('',#2446,(#2451,#2458),.PCURVE_S1.);
#2446 = CIRCLE('',#2447,53.);
#2447 = AXIS2_PLACEMENT_3D('',#2448,#2449,#2450);
#2448 = CARTESIAN_POINT('',(0.,0.,973.78));
#2449 = DIRECTION('',(0.,0.,1.));
#2450 = DIRECTION('',(1.,0.,0.));
#2451 = PCURVE('',#1119,#2452);
#2452 = DEFINITIONAL_REPRESENTATION('',(#2453),#2457);
#2453 = LINE('',#2454,#2455);
#2454 = CARTESIAN_POINT('',(0.,4.563000455043));
#2455 = VECTOR('',#2456,1.);
#2456 = DIRECTION('',(1.,0.));
#2457 = ( GEOMETRIC_REPRESENTATION_CONTEXT(2) 
PARAMETRIC_REPRESENTATION_CONTEXT() REPRESENTATION_CONTEXT('2D SPACE',''
  ) );
#2458 = PCURVE('',#1088,#2459);
#2459 = DEFINITIONAL_REPRESENTATION('',(#2460),#2464);
#2460 = LINE('',#2461,#2462);
#2461 = CARTESIAN_POINT('',(0.,0.));
#2462 = VECTOR('',#2463,1.);
#2463 = DIRECTION('',(1.,0.));
#2464 = ( GEOMETRIC_REPRESENTATION_CONTEXT(2) 
PARAMETRIC_REPRESENTATION_CONTEXT() REPRESENTATION_CONTEXT('2D SPACE',''
  ) );
#2465 = ADVANCED_FACE('',(#2466),#1088,.T.);
#2466 = FACE_BOUND('',#2467,.T.);
#2467 = EDGE_LOOP('',(#2468,#2469,#2470,#2502));
#2468 = ORIENTED_EDGE('',*,*,#1073,.F.);
#2469 = ORIENTED_EDGE('',*,*,#2444,.T.);
#2470 = ORIENTED_EDGE('',*,*,#2471,.F.);
#2471 = EDGE_CURVE('',#2472,#2416,#2474,.T.);
#2472 = VERTEX_POINT('',#2473);
#2473 = CARTESIAN_POINT('',(40.668852412021,33.985944793211,992.));
#2474 = SURFACE_CURVE('',#2475,(#2482,#2492),.PCURVE_S1.);
#2475 = B_SPLINE_CURVE_WITH_KNOTS('',5,(#2476,#2477,#2478,#2479,#2480,
    #2481),.UNSPECIFIED.,.F.,.F.,(6,6),(0.,1.),
  .PIECEWISE_BEZIER_KNOTS.);
#2476 = CARTESIAN_POINT('',(40.885991430144,33.724408145647,
    1.051780007111E+03));
#2477 = CARTESIAN_POINT('',(40.832110872916,33.789730567068,
    1.03617999166E+03));
#2478 = CARTESIAN_POINT('',(40.776456589659,33.856937613587,
    1.020579981747E+03));
#2479 = CARTESIAN_POINT('',(40.718973912493,33.926063143638,
    1.004979979024E+03));
#2480 = CARTESIAN_POINT('',(40.659607298753,33.997138548865,
    989.37998219963));
#2481 = CARTESIAN_POINT('',(40.598301038853,34.07019155741,
    973.77999288927));
#2482 = PCURVE('',#1088,#2483);
#2483 = DEFINITIONAL_REPRESENTATION('',(#2484),#2491);
#2484 = B_SPLINE_CURVE_WITH_KNOTS('',5,(#2485,#2486,#2487,#2488,#2489,
    #2490),.UNSPECIFIED.,.F.,.F.,(6,6),(0.,1.),
  .PIECEWISE_BEZIER_KNOTS.);
#2485 = CARTESIAN_POINT('',(0.689704936093,78.000007110722));
#2486 = CARTESIAN_POINT('',(0.691302608527,62.399991660333));
#2487 = CARTESIAN_POINT('',(0.692949007419,46.799981747404));
#2488 = CARTESIAN_POINT('',(0.69464529043,31.199979023717));
#2489 = CARTESIAN_POINT('',(0.696392592888,15.599982199638));
#2490 = CARTESIAN_POINT('',(0.698192003372,-7.110722244799E-06));
#2491 = ( GEOMETRIC_REPRESENTATION_CONTEXT(2) 
PARAMETRIC_REPRESENTATION_CONTEXT() REPRESENTATION_CONTEXT('2D SPACE',''
  ) );
#2492 = PCURVE('',#2286,#2493);
#2493 = DEFINITIONAL_REPRESENTATION('',(#2494),#2501);
#2494 = B_SPLINE_CURVE_WITH_KNOTS('',5,(#2495,#2496,#2497,#2498,#2499,
    #2500),.UNSPECIFIED.,.F.,.F.,(6,6),(0.,1.),
  .PIECEWISE_BEZIER_KNOTS.);
#2495 = CARTESIAN_POINT('',(41.723291523846,18.499992159138));
#2496 = CARTESIAN_POINT('',(42.103696956069,34.100006906153));
#2497 = CARTESIAN_POINT('',(42.484182486766,49.700016751905));
#2498 = CARTESIAN_POINT('',(42.864810987376,65.300022563676));
#2499 = CARTESIAN_POINT('',(43.245642603677,80.900019333647));
#2500 = CARTESIAN_POINT('',(43.626734161354,96.500007891726));
#2501 = ( GEOMETRIC_REPRESENTATION_CONTEXT(2) 
PARAMETRIC_REPRESENTATION_CONTEXT() REPRESENTATION_CONTEXT('2D SPACE',''
  ) );
#2502 = ORIENTED_EDGE('',*,*,#2503,.F.);
#2503 = EDGE_CURVE('',#1046,#2472,#2504,.T.);
#2504 = SURFACE_CURVE('',#2505,(#2510,#2517),.PCURVE_S1.);
#2505 = CIRCLE('',#2506,53.);
#2506 = AXIS2_PLACEMENT_3D('',#2507,#2508,#2509);
#2507 = CARTESIAN_POINT('',(0.,0.,992.));
#2508 = DIRECTION('',(0.,0.,1.));
#2509 = DIRECTION('',(1.,0.,-0.));
#2510 = PCURVE('',#1088,#2511);
#2511 = DEFINITIONAL_REPRESENTATION('',(#2512),#2516);
#2512 = LINE('',#2513,#2514);
#2513 = CARTESIAN_POINT('',(0.,18.22));
#2514 = VECTOR('',#2515,1.);
#2515 = DIRECTION('',(1.,0.));
#2516 = ( GEOMETRIC_REPRESENTATION_CONTEXT(2) 
PARAMETRIC_REPRESENTATION_CONTEXT() REPRESENTATION_CONTEXT('2D SPACE',''
  ) );
#2517 = PCURVE('',#1061,#2518);
#2518 = DEFINITIONAL_REPRESENTATION('',(#2519),#2523);
#2519 = CIRCLE('',#2520,53.);
#2520 = AXIS2_PLACEMENT_2D('',#2521,#2522);
#2521 = CARTESIAN_POINT('',(60.,-25.));
#2522 = DIRECTION('',(1.,0.));
#2523 = ( GEOMETRIC_REPRESENTATION_CONTEXT(2) 
PARAMETRIC_REPRESENTATION_CONTEXT() REPRESENTATION_CONTEXT('2D SPACE',''
  ) );
#2524 = ADVANCED_FACE('',(#2525),#1061,.T.);
#2525 = FACE_BOUND('',#2526,.T.);
#2526 = EDGE_LOOP('',(#2527,#2557,#2600,#2726,#2748,#2749,#2750,#2842));
#2527 = ORIENTED_EDGE('',*,*,#2528,.F.);
#2528 = EDGE_CURVE('',#2529,#2531,#2533,.T.);
#2529 = VERTEX_POINT('',#2530);
#2530 = CARTESIAN_POINT('',(-37.48702736836,120.,992.));
#2531 = VERTEX_POINT('',#2532);
#2532 = CARTESIAN_POINT('',(34.184762657409,120.,992.));
#2533 = SURFACE_CURVE('',#2534,(#2538,#2545),.PCURVE_S1.);
#2534 = LINE('',#2535,#2536);
#2535 = CARTESIAN_POINT('',(-60.,120.,992.));
#2536 = VECTOR('',#2537,1.);
#2537 = DIRECTION('',(1.,0.,0.));
#2538 = PCURVE('',#1061,#2539);
#2539 = DEFINITIONAL_REPRESENTATION('',(#2540),#2544);
#2540 = LINE('',#2541,#2542);
#2541 = CARTESIAN_POINT('',(0.,95.));
#2542 = VECTOR('',#2543,1.);
#2543 = DIRECTION('',(1.,0.));
#2544 = ( GEOMETRIC_REPRESENTATION_CONTEXT(2) 
PARAMETRIC_REPRESENTATION_CONTEXT() REPRESENTATION_CONTEXT('2D SPACE',''
  ) );
#2545 = PCURVE('',#2546,#2551);
#2546 = PLANE('',#2547);
#2547 = AXIS2_PLACEMENT_3D('',#2548,#2549,#2550);
#2548 = CARTESIAN_POINT('',(-60.,120.,920.));
#2549 = DIRECTION('',(0.,1.,0.));
#2550 = DIRECTION('',(0.,0.,1.));
#2551 = DEFINITIONAL_REPRESENTATION('',(#2552),#2556);
#2552 = LINE('',#2553,#2554);
#2553 = CARTESIAN_POINT('',(72.,0.));
#2554 = VECTOR('',#2555,1.);
#2555 = DIRECTION('',(0.,1.));
#2556 = ( GEOMETRIC_REPRESENTATION_CONTEXT(2) 
PARAMETRIC_REPRESENTATION_CONTEXT() REPRESENTATION_CONTEXT('2D SPACE',''
  ) );
#2557 = ORIENTED_EDGE('',*,*,#2558,.F.);
#2558 = EDGE_CURVE('',#2559,#2529,#2561,.T.);
#2559 = VERTEX_POINT('',#2560);
#2560 = CARTESIAN_POINT('',(-45.90615961968,45.073396430235,992.));
#2561 = SURFACE_CURVE('',#2562,(#2571,#2583),.PCURVE_S1.);
#2562 = B_SPLINE_CURVE_WITH_KNOTS('',7,(#2563,#2564,#2565,#2566,#2567,
    #2568,#2569,#2570),.UNSPECIFIED.,.F.,.F.,(8,8),(0.,1.),
  .PIECEWISE_BEZIER_KNOTS.);
#2563 = CARTESIAN_POINT('',(-45.94226468789,44.76767440176,992.));
#2564 = CARTESIAN_POINT('',(-44.67117479682,55.529007496092,992.));
#2565 = CARTESIAN_POINT('',(-43.41709649952,66.287316472967,992.));
#2566 = CARTESIAN_POINT('',(-42.18197772279,77.042106851392,992.));
#2567 = CARTESIAN_POINT('',(-40.96817123088,87.792441025571,992.));
#2568 = CARTESIAN_POINT('',(-39.77854855682,98.536910271055,992.));
#2569 = CARTESIAN_POINT('',(-38.61665016124,109.27359866678,992.));
#2570 = CARTESIAN_POINT('',(-37.48702736836,120.,992.));
#2571 = PCURVE('',#1061,#2572);
#2572 = DEFINITIONAL_REPRESENTATION('',(#2573),#2582);
#2573 = B_SPLINE_CURVE_WITH_KNOTS('',7,(#2574,#2575,#2576,#2577,#2578,
    #2579,#2580,#2581),.UNSPECIFIED.,.F.,.F.,(8,8),(0.,1.),
  .PIECEWISE_BEZIER_KNOTS.);
#2574 = CARTESIAN_POINT('',(14.057735312102,19.76767440176));
#2575 = CARTESIAN_POINT('',(15.328825203173,30.529007496092));
#2576 = CARTESIAN_POINT('',(16.582903500475,41.287316472967));
#2577 = CARTESIAN_POINT('',(17.818022277203,52.042106851392));
#2578 = CARTESIAN_POINT('',(19.031828769117,62.792441025571));
#2579 = CARTESIAN_POINT('',(20.221451443175,73.536910271055));
#2580 = CARTESIAN_POINT('',(21.383349838754,84.273598666781));
#2581 = CARTESIAN_POINT('',(22.512972631639,95.));
#2582 = ( GEOMETRIC_REPRESENTATION_CONTEXT(2) 
PARAMETRIC_REPRESENTATION_CONTEXT() REPRESENTATION_CONTEXT('2D SPACE',''
  ) );
#2583 = PCURVE('',#2584,#2589);
#2584 = B_SPLINE_SURFACE_WITH_KNOTS('',1,1,(
    (#2585,#2586)
    ,(#2587,#2588
    )),.UNSPECIFIED.,.F.,.F.,.F.,(2,2),(2,2),(0.,115.),(0.,1.),
  .PIECEWISE_BEZIER_KNOTS.);
#2585 = CARTESIAN_POINT('',(-47.5,31.666228067138,955.28));
#2586 = CARTESIAN_POINT('',(-28.43241741754,235.,989.70192296151));
#2587 = CARTESIAN_POINT('',(-47.5,31.666228067138,1.07028E+03));
#2588 = CARTESIAN_POINT('',(-11.95219796706,235.,1.047394230654E+03));
#2589 = DEFINITIONAL_REPRESENTATION('',(#2590),#2599);
#2590 = B_SPLINE_CURVE_WITH_KNOTS('',7,(#2591,#2592,#2593,#2594,#2595,
    #2596,#2597,#2598),.UNSPECIFIED.,.F.,.F.,(8,8),(0.,1.),
  .PIECEWISE_BEZIER_KNOTS.);
#2591 = CARTESIAN_POINT('',(35.646658583694,6.443320364385E-02));
#2592 = CARTESIAN_POINT('',(34.735784800332,0.117357678472));
#2593 = CARTESIAN_POINT('',(33.767253621028,0.170267280623));
#2594 = CARTESIAN_POINT('',(32.734536353115,0.223159578229));
#2595 = CARTESIAN_POINT('',(31.629916051149,0.276029960124));
#2596 = CARTESIAN_POINT('',(30.444105203998,0.328871498169));
#2597 = CARTESIAN_POINT('',(29.165741450303,0.381674769823));
#2598 = CARTESIAN_POINT('',(27.780239706675,0.434427449475));
#2599 = ( GEOMETRIC_REPRESENTATION_CONTEXT(2) 
PARAMETRIC_REPRESENTATION_CONTEXT() REPRESENTATION_CONTEXT('2D SPACE',''
  ) );
#2600 = ORIENTED_EDGE('',*,*,#2601,.T.);
#2601 = EDGE_CURVE('',#2559,#2602,#2604,.T.);
#2602 = VERTEX_POINT('',#2603);
#2603 = CARTESIAN_POINT('',(-40.82208693082,33.801733958628,992.));
#2604 = SURFACE_CURVE('',#2605,(#2632,#2662),.PCURVE_S1.);
#2605 = B_SPLINE_CURVE_WITH_KNOTS('',7,(#2606,#2607,#2608,#2609,#2610,
    #2611,#2612,#2613,#2614,#2615,#2616,#2617,#2618,#2619,#2620,#2621,
    #2622,#2623,#2624,#2625,#2626,#2627,#2628,#2629,#2630,#2631),
  .UNSPECIFIED.,.F.,.F.,(8,6,6,6,8),(0.,0.250652623935,0.500000001664,
    0.750347719784,1.),.UNSPECIFIED.);
#2606 = CARTESIAN_POINT('',(-45.90615961968,45.073396430235,992.));
#2607 = CARTESIAN_POINT('',(-45.9817290365,44.433404341917,992.));
#2608 = CARTESIAN_POINT('',(-46.01927707371,43.771092382061,992.));
#2609 = CARTESIAN_POINT('',(-46.01440466463,43.089652254532,992.));
#2610 = CARTESIAN_POINT('',(-45.9629558312,42.393348162901,992.));
#2611 = CARTESIAN_POINT('',(-45.86137231705,41.687597883041,992.));
#2612 = CARTESIAN_POINT('',(-45.7072186194,40.978822834994,992.));
#2613 = CARTESIAN_POINT('',(-45.29285166166,39.572798663717,992.));
#2614 = CARTESIAN_POINT('',(-45.03319109981,38.875496824834,992.));
#2615 = CARTESIAN_POINT('',(-44.71952846742,38.188927076715,992.));
#2616 = CARTESIAN_POINT('',(-44.3522738688,37.52044291781,992.));
#2617 = CARTESIAN_POINT('',(-43.93353049597,36.877457311833,992.));
#2618 = CARTESIAN_POINT('',(-43.46707653177,36.266741360307,992.));
#2619 = CARTESIAN_POINT('',(-42.44678703223,35.118889308368,992.));
#2620 = CARTESIAN_POINT('',(-41.89259710385,34.582045472945,992.));
#2621 = CARTESIAN_POINT('',(-41.3004831679,34.08917245743,992.));
#2622 = CARTESIAN_POINT('',(-40.67680758485,33.644866844252,992.));
#2623 = CARTESIAN_POINT('',(-40.02877824495,33.252109245712,992.));
#2624 = CARTESIAN_POINT('',(-39.36373907417,32.912164087062,992.));
#2625 = CARTESIAN_POINT('',(-38.01552282665,32.338299133309,992.));
#2626 = CARTESIAN_POINT('',(-37.33238973171,32.104082247937,992.));
#2627 = CARTESIAN_POINT('',(-36.6462265237,31.921982376161,992.));
#2628 = CARTESIAN_POINT('',(-35.96360635791,31.790339087249,992.));
#2629 = CARTESIAN_POINT('',(-35.29024916471,31.706282812925,992.));
#2630 = CARTESIAN_POINT('',(-34.63081667165,31.666228067138,992.));
#2631 = CARTESIAN_POINT('',(-33.98895037197,31.666228067138,992.));
#2632 = PCURVE('',#1061,#2633);
#2633 = DEFINITIONAL_REPRESENTATION('',(#2634),#2661);
#2634 = B_SPLINE_CURVE_WITH_KNOTS('',7,(#2635,#2636,#2637,#2638,#2639,
    #2640,#2641,#2642,#2643,#2644,#2645,#2646,#2647,#2648,#2649,#2650,
    #2651,#2652,#2653,#2654,#2655,#2656,#2657,#2658,#2659,#2660),
  .UNSPECIFIED.,.F.,.F.,(8,6,6,6,8),(0.,0.250652623935,0.500000001664,
    0.750347719784,1.),.UNSPECIFIED.);
#2635 = CARTESIAN_POINT('',(14.093840380316,20.073396430235));
#2636 = CARTESIAN_POINT('',(14.018270963495,19.433404341917));
#2637 = CARTESIAN_POINT('',(13.980722926287,18.771092382061));
#2638 = CARTESIAN_POINT('',(13.985595335367,18.089652254532));
#2639 = CARTESIAN_POINT('',(14.037044168793,17.393348162901));
#2640 = CARTESIAN_POINT('',(14.138627682949,16.687597883041));
#2641 = CARTESIAN_POINT('',(14.292781380598,15.978822834994));
#2642 = CARTESIAN_POINT('',(14.707148338335,14.572798663717));
#2643 = CARTESIAN_POINT('',(14.966808900188,13.875496824834));
#2644 = CARTESIAN_POINT('',(15.280471532573,13.188927076715));
#2645 = CARTESIAN_POINT('',(15.647726131197,12.52044291781));
#2646 = CARTESIAN_POINT('',(16.066469504024,11.877457311833));
#2647 = CARTESIAN_POINT('',(16.532923468221,11.266741360307));
#2648 = CARTESIAN_POINT('',(17.55321296777,10.118889308368));
#2649 = CARTESIAN_POINT('',(18.10740289615,9.582045472945));
#2650 = CARTESIAN_POINT('',(18.699516832092,9.08917245743));
#2651 = CARTESIAN_POINT('',(19.323192415144,8.644866844252));
#2652 = CARTESIAN_POINT('',(19.971221755043,8.252109245712));
#2653 = CARTESIAN_POINT('',(20.63626092583,7.912164087062));
#2654 = CARTESIAN_POINT('',(21.984477173345,7.338299133309));
#2655 = CARTESIAN_POINT('',(22.667610268281,7.104082247937));
#2656 = CARTESIAN_POINT('',(23.353773476294,6.921982376161));
#2657 = CARTESIAN_POINT('',(24.036393642084,6.790339087249));
#2658 = CARTESIAN_POINT('',(24.709750835284,6.706282812925));
#2659 = CARTESIAN_POINT('',(25.369183328344,6.666228067138));
#2660 = CARTESIAN_POINT('',(26.011049628026,6.666228067138));
#2661 = ( GEOMETRIC_REPRESENTATION_CONTEXT(2) 
PARAMETRIC_REPRESENTATION_CONTEXT() REPRESENTATION_CONTEXT('2D SPACE',''
  ) );
#2662 = PCURVE('',#2663,#2697);
#2663 = ( BOUNDED_SURFACE() B_SPLINE_SURFACE(2,4,(
    (#2664,#2665,#2666,#2667,#2668,#2669,#2670,#2671,#2672,#2673,#2674)
    ,(#2675,#2676,#2677,#2678,#2679,#2680,#2681,#2682,#2683,#2684,#2685)
    ,(#2686,#2687,#2688,#2689,#2690,#2691,#2692,#2693,#2694,#2695,#2696
)),.UNSPECIFIED.,.F.,.F.,.F.) B_SPLINE_SURFACE_WITH_KNOTS((3,3),(5,3,3,5
    ),(0.,115.),(-5.5645036539,5.267238732679E-13,115.,120.62979427302),
.UNSPECIFIED.) GEOMETRIC_REPRESENTATION_ITEM() RATIONAL_B_SPLINE_SURFACE
((
    (1.,1.,1.,1.,1.,1.,1.,1.,1.,1.,1.)
    ,(0.6744893841,0.674871349748,0.674998671631,0.674871349748
      ,0.666595409678,0.658611948378,0.650561852821,0.642073750252
      ,0.641941703628,0.642073750252,0.642469890123)
,(1.,1.,1.,1.,1.,1.,1.,1.,1.,1.,1.
  ))) REPRESENTATION_ITEM('') SURFACE() );
#2664 = CARTESIAN_POINT('',(-34.3968402107,31.666228067138,
    949.64985539462));
#2665 = CARTESIAN_POINT('',(-34.38327708898,31.666228067138,
    951.07380178383));
#2666 = CARTESIAN_POINT('',(-34.36981817252,31.666228067138,
    952.48680801447));
#2667 = CARTESIAN_POINT('',(-34.35646346132,31.666228067138,
    953.88887408652));
#2668 = CARTESIAN_POINT('',(-34.06936855197,31.666228067138,
    984.02999999999));
#2669 = CARTESIAN_POINT('',(-33.78815440745,31.666228067138,1.01278E+03)
  );
#2670 = CARTESIAN_POINT('',(-33.49959913416,31.666228067138,1.04153E+03)
  );
#2671 = CARTESIAN_POINT('',(-33.18933084864,31.666228067138,
    1.071687448568E+03));
#2672 = CARTESIAN_POINT('',(-33.17485009546,31.666228067138,
    1.073094948431E+03));
#2673 = CARTESIAN_POINT('',(-33.16036881455,31.666228067138,
    1.074502499587E+03));
#2674 = CARTESIAN_POINT('',(-33.14588700591,31.666228067138,
    1.075910102038E+03));
#2675 = CARTESIAN_POINT('',(-47.47660371402,31.666228067138,
    949.64960022848));
#2676 = CARTESIAN_POINT('',(-47.47701009519,31.666228067138,
    951.07605490926));
#2677 = CARTESIAN_POINT('',(-47.47741259143,31.666228067138,
    952.48887298649));
#2678 = CARTESIAN_POINT('',(-47.47781166058,31.666228067138,
    953.88966144001));
#2679 = CARTESIAN_POINT('',(-47.48649530422,31.666228067138,
    984.37046403762));
#2680 = CARTESIAN_POINT('',(-47.49570002422,31.666228067138,
    1.013247294873E+03));
#2681 = CARTESIAN_POINT('',(-47.50584103911,31.666228067138,
    1.041887604625E+03));
#2682 = CARTESIAN_POINT('',(-47.51745259942,31.666228067138,
    1.071688316921E+03));
#2683 = CARTESIAN_POINT('',(-47.51800160163,31.666228067138,
    1.073097314186E+03));
#2684 = CARTESIAN_POINT('',(-47.51855019165,31.666228067138,
    1.074505253599E+03));
#2685 = CARTESIAN_POINT('',(-47.51909769323,31.666228067138,
    1.075910399573E+03));
#2686 = CARTESIAN_POINT('',(-46.35252881642,44.697719329815,
    949.65012276708));
#2687 = CARTESIAN_POINT('',(-46.33782156429,44.710376222131,
    951.07393547006));
#2688 = CARTESIAN_POINT('',(-46.32322685807,44.722936258736,
    952.48685257654));
#2689 = CARTESIAN_POINT('',(-46.30874469775,44.73539943963,
    953.88887408652));
#2690 = CARTESIAN_POINT('',(-45.99740238618,45.003337058227,
    984.02999999999));
#2691 = CARTESIAN_POINT('',(-45.68581151203,45.257817784049,1.01278E+03)
  );
#2692 = CARTESIAN_POINT('',(-45.35977474399,45.510262199483,1.04153E+03)
  );
#2693 = CARTESIAN_POINT('',(-45.00312708703,45.772023015088,
    1.071687448568E+03));
#2694 = CARTESIAN_POINT('',(-44.98648233564,45.784239396203,
    1.073094897137E+03));
#2695 = CARTESIAN_POINT('',(-44.96983758424,45.796455777317,
    1.074502345705E+03));
#2696 = CARTESIAN_POINT('',(-44.95319283284,45.808672158431,
    1.075909794273E+03));
#2697 = DEFINITIONAL_REPRESENTATION('',(#2698),#2725);
#2698 = B_SPLINE_CURVE_WITH_KNOTS('',7,(#2699,#2700,#2701,#2702,#2703,
    #2704,#2705,#2706,#2707,#2708,#2709,#2710,#2711,#2712,#2713,#2714,
    #2715,#2716,#2717,#2718,#2719,#2720,#2721,#2722,#2723,#2724),
  .UNSPECIFIED.,.F.,.F.,(8,6,6,6,8),(0.,0.250652623935,0.500000001664,
    0.750347719784,1.),.UNSPECIFIED.);
#2699 = CARTESIAN_POINT('',(115.,36.72));
#2700 = CARTESIAN_POINT('',(110.8685265027,36.719999869211));
#2701 = CARTESIAN_POINT('',(106.73977607904,36.719999742112));
#2702 = CARTESIAN_POINT('',(102.61378958605,36.719999620171));
#2703 = CARTESIAN_POINT('',(98.490516370824,36.719999505002));
#2704 = CARTESIAN_POINT('',(94.36979621325,36.719999398303));
#2705 = CARTESIAN_POINT('',(90.251378505213,36.719999301728));
#2706 = CARTESIAN_POINT('',(82.040057086971,36.719999132182));
#2707 = CARTESIAN_POINT('',(77.947062214971,36.719999059089));
#2708 = CARTESIAN_POINT('',(73.855819674513,36.719998998892));
#2709 = CARTESIAN_POINT('',(69.765966113191,36.719998952835));
#2710 = CARTESIAN_POINT('',(65.677016778872,36.719998921826));
#2711 = CARTESIAN_POINT('',(61.588485507164,36.719998906323));
#2712 = CARTESIAN_POINT('',(53.395112165987,36.719998906323));
#2713 = CARTESIAN_POINT('',(49.290177739768,36.71999892195));
#2714 = CARTESIAN_POINT('',(45.184820563942,36.71999895321));
#2715 = CARTESIAN_POINT('',(41.078548339737,36.719998999631));
#2716 = CARTESIAN_POINT('',(36.970870281209,36.719999060299));
#2717 = CARTESIAN_POINT('',(32.8614195545,36.719999133944));
#2718 = CARTESIAN_POINT('',(24.650001508239,36.719999304043));
#2719 = CARTESIAN_POINT('',(20.54797430742,36.719999400434));
#2720 = CARTESIAN_POINT('',(16.443659091298,36.71999950684));
#2721 = CARTESIAN_POINT('',(12.336809559487,36.719999621632));
#2722 = CARTESIAN_POINT('',(8.22726822836,36.719999743126));
#2723 = CARTESIAN_POINT('',(4.114985092355,36.719999869733));
#2724 = CARTESIAN_POINT('',(0.,36.720000000001));
#2725 = ( GEOMETRIC_REPRESENTATION_CONTEXT(2) 
PARAMETRIC_REPRESENTATION_CONTEXT() REPRESENTATION_CONTEXT('2D SPACE',''
  ) );
#2726 = ORIENTED_EDGE('',*,*,#2727,.T.);
#2727 = EDGE_CURVE('',#2602,#1020,#2728,.T.);
#2728 = SURFACE_CURVE('',#2729,(#2734,#2741),.PCURVE_S1.);
#2729 = CIRCLE('',#2730,53.);
#2730 = AXIS2_PLACEMENT_3D('',#2731,#2732,#2733);
#2731 = CARTESIAN_POINT('',(0.,0.,992.));
#2732 = DIRECTION('',(0.,0.,1.));
#2733 = DIRECTION('',(1.,0.,-0.));
#2734 = PCURVE('',#1061,#2735);
#2735 = DEFINITIONAL_REPRESENTATION('',(#2736),#2740);
#2736 = CIRCLE('',#2737,53.);
#2737 = AXIS2_PLACEMENT_2D('',#2738,#2739);
#2738 = CARTESIAN_POINT('',(60.,-25.));
#2739 = DIRECTION('',(1.,0.));
#2740 = ( GEOMETRIC_REPRESENTATION_CONTEXT(2) 
PARAMETRIC_REPRESENTATION_CONTEXT() REPRESENTATION_CONTEXT('2D SPACE',''
  ) );
#2741 = PCURVE('',#1034,#2742);
#2742 = DEFINITIONAL_REPRESENTATION('',(#2743),#2747);
#2743 = LINE('',#2744,#2745);
#2744 = CARTESIAN_POINT('',(0.,18.22));
#2745 = VECTOR('',#2746,1.);
#2746 = DIRECTION('',(1.,0.));
#2747 = ( GEOMETRIC_REPRESENTATION_CONTEXT(2) 
PARAMETRIC_REPRESENTATION_CONTEXT() REPRESENTATION_CONTEXT('2D SPACE',''
  ) );
#2748 = ORIENTED_EDGE('',*,*,#1045,.T.);
#2749 = ORIENTED_EDGE('',*,*,#2503,.T.);
#2750 = ORIENTED_EDGE('',*,*,#2751,.F.);
#2751 = EDGE_CURVE('',#2752,#2472,#2754,.T.);
#2752 = VERTEX_POINT('',#2753);
#2753 = CARTESIAN_POINT('',(45.445426657603,45.43942345184,992.));
#2754 = SURFACE_CURVE('',#2755,(#2782,#2812),.PCURVE_S1.);
#2755 = B_SPLINE_CURVE_WITH_KNOTS('',7,(#2756,#2757,#2758,#2759,#2760,
    #2761,#2762,#2763,#2764,#2765,#2766,#2767,#2768,#2769,#2770,#2771,
    #2772,#2773,#2774,#2775,#2776,#2777,#2778,#2779,#2780,#2781),
  .UNSPECIFIED.,.F.,.F.,(8,6,6,6,8),(0.,0.250626503319,0.500000001638,
    0.750373860842,1.),.UNSPECIFIED.);
#2756 = CARTESIAN_POINT('',(45.445426657603,45.43942345184,992.));
#2757 = CARTESIAN_POINT('',(45.541956490235,44.793334567194,992.));
#2758 = CARTESIAN_POINT('',(45.600194899993,44.122758921801,992.));
#2759 = CARTESIAN_POINT('',(45.615382218208,43.430831795421,992.));
#2760 = CARTESIAN_POINT('',(45.582957999971,42.721843994059,992.));
#2761 = CARTESIAN_POINT('',(45.498938752716,42.001352807963,992.));
#2762 = CARTESIAN_POINT('',(45.360502076619,41.27604953513,992.));
#2763 = CARTESIAN_POINT('',(44.973172345733,39.834071924055,992.));
#2764 = CARTESIAN_POINT('',(44.724831023648,39.117358997346,992.));
#2765 = CARTESIAN_POINT('',(44.420051728057,38.410340400618,992.));
#2766 = CARTESIAN_POINT('',(44.059042263737,37.720830171126,992.));
#2767 = CARTESIAN_POINT('',(43.64384290514,37.056764472218,992.));
#2768 = CARTESIAN_POINT('',(43.178330011778,36.425423071641,992.));
#2769 = CARTESIAN_POINT('',(42.155157897941,35.238025739039,992.));
#2770 = CARTESIAN_POINT('',(41.597123842223,34.6822672607,992.));
#2771 = CARTESIAN_POINT('',(40.998991404168,34.171820326047,992.));
#2772 = CARTESIAN_POINT('',(40.367473340415,33.711649002997,992.));
#2773 = CARTESIAN_POINT('',(39.710215820839,33.304968239053,992.));
#2774 = CARTESIAN_POINT('',(39.0350111049,32.953132436247,992.));
#2775 = CARTESIAN_POINT('',(37.665589204126,32.359593960818,992.));
#2776 = CARTESIAN_POINT('',(36.971421813658,32.117559561363,992.));
#2777 = CARTESIAN_POINT('',(36.27411006599,31.92959319089,992.));
#2778 = CARTESIAN_POINT('',(35.580593863424,31.793898091335,992.));
#2779 = CARTESIAN_POINT('',(34.896876218974,31.70738691539,992.));
#2780 = CARTESIAN_POINT('',(34.227811670708,31.666228067138,992.));
#2781 = CARTESIAN_POINT('',(33.577158924921,31.666228067138,992.));
#2782 = PCURVE('',#1061,#2783);
#2783 = DEFINITIONAL_REPRESENTATION('',(#2784),#2811);
#2784 = B_SPLINE_CURVE_WITH_KNOTS('',7,(#2785,#2786,#2787,#2788,#2789,
    #2790,#2791,#2792,#2793,#2794,#2795,#2796,#2797,#2798,#2799,#2800,
    #2801,#2802,#2803,#2804,#2805,#2806,#2807,#2808,#2809,#2810),
  .UNSPECIFIED.,.F.,.F.,(8,6,6,6,8),(0.,0.250626503319,0.500000001638,
    0.750373860842,1.),.UNSPECIFIED.);
#2785 = CARTESIAN_POINT('',(105.4454266576,20.43942345184));
#2786 = CARTESIAN_POINT('',(105.54195649023,19.793334567194));
#2787 = CARTESIAN_POINT('',(105.60019489999,19.122758921801));
#2788 = CARTESIAN_POINT('',(105.6153822182,18.430831795421));
#2789 = CARTESIAN_POINT('',(105.58295799997,17.721843994059));
#2790 = CARTESIAN_POINT('',(105.49893875271,17.001352807963));
#2791 = CARTESIAN_POINT('',(105.36050207661,16.27604953513));
#2792 = CARTESIAN_POINT('',(104.97317234573,14.834071924055));
#2793 = CARTESIAN_POINT('',(104.72483102364,14.117358997346));
#2794 = CARTESIAN_POINT('',(104.42005172805,13.410340400618));
#2795 = CARTESIAN_POINT('',(104.05904226373,12.720830171126));
#2796 = CARTESIAN_POINT('',(103.64384290514,12.056764472218));
#2797 = CARTESIAN_POINT('',(103.17833001177,11.425423071641));
#2798 = CARTESIAN_POINT('',(102.15515789794,10.238025739039));
#2799 = CARTESIAN_POINT('',(101.59712384222,9.6822672607));
#2800 = CARTESIAN_POINT('',(100.99899140416,9.171820326047));
#2801 = CARTESIAN_POINT('',(100.36747334041,8.711649002997));
#2802 = CARTESIAN_POINT('',(99.710215820839,8.304968239053));
#2803 = CARTESIAN_POINT('',(99.0350111049,7.953132436247));
#2804 = CARTESIAN_POINT('',(97.665589204126,7.359593960818));
#2805 = CARTESIAN_POINT('',(96.971421813658,7.117559561363));
#2806 = CARTESIAN_POINT('',(96.27411006599,6.92959319089));
#2807 = CARTESIAN_POINT('',(95.580593863424,6.793898091335));
#2808 = CARTESIAN_POINT('',(94.896876218974,6.70738691539));
#2809 = CARTESIAN_POINT('',(94.227811670708,6.666228067138));
#2810 = CARTESIAN_POINT('',(93.577158924921,6.666228067138));
#2811 = ( GEOMETRIC_REPRESENTATION_CONTEXT(2) 
PARAMETRIC_REPRESENTATION_CONTEXT() REPRESENTATION_CONTEXT('2D SPACE',''
  ) );
#2812 = PCURVE('',#2286,#2813);
#2813 = DEFINITIONAL_REPRESENTATION('',(#2814),#2841);
#2814 = B_SPLINE_CURVE_WITH_KNOTS('',7,(#2815,#2816,#2817,#2818,#2819,
    #2820,#2821,#2822,#2823,#2824,#2825,#2826,#2827,#2828,#2829,#2830,
    #2831,#2832,#2833,#2834,#2835,#2836,#2837,#2838,#2839,#2840),
  .UNSPECIFIED.,.F.,.F.,(8,6,6,6,8),(0.,0.250626503319,0.500000001638,
    0.750373860842,1.),.UNSPECIFIED.);
#2815 = CARTESIAN_POINT('',(115.,78.280000000001));
#2816 = CARTESIAN_POINT('',(110.86799299638,78.280000139304));
#2817 = CARTESIAN_POINT('',(106.73887716495,78.280000274941));
#2818 = CARTESIAN_POINT('',(102.61270699035,78.280000405321));
#2819 = CARTESIAN_POINT('',(98.489439207446,78.280000528683));
#2820 = CARTESIAN_POINT('',(94.368910782354,78.280000643156));
#2821 = CARTESIAN_POINT('',(90.25085747276,78.28000074691));
#2822 = CARTESIAN_POINT('',(82.039719720498,78.280000929278));
#2823 = CARTESIAN_POINT('',(77.94653570222,78.280001008016));
#2824 = CARTESIAN_POINT('',(73.855246059584,78.28000107294));
#2825 = CARTESIAN_POINT('',(69.765461850935,78.280001122654));
#2826 = CARTESIAN_POINT('',(65.676656862423,78.280001156137));
#2827 = CARTESIAN_POINT('',(61.588302898219,78.280001172879));
#2828 = CARTESIAN_POINT('',(53.395296889506,78.280001172879));
#2829 = CARTESIAN_POINT('',(49.290541794625,78.280001156003));
#2830 = CARTESIAN_POINT('',(45.185330638226,78.28000112225));
#2831 = CARTESIAN_POINT('',(41.079128543485,78.28000107214));
#2832 = CARTESIAN_POINT('',(36.971402742233,78.280001006712));
#2833 = CARTESIAN_POINT('',(32.861760623529,78.280000927379));
#2834 = CARTESIAN_POINT('',(24.650518796758,78.280000744423));
#2835 = CARTESIAN_POINT('',(20.548853136853,78.28000064087));
#2836 = CARTESIAN_POINT('',(16.444727972248,78.280000526713));
#2837 = CARTESIAN_POINT('',(12.337883681352,78.280000403759));
#2838 = CARTESIAN_POINT('',(8.228160071555,78.280000273858));
#2839 = CARTESIAN_POINT('',(4.115514425036,78.280000138748));
#2840 = CARTESIAN_POINT('',(0.,78.280000000001));
#2841 = ( GEOMETRIC_REPRESENTATION_CONTEXT(2) 
PARAMETRIC_REPRESENTATION_CONTEXT() REPRESENTATION_CONTEXT('2D SPACE',''
  ) );
#2842 = ORIENTED_EDGE('',*,*,#2843,.T.);
#2843 = EDGE_CURVE('',#2752,#2531,#2844,.T.);
#2844 = SURFACE_CURVE('',#2845,(#2854,#2866),.PCURVE_S1.);
#2845 = B_SPLINE_CURVE_WITH_KNOTS('',7,(#2846,#2847,#2848,#2849,#2850,
    #2851,#2852,#2853),.UNSPECIFIED.,.F.,.F.,(8,8),(0.,1.),
  .PIECEWISE_BEZIER_KNOTS.);
#2846 = CARTESIAN_POINT('',(45.54578230296,44.767674401761,992.));
#2847 = CARTESIAN_POINT('',(43.939658885658,55.519402517091,992.));
#2848 = CARTESIAN_POINT('',(42.328968572035,66.270040078054,992.));
#2849 = CARTESIAN_POINT('',(40.713192405516,77.019451367766,992.));
#2850 = CARTESIAN_POINT('',(39.091717987781,87.767446186175,992.));
#2851 = CARTESIAN_POINT('',(37.463806316712,98.513771197909,992.));
#2852 = CARTESIAN_POINT('',(35.828548844353,109.25809882273,992.));
#2853 = CARTESIAN_POINT('',(34.184762657409,120.,992.));
#2854 = PCURVE('',#1061,#2855);
#2855 = DEFINITIONAL_REPRESENTATION('',(#2856),#2865);
#2856 = B_SPLINE_CURVE_WITH_KNOTS('',7,(#2857,#2858,#2859,#2860,#2861,
    #2862,#2863,#2864),.UNSPECIFIED.,.F.,.F.,(8,8),(0.,1.),
  .PIECEWISE_BEZIER_KNOTS.);
#2857 = CARTESIAN_POINT('',(105.54578230296,19.767674401761));
#2858 = CARTESIAN_POINT('',(103.93965888565,30.519402517091));
#2859 = CARTESIAN_POINT('',(102.32896857203,41.270040078054));
#2860 = CARTESIAN_POINT('',(100.71319240551,52.019451367766));
#2861 = CARTESIAN_POINT('',(99.091717987781,62.767446186175));
#2862 = CARTESIAN_POINT('',(97.463806316712,73.513771197909));
#2863 = CARTESIAN_POINT('',(95.828548844353,84.258098822731));
#2864 = CARTESIAN_POINT('',(94.184762657409,95.));
#2865 = ( GEOMETRIC_REPRESENTATION_CONTEXT(2) 
PARAMETRIC_REPRESENTATION_CONTEXT() REPRESENTATION_CONTEXT('2D SPACE',''
  ) );
#2866 = PCURVE('',#2867,#2872);
#2867 = B_SPLINE_SURFACE_WITH_KNOTS('',1,1,(
    (#2868,#2869)
    ,(#2870,#2871
    )),.UNSPECIFIED.,.F.,.F.,.F.,(2,2),(2,2),(0.,115.),(0.,1.),
  .PIECEWISE_BEZIER_KNOTS.);
#2868 = CARTESIAN_POINT('',(47.5,31.666228067138,1.07028E+03));
#2869 = CARTESIAN_POINT('',(28.43241741755,235.,1.035858077038E+03));
#2870 = CARTESIAN_POINT('',(47.5,31.666228067138,955.28));
#2871 = CARTESIAN_POINT('',(11.952197967066,235.,978.16576934617));
#2872 = DEFINITIONAL_REPRESENTATION('',(#2873),#2882);
#2873 = B_SPLINE_CURVE_WITH_KNOTS('',7,(#2874,#2875,#2876,#2877,#2878,
    #2879,#2880,#2881),.UNSPECIFIED.,.F.,.F.,(8,8),(0.,1.),
  .PIECEWISE_BEZIER_KNOTS.);
#2874 = CARTESIAN_POINT('',(78.585371445481,6.443320364385E-02));
#2875 = CARTESIAN_POINT('',(78.844288667727,0.117310440972));
#2876 = CARTESIAN_POINT('',(79.119626877883,0.17018231493));
#2877 = CARTESIAN_POINT('',(79.413257906899,0.223048158058));
#2878 = CARTESIAN_POINT('',(79.727405506254,0.275907034949));
#2879 = CARTESIAN_POINT('',(80.064764950396,0.328757699694));
#2880 = CARTESIAN_POINT('',(80.428657865291,0.381598541246));
#2881 = CARTESIAN_POINT('',(80.823410215565,0.434427449475));
#2882 = ( GEOMETRIC_REPRESENTATION_CONTEXT(2) 
PARAMETRIC_REPRESENTATION_CONTEXT() REPRESENTATION_CONTEXT('2D SPACE',''
  ) );
#2883 = ADVANCED_FACE('',(#2884),#1034,.T.);
#2884 = FACE_BOUND('',#2885,.T.);
#2885 = EDGE_LOOP('',(#2886,#2918,#2940,#2941));
#2886 = ORIENTED_EDGE('',*,*,#2887,.F.);
#2887 = EDGE_CURVE('',#2888,#2602,#2890,.T.);
#2888 = VERTEX_POINT('',#2889);
#2889 = CARTESIAN_POINT('',(-40.88599140558,33.724408175422,973.78));
#2890 = SURFACE_CURVE('',#2891,(#2898,#2908),.PCURVE_S1.);
#2891 = B_SPLINE_CURVE_WITH_KNOTS('',5,(#2892,#2893,#2894,#2895,#2896,
    #2897),.UNSPECIFIED.,.F.,.F.,(6,6),(0.,1.),
  .PIECEWISE_BEZIER_KNOTS.);
#2892 = CARTESIAN_POINT('',(-40.88599143014,33.724408145647,
    973.77999288927));
#2893 = CARTESIAN_POINT('',(-40.83211087291,33.789730567068,
    989.38000833966));
#2894 = CARTESIAN_POINT('',(-40.77645658965,33.856937613587,
    1.004980018253E+03));
#2895 = CARTESIAN_POINT('',(-40.71897391249,33.926063143638,
    1.020580020976E+03));
#2896 = CARTESIAN_POINT('',(-40.65960729875,33.997138548865,
    1.0361800178E+03));
#2897 = CARTESIAN_POINT('',(-40.59830103885,34.07019155741,
    1.051780007111E+03));
#2898 = PCURVE('',#1034,#2899);
#2899 = DEFINITIONAL_REPRESENTATION('',(#2900),#2907);
#2900 = B_SPLINE_CURVE_WITH_KNOTS('',5,(#2901,#2902,#2903,#2904,#2905,
    #2906),.UNSPECIFIED.,.F.,.F.,(6,6),(0.,1.),
  .PIECEWISE_BEZIER_KNOTS.);
#2901 = CARTESIAN_POINT('',(2.451887717497,-7.110721286425E-06));
#2902 = CARTESIAN_POINT('',(2.450290045063,15.600008339667));
#2903 = CARTESIAN_POINT('',(2.448643646171,31.200018252598));
#2904 = CARTESIAN_POINT('',(2.44694736316,46.800020976281));
#2905 = CARTESIAN_POINT('',(2.445200060702,62.400017800362));
#2906 = CARTESIAN_POINT('',(2.443400650217,78.000007110721));
#2907 = ( GEOMETRIC_REPRESENTATION_CONTEXT(2) 
PARAMETRIC_REPRESENTATION_CONTEXT() REPRESENTATION_CONTEXT('2D SPACE',''
  ) );
#2908 = PCURVE('',#2663,#2909);
#2909 = DEFINITIONAL_REPRESENTATION('',(#2910),#2917);
#2910 = B_SPLINE_CURVE_WITH_KNOTS('',5,(#2911,#2912,#2913,#2914,#2915,
    #2916),.UNSPECIFIED.,.F.,.F.,(6,6),(0.,1.),
  .PIECEWISE_BEZIER_KNOTS.);
#2911 = CARTESIAN_POINT('',(41.723291523849,18.49999215914));
#2912 = CARTESIAN_POINT('',(42.103696956071,34.100006906153));
#2913 = CARTESIAN_POINT('',(42.484182486828,49.700016751906));
#2914 = CARTESIAN_POINT('',(42.86481098726,65.300022563675));
#2915 = CARTESIAN_POINT('',(43.245642603724,80.900019333647));
#2916 = CARTESIAN_POINT('',(43.626734161401,96.500007891725));
#2917 = ( GEOMETRIC_REPRESENTATION_CONTEXT(2) 
PARAMETRIC_REPRESENTATION_CONTEXT() REPRESENTATION_CONTEXT('2D SPACE',''
  ) );
#2918 = ORIENTED_EDGE('',*,*,#2919,.T.);
#2919 = EDGE_CURVE('',#2888,#983,#2920,.T.);
#2920 = SURFACE_CURVE('',#2921,(#2926,#2933),.PCURVE_S1.);
#2921 = CIRCLE('',#2922,53.);
#2922 = AXIS2_PLACEMENT_3D('',#2923,#2924,#2925);
#2923 = CARTESIAN_POINT('',(0.,0.,973.78));
#2924 = DIRECTION('',(0.,0.,1.));
#2925 = DIRECTION('',(1.,0.,0.));
#2926 = PCURVE('',#1034,#2927);
#2927 = DEFINITIONAL_REPRESENTATION('',(#2928),#2932);
#2928 = LINE('',#2929,#2930);
#2929 = CARTESIAN_POINT('',(0.,0.));
#2930 = VECTOR('',#2931,1.);
#2931 = DIRECTION('',(1.,0.));
#2932 = ( GEOMETRIC_REPRESENTATION_CONTEXT(2) 
PARAMETRIC_REPRESENTATION_CONTEXT() REPRESENTATION_CONTEXT('2D SPACE',''
  ) );
#2933 = PCURVE('',#1002,#2934);
#2934 = DEFINITIONAL_REPRESENTATION('',(#2935),#2939);
#2935 = LINE('',#2936,#2937);
#2936 = CARTESIAN_POINT('',(0.,4.563000455043));
#2937 = VECTOR('',#2938,1.);
#2938 = DIRECTION('',(1.,0.));
#2939 = ( GEOMETRIC_REPRESENTATION_CONTEXT(2) 
PARAMETRIC_REPRESENTATION_CONTEXT() REPRESENTATION_CONTEXT('2D SPACE',''
  ) );
#2940 = ORIENTED_EDGE('',*,*,#1019,.T.);
#2941 = ORIENTED_EDGE('',*,*,#2727,.F.);
#2942 = ADVANCED_FACE('',(#2943),#1002,.T.);
#2943 = FACE_BOUND('',#2944,.T.);
#2944 = EDGE_LOOP('',(#2945,#2974,#2996,#2997));
#2945 = ORIENTED_EDGE('',*,*,#2946,.F.);
#2946 = EDGE_CURVE('',#2947,#2888,#2949,.T.);
#2947 = VERTEX_POINT('',#2948);
#2948 = CARTESIAN_POINT('',(-40.8999911072,33.704224102112,969.217));
#2949 = SURFACE_CURVE('',#2950,(#2956,#2965),.PCURVE_S1.);
#2950 = B_SPLINE_CURVE_WITH_KNOTS('',4,(#2951,#2952,#2953,#2954,#2955),
  .UNSPECIFIED.,.F.,.F.,(5,5),(0.,1.),.PIECEWISE_BEZIER_KNOTS.);
#2951 = CARTESIAN_POINT('',(-40.89999112891,33.704224070766,
    969.21699288927));
#2952 = CARTESIAN_POINT('',(-40.89650724984,33.709252841813,
    970.35774642578));
#2953 = CARTESIAN_POINT('',(-40.89301268509,33.714293109598,
    971.49849997564));
#2954 = CARTESIAN_POINT('',(-40.88950740597,33.719344892059,
    972.63925353767));
#2955 = CARTESIAN_POINT('',(-40.88599138366,33.724408206983,
    973.78000711072));
#2956 = PCURVE('',#1002,#2957);
#2957 = DEFINITIONAL_REPRESENTATION('',(#2958),#2964);
#2958 = B_SPLINE_CURVE_WITH_KNOTS('',4,(#2959,#2960,#2961,#2962,#2963),
  .UNSPECIFIED.,.F.,.F.,(5,5),(0.,1.),.PIECEWISE_BEZIER_KNOTS.);
#2959 = CARTESIAN_POINT('',(2.452349599803,-7.110721286425E-06));
#2960 = CARTESIAN_POINT('',(2.452234568483,1.140746539546));
#2961 = CARTESIAN_POINT('',(2.452119244478,2.281500203167));
#2962 = CARTESIAN_POINT('',(2.452003627196,3.422253878952));
#2963 = CARTESIAN_POINT('',(2.451887716046,4.563007565764));
#2964 = ( GEOMETRIC_REPRESENTATION_CONTEXT(2) 
PARAMETRIC_REPRESENTATION_CONTEXT() REPRESENTATION_CONTEXT('2D SPACE',''
  ) );
#2965 = PCURVE('',#2663,#2966);
#2966 = DEFINITIONAL_REPRESENTATION('',(#2967),#2973);
#2967 = B_SPLINE_CURVE_WITH_KNOTS('',4,(#2968,#2969,#2970,#2971,#2972),
  .UNSPECIFIED.,.F.,.F.,(5,5),(0.,1.),.PIECEWISE_BEZIER_KNOTS.);
#2968 = CARTESIAN_POINT('',(41.600810313165,13.936992381809));
#2969 = CARTESIAN_POINT('',(41.63143759093,15.077745859911));
#2970 = CARTESIAN_POINT('',(41.66206024246,16.218499352165));
#2971 = CARTESIAN_POINT('',(41.692678323019,17.35925285895));
#2972 = CARTESIAN_POINT('',(41.723291887672,18.500006380542));
#2973 = ( GEOMETRIC_REPRESENTATION_CONTEXT(2) 
PARAMETRIC_REPRESENTATION_CONTEXT() REPRESENTATION_CONTEXT('2D SPACE',''
  ) );
#2974 = ORIENTED_EDGE('',*,*,#2975,.T.);
#2975 = EDGE_CURVE('',#2947,#946,#2976,.T.);
#2976 = SURFACE_CURVE('',#2977,(#2982,#2989),.PCURVE_S1.);
#2977 = CIRCLE('',#2978,52.99796217681);
#2978 = AXIS2_PLACEMENT_3D('',#2979,#2980,#2981);
#2979 = CARTESIAN_POINT('',(0.,0.,969.217));
#2980 = DIRECTION('',(0.,0.,1.));
#2981 = DIRECTION('',(1.,0.,0.));
#2982 = PCURVE('',#1002,#2983);
#2983 = DEFINITIONAL_REPRESENTATION('',(#2984),#2988);
#2984 = LINE('',#2985,#2986);
#2985 = CARTESIAN_POINT('',(0.,0.));
#2986 = VECTOR('',#2987,1.);
#2987 = DIRECTION('',(1.,0.));
#2988 = ( GEOMETRIC_REPRESENTATION_CONTEXT(2) 
PARAMETRIC_REPRESENTATION_CONTEXT() REPRESENTATION_CONTEXT('2D SPACE',''
  ) );
#2989 = PCURVE('',#967,#2990);
#2990 = DEFINITIONAL_REPRESENTATION('',(#2991),#2995);
#2991 = LINE('',#2992,#2993);
#2992 = CARTESIAN_POINT('',(0.,4.563));
#2993 = VECTOR('',#2994,1.);
#2994 = DIRECTION('',(1.,0.));
#2995 = ( GEOMETRIC_REPRESENTATION_CONTEXT(2) 
PARAMETRIC_REPRESENTATION_CONTEXT() REPRESENTATION_CONTEXT('2D SPACE',''
  ) );
#2996 = ORIENTED_EDGE('',*,*,#982,.T.);
#2997 = ORIENTED_EDGE('',*,*,#2919,.F.);
#2998 = ADVANCED_FACE('',(#2999),#967,.T.);
#2999 = FACE_BOUND('',#3000,.T.);
#3000 = EDGE_LOOP('',(#3001,#3030,#3052,#3053));
#3001 = ORIENTED_EDGE('',*,*,#3002,.T.);
#3002 = EDGE_CURVE('',#2947,#3003,#3005,.T.);
#3003 = VERTEX_POINT('',#3004);
#3004 = CARTESIAN_POINT('',(-40.91048450436,33.6819248902,964.654));
#3005 = SURFACE_CURVE('',#3006,(#3012,#3021),.PCURVE_S1.);
#3006 = B_SPLINE_CURVE_WITH_KNOTS('',4,(#3007,#3008,#3009,#3010,#3011),
  .UNSPECIFIED.,.F.,.F.,(5,5),(0.,1.),.PIECEWISE_BEZIER_KNOTS.);
#3007 = CARTESIAN_POINT('',(-40.8999911072,33.704224102112,969.217));
#3008 = CARTESIAN_POINT('',(-40.9026324756,33.698629548153,
    968.07624981054));
#3009 = CARTESIAN_POINT('',(-40.9052618103,33.693048174463,
    966.93549974607));
#3010 = CARTESIAN_POINT('',(-40.90787914277,33.687479961654,
    965.79474980839));
#3011 = CARTESIAN_POINT('',(-40.91048450436,33.6819248902,964.654));
#3012 = PCURVE('',#967,#3013);
#3013 = DEFINITIONAL_REPRESENTATION('',(#3014),#3020);
#3014 = B_SPLINE_CURVE_WITH_KNOTS('',4,(#3015,#3016,#3017,#3018,#3019),
  .UNSPECIFIED.,.F.,.F.,(5,5),(0.,1.),.PIECEWISE_BEZIER_KNOTS.);
#3015 = CARTESIAN_POINT('',(2.452349599086,4.563));
#3016 = CARTESIAN_POINT('',(2.452462759258,3.422249810541));
#3017 = CARTESIAN_POINT('',(2.452575591758,2.281499746074));
#3018 = CARTESIAN_POINT('',(2.452688097194,1.140749808396));
#3019 = CARTESIAN_POINT('',(2.452800276174,0.));
#3020 = ( GEOMETRIC_REPRESENTATION_CONTEXT(2) 
PARAMETRIC_REPRESENTATION_CONTEXT() REPRESENTATION_CONTEXT('2D SPACE',''
  ) );
#3021 = PCURVE('',#2663,#3022);
#3022 = DEFINITIONAL_REPRESENTATION('',(#3023),#3029);
#3023 = B_SPLINE_CURVE_WITH_KNOTS('',4,(#3024,#3025,#3026,#3027,#3028),
  .UNSPECIFIED.,.F.,.F.,(5,5),(0.,1.),.PIECEWISE_BEZIER_KNOTS.);
#3024 = CARTESIAN_POINT('',(41.600810504072,13.936999492488));
#3025 = CARTESIAN_POINT('',(41.564624579862,12.796249361468));
#3026 = CARTESIAN_POINT('',(41.528423898396,11.655499356046));
#3027 = CARTESIAN_POINT('',(41.492208351799,10.514749476922));
#3028 = CARTESIAN_POINT('',(41.455977831789,9.373999723428));
#3029 = ( GEOMETRIC_REPRESENTATION_CONTEXT(2) 
PARAMETRIC_REPRESENTATION_CONTEXT() REPRESENTATION_CONTEXT('2D SPACE',''
  ) );
#3030 = ORIENTED_EDGE('',*,*,#3031,.T.);
#3031 = EDGE_CURVE('',#3003,#909,#3032,.T.);
#3032 = SURFACE_CURVE('',#3033,(#3038,#3045),.PCURVE_S1.);
#3033 = CIRCLE('',#3034,52.991884347427);
#3034 = AXIS2_PLACEMENT_3D('',#3035,#3036,#3037);
#3035 = CARTESIAN_POINT('',(0.,0.,964.654));
#3036 = DIRECTION('',(0.,0.,1.));
#3037 = DIRECTION('',(1.,0.,0.));
#3038 = PCURVE('',#967,#3039);
#3039 = DEFINITIONAL_REPRESENTATION('',(#3040),#3044);
#3040 = LINE('',#3041,#3042);
#3041 = CARTESIAN_POINT('',(0.,0.));
#3042 = VECTOR('',#3043,1.);
#3043 = DIRECTION('',(1.,0.));
#3044 = ( GEOMETRIC_REPRESENTATION_CONTEXT(2) 
PARAMETRIC_REPRESENTATION_CONTEXT() REPRESENTATION_CONTEXT('2D SPACE',''
  ) );
#3045 = PCURVE('',#930,#3046);
#3046 = DEFINITIONAL_REPRESENTATION('',(#3047),#3051);
#3047 = LINE('',#3048,#3049);
#3048 = CARTESIAN_POINT('',(0.,4.563));
#3049 = VECTOR('',#3050,1.);
#3050 = DIRECTION('',(1.,0.));
#3051 = ( GEOMETRIC_REPRESENTATION_CONTEXT(2) 
PARAMETRIC_REPRESENTATION_CONTEXT() REPRESENTATION_CONTEXT('2D SPACE',''
  ) );
#3052 = ORIENTED_EDGE('',*,*,#945,.T.);
#3053 = ORIENTED_EDGE('',*,*,#2975,.F.);
#3054 = ADVANCED_FACE('',(#3055),#930,.T.);
#3055 = FACE_BOUND('',#3056,.T.);
#3056 = EDGE_LOOP('',(#3057,#3125,#3126,#3127,#3128));
#3057 = ORIENTED_EDGE('',*,*,#3058,.T.);
#3058 = EDGE_CURVE('',#3059,#1748,#3061,.T.);
#3059 = VERTEX_POINT('',#3060);
#3060 = CARTESIAN_POINT('',(-40.91335960797,33.671978307651,
    962.79439855954));
#3061 = SURFACE_CURVE('',#3062,(#3081,#3103),.PCURVE_S1.);
#3062 = B_SPLINE_CURVE_WITH_KNOTS('',5,(#3063,#3064,#3065,#3066,#3067,
    #3068,#3069,#3070,#3071,#3072,#3073,#3074,#3075,#3076,#3077,#3078,
    #3079,#3080),.UNSPECIFIED.,.F.,.F.,(6,4,4,4,6),(0.,0.32713368635,
    0.594310159613,0.784401604739,1.),.UNSPECIFIED.);
#3063 = CARTESIAN_POINT('',(-41.72817618146,32.663421732261,964.654));
#3064 = CARTESIAN_POINT('',(-41.61277650687,32.80964151614,
    964.31708191108));
#3065 = CARTESIAN_POINT('',(-41.48543057141,32.969805287952,
    963.9830562707));
#3066 = CARTESIAN_POINT('',(-41.34574666014,33.143895198616,
    963.65303977848));
#3067 = CARTESIAN_POINT('',(-41.19337864853,33.331715214161,
    963.32818689982));
#3068 = CARTESIAN_POINT('',(-40.89304263832,33.697164473574,
    962.74944047743));
#3069 = CARTESIAN_POINT('',(-40.74938642219,33.870352447497,
    962.49345361251));
#3070 = CARTESIAN_POINT('',(-40.59694763305,34.052225435213,
    962.24227113012));
#3071 = CARTESIAN_POINT('',(-40.43561716939,34.242485069063,
    961.99648854408));
#3072 = CARTESIAN_POINT('',(-40.14417997326,34.581816963595,
    961.5860229487));
#3073 = CARTESIAN_POINT('',(-40.01849417879,34.726935090216,
    961.41840049073));
#3074 = CARTESIAN_POINT('',(-39.88825386646,34.875970500608,
    961.25399055246));
#3075 = CARTESIAN_POINT('',(-39.75344933232,35.028767875198,
    961.09297919559));
#3076 = CARTESIAN_POINT('',(-39.45601748646,35.362522940488,
    960.75697256061));
#3077 = CARTESIAN_POINT('',(-39.29208400015,35.544508442605,
    960.58299948347));
#3078 = CARTESIAN_POINT('',(-39.12228812677,35.730856940888,
    960.41386987042));
#3079 = CARTESIAN_POINT('',(-38.94665662976,35.921288006947,
    960.24980675846));
#3080 = CARTESIAN_POINT('',(-38.76523952414,36.115501549825,960.091));
#3081 = PCURVE('',#930,#3082);
#3082 = DEFINITIONAL_REPRESENTATION('',(#3083),#3102);
#3083 = B_SPLINE_CURVE_WITH_KNOTS('',5,(#3084,#3085,#3086,#3087,#3088,
    #3089,#3090,#3091,#3092,#3093,#3094,#3095,#3096,#3097,#3098,#3099,
    #3100,#3101),.UNSPECIFIED.,.F.,.F.,(6,4,4,4,6),(0.,0.32713368635,
    0.594310159613,0.784401604739,1.),.UNSPECIFIED.);
#3084 = CARTESIAN_POINT('',(2.477448584458,4.563));
#3085 = CARTESIAN_POINT('',(2.473933505501,4.226081911079));
#3086 = CARTESIAN_POINT('',(2.470072144378,3.892056270701));
#3087 = CARTESIAN_POINT('',(2.465860096738,3.562039778485));
#3088 = CARTESIAN_POINT('',(2.461296034219,3.237186899825));
#3089 = CARTESIAN_POINT('',(2.452369044404,2.658440477439));
#3090 = CARTESIAN_POINT('',(2.448122564238,2.402453612513));
#3091 = CARTESIAN_POINT('',(2.44364403304,2.151271130127));
#3092 = CARTESIAN_POINT('',(2.438936271389,1.905488544089));
#3093 = CARTESIAN_POINT('',(2.430494260875,1.495022948709));
#3094 = CARTESIAN_POINT('',(2.426871017819,1.327400490733));
#3095 = CARTESIAN_POINT('',(2.423135566177,1.162990552462));
#3096 = CARTESIAN_POINT('',(2.419289885838,1.001979195594));
#3097 = CARTESIAN_POINT('',(2.410852300282,0.665972560617));
#3098 = CARTESIAN_POINT('',(2.406229501319,0.491999483471));
#3099 = CARTESIAN_POINT('',(2.401471386509,0.322869870429));
#3100 = CARTESIAN_POINT('',(2.396581990526,0.158806758462));
#3101 = CARTESIAN_POINT('',(2.391565839174,-1.997332853576E-13));
#3102 = ( GEOMETRIC_REPRESENTATION_CONTEXT(2) 
PARAMETRIC_REPRESENTATION_CONTEXT() REPRESENTATION_CONTEXT('2D SPACE',''
  ) );
#3103 = PCURVE('',#1835,#3104);
#3104 = DEFINITIONAL_REPRESENTATION('',(#3105),#3124);
#3105 = B_SPLINE_CURVE_WITH_KNOTS('',5,(#3106,#3107,#3108,#3109,#3110,
    #3111,#3112,#3113,#3114,#3115,#3116,#3117,#3118,#3119,#3120,#3121,
    #3122,#3123),.UNSPECIFIED.,.F.,.F.,(6,4,4,4,6),(0.,0.32713368635,
    0.594310159613,0.784401604739,1.),.UNSPECIFIED.);
#3106 = CARTESIAN_POINT('',(23.635716323939,89.228176212098));
#3107 = CARTESIAN_POINT('',(25.285372685055,89.112776540215));
#3108 = CARTESIAN_POINT('',(26.93330330487,88.985430607658));
#3109 = CARTESIAN_POINT('',(28.579505382601,88.845746699367));
#3110 = CARTESIAN_POINT('',(30.223959810593,88.693378690982));
#3111 = CARTESIAN_POINT('',(33.20819614912,88.393042686903));
#3112 = CARTESIAN_POINT('',(34.548579512352,88.249386473641));
#3113 = CARTESIAN_POINT('',(35.88772959402,88.096947687478));
#3114 = CARTESIAN_POINT('',(37.225604863454,87.93561722691));
#3115 = CARTESIAN_POINT('',(39.513071053233,87.644180036194));
#3116 = CARTESIAN_POINT('',(40.463321436717,87.518494244028));
#3117 = CARTESIAN_POINT('',(41.412875508036,87.388253934035));
#3118 = CARTESIAN_POINT('',(42.361709173896,87.253449402258));
#3119 = CARTESIAN_POINT('',(44.385098183686,86.956017561474));
#3120 = CARTESIAN_POINT('',(45.459440079911,86.792084077894));
#3121 = CARTESIAN_POINT('',(46.53278062046,86.622288207245));
#3122 = CARTESIAN_POINT('',(47.605078373207,86.446656712957));
#3123 = CARTESIAN_POINT('',(48.676288129703,86.265239610026));
#3124 = ( GEOMETRIC_REPRESENTATION_CONTEXT(2) 
PARAMETRIC_REPRESENTATION_CONTEXT() REPRESENTATION_CONTEXT('2D SPACE',''
  ) );
#3125 = ORIENTED_EDGE('',*,*,#1747,.T.);
#3126 = ORIENTED_EDGE('',*,*,#908,.T.);
#3127 = ORIENTED_EDGE('',*,*,#3031,.F.);
#3128 = ORIENTED_EDGE('',*,*,#3129,.T.);
#3129 = EDGE_CURVE('',#3003,#3059,#3130,.T.);
#3130 = SURFACE_CURVE('',#3131,(#3137,#3146),.PCURVE_S1.);
#3131 = B_SPLINE_CURVE_WITH_KNOTS('',4,(#3132,#3133,#3134,#3135,#3136),
  .UNSPECIFIED.,.F.,.F.,(5,5),(0.,1.),.PIECEWISE_BEZIER_KNOTS.);
#3132 = CARTESIAN_POINT('',(-40.91048450436,33.6819248902,964.654));
#3133 = CARTESIAN_POINT('',(-40.91225641433,33.675814126112,
    963.51324958241));
#3134 = CARTESIAN_POINT('',(-40.91401488298,33.669718337102,
    962.37249944084));
#3135 = CARTESIAN_POINT('',(-40.91575994423,33.663637502515,
    961.23174957893));
#3136 = CARTESIAN_POINT('',(-40.91749163187,33.657571601567,960.091));
#3137 = PCURVE('',#930,#3138);
#3138 = DEFINITIONAL_REPRESENTATION('',(#3139),#3145);
#3139 = B_SPLINE_CURVE_WITH_KNOTS('',4,(#3140,#3141,#3142,#3143,#3144),
  .UNSPECIFIED.,.F.,.F.,(5,5),(0.,1.),.PIECEWISE_BEZIER_KNOTS.);
#3140 = CARTESIAN_POINT('',(2.452800276174,4.563));
#3141 = CARTESIAN_POINT('',(2.452910554037,3.42224958241));
#3142 = CARTESIAN_POINT('',(2.453020466478,2.281499440846));
#3143 = CARTESIAN_POINT('',(2.453130014104,1.140749578935));
#3144 = CARTESIAN_POINT('',(2.453239197522,0.));
#3145 = ( GEOMETRIC_REPRESENTATION_CONTEXT(2) 
PARAMETRIC_REPRESENTATION_CONTEXT() REPRESENTATION_CONTEXT('2D SPACE',''
  ) );
#3146 = PCURVE('',#2663,#3147);
#3147 = DEFINITIONAL_REPRESENTATION('',(#3148),#3154);
#3148 = B_SPLINE_CURVE_WITH_KNOTS('',4,(#3149,#3150,#3151,#3152,#3153),
  .UNSPECIFIED.,.F.,.F.,(5,5),(0.,1.),.PIECEWISE_BEZIER_KNOTS.);
#3149 = CARTESIAN_POINT('',(41.45597783178,9.373999723095));
#3150 = CARTESIAN_POINT('',(41.414246848327,8.233249360425));
#3151 = CARTESIAN_POINT('',(41.372490545144,7.092499270816));
#3152 = CARTESIAN_POINT('',(41.330708753454,5.95174945473));
#3153 = CARTESIAN_POINT('',(41.28890130388,4.810999913283));
#3154 = ( GEOMETRIC_REPRESENTATION_CONTEXT(2) 
PARAMETRIC_REPRESENTATION_CONTEXT() REPRESENTATION_CONTEXT('2D SPACE',''
  ) );
#3155 = ADVANCED_FACE('',(#3156),#2093,.F.);
#3156 = FACE_BOUND('',#3157,.F.);
#3157 = EDGE_LOOP('',(#3158,#3191,#3192,#3193));
#3158 = ORIENTED_EDGE('',*,*,#3159,.T.);
#3159 = EDGE_CURVE('',#3160,#1901,#3162,.T.);
#3160 = VERTEX_POINT('',#3161);
#3161 = CARTESIAN_POINT('',(45.145825611124,44.991544574162,
    956.78000388036));
#3162 = SURFACE_CURVE('',#3163,(#3175,#3182),.PCURVE_S1.);
#3163 = B_SPLINE_CURVE_WITH_KNOTS('',4,(#3164,#3165,#3166,#3167,#3168,
    #3169,#3170,#3171,#3172,#3173,#3174),.UNSPECIFIED.,.F.,.F.,(5,3,3,5)
  ,(-4.976156096182,-4.614017505043E-14,95.,100.01801006132),
  .UNSPECIFIED.);
#3164 = CARTESIAN_POINT('',(52.518048605793,44.93566900899,
    956.71297194106));
#3165 = CARTESIAN_POINT('',(51.253063326942,44.945257021432,
    956.72446922654));
#3166 = CARTESIAN_POINT('',(49.995060133026,44.954792112849,
    956.73590305276));
#3167 = CARTESIAN_POINT('',(48.744039024046,44.964274283242,
    956.74727341973));
#3168 = CARTESIAN_POINT('',(23.75,45.153717718788,956.97444096599));
#3169 = CARTESIAN_POINT('',(2.13162820728E-14,45.333051131753,
    957.19756847736));
#3170 = CARTESIAN_POINT('',(-23.75,45.511373589054,957.42788715213));
#3171 = CARTESIAN_POINT('',(-48.75450251533,45.697723744065,
    957.67778147814));
#3172 = CARTESIAN_POINT('',(-50.00900503066,45.707073129763,
    957.69031894255));
#3173 = CARTESIAN_POINT('',(-51.26350754599,45.71642251546,
    957.70285640697));
#3174 = CARTESIAN_POINT('',(-52.51801006132,45.725771901158,
    957.71539387139));
#3175 = PCURVE('',#2093,#3176);
#3176 = DEFINITIONAL_REPRESENTATION('',(#3177),#3181);
#3177 = LINE('',#3178,#3179);
#3178 = CARTESIAN_POINT('',(95.,0.));
#3179 = VECTOR('',#3180,1.);
#3180 = DIRECTION('',(0.,1.));
#3181 = ( GEOMETRIC_REPRESENTATION_CONTEXT(2) 
PARAMETRIC_REPRESENTATION_CONTEXT() REPRESENTATION_CONTEXT('2D SPACE',''
  ) );
#3182 = PCURVE('',#1974,#3183);
#3183 = DEFINITIONAL_REPRESENTATION('',(#3184),#3190);
#3184 = B_SPLINE_CURVE_WITH_KNOTS('',4,(#3185,#3186,#3187,#3188,#3189),
  .UNSPECIFIED.,.F.,.F.,(5,5),(-4.614017505043E-14,95.),
  .PIECEWISE_BEZIER_KNOTS.);
#3185 = CARTESIAN_POINT('',(-2.417433955614,6.544645947878E-02));
#3186 = CARTESIAN_POINT('',(22.22711818893,6.633177323885E-02));
#3187 = CARTESIAN_POINT('',(46.906555516432,6.721373894115E-02));
#3188 = CARTESIAN_POINT('',(71.620753261161,6.809073274108E-02));
#3189 = CARTESIAN_POINT('',(96.369207088472,6.896122645017E-02));
#3190 = ( GEOMETRIC_REPRESENTATION_CONTEXT(2) 
PARAMETRIC_REPRESENTATION_CONTEXT() REPRESENTATION_CONTEXT('2D SPACE',''
  ) );
#3191 = ORIENTED_EDGE('',*,*,#2015,.T.);
#3192 = ORIENTED_EDGE('',*,*,#2192,.T.);
#3193 = ORIENTED_EDGE('',*,*,#3194,.T.);
#3194 = EDGE_CURVE('',#2193,#3160,#3195,.T.);
#3195 = SURFACE_CURVE('',#3196,(#3239,#3285),.PCURVE_S1.);
#3196 = B_SPLINE_CURVE_WITH_KNOTS('',6,(#3197,#3198,#3199,#3200,#3201,
    #3202,#3203,#3204,#3205,#3206,#3207,#3208,#3209,#3210,#3211,#3212,
    #3213,#3214,#3215,#3216,#3217,#3218,#3219,#3220,#3221,#3222,#3223,
    #3224,#3225,#3226,#3227,#3228,#3229,#3230,#3231,#3232,#3233,#3234,
    #3235,#3236,#3237,#3238),.UNSPECIFIED.,.F.,.F.,(7,5,5,5,5,5,5,5,7),(
    0.,0.126150578818,0.252466281372,0.378961636102,0.504749090138,
    0.630081679498,0.753903673546,0.87700804387,1.),.UNSPECIFIED.);
#3197 = CARTESIAN_POINT('',(33.342354465653,31.666228067138,
    968.80454348813));
#3198 = CARTESIAN_POINT('',(33.708851365795,31.666228034232,
    968.43118667693));
#3199 = CARTESIAN_POINT('',(34.081230799239,31.679940727147,
    968.05183691126));
#3200 = CARTESIAN_POINT('',(34.458757410016,31.708191228113,
    967.66724328722));
#3201 = CARTESIAN_POINT('',(34.840561620991,31.751761698008,
    967.27829164398));
#3202 = CARTESIAN_POINT('',(35.225646286839,31.811356247157,
    966.88599778335));
#3203 = CARTESIAN_POINT('',(36.000647290979,31.963875118975,
    966.09648722183));
#3204 = CARTESIAN_POINT('',(36.39056857382,32.056842714685,
    965.6992654833));
#3205 = CARTESIAN_POINT('',(36.781538143388,32.167062190892,
    965.30097546955));
#3206 = CARTESIAN_POINT('',(37.172312025281,32.295011454127,
    964.9028844444));
#3207 = CARTESIAN_POINT('',(37.561548097303,32.441017762087,
    964.50635966506));
#3208 = CARTESIAN_POINT('',(38.334667022996,32.769661309847,
    963.71876286906));
#3209 = CARTESIAN_POINT('',(38.718540577409,32.952349976783,
    963.32770032478));
#3210 = CARTESIAN_POINT('',(39.098035907443,33.153431411321,
    962.94109765182));
#3211 = CARTESIAN_POINT('',(39.471663811242,33.372862397117,
    962.56047195847));
#3212 = CARTESIAN_POINT('',(39.837903530167,33.610379659708,
    962.18737250969));
#3213 = CARTESIAN_POINT('',(40.550622352179,34.11917485045,
    961.46130376353));
#3214 = CARTESIAN_POINT('',(40.897199837297,34.390255933846,
    961.10823424466));
#3215 = CARTESIAN_POINT('',(41.233527032749,34.678249531382,
    960.76560674439));
#3216 = CARTESIAN_POINT('',(41.558159941855,34.982445537646,
    960.43489234157));
#3217 = CARTESIAN_POINT('',(41.869740124817,35.301899506194,
    960.11747496101));
#3218 = CARTESIAN_POINT('',(42.463298274012,35.967822080805,
    959.51279659493));
#3219 = CARTESIAN_POINT('',(42.745380011106,36.314189763136,
    959.22542989591));
#3220 = CARTESIAN_POINT('',(43.012102308569,36.673430120949,
    958.95371022441));
#3221 = CARTESIAN_POINT('',(43.262412793345,37.044208405718,
    958.69870970911));
#3222 = CARTESIAN_POINT('',(43.495466252618,37.425027453169,
    958.4612894368));
#3223 = CARTESIAN_POINT('',(43.923247322367,38.198872244625,
    958.02549266836));
#3224 = CARTESIAN_POINT('',(44.118404616566,38.591698440469,
    957.82667843977));
#3225 = CARTESIAN_POINT('',(44.295536784879,38.991238731139,
    957.64622701603));
#3226 = CARTESIAN_POINT('',(44.454285627311,39.395876335957,
    957.48450333909));
#3227 = CARTESIAN_POINT('',(44.59454221187,39.803981617296,
    957.34161840711));
#3228 = CARTESIAN_POINT('',(44.837597853037,40.621594206758,
    957.09400794874));
#3229 = CARTESIAN_POINT('',(44.940610291691,41.031082912097,
    956.98906504196));
#3230 = CARTESIAN_POINT('',(45.025574848159,41.440891852451,
    956.90250821627));
#3231 = CARTESIAN_POINT('',(45.092830410512,41.849530948411,
    956.83399224715));
#3232 = CARTESIAN_POINT('',(45.142908828596,42.255630644756,
    956.78297532665));
#3233 = CARTESIAN_POINT('',(45.210025159606,43.059939260125,
    956.71460118801));
#3234 = CARTESIAN_POINT('',(45.227093271609,43.45815722989,
    956.69721320483));
#3235 = CARTESIAN_POINT('',(45.228357557061,43.851403142003,
    956.69592522534));
#3236 = CARTESIAN_POINT('',(45.214628475694,44.238616889694,
    956.70991160167));
#3237 = CARTESIAN_POINT('',(45.186805340821,44.618904436563,
    956.73825616402));
#3238 = CARTESIAN_POINT('',(45.145825611124,44.991544574162,
    956.78000388036));
#3239 = PCURVE('',#2093,#3240);
#3240 = DEFINITIONAL_REPRESENTATION('',(#3241),#3284);
#3241 = B_SPLINE_CURVE_WITH_KNOTS('',6,(#3242,#3243,#3244,#3245,#3246,
    #3247,#3248,#3249,#3250,#3251,#3252,#3253,#3254,#3255,#3256,#3257,
    #3258,#3259,#3260,#3261,#3262,#3263,#3264,#3265,#3266,#3267,#3268,
    #3269,#3270,#3271,#3272,#3273,#3274,#3275,#3276,#3277,#3278,#3279,
    #3280,#3281,#3282,#3283),.UNSPECIFIED.,.F.,.F.,(7,5,5,5,5,5,5,5,7),(
    0.,0.126150578818,0.252466281372,0.378961636102,0.504749090138,
    0.630081679498,0.753903673546,0.87700804387,1.),.UNSPECIFIED.);
#3242 = CARTESIAN_POINT('',(0.,14.157645534347));
#3243 = CARTESIAN_POINT('',(1.96059086211,13.791148622837));
#3244 = CARTESIAN_POINT('',(3.920529250518,13.418769179076));
#3245 = CARTESIAN_POINT('',(5.880002490791,13.041242559108));
#3246 = CARTESIAN_POINT('',(7.839245907566,12.659438340123));
#3247 = CARTESIAN_POINT('',(9.798538969638,12.274353667469));
#3248 = CARTESIAN_POINT('',(13.720428984163,11.499352652088));
#3249 = CARTESIAN_POINT('',(15.683024041654,11.109431364814));
#3250 = CARTESIAN_POINT('',(17.646310350414,10.718461791994));
#3251 = CARTESIAN_POINT('',(19.610642460747,10.327687907973));
#3252 = CARTESIAN_POINT('',(21.576395656467,9.938451834864));
#3253 = CARTESIAN_POINT('',(25.514314462844,9.165332908841));
#3254 = CARTESIAN_POINT('',(27.486478823355,8.781459355188));
#3255 = CARTESIAN_POINT('',(29.460836737168,8.401964026725));
#3256 = CARTESIAN_POINT('',(31.437762527959,8.028336125161));
#3257 = CARTESIAN_POINT('',(33.417603669961,7.662096408982));
#3258 = CARTESIAN_POINT('',(37.372620495827,6.949377593168));
#3259 = CARTESIAN_POINT('',(39.347756426549,6.602800111497));
#3260 = CARTESIAN_POINT('',(41.326357870864,6.266472919704));
#3261 = CARTESIAN_POINT('',(43.308653425828,5.941840014326));
#3262 = CARTESIAN_POINT('',(45.294793529449,5.630259835052));
#3263 = CARTESIAN_POINT('',(49.267674254146,5.036701692964));
#3264 = CARTESIAN_POINT('',(51.254392434628,4.754619959291));
#3265 = CARTESIAN_POINT('',(53.245027908935,4.487897665042));
#3266 = CARTESIAN_POINT('',(55.239546118987,4.237587183218));
#3267 = CARTESIAN_POINT('',(57.2378221167,4.004533726617));
#3268 = CARTESIAN_POINT('',(61.21731471722,3.576752661624));
#3269 = CARTESIAN_POINT('',(63.198461798376,3.381595369516));
#3270 = CARTESIAN_POINT('',(65.182851409198,3.204463203023));
#3271 = CARTESIAN_POINT('',(67.170221700943,3.045714362162));
#3272 = CARTESIAN_POINT('',(69.160265609579,2.905457778955));
#3273 = CARTESIAN_POINT('',(73.13345145153,2.662402140114));
#3274 = CARTESIAN_POINT('',(75.116582430923,2.559389702437));
#3275 = CARTESIAN_POINT('',(77.10168532803,2.474425146796));
#3276 = CARTESIAN_POINT('',(79.088433876668,2.407169585153));
#3277 = CARTESIAN_POINT('',(81.076515113219,2.357091167695));
#3278 = CARTESIAN_POINT('',(85.052932536978,2.289974837823));
#3279 = CARTESIAN_POINT('',(87.041275159021,2.272906726333));
#3280 = CARTESIAN_POINT('',(89.030374046131,2.271642441368));
#3281 = CARTESIAN_POINT('',(91.019986836594,2.285371523223));
#3282 = CARTESIAN_POINT('',(93.009914301251,2.31319465861));
#3283 = CARTESIAN_POINT('',(95.,2.354174388876));
#3284 = ( GEOMETRIC_REPRESENTATION_CONTEXT(2) 
PARAMETRIC_REPRESENTATION_CONTEXT() REPRESENTATION_CONTEXT('2D SPACE',''
  ) );
#3285 = PCURVE('',#2286,#3286);
#3286 = DEFINITIONAL_REPRESENTATION('',(#3287),#3330);
#3287 = B_SPLINE_CURVE_WITH_KNOTS('',6,(#3288,#3289,#3290,#3291,#3292,
    #3293,#3294,#3295,#3296,#3297,#3298,#3299,#3300,#3301,#3302,#3303,
    #3304,#3305,#3306,#3307,#3308,#3309,#3310,#3311,#3312,#3313,#3314,
    #3315,#3316,#3317,#3318,#3319,#3320,#3321,#3322,#3323,#3324,#3325,
    #3326,#3327,#3328,#3329),.UNSPECIFIED.,.F.,.F.,(7,5,5,5,5,5,5,5,7),(
    0.,0.126150578818,0.252466281372,0.378961636102,0.504749090138,
    0.630081679498,0.753903673546,0.87700804387,1.),.UNSPECIFIED.);
#3288 = CARTESIAN_POINT('',(4.331443580243E-09,101.47545651259));
#3289 = CARTESIAN_POINT('',(2.325202566001,101.8488133591));
#3290 = CARTESIAN_POINT('',(4.647176043908,102.22816315956));
#3291 = CARTESIAN_POINT('',(6.966052354312,102.61275681237));
#3292 = CARTESIAN_POINT('',(9.282024781205,103.00170847924));
#3293 = CARTESIAN_POINT('',(11.595347069331,103.39400236051));
#3294 = CARTESIAN_POINT('',(16.220342910027,104.18351295426));
#3295 = CARTESIAN_POINT('',(18.532006982134,104.58073470478));
#3296 = CARTESIAN_POINT('',(20.841642477728,104.97902472657));
#3297 = CARTESIAN_POINT('',(23.149615745832,105.37711575609));
#3298 = CARTESIAN_POINT('',(25.456333598256,105.77364053653));
#3299 = CARTESIAN_POINT('',(30.071416299271,106.56123732909));
#3300 = CARTESIAN_POINT('',(32.379771314833,106.95229986884));
#3301 = CARTESIAN_POINT('',(34.687741412275,107.33890253492));
#3302 = CARTESIAN_POINT('',(36.995771674961,107.71952821955));
#3303 = CARTESIAN_POINT('',(39.304299091488,108.09262765833));
#3304 = CARTESIAN_POINT('',(43.910237346491,108.81869638295));
#3305 = CARTESIAN_POINT('',(46.207633602821,109.17176589029));
#3306 = CARTESIAN_POINT('',(48.506311254242,109.51439337871));
#3307 = CARTESIAN_POINT('',(50.806615462964,109.84510776979));
#3308 = CARTESIAN_POINT('',(53.108824888334,110.16252513906));
#3309 = CARTESIAN_POINT('',(57.709096362969,110.76720348392));
#3310 = CARTESIAN_POINT('',(60.007149909681,111.05457017299));
#3311 = CARTESIAN_POINT('',(62.307459180253,111.32628983543));
#3312 = CARTESIAN_POINT('',(64.610128337542,111.58129034263));
#3313 = CARTESIAN_POINT('',(66.915173482557,111.81871060784));
#3314 = CARTESIAN_POINT('',(71.50202804856,112.25450736398));
#3315 = CARTESIAN_POINT('',(73.783800143607,112.45332158738));
#3316 = CARTESIAN_POINT('',(76.06772901624,112.63377300679));
#3317 = CARTESIAN_POINT('',(78.353684415879,112.79549668015));
#3318 = CARTESIAN_POINT('',(80.641485091271,112.93838160917));
#3319 = CARTESIAN_POINT('',(85.207032959785,113.18599206271));
#3320 = CARTESIAN_POINT('',(87.484779835531,113.2909349676));
#3321 = CARTESIAN_POINT('',(89.763906468041,113.37749179179));
#3322 = CARTESIAN_POINT('',(92.044195142465,113.44600775973));
#3323 = CARTESIAN_POINT('',(94.325430998488,113.49702467927));
#3324 = CARTESIAN_POINT('',(98.887289364734,113.56539881631));
#3325 = CARTESIAN_POINT('',(101.16792002557,113.58278679889));
#3326 = CARTESIAN_POINT('',(103.44909487622,113.58407477775));
#3327 = CARTESIAN_POINT('',(105.73064844265,113.57008840086));
#3328 = CARTESIAN_POINT('',(108.01244762691,113.54174383809));
#3329 = CARTESIAN_POINT('',(110.29439036509,113.49999612112));
#3330 = ( GEOMETRIC_REPRESENTATION_CONTEXT(2) 
PARAMETRIC_REPRESENTATION_CONTEXT() REPRESENTATION_CONTEXT('2D SPACE',''
  ) );
#3331 = ADVANCED_FACE('',(#3332),#1974,.T.);
#3332 = FACE_BOUND('',#3333,.T.);
#3333 = EDGE_LOOP('',(#3334,#3335,#3368,#3390,#3410,#3432,#3459));
#3334 = ORIENTED_EDGE('',*,*,#1900,.T.);
#3335 = ORIENTED_EDGE('',*,*,#3336,.T.);
#3336 = EDGE_CURVE('',#1772,#3337,#3339,.T.);
#3337 = VERTEX_POINT('',#3338);
#3338 = CARTESIAN_POINT('',(-46.18599458323,45.678580004004,
    957.65211995968));
#3339 = SURFACE_CURVE('',#3340,(#3352,#3361),.PCURVE_S1.);
#3340 = B_SPLINE_CURVE_WITH_KNOTS('',4,(#3341,#3342,#3343,#3344,#3345,
    #3346,#3347,#3348,#3349,#3350,#3351),.UNSPECIFIED.,.F.,.F.,(5,3,3,5)
  ,(-4.976156096182,-4.614017505043E-14,95.,100.01801006132),
  .UNSPECIFIED.);
#3341 = CARTESIAN_POINT('',(52.518048605793,44.93566900899,
    956.71297194106));
#3342 = CARTESIAN_POINT('',(51.253063326942,44.945257021432,
    956.72446922654));
#3343 = CARTESIAN_POINT('',(49.995060133026,44.954792112849,
    956.73590305276));
#3344 = CARTESIAN_POINT('',(48.744039024046,44.964274283242,
    956.74727341973));
#3345 = CARTESIAN_POINT('',(23.75,45.153717718788,956.97444096599));
#3346 = CARTESIAN_POINT('',(2.13162820728E-14,45.333051131753,
    957.19756847736));
#3347 = CARTESIAN_POINT('',(-23.75,45.511373589054,957.42788715213));
#3348 = CARTESIAN_POINT('',(-48.75450251533,45.697723744065,
    957.67778147814));
#3349 = CARTESIAN_POINT('',(-50.00900503066,45.707073129763,
    957.69031894255));
#3350 = CARTESIAN_POINT('',(-51.26350754599,45.71642251546,
    957.70285640697));
#3351 = CARTESIAN_POINT('',(-52.51801006132,45.725771901158,
    957.71539387139));
#3352 = PCURVE('',#1974,#3353);
#3353 = DEFINITIONAL_REPRESENTATION('',(#3354),#3360);
#3354 = B_SPLINE_CURVE_WITH_KNOTS('',4,(#3355,#3356,#3357,#3358,#3359),
  .UNSPECIFIED.,.F.,.F.,(5,5),(-4.614017505043E-14,95.),
  .PIECEWISE_BEZIER_KNOTS.);
#3355 = CARTESIAN_POINT('',(-2.417433955614,6.544645947878E-02));
#3356 = CARTESIAN_POINT('',(22.22711818893,6.633177323885E-02));
#3357 = CARTESIAN_POINT('',(46.906555516432,6.721373894115E-02));
#3358 = CARTESIAN_POINT('',(71.620753261161,6.809073274108E-02));
#3359 = CARTESIAN_POINT('',(96.369207088472,6.896122645017E-02));
#3360 = ( GEOMETRIC_REPRESENTATION_CONTEXT(2) 
PARAMETRIC_REPRESENTATION_CONTEXT() REPRESENTATION_CONTEXT('2D SPACE',''
  ) );
#3361 = PCURVE('',#1835,#3362);
#3362 = DEFINITIONAL_REPRESENTATION('',(#3363),#3367);
#3363 = LINE('',#3364,#3365);
#3364 = CARTESIAN_POINT('',(95.,0.));
#3365 = VECTOR('',#3366,1.);
#3366 = DIRECTION('',(0.,1.));
#3367 = ( GEOMETRIC_REPRESENTATION_CONTEXT(2) 
PARAMETRIC_REPRESENTATION_CONTEXT() REPRESENTATION_CONTEXT('2D SPACE',''
  ) );
#3368 = ORIENTED_EDGE('',*,*,#3369,.T.);
#3369 = EDGE_CURVE('',#3337,#3370,#3372,.T.);
#3370 = VERTEX_POINT('',#3371);
#3371 = CARTESIAN_POINT('',(-39.21651873105,120.,970.23382819818));
#3372 = SURFACE_CURVE('',#3373,(#3376,#3383),.PCURVE_S1.);
#3373 = B_SPLINE_CURVE_WITH_KNOTS('',1,(#3374,#3375),.UNSPECIFIED.,.F.,
  .F.,(2,2),(0.,1.),.PIECEWISE_BEZIER_KNOTS.);
#3374 = CARTESIAN_POINT('',(-47.5,31.666228067138,955.28));
#3375 = CARTESIAN_POINT('',(-28.43241741754,235.,989.70192296151));
#3376 = PCURVE('',#1974,#3377);
#3377 = DEFINITIONAL_REPRESENTATION('',(#3378),#3382);
#3378 = LINE('',#3379,#3380);
#3379 = CARTESIAN_POINT('',(95.,0.));
#3380 = VECTOR('',#3381,1.);
#3381 = DIRECTION('',(0.,1.));
#3382 = ( GEOMETRIC_REPRESENTATION_CONTEXT(2) 
PARAMETRIC_REPRESENTATION_CONTEXT() REPRESENTATION_CONTEXT('2D SPACE',''
  ) );
#3383 = PCURVE('',#2584,#3384);
#3384 = DEFINITIONAL_REPRESENTATION('',(#3385),#3389);
#3385 = LINE('',#3386,#3387);
#3386 = CARTESIAN_POINT('',(0.,0.));
#3387 = VECTOR('',#3388,1.);
#3388 = DIRECTION('',(0.,1.));
#3389 = ( GEOMETRIC_REPRESENTATION_CONTEXT(2) 
PARAMETRIC_REPRESENTATION_CONTEXT() REPRESENTATION_CONTEXT('2D SPACE',''
  ) );
#3390 = ORIENTED_EDGE('',*,*,#3391,.T.);
#3391 = EDGE_CURVE('',#3370,#3392,#3394,.T.);
#3392 = VERTEX_POINT('',#3393);
#3393 = CARTESIAN_POINT('',(32.057059028401,120.,965.22220640632));
#3394 = SURFACE_CURVE('',#3395,(#3398,#3404),.PCURVE_S1.);
#3395 = B_SPLINE_CURVE_WITH_KNOTS('',1,(#3396,#3397),.UNSPECIFIED.,.F.,
  .F.,(2,2),(0.,1.),.PIECEWISE_BEZIER_KNOTS.);
#3396 = CARTESIAN_POINT('',(-39.21651873105,120.,970.23382819818));
#3397 = CARTESIAN_POINT('',(32.057059028401,120.,965.22220640632));
#3398 = PCURVE('',#1974,#3399);
#3399 = DEFINITIONAL_REPRESENTATION('',(#3400),#3403);
#3400 = B_SPLINE_CURVE_WITH_KNOTS('',1,(#3401,#3402),.UNSPECIFIED.,.F.,
  .F.,(2,2),(0.,1.),.PIECEWISE_BEZIER_KNOTS.);
#3401 = CARTESIAN_POINT('',(95.,0.434427449475));
#3402 = CARTESIAN_POINT('',(0.,0.434427449475));
#3403 = ( GEOMETRIC_REPRESENTATION_CONTEXT(2) 
PARAMETRIC_REPRESENTATION_CONTEXT() REPRESENTATION_CONTEXT('2D SPACE',''
  ) );
#3404 = PCURVE('',#2546,#3405);
#3405 = DEFINITIONAL_REPRESENTATION('',(#3406),#3409);
#3406 = B_SPLINE_CURVE_WITH_KNOTS('',1,(#3407,#3408),.UNSPECIFIED.,.F.,
  .F.,(2,2),(0.,1.),.PIECEWISE_BEZIER_KNOTS.);
#3407 = CARTESIAN_POINT('',(50.233828198185,20.783481268942));
#3408 = CARTESIAN_POINT('',(45.222206406326,92.057059028401));
#3409 = ( GEOMETRIC_REPRESENTATION_CONTEXT(2) 
PARAMETRIC_REPRESENTATION_CONTEXT() REPRESENTATION_CONTEXT('2D SPACE',''
  ) );
#3410 = ORIENTED_EDGE('',*,*,#3411,.F.);
#3411 = EDGE_CURVE('',#3412,#3392,#3414,.T.);
#3412 = VERTEX_POINT('',#3413);
#3413 = CARTESIAN_POINT('',(45.038497141374,45.746048259799,
    956.86472207691));
#3414 = SURFACE_CURVE('',#3415,(#3418,#3425),.PCURVE_S1.);
#3415 = B_SPLINE_CURVE_WITH_KNOTS('',1,(#3416,#3417),.UNSPECIFIED.,.F.,
  .F.,(2,2),(0.,1.),.PIECEWISE_BEZIER_KNOTS.);
#3416 = CARTESIAN_POINT('',(47.5,31.666228067138,955.28));
#3417 = CARTESIAN_POINT('',(11.952197967066,235.,978.16576934617));
#3418 = PCURVE('',#1974,#3419);
#3419 = DEFINITIONAL_REPRESENTATION('',(#3420),#3424);
#3420 = LINE('',#3421,#3422);
#3421 = CARTESIAN_POINT('',(0.,0.));
#3422 = VECTOR('',#3423,1.);
#3423 = DIRECTION('',(0.,1.));
#3424 = ( GEOMETRIC_REPRESENTATION_CONTEXT(2) 
PARAMETRIC_REPRESENTATION_CONTEXT() REPRESENTATION_CONTEXT('2D SPACE',''
  ) );
#3425 = PCURVE('',#2867,#3426);
#3426 = DEFINITIONAL_REPRESENTATION('',(#3427),#3431);
#3427 = LINE('',#3428,#3429);
#3428 = CARTESIAN_POINT('',(115.,0.));
#3429 = VECTOR('',#3430,1.);
#3430 = DIRECTION('',(0.,1.));
#3431 = ( GEOMETRIC_REPRESENTATION_CONTEXT(2) 
PARAMETRIC_REPRESENTATION_CONTEXT() REPRESENTATION_CONTEXT('2D SPACE',''
  ) );
#3432 = ORIENTED_EDGE('',*,*,#3433,.F.);
#3433 = EDGE_CURVE('',#3160,#3412,#3434,.T.);
#3434 = SURFACE_CURVE('',#3435,(#3441,#3450),.PCURVE_S1.);
#3435 = B_SPLINE_CURVE_WITH_KNOTS('',4,(#3436,#3437,#3438,#3439,#3440),
  .UNSPECIFIED.,.F.,.F.,(5,5),(0.,1.),.PIECEWISE_BEZIER_KNOTS.);
#3436 = CARTESIAN_POINT('',(45.145825611122,44.991544574153,
    956.78000388012));
#3437 = CARTESIAN_POINT('',(45.124708222893,45.183570888468,
    956.80151702186));
#3438 = CARTESIAN_POINT('',(45.099656672015,45.373425038415,
    956.82281721254));
#3439 = CARTESIAN_POINT('',(45.070855751386,45.560956698331,
    956.84388951717));
#3440 = CARTESIAN_POINT('',(45.038497141916,45.746048258052,
    956.86472207589));
#3441 = PCURVE('',#1974,#3442);
#3442 = DEFINITIONAL_REPRESENTATION('',(#3443),#3449);
#3443 = B_SPLINE_CURVE_WITH_KNOTS('',4,(#3444,#3445,#3446,#3447,#3448),
  .UNSPECIFIED.,.F.,.F.,(5,5),(0.,1.),.PIECEWISE_BEZIER_KNOTS.);
#3444 = CARTESIAN_POINT('',(2.553977010078E-02,6.553420211678E-02));
#3445 = CARTESIAN_POINT('',(1.261302547686E-02,6.647859178943E-02));
#3446 = CARTESIAN_POINT('',(4.149467895398E-03,6.741229870955E-02));
#3447 = CARTESIAN_POINT('',(2.533664235022E-11,6.833458357218E-02));
#3448 = CARTESIAN_POINT('',(0.,6.924486796794E-02));
#3449 = ( GEOMETRIC_REPRESENTATION_CONTEXT(2) 
PARAMETRIC_REPRESENTATION_CONTEXT() REPRESENTATION_CONTEXT('2D SPACE',''
  ) );
#3450 = PCURVE('',#2286,#3451);
#3451 = DEFINITIONAL_REPRESENTATION('',(#3452),#3458);
#3452 = B_SPLINE_CURVE_WITH_KNOTS('',4,(#3453,#3454,#3455,#3456,#3457),
  .UNSPECIFIED.,.F.,.F.,(5,5),(0.,1.),.PIECEWISE_BEZIER_KNOTS.);
#3453 = CARTESIAN_POINT('',(110.29439036748,113.49999612132));
#3454 = CARTESIAN_POINT('',(111.47030516912,113.47848297927));
#3455 = CARTESIAN_POINT('',(112.6465613568,113.45718278723));
#3456 = CARTESIAN_POINT('',(113.82313276037,113.43611048405));
#3457 = CARTESIAN_POINT('',(115.,113.41527792492));
#3458 = ( GEOMETRIC_REPRESENTATION_CONTEXT(2) 
PARAMETRIC_REPRESENTATION_CONTEXT() REPRESENTATION_CONTEXT('2D SPACE',''
  ) );
#3459 = ORIENTED_EDGE('',*,*,#3159,.T.);
#3460 = ADVANCED_FACE('',(#3461),#1835,.F.);
#3461 = FACE_BOUND('',#3462,.F.);
#3462 = EDGE_LOOP('',(#3463,#3588,#3589,#3590,#3591));
#3463 = ORIENTED_EDGE('',*,*,#3464,.F.);
#3464 = EDGE_CURVE('',#3059,#3465,#3467,.T.);
#3465 = VERTEX_POINT('',#3466);
#3466 = CARTESIAN_POINT('',(-46.27106294278,44.767796402053,
    957.53359379898));
#3467 = SURFACE_CURVE('',#3468,(#3506,#3547),.PCURVE_S1.);
#3468 = B_SPLINE_CURVE_WITH_KNOTS('',6,(#3469,#3470,#3471,#3472,#3473,
    #3474,#3475,#3476,#3477,#3478,#3479,#3480,#3481,#3482,#3483,#3484,
    #3485,#3486,#3487,#3488,#3489,#3490,#3491,#3492,#3493,#3494,#3495,
    #3496,#3497,#3498,#3499,#3500,#3501,#3502,#3503,#3504,#3505),
  .UNSPECIFIED.,.F.,.F.,(7,5,5,5,5,5,5,7),(0.,0.130806525483,
    0.278825741113,0.427233322417,0.573656144111,0.71849767198,
    0.859274149106,1.),.UNSPECIFIED.);
#3469 = CARTESIAN_POINT('',(-34.20826330295,31.666228067138,
    969.37816303854));
#3470 = CARTESIAN_POINT('',(-34.59401676008,31.666228041005,
    968.99939201931));
#3471 = CARTESIAN_POINT('',(-34.98602040274,31.680828937966,
    968.6144836741));
#3472 = CARTESIAN_POINT('',(-35.38343778204,31.710917734707,
    968.22425928004));
#3473 = CARTESIAN_POINT('',(-35.7852793331,31.757328153376,
    967.82969047882));
#3474 = CARTESIAN_POINT('',(-36.19041259439,31.820800442507,
    967.43188923079));
#3475 = CARTESIAN_POINT('',(-37.05830998446,31.993759092971,
    966.57969817834));
#3476 = CARTESIAN_POINT('',(-37.5216416015,32.108201093317,
    966.12475106794));
#3477 = CARTESIAN_POINT('',(-37.98573770467,32.246145750648,
    965.66905289267));
#3478 = CARTESIAN_POINT('',(-38.44855350892,32.408252940863,
    965.21461143483));
#3479 = CARTESIAN_POINT('',(-38.90786810152,32.594881728014,
    964.76360743068));
#3480 = CARTESIAN_POINT('',(-39.81607885356,33.017742900856,
    963.87182857242));
#3481 = CARTESIAN_POINT('',(-40.26494204892,33.254103107532,
    963.4310860839));
#3482 = CARTESIAN_POINT('',(-40.70564698555,33.515118480607,
    962.9983538734));
#3483 = CARTESIAN_POINT('',(-41.13577905332,33.800430172009,
    962.57600289631));
#3484 = CARTESIAN_POINT('',(-41.55293125932,34.109256023411,
    962.16639664172));
#3485 = CARTESIAN_POINT('',(-42.35137558321,34.767124675544,
    961.38239494743));
#3486 = CARTESIAN_POINT('',(-42.73307238555,35.11557428123,
    961.00760215164));
#3487 = CARTESIAN_POINT('',(-43.09775475114,35.484606574551,
    960.64951576823));
#3488 = CARTESIAN_POINT('',(-43.44337882019,35.872685428069,
    960.31014273741));
#3489 = CARTESIAN_POINT('',(-43.76816632535,36.27790376609,
    959.99122921534));
#3490 = CARTESIAN_POINT('',(-44.36997160473,37.113742461933,
    959.40030763114));
#3491 = CARTESIAN_POINT('',(-44.64747010631,37.544045042523,
    959.12782753942));
#3492 = CARTESIAN_POINT('',(-44.90182480533,37.986896682322,
    958.87807256754));
#3493 = CARTESIAN_POINT('',(-45.13201908454,38.439953130325,
    958.65204099377));
#3494 = CARTESIAN_POINT('',(-45.33747265544,38.900745272885,
    958.4503026529));
#3495 = CARTESIAN_POINT('',(-45.69351098074,39.819810294787,
    958.10070248267));
#3496 = CARTESIAN_POINT('',(-45.84547614902,40.277796715306,
    957.95148520458));
#3497 = CARTESIAN_POINT('',(-45.97377285923,40.738524319769,
    957.82550836407));
#3498 = CARTESIAN_POINT('',(-46.07863703105,41.199770173198,
    957.72254033097));
#3499 = CARTESIAN_POINT('',(-46.16065432467,41.659461274578,
    957.64200605078));
#3500 = CARTESIAN_POINT('',(-46.28066252874,42.571849396205,
    957.52416779088));
#3501 = CARTESIAN_POINT('',(-46.31866982885,43.024552402243,
    957.48684771787));
#3502 = CARTESIAN_POINT('',(-46.33553459104,43.471991625899,
    957.47028789381));
#3503 = CARTESIAN_POINT('',(-46.33236236182,43.912536284314,
    957.4734027653));
#3504 = CARTESIAN_POINT('',(-46.31042313908,44.344833779339,
    957.49494529594));
#3505 = CARTESIAN_POINT('',(-46.27106294278,44.767796402053,
    957.53359379898));
#3506 = PCURVE('',#1835,#3507);
#3507 = DEFINITIONAL_REPRESENTATION('',(#3508),#3546);
#3508 = B_SPLINE_CURVE_WITH_KNOTS('',6,(#3509,#3510,#3511,#3512,#3513,
    #3514,#3515,#3516,#3517,#3518,#3519,#3520,#3521,#3522,#3523,#3524,
    #3525,#3526,#3527,#3528,#3529,#3530,#3531,#3532,#3533,#3534,#3535,
    #3536,#3537,#3538,#3539,#3540,#3541,#3542,#3543,#3544,#3545),
  .UNSPECIFIED.,.F.,.F.,(7,5,5,5,5,5,5,7),(0.,0.130806525483,
    0.278825741113,0.427233322417,0.573656144111,0.71849767198,
    0.859274149106,1.),.UNSPECIFIED.);
#3509 = CARTESIAN_POINT('',(2.871864718616E-11,81.708263302449));
#3510 = CARTESIAN_POINT('',(1.985823938441,82.094016771738));
#3511 = CARTESIAN_POINT('',(3.968269990398,82.486020422961));
#3512 = CARTESIAN_POINT('',(5.947447208059,82.883437810782));
#3513 = CARTESIAN_POINT('',(7.923521513327,83.285279369655));
#3514 = CARTESIAN_POINT('',(9.896714789812,83.690412636584));
#3515 = CARTESIAN_POINT('',(14.097200873384,84.558310036685));
#3516 = CARTESIAN_POINT('',(16.323757058536,85.021641657462));
#3517 = CARTESIAN_POINT('',(18.547381715487,85.485737762844));
#3518 = CARTESIAN_POINT('',(20.768549860764,85.948553567905));
#3519 = CARTESIAN_POINT('',(22.987796490957,86.407868160106));
#3520 = CARTESIAN_POINT('',(27.429404830702,87.316078909358));
#3521 = CARTESIAN_POINT('',(29.651747632255,87.764942102323));
#3522 = CARTESIAN_POINT('',(31.873291614509,88.205647035788));
#3523 = CARTESIAN_POINT('',(34.094599212381,88.635779099882));
#3524 = CARTESIAN_POINT('',(36.316199743984,89.052931301922));
#3525 = CARTESIAN_POINT('',(40.731174282347,89.851375617815));
#3526 = CARTESIAN_POINT('',(42.924527538882,90.233072416113));
#3527 = CARTESIAN_POINT('',(45.119023190056,90.597754777791));
#3528 = CARTESIAN_POINT('',(47.315000148872,90.943378843191));
#3529 = CARTESIAN_POINT('',(49.512686062732,91.268166345065));
#3530 = CARTESIAN_POINT('',(53.887881177036,91.86997161866));
#3531 = CARTESIAN_POINT('',(56.065372417649,92.147470117736));
#3532 = CARTESIAN_POINT('',(58.244690139304,92.401824814663));
#3533 = CARTESIAN_POINT('',(60.425823243083,92.632019092146));
#3534 = CARTESIAN_POINT('',(62.608664111313,92.837472661659));
#3535 = CARTESIAN_POINT('',(66.916016315501,93.193510984749));
#3536 = CARTESIAN_POINT('',(69.040472987408,93.345476152198));
#3537 = CARTESIAN_POINT('',(71.16616503422,93.47377286178));
#3538 = CARTESIAN_POINT('',(73.292893391854,93.578637033135));
#3539 = CARTESIAN_POINT('',(75.420442739942,93.660654326392));
#3540 = CARTESIAN_POINT('',(79.675952153895,93.780662529893));
#3541 = CARTESIAN_POINT('',(81.803928302116,93.81866982979));
#3542 = CARTESIAN_POINT('',(83.932294185252,93.835534591867));
#3543 = CARTESIAN_POINT('',(86.06087437225,93.832362362455));
#3544 = CARTESIAN_POINT('',(88.189524994912,93.810423139624));
#3545 = CARTESIAN_POINT('',(90.318135992856,93.771062943171));
#3546 = ( GEOMETRIC_REPRESENTATION_CONTEXT(2) 
PARAMETRIC_REPRESENTATION_CONTEXT() REPRESENTATION_CONTEXT('2D SPACE',''
  ) );
#3547 = PCURVE('',#2663,#3548);
#3548 = DEFINITIONAL_REPRESENTATION('',(#3549),#3587);
#3549 = B_SPLINE_CURVE_WITH_KNOTS('',6,(#3550,#3551,#3552,#3553,#3554,
    #3555,#3556,#3557,#3558,#3559,#3560,#3561,#3562,#3563,#3564,#3565,
    #3566,#3567,#3568,#3569,#3570,#3571,#3572,#3573,#3574,#3575,#3576,
    #3577,#3578,#3579,#3580,#3581,#3582,#3583,#3584,#3585,#3586),
  .UNSPECIFIED.,.F.,.F.,(7,5,5,5,5,5,5,7),(0.,0.130806525483,
    0.278825741113,0.427233322417,0.573656144111,0.71849767198,
    0.859274149106,1.),.UNSPECIFIED.);
#3550 = CARTESIAN_POINT('',(0.,14.098163038547));
#3551 = CARTESIAN_POINT('',(2.46821102531,13.719391978674));
#3552 = CARTESIAN_POINT('',(4.935301865531,13.334483597192));
#3553 = CARTESIAN_POINT('',(7.4015070045,12.944259171439));
#3554 = CARTESIAN_POINT('',(9.867126052752,12.5496903432));
#3555 = CARTESIAN_POINT('',(12.332518308313,12.151889072783));
#3556 = CARTESIAN_POINT('',(17.588119219438,11.299697982132));
#3557 = CARTESIAN_POINT('',(20.378372512337,10.844750857177));
#3558 = CARTESIAN_POINT('',(23.169466218404,10.389052672812));
#3559 = CARTESIAN_POINT('',(25.962067918006,9.934611210891));
#3560 = CARTESIAN_POINT('',(28.756887348119,9.483607207005));
#3561 = CARTESIAN_POINT('',(34.359729672049,8.591828356423));
#3562 = CARTESIAN_POINT('',(37.167753087857,8.151085875352));
#3563 = CARTESIAN_POINT('',(39.979425429716,7.718353675134));
#3564 = CARTESIAN_POINT('',(42.795411752738,7.296002710306));
#3565 = CARTESIAN_POINT('',(45.61628840696,6.886396469144));
#3566 = CARTESIAN_POINT('',(51.230897445098,6.10239480248));
#3567 = CARTESIAN_POINT('',(54.024487179617,5.727602020875));
#3568 = CARTESIAN_POINT('',(56.82365325151,5.369515651478));
#3569 = CARTESIAN_POINT('',(59.628647623597,5.030142633977));
#3570 = CARTESIAN_POINT('',(62.4395397664,4.711229124223));
#3571 = CARTESIAN_POINT('',(68.042404566016,4.12030756223));
#3572 = CARTESIAN_POINT('',(70.834279896696,3.84782748043));
#3573 = CARTESIAN_POINT('',(73.63163753815,3.59807251722));
#3574 = CARTESIAN_POINT('',(76.434194294043,3.372040950868));
#3575 = CARTESIAN_POINT('',(79.241529789068,3.170302616311));
#3576 = CARTESIAN_POINT('',(84.785725258571,2.820702456613));
#3577 = CARTESIAN_POINT('',(87.522387482681,2.671485182803));
#3578 = CARTESIAN_POINT('',(90.262557911373,2.545508345806));
#3579 = CARTESIAN_POINT('',(93.005726375966,2.44254031562));
#3580 = CARTESIAN_POINT('',(95.751378507284,2.362006037888));
#3581 = CARTESIAN_POINT('',(101.2456360526,2.244167782287));
#3582 = CARTESIAN_POINT('',(103.99426135778,2.206847711105));
#3583 = CARTESIAN_POINT('',(106.74438851612,2.190287888708));
#3584 = CARTESIAN_POINT('',(109.49560323744,2.193402761798));
#3585 = CARTESIAN_POINT('',(112.2475632648,2.214945294101));
#3586 = CARTESIAN_POINT('',(115.,2.253593798984));
#3587 = ( GEOMETRIC_REPRESENTATION_CONTEXT(2) 
PARAMETRIC_REPRESENTATION_CONTEXT() REPRESENTATION_CONTEXT('2D SPACE',''
  ) );
#3588 = ORIENTED_EDGE('',*,*,#3058,.T.);
#3589 = ORIENTED_EDGE('',*,*,#1771,.T.);
#3590 = ORIENTED_EDGE('',*,*,#3336,.T.);
#3591 = ORIENTED_EDGE('',*,*,#3592,.F.);
#3592 = EDGE_CURVE('',#3465,#3337,#3593,.T.);
#3593 = SURFACE_CURVE('',#3594,(#3600,#3609),.PCURVE_S1.);
#3594 = B_SPLINE_CURVE_WITH_KNOTS('',4,(#3595,#3596,#3597,#3598,#3599),
  .UNSPECIFIED.,.F.,.F.,(5,5),(0.,1.),.PIECEWISE_BEZIER_KNOTS.);
#3595 = CARTESIAN_POINT('',(-46.27106294377,44.767796402024,
    957.53359379898));
#3596 = CARTESIAN_POINT('',(-46.24943647943,45.000193263652,
    957.55482922342));
#3597 = CARTESIAN_POINT('',(-46.22803646579,45.229624301942,
    957.58187105648));
#3598 = CARTESIAN_POINT('',(-46.20688482579,45.455809576845,
    957.61440846683));
#3599 = CARTESIAN_POINT('',(-46.18599854492,45.678537757231,
    957.65211280782));
#3600 = PCURVE('',#1835,#3601);
#3601 = DEFINITIONAL_REPRESENTATION('',(#3602),#3608);
#3602 = B_SPLINE_CURVE_WITH_KNOTS('',4,(#3603,#3604,#3605,#3606,#3607),
  .UNSPECIFIED.,.F.,.F.,(5,5),(0.,1.),.PIECEWISE_BEZIER_KNOTS.);
#3603 = CARTESIAN_POINT('',(90.318135993053,93.771062944156));
#3604 = CARTESIAN_POINT('',(91.487701550342,93.749436479741));
#3605 = CARTESIAN_POINT('',(92.657863965396,93.728036466006));
#3606 = CARTESIAN_POINT('',(93.828569212233,93.706884825902));
#3607 = CARTESIAN_POINT('',(94.999777848198,93.68599854492));
#3608 = ( GEOMETRIC_REPRESENTATION_CONTEXT(2) 
PARAMETRIC_REPRESENTATION_CONTEXT() REPRESENTATION_CONTEXT('2D SPACE',''
  ) );
#3609 = PCURVE('',#2584,#3610);
#3610 = DEFINITIONAL_REPRESENTATION('',(#3611),#3617);
#3611 = B_SPLINE_CURVE_WITH_KNOTS('',4,(#3612,#3613,#3614,#3615,#3616),
  .UNSPECIFIED.,.F.,.F.,(5,5),(0.,1.),.PIECEWISE_BEZIER_KNOTS.);
#3612 = CARTESIAN_POINT('',(3.684131733773E-02,6.443380364385E-02));
#3613 = CARTESIAN_POINT('',(1.815579988316E-02,6.557673656355E-02));
#3614 = CARTESIAN_POINT('',(5.958439784467E-03,6.670508349829E-02));
#3615 = CARTESIAN_POINT('',(8.474351974141E-07,6.781746769671E-02));
#3616 = CARTESIAN_POINT('',(0.,6.891284982762E-02));
#3617 = ( GEOMETRIC_REPRESENTATION_CONTEXT(2) 
PARAMETRIC_REPRESENTATION_CONTEXT() REPRESENTATION_CONTEXT('2D SPACE',''
  ) );
#3618 = ADVANCED_FACE('',(#3619),#2286,.F.);
#3619 = FACE_BOUND('',#3620,.F.);
#3620 = EDGE_LOOP('',(#3621,#3622,#3623,#3624,#3625,#3626,#3627,#3669));
#3621 = ORIENTED_EDGE('',*,*,#3194,.F.);
#3622 = ORIENTED_EDGE('',*,*,#2260,.T.);
#3623 = ORIENTED_EDGE('',*,*,#2359,.T.);
#3624 = ORIENTED_EDGE('',*,*,#2415,.F.);
#3625 = ORIENTED_EDGE('',*,*,#2471,.F.);
#3626 = ORIENTED_EDGE('',*,*,#2751,.F.);
#3627 = ORIENTED_EDGE('',*,*,#3628,.T.);
#3628 = EDGE_CURVE('',#2752,#3412,#3629,.T.);
#3629 = SURFACE_CURVE('',#3630,(#3642,#3649),.PCURVE_S1.);
#3630 = B_SPLINE_CURVE_WITH_KNOTS('',4,(#3631,#3632,#3633,#3634,#3635,
    #3636,#3637,#3638,#3639,#3640,#3641),.UNSPECIFIED.,.F.,.F.,(5,3,3,5)
  ,(-5.5645036539,8.291249637397E-13,115.,120.62979427302),
  .UNSPECIFIED.);
#3631 = CARTESIAN_POINT('',(46.352528816424,44.697719329815,
    1.075909877233E+03));
#3632 = CARTESIAN_POINT('',(46.337821564297,44.710376222131,
    1.07448606453E+03));
#3633 = CARTESIAN_POINT('',(46.323226858073,44.722936258736,
    1.073073147423E+03));
#3634 = CARTESIAN_POINT('',(46.30874469775,44.73539943963,
    1.071671125913E+03));
#3635 = CARTESIAN_POINT('',(45.997402386181,45.003337058227,1.04153E+03)
  );
#3636 = CARTESIAN_POINT('',(45.685811512038,45.257817784049,1.01278E+03)
  );
#3637 = CARTESIAN_POINT('',(45.359774743996,45.510262199483,984.03));
#3638 = CARTESIAN_POINT('',(45.003127087036,45.772023015088,
    953.87255143174));
#3639 = CARTESIAN_POINT('',(44.98648233564,45.784239396203,
    952.46510286349));
#3640 = CARTESIAN_POINT('',(44.969837584244,45.796455777317,
    951.05765429523));
#3641 = CARTESIAN_POINT('',(44.953192832848,45.808672158431,
    949.65020572698));
#3642 = PCURVE('',#2286,#3643);
#3643 = DEFINITIONAL_REPRESENTATION('',(#3644),#3648);
#3644 = LINE('',#3645,#3646);
#3645 = CARTESIAN_POINT('',(115.,0.));
#3646 = VECTOR('',#3647,1.);
#3647 = DIRECTION('',(0.,1.));
#3648 = ( GEOMETRIC_REPRESENTATION_CONTEXT(2) 
PARAMETRIC_REPRESENTATION_CONTEXT() REPRESENTATION_CONTEXT('2D SPACE',''
  ) );
#3649 = PCURVE('',#2867,#3650);
#3650 = DEFINITIONAL_REPRESENTATION('',(#3651),#3668);
#3651 = B_SPLINE_CURVE_WITH_KNOTS('',8,(#3652,#3653,#3654,#3655,#3656,
    #3657,#3658,#3659,#3660,#3661,#3662,#3663,#3664,#3665,#3666,#3667),
  .UNSPECIFIED.,.F.,.F.,(9,7,9),(2.253593798985,57.834435861955,
    113.41527792492),.UNSPECIFIED.);
#3652 = CARTESIAN_POINT('',(3.684132076588E-02,6.4433803644E-02));
#3653 = CARTESIAN_POINT('',(7.204135296681,6.473746464894E-02));
#3654 = CARTESIAN_POINT('',(14.374000670012,6.504084807847E-02));
#3655 = CARTESIAN_POINT('',(21.546435245392,6.534391644801E-02));
#3656 = CARTESIAN_POINT('',(28.721438431333,6.564663269212E-02));
#3657 = CARTESIAN_POINT('',(35.899006664498,6.594895997082E-02));
#3658 = CARTESIAN_POINT('',(43.079135390026,6.625086175342E-02));
#3659 = CARTESIAN_POINT('',(50.261821164137,6.655230190733E-02));
#3660 = CARTESIAN_POINT('',(64.632293727367,6.715418713369E-02));
#3661 = CARTESIAN_POINT('',(71.820080480403,6.745463220477E-02));
#3662 = CARTESIAN_POINT('',(79.010414819404,6.775454397439E-02));
#3663 = CARTESIAN_POINT('',(86.203283281371,6.805388659342E-02));
#3664 = CARTESIAN_POINT('',(93.398688930903,6.835262525102E-02));
#3665 = CARTESIAN_POINT('',(100.59661347492,6.865072459932E-02));
#3666 = CARTESIAN_POINT('',(107.79705469019,6.8948150308E-02));
#3667 = CARTESIAN_POINT('',(115.,6.924486796794E-02));
#3668 = ( GEOMETRIC_REPRESENTATION_CONTEXT(2) 
PARAMETRIC_REPRESENTATION_CONTEXT() REPRESENTATION_CONTEXT('2D SPACE',''
  ) );
#3669 = ORIENTED_EDGE('',*,*,#3433,.F.);
#3670 = ADVANCED_FACE('',(#3671),#2546,.T.);
#3671 = FACE_BOUND('',#3672,.T.);
#3672 = EDGE_LOOP('',(#3673,#3674,#3692,#3693));
#3673 = ORIENTED_EDGE('',*,*,#2528,.T.);
#3674 = ORIENTED_EDGE('',*,*,#3675,.F.);
#3675 = EDGE_CURVE('',#3392,#2531,#3676,.T.);
#3676 = SURFACE_CURVE('',#3677,(#3680,#3686),.PCURVE_S1.);
#3677 = B_SPLINE_CURVE_WITH_KNOTS('',1,(#3678,#3679),.UNSPECIFIED.,.F.,
  .F.,(2,2),(0.,1.),.PIECEWISE_BEZIER_KNOTS.);
#3678 = CARTESIAN_POINT('',(32.057059028401,120.,965.22220640632));
#3679 = CARTESIAN_POINT('',(34.184762657409,120.,992.));
#3680 = PCURVE('',#2546,#3681);
#3681 = DEFINITIONAL_REPRESENTATION('',(#3682),#3685);
#3682 = B_SPLINE_CURVE_WITH_KNOTS('',1,(#3683,#3684),.UNSPECIFIED.,.F.,
  .F.,(2,2),(0.,1.),.PIECEWISE_BEZIER_KNOTS.);
#3683 = CARTESIAN_POINT('',(45.222206406326,92.057059028401));
#3684 = CARTESIAN_POINT('',(72.,94.184762657409));
#3685 = ( GEOMETRIC_REPRESENTATION_CONTEXT(2) 
PARAMETRIC_REPRESENTATION_CONTEXT() REPRESENTATION_CONTEXT('2D SPACE',''
  ) );
#3686 = PCURVE('',#2867,#3687);
#3687 = DEFINITIONAL_REPRESENTATION('',(#3688),#3691);
#3688 = B_SPLINE_CURVE_WITH_KNOTS('',1,(#3689,#3690),.UNSPECIFIED.,.F.,
  .F.,(2,2),(0.,1.),.PIECEWISE_BEZIER_KNOTS.);
#3689 = CARTESIAN_POINT('',(115.,0.434427449475));
#3690 = CARTESIAN_POINT('',(80.823410215565,0.434427449475));
#3691 = ( GEOMETRIC_REPRESENTATION_CONTEXT(2) 
PARAMETRIC_REPRESENTATION_CONTEXT() REPRESENTATION_CONTEXT('2D SPACE',''
  ) );
#3692 = ORIENTED_EDGE('',*,*,#3391,.F.);
#3693 = ORIENTED_EDGE('',*,*,#3694,.F.);
#3694 = EDGE_CURVE('',#2529,#3370,#3695,.T.);
#3695 = SURFACE_CURVE('',#3696,(#3699,#3705),.PCURVE_S1.);
#3696 = B_SPLINE_CURVE_WITH_KNOTS('',1,(#3697,#3698),.UNSPECIFIED.,.F.,
  .F.,(2,2),(0.,1.),.PIECEWISE_BEZIER_KNOTS.);
#3697 = CARTESIAN_POINT('',(-37.48702736836,120.,992.));
#3698 = CARTESIAN_POINT('',(-39.21651873105,120.,970.23382819818));
#3699 = PCURVE('',#2546,#3700);
#3700 = DEFINITIONAL_REPRESENTATION('',(#3701),#3704);
#3701 = B_SPLINE_CURVE_WITH_KNOTS('',1,(#3702,#3703),.UNSPECIFIED.,.F.,
  .F.,(2,2),(0.,1.),.PIECEWISE_BEZIER_KNOTS.);
#3702 = CARTESIAN_POINT('',(72.,22.512972631639));
#3703 = CARTESIAN_POINT('',(50.233828198186,20.783481268942));
#3704 = ( GEOMETRIC_REPRESENTATION_CONTEXT(2) 
PARAMETRIC_REPRESENTATION_CONTEXT() REPRESENTATION_CONTEXT('2D SPACE',''
  ) );
#3705 = PCURVE('',#2584,#3706);
#3706 = DEFINITIONAL_REPRESENTATION('',(#3707),#3710);
#3707 = B_SPLINE_CURVE_WITH_KNOTS('',1,(#3708,#3709),.UNSPECIFIED.,.F.,
  .F.,(2,2),(0.,1.),.PIECEWISE_BEZIER_KNOTS.);
#3708 = CARTESIAN_POINT('',(27.780239706675,0.434427449475));
#3709 = CARTESIAN_POINT('',(0.,0.434427449475));
#3710 = ( GEOMETRIC_REPRESENTATION_CONTEXT(2) 
PARAMETRIC_REPRESENTATION_CONTEXT() REPRESENTATION_CONTEXT('2D SPACE',''
  ) );
#3711 = ADVANCED_FACE('',(#3712),#2867,.T.);
#3712 = FACE_BOUND('',#3713,.T.);
#3713 = EDGE_LOOP('',(#3714,#3715,#3716,#3717));
#3714 = ORIENTED_EDGE('',*,*,#3628,.T.);
#3715 = ORIENTED_EDGE('',*,*,#3411,.T.);
#3716 = ORIENTED_EDGE('',*,*,#3675,.T.);
#3717 = ORIENTED_EDGE('',*,*,#2843,.F.);
#3718 = ADVANCED_FACE('',(#3719),#2663,.F.);
#3719 = FACE_BOUND('',#3720,.F.);
#3720 = EDGE_LOOP('',(#3721,#3763,#3764,#3765,#3766,#3767,#3768));
#3721 = ORIENTED_EDGE('',*,*,#3722,.T.);
#3722 = EDGE_CURVE('',#3465,#2559,#3723,.T.);
#3723 = SURFACE_CURVE('',#3724,(#3736,#3743),.PCURVE_S1.);
#3724 = B_SPLINE_CURVE_WITH_KNOTS('',4,(#3725,#3726,#3727,#3728,#3729,
    #3730,#3731,#3732,#3733,#3734,#3735),.UNSPECIFIED.,.F.,.F.,(5,3,3,5)
  ,(-5.5645036539,5.267238732679E-13,115.,120.62979427302),
  .UNSPECIFIED.);
#3725 = CARTESIAN_POINT('',(-46.35252881642,44.697719329815,
    949.65012276708));
#3726 = CARTESIAN_POINT('',(-46.33782156429,44.710376222131,
    951.07393547006));
#3727 = CARTESIAN_POINT('',(-46.32322685807,44.722936258736,
    952.48685257654));
#3728 = CARTESIAN_POINT('',(-46.30874469775,44.73539943963,
    953.88887408652));
#3729 = CARTESIAN_POINT('',(-45.99740238618,45.003337058227,
    984.02999999999));
#3730 = CARTESIAN_POINT('',(-45.68581151203,45.257817784049,1.01278E+03)
  );
#3731 = CARTESIAN_POINT('',(-45.35977474399,45.510262199483,1.04153E+03)
  );
#3732 = CARTESIAN_POINT('',(-45.00312708703,45.772023015088,
    1.071687448568E+03));
#3733 = CARTESIAN_POINT('',(-44.98648233564,45.784239396203,
    1.073094897137E+03));
#3734 = CARTESIAN_POINT('',(-44.96983758424,45.796455777317,
    1.074502345705E+03));
#3735 = CARTESIAN_POINT('',(-44.95319283284,45.808672158431,
    1.075909794273E+03));
#3736 = PCURVE('',#2663,#3737);
#3737 = DEFINITIONAL_REPRESENTATION('',(#3738),#3742);
#3738 = LINE('',#3739,#3740);
#3739 = CARTESIAN_POINT('',(115.,0.));
#3740 = VECTOR('',#3741,1.);
#3741 = DIRECTION('',(0.,1.));
#3742 = ( GEOMETRIC_REPRESENTATION_CONTEXT(2) 
PARAMETRIC_REPRESENTATION_CONTEXT() REPRESENTATION_CONTEXT('2D SPACE',''
  ) );
#3743 = PCURVE('',#2584,#3744);
#3744 = DEFINITIONAL_REPRESENTATION('',(#3745),#3762);
#3745 = B_SPLINE_CURVE_WITH_KNOTS('',8,(#3746,#3747,#3748,#3749,#3750,
    #3751,#3752,#3753,#3754,#3755,#3756,#3757,#3758,#3759,#3760,#3761),
  .UNSPECIFIED.,.F.,.F.,(9,7,9),(2.253593798984,57.834435861955,
    113.41527792492),.UNSPECIFIED.);
#3746 = CARTESIAN_POINT('',(3.684132076516E-02,6.4433803644E-02));
#3747 = CARTESIAN_POINT('',(7.20413529668,6.473746464894E-02));
#3748 = CARTESIAN_POINT('',(14.374000670012,6.504084807847E-02));
#3749 = CARTESIAN_POINT('',(21.54643524539,6.534391644801E-02));
#3750 = CARTESIAN_POINT('',(28.721438431334,6.564663269213E-02));
#3751 = CARTESIAN_POINT('',(35.899006664497,6.594895997082E-02));
#3752 = CARTESIAN_POINT('',(43.079135390027,6.625086175342E-02));
#3753 = CARTESIAN_POINT('',(50.261821164137,6.655230190733E-02));
#3754 = CARTESIAN_POINT('',(64.632293727368,6.715418713369E-02));
#3755 = CARTESIAN_POINT('',(71.820080480398,6.745463220477E-02));
#3756 = CARTESIAN_POINT('',(79.010414819414,6.77545439744E-02));
#3757 = CARTESIAN_POINT('',(86.203283281358,6.805388659341E-02));
#3758 = CARTESIAN_POINT('',(93.398688930913,6.835262525102E-02));
#3759 = CARTESIAN_POINT('',(100.59661347491,6.865072459932E-02));
#3760 = CARTESIAN_POINT('',(107.79705469019,6.8948150308E-02));
#3761 = CARTESIAN_POINT('',(115.,6.924486796794E-02));
#3762 = ( GEOMETRIC_REPRESENTATION_CONTEXT(2) 
PARAMETRIC_REPRESENTATION_CONTEXT() REPRESENTATION_CONTEXT('2D SPACE',''
  ) );
#3763 = ORIENTED_EDGE('',*,*,#2601,.T.);
#3764 = ORIENTED_EDGE('',*,*,#2887,.F.);
#3765 = ORIENTED_EDGE('',*,*,#2946,.F.);
#3766 = ORIENTED_EDGE('',*,*,#3002,.T.);
#3767 = ORIENTED_EDGE('',*,*,#3129,.T.);
#3768 = ORIENTED_EDGE('',*,*,#3464,.T.);
#3769 = ADVANCED_FACE('',(#3770),#2584,.T.);
#3770 = FACE_BOUND('',#3771,.T.);
#3771 = EDGE_LOOP('',(#3772,#3773,#3774,#3775,#3776));
#3772 = ORIENTED_EDGE('',*,*,#3722,.T.);
#3773 = ORIENTED_EDGE('',*,*,#2558,.T.);
#3774 = ORIENTED_EDGE('',*,*,#3694,.T.);
#3775 = ORIENTED_EDGE('',*,*,#3369,.F.);
#3776 = ORIENTED_EDGE('',*,*,#3592,.F.);
#3777 = ( GEOMETRIC_REPRESENTATION_CONTEXT(3) 
GLOBAL_UNCERTAINTY_ASSIGNED_CONTEXT((#3781)) 
GLOBAL_UNIT_ASSIGNED_CONTEXT((#3778,#3779,#3780)) REPRESENTATION_CONTEXT
('Context #1','3D Context with UNIT and UNCERTAINTY') );
#3778 = ( LENGTH_UNIT() NAMED_UNIT(*) SI_UNIT(.MILLI.,.METRE.) );
#3779 = ( NAMED_UNIT(*) PLANE_ANGLE_UNIT() SI_UNIT($,.RADIAN.) );
#3780 = ( NAMED_UNIT(*) SI_UNIT($,.STERADIAN.) SOLID_ANGLE_UNIT() );
#3781 = UNCERTAINTY_MEASURE_WITH_UNIT(LENGTH_MEASURE(2.E-06),#3778,
  'distance_accuracy_value','confusion accuracy');
#3782 = CONTEXT_DEPENDENT_SHAPE_REPRESENTATION(#3783,#3785);
#3783 = ( REPRESENTATION_RELATIONSHIP('','',#32,#10) 
REPRESENTATION_RELATIONSHIP_WITH_TRANSFORMATION(#3784) 
SHAPE_REPRESENTATION_RELATIONSHIP() );
#3784 = ITEM_DEFINED_TRANSFORMATION('','',#11,#15);
#3785 = PRODUCT_DEFINITION_SHAPE('Placement','Placement of an item',
  #3786);
#3786 = NEXT_ASSEMBLY_USAGE_OCCURRENCE('13','HEAD_7075_ROOT_LOCAL','',#5
  ,#27,$);
#3787 = PRODUCT_RELATED_PRODUCT_CATEGORY('part',$,(#29));
ENDSEC;
END-ISO-10303-21;
