ISO-10303-21;
HEADER;
FILE_DESCRIPTION(('Open CASCADE Model'),'2;1');
FILE_NAME('Open CASCADE Shape Model','2026-09-30T05:02:54',('Author'),(
    'Open CASCADE'),'Open CASCADE STEP processor 7.9','Open CASCADE 7.9'
  ,'Unknown');
FILE_SCHEMA(('AUTOMOTIVE_DESIGN { 1 0 10303 214 1 1 1 1 }'));
ENDSEC;
DATA;
#1 = APPLICATION_PROTOCOL_DEFINITION('international standard',
  'automotive_design',2000,#2);
#2 = APPLICATION_CONTEXT(
  'core data for automotive mechanical design processes');
#3 = SHAPE_DEFINITION_REPRESENTATION(#4,#10);
#4 = PRODUCT_DEFINITION_SHAPE('','',#5);
#5 = PRODUCT_DEFINITION('design','',#6,#9);
#6 = PRODUCT_DEFINITION_FORMATION('','',#7);
#7 = PRODUCT('B14B11B_R6_ROOT_FILLET_CANDIDATE',
  'B14B11B_R6_ROOT_FILLET_CANDIDATE','',(#8));
#8 = PRODUCT_CONTEXT('',#2,'mechanical');
#9 = PRODUCT_DEFINITION_CONTEXT('part definition',#2,'design');
#10 = SHAPE_REPRESENTATION('',(#11,#15,#19,#23,#27,#31,#35),#39);
#11 = AXIS2_PLACEMENT_3D('',#12,#13,#14);
#12 = CARTESIAN_POINT('',(0.,0.,0.));
#13 = DIRECTION('',(0.,0.,1.));
#14 = DIRECTION('',(1.,0.,-0.));
#15 = AXIS2_PLACEMENT_3D('',#16,#17,#18);
#16 = CARTESIAN_POINT('',(0.,0.,0.));
#17 = DIRECTION('',(0.,0.,1.));
#18 = DIRECTION('',(1.,0.,-0.));
#19 = AXIS2_PLACEMENT_3D('',#20,#21,#22);
#20 = CARTESIAN_POINT('',(0.,0.,0.));
#21 = DIRECTION('',(0.,0.,1.));
#22 = DIRECTION('',(1.,0.,-0.));
#23 = AXIS2_PLACEMENT_3D('',#24,#25,#26);
#24 = CARTESIAN_POINT('',(0.,0.,0.));
#25 = DIRECTION('',(0.,0.,1.));
#26 = DIRECTION('',(1.,0.,-0.));
#27 = AXIS2_PLACEMENT_3D('',#28,#29,#30);
#28 = CARTESIAN_POINT('',(0.,0.,0.));
#29 = DIRECTION('',(0.,0.,1.));
#30 = DIRECTION('',(1.,0.,-0.));
#31 = AXIS2_PLACEMENT_3D('',#32,#33,#34);
#32 = CARTESIAN_POINT('',(0.,0.,0.));
#33 = DIRECTION('',(0.,0.,1.));
#34 = DIRECTION('',(1.,0.,-0.));
#35 = AXIS2_PLACEMENT_3D('',#36,#37,#38);
#36 = CARTESIAN_POINT('',(0.,0.,0.));
#37 = DIRECTION('',(0.,0.,1.));
#38 = DIRECTION('',(1.,0.,-0.));
#39 = ( GEOMETRIC_REPRESENTATION_CONTEXT(3) 
GLOBAL_UNCERTAINTY_ASSIGNED_CONTEXT((#43)) GLOBAL_UNIT_ASSIGNED_CONTEXT(
(#40,#41,#42)) REPRESENTATION_CONTEXT('Context #1',
  '3D Context with UNIT and UNCERTAINTY') );
#40 = ( LENGTH_UNIT() NAMED_UNIT(*) SI_UNIT(.MILLI.,.METRE.) );
#41 = ( NAMED_UNIT(*) PLANE_ANGLE_UNIT() SI_UNIT($,.RADIAN.) );
#42 = ( NAMED_UNIT(*) SI_UNIT($,.STERADIAN.) SOLID_ANGLE_UNIT() );
#43 = UNCERTAINTY_MEASURE_WITH_UNIT(LENGTH_MEASURE(1.E-05),#40,
  'distance_accuracy_value','confusion accuracy');
#44 = PRODUCT_RELATED_PRODUCT_CATEGORY('part',$,(#7));
#45 = SHAPE_DEFINITION_REPRESENTATION(#46,#52);
#46 = PRODUCT_DEFINITION_SHAPE('','',#47);
#47 = PRODUCT_DEFINITION('design','',#48,#51);
#48 = PRODUCT_DEFINITION_FORMATION('','',#49);
#49 = PRODUCT('HEAD_BARREL_7075','HEAD_BARREL_7075','',(#50));
#50 = PRODUCT_CONTEXT('',#2,'mechanical');
#51 = PRODUCT_DEFINITION_CONTEXT('part definition',#2,'design');
#52 = ADVANCED_BREP_SHAPE_REPRESENTATION('',(#11,#53),#9377);
#53 = MANIFOLD_SOLID_BREP('',#54);
#54 = CLOSED_SHELL('',(#55,#123,#178,#610,#665,#689,#726,#731,#786,#841,
    #896,#951,#1006,#1061,#1116,#1171,#1226,#1281,#1336,#1391,#1446,
    #1501,#1556,#1611,#1666,#1721,#1776,#1831,#1886,#1941,#1996,#2051,
    #2106,#2161,#2216,#2271,#2326,#2381,#2436,#2491,#2546,#2601,#2656,
    #2711,#2766,#2821,#2876,#2931,#2986,#3041,#3096,#3151,#3206,#3261,
    #3316,#3371,#3426,#3481,#3536,#3591,#3646,#3701,#3756,#3811,#4454,
    #4537,#5090,#5126,#5266,#5423,#5819,#5847,#6426,#6507,#6575,#6600,
    #6629,#6737,#6845,#6893,#6952,#8408,#8440,#8471,#8555,#8658,#8733,
    #8760,#8840,#8887,#8938,#8946,#8954,#8985,#9011,#9047,#9074,#9101,
    #9137,#9192,#9247,#9301,#9350));
#55 = ADVANCED_FACE('',(#56,#92),#69,.F.);
#56 = FACE_BOUND('',#57,.T.);
#57 = EDGE_LOOP('',(#58));
#58 = ORIENTED_EDGE('',*,*,#59,.F.);
#59 = EDGE_CURVE('',#60,#60,#62,.T.);
#60 = VERTEX_POINT('',#61);
#61 = CARTESIAN_POINT('',(47.5563304575,0.,700.));
#62 = SURFACE_CURVE('',#63,(#68,#80),.PCURVE_S1.);
#63 = CIRCLE('',#64,47.5563304575);
#64 = AXIS2_PLACEMENT_3D('',#65,#66,#67);
#65 = CARTESIAN_POINT('',(0.,0.,700.));
#66 = DIRECTION('',(0.,0.,1.));
#67 = DIRECTION('',(1.,0.,0.));
#68 = PCURVE('',#69,#74);
#69 = PLANE('',#70);
#70 = AXIS2_PLACEMENT_3D('',#71,#72,#73);
#71 = CARTESIAN_POINT('',(0.,0.,700.));
#72 = DIRECTION('',(0.,0.,1.));
#73 = DIRECTION('',(1.,0.,0.));
#74 = DEFINITIONAL_REPRESENTATION('',(#75),#79);
#75 = CIRCLE('',#76,47.5563304575);
#76 = AXIS2_PLACEMENT_2D('',#77,#78);
#77 = CARTESIAN_POINT('',(0.,0.));
#78 = DIRECTION('',(1.,0.));
#79 = ( GEOMETRIC_REPRESENTATION_CONTEXT(2) 
PARAMETRIC_REPRESENTATION_CONTEXT() REPRESENTATION_CONTEXT('2D SPACE',''
  ) );
#80 = PCURVE('',#81,#86);
#81 = CONICAL_SURFACE('',#82,47.5563304575,3.262651771423E-02);
#82 = AXIS2_PLACEMENT_3D('',#83,#84,#85);
#83 = CARTESIAN_POINT('',(0.,0.,700.));
#84 = DIRECTION('',(0.,0.,1.));
#85 = DIRECTION('',(1.,0.,0.));
#86 = DEFINITIONAL_REPRESENTATION('',(#87),#91);
#87 = LINE('',#88,#89);
#88 = CARTESIAN_POINT('',(0.,0.));
#89 = VECTOR('',#90,1.);
#90 = DIRECTION('',(1.,0.));
#91 = ( GEOMETRIC_REPRESENTATION_CONTEXT(2) 
PARAMETRIC_REPRESENTATION_CONTEXT() REPRESENTATION_CONTEXT('2D SPACE',''
  ) );
#92 = FACE_BOUND('',#93,.T.);
#93 = EDGE_LOOP('',(#94));
#94 = ORIENTED_EDGE('',*,*,#95,.T.);
#95 = EDGE_CURVE('',#96,#96,#98,.T.);
#96 = VERTEX_POINT('',#97);
#97 = CARTESIAN_POINT('',(32.,0.,700.));
#98 = SURFACE_CURVE('',#99,(#104,#111),.PCURVE_S1.);
#99 = CIRCLE('',#100,32.);
#100 = AXIS2_PLACEMENT_3D('',#101,#102,#103);
#101 = CARTESIAN_POINT('',(0.,0.,700.));
#102 = DIRECTION('',(0.,0.,1.));
#103 = DIRECTION('',(1.,0.,0.));
#104 = PCURVE('',#69,#105);
#105 = DEFINITIONAL_REPRESENTATION('',(#106),#110);
#106 = CIRCLE('',#107,32.);
#107 = AXIS2_PLACEMENT_2D('',#108,#109);
#108 = CARTESIAN_POINT('',(0.,0.));
#109 = DIRECTION('',(1.,0.));
#110 = ( GEOMETRIC_REPRESENTATION_CONTEXT(2) 
PARAMETRIC_REPRESENTATION_CONTEXT() REPRESENTATION_CONTEXT('2D SPACE',''
  ) );
#111 = PCURVE('',#112,#117);
#112 = CYLINDRICAL_SURFACE('',#113,32.);
#113 = AXIS2_PLACEMENT_3D('',#114,#115,#116);
#114 = CARTESIAN_POINT('',(0.,0.,700.));
#115 = DIRECTION('',(-0.,-0.,-1.));
#116 = DIRECTION('',(1.,0.,0.));
#117 = DEFINITIONAL_REPRESENTATION('',(#118),#122);
#118 = LINE('',#119,#120);
#119 = CARTESIAN_POINT('',(6.28318530718,0.));
#120 = VECTOR('',#121,1.);
#121 = DIRECTION('',(-1.,0.));
#122 = ( GEOMETRIC_REPRESENTATION_CONTEXT(2) 
PARAMETRIC_REPRESENTATION_CONTEXT() REPRESENTATION_CONTEXT('2D SPACE',''
  ) );
#123 = ADVANCED_FACE('',(#124),#81,.T.);
#124 = FACE_BOUND('',#125,.T.);
#125 = EDGE_LOOP('',(#126,#127,#150,#177));
#126 = ORIENTED_EDGE('',*,*,#59,.T.);
#127 = ORIENTED_EDGE('',*,*,#128,.T.);
#128 = EDGE_CURVE('',#60,#129,#131,.T.);
#129 = VERTEX_POINT('',#130);
#130 = CARTESIAN_POINT('',(47.705258105561,0.,704.563));
#131 = SEAM_CURVE('',#132,(#136,#143),.PCURVE_S1.);
#132 = LINE('',#133,#134);
#133 = CARTESIAN_POINT('',(47.5563304575,0.,700.));
#134 = VECTOR('',#135,1.);
#135 = DIRECTION('',(3.26207295906E-02,0.,0.999467802383));
#136 = PCURVE('',#81,#137);
#137 = DEFINITIONAL_REPRESENTATION('',(#138),#142);
#138 = LINE('',#139,#140);
#139 = CARTESIAN_POINT('',(6.28318530718,0.));
#140 = VECTOR('',#141,1.);
#141 = DIRECTION('',(0.,1.));
#142 = ( GEOMETRIC_REPRESENTATION_CONTEXT(2) 
PARAMETRIC_REPRESENTATION_CONTEXT() REPRESENTATION_CONTEXT('2D SPACE',''
  ) );
#143 = PCURVE('',#81,#144);
#144 = DEFINITIONAL_REPRESENTATION('',(#145),#149);
#145 = LINE('',#146,#147);
#146 = CARTESIAN_POINT('',(4.138911435803E-13,0.));
#147 = VECTOR('',#148,1.);
#148 = DIRECTION('',(0.,1.));
#149 = ( GEOMETRIC_REPRESENTATION_CONTEXT(2) 
PARAMETRIC_REPRESENTATION_CONTEXT() REPRESENTATION_CONTEXT('2D SPACE',''
  ) );
#150 = ORIENTED_EDGE('',*,*,#151,.F.);
#151 = EDGE_CURVE('',#129,#129,#152,.T.);
#152 = SURFACE_CURVE('',#153,(#158,#165),.PCURVE_S1.);
#153 = CIRCLE('',#154,47.705258105561);
#154 = AXIS2_PLACEMENT_3D('',#155,#156,#157);
#155 = CARTESIAN_POINT('',(0.,0.,704.563));
#156 = DIRECTION('',(0.,0.,1.));
#157 = DIRECTION('',(1.,0.,0.));
#158 = PCURVE('',#81,#159);
#159 = DEFINITIONAL_REPRESENTATION('',(#160),#164);
#160 = LINE('',#161,#162);
#161 = CARTESIAN_POINT('',(0.,4.563));
#162 = VECTOR('',#163,1.);
#163 = DIRECTION('',(1.,0.));
#164 = ( GEOMETRIC_REPRESENTATION_CONTEXT(2) 
PARAMETRIC_REPRESENTATION_CONTEXT() REPRESENTATION_CONTEXT('2D SPACE',''
  ) );
#165 = PCURVE('',#166,#171);
#166 = CONICAL_SURFACE('',#167,47.705258105561,3.242088180408E-02);
#167 = AXIS2_PLACEMENT_3D('',#168,#169,#170);
#168 = CARTESIAN_POINT('',(0.,0.,704.563));
#169 = DIRECTION('',(0.,0.,1.));
#170 = DIRECTION('',(1.,0.,0.));
#171 = DEFINITIONAL_REPRESENTATION('',(#172),#176);
#172 = LINE('',#173,#174);
#173 = CARTESIAN_POINT('',(0.,0.));
#174 = VECTOR('',#175,1.);
#175 = DIRECTION('',(1.,0.));
#176 = ( GEOMETRIC_REPRESENTATION_CONTEXT(2) 
PARAMETRIC_REPRESENTATION_CONTEXT() REPRESENTATION_CONTEXT('2D SPACE',''
  ) );
#177 = ORIENTED_EDGE('',*,*,#128,.F.);
#178 = ADVANCED_FACE('',(#179),#112,.F.);
#179 = FACE_BOUND('',#180,.F.);
#180 = EDGE_LOOP('',(#181,#204,#205,#206,#235,#261,#567,#588));
#181 = ORIENTED_EDGE('',*,*,#182,.F.);
#182 = EDGE_CURVE('',#96,#183,#185,.T.);
#183 = VERTEX_POINT('',#184);
#184 = CARTESIAN_POINT('',(32.,0.,973.78));
#185 = SEAM_CURVE('',#186,(#190,#197),.PCURVE_S1.);
#186 = LINE('',#187,#188);
#187 = CARTESIAN_POINT('',(32.,0.,700.));
#188 = VECTOR('',#189,1.);
#189 = DIRECTION('',(0.,0.,1.));
#190 = PCURVE('',#112,#191);
#191 = DEFINITIONAL_REPRESENTATION('',(#192),#196);
#192 = LINE('',#193,#194);
#193 = CARTESIAN_POINT('',(6.28318530718,0.));
#194 = VECTOR('',#195,1.);
#195 = DIRECTION('',(-0.,-1.));
#196 = ( GEOMETRIC_REPRESENTATION_CONTEXT(2) 
PARAMETRIC_REPRESENTATION_CONTEXT() REPRESENTATION_CONTEXT('2D SPACE',''
  ) );
#197 = PCURVE('',#112,#198);
#198 = DEFINITIONAL_REPRESENTATION('',(#199),#203);
#199 = LINE('',#200,#201);
#200 = CARTESIAN_POINT('',(-5.861977570021E-13,0.));
#201 = VECTOR('',#202,1.);
#202 = DIRECTION('',(-0.,-1.));
#203 = ( GEOMETRIC_REPRESENTATION_CONTEXT(2) 
PARAMETRIC_REPRESENTATION_CONTEXT() REPRESENTATION_CONTEXT('2D SPACE',''
  ) );
#204 = ORIENTED_EDGE('',*,*,#95,.T.);
#205 = ORIENTED_EDGE('',*,*,#182,.T.);
#206 = ORIENTED_EDGE('',*,*,#207,.F.);
#207 = EDGE_CURVE('',#208,#183,#210,.T.);
#208 = VERTEX_POINT('',#209);
#209 = CARTESIAN_POINT('',(-4.609772228646,31.666228067138,973.78));
#210 = SURFACE_CURVE('',#211,(#216,#223),.PCURVE_S1.);
#211 = CIRCLE('',#212,32.);
#212 = AXIS2_PLACEMENT_3D('',#213,#214,#215);
#213 = CARTESIAN_POINT('',(0.,0.,973.78));
#214 = DIRECTION('',(0.,0.,1.));
#215 = DIRECTION('',(1.,0.,0.));
#216 = PCURVE('',#112,#217);
#217 = DEFINITIONAL_REPRESENTATION('',(#218),#222);
#218 = LINE('',#219,#220);
#219 = CARTESIAN_POINT('',(6.28318530718,-273.78));
#220 = VECTOR('',#221,1.);
#221 = DIRECTION('',(-1.,0.));
#222 = ( GEOMETRIC_REPRESENTATION_CONTEXT(2) 
PARAMETRIC_REPRESENTATION_CONTEXT() REPRESENTATION_CONTEXT('2D SPACE',''
  ) );
#223 = PCURVE('',#224,#229);
#224 = PLANE('',#225);
#225 = AXIS2_PLACEMENT_3D('',#226,#227,#228);
#226 = CARTESIAN_POINT('',(-2.051160198809E-15,2.796030478528E-15,973.78
    ));
#227 = DIRECTION('',(0.,0.,1.));
#228 = DIRECTION('',(1.,0.,0.));
#229 = DEFINITIONAL_REPRESENTATION('',(#230),#234);
#230 = CIRCLE('',#231,32.);
#231 = AXIS2_PLACEMENT_2D('',#232,#233);
#232 = CARTESIAN_POINT('',(2.051160198809E-15,-2.796030478528E-15));
#233 = DIRECTION('',(1.,0.));
#234 = ( GEOMETRIC_REPRESENTATION_CONTEXT(2) 
PARAMETRIC_REPRESENTATION_CONTEXT() REPRESENTATION_CONTEXT('2D SPACE',''
  ) );
#235 = ORIENTED_EDGE('',*,*,#236,.T.);
#236 = EDGE_CURVE('',#208,#237,#239,.T.);
#237 = VERTEX_POINT('',#238);
#238 = CARTESIAN_POINT('',(-4.609772228646,31.666228067138,
    971.87497408528));
#239 = SURFACE_CURVE('',#240,(#244,#250),.PCURVE_S1.);
#240 = LINE('',#241,#242);
#241 = CARTESIAN_POINT('',(-4.609772228646,31.666228067138,700.));
#242 = VECTOR('',#243,1.);
#243 = DIRECTION('',(-0.,-0.,-1.));
#244 = PCURVE('',#112,#245);
#245 = DEFINITIONAL_REPRESENTATION('',(#246),#249);
#246 = B_SPLINE_CURVE_WITH_KNOTS('',1,(#247,#248),.UNSPECIFIED.,.F.,.F.,
  (2,2),(-273.7800006,-221.1697310045),.PIECEWISE_BEZIER_KNOTS.);
#247 = CARTESIAN_POINT('',(4.567830648781,-273.7800006));
#248 = CARTESIAN_POINT('',(4.567830648781,-221.1697310045));
#249 = ( GEOMETRIC_REPRESENTATION_CONTEXT(2) 
PARAMETRIC_REPRESENTATION_CONTEXT() REPRESENTATION_CONTEXT('2D SPACE',''
  ) );
#250 = PCURVE('',#251,#256);
#251 = PLANE('',#252);
#252 = AXIS2_PLACEMENT_3D('',#253,#254,#255);
#253 = CARTESIAN_POINT('',(-42.5,31.666228067138,1.06028E+03));
#254 = DIRECTION('',(0.,-1.,0.));
#255 = DIRECTION('',(0.66679485947,0.,-0.745241313525));
#256 = DEFINITIONAL_REPRESENTATION('',(#257),#260);
#257 = B_SPLINE_CURVE_WITH_KNOTS('',1,(#258,#259),.UNSPECIFIED.,.F.,.F.,
  (2,2),(-273.7800006,-221.1697310045),.PIECEWISE_BEZIER_KNOTS.);
#258 = CARTESIAN_POINT('',(89.728382274856,-29.44039182997));
#259 = CARTESIAN_POINT('',(128.93572869307,-64.52064915154));
#260 = ( GEOMETRIC_REPRESENTATION_CONTEXT(2) 
PARAMETRIC_REPRESENTATION_CONTEXT() REPRESENTATION_CONTEXT('2D SPACE',''
  ) );
#261 = ORIENTED_EDGE('',*,*,#262,.T.);
#262 = EDGE_CURVE('',#237,#263,#265,.T.);
#263 = VERTEX_POINT('',#264);
#264 = CARTESIAN_POINT('',(4.609772228646,31.666228067138,
    971.83399914555));
#265 = SURFACE_CURVE('',#266,(#353,#443),.PCURVE_S1.);
#266 = B_SPLINE_CURVE_WITH_KNOTS('',8,(#267,#268,#269,#270,#271,#272,
    #273,#274,#275,#276,#277,#278,#279,#280,#281,#282,#283,#284,#285,
    #286,#287,#288,#289,#290,#291,#292,#293,#294,#295,#296,#297,#298,
    #299,#300,#301,#302,#303,#304,#305,#306,#307,#308,#309,#310,#311,
    #312,#313,#314,#315,#316,#317,#318,#319,#320,#321,#322,#323,#324,
    #325,#326,#327,#328,#329,#330,#331,#332,#333,#334,#335,#336,#337,
    #338,#339,#340,#341,#342,#343,#344,#345,#346,#347,#348,#349,#350,
    #351,#352),.UNSPECIFIED.,.F.,.F.,(9,7,7,7,7,7,7,7,7,7,7,7,9),(0.,
    0.161647338021,0.243974890046,0.33079119449,0.378768523462,
    0.431971361142,0.476750460067,0.519980493437,0.591777865128,
    0.642070249962,0.753952640913,0.861541252397,1.),.UNSPECIFIED.);
#267 = CARTESIAN_POINT('',(-4.609772228646,31.666228067138,
    971.87497408528));
#268 = CARTESIAN_POINT('',(-4.609772228646,31.666228067138,
    971.78856635344));
#269 = CARTESIAN_POINT('',(-4.600003058932,31.667650219294,
    971.70150588678));
#270 = CARTESIAN_POINT('',(-4.580222965374,31.670529612929,
    971.61384683989));
#271 = CARTESIAN_POINT('',(-4.550093897886,31.674898492502,
    971.52565350206));
#272 = CARTESIAN_POINT('',(-4.509170102932,31.680784778611,
    971.43700079621));
#273 = CARTESIAN_POINT('',(-4.456887693469,31.688210462074,971.347974479
    ));
#274 = CARTESIAN_POINT('',(-4.392523930933,31.697189777598,
    971.25867129929));
#275 = CARTESIAN_POINT('',(-4.275660106282,31.713093740031,
    971.12363100758));
#276 = CARTESIAN_POINT('',(-4.232837944386,31.718864296064,
    971.07802092494));
#277 = CARTESIAN_POINT('',(-4.186499251496,31.725039234323,
    971.03238348602));
#278 = CARTESIAN_POINT('',(-4.136497622678,31.731618202452,
    970.98673532827));
#279 = CARTESIAN_POINT('',(-4.082667905238,31.738599810143,
    970.94109541012));
#280 = CARTESIAN_POINT('',(-4.02482155443,31.74598140874,970.89548511999
    ));
#281 = CARTESIAN_POINT('',(-3.962738904407,31.753758833397,
    970.84992844873));
#282 = CARTESIAN_POINT('',(-3.825947627136,31.770538687236,
    970.75649649775));
#283 = CARTESIAN_POINT('',(-3.750744120878,31.779583689819,
    970.70863634196));
#284 = CARTESIAN_POINT('',(-3.670234959531,31.789054789105,
    970.66089825397));
#285 = CARTESIAN_POINT('',(-3.584063117088,31.798942559427,
    970.61331856875));
#286 = CARTESIAN_POINT('',(-3.491809839516,31.809233380339,
    970.56594434969));
#287 = CARTESIAN_POINT('',(-3.392982750702,31.819908442917,
    970.51883387739));
#288 = CARTESIAN_POINT('',(-3.286979270876,31.830942315635,
    970.47205814393));
#289 = CARTESIAN_POINT('',(-3.110003789507,31.848577420635,
    970.4000884694));
#290 = CARTESIAN_POINT('',(-3.044582212514,31.854952656923,
    970.37460405856));
#291 = CARTESIAN_POINT('',(-2.976594681365,31.861420490637,
    970.34926581885));
#292 = CARTESIAN_POINT('',(-2.905891213937,31.867973719828,
    970.32409210258));
#293 = CARTESIAN_POINT('',(-2.832306243381,31.87460350065,
    970.29910538357));
#294 = CARTESIAN_POINT('',(-2.755653339583,31.881299058247,
    970.27433259978));
#295 = CARTESIAN_POINT('',(-2.675715818272,31.888047294202,
    970.24980577684));
#296 = CARTESIAN_POINT('',(-2.499658051219,31.902356282924,
    970.19867964987));
#297 = CARTESIAN_POINT('',(-2.402775097617,31.909921293251,
    970.17216053294));
#298 = CARTESIAN_POINT('',(-2.301189268873,31.917509249207,
    970.1460433968));
#299 = CARTESIAN_POINT('',(-2.194485297095,31.925093629664,
    970.12039167599));
#300 = CARTESIAN_POINT('',(-2.082209793992,31.932637516751,
    970.09529662159));
#301 = CARTESIAN_POINT('',(-1.963867048551,31.940092350804,
    970.07087759908));
#302 = CARTESIAN_POINT('',(-1.838882536644,31.947395657459,
    970.04728583089));
#303 = CARTESIAN_POINT('',(-1.595055999779,31.960416907212,
    970.00572141592));
#304 = CARTESIAN_POINT('',(-1.478516035182,31.966195186352,
    969.98747473033));
#305 = CARTESIAN_POINT('',(-1.356349484889,31.971757584675,
    969.97007577963));
#306 = CARTESIAN_POINT('',(-1.22814861313,31.977038248454,
    969.95368861149));
#307 = CARTESIAN_POINT('',(-1.093653340521,31.98194994099,
    969.93853315739));
#308 = CARTESIAN_POINT('',(-0.95277649664,31.986384923272,
    969.92487989479));
#309 = CARTESIAN_POINT('',(-0.80567120163,31.990221076614,
    969.91303526953));
#310 = CARTESIAN_POINT('',(-0.505401753986,31.996348730252,
    969.89391078587));
#311 = CARTESIAN_POINT('',(-0.352121015565,31.998699308177,
    969.88645510686));
#312 = CARTESIAN_POINT('',(-0.194783415752,32.000248903647,
    969.88131815601));
#313 = CARTESIAN_POINT('',(-3.516995062457E-02,32.000899628409,
    969.87875162442));
#314 = CARTESIAN_POINT('',(0.124887407129,32.000609130561,969.8788676902
    ));
#315 = CARTESIAN_POINT('',(0.28350361026,31.999396628069,969.88163020238
    ));
#316 = CARTESIAN_POINT('',(0.438738024779,31.997343211751,
    969.88684778099));
#317 = CARTESIAN_POINT('',(0.837471392648,31.990007874784,
    969.90632779421));
#318 = CARTESIAN_POINT('',(1.071197035927,31.983494750376,
    969.92427401298));
#319 = CARTESIAN_POINT('',(1.288501894256,31.975541250032,
    969.94675413403));
#320 = CARTESIAN_POINT('',(1.489678171169,31.96663311041,969.97257623401
    ));
#321 = CARTESIAN_POINT('',(1.675607195303,31.957138103342,
    970.00081259657));
#322 = CARTESIAN_POINT('',(1.847763660497,31.947311679122,
    970.03078707934));
#323 = CARTESIAN_POINT('',(2.007978301476,31.937293903932,
    970.06213453932));
#324 = CARTESIAN_POINT('',(2.263703139913,31.920006194487,
    970.11769228694));
#325 = CARTESIAN_POINT('',(2.363874125363,31.912835376464,
    970.14115274955));
#326 = CARTESIAN_POINT('',(2.459346891259,31.905651148389,
    970.16509757419));
#327 = CARTESIAN_POINT('',(2.55049648289,31.898482150693,970.18945396492
    ));
#328 = CARTESIAN_POINT('',(2.637638256141,31.891351087945,
    970.21416310826));
#329 = CARTESIAN_POINT('',(2.721052004009,31.884275868151,
    970.23917793937));
#330 = CARTESIAN_POINT('',(2.800993518344,31.877270368929,
    970.26446211587));
#331 = CARTESIAN_POINT('',(3.048323535659,31.854938009224,
    970.34678096407));
#332 = CARTESIAN_POINT('',(3.202777491641,31.839939273334,
    970.40473331443));
#333 = CARTESIAN_POINT('',(3.343609491298,31.825464862902,
    970.46354709126));
#334 = CARTESIAN_POINT('',(3.472373309884,31.8115899968,970.52300909985)
  );
#335 = CARTESIAN_POINT('',(3.590335223918,31.798366465235,
    970.58295275525));
#336 = CARTESIAN_POINT('',(3.698475016229,31.785826406126,
    970.64325897001));
#337 = CARTESIAN_POINT('',(3.797630309204,31.773989123873,
    970.70384712207));
#338 = CARTESIAN_POINT('',(3.975879709558,31.75216733417,970.82316821065
    ));
#339 = CARTESIAN_POINT('',(4.055556679635,31.742134265429,
    970.88185519384));
#340 = CARTESIAN_POINT('',(4.128126126612,31.732777931876,
    970.94067353652));
#341 = CARTESIAN_POINT('',(4.194059282918,31.724105786186,
    970.99956942059));
#342 = CARTESIAN_POINT('',(4.253741906796,31.716121352581,
    971.05849639044));
#343 = CARTESIAN_POINT('',(4.307501199929,31.708825072153,
    971.11741458953));
#344 = CARTESIAN_POINT('',(4.355619797733,31.702215002417,
    971.17629034489));
#345 = CARTESIAN_POINT('',(4.453310560801,31.688658939009,
    971.31077484423));
#346 = CARTESIAN_POINT('',(4.499334508999,31.682161396426,
    971.38633127424));
#347 = CARTESIAN_POINT('',(4.536920038189,31.676786782027,
    971.46170279491));
#348 = CARTESIAN_POINT('',(4.566467618207,31.672522971667,
    971.53683274966));
#349 = CARTESIAN_POINT('',(4.588296376337,31.669354430739,
    971.61167016791));
#350 = CARTESIAN_POINT('',(4.602663319344,31.667262907474,
    971.68616957203));
#351 = CARTESIAN_POINT('',(4.609772228646,31.666228067138,
    971.76029084314));
#352 = CARTESIAN_POINT('',(4.609772228646,31.666228067138,
    971.83399914555));
#353 = PCURVE('',#112,#354);
#354 = DEFINITIONAL_REPRESENTATION('',(#355),#442);
#355 = B_SPLINE_CURVE_WITH_KNOTS('',8,(#356,#357,#358,#359,#360,#361,
    #362,#363,#364,#365,#366,#367,#368,#369,#370,#371,#372,#373,#374,
    #375,#376,#377,#378,#379,#380,#381,#382,#383,#384,#385,#386,#387,
    #388,#389,#390,#391,#392,#393,#394,#395,#396,#397,#398,#399,#400,
    #401,#402,#403,#404,#405,#406,#407,#408,#409,#410,#411,#412,#413,
    #414,#415,#416,#417,#418,#419,#420,#421,#422,#423,#424,#425,#426,
    #427,#428,#429,#430,#431,#432,#433,#434,#435,#436,#437,#438,#439,
    #440,#441),.UNSPECIFIED.,.F.,.F.,(9,7,7,7,7,7,7,7,7,7,7,7,9),(0.,
    0.161647338021,0.243974890046,0.33079119449,0.378768523462,
    0.431971361142,0.476750460067,0.519980493437,0.591777865128,
    0.642070249962,0.753952640913,0.861541252397,1.),.UNSPECIFIED.);
#356 = CARTESIAN_POINT('',(4.567830648781,-271.8749740852));
#357 = CARTESIAN_POINT('',(4.567830648781,-271.7885663534));
#358 = CARTESIAN_POINT('',(4.568139153192,-271.7015058867));
#359 = CARTESIAN_POINT('',(4.568763796208,-271.6138468398));
#360 = CARTESIAN_POINT('',(4.56971517631,-271.525653502));
#361 = CARTESIAN_POINT('',(4.571007204458,-271.4370007962));
#362 = CARTESIAN_POINT('',(4.572657420706,-271.347974479));
#363 = CARTESIAN_POINT('',(4.574688255916,-271.2586712992));
#364 = CARTESIAN_POINT('',(4.578373913498,-271.1236310075));
#365 = CARTESIAN_POINT('',(4.579724200548,-271.0780209249));
#366 = CARTESIAN_POINT('',(4.581185082406,-271.032383486));
#367 = CARTESIAN_POINT('',(4.582761096137,-270.9867353282));
#368 = CARTESIAN_POINT('',(4.584457357859,-270.9410954101));
#369 = CARTESIAN_POINT('',(4.586279707188,-270.8954851199));
#370 = CARTESIAN_POINT('',(4.588234948048,-270.8499284487));
#371 = CARTESIAN_POINT('',(4.592541717002,-270.7564964977));
#372 = CARTESIAN_POINT('',(4.594908756982,-270.7086363419));
#373 = CARTESIAN_POINT('',(4.597442002994,-270.6608982539));
#374 = CARTESIAN_POINT('',(4.600152519008,-270.6133185687));
#375 = CARTESIAN_POINT('',(4.603053283128,-270.5659443496));
#376 = CARTESIAN_POINT('',(4.606159557763,-270.5188338773));
#377 = CARTESIAN_POINT('',(4.609490031507,-270.4720581439));
#378 = CARTESIAN_POINT('',(4.615047905103,-270.4000884694));
#379 = CARTESIAN_POINT('',(4.617102008748,-270.3746040585));
#380 = CARTESIAN_POINT('',(4.619236201936,-270.3492658188));
#381 = CARTESIAN_POINT('',(4.621455141953,-270.3240921025));
#382 = CARTESIAN_POINT('',(4.623763970374,-270.2991053835));
#383 = CARTESIAN_POINT('',(4.626168478068,-270.2743325997));
#384 = CARTESIAN_POINT('',(4.628675398829,-270.2498057768));
#385 = CARTESIAN_POINT('',(4.634195345303,-270.1986796498));
#386 = CARTESIAN_POINT('',(4.637232138065,-270.1721605329));
#387 = CARTESIAN_POINT('',(4.640415508218,-270.1460433968));
#388 = CARTESIAN_POINT('',(4.643758374241,-270.1203916759));
#389 = CARTESIAN_POINT('',(4.647274837751,-270.0952966215));
#390 = CARTESIAN_POINT('',(4.65098031788,-270.070877599));
#391 = CARTESIAN_POINT('',(4.654892697155,-270.0472858308));
#392 = CARTESIAN_POINT('',(4.662523134063,-270.0057214159));
#393 = CARTESIAN_POINT('',(4.666169455327,-269.9874747303));
#394 = CARTESIAN_POINT('',(4.669991061699,-269.9700757796));
#395 = CARTESIAN_POINT('',(4.674000657548,-269.9536886114));
#396 = CARTESIAN_POINT('',(4.678206337235,-269.9385331573));
#397 = CARTESIAN_POINT('',(4.682610816102,-269.9248798947));
#398 = CARTESIAN_POINT('',(4.687209345483,-269.9130352695));
#399 = CARTESIAN_POINT('',(4.696594719396,-269.8939107858));
#400 = CARTESIAN_POINT('',(4.701385244771,-269.8864551068));
#401 = CARTESIAN_POINT('',(4.70630215685,-269.881318156));
#402 = CARTESIAN_POINT('',(4.711289952133,-269.8787516244));
#403 = CARTESIAN_POINT('',(4.716291583332,-269.8788676902));
#404 = CARTESIAN_POINT('',(4.72124835285,-269.8816302023));
#405 = CARTESIAN_POINT('',(4.7260997886,-269.8868477809));
#406 = CARTESIAN_POINT('',(4.738562314687,-269.9063277942));
#407 = CARTESIAN_POINT('',(4.745868748993,-269.9242740129));
#408 = CARTESIAN_POINT('',(4.752663666708,-269.946754134));
#409 = CARTESIAN_POINT('',(4.75895626522,-269.972576234));
#410 = CARTESIAN_POINT('',(4.764773890986,-270.0008125965));
#411 = CARTESIAN_POINT('',(4.770162401171,-270.0307870793));
#412 = CARTESIAN_POINT('',(4.775178822163,-270.0621345393));
#413 = CARTESIAN_POINT('',(4.783188463441,-270.1176922869));
#414 = CARTESIAN_POINT('',(4.786326792664,-270.1411527495));
#415 = CARTESIAN_POINT('',(4.789318719593,-270.1650975741));
#416 = CARTESIAN_POINT('',(4.792175910292,-270.1894539649));
#417 = CARTESIAN_POINT('',(4.794908168476,-270.2141631082));
#418 = CARTESIAN_POINT('',(4.797524190713,-270.2391779393));
#419 = CARTESIAN_POINT('',(4.8000319284,-270.2644621158));
#420 = CARTESIAN_POINT('',(4.807792434872,-270.346780964));
#421 = CARTESIAN_POINT('',(4.812641714825,-270.4047333144));
#422 = CARTESIAN_POINT('',(4.817065793272,-270.4635470912));
#423 = CARTESIAN_POINT('',(4.821112868753,-270.5230090998));
#424 = CARTESIAN_POINT('',(4.824822211264,-270.5829527552));
#425 = CARTESIAN_POINT('',(4.828224191433,-270.64325897));
#426 = CARTESIAN_POINT('',(4.831344782737,-270.703847122));
#427 = CARTESIAN_POINT('',(4.836956663204,-270.8231682106));
#428 = CARTESIAN_POINT('',(4.839466216436,-270.8818551938));
#429 = CARTESIAN_POINT('',(4.841752767021,-270.9406735365));
#430 = CARTESIAN_POINT('',(4.843830912862,-270.9995694205));
#431 = CARTESIAN_POINT('',(4.845712603723,-271.0584963904));
#432 = CARTESIAN_POINT('',(4.847407979756,-271.1174145895));
#433 = CARTESIAN_POINT('',(4.848925806247,-271.1762903448));
#434 = CARTESIAN_POINT('',(4.852007894755,-271.3107748442));
#435 = CARTESIAN_POINT('',(4.853460401344,-271.3863312742));
#436 = CARTESIAN_POINT('',(4.854646894527,-271.4617027949));
#437 = CARTESIAN_POINT('',(4.855579820079,-271.5368327496));
#438 = CARTESIAN_POINT('',(4.856269117687,-271.6116701679));
#439 = CARTESIAN_POINT('',(4.856722817077,-271.686169572));
#440 = CARTESIAN_POINT('',(4.856947311989,-271.7602908431));
#441 = CARTESIAN_POINT('',(4.856947311989,-271.8339991455));
#442 = ( GEOMETRIC_REPRESENTATION_CONTEXT(2) 
PARAMETRIC_REPRESENTATION_CONTEXT() REPRESENTATION_CONTEXT('2D SPACE',''
  ) );
#443 = PCURVE('',#444,#478);
#444 = ( BOUNDED_SURFACE() B_SPLINE_SURFACE(2,4,(
    (#445,#446,#447,#448,#449,#450,#451,#452,#453,#454,#455)
    ,(#456,#457,#458,#459,#460,#461,#462,#463,#464,#465,#466)
    ,(#467,#468,#469,#470,#471,#472,#473,#474,#475,#476,#477
)),.UNSPECIFIED.,.F.,.F.,.F.) B_SPLINE_SURFACE_WITH_KNOTS((3,3),(5,3,3,5
    ),(0.,85.),(-4.311479238381,-4.072784013803E-14,85.,89.345108675469)
,.UNSPECIFIED.) GEOMETRIC_REPRESENTATION_ITEM() 
RATIONAL_B_SPLINE_SURFACE((
    (1.,1.,1.,1.,1.,1.,1.,1.,1.,1.,1.)
    ,(0.684856474179,0.685126058369,0.685215919766,0.685126058369
      ,0.679541672715,0.674184601679,0.668792351185,0.663095391094
      ,0.663003037928,0.663095391094,0.663372450589)
,(1.,1.,1.,1.,1.,1.,1.,1.,1.,1.,1.
  ))) REPRESENTATION_ITEM('') SURFACE() );
#445 = CARTESIAN_POINT('',(46.845159379136,31.666228067138,
    971.64933832243));
#446 = CARTESIAN_POINT('',(45.750449499163,31.666228067138,
    971.65407187029));
#447 = CARTESIAN_POINT('',(44.661352975983,31.666228067138,
    971.6587811459));
#448 = CARTESIAN_POINT('',(43.577869809595,31.666228067138,
    971.66346614923));
#449 = CARTESIAN_POINT('',(21.25,31.666228067138,971.76001231412));
#450 = CARTESIAN_POINT('',(-4.618527782441E-14,31.666228067138,
    971.85360553911));
#451 = CARTESIAN_POINT('',(-21.25,31.666228067138,971.94890195371));
#452 = CARTESIAN_POINT('',(-43.58627716886,31.666228067138,
    972.05084620858));
#453 = CARTESIAN_POINT('',(-44.67256201581,31.666228067138,
    972.05580408489));
#454 = CARTESIAN_POINT('',(-45.75885454082,31.666228067138,
    972.06076199623));
#455 = CARTESIAN_POINT('',(-46.84515474392,31.666228067138,
    972.06571994263));
#456 = CARTESIAN_POINT('',(46.845199990309,31.666228067138,
    965.28449857564));
#457 = CARTESIAN_POINT('',(45.749190806148,31.666228067138,
    965.28442537435));
#458 = CARTESIAN_POINT('',(44.660225954126,31.666228067138,
    965.28435264355));
#459 = CARTESIAN_POINT('',(43.577445688142,31.666228067138,
    965.28428032581));
#460 = CARTESIAN_POINT('',(21.083800433946,31.666228067138,
    965.2827779992));
#461 = CARTESIAN_POINT('',(-0.226029469503,31.666228067138,
    965.2812406949));
#462 = CARTESIAN_POINT('',(-21.42221023456,31.666228067138,
    965.2795948937));
#463 = CARTESIAN_POINT('',(-43.58673104535,31.666228067138,
    965.27775042273));
#464 = CARTESIAN_POINT('',(-44.67378007034,31.666228067138,
    965.27765996148));
#465 = CARTESIAN_POINT('',(-45.76023880987,31.666228067138,
    965.27756954934));
#466 = CARTESIAN_POINT('',(-46.84519998495,31.666228067138,
    965.27747926183));
#467 = CARTESIAN_POINT('',(46.845117729656,38.020024957434,
    965.65975186773));
#468 = CARTESIAN_POINT('',(45.750428674423,38.024525135463,
    965.6647646174));
#469 = CARTESIAN_POINT('',(44.661346034403,38.029002265973,
    965.66975169443));
#470 = CARTESIAN_POINT('',(43.577869809595,38.033456348964,
    965.67471309882));
#471 = CARTESIAN_POINT('',(21.25,38.125244413043,965.77695585122));
#472 = CARTESIAN_POINT('',(-4.263256414561E-14,38.212392331472,
    965.87766335167));
#473 = CARTESIAN_POINT('',(-21.25,38.299182062965,965.98174821482));
#474 = CARTESIAN_POINT('',(-43.58627716886,38.389883016008,
    966.09464412538));
#475 = CARTESIAN_POINT('',(-44.67255433773,38.394294063281,
    966.10013457704));
#476 = CARTESIAN_POINT('',(-45.7588315066,38.398705110553,966.1056250287
    ));
#477 = CARTESIAN_POINT('',(-46.84510867547,38.403116157826,
    966.11111548036));
#478 = DEFINITIONAL_REPRESENTATION('',(#479),#566);
#479 = B_SPLINE_CURVE_WITH_KNOTS('',8,(#480,#481,#482,#483,#484,#485,
    #486,#487,#488,#489,#490,#491,#492,#493,#494,#495,#496,#497,#498,
    #499,#500,#501,#502,#503,#504,#505,#506,#507,#508,#509,#510,#511,
    #512,#513,#514,#515,#516,#517,#518,#519,#520,#521,#522,#523,#524,
    #525,#526,#527,#528,#529,#530,#531,#532,#533,#534,#535,#536,#537,
    #538,#539,#540,#541,#542,#543,#544,#545,#546,#547,#548,#549,#550,
    #551,#552,#553,#554,#555,#556,#557,#558,#559,#560,#561,#562,#563,
    #564,#565),.UNSPECIFIED.,.F.,.F.,(9,7,7,7,7,7,7,7,7,7,7,7,9),(0.,
    0.161647338021,0.243974890046,0.33079119449,0.378768523462,
    0.431971361142,0.476750460067,0.519980493437,0.591777865128,
    0.642070249962,0.753952640913,0.861541252397,1.),.UNSPECIFIED.);
#480 = CARTESIAN_POINT('',(0.,47.109772228646));
#481 = CARTESIAN_POINT('',(0.827501739917,47.109772231208));
#482 = CARTESIAN_POINT('',(1.654816252254,47.100003064035));
#483 = CARTESIAN_POINT('',(2.481745048859,47.080222972974));
#484 = CARTESIAN_POINT('',(3.308019446131,47.050093907921));
#485 = CARTESIAN_POINT('',(4.133298624835,47.009170115313));
#486 = CARTESIAN_POINT('',(4.957168434199,46.956887708082));
#487 = CARTESIAN_POINT('',(5.779137142112,46.89252394764));
#488 = CARTESIAN_POINT('',(7.015992012611,46.775660125893));
#489 = CARTESIAN_POINT('',(7.43269720384,46.732837964933));
#490 = CARTESIAN_POINT('',(7.848662673342,46.686499272931));
#491 = CARTESIAN_POINT('',(8.26379134202,46.63649764495));
#492 = CARTESIAN_POINT('',(8.677965935543,46.582667928289));
#493 = CARTESIAN_POINT('',(9.091047812444,46.5248215782));
#494 = CARTESIAN_POINT('',(9.502874969994,46.46273892883));
#495 = CARTESIAN_POINT('',(10.346018902982,46.325947652752));
#496 = CARTESIAN_POINT('',(10.777118888957,46.250744147026));
#497 = CARTESIAN_POINT('',(11.206383639416,46.170234986124));
#498 = CARTESIAN_POINT('',(11.633547617272,46.084063144034));
#499 = CARTESIAN_POINT('',(12.058247124305,45.991809866712));
#500 = CARTESIAN_POINT('',(12.480015249882,45.892982778036));
#501 = CARTESIAN_POINT('',(12.898266177693,45.786979298226));
#502 = CARTESIAN_POINT('',(13.541037946912,45.610003816673));
#503 = CARTESIAN_POINT('',(13.768493336603,45.544582239574));
#504 = CARTESIAN_POINT('',(13.9945000334,45.476594708276));
#505 = CARTESIAN_POINT('',(14.218899488221,45.405891240652));
#506 = CARTESIAN_POINT('',(14.441495191918,45.332306269852));
#507 = CARTESIAN_POINT('',(14.662049286057,45.255653365759));
#508 = CARTESIAN_POINT('',(14.88027642055,45.175715844098));
#509 = CARTESIAN_POINT('',(15.334871103196,44.999658076185));
#510 = CARTESIAN_POINT('',(15.570492660832,44.902775122059));
#511 = CARTESIAN_POINT('',(15.802358514178,44.801189292715));
#512 = CARTESIAN_POINT('',(16.029894745208,44.694485320254));
#513 = CARTESIAN_POINT('',(16.252273740536,44.58220981638));
#514 = CARTESIAN_POINT('',(16.468410324407,44.463867070071));
#515 = CARTESIAN_POINT('',(16.676925318502,44.338882557193));
#516 = CARTESIAN_POINT('',(17.043604464711,44.09505601833));
#517 = CARTESIAN_POINT('',(17.204299758812,43.978516052742));
#518 = CARTESIAN_POINT('',(17.357202243679,43.856349501373));
#519 = CARTESIAN_POINT('',(17.500814810058,43.728148628448));
#520 = CARTESIAN_POINT('',(17.633137261629,43.593653354579));
#521 = CARTESIAN_POINT('',(17.751713602542,43.452776509343));
#522 = CARTESIAN_POINT('',(17.853765956215,43.305671212889));
#523 = CARTESIAN_POINT('',(18.016446304867,43.005401762243));
#524 = CARTESIAN_POINT('',(18.078658082052,42.852121022267));
#525 = CARTESIAN_POINT('',(18.119780327917,42.694783420838));
#526 = CARTESIAN_POINT('',(18.137582183262,42.535169954058));
#527 = CARTESIAN_POINT('',(18.131100241394,42.375112594643));
#528 = CARTESIAN_POINT('',(18.100722225575,42.216496389868));
#529 = CARTESIAN_POINT('',(18.04824885035,42.061261973751));
#530 = CARTESIAN_POINT('',(17.858492404066,41.662528601815));
#531 = CARTESIAN_POINT('',(17.688224162793,41.428802956195));
#532 = CARTESIAN_POINT('',(17.477534082549,41.211498095754));
#533 = CARTESIAN_POINT('',(17.237235200649,41.010321816965));
#534 = CARTESIAN_POINT('',(16.975703954194,40.824392791177));
#535 = CARTESIAN_POINT('',(16.698999053331,40.652236324533));
#536 = CARTESIAN_POINT('',(16.410348541259,40.492021682282));
#537 = CARTESIAN_POINT('',(15.899787609271,40.236296841951));
#538 = CARTESIAN_POINT('',(15.684474662939,40.1361258558));
#539 = CARTESIAN_POINT('',(15.464957022754,40.040653089278));
#540 = CARTESIAN_POINT('',(15.241871613762,39.94950349709));
#541 = CARTESIAN_POINT('',(15.015729642094,39.862361723345));
#542 = CARTESIAN_POINT('',(14.786936391631,39.778947975044));
#543 = CARTESIAN_POINT('',(14.555800370437,39.699006460333));
#544 = CARTESIAN_POINT('',(13.803593508355,39.451676441975));
#545 = CARTESIAN_POINT('',(13.274517013292,39.297222485542));
#546 = CARTESIAN_POINT('',(12.737798402137,39.156390485645));
#547 = CARTESIAN_POINT('',(12.195167898716,39.027626667055));
#548 = CARTESIAN_POINT('',(11.647939986426,38.909664753153));
#549 = CARTESIAN_POINT('',(11.097010068872,38.801524961167));
#550 = CARTESIAN_POINT('',(10.54293159038,38.702369668648));
#551 = CARTESIAN_POINT('',(9.450272841394,38.52412026945));
#552 = CARTESIAN_POINT('',(8.912169461645,38.444443300061));
#553 = CARTESIAN_POINT('',(8.372016410128,38.37187385388));
#554 = CARTESIAN_POINT('',(7.830156061844,38.305940698468));
#555 = CARTESIAN_POINT('',(7.286870289728,38.246258075571));
#556 = CARTESIAN_POINT('',(6.742387090628,38.192498783498));
#557 = CARTESIAN_POINT('',(6.196883871565,38.144380186823));
#558 = CARTESIAN_POINT('',(4.947314721858,38.04668942648));
#559 = CARTESIAN_POINT('',(4.242721910966,38.000665479918));
#560 = CARTESIAN_POINT('',(3.537015675401,37.963079952449));
#561 = CARTESIAN_POINT('',(2.830464967697,37.933532374222));
#562 = CARTESIAN_POINT('',(2.123303706138,37.911703617937));
#563 = CARTESIAN_POINT('',(1.415732517896,37.897336676816));
#564 = CARTESIAN_POINT('',(0.707919500266,37.890227769427));
#565 = CARTESIAN_POINT('',(0.,37.890227771354));
#566 = ( GEOMETRIC_REPRESENTATION_CONTEXT(2) 
PARAMETRIC_REPRESENTATION_CONTEXT() REPRESENTATION_CONTEXT('2D SPACE',''
  ) );
#567 = ORIENTED_EDGE('',*,*,#568,.F.);
#568 = EDGE_CURVE('',#569,#263,#571,.T.);
#569 = VERTEX_POINT('',#570);
#570 = CARTESIAN_POINT('',(4.609772228646,31.666228067138,973.78));
#571 = SURFACE_CURVE('',#572,(#576,#582),.PCURVE_S1.);
#572 = LINE('',#573,#574);
#573 = CARTESIAN_POINT('',(4.609772228646,31.666228067138,700.));
#574 = VECTOR('',#575,1.);
#575 = DIRECTION('',(-0.,-0.,-1.));
#576 = PCURVE('',#112,#577);
#577 = DEFINITIONAL_REPRESENTATION('',(#578),#581);
#578 = B_SPLINE_CURVE_WITH_KNOTS('',1,(#579,#580),.UNSPECIFIED.,.F.,.F.,
  (2,2),(-273.7800006,-229.4187970979),.PIECEWISE_BEZIER_KNOTS.);
#579 = CARTESIAN_POINT('',(4.856947311989,-273.7800006));
#580 = CARTESIAN_POINT('',(4.856947311989,-229.4187970979));
#581 = ( GEOMETRIC_REPRESENTATION_CONTEXT(2) 
PARAMETRIC_REPRESENTATION_CONTEXT() REPRESENTATION_CONTEXT('2D SPACE',''
  ) );
#582 = PCURVE('',#251,#583);
#583 = DEFINITIONAL_REPRESENTATION('',(#584),#587);
#584 = B_SPLINE_CURVE_WITH_KNOTS('',1,(#585,#586),.UNSPECIFIED.,.F.,.F.,
  (2,2),(-273.7800006,-229.4187970979),.PIECEWISE_BEZIER_KNOTS.);
#585 = CARTESIAN_POINT('',(95.875927125632,-22.56960640851));
#586 = CARTESIAN_POINT('',(128.93572869307,-52.1494288636));
#587 = ( GEOMETRIC_REPRESENTATION_CONTEXT(2) 
PARAMETRIC_REPRESENTATION_CONTEXT() REPRESENTATION_CONTEXT('2D SPACE',''
  ) );
#588 = ORIENTED_EDGE('',*,*,#589,.F.);
#589 = EDGE_CURVE('',#183,#569,#590,.T.);
#590 = SURFACE_CURVE('',#591,(#596,#603),.PCURVE_S1.);
#591 = CIRCLE('',#592,32.);
#592 = AXIS2_PLACEMENT_3D('',#593,#594,#595);
#593 = CARTESIAN_POINT('',(0.,0.,973.78));
#594 = DIRECTION('',(0.,0.,1.));
#595 = DIRECTION('',(1.,0.,0.));
#596 = PCURVE('',#112,#597);
#597 = DEFINITIONAL_REPRESENTATION('',(#598),#602);
#598 = LINE('',#599,#600);
#599 = CARTESIAN_POINT('',(6.28318530718,-273.78));
#600 = VECTOR('',#601,1.);
#601 = DIRECTION('',(-1.,0.));
#602 = ( GEOMETRIC_REPRESENTATION_CONTEXT(2) 
PARAMETRIC_REPRESENTATION_CONTEXT() REPRESENTATION_CONTEXT('2D SPACE',''
  ) );
#603 = PCURVE('',#224,#604);
#604 = DEFINITIONAL_REPRESENTATION('',(#605),#609);
#605 = CIRCLE('',#606,32.);
#606 = AXIS2_PLACEMENT_2D('',#607,#608);
#607 = CARTESIAN_POINT('',(2.051160198809E-15,-2.796030478528E-15));
#608 = DIRECTION('',(1.,0.));
#609 = ( GEOMETRIC_REPRESENTATION_CONTEXT(2) 
PARAMETRIC_REPRESENTATION_CONTEXT() REPRESENTATION_CONTEXT('2D SPACE',''
  ) );
#610 = ADVANCED_FACE('',(#611),#166,.T.);
#611 = FACE_BOUND('',#612,.T.);
#612 = EDGE_LOOP('',(#613,#614,#637,#664));
#613 = ORIENTED_EDGE('',*,*,#151,.T.);
#614 = ORIENTED_EDGE('',*,*,#615,.T.);
#615 = EDGE_CURVE('',#129,#616,#618,.T.);
#616 = VERTEX_POINT('',#617);
#617 = CARTESIAN_POINT('',(47.853246443717,0.,709.126));
#618 = SEAM_CURVE('',#619,(#623,#630),.PCURVE_S1.);
#619 = LINE('',#620,#621);
#620 = CARTESIAN_POINT('',(47.705258105561,0.,704.563));
#621 = VECTOR('',#622,1.);
#622 = DIRECTION('',(3.241520243107E-02,0.,0.999474489245));
#623 = PCURVE('',#166,#624);
#624 = DEFINITIONAL_REPRESENTATION('',(#625),#629);
#625 = LINE('',#626,#627);
#626 = CARTESIAN_POINT('',(6.28318530718,0.));
#627 = VECTOR('',#628,1.);
#628 = DIRECTION('',(0.,1.));
#629 = ( GEOMETRIC_REPRESENTATION_CONTEXT(2) 
PARAMETRIC_REPRESENTATION_CONTEXT() REPRESENTATION_CONTEXT('2D SPACE',''
  ) );
#630 = PCURVE('',#166,#631);
#631 = DEFINITIONAL_REPRESENTATION('',(#632),#636);
#632 = LINE('',#633,#634);
#633 = CARTESIAN_POINT('',(4.138911435803E-13,0.));
#634 = VECTOR('',#635,1.);
#635 = DIRECTION('',(0.,1.));
#636 = ( GEOMETRIC_REPRESENTATION_CONTEXT(2) 
PARAMETRIC_REPRESENTATION_CONTEXT() REPRESENTATION_CONTEXT('2D SPACE',''
  ) );
#637 = ORIENTED_EDGE('',*,*,#638,.F.);
#638 = EDGE_CURVE('',#616,#616,#639,.T.);
#639 = SURFACE_CURVE('',#640,(#645,#652),.PCURVE_S1.);
#640 = CIRCLE('',#641,47.853246443717);
#641 = AXIS2_PLACEMENT_3D('',#642,#643,#644);
#642 = CARTESIAN_POINT('',(0.,0.,709.126));
#643 = DIRECTION('',(0.,0.,1.));
#644 = DIRECTION('',(1.,0.,0.));
#645 = PCURVE('',#166,#646);
#646 = DEFINITIONAL_REPRESENTATION('',(#647),#651);
#647 = LINE('',#648,#649);
#648 = CARTESIAN_POINT('',(0.,4.563));
#649 = VECTOR('',#650,1.);
#650 = DIRECTION('',(1.,0.));
#651 = ( GEOMETRIC_REPRESENTATION_CONTEXT(2) 
PARAMETRIC_REPRESENTATION_CONTEXT() REPRESENTATION_CONTEXT('2D SPACE',''
  ) );
#652 = PCURVE('',#653,#658);
#653 = CONICAL_SURFACE('',#654,47.853246443717,3.220353926369E-02);
#654 = AXIS2_PLACEMENT_3D('',#655,#656,#657);
#655 = CARTESIAN_POINT('',(0.,0.,709.126));
#656 = DIRECTION('',(0.,0.,1.));
#657 = DIRECTION('',(1.,0.,0.));
#658 = DEFINITIONAL_REPRESENTATION('',(#659),#663);
#659 = LINE('',#660,#661);
#660 = CARTESIAN_POINT('',(0.,0.));
#661 = VECTOR('',#662,1.);
#662 = DIRECTION('',(1.,0.));
#663 = ( GEOMETRIC_REPRESENTATION_CONTEXT(2) 
PARAMETRIC_REPRESENTATION_CONTEXT() REPRESENTATION_CONTEXT('2D SPACE',''
  ) );
#664 = ORIENTED_EDGE('',*,*,#615,.F.);
#665 = ADVANCED_FACE('',(#666),#224,.F.);
#666 = FACE_BOUND('',#667,.F.);
#667 = EDGE_LOOP('',(#668,#669,#670));
#668 = ORIENTED_EDGE('',*,*,#207,.T.);
#669 = ORIENTED_EDGE('',*,*,#589,.T.);
#670 = ORIENTED_EDGE('',*,*,#671,.F.);
#671 = EDGE_CURVE('',#208,#569,#672,.T.);
#672 = SURFACE_CURVE('',#673,(#677,#683),.PCURVE_S1.);
#673 = LINE('',#674,#675);
#674 = CARTESIAN_POINT('',(-21.25,31.666228067138,973.78));
#675 = VECTOR('',#676,1.);
#676 = DIRECTION('',(1.,0.,-0.));
#677 = PCURVE('',#224,#678);
#678 = DEFINITIONAL_REPRESENTATION('',(#679),#682);
#679 = B_SPLINE_CURVE_WITH_KNOTS('',1,(#680,#681),.UNSPECIFIED.,.F.,.F.,
  (2,2),(-10.75,53.25),.PIECEWISE_BEZIER_KNOTS.);
#680 = CARTESIAN_POINT('',(-32.,31.666228067138));
#681 = CARTESIAN_POINT('',(32.,31.666228067138));
#682 = ( GEOMETRIC_REPRESENTATION_CONTEXT(2) 
PARAMETRIC_REPRESENTATION_CONTEXT() REPRESENTATION_CONTEXT('2D SPACE',''
  ) );
#683 = PCURVE('',#251,#684);
#684 = DEFINITIONAL_REPRESENTATION('',(#685),#688);
#685 = B_SPLINE_CURVE_WITH_KNOTS('',1,(#686,#687),.UNSPECIFIED.,.F.,.F.,
  (2,2),(-10.75,53.25),.PIECEWISE_BEZIER_KNOTS.);
#686 = CARTESIAN_POINT('',(71.464719644354,-49.85272155212));
#687 = CARTESIAN_POINT('',(114.13959065042,-2.15727748652));
#688 = ( GEOMETRIC_REPRESENTATION_CONTEXT(2) 
PARAMETRIC_REPRESENTATION_CONTEXT() REPRESENTATION_CONTEXT('2D SPACE',''
  ) );
#689 = ADVANCED_FACE('',(#690),#251,.T.);
#690 = FACE_BOUND('',#691,.T.);
#691 = EDGE_LOOP('',(#692,#693,#724,#725));
#692 = ORIENTED_EDGE('',*,*,#236,.T.);
#693 = ORIENTED_EDGE('',*,*,#694,.F.);
#694 = EDGE_CURVE('',#263,#237,#695,.T.);
#695 = SURFACE_CURVE('',#696,(#708,#717),.PCURVE_S1.);
#696 = B_SPLINE_CURVE_WITH_KNOTS('',4,(#697,#698,#699,#700,#701,#702,
    #703,#704,#705,#706,#707),.UNSPECIFIED.,.F.,.F.,(5,3,3,5),(
    -4.311479238381,-4.072784013803E-14,85.,89.345108675469),
  .UNSPECIFIED.);
#697 = CARTESIAN_POINT('',(46.845159379136,31.666228067138,
    971.64933832243));
#698 = CARTESIAN_POINT('',(45.750449499163,31.666228067138,
    971.65407187029));
#699 = CARTESIAN_POINT('',(44.661352975983,31.666228067138,
    971.6587811459));
#700 = CARTESIAN_POINT('',(43.577869809595,31.666228067138,
    971.66346614923));
#701 = CARTESIAN_POINT('',(21.25,31.666228067138,971.76001231412));
#702 = CARTESIAN_POINT('',(-4.618527782441E-14,31.666228067138,
    971.85360553911));
#703 = CARTESIAN_POINT('',(-21.25,31.666228067138,971.94890195371));
#704 = CARTESIAN_POINT('',(-43.58627716886,31.666228067138,
    972.05084620858));
#705 = CARTESIAN_POINT('',(-44.67256201581,31.666228067138,
    972.05580408489));
#706 = CARTESIAN_POINT('',(-45.75885454082,31.666228067138,
    972.06076199623));
#707 = CARTESIAN_POINT('',(-46.84515474392,31.666228067138,
    972.06571994263));
#708 = PCURVE('',#251,#709);
#709 = DEFINITIONAL_REPRESENTATION('',(#710),#716);
#710 = B_SPLINE_CURVE_WITH_KNOTS('',4,(#711,#712,#713,#714,#715),
  .UNSPECIFIED.,.F.,.F.,(5,5),(-4.072784013803E-14,85.),
  .PIECEWISE_BEZIER_KNOTS.);
#711 = CARTESIAN_POINT('',(122.71479177258,4.259570165421));
#712 = CARTESIAN_POINT('',(108.47692418745,-11.51553901205));
#713 = CARTESIAN_POINT('',(94.237783885786,-27.28950944315));
#714 = CARTESIAN_POINT('',(79.997374296864,-43.06234419618));
#715 = CARTESIAN_POINT('',(65.755705250854,-58.83405206655));
#716 = ( GEOMETRIC_REPRESENTATION_CONTEXT(2) 
PARAMETRIC_REPRESENTATION_CONTEXT() REPRESENTATION_CONTEXT('2D SPACE',''
  ) );
#717 = PCURVE('',#444,#718);
#718 = DEFINITIONAL_REPRESENTATION('',(#719),#723);
#719 = LINE('',#720,#721);
#720 = CARTESIAN_POINT('',(0.,0.));
#721 = VECTOR('',#722,1.);
#722 = DIRECTION('',(0.,1.));
#723 = ( GEOMETRIC_REPRESENTATION_CONTEXT(2) 
PARAMETRIC_REPRESENTATION_CONTEXT() REPRESENTATION_CONTEXT('2D SPACE',''
  ) );
#724 = ORIENTED_EDGE('',*,*,#568,.F.);
#725 = ORIENTED_EDGE('',*,*,#671,.F.);
#726 = ADVANCED_FACE('',(#727),#444,.F.);
#727 = FACE_BOUND('',#728,.F.);
#728 = EDGE_LOOP('',(#729,#730));
#729 = ORIENTED_EDGE('',*,*,#262,.F.);
#730 = ORIENTED_EDGE('',*,*,#694,.F.);
#731 = ADVANCED_FACE('',(#732),#653,.T.);
#732 = FACE_BOUND('',#733,.T.);
#733 = EDGE_LOOP('',(#734,#735,#758,#785));
#734 = ORIENTED_EDGE('',*,*,#638,.T.);
#735 = ORIENTED_EDGE('',*,*,#736,.T.);
#736 = EDGE_CURVE('',#616,#737,#739,.T.);
#737 = VERTEX_POINT('',#738);
#738 = CARTESIAN_POINT('',(48.000242011688,0.,713.689));
#739 = SEAM_CURVE('',#740,(#744,#751),.PCURVE_S1.);
#740 = LINE('',#741,#742);
#741 = CARTESIAN_POINT('',(47.853246443717,0.,709.126));
#742 = VECTOR('',#743,1.);
#743 = DIRECTION('',(3.219797334255E-02,0.,0.999481510841));
#744 = PCURVE('',#653,#745);
#745 = DEFINITIONAL_REPRESENTATION('',(#746),#750);
#746 = LINE('',#747,#748);
#747 = CARTESIAN_POINT('',(6.28318530718,0.));
#748 = VECTOR('',#749,1.);
#749 = DIRECTION('',(0.,1.));
#750 = ( GEOMETRIC_REPRESENTATION_CONTEXT(2) 
PARAMETRIC_REPRESENTATION_CONTEXT() REPRESENTATION_CONTEXT('2D SPACE',''
  ) );
#751 = PCURVE('',#653,#752);
#752 = DEFINITIONAL_REPRESENTATION('',(#753),#757);
#753 = LINE('',#754,#755);
#754 = CARTESIAN_POINT('',(4.138911435803E-13,0.));
#755 = VECTOR('',#756,1.);
#756 = DIRECTION('',(0.,1.));
#757 = ( GEOMETRIC_REPRESENTATION_CONTEXT(2) 
PARAMETRIC_REPRESENTATION_CONTEXT() REPRESENTATION_CONTEXT('2D SPACE',''
  ) );
#758 = ORIENTED_EDGE('',*,*,#759,.F.);
#759 = EDGE_CURVE('',#737,#737,#760,.T.);
#760 = SURFACE_CURVE('',#761,(#766,#773),.PCURVE_S1.);
#761 = CIRCLE('',#762,48.000242011688);
#762 = AXIS2_PLACEMENT_3D('',#763,#764,#765);
#763 = CARTESIAN_POINT('',(0.,0.,713.689));
#764 = DIRECTION('',(0.,0.,1.));
#765 = DIRECTION('',(1.,0.,0.));
#766 = PCURVE('',#653,#767);
#767 = DEFINITIONAL_REPRESENTATION('',(#768),#772);
#768 = LINE('',#769,#770);
#769 = CARTESIAN_POINT('',(0.,4.563));
#770 = VECTOR('',#771,1.);
#771 = DIRECTION('',(1.,0.));
#772 = ( GEOMETRIC_REPRESENTATION_CONTEXT(2) 
PARAMETRIC_REPRESENTATION_CONTEXT() REPRESENTATION_CONTEXT('2D SPACE',''
  ) );
#773 = PCURVE('',#774,#779);
#774 = CONICAL_SURFACE('',#775,48.000242011688,3.197448962029E-02);
#775 = AXIS2_PLACEMENT_3D('',#776,#777,#778);
#776 = CARTESIAN_POINT('',(0.,0.,713.689));
#777 = DIRECTION('',(0.,0.,1.));
#778 = DIRECTION('',(1.,0.,0.));
#779 = DEFINITIONAL_REPRESENTATION('',(#780),#784);
#780 = LINE('',#781,#782);
#781 = CARTESIAN_POINT('',(0.,0.));
#782 = VECTOR('',#783,1.);
#783 = DIRECTION('',(1.,0.));
#784 = ( GEOMETRIC_REPRESENTATION_CONTEXT(2) 
PARAMETRIC_REPRESENTATION_CONTEXT() REPRESENTATION_CONTEXT('2D SPACE',''
  ) );
#785 = ORIENTED_EDGE('',*,*,#736,.F.);
#786 = ADVANCED_FACE('',(#787),#774,.T.);
#787 = FACE_BOUND('',#788,.T.);
#788 = EDGE_LOOP('',(#789,#790,#813,#840));
#789 = ORIENTED_EDGE('',*,*,#759,.T.);
#790 = ORIENTED_EDGE('',*,*,#791,.T.);
#791 = EDGE_CURVE('',#737,#792,#794,.T.);
#792 = VERTEX_POINT('',#793);
#793 = CARTESIAN_POINT('',(48.146191349192,0.,718.252));
#794 = SEAM_CURVE('',#795,(#799,#806),.PCURVE_S1.);
#795 = LINE('',#796,#797);
#796 = CARTESIAN_POINT('',(48.000242011688,0.,713.689));
#797 = VECTOR('',#798,1.);
#798 = DIRECTION('',(3.196904161629E-02,0.,0.999488859557));
#799 = PCURVE('',#774,#800);
#800 = DEFINITIONAL_REPRESENTATION('',(#801),#805);
#801 = LINE('',#802,#803);
#802 = CARTESIAN_POINT('',(6.28318530718,0.));
#803 = VECTOR('',#804,1.);
#804 = DIRECTION('',(0.,1.));
#805 = ( GEOMETRIC_REPRESENTATION_CONTEXT(2) 
PARAMETRIC_REPRESENTATION_CONTEXT() REPRESENTATION_CONTEXT('2D SPACE',''
  ) );
#806 = PCURVE('',#774,#807);
#807 = DEFINITIONAL_REPRESENTATION('',(#808),#812);
#808 = LINE('',#809,#810);
#809 = CARTESIAN_POINT('',(4.138911435803E-13,0.));
#810 = VECTOR('',#811,1.);
#811 = DIRECTION('',(0.,1.));
#812 = ( GEOMETRIC_REPRESENTATION_CONTEXT(2) 
PARAMETRIC_REPRESENTATION_CONTEXT() REPRESENTATION_CONTEXT('2D SPACE',''
  ) );
#813 = ORIENTED_EDGE('',*,*,#814,.F.);
#814 = EDGE_CURVE('',#792,#792,#815,.T.);
#815 = SURFACE_CURVE('',#816,(#821,#828),.PCURVE_S1.);
#816 = CIRCLE('',#817,48.146191349192);
#817 = AXIS2_PLACEMENT_3D('',#818,#819,#820);
#818 = CARTESIAN_POINT('',(0.,0.,718.252));
#819 = DIRECTION('',(0.,0.,1.));
#820 = DIRECTION('',(1.,0.,0.));
#821 = PCURVE('',#774,#822);
#822 = DEFINITIONAL_REPRESENTATION('',(#823),#827);
#823 = LINE('',#824,#825);
#824 = CARTESIAN_POINT('',(0.,4.563));
#825 = VECTOR('',#826,1.);
#826 = DIRECTION('',(1.,0.));
#827 = ( GEOMETRIC_REPRESENTATION_CONTEXT(2) 
PARAMETRIC_REPRESENTATION_CONTEXT() REPRESENTATION_CONTEXT('2D SPACE',''
  ) );
#828 = PCURVE('',#829,#834);
#829 = CONICAL_SURFACE('',#830,48.146191349192,3.173373238161E-02);
#830 = AXIS2_PLACEMENT_3D('',#831,#832,#833);
#831 = CARTESIAN_POINT('',(0.,0.,718.252));
#832 = DIRECTION('',(0.,0.,1.));
#833 = DIRECTION('',(1.,0.,0.));
#834 = DEFINITIONAL_REPRESENTATION('',(#835),#839);
#835 = LINE('',#836,#837);
#836 = CARTESIAN_POINT('',(0.,0.));
#837 = VECTOR('',#838,1.);
#838 = DIRECTION('',(1.,0.));
#839 = ( GEOMETRIC_REPRESENTATION_CONTEXT(2) 
PARAMETRIC_REPRESENTATION_CONTEXT() REPRESENTATION_CONTEXT('2D SPACE',''
  ) );
#840 = ORIENTED_EDGE('',*,*,#791,.F.);
#841 = ADVANCED_FACE('',(#842),#829,.T.);
#842 = FACE_BOUND('',#843,.T.);
#843 = EDGE_LOOP('',(#844,#845,#868,#895));
#844 = ORIENTED_EDGE('',*,*,#814,.T.);
#845 = ORIENTED_EDGE('',*,*,#846,.T.);
#846 = EDGE_CURVE('',#792,#847,#849,.T.);
#847 = VERTEX_POINT('',#848);
#848 = CARTESIAN_POINT('',(48.29104099595,0.,722.815));
#849 = SEAM_CURVE('',#850,(#854,#861),.PCURVE_S1.);
#850 = LINE('',#851,#852);
#851 = CARTESIAN_POINT('',(48.146191349192,0.,718.252));
#852 = VECTOR('',#853,1.);
#853 = DIRECTION('',(3.172840651417E-02,0.,0.999496527368));
#854 = PCURVE('',#829,#855);
#855 = DEFINITIONAL_REPRESENTATION('',(#856),#860);
#856 = LINE('',#857,#858);
#857 = CARTESIAN_POINT('',(6.28318530718,0.));
#858 = VECTOR('',#859,1.);
#859 = DIRECTION('',(0.,1.));
#860 = ( GEOMETRIC_REPRESENTATION_CONTEXT(2) 
PARAMETRIC_REPRESENTATION_CONTEXT() REPRESENTATION_CONTEXT('2D SPACE',''
  ) );
#861 = PCURVE('',#829,#862);
#862 = DEFINITIONAL_REPRESENTATION('',(#863),#867);
#863 = LINE('',#864,#865);
#864 = CARTESIAN_POINT('',(4.138911435803E-13,0.));
#865 = VECTOR('',#866,1.);
#866 = DIRECTION('',(0.,1.));
#867 = ( GEOMETRIC_REPRESENTATION_CONTEXT(2) 
PARAMETRIC_REPRESENTATION_CONTEXT() REPRESENTATION_CONTEXT('2D SPACE',''
  ) );
#868 = ORIENTED_EDGE('',*,*,#869,.F.);
#869 = EDGE_CURVE('',#847,#847,#870,.T.);
#870 = SURFACE_CURVE('',#871,(#876,#883),.PCURVE_S1.);
#871 = CIRCLE('',#872,48.29104099595);
#872 = AXIS2_PLACEMENT_3D('',#873,#874,#875);
#873 = CARTESIAN_POINT('',(0.,0.,722.815));
#874 = DIRECTION('',(0.,0.,1.));
#875 = DIRECTION('',(1.,0.,0.));
#876 = PCURVE('',#829,#877);
#877 = DEFINITIONAL_REPRESENTATION('',(#878),#882);
#878 = LINE('',#879,#880);
#879 = CARTESIAN_POINT('',(0.,4.563));
#880 = VECTOR('',#881,1.);
#881 = DIRECTION('',(1.,0.));
#882 = ( GEOMETRIC_REPRESENTATION_CONTEXT(2) 
PARAMETRIC_REPRESENTATION_CONTEXT() REPRESENTATION_CONTEXT('2D SPACE',''
  ) );
#883 = PCURVE('',#884,#889);
#884 = CONICAL_SURFACE('',#885,48.29104099595,3.148126703682E-02);
#885 = AXIS2_PLACEMENT_3D('',#886,#887,#888);
#886 = CARTESIAN_POINT('',(0.,0.,722.815));
#887 = DIRECTION('',(0.,0.,1.));
#888 = DIRECTION('',(1.,0.,0.));
#889 = DEFINITIONAL_REPRESENTATION('',(#890),#894);
#890 = LINE('',#891,#892);
#891 = CARTESIAN_POINT('',(0.,0.));
#892 = VECTOR('',#893,1.);
#893 = DIRECTION('',(1.,0.));
#894 = ( GEOMETRIC_REPRESENTATION_CONTEXT(2) 
PARAMETRIC_REPRESENTATION_CONTEXT() REPRESENTATION_CONTEXT('2D SPACE',''
  ) );
#895 = ORIENTED_EDGE('',*,*,#846,.F.);
#896 = ADVANCED_FACE('',(#897),#884,.T.);
#897 = FACE_BOUND('',#898,.T.);
#898 = EDGE_LOOP('',(#899,#900,#923,#950));
#899 = ORIENTED_EDGE('',*,*,#869,.T.);
#900 = ORIENTED_EDGE('',*,*,#901,.T.);
#901 = EDGE_CURVE('',#847,#902,#904,.T.);
#902 = VERTEX_POINT('',#903);
#903 = CARTESIAN_POINT('',(48.434737491679,0.,727.378));
#904 = SEAM_CURVE('',#905,(#909,#916),.PCURVE_S1.);
#905 = LINE('',#906,#907);
#906 = CARTESIAN_POINT('',(48.29104099595,0.,722.815));
#907 = VECTOR('',#908,1.);
#908 = DIRECTION('',(3.147606727042E-02,0.,0.999504505837));
#909 = PCURVE('',#884,#910);
#910 = DEFINITIONAL_REPRESENTATION('',(#911),#915);
#911 = LINE('',#912,#913);
#912 = CARTESIAN_POINT('',(6.28318530718,0.));
#913 = VECTOR('',#914,1.);
#914 = DIRECTION('',(0.,1.));
#915 = ( GEOMETRIC_REPRESENTATION_CONTEXT(2) 
PARAMETRIC_REPRESENTATION_CONTEXT() REPRESENTATION_CONTEXT('2D SPACE',''
  ) );
#916 = PCURVE('',#884,#917);
#917 = DEFINITIONAL_REPRESENTATION('',(#918),#922);
#918 = LINE('',#919,#920);
#919 = CARTESIAN_POINT('',(4.138911435803E-13,0.));
#920 = VECTOR('',#921,1.);
#921 = DIRECTION('',(0.,1.));
#922 = ( GEOMETRIC_REPRESENTATION_CONTEXT(2) 
PARAMETRIC_REPRESENTATION_CONTEXT() REPRESENTATION_CONTEXT('2D SPACE',''
  ) );
#923 = ORIENTED_EDGE('',*,*,#924,.F.);
#924 = EDGE_CURVE('',#902,#902,#925,.T.);
#925 = SURFACE_CURVE('',#926,(#931,#938),.PCURVE_S1.);
#926 = CIRCLE('',#927,48.434737491679);
#927 = AXIS2_PLACEMENT_3D('',#928,#929,#930);
#928 = CARTESIAN_POINT('',(0.,0.,727.378));
#929 = DIRECTION('',(0.,0.,1.));
#930 = DIRECTION('',(1.,0.,0.));
#931 = PCURVE('',#884,#932);
#932 = DEFINITIONAL_REPRESENTATION('',(#933),#937);
#933 = LINE('',#934,#935);
#934 = CARTESIAN_POINT('',(0.,4.563));
#935 = VECTOR('',#936,1.);
#936 = DIRECTION('',(1.,0.));
#937 = ( GEOMETRIC_REPRESENTATION_CONTEXT(2) 
PARAMETRIC_REPRESENTATION_CONTEXT() REPRESENTATION_CONTEXT('2D SPACE',''
  ) );
#938 = PCURVE('',#939,#944);
#939 = CONICAL_SURFACE('',#940,48.434737491679,3.121709305754E-02);
#940 = AXIS2_PLACEMENT_3D('',#941,#942,#943);
#941 = CARTESIAN_POINT('',(0.,0.,727.378));
#942 = DIRECTION('',(0.,0.,1.));
#943 = DIRECTION('',(1.,0.,0.));
#944 = DEFINITIONAL_REPRESENTATION('',(#945),#949);
#945 = LINE('',#946,#947);
#946 = CARTESIAN_POINT('',(0.,0.));
#947 = VECTOR('',#948,1.);
#948 = DIRECTION('',(1.,0.));
#949 = ( GEOMETRIC_REPRESENTATION_CONTEXT(2) 
PARAMETRIC_REPRESENTATION_CONTEXT() REPRESENTATION_CONTEXT('2D SPACE',''
  ) );
#950 = ORIENTED_EDGE('',*,*,#901,.F.);
#951 = ADVANCED_FACE('',(#952),#939,.T.);
#952 = FACE_BOUND('',#953,.T.);
#953 = EDGE_LOOP('',(#954,#955,#978,#1005));
#954 = ORIENTED_EDGE('',*,*,#924,.T.);
#955 = ORIENTED_EDGE('',*,*,#956,.T.);
#956 = EDGE_CURVE('',#902,#957,#959,.T.);
#957 = VERTEX_POINT('',#958);
#958 = CARTESIAN_POINT('',(48.5772273761,0.,731.941));
#959 = SEAM_CURVE('',#960,(#964,#971),.PCURVE_S1.);
#960 = LINE('',#961,#962);
#961 = CARTESIAN_POINT('',(48.434737491679,0.,727.378));
#962 = VECTOR('',#963,1.);
#963 = DIRECTION('',(3.121202309242E-02,0.,0.999512786119));
#964 = PCURVE('',#939,#965);
#965 = DEFINITIONAL_REPRESENTATION('',(#966),#970);
#966 = LINE('',#967,#968);
#967 = CARTESIAN_POINT('',(6.28318530718,0.));
#968 = VECTOR('',#969,1.);
#969 = DIRECTION('',(0.,1.));
#970 = ( GEOMETRIC_REPRESENTATION_CONTEXT(2) 
PARAMETRIC_REPRESENTATION_CONTEXT() REPRESENTATION_CONTEXT('2D SPACE',''
  ) );
#971 = PCURVE('',#939,#972);
#972 = DEFINITIONAL_REPRESENTATION('',(#973),#977);
#973 = LINE('',#974,#975);
#974 = CARTESIAN_POINT('',(4.138911435803E-13,0.));
#975 = VECTOR('',#976,1.);
#976 = DIRECTION('',(0.,1.));
#977 = ( GEOMETRIC_REPRESENTATION_CONTEXT(2) 
PARAMETRIC_REPRESENTATION_CONTEXT() REPRESENTATION_CONTEXT('2D SPACE',''
  ) );
#978 = ORIENTED_EDGE('',*,*,#979,.F.);
#979 = EDGE_CURVE('',#957,#957,#980,.T.);
#980 = SURFACE_CURVE('',#981,(#986,#993),.PCURVE_S1.);
#981 = CIRCLE('',#982,48.5772273761);
#982 = AXIS2_PLACEMENT_3D('',#983,#984,#985);
#983 = CARTESIAN_POINT('',(0.,0.,731.941));
#984 = DIRECTION('',(0.,0.,1.));
#985 = DIRECTION('',(1.,0.,0.));
#986 = PCURVE('',#939,#987);
#987 = DEFINITIONAL_REPRESENTATION('',(#988),#992);
#988 = LINE('',#989,#990);
#989 = CARTESIAN_POINT('',(0.,4.563));
#990 = VECTOR('',#991,1.);
#991 = DIRECTION('',(1.,0.));
#992 = ( GEOMETRIC_REPRESENTATION_CONTEXT(2) 
PARAMETRIC_REPRESENTATION_CONTEXT() REPRESENTATION_CONTEXT('2D SPACE',''
  ) );
#993 = PCURVE('',#994,#999);
#994 = CONICAL_SURFACE('',#995,48.5772273761,3.094120989885E-02);
#995 = AXIS2_PLACEMENT_3D('',#996,#997,#998);
#996 = CARTESIAN_POINT('',(0.,0.,731.941));
#997 = DIRECTION('',(0.,0.,1.));
#998 = DIRECTION('',(1.,0.,0.));
#999 = DEFINITIONAL_REPRESENTATION('',(#1000),#1004);
#1000 = LINE('',#1001,#1002);
#1001 = CARTESIAN_POINT('',(0.,0.));
#1002 = VECTOR('',#1003,1.);
#1003 = DIRECTION('',(1.,0.));
#1004 = ( GEOMETRIC_REPRESENTATION_CONTEXT(2) 
PARAMETRIC_REPRESENTATION_CONTEXT() REPRESENTATION_CONTEXT('2D SPACE',''
  ) );
#1005 = ORIENTED_EDGE('',*,*,#956,.F.);
#1006 = ADVANCED_FACE('',(#1007),#994,.T.);
#1007 = FACE_BOUND('',#1008,.T.);
#1008 = EDGE_LOOP('',(#1009,#1010,#1033,#1060));
#1009 = ORIENTED_EDGE('',*,*,#979,.T.);
#1010 = ORIENTED_EDGE('',*,*,#1011,.T.);
#1011 = EDGE_CURVE('',#957,#1012,#1014,.T.);
#1012 = VERTEX_POINT('',#1013);
#1013 = CARTESIAN_POINT('',(48.718457188931,0.,736.504));
#1014 = SEAM_CURVE('',#1015,(#1019,#1026),.PCURVE_S1.);
#1015 = LINE('',#1016,#1017);
#1016 = CARTESIAN_POINT('',(48.5772273761,0.,731.941));
#1017 = VECTOR('',#1018,1.);
#1018 = DIRECTION('',(3.093627316354E-02,0.,0.999521358953));
#1019 = PCURVE('',#994,#1020);
#1020 = DEFINITIONAL_REPRESENTATION('',(#1021),#1025);
#1021 = LINE('',#1022,#1023);
#1022 = CARTESIAN_POINT('',(6.28318530718,0.));
#1023 = VECTOR('',#1024,1.);
#1024 = DIRECTION('',(0.,1.));
#1025 = ( GEOMETRIC_REPRESENTATION_CONTEXT(2) 
PARAMETRIC_REPRESENTATION_CONTEXT() REPRESENTATION_CONTEXT('2D SPACE',''
  ) );
#1026 = PCURVE('',#994,#1027);
#1027 = DEFINITIONAL_REPRESENTATION('',(#1028),#1032);
#1028 = LINE('',#1029,#1030);
#1029 = CARTESIAN_POINT('',(4.138911435803E-13,0.));
#1030 = VECTOR('',#1031,1.);
#1031 = DIRECTION('',(0.,1.));
#1032 = ( GEOMETRIC_REPRESENTATION_CONTEXT(2) 
PARAMETRIC_REPRESENTATION_CONTEXT() REPRESENTATION_CONTEXT('2D SPACE',''
  ) );
#1033 = ORIENTED_EDGE('',*,*,#1034,.F.);
#1034 = EDGE_CURVE('',#1012,#1012,#1035,.T.);
#1035 = SURFACE_CURVE('',#1036,(#1041,#1048),.PCURVE_S1.);
#1036 = CIRCLE('',#1037,48.718457188931);
#1037 = AXIS2_PLACEMENT_3D('',#1038,#1039,#1040);
#1038 = CARTESIAN_POINT('',(0.,0.,736.504));
#1039 = DIRECTION('',(0.,0.,1.));
#1040 = DIRECTION('',(1.,0.,0.));
#1041 = PCURVE('',#994,#1042);
#1042 = DEFINITIONAL_REPRESENTATION('',(#1043),#1047);
#1043 = LINE('',#1044,#1045);
#1044 = CARTESIAN_POINT('',(0.,4.563));
#1045 = VECTOR('',#1046,1.);
#1046 = DIRECTION('',(1.,0.));
#1047 = ( GEOMETRIC_REPRESENTATION_CONTEXT(2) 
PARAMETRIC_REPRESENTATION_CONTEXT() REPRESENTATION_CONTEXT('2D SPACE',''
  ) );
#1048 = PCURVE('',#1049,#1054);
#1049 = CONICAL_SURFACE('',#1050,48.718457188931,3.065361700041E-02);
#1050 = AXIS2_PLACEMENT_3D('',#1051,#1052,#1053);
#1051 = CARTESIAN_POINT('',(0.,0.,736.504));
#1052 = DIRECTION('',(0.,0.,1.));
#1053 = DIRECTION('',(1.,0.,0.));
#1054 = DEFINITIONAL_REPRESENTATION('',(#1055),#1059);
#1055 = LINE('',#1056,#1057);
#1056 = CARTESIAN_POINT('',(0.,0.));
#1057 = VECTOR('',#1058,1.);
#1058 = DIRECTION('',(1.,0.));
#1059 = ( GEOMETRIC_REPRESENTATION_CONTEXT(2) 
PARAMETRIC_REPRESENTATION_CONTEXT() REPRESENTATION_CONTEXT('2D SPACE',''
  ) );
#1060 = ORIENTED_EDGE('',*,*,#1011,.F.);
#1061 = ADVANCED_FACE('',(#1062),#1049,.T.);
#1062 = FACE_BOUND('',#1063,.T.);
#1063 = EDGE_LOOP('',(#1064,#1065,#1088,#1115));
#1064 = ORIENTED_EDGE('',*,*,#1034,.T.);
#1065 = ORIENTED_EDGE('',*,*,#1066,.T.);
#1066 = EDGE_CURVE('',#1012,#1067,#1069,.T.);
#1067 = VERTEX_POINT('',#1068);
#1068 = CARTESIAN_POINT('',(48.858373469892,0.,741.067));
#1069 = SEAM_CURVE('',#1070,(#1074,#1081),.PCURVE_S1.);
#1070 = LINE('',#1071,#1072);
#1071 = CARTESIAN_POINT('',(48.718457188931,0.,736.504));
#1072 = VECTOR('',#1073,1.);
#1073 = DIRECTION('',(3.064881664353E-02,0.,0.99953021467));
#1074 = PCURVE('',#1049,#1075);
#1075 = DEFINITIONAL_REPRESENTATION('',(#1076),#1080);
#1076 = LINE('',#1077,#1078);
#1077 = CARTESIAN_POINT('',(6.28318530718,0.));
#1078 = VECTOR('',#1079,1.);
#1079 = DIRECTION('',(0.,1.));
#1080 = ( GEOMETRIC_REPRESENTATION_CONTEXT(2) 
PARAMETRIC_REPRESENTATION_CONTEXT() REPRESENTATION_CONTEXT('2D SPACE',''
  ) );
#1081 = PCURVE('',#1049,#1082);
#1082 = DEFINITIONAL_REPRESENTATION('',(#1083),#1087);
#1083 = LINE('',#1084,#1085);
#1084 = CARTESIAN_POINT('',(4.138911435803E-13,0.));
#1085 = VECTOR('',#1086,1.);
#1086 = DIRECTION('',(0.,1.));
#1087 = ( GEOMETRIC_REPRESENTATION_CONTEXT(2) 
PARAMETRIC_REPRESENTATION_CONTEXT() REPRESENTATION_CONTEXT('2D SPACE',''
  ) );
#1088 = ORIENTED_EDGE('',*,*,#1089,.F.);
#1089 = EDGE_CURVE('',#1067,#1067,#1090,.T.);
#1090 = SURFACE_CURVE('',#1091,(#1096,#1103),.PCURVE_S1.);
#1091 = CIRCLE('',#1092,48.858373469892);
#1092 = AXIS2_PLACEMENT_3D('',#1093,#1094,#1095);
#1093 = CARTESIAN_POINT('',(0.,0.,741.067));
#1094 = DIRECTION('',(0.,0.,1.));
#1095 = DIRECTION('',(1.,0.,0.));
#1096 = PCURVE('',#1049,#1097);
#1097 = DEFINITIONAL_REPRESENTATION('',(#1098),#1102);
#1098 = LINE('',#1099,#1100);
#1099 = CARTESIAN_POINT('',(0.,4.563));
#1100 = VECTOR('',#1101,1.);
#1101 = DIRECTION('',(1.,0.));
#1102 = ( GEOMETRIC_REPRESENTATION_CONTEXT(2) 
PARAMETRIC_REPRESENTATION_CONTEXT() REPRESENTATION_CONTEXT('2D SPACE',''
  ) );
#1103 = PCURVE('',#1104,#1109);
#1104 = CONICAL_SURFACE('',#1105,48.858373469892,3.035431378752E-02);
#1105 = AXIS2_PLACEMENT_3D('',#1106,#1107,#1108);
#1106 = CARTESIAN_POINT('',(0.,0.,741.067));
#1107 = DIRECTION('',(0.,0.,1.));
#1108 = DIRECTION('',(1.,0.,0.));
#1109 = DEFINITIONAL_REPRESENTATION('',(#1110),#1114);
#1110 = LINE('',#1111,#1112);
#1111 = CARTESIAN_POINT('',(0.,0.));
#1112 = VECTOR('',#1113,1.);
#1113 = DIRECTION('',(1.,0.));
#1114 = ( GEOMETRIC_REPRESENTATION_CONTEXT(2) 
PARAMETRIC_REPRESENTATION_CONTEXT() REPRESENTATION_CONTEXT('2D SPACE',''
  ) );
#1115 = ORIENTED_EDGE('',*,*,#1066,.F.);
#1116 = ADVANCED_FACE('',(#1117),#1104,.T.);
#1117 = FACE_BOUND('',#1118,.T.);
#1118 = EDGE_LOOP('',(#1119,#1120,#1143,#1170));
#1119 = ORIENTED_EDGE('',*,*,#1089,.T.);
#1120 = ORIENTED_EDGE('',*,*,#1121,.T.);
#1121 = EDGE_CURVE('',#1067,#1122,#1124,.T.);
#1122 = VERTEX_POINT('',#1123);
#1123 = CARTESIAN_POINT('',(48.996922758701,0.,745.63));
#1124 = SEAM_CURVE('',#1125,(#1129,#1136),.PCURVE_S1.);
#1125 = LINE('',#1126,#1127);
#1126 = CARTESIAN_POINT('',(48.858373469892,0.,741.067));
#1127 = VECTOR('',#1128,1.);
#1128 = DIRECTION('',(3.034965267057E-02,0.,0.999539343189));
#1129 = PCURVE('',#1104,#1130);
#1130 = DEFINITIONAL_REPRESENTATION('',(#1131),#1135);
#1131 = LINE('',#1132,#1133);
#1132 = CARTESIAN_POINT('',(6.28318530718,0.));
#1133 = VECTOR('',#1134,1.);
#1134 = DIRECTION('',(0.,1.));
#1135 = ( GEOMETRIC_REPRESENTATION_CONTEXT(2) 
PARAMETRIC_REPRESENTATION_CONTEXT() REPRESENTATION_CONTEXT('2D SPACE',''
  ) );
#1136 = PCURVE('',#1104,#1137);
#1137 = DEFINITIONAL_REPRESENTATION('',(#1138),#1142);
#1138 = LINE('',#1139,#1140);
#1139 = CARTESIAN_POINT('',(4.138911435803E-13,0.));
#1140 = VECTOR('',#1141,1.);
#1141 = DIRECTION('',(0.,1.));
#1142 = ( GEOMETRIC_REPRESENTATION_CONTEXT(2) 
PARAMETRIC_REPRESENTATION_CONTEXT() REPRESENTATION_CONTEXT('2D SPACE',''
  ) );
#1143 = ORIENTED_EDGE('',*,*,#1144,.F.);
#1144 = EDGE_CURVE('',#1122,#1122,#1145,.T.);
#1145 = SURFACE_CURVE('',#1146,(#1151,#1158),.PCURVE_S1.);
#1146 = CIRCLE('',#1147,48.996922758701);
#1147 = AXIS2_PLACEMENT_3D('',#1148,#1149,#1150);
#1148 = CARTESIAN_POINT('',(0.,0.,745.63));
#1149 = DIRECTION('',(0.,0.,1.));
#1150 = DIRECTION('',(1.,0.,0.));
#1151 = PCURVE('',#1104,#1152);
#1152 = DEFINITIONAL_REPRESENTATION('',(#1153),#1157);
#1153 = LINE('',#1154,#1155);
#1154 = CARTESIAN_POINT('',(0.,4.563));
#1155 = VECTOR('',#1156,1.);
#1156 = DIRECTION('',(1.,0.));
#1157 = ( GEOMETRIC_REPRESENTATION_CONTEXT(2) 
PARAMETRIC_REPRESENTATION_CONTEXT() REPRESENTATION_CONTEXT('2D SPACE',''
  ) );
#1158 = PCURVE('',#1159,#1164);
#1159 = CONICAL_SURFACE('',#1160,48.996922758701,3.00432996724E-02);
#1160 = AXIS2_PLACEMENT_3D('',#1161,#1162,#1163);
#1161 = CARTESIAN_POINT('',(0.,0.,745.63));
#1162 = DIRECTION('',(0.,0.,1.));
#1163 = DIRECTION('',(1.,0.,0.));
#1164 = DEFINITIONAL_REPRESENTATION('',(#1165),#1169);
#1165 = LINE('',#1166,#1167);
#1166 = CARTESIAN_POINT('',(0.,0.));
#1167 = VECTOR('',#1168,1.);
#1168 = DIRECTION('',(1.,0.));
#1169 = ( GEOMETRIC_REPRESENTATION_CONTEXT(2) 
PARAMETRIC_REPRESENTATION_CONTEXT() REPRESENTATION_CONTEXT('2D SPACE',''
  ) );
#1170 = ORIENTED_EDGE('',*,*,#1121,.F.);
#1171 = ADVANCED_FACE('',(#1172),#1159,.T.);
#1172 = FACE_BOUND('',#1173,.T.);
#1173 = EDGE_LOOP('',(#1174,#1175,#1198,#1225));
#1174 = ORIENTED_EDGE('',*,*,#1144,.T.);
#1175 = ORIENTED_EDGE('',*,*,#1176,.T.);
#1176 = EDGE_CURVE('',#1122,#1177,#1179,.T.);
#1177 = VERTEX_POINT('',#1178);
#1178 = CARTESIAN_POINT('',(49.134051595078,0.,750.193));
#1179 = SEAM_CURVE('',#1180,(#1184,#1191),.PCURVE_S1.);
#1180 = LINE('',#1181,#1182);
#1181 = CARTESIAN_POINT('',(48.996922758701,0.,745.63));
#1182 = VECTOR('',#1183,1.);
#1183 = DIRECTION('',(3.003878036331E-02,0.,0.999548734017));
#1184 = PCURVE('',#1159,#1185);
#1185 = DEFINITIONAL_REPRESENTATION('',(#1186),#1190);
#1186 = LINE('',#1187,#1188);
#1187 = CARTESIAN_POINT('',(6.28318530718,0.));
#1188 = VECTOR('',#1189,1.);
#1189 = DIRECTION('',(0.,1.));
#1190 = ( GEOMETRIC_REPRESENTATION_CONTEXT(2) 
PARAMETRIC_REPRESENTATION_CONTEXT() REPRESENTATION_CONTEXT('2D SPACE',''
  ) );
#1191 = PCURVE('',#1159,#1192);
#1192 = DEFINITIONAL_REPRESENTATION('',(#1193),#1197);
#1193 = LINE('',#1194,#1195);
#1194 = CARTESIAN_POINT('',(4.138911435803E-13,0.));
#1195 = VECTOR('',#1196,1.);
#1196 = DIRECTION('',(0.,1.));
#1197 = ( GEOMETRIC_REPRESENTATION_CONTEXT(2) 
PARAMETRIC_REPRESENTATION_CONTEXT() REPRESENTATION_CONTEXT('2D SPACE',''
  ) );
#1198 = ORIENTED_EDGE('',*,*,#1199,.F.);
#1199 = EDGE_CURVE('',#1177,#1177,#1200,.T.);
#1200 = SURFACE_CURVE('',#1201,(#1206,#1213),.PCURVE_S1.);
#1201 = CIRCLE('',#1202,49.134051595078);
#1202 = AXIS2_PLACEMENT_3D('',#1203,#1204,#1205);
#1203 = CARTESIAN_POINT('',(0.,0.,750.193));
#1204 = DIRECTION('',(0.,0.,1.));
#1205 = DIRECTION('',(1.,0.,0.));
#1206 = PCURVE('',#1159,#1207);
#1207 = DEFINITIONAL_REPRESENTATION('',(#1208),#1212);
#1208 = LINE('',#1209,#1210);
#1209 = CARTESIAN_POINT('',(0.,4.563));
#1210 = VECTOR('',#1211,1.);
#1211 = DIRECTION('',(1.,0.));
#1212 = ( GEOMETRIC_REPRESENTATION_CONTEXT(2) 
PARAMETRIC_REPRESENTATION_CONTEXT() REPRESENTATION_CONTEXT('2D SPACE',''
  ) );
#1213 = PCURVE('',#1214,#1219);
#1214 = CONICAL_SURFACE('',#1215,49.134051595078,2.972057405533E-02);
#1215 = AXIS2_PLACEMENT_3D('',#1216,#1217,#1218);
#1216 = CARTESIAN_POINT('',(0.,0.,750.193));
#1217 = DIRECTION('',(0.,0.,1.));
#1218 = DIRECTION('',(1.,0.,0.));
#1219 = DEFINITIONAL_REPRESENTATION('',(#1220),#1224);
#1220 = LINE('',#1221,#1222);
#1221 = CARTESIAN_POINT('',(0.,0.));
#1222 = VECTOR('',#1223,1.);
#1223 = DIRECTION('',(1.,0.));
#1224 = ( GEOMETRIC_REPRESENTATION_CONTEXT(2) 
PARAMETRIC_REPRESENTATION_CONTEXT() REPRESENTATION_CONTEXT('2D SPACE',''
  ) );
#1225 = ORIENTED_EDGE('',*,*,#1176,.F.);
#1226 = ADVANCED_FACE('',(#1227),#1214,.T.);
#1227 = FACE_BOUND('',#1228,.T.);
#1228 = EDGE_LOOP('',(#1229,#1230,#1253,#1280));
#1229 = ORIENTED_EDGE('',*,*,#1199,.T.);
#1230 = ORIENTED_EDGE('',*,*,#1231,.T.);
#1231 = EDGE_CURVE('',#1177,#1232,#1234,.T.);
#1232 = VERTEX_POINT('',#1233);
#1233 = CARTESIAN_POINT('',(49.269706518743,0.,754.756));
#1234 = SEAM_CURVE('',#1235,(#1239,#1246),.PCURVE_S1.);
#1235 = LINE('',#1236,#1237);
#1236 = CARTESIAN_POINT('',(49.134051595078,0.,750.193));
#1237 = VECTOR('',#1238,1.);
#1238 = DIRECTION('',(2.97161988227E-02,0.,0.999558376248));
#1239 = PCURVE('',#1214,#1240);
#1240 = DEFINITIONAL_REPRESENTATION('',(#1241),#1245);
#1241 = LINE('',#1242,#1243);
#1242 = CARTESIAN_POINT('',(6.28318530718,0.));
#1243 = VECTOR('',#1244,1.);
#1244 = DIRECTION('',(0.,1.));
#1245 = ( GEOMETRIC_REPRESENTATION_CONTEXT(2) 
PARAMETRIC_REPRESENTATION_CONTEXT() REPRESENTATION_CONTEXT('2D SPACE',''
  ) );
#1246 = PCURVE('',#1214,#1247);
#1247 = DEFINITIONAL_REPRESENTATION('',(#1248),#1252);
#1248 = LINE('',#1249,#1250);
#1249 = CARTESIAN_POINT('',(4.138911435803E-13,0.));
#1250 = VECTOR('',#1251,1.);
#1251 = DIRECTION('',(0.,1.));
#1252 = ( GEOMETRIC_REPRESENTATION_CONTEXT(2) 
PARAMETRIC_REPRESENTATION_CONTEXT() REPRESENTATION_CONTEXT('2D SPACE',''
  ) );
#1253 = ORIENTED_EDGE('',*,*,#1254,.F.);
#1254 = EDGE_CURVE('',#1232,#1232,#1255,.T.);
#1255 = SURFACE_CURVE('',#1256,(#1261,#1268),.PCURVE_S1.);
#1256 = CIRCLE('',#1257,49.269706518743);
#1257 = AXIS2_PLACEMENT_3D('',#1258,#1259,#1260);
#1258 = CARTESIAN_POINT('',(0.,0.,754.756));
#1259 = DIRECTION('',(0.,0.,1.));
#1260 = DIRECTION('',(1.,0.,0.));
#1261 = PCURVE('',#1214,#1262);
#1262 = DEFINITIONAL_REPRESENTATION('',(#1263),#1267);
#1263 = LINE('',#1264,#1265);
#1264 = CARTESIAN_POINT('',(0.,4.563));
#1265 = VECTOR('',#1266,1.);
#1266 = DIRECTION('',(1.,0.));
#1267 = ( GEOMETRIC_REPRESENTATION_CONTEXT(2) 
PARAMETRIC_REPRESENTATION_CONTEXT() REPRESENTATION_CONTEXT('2D SPACE',''
  ) );
#1268 = PCURVE('',#1269,#1274);
#1269 = CONICAL_SURFACE('',#1270,49.269706518743,2.938613632599E-02);
#1270 = AXIS2_PLACEMENT_3D('',#1271,#1272,#1273);
#1271 = CARTESIAN_POINT('',(0.,0.,754.756));
#1272 = DIRECTION('',(0.,0.,1.));
#1273 = DIRECTION('',(1.,0.,0.));
#1274 = DEFINITIONAL_REPRESENTATION('',(#1275),#1279);
#1275 = LINE('',#1276,#1277);
#1276 = CARTESIAN_POINT('',(0.,0.));
#1277 = VECTOR('',#1278,1.);
#1278 = DIRECTION('',(1.,0.));
#1279 = ( GEOMETRIC_REPRESENTATION_CONTEXT(2) 
PARAMETRIC_REPRESENTATION_CONTEXT() REPRESENTATION_CONTEXT('2D SPACE',''
  ) );
#1280 = ORIENTED_EDGE('',*,*,#1231,.F.);
#1281 = ADVANCED_FACE('',(#1282),#1269,.T.);
#1282 = FACE_BOUND('',#1283,.T.);
#1283 = EDGE_LOOP('',(#1284,#1285,#1308,#1335));
#1284 = ORIENTED_EDGE('',*,*,#1254,.T.);
#1285 = ORIENTED_EDGE('',*,*,#1286,.T.);
#1286 = EDGE_CURVE('',#1232,#1287,#1289,.T.);
#1287 = VERTEX_POINT('',#1288);
#1288 = CARTESIAN_POINT('',(49.403834069413,0.,759.319));
#1289 = SEAM_CURVE('',#1290,(#1294,#1301),.PCURVE_S1.);
#1290 = LINE('',#1291,#1292);
#1291 = CARTESIAN_POINT('',(49.269706518743,0.,754.756));
#1292 = VECTOR('',#1293,1.);
#1293 = DIRECTION('',(2.938190713344E-02,0.,0.999568258566));
#1294 = PCURVE('',#1269,#1295);
#1295 = DEFINITIONAL_REPRESENTATION('',(#1296),#1300);
#1296 = LINE('',#1297,#1298);
#1297 = CARTESIAN_POINT('',(6.28318530718,0.));
#1298 = VECTOR('',#1299,1.);
#1299 = DIRECTION('',(0.,1.));
#1300 = ( GEOMETRIC_REPRESENTATION_CONTEXT(2) 
PARAMETRIC_REPRESENTATION_CONTEXT() REPRESENTATION_CONTEXT('2D SPACE',''
  ) );
#1301 = PCURVE('',#1269,#1302);
#1302 = DEFINITIONAL_REPRESENTATION('',(#1303),#1307);
#1303 = LINE('',#1304,#1305);
#1304 = CARTESIAN_POINT('',(4.138911435803E-13,0.));
#1305 = VECTOR('',#1306,1.);
#1306 = DIRECTION('',(0.,1.));
#1307 = ( GEOMETRIC_REPRESENTATION_CONTEXT(2) 
PARAMETRIC_REPRESENTATION_CONTEXT() REPRESENTATION_CONTEXT('2D SPACE',''
  ) );
#1308 = ORIENTED_EDGE('',*,*,#1309,.F.);
#1309 = EDGE_CURVE('',#1287,#1287,#1310,.T.);
#1310 = SURFACE_CURVE('',#1311,(#1316,#1323),.PCURVE_S1.);
#1311 = CIRCLE('',#1312,49.403834069413);
#1312 = AXIS2_PLACEMENT_3D('',#1313,#1314,#1315);
#1313 = CARTESIAN_POINT('',(0.,0.,759.319));
#1314 = DIRECTION('',(0.,0.,1.));
#1315 = DIRECTION('',(1.,0.,0.));
#1316 = PCURVE('',#1269,#1317);
#1317 = DEFINITIONAL_REPRESENTATION('',(#1318),#1322);
#1318 = LINE('',#1319,#1320);
#1319 = CARTESIAN_POINT('',(0.,4.563));
#1320 = VECTOR('',#1321,1.);
#1321 = DIRECTION('',(1.,0.));
#1322 = ( GEOMETRIC_REPRESENTATION_CONTEXT(2) 
PARAMETRIC_REPRESENTATION_CONTEXT() REPRESENTATION_CONTEXT('2D SPACE',''
  ) );
#1323 = PCURVE('',#1324,#1329);
#1324 = CONICAL_SURFACE('',#1325,49.403834069413,2.903998586472E-02);
#1325 = AXIS2_PLACEMENT_3D('',#1326,#1327,#1328);
#1326 = CARTESIAN_POINT('',(0.,0.,759.319));
#1327 = DIRECTION('',(0.,0.,1.));
#1328 = DIRECTION('',(1.,0.,0.));
#1329 = DEFINITIONAL_REPRESENTATION('',(#1330),#1334);
#1330 = LINE('',#1331,#1332);
#1331 = CARTESIAN_POINT('',(0.,0.));
#1332 = VECTOR('',#1333,1.);
#1333 = DIRECTION('',(1.,0.));
#1334 = ( GEOMETRIC_REPRESENTATION_CONTEXT(2) 
PARAMETRIC_REPRESENTATION_CONTEXT() REPRESENTATION_CONTEXT('2D SPACE',''
  ) );
#1335 = ORIENTED_EDGE('',*,*,#1286,.F.);
#1336 = ADVANCED_FACE('',(#1337),#1324,.T.);
#1337 = FACE_BOUND('',#1338,.T.);
#1338 = EDGE_LOOP('',(#1339,#1340,#1363,#1390));
#1339 = ORIENTED_EDGE('',*,*,#1309,.T.);
#1340 = ORIENTED_EDGE('',*,*,#1341,.T.);
#1341 = EDGE_CURVE('',#1287,#1342,#1344,.T.);
#1342 = VERTEX_POINT('',#1343);
#1343 = CARTESIAN_POINT('',(49.536380786809,0.,763.882));
#1344 = SEAM_CURVE('',#1345,(#1349,#1356),.PCURVE_S1.);
#1345 = LINE('',#1346,#1347);
#1346 = CARTESIAN_POINT('',(49.403834069413,0.,759.319));
#1347 = VECTOR('',#1348,1.);
#1348 = DIRECTION('',(2.903590436617E-02,0.,0.999578369243));
#1349 = PCURVE('',#1324,#1350);
#1350 = DEFINITIONAL_REPRESENTATION('',(#1351),#1355);
#1351 = LINE('',#1352,#1353);
#1352 = CARTESIAN_POINT('',(6.28318530718,0.));
#1353 = VECTOR('',#1354,1.);
#1354 = DIRECTION('',(0.,1.));
#1355 = ( GEOMETRIC_REPRESENTATION_CONTEXT(2) 
PARAMETRIC_REPRESENTATION_CONTEXT() REPRESENTATION_CONTEXT('2D SPACE',''
  ) );
#1356 = PCURVE('',#1324,#1357);
#1357 = DEFINITIONAL_REPRESENTATION('',(#1358),#1362);
#1358 = LINE('',#1359,#1360);
#1359 = CARTESIAN_POINT('',(4.138911435803E-13,0.));
#1360 = VECTOR('',#1361,1.);
#1361 = DIRECTION('',(0.,1.));
#1362 = ( GEOMETRIC_REPRESENTATION_CONTEXT(2) 
PARAMETRIC_REPRESENTATION_CONTEXT() REPRESENTATION_CONTEXT('2D SPACE',''
  ) );
#1363 = ORIENTED_EDGE('',*,*,#1364,.F.);
#1364 = EDGE_CURVE('',#1342,#1342,#1365,.T.);
#1365 = SURFACE_CURVE('',#1366,(#1371,#1378),.PCURVE_S1.);
#1366 = CIRCLE('',#1367,49.536380786809);
#1367 = AXIS2_PLACEMENT_3D('',#1368,#1369,#1370);
#1368 = CARTESIAN_POINT('',(0.,0.,763.882));
#1369 = DIRECTION('',(0.,0.,1.));
#1370 = DIRECTION('',(1.,0.,0.));
#1371 = PCURVE('',#1324,#1372);
#1372 = DEFINITIONAL_REPRESENTATION('',(#1373),#1377);
#1373 = LINE('',#1374,#1375);
#1374 = CARTESIAN_POINT('',(0.,4.563));
#1375 = VECTOR('',#1376,1.);
#1376 = DIRECTION('',(1.,0.));
#1377 = ( GEOMETRIC_REPRESENTATION_CONTEXT(2) 
PARAMETRIC_REPRESENTATION_CONTEXT() REPRESENTATION_CONTEXT('2D SPACE',''
  ) );
#1378 = PCURVE('',#1379,#1384);
#1379 = CONICAL_SURFACE('',#1380,49.536380786809,2.868212204399E-02);
#1380 = AXIS2_PLACEMENT_3D('',#1381,#1382,#1383);
#1381 = CARTESIAN_POINT('',(0.,0.,763.882));
#1382 = DIRECTION('',(0.,0.,1.));
#1383 = DIRECTION('',(1.,0.,0.));
#1384 = DEFINITIONAL_REPRESENTATION('',(#1385),#1389);
#1385 = LINE('',#1386,#1387);
#1386 = CARTESIAN_POINT('',(0.,0.));
#1387 = VECTOR('',#1388,1.);
#1388 = DIRECTION('',(1.,0.));
#1389 = ( GEOMETRIC_REPRESENTATION_CONTEXT(2) 
PARAMETRIC_REPRESENTATION_CONTEXT() REPRESENTATION_CONTEXT('2D SPACE',''
  ) );
#1390 = ORIENTED_EDGE('',*,*,#1341,.F.);
#1391 = ADVANCED_FACE('',(#1392),#1379,.T.);
#1392 = FACE_BOUND('',#1393,.T.);
#1393 = EDGE_LOOP('',(#1394,#1395,#1418,#1445));
#1394 = ORIENTED_EDGE('',*,*,#1364,.T.);
#1395 = ORIENTED_EDGE('',*,*,#1396,.T.);
#1396 = EDGE_CURVE('',#1342,#1397,#1399,.T.);
#1397 = VERTEX_POINT('',#1398);
#1398 = CARTESIAN_POINT('',(49.66729321065,0.,768.445));
#1399 = SEAM_CURVE('',#1400,(#1404,#1411),.PCURVE_S1.);
#1400 = LINE('',#1401,#1402);
#1401 = CARTESIAN_POINT('',(49.536380786809,0.,763.882));
#1402 = VECTOR('',#1403,1.);
#1403 = DIRECTION('',(2.867818958021E-02,0.,0.999588696136));
#1404 = PCURVE('',#1379,#1405);
#1405 = DEFINITIONAL_REPRESENTATION('',(#1406),#1410);
#1406 = LINE('',#1407,#1408);
#1407 = CARTESIAN_POINT('',(6.28318530718,0.));
#1408 = VECTOR('',#1409,1.);
#1409 = DIRECTION('',(0.,1.));
#1410 = ( GEOMETRIC_REPRESENTATION_CONTEXT(2) 
PARAMETRIC_REPRESENTATION_CONTEXT() REPRESENTATION_CONTEXT('2D SPACE',''
  ) );
#1411 = PCURVE('',#1379,#1412);
#1412 = DEFINITIONAL_REPRESENTATION('',(#1413),#1417);
#1413 = LINE('',#1414,#1415);
#1414 = CARTESIAN_POINT('',(4.138911435803E-13,0.));
#1415 = VECTOR('',#1416,1.);
#1416 = DIRECTION('',(0.,1.));
#1417 = ( GEOMETRIC_REPRESENTATION_CONTEXT(2) 
PARAMETRIC_REPRESENTATION_CONTEXT() REPRESENTATION_CONTEXT('2D SPACE',''
  ) );
#1418 = ORIENTED_EDGE('',*,*,#1419,.F.);
#1419 = EDGE_CURVE('',#1397,#1397,#1420,.T.);
#1420 = SURFACE_CURVE('',#1421,(#1426,#1433),.PCURVE_S1.);
#1421 = CIRCLE('',#1422,49.66729321065);
#1422 = AXIS2_PLACEMENT_3D('',#1423,#1424,#1425);
#1423 = CARTESIAN_POINT('',(0.,0.,768.445));
#1424 = DIRECTION('',(0.,0.,1.));
#1425 = DIRECTION('',(1.,0.,0.));
#1426 = PCURVE('',#1379,#1427);
#1427 = DEFINITIONAL_REPRESENTATION('',(#1428),#1432);
#1428 = LINE('',#1429,#1430);
#1429 = CARTESIAN_POINT('',(0.,4.563));
#1430 = VECTOR('',#1431,1.);
#1431 = DIRECTION('',(1.,0.));
#1432 = ( GEOMETRIC_REPRESENTATION_CONTEXT(2) 
PARAMETRIC_REPRESENTATION_CONTEXT() REPRESENTATION_CONTEXT('2D SPACE',''
  ) );
#1433 = PCURVE('',#1434,#1439);
#1434 = CONICAL_SURFACE('',#1435,49.66729321065,2.831254422973E-02);
#1435 = AXIS2_PLACEMENT_3D('',#1436,#1437,#1438);
#1436 = CARTESIAN_POINT('',(0.,0.,768.445));
#1437 = DIRECTION('',(0.,0.,1.));
#1438 = DIRECTION('',(1.,0.,0.));
#1439 = DEFINITIONAL_REPRESENTATION('',(#1440),#1444);
#1440 = LINE('',#1441,#1442);
#1441 = CARTESIAN_POINT('',(0.,0.));
#1442 = VECTOR('',#1443,1.);
#1443 = DIRECTION('',(1.,0.));
#1444 = ( GEOMETRIC_REPRESENTATION_CONTEXT(2) 
PARAMETRIC_REPRESENTATION_CONTEXT() REPRESENTATION_CONTEXT('2D SPACE',''
  ) );
#1445 = ORIENTED_EDGE('',*,*,#1396,.F.);
#1446 = ADVANCED_FACE('',(#1447),#1434,.T.);
#1447 = FACE_BOUND('',#1448,.T.);
#1448 = EDGE_LOOP('',(#1449,#1450,#1473,#1500));
#1449 = ORIENTED_EDGE('',*,*,#1419,.T.);
#1450 = ORIENTED_EDGE('',*,*,#1451,.T.);
#1451 = EDGE_CURVE('',#1397,#1452,#1454,.T.);
#1452 = VERTEX_POINT('',#1453);
#1453 = CARTESIAN_POINT('',(49.796517880654,0.,773.008));
#1454 = SEAM_CURVE('',#1455,(#1459,#1466),.PCURVE_S1.);
#1455 = LINE('',#1456,#1457);
#1456 = CARTESIAN_POINT('',(49.66729321065,0.,768.445));
#1457 = VECTOR('',#1458,1.);
#1458 = DIRECTION('',(2.830876182474E-02,0.,0.999599226692));
#1459 = PCURVE('',#1434,#1460);
#1460 = DEFINITIONAL_REPRESENTATION('',(#1461),#1465);
#1461 = LINE('',#1462,#1463);
#1462 = CARTESIAN_POINT('',(6.28318530718,0.));
#1463 = VECTOR('',#1464,1.);
#1464 = DIRECTION('',(0.,1.));
#1465 = ( GEOMETRIC_REPRESENTATION_CONTEXT(2) 
PARAMETRIC_REPRESENTATION_CONTEXT() REPRESENTATION_CONTEXT('2D SPACE',''
  ) );
#1466 = PCURVE('',#1434,#1467);
#1467 = DEFINITIONAL_REPRESENTATION('',(#1468),#1472);
#1468 = LINE('',#1469,#1470);
#1469 = CARTESIAN_POINT('',(4.138911435803E-13,0.));
#1470 = VECTOR('',#1471,1.);
#1471 = DIRECTION('',(0.,1.));
#1472 = ( GEOMETRIC_REPRESENTATION_CONTEXT(2) 
PARAMETRIC_REPRESENTATION_CONTEXT() REPRESENTATION_CONTEXT('2D SPACE',''
  ) );
#1473 = ORIENTED_EDGE('',*,*,#1474,.F.);
#1474 = EDGE_CURVE('',#1452,#1452,#1475,.T.);
#1475 = SURFACE_CURVE('',#1476,(#1481,#1488),.PCURVE_S1.);
#1476 = CIRCLE('',#1477,49.796517880654);
#1477 = AXIS2_PLACEMENT_3D('',#1478,#1479,#1480);
#1478 = CARTESIAN_POINT('',(0.,0.,773.008));
#1479 = DIRECTION('',(0.,0.,1.));
#1480 = DIRECTION('',(1.,0.,0.));
#1481 = PCURVE('',#1434,#1482);
#1482 = DEFINITIONAL_REPRESENTATION('',(#1483),#1487);
#1483 = LINE('',#1484,#1485);
#1484 = CARTESIAN_POINT('',(0.,4.563));
#1485 = VECTOR('',#1486,1.);
#1486 = DIRECTION('',(1.,0.));
#1487 = ( GEOMETRIC_REPRESENTATION_CONTEXT(2) 
PARAMETRIC_REPRESENTATION_CONTEXT() REPRESENTATION_CONTEXT('2D SPACE',''
  ) );
#1488 = PCURVE('',#1489,#1494);
#1489 = CONICAL_SURFACE('',#1490,49.796517880654,2.793125178285E-02);
#1490 = AXIS2_PLACEMENT_3D('',#1491,#1492,#1493);
#1491 = CARTESIAN_POINT('',(0.,0.,773.008));
#1492 = DIRECTION('',(0.,0.,1.));
#1493 = DIRECTION('',(1.,0.,0.));
#1494 = DEFINITIONAL_REPRESENTATION('',(#1495),#1499);
#1495 = LINE('',#1496,#1497);
#1496 = CARTESIAN_POINT('',(0.,0.));
#1497 = VECTOR('',#1498,1.);
#1498 = DIRECTION('',(1.,0.));
#1499 = ( GEOMETRIC_REPRESENTATION_CONTEXT(2) 
PARAMETRIC_REPRESENTATION_CONTEXT() REPRESENTATION_CONTEXT('2D SPACE',''
  ) );
#1500 = ORIENTED_EDGE('',*,*,#1451,.F.);
#1501 = ADVANCED_FACE('',(#1502),#1489,.T.);
#1502 = FACE_BOUND('',#1503,.T.);
#1503 = EDGE_LOOP('',(#1504,#1505,#1528,#1555));
#1504 = ORIENTED_EDGE('',*,*,#1474,.T.);
#1505 = ORIENTED_EDGE('',*,*,#1506,.T.);
#1506 = EDGE_CURVE('',#1452,#1507,#1509,.T.);
#1507 = VERTEX_POINT('',#1508);
#1508 = CARTESIAN_POINT('',(49.924001336542,0.,777.571));
#1509 = SEAM_CURVE('',#1510,(#1514,#1521),.PCURVE_S1.);
#1510 = LINE('',#1511,#1512);
#1511 = CARTESIAN_POINT('',(49.796517880654,0.,773.008));
#1512 = VECTOR('',#1513,1.);
#1513 = DIRECTION('',(2.792762014111E-02,0.,0.999609947946));
#1514 = PCURVE('',#1489,#1515);
#1515 = DEFINITIONAL_REPRESENTATION('',(#1516),#1520);
#1516 = LINE('',#1517,#1518);
#1517 = CARTESIAN_POINT('',(6.28318530718,0.));
#1518 = VECTOR('',#1519,1.);
#1519 = DIRECTION('',(0.,1.));
#1520 = ( GEOMETRIC_REPRESENTATION_CONTEXT(2) 
PARAMETRIC_REPRESENTATION_CONTEXT() REPRESENTATION_CONTEXT('2D SPACE',''
  ) );
#1521 = PCURVE('',#1489,#1522);
#1522 = DEFINITIONAL_REPRESENTATION('',(#1523),#1527);
#1523 = LINE('',#1524,#1525);
#1524 = CARTESIAN_POINT('',(4.138911435803E-13,0.));
#1525 = VECTOR('',#1526,1.);
#1526 = DIRECTION('',(0.,1.));
#1527 = ( GEOMETRIC_REPRESENTATION_CONTEXT(2) 
PARAMETRIC_REPRESENTATION_CONTEXT() REPRESENTATION_CONTEXT('2D SPACE',''
  ) );
#1528 = ORIENTED_EDGE('',*,*,#1529,.F.);
#1529 = EDGE_CURVE('',#1507,#1507,#1530,.T.);
#1530 = SURFACE_CURVE('',#1531,(#1536,#1543),.PCURVE_S1.);
#1531 = CIRCLE('',#1532,49.924001336542);
#1532 = AXIS2_PLACEMENT_3D('',#1533,#1534,#1535);
#1533 = CARTESIAN_POINT('',(0.,0.,777.571));
#1534 = DIRECTION('',(0.,0.,1.));
#1535 = DIRECTION('',(1.,0.,0.));
#1536 = PCURVE('',#1489,#1537);
#1537 = DEFINITIONAL_REPRESENTATION('',(#1538),#1542);
#1538 = LINE('',#1539,#1540);
#1539 = CARTESIAN_POINT('',(0.,4.563));
#1540 = VECTOR('',#1541,1.);
#1541 = DIRECTION('',(1.,0.));
#1542 = ( GEOMETRIC_REPRESENTATION_CONTEXT(2) 
PARAMETRIC_REPRESENTATION_CONTEXT() REPRESENTATION_CONTEXT('2D SPACE',''
  ) );
#1543 = PCURVE('',#1544,#1549);
#1544 = CONICAL_SURFACE('',#1545,49.924001336542,2.753824406074E-02);
#1545 = AXIS2_PLACEMENT_3D('',#1546,#1547,#1548);
#1546 = CARTESIAN_POINT('',(0.,0.,777.571));
#1547 = DIRECTION('',(0.,0.,1.));
#1548 = DIRECTION('',(1.,0.,0.));
#1549 = DEFINITIONAL_REPRESENTATION('',(#1550),#1554);
#1550 = LINE('',#1551,#1552);
#1551 = CARTESIAN_POINT('',(0.,0.));
#1552 = VECTOR('',#1553,1.);
#1553 = DIRECTION('',(1.,0.));
#1554 = ( GEOMETRIC_REPRESENTATION_CONTEXT(2) 
PARAMETRIC_REPRESENTATION_CONTEXT() REPRESENTATION_CONTEXT('2D SPACE',''
  ) );
#1555 = ORIENTED_EDGE('',*,*,#1506,.F.);
#1556 = ADVANCED_FACE('',(#1557),#1544,.T.);
#1557 = FACE_BOUND('',#1558,.T.);
#1558 = EDGE_LOOP('',(#1559,#1560,#1583,#1610));
#1559 = ORIENTED_EDGE('',*,*,#1529,.T.);
#1560 = ORIENTED_EDGE('',*,*,#1561,.T.);
#1561 = EDGE_CURVE('',#1507,#1562,#1564,.T.);
#1562 = VERTEX_POINT('',#1563);
#1563 = CARTESIAN_POINT('',(50.049690118031,0.,782.134));
#1564 = SEAM_CURVE('',#1565,(#1569,#1576),.PCURVE_S1.);
#1565 = LINE('',#1566,#1567);
#1566 = CARTESIAN_POINT('',(49.924001336542,0.,777.571));
#1567 = VECTOR('',#1568,1.);
#1568 = DIRECTION('',(2.753476356573E-02,0.,0.999620846519));
#1569 = PCURVE('',#1544,#1570);
#1570 = DEFINITIONAL_REPRESENTATION('',(#1571),#1575);
#1571 = LINE('',#1572,#1573);
#1572 = CARTESIAN_POINT('',(6.28318530718,0.));
#1573 = VECTOR('',#1574,1.);
#1574 = DIRECTION('',(0.,1.));
#1575 = ( GEOMETRIC_REPRESENTATION_CONTEXT(2) 
PARAMETRIC_REPRESENTATION_CONTEXT() REPRESENTATION_CONTEXT('2D SPACE',''
  ) );
#1576 = PCURVE('',#1544,#1577);
#1577 = DEFINITIONAL_REPRESENTATION('',(#1578),#1582);
#1578 = LINE('',#1579,#1580);
#1579 = CARTESIAN_POINT('',(4.138911435803E-13,0.));
#1580 = VECTOR('',#1581,1.);
#1581 = DIRECTION('',(0.,1.));
#1582 = ( GEOMETRIC_REPRESENTATION_CONTEXT(2) 
PARAMETRIC_REPRESENTATION_CONTEXT() REPRESENTATION_CONTEXT('2D SPACE',''
  ) );
#1583 = ORIENTED_EDGE('',*,*,#1584,.F.);
#1584 = EDGE_CURVE('',#1562,#1562,#1585,.T.);
#1585 = SURFACE_CURVE('',#1586,(#1591,#1598),.PCURVE_S1.);
#1586 = CIRCLE('',#1587,50.049690118031);
#1587 = AXIS2_PLACEMENT_3D('',#1588,#1589,#1590);
#1588 = CARTESIAN_POINT('',(0.,0.,782.134));
#1589 = DIRECTION('',(0.,0.,1.));
#1590 = DIRECTION('',(1.,0.,0.));
#1591 = PCURVE('',#1544,#1592);
#1592 = DEFINITIONAL_REPRESENTATION('',(#1593),#1597);
#1593 = LINE('',#1594,#1595);
#1594 = CARTESIAN_POINT('',(0.,4.563));
#1595 = VECTOR('',#1596,1.);
#1596 = DIRECTION('',(1.,0.));
#1597 = ( GEOMETRIC_REPRESENTATION_CONTEXT(2) 
PARAMETRIC_REPRESENTATION_CONTEXT() REPRESENTATION_CONTEXT('2D SPACE',''
  ) );
#1598 = PCURVE('',#1599,#1604);
#1599 = CONICAL_SURFACE('',#1600,50.049690118031,2.713352041885E-02);
#1600 = AXIS2_PLACEMENT_3D('',#1601,#1602,#1603);
#1601 = CARTESIAN_POINT('',(0.,0.,782.134));
#1602 = DIRECTION('',(0.,0.,1.));
#1603 = DIRECTION('',(1.,0.,0.));
#1604 = DEFINITIONAL_REPRESENTATION('',(#1605),#1609);
#1605 = LINE('',#1606,#1607);
#1606 = CARTESIAN_POINT('',(0.,0.));
#1607 = VECTOR('',#1608,1.);
#1608 = DIRECTION('',(1.,0.));
#1609 = ( GEOMETRIC_REPRESENTATION_CONTEXT(2) 
PARAMETRIC_REPRESENTATION_CONTEXT() REPRESENTATION_CONTEXT('2D SPACE',''
  ) );
#1610 = ORIENTED_EDGE('',*,*,#1561,.F.);
#1611 = ADVANCED_FACE('',(#1612),#1599,.T.);
#1612 = FACE_BOUND('',#1613,.T.);
#1613 = EDGE_LOOP('',(#1614,#1615,#1638,#1665));
#1614 = ORIENTED_EDGE('',*,*,#1584,.T.);
#1615 = ORIENTED_EDGE('',*,*,#1616,.T.);
#1616 = EDGE_CURVE('',#1562,#1617,#1619,.T.);
#1617 = VERTEX_POINT('',#1618);
#1618 = CARTESIAN_POINT('',(50.173530764842,0.,786.697));
#1619 = SEAM_CURVE('',#1620,(#1624,#1631),.PCURVE_S1.);
#1620 = LINE('',#1621,#1622);
#1621 = CARTESIAN_POINT('',(50.049690118031,0.,782.134));
#1622 = VECTOR('',#1623,1.);
#1623 = DIRECTION('',(2.713019113215E-02,0.,0.999631908619));
#1624 = PCURVE('',#1599,#1625);
#1625 = DEFINITIONAL_REPRESENTATION('',(#1626),#1630);
#1626 = LINE('',#1627,#1628);
#1627 = CARTESIAN_POINT('',(6.28318530718,0.));
#1628 = VECTOR('',#1629,1.);
#1629 = DIRECTION('',(0.,1.));
#1630 = ( GEOMETRIC_REPRESENTATION_CONTEXT(2) 
PARAMETRIC_REPRESENTATION_CONTEXT() REPRESENTATION_CONTEXT('2D SPACE',''
  ) );
#1631 = PCURVE('',#1599,#1632);
#1632 = DEFINITIONAL_REPRESENTATION('',(#1633),#1637);
#1633 = LINE('',#1634,#1635);
#1634 = CARTESIAN_POINT('',(4.138911435803E-13,0.));
#1635 = VECTOR('',#1636,1.);
#1636 = DIRECTION('',(0.,1.));
#1637 = ( GEOMETRIC_REPRESENTATION_CONTEXT(2) 
PARAMETRIC_REPRESENTATION_CONTEXT() REPRESENTATION_CONTEXT('2D SPACE',''
  ) );
#1638 = ORIENTED_EDGE('',*,*,#1639,.F.);
#1639 = EDGE_CURVE('',#1617,#1617,#1640,.T.);
#1640 = SURFACE_CURVE('',#1641,(#1646,#1653),.PCURVE_S1.);
#1641 = CIRCLE('',#1642,50.173530764842);
#1642 = AXIS2_PLACEMENT_3D('',#1643,#1644,#1645);
#1643 = CARTESIAN_POINT('',(0.,0.,786.697));
#1644 = DIRECTION('',(0.,0.,1.));
#1645 = DIRECTION('',(1.,0.,0.));
#1646 = PCURVE('',#1599,#1647);
#1647 = DEFINITIONAL_REPRESENTATION('',(#1648),#1652);
#1648 = LINE('',#1649,#1650);
#1649 = CARTESIAN_POINT('',(0.,4.563));
#1650 = VECTOR('',#1651,1.);
#1651 = DIRECTION('',(1.,0.));
#1652 = ( GEOMETRIC_REPRESENTATION_CONTEXT(2) 
PARAMETRIC_REPRESENTATION_CONTEXT() REPRESENTATION_CONTEXT('2D SPACE',''
  ) );
#1653 = PCURVE('',#1654,#1659);
#1654 = CONICAL_SURFACE('',#1655,50.173530764842,2.671708021232E-02);
#1655 = AXIS2_PLACEMENT_3D('',#1656,#1657,#1658);
#1656 = CARTESIAN_POINT('',(0.,0.,786.697));
#1657 = DIRECTION('',(0.,0.,1.));
#1658 = DIRECTION('',(1.,0.,0.));
#1659 = DEFINITIONAL_REPRESENTATION('',(#1660),#1664);
#1660 = LINE('',#1661,#1662);
#1661 = CARTESIAN_POINT('',(0.,0.));
#1662 = VECTOR('',#1663,1.);
#1663 = DIRECTION('',(1.,0.));
#1664 = ( GEOMETRIC_REPRESENTATION_CONTEXT(2) 
PARAMETRIC_REPRESENTATION_CONTEXT() REPRESENTATION_CONTEXT('2D SPACE',''
  ) );
#1665 = ORIENTED_EDGE('',*,*,#1616,.F.);
#1666 = ADVANCED_FACE('',(#1667),#1654,.T.);
#1667 = FACE_BOUND('',#1668,.T.);
#1668 = EDGE_LOOP('',(#1669,#1670,#1693,#1720));
#1669 = ORIENTED_EDGE('',*,*,#1639,.T.);
#1670 = ORIENTED_EDGE('',*,*,#1671,.T.);
#1671 = EDGE_CURVE('',#1617,#1672,#1674,.T.);
#1672 = VERTEX_POINT('',#1673);
#1673 = CARTESIAN_POINT('',(50.295469816693,0.,791.26));
#1674 = SEAM_CURVE('',#1675,(#1679,#1686),.PCURVE_S1.);
#1675 = LINE('',#1676,#1677);
#1676 = CARTESIAN_POINT('',(50.173530764842,0.,786.697));
#1677 = VECTOR('',#1678,1.);
#1678 = DIRECTION('',(2.671390187313E-02,0.,0.999643120042));
#1679 = PCURVE('',#1654,#1680);
#1680 = DEFINITIONAL_REPRESENTATION('',(#1681),#1685);
#1681 = LINE('',#1682,#1683);
#1682 = CARTESIAN_POINT('',(6.28318530718,0.));
#1683 = VECTOR('',#1684,1.);
#1684 = DIRECTION('',(0.,1.));
#1685 = ( GEOMETRIC_REPRESENTATION_CONTEXT(2) 
PARAMETRIC_REPRESENTATION_CONTEXT() REPRESENTATION_CONTEXT('2D SPACE',''
  ) );
#1686 = PCURVE('',#1654,#1687);
#1687 = DEFINITIONAL_REPRESENTATION('',(#1688),#1692);
#1688 = LINE('',#1689,#1690);
#1689 = CARTESIAN_POINT('',(4.138911435803E-13,0.));
#1690 = VECTOR('',#1691,1.);
#1691 = DIRECTION('',(0.,1.));
#1692 = ( GEOMETRIC_REPRESENTATION_CONTEXT(2) 
PARAMETRIC_REPRESENTATION_CONTEXT() REPRESENTATION_CONTEXT('2D SPACE',''
  ) );
#1693 = ORIENTED_EDGE('',*,*,#1694,.F.);
#1694 = EDGE_CURVE('',#1672,#1672,#1695,.T.);
#1695 = SURFACE_CURVE('',#1696,(#1701,#1708),.PCURVE_S1.);
#1696 = CIRCLE('',#1697,50.295469816693);
#1697 = AXIS2_PLACEMENT_3D('',#1698,#1699,#1700);
#1698 = CARTESIAN_POINT('',(0.,0.,791.26));
#1699 = DIRECTION('',(0.,0.,1.));
#1700 = DIRECTION('',(1.,0.,0.));
#1701 = PCURVE('',#1654,#1702);
#1702 = DEFINITIONAL_REPRESENTATION('',(#1703),#1707);
#1703 = LINE('',#1704,#1705);
#1704 = CARTESIAN_POINT('',(0.,4.563));
#1705 = VECTOR('',#1706,1.);
#1706 = DIRECTION('',(1.,0.));
#1707 = ( GEOMETRIC_REPRESENTATION_CONTEXT(2) 
PARAMETRIC_REPRESENTATION_CONTEXT() REPRESENTATION_CONTEXT('2D SPACE',''
  ) );
#1708 = PCURVE('',#1709,#1714);
#1709 = CONICAL_SURFACE('',#1710,50.295469816693,2.628892279759E-02);
#1710 = AXIS2_PLACEMENT_3D('',#1711,#1712,#1713);
#1711 = CARTESIAN_POINT('',(0.,0.,791.26));
#1712 = DIRECTION('',(0.,0.,1.));
#1713 = DIRECTION('',(1.,0.,0.));
#1714 = DEFINITIONAL_REPRESENTATION('',(#1715),#1719);
#1715 = LINE('',#1716,#1717);
#1716 = CARTESIAN_POINT('',(0.,0.));
#1717 = VECTOR('',#1718,1.);
#1718 = DIRECTION('',(1.,0.));
#1719 = ( GEOMETRIC_REPRESENTATION_CONTEXT(2) 
PARAMETRIC_REPRESENTATION_CONTEXT() REPRESENTATION_CONTEXT('2D SPACE',''
  ) );
#1720 = ORIENTED_EDGE('',*,*,#1671,.F.);
#1721 = ADVANCED_FACE('',(#1722),#1709,.T.);
#1722 = FACE_BOUND('',#1723,.T.);
#1723 = EDGE_LOOP('',(#1724,#1725,#1748,#1775));
#1724 = ORIENTED_EDGE('',*,*,#1694,.T.);
#1725 = ORIENTED_EDGE('',*,*,#1726,.T.);
#1726 = EDGE_CURVE('',#1672,#1727,#1729,.T.);
#1727 = VERTEX_POINT('',#1728);
#1728 = CARTESIAN_POINT('',(50.415453813304,0.,795.823));
#1729 = SEAM_CURVE('',#1730,(#1734,#1741),.PCURVE_S1.);
#1730 = LINE('',#1731,#1732);
#1731 = CARTESIAN_POINT('',(50.295469816693,0.,791.26));
#1732 = VECTOR('',#1733,1.);
#1733 = DIRECTION('',(2.628589482377E-02,0.,0.99965446617));
#1734 = PCURVE('',#1709,#1735);
#1735 = DEFINITIONAL_REPRESENTATION('',(#1736),#1740);
#1736 = LINE('',#1737,#1738);
#1737 = CARTESIAN_POINT('',(6.28318530718,0.));
#1738 = VECTOR('',#1739,1.);
#1739 = DIRECTION('',(0.,1.));
#1740 = ( GEOMETRIC_REPRESENTATION_CONTEXT(2) 
PARAMETRIC_REPRESENTATION_CONTEXT() REPRESENTATION_CONTEXT('2D SPACE',''
  ) );
#1741 = PCURVE('',#1709,#1742);
#1742 = DEFINITIONAL_REPRESENTATION('',(#1743),#1747);
#1743 = LINE('',#1744,#1745);
#1744 = CARTESIAN_POINT('',(4.138911435803E-13,0.));
#1745 = VECTOR('',#1746,1.);
#1746 = DIRECTION('',(0.,1.));
#1747 = ( GEOMETRIC_REPRESENTATION_CONTEXT(2) 
PARAMETRIC_REPRESENTATION_CONTEXT() REPRESENTATION_CONTEXT('2D SPACE',''
  ) );
#1748 = ORIENTED_EDGE('',*,*,#1749,.F.);
#1749 = EDGE_CURVE('',#1727,#1727,#1750,.T.);
#1750 = SURFACE_CURVE('',#1751,(#1756,#1763),.PCURVE_S1.);
#1751 = CIRCLE('',#1752,50.415453813304);
#1752 = AXIS2_PLACEMENT_3D('',#1753,#1754,#1755);
#1753 = CARTESIAN_POINT('',(0.,0.,795.823));
#1754 = DIRECTION('',(0.,0.,1.));
#1755 = DIRECTION('',(1.,0.,0.));
#1756 = PCURVE('',#1709,#1757);
#1757 = DEFINITIONAL_REPRESENTATION('',(#1758),#1762);
#1758 = LINE('',#1759,#1760);
#1759 = CARTESIAN_POINT('',(0.,4.563));
#1760 = VECTOR('',#1761,1.);
#1761 = DIRECTION('',(1.,0.));
#1762 = ( GEOMETRIC_REPRESENTATION_CONTEXT(2) 
PARAMETRIC_REPRESENTATION_CONTEXT() REPRESENTATION_CONTEXT('2D SPACE',''
  ) );
#1763 = PCURVE('',#1764,#1769);
#1764 = CONICAL_SURFACE('',#1765,50.415453813304,2.584904753419E-02);
#1765 = AXIS2_PLACEMENT_3D('',#1766,#1767,#1768);
#1766 = CARTESIAN_POINT('',(0.,0.,795.823));
#1767 = DIRECTION('',(0.,0.,1.));
#1768 = DIRECTION('',(1.,0.,0.));
#1769 = DEFINITIONAL_REPRESENTATION('',(#1770),#1774);
#1770 = LINE('',#1771,#1772);
#1771 = CARTESIAN_POINT('',(0.,0.));
#1772 = VECTOR('',#1773,1.);
#1773 = DIRECTION('',(1.,0.));
#1774 = ( GEOMETRIC_REPRESENTATION_CONTEXT(2) 
PARAMETRIC_REPRESENTATION_CONTEXT() REPRESENTATION_CONTEXT('2D SPACE',''
  ) );
#1775 = ORIENTED_EDGE('',*,*,#1726,.F.);
#1776 = ADVANCED_FACE('',(#1777),#1764,.T.);
#1777 = FACE_BOUND('',#1778,.T.);
#1778 = EDGE_LOOP('',(#1779,#1780,#1803,#1830));
#1779 = ORIENTED_EDGE('',*,*,#1749,.T.);
#1780 = ORIENTED_EDGE('',*,*,#1781,.T.);
#1781 = EDGE_CURVE('',#1727,#1782,#1784,.T.);
#1782 = VERTEX_POINT('',#1783);
#1783 = CARTESIAN_POINT('',(50.533429294393,0.,800.386));
#1784 = SEAM_CURVE('',#1785,(#1789,#1796),.PCURVE_S1.);
#1785 = LINE('',#1786,#1787);
#1786 = CARTESIAN_POINT('',(50.415453813304,0.,795.823));
#1787 = VECTOR('',#1788,1.);
#1788 = DIRECTION('',(2.584616902324E-02,0.,0.999665931973));
#1789 = PCURVE('',#1764,#1790);
#1790 = DEFINITIONAL_REPRESENTATION('',(#1791),#1795);
#1791 = LINE('',#1792,#1793);
#1792 = CARTESIAN_POINT('',(6.28318530718,0.));
#1793 = VECTOR('',#1794,1.);
#1794 = DIRECTION('',(0.,1.));
#1795 = ( GEOMETRIC_REPRESENTATION_CONTEXT(2) 
PARAMETRIC_REPRESENTATION_CONTEXT() REPRESENTATION_CONTEXT('2D SPACE',''
  ) );
#1796 = PCURVE('',#1764,#1797);
#1797 = DEFINITIONAL_REPRESENTATION('',(#1798),#1802);
#1798 = LINE('',#1799,#1800);
#1799 = CARTESIAN_POINT('',(4.138911435803E-13,0.));
#1800 = VECTOR('',#1801,1.);
#1801 = DIRECTION('',(0.,1.));
#1802 = ( GEOMETRIC_REPRESENTATION_CONTEXT(2) 
PARAMETRIC_REPRESENTATION_CONTEXT() REPRESENTATION_CONTEXT('2D SPACE',''
  ) );
#1803 = ORIENTED_EDGE('',*,*,#1804,.F.);
#1804 = EDGE_CURVE('',#1782,#1782,#1805,.T.);
#1805 = SURFACE_CURVE('',#1806,(#1811,#1818),.PCURVE_S1.);
#1806 = CIRCLE('',#1807,50.533429294393);
#1807 = AXIS2_PLACEMENT_3D('',#1808,#1809,#1810);
#1808 = CARTESIAN_POINT('',(0.,0.,800.386));
#1809 = DIRECTION('',(0.,0.,1.));
#1810 = DIRECTION('',(1.,0.,0.));
#1811 = PCURVE('',#1764,#1812);
#1812 = DEFINITIONAL_REPRESENTATION('',(#1813),#1817);
#1813 = LINE('',#1814,#1815);
#1814 = CARTESIAN_POINT('',(0.,4.563));
#1815 = VECTOR('',#1816,1.);
#1816 = DIRECTION('',(1.,0.));
#1817 = ( GEOMETRIC_REPRESENTATION_CONTEXT(2) 
PARAMETRIC_REPRESENTATION_CONTEXT() REPRESENTATION_CONTEXT('2D SPACE',''
  ) );
#1818 = PCURVE('',#1819,#1824);
#1819 = CONICAL_SURFACE('',#1820,50.533429294393,2.539745378644E-02);
#1820 = AXIS2_PLACEMENT_3D('',#1821,#1822,#1823);
#1821 = CARTESIAN_POINT('',(0.,0.,800.386));
#1822 = DIRECTION('',(0.,0.,1.));
#1823 = DIRECTION('',(1.,0.,0.));
#1824 = DEFINITIONAL_REPRESENTATION('',(#1825),#1829);
#1825 = LINE('',#1826,#1827);
#1826 = CARTESIAN_POINT('',(0.,0.));
#1827 = VECTOR('',#1828,1.);
#1828 = DIRECTION('',(1.,0.));
#1829 = ( GEOMETRIC_REPRESENTATION_CONTEXT(2) 
PARAMETRIC_REPRESENTATION_CONTEXT() REPRESENTATION_CONTEXT('2D SPACE',''
  ) );
#1830 = ORIENTED_EDGE('',*,*,#1781,.F.);
#1831 = ADVANCED_FACE('',(#1832),#1819,.T.);
#1832 = FACE_BOUND('',#1833,.T.);
#1833 = EDGE_LOOP('',(#1834,#1835,#1858,#1885));
#1834 = ORIENTED_EDGE('',*,*,#1804,.T.);
#1835 = ORIENTED_EDGE('',*,*,#1836,.T.);
#1836 = EDGE_CURVE('',#1782,#1837,#1839,.T.);
#1837 = VERTEX_POINT('',#1838);
#1838 = CARTESIAN_POINT('',(50.649342799681,0.,804.949));
#1839 = SEAM_CURVE('',#1840,(#1844,#1851),.PCURVE_S1.);
#1840 = LINE('',#1841,#1842);
#1841 = CARTESIAN_POINT('',(50.533429294393,0.,800.386));
#1842 = VECTOR('',#1843,1.);
#1843 = DIRECTION('',(2.539472351851E-02,0.,0.999677502006));
#1844 = PCURVE('',#1819,#1845);
#1845 = DEFINITIONAL_REPRESENTATION('',(#1846),#1850);
#1846 = LINE('',#1847,#1848);
#1847 = CARTESIAN_POINT('',(6.28318530718,0.));
#1848 = VECTOR('',#1849,1.);
#1849 = DIRECTION('',(0.,1.));
#1850 = ( GEOMETRIC_REPRESENTATION_CONTEXT(2) 
PARAMETRIC_REPRESENTATION_CONTEXT() REPRESENTATION_CONTEXT('2D SPACE',''
  ) );
#1851 = PCURVE('',#1819,#1852);
#1852 = DEFINITIONAL_REPRESENTATION('',(#1853),#1857);
#1853 = LINE('',#1854,#1855);
#1854 = CARTESIAN_POINT('',(4.138911435803E-13,0.));
#1855 = VECTOR('',#1856,1.);
#1856 = DIRECTION('',(0.,1.));
#1857 = ( GEOMETRIC_REPRESENTATION_CONTEXT(2) 
PARAMETRIC_REPRESENTATION_CONTEXT() REPRESENTATION_CONTEXT('2D SPACE',''
  ) );
#1858 = ORIENTED_EDGE('',*,*,#1859,.F.);
#1859 = EDGE_CURVE('',#1837,#1837,#1860,.T.);
#1860 = SURFACE_CURVE('',#1861,(#1866,#1873),.PCURVE_S1.);
#1861 = CIRCLE('',#1862,50.649342799681);
#1862 = AXIS2_PLACEMENT_3D('',#1863,#1864,#1865);
#1863 = CARTESIAN_POINT('',(0.,0.,804.949));
#1864 = DIRECTION('',(0.,0.,1.));
#1865 = DIRECTION('',(1.,0.,0.));
#1866 = PCURVE('',#1819,#1867);
#1867 = DEFINITIONAL_REPRESENTATION('',(#1868),#1872);
#1868 = LINE('',#1869,#1870);
#1869 = CARTESIAN_POINT('',(0.,4.563));
#1870 = VECTOR('',#1871,1.);
#1871 = DIRECTION('',(1.,0.));
#1872 = ( GEOMETRIC_REPRESENTATION_CONTEXT(2) 
PARAMETRIC_REPRESENTATION_CONTEXT() REPRESENTATION_CONTEXT('2D SPACE',''
  ) );
#1873 = PCURVE('',#1874,#1879);
#1874 = CONICAL_SURFACE('',#1875,50.649342799681,2.49341409253E-02);
#1875 = AXIS2_PLACEMENT_3D('',#1876,#1877,#1878);
#1876 = CARTESIAN_POINT('',(0.,0.,804.949));
#1877 = DIRECTION('',(0.,0.,1.));
#1878 = DIRECTION('',(1.,0.,0.));
#1879 = DEFINITIONAL_REPRESENTATION('',(#1880),#1884);
#1880 = LINE('',#1881,#1882);
#1881 = CARTESIAN_POINT('',(0.,0.));
#1882 = VECTOR('',#1883,1.);
#1883 = DIRECTION('',(1.,0.));
#1884 = ( GEOMETRIC_REPRESENTATION_CONTEXT(2) 
PARAMETRIC_REPRESENTATION_CONTEXT() REPRESENTATION_CONTEXT('2D SPACE',''
  ) );
#1885 = ORIENTED_EDGE('',*,*,#1836,.F.);
#1886 = ADVANCED_FACE('',(#1887),#1874,.T.);
#1887 = FACE_BOUND('',#1888,.T.);
#1888 = EDGE_LOOP('',(#1889,#1890,#1913,#1940));
#1889 = ORIENTED_EDGE('',*,*,#1859,.T.);
#1890 = ORIENTED_EDGE('',*,*,#1891,.T.);
#1891 = EDGE_CURVE('',#1837,#1892,#1894,.T.);
#1892 = VERTEX_POINT('',#1893);
#1893 = CARTESIAN_POINT('',(50.763140868885,0.,809.512));
#1894 = SEAM_CURVE('',#1895,(#1899,#1906),.PCURVE_S1.);
#1895 = LINE('',#1896,#1897);
#1896 = CARTESIAN_POINT('',(50.649342799681,0.,804.949));
#1897 = VECTOR('',#1898,1.);
#1898 = DIRECTION('',(2.493155736574E-02,0.,0.999689160413));
#1899 = PCURVE('',#1874,#1900);
#1900 = DEFINITIONAL_REPRESENTATION('',(#1901),#1905);
#1901 = LINE('',#1902,#1903);
#1902 = CARTESIAN_POINT('',(6.28318530718,0.));
#1903 = VECTOR('',#1904,1.);
#1904 = DIRECTION('',(0.,1.));
#1905 = ( GEOMETRIC_REPRESENTATION_CONTEXT(2) 
PARAMETRIC_REPRESENTATION_CONTEXT() REPRESENTATION_CONTEXT('2D SPACE',''
  ) );
#1906 = PCURVE('',#1874,#1907);
#1907 = DEFINITIONAL_REPRESENTATION('',(#1908),#1912);
#1908 = LINE('',#1909,#1910);
#1909 = CARTESIAN_POINT('',(4.138911435803E-13,0.));
#1910 = VECTOR('',#1911,1.);
#1911 = DIRECTION('',(0.,1.));
#1912 = ( GEOMETRIC_REPRESENTATION_CONTEXT(2) 
PARAMETRIC_REPRESENTATION_CONTEXT() REPRESENTATION_CONTEXT('2D SPACE',''
  ) );
#1913 = ORIENTED_EDGE('',*,*,#1914,.F.);
#1914 = EDGE_CURVE('',#1892,#1892,#1915,.T.);
#1915 = SURFACE_CURVE('',#1916,(#1921,#1928),.PCURVE_S1.);
#1916 = CIRCLE('',#1917,50.763140868885);
#1917 = AXIS2_PLACEMENT_3D('',#1918,#1919,#1920);
#1918 = CARTESIAN_POINT('',(0.,0.,809.512));
#1919 = DIRECTION('',(0.,0.,1.));
#1920 = DIRECTION('',(1.,0.,0.));
#1921 = PCURVE('',#1874,#1922);
#1922 = DEFINITIONAL_REPRESENTATION('',(#1923),#1927);
#1923 = LINE('',#1924,#1925);
#1924 = CARTESIAN_POINT('',(0.,4.563));
#1925 = VECTOR('',#1926,1.);
#1926 = DIRECTION('',(1.,0.));
#1927 = ( GEOMETRIC_REPRESENTATION_CONTEXT(2) 
PARAMETRIC_REPRESENTATION_CONTEXT() REPRESENTATION_CONTEXT('2D SPACE',''
  ) );
#1928 = PCURVE('',#1929,#1934);
#1929 = CONICAL_SURFACE('',#1930,50.763140868885,2.44591083302E-02);
#1930 = AXIS2_PLACEMENT_3D('',#1931,#1932,#1933);
#1931 = CARTESIAN_POINT('',(0.,0.,809.512));
#1932 = DIRECTION('',(0.,0.,1.));
#1933 = DIRECTION('',(1.,0.,0.));
#1934 = DEFINITIONAL_REPRESENTATION('',(#1935),#1939);
#1935 = LINE('',#1936,#1937);
#1936 = CARTESIAN_POINT('',(0.,0.));
#1937 = VECTOR('',#1938,1.);
#1938 = DIRECTION('',(1.,0.));
#1939 = ( GEOMETRIC_REPRESENTATION_CONTEXT(2) 
PARAMETRIC_REPRESENTATION_CONTEXT() REPRESENTATION_CONTEXT('2D SPACE',''
  ) );
#1940 = ORIENTED_EDGE('',*,*,#1891,.F.);
#1941 = ADVANCED_FACE('',(#1942),#1929,.T.);
#1942 = FACE_BOUND('',#1943,.T.);
#1943 = EDGE_LOOP('',(#1944,#1945,#1968,#1995));
#1944 = ORIENTED_EDGE('',*,*,#1914,.T.);
#1945 = ORIENTED_EDGE('',*,*,#1946,.T.);
#1946 = EDGE_CURVE('',#1892,#1947,#1949,.T.);
#1947 = VERTEX_POINT('',#1948);
#1948 = CARTESIAN_POINT('',(50.874770041726,0.,814.075));
#1949 = SEAM_CURVE('',#1950,(#1954,#1961),.PCURVE_S1.);
#1950 = LINE('',#1951,#1952);
#1951 = CARTESIAN_POINT('',(50.763140868885,0.,809.512));
#1952 = VECTOR('',#1953,1.);
#1953 = DIRECTION('',(2.445666963446E-02,0.,0.999700890922));
#1954 = PCURVE('',#1929,#1955);
#1955 = DEFINITIONAL_REPRESENTATION('',(#1956),#1960);
#1956 = LINE('',#1957,#1958);
#1957 = CARTESIAN_POINT('',(6.28318530718,0.));
#1958 = VECTOR('',#1959,1.);
#1959 = DIRECTION('',(0.,1.));
#1960 = ( GEOMETRIC_REPRESENTATION_CONTEXT(2) 
PARAMETRIC_REPRESENTATION_CONTEXT() REPRESENTATION_CONTEXT('2D SPACE',''
  ) );
#1961 = PCURVE('',#1929,#1962);
#1962 = DEFINITIONAL_REPRESENTATION('',(#1963),#1967);
#1963 = LINE('',#1964,#1965);
#1964 = CARTESIAN_POINT('',(4.138911435803E-13,0.));
#1965 = VECTOR('',#1966,1.);
#1966 = DIRECTION('',(0.,1.));
#1967 = ( GEOMETRIC_REPRESENTATION_CONTEXT(2) 
PARAMETRIC_REPRESENTATION_CONTEXT() REPRESENTATION_CONTEXT('2D SPACE',''
  ) );
#1968 = ORIENTED_EDGE('',*,*,#1969,.F.);
#1969 = EDGE_CURVE('',#1947,#1947,#1970,.T.);
#1970 = SURFACE_CURVE('',#1971,(#1976,#1983),.PCURVE_S1.);
#1971 = CIRCLE('',#1972,50.874770041726);
#1972 = AXIS2_PLACEMENT_3D('',#1973,#1974,#1975);
#1973 = CARTESIAN_POINT('',(0.,0.,814.075));
#1974 = DIRECTION('',(0.,0.,1.));
#1975 = DIRECTION('',(1.,0.,0.));
#1976 = PCURVE('',#1929,#1977);
#1977 = DEFINITIONAL_REPRESENTATION('',(#1978),#1982);
#1978 = LINE('',#1979,#1980);
#1979 = CARTESIAN_POINT('',(0.,4.563));
#1980 = VECTOR('',#1981,1.);
#1981 = DIRECTION('',(1.,0.));
#1982 = ( GEOMETRIC_REPRESENTATION_CONTEXT(2) 
PARAMETRIC_REPRESENTATION_CONTEXT() REPRESENTATION_CONTEXT('2D SPACE',''
  ) );
#1983 = PCURVE('',#1984,#1989);
#1984 = CONICAL_SURFACE('',#1985,50.874770041726,2.397235539099E-02);
#1985 = AXIS2_PLACEMENT_3D('',#1986,#1987,#1988);
#1986 = CARTESIAN_POINT('',(0.,0.,814.075));
#1987 = DIRECTION('',(0.,0.,1.));
#1988 = DIRECTION('',(1.,0.,0.));
#1989 = DEFINITIONAL_REPRESENTATION('',(#1990),#1994);
#1990 = LINE('',#1991,#1992);
#1991 = CARTESIAN_POINT('',(0.,0.));
#1992 = VECTOR('',#1993,1.);
#1993 = DIRECTION('',(1.,0.));
#1994 = ( GEOMETRIC_REPRESENTATION_CONTEXT(2) 
PARAMETRIC_REPRESENTATION_CONTEXT() REPRESENTATION_CONTEXT('2D SPACE',''
  ) );
#1995 = ORIENTED_EDGE('',*,*,#1946,.F.);
#1996 = ADVANCED_FACE('',(#1997),#1984,.T.);
#1997 = FACE_BOUND('',#1998,.T.);
#1998 = EDGE_LOOP('',(#1999,#2000,#2023,#2050));
#1999 = ORIENTED_EDGE('',*,*,#1969,.T.);
#2000 = ORIENTED_EDGE('',*,*,#2001,.T.);
#2001 = EDGE_CURVE('',#1947,#2002,#2004,.T.);
#2002 = VERTEX_POINT('',#2003);
#2003 = CARTESIAN_POINT('',(50.984176857923,0.,818.638));
#2004 = SEAM_CURVE('',#2005,(#2009,#2016),.PCURVE_S1.);
#2005 = LINE('',#2006,#2007);
#2006 = CARTESIAN_POINT('',(50.874770041726,0.,814.075));
#2007 = VECTOR('',#2008,1.);
#2008 = DIRECTION('',(2.397005940937E-02,0.,0.999712676849));
#2009 = PCURVE('',#1984,#2010);
#2010 = DEFINITIONAL_REPRESENTATION('',(#2011),#2015);
#2011 = LINE('',#2012,#2013);
#2012 = CARTESIAN_POINT('',(6.28318530718,0.));
#2013 = VECTOR('',#2014,1.);
#2014 = DIRECTION('',(0.,1.));
#2015 = ( GEOMETRIC_REPRESENTATION_CONTEXT(2) 
PARAMETRIC_REPRESENTATION_CONTEXT() REPRESENTATION_CONTEXT('2D SPACE',''
  ) );
#2016 = PCURVE('',#1984,#2017);
#2017 = DEFINITIONAL_REPRESENTATION('',(#2018),#2022);
#2018 = LINE('',#2019,#2020);
#2019 = CARTESIAN_POINT('',(4.138911435803E-13,0.));
#2020 = VECTOR('',#2021,1.);
#2021 = DIRECTION('',(0.,1.));
#2022 = ( GEOMETRIC_REPRESENTATION_CONTEXT(2) 
PARAMETRIC_REPRESENTATION_CONTEXT() REPRESENTATION_CONTEXT('2D SPACE',''
  ) );
#2023 = ORIENTED_EDGE('',*,*,#2024,.F.);
#2024 = EDGE_CURVE('',#2002,#2002,#2025,.T.);
#2025 = SURFACE_CURVE('',#2026,(#2031,#2038),.PCURVE_S1.);
#2026 = CIRCLE('',#2027,50.984176857923);
#2027 = AXIS2_PLACEMENT_3D('',#2028,#2029,#2030);
#2028 = CARTESIAN_POINT('',(0.,0.,818.638));
#2029 = DIRECTION('',(0.,0.,1.));
#2030 = DIRECTION('',(1.,0.,0.));
#2031 = PCURVE('',#1984,#2032);
#2032 = DEFINITIONAL_REPRESENTATION('',(#2033),#2037);
#2033 = LINE('',#2034,#2035);
#2034 = CARTESIAN_POINT('',(0.,4.563));
#2035 = VECTOR('',#2036,1.);
#2036 = DIRECTION('',(1.,0.));
#2037 = ( GEOMETRIC_REPRESENTATION_CONTEXT(2) 
PARAMETRIC_REPRESENTATION_CONTEXT() REPRESENTATION_CONTEXT('2D SPACE',''
  ) );
#2038 = PCURVE('',#2039,#2044);
#2039 = CONICAL_SURFACE('',#2040,50.984176857923,2.347388150983E-02);
#2040 = AXIS2_PLACEMENT_3D('',#2041,#2042,#2043);
#2041 = CARTESIAN_POINT('',(0.,0.,818.638));
#2042 = DIRECTION('',(0.,0.,1.));
#2043 = DIRECTION('',(1.,0.,0.));
#2044 = DEFINITIONAL_REPRESENTATION('',(#2045),#2049);
#2045 = LINE('',#2046,#2047);
#2046 = CARTESIAN_POINT('',(0.,0.));
#2047 = VECTOR('',#2048,1.);
#2048 = DIRECTION('',(1.,0.));
#2049 = ( GEOMETRIC_REPRESENTATION_CONTEXT(2) 
PARAMETRIC_REPRESENTATION_CONTEXT() REPRESENTATION_CONTEXT('2D SPACE',''
  ) );
#2050 = ORIENTED_EDGE('',*,*,#2001,.F.);
#2051 = ADVANCED_FACE('',(#2052),#2039,.T.);
#2052 = FACE_BOUND('',#2053,.T.);
#2053 = EDGE_LOOP('',(#2054,#2055,#2078,#2105));
#2054 = ORIENTED_EDGE('',*,*,#2024,.T.);
#2055 = ORIENTED_EDGE('',*,*,#2056,.T.);
#2056 = EDGE_CURVE('',#2002,#2057,#2059,.T.);
#2057 = VERTEX_POINT('',#2058);
#2058 = CARTESIAN_POINT('',(51.091307857194,0.,823.201));
#2059 = SEAM_CURVE('',#2060,(#2064,#2071),.PCURVE_S1.);
#2060 = LINE('',#2061,#2062);
#2061 = CARTESIAN_POINT('',(50.984176857923,0.,818.638));
#2062 = VECTOR('',#2063,1.);
#2063 = DIRECTION('',(2.347172579408E-02,0.,0.999724501094));
#2064 = PCURVE('',#2039,#2065);
#2065 = DEFINITIONAL_REPRESENTATION('',(#2066),#2070);
#2066 = LINE('',#2067,#2068);
#2067 = CARTESIAN_POINT('',(6.28318530718,0.));
#2068 = VECTOR('',#2069,1.);
#2069 = DIRECTION('',(0.,1.));
#2070 = ( GEOMETRIC_REPRESENTATION_CONTEXT(2) 
PARAMETRIC_REPRESENTATION_CONTEXT() REPRESENTATION_CONTEXT('2D SPACE',''
  ) );
#2071 = PCURVE('',#2039,#2072);
#2072 = DEFINITIONAL_REPRESENTATION('',(#2073),#2077);
#2073 = LINE('',#2074,#2075);
#2074 = CARTESIAN_POINT('',(4.138911435803E-13,0.));
#2075 = VECTOR('',#2076,1.);
#2076 = DIRECTION('',(0.,1.));
#2077 = ( GEOMETRIC_REPRESENTATION_CONTEXT(2) 
PARAMETRIC_REPRESENTATION_CONTEXT() REPRESENTATION_CONTEXT('2D SPACE',''
  ) );
#2078 = ORIENTED_EDGE('',*,*,#2079,.F.);
#2079 = EDGE_CURVE('',#2057,#2057,#2080,.T.);
#2080 = SURFACE_CURVE('',#2081,(#2086,#2093),.PCURVE_S1.);
#2081 = CIRCLE('',#2082,51.091307857194);
#2082 = AXIS2_PLACEMENT_3D('',#2083,#2084,#2085);
#2083 = CARTESIAN_POINT('',(0.,0.,823.201));
#2084 = DIRECTION('',(0.,0.,1.));
#2085 = DIRECTION('',(1.,0.,0.));
#2086 = PCURVE('',#2039,#2087);
#2087 = DEFINITIONAL_REPRESENTATION('',(#2088),#2092);
#2088 = LINE('',#2089,#2090);
#2089 = CARTESIAN_POINT('',(0.,4.563));
#2090 = VECTOR('',#2091,1.);
#2091 = DIRECTION('',(1.,0.));
#2092 = ( GEOMETRIC_REPRESENTATION_CONTEXT(2) 
PARAMETRIC_REPRESENTATION_CONTEXT() REPRESENTATION_CONTEXT('2D SPACE',''
  ) );
#2093 = PCURVE('',#2094,#2099);
#2094 = CONICAL_SURFACE('',#2095,51.091307857194,2.296368610327E-02);
#2095 = AXIS2_PLACEMENT_3D('',#2096,#2097,#2098);
#2096 = CARTESIAN_POINT('',(0.,0.,823.201));
#2097 = DIRECTION('',(0.,0.,1.));
#2098 = DIRECTION('',(1.,0.,0.));
#2099 = DEFINITIONAL_REPRESENTATION('',(#2100),#2104);
#2100 = LINE('',#2101,#2102);
#2101 = CARTESIAN_POINT('',(0.,0.));
#2102 = VECTOR('',#2103,1.);
#2103 = DIRECTION('',(1.,0.));
#2104 = ( GEOMETRIC_REPRESENTATION_CONTEXT(2) 
PARAMETRIC_REPRESENTATION_CONTEXT() REPRESENTATION_CONTEXT('2D SPACE',''
  ) );
#2105 = ORIENTED_EDGE('',*,*,#2056,.F.);
#2106 = ADVANCED_FACE('',(#2107),#2094,.T.);
#2107 = FACE_BOUND('',#2108,.T.);
#2108 = EDGE_LOOP('',(#2109,#2110,#2133,#2160));
#2109 = ORIENTED_EDGE('',*,*,#2079,.T.);
#2110 = ORIENTED_EDGE('',*,*,#2111,.T.);
#2111 = EDGE_CURVE('',#2057,#2112,#2114,.T.);
#2112 = VERTEX_POINT('',#2113);
#2113 = CARTESIAN_POINT('',(51.196109579259,0.,827.764));
#2114 = SEAM_CURVE('',#2115,(#2119,#2126),.PCURVE_S1.);
#2115 = LINE('',#2116,#2117);
#2116 = CARTESIAN_POINT('',(51.091307857194,0.,823.201));
#2117 = VECTOR('',#2118,1.);
#2118 = DIRECTION('',(2.296166791295E-02,0.,0.999736346147));
#2119 = PCURVE('',#2094,#2120);
#2120 = DEFINITIONAL_REPRESENTATION('',(#2121),#2125);
#2121 = LINE('',#2122,#2123);
#2122 = CARTESIAN_POINT('',(6.28318530718,0.));
#2123 = VECTOR('',#2124,1.);
#2124 = DIRECTION('',(0.,1.));
#2125 = ( GEOMETRIC_REPRESENTATION_CONTEXT(2) 
PARAMETRIC_REPRESENTATION_CONTEXT() REPRESENTATION_CONTEXT('2D SPACE',''
  ) );
#2126 = PCURVE('',#2094,#2127);
#2127 = DEFINITIONAL_REPRESENTATION('',(#2128),#2132);
#2128 = LINE('',#2129,#2130);
#2129 = CARTESIAN_POINT('',(4.138911435803E-13,0.));
#2130 = VECTOR('',#2131,1.);
#2131 = DIRECTION('',(0.,1.));
#2132 = ( GEOMETRIC_REPRESENTATION_CONTEXT(2) 
PARAMETRIC_REPRESENTATION_CONTEXT() REPRESENTATION_CONTEXT('2D SPACE',''
  ) );
#2133 = ORIENTED_EDGE('',*,*,#2134,.F.);
#2134 = EDGE_CURVE('',#2112,#2112,#2135,.T.);
#2135 = SURFACE_CURVE('',#2136,(#2141,#2148),.PCURVE_S1.);
#2136 = CIRCLE('',#2137,51.196109579259);
#2137 = AXIS2_PLACEMENT_3D('',#2138,#2139,#2140);
#2138 = CARTESIAN_POINT('',(0.,0.,827.764));
#2139 = DIRECTION('',(0.,0.,1.));
#2140 = DIRECTION('',(1.,0.,0.));
#2141 = PCURVE('',#2094,#2142);
#2142 = DEFINITIONAL_REPRESENTATION('',(#2143),#2147);
#2143 = LINE('',#2144,#2145);
#2144 = CARTESIAN_POINT('',(0.,4.563));
#2145 = VECTOR('',#2146,1.);
#2146 = DIRECTION('',(1.,0.));
#2147 = ( GEOMETRIC_REPRESENTATION_CONTEXT(2) 
PARAMETRIC_REPRESENTATION_CONTEXT() REPRESENTATION_CONTEXT('2D SPACE',''
  ) );
#2148 = PCURVE('',#2149,#2154);
#2149 = CONICAL_SURFACE('',#2150,51.196109579259,2.244176860426E-02);
#2150 = AXIS2_PLACEMENT_3D('',#2151,#2152,#2153);
#2151 = CARTESIAN_POINT('',(0.,0.,827.764));
#2152 = DIRECTION('',(0.,0.,1.));
#2153 = DIRECTION('',(1.,0.,0.));
#2154 = DEFINITIONAL_REPRESENTATION('',(#2155),#2159);
#2155 = LINE('',#2156,#2157);
#2156 = CARTESIAN_POINT('',(0.,0.));
#2157 = VECTOR('',#2158,1.);
#2158 = DIRECTION('',(1.,0.));
#2159 = ( GEOMETRIC_REPRESENTATION_CONTEXT(2) 
PARAMETRIC_REPRESENTATION_CONTEXT() REPRESENTATION_CONTEXT('2D SPACE',''
  ) );
#2160 = ORIENTED_EDGE('',*,*,#2111,.F.);
#2161 = ADVANCED_FACE('',(#2162),#2149,.T.);
#2162 = FACE_BOUND('',#2163,.T.);
#2163 = EDGE_LOOP('',(#2164,#2165,#2188,#2215));
#2164 = ORIENTED_EDGE('',*,*,#2134,.T.);
#2165 = ORIENTED_EDGE('',*,*,#2166,.T.);
#2166 = EDGE_CURVE('',#2112,#2167,#2169,.T.);
#2167 = VERTEX_POINT('',#2168);
#2168 = CARTESIAN_POINT('',(51.298528563837,0.,832.327));
#2169 = SEAM_CURVE('',#2170,(#2174,#2181),.PCURVE_S1.);
#2170 = LINE('',#2171,#2172);
#2171 = CARTESIAN_POINT('',(51.196109579259,0.,827.764));
#2172 = VECTOR('',#2173,1.);
#2173 = DIRECTION('',(2.243988491597E-02,0.,0.999748194079));
#2174 = PCURVE('',#2149,#2175);
#2175 = DEFINITIONAL_REPRESENTATION('',(#2176),#2180);
#2176 = LINE('',#2177,#2178);
#2177 = CARTESIAN_POINT('',(6.28318530718,0.));
#2178 = VECTOR('',#2179,1.);
#2179 = DIRECTION('',(0.,1.));
#2180 = ( GEOMETRIC_REPRESENTATION_CONTEXT(2) 
PARAMETRIC_REPRESENTATION_CONTEXT() REPRESENTATION_CONTEXT('2D SPACE',''
  ) );
#2181 = PCURVE('',#2149,#2182);
#2182 = DEFINITIONAL_REPRESENTATION('',(#2183),#2187);
#2183 = LINE('',#2184,#2185);
#2184 = CARTESIAN_POINT('',(4.138911435803E-13,0.));
#2185 = VECTOR('',#2186,1.);
#2186 = DIRECTION('',(0.,1.));
#2187 = ( GEOMETRIC_REPRESENTATION_CONTEXT(2) 
PARAMETRIC_REPRESENTATION_CONTEXT() REPRESENTATION_CONTEXT('2D SPACE',''
  ) );
#2188 = ORIENTED_EDGE('',*,*,#2189,.F.);
#2189 = EDGE_CURVE('',#2167,#2167,#2190,.T.);
#2190 = SURFACE_CURVE('',#2191,(#2196,#2203),.PCURVE_S1.);
#2191 = CIRCLE('',#2192,51.298528563837);
#2192 = AXIS2_PLACEMENT_3D('',#2193,#2194,#2195);
#2193 = CARTESIAN_POINT('',(0.,0.,832.327));
#2194 = DIRECTION('',(0.,0.,1.));
#2195 = DIRECTION('',(1.,0.,0.));
#2196 = PCURVE('',#2149,#2197);
#2197 = DEFINITIONAL_REPRESENTATION('',(#2198),#2202);
#2198 = LINE('',#2199,#2200);
#2199 = CARTESIAN_POINT('',(0.,4.563));
#2200 = VECTOR('',#2201,1.);
#2201 = DIRECTION('',(1.,0.));
#2202 = ( GEOMETRIC_REPRESENTATION_CONTEXT(2) 
PARAMETRIC_REPRESENTATION_CONTEXT() REPRESENTATION_CONTEXT('2D SPACE',''
  ) );
#2203 = PCURVE('',#2204,#2209);
#2204 = CONICAL_SURFACE('',#2205,51.298528563837,2.190812846426E-02);
#2205 = AXIS2_PLACEMENT_3D('',#2206,#2207,#2208);
#2206 = CARTESIAN_POINT('',(0.,0.,832.327));
#2207 = DIRECTION('',(0.,0.,1.));
#2208 = DIRECTION('',(1.,0.,0.));
#2209 = DEFINITIONAL_REPRESENTATION('',(#2210),#2214);
#2210 = LINE('',#2211,#2212);
#2211 = CARTESIAN_POINT('',(0.,0.));
#2212 = VECTOR('',#2213,1.);
#2213 = DIRECTION('',(1.,0.));
#2214 = ( GEOMETRIC_REPRESENTATION_CONTEXT(2) 
PARAMETRIC_REPRESENTATION_CONTEXT() REPRESENTATION_CONTEXT('2D SPACE',''
  ) );
#2215 = ORIENTED_EDGE('',*,*,#2166,.F.);
#2216 = ADVANCED_FACE('',(#2217),#2204,.T.);
#2217 = FACE_BOUND('',#2218,.T.);
#2218 = EDGE_LOOP('',(#2219,#2220,#2243,#2270));
#2219 = ORIENTED_EDGE('',*,*,#2189,.T.);
#2220 = ORIENTED_EDGE('',*,*,#2221,.T.);
#2221 = EDGE_CURVE('',#2167,#2222,#2224,.T.);
#2222 = VERTEX_POINT('',#2223);
#2223 = CARTESIAN_POINT('',(51.398511350647,0.,836.89));
#2224 = SEAM_CURVE('',#2225,(#2229,#2236),.PCURVE_S1.);
#2225 = LINE('',#2226,#2227);
#2226 = CARTESIAN_POINT('',(51.298528563837,0.,832.327));
#2227 = VECTOR('',#2228,1.);
#2228 = DIRECTION('',(2.190637597985E-02,0.,0.999760026552));
#2229 = PCURVE('',#2204,#2230);
#2230 = DEFINITIONAL_REPRESENTATION('',(#2231),#2235);
#2231 = LINE('',#2232,#2233);
#2232 = CARTESIAN_POINT('',(6.28318530718,0.));
#2233 = VECTOR('',#2234,1.);
#2234 = DIRECTION('',(0.,1.));
#2235 = ( GEOMETRIC_REPRESENTATION_CONTEXT(2) 
PARAMETRIC_REPRESENTATION_CONTEXT() REPRESENTATION_CONTEXT('2D SPACE',''
  ) );
#2236 = PCURVE('',#2204,#2237);
#2237 = DEFINITIONAL_REPRESENTATION('',(#2238),#2242);
#2238 = LINE('',#2239,#2240);
#2239 = CARTESIAN_POINT('',(4.138911435803E-13,0.));
#2240 = VECTOR('',#2241,1.);
#2241 = DIRECTION('',(0.,1.));
#2242 = ( GEOMETRIC_REPRESENTATION_CONTEXT(2) 
PARAMETRIC_REPRESENTATION_CONTEXT() REPRESENTATION_CONTEXT('2D SPACE',''
  ) );
#2243 = ORIENTED_EDGE('',*,*,#2244,.F.);
#2244 = EDGE_CURVE('',#2222,#2222,#2245,.T.);
#2245 = SURFACE_CURVE('',#2246,(#2251,#2258),.PCURVE_S1.);
#2246 = CIRCLE('',#2247,51.398511350647);
#2247 = AXIS2_PLACEMENT_3D('',#2248,#2249,#2250);
#2248 = CARTESIAN_POINT('',(0.,0.,836.89));
#2249 = DIRECTION('',(0.,0.,1.));
#2250 = DIRECTION('',(1.,0.,0.));
#2251 = PCURVE('',#2204,#2252);
#2252 = DEFINITIONAL_REPRESENTATION('',(#2253),#2257);
#2253 = LINE('',#2254,#2255);
#2254 = CARTESIAN_POINT('',(0.,4.563));
#2255 = VECTOR('',#2256,1.);
#2256 = DIRECTION('',(1.,0.));
#2257 = ( GEOMETRIC_REPRESENTATION_CONTEXT(2) 
PARAMETRIC_REPRESENTATION_CONTEXT() REPRESENTATION_CONTEXT('2D SPACE',''
  ) );
#2258 = PCURVE('',#2259,#2264);
#2259 = CONICAL_SURFACE('',#2260,51.398511350647,2.13627651554E-02);
#2260 = AXIS2_PLACEMENT_3D('',#2261,#2262,#2263);
#2261 = CARTESIAN_POINT('',(0.,0.,836.89));
#2262 = DIRECTION('',(0.,0.,1.));
#2263 = DIRECTION('',(1.,0.,0.));
#2264 = DEFINITIONAL_REPRESENTATION('',(#2265),#2269);
#2265 = LINE('',#2266,#2267);
#2266 = CARTESIAN_POINT('',(0.,0.));
#2267 = VECTOR('',#2268,1.);
#2268 = DIRECTION('',(1.,0.));
#2269 = ( GEOMETRIC_REPRESENTATION_CONTEXT(2) 
PARAMETRIC_REPRESENTATION_CONTEXT() REPRESENTATION_CONTEXT('2D SPACE',''
  ) );
#2270 = ORIENTED_EDGE('',*,*,#2221,.F.);
#2271 = ADVANCED_FACE('',(#2272),#2259,.T.);
#2272 = FACE_BOUND('',#2273,.T.);
#2273 = EDGE_LOOP('',(#2274,#2275,#2298,#2325));
#2274 = ORIENTED_EDGE('',*,*,#2244,.T.);
#2275 = ORIENTED_EDGE('',*,*,#2276,.T.);
#2276 = EDGE_CURVE('',#2222,#2277,#2279,.T.);
#2277 = VERTEX_POINT('',#2278);
#2278 = CARTESIAN_POINT('',(51.496004479409,0.,841.453));
#2279 = SEAM_CURVE('',#2280,(#2284,#2291),.PCURVE_S1.);
#2280 = LINE('',#2281,#2282);
#2281 = CARTESIAN_POINT('',(51.398511350647,0.,836.89));
#2282 = VECTOR('',#2283,1.);
#2283 = DIRECTION('',(2.136114031309E-02,0.,0.99977182481));
#2284 = PCURVE('',#2259,#2285);
#2285 = DEFINITIONAL_REPRESENTATION('',(#2286),#2290);
#2286 = LINE('',#2287,#2288);
#2287 = CARTESIAN_POINT('',(6.28318530718,0.));
#2288 = VECTOR('',#2289,1.);
#2289 = DIRECTION('',(0.,1.));
#2290 = ( GEOMETRIC_REPRESENTATION_CONTEXT(2) 
PARAMETRIC_REPRESENTATION_CONTEXT() REPRESENTATION_CONTEXT('2D SPACE',''
  ) );
#2291 = PCURVE('',#2259,#2292);
#2292 = DEFINITIONAL_REPRESENTATION('',(#2293),#2297);
#2293 = LINE('',#2294,#2295);
#2294 = CARTESIAN_POINT('',(4.138911435803E-13,0.));
#2295 = VECTOR('',#2296,1.);
#2296 = DIRECTION('',(0.,1.));
#2297 = ( GEOMETRIC_REPRESENTATION_CONTEXT(2) 
PARAMETRIC_REPRESENTATION_CONTEXT() REPRESENTATION_CONTEXT('2D SPACE',''
  ) );
#2298 = ORIENTED_EDGE('',*,*,#2299,.F.);
#2299 = EDGE_CURVE('',#2277,#2277,#2300,.T.);
#2300 = SURFACE_CURVE('',#2301,(#2306,#2313),.PCURVE_S1.);
#2301 = CIRCLE('',#2302,51.496004479409);
#2302 = AXIS2_PLACEMENT_3D('',#2303,#2304,#2305);
#2303 = CARTESIAN_POINT('',(0.,0.,841.453));
#2304 = DIRECTION('',(0.,0.,1.));
#2305 = DIRECTION('',(1.,0.,0.));
#2306 = PCURVE('',#2259,#2307);
#2307 = DEFINITIONAL_REPRESENTATION('',(#2308),#2312);
#2308 = LINE('',#2309,#2310);
#2309 = CARTESIAN_POINT('',(0.,4.563));
#2310 = VECTOR('',#2311,1.);
#2311 = DIRECTION('',(1.,0.));
#2312 = ( GEOMETRIC_REPRESENTATION_CONTEXT(2) 
PARAMETRIC_REPRESENTATION_CONTEXT() REPRESENTATION_CONTEXT('2D SPACE',''
  ) );
#2313 = PCURVE('',#2314,#2319);
#2314 = CONICAL_SURFACE('',#2315,51.496004479409,2.080567817268E-02);
#2315 = AXIS2_PLACEMENT_3D('',#2316,#2317,#2318);
#2316 = CARTESIAN_POINT('',(0.,0.,841.453));
#2317 = DIRECTION('',(0.,0.,1.));
#2318 = DIRECTION('',(1.,0.,0.));
#2319 = DEFINITIONAL_REPRESENTATION('',(#2320),#2324);
#2320 = LINE('',#2321,#2322);
#2321 = CARTESIAN_POINT('',(0.,0.));
#2322 = VECTOR('',#2323,1.);
#2323 = DIRECTION('',(1.,0.));
#2324 = ( GEOMETRIC_REPRESENTATION_CONTEXT(2) 
PARAMETRIC_REPRESENTATION_CONTEXT() REPRESENTATION_CONTEXT('2D SPACE',''
  ) );
#2325 = ORIENTED_EDGE('',*,*,#2276,.F.);
#2326 = ADVANCED_FACE('',(#2327),#2314,.T.);
#2327 = FACE_BOUND('',#2328,.T.);
#2328 = EDGE_LOOP('',(#2329,#2330,#2353,#2380));
#2329 = ORIENTED_EDGE('',*,*,#2299,.T.);
#2330 = ORIENTED_EDGE('',*,*,#2331,.T.);
#2331 = EDGE_CURVE('',#2277,#2332,#2334,.T.);
#2332 = VERTEX_POINT('',#2333);
#2333 = CARTESIAN_POINT('',(51.590954489841,0.,846.016));
#2334 = SEAM_CURVE('',#2335,(#2339,#2346),.PCURVE_S1.);
#2335 = LINE('',#2336,#2337);
#2336 = CARTESIAN_POINT('',(51.496004479409,0.,841.453));
#2337 = VECTOR('',#2338,1.);
#2338 = DIRECTION('',(2.080417715794E-02,0.,0.999783569685));
#2339 = PCURVE('',#2314,#2340);
#2340 = DEFINITIONAL_REPRESENTATION('',(#2341),#2345);
#2341 = LINE('',#2342,#2343);
#2342 = CARTESIAN_POINT('',(6.28318530718,0.));
#2343 = VECTOR('',#2344,1.);
#2344 = DIRECTION('',(0.,1.));
#2345 = ( GEOMETRIC_REPRESENTATION_CONTEXT(2) 
PARAMETRIC_REPRESENTATION_CONTEXT() REPRESENTATION_CONTEXT('2D SPACE',''
  ) );
#2346 = PCURVE('',#2314,#2347);
#2347 = DEFINITIONAL_REPRESENTATION('',(#2348),#2352);
#2348 = LINE('',#2349,#2350);
#2349 = CARTESIAN_POINT('',(4.138911435803E-13,0.));
#2350 = VECTOR('',#2351,1.);
#2351 = DIRECTION('',(0.,1.));
#2352 = ( GEOMETRIC_REPRESENTATION_CONTEXT(2) 
PARAMETRIC_REPRESENTATION_CONTEXT() REPRESENTATION_CONTEXT('2D SPACE',''
  ) );
#2353 = ORIENTED_EDGE('',*,*,#2354,.F.);
#2354 = EDGE_CURVE('',#2332,#2332,#2355,.T.);
#2355 = SURFACE_CURVE('',#2356,(#2361,#2368),.PCURVE_S1.);
#2356 = CIRCLE('',#2357,51.590954489841);
#2357 = AXIS2_PLACEMENT_3D('',#2358,#2359,#2360);
#2358 = CARTESIAN_POINT('',(0.,0.,846.016));
#2359 = DIRECTION('',(0.,0.,1.));
#2360 = DIRECTION('',(1.,0.,0.));
#2361 = PCURVE('',#2314,#2362);
#2362 = DEFINITIONAL_REPRESENTATION('',(#2363),#2367);
#2363 = LINE('',#2364,#2365);
#2364 = CARTESIAN_POINT('',(0.,4.563));
#2365 = VECTOR('',#2366,1.);
#2366 = DIRECTION('',(1.,0.));
#2367 = ( GEOMETRIC_REPRESENTATION_CONTEXT(2) 
PARAMETRIC_REPRESENTATION_CONTEXT() REPRESENTATION_CONTEXT('2D SPACE',''
  ) );
#2368 = PCURVE('',#2369,#2374);
#2369 = CONICAL_SURFACE('',#2370,51.590954489841,2.023686703621E-02);
#2370 = AXIS2_PLACEMENT_3D('',#2371,#2372,#2373);
#2371 = CARTESIAN_POINT('',(0.,0.,846.016));
#2372 = DIRECTION('',(0.,0.,1.));
#2373 = DIRECTION('',(1.,0.,0.));
#2374 = DEFINITIONAL_REPRESENTATION('',(#2375),#2379);
#2375 = LINE('',#2376,#2377);
#2376 = CARTESIAN_POINT('',(0.,0.));
#2377 = VECTOR('',#2378,1.);
#2378 = DIRECTION('',(1.,0.));
#2379 = ( GEOMETRIC_REPRESENTATION_CONTEXT(2) 
PARAMETRIC_REPRESENTATION_CONTEXT() REPRESENTATION_CONTEXT('2D SPACE',''
  ) );
#2380 = ORIENTED_EDGE('',*,*,#2331,.F.);
#2381 = ADVANCED_FACE('',(#2382),#2369,.T.);
#2382 = FACE_BOUND('',#2383,.T.);
#2383 = EDGE_LOOP('',(#2384,#2385,#2408,#2435));
#2384 = ORIENTED_EDGE('',*,*,#2354,.T.);
#2385 = ORIENTED_EDGE('',*,*,#2386,.T.);
#2386 = EDGE_CURVE('',#2332,#2387,#2389,.T.);
#2387 = VERTEX_POINT('',#2388);
#2388 = CARTESIAN_POINT('',(51.683307921662,0.,850.579));
#2389 = SEAM_CURVE('',#2390,(#2394,#2401),.PCURVE_S1.);
#2390 = LINE('',#2391,#2392);
#2391 = CARTESIAN_POINT('',(51.590954489841,0.,846.016));
#2392 = VECTOR('',#2393,1.);
#2393 = DIRECTION('',(2.023548579455E-02,0.,0.999795241594));
#2394 = PCURVE('',#2369,#2395);
#2395 = DEFINITIONAL_REPRESENTATION('',(#2396),#2400);
#2396 = LINE('',#2397,#2398);
#2397 = CARTESIAN_POINT('',(6.28318530718,0.));
#2398 = VECTOR('',#2399,1.);
#2399 = DIRECTION('',(0.,1.));
#2400 = ( GEOMETRIC_REPRESENTATION_CONTEXT(2) 
PARAMETRIC_REPRESENTATION_CONTEXT() REPRESENTATION_CONTEXT('2D SPACE',''
  ) );
#2401 = PCURVE('',#2369,#2402);
#2402 = DEFINITIONAL_REPRESENTATION('',(#2403),#2407);
#2403 = LINE('',#2404,#2405);
#2404 = CARTESIAN_POINT('',(4.138911435803E-13,0.));
#2405 = VECTOR('',#2406,1.);
#2406 = DIRECTION('',(0.,1.));
#2407 = ( GEOMETRIC_REPRESENTATION_CONTEXT(2) 
PARAMETRIC_REPRESENTATION_CONTEXT() REPRESENTATION_CONTEXT('2D SPACE',''
  ) );
#2408 = ORIENTED_EDGE('',*,*,#2409,.F.);
#2409 = EDGE_CURVE('',#2387,#2387,#2410,.T.);
#2410 = SURFACE_CURVE('',#2411,(#2416,#2423),.PCURVE_S1.);
#2411 = CIRCLE('',#2412,51.683307921662);
#2412 = AXIS2_PLACEMENT_3D('',#2413,#2414,#2415);
#2413 = CARTESIAN_POINT('',(0.,0.,850.579));
#2414 = DIRECTION('',(0.,0.,1.));
#2415 = DIRECTION('',(1.,0.,0.));
#2416 = PCURVE('',#2369,#2417);
#2417 = DEFINITIONAL_REPRESENTATION('',(#2418),#2422);
#2418 = LINE('',#2419,#2420);
#2419 = CARTESIAN_POINT('',(0.,4.563));
#2420 = VECTOR('',#2421,1.);
#2421 = DIRECTION('',(1.,0.));
#2422 = ( GEOMETRIC_REPRESENTATION_CONTEXT(2) 
PARAMETRIC_REPRESENTATION_CONTEXT() REPRESENTATION_CONTEXT('2D SPACE',''
  ) );
#2423 = PCURVE('',#2424,#2429);
#2424 = CONICAL_SURFACE('',#2425,51.683307921662,1.965633129351E-02);
#2425 = AXIS2_PLACEMENT_3D('',#2426,#2427,#2428);
#2426 = CARTESIAN_POINT('',(0.,0.,850.579));
#2427 = DIRECTION('',(0.,0.,1.));
#2428 = DIRECTION('',(1.,0.,0.));
#2429 = DEFINITIONAL_REPRESENTATION('',(#2430),#2434);
#2430 = LINE('',#2431,#2432);
#2431 = CARTESIAN_POINT('',(0.,0.));
#2432 = VECTOR('',#2433,1.);
#2433 = DIRECTION('',(1.,0.));
#2434 = ( GEOMETRIC_REPRESENTATION_CONTEXT(2) 
PARAMETRIC_REPRESENTATION_CONTEXT() REPRESENTATION_CONTEXT('2D SPACE',''
  ) );
#2435 = ORIENTED_EDGE('',*,*,#2386,.F.);
#2436 = ADVANCED_FACE('',(#2437),#2424,.T.);
#2437 = FACE_BOUND('',#2438,.T.);
#2438 = EDGE_LOOP('',(#2439,#2440,#2463,#2490));
#2439 = ORIENTED_EDGE('',*,*,#2409,.T.);
#2440 = ORIENTED_EDGE('',*,*,#2441,.T.);
#2441 = EDGE_CURVE('',#2387,#2442,#2444,.T.);
#2442 = VERTEX_POINT('',#2443);
#2443 = CARTESIAN_POINT('',(51.773011314593,0.,855.142));
#2444 = SEAM_CURVE('',#2445,(#2449,#2456),.PCURVE_S1.);
#2445 = LINE('',#2446,#2447);
#2446 = CARTESIAN_POINT('',(51.683307921662,0.,850.579));
#2447 = VECTOR('',#2448,1.);
#2448 = DIRECTION('',(1.965506554405E-02,0.,0.99980682054));
#2449 = PCURVE('',#2424,#2450);
#2450 = DEFINITIONAL_REPRESENTATION('',(#2451),#2455);
#2451 = LINE('',#2452,#2453);
#2452 = CARTESIAN_POINT('',(6.28318530718,0.));
#2453 = VECTOR('',#2454,1.);
#2454 = DIRECTION('',(0.,1.));
#2455 = ( GEOMETRIC_REPRESENTATION_CONTEXT(2) 
PARAMETRIC_REPRESENTATION_CONTEXT() REPRESENTATION_CONTEXT('2D SPACE',''
  ) );
#2456 = PCURVE('',#2424,#2457);
#2457 = DEFINITIONAL_REPRESENTATION('',(#2458),#2462);
#2458 = LINE('',#2459,#2460);
#2459 = CARTESIAN_POINT('',(4.138911435803E-13,0.));
#2460 = VECTOR('',#2461,1.);
#2461 = DIRECTION('',(0.,1.));
#2462 = ( GEOMETRIC_REPRESENTATION_CONTEXT(2) 
PARAMETRIC_REPRESENTATION_CONTEXT() REPRESENTATION_CONTEXT('2D SPACE',''
  ) );
#2463 = ORIENTED_EDGE('',*,*,#2464,.F.);
#2464 = EDGE_CURVE('',#2442,#2442,#2465,.T.);
#2465 = SURFACE_CURVE('',#2466,(#2471,#2478),.PCURVE_S1.);
#2466 = CIRCLE('',#2467,51.773011314593);
#2467 = AXIS2_PLACEMENT_3D('',#2468,#2469,#2470);
#2468 = CARTESIAN_POINT('',(0.,0.,855.142));
#2469 = DIRECTION('',(0.,0.,1.));
#2470 = DIRECTION('',(1.,0.,0.));
#2471 = PCURVE('',#2424,#2472);
#2472 = DEFINITIONAL_REPRESENTATION('',(#2473),#2477);
#2473 = LINE('',#2474,#2475);
#2474 = CARTESIAN_POINT('',(0.,4.563));
#2475 = VECTOR('',#2476,1.);
#2476 = DIRECTION('',(1.,0.));
#2477 = ( GEOMETRIC_REPRESENTATION_CONTEXT(2) 
PARAMETRIC_REPRESENTATION_CONTEXT() REPRESENTATION_CONTEXT('2D SPACE',''
  ) );
#2478 = PCURVE('',#2479,#2484);
#2479 = CONICAL_SURFACE('',#2480,51.773011314593,1.906407052186E-02);
#2480 = AXIS2_PLACEMENT_3D('',#2481,#2482,#2483);
#2481 = CARTESIAN_POINT('',(0.,0.,855.142));
#2482 = DIRECTION('',(0.,0.,1.));
#2483 = DIRECTION('',(1.,0.,0.));
#2484 = DEFINITIONAL_REPRESENTATION('',(#2485),#2489);
#2485 = LINE('',#2486,#2487);
#2486 = CARTESIAN_POINT('',(0.,0.));
#2487 = VECTOR('',#2488,1.);
#2488 = DIRECTION('',(1.,0.));
#2489 = ( GEOMETRIC_REPRESENTATION_CONTEXT(2) 
PARAMETRIC_REPRESENTATION_CONTEXT() REPRESENTATION_CONTEXT('2D SPACE',''
  ) );
#2490 = ORIENTED_EDGE('',*,*,#2441,.F.);
#2491 = ADVANCED_FACE('',(#2492),#2479,.T.);
#2492 = FACE_BOUND('',#2493,.T.);
#2493 = EDGE_LOOP('',(#2494,#2495,#2518,#2545));
#2494 = ORIENTED_EDGE('',*,*,#2464,.T.);
#2495 = ORIENTED_EDGE('',*,*,#2496,.T.);
#2496 = EDGE_CURVE('',#2442,#2497,#2499,.T.);
#2497 = VERTEX_POINT('',#2498);
#2498 = CARTESIAN_POINT('',(51.860011208351,0.,859.705));
#2499 = SEAM_CURVE('',#2500,(#2504,#2511),.PCURVE_S1.);
#2500 = LINE('',#2501,#2502);
#2501 = CARTESIAN_POINT('',(51.773011314593,0.,855.142));
#2502 = VECTOR('',#2503,1.);
#2503 = DIRECTION('',(1.906291577241E-02,0.,0.999818286111));
#2504 = PCURVE('',#2479,#2505);
#2505 = DEFINITIONAL_REPRESENTATION('',(#2506),#2510);
#2506 = LINE('',#2507,#2508);
#2507 = CARTESIAN_POINT('',(6.28318530718,0.));
#2508 = VECTOR('',#2509,1.);
#2509 = DIRECTION('',(0.,1.));
#2510 = ( GEOMETRIC_REPRESENTATION_CONTEXT(2) 
PARAMETRIC_REPRESENTATION_CONTEXT() REPRESENTATION_CONTEXT('2D SPACE',''
  ) );
#2511 = PCURVE('',#2479,#2512);
#2512 = DEFINITIONAL_REPRESENTATION('',(#2513),#2517);
#2513 = LINE('',#2514,#2515);
#2514 = CARTESIAN_POINT('',(4.138911435803E-13,0.));
#2515 = VECTOR('',#2516,1.);
#2516 = DIRECTION('',(0.,1.));
#2517 = ( GEOMETRIC_REPRESENTATION_CONTEXT(2) 
PARAMETRIC_REPRESENTATION_CONTEXT() REPRESENTATION_CONTEXT('2D SPACE',''
  ) );
#2518 = ORIENTED_EDGE('',*,*,#2519,.F.);
#2519 = EDGE_CURVE('',#2497,#2497,#2520,.T.);
#2520 = SURFACE_CURVE('',#2521,(#2526,#2533),.PCURVE_S1.);
#2521 = CIRCLE('',#2522,51.860011208351);
#2522 = AXIS2_PLACEMENT_3D('',#2523,#2524,#2525);
#2523 = CARTESIAN_POINT('',(0.,0.,859.705));
#2524 = DIRECTION('',(0.,0.,1.));
#2525 = DIRECTION('',(1.,0.,0.));
#2526 = PCURVE('',#2479,#2527);
#2527 = DEFINITIONAL_REPRESENTATION('',(#2528),#2532);
#2528 = LINE('',#2529,#2530);
#2529 = CARTESIAN_POINT('',(0.,4.563));
#2530 = VECTOR('',#2531,1.);
#2531 = DIRECTION('',(1.,0.));
#2532 = ( GEOMETRIC_REPRESENTATION_CONTEXT(2) 
PARAMETRIC_REPRESENTATION_CONTEXT() REPRESENTATION_CONTEXT('2D SPACE',''
  ) );
#2533 = PCURVE('',#2534,#2539);
#2534 = CONICAL_SURFACE('',#2535,51.860011208351,1.846008433072E-02);
#2535 = AXIS2_PLACEMENT_3D('',#2536,#2537,#2538);
#2536 = CARTESIAN_POINT('',(0.,0.,859.705));
#2537 = DIRECTION('',(0.,0.,1.));
#2538 = DIRECTION('',(1.,0.,0.));
#2539 = DEFINITIONAL_REPRESENTATION('',(#2540),#2544);
#2540 = LINE('',#2541,#2542);
#2541 = CARTESIAN_POINT('',(0.,0.));
#2542 = VECTOR('',#2543,1.);
#2543 = DIRECTION('',(1.,0.));
#2544 = ( GEOMETRIC_REPRESENTATION_CONTEXT(2) 
PARAMETRIC_REPRESENTATION_CONTEXT() REPRESENTATION_CONTEXT('2D SPACE',''
  ) );
#2545 = ORIENTED_EDGE('',*,*,#2496,.F.);
#2546 = ADVANCED_FACE('',(#2547),#2534,.T.);
#2547 = FACE_BOUND('',#2548,.T.);
#2548 = EDGE_LOOP('',(#2549,#2550,#2573,#2600));
#2549 = ORIENTED_EDGE('',*,*,#2519,.T.);
#2550 = ORIENTED_EDGE('',*,*,#2551,.T.);
#2551 = EDGE_CURVE('',#2497,#2552,#2554,.T.);
#2552 = VERTEX_POINT('',#2553);
#2553 = CARTESIAN_POINT('',(51.944254142657,0.,864.268));
#2554 = SEAM_CURVE('',#2555,(#2559,#2566),.PCURVE_S1.);
#2555 = LINE('',#2556,#2557);
#2556 = CARTESIAN_POINT('',(51.860011208351,0.,859.705));
#2557 = VECTOR('',#2558,1.);
#2558 = DIRECTION('',(1.845903589359E-02,0.,0.999829617482));
#2559 = PCURVE('',#2534,#2560);
#2560 = DEFINITIONAL_REPRESENTATION('',(#2561),#2565);
#2561 = LINE('',#2562,#2563);
#2562 = CARTESIAN_POINT('',(6.28318530718,0.));
#2563 = VECTOR('',#2564,1.);
#2564 = DIRECTION('',(0.,1.));
#2565 = ( GEOMETRIC_REPRESENTATION_CONTEXT(2) 
PARAMETRIC_REPRESENTATION_CONTEXT() REPRESENTATION_CONTEXT('2D SPACE',''
  ) );
#2566 = PCURVE('',#2534,#2567);
#2567 = DEFINITIONAL_REPRESENTATION('',(#2568),#2572);
#2568 = LINE('',#2569,#2570);
#2569 = CARTESIAN_POINT('',(4.138911435803E-13,0.));
#2570 = VECTOR('',#2571,1.);
#2571 = DIRECTION('',(0.,1.));
#2572 = ( GEOMETRIC_REPRESENTATION_CONTEXT(2) 
PARAMETRIC_REPRESENTATION_CONTEXT() REPRESENTATION_CONTEXT('2D SPACE',''
  ) );
#2573 = ORIENTED_EDGE('',*,*,#2574,.F.);
#2574 = EDGE_CURVE('',#2552,#2552,#2575,.T.);
#2575 = SURFACE_CURVE('',#2576,(#2581,#2588),.PCURVE_S1.);
#2576 = CIRCLE('',#2577,51.944254142657);
#2577 = AXIS2_PLACEMENT_3D('',#2578,#2579,#2580);
#2578 = CARTESIAN_POINT('',(0.,0.,864.268));
#2579 = DIRECTION('',(0.,0.,1.));
#2580 = DIRECTION('',(1.,0.,0.));
#2581 = PCURVE('',#2534,#2582);
#2582 = DEFINITIONAL_REPRESENTATION('',(#2583),#2587);
#2583 = LINE('',#2584,#2585);
#2584 = CARTESIAN_POINT('',(0.,4.563));
#2585 = VECTOR('',#2586,1.);
#2586 = DIRECTION('',(1.,0.));
#2587 = ( GEOMETRIC_REPRESENTATION_CONTEXT(2) 
PARAMETRIC_REPRESENTATION_CONTEXT() REPRESENTATION_CONTEXT('2D SPACE',''
  ) );
#2588 = PCURVE('',#2589,#2594);
#2589 = CONICAL_SURFACE('',#2590,51.944254142657,1.78443723641E-02);
#2590 = AXIS2_PLACEMENT_3D('',#2591,#2592,#2593);
#2591 = CARTESIAN_POINT('',(0.,0.,864.268));
#2592 = DIRECTION('',(0.,0.,1.));
#2593 = DIRECTION('',(1.,0.,0.));
#2594 = DEFINITIONAL_REPRESENTATION('',(#2595),#2599);
#2595 = LINE('',#2596,#2597);
#2596 = CARTESIAN_POINT('',(0.,0.));
#2597 = VECTOR('',#2598,1.);
#2598 = DIRECTION('',(1.,0.));
#2599 = ( GEOMETRIC_REPRESENTATION_CONTEXT(2) 
PARAMETRIC_REPRESENTATION_CONTEXT() REPRESENTATION_CONTEXT('2D SPACE',''
  ) );
#2600 = ORIENTED_EDGE('',*,*,#2551,.F.);
#2601 = ADVANCED_FACE('',(#2602),#2589,.T.);
#2602 = FACE_BOUND('',#2603,.T.);
#2603 = EDGE_LOOP('',(#2604,#2605,#2628,#2655));
#2604 = ORIENTED_EDGE('',*,*,#2574,.T.);
#2605 = ORIENTED_EDGE('',*,*,#2606,.T.);
#2606 = EDGE_CURVE('',#2552,#2607,#2609,.T.);
#2607 = VERTEX_POINT('',#2608);
#2608 = CARTESIAN_POINT('',(52.025686657229,0.,868.831));
#2609 = SEAM_CURVE('',#2610,(#2614,#2621),.PCURVE_S1.);
#2610 = LINE('',#2611,#2612);
#2611 = CARTESIAN_POINT('',(51.944254142657,0.,864.268));
#2612 = VECTOR('',#2613,1.);
#2613 = DIRECTION('',(1.784342537351E-02,0.,0.999840793412));
#2614 = PCURVE('',#2589,#2615);
#2615 = DEFINITIONAL_REPRESENTATION('',(#2616),#2620);
#2616 = LINE('',#2617,#2618);
#2617 = CARTESIAN_POINT('',(6.28318530718,0.));
#2618 = VECTOR('',#2619,1.);
#2619 = DIRECTION('',(0.,1.));
#2620 = ( GEOMETRIC_REPRESENTATION_CONTEXT(2) 
PARAMETRIC_REPRESENTATION_CONTEXT() REPRESENTATION_CONTEXT('2D SPACE',''
  ) );
#2621 = PCURVE('',#2589,#2622);
#2622 = DEFINITIONAL_REPRESENTATION('',(#2623),#2627);
#2623 = LINE('',#2624,#2625);
#2624 = CARTESIAN_POINT('',(4.138911435803E-13,0.));
#2625 = VECTOR('',#2626,1.);
#2626 = DIRECTION('',(0.,1.));
#2627 = ( GEOMETRIC_REPRESENTATION_CONTEXT(2) 
PARAMETRIC_REPRESENTATION_CONTEXT() REPRESENTATION_CONTEXT('2D SPACE',''
  ) );
#2628 = ORIENTED_EDGE('',*,*,#2629,.F.);
#2629 = EDGE_CURVE('',#2607,#2607,#2630,.T.);
#2630 = SURFACE_CURVE('',#2631,(#2636,#2643),.PCURVE_S1.);
#2631 = CIRCLE('',#2632,52.025686657229);
#2632 = AXIS2_PLACEMENT_3D('',#2633,#2634,#2635);
#2633 = CARTESIAN_POINT('',(0.,0.,868.831));
#2634 = DIRECTION('',(0.,0.,1.));
#2635 = DIRECTION('',(1.,0.,0.));
#2636 = PCURVE('',#2589,#2637);
#2637 = DEFINITIONAL_REPRESENTATION('',(#2638),#2642);
#2638 = LINE('',#2639,#2640);
#2639 = CARTESIAN_POINT('',(0.,4.563));
#2640 = VECTOR('',#2641,1.);
#2641 = DIRECTION('',(1.,0.));
#2642 = ( GEOMETRIC_REPRESENTATION_CONTEXT(2) 
PARAMETRIC_REPRESENTATION_CONTEXT() REPRESENTATION_CONTEXT('2D SPACE',''
  ) );
#2643 = PCURVE('',#2644,#2649);
#2644 = CONICAL_SURFACE('',#2645,52.025686657229,1.721693430316E-02);
#2645 = AXIS2_PLACEMENT_3D('',#2646,#2647,#2648);
#2646 = CARTESIAN_POINT('',(0.,0.,868.831));
#2647 = DIRECTION('',(0.,0.,1.));
#2648 = DIRECTION('',(1.,0.,0.));
#2649 = DEFINITIONAL_REPRESENTATION('',(#2650),#2654);
#2650 = LINE('',#2651,#2652);
#2651 = CARTESIAN_POINT('',(0.,0.));
#2652 = VECTOR('',#2653,1.);
#2653 = DIRECTION('',(1.,0.));
#2654 = ( GEOMETRIC_REPRESENTATION_CONTEXT(2) 
PARAMETRIC_REPRESENTATION_CONTEXT() REPRESENTATION_CONTEXT('2D SPACE',''
  ) );
#2655 = ORIENTED_EDGE('',*,*,#2606,.F.);
#2656 = ADVANCED_FACE('',(#2657),#2644,.T.);
#2657 = FACE_BOUND('',#2658,.T.);
#2658 = EDGE_LOOP('',(#2659,#2660,#2683,#2710));
#2659 = ORIENTED_EDGE('',*,*,#2629,.T.);
#2660 = ORIENTED_EDGE('',*,*,#2661,.T.);
#2661 = EDGE_CURVE('',#2607,#2662,#2664,.T.);
#2662 = VERTEX_POINT('',#2663);
#2663 = CARTESIAN_POINT('',(52.104255291787,0.,873.394));
#2664 = SEAM_CURVE('',#2665,(#2669,#2676),.PCURVE_S1.);
#2665 = LINE('',#2666,#2667);
#2666 = CARTESIAN_POINT('',(52.025686657229,0.,868.831));
#2667 = VECTOR('',#2668,1.);
#2668 = DIRECTION('',(1.721608373364E-02,0.,0.999851792248));
#2669 = PCURVE('',#2644,#2670);
#2670 = DEFINITIONAL_REPRESENTATION('',(#2671),#2675);
#2671 = LINE('',#2672,#2673);
#2672 = CARTESIAN_POINT('',(6.28318530718,0.));
#2673 = VECTOR('',#2674,1.);
#2674 = DIRECTION('',(0.,1.));
#2675 = ( GEOMETRIC_REPRESENTATION_CONTEXT(2) 
PARAMETRIC_REPRESENTATION_CONTEXT() REPRESENTATION_CONTEXT('2D SPACE',''
  ) );
#2676 = PCURVE('',#2644,#2677);
#2677 = DEFINITIONAL_REPRESENTATION('',(#2678),#2682);
#2678 = LINE('',#2679,#2680);
#2679 = CARTESIAN_POINT('',(4.138911435803E-13,0.));
#2680 = VECTOR('',#2681,1.);
#2681 = DIRECTION('',(0.,1.));
#2682 = ( GEOMETRIC_REPRESENTATION_CONTEXT(2) 
PARAMETRIC_REPRESENTATION_CONTEXT() REPRESENTATION_CONTEXT('2D SPACE',''
  ) );
#2683 = ORIENTED_EDGE('',*,*,#2684,.F.);
#2684 = EDGE_CURVE('',#2662,#2662,#2685,.T.);
#2685 = SURFACE_CURVE('',#2686,(#2691,#2698),.PCURVE_S1.);
#2686 = CIRCLE('',#2687,52.104255291787);
#2687 = AXIS2_PLACEMENT_3D('',#2688,#2689,#2690);
#2688 = CARTESIAN_POINT('',(0.,0.,873.394));
#2689 = DIRECTION('',(0.,0.,1.));
#2690 = DIRECTION('',(1.,0.,0.));
#2691 = PCURVE('',#2644,#2692);
#2692 = DEFINITIONAL_REPRESENTATION('',(#2693),#2697);
#2693 = LINE('',#2694,#2695);
#2694 = CARTESIAN_POINT('',(0.,4.563));
#2695 = VECTOR('',#2696,1.);
#2696 = DIRECTION('',(1.,0.));
#2697 = ( GEOMETRIC_REPRESENTATION_CONTEXT(2) 
PARAMETRIC_REPRESENTATION_CONTEXT() REPRESENTATION_CONTEXT('2D SPACE',''
  ) );
#2698 = PCURVE('',#2699,#2704);
#2699 = CONICAL_SURFACE('',#2700,52.104255291787,1.657776986864E-02);
#2700 = AXIS2_PLACEMENT_3D('',#2701,#2702,#2703);
#2701 = CARTESIAN_POINT('',(0.,0.,873.394));
#2702 = DIRECTION('',(0.,0.,1.));
#2703 = DIRECTION('',(1.,0.,0.));
#2704 = DEFINITIONAL_REPRESENTATION('',(#2705),#2709);
#2705 = LINE('',#2706,#2707);
#2706 = CARTESIAN_POINT('',(0.,0.));
#2707 = VECTOR('',#2708,1.);
#2708 = DIRECTION('',(1.,0.));
#2709 = ( GEOMETRIC_REPRESENTATION_CONTEXT(2) 
PARAMETRIC_REPRESENTATION_CONTEXT() REPRESENTATION_CONTEXT('2D SPACE',''
  ) );
#2710 = ORIENTED_EDGE('',*,*,#2661,.F.);
#2711 = ADVANCED_FACE('',(#2712),#2699,.T.);
#2712 = FACE_BOUND('',#2713,.T.);
#2713 = EDGE_LOOP('',(#2714,#2715,#2738,#2765));
#2714 = ORIENTED_EDGE('',*,*,#2684,.T.);
#2715 = ORIENTED_EDGE('',*,*,#2716,.T.);
#2716 = EDGE_CURVE('',#2662,#2717,#2719,.T.);
#2717 = VERTEX_POINT('',#2718);
#2718 = CARTESIAN_POINT('',(52.179906586049,0.,877.957));
#2719 = SEAM_CURVE('',#2720,(#2724,#2731),.PCURVE_S1.);
#2720 = LINE('',#2721,#2722);
#2721 = CARTESIAN_POINT('',(52.104255291787,0.,873.394));
#2722 = VECTOR('',#2723,1.);
#2723 = DIRECTION('',(1.657701055517E-02,0.,0.99986259192));
#2724 = PCURVE('',#2699,#2725);
#2725 = DEFINITIONAL_REPRESENTATION('',(#2726),#2730);
#2726 = LINE('',#2727,#2728);
#2727 = CARTESIAN_POINT('',(6.28318530718,0.));
#2728 = VECTOR('',#2729,1.);
#2729 = DIRECTION('',(0.,1.));
#2730 = ( GEOMETRIC_REPRESENTATION_CONTEXT(2) 
PARAMETRIC_REPRESENTATION_CONTEXT() REPRESENTATION_CONTEXT('2D SPACE',''
  ) );
#2731 = PCURVE('',#2699,#2732);
#2732 = DEFINITIONAL_REPRESENTATION('',(#2733),#2737);
#2733 = LINE('',#2734,#2735);
#2734 = CARTESIAN_POINT('',(4.138911435803E-13,0.));
#2735 = VECTOR('',#2736,1.);
#2736 = DIRECTION('',(0.,1.));
#2737 = ( GEOMETRIC_REPRESENTATION_CONTEXT(2) 
PARAMETRIC_REPRESENTATION_CONTEXT() REPRESENTATION_CONTEXT('2D SPACE',''
  ) );
#2738 = ORIENTED_EDGE('',*,*,#2739,.F.);
#2739 = EDGE_CURVE('',#2717,#2717,#2740,.T.);
#2740 = SURFACE_CURVE('',#2741,(#2746,#2753),.PCURVE_S1.);
#2741 = CIRCLE('',#2742,52.179906586049);
#2742 = AXIS2_PLACEMENT_3D('',#2743,#2744,#2745);
#2743 = CARTESIAN_POINT('',(0.,0.,877.957));
#2744 = DIRECTION('',(0.,0.,1.));
#2745 = DIRECTION('',(1.,0.,0.));
#2746 = PCURVE('',#2699,#2747);
#2747 = DEFINITIONAL_REPRESENTATION('',(#2748),#2752);
#2748 = LINE('',#2749,#2750);
#2749 = CARTESIAN_POINT('',(0.,4.563));
#2750 = VECTOR('',#2751,1.);
#2751 = DIRECTION('',(1.,0.));
#2752 = ( GEOMETRIC_REPRESENTATION_CONTEXT(2) 
PARAMETRIC_REPRESENTATION_CONTEXT() REPRESENTATION_CONTEXT('2D SPACE',''
  ) );
#2753 = PCURVE('',#2754,#2759);
#2754 = CONICAL_SURFACE('',#2755,52.179906586049,1.592687882354E-02);
#2755 = AXIS2_PLACEMENT_3D('',#2756,#2757,#2758);
#2756 = CARTESIAN_POINT('',(0.,0.,877.957));
#2757 = DIRECTION('',(0.,0.,1.));
#2758 = DIRECTION('',(1.,0.,0.));
#2759 = DEFINITIONAL_REPRESENTATION('',(#2760),#2764);
#2760 = LINE('',#2761,#2762);
#2761 = CARTESIAN_POINT('',(0.,0.));
#2762 = VECTOR('',#2763,1.);
#2763 = DIRECTION('',(1.,0.));
#2764 = ( GEOMETRIC_REPRESENTATION_CONTEXT(2) 
PARAMETRIC_REPRESENTATION_CONTEXT() REPRESENTATION_CONTEXT('2D SPACE',''
  ) );
#2765 = ORIENTED_EDGE('',*,*,#2716,.F.);
#2766 = ADVANCED_FACE('',(#2767),#2754,.T.);
#2767 = FACE_BOUND('',#2768,.T.);
#2768 = EDGE_LOOP('',(#2769,#2770,#2793,#2820));
#2769 = ORIENTED_EDGE('',*,*,#2739,.T.);
#2770 = ORIENTED_EDGE('',*,*,#2771,.T.);
#2771 = EDGE_CURVE('',#2717,#2772,#2774,.T.);
#2772 = VERTEX_POINT('',#2773);
#2773 = CARTESIAN_POINT('',(52.252587079735,0.,882.52));
#2774 = SEAM_CURVE('',#2775,(#2779,#2786),.PCURVE_S1.);
#2775 = LINE('',#2776,#2777);
#2776 = CARTESIAN_POINT('',(52.179906586049,0.,877.957));
#2777 = VECTOR('',#2778,1.);
#2778 = DIRECTION('',(1.592620548214E-02,0.,0.999873169947));
#2779 = PCURVE('',#2754,#2780);
#2780 = DEFINITIONAL_REPRESENTATION('',(#2781),#2785);
#2781 = LINE('',#2782,#2783);
#2782 = CARTESIAN_POINT('',(6.28318530718,0.));
#2783 = VECTOR('',#2784,1.);
#2784 = DIRECTION('',(0.,1.));
#2785 = ( GEOMETRIC_REPRESENTATION_CONTEXT(2) 
PARAMETRIC_REPRESENTATION_CONTEXT() REPRESENTATION_CONTEXT('2D SPACE',''
  ) );
#2786 = PCURVE('',#2754,#2787);
#2787 = DEFINITIONAL_REPRESENTATION('',(#2788),#2792);
#2788 = LINE('',#2789,#2790);
#2789 = CARTESIAN_POINT('',(4.138911435803E-13,0.));
#2790 = VECTOR('',#2791,1.);
#2791 = DIRECTION('',(0.,1.));
#2792 = ( GEOMETRIC_REPRESENTATION_CONTEXT(2) 
PARAMETRIC_REPRESENTATION_CONTEXT() REPRESENTATION_CONTEXT('2D SPACE',''
  ) );
#2793 = ORIENTED_EDGE('',*,*,#2794,.F.);
#2794 = EDGE_CURVE('',#2772,#2772,#2795,.T.);
#2795 = SURFACE_CURVE('',#2796,(#2801,#2808),.PCURVE_S1.);
#2796 = CIRCLE('',#2797,52.252587079735);
#2797 = AXIS2_PLACEMENT_3D('',#2798,#2799,#2800);
#2798 = CARTESIAN_POINT('',(0.,0.,882.52));
#2799 = DIRECTION('',(0.,0.,1.));
#2800 = DIRECTION('',(1.,0.,0.));
#2801 = PCURVE('',#2754,#2802);
#2802 = DEFINITIONAL_REPRESENTATION('',(#2803),#2807);
#2803 = LINE('',#2804,#2805);
#2804 = CARTESIAN_POINT('',(0.,4.563));
#2805 = VECTOR('',#2806,1.);
#2806 = DIRECTION('',(1.,0.));
#2807 = ( GEOMETRIC_REPRESENTATION_CONTEXT(2) 
PARAMETRIC_REPRESENTATION_CONTEXT() REPRESENTATION_CONTEXT('2D SPACE',''
  ) );
#2808 = PCURVE('',#2809,#2814);
#2809 = CONICAL_SURFACE('',#2810,52.252587079735,1.52642609757E-02);
#2810 = AXIS2_PLACEMENT_3D('',#2811,#2812,#2813);
#2811 = CARTESIAN_POINT('',(0.,0.,882.52));
#2812 = DIRECTION('',(0.,0.,1.));
#2813 = DIRECTION('',(1.,0.,0.));
#2814 = DEFINITIONAL_REPRESENTATION('',(#2815),#2819);
#2815 = LINE('',#2816,#2817);
#2816 = CARTESIAN_POINT('',(0.,0.));
#2817 = VECTOR('',#2818,1.);
#2818 = DIRECTION('',(1.,0.));
#2819 = ( GEOMETRIC_REPRESENTATION_CONTEXT(2) 
PARAMETRIC_REPRESENTATION_CONTEXT() REPRESENTATION_CONTEXT('2D SPACE',''
  ) );
#2820 = ORIENTED_EDGE('',*,*,#2771,.F.);
#2821 = ADVANCED_FACE('',(#2822),#2809,.T.);
#2822 = FACE_BOUND('',#2823,.T.);
#2823 = EDGE_LOOP('',(#2824,#2825,#2848,#2875));
#2824 = ORIENTED_EDGE('',*,*,#2794,.T.);
#2825 = ORIENTED_EDGE('',*,*,#2826,.T.);
#2826 = EDGE_CURVE('',#2772,#2827,#2829,.T.);
#2827 = VERTEX_POINT('',#2828);
#2828 = CARTESIAN_POINT('',(52.322243312565,0.,887.083));
#2829 = SEAM_CURVE('',#2830,(#2834,#2841),.PCURVE_S1.);
#2830 = LINE('',#2831,#2832);
#2831 = CARTESIAN_POINT('',(52.252587079735,0.,882.52));
#2832 = VECTOR('',#2833,1.);
#2833 = DIRECTION('',(1.526366822648E-02,0.,0.99988350343));
#2834 = PCURVE('',#2809,#2835);
#2835 = DEFINITIONAL_REPRESENTATION('',(#2836),#2840);
#2836 = LINE('',#2837,#2838);
#2837 = CARTESIAN_POINT('',(6.28318530718,0.));
#2838 = VECTOR('',#2839,1.);
#2839 = DIRECTION('',(0.,1.));
#2840 = ( GEOMETRIC_REPRESENTATION_CONTEXT(2) 
PARAMETRIC_REPRESENTATION_CONTEXT() REPRESENTATION_CONTEXT('2D SPACE',''
  ) );
#2841 = PCURVE('',#2809,#2842);
#2842 = DEFINITIONAL_REPRESENTATION('',(#2843),#2847);
#2843 = LINE('',#2844,#2845);
#2844 = CARTESIAN_POINT('',(4.138911435803E-13,0.));
#2845 = VECTOR('',#2846,1.);
#2846 = DIRECTION('',(0.,1.));
#2847 = ( GEOMETRIC_REPRESENTATION_CONTEXT(2) 
PARAMETRIC_REPRESENTATION_CONTEXT() REPRESENTATION_CONTEXT('2D SPACE',''
  ) );
#2848 = ORIENTED_EDGE('',*,*,#2849,.F.);
#2849 = EDGE_CURVE('',#2827,#2827,#2850,.T.);
#2850 = SURFACE_CURVE('',#2851,(#2856,#2863),.PCURVE_S1.);
#2851 = CIRCLE('',#2852,52.322243312565);
#2852 = AXIS2_PLACEMENT_3D('',#2853,#2854,#2855);
#2853 = CARTESIAN_POINT('',(0.,0.,887.083));
#2854 = DIRECTION('',(0.,0.,1.));
#2855 = DIRECTION('',(1.,0.,0.));
#2856 = PCURVE('',#2809,#2857);
#2857 = DEFINITIONAL_REPRESENTATION('',(#2858),#2862);
#2858 = LINE('',#2859,#2860);
#2859 = CARTESIAN_POINT('',(0.,4.563));
#2860 = VECTOR('',#2861,1.);
#2861 = DIRECTION('',(1.,0.));
#2862 = ( GEOMETRIC_REPRESENTATION_CONTEXT(2) 
PARAMETRIC_REPRESENTATION_CONTEXT() REPRESENTATION_CONTEXT('2D SPACE',''
  ) );
#2863 = PCURVE('',#2864,#2869);
#2864 = CONICAL_SURFACE('',#2865,52.322243312565,1.458991618051E-02);
#2865 = AXIS2_PLACEMENT_3D('',#2866,#2867,#2868);
#2866 = CARTESIAN_POINT('',(0.,0.,887.083));
#2867 = DIRECTION('',(0.,0.,1.));
#2868 = DIRECTION('',(1.,0.,0.));
#2869 = DEFINITIONAL_REPRESENTATION('',(#2870),#2874);
#2870 = LINE('',#2871,#2872);
#2871 = CARTESIAN_POINT('',(0.,0.));
#2872 = VECTOR('',#2873,1.);
#2873 = DIRECTION('',(1.,0.));
#2874 = ( GEOMETRIC_REPRESENTATION_CONTEXT(2) 
PARAMETRIC_REPRESENTATION_CONTEXT() REPRESENTATION_CONTEXT('2D SPACE',''
  ) );
#2875 = ORIENTED_EDGE('',*,*,#2826,.F.);
#2876 = ADVANCED_FACE('',(#2877),#2864,.T.);
#2877 = FACE_BOUND('',#2878,.T.);
#2878 = EDGE_LOOP('',(#2879,#2880,#2903,#2930));
#2879 = ORIENTED_EDGE('',*,*,#2849,.T.);
#2880 = ORIENTED_EDGE('',*,*,#2881,.T.);
#2881 = EDGE_CURVE('',#2827,#2882,#2884,.T.);
#2882 = VERTEX_POINT('',#2883);
#2883 = CARTESIAN_POINT('',(52.388821824256,0.,891.646));
#2884 = SEAM_CURVE('',#2885,(#2889,#2896),.PCURVE_S1.);
#2885 = LINE('',#2886,#2887);
#2886 = CARTESIAN_POINT('',(52.322243312565,0.,887.083));
#2887 = VECTOR('',#2888,1.);
#2888 = DIRECTION('',(1.458939857068E-02,0.,0.999893569061));
#2889 = PCURVE('',#2864,#2890);
#2890 = DEFINITIONAL_REPRESENTATION('',(#2891),#2895);
#2891 = LINE('',#2892,#2893);
#2892 = CARTESIAN_POINT('',(6.28318530718,0.));
#2893 = VECTOR('',#2894,1.);
#2894 = DIRECTION('',(0.,1.));
#2895 = ( GEOMETRIC_REPRESENTATION_CONTEXT(2) 
PARAMETRIC_REPRESENTATION_CONTEXT() REPRESENTATION_CONTEXT('2D SPACE',''
  ) );
#2896 = PCURVE('',#2864,#2897);
#2897 = DEFINITIONAL_REPRESENTATION('',(#2898),#2902);
#2898 = LINE('',#2899,#2900);
#2899 = CARTESIAN_POINT('',(4.138911435803E-13,0.));
#2900 = VECTOR('',#2901,1.);
#2901 = DIRECTION('',(0.,1.));
#2902 = ( GEOMETRIC_REPRESENTATION_CONTEXT(2) 
PARAMETRIC_REPRESENTATION_CONTEXT() REPRESENTATION_CONTEXT('2D SPACE',''
  ) );
#2903 = ORIENTED_EDGE('',*,*,#2904,.F.);
#2904 = EDGE_CURVE('',#2882,#2882,#2905,.T.);
#2905 = SURFACE_CURVE('',#2906,(#2911,#2918),.PCURVE_S1.);
#2906 = CIRCLE('',#2907,52.388821824256);
#2907 = AXIS2_PLACEMENT_3D('',#2908,#2909,#2910);
#2908 = CARTESIAN_POINT('',(0.,0.,891.646));
#2909 = DIRECTION('',(0.,0.,1.));
#2910 = DIRECTION('',(1.,0.,0.));
#2911 = PCURVE('',#2864,#2912);
#2912 = DEFINITIONAL_REPRESENTATION('',(#2913),#2917);
#2913 = LINE('',#2914,#2915);
#2914 = CARTESIAN_POINT('',(0.,4.563));
#2915 = VECTOR('',#2916,1.);
#2916 = DIRECTION('',(1.,0.));
#2917 = ( GEOMETRIC_REPRESENTATION_CONTEXT(2) 
PARAMETRIC_REPRESENTATION_CONTEXT() REPRESENTATION_CONTEXT('2D SPACE',''
  ) );
#2918 = PCURVE('',#2919,#2924);
#2919 = CONICAL_SURFACE('',#2920,52.388821824256,1.390384434365E-02);
#2920 = AXIS2_PLACEMENT_3D('',#2921,#2922,#2923);
#2921 = CARTESIAN_POINT('',(0.,0.,891.646));
#2922 = DIRECTION('',(0.,0.,1.));
#2923 = DIRECTION('',(1.,0.,0.));
#2924 = DEFINITIONAL_REPRESENTATION('',(#2925),#2929);
#2925 = LINE('',#2926,#2927);
#2926 = CARTESIAN_POINT('',(0.,0.));
#2927 = VECTOR('',#2928,1.);
#2928 = DIRECTION('',(1.,0.));
#2929 = ( GEOMETRIC_REPRESENTATION_CONTEXT(2) 
PARAMETRIC_REPRESENTATION_CONTEXT() REPRESENTATION_CONTEXT('2D SPACE',''
  ) );
#2930 = ORIENTED_EDGE('',*,*,#2881,.F.);
#2931 = ADVANCED_FACE('',(#2932),#2919,.T.);
#2932 = FACE_BOUND('',#2933,.T.);
#2933 = EDGE_LOOP('',(#2934,#2935,#2958,#2985));
#2934 = ORIENTED_EDGE('',*,*,#2904,.T.);
#2935 = ORIENTED_EDGE('',*,*,#2936,.T.);
#2936 = EDGE_CURVE('',#2882,#2937,#2939,.T.);
#2937 = VERTEX_POINT('',#2938);
#2938 = CARTESIAN_POINT('',(52.452269154529,0.,896.209));
#2939 = SEAM_CURVE('',#2940,(#2944,#2951),.PCURVE_S1.);
#2940 = LINE('',#2941,#2942);
#2941 = CARTESIAN_POINT('',(52.388821824256,0.,891.646));
#2942 = VECTOR('',#2943,1.);
#2943 = DIRECTION('',(1.39033963734E-02,0.,0.999903343113));
#2944 = PCURVE('',#2919,#2945);
#2945 = DEFINITIONAL_REPRESENTATION('',(#2946),#2950);
#2946 = LINE('',#2947,#2948);
#2947 = CARTESIAN_POINT('',(6.28318530718,0.));
#2948 = VECTOR('',#2949,1.);
#2949 = DIRECTION('',(0.,1.));
#2950 = ( GEOMETRIC_REPRESENTATION_CONTEXT(2) 
PARAMETRIC_REPRESENTATION_CONTEXT() REPRESENTATION_CONTEXT('2D SPACE',''
  ) );
#2951 = PCURVE('',#2919,#2952);
#2952 = DEFINITIONAL_REPRESENTATION('',(#2953),#2957);
#2953 = LINE('',#2954,#2955);
#2954 = CARTESIAN_POINT('',(4.138911435803E-13,0.));
#2955 = VECTOR('',#2956,1.);
#2956 = DIRECTION('',(0.,1.));
#2957 = ( GEOMETRIC_REPRESENTATION_CONTEXT(2) 
PARAMETRIC_REPRESENTATION_CONTEXT() REPRESENTATION_CONTEXT('2D SPACE',''
  ) );
#2958 = ORIENTED_EDGE('',*,*,#2959,.F.);
#2959 = EDGE_CURVE('',#2937,#2937,#2960,.T.);
#2960 = SURFACE_CURVE('',#2961,(#2966,#2973),.PCURVE_S1.);
#2961 = CIRCLE('',#2962,52.452269154529);
#2962 = AXIS2_PLACEMENT_3D('',#2963,#2964,#2965);
#2963 = CARTESIAN_POINT('',(0.,0.,896.209));
#2964 = DIRECTION('',(0.,0.,1.));
#2965 = DIRECTION('',(1.,0.,0.));
#2966 = PCURVE('',#2919,#2967);
#2967 = DEFINITIONAL_REPRESENTATION('',(#2968),#2972);
#2968 = LINE('',#2969,#2970);
#2969 = CARTESIAN_POINT('',(0.,4.563));
#2970 = VECTOR('',#2971,1.);
#2971 = DIRECTION('',(1.,0.));
#2972 = ( GEOMETRIC_REPRESENTATION_CONTEXT(2) 
PARAMETRIC_REPRESENTATION_CONTEXT() REPRESENTATION_CONTEXT('2D SPACE',''
  ) );
#2973 = PCURVE('',#2974,#2979);
#2974 = CONICAL_SURFACE('',#2975,52.452269154529,1.320604542387E-02);
#2975 = AXIS2_PLACEMENT_3D('',#2976,#2977,#2978);
#2976 = CARTESIAN_POINT('',(0.,0.,896.209));
#2977 = DIRECTION('',(0.,0.,1.));
#2978 = DIRECTION('',(1.,0.,0.));
#2979 = DEFINITIONAL_REPRESENTATION('',(#2980),#2984);
#2980 = LINE('',#2981,#2982);
#2981 = CARTESIAN_POINT('',(0.,0.));
#2982 = VECTOR('',#2983,1.);
#2983 = DIRECTION('',(1.,0.));
#2984 = ( GEOMETRIC_REPRESENTATION_CONTEXT(2) 
PARAMETRIC_REPRESENTATION_CONTEXT() REPRESENTATION_CONTEXT('2D SPACE',''
  ) );
#2985 = ORIENTED_EDGE('',*,*,#2936,.F.);
#2986 = ADVANCED_FACE('',(#2987),#2974,.T.);
#2987 = FACE_BOUND('',#2988,.T.);
#2988 = EDGE_LOOP('',(#2989,#2990,#3013,#3040));
#2989 = ORIENTED_EDGE('',*,*,#2959,.T.);
#2990 = ORIENTED_EDGE('',*,*,#2991,.T.);
#2991 = EDGE_CURVE('',#2937,#2992,#2994,.T.);
#2992 = VERTEX_POINT('',#2993);
#2993 = CARTESIAN_POINT('',(52.512531843103,0.,900.772));
#2994 = SEAM_CURVE('',#2995,(#2999,#3006),.PCURVE_S1.);
#2995 = LINE('',#2996,#2997);
#2996 = CARTESIAN_POINT('',(52.452269154529,0.,896.209));
#2997 = VECTOR('',#2998,1.);
#2998 = DIRECTION('',(1.320566157237E-02,0.,0.999912801449));
#2999 = PCURVE('',#2974,#3000);
#3000 = DEFINITIONAL_REPRESENTATION('',(#3001),#3005);
#3001 = LINE('',#3002,#3003);
#3002 = CARTESIAN_POINT('',(6.28318530718,0.));
#3003 = VECTOR('',#3004,1.);
#3004 = DIRECTION('',(0.,1.));
#3005 = ( GEOMETRIC_REPRESENTATION_CONTEXT(2) 
PARAMETRIC_REPRESENTATION_CONTEXT() REPRESENTATION_CONTEXT('2D SPACE',''
  ) );
#3006 = PCURVE('',#2974,#3007);
#3007 = DEFINITIONAL_REPRESENTATION('',(#3008),#3012);
#3008 = LINE('',#3009,#3010);
#3009 = CARTESIAN_POINT('',(4.138911435803E-13,0.));
#3010 = VECTOR('',#3011,1.);
#3011 = DIRECTION('',(0.,1.));
#3012 = ( GEOMETRIC_REPRESENTATION_CONTEXT(2) 
PARAMETRIC_REPRESENTATION_CONTEXT() REPRESENTATION_CONTEXT('2D SPACE',''
  ) );
#3013 = ORIENTED_EDGE('',*,*,#3014,.F.);
#3014 = EDGE_CURVE('',#2992,#2992,#3015,.T.);
#3015 = SURFACE_CURVE('',#3016,(#3021,#3028),.PCURVE_S1.);
#3016 = CIRCLE('',#3017,52.512531843103);
#3017 = AXIS2_PLACEMENT_3D('',#3018,#3019,#3020);
#3018 = CARTESIAN_POINT('',(0.,0.,900.772));
#3019 = DIRECTION('',(0.,0.,1.));
#3020 = DIRECTION('',(1.,0.,0.));
#3021 = PCURVE('',#2974,#3022);
#3022 = DEFINITIONAL_REPRESENTATION('',(#3023),#3027);
#3023 = LINE('',#3024,#3025);
#3024 = CARTESIAN_POINT('',(0.,4.563));
#3025 = VECTOR('',#3026,1.);
#3026 = DIRECTION('',(1.,0.));
#3027 = ( GEOMETRIC_REPRESENTATION_CONTEXT(2) 
PARAMETRIC_REPRESENTATION_CONTEXT() REPRESENTATION_CONTEXT('2D SPACE',''
  ) );
#3028 = PCURVE('',#3029,#3034);
#3029 = CONICAL_SURFACE('',#3030,52.512531843103,1.249651943579E-02);
#3030 = AXIS2_PLACEMENT_3D('',#3031,#3032,#3033);
#3031 = CARTESIAN_POINT('',(0.,0.,900.772));
#3032 = DIRECTION('',(0.,0.,1.));
#3033 = DIRECTION('',(1.,0.,0.));
#3034 = DEFINITIONAL_REPRESENTATION('',(#3035),#3039);
#3035 = LINE('',#3036,#3037);
#3036 = CARTESIAN_POINT('',(0.,0.));
#3037 = VECTOR('',#3038,1.);
#3038 = DIRECTION('',(1.,0.));
#3039 = ( GEOMETRIC_REPRESENTATION_CONTEXT(2) 
PARAMETRIC_REPRESENTATION_CONTEXT() REPRESENTATION_CONTEXT('2D SPACE',''
  ) );
#3040 = ORIENTED_EDGE('',*,*,#2991,.F.);
#3041 = ADVANCED_FACE('',(#3042),#3029,.T.);
#3042 = FACE_BOUND('',#3043,.T.);
#3043 = EDGE_LOOP('',(#3044,#3045,#3068,#3095));
#3044 = ORIENTED_EDGE('',*,*,#3014,.T.);
#3045 = ORIENTED_EDGE('',*,*,#3046,.T.);
#3046 = EDGE_CURVE('',#2992,#3047,#3049,.T.);
#3047 = VERTEX_POINT('',#3048);
#3048 = CARTESIAN_POINT('',(52.569556429696,0.,905.335));
#3049 = SEAM_CURVE('',#3050,(#3054,#3061),.PCURVE_S1.);
#3050 = LINE('',#3051,#3052);
#3051 = CARTESIAN_POINT('',(52.512531843103,0.,900.772));
#3052 = VECTOR('',#3053,1.);
#3053 = DIRECTION('',(1.249619418934E-02,0.,0.999921919517));
#3054 = PCURVE('',#3029,#3055);
#3055 = DEFINITIONAL_REPRESENTATION('',(#3056),#3060);
#3056 = LINE('',#3057,#3058);
#3057 = CARTESIAN_POINT('',(6.28318530718,0.));
#3058 = VECTOR('',#3059,1.);
#3059 = DIRECTION('',(0.,1.));
#3060 = ( GEOMETRIC_REPRESENTATION_CONTEXT(2) 
PARAMETRIC_REPRESENTATION_CONTEXT() REPRESENTATION_CONTEXT('2D SPACE',''
  ) );
#3061 = PCURVE('',#3029,#3062);
#3062 = DEFINITIONAL_REPRESENTATION('',(#3063),#3067);
#3063 = LINE('',#3064,#3065);
#3064 = CARTESIAN_POINT('',(4.138911435803E-13,0.));
#3065 = VECTOR('',#3066,1.);
#3066 = DIRECTION('',(0.,1.));
#3067 = ( GEOMETRIC_REPRESENTATION_CONTEXT(2) 
PARAMETRIC_REPRESENTATION_CONTEXT() REPRESENTATION_CONTEXT('2D SPACE',''
  ) );
#3068 = ORIENTED_EDGE('',*,*,#3069,.F.);
#3069 = EDGE_CURVE('',#3047,#3047,#3070,.T.);
#3070 = SURFACE_CURVE('',#3071,(#3076,#3083),.PCURVE_S1.);
#3071 = CIRCLE('',#3072,52.569556429696);
#3072 = AXIS2_PLACEMENT_3D('',#3073,#3074,#3075);
#3073 = CARTESIAN_POINT('',(0.,0.,905.335));
#3074 = DIRECTION('',(0.,0.,1.));
#3075 = DIRECTION('',(1.,0.,0.));
#3076 = PCURVE('',#3029,#3077);
#3077 = DEFINITIONAL_REPRESENTATION('',(#3078),#3082);
#3078 = LINE('',#3079,#3080);
#3079 = CARTESIAN_POINT('',(0.,4.563));
#3080 = VECTOR('',#3081,1.);
#3081 = DIRECTION('',(1.,0.));
#3082 = ( GEOMETRIC_REPRESENTATION_CONTEXT(2) 
PARAMETRIC_REPRESENTATION_CONTEXT() REPRESENTATION_CONTEXT('2D SPACE',''
  ) );
#3083 = PCURVE('',#3084,#3089);
#3084 = CONICAL_SURFACE('',#3085,52.569556429696,1.177526645284E-02);
#3085 = AXIS2_PLACEMENT_3D('',#3086,#3087,#3088);
#3086 = CARTESIAN_POINT('',(0.,0.,905.335));
#3087 = DIRECTION('',(0.,0.,1.));
#3088 = DIRECTION('',(1.,0.,0.));
#3089 = DEFINITIONAL_REPRESENTATION('',(#3090),#3094);
#3090 = LINE('',#3091,#3092);
#3091 = CARTESIAN_POINT('',(0.,0.));
#3092 = VECTOR('',#3093,1.);
#3093 = DIRECTION('',(1.,0.));
#3094 = ( GEOMETRIC_REPRESENTATION_CONTEXT(2) 
PARAMETRIC_REPRESENTATION_CONTEXT() REPRESENTATION_CONTEXT('2D SPACE',''
  ) );
#3095 = ORIENTED_EDGE('',*,*,#3046,.F.);
#3096 = ADVANCED_FACE('',(#3097),#3084,.T.);
#3097 = FACE_BOUND('',#3098,.T.);
#3098 = EDGE_LOOP('',(#3099,#3100,#3123,#3150));
#3099 = ORIENTED_EDGE('',*,*,#3069,.T.);
#3100 = ORIENTED_EDGE('',*,*,#3101,.T.);
#3101 = EDGE_CURVE('',#3047,#3102,#3104,.T.);
#3102 = VERTEX_POINT('',#3103);
#3103 = CARTESIAN_POINT('',(52.623289454028,0.,909.898));
#3104 = SEAM_CURVE('',#3105,(#3109,#3116),.PCURVE_S1.);
#3105 = LINE('',#3106,#3107);
#3106 = CARTESIAN_POINT('',(52.569556429696,0.,905.335));
#3107 = VECTOR('',#3108,1.);
#3108 = DIRECTION('',(1.177499433441E-02,0.,0.999930672351));
#3109 = PCURVE('',#3084,#3110);
#3110 = DEFINITIONAL_REPRESENTATION('',(#3111),#3115);
#3111 = LINE('',#3112,#3113);
#3112 = CARTESIAN_POINT('',(6.28318530718,0.));
#3113 = VECTOR('',#3114,1.);
#3114 = DIRECTION('',(0.,1.));
#3115 = ( GEOMETRIC_REPRESENTATION_CONTEXT(2) 
PARAMETRIC_REPRESENTATION_CONTEXT() REPRESENTATION_CONTEXT('2D SPACE',''
  ) );
#3116 = PCURVE('',#3084,#3117);
#3117 = DEFINITIONAL_REPRESENTATION('',(#3118),#3122);
#3118 = LINE('',#3119,#3120);
#3119 = CARTESIAN_POINT('',(4.138911435803E-13,0.));
#3120 = VECTOR('',#3121,1.);
#3121 = DIRECTION('',(0.,1.));
#3122 = ( GEOMETRIC_REPRESENTATION_CONTEXT(2) 
PARAMETRIC_REPRESENTATION_CONTEXT() REPRESENTATION_CONTEXT('2D SPACE',''
  ) );
#3123 = ORIENTED_EDGE('',*,*,#3124,.F.);
#3124 = EDGE_CURVE('',#3102,#3102,#3125,.T.);
#3125 = SURFACE_CURVE('',#3126,(#3131,#3138),.PCURVE_S1.);
#3126 = CIRCLE('',#3127,52.623289454028);
#3127 = AXIS2_PLACEMENT_3D('',#3128,#3129,#3130);
#3128 = CARTESIAN_POINT('',(0.,0.,909.898));
#3129 = DIRECTION('',(0.,0.,1.));
#3130 = DIRECTION('',(1.,0.,0.));
#3131 = PCURVE('',#3084,#3132);
#3132 = DEFINITIONAL_REPRESENTATION('',(#3133),#3137);
#3133 = LINE('',#3134,#3135);
#3134 = CARTESIAN_POINT('',(0.,4.563));
#3135 = VECTOR('',#3136,1.);
#3136 = DIRECTION('',(1.,0.));
#3137 = ( GEOMETRIC_REPRESENTATION_CONTEXT(2) 
PARAMETRIC_REPRESENTATION_CONTEXT() REPRESENTATION_CONTEXT('2D SPACE',''
  ) );
#3138 = PCURVE('',#3139,#3144);
#3139 = CONICAL_SURFACE('',#3140,52.623289454028,1.104228661014E-02);
#3140 = AXIS2_PLACEMENT_3D('',#3141,#3142,#3143);
#3141 = CARTESIAN_POINT('',(0.,0.,909.898));
#3142 = DIRECTION('',(0.,0.,1.));
#3143 = DIRECTION('',(1.,0.,0.));
#3144 = DEFINITIONAL_REPRESENTATION('',(#3145),#3149);
#3145 = LINE('',#3146,#3147);
#3146 = CARTESIAN_POINT('',(0.,0.));
#3147 = VECTOR('',#3148,1.);
#3148 = DIRECTION('',(1.,0.));
#3149 = ( GEOMETRIC_REPRESENTATION_CONTEXT(2) 
PARAMETRIC_REPRESENTATION_CONTEXT() REPRESENTATION_CONTEXT('2D SPACE',''
  ) );
#3150 = ORIENTED_EDGE('',*,*,#3101,.F.);
#3151 = ADVANCED_FACE('',(#3152),#3139,.T.);
#3152 = FACE_BOUND('',#3153,.T.);
#3153 = EDGE_LOOP('',(#3154,#3155,#3178,#3205));
#3154 = ORIENTED_EDGE('',*,*,#3124,.T.);
#3155 = ORIENTED_EDGE('',*,*,#3156,.T.);
#3156 = EDGE_CURVE('',#3102,#3157,#3159,.T.);
#3157 = VERTEX_POINT('',#3158);
#3158 = CARTESIAN_POINT('',(52.673677455818,0.,914.461));
#3159 = SEAM_CURVE('',#3160,(#3164,#3171),.PCURVE_S1.);
#3160 = LINE('',#3161,#3162);
#3161 = CARTESIAN_POINT('',(52.623289454028,0.,909.898));
#3162 = VECTOR('',#3163,1.);
#3163 = DIRECTION('',(1.104206220999E-02,0.,0.999939034573));
#3164 = PCURVE('',#3139,#3165);
#3165 = DEFINITIONAL_REPRESENTATION('',(#3166),#3170);
#3166 = LINE('',#3167,#3168);
#3167 = CARTESIAN_POINT('',(6.28318530718,0.));
#3168 = VECTOR('',#3169,1.);
#3169 = DIRECTION('',(0.,1.));
#3170 = ( GEOMETRIC_REPRESENTATION_CONTEXT(2) 
PARAMETRIC_REPRESENTATION_CONTEXT() REPRESENTATION_CONTEXT('2D SPACE',''
  ) );
#3171 = PCURVE('',#3139,#3172);
#3172 = DEFINITIONAL_REPRESENTATION('',(#3173),#3177);
#3173 = LINE('',#3174,#3175);
#3174 = CARTESIAN_POINT('',(4.138911435803E-13,0.));
#3175 = VECTOR('',#3176,1.);
#3176 = DIRECTION('',(0.,1.));
#3177 = ( GEOMETRIC_REPRESENTATION_CONTEXT(2) 
PARAMETRIC_REPRESENTATION_CONTEXT() REPRESENTATION_CONTEXT('2D SPACE',''
  ) );
#3178 = ORIENTED_EDGE('',*,*,#3179,.F.);
#3179 = EDGE_CURVE('',#3157,#3157,#3180,.T.);
#3180 = SURFACE_CURVE('',#3181,(#3186,#3193),.PCURVE_S1.);
#3181 = CIRCLE('',#3182,52.673677455818);
#3182 = AXIS2_PLACEMENT_3D('',#3183,#3184,#3185);
#3183 = CARTESIAN_POINT('',(0.,0.,914.461));
#3184 = DIRECTION('',(0.,0.,1.));
#3185 = DIRECTION('',(1.,0.,0.));
#3186 = PCURVE('',#3139,#3187);
#3187 = DEFINITIONAL_REPRESENTATION('',(#3188),#3192);
#3188 = LINE('',#3189,#3190);
#3189 = CARTESIAN_POINT('',(0.,4.563));
#3190 = VECTOR('',#3191,1.);
#3191 = DIRECTION('',(1.,0.));
#3192 = ( GEOMETRIC_REPRESENTATION_CONTEXT(2) 
PARAMETRIC_REPRESENTATION_CONTEXT() REPRESENTATION_CONTEXT('2D SPACE',''
  ) );
#3193 = PCURVE('',#3194,#3199);
#3194 = CONICAL_SURFACE('',#3195,52.673677455818,1.029758010748E-02);
#3195 = AXIS2_PLACEMENT_3D('',#3196,#3197,#3198);
#3196 = CARTESIAN_POINT('',(0.,0.,914.461));
#3197 = DIRECTION('',(0.,0.,1.));
#3198 = DIRECTION('',(1.,0.,0.));
#3199 = DEFINITIONAL_REPRESENTATION('',(#3200),#3204);
#3200 = LINE('',#3201,#3202);
#3201 = CARTESIAN_POINT('',(0.,0.));
#3202 = VECTOR('',#3203,1.);
#3203 = DIRECTION('',(1.,0.));
#3204 = ( GEOMETRIC_REPRESENTATION_CONTEXT(2) 
PARAMETRIC_REPRESENTATION_CONTEXT() REPRESENTATION_CONTEXT('2D SPACE',''
  ) );
#3205 = ORIENTED_EDGE('',*,*,#3156,.F.);
#3206 = ADVANCED_FACE('',(#3207),#3194,.T.);
#3207 = FACE_BOUND('',#3208,.T.);
#3208 = EDGE_LOOP('',(#3209,#3210,#3233,#3260));
#3209 = ORIENTED_EDGE('',*,*,#3179,.T.);
#3210 = ORIENTED_EDGE('',*,*,#3211,.T.);
#3211 = EDGE_CURVE('',#3157,#3212,#3214,.T.);
#3212 = VERTEX_POINT('',#3213);
#3213 = CARTESIAN_POINT('',(52.720666974786,0.,919.024));
#3214 = SEAM_CURVE('',#3215,(#3219,#3226),.PCURVE_S1.);
#3215 = LINE('',#3216,#3217);
#3216 = CARTESIAN_POINT('',(52.673677455818,0.,914.461));
#3217 = VECTOR('',#3218,1.);
#3218 = DIRECTION('',(1.029739811561E-02,0.,0.99994698039));
#3219 = PCURVE('',#3194,#3220);
#3220 = DEFINITIONAL_REPRESENTATION('',(#3221),#3225);
#3221 = LINE('',#3222,#3223);
#3222 = CARTESIAN_POINT('',(6.28318530718,0.));
#3223 = VECTOR('',#3224,1.);
#3224 = DIRECTION('',(0.,1.));
#3225 = ( GEOMETRIC_REPRESENTATION_CONTEXT(2) 
PARAMETRIC_REPRESENTATION_CONTEXT() REPRESENTATION_CONTEXT('2D SPACE',''
  ) );
#3226 = PCURVE('',#3194,#3227);
#3227 = DEFINITIONAL_REPRESENTATION('',(#3228),#3232);
#3228 = LINE('',#3229,#3230);
#3229 = CARTESIAN_POINT('',(4.138911435803E-13,0.));
#3230 = VECTOR('',#3231,1.);
#3231 = DIRECTION('',(0.,1.));
#3232 = ( GEOMETRIC_REPRESENTATION_CONTEXT(2) 
PARAMETRIC_REPRESENTATION_CONTEXT() REPRESENTATION_CONTEXT('2D SPACE',''
  ) );
#3233 = ORIENTED_EDGE('',*,*,#3234,.F.);
#3234 = EDGE_CURVE('',#3212,#3212,#3235,.T.);
#3235 = SURFACE_CURVE('',#3236,(#3241,#3248),.PCURVE_S1.);
#3236 = CIRCLE('',#3237,52.720666974786);
#3237 = AXIS2_PLACEMENT_3D('',#3238,#3239,#3240);
#3238 = CARTESIAN_POINT('',(0.,0.,919.024));
#3239 = DIRECTION('',(0.,0.,1.));
#3240 = DIRECTION('',(1.,0.,0.));
#3241 = PCURVE('',#3194,#3242);
#3242 = DEFINITIONAL_REPRESENTATION('',(#3243),#3247);
#3243 = LINE('',#3244,#3245);
#3244 = CARTESIAN_POINT('',(0.,4.563));
#3245 = VECTOR('',#3246,1.);
#3246 = DIRECTION('',(1.,0.));
#3247 = ( GEOMETRIC_REPRESENTATION_CONTEXT(2) 
PARAMETRIC_REPRESENTATION_CONTEXT() REPRESENTATION_CONTEXT('2D SPACE',''
  ) );
#3248 = PCURVE('',#3249,#3254);
#3249 = CONICAL_SURFACE('',#3250,52.720666974786,9.541147212376E-03);
#3250 = AXIS2_PLACEMENT_3D('',#3251,#3252,#3253);
#3251 = CARTESIAN_POINT('',(0.,0.,919.024));
#3252 = DIRECTION('',(0.,0.,1.));
#3253 = DIRECTION('',(1.,0.,0.));
#3254 = DEFINITIONAL_REPRESENTATION('',(#3255),#3259);
#3255 = LINE('',#3256,#3257);
#3256 = CARTESIAN_POINT('',(0.,0.));
#3257 = VECTOR('',#3258,1.);
#3258 = DIRECTION('',(1.,0.));
#3259 = ( GEOMETRIC_REPRESENTATION_CONTEXT(2) 
PARAMETRIC_REPRESENTATION_CONTEXT() REPRESENTATION_CONTEXT('2D SPACE',''
  ) );
#3260 = ORIENTED_EDGE('',*,*,#3211,.F.);
#3261 = ADVANCED_FACE('',(#3262),#3249,.T.);
#3262 = FACE_BOUND('',#3263,.T.);
#3263 = EDGE_LOOP('',(#3264,#3265,#3288,#3315));
#3264 = ORIENTED_EDGE('',*,*,#3234,.T.);
#3265 = ORIENTED_EDGE('',*,*,#3266,.T.);
#3266 = EDGE_CURVE('',#3212,#3267,#3269,.T.);
#3267 = VERTEX_POINT('',#3268);
#3268 = CARTESIAN_POINT('',(52.76420455065,0.,923.587));
#3269 = SEAM_CURVE('',#3270,(#3274,#3281),.PCURVE_S1.);
#3270 = LINE('',#3271,#3272);
#3271 = CARTESIAN_POINT('',(52.720666974786,0.,919.024));
#3272 = VECTOR('',#3273,1.);
#3273 = DIRECTION('',(9.541002452393E-03,0.,0.9999544836));
#3274 = PCURVE('',#3249,#3275);
#3275 = DEFINITIONAL_REPRESENTATION('',(#3276),#3280);
#3276 = LINE('',#3277,#3278);
#3277 = CARTESIAN_POINT('',(6.28318530718,0.));
#3278 = VECTOR('',#3279,1.);
#3279 = DIRECTION('',(0.,1.));
#3280 = ( GEOMETRIC_REPRESENTATION_CONTEXT(2) 
PARAMETRIC_REPRESENTATION_CONTEXT() REPRESENTATION_CONTEXT('2D SPACE',''
  ) );
#3281 = PCURVE('',#3249,#3282);
#3282 = DEFINITIONAL_REPRESENTATION('',(#3283),#3287);
#3283 = LINE('',#3284,#3285);
#3284 = CARTESIAN_POINT('',(4.138911435803E-13,0.));
#3285 = VECTOR('',#3286,1.);
#3286 = DIRECTION('',(0.,1.));
#3287 = ( GEOMETRIC_REPRESENTATION_CONTEXT(2) 
PARAMETRIC_REPRESENTATION_CONTEXT() REPRESENTATION_CONTEXT('2D SPACE',''
  ) );
#3288 = ORIENTED_EDGE('',*,*,#3289,.F.);
#3289 = EDGE_CURVE('',#3267,#3267,#3290,.T.);
#3290 = SURFACE_CURVE('',#3291,(#3296,#3303),.PCURVE_S1.);
#3291 = CIRCLE('',#3292,52.76420455065);
#3292 = AXIS2_PLACEMENT_3D('',#3293,#3294,#3295);
#3293 = CARTESIAN_POINT('',(0.,0.,923.587));
#3294 = DIRECTION('',(0.,0.,1.));
#3295 = DIRECTION('',(1.,0.,0.));
#3296 = PCURVE('',#3249,#3297);
#3297 = DEFINITIONAL_REPRESENTATION('',(#3298),#3302);
#3298 = LINE('',#3299,#3300);
#3299 = CARTESIAN_POINT('',(0.,4.563));
#3300 = VECTOR('',#3301,1.);
#3301 = DIRECTION('',(1.,0.));
#3302 = ( GEOMETRIC_REPRESENTATION_CONTEXT(2) 
PARAMETRIC_REPRESENTATION_CONTEXT() REPRESENTATION_CONTEXT('2D SPACE',''
  ) );
#3303 = PCURVE('',#3304,#3309);
#3304 = CONICAL_SURFACE('',#3305,52.76420455065,8.772988263105E-03);
#3305 = AXIS2_PLACEMENT_3D('',#3306,#3307,#3308);
#3306 = CARTESIAN_POINT('',(0.,0.,923.587));
#3307 = DIRECTION('',(0.,0.,1.));
#3308 = DIRECTION('',(1.,0.,0.));
#3309 = DEFINITIONAL_REPRESENTATION('',(#3310),#3314);
#3310 = LINE('',#3311,#3312);
#3311 = CARTESIAN_POINT('',(0.,0.));
#3312 = VECTOR('',#3313,1.);
#3313 = DIRECTION('',(1.,0.));
#3314 = ( GEOMETRIC_REPRESENTATION_CONTEXT(2) 
PARAMETRIC_REPRESENTATION_CONTEXT() REPRESENTATION_CONTEXT('2D SPACE',''
  ) );
#3315 = ORIENTED_EDGE('',*,*,#3266,.F.);
#3316 = ADVANCED_FACE('',(#3317),#3304,.T.);
#3317 = FACE_BOUND('',#3318,.T.);
#3318 = EDGE_LOOP('',(#3319,#3320,#3343,#3370));
#3319 = ORIENTED_EDGE('',*,*,#3289,.T.);
#3320 = ORIENTED_EDGE('',*,*,#3321,.T.);
#3321 = EDGE_CURVE('',#3267,#3322,#3324,.T.);
#3322 = VERTEX_POINT('',#3323);
#3323 = CARTESIAN_POINT('',(52.804236723129,0.,928.15));
#3324 = SEAM_CURVE('',#3325,(#3329,#3336),.PCURVE_S1.);
#3325 = LINE('',#3326,#3327);
#3326 = CARTESIAN_POINT('',(52.76420455065,0.,923.587));
#3327 = VECTOR('',#3328,1.);
#3328 = DIRECTION('',(8.77287572758E-03,0.,0.999961517585));
#3329 = PCURVE('',#3304,#3330);
#3330 = DEFINITIONAL_REPRESENTATION('',(#3331),#3335);
#3331 = LINE('',#3332,#3333);
#3332 = CARTESIAN_POINT('',(6.28318530718,0.));
#3333 = VECTOR('',#3334,1.);
#3334 = DIRECTION('',(0.,1.));
#3335 = ( GEOMETRIC_REPRESENTATION_CONTEXT(2) 
PARAMETRIC_REPRESENTATION_CONTEXT() REPRESENTATION_CONTEXT('2D SPACE',''
  ) );
#3336 = PCURVE('',#3304,#3337);
#3337 = DEFINITIONAL_REPRESENTATION('',(#3338),#3342);
#3338 = LINE('',#3339,#3340);
#3339 = CARTESIAN_POINT('',(4.138911435803E-13,0.));
#3340 = VECTOR('',#3341,1.);
#3341 = DIRECTION('',(0.,1.));
#3342 = ( GEOMETRIC_REPRESENTATION_CONTEXT(2) 
PARAMETRIC_REPRESENTATION_CONTEXT() REPRESENTATION_CONTEXT('2D SPACE',''
  ) );
#3343 = ORIENTED_EDGE('',*,*,#3344,.F.);
#3344 = EDGE_CURVE('',#3322,#3322,#3345,.T.);
#3345 = SURFACE_CURVE('',#3346,(#3351,#3358),.PCURVE_S1.);
#3346 = CIRCLE('',#3347,52.804236723129);
#3347 = AXIS2_PLACEMENT_3D('',#3348,#3349,#3350);
#3348 = CARTESIAN_POINT('',(0.,0.,928.15));
#3349 = DIRECTION('',(0.,0.,1.));
#3350 = DIRECTION('',(1.,0.,0.));
#3351 = PCURVE('',#3304,#3352);
#3352 = DEFINITIONAL_REPRESENTATION('',(#3353),#3357);
#3353 = LINE('',#3354,#3355);
#3354 = CARTESIAN_POINT('',(0.,4.563));
#3355 = VECTOR('',#3356,1.);
#3356 = DIRECTION('',(1.,0.));
#3357 = ( GEOMETRIC_REPRESENTATION_CONTEXT(2) 
PARAMETRIC_REPRESENTATION_CONTEXT() REPRESENTATION_CONTEXT('2D SPACE',''
  ) );
#3358 = PCURVE('',#3359,#3364);
#3359 = CONICAL_SURFACE('',#3360,52.804236723129,7.993103671851E-03);
#3360 = AXIS2_PLACEMENT_3D('',#3361,#3362,#3363);
#3361 = CARTESIAN_POINT('',(0.,0.,928.15));
#3362 = DIRECTION('',(0.,0.,1.));
#3363 = DIRECTION('',(1.,0.,0.));
#3364 = DEFINITIONAL_REPRESENTATION('',(#3365),#3369);
#3365 = LINE('',#3366,#3367);
#3366 = CARTESIAN_POINT('',(0.,0.));
#3367 = VECTOR('',#3368,1.);
#3368 = DIRECTION('',(1.,0.));
#3369 = ( GEOMETRIC_REPRESENTATION_CONTEXT(2) 
PARAMETRIC_REPRESENTATION_CONTEXT() REPRESENTATION_CONTEXT('2D SPACE',''
  ) );
#3370 = ORIENTED_EDGE('',*,*,#3321,.F.);
#3371 = ADVANCED_FACE('',(#3372),#3359,.T.);
#3372 = FACE_BOUND('',#3373,.T.);
#3373 = EDGE_LOOP('',(#3374,#3375,#3398,#3425));
#3374 = ORIENTED_EDGE('',*,*,#3344,.T.);
#3375 = ORIENTED_EDGE('',*,*,#3376,.T.);
#3376 = EDGE_CURVE('',#3322,#3377,#3379,.T.);
#3377 = VERTEX_POINT('',#3378);
#3378 = CARTESIAN_POINT('',(52.840710031943,0.,932.713));
#3379 = SEAM_CURVE('',#3380,(#3384,#3391),.PCURVE_S1.);
#3380 = LINE('',#3381,#3382);
#3381 = CARTESIAN_POINT('',(52.804236723129,0.,928.15));
#3382 = VECTOR('',#3383,1.);
#3383 = DIRECTION('',(7.993018559275E-03,0.,0.999968055317));
#3384 = PCURVE('',#3359,#3385);
#3385 = DEFINITIONAL_REPRESENTATION('',(#3386),#3390);
#3386 = LINE('',#3387,#3388);
#3387 = CARTESIAN_POINT('',(6.28318530718,0.));
#3388 = VECTOR('',#3389,1.);
#3389 = DIRECTION('',(0.,1.));
#3390 = ( GEOMETRIC_REPRESENTATION_CONTEXT(2) 
PARAMETRIC_REPRESENTATION_CONTEXT() REPRESENTATION_CONTEXT('2D SPACE',''
  ) );
#3391 = PCURVE('',#3359,#3392);
#3392 = DEFINITIONAL_REPRESENTATION('',(#3393),#3397);
#3393 = LINE('',#3394,#3395);
#3394 = CARTESIAN_POINT('',(4.138911435803E-13,0.));
#3395 = VECTOR('',#3396,1.);
#3396 = DIRECTION('',(0.,1.));
#3397 = ( GEOMETRIC_REPRESENTATION_CONTEXT(2) 
PARAMETRIC_REPRESENTATION_CONTEXT() REPRESENTATION_CONTEXT('2D SPACE',''
  ) );
#3398 = ORIENTED_EDGE('',*,*,#3399,.F.);
#3399 = EDGE_CURVE('',#3377,#3377,#3400,.T.);
#3400 = SURFACE_CURVE('',#3401,(#3406,#3413),.PCURVE_S1.);
#3401 = CIRCLE('',#3402,52.840710031943);
#3402 = AXIS2_PLACEMENT_3D('',#3403,#3404,#3405);
#3403 = CARTESIAN_POINT('',(0.,0.,932.713));
#3404 = DIRECTION('',(0.,0.,1.));
#3405 = DIRECTION('',(1.,0.,0.));
#3406 = PCURVE('',#3359,#3407);
#3407 = DEFINITIONAL_REPRESENTATION('',(#3408),#3412);
#3408 = LINE('',#3409,#3410);
#3409 = CARTESIAN_POINT('',(0.,4.563));
#3410 = VECTOR('',#3411,1.);
#3411 = DIRECTION('',(1.,0.));
#3412 = ( GEOMETRIC_REPRESENTATION_CONTEXT(2) 
PARAMETRIC_REPRESENTATION_CONTEXT() REPRESENTATION_CONTEXT('2D SPACE',''
  ) );
#3413 = PCURVE('',#3414,#3419);
#3414 = CONICAL_SURFACE('',#3415,52.840710031943,7.201493927849E-03);
#3415 = AXIS2_PLACEMENT_3D('',#3416,#3417,#3418);
#3416 = CARTESIAN_POINT('',(0.,0.,932.713));
#3417 = DIRECTION('',(0.,0.,1.));
#3418 = DIRECTION('',(1.,0.,0.));
#3419 = DEFINITIONAL_REPRESENTATION('',(#3420),#3424);
#3420 = LINE('',#3421,#3422);
#3421 = CARTESIAN_POINT('',(0.,0.));
#3422 = VECTOR('',#3423,1.);
#3423 = DIRECTION('',(1.,0.));
#3424 = ( GEOMETRIC_REPRESENTATION_CONTEXT(2) 
PARAMETRIC_REPRESENTATION_CONTEXT() REPRESENTATION_CONTEXT('2D SPACE',''
  ) );
#3425 = ORIENTED_EDGE('',*,*,#3376,.F.);
#3426 = ADVANCED_FACE('',(#3427),#3414,.T.);
#3427 = FACE_BOUND('',#3428,.T.);
#3428 = EDGE_LOOP('',(#3429,#3430,#3453,#3480));
#3429 = ORIENTED_EDGE('',*,*,#3399,.T.);
#3430 = ORIENTED_EDGE('',*,*,#3431,.T.);
#3431 = EDGE_CURVE('',#3377,#3432,#3434,.T.);
#3432 = VERTEX_POINT('',#3433);
#3433 = CARTESIAN_POINT('',(52.873571016812,0.,937.276));
#3434 = SEAM_CURVE('',#3435,(#3439,#3446),.PCURVE_S1.);
#3435 = LINE('',#3436,#3437);
#3436 = CARTESIAN_POINT('',(52.840710031943,0.,932.713));
#3437 = VECTOR('',#3438,1.);
#3438 = DIRECTION('',(7.201431681265E-03,0.,0.999974069355));
#3439 = PCURVE('',#3414,#3440);
#3440 = DEFINITIONAL_REPRESENTATION('',(#3441),#3445);
#3441 = LINE('',#3442,#3443);
#3442 = CARTESIAN_POINT('',(6.28318530718,0.));
#3443 = VECTOR('',#3444,1.);
#3444 = DIRECTION('',(0.,1.));
#3445 = ( GEOMETRIC_REPRESENTATION_CONTEXT(2) 
PARAMETRIC_REPRESENTATION_CONTEXT() REPRESENTATION_CONTEXT('2D SPACE',''
  ) );
#3446 = PCURVE('',#3414,#3447);
#3447 = DEFINITIONAL_REPRESENTATION('',(#3448),#3452);
#3448 = LINE('',#3449,#3450);
#3449 = CARTESIAN_POINT('',(4.138911435803E-13,0.));
#3450 = VECTOR('',#3451,1.);
#3451 = DIRECTION('',(0.,1.));
#3452 = ( GEOMETRIC_REPRESENTATION_CONTEXT(2) 
PARAMETRIC_REPRESENTATION_CONTEXT() REPRESENTATION_CONTEXT('2D SPACE',''
  ) );
#3453 = ORIENTED_EDGE('',*,*,#3454,.F.);
#3454 = EDGE_CURVE('',#3432,#3432,#3455,.T.);
#3455 = SURFACE_CURVE('',#3456,(#3461,#3468),.PCURVE_S1.);
#3456 = CIRCLE('',#3457,52.873571016812);
#3457 = AXIS2_PLACEMENT_3D('',#3458,#3459,#3460);
#3458 = CARTESIAN_POINT('',(0.,0.,937.276));
#3459 = DIRECTION('',(0.,0.,1.));
#3460 = DIRECTION('',(1.,0.,0.));
#3461 = PCURVE('',#3414,#3462);
#3462 = DEFINITIONAL_REPRESENTATION('',(#3463),#3467);
#3463 = LINE('',#3464,#3465);
#3464 = CARTESIAN_POINT('',(0.,4.563));
#3465 = VECTOR('',#3466,1.);
#3466 = DIRECTION('',(1.,0.));
#3467 = ( GEOMETRIC_REPRESENTATION_CONTEXT(2) 
PARAMETRIC_REPRESENTATION_CONTEXT() REPRESENTATION_CONTEXT('2D SPACE',''
  ) );
#3468 = PCURVE('',#3469,#3474);
#3469 = CONICAL_SURFACE('',#3470,52.873571016812,6.398159600629E-03);
#3470 = AXIS2_PLACEMENT_3D('',#3471,#3472,#3473);
#3471 = CARTESIAN_POINT('',(0.,0.,937.276));
#3472 = DIRECTION('',(0.,0.,1.));
#3473 = DIRECTION('',(1.,0.,0.));
#3474 = DEFINITIONAL_REPRESENTATION('',(#3475),#3479);
#3475 = LINE('',#3476,#3477);
#3476 = CARTESIAN_POINT('',(0.,0.));
#3477 = VECTOR('',#3478,1.);
#3478 = DIRECTION('',(1.,0.));
#3479 = ( GEOMETRIC_REPRESENTATION_CONTEXT(2) 
PARAMETRIC_REPRESENTATION_CONTEXT() REPRESENTATION_CONTEXT('2D SPACE',''
  ) );
#3480 = ORIENTED_EDGE('',*,*,#3431,.F.);
#3481 = ADVANCED_FACE('',(#3482),#3469,.T.);
#3482 = FACE_BOUND('',#3483,.T.);
#3483 = EDGE_LOOP('',(#3484,#3485,#3508,#3535));
#3484 = ORIENTED_EDGE('',*,*,#3454,.T.);
#3485 = ORIENTED_EDGE('',*,*,#3486,.T.);
#3486 = EDGE_CURVE('',#3432,#3487,#3489,.T.);
#3487 = VERTEX_POINT('',#3488);
#3488 = CARTESIAN_POINT('',(52.902766217453,0.,941.839));
#3489 = SEAM_CURVE('',#3490,(#3494,#3501),.PCURVE_S1.);
#3490 = LINE('',#3491,#3492);
#3491 = CARTESIAN_POINT('',(52.873571016812,0.,937.276));
#3492 = VECTOR('',#3493,1.);
#3493 = DIRECTION('',(6.398115947719E-03,0.,0.999979531847));
#3494 = PCURVE('',#3469,#3495);
#3495 = DEFINITIONAL_REPRESENTATION('',(#3496),#3500);
#3496 = LINE('',#3497,#3498);
#3497 = CARTESIAN_POINT('',(6.28318530718,0.));
#3498 = VECTOR('',#3499,1.);
#3499 = DIRECTION('',(0.,1.));
#3500 = ( GEOMETRIC_REPRESENTATION_CONTEXT(2) 
PARAMETRIC_REPRESENTATION_CONTEXT() REPRESENTATION_CONTEXT('2D SPACE',''
  ) );
#3501 = PCURVE('',#3469,#3502);
#3502 = DEFINITIONAL_REPRESENTATION('',(#3503),#3507);
#3503 = LINE('',#3504,#3505);
#3504 = CARTESIAN_POINT('',(4.138911435803E-13,0.));
#3505 = VECTOR('',#3506,1.);
#3506 = DIRECTION('',(0.,1.));
#3507 = ( GEOMETRIC_REPRESENTATION_CONTEXT(2) 
PARAMETRIC_REPRESENTATION_CONTEXT() REPRESENTATION_CONTEXT('2D SPACE',''
  ) );
#3508 = ORIENTED_EDGE('',*,*,#3509,.F.);
#3509 = EDGE_CURVE('',#3487,#3487,#3510,.T.);
#3510 = SURFACE_CURVE('',#3511,(#3516,#3523),.PCURVE_S1.);
#3511 = CIRCLE('',#3512,52.902766217453);
#3512 = AXIS2_PLACEMENT_3D('',#3513,#3514,#3515);
#3513 = CARTESIAN_POINT('',(0.,0.,941.839));
#3514 = DIRECTION('',(0.,0.,1.));
#3515 = DIRECTION('',(1.,0.,0.));
#3516 = PCURVE('',#3469,#3517);
#3517 = DEFINITIONAL_REPRESENTATION('',(#3518),#3522);
#3518 = LINE('',#3519,#3520);
#3519 = CARTESIAN_POINT('',(0.,4.563));
#3520 = VECTOR('',#3521,1.);
#3521 = DIRECTION('',(1.,0.));
#3522 = ( GEOMETRIC_REPRESENTATION_CONTEXT(2) 
PARAMETRIC_REPRESENTATION_CONTEXT() REPRESENTATION_CONTEXT('2D SPACE',''
  ) );
#3523 = PCURVE('',#3524,#3529);
#3524 = CONICAL_SURFACE('',#3525,52.902766217453,5.583101343246E-03);
#3525 = AXIS2_PLACEMENT_3D('',#3526,#3527,#3528);
#3526 = CARTESIAN_POINT('',(0.,0.,941.839));
#3527 = DIRECTION('',(0.,0.,1.));
#3528 = DIRECTION('',(1.,0.,0.));
#3529 = DEFINITIONAL_REPRESENTATION('',(#3530),#3534);
#3530 = LINE('',#3531,#3532);
#3531 = CARTESIAN_POINT('',(0.,0.));
#3532 = VECTOR('',#3533,1.);
#3533 = DIRECTION('',(1.,0.));
#3534 = ( GEOMETRIC_REPRESENTATION_CONTEXT(2) 
PARAMETRIC_REPRESENTATION_CONTEXT() REPRESENTATION_CONTEXT('2D SPACE',''
  ) );
#3535 = ORIENTED_EDGE('',*,*,#3486,.F.);
#3536 = ADVANCED_FACE('',(#3537),#3524,.T.);
#3537 = FACE_BOUND('',#3538,.T.);
#3538 = EDGE_LOOP('',(#3539,#3540,#3563,#3590));
#3539 = ORIENTED_EDGE('',*,*,#3509,.T.);
#3540 = ORIENTED_EDGE('',*,*,#3541,.T.);
#3541 = EDGE_CURVE('',#3487,#3542,#3544,.T.);
#3542 = VERTEX_POINT('',#3543);
#3543 = CARTESIAN_POINT('',(52.928242173587,0.,946.402));
#3544 = SEAM_CURVE('',#3545,(#3549,#3556),.PCURVE_S1.);
#3545 = LINE('',#3546,#3547);
#3546 = CARTESIAN_POINT('',(52.902766217453,0.,941.839));
#3547 = VECTOR('',#3548,1.);
#3548 = DIRECTION('',(5.583072338137E-03,0.,0.99998441453));
#3549 = PCURVE('',#3524,#3550);
#3550 = DEFINITIONAL_REPRESENTATION('',(#3551),#3555);
#3551 = LINE('',#3552,#3553);
#3552 = CARTESIAN_POINT('',(6.28318530718,0.));
#3553 = VECTOR('',#3554,1.);
#3554 = DIRECTION('',(0.,1.));
#3555 = ( GEOMETRIC_REPRESENTATION_CONTEXT(2) 
PARAMETRIC_REPRESENTATION_CONTEXT() REPRESENTATION_CONTEXT('2D SPACE',''
  ) );
#3556 = PCURVE('',#3524,#3557);
#3557 = DEFINITIONAL_REPRESENTATION('',(#3558),#3562);
#3558 = LINE('',#3559,#3560);
#3559 = CARTESIAN_POINT('',(4.138911435803E-13,0.));
#3560 = VECTOR('',#3561,1.);
#3561 = DIRECTION('',(0.,1.));
#3562 = ( GEOMETRIC_REPRESENTATION_CONTEXT(2) 
PARAMETRIC_REPRESENTATION_CONTEXT() REPRESENTATION_CONTEXT('2D SPACE',''
  ) );
#3563 = ORIENTED_EDGE('',*,*,#3564,.F.);
#3564 = EDGE_CURVE('',#3542,#3542,#3565,.T.);
#3565 = SURFACE_CURVE('',#3566,(#3571,#3578),.PCURVE_S1.);
#3566 = CIRCLE('',#3567,52.928242173587);
#3567 = AXIS2_PLACEMENT_3D('',#3568,#3569,#3570);
#3568 = CARTESIAN_POINT('',(0.,0.,946.402));
#3569 = DIRECTION('',(0.,0.,1.));
#3570 = DIRECTION('',(1.,0.,0.));
#3571 = PCURVE('',#3524,#3572);
#3572 = DEFINITIONAL_REPRESENTATION('',(#3573),#3577);
#3573 = LINE('',#3574,#3575);
#3574 = CARTESIAN_POINT('',(0.,4.563));
#3575 = VECTOR('',#3576,1.);
#3576 = DIRECTION('',(1.,0.));
#3577 = ( GEOMETRIC_REPRESENTATION_CONTEXT(2) 
PARAMETRIC_REPRESENTATION_CONTEXT() REPRESENTATION_CONTEXT('2D SPACE',''
  ) );
#3578 = PCURVE('',#3579,#3584);
#3579 = CONICAL_SURFACE('',#3580,52.928242173587,4.756319895612E-03);
#3580 = AXIS2_PLACEMENT_3D('',#3581,#3582,#3583);
#3581 = CARTESIAN_POINT('',(0.,0.,946.402));
#3582 = DIRECTION('',(0.,0.,1.));
#3583 = DIRECTION('',(1.,0.,0.));
#3584 = DEFINITIONAL_REPRESENTATION('',(#3585),#3589);
#3585 = LINE('',#3586,#3587);
#3586 = CARTESIAN_POINT('',(0.,0.));
#3587 = VECTOR('',#3588,1.);
#3588 = DIRECTION('',(1.,0.));
#3589 = ( GEOMETRIC_REPRESENTATION_CONTEXT(2) 
PARAMETRIC_REPRESENTATION_CONTEXT() REPRESENTATION_CONTEXT('2D SPACE',''
  ) );
#3590 = ORIENTED_EDGE('',*,*,#3541,.F.);
#3591 = ADVANCED_FACE('',(#3592),#3579,.T.);
#3592 = FACE_BOUND('',#3593,.T.);
#3593 = EDGE_LOOP('',(#3594,#3595,#3618,#3645));
#3594 = ORIENTED_EDGE('',*,*,#3564,.T.);
#3595 = ORIENTED_EDGE('',*,*,#3596,.T.);
#3596 = EDGE_CURVE('',#3542,#3597,#3599,.T.);
#3597 = VERTEX_POINT('',#3598);
#3598 = CARTESIAN_POINT('',(52.949945424932,0.,950.965));
#3599 = SEAM_CURVE('',#3600,(#3604,#3611),.PCURVE_S1.);
#3600 = LINE('',#3601,#3602);
#3601 = CARTESIAN_POINT('',(52.928242173587,0.,946.402));
#3602 = VECTOR('',#3603,1.);
#3603 = DIRECTION('',(4.756301962255E-03,0.,0.999988688732));
#3604 = PCURVE('',#3579,#3605);
#3605 = DEFINITIONAL_REPRESENTATION('',(#3606),#3610);
#3606 = LINE('',#3607,#3608);
#3607 = CARTESIAN_POINT('',(6.28318530718,0.));
#3608 = VECTOR('',#3609,1.);
#3609 = DIRECTION('',(0.,1.));
#3610 = ( GEOMETRIC_REPRESENTATION_CONTEXT(2) 
PARAMETRIC_REPRESENTATION_CONTEXT() REPRESENTATION_CONTEXT('2D SPACE',''
  ) );
#3611 = PCURVE('',#3579,#3612);
#3612 = DEFINITIONAL_REPRESENTATION('',(#3613),#3617);
#3613 = LINE('',#3614,#3615);
#3614 = CARTESIAN_POINT('',(4.138911435803E-13,0.));
#3615 = VECTOR('',#3616,1.);
#3616 = DIRECTION('',(0.,1.));
#3617 = ( GEOMETRIC_REPRESENTATION_CONTEXT(2) 
PARAMETRIC_REPRESENTATION_CONTEXT() REPRESENTATION_CONTEXT('2D SPACE',''
  ) );
#3618 = ORIENTED_EDGE('',*,*,#3619,.F.);
#3619 = EDGE_CURVE('',#3597,#3597,#3620,.T.);
#3620 = SURFACE_CURVE('',#3621,(#3626,#3633),.PCURVE_S1.);
#3621 = CIRCLE('',#3622,52.949945424932);
#3622 = AXIS2_PLACEMENT_3D('',#3623,#3624,#3625);
#3623 = CARTESIAN_POINT('',(0.,0.,950.965));
#3624 = DIRECTION('',(0.,0.,1.));
#3625 = DIRECTION('',(1.,0.,0.));
#3626 = PCURVE('',#3579,#3627);
#3627 = DEFINITIONAL_REPRESENTATION('',(#3628),#3632);
#3628 = LINE('',#3629,#3630);
#3629 = CARTESIAN_POINT('',(0.,4.563));
#3630 = VECTOR('',#3631,1.);
#3631 = DIRECTION('',(1.,0.));
#3632 = ( GEOMETRIC_REPRESENTATION_CONTEXT(2) 
PARAMETRIC_REPRESENTATION_CONTEXT() REPRESENTATION_CONTEXT('2D SPACE',''
  ) );
#3633 = PCURVE('',#3634,#3639);
#3634 = CONICAL_SURFACE('',#3635,52.949945424932,3.917816087838E-03);
#3635 = AXIS2_PLACEMENT_3D('',#3636,#3637,#3638);
#3636 = CARTESIAN_POINT('',(0.,0.,950.965));
#3637 = DIRECTION('',(0.,0.,1.));
#3638 = DIRECTION('',(1.,0.,0.));
#3639 = DEFINITIONAL_REPRESENTATION('',(#3640),#3644);
#3640 = LINE('',#3641,#3642);
#3641 = CARTESIAN_POINT('',(0.,0.));
#3642 = VECTOR('',#3643,1.);
#3643 = DIRECTION('',(1.,0.));
#3644 = ( GEOMETRIC_REPRESENTATION_CONTEXT(2) 
PARAMETRIC_REPRESENTATION_CONTEXT() REPRESENTATION_CONTEXT('2D SPACE',''
  ) );
#3645 = ORIENTED_EDGE('',*,*,#3596,.F.);
#3646 = ADVANCED_FACE('',(#3647),#3634,.T.);
#3647 = FACE_BOUND('',#3648,.T.);
#3648 = EDGE_LOOP('',(#3649,#3650,#3673,#3700));
#3649 = ORIENTED_EDGE('',*,*,#3619,.T.);
#3650 = ORIENTED_EDGE('',*,*,#3651,.T.);
#3651 = EDGE_CURVE('',#3597,#3652,#3654,.T.);
#3652 = VERTEX_POINT('',#3653);
#3653 = CARTESIAN_POINT('',(52.967822511207,0.,955.528));
#3654 = SEAM_CURVE('',#3655,(#3659,#3666),.PCURVE_S1.);
#3655 = LINE('',#3656,#3657);
#3656 = CARTESIAN_POINT('',(52.949945424932,0.,950.965));
#3657 = VECTOR('',#3658,1.);
#3658 = DIRECTION('',(3.917806065242E-03,0.,0.999992325368));
#3659 = PCURVE('',#3634,#3660);
#3660 = DEFINITIONAL_REPRESENTATION('',(#3661),#3665);
#3661 = LINE('',#3662,#3663);
#3662 = CARTESIAN_POINT('',(6.28318530718,0.));
#3663 = VECTOR('',#3664,1.);
#3664 = DIRECTION('',(0.,1.));
#3665 = ( GEOMETRIC_REPRESENTATION_CONTEXT(2) 
PARAMETRIC_REPRESENTATION_CONTEXT() REPRESENTATION_CONTEXT('2D SPACE',''
  ) );
#3666 = PCURVE('',#3634,#3667);
#3667 = DEFINITIONAL_REPRESENTATION('',(#3668),#3672);
#3668 = LINE('',#3669,#3670);
#3669 = CARTESIAN_POINT('',(4.138911435803E-13,0.));
#3670 = VECTOR('',#3671,1.);
#3671 = DIRECTION('',(0.,1.));
#3672 = ( GEOMETRIC_REPRESENTATION_CONTEXT(2) 
PARAMETRIC_REPRESENTATION_CONTEXT() REPRESENTATION_CONTEXT('2D SPACE',''
  ) );
#3673 = ORIENTED_EDGE('',*,*,#3674,.F.);
#3674 = EDGE_CURVE('',#3652,#3652,#3675,.T.);
#3675 = SURFACE_CURVE('',#3676,(#3681,#3688),.PCURVE_S1.);
#3676 = CIRCLE('',#3677,52.967822511207);
#3677 = AXIS2_PLACEMENT_3D('',#3678,#3679,#3680);
#3678 = CARTESIAN_POINT('',(0.,0.,955.528));
#3679 = DIRECTION('',(0.,0.,1.));
#3680 = DIRECTION('',(1.,0.,0.));
#3681 = PCURVE('',#3634,#3682);
#3682 = DEFINITIONAL_REPRESENTATION('',(#3683),#3687);
#3683 = LINE('',#3684,#3685);
#3684 = CARTESIAN_POINT('',(0.,4.563));
#3685 = VECTOR('',#3686,1.);
#3686 = DIRECTION('',(1.,0.));
#3687 = ( GEOMETRIC_REPRESENTATION_CONTEXT(2) 
PARAMETRIC_REPRESENTATION_CONTEXT() REPRESENTATION_CONTEXT('2D SPACE',''
  ) );
#3688 = PCURVE('',#3689,#3694);
#3689 = CONICAL_SURFACE('',#3690,52.967822511207,3.067590843655E-03);
#3690 = AXIS2_PLACEMENT_3D('',#3691,#3692,#3693);
#3691 = CARTESIAN_POINT('',(0.,0.,955.528));
#3692 = DIRECTION('',(0.,0.,1.));
#3693 = DIRECTION('',(1.,0.,0.));
#3694 = DEFINITIONAL_REPRESENTATION('',(#3695),#3699);
#3695 = LINE('',#3696,#3697);
#3696 = CARTESIAN_POINT('',(0.,0.));
#3697 = VECTOR('',#3698,1.);
#3698 = DIRECTION('',(1.,0.));
#3699 = ( GEOMETRIC_REPRESENTATION_CONTEXT(2) 
PARAMETRIC_REPRESENTATION_CONTEXT() REPRESENTATION_CONTEXT('2D SPACE',''
  ) );
#3700 = ORIENTED_EDGE('',*,*,#3651,.F.);
#3701 = ADVANCED_FACE('',(#3702),#3689,.T.);
#3702 = FACE_BOUND('',#3703,.T.);
#3703 = EDGE_LOOP('',(#3704,#3705,#3728,#3755));
#3704 = ORIENTED_EDGE('',*,*,#3674,.T.);
#3705 = ORIENTED_EDGE('',*,*,#3706,.T.);
#3706 = EDGE_CURVE('',#3652,#3707,#3709,.T.);
#3707 = VERTEX_POINT('',#3708);
#3708 = CARTESIAN_POINT('',(52.981819972133,0.,960.091));
#3709 = SEAM_CURVE('',#3710,(#3714,#3721),.PCURVE_S1.);
#3710 = LINE('',#3711,#3712);
#3711 = CARTESIAN_POINT('',(52.967822511207,0.,955.528));
#3712 = VECTOR('',#3713,1.);
#3713 = DIRECTION('',(3.067586032594E-03,0.,0.999995294947));
#3714 = PCURVE('',#3689,#3715);
#3715 = DEFINITIONAL_REPRESENTATION('',(#3716),#3720);
#3716 = LINE('',#3717,#3718);
#3717 = CARTESIAN_POINT('',(6.28318530718,0.));
#3718 = VECTOR('',#3719,1.);
#3719 = DIRECTION('',(0.,1.));
#3720 = ( GEOMETRIC_REPRESENTATION_CONTEXT(2) 
PARAMETRIC_REPRESENTATION_CONTEXT() REPRESENTATION_CONTEXT('2D SPACE',''
  ) );
#3721 = PCURVE('',#3689,#3722);
#3722 = DEFINITIONAL_REPRESENTATION('',(#3723),#3727);
#3723 = LINE('',#3724,#3725);
#3724 = CARTESIAN_POINT('',(4.138911435803E-13,0.));
#3725 = VECTOR('',#3726,1.);
#3726 = DIRECTION('',(0.,1.));
#3727 = ( GEOMETRIC_REPRESENTATION_CONTEXT(2) 
PARAMETRIC_REPRESENTATION_CONTEXT() REPRESENTATION_CONTEXT('2D SPACE',''
  ) );
#3728 = ORIENTED_EDGE('',*,*,#3729,.F.);
#3729 = EDGE_CURVE('',#3707,#3707,#3730,.T.);
#3730 = SURFACE_CURVE('',#3731,(#3736,#3743),.PCURVE_S1.);
#3731 = CIRCLE('',#3732,52.981819972133);
#3732 = AXIS2_PLACEMENT_3D('',#3733,#3734,#3735);
#3733 = CARTESIAN_POINT('',(0.,0.,960.091));
#3734 = DIRECTION('',(0.,0.,1.));
#3735 = DIRECTION('',(1.,0.,0.));
#3736 = PCURVE('',#3689,#3737);
#3737 = DEFINITIONAL_REPRESENTATION('',(#3738),#3742);
#3738 = LINE('',#3739,#3740);
#3739 = CARTESIAN_POINT('',(0.,4.563));
#3740 = VECTOR('',#3741,1.);
#3741 = DIRECTION('',(1.,0.));
#3742 = ( GEOMETRIC_REPRESENTATION_CONTEXT(2) 
PARAMETRIC_REPRESENTATION_CONTEXT() REPRESENTATION_CONTEXT('2D SPACE',''
  ) );
#3743 = PCURVE('',#3744,#3749);
#3744 = CONICAL_SURFACE('',#3745,52.981819972133,2.205645183837E-03);
#3745 = AXIS2_PLACEMENT_3D('',#3746,#3747,#3748);
#3746 = CARTESIAN_POINT('',(0.,0.,960.091));
#3747 = DIRECTION('',(0.,0.,1.));
#3748 = DIRECTION('',(1.,0.,0.));
#3749 = DEFINITIONAL_REPRESENTATION('',(#3750),#3754);
#3750 = LINE('',#3751,#3752);
#3751 = CARTESIAN_POINT('',(0.,0.));
#3752 = VECTOR('',#3753,1.);
#3753 = DIRECTION('',(1.,0.));
#3754 = ( GEOMETRIC_REPRESENTATION_CONTEXT(2) 
PARAMETRIC_REPRESENTATION_CONTEXT() REPRESENTATION_CONTEXT('2D SPACE',''
  ) );
#3755 = ORIENTED_EDGE('',*,*,#3706,.F.);
#3756 = ADVANCED_FACE('',(#3757),#3744,.T.);
#3757 = FACE_BOUND('',#3758,.T.);
#3758 = EDGE_LOOP('',(#3759,#3760,#3783,#3810));
#3759 = ORIENTED_EDGE('',*,*,#3729,.T.);
#3760 = ORIENTED_EDGE('',*,*,#3761,.T.);
#3761 = EDGE_CURVE('',#3707,#3762,#3764,.T.);
#3762 = VERTEX_POINT('',#3763);
#3763 = CARTESIAN_POINT('',(52.991884347427,0.,964.654));
#3764 = SEAM_CURVE('',#3765,(#3769,#3776),.PCURVE_S1.);
#3765 = LINE('',#3766,#3767);
#3766 = CARTESIAN_POINT('',(52.981819972133,0.,960.091));
#3767 = VECTOR('',#3768,1.);
#3768 = DIRECTION('',(2.205643395468E-03,0.,0.999997567566));
#3769 = PCURVE('',#3744,#3770);
#3770 = DEFINITIONAL_REPRESENTATION('',(#3771),#3775);
#3771 = LINE('',#3772,#3773);
#3772 = CARTESIAN_POINT('',(6.28318530718,0.));
#3773 = VECTOR('',#3774,1.);
#3774 = DIRECTION('',(0.,1.));
#3775 = ( GEOMETRIC_REPRESENTATION_CONTEXT(2) 
PARAMETRIC_REPRESENTATION_CONTEXT() REPRESENTATION_CONTEXT('2D SPACE',''
  ) );
#3776 = PCURVE('',#3744,#3777);
#3777 = DEFINITIONAL_REPRESENTATION('',(#3778),#3782);
#3778 = LINE('',#3779,#3780);
#3779 = CARTESIAN_POINT('',(4.138911435803E-13,0.));
#3780 = VECTOR('',#3781,1.);
#3781 = DIRECTION('',(0.,1.));
#3782 = ( GEOMETRIC_REPRESENTATION_CONTEXT(2) 
PARAMETRIC_REPRESENTATION_CONTEXT() REPRESENTATION_CONTEXT('2D SPACE',''
  ) );
#3783 = ORIENTED_EDGE('',*,*,#3784,.F.);
#3784 = EDGE_CURVE('',#3762,#3762,#3785,.T.);
#3785 = SURFACE_CURVE('',#3786,(#3791,#3798),.PCURVE_S1.);
#3786 = CIRCLE('',#3787,52.991884347427);
#3787 = AXIS2_PLACEMENT_3D('',#3788,#3789,#3790);
#3788 = CARTESIAN_POINT('',(0.,0.,964.654));
#3789 = DIRECTION('',(0.,0.,1.));
#3790 = DIRECTION('',(1.,0.,0.));
#3791 = PCURVE('',#3744,#3792);
#3792 = DEFINITIONAL_REPRESENTATION('',(#3793),#3797);
#3793 = LINE('',#3794,#3795);
#3794 = CARTESIAN_POINT('',(0.,4.563));
#3795 = VECTOR('',#3796,1.);
#3796 = DIRECTION('',(1.,0.));
#3797 = ( GEOMETRIC_REPRESENTATION_CONTEXT(2) 
PARAMETRIC_REPRESENTATION_CONTEXT() REPRESENTATION_CONTEXT('2D SPACE',''
  ) );
#3798 = PCURVE('',#3799,#3804);
#3799 = CONICAL_SURFACE('',#3800,52.991884347427,1.331980229733E-03);
#3800 = AXIS2_PLACEMENT_3D('',#3801,#3802,#3803);
#3801 = CARTESIAN_POINT('',(0.,0.,964.654));
#3802 = DIRECTION('',(0.,0.,1.));
#3803 = DIRECTION('',(1.,0.,0.));
#3804 = DEFINITIONAL_REPRESENTATION('',(#3805),#3809);
#3805 = LINE('',#3806,#3807);
#3806 = CARTESIAN_POINT('',(0.,0.));
#3807 = VECTOR('',#3808,1.);
#3808 = DIRECTION('',(1.,0.));
#3809 = ( GEOMETRIC_REPRESENTATION_CONTEXT(2) 
PARAMETRIC_REPRESENTATION_CONTEXT() REPRESENTATION_CONTEXT('2D SPACE',''
  ) );
#3810 = ORIENTED_EDGE('',*,*,#3761,.F.);
#3811 = ADVANCED_FACE('',(#3812),#3799,.T.);
#3812 = FACE_BOUND('',#3813,.T.);
#3813 = EDGE_LOOP('',(#3814,#3837,#3838,#3839,#3871,#3943,#4093,#4238,
    #4352,#4424));
#3814 = ORIENTED_EDGE('',*,*,#3815,.F.);
#3815 = EDGE_CURVE('',#3762,#3816,#3818,.T.);
#3816 = VERTEX_POINT('',#3817);
#3817 = CARTESIAN_POINT('',(52.99796217681,0.,969.217));
#3818 = SEAM_CURVE('',#3819,(#3823,#3830),.PCURVE_S1.);
#3819 = LINE('',#3820,#3821);
#3820 = CARTESIAN_POINT('',(52.991884347427,0.,964.654));
#3821 = VECTOR('',#3822,1.);
#3822 = DIRECTION('',(1.331979835879E-03,0.,0.999999112914));
#3823 = PCURVE('',#3799,#3824);
#3824 = DEFINITIONAL_REPRESENTATION('',(#3825),#3829);
#3825 = LINE('',#3826,#3827);
#3826 = CARTESIAN_POINT('',(4.138911435803E-13,0.));
#3827 = VECTOR('',#3828,1.);
#3828 = DIRECTION('',(0.,1.));
#3829 = ( GEOMETRIC_REPRESENTATION_CONTEXT(2) 
PARAMETRIC_REPRESENTATION_CONTEXT() REPRESENTATION_CONTEXT('2D SPACE',''
  ) );
#3830 = PCURVE('',#3799,#3831);
#3831 = DEFINITIONAL_REPRESENTATION('',(#3832),#3836);
#3832 = LINE('',#3833,#3834);
#3833 = CARTESIAN_POINT('',(6.28318530718,0.));
#3834 = VECTOR('',#3835,1.);
#3835 = DIRECTION('',(0.,1.));
#3836 = ( GEOMETRIC_REPRESENTATION_CONTEXT(2) 
PARAMETRIC_REPRESENTATION_CONTEXT() REPRESENTATION_CONTEXT('2D SPACE',''
  ) );
#3837 = ORIENTED_EDGE('',*,*,#3784,.T.);
#3838 = ORIENTED_EDGE('',*,*,#3815,.T.);
#3839 = ORIENTED_EDGE('',*,*,#3840,.F.);
#3840 = EDGE_CURVE('',#3841,#3816,#3843,.T.);
#3841 = VERTEX_POINT('',#3842);
#3842 = CARTESIAN_POINT('',(-40.73066550894,33.908654973219,969.217));
#3843 = SURFACE_CURVE('',#3844,(#3849,#3856),.PCURVE_S1.);
#3844 = CIRCLE('',#3845,52.99796217681);
#3845 = AXIS2_PLACEMENT_3D('',#3846,#3847,#3848);
#3846 = CARTESIAN_POINT('',(0.,0.,969.217));
#3847 = DIRECTION('',(0.,0.,1.));
#3848 = DIRECTION('',(1.,0.,0.));
#3849 = PCURVE('',#3799,#3850);
#3850 = DEFINITIONAL_REPRESENTATION('',(#3851),#3855);
#3851 = LINE('',#3852,#3853);
#3852 = CARTESIAN_POINT('',(0.,4.563));
#3853 = VECTOR('',#3854,1.);
#3854 = DIRECTION('',(1.,0.));
#3855 = ( GEOMETRIC_REPRESENTATION_CONTEXT(2) 
PARAMETRIC_REPRESENTATION_CONTEXT() REPRESENTATION_CONTEXT('2D SPACE',''
  ) );
#3856 = PCURVE('',#3857,#3865);
#3857 = SURFACE_OF_REVOLUTION('',#3858,#3862);
#3858 = LINE('',#3859,#3860);
#3859 = CARTESIAN_POINT('',(52.99796217681,0.,969.217));
#3860 = VECTOR('',#3861,1.);
#3861 = DIRECTION('',(4.465971919213E-04,0.,0.999999900275));
#3862 = AXIS1_PLACEMENT('',#3863,#3864);
#3863 = CARTESIAN_POINT('',(0.,0.,700.));
#3864 = DIRECTION('',(0.,0.,1.));
#3865 = DEFINITIONAL_REPRESENTATION('',(#3866),#3870);
#3866 = LINE('',#3867,#3868);
#3867 = CARTESIAN_POINT('',(0.,0.));
#3868 = VECTOR('',#3869,1.);
#3869 = DIRECTION('',(1.,0.));
#3870 = ( GEOMETRIC_REPRESENTATION_CONTEXT(2) 
PARAMETRIC_REPRESENTATION_CONTEXT() REPRESENTATION_CONTEXT('2D SPACE',''
  ) );
#3871 = ORIENTED_EDGE('',*,*,#3872,.T.);
#3872 = EDGE_CURVE('',#3841,#3873,#3875,.T.);
#3873 = VERTEX_POINT('',#3874);
#3874 = CARTESIAN_POINT('',(-40.73430808865,33.90042659181,
    967.36678067319));
#3875 = SURFACE_CURVE('',#3876,(#3885,#3897),.PCURVE_S1.);
#3876 = B_SPLINE_CURVE_WITH_KNOTS('',4,(#3877,#3878,#3879,#3880,#3881,
    #3882,#3883,#3884),.UNSPECIFIED.,.F.,.F.,(5,3,5),(0.,0.593757804607,
    1.),.UNSPECIFIED.);
#3877 = CARTESIAN_POINT('',(-40.73066550894,33.908654973218,969.217));
#3878 = CARTESIAN_POINT('',(-40.73159730517,33.906553208747,
    968.74505992459));
#3879 = CARTESIAN_POINT('',(-40.73252728068,33.904453438941,
    968.27311981923));
#3880 = CARTESIAN_POINT('',(-40.73345543802,33.902355661771,
    967.80117968442));
#3881 = CARTESIAN_POINT('',(-40.73501557201,33.898825962382,
    967.00634353987));
#3882 = CARTESIAN_POINT('',(-40.73564851435,33.897392981385,
    966.68344754579));
#3883 = CARTESIAN_POINT('',(-40.73628060759,33.895960931571,
    966.36055153805));
#3884 = CARTESIAN_POINT('',(-40.73691185255,33.894529812293,
    966.03765551673));
#3885 = PCURVE('',#3799,#3886);
#3886 = DEFINITIONAL_REPRESENTATION('',(#3887),#3896);
#3887 = B_SPLINE_CURVE_WITH_KNOTS('',4,(#3888,#3889,#3890,#3891,#3892,
    #3893,#3894,#3895),.UNSPECIFIED.,.F.,.F.,(5,3,5),(0.,0.593757804607,
    1.),.UNSPECIFIED.);
#3888 = CARTESIAN_POINT('',(2.447340930721,4.563));
#3889 = CARTESIAN_POINT('',(2.447382657754,4.091059924591));
#3890 = CARTESIAN_POINT('',(2.447424335201,3.619119819232));
#3891 = CARTESIAN_POINT('',(2.44746596312,3.147179684427));
#3892 = CARTESIAN_POINT('',(2.447535989058,2.352343539873));
#3893 = CARTESIAN_POINT('',(2.44756441339,2.029447545786));
#3894 = CARTESIAN_POINT('',(2.447592814582,1.706551538057));
#3895 = CARTESIAN_POINT('',(2.447621192652,1.38365551674));
#3896 = ( GEOMETRIC_REPRESENTATION_CONTEXT(2) 
PARAMETRIC_REPRESENTATION_CONTEXT() REPRESENTATION_CONTEXT('2D SPACE',''
  ) );
#3897 = PCURVE('',#3898,#3932);
#3898 = ( BOUNDED_SURFACE() B_SPLINE_SURFACE(2,4,(
    (#3899,#3900,#3901,#3902,#3903,#3904,#3905,#3906,#3907,#3908,#3909)
    ,(#3910,#3911,#3912,#3913,#3914,#3915,#3916,#3917,#3918,#3919,#3920)
    ,(#3921,#3922,#3923,#3924,#3925,#3926,#3927,#3928,#3929,#3930,#3931
)),.UNSPECIFIED.,.F.,.F.,.F.) B_SPLINE_SURFACE_WITH_KNOTS((3,3),(5,3,3,5
    ),(0.,95.),(-4.599802663656,7.462398752297E-13,95.000000000001,
99.6510344834),.UNSPECIFIED.) GEOMETRIC_REPRESENTATION_ITEM() 
RATIONAL_B_SPLINE_SURFACE((
    (1.,1.,1.,1.,1.,1.,1.,1.,1.,1.,1.)
    ,(0.682754933251,0.683120238544,0.683242006975,0.683120238544
      ,0.675210261153,0.667586908249,0.659905410587,0.651809550264
      ,0.651683596979,0.651809550264,0.65218741012)
,(1.,1.,1.,1.,1.,1.,1.,1.,1.,1.,1.
  ))) REPRESENTATION_ITEM('') SURFACE() );
#3899 = CARTESIAN_POINT('',(-36.10055179431,31.666228067138,
    960.62887121845));
#3900 = CARTESIAN_POINT('',(-36.09404602892,31.666228067138,
    961.80448494331));
#3901 = CARTESIAN_POINT('',(-36.08758760273,31.666228067138,
    962.97154431519));
#3902 = CARTESIAN_POINT('',(-36.08117651574,31.666228067138,
    964.13004933408));
#3903 = CARTESIAN_POINT('',(-35.94338190365,31.666228067138,
    989.02999999999));
#3904 = CARTESIAN_POINT('',(-35.80852676226,31.666228067138,1.01278E+03)
  );
#3905 = CARTESIAN_POINT('',(-35.6702664569,31.666228067138,1.03653E+03)
  );
#3906 = CARTESIAN_POINT('',(-35.5217206152,31.666228067138,
    1.061442758621E+03));
#3907 = CARTESIAN_POINT('',(-35.51478742038,31.666228067138,
    1.062605531048E+03));
#3908 = CARTESIAN_POINT('',(-35.50785414325,31.666228067138,
    1.063768317281E+03));
#3909 = CARTESIAN_POINT('',(-35.50092078379,31.666228067138,
    1.06493111732E+03));
#3910 = CARTESIAN_POINT('',(-42.49539924493,31.666228067138,
    960.628800009));
#3911 = CARTESIAN_POINT('',(-42.49547252469,31.666228067138,
    961.80630792362));
#3912 = CARTESIAN_POINT('',(-42.49554514243,31.666228067138,
    962.97317812135));
#3913 = CARTESIAN_POINT('',(-42.49561717618,31.666228067138,
    964.13066428155));
#3914 = CARTESIAN_POINT('',(-42.49718324986,31.666228067138,
    989.2953780202));
#3915 = CARTESIAN_POINT('',(-42.4988390284,31.666228067138,
    1.013143489106E+03));
#3916 = CARTESIAN_POINT('',(-42.50065904327,31.666228067138,
    1.036807770887E+03));
#3917 = CARTESIAN_POINT('',(-42.50273911022,31.666228067138,
    1.061443432682E+03));
#3918 = CARTESIAN_POINT('',(-42.50283738283,31.666228067138,
    1.062607342691E+03));
#3919 = CARTESIAN_POINT('',(-42.50293558183,31.666228067138,
    1.063770380845E+03));
#3920 = CARTESIAN_POINT('',(-42.50303359346,31.666228067138,
    1.064931199983E+03));
#3921 = CARTESIAN_POINT('',(-42.08843184575,38.048165942096,
    960.62894360842));
#3922 = CARTESIAN_POINT('',(-42.08151110211,38.054285275565,
    961.80452113829));
#3923 = CARTESIAN_POINT('',(-42.07464064778,38.060360143136,
    962.97155638018));
#3924 = CARTESIAN_POINT('',(-42.06782048276,38.066390544812,
    964.13004933408));
#3925 = CARTESIAN_POINT('',(-41.92123195849,38.196004370864,
    989.02999999999));
#3926 = CARTESIAN_POINT('',(-41.77460501752,38.319100155567,1.01278E+03)
  );
#3927 = CARTESIAN_POINT('',(-41.62125643147,38.441241066455,1.03653E+03)
  );
#3928 = CARTESIAN_POINT('',(-41.45357636104,38.567961502685,
    1.061442758621E+03));
#3929 = CARTESIAN_POINT('',(-41.44575019251,38.573875953265,
    1.062605517242E+03));
#3930 = CARTESIAN_POINT('',(-41.43792402399,38.579790403844,
    1.063768275863E+03));
#3931 = CARTESIAN_POINT('',(-41.43009785546,38.585704854424,
    1.064931034483E+03));
#3932 = DEFINITIONAL_REPRESENTATION('',(#3933),#3942);
#3933 = B_SPLINE_CURVE_WITH_KNOTS('',4,(#3934,#3935,#3936,#3937,#3938,
    #3939,#3940,#3941),.UNSPECIFIED.,.F.,.F.,(5,3,5),(0.,0.593757804607,
    1.),.UNSPECIFIED.);
#3934 = CARTESIAN_POINT('',(51.489023117475,3.936999955821));
#3935 = CARTESIAN_POINT('',(51.476797625607,3.465059890031));
#3936 = CARTESIAN_POINT('',(51.464575151221,2.993119793492));
#3937 = CARTESIAN_POINT('',(51.452355675895,2.521179665739));
#3938 = CARTESIAN_POINT('',(51.431780797483,1.726343530801));
#3939 = CARTESIAN_POINT('',(51.423423809008,1.403447539923));
#3940 = CARTESIAN_POINT('',(51.415068209946,1.0805515346));
#3941 = CARTESIAN_POINT('',(51.406713994416,0.757655514857));
#3942 = ( GEOMETRIC_REPRESENTATION_CONTEXT(2) 
PARAMETRIC_REPRESENTATION_CONTEXT() REPRESENTATION_CONTEXT('2D SPACE',''
  ) );
#3943 = ORIENTED_EDGE('',*,*,#3944,.T.);
#3944 = EDGE_CURVE('',#3873,#3945,#3947,.T.);
#3945 = VERTEX_POINT('',#3946);
#3946 = CARTESIAN_POINT('',(-36.56153080688,38.361343173686,
    966.05923575037));
#3947 = SURFACE_CURVE('',#3948,(#3983,#4021),.PCURVE_S1.);
#3948 = B_SPLINE_CURVE_WITH_KNOTS('',5,(#3949,#3950,#3951,#3952,#3953,
    #3954,#3955,#3956,#3957,#3958,#3959,#3960,#3961,#3962,#3963,#3964,
    #3965,#3966,#3967,#3968,#3969,#3970,#3971,#3972,#3973,#3974,#3975,
    #3976,#3977,#3978,#3979,#3980,#3981,#3982),.UNSPECIFIED.,.F.,.F.,(6,
    4,4,4,4,4,4,4,6),(0.,8.196672329189E-02,0.168426923124,
    0.263184237479,0.373814390339,0.510813284438,0.67347919776,
    0.835845265849,1.),.UNSPECIFIED.);
#3949 = CARTESIAN_POINT('',(-41.9610565863,32.373657888094,969.217));
#3950 = CARTESIAN_POINT('',(-41.91721149049,32.430256093205,
    969.11081817583));
#3951 = CARTESIAN_POINT('',(-41.87098334097,32.489747330444,
    969.00559213244));
#3952 = CARTESIAN_POINT('',(-41.82235865475,32.552107709726,
    968.90147585236));
#3953 = CARTESIAN_POINT('',(-41.77133360883,32.617297370952,
    968.79862155289));
#3954 = CARTESIAN_POINT('',(-41.66156597118,32.756949385322,
    968.59017670109));
#3955 = CARTESIAN_POINT('',(-41.60255375275,32.831724233025,
    968.48474475211));
#3956 = CARTESIAN_POINT('',(-41.54088431825,32.9095192348,
    968.38106052833));
#3957 = CARTESIAN_POINT('',(-41.47657776408,32.990249517876,
    968.27929326696));
#3958 = CARTESIAN_POINT('',(-41.33633590727,33.165391692943,
    968.07034967596));
#3959 = CARTESIAN_POINT('',(-41.25987690865,33.260373184217,
    967.96359111512));
#3960 = CARTESIAN_POINT('',(-41.18033432365,33.358619257777,
    967.859540736));
#3961 = CARTESIAN_POINT('',(-41.09777169735,33.459967264348,
    967.75839536472));
#3962 = CARTESIAN_POINT('',(-40.9124502916,33.685965202523,
    967.54583743625));
#3963 = CARTESIAN_POINT('',(-40.80862508727,33.811674712181,
    967.43554305683));
#3964 = CARTESIAN_POINT('',(-40.70092837757,33.941069586033,
    967.32972535651));
#3965 = CARTESIAN_POINT('',(-40.5895280188,34.073818685643,
    967.22862140399));
#3966 = CARTESIAN_POINT('',(-40.3323308582,34.377673957335,
    967.01328213039));
#3967 = CARTESIAN_POINT('',(-40.18466427278,34.550381156977,
    966.90166056492));
#3968 = CARTESIAN_POINT('',(-40.03200139689,34.727018371734,
    966.79790605078));
#3969 = CARTESIAN_POINT('',(-39.87479287528,34.906863284222,
    966.70224953242));
#3970 = CARTESIAN_POINT('',(-39.52206721754,35.305689185148,
    966.51095731923));
#3971 = CARTESIAN_POINT('',(-39.32489071572,35.525690160513,
    966.41868293952));
#3972 = CARTESIAN_POINT('',(-39.12283806794,35.747992951453,
    966.33815031742));
#3973 = CARTESIAN_POINT('',(-38.91682978717,35.971402746422,
    966.26928476644));
#3974 = CARTESIAN_POINT('',(-38.49914834256,36.417859306935,
    966.15444902236));
#3975 = CARTESIAN_POINT('',(-38.28748609416,36.640906170065,
    966.10843695489));
#3976 = CARTESIAN_POINT('',(-38.07373506837,36.862898894321,
    966.07350824573));
#3977 = CARTESIAN_POINT('',(-37.85882768969,37.082872002037,
    966.04920033553));
#3978 = CARTESIAN_POINT('',(-37.42607060825,37.519561452364,
    966.02052816855));
#3979 = CARTESIAN_POINT('',(-37.20821459347,37.736215116941,
    966.01638666844));
#3980 = CARTESIAN_POINT('',(-36.99096710534,37.949147706094,
    966.02192851365));
#3981 = CARTESIAN_POINT('',(-36.77516375921,38.15769139221,
    966.03645370475));
#3982 = CARTESIAN_POINT('',(-36.56153080688,38.361343173686,
    966.05923575037));
#3983 = PCURVE('',#3799,#3984);
#3984 = DEFINITIONAL_REPRESENTATION('',(#3985),#4020);
#3985 = B_SPLINE_CURVE_WITH_KNOTS('',5,(#3986,#3987,#3988,#3989,#3990,
    #3991,#3992,#3993,#3994,#3995,#3996,#3997,#3998,#3999,#4000,#4001,
    #4002,#4003,#4004,#4005,#4006,#4007,#4008,#4009,#4010,#4011,#4012,
    #4013,#4014,#4015,#4016,#4017,#4018,#4019),.UNSPECIFIED.,.F.,.F.,(6,
    4,4,4,4,4,4,4,6),(0.,8.196672329189E-02,0.168426923124,
    0.263184237479,0.373814390339,0.510813284438,0.67347919776,
    0.835845265849,1.),.UNSPECIFIED.);
#3986 = CARTESIAN_POINT('',(2.484462441133,4.563));
#3987 = CARTESIAN_POINT('',(2.48311155526,4.456818175831));
#3988 = CARTESIAN_POINT('',(2.481689973888,4.351592132446));
#3989 = CARTESIAN_POINT('',(2.480197892913,4.247475852361));
#3990 = CARTESIAN_POINT('',(2.478635854222,4.144621552895));
#3991 = CARTESIAN_POINT('',(2.475284218583,3.936176701096));
#3992 = CARTESIAN_POINT('',(2.473486841118,3.830744752116));
#3993 = CARTESIAN_POINT('',(2.471613660266,3.727060528332));
#3994 = CARTESIAN_POINT('',(2.469666153093,3.625293266964));
#3995 = CARTESIAN_POINT('',(2.465432459085,3.416349675966));
#3996 = CARTESIAN_POINT('',(2.46313170469,3.309591115124));
#3997 = CARTESIAN_POINT('',(2.460746468531,3.205540736006));
#3998 = CARTESIAN_POINT('',(2.458279863294,3.104395364726));
#3999 = CARTESIAN_POINT('',(2.45276499569,2.891837436252));
#4000 = CARTESIAN_POINT('',(2.449688510547,2.78154305683));
#4001 = CARTESIAN_POINT('',(2.446511866723,2.675725356516));
#4002 = CARTESIAN_POINT('',(2.443241827692,2.574621403995));
#4003 = CARTESIAN_POINT('',(2.435729949851,2.359282130394));
#4004 = CARTESIAN_POINT('',(2.431442251495,2.247660564928));
#4005 = CARTESIAN_POINT('',(2.427036878808,2.143906050784));
#4006 = CARTESIAN_POINT('',(2.422529525179,2.048249532426));
#4007 = CARTESIAN_POINT('',(2.41248270864,1.856957319233));
#4008 = CARTESIAN_POINT('',(2.406908079248,1.764682939524));
#4009 = CARTESIAN_POINT('',(2.401239609567,1.684150317427));
#4010 = CARTESIAN_POINT('',(2.395505273648,1.615284766448));
#4011 = CARTESIAN_POINT('',(2.383968553068,1.500449022369));
#4012 = CARTESIAN_POINT('',(2.37816630807,1.454436954898));
#4013 = CARTESIAN_POINT('',(2.372351259499,1.419508245731));
#4014 = CARTESIAN_POINT('',(2.366548310748,1.395200335539));
#4015 = CARTESIAN_POINT('',(2.354946977948,1.366528168554));
#4016 = CARTESIAN_POINT('',(2.349149350295,1.362386668249));
#4017 = CARTESIAN_POINT('',(2.343409270792,1.367928513996));
#4018 = CARTESIAN_POINT('',(2.337746418143,1.382453704616));
#4019 = CARTESIAN_POINT('',(2.332176908045,1.405235750237));
#4020 = ( GEOMETRIC_REPRESENTATION_CONTEXT(2) 
PARAMETRIC_REPRESENTATION_CONTEXT() REPRESENTATION_CONTEXT('2D SPACE',''
  ) );
#4021 = PCURVE('',#4022,#4056);
#4022 = ( BOUNDED_SURFACE() B_SPLINE_SURFACE(2,4,(
    (#4023,#4024,#4025,#4026,#4027,#4028,#4029,#4030,#4031,#4032,#4033)
    ,(#4034,#4035,#4036,#4037,#4038,#4039,#4040,#4041,#4042,#4043,#4044)
    ,(#4045,#4046,#4047,#4048,#4049,#4050,#4051,#4052,#4053,#4054,#4055
)),.UNSPECIFIED.,.F.,.F.,.F.) B_SPLINE_SURFACE_WITH_KNOTS((3,3),(5,3,3,5
    ),(0.,85.),(-4.311479238381,-4.072784013803E-14,85.,89.345108675469)
,.UNSPECIFIED.) GEOMETRIC_REPRESENTATION_ITEM() 
RATIONAL_B_SPLINE_SURFACE((
    (1.,1.,1.,1.,1.,1.,1.,1.,1.,1.,1.)
    ,(0.684856474179,0.685126058369,0.685215919766,0.685126058369
      ,0.679541672715,0.674184601679,0.668792351185,0.663095391094
      ,0.663003037928,0.663095391094,0.663372450589)
,(1.,1.,1.,1.,1.,1.,1.,1.,1.,1.,1.
  ))) REPRESENTATION_ITEM('') SURFACE() );
#4023 = CARTESIAN_POINT('',(46.845159379136,31.666228067138,
    971.64933832243));
#4024 = CARTESIAN_POINT('',(45.750449499163,31.666228067138,
    971.65407187029));
#4025 = CARTESIAN_POINT('',(44.661352975983,31.666228067138,
    971.6587811459));
#4026 = CARTESIAN_POINT('',(43.577869809595,31.666228067138,
    971.66346614923));
#4027 = CARTESIAN_POINT('',(21.25,31.666228067138,971.76001231412));
#4028 = CARTESIAN_POINT('',(-4.618527782441E-14,31.666228067138,
    971.85360553911));
#4029 = CARTESIAN_POINT('',(-21.25,31.666228067138,971.94890195371));
#4030 = CARTESIAN_POINT('',(-43.58627716886,31.666228067138,
    972.05084620858));
#4031 = CARTESIAN_POINT('',(-44.67256201581,31.666228067138,
    972.05580408489));
#4032 = CARTESIAN_POINT('',(-45.75885454082,31.666228067138,
    972.06076199623));
#4033 = CARTESIAN_POINT('',(-46.84515474392,31.666228067138,
    972.06571994263));
#4034 = CARTESIAN_POINT('',(46.845199990309,31.666228067138,
    965.28449857564));
#4035 = CARTESIAN_POINT('',(45.749190806148,31.666228067138,
    965.28442537435));
#4036 = CARTESIAN_POINT('',(44.660225954126,31.666228067138,
    965.28435264355));
#4037 = CARTESIAN_POINT('',(43.577445688142,31.666228067138,
    965.28428032581));
#4038 = CARTESIAN_POINT('',(21.083800433946,31.666228067138,
    965.2827779992));
#4039 = CARTESIAN_POINT('',(-0.226029469503,31.666228067138,
    965.2812406949));
#4040 = CARTESIAN_POINT('',(-21.42221023456,31.666228067138,
    965.2795948937));
#4041 = CARTESIAN_POINT('',(-43.58673104535,31.666228067138,
    965.27775042273));
#4042 = CARTESIAN_POINT('',(-44.67378007034,31.666228067138,
    965.27765996148));
#4043 = CARTESIAN_POINT('',(-45.76023880987,31.666228067138,
    965.27756954934));
#4044 = CARTESIAN_POINT('',(-46.84519998495,31.666228067138,
    965.27747926183));
#4045 = CARTESIAN_POINT('',(46.845117729656,38.020024957434,
    965.65975186773));
#4046 = CARTESIAN_POINT('',(45.750428674423,38.024525135463,
    965.6647646174));
#4047 = CARTESIAN_POINT('',(44.661346034403,38.029002265973,
    965.66975169443));
#4048 = CARTESIAN_POINT('',(43.577869809595,38.033456348964,
    965.67471309882));
#4049 = CARTESIAN_POINT('',(21.25,38.125244413043,965.77695585122));
#4050 = CARTESIAN_POINT('',(-4.263256414561E-14,38.212392331472,
    965.87766335167));
#4051 = CARTESIAN_POINT('',(-21.25,38.299182062965,965.98174821482));
#4052 = CARTESIAN_POINT('',(-43.58627716886,38.389883016008,
    966.09464412538));
#4053 = CARTESIAN_POINT('',(-44.67255433773,38.394294063281,
    966.10013457704));
#4054 = CARTESIAN_POINT('',(-45.7588315066,38.398705110553,
    966.1056250287));
#4055 = CARTESIAN_POINT('',(-46.84510867547,38.403116157826,
    966.11111548036));
#4056 = DEFINITIONAL_REPRESENTATION('',(#4057),#4092);
#4057 = B_SPLINE_CURVE_WITH_KNOTS('',5,(#4058,#4059,#4060,#4061,#4062,
    #4063,#4064,#4065,#4066,#4067,#4068,#4069,#4070,#4071,#4072,#4073,
    #4074,#4075,#4076,#4077,#4078,#4079,#4080,#4081,#4082,#4083,#4084,
    #4085,#4086,#4087,#4088,#4089,#4090,#4091),.UNSPECIFIED.,.F.,.F.,(6,
    4,4,4,4,4,4,4,6),(0.,8.196672329189E-02,0.168426923124,
    0.263184237479,0.373814390339,0.510813284438,0.67347919776,
    0.835845265849,1.),.UNSPECIFIED.);
#4058 = CARTESIAN_POINT('',(25.55868011826,84.461056586656));
#4059 = CARTESIAN_POINT('',(26.535608712895,84.417211490912));
#4060 = CARTESIAN_POINT('',(27.512363525227,84.370983341486));
#4061 = CARTESIAN_POINT('',(28.488948570368,84.322358655363));
#4062 = CARTESIAN_POINT('',(29.465367857597,84.271333609538));
#4063 = CARTESIAN_POINT('',(31.471402084848,84.161565972148));
#4064 = CARTESIAN_POINT('',(32.500998856036,84.102553753878));
#4065 = CARTESIAN_POINT('',(33.530420325924,84.040884319548));
#4066 = CARTESIAN_POINT('',(34.559671139337,83.97657776557));
#4067 = CARTESIAN_POINT('',(36.716596454819,83.83633590923));
#4068 = CARTESIAN_POINT('',(37.844237784205,83.759876910875));
#4069 = CARTESIAN_POINT('',(38.971685630853,83.680334326178));
#4070 = CARTESIAN_POINT('',(40.098946989697,83.597771700209));
#4071 = CARTESIAN_POINT('',(42.541907667817,83.412450295251));
#4072 = CARTESIAN_POINT('',(43.857542327298,83.308625091382));
#4073 = CARTESIAN_POINT('',(45.172942344634,83.200928382187));
#4074 = CARTESIAN_POINT('',(46.488121914384,83.089528023958));
#4075 = CARTESIAN_POINT('',(49.43149354129,82.832330864619));
#4076 = CARTESIAN_POINT('',(51.059577416155,82.684664279931));
#4077 = CARTESIAN_POINT('',(52.687373873049,82.532001404794));
#4078 = CARTESIAN_POINT('',(54.314924436207,82.374792883942));
#4079 = CARTESIAN_POINT('',(57.874511062364,82.022067227753));
#4080 = CARTESIAN_POINT('',(59.806467570606,81.824890726728));
#4081 = CARTESIAN_POINT('',(61.738220476491,81.622838079633));
#4082 = CARTESIAN_POINT('',(63.66987747879,81.416829799357));
#4083 = CARTESIAN_POINT('',(67.529668378584,80.999148355254));
#4084 = CARTESIAN_POINT('',(69.457803535682,80.787486106848));
#4085 = CARTESIAN_POINT('',(71.386076930627,80.573735080748));
#4086 = CARTESIAN_POINT('',(73.314621990876,80.358827701372));
#4087 = CARTESIAN_POINT('',(77.193767143037,79.926070617654));
#4088 = CARTESIAN_POINT('',(79.144375622591,79.708214601299));
#4089 = CARTESIAN_POINT('',(81.095532970604,79.490967111087));
#4090 = CARTESIAN_POINT('',(83.047369933821,79.275163762356));
#4091 = CARTESIAN_POINT('',(85.,79.061530806885));
#4092 = ( GEOMETRIC_REPRESENTATION_CONTEXT(2) 
PARAMETRIC_REPRESENTATION_CONTEXT() REPRESENTATION_CONTEXT('2D SPACE',''
  ) );
#4093 = ORIENTED_EDGE('',*,*,#4094,.F.);
#4094 = EDGE_CURVE('',#4095,#3945,#4097,.T.);
#4095 = VERTEX_POINT('',#4096);
#4096 = CARTESIAN_POINT('',(36.873399585868,38.061012212431,
    965.7055032741));
#4097 = SURFACE_CURVE('',#4098,(#4141,#4187),.PCURVE_S1.);
#4098 = B_SPLINE_CURVE_WITH_KNOTS('',6,(#4099,#4100,#4101,#4102,#4103,
    #4104,#4105,#4106,#4107,#4108,#4109,#4110,#4111,#4112,#4113,#4114,
    #4115,#4116,#4117,#4118,#4119,#4120,#4121,#4122,#4123,#4124,#4125,
    #4126,#4127,#4128,#4129,#4130,#4131,#4132,#4133,#4134,#4135,#4136,
    #4137,#4138,#4139,#4140),.UNSPECIFIED.,.F.,.F.,(7,5,5,5,5,5,5,5,7),(
    0.,0.13247457352,0.234055013587,0.374235351232,0.510326740772,
    0.638939272738,0.770689316927,0.8694767781,1.),.UNSPECIFIED.);
#4099 = CARTESIAN_POINT('',(36.893220922855,38.041796837225,
    965.70415041036));
#4100 = CARTESIAN_POINT('',(35.405952944677,39.484348928705,
    965.80569319304));
#4101 = CARTESIAN_POINT('',(33.88030484375,40.828699127728,
    965.90400474564));
#4102 = CARTESIAN_POINT('',(32.323732314536,42.077623346288,
    965.99912819235));
#4103 = CARTESIAN_POINT('',(30.742376630331,43.23446393498,
    966.09103863687));
#4104 = CARTESIAN_POINT('',(29.141059193623,44.30280110922,
    966.17967706755));
#4105 = CARTESIAN_POINT('',(26.282730173747,46.040221906777,
    966.33036216386));
#4106 = CARTESIAN_POINT('',(25.032596821529,46.744261654578,
    966.39378520846));
#4107 = CARTESIAN_POINT('',(23.77448019675,47.399865354487,
    966.45519476537));
#4108 = CARTESIAN_POINT('',(22.509751699435,48.008486333734,
    966.51453589871));
#4109 = CARTESIAN_POINT('',(21.239534199569,48.571460641466,
    966.57174165427));
#4110 = CARTESIAN_POINT('',(18.205462204075,49.805593895417,
    966.70263054728));
#4111 = CARTESIAN_POINT('',(16.437539126481,50.436531196637,
    966.77431040987));
#4112 = CARTESIAN_POINT('',(14.663233634107,50.986037356458,
    966.84158091395));
#4113 = CARTESIAN_POINT('',(12.88440859171,51.456688606302,
    966.90419395013));
#4114 = CARTESIAN_POINT('',(11.102530503618,51.850585187471,
    966.96186942739));
#4115 = CARTESIAN_POINT('',(7.586833138415,52.47871131601,
    967.06518358544));
#4116 = CARTESIAN_POINT('',(5.853215335711,52.717247680364,
    967.11112173866));
#4117 = CARTESIAN_POINT('',(4.118824608505,52.886348772755,
    967.15181595999));
#4118 = CARTESIAN_POINT('',(2.384591589958,52.986952155325,
    967.18693746925));
#4119 = CARTESIAN_POINT('',(0.651363072356,53.019585584335,
    967.21612495417));
#4120 = CARTESIAN_POINT('',(-2.716417819132,52.950991438113,
    967.26057446255));
#4121 = CARTESIAN_POINT('',(-4.351105961352,52.857022686481,
    967.27651290826));
#4122 = CARTESIAN_POINT('',(-5.983521134818,52.702480389616,
    967.28645530641));
#4123 = CARTESIAN_POINT('',(-7.612927130627,52.487072498111,
    967.29003047397));
#4124 = CARTESIAN_POINT('',(-9.238504586104,52.210188806984,
    967.28683565102));
#4125 = CARTESIAN_POINT('',(-12.51973362777,51.523222986862,
    967.26577059003));
#4126 = CARTESIAN_POINT('',(-14.17508938388,51.11006916116,
    967.24754462807));
#4127 = CARTESIAN_POINT('',(-15.82446615535,50.630330357869,
    967.22127925643));
#4128 = CARTESIAN_POINT('',(-17.46661231369,50.082576899749,
    967.18646004033));
#4129 = CARTESIAN_POINT('',(-19.09997972019,49.46504353925,
    967.14253553911));
#4130 = CARTESIAN_POINT('',(-21.93943166535,48.25854259131,
    967.04870529033));
#4131 = CARTESIAN_POINT('',(-23.1501421554,47.701098034744,
    967.00304662457));
#4132 = CARTESIAN_POINT('',(-24.35403691212,47.102287723433,
    966.95168704675));
#4133 = CARTESIAN_POINT('',(-25.55013414514,46.461102358196,
    966.89436713637));
#4134 = CARTESIAN_POINT('',(-26.73725947023,45.776443577569,
    966.83082064696));
#4135 = CARTESIAN_POINT('',(-29.46886564404,44.083513343612,
    966.66823330187));
#4136 = CARTESIAN_POINT('',(-31.00552697262,43.042004203341,
    966.56435423792));
#4137 = CARTESIAN_POINT('',(-32.52096425238,41.919816439747,
    966.44851470341));
#4138 = CARTESIAN_POINT('',(-34.0110748545,40.714119427605,
    966.32009792339));
#4139 = CARTESIAN_POINT('',(-35.47074255501,39.42223014401,
    966.17854286002));
#4140 = CARTESIAN_POINT('',(-36.89383173713,38.041796837225,
    966.02340617154));
#4141 = PCURVE('',#3799,#4142);
#4142 = DEFINITIONAL_REPRESENTATION('',(#4143),#4186);
#4143 = B_SPLINE_CURVE_WITH_KNOTS('',6,(#4144,#4145,#4146,#4147,#4148,
    #4149,#4150,#4151,#4152,#4153,#4154,#4155,#4156,#4157,#4158,#4159,
    #4160,#4161,#4162,#4163,#4164,#4165,#4166,#4167,#4168,#4169,#4170,
    #4171,#4172,#4173,#4174,#4175,#4176,#4177,#4178,#4179,#4180,#4181,
    #4182,#4183,#4184,#4185),.UNSPECIFIED.,.F.,.F.,(7,5,5,5,5,5,5,5,7),(
    0.,0.13247457352,0.234055013587,0.374235351232,0.510326740772,
    0.638939272738,0.770689316927,0.8694767781,1.),.UNSPECIFIED.);
#4144 = CARTESIAN_POINT('',(0.800724589119,1.050150410496));
#4145 = CARTESIAN_POINT('',(0.839822693393,1.151693193179));
#4146 = CARTESIAN_POINT('',(0.878150361605,1.250004745098));
#4147 = CARTESIAN_POINT('',(0.915750665836,1.345128192934));
#4148 = CARTESIAN_POINT('',(0.95267074472,1.43703863664));
#4149 = CARTESIAN_POINT('',(0.98896306956,1.525677067555));
#4150 = CARTESIAN_POINT('',(1.052082401881,1.676362163862));
#4151 = CARTESIAN_POINT('',(1.079141161268,1.739785208466));
#4152 = CARTESIAN_POINT('',(1.10589084443,1.801194765376));
#4153 = CARTESIAN_POINT('',(1.132356115827,1.860535898713));
#4154 = CARTESIAN_POINT('',(1.15856119742,1.917741654276));
#4155 = CARTESIAN_POINT('',(1.220368843334,2.048630547288));
#4156 = CARTESIAN_POINT('',(1.255756514972,2.120310409877));
#4157 = CARTESIAN_POINT('',(1.2907595489,2.18758091395));
#4158 = CARTESIAN_POINT('',(1.325436263017,2.250193950134));
#4159 = CARTESIAN_POINT('',(1.359842942946,2.307869427399));
#4160 = CARTESIAN_POINT('',(1.427233569176,2.411183585443));
#4161 = CARTESIAN_POINT('',(1.460228076002,2.457121738661));
#4162 = CARTESIAN_POINT('',(1.493072303944,2.497815959991));
#4163 = CARTESIAN_POINT('',(1.525813997049,2.532937469257));
#4164 = CARTESIAN_POINT('',(1.558500008986,2.562124954178));
#4165 = CARTESIAN_POINT('',(1.622061827219,2.606574462553));
#4166 = CARTESIAN_POINT('',(1.652937412005,2.622512908262));
#4167 = CARTESIAN_POINT('',(1.683846400648,2.632455306417));
#4168 = CARTESIAN_POINT('',(1.714827966766,2.636030473978));
#4169 = CARTESIAN_POINT('',(1.745921607649,2.632835651024));
#4170 = CARTESIAN_POINT('',(1.809179393167,2.611770590034));
#4171 = CARTESIAN_POINT('',(1.841349955859,2.593544628078));
#4172 = CARTESIAN_POINT('',(1.873726620859,2.567279256432));
#4173 = CARTESIAN_POINT('',(1.90635388339,2.532460040331));
#4174 = CARTESIAN_POINT('',(1.939277358806,2.488535539114));
#4175 = CARTESIAN_POINT('',(1.997493031012,2.394705290338));
#4176 = CARTESIAN_POINT('',(2.022632923433,2.349046624575));
#4177 = CARTESIAN_POINT('',(2.04798769882,2.297687046758));
#4178 = CARTESIAN_POINT('',(2.073577860794,2.240367136377));
#4179 = CARTESIAN_POINT('',(2.099424219319,2.176820646959));
#4180 = CARTESIAN_POINT('',(2.160065607102,2.01423330187));
#4181 = CARTESIAN_POINT('',(2.195065659397,1.910354237704));
#4182 = CARTESIAN_POINT('',(2.230601430695,1.794514703954));
#4183 = CARTESIAN_POINT('',(2.266719719013,1.666097922899));
#4184 = CARTESIAN_POINT('',(2.303463988023,1.524542860145));
#4185 = CARTESIAN_POINT('',(2.340876338676,1.369406171665));
#4186 = ( GEOMETRIC_REPRESENTATION_CONTEXT(2) 
PARAMETRIC_REPRESENTATION_CONTEXT() REPRESENTATION_CONTEXT('2D SPACE',''
  ) );
#4187 = PCURVE('',#4188,#4193);
#4188 = B_SPLINE_SURFACE_WITH_KNOTS('',1,1,(
    (#4189,#4190)
    ,(#4191,#4192
    )),.UNSPECIFIED.,.F.,.F.,.F.,(2,2),(2,2),(0.,85.),(0.,1.),
  .PIECEWISE_BEZIER_KNOTS.);
#4189 = CARTESIAN_POINT('',(42.5,31.666228067138,965.28));
#4190 = CARTESIAN_POINT('',(11.952197967066,235.,978.16576934617));
#4191 = CARTESIAN_POINT('',(-42.5,31.666228067138,965.28));
#4192 = CARTESIAN_POINT('',(-28.43241741754,235.,989.70192296151));
#4193 = DEFINITIONAL_REPRESENTATION('',(#4194),#4237);
#4194 = B_SPLINE_CURVE_WITH_KNOTS('',6,(#4195,#4196,#4197,#4198,#4199,
    #4200,#4201,#4202,#4203,#4204,#4205,#4206,#4207,#4208,#4209,#4210,
    #4211,#4212,#4213,#4214,#4215,#4216,#4217,#4218,#4219,#4220,#4221,
    #4222,#4223,#4224,#4225,#4226,#4227,#4228,#4229,#4230,#4231,#4232,
    #4233,#4234,#4235,#4236),.UNSPECIFIED.,.F.,.F.,(7,5,5,5,5,5,5,5,7),(
    0.,0.13247457352,0.234055013587,0.374235351232,0.510326740772,
    0.638939272738,0.770689316927,0.8694767781,1.),.UNSPECIFIED.);
#4195 = CARTESIAN_POINT('',(4.726739313555,3.135518861172E-02));
#4196 = CARTESIAN_POINT('',(6.036442296029,3.844969179123E-02));
#4197 = CARTESIAN_POINT('',(7.410850388928,4.506123588567E-02));
#4198 = CARTESIAN_POINT('',(8.841577293063,5.120347289179E-02));
#4199 = CARTESIAN_POINT('',(10.321064138335,5.689284056394E-02));
#4200 = CARTESIAN_POINT('',(11.842845952772,6.214694648096E-02));
#4201 = CARTESIAN_POINT('',(14.59709622547,7.069162049669E-02));
#4202 = CARTESIAN_POINT('',(15.814190517014,7.415410359091E-02));
#4203 = CARTESIAN_POINT('',(17.050628975897,7.737837712736E-02));
#4204 = CARTESIAN_POINT('',(18.304253205562,8.037158860158E-02));
#4205 = CARTESIAN_POINT('',(19.573153222195,8.314030873292E-02));
#4206 = CARTESIAN_POINT('',(22.62554754364,8.920980344705E-02));
#4207 = CARTESIAN_POINT('',(24.421263471117,9.231276708769E-02));
#4208 = CARTESIAN_POINT('',(26.238500577317,9.50152505689E-02));
#4209 = CARTESIAN_POINT('',(28.07341800288,9.732992385396E-02));
#4210 = CARTESIAN_POINT('',(29.922635732118,9.926711597618E-02));
#4211 = CARTESIAN_POINT('',(33.589581018533,0.102356254207));
#4212 = CARTESIAN_POINT('',(35.40656270442,0.103529381337));
#4213 = CARTESIAN_POINT('',(37.231486159568,0.10436102426));
#4214 = CARTESIAN_POINT('',(39.06177857219,0.104855793927));
#4215 = CARTESIAN_POINT('',(40.894987161589,0.105016285855));
#4216 = CARTESIAN_POINT('',(44.461790790676,0.104678938322));
#4217 = CARTESIAN_POINT('',(46.195268033285,0.104216797918));
#4218 = CARTESIAN_POINT('',(47.927229135168,0.103456755474));
#4219 = CARTESIAN_POINT('',(49.655617813382,0.102397374686));
#4220 = CARTESIAN_POINT('',(51.378298284071,0.101035654552));
#4221 = CARTESIAN_POINT('',(54.849633620932,9.765714141318E-02));
#4222 = CARTESIAN_POINT('',(56.597831231824,9.562524173526E-02));
#4223 = CARTESIAN_POINT('',(58.33528056939,9.32658756608E-02));
#4224 = CARTESIAN_POINT('',(60.05930564532,9.057201200542E-02));
#4225 = CARTESIAN_POINT('',(61.766923502077,8.753496924254E-02));
#4226 = CARTESIAN_POINT('',(64.720451495834,8.160137082221E-02));
#4227 = CARTESIAN_POINT('',(65.974951104759,7.885984612974E-02));
#4228 = CARTESIAN_POINT('',(67.216939924373,7.591488373801E-02));
#4229 = CARTESIAN_POINT('',(68.444831871318,7.276151989126E-02));
#4230 = CARTESIAN_POINT('',(69.656857077815,6.939435282344E-02));
#4231 = CARTESIAN_POINT('',(72.428922570026,6.106848438622E-02));
#4232 = CARTESIAN_POINT('',(73.97557151367,5.594631933528E-02));
#4233 = CARTESIAN_POINT('',(75.48663420936,5.042737502551E-02));
#4234 = CARTESIAN_POINT('',(76.956741702435,4.449773037926E-02));
#4235 = CARTESIAN_POINT('',(78.379668652332,3.81441902304E-02));
#4236 = CARTESIAN_POINT('',(79.748494548675,3.135518861172E-02));
#4237 = ( GEOMETRIC_REPRESENTATION_CONTEXT(2) 
PARAMETRIC_REPRESENTATION_CONTEXT() REPRESENTATION_CONTEXT('2D SPACE',''
  ) );
#4238 = ORIENTED_EDGE('',*,*,#4239,.T.);
#4239 = EDGE_CURVE('',#4095,#4240,#4242,.T.);
#4240 = VERTEX_POINT('',#4241);
#4241 = CARTESIAN_POINT('',(40.456331053847,34.230426884452,
    966.75810085903));
#4242 = SURFACE_CURVE('',#4243,(#4266,#4292),.PCURVE_S1.);
#4243 = B_SPLINE_CURVE_WITH_KNOTS('',5,(#4244,#4245,#4246,#4247,#4248,
    #4249,#4250,#4251,#4252,#4253,#4254,#4255,#4256,#4257,#4258,#4259,
    #4260,#4261,#4262,#4263,#4264,#4265),.UNSPECIFIED.,.F.,.F.,(6,4,4,4,
    4,6),(0.,0.223648105437,0.446902552668,0.660737569944,0.824571397101
    ,1.),.UNSPECIFIED.);
#4244 = CARTESIAN_POINT('',(36.873399585868,38.061012212431,
    965.70550327411));
#4245 = CARTESIAN_POINT('',(37.113601890818,37.828274512888,
    965.6891140196));
#4246 = CARTESIAN_POINT('',(37.355697563074,37.590049200742,
    965.68371339517));
#4247 = CARTESIAN_POINT('',(37.598597396527,37.347164952279,
    965.69028611746));
#4248 = CARTESIAN_POINT('',(37.841057702,37.100714145548,965.70974119689
    ));
#4249 = CARTESIAN_POINT('',(38.322073110306,36.60377362612,
    965.77571993498));
#4250 = CARTESIAN_POINT('',(38.560634488016,36.3532918018,965.8221956342
    ));
#4251 = CARTESIAN_POINT('',(38.79616829405,36.101896476049,
    965.88286496946));
#4252 = CARTESIAN_POINT('',(39.027327379201,35.85113983861,
    965.9581733667));
#4253 = CARTESIAN_POINT('',(39.468850890911,35.364698521094,
    966.13442827755));
#4254 = CARTESIAN_POINT('',(39.67968173143,35.128823673377,
    966.23415901334));
#4255 = CARTESIAN_POINT('',(39.884226423053,34.89650561751,
    966.34746546389));
#4256 = CARTESIAN_POINT('',(40.081447856134,34.669276514576,
    966.47410921683));
#4257 = CARTESIAN_POINT('',(40.415316865133,34.279487231849,
    966.72032155307));
#4258 = CARTESIAN_POINT('',(40.555345241315,34.114229259697,
    966.83462037476));
#4259 = CARTESIAN_POINT('',(40.690180098015,33.953453657862,
    966.95615297292));
#4260 = CARTESIAN_POINT('',(40.819494206079,33.797775106036,
    967.08454799579));
#4261 = CARTESIAN_POINT('',(41.075320225121,33.48706794933,
    967.36367173158));
#4262 = CARTESIAN_POINT('',(41.200986345342,33.332864773007,
    967.51533817546));
#4263 = CARTESIAN_POINT('',(41.319723748934,33.185782174293,
    967.67376936958));
#4264 = CARTESIAN_POINT('',(41.431322879504,33.046375918635,
    967.83827388187));
#4265 = CARTESIAN_POINT('',(41.53567439931,32.915058421522,
    968.00809450241));
#4266 = PCURVE('',#3799,#4267);
#4267 = DEFINITIONAL_REPRESENTATION('',(#4268),#4291);
#4268 = B_SPLINE_CURVE_WITH_KNOTS('',5,(#4269,#4270,#4271,#4272,#4273,
    #4274,#4275,#4276,#4277,#4278,#4279,#4280,#4281,#4282,#4283,#4284,
    #4285,#4286,#4287,#4288,#4289,#4290),.UNSPECIFIED.,.F.,.F.,(6,4,4,4,
    4,6),(0.,0.223648105437,0.446902552668,0.660737569944,0.824571397101
    ,1.),.UNSPECIFIED.);
#4269 = CARTESIAN_POINT('',(0.801245531485,1.051503274109));
#4270 = CARTESIAN_POINT('',(0.794934151921,1.0351140196));
#4271 = CARTESIAN_POINT('',(0.788525051005,1.029713395177));
#4272 = CARTESIAN_POINT('',(0.782043358775,1.03628611746));
#4273 = CARTESIAN_POINT('',(0.775519655026,1.055741196896));
#4274 = CARTESIAN_POINT('',(0.762468750646,1.121719934986));
#4275 = CARTESIAN_POINT('',(0.755941575032,1.168195634209));
#4276 = CARTESIAN_POINT('',(0.749441188635,1.228864969467));
#4277 = CARTESIAN_POINT('',(0.743005744047,1.304173366708));
#4278 = CARTESIAN_POINT('',(0.730609215306,1.480428277553));
#4279 = CARTESIAN_POINT('',(0.724639557648,1.580159013342));
#4280 = CARTESIAN_POINT('',(0.718798882103,1.693465463894));
#4281 = CARTESIAN_POINT('',(0.713121390822,1.820109216838));
#4282 = CARTESIAN_POINT('',(0.703436817172,2.06632155307));
#4283 = CARTESIAN_POINT('',(0.699349560953,2.180620374761));
#4284 = CARTESIAN_POINT('',(0.695390158695,2.302152972924));
#4285 = CARTESIAN_POINT('',(0.691571337682,2.430547995795));
#4286 = CARTESIAN_POINT('',(0.683976805251,2.709671731587));
#4287 = CARTESIAN_POINT('',(0.680223264843,2.861338175309));
#4288 = CARTESIAN_POINT('',(0.676656449942,3.01976936985));
#4289 = CARTESIAN_POINT('',(0.673286915304,3.184273881773));
#4290 = CARTESIAN_POINT('',(0.670121973689,3.354094502314));
#4291 = ( GEOMETRIC_REPRESENTATION_CONTEXT(2) 
PARAMETRIC_REPRESENTATION_CONTEXT() REPRESENTATION_CONTEXT('2D SPACE',''
  ) );
#4292 = PCURVE('',#4293,#4327);
#4293 = ( BOUNDED_SURFACE() B_SPLINE_SURFACE(2,4,(
    (#4294,#4295,#4296,#4297,#4298,#4299,#4300,#4301,#4302,#4303,#4304)
    ,(#4305,#4306,#4307,#4308,#4309,#4310,#4311,#4312,#4313,#4314,#4315)
    ,(#4316,#4317,#4318,#4319,#4320,#4321,#4322,#4323,#4324,#4325,#4326
)),.UNSPECIFIED.,.F.,.F.,.F.) B_SPLINE_SURFACE_WITH_KNOTS((3,3),(5,3,3,5
    ),(0.,85.),(-4.311479238381,-4.072784013803E-14,85.,89.345108675469)
,.UNSPECIFIED.) GEOMETRIC_REPRESENTATION_ITEM() 
RATIONAL_B_SPLINE_SURFACE((
    (1.,1.,1.,1.,1.,1.,1.,1.,1.,1.,1.)
    ,(0.684856474179,0.685126058369,0.685215919766,0.685126058369
      ,0.679541672715,0.674184601679,0.668792351185,0.663095391094
      ,0.663003037928,0.663095391094,0.663372450589)
,(1.,1.,1.,1.,1.,1.,1.,1.,1.,1.,1.
  ))) REPRESENTATION_ITEM('') SURFACE() );
#4294 = CARTESIAN_POINT('',(46.845159379136,31.666228067138,
    971.64933832243));
#4295 = CARTESIAN_POINT('',(45.750449499163,31.666228067138,
    971.65407187029));
#4296 = CARTESIAN_POINT('',(44.661352975983,31.666228067138,
    971.6587811459));
#4297 = CARTESIAN_POINT('',(43.577869809595,31.666228067138,
    971.66346614923));
#4298 = CARTESIAN_POINT('',(21.25,31.666228067138,971.76001231412));
#4299 = CARTESIAN_POINT('',(-4.618527782441E-14,31.666228067138,
    971.85360553911));
#4300 = CARTESIAN_POINT('',(-21.25,31.666228067138,971.94890195371));
#4301 = CARTESIAN_POINT('',(-43.58627716886,31.666228067138,
    972.05084620858));
#4302 = CARTESIAN_POINT('',(-44.67256201581,31.666228067138,
    972.05580408489));
#4303 = CARTESIAN_POINT('',(-45.75885454082,31.666228067138,
    972.06076199623));
#4304 = CARTESIAN_POINT('',(-46.84515474392,31.666228067138,
    972.06571994263));
#4305 = CARTESIAN_POINT('',(46.845199990309,31.666228067138,
    965.28449857564));
#4306 = CARTESIAN_POINT('',(45.749190806148,31.666228067138,
    965.28442537435));
#4307 = CARTESIAN_POINT('',(44.660225954126,31.666228067138,
    965.28435264355));
#4308 = CARTESIAN_POINT('',(43.577445688142,31.666228067138,
    965.28428032581));
#4309 = CARTESIAN_POINT('',(21.083800433946,31.666228067138,
    965.2827779992));
#4310 = CARTESIAN_POINT('',(-0.226029469503,31.666228067138,
    965.2812406949));
#4311 = CARTESIAN_POINT('',(-21.42221023456,31.666228067138,
    965.2795948937));
#4312 = CARTESIAN_POINT('',(-43.58673104535,31.666228067138,
    965.27775042273));
#4313 = CARTESIAN_POINT('',(-44.67378007034,31.666228067138,
    965.27765996148));
#4314 = CARTESIAN_POINT('',(-45.76023880987,31.666228067138,
    965.27756954934));
#4315 = CARTESIAN_POINT('',(-46.84519998495,31.666228067138,
    965.27747926183));
#4316 = CARTESIAN_POINT('',(46.845117729656,38.020024957434,
    965.65975186773));
#4317 = CARTESIAN_POINT('',(45.750428674423,38.024525135463,
    965.6647646174));
#4318 = CARTESIAN_POINT('',(44.661346034403,38.029002265973,
    965.66975169443));
#4319 = CARTESIAN_POINT('',(43.577869809595,38.033456348964,
    965.67471309882));
#4320 = CARTESIAN_POINT('',(21.25,38.125244413043,965.77695585122));
#4321 = CARTESIAN_POINT('',(-4.263256414561E-14,38.212392331472,
    965.87766335167));
#4322 = CARTESIAN_POINT('',(-21.25,38.299182062965,965.98174821482));
#4323 = CARTESIAN_POINT('',(-43.58627716886,38.389883016008,
    966.09464412538));
#4324 = CARTESIAN_POINT('',(-44.67255433773,38.394294063281,
    966.10013457704));
#4325 = CARTESIAN_POINT('',(-45.7588315066,38.398705110553,
    966.1056250287));
#4326 = CARTESIAN_POINT('',(-46.84510867547,38.403116157826,
    966.11111548036));
#4327 = DEFINITIONAL_REPRESENTATION('',(#4328),#4351);
#4328 = B_SPLINE_CURVE_WITH_KNOTS('',5,(#4329,#4330,#4331,#4332,#4333,
    #4334,#4335,#4336,#4337,#4338,#4339,#4340,#4341,#4342,#4343,#4344,
    #4345,#4346,#4347,#4348,#4349,#4350),.UNSPECIFIED.,.F.,.F.,(6,4,4,4,
    4,6),(0.,0.223648105437,0.446902552668,0.660737569944,0.824571397101
    ,1.),.UNSPECIFIED.);
#4329 = CARTESIAN_POINT('',(85.,5.626600414132));
#4330 = CARTESIAN_POINT('',(82.746390732058,5.386398105927));
#4331 = CARTESIAN_POINT('',(80.49359268493,5.144302431089));
#4332 = CARTESIAN_POINT('',(78.241437025052,4.901402595698));
#4333 = CARTESIAN_POINT('',(75.989736236832,4.658942288869));
#4334 = CARTESIAN_POINT('',(71.490840860531,4.177926878846));
#4335 = CARTESIAN_POINT('',(69.243645125183,3.939365500772));
#4336 = CARTESIAN_POINT('',(66.996543899541,3.703831694785));
#4337 = CARTESIAN_POINT('',(64.749366215992,3.472672609985));
#4338 = CARTESIAN_POINT('',(60.349419232997,3.031149099374));
#4339 = CARTESIAN_POINT('',(58.196663169597,2.820318259584));
#4340 = CARTESIAN_POINT('',(56.043606849202,2.615773568798));
#4341 = CARTESIAN_POINT('',(53.890152227716,2.418552136588));
#4342 = CARTESIAN_POINT('',(50.085988696163,2.084683129099));
#4343 = CARTESIAN_POINT('',(48.435463688652,1.944654753563));
#4344 = CARTESIAN_POINT('',(46.784645862453,1.809819897476));
#4345 = CARTESIAN_POINT('',(45.133511143915,1.680505789981));
#4346 = CARTESIAN_POINT('',(41.713703754756,1.424679772006));
#4347 = CARTESIAN_POINT('',(39.944980094528,1.299013652278));
#4348 = CARTESIAN_POINT('',(38.175858277808,1.18027624911));
#4349 = CARTESIAN_POINT('',(36.406316549554,1.068677118899));
#4350 = CARTESIAN_POINT('',(34.636341286319,0.964325599392));
#4351 = ( GEOMETRIC_REPRESENTATION_CONTEXT(2) 
PARAMETRIC_REPRESENTATION_CONTEXT() REPRESENTATION_CONTEXT('2D SPACE',''
  ) );
#4352 = ORIENTED_EDGE('',*,*,#4353,.T.);
#4353 = EDGE_CURVE('',#4240,#4354,#4356,.T.);
#4354 = VERTEX_POINT('',#4355);
#4355 = CARTESIAN_POINT('',(40.466281805314,34.223734918145,969.217));
#4356 = SURFACE_CURVE('',#4357,(#4366,#4378),.PCURVE_S1.);
#4357 = B_SPLINE_CURVE_WITH_KNOTS('',4,(#4358,#4359,#4360,#4361,#4362,
    #4363,#4364,#4365),.UNSPECIFIED.,.F.,.F.,(5,3,5),(0.,0.318328792849,
    1.),.UNSPECIFIED.);
#4358 = CARTESIAN_POINT('',(40.451910326093,34.233402485705,
    965.66758588151));
#4359 = CARTESIAN_POINT('',(40.453056005432,34.232631119651,
    965.95005603512));
#4360 = CARTESIAN_POINT('',(40.45420126716,34.231860178293,
    966.23252619404));
#4361 = CARTESIAN_POINT('',(40.455346111519,34.231089661488,
    966.51499635804));
#4362 = CARTESIAN_POINT('',(40.458941222171,34.228670488552,
    967.40234986028));
#4363 = CARTESIAN_POINT('',(40.461389992812,34.227023354176,
    968.00723321692));
#4364 = CARTESIAN_POINT('',(40.463836853064,34.225378164523,
    968.61211659703));
#4365 = CARTESIAN_POINT('',(40.466281805314,34.223734918145,969.217));
#4366 = PCURVE('',#3799,#4367);
#4367 = DEFINITIONAL_REPRESENTATION('',(#4368),#4377);
#4368 = B_SPLINE_CURVE_WITH_KNOTS('',4,(#4369,#4370,#4371,#4372,#4373,
    #4374,#4375,#4376),.UNSPECIFIED.,.F.,.F.,(5,3,5),(0.,0.318328792849,
    1.),.UNSPECIFIED.);
#4369 = CARTESIAN_POINT('',(0.702326984442,1.013585881625));
#4370 = CARTESIAN_POINT('',(0.702301907291,1.296056035234));
#4371 = CARTESIAN_POINT('',(0.702276841824,1.57852619391));
#4372 = CARTESIAN_POINT('',(0.702251788034,1.860996358042));
#4373 = CARTESIAN_POINT('',(0.702173120573,2.748349860281));
#4374 = CARTESIAN_POINT('',(0.702119548753,3.35323321692));
#4375 = CARTESIAN_POINT('',(0.7020660304,3.958116597035));
#4376 = CARTESIAN_POINT('',(0.70201256546,4.563));
#4377 = ( GEOMETRIC_REPRESENTATION_CONTEXT(2) 
PARAMETRIC_REPRESENTATION_CONTEXT() REPRESENTATION_CONTEXT('2D SPACE',''
  ) );
#4378 = PCURVE('',#4379,#4413);
#4379 = ( BOUNDED_SURFACE() B_SPLINE_SURFACE(2,4,(
    (#4380,#4381,#4382,#4383,#4384,#4385,#4386,#4387,#4388,#4389,#4390)
    ,(#4391,#4392,#4393,#4394,#4395,#4396,#4397,#4398,#4399,#4400,#4401)
    ,(#4402,#4403,#4404,#4405,#4406,#4407,#4408,#4409,#4410,#4411,#4412
)),.UNSPECIFIED.,.F.,.F.,.F.) B_SPLINE_SURFACE_WITH_KNOTS((3,3),(5,3,3,5
    ),(0.,95.),(-4.599802663657,2.738110413392E-13,95.,99.6510344834),
.UNSPECIFIED.) GEOMETRIC_REPRESENTATION_ITEM() RATIONAL_B_SPLINE_SURFACE
((
    (1.,1.,1.,1.,1.,1.,1.,1.,1.,1.,1.)
    ,(0.682754933251,0.683120238544,0.683242006975,0.683120238544
      ,0.675210261153,0.667586908249,0.659905410587,0.651809550264
      ,0.651683596979,0.651809550264,0.65218741012)
,(1.,1.,1.,1.,1.,1.,1.,1.,1.,1.,1.
  ))) REPRESENTATION_ITEM('') SURFACE() );
#4380 = CARTESIAN_POINT('',(36.10055179431,31.666228067138,
    1.064931128782E+03));
#4381 = CARTESIAN_POINT('',(36.094046028923,31.666228067138,
    1.063755515057E+03));
#4382 = CARTESIAN_POINT('',(36.087587602736,31.666228067138,
    1.062588455685E+03));
#4383 = CARTESIAN_POINT('',(36.081176515748,31.666228067138,
    1.061429950666E+03));
#4384 = CARTESIAN_POINT('',(35.94338190365,31.666228067138,1.03653E+03)
  );
#4385 = CARTESIAN_POINT('',(35.808526762265,31.666228067138,1.01278E+03)
  );
#4386 = CARTESIAN_POINT('',(35.670266456908,31.666228067138,
    989.02999999999));
#4387 = CARTESIAN_POINT('',(35.521720615202,31.666228067138,
    964.11724137915));
#4388 = CARTESIAN_POINT('',(35.514787420388,31.666228067138,
    962.95446895221));
#4389 = CARTESIAN_POINT('',(35.507854143253,31.666228067138,
    961.79168271918));
#4390 = CARTESIAN_POINT('',(35.500920783798,31.666228067138,
    960.62888268006));
#4391 = CARTESIAN_POINT('',(42.495399244936,31.666228067138,
    1.064931199991E+03));
#4392 = CARTESIAN_POINT('',(42.495472524695,31.666228067138,
    1.063753692076E+03));
#4393 = CARTESIAN_POINT('',(42.495545142438,31.666228067138,
    1.062586821879E+03));
#4394 = CARTESIAN_POINT('',(42.495617176184,31.666228067138,
    1.061429335718E+03));
#4395 = CARTESIAN_POINT('',(42.497183249864,31.666228067138,
    1.03626462198E+03));
#4396 = CARTESIAN_POINT('',(42.4988390284,31.666228067138,
    1.012416510894E+03));
#4397 = CARTESIAN_POINT('',(42.500659043279,31.666228067138,
    988.75222911324));
#4398 = CARTESIAN_POINT('',(42.502739110227,31.666228067138,
    964.11656731752));
#4399 = CARTESIAN_POINT('',(42.502837382835,31.666228067138,
    962.95265730856));
#4400 = CARTESIAN_POINT('',(42.50293558183,31.666228067138,
    961.78961915459));
#4401 = CARTESIAN_POINT('',(42.503033593466,31.666228067138,
    960.62880001657));
#4402 = CARTESIAN_POINT('',(42.088431845758,38.048165942096,
    1.064931056392E+03));
#4403 = CARTESIAN_POINT('',(42.081511102115,38.054285275565,
    1.063755478862E+03));
#4404 = CARTESIAN_POINT('',(42.074640647785,38.060360143136,
    1.06258844362E+03));
#4405 = CARTESIAN_POINT('',(42.067820482766,38.066390544812,
    1.061429950666E+03));
#4406 = CARTESIAN_POINT('',(41.921231958494,38.196004370864,1.03653E+03)
  );
#4407 = CARTESIAN_POINT('',(41.774605017526,38.319100155568,1.01278E+03)
  );
#4408 = CARTESIAN_POINT('',(41.621256431479,38.441241066455,
    989.02999999999));
#4409 = CARTESIAN_POINT('',(41.453576361045,38.567961502685,
    964.11724137915));
#4410 = CARTESIAN_POINT('',(41.445750192518,38.573875953265,
    962.9544827583));
#4411 = CARTESIAN_POINT('',(41.437924023991,38.579790403844,
    961.79172413745));
#4412 = CARTESIAN_POINT('',(41.430097855464,38.585704854424,
    960.6289655166));
#4413 = DEFINITIONAL_REPRESENTATION('',(#4414),#4423);
#4414 = B_SPLINE_CURVE_WITH_KNOTS('',4,(#4415,#4416,#4417,#4418,#4419,
    #4420,#4421,#4422),.UNSPECIFIED.,.F.,.F.,(5,3,5),(0.,0.318328792849,
    1.),.UNSPECIFIED.);
#4415 = CARTESIAN_POINT('',(52.760808068358,94.612414119007));
#4416 = CARTESIAN_POINT('',(52.759798066618,94.329943966152));
#4417 = CARTESIAN_POINT('',(52.758791458011,94.047473808694));
#4418 = CARTESIAN_POINT('',(52.757788243647,93.765003646831));
#4419 = CARTESIAN_POINT('',(52.75464740613,92.877650153206));
#4420 = CARTESIAN_POINT('',(52.752521957406,92.272766805062));
#4421 = CARTESIAN_POINT('',(52.750412089333,91.667883436296));
#4422 = CARTESIAN_POINT('',(52.748317812775,91.06300004625));
#4423 = ( GEOMETRIC_REPRESENTATION_CONTEXT(2) 
PARAMETRIC_REPRESENTATION_CONTEXT() REPRESENTATION_CONTEXT('2D SPACE',''
  ) );
#4424 = ORIENTED_EDGE('',*,*,#4425,.F.);
#4425 = EDGE_CURVE('',#3816,#4354,#4426,.T.);
#4426 = SURFACE_CURVE('',#4427,(#4432,#4439),.PCURVE_S1.);
#4427 = CIRCLE('',#4428,52.99796217681);
#4428 = AXIS2_PLACEMENT_3D('',#4429,#4430,#4431);
#4429 = CARTESIAN_POINT('',(0.,0.,969.217));
#4430 = DIRECTION('',(0.,0.,1.));
#4431 = DIRECTION('',(1.,0.,0.));
#4432 = PCURVE('',#3799,#4433);
#4433 = DEFINITIONAL_REPRESENTATION('',(#4434),#4438);
#4434 = LINE('',#4435,#4436);
#4435 = CARTESIAN_POINT('',(0.,4.563));
#4436 = VECTOR('',#4437,1.);
#4437 = DIRECTION('',(1.,0.));
#4438 = ( GEOMETRIC_REPRESENTATION_CONTEXT(2) 
PARAMETRIC_REPRESENTATION_CONTEXT() REPRESENTATION_CONTEXT('2D SPACE',''
  ) );
#4439 = PCURVE('',#4440,#4448);
#4440 = SURFACE_OF_REVOLUTION('',#4441,#4445);
#4441 = LINE('',#4442,#4443);
#4442 = CARTESIAN_POINT('',(52.99796217681,0.,969.217));
#4443 = VECTOR('',#4444,1.);
#4444 = DIRECTION('',(4.465971919213E-04,0.,0.999999900275));
#4445 = AXIS1_PLACEMENT('',#4446,#4447);
#4446 = CARTESIAN_POINT('',(0.,0.,700.));
#4447 = DIRECTION('',(0.,0.,1.));
#4448 = DEFINITIONAL_REPRESENTATION('',(#4449),#4453);
#4449 = LINE('',#4450,#4451);
#4450 = CARTESIAN_POINT('',(0.,0.));
#4451 = VECTOR('',#4452,1.);
#4452 = DIRECTION('',(1.,0.));
#4453 = ( GEOMETRIC_REPRESENTATION_CONTEXT(2) 
PARAMETRIC_REPRESENTATION_CONTEXT() REPRESENTATION_CONTEXT('2D SPACE',''
  ) );
#4454 = ADVANCED_FACE('',(#4455),#4440,.T.);
#4455 = FACE_BOUND('',#4456,.T.);
#4456 = EDGE_LOOP('',(#4457,#4480,#4481,#4510));
#4457 = ORIENTED_EDGE('',*,*,#4458,.F.);
#4458 = EDGE_CURVE('',#3816,#4459,#4461,.T.);
#4459 = VERTEX_POINT('',#4460);
#4460 = CARTESIAN_POINT('',(53.,0.,973.78));
#4461 = SURFACE_CURVE('',#4462,(#4466,#4473),.PCURVE_S1.);
#4462 = LINE('',#4463,#4464);
#4463 = CARTESIAN_POINT('',(52.99796217681,0.,969.217));
#4464 = VECTOR('',#4465,1.);
#4465 = DIRECTION('',(4.465971919213E-04,0.,0.999999900275));
#4466 = PCURVE('',#4440,#4467);
#4467 = DEFINITIONAL_REPRESENTATION('',(#4468),#4472);
#4468 = LINE('',#4469,#4470);
#4469 = CARTESIAN_POINT('',(4.138911435803E-13,0.));
#4470 = VECTOR('',#4471,1.);
#4471 = DIRECTION('',(0.,1.));
#4472 = ( GEOMETRIC_REPRESENTATION_CONTEXT(2) 
PARAMETRIC_REPRESENTATION_CONTEXT() REPRESENTATION_CONTEXT('2D SPACE',''
  ) );
#4473 = PCURVE('',#3857,#4474);
#4474 = DEFINITIONAL_REPRESENTATION('',(#4475),#4479);
#4475 = LINE('',#4476,#4477);
#4476 = CARTESIAN_POINT('',(6.28318530718,0.));
#4477 = VECTOR('',#4478,1.);
#4478 = DIRECTION('',(0.,1.));
#4479 = ( GEOMETRIC_REPRESENTATION_CONTEXT(2) 
PARAMETRIC_REPRESENTATION_CONTEXT() REPRESENTATION_CONTEXT('2D SPACE',''
  ) );
#4480 = ORIENTED_EDGE('',*,*,#4425,.T.);
#4481 = ORIENTED_EDGE('',*,*,#4482,.F.);
#4482 = EDGE_CURVE('',#4483,#4354,#4485,.T.);
#4483 = VERTEX_POINT('',#4484);
#4484 = CARTESIAN_POINT('',(40.482279545994,34.207967533311,973.78));
#4485 = SURFACE_CURVE('',#4486,(#4492,#4501),.PCURVE_S1.);
#4486 = B_SPLINE_CURVE_WITH_KNOTS('',4,(#4487,#4488,#4489,#4490,#4491),
  .UNSPECIFIED.,.F.,.F.,(5,5),(0.,1.),.PIECEWISE_BEZIER_KNOTS.);
#4487 = CARTESIAN_POINT('',(40.482279558551,34.207967520936,
    973.78000359269));
#4488 = CARTESIAN_POINT('',(40.47829231793,34.211896762946,
    972.6392515168));
#4489 = CARTESIAN_POINT('',(40.474296958527,34.215834401671,
    971.49849962597));
#4490 = CARTESIAN_POINT('',(40.470293457679,34.219780452468,
    970.35774792223));
#4491 = CARTESIAN_POINT('',(40.46628179268,34.2237349306,969.2169964073)
  );
#4492 = PCURVE('',#4440,#4493);
#4493 = DEFINITIONAL_REPRESENTATION('',(#4494),#4500);
#4494 = B_SPLINE_CURVE_WITH_KNOTS('',4,(#4495,#4496,#4497,#4498,#4499),
  .UNSPECIFIED.,.F.,.F.,(5,5),(0.,1.),.PIECEWISE_BEZIER_KNOTS.);
#4495 = CARTESIAN_POINT('',(0.701590494821,4.563004047742));
#4496 = CARTESIAN_POINT('',(0.701695678185,3.422251858088));
#4497 = CARTESIAN_POINT('',(0.701801084127,2.281499853501));
#4498 = CARTESIAN_POINT('',(0.701906713158,1.140748035994));
#4499 = CARTESIAN_POINT('',(0.702012565793,-3.592699397032E-06));
#4500 = ( GEOMETRIC_REPRESENTATION_CONTEXT(2) 
PARAMETRIC_REPRESENTATION_CONTEXT() REPRESENTATION_CONTEXT('2D SPACE',''
  ) );
#4501 = PCURVE('',#4379,#4502);
#4502 = DEFINITIONAL_REPRESENTATION('',(#4503),#4509);
#4503 = B_SPLINE_CURVE_WITH_KNOTS('',4,(#4504,#4505,#4506,#4507,#4508),
  .UNSPECIFIED.,.F.,.F.,(5,5),(0.,1.),.PIECEWISE_BEZIER_KNOTS.);
#4504 = CARTESIAN_POINT('',(52.696566413558,86.499996581281));
#4505 = CARTESIAN_POINT('',(52.709438275095,87.640748620114));
#4506 = CARTESIAN_POINT('',(52.722354121304,88.781500475455));
#4507 = CARTESIAN_POINT('',(52.735313973626,89.922252148232));
#4508 = CARTESIAN_POINT('',(52.748317853732,91.063003638798));
#4509 = ( GEOMETRIC_REPRESENTATION_CONTEXT(2) 
PARAMETRIC_REPRESENTATION_CONTEXT() REPRESENTATION_CONTEXT('2D SPACE',''
  ) );
#4510 = ORIENTED_EDGE('',*,*,#4511,.F.);
#4511 = EDGE_CURVE('',#4459,#4483,#4512,.T.);
#4512 = SURFACE_CURVE('',#4513,(#4518,#4525),.PCURVE_S1.);
#4513 = CIRCLE('',#4514,53.);
#4514 = AXIS2_PLACEMENT_3D('',#4515,#4516,#4517);
#4515 = CARTESIAN_POINT('',(0.,0.,973.78));
#4516 = DIRECTION('',(0.,0.,1.));
#4517 = DIRECTION('',(1.,0.,0.));
#4518 = PCURVE('',#4440,#4519);
#4519 = DEFINITIONAL_REPRESENTATION('',(#4520),#4524);
#4520 = LINE('',#4521,#4522);
#4521 = CARTESIAN_POINT('',(0.,4.563000455043));
#4522 = VECTOR('',#4523,1.);
#4523 = DIRECTION('',(1.,0.));
#4524 = ( GEOMETRIC_REPRESENTATION_CONTEXT(2) 
PARAMETRIC_REPRESENTATION_CONTEXT() REPRESENTATION_CONTEXT('2D SPACE',''
  ) );
#4525 = PCURVE('',#4526,#4531);
#4526 = CYLINDRICAL_SURFACE('',#4527,53.);
#4527 = AXIS2_PLACEMENT_3D('',#4528,#4529,#4530);
#4528 = CARTESIAN_POINT('',(0.,0.,973.78));
#4529 = DIRECTION('',(0.,0.,1.));
#4530 = DIRECTION('',(1.,0.,0.));
#4531 = DEFINITIONAL_REPRESENTATION('',(#4532),#4536);
#4532 = LINE('',#4533,#4534);
#4533 = CARTESIAN_POINT('',(0.,0.));
#4534 = VECTOR('',#4535,1.);
#4535 = DIRECTION('',(1.,0.));
#4536 = ( GEOMETRIC_REPRESENTATION_CONTEXT(2) 
PARAMETRIC_REPRESENTATION_CONTEXT() REPRESENTATION_CONTEXT('2D SPACE',''
  ) );
#4537 = ADVANCED_FACE('',(#4538),#4379,.F.);
#4538 = FACE_BOUND('',#4539,.F.);
#4539 = EDGE_LOOP('',(#4540,#4680,#4681,#4682,#4714,#4811,#4849,#5025,
    #5063));
#4540 = ORIENTED_EDGE('',*,*,#4541,.F.);
#4541 = EDGE_CURVE('',#4240,#4542,#4544,.T.);
#4542 = VERTEX_POINT('',#4543);
#4543 = CARTESIAN_POINT('',(41.519289605426,38.041918837488,
    965.68414237031));
#4544 = SURFACE_CURVE('',#4545,(#4588,#4634),.PCURVE_S1.);
#4545 = B_SPLINE_CURVE_WITH_KNOTS('',5,(#4546,#4547,#4548,#4549,#4550,
    #4551,#4552,#4553,#4554,#4555,#4556,#4557,#4558,#4559,#4560,#4561,
    #4562,#4563,#4564,#4565,#4566,#4567,#4568,#4569,#4570,#4571,#4572,
    #4573,#4574,#4575,#4576,#4577,#4578,#4579,#4580,#4581,#4582,#4583,
    #4584,#4585,#4586,#4587),.UNSPECIFIED.,.F.,.F.,(6,4,4,4,4,4,4,4,4,4,
    6),(0.,2.708781431795E-03,0.133266122625,0.242701543202,
    0.352365486245,0.462155468082,0.570043342293,0.67808213995,
    0.785711125615,0.893022048665,1.),.UNSPECIFIED.);
#4546 = CARTESIAN_POINT('',(35.566831597242,31.666228067138,
    971.69817420452));
#4547 = CARTESIAN_POINT('',(35.571482874561,31.666228067301,
    971.69347263833));
#4548 = CARTESIAN_POINT('',(35.576139483891,31.666232631235,
    971.68877168329));
#4549 = CARTESIAN_POINT('',(35.580794274413,31.666241766756,
    971.68406574229));
#4550 = CARTESIAN_POINT('',(35.585453250653,31.666255481636,
    971.67935954519));
#4551 = CARTESIAN_POINT('',(35.814735589237,31.667155901575,
    971.44770663948));
#4552 = CARTESIAN_POINT('',(36.043928176997,31.678694155846,
    971.2161443032));
#4553 = CARTESIAN_POINT('',(36.276893963192,31.701758783921,
    970.98076963857));
#4554 = CARTESIAN_POINT('',(36.512604861904,31.737144184843,
    970.74262135517));
#4555 = CARTESIAN_POINT('',(36.948673877896,31.825920876357,
    970.30204291201));
#4556 = CARTESIAN_POINT('',(37.148582061341,31.875472865235,
    970.10006737517));
#4557 = CARTESIAN_POINT('',(37.348829594766,31.934442100349,
    969.8977488916));
#4558 = CARTESIAN_POINT('',(37.548592509367,32.003072337837,
    969.69591995158));
#4559 = CARTESIAN_POINT('',(37.945802300051,32.160000531905,
    969.29460189399));
#4560 = CARTESIAN_POINT('',(38.143243360432,32.248339135711,
    969.09511865192));
#4561 = CARTESIAN_POINT('',(38.338428697258,32.346563185549,
    968.89791438075));
#4562 = CARTESIAN_POINT('',(38.530416263482,32.454609426912,
    968.70394087642));
#4563 = CARTESIAN_POINT('',(38.906357133124,32.689990940591,
    968.32411108834));
#4564 = CARTESIAN_POINT('',(39.090300928041,32.817348135323,
    968.13826441127));
#4565 = CARTESIAN_POINT('',(39.269179976588,32.954059980202,
    967.95753480306));
#4566 = CARTESIAN_POINT('',(39.442080114304,33.099697931159,
    967.7828458943));
#4567 = CARTESIAN_POINT('',(39.771415687385,33.404964095225,
    967.4501030043));
#4568 = CARTESIAN_POINT('',(39.928084603813,33.564306286991,
    967.29181312843));
#4569 = CARTESIAN_POINT('',(40.077419632128,33.731126375395,
    967.14093296904));
#4570 = CARTESIAN_POINT('',(40.218742198761,33.904703016857,
    966.99814813097));
#4571 = CARTESIAN_POINT('',(40.484503328428,34.263976268394,
    966.72963708646));
#4572 = CARTESIAN_POINT('',(40.608918214245,34.449689802174,
    966.60393480212));
#4573 = CARTESIAN_POINT('',(40.724247913922,34.640530046671,
    966.48741168292));
#4574 = CARTESIAN_POINT('',(40.83012535148,34.835574597641,
    966.3804386128));
#4575 = CARTESIAN_POINT('',(41.022238355839,35.231441216084,
    966.18633756354));
#4576 = CARTESIAN_POINT('',(41.108547051983,35.43223901013,
    966.09913569842));
#4577 = CARTESIAN_POINT('',(41.185104319249,35.635348358858,
    966.02178616111));
#4578 = CARTESIAN_POINT('',(41.251902895336,35.839828253241,
    965.9542962956));
#4579 = CARTESIAN_POINT('',(41.366108630659,36.249166159077,
    965.83890864853));
#4580 = CARTESIAN_POINT('',(41.413572525184,36.454021629855,
    965.79095354456));
#4581 = CARTESIAN_POINT('',(41.451626805034,36.65849446538,
    965.7525054328));
#4582 = CARTESIAN_POINT('',(41.480568039229,36.861777665843,
    965.72326467795));
#4583 = CARTESIAN_POINT('',(41.520952056193,37.263945625706,
    965.68246271464));
#4584 = CARTESIAN_POINT('',(41.532448800236,37.462842224036,
    965.67084698646));
#4585 = CARTESIAN_POINT('',(41.535672945003,37.659171856573,
    965.66758947381));
#4586 = CARTESIAN_POINT('',(41.531111510809,37.852351775933,
    965.6721981161));
#4587 = CARTESIAN_POINT('',(41.519289605426,38.041918837488,
    965.68414237031));
#4588 = PCURVE('',#4379,#4589);
#4589 = DEFINITIONAL_REPRESENTATION('',(#4590),#4633);
#4590 = B_SPLINE_CURVE_WITH_KNOTS('',5,(#4591,#4592,#4593,#4594,#4595,
    #4596,#4597,#4598,#4599,#4600,#4601,#4602,#4603,#4604,#4605,#4606,
    #4607,#4608,#4609,#4610,#4611,#4612,#4613,#4614,#4615,#4616,#4617,
    #4618,#4619,#4620,#4621,#4622,#4623,#4624,#4625,#4626,#4627,#4628,
    #4629,#4630,#4631,#4632),.UNSPECIFIED.,.F.,.F.,(6,4,4,4,4,4,4,4,4,4,
    6),(0.,2.708781431795E-03,0.133266122625,0.242701543202,
    0.352365486245,0.462155468082,0.570043342293,0.67808213995,
    0.785711125615,0.893022048665,1.),.UNSPECIFIED.);
#4591 = CARTESIAN_POINT('',(4.061081107887E-06,88.58182579511));
#4592 = CARTESIAN_POINT('',(4.899068925911E-02,88.586527363183));
#4593 = CARTESIAN_POINT('',(9.79998227597E-02,88.591228315491));
#4594 = CARTESIAN_POINT('',(0.146981013167,88.595934259002));
#4595 = CARTESIAN_POINT('',(0.195976701124,88.600640455557));
#4596 = CARTESIAN_POINT('',(2.606220368378,88.832293370455));
#4597 = CARTESIAN_POINT('',(4.96490481391,89.063855714186));
#4598 = CARTESIAN_POINT('',(7.321081175213,89.299230384707));
#4599 = CARTESIAN_POINT('',(9.674868764931,89.53737867251));
#4600 = CARTESIAN_POINT('',(13.9975802627,89.977957121344));
#4601 = CARTESIAN_POINT('',(15.967160423491,90.179932659831));
#4602 = CARTESIAN_POINT('',(17.935293268108,90.382251144207));
#4603 = CARTESIAN_POINT('',(19.902109153501,90.584080084315));
#4604 = CARTESIAN_POINT('',(23.837508332869,90.98539814089));
#4605 = CARTESIAN_POINT('',(25.806085362872,91.184881381858));
#4606 = CARTESIAN_POINT('',(27.773636635738,91.382085651483));
#4607 = CARTESIAN_POINT('',(29.740319635378,91.576059153945));
#4608 = CARTESIAN_POINT('',(33.674513643363,91.955888937919));
#4609 = CARTESIAN_POINT('',(35.642021936074,92.141735612747));
#4610 = CARTESIAN_POINT('',(37.608963160425,92.322465218659));
#4611 = CARTESIAN_POINT('',(39.575475662943,92.497154125166));
#4612 = CARTESIAN_POINT('',(43.47379463805,92.82989701092));
#4613 = CARTESIAN_POINT('',(45.405612584756,92.988186884784));
#4614 = CARTESIAN_POINT('',(47.337220849111,93.139067042345));
#4615 = CARTESIAN_POINT('',(49.268693460859,93.281851878788));
#4616 = CARTESIAN_POINT('',(53.134135271496,93.550362920442));
#4617 = CARTESIAN_POINT('',(55.068106561855,93.676065203548));
#4618 = CARTESIAN_POINT('',(57.002008540352,93.792588321729));
#4619 = CARTESIAN_POINT('',(58.935847663272,93.899561391004));
#4620 = CARTESIAN_POINT('',(62.7960065625,94.093662438904));
#4621 = CARTESIAN_POINT('',(64.722330443213,94.180864303486));
#4622 = CARTESIAN_POINT('',(66.64853736892,94.258213840398));
#4623 = CARTESIAN_POINT('',(68.574587022224,94.325703705595));
#4624 = CARTESIAN_POINT('',(72.420565221837,94.441091352196));
#4625 = CARTESIAN_POINT('',(74.340497976261,94.489046456));
#4626 = CARTESIAN_POINT('',(76.260164653645,94.527494567648));
#4627 = CARTESIAN_POINT('',(78.179513058426,94.556735322413));
#4628 = CARTESIAN_POINT('',(82.011515438552,94.59753728559));
#4629 = CARTESIAN_POINT('',(83.924173228182,94.609153013757));
#4630 = CARTESIAN_POINT('',(85.836415837711,94.612410526307));
#4631 = CARTESIAN_POINT('',(87.748204807996,94.607801884051));
#4632 = CARTESIAN_POINT('',(89.659511246332,94.595857629809));
#4633 = ( GEOMETRIC_REPRESENTATION_CONTEXT(2) 
PARAMETRIC_REPRESENTATION_CONTEXT() REPRESENTATION_CONTEXT('2D SPACE',''
  ) );
#4634 = PCURVE('',#4293,#4635);
#4635 = DEFINITIONAL_REPRESENTATION('',(#4636),#4679);
#4636 = B_SPLINE_CURVE_WITH_KNOTS('',5,(#4637,#4638,#4639,#4640,#4641,
    #4642,#4643,#4644,#4645,#4646,#4647,#4648,#4649,#4650,#4651,#4652,
    #4653,#4654,#4655,#4656,#4657,#4658,#4659,#4660,#4661,#4662,#4663,
    #4664,#4665,#4666,#4667,#4668,#4669,#4670,#4671,#4672,#4673,#4674,
    #4675,#4676,#4677,#4678),.UNSPECIFIED.,.F.,.F.,(6,4,4,4,4,4,4,4,4,4,
    6),(0.,2.708781431795E-03,0.133266122625,0.242701543202,
    0.352365486245,0.462155468082,0.570043342293,0.67808213995,
    0.785711125615,0.893022048665,1.),.UNSPECIFIED.);
#4637 = CARTESIAN_POINT('',(0.,6.933168402758));
#4638 = CARTESIAN_POINT('',(4.540518138241E-02,6.928517125346));
#4639 = CARTESIAN_POINT('',(9.078517424182E-02,6.923860515924));
#4640 = CARTESIAN_POINT('',(0.13619463711,6.91920572531));
#4641 = CARTESIAN_POINT('',(0.181587511971,6.914546748978));
#4642 = CARTESIAN_POINT('',(2.415035976403,6.685264405884));
#4643 = CARTESIAN_POINT('',(4.603958015036,6.456071814398));
#4644 = CARTESIAN_POINT('',(6.793891406338,6.22310602518));
#4645 = CARTESIAN_POINT('',(8.985024477841,5.987395124129));
#4646 = CARTESIAN_POINT('',(13.015421957704,5.551326104982));
#4647 = CARTESIAN_POINT('',(14.854261905722,5.351417920538));
#4648 = CARTESIAN_POINT('',(16.694234848266,5.151170386519));
#4649 = CARTESIAN_POINT('',(18.535486713132,4.951407471681));
#4650 = CARTESIAN_POINT('',(22.224692694008,4.554197681122));
#4651 = CARTESIAN_POINT('',(24.072651478225,4.356756621103));
#4652 = CARTESIAN_POINT('',(25.922191293749,4.161571284883));
#4653 = CARTESIAN_POINT('',(27.773454356455,3.969583719442));
#4654 = CARTESIAN_POINT('',(31.481796941105,3.593642851609));
#4655 = CARTESIAN_POINT('',(33.338879690725,3.409699057718));
#4656 = CARTESIAN_POINT('',(35.197928126683,3.230820010259));
#4657 = CARTESIAN_POINT('',(37.059031431505,3.057919873642));
#4658 = CARTESIAN_POINT('',(40.753155732852,2.72858430269));
#4659 = CARTESIAN_POINT('',(42.586105066748,2.571915387294));
#4660 = CARTESIAN_POINT('',(44.421121007992,2.422580359953));
#4661 = CARTESIAN_POINT('',(46.258203483906,2.281257794217));
#4662 = CARTESIAN_POINT('',(49.938976294055,2.015496666176));
#4663 = CARTESIAN_POINT('',(51.782674550521,1.891081781088));
#4664 = CARTESIAN_POINT('',(53.628347349261,1.775752082049));
#4665 = CARTESIAN_POINT('',(55.475910437943,1.669874645042));
#4666 = CARTESIAN_POINT('',(59.167561761216,1.477761641629));
#4667 = CARTESIAN_POINT('',(61.011639860972,1.391452945881));
#4668 = CARTESIAN_POINT('',(62.857358926082,1.314895678942));
#4669 = CARTESIAN_POINT('',(64.704587557061,1.248097103127));
#4670 = CARTESIAN_POINT('',(68.396316592364,1.13389136826));
#4671 = CARTESIAN_POINT('',(70.240811753593,1.086427473918));
#4672 = CARTESIAN_POINT('',(72.086529717668,1.04837319422));
#4673 = CARTESIAN_POINT('',(73.93334010255,1.019431960154));
#4674 = CARTESIAN_POINT('',(77.623173544107,0.979047943418));
#4675 = CARTESIAN_POINT('',(79.46619203951,0.967551199474));
#4676 = CARTESIAN_POINT('',(81.310062839633,0.964327054801));
#4677 = CARTESIAN_POINT('',(83.154690375541,0.968888489089));
#4678 = CARTESIAN_POINT('',(85.,0.980710394574));
#4679 = ( GEOMETRIC_REPRESENTATION_CONTEXT(2) 
PARAMETRIC_REPRESENTATION_CONTEXT() REPRESENTATION_CONTEXT('2D SPACE',''
  ) );
#4680 = ORIENTED_EDGE('',*,*,#4353,.T.);
#4681 = ORIENTED_EDGE('',*,*,#4482,.F.);
#4682 = ORIENTED_EDGE('',*,*,#4683,.F.);
#4683 = EDGE_CURVE('',#4684,#4483,#4686,.T.);
#4684 = VERTEX_POINT('',#4685);
#4685 = CARTESIAN_POINT('',(40.719021919013,33.925819871581,1.05178E+03)
  );
#4686 = SURFACE_CURVE('',#4687,(#4694,#4704),.PCURVE_S1.);
#4687 = B_SPLINE_CURVE_WITH_KNOTS('',5,(#4688,#4689,#4690,#4691,#4692,
    #4693),.UNSPECIFIED.,.F.,.F.,(6,6),(0.,1.),
  .PIECEWISE_BEZIER_KNOTS.);
#4688 = CARTESIAN_POINT('',(40.719021929244,33.925819859302,
    1.051780003593E+03));
#4689 = CARTESIAN_POINT('',(40.674598808025,33.979138130004,
    1.036179934169E+03));
#4690 = CARTESIAN_POINT('',(40.628763357926,34.03397407468,
    1.020579896467E+03));
#4691 = CARTESIAN_POINT('',(40.581466193912,34.090365794839,
    1.004979893839E+03));
#4692 = CARTESIAN_POINT('',(40.532655905872,34.148351308532,
    989.37992591838));
#4693 = CARTESIAN_POINT('',(40.482279534392,34.20796754704,
    973.7799964073));
#4694 = PCURVE('',#4379,#4695);
#4695 = DEFINITIONAL_REPRESENTATION('',(#4696),#4703);
#4696 = B_SPLINE_CURVE_WITH_KNOTS('',5,(#4697,#4698,#4699,#4700,#4701,
    #4702),.UNSPECIFIED.,.F.,.F.,(6,6),(0.,1.),
  .PIECEWISE_BEZIER_KNOTS.);
#4697 = CARTESIAN_POINT('',(51.569864128869,8.499996241721));
#4698 = CARTESIAN_POINT('',(51.782244941671,24.100065184353));
#4699 = CARTESIAN_POINT('',(52.000961466395,39.700102097197));
#4700 = CARTESIAN_POINT('',(52.226156792413,55.300107680461));
#4701 = CARTESIAN_POINT('',(52.457974567886,70.900074762313));
#4702 = CARTESIAN_POINT('',(52.6965665332,86.500003766529));
#4703 = ( GEOMETRIC_REPRESENTATION_CONTEXT(2) 
PARAMETRIC_REPRESENTATION_CONTEXT() REPRESENTATION_CONTEXT('2D SPACE',''
  ) );
#4704 = PCURVE('',#4526,#4705);
#4705 = DEFINITIONAL_REPRESENTATION('',(#4706),#4713);
#4706 = B_SPLINE_CURVE_WITH_KNOTS('',5,(#4707,#4708,#4709,#4710,#4711,
    #4712),.UNSPECIFIED.,.F.,.F.,(6,6),(0.,1.),
  .PIECEWISE_BEZIER_KNOTS.);
#4707 = CARTESIAN_POINT('',(0.694641184404,78.000003592699));
#4708 = CARTESIAN_POINT('',(0.695950603643,62.399934169246));
#4709 = CARTESIAN_POINT('',(0.697299080416,46.799896467418));
#4710 = CARTESIAN_POINT('',(0.698687768172,31.199893838524));
#4711 = CARTESIAN_POINT('',(0.700117845255,15.599925918386));
#4712 = CARTESIAN_POINT('',(0.701590495491,-3.592699397032E-06));
#4713 = ( GEOMETRIC_REPRESENTATION_CONTEXT(2) 
PARAMETRIC_REPRESENTATION_CONTEXT() REPRESENTATION_CONTEXT('2D SPACE',''
  ) );
#4714 = ORIENTED_EDGE('',*,*,#4715,.T.);
#4715 = EDGE_CURVE('',#4684,#4716,#4718,.T.);
#4716 = VERTEX_POINT('',#4717);
#4717 = CARTESIAN_POINT('',(36.027609931157,31.666228067138,1.05178E+03)
  );
#4718 = SURFACE_CURVE('',#4719,(#4746,#4776),.PCURVE_S1.);
#4719 = B_SPLINE_CURVE_WITH_KNOTS('',7,(#4720,#4721,#4722,#4723,#4724,
    #4725,#4726,#4727,#4728,#4729,#4730,#4731,#4732,#4733,#4734,#4735,
    #4736,#4737,#4738,#4739,#4740,#4741,#4742,#4743,#4744,#4745),
  .UNSPECIFIED.,.F.,.F.,(8,6,6,6,8),(0.,0.250882979646,0.500000001009,
    0.75011713901,1.),.UNSPECIFIED.);
#4720 = CARTESIAN_POINT('',(42.010683480844,38.116595484538,1.05178E+03)
  );
#4721 = CARTESIAN_POINT('',(42.034378463582,37.801810660917,1.05178E+03)
  );
#4722 = CARTESIAN_POINT('',(42.039380951705,37.477210134951,1.05178E+03)
  );
#4723 = CARTESIAN_POINT('',(42.023712409743,37.144391145645,1.05178E+03)
  );
#4724 = CARTESIAN_POINT('',(41.985532328179,36.805438361659,1.05178E+03)
  );
#4725 = CARTESIAN_POINT('',(41.923300733175,36.462952856948,1.05178E+03)
  );
#4726 = CARTESIAN_POINT('',(41.836012657369,36.119971890473,1.05178E+03)
  );
#4727 = CARTESIAN_POINT('',(41.611434384594,35.441918530839,1.05178E+03)
  );
#4728 = CARTESIAN_POINT('',(41.4744997404,35.10680562097,1.05178E+03));
#4729 = CARTESIAN_POINT('',(41.312189462393,34.777595591668,1.05178E+03)
  );
#4730 = CARTESIAN_POINT('',(41.124810899593,34.457681120076,1.05178E+03)
  );
#4731 = CARTESIAN_POINT('',(40.913441610559,34.150460232066,1.05178E+03)
  );
#4732 = CARTESIAN_POINT('',(40.679909644935,33.859017183924,1.05178E+03)
  );
#4733 = CARTESIAN_POINT('',(40.172270796048,33.311730398461,1.05178E+03)
  );
#4734 = CARTESIAN_POINT('',(39.898003022141,33.056032380593,1.05178E+03)
  );
#4735 = CARTESIAN_POINT('',(39.606208041627,32.821428884312,1.05178E+03)
  );
#4736 = CARTESIAN_POINT('',(39.299861995315,32.609997097957,1.05178E+03)
  );
#4737 = CARTESIAN_POINT('',(38.982315417945,32.423076715766,1.05178E+03)
  );
#4738 = CARTESIAN_POINT('',(38.65696959704,32.261226347627,1.05178E+03)
  );
#4739 = CARTESIAN_POINT('',(37.997465855818,31.987583456892,1.05178E+03)
  );
#4740 = CARTESIAN_POINT('',(37.66331457339,31.875742506001,1.05178E+03)
  );
#4741 = CARTESIAN_POINT('',(37.32783705416,31.78871675553,1.05178E+03));
#4742 = CARTESIAN_POINT('',(36.994094718375,31.725724132576,1.05178E+03)
  );
#4743 = CARTESIAN_POINT('',(36.664762136171,31.685451229582,1.05178E+03)
  );
#4744 = CARTESIAN_POINT('',(36.342026896127,31.666228067138,1.05178E+03)
  );
#4745 = CARTESIAN_POINT('',(36.027609931157,31.666228067138,1.05178E+03)
  );
#4746 = PCURVE('',#4379,#4747);
#4747 = DEFINITIONAL_REPRESENTATION('',(#4748),#4775);
#4748 = B_SPLINE_CURVE_WITH_KNOTS('',7,(#4749,#4750,#4751,#4752,#4753,
    #4754,#4755,#4756,#4757,#4758,#4759,#4760,#4761,#4762,#4763,#4764,
    #4765,#4766,#4767,#4768,#4769,#4770,#4771,#4772,#4773,#4774),
  .UNSPECIFIED.,.F.,.F.,(8,6,6,6,8),(0.,0.250882979646,0.500000001009,
    0.75011713901,1.),.UNSPECIFIED.);
#4749 = CARTESIAN_POINT('',(95.,8.5));
#4750 = CARTESIAN_POINT('',(91.591357538851,8.499999979862));
#4751 = CARTESIAN_POINT('',(88.183481243641,8.499999960335));
#4752 = CARTESIAN_POINT('',(84.776380112696,8.499999941641));
#4753 = CARTESIAN_POINT('',(81.370037849165,8.49999992402));
#4754 = CARTESIAN_POINT('',(77.964408178064,8.499999907724));
#4755 = CARTESIAN_POINT('',(74.559420310371,8.499999892998));
#4756 = CARTESIAN_POINT('',(67.774543309059,8.499999867203));
#4757 = CARTESIAN_POINT('',(64.394627423211,8.499999856109));
#4758 = CARTESIAN_POINT('',(61.015196202419,8.499999846983));
#4759 = CARTESIAN_POINT('',(57.636148618345,8.499999840007));
#4760 = CARTESIAN_POINT('',(54.257351010299,8.499999835311));
#4761 = CARTESIAN_POINT('',(50.878669385769,8.499999832964));
#4762 = CARTESIAN_POINT('',(44.107766452902,8.499999832964));
#4763 = CARTESIAN_POINT('',(40.715520445023,8.49999983533));
#4764 = CARTESIAN_POINT('',(37.323157147999,8.499999840063));
#4765 = CARTESIAN_POINT('',(33.930540881393,8.499999847095));
#4766 = CARTESIAN_POINT('',(30.537536320792,8.499999856292));
#4767 = CARTESIAN_POINT('',(27.144041461715,8.49999986747));
#4768 = CARTESIAN_POINT('',(20.359137632274,8.499999893351));
#4769 = CARTESIAN_POINT('',(16.967710579557,8.499999908049));
#4770 = CARTESIAN_POINT('',(13.575645695905,8.499999924302));
#4771 = CARTESIAN_POINT('',(10.182873591154,8.499999941865));
#4772 = CARTESIAN_POINT('',(6.789348350508,8.499999960491));
#4773 = CARTESIAN_POINT('',(3.395054326023,8.499999979942));
#4774 = CARTESIAN_POINT('',(0.,8.5));
#4775 = ( GEOMETRIC_REPRESENTATION_CONTEXT(2) 
PARAMETRIC_REPRESENTATION_CONTEXT() REPRESENTATION_CONTEXT('2D SPACE',''
  ) );
#4776 = PCURVE('',#4777,#4782);
#4777 = PLANE('',#4778);
#4778 = AXIS2_PLACEMENT_3D('',#4779,#4780,#4781);
#4779 = CARTESIAN_POINT('',(0.,0.,1.05178E+03));
#4780 = DIRECTION('',(0.,0.,1.));
#4781 = DIRECTION('',(1.,0.,0.));
#4782 = DEFINITIONAL_REPRESENTATION('',(#4783),#4810);
#4783 = B_SPLINE_CURVE_WITH_KNOTS('',7,(#4784,#4785,#4786,#4787,#4788,
    #4789,#4790,#4791,#4792,#4793,#4794,#4795,#4796,#4797,#4798,#4799,
    #4800,#4801,#4802,#4803,#4804,#4805,#4806,#4807,#4808,#4809),
  .UNSPECIFIED.,.F.,.F.,(8,6,6,6,8),(0.,0.250882979646,0.500000001009,
    0.75011713901,1.),.UNSPECIFIED.);
#4784 = CARTESIAN_POINT('',(42.010683480844,38.116595484538));
#4785 = CARTESIAN_POINT('',(42.034378463582,37.801810660917));
#4786 = CARTESIAN_POINT('',(42.039380951705,37.477210134951));
#4787 = CARTESIAN_POINT('',(42.023712409743,37.144391145645));
#4788 = CARTESIAN_POINT('',(41.985532328179,36.805438361659));
#4789 = CARTESIAN_POINT('',(41.923300733175,36.462952856948));
#4790 = CARTESIAN_POINT('',(41.836012657369,36.119971890473));
#4791 = CARTESIAN_POINT('',(41.611434384594,35.441918530839));
#4792 = CARTESIAN_POINT('',(41.4744997404,35.10680562097));
#4793 = CARTESIAN_POINT('',(41.312189462393,34.777595591668));
#4794 = CARTESIAN_POINT('',(41.124810899593,34.457681120076));
#4795 = CARTESIAN_POINT('',(40.913441610559,34.150460232066));
#4796 = CARTESIAN_POINT('',(40.679909644935,33.859017183924));
#4797 = CARTESIAN_POINT('',(40.172270796048,33.311730398461));
#4798 = CARTESIAN_POINT('',(39.898003022141,33.056032380593));
#4799 = CARTESIAN_POINT('',(39.606208041627,32.821428884312));
#4800 = CARTESIAN_POINT('',(39.299861995315,32.609997097957));
#4801 = CARTESIAN_POINT('',(38.982315417945,32.423076715766));
#4802 = CARTESIAN_POINT('',(38.65696959704,32.261226347627));
#4803 = CARTESIAN_POINT('',(37.997465855818,31.987583456892));
#4804 = CARTESIAN_POINT('',(37.66331457339,31.875742506001));
#4805 = CARTESIAN_POINT('',(37.32783705416,31.78871675553));
#4806 = CARTESIAN_POINT('',(36.994094718375,31.725724132576));
#4807 = CARTESIAN_POINT('',(36.664762136171,31.685451229582));
#4808 = CARTESIAN_POINT('',(36.342026896127,31.666228067138));
#4809 = CARTESIAN_POINT('',(36.027609931157,31.666228067138));
#4810 = ( GEOMETRIC_REPRESENTATION_CONTEXT(2) 
PARAMETRIC_REPRESENTATION_CONTEXT() REPRESENTATION_CONTEXT('2D SPACE',''
  ) );
#4811 = ORIENTED_EDGE('',*,*,#4812,.F.);
#4812 = EDGE_CURVE('',#4813,#4716,#4815,.T.);
#4813 = VERTEX_POINT('',#4814);
#4814 = CARTESIAN_POINT('',(36.037430429606,31.666228067138,
    1.053543548592E+03));
#4815 = SURFACE_CURVE('',#4816,(#4828,#4835),.PCURVE_S1.);
#4816 = B_SPLINE_CURVE_WITH_KNOTS('',4,(#4817,#4818,#4819,#4820,#4821,
    #4822,#4823,#4824,#4825,#4826,#4827),.UNSPECIFIED.,.F.,.F.,(5,3,3,5)
  ,(-4.599802663657,2.738110413392E-13,95.,99.6510344834),
  .UNSPECIFIED.);
#4817 = CARTESIAN_POINT('',(36.10055179431,31.666228067138,
    1.064931128782E+03));
#4818 = CARTESIAN_POINT('',(36.094046028923,31.666228067138,
    1.063755515057E+03));
#4819 = CARTESIAN_POINT('',(36.087587602736,31.666228067138,
    1.062588455685E+03));
#4820 = CARTESIAN_POINT('',(36.081176515748,31.666228067138,
    1.061429950666E+03));
#4821 = CARTESIAN_POINT('',(35.94338190365,31.666228067138,1.03653E+03)
  );
#4822 = CARTESIAN_POINT('',(35.808526762265,31.666228067138,1.01278E+03)
  );
#4823 = CARTESIAN_POINT('',(35.670266456908,31.666228067138,
    989.02999999999));
#4824 = CARTESIAN_POINT('',(35.521720615202,31.666228067138,
    964.11724137915));
#4825 = CARTESIAN_POINT('',(35.514787420388,31.666228067138,
    962.95446895221));
#4826 = CARTESIAN_POINT('',(35.507854143253,31.666228067138,
    961.79168271918));
#4827 = CARTESIAN_POINT('',(35.500920783798,31.666228067138,
    960.62888268006));
#4828 = PCURVE('',#4379,#4829);
#4829 = DEFINITIONAL_REPRESENTATION('',(#4830),#4834);
#4830 = LINE('',#4831,#4832);
#4831 = CARTESIAN_POINT('',(0.,0.));
#4832 = VECTOR('',#4833,1.);
#4833 = DIRECTION('',(0.,1.));
#4834 = ( GEOMETRIC_REPRESENTATION_CONTEXT(2) 
PARAMETRIC_REPRESENTATION_CONTEXT() REPRESENTATION_CONTEXT('2D SPACE',''
  ) );
#4835 = PCURVE('',#4836,#4841);
#4836 = PLANE('',#4837);
#4837 = AXIS2_PLACEMENT_3D('',#4838,#4839,#4840);
#4838 = CARTESIAN_POINT('',(-42.5,31.666228067138,1.06028E+03));
#4839 = DIRECTION('',(0.,-1.,0.));
#4840 = DIRECTION('',(0.66679485947,0.,-0.745241313525));
#4841 = DEFINITIONAL_REPRESENTATION('',(#4842),#4848);
#4842 = B_SPLINE_CURVE_WITH_KNOTS('',4,(#4843,#4844,#4845,#4846,#4847),
  .UNSPECIFIED.,.F.,.F.,(5,5),(2.738110413392E-13,95.),
  .PIECEWISE_BEZIER_KNOTS.);
#4843 = CARTESIAN_POINT('',(52.393281237481,58.557196677185));
#4844 = CARTESIAN_POINT('',(70.005125009004,42.622871054819));
#4845 = CARTESIAN_POINT('',(87.614685490176,26.685993519709));
#4846 = CARTESIAN_POINT('',(105.22197542551,10.746578315728));
#4847 = CARTESIAN_POINT('',(122.82702998186,-5.195335253011));
#4848 = ( GEOMETRIC_REPRESENTATION_CONTEXT(2) 
PARAMETRIC_REPRESENTATION_CONTEXT() REPRESENTATION_CONTEXT('2D SPACE',''
  ) );
#4849 = ORIENTED_EDGE('',*,*,#4850,.T.);
#4850 = EDGE_CURVE('',#4813,#4851,#4853,.T.);
#4851 = VERTEX_POINT('',#4852);
#4852 = CARTESIAN_POINT('',(42.056468277143,38.076425547948,
    1.059502097411E+03));
#4853 = SURFACE_CURVE('',#4854,(#4889,#4943),.PCURVE_S1.);
#4854 = B_SPLINE_CURVE_WITH_KNOTS('',5,(#4855,#4856,#4857,#4858,#4859,
    #4860,#4861,#4862,#4863,#4864,#4865,#4866,#4867,#4868,#4869,#4870,
    #4871,#4872,#4873,#4874,#4875,#4876,#4877,#4878,#4879,#4880,#4881,
    #4882,#4883,#4884,#4885,#4886,#4887,#4888),.UNSPECIFIED.,.F.,.F.,(6,
    4,4,4,4,4,4,4,6),(0.,0.124725179877,0.250091100011,0.375701828676,
    0.501050362468,0.626238630586,0.751001579202,0.875456410828,1.),
  .UNSPECIFIED.);
#4855 = CARTESIAN_POINT('',(36.037600516742,31.666228069522,
    1.053543716969E+03));
#4856 = CARTESIAN_POINT('',(36.256190932467,31.666234182312,
    1.053760109556E+03));
#4857 = CARTESIAN_POINT('',(36.47905602769,31.676085672131,
    1.053980733939E+03));
#4858 = CARTESIAN_POINT('',(36.705476193557,31.696552392626,
    1.054204877755E+03));
#4859 = CARTESIAN_POINT('',(36.934532313883,31.728337584857,
    1.054431631132E+03));
#4860 = CARTESIAN_POINT('',(37.396914201245,31.815830097644,
    1.05488936483E+03));
#4861 = CARTESIAN_POINT('',(37.630255621988,31.871659302477,
    1.055120360648E+03));
#4862 = CARTESIAN_POINT('',(37.864047984458,31.939998805304,
    1.055351802988E+03));
#4863 = CARTESIAN_POINT('',(38.097003393465,32.02120808505,
    1.055582416899E+03));
#4864 = CARTESIAN_POINT('',(38.558939782604,32.209714479804,
    1.056039710458E+03));
#4865 = CARTESIAN_POINT('',(38.787911945485,32.317061943657,
    1.056266381377E+03));
#4866 = CARTESIAN_POINT('',(39.013281974275,32.437497450062,
    1.056489486472E+03));
#4867 = CARTESIAN_POINT('',(39.233581215365,32.570822319293,
    1.056707571841E+03));
#4868 = CARTESIAN_POINT('',(39.66078729001,32.861908114052,
    1.057130484938E+03));
#4869 = CARTESIAN_POINT('',(39.867721227447,33.01961731093,
    1.057335339497E+03));
#4870 = CARTESIAN_POINT('',(40.066815639545,33.189133322231,
    1.057532433393E+03));
#4871 = CARTESIAN_POINT('',(40.256747495738,33.369624475425,
    1.057720456873E+03));
#4872 = CARTESIAN_POINT('',(40.615871671185,33.750138010611,
    1.058075972807E+03));
#4873 = CARTESIAN_POINT('',(40.785090636837,33.950135509472,
    1.058243491639E+03));
#4874 = CARTESIAN_POINT('',(40.942989477953,34.158915343896,
    1.058399804134E+03));
#4875 = CARTESIAN_POINT('',(41.088712967803,34.37514767211,
    1.058544063643E+03));
#4876 = CARTESIAN_POINT('',(41.354302146699,34.818905392885,
    1.058806984701E+03));
#4877 = CARTESIAN_POINT('',(41.474254400329,35.046390827723,
    1.058925731945E+03));
#4878 = CARTESIAN_POINT('',(41.581062772918,35.278447032829,
    1.059031467374E+03));
#4879 = CARTESIAN_POINT('',(41.674526371244,35.513574586058,
    1.059123992101E+03));
#4880 = CARTESIAN_POINT('',(41.834774797656,35.986549425558,
    1.059282630805E+03));
#4881 = CARTESIAN_POINT('',(41.901624989953,36.224389421985,
    1.059348809489E+03));
#4882 = CARTESIAN_POINT('',(41.955400092698,36.462463400022,
    1.05940204443E+03));
#4883 = CARTESIAN_POINT('',(41.996499456224,36.699449103563,
    1.05944273096E+03));
#4884 = CARTESIAN_POINT('',(42.054554151126,37.169158180092,
    1.059500202511E+03));
#4885 = CARTESIAN_POINT('',(42.071492078181,37.401878747978,
    1.059516970303E+03));
#4886 = CARTESIAN_POINT('',(42.076924031634,37.631249239424,
    1.059522347695E+03));
#4887 = CARTESIAN_POINT('',(42.071633422299,37.856335587174,
    1.059517110227E+03));
#4888 = CARTESIAN_POINT('',(42.056468277143,38.076425547948,
    1.059502097411E+03));
#4889 = PCURVE('',#4379,#4890);
#4890 = DEFINITIONAL_REPRESENTATION('',(#4891),#4942);
#4891 = B_SPLINE_CURVE_WITH_KNOTS('',9,(#4892,#4893,#4894,#4895,#4896,
    #4897,#4898,#4899,#4900,#4901,#4902,#4903,#4904,#4905,#4906,#4907,
    #4908,#4909,#4910,#4911,#4912,#4913,#4914,#4915,#4916,#4917,#4918,
    #4919,#4920,#4921,#4922,#4923,#4924,#4925,#4926,#4927,#4928,#4929,
    #4930,#4931,#4932,#4933,#4934,#4935,#4936,#4937,#4938,#4939,#4940,
    #4941),.UNSPECIFIED.,.F.,.F.,(10,8,8,8,8,8,10),(0.,0.125,0.25,0.5,
    0.75,0.875,1.),.UNSPECIFIED.);
#4892 = CARTESIAN_POINT('',(0.,6.736451408008));
#4893 = CARTESIAN_POINT('',(1.307863594538,6.615967647609));
#4894 = CARTESIAN_POINT('',(2.619597135449,6.493951073932));
#4895 = CARTESIAN_POINT('',(3.930910812916,6.370849908173));
#4896 = CARTESIAN_POINT('',(5.220383050197,6.24885220121));
#4897 = CARTESIAN_POINT('',(6.55357038014,6.121807824339));
#4898 = CARTESIAN_POINT('',(7.8440210058,5.998024327412));
#4899 = CARTESIAN_POINT('',(9.159021652326,5.871258142394));
#4900 = CARTESIAN_POINT('',(10.466269360282,5.744682081271));
#4901 = CARTESIAN_POINT('',(13.083469839557,5.490459597889));
#4902 = CARTESIAN_POINT('',(14.392141982885,5.362914293412));
#4903 = CARTESIAN_POINT('',(15.700992282593,5.235074520007));
#4904 = CARTESIAN_POINT('',(17.010101305387,5.107082376354));
#4905 = CARTESIAN_POINT('',(18.319523932002,4.979082465958));
#4906 = CARTESIAN_POINT('',(19.629289357182,4.851221897145));
#4907 = CARTESIAN_POINT('',(20.939401089704,4.723650283065));
#4908 = CARTESIAN_POINT('',(22.249836952355,4.59651974169));
#4909 = CARTESIAN_POINT('',(26.181973341142,4.216915204068));
#4910 = CARTESIAN_POINT('',(28.804544465991,3.96621938555));
#4911 = CARTESIAN_POINT('',(31.429021562864,3.719253645858));
#4912 = CARTESIAN_POINT('',(34.055723030176,3.477367917871));
#4913 = CARTESIAN_POINT('',(36.68468527004,3.241891611856));
#4914 = CARTESIAN_POINT('',(39.31582139975,3.014119365548));
#4915 = CARTESIAN_POINT('',(41.949079963481,2.795296794254));
#4916 = CARTESIAN_POINT('',(44.58460364376,2.586606240936));
#4917 = CARTESIAN_POINT('',(49.861172302492,2.19169881168));
#4918 = CARTESIAN_POINT('',(52.502023528316,2.00540551802));
#4919 = CARTESIAN_POINT('',(55.14541236365,1.831349193889));
#4920 = CARTESIAN_POINT('',(57.791274968208,1.670412814284));
#4921 = CARTESIAN_POINT('',(60.439512948385,1.523285780637));
#4922 = CARTESIAN_POINT('',(63.089993357224,1.390463920813));
#4923 = CARTESIAN_POINT('',(65.742548694464,1.272249489115));
#4924 = CARTESIAN_POINT('',(68.396976906486,1.168751166278));
#4925 = CARTESIAN_POINT('',(72.381073626291,1.035450506073));
#4926 = CARTESIAN_POINT('',(73.709516867693,0.994673865057));
#4927 = CARTESIAN_POINT('',(75.038347596187,0.957540203769));
#4928 = CARTESIAN_POINT('',(76.36754064537,0.924025713626));
#4929 = CARTESIAN_POINT('',(77.697069196736,0.894096710119));
#4930 = CARTESIAN_POINT('',(79.026904779796,0.867709632811));
#4931 = CARTESIAN_POINT('',(80.357017271929,0.844811045341));
#4932 = CARTESIAN_POINT('',(81.687374898525,0.825337635419));
#4933 = CARTESIAN_POINT('',(84.348513567235,0.793094794242));
#4934 = CARTESIAN_POINT('',(85.67889462226,0.780329536353));
#4935 = CARTESIAN_POINT('',(87.011150350587,0.770829565453));
#4936 = CARTESIAN_POINT('',(88.342325138574,0.764570826733));
#4937 = CARTESIAN_POINT('',(89.671417055708,0.761398633747));
#4938 = CARTESIAN_POINT('',(91.003699098054,0.761248109537));
#4939 = CARTESIAN_POINT('',(92.339675686315,0.764091940899));
#4940 = CARTESIAN_POINT('',(93.666272798874,0.769700049261));
#4941 = CARTESIAN_POINT('',(94.998172238513,0.778070965614));
#4942 = ( GEOMETRIC_REPRESENTATION_CONTEXT(2) 
PARAMETRIC_REPRESENTATION_CONTEXT() REPRESENTATION_CONTEXT('2D SPACE',''
  ) );
#4943 = PCURVE('',#4944,#4978);
#4944 = ( BOUNDED_SURFACE() B_SPLINE_SURFACE(2,4,(
    (#4945,#4946,#4947,#4948,#4949,#4950,#4951,#4952,#4953,#4954,#4955)
    ,(#4956,#4957,#4958,#4959,#4960,#4961,#4962,#4963,#4964,#4965,#4966)
    ,(#4967,#4968,#4969,#4970,#4971,#4972,#4973,#4974,#4975,#4976,#4977
)),.UNSPECIFIED.,.F.,.F.,.F.) B_SPLINE_SURFACE_WITH_KNOTS((3,3),(5,3,3,5
    ),(0.,85.),(-4.311479238381,-3.219646708547E-14,85.,89.345108675469)
,.UNSPECIFIED.) GEOMETRIC_REPRESENTATION_ITEM() 
RATIONAL_B_SPLINE_SURFACE((
    (1.,1.,1.,1.,1.,1.,1.,1.,1.,1.,1.)
    ,(0.684856474179,0.685126058369,0.685215919766,0.685126058369
      ,0.679541672715,0.674184601679,0.668792351185,0.663095391094
      ,0.663003037928,0.663095391094,0.663372450589)
,(1.,1.,1.,1.,1.,1.,1.,1.,1.,1.,1.
  ))) REPRESENTATION_ITEM('') SURFACE() );
#4945 = CARTESIAN_POINT('',(-46.84511772965,38.020024957434,
    1.059900248132E+03));
#4946 = CARTESIAN_POINT('',(-45.75042867442,38.024525135463,
    1.059895235383E+03));
#4947 = CARTESIAN_POINT('',(-44.6613460344,38.029002265973,
    1.059890248306E+03));
#4948 = CARTESIAN_POINT('',(-43.57786980959,38.033456348964,
    1.059885286901E+03));
#4949 = CARTESIAN_POINT('',(-21.25,38.125244413043,1.059783044149E+03));
#4950 = CARTESIAN_POINT('',(-1.06581410364E-14,38.212392331472,
    1.059682336648E+03));
#4951 = CARTESIAN_POINT('',(21.25,38.299182062965,1.059578251785E+03));
#4952 = CARTESIAN_POINT('',(43.586277168867,38.389883016008,
    1.059465355875E+03));
#4953 = CARTESIAN_POINT('',(44.672554337735,38.394294063281,
    1.059459865423E+03));
#4954 = CARTESIAN_POINT('',(45.758831506602,38.398705110553,
    1.059454374971E+03));
#4955 = CARTESIAN_POINT('',(46.845108675469,38.403116157826,
    1.05944888452E+03));
#4956 = CARTESIAN_POINT('',(-46.8451999903,31.666228067138,
    1.060275501424E+03));
#4957 = CARTESIAN_POINT('',(-45.74919080614,31.666228067138,
    1.060275574626E+03));
#4958 = CARTESIAN_POINT('',(-44.66022595412,31.666228067138,
    1.060275647356E+03));
#4959 = CARTESIAN_POINT('',(-43.57744568814,31.666228067138,
    1.060275719674E+03));
#4960 = CARTESIAN_POINT('',(-21.08380043394,31.666228067138,
    1.060277222001E+03));
#4961 = CARTESIAN_POINT('',(0.226029469503,31.666228067138,
    1.060278759305E+03));
#4962 = CARTESIAN_POINT('',(21.42221023456,31.666228067138,
    1.060280405106E+03));
#4963 = CARTESIAN_POINT('',(43.586731045351,31.666228067138,
    1.060282249577E+03));
#4964 = CARTESIAN_POINT('',(44.673780070344,31.666228067138,
    1.060282340039E+03));
#4965 = CARTESIAN_POINT('',(45.76023880987,31.666228067138,
    1.060282430451E+03));
#4966 = CARTESIAN_POINT('',(46.845199984955,31.666228067138,
    1.060282520738E+03));
#4967 = CARTESIAN_POINT('',(-46.84515937913,31.666228067138,
    1.053910661678E+03));
#4968 = CARTESIAN_POINT('',(-45.75044949916,31.666228067138,
    1.05390592813E+03));
#4969 = CARTESIAN_POINT('',(-44.66135297598,31.666228067138,
    1.053901218854E+03));
#4970 = CARTESIAN_POINT('',(-43.57786980959,31.666228067138,
    1.053896533851E+03));
#4971 = CARTESIAN_POINT('',(-21.25,31.666228067138,1.053799987686E+03));
#4972 = CARTESIAN_POINT('',(-3.5527136788E-15,31.666228067138,
    1.053706394461E+03));
#4973 = CARTESIAN_POINT('',(21.25,31.666228067138,1.053611098046E+03));
#4974 = CARTESIAN_POINT('',(43.586277168867,31.666228067138,
    1.053509153791E+03));
#4975 = CARTESIAN_POINT('',(44.67256201581,31.666228067138,
    1.053504195915E+03));
#4976 = CARTESIAN_POINT('',(45.758854540828,31.666228067138,
    1.053499238004E+03));
#4977 = CARTESIAN_POINT('',(46.845154743921,31.666228067138,
    1.053494280057E+03));
#4978 = DEFINITIONAL_REPRESENTATION('',(#4979),#5024);
#4979 = B_SPLINE_CURVE_WITH_KNOTS('',8,(#4980,#4981,#4982,#4983,#4984,
    #4985,#4986,#4987,#4988,#4989,#4990,#4991,#4992,#4993,#4994,#4995,
    #4996,#4997,#4998,#4999,#5000,#5001,#5002,#5003,#5004,#5005,#5006,
    #5007,#5008,#5009,#5010,#5011,#5012,#5013,#5014,#5015,#5016,#5017,
    #5018,#5019,#5020,#5021,#5022,#5023),.UNSPECIFIED.,.F.,.F.,(9,7,7,7,
    7,7,9),(0.,0.125,0.25,0.5,0.75,0.875,1.),.UNSPECIFIED.);
#4980 = CARTESIAN_POINT('',(85.,78.537430429606));
#4981 = CARTESIAN_POINT('',(83.708532302975,78.67435136622));
#4982 = CARTESIAN_POINT('',(82.411538453694,78.813467049782));
#4983 = CARTESIAN_POINT('',(81.129614514522,78.952466337709));
#4984 = CARTESIAN_POINT('',(79.836487275267,79.093952787511));
#4985 = CARTESIAN_POINT('',(78.54652978368,79.236323459927));
#4986 = CARTESIAN_POINT('',(77.260252804229,79.379260736487));
#4987 = CARTESIAN_POINT('',(75.972149119439,79.523222002776));
#4988 = CARTESIAN_POINT('',(73.398172130321,79.81212668256));
#4989 = CARTESIAN_POINT('',(72.111881898714,79.957142800907));
#4990 = CARTESIAN_POINT('',(70.826157077596,80.102511114205));
#4991 = CARTESIAN_POINT('',(69.540904935117,80.248015509206));
#4992 = CARTESIAN_POINT('',(68.256072860072,80.393435342875));
#4993 = CARTESIAN_POINT('',(66.971648361855,80.538545442443));
#4994 = CARTESIAN_POINT('',(65.68765907051,80.683116105359));
#4995 = CARTESIAN_POINT('',(61.837200069053,81.114507087252));
#4996 = CARTESIAN_POINT('',(59.272178258774,81.399017502608));
#4997 = CARTESIAN_POINT('',(56.708122985013,81.678390155811));
#4998 = CARTESIAN_POINT('',(54.144712831117,81.950581454));
#4999 = CARTESIAN_POINT('',(51.581975548681,82.213591205762));
#5000 = CARTESIAN_POINT('',(49.019974321675,82.46549542581));
#5001 = CARTESIAN_POINT('',(46.458494030491,82.70447913971));
#5002 = CARTESIAN_POINT('',(41.334961001636,83.153259237427));
#5003 = CARTESIAN_POINT('',(38.773125915118,83.363154971));
#5004 = CARTESIAN_POINT('',(36.211111206053,83.556924432663));
#5005 = CARTESIAN_POINT('',(33.648839654984,83.733288024182));
#5006 = CARTESIAN_POINT('',(31.086267873449,83.891318505675));
#5007 = CARTESIAN_POINT('',(28.523386303983,84.03044099566));
#5008 = CARTESIAN_POINT('',(25.960219220121,84.150432971007));
#5009 = CARTESIAN_POINT('',(22.115127479526,84.301919914958));
#5010 = CARTESIAN_POINT('',(20.833329704128,84.347622373329));
#5011 = CARTESIAN_POINT('',(19.551499505046,84.388596165082));
#5012 = CARTESIAN_POINT('',(18.269682538485,84.42490644481));
#5013 = CARTESIAN_POINT('',(16.98790201199,84.456618998702));
#5014 = CARTESIAN_POINT('',(15.70615868447,84.483800244547));
#5015 = CARTESIAN_POINT('',(14.424430866173,84.506517231725));
#5016 = CARTESIAN_POINT('',(11.860917971237,84.543158050711));
#5017 = CARTESIAN_POINT('',(10.579636195923,84.557119774893));
#5018 = CARTESIAN_POINT('',(9.296131460882,84.566860660197));
#5019 = CARTESIAN_POINT('',(8.015540204058,84.572394657331));
#5020 = CARTESIAN_POINT('',(6.737336162859,84.57407131213));
#5021 = CARTESIAN_POINT('',(5.448002803166,84.571734324844));
#5022 = CARTESIAN_POINT('',(4.172368983271,84.565811026029));
#5023 = CARTESIAN_POINT('',(2.890861303156,84.556298190054));
#5024 = ( GEOMETRIC_REPRESENTATION_CONTEXT(2) 
PARAMETRIC_REPRESENTATION_CONTEXT() REPRESENTATION_CONTEXT('2D SPACE',''
  ) );
#5025 = ORIENTED_EDGE('',*,*,#5026,.T.);
#5026 = EDGE_CURVE('',#4851,#5027,#5029,.T.);
#5027 = VERTEX_POINT('',#5028);
#5028 = CARTESIAN_POINT('',(41.464342103499,38.559824742297,
    965.71686445137));
#5029 = SURFACE_CURVE('',#5030,(#5042,#5049),.PCURVE_S1.);
#5030 = B_SPLINE_CURVE_WITH_KNOTS('',4,(#5031,#5032,#5033,#5034,#5035,
    #5036,#5037,#5038,#5039,#5040,#5041),.UNSPECIFIED.,.F.,.F.,(5,3,3,5)
  ,(-4.599802663657,2.738110413392E-13,95.,99.6510344834),
  .UNSPECIFIED.);
#5031 = CARTESIAN_POINT('',(42.088431845758,38.048165942096,
    1.064931056392E+03));
#5032 = CARTESIAN_POINT('',(42.081511102115,38.054285275565,
    1.063755478862E+03));
#5033 = CARTESIAN_POINT('',(42.074640647785,38.060360143136,
    1.06258844362E+03));
#5034 = CARTESIAN_POINT('',(42.067820482766,38.066390544812,
    1.061429950666E+03));
#5035 = CARTESIAN_POINT('',(41.921231958494,38.196004370864,1.03653E+03)
  );
#5036 = CARTESIAN_POINT('',(41.774605017526,38.319100155568,1.01278E+03)
  );
#5037 = CARTESIAN_POINT('',(41.621256431479,38.441241066455,
    989.02999999999));
#5038 = CARTESIAN_POINT('',(41.453576361045,38.567961502685,
    964.11724137915));
#5039 = CARTESIAN_POINT('',(41.445750192518,38.573875953265,
    962.9544827583));
#5040 = CARTESIAN_POINT('',(41.437924023991,38.579790403844,
    961.79172413745));
#5041 = CARTESIAN_POINT('',(41.430097855464,38.585704854424,
    960.6289655166));
#5042 = PCURVE('',#4379,#5043);
#5043 = DEFINITIONAL_REPRESENTATION('',(#5044),#5048);
#5044 = LINE('',#5045,#5046);
#5045 = CARTESIAN_POINT('',(95.,0.));
#5046 = VECTOR('',#5047,1.);
#5047 = DIRECTION('',(0.,1.));
#5048 = ( GEOMETRIC_REPRESENTATION_CONTEXT(2) 
PARAMETRIC_REPRESENTATION_CONTEXT() REPRESENTATION_CONTEXT('2D SPACE',''
  ) );
#5049 = PCURVE('',#5050,#5055);
#5050 = B_SPLINE_SURFACE_WITH_KNOTS('',1,1,(
    (#5051,#5052)
    ,(#5053,#5054
    )),.UNSPECIFIED.,.F.,.F.,.F.,(2,2),(2,2),(0.,95.),(0.,1.),
  .PIECEWISE_BEZIER_KNOTS.);
#5051 = CARTESIAN_POINT('',(42.5,31.666228067138,1.06028E+03));
#5052 = CARTESIAN_POINT('',(28.43241741755,235.,1.035858077038E+03));
#5053 = CARTESIAN_POINT('',(42.5,31.666228067138,965.28));
#5054 = CARTESIAN_POINT('',(11.952197967066,235.,978.16576934617));
#5055 = DEFINITIONAL_REPRESENTATION('',(#5056),#5062);
#5056 = B_SPLINE_CURVE_WITH_KNOTS('',4,(#5057,#5058,#5059,#5060,#5061),
  .UNSPECIFIED.,.F.,.F.,(5,5),(2.738110413392E-13,95.),
  .PIECEWISE_BEZIER_KNOTS.);
#5057 = CARTESIAN_POINT('',(-0.779065946936,3.1505579976E-02));
#5058 = CARTESIAN_POINT('',(23.253242410214,3.211358468224E-02));
#5059 = CARTESIAN_POINT('',(47.301110533226,3.271897248149E-02));
#5060 = CARTESIAN_POINT('',(71.364459262438,3.331966419014E-02));
#5061 = CARTESIAN_POINT('',(95.442904045205,3.391379070686E-02));
#5062 = ( GEOMETRIC_REPRESENTATION_CONTEXT(2) 
PARAMETRIC_REPRESENTATION_CONTEXT() REPRESENTATION_CONTEXT('2D SPACE',''
  ) );
#5063 = ORIENTED_EDGE('',*,*,#5064,.F.);
#5064 = EDGE_CURVE('',#4542,#5027,#5065,.T.);
#5065 = SURFACE_CURVE('',#5066,(#5072,#5081),.PCURVE_S1.);
#5066 = B_SPLINE_CURVE_WITH_KNOTS('',4,(#5067,#5068,#5069,#5070,#5071),
  .UNSPECIFIED.,.F.,.F.,(5,5),(0.,1.),.PIECEWISE_BEZIER_KNOTS.);
#5067 = CARTESIAN_POINT('',(41.519289605426,38.041918837488,
    965.68414237029));
#5068 = CARTESIAN_POINT('',(41.5110335594,38.174306497038,
    965.69248386087));
#5069 = CARTESIAN_POINT('',(41.49897283304,38.304878089581,
    965.70072504365));
#5070 = CARTESIAN_POINT('',(41.483330849435,38.433428043404,
    965.70885437867));
#5071 = CARTESIAN_POINT('',(41.464345088378,38.559804874197,
    965.71686319228));
#5072 = PCURVE('',#4379,#5073);
#5073 = DEFINITIONAL_REPRESENTATION('',(#5074),#5080);
#5074 = B_SPLINE_CURVE_WITH_KNOTS('',4,(#5075,#5076,#5077,#5078,#5079),
  .UNSPECIFIED.,.F.,.F.,(5,5),(0.,1.),.PIECEWISE_BEZIER_KNOTS.);
#5075 = CARTESIAN_POINT('',(89.659511249227,94.595857629815));
#5076 = CARTESIAN_POINT('',(90.994307410429,94.587516139205));
#5077 = CARTESIAN_POINT('',(92.329298340858,94.579274956401));
#5078 = CARTESIAN_POINT('',(93.664463866021,94.571145621357));
#5079 = CARTESIAN_POINT('',(94.999790069777,94.563136807715));
#5080 = ( GEOMETRIC_REPRESENTATION_CONTEXT(2) 
PARAMETRIC_REPRESENTATION_CONTEXT() REPRESENTATION_CONTEXT('2D SPACE',''
  ) );
#5081 = PCURVE('',#4188,#5082);
#5082 = DEFINITIONAL_REPRESENTATION('',(#5083),#5089);
#5083 = B_SPLINE_CURVE_WITH_KNOTS('',4,(#5084,#5085,#5086,#5087,#5088),
  .UNSPECIFIED.,.F.,.F.,(5,5),(0.,1.),.PIECEWISE_BEZIER_KNOTS.);
#5084 = CARTESIAN_POINT('',(2.324250220275E-02,3.135578861172E-02));
#5085 = CARTESIAN_POINT('',(1.142272927672E-02,3.200687405754E-02));
#5086 = CARTESIAN_POINT('',(3.73763732322E-03,3.264902804555E-02));
#5087 = CARTESIAN_POINT('',(4.406265677737E-07,3.328123956949E-02));
#5088 = CARTESIAN_POINT('',(0.,3.390276362618E-02));
#5089 = ( GEOMETRIC_REPRESENTATION_CONTEXT(2) 
PARAMETRIC_REPRESENTATION_CONTEXT() REPRESENTATION_CONTEXT('2D SPACE',''
  ) );
#5090 = ADVANCED_FACE('',(#5091),#4293,.F.);
#5091 = FACE_BOUND('',#5092,.F.);
#5092 = EDGE_LOOP('',(#5093,#5124,#5125));
#5093 = ORIENTED_EDGE('',*,*,#5094,.T.);
#5094 = EDGE_CURVE('',#4542,#4095,#5095,.T.);
#5095 = SURFACE_CURVE('',#5096,(#5108,#5115),.PCURVE_S1.);
#5096 = B_SPLINE_CURVE_WITH_KNOTS('',4,(#5097,#5098,#5099,#5100,#5101,
    #5102,#5103,#5104,#5105,#5106,#5107),.UNSPECIFIED.,.F.,.F.,(5,3,3,5)
  ,(-4.311479238381,-4.072784013803E-14,85.,89.345108675469),
  .UNSPECIFIED.);
#5097 = CARTESIAN_POINT('',(46.845117729656,38.020024957434,
    965.65975186773));
#5098 = CARTESIAN_POINT('',(45.750428674423,38.024525135463,
    965.6647646174));
#5099 = CARTESIAN_POINT('',(44.661346034403,38.029002265973,
    965.66975169443));
#5100 = CARTESIAN_POINT('',(43.577869809595,38.033456348964,
    965.67471309882));
#5101 = CARTESIAN_POINT('',(21.25,38.125244413043,965.77695585122));
#5102 = CARTESIAN_POINT('',(-4.263256414561E-14,38.212392331472,
    965.87766335167));
#5103 = CARTESIAN_POINT('',(-21.25,38.299182062965,965.98174821482));
#5104 = CARTESIAN_POINT('',(-43.58627716886,38.389883016008,
    966.09464412538));
#5105 = CARTESIAN_POINT('',(-44.67255433773,38.394294063281,
    966.10013457704));
#5106 = CARTESIAN_POINT('',(-45.7588315066,38.398705110553,
    966.1056250287));
#5107 = CARTESIAN_POINT('',(-46.84510867547,38.403116157826,
    966.11111548036));
#5108 = PCURVE('',#4293,#5109);
#5109 = DEFINITIONAL_REPRESENTATION('',(#5110),#5114);
#5110 = LINE('',#5111,#5112);
#5111 = CARTESIAN_POINT('',(85.,0.));
#5112 = VECTOR('',#5113,1.);
#5113 = DIRECTION('',(0.,1.));
#5114 = ( GEOMETRIC_REPRESENTATION_CONTEXT(2) 
PARAMETRIC_REPRESENTATION_CONTEXT() REPRESENTATION_CONTEXT('2D SPACE',''
  ) );
#5115 = PCURVE('',#4188,#5116);
#5116 = DEFINITIONAL_REPRESENTATION('',(#5117),#5123);
#5117 = B_SPLINE_CURVE_WITH_KNOTS('',4,(#5118,#5119,#5120,#5121,#5122),
  .UNSPECIFIED.,.F.,.F.,(5,5),(-4.072784013803E-14,85.),
  .PIECEWISE_BEZIER_KNOTS.);
#5118 = CARTESIAN_POINT('',(-0.973252657983,3.13359618362E-02));
#5119 = CARTESIAN_POINT('',(20.618542087879,3.176558564033E-02));
#5120 = CARTESIAN_POINT('',(42.223570652494,3.219418103598E-02));
#5121 = CARTESIAN_POINT('',(63.841802565402,3.262101486032E-02));
#5122 = CARTESIAN_POINT('',(85.473074277053,3.304539053068E-02));
#5123 = ( GEOMETRIC_REPRESENTATION_CONTEXT(2) 
PARAMETRIC_REPRESENTATION_CONTEXT() REPRESENTATION_CONTEXT('2D SPACE',''
  ) );
#5124 = ORIENTED_EDGE('',*,*,#4239,.T.);
#5125 = ORIENTED_EDGE('',*,*,#4541,.T.);
#5126 = ADVANCED_FACE('',(#5127),#4188,.T.);
#5127 = FACE_BOUND('',#5128,.T.);
#5128 = EDGE_LOOP('',(#5129,#5162,#5189,#5216,#5243,#5263,#5264,#5265));
#5129 = ORIENTED_EDGE('',*,*,#5130,.T.);
#5130 = EDGE_CURVE('',#3945,#5131,#5133,.T.);
#5131 = VERTEX_POINT('',#5132);
#5132 = CARTESIAN_POINT('',(-42.03526180871,38.383584716153,
    966.08680530847));
#5133 = SURFACE_CURVE('',#5134,(#5146,#5155),.PCURVE_S1.);
#5134 = B_SPLINE_CURVE_WITH_KNOTS('',4,(#5135,#5136,#5137,#5138,#5139,
    #5140,#5141,#5142,#5143,#5144,#5145),.UNSPECIFIED.,.F.,.F.,(5,3,3,5)
  ,(-4.311479238381,-4.072784013803E-14,85.,89.345108675469),
  .UNSPECIFIED.);
#5135 = CARTESIAN_POINT('',(46.845117729656,38.020024957434,
    965.65975186773));
#5136 = CARTESIAN_POINT('',(45.750428674423,38.024525135463,
    965.6647646174));
#5137 = CARTESIAN_POINT('',(44.661346034403,38.029002265973,
    965.66975169443));
#5138 = CARTESIAN_POINT('',(43.577869809595,38.033456348964,
    965.67471309882));
#5139 = CARTESIAN_POINT('',(21.25,38.125244413043,965.77695585122));
#5140 = CARTESIAN_POINT('',(-4.263256414561E-14,38.212392331472,
    965.87766335167));
#5141 = CARTESIAN_POINT('',(-21.25,38.299182062965,965.98174821482));
#5142 = CARTESIAN_POINT('',(-43.58627716886,38.389883016008,
    966.09464412538));
#5143 = CARTESIAN_POINT('',(-44.67255433773,38.394294063281,
    966.10013457704));
#5144 = CARTESIAN_POINT('',(-45.7588315066,38.398705110553,
    966.1056250287));
#5145 = CARTESIAN_POINT('',(-46.84510867547,38.403116157826,
    966.11111548036));
#5146 = PCURVE('',#4188,#5147);
#5147 = DEFINITIONAL_REPRESENTATION('',(#5148),#5154);
#5148 = B_SPLINE_CURVE_WITH_KNOTS('',4,(#5149,#5150,#5151,#5152,#5153),
  .UNSPECIFIED.,.F.,.F.,(5,5),(-4.072784013803E-14,85.),
  .PIECEWISE_BEZIER_KNOTS.);
#5149 = CARTESIAN_POINT('',(-0.973252657983,3.13359618362E-02));
#5150 = CARTESIAN_POINT('',(20.618542087879,3.176558564033E-02));
#5151 = CARTESIAN_POINT('',(42.223570652494,3.219418103598E-02));
#5152 = CARTESIAN_POINT('',(63.841802565402,3.262101486032E-02));
#5153 = CARTESIAN_POINT('',(85.473074277053,3.304539053068E-02));
#5154 = ( GEOMETRIC_REPRESENTATION_CONTEXT(2) 
PARAMETRIC_REPRESENTATION_CONTEXT() REPRESENTATION_CONTEXT('2D SPACE',''
  ) );
#5155 = PCURVE('',#4022,#5156);
#5156 = DEFINITIONAL_REPRESENTATION('',(#5157),#5161);
#5157 = LINE('',#5158,#5159);
#5158 = CARTESIAN_POINT('',(85.,0.));
#5159 = VECTOR('',#5160,1.);
#5160 = DIRECTION('',(0.,1.));
#5161 = ( GEOMETRIC_REPRESENTATION_CONTEXT(2) 
PARAMETRIC_REPRESENTATION_CONTEXT() REPRESENTATION_CONTEXT('2D SPACE',''
  ) );
#5162 = ORIENTED_EDGE('',*,*,#5163,.T.);
#5163 = EDGE_CURVE('',#5131,#5164,#5166,.T.);
#5164 = VERTEX_POINT('',#5165);
#5165 = CARTESIAN_POINT('',(-28.43241741754,235.,989.70192296151));
#5166 = SURFACE_CURVE('',#5167,(#5170,#5177),.PCURVE_S1.);
#5167 = B_SPLINE_CURVE_WITH_KNOTS('',1,(#5168,#5169),.UNSPECIFIED.,.F.,
  .F.,(2,2),(0.,1.),.PIECEWISE_BEZIER_KNOTS.);
#5168 = CARTESIAN_POINT('',(-42.5,31.666228067138,965.28));
#5169 = CARTESIAN_POINT('',(-28.43241741754,235.,989.70192296151));
#5170 = PCURVE('',#4188,#5171);
#5171 = DEFINITIONAL_REPRESENTATION('',(#5172),#5176);
#5172 = LINE('',#5173,#5174);
#5173 = CARTESIAN_POINT('',(85.,0.));
#5174 = VECTOR('',#5175,1.);
#5175 = DIRECTION('',(0.,1.));
#5176 = ( GEOMETRIC_REPRESENTATION_CONTEXT(2) 
PARAMETRIC_REPRESENTATION_CONTEXT() REPRESENTATION_CONTEXT('2D SPACE',''
  ) );
#5177 = PCURVE('',#5178,#5183);
#5178 = B_SPLINE_SURFACE_WITH_KNOTS('',1,1,(
    (#5179,#5180)
    ,(#5181,#5182
    )),.UNSPECIFIED.,.F.,.F.,.F.,(2,2),(2,2),(0.,95.),(0.,1.),
  .PIECEWISE_BEZIER_KNOTS.);
#5179 = CARTESIAN_POINT('',(-42.5,31.666228067138,965.28));
#5180 = CARTESIAN_POINT('',(-28.43241741754,235.,989.70192296151));
#5181 = CARTESIAN_POINT('',(-42.5,31.666228067138,1.06028E+03));
#5182 = CARTESIAN_POINT('',(-11.95219796706,235.,1.047394230654E+03));
#5183 = DEFINITIONAL_REPRESENTATION('',(#5184),#5188);
#5184 = LINE('',#5185,#5186);
#5185 = CARTESIAN_POINT('',(0.,0.));
#5186 = VECTOR('',#5187,1.);
#5187 = DIRECTION('',(0.,1.));
#5188 = ( GEOMETRIC_REPRESENTATION_CONTEXT(2) 
PARAMETRIC_REPRESENTATION_CONTEXT() REPRESENTATION_CONTEXT('2D SPACE',''
  ) );
#5189 = ORIENTED_EDGE('',*,*,#5190,.F.);
#5190 = EDGE_CURVE('',#5191,#5164,#5193,.T.);
#5191 = VERTEX_POINT('',#5192);
#5192 = CARTESIAN_POINT('',(-8.240109725242,235.,983.93384615384));
#5193 = SURFACE_CURVE('',#5194,(#5198,#5204),.PCURVE_S1.);
#5194 = LINE('',#5195,#5196);
#5195 = CARTESIAN_POINT('',(11.952197967066,235.,978.16576934617));
#5196 = VECTOR('',#5197,1.);
#5197 = DIRECTION('',(-0.961538461538,0.,0.274670324175));
#5198 = PCURVE('',#4188,#5199);
#5199 = DEFINITIONAL_REPRESENTATION('',(#5200),#5203);
#5200 = B_SPLINE_CURVE_WITH_KNOTS('',1,(#5201,#5202),.UNSPECIFIED.,.F.,
  .F.,(2,2),(0.,42.),.PIECEWISE_BEZIER_KNOTS.);
#5201 = CARTESIAN_POINT('',(0.,1.));
#5202 = CARTESIAN_POINT('',(85.,1.));
#5203 = ( GEOMETRIC_REPRESENTATION_CONTEXT(2) 
PARAMETRIC_REPRESENTATION_CONTEXT() REPRESENTATION_CONTEXT('2D SPACE',''
  ) );
#5204 = PCURVE('',#5205,#5210);
#5205 = PLANE('',#5206);
#5206 = AXIS2_PLACEMENT_3D('',#5207,#5208,#5209);
#5207 = CARTESIAN_POINT('',(11.952197967066,235.,978.16576934617));
#5208 = DIRECTION('',(0.274670324175,-0.,0.961538461538));
#5209 = DIRECTION('',(-0.961538461538,0.,0.274670324175));
#5210 = DEFINITIONAL_REPRESENTATION('',(#5211),#5215);
#5211 = LINE('',#5212,#5213);
#5212 = CARTESIAN_POINT('',(0.,0.));
#5213 = VECTOR('',#5214,1.);
#5214 = DIRECTION('',(1.,0.));
#5215 = ( GEOMETRIC_REPRESENTATION_CONTEXT(2) 
PARAMETRIC_REPRESENTATION_CONTEXT() REPRESENTATION_CONTEXT('2D SPACE',''
  ) );
#5216 = ORIENTED_EDGE('',*,*,#5217,.F.);
#5217 = EDGE_CURVE('',#5218,#5191,#5220,.T.);
#5218 = VERTEX_POINT('',#5219);
#5219 = CARTESIAN_POINT('',(11.952197967066,235.,978.16576934617));
#5220 = SURFACE_CURVE('',#5221,(#5225,#5231),.PCURVE_S1.);
#5221 = LINE('',#5222,#5223);
#5222 = CARTESIAN_POINT('',(11.952197967066,235.,978.16576934617));
#5223 = VECTOR('',#5224,1.);
#5224 = DIRECTION('',(-0.961538461538,0.,0.274670324175));
#5225 = PCURVE('',#4188,#5226);
#5226 = DEFINITIONAL_REPRESENTATION('',(#5227),#5230);
#5227 = B_SPLINE_CURVE_WITH_KNOTS('',1,(#5228,#5229),.UNSPECIFIED.,.F.,
  .F.,(2,2),(0.,42.),.PIECEWISE_BEZIER_KNOTS.);
#5228 = CARTESIAN_POINT('',(0.,1.));
#5229 = CARTESIAN_POINT('',(85.,1.));
#5230 = ( GEOMETRIC_REPRESENTATION_CONTEXT(2) 
PARAMETRIC_REPRESENTATION_CONTEXT() REPRESENTATION_CONTEXT('2D SPACE',''
  ) );
#5231 = PCURVE('',#5232,#5237);
#5232 = PLANE('',#5233);
#5233 = AXIS2_PLACEMENT_3D('',#5234,#5235,#5236);
#5234 = CARTESIAN_POINT('',(11.952197967066,235.,978.16576934617));
#5235 = DIRECTION('',(0.274670324175,-0.,0.961538461538));
#5236 = DIRECTION('',(-0.961538461538,0.,0.274670324175));
#5237 = DEFINITIONAL_REPRESENTATION('',(#5238),#5242);
#5238 = LINE('',#5239,#5240);
#5239 = CARTESIAN_POINT('',(0.,0.));
#5240 = VECTOR('',#5241,1.);
#5241 = DIRECTION('',(1.,0.));
#5242 = ( GEOMETRIC_REPRESENTATION_CONTEXT(2) 
PARAMETRIC_REPRESENTATION_CONTEXT() REPRESENTATION_CONTEXT('2D SPACE',''
  ) );
#5243 = ORIENTED_EDGE('',*,*,#5244,.F.);
#5244 = EDGE_CURVE('',#5027,#5218,#5245,.T.);
#5245 = SURFACE_CURVE('',#5246,(#5249,#5256),.PCURVE_S1.);
#5246 = B_SPLINE_CURVE_WITH_KNOTS('',1,(#5247,#5248),.UNSPECIFIED.,.F.,
  .F.,(2,2),(0.,1.),.PIECEWISE_BEZIER_KNOTS.);
#5247 = CARTESIAN_POINT('',(42.5,31.666228067138,965.28));
#5248 = CARTESIAN_POINT('',(11.952197967066,235.,978.16576934617));
#5249 = PCURVE('',#4188,#5250);
#5250 = DEFINITIONAL_REPRESENTATION('',(#5251),#5255);
#5251 = LINE('',#5252,#5253);
#5252 = CARTESIAN_POINT('',(0.,0.));
#5253 = VECTOR('',#5254,1.);
#5254 = DIRECTION('',(0.,1.));
#5255 = ( GEOMETRIC_REPRESENTATION_CONTEXT(2) 
PARAMETRIC_REPRESENTATION_CONTEXT() REPRESENTATION_CONTEXT('2D SPACE',''
  ) );
#5256 = PCURVE('',#5050,#5257);
#5257 = DEFINITIONAL_REPRESENTATION('',(#5258),#5262);
#5258 = LINE('',#5259,#5260);
#5259 = CARTESIAN_POINT('',(95.,0.));
#5260 = VECTOR('',#5261,1.);
#5261 = DIRECTION('',(0.,1.));
#5262 = ( GEOMETRIC_REPRESENTATION_CONTEXT(2) 
PARAMETRIC_REPRESENTATION_CONTEXT() REPRESENTATION_CONTEXT('2D SPACE',''
  ) );
#5263 = ORIENTED_EDGE('',*,*,#5064,.F.);
#5264 = ORIENTED_EDGE('',*,*,#5094,.T.);
#5265 = ORIENTED_EDGE('',*,*,#4094,.T.);
#5266 = ADVANCED_FACE('',(#5267),#4022,.F.);
#5267 = FACE_BOUND('',#5268,.F.);
#5268 = EDGE_LOOP('',(#5269,#5394,#5395,#5396));
#5269 = ORIENTED_EDGE('',*,*,#5270,.F.);
#5270 = EDGE_CURVE('',#3873,#5271,#5273,.T.);
#5271 = VERTEX_POINT('',#5272);
#5272 = CARTESIAN_POINT('',(-42.05646827714,38.076425547948,
    966.05790258894));
#5273 = SURFACE_CURVE('',#5274,(#5312,#5353),.PCURVE_S1.);
#5274 = B_SPLINE_CURVE_WITH_KNOTS('',6,(#5275,#5276,#5277,#5278,#5279,
    #5280,#5281,#5282,#5283,#5284,#5285,#5286,#5287,#5288,#5289,#5290,
    #5291,#5292,#5293,#5294,#5295,#5296,#5297,#5298,#5299,#5300,#5301,
    #5302,#5303,#5304,#5305,#5306,#5307,#5308,#5309,#5310,#5311),
  .UNSPECIFIED.,.F.,.F.,(7,5,5,5,5,5,5,7),(0.,0.131206631785,
    0.277284295919,0.423209985495,0.567760327944,0.711521097609,
    0.855684792861,1.),.UNSPECIFIED.);
#5275 = CARTESIAN_POINT('',(-36.0374304296,31.666228067138,
    972.01645140841));
#5276 = CARTESIAN_POINT('',(-36.22905652629,31.666228050991,
    971.82675202569));
#5277 = CARTESIAN_POINT('',(-36.42383655946,31.673491532796,
    971.63393034772));
#5278 = CARTESIAN_POINT('',(-36.62135190526,31.688466637254,
    971.43840078186));
#5279 = CARTESIAN_POINT('',(-36.8211021233,31.711574337357,
    971.24065873378));
#5280 = CARTESIAN_POINT('',(-37.02251074642,31.7431856301,
    971.04127487357));
#5281 = CARTESIAN_POINT('',(-37.45029382621,31.828592235383,
    970.61779212966));
#5282 = CARTESIAN_POINT('',(-37.67691060013,31.884495785633,
    970.39345334558));
#5283 = CARTESIAN_POINT('',(-37.90389036187,31.951720660307,
    970.16875512063));
#5284 = CARTESIAN_POINT('',(-38.13023738107,32.030566854934,
    969.94468317597));
#5285 = CARTESIAN_POINT('',(-38.35487341311,32.121180936797,
    969.72230492088));
#5286 = CARTESIAN_POINT('',(-38.79827352469,32.325777379775,
    969.28336115402));
#5287 = CARTESIAN_POINT('',(-39.01704307451,32.439735203601,
    969.06679022713));
#5288 = CARTESIAN_POINT('',(-39.23189141831,32.565375418425,
    968.85410100449));
#5289 = CARTESIAN_POINT('',(-39.4416787444,32.702491769088,
    968.64642184994));
#5290 = CARTESIAN_POINT('',(-39.64528472296,32.850678853846,
    968.44486184431));
#5291 = CARTESIAN_POINT('',(-40.03620564476,33.166524611745,
    968.05786901886));
#5292 = CARTESIAN_POINT('',(-40.22365598663,33.3339865975,
    967.87230216237));
#5293 = CARTESIAN_POINT('',(-40.40301150606,33.51116439343,
    967.69474872456));
#5294 = CARTESIAN_POINT('',(-40.57333884374,33.697311493645,
    967.5261326982));
#5295 = CARTESIAN_POINT('',(-40.73384106024,33.891525274487,
    967.36724302795));
#5296 = CARTESIAN_POINT('',(-41.03312250696,34.292979368312,
    967.07096834266));
#5297 = CARTESIAN_POINT('',(-41.17201601573,34.50014326894,
    966.93347019769));
#5298 = CARTESIAN_POINT('',(-41.29995509157,34.713306052057,
    966.80681639829));
#5299 = CARTESIAN_POINT('',(-41.4164902494,34.931381485641,
    966.69145192505));
#5300 = CARTESIAN_POINT('',(-41.52136867731,35.153240885935,
    966.58762706002));
#5301 = CARTESIAN_POINT('',(-41.7079339354,35.602931786845,
    966.40293592453));
#5302 = CARTESIAN_POINT('',(-41.78955535844,35.830779169944,
    966.3221344041));
#5303 = CARTESIAN_POINT('',(-41.85931455291,36.060191956794,
    966.25307594232));
#5304 = CARTESIAN_POINT('',(-41.9173285754,36.290066379013,
    966.19564466504));
#5305 = CARTESIAN_POINT('',(-41.96388366183,36.519374853776,
    966.14955721606));
#5306 = CARTESIAN_POINT('',(-42.03493508615,36.975254385114,
    966.07921948672));
#5307 = CARTESIAN_POINT('',(-42.05940827615,37.20182337656,
    966.0549921217));
#5308 = CARTESIAN_POINT('',(-42.07322277042,37.425974646376,
    966.04131638874));
#5309 = CARTESIAN_POINT('',(-42.07691716012,37.646895186939,
    966.03765910786));
#5310 = CARTESIAN_POINT('',(-42.07111243523,37.863896610921,
    966.04340552662));
#5311 = CARTESIAN_POINT('',(-42.05646827714,38.076425547948,
    966.05790258895));
#5312 = PCURVE('',#4022,#5313);
#5313 = DEFINITIONAL_REPRESENTATION('',(#5314),#5352);
#5314 = B_SPLINE_CURVE_WITH_KNOTS('',6,(#5315,#5316,#5317,#5318,#5319,
    #5320,#5321,#5322,#5323,#5324,#5325,#5326,#5327,#5328,#5329,#5330,
    #5331,#5332,#5333,#5334,#5335,#5336,#5337,#5338,#5339,#5340,#5341,
    #5342,#5343,#5344,#5345,#5346,#5347,#5348,#5349,#5350,#5351),
  .UNSPECIFIED.,.F.,.F.,(7,5,5,5,5,5,5,7),(0.,0.131206631785,
    0.277284295919,0.423209985495,0.567760327944,0.711521097609,
    0.855684792861,1.),.UNSPECIFIED.);
#5315 = CARTESIAN_POINT('',(6.970714495728E-11,78.537430429402));
#5316 = CARTESIAN_POINT('',(1.807481351095,78.729056529961));
#5317 = CARTESIAN_POINT('',(3.613565869653,78.923836565568));
#5318 = CARTESIAN_POINT('',(5.41827704731,79.12135191383));
#5319 = CARTESIAN_POINT('',(7.221657311732,79.321102134101));
#5320 = CARTESIAN_POINT('',(9.023768230302,79.522510758661));
#5321 = CARTESIAN_POINT('',(12.829730749357,79.950293840928));
#5322 = CARTESIAN_POINT('',(14.833295902991,80.176910615661));
#5323 = CARTESIAN_POINT('',(16.835500073644,80.403890377767));
#5324 = CARTESIAN_POINT('',(18.836479702416,80.630237396956));
#5325 = CARTESIAN_POINT('',(20.83639246204,80.854873428669));
#5326 = CARTESIAN_POINT('',(24.832345843871,81.298273539103));
#5327 = CARTESIAN_POINT('',(26.828385106488,81.517043088117));
#5328 = CARTESIAN_POINT('',(28.823696083921,81.731891430937));
#5329 = CARTESIAN_POINT('',(30.818448895431,81.94167875595));
#5330 = CARTESIAN_POINT('',(32.812806853772,82.145284733403));
#5331 = CARTESIAN_POINT('',(36.782226199219,82.536205653028));
#5332 = CARTESIAN_POINT('',(38.757292324855,82.723655993822));
#5333 = CARTESIAN_POINT('',(40.73224616058,82.903011512242));
#5334 = CARTESIAN_POINT('',(42.707202669096,83.073338849011));
#5335 = CARTESIAN_POINT('',(44.682246951015,83.233841064688));
#5336 = CARTESIAN_POINT('',(48.621811805592,83.533122509999));
#5337 = CARTESIAN_POINT('',(50.586336723482,83.672016018165));
#5338 = CARTESIAN_POINT('',(52.551037704892,83.799955093513));
#5339 = CARTESIAN_POINT('',(54.5159357553,83.916490250953));
#5340 = CARTESIAN_POINT('',(56.4810248273,84.021368678547));
#5341 = CARTESIAN_POINT('',(60.417017541811,84.207933936142));
#5342 = CARTESIAN_POINT('',(62.387930243208,84.289555358991));
#5343 = CARTESIAN_POINT('',(64.358968418964,84.359314553337));
#5344 = CARTESIAN_POINT('',(66.330093117946,84.417328575723));
#5345 = CARTESIAN_POINT('',(68.301257933873,84.463883662093));
#5346 = CARTESIAN_POINT('',(72.245630405353,84.534935086308));
#5347 = CARTESIAN_POINT('',(74.218843064697,84.559408276294));
#5348 = CARTESIAN_POINT('',(76.191997413734,84.573222770504));
#5349 = CARTESIAN_POINT('',(78.165052953689,84.576917160163));
#5350 = CARTESIAN_POINT('',(80.137976821556,84.571112435314));
#5351 = CARTESIAN_POINT('',(82.110743001847,84.556468277202));
#5352 = ( GEOMETRIC_REPRESENTATION_CONTEXT(2) 
PARAMETRIC_REPRESENTATION_CONTEXT() REPRESENTATION_CONTEXT('2D SPACE',''
  ) );
#5353 = PCURVE('',#3898,#5354);
#5354 = DEFINITIONAL_REPRESENTATION('',(#5355),#5393);
#5355 = B_SPLINE_CURVE_WITH_KNOTS('',6,(#5356,#5357,#5358,#5359,#5360,
    #5361,#5362,#5363,#5364,#5365,#5366,#5367,#5368,#5369,#5370,#5371,
    #5372,#5373,#5374,#5375,#5376,#5377,#5378,#5379,#5380,#5381,#5382,
    #5383,#5384,#5385,#5386,#5387,#5388,#5389,#5390,#5391,#5392),
  .UNSPECIFIED.,.F.,.F.,(7,5,5,5,5,5,5,7),(0.,0.131206631785,
    0.277284295919,0.423209985495,0.567760327944,0.711521097609,
    0.855684792861,1.),.UNSPECIFIED.);
#5356 = CARTESIAN_POINT('',(0.,6.736451408418));
#5357 = CARTESIAN_POINT('',(2.059231131249,6.546752017371));
#5358 = CARTESIAN_POINT('',(4.118525951292,6.353930332178));
#5359 = CARTESIAN_POINT('',(6.177961115373,6.158400760201));
#5360 = CARTESIAN_POINT('',(8.237631905004,5.960658707091));
#5361 = CARTESIAN_POINT('',(10.297649951614,5.761274842885));
#5362 = CARTESIAN_POINT('',(14.652169161441,5.337792092553));
#5363 = CARTESIAN_POINT('',(16.94678157118,5.11345330627));
#5364 = CARTESIAN_POINT('',(19.242154193281,4.888755080212));
#5365 = CARTESIAN_POINT('',(21.538476523512,4.664683135387));
#5366 = CARTESIAN_POINT('',(23.835945363003,4.442304880916));
#5367 = CARTESIAN_POINT('',(28.431168459169,4.003361116494));
#5368 = CARTESIAN_POINT('',(30.728916229535,3.786790191427));
#5369 = CARTESIAN_POINT('',(33.028186458286,3.574100971053));
#5370 = CARTESIAN_POINT('',(35.32915101268,3.366421819041));
#5371 = CARTESIAN_POINT('',(37.631951736985,3.164861816057));
#5372 = CARTESIAN_POINT('',(42.21970149785,2.77786899588));
#5373 = CARTESIAN_POINT('',(44.504614259467,2.59230214202));
#5374 = CARTESIAN_POINT('',(46.791515636237,2.414748706724));
#5375 = CARTESIAN_POINT('',(49.080453710887,2.246132682699));
#5376 = CARTESIAN_POINT('',(51.371424637273,2.08724301455));
#5377 = CARTESIAN_POINT('',(55.944784127062,1.790968332991));
#5378 = CARTESIAN_POINT('',(58.22715793092,1.653470189644));
#5379 = CARTESIAN_POINT('',(60.511421639981,1.526816391613));
#5380 = CARTESIAN_POINT('',(62.797476657245,1.411451919524));
#5381 = CARTESIAN_POINT('',(65.085188257153,1.307627055434));
#5382 = CARTESIAN_POINT('',(69.67000122489,1.122935921508));
#5383 = CARTESIAN_POINT('',(71.96712048356,1.042134401688));
#5384 = CARTESIAN_POINT('',(74.265574820814,0.973075940381));
#5385 = CARTESIAN_POINT('',(76.565193900585,0.915644663471));
#5386 = CARTESIAN_POINT('',(78.865807231477,0.869557214789));
#5387 = CARTESIAN_POINT('',(83.47110494469,0.799219485924));
#5388 = CARTESIAN_POINT('',(85.775797001502,0.7749921211));
#5389 = CARTESIAN_POINT('',(88.08116068622,0.761316388292));
#5390 = CARTESIAN_POINT('',(90.387056362992,0.757659107556));
#5391 = CARTESIAN_POINT('',(92.693367298283,0.763405526463));
#5392 = CARTESIAN_POINT('',(95.,0.777902588951));
#5393 = ( GEOMETRIC_REPRESENTATION_CONTEXT(2) 
PARAMETRIC_REPRESENTATION_CONTEXT() REPRESENTATION_CONTEXT('2D SPACE',''
  ) );
#5394 = ORIENTED_EDGE('',*,*,#3944,.T.);
#5395 = ORIENTED_EDGE('',*,*,#5130,.T.);
#5396 = ORIENTED_EDGE('',*,*,#5397,.F.);
#5397 = EDGE_CURVE('',#5271,#5131,#5398,.T.);
#5398 = SURFACE_CURVE('',#5399,(#5405,#5414),.PCURVE_S1.);
#5399 = B_SPLINE_CURVE_WITH_KNOTS('',4,(#5400,#5401,#5402,#5403,#5404),
  .UNSPECIFIED.,.F.,.F.,(5,5),(0.,1.),.PIECEWISE_BEZIER_KNOTS.);
#5400 = CARTESIAN_POINT('',(-42.05646827725,38.076425547947,
    966.05790258895));
#5401 = CARTESIAN_POINT('',(-42.05110716288,38.154230767656,
    966.06320985268));
#5402 = CARTESIAN_POINT('',(-42.04578411713,38.231385262707,
    966.06982745758));
#5403 = CARTESIAN_POINT('',(-42.04050162801,38.30784802034,
    966.07770875882));
#5404 = CARTESIAN_POINT('',(-42.03526180871,38.383584716132,
    966.08680530846));
#5405 = PCURVE('',#4022,#5406);
#5406 = DEFINITIONAL_REPRESENTATION('',(#5407),#5413);
#5407 = B_SPLINE_CURVE_WITH_KNOTS('',4,(#5408,#5409,#5410,#5411,#5412),
  .UNSPECIFIED.,.F.,.F.,(5,5),(0.,1.),.PIECEWISE_BEZIER_KNOTS.);
#5408 = CARTESIAN_POINT('',(82.110743005243,84.556468277285));
#5409 = CARTESIAN_POINT('',(82.832957628063,84.551107162913));
#5410 = CARTESIAN_POINT('',(83.555241303179,84.545784117149));
#5411 = CARTESIAN_POINT('',(84.277589817543,84.540501628023));
#5412 = CARTESIAN_POINT('',(85.,84.535261808714));
#5413 = ( GEOMETRIC_REPRESENTATION_CONTEXT(2) 
PARAMETRIC_REPRESENTATION_CONTEXT() REPRESENTATION_CONTEXT('2D SPACE',''
  ) );
#5414 = PCURVE('',#5178,#5415);
#5415 = DEFINITIONAL_REPRESENTATION('',(#5416),#5422);
#5416 = B_SPLINE_CURVE_WITH_KNOTS('',4,(#5417,#5418,#5419,#5420,#5421),
  .UNSPECIFIED.,.F.,.F.,(5,5),(0.,1.),.PIECEWISE_BEZIER_KNOTS.);
#5417 = CARTESIAN_POINT('',(8.089570906639E-03,3.152549337906E-02));
#5418 = CARTESIAN_POINT('',(4.002454900311E-03,3.190814117519E-02));
#5419 = CARTESIAN_POINT('',(1.319573887552E-03,3.228758869302E-02));
#5420 = CARTESIAN_POINT('',(-5.387834348443E-12,3.266363423089E-02));
#5421 = CARTESIAN_POINT('',(-5.623300232192E-12,3.303610898052E-02));
#5422 = ( GEOMETRIC_REPRESENTATION_CONTEXT(2) 
PARAMETRIC_REPRESENTATION_CONTEXT() REPRESENTATION_CONTEXT('2D SPACE',''
  ) );
#5423 = ADVANCED_FACE('',(#5424),#3898,.F.);
#5424 = FACE_BOUND('',#5425,.F.);
#5425 = EDGE_LOOP('',(#5426,#5563,#5596,#5688,#5725,#5752,#5753,#5754,
    #5787));
#5426 = ORIENTED_EDGE('',*,*,#5427,.F.);
#5427 = EDGE_CURVE('',#5428,#5430,#5432,.T.);
#5428 = VERTEX_POINT('',#5429);
#5429 = CARTESIAN_POINT('',(-35.56683112433,31.666228067138,
    1.053861825793E+03));
#5430 = VERTEX_POINT('',#5431);
#5431 = CARTESIAN_POINT('',(-41.51928960542,38.041918837488,
    1.05987585763E+03));
#5432 = SURFACE_CURVE('',#5433,(#5461,#5515),.PCURVE_S1.);
#5433 = B_SPLINE_CURVE_WITH_KNOTS('',6,(#5434,#5435,#5436,#5437,#5438,
    #5439,#5440,#5441,#5442,#5443,#5444,#5445,#5446,#5447,#5448,#5449,
    #5450,#5451,#5452,#5453,#5454,#5455,#5456,#5457,#5458,#5459,#5460),
  .UNSPECIFIED.,.F.,.F.,(7,5,5,5,5,7),(0.,0.133188144697,0.350922276311,
    0.567796710832,0.784101832033,1.),.UNSPECIFIED.);
#5434 = CARTESIAN_POINT('',(-35.56698466954,31.666228069126,
    1.053861980926E+03));
#5435 = CARTESIAN_POINT('',(-35.75761580272,31.666232985156,
    1.054054583001E+03));
#5436 = CARTESIAN_POINT('',(-35.95145173083,31.673593538577,
    1.054250423081E+03));
#5437 = CARTESIAN_POINT('',(-36.14807461897,31.688773210867,
    1.054449079016E+03));
#5438 = CARTESIAN_POINT('',(-36.3469826526,31.712209171998,
    1.054650043807E+03));
#5439 = CARTESIAN_POINT('',(-36.54759537789,31.744288304537,
    1.054852731001E+03));
#5440 = CARTESIAN_POINT('',(-37.07893600318,31.852406551018,
    1.055389566265E+03));
#5441 = CARTESIAN_POINT('',(-37.41142060129,31.943424527809,
    1.055725489341E+03));
#5442 = CARTESIAN_POINT('',(-37.7438637675,32.059740117276,
    1.056061370789E+03));
#5443 = CARTESIAN_POINT('',(-38.0729036295,32.202196560261,
    1.056393813967E+03));
#5444 = CARTESIAN_POINT('',(-38.39482490754,32.370785171893,
    1.05671906515E+03));
#5445 = CARTESIAN_POINT('',(-39.01595251325,32.757584395699,
    1.057346617994E+03));
#5446 = CARTESIAN_POINT('',(-39.31524165574,32.97559604038,
    1.057649003325E+03));
#5447 = CARTESIAN_POINT('',(-39.60028722368,33.217675210449,
    1.057936997912E+03));
#5448 = CARTESIAN_POINT('',(-39.86756619404,33.481982907963,
    1.05820704225E+03));
#5449 = CARTESIAN_POINT('',(-40.11408967394,33.765733082423,
    1.058456116477E+03));
#5450 = CARTESIAN_POINT('',(-40.56074395089,34.364694134131,
    1.058907392417E+03));
#5451 = CARTESIAN_POINT('',(-40.76099719255,34.67982348211,
    1.059109717841E+03));
#5452 = CARTESIAN_POINT('',(-40.93633018838,35.007700374795,
    1.059286865225E+03));
#5453 = CARTESIAN_POINT('',(-41.0854355888,35.344491817794,
    1.059437513654E+03));
#5454 = CARTESIAN_POINT('',(-41.20806850266,35.686288950505,
    1.059561415672E+03));
#5455 = CARTESIAN_POINT('',(-41.40135647795,36.372091609117,
    1.059756703977E+03));
#5456 = CARTESIAN_POINT('',(-41.4721111125,36.716097010342,
    1.059828190868E+03));
#5457 = CARTESIAN_POINT('',(-41.51763654681,37.057971901207,
    1.059874187462E+03));
#5458 = CARTESIAN_POINT('',(-41.53933907688,37.394492943261,
    1.059896114601E+03));
#5459 = CARTESIAN_POINT('',(-41.5391712559,37.723111848457,
    1.059895945042E+03));
#5460 = CARTESIAN_POINT('',(-41.51928960542,38.041918837488,
    1.05987585763E+03));
#5461 = PCURVE('',#3898,#5462);
#5462 = DEFINITIONAL_REPRESENTATION('',(#5463),#5514);
#5463 = B_SPLINE_CURVE_WITH_KNOTS('',9,(#5464,#5465,#5466,#5467,#5468,
    #5469,#5470,#5471,#5472,#5473,#5474,#5475,#5476,#5477,#5478,#5479,
    #5480,#5481,#5482,#5483,#5484,#5485,#5486,#5487,#5488,#5489,#5490,
    #5491,#5492,#5493,#5494,#5495,#5496,#5497,#5498,#5499,#5500,#5501,
    #5502,#5503,#5504,#5505,#5506,#5507,#5508,#5509,#5510,#5511,#5512,
    #5513),.UNSPECIFIED.,.F.,.F.,(10,8,8,8,8,8,10),(0.,0.125,0.25,0.5,
    0.75,0.875,1.),.UNSPECIFIED.);
#5464 = CARTESIAN_POINT('',(-8.881784197001E-16,88.581825793422));
#5465 = CARTESIAN_POINT('',(1.256064484463,88.702334065569));
#5466 = CARTESIAN_POINT('',(2.514876901782,88.824355036712));
#5467 = CARTESIAN_POINT('',(3.772616972007,88.94747187338));
#5468 = CARTESIAN_POINT('',(5.010391950953,89.069662269567));
#5469 = CARTESIAN_POINT('',(6.28606800701,89.196588886552));
#5470 = CARTESIAN_POINT('',(7.523298978866,89.320590477443));
#5471 = CARTESIAN_POINT('',(8.781495489284,89.447412394597));
#5472 = CARTESIAN_POINT('',(10.032133401237,89.574125559776));
#5473 = CARTESIAN_POINT('',(12.53435007863,89.828653417394));
#5474 = CARTESIAN_POINT('',(13.78478981144,89.956376333312));
#5475 = CARTESIAN_POINT('',(15.034659372038,90.084420892624));
#5476 = CARTESIAN_POINT('',(16.284032343614,90.212647205761));
#5477 = CARTESIAN_POINT('',(17.532957458849,90.340912837272));
#5478 = CARTESIAN_POINT('',(18.781458599949,90.469072805862));
#5479 = CARTESIAN_POINT('',(20.029534798608,90.596979584358));
#5480 = CARTESIAN_POINT('',(21.277160236038,90.724483099726));
#5481 = CARTESIAN_POINT('',(25.018532256784,91.105325999763));
#5482 = CARTESIAN_POINT('',(27.510827087915,91.357003188542));
#5483 = CARTESIAN_POINT('',(30.001888469008,91.605121471177));
#5484 = CARTESIAN_POINT('',(32.492031923282,91.848339598636));
#5485 = CARTESIAN_POINT('',(34.98132081218,92.085330405058));
#5486 = CARTESIAN_POINT('',(37.469718383168,92.314795311722));
#5487 = CARTESIAN_POINT('',(39.95723981736,92.535478831001));
#5488 = CARTESIAN_POINT('',(42.444104277322,92.746183070336));
#5489 = CARTESIAN_POINT('',(47.417669632135,93.14538140206));
#5490 = CARTESIAN_POINT('',(49.904184394038,93.333955107264));
#5491 = CARTESIAN_POINT('',(52.390515337855,93.510400090767));
#5492 = CARTESIAN_POINT('',(54.876719176975,93.673805439371));
#5493 = CARTESIAN_POINT('',(57.362825240779,93.823452587723));
#5494 = CARTESIAN_POINT('',(59.848835474604,93.958815318294));
#5495 = CARTESIAN_POINT('',(62.334724439798,94.079559761431));
#5496 = CARTESIAN_POINT('',(64.820439313653,94.185544395284));
#5497 = CARTESIAN_POINT('',(68.548630177374,94.32245787117));
#5498 = CARTESIAN_POINT('',(69.79129285491,94.364420050429));
#5499 = CARTESIAN_POINT('',(71.033883099523,94.402716886889));
#5500 = CARTESIAN_POINT('',(72.276393772653,94.437368816684));
#5501 = CARTESIAN_POINT('',(73.518815419839,94.468406408906));
#5502 = CARTESIAN_POINT('',(74.76113627057,94.495870365512));
#5503 = CARTESIAN_POINT('',(76.003342238444,94.519811521431));
#5504 = CARTESIAN_POINT('',(77.245416921035,94.540290844467));
#5505 = CARTESIAN_POINT('',(79.729266278922,94.574468026269));
#5506 = CARTESIAN_POINT('',(80.97067998324,94.588161573114));
#5507 = CARTESIAN_POINT('',(82.213455979414,94.598549731461));
#5508 = CARTESIAN_POINT('',(83.454941078301,94.605654086282));
#5509 = CARTESIAN_POINT('',(84.694238506828,94.609626216498));
#5510 = CARTESIAN_POINT('',(85.936114704543,94.610533221702));
#5511 = CARTESIAN_POINT('',(87.181036120369,94.60840301894));
#5512 = CARTESIAN_POINT('',(88.417212579101,94.603455841832));
#5513 = CARTESIAN_POINT('',(89.657894278516,94.595702497126));
#5514 = ( GEOMETRIC_REPRESENTATION_CONTEXT(2) 
PARAMETRIC_REPRESENTATION_CONTEXT() REPRESENTATION_CONTEXT('2D SPACE',''
  ) );
#5515 = PCURVE('',#4944,#5516);
#5516 = DEFINITIONAL_REPRESENTATION('',(#5517),#5562);
#5517 = B_SPLINE_CURVE_WITH_KNOTS('',8,(#5518,#5519,#5520,#5521,#5522,
    #5523,#5524,#5525,#5526,#5527,#5528,#5529,#5530,#5531,#5532,#5533,
    #5534,#5535,#5536,#5537,#5538,#5539,#5540,#5541,#5542,#5543,#5544,
    #5545,#5546,#5547,#5548,#5549,#5550,#5551,#5552,#5553,#5554,#5555,
    #5556,#5557,#5558,#5559,#5560,#5561),.UNSPECIFIED.,.F.,.F.,(9,7,7,7,
    7,7,9),(0.,0.125,0.25,0.5,0.75,0.875,1.),.UNSPECIFIED.);
#5518 = CARTESIAN_POINT('',(85.,6.933168875661));
#5519 = CARTESIAN_POINT('',(83.690739269452,6.798984456173));
#5520 = CARTESIAN_POINT('',(82.37540112454,6.662690913649));
#5521 = CARTESIAN_POINT('',(81.073195252438,6.526380474871));
#5522 = CARTESIAN_POINT('',(79.759611125964,6.387712312264));
#5523 = CARTESIAN_POINT('',(78.447980796759,6.248138673204));
#5524 = CARTESIAN_POINT('',(77.138854433039,6.107959727127));
#5525 = CARTESIAN_POINT('',(75.82701353951,5.966769904373));
#5526 = CARTESIAN_POINT('',(73.203429319472,5.683356975065));
#5527 = CARTESIAN_POINT('',(71.891298772287,5.541066511778));
#5528 = CARTESIAN_POINT('',(70.578685349691,5.398395912926));
#5529 = CARTESIAN_POINT('',(69.265486565818,5.255553592863));
#5530 = CARTESIAN_POINT('',(67.951641887197,5.112752517223));
#5531 = CARTESIAN_POINT('',(66.637132732734,4.970210202924));
#5532 = CARTESIAN_POINT('',(65.321982473728,4.828148718167));
#5533 = CARTESIAN_POINT('',(61.374804354121,4.404086610967));
#5534 = CARTESIAN_POINT('',(58.741000850665,4.12420097092));
#5535 = CARTESIAN_POINT('',(56.103820411613,3.849129239693));
#5536 = CARTESIAN_POINT('',(53.462947115741,3.580862766206));
#5537 = CARTESIAN_POINT('',(50.818456603798,3.321360915874));
#5538 = CARTESIAN_POINT('',(48.170498049842,3.072519215576));
#5539 = CARTESIAN_POINT('',(45.518976132556,2.83613749863));
#5540 = CARTESIAN_POINT('',(40.207489880614,2.39163860091));
#5541 = CARTESIAN_POINT('',(37.547736739776,2.183419685154));
#5542 = CARTESIAN_POINT('',(34.884015229187,1.990869181515));
#5543 = CARTESIAN_POINT('',(32.216425794471,1.815282305147));
#5544 = CARTESIAN_POINT('',(29.545127681761,1.657611607344));
#5545 = CARTESIAN_POINT('',(26.870338937694,1.518466975542));
#5546 = CARTESIAN_POINT('',(24.19233640942,1.398115633314));
#5547 = CARTESIAN_POINT('',(20.171015412177,1.245665393904));
#5548 = CARTESIAN_POINT('',(18.829857175017,1.199526045649));
#5549 = CARTESIAN_POINT('',(17.48801412645,1.158048811391));
#5550 = CARTESIAN_POINT('',(16.145522192411,1.121200349763));
#5551 = CARTESIAN_POINT('',(14.802420131428,1.08892926225));
#5552 = CARTESIAN_POINT('',(13.458749534631,1.061166093182));
#5553 = CARTESIAN_POINT('',(12.114554825739,1.037823329743));
#5554 = CARTESIAN_POINT('',(9.425211696407,0.999767474183));
#5555 = CARTESIAN_POINT('',(8.0804871346,0.985059686388));
#5556 = CARTESIAN_POINT('',(6.73316324655,0.974540530862));
#5557 = CARTESIAN_POINT('',(5.38813237873,0.968192889996));
#5558 = CARTESIAN_POINT('',(4.044843017041,0.965695494798));
#5559 = CARTESIAN_POINT('',(2.690785281513,0.967167019361));
#5560 = CARTESIAN_POINT('',(1.349069299598,0.972230776949));
#5561 = CARTESIAN_POINT('',(1.498176142335E-03,0.980863939778));
#5562 = ( GEOMETRIC_REPRESENTATION_CONTEXT(2) 
PARAMETRIC_REPRESENTATION_CONTEXT() REPRESENTATION_CONTEXT('2D SPACE',''
  ) );
#5563 = ORIENTED_EDGE('',*,*,#5564,.F.);
#5564 = EDGE_CURVE('',#5565,#5428,#5567,.T.);
#5565 = VERTEX_POINT('',#5566);
#5566 = CARTESIAN_POINT('',(-35.57917500141,31.666228067138,1.05178E+03)
  );
#5567 = SURFACE_CURVE('',#5568,(#5580,#5587),.PCURVE_S1.);
#5568 = B_SPLINE_CURVE_WITH_KNOTS('',4,(#5569,#5570,#5571,#5572,#5573,
    #5574,#5575,#5576,#5577,#5578,#5579),.UNSPECIFIED.,.F.,.F.,(5,3,3,5)
  ,(-4.599802663656,7.462398752297E-13,95.000000000001,99.6510344834),
  .UNSPECIFIED.);
#5569 = CARTESIAN_POINT('',(-36.10055179431,31.666228067138,
    960.62887121845));
#5570 = CARTESIAN_POINT('',(-36.09404602892,31.666228067138,
    961.80448494331));
#5571 = CARTESIAN_POINT('',(-36.08758760273,31.666228067138,
    962.97154431519));
#5572 = CARTESIAN_POINT('',(-36.08117651574,31.666228067138,
    964.13004933408));
#5573 = CARTESIAN_POINT('',(-35.94338190365,31.666228067138,
    989.02999999999));
#5574 = CARTESIAN_POINT('',(-35.80852676226,31.666228067138,1.01278E+03)
  );
#5575 = CARTESIAN_POINT('',(-35.6702664569,31.666228067138,1.03653E+03)
  );
#5576 = CARTESIAN_POINT('',(-35.5217206152,31.666228067138,
    1.061442758621E+03));
#5577 = CARTESIAN_POINT('',(-35.51478742038,31.666228067138,
    1.062605531048E+03));
#5578 = CARTESIAN_POINT('',(-35.50785414325,31.666228067138,
    1.063768317281E+03));
#5579 = CARTESIAN_POINT('',(-35.50092078379,31.666228067138,
    1.06493111732E+03));
#5580 = PCURVE('',#3898,#5581);
#5581 = DEFINITIONAL_REPRESENTATION('',(#5582),#5586);
#5582 = LINE('',#5583,#5584);
#5583 = CARTESIAN_POINT('',(0.,0.));
#5584 = VECTOR('',#5585,1.);
#5585 = DIRECTION('',(0.,1.));
#5586 = ( GEOMETRIC_REPRESENTATION_CONTEXT(2) 
PARAMETRIC_REPRESENTATION_CONTEXT() REPRESENTATION_CONTEXT('2D SPACE',''
  ) );
#5587 = PCURVE('',#4836,#5588);
#5588 = DEFINITIONAL_REPRESENTATION('',(#5589),#5595);
#5589 = B_SPLINE_CURVE_WITH_KNOTS('',4,(#5590,#5591,#5592,#5593,#5594),
  .UNSPECIFIED.,.F.,.F.,(5,5),(7.462398752297E-13,95.000000000001),
  .PIECEWISE_BEZIER_KNOTS.);
#5590 = CARTESIAN_POINT('',(75.082206602339,-58.55719667718));
#5591 = CARTESIAN_POINT('',(57.470362830816,-42.62287105481));
#5592 = CARTESIAN_POINT('',(39.860802349644,-26.6859935197));
#5593 = CARTESIAN_POINT('',(22.253512414303,-10.74657831572));
#5594 = CARTESIAN_POINT('',(4.648457857957,5.195335253011));
#5595 = ( GEOMETRIC_REPRESENTATION_CONTEXT(2) 
PARAMETRIC_REPRESENTATION_CONTEXT() REPRESENTATION_CONTEXT('2D SPACE',''
  ) );
#5596 = ORIENTED_EDGE('',*,*,#5597,.F.);
#5597 = EDGE_CURVE('',#5598,#5565,#5600,.T.);
#5598 = VERTEX_POINT('',#5599);
#5599 = CARTESIAN_POINT('',(-40.48227954599,34.207967533311,1.05178E+03)
  );
#5600 = SURFACE_CURVE('',#5601,(#5628,#5658),.PCURVE_S1.);
#5601 = B_SPLINE_CURVE_WITH_KNOTS('',7,(#5602,#5603,#5604,#5605,#5606,
    #5607,#5608,#5609,#5610,#5611,#5612,#5613,#5614,#5615,#5616,#5617,
    #5618,#5619,#5620,#5621,#5622,#5623,#5624,#5625,#5626,#5627),
  .UNSPECIFIED.,.F.,.F.,(8,6,6,6,8),(0.,0.250862313588,0.500000000577,
    0.750137820651,1.),.UNSPECIFIED.);
#5602 = CARTESIAN_POINT('',(-41.51830031682,38.518748196515,1.05178E+03)
  );
#5603 = CARTESIAN_POINT('',(-41.56453539361,38.196649161323,1.05178E+03)
  );
#5604 = CARTESIAN_POINT('',(-41.59171447271,37.86240167397,1.05178E+03)
  );
#5605 = CARTESIAN_POINT('',(-41.59747110903,37.517552104164,1.05178E+03)
  );
#5606 = CARTESIAN_POINT('',(-41.57953187552,37.164223934977,1.05178E+03)
  );
#5607 = CARTESIAN_POINT('',(-41.53590360443,36.805178716504,1.05178E+03)
  );
#5608 = CARTESIAN_POINT('',(-41.46517229343,36.443753959249,1.05178E+03)
  );
#5609 = CARTESIAN_POINT('',(-41.26888001766,35.725930745798,1.05178E+03)
  );
#5610 = CARTESIAN_POINT('',(-41.14369848339,35.369512336974,1.05178E+03)
  );
#5611 = CARTESIAN_POINT('',(-40.99050651028,35.017932419115,1.05178E+03)
  );
#5612 = CARTESIAN_POINT('',(-40.80940446908,34.675078454451,1.05178E+03)
  );
#5613 = CARTESIAN_POINT('',(-40.6014129234,34.344909856258,1.05178E+03)
  );
#5614 = CARTESIAN_POINT('',(-40.36847502894,34.031052980243,1.05178E+03)
  );
#5615 = CARTESIAN_POINT('',(-39.85693949124,33.440846951002,1.05178E+03)
  );
#5616 = CARTESIAN_POINT('',(-39.57816004967,33.164650824437,1.05178E+03)
  );
#5617 = CARTESIAN_POINT('',(-39.27954206322,32.91102254322,1.05178E+03)
  );
#5618 = CARTESIAN_POINT('',(-38.96444186841,32.682427933237,1.05178E+03)
  );
#5619 = CARTESIAN_POINT('',(-38.63668305233,32.480451663552,1.05178E+03)
  );
#5620 = CARTESIAN_POINT('',(-38.30014643339,32.305742168739,1.05178E+03)
  );
#5621 = CARTESIAN_POINT('',(-37.6172502142,32.010749400226,1.05178E+03)
  );
#5622 = CARTESIAN_POINT('',(-37.27089947209,31.890405149799,1.05178E+03)
  );
#5623 = CARTESIAN_POINT('',(-36.9231204215,31.79699619095,1.05178E+03));
#5624 = CARTESIAN_POINT('',(-36.5773701679,31.729600353412,1.05178E+03)
  );
#5625 = CARTESIAN_POINT('',(-36.23662478877,31.686653022624,1.05178E+03)
  );
#5626 = CARTESIAN_POINT('',(-35.90327818206,31.666228067138,1.05178E+03)
  );
#5627 = CARTESIAN_POINT('',(-35.57917500141,31.666228067138,1.05178E+03)
  );
#5628 = PCURVE('',#3898,#5629);
#5629 = DEFINITIONAL_REPRESENTATION('',(#5630),#5657);
#5630 = B_SPLINE_CURVE_WITH_KNOTS('',7,(#5631,#5632,#5633,#5634,#5635,
    #5636,#5637,#5638,#5639,#5640,#5641,#5642,#5643,#5644,#5645,#5646,
    #5647,#5648,#5649,#5650,#5651,#5652,#5653,#5654,#5655,#5656),
  .UNSPECIFIED.,.F.,.F.,(8,6,6,6,8),(0.,0.250862313588,0.500000000577,
    0.750137820651,1.),.UNSPECIFIED.);
#5631 = CARTESIAN_POINT('',(95.,86.5));
#5632 = CARTESIAN_POINT('',(91.591007792697,86.500000020949));
#5633 = CARTESIAN_POINT('',(88.182892008959,86.500000041349));
#5634 = CARTESIAN_POINT('',(84.775670473101,86.500000060959));
#5635 = CARTESIAN_POINT('',(81.369331727273,86.50000007952));
#5636 = CARTESIAN_POINT('',(77.963827714979,86.500000096744));
#5637 = CARTESIAN_POINT('',(74.55907873973,86.500000112357));
#5638 = CARTESIAN_POINT('',(67.774323598614,86.500000139772));
#5639 = CARTESIAN_POINT('',(64.394284510953,86.5000001516));
#5640 = CARTESIAN_POINT('',(61.01482252814,86.500000161354));
#5641 = CARTESIAN_POINT('',(57.635820074961,86.500000168825));
#5642 = CARTESIAN_POINT('',(54.257116494045,86.500000173858));
#5643 = CARTESIAN_POINT('',(50.878550422814,86.500000176373));
#5644 = CARTESIAN_POINT('',(44.107886795507,86.500000176373));
#5645 = CARTESIAN_POINT('',(40.715757662152,86.500000173838));
#5646 = CARTESIAN_POINT('',(37.323489483378,86.500000168764));
#5647 = CARTESIAN_POINT('',(33.930918853617,86.500000161234));
#5648 = CARTESIAN_POINT('',(30.537883111188,86.500000151404));
#5649 = CARTESIAN_POINT('',(27.144263586128,86.500000139486));
#5650 = CARTESIAN_POINT('',(20.359476741017,86.500000111983));
#5651 = CARTESIAN_POINT('',(16.968286725801,86.500000096401));
#5652 = CARTESIAN_POINT('',(13.576346446751,86.500000079222));
#5653 = CARTESIAN_POINT('',(10.183577612389,86.500000060726));
#5654 = CARTESIAN_POINT('',(6.78993301192,86.500000041185));
#5655 = CARTESIAN_POINT('',(3.395401328981,86.500000020865));
#5656 = CARTESIAN_POINT('',(0.,86.500000000001));
#5657 = ( GEOMETRIC_REPRESENTATION_CONTEXT(2) 
PARAMETRIC_REPRESENTATION_CONTEXT() REPRESENTATION_CONTEXT('2D SPACE',''
  ) );
#5658 = PCURVE('',#4777,#5659);
#5659 = DEFINITIONAL_REPRESENTATION('',(#5660),#5687);
#5660 = B_SPLINE_CURVE_WITH_KNOTS('',7,(#5661,#5662,#5663,#5664,#5665,
    #5666,#5667,#5668,#5669,#5670,#5671,#5672,#5673,#5674,#5675,#5676,
    #5677,#5678,#5679,#5680,#5681,#5682,#5683,#5684,#5685,#5686),
  .UNSPECIFIED.,.F.,.F.,(8,6,6,6,8),(0.,0.250862313588,0.500000000577,
    0.750137820651,1.),.UNSPECIFIED.);
#5661 = CARTESIAN_POINT('',(-41.51830031682,38.518748196515));
#5662 = CARTESIAN_POINT('',(-41.56453539361,38.196649161323));
#5663 = CARTESIAN_POINT('',(-41.59171447271,37.86240167397));
#5664 = CARTESIAN_POINT('',(-41.59747110903,37.517552104164));
#5665 = CARTESIAN_POINT('',(-41.57953187552,37.164223934977));
#5666 = CARTESIAN_POINT('',(-41.53590360443,36.805178716504));
#5667 = CARTESIAN_POINT('',(-41.46517229343,36.443753959249));
#5668 = CARTESIAN_POINT('',(-41.26888001766,35.725930745798));
#5669 = CARTESIAN_POINT('',(-41.14369848339,35.369512336974));
#5670 = CARTESIAN_POINT('',(-40.99050651028,35.017932419115));
#5671 = CARTESIAN_POINT('',(-40.80940446908,34.675078454451));
#5672 = CARTESIAN_POINT('',(-40.6014129234,34.344909856258));
#5673 = CARTESIAN_POINT('',(-40.36847502894,34.031052980243));
#5674 = CARTESIAN_POINT('',(-39.85693949124,33.440846951002));
#5675 = CARTESIAN_POINT('',(-39.57816004967,33.164650824437));
#5676 = CARTESIAN_POINT('',(-39.27954206322,32.91102254322));
#5677 = CARTESIAN_POINT('',(-38.96444186841,32.682427933237));
#5678 = CARTESIAN_POINT('',(-38.63668305233,32.480451663552));
#5679 = CARTESIAN_POINT('',(-38.30014643339,32.305742168739));
#5680 = CARTESIAN_POINT('',(-37.6172502142,32.010749400226));
#5681 = CARTESIAN_POINT('',(-37.27089947209,31.890405149799));
#5682 = CARTESIAN_POINT('',(-36.9231204215,31.79699619095));
#5683 = CARTESIAN_POINT('',(-36.5773701679,31.729600353412));
#5684 = CARTESIAN_POINT('',(-36.23662478877,31.686653022624));
#5685 = CARTESIAN_POINT('',(-35.90327818206,31.666228067138));
#5686 = CARTESIAN_POINT('',(-35.57917500141,31.666228067138));
#5687 = ( GEOMETRIC_REPRESENTATION_CONTEXT(2) 
PARAMETRIC_REPRESENTATION_CONTEXT() REPRESENTATION_CONTEXT('2D SPACE',''
  ) );
#5688 = ORIENTED_EDGE('',*,*,#5689,.F.);
#5689 = EDGE_CURVE('',#5690,#5598,#5692,.T.);
#5690 = VERTEX_POINT('',#5691);
#5691 = CARTESIAN_POINT('',(-40.71902191901,33.925819871581,973.78));
#5692 = SURFACE_CURVE('',#5693,(#5700,#5710),.PCURVE_S1.);
#5693 = B_SPLINE_CURVE_WITH_KNOTS('',5,(#5694,#5695,#5696,#5697,#5698,
    #5699),.UNSPECIFIED.,.F.,.F.,(6,6),(0.,1.),
  .PIECEWISE_BEZIER_KNOTS.);
#5694 = CARTESIAN_POINT('',(-40.71902192924,33.925819859301,
    973.7799964073));
#5695 = CARTESIAN_POINT('',(-40.67459880802,33.979138130004,
    989.38006583075));
#5696 = CARTESIAN_POINT('',(-40.62876335792,34.03397407468,
    1.004980103533E+03));
#5697 = CARTESIAN_POINT('',(-40.58146619391,34.090365794839,
    1.020580106161E+03));
#5698 = CARTESIAN_POINT('',(-40.53265590587,34.148351308532,
    1.036180074082E+03));
#5699 = CARTESIAN_POINT('',(-40.48227953439,34.20796754704,
    1.051780003593E+03));
#5700 = PCURVE('',#3898,#5701);
#5701 = DEFINITIONAL_REPRESENTATION('',(#5702),#5709);
#5702 = B_SPLINE_CURVE_WITH_KNOTS('',5,(#5703,#5704,#5705,#5706,#5707,
    #5708),.UNSPECIFIED.,.F.,.F.,(6,6),(0.,1.),
  .PIECEWISE_BEZIER_KNOTS.);
#5703 = CARTESIAN_POINT('',(51.569864129031,8.499996241723));
#5704 = CARTESIAN_POINT('',(51.782244941832,24.100065184352));
#5705 = CARTESIAN_POINT('',(52.000961465543,39.700102097204));
#5706 = CARTESIAN_POINT('',(52.226156793422,55.300107680454));
#5707 = CARTESIAN_POINT('',(52.457974567582,70.900074762315));
#5708 = CARTESIAN_POINT('',(52.696566532898,86.500003766529));
#5709 = ( GEOMETRIC_REPRESENTATION_CONTEXT(2) 
PARAMETRIC_REPRESENTATION_CONTEXT() REPRESENTATION_CONTEXT('2D SPACE',''
  ) );
#5710 = PCURVE('',#5711,#5716);
#5711 = CYLINDRICAL_SURFACE('',#5712,53.);
#5712 = AXIS2_PLACEMENT_3D('',#5713,#5714,#5715);
#5713 = CARTESIAN_POINT('',(0.,0.,973.78));
#5714 = DIRECTION('',(0.,0.,1.));
#5715 = DIRECTION('',(1.,0.,0.));
#5716 = DEFINITIONAL_REPRESENTATION('',(#5717),#5724);
#5717 = B_SPLINE_CURVE_WITH_KNOTS('',5,(#5718,#5719,#5720,#5721,#5722,
    #5723),.UNSPECIFIED.,.F.,.F.,(6,6),(0.,1.),
  .PIECEWISE_BEZIER_KNOTS.);
#5718 = CARTESIAN_POINT('',(2.446951469186,-3.592699198858E-06));
#5719 = CARTESIAN_POINT('',(2.445642049947,15.600065830752));
#5720 = CARTESIAN_POINT('',(2.444293573174,31.200103532589));
#5721 = CARTESIAN_POINT('',(2.442904885418,46.800106161467));
#5722 = CARTESIAN_POINT('',(2.441474808335,62.400074081616));
#5723 = CARTESIAN_POINT('',(2.440002158099,78.000003592699));
#5724 = ( GEOMETRIC_REPRESENTATION_CONTEXT(2) 
PARAMETRIC_REPRESENTATION_CONTEXT() REPRESENTATION_CONTEXT('2D SPACE',''
  ) );
#5725 = ORIENTED_EDGE('',*,*,#5726,.F.);
#5726 = EDGE_CURVE('',#3841,#5690,#5727,.T.);
#5727 = SURFACE_CURVE('',#5728,(#5734,#5743),.PCURVE_S1.);
#5728 = B_SPLINE_CURVE_WITH_KNOTS('',4,(#5729,#5730,#5731,#5732,#5733),
  .UNSPECIFIED.,.F.,.F.,(5,5),(0.,1.),.PIECEWISE_BEZIER_KNOTS.);
#5729 = CARTESIAN_POINT('',(-40.73066551807,33.908654959749,
    969.2169964073));
#5730 = CARTESIAN_POINT('',(-40.72776785761,33.912931856234,
    970.35774849288));
#5731 = CARTESIAN_POINT('',(-40.72486138821,33.917218294579,
    971.49850038703));
#5732 = CARTESIAN_POINT('',(-40.72194608171,33.92151429685,
    972.63925208764));
#5733 = CARTESIAN_POINT('',(-40.7190219098,33.925819885141,
    973.78000359269));
#5734 = PCURVE('',#3898,#5735);
#5735 = DEFINITIONAL_REPRESENTATION('',(#5736),#5742);
#5736 = B_SPLINE_CURVE_WITH_KNOTS('',4,(#5737,#5738,#5739,#5740,#5741),
  .UNSPECIFIED.,.F.,.F.,(5,5),(0.,1.),.PIECEWISE_BEZIER_KNOTS.);
#5737 = CARTESIAN_POINT('',(51.489023053971,3.936996363258));
#5738 = CARTESIAN_POINT('',(51.509188879079,5.077748425591));
#5739 = CARTESIAN_POINT('',(51.529384262703,6.218500290091));
#5740 = CARTESIAN_POINT('',(51.549609333101,7.359251957191));
#5741 = CARTESIAN_POINT('',(51.569864218802,8.500003427085));
#5742 = ( GEOMETRIC_REPRESENTATION_CONTEXT(2) 
PARAMETRIC_REPRESENTATION_CONTEXT() REPRESENTATION_CONTEXT('2D SPACE',''
  ) );
#5743 = PCURVE('',#3857,#5744);
#5744 = DEFINITIONAL_REPRESENTATION('',(#5745),#5751);
#5745 = B_SPLINE_CURVE_WITH_KNOTS('',4,(#5746,#5747,#5748,#5749,#5750),
  .UNSPECIFIED.,.F.,.F.,(5,5),(0.,1.),.PIECEWISE_BEZIER_KNOTS.);
#5746 = CARTESIAN_POINT('',(2.447340931026,-3.592699198858E-06));
#5747 = CARTESIAN_POINT('',(2.447243929402,1.140748606646));
#5748 = CARTESIAN_POINT('',(2.447146685552,2.28150061456));
#5749 = CARTESIAN_POINT('',(2.447049198827,3.42225242893));
#5750 = CARTESIAN_POINT('',(2.446951468576,4.563004047742));
#5751 = ( GEOMETRIC_REPRESENTATION_CONTEXT(2) 
PARAMETRIC_REPRESENTATION_CONTEXT() REPRESENTATION_CONTEXT('2D SPACE',''
  ) );
#5752 = ORIENTED_EDGE('',*,*,#3872,.T.);
#5753 = ORIENTED_EDGE('',*,*,#5270,.T.);
#5754 = ORIENTED_EDGE('',*,*,#5755,.T.);
#5755 = EDGE_CURVE('',#5271,#5756,#5758,.T.);
#5756 = VERTEX_POINT('',#5757);
#5757 = CARTESIAN_POINT('',(-41.46434210349,38.559824742297,
    1.059843135549E+03));
#5758 = SURFACE_CURVE('',#5759,(#5771,#5778),.PCURVE_S1.);
#5759 = B_SPLINE_CURVE_WITH_KNOTS('',4,(#5760,#5761,#5762,#5763,#5764,
    #5765,#5766,#5767,#5768,#5769,#5770),.UNSPECIFIED.,.F.,.F.,(5,3,3,5)
  ,(-4.599802663656,7.462398752297E-13,95.000000000001,99.6510344834),
  .UNSPECIFIED.);
#5760 = CARTESIAN_POINT('',(-42.08843184575,38.048165942096,
    960.62894360842));
#5761 = CARTESIAN_POINT('',(-42.08151110211,38.054285275565,
    961.80452113829));
#5762 = CARTESIAN_POINT('',(-42.07464064778,38.060360143136,
    962.97155638018));
#5763 = CARTESIAN_POINT('',(-42.06782048276,38.066390544812,
    964.13004933408));
#5764 = CARTESIAN_POINT('',(-41.92123195849,38.196004370864,
    989.02999999999));
#5765 = CARTESIAN_POINT('',(-41.77460501752,38.319100155567,1.01278E+03)
  );
#5766 = CARTESIAN_POINT('',(-41.62125643147,38.441241066455,1.03653E+03)
  );
#5767 = CARTESIAN_POINT('',(-41.45357636104,38.567961502685,
    1.061442758621E+03));
#5768 = CARTESIAN_POINT('',(-41.44575019251,38.573875953265,
    1.062605517242E+03));
#5769 = CARTESIAN_POINT('',(-41.43792402399,38.579790403844,
    1.063768275863E+03));
#5770 = CARTESIAN_POINT('',(-41.43009785546,38.585704854424,
    1.064931034483E+03));
#5771 = PCURVE('',#3898,#5772);
#5772 = DEFINITIONAL_REPRESENTATION('',(#5773),#5777);
#5773 = LINE('',#5774,#5775);
#5774 = CARTESIAN_POINT('',(95.,0.));
#5775 = VECTOR('',#5776,1.);
#5776 = DIRECTION('',(0.,1.));
#5777 = ( GEOMETRIC_REPRESENTATION_CONTEXT(2) 
PARAMETRIC_REPRESENTATION_CONTEXT() REPRESENTATION_CONTEXT('2D SPACE',''
  ) );
#5778 = PCURVE('',#5178,#5779);
#5779 = DEFINITIONAL_REPRESENTATION('',(#5780),#5786);
#5780 = B_SPLINE_CURVE_WITH_KNOTS('',4,(#5781,#5782,#5783,#5784,#5785),
  .UNSPECIFIED.,.F.,.F.,(5,5),(7.462398752297E-13,95.000000000001),
  .PIECEWISE_BEZIER_KNOTS.);
#5781 = CARTESIAN_POINT('',(-0.779065946936,3.1505579976E-02));
#5782 = CARTESIAN_POINT('',(23.253242410213,3.211358468224E-02));
#5783 = CARTESIAN_POINT('',(47.301110533226,3.271897248149E-02));
#5784 = CARTESIAN_POINT('',(71.364459262438,3.331966419014E-02));
#5785 = CARTESIAN_POINT('',(95.442904045205,3.391379070686E-02));
#5786 = ( GEOMETRIC_REPRESENTATION_CONTEXT(2) 
PARAMETRIC_REPRESENTATION_CONTEXT() REPRESENTATION_CONTEXT('2D SPACE',''
  ) );
#5787 = ORIENTED_EDGE('',*,*,#5788,.F.);
#5788 = EDGE_CURVE('',#5430,#5756,#5789,.T.);
#5789 = SURFACE_CURVE('',#5790,(#5796,#5805),.PCURVE_S1.);
#5790 = B_SPLINE_CURVE_WITH_KNOTS('',4,(#5791,#5792,#5793,#5794,#5795),
  .UNSPECIFIED.,.F.,.F.,(5,5),(0.,1.),.PIECEWISE_BEZIER_KNOTS.);
#5791 = CARTESIAN_POINT('',(-41.51928960542,38.041918837488,
    1.05987585763E+03));
#5792 = CARTESIAN_POINT('',(-41.51103355928,38.174306498861,
    1.059867516139E+03));
#5793 = CARTESIAN_POINT('',(-41.4989728327,38.304878093177,
    1.059859274956E+03));
#5794 = CARTESIAN_POINT('',(-41.48333084878,38.433428048714,
    1.059851145621E+03));
#5795 = CARTESIAN_POINT('',(-41.46434508733,38.559804881157,
    1.059843136807E+03));
#5796 = PCURVE('',#3898,#5797);
#5797 = DEFINITIONAL_REPRESENTATION('',(#5798),#5804);
#5798 = B_SPLINE_CURVE_WITH_KNOTS('',4,(#5799,#5800,#5801,#5802,#5803),
  .UNSPECIFIED.,.F.,.F.,(5,5),(0.,1.),.PIECEWISE_BEZIER_KNOTS.);
#5799 = CARTESIAN_POINT('',(89.659511249227,94.595857629815));
#5800 = CARTESIAN_POINT('',(90.994307428809,94.58751613909));
#5801 = CARTESIAN_POINT('',(92.329298377622,94.579274956174));
#5802 = CARTESIAN_POINT('',(93.664463921175,94.571145621021));
#5803 = CARTESIAN_POINT('',(94.999790143324,94.563136807275));
#5804 = ( GEOMETRIC_REPRESENTATION_CONTEXT(2) 
PARAMETRIC_REPRESENTATION_CONTEXT() REPRESENTATION_CONTEXT('2D SPACE',''
  ) );
#5805 = PCURVE('',#5806,#5811);
#5806 = B_SPLINE_SURFACE_WITH_KNOTS('',1,1,(
    (#5807,#5808)
    ,(#5809,#5810
    )),.UNSPECIFIED.,.F.,.F.,.F.,(2,2),(2,2),(0.,85.),(0.,1.),
  .PIECEWISE_BEZIER_KNOTS.);
#5807 = CARTESIAN_POINT('',(-42.5,31.666228067138,1.06028E+03));
#5808 = CARTESIAN_POINT('',(-11.95219796706,235.,1.047394230654E+03));
#5809 = CARTESIAN_POINT('',(42.5,31.666228067138,1.06028E+03));
#5810 = CARTESIAN_POINT('',(28.43241741755,235.,1.035858077038E+03));
#5811 = DEFINITIONAL_REPRESENTATION('',(#5812),#5818);
#5812 = B_SPLINE_CURVE_WITH_KNOTS('',4,(#5813,#5814,#5815,#5816,#5817),
  .UNSPECIFIED.,.F.,.F.,(5,5),(0.,1.),.PIECEWISE_BEZIER_KNOTS.);
#5813 = CARTESIAN_POINT('',(2.324250220276E-02,3.135578861172E-02));
#5814 = CARTESIAN_POINT('',(1.142272911397E-02,3.200687406651E-02));
#5815 = CARTESIAN_POINT('',(3.737637111566E-03,3.264902806323E-02));
#5816 = CARTESIAN_POINT('',(4.404722047288E-07,3.328123959561E-02));
#5817 = CARTESIAN_POINT('',(0.,3.390276366041E-02));
#5818 = ( GEOMETRIC_REPRESENTATION_CONTEXT(2) 
PARAMETRIC_REPRESENTATION_CONTEXT() REPRESENTATION_CONTEXT('2D SPACE',''
  ) );
#5819 = ADVANCED_FACE('',(#5820),#3857,.T.);
#5820 = FACE_BOUND('',#5821,.T.);
#5821 = EDGE_LOOP('',(#5822,#5823,#5824,#5846));
#5822 = ORIENTED_EDGE('',*,*,#3840,.T.);
#5823 = ORIENTED_EDGE('',*,*,#4458,.T.);
#5824 = ORIENTED_EDGE('',*,*,#5825,.F.);
#5825 = EDGE_CURVE('',#5690,#4459,#5826,.T.);
#5826 = SURFACE_CURVE('',#5827,(#5832,#5839),.PCURVE_S1.);
#5827 = CIRCLE('',#5828,53.);
#5828 = AXIS2_PLACEMENT_3D('',#5829,#5830,#5831);
#5829 = CARTESIAN_POINT('',(0.,0.,973.78));
#5830 = DIRECTION('',(0.,0.,1.));
#5831 = DIRECTION('',(1.,0.,0.));
#5832 = PCURVE('',#3857,#5833);
#5833 = DEFINITIONAL_REPRESENTATION('',(#5834),#5838);
#5834 = LINE('',#5835,#5836);
#5835 = CARTESIAN_POINT('',(0.,4.563000455043));
#5836 = VECTOR('',#5837,1.);
#5837 = DIRECTION('',(1.,0.));
#5838 = ( GEOMETRIC_REPRESENTATION_CONTEXT(2) 
PARAMETRIC_REPRESENTATION_CONTEXT() REPRESENTATION_CONTEXT('2D SPACE',''
  ) );
#5839 = PCURVE('',#5711,#5840);
#5840 = DEFINITIONAL_REPRESENTATION('',(#5841),#5845);
#5841 = LINE('',#5842,#5843);
#5842 = CARTESIAN_POINT('',(0.,0.));
#5843 = VECTOR('',#5844,1.);
#5844 = DIRECTION('',(1.,0.));
#5845 = ( GEOMETRIC_REPRESENTATION_CONTEXT(2) 
PARAMETRIC_REPRESENTATION_CONTEXT() REPRESENTATION_CONTEXT('2D SPACE',''
  ) );
#5846 = ORIENTED_EDGE('',*,*,#5726,.F.);
#5847 = ADVANCED_FACE('',(#5848),#4526,.T.);
#5848 = FACE_BOUND('',#5849,.T.);
#5849 = EDGE_LOOP('',(#5850,#5873,#5874,#5875,#5899,#5922,#6151));
#5850 = ORIENTED_EDGE('',*,*,#5851,.F.);
#5851 = EDGE_CURVE('',#4459,#5852,#5854,.T.);
#5852 = VERTEX_POINT('',#5853);
#5853 = CARTESIAN_POINT('',(53.,0.,982.78));
#5854 = SURFACE_CURVE('',#5855,(#5859,#5866),.PCURVE_S1.);
#5855 = LINE('',#5856,#5857);
#5856 = CARTESIAN_POINT('',(53.,0.,973.78));
#5857 = VECTOR('',#5858,1.);
#5858 = DIRECTION('',(0.,0.,1.));
#5859 = PCURVE('',#4526,#5860);
#5860 = DEFINITIONAL_REPRESENTATION('',(#5861),#5865);
#5861 = LINE('',#5862,#5863);
#5862 = CARTESIAN_POINT('',(4.138911435803E-13,0.));
#5863 = VECTOR('',#5864,1.);
#5864 = DIRECTION('',(0.,1.));
#5865 = ( GEOMETRIC_REPRESENTATION_CONTEXT(2) 
PARAMETRIC_REPRESENTATION_CONTEXT() REPRESENTATION_CONTEXT('2D SPACE',''
  ) );
#5866 = PCURVE('',#5711,#5867);
#5867 = DEFINITIONAL_REPRESENTATION('',(#5868),#5872);
#5868 = LINE('',#5869,#5870);
#5869 = CARTESIAN_POINT('',(6.28318530718,0.));
#5870 = VECTOR('',#5871,1.);
#5871 = DIRECTION('',(0.,1.));
#5872 = ( GEOMETRIC_REPRESENTATION_CONTEXT(2) 
PARAMETRIC_REPRESENTATION_CONTEXT() REPRESENTATION_CONTEXT('2D SPACE',''
  ) );
#5873 = ORIENTED_EDGE('',*,*,#4511,.T.);
#5874 = ORIENTED_EDGE('',*,*,#4683,.F.);
#5875 = ORIENTED_EDGE('',*,*,#5876,.F.);
#5876 = EDGE_CURVE('',#5877,#4684,#5879,.T.);
#5877 = VERTEX_POINT('',#5878);
#5878 = CARTESIAN_POINT('',(53.,0.,1.05178E+03));
#5879 = SURFACE_CURVE('',#5880,(#5885,#5892),.PCURVE_S1.);
#5880 = CIRCLE('',#5881,53.);
#5881 = AXIS2_PLACEMENT_3D('',#5882,#5883,#5884);
#5882 = CARTESIAN_POINT('',(0.,0.,1.05178E+03));
#5883 = DIRECTION('',(0.,0.,1.));
#5884 = DIRECTION('',(1.,0.,0.));
#5885 = PCURVE('',#4526,#5886);
#5886 = DEFINITIONAL_REPRESENTATION('',(#5887),#5891);
#5887 = LINE('',#5888,#5889);
#5888 = CARTESIAN_POINT('',(0.,78.));
#5889 = VECTOR('',#5890,1.);
#5890 = DIRECTION('',(1.,0.));
#5891 = ( GEOMETRIC_REPRESENTATION_CONTEXT(2) 
PARAMETRIC_REPRESENTATION_CONTEXT() REPRESENTATION_CONTEXT('2D SPACE',''
  ) );
#5892 = PCURVE('',#4777,#5893);
#5893 = DEFINITIONAL_REPRESENTATION('',(#5894),#5898);
#5894 = CIRCLE('',#5895,53.);
#5895 = AXIS2_PLACEMENT_2D('',#5896,#5897);
#5896 = CARTESIAN_POINT('',(0.,0.));
#5897 = DIRECTION('',(1.,0.));
#5898 = ( GEOMETRIC_REPRESENTATION_CONTEXT(2) 
PARAMETRIC_REPRESENTATION_CONTEXT() REPRESENTATION_CONTEXT('2D SPACE',''
  ) );
#5899 = ORIENTED_EDGE('',*,*,#5900,.F.);
#5900 = EDGE_CURVE('',#5901,#5877,#5903,.T.);
#5901 = VERTEX_POINT('',#5902);
#5902 = CARTESIAN_POINT('',(53.,3.673940397442E-15,1.04278E+03));
#5903 = SURFACE_CURVE('',#5904,(#5908,#5915),.PCURVE_S1.);
#5904 = LINE('',#5905,#5906);
#5905 = CARTESIAN_POINT('',(53.,0.,973.78));
#5906 = VECTOR('',#5907,1.);
#5907 = DIRECTION('',(0.,0.,1.));
#5908 = PCURVE('',#4526,#5909);
#5909 = DEFINITIONAL_REPRESENTATION('',(#5910),#5914);
#5910 = LINE('',#5911,#5912);
#5911 = CARTESIAN_POINT('',(4.138911435803E-13,0.));
#5912 = VECTOR('',#5913,1.);
#5913 = DIRECTION('',(0.,1.));
#5914 = ( GEOMETRIC_REPRESENTATION_CONTEXT(2) 
PARAMETRIC_REPRESENTATION_CONTEXT() REPRESENTATION_CONTEXT('2D SPACE',''
  ) );
#5915 = PCURVE('',#5711,#5916);
#5916 = DEFINITIONAL_REPRESENTATION('',(#5917),#5921);
#5917 = LINE('',#5918,#5919);
#5918 = CARTESIAN_POINT('',(6.28318530718,0.));
#5919 = VECTOR('',#5920,1.);
#5920 = DIRECTION('',(0.,1.));
#5921 = ( GEOMETRIC_REPRESENTATION_CONTEXT(2) 
PARAMETRIC_REPRESENTATION_CONTEXT() REPRESENTATION_CONTEXT('2D SPACE',''
  ) );
#5922 = ORIENTED_EDGE('',*,*,#5923,.F.);
#5923 = EDGE_CURVE('',#5924,#5901,#5926,.T.);
#5924 = VERTEX_POINT('',#5925);
#5925 = CARTESIAN_POINT('',(43.692104549907,30.,1.01278E+03));
#5926 = SURFACE_CURVE('',#5927,(#6014,#6104),.PCURVE_S1.);
#5927 = B_SPLINE_CURVE_WITH_KNOTS('',7,(#5928,#5929,#5930,#5931,#5932,
    #5933,#5934,#5935,#5936,#5937,#5938,#5939,#5940,#5941,#5942,#5943,
    #5944,#5945,#5946,#5947,#5948,#5949,#5950,#5951,#5952,#5953,#5954,
    #5955,#5956,#5957,#5958,#5959,#5960,#5961,#5962,#5963,#5964,#5965,
    #5966,#5967,#5968,#5969,#5970,#5971,#5972,#5973,#5974,#5975,#5976,
    #5977,#5978,#5979,#5980,#5981,#5982,#5983,#5984,#5985,#5986,#5987,
    #5988,#5989,#5990,#5991,#5992,#5993,#5994,#5995,#5996,#5997,#5998,
    #5999,#6000,#6001,#6002,#6003,#6004,#6005,#6006,#6007,#6008,#6009,
    #6010,#6011,#6012,#6013),.UNSPECIFIED.,.F.,.F.,(8,6,6,6,6,6,6,6,6,6,
    6,6,6,6,8),(0.,6.717130480067E-02,0.108699807735,0.160264652448,
    0.199605316912,0.229420248246,0.310672171539,0.4025199579,
    0.499868642814,0.597252660185,0.689076187288,0.839558406426,
    0.89100175239,0.932595544854,1.),.UNSPECIFIED.);
#5928 = CARTESIAN_POINT('',(53.,-1.836970198721E-15,982.78));
#5929 = CARTESIAN_POINT('',(53.,1.136871914438,982.78));
#5930 = CARTESIAN_POINT('',(52.971549155763,2.2719012399,982.83026315917
    ));
#5931 = CARTESIAN_POINT('',(52.914813862598,3.399416926595,
    982.93049550997));
#5932 = CARTESIAN_POINT('',(52.83071420636,4.513779743117,
    983.07943212409));
#5933 = CARTESIAN_POINT('',(52.720914982779,5.609439877208,
    983.27484122765));
#5934 = CARTESIAN_POINT('',(52.587775839125,6.680992686791,
    983.51350543733));
#5935 = CARTESIAN_POINT('',(52.339350060501,8.367595003884,
    983.96285184238));
#5936 = CARTESIAN_POINT('',(52.236568644381,9.001313499907,
    984.14958390082));
#5937 = CARTESIAN_POINT('',(52.126467359872,9.623970052569,
    984.35064578967));
#5938 = CARTESIAN_POINT('',(52.009615206046,10.235174026414,
    984.5652929463));
#5939 = CARTESIAN_POINT('',(51.886595392429,10.834562110744,
    984.79276489841));
#5940 = CARTESIAN_POINT('',(51.758001620426,11.421798243055,
    985.03228341402));
#5941 = CARTESIAN_POINT('',(51.458587432849,12.710256821051,
    985.59442170356));
#5942 = CARTESIAN_POINT('',(51.28504098853,13.404864786237,
    985.92319453304));
#5943 = CARTESIAN_POINT('',(51.104784309221,14.080458622248,
    986.26814557465));
#5944 = CARTESIAN_POINT('',(50.918763079773,14.737137016032,
    986.62813101087));
#5945 = CARTESIAN_POINT('',(50.727877006166,15.375035792272,
    987.00208567638));
#5946 = CARTESIAN_POINT('',(50.532977429217,15.994327558407,
    987.38902196257));
#5947 = CARTESIAN_POINT('',(50.183717832654,17.053664716438,
    988.09244525103));
#5948 = CARTESIAN_POINT('',(50.030678915746,17.501464840648,
    988.40393140189));
#5949 = CARTESIAN_POINT('',(49.876082960899,17.938768673227,
    988.72212678784));
#5950 = CARTESIAN_POINT('',(49.720247336056,18.365724903322,
    989.04670067413));
#5951 = CARTESIAN_POINT('',(49.563472500128,18.782484046167,
    989.37735214143));
#5952 = CARTESIAN_POINT('',(49.406042499342,19.189198530988,
    989.71381024935));
#5953 = CARTESIAN_POINT('',(49.128621380934,19.886762193349,
    990.31504234332));
#5954 = CARTESIAN_POINT('',(49.008795602484,20.181819891194,
    990.57744616644));
#5955 = CARTESIAN_POINT('',(48.888864829105,20.471262249721,
    990.84294060669));
#5956 = CARTESIAN_POINT('',(48.768942170303,20.755153315185,
    991.11142752051));
#5957 = CARTESIAN_POINT('',(48.649137144227,21.033554812818,
    991.38281568332));
#5958 = CARTESIAN_POINT('',(48.529555677664,21.306526146822,
    991.65702078951));
#5959 = CARTESIAN_POINT('',(48.085303732609,22.303385606037,
    992.68869757839));
#5960 = CARTESIAN_POINT('',(47.762660672273,22.992895647055,
    993.46393316111));
#5961 = CARTESIAN_POINT('',(47.444517395744,23.643628106537,
    994.25795783247));
#5962 = CARTESIAN_POINT('',(47.132851198921,24.256474172353,
    995.06937789029));
#5963 = CARTESIAN_POINT('',(46.829504192224,24.832216199998,
    995.89707692269));
#5964 = CARTESIAN_POINT('',(46.53621728992,25.371501275447,
    996.74017243233));
#5965 = CARTESIAN_POINT('',(45.936394464341,26.443764154015,
    998.56763607672));
#5966 = CARTESIAN_POINT('',(45.633052347107,26.966866434244,
    999.55629048072));
#5967 = CARTESIAN_POINT('',(45.347328967498,27.444313259137,
    1.000562141786E+03));
#5968 = CARTESIAN_POINT('',(45.081738597113,27.876255102303,
    1.001583593389E+03));
#5969 = CARTESIAN_POINT('',(44.838599222554,28.262768285931,
    1.002619223306E+03));
#5970 = CARTESIAN_POINT('',(44.620013108599,28.603821996203,
    1.003667761505E+03));
#5971 = CARTESIAN_POINT('',(44.224172525872,29.212361935813,
    1.00585187624E+03));
#5972 = CARTESIAN_POINT('',(44.050172528905,29.474225736555,
    1.006988931401E+03));
#5973 = CARTESIAN_POINT('',(43.90833088652,29.684229287529,
    1.008136442797E+03));
#5974 = CARTESIAN_POINT('',(43.800590023193,29.842001404915,
    1.00929178303E+03));
#5975 = CARTESIAN_POINT('',(43.728283803347,29.947308396389,
    1.010452442692E+03));
#5976 = CARTESIAN_POINT('',(43.692104549907,30.,1.011615985054E+03));
#5977 = CARTESIAN_POINT('',(43.692104549907,30.,1.013944437423E+03));
#5978 = CARTESIAN_POINT('',(43.728310070304,29.947270141099,
    1.01510840171E+03));
#5979 = CARTESIAN_POINT('',(43.800668744506,29.841886754923,
    1.016269480265E+03));
#5980 = CARTESIAN_POINT('',(43.908487265625,29.684000290315,
    1.017425233814E+03));
#5981 = CARTESIAN_POINT('',(44.050429873699,29.473844722946,
    1.018573150262E+03));
#5982 = CARTESIAN_POINT('',(44.224551403845,29.211791734225,
    1.01971059931E+03));
#5983 = CARTESIAN_POINT('',(44.620540923476,28.602998976131,
    1.021894786803E+03));
#5984 = CARTESIAN_POINT('',(44.839120272647,28.261941539245,
    1.022943024887E+03));
#5985 = CARTESIAN_POINT('',(45.082237032467,27.875447781096,
    1.023978361009E+03));
#5986 = CARTESIAN_POINT('',(45.347790181656,27.44354847341,
    1.024999524876E+03));
#5987 = CARTESIAN_POINT('',(45.633463065526,26.966167654605,
    1.026005094431E+03));
#5988 = CARTESIAN_POINT('',(45.93674287345,26.443155556964,
    1.026993473282E+03));
#5989 = CARTESIAN_POINT('',(46.776408074959,24.942105043899,
    1.029551531696E+03));
#5990 = CARTESIAN_POINT('',(47.337493830937,23.88761950662,
    1.031087852177E+03));
#5991 = CARTESIAN_POINT('',(47.927908701707,22.707400766704,
    1.03256919985E+03));
#5992 = CARTESIAN_POINT('',(48.536747140546,21.395651148809,
    1.03399004589E+03));
#5993 = CARTESIAN_POINT('',(49.151554748898,19.945016270869,
    1.0353411144E+03));
#5994 = CARTESIAN_POINT('',(49.757122796182,18.347498871453,
    1.036608361021E+03));
#5995 = CARTESIAN_POINT('',(50.532110424749,15.996980719277,
    1.038169236522E+03));
#5996 = CARTESIAN_POINT('',(50.726358418402,15.379882372294,
    1.038554902837E+03));
#5997 = CARTESIAN_POINT('',(50.916623388932,14.744305405488,
    1.038927679477E+03));
#5998 = CARTESIAN_POINT('',(51.102063107065,14.09007822374,
    1.039286589653E+03));
#5999 = CARTESIAN_POINT('',(51.281787586859,13.417065445122,
    1.039630579963E+03));
#6000 = CARTESIAN_POINT('',(51.454861417947,12.725168247569,
    1.039958519326E+03));
#6001 = CARTESIAN_POINT('',(51.754074062306,11.4395821946,
    1.040520392697E+03));
#6002 = CARTESIAN_POINT('',(51.882875901071,10.852362367526,
    1.040760343325E+03));
#6003 = CARTESIAN_POINT('',(52.00611054202,10.252972865995,
    1.040988251251E+03));
#6004 = CARTESIAN_POINT('',(52.123183554454,9.641748538612,
    1.04120333739E+03));
#6005 = CARTESIAN_POINT('',(52.233510870495,9.019051526569,
    1.041404840261E+03));
#6006 = CARTESIAN_POINT('',(52.336522506556,8.385271339294,
    1.041592014137E+03));
#6007 = CARTESIAN_POINT('',(52.585850699203,6.696472960534,
    1.042043043506E+03));
#6008 = CARTESIAN_POINT('',(52.719592189037,5.622624898452,
    1.042282804541E+03));
#6009 = CARTESIAN_POINT('',(52.829902634736,4.52451400979,
    1.042479130588E+03));
#6010 = CARTESIAN_POINT('',(52.914402145714,3.407574976396,
    1.042628777123E+03));
#6011 = CARTESIAN_POINT('',(52.971410964019,2.27738942369,
    1.042729492702E+03));
#6012 = CARTESIAN_POINT('',(53.,1.139629570345,1.04278E+03));
#6013 = CARTESIAN_POINT('',(53.,3.673940397442E-15,1.04278E+03));
#6014 = PCURVE('',#4526,#6015);
#6015 = DEFINITIONAL_REPRESENTATION('',(#6016),#6103);
#6016 = B_SPLINE_CURVE_WITH_KNOTS('',7,(#6017,#6018,#6019,#6020,#6021,
    #6022,#6023,#6024,#6025,#6026,#6027,#6028,#6029,#6030,#6031,#6032,
    #6033,#6034,#6035,#6036,#6037,#6038,#6039,#6040,#6041,#6042,#6043,
    #6044,#6045,#6046,#6047,#6048,#6049,#6050,#6051,#6052,#6053,#6054,
    #6055,#6056,#6057,#6058,#6059,#6060,#6061,#6062,#6063,#6064,#6065,
    #6066,#6067,#6068,#6069,#6070,#6071,#6072,#6073,#6074,#6075,#6076,
    #6077,#6078,#6079,#6080,#6081,#6082,#6083,#6084,#6085,#6086,#6087,
    #6088,#6089,#6090,#6091,#6092,#6093,#6094,#6095,#6096,#6097,#6098,
    #6099,#6100,#6101,#6102),.UNSPECIFIED.,.F.,.F.,(8,6,6,6,6,6,6,6,6,6,
    6,6,6,6,8),(0.,6.717130480067E-02,0.108699807735,0.160264652448,
    0.199605316912,0.229420248246,0.310672171539,0.4025199579,
    0.499868642814,0.597252660185,0.689076187288,0.839558406426,
    0.89100175239,0.932595544854,1.),.UNSPECIFIED.);
#6017 = CARTESIAN_POINT('',(0.,9.));
#6018 = CARTESIAN_POINT('',(2.145041347996E-02,9.));
#6019 = CARTESIAN_POINT('',(4.286606465056E-02,9.050263159178));
#6020 = CARTESIAN_POINT('',(6.415605437947E-02,9.150495509974));
#6021 = CARTESIAN_POINT('',(8.522991030108E-02,9.29943212409));
#6022 = CARTESIAN_POINT('',(0.105996780461,9.494841227655));
#6023 = CARTESIAN_POINT('',(0.126365007941,9.733505437338));
#6024 = CARTESIAN_POINT('',(0.158531044036,10.182851842383));
#6025 = CARTESIAN_POINT('',(0.170642956887,10.369583900828));
#6026 = CARTESIAN_POINT('',(0.182571541009,10.570645789678));
#6027 = CARTESIAN_POINT('',(0.194310574427,10.7852929463));
#6028 = CARTESIAN_POINT('',(0.205853904805,11.012764898411));
#6029 = CARTESIAN_POINT('',(0.217195457027,11.252283414025));
#6030 = CARTESIAN_POINT('',(0.242153765895,11.814421703568));
#6031 = CARTESIAN_POINT('',(0.255660603597,12.14319453305));
#6032 = CARTESIAN_POINT('',(0.268850967465,12.488145574655));
#6033 = CARTESIAN_POINT('',(0.281726057344,12.848131010873));
#6034 = CARTESIAN_POINT('',(0.294287165642,13.222085676384));
#6035 = CARTESIAN_POINT('',(0.306535783601,13.609021962578));
#6036 = CARTESIAN_POINT('',(0.327581576797,14.312445251038));
#6037 = CARTESIAN_POINT('',(0.336509905089,14.623931401891));
#6038 = CARTESIAN_POINT('',(0.345260580956,14.942126787848));
#6039 = CARTESIAN_POINT('',(0.353835410125,15.266700674133));
#6040 = CARTESIAN_POINT('',(0.362236138216,15.597352141436));
#6041 = CARTESIAN_POINT('',(0.3704644734,15.933810249356));
#6042 = CARTESIAN_POINT('',(0.384628712939,16.535042343325));
#6043 = CARTESIAN_POINT('',(0.390637251609,16.797446166448));
#6044 = CARTESIAN_POINT('',(0.396548441106,17.062940606697));
#6045 = CARTESIAN_POINT('',(0.402362935466,17.331427520516));
#6046 = CARTESIAN_POINT('',(0.408081326725,17.602815683325));
#6047 = CARTESIAN_POINT('',(0.413704144921,17.877020789519));
#6048 = CARTESIAN_POINT('',(0.434296032536,18.908697578394));
#6049 = CARTESIAN_POINT('',(0.448657071158,19.683933161117));
#6050 = CARTESIAN_POINT('',(0.462320811445,20.477957832474));
#6051 = CARTESIAN_POINT('',(0.475290714662,21.289377890296));
#6052 = CARTESIAN_POINT('',(0.487567596474,22.117076922692));
#6053 = CARTESIAN_POINT('',(0.499149357579,22.960172432331));
#6054 = CARTESIAN_POINT('',(0.522331081998,24.787636076729));
#6055 = CARTESIAN_POINT('',(0.533739003452,25.77629048072));
#6056 = CARTESIAN_POINT('',(0.544235871975,26.782141785521));
#6057 = CARTESIAN_POINT('',(0.553802074121,27.803593388575));
#6058 = CARTESIAN_POINT('',(0.562417193205,28.83922330573));
#6059 = CARTESIAN_POINT('',(0.570060212809,29.887761505007));
#6060 = CARTESIAN_POINT('',(0.583757476479,32.071876240418));
#6061 = CARTESIAN_POINT('',(0.589689305754,33.208931401079));
#6062 = CARTESIAN_POINT('',(0.594470632591,34.356442796646));
#6063 = CARTESIAN_POINT('',(0.598075333456,35.511783030094));
#6064 = CARTESIAN_POINT('',(0.600485545251,36.672442691752));
#6065 = CARTESIAN_POINT('',(0.601691519041,37.835985053712));
#6066 = CARTESIAN_POINT('',(0.601691519041,40.164437422528));
#6067 = CARTESIAN_POINT('',(0.600484669689,41.328401710042));
#6068 = CARTESIAN_POINT('',(0.598072709404,42.48948026516));
#6069 = CARTESIAN_POINT('',(0.594465400579,43.645233814361));
#6070 = CARTESIAN_POINT('',(0.589680630917,44.79315026188));
#6071 = CARTESIAN_POINT('',(0.583744560098,45.930599310305));
#6072 = CARTESIAN_POINT('',(0.570041765509,48.114786802907));
#6073 = CARTESIAN_POINT('',(0.562398755575,49.163024886573));
#6074 = CARTESIAN_POINT('',(0.553784173971,50.19836100861));
#6075 = CARTESIAN_POINT('',(0.544219023103,51.219524876323));
#6076 = CARTESIAN_POINT('',(0.533723711773,52.225094430625));
#6077 = CARTESIAN_POINT('',(0.522317851143,53.213473282067));
#6078 = CARTESIAN_POINT('',(0.489866171186,55.771531696183));
#6079 = CARTESIAN_POINT('',(0.467333994984,57.307852176704));
#6080 = CARTESIAN_POINT('',(0.44244789092,58.789199849966));
#6081 = CARTESIAN_POINT('',(0.415185232144,60.210045889924));
#6082 = CARTESIAN_POINT('',(0.385490016003,61.561114400445));
#6083 = CARTESIAN_POINT('',(0.353286242696,62.828361020616));
#6084 = CARTESIAN_POINT('',(0.306588448116,64.389236521854));
#6085 = CARTESIAN_POINT('',(0.294382985734,64.77490283668));
#6086 = CARTESIAN_POINT('',(0.28186718424,65.147679476849));
#6087 = CARTESIAN_POINT('',(0.269039554337,65.506589652812));
#6088 = CARTESIAN_POINT('',(0.255898802248,65.850579963497));
#6089 = CARTESIAN_POINT('',(0.242443725196,66.178519326467));
#6090 = CARTESIAN_POINT('',(0.217539067511,66.740392697302));
#6091 = CARTESIAN_POINT('',(0.206196975392,66.980343325278));
#6092 = CARTESIAN_POINT('',(0.194652803468,67.208251251403));
#6093 = CARTESIAN_POINT('',(0.182912610229,67.423337390161));
#6094 = CARTESIAN_POINT('',(0.170982531909,67.624840260843));
#6095 = CARTESIAN_POINT('',(0.158868774686,67.81201413727));
#6096 = CARTESIAN_POINT('',(0.126659262793,68.26304350597));
#6097 = CARTESIAN_POINT('',(0.106246688922,68.502804541374));
#6098 = CARTESIAN_POINT('',(8.543290949023E-02,68.6991305884));
#6099 = CARTESIAN_POINT('',(6.431009732289E-02,68.848777123279));
#6100 = CARTESIAN_POINT('',(4.296961532784E-02,68.949492702158));
#6101 = CARTESIAN_POINT('',(2.150244472349E-02,69.));
#6102 = CARTESIAN_POINT('',(0.,69.));
#6103 = ( GEOMETRIC_REPRESENTATION_CONTEXT(2) 
PARAMETRIC_REPRESENTATION_CONTEXT() REPRESENTATION_CONTEXT('2D SPACE',''
  ) );
#6104 = PCURVE('',#6105,#6110);
#6105 = CYLINDRICAL_SURFACE('',#6106,30.);
#6106 = AXIS2_PLACEMENT_3D('',#6107,#6108,#6109);
#6107 = CARTESIAN_POINT('',(43.692104549907,0.,1.01278E+03));
#6108 = DIRECTION('',(1.,0.,0.));
#6109 = DIRECTION('',(0.,0.,1.));
#6110 = DEFINITIONAL_REPRESENTATION('',(#6111),#6150);
#6111 = B_SPLINE_CURVE_WITH_KNOTS('',7,(#6112,#6113,#6114,#6115,#6116,
    #6117,#6118,#6119,#6120,#6121,#6122,#6123,#6124,#6125,#6126,#6127,
    #6128,#6129,#6130,#6131,#6132,#6133,#6134,#6135,#6136,#6137,#6138,
    #6139,#6140,#6141,#6142,#6143,#6144,#6145,#6146,#6147,#6148,#6149),
  .UNSPECIFIED.,.F.,.F.,(8,6,6,6,6,6,8),(0.499868642814,0.597252660185,
    0.689076187288,0.839558406426,0.89100175239,0.932595544854,1.),
  .UNSPECIFIED.);
#6112 = CARTESIAN_POINT('',(4.712388980385,-7.1054273576E-15));
#6113 = CARTESIAN_POINT('',(4.751203561136,-7.252298527953E-15));
#6114 = CARTESIAN_POINT('',(4.790002364045,3.620552039737E-02));
#6115 = CARTESIAN_POINT('',(4.828800517718,0.108564194599));
#6116 = CARTESIAN_POINT('',(4.867611793705,0.216382715718));
#6117 = CARTESIAN_POINT('',(4.906447707501,0.358325323792));
#6118 = CARTESIAN_POINT('',(4.945315807466,0.532446853938));
#6119 = CARTESIAN_POINT('',(5.020897283923,0.928436373569));
#6120 = CARTESIAN_POINT('',(5.057607962585,1.14701572274));
#6121 = CARTESIAN_POINT('',(5.094391582652,1.39013248256));
#6122 = CARTESIAN_POINT('',(5.131288359163,1.655685631749));
#6123 = CARTESIAN_POINT('',(5.168336979322,1.941358515619));
#6124 = CARTESIAN_POINT('',(5.205575254593,2.244638323543));
#6125 = CARTESIAN_POINT('',(5.30444000785,3.084303525052));
#6126 = CARTESIAN_POINT('',(5.366397066217,3.64538928103));
#6127 = CARTESIAN_POINT('',(5.429272943125,4.2358041518));
#6128 = CARTESIAN_POINT('',(5.49341515952,4.844642590639));
#6129 = CARTESIAN_POINT('',(5.559172768963,5.459450198991));
#6130 = CARTESIAN_POINT('',(5.626901079772,6.065018246275));
#6131 = CARTESIAN_POINT('',(5.720953476009,6.840005874842));
#6132 = CARTESIAN_POINT('',(5.745200922512,7.034253868495));
#6133 = CARTESIAN_POINT('',(5.769746296169,7.224518839025));
#6134 = CARTESIAN_POINT('',(5.794601209542,7.409958557159));
#6135 = CARTESIAN_POINT('',(5.819777654197,7.589683036952));
#6136 = CARTESIAN_POINT('',(5.845288403761,7.76275686804));
#6137 = CARTESIAN_POINT('',(5.892055357721,8.0619695124));
#6138 = CARTESIAN_POINT('',(5.913194296765,8.190771351164));
#6139 = CARTESIAN_POINT('',(5.934559113142,8.314005992114));
#6140 = CARTESIAN_POINT('',(5.956145583872,8.431079004547));
#6141 = CARTESIAN_POINT('',(5.977950342893,8.541406320588));
#6142 = CARTESIAN_POINT('',(5.999970839989,8.644417956649));
#6143 = CARTESIAN_POINT('',(6.058237158214,8.893746149296));
#6144 = CARTESIAN_POINT('',(6.094882153443,9.02748763913));
#6145 = CARTESIAN_POINT('',(6.132011355576,9.137798084829));
#6146 = CARTESIAN_POINT('',(6.169509932679,9.222297595807));
#6147 = CARTESIAN_POINT('',(6.207272328086,9.279306414112));
#6148 = CARTESIAN_POINT('',(6.245197654835,9.307895450093));
#6149 = CARTESIAN_POINT('',(6.28318530718,9.307895450093));
#6150 = ( GEOMETRIC_REPRESENTATION_CONTEXT(2) 
PARAMETRIC_REPRESENTATION_CONTEXT() REPRESENTATION_CONTEXT('2D SPACE',''
  ) );
#6151 = ORIENTED_EDGE('',*,*,#6152,.F.);
#6152 = EDGE_CURVE('',#5852,#5924,#6153,.T.);
#6153 = SURFACE_CURVE('',#6154,(#6241,#6331),.PCURVE_S1.);
#6154 = B_SPLINE_CURVE_WITH_KNOTS('',7,(#6155,#6156,#6157,#6158,#6159,
    #6160,#6161,#6162,#6163,#6164,#6165,#6166,#6167,#6168,#6169,#6170,
    #6171,#6172,#6173,#6174,#6175,#6176,#6177,#6178,#6179,#6180,#6181,
    #6182,#6183,#6184,#6185,#6186,#6187,#6188,#6189,#6190,#6191,#6192,
    #6193,#6194,#6195,#6196,#6197,#6198,#6199,#6200,#6201,#6202,#6203,
    #6204,#6205,#6206,#6207,#6208,#6209,#6210,#6211,#6212,#6213,#6214,
    #6215,#6216,#6217,#6218,#6219,#6220,#6221,#6222,#6223,#6224,#6225,
    #6226,#6227,#6228,#6229,#6230,#6231,#6232,#6233,#6234,#6235,#6236,
    #6237,#6238,#6239,#6240),.UNSPECIFIED.,.F.,.F.,(8,6,6,6,6,6,6,6,6,6,
    6,6,6,6,8),(0.,6.717130480067E-02,0.108699807735,0.160264652448,
    0.199605316912,0.229420248246,0.310672171539,0.4025199579,
    0.499868642814,0.597252660185,0.689076187288,0.839558406426,
    0.89100175239,0.932595544854,1.),.UNSPECIFIED.);
#6155 = CARTESIAN_POINT('',(53.,-1.836970198721E-15,982.78));
#6156 = CARTESIAN_POINT('',(53.,1.136871914438,982.78));
#6157 = CARTESIAN_POINT('',(52.971549155763,2.2719012399,982.83026315917
    ));
#6158 = CARTESIAN_POINT('',(52.914813862598,3.399416926595,
    982.93049550997));
#6159 = CARTESIAN_POINT('',(52.83071420636,4.513779743117,
    983.07943212409));
#6160 = CARTESIAN_POINT('',(52.720914982779,5.609439877208,
    983.27484122765));
#6161 = CARTESIAN_POINT('',(52.587775839125,6.680992686791,
    983.51350543733));
#6162 = CARTESIAN_POINT('',(52.339350060501,8.367595003884,
    983.96285184238));
#6163 = CARTESIAN_POINT('',(52.236568644381,9.001313499907,
    984.14958390082));
#6164 = CARTESIAN_POINT('',(52.126467359872,9.623970052569,
    984.35064578967));
#6165 = CARTESIAN_POINT('',(52.009615206046,10.235174026414,
    984.5652929463));
#6166 = CARTESIAN_POINT('',(51.886595392429,10.834562110744,
    984.79276489841));
#6167 = CARTESIAN_POINT('',(51.758001620426,11.421798243055,
    985.03228341402));
#6168 = CARTESIAN_POINT('',(51.458587432849,12.710256821051,
    985.59442170356));
#6169 = CARTESIAN_POINT('',(51.28504098853,13.404864786237,
    985.92319453304));
#6170 = CARTESIAN_POINT('',(51.104784309221,14.080458622248,
    986.26814557465));
#6171 = CARTESIAN_POINT('',(50.918763079773,14.737137016032,
    986.62813101087));
#6172 = CARTESIAN_POINT('',(50.727877006166,15.375035792272,
    987.00208567638));
#6173 = CARTESIAN_POINT('',(50.532977429217,15.994327558407,
    987.38902196257));
#6174 = CARTESIAN_POINT('',(50.183717832654,17.053664716438,
    988.09244525103));
#6175 = CARTESIAN_POINT('',(50.030678915746,17.501464840648,
    988.40393140189));
#6176 = CARTESIAN_POINT('',(49.876082960899,17.938768673227,
    988.72212678784));
#6177 = CARTESIAN_POINT('',(49.720247336056,18.365724903322,
    989.04670067413));
#6178 = CARTESIAN_POINT('',(49.563472500128,18.782484046167,
    989.37735214143));
#6179 = CARTESIAN_POINT('',(49.406042499342,19.189198530988,
    989.71381024935));
#6180 = CARTESIAN_POINT('',(49.128621380934,19.886762193349,
    990.31504234332));
#6181 = CARTESIAN_POINT('',(49.008795602484,20.181819891194,
    990.57744616644));
#6182 = CARTESIAN_POINT('',(48.888864829105,20.471262249721,
    990.84294060669));
#6183 = CARTESIAN_POINT('',(48.768942170303,20.755153315185,
    991.11142752051));
#6184 = CARTESIAN_POINT('',(48.649137144227,21.033554812818,
    991.38281568332));
#6185 = CARTESIAN_POINT('',(48.529555677664,21.306526146822,
    991.65702078951));
#6186 = CARTESIAN_POINT('',(48.085303732609,22.303385606037,
    992.68869757839));
#6187 = CARTESIAN_POINT('',(47.762660672273,22.992895647055,
    993.46393316111));
#6188 = CARTESIAN_POINT('',(47.444517395744,23.643628106537,
    994.25795783247));
#6189 = CARTESIAN_POINT('',(47.132851198921,24.256474172353,
    995.06937789029));
#6190 = CARTESIAN_POINT('',(46.829504192224,24.832216199998,
    995.89707692269));
#6191 = CARTESIAN_POINT('',(46.53621728992,25.371501275447,
    996.74017243233));
#6192 = CARTESIAN_POINT('',(45.936394464341,26.443764154015,
    998.56763607672));
#6193 = CARTESIAN_POINT('',(45.633052347107,26.966866434244,
    999.55629048072));
#6194 = CARTESIAN_POINT('',(45.347328967498,27.444313259137,
    1.000562141786E+03));
#6195 = CARTESIAN_POINT('',(45.081738597113,27.876255102303,
    1.001583593389E+03));
#6196 = CARTESIAN_POINT('',(44.838599222554,28.262768285931,
    1.002619223306E+03));
#6197 = CARTESIAN_POINT('',(44.620013108599,28.603821996203,
    1.003667761505E+03));
#6198 = CARTESIAN_POINT('',(44.224172525872,29.212361935813,
    1.00585187624E+03));
#6199 = CARTESIAN_POINT('',(44.050172528905,29.474225736555,
    1.006988931401E+03));
#6200 = CARTESIAN_POINT('',(43.90833088652,29.684229287529,
    1.008136442797E+03));
#6201 = CARTESIAN_POINT('',(43.800590023193,29.842001404915,
    1.00929178303E+03));
#6202 = CARTESIAN_POINT('',(43.728283803347,29.947308396389,
    1.010452442692E+03));
#6203 = CARTESIAN_POINT('',(43.692104549907,30.,1.011615985054E+03));
#6204 = CARTESIAN_POINT('',(43.692104549907,30.,1.013944437423E+03));
#6205 = CARTESIAN_POINT('',(43.728310070304,29.947270141099,
    1.01510840171E+03));
#6206 = CARTESIAN_POINT('',(43.800668744506,29.841886754923,
    1.016269480265E+03));
#6207 = CARTESIAN_POINT('',(43.908487265625,29.684000290315,
    1.017425233814E+03));
#6208 = CARTESIAN_POINT('',(44.050429873699,29.473844722946,
    1.018573150262E+03));
#6209 = CARTESIAN_POINT('',(44.224551403845,29.211791734225,
    1.01971059931E+03));
#6210 = CARTESIAN_POINT('',(44.620540923476,28.602998976131,
    1.021894786803E+03));
#6211 = CARTESIAN_POINT('',(44.839120272647,28.261941539245,
    1.022943024887E+03));
#6212 = CARTESIAN_POINT('',(45.082237032467,27.875447781096,
    1.023978361009E+03));
#6213 = CARTESIAN_POINT('',(45.347790181656,27.44354847341,
    1.024999524876E+03));
#6214 = CARTESIAN_POINT('',(45.633463065526,26.966167654605,
    1.026005094431E+03));
#6215 = CARTESIAN_POINT('',(45.93674287345,26.443155556964,
    1.026993473282E+03));
#6216 = CARTESIAN_POINT('',(46.776408074959,24.942105043899,
    1.029551531696E+03));
#6217 = CARTESIAN_POINT('',(47.337493830937,23.88761950662,
    1.031087852177E+03));
#6218 = CARTESIAN_POINT('',(47.927908701707,22.707400766704,
    1.03256919985E+03));
#6219 = CARTESIAN_POINT('',(48.536747140546,21.395651148809,
    1.03399004589E+03));
#6220 = CARTESIAN_POINT('',(49.151554748898,19.945016270869,
    1.0353411144E+03));
#6221 = CARTESIAN_POINT('',(49.757122796182,18.347498871453,
    1.036608361021E+03));
#6222 = CARTESIAN_POINT('',(50.532110424749,15.996980719277,
    1.038169236522E+03));
#6223 = CARTESIAN_POINT('',(50.726358418402,15.379882372294,
    1.038554902837E+03));
#6224 = CARTESIAN_POINT('',(50.916623388932,14.744305405488,
    1.038927679477E+03));
#6225 = CARTESIAN_POINT('',(51.102063107065,14.09007822374,
    1.039286589653E+03));
#6226 = CARTESIAN_POINT('',(51.281787586859,13.417065445122,
    1.039630579963E+03));
#6227 = CARTESIAN_POINT('',(51.454861417947,12.725168247569,
    1.039958519326E+03));
#6228 = CARTESIAN_POINT('',(51.754074062306,11.4395821946,
    1.040520392697E+03));
#6229 = CARTESIAN_POINT('',(51.882875901071,10.852362367526,
    1.040760343325E+03));
#6230 = CARTESIAN_POINT('',(52.00611054202,10.252972865995,
    1.040988251251E+03));
#6231 = CARTESIAN_POINT('',(52.123183554454,9.641748538612,
    1.04120333739E+03));
#6232 = CARTESIAN_POINT('',(52.233510870495,9.019051526569,
    1.041404840261E+03));
#6233 = CARTESIAN_POINT('',(52.336522506556,8.385271339294,
    1.041592014137E+03));
#6234 = CARTESIAN_POINT('',(52.585850699203,6.696472960534,
    1.042043043506E+03));
#6235 = CARTESIAN_POINT('',(52.719592189037,5.622624898452,
    1.042282804541E+03));
#6236 = CARTESIAN_POINT('',(52.829902634736,4.52451400979,
    1.042479130588E+03));
#6237 = CARTESIAN_POINT('',(52.914402145714,3.407574976396,
    1.042628777123E+03));
#6238 = CARTESIAN_POINT('',(52.971410964019,2.27738942369,
    1.042729492702E+03));
#6239 = CARTESIAN_POINT('',(53.,1.139629570345,1.04278E+03));
#6240 = CARTESIAN_POINT('',(53.,3.673940397442E-15,1.04278E+03));
#6241 = PCURVE('',#4526,#6242);
#6242 = DEFINITIONAL_REPRESENTATION('',(#6243),#6330);
#6243 = B_SPLINE_CURVE_WITH_KNOTS('',7,(#6244,#6245,#6246,#6247,#6248,
    #6249,#6250,#6251,#6252,#6253,#6254,#6255,#6256,#6257,#6258,#6259,
    #6260,#6261,#6262,#6263,#6264,#6265,#6266,#6267,#6268,#6269,#6270,
    #6271,#6272,#6273,#6274,#6275,#6276,#6277,#6278,#6279,#6280,#6281,
    #6282,#6283,#6284,#6285,#6286,#6287,#6288,#6289,#6290,#6291,#6292,
    #6293,#6294,#6295,#6296,#6297,#6298,#6299,#6300,#6301,#6302,#6303,
    #6304,#6305,#6306,#6307,#6308,#6309,#6310,#6311,#6312,#6313,#6314,
    #6315,#6316,#6317,#6318,#6319,#6320,#6321,#6322,#6323,#6324,#6325,
    #6326,#6327,#6328,#6329),.UNSPECIFIED.,.F.,.F.,(8,6,6,6,6,6,6,6,6,6,
    6,6,6,6,8),(0.,6.717130480067E-02,0.108699807735,0.160264652448,
    0.199605316912,0.229420248246,0.310672171539,0.4025199579,
    0.499868642814,0.597252660185,0.689076187288,0.839558406426,
    0.89100175239,0.932595544854,1.),.UNSPECIFIED.);
#6244 = CARTESIAN_POINT('',(0.,9.));
#6245 = CARTESIAN_POINT('',(2.145041347996E-02,9.));
#6246 = CARTESIAN_POINT('',(4.286606465056E-02,9.050263159178));
#6247 = CARTESIAN_POINT('',(6.415605437947E-02,9.150495509974));
#6248 = CARTESIAN_POINT('',(8.522991030108E-02,9.29943212409));
#6249 = CARTESIAN_POINT('',(0.105996780461,9.494841227655));
#6250 = CARTESIAN_POINT('',(0.126365007941,9.733505437338));
#6251 = CARTESIAN_POINT('',(0.158531044036,10.182851842383));
#6252 = CARTESIAN_POINT('',(0.170642956887,10.369583900828));
#6253 = CARTESIAN_POINT('',(0.182571541009,10.570645789678));
#6254 = CARTESIAN_POINT('',(0.194310574427,10.7852929463));
#6255 = CARTESIAN_POINT('',(0.205853904805,11.012764898411));
#6256 = CARTESIAN_POINT('',(0.217195457027,11.252283414025));
#6257 = CARTESIAN_POINT('',(0.242153765895,11.814421703568));
#6258 = CARTESIAN_POINT('',(0.255660603597,12.14319453305));
#6259 = CARTESIAN_POINT('',(0.268850967465,12.488145574655));
#6260 = CARTESIAN_POINT('',(0.281726057344,12.848131010873));
#6261 = CARTESIAN_POINT('',(0.294287165642,13.222085676384));
#6262 = CARTESIAN_POINT('',(0.306535783601,13.609021962578));
#6263 = CARTESIAN_POINT('',(0.327581576797,14.312445251038));
#6264 = CARTESIAN_POINT('',(0.336509905089,14.623931401891));
#6265 = CARTESIAN_POINT('',(0.345260580956,14.942126787848));
#6266 = CARTESIAN_POINT('',(0.353835410125,15.266700674133));
#6267 = CARTESIAN_POINT('',(0.362236138216,15.597352141436));
#6268 = CARTESIAN_POINT('',(0.3704644734,15.933810249356));
#6269 = CARTESIAN_POINT('',(0.384628712939,16.535042343325));
#6270 = CARTESIAN_POINT('',(0.390637251609,16.797446166448));
#6271 = CARTESIAN_POINT('',(0.396548441106,17.062940606697));
#6272 = CARTESIAN_POINT('',(0.402362935466,17.331427520516));
#6273 = CARTESIAN_POINT('',(0.408081326725,17.602815683325));
#6274 = CARTESIAN_POINT('',(0.413704144921,17.877020789519));
#6275 = CARTESIAN_POINT('',(0.434296032536,18.908697578394));
#6276 = CARTESIAN_POINT('',(0.448657071158,19.683933161117));
#6277 = CARTESIAN_POINT('',(0.462320811445,20.477957832474));
#6278 = CARTESIAN_POINT('',(0.475290714662,21.289377890296));
#6279 = CARTESIAN_POINT('',(0.487567596474,22.117076922692));
#6280 = CARTESIAN_POINT('',(0.499149357579,22.960172432331));
#6281 = CARTESIAN_POINT('',(0.522331081998,24.787636076729));
#6282 = CARTESIAN_POINT('',(0.533739003452,25.77629048072));
#6283 = CARTESIAN_POINT('',(0.544235871975,26.782141785521));
#6284 = CARTESIAN_POINT('',(0.553802074121,27.803593388575));
#6285 = CARTESIAN_POINT('',(0.562417193205,28.83922330573));
#6286 = CARTESIAN_POINT('',(0.570060212809,29.887761505007));
#6287 = CARTESIAN_POINT('',(0.583757476479,32.071876240418));
#6288 = CARTESIAN_POINT('',(0.589689305754,33.208931401079));
#6289 = CARTESIAN_POINT('',(0.594470632591,34.356442796646));
#6290 = CARTESIAN_POINT('',(0.598075333456,35.511783030094));
#6291 = CARTESIAN_POINT('',(0.600485545251,36.672442691752));
#6292 = CARTESIAN_POINT('',(0.601691519041,37.835985053712));
#6293 = CARTESIAN_POINT('',(0.601691519041,40.164437422528));
#6294 = CARTESIAN_POINT('',(0.600484669689,41.328401710042));
#6295 = CARTESIAN_POINT('',(0.598072709404,42.48948026516));
#6296 = CARTESIAN_POINT('',(0.594465400579,43.645233814361));
#6297 = CARTESIAN_POINT('',(0.589680630917,44.79315026188));
#6298 = CARTESIAN_POINT('',(0.583744560098,45.930599310305));
#6299 = CARTESIAN_POINT('',(0.570041765509,48.114786802907));
#6300 = CARTESIAN_POINT('',(0.562398755575,49.163024886573));
#6301 = CARTESIAN_POINT('',(0.553784173971,50.19836100861));
#6302 = CARTESIAN_POINT('',(0.544219023103,51.219524876323));
#6303 = CARTESIAN_POINT('',(0.533723711773,52.225094430625));
#6304 = CARTESIAN_POINT('',(0.522317851143,53.213473282067));
#6305 = CARTESIAN_POINT('',(0.489866171186,55.771531696183));
#6306 = CARTESIAN_POINT('',(0.467333994984,57.307852176704));
#6307 = CARTESIAN_POINT('',(0.44244789092,58.789199849966));
#6308 = CARTESIAN_POINT('',(0.415185232144,60.210045889924));
#6309 = CARTESIAN_POINT('',(0.385490016003,61.561114400445));
#6310 = CARTESIAN_POINT('',(0.353286242696,62.828361020616));
#6311 = CARTESIAN_POINT('',(0.306588448116,64.389236521854));
#6312 = CARTESIAN_POINT('',(0.294382985734,64.77490283668));
#6313 = CARTESIAN_POINT('',(0.28186718424,65.147679476849));
#6314 = CARTESIAN_POINT('',(0.269039554337,65.506589652812));
#6315 = CARTESIAN_POINT('',(0.255898802248,65.850579963497));
#6316 = CARTESIAN_POINT('',(0.242443725196,66.178519326467));
#6317 = CARTESIAN_POINT('',(0.217539067511,66.740392697302));
#6318 = CARTESIAN_POINT('',(0.206196975392,66.980343325278));
#6319 = CARTESIAN_POINT('',(0.194652803468,67.208251251403));
#6320 = CARTESIAN_POINT('',(0.182912610229,67.423337390161));
#6321 = CARTESIAN_POINT('',(0.170982531909,67.624840260843));
#6322 = CARTESIAN_POINT('',(0.158868774686,67.81201413727));
#6323 = CARTESIAN_POINT('',(0.126659262793,68.26304350597));
#6324 = CARTESIAN_POINT('',(0.106246688922,68.502804541374));
#6325 = CARTESIAN_POINT('',(8.543290949023E-02,68.6991305884));
#6326 = CARTESIAN_POINT('',(6.431009732289E-02,68.848777123279));
#6327 = CARTESIAN_POINT('',(4.296961532784E-02,68.949492702158));
#6328 = CARTESIAN_POINT('',(2.150244472349E-02,69.));
#6329 = CARTESIAN_POINT('',(0.,69.));
#6330 = ( GEOMETRIC_REPRESENTATION_CONTEXT(2) 
PARAMETRIC_REPRESENTATION_CONTEXT() REPRESENTATION_CONTEXT('2D SPACE',''
  ) );
#6331 = PCURVE('',#6332,#6337);
#6332 = CYLINDRICAL_SURFACE('',#6333,30.);
#6333 = AXIS2_PLACEMENT_3D('',#6334,#6335,#6336);
#6334 = CARTESIAN_POINT('',(43.692104549907,0.,1.01278E+03));
#6335 = DIRECTION('',(1.,0.,0.));
#6336 = DIRECTION('',(0.,0.,1.));
#6337 = DEFINITIONAL_REPRESENTATION('',(#6338),#6425);
#6338 = B_SPLINE_CURVE_WITH_KNOTS('',7,(#6339,#6340,#6341,#6342,#6343,
    #6344,#6345,#6346,#6347,#6348,#6349,#6350,#6351,#6352,#6353,#6354,
    #6355,#6356,#6357,#6358,#6359,#6360,#6361,#6362,#6363,#6364,#6365,
    #6366,#6367,#6368,#6369,#6370,#6371,#6372,#6373,#6374,#6375,#6376,
    #6377,#6378,#6379,#6380,#6381,#6382,#6383,#6384,#6385,#6386,#6387,
    #6388,#6389,#6390,#6391,#6392,#6393,#6394,#6395,#6396,#6397,#6398,
    #6399,#6400,#6401,#6402,#6403,#6404,#6405,#6406,#6407,#6408,#6409,
    #6410,#6411,#6412,#6413,#6414,#6415,#6416,#6417,#6418,#6419,#6420,
    #6421,#6422,#6423,#6424),.UNSPECIFIED.,.F.,.F.,(8,6,6,6,6,6,6,6,6,6,
    6,6,6,6,8),(0.,6.717130480067E-02,0.108699807735,0.160264652448,
    0.199605316912,0.229420248246,0.310672171539,0.4025199579,
    0.499868642814,0.597252660185,0.689076187288,0.839558406426,
    0.89100175239,0.932595544854,1.),.UNSPECIFIED.);
#6339 = CARTESIAN_POINT('',(3.14159265359,9.307895450093));
#6340 = CARTESIAN_POINT('',(3.179488384071,9.307895450093));
#6341 = CARTESIAN_POINT('',(3.217322693247,9.279444605856));
#6342 = CARTESIAN_POINT('',(3.254995444603,9.222709312691));
#6343 = CARTESIAN_POINT('',(3.292406228282,9.138609656453));
#6344 = CARTESIAN_POINT('',(3.329450011953,9.028810432872));
#6345 = CARTESIAN_POINT('',(3.366012577842,8.895671289218));
#6346 = CARTESIAN_POINT('',(3.424193708496,8.647245510594));
#6347 = CARTESIAN_POINT('',(3.446208073044,8.544464094474));
#6348 = CARTESIAN_POINT('',(3.468007036926,8.434362809965));
#6349 = CARTESIAN_POINT('',(3.489588024002,8.317510656139));
#6350 = CARTESIAN_POINT('',(3.510947642882,8.194490842522));
#6351 = CARTESIAN_POINT('',(3.532081645157,8.065897070519));
#6352 = CARTESIAN_POINT('',(3.578939882471,7.766482882942));
#6353 = CARTESIAN_POINT('',(3.604544052693,7.592936438623));
#6354 = CARTESIAN_POINT('',(3.629811487493,7.412679759314));
#6355 = CARTESIAN_POINT('',(3.654755075341,7.226658529866));
#6356 = CARTESIAN_POINT('',(3.67938690949,7.035772456259));
#6357 = CARTESIAN_POINT('',(3.703718697482,6.84087287931));
#6358 = CARTESIAN_POINT('',(3.746105796373,6.491613282747));
#6359 = CARTESIAN_POINT('',(3.764284229944,6.338574365839));
#6360 = CARTESIAN_POINT('',(3.782304985076,6.183978410992));
#6361 = CARTESIAN_POINT('',(3.800175361478,6.028142786149));
#6362 = CARTESIAN_POINT('',(3.817902561938,5.871367950221));
#6363 = CARTESIAN_POINT('',(3.835493809388,5.713937949435));
#6364 = CARTESIAN_POINT('',(3.866190806958,5.436516831027));
#6365 = CARTESIAN_POINT('',(3.879351248629,5.316691052577));
#6366 = CARTESIAN_POINT('',(3.892440936803,5.196760279198));
#6367 = CARTESIAN_POINT('',(3.905462956186,5.076837620396));
#6368 = CARTESIAN_POINT('',(3.918420328365,4.95703259432));
#6369 = CARTESIAN_POINT('',(3.931316011808,4.837451127757));
#6370 = CARTESIAN_POINT('',(3.97913611193,4.393199182702));
#6371 = CARTESIAN_POINT('',(4.013690118667,4.070556122366));
#6372 = CARTESIAN_POINT('',(4.047866185682,3.752412845837));
#6373 = CARTESIAN_POINT('',(4.081713914873,3.440746649014));
#6374 = CARTESIAN_POINT('',(4.115281794378,3.137399642317));
#6375 = CARTESIAN_POINT('',(4.148617746519,2.844112740013));
#6376 = CARTESIAN_POINT('',(4.219244866368,2.244289914435));
#6377 = CARTESIAN_POINT('',(4.256492638268,1.9409477972));
#6378 = CARTESIAN_POINT('',(4.293550643856,1.655224417591));
#6379 = CARTESIAN_POINT('',(4.330456759954,1.389634047206));
#6380 = CARTESIAN_POINT('',(4.367249740142,1.146494672647));
#6381 = CARTESIAN_POINT('',(4.403969867112,0.927908558692));
#6382 = CARTESIAN_POINT('',(4.479546745084,0.532067975965));
#6383 = CARTESIAN_POINT('',(4.518400678876,0.358067978998));
#6384 = CARTESIAN_POINT('',(4.557222469092,0.216226336613));
#6385 = CARTESIAN_POINT('',(4.59601965685,0.108485473286));
#6386 = CARTESIAN_POINT('',(4.634803743438,3.617925344013E-02));
#6387 = CARTESIAN_POINT('',(4.673588482175,-6.958609474423E-15));
#6388 = CARTESIAN_POINT('',(4.751203561136,-7.252298527953E-15));
#6389 = CARTESIAN_POINT('',(4.790002364045,3.620552039737E-02));
#6390 = CARTESIAN_POINT('',(4.828800517718,0.108564194599));
#6391 = CARTESIAN_POINT('',(4.867611793705,0.216382715718));
#6392 = CARTESIAN_POINT('',(4.906447707501,0.358325323792));
#6393 = CARTESIAN_POINT('',(4.945315807466,0.532446853938));
#6394 = CARTESIAN_POINT('',(5.020897283923,0.928436373569));
#6395 = CARTESIAN_POINT('',(5.057607962585,1.14701572274));
#6396 = CARTESIAN_POINT('',(5.094391582652,1.39013248256));
#6397 = CARTESIAN_POINT('',(5.131288359163,1.655685631749));
#6398 = CARTESIAN_POINT('',(5.168336979322,1.941358515619));
#6399 = CARTESIAN_POINT('',(5.205575254593,2.244638323543));
#6400 = CARTESIAN_POINT('',(5.30444000785,3.084303525052));
#6401 = CARTESIAN_POINT('',(5.366397066217,3.64538928103));
#6402 = CARTESIAN_POINT('',(5.429272943125,4.2358041518));
#6403 = CARTESIAN_POINT('',(5.49341515952,4.844642590639));
#6404 = CARTESIAN_POINT('',(5.559172768963,5.459450198991));
#6405 = CARTESIAN_POINT('',(5.626901079772,6.065018246275));
#6406 = CARTESIAN_POINT('',(5.720953476009,6.840005874842));
#6407 = CARTESIAN_POINT('',(5.745200922512,7.034253868495));
#6408 = CARTESIAN_POINT('',(5.769746296169,7.224518839025));
#6409 = CARTESIAN_POINT('',(5.794601209542,7.409958557159));
#6410 = CARTESIAN_POINT('',(5.819777654197,7.589683036952));
#6411 = CARTESIAN_POINT('',(5.845288403761,7.76275686804));
#6412 = CARTESIAN_POINT('',(5.892055357721,8.0619695124));
#6413 = CARTESIAN_POINT('',(5.913194296765,8.190771351164));
#6414 = CARTESIAN_POINT('',(5.934559113142,8.314005992114));
#6415 = CARTESIAN_POINT('',(5.956145583872,8.431079004547));
#6416 = CARTESIAN_POINT('',(5.977950342893,8.541406320588));
#6417 = CARTESIAN_POINT('',(5.999970839989,8.644417956649));
#6418 = CARTESIAN_POINT('',(6.058237158214,8.893746149296));
#6419 = CARTESIAN_POINT('',(6.094882153443,9.02748763913));
#6420 = CARTESIAN_POINT('',(6.132011355576,9.137798084829));
#6421 = CARTESIAN_POINT('',(6.169509932679,9.222297595807));
#6422 = CARTESIAN_POINT('',(6.207272328086,9.279306414112));
#6423 = CARTESIAN_POINT('',(6.245197654835,9.307895450093));
#6424 = CARTESIAN_POINT('',(6.28318530718,9.307895450093));
#6425 = ( GEOMETRIC_REPRESENTATION_CONTEXT(2) 
PARAMETRIC_REPRESENTATION_CONTEXT() REPRESENTATION_CONTEXT('2D SPACE',''
  ) );
#6426 = ADVANCED_FACE('',(#6427),#5050,.T.);
#6427 = FACE_BOUND('',#6428,.T.);
#6428 = EDGE_LOOP('',(#6429,#6430,#6457,#6479,#6506));
#6429 = ORIENTED_EDGE('',*,*,#5244,.T.);
#6430 = ORIENTED_EDGE('',*,*,#6431,.F.);
#6431 = EDGE_CURVE('',#6432,#5218,#6434,.T.);
#6432 = VERTEX_POINT('',#6433);
#6433 = CARTESIAN_POINT('',(28.43241741755,235.,1.035858077038E+03));
#6434 = SURFACE_CURVE('',#6435,(#6439,#6445),.PCURVE_S1.);
#6435 = LINE('',#6436,#6437);
#6436 = CARTESIAN_POINT('',(28.43241741755,235.,1.035858077038E+03));
#6437 = VECTOR('',#6438,1.);
#6438 = DIRECTION('',(-0.274670324175,0.,-0.961538461538));
#6439 = PCURVE('',#5050,#6440);
#6440 = DEFINITIONAL_REPRESENTATION('',(#6441),#6444);
#6441 = B_SPLINE_CURVE_WITH_KNOTS('',1,(#6442,#6443),.UNSPECIFIED.,.F.,
  .F.,(2,2),(0.,60.),.PIECEWISE_BEZIER_KNOTS.);
#6442 = CARTESIAN_POINT('',(0.,1.));
#6443 = CARTESIAN_POINT('',(95.,1.));
#6444 = ( GEOMETRIC_REPRESENTATION_CONTEXT(2) 
PARAMETRIC_REPRESENTATION_CONTEXT() REPRESENTATION_CONTEXT('2D SPACE',''
  ) );
#6445 = PCURVE('',#6446,#6451);
#6446 = PLANE('',#6447);
#6447 = AXIS2_PLACEMENT_3D('',#6448,#6449,#6450);
#6448 = CARTESIAN_POINT('',(28.43241741755,235.,1.035858077038E+03));
#6449 = DIRECTION('',(-0.961538461538,0.,0.274670324175));
#6450 = DIRECTION('',(-0.274670324175,0.,-0.961538461538));
#6451 = DEFINITIONAL_REPRESENTATION('',(#6452),#6456);
#6452 = LINE('',#6453,#6454);
#6453 = CARTESIAN_POINT('',(0.,0.));
#6454 = VECTOR('',#6455,1.);
#6455 = DIRECTION('',(1.,0.));
#6456 = ( GEOMETRIC_REPRESENTATION_CONTEXT(2) 
PARAMETRIC_REPRESENTATION_CONTEXT() REPRESENTATION_CONTEXT('2D SPACE',''
  ) );
#6457 = ORIENTED_EDGE('',*,*,#6458,.F.);
#6458 = EDGE_CURVE('',#6459,#6432,#6461,.T.);
#6459 = VERTEX_POINT('',#6460);
#6460 = CARTESIAN_POINT('',(42.035261808712,38.383584716153,
    1.059473194692E+03));
#6461 = SURFACE_CURVE('',#6462,(#6465,#6472),.PCURVE_S1.);
#6462 = B_SPLINE_CURVE_WITH_KNOTS('',1,(#6463,#6464),.UNSPECIFIED.,.F.,
  .F.,(2,2),(0.,1.),.PIECEWISE_BEZIER_KNOTS.);
#6463 = CARTESIAN_POINT('',(42.5,31.666228067138,1.06028E+03));
#6464 = CARTESIAN_POINT('',(28.43241741755,235.,1.035858077038E+03));
#6465 = PCURVE('',#5050,#6466);
#6466 = DEFINITIONAL_REPRESENTATION('',(#6467),#6471);
#6467 = LINE('',#6468,#6469);
#6468 = CARTESIAN_POINT('',(0.,0.));
#6469 = VECTOR('',#6470,1.);
#6470 = DIRECTION('',(0.,1.));
#6471 = ( GEOMETRIC_REPRESENTATION_CONTEXT(2) 
PARAMETRIC_REPRESENTATION_CONTEXT() REPRESENTATION_CONTEXT('2D SPACE',''
  ) );
#6472 = PCURVE('',#5806,#6473);
#6473 = DEFINITIONAL_REPRESENTATION('',(#6474),#6478);
#6474 = LINE('',#6475,#6476);
#6475 = CARTESIAN_POINT('',(85.,0.));
#6476 = VECTOR('',#6477,1.);
#6477 = DIRECTION('',(0.,1.));
#6478 = ( GEOMETRIC_REPRESENTATION_CONTEXT(2) 
PARAMETRIC_REPRESENTATION_CONTEXT() REPRESENTATION_CONTEXT('2D SPACE',''
  ) );
#6479 = ORIENTED_EDGE('',*,*,#6480,.F.);
#6480 = EDGE_CURVE('',#4851,#6459,#6481,.T.);
#6481 = SURFACE_CURVE('',#6482,(#6488,#6497),.PCURVE_S1.);
#6482 = B_SPLINE_CURVE_WITH_KNOTS('',4,(#6483,#6484,#6485,#6486,#6487),
  .UNSPECIFIED.,.F.,.F.,(5,5),(0.,1.),.PIECEWISE_BEZIER_KNOTS.);
#6483 = CARTESIAN_POINT('',(42.056468277251,38.076425547947,
    1.059502097411E+03));
#6484 = CARTESIAN_POINT('',(42.051107303085,38.154228732988,
    1.059496790286E+03));
#6485 = CARTESIAN_POINT('',(42.045784395861,38.231381222683,
    1.059490172889E+03));
#6486 = CARTESIAN_POINT('',(42.040502042259,38.307842024236,
    1.059482291859E+03));
#6487 = CARTESIAN_POINT('',(42.035262357433,38.383576784903,
    1.059473195644E+03));
#6488 = PCURVE('',#5050,#6489);
#6489 = DEFINITIONAL_REPRESENTATION('',(#6490),#6496);
#6490 = B_SPLINE_CURVE_WITH_KNOTS('',4,(#6491,#6492,#6493,#6494,#6495),
  .UNSPECIFIED.,.F.,.F.,(5,5),(0.,1.),.PIECEWISE_BEZIER_KNOTS.);
#6491 = CARTESIAN_POINT('',(8.089570907045E-03,3.152549337906E-02));
#6492 = CARTESIAN_POINT('',(4.002561782069E-03,3.190813116865E-02));
#6493 = CARTESIAN_POINT('',(1.319714404983E-03,3.228756882409E-02));
#6494 = CARTESIAN_POINT('',(1.036392714068E-07,3.266360474192E-02));
#6495 = CARTESIAN_POINT('',(0.,3.303606997456E-02));
#6496 = ( GEOMETRIC_REPRESENTATION_CONTEXT(2) 
PARAMETRIC_REPRESENTATION_CONTEXT() REPRESENTATION_CONTEXT('2D SPACE',''
  ) );
#6497 = PCURVE('',#4944,#6498);
#6498 = DEFINITIONAL_REPRESENTATION('',(#6499),#6505);
#6499 = B_SPLINE_CURVE_WITH_KNOTS('',4,(#6500,#6501,#6502,#6503,#6504),
  .UNSPECIFIED.,.F.,.F.,(5,5),(0.,1.),.PIECEWISE_BEZIER_KNOTS.);
#6500 = CARTESIAN_POINT('',(2.889256994757,84.556468277285));
#6501 = CARTESIAN_POINT('',(2.167061258426,84.551107303111));
#6502 = CARTESIAN_POINT('',(1.444796518034,84.545784395879));
#6503 = CARTESIAN_POINT('',(0.722466827156,84.540502042268));
#6504 = CARTESIAN_POINT('',(7.565154910944E-05,84.535262357433));
#6505 = ( GEOMETRIC_REPRESENTATION_CONTEXT(2) 
PARAMETRIC_REPRESENTATION_CONTEXT() REPRESENTATION_CONTEXT('2D SPACE',''
  ) );
#6506 = ORIENTED_EDGE('',*,*,#5026,.T.);
#6507 = ADVANCED_FACE('',(#6508),#4944,.T.);
#6508 = FACE_BOUND('',#6509,.T.);
#6509 = EDGE_LOOP('',(#6510,#6511,#6512,#6543,#6544));
#6510 = ORIENTED_EDGE('',*,*,#4850,.T.);
#6511 = ORIENTED_EDGE('',*,*,#6480,.T.);
#6512 = ORIENTED_EDGE('',*,*,#6513,.F.);
#6513 = EDGE_CURVE('',#5430,#6459,#6514,.T.);
#6514 = SURFACE_CURVE('',#6515,(#6527,#6534),.PCURVE_S1.);
#6515 = B_SPLINE_CURVE_WITH_KNOTS('',4,(#6516,#6517,#6518,#6519,#6520,
    #6521,#6522,#6523,#6524,#6525,#6526),.UNSPECIFIED.,.F.,.F.,(5,3,3,5)
  ,(-4.311479238381,-3.219646708547E-14,85.,89.345108675469),
  .UNSPECIFIED.);
#6516 = CARTESIAN_POINT('',(-46.84511772965,38.020024957434,
    1.059900248132E+03));
#6517 = CARTESIAN_POINT('',(-45.75042867442,38.024525135463,
    1.059895235383E+03));
#6518 = CARTESIAN_POINT('',(-44.6613460344,38.029002265973,
    1.059890248306E+03));
#6519 = CARTESIAN_POINT('',(-43.57786980959,38.033456348964,
    1.059885286901E+03));
#6520 = CARTESIAN_POINT('',(-21.25,38.125244413043,1.059783044149E+03));
#6521 = CARTESIAN_POINT('',(-1.06581410364E-14,38.212392331472,
    1.059682336648E+03));
#6522 = CARTESIAN_POINT('',(21.25,38.299182062965,1.059578251785E+03));
#6523 = CARTESIAN_POINT('',(43.586277168867,38.389883016008,
    1.059465355875E+03));
#6524 = CARTESIAN_POINT('',(44.672554337735,38.394294063281,
    1.059459865423E+03));
#6525 = CARTESIAN_POINT('',(45.758831506602,38.398705110553,
    1.059454374971E+03));
#6526 = CARTESIAN_POINT('',(46.845108675469,38.403116157826,
    1.05944888452E+03));
#6527 = PCURVE('',#4944,#6528);
#6528 = DEFINITIONAL_REPRESENTATION('',(#6529),#6533);
#6529 = LINE('',#6530,#6531);
#6530 = CARTESIAN_POINT('',(0.,0.));
#6531 = VECTOR('',#6532,1.);
#6532 = DIRECTION('',(0.,1.));
#6533 = ( GEOMETRIC_REPRESENTATION_CONTEXT(2) 
PARAMETRIC_REPRESENTATION_CONTEXT() REPRESENTATION_CONTEXT('2D SPACE',''
  ) );
#6534 = PCURVE('',#5806,#6535);
#6535 = DEFINITIONAL_REPRESENTATION('',(#6536),#6542);
#6536 = B_SPLINE_CURVE_WITH_KNOTS('',4,(#6537,#6538,#6539,#6540,#6541),
  .UNSPECIFIED.,.F.,.F.,(5,5),(-3.219646708547E-14,85.),
  .PIECEWISE_BEZIER_KNOTS.);
#6537 = CARTESIAN_POINT('',(-0.973252657983,3.13359618362E-02));
#6538 = CARTESIAN_POINT('',(20.618542087879,3.176558564033E-02));
#6539 = CARTESIAN_POINT('',(42.223570652494,3.219418103598E-02));
#6540 = CARTESIAN_POINT('',(63.841802565402,3.262101486032E-02));
#6541 = CARTESIAN_POINT('',(85.473074277053,3.304539053068E-02));
#6542 = ( GEOMETRIC_REPRESENTATION_CONTEXT(2) 
PARAMETRIC_REPRESENTATION_CONTEXT() REPRESENTATION_CONTEXT('2D SPACE',''
  ) );
#6543 = ORIENTED_EDGE('',*,*,#5427,.F.);
#6544 = ORIENTED_EDGE('',*,*,#6545,.T.);
#6545 = EDGE_CURVE('',#5428,#4813,#6546,.T.);
#6546 = SURFACE_CURVE('',#6547,(#6559,#6566),.PCURVE_S1.);
#6547 = B_SPLINE_CURVE_WITH_KNOTS('',4,(#6548,#6549,#6550,#6551,#6552,
    #6553,#6554,#6555,#6556,#6557,#6558),.UNSPECIFIED.,.F.,.F.,(5,3,3,5)
  ,(-4.311479238381,-3.219646708547E-14,85.,89.345108675469),
  .UNSPECIFIED.);
#6548 = CARTESIAN_POINT('',(-46.84515937913,31.666228067138,
    1.053910661678E+03));
#6549 = CARTESIAN_POINT('',(-45.75044949916,31.666228067138,
    1.05390592813E+03));
#6550 = CARTESIAN_POINT('',(-44.66135297598,31.666228067138,
    1.053901218854E+03));
#6551 = CARTESIAN_POINT('',(-43.57786980959,31.666228067138,
    1.053896533851E+03));
#6552 = CARTESIAN_POINT('',(-21.25,31.666228067138,1.053799987686E+03));
#6553 = CARTESIAN_POINT('',(-3.5527136788E-15,31.666228067138,
    1.053706394461E+03));
#6554 = CARTESIAN_POINT('',(21.25,31.666228067138,1.053611098046E+03));
#6555 = CARTESIAN_POINT('',(43.586277168867,31.666228067138,
    1.053509153791E+03));
#6556 = CARTESIAN_POINT('',(44.67256201581,31.666228067138,
    1.053504195915E+03));
#6557 = CARTESIAN_POINT('',(45.758854540828,31.666228067138,
    1.053499238004E+03));
#6558 = CARTESIAN_POINT('',(46.845154743921,31.666228067138,
    1.053494280057E+03));
#6559 = PCURVE('',#4944,#6560);
#6560 = DEFINITIONAL_REPRESENTATION('',(#6561),#6565);
#6561 = LINE('',#6562,#6563);
#6562 = CARTESIAN_POINT('',(85.,0.));
#6563 = VECTOR('',#6564,1.);
#6564 = DIRECTION('',(0.,1.));
#6565 = ( GEOMETRIC_REPRESENTATION_CONTEXT(2) 
PARAMETRIC_REPRESENTATION_CONTEXT() REPRESENTATION_CONTEXT('2D SPACE',''
  ) );
#6566 = PCURVE('',#4836,#6567);
#6567 = DEFINITIONAL_REPRESENTATION('',(#6568),#6574);
#6568 = B_SPLINE_CURVE_WITH_KNOTS('',4,(#6569,#6570,#6571,#6572,#6573),
  .UNSPECIFIED.,.F.,.F.,(5,5),(-3.219646708547E-14,85.),
  .PIECEWISE_BEZIER_KNOTS.);
#6569 = CARTESIAN_POINT('',(4.760696067235,-4.259570165421));
#6570 = CARTESIAN_POINT('',(18.998563652368,11.515539012052));
#6571 = CARTESIAN_POINT('',(33.237703954034,27.289509443152));
#6572 = CARTESIAN_POINT('',(47.478113542956,43.062344196181));
#6573 = CARTESIAN_POINT('',(61.719782588966,58.834052066554));
#6574 = ( GEOMETRIC_REPRESENTATION_CONTEXT(2) 
PARAMETRIC_REPRESENTATION_CONTEXT() REPRESENTATION_CONTEXT('2D SPACE',''
  ) );
#6575 = ADVANCED_FACE('',(#6576),#4836,.T.);
#6576 = FACE_BOUND('',#6577,.T.);
#6577 = EDGE_LOOP('',(#6578,#6579,#6580,#6599));
#6578 = ORIENTED_EDGE('',*,*,#6545,.F.);
#6579 = ORIENTED_EDGE('',*,*,#5564,.F.);
#6580 = ORIENTED_EDGE('',*,*,#6581,.T.);
#6581 = EDGE_CURVE('',#5565,#4716,#6582,.T.);
#6582 = SURFACE_CURVE('',#6583,(#6587,#6593),.PCURVE_S1.);
#6583 = LINE('',#6584,#6585);
#6584 = CARTESIAN_POINT('',(-21.25,31.666228067138,1.05178E+03));
#6585 = VECTOR('',#6586,1.);
#6586 = DIRECTION('',(1.,0.,-0.));
#6587 = PCURVE('',#4836,#6588);
#6588 = DEFINITIONAL_REPRESENTATION('',(#6589),#6592);
#6589 = B_SPLINE_CURVE_WITH_KNOTS('',1,(#6590,#6591),.UNSPECIFIED.,.F.,
  .F.,(2,2),(-16.64357759934,58.865342327704),.PIECEWISE_BEZIER_KNOTS.);
#6590 = CARTESIAN_POINT('',(9.40608994227,-2.234860024974));
#6591 = CARTESIAN_POINT('',(59.755049593742,54.037506644318));
#6592 = ( GEOMETRIC_REPRESENTATION_CONTEXT(2) 
PARAMETRIC_REPRESENTATION_CONTEXT() REPRESENTATION_CONTEXT('2D SPACE',''
  ) );
#6593 = PCURVE('',#4777,#6594);
#6594 = DEFINITIONAL_REPRESENTATION('',(#6595),#6598);
#6595 = B_SPLINE_CURVE_WITH_KNOTS('',1,(#6596,#6597),.UNSPECIFIED.,.F.,
  .F.,(2,2),(-16.64357759934,58.865342327704),.PIECEWISE_BEZIER_KNOTS.);
#6596 = CARTESIAN_POINT('',(-37.89357759934,31.666228067138));
#6597 = CARTESIAN_POINT('',(37.615342327704,31.666228067138));
#6598 = ( GEOMETRIC_REPRESENTATION_CONTEXT(2) 
PARAMETRIC_REPRESENTATION_CONTEXT() REPRESENTATION_CONTEXT('2D SPACE',''
  ) );
#6599 = ORIENTED_EDGE('',*,*,#4812,.F.);
#6600 = ADVANCED_FACE('',(#6601),#4777,.T.);
#6601 = FACE_BOUND('',#6602,.T.);
#6602 = EDGE_LOOP('',(#6603,#6625,#6626,#6627,#6628));
#6603 = ORIENTED_EDGE('',*,*,#6604,.T.);
#6604 = EDGE_CURVE('',#5598,#5877,#6605,.T.);
#6605 = SURFACE_CURVE('',#6606,(#6611,#6618),.PCURVE_S1.);
#6606 = CIRCLE('',#6607,53.);
#6607 = AXIS2_PLACEMENT_3D('',#6608,#6609,#6610);
#6608 = CARTESIAN_POINT('',(0.,0.,1.05178E+03));
#6609 = DIRECTION('',(0.,0.,1.));
#6610 = DIRECTION('',(1.,0.,0.));
#6611 = PCURVE('',#4777,#6612);
#6612 = DEFINITIONAL_REPRESENTATION('',(#6613),#6617);
#6613 = CIRCLE('',#6614,53.);
#6614 = AXIS2_PLACEMENT_2D('',#6615,#6616);
#6615 = CARTESIAN_POINT('',(0.,0.));
#6616 = DIRECTION('',(1.,0.));
#6617 = ( GEOMETRIC_REPRESENTATION_CONTEXT(2) 
PARAMETRIC_REPRESENTATION_CONTEXT() REPRESENTATION_CONTEXT('2D SPACE',''
  ) );
#6618 = PCURVE('',#5711,#6619);
#6619 = DEFINITIONAL_REPRESENTATION('',(#6620),#6624);
#6620 = LINE('',#6621,#6622);
#6621 = CARTESIAN_POINT('',(0.,78.));
#6622 = VECTOR('',#6623,1.);
#6623 = DIRECTION('',(1.,0.));
#6624 = ( GEOMETRIC_REPRESENTATION_CONTEXT(2) 
PARAMETRIC_REPRESENTATION_CONTEXT() REPRESENTATION_CONTEXT('2D SPACE',''
  ) );
#6625 = ORIENTED_EDGE('',*,*,#5876,.T.);
#6626 = ORIENTED_EDGE('',*,*,#4715,.T.);
#6627 = ORIENTED_EDGE('',*,*,#6581,.F.);
#6628 = ORIENTED_EDGE('',*,*,#5597,.F.);
#6629 = ADVANCED_FACE('',(#6630),#5232,.F.);
#6630 = FACE_BOUND('',#6631,.F.);
#6631 = EDGE_LOOP('',(#6632,#6633,#6656,#6684,#6710));
#6632 = ORIENTED_EDGE('',*,*,#5217,.F.);
#6633 = ORIENTED_EDGE('',*,*,#6634,.T.);
#6634 = EDGE_CURVE('',#5218,#6635,#6637,.T.);
#6635 = VERTEX_POINT('',#6636);
#6636 = CARTESIAN_POINT('',(11.952197967066,290.,978.16576934617));
#6637 = SURFACE_CURVE('',#6638,(#6642,#6649),.PCURVE_S1.);
#6638 = LINE('',#6639,#6640);
#6639 = CARTESIAN_POINT('',(11.952197967066,235.,978.16576934617));
#6640 = VECTOR('',#6641,1.);
#6641 = DIRECTION('',(0.,1.,0.));
#6642 = PCURVE('',#5232,#6643);
#6643 = DEFINITIONAL_REPRESENTATION('',(#6644),#6648);
#6644 = LINE('',#6645,#6646);
#6645 = CARTESIAN_POINT('',(0.,0.));
#6646 = VECTOR('',#6647,1.);
#6647 = DIRECTION('',(0.,-1.));
#6648 = ( GEOMETRIC_REPRESENTATION_CONTEXT(2) 
PARAMETRIC_REPRESENTATION_CONTEXT() REPRESENTATION_CONTEXT('2D SPACE',''
  ) );
#6649 = PCURVE('',#6446,#6650);
#6650 = DEFINITIONAL_REPRESENTATION('',(#6651),#6655);
#6651 = LINE('',#6652,#6653);
#6652 = CARTESIAN_POINT('',(60.,0.));
#6653 = VECTOR('',#6654,1.);
#6654 = DIRECTION('',(0.,-1.));
#6655 = ( GEOMETRIC_REPRESENTATION_CONTEXT(2) 
PARAMETRIC_REPRESENTATION_CONTEXT() REPRESENTATION_CONTEXT('2D SPACE',''
  ) );
#6656 = ORIENTED_EDGE('',*,*,#6657,.T.);
#6657 = EDGE_CURVE('',#6635,#6658,#6660,.T.);
#6658 = VERTEX_POINT('',#6659);
#6659 = CARTESIAN_POINT('',(2.336813351681,290.,980.91247258792));
#6660 = SURFACE_CURVE('',#6661,(#6665,#6672),.PCURVE_S1.);
#6661 = LINE('',#6662,#6663);
#6662 = CARTESIAN_POINT('',(11.952197967066,290.,978.16576934617));
#6663 = VECTOR('',#6664,1.);
#6664 = DIRECTION('',(-0.961538461538,0.,0.274670324175));
#6665 = PCURVE('',#5232,#6666);
#6666 = DEFINITIONAL_REPRESENTATION('',(#6667),#6671);
#6667 = LINE('',#6668,#6669);
#6668 = CARTESIAN_POINT('',(0.,-55.));
#6669 = VECTOR('',#6670,1.);
#6670 = DIRECTION('',(1.,0.));
#6671 = ( GEOMETRIC_REPRESENTATION_CONTEXT(2) 
PARAMETRIC_REPRESENTATION_CONTEXT() REPRESENTATION_CONTEXT('2D SPACE',''
  ) );
#6672 = PCURVE('',#6673,#6678);
#6673 = PLANE('',#6674);
#6674 = AXIS2_PLACEMENT_3D('',#6675,#6676,#6677);
#6675 = CARTESIAN_POINT('',(5.767935149111E-14,290.,1.01278E+03));
#6676 = DIRECTION('',(0.,1.,0.));
#6677 = DIRECTION('',(0.,-0.,1.));
#6678 = DEFINITIONAL_REPRESENTATION('',(#6679),#6683);
#6679 = LINE('',#6680,#6681);
#6680 = CARTESIAN_POINT('',(-34.61423065382,11.952197967066));
#6681 = VECTOR('',#6682,1.);
#6682 = DIRECTION('',(0.274670324175,-0.961538461538));
#6683 = ( GEOMETRIC_REPRESENTATION_CONTEXT(2) 
PARAMETRIC_REPRESENTATION_CONTEXT() REPRESENTATION_CONTEXT('2D SPACE',''
  ) );
#6684 = ORIENTED_EDGE('',*,*,#6685,.T.);
#6685 = EDGE_CURVE('',#6658,#6686,#6688,.T.);
#6686 = VERTEX_POINT('',#6687);
#6687 = CARTESIAN_POINT('',(2.336813351681,246.,980.91247258792));
#6688 = SURFACE_CURVE('',#6689,(#6693,#6699),.PCURVE_S1.);
#6689 = LINE('',#6690,#6691);
#6690 = CARTESIAN_POINT('',(2.336813351681,240.5,980.91247258792));
#6691 = VECTOR('',#6692,1.);
#6692 = DIRECTION('',(-0.,-1.,0.));
#6693 = PCURVE('',#5232,#6694);
#6694 = DEFINITIONAL_REPRESENTATION('',(#6695),#6698);
#6695 = B_SPLINE_CURVE_WITH_KNOTS('',1,(#6696,#6697),.UNSPECIFIED.,.F.,
  .F.,(2,2),(-49.5,-5.5),.PIECEWISE_BEZIER_KNOTS.);
#6696 = CARTESIAN_POINT('',(10.,-55.));
#6697 = CARTESIAN_POINT('',(10.,-11.));
#6698 = ( GEOMETRIC_REPRESENTATION_CONTEXT(2) 
PARAMETRIC_REPRESENTATION_CONTEXT() REPRESENTATION_CONTEXT('2D SPACE',''
  ) );
#6699 = PCURVE('',#6700,#6705);
#6700 = PLANE('',#6701);
#6701 = AXIS2_PLACEMENT_3D('',#6702,#6703,#6704);
#6702 = CARTESIAN_POINT('',(10.576923076923,246.,1.009758626434E+03));
#6703 = DIRECTION('',(-0.961538461538,0.,0.274670324175));
#6704 = DIRECTION('',(0.,1.,0.));
#6705 = DEFINITIONAL_REPRESENTATION('',(#6706),#6709);
#6706 = B_SPLINE_CURVE_WITH_KNOTS('',1,(#6707,#6708),.UNSPECIFIED.,.F.,
  .F.,(2,2),(-49.5,-5.5),.PIECEWISE_BEZIER_KNOTS.);
#6707 = CARTESIAN_POINT('',(44.,30.));
#6708 = CARTESIAN_POINT('',(0.,30.));
#6709 = ( GEOMETRIC_REPRESENTATION_CONTEXT(2) 
PARAMETRIC_REPRESENTATION_CONTEXT() REPRESENTATION_CONTEXT('2D SPACE',''
  ) );
#6710 = ORIENTED_EDGE('',*,*,#6711,.F.);
#6711 = EDGE_CURVE('',#5191,#6686,#6712,.T.);
#6712 = SURFACE_CURVE('',#6713,(#6718,#6725),.PCURVE_S1.);
#6713 = CIRCLE('',#6714,11.);
#6714 = AXIS2_PLACEMENT_3D('',#6715,#6716,#6717);
#6715 = CARTESIAN_POINT('',(-8.240109725242,246.,983.93384615384));
#6716 = DIRECTION('',(0.274670324175,0.,0.961538461538));
#6717 = DIRECTION('',(0.961538461538,0.,-0.274670324175));
#6718 = PCURVE('',#5232,#6719);
#6719 = DEFINITIONAL_REPRESENTATION('',(#6720),#6724);
#6720 = CIRCLE('',#6721,11.);
#6721 = AXIS2_PLACEMENT_2D('',#6722,#6723);
#6722 = CARTESIAN_POINT('',(21.,-11.));
#6723 = DIRECTION('',(-1.,-0.));
#6724 = ( GEOMETRIC_REPRESENTATION_CONTEXT(2) 
PARAMETRIC_REPRESENTATION_CONTEXT() REPRESENTATION_CONTEXT('2D SPACE',''
  ) );
#6725 = PCURVE('',#6726,#6731);
#6726 = CYLINDRICAL_SURFACE('',#6727,11.);
#6727 = AXIS2_PLACEMENT_3D('',#6728,#6729,#6730);
#6728 = CARTESIAN_POINT('',(-13.73351620873,246.,964.70307692307));
#6729 = DIRECTION('',(0.274670324175,0.,0.961538461538));
#6730 = DIRECTION('',(0.961538461538,0.,-0.274670324175));
#6731 = DEFINITIONAL_REPRESENTATION('',(#6732),#6736);
#6732 = LINE('',#6733,#6734);
#6733 = CARTESIAN_POINT('',(0.,20.));
#6734 = VECTOR('',#6735,1.);
#6735 = DIRECTION('',(1.,0.));
#6736 = ( GEOMETRIC_REPRESENTATION_CONTEXT(2) 
PARAMETRIC_REPRESENTATION_CONTEXT() REPRESENTATION_CONTEXT('2D SPACE',''
  ) );
#6737 = ADVANCED_FACE('',(#6738),#5205,.F.);
#6738 = FACE_BOUND('',#6739,.F.);
#6739 = EDGE_LOOP('',(#6740,#6741,#6765,#6791,#6819));
#6740 = ORIENTED_EDGE('',*,*,#5190,.F.);
#6741 = ORIENTED_EDGE('',*,*,#6742,.F.);
#6742 = EDGE_CURVE('',#6743,#5191,#6745,.T.);
#6743 = VERTEX_POINT('',#6744);
#6744 = CARTESIAN_POINT('',(-18.81703280216,246.,986.95521971976));
#6745 = SURFACE_CURVE('',#6746,(#6751,#6758),.PCURVE_S1.);
#6746 = CIRCLE('',#6747,11.);
#6747 = AXIS2_PLACEMENT_3D('',#6748,#6749,#6750);
#6748 = CARTESIAN_POINT('',(-8.240109725242,246.,983.93384615384));
#6749 = DIRECTION('',(0.274670324175,0.,0.961538461538));
#6750 = DIRECTION('',(0.961538461538,0.,-0.274670324175));
#6751 = PCURVE('',#5205,#6752);
#6752 = DEFINITIONAL_REPRESENTATION('',(#6753),#6757);
#6753 = CIRCLE('',#6754,11.);
#6754 = AXIS2_PLACEMENT_2D('',#6755,#6756);
#6755 = CARTESIAN_POINT('',(21.,-11.));
#6756 = DIRECTION('',(-1.,-0.));
#6757 = ( GEOMETRIC_REPRESENTATION_CONTEXT(2) 
PARAMETRIC_REPRESENTATION_CONTEXT() REPRESENTATION_CONTEXT('2D SPACE',''
  ) );
#6758 = PCURVE('',#6726,#6759);
#6759 = DEFINITIONAL_REPRESENTATION('',(#6760),#6764);
#6760 = LINE('',#6761,#6762);
#6761 = CARTESIAN_POINT('',(0.,20.));
#6762 = VECTOR('',#6763,1.);
#6763 = DIRECTION('',(1.,0.));
#6764 = ( GEOMETRIC_REPRESENTATION_CONTEXT(2) 
PARAMETRIC_REPRESENTATION_CONTEXT() REPRESENTATION_CONTEXT('2D SPACE',''
  ) );
#6765 = ORIENTED_EDGE('',*,*,#6766,.T.);
#6766 = EDGE_CURVE('',#6743,#6767,#6769,.T.);
#6767 = VERTEX_POINT('',#6768);
#6768 = CARTESIAN_POINT('',(-18.81703280216,290.,986.95521971976));
#6769 = SURFACE_CURVE('',#6770,(#6774,#6780),.PCURVE_S1.);
#6770 = LINE('',#6771,#6772);
#6771 = CARTESIAN_POINT('',(-18.81703280216,265.,986.95521971976));
#6772 = VECTOR('',#6773,1.);
#6773 = DIRECTION('',(0.,1.,0.));
#6774 = PCURVE('',#5205,#6775);
#6775 = DEFINITIONAL_REPRESENTATION('',(#6776),#6779);
#6776 = B_SPLINE_CURVE_WITH_KNOTS('',1,(#6777,#6778),.UNSPECIFIED.,.F.,
  .F.,(2,2),(-19.,25.),.PIECEWISE_BEZIER_KNOTS.);
#6777 = CARTESIAN_POINT('',(32.,-11.));
#6778 = CARTESIAN_POINT('',(32.,-55.));
#6779 = ( GEOMETRIC_REPRESENTATION_CONTEXT(2) 
PARAMETRIC_REPRESENTATION_CONTEXT() REPRESENTATION_CONTEXT('2D SPACE',''
  ) );
#6780 = PCURVE('',#6781,#6786);
#6781 = PLANE('',#6782);
#6782 = AXIS2_PLACEMENT_3D('',#6783,#6784,#6785);
#6783 = CARTESIAN_POINT('',(-10.57692307692,295.,1.015801373566E+03));
#6784 = DIRECTION('',(0.961538461538,0.,-0.274670324175));
#6785 = DIRECTION('',(0.,-1.,0.));
#6786 = DEFINITIONAL_REPRESENTATION('',(#6787),#6790);
#6787 = B_SPLINE_CURVE_WITH_KNOTS('',1,(#6788,#6789),.UNSPECIFIED.,.F.,
  .F.,(2,2),(-19.,25.),.PIECEWISE_BEZIER_KNOTS.);
#6788 = CARTESIAN_POINT('',(49.,30.));
#6789 = CARTESIAN_POINT('',(5.,30.));
#6790 = ( GEOMETRIC_REPRESENTATION_CONTEXT(2) 
PARAMETRIC_REPRESENTATION_CONTEXT() REPRESENTATION_CONTEXT('2D SPACE',''
  ) );
#6791 = ORIENTED_EDGE('',*,*,#6792,.T.);
#6792 = EDGE_CURVE('',#6767,#6793,#6795,.T.);
#6793 = VERTEX_POINT('',#6794);
#6794 = CARTESIAN_POINT('',(-28.43241741754,290.,989.70192296151));
#6795 = SURFACE_CURVE('',#6796,(#6800,#6807),.PCURVE_S1.);
#6796 = LINE('',#6797,#6798);
#6797 = CARTESIAN_POINT('',(11.952197967066,290.,978.16576934617));
#6798 = VECTOR('',#6799,1.);
#6799 = DIRECTION('',(-0.961538461538,0.,0.274670324175));
#6800 = PCURVE('',#5205,#6801);
#6801 = DEFINITIONAL_REPRESENTATION('',(#6802),#6806);
#6802 = LINE('',#6803,#6804);
#6803 = CARTESIAN_POINT('',(0.,-55.));
#6804 = VECTOR('',#6805,1.);
#6805 = DIRECTION('',(1.,0.));
#6806 = ( GEOMETRIC_REPRESENTATION_CONTEXT(2) 
PARAMETRIC_REPRESENTATION_CONTEXT() REPRESENTATION_CONTEXT('2D SPACE',''
  ) );
#6807 = PCURVE('',#6808,#6813);
#6808 = PLANE('',#6809);
#6809 = AXIS2_PLACEMENT_3D('',#6810,#6811,#6812);
#6810 = CARTESIAN_POINT('',(5.767935149111E-14,290.,1.01278E+03));
#6811 = DIRECTION('',(0.,1.,0.));
#6812 = DIRECTION('',(0.,-0.,1.));
#6813 = DEFINITIONAL_REPRESENTATION('',(#6814),#6818);
#6814 = LINE('',#6815,#6816);
#6815 = CARTESIAN_POINT('',(-34.61423065382,11.952197967066));
#6816 = VECTOR('',#6817,1.);
#6817 = DIRECTION('',(0.274670324175,-0.961538461538));
#6818 = ( GEOMETRIC_REPRESENTATION_CONTEXT(2) 
PARAMETRIC_REPRESENTATION_CONTEXT() REPRESENTATION_CONTEXT('2D SPACE',''
  ) );
#6819 = ORIENTED_EDGE('',*,*,#6820,.F.);
#6820 = EDGE_CURVE('',#5164,#6793,#6821,.T.);
#6821 = SURFACE_CURVE('',#6822,(#6826,#6833),.PCURVE_S1.);
#6822 = LINE('',#6823,#6824);
#6823 = CARTESIAN_POINT('',(-28.43241741754,235.,989.70192296151));
#6824 = VECTOR('',#6825,1.);
#6825 = DIRECTION('',(0.,1.,0.));
#6826 = PCURVE('',#5205,#6827);
#6827 = DEFINITIONAL_REPRESENTATION('',(#6828),#6832);
#6828 = LINE('',#6829,#6830);
#6829 = CARTESIAN_POINT('',(42.,0.));
#6830 = VECTOR('',#6831,1.);
#6831 = DIRECTION('',(0.,-1.));
#6832 = ( GEOMETRIC_REPRESENTATION_CONTEXT(2) 
PARAMETRIC_REPRESENTATION_CONTEXT() REPRESENTATION_CONTEXT('2D SPACE',''
  ) );
#6833 = PCURVE('',#6834,#6839);
#6834 = PLANE('',#6835);
#6835 = AXIS2_PLACEMENT_3D('',#6836,#6837,#6838);
#6836 = CARTESIAN_POINT('',(-28.43241741754,235.,989.70192296151));
#6837 = DIRECTION('',(0.961538461538,0.,-0.274670324175));
#6838 = DIRECTION('',(0.274670324175,0.,0.961538461538));
#6839 = DEFINITIONAL_REPRESENTATION('',(#6840),#6844);
#6840 = LINE('',#6841,#6842);
#6841 = CARTESIAN_POINT('',(0.,0.));
#6842 = VECTOR('',#6843,1.);
#6843 = DIRECTION('',(0.,-1.));
#6844 = ( GEOMETRIC_REPRESENTATION_CONTEXT(2) 
PARAMETRIC_REPRESENTATION_CONTEXT() REPRESENTATION_CONTEXT('2D SPACE',''
  ) );
#6845 = ADVANCED_FACE('',(#6846),#5178,.T.);
#6846 = FACE_BOUND('',#6847,.T.);
#6847 = EDGE_LOOP('',(#6848,#6870,#6890,#6891,#6892));
#6848 = ORIENTED_EDGE('',*,*,#6849,.T.);
#6849 = EDGE_CURVE('',#5756,#6850,#6852,.T.);
#6850 = VERTEX_POINT('',#6851);
#6851 = CARTESIAN_POINT('',(-11.95219796706,235.,1.047394230654E+03));
#6852 = SURFACE_CURVE('',#6853,(#6856,#6863),.PCURVE_S1.);
#6853 = B_SPLINE_CURVE_WITH_KNOTS('',1,(#6854,#6855),.UNSPECIFIED.,.F.,
  .F.,(2,2),(0.,1.),.PIECEWISE_BEZIER_KNOTS.);
#6854 = CARTESIAN_POINT('',(-42.5,31.666228067138,1.06028E+03));
#6855 = CARTESIAN_POINT('',(-11.95219796706,235.,1.047394230654E+03));
#6856 = PCURVE('',#5178,#6857);
#6857 = DEFINITIONAL_REPRESENTATION('',(#6858),#6862);
#6858 = LINE('',#6859,#6860);
#6859 = CARTESIAN_POINT('',(95.,0.));
#6860 = VECTOR('',#6861,1.);
#6861 = DIRECTION('',(0.,1.));
#6862 = ( GEOMETRIC_REPRESENTATION_CONTEXT(2) 
PARAMETRIC_REPRESENTATION_CONTEXT() REPRESENTATION_CONTEXT('2D SPACE',''
  ) );
#6863 = PCURVE('',#5806,#6864);
#6864 = DEFINITIONAL_REPRESENTATION('',(#6865),#6869);
#6865 = LINE('',#6866,#6867);
#6866 = CARTESIAN_POINT('',(0.,0.));
#6867 = VECTOR('',#6868,1.);
#6868 = DIRECTION('',(0.,1.));
#6869 = ( GEOMETRIC_REPRESENTATION_CONTEXT(2) 
PARAMETRIC_REPRESENTATION_CONTEXT() REPRESENTATION_CONTEXT('2D SPACE',''
  ) );
#6870 = ORIENTED_EDGE('',*,*,#6871,.F.);
#6871 = EDGE_CURVE('',#5164,#6850,#6872,.T.);
#6872 = SURFACE_CURVE('',#6873,(#6877,#6883),.PCURVE_S1.);
#6873 = LINE('',#6874,#6875);
#6874 = CARTESIAN_POINT('',(-28.43241741754,235.,989.70192296151));
#6875 = VECTOR('',#6876,1.);
#6876 = DIRECTION('',(0.274670324175,0.,0.961538461538));
#6877 = PCURVE('',#5178,#6878);
#6878 = DEFINITIONAL_REPRESENTATION('',(#6879),#6882);
#6879 = B_SPLINE_CURVE_WITH_KNOTS('',1,(#6880,#6881),.UNSPECIFIED.,.F.,
  .F.,(2,2),(0.,60.),.PIECEWISE_BEZIER_KNOTS.);
#6880 = CARTESIAN_POINT('',(0.,1.));
#6881 = CARTESIAN_POINT('',(95.,1.));
#6882 = ( GEOMETRIC_REPRESENTATION_CONTEXT(2) 
PARAMETRIC_REPRESENTATION_CONTEXT() REPRESENTATION_CONTEXT('2D SPACE',''
  ) );
#6883 = PCURVE('',#6834,#6884);
#6884 = DEFINITIONAL_REPRESENTATION('',(#6885),#6889);
#6885 = LINE('',#6886,#6887);
#6886 = CARTESIAN_POINT('',(0.,0.));
#6887 = VECTOR('',#6888,1.);
#6888 = DIRECTION('',(1.,0.));
#6889 = ( GEOMETRIC_REPRESENTATION_CONTEXT(2) 
PARAMETRIC_REPRESENTATION_CONTEXT() REPRESENTATION_CONTEXT('2D SPACE',''
  ) );
#6890 = ORIENTED_EDGE('',*,*,#5163,.F.);
#6891 = ORIENTED_EDGE('',*,*,#5397,.F.);
#6892 = ORIENTED_EDGE('',*,*,#5755,.T.);
#6893 = ADVANCED_FACE('',(#6894),#5806,.T.);
#6894 = FACE_BOUND('',#6895,.T.);
#6895 = EDGE_LOOP('',(#6896,#6897,#6924,#6949,#6950,#6951));
#6896 = ORIENTED_EDGE('',*,*,#6458,.T.);
#6897 = ORIENTED_EDGE('',*,*,#6898,.F.);
#6898 = EDGE_CURVE('',#6899,#6432,#6901,.T.);
#6899 = VERTEX_POINT('',#6900);
#6900 = CARTESIAN_POINT('',(8.240109725242,235.,1.041626153846E+03));
#6901 = SURFACE_CURVE('',#6902,(#6906,#6912),.PCURVE_S1.);
#6902 = LINE('',#6903,#6904);
#6903 = CARTESIAN_POINT('',(-11.95219796706,235.,1.047394230654E+03));
#6904 = VECTOR('',#6905,1.);
#6905 = DIRECTION('',(0.961538461538,0.,-0.274670324175));
#6906 = PCURVE('',#5806,#6907);
#6907 = DEFINITIONAL_REPRESENTATION('',(#6908),#6911);
#6908 = B_SPLINE_CURVE_WITH_KNOTS('',1,(#6909,#6910),.UNSPECIFIED.,.F.,
  .F.,(2,2),(0.,42.),.PIECEWISE_BEZIER_KNOTS.);
#6909 = CARTESIAN_POINT('',(0.,1.));
#6910 = CARTESIAN_POINT('',(85.,1.));
#6911 = ( GEOMETRIC_REPRESENTATION_CONTEXT(2) 
PARAMETRIC_REPRESENTATION_CONTEXT() REPRESENTATION_CONTEXT('2D SPACE',''
  ) );
#6912 = PCURVE('',#6913,#6918);
#6913 = PLANE('',#6914);
#6914 = AXIS2_PLACEMENT_3D('',#6915,#6916,#6917);
#6915 = CARTESIAN_POINT('',(-11.95219796706,235.,1.047394230654E+03));
#6916 = DIRECTION('',(-0.274670324175,0.,-0.961538461538));
#6917 = DIRECTION('',(0.961538461538,0.,-0.274670324175));
#6918 = DEFINITIONAL_REPRESENTATION('',(#6919),#6923);
#6919 = LINE('',#6920,#6921);
#6920 = CARTESIAN_POINT('',(0.,0.));
#6921 = VECTOR('',#6922,1.);
#6922 = DIRECTION('',(1.,0.));
#6923 = ( GEOMETRIC_REPRESENTATION_CONTEXT(2) 
PARAMETRIC_REPRESENTATION_CONTEXT() REPRESENTATION_CONTEXT('2D SPACE',''
  ) );
#6924 = ORIENTED_EDGE('',*,*,#6925,.F.);
#6925 = EDGE_CURVE('',#6850,#6899,#6926,.T.);
#6926 = SURFACE_CURVE('',#6927,(#6931,#6937),.PCURVE_S1.);
#6927 = LINE('',#6928,#6929);
#6928 = CARTESIAN_POINT('',(-11.95219796706,235.,1.047394230654E+03));
#6929 = VECTOR('',#6930,1.);
#6930 = DIRECTION('',(0.961538461538,0.,-0.274670324175));
#6931 = PCURVE('',#5806,#6932);
#6932 = DEFINITIONAL_REPRESENTATION('',(#6933),#6936);
#6933 = B_SPLINE_CURVE_WITH_KNOTS('',1,(#6934,#6935),.UNSPECIFIED.,.F.,
  .F.,(2,2),(0.,42.),.PIECEWISE_BEZIER_KNOTS.);
#6934 = CARTESIAN_POINT('',(0.,1.));
#6935 = CARTESIAN_POINT('',(85.,1.));
#6936 = ( GEOMETRIC_REPRESENTATION_CONTEXT(2) 
PARAMETRIC_REPRESENTATION_CONTEXT() REPRESENTATION_CONTEXT('2D SPACE',''
  ) );
#6937 = PCURVE('',#6938,#6943);
#6938 = PLANE('',#6939);
#6939 = AXIS2_PLACEMENT_3D('',#6940,#6941,#6942);
#6940 = CARTESIAN_POINT('',(-11.95219796706,235.,1.047394230654E+03));
#6941 = DIRECTION('',(-0.274670324175,0.,-0.961538461538));
#6942 = DIRECTION('',(0.961538461538,0.,-0.274670324175));
#6943 = DEFINITIONAL_REPRESENTATION('',(#6944),#6948);
#6944 = LINE('',#6945,#6946);
#6945 = CARTESIAN_POINT('',(0.,0.));
#6946 = VECTOR('',#6947,1.);
#6947 = DIRECTION('',(1.,0.));
#6948 = ( GEOMETRIC_REPRESENTATION_CONTEXT(2) 
PARAMETRIC_REPRESENTATION_CONTEXT() REPRESENTATION_CONTEXT('2D SPACE',''
  ) );
#6949 = ORIENTED_EDGE('',*,*,#6849,.F.);
#6950 = ORIENTED_EDGE('',*,*,#5788,.F.);
#6951 = ORIENTED_EDGE('',*,*,#6513,.T.);
#6952 = ADVANCED_FACE('',(#6953,#7466),#5711,.T.);
#6953 = FACE_BOUND('',#6954,.T.);
#6954 = EDGE_LOOP('',(#6955,#6956,#6957,#7229,#7463,#7464,#7465));
#6955 = ORIENTED_EDGE('',*,*,#5825,.T.);
#6956 = ORIENTED_EDGE('',*,*,#5851,.T.);
#6957 = ORIENTED_EDGE('',*,*,#6958,.F.);
#6958 = EDGE_CURVE('',#6959,#5852,#6961,.T.);
#6959 = VERTEX_POINT('',#6960);
#6960 = CARTESIAN_POINT('',(43.692104549907,-30.,1.01278E+03));
#6961 = SURFACE_CURVE('',#6962,(#7049,#7139),.PCURVE_S1.);
#6962 = B_SPLINE_CURVE_WITH_KNOTS('',7,(#6963,#6964,#6965,#6966,#6967,
    #6968,#6969,#6970,#6971,#6972,#6973,#6974,#6975,#6976,#6977,#6978,
    #6979,#6980,#6981,#6982,#6983,#6984,#6985,#6986,#6987,#6988,#6989,
    #6990,#6991,#6992,#6993,#6994,#6995,#6996,#6997,#6998,#6999,#7000,
    #7001,#7002,#7003,#7004,#7005,#7006,#7007,#7008,#7009,#7010,#7011,
    #7012,#7013,#7014,#7015,#7016,#7017,#7018,#7019,#7020,#7021,#7022,
    #7023,#7024,#7025,#7026,#7027,#7028,#7029,#7030,#7031,#7032,#7033,
    #7034,#7035,#7036,#7037,#7038,#7039,#7040,#7041,#7042,#7043,#7044,
    #7045,#7046,#7047,#7048),.UNSPECIFIED.,.F.,.F.,(8,6,6,6,6,6,6,6,6,6,
    6,6,6,6,8),(0.,6.717130465549E-02,0.108699807513,0.160264652149,
    0.199605316554,0.229420247842,0.310672173255,0.402519959446,
    0.499868644206,0.597252661421,0.689076187523,0.839558406542,
    0.891001752467,0.932595544902,1.),.UNSPECIFIED.);
#6963 = CARTESIAN_POINT('',(53.,-3.552713678801E-15,1.04278E+03));
#6964 = CARTESIAN_POINT('',(53.,-1.136871914436,1.04278E+03));
#6965 = CARTESIAN_POINT('',(52.971549155762,-2.271901239904,
    1.042729736841E+03));
#6966 = CARTESIAN_POINT('',(52.914813862599,-3.399416926593,
    1.04262950449E+03));
#6967 = CARTESIAN_POINT('',(52.83071420636,-4.513779743115,
    1.042480567876E+03));
#6968 = CARTESIAN_POINT('',(52.720914982778,-5.609439877212,
    1.042285158772E+03));
#6969 = CARTESIAN_POINT('',(52.587775839125,-6.680992686789,
    1.042046494563E+03));
#6970 = CARTESIAN_POINT('',(52.339350060471,-8.367595004086,
    1.041597148158E+03));
#6971 = CARTESIAN_POINT('',(52.236568644375,-9.001313499918,
    1.041410416099E+03));
#6972 = CARTESIAN_POINT('',(52.126467359898,-9.623970052409,
    1.04120935421E+03));
#6973 = CARTESIAN_POINT('',(52.009615206077,-10.23517402627,
    1.040994707054E+03));
#6974 = CARTESIAN_POINT('',(51.886595392425,-10.83456211079,
    1.040767235102E+03));
#6975 = CARTESIAN_POINT('',(51.75800162038,-11.42179824325,
    1.040527716586E+03));
#6976 = CARTESIAN_POINT('',(51.458587432848,-12.71025682105,
    1.039965578296E+03));
#6977 = CARTESIAN_POINT('',(51.285040988529,-13.40486478623,
    1.039636805467E+03));
#6978 = CARTESIAN_POINT('',(51.104784309221,-14.08045862224,
    1.039291854425E+03));
#6979 = CARTESIAN_POINT('',(50.918763079773,-14.73713701603,
    1.038931868989E+03));
#6980 = CARTESIAN_POINT('',(50.727877006166,-15.37503579227,
    1.038557914324E+03));
#6981 = CARTESIAN_POINT('',(50.532977429218,-15.9943275584,
    1.038170978037E+03));
#6982 = CARTESIAN_POINT('',(50.183717832653,-17.05366471643,
    1.037467554749E+03));
#6983 = CARTESIAN_POINT('',(50.030678915745,-17.50146484065,
    1.037156068598E+03));
#6984 = CARTESIAN_POINT('',(49.876082960898,-17.93876867322,
    1.036837873212E+03));
#6985 = CARTESIAN_POINT('',(49.720247336055,-18.36572490332,
    1.036513299326E+03));
#6986 = CARTESIAN_POINT('',(49.563472500128,-18.78248404616,
    1.036182647859E+03));
#6987 = CARTESIAN_POINT('',(49.406042499342,-19.18919853098,
    1.035846189751E+03));
#6988 = CARTESIAN_POINT('',(49.128621380934,-19.88676219335,
    1.035244957657E+03));
#6989 = CARTESIAN_POINT('',(49.008795602484,-20.18181989119,
    1.034982553834E+03));
#6990 = CARTESIAN_POINT('',(48.888864829104,-20.47126224972,
    1.034717059393E+03));
#6991 = CARTESIAN_POINT('',(48.768942170303,-20.75515331518,
    1.034448572479E+03));
#6992 = CARTESIAN_POINT('',(48.649137144227,-21.03355481281,
    1.034177184317E+03));
#6993 = CARTESIAN_POINT('',(48.529555677663,-21.30652614682,
    1.03390297921E+03));
#6994 = CARTESIAN_POINT('',(48.085303723645,-22.30338562615,
    1.032871302401E+03));
#6995 = CARTESIAN_POINT('',(47.762660680689,-22.99289563031,
    1.032096066862E+03));
#6996 = CARTESIAN_POINT('',(47.444517402899,-23.64362809065,
    1.031302042184E+03));
#6997 = CARTESIAN_POINT('',(47.132851192499,-24.25647418396,
    1.03049062209E+03));
#6998 = CARTESIAN_POINT('',(46.829504183643,-24.83221621765,
    1.029662923055E+03));
#6999 = CARTESIAN_POINT('',(46.53621729785,-25.37150126127,
    1.028819827592E+03));
#7000 = CARTESIAN_POINT('',(45.93639446426,-26.44376415416,
    1.026992363923E+03));
#7001 = CARTESIAN_POINT('',(45.63305234711,-26.96686643423,
    1.026003709519E+03));
#7002 = CARTESIAN_POINT('',(45.34732896756,-27.44431325902,
    1.024997858215E+03));
#7003 = CARTESIAN_POINT('',(45.081738597156,-27.87625510223,
    1.023976406612E+03));
#7004 = CARTESIAN_POINT('',(44.838599222537,-28.26276828596,
    1.022940776694E+03));
#7005 = CARTESIAN_POINT('',(44.620013108551,-28.60382199627,
    1.021892238495E+03));
#7006 = CARTESIAN_POINT('',(44.224172525871,-29.21236193581,
    1.01970812376E+03));
#7007 = CARTESIAN_POINT('',(44.050172528904,-29.47422573655,
    1.018571068599E+03));
#7008 = CARTESIAN_POINT('',(43.90833088652,-29.68422928752,
    1.017423557203E+03));
#7009 = CARTESIAN_POINT('',(43.800590023194,-29.84200140491,
    1.01626821697E+03));
#7010 = CARTESIAN_POINT('',(43.728283803347,-29.94730839639,
    1.015107557308E+03));
#7011 = CARTESIAN_POINT('',(43.692104549907,-30.,1.013944014946E+03));
#7012 = CARTESIAN_POINT('',(43.692104549907,-30.,1.011615562577E+03));
#7013 = CARTESIAN_POINT('',(43.728310070304,-29.94727014109,
    1.01045159829E+03));
#7014 = CARTESIAN_POINT('',(43.800668744506,-29.84188675492,
    1.009290519735E+03));
#7015 = CARTESIAN_POINT('',(43.908487265624,-29.68400029031,
    1.008134766186E+03));
#7016 = CARTESIAN_POINT('',(44.050429873698,-29.47384472294,
    1.006986849738E+03));
#7017 = CARTESIAN_POINT('',(44.224551403846,-29.21179173422,
    1.00584940069E+03));
#7018 = CARTESIAN_POINT('',(44.620540921684,-28.60299897888,
    1.003665213207E+03));
#7019 = CARTESIAN_POINT('',(44.839120275497,-28.2619415344,
    1.002616975103E+03));
#7020 = CARTESIAN_POINT('',(45.082237034119,-27.87544777853,
    1.001581638983E+03));
#7021 = CARTESIAN_POINT('',(45.347790179039,-27.44354847804,
    1.000560475132E+03));
#7022 = CARTESIAN_POINT('',(45.633463062931,-26.96616765893,
    999.55490557995));
#7023 = CARTESIAN_POINT('',(45.936742876667,-26.44315555121,
    998.56652670813));
#7024 = CARTESIAN_POINT('',(46.77640807496,-24.94210504389,
    996.00846830381));
#7025 = CARTESIAN_POINT('',(47.337493830927,-23.88761950664,
    994.47214782332));
#7026 = CARTESIAN_POINT('',(47.927908701723,-22.70740076666,
    992.99080014999));
#7027 = CARTESIAN_POINT('',(48.536747140529,-21.39565114885,
    991.56995411011));
#7028 = CARTESIAN_POINT('',(49.151554748905,-19.94501627084,
    990.21888559953));
#7029 = CARTESIAN_POINT('',(49.757122796178,-18.34749887146,
    988.95163897939));
#7030 = CARTESIAN_POINT('',(50.532110424756,-15.99698071925,
    987.39076347813));
#7031 = CARTESIAN_POINT('',(50.726358418401,-15.37988237229,
    987.00509716332));
#7032 = CARTESIAN_POINT('',(50.916623388923,-14.74430540551,
    986.63232052316));
#7033 = CARTESIAN_POINT('',(51.102063107058,-14.09007822377,
    986.2734103472));
#7034 = CARTESIAN_POINT('',(51.281787586859,-13.41706544512,
    985.9294200365));
#7035 = CARTESIAN_POINT('',(51.454861417954,-12.72516824754,
    985.60148067352));
#7036 = CARTESIAN_POINT('',(51.754074062305,-11.4395821946,
    985.0396073027));
#7037 = CARTESIAN_POINT('',(51.882875901069,-10.85236236753,
    984.79965667472));
#7038 = CARTESIAN_POINT('',(52.006110542019,-10.252972866,984.5717487486
    ));
#7039 = CARTESIAN_POINT('',(52.123183554453,-9.641748538621,
    984.35666260984));
#7040 = CARTESIAN_POINT('',(52.233510870493,-9.019051526579,
    984.15515973916));
#7041 = CARTESIAN_POINT('',(52.336522506554,-8.385271339305,
    983.96798586273));
#7042 = CARTESIAN_POINT('',(52.585850699201,-6.696472960545,
    983.51695649403));
#7043 = CARTESIAN_POINT('',(52.719592189036,-5.622624898461,
    983.27719545862));
#7044 = CARTESIAN_POINT('',(52.829902634736,-4.524514009796,
    983.0808694116));
#7045 = CARTESIAN_POINT('',(52.914402145714,-3.4075749764,
    982.93122287672));
#7046 = CARTESIAN_POINT('',(52.971410964019,-2.277389423694,
    982.83050729784));
#7047 = CARTESIAN_POINT('',(53.,-1.139629570347,982.78));
#7048 = CARTESIAN_POINT('',(53.,-7.105427357601E-15,982.78));
#7049 = PCURVE('',#5711,#7050);
#7050 = DEFINITIONAL_REPRESENTATION('',(#7051),#7138);
#7051 = B_SPLINE_CURVE_WITH_KNOTS('',7,(#7052,#7053,#7054,#7055,#7056,
    #7057,#7058,#7059,#7060,#7061,#7062,#7063,#7064,#7065,#7066,#7067,
    #7068,#7069,#7070,#7071,#7072,#7073,#7074,#7075,#7076,#7077,#7078,
    #7079,#7080,#7081,#7082,#7083,#7084,#7085,#7086,#7087,#7088,#7089,
    #7090,#7091,#7092,#7093,#7094,#7095,#7096,#7097,#7098,#7099,#7100,
    #7101,#7102,#7103,#7104,#7105,#7106,#7107,#7108,#7109,#7110,#7111,
    #7112,#7113,#7114,#7115,#7116,#7117,#7118,#7119,#7120,#7121,#7122,
    #7123,#7124,#7125,#7126,#7127,#7128,#7129,#7130,#7131,#7132,#7133,
    #7134,#7135,#7136,#7137),.UNSPECIFIED.,.F.,.F.,(8,6,6,6,6,6,6,6,6,6,
    6,6,6,6,8),(0.,6.717130465549E-02,0.108699807513,0.160264652149,
    0.199605316554,0.229420247842,0.310672173255,0.402519959446,
    0.499868644206,0.597252661421,0.689076187523,0.839558406542,
    0.891001752467,0.932595544902,1.),.UNSPECIFIED.);
#7052 = CARTESIAN_POINT('',(6.28318530718,69.));
#7053 = CARTESIAN_POINT('',(6.2617348937,69.));
#7054 = CARTESIAN_POINT('',(6.240319242529,68.949736840822));
#7055 = CARTESIAN_POINT('',(6.2190292528,68.849504490026));
#7056 = CARTESIAN_POINT('',(6.197955396879,68.70056787591));
#7057 = CARTESIAN_POINT('',(6.177188526719,68.505158772344));
#7058 = CARTESIAN_POINT('',(6.156820299238,68.266494562663));
#7059 = CARTESIAN_POINT('',(6.124654263139,67.817148157563));
#7060 = CARTESIAN_POINT('',(6.112542350292,67.630416099159));
#7061 = CARTESIAN_POINT('',(6.100613766174,67.429354210369));
#7062 = CARTESIAN_POINT('',(6.088874732755,67.214707053758));
#7063 = CARTESIAN_POINT('',(6.077331402374,66.987235101581));
#7064 = CARTESIAN_POINT('',(6.065989850148,66.747716585888));
#7065 = CARTESIAN_POINT('',(6.041031541285,66.185578296431));
#7066 = CARTESIAN_POINT('',(6.027524703583,65.856805466949));
#7067 = CARTESIAN_POINT('',(6.014334339715,65.511854425344));
#7068 = CARTESIAN_POINT('',(6.001459249836,65.151868989127));
#7069 = CARTESIAN_POINT('',(5.988898141538,64.777914323617));
#7070 = CARTESIAN_POINT('',(5.976649523578,64.390978037423));
#7071 = CARTESIAN_POINT('',(5.955603730382,63.687554748961));
#7072 = CARTESIAN_POINT('',(5.94667540209,63.376068598107));
#7073 = CARTESIAN_POINT('',(5.937924726224,63.05787321215));
#7074 = CARTESIAN_POINT('',(5.929349897055,62.733299325866));
#7075 = CARTESIAN_POINT('',(5.920949168964,62.402647858564));
#7076 = CARTESIAN_POINT('',(5.91272083378,62.066189750645));
#7077 = CARTESIAN_POINT('',(5.89855659424,61.464957656675));
#7078 = CARTESIAN_POINT('',(5.892548055571,61.202553833551));
#7079 = CARTESIAN_POINT('',(5.886636866074,60.937059393303));
#7080 = CARTESIAN_POINT('',(5.880822371714,60.668572479483));
#7081 = CARTESIAN_POINT('',(5.875103980455,60.397184316674));
#7082 = CARTESIAN_POINT('',(5.869481162259,60.122979210481));
#7083 = CARTESIAN_POINT('',(5.848889274228,59.091302400789));
#7084 = CARTESIAN_POINT('',(5.834528236375,58.316066861594));
#7085 = CARTESIAN_POINT('',(5.820864496063,57.522042184271));
#7086 = CARTESIAN_POINT('',(5.807894592268,56.71062209049));
#7087 = CARTESIAN_POINT('',(5.795617710335,55.882923055082));
#7088 = CARTESIAN_POINT('',(5.784035949907,55.03982759183));
#7089 = CARTESIAN_POINT('',(5.760854225179,53.212363923023));
#7090 = CARTESIAN_POINT('',(5.749446303728,52.223709519251));
#7091 = CARTESIAN_POINT('',(5.738949435207,51.217858214684));
#7092 = CARTESIAN_POINT('',(5.72938323306,50.196406611635));
#7093 = CARTESIAN_POINT('',(5.720768113974,49.160776694243));
#7094 = CARTESIAN_POINT('',(5.713125094369,48.112238494726));
#7095 = CARTESIAN_POINT('',(5.699427830701,45.928123759576));
#7096 = CARTESIAN_POINT('',(5.693496001426,44.791068598911));
#7097 = CARTESIAN_POINT('',(5.688714674589,43.643557203355));
#7098 = CARTESIAN_POINT('',(5.685109973724,42.488216969908));
#7099 = CARTESIAN_POINT('',(5.682699761928,41.327557308242));
#7100 = CARTESIAN_POINT('',(5.681493788139,40.164014946286));
#7101 = CARTESIAN_POINT('',(5.681493788139,37.835562577468));
#7102 = CARTESIAN_POINT('',(5.68270063749,36.671598289959));
#7103 = CARTESIAN_POINT('',(5.685112597776,35.510519734842));
#7104 = CARTESIAN_POINT('',(5.688719906601,34.354766185642));
#7105 = CARTESIAN_POINT('',(5.693504676263,33.206849738122));
#7106 = CARTESIAN_POINT('',(5.699440747081,32.069400689689));
#7107 = CARTESIAN_POINT('',(5.713143541609,29.885213206977));
#7108 = CARTESIAN_POINT('',(5.720786551711,28.836975102629));
#7109 = CARTESIAN_POINT('',(5.729401133266,27.801638982769));
#7110 = CARTESIAN_POINT('',(5.738966283976,26.780475131819));
#7111 = CARTESIAN_POINT('',(5.749461595312,25.774905579954));
#7112 = CARTESIAN_POINT('',(5.760867456161,24.786526708133));
#7113 = CARTESIAN_POINT('',(5.793319135993,22.228468303813));
#7114 = CARTESIAN_POINT('',(5.815851312195,20.692147823324));
#7115 = CARTESIAN_POINT('',(5.84073741626,19.210800149991));
#7116 = CARTESIAN_POINT('',(5.868000075035,17.78995411012));
#7117 = CARTESIAN_POINT('',(5.897695291177,16.438885599537));
#7118 = CARTESIAN_POINT('',(5.929899064484,15.171638979392));
#7119 = CARTESIAN_POINT('',(5.976596859064,13.610763478132));
#7120 = CARTESIAN_POINT('',(5.988802321446,13.225097163322));
#7121 = CARTESIAN_POINT('',(6.001318122939,12.852320523168));
#7122 = CARTESIAN_POINT('',(6.014145752841,12.493410347203));
#7123 = CARTESIAN_POINT('',(6.027286504932,12.149420036502));
#7124 = CARTESIAN_POINT('',(6.040741581984,11.821480673521));
#7125 = CARTESIAN_POINT('',(6.065646239668,11.259607302701));
#7126 = CARTESIAN_POINT('',(6.076988331788,11.019656674726));
#7127 = CARTESIAN_POINT('',(6.088532503711,10.791748748601));
#7128 = CARTESIAN_POINT('',(6.100272696951,10.576662609842));
#7129 = CARTESIAN_POINT('',(6.11220277527,10.37515973916));
#7130 = CARTESIAN_POINT('',(6.124316532494,10.187985862733));
#7131 = CARTESIAN_POINT('',(6.156526044387,9.736956494032));
#7132 = CARTESIAN_POINT('',(6.176938618258,9.497195458628));
#7133 = CARTESIAN_POINT('',(6.197752397689,9.3008694116));
#7134 = CARTESIAN_POINT('',(6.218875209857,9.151222876721));
#7135 = CARTESIAN_POINT('',(6.240215691852,9.050507297843));
#7136 = CARTESIAN_POINT('',(6.261682862456,9.));
#7137 = CARTESIAN_POINT('',(6.28318530718,9.));
#7138 = ( GEOMETRIC_REPRESENTATION_CONTEXT(2) 
PARAMETRIC_REPRESENTATION_CONTEXT() REPRESENTATION_CONTEXT('2D SPACE',''
  ) );
#7139 = PCURVE('',#6332,#7140);
#7140 = DEFINITIONAL_REPRESENTATION('',(#7141),#7228);
#7141 = B_SPLINE_CURVE_WITH_KNOTS('',7,(#7142,#7143,#7144,#7145,#7146,
    #7147,#7148,#7149,#7150,#7151,#7152,#7153,#7154,#7155,#7156,#7157,
    #7158,#7159,#7160,#7161,#7162,#7163,#7164,#7165,#7166,#7167,#7168,
    #7169,#7170,#7171,#7172,#7173,#7174,#7175,#7176,#7177,#7178,#7179,
    #7180,#7181,#7182,#7183,#7184,#7185,#7186,#7187,#7188,#7189,#7190,
    #7191,#7192,#7193,#7194,#7195,#7196,#7197,#7198,#7199,#7200,#7201,
    #7202,#7203,#7204,#7205,#7206,#7207,#7208,#7209,#7210,#7211,#7212,
    #7213,#7214,#7215,#7216,#7217,#7218,#7219,#7220,#7221,#7222,#7223,
    #7224,#7225,#7226,#7227),.UNSPECIFIED.,.F.,.F.,(8,6,6,6,6,6,6,6,6,6,
    6,6,6,6,8),(0.,6.717130465549E-02,0.108699807513,0.160264652149,
    0.199605316554,0.229420247842,0.310672173255,0.402519959446,
    0.499868644206,0.597252661421,0.689076187523,0.839558406542,
    0.891001752467,0.932595544902,1.),.UNSPECIFIED.);
#7142 = CARTESIAN_POINT('',(0.,9.307895450093));
#7143 = CARTESIAN_POINT('',(3.78957304812E-02,9.307895450093));
#7144 = CARTESIAN_POINT('',(7.573003965715E-02,9.279444605855));
#7145 = CARTESIAN_POINT('',(0.113402791013,9.222709312692));
#7146 = CARTESIAN_POINT('',(0.150813574693,9.138609656453));
#7147 = CARTESIAN_POINT('',(0.187857358363,9.028810432871));
#7148 = CARTESIAN_POINT('',(0.224419924253,8.895671289218));
#7149 = CARTESIAN_POINT('',(0.282601054913,8.647245510564));
#7150 = CARTESIAN_POINT('',(0.304615419454,8.544464094468));
#7151 = CARTESIAN_POINT('',(0.326414383331,8.434362809991));
#7152 = CARTESIAN_POINT('',(0.347995370408,8.31751065617));
#7153 = CARTESIAN_POINT('',(0.369354989294,8.194490842518));
#7154 = CARTESIAN_POINT('',(0.390488991575,8.065897070473));
#7155 = CARTESIAN_POINT('',(0.437347228882,7.766482882941));
#7156 = CARTESIAN_POINT('',(0.462951399103,7.592936438622));
#7157 = CARTESIAN_POINT('',(0.488218833903,7.412679759314));
#7158 = CARTESIAN_POINT('',(0.513162421752,7.226658529866));
#7159 = CARTESIAN_POINT('',(0.5377942559,7.035772456259));
#7160 = CARTESIAN_POINT('',(0.562126043892,6.840872879311));
#7161 = CARTESIAN_POINT('',(0.604513142783,6.491613282747));
#7162 = CARTESIAN_POINT('',(0.622691576354,6.338574365838));
#7163 = CARTESIAN_POINT('',(0.640712331486,6.183978410991));
#7164 = CARTESIAN_POINT('',(0.658582707888,6.028142786148));
#7165 = CARTESIAN_POINT('',(0.676309908349,5.871367950221));
#7166 = CARTESIAN_POINT('',(0.693901155798,5.713937949435));
#7167 = CARTESIAN_POINT('',(0.724598153368,5.436516831027));
#7168 = CARTESIAN_POINT('',(0.737758595039,5.316691052577));
#7169 = CARTESIAN_POINT('',(0.750848283213,5.196760279198));
#7170 = CARTESIAN_POINT('',(0.763870302596,5.076837620396));
#7171 = CARTESIAN_POINT('',(0.776827674775,4.95703259432));
#7172 = CARTESIAN_POINT('',(0.789723358218,4.837451127756));
#7173 = CARTESIAN_POINT('',(0.837543459305,4.393199173738));
#7174 = CARTESIAN_POINT('',(0.872097464132,4.070556130782));
#7175 = CARTESIAN_POINT('',(0.906273531322,3.752412852992));
#7176 = CARTESIAN_POINT('',(0.940121262032,3.440746642592));
#7177 = CARTESIAN_POINT('',(0.97368914174,3.137399633736));
#7178 = CARTESIAN_POINT('',(1.007025091995,2.844112747943));
#7179 = CARTESIAN_POINT('',(1.077652212788,2.244289914353));
#7180 = CARTESIAN_POINT('',(1.114899984679,1.940947797203));
#7181 = CARTESIAN_POINT('',(1.151957990259,1.655224417653));
#7182 = CARTESIAN_POINT('',(1.188864106357,1.389634047249));
#7183 = CARTESIAN_POINT('',(1.225657086554,1.14649467263));
#7184 = CARTESIAN_POINT('',(1.262377213531,0.927908558644));
#7185 = CARTESIAN_POINT('',(1.337954091494,0.532067975964));
#7186 = CARTESIAN_POINT('',(1.376808025286,0.358067978997));
#7187 = CARTESIAN_POINT('',(1.415629815502,0.216226336613));
#7188 = CARTESIAN_POINT('',(1.454427003261,0.108485473287));
#7189 = CARTESIAN_POINT('',(1.493211089849,3.617925343964E-02));
#7190 = CARTESIAN_POINT('',(1.531995828585,-1.416191542081E-14));
#7191 = CARTESIAN_POINT('',(1.609610907546,-1.425981177199E-14));
#7192 = CARTESIAN_POINT('',(1.648409710455,3.620552039749E-02));
#7193 = CARTESIAN_POINT('',(1.687207864128,0.108564194599));
#7194 = CARTESIAN_POINT('',(1.726019140115,0.216382715717));
#7195 = CARTESIAN_POINT('',(1.764855053911,0.358325323791));
#7196 = CARTESIAN_POINT('',(1.803723153876,0.532446853939));
#7197 = CARTESIAN_POINT('',(1.879304629991,0.928436371777));
#7198 = CARTESIAN_POINT('',(1.916015309392,1.147015725591));
#7199 = CARTESIAN_POINT('',(1.952798929362,1.390132484212));
#7200 = CARTESIAN_POINT('',(1.989695705261,1.655685629132));
#7201 = CARTESIAN_POINT('',(2.026744325348,1.941358513024));
#7202 = CARTESIAN_POINT('',(2.063982601382,2.24463832676));
#7203 = CARTESIAN_POINT('',(2.16284735426,3.084303525053));
#7204 = CARTESIAN_POINT('',(2.224804412626,3.64538928102));
#7205 = CARTESIAN_POINT('',(2.287680289537,4.235804151816));
#7206 = CARTESIAN_POINT('',(2.351822505928,4.844642590622));
#7207 = CARTESIAN_POINT('',(2.417580115375,5.459450198998));
#7208 = CARTESIAN_POINT('',(2.485308426182,6.065018246271));
#7209 = CARTESIAN_POINT('',(2.57936082242,6.840005874849));
#7210 = CARTESIAN_POINT('',(2.603608268922,7.034253868494));
#7211 = CARTESIAN_POINT('',(2.628153642578,7.224518839016));
#7212 = CARTESIAN_POINT('',(2.653008555951,7.409958557151));
#7213 = CARTESIAN_POINT('',(2.678185000607,7.589683036952));
#7214 = CARTESIAN_POINT('',(2.703695750172,7.762756868047));
#7215 = CARTESIAN_POINT('',(2.750462704131,8.061969512398));
#7216 = CARTESIAN_POINT('',(2.771601643175,8.190771351162));
#7217 = CARTESIAN_POINT('',(2.792966459552,8.314005992112));
#7218 = CARTESIAN_POINT('',(2.814552930282,8.431079004546));
#7219 = CARTESIAN_POINT('',(2.836357689302,8.541406320586));
#7220 = CARTESIAN_POINT('',(2.858378186399,8.644417956648));
#7221 = CARTESIAN_POINT('',(2.916644504624,8.893746149294));
#7222 = CARTESIAN_POINT('',(2.953289499853,9.027487639129));
#7223 = CARTESIAN_POINT('',(2.990418701986,9.137798084829));
#7224 = CARTESIAN_POINT('',(3.027917279089,9.222297595807));
#7225 = CARTESIAN_POINT('',(3.065679674496,9.279306414112));
#7226 = CARTESIAN_POINT('',(3.103605001245,9.307895450093));
#7227 = CARTESIAN_POINT('',(3.14159265359,9.307895450093));
#7228 = ( GEOMETRIC_REPRESENTATION_CONTEXT(2) 
PARAMETRIC_REPRESENTATION_CONTEXT() REPRESENTATION_CONTEXT('2D SPACE',''
  ) );
#7229 = ORIENTED_EDGE('',*,*,#7230,.F.);
#7230 = EDGE_CURVE('',#5901,#6959,#7231,.T.);
#7231 = SURFACE_CURVE('',#7232,(#7319,#7409),.PCURVE_S1.);
#7232 = B_SPLINE_CURVE_WITH_KNOTS('',7,(#7233,#7234,#7235,#7236,#7237,
    #7238,#7239,#7240,#7241,#7242,#7243,#7244,#7245,#7246,#7247,#7248,
    #7249,#7250,#7251,#7252,#7253,#7254,#7255,#7256,#7257,#7258,#7259,
    #7260,#7261,#7262,#7263,#7264,#7265,#7266,#7267,#7268,#7269,#7270,
    #7271,#7272,#7273,#7274,#7275,#7276,#7277,#7278,#7279,#7280,#7281,
    #7282,#7283,#7284,#7285,#7286,#7287,#7288,#7289,#7290,#7291,#7292,
    #7293,#7294,#7295,#7296,#7297,#7298,#7299,#7300,#7301,#7302,#7303,
    #7304,#7305,#7306,#7307,#7308,#7309,#7310,#7311,#7312,#7313,#7314,
    #7315,#7316,#7317,#7318),.UNSPECIFIED.,.F.,.F.,(8,6,6,6,6,6,6,6,6,6,
    6,6,6,6,8),(0.,6.717130465549E-02,0.108699807513,0.160264652149,
    0.199605316554,0.229420247842,0.310672173255,0.402519959446,
    0.499868644206,0.597252661421,0.689076187523,0.839558406542,
    0.891001752467,0.932595544902,1.),.UNSPECIFIED.);
#7233 = CARTESIAN_POINT('',(53.,-3.552713678801E-15,1.04278E+03));
#7234 = CARTESIAN_POINT('',(53.,-1.136871914436,1.04278E+03));
#7235 = CARTESIAN_POINT('',(52.971549155762,-2.271901239904,
    1.042729736841E+03));
#7236 = CARTESIAN_POINT('',(52.914813862599,-3.399416926593,
    1.04262950449E+03));
#7237 = CARTESIAN_POINT('',(52.83071420636,-4.513779743115,
    1.042480567876E+03));
#7238 = CARTESIAN_POINT('',(52.720914982778,-5.609439877212,
    1.042285158772E+03));
#7239 = CARTESIAN_POINT('',(52.587775839125,-6.680992686789,
    1.042046494563E+03));
#7240 = CARTESIAN_POINT('',(52.339350060471,-8.367595004086,
    1.041597148158E+03));
#7241 = CARTESIAN_POINT('',(52.236568644375,-9.001313499918,
    1.041410416099E+03));
#7242 = CARTESIAN_POINT('',(52.126467359898,-9.623970052409,
    1.04120935421E+03));
#7243 = CARTESIAN_POINT('',(52.009615206077,-10.23517402627,
    1.040994707054E+03));
#7244 = CARTESIAN_POINT('',(51.886595392425,-10.83456211079,
    1.040767235102E+03));
#7245 = CARTESIAN_POINT('',(51.75800162038,-11.42179824325,
    1.040527716586E+03));
#7246 = CARTESIAN_POINT('',(51.458587432848,-12.71025682105,
    1.039965578296E+03));
#7247 = CARTESIAN_POINT('',(51.285040988529,-13.40486478623,
    1.039636805467E+03));
#7248 = CARTESIAN_POINT('',(51.104784309221,-14.08045862224,
    1.039291854425E+03));
#7249 = CARTESIAN_POINT('',(50.918763079773,-14.73713701603,
    1.038931868989E+03));
#7250 = CARTESIAN_POINT('',(50.727877006166,-15.37503579227,
    1.038557914324E+03));
#7251 = CARTESIAN_POINT('',(50.532977429218,-15.9943275584,
    1.038170978037E+03));
#7252 = CARTESIAN_POINT('',(50.183717832653,-17.05366471643,
    1.037467554749E+03));
#7253 = CARTESIAN_POINT('',(50.030678915745,-17.50146484065,
    1.037156068598E+03));
#7254 = CARTESIAN_POINT('',(49.876082960898,-17.93876867322,
    1.036837873212E+03));
#7255 = CARTESIAN_POINT('',(49.720247336055,-18.36572490332,
    1.036513299326E+03));
#7256 = CARTESIAN_POINT('',(49.563472500128,-18.78248404616,
    1.036182647859E+03));
#7257 = CARTESIAN_POINT('',(49.406042499342,-19.18919853098,
    1.035846189751E+03));
#7258 = CARTESIAN_POINT('',(49.128621380934,-19.88676219335,
    1.035244957657E+03));
#7259 = CARTESIAN_POINT('',(49.008795602484,-20.18181989119,
    1.034982553834E+03));
#7260 = CARTESIAN_POINT('',(48.888864829104,-20.47126224972,
    1.034717059393E+03));
#7261 = CARTESIAN_POINT('',(48.768942170303,-20.75515331518,
    1.034448572479E+03));
#7262 = CARTESIAN_POINT('',(48.649137144227,-21.03355481281,
    1.034177184317E+03));
#7263 = CARTESIAN_POINT('',(48.529555677663,-21.30652614682,
    1.03390297921E+03));
#7264 = CARTESIAN_POINT('',(48.085303723645,-22.30338562615,
    1.032871302401E+03));
#7265 = CARTESIAN_POINT('',(47.762660680689,-22.99289563031,
    1.032096066862E+03));
#7266 = CARTESIAN_POINT('',(47.444517402899,-23.64362809065,
    1.031302042184E+03));
#7267 = CARTESIAN_POINT('',(47.132851192499,-24.25647418396,
    1.03049062209E+03));
#7268 = CARTESIAN_POINT('',(46.829504183643,-24.83221621765,
    1.029662923055E+03));
#7269 = CARTESIAN_POINT('',(46.53621729785,-25.37150126127,
    1.028819827592E+03));
#7270 = CARTESIAN_POINT('',(45.93639446426,-26.44376415416,
    1.026992363923E+03));
#7271 = CARTESIAN_POINT('',(45.63305234711,-26.96686643423,
    1.026003709519E+03));
#7272 = CARTESIAN_POINT('',(45.34732896756,-27.44431325902,
    1.024997858215E+03));
#7273 = CARTESIAN_POINT('',(45.081738597156,-27.87625510223,
    1.023976406612E+03));
#7274 = CARTESIAN_POINT('',(44.838599222537,-28.26276828596,
    1.022940776694E+03));
#7275 = CARTESIAN_POINT('',(44.620013108551,-28.60382199627,
    1.021892238495E+03));
#7276 = CARTESIAN_POINT('',(44.224172525871,-29.21236193581,
    1.01970812376E+03));
#7277 = CARTESIAN_POINT('',(44.050172528904,-29.47422573655,
    1.018571068599E+03));
#7278 = CARTESIAN_POINT('',(43.90833088652,-29.68422928752,
    1.017423557203E+03));
#7279 = CARTESIAN_POINT('',(43.800590023194,-29.84200140491,
    1.01626821697E+03));
#7280 = CARTESIAN_POINT('',(43.728283803347,-29.94730839639,
    1.015107557308E+03));
#7281 = CARTESIAN_POINT('',(43.692104549907,-30.,1.013944014946E+03));
#7282 = CARTESIAN_POINT('',(43.692104549907,-30.,1.011615562577E+03));
#7283 = CARTESIAN_POINT('',(43.728310070304,-29.94727014109,
    1.01045159829E+03));
#7284 = CARTESIAN_POINT('',(43.800668744506,-29.84188675492,
    1.009290519735E+03));
#7285 = CARTESIAN_POINT('',(43.908487265624,-29.68400029031,
    1.008134766186E+03));
#7286 = CARTESIAN_POINT('',(44.050429873698,-29.47384472294,
    1.006986849738E+03));
#7287 = CARTESIAN_POINT('',(44.224551403846,-29.21179173422,
    1.00584940069E+03));
#7288 = CARTESIAN_POINT('',(44.620540921684,-28.60299897888,
    1.003665213207E+03));
#7289 = CARTESIAN_POINT('',(44.839120275497,-28.2619415344,
    1.002616975103E+03));
#7290 = CARTESIAN_POINT('',(45.082237034119,-27.87544777853,
    1.001581638983E+03));
#7291 = CARTESIAN_POINT('',(45.347790179039,-27.44354847804,
    1.000560475132E+03));
#7292 = CARTESIAN_POINT('',(45.633463062931,-26.96616765893,
    999.55490557995));
#7293 = CARTESIAN_POINT('',(45.936742876667,-26.44315555121,
    998.56652670813));
#7294 = CARTESIAN_POINT('',(46.77640807496,-24.94210504389,
    996.00846830381));
#7295 = CARTESIAN_POINT('',(47.337493830927,-23.88761950664,
    994.47214782332));
#7296 = CARTESIAN_POINT('',(47.927908701723,-22.70740076666,
    992.99080014999));
#7297 = CARTESIAN_POINT('',(48.536747140529,-21.39565114885,
    991.56995411011));
#7298 = CARTESIAN_POINT('',(49.151554748905,-19.94501627084,
    990.21888559953));
#7299 = CARTESIAN_POINT('',(49.757122796178,-18.34749887146,
    988.95163897939));
#7300 = CARTESIAN_POINT('',(50.532110424756,-15.99698071925,
    987.39076347813));
#7301 = CARTESIAN_POINT('',(50.726358418401,-15.37988237229,
    987.00509716332));
#7302 = CARTESIAN_POINT('',(50.916623388923,-14.74430540551,
    986.63232052316));
#7303 = CARTESIAN_POINT('',(51.102063107058,-14.09007822377,
    986.2734103472));
#7304 = CARTESIAN_POINT('',(51.281787586859,-13.41706544512,
    985.9294200365));
#7305 = CARTESIAN_POINT('',(51.454861417954,-12.72516824754,
    985.60148067352));
#7306 = CARTESIAN_POINT('',(51.754074062305,-11.4395821946,
    985.0396073027));
#7307 = CARTESIAN_POINT('',(51.882875901069,-10.85236236753,
    984.79965667472));
#7308 = CARTESIAN_POINT('',(52.006110542019,-10.252972866,984.5717487486
    ));
#7309 = CARTESIAN_POINT('',(52.123183554453,-9.641748538621,
    984.35666260984));
#7310 = CARTESIAN_POINT('',(52.233510870493,-9.019051526579,
    984.15515973916));
#7311 = CARTESIAN_POINT('',(52.336522506554,-8.385271339305,
    983.96798586273));
#7312 = CARTESIAN_POINT('',(52.585850699201,-6.696472960545,
    983.51695649403));
#7313 = CARTESIAN_POINT('',(52.719592189036,-5.622624898461,
    983.27719545862));
#7314 = CARTESIAN_POINT('',(52.829902634736,-4.524514009796,
    983.0808694116));
#7315 = CARTESIAN_POINT('',(52.914402145714,-3.4075749764,
    982.93122287672));
#7316 = CARTESIAN_POINT('',(52.971410964019,-2.277389423694,
    982.83050729784));
#7317 = CARTESIAN_POINT('',(53.,-1.139629570347,982.78));
#7318 = CARTESIAN_POINT('',(53.,-7.105427357601E-15,982.78));
#7319 = PCURVE('',#5711,#7320);
#7320 = DEFINITIONAL_REPRESENTATION('',(#7321),#7408);
#7321 = B_SPLINE_CURVE_WITH_KNOTS('',7,(#7322,#7323,#7324,#7325,#7326,
    #7327,#7328,#7329,#7330,#7331,#7332,#7333,#7334,#7335,#7336,#7337,
    #7338,#7339,#7340,#7341,#7342,#7343,#7344,#7345,#7346,#7347,#7348,
    #7349,#7350,#7351,#7352,#7353,#7354,#7355,#7356,#7357,#7358,#7359,
    #7360,#7361,#7362,#7363,#7364,#7365,#7366,#7367,#7368,#7369,#7370,
    #7371,#7372,#7373,#7374,#7375,#7376,#7377,#7378,#7379,#7380,#7381,
    #7382,#7383,#7384,#7385,#7386,#7387,#7388,#7389,#7390,#7391,#7392,
    #7393,#7394,#7395,#7396,#7397,#7398,#7399,#7400,#7401,#7402,#7403,
    #7404,#7405,#7406,#7407),.UNSPECIFIED.,.F.,.F.,(8,6,6,6,6,6,6,6,6,6,
    6,6,6,6,8),(0.,6.717130465549E-02,0.108699807513,0.160264652149,
    0.199605316554,0.229420247842,0.310672173255,0.402519959446,
    0.499868644206,0.597252661421,0.689076187523,0.839558406542,
    0.891001752467,0.932595544902,1.),.UNSPECIFIED.);
#7322 = CARTESIAN_POINT('',(6.28318530718,69.));
#7323 = CARTESIAN_POINT('',(6.2617348937,69.));
#7324 = CARTESIAN_POINT('',(6.240319242529,68.949736840822));
#7325 = CARTESIAN_POINT('',(6.2190292528,68.849504490026));
#7326 = CARTESIAN_POINT('',(6.197955396879,68.70056787591));
#7327 = CARTESIAN_POINT('',(6.177188526719,68.505158772344));
#7328 = CARTESIAN_POINT('',(6.156820299238,68.266494562663));
#7329 = CARTESIAN_POINT('',(6.124654263139,67.817148157563));
#7330 = CARTESIAN_POINT('',(6.112542350292,67.630416099159));
#7331 = CARTESIAN_POINT('',(6.100613766174,67.429354210369));
#7332 = CARTESIAN_POINT('',(6.088874732755,67.214707053758));
#7333 = CARTESIAN_POINT('',(6.077331402374,66.987235101581));
#7334 = CARTESIAN_POINT('',(6.065989850148,66.747716585888));
#7335 = CARTESIAN_POINT('',(6.041031541285,66.185578296431));
#7336 = CARTESIAN_POINT('',(6.027524703583,65.856805466949));
#7337 = CARTESIAN_POINT('',(6.014334339715,65.511854425344));
#7338 = CARTESIAN_POINT('',(6.001459249836,65.151868989127));
#7339 = CARTESIAN_POINT('',(5.988898141538,64.777914323617));
#7340 = CARTESIAN_POINT('',(5.976649523578,64.390978037423));
#7341 = CARTESIAN_POINT('',(5.955603730382,63.687554748961));
#7342 = CARTESIAN_POINT('',(5.94667540209,63.376068598107));
#7343 = CARTESIAN_POINT('',(5.937924726224,63.05787321215));
#7344 = CARTESIAN_POINT('',(5.929349897055,62.733299325866));
#7345 = CARTESIAN_POINT('',(5.920949168964,62.402647858564));
#7346 = CARTESIAN_POINT('',(5.91272083378,62.066189750645));
#7347 = CARTESIAN_POINT('',(5.89855659424,61.464957656675));
#7348 = CARTESIAN_POINT('',(5.892548055571,61.202553833551));
#7349 = CARTESIAN_POINT('',(5.886636866074,60.937059393303));
#7350 = CARTESIAN_POINT('',(5.880822371714,60.668572479483));
#7351 = CARTESIAN_POINT('',(5.875103980455,60.397184316674));
#7352 = CARTESIAN_POINT('',(5.869481162259,60.122979210481));
#7353 = CARTESIAN_POINT('',(5.848889274228,59.091302400789));
#7354 = CARTESIAN_POINT('',(5.834528236375,58.316066861594));
#7355 = CARTESIAN_POINT('',(5.820864496063,57.522042184271));
#7356 = CARTESIAN_POINT('',(5.807894592268,56.71062209049));
#7357 = CARTESIAN_POINT('',(5.795617710335,55.882923055082));
#7358 = CARTESIAN_POINT('',(5.784035949907,55.03982759183));
#7359 = CARTESIAN_POINT('',(5.760854225179,53.212363923023));
#7360 = CARTESIAN_POINT('',(5.749446303728,52.223709519251));
#7361 = CARTESIAN_POINT('',(5.738949435207,51.217858214684));
#7362 = CARTESIAN_POINT('',(5.72938323306,50.196406611635));
#7363 = CARTESIAN_POINT('',(5.720768113974,49.160776694243));
#7364 = CARTESIAN_POINT('',(5.713125094369,48.112238494726));
#7365 = CARTESIAN_POINT('',(5.699427830701,45.928123759576));
#7366 = CARTESIAN_POINT('',(5.693496001426,44.791068598911));
#7367 = CARTESIAN_POINT('',(5.688714674589,43.643557203355));
#7368 = CARTESIAN_POINT('',(5.685109973724,42.488216969908));
#7369 = CARTESIAN_POINT('',(5.682699761928,41.327557308242));
#7370 = CARTESIAN_POINT('',(5.681493788139,40.164014946286));
#7371 = CARTESIAN_POINT('',(5.681493788139,37.835562577468));
#7372 = CARTESIAN_POINT('',(5.68270063749,36.671598289959));
#7373 = CARTESIAN_POINT('',(5.685112597776,35.510519734842));
#7374 = CARTESIAN_POINT('',(5.688719906601,34.354766185642));
#7375 = CARTESIAN_POINT('',(5.693504676263,33.206849738122));
#7376 = CARTESIAN_POINT('',(5.699440747081,32.069400689689));
#7377 = CARTESIAN_POINT('',(5.713143541609,29.885213206977));
#7378 = CARTESIAN_POINT('',(5.720786551711,28.836975102629));
#7379 = CARTESIAN_POINT('',(5.729401133266,27.801638982769));
#7380 = CARTESIAN_POINT('',(5.738966283976,26.780475131819));
#7381 = CARTESIAN_POINT('',(5.749461595312,25.774905579954));
#7382 = CARTESIAN_POINT('',(5.760867456161,24.786526708133));
#7383 = CARTESIAN_POINT('',(5.793319135993,22.228468303813));
#7384 = CARTESIAN_POINT('',(5.815851312195,20.692147823324));
#7385 = CARTESIAN_POINT('',(5.84073741626,19.210800149991));
#7386 = CARTESIAN_POINT('',(5.868000075035,17.78995411012));
#7387 = CARTESIAN_POINT('',(5.897695291177,16.438885599537));
#7388 = CARTESIAN_POINT('',(5.929899064484,15.171638979392));
#7389 = CARTESIAN_POINT('',(5.976596859064,13.610763478132));
#7390 = CARTESIAN_POINT('',(5.988802321446,13.225097163322));
#7391 = CARTESIAN_POINT('',(6.001318122939,12.852320523168));
#7392 = CARTESIAN_POINT('',(6.014145752841,12.493410347203));
#7393 = CARTESIAN_POINT('',(6.027286504932,12.149420036502));
#7394 = CARTESIAN_POINT('',(6.040741581984,11.821480673521));
#7395 = CARTESIAN_POINT('',(6.065646239668,11.259607302701));
#7396 = CARTESIAN_POINT('',(6.076988331788,11.019656674726));
#7397 = CARTESIAN_POINT('',(6.088532503711,10.791748748601));
#7398 = CARTESIAN_POINT('',(6.100272696951,10.576662609842));
#7399 = CARTESIAN_POINT('',(6.11220277527,10.37515973916));
#7400 = CARTESIAN_POINT('',(6.124316532494,10.187985862733));
#7401 = CARTESIAN_POINT('',(6.156526044387,9.736956494032));
#7402 = CARTESIAN_POINT('',(6.176938618258,9.497195458628));
#7403 = CARTESIAN_POINT('',(6.197752397689,9.3008694116));
#7404 = CARTESIAN_POINT('',(6.218875209857,9.151222876721));
#7405 = CARTESIAN_POINT('',(6.240215691852,9.050507297843));
#7406 = CARTESIAN_POINT('',(6.261682862456,9.));
#7407 = CARTESIAN_POINT('',(6.28318530718,9.));
#7408 = ( GEOMETRIC_REPRESENTATION_CONTEXT(2) 
PARAMETRIC_REPRESENTATION_CONTEXT() REPRESENTATION_CONTEXT('2D SPACE',''
  ) );
#7409 = PCURVE('',#6105,#7410);
#7410 = DEFINITIONAL_REPRESENTATION('',(#7411),#7462);
#7411 = B_SPLINE_CURVE_WITH_KNOTS('',7,(#7412,#7413,#7414,#7415,#7416,
    #7417,#7418,#7419,#7420,#7421,#7422,#7423,#7424,#7425,#7426,#7427,
    #7428,#7429,#7430,#7431,#7432,#7433,#7434,#7435,#7436,#7437,#7438,
    #7439,#7440,#7441,#7442,#7443,#7444,#7445,#7446,#7447,#7448,#7449,
    #7450,#7451,#7452,#7453,#7454,#7455,#7456,#7457,#7458,#7459,#7460,
    #7461),.UNSPECIFIED.,.F.,.F.,(8,6,6,6,6,6,6,6,8),(0.,
    6.717130465549E-02,0.108699807513,0.160264652149,0.199605316554,
    0.229420247842,0.310672173255,0.402519959446,0.499868644206),
  .UNSPECIFIED.);
#7412 = CARTESIAN_POINT('',(6.28318530718,9.307895450093));
#7413 = CARTESIAN_POINT('',(6.321081037661,9.307895450093));
#7414 = CARTESIAN_POINT('',(6.358915346837,9.279444605855));
#7415 = CARTESIAN_POINT('',(6.396588098193,9.222709312692));
#7416 = CARTESIAN_POINT('',(6.433998881873,9.138609656453));
#7417 = CARTESIAN_POINT('',(6.471042665543,9.028810432871));
#7418 = CARTESIAN_POINT('',(6.507605231433,8.895671289218));
#7419 = CARTESIAN_POINT('',(6.565786362093,8.647245510564));
#7420 = CARTESIAN_POINT('',(6.587800726634,8.544464094468));
#7421 = CARTESIAN_POINT('',(6.609599690511,8.434362809991));
#7422 = CARTESIAN_POINT('',(6.631180677588,8.31751065617));
#7423 = CARTESIAN_POINT('',(6.652540296474,8.194490842518));
#7424 = CARTESIAN_POINT('',(6.673674298755,8.065897070473));
#7425 = CARTESIAN_POINT('',(6.720532536062,7.766482882941));
#7426 = CARTESIAN_POINT('',(6.746136706283,7.592936438622));
#7427 = CARTESIAN_POINT('',(6.771404141083,7.412679759314));
#7428 = CARTESIAN_POINT('',(6.796347728932,7.226658529866));
#7429 = CARTESIAN_POINT('',(6.82097956308,7.035772456259));
#7430 = CARTESIAN_POINT('',(6.845311351072,6.840872879311));
#7431 = CARTESIAN_POINT('',(6.887698449963,6.491613282747));
#7432 = CARTESIAN_POINT('',(6.905876883534,6.338574365838));
#7433 = CARTESIAN_POINT('',(6.923897638666,6.183978410991));
#7434 = CARTESIAN_POINT('',(6.941768015068,6.028142786148));
#7435 = CARTESIAN_POINT('',(6.959495215529,5.871367950221));
#7436 = CARTESIAN_POINT('',(6.977086462978,5.713937949435));
#7437 = CARTESIAN_POINT('',(7.007783460548,5.436516831027));
#7438 = CARTESIAN_POINT('',(7.020943902219,5.316691052577));
#7439 = CARTESIAN_POINT('',(7.034033590393,5.196760279198));
#7440 = CARTESIAN_POINT('',(7.047055609776,5.076837620396));
#7441 = CARTESIAN_POINT('',(7.060012981955,4.95703259432));
#7442 = CARTESIAN_POINT('',(7.072908665398,4.837451127756));
#7443 = CARTESIAN_POINT('',(7.120728766485,4.393199173738));
#7444 = CARTESIAN_POINT('',(7.155282771312,4.070556130782));
#7445 = CARTESIAN_POINT('',(7.189458838502,3.752412852992));
#7446 = CARTESIAN_POINT('',(7.223306569212,3.440746642592));
#7447 = CARTESIAN_POINT('',(7.25687444892,3.137399633736));
#7448 = CARTESIAN_POINT('',(7.290210399175,2.844112747943));
#7449 = CARTESIAN_POINT('',(7.360837519968,2.244289914353));
#7450 = CARTESIAN_POINT('',(7.398085291859,1.940947797203));
#7451 = CARTESIAN_POINT('',(7.435143297439,1.655224417653));
#7452 = CARTESIAN_POINT('',(7.472049413537,1.389634047249));
#7453 = CARTESIAN_POINT('',(7.508842393734,1.14649467263));
#7454 = CARTESIAN_POINT('',(7.545562520711,0.927908558644));
#7455 = CARTESIAN_POINT('',(7.621139398674,0.532067975964));
#7456 = CARTESIAN_POINT('',(7.659993332466,0.358067978997));
#7457 = CARTESIAN_POINT('',(7.698815122682,0.216226336613));
#7458 = CARTESIAN_POINT('',(7.737612310441,0.108485473287));
#7459 = CARTESIAN_POINT('',(7.776396397029,3.617925343964E-02));
#7460 = CARTESIAN_POINT('',(7.815181135765,-1.416191542081E-14));
#7461 = CARTESIAN_POINT('',(7.853981633975,-1.42108547152E-14));
#7462 = ( GEOMETRIC_REPRESENTATION_CONTEXT(2) 
PARAMETRIC_REPRESENTATION_CONTEXT() REPRESENTATION_CONTEXT('2D SPACE',''
  ) );
#7463 = ORIENTED_EDGE('',*,*,#5900,.T.);
#7464 = ORIENTED_EDGE('',*,*,#6604,.F.);
#7465 = ORIENTED_EDGE('',*,*,#5689,.F.);
#7466 = FACE_BOUND('',#7467,.T.);
#7467 = EDGE_LOOP('',(#7468,#7845));
#7468 = ORIENTED_EDGE('',*,*,#7469,.T.);
#7469 = EDGE_CURVE('',#7470,#7472,#7474,.T.);
#7470 = VERTEX_POINT('',#7471);
#7471 = CARTESIAN_POINT('',(-43.6921045499,30.,1.01278E+03));
#7472 = VERTEX_POINT('',#7473);
#7473 = CARTESIAN_POINT('',(-43.6921045499,-30.,1.01278E+03));
#7474 = SURFACE_CURVE('',#7475,(#7562,#7701),.PCURVE_S1.);
#7475 = B_SPLINE_CURVE_WITH_KNOTS('',7,(#7476,#7477,#7478,#7479,#7480,
    #7481,#7482,#7483,#7484,#7485,#7486,#7487,#7488,#7489,#7490,#7491,
    #7492,#7493,#7494,#7495,#7496,#7497,#7498,#7499,#7500,#7501,#7502,
    #7503,#7504,#7505,#7506,#7507,#7508,#7509,#7510,#7511,#7512,#7513,
    #7514,#7515,#7516,#7517,#7518,#7519,#7520,#7521,#7522,#7523,#7524,
    #7525,#7526,#7527,#7528,#7529,#7530,#7531,#7532,#7533,#7534,#7535,
    #7536,#7537,#7538,#7539,#7540,#7541,#7542,#7543,#7544,#7545,#7546,
    #7547,#7548,#7549,#7550,#7551,#7552,#7553,#7554,#7555,#7556,#7557,
    #7558,#7559,#7560,#7561),.UNSPECIFIED.,.F.,.F.,(8,6,6,6,6,6,6,6,6,6,
    6,6,6,6,8),(0.74981378035,0.798529260472,0.844463154846,
    0.919740533608,0.945474605456,0.966281526617,1.,1.033636882016,
    1.05443280608,1.080254555464,1.099954891842,1.114885096726,
    1.155573027497,1.201566971044,1.250315559286),.UNSPECIFIED.);
#7476 = CARTESIAN_POINT('',(-43.6921045499,30.,1.01278E+03));
#7477 = CARTESIAN_POINT('',(-43.6921045499,30.,1.013944437423E+03));
#7478 = CARTESIAN_POINT('',(-43.7283100703,29.9472701411,
    1.01510840171E+03));
#7479 = CARTESIAN_POINT('',(-43.8006687445,29.841886754922,
    1.016269480265E+03));
#7480 = CARTESIAN_POINT('',(-43.90848726562,29.684000290315,
    1.017425233814E+03));
#7481 = CARTESIAN_POINT('',(-44.05042987369,29.473844722946,
    1.018573150262E+03));
#7482 = CARTESIAN_POINT('',(-44.22455140384,29.211791734225,
    1.01971059931E+03));
#7483 = CARTESIAN_POINT('',(-44.62054092168,28.602998978886,
    1.021894786793E+03));
#7484 = CARTESIAN_POINT('',(-44.83912027549,28.261941534407,
    1.022943024897E+03));
#7485 = CARTESIAN_POINT('',(-45.08223703411,27.875447778534,
    1.023978361017E+03));
#7486 = CARTESIAN_POINT('',(-45.34779017903,27.443548478047,
    1.024999524868E+03));
#7487 = CARTESIAN_POINT('',(-45.63346306293,26.966167658931,
    1.02600509442E+03));
#7488 = CARTESIAN_POINT('',(-45.93674287666,26.443155551214,
    1.026993473292E+03));
#7489 = CARTESIAN_POINT('',(-46.77640807496,24.942105043894,
    1.029551531696E+03));
#7490 = CARTESIAN_POINT('',(-47.33749383092,23.887619506657,
    1.031087852177E+03));
#7491 = CARTESIAN_POINT('',(-47.92790870173,22.707400766626,
    1.03256919985E+03));
#7492 = CARTESIAN_POINT('',(-48.53674714051,21.395651148896,
    1.03399004589E+03));
#7493 = CARTESIAN_POINT('',(-49.15155474891,19.945016270828,
    1.0353411144E+03));
#7494 = CARTESIAN_POINT('',(-49.75712279617,18.347498871469,
    1.036608361021E+03));
#7495 = CARTESIAN_POINT('',(-50.53211042475,15.996980719255,
    1.038169236522E+03));
#7496 = CARTESIAN_POINT('',(-50.7263584184,15.379882372293,
    1.038554902837E+03));
#7497 = CARTESIAN_POINT('',(-50.91662338892,14.744305405514,
    1.038927679477E+03));
#7498 = CARTESIAN_POINT('',(-51.10206310705,14.090078223768,
    1.039286589653E+03));
#7499 = CARTESIAN_POINT('',(-51.28178758686,13.417065445123,
    1.039630579963E+03));
#7500 = CARTESIAN_POINT('',(-51.45486141795,12.725168247539,
    1.039958519326E+03));
#7501 = CARTESIAN_POINT('',(-51.7540740623,11.439582194604,
    1.040520392697E+03));
#7502 = CARTESIAN_POINT('',(-51.88287590107,10.852362367531,
    1.040760343325E+03));
#7503 = CARTESIAN_POINT('',(-52.00611054201,10.252972866001,
    1.040988251251E+03));
#7504 = CARTESIAN_POINT('',(-52.12318355445,9.641748538618,
    1.04120333739E+03));
#7505 = CARTESIAN_POINT('',(-52.23351087049,9.019051526574,
    1.041404840261E+03));
#7506 = CARTESIAN_POINT('',(-52.33652250655,8.385271339299,
    1.041592014137E+03));
#7507 = CARTESIAN_POINT('',(-52.5858506992,6.696472960541,
    1.042043043506E+03));
#7508 = CARTESIAN_POINT('',(-52.71959218903,5.622624898456,
    1.042282804541E+03));
#7509 = CARTESIAN_POINT('',(-52.82990263473,4.524514009792,
    1.042479130588E+03));
#7510 = CARTESIAN_POINT('',(-52.91440214571,3.407574976398,
    1.042628777123E+03));
#7511 = CARTESIAN_POINT('',(-52.97141096401,2.277389423692,
    1.042729492702E+03));
#7512 = CARTESIAN_POINT('',(-53.,1.139629570348,1.04278E+03));
#7513 = CARTESIAN_POINT('',(-53.,-1.136871914826,1.04278E+03));
#7514 = CARTESIAN_POINT('',(-52.97154915574,-2.271901239992,
    1.042729736841E+03));
#7515 = CARTESIAN_POINT('',(-52.9148138626,-3.399416926339,
    1.04262950449E+03));
#7516 = CARTESIAN_POINT('',(-52.83071420639,-4.513779742819,
    1.042480567876E+03));
#7517 = CARTESIAN_POINT('',(-52.72091498279,-5.609439877196,
    1.042285158772E+03));
#7518 = CARTESIAN_POINT('',(-52.58777583908,-6.680992687077,
    1.042046494563E+03));
#7519 = CARTESIAN_POINT('',(-52.3393500605,-8.367595003884,
    1.041597148158E+03));
#7520 = CARTESIAN_POINT('',(-52.23656864438,-9.001313499908,
    1.041410416099E+03));
#7521 = CARTESIAN_POINT('',(-52.12646735987,-9.623970052571,
    1.04120935421E+03));
#7522 = CARTESIAN_POINT('',(-52.00961520604,-10.23517402641,
    1.040994707054E+03));
#7523 = CARTESIAN_POINT('',(-51.88659539242,-10.83456211074,
    1.040767235102E+03));
#7524 = CARTESIAN_POINT('',(-51.75800162042,-11.42179824305,
    1.040527716586E+03));
#7525 = CARTESIAN_POINT('',(-51.45858743284,-12.71025682108,
    1.039965578296E+03));
#7526 = CARTESIAN_POINT('',(-51.28504098852,-13.40486478624,
    1.039636805467E+03));
#7527 = CARTESIAN_POINT('',(-51.10478430922,-14.08045862222,
    1.039291854425E+03));
#7528 = CARTESIAN_POINT('',(-50.91876307978,-14.737137016,
    1.038931868989E+03));
#7529 = CARTESIAN_POINT('',(-50.72787700616,-15.37503579227,
    1.038557914324E+03));
#7530 = CARTESIAN_POINT('',(-50.5329774292,-15.99432755843,
    1.038170978037E+03));
#7531 = CARTESIAN_POINT('',(-50.1837178315,-17.05366471991,
    1.037467554747E+03));
#7532 = CARTESIAN_POINT('',(-50.0306789156,-17.50146484088,
    1.037156068598E+03));
#7533 = CARTESIAN_POINT('',(-49.87608296181,-17.93876867053,
    1.036837873214E+03));
#7534 = CARTESIAN_POINT('',(-49.72024733699,-18.36572490087,
    1.036513299328E+03));
#7535 = CARTESIAN_POINT('',(-49.56347250001,-18.78248404664,
    1.036182647858E+03));
#7536 = CARTESIAN_POINT('',(-49.40604249816,-19.18919853395,
    1.035846189748E+03));
#7537 = CARTESIAN_POINT('',(-49.12862138093,-19.88676219334,
    1.035244957657E+03));
#7538 = CARTESIAN_POINT('',(-49.00879560248,-20.18181989119,
    1.034982553834E+03));
#7539 = CARTESIAN_POINT('',(-48.8888648291,-20.47126224972,
    1.034717059393E+03));
#7540 = CARTESIAN_POINT('',(-48.7689421703,-20.75515331518,
    1.034448572479E+03));
#7541 = CARTESIAN_POINT('',(-48.64913714422,-21.03355481281,
    1.034177184317E+03));
#7542 = CARTESIAN_POINT('',(-48.52955567766,-21.30652614682,
    1.03390297921E+03));
#7543 = CARTESIAN_POINT('',(-48.0853037326,-22.30338560604,
    1.032871302422E+03));
#7544 = CARTESIAN_POINT('',(-47.76266067227,-22.99289564705,
    1.032096066839E+03));
#7545 = CARTESIAN_POINT('',(-47.44451739574,-23.64362810653,
    1.031302042168E+03));
#7546 = CARTESIAN_POINT('',(-47.13285119892,-24.25647417235,
    1.03049062211E+03));
#7547 = CARTESIAN_POINT('',(-46.82950419222,-24.83221619999,
    1.029662923077E+03));
#7548 = CARTESIAN_POINT('',(-46.53621728991,-25.37150127544,
    1.028819827568E+03));
#7549 = CARTESIAN_POINT('',(-45.93639446434,-26.44376415401,
    1.026992363923E+03));
#7550 = CARTESIAN_POINT('',(-45.6330523471,-26.96686643424,
    1.026003709519E+03));
#7551 = CARTESIAN_POINT('',(-45.3473289675,-27.44431325913,
    1.024997858214E+03));
#7552 = CARTESIAN_POINT('',(-45.08173859711,-27.87625510229,
    1.023976406611E+03));
#7553 = CARTESIAN_POINT('',(-44.83859922255,-28.26276828592,
    1.022940776694E+03));
#7554 = CARTESIAN_POINT('',(-44.6200131086,-28.6038219962,
    1.021892238495E+03));
#7555 = CARTESIAN_POINT('',(-44.22417252587,-29.21236193581,
    1.01970812376E+03));
#7556 = CARTESIAN_POINT('',(-44.0501725289,-29.47422573655,
    1.018571068599E+03));
#7557 = CARTESIAN_POINT('',(-43.90833088652,-29.68422928752,
    1.017423557203E+03));
#7558 = CARTESIAN_POINT('',(-43.80059002319,-29.84200140491,
    1.01626821697E+03));
#7559 = CARTESIAN_POINT('',(-43.72828380334,-29.94730839639,
    1.015107557308E+03));
#7560 = CARTESIAN_POINT('',(-43.6921045499,-30.,1.013944014946E+03));
#7561 = CARTESIAN_POINT('',(-43.6921045499,-30.,1.01278E+03));
#7562 = PCURVE('',#5711,#7563);
#7563 = DEFINITIONAL_REPRESENTATION('',(#7564),#7700);
#7564 = B_SPLINE_CURVE_WITH_KNOTS('',3,(#7565,#7566,#7567,#7568,#7569,
    #7570,#7571,#7572,#7573,#7574,#7575,#7576,#7577,#7578,#7579,#7580,
    #7581,#7582,#7583,#7584,#7585,#7586,#7587,#7588,#7589,#7590,#7591,
    #7592,#7593,#7594,#7595,#7596,#7597,#7598,#7599,#7600,#7601,#7602,
    #7603,#7604,#7605,#7606,#7607,#7608,#7609,#7610,#7611,#7612,#7613,
    #7614,#7615,#7616,#7617,#7618,#7619,#7620,#7621,#7622,#7623,#7624,
    #7625,#7626,#7627,#7628,#7629,#7630,#7631,#7632,#7633,#7634,#7635,
    #7636,#7637,#7638,#7639,#7640,#7641,#7642,#7643,#7644,#7645,#7646,
    #7647,#7648,#7649,#7650,#7651,#7652,#7653,#7654,#7655,#7656,#7657,
    #7658,#7659,#7660,#7661,#7662,#7663,#7664,#7665,#7666,#7667,#7668,
    #7669,#7670,#7671,#7672,#7673,#7674,#7675,#7676,#7677,#7678,#7679,
    #7680,#7681,#7682,#7683,#7684,#7685,#7686,#7687,#7688,#7689,#7690,
    #7691,#7692,#7693,#7694,#7695,#7696,#7697,#7698,#7699),
  .UNSPECIFIED.,.F.,.F.,(4,1,1,1,1,1,1,1,1,1,1,1,1,1,1,1,1,1,1,1,1,1,1,1
    ,1,1,1,1,1,1,1,1,1,1,1,1,1,1,1,1,1,1,1,1,1,1,1,1,1,1,1,1,1,1,1,1,1,1
    ,1,1,1,1,1,1,1,1,1,1,1,1,1,1,1,1,1,1,1,1,1,1,1,1,1,1,1,1,1,1,1,1,1,1
    ,1,1,1,1,1,1,1,1,1,1,1,1,1,1,1,1,1,1,1,1,1,1,1,1,1,1,1,1,1,1,1,1,1,1
    ,1,1,1,1,1,1,4),(0.74981378035,0.753605460493,0.757397140637,
    0.76118882078,0.764980500924,0.768772181067,0.772563861211,
    0.776355541354,0.780147221498,0.783938901641,0.787730581785,
    0.791522261928,0.795313942071,0.799105622215,0.802897302358,
    0.806688982502,0.810480662645,0.814272342789,0.818064022932,
    0.821855703076,0.825647383219,0.829439063363,0.833230743506,
    0.837022423649,0.840814103793,0.844605783936,0.84839746408,
    0.852189144223,0.855980824367,0.85977250451,0.863564184654,
    0.867355864797,0.871147544941,0.874939225084,0.878730905228,
    0.882522585371,0.886314265514,0.890105945658,0.893897625801,
    0.897689305945,0.901480986088,0.905272666232,0.909064346375,
    0.912856026519,0.916647706662,0.920439386806,0.924231066949,
    0.928022747092,0.931814427236,0.935606107379,0.939397787523,
    0.943189467666,0.94698114781,0.950772827953,0.954564508097,
    0.95835618824,0.962147868384,0.965939548527,0.96973122867,
    0.973522908814,0.977314588957,0.981106269101,0.984897949244,
    0.988689629388,0.992481309531,0.996272989675,1.000064669818,
    1.003856349962,1.007648030105,1.011439710248,1.015231390392,
    1.019023070535,1.022814750679,1.026606430822,1.030398110966,
    1.034189791109,1.037981471253,1.041773151396,1.04556483154,
    1.049356511683,1.053148191826,1.05693987197,1.060731552113,
    1.064523232257,1.0683149124,1.072106592544,1.075898272687,
    1.079689952831,1.083481632974,1.087273313118,1.091064993261,
    1.094856673405,1.098648353548,1.102440033691,1.106231713835,
    1.110023393978,1.113815074122,1.117606754265,1.121398434409,
    1.125190114552,1.128981794696,1.132773474839,1.136565154983,
    1.140356835126,1.144148515269,1.147940195413,1.151731875556,
    1.1555235557,1.159315235843,1.163106915987,1.16689859613,
    1.170690276274,1.174481956417,1.178273636561,1.182065316704,
    1.185856996847,1.189648676991,1.193440357134,1.197232037278,
    1.201023717421,1.204815397565,1.208607077708,1.212398757852,
    1.216190437995,1.219982118139,1.223773798282,1.227565478425,
    1.231357158569,1.235148838712,1.238940518856,1.242732198999,
    1.246523879143,1.250315559286),.UNSPECIFIED.);
#7565 = CARTESIAN_POINT('',(2.539901134549,39.000000000375));
#7566 = CARTESIAN_POINT('',(2.53990111389,39.211474223331));
#7567 = CARTESIAN_POINT('',(2.540003506465,39.634382918888));
#7568 = CARTESIAN_POINT('',(2.540463828434,40.268386034162));
#7569 = CARTESIAN_POINT('',(2.541230412447,40.901789099503));
#7570 = CARTESIAN_POINT('',(2.542302446172,41.534350050097));
#7571 = CARTESIAN_POINT('',(2.543678892272,42.165825128633));
#7572 = CARTESIAN_POINT('',(2.545358456003,42.795968401526));
#7573 = CARTESIAN_POINT('',(2.547339592659,43.4245314686));
#7574 = CARTESIAN_POINT('',(2.549620504432,44.051263138352));
#7575 = CARTESIAN_POINT('',(2.552199139732,44.675909052542));
#7576 = CARTESIAN_POINT('',(2.555073193077,45.298211553052));
#7577 = CARTESIAN_POINT('',(2.558240099852,45.917908635583));
#7578 = CARTESIAN_POINT('',(2.561697050441,46.534736318806));
#7579 = CARTESIAN_POINT('',(2.565440931122,47.148418270122));
#7580 = CARTESIAN_POINT('',(2.569468544084,47.758704059783));
#7581 = CARTESIAN_POINT('',(2.573777440381,48.365468594581));
#7582 = CARTESIAN_POINT('',(2.57836510224,48.968564988038));
#7583 = CARTESIAN_POINT('',(2.583229055238,49.567845270603));
#7584 = CARTESIAN_POINT('',(2.588366840181,50.16315455965));
#7585 = CARTESIAN_POINT('',(2.593776022987,50.754332359403));
#7586 = CARTESIAN_POINT('',(2.599454193655,51.341211881364));
#7587 = CARTESIAN_POINT('',(2.605398971629,51.923620152747));
#7588 = CARTESIAN_POINT('',(2.61160799713,52.501376952419));
#7589 = CARTESIAN_POINT('',(2.618078972718,53.074297648735));
#7590 = CARTESIAN_POINT('',(2.624809518434,53.642181602344));
#7591 = CARTESIAN_POINT('',(2.63179772266,54.204854407155));
#7592 = CARTESIAN_POINT('',(2.639040089063,54.762008607409));
#7593 = CARTESIAN_POINT('',(2.646535106877,55.313488681192));
#7594 = CARTESIAN_POINT('',(2.654282766119,55.859219641092));
#7595 = CARTESIAN_POINT('',(2.662282951069,56.39908340815));
#7596 = CARTESIAN_POINT('',(2.670535856848,56.932951013867));
#7597 = CARTESIAN_POINT('',(2.679041863975,57.460673027201));
#7598 = CARTESIAN_POINT('',(2.687801558278,57.982081153094));
#7599 = CARTESIAN_POINT('',(2.696815712008,58.496986814512));
#7600 = CARTESIAN_POINT('',(2.706085275539,59.005180518677));
#7601 = CARTESIAN_POINT('',(2.715611366458,59.506430987908));
#7602 = CARTESIAN_POINT('',(2.725395259629,60.000484327808));
#7603 = CARTESIAN_POINT('',(2.735438377236,60.487063156571));
#7604 = CARTESIAN_POINT('',(2.745742279354,60.965865722685));
#7605 = CARTESIAN_POINT('',(2.756308654026,61.436564973302));
#7606 = CARTESIAN_POINT('',(2.767139310504,61.898807691939));
#7607 = CARTESIAN_POINT('',(2.778236162142,62.352213263812));
#7608 = CARTESIAN_POINT('',(2.78960124953,62.796373711987));
#7609 = CARTESIAN_POINT('',(2.801236615037,63.230848868408));
#7610 = CARTESIAN_POINT('',(2.813144733649,63.655179575527));
#7611 = CARTESIAN_POINT('',(2.825326869447,64.068833466716));
#7612 = CARTESIAN_POINT('',(2.837789636157,64.471417509482));
#7613 = CARTESIAN_POINT('',(2.850535338464,64.86234296771));
#7614 = CARTESIAN_POINT('',(2.863564688451,65.240943903479));
#7615 = CARTESIAN_POINT('',(2.876878714261,65.606536521937));
#7616 = CARTESIAN_POINT('',(2.890478299543,65.958403768392));
#7617 = CARTESIAN_POINT('',(2.904364225586,66.295796471856));
#7618 = CARTESIAN_POINT('',(2.918537573593,66.617943050433));
#7619 = CARTESIAN_POINT('',(2.932998828526,66.9240222958));
#7620 = CARTESIAN_POINT('',(2.947739420423,67.213011834619));
#7621 = CARTESIAN_POINT('',(2.962751721046,67.483933792271));
#7622 = CARTESIAN_POINT('',(2.978028409991,67.735827478023));
#7623 = CARTESIAN_POINT('',(2.993559578618,67.9677136209));
#7624 = CARTESIAN_POINT('',(3.009344970375,68.17875912058));
#7625 = CARTESIAN_POINT('',(3.025370393145,68.367930977077));
#7626 = CARTESIAN_POINT('',(3.041604702968,68.534096561859));
#7627 = CARTESIAN_POINT('',(3.058021317681,68.676321144612));
#7628 = CARTESIAN_POINT('',(3.074592594138,68.79378785213));
#7629 = CARTESIAN_POINT('',(3.091291124051,68.885817667757));
#7630 = CARTESIAN_POINT('',(3.108090079838,68.951862852487));
#7631 = CARTESIAN_POINT('',(3.124960415875,68.991508054333));
#7632 = CARTESIAN_POINT('',(3.141881576881,69.00446865854));
#7633 = CARTESIAN_POINT('',(3.158801273455,68.990593902449));
#7634 = CARTESIAN_POINT('',(3.175669927784,68.950042121671));
#7635 = CARTESIAN_POINT('',(3.192466210602,68.883100956504));
#7636 = CARTESIAN_POINT('',(3.209161226524,68.790190364417));
#7637 = CARTESIAN_POINT('',(3.225728046221,68.671862695024));
#7638 = CARTESIAN_POINT('',(3.242139235306,68.528801817945));
#7639 = CARTESIAN_POINT('',(3.258367066113,68.361830396162));
#7640 = CARTESIAN_POINT('',(3.274385022621,68.171886943869));
#7641 = CARTESIAN_POINT('',(3.290161476047,67.960117020147));
#7642 = CARTESIAN_POINT('',(3.305684428516,67.727525121253));
#7643 = CARTESIAN_POINT('',(3.320952427485,67.474959648521));
#7644 = CARTESIAN_POINT('',(3.335955844795,67.203396897036));
#7645 = CARTESIAN_POINT('',(3.350687259299,66.913799464982));
#7646 = CARTESIAN_POINT('',(3.365138990333,66.607147246862));
#7647 = CARTESIAN_POINT('',(3.379302603357,66.284460690544));
#7648 = CARTESIAN_POINT('',(3.393178954248,65.946551556973));
#7649 = CARTESIAN_POINT('',(3.406768973789,65.594193635635));
#7650 = CARTESIAN_POINT('',(3.420073470052,65.228134508862));
#7651 = CARTESIAN_POINT('',(3.433093320969,64.849090285528));
#7652 = CARTESIAN_POINT('',(3.445829508105,64.457745317555));
#7653 = CARTESIAN_POINT('',(3.45828289915,64.054759731053));
#7654 = CARTESIAN_POINT('',(3.470455192653,63.640740717584));
#7655 = CARTESIAN_POINT('',(3.482350855347,63.216161654942));
#7656 = CARTESIAN_POINT('',(3.493972185487,62.781529228342));
#7657 = CARTESIAN_POINT('',(3.505321938705,62.337298765175));
#7658 = CARTESIAN_POINT('',(3.516402674731,61.883895754432));
#7659 = CARTESIAN_POINT('',(3.527216966053,61.421709474972));
#7660 = CARTESIAN_POINT('',(3.537767193513,60.951100927464));
#7661 = CARTESIAN_POINT('',(3.548055593412,60.472402285853));
#7662 = CARTESIAN_POINT('',(3.558084098323,59.985925619791));
#7663 = CARTESIAN_POINT('',(3.56785469897,59.491946103303));
#7664 = CARTESIAN_POINT('',(3.577369759562,58.990682370754));
#7665 = CARTESIAN_POINT('',(3.586629789531,58.4824160467));
#7666 = CARTESIAN_POINT('',(3.595635514688,57.967391412106));
#7667 = CARTESIAN_POINT('',(3.60438739563,57.445839442491));
#7668 = CARTESIAN_POINT('',(3.612885752282,56.917972321264));
#7669 = CARTESIAN_POINT('',(3.621130724288,56.38398595759));
#7670 = CARTESIAN_POINT('',(3.629122279144,55.844060010919));
#7671 = CARTESIAN_POINT('',(3.636860190872,55.298359884239));
#7672 = CARTESIAN_POINT('',(3.644344086247,54.747033335655));
#7673 = CARTESIAN_POINT('',(3.651573247839,54.190226647878));
#7674 = CARTESIAN_POINT('',(3.658547319883,53.628027947599));
#7675 = CARTESIAN_POINT('',(3.665264580384,53.060605551251));
#7676 = CARTESIAN_POINT('',(3.671722654651,52.48816982078));
#7677 = CARTESIAN_POINT('',(3.67791929702,51.910910644691));
#7678 = CARTESIAN_POINT('',(3.683852184278,51.329014457307));
#7679 = CARTESIAN_POINT('',(3.689518973747,50.742659956041));
#7680 = CARTESIAN_POINT('',(3.694917290435,50.152019517951));
#7681 = CARTESIAN_POINT('',(3.700044732946,49.557259121154));
#7682 = CARTESIAN_POINT('',(3.704898874872,48.95853854755));
#7683 = CARTESIAN_POINT('',(3.709477264956,48.356011955399));
#7684 = CARTESIAN_POINT('',(3.713777436071,47.749826691246));
#7685 = CARTESIAN_POINT('',(3.717796879433,47.140128774569));
#7686 = CARTESIAN_POINT('',(3.721533148242,46.527043452152));
#7687 = CARTESIAN_POINT('',(3.724983042091,45.910822736915));
#7688 = CARTESIAN_POINT('',(3.728143463775,45.291741465064));
#7689 = CARTESIAN_POINT('',(3.731011614089,44.670062914003));
#7690 = CARTESIAN_POINT('',(3.733584939108,44.046048198301));
#7691 = CARTESIAN_POINT('',(3.735861142622,43.419954160651));
#7692 = CARTESIAN_POINT('',(3.737838181355,42.792034346425));
#7693 = CARTESIAN_POINT('',(3.739514264748,42.162539153997));
#7694 = CARTESIAN_POINT('',(3.740887854306,41.531716203513));
#7695 = CARTESIAN_POINT('',(3.741957660476,40.899810661263));
#7696 = CARTESIAN_POINT('',(3.742722650054,40.267065528235));
#7697 = CARTESIAN_POINT('',(3.743182013924,39.63372212152));
#7698 = CARTESIAN_POINT('',(3.743284193205,39.211253923946));
#7699 = CARTESIAN_POINT('',(3.74328417263,38.999999999609));
#7700 = ( GEOMETRIC_REPRESENTATION_CONTEXT(2) 
PARAMETRIC_REPRESENTATION_CONTEXT() REPRESENTATION_CONTEXT('2D SPACE',''
  ) );
#7701 = PCURVE('',#7702,#7707);
#7702 = CYLINDRICAL_SURFACE('',#7703,30.);
#7703 = AXIS2_PLACEMENT_3D('',#7704,#7705,#7706);
#7704 = CARTESIAN_POINT('',(-110.,0.,1.01278E+03));
#7705 = DIRECTION('',(1.,0.,0.));
#7706 = DIRECTION('',(0.,0.,1.));
#7707 = DEFINITIONAL_REPRESENTATION('',(#7708),#7844);
#7708 = B_SPLINE_CURVE_WITH_KNOTS('',3,(#7709,#7710,#7711,#7712,#7713,
    #7714,#7715,#7716,#7717,#7718,#7719,#7720,#7721,#7722,#7723,#7724,
    #7725,#7726,#7727,#7728,#7729,#7730,#7731,#7732,#7733,#7734,#7735,
    #7736,#7737,#7738,#7739,#7740,#7741,#7742,#7743,#7744,#7745,#7746,
    #7747,#7748,#7749,#7750,#7751,#7752,#7753,#7754,#7755,#7756,#7757,
    #7758,#7759,#7760,#7761,#7762,#7763,#7764,#7765,#7766,#7767,#7768,
    #7769,#7770,#7771,#7772,#7773,#7774,#7775,#7776,#7777,#7778,#7779,
    #7780,#7781,#7782,#7783,#7784,#7785,#7786,#7787,#7788,#7789,#7790,
    #7791,#7792,#7793,#7794,#7795,#7796,#7797,#7798,#7799,#7800,#7801,
    #7802,#7803,#7804,#7805,#7806,#7807,#7808,#7809,#7810,#7811,#7812,
    #7813,#7814,#7815,#7816,#7817,#7818,#7819,#7820,#7821,#7822,#7823,
    #7824,#7825,#7826,#7827,#7828,#7829,#7830,#7831,#7832,#7833,#7834,
    #7835,#7836,#7837,#7838,#7839,#7840,#7841,#7842,#7843),
  .UNSPECIFIED.,.F.,.F.,(4,1,1,1,1,1,1,1,1,1,1,1,1,1,1,1,1,1,1,1,1,1,1,1
    ,1,1,1,1,1,1,1,1,1,1,1,1,1,1,1,1,1,1,1,1,1,1,1,1,1,1,1,1,1,1,1,1,1,1
    ,1,1,1,1,1,1,1,1,1,1,1,1,1,1,1,1,1,1,1,1,1,1,1,1,1,1,1,1,1,1,1,1,1,1
    ,1,1,1,1,1,1,1,1,1,1,1,1,1,1,1,1,1,1,1,1,1,1,1,1,1,1,1,1,1,1,1,1,1,1
    ,1,1,1,1,1,1,4),(0.74981378035,0.753605460493,0.757397140637,
    0.76118882078,0.764980500924,0.768772181067,0.772563861211,
    0.776355541354,0.780147221498,0.783938901641,0.787730581785,
    0.791522261928,0.795313942071,0.799105622215,0.802897302358,
    0.806688982502,0.810480662645,0.814272342789,0.818064022932,
    0.821855703076,0.825647383219,0.829439063363,0.833230743506,
    0.837022423649,0.840814103793,0.844605783936,0.84839746408,
    0.852189144223,0.855980824367,0.85977250451,0.863564184654,
    0.867355864797,0.871147544941,0.874939225084,0.878730905228,
    0.882522585371,0.886314265514,0.890105945658,0.893897625801,
    0.897689305945,0.901480986088,0.905272666232,0.909064346375,
    0.912856026519,0.916647706662,0.920439386806,0.924231066949,
    0.928022747092,0.931814427236,0.935606107379,0.939397787523,
    0.943189467666,0.94698114781,0.950772827953,0.954564508097,
    0.95835618824,0.962147868384,0.965939548527,0.96973122867,
    0.973522908814,0.977314588957,0.981106269101,0.984897949244,
    0.988689629388,0.992481309531,0.996272989675,1.000064669818,
    1.003856349962,1.007648030105,1.011439710248,1.015231390392,
    1.019023070535,1.022814750679,1.026606430822,1.030398110966,
    1.034189791109,1.037981471253,1.041773151396,1.04556483154,
    1.049356511683,1.053148191826,1.05693987197,1.060731552113,
    1.064523232257,1.0683149124,1.072106592544,1.075898272687,
    1.079689952831,1.083481632974,1.087273313118,1.091064993261,
    1.094856673405,1.098648353548,1.102440033691,1.106231713835,
    1.110023393978,1.113815074122,1.117606754265,1.121398434409,
    1.125190114552,1.128981794696,1.132773474839,1.136565154983,
    1.140356835126,1.144148515269,1.147940195413,1.151731875556,
    1.1555235557,1.159315235843,1.163106915987,1.16689859613,
    1.170690276274,1.174481956417,1.178273636561,1.182065316704,
    1.185856996847,1.189648676991,1.193440357134,1.197232037278,
    1.201023717421,1.204815397565,1.208607077708,1.212398757852,
    1.216190437995,1.219982118139,1.223773798282,1.227565478425,
    1.231357158569,1.235148838712,1.238940518856,1.242732198999,
    1.246523879143,1.250315559286),.UNSPECIFIED.);
#7709 = CARTESIAN_POINT('',(-1.570796326783,66.3078954501));
#7710 = CARTESIAN_POINT('',(-1.563747186688,66.307897095048));
#7711 = CARTESIAN_POINT('',(-1.549650228909,66.3048234741));
#7712 = CARTESIAN_POINT('',(-1.528507338565,66.291019051171));
#7713 = CARTESIAN_POINT('',(-1.507365552419,66.268049644306));
#7714 = CARTESIAN_POINT('',(-1.486223502602,66.235971328167));
#7715 = CARTESIAN_POINT('',(-1.465079881815,66.194857821201));
#7716 = CARTESIAN_POINT('',(-1.44393345941,66.144802862771));
#7717 = CARTESIAN_POINT('',(-1.422783090371,66.085919380014));
#7718 = CARTESIAN_POINT('',(-1.401627726551,66.018339463021));
#7719 = CARTESIAN_POINT('',(-1.38046643045,65.942214084633));
#7720 = CARTESIAN_POINT('',(-1.359298381729,65.857712801075));
#7721 = CARTESIAN_POINT('',(-1.338122916197,65.765023552307));
#7722 = CARTESIAN_POINT('',(-1.316939448739,65.664351850273));
#7723 = CARTESIAN_POINT('',(-1.295747835278,65.555922083502));
#7724 = CARTESIAN_POINT('',(-1.274547065628,65.439970539058));
#7725 = CARTESIAN_POINT('',(-1.253331738662,65.316721532786));
#7726 = CARTESIAN_POINT('',(-1.23209709775,65.186410904955));
#7727 = CARTESIAN_POINT('',(-1.210838307544,65.049282570673));
#7728 = CARTESIAN_POINT('',(-1.189550638782,64.905589207106));
#7729 = CARTESIAN_POINT('',(-1.16822940946,64.755591826087));
#7730 = CARTESIAN_POINT('',(-1.14686999432,64.599559668386));
#7731 = CARTESIAN_POINT('',(-1.125467806353,64.437769925923));
#7732 = CARTESIAN_POINT('',(-1.104018323412,64.270507830551));
#7733 = CARTESIAN_POINT('',(-1.082516963639,64.098065448637));
#7734 = CARTESIAN_POINT('',(-1.060959521612,63.920745285862));
#7735 = CARTESIAN_POINT('',(-1.03934051368,63.738845945333));
#7736 = CARTESIAN_POINT('',(-1.01765934989,63.552714961966));
#7737 = CARTESIAN_POINT('',(-0.995909354072,63.36265590461));
#7738 = CARTESIAN_POINT('',(-0.974080140809,63.168944034544));
#7739 = CARTESIAN_POINT('',(-0.952162383361,62.971868236292));
#7740 = CARTESIAN_POINT('',(-0.930146523156,62.77172080433));
#7741 = CARTESIAN_POINT('',(-0.908023102861,62.568801220465));
#7742 = CARTESIAN_POINT('',(-0.885782664541,62.363416197642));
#7743 = CARTESIAN_POINT('',(-0.863415764365,62.155880735907));
#7744 = CARTESIAN_POINT('',(-0.840912955977,61.946518915403));
#7745 = CARTESIAN_POINT('',(-0.818264782022,61.735664764663));
#7746 = CARTESIAN_POINT('',(-0.795461763059,61.5236631098));
#7747 = CARTESIAN_POINT('',(-0.77249438673,61.310870427464));
#7748 = CARTESIAN_POINT('',(-0.749353095732,61.097655688015));
#7749 = CARTESIAN_POINT('',(-0.72602827661,60.884401203751));
#7750 = CARTESIAN_POINT('',(-0.702510241877,60.671503419931));
#7751 = CARTESIAN_POINT('',(-0.6787892324,60.459373866296));
#7752 = CARTESIAN_POINT('',(-0.654855338669,60.248439444107));
#7753 = CARTESIAN_POINT('',(-0.630698718413,60.039145114394));
#7754 = CARTESIAN_POINT('',(-0.606308700819,59.831947533175));
#7755 = CARTESIAN_POINT('',(-0.581677037518,59.627342368444));
#7756 = CARTESIAN_POINT('',(-0.556784742019,59.425758203513));
#7757 = CARTESIAN_POINT('',(-0.531621653826,59.227721843131));
#7758 = CARTESIAN_POINT('',(-0.506180497543,59.033803237843));
#7759 = CARTESIAN_POINT('',(-0.480453070086,58.844584979784));
#7760 = CARTESIAN_POINT('',(-0.45443112447,58.660669577667));
#7761 = CARTESIAN_POINT('',(-0.428106242977,58.482678412298));
#7762 = CARTESIAN_POINT('',(-0.40146902931,58.311246190802));
#7763 = CARTESIAN_POINT('',(-0.374510809278,58.147034207785));
#7764 = CARTESIAN_POINT('',(-0.347239088342,57.990812401363));
#7765 = CARTESIAN_POINT('',(-0.319658613531,57.843327399363));
#7766 = CARTESIAN_POINT('',(-0.291772703033,57.705314147528));
#7767 = CARTESIAN_POINT('',(-0.263588464387,57.577513607969));
#7768 = CARTESIAN_POINT('',(-0.235094713701,57.460579029164));
#7769 = CARTESIAN_POINT('',(-0.206304714089,57.355264936148));
#7770 = CARTESIAN_POINT('',(-0.177260871079,57.26237175309));
#7771 = CARTESIAN_POINT('',(-0.147996050766,57.18257666492));
#7772 = CARTESIAN_POINT('',(-0.118543940246,57.116474035781));
#7773 = CARTESIAN_POINT('',(-8.893687904159E-02,57.064560999777));
#7774 = CARTESIAN_POINT('',(-5.920543809859E-02,57.027238318148));
#7775 = CARTESIAN_POINT('',(-2.938352296159E-02,57.004807527886));
#7776 = CARTESIAN_POINT('',(5.103794824137E-04,56.997470187636));
#7777 = CARTESIAN_POINT('',(3.040200484741E-02,57.005324971982));
#7778 = CARTESIAN_POINT('',(6.022187306141E-02,57.028267981083));
#7779 = CARTESIAN_POINT('',(8.995011921141E-02,57.066095033514));
#7780 = CARTESIAN_POINT('',(0.119553087447,57.118501120098));
#7781 = CARTESIAN_POINT('',(0.149000005408,57.185082070478));
#7782 = CARTESIAN_POINT('',(0.178258459844,57.265337287812));
#7783 = CARTESIAN_POINT('',(0.207294577214,57.358668534352));
#7784 = CARTESIAN_POINT('',(0.236075570927,57.464395981418));
#7785 = CARTESIAN_POINT('',(0.26455810241,57.581711687001));
#7786 = CARTESIAN_POINT('',(0.292732837639,57.70987658432));
#7787 = CARTESIAN_POINT('',(0.320608780254,57.848228639403));
#7788 = CARTESIAN_POINT('',(0.348179298822,57.996028341963));
#7789 = CARTESIAN_POINT('',(0.375440863688,58.152539570529));
#7790 = CARTESIAN_POINT('',(0.402388597031,58.317014572697));
#7791 = CARTESIAN_POINT('',(0.429015210347,58.488684508116));
#7792 = CARTESIAN_POINT('',(0.455330058929,58.66689309564));
#7793 = CARTESIAN_POINT('',(0.48134224432,58.851004465916));
#7794 = CARTESIAN_POINT('',(0.507060221787,59.040398123577));
#7795 = CARTESIAN_POINT('',(0.532492217535,59.23447210809));
#7796 = CARTESIAN_POINT('',(0.557646331599,59.432643648144));
#7797 = CARTESIAN_POINT('',(0.58253013874,59.634345846438));
#7798 = CARTESIAN_POINT('',(0.607152584649,59.839042749386));
#7799 = CARTESIAN_POINT('',(0.631528177842,60.046267270562));
#7800 = CARTESIAN_POINT('',(0.65566707628,60.255538299017));
#7801 = CARTESIAN_POINT('',(0.679580384251,60.466402668492));
#7802 = CARTESIAN_POINT('',(0.703278895461,60.678424020248));
#7803 = CARTESIAN_POINT('',(0.726773556617,60.891185539801));
#7804 = CARTESIAN_POINT('',(0.750075088504,61.104285816888));
#7805 = CARTESIAN_POINT('',(0.773194114816,61.31733859349));
#7806 = CARTESIAN_POINT('',(0.796140830836,61.529968228481));
#7807 = CARTESIAN_POINT('',(0.818925855896,61.74181735538));
#7808 = CARTESIAN_POINT('',(0.841561107408,61.952553118782));
#7809 = CARTESIAN_POINT('',(0.864054498682,62.161817071961));
#7810 = CARTESIAN_POINT('',(0.886414712714,62.369268423274));
#7811 = CARTESIAN_POINT('',(0.908650120152,62.574573324765));
#7812 = CARTESIAN_POINT('',(0.930769086212,62.777406985382));
#7813 = CARTESIAN_POINT('',(0.95277989995,62.977452317697));
#7814 = CARTESIAN_POINT('',(0.974690816403,63.174399626005));
#7815 = CARTESIAN_POINT('',(0.996510016978,63.367945595392));
#7816 = CARTESIAN_POINT('',(1.018245776774,63.557794035558));
#7817 = CARTESIAN_POINT('',(1.03990587962,63.743650304647));
#7818 = CARTESIAN_POINT('',(1.061499829799,63.925239258299));
#7819 = CARTESIAN_POINT('',(1.083033558642,64.102260265891));
#7820 = CARTESIAN_POINT('',(1.104511113477,64.274403718979));
#7821 = CARTESIAN_POINT('',(1.125937072868,64.441371531725));
#7822 = CARTESIAN_POINT('',(1.147315906921,64.602871886973));
#7823 = CARTESIAN_POINT('',(1.168652155892,64.758620880227));
#7824 = CARTESIAN_POINT('',(1.189950390004,64.908342316661));
#7825 = CARTESIAN_POINT('',(1.211215227008,65.051767998115));
#7826 = CARTESIAN_POINT('',(1.232451338616,65.188637897112));
#7827 = CARTESIAN_POINT('',(1.253663444999,65.318700292789));
#7828 = CARTESIAN_POINT('',(1.274856369594,65.441712172163));
#7829 = CARTESIAN_POINT('',(1.296034866279,65.557438608154));
#7830 = CARTESIAN_POINT('',(1.317204298541,65.665655965229));
#7831 = CARTESIAN_POINT('',(1.33836559162,65.766128454015));
#7832 = CARTESIAN_POINT('',(1.359518911316,65.858632699899));
#7833 = CARTESIAN_POINT('',(1.380664836846,65.942963992474));
#7834 = CARTESIAN_POINT('',(1.40180403287,66.018935161726));
#7835 = CARTESIAN_POINT('',(1.422937317575,66.086377338501));
#7836 = CARTESIAN_POINT('',(1.444065626195,66.145140165339));
#7837 = CARTESIAN_POINT('',(1.465190003924,66.195092090669));
#7838 = CARTESIAN_POINT('',(1.486311592373,66.236120648271));
#7839 = CARTESIAN_POINT('',(1.507431618349,66.268132481365));
#7840 = CARTESIAN_POINT('',(1.528551384937,66.291054172061));
#7841 = CARTESIAN_POINT('',(1.54967225549,66.304829873768));
#7842 = CARTESIAN_POINT('',(1.563754529997,66.30789708827));
#7843 = CARTESIAN_POINT('',(1.570796326808,66.3078954501));
#7844 = ( GEOMETRIC_REPRESENTATION_CONTEXT(2) 
PARAMETRIC_REPRESENTATION_CONTEXT() REPRESENTATION_CONTEXT('2D SPACE',''
  ) );
#7845 = ORIENTED_EDGE('',*,*,#7846,.T.);
#7846 = EDGE_CURVE('',#7472,#7470,#7847,.T.);
#7847 = SURFACE_CURVE('',#7848,(#8031,#8217),.PCURVE_S1.);
#7848 = B_SPLINE_CURVE_WITH_KNOTS('',7,(#7849,#7850,#7851,#7852,#7853,
    #7854,#7855,#7856,#7857,#7858,#7859,#7860,#7861,#7862,#7863,#7864,
    #7865,#7866,#7867,#7868,#7869,#7870,#7871,#7872,#7873,#7874,#7875,
    #7876,#7877,#7878,#7879,#7880,#7881,#7882,#7883,#7884,#7885,#7886,
    #7887,#7888,#7889,#7890,#7891,#7892,#7893,#7894,#7895,#7896,#7897,
    #7898,#7899,#7900,#7901,#7902,#7903,#7904,#7905,#7906,#7907,#7908,
    #7909,#7910,#7911,#7912,#7913,#7914,#7915,#7916,#7917,#7918,#7919,
    #7920,#7921,#7922,#7923,#7924,#7925,#7926,#7927,#7928,#7929,#7930,
    #7931,#7932,#7933,#7934,#7935,#7936,#7937,#7938,#7939,#7940,#7941,
    #7942,#7943,#7944,#7945,#7946,#7947,#7948,#7949,#7950,#7951,#7952,
    #7953,#7954,#7955,#7956,#7957,#7958,#7959,#7960,#7961,#7962,#7963,
    #7964,#7965,#7966,#7967,#7968,#7969,#7970,#7971,#7972,#7973,#7974,
    #7975,#7976,#7977,#7978,#7979,#7980,#7981,#7982,#7983,#7984,#7985,
    #7986,#7987,#7988,#7989,#7990,#7991,#7992,#7993,#7994,#7995,#7996,
    #7997,#7998,#7999,#8000,#8001,#8002,#8003,#8004,#8005,#8006,#8007,
    #8008,#8009,#8010,#8011,#8012,#8013,#8014,#8015,#8016,#8017,#8018,
    #8019,#8020,#8021,#8022,#8023,#8024,#8025,#8026,#8027,#8028,#8029,
    #8030),.UNSPECIFIED.,.T.,.F.,(1,7,6,6,6,6,6,6,6,6,6,6,6,6,6,6,6,6,6,
    6,6,6,6,6,6,6,6,6,6,6,6,7,1),(-3.3718473383E-02,0.,
    3.356617520966E-02,5.431838495472E-02,8.00858554245E-02,
    9.974478047667E-02,0.114643601147,0.155246003371,0.201143264803,
    0.249789380498,0.298453152175,0.34433829059,0.419535767124,
    0.445242523864,0.466027359778,0.477219802409,0.499734591819,
    0.522219555413,0.533360822239,0.554135082554,0.579929932642,
    0.599609746583,0.614524398222,0.655169944266,0.701115974972,
    0.74981378035,0.798529260472,0.844463154846,0.919740533608,
    0.945474605456,0.966281526617,1.,1.03356617521),.UNSPECIFIED.);
#7849 = CARTESIAN_POINT('',(-53.,7.105427357601E-15,1.04278E+03));
#7850 = CARTESIAN_POINT('',(-53.,-1.136871914826,1.04278E+03));
#7851 = CARTESIAN_POINT('',(-52.97154915574,-2.271901239992,
    1.042729736841E+03));
#7852 = CARTESIAN_POINT('',(-52.9148138626,-3.399416926339,
    1.04262950449E+03));
#7853 = CARTESIAN_POINT('',(-52.83071420639,-4.513779742819,
    1.042480567876E+03));
#7854 = CARTESIAN_POINT('',(-52.72091498279,-5.609439877196,
    1.042285158772E+03));
#7855 = CARTESIAN_POINT('',(-52.58777583908,-6.680992687077,
    1.042046494563E+03));
#7856 = CARTESIAN_POINT('',(-52.3393500605,-8.367595003884,
    1.041597148158E+03));
#7857 = CARTESIAN_POINT('',(-52.23656864438,-9.001313499908,
    1.041410416099E+03));
#7858 = CARTESIAN_POINT('',(-52.12646735987,-9.623970052571,
    1.04120935421E+03));
#7859 = CARTESIAN_POINT('',(-52.00961520604,-10.23517402641,
    1.040994707054E+03));
#7860 = CARTESIAN_POINT('',(-51.88659539242,-10.83456211074,
    1.040767235102E+03));
#7861 = CARTESIAN_POINT('',(-51.75800162042,-11.42179824305,
    1.040527716586E+03));
#7862 = CARTESIAN_POINT('',(-51.45858743284,-12.71025682108,
    1.039965578296E+03));
#7863 = CARTESIAN_POINT('',(-51.28504098852,-13.40486478624,
    1.039636805467E+03));
#7864 = CARTESIAN_POINT('',(-51.10478430922,-14.08045862222,
    1.039291854425E+03));
#7865 = CARTESIAN_POINT('',(-50.91876307978,-14.737137016,
    1.038931868989E+03));
#7866 = CARTESIAN_POINT('',(-50.72787700616,-15.37503579227,
    1.038557914324E+03));
#7867 = CARTESIAN_POINT('',(-50.5329774292,-15.99432755843,
    1.038170978037E+03));
#7868 = CARTESIAN_POINT('',(-50.1837178315,-17.05366471991,
    1.037467554747E+03));
#7869 = CARTESIAN_POINT('',(-50.0306789156,-17.50146484088,
    1.037156068598E+03));
#7870 = CARTESIAN_POINT('',(-49.87608296181,-17.93876867053,
    1.036837873214E+03));
#7871 = CARTESIAN_POINT('',(-49.72024733699,-18.36572490087,
    1.036513299328E+03));
#7872 = CARTESIAN_POINT('',(-49.56347250001,-18.78248404664,
    1.036182647858E+03));
#7873 = CARTESIAN_POINT('',(-49.40604249816,-19.18919853395,
    1.035846189748E+03));
#7874 = CARTESIAN_POINT('',(-49.12862138093,-19.88676219334,
    1.035244957657E+03));
#7875 = CARTESIAN_POINT('',(-49.00879560248,-20.18181989119,
    1.034982553834E+03));
#7876 = CARTESIAN_POINT('',(-48.8888648291,-20.47126224972,
    1.034717059393E+03));
#7877 = CARTESIAN_POINT('',(-48.7689421703,-20.75515331518,
    1.034448572479E+03));
#7878 = CARTESIAN_POINT('',(-48.64913714422,-21.03355481281,
    1.034177184317E+03));
#7879 = CARTESIAN_POINT('',(-48.52955567766,-21.30652614682,
    1.03390297921E+03));
#7880 = CARTESIAN_POINT('',(-48.0853037326,-22.30338560604,
    1.032871302422E+03));
#7881 = CARTESIAN_POINT('',(-47.76266067227,-22.99289564705,
    1.032096066839E+03));
#7882 = CARTESIAN_POINT('',(-47.44451739574,-23.64362810653,
    1.031302042168E+03));
#7883 = CARTESIAN_POINT('',(-47.13285119892,-24.25647417235,
    1.03049062211E+03));
#7884 = CARTESIAN_POINT('',(-46.82950419222,-24.83221619999,
    1.029662923077E+03));
#7885 = CARTESIAN_POINT('',(-46.53621728991,-25.37150127544,
    1.028819827568E+03));
#7886 = CARTESIAN_POINT('',(-45.93639446434,-26.44376415401,
    1.026992363923E+03));
#7887 = CARTESIAN_POINT('',(-45.6330523471,-26.96686643424,
    1.026003709519E+03));
#7888 = CARTESIAN_POINT('',(-45.3473289675,-27.44431325913,
    1.024997858214E+03));
#7889 = CARTESIAN_POINT('',(-45.08173859711,-27.87625510229,
    1.023976406611E+03));
#7890 = CARTESIAN_POINT('',(-44.83859922255,-28.26276828592,
    1.022940776694E+03));
#7891 = CARTESIAN_POINT('',(-44.6200131086,-28.6038219962,
    1.021892238495E+03));
#7892 = CARTESIAN_POINT('',(-44.22417252587,-29.21236193581,
    1.01970812376E+03));
#7893 = CARTESIAN_POINT('',(-44.0501725289,-29.47422573655,
    1.018571068599E+03));
#7894 = CARTESIAN_POINT('',(-43.90833088652,-29.68422928752,
    1.017423557203E+03));
#7895 = CARTESIAN_POINT('',(-43.80059002319,-29.84200140491,
    1.01626821697E+03));
#7896 = CARTESIAN_POINT('',(-43.72828380334,-29.94730839639,
    1.015107557308E+03));
#7897 = CARTESIAN_POINT('',(-43.6921045499,-30.,1.013944014946E+03));
#7898 = CARTESIAN_POINT('',(-43.6921045499,-30.,1.011615562577E+03));
#7899 = CARTESIAN_POINT('',(-43.7283100703,-29.9472701411,
    1.01045159829E+03));
#7900 = CARTESIAN_POINT('',(-43.8006687445,-29.84188675492,
    1.009290519735E+03));
#7901 = CARTESIAN_POINT('',(-43.90848726562,-29.68400029031,
    1.008134766186E+03));
#7902 = CARTESIAN_POINT('',(-44.05042987369,-29.47384472294,
    1.006986849738E+03));
#7903 = CARTESIAN_POINT('',(-44.22455140384,-29.21179173422,
    1.00584940069E+03));
#7904 = CARTESIAN_POINT('',(-44.6205409217,-28.60299897885,
    1.003665213207E+03));
#7905 = CARTESIAN_POINT('',(-44.8391202755,-28.26194153439,
    1.002616975103E+03));
#7906 = CARTESIAN_POINT('',(-45.0822370341,-27.87544777856,
    1.001581638983E+03));
#7907 = CARTESIAN_POINT('',(-45.34779017901,-27.44354847809,
    1.000560475132E+03));
#7908 = CARTESIAN_POINT('',(-45.63346306293,-26.96616765893,
    999.55490557994));
#7909 = CARTESIAN_POINT('',(-45.9367428767,-26.44315555115,
    998.56652670803));
#7910 = CARTESIAN_POINT('',(-46.77640807496,-24.94210504389,
    996.00846830381));
#7911 = CARTESIAN_POINT('',(-47.33749383092,-23.88761950663,
    994.47214782332));
#7912 = CARTESIAN_POINT('',(-47.92790870172,-22.70740076665,
    992.99080014997));
#7913 = CARTESIAN_POINT('',(-48.53674714052,-21.39565114885,
    991.56995411012));
#7914 = CARTESIAN_POINT('',(-49.1515547489,-19.94501627084,
    990.21888559952));
#7915 = CARTESIAN_POINT('',(-49.75712279618,-18.34749887145,
    988.95163897938));
#7916 = CARTESIAN_POINT('',(-50.53211042475,-15.99698071927,
    987.39076347814));
#7917 = CARTESIAN_POINT('',(-50.7263584184,-15.37988237228,
    987.00509716331));
#7918 = CARTESIAN_POINT('',(-50.91662338893,-14.74430540547,
    986.63232052314));
#7919 = CARTESIAN_POINT('',(-51.10206310706,-14.09007822373,
    986.27341034718));
#7920 = CARTESIAN_POINT('',(-51.28178758686,-13.41706544511,
    985.92942003649));
#7921 = CARTESIAN_POINT('',(-51.45486141795,-12.72516824755,
    985.60148067352));
#7922 = CARTESIAN_POINT('',(-51.75407406231,-11.43958219458,
    985.03960730269));
#7923 = CARTESIAN_POINT('',(-51.88287590107,-10.85236236751,
    984.79965667471));
#7924 = CARTESIAN_POINT('',(-52.00611054202,-10.25297286598,
    984.57174874859));
#7925 = CARTESIAN_POINT('',(-52.12318355445,-9.641748538597,
    984.35666260983));
#7926 = CARTESIAN_POINT('',(-52.23351087049,-9.019051526551,
    984.15515973915));
#7927 = CARTESIAN_POINT('',(-52.33652250656,-8.385271339272,
    983.96798586272));
#7928 = CARTESIAN_POINT('',(-52.48290033275,-7.393796476585,
    983.70319150537));
#7929 = CARTESIAN_POINT('',(-52.53184621548,-7.043721284336,
    983.61488981997));
#7930 = CARTESIAN_POINT('',(-52.57840799561,-6.690737220891,
    983.53109880126));
#7931 = CARTESIAN_POINT('',(-52.6224950672,-6.334984326435,
    983.4519419925));
#7932 = CARTESIAN_POINT('',(-52.66402215578,-5.976604813779,
    983.37753542523));
#7933 = CARTESIAN_POINT('',(-52.70290931831,-5.615743068362,
    983.30798761925));
#7934 = CARTESIAN_POINT('',(-52.81184702754,-4.521935387571,
    983.11347387385));
#7935 = CARTESIAN_POINT('',(-52.87365292546,-3.781623901082,
    983.00357397419));
#7936 = CARTESIAN_POINT('',(-52.9238148382,-3.033456912408,
    982.91466604975));
#7937 = CARTESIAN_POINT('',(-52.96180513323,-2.279309619989,
    982.84747759612));
#7938 = CARTESIAN_POINT('',(-52.98726307196,-1.521078149505,
    982.80250190698));
#7939 = CARTESIAN_POINT('',(-53.,-0.760670930902,982.78));
#7940 = CARTESIAN_POINT('',(-53.,0.759663254054,982.78));
#7941 = CARTESIAN_POINT('',(-52.98729679535,1.519063079011,
    982.80244232899));
#7942 = CARTESIAN_POINT('',(-52.96190626522,2.276295030153,
    982.84729892963));
#7943 = CARTESIAN_POINT('',(-52.92401611215,3.029458231853,
    982.91431008359));
#7944 = CARTESIAN_POINT('',(-52.87398521573,3.776664022753,
    983.00298501986));
#7945 = CARTESIAN_POINT('',(-52.81233848472,4.516044521386,
    983.11260000003));
#7946 = CARTESIAN_POINT('',(-52.70379329064,5.607334623912,
    983.30640746017));
#7947 = CARTESIAN_POINT('',(-52.665138571,5.966596301437,983.37553698487
    ));
#7948 = CARTESIAN_POINT('',(-52.62386658327,6.323401333782,
    983.44948289648));
#7949 = CARTESIAN_POINT('',(-52.58005611605,6.67760701879,983.5281382331
    ));
#7950 = CARTESIAN_POINT('',(-52.53379121224,7.029072763174,
    983.61138862907));
#7951 = CARTESIAN_POINT('',(-52.4851611691,7.37766008252,983.69911231491
    ));
#7952 = CARTESIAN_POINT('',(-52.33935006047,8.367595004087,
    983.96285184243));
#7953 = CARTESIAN_POINT('',(-52.23656864437,9.00131349992,
    984.14958390084));
#7954 = CARTESIAN_POINT('',(-52.12646735989,9.623970052411,
    984.35064578963));
#7955 = CARTESIAN_POINT('',(-52.00961520607,10.235174026275,
    984.56529294624));
#7956 = CARTESIAN_POINT('',(-51.88659539242,10.834562110789,
    984.79276489841));
#7957 = CARTESIAN_POINT('',(-51.75800162038,11.421798243256,
    985.03228341411));
#7958 = CARTESIAN_POINT('',(-51.45858743284,12.710256821053,
    985.59442170356));
#7959 = CARTESIAN_POINT('',(-51.28504098852,13.404864786238,
    985.92319453305));
#7960 = CARTESIAN_POINT('',(-51.10478430922,14.08045862225,
    986.26814557465));
#7961 = CARTESIAN_POINT('',(-50.91876307977,14.737137016034,
    986.62813101087));
#7962 = CARTESIAN_POINT('',(-50.72787700616,15.375035792275,
    987.00208567638));
#7963 = CARTESIAN_POINT('',(-50.53297742921,15.99432755841,
    987.38902196258));
#7964 = CARTESIAN_POINT('',(-50.1837178315,17.053664719915,
    988.09244525334));
#7965 = CARTESIAN_POINT('',(-50.03067891559,17.501464840891,
    988.40393140225));
#7966 = CARTESIAN_POINT('',(-49.87608296181,17.938768670537,
    988.72212678598));
#7967 = CARTESIAN_POINT('',(-49.72024733699,18.365724900878,
    989.04670067211));
#7968 = CARTESIAN_POINT('',(-49.56347250001,18.782484046649,
    989.37735214162));
#7969 = CARTESIAN_POINT('',(-49.40604249816,19.189198533952,
    989.71381025191));
#7970 = CARTESIAN_POINT('',(-49.12862138093,19.886762193352,
    990.31504234332));
#7971 = CARTESIAN_POINT('',(-49.00879560248,20.181819891197,
    990.57744616645));
#7972 = CARTESIAN_POINT('',(-48.8888648291,20.471262249724,
    990.8429406067));
#7973 = CARTESIAN_POINT('',(-48.7689421703,20.755153315189,
    991.11142752051));
#7974 = CARTESIAN_POINT('',(-48.64913714422,21.033554812821,
    991.38281568332));
#7975 = CARTESIAN_POINT('',(-48.52955567766,21.306526146825,
    991.65702078952));
#7976 = CARTESIAN_POINT('',(-48.08530372364,22.303385626154,
    992.68869759921));
#7977 = CARTESIAN_POINT('',(-47.76266068068,22.992895630321,
    993.4639331384));
#7978 = CARTESIAN_POINT('',(-47.44451740289,23.643628090652,
    994.25795781573));
#7979 = CARTESIAN_POINT('',(-47.13285119249,24.256474183964,
    995.06937790951));
#7980 = CARTESIAN_POINT('',(-46.82950418364,24.83221621766,
    995.89707694492));
#7981 = CARTESIAN_POINT('',(-46.53621729784,25.371501261275,
    996.74017240817));
#7982 = CARTESIAN_POINT('',(-45.93639446108,26.443764159844,
    998.56763608666));
#7983 = CARTESIAN_POINT('',(-45.63305234971,26.966866429893,
    999.55629047013));
#7984 = CARTESIAN_POINT('',(-45.34732897014,27.444313254448,
    1.000562141777E+03));
#7985 = CARTESIAN_POINT('',(-45.08173859546,27.876255104868,
    1.001583593397E+03));
#7986 = CARTESIAN_POINT('',(-44.83859921968,28.26276829081,
    1.002619223317E+03));
#7987 = CARTESIAN_POINT('',(-44.62001311039,28.60382199345,
    1.003667761495E+03));
#7988 = CARTESIAN_POINT('',(-44.22417252586,29.212361935817,
    1.00585187624E+03));
#7989 = CARTESIAN_POINT('',(-44.0501725289,29.474225736556,
    1.006988931401E+03));
#7990 = CARTESIAN_POINT('',(-43.90833088652,29.68422928753,
    1.008136442797E+03));
#7991 = CARTESIAN_POINT('',(-43.80059002319,29.842001404916,
    1.00929178303E+03));
#7992 = CARTESIAN_POINT('',(-43.72828380334,29.94730839639,
    1.010452442692E+03));
#7993 = CARTESIAN_POINT('',(-43.6921045499,30.,1.011615985054E+03));
#7994 = CARTESIAN_POINT('',(-43.6921045499,30.,1.013944437423E+03));
#7995 = CARTESIAN_POINT('',(-43.7283100703,29.9472701411,
    1.01510840171E+03));
#7996 = CARTESIAN_POINT('',(-43.8006687445,29.841886754922,
    1.016269480265E+03));
#7997 = CARTESIAN_POINT('',(-43.90848726562,29.684000290315,
    1.017425233814E+03));
#7998 = CARTESIAN_POINT('',(-44.05042987369,29.473844722946,
    1.018573150262E+03));
#7999 = CARTESIAN_POINT('',(-44.22455140384,29.211791734225,
    1.01971059931E+03));
#8000 = CARTESIAN_POINT('',(-44.62054092168,28.602998978886,
    1.021894786793E+03));
#8001 = CARTESIAN_POINT('',(-44.83912027549,28.261941534407,
    1.022943024897E+03));
#8002 = CARTESIAN_POINT('',(-45.08223703411,27.875447778534,
    1.023978361017E+03));
#8003 = CARTESIAN_POINT('',(-45.34779017903,27.443548478047,
    1.024999524868E+03));
#8004 = CARTESIAN_POINT('',(-45.63346306293,26.966167658931,
    1.02600509442E+03));
#8005 = CARTESIAN_POINT('',(-45.93674287666,26.443155551214,
    1.026993473292E+03));
#8006 = CARTESIAN_POINT('',(-46.77640807496,24.942105043894,
    1.029551531696E+03));
#8007 = CARTESIAN_POINT('',(-47.33749383092,23.887619506657,
    1.031087852177E+03));
#8008 = CARTESIAN_POINT('',(-47.92790870173,22.707400766626,
    1.03256919985E+03));
#8009 = CARTESIAN_POINT('',(-48.53674714051,21.395651148896,
    1.03399004589E+03));
#8010 = CARTESIAN_POINT('',(-49.15155474891,19.945016270828,
    1.0353411144E+03));
#8011 = CARTESIAN_POINT('',(-49.75712279617,18.347498871469,
    1.036608361021E+03));
#8012 = CARTESIAN_POINT('',(-50.53211042475,15.996980719255,
    1.038169236522E+03));
#8013 = CARTESIAN_POINT('',(-50.7263584184,15.379882372293,
    1.038554902837E+03));
#8014 = CARTESIAN_POINT('',(-50.91662338892,14.744305405514,
    1.038927679477E+03));
#8015 = CARTESIAN_POINT('',(-51.10206310705,14.090078223768,
    1.039286589653E+03));
#8016 = CARTESIAN_POINT('',(-51.28178758686,13.417065445123,
    1.039630579963E+03));
#8017 = CARTESIAN_POINT('',(-51.45486141795,12.725168247539,
    1.039958519326E+03));
#8018 = CARTESIAN_POINT('',(-51.7540740623,11.439582194604,
    1.040520392697E+03));
#8019 = CARTESIAN_POINT('',(-51.88287590107,10.852362367531,
    1.040760343325E+03));
#8020 = CARTESIAN_POINT('',(-52.00611054201,10.252972866001,
    1.040988251251E+03));
#8021 = CARTESIAN_POINT('',(-52.12318355445,9.641748538618,
    1.04120333739E+03));
#8022 = CARTESIAN_POINT('',(-52.23351087049,9.019051526574,
    1.041404840261E+03));
#8023 = CARTESIAN_POINT('',(-52.33652250655,8.385271339299,
    1.041592014137E+03));
#8024 = CARTESIAN_POINT('',(-52.5858506992,6.696472960541,
    1.042043043506E+03));
#8025 = CARTESIAN_POINT('',(-52.71959218903,5.622624898456,
    1.042282804541E+03));
#8026 = CARTESIAN_POINT('',(-52.82990263473,4.524514009792,
    1.042479130588E+03));
#8027 = CARTESIAN_POINT('',(-52.91440214571,3.407574976398,
    1.042628777123E+03));
#8028 = CARTESIAN_POINT('',(-52.97141096401,2.277389423692,
    1.042729492702E+03));
#8029 = CARTESIAN_POINT('',(-53.,1.139629570348,1.04278E+03));
#8030 = CARTESIAN_POINT('',(-53.,7.105427357601E-15,1.04278E+03));
#8031 = PCURVE('',#5711,#8032);
#8032 = DEFINITIONAL_REPRESENTATION('',(#8033),#8216);
#8033 = B_SPLINE_CURVE_WITH_KNOTS('',7,(#8034,#8035,#8036,#8037,#8038,
    #8039,#8040,#8041,#8042,#8043,#8044,#8045,#8046,#8047,#8048,#8049,
    #8050,#8051,#8052,#8053,#8054,#8055,#8056,#8057,#8058,#8059,#8060,
    #8061,#8062,#8063,#8064,#8065,#8066,#8067,#8068,#8069,#8070,#8071,
    #8072,#8073,#8074,#8075,#8076,#8077,#8078,#8079,#8080,#8081,#8082,
    #8083,#8084,#8085,#8086,#8087,#8088,#8089,#8090,#8091,#8092,#8093,
    #8094,#8095,#8096,#8097,#8098,#8099,#8100,#8101,#8102,#8103,#8104,
    #8105,#8106,#8107,#8108,#8109,#8110,#8111,#8112,#8113,#8114,#8115,
    #8116,#8117,#8118,#8119,#8120,#8121,#8122,#8123,#8124,#8125,#8126,
    #8127,#8128,#8129,#8130,#8131,#8132,#8133,#8134,#8135,#8136,#8137,
    #8138,#8139,#8140,#8141,#8142,#8143,#8144,#8145,#8146,#8147,#8148,
    #8149,#8150,#8151,#8152,#8153,#8154,#8155,#8156,#8157,#8158,#8159,
    #8160,#8161,#8162,#8163,#8164,#8165,#8166,#8167,#8168,#8169,#8170,
    #8171,#8172,#8173,#8174,#8175,#8176,#8177,#8178,#8179,#8180,#8181,
    #8182,#8183,#8184,#8185,#8186,#8187,#8188,#8189,#8190,#8191,#8192,
    #8193,#8194,#8195,#8196,#8197,#8198,#8199,#8200,#8201,#8202,#8203,
    #8204,#8205,#8206,#8207,#8208,#8209,#8210,#8211,#8212,#8213,#8214,
    #8215),.UNSPECIFIED.,.T.,.F.,(1,7,6,6,6,6,6,6,6,6,6,6,6,6,6,6,6,6,6,
    6,6,6,6,6,6,6,6,6,6,6,6,7,1),(-3.3718473383E-02,0.,
    3.356617520966E-02,5.431838495472E-02,8.00858554245E-02,
    9.974478047667E-02,0.114643601147,0.155246003371,0.201143264803,
    0.249789380498,0.298453152175,0.34433829059,0.419535767124,
    0.445242523864,0.466027359778,0.477219802409,0.499734591819,
    0.522219555413,0.533360822239,0.554135082554,0.579929932642,
    0.599609746583,0.614524398222,0.655169944266,0.701115974972,
    0.74981378035,0.798529260472,0.844463154846,0.919740533608,
    0.945474605456,0.966281526617,1.,1.03356617521),.UNSPECIFIED.);
#8034 = CARTESIAN_POINT('',(3.14159265359,69.));
#8035 = CARTESIAN_POINT('',(3.163043067077,69.));
#8036 = CARTESIAN_POINT('',(3.184458718242,68.949736840787));
#8037 = CARTESIAN_POINT('',(3.205748707964,68.849504490033));
#8038 = CARTESIAN_POINT('',(3.226822563885,68.700567875971));
#8039 = CARTESIAN_POINT('',(3.24758943405,68.505158772374));
#8040 = CARTESIAN_POINT('',(3.267957661536,68.266494562586));
#8041 = CARTESIAN_POINT('',(3.300123697626,67.817148157617));
#8042 = CARTESIAN_POINT('',(3.312235610477,67.630416099172));
#8043 = CARTESIAN_POINT('',(3.324164194598,67.429354210322));
#8044 = CARTESIAN_POINT('',(3.335903228017,67.2147070537));
#8045 = CARTESIAN_POINT('',(3.347446558394,66.987235101589));
#8046 = CARTESIAN_POINT('',(3.358788110617,66.747716585975));
#8047 = CARTESIAN_POINT('',(3.383746419485,66.185578296416));
#8048 = CARTESIAN_POINT('',(3.397253257187,65.856805466946));
#8049 = CARTESIAN_POINT('',(3.410443621054,65.511854425357));
#8050 = CARTESIAN_POINT('',(3.423318710933,65.151868989142));
#8051 = CARTESIAN_POINT('',(3.435879819231,64.777914323617));
#8052 = CARTESIAN_POINT('',(3.448128437192,64.390978037404));
#8053 = CARTESIAN_POINT('',(3.469174230456,63.687554746656));
#8054 = CARTESIAN_POINT('',(3.478102558684,63.376068597754));
#8055 = CARTESIAN_POINT('',(3.486853234492,63.057873214019));
#8056 = CARTESIAN_POINT('',(3.495428063665,62.733299327884));
#8057 = CARTESIAN_POINT('',(3.503828791815,62.402647858377));
#8058 = CARTESIAN_POINT('',(3.51205712705,62.066189748091));
#8059 = CARTESIAN_POINT('',(3.526221366529,61.464957656675));
#8060 = CARTESIAN_POINT('',(3.532229905199,61.202553833552));
#8061 = CARTESIAN_POINT('',(3.538141094696,60.937059393303));
#8062 = CARTESIAN_POINT('',(3.543955589056,60.668572479484));
#8063 = CARTESIAN_POINT('',(3.549673980315,60.397184316675));
#8064 = CARTESIAN_POINT('',(3.555296798511,60.122979210482));
#8065 = CARTESIAN_POINT('',(3.575888686126,59.091302421599));
#8066 = CARTESIAN_POINT('',(3.590249724748,58.31606683888));
#8067 = CARTESIAN_POINT('',(3.603913465035,57.52204216753));
#8068 = CARTESIAN_POINT('',(3.616883368251,56.710622109709));
#8069 = CARTESIAN_POINT('',(3.629160250063,55.88292307731));
#8070 = CARTESIAN_POINT('',(3.640742011168,55.039827567667));
#8071 = CARTESIAN_POINT('',(3.663923735587,53.212363923271));
#8072 = CARTESIAN_POINT('',(3.675331657041,52.223709519283));
#8073 = CARTESIAN_POINT('',(3.685828525565,51.217858214487));
#8074 = CARTESIAN_POINT('',(3.69539472771,50.196406611434));
#8075 = CARTESIAN_POINT('',(3.704009846795,49.160776694276));
#8076 = CARTESIAN_POINT('',(3.711652866398,48.112238494996));
#8077 = CARTESIAN_POINT('',(3.725350130069,45.928123759587));
#8078 = CARTESIAN_POINT('',(3.731281959344,44.791068598919));
#8079 = CARTESIAN_POINT('',(3.73606328618,43.643557203365));
#8080 = CARTESIAN_POINT('',(3.739667987046,42.488216969916));
#8081 = CARTESIAN_POINT('',(3.742078198841,41.327557308245));
#8082 = CARTESIAN_POINT('',(3.74328417263,40.164014946291));
#8083 = CARTESIAN_POINT('',(3.74328417263,37.835562577467));
#8084 = CARTESIAN_POINT('',(3.742077323279,36.671598289962));
#8085 = CARTESIAN_POINT('',(3.739665362993,35.51051973484));
#8086 = CARTESIAN_POINT('',(3.736058054169,34.354766185639));
#8087 = CARTESIAN_POINT('',(3.731273284506,33.206849738125));
#8088 = CARTESIAN_POINT('',(3.725337213688,32.069400689688));
#8089 = CARTESIAN_POINT('',(3.71163441916,29.885213206872));
#8090 = CARTESIAN_POINT('',(3.703991409058,28.836975102621));
#8091 = CARTESIAN_POINT('',(3.695376827504,27.801638982856));
#8092 = CARTESIAN_POINT('',(3.685811676794,26.780475131901));
#8093 = CARTESIAN_POINT('',(3.675316365458,25.77490557994));
#8094 = CARTESIAN_POINT('',(3.663910504607,24.78652670803));
#8095 = CARTESIAN_POINT('',(3.631458824776,22.228468303811));
#8096 = CARTESIAN_POINT('',(3.608926648574,20.692147823321));
#8097 = CARTESIAN_POINT('',(3.58404054451,19.210800149978));
#8098 = CARTESIAN_POINT('',(3.556777885734,17.78995411012));
#8099 = CARTESIAN_POINT('',(3.527082669593,16.438885599529));
#8100 = CARTESIAN_POINT('',(3.494878896286,15.171638979385));
#8101 = CARTESIAN_POINT('',(3.448181101706,13.610763478142));
#8102 = CARTESIAN_POINT('',(3.435975639323,13.225097163315));
#8103 = CARTESIAN_POINT('',(3.42345983783,12.852320523146));
#8104 = CARTESIAN_POINT('',(3.410632207927,12.493410347183));
#8105 = CARTESIAN_POINT('',(3.397491455837,12.149420036497));
#8106 = CARTESIAN_POINT('',(3.384036378786,11.821480673527));
#8107 = CARTESIAN_POINT('',(3.3591317211,11.259607302691));
#8108 = CARTESIAN_POINT('',(3.347789628981,11.019656674716));
#8109 = CARTESIAN_POINT('',(3.336245457057,10.791748748592));
#8110 = CARTESIAN_POINT('',(3.324505263818,10.576662609834));
#8111 = CARTESIAN_POINT('',(3.312575185498,10.375159739151));
#8112 = CARTESIAN_POINT('',(3.300461428275,10.187985862724));
#8113 = CARTESIAN_POINT('',(3.281551579839,9.923191505373));
#8114 = CARTESIAN_POINT('',(3.274882337299,9.834889819971));
#8115 = CARTESIAN_POINT('',(3.268164892885,9.751098801262));
#8116 = CARTESIAN_POINT('',(3.261401604989,9.671941992504));
#8117 = CARTESIAN_POINT('',(3.254594830348,9.597535425232));
#8118 = CARTESIAN_POINT('',(3.247746924045,9.527987619258));
#8119 = CARTESIAN_POINT('',(3.227006940706,9.333473873851));
#8120 = CARTESIAN_POINT('',(3.212991993363,9.223573974198));
#8121 = CARTESIAN_POINT('',(3.198846990353,9.134666049756));
#8122 = CARTESIAN_POINT('',(3.18460332362,9.067477596124));
#8123 = CARTESIAN_POINT('',(3.170292241574,9.022501906988));
#8124 = CARTESIAN_POINT('',(3.155944935305,9.));
#8125 = CARTESIAN_POINT('',(3.127259384645,9.));
#8126 = CARTESIAN_POINT('',(3.112931085802,9.02244232899));
#8127 = CARTESIAN_POINT('',(3.098638881775,9.067298929639));
#8128 = CARTESIAN_POINT('',(3.084413840241,9.134310083597));
#8129 = CARTESIAN_POINT('',(3.070287086027,9.222985019861));
#8130 = CARTESIAN_POINT('',(3.0562898868,9.332600000039));
#8131 = CARTESIAN_POINT('',(3.035597904882,9.526407460175));
#8132 = CARTESIAN_POINT('',(3.028780481526,9.595536984874));
#8133 = CARTESIAN_POINT('',(3.022003765894,9.669482896483));
#8134 = CARTESIAN_POINT('',(3.015270085756,9.748138233107));
#8135 = CARTESIAN_POINT('',(3.008581770954,9.83138862907));
#8136 = CARTESIAN_POINT('',(3.001941153409,9.919112314911));
#8137 = CARTESIAN_POINT('',(2.98306160955,10.182851842437));
#8138 = CARTESIAN_POINT('',(2.970949696702,10.369583900842));
#8139 = CARTESIAN_POINT('',(2.959021112584,10.570645789631));
#8140 = CARTESIAN_POINT('',(2.947282079165,10.785292946242));
#8141 = CARTESIAN_POINT('',(2.935738748784,11.012764898418));
#8142 = CARTESIAN_POINT('',(2.924397196559,11.252283414112));
#8143 = CARTESIAN_POINT('',(2.899438887695,11.814421703568));
#8144 = CARTESIAN_POINT('',(2.885932049993,12.14319453305));
#8145 = CARTESIAN_POINT('',(2.872741686125,12.488145574656));
#8146 = CARTESIAN_POINT('',(2.859866596246,12.848131010874));
#8147 = CARTESIAN_POINT('',(2.847305487948,13.222085676386));
#8148 = CARTESIAN_POINT('',(2.835056869988,13.60902196258));
#8149 = CARTESIAN_POINT('',(2.814011076724,14.312445253347));
#8150 = CARTESIAN_POINT('',(2.805082748495,14.623931402249));
#8151 = CARTESIAN_POINT('',(2.796332072687,14.942126785983));
#8152 = CARTESIAN_POINT('',(2.787757243514,15.266700672117));
#8153 = CARTESIAN_POINT('',(2.779356515365,15.597352141623));
#8154 = CARTESIAN_POINT('',(2.77112818013,15.93381025191));
#8155 = CARTESIAN_POINT('',(2.75696394065,16.535042343327));
#8156 = CARTESIAN_POINT('',(2.750955401981,16.797446166451));
#8157 = CARTESIAN_POINT('',(2.745044212484,17.0629406067));
#8158 = CARTESIAN_POINT('',(2.739229718124,17.331427520519));
#8159 = CARTESIAN_POINT('',(2.733511326865,17.602815683329));
#8160 = CARTESIAN_POINT('',(2.727888508669,17.877020789522));
#8161 = CARTESIAN_POINT('',(2.707296620638,18.908697599214));
#8162 = CARTESIAN_POINT('',(2.692935582785,19.683933138409));
#8163 = CARTESIAN_POINT('',(2.679271842473,20.477957815732));
#8164 = CARTESIAN_POINT('',(2.666301938678,21.289377909511));
#8165 = CARTESIAN_POINT('',(2.654025056745,22.117076944921));
#8166 = CARTESIAN_POINT('',(2.642443296318,22.960172408176));
#8167 = CARTESIAN_POINT('',(2.619261571466,24.787636086665));
#8168 = CARTESIAN_POINT('',(2.607853650234,25.776290470136));
#8169 = CARTESIAN_POINT('',(2.597356781716,26.782141777301));
#8170 = CARTESIAN_POINT('',(2.587790579412,27.803593397158));
#8171 = CARTESIAN_POINT('',(2.579175460278,28.839223316542));
#8172 = CARTESIAN_POINT('',(2.571532440843,29.887761495123));
#8173 = CARTESIAN_POINT('',(2.557835177111,32.071876240436));
#8174 = CARTESIAN_POINT('',(2.551903347836,33.208931401091));
#8175 = CARTESIAN_POINT('',(2.547122020999,34.356442796649));
#8176 = CARTESIAN_POINT('',(2.543517320134,35.511783030096));
#8177 = CARTESIAN_POINT('',(2.541107108338,36.672442691758));
#8178 = CARTESIAN_POINT('',(2.539901134549,37.835985053716));
#8179 = CARTESIAN_POINT('',(2.539901134549,40.164437422527));
#8180 = CARTESIAN_POINT('',(2.5411079839,41.328401710041));
#8181 = CARTESIAN_POINT('',(2.543519944186,42.48948026516));
#8182 = CARTESIAN_POINT('',(2.547127253011,43.64523381436));
#8183 = CARTESIAN_POINT('',(2.551912022673,44.793150261879));
#8184 = CARTESIAN_POINT('',(2.557848093492,45.930599310307));
#8185 = CARTESIAN_POINT('',(2.571550888019,48.114786793025));
#8186 = CARTESIAN_POINT('',(2.579193898121,49.163024897371));
#8187 = CARTESIAN_POINT('',(2.587808479676,50.198361017229));
#8188 = CARTESIAN_POINT('',(2.597373630386,51.21952486818));
#8189 = CARTESIAN_POINT('',(2.607868941722,52.225094420045));
#8190 = CARTESIAN_POINT('',(2.619274802571,53.213473291866));
#8191 = CARTESIAN_POINT('',(2.651726482404,55.77153169619));
#8192 = CARTESIAN_POINT('',(2.674258658605,57.307852176657));
#8193 = CARTESIAN_POINT('',(2.699144762671,58.789199850048));
#8194 = CARTESIAN_POINT('',(2.726407421445,60.210045889842));
#8195 = CARTESIAN_POINT('',(2.756102637587,61.561114400479));
#8196 = CARTESIAN_POINT('',(2.788306410894,62.828361020605));
#8197 = CARTESIAN_POINT('',(2.835004205474,64.389236521869));
#8198 = CARTESIAN_POINT('',(2.847209667856,64.774902836678));
#8199 = CARTESIAN_POINT('',(2.859725469349,65.147679476833));
#8200 = CARTESIAN_POINT('',(2.872553099252,65.506589652798));
#8201 = CARTESIAN_POINT('',(2.885693851342,65.850579963499));
#8202 = CARTESIAN_POINT('',(2.899148928394,66.17851932648));
#8203 = CARTESIAN_POINT('',(2.924053586079,66.7403926973));
#8204 = CARTESIAN_POINT('',(2.935395678198,66.980343325276));
#8205 = CARTESIAN_POINT('',(2.946939850122,67.208251251401));
#8206 = CARTESIAN_POINT('',(2.958680043361,67.423337390159));
#8207 = CARTESIAN_POINT('',(2.970610121681,67.624840260842));
#8208 = CARTESIAN_POINT('',(2.982723878904,67.812014137268));
#8209 = CARTESIAN_POINT('',(3.014933390797,68.263043505969));
#8210 = CARTESIAN_POINT('',(3.035345964668,68.502804541373));
#8211 = CARTESIAN_POINT('',(3.0561597441,68.699130588401));
#8212 = CARTESIAN_POINT('',(3.077282556267,68.848777123279));
#8213 = CARTESIAN_POINT('',(3.098623038262,68.949492702157));
#8214 = CARTESIAN_POINT('',(3.120090208866,69.));
#8215 = CARTESIAN_POINT('',(3.14159265359,69.));
#8216 = ( GEOMETRIC_REPRESENTATION_CONTEXT(2) 
PARAMETRIC_REPRESENTATION_CONTEXT() REPRESENTATION_CONTEXT('2D SPACE',''
  ) );
#8217 = PCURVE('',#8218,#8223);
#8218 = CYLINDRICAL_SURFACE('',#8219,30.);
#8219 = AXIS2_PLACEMENT_3D('',#8220,#8221,#8222);
#8220 = CARTESIAN_POINT('',(-110.,0.,1.01278E+03));
#8221 = DIRECTION('',(1.,0.,0.));
#8222 = DIRECTION('',(0.,0.,1.));
#8223 = DEFINITIONAL_REPRESENTATION('',(#8224),#8407);
#8224 = B_SPLINE_CURVE_WITH_KNOTS('',7,(#8225,#8226,#8227,#8228,#8229,
    #8230,#8231,#8232,#8233,#8234,#8235,#8236,#8237,#8238,#8239,#8240,
    #8241,#8242,#8243,#8244,#8245,#8246,#8247,#8248,#8249,#8250,#8251,
    #8252,#8253,#8254,#8255,#8256,#8257,#8258,#8259,#8260,#8261,#8262,
    #8263,#8264,#8265,#8266,#8267,#8268,#8269,#8270,#8271,#8272,#8273,
    #8274,#8275,#8276,#8277,#8278,#8279,#8280,#8281,#8282,#8283,#8284,
    #8285,#8286,#8287,#8288,#8289,#8290,#8291,#8292,#8293,#8294,#8295,
    #8296,#8297,#8298,#8299,#8300,#8301,#8302,#8303,#8304,#8305,#8306,
    #8307,#8308,#8309,#8310,#8311,#8312,#8313,#8314,#8315,#8316,#8317,
    #8318,#8319,#8320,#8321,#8322,#8323,#8324,#8325,#8326,#8327,#8328,
    #8329,#8330,#8331,#8332,#8333,#8334,#8335,#8336,#8337,#8338,#8339,
    #8340,#8341,#8342,#8343,#8344,#8345,#8346,#8347,#8348,#8349,#8350,
    #8351,#8352,#8353,#8354,#8355,#8356,#8357,#8358,#8359,#8360,#8361,
    #8362,#8363,#8364,#8365,#8366,#8367,#8368,#8369,#8370,#8371,#8372,
    #8373,#8374,#8375,#8376,#8377,#8378,#8379,#8380,#8381,#8382,#8383,
    #8384,#8385,#8386,#8387,#8388,#8389,#8390,#8391,#8392,#8393,#8394,
    #8395,#8396,#8397,#8398,#8399,#8400,#8401,#8402,#8403,#8404,#8405,
    #8406),.UNSPECIFIED.,.F.,.F.,(8,6,6,6,6,6,6,6,6,6,6,6,6,6,6,6,6,6,6,
    6,6,6,6,6,6,6,6,6,6,6,8),(0.,3.356617520966E-02,5.431838495472E-02,
    8.00858554245E-02,9.974478047667E-02,0.114643601147,0.155246003371,
    0.201143264803,0.249789380498,0.298453152175,0.34433829059,
    0.419535767124,0.445242523864,0.466027359778,0.477219802409,
    0.499734591819,0.522219555413,0.533360822239,0.554135082554,
    0.579929932642,0.599609746583,0.614524398222,0.655169944266,
    0.701115974972,0.74981378035,0.798529260472,0.844463154846,
    0.919740533608,0.945474605456,0.966281526617,1.),.UNSPECIFIED.);
#8225 = CARTESIAN_POINT('',(0.,57.));
#8226 = CARTESIAN_POINT('',(3.78957304942E-02,57.));
#8227 = CARTESIAN_POINT('',(7.573003966007E-02,57.028450844257));
#8228 = CARTESIAN_POINT('',(0.113402791005,57.085186137397));
#8229 = CARTESIAN_POINT('',(0.150813574683,57.169285793606));
#8230 = CARTESIAN_POINT('',(0.187857358362,57.279085017206));
#8231 = CARTESIAN_POINT('',(0.224419924262,57.412224160917));
#8232 = CARTESIAN_POINT('',(0.282601054907,57.660649939499));
#8233 = CARTESIAN_POINT('',(0.304615419454,57.763431355619));
#8234 = CARTESIAN_POINT('',(0.326414383337,57.873532640128));
#8235 = CARTESIAN_POINT('',(0.347995370413,57.990384793954));
#8236 = CARTESIAN_POINT('',(0.369354989293,58.113404607571));
#8237 = CARTESIAN_POINT('',(0.390488991567,58.241998379574));
#8238 = CARTESIAN_POINT('',(0.437347228883,58.54141256716));
#8239 = CARTESIAN_POINT('',(0.462951399103,58.714959011472));
#8240 = CARTESIAN_POINT('',(0.488218833902,58.895215690773));
#8241 = CARTESIAN_POINT('',(0.513162421751,59.081236920219));
#8242 = CARTESIAN_POINT('',(0.5377942559,59.272122993834));
#8243 = CARTESIAN_POINT('',(0.562126043893,59.467022570791));
#8244 = CARTESIAN_POINT('',(0.604513142922,59.816282168491));
#8245 = CARTESIAN_POINT('',(0.622691576367,59.969321084399));
#8246 = CARTESIAN_POINT('',(0.640712331376,60.123917038185));
#8247 = CARTESIAN_POINT('',(0.658582707782,60.279752663002));
#8248 = CARTESIAN_POINT('',(0.676309908365,60.436527499985));
#8249 = CARTESIAN_POINT('',(0.693901155928,60.593957501836));
#8250 = CARTESIAN_POINT('',(0.724598153368,60.871378619066));
#8251 = CARTESIAN_POINT('',(0.737758595039,60.991204397516));
#8252 = CARTESIAN_POINT('',(0.750848283213,61.111135170895));
#8253 = CARTESIAN_POINT('',(0.763870302596,61.231057829697));
#8254 = CARTESIAN_POINT('',(0.776827674775,61.350862855773));
#8255 = CARTESIAN_POINT('',(0.789723358218,61.470444322336));
#8256 = CARTESIAN_POINT('',(0.83754345834,61.914696267394));
#8257 = CARTESIAN_POINT('',(0.872097465077,62.237339327728));
#8258 = CARTESIAN_POINT('',(0.906273532092,62.555482604255));
#8259 = CARTESIAN_POINT('',(0.940121261283,62.867148801077));
#8260 = CARTESIAN_POINT('',(0.973689140788,63.170495807775));
#8261 = CARTESIAN_POINT('',(1.007025092929,63.463782710081));
#8262 = CARTESIAN_POINT('',(1.077652212778,64.063605535659));
#8263 = CARTESIAN_POINT('',(1.114899984678,64.366947652892));
#8264 = CARTESIAN_POINT('',(1.151957990266,64.652671032499));
#8265 = CARTESIAN_POINT('',(1.188864106364,64.918261402885));
#8266 = CARTESIAN_POINT('',(1.225657086552,65.161400777445));
#8267 = CARTESIAN_POINT('',(1.262377213522,65.3799868914));
#8268 = CARTESIAN_POINT('',(1.337954091494,65.775827474127));
#8269 = CARTESIAN_POINT('',(1.376808025286,65.949827471095));
#8270 = CARTESIAN_POINT('',(1.415629815502,66.091669113479));
#8271 = CARTESIAN_POINT('',(1.45442700326,66.199409976806));
#8272 = CARTESIAN_POINT('',(1.493211089849,66.271716196653));
#8273 = CARTESIAN_POINT('',(1.531995828585,66.307895450093));
#8274 = CARTESIAN_POINT('',(1.609610907546,66.307895450093));
#8275 = CARTESIAN_POINT('',(1.648409710455,66.271689929696));
#8276 = CARTESIAN_POINT('',(1.687207864128,66.199331255494));
#8277 = CARTESIAN_POINT('',(1.726019140115,66.091512734376));
#8278 = CARTESIAN_POINT('',(1.764855053911,65.949570126302));
#8279 = CARTESIAN_POINT('',(1.803723153876,65.775448596154));
#8280 = CARTESIAN_POINT('',(1.879304629995,65.379459078297));
#8281 = CARTESIAN_POINT('',(1.916015309393,65.160879724496));
#8282 = CARTESIAN_POINT('',(1.952798929359,64.917762965899));
#8283 = CARTESIAN_POINT('',(1.989695705258,64.652209820986));
#8284 = CARTESIAN_POINT('',(2.026744325349,64.36653693707));
#8285 = CARTESIAN_POINT('',(2.063982601386,64.063257123299));
#8286 = CARTESIAN_POINT('',(2.16284735426,63.223591925039));
#8287 = CARTESIAN_POINT('',(2.224804412626,62.662506169072));
#8288 = CARTESIAN_POINT('',(2.287680289538,62.072091298272));
#8289 = CARTESIAN_POINT('',(2.351822505928,61.463252859471));
#8290 = CARTESIAN_POINT('',(2.417580115375,60.848445251091));
#8291 = CARTESIAN_POINT('',(2.485308426182,60.242877203819));
#8292 = CARTESIAN_POINT('',(2.579360822419,59.467889575249));
#8293 = CARTESIAN_POINT('',(2.603608268922,59.273641581595));
#8294 = CARTESIAN_POINT('',(2.62815364258,59.083376611065));
#8295 = CARTESIAN_POINT('',(2.653008555953,58.897936892932));
#8296 = CARTESIAN_POINT('',(2.678185000608,58.718212413138));
#8297 = CARTESIAN_POINT('',(2.703695750172,58.54513858205));
#8298 = CARTESIAN_POINT('',(2.750462704132,58.24592593769));
#8299 = CARTESIAN_POINT('',(2.771601643175,58.117124098926));
#8300 = CARTESIAN_POINT('',(2.792966459552,57.993889457977));
#8301 = CARTESIAN_POINT('',(2.814552930283,57.876816445543));
#8302 = CARTESIAN_POINT('',(2.836357689303,57.766489129502));
#8303 = CARTESIAN_POINT('',(2.8583781864,57.66347749344));
#8304 = CARTESIAN_POINT('',(2.89258569784,57.517099667244));
#8305 = CARTESIAN_POINT('',(2.904619192757,57.468153784517));
#8306 = CARTESIAN_POINT('',(2.916710384283,57.42159200439));
#8307 = CARTESIAN_POINT('',(2.928856626255,57.377504932794));
#8308 = CARTESIAN_POINT('',(2.941055372954,57.335977844213));
#8309 = CARTESIAN_POINT('',(2.953304179099,57.297090681681));
#8310 = CARTESIAN_POINT('',(2.990336459908,57.188152972452));
#8311 = CARTESIAN_POINT('',(3.015273725137,57.126347074536));
#8312 = CARTESIAN_POINT('',(3.040371003741,57.076185161792));
#8313 = CARTESIAN_POINT('',(3.065589040225,57.038194866763));
#8314 = CARTESIAN_POINT('',(3.090890048713,57.01273692804));
#8315 = CARTESIAN_POINT('',(3.116236955893,57.));
#8316 = CARTESIAN_POINT('',(3.166914762058,57.));
#8317 = CARTESIAN_POINT('',(3.192228089449,57.012703204646));
#8318 = CARTESIAN_POINT('',(3.21749567495,57.038093734778));
#8319 = CARTESIAN_POINT('',(3.242680591701,57.075983887842));
#8320 = CARTESIAN_POINT('',(3.267745204454,57.12601478427));
#8321 = CARTESIAN_POINT('',(3.292650417481,57.187661515271));
#8322 = CARTESIAN_POINT('',(3.329595954266,57.296206709354));
#8323 = CARTESIAN_POINT('',(3.341789767816,57.334861428997));
#8324 = CARTESIAN_POINT('',(3.35393403365,57.376133416723));
#8325 = CARTESIAN_POINT('',(3.366026332632,57.419943883945));
#8326 = CARTESIAN_POINT('',(3.378064146215,57.466208787751));
#8327 = CARTESIAN_POINT('',(3.390044856443,57.514838830897));
#8328 = CARTESIAN_POINT('',(3.424193708503,57.660649939529));
#8329 = CARTESIAN_POINT('',(3.446208073044,57.763431355626));
#8330 = CARTESIAN_POINT('',(3.468007036921,57.873532640102));
#8331 = CARTESIAN_POINT('',(3.489588023997,57.990384793923));
#8332 = CARTESIAN_POINT('',(3.510947642884,58.113404607575));
#8333 = CARTESIAN_POINT('',(3.532081645164,58.24199837962));
#8334 = CARTESIAN_POINT('',(3.578939882471,58.541412567152));
#8335 = CARTESIAN_POINT('',(3.604544052693,58.714959011471));
#8336 = CARTESIAN_POINT('',(3.629811487493,58.895215690779));
#8337 = CARTESIAN_POINT('',(3.654755075341,59.081236920227));
#8338 = CARTESIAN_POINT('',(3.67938690949,59.272122993835));
#8339 = CARTESIAN_POINT('',(3.703718697482,59.467022570784));
#8340 = CARTESIAN_POINT('',(3.746105796512,59.816282168492));
#8341 = CARTESIAN_POINT('',(3.764284229957,59.969321084401));
#8342 = CARTESIAN_POINT('',(3.782304984966,60.123917038186));
#8343 = CARTESIAN_POINT('',(3.800175361372,60.279752663002));
#8344 = CARTESIAN_POINT('',(3.817902561955,60.436527499985));
#8345 = CARTESIAN_POINT('',(3.835493809518,60.593957501837));
#8346 = CARTESIAN_POINT('',(3.866190806958,60.871378619067));
#8347 = CARTESIAN_POINT('',(3.879351248629,60.991204397518));
#8348 = CARTESIAN_POINT('',(3.892440936803,61.111135170897));
#8349 = CARTESIAN_POINT('',(3.905462956186,61.231057829698));
#8350 = CARTESIAN_POINT('',(3.918420328365,61.350862855775));
#8351 = CARTESIAN_POINT('',(3.931316011808,61.470444322338));
#8352 = CARTESIAN_POINT('',(3.979136112895,61.914696276356));
#8353 = CARTESIAN_POINT('',(4.013690117722,62.237339319312));
#8354 = CARTESIAN_POINT('',(4.047866184912,62.555482597101));
#8355 = CARTESIAN_POINT('',(4.081713915622,62.867148807501));
#8356 = CARTESIAN_POINT('',(4.115281795329,63.170495816359));
#8357 = CARTESIAN_POINT('',(4.148617745585,63.463782702152));
#8358 = CARTESIAN_POINT('',(4.219244866752,64.06360553892));
#8359 = CARTESIAN_POINT('',(4.256492637884,64.366947650286));
#8360 = CARTESIAN_POINT('',(4.293550643541,64.652671029856));
#8361 = CARTESIAN_POINT('',(4.330456760253,64.918261404538));
#8362 = CARTESIAN_POINT('',(4.36724974054,65.161400780317));
#8363 = CARTESIAN_POINT('',(4.40396986677,65.37998688961));
#8364 = CARTESIAN_POINT('',(4.479546745084,65.775827474131));
#8365 = CARTESIAN_POINT('',(4.518400678876,65.949827471096));
#8366 = CARTESIAN_POINT('',(4.557222469092,66.09166911348));
#8367 = CARTESIAN_POINT('',(4.596019656851,66.199409976807));
#8368 = CARTESIAN_POINT('',(4.634803743439,66.271716196653));
#8369 = CARTESIAN_POINT('',(4.673588482175,66.307895450093));
#8370 = CARTESIAN_POINT('',(4.751203561136,66.307895450093));
#8371 = CARTESIAN_POINT('',(4.790002364045,66.271689929696));
#8372 = CARTESIAN_POINT('',(4.828800517718,66.199331255494));
#8373 = CARTESIAN_POINT('',(4.867611793705,66.091512734375));
#8374 = CARTESIAN_POINT('',(4.906447707501,65.949570126302));
#8375 = CARTESIAN_POINT('',(4.945315807466,65.775448596155));
#8376 = CARTESIAN_POINT('',(5.020897283581,65.379459078316));
#8377 = CARTESIAN_POINT('',(5.057607962982,65.160879724503));
#8378 = CARTESIAN_POINT('',(5.094391582952,64.917762965882));
#8379 = CARTESIAN_POINT('',(5.131288358851,64.652209820961));
#8380 = CARTESIAN_POINT('',(5.168336978938,64.366536937069));
#8381 = CARTESIAN_POINT('',(5.205575254972,64.063257123333));
#8382 = CARTESIAN_POINT('',(5.30444000785,63.223591925039));
#8383 = CARTESIAN_POINT('',(5.366397066216,62.66250616908));
#8384 = CARTESIAN_POINT('',(5.429272943128,62.072091298262));
#8385 = CARTESIAN_POINT('',(5.493415159517,61.463252859487));
#8386 = CARTESIAN_POINT('',(5.559172768965,60.848445251088));
#8387 = CARTESIAN_POINT('',(5.626901079772,60.242877203824));
#8388 = CARTESIAN_POINT('',(5.72095347601,59.467889575243));
#8389 = CARTESIAN_POINT('',(5.745200922512,59.273641581599));
#8390 = CARTESIAN_POINT('',(5.769746296168,59.083376611076));
#8391 = CARTESIAN_POINT('',(5.794601209541,58.897936892942));
#8392 = CARTESIAN_POINT('',(5.819777654197,58.71821241314));
#8393 = CARTESIAN_POINT('',(5.845288403762,58.545138582046));
#8394 = CARTESIAN_POINT('',(5.892055357721,58.245925937694));
#8395 = CARTESIAN_POINT('',(5.913194296764,58.11712409893));
#8396 = CARTESIAN_POINT('',(5.934559113141,57.993889457981));
#8397 = CARTESIAN_POINT('',(5.956145583872,57.876816445547));
#8398 = CARTESIAN_POINT('',(5.977950342892,57.766489129506));
#8399 = CARTESIAN_POINT('',(5.999970839989,57.663477493445));
#8400 = CARTESIAN_POINT('',(6.058237158214,57.414149300798));
#8401 = CARTESIAN_POINT('',(6.094882153443,57.280407810963));
#8402 = CARTESIAN_POINT('',(6.132011355576,57.170097365264));
#8403 = CARTESIAN_POINT('',(6.169509932679,57.085597854286));
#8404 = CARTESIAN_POINT('',(6.207272328086,57.028589035981));
#8405 = CARTESIAN_POINT('',(6.245197654835,57.));
#8406 = CARTESIAN_POINT('',(6.28318530718,57.));
#8407 = ( GEOMETRIC_REPRESENTATION_CONTEXT(2) 
PARAMETRIC_REPRESENTATION_CONTEXT() REPRESENTATION_CONTEXT('2D SPACE',''
  ) );
#8408 = ADVANCED_FACE('',(#8409),#6332,.F.);
#8409 = FACE_BOUND('',#8410,.F.);
#8410 = EDGE_LOOP('',(#8411,#8412,#8439));
#8411 = ORIENTED_EDGE('',*,*,#6958,.F.);
#8412 = ORIENTED_EDGE('',*,*,#8413,.T.);
#8413 = EDGE_CURVE('',#6959,#5924,#8414,.T.);
#8414 = SURFACE_CURVE('',#8415,(#8420,#8427),.PCURVE_S1.);
#8415 = CIRCLE('',#8416,30.);
#8416 = AXIS2_PLACEMENT_3D('',#8417,#8418,#8419);
#8417 = CARTESIAN_POINT('',(43.692104549907,0.,1.01278E+03));
#8418 = DIRECTION('',(1.,0.,-0.));
#8419 = DIRECTION('',(0.,0.,1.));
#8420 = PCURVE('',#6332,#8421);
#8421 = DEFINITIONAL_REPRESENTATION('',(#8422),#8426);
#8422 = LINE('',#8423,#8424);
#8423 = CARTESIAN_POINT('',(0.,0.));
#8424 = VECTOR('',#8425,1.);
#8425 = DIRECTION('',(1.,0.));
#8426 = ( GEOMETRIC_REPRESENTATION_CONTEXT(2) 
PARAMETRIC_REPRESENTATION_CONTEXT() REPRESENTATION_CONTEXT('2D SPACE',''
  ) );
#8427 = PCURVE('',#8428,#8433);
#8428 = PLANE('',#8429);
#8429 = AXIS2_PLACEMENT_3D('',#8430,#8431,#8432);
#8430 = CARTESIAN_POINT('',(43.692104549907,0.,1.01278E+03));
#8431 = DIRECTION('',(1.,0.,0.));
#8432 = DIRECTION('',(0.,0.,1.));
#8433 = DEFINITIONAL_REPRESENTATION('',(#8434),#8438);
#8434 = CIRCLE('',#8435,30.);
#8435 = AXIS2_PLACEMENT_2D('',#8436,#8437);
#8436 = CARTESIAN_POINT('',(0.,0.));
#8437 = DIRECTION('',(1.,0.));
#8438 = ( GEOMETRIC_REPRESENTATION_CONTEXT(2) 
PARAMETRIC_REPRESENTATION_CONTEXT() REPRESENTATION_CONTEXT('2D SPACE',''
  ) );
#8439 = ORIENTED_EDGE('',*,*,#6152,.F.);
#8440 = ADVANCED_FACE('',(#8441),#6105,.F.);
#8441 = FACE_BOUND('',#8442,.F.);
#8442 = EDGE_LOOP('',(#8443,#8444,#8445));
#8443 = ORIENTED_EDGE('',*,*,#7230,.F.);
#8444 = ORIENTED_EDGE('',*,*,#5923,.F.);
#8445 = ORIENTED_EDGE('',*,*,#8446,.F.);
#8446 = EDGE_CURVE('',#6959,#5924,#8447,.T.);
#8447 = SURFACE_CURVE('',#8448,(#8453,#8460),.PCURVE_S1.);
#8448 = CIRCLE('',#8449,30.);
#8449 = AXIS2_PLACEMENT_3D('',#8450,#8451,#8452);
#8450 = CARTESIAN_POINT('',(43.692104549907,0.,1.01278E+03));
#8451 = DIRECTION('',(-1.,0.,0.));
#8452 = DIRECTION('',(0.,-1.,0.));
#8453 = PCURVE('',#6105,#8454);
#8454 = DEFINITIONAL_REPRESENTATION('',(#8455),#8459);
#8455 = LINE('',#8456,#8457);
#8456 = CARTESIAN_POINT('',(7.853981633974,0.));
#8457 = VECTOR('',#8458,1.);
#8458 = DIRECTION('',(-1.,-0.));
#8459 = ( GEOMETRIC_REPRESENTATION_CONTEXT(2) 
PARAMETRIC_REPRESENTATION_CONTEXT() REPRESENTATION_CONTEXT('2D SPACE',''
  ) );
#8460 = PCURVE('',#8428,#8461);
#8461 = DEFINITIONAL_REPRESENTATION('',(#8462),#8470);
#8462 = ( BOUNDED_CURVE() B_SPLINE_CURVE(2,(#8463,#8464,#8465,#8466,
#8467,#8468,#8469),.UNSPECIFIED.,.T.,.F.) B_SPLINE_CURVE_WITH_KNOTS((1,2
    ,2,2,2,1),(-2.094395102393,0.,2.094395102393,4.188790204786,
6.28318530718,8.377580409573),.UNSPECIFIED.) CURVE() 
GEOMETRIC_REPRESENTATION_ITEM() RATIONAL_B_SPLINE_CURVE((1.,0.5,1.,0.5,
1.,0.5,1.)) REPRESENTATION_ITEM('') );
#8463 = CARTESIAN_POINT('',(0.,30.));
#8464 = CARTESIAN_POINT('',(51.961524227066,30.));
#8465 = CARTESIAN_POINT('',(25.980762113533,-15.));
#8466 = CARTESIAN_POINT('',(7.347880794884E-15,-60.));
#8467 = CARTESIAN_POINT('',(-25.98076211353,-15.));
#8468 = CARTESIAN_POINT('',(-51.96152422706,30.));
#8469 = CARTESIAN_POINT('',(0.,30.));
#8470 = ( GEOMETRIC_REPRESENTATION_CONTEXT(2) 
PARAMETRIC_REPRESENTATION_CONTEXT() REPRESENTATION_CONTEXT('2D SPACE',''
  ) );
#8471 = ADVANCED_FACE('',(#8472,#8520),#6446,.F.);
#8472 = FACE_BOUND('',#8473,.F.);
#8473 = EDGE_LOOP('',(#8474,#8497,#8518,#8519));
#8474 = ORIENTED_EDGE('',*,*,#8475,.T.);
#8475 = EDGE_CURVE('',#6432,#8476,#8478,.T.);
#8476 = VERTEX_POINT('',#8477);
#8477 = CARTESIAN_POINT('',(28.43241741755,290.,1.035858077038E+03));
#8478 = SURFACE_CURVE('',#8479,(#8483,#8490),.PCURVE_S1.);
#8479 = LINE('',#8480,#8481);
#8480 = CARTESIAN_POINT('',(28.43241741755,235.,1.035858077038E+03));
#8481 = VECTOR('',#8482,1.);
#8482 = DIRECTION('',(0.,1.,0.));
#8483 = PCURVE('',#6446,#8484);
#8484 = DEFINITIONAL_REPRESENTATION('',(#8485),#8489);
#8485 = LINE('',#8486,#8487);
#8486 = CARTESIAN_POINT('',(0.,0.));
#8487 = VECTOR('',#8488,1.);
#8488 = DIRECTION('',(0.,-1.));
#8489 = ( GEOMETRIC_REPRESENTATION_CONTEXT(2) 
PARAMETRIC_REPRESENTATION_CONTEXT() REPRESENTATION_CONTEXT('2D SPACE',''
  ) );
#8490 = PCURVE('',#6913,#8491);
#8491 = DEFINITIONAL_REPRESENTATION('',(#8492),#8496);
#8492 = LINE('',#8493,#8494);
#8493 = CARTESIAN_POINT('',(42.,0.));
#8494 = VECTOR('',#8495,1.);
#8495 = DIRECTION('',(0.,-1.));
#8496 = ( GEOMETRIC_REPRESENTATION_CONTEXT(2) 
PARAMETRIC_REPRESENTATION_CONTEXT() REPRESENTATION_CONTEXT('2D SPACE',''
  ) );
#8497 = ORIENTED_EDGE('',*,*,#8498,.T.);
#8498 = EDGE_CURVE('',#8476,#6635,#8499,.T.);
#8499 = SURFACE_CURVE('',#8500,(#8504,#8511),.PCURVE_S1.);
#8500 = LINE('',#8501,#8502);
#8501 = CARTESIAN_POINT('',(28.43241741755,290.,1.035858077038E+03));
#8502 = VECTOR('',#8503,1.);
#8503 = DIRECTION('',(-0.274670324175,0.,-0.961538461538));
#8504 = PCURVE('',#6446,#8505);
#8505 = DEFINITIONAL_REPRESENTATION('',(#8506),#8510);
#8506 = LINE('',#8507,#8508);
#8507 = CARTESIAN_POINT('',(0.,-55.));
#8508 = VECTOR('',#8509,1.);
#8509 = DIRECTION('',(1.,0.));
#8510 = ( GEOMETRIC_REPRESENTATION_CONTEXT(2) 
PARAMETRIC_REPRESENTATION_CONTEXT() REPRESENTATION_CONTEXT('2D SPACE',''
  ) );
#8511 = PCURVE('',#6673,#8512);
#8512 = DEFINITIONAL_REPRESENTATION('',(#8513),#8517);
#8513 = LINE('',#8514,#8515);
#8514 = CARTESIAN_POINT('',(23.078077038485,28.432417417549));
#8515 = VECTOR('',#8516,1.);
#8516 = DIRECTION('',(-0.961538461538,-0.274670324175));
#8517 = ( GEOMETRIC_REPRESENTATION_CONTEXT(2) 
PARAMETRIC_REPRESENTATION_CONTEXT() REPRESENTATION_CONTEXT('2D SPACE',''
  ) );
#8518 = ORIENTED_EDGE('',*,*,#6634,.F.);
#8519 = ORIENTED_EDGE('',*,*,#6431,.F.);
#8520 = FACE_BOUND('',#8521,.F.);
#8521 = EDGE_LOOP('',(#8522));
#8522 = ORIENTED_EDGE('',*,*,#8523,.T.);
#8523 = EDGE_CURVE('',#8524,#8524,#8526,.T.);
#8524 = VERTEX_POINT('',#8525);
#8525 = CARTESIAN_POINT('',(22.66434060988,260.,1.015665769346E+03));
#8526 = SURFACE_CURVE('',#8527,(#8532,#8543),.PCURVE_S1.);
#8527 = CIRCLE('',#8528,9.);
#8528 = AXIS2_PLACEMENT_3D('',#8529,#8530,#8531);
#8529 = CARTESIAN_POINT('',(20.192307692308,260.,1.007011923192E+03));
#8530 = DIRECTION('',(0.961538461538,0.,-0.274670324175));
#8531 = DIRECTION('',(0.274670324175,0.,0.961538461538));
#8532 = PCURVE('',#6446,#8533);
#8533 = DEFINITIONAL_REPRESENTATION('',(#8534),#8542);
#8534 = ( BOUNDED_CURVE() B_SPLINE_CURVE(2,(#8535,#8536,#8537,#8538,
#8539,#8540,#8541),.UNSPECIFIED.,.T.,.F.) B_SPLINE_CURVE_WITH_KNOTS((1,2
    ,2,2,2,1),(-2.094395102393,0.,2.094395102393,4.188790204786,
6.28318530718,8.377580409573),.UNSPECIFIED.) CURVE() 
GEOMETRIC_REPRESENTATION_ITEM() RATIONAL_B_SPLINE_CURVE((1.,0.5,1.,0.5,
1.,0.5,1.)) REPRESENTATION_ITEM('') );
#8535 = CARTESIAN_POINT('',(21.,-25.));
#8536 = CARTESIAN_POINT('',(21.,-9.41154273188));
#8537 = CARTESIAN_POINT('',(34.5,-17.20577136594));
#8538 = CARTESIAN_POINT('',(48.,-25.));
#8539 = CARTESIAN_POINT('',(34.5,-32.79422863406));
#8540 = CARTESIAN_POINT('',(21.,-40.58845726812));
#8541 = CARTESIAN_POINT('',(21.,-25.));
#8542 = ( GEOMETRIC_REPRESENTATION_CONTEXT(2) 
PARAMETRIC_REPRESENTATION_CONTEXT() REPRESENTATION_CONTEXT('2D SPACE',''
  ) );
#8543 = PCURVE('',#8544,#8549);
#8544 = CYLINDRICAL_SURFACE('',#8545,9.);
#8545 = AXIS2_PLACEMENT_3D('',#8546,#8547,#8548);
#8546 = CARTESIAN_POINT('',(-48.07692307692,260.,1.026513516209E+03));
#8547 = DIRECTION('',(0.961538461538,0.,-0.274670324175));
#8548 = DIRECTION('',(0.274670324175,0.,0.961538461538));
#8549 = DEFINITIONAL_REPRESENTATION('',(#8550),#8554);
#8550 = LINE('',#8551,#8552);
#8551 = CARTESIAN_POINT('',(0.,71.));
#8552 = VECTOR('',#8553,1.);
#8553 = DIRECTION('',(1.,0.));
#8554 = ( GEOMETRIC_REPRESENTATION_CONTEXT(2) 
PARAMETRIC_REPRESENTATION_CONTEXT() REPRESENTATION_CONTEXT('2D SPACE',''
  ) );
#8555 = ADVANCED_FACE('',(#8556),#6726,.F.);
#8556 = FACE_BOUND('',#8557,.F.);
#8557 = EDGE_LOOP('',(#8558,#8559,#8582,#8608,#8636,#8657));
#8558 = ORIENTED_EDGE('',*,*,#6711,.T.);
#8559 = ORIENTED_EDGE('',*,*,#8560,.T.);
#8560 = EDGE_CURVE('',#6686,#8561,#8563,.T.);
#8561 = VERTEX_POINT('',#8562);
#8562 = CARTESIAN_POINT('',(18.817032802165,246.,1.03860478028E+03));
#8563 = SURFACE_CURVE('',#8564,(#8568,#8575),.PCURVE_S1.);
#8564 = LINE('',#8565,#8566);
#8565 = CARTESIAN_POINT('',(-3.156593131813,246.,961.68170335715));
#8566 = VECTOR('',#8567,1.);
#8567 = DIRECTION('',(0.274670324175,0.,0.961538461538));
#8568 = PCURVE('',#6726,#8569);
#8569 = DEFINITIONAL_REPRESENTATION('',(#8570),#8574);
#8570 = LINE('',#8571,#8572);
#8571 = CARTESIAN_POINT('',(6.28318530718,-0.));
#8572 = VECTOR('',#8573,1.);
#8573 = DIRECTION('',(0.,1.));
#8574 = ( GEOMETRIC_REPRESENTATION_CONTEXT(2) 
PARAMETRIC_REPRESENTATION_CONTEXT() REPRESENTATION_CONTEXT('2D SPACE',''
  ) );
#8575 = PCURVE('',#6700,#8576);
#8576 = DEFINITIONAL_REPRESENTATION('',(#8577),#8581);
#8577 = LINE('',#8578,#8579);
#8578 = CARTESIAN_POINT('',(0.,50.));
#8579 = VECTOR('',#8580,1.);
#8580 = DIRECTION('',(0.,-1.));
#8581 = ( GEOMETRIC_REPRESENTATION_CONTEXT(2) 
PARAMETRIC_REPRESENTATION_CONTEXT() REPRESENTATION_CONTEXT('2D SPACE',''
  ) );
#8582 = ORIENTED_EDGE('',*,*,#8583,.F.);
#8583 = EDGE_CURVE('',#6899,#8561,#8584,.T.);
#8584 = SURFACE_CURVE('',#8585,(#8590,#8597),.PCURVE_S1.);
#8585 = CIRCLE('',#8586,11.);
#8586 = AXIS2_PLACEMENT_3D('',#8587,#8588,#8589);
#8587 = CARTESIAN_POINT('',(8.240109725242,246.,1.041626153846E+03));
#8588 = DIRECTION('',(0.274670324175,0.,0.961538461538));
#8589 = DIRECTION('',(0.961538461538,0.,-0.274670324175));
#8590 = PCURVE('',#6726,#8591);
#8591 = DEFINITIONAL_REPRESENTATION('',(#8592),#8596);
#8592 = LINE('',#8593,#8594);
#8593 = CARTESIAN_POINT('',(0.,80.));
#8594 = VECTOR('',#8595,1.);
#8595 = DIRECTION('',(1.,0.));
#8596 = ( GEOMETRIC_REPRESENTATION_CONTEXT(2) 
PARAMETRIC_REPRESENTATION_CONTEXT() REPRESENTATION_CONTEXT('2D SPACE',''
  ) );
#8597 = PCURVE('',#6913,#8598);
#8598 = DEFINITIONAL_REPRESENTATION('',(#8599),#8607);
#8599 = ( BOUNDED_CURVE() B_SPLINE_CURVE(2,(#8600,#8601,#8602,#8603,
#8604,#8605,#8606),.UNSPECIFIED.,.T.,.F.) B_SPLINE_CURVE_WITH_KNOTS((1,2
    ,2,2,2,1),(-2.094395102393,0.,2.094395102393,4.188790204786,
6.28318530718,8.377580409573),.UNSPECIFIED.) CURVE() 
GEOMETRIC_REPRESENTATION_ITEM() RATIONAL_B_SPLINE_CURVE((1.,0.5,1.,0.5,
1.,0.5,1.)) REPRESENTATION_ITEM('') );
#8600 = CARTESIAN_POINT('',(32.,-11.));
#8601 = CARTESIAN_POINT('',(32.,-30.05255888325));
#8602 = CARTESIAN_POINT('',(15.5,-20.52627944162));
#8603 = CARTESIAN_POINT('',(-1.,-11.));
#8604 = CARTESIAN_POINT('',(15.5,-1.473720558371));
#8605 = CARTESIAN_POINT('',(32.,8.052558883258));
#8606 = CARTESIAN_POINT('',(32.,-11.));
#8607 = ( GEOMETRIC_REPRESENTATION_CONTEXT(2) 
PARAMETRIC_REPRESENTATION_CONTEXT() REPRESENTATION_CONTEXT('2D SPACE',''
  ) );
#8608 = ORIENTED_EDGE('',*,*,#8609,.F.);
#8609 = EDGE_CURVE('',#8610,#6899,#8612,.T.);
#8610 = VERTEX_POINT('',#8611);
#8611 = CARTESIAN_POINT('',(-2.336813351681,246.,1.044647527412E+03));
#8612 = SURFACE_CURVE('',#8613,(#8618,#8625),.PCURVE_S1.);
#8613 = CIRCLE('',#8614,11.);
#8614 = AXIS2_PLACEMENT_3D('',#8615,#8616,#8617);
#8615 = CARTESIAN_POINT('',(8.240109725242,246.,1.041626153846E+03));
#8616 = DIRECTION('',(0.274670324175,0.,0.961538461538));
#8617 = DIRECTION('',(0.961538461538,0.,-0.274670324175));
#8618 = PCURVE('',#6726,#8619);
#8619 = DEFINITIONAL_REPRESENTATION('',(#8620),#8624);
#8620 = LINE('',#8621,#8622);
#8621 = CARTESIAN_POINT('',(0.,80.));
#8622 = VECTOR('',#8623,1.);
#8623 = DIRECTION('',(1.,0.));
#8624 = ( GEOMETRIC_REPRESENTATION_CONTEXT(2) 
PARAMETRIC_REPRESENTATION_CONTEXT() REPRESENTATION_CONTEXT('2D SPACE',''
  ) );
#8625 = PCURVE('',#6938,#8626);
#8626 = DEFINITIONAL_REPRESENTATION('',(#8627),#8635);
#8627 = ( BOUNDED_CURVE() B_SPLINE_CURVE(2,(#8628,#8629,#8630,#8631,
#8632,#8633,#8634),.UNSPECIFIED.,.T.,.F.) B_SPLINE_CURVE_WITH_KNOTS((1,2
    ,2,2,2,1),(-2.094395102393,0.,2.094395102393,4.188790204786,
6.28318530718,8.377580409573),.UNSPECIFIED.) CURVE() 
GEOMETRIC_REPRESENTATION_ITEM() RATIONAL_B_SPLINE_CURVE((1.,0.5,1.,0.5,
1.,0.5,1.)) REPRESENTATION_ITEM('') );
#8628 = CARTESIAN_POINT('',(32.,-11.));
#8629 = CARTESIAN_POINT('',(32.,-30.05255888325));
#8630 = CARTESIAN_POINT('',(15.5,-20.52627944162));
#8631 = CARTESIAN_POINT('',(-1.,-11.));
#8632 = CARTESIAN_POINT('',(15.5,-1.473720558371));
#8633 = CARTESIAN_POINT('',(32.,8.052558883258));
#8634 = CARTESIAN_POINT('',(32.,-11.));
#8635 = ( GEOMETRIC_REPRESENTATION_CONTEXT(2) 
PARAMETRIC_REPRESENTATION_CONTEXT() REPRESENTATION_CONTEXT('2D SPACE',''
  ) );
#8636 = ORIENTED_EDGE('',*,*,#8637,.T.);
#8637 = EDGE_CURVE('',#8610,#6743,#8638,.T.);
#8638 = SURFACE_CURVE('',#8639,(#8643,#8650),.PCURVE_S1.);
#8639 = LINE('',#8640,#8641);
#8640 = CARTESIAN_POINT('',(16.890109340549,246.,1.11195521972E+03));
#8641 = VECTOR('',#8642,1.);
#8642 = DIRECTION('',(-0.274670324175,0.,-0.961538461538));
#8643 = PCURVE('',#6726,#8644);
#8644 = DEFINITIONAL_REPRESENTATION('',(#8645),#8649);
#8645 = LINE('',#8646,#8647);
#8646 = CARTESIAN_POINT('',(3.14159265359,150.));
#8647 = VECTOR('',#8648,1.);
#8648 = DIRECTION('',(0.,-1.));
#8649 = ( GEOMETRIC_REPRESENTATION_CONTEXT(2) 
PARAMETRIC_REPRESENTATION_CONTEXT() REPRESENTATION_CONTEXT('2D SPACE',''
  ) );
#8650 = PCURVE('',#6781,#8651);
#8651 = DEFINITIONAL_REPRESENTATION('',(#8652),#8656);
#8652 = LINE('',#8653,#8654);
#8653 = CARTESIAN_POINT('',(49.,-100.));
#8654 = VECTOR('',#8655,1.);
#8655 = DIRECTION('',(-0.,1.));
#8656 = ( GEOMETRIC_REPRESENTATION_CONTEXT(2) 
PARAMETRIC_REPRESENTATION_CONTEXT() REPRESENTATION_CONTEXT('2D SPACE',''
  ) );
#8657 = ORIENTED_EDGE('',*,*,#6742,.T.);
#8658 = ADVANCED_FACE('',(#8659,#8703),#6700,.T.);
#8659 = FACE_BOUND('',#8660,.T.);
#8660 = EDGE_LOOP('',(#8661,#8662,#8683,#8702));
#8661 = ORIENTED_EDGE('',*,*,#8560,.T.);
#8662 = ORIENTED_EDGE('',*,*,#8663,.T.);
#8663 = EDGE_CURVE('',#8561,#8664,#8666,.T.);
#8664 = VERTEX_POINT('',#8665);
#8665 = CARTESIAN_POINT('',(18.817032802165,290.,1.03860478028E+03));
#8666 = SURFACE_CURVE('',#8667,(#8671,#8677),.PCURVE_S1.);
#8667 = LINE('',#8668,#8669);
#8668 = CARTESIAN_POINT('',(18.817032802165,240.5,1.03860478028E+03));
#8669 = VECTOR('',#8670,1.);
#8670 = DIRECTION('',(0.,1.,0.));
#8671 = PCURVE('',#6700,#8672);
#8672 = DEFINITIONAL_REPRESENTATION('',(#8673),#8676);
#8673 = B_SPLINE_CURVE_WITH_KNOTS('',1,(#8674,#8675),.UNSPECIFIED.,.F.,
  .F.,(2,2),(5.5,49.5),.PIECEWISE_BEZIER_KNOTS.);
#8674 = CARTESIAN_POINT('',(0.,-30.));
#8675 = CARTESIAN_POINT('',(44.,-30.));
#8676 = ( GEOMETRIC_REPRESENTATION_CONTEXT(2) 
PARAMETRIC_REPRESENTATION_CONTEXT() REPRESENTATION_CONTEXT('2D SPACE',''
  ) );
#8677 = PCURVE('',#6913,#8678);
#8678 = DEFINITIONAL_REPRESENTATION('',(#8679),#8682);
#8679 = B_SPLINE_CURVE_WITH_KNOTS('',1,(#8680,#8681),.UNSPECIFIED.,.F.,
  .F.,(2,2),(5.5,49.5),.PIECEWISE_BEZIER_KNOTS.);
#8680 = CARTESIAN_POINT('',(32.,-11.));
#8681 = CARTESIAN_POINT('',(32.,-55.));
#8682 = ( GEOMETRIC_REPRESENTATION_CONTEXT(2) 
PARAMETRIC_REPRESENTATION_CONTEXT() REPRESENTATION_CONTEXT('2D SPACE',''
  ) );
#8683 = ORIENTED_EDGE('',*,*,#8684,.F.);
#8684 = EDGE_CURVE('',#6658,#8664,#8685,.T.);
#8685 = SURFACE_CURVE('',#8686,(#8690,#8696),.PCURVE_S1.);
#8686 = LINE('',#8687,#8688);
#8687 = CARTESIAN_POINT('',(10.576923076923,290.,1.009758626434E+03));
#8688 = VECTOR('',#8689,1.);
#8689 = DIRECTION('',(0.274670324175,-0.,0.961538461538));
#8690 = PCURVE('',#6700,#8691);
#8691 = DEFINITIONAL_REPRESENTATION('',(#8692),#8695);
#8692 = B_SPLINE_CURVE_WITH_KNOTS('',1,(#8693,#8694),.UNSPECIFIED.,.F.,
  .F.,(2,2),(-32.85657137141,39.141028388535),.PIECEWISE_BEZIER_KNOTS.);
#8693 = CARTESIAN_POINT('',(44.,32.856571371417));
#8694 = CARTESIAN_POINT('',(44.,-39.14102838853));
#8695 = ( GEOMETRIC_REPRESENTATION_CONTEXT(2) 
PARAMETRIC_REPRESENTATION_CONTEXT() REPRESENTATION_CONTEXT('2D SPACE',''
  ) );
#8696 = PCURVE('',#6673,#8697);
#8697 = DEFINITIONAL_REPRESENTATION('',(#8698),#8701);
#8698 = B_SPLINE_CURVE_WITH_KNOTS('',1,(#8699,#8700),.UNSPECIFIED.,.F.,
  .F.,(2,2),(-32.85657137141,39.141028388535),.PIECEWISE_BEZIER_KNOTS.);
#8699 = CARTESIAN_POINT('',(-34.61423065382,1.552197967066));
#8700 = CARTESIAN_POINT('',(34.614230653823,21.327802032934));
#8701 = ( GEOMETRIC_REPRESENTATION_CONTEXT(2) 
PARAMETRIC_REPRESENTATION_CONTEXT() REPRESENTATION_CONTEXT('2D SPACE',''
  ) );
#8702 = ORIENTED_EDGE('',*,*,#6685,.T.);
#8703 = FACE_BOUND('',#8704,.T.);
#8704 = EDGE_LOOP('',(#8705));
#8705 = ORIENTED_EDGE('',*,*,#8706,.T.);
#8706 = EDGE_CURVE('',#8707,#8707,#8709,.T.);
#8707 = VERTEX_POINT('',#8708);
#8708 = CARTESIAN_POINT('',(13.048955994496,260.,1.018412472588E+03));
#8709 = SURFACE_CURVE('',#8710,(#8715,#8726),.PCURVE_S1.);
#8710 = CIRCLE('',#8711,9.);
#8711 = AXIS2_PLACEMENT_3D('',#8712,#8713,#8714);
#8712 = CARTESIAN_POINT('',(10.576923076923,260.,1.009758626434E+03));
#8713 = DIRECTION('',(0.961538461538,0.,-0.274670324175));
#8714 = DIRECTION('',(0.274670324175,0.,0.961538461538));
#8715 = PCURVE('',#6700,#8716);
#8716 = DEFINITIONAL_REPRESENTATION('',(#8717),#8725);
#8717 = ( BOUNDED_CURVE() B_SPLINE_CURVE(2,(#8718,#8719,#8720,#8721,
#8722,#8723,#8724),.UNSPECIFIED.,.T.,.F.) B_SPLINE_CURVE_WITH_KNOTS((1,2
    ,2,2,2,1),(-2.094395102393,0.,2.094395102393,4.188790204786,
6.28318530718,8.377580409573),.UNSPECIFIED.) CURVE() 
GEOMETRIC_REPRESENTATION_ITEM() RATIONAL_B_SPLINE_CURVE((1.,0.5,1.,0.5,
1.,0.5,1.)) REPRESENTATION_ITEM('') );
#8718 = CARTESIAN_POINT('',(14.,-9.));
#8719 = CARTESIAN_POINT('',(-1.58845726812,-9.));
#8720 = CARTESIAN_POINT('',(6.20577136594,4.5));
#8721 = CARTESIAN_POINT('',(14.,18.));
#8722 = CARTESIAN_POINT('',(21.79422863406,4.5));
#8723 = CARTESIAN_POINT('',(29.58845726812,-9.));
#8724 = CARTESIAN_POINT('',(14.,-9.));
#8725 = ( GEOMETRIC_REPRESENTATION_CONTEXT(2) 
PARAMETRIC_REPRESENTATION_CONTEXT() REPRESENTATION_CONTEXT('2D SPACE',''
  ) );
#8726 = PCURVE('',#8544,#8727);
#8727 = DEFINITIONAL_REPRESENTATION('',(#8728),#8732);
#8728 = LINE('',#8729,#8730);
#8729 = CARTESIAN_POINT('',(0.,61.));
#8730 = VECTOR('',#8731,1.);
#8731 = DIRECTION('',(1.,0.));
#8732 = ( GEOMETRIC_REPRESENTATION_CONTEXT(2) 
PARAMETRIC_REPRESENTATION_CONTEXT() REPRESENTATION_CONTEXT('2D SPACE',''
  ) );
#8733 = ADVANCED_FACE('',(#8734),#6673,.T.);
#8734 = FACE_BOUND('',#8735,.T.);
#8735 = EDGE_LOOP('',(#8736,#8737,#8758,#8759));
#8736 = ORIENTED_EDGE('',*,*,#8684,.T.);
#8737 = ORIENTED_EDGE('',*,*,#8738,.T.);
#8738 = EDGE_CURVE('',#8664,#8476,#8739,.T.);
#8739 = SURFACE_CURVE('',#8740,(#8744,#8751),.PCURVE_S1.);
#8740 = LINE('',#8741,#8742);
#8741 = CARTESIAN_POINT('',(-11.95219796706,290.,1.047394230654E+03));
#8742 = VECTOR('',#8743,1.);
#8743 = DIRECTION('',(0.961538461538,0.,-0.274670324175));
#8744 = PCURVE('',#6673,#8745);
#8745 = DEFINITIONAL_REPRESENTATION('',(#8746),#8750);
#8746 = LINE('',#8747,#8748);
#8747 = CARTESIAN_POINT('',(34.614230653823,-11.95219796706));
#8748 = VECTOR('',#8749,1.);
#8749 = DIRECTION('',(-0.274670324175,0.961538461538));
#8750 = ( GEOMETRIC_REPRESENTATION_CONTEXT(2) 
PARAMETRIC_REPRESENTATION_CONTEXT() REPRESENTATION_CONTEXT('2D SPACE',''
  ) );
#8751 = PCURVE('',#6913,#8752);
#8752 = DEFINITIONAL_REPRESENTATION('',(#8753),#8757);
#8753 = LINE('',#8754,#8755);
#8754 = CARTESIAN_POINT('',(0.,-55.));
#8755 = VECTOR('',#8756,1.);
#8756 = DIRECTION('',(1.,0.));
#8757 = ( GEOMETRIC_REPRESENTATION_CONTEXT(2) 
PARAMETRIC_REPRESENTATION_CONTEXT() REPRESENTATION_CONTEXT('2D SPACE',''
  ) );
#8758 = ORIENTED_EDGE('',*,*,#8498,.T.);
#8759 = ORIENTED_EDGE('',*,*,#6657,.T.);
#8760 = ADVANCED_FACE('',(#8761,#8809),#6834,.F.);
#8761 = FACE_BOUND('',#8762,.F.);
#8762 = EDGE_LOOP('',(#8763,#8764,#8787,#8808));
#8763 = ORIENTED_EDGE('',*,*,#6820,.T.);
#8764 = ORIENTED_EDGE('',*,*,#8765,.T.);
#8765 = EDGE_CURVE('',#6793,#8766,#8768,.T.);
#8766 = VERTEX_POINT('',#8767);
#8767 = CARTESIAN_POINT('',(-11.95219796706,290.,1.047394230654E+03));
#8768 = SURFACE_CURVE('',#8769,(#8773,#8780),.PCURVE_S1.);
#8769 = LINE('',#8770,#8771);
#8770 = CARTESIAN_POINT('',(-28.43241741754,290.,989.70192296151));
#8771 = VECTOR('',#8772,1.);
#8772 = DIRECTION('',(0.274670324175,0.,0.961538461538));
#8773 = PCURVE('',#6834,#8774);
#8774 = DEFINITIONAL_REPRESENTATION('',(#8775),#8779);
#8775 = LINE('',#8776,#8777);
#8776 = CARTESIAN_POINT('',(0.,-55.));
#8777 = VECTOR('',#8778,1.);
#8778 = DIRECTION('',(1.,0.));
#8779 = ( GEOMETRIC_REPRESENTATION_CONTEXT(2) 
PARAMETRIC_REPRESENTATION_CONTEXT() REPRESENTATION_CONTEXT('2D SPACE',''
  ) );
#8780 = PCURVE('',#6808,#8781);
#8781 = DEFINITIONAL_REPRESENTATION('',(#8782),#8786);
#8782 = LINE('',#8783,#8784);
#8783 = CARTESIAN_POINT('',(-23.07807703848,-28.43241741754));
#8784 = VECTOR('',#8785,1.);
#8785 = DIRECTION('',(0.961538461538,0.274670324175));
#8786 = ( GEOMETRIC_REPRESENTATION_CONTEXT(2) 
PARAMETRIC_REPRESENTATION_CONTEXT() REPRESENTATION_CONTEXT('2D SPACE',''
  ) );
#8787 = ORIENTED_EDGE('',*,*,#8788,.F.);
#8788 = EDGE_CURVE('',#6850,#8766,#8789,.T.);
#8789 = SURFACE_CURVE('',#8790,(#8794,#8801),.PCURVE_S1.);
#8790 = LINE('',#8791,#8792);
#8791 = CARTESIAN_POINT('',(-11.95219796706,235.,1.047394230654E+03));
#8792 = VECTOR('',#8793,1.);
#8793 = DIRECTION('',(0.,1.,0.));
#8794 = PCURVE('',#6834,#8795);
#8795 = DEFINITIONAL_REPRESENTATION('',(#8796),#8800);
#8796 = LINE('',#8797,#8798);
#8797 = CARTESIAN_POINT('',(60.,0.));
#8798 = VECTOR('',#8799,1.);
#8799 = DIRECTION('',(0.,-1.));
#8800 = ( GEOMETRIC_REPRESENTATION_CONTEXT(2) 
PARAMETRIC_REPRESENTATION_CONTEXT() REPRESENTATION_CONTEXT('2D SPACE',''
  ) );
#8801 = PCURVE('',#6938,#8802);
#8802 = DEFINITIONAL_REPRESENTATION('',(#8803),#8807);
#8803 = LINE('',#8804,#8805);
#8804 = CARTESIAN_POINT('',(0.,0.));
#8805 = VECTOR('',#8806,1.);
#8806 = DIRECTION('',(0.,-1.));
#8807 = ( GEOMETRIC_REPRESENTATION_CONTEXT(2) 
PARAMETRIC_REPRESENTATION_CONTEXT() REPRESENTATION_CONTEXT('2D SPACE',''
  ) );
#8808 = ORIENTED_EDGE('',*,*,#6871,.F.);
#8809 = FACE_BOUND('',#8810,.F.);
#8810 = EDGE_LOOP('',(#8811));
#8811 = ORIENTED_EDGE('',*,*,#8812,.F.);
#8812 = EDGE_CURVE('',#8813,#8813,#8815,.T.);
#8813 = VERTEX_POINT('',#8814);
#8814 = CARTESIAN_POINT('',(-17.72027477473,260.,1.027201922962E+03));
#8815 = SURFACE_CURVE('',#8816,(#8821,#8828),.PCURVE_S1.);
#8816 = CIRCLE('',#8817,9.);
#8817 = AXIS2_PLACEMENT_3D('',#8818,#8819,#8820);
#8818 = CARTESIAN_POINT('',(-20.1923076923,260.,1.018548076808E+03));
#8819 = DIRECTION('',(0.961538461538,0.,-0.274670324175));
#8820 = DIRECTION('',(0.274670324175,0.,0.961538461538));
#8821 = PCURVE('',#6834,#8822);
#8822 = DEFINITIONAL_REPRESENTATION('',(#8823),#8827);
#8823 = CIRCLE('',#8824,9.);
#8824 = AXIS2_PLACEMENT_2D('',#8825,#8826);
#8825 = CARTESIAN_POINT('',(30.,-25.));
#8826 = DIRECTION('',(1.,0.));
#8827 = ( GEOMETRIC_REPRESENTATION_CONTEXT(2) 
PARAMETRIC_REPRESENTATION_CONTEXT() REPRESENTATION_CONTEXT('2D SPACE',''
  ) );
#8828 = PCURVE('',#8829,#8834);
#8829 = CYLINDRICAL_SURFACE('',#8830,9.);
#8830 = AXIS2_PLACEMENT_3D('',#8831,#8832,#8833);
#8831 = CARTESIAN_POINT('',(-48.07692307692,260.,1.026513516209E+03));
#8832 = DIRECTION('',(0.961538461538,0.,-0.274670324175));
#8833 = DIRECTION('',(0.274670324175,0.,0.961538461538));
#8834 = DEFINITIONAL_REPRESENTATION('',(#8835),#8839);
#8835 = LINE('',#8836,#8837);
#8836 = CARTESIAN_POINT('',(0.,29.));
#8837 = VECTOR('',#8838,1.);
#8838 = DIRECTION('',(1.,0.));
#8839 = ( GEOMETRIC_REPRESENTATION_CONTEXT(2) 
PARAMETRIC_REPRESENTATION_CONTEXT() REPRESENTATION_CONTEXT('2D SPACE',''
  ) );
#8840 = ADVANCED_FACE('',(#8841),#6808,.T.);
#8841 = FACE_BOUND('',#8842,.T.);
#8842 = EDGE_LOOP('',(#8843,#8844,#8867,#8886));
#8843 = ORIENTED_EDGE('',*,*,#8765,.T.);
#8844 = ORIENTED_EDGE('',*,*,#8845,.T.);
#8845 = EDGE_CURVE('',#8766,#8846,#8848,.T.);
#8846 = VERTEX_POINT('',#8847);
#8847 = CARTESIAN_POINT('',(-2.336813351681,290.,1.044647527412E+03));
#8848 = SURFACE_CURVE('',#8849,(#8853,#8860),.PCURVE_S1.);
#8849 = LINE('',#8850,#8851);
#8850 = CARTESIAN_POINT('',(-11.95219796706,290.,1.047394230654E+03));
#8851 = VECTOR('',#8852,1.);
#8852 = DIRECTION('',(0.961538461538,0.,-0.274670324175));
#8853 = PCURVE('',#6808,#8854);
#8854 = DEFINITIONAL_REPRESENTATION('',(#8855),#8859);
#8855 = LINE('',#8856,#8857);
#8856 = CARTESIAN_POINT('',(34.614230653823,-11.95219796706));
#8857 = VECTOR('',#8858,1.);
#8858 = DIRECTION('',(-0.274670324175,0.961538461538));
#8859 = ( GEOMETRIC_REPRESENTATION_CONTEXT(2) 
PARAMETRIC_REPRESENTATION_CONTEXT() REPRESENTATION_CONTEXT('2D SPACE',''
  ) );
#8860 = PCURVE('',#6938,#8861);
#8861 = DEFINITIONAL_REPRESENTATION('',(#8862),#8866);
#8862 = LINE('',#8863,#8864);
#8863 = CARTESIAN_POINT('',(0.,-55.));
#8864 = VECTOR('',#8865,1.);
#8865 = DIRECTION('',(1.,0.));
#8866 = ( GEOMETRIC_REPRESENTATION_CONTEXT(2) 
PARAMETRIC_REPRESENTATION_CONTEXT() REPRESENTATION_CONTEXT('2D SPACE',''
  ) );
#8867 = ORIENTED_EDGE('',*,*,#8868,.T.);
#8868 = EDGE_CURVE('',#8846,#6767,#8869,.T.);
#8869 = SURFACE_CURVE('',#8870,(#8874,#8880),.PCURVE_S1.);
#8870 = LINE('',#8871,#8872);
#8871 = CARTESIAN_POINT('',(-10.57692307692,290.,1.015801373566E+03));
#8872 = VECTOR('',#8873,1.);
#8873 = DIRECTION('',(-0.274670324175,0.,-0.961538461538));
#8874 = PCURVE('',#6808,#8875);
#8875 = DEFINITIONAL_REPRESENTATION('',(#8876),#8879);
#8876 = B_SPLINE_CURVE_WITH_KNOTS('',1,(#8877,#8878),.UNSPECIFIED.,.F.,
  .F.,(2,2),(-32.85657137141,39.141028388535),.PIECEWISE_BEZIER_KNOTS.);
#8877 = CARTESIAN_POINT('',(34.614230653823,-1.552197967066));
#8878 = CARTESIAN_POINT('',(-34.61423065382,-21.32780203293));
#8879 = ( GEOMETRIC_REPRESENTATION_CONTEXT(2) 
PARAMETRIC_REPRESENTATION_CONTEXT() REPRESENTATION_CONTEXT('2D SPACE',''
  ) );
#8880 = PCURVE('',#6781,#8881);
#8881 = DEFINITIONAL_REPRESENTATION('',(#8882),#8885);
#8882 = B_SPLINE_CURVE_WITH_KNOTS('',1,(#8883,#8884),.UNSPECIFIED.,.F.,
  .F.,(2,2),(-32.85657137141,39.141028388535),.PIECEWISE_BEZIER_KNOTS.);
#8883 = CARTESIAN_POINT('',(5.,-32.85657137141));
#8884 = CARTESIAN_POINT('',(5.,39.141028388535));
#8885 = ( GEOMETRIC_REPRESENTATION_CONTEXT(2) 
PARAMETRIC_REPRESENTATION_CONTEXT() REPRESENTATION_CONTEXT('2D SPACE',''
  ) );
#8886 = ORIENTED_EDGE('',*,*,#6792,.T.);
#8887 = ADVANCED_FACE('',(#8888,#8912),#6781,.T.);
#8888 = FACE_BOUND('',#8889,.T.);
#8889 = EDGE_LOOP('',(#8890,#8909,#8910,#8911));
#8890 = ORIENTED_EDGE('',*,*,#8891,.T.);
#8891 = EDGE_CURVE('',#8846,#8610,#8892,.T.);
#8892 = SURFACE_CURVE('',#8893,(#8897,#8903),.PCURVE_S1.);
#8893 = LINE('',#8894,#8895);
#8894 = CARTESIAN_POINT('',(-2.336813351681,265.,1.044647527412E+03));
#8895 = VECTOR('',#8896,1.);
#8896 = DIRECTION('',(0.,-1.,-0.));
#8897 = PCURVE('',#6781,#8898);
#8898 = DEFINITIONAL_REPRESENTATION('',(#8899),#8902);
#8899 = B_SPLINE_CURVE_WITH_KNOTS('',1,(#8900,#8901),.UNSPECIFIED.,.F.,
  .F.,(2,2),(-25.,19.),.PIECEWISE_BEZIER_KNOTS.);
#8900 = CARTESIAN_POINT('',(5.,-30.));
#8901 = CARTESIAN_POINT('',(49.,-30.));
#8902 = ( GEOMETRIC_REPRESENTATION_CONTEXT(2) 
PARAMETRIC_REPRESENTATION_CONTEXT() REPRESENTATION_CONTEXT('2D SPACE',''
  ) );
#8903 = PCURVE('',#6938,#8904);
#8904 = DEFINITIONAL_REPRESENTATION('',(#8905),#8908);
#8905 = B_SPLINE_CURVE_WITH_KNOTS('',1,(#8906,#8907),.UNSPECIFIED.,.F.,
  .F.,(2,2),(-25.,19.),.PIECEWISE_BEZIER_KNOTS.);
#8906 = CARTESIAN_POINT('',(10.,-55.));
#8907 = CARTESIAN_POINT('',(10.,-11.));
#8908 = ( GEOMETRIC_REPRESENTATION_CONTEXT(2) 
PARAMETRIC_REPRESENTATION_CONTEXT() REPRESENTATION_CONTEXT('2D SPACE',''
  ) );
#8909 = ORIENTED_EDGE('',*,*,#8637,.T.);
#8910 = ORIENTED_EDGE('',*,*,#6766,.T.);
#8911 = ORIENTED_EDGE('',*,*,#8868,.F.);
#8912 = FACE_BOUND('',#8913,.T.);
#8913 = EDGE_LOOP('',(#8914));
#8914 = ORIENTED_EDGE('',*,*,#8915,.F.);
#8915 = EDGE_CURVE('',#8916,#8916,#8918,.T.);
#8916 = VERTEX_POINT('',#8917);
#8917 = CARTESIAN_POINT('',(-8.104890159351,260.,1.02445521972E+03));
#8918 = SURFACE_CURVE('',#8919,(#8924,#8931),.PCURVE_S1.);
#8919 = CIRCLE('',#8920,9.);
#8920 = AXIS2_PLACEMENT_3D('',#8921,#8922,#8923);
#8921 = CARTESIAN_POINT('',(-10.57692307692,260.,1.015801373566E+03));
#8922 = DIRECTION('',(0.961538461538,0.,-0.274670324175));
#8923 = DIRECTION('',(0.274670324175,0.,0.961538461538));
#8924 = PCURVE('',#6781,#8925);
#8925 = DEFINITIONAL_REPRESENTATION('',(#8926),#8930);
#8926 = CIRCLE('',#8927,9.);
#8927 = AXIS2_PLACEMENT_2D('',#8928,#8929);
#8928 = CARTESIAN_POINT('',(35.,1.102900920579E-13));
#8929 = DIRECTION('',(0.,-1.));
#8930 = ( GEOMETRIC_REPRESENTATION_CONTEXT(2) 
PARAMETRIC_REPRESENTATION_CONTEXT() REPRESENTATION_CONTEXT('2D SPACE',''
  ) );
#8931 = PCURVE('',#8829,#8932);
#8932 = DEFINITIONAL_REPRESENTATION('',(#8933),#8937);
#8933 = LINE('',#8934,#8935);
#8934 = CARTESIAN_POINT('',(0.,39.));
#8935 = VECTOR('',#8936,1.);
#8936 = DIRECTION('',(1.,0.));
#8937 = ( GEOMETRIC_REPRESENTATION_CONTEXT(2) 
PARAMETRIC_REPRESENTATION_CONTEXT() REPRESENTATION_CONTEXT('2D SPACE',''
  ) );
#8938 = ADVANCED_FACE('',(#8939),#6938,.F.);
#8939 = FACE_BOUND('',#8940,.F.);
#8940 = EDGE_LOOP('',(#8941,#8942,#8943,#8944,#8945));
#8941 = ORIENTED_EDGE('',*,*,#6925,.F.);
#8942 = ORIENTED_EDGE('',*,*,#8788,.T.);
#8943 = ORIENTED_EDGE('',*,*,#8845,.T.);
#8944 = ORIENTED_EDGE('',*,*,#8891,.T.);
#8945 = ORIENTED_EDGE('',*,*,#8609,.T.);
#8946 = ADVANCED_FACE('',(#8947),#6913,.F.);
#8947 = FACE_BOUND('',#8948,.F.);
#8948 = EDGE_LOOP('',(#8949,#8950,#8951,#8952,#8953));
#8949 = ORIENTED_EDGE('',*,*,#6898,.F.);
#8950 = ORIENTED_EDGE('',*,*,#8583,.T.);
#8951 = ORIENTED_EDGE('',*,*,#8663,.T.);
#8952 = ORIENTED_EDGE('',*,*,#8738,.T.);
#8953 = ORIENTED_EDGE('',*,*,#8475,.F.);
#8954 = ADVANCED_FACE('',(#8955),#7702,.F.);
#8955 = FACE_BOUND('',#8956,.F.);
#8956 = EDGE_LOOP('',(#8957,#8984));
#8957 = ORIENTED_EDGE('',*,*,#8958,.F.);
#8958 = EDGE_CURVE('',#7470,#7472,#8959,.T.);
#8959 = SURFACE_CURVE('',#8960,(#8965,#8972),.PCURVE_S1.);
#8960 = CIRCLE('',#8961,30.);
#8961 = AXIS2_PLACEMENT_3D('',#8962,#8963,#8964);
#8962 = CARTESIAN_POINT('',(-43.6921045499,0.,1.01278E+03));
#8963 = DIRECTION('',(1.,0.,0.));
#8964 = DIRECTION('',(0.,1.,0.));
#8965 = PCURVE('',#7702,#8966);
#8966 = DEFINITIONAL_REPRESENTATION('',(#8967),#8971);
#8967 = LINE('',#8968,#8969);
#8968 = CARTESIAN_POINT('',(-1.570796326795,66.307895450093));
#8969 = VECTOR('',#8970,1.);
#8970 = DIRECTION('',(1.,0.));
#8971 = ( GEOMETRIC_REPRESENTATION_CONTEXT(2) 
PARAMETRIC_REPRESENTATION_CONTEXT() REPRESENTATION_CONTEXT('2D SPACE',''
  ) );
#8972 = PCURVE('',#8973,#8978);
#8973 = PLANE('',#8974);
#8974 = AXIS2_PLACEMENT_3D('',#8975,#8976,#8977);
#8975 = CARTESIAN_POINT('',(-43.6921045499,0.,1.01278E+03));
#8976 = DIRECTION('',(1.,0.,0.));
#8977 = DIRECTION('',(0.,0.,1.));
#8978 = DEFINITIONAL_REPRESENTATION('',(#8979),#8983);
#8979 = CIRCLE('',#8980,30.);
#8980 = AXIS2_PLACEMENT_2D('',#8981,#8982);
#8981 = CARTESIAN_POINT('',(0.,0.));
#8982 = DIRECTION('',(0.,-1.));
#8983 = ( GEOMETRIC_REPRESENTATION_CONTEXT(2) 
PARAMETRIC_REPRESENTATION_CONTEXT() REPRESENTATION_CONTEXT('2D SPACE',''
  ) );
#8984 = ORIENTED_EDGE('',*,*,#7469,.T.);
#8985 = ADVANCED_FACE('',(#8986),#8218,.F.);
#8986 = FACE_BOUND('',#8987,.F.);
#8987 = EDGE_LOOP('',(#8988,#9010));
#8988 = ORIENTED_EDGE('',*,*,#8989,.F.);
#8989 = EDGE_CURVE('',#7472,#7470,#8990,.T.);
#8990 = SURFACE_CURVE('',#8991,(#8996,#9003),.PCURVE_S1.);
#8991 = CIRCLE('',#8992,30.);
#8992 = AXIS2_PLACEMENT_3D('',#8993,#8994,#8995);
#8993 = CARTESIAN_POINT('',(-43.6921045499,0.,1.01278E+03));
#8994 = DIRECTION('',(1.,0.,-0.));
#8995 = DIRECTION('',(0.,0.,1.));
#8996 = PCURVE('',#8218,#8997);
#8997 = DEFINITIONAL_REPRESENTATION('',(#8998),#9002);
#8998 = LINE('',#8999,#9000);
#8999 = CARTESIAN_POINT('',(0.,66.307895450093));
#9000 = VECTOR('',#9001,1.);
#9001 = DIRECTION('',(1.,0.));
#9002 = ( GEOMETRIC_REPRESENTATION_CONTEXT(2) 
PARAMETRIC_REPRESENTATION_CONTEXT() REPRESENTATION_CONTEXT('2D SPACE',''
  ) );
#9003 = PCURVE('',#8973,#9004);
#9004 = DEFINITIONAL_REPRESENTATION('',(#9005),#9009);
#9005 = CIRCLE('',#9006,30.);
#9006 = AXIS2_PLACEMENT_2D('',#9007,#9008);
#9007 = CARTESIAN_POINT('',(0.,0.));
#9008 = DIRECTION('',(1.,0.));
#9009 = ( GEOMETRIC_REPRESENTATION_CONTEXT(2) 
PARAMETRIC_REPRESENTATION_CONTEXT() REPRESENTATION_CONTEXT('2D SPACE',''
  ) );
#9010 = ORIENTED_EDGE('',*,*,#7846,.T.);
#9011 = ADVANCED_FACE('',(#9012,#9016),#8428,.T.);
#9012 = FACE_BOUND('',#9013,.T.);
#9013 = EDGE_LOOP('',(#9014,#9015));
#9014 = ORIENTED_EDGE('',*,*,#8446,.F.);
#9015 = ORIENTED_EDGE('',*,*,#8413,.T.);
#9016 = FACE_BOUND('',#9017,.T.);
#9017 = EDGE_LOOP('',(#9018));
#9018 = ORIENTED_EDGE('',*,*,#9019,.F.);
#9019 = EDGE_CURVE('',#9020,#9020,#9022,.T.);
#9020 = VERTEX_POINT('',#9021);
#9021 = CARTESIAN_POINT('',(43.692104549907,6.123233995737E-15,
    1.03778E+03));
#9022 = SURFACE_CURVE('',#9023,(#9028,#9035),.PCURVE_S1.);
#9023 = CIRCLE('',#9024,25.);
#9024 = AXIS2_PLACEMENT_3D('',#9025,#9026,#9027);
#9025 = CARTESIAN_POINT('',(43.692104549907,0.,1.01278E+03));
#9026 = DIRECTION('',(1.,0.,-0.));
#9027 = DIRECTION('',(0.,0.,1.));
#9028 = PCURVE('',#8428,#9029);
#9029 = DEFINITIONAL_REPRESENTATION('',(#9030),#9034);
#9030 = CIRCLE('',#9031,25.);
#9031 = AXIS2_PLACEMENT_2D('',#9032,#9033);
#9032 = CARTESIAN_POINT('',(0.,0.));
#9033 = DIRECTION('',(1.,0.));
#9034 = ( GEOMETRIC_REPRESENTATION_CONTEXT(2) 
PARAMETRIC_REPRESENTATION_CONTEXT() REPRESENTATION_CONTEXT('2D SPACE',''
  ) );
#9035 = PCURVE('',#9036,#9041);
#9036 = CYLINDRICAL_SURFACE('',#9037,25.);
#9037 = AXIS2_PLACEMENT_3D('',#9038,#9039,#9040);
#9038 = CARTESIAN_POINT('',(-110.,0.,1.01278E+03));
#9039 = DIRECTION('',(1.,0.,0.));
#9040 = DIRECTION('',(0.,0.,1.));
#9041 = DEFINITIONAL_REPRESENTATION('',(#9042),#9046);
#9042 = LINE('',#9043,#9044);
#9043 = CARTESIAN_POINT('',(0.,153.6921045499));
#9044 = VECTOR('',#9045,1.);
#9045 = DIRECTION('',(1.,0.));
#9046 = ( GEOMETRIC_REPRESENTATION_CONTEXT(2) 
PARAMETRIC_REPRESENTATION_CONTEXT() REPRESENTATION_CONTEXT('2D SPACE',''
  ) );
#9047 = ADVANCED_FACE('',(#9048),#8544,.F.);
#9048 = FACE_BOUND('',#9049,.F.);
#9049 = EDGE_LOOP('',(#9050,#9051,#9072,#9073));
#9050 = ORIENTED_EDGE('',*,*,#8523,.F.);
#9051 = ORIENTED_EDGE('',*,*,#9052,.F.);
#9052 = EDGE_CURVE('',#8707,#8524,#9053,.T.);
#9053 = SEAM_CURVE('',#9054,(#9058,#9065),.PCURVE_S1.);
#9054 = LINE('',#9055,#9056);
#9055 = CARTESIAN_POINT('',(-45.60489015935,260.,1.035167362363E+03));
#9056 = VECTOR('',#9057,1.);
#9057 = DIRECTION('',(0.961538461538,0.,-0.274670324175));
#9058 = PCURVE('',#8544,#9059);
#9059 = DEFINITIONAL_REPRESENTATION('',(#9060),#9064);
#9060 = LINE('',#9061,#9062);
#9061 = CARTESIAN_POINT('',(6.28318530718,-0.));
#9062 = VECTOR('',#9063,1.);
#9063 = DIRECTION('',(0.,1.));
#9064 = ( GEOMETRIC_REPRESENTATION_CONTEXT(2) 
PARAMETRIC_REPRESENTATION_CONTEXT() REPRESENTATION_CONTEXT('2D SPACE',''
  ) );
#9065 = PCURVE('',#8544,#9066);
#9066 = DEFINITIONAL_REPRESENTATION('',(#9067),#9071);
#9067 = LINE('',#9068,#9069);
#9068 = CARTESIAN_POINT('',(0.,-0.));
#9069 = VECTOR('',#9070,1.);
#9070 = DIRECTION('',(0.,1.));
#9071 = ( GEOMETRIC_REPRESENTATION_CONTEXT(2) 
PARAMETRIC_REPRESENTATION_CONTEXT() REPRESENTATION_CONTEXT('2D SPACE',''
  ) );
#9072 = ORIENTED_EDGE('',*,*,#8706,.T.);
#9073 = ORIENTED_EDGE('',*,*,#9052,.T.);
#9074 = ADVANCED_FACE('',(#9075),#8829,.F.);
#9075 = FACE_BOUND('',#9076,.F.);
#9076 = EDGE_LOOP('',(#9077,#9078,#9099,#9100));
#9077 = ORIENTED_EDGE('',*,*,#8915,.F.);
#9078 = ORIENTED_EDGE('',*,*,#9079,.F.);
#9079 = EDGE_CURVE('',#8813,#8916,#9080,.T.);
#9080 = SEAM_CURVE('',#9081,(#9085,#9092),.PCURVE_S1.);
#9081 = LINE('',#9082,#9083);
#9082 = CARTESIAN_POINT('',(-45.60489015935,260.,1.035167362363E+03));
#9083 = VECTOR('',#9084,1.);
#9084 = DIRECTION('',(0.961538461538,0.,-0.274670324175));
#9085 = PCURVE('',#8829,#9086);
#9086 = DEFINITIONAL_REPRESENTATION('',(#9087),#9091);
#9087 = LINE('',#9088,#9089);
#9088 = CARTESIAN_POINT('',(6.28318530718,-0.));
#9089 = VECTOR('',#9090,1.);
#9090 = DIRECTION('',(0.,1.));
#9091 = ( GEOMETRIC_REPRESENTATION_CONTEXT(2) 
PARAMETRIC_REPRESENTATION_CONTEXT() REPRESENTATION_CONTEXT('2D SPACE',''
  ) );
#9092 = PCURVE('',#8829,#9093);
#9093 = DEFINITIONAL_REPRESENTATION('',(#9094),#9098);
#9094 = LINE('',#9095,#9096);
#9095 = CARTESIAN_POINT('',(0.,-0.));
#9096 = VECTOR('',#9097,1.);
#9097 = DIRECTION('',(0.,1.));
#9098 = ( GEOMETRIC_REPRESENTATION_CONTEXT(2) 
PARAMETRIC_REPRESENTATION_CONTEXT() REPRESENTATION_CONTEXT('2D SPACE',''
  ) );
#9099 = ORIENTED_EDGE('',*,*,#8812,.T.);
#9100 = ORIENTED_EDGE('',*,*,#9079,.T.);
#9101 = ADVANCED_FACE('',(#9102,#9106),#8973,.F.);
#9102 = FACE_BOUND('',#9103,.F.);
#9103 = EDGE_LOOP('',(#9104,#9105));
#9104 = ORIENTED_EDGE('',*,*,#8989,.T.);
#9105 = ORIENTED_EDGE('',*,*,#8958,.T.);
#9106 = FACE_BOUND('',#9107,.F.);
#9107 = EDGE_LOOP('',(#9108));
#9108 = ORIENTED_EDGE('',*,*,#9109,.F.);
#9109 = EDGE_CURVE('',#9110,#9110,#9112,.T.);
#9110 = VERTEX_POINT('',#9111);
#9111 = CARTESIAN_POINT('',(-43.6921045499,6.123233995737E-15,
    1.03778E+03));
#9112 = SURFACE_CURVE('',#9113,(#9118,#9125),.PCURVE_S1.);
#9113 = CIRCLE('',#9114,25.);
#9114 = AXIS2_PLACEMENT_3D('',#9115,#9116,#9117);
#9115 = CARTESIAN_POINT('',(-43.6921045499,0.,1.01278E+03));
#9116 = DIRECTION('',(1.,0.,-0.));
#9117 = DIRECTION('',(0.,0.,1.));
#9118 = PCURVE('',#8973,#9119);
#9119 = DEFINITIONAL_REPRESENTATION('',(#9120),#9124);
#9120 = CIRCLE('',#9121,25.);
#9121 = AXIS2_PLACEMENT_2D('',#9122,#9123);
#9122 = CARTESIAN_POINT('',(0.,0.));
#9123 = DIRECTION('',(1.,0.));
#9124 = ( GEOMETRIC_REPRESENTATION_CONTEXT(2) 
PARAMETRIC_REPRESENTATION_CONTEXT() REPRESENTATION_CONTEXT('2D SPACE',''
  ) );
#9125 = PCURVE('',#9126,#9131);
#9126 = CYLINDRICAL_SURFACE('',#9127,25.);
#9127 = AXIS2_PLACEMENT_3D('',#9128,#9129,#9130);
#9128 = CARTESIAN_POINT('',(-110.,0.,1.01278E+03));
#9129 = DIRECTION('',(1.,0.,0.));
#9130 = DIRECTION('',(0.,0.,1.));
#9131 = DEFINITIONAL_REPRESENTATION('',(#9132),#9136);
#9132 = LINE('',#9133,#9134);
#9133 = CARTESIAN_POINT('',(0.,66.307895450093));
#9134 = VECTOR('',#9135,1.);
#9135 = DIRECTION('',(1.,0.));
#9136 = ( GEOMETRIC_REPRESENTATION_CONTEXT(2) 
PARAMETRIC_REPRESENTATION_CONTEXT() REPRESENTATION_CONTEXT('2D SPACE',''
  ) );
#9137 = ADVANCED_FACE('',(#9138),#9036,.F.);
#9138 = FACE_BOUND('',#9139,.F.);
#9139 = EDGE_LOOP('',(#9140,#9169,#9190,#9191));
#9140 = ORIENTED_EDGE('',*,*,#9141,.T.);
#9141 = EDGE_CURVE('',#9142,#9142,#9144,.T.);
#9142 = VERTEX_POINT('',#9143);
#9143 = CARTESIAN_POINT('',(12.692104549907,6.123233995737E-15,
    1.03778E+03));
#9144 = SURFACE_CURVE('',#9145,(#9150,#9157),.PCURVE_S1.);
#9145 = CIRCLE('',#9146,25.);
#9146 = AXIS2_PLACEMENT_3D('',#9147,#9148,#9149);
#9147 = CARTESIAN_POINT('',(12.692104549907,0.,1.01278E+03));
#9148 = DIRECTION('',(1.,0.,-0.));
#9149 = DIRECTION('',(0.,0.,1.));
#9150 = PCURVE('',#9036,#9151);
#9151 = DEFINITIONAL_REPRESENTATION('',(#9152),#9156);
#9152 = LINE('',#9153,#9154);
#9153 = CARTESIAN_POINT('',(0.,122.6921045499));
#9154 = VECTOR('',#9155,1.);
#9155 = DIRECTION('',(1.,0.));
#9156 = ( GEOMETRIC_REPRESENTATION_CONTEXT(2) 
PARAMETRIC_REPRESENTATION_CONTEXT() REPRESENTATION_CONTEXT('2D SPACE',''
  ) );
#9157 = PCURVE('',#9158,#9163);
#9158 = CONICAL_SURFACE('',#9159,22.,0.643501108793);
#9159 = AXIS2_PLACEMENT_3D('',#9160,#9161,#9162);
#9160 = CARTESIAN_POINT('',(8.692104549907,0.,1.01278E+03));
#9161 = DIRECTION('',(1.,0.,0.));
#9162 = DIRECTION('',(0.,0.,1.));
#9163 = DEFINITIONAL_REPRESENTATION('',(#9164),#9168);
#9164 = LINE('',#9165,#9166);
#9165 = CARTESIAN_POINT('',(0.,4.));
#9166 = VECTOR('',#9167,1.);
#9167 = DIRECTION('',(1.,0.));
#9168 = ( GEOMETRIC_REPRESENTATION_CONTEXT(2) 
PARAMETRIC_REPRESENTATION_CONTEXT() REPRESENTATION_CONTEXT('2D SPACE',''
  ) );
#9169 = ORIENTED_EDGE('',*,*,#9170,.T.);
#9170 = EDGE_CURVE('',#9142,#9020,#9171,.T.);
#9171 = SEAM_CURVE('',#9172,(#9176,#9183),.PCURVE_S1.);
#9172 = LINE('',#9173,#9174);
#9173 = CARTESIAN_POINT('',(-110.,6.123233995737E-15,1.03778E+03));
#9174 = VECTOR('',#9175,1.);
#9175 = DIRECTION('',(1.,0.,0.));
#9176 = PCURVE('',#9036,#9177);
#9177 = DEFINITIONAL_REPRESENTATION('',(#9178),#9182);
#9178 = LINE('',#9179,#9180);
#9179 = CARTESIAN_POINT('',(6.28318530718,0.));
#9180 = VECTOR('',#9181,1.);
#9181 = DIRECTION('',(0.,1.));
#9182 = ( GEOMETRIC_REPRESENTATION_CONTEXT(2) 
PARAMETRIC_REPRESENTATION_CONTEXT() REPRESENTATION_CONTEXT('2D SPACE',''
  ) );
#9183 = PCURVE('',#9036,#9184);
#9184 = DEFINITIONAL_REPRESENTATION('',(#9185),#9189);
#9185 = LINE('',#9186,#9187);
#9186 = CARTESIAN_POINT('',(4.138911435803E-13,0.));
#9187 = VECTOR('',#9188,1.);
#9188 = DIRECTION('',(0.,1.));
#9189 = ( GEOMETRIC_REPRESENTATION_CONTEXT(2) 
PARAMETRIC_REPRESENTATION_CONTEXT() REPRESENTATION_CONTEXT('2D SPACE',''
  ) );
#9190 = ORIENTED_EDGE('',*,*,#9019,.F.);
#9191 = ORIENTED_EDGE('',*,*,#9170,.F.);
#9192 = ADVANCED_FACE('',(#9193),#9126,.F.);
#9193 = FACE_BOUND('',#9194,.F.);
#9194 = EDGE_LOOP('',(#9195,#9218,#9219,#9220));
#9195 = ORIENTED_EDGE('',*,*,#9196,.F.);
#9196 = EDGE_CURVE('',#9110,#9197,#9199,.T.);
#9197 = VERTEX_POINT('',#9198);
#9198 = CARTESIAN_POINT('',(-12.6921045499,6.123233995737E-15,
    1.03778E+03));
#9199 = SEAM_CURVE('',#9200,(#9204,#9211),.PCURVE_S1.);
#9200 = LINE('',#9201,#9202);
#9201 = CARTESIAN_POINT('',(-110.,6.123233995737E-15,1.03778E+03));
#9202 = VECTOR('',#9203,1.);
#9203 = DIRECTION('',(1.,0.,0.));
#9204 = PCURVE('',#9126,#9205);
#9205 = DEFINITIONAL_REPRESENTATION('',(#9206),#9210);
#9206 = LINE('',#9207,#9208);
#9207 = CARTESIAN_POINT('',(4.138911435803E-13,0.));
#9208 = VECTOR('',#9209,1.);
#9209 = DIRECTION('',(0.,1.));
#9210 = ( GEOMETRIC_REPRESENTATION_CONTEXT(2) 
PARAMETRIC_REPRESENTATION_CONTEXT() REPRESENTATION_CONTEXT('2D SPACE',''
  ) );
#9211 = PCURVE('',#9126,#9212);
#9212 = DEFINITIONAL_REPRESENTATION('',(#9213),#9217);
#9213 = LINE('',#9214,#9215);
#9214 = CARTESIAN_POINT('',(6.28318530718,0.));
#9215 = VECTOR('',#9216,1.);
#9216 = DIRECTION('',(0.,1.));
#9217 = ( GEOMETRIC_REPRESENTATION_CONTEXT(2) 
PARAMETRIC_REPRESENTATION_CONTEXT() REPRESENTATION_CONTEXT('2D SPACE',''
  ) );
#9218 = ORIENTED_EDGE('',*,*,#9109,.T.);
#9219 = ORIENTED_EDGE('',*,*,#9196,.T.);
#9220 = ORIENTED_EDGE('',*,*,#9221,.F.);
#9221 = EDGE_CURVE('',#9197,#9197,#9222,.T.);
#9222 = SURFACE_CURVE('',#9223,(#9228,#9235),.PCURVE_S1.);
#9223 = CIRCLE('',#9224,25.);
#9224 = AXIS2_PLACEMENT_3D('',#9225,#9226,#9227);
#9225 = CARTESIAN_POINT('',(-12.6921045499,0.,1.01278E+03));
#9226 = DIRECTION('',(1.,0.,-0.));
#9227 = DIRECTION('',(0.,0.,1.));
#9228 = PCURVE('',#9126,#9229);
#9229 = DEFINITIONAL_REPRESENTATION('',(#9230),#9234);
#9230 = LINE('',#9231,#9232);
#9231 = CARTESIAN_POINT('',(0.,97.3078954501));
#9232 = VECTOR('',#9233,1.);
#9233 = DIRECTION('',(1.,0.));
#9234 = ( GEOMETRIC_REPRESENTATION_CONTEXT(2) 
PARAMETRIC_REPRESENTATION_CONTEXT() REPRESENTATION_CONTEXT('2D SPACE',''
  ) );
#9235 = PCURVE('',#9236,#9241);
#9236 = CONICAL_SURFACE('',#9237,25.,0.643501108793);
#9237 = AXIS2_PLACEMENT_3D('',#9238,#9239,#9240);
#9238 = CARTESIAN_POINT('',(-12.6921045499,0.,1.01278E+03));
#9239 = DIRECTION('',(-1.,-0.,-0.));
#9240 = DIRECTION('',(0.,0.,1.));
#9241 = DEFINITIONAL_REPRESENTATION('',(#9242),#9246);
#9242 = LINE('',#9243,#9244);
#9243 = CARTESIAN_POINT('',(6.28318530718,0.));
#9244 = VECTOR('',#9245,1.);
#9245 = DIRECTION('',(-1.,0.));
#9246 = ( GEOMETRIC_REPRESENTATION_CONTEXT(2) 
PARAMETRIC_REPRESENTATION_CONTEXT() REPRESENTATION_CONTEXT('2D SPACE',''
  ) );
#9247 = ADVANCED_FACE('',(#9248),#9158,.F.);
#9248 = FACE_BOUND('',#9249,.F.);
#9249 = EDGE_LOOP('',(#9250,#9251,#9274,#9300));
#9250 = ORIENTED_EDGE('',*,*,#9141,.F.);
#9251 = ORIENTED_EDGE('',*,*,#9252,.F.);
#9252 = EDGE_CURVE('',#9253,#9142,#9255,.T.);
#9253 = VERTEX_POINT('',#9254);
#9254 = CARTESIAN_POINT('',(8.692104549907,5.388445916248E-15,
    1.03478E+03));
#9255 = SEAM_CURVE('',#9256,(#9260,#9267),.PCURVE_S1.);
#9256 = LINE('',#9257,#9258);
#9257 = CARTESIAN_POINT('',(8.692104549907,5.388445916248E-15,
    1.03478E+03));
#9258 = VECTOR('',#9259,1.);
#9259 = DIRECTION('',(0.8,1.469576158977E-16,0.6));
#9260 = PCURVE('',#9158,#9261);
#9261 = DEFINITIONAL_REPRESENTATION('',(#9262),#9266);
#9262 = LINE('',#9263,#9264);
#9263 = CARTESIAN_POINT('',(0.,-0.));
#9264 = VECTOR('',#9265,1.);
#9265 = DIRECTION('',(0.,1.));
#9266 = ( GEOMETRIC_REPRESENTATION_CONTEXT(2) 
PARAMETRIC_REPRESENTATION_CONTEXT() REPRESENTATION_CONTEXT('2D SPACE',''
  ) );
#9267 = PCURVE('',#9158,#9268);
#9268 = DEFINITIONAL_REPRESENTATION('',(#9269),#9273);
#9269 = LINE('',#9270,#9271);
#9270 = CARTESIAN_POINT('',(6.28318530718,-0.));
#9271 = VECTOR('',#9272,1.);
#9272 = DIRECTION('',(0.,1.));
#9273 = ( GEOMETRIC_REPRESENTATION_CONTEXT(2) 
PARAMETRIC_REPRESENTATION_CONTEXT() REPRESENTATION_CONTEXT('2D SPACE',''
  ) );
#9274 = ORIENTED_EDGE('',*,*,#9275,.T.);
#9275 = EDGE_CURVE('',#9253,#9253,#9276,.T.);
#9276 = SURFACE_CURVE('',#9277,(#9282,#9288),.PCURVE_S1.);
#9277 = CIRCLE('',#9278,22.);
#9278 = AXIS2_PLACEMENT_3D('',#9279,#9280,#9281);
#9279 = CARTESIAN_POINT('',(8.692104549907,0.,1.01278E+03));
#9280 = DIRECTION('',(1.,0.,-0.));
#9281 = DIRECTION('',(0.,0.,1.));
#9282 = PCURVE('',#9158,#9283);
#9283 = DEFINITIONAL_REPRESENTATION('',(#9284),#9287);
#9284 = B_SPLINE_CURVE_WITH_KNOTS('',1,(#9285,#9286),.UNSPECIFIED.,.F.,
  .F.,(2,2),(0.,6.28318530718),.PIECEWISE_BEZIER_KNOTS.);
#9285 = CARTESIAN_POINT('',(0.,0.));
#9286 = CARTESIAN_POINT('',(6.28318530718,0.));
#9287 = ( GEOMETRIC_REPRESENTATION_CONTEXT(2) 
PARAMETRIC_REPRESENTATION_CONTEXT() REPRESENTATION_CONTEXT('2D SPACE',''
  ) );
#9288 = PCURVE('',#9289,#9294);
#9289 = CYLINDRICAL_SURFACE('',#9290,22.);
#9290 = AXIS2_PLACEMENT_3D('',#9291,#9292,#9293);
#9291 = CARTESIAN_POINT('',(-8.6921045499,0.,1.01278E+03));
#9292 = DIRECTION('',(1.,0.,0.));
#9293 = DIRECTION('',(0.,0.,1.));
#9294 = DEFINITIONAL_REPRESENTATION('',(#9295),#9299);
#9295 = LINE('',#9296,#9297);
#9296 = CARTESIAN_POINT('',(0.,17.384209099807));
#9297 = VECTOR('',#9298,1.);
#9298 = DIRECTION('',(1.,0.));
#9299 = ( GEOMETRIC_REPRESENTATION_CONTEXT(2) 
PARAMETRIC_REPRESENTATION_CONTEXT() REPRESENTATION_CONTEXT('2D SPACE',''
  ) );
#9300 = ORIENTED_EDGE('',*,*,#9252,.T.);
#9301 = ADVANCED_FACE('',(#9302),#9236,.F.);
#9302 = FACE_BOUND('',#9303,.F.);
#9303 = EDGE_LOOP('',(#9304,#9327,#9348,#9349));
#9304 = ORIENTED_EDGE('',*,*,#9305,.F.);
#9305 = EDGE_CURVE('',#9306,#9306,#9308,.T.);
#9306 = VERTEX_POINT('',#9307);
#9307 = CARTESIAN_POINT('',(-8.6921045499,5.388445916248E-15,1.03478E+03
    ));
#9308 = SURFACE_CURVE('',#9309,(#9314,#9321),.PCURVE_S1.);
#9309 = CIRCLE('',#9310,22.);
#9310 = AXIS2_PLACEMENT_3D('',#9311,#9312,#9313);
#9311 = CARTESIAN_POINT('',(-8.6921045499,0.,1.01278E+03));
#9312 = DIRECTION('',(1.,0.,-0.));
#9313 = DIRECTION('',(0.,0.,1.));
#9314 = PCURVE('',#9236,#9315);
#9315 = DEFINITIONAL_REPRESENTATION('',(#9316),#9320);
#9316 = LINE('',#9317,#9318);
#9317 = CARTESIAN_POINT('',(6.28318530718,-4.000000000001));
#9318 = VECTOR('',#9319,1.);
#9319 = DIRECTION('',(-1.,0.));
#9320 = ( GEOMETRIC_REPRESENTATION_CONTEXT(2) 
PARAMETRIC_REPRESENTATION_CONTEXT() REPRESENTATION_CONTEXT('2D SPACE',''
  ) );
#9321 = PCURVE('',#9289,#9322);
#9322 = DEFINITIONAL_REPRESENTATION('',(#9323),#9326);
#9323 = B_SPLINE_CURVE_WITH_KNOTS('',1,(#9324,#9325),.UNSPECIFIED.,.F.,
  .F.,(2,2),(0.,6.28318530718),.PIECEWISE_BEZIER_KNOTS.);
#9324 = CARTESIAN_POINT('',(0.,0.));
#9325 = CARTESIAN_POINT('',(6.28318530718,0.));
#9326 = ( GEOMETRIC_REPRESENTATION_CONTEXT(2) 
PARAMETRIC_REPRESENTATION_CONTEXT() REPRESENTATION_CONTEXT('2D SPACE',''
  ) );
#9327 = ORIENTED_EDGE('',*,*,#9328,.F.);
#9328 = EDGE_CURVE('',#9197,#9306,#9329,.T.);
#9329 = SEAM_CURVE('',#9330,(#9334,#9341),.PCURVE_S1.);
#9330 = LINE('',#9331,#9332);
#9331 = CARTESIAN_POINT('',(-12.6921045499,6.123233995737E-15,
    1.03778E+03));
#9332 = VECTOR('',#9333,1.);
#9333 = DIRECTION('',(0.8,-1.469576158977E-16,-0.6));
#9334 = PCURVE('',#9236,#9335);
#9335 = DEFINITIONAL_REPRESENTATION('',(#9336),#9340);
#9336 = LINE('',#9337,#9338);
#9337 = CARTESIAN_POINT('',(6.28318530718,0.));
#9338 = VECTOR('',#9339,1.);
#9339 = DIRECTION('',(-0.,-1.));
#9340 = ( GEOMETRIC_REPRESENTATION_CONTEXT(2) 
PARAMETRIC_REPRESENTATION_CONTEXT() REPRESENTATION_CONTEXT('2D SPACE',''
  ) );
#9341 = PCURVE('',#9236,#9342);
#9342 = DEFINITIONAL_REPRESENTATION('',(#9343),#9347);
#9343 = LINE('',#9344,#9345);
#9344 = CARTESIAN_POINT('',(-4.138911435803E-13,0.));
#9345 = VECTOR('',#9346,1.);
#9346 = DIRECTION('',(-0.,-1.));
#9347 = ( GEOMETRIC_REPRESENTATION_CONTEXT(2) 
PARAMETRIC_REPRESENTATION_CONTEXT() REPRESENTATION_CONTEXT('2D SPACE',''
  ) );
#9348 = ORIENTED_EDGE('',*,*,#9221,.T.);
#9349 = ORIENTED_EDGE('',*,*,#9328,.T.);
#9350 = ADVANCED_FACE('',(#9351),#9289,.F.);
#9351 = FACE_BOUND('',#9352,.F.);
#9352 = EDGE_LOOP('',(#9353,#9354,#9375,#9376));
#9353 = ORIENTED_EDGE('',*,*,#9275,.F.);
#9354 = ORIENTED_EDGE('',*,*,#9355,.F.);
#9355 = EDGE_CURVE('',#9306,#9253,#9356,.T.);
#9356 = SEAM_CURVE('',#9357,(#9361,#9368),.PCURVE_S1.);
#9357 = LINE('',#9358,#9359);
#9358 = CARTESIAN_POINT('',(-8.6921045499,5.388445916248E-15,1.03478E+03
    ));
#9359 = VECTOR('',#9360,1.);
#9360 = DIRECTION('',(1.,0.,0.));
#9361 = PCURVE('',#9289,#9362);
#9362 = DEFINITIONAL_REPRESENTATION('',(#9363),#9367);
#9363 = LINE('',#9364,#9365);
#9364 = CARTESIAN_POINT('',(0.,-0.));
#9365 = VECTOR('',#9366,1.);
#9366 = DIRECTION('',(0.,1.));
#9367 = ( GEOMETRIC_REPRESENTATION_CONTEXT(2) 
PARAMETRIC_REPRESENTATION_CONTEXT() REPRESENTATION_CONTEXT('2D SPACE',''
  ) );
#9368 = PCURVE('',#9289,#9369);
#9369 = DEFINITIONAL_REPRESENTATION('',(#9370),#9374);
#9370 = LINE('',#9371,#9372);
#9371 = CARTESIAN_POINT('',(6.28318530718,-0.));
#9372 = VECTOR('',#9373,1.);
#9373 = DIRECTION('',(0.,1.));
#9374 = ( GEOMETRIC_REPRESENTATION_CONTEXT(2) 
PARAMETRIC_REPRESENTATION_CONTEXT() REPRESENTATION_CONTEXT('2D SPACE',''
  ) );
#9375 = ORIENTED_EDGE('',*,*,#9305,.T.);
#9376 = ORIENTED_EDGE('',*,*,#9355,.T.);
#9377 = ( GEOMETRIC_REPRESENTATION_CONTEXT(3) 
GLOBAL_UNCERTAINTY_ASSIGNED_CONTEXT((#9381)) 
GLOBAL_UNIT_ASSIGNED_CONTEXT((#9378,#9379,#9380)) REPRESENTATION_CONTEXT
('Context #1','3D Context with UNIT and UNCERTAINTY') );
#9378 = ( LENGTH_UNIT() NAMED_UNIT(*) SI_UNIT(.MILLI.,.METRE.) );
#9379 = ( NAMED_UNIT(*) PLANE_ANGLE_UNIT() SI_UNIT($,.RADIAN.) );
#9380 = ( NAMED_UNIT(*) SI_UNIT($,.STERADIAN.) SOLID_ANGLE_UNIT() );
#9381 = UNCERTAINTY_MEASURE_WITH_UNIT(LENGTH_MEASURE(2.E-05),#9378,
  'distance_accuracy_value','confusion accuracy');
#9382 = CONTEXT_DEPENDENT_SHAPE_REPRESENTATION(#9383,#9385);
#9383 = ( REPRESENTATION_RELATIONSHIP('','',#52,#10) 
REPRESENTATION_RELATIONSHIP_WITH_TRANSFORMATION(#9384) 
SHAPE_REPRESENTATION_RELATIONSHIP() );
#9384 = ITEM_DEFINED_TRANSFORMATION('','',#11,#15);
#9385 = PRODUCT_DEFINITION_SHAPE('Placement','Placement of an item',
  #9386);
#9386 = NEXT_ASSEMBLY_USAGE_OCCURRENCE('7','HEAD_BARREL_7075','',#5,#47,
  $);
#9387 = PRODUCT_RELATED_PRODUCT_CATEGORY('part',$,(#49));
#9388 = SHAPE_DEFINITION_REPRESENTATION(#9389,#9395);
#9389 = PRODUCT_DEFINITION_SHAPE('','',#9390);
#9390 = PRODUCT_DEFINITION('design','',#9391,#9394);
#9391 = PRODUCT_DEFINITION_FORMATION('','',#9392);
#9392 = PRODUCT('SHAFT_300M_CONTINUOUS','SHAFT_300M_CONTINUOUS','',(
    #9393));
#9393 = PRODUCT_CONTEXT('',#2,'mechanical');
#9394 = PRODUCT_DEFINITION_CONTEXT('part definition',#2,'design');
#9395 = ADVANCED_BREP_SHAPE_REPRESENTATION('',(#11,#9396),#9604);
#9396 = MANIFOLD_SOLID_BREP('',#9397);
#9397 = CLOSED_SHELL('',(#9398,#9486,#9569,#9596,#9600));
#9398 = ADVANCED_FACE('',(#9399),#9413,.T.);
#9399 = FACE_BOUND('',#9400,.T.);
#9400 = EDGE_LOOP('',(#9401,#9431,#9458,#9459));
#9401 = ORIENTED_EDGE('',*,*,#9402,.F.);
#9402 = EDGE_CURVE('',#9403,#9405,#9407,.T.);
#9403 = VERTEX_POINT('',#9404);
#9404 = CARTESIAN_POINT('',(-87.5,4.65365783676E-15,1.03178E+03));
#9405 = VERTEX_POINT('',#9406);
#9406 = CARTESIAN_POINT('',(-62.5,4.65365783676E-15,1.03178E+03));
#9407 = SEAM_CURVE('',#9408,(#9412,#9424),.PCURVE_S1.);
#9408 = LINE('',#9409,#9410);
#9409 = CARTESIAN_POINT('',(-87.5,4.65365783676E-15,1.03178E+03));
#9410 = VECTOR('',#9411,1.);
#9411 = DIRECTION('',(1.,0.,0.));
#9412 = PCURVE('',#9413,#9418);
#9413 = CYLINDRICAL_SURFACE('',#9414,19.);
#9414 = AXIS2_PLACEMENT_3D('',#9415,#9416,#9417);
#9415 = CARTESIAN_POINT('',(-87.5,0.,1.01278E+03));
#9416 = DIRECTION('',(1.,0.,0.));
#9417 = DIRECTION('',(0.,0.,1.));
#9418 = DEFINITIONAL_REPRESENTATION('',(#9419),#9423);
#9419 = LINE('',#9420,#9421);
#9420 = CARTESIAN_POINT('',(0.,-0.));
#9421 = VECTOR('',#9422,1.);
#9422 = DIRECTION('',(0.,1.));
#9423 = ( GEOMETRIC_REPRESENTATION_CONTEXT(2) 
PARAMETRIC_REPRESENTATION_CONTEXT() REPRESENTATION_CONTEXT('2D SPACE',''
  ) );
#9424 = PCURVE('',#9413,#9425);
#9425 = DEFINITIONAL_REPRESENTATION('',(#9426),#9430);
#9426 = LINE('',#9427,#9428);
#9427 = CARTESIAN_POINT('',(6.28318530718,-0.));
#9428 = VECTOR('',#9429,1.);
#9429 = DIRECTION('',(0.,1.));
#9430 = ( GEOMETRIC_REPRESENTATION_CONTEXT(2) 
PARAMETRIC_REPRESENTATION_CONTEXT() REPRESENTATION_CONTEXT('2D SPACE',''
  ) );
#9431 = ORIENTED_EDGE('',*,*,#9432,.T.);
#9432 = EDGE_CURVE('',#9403,#9403,#9433,.T.);
#9433 = SURFACE_CURVE('',#9434,(#9439,#9446),.PCURVE_S1.);
#9434 = CIRCLE('',#9435,19.);
#9435 = AXIS2_PLACEMENT_3D('',#9436,#9437,#9438);
#9436 = CARTESIAN_POINT('',(-87.5,0.,1.01278E+03));
#9437 = DIRECTION('',(1.,0.,-0.));
#9438 = DIRECTION('',(0.,0.,1.));
#9439 = PCURVE('',#9413,#9440);
#9440 = DEFINITIONAL_REPRESENTATION('',(#9441),#9445);
#9441 = LINE('',#9442,#9443);
#9442 = CARTESIAN_POINT('',(0.,0.));
#9443 = VECTOR('',#9444,1.);
#9444 = DIRECTION('',(1.,0.));
#9445 = ( GEOMETRIC_REPRESENTATION_CONTEXT(2) 
PARAMETRIC_REPRESENTATION_CONTEXT() REPRESENTATION_CONTEXT('2D SPACE',''
  ) );
#9446 = PCURVE('',#9447,#9452);
#9447 = PLANE('',#9448);
#9448 = AXIS2_PLACEMENT_3D('',#9449,#9450,#9451);
#9449 = CARTESIAN_POINT('',(-87.5,0.,1.01278E+03));
#9450 = DIRECTION('',(1.,0.,0.));
#9451 = DIRECTION('',(0.,0.,1.));
#9452 = DEFINITIONAL_REPRESENTATION('',(#9453),#9457);
#9453 = CIRCLE('',#9454,19.);
#9454 = AXIS2_PLACEMENT_2D('',#9455,#9456);
#9455 = CARTESIAN_POINT('',(0.,0.));
#9456 = DIRECTION('',(1.,0.));
#9457 = ( GEOMETRIC_REPRESENTATION_CONTEXT(2) 
PARAMETRIC_REPRESENTATION_CONTEXT() REPRESENTATION_CONTEXT('2D SPACE',''
  ) );
#9458 = ORIENTED_EDGE('',*,*,#9402,.T.);
#9459 = ORIENTED_EDGE('',*,*,#9460,.F.);
#9460 = EDGE_CURVE('',#9405,#9405,#9461,.T.);
#9461 = SURFACE_CURVE('',#9462,(#9467,#9474),.PCURVE_S1.);
#9462 = CIRCLE('',#9463,19.);
#9463 = AXIS2_PLACEMENT_3D('',#9464,#9465,#9466);
#9464 = CARTESIAN_POINT('',(-62.5,0.,1.01278E+03));
#9465 = DIRECTION('',(1.,0.,-0.));
#9466 = DIRECTION('',(0.,0.,1.));
#9467 = PCURVE('',#9413,#9468);
#9468 = DEFINITIONAL_REPRESENTATION('',(#9469),#9473);
#9469 = LINE('',#9470,#9471);
#9470 = CARTESIAN_POINT('',(0.,25.));
#9471 = VECTOR('',#9472,1.);
#9472 = DIRECTION('',(1.,0.));
#9473 = ( GEOMETRIC_REPRESENTATION_CONTEXT(2) 
PARAMETRIC_REPRESENTATION_CONTEXT() REPRESENTATION_CONTEXT('2D SPACE',''
  ) );
#9474 = PCURVE('',#9475,#9480);
#9475 = CYLINDRICAL_SURFACE('',#9476,19.);
#9476 = AXIS2_PLACEMENT_3D('',#9477,#9478,#9479);
#9477 = CARTESIAN_POINT('',(-87.5,0.,1.01278E+03));
#9478 = DIRECTION('',(1.,0.,0.));
#9479 = DIRECTION('',(0.,0.,1.));
#9480 = DEFINITIONAL_REPRESENTATION('',(#9481),#9485);
#9481 = LINE('',#9482,#9483);
#9482 = CARTESIAN_POINT('',(0.,25.));
#9483 = VECTOR('',#9484,1.);
#9484 = DIRECTION('',(1.,0.));
#9485 = ( GEOMETRIC_REPRESENTATION_CONTEXT(2) 
PARAMETRIC_REPRESENTATION_CONTEXT() REPRESENTATION_CONTEXT('2D SPACE',''
  ) );
#9486 = ADVANCED_FACE('',(#9487),#9501,.T.);
#9487 = FACE_BOUND('',#9488,.T.);
#9488 = EDGE_LOOP('',(#9489,#9519,#9546,#9547));
#9489 = ORIENTED_EDGE('',*,*,#9490,.T.);
#9490 = EDGE_CURVE('',#9491,#9493,#9495,.T.);
#9491 = VERTEX_POINT('',#9492);
#9492 = CARTESIAN_POINT('',(62.5,4.65365783676E-15,1.03178E+03));
#9493 = VERTEX_POINT('',#9494);
#9494 = CARTESIAN_POINT('',(87.5,4.65365783676E-15,1.03178E+03));
#9495 = SEAM_CURVE('',#9496,(#9500,#9512),.PCURVE_S1.);
#9496 = LINE('',#9497,#9498);
#9497 = CARTESIAN_POINT('',(-87.5,4.65365783676E-15,1.03178E+03));
#9498 = VECTOR('',#9499,1.);
#9499 = DIRECTION('',(1.,0.,0.));
#9500 = PCURVE('',#9501,#9506);
#9501 = CYLINDRICAL_SURFACE('',#9502,19.);
#9502 = AXIS2_PLACEMENT_3D('',#9503,#9504,#9505);
#9503 = CARTESIAN_POINT('',(-87.5,0.,1.01278E+03));
#9504 = DIRECTION('',(1.,0.,0.));
#9505 = DIRECTION('',(0.,0.,1.));
#9506 = DEFINITIONAL_REPRESENTATION('',(#9507),#9511);
#9507 = LINE('',#9508,#9509);
#9508 = CARTESIAN_POINT('',(6.28318530718,0.));
#9509 = VECTOR('',#9510,1.);
#9510 = DIRECTION('',(0.,1.));
#9511 = ( GEOMETRIC_REPRESENTATION_CONTEXT(2) 
PARAMETRIC_REPRESENTATION_CONTEXT() REPRESENTATION_CONTEXT('2D SPACE',''
  ) );
#9512 = PCURVE('',#9501,#9513);
#9513 = DEFINITIONAL_REPRESENTATION('',(#9514),#9518);
#9514 = LINE('',#9515,#9516);
#9515 = CARTESIAN_POINT('',(4.138911435803E-13,0.));
#9516 = VECTOR('',#9517,1.);
#9517 = DIRECTION('',(0.,1.));
#9518 = ( GEOMETRIC_REPRESENTATION_CONTEXT(2) 
PARAMETRIC_REPRESENTATION_CONTEXT() REPRESENTATION_CONTEXT('2D SPACE',''
  ) );
#9519 = ORIENTED_EDGE('',*,*,#9520,.F.);
#9520 = EDGE_CURVE('',#9493,#9493,#9521,.T.);
#9521 = SURFACE_CURVE('',#9522,(#9527,#9534),.PCURVE_S1.);
#9522 = CIRCLE('',#9523,19.);
#9523 = AXIS2_PLACEMENT_3D('',#9524,#9525,#9526);
#9524 = CARTESIAN_POINT('',(87.5,0.,1.01278E+03));
#9525 = DIRECTION('',(1.,0.,-0.));
#9526 = DIRECTION('',(0.,0.,1.));
#9527 = PCURVE('',#9501,#9528);
#9528 = DEFINITIONAL_REPRESENTATION('',(#9529),#9533);
#9529 = LINE('',#9530,#9531);
#9530 = CARTESIAN_POINT('',(0.,175.));
#9531 = VECTOR('',#9532,1.);
#9532 = DIRECTION('',(1.,0.));
#9533 = ( GEOMETRIC_REPRESENTATION_CONTEXT(2) 
PARAMETRIC_REPRESENTATION_CONTEXT() REPRESENTATION_CONTEXT('2D SPACE',''
  ) );
#9534 = PCURVE('',#9535,#9540);
#9535 = PLANE('',#9536);
#9536 = AXIS2_PLACEMENT_3D('',#9537,#9538,#9539);
#9537 = CARTESIAN_POINT('',(87.5,0.,1.01278E+03));
#9538 = DIRECTION('',(1.,0.,0.));
#9539 = DIRECTION('',(0.,0.,1.));
#9540 = DEFINITIONAL_REPRESENTATION('',(#9541),#9545);
#9541 = CIRCLE('',#9542,19.);
#9542 = AXIS2_PLACEMENT_2D('',#9543,#9544);
#9543 = CARTESIAN_POINT('',(0.,0.));
#9544 = DIRECTION('',(1.,0.));
#9545 = ( GEOMETRIC_REPRESENTATION_CONTEXT(2) 
PARAMETRIC_REPRESENTATION_CONTEXT() REPRESENTATION_CONTEXT('2D SPACE',''
  ) );
#9546 = ORIENTED_EDGE('',*,*,#9490,.F.);
#9547 = ORIENTED_EDGE('',*,*,#9548,.T.);
#9548 = EDGE_CURVE('',#9491,#9491,#9549,.T.);
#9549 = SURFACE_CURVE('',#9550,(#9555,#9562),.PCURVE_S1.);
#9550 = CIRCLE('',#9551,19.);
#9551 = AXIS2_PLACEMENT_3D('',#9552,#9553,#9554);
#9552 = CARTESIAN_POINT('',(62.5,0.,1.01278E+03));
#9553 = DIRECTION('',(1.,0.,-0.));
#9554 = DIRECTION('',(0.,0.,1.));
#9555 = PCURVE('',#9501,#9556);
#9556 = DEFINITIONAL_REPRESENTATION('',(#9557),#9561);
#9557 = LINE('',#9558,#9559);
#9558 = CARTESIAN_POINT('',(0.,150.));
#9559 = VECTOR('',#9560,1.);
#9560 = DIRECTION('',(1.,0.));
#9561 = ( GEOMETRIC_REPRESENTATION_CONTEXT(2) 
PARAMETRIC_REPRESENTATION_CONTEXT() REPRESENTATION_CONTEXT('2D SPACE',''
  ) );
#9562 = PCURVE('',#9475,#9563);
#9563 = DEFINITIONAL_REPRESENTATION('',(#9564),#9568);
#9564 = LINE('',#9565,#9566);
#9565 = CARTESIAN_POINT('',(0.,150.));
#9566 = VECTOR('',#9567,1.);
#9567 = DIRECTION('',(1.,0.));
#9568 = ( GEOMETRIC_REPRESENTATION_CONTEXT(2) 
PARAMETRIC_REPRESENTATION_CONTEXT() REPRESENTATION_CONTEXT('2D SPACE',''
  ) );
#9569 = ADVANCED_FACE('',(#9570),#9475,.T.);
#9570 = FACE_BOUND('',#9571,.T.);
#9571 = EDGE_LOOP('',(#9572,#9593,#9594,#9595));
#9572 = ORIENTED_EDGE('',*,*,#9573,.T.);
#9573 = EDGE_CURVE('',#9405,#9491,#9574,.T.);
#9574 = SEAM_CURVE('',#9575,(#9579,#9586),.PCURVE_S1.);
#9575 = LINE('',#9576,#9577);
#9576 = CARTESIAN_POINT('',(-87.5,4.65365783676E-15,1.03178E+03));
#9577 = VECTOR('',#9578,1.);
#9578 = DIRECTION('',(1.,0.,0.));
#9579 = PCURVE('',#9475,#9580);
#9580 = DEFINITIONAL_REPRESENTATION('',(#9581),#9585);
#9581 = LINE('',#9582,#9583);
#9582 = CARTESIAN_POINT('',(6.28318530718,0.));
#9583 = VECTOR('',#9584,1.);
#9584 = DIRECTION('',(0.,1.));
#9585 = ( GEOMETRIC_REPRESENTATION_CONTEXT(2) 
PARAMETRIC_REPRESENTATION_CONTEXT() REPRESENTATION_CONTEXT('2D SPACE',''
  ) );
#9586 = PCURVE('',#9475,#9587);
#9587 = DEFINITIONAL_REPRESENTATION('',(#9588),#9592);
#9588 = LINE('',#9589,#9590);
#9589 = CARTESIAN_POINT('',(4.138911435803E-13,0.));
#9590 = VECTOR('',#9591,1.);
#9591 = DIRECTION('',(0.,1.));
#9592 = ( GEOMETRIC_REPRESENTATION_CONTEXT(2) 
PARAMETRIC_REPRESENTATION_CONTEXT() REPRESENTATION_CONTEXT('2D SPACE',''
  ) );
#9593 = ORIENTED_EDGE('',*,*,#9548,.F.);
#9594 = ORIENTED_EDGE('',*,*,#9573,.F.);
#9595 = ORIENTED_EDGE('',*,*,#9460,.T.);
#9596 = ADVANCED_FACE('',(#9597),#9535,.T.);
#9597 = FACE_BOUND('',#9598,.T.);
#9598 = EDGE_LOOP('',(#9599));
#9599 = ORIENTED_EDGE('',*,*,#9520,.T.);
#9600 = ADVANCED_FACE('',(#9601),#9447,.F.);
#9601 = FACE_BOUND('',#9602,.T.);
#9602 = EDGE_LOOP('',(#9603));
#9603 = ORIENTED_EDGE('',*,*,#9432,.F.);
#9604 = ( GEOMETRIC_REPRESENTATION_CONTEXT(3) 
GLOBAL_UNCERTAINTY_ASSIGNED_CONTEXT((#9608)) 
GLOBAL_UNIT_ASSIGNED_CONTEXT((#9605,#9606,#9607)) REPRESENTATION_CONTEXT
('Context #1','3D Context with UNIT and UNCERTAINTY') );
#9605 = ( LENGTH_UNIT() NAMED_UNIT(*) SI_UNIT(.MILLI.,.METRE.) );
#9606 = ( NAMED_UNIT(*) PLANE_ANGLE_UNIT() SI_UNIT($,.RADIAN.) );
#9607 = ( NAMED_UNIT(*) SI_UNIT($,.STERADIAN.) SOLID_ANGLE_UNIT() );
#9608 = UNCERTAINTY_MEASURE_WITH_UNIT(LENGTH_MEASURE(1.E-07),#9605,
  'distance_accuracy_value','confusion accuracy');
#9609 = CONTEXT_DEPENDENT_SHAPE_REPRESENTATION(#9610,#9612);
#9610 = ( REPRESENTATION_RELATIONSHIP('','',#9395,#10) 
REPRESENTATION_RELATIONSHIP_WITH_TRANSFORMATION(#9611) 
SHAPE_REPRESENTATION_RELATIONSHIP() );
#9611 = ITEM_DEFINED_TRANSFORMATION('','',#11,#19);
#9612 = PRODUCT_DEFINITION_SHAPE('Placement','Placement of an item',
  #9613);
#9613 = NEXT_ASSEMBLY_USAGE_OCCURRENCE('8','SHAFT_300M_CONTINUOUS','',#5
  ,#9390,$);
#9614 = PRODUCT_RELATED_PRODUCT_CATEGORY('part',$,(#9392));
#9615 = SHAPE_DEFINITION_REPRESENTATION(#9616,#9622);
#9616 = PRODUCT_DEFINITION_SHAPE('','',#9617);
#9617 = PRODUCT_DEFINITION('design','',#9618,#9621);
#9618 = PRODUCT_DEFINITION_FORMATION('','',#9619);
#9619 = PRODUCT('BUSHING_LEFT_AMS4640','BUSHING_LEFT_AMS4640','',(#9620)
  );
#9620 = PRODUCT_CONTEXT('',#2,'mechanical');
#9621 = PRODUCT_DEFINITION_CONTEXT('part definition',#2,'design');
#9622 = ADVANCED_BREP_SHAPE_REPRESENTATION('',(#11,#9623),#10159);
#9623 = MANIFOLD_SOLID_BREP('',#9624);
#9624 = CLOSED_SHELL('',(#9625,#9713,#9748,#9802,#9879,#9914,#9970,
    #10024,#10059,#10131));
#9625 = ADVANCED_FACE('',(#9626),#9640,.T.);
#9626 = FACE_BOUND('',#9627,.T.);
#9627 = EDGE_LOOP('',(#9628,#9658,#9685,#9686));
#9628 = ORIENTED_EDGE('',*,*,#9629,.F.);
#9629 = EDGE_CURVE('',#9630,#9632,#9634,.T.);
#9630 = VERTEX_POINT('',#9631);
#9631 = CARTESIAN_POINT('',(-43.6921045499,6.123233995737E-15,
    1.03778E+03));
#9632 = VERTEX_POINT('',#9633);
#9633 = CARTESIAN_POINT('',(-15.1921045499,0.,1.03778E+03));
#9634 = SEAM_CURVE('',#9635,(#9639,#9651),.PCURVE_S1.);
#9635 = LINE('',#9636,#9637);
#9636 = CARTESIAN_POINT('',(-43.6921045499,6.123233995737E-15,
    1.03778E+03));
#9637 = VECTOR('',#9638,1.);
#9638 = DIRECTION('',(1.,0.,0.));
#9639 = PCURVE('',#9640,#9645);
#9640 = CYLINDRICAL_SURFACE('',#9641,25.);
#9641 = AXIS2_PLACEMENT_3D('',#9642,#9643,#9644);
#9642 = CARTESIAN_POINT('',(-43.6921045499,0.,1.01278E+03));
#9643 = DIRECTION('',(1.,0.,0.));
#9644 = DIRECTION('',(0.,0.,1.));
#9645 = DEFINITIONAL_REPRESENTATION('',(#9646),#9650);
#9646 = LINE('',#9647,#9648);
#9647 = CARTESIAN_POINT('',(0.,-0.));
#9648 = VECTOR('',#9649,1.);
#9649 = DIRECTION('',(0.,1.));
#9650 = ( GEOMETRIC_REPRESENTATION_CONTEXT(2) 
PARAMETRIC_REPRESENTATION_CONTEXT() REPRESENTATION_CONTEXT('2D SPACE',''
  ) );
#9651 = PCURVE('',#9640,#9652);
#9652 = DEFINITIONAL_REPRESENTATION('',(#9653),#9657);
#9653 = LINE('',#9654,#9655);
#9654 = CARTESIAN_POINT('',(6.28318530718,-0.));
#9655 = VECTOR('',#9656,1.);
#9656 = DIRECTION('',(0.,1.));
#9657 = ( GEOMETRIC_REPRESENTATION_CONTEXT(2) 
PARAMETRIC_REPRESENTATION_CONTEXT() REPRESENTATION_CONTEXT('2D SPACE',''
  ) );
#9658 = ORIENTED_EDGE('',*,*,#9659,.T.);
#9659 = EDGE_CURVE('',#9630,#9630,#9660,.T.);
#9660 = SURFACE_CURVE('',#9661,(#9666,#9673),.PCURVE_S1.);
#9661 = CIRCLE('',#9662,25.);
#9662 = AXIS2_PLACEMENT_3D('',#9663,#9664,#9665);
#9663 = CARTESIAN_POINT('',(-43.6921045499,0.,1.01278E+03));
#9664 = DIRECTION('',(1.,0.,-0.));
#9665 = DIRECTION('',(0.,0.,1.));
#9666 = PCURVE('',#9640,#9667);
#9667 = DEFINITIONAL_REPRESENTATION('',(#9668),#9672);
#9668 = LINE('',#9669,#9670);
#9669 = CARTESIAN_POINT('',(0.,0.));
#9670 = VECTOR('',#9671,1.);
#9671 = DIRECTION('',(1.,0.));
#9672 = ( GEOMETRIC_REPRESENTATION_CONTEXT(2) 
PARAMETRIC_REPRESENTATION_CONTEXT() REPRESENTATION_CONTEXT('2D SPACE',''
  ) );
#9673 = PCURVE('',#9674,#9679);
#9674 = PLANE('',#9675);
#9675 = AXIS2_PLACEMENT_3D('',#9676,#9677,#9678);
#9676 = CARTESIAN_POINT('',(-43.6921045499,0.,1.01278E+03));
#9677 = DIRECTION('',(1.,0.,0.));
#9678 = DIRECTION('',(0.,0.,1.));
#9679 = DEFINITIONAL_REPRESENTATION('',(#9680),#9684);
#9680 = CIRCLE('',#9681,25.);
#9681 = AXIS2_PLACEMENT_2D('',#9682,#9683);
#9682 = CARTESIAN_POINT('',(0.,0.));
#9683 = DIRECTION('',(1.,0.));
#9684 = ( GEOMETRIC_REPRESENTATION_CONTEXT(2) 
PARAMETRIC_REPRESENTATION_CONTEXT() REPRESENTATION_CONTEXT('2D SPACE',''
  ) );
#9685 = ORIENTED_EDGE('',*,*,#9629,.T.);
#9686 = ORIENTED_EDGE('',*,*,#9687,.F.);
#9687 = EDGE_CURVE('',#9632,#9632,#9688,.T.);
#9688 = SURFACE_CURVE('',#9689,(#9694,#9701),.PCURVE_S1.);
#9689 = CIRCLE('',#9690,25.);
#9690 = AXIS2_PLACEMENT_3D('',#9691,#9692,#9693);
#9691 = CARTESIAN_POINT('',(-15.1921045499,0.,1.01278E+03));
#9692 = DIRECTION('',(1.,0.,-0.));
#9693 = DIRECTION('',(0.,0.,1.));
#9694 = PCURVE('',#9640,#9695);
#9695 = DEFINITIONAL_REPRESENTATION('',(#9696),#9700);
#9696 = LINE('',#9697,#9698);
#9697 = CARTESIAN_POINT('',(0.,28.5));
#9698 = VECTOR('',#9699,1.);
#9699 = DIRECTION('',(1.,0.));
#9700 = ( GEOMETRIC_REPRESENTATION_CONTEXT(2) 
PARAMETRIC_REPRESENTATION_CONTEXT() REPRESENTATION_CONTEXT('2D SPACE',''
  ) );
#9701 = PCURVE('',#9702,#9707);
#9702 = TOROIDAL_SURFACE('',#9703,23.5,1.5);
#9703 = AXIS2_PLACEMENT_3D('',#9704,#9705,#9706);
#9704 = CARTESIAN_POINT('',(-15.1921045499,0.,1.01278E+03));
#9705 = DIRECTION('',(1.,0.,0.));
#9706 = DIRECTION('',(0.,0.,1.));
#9707 = DEFINITIONAL_REPRESENTATION('',(#9708),#9712);
#9708 = LINE('',#9709,#9710);
#9709 = CARTESIAN_POINT('',(0.,0.));
#9710 = VECTOR('',#9711,1.);
#9711 = DIRECTION('',(1.,0.));
#9712 = ( GEOMETRIC_REPRESENTATION_CONTEXT(2) 
PARAMETRIC_REPRESENTATION_CONTEXT() REPRESENTATION_CONTEXT('2D SPACE',''
  ) );
#9713 = ADVANCED_FACE('',(#9714,#9745),#9674,.T.);
#9714 = FACE_BOUND('',#9715,.T.);
#9715 = EDGE_LOOP('',(#9716));
#9716 = ORIENTED_EDGE('',*,*,#9717,.T.);
#9717 = EDGE_CURVE('',#9718,#9718,#9720,.T.);
#9718 = VERTEX_POINT('',#9719);
#9719 = CARTESIAN_POINT('',(-43.6921045499,7.347880794884E-15,
    1.04278E+03));
#9720 = SURFACE_CURVE('',#9721,(#9726,#9733),.PCURVE_S1.);
#9721 = CIRCLE('',#9722,30.);
#9722 = AXIS2_PLACEMENT_3D('',#9723,#9724,#9725);
#9723 = CARTESIAN_POINT('',(-43.6921045499,0.,1.01278E+03));
#9724 = DIRECTION('',(1.,0.,-0.));
#9725 = DIRECTION('',(0.,0.,1.));
#9726 = PCURVE('',#9674,#9727);
#9727 = DEFINITIONAL_REPRESENTATION('',(#9728),#9732);
#9728 = CIRCLE('',#9729,30.);
#9729 = AXIS2_PLACEMENT_2D('',#9730,#9731);
#9730 = CARTESIAN_POINT('',(0.,0.));
#9731 = DIRECTION('',(1.,0.));
#9732 = ( GEOMETRIC_REPRESENTATION_CONTEXT(2) 
PARAMETRIC_REPRESENTATION_CONTEXT() REPRESENTATION_CONTEXT('2D SPACE',''
  ) );
#9733 = PCURVE('',#9734,#9739);
#9734 = CYLINDRICAL_SURFACE('',#9735,30.);
#9735 = AXIS2_PLACEMENT_3D('',#9736,#9737,#9738);
#9736 = CARTESIAN_POINT('',(-46.6921045499,0.,1.01278E+03));
#9737 = DIRECTION('',(1.,0.,0.));
#9738 = DIRECTION('',(0.,0.,1.));
#9739 = DEFINITIONAL_REPRESENTATION('',(#9740),#9744);
#9740 = LINE('',#9741,#9742);
#9741 = CARTESIAN_POINT('',(0.,3.));
#9742 = VECTOR('',#9743,1.);
#9743 = DIRECTION('',(1.,0.));
#9744 = ( GEOMETRIC_REPRESENTATION_CONTEXT(2) 
PARAMETRIC_REPRESENTATION_CONTEXT() REPRESENTATION_CONTEXT('2D SPACE',''
  ) );
#9745 = FACE_BOUND('',#9746,.T.);
#9746 = EDGE_LOOP('',(#9747));
#9747 = ORIENTED_EDGE('',*,*,#9659,.F.);
#9748 = ADVANCED_FACE('',(#9749),#9702,.T.);
#9749 = FACE_BOUND('',#9750,.T.);
#9750 = EDGE_LOOP('',(#9751,#9773,#9774,#9775));
#9751 = ORIENTED_EDGE('',*,*,#9752,.F.);
#9752 = EDGE_CURVE('',#9632,#9753,#9755,.T.);
#9753 = VERTEX_POINT('',#9754);
#9754 = CARTESIAN_POINT('',(-13.6921045499,0.,1.03628E+03));
#9755 = SEAM_CURVE('',#9756,(#9761,#9767),.PCURVE_S1.);
#9756 = CIRCLE('',#9757,1.5);
#9757 = AXIS2_PLACEMENT_3D('',#9758,#9759,#9760);
#9758 = CARTESIAN_POINT('',(-15.1921045499,0.,1.03628E+03));
#9759 = DIRECTION('',(0.,1.,0.));
#9760 = DIRECTION('',(0.,0.,1.));
#9761 = PCURVE('',#9702,#9762);
#9762 = DEFINITIONAL_REPRESENTATION('',(#9763),#9766);
#9763 = B_SPLINE_CURVE_WITH_KNOTS('',1,(#9764,#9765),.UNSPECIFIED.,.F.,
  .F.,(2,2),(0.,1.570796326795),.PIECEWISE_BEZIER_KNOTS.);
#9764 = CARTESIAN_POINT('',(0.,0.));
#9765 = CARTESIAN_POINT('',(0.,1.570796326795));
#9766 = ( GEOMETRIC_REPRESENTATION_CONTEXT(2) 
PARAMETRIC_REPRESENTATION_CONTEXT() REPRESENTATION_CONTEXT('2D SPACE',''
  ) );
#9767 = PCURVE('',#9702,#9768);
#9768 = DEFINITIONAL_REPRESENTATION('',(#9769),#9772);
#9769 = B_SPLINE_CURVE_WITH_KNOTS('',1,(#9770,#9771),.UNSPECIFIED.,.F.,
  .F.,(2,2),(0.,1.570796326795),.PIECEWISE_BEZIER_KNOTS.);
#9770 = CARTESIAN_POINT('',(6.28318530718,0.));
#9771 = CARTESIAN_POINT('',(6.28318530718,1.570796326795));
#9772 = ( GEOMETRIC_REPRESENTATION_CONTEXT(2) 
PARAMETRIC_REPRESENTATION_CONTEXT() REPRESENTATION_CONTEXT('2D SPACE',''
  ) );
#9773 = ORIENTED_EDGE('',*,*,#9687,.T.);
#9774 = ORIENTED_EDGE('',*,*,#9752,.T.);
#9775 = ORIENTED_EDGE('',*,*,#9776,.F.);
#9776 = EDGE_CURVE('',#9753,#9753,#9777,.T.);
#9777 = SURFACE_CURVE('',#9778,(#9783,#9790),.PCURVE_S1.);
#9778 = CIRCLE('',#9779,23.5);
#9779 = AXIS2_PLACEMENT_3D('',#9780,#9781,#9782);
#9780 = CARTESIAN_POINT('',(-13.6921045499,0.,1.01278E+03));
#9781 = DIRECTION('',(1.,0.,-0.));
#9782 = DIRECTION('',(0.,0.,1.));
#9783 = PCURVE('',#9702,#9784);
#9784 = DEFINITIONAL_REPRESENTATION('',(#9785),#9789);
#9785 = LINE('',#9786,#9787);
#9786 = CARTESIAN_POINT('',(0.,1.570796326795));
#9787 = VECTOR('',#9788,1.);
#9788 = DIRECTION('',(1.,0.));
#9789 = ( GEOMETRIC_REPRESENTATION_CONTEXT(2) 
PARAMETRIC_REPRESENTATION_CONTEXT() REPRESENTATION_CONTEXT('2D SPACE',''
  ) );
#9790 = PCURVE('',#9791,#9796);
#9791 = PLANE('',#9792);
#9792 = AXIS2_PLACEMENT_3D('',#9793,#9794,#9795);
#9793 = CARTESIAN_POINT('',(-13.6921045499,0.,1.01278E+03));
#9794 = DIRECTION('',(1.,0.,0.));
#9795 = DIRECTION('',(0.,0.,1.));
#9796 = DEFINITIONAL_REPRESENTATION('',(#9797),#9801);
#9797 = CIRCLE('',#9798,23.5);
#9798 = AXIS2_PLACEMENT_2D('',#9799,#9800);
#9799 = CARTESIAN_POINT('',(0.,0.));
#9800 = DIRECTION('',(1.,0.));
#9801 = ( GEOMETRIC_REPRESENTATION_CONTEXT(2) 
PARAMETRIC_REPRESENTATION_CONTEXT() REPRESENTATION_CONTEXT('2D SPACE',''
  ) );
#9802 = ADVANCED_FACE('',(#9803),#9734,.T.);
#9803 = FACE_BOUND('',#9804,.T.);
#9804 = EDGE_LOOP('',(#9805,#9828,#9829,#9830,#9858));
#9805 = ORIENTED_EDGE('',*,*,#9806,.T.);
#9806 = EDGE_CURVE('',#9807,#9718,#9809,.T.);
#9807 = VERTEX_POINT('',#9808);
#9808 = CARTESIAN_POINT('',(-46.6921045499,7.347880794884E-15,
    1.04278E+03));
#9809 = SEAM_CURVE('',#9810,(#9814,#9821),.PCURVE_S1.);
#9810 = LINE('',#9811,#9812);
#9811 = CARTESIAN_POINT('',(-46.6921045499,7.347880794884E-15,
    1.04278E+03));
#9812 = VECTOR('',#9813,1.);
#9813 = DIRECTION('',(1.,0.,0.));
#9814 = PCURVE('',#9734,#9815);
#9815 = DEFINITIONAL_REPRESENTATION('',(#9816),#9820);
#9816 = LINE('',#9817,#9818);
#9817 = CARTESIAN_POINT('',(6.28318530718,0.));
#9818 = VECTOR('',#9819,1.);
#9819 = DIRECTION('',(0.,1.));
#9820 = ( GEOMETRIC_REPRESENTATION_CONTEXT(2) 
PARAMETRIC_REPRESENTATION_CONTEXT() REPRESENTATION_CONTEXT('2D SPACE',''
  ) );
#9821 = PCURVE('',#9734,#9822);
#9822 = DEFINITIONAL_REPRESENTATION('',(#9823),#9827);
#9823 = LINE('',#9824,#9825);
#9824 = CARTESIAN_POINT('',(4.138911435803E-13,0.));
#9825 = VECTOR('',#9826,1.);
#9826 = DIRECTION('',(0.,1.));
#9827 = ( GEOMETRIC_REPRESENTATION_CONTEXT(2) 
PARAMETRIC_REPRESENTATION_CONTEXT() REPRESENTATION_CONTEXT('2D SPACE',''
  ) );
#9828 = ORIENTED_EDGE('',*,*,#9717,.F.);
#9829 = ORIENTED_EDGE('',*,*,#9806,.F.);
#9830 = ORIENTED_EDGE('',*,*,#9831,.T.);
#9831 = EDGE_CURVE('',#9807,#9832,#9834,.T.);
#9832 = VERTEX_POINT('',#9833);
#9833 = CARTESIAN_POINT('',(-46.6921045499,30.,1.01278E+03));
#9834 = SURFACE_CURVE('',#9835,(#9840,#9847),.PCURVE_S1.);
#9835 = CIRCLE('',#9836,30.);
#9836 = AXIS2_PLACEMENT_3D('',#9837,#9838,#9839);
#9837 = CARTESIAN_POINT('',(-46.6921045499,0.,1.01278E+03));
#9838 = DIRECTION('',(1.,0.,-0.));
#9839 = DIRECTION('',(0.,0.,1.));
#9840 = PCURVE('',#9734,#9841);
#9841 = DEFINITIONAL_REPRESENTATION('',(#9842),#9846);
#9842 = LINE('',#9843,#9844);
#9843 = CARTESIAN_POINT('',(0.,0.));
#9844 = VECTOR('',#9845,1.);
#9845 = DIRECTION('',(1.,0.));
#9846 = ( GEOMETRIC_REPRESENTATION_CONTEXT(2) 
PARAMETRIC_REPRESENTATION_CONTEXT() REPRESENTATION_CONTEXT('2D SPACE',''
  ) );
#9847 = PCURVE('',#9848,#9853);
#9848 = CYLINDRICAL_SURFACE('',#9849,30.);
#9849 = AXIS2_PLACEMENT_3D('',#9850,#9851,#9852);
#9850 = CARTESIAN_POINT('',(-47.1921045499,0.,1.01278E+03));
#9851 = DIRECTION('',(-1.,-0.,-0.));
#9852 = DIRECTION('',(0.,1.,0.));
#9853 = DEFINITIONAL_REPRESENTATION('',(#9854),#9857);
#9854 = B_SPLINE_CURVE_WITH_KNOTS('',1,(#9855,#9856),.UNSPECIFIED.,.F.,
  .F.,(2,2),(0.,4.712388980385),.PIECEWISE_BEZIER_KNOTS.);
#9855 = CARTESIAN_POINT('',(4.712388980385,-0.5));
#9856 = CARTESIAN_POINT('',(-4.138911435803E-13,-0.5));
#9857 = ( GEOMETRIC_REPRESENTATION_CONTEXT(2) 
PARAMETRIC_REPRESENTATION_CONTEXT() REPRESENTATION_CONTEXT('2D SPACE',''
  ) );
#9858 = ORIENTED_EDGE('',*,*,#9859,.T.);
#9859 = EDGE_CURVE('',#9832,#9807,#9860,.T.);
#9860 = SURFACE_CURVE('',#9861,(#9866,#9873),.PCURVE_S1.);
#9861 = CIRCLE('',#9862,30.);
#9862 = AXIS2_PLACEMENT_3D('',#9863,#9864,#9865);
#9863 = CARTESIAN_POINT('',(-46.6921045499,0.,1.01278E+03));
#9864 = DIRECTION('',(1.,0.,-0.));
#9865 = DIRECTION('',(0.,0.,1.));
#9866 = PCURVE('',#9734,#9867);
#9867 = DEFINITIONAL_REPRESENTATION('',(#9868),#9872);
#9868 = LINE('',#9869,#9870);
#9869 = CARTESIAN_POINT('',(0.,0.));
#9870 = VECTOR('',#9871,1.);
#9871 = DIRECTION('',(1.,0.));
#9872 = ( GEOMETRIC_REPRESENTATION_CONTEXT(2) 
PARAMETRIC_REPRESENTATION_CONTEXT() REPRESENTATION_CONTEXT('2D SPACE',''
  ) );
#9873 = PCURVE('',#9848,#9874);
#9874 = DEFINITIONAL_REPRESENTATION('',(#9875),#9878);
#9875 = B_SPLINE_CURVE_WITH_KNOTS('',1,(#9876,#9877),.UNSPECIFIED.,.F.,
  .F.,(2,2),(4.712388980385,6.28318530718),.PIECEWISE_BEZIER_KNOTS.);
#9876 = CARTESIAN_POINT('',(6.28318530718,-0.5));
#9877 = CARTESIAN_POINT('',(4.712388980385,-0.5));
#9878 = ( GEOMETRIC_REPRESENTATION_CONTEXT(2) 
PARAMETRIC_REPRESENTATION_CONTEXT() REPRESENTATION_CONTEXT('2D SPACE',''
  ) );
#9879 = ADVANCED_FACE('',(#9880,#9883),#9791,.T.);
#9880 = FACE_BOUND('',#9881,.T.);
#9881 = EDGE_LOOP('',(#9882));
#9882 = ORIENTED_EDGE('',*,*,#9776,.T.);
#9883 = FACE_BOUND('',#9884,.T.);
#9884 = EDGE_LOOP('',(#9885));
#9885 = ORIENTED_EDGE('',*,*,#9886,.F.);
#9886 = EDGE_CURVE('',#9887,#9887,#9889,.T.);
#9887 = VERTEX_POINT('',#9888);
#9888 = CARTESIAN_POINT('',(-13.6921045499,4.65365783676E-15,1.03178E+03
    ));
#9889 = SURFACE_CURVE('',#9890,(#9895,#9902),.PCURVE_S1.);
#9890 = CIRCLE('',#9891,19.);
#9891 = AXIS2_PLACEMENT_3D('',#9892,#9893,#9894);
#9892 = CARTESIAN_POINT('',(-13.6921045499,0.,1.01278E+03));
#9893 = DIRECTION('',(1.,0.,-0.));
#9894 = DIRECTION('',(0.,0.,1.));
#9895 = PCURVE('',#9791,#9896);
#9896 = DEFINITIONAL_REPRESENTATION('',(#9897),#9901);
#9897 = CIRCLE('',#9898,19.);
#9898 = AXIS2_PLACEMENT_2D('',#9899,#9900);
#9899 = CARTESIAN_POINT('',(0.,0.));
#9900 = DIRECTION('',(1.,0.));
#9901 = ( GEOMETRIC_REPRESENTATION_CONTEXT(2) 
PARAMETRIC_REPRESENTATION_CONTEXT() REPRESENTATION_CONTEXT('2D SPACE',''
  ) );
#9902 = PCURVE('',#9903,#9908);
#9903 = CYLINDRICAL_SURFACE('',#9904,19.);
#9904 = AXIS2_PLACEMENT_3D('',#9905,#9906,#9907);
#9905 = CARTESIAN_POINT('',(-43.7921045499,0.,1.01278E+03));
#9906 = DIRECTION('',(1.,0.,0.));
#9907 = DIRECTION('',(0.,0.,1.));
#9908 = DEFINITIONAL_REPRESENTATION('',(#9909),#9913);
#9909 = LINE('',#9910,#9911);
#9910 = CARTESIAN_POINT('',(0.,30.1));
#9911 = VECTOR('',#9912,1.);
#9912 = DIRECTION('',(1.,0.));
#9913 = ( GEOMETRIC_REPRESENTATION_CONTEXT(2) 
PARAMETRIC_REPRESENTATION_CONTEXT() REPRESENTATION_CONTEXT('2D SPACE',''
  ) );
#9914 = ADVANCED_FACE('',(#9915),#9848,.T.);
#9915 = FACE_BOUND('',#9916,.T.);
#9916 = EDGE_LOOP('',(#9917,#9940,#9941,#9942,#9943));
#9917 = ORIENTED_EDGE('',*,*,#9918,.T.);
#9918 = EDGE_CURVE('',#9919,#9832,#9921,.T.);
#9919 = VERTEX_POINT('',#9920);
#9920 = CARTESIAN_POINT('',(-47.1921045499,30.,1.01278E+03));
#9921 = SEAM_CURVE('',#9922,(#9926,#9933),.PCURVE_S1.);
#9922 = LINE('',#9923,#9924);
#9923 = CARTESIAN_POINT('',(-47.1921045499,30.,1.01278E+03));
#9924 = VECTOR('',#9925,1.);
#9925 = DIRECTION('',(1.,0.,0.));
#9926 = PCURVE('',#9848,#9927);
#9927 = DEFINITIONAL_REPRESENTATION('',(#9928),#9932);
#9928 = LINE('',#9929,#9930);
#9929 = CARTESIAN_POINT('',(4.138911435803E-13,0.));
#9930 = VECTOR('',#9931,1.);
#9931 = DIRECTION('',(-0.,-1.));
#9932 = ( GEOMETRIC_REPRESENTATION_CONTEXT(2) 
PARAMETRIC_REPRESENTATION_CONTEXT() REPRESENTATION_CONTEXT('2D SPACE',''
  ) );
#9933 = PCURVE('',#9848,#9934);
#9934 = DEFINITIONAL_REPRESENTATION('',(#9935),#9939);
#9935 = LINE('',#9936,#9937);
#9936 = CARTESIAN_POINT('',(6.283185307179,0.));
#9937 = VECTOR('',#9938,1.);
#9938 = DIRECTION('',(-0.,-1.));
#9939 = ( GEOMETRIC_REPRESENTATION_CONTEXT(2) 
PARAMETRIC_REPRESENTATION_CONTEXT() REPRESENTATION_CONTEXT('2D SPACE',''
  ) );
#9940 = ORIENTED_EDGE('',*,*,#9831,.F.);
#9941 = ORIENTED_EDGE('',*,*,#9859,.F.);
#9942 = ORIENTED_EDGE('',*,*,#9918,.F.);
#9943 = ORIENTED_EDGE('',*,*,#9944,.T.);
#9944 = EDGE_CURVE('',#9919,#9919,#9945,.T.);
#9945 = SURFACE_CURVE('',#9946,(#9951,#9958),.PCURVE_S1.);
#9946 = CIRCLE('',#9947,30.);
#9947 = AXIS2_PLACEMENT_3D('',#9948,#9949,#9950);
#9948 = CARTESIAN_POINT('',(-47.1921045499,0.,1.01278E+03));
#9949 = DIRECTION('',(1.,0.,0.));
#9950 = DIRECTION('',(0.,1.,0.));
#9951 = PCURVE('',#9848,#9952);
#9952 = DEFINITIONAL_REPRESENTATION('',(#9953),#9957);
#9953 = LINE('',#9954,#9955);
#9954 = CARTESIAN_POINT('',(6.28318530718,0.));
#9955 = VECTOR('',#9956,1.);
#9956 = DIRECTION('',(-1.,0.));
#9957 = ( GEOMETRIC_REPRESENTATION_CONTEXT(2) 
PARAMETRIC_REPRESENTATION_CONTEXT() REPRESENTATION_CONTEXT('2D SPACE',''
  ) );
#9958 = PCURVE('',#9959,#9964);
#9959 = PLANE('',#9960);
#9960 = AXIS2_PLACEMENT_3D('',#9961,#9962,#9963);
#9961 = CARTESIAN_POINT('',(-47.1921045499,5.834411232168E-15,
    1.01278E+03));
#9962 = DIRECTION('',(1.,0.,0.));
#9963 = DIRECTION('',(0.,0.,1.));
#9964 = DEFINITIONAL_REPRESENTATION('',(#9965),#9969);
#9965 = CIRCLE('',#9966,30.);
#9966 = AXIS2_PLACEMENT_2D('',#9967,#9968);
#9967 = CARTESIAN_POINT('',(0.,5.834411232168E-15));
#9968 = DIRECTION('',(0.,-1.));
#9969 = ( GEOMETRIC_REPRESENTATION_CONTEXT(2) 
PARAMETRIC_REPRESENTATION_CONTEXT() REPRESENTATION_CONTEXT('2D SPACE',''
  ) );
#9970 = ADVANCED_FACE('',(#9971),#9903,.F.);
#9971 = FACE_BOUND('',#9972,.F.);
#9972 = EDGE_LOOP('',(#9973,#9974,#9997,#10023));
#9973 = ORIENTED_EDGE('',*,*,#9886,.F.);
#9974 = ORIENTED_EDGE('',*,*,#9975,.F.);
#9975 = EDGE_CURVE('',#9976,#9887,#9978,.T.);
#9976 = VERTEX_POINT('',#9977);
#9977 = CARTESIAN_POINT('',(-43.6921045499,4.65365783676E-15,1.03178E+03
    ));
#9978 = SEAM_CURVE('',#9979,(#9983,#9990),.PCURVE_S1.);
#9979 = LINE('',#9980,#9981);
#9980 = CARTESIAN_POINT('',(-43.7921045499,4.65365783676E-15,1.03178E+03
    ));
#9981 = VECTOR('',#9982,1.);
#9982 = DIRECTION('',(1.,0.,0.));
#9983 = PCURVE('',#9903,#9984);
#9984 = DEFINITIONAL_REPRESENTATION('',(#9985),#9989);
#9985 = LINE('',#9986,#9987);
#9986 = CARTESIAN_POINT('',(0.,-0.));
#9987 = VECTOR('',#9988,1.);
#9988 = DIRECTION('',(0.,1.));
#9989 = ( GEOMETRIC_REPRESENTATION_CONTEXT(2) 
PARAMETRIC_REPRESENTATION_CONTEXT() REPRESENTATION_CONTEXT('2D SPACE',''
  ) );
#9990 = PCURVE('',#9903,#9991);
#9991 = DEFINITIONAL_REPRESENTATION('',(#9992),#9996);
#9992 = LINE('',#9993,#9994);
#9993 = CARTESIAN_POINT('',(6.28318530718,-0.));
#9994 = VECTOR('',#9995,1.);
#9995 = DIRECTION('',(0.,1.));
#9996 = ( GEOMETRIC_REPRESENTATION_CONTEXT(2) 
PARAMETRIC_REPRESENTATION_CONTEXT() REPRESENTATION_CONTEXT('2D SPACE',''
  ) );
#9997 = ORIENTED_EDGE('',*,*,#9998,.T.);
#9998 = EDGE_CURVE('',#9976,#9976,#9999,.T.);
#9999 = SURFACE_CURVE('',#10000,(#10005,#10012),.PCURVE_S1.);
#10000 = CIRCLE('',#10001,19.);
#10001 = AXIS2_PLACEMENT_3D('',#10002,#10003,#10004);
#10002 = CARTESIAN_POINT('',(-43.6921045499,0.,1.01278E+03));
#10003 = DIRECTION('',(1.,0.,-0.));
#10004 = DIRECTION('',(0.,0.,1.));
#10005 = PCURVE('',#9903,#10006);
#10006 = DEFINITIONAL_REPRESENTATION('',(#10007),#10011);
#10007 = LINE('',#10008,#10009);
#10008 = CARTESIAN_POINT('',(0.,0.1));
#10009 = VECTOR('',#10010,1.);
#10010 = DIRECTION('',(1.,0.));
#10011 = ( GEOMETRIC_REPRESENTATION_CONTEXT(2) 
PARAMETRIC_REPRESENTATION_CONTEXT() REPRESENTATION_CONTEXT('2D SPACE',''
  ) );
#10012 = PCURVE('',#10013,#10018);
#10013 = CYLINDRICAL_SURFACE('',#10014,19.);
#10014 = AXIS2_PLACEMENT_3D('',#10015,#10016,#10017);
#10015 = CARTESIAN_POINT('',(-46.7921045499,0.,1.01278E+03));
#10016 = DIRECTION('',(1.,0.,0.));
#10017 = DIRECTION('',(0.,0.,1.));
#10018 = DEFINITIONAL_REPRESENTATION('',(#10019),#10022);
#10019 = B_SPLINE_CURVE_WITH_KNOTS('',1,(#10020,#10021),.UNSPECIFIED.,
  .F.,.F.,(2,2),(0.,6.28318530718),.PIECEWISE_BEZIER_KNOTS.);
#10020 = CARTESIAN_POINT('',(0.,3.1));
#10021 = CARTESIAN_POINT('',(6.28318530718,3.1));
#10022 = ( GEOMETRIC_REPRESENTATION_CONTEXT(2) 
PARAMETRIC_REPRESENTATION_CONTEXT() REPRESENTATION_CONTEXT('2D SPACE',''
  ) );
#10023 = ORIENTED_EDGE('',*,*,#9975,.T.);
#10024 = ADVANCED_FACE('',(#10025,#10028),#9959,.F.);
#10025 = FACE_BOUND('',#10026,.F.);
#10026 = EDGE_LOOP('',(#10027));
#10027 = ORIENTED_EDGE('',*,*,#9944,.T.);
#10028 = FACE_BOUND('',#10029,.F.);
#10029 = EDGE_LOOP('',(#10030));
#10030 = ORIENTED_EDGE('',*,*,#10031,.F.);
#10031 = EDGE_CURVE('',#10032,#10032,#10034,.T.);
#10032 = VERTEX_POINT('',#10033);
#10033 = CARTESIAN_POINT('',(-47.1921045499,19.,1.01278E+03));
#10034 = SURFACE_CURVE('',#10035,(#10040,#10047),.PCURVE_S1.);
#10035 = CIRCLE('',#10036,19.);
#10036 = AXIS2_PLACEMENT_3D('',#10037,#10038,#10039);
#10037 = CARTESIAN_POINT('',(-47.1921045499,1.402137665233E-13,
    1.01278E+03));
#10038 = DIRECTION('',(1.,0.,0.));
#10039 = DIRECTION('',(0.,1.,0.));
#10040 = PCURVE('',#9959,#10041);
#10041 = DEFINITIONAL_REPRESENTATION('',(#10042),#10046);
#10042 = CIRCLE('',#10043,19.);
#10043 = AXIS2_PLACEMENT_2D('',#10044,#10045);
#10044 = CARTESIAN_POINT('',(0.,-1.343793552911E-13));
#10045 = DIRECTION('',(0.,-1.));
#10046 = ( GEOMETRIC_REPRESENTATION_CONTEXT(2) 
PARAMETRIC_REPRESENTATION_CONTEXT() REPRESENTATION_CONTEXT('2D SPACE',''
  ) );
#10047 = PCURVE('',#10048,#10053);
#10048 = CYLINDRICAL_SURFACE('',#10049,19.);
#10049 = AXIS2_PLACEMENT_3D('',#10050,#10051,#10052);
#10050 = CARTESIAN_POINT('',(-47.1921045499,1.402137665233E-13,
    1.01278E+03));
#10051 = DIRECTION('',(-1.,-0.,-0.));
#10052 = DIRECTION('',(0.,1.,0.));
#10053 = DEFINITIONAL_REPRESENTATION('',(#10054),#10058);
#10054 = LINE('',#10055,#10056);
#10055 = CARTESIAN_POINT('',(6.28318530718,0.));
#10056 = VECTOR('',#10057,1.);
#10057 = DIRECTION('',(-1.,0.));
#10058 = ( GEOMETRIC_REPRESENTATION_CONTEXT(2) 
PARAMETRIC_REPRESENTATION_CONTEXT() REPRESENTATION_CONTEXT('2D SPACE',''
  ) );
#10059 = ADVANCED_FACE('',(#10060),#10013,.F.);
#10060 = FACE_BOUND('',#10061,.F.);
#10061 = EDGE_LOOP('',(#10062,#10085,#10086,#10087,#10110));
#10062 = ORIENTED_EDGE('',*,*,#10063,.T.);
#10063 = EDGE_CURVE('',#10064,#9976,#10066,.T.);
#10064 = VERTEX_POINT('',#10065);
#10065 = CARTESIAN_POINT('',(-46.6921045499,4.65365783676E-15,
    1.03178E+03));
#10066 = SEAM_CURVE('',#10067,(#10071,#10078),.PCURVE_S1.);
#10067 = LINE('',#10068,#10069);
#10068 = CARTESIAN_POINT('',(-46.7921045499,4.65365783676E-15,
    1.03178E+03));
#10069 = VECTOR('',#10070,1.);
#10070 = DIRECTION('',(1.,0.,0.));
#10071 = PCURVE('',#10013,#10072);
#10072 = DEFINITIONAL_REPRESENTATION('',(#10073),#10077);
#10073 = LINE('',#10074,#10075);
#10074 = CARTESIAN_POINT('',(6.28318530718,0.));
#10075 = VECTOR('',#10076,1.);
#10076 = DIRECTION('',(0.,1.));
#10077 = ( GEOMETRIC_REPRESENTATION_CONTEXT(2) 
PARAMETRIC_REPRESENTATION_CONTEXT() REPRESENTATION_CONTEXT('2D SPACE',''
  ) );
#10078 = PCURVE('',#10013,#10079);
#10079 = DEFINITIONAL_REPRESENTATION('',(#10080),#10084);
#10080 = LINE('',#10081,#10082);
#10081 = CARTESIAN_POINT('',(4.138911435803E-13,0.));
#10082 = VECTOR('',#10083,1.);
#10083 = DIRECTION('',(0.,1.));
#10084 = ( GEOMETRIC_REPRESENTATION_CONTEXT(2) 
PARAMETRIC_REPRESENTATION_CONTEXT() REPRESENTATION_CONTEXT('2D SPACE',''
  ) );
#10085 = ORIENTED_EDGE('',*,*,#9998,.F.);
#10086 = ORIENTED_EDGE('',*,*,#10063,.F.);
#10087 = ORIENTED_EDGE('',*,*,#10088,.T.);
#10088 = EDGE_CURVE('',#10064,#10089,#10091,.T.);
#10089 = VERTEX_POINT('',#10090);
#10090 = CARTESIAN_POINT('',(-46.6921045499,19.,1.01278E+03));
#10091 = SURFACE_CURVE('',#10092,(#10097,#10104),.PCURVE_S1.);
#10092 = CIRCLE('',#10093,19.);
#10093 = AXIS2_PLACEMENT_3D('',#10094,#10095,#10096);
#10094 = CARTESIAN_POINT('',(-46.6921045499,0.,1.01278E+03));
#10095 = DIRECTION('',(1.,0.,-0.));
#10096 = DIRECTION('',(0.,0.,1.));
#10097 = PCURVE('',#10013,#10098);
#10098 = DEFINITIONAL_REPRESENTATION('',(#10099),#10103);
#10099 = LINE('',#10100,#10101);
#10100 = CARTESIAN_POINT('',(0.,0.1));
#10101 = VECTOR('',#10102,1.);
#10102 = DIRECTION('',(1.,0.));
#10103 = ( GEOMETRIC_REPRESENTATION_CONTEXT(2) 
PARAMETRIC_REPRESENTATION_CONTEXT() REPRESENTATION_CONTEXT('2D SPACE',''
  ) );
#10104 = PCURVE('',#10048,#10105);
#10105 = DEFINITIONAL_REPRESENTATION('',(#10106),#10109);
#10106 = B_SPLINE_CURVE_WITH_KNOTS('',1,(#10107,#10108),.UNSPECIFIED.,
  .F.,.F.,(2,2),(0.,4.712388980385),.PIECEWISE_BEZIER_KNOTS.);
#10107 = CARTESIAN_POINT('',(4.712388980385,-0.5));
#10108 = CARTESIAN_POINT('',(-4.138911435803E-13,-0.5));
#10109 = ( GEOMETRIC_REPRESENTATION_CONTEXT(2) 
PARAMETRIC_REPRESENTATION_CONTEXT() REPRESENTATION_CONTEXT('2D SPACE',''
  ) );
#10110 = ORIENTED_EDGE('',*,*,#10111,.T.);
#10111 = EDGE_CURVE('',#10089,#10064,#10112,.T.);
#10112 = SURFACE_CURVE('',#10113,(#10118,#10125),.PCURVE_S1.);
#10113 = CIRCLE('',#10114,19.);
#10114 = AXIS2_PLACEMENT_3D('',#10115,#10116,#10117);
#10115 = CARTESIAN_POINT('',(-46.6921045499,0.,1.01278E+03));
#10116 = DIRECTION('',(1.,0.,-0.));
#10117 = DIRECTION('',(0.,0.,1.));
#10118 = PCURVE('',#10013,#10119);
#10119 = DEFINITIONAL_REPRESENTATION('',(#10120),#10124);
#10120 = LINE('',#10121,#10122);
#10121 = CARTESIAN_POINT('',(0.,0.1));
#10122 = VECTOR('',#10123,1.);
#10123 = DIRECTION('',(1.,0.));
#10124 = ( GEOMETRIC_REPRESENTATION_CONTEXT(2) 
PARAMETRIC_REPRESENTATION_CONTEXT() REPRESENTATION_CONTEXT('2D SPACE',''
  ) );
#10125 = PCURVE('',#10048,#10126);
#10126 = DEFINITIONAL_REPRESENTATION('',(#10127),#10130);
#10127 = B_SPLINE_CURVE_WITH_KNOTS('',1,(#10128,#10129),.UNSPECIFIED.,
  .F.,.F.,(2,2),(4.712388980385,6.28318530718),
  .PIECEWISE_BEZIER_KNOTS.);
#10128 = CARTESIAN_POINT('',(6.28318530718,-0.5));
#10129 = CARTESIAN_POINT('',(4.712388980385,-0.5));
#10130 = ( GEOMETRIC_REPRESENTATION_CONTEXT(2) 
PARAMETRIC_REPRESENTATION_CONTEXT() REPRESENTATION_CONTEXT('2D SPACE',''
  ) );
#10131 = ADVANCED_FACE('',(#10132),#10048,.F.);
#10132 = FACE_BOUND('',#10133,.F.);
#10133 = EDGE_LOOP('',(#10134,#10155,#10156,#10157,#10158));
#10134 = ORIENTED_EDGE('',*,*,#10135,.T.);
#10135 = EDGE_CURVE('',#10032,#10089,#10136,.T.);
#10136 = SEAM_CURVE('',#10137,(#10141,#10148),.PCURVE_S1.);
#10137 = LINE('',#10138,#10139);
#10138 = CARTESIAN_POINT('',(-47.1921045499,19.,1.01278E+03));
#10139 = VECTOR('',#10140,1.);
#10140 = DIRECTION('',(1.,0.,0.));
#10141 = PCURVE('',#10048,#10142);
#10142 = DEFINITIONAL_REPRESENTATION('',(#10143),#10147);
#10143 = LINE('',#10144,#10145);
#10144 = CARTESIAN_POINT('',(4.138911435803E-13,0.));
#10145 = VECTOR('',#10146,1.);
#10146 = DIRECTION('',(-0.,-1.));
#10147 = ( GEOMETRIC_REPRESENTATION_CONTEXT(2) 
PARAMETRIC_REPRESENTATION_CONTEXT() REPRESENTATION_CONTEXT('2D SPACE',''
  ) );
#10148 = PCURVE('',#10048,#10149);
#10149 = DEFINITIONAL_REPRESENTATION('',(#10150),#10154);
#10150 = LINE('',#10151,#10152);
#10151 = CARTESIAN_POINT('',(6.283185307179,0.));
#10152 = VECTOR('',#10153,1.);
#10153 = DIRECTION('',(-0.,-1.));
#10154 = ( GEOMETRIC_REPRESENTATION_CONTEXT(2) 
PARAMETRIC_REPRESENTATION_CONTEXT() REPRESENTATION_CONTEXT('2D SPACE',''
  ) );
#10155 = ORIENTED_EDGE('',*,*,#10088,.F.);
#10156 = ORIENTED_EDGE('',*,*,#10111,.F.);
#10157 = ORIENTED_EDGE('',*,*,#10135,.F.);
#10158 = ORIENTED_EDGE('',*,*,#10031,.T.);
#10159 = ( GEOMETRIC_REPRESENTATION_CONTEXT(3) 
GLOBAL_UNCERTAINTY_ASSIGNED_CONTEXT((#10163)) 
GLOBAL_UNIT_ASSIGNED_CONTEXT((#10160,#10161,#10162)) 
REPRESENTATION_CONTEXT('Context #1',
  '3D Context with UNIT and UNCERTAINTY') );
#10160 = ( LENGTH_UNIT() NAMED_UNIT(*) SI_UNIT(.MILLI.,.METRE.) );
#10161 = ( NAMED_UNIT(*) PLANE_ANGLE_UNIT() SI_UNIT($,.RADIAN.) );
#10162 = ( NAMED_UNIT(*) SI_UNIT($,.STERADIAN.) SOLID_ANGLE_UNIT() );
#10163 = UNCERTAINTY_MEASURE_WITH_UNIT(LENGTH_MEASURE(5.E-07),#10160,
  'distance_accuracy_value','confusion accuracy');
#10164 = CONTEXT_DEPENDENT_SHAPE_REPRESENTATION(#10165,#10167);
#10165 = ( REPRESENTATION_RELATIONSHIP('','',#9622,#10) 
REPRESENTATION_RELATIONSHIP_WITH_TRANSFORMATION(#10166) 
SHAPE_REPRESENTATION_RELATIONSHIP() );
#10166 = ITEM_DEFINED_TRANSFORMATION('','',#11,#23);
#10167 = PRODUCT_DEFINITION_SHAPE('Placement','Placement of an item',
  #10168);
#10168 = NEXT_ASSEMBLY_USAGE_OCCURRENCE('9','BUSHING_LEFT_AMS4640','',#5
  ,#9617,$);
#10169 = PRODUCT_RELATED_PRODUCT_CATEGORY('part',$,(#9619));
#10170 = SHAPE_DEFINITION_REPRESENTATION(#10171,#10177);
#10171 = PRODUCT_DEFINITION_SHAPE('','',#10172);
#10172 = PRODUCT_DEFINITION('design','',#10173,#10176);
#10173 = PRODUCT_DEFINITION_FORMATION('','',#10174);
#10174 = PRODUCT('BUSHING_RIGHT_AMS4640','BUSHING_RIGHT_AMS4640','',(
    #10175));
#10175 = PRODUCT_CONTEXT('',#2,'mechanical');
#10176 = PRODUCT_DEFINITION_CONTEXT('part definition',#2,'design');
#10177 = ADVANCED_BREP_SHAPE_REPRESENTATION('',(#11,#10178),#10504);
#10178 = MANIFOLD_SOLID_BREP('',#10179);
#10179 = CLOSED_SHELL('',(#10180,#10268,#10303,#10338,#10393,#10447,
    #10477));
#10180 = ADVANCED_FACE('',(#10181),#10194,.T.);
#10181 = FACE_BOUND('',#10182,.T.);
#10182 = EDGE_LOOP('',(#10183,#10217,#10240,#10267));
#10183 = ORIENTED_EDGE('',*,*,#10184,.F.);
#10184 = EDGE_CURVE('',#10185,#10185,#10187,.T.);
#10185 = VERTEX_POINT('',#10186);
#10186 = CARTESIAN_POINT('',(43.692104549907,6.123233995737E-15,
    1.03778E+03));
#10187 = SURFACE_CURVE('',#10188,(#10193,#10205),.PCURVE_S1.);
#10188 = CIRCLE('',#10189,25.);
#10189 = AXIS2_PLACEMENT_3D('',#10190,#10191,#10192);
#10190 = CARTESIAN_POINT('',(43.692104549907,0.,1.01278E+03));
#10191 = DIRECTION('',(1.,0.,-0.));
#10192 = DIRECTION('',(0.,0.,1.));
#10193 = PCURVE('',#10194,#10199);
#10194 = CYLINDRICAL_SURFACE('',#10195,25.);
#10195 = AXIS2_PLACEMENT_3D('',#10196,#10197,#10198);
#10196 = CARTESIAN_POINT('',(13.692104549907,0.,1.01278E+03));
#10197 = DIRECTION('',(1.,0.,0.));
#10198 = DIRECTION('',(0.,0.,1.));
#10199 = DEFINITIONAL_REPRESENTATION('',(#10200),#10204);
#10200 = LINE('',#10201,#10202);
#10201 = CARTESIAN_POINT('',(0.,30.));
#10202 = VECTOR('',#10203,1.);
#10203 = DIRECTION('',(1.,0.));
#10204 = ( GEOMETRIC_REPRESENTATION_CONTEXT(2) 
PARAMETRIC_REPRESENTATION_CONTEXT() REPRESENTATION_CONTEXT('2D SPACE',''
  ) );
#10205 = PCURVE('',#10206,#10211);
#10206 = PLANE('',#10207);
#10207 = AXIS2_PLACEMENT_3D('',#10208,#10209,#10210);
#10208 = CARTESIAN_POINT('',(43.692104549907,0.,1.01278E+03));
#10209 = DIRECTION('',(1.,0.,0.));
#10210 = DIRECTION('',(0.,0.,1.));
#10211 = DEFINITIONAL_REPRESENTATION('',(#10212),#10216);
#10212 = CIRCLE('',#10213,25.);
#10213 = AXIS2_PLACEMENT_2D('',#10214,#10215);
#10214 = CARTESIAN_POINT('',(0.,0.));
#10215 = DIRECTION('',(1.,0.));
#10216 = ( GEOMETRIC_REPRESENTATION_CONTEXT(2) 
PARAMETRIC_REPRESENTATION_CONTEXT() REPRESENTATION_CONTEXT('2D SPACE',''
  ) );
#10217 = ORIENTED_EDGE('',*,*,#10218,.F.);
#10218 = EDGE_CURVE('',#10219,#10185,#10221,.T.);
#10219 = VERTEX_POINT('',#10220);
#10220 = CARTESIAN_POINT('',(13.692104549907,6.123233995737E-15,
    1.03778E+03));
#10221 = SEAM_CURVE('',#10222,(#10226,#10233),.PCURVE_S1.);
#10222 = LINE('',#10223,#10224);
#10223 = CARTESIAN_POINT('',(13.692104549907,6.123233995737E-15,
    1.03778E+03));
#10224 = VECTOR('',#10225,1.);
#10225 = DIRECTION('',(1.,0.,0.));
#10226 = PCURVE('',#10194,#10227);
#10227 = DEFINITIONAL_REPRESENTATION('',(#10228),#10232);
#10228 = LINE('',#10229,#10230);
#10229 = CARTESIAN_POINT('',(0.,-0.));
#10230 = VECTOR('',#10231,1.);
#10231 = DIRECTION('',(0.,1.));
#10232 = ( GEOMETRIC_REPRESENTATION_CONTEXT(2) 
PARAMETRIC_REPRESENTATION_CONTEXT() REPRESENTATION_CONTEXT('2D SPACE',''
  ) );
#10233 = PCURVE('',#10194,#10234);
#10234 = DEFINITIONAL_REPRESENTATION('',(#10235),#10239);
#10235 = LINE('',#10236,#10237);
#10236 = CARTESIAN_POINT('',(6.28318530718,-0.));
#10237 = VECTOR('',#10238,1.);
#10238 = DIRECTION('',(0.,1.));
#10239 = ( GEOMETRIC_REPRESENTATION_CONTEXT(2) 
PARAMETRIC_REPRESENTATION_CONTEXT() REPRESENTATION_CONTEXT('2D SPACE',''
  ) );
#10240 = ORIENTED_EDGE('',*,*,#10241,.T.);
#10241 = EDGE_CURVE('',#10219,#10219,#10242,.T.);
#10242 = SURFACE_CURVE('',#10243,(#10248,#10255),.PCURVE_S1.);
#10243 = CIRCLE('',#10244,25.);
#10244 = AXIS2_PLACEMENT_3D('',#10245,#10246,#10247);
#10245 = CARTESIAN_POINT('',(13.692104549907,0.,1.01278E+03));
#10246 = DIRECTION('',(1.,0.,-0.));
#10247 = DIRECTION('',(0.,0.,1.));
#10248 = PCURVE('',#10194,#10249);
#10249 = DEFINITIONAL_REPRESENTATION('',(#10250),#10254);
#10250 = LINE('',#10251,#10252);
#10251 = CARTESIAN_POINT('',(0.,0.));
#10252 = VECTOR('',#10253,1.);
#10253 = DIRECTION('',(1.,0.));
#10254 = ( GEOMETRIC_REPRESENTATION_CONTEXT(2) 
PARAMETRIC_REPRESENTATION_CONTEXT() REPRESENTATION_CONTEXT('2D SPACE',''
  ) );
#10255 = PCURVE('',#10256,#10261);
#10256 = PLANE('',#10257);
#10257 = AXIS2_PLACEMENT_3D('',#10258,#10259,#10260);
#10258 = CARTESIAN_POINT('',(13.692104549907,0.,1.01278E+03));
#10259 = DIRECTION('',(1.,0.,0.));
#10260 = DIRECTION('',(0.,0.,1.));
#10261 = DEFINITIONAL_REPRESENTATION('',(#10262),#10266);
#10262 = CIRCLE('',#10263,25.);
#10263 = AXIS2_PLACEMENT_2D('',#10264,#10265);
#10264 = CARTESIAN_POINT('',(0.,0.));
#10265 = DIRECTION('',(1.,0.));
#10266 = ( GEOMETRIC_REPRESENTATION_CONTEXT(2) 
PARAMETRIC_REPRESENTATION_CONTEXT() REPRESENTATION_CONTEXT('2D SPACE',''
  ) );
#10267 = ORIENTED_EDGE('',*,*,#10218,.T.);
#10268 = ADVANCED_FACE('',(#10269,#10300),#10206,.F.);
#10269 = FACE_BOUND('',#10270,.F.);
#10270 = EDGE_LOOP('',(#10271));
#10271 = ORIENTED_EDGE('',*,*,#10272,.T.);
#10272 = EDGE_CURVE('',#10273,#10273,#10275,.T.);
#10273 = VERTEX_POINT('',#10274);
#10274 = CARTESIAN_POINT('',(43.692104549907,7.347880794884E-15,
    1.04278E+03));
#10275 = SURFACE_CURVE('',#10276,(#10281,#10288),.PCURVE_S1.);
#10276 = CIRCLE('',#10277,30.);
#10277 = AXIS2_PLACEMENT_3D('',#10278,#10279,#10280);
#10278 = CARTESIAN_POINT('',(43.692104549907,0.,1.01278E+03));
#10279 = DIRECTION('',(1.,0.,-0.));
#10280 = DIRECTION('',(0.,0.,1.));
#10281 = PCURVE('',#10206,#10282);
#10282 = DEFINITIONAL_REPRESENTATION('',(#10283),#10287);
#10283 = CIRCLE('',#10284,30.);
#10284 = AXIS2_PLACEMENT_2D('',#10285,#10286);
#10285 = CARTESIAN_POINT('',(0.,0.));
#10286 = DIRECTION('',(1.,0.));
#10287 = ( GEOMETRIC_REPRESENTATION_CONTEXT(2) 
PARAMETRIC_REPRESENTATION_CONTEXT() REPRESENTATION_CONTEXT('2D SPACE',''
  ) );
#10288 = PCURVE('',#10289,#10294);
#10289 = CYLINDRICAL_SURFACE('',#10290,30.);
#10290 = AXIS2_PLACEMENT_3D('',#10291,#10292,#10293);
#10291 = CARTESIAN_POINT('',(43.692104549907,0.,1.01278E+03));
#10292 = DIRECTION('',(1.,0.,0.));
#10293 = DIRECTION('',(0.,0.,1.));
#10294 = DEFINITIONAL_REPRESENTATION('',(#10295),#10299);
#10295 = LINE('',#10296,#10297);
#10296 = CARTESIAN_POINT('',(0.,0.));
#10297 = VECTOR('',#10298,1.);
#10298 = DIRECTION('',(1.,0.));
#10299 = ( GEOMETRIC_REPRESENTATION_CONTEXT(2) 
PARAMETRIC_REPRESENTATION_CONTEXT() REPRESENTATION_CONTEXT('2D SPACE',''
  ) );
#10300 = FACE_BOUND('',#10301,.F.);
#10301 = EDGE_LOOP('',(#10302));
#10302 = ORIENTED_EDGE('',*,*,#10184,.F.);
#10303 = ADVANCED_FACE('',(#10304,#10307),#10256,.F.);
#10304 = FACE_BOUND('',#10305,.F.);
#10305 = EDGE_LOOP('',(#10306));
#10306 = ORIENTED_EDGE('',*,*,#10241,.T.);
#10307 = FACE_BOUND('',#10308,.F.);
#10308 = EDGE_LOOP('',(#10309));
#10309 = ORIENTED_EDGE('',*,*,#10310,.F.);
#10310 = EDGE_CURVE('',#10311,#10311,#10313,.T.);
#10311 = VERTEX_POINT('',#10312);
#10312 = CARTESIAN_POINT('',(13.692104549907,4.65365783676E-15,
    1.03178E+03));
#10313 = SURFACE_CURVE('',#10314,(#10319,#10326),.PCURVE_S1.);
#10314 = CIRCLE('',#10315,19.);
#10315 = AXIS2_PLACEMENT_3D('',#10316,#10317,#10318);
#10316 = CARTESIAN_POINT('',(13.692104549907,0.,1.01278E+03));
#10317 = DIRECTION('',(1.,0.,-0.));
#10318 = DIRECTION('',(0.,0.,1.));
#10319 = PCURVE('',#10256,#10320);
#10320 = DEFINITIONAL_REPRESENTATION('',(#10321),#10325);
#10321 = CIRCLE('',#10322,19.);
#10322 = AXIS2_PLACEMENT_2D('',#10323,#10324);
#10323 = CARTESIAN_POINT('',(0.,0.));
#10324 = DIRECTION('',(1.,0.));
#10325 = ( GEOMETRIC_REPRESENTATION_CONTEXT(2) 
PARAMETRIC_REPRESENTATION_CONTEXT() REPRESENTATION_CONTEXT('2D SPACE',''
  ) );
#10326 = PCURVE('',#10327,#10332);
#10327 = CYLINDRICAL_SURFACE('',#10328,19.);
#10328 = AXIS2_PLACEMENT_3D('',#10329,#10330,#10331);
#10329 = CARTESIAN_POINT('',(13.592104549907,0.,1.01278E+03));
#10330 = DIRECTION('',(1.,0.,0.));
#10331 = DIRECTION('',(0.,0.,1.));
#10332 = DEFINITIONAL_REPRESENTATION('',(#10333),#10337);
#10333 = LINE('',#10334,#10335);
#10334 = CARTESIAN_POINT('',(0.,0.1));
#10335 = VECTOR('',#10336,1.);
#10336 = DIRECTION('',(1.,0.));
#10337 = ( GEOMETRIC_REPRESENTATION_CONTEXT(2) 
PARAMETRIC_REPRESENTATION_CONTEXT() REPRESENTATION_CONTEXT('2D SPACE',''
  ) );
#10338 = ADVANCED_FACE('',(#10339),#10289,.T.);
#10339 = FACE_BOUND('',#10340,.T.);
#10340 = EDGE_LOOP('',(#10341,#10370,#10391,#10392));
#10341 = ORIENTED_EDGE('',*,*,#10342,.F.);
#10342 = EDGE_CURVE('',#10343,#10343,#10345,.T.);
#10343 = VERTEX_POINT('',#10344);
#10344 = CARTESIAN_POINT('',(46.692104549907,7.347880794884E-15,
    1.04278E+03));
#10345 = SURFACE_CURVE('',#10346,(#10351,#10358),.PCURVE_S1.);
#10346 = CIRCLE('',#10347,30.);
#10347 = AXIS2_PLACEMENT_3D('',#10348,#10349,#10350);
#10348 = CARTESIAN_POINT('',(46.692104549907,0.,1.01278E+03));
#10349 = DIRECTION('',(1.,0.,-0.));
#10350 = DIRECTION('',(0.,0.,1.));
#10351 = PCURVE('',#10289,#10352);
#10352 = DEFINITIONAL_REPRESENTATION('',(#10353),#10357);
#10353 = LINE('',#10354,#10355);
#10354 = CARTESIAN_POINT('',(0.,3.));
#10355 = VECTOR('',#10356,1.);
#10356 = DIRECTION('',(1.,0.));
#10357 = ( GEOMETRIC_REPRESENTATION_CONTEXT(2) 
PARAMETRIC_REPRESENTATION_CONTEXT() REPRESENTATION_CONTEXT('2D SPACE',''
  ) );
#10358 = PCURVE('',#10359,#10364);
#10359 = PLANE('',#10360);
#10360 = AXIS2_PLACEMENT_3D('',#10361,#10362,#10363);
#10361 = CARTESIAN_POINT('',(46.692104549907,0.,1.01278E+03));
#10362 = DIRECTION('',(1.,0.,0.));
#10363 = DIRECTION('',(0.,0.,1.));
#10364 = DEFINITIONAL_REPRESENTATION('',(#10365),#10369);
#10365 = CIRCLE('',#10366,30.);
#10366 = AXIS2_PLACEMENT_2D('',#10367,#10368);
#10367 = CARTESIAN_POINT('',(0.,0.));
#10368 = DIRECTION('',(1.,0.));
#10369 = ( GEOMETRIC_REPRESENTATION_CONTEXT(2) 
PARAMETRIC_REPRESENTATION_CONTEXT() REPRESENTATION_CONTEXT('2D SPACE',''
  ) );
#10370 = ORIENTED_EDGE('',*,*,#10371,.F.);
#10371 = EDGE_CURVE('',#10273,#10343,#10372,.T.);
#10372 = SEAM_CURVE('',#10373,(#10377,#10384),.PCURVE_S1.);
#10373 = LINE('',#10374,#10375);
#10374 = CARTESIAN_POINT('',(43.692104549907,7.347880794884E-15,
    1.04278E+03));
#10375 = VECTOR('',#10376,1.);
#10376 = DIRECTION('',(1.,0.,0.));
#10377 = PCURVE('',#10289,#10378);
#10378 = DEFINITIONAL_REPRESENTATION('',(#10379),#10383);
#10379 = LINE('',#10380,#10381);
#10380 = CARTESIAN_POINT('',(0.,-0.));
#10381 = VECTOR('',#10382,1.);
#10382 = DIRECTION('',(0.,1.));
#10383 = ( GEOMETRIC_REPRESENTATION_CONTEXT(2) 
PARAMETRIC_REPRESENTATION_CONTEXT() REPRESENTATION_CONTEXT('2D SPACE',''
  ) );
#10384 = PCURVE('',#10289,#10385);
#10385 = DEFINITIONAL_REPRESENTATION('',(#10386),#10390);
#10386 = LINE('',#10387,#10388);
#10387 = CARTESIAN_POINT('',(6.28318530718,-0.));
#10388 = VECTOR('',#10389,1.);
#10389 = DIRECTION('',(0.,1.));
#10390 = ( GEOMETRIC_REPRESENTATION_CONTEXT(2) 
PARAMETRIC_REPRESENTATION_CONTEXT() REPRESENTATION_CONTEXT('2D SPACE',''
  ) );
#10391 = ORIENTED_EDGE('',*,*,#10272,.T.);
#10392 = ORIENTED_EDGE('',*,*,#10371,.T.);
#10393 = ADVANCED_FACE('',(#10394),#10327,.F.);
#10394 = FACE_BOUND('',#10395,.F.);
#10395 = EDGE_LOOP('',(#10396,#10424,#10445,#10446));
#10396 = ORIENTED_EDGE('',*,*,#10397,.F.);
#10397 = EDGE_CURVE('',#10398,#10398,#10400,.T.);
#10398 = VERTEX_POINT('',#10399);
#10399 = CARTESIAN_POINT('',(43.692104549907,4.65365783676E-15,
    1.03178E+03));
#10400 = SURFACE_CURVE('',#10401,(#10406,#10413),.PCURVE_S1.);
#10401 = CIRCLE('',#10402,19.);
#10402 = AXIS2_PLACEMENT_3D('',#10403,#10404,#10405);
#10403 = CARTESIAN_POINT('',(43.692104549907,0.,1.01278E+03));
#10404 = DIRECTION('',(1.,0.,-0.));
#10405 = DIRECTION('',(0.,0.,1.));
#10406 = PCURVE('',#10327,#10407);
#10407 = DEFINITIONAL_REPRESENTATION('',(#10408),#10412);
#10408 = LINE('',#10409,#10410);
#10409 = CARTESIAN_POINT('',(0.,30.1));
#10410 = VECTOR('',#10411,1.);
#10411 = DIRECTION('',(1.,0.));
#10412 = ( GEOMETRIC_REPRESENTATION_CONTEXT(2) 
PARAMETRIC_REPRESENTATION_CONTEXT() REPRESENTATION_CONTEXT('2D SPACE',''
  ) );
#10413 = PCURVE('',#10414,#10419);
#10414 = CYLINDRICAL_SURFACE('',#10415,19.);
#10415 = AXIS2_PLACEMENT_3D('',#10416,#10417,#10418);
#10416 = CARTESIAN_POINT('',(43.592104549907,0.,1.01278E+03));
#10417 = DIRECTION('',(1.,0.,0.));
#10418 = DIRECTION('',(0.,0.,1.));
#10419 = DEFINITIONAL_REPRESENTATION('',(#10420),#10423);
#10420 = B_SPLINE_CURVE_WITH_KNOTS('',1,(#10421,#10422),.UNSPECIFIED.,
  .F.,.F.,(2,2),(0.,6.28318530718),.PIECEWISE_BEZIER_KNOTS.);
#10421 = CARTESIAN_POINT('',(0.,0.1));
#10422 = CARTESIAN_POINT('',(6.28318530718,0.1));
#10423 = ( GEOMETRIC_REPRESENTATION_CONTEXT(2) 
PARAMETRIC_REPRESENTATION_CONTEXT() REPRESENTATION_CONTEXT('2D SPACE',''
  ) );
#10424 = ORIENTED_EDGE('',*,*,#10425,.F.);
#10425 = EDGE_CURVE('',#10311,#10398,#10426,.T.);
#10426 = SEAM_CURVE('',#10427,(#10431,#10438),.PCURVE_S1.);
#10427 = LINE('',#10428,#10429);
#10428 = CARTESIAN_POINT('',(13.592104549907,4.65365783676E-15,
    1.03178E+03));
#10429 = VECTOR('',#10430,1.);
#10430 = DIRECTION('',(1.,0.,0.));
#10431 = PCURVE('',#10327,#10432);
#10432 = DEFINITIONAL_REPRESENTATION('',(#10433),#10437);
#10433 = LINE('',#10434,#10435);
#10434 = CARTESIAN_POINT('',(0.,-0.));
#10435 = VECTOR('',#10436,1.);
#10436 = DIRECTION('',(0.,1.));
#10437 = ( GEOMETRIC_REPRESENTATION_CONTEXT(2) 
PARAMETRIC_REPRESENTATION_CONTEXT() REPRESENTATION_CONTEXT('2D SPACE',''
  ) );
#10438 = PCURVE('',#10327,#10439);
#10439 = DEFINITIONAL_REPRESENTATION('',(#10440),#10444);
#10440 = LINE('',#10441,#10442);
#10441 = CARTESIAN_POINT('',(6.28318530718,-0.));
#10442 = VECTOR('',#10443,1.);
#10443 = DIRECTION('',(0.,1.));
#10444 = ( GEOMETRIC_REPRESENTATION_CONTEXT(2) 
PARAMETRIC_REPRESENTATION_CONTEXT() REPRESENTATION_CONTEXT('2D SPACE',''
  ) );
#10445 = ORIENTED_EDGE('',*,*,#10310,.T.);
#10446 = ORIENTED_EDGE('',*,*,#10425,.T.);
#10447 = ADVANCED_FACE('',(#10448,#10451),#10359,.T.);
#10448 = FACE_BOUND('',#10449,.T.);
#10449 = EDGE_LOOP('',(#10450));
#10450 = ORIENTED_EDGE('',*,*,#10342,.T.);
#10451 = FACE_BOUND('',#10452,.T.);
#10452 = EDGE_LOOP('',(#10453));
#10453 = ORIENTED_EDGE('',*,*,#10454,.F.);
#10454 = EDGE_CURVE('',#10455,#10455,#10457,.T.);
#10455 = VERTEX_POINT('',#10456);
#10456 = CARTESIAN_POINT('',(46.692104549907,4.65365783676E-15,
    1.03178E+03));
#10457 = SURFACE_CURVE('',#10458,(#10463,#10470),.PCURVE_S1.);
#10458 = CIRCLE('',#10459,19.);
#10459 = AXIS2_PLACEMENT_3D('',#10460,#10461,#10462);
#10460 = CARTESIAN_POINT('',(46.692104549907,0.,1.01278E+03));
#10461 = DIRECTION('',(1.,0.,-0.));
#10462 = DIRECTION('',(0.,0.,1.));
#10463 = PCURVE('',#10359,#10464);
#10464 = DEFINITIONAL_REPRESENTATION('',(#10465),#10469);
#10465 = CIRCLE('',#10466,19.);
#10466 = AXIS2_PLACEMENT_2D('',#10467,#10468);
#10467 = CARTESIAN_POINT('',(0.,0.));
#10468 = DIRECTION('',(1.,0.));
#10469 = ( GEOMETRIC_REPRESENTATION_CONTEXT(2) 
PARAMETRIC_REPRESENTATION_CONTEXT() REPRESENTATION_CONTEXT('2D SPACE',''
  ) );
#10470 = PCURVE('',#10414,#10471);
#10471 = DEFINITIONAL_REPRESENTATION('',(#10472),#10476);
#10472 = LINE('',#10473,#10474);
#10473 = CARTESIAN_POINT('',(0.,3.1));
#10474 = VECTOR('',#10475,1.);
#10475 = DIRECTION('',(1.,0.));
#10476 = ( GEOMETRIC_REPRESENTATION_CONTEXT(2) 
PARAMETRIC_REPRESENTATION_CONTEXT() REPRESENTATION_CONTEXT('2D SPACE',''
  ) );
#10477 = ADVANCED_FACE('',(#10478),#10414,.F.);
#10478 = FACE_BOUND('',#10479,.F.);
#10479 = EDGE_LOOP('',(#10480,#10481,#10502,#10503));
#10480 = ORIENTED_EDGE('',*,*,#10454,.F.);
#10481 = ORIENTED_EDGE('',*,*,#10482,.F.);
#10482 = EDGE_CURVE('',#10398,#10455,#10483,.T.);
#10483 = SEAM_CURVE('',#10484,(#10488,#10495),.PCURVE_S1.);
#10484 = LINE('',#10485,#10486);
#10485 = CARTESIAN_POINT('',(43.592104549907,4.65365783676E-15,
    1.03178E+03));
#10486 = VECTOR('',#10487,1.);
#10487 = DIRECTION('',(1.,0.,0.));
#10488 = PCURVE('',#10414,#10489);
#10489 = DEFINITIONAL_REPRESENTATION('',(#10490),#10494);
#10490 = LINE('',#10491,#10492);
#10491 = CARTESIAN_POINT('',(0.,-0.));
#10492 = VECTOR('',#10493,1.);
#10493 = DIRECTION('',(0.,1.));
#10494 = ( GEOMETRIC_REPRESENTATION_CONTEXT(2) 
PARAMETRIC_REPRESENTATION_CONTEXT() REPRESENTATION_CONTEXT('2D SPACE',''
  ) );
#10495 = PCURVE('',#10414,#10496);
#10496 = DEFINITIONAL_REPRESENTATION('',(#10497),#10501);
#10497 = LINE('',#10498,#10499);
#10498 = CARTESIAN_POINT('',(6.28318530718,-0.));
#10499 = VECTOR('',#10500,1.);
#10500 = DIRECTION('',(0.,1.));
#10501 = ( GEOMETRIC_REPRESENTATION_CONTEXT(2) 
PARAMETRIC_REPRESENTATION_CONTEXT() REPRESENTATION_CONTEXT('2D SPACE',''
  ) );
#10502 = ORIENTED_EDGE('',*,*,#10397,.T.);
#10503 = ORIENTED_EDGE('',*,*,#10482,.T.);
#10504 = ( GEOMETRIC_REPRESENTATION_CONTEXT(3) 
GLOBAL_UNCERTAINTY_ASSIGNED_CONTEXT((#10508)) 
GLOBAL_UNIT_ASSIGNED_CONTEXT((#10505,#10506,#10507)) 
REPRESENTATION_CONTEXT('Context #1',
  '3D Context with UNIT and UNCERTAINTY') );
#10505 = ( LENGTH_UNIT() NAMED_UNIT(*) SI_UNIT(.MILLI.,.METRE.) );
#10506 = ( NAMED_UNIT(*) PLANE_ANGLE_UNIT() SI_UNIT($,.RADIAN.) );
#10507 = ( NAMED_UNIT(*) SI_UNIT($,.STERADIAN.) SOLID_ANGLE_UNIT() );
#10508 = UNCERTAINTY_MEASURE_WITH_UNIT(LENGTH_MEASURE(1.E-07),#10505,
  'distance_accuracy_value','confusion accuracy');
#10509 = CONTEXT_DEPENDENT_SHAPE_REPRESENTATION(#10510,#10512);
#10510 = ( REPRESENTATION_RELATIONSHIP('','',#10177,#10) 
REPRESENTATION_RELATIONSHIP_WITH_TRANSFORMATION(#10511) 
SHAPE_REPRESENTATION_RELATIONSHIP() );
#10511 = ITEM_DEFINED_TRANSFORMATION('','',#11,#27);
#10512 = PRODUCT_DEFINITION_SHAPE('Placement','Placement of an item',
  #10513);
#10513 = NEXT_ASSEMBLY_USAGE_OCCURRENCE('10','BUSHING_RIGHT_AMS4640','',
  #5,#10172,$);
#10514 = PRODUCT_RELATED_PRODUCT_CATEGORY('part',$,(#10174));
#10515 = SHAPE_DEFINITION_REPRESENTATION(#10516,#10522);
#10516 = PRODUCT_DEFINITION_SHAPE('','',#10517);
#10517 = PRODUCT_DEFINITION('design','',#10518,#10521);
#10518 = PRODUCT_DEFINITION_FORMATION('','',#10519);
#10519 = PRODUCT('THRUST_COLLAR_LEFT_300M','THRUST_COLLAR_LEFT_300M','',
  (#10520));
#10520 = PRODUCT_CONTEXT('',#2,'mechanical');
#10521 = PRODUCT_DEFINITION_CONTEXT('part definition',#2,'design');
#10522 = ADVANCED_BREP_SHAPE_REPRESENTATION('',(#11,#10523),#10820);
#10523 = MANIFOLD_SOLID_BREP('',#10524);
#10524 = CLOSED_SHELL('',(#10525,#10613,#10648,#10683,#10762,#10812));
#10525 = ADVANCED_FACE('',(#10526),#10540,.T.);
#10526 = FACE_BOUND('',#10527,.T.);
#10527 = EDGE_LOOP('',(#10528,#10558,#10585,#10586));
#10528 = ORIENTED_EDGE('',*,*,#10529,.T.);
#10529 = EDGE_CURVE('',#10530,#10532,#10534,.T.);
#10530 = VERTEX_POINT('',#10531);
#10531 = CARTESIAN_POINT('',(-47.1921045499,29.,1.01278E+03));
#10532 = VERTEX_POINT('',#10533);
#10533 = CARTESIAN_POINT('',(-50.1921045499,29.,1.01278E+03));
#10534 = SEAM_CURVE('',#10535,(#10539,#10551),.PCURVE_S1.);
#10535 = LINE('',#10536,#10537);
#10536 = CARTESIAN_POINT('',(-47.1921045499,29.,1.01278E+03));
#10537 = VECTOR('',#10538,1.);
#10538 = DIRECTION('',(-1.,-0.,-0.));
#10539 = PCURVE('',#10540,#10545);
#10540 = CYLINDRICAL_SURFACE('',#10541,29.);
#10541 = AXIS2_PLACEMENT_3D('',#10542,#10543,#10544);
#10542 = CARTESIAN_POINT('',(-47.1921045499,3.844755463956E-16,
    1.01278E+03));
#10543 = DIRECTION('',(1.,0.,0.));
#10544 = DIRECTION('',(0.,1.,0.));
#10545 = DEFINITIONAL_REPRESENTATION('',(#10546),#10550);
#10546 = LINE('',#10547,#10548);
#10547 = CARTESIAN_POINT('',(4.138911435803E-13,0.));
#10548 = VECTOR('',#10549,1.);
#10549 = DIRECTION('',(0.,-1.));
#10550 = ( GEOMETRIC_REPRESENTATION_CONTEXT(2) 
PARAMETRIC_REPRESENTATION_CONTEXT() REPRESENTATION_CONTEXT('2D SPACE',''
  ) );
#10551 = PCURVE('',#10540,#10552);
#10552 = DEFINITIONAL_REPRESENTATION('',(#10553),#10557);
#10553 = LINE('',#10554,#10555);
#10554 = CARTESIAN_POINT('',(6.28318530718,0.));
#10555 = VECTOR('',#10556,1.);
#10556 = DIRECTION('',(0.,-1.));
#10557 = ( GEOMETRIC_REPRESENTATION_CONTEXT(2) 
PARAMETRIC_REPRESENTATION_CONTEXT() REPRESENTATION_CONTEXT('2D SPACE',''
  ) );
#10558 = ORIENTED_EDGE('',*,*,#10559,.T.);
#10559 = EDGE_CURVE('',#10532,#10532,#10560,.T.);
#10560 = SURFACE_CURVE('',#10561,(#10566,#10573),.PCURVE_S1.);
#10561 = CIRCLE('',#10562,29.);
#10562 = AXIS2_PLACEMENT_3D('',#10563,#10564,#10565);
#10563 = CARTESIAN_POINT('',(-50.1921045499,3.844755463956E-16,
    1.01278E+03));
#10564 = DIRECTION('',(1.,0.,0.));
#10565 = DIRECTION('',(0.,1.,0.));
#10566 = PCURVE('',#10540,#10567);
#10567 = DEFINITIONAL_REPRESENTATION('',(#10568),#10572);
#10568 = LINE('',#10569,#10570);
#10569 = CARTESIAN_POINT('',(0.,-3.));
#10570 = VECTOR('',#10571,1.);
#10571 = DIRECTION('',(1.,0.));
#10572 = ( GEOMETRIC_REPRESENTATION_CONTEXT(2) 
PARAMETRIC_REPRESENTATION_CONTEXT() REPRESENTATION_CONTEXT('2D SPACE',''
  ) );
#10573 = PCURVE('',#10574,#10579);
#10574 = PLANE('',#10575);
#10575 = AXIS2_PLACEMENT_3D('',#10576,#10577,#10578);
#10576 = CARTESIAN_POINT('',(-50.1921045499,-5.281148098083E-15,
    1.01278E+03));
#10577 = DIRECTION('',(1.,0.,0.));
#10578 = DIRECTION('',(0.,0.,1.));
#10579 = DEFINITIONAL_REPRESENTATION('',(#10580),#10584);
#10580 = CIRCLE('',#10581,29.);
#10581 = AXIS2_PLACEMENT_2D('',#10582,#10583);
#10582 = CARTESIAN_POINT('',(0.,-5.665623644479E-15));
#10583 = DIRECTION('',(0.,-1.));
#10584 = ( GEOMETRIC_REPRESENTATION_CONTEXT(2) 
PARAMETRIC_REPRESENTATION_CONTEXT() REPRESENTATION_CONTEXT('2D SPACE',''
  ) );
#10585 = ORIENTED_EDGE('',*,*,#10529,.F.);
#10586 = ORIENTED_EDGE('',*,*,#10587,.F.);
#10587 = EDGE_CURVE('',#10530,#10530,#10588,.T.);
#10588 = SURFACE_CURVE('',#10589,(#10594,#10601),.PCURVE_S1.);
#10589 = CIRCLE('',#10590,29.);
#10590 = AXIS2_PLACEMENT_3D('',#10591,#10592,#10593);
#10591 = CARTESIAN_POINT('',(-47.1921045499,3.844755463956E-16,
    1.01278E+03));
#10592 = DIRECTION('',(1.,0.,0.));
#10593 = DIRECTION('',(0.,1.,0.));
#10594 = PCURVE('',#10540,#10595);
#10595 = DEFINITIONAL_REPRESENTATION('',(#10596),#10600);
#10596 = LINE('',#10597,#10598);
#10597 = CARTESIAN_POINT('',(0.,0.));
#10598 = VECTOR('',#10599,1.);
#10599 = DIRECTION('',(1.,0.));
#10600 = ( GEOMETRIC_REPRESENTATION_CONTEXT(2) 
PARAMETRIC_REPRESENTATION_CONTEXT() REPRESENTATION_CONTEXT('2D SPACE',''
  ) );
#10601 = PCURVE('',#10602,#10607);
#10602 = PLANE('',#10603);
#10603 = AXIS2_PLACEMENT_3D('',#10604,#10605,#10606);
#10604 = CARTESIAN_POINT('',(-47.1921045499,-5.281148098083E-15,
    1.01278E+03));
#10605 = DIRECTION('',(1.,0.,0.));
#10606 = DIRECTION('',(0.,0.,1.));
#10607 = DEFINITIONAL_REPRESENTATION('',(#10608),#10612);
#10608 = CIRCLE('',#10609,29.);
#10609 = AXIS2_PLACEMENT_2D('',#10610,#10611);
#10610 = CARTESIAN_POINT('',(0.,-5.665623644479E-15));
#10611 = DIRECTION('',(0.,-1.));
#10612 = ( GEOMETRIC_REPRESENTATION_CONTEXT(2) 
PARAMETRIC_REPRESENTATION_CONTEXT() REPRESENTATION_CONTEXT('2D SPACE',''
  ) );
#10613 = ADVANCED_FACE('',(#10614,#10617),#10574,.F.);
#10614 = FACE_BOUND('',#10615,.F.);
#10615 = EDGE_LOOP('',(#10616));
#10616 = ORIENTED_EDGE('',*,*,#10559,.T.);
#10617 = FACE_BOUND('',#10618,.F.);
#10618 = EDGE_LOOP('',(#10619));
#10619 = ORIENTED_EDGE('',*,*,#10620,.F.);
#10620 = EDGE_CURVE('',#10621,#10621,#10623,.T.);
#10621 = VERTEX_POINT('',#10622);
#10622 = CARTESIAN_POINT('',(-50.1921045499,19.,1.01278E+03));
#10623 = SURFACE_CURVE('',#10624,(#10629,#10636),.PCURVE_S1.);
#10624 = CIRCLE('',#10625,19.);
#10625 = AXIS2_PLACEMENT_3D('',#10626,#10627,#10628);
#10626 = CARTESIAN_POINT('',(-50.1921045499,1.38082757442E-13,
    1.01278E+03));
#10627 = DIRECTION('',(1.,0.,0.));
#10628 = DIRECTION('',(0.,1.,0.));
#10629 = PCURVE('',#10574,#10630);
#10630 = DEFINITIONAL_REPRESENTATION('',(#10631),#10635);
#10631 = CIRCLE('',#10632,19.);
#10632 = AXIS2_PLACEMENT_2D('',#10633,#10634);
#10633 = CARTESIAN_POINT('',(0.,-1.433639055401E-13));
#10634 = DIRECTION('',(0.,-1.));
#10635 = ( GEOMETRIC_REPRESENTATION_CONTEXT(2) 
PARAMETRIC_REPRESENTATION_CONTEXT() REPRESENTATION_CONTEXT('2D SPACE',''
  ) );
#10636 = PCURVE('',#10637,#10642);
#10637 = CYLINDRICAL_SURFACE('',#10638,19.);
#10638 = AXIS2_PLACEMENT_3D('',#10639,#10640,#10641);
#10639 = CARTESIAN_POINT('',(-47.1921045499,1.38082757442E-13,
    1.01278E+03));
#10640 = DIRECTION('',(1.,0.,0.));
#10641 = DIRECTION('',(0.,1.,0.));
#10642 = DEFINITIONAL_REPRESENTATION('',(#10643),#10647);
#10643 = LINE('',#10644,#10645);
#10644 = CARTESIAN_POINT('',(0.,-3.));
#10645 = VECTOR('',#10646,1.);
#10646 = DIRECTION('',(1.,0.));
#10647 = ( GEOMETRIC_REPRESENTATION_CONTEXT(2) 
PARAMETRIC_REPRESENTATION_CONTEXT() REPRESENTATION_CONTEXT('2D SPACE',''
  ) );
#10648 = ADVANCED_FACE('',(#10649,#10652),#10602,.T.);
#10649 = FACE_BOUND('',#10650,.T.);
#10650 = EDGE_LOOP('',(#10651));
#10651 = ORIENTED_EDGE('',*,*,#10587,.T.);
#10652 = FACE_BOUND('',#10653,.T.);
#10653 = EDGE_LOOP('',(#10654));
#10654 = ORIENTED_EDGE('',*,*,#10655,.F.);
#10655 = EDGE_CURVE('',#10656,#10656,#10658,.T.);
#10656 = VERTEX_POINT('',#10657);
#10657 = CARTESIAN_POINT('',(-47.1921045499,5.633375276078E-15,
    1.03578E+03));
#10658 = SURFACE_CURVE('',#10659,(#10664,#10671),.PCURVE_S1.);
#10659 = CIRCLE('',#10660,23.);
#10660 = AXIS2_PLACEMENT_3D('',#10661,#10662,#10663);
#10661 = CARTESIAN_POINT('',(-47.1921045499,0.,1.01278E+03));
#10662 = DIRECTION('',(1.,0.,-0.));
#10663 = DIRECTION('',(0.,0.,1.));
#10664 = PCURVE('',#10602,#10665);
#10665 = DEFINITIONAL_REPRESENTATION('',(#10666),#10670);
#10666 = CIRCLE('',#10667,23.);
#10667 = AXIS2_PLACEMENT_2D('',#10668,#10669);
#10668 = CARTESIAN_POINT('',(0.,-5.281148098083E-15));
#10669 = DIRECTION('',(1.,0.));
#10670 = ( GEOMETRIC_REPRESENTATION_CONTEXT(2) 
PARAMETRIC_REPRESENTATION_CONTEXT() REPRESENTATION_CONTEXT('2D SPACE',''
  ) );
#10671 = PCURVE('',#10672,#10677);
#10672 = CONICAL_SURFACE('',#10673,22.,1.451367400777);
#10673 = AXIS2_PLACEMENT_3D('',#10674,#10675,#10676);
#10674 = CARTESIAN_POINT('',(-47.3121045499,0.,1.01278E+03));
#10675 = DIRECTION('',(1.,0.,0.));
#10676 = DIRECTION('',(0.,0.,1.));
#10677 = DEFINITIONAL_REPRESENTATION('',(#10678),#10682);
#10678 = LINE('',#10679,#10680);
#10679 = CARTESIAN_POINT('',(0.,0.12));
#10680 = VECTOR('',#10681,1.);
#10681 = DIRECTION('',(1.,0.));
#10682 = ( GEOMETRIC_REPRESENTATION_CONTEXT(2) 
PARAMETRIC_REPRESENTATION_CONTEXT() REPRESENTATION_CONTEXT('2D SPACE',''
  ) );
#10683 = ADVANCED_FACE('',(#10684),#10637,.F.);
#10684 = FACE_BOUND('',#10685,.F.);
#10685 = EDGE_LOOP('',(#10686,#10717,#10738,#10739,#10740));
#10686 = ORIENTED_EDGE('',*,*,#10687,.F.);
#10687 = EDGE_CURVE('',#10688,#10690,#10692,.T.);
#10688 = VERTEX_POINT('',#10689);
#10689 = CARTESIAN_POINT('',(-47.3121045499,19.,1.01278E+03));
#10690 = VERTEX_POINT('',#10691);
#10691 = CARTESIAN_POINT('',(-47.3121045499,4.65365783676E-15,
    1.03178E+03));
#10692 = SURFACE_CURVE('',#10693,(#10698,#10705),.PCURVE_S1.);
#10693 = CIRCLE('',#10694,19.);
#10694 = AXIS2_PLACEMENT_3D('',#10695,#10696,#10697);
#10695 = CARTESIAN_POINT('',(-47.3121045499,0.,1.01278E+03));
#10696 = DIRECTION('',(1.,0.,-0.));
#10697 = DIRECTION('',(0.,0.,1.));
#10698 = PCURVE('',#10637,#10699);
#10699 = DEFINITIONAL_REPRESENTATION('',(#10700),#10704);
#10700 = LINE('',#10701,#10702);
#10701 = CARTESIAN_POINT('',(-4.712388980385,-0.12));
#10702 = VECTOR('',#10703,1.);
#10703 = DIRECTION('',(1.,0.));
#10704 = ( GEOMETRIC_REPRESENTATION_CONTEXT(2) 
PARAMETRIC_REPRESENTATION_CONTEXT() REPRESENTATION_CONTEXT('2D SPACE',''
  ) );
#10705 = PCURVE('',#10706,#10711);
#10706 = PLANE('',#10707);
#10707 = AXIS2_PLACEMENT_3D('',#10708,#10709,#10710);
#10708 = CARTESIAN_POINT('',(-47.3121045499,0.,1.01278E+03));
#10709 = DIRECTION('',(1.,0.,0.));
#10710 = DIRECTION('',(0.,0.,1.));
#10711 = DEFINITIONAL_REPRESENTATION('',(#10712),#10716);
#10712 = CIRCLE('',#10713,19.);
#10713 = AXIS2_PLACEMENT_2D('',#10714,#10715);
#10714 = CARTESIAN_POINT('',(0.,0.));
#10715 = DIRECTION('',(1.,0.));
#10716 = ( GEOMETRIC_REPRESENTATION_CONTEXT(2) 
PARAMETRIC_REPRESENTATION_CONTEXT() REPRESENTATION_CONTEXT('2D SPACE',''
  ) );
#10717 = ORIENTED_EDGE('',*,*,#10718,.T.);
#10718 = EDGE_CURVE('',#10688,#10621,#10719,.T.);
#10719 = SEAM_CURVE('',#10720,(#10724,#10731),.PCURVE_S1.);
#10720 = LINE('',#10721,#10722);
#10721 = CARTESIAN_POINT('',(-47.1921045499,19.,1.01278E+03));
#10722 = VECTOR('',#10723,1.);
#10723 = DIRECTION('',(-1.,-0.,-0.));
#10724 = PCURVE('',#10637,#10725);
#10725 = DEFINITIONAL_REPRESENTATION('',(#10726),#10730);
#10726 = LINE('',#10727,#10728);
#10727 = CARTESIAN_POINT('',(4.138911435803E-13,0.));
#10728 = VECTOR('',#10729,1.);
#10729 = DIRECTION('',(0.,-1.));
#10730 = ( GEOMETRIC_REPRESENTATION_CONTEXT(2) 
PARAMETRIC_REPRESENTATION_CONTEXT() REPRESENTATION_CONTEXT('2D SPACE',''
  ) );
#10731 = PCURVE('',#10637,#10732);
#10732 = DEFINITIONAL_REPRESENTATION('',(#10733),#10737);
#10733 = LINE('',#10734,#10735);
#10734 = CARTESIAN_POINT('',(6.28318530718,0.));
#10735 = VECTOR('',#10736,1.);
#10736 = DIRECTION('',(0.,-1.));
#10737 = ( GEOMETRIC_REPRESENTATION_CONTEXT(2) 
PARAMETRIC_REPRESENTATION_CONTEXT() REPRESENTATION_CONTEXT('2D SPACE',''
  ) );
#10738 = ORIENTED_EDGE('',*,*,#10620,.T.);
#10739 = ORIENTED_EDGE('',*,*,#10718,.F.);
#10740 = ORIENTED_EDGE('',*,*,#10741,.F.);
#10741 = EDGE_CURVE('',#10690,#10688,#10742,.T.);
#10742 = SURFACE_CURVE('',#10743,(#10748,#10755),.PCURVE_S1.);
#10743 = CIRCLE('',#10744,19.);
#10744 = AXIS2_PLACEMENT_3D('',#10745,#10746,#10747);
#10745 = CARTESIAN_POINT('',(-47.3121045499,0.,1.01278E+03));
#10746 = DIRECTION('',(1.,0.,-0.));
#10747 = DIRECTION('',(0.,0.,1.));
#10748 = PCURVE('',#10637,#10749);
#10749 = DEFINITIONAL_REPRESENTATION('',(#10750),#10754);
#10750 = LINE('',#10751,#10752);
#10751 = CARTESIAN_POINT('',(1.570796326795,-0.12));
#10752 = VECTOR('',#10753,1.);
#10753 = DIRECTION('',(1.,0.));
#10754 = ( GEOMETRIC_REPRESENTATION_CONTEXT(2) 
PARAMETRIC_REPRESENTATION_CONTEXT() REPRESENTATION_CONTEXT('2D SPACE',''
  ) );
#10755 = PCURVE('',#10706,#10756);
#10756 = DEFINITIONAL_REPRESENTATION('',(#10757),#10761);
#10757 = CIRCLE('',#10758,19.);
#10758 = AXIS2_PLACEMENT_2D('',#10759,#10760);
#10759 = CARTESIAN_POINT('',(0.,0.));
#10760 = DIRECTION('',(1.,0.));
#10761 = ( GEOMETRIC_REPRESENTATION_CONTEXT(2) 
PARAMETRIC_REPRESENTATION_CONTEXT() REPRESENTATION_CONTEXT('2D SPACE',''
  ) );
#10762 = ADVANCED_FACE('',(#10763),#10672,.F.);
#10763 = FACE_BOUND('',#10764,.F.);
#10764 = EDGE_LOOP('',(#10765,#10766,#10789,#10811));
#10765 = ORIENTED_EDGE('',*,*,#10655,.F.);
#10766 = ORIENTED_EDGE('',*,*,#10767,.F.);
#10767 = EDGE_CURVE('',#10768,#10656,#10770,.T.);
#10768 = VERTEX_POINT('',#10769);
#10769 = CARTESIAN_POINT('',(-47.3121045499,5.388445916248E-15,
    1.03478E+03));
#10770 = SEAM_CURVE('',#10771,(#10775,#10782),.PCURVE_S1.);
#10771 = LINE('',#10772,#10773);
#10772 = CARTESIAN_POINT('',(-47.3121045499,5.388445916248E-15,
    1.03478E+03));
#10773 = VECTOR('',#10774,1.);
#10774 = DIRECTION('',(0.119145220618,2.431846884401E-16,0.992876838487)
  );
#10775 = PCURVE('',#10672,#10776);
#10776 = DEFINITIONAL_REPRESENTATION('',(#10777),#10781);
#10777 = LINE('',#10778,#10779);
#10778 = CARTESIAN_POINT('',(0.,-0.));
#10779 = VECTOR('',#10780,1.);
#10780 = DIRECTION('',(0.,1.));
#10781 = ( GEOMETRIC_REPRESENTATION_CONTEXT(2) 
PARAMETRIC_REPRESENTATION_CONTEXT() REPRESENTATION_CONTEXT('2D SPACE',''
  ) );
#10782 = PCURVE('',#10672,#10783);
#10783 = DEFINITIONAL_REPRESENTATION('',(#10784),#10788);
#10784 = LINE('',#10785,#10786);
#10785 = CARTESIAN_POINT('',(6.28318530718,-0.));
#10786 = VECTOR('',#10787,1.);
#10787 = DIRECTION('',(0.,1.));
#10788 = ( GEOMETRIC_REPRESENTATION_CONTEXT(2) 
PARAMETRIC_REPRESENTATION_CONTEXT() REPRESENTATION_CONTEXT('2D SPACE',''
  ) );
#10789 = ORIENTED_EDGE('',*,*,#10790,.T.);
#10790 = EDGE_CURVE('',#10768,#10768,#10791,.T.);
#10791 = SURFACE_CURVE('',#10792,(#10797,#10804),.PCURVE_S1.);
#10792 = CIRCLE('',#10793,22.);
#10793 = AXIS2_PLACEMENT_3D('',#10794,#10795,#10796);
#10794 = CARTESIAN_POINT('',(-47.3121045499,0.,1.01278E+03));
#10795 = DIRECTION('',(1.,0.,-0.));
#10796 = DIRECTION('',(0.,0.,1.));
#10797 = PCURVE('',#10672,#10798);
#10798 = DEFINITIONAL_REPRESENTATION('',(#10799),#10803);
#10799 = LINE('',#10800,#10801);
#10800 = CARTESIAN_POINT('',(0.,0.));
#10801 = VECTOR('',#10802,1.);
#10802 = DIRECTION('',(1.,0.));
#10803 = ( GEOMETRIC_REPRESENTATION_CONTEXT(2) 
PARAMETRIC_REPRESENTATION_CONTEXT() REPRESENTATION_CONTEXT('2D SPACE',''
  ) );
#10804 = PCURVE('',#10706,#10805);
#10805 = DEFINITIONAL_REPRESENTATION('',(#10806),#10810);
#10806 = CIRCLE('',#10807,22.);
#10807 = AXIS2_PLACEMENT_2D('',#10808,#10809);
#10808 = CARTESIAN_POINT('',(0.,0.));
#10809 = DIRECTION('',(1.,0.));
#10810 = ( GEOMETRIC_REPRESENTATION_CONTEXT(2) 
PARAMETRIC_REPRESENTATION_CONTEXT() REPRESENTATION_CONTEXT('2D SPACE',''
  ) );
#10811 = ORIENTED_EDGE('',*,*,#10767,.T.);
#10812 = ADVANCED_FACE('',(#10813,#10816),#10706,.T.);
#10813 = FACE_BOUND('',#10814,.T.);
#10814 = EDGE_LOOP('',(#10815));
#10815 = ORIENTED_EDGE('',*,*,#10790,.T.);
#10816 = FACE_BOUND('',#10817,.T.);
#10817 = EDGE_LOOP('',(#10818,#10819));
#10818 = ORIENTED_EDGE('',*,*,#10741,.F.);
#10819 = ORIENTED_EDGE('',*,*,#10687,.F.);
#10820 = ( GEOMETRIC_REPRESENTATION_CONTEXT(3) 
GLOBAL_UNCERTAINTY_ASSIGNED_CONTEXT((#10824)) 
GLOBAL_UNIT_ASSIGNED_CONTEXT((#10821,#10822,#10823)) 
REPRESENTATION_CONTEXT('Context #1',
  '3D Context with UNIT and UNCERTAINTY') );
#10821 = ( LENGTH_UNIT() NAMED_UNIT(*) SI_UNIT(.MILLI.,.METRE.) );
#10822 = ( NAMED_UNIT(*) PLANE_ANGLE_UNIT() SI_UNIT($,.RADIAN.) );
#10823 = ( NAMED_UNIT(*) SI_UNIT($,.STERADIAN.) SOLID_ANGLE_UNIT() );
#10824 = UNCERTAINTY_MEASURE_WITH_UNIT(LENGTH_MEASURE(1.E-07),#10821,
  'distance_accuracy_value','confusion accuracy');
#10825 = CONTEXT_DEPENDENT_SHAPE_REPRESENTATION(#10826,#10828);
#10826 = ( REPRESENTATION_RELATIONSHIP('','',#10522,#10) 
REPRESENTATION_RELATIONSHIP_WITH_TRANSFORMATION(#10827) 
SHAPE_REPRESENTATION_RELATIONSHIP() );
#10827 = ITEM_DEFINED_TRANSFORMATION('','',#11,#31);
#10828 = PRODUCT_DEFINITION_SHAPE('Placement','Placement of an item',
  #10829);
#10829 = NEXT_ASSEMBLY_USAGE_OCCURRENCE('11','THRUST_COLLAR_LEFT_300M',
  '',#5,#10517,$);
#10830 = PRODUCT_RELATED_PRODUCT_CATEGORY('part',$,(#10519));
#10831 = SHAPE_DEFINITION_REPRESENTATION(#10832,#10838);
#10832 = PRODUCT_DEFINITION_SHAPE('','',#10833);
#10833 = PRODUCT_DEFINITION('design','',#10834,#10837);
#10834 = PRODUCT_DEFINITION_FORMATION('','',#10835);
#10835 = PRODUCT('THRUST_COLLAR_RIGHT_300M','THRUST_COLLAR_RIGHT_300M',
  '',(#10836));
#10836 = PRODUCT_CONTEXT('',#2,'mechanical');
#10837 = PRODUCT_DEFINITION_CONTEXT('part definition',#2,'design');
#10838 = ADVANCED_BREP_SHAPE_REPRESENTATION('',(#11,#10839),#11021);
#10839 = MANIFOLD_SOLID_BREP('',#10840);
#10840 = CLOSED_SHELL('',(#10841,#10929,#11007,#11014));
#10841 = ADVANCED_FACE('',(#10842),#10855,.T.);
#10842 = FACE_BOUND('',#10843,.T.);
#10843 = EDGE_LOOP('',(#10844,#10878,#10901,#10928));
#10844 = ORIENTED_EDGE('',*,*,#10845,.T.);
#10845 = EDGE_CURVE('',#10846,#10846,#10848,.T.);
#10846 = VERTEX_POINT('',#10847);
#10847 = CARTESIAN_POINT('',(46.692104549907,29.,1.01278E+03));
#10848 = SURFACE_CURVE('',#10849,(#10854,#10866),.PCURVE_S1.);
#10849 = CIRCLE('',#10850,29.);
#10850 = AXIS2_PLACEMENT_3D('',#10851,#10852,#10853);
#10851 = CARTESIAN_POINT('',(46.692104549907,3.844755463956E-16,
    1.01278E+03));
#10852 = DIRECTION('',(1.,0.,0.));
#10853 = DIRECTION('',(0.,1.,0.));
#10854 = PCURVE('',#10855,#10860);
#10855 = CYLINDRICAL_SURFACE('',#10856,29.);
#10856 = AXIS2_PLACEMENT_3D('',#10857,#10858,#10859);
#10857 = CARTESIAN_POINT('',(46.692104549907,3.844755463956E-16,
    1.01278E+03));
#10858 = DIRECTION('',(-1.,-0.,-0.));
#10859 = DIRECTION('',(0.,1.,0.));
#10860 = DEFINITIONAL_REPRESENTATION('',(#10861),#10865);
#10861 = LINE('',#10862,#10863);
#10862 = CARTESIAN_POINT('',(6.28318530718,0.));
#10863 = VECTOR('',#10864,1.);
#10864 = DIRECTION('',(-1.,0.));
#10865 = ( GEOMETRIC_REPRESENTATION_CONTEXT(2) 
PARAMETRIC_REPRESENTATION_CONTEXT() REPRESENTATION_CONTEXT('2D SPACE',''
  ) );
#10866 = PCURVE('',#10867,#10872);
#10867 = PLANE('',#10868);
#10868 = AXIS2_PLACEMENT_3D('',#10869,#10870,#10871);
#10869 = CARTESIAN_POINT('',(46.692104549907,-5.281148098083E-15,
    1.01278E+03));
#10870 = DIRECTION('',(1.,0.,0.));
#10871 = DIRECTION('',(0.,0.,1.));
#10872 = DEFINITIONAL_REPRESENTATION('',(#10873),#10877);
#10873 = CIRCLE('',#10874,29.);
#10874 = AXIS2_PLACEMENT_2D('',#10875,#10876);
#10875 = CARTESIAN_POINT('',(0.,-5.665623644479E-15));
#10876 = DIRECTION('',(0.,-1.));
#10877 = ( GEOMETRIC_REPRESENTATION_CONTEXT(2) 
PARAMETRIC_REPRESENTATION_CONTEXT() REPRESENTATION_CONTEXT('2D SPACE',''
  ) );
#10878 = ORIENTED_EDGE('',*,*,#10879,.T.);
#10879 = EDGE_CURVE('',#10846,#10880,#10882,.T.);
#10880 = VERTEX_POINT('',#10881);
#10881 = CARTESIAN_POINT('',(49.692104549907,29.,1.01278E+03));
#10882 = SEAM_CURVE('',#10883,(#10887,#10894),.PCURVE_S1.);
#10883 = LINE('',#10884,#10885);
#10884 = CARTESIAN_POINT('',(46.692104549907,29.,1.01278E+03));
#10885 = VECTOR('',#10886,1.);
#10886 = DIRECTION('',(1.,0.,0.));
#10887 = PCURVE('',#10855,#10888);
#10888 = DEFINITIONAL_REPRESENTATION('',(#10889),#10893);
#10889 = LINE('',#10890,#10891);
#10890 = CARTESIAN_POINT('',(-5.861977570021E-13,0.));
#10891 = VECTOR('',#10892,1.);
#10892 = DIRECTION('',(-0.,-1.));
#10893 = ( GEOMETRIC_REPRESENTATION_CONTEXT(2) 
PARAMETRIC_REPRESENTATION_CONTEXT() REPRESENTATION_CONTEXT('2D SPACE',''
  ) );
#10894 = PCURVE('',#10855,#10895);
#10895 = DEFINITIONAL_REPRESENTATION('',(#10896),#10900);
#10896 = LINE('',#10897,#10898);
#10897 = CARTESIAN_POINT('',(6.28318530718,0.));
#10898 = VECTOR('',#10899,1.);
#10899 = DIRECTION('',(-0.,-1.));
#10900 = ( GEOMETRIC_REPRESENTATION_CONTEXT(2) 
PARAMETRIC_REPRESENTATION_CONTEXT() REPRESENTATION_CONTEXT('2D SPACE',''
  ) );
#10901 = ORIENTED_EDGE('',*,*,#10902,.F.);
#10902 = EDGE_CURVE('',#10880,#10880,#10903,.T.);
#10903 = SURFACE_CURVE('',#10904,(#10909,#10916),.PCURVE_S1.);
#10904 = CIRCLE('',#10905,29.);
#10905 = AXIS2_PLACEMENT_3D('',#10906,#10907,#10908);
#10906 = CARTESIAN_POINT('',(49.692104549907,3.844755463956E-16,
    1.01278E+03));
#10907 = DIRECTION('',(1.,0.,0.));
#10908 = DIRECTION('',(0.,1.,0.));
#10909 = PCURVE('',#10855,#10910);
#10910 = DEFINITIONAL_REPRESENTATION('',(#10911),#10915);
#10911 = LINE('',#10912,#10913);
#10912 = CARTESIAN_POINT('',(6.28318530718,-3.));
#10913 = VECTOR('',#10914,1.);
#10914 = DIRECTION('',(-1.,0.));
#10915 = ( GEOMETRIC_REPRESENTATION_CONTEXT(2) 
PARAMETRIC_REPRESENTATION_CONTEXT() REPRESENTATION_CONTEXT('2D SPACE',''
  ) );
#10916 = PCURVE('',#10917,#10922);
#10917 = PLANE('',#10918);
#10918 = AXIS2_PLACEMENT_3D('',#10919,#10920,#10921);
#10919 = CARTESIAN_POINT('',(49.692104549907,-5.281148098083E-15,
    1.01278E+03));
#10920 = DIRECTION('',(1.,0.,0.));
#10921 = DIRECTION('',(0.,0.,1.));
#10922 = DEFINITIONAL_REPRESENTATION('',(#10923),#10927);
#10923 = CIRCLE('',#10924,29.);
#10924 = AXIS2_PLACEMENT_2D('',#10925,#10926);
#10925 = CARTESIAN_POINT('',(0.,-5.665623644479E-15));
#10926 = DIRECTION('',(0.,-1.));
#10927 = ( GEOMETRIC_REPRESENTATION_CONTEXT(2) 
PARAMETRIC_REPRESENTATION_CONTEXT() REPRESENTATION_CONTEXT('2D SPACE',''
  ) );
#10928 = ORIENTED_EDGE('',*,*,#10879,.F.);
#10929 = ADVANCED_FACE('',(#10930),#10943,.F.);
#10930 = FACE_BOUND('',#10931,.F.);
#10931 = EDGE_LOOP('',(#10932,#10961,#10984,#11006));
#10932 = ORIENTED_EDGE('',*,*,#10933,.T.);
#10933 = EDGE_CURVE('',#10934,#10934,#10936,.T.);
#10934 = VERTEX_POINT('',#10935);
#10935 = CARTESIAN_POINT('',(46.692104549907,19.,1.01278E+03));
#10936 = SURFACE_CURVE('',#10937,(#10942,#10954),.PCURVE_S1.);
#10937 = CIRCLE('',#10938,19.);
#10938 = AXIS2_PLACEMENT_3D('',#10939,#10940,#10941);
#10939 = CARTESIAN_POINT('',(46.692104549907,1.38082757442E-13,
    1.01278E+03));
#10940 = DIRECTION('',(1.,0.,0.));
#10941 = DIRECTION('',(0.,1.,0.));
#10942 = PCURVE('',#10943,#10948);
#10943 = CYLINDRICAL_SURFACE('',#10944,19.);
#10944 = AXIS2_PLACEMENT_3D('',#10945,#10946,#10947);
#10945 = CARTESIAN_POINT('',(46.692104549907,1.38082757442E-13,
    1.01278E+03));
#10946 = DIRECTION('',(-1.,-0.,-0.));
#10947 = DIRECTION('',(0.,1.,0.));
#10948 = DEFINITIONAL_REPRESENTATION('',(#10949),#10953);
#10949 = LINE('',#10950,#10951);
#10950 = CARTESIAN_POINT('',(6.28318530718,0.));
#10951 = VECTOR('',#10952,1.);
#10952 = DIRECTION('',(-1.,0.));
#10953 = ( GEOMETRIC_REPRESENTATION_CONTEXT(2) 
PARAMETRIC_REPRESENTATION_CONTEXT() REPRESENTATION_CONTEXT('2D SPACE',''
  ) );
#10954 = PCURVE('',#10867,#10955);
#10955 = DEFINITIONAL_REPRESENTATION('',(#10956),#10960);
#10956 = CIRCLE('',#10957,19.);
#10957 = AXIS2_PLACEMENT_2D('',#10958,#10959);
#10958 = CARTESIAN_POINT('',(0.,-1.433639055401E-13));
#10959 = DIRECTION('',(0.,-1.));
#10960 = ( GEOMETRIC_REPRESENTATION_CONTEXT(2) 
PARAMETRIC_REPRESENTATION_CONTEXT() REPRESENTATION_CONTEXT('2D SPACE',''
  ) );
#10961 = ORIENTED_EDGE('',*,*,#10962,.T.);
#10962 = EDGE_CURVE('',#10934,#10963,#10965,.T.);
#10963 = VERTEX_POINT('',#10964);
#10964 = CARTESIAN_POINT('',(49.692104549907,19.,1.01278E+03));
#10965 = SEAM_CURVE('',#10966,(#10970,#10977),.PCURVE_S1.);
#10966 = LINE('',#10967,#10968);
#10967 = CARTESIAN_POINT('',(46.692104549907,19.,1.01278E+03));
#10968 = VECTOR('',#10969,1.);
#10969 = DIRECTION('',(1.,0.,0.));
#10970 = PCURVE('',#10943,#10971);
#10971 = DEFINITIONAL_REPRESENTATION('',(#10972),#10976);
#10972 = LINE('',#10973,#10974);
#10973 = CARTESIAN_POINT('',(-5.861977570021E-13,0.));
#10974 = VECTOR('',#10975,1.);
#10975 = DIRECTION('',(-0.,-1.));
#10976 = ( GEOMETRIC_REPRESENTATION_CONTEXT(2) 
PARAMETRIC_REPRESENTATION_CONTEXT() REPRESENTATION_CONTEXT('2D SPACE',''
  ) );
#10977 = PCURVE('',#10943,#10978);
#10978 = DEFINITIONAL_REPRESENTATION('',(#10979),#10983);
#10979 = LINE('',#10980,#10981);
#10980 = CARTESIAN_POINT('',(6.28318530718,0.));
#10981 = VECTOR('',#10982,1.);
#10982 = DIRECTION('',(-0.,-1.));
#10983 = ( GEOMETRIC_REPRESENTATION_CONTEXT(2) 
PARAMETRIC_REPRESENTATION_CONTEXT() REPRESENTATION_CONTEXT('2D SPACE',''
  ) );
#10984 = ORIENTED_EDGE('',*,*,#10985,.F.);
#10985 = EDGE_CURVE('',#10963,#10963,#10986,.T.);
#10986 = SURFACE_CURVE('',#10987,(#10992,#10999),.PCURVE_S1.);
#10987 = CIRCLE('',#10988,19.);
#10988 = AXIS2_PLACEMENT_3D('',#10989,#10990,#10991);
#10989 = CARTESIAN_POINT('',(49.692104549907,1.38082757442E-13,
    1.01278E+03));
#10990 = DIRECTION('',(1.,0.,0.));
#10991 = DIRECTION('',(0.,1.,0.));
#10992 = PCURVE('',#10943,#10993);
#10993 = DEFINITIONAL_REPRESENTATION('',(#10994),#10998);
#10994 = LINE('',#10995,#10996);
#10995 = CARTESIAN_POINT('',(6.28318530718,-3.));
#10996 = VECTOR('',#10997,1.);
#10997 = DIRECTION('',(-1.,0.));
#10998 = ( GEOMETRIC_REPRESENTATION_CONTEXT(2) 
PARAMETRIC_REPRESENTATION_CONTEXT() REPRESENTATION_CONTEXT('2D SPACE',''
  ) );
#10999 = PCURVE('',#10917,#11000);
#11000 = DEFINITIONAL_REPRESENTATION('',(#11001),#11005);
#11001 = CIRCLE('',#11002,19.);
#11002 = AXIS2_PLACEMENT_2D('',#11003,#11004);
#11003 = CARTESIAN_POINT('',(0.,-1.433639055401E-13));
#11004 = DIRECTION('',(0.,-1.));
#11005 = ( GEOMETRIC_REPRESENTATION_CONTEXT(2) 
PARAMETRIC_REPRESENTATION_CONTEXT() REPRESENTATION_CONTEXT('2D SPACE',''
  ) );
#11006 = ORIENTED_EDGE('',*,*,#10962,.F.);
#11007 = ADVANCED_FACE('',(#11008,#11011),#10867,.F.);
#11008 = FACE_BOUND('',#11009,.F.);
#11009 = EDGE_LOOP('',(#11010));
#11010 = ORIENTED_EDGE('',*,*,#10845,.T.);
#11011 = FACE_BOUND('',#11012,.F.);
#11012 = EDGE_LOOP('',(#11013));
#11013 = ORIENTED_EDGE('',*,*,#10933,.F.);
#11014 = ADVANCED_FACE('',(#11015,#11018),#10917,.T.);
#11015 = FACE_BOUND('',#11016,.T.);
#11016 = EDGE_LOOP('',(#11017));
#11017 = ORIENTED_EDGE('',*,*,#10902,.T.);
#11018 = FACE_BOUND('',#11019,.T.);
#11019 = EDGE_LOOP('',(#11020));
#11020 = ORIENTED_EDGE('',*,*,#10985,.F.);
#11021 = ( GEOMETRIC_REPRESENTATION_CONTEXT(3) 
GLOBAL_UNCERTAINTY_ASSIGNED_CONTEXT((#11025)) 
GLOBAL_UNIT_ASSIGNED_CONTEXT((#11022,#11023,#11024)) 
REPRESENTATION_CONTEXT('Context #1',
  '3D Context with UNIT and UNCERTAINTY') );
#11022 = ( LENGTH_UNIT() NAMED_UNIT(*) SI_UNIT(.MILLI.,.METRE.) );
#11023 = ( NAMED_UNIT(*) PLANE_ANGLE_UNIT() SI_UNIT($,.RADIAN.) );
#11024 = ( NAMED_UNIT(*) SI_UNIT($,.STERADIAN.) SOLID_ANGLE_UNIT() );
#11025 = UNCERTAINTY_MEASURE_WITH_UNIT(LENGTH_MEASURE(1.E-07),#11022,
  'distance_accuracy_value','confusion accuracy');
#11026 = CONTEXT_DEPENDENT_SHAPE_REPRESENTATION(#11027,#11029);
#11027 = ( REPRESENTATION_RELATIONSHIP('','',#10838,#10) 
REPRESENTATION_RELATIONSHIP_WITH_TRANSFORMATION(#11028) 
SHAPE_REPRESENTATION_RELATIONSHIP() );
#11028 = ITEM_DEFINED_TRANSFORMATION('','',#11,#35);
#11029 = PRODUCT_DEFINITION_SHAPE('Placement','Placement of an item',
  #11030);
#11030 = NEXT_ASSEMBLY_USAGE_OCCURRENCE('12','THRUST_COLLAR_RIGHT_300M',
  '',#5,#10833,$);
#11031 = PRODUCT_RELATED_PRODUCT_CATEGORY('part',$,(#10835));
ENDSEC;
END-ISO-10303-21;
