journal_diameter_mm,ligament_mm,centerline_offset_above_boundary_mm,station_above_U_mm,support_span_mm,bearing_width_mm,root_clearance_mm,Kt_bending,limit_vm_case,limit_vm_MPa,MS_limit_yield,ultimate_vm_case,ultimate_vm_MPa,MS_ultimate_strength,limit_bearing_case,limit_bearing_pressure_MPa,MS_limit_bearing,ultimate_bearing_case,ultimate_bearing_pressure_MPa,MS_ultimate_bearing,MS_limit_transverse_shear,MS_ultimate_transverse_shear,PASS
22.0,5.0,16.0,514.780356685791,120.0,20.0,5.0,1.0,LC5,1345.0027723745393,0.1278787160578172,LC5,2017.5041585618092,-0.07707749096916916,LC5,209.33574594946694,0.9761815437386605,LC5,314.00361892420034,0.31745436249244063,1.710974228299266,1.2183405902409286,False
22.0,5.0,16.0,514.780356685791,120.0,20.0,5.0,1.5,LC5,2005.832234860891,-0.24370544373806646,LC5,3008.748352291336,-0.38113800757647964,LC5,209.33574594946694,0.9761815437386605,LC5,314.00361892420034,0.31745436249244063,1.710974228299266,1.2183405902409286,False
22.0,5.0,16.0,514.780356685791,120.0,20.0,5.0,2.0,LC5,2666.661697347242,-0.43112393990242914,LC5,3999.9925460208624,-0.5344991325415613,LC5,209.33574594946694,0.9761815437386605,LC5,314.00361892420034,0.31745436249244063,1.710974228299266,1.2183405902409286,False
22.0,5.0,16.0,514.780356685791,120.0,20.0,5.0,2.5,LC5,3327.491159833593,-0.5441009676263528,LC5,4991.23673975039,-0.6269461664338691,LC5,209.33574594946694,0.9761815437386605,LC5,314.00361892420034,0.31745436249244063,1.710974228299266,1.2183405902409286,False
22.0,5.0,16.0,514.780356685791,120.0,20.0,5.0,3.0,LC5,3988.3206223199454,-0.6196394062427247,LC5,5982.480933479916,-0.6887578881230293,LC5,209.33574594946694,0.9761815437386605,LC5,314.00361892420034,0.31745436249244063,1.710974228299266,1.2183405902409286,False
22.0,5.0,16.0,514.780356685791,120.0,25.0,5.0,1.0,LC5,1565.27925986999,-0.030843863525030102,LC5,2347.9188898049847,-0.20695727263617036,LC5,167.46859675957356,1.4702269296733257,LC5,251.2028951393603,0.6468179531155507,1.710974228299266,1.2183405902409286,False
22.0,5.0,16.0,514.780356685791,120.0,25.0,5.0,1.5,LC5,2336.246966104067,-0.3506679636144143,LC5,3504.3704491560993,-0.4686634797846799,LC5,167.46859675957356,1.4702269296733257,LC5,251.2028951393603,0.6468179531155507,1.710974228299266,1.2183405902409286,False
22.0,5.0,16.0,514.780356685791,120.0,25.0,5.0,2.0,LC5,3107.2146723381434,-0.5117813991080072,LC5,4660.8220085072135,-0.6004996550820081,LC5,167.46859675957356,1.4702269296733257,LC5,251.2028951393603,0.6468179531155507,1.710974228299266,1.2183405902409286,False
22.0,5.0,16.0,514.780356685791,120.0,25.0,5.0,2.5,LC5,3878.18237857222,-0.6088373748532956,LC5,5817.2735678583285,-0.6799187835538721,LC5,167.46859675957356,1.4702269296733257,LC5,251.2028951393603,0.6468179531155507,1.710974228299266,1.2183405902409286,False
22.0,5.0,16.0,514.780356685791,120.0,25.0,5.0,3.0,LC5,4649.150084806297,-0.6737038012694734,LC5,6973.725127209443,-0.7329977929965983,LC5,167.46859675957356,1.4702269296733257,LC5,251.2028951393603,0.6468179531155507,1.710974228299266,1.2183405902409286,False
22.0,5.0,16.0,514.780356685791,120.0,30.0,5.0,1.0,LC5,1785.5557473654403,-0.1504045716644189,LC5,2678.3336210481607,-0.3047916117069427,LC5,139.5571639663113,1.9642723156079906,LC5,209.3357459494669,0.9761815437386607,1.710974228299266,1.2183405902409286,False
22.0,5.0,16.0,514.780356685791,120.0,30.0,5.0,1.5,LC5,2666.661697347242,-0.43112393990242914,LC5,3999.9925460208624,-0.5344991325415613,LC5,139.5571639663113,1.9642723156079906,LC5,209.3357459494669,0.9761815437386607,1.710974228299266,1.2183405902409286,False
22.0,5.0,16.0,514.780356685791,120.0,30.0,5.0,2.0,LC5,3547.767647329044,-0.572407172396963,LC5,5321.651470993565,-0.6501086156902418,LC5,139.5571639663113,1.9642723156079906,LC5,209.3357459494669,0.9761815437386607,1.710974228299266,1.2183405902409286,False
22.0,5.0,16.0,514.780356685791,120.0,30.0,5.0,2.5,LC5,4428.873597310845,-0.6574749839505235,LC5,6643.310395966268,-0.7197180488314106,LC5,139.5571639663113,1.9642723156079906,LC5,209.3357459494669,0.9761815437386607,1.710974228299266,1.2183405902409286,False
22.0,5.0,16.0,514.780356685791,120.0,30.0,5.0,3.0,LC5,5309.979547292647,-0.7143115173064161,LC5,7964.96932093897,-0.7662263437594141,LC5,139.5571639663113,1.9642723156079906,LC5,209.3357459494669,0.9761815437386607,1.710974228299266,1.2183405902409286,False
22.0,5.0,16.0,514.780356685791,150.0,20.0,5.0,1.0,LC5,1096.5143060231912,0.38347488187529,LC5,1644.7714590347866,0.13207217317151843,LC5,169.97799828807777,1.433758732050661,LC5,254.96699743211664,0.6225058213671075,2.3386898189553036,1.7319887685760382,True
22.0,5.0,16.0,514.780356685791,150.0,20.0,5.0,1.5,LC5,1633.0995353338685,-0.07109152432042865,LC5,2449.6493030008023,-0.2398911967851628,LC5,169.97799828807777,1.433758732050661,LC5,254.96699743211664,0.6225058213671075,2.3386898189553036,1.7319887685760382,False
22.0,5.0,16.0,514.780356685791,150.0,20.0,5.0,2.0,LC5,2169.6847646445453,-0.3008200892960011,LC5,3254.527146966818,-0.4278738766289405,LC5,169.97799828807777,1.433758732050661,LC5,254.96699743211664,0.6225058213671075,2.3386898189553036,1.7319887685760382,False
22.0,5.0,16.0,514.780356685791,150.0,20.0,5.0,2.5,LC5,2706.269993955223,-0.43944986886437776,LC5,4059.4049909328337,-0.5413120878160717,LC5,169.97799828807777,1.433758732050661,LC5,254.96699743211664,0.6225058213671075,2.3386898189553036,1.7319887685760382,False
22.0,5.0,16.0,514.780356685791,150.0,20.0,5.0,3.0,LC5,3242.8552232659003,-0.5322023662615997,LC5,4864.28283489885,-0.6172097587251586,LC5,169.97799828807777,1.433758732050661,LC5,254.96699743211664,0.6225058213671075,2.3386898189553036,1.7319887685760382,False
22.0,5.0,16.0,514.780356685791,150.0,25.0,5.0,1.0,LC5,1275.3760491267506,0.18945310368552803,LC5,1913.0640736901257,-0.02669229661065553,LC5,135.98239863046223,2.0421984150633263,LC5,203.9735979456933,1.0281322767088845,2.3386898189553036,1.7319887685760382,False
22.0,5.0,16.0,514.780356685791,150.0,25.0,5.0,1.5,LC5,1901.3921499892072,-0.20216353054333847,LC5,2852.0882249838105,-0.34714502037868433,LC5,135.98239863046223,2.0421984150633263,LC5,203.9735979456933,1.0281322767088845,2.3386898189553036,1.7319887685760382,False
22.0,5.0,16.0,514.780356685791,150.0,25.0,5.0,2.0,LC5,2527.408250851664,-0.3997803878780507,LC5,3791.112376277496,-0.5088512776220305,LC5,135.98239863046223,2.0421984150633263,LC5,203.9735979456933,1.0281322767088845,2.3386898189553036,1.7319887685760382,False
22.0,5.0,16.0,514.780356685791,150.0,25.0,5.0,2.5,LC5,3153.424351714121,-0.518935661426158,LC5,4730.136527571181,-0.6063538569876978,LC5,135.98239863046223,2.0421984150633263,LC5,203.9735979456933,1.0281322767088845,2.3386898189553036,1.7319887685760382,False
22.0,5.0,16.0,514.780356685791,150.0,25.0,5.0,3.0,LC5,3779.4404525765776,-0.5986178327096521,LC5,5669.160678864865,-0.6715563192728509,LC5,135.98239863046223,2.0421984150633263,LC5,203.9735979456933,1.0281322767088845,2.3386898189553036,1.7319887685760382,False
22.0,5.0,16.0,514.780356685791,150.0,30.0,5.0,1.0,LC5,1454.2377922303094,0.04315814655967265,LC5,2181.356688345464,-0.14640278229219483,LC5,113.31866552538519,2.6506380980759916,LC5,169.97799828807777,1.433758732050661,2.3386898189553036,1.7319887685760382,False
22.0,5.0,16.0,514.780356685791,150.0,30.0,5.0,1.5,LC5,2169.6847646445453,-0.3008200892960011,LC5,3254.5271469668187,-0.4278738766289406,LC5,113.31866552538519,2.6506380980759916,LC5,169.97799828807777,1.433758732050661,2.3386898189553036,1.7319887685760382,False
22.0,5.0,16.0,514.780356685791,150.0,30.0,5.0,2.0,LC5,2885.131737058782,-0.4742007858724364,LC5,4327.697605588173,-0.5697481271344657,LC5,113.31866552538519,2.6506380980759916,LC5,169.97799828807777,1.433758732050661,2.3386898189553036,1.7319887685760382,False
22.0,5.0,16.0,514.780356685791,150.0,30.0,5.0,2.5,LC5,3600.5787094730185,-0.5786788395963081,LC5,5400.868064209528,-0.6552406061649421,LC5,113.31866552538519,2.6506380980759916,LC5,169.97799828807777,1.433758732050661,2.3386898189553036,1.7319887685760382,False
22.0,5.0,16.0,514.780356685791,150.0,30.0,5.0,3.0,LC5,4316.025681887255,-0.6485192369530419,LC5,6474.038522830882,-0.7123897249864047,LC5,113.31866552538519,2.6506380980759916,LC5,169.97799828807777,1.433758732050661,2.3386898189553036,1.7319887685760382,False
22.0,5.0,16.0,514.780356685791,180.0,20.0,5.0,1.0,LC5,930.8571011386728,0.6296808587959708,LC5,1396.2856517080088,0.3335380176128755,LC5,143.73978061999023,1.8780163417932019,LC5,215.60967092998527,0.9186775611954685,2.948133285601267,2.2306852022806245,True
22.0,5.0,16.0,514.780356685791,180.0,20.0,5.0,1.5,LC5,1384.6137280070902,0.09561242194489639,LC5,2076.9205920106356,-0.10348040885018828,LC5,143.73978061999023,1.8780163417932019,LC5,215.60967092998527,0.9186775611954685,2.948133285601267,2.2306852022806245,False
22.0,5.0,16.0,514.780356685791,180.0,20.0,5.0,2.0,LC5,1838.3703548755084,-0.17481262903484485,LC5,2757.555532313262,-0.3247642782961463,LC5,143.73978061999023,1.8780163417932019,LC5,215.60967092998527,0.9186775611954685,2.948133285601267,2.2306852022806245,False
22.0,5.0,16.0,514.780356685791,180.0,20.0,5.0,2.5,LC5,2292.126981743926,-0.33816930210131024,LC5,3438.1904726158887,-0.45843605383987673,LC5,143.73978061999023,1.8780163417932019,LC5,215.60967092998527,0.9186775611954685,2.948133285601267,2.2306852022806245,False
22.0,5.0,16.0,514.780356685791,180.0,20.0,5.0,3.0,LC5,2745.883608612344,-0.4475366708035272,LC5,4118.825412918516,-0.5479293698247276,LC5,143.73978061999023,1.8780163417932019,LC5,215.60967092998527,0.9186775611954685,2.948133285601267,2.2306852022806245,False
22.0,5.0,16.0,514.780356685791,180.0,25.0,5.0,1.0,LC5,1082.109310094812,0.4018916442619682,LC5,1623.1639651422179,0.1471422727382048,LC5,114.99182449599218,2.5975204272415024,LC5,172.48773674398822,1.3983469514943354,2.948133285601267,2.2306852022806245,True
22.0,5.0,16.0,514.780356685791,180.0,25.0,5.0,1.5,LC5,1611.4920414412998,-0.05863636866415245,LC5,2417.238062161949,-0.2296993708866849,LC5,114.99182449599218,2.5975204272415024,LC5,172.48773674398822,1.3983469514943354,2.948133285601267,2.2306852022806245,False
22.0,5.0,16.0,514.780356685791,180.0,25.0,5.0,2.0,LC5,2140.874772787787,-0.29141114684414493,LC5,3211.3121591816803,-0.4201747112387596,LC5,114.99182449599218,2.5975204272415024,LC5,172.48773674398822,1.3983469514943354,2.948133285601267,2.2306852022806245,False
22.0,5.0,16.0,514.780356685791,180.0,25.0,5.0,2.5,LC5,2670.2575041342748,-0.43188999650734916,LC5,4005.386256201412,-0.5351259826397206,LC5,114.99182449599218,2.5975204272415024,LC5,172.48773674398822,1.3983469514943354,2.948133285601267,2.2306852022806245,False
22.0,5.0,16.0,514.780356685791,180.0,25.0,5.0,3.0,LC5,3199.6402354807624,-0.5258841968612565,LC5,4799.460353221143,-0.6120397163505426,LC5,114.99182449599218,2.5975204272415024,LC5,172.48773674398822,1.3983469514943354,2.948133285601267,2.2306852022806245,False
22.0,5.0,16.0,514.780356685791,180.0,30.0,5.0,1.0,LC5,1233.3615190509513,0.2299718911023778,LC5,1850.0422785764267,0.006463485490058485,LC5,95.8265204133268,3.3170245126898035,LC5,143.73978061999017,1.8780163417932028,2.948133285601267,2.2306852022806245,True
22.0,5.0,16.0,514.780356685791,180.0,30.0,5.0,1.5,LC5,1838.3703548755086,-0.17481262903484496,LC5,2757.5555323132626,-0.3247642782961464,LC5,95.8265204133268,3.3170245126898035,LC5,143.73978061999017,1.8780163417932028,2.948133285601267,2.2306852022806245,False
22.0,5.0,16.0,514.780356685791,180.0,30.0,5.0,2.0,LC5,2443.3791907000655,-0.37913852840608164,LC5,3665.068786050098,-0.49196042183789224,LC5,95.8265204133268,3.3170245126898035,LC5,143.73978061999017,1.8780163417932028,2.948133285601267,2.2306852022806245,False
22.0,5.0,16.0,514.780356685791,180.0,30.0,5.0,2.5,LC5,3048.388026524623,-0.5023599401387602,LC5,4572.582039786934,-0.5927902476547446,LC5,95.8265204133268,3.3170245126898035,LC5,143.73978061999017,1.8780163417932028,2.948133285601267,2.2306852022806245,False
22.0,5.0,16.0,514.780356685791,180.0,30.0,5.0,3.0,LC5,3653.39686234918,-0.584769994293872,LC5,5480.095293523769,-0.660224886563476,LC5,95.8265204133268,3.3170245126898035,LC5,143.73978061999017,1.8780163417932028,2.948133285601267,2.2306852022806245,False
22.0,10.0,21.0,519.780356685791,120.0,20.0,5.0,1.0,LC5,1350.2836118692503,0.12346768239300321,LC5,2025.4254178038755,-0.08068695907898404,LC5,210.1721708802694,0.9683169082636036,LC5,315.258256320404,0.3122112721757362,1.7001853287898046,1.2095122312487883,False
22.0,10.0,21.0,519.780356685791,120.0,20.0,5.0,1.5,LC5,2013.7534941029571,-0.24668038841776907,LC5,3020.6302411544348,-0.383572350355476,LC5,210.1721708802694,0.9683169082636036,LC5,315.258256320404,0.3122112721757362,1.7001853287898046,1.2095122312487883,False
22.0,10.0,21.0,519.780356685791,120.0,20.0,5.0,2.0,LC5,2677.223376336664,-0.433368162922676,LC5,4015.8350645049954,-0.5363355391615128,LC5,210.1721708802694,0.9683169082636036,LC5,315.258256320404,0.3122112721757362,1.7001853287898046,1.2095122312487883,False
22.0,10.0,21.0,519.780356685791,120.0,20.0,5.0,2.5,LC5,3340.6932585703707,-0.5459026367930617,LC5,5011.039887855555,-0.6284204393358298,LC5,210.1721708802694,0.9683169082636036,LC5,315.258256320404,0.3122112721757362,1.7001853287898046,1.2095122312487883,False
22.0,10.0,21.0,519.780356685791,120.0,20.0,5.0,3.0,LC5,4004.163140804077,-0.6211443073981819,LC5,6006.244711206114,-0.6899893211933266,LC5,210.1721708802694,0.9683169082636036,LC5,315.258256320404,0.3122112721757362,1.7001853287898046,1.2095122312487883,False
22.0,10.0,21.0,519.780356685791,120.0,25.0,5.0,1.0,LC5,1571.4402392804864,-0.03464353140493137,LC5,2357.160358920729,-0.21006647131442835,LC5,168.1377367042155,1.4603961353295043,LC5,252.20660505632318,0.6402640902196701,1.7001853287898046,1.2095122312487883,False
22.0,10.0,21.0,519.780356685791,120.0,25.0,5.0,1.5,LC5,2345.488435219811,-0.35322639957598767,LC5,3518.2326528297153,-0.470757001103269,LC5,168.1377367042155,1.4603961353295043,LC5,252.20660505632318,0.6402640902196701,1.7001853287898046,1.2095122312487883,False
22.0,10.0,21.0,519.780356685791,120.0,25.0,5.0,2.0,LC5,3119.5366311591356,-0.5137098295792976,LC5,4679.304946738702,-0.6020776544393108,LC5,168.1377367042155,1.4603961353295043,LC5,252.20660505632318,0.6402640902196701,1.7001853287898046,1.2095122312487883,False
22.0,10.0,21.0,519.780356685791,120.0,25.0,5.0,2.5,LC5,3893.58482709846,-0.6103847566278698,LC5,5840.377240647689,-0.6811849777372416,LC5,168.1377367042155,1.4603961353295043,LC5,252.20660505632318,0.6402640902196701,1.7001853287898046,1.2095122312487883,False
22.0,10.0,21.0,519.780356685791,120.0,25.0,5.0,3.0,LC5,4667.633023037785,-0.6749958721020644,LC5,7001.449534556675,-0.7340550709092699,LC5,168.1377367042155,1.4603961353295043,LC5,252.20660505632318,0.6402640902196701,1.7001853287898046,1.2095122312487883,False
22.0,10.0,21.0,519.780356685791,120.0,30.0,5.0,1.0,LC5,1792.5968666917217,-0.15374168716491288,LC5,2688.8953000375823,-0.3075223122395375,LC5,140.11478058684625,1.9524753623954054,LC5,210.17217088026933,0.9683169082636041,1.7001853287898046,1.2095122312487883,False
22.0,10.0,21.0,519.780356685791,120.0,30.0,5.0,1.5,LC5,2677.223376336664,-0.433368162922676,LC5,4015.8350645049954,-0.5363355391615128,LC5,140.11478058684625,1.9524753623954054,LC5,210.17217088026933,0.9683169082636041,1.7001853287898046,1.2095122312487883,False
22.0,10.0,21.0,519.780356685791,120.0,30.0,5.0,2.0,LC5,3561.8498859816063,-0.5740977164786012,LC5,5342.7748289724095,-0.6514919569690861,LC5,140.11478058684625,1.9524753623954054,LC5,210.17217088026933,0.9683169082636041,1.7001853287898046,1.2095122312487883,False
22.0,10.0,21.0,519.780356685791,120.0,30.0,5.0,2.5,LC5,4446.47639562655,-0.6588309787291156,LC5,6669.714593439822,-0.7208276345390521,LC5,140.11478058684625,1.9524753623954054,LC5,210.17217088026933,0.9683169082636041,1.7001853287898046,1.2095122312487883,False
22.0,10.0,21.0,519.780356685791,120.0,30.0,5.0,3.0,LC5,5331.102905271491,-0.7154434969732131,LC5,7996.654357907235,-0.7671526220013722,LC5,140.11478058684625,1.9524753623954054,LC5,210.17217088026933,0.9683169082636041,1.7001853287898046,1.2095122312487883,False
22.0,10.0,21.0,519.780356685791,150.0,20.0,5.0,1.0,LC5,1100.7395541330013,0.378164338970145,LC5,1651.109331199502,0.12772665311466058,LC5,170.64722954598867,1.4242142031295928,LC5,255.97084431898298,0.6161428020863953,2.3255964004845886,1.7212746638990568,True
22.0,10.0,21.0,519.780356685791,150.0,20.0,5.0,1.5,LC5,1639.4374074985835,-0.0746825752166993,LC5,2459.156111247875,-0.24282968800417215,LC5,170.64722954598867,1.4242142031295928,LC5,255.97084431898298,0.6161428020863953,2.3255964004845886,1.7212746638990568,False
22.0,10.0,21.0,519.780356685791,150.0,20.0,5.0,2.0,LC5,2178.135260864166,-0.3035326927317926,LC5,3267.2028912962483,-0.43009355036985175,LC5,170.64722954598867,1.4242142031295928,LC5,255.97084431898298,0.6161428020863953,2.3255964004845886,1.7212746638990568,False
22.0,10.0,21.0,519.780356685791,150.0,20.0,5.0,2.5,LC5,2716.833114229748,-0.44162930286202495,LC5,4075.249671344621,-0.5430954787647069,LC5,170.64722954598867,1.4242142031295928,LC5,255.97084431898298,0.6161428020863953,2.3255964004845886,1.7212746638990568,False
22.0,10.0,21.0,519.780356685791,150.0,20.0,5.0,3.0,LC5,3255.5309675953304,-0.5340237844149525,LC5,4883.296451392994,-0.6187001918614112,LC5,170.64722954598867,1.4242142031295928,LC5,255.97084431898298,0.6161428020863953,2.3255964004845886,1.7212746638990568,False
22.0,10.0,21.0,519.780356685791,150.0,25.0,5.0,1.0,LC5,1280.305505254862,0.18487344916791626,LC5,1920.4582578822933,-0.030439744077934705,LC5,136.51778363679094,2.030267753911991,LC5,204.7766754551864,1.020178502607994,2.3255964004845886,1.7212746638990568,False
22.0,10.0,21.0,519.780356685791,150.0,25.0,5.0,1.5,LC5,1908.7863341813745,-0.20525415923485268,LC5,2863.179501272062,-0.34967402526710434,LC5,136.51778363679094,2.030267753911991,LC5,204.7766754551864,1.020178502607994,2.3255964004845886,1.7212746638990568,False
22.0,10.0,21.0,519.780356685791,150.0,25.0,5.0,2.0,LC5,2537.2671631078874,-0.40211262650724044,LC5,3805.9007446618307,-0.5107597058037713,LC5,136.51778363679094,2.030267753911991,LC5,204.7766754551864,1.020178502607994,2.3255964004845886,1.7212746638990568,False
22.0,10.0,21.0,519.780356685791,150.0,25.0,5.0,2.5,LC5,3165.7479920344,-0.5208083511962894,LC5,4748.6219880516,-0.6078862447495017,LC5,136.51778363679094,2.030267753911991,LC5,204.7766754551864,1.020178502607994,2.3255964004845886,1.7212746638990568,False
22.0,10.0,21.0,519.780356685791,150.0,25.0,5.0,3.0,LC5,3794.2288209609123,-0.6001822579546454,LC5,5691.343231441369,-0.6728364598161063,LC5,136.51778363679094,2.030267753911991,LC5,204.7766754551864,1.020178502607994,2.3255964004845886,1.7212746638990568,False
22.0,10.0,21.0,519.780356685791,150.0,30.0,5.0,1.0,LC5,1459.8714563767228,0.03913258484076776,LC5,2189.8071845650843,-0.1496968257642235,LC5,113.76481969732578,2.6363213046943894,LC5,170.64722954598867,1.4242142031295928,2.3255964004845886,1.7212746638990568,False
22.0,10.0,21.0,519.780356685791,150.0,30.0,5.0,1.5,LC5,2178.135260864166,-0.3035326927317926,LC5,3267.2028912962487,-0.43009355036985186,LC5,113.76481969732578,2.6363213046943894,LC5,170.64722954598867,1.4242142031295928,2.3255964004845886,1.7212746638990568,False
22.0,10.0,21.0,519.780356685791,150.0,30.0,5.0,2.0,LC5,2896.399065351609,-0.4762462057983562,LC5,4344.598598027414,-0.5714218568211555,LC5,113.76481969732578,2.6363213046943894,LC5,170.64722954598867,1.4242142031295928,2.3255964004845886,1.7212746638990568,False
22.0,10.0,21.0,519.780356685791,150.0,30.0,5.0,2.5,LC5,3614.662869839052,-0.5803204739623348,LC5,5421.9943047585775,-0.6565839255187288,LC5,113.76481969732578,2.6363213046943894,LC5,170.64722954598867,1.4242142031295928,2.3255964004845886,1.7212746638990568,False
22.0,10.0,21.0,519.780356685791,150.0,30.0,5.0,3.0,LC5,4332.926674326495,-0.6498902210857744,LC5,6499.390011489742,-0.7135115762081792,LC5,113.76481969732578,2.6363213046943894,LC5,170.64722954598867,1.4242142031295928,2.3255964004845886,1.7212746638990568,False
22.0,10.0,21.0,519.780356685791,180.0,20.0,5.0,1.0,LC5,934.3786008813651,0.6235388937300892,LC5,1401.567901322047,0.32851216001996364,LC5,144.2975461384371,1.8668917016316926,LC5,216.4463192076556,0.911261134421129,2.932872231842057,2.2181973613227473,True
22.0,10.0,21.0,519.780356685791,180.0,20.0,5.0,1.5,LC5,1389.8959776211288,0.09144858638731757,LC5,2084.843966431693,-0.10688759927348457,LC5,144.2975461384371,1.8668917016316926,LC5,216.4463192076556,0.911261134421129,2.932872231842057,2.2181973613227473,False
22.0,10.0,21.0,519.780356685791,180.0,20.0,5.0,2.0,LC5,1845.413354360893,-0.17796194743298022,LC5,2768.1200315413384,-0.3273413078972571,LC5,144.2975461384371,1.8668917016316926,LC5,216.4463192076556,0.911261134421129,2.932872231842057,2.2181973613227473,False
22.0,10.0,21.0,519.780356685791,180.0,20.0,5.0,2.5,LC5,2300.930731100657,-0.34070157806343926,LC5,3451.3960966509844,-0.46050816890974455,LC5,144.2975461384371,1.8668917016316926,LC5,216.4463192076556,0.911261134421129,2.932872231842057,2.2181973613227473,False
22.0,10.0,21.0,519.780356685791,180.0,20.0,5.0,3.0,LC5,2756.4481078404206,-0.44965406905899785,LC5,4134.672161760631,-0.5496619980610213,LC5,144.2975461384371,1.8668917016316926,LC5,216.4463192076556,0.911261134421129,2.932872231842057,2.2181973613227473,False
22.0,10.0,21.0,519.780356685791,180.0,25.0,5.0,1.0,LC5,1086.2177264612865,0.3965892500595891,LC5,1629.3265896919295,0.1428034206156692,LC5,115.43803691074967,2.583614627039616,LC5,173.15705536612447,1.3890764180264115,2.932872231842057,2.2181973613227473,True
22.0,10.0,21.0,519.780356685791,180.0,25.0,5.0,1.5,LC5,1617.6546659910111,-0.062222591822061024,LC5,2426.4819989865164,-0.23263391165575797,LC5,115.43803691074967,2.583614627039616,LC5,173.15705536612447,1.3890764180264115,2.932872231842057,2.2181973613227473,False
22.0,10.0,21.0,519.780356685791,180.0,25.0,5.0,2.0,LC5,2149.0916055207363,-0.29412036410964304,LC5,3223.6374082811035,-0.42239161413849924,LC5,115.43803691074967,2.583614627039616,LC5,173.15705536612447,1.3890764180264115,2.932872231842057,2.2181973613227473,False
22.0,10.0,21.0,519.780356685791,180.0,25.0,5.0,2.5,LC5,2680.5285450504607,-0.434066836258428,LC5,4020.7928175756897,-0.5369072507638728,LC5,115.43803691074967,2.583614627039616,LC5,173.15705536612447,1.3890764180264115,2.932872231842057,2.2181973613227473,False
22.0,10.0,21.0,519.780356685791,180.0,25.0,5.0,3.0,LC5,3211.9654845801856,-0.5277035175867474,LC5,4817.948226870278,-0.6135284331999664,LC5,115.43803691074967,2.583614627039616,LC5,173.15705536612447,1.3890764180264115,2.932872231842057,2.2181973613227473,False
22.0,10.0,21.0,519.780356685791,180.0,30.0,5.0,1.0,LC5,1238.0568520412075,0.22530722034201722,LC5,1857.085278061811,0.002646470787447175,LC5,96.1983640922914,3.300337552447539,LC5,144.29754613843707,1.8668917016316935,2.932872231842057,2.2181973613227473,True
22.0,10.0,21.0,519.780356685791,180.0,30.0,5.0,1.5,LC5,1845.4133543608928,-0.1779619474329801,LC5,2768.1200315413394,-0.32734130789725735,LC5,96.1983640922914,3.300337552447539,LC5,144.29754613843707,1.8668917016316935,2.932872231842057,2.2181973613227473,False
22.0,10.0,21.0,519.780356685791,180.0,30.0,5.0,2.0,LC5,2452.7698566805784,-0.381515556435853,LC5,3679.1547850208667,-0.49390550036631864,LC5,96.1983640922914,3.300337552447539,LC5,144.29754613843707,1.8668917016316935,2.932872231842057,2.2181973613227473,False
22.0,10.0,21.0,519.780356685791,180.0,30.0,5.0,2.5,LC5,3060.1263590002636,-0.5042688366320924,LC5,4590.1895385003945,-0.5943522627154277,LC5,96.1983640922914,3.300337552447539,LC5,144.29754613843707,1.8668917016316935,2.932872231842057,2.2181973613227473,False
22.0,10.0,21.0,519.780356685791,180.0,30.0,5.0,3.0,LC5,3667.482861319949,-0.5863648018646711,LC5,5501.224291979924,-0.6615298884078302,LC5,96.1983640922914,3.300337552447539,LC5,144.29754613843707,1.8668917016316935,2.932872231842057,2.2181973613227473,False
22.0,15.0,26.0,524.780356685791,120.0,20.0,5.0,1.0,LC5,1355.5646466875778,0.11909085539144249,LC5,2033.3469700313665,-0.08426843650236604,LC5,211.0086267481117,0.9605143351979264,LC5,316.5129401221676,0.3070095567986175,1.689481568013123,1.200753539723328,False
22.0,15.0,26.0,524.780356685791,120.0,20.0,5.0,1.5,LC5,2021.675046330448,-0.24963212918242528,LC5,3032.5125694956723,-0.3859877057955069,LC5,211.0086267481117,0.9605143351979264,LC5,316.5129401221676,0.3070095567986175,1.689481568013123,1.200753539723328,False
22.0,15.0,26.0,524.780356685791,120.0,20.0,5.0,2.0,LC5,2687.7854459733185,-0.4355948305796953,LC5,4031.6781689599775,-0.5381575805490628,LC5,211.0086267481117,0.9605143351979264,LC5,316.5129401221676,0.3070095567986175,1.689481568013123,1.200753539723328,False
22.0,15.0,26.0,524.780356685791,120.0,20.0,5.0,2.5,LC5,3353.8958456161886,-0.5476901878205787,LC5,5030.843768424283,-0.6298831596229036,LC5,211.0086267481117,0.9605143351979264,LC5,316.5129401221676,0.3070095567986175,1.689481568013123,1.200753539723328,False
22.0,15.0,26.0,524.780356685791,120.0,20.0,5.0,3.0,LC5,4020.006245259059,-0.622637402170941,LC5,6030.009367888589,-0.6912110933167621,LC5,211.0086267481117,0.9605143351979264,LC5,316.5129401221676,0.3070095567986175,1.689481568013123,1.200753539723328,False
22.0,15.0,26.0,524.780356685791,120.0,25.0,5.0,1.0,LC5,1577.6014465685346,-0.038413660624075696,LC5,2366.402169852802,-0.21315149904725517,LC5,168.80690139848937,1.4506429189974082,LC5,253.2103520977341,0.6337619459982717,1.689481568013123,1.200753539723328,False
22.0,15.0,26.0,524.780356685791,120.0,25.0,5.0,1.5,LC5,2354.730246151883,-0.35576484717130874,LC5,3532.0953692278263,-0.4728341663076149,LC5,168.80690139848937,1.4506429189974082,LC5,253.2103520977341,0.6337619459982717,1.689481568013123,1.200753539723328,False
22.0,15.0,26.0,524.780356685791,120.0,25.0,5.0,2.0,LC5,3131.8590457352325,-0.5156231561360481,LC5,4697.788568602849,-0.603643294539803,LC5,168.80690139848937,1.4506429189974082,LC5,253.2103520977341,0.6337619459982717,1.689481568013123,1.200753539723328,False
22.0,15.0,26.0,524.780356685791,120.0,25.0,5.0,2.5,LC5,3908.987845318581,-0.6119200007703363,LC5,5863.481767977873,-0.6824412399184207,LC5,168.80690139848937,1.4506429189974082,LC5,253.2103520977341,0.6337619459982717,1.689481568013123,1.200753539723328,False
22.0,15.0,26.0,524.780356685791,120.0,25.0,5.0,3.0,LC5,4686.11664490193,-0.6762777978114654,LC5,7029.174967352897,-0.7351040472533283,LC5,168.80690139848937,1.4506429189974082,LC5,253.2103520977341,0.6337619459982717,1.689481568013123,1.200753539723328,False
22.0,15.0,26.0,524.780356685791,120.0,30.0,5.0,1.0,LC5,1799.6382464494914,-0.15705281158983408,LC5,2699.4573696742373,-0.31023174475072346,LC5,140.67241783207447,1.9407715027968897,LC5,211.00862674811174,0.9605143351979262,1.689481568013123,1.200753539723328,False
22.0,15.0,26.0,524.780356685791,120.0,30.0,5.0,1.5,LC5,2687.7854459733185,-0.4355948305796953,LC5,4031.6781689599775,-0.5381575805490628,LC5,140.67241783207447,1.9407715027968897,LC5,211.00862674811174,0.9605143351979262,1.689481568013123,1.200753539723328,False
22.0,15.0,26.0,524.780356685791,120.0,30.0,5.0,2.0,LC5,3575.9326454971456,-0.5757750074207288,LC5,5363.898968245719,-0.65286445344645,LC5,140.67241783207447,1.9407715027968897,LC5,211.00862674811174,0.9605143351979262,1.689481568013123,1.200753539723328,False
22.0,15.0,26.0,524.780356685791,120.0,30.0,5.0,2.5,LC5,4464.079845020973,-0.6601763291281648,LC5,6696.119767531461,-0.7219285101457451,LC5,140.67241783207447,1.9407715027968897,LC5,211.00862674811174,0.9605143351979262,1.689481568013123,1.200753539723328,False
22.0,15.0,26.0,524.780356685791,120.0,30.0,5.0,3.0,LC5,5352.227044544801,-0.7165665829617252,LC5,8028.3405668172,-0.768071622709177,LC5,140.67241783207447,1.9407715027968897,LC5,211.00862674811174,0.9605143351979262,1.689481568013123,1.200753539723328,False
22.0,15.0,26.0,524.780356685791,150.0,20.0,5.0,1.0,LC5,1104.9649517088108,0.37289422406926453,LC5,1657.4474275632165,0.12341421455371115,LC5,171.31648447761444,1.414743910088565,LC5,256.9747267164216,0.6098292733923767,2.3126048206117717,1.710643891882715,True
22.0,15.0,26.0,524.780356685791,150.0,20.0,5.0,1.5,LC5,1645.7755038622977,-0.0782460934435395,LC5,2468.663255793447,-0.24574564974373592,LC5,171.31648447761444,1.414743910088565,LC5,256.9747267164216,0.6098292733923767,2.3126048206117717,1.710643891882715,False
22.0,15.0,26.0,524.780356685791,150.0,20.0,5.0,2.0,LC5,2186.586056015785,-0.3062244242222274,LC5,3279.8790840236775,-0.432296144979911,LC5,171.31648447761444,1.414743910088565,LC5,256.9747267164216,0.6098292733923767,2.3126048206117717,1.710643891882715,False
22.0,15.0,26.0,524.780356685791,150.0,20.0,5.0,2.5,LC5,2727.396608169272,-0.4437919313032124,LC5,4091.0949122539078,-0.5448651180340942,LC5,171.31648447761444,1.414743910088565,LC5,256.9747267164216,0.6098292733923767,2.3126048206117717,1.710643891882715,False
22.0,15.0,26.0,524.780356685791,150.0,20.0,5.0,3.0,LC5,3268.2071603227587,-0.5358311375065388,LC5,4902.3107404841385,-0.6201791158150627,LC5,171.31648447761444,1.414743910088565,LC5,256.9747267164216,0.6098292733923767,2.3126048206117717,1.710643891882715,False
22.0,15.0,26.0,524.780356685791,150.0,25.0,5.0,1.0,LC5,1285.2351357599732,0.1803287645905991,LC5,1927.85270363996,-0.03415857628314867,LC5,137.05318758209154,2.0184298876107065,LC5,205.5797813731373,1.0122865917404709,2.3126048206117717,1.710643891882715,False
22.0,15.0,26.0,524.780356685791,150.0,25.0,5.0,1.5,LC5,1916.1807799390415,-0.2083210436709111,LC5,2874.2711699085626,-0.3521836006658917,LC5,137.05318758209154,2.0184298876107065,LC5,205.5797813731373,1.0122865917404709,2.3126048206117717,1.710643891882715,False
22.0,15.0,26.0,524.780356685791,150.0,25.0,5.0,2.0,LC5,2547.1264241181098,-0.4044268923458598,LC5,3820.6896361771646,-0.5126534271799565,LC5,137.05318758209154,2.0184298876107065,LC5,205.5797813731373,1.0122865917404709,2.3126048206117717,1.710643891882715,False
22.0,15.0,26.0,524.780356685791,150.0,25.0,5.0,2.5,LC5,3178.072068297178,-0.5226665829473106,LC5,4767.108102445767,-0.6094068017789024,LC5,137.05318758209154,2.0184298876107065,LC5,205.5797813731373,1.0122865917404709,2.3126048206117717,1.710643891882715,False
22.0,15.0,26.0,524.780356685791,150.0,25.0,5.0,3.0,LC5,3809.017712476246,-0.6017345902511446,LC5,5713.52656871437,-0.6741067049209543,LC5,137.05318758209154,2.0184298876107065,LC5,205.5797813731373,1.0122865917404709,2.3126048206117717,1.710643891882715,False
22.0,15.0,26.0,524.780356685791,150.0,30.0,5.0,1.0,LC5,1465.5053198111352,0.03513783231813927,LC5,2198.2579797167036,-0.15296565863486056,LC5,114.21098965174295,2.6221158651328476,LC5,171.31648447761444,1.414743910088565,2.3126048206117717,1.710643891882715,False
22.0,15.0,26.0,524.780356685791,150.0,30.0,5.0,1.5,LC5,2186.586056015785,-0.3062244242222274,LC5,3279.8790840236775,-0.432296144979911,LC5,114.21098965174295,2.6221158651328476,LC5,171.31648447761444,1.414743910088565,2.3126048206117717,1.710643891882715,False
22.0,15.0,26.0,524.780356685791,150.0,30.0,5.0,2.0,LC5,2907.6667922204338,-0.47827584506629595,LC5,4361.500188330651,-0.5730826734842642,LC5,114.21098965174295,2.6221158651328476,LC5,171.31648447761444,1.414743910088565,2.3126048206117717,1.710643891882715,False
22.0,15.0,26.0,524.780356685791,150.0,30.0,5.0,2.5,LC5,3628.747528425083,-0.581949422461365,LC5,5443.121292637626,-0.6579168642597504,LC5,114.21098965174295,2.6221158651328476,LC5,171.31648447761444,1.414743910088565,2.3126048206117717,1.710643891882715,False
22.0,15.0,26.0,524.780356685791,150.0,30.0,5.0,3.0,LC5,4349.828264629733,-0.6512505994005879,LC5,6524.742396944599,-0.7146247488832761,LC5,114.21098965174295,2.6221158651328476,LC5,171.31648447761444,1.414743910088565,2.3126048206117717,1.710643891882715,False
22.0,15.0,26.0,524.780356685791,180.0,20.0,5.0,1.0,LC5,937.90021984104,0.6174428451004188,LC5,1406.8503297615598,0.3235238750063636,LC5,144.85533053949848,1.8558523600710695,LC5,217.2829958092477,0.9039015733807134,2.9177281927920697,2.205805271359629,True
22.0,15.0,26.0,524.780356685791,180.0,20.0,5.0,1.5,LC5,1395.1784060606412,0.08731614065281335,LC5,2092.767609090962,-0.11026910397910883,LC5,144.85533053949848,1.8558523600710695,LC5,217.2829958092477,0.9039015733807134,2.9177281927920697,2.205805271359629,False
22.0,15.0,26.0,524.780356685791,180.0,20.0,5.0,2.0,LC5,1852.4565922802428,-0.18108742395270894,LC5,2778.6848884203637,-0.32989882812566196,LC5,144.85533053949848,1.8558523600710695,LC5,217.2829958092477,0.9039015733807134,2.9177281927920697,2.205805271359629,False
22.0,15.0,26.0,524.780356685791,180.0,20.0,5.0,2.5,LC5,2309.7347784998447,-0.3432146348052654,LC5,3464.6021677497665,-0.4625645572434207,LC5,144.85533053949848,1.8558523600710695,LC5,217.2829958092477,0.9039015733807134,2.9177281927920697,2.205805271359629,False
22.0,15.0,26.0,524.780356685791,180.0,20.0,5.0,3.0,LC5,2767.012964719446,-0.45175536965588003,LC5,4150.5194470791685,-0.5513814538779382,LC5,144.85533053949848,1.8558523600710695,LC5,217.2829958092477,0.9039015733807134,2.9177281927920697,2.205805271359629,False
22.0,15.0,26.0,524.780356685791,180.0,25.0,5.0,1.0,LC5,1090.3262819142403,0.3913266378727167,LC5,1635.4894228713604,0.13849712138826575,LC5,115.8842644315988,2.5698154500888366,LC5,173.82639664739816,1.3798769667258917,2.9177281927920697,2.205805271359629,True
22.0,15.0,26.0,524.780356685791,180.0,25.0,5.0,1.5,LC5,1623.817499170442,-0.0657817145245767,LC5,2435.7262487556636,-0.23554627661822114,LC5,115.8842644315988,2.5698154500888366,LC5,173.82639664739816,1.3798769667258917,2.9177281927920697,2.205805271359629,False
22.0,15.0,26.0,524.780356685791,180.0,25.0,5.0,2.0,LC5,2157.308716426644,-0.2968090341225007,LC5,3235.9630746399653,-0.4245917035974933,LC5,115.8842644315988,2.5698154500888366,LC5,173.82639664739816,1.3798769667258917,2.9177281927920697,2.205805271359629,False
22.0,15.0,26.0,524.780356685791,180.0,25.0,5.0,2.5,LC5,2690.799933682846,-0.43622713044900696,LC5,4036.1999005242687,-0.5386749799587127,LC5,115.8842644315988,2.5698154500888366,LC5,173.82639664739816,1.3798769667258917,2.9177281927920697,2.205805271359629,False
22.0,15.0,26.0,524.780356685791,180.0,25.0,5.0,3.0,LC5,3224.2911509390474,-0.5295089900432265,LC5,4836.436726408571,-0.6150058182643321,LC5,115.8842644315988,2.5698154500888366,LC5,173.82639664739816,1.3798769667258917,2.9177281927920697,2.205805271359629,False
22.0,15.0,26.0,524.780356685791,180.0,30.0,5.0,1.0,LC5,1242.752343987441,0.22067764131719114,LC5,1864.1285159811614,-0.0011418289902834777,LC5,96.57022035966565,3.2837785401066046,LC5,144.85533053949845,1.8558523600710704,2.9177281927920697,2.205805271359629,False
22.0,15.0,26.0,524.780356685791,180.0,30.0,5.0,1.5,LC5,1852.4565922802428,-0.18108742395270894,LC5,2778.6848884203637,-0.32989882812566196,LC5,96.57022035966565,3.2837785401066046,LC5,144.85533053949845,1.8558523600710704,2.9177281927920697,2.205805271359629,False
22.0,15.0,26.0,524.780356685791,180.0,30.0,5.0,2.0,LC5,2462.1608405730453,-0.38387453207690037,LC5,3693.2412608595673,-0.49583580695547713,LC5,96.57022035966565,3.2837785401066046,LC5,144.85533053949845,1.8558523600710704,2.9177281927920697,2.205805271359629,False
22.0,15.0,26.0,524.780356685791,180.0,30.0,5.0,2.5,LC5,3071.8650888658476,-0.5061632083067534,LC5,4607.79763329877,-0.5959023923828497,LC5,96.57022035966565,3.2837785401066046,LC5,144.85533053949845,1.8558523600710704,2.9177281927920697,2.205805271359629,False
22.0,15.0,26.0,524.780356685791,180.0,30.0,5.0,3.0,LC5,3681.569337158649,-0.5879474590662508,LC5,5522.354005737972,-0.6628249478274484,LC5,96.57022035966565,3.2837785401066046,LC5,144.85533053949845,1.8558523600710704,2.9177281927920697,2.205805271359629,False
22.0,20.0,31.0,529.780356685791,120.0,20.0,5.0,1.0,LC5,1360.8458745158553,0.11474784059561438,LC5,2041.268811773783,-0.08782224601668476,LC5,211.84511318653563,0.9527730961905168,LC5,317.76766977980344,0.3018487307936777,1.6788619467993304,1.1920636980621193,False
22.0,20.0,31.0,529.780356685791,120.0,20.0,5.0,1.5,LC5,2029.5968880728642,-0.2525609351715076,LC5,3044.3953321092963,-0.38838429412847597,LC5,211.84511318653563,0.9527730961905168,LC5,317.76766977980344,0.3018487307936777,1.6788619467993304,1.1920636980621193,False
22.0,20.0,31.0,529.780356685791,120.0,20.0,5.0,2.0,LC5,2698.347901629874,-0.43780414709174764,LC5,4047.5218524448105,-0.539965423812276,LC5,211.84511318653563,0.9527730961905168,LC5,317.76766977980344,0.3018487307936777,1.6788619467993304,1.1920636980621193,False
22.0,20.0,31.0,529.780356685791,120.0,20.0,5.0,2.5,LC5,3367.098915186883,-0.549463785231328,LC5,5050.648372780325,-0.6313344619207791,LC5,211.84511318653563,0.9527730961905168,LC5,317.76766977980344,0.3018487307936777,1.6788619467993304,1.1920636980621193,False
22.0,20.0,31.0,529.780356685791,120.0,20.0,5.0,3.0,LC5,4035.8499287438917,-0.6241188283053558,LC5,6053.774893115837,-0.6924233172070193,LC5,211.84511318653563,0.9527730961905168,LC5,317.76766977980344,0.3018487307936777,1.6788619467993304,1.1920636980621193,False
22.0,20.0,31.0,529.780356685791,120.0,25.0,5.0,1.0,LC5,1583.7628790348588,-0.04215459265944144,LC5,2375.6443185522876,-0.21621263525901102,LC5,169.4760905492285,1.4409663702381459,LC5,254.21413582384275,0.6273109134920973,1.6788619467993304,1.1920636980621193,False
22.0,20.0,31.0,529.780356685791,120.0,25.0,5.0,1.5,LC5,2363.9723948513692,-0.35828353863016293,LC5,3545.958592277054,-0.47489516542709875,LC5,169.4760905492285,1.4409663702381459,LC5,254.21413582384275,0.6273109134920973,1.6788619467993304,1.1920636980621193,False
22.0,20.0,31.0,529.780356685791,120.0,25.0,5.0,2.0,LC5,3144.1819106678804,-0.5175215546998163,LC5,4716.272866001819,-0.6051967193368744,LC5,169.4760905492285,1.4409663702381459,LC5,254.21413582384275,0.6273109134920973,1.6788619467993304,1.1920636980621193,False
22.0,20.0,31.0,529.780356685791,120.0,25.0,5.0,2.5,LC5,3924.3914264843916,-0.6134432488659822,LC5,5886.587139726586,-0.6836876859540579,LC5,169.4760905492285,1.4409663702381459,LC5,254.21413582384275,0.6273109134920973,1.6788619467993304,1.1920636980621193,False
22.0,20.0,31.0,529.780356685791,120.0,25.0,5.0,3.0,LC5,4704.600942300903,-0.6775496968595017,LC5,7056.901413451352,-0.7361448189639165,LC5,169.4760905492285,1.4409663702381459,LC5,254.21413582384275,0.6273109134920973,1.6788619467993304,1.1920636980621193,False
22.0,20.0,31.0,529.780356685791,120.0,30.0,5.0,1.0,LC5,1806.6798835538616,-0.16033824596753776,LC5,2710.0198253307926,-0.31292015556649333,LC5,141.23007545769042,1.9291596442857748,LC5,211.84511318653563,0.9527730961905168,1.6788619467993304,1.1920636980621193,False
22.0,20.0,31.0,529.780356685791,120.0,30.0,5.0,1.5,LC5,2698.347901629874,-0.43780414709174764,LC5,4047.5218524448105,-0.539965423812276,LC5,141.23007545769042,1.9291596442857748,LC5,211.84511318653563,0.9527730961905168,1.6788619467993304,1.1920636980621193,False
22.0,20.0,31.0,529.780356685791,120.0,30.0,5.0,2.0,LC5,3590.0159197058865,-0.5774391997336099,LC5,5385.023879558829,-0.6542262315552545,LC5,141.23007545769042,1.9291596442857748,LC5,211.84511318653563,0.9527730961905168,1.6788619467993304,1.1920636980621193,False
22.0,20.0,31.0,529.780356685791,120.0,30.0,5.0,2.5,LC5,4481.6839377819,-0.6615111594079073,LC5,6722.525906672848,-0.7230207773313659,LC5,141.23007545769042,1.9291596442857748,LC5,211.84511318653563,0.9527730961905168,1.6788619467993304,1.1920636980621193,False
22.0,20.0,31.0,529.780356685791,120.0,30.0,5.0,3.0,LC5,5373.351955857911,-0.7176808791863709,LC5,8060.027933786865,-0.7689834309140947,LC5,141.23007545769042,1.9291596442857748,LC5,211.84511318653563,0.9527730961905168,1.6788619467993304,1.1920636980621193,False
22.0,20.0,31.0,529.780356685791,150.0,20.0,5.0,1.0,LC5,1109.1904970057512,0.3676640794301127,LC5,1663.7857455086266,0.11913448292633277,LC5,171.98576280658764,1.4053469940725587,LC5,257.97864420988145,0.6035646627150391,2.2997139011385066,1.700095488428873,True
22.0,20.0,31.0,529.780356685791,150.0,20.0,5.0,1.5,LC5,1652.1138218077085,-0.08178239297088485,LC5,2478.1707327115623,-0.24863933891970436,LC5,171.98576280658764,1.4053469940725587,LC5,257.97864420988145,0.6035646627150391,2.2997139011385066,1.700095488428873,False
22.0,20.0,31.0,529.780356685791,150.0,20.0,5.0,2.0,LC5,2195.0371466096653,-0.3088955226370198,LC5,3292.555719914498,-0.43448185592183297,LC5,171.98576280658764,1.4053469940725587,LC5,257.97864420988145,0.6035646627150391,2.2997139011385066,1.700095488428873,False
22.0,20.0,31.0,529.780356685791,150.0,20.0,5.0,2.5,LC5,2737.9604714116226,-0.445937946935416,LC5,4106.940707117433,-0.5466211633459654,LC5,171.98576280658764,1.4053469940725587,LC5,257.97864420988145,0.6035646627150391,2.2997139011385066,1.700095488428873,False
22.0,20.0,31.0,529.780356685791,150.0,20.0,5.0,3.0,LC5,3280.8837962135804,-0.537624587085118,LC5,4921.325694320369,-0.6216466627785056,LC5,171.98576280658764,1.4053469940725587,LC5,257.97864420988145,0.6035646627150391,2.2997139011385066,1.700095488428873,False
22.0,20.0,31.0,529.780356685791,150.0,25.0,5.0,1.0,LC5,1290.1649386064037,0.1758186527984682,LC5,1935.2474079096055,-0.03784911821105352,LC5,137.5886102452701,2.0066837425906985,LC5,206.38291536790516,1.004455828393799,2.2997139011385066,1.700095488428873,False
22.0,20.0,31.0,529.780356685791,150.0,25.0,5.0,1.5,LC5,1923.5754842086872,-0.21136445517548408,LC5,2885.3632263130303,-0.3546739685944852,LC5,137.5886102452701,2.0066837425906985,LC5,206.38291536790516,1.004455828393799,2.2997139011385066,1.700095488428873,False
22.0,20.0,31.0,529.780356685791,150.0,25.0,5.0,2.0,LC5,2556.98602981097,-0.40672339140149816,LC5,3835.4790447164555,-0.5145326103228256,LC5,137.5886102452701,2.0066837425906985,LC5,206.38291536790516,1.004455828393799,2.2997139011385066,1.700095488428873,False
22.0,20.0,31.0,529.780356685791,150.0,25.0,5.0,2.5,LC5,3190.396575413254,-0.524510522707196,LC5,4785.594863119881,-0.6109156639335527,LC5,137.5886102452701,2.0066837425906985,LC5,206.38291536790516,1.004455828393799,2.2997139011385066,1.700095488428873,False
22.0,20.0,31.0,529.780356685791,150.0,25.0,5.0,3.0,LC5,3823.807121015537,-0.6032749686398641,LC5,5735.710681523305,-0.6753671683618663,LC5,137.5886102452701,2.0066837425906985,LC5,206.38291536790516,1.004455828393799,2.2997139011385066,1.700095488428873,False
22.0,20.0,31.0,529.780356685791,150.0,30.0,5.0,1.0,LC5,1471.1393802070559,0.03117353828601166,LC5,2206.7090703105837,-0.15620956788022244,LC5,114.65717520439176,2.608020491108838,LC5,171.98576280658762,1.4053469940725591,2.2997139011385066,1.700095488428873,False
22.0,20.0,31.0,529.780356685791,150.0,30.0,5.0,1.5,LC5,2195.0371466096653,-0.3088955226370198,LC5,3292.555719914498,-0.43448185592183297,LC5,114.65717520439176,2.608020491108838,LC5,171.98576280658762,1.4053469940725591,2.2997139011385066,1.700095488428873,False
22.0,20.0,31.0,529.780356685791,150.0,30.0,5.0,2.0,LC5,2918.9349130122746,-0.4802898847667383,LC5,4378.402369518411,-0.574730725306819,LC5,114.65717520439176,2.608020491108838,LC5,171.98576280658762,1.4053469940725591,2.2997139011385066,1.700095488428873,False
22.0,20.0,31.0,529.780356685791,150.0,30.0,5.0,2.5,LC5,3642.8326794148848,-0.5835658309061666,LC5,5464.249019122326,-0.6592395417039254,LC5,114.65717520439176,2.608020491108838,LC5,171.98576280658762,1.4053469940725591,2.2997139011385066,1.700095488428873,False
22.0,20.0,31.0,529.780356685791,150.0,30.0,5.0,3.0,LC5,4366.730445817494,-0.6526004939340828,LC5,6550.095668726241,-0.7157293428720115,LC5,114.65717520439176,2.608020491108838,LC5,171.98576280658762,1.4053469940725591,2.2997139011385066,1.700095488428873,False
22.0,20.0,31.0,529.780356685791,180.0,20.0,5.0,1.0,LC5,941.4219566457982,0.6113922022861402,LC5,1412.1329349686973,0.31857274474040564,LC5,145.41313360588111,1.8448973440826149,LC5,218.11970040882167,0.89659822938841,2.9026998336266856,2.193507840128714,True
22.0,20.0,31.0,529.780356685791,180.0,20.0,5.0,1.5,LC5,1400.4610112677785,0.08321473271628155,LC5,2100.691516901668,-0.11362521102275713,LC5,145.41313360588111,1.8448973440826149,LC5,218.11970040882167,0.89659822938841,2.9026998336266856,2.193507840128714,False
22.0,20.0,31.0,529.780356685791,180.0,20.0,5.0,2.0,LC5,1859.5000658897593,-0.18418932710597946,LC5,2789.250098834639,-0.33243705869977325,LC5,145.41313360588111,1.8448973440826149,LC5,218.11970040882167,0.89659822938841,2.9026998336266856,2.193507840128714,False
22.0,20.0,31.0,529.780356685791,180.0,20.0,5.0,2.5,LC5,2318.5391205117403,-0.34570868932969623,LC5,3477.80868076761,-0.46460539641041276,LC5,145.41313360588111,1.8448973440826149,LC5,218.11970040882167,0.89659822938841,2.9026998336266856,2.193507840128714,False
22.0,20.0,31.0,529.780356685791,180.0,20.0,5.0,3.0,LC5,2777.5781751337204,-0.4538407546613994,LC5,4166.367262700581,-0.5530878862577568,LC5,145.41313360588111,1.8448973440826149,LC5,218.11970040882167,0.89659822938841,2.9026998336266856,2.193507840128714,False
22.0,20.0,31.0,529.780356685791,180.0,25.0,5.0,1.0,LC5,1094.4349748531251,0.3861033637047133,LC5,1641.6524622796878,0.1342230117416725,LC5,116.3305068847049,2.5561216801032685,LC5,174.49576032705735,1.3707477867355125,2.9026998336266856,2.193507840128714,True
22.0,20.0,31.0,529.780356685791,180.0,25.0,5.0,1.5,LC5,1629.9805385787693,-0.06931404142854403,LC5,2444.970807868154,-0.23843671506919317,LC5,116.3305068847049,2.5561216801032685,LC5,174.49576032705735,1.3707477867355125,2.9026998336266856,2.193507840128714,False
22.0,20.0,31.0,529.780356685791,180.0,25.0,5.0,2.0,LC5,2165.526102304413,-0.2994773887113591,LC5,3248.28915345662,-0.42677516931687576,LC5,116.3305068847049,2.5561216801032685,LC5,174.49576032705735,1.3707477867355125,2.9026998336266856,2.193507840128714,False
22.0,20.0,31.0,529.780356685791,180.0,25.0,5.0,2.5,LC5,2701.071666030057,-0.4383710661666246,LC5,4051.607499045086,-0.5404293233145485,LC5,116.3305068847049,2.5561216801032685,LC5,174.49576032705735,1.3707477867355125,2.9026998336266856,2.193507840128714,False
22.0,20.0,31.0,529.780356685791,180.0,25.0,5.0,3.0,LC5,3236.6172297557014,-0.53130077104777,LC5,4854.9258446335525,-0.6164719998641828,LC5,116.3305068847049,2.5561216801032685,LC5,174.49576032705735,1.3707477867355125,2.9026998336266856,2.193507840128714,False
22.0,20.0,31.0,529.780356685791,180.0,30.0,5.0,1.0,LC5,1247.447993060452,0.21608276131675597,LC5,1871.1719895906779,-0.00490173519147441,LC5,96.94208907058741,3.2673460161239225,LC5,145.41313360588111,1.8448973440826149,2.9026998336266856,2.193507840128714,False
22.0,20.0,31.0,529.780356685791,180.0,30.0,5.0,1.5,LC5,1859.5000658897593,-0.18418932710597946,LC5,2789.250098834639,-0.33243705869977325,LC5,96.94208907058741,3.2673460161239225,LC5,145.41313360588111,1.8448973440826149,2.9026998336266856,2.193507840128714,False
22.0,20.0,31.0,529.780356685791,180.0,30.0,5.0,2.0,LC5,2471.552138719067,-0.38621565928760193,LC5,3707.3282080786003,-0.49775150850077554,LC5,96.94208907058741,3.2673460161239225,LC5,145.41313360588111,1.8448973440826149,2.9026998336266856,2.193507840128714,False
22.0,20.0,31.0,529.780356685791,180.0,30.0,5.0,2.5,LC5,3083.6042115483747,-0.5080432195809375,LC5,4625.406317322562,-0.5974407711974097,LC5,96.94208907058741,3.2673460161239225,LC5,145.41313360588111,1.8448973440826149,2.9026998336266856,2.193507840128714,False
22.0,20.0,31.0,529.780356685791,180.0,30.0,5.0,3.0,LC5,3695.656284377682,-0.5895181036145924,LC5,5543.484426566522,-0.6641101775127977,LC5,96.94208907058741,3.2673460161239225,LC5,145.41313360588111,1.8448973440826149,2.9026998336266856,2.193507840128714,False
24.0,5.0,17.0,515.780356685791,120.0,20.0,5.0,1.0,LC5,1038.4427280625596,0.46084127608105363,LC5,1557.6640920938396,0.19537967746118268,LC5,192.04444273930486,1.1541130359688068,LC5,288.0666641089573,0.43607535731253777,2.223707279244989,1.6379006609334952,True
24.0,5.0,17.0,515.780356685791,120.0,20.0,5.0,1.5,LC5,1547.8564339840398,-0.019934945713678487,LC5,2321.7846509760598,-0.19803070486436802,LC5,192.04444273930486,1.1541130359688068,LC5,288.0666641089573,0.43607535731253777,2.223707279244989,1.6379006609334952,False
24.0,5.0,17.0,515.780356685791,120.0,20.0,5.0,2.0,LC5,2057.27013990552,-0.262615069079033,LC5,3085.9052098582806,-0.39661140787745974,LC5,192.04444273930486,1.1541130359688068,LC5,288.0666641089573,0.43607535731253777,2.223707279244989,1.6379006609334952,False
24.0,5.0,17.0,515.780356685791,120.0,20.0,5.0,2.5,LC5,2566.683845827001,-0.408964994864331,LC5,3850.0257687405015,-0.5163668734068927,LC5,192.04444273930486,1.1541130359688068,LC5,288.0666641089573,0.43607535731253777,2.223707279244989,1.6379006609334952,False
24.0,5.0,17.0,515.780356685791,120.0,20.0,5.0,3.0,LC5,3076.0975517484803,-0.5068426880227761,LC5,4614.146327622721,-0.5964583981974991,LC5,192.04444273930486,1.1541130359688068,LC5,288.0666641089573,0.43607535731253777,2.223707279244989,1.6379006609334952,False
24.0,5.0,17.0,515.780356685791,120.0,25.0,5.0,1.0,LC5,1208.247296703053,0.25553767357017154,LC5,1812.3709450545798,0.02738349733582024,LC5,153.63555419144387,1.6926412949610086,LC5,230.45333128716584,0.7950941966406722,2.223707279244989,1.6379006609334952,True
24.0,5.0,17.0,515.780356685791,120.0,25.0,5.0,1.5,LC5,1802.5632869447804,-0.15842067183604436,LC5,2703.8449304171704,-0.3113510397533352,LC5,153.63555419144387,1.6926412949610086,LC5,230.45333128716584,0.7950941966406722,2.223707279244989,1.6379006609334952,False
24.0,5.0,17.0,515.780356685791,120.0,25.0,5.0,2.0,LC5,2396.8792771865074,-0.3670936978600452,LC5,3595.318915779761,-0.4821043574666686,LC5,153.63555419144387,1.6926412949610086,LC5,230.45333128716584,0.7950941966406722,2.223707279244989,1.6379006609334952,False
24.0,5.0,17.0,515.780356685791,120.0,25.0,5.0,2.5,LC5,2991.1952674282343,-0.4928448782602267,LC5,4486.792901142352,-0.5850042466800889,LC5,153.63555419144387,1.6926412949610086,LC5,230.45333128716584,0.7950941966406722,2.223707279244989,1.6379006609334952,False
24.0,5.0,17.0,515.780356685791,120.0,25.0,5.0,3.0,LC5,3585.5112576699617,-0.5769083148867813,LC5,5378.266886504943,-0.6537918182022355,LC5,153.63555419144387,1.6926412949610086,LC5,230.45333128716584,0.7950941966406722,2.223707279244989,1.6379006609334952,False
24.0,5.0,17.0,515.780356685791,120.0,30.0,5.0,1.0,LC5,1378.0518653435463,0.1008293941257532,LC5,2067.07779801532,-0.0992114560043279,LC5,128.0296284928699,2.23116955395321,LC5,192.04444273930486,1.1541130359688068,2.223707279244989,1.6379006609334952,False
24.0,5.0,17.0,515.780356685791,120.0,30.0,5.0,1.5,LC5,2057.2701399055204,-0.2626150690790331,LC5,3085.9052098582806,-0.39661140787745974,LC5,128.0296284928699,2.23116955395321,LC5,192.04444273930486,1.1541130359688068,2.223707279244989,1.6379006609334952,False
24.0,5.0,17.0,515.780356685791,120.0,30.0,5.0,2.0,LC5,2736.488414467494,-0.44563989674511373,LC5,4104.732621701241,-0.5463772743306534,LC5,128.0296284928699,2.23116955395321,LC5,192.04444273930486,1.1541130359688068,2.223707279244989,1.6379006609334952,False
24.0,5.0,17.0,515.780356685791,120.0,30.0,5.0,2.5,LC5,3415.706689029468,-0.5558752146745254,LC5,5123.560033544202,-0.6365808172814618,LC5,128.0296284928699,2.23116955395321,LC5,192.04444273930486,1.1541130359688068,2.223707279244989,1.6379006609334952,False
24.0,5.0,17.0,515.780356685791,120.0,30.0,5.0,3.0,LC5,4094.9249635914416,-0.6295414412992028,LC5,6142.387445387163,-0.6968605421661682,LC5,128.0296284928699,2.23116955395321,LC5,192.04444273930486,1.1541130359688068,2.223707279244989,1.6379006609334952,False
24.0,5.0,17.0,515.780356685791,150.0,20.0,5.0,1.0,LC5,846.8807244626619,0.7912794047385159,LC5,1270.3210866939926,0.46577114991127977,LC5,155.93585574632203,1.6529205589706648,LC5,233.90378361948302,0.7686137059804434,2.9701905955766468,2.2487342953037652,True
24.0,5.0,17.0,515.780356685791,150.0,20.0,5.0,1.5,LC5,1260.5134285841932,0.20347785719656475,LC5,1890.7701428762896,-0.01521609751702746,LC5,155.93585574632203,1.6529205589706648,LC5,233.90378361948302,0.7686137059804434,2.9701905955766468,2.2487342953037652,False
24.0,5.0,17.0,515.780356685791,150.0,20.0,5.0,2.0,LC5,1674.1461327057248,-0.09386643712621912,LC5,2511.2191990585866,-0.25852749106966366,LC5,155.93585574632203,1.6529205589706648,LC5,233.90378361948302,0.7686137059804434,2.9701905955766468,2.2487342953037652,False
24.0,5.0,17.0,515.780356685791,150.0,20.0,5.0,2.5,LC5,2087.778836827256,-0.2733904696987224,LC5,3131.668255240884,-0.40542872097517957,LC5,155.93585574632203,1.6529205589706648,LC5,233.90378361948302,0.7686137059804434,2.9701905955766468,2.2487342953037652,False
24.0,5.0,17.0,515.780356685791,150.0,20.0,5.0,3.0,LC5,2501.411540948787,-0.3935424158854721,LC5,3752.1173114231806,-0.5037468593182812,LC5,155.93585574632203,1.6529205589706648,LC5,233.90378361948302,0.7686137059804434,2.9701905955766468,2.2487342953037652,False
24.0,5.0,17.0,515.780356685791,150.0,25.0,5.0,1.0,LC5,984.7582925031724,0.5404795385311396,LC5,1477.1374387547587,0.2605462099516509,LC5,124.74868459705763,2.316150698713331,LC5,187.12302689558643,1.2107671324755542,2.9701905955766468,2.2487342953037652,True
24.0,5.0,17.0,515.780356685791,150.0,25.0,5.0,1.5,LC5,1467.3297806449589,0.03385075394108661,LC5,2200.9946709674387,-0.15401885131254534,LC5,124.74868459705763,2.316150698713331,LC5,187.12302689558643,1.2107671324755542,2.9701905955766468,2.2487342953037652,False
24.0,5.0,17.0,515.780356685791,150.0,25.0,5.0,2.0,LC5,1949.9012687867455,-0.22201189143084277,LC5,2924.8519031801184,-0.36338657079509085,LC5,124.74868459705763,2.316150698713331,LC5,187.12302689558643,1.2107671324755542,2.9701905955766468,2.2487342953037652,False
24.0,5.0,17.0,515.780356685791,150.0,25.0,5.0,2.5,LC5,2432.472756928533,-0.3763547831403029,LC5,3648.7091353927985,-0.4896825340396589,LC5,124.74868459705763,2.316150698713331,LC5,187.12302689558643,1.2107671324755542,2.9701905955766468,2.2487342953037652,False
24.0,5.0,17.0,515.780356685791,150.0,25.0,5.0,3.0,LC5,2915.044245070319,-0.4795962350947418,LC5,4372.566367605479,-0.5741631244765588,LC5,124.74868459705763,2.316150698713331,LC5,187.12302689558643,1.2107671324755542,2.9701905955766468,2.2487342953037652,False
24.0,5.0,17.0,515.780356685791,150.0,30.0,5.0,1.0,LC5,1122.6358605436826,0.35128411029497153,LC5,1683.9537908155241,0.10573105399658833,LC5,103.95723716421469,2.9793808384559974,LC5,155.935855746322,1.6529205589706653,2.9701905955766468,2.2487342953037652,True
24.0,5.0,17.0,515.780356685791,150.0,30.0,5.0,1.5,LC5,1674.1461327057248,-0.09386643712621912,LC5,2511.2191990585866,-0.25852749106966366,LC5,103.95723716421469,2.9793808384559974,LC5,155.935855746322,1.6529205589706653,2.9701905955766468,2.2487342953037652,False
24.0,5.0,17.0,515.780356685791,150.0,30.0,5.0,2.0,LC5,2225.6564048677665,-0.318403327359,LC5,3338.4846073016497,-0.4422619184981138,LC5,103.95723716421469,2.9793808384559974,LC5,155.935855746322,1.6529205589706653,2.9701905955766468,2.2487342953037652,False
24.0,5.0,17.0,515.780356685791,150.0,30.0,5.0,2.5,LC5,2777.1666770298084,-0.4537598292002992,LC5,4165.750015544712,-0.5530216664341714,LC5,103.95723716421469,2.9793808384559974,LC5,155.935855746322,1.6529205589706653,2.9701905955766468,2.2487342953037652,False
24.0,5.0,17.0,515.780356685791,150.0,30.0,5.0,3.0,LC5,3328.6769491918503,-0.5442633745613844,LC5,4993.015423787775,-0.6270790610561625,LC5,103.95723716421469,2.9793808384559974,LC5,155.935855746322,1.6529205589706653,2.9701905955766468,2.2487342953037652,False
24.0,5.0,17.0,515.780356685791,180.0,20.0,5.0,1.0,LC5,719.1740842591888,1.1093641069709022,LC5,1078.761126388783,0.7260540396307715,LC5,131.86372118565006,2.137219501091408,LC5,197.79558177847508,1.0914796673942724,3.6949613011877958,2.841800897741892,True
24.0,5.0,17.0,515.780356685791,180.0,20.0,5.0,1.5,LC5,1068.9534682789836,0.419145028307333,LC5,1603.430202418475,0.16126040110228734,LC5,131.86372118565006,2.137219501091408,LC5,197.79558177847508,1.0914796673942724,3.6949613011877958,2.841800897741892,True
24.0,5.0,17.0,515.780356685791,180.0,20.0,5.0,2.0,LC5,1418.7328522987784,0.06926402496565776,LC5,2128.0992784481673,-0.12504081982594806,LC5,131.86372118565006,2.137219501091408,LC5,197.79558177847508,1.0914796673942724,3.6949613011877958,2.841800897741892,False
24.0,5.0,17.0,515.780356685791,180.0,20.0,5.0,2.5,LC5,1768.5122363185735,-0.14221684823743963,LC5,2652.7683544778597,-0.29809174749202905,LC5,131.86372118565006,2.137219501091408,LC5,197.79558177847508,1.0914796673942724,3.6949613011877958,2.841800897741892,False
24.0,5.0,17.0,515.780356685791,180.0,20.0,5.0,3.0,LC5,2118.291620338368,-0.28385686586548453,LC5,3177.437430507551,-0.4139931813849843,LC5,131.86372118565006,2.137219501091408,LC5,197.79558177847508,1.0914796673942724,3.6949613011877958,2.841800897741892,False
24.0,5.0,17.0,515.780356685791,180.0,25.0,5.0,1.0,LC5,835.7672122657873,0.8150987233483022,LC5,1253.6508183986805,0.48526206234873204,LC5,105.49097694852006,2.92152437636426,LC5,158.23646542278007,1.6143495842428401,3.6949613011877958,2.841800897741892,True
24.0,5.0,17.0,515.780356685791,180.0,25.0,5.0,1.5,LC5,1243.8431602888813,0.21960714053987185,LC5,1865.7647404333213,-0.0020178001822710456,LC5,105.49097694852006,2.92152437636426,LC5,158.23646542278007,1.6143495842428401,3.6949613011877958,2.841800897741892,False
24.0,5.0,17.0,515.780356685791,180.0,25.0,5.0,2.0,LC5,1651.9191083119754,-0.08167416166633201,LC5,2477.8786624679624,-0.24855077522421876,LC5,105.49097694852006,2.92152437636426,LC5,158.23646542278007,1.6143495842428401,3.6949613011877958,2.841800897741892,False
24.0,5.0,17.0,515.780356685791,180.0,25.0,5.0,2.5,LC5,2059.99505633507,-0.2635904657466074,LC5,3089.9925845026037,-0.3974095571171973,LC5,105.49097694852006,2.92152437636426,LC5,158.23646542278007,1.6143495842428401,3.6949613011877958,2.841800897741892,False
24.0,5.0,17.0,515.780356685791,180.0,25.0,5.0,3.0,LC5,2468.071004358164,-0.3853499363181796,LC5,3702.106506537244,-0.49704310324080414,LC5,105.49097694852006,2.92152437636426,LC5,158.23646542278007,1.6143495842428401,3.6949613011877958,2.841800897741892,False
24.0,5.0,17.0,515.780356685791,180.0,30.0,5.0,1.0,LC5,952.3603402723853,0.5928844743431059,LC5,1428.540510408578,0.30342820972395645,LC5,87.90914745710005,3.7058292516371116,LC5,131.86372118565006,2.137219501091408,3.6949613011877958,2.841800897741892,True
24.0,5.0,17.0,515.780356685791,180.0,30.0,5.0,1.5,LC5,1418.7328522987784,0.06926402496565776,LC5,2128.0992784481678,-0.12504081982594817,LC5,87.90914745710005,3.7058292516371116,LC5,131.86372118565006,2.137219501091408,3.6949613011877958,2.841800897741892,False
24.0,5.0,17.0,515.780356685791,180.0,30.0,5.0,2.0,LC5,1885.1053643251714,-0.19527044551005535,LC5,2827.658046487757,-0.34150453506469913,LC5,87.90914745710005,3.7058292516371116,LC5,131.86372118565006,2.137219501091408,3.6949613011877958,2.841800897741892,False
24.0,5.0,17.0,515.780356685791,180.0,30.0,5.0,2.5,LC5,2351.4778763515656,-0.35487379436726796,LC5,3527.216814527347,-0.47210503410760385,LC5,87.90914745710005,3.7058292516371116,LC5,131.86372118565006,2.137219501091408,3.6949613011877958,2.841800897741892,False
24.0,5.0,17.0,515.780356685791,180.0,30.0,5.0,3.0,LC5,2817.850388377958,-0.46164636481171306,LC5,4226.7755825669365,-0.5594750741724498,LC5,87.90914745710005,3.7058292516371116,LC5,131.86372118565006,2.137219501091408,3.6949613011877958,2.841800897741892,False
24.0,10.0,22.0,520.780356685791,120.0,20.0,5.0,1.0,LC5,1042.510349365406,0.4551414294576779,LC5,1563.7655240481083,0.19071559729738397,LC5,192.81117129146133,1.145547038686662,LC5,289.2167569371919,0.4303646924577751,2.210887957634959,1.6274108447006346,True
24.0,10.0,22.0,520.780356685791,120.0,20.0,5.0,1.5,LC5,1553.9578659383096,-0.023783055350727778,LC5,2330.9367989074635,-0.20117954254583803,LC5,192.81117129146133,1.145547038686662,LC5,289.2167569371919,0.4303646924577751,2.210887957634959,1.6274108447006346,False
24.0,10.0,22.0,520.780356685791,120.0,20.0,5.0,2.0,LC5,2065.405382511213,-0.2655194893723173,LC5,3098.108073766818,-0.39898804184190473,LC5,192.81117129146133,1.145547038686662,LC5,289.2167569371919,0.4303646924577751,2.210887957634959,1.6274108447006346,False
24.0,10.0,22.0,520.780356685791,120.0,20.0,5.0,2.5,LC5,2576.8528990841164,-0.41129740058534847,LC5,3865.279348626173,-0.5182754383168175,LC5,192.81117129146133,1.145547038686662,LC5,289.2167569371919,0.4303646924577751,2.210887957634959,1.6274108447006346,False
24.0,10.0,22.0,520.780356685791,120.0,20.0,5.0,3.0,LC5,3088.30041565702,-0.508791310486138,LC5,4632.450623485529,-0.5980529202923264,LC5,192.81117129146133,1.145547038686662,LC5,289.2167569371919,0.4303646924577751,2.210887957634959,1.6274108447006346,False
24.0,10.0,22.0,520.780356685791,120.0,25.0,5.0,1.0,LC5,1212.9928548897071,0.2506256684734842,LC5,1819.4892823345604,0.023364093472919345,LC5,154.24893703316906,1.6819337983583278,LC5,231.37340554975353,0.787955865572219,2.210887957634959,1.6274108447006346,True
24.0,10.0,22.0,520.780356685791,120.0,25.0,5.0,1.5,LC5,1809.6816242247614,-0.16173100301559484,LC5,2714.5224363371417,-0.3140598231663535,LC5,154.24893703316906,1.6819337983583278,LC5,231.37340554975353,0.787955865572219,2.210887957634959,1.6274108447006346,False
24.0,10.0,22.0,520.780356685791,120.0,25.0,5.0,2.0,LC5,2406.3703935598155,-0.36958998329602255,LC5,3609.555590339722,-0.48414702214774497,LC5,154.24893703316906,1.6819337983583278,LC5,231.37340554975353,0.787955865572219,2.210887957634959,1.6274108447006346,False
24.0,10.0,22.0,520.780356685791,120.0,25.0,5.0,2.5,LC5,3003.0591628948696,-0.4948484469624461,LC5,4504.588744342304,-0.5866437302764556,LC5,154.24893703316906,1.6819337983583278,LC5,231.37340554975353,0.787955865572219,2.210887957634959,1.6274108447006346,False
24.0,10.0,22.0,520.780356685791,120.0,25.0,5.0,3.0,LC5,3599.747932229924,-0.5785816038901732,LC5,5399.621898344885,-0.6551610399663821,LC5,154.24893703316906,1.6819337983583278,LC5,231.37340554975353,0.787955865572219,2.210887957634959,1.6274108447006346,False
24.0,10.0,22.0,520.780356685791,120.0,30.0,5.0,1.0,LC5,1383.4753604140087,0.09651392674317938,LC5,2075.213040621012,-0.1027427239745986,LC5,128.54078086097422,2.218320558029993,LC5,192.81117129146125,1.1455470386866629,2.210887957634959,1.6274108447006346,False
24.0,10.0,22.0,520.780356685791,120.0,30.0,5.0,1.5,LC5,2065.405382511213,-0.2655194893723173,LC5,3098.108073766819,-0.39898804184190495,LC5,128.54078086097422,2.218320558029993,LC5,192.81117129146125,1.1455470386866629,2.210887957634959,1.6274108447006346,False
24.0,10.0,22.0,520.780356685791,120.0,30.0,5.0,2.0,LC5,2747.335404608418,-0.4478286133337184,LC5,4121.003106912626,-0.5481682610535634,LC5,128.54078086097422,2.218320558029993,LC5,192.81117129146125,1.1455470386866629,2.210887957634959,1.6274108447006346,False
24.0,10.0,22.0,520.780356685791,120.0,30.0,5.0,2.5,LC5,3429.2654267056228,-0.557631209241995,LC5,5143.898140058433,-0.6380177154948778,LC5,128.54078086097422,2.218320558029993,LC5,192.81117129146125,1.1455470386866629,2.210887957634959,1.6274108447006346,False
24.0,10.0,22.0,520.780356685791,120.0,30.0,5.0,3.0,LC5,4111.195448802827,-0.6310075697223911,LC5,6166.79317320424,-0.698060248219333,LC5,128.54078086097422,2.218320558029993,LC5,192.81117129146125,1.1455470386866629,2.210887957634959,1.6274108447006346,False
24.0,10.0,22.0,520.780356685791,150.0,20.0,5.0,1.0,LC5,850.1352645144838,0.7844219188653065,LC5,1275.2028967717256,0.46015979473838753,LC5,156.5493220933791,1.642524618173339,LC5,234.82398314006863,0.761683078782226,2.9546326979810513,2.2360035524679054,True
24.0,10.0,22.0,520.780356685791,150.0,20.0,5.0,1.5,LC5,1265.3952386619262,0.19883492022945304,LC5,1898.092857992889,-0.019015327854431163,LC5,156.5493220933791,1.642524618173339,LC5,234.82398314006863,0.761683078782226,2.9546326979810513,2.2360035524679054,False
24.0,10.0,22.0,520.780356685791,150.0,20.0,5.0,2.0,LC5,1680.6552128093685,-0.09737583982844644,LC5,2520.9828192140526,-0.261399171065949,LC5,156.5493220933791,1.642524618173339,LC5,234.82398314006863,0.761683078782226,2.9546326979810513,2.2360035524679054,False
24.0,10.0,22.0,520.780356685791,150.0,20.0,5.0,2.5,LC5,2095.915186956811,-0.27621117045168875,LC5,3143.8727804352166,-0.40773684877215766,LC5,156.5493220933791,1.642524618173339,LC5,234.82398314006863,0.761683078782226,2.9546326979810513,2.2360035524679054,False
24.0,10.0,22.0,520.780356685791,150.0,20.0,5.0,3.0,LC5,2511.175161104253,-0.3959003643007838,LC5,3766.7627416563796,-0.5056763253474222,LC5,156.5493220933791,1.642524618173339,LC5,234.82398314006863,0.761683078782226,2.9546326979810513,2.2360035524679054,False
24.0,10.0,22.0,520.780356685791,150.0,25.0,5.0,1.0,LC5,988.5552558969648,0.5345626771500509,LC5,1482.832883845447,0.2557045505837816,LC5,125.23945767470327,2.3031557727166736,LC5,187.8591865120549,1.2021038484777828,2.9546326979810513,2.2360035524679054,True
24.0,10.0,22.0,520.780356685791,150.0,25.0,5.0,1.5,LC5,1473.0252257356476,0.02985337487509132,LC5,2209.5378386034713,-0.1572898334355437,LC5,125.23945767470327,2.3031557727166736,LC5,187.8591865120549,1.2021038484777828,2.9546326979810513,2.2360035524679054,False
24.0,10.0,22.0,520.780356685791,150.0,25.0,5.0,2.0,LC5,1957.4951955743304,-0.2250300264185776,LC5,2936.2427933614954,-0.3658562554126089,LC5,125.23945767470327,2.3031557727166736,LC5,187.8591865120549,1.2021038484777828,2.9546326979810513,2.2360035524679054,False
24.0,10.0,22.0,520.780356685791,150.0,25.0,5.0,2.5,LC5,2441.9651654130134,-0.37877901720869656,LC5,3662.94774811952,-0.49166624040544626,LC5,125.23945767470327,2.3031557727166736,LC5,187.8591865120549,1.2021038484777828,2.9546326979810513,2.2360035524679054,False
24.0,10.0,22.0,520.780356685791,150.0,25.0,5.0,3.0,LC5,2926.435135251696,-0.48162186076626423,LC5,4389.6527028775445,-0.5758206568871826,LC5,125.23945767470327,2.3031557727166736,LC5,187.8591865120549,1.2021038484777828,2.9546326979810513,2.2360035524679054,False
24.0,10.0,22.0,520.780356685791,150.0,30.0,5.0,1.0,LC5,1126.9752472794457,0.346081028542629,LC5,1690.462870919168,0.10147346743413599,LC5,104.3662147289194,2.963786927260008,LC5,156.5493220933791,1.642524618173339,2.9546326979810513,2.2360035524679054,True
24.0,10.0,22.0,520.780356685791,150.0,30.0,5.0,1.5,LC5,1680.6552128093685,-0.09737583982844644,LC5,2520.9828192140526,-0.261399171065949,LC5,104.3662147289194,2.963786927260008,LC5,156.5493220933791,1.642524618173339,2.9546326979810513,2.2360035524679054,False
24.0,10.0,22.0,520.780356685791,150.0,30.0,5.0,2.0,LC5,2234.3351783392923,-0.32105083663967726,LC5,3351.5027675089373,-0.4444283268833569,LC5,104.3662147289194,2.963786927260008,LC5,156.5493220933791,1.642524618173339,2.9546326979810513,2.2360035524679054,False
24.0,10.0,22.0,520.780356685791,150.0,30.0,5.0,2.5,LC5,2788.015143869215,-0.4558853084654686,LC5,4182.022715803822,-0.5547609072127895,LC5,104.3662147289194,2.963786927260008,LC5,156.5493220933791,1.642524618173339,2.9546326979810513,2.2360035524679054,False
24.0,10.0,22.0,520.780356685791,150.0,30.0,5.0,3.0,LC5,3341.695109399138,-0.5460387766277193,LC5,5012.542664098707,-0.6285318400706716,LC5,104.3662147289194,2.963786927260008,LC5,156.5493220933791,1.642524618173339,2.9546326979810513,2.2360035524679054,False
24.0,10.0,22.0,520.780356685791,180.0,20.0,5.0,1.0,LC5,721.8865541900446,1.1014382262626725,LC5,1082.8298312850668,0.7195684365199282,LC5,132.37500972212166,2.125102226307668,LC5,198.56251458318246,1.0834014842051123,3.6768273656548427,2.8269622302128403,True
24.0,10.0,22.0,520.780356685791,180.0,20.0,5.0,1.5,LC5,1073.0221731752674,0.4137638885046724,LC5,1609.5332597629008,0.15685711289637472,LC5,132.37500972212166,2.125102226307668,LC5,198.56251458318246,1.0834014842051123,3.6768273656548427,2.8269622302128403,True
24.0,10.0,22.0,520.780356685791,180.0,20.0,5.0,2.0,LC5,1424.15779216049,0.06519095591132884,LC5,2136.236688240735,-0.1283737376809957,LC5,132.37500972212166,2.125102226307668,LC5,198.56251458318246,1.0834014842051123,3.6768273656548427,2.8269622302128403,False
24.0,10.0,22.0,520.780356685791,180.0,20.0,5.0,2.5,LC5,1775.2934111457128,-0.1454933643780152,LC5,2662.9401167185692,-0.3007728606775937,LC5,132.37500972212166,2.125102226307668,LC5,198.56251458318246,1.0834014842051123,3.6768273656548427,2.8269622302128403,False
24.0,10.0,22.0,520.780356685791,180.0,20.0,5.0,3.0,LC5,2126.4290301309356,-0.2865973994407939,LC5,3189.643545196403,-0.4162357098478392,LC5,132.37500972212166,2.125102226307668,LC5,198.56251458318246,1.0834014842051123,3.6768273656548427,2.8269622302128403,False
24.0,10.0,22.0,520.780356685791,180.0,25.0,5.0,1.0,LC5,838.9317605184523,0.8082519596856217,LC5,1258.3976407776784,0.47965948096445965,LC5,105.90000777769733,2.9063777828845856,LC5,158.85001166654598,1.6042518552563902,3.6768273656548427,2.8269622302128403,True
24.0,10.0,22.0,520.780356685791,180.0,25.0,5.0,1.5,LC5,1248.5899826678792,0.21497050357444447,LC5,1872.884974001818,-0.005811875343609496,LC5,105.90000777769733,2.9063777828845856,LC5,158.85001166654598,1.6042518552563902,3.6768273656548427,2.8269622302128403,False
24.0,10.0,22.0,520.780356685791,180.0,25.0,5.0,2.0,LC5,1658.2482048173056,-0.08517916944337489,LC5,2487.3723072259577,-0.2514188589336689,LC5,105.90000777769733,2.9063777828845856,LC5,158.85001166654598,1.6042518552563902,3.6768273656548427,2.8269622302128403,False
24.0,10.0,22.0,520.780356685791,180.0,25.0,5.0,2.5,LC5,2067.906426966732,-0.2664078121633474,LC5,3101.8596404500977,-0.39971494012223807,LC5,105.90000777769733,2.9063777828845856,LC5,158.85001166654598,1.6042518552563902,3.6768273656548427,2.8269622302128403,False
24.0,10.0,22.0,520.780356685791,180.0,25.0,5.0,3.0,LC5,2477.5646491161588,-0.3877051803507241,LC5,3716.3469736742372,-0.498970356323027,LC5,105.90000777769733,2.9063777828845856,LC5,158.85001166654598,1.6042518552563902,3.6768273656548427,2.8269622302128403,False
24.0,10.0,22.0,520.780356685791,180.0,30.0,5.0,1.0,LC5,955.9769668468599,0.5868583162663286,LC5,1433.9654502702895,0.298497114870536,LC5,88.25000648141445,3.6876533394615025,LC5,132.37500972212166,2.125102226307668,3.6768273656548427,2.8269622302128403,True
24.0,10.0,22.0,520.780356685791,180.0,30.0,5.0,1.5,LC5,1424.15779216049,0.06519095591132884,LC5,2136.236688240735,-0.1283737376809957,LC5,88.25000648141445,3.6876533394615025,LC5,132.37500972212166,2.125102226307668,3.6768273656548427,2.8269622302128403,False
24.0,10.0,22.0,520.780356685791,180.0,30.0,5.0,2.0,LC5,1892.3386174741206,-0.19834643441094058,LC5,2838.5079262111803,-0.3440215604804091,LC5,88.25000648141445,3.6876533394615025,LC5,132.37500972212166,2.125102226307668,3.6768273656548427,2.8269622302128403,False
24.0,10.0,22.0,520.780356685791,180.0,30.0,5.0,2.5,LC5,2360.5194427877514,-0.3573448400795898,LC5,3540.7791641816257,-0.4741270455847927,LC5,88.25000648141445,3.6876533394615025,LC5,132.37500972212166,2.125102226307668,3.6768273656548427,2.8269622302128403,False
24.0,10.0,22.0,520.780356685791,180.0,30.0,5.0,3.0,LC5,2828.7002681013814,-0.46371129627735086,LC5,4243.050402152071,-0.561164769794958,LC5,88.25000648141445,3.6876533394615025,LC5,132.37500972212166,2.125102226307668,3.6768273656548427,2.8269622302128403,False
24.0,15.0,27.0,525.780356685791,120.0,20.0,5.0,1.0,LC5,1046.5781207584853,0.4494856809165726,LC5,1569.867181137728,0.18608760178714912,LC5,193.57792813496013,1.1370485859404655,LC5,290.36689220244017,0.424699057293644,2.198169718841184,1.6170037426861286,True
24.0,15.0,27.0,525.780356685791,120.0,20.0,5.0,1.5,LC5,1560.0595230279284,-0.02760120520552567,LC5,2340.089284541892,-0.20430386468586614,LC5,193.57792813496013,1.1370485859404655,LC5,290.36689220244017,0.424699057293644,2.198169718841184,1.6170037426861286,False
24.0,15.0,27.0,525.780356685791,120.0,20.0,5.0,2.0,LC5,2073.5409252973714,-0.26840122541471256,LC5,3110.3113879460575,-0.40134611369905293,LC5,193.57792813496013,1.1370485859404655,LC5,290.36689220244017,0.424699057293644,2.198169718841184,1.6170037426861286,False
24.0,15.0,27.0,525.780356685791,120.0,20.0,5.0,2.5,LC5,2587.0223275668145,-0.4136115549389975,LC5,3880.5334913502215,-0.5201690684668923,LC5,193.57792813496013,1.1370485859404655,LC5,290.36689220244017,0.424699057293644,2.198169718841184,1.6170037426861286,False
24.0,15.0,27.0,525.780356685791,120.0,20.0,5.0,3.0,LC5,3100.503729836258,-0.5107246653497447,LC5,4650.755594754386,-0.5996349491897273,LC5,193.57792813496013,1.1370485859404655,LC5,290.36689220244017,0.424699057293644,2.198169718841184,1.6170037426861286,False
24.0,15.0,27.0,525.780356685791,120.0,25.0,5.0,1.0,LC5,1217.738588181633,0.24575176866591186,LC5,1826.6078822724498,0.01937587047063416,LC5,154.86234250796812,1.6713107324255816,LC5,232.29351376195214,0.7808738216170548,2.198169718841184,1.6170037426861286,True
24.0,15.0,27.0,525.780356685791,120.0,25.0,5.0,1.5,LC5,1816.80022416265,-0.16501551473598353,LC5,2725.200336243975,-0.3167474789885306,LC5,154.86234250796812,1.6713107324255816,LC5,232.29351376195214,0.7808738216170548,2.198169718841184,1.6170037426861286,False
24.0,15.0,27.0,525.780356685791,120.0,25.0,5.0,2.0,LC5,2415.8618601436674,-0.37206674560863073,LC5,3623.7927902155006,-0.48617371141431354,LC5,154.86234250796812,1.6713107324255816,LC5,232.29351376195214,0.7808738216170548,2.198169718841184,1.6170037426861286,False
24.0,15.0,27.0,525.780356685791,120.0,25.0,5.0,2.5,LC5,3014.9234961246843,-0.4968363204074936,LC5,4522.385244187027,-0.5882703707311594,LC5,154.86234250796812,1.6713107324255816,LC5,232.29351376195214,0.7808738216170548,2.198169718841184,1.6170037426861286,False
24.0,15.0,27.0,525.780356685791,120.0,25.0,5.0,3.0,LC5,3613.9851321057013,-0.5802417706361414,LC5,5420.977698158552,-0.6565195240274644,LC5,154.86234250796812,1.6713107324255816,LC5,232.29351376195214,0.7808738216170548,2.198169718841184,1.6170037426861286,False
24.0,15.0,27.0,525.780356685791,120.0,30.0,5.0,1.0,LC5,1388.8990556047806,0.09223200482301364,LC5,2083.3485834071707,-0.10624654230698671,LC5,129.0519520899734,2.2055728789106985,LC5,193.57792813496013,1.1370485859404655,2.198169718841184,1.6170037426861286,False
24.0,15.0,27.0,525.780356685791,120.0,30.0,5.0,1.5,LC5,2073.5409252973714,-0.26840122541471256,LC5,3110.3113879460575,-0.40134611369905293,LC5,129.0519520899734,2.2055728789106985,LC5,193.57792813496013,1.1370485859404655,2.198169718841184,1.6170037426861286,False
24.0,15.0,27.0,525.780356685791,120.0,30.0,5.0,2.0,LC5,2758.1827949899625,-0.4500001947820429,LC5,4137.274192484943,-0.5499452264048181,LC5,129.0519520899734,2.2055728789106985,LC5,193.57792813496013,1.1370485859404655,2.198169718841184,1.6170037426861286,False
24.0,15.0,27.0,525.780356685791,120.0,30.0,5.0,2.5,LC5,3442.8246646825532,-0.559373436712649,LC5,5164.23699702383,-0.6394433483449582,LC5,129.0519520899734,2.2055728789106985,LC5,193.57792813496013,1.1370485859404655,2.198169718841184,1.6170037426861286,False
24.0,15.0,27.0,525.780356685791,120.0,30.0,5.0,3.0,LC5,4127.466534375144,-0.6324621926390354,LC5,6191.199801562717,-0.6992505395270858,LC5,129.0519520899734,2.2055728789106985,LC5,193.57792813496013,1.1370485859404655,2.198169718841184,1.6170037426861286,False
24.0,15.0,27.0,525.780356685791,150.0,20.0,5.0,1.0,LC5,853.3899194227022,0.7776164980085705,LC5,1280.084879134053,0.45459104341549517,LC5,157.1628100903568,1.6322094734260832,LC5,235.7442151355352,0.754806315617389,2.9391957145670227,2.223371751493649,True
24.0,15.0,27.0,525.780356685791,150.0,20.0,5.0,1.5,LC5,1270.2772210242538,0.19422750789533016,LC5,1905.4158315363802,-0.022785489034891193,LC5,157.1628100903568,1.6322094734260832,LC5,235.7442151355352,0.754806315617389,2.9391957145670227,2.223371751493649,False
24.0,15.0,27.0,525.780356685791,150.0,20.0,5.0,2.0,LC5,1687.1645226258054,-0.10085828639934369,LC5,2530.7467839387073,-0.26424879335336293,LC5,157.1628100903568,1.6322094734260832,LC5,235.7442151355352,0.754806315617389,2.9391957145670227,2.223371751493649,False
24.0,15.0,27.0,525.780356685791,150.0,20.0,5.0,2.5,LC5,2104.051824227357,-0.2790101543449065,LC5,3156.077736341035,-0.4100272060603013,LC5,157.1628100903568,1.6322094734260832,LC5,235.7442151355352,0.754806315617389,2.9391957145670227,2.223371751493649,False
24.0,15.0,27.0,525.780356685791,150.0,20.0,5.0,3.0,LC5,2520.9391258289083,-0.39824013025257154,LC5,3781.408688743362,-0.5075909129994673,LC5,157.1628100903568,1.6322094734260832,LC5,235.7442151355352,0.754806315617389,2.9391957145670227,2.223371751493649,False
24.0,15.0,27.0,525.780356685791,150.0,25.0,5.0,1.0,LC5,992.352353289886,0.5286908878391645,LC5,1488.528529934829,0.2508997728659741,LC5,125.73024807228545,2.290261841782604,LC5,188.59537210842817,1.1935078945217361,2.9391957145670227,2.223371751493649,True
24.0,15.0,27.0,525.780356685791,150.0,25.0,5.0,1.5,LC5,1478.7208718250295,0.025886648998013184,LC5,2218.081307737544,-0.16053573261511733,LC5,125.73024807228545,2.290261841782604,LC5,188.59537210842817,1.1935078945217361,2.9391957145670227,2.223371751493649,False
24.0,15.0,27.0,525.780356685791,150.0,25.0,5.0,2.0,LC5,1965.0893903601727,-0.2280249400145834,LC5,2947.6340855402595,-0.3683069383903118,LC5,125.73024807228545,2.290261841782604,LC5,188.59537210842817,1.1935078945217361,2.9391957145670227,2.223371751493649,False
24.0,15.0,27.0,525.780356685791,150.0,25.0,5.0,2.5,LC5,2451.4579088953165,-0.38118456184972993,LC5,3677.186863342974,-0.49363465355490965,LC5,125.73024807228545,2.290261841782604,LC5,188.59537210842817,1.1935078945217361,2.9391957145670227,2.223371751493649,False
24.0,15.0,27.0,525.780356685791,150.0,25.0,5.0,3.0,LC5,2937.82642743046,-0.4836318490991217,LC5,4406.73964114569,-0.5774653935497978,LC5,125.73024807228545,2.290261841782604,LC5,188.59537210842817,1.1935078945217361,2.9391957145670227,2.223371751493649,False
24.0,15.0,27.0,525.780356685791,150.0,30.0,5.0,1.0,LC5,1131.3147871570698,0.34091768022597435,LC5,1696.9721807356048,0.09724839401483809,LC5,104.77520672690454,2.9483142101391246,LC5,157.1628100903568,1.6322094734260832,2.9391957145670227,2.223371751493649,True
24.0,15.0,27.0,525.780356685791,150.0,30.0,5.0,1.5,LC5,1687.1645226258054,-0.10085828639934369,LC5,2530.7467839387077,-0.26424879335336304,LC5,104.77520672690454,2.9483142101391246,LC5,157.1628100903568,1.6322094734260832,2.9391957145670227,2.223371751493649,False
24.0,15.0,27.0,525.780356685791,150.0,30.0,5.0,2.0,LC5,2243.0142580945408,-0.32367795054111514,LC5,3364.521387141811,-0.44657804610307894,LC5,104.77520672690454,2.9483142101391246,LC5,157.1628100903568,1.6322094734260832,2.9391957145670227,2.223371751493649,False
24.0,15.0,27.0,525.780356685791,150.0,30.0,5.0,2.5,LC5,2798.863993563276,-0.4579943850473833,LC5,4198.295990344914,-0.5564867259759295,LC5,104.77520672690454,2.9483142101391246,LC5,157.1628100903568,1.6322094734260832,2.9391957145670227,2.223371751493649,False
24.0,15.0,27.0,525.780356685791,150.0,30.0,5.0,3.0,LC5,3354.7137290320115,-0.5478004615202371,LC5,5032.070593548017,-0.6299733945729209,LC5,104.77520672690454,2.9483142101391246,LC5,157.1628100903568,1.6322094734260832,2.9391957145670227,2.223371751493649,False
24.0,15.0,27.0,525.780356685791,180.0,20.0,5.0,1.0,LC5,724.5991157356865,1.0935714204671472,LC5,1086.89867360353,0.713131173328863,LC5,132.8863155275736,2.1130777909502867,LC5,199.32947329136042,1.075385193966858,3.6588323676472445,2.8122372527177184,True
24.0,15.0,27.0,525.780356685791,180.0,20.0,5.0,1.5,LC5,1077.0910154937303,0.4084232234586218,LC5,1615.6365232405954,0.1524869444429593,LC5,132.8863155275736,2.1130777909502867,LC5,199.32947329136042,1.075385193966858,3.6588323676472445,2.8122372527177184,True
24.0,15.0,27.0,525.780356685791,180.0,20.0,5.0,2.0,LC5,1429.5829152517738,0.061148663582643925,LC5,2144.374372877661,-0.1316814715047756,LC5,132.8863155275736,2.1130777909502867,LC5,199.32947329136042,1.075385193966858,3.6588323676472445,2.8122372527177184,False
24.0,15.0,27.0,525.780356685791,180.0,20.0,5.0,2.5,LC5,1782.0748150098177,-0.14874505423519913,LC5,2673.1122225147265,-0.3034336589698706,LC5,132.8863155275736,2.1130777909502867,LC5,199.32947329136042,1.075385193966858,3.6588323676472445,2.8122372527177184,False
24.0,15.0,27.0,525.780356685791,180.0,20.0,5.0,3.0,LC5,2134.5667147678614,-0.2893171295585498,LC5,3201.850072151792,-0.4184612152221576,LC5,132.8863155275736,2.1130777909502867,LC5,199.32947329136042,1.075385193966858,3.6588323676472445,2.8122372527177184,False
24.0,15.0,27.0,525.780356685791,180.0,25.0,5.0,1.0,LC5,842.0964156550347,0.8014564268391804,LC5,1263.1446234825519,0.47409882081940413,LC5,106.30905242205888,2.8913472386878585,LC5,159.46357863308833,1.5942314924585723,3.6588323676472445,2.8122372527177184,True
24.0,15.0,27.0,525.780356685791,180.0,25.0,5.0,1.5,LC5,1253.3369653727523,0.2103688328931017,LC5,1880.0054480591284,-0.009577338234693311,LC5,106.30905242205888,2.8913472386878585,LC5,159.46357863308833,1.5942314924585723,3.6588323676472445,2.8122372527177184,False
24.0,15.0,27.0,525.780356685791,180.0,25.0,5.0,2.0,LC5,1664.5775150904703,-0.08865764060404813,LC5,2496.866272635705,-0.25426522821566133,LC5,106.30905242205888,2.8913472386878585,LC5,159.46357863308833,1.5942314924585723,3.6588323676472445,2.8122372527177184,False
24.0,15.0,27.0,525.780356685791,180.0,25.0,5.0,2.5,LC5,2075.818064808188,-0.2692037776729843,LC5,3113.7270972122815,-0.4020028275223453,LC5,106.30905242205888,2.8913472386878585,LC5,159.46357863308833,1.5942314924585723,3.6588323676472445,2.8122372527177184,False
24.0,15.0,27.0,525.780356685791,180.0,25.0,5.0,3.0,LC5,2487.058614525906,-0.3900425220620797,LC5,3730.5879217888582,-0.500882960263499,LC5,106.30905242205888,2.8913472386878585,LC5,159.46357863308833,1.5942314924585723,3.6588323676472445,2.8122372527177184,False
24.0,15.0,27.0,525.780356685791,180.0,30.0,5.0,1.0,LC5,959.5937155743824,0.580877381102868,LC5,1439.3905733615736,0.29360302509933645,LC5,88.5908770183824,3.6696166864254307,LC5,132.8863155275736,2.1130777909502867,3.6588323676472445,2.8122372527177184,True
24.0,15.0,27.0,525.780356685791,180.0,30.0,5.0,1.5,LC5,1429.5829152517742,0.0611486635826437,LC5,2144.374372877661,-0.1316814715047756,LC5,88.5908770183824,3.6696166864254307,LC5,132.8863155275736,2.1130777909502867,3.6588323676472445,2.8122372527177184,False
24.0,15.0,27.0,525.780356685791,180.0,30.0,5.0,2.0,LC5,1899.5721149291658,-0.20139910031445774,LC5,2849.3581723937486,-0.34651950111426955,LC5,88.5908770183824,3.6696166864254307,LC5,132.8863155275736,2.1130777909502867,3.6588323676472445,2.8122372527177184,False
24.0,15.0,27.0,525.780356685791,180.0,30.0,5.0,2.5,LC5,2369.5613146065575,-0.35979711069351117,LC5,3554.3419719098365,-0.47613369374261394,LC5,88.5908770183824,3.6696166864254307,LC5,132.8863155275736,2.1130777909502867,3.6588323676472445,2.8122372527177184,False
24.0,15.0,27.0,525.780356685791,180.0,30.0,5.0,3.0,LC5,2839.5505142839493,-0.4657605165433929,LC5,4259.325771425923,-0.5628416092304098,LC5,88.5908770183824,3.6696166864254307,LC5,132.8863155275736,2.1130777909502867,3.6588323676472445,2.8122372527177184,False
24.0,20.0,32.0,530.780356685791,120.0,20.0,5.0,1.0,LC5,1050.6460404653244,0.44387352312119344,LC5,1575.9690606979864,0.18149527578627245,LC5,194.34471293494408,1.128616885649885,LC5,291.5170694024161,0.41907792376659025,2.185551377487091,1.6066783849180242,True
24.0,20.0,32.0,530.780356685791,120.0,20.0,5.0,1.5,LC5,1566.1614025881872,-0.031389742147230004,LC5,2349.24210388228,-0.20740395512113452,LC5,194.34471293494408,1.128616885649885,LC5,291.5170694024161,0.41907792376659025,2.185551377487091,1.6066783849180242,False
24.0,20.0,32.0,530.780356685791,120.0,20.0,5.0,2.0,LC5,2081.6767647110496,-0.2712605406773757,LC5,3122.515147066574,-0.4036858390425284,LC5,194.34471293494408,1.128616885649885,LC5,291.5170694024161,0.41907792376659025,2.185551377487091,1.6066783849180242,False
24.0,20.0,32.0,530.780356685791,120.0,20.0,5.0,2.5,LC5,2597.192126833912,-0.4159076703157545,LC5,3895.7881902508684,-0.5220479376523556,LC5,194.34471293494408,1.128616885649885,LC5,291.5170694024161,0.41907792376659025,2.185551377487091,1.6066783849180242,False
24.0,20.0,32.0,530.780356685791,120.0,20.0,5.0,3.0,LC5,3112.7074889567753,-0.5126429305092131,LC5,4669.061233435162,-0.6012046304584286,LC5,194.34471293494408,1.128616885649885,LC5,291.5170694024161,0.41907792376659025,2.185551377487091,1.6066783849180242,False
24.0,20.0,32.0,530.780356685791,120.0,25.0,5.0,1.0,LC5,1222.484494506279,0.2409155345668954,LC5,1833.726741759418,0.015418468628239701,LC5,155.47577034795526,1.6607711070623568,LC5,233.21365552193285,0.773847404708238,2.185551377487091,1.6066783849180242,True
24.0,20.0,32.0,530.780356685791,120.0,25.0,5.0,1.5,LC5,1823.9190836496186,-0.1682745064739829,LC5,2735.8786254744273,-0.31941425227622755,LC5,155.47577034795526,1.6607711070623568,LC5,233.21365552193285,0.773847404708238,2.185551377487091,1.6066783849180242,False
24.0,20.0,32.0,530.780356685791,120.0,25.0,5.0,2.0,LC5,2425.3536727929586,-0.3745242118634714,LC5,3638.0305091894375,-0.48818461106999944,LC5,155.47577034795526,1.6607711070623568,LC5,233.21365552193285,0.773847404708238,2.185551377487091,1.6066783849180242,False
24.0,20.0,32.0,530.780356685791,120.0,25.0,5.0,2.5,LC5,3026.7882619362986,-0.49880868144058943,LC5,4540.182392904448,-0.5898843176630971,LC5,155.47577034795526,1.6607711070623568,LC5,233.21365552193285,0.773847404708238,2.185551377487091,1.6066783849180242,False
24.0,20.0,32.0,530.780356685791,120.0,25.0,5.0,3.0,LC5,3628.2228510796385,-0.5818889681628594,LC5,5442.334276619456,-0.6578673956138185,LC5,155.47577034795526,1.6607711070623568,LC5,233.21365552193285,0.773847404708238,2.185551377487091,1.6066783849180242,False
24.0,20.0,32.0,530.780356685791,120.0,30.0,5.0,1.0,LC5,1394.3229485472327,0.08798324059758644,LC5,2091.484422820849,-0.10972322830467762,LC5,129.56314195662938,2.192925328474828,LC5,194.34471293494406,1.1286168856498855,2.185551377487091,1.6066783849180242,False
24.0,20.0,32.0,530.780356685791,120.0,30.0,5.0,1.5,LC5,2081.6767647110496,-0.2712605406773757,LC5,3122.5151470665746,-0.4036858390425285,LC5,129.56314195662938,2.192925328474828,LC5,194.34471293494406,1.1286168856498855,2.185551377487091,1.6066783849180242,False
24.0,20.0,32.0,530.780356685791,120.0,30.0,5.0,2.0,LC5,2769.0305808748667,-0.4521548405865895,LC5,4153.5458713123,-0.5517083336287539,LC5,129.56314195662938,2.192925328474828,LC5,194.34471293494406,1.1286168856498855,2.185551377487091,1.6066783849180242,False
24.0,20.0,32.0,530.780356685791,120.0,30.0,5.0,2.5,LC5,3456.3843970386833,-0.5611020576010828,LC5,5184.576595558025,-0.6408578471778581,LC5,129.56314195662938,2.192925328474828,LC5,194.34471293494406,1.1286168856498855,2.185551377487091,1.6066783849180242,False
24.0,20.0,32.0,530.780356685791,120.0,30.0,5.0,3.0,LC5,4143.7382132025,-0.6339054443240076,LC5,6215.607319803751,-0.7004315259640967,LC5,129.56314195662938,2.192925328474828,LC5,194.34471293494406,1.1286168856498855,2.185551377487091,1.6066783849180242,False
24.0,20.0,32.0,530.780356685791,150.0,20.0,5.0,1.0,LC5,856.6446878475149,0.7708625542425942,LC5,1284.9670317712719,0.4490644148537515,LC5,157.77631948470847,1.6219741906845258,LC5,236.66447922706266,0.7479827937896841,2.923878247503717,2.2108377485616004,True
24.0,20.0,32.0,530.780356685791,150.0,20.0,5.0,1.5,LC5,1275.1593736614727,0.18965521591556822,LC5,1912.7390604922086,-0.026526911872209014,LC5,157.77631948470847,1.6219741906845258,LC5,236.66447922706266,0.7479827937896841,2.923878247503717,2.2108377485616004,False
24.0,20.0,32.0,530.780356685791,150.0,20.0,5.0,2.0,LC5,1693.6740594754306,-0.10431408480693771,LC5,2540.511089213145,-0.26707660993650517,LC5,157.77631948470847,1.6219741906845258,LC5,236.66447922706266,0.7479827937896841,2.923878247503717,2.2108377485616004,False
24.0,20.0,32.0,530.780356685791,150.0,20.0,5.0,2.5,LC5,2112.188745289388,-0.28178767007294225,LC5,3168.283117934082,-0.4122999963418231,LC5,157.77631948470847,1.6219741906845258,LC5,236.66447922706266,0.7479827937896841,2.923878247503717,2.2108377485616004,False
24.0,20.0,32.0,530.780356685791,150.0,20.0,5.0,3.0,LC5,2530.7034311033462,-0.40056192228790233,LC5,3796.0551466550187,-0.5094907929246644,LC5,157.77631948470847,1.6219741906845258,LC5,236.66447922706266,0.7479827937896841,2.923878247503717,2.2108377485616004,False
24.0,20.0,32.0,530.780356685791,150.0,25.0,5.0,1.0,LC5,996.1495831188342,0.522863659943962,LC5,1494.2243746782513,0.2461314589389838,LC5,126.22105558776677,2.277467738355657,LC5,189.33158338165012,1.184978492237105,2.923878247503717,2.2108377485616004,True
24.0,20.0,32.0,530.780356685791,150.0,25.0,5.0,1.5,LC5,1484.4167165684519,0.02195022669029978,LC5,2226.6250748526772,-0.16375683493854587,LC5,126.22105558776677,2.277467738355657,LC5,189.33158338165012,1.184978492237105,2.923878247503717,2.2108377485616004,False
24.0,20.0,32.0,530.780356685791,150.0,25.0,5.0,2.0,LC5,1972.6838500180693,-0.23099689796410883,LC5,2959.025775027104,-0.3707388371826722,LC5,126.22105558776677,2.277467738355657,LC5,189.33158338165012,1.184978492237105,2.923878247503717,2.2108377485616004,False
24.0,20.0,32.0,530.780356685791,150.0,25.0,5.0,2.5,LC5,2460.950983467687,-0.3835716313770624,LC5,3691.42647520153,-0.4955879488569942,LC5,126.22105558776677,2.277467738355657,LC5,189.33158338165012,1.184978492237105,2.923878247503717,2.2108377485616004,False
24.0,20.0,32.0,530.780356685791,150.0,25.0,5.0,3.0,LC5,2949.2181169173045,-0.48562637965019106,LC5,4423.827175375956,-0.5790974813925096,LC5,126.22105558776677,2.277467738355657,LC5,189.33158338165012,1.184978492237105,2.923878247503717,2.2108377485616004,False
24.0,20.0,32.0,530.780356685791,150.0,30.0,5.0,1.0,LC5,1135.6544783901534,0.335793614049251,LC5,1703.4817175852302,0.09305546445163926,LC5,105.18421298980564,2.932961286026788,LC5,157.77631948470844,1.6219741906845262,2.923878247503717,2.2108377485616004,True
24.0,20.0,32.0,530.780356685791,150.0,30.0,5.0,1.5,LC5,1693.674059475431,-0.10431408480693793,LC5,2540.5110892131456,-0.2670766099365054,LC5,105.18421298980564,2.932961286026788,LC5,157.77631948470844,1.6219741906845262,2.923878247503717,2.2108377485616004,False
24.0,20.0,32.0,530.780356685791,150.0,30.0,5.0,2.0,LC5,2251.693640560708,-0.3262849027622414,LC5,3377.5404608410618,-0.4487112673888347,LC5,105.18421298980564,2.932961286026788,LC5,157.77631948470844,1.6219741906845262,2.923878247503717,2.2108377485616004,False
24.0,20.0,32.0,530.780356685791,150.0,30.0,5.0,2.5,LC5,2809.713221645985,-0.46008724722756167,LC5,4214.5698324689765,-0.5581992767909116,LC5,105.18421298980564,2.932961286026788,LC5,157.77631948470844,1.6219741906845262,2.923878247503717,2.2108377485616004,False
24.0,20.0,32.0,530.780356685791,150.0,30.0,5.0,3.0,LC5,3367.732802731263,-0.54954858688026,LC5,5051.599204096893,-0.6314038535579187,LC5,105.18421298980564,2.932961286026788,LC5,157.77631948470844,1.6219741906845262,2.923878247503717,2.2108377485616004,False
24.0,20.0,32.0,530.780356685791,180.0,20.0,5.0,1.0,LC5,727.3117678426514,1.0857630346058031,LC5,1090.9676517639768,0.70674171410064,LC5,133.39763840343275,2.1011451367602034,LC5,200.09645760514908,1.0674300911734695,3.6409747234424295,2.797624669325337,True
24.0,20.0,32.0,530.780356685791,180.0,20.0,5.0,1.5,LC5,1081.1599936541777,0.403122580287808,LC5,1621.7399904812655,0.14814952515750401,LC5,133.39763840343275,2.1011451367602034,LC5,200.09645760514908,1.0674300911734695,3.6409747234424295,2.797624669325337,True
24.0,20.0,32.0,530.780356685791,180.0,20.0,5.0,2.0,LC5,1435.0082194657034,0.05713680202112337,LC5,2152.512329198555,-0.13496430438877982,LC5,133.39763840343275,2.1011451367602034,LC5,200.09645760514908,1.0674300911734695,3.6409747234424295,2.797624669325337,False
24.0,20.0,32.0,530.780356685791,180.0,20.0,5.0,2.5,LC5,1788.8564452772298,-0.15197219765451808,LC5,2683.2846679158442,-0.30607437136133264,LC5,133.39763840343275,2.1011451367602034,LC5,200.09645760514908,1.0674300911734695,3.6409747234424295,2.797624669325337,False
24.0,20.0,32.0,530.780356685791,180.0,20.0,5.0,3.0,LC5,2142.704671088756,-0.2920162911535642,LC5,3214.0570066331325,-0.4206698897507958,LC5,133.39763840343275,2.1011451367602034,LC5,200.09645760514908,1.0674300911734695,3.6409747234424295,2.797624669325337,False
24.0,20.0,32.0,530.780356685791,180.0,25.0,5.0,1.0,LC5,845.2611764464936,0.794711554572421,LC5,1267.89176466974,0.46857961529942815,LC5,106.71811072274619,2.876431420950255,LC5,160.07716608411926,1.5842876139668371,3.6409747234424295,2.797624669325337,True
24.0,20.0,32.0,530.780356685791,180.0,25.0,5.0,1.5,LC5,1258.0841065599404,0.2058017362193929,LC5,1887.126159839911,-0.013314509848161182,LC5,106.71811072274619,2.876431420950255,LC5,160.07716608411926,1.5842876139668371,3.6409747234424295,2.797624669325337,False
24.0,20.0,32.0,530.780356685791,180.0,25.0,5.0,2.0,LC5,1670.907036673388,-0.09210987403572235,LC5,2506.3605550100815,-0.25709012764426054,LC5,106.71811072274619,2.876431420950255,LC5,160.07716608411926,1.5842876139668371,3.6409747234424295,2.797624669325337,False
24.0,20.0,32.0,530.780356685791,180.0,25.0,5.0,2.5,LC5,2083.729966786835,-0.27197860366751225,LC5,3125.5949501802525,-0.4042734168441695,LC5,106.71811072274619,2.876431420950255,LC5,160.07716608411926,1.5842876139668371,3.6409747234424295,2.797624669325337,False
24.0,20.0,32.0,530.780356685791,180.0,25.0,5.0,3.0,LC5,2496.552896900282,-0.39236216389265943,LC5,3744.8293453504234,-0.5027810807155051,LC5,106.71811072274619,2.876431420950255,LC5,160.07716608411926,1.5842876139668371,3.6409747234424295,2.797624669325337,False
24.0,20.0,32.0,530.780356685791,180.0,30.0,5.0,1.0,LC5,963.2105850503355,0.5749411640038451,LC5,1444.8158775755028,0.2887455273017625,LC5,88.93175893562183,3.651717705140306,LC5,133.39763840343272,2.1011451367602043,3.6409747234424295,2.797624669325337,True
24.0,20.0,32.0,530.780356685791,180.0,30.0,5.0,1.5,LC5,1435.0082194657034,0.05713680202112337,LC5,2152.512329198555,-0.13496430438877982,LC5,88.93175893562183,3.651717705140306,LC5,133.39763840343272,2.1011451367602043,3.6409747234424295,2.797624669325337,False
24.0,20.0,32.0,530.780356685791,180.0,30.0,5.0,2.0,LC5,1906.8058538810715,-0.2044287063036171,LC5,2860.208780821607,-0.3489985722422918,LC5,88.93175893562183,3.651717705140306,LC5,133.39763840343272,2.1011451367602043,3.6409747234424295,2.797624669325337,False
24.0,20.0,32.0,530.780356685791,180.0,30.0,5.0,2.5,LC5,2378.60348829644,-0.36223081843435867,LC5,3567.9052324446598,-0.47812515224116714,LC5,88.93175893562183,3.651717705140306,LC5,133.39763840343272,2.1011451367602043,3.6409747234424295,2.797624669325337,False
24.0,20.0,32.0,530.780356685791,180.0,30.0,5.0,3.0,LC5,2850.401122711808,-0.46779420344994815,LC5,4275.601684067711,-0.5645057380021108,LC5,88.93175893562183,3.651717705140306,LC5,133.39763840343272,2.1011451367602043,3.6409747234424295,2.797624669325337,False
26.0,5.0,18.0,516.780356685791,120.0,20.0,5.0,1.0,LC5,818.688843264691,0.8529628350016949,LC5,1228.033264897036,0.516245571862517,LC5,177.41334108016295,1.3317605940535264,LC5,266.12001162024427,0.5545070627023516,2.7803601441711003,2.0933995115124553,True
26.0,5.0,18.0,516.780356685791,120.0,20.0,5.0,1.5,LC5,1219.6764437857278,0.24377248386581596,LC5,1829.514665678591,0.017756257946891063,LC5,177.41334108016295,1.3317605940535264,LC5,266.12001162024427,0.5545070627023516,2.7803601441711003,2.0933995115124553,True
26.0,5.0,18.0,516.780356685791,120.0,20.0,5.0,2.0,LC5,1620.664044306765,-0.0639639317420082,LC5,2430.9960664601463,-0.23405881823934016,LC5,177.41334108016295,1.3317605940535264,LC5,266.12001162024427,0.5545070627023516,2.7803601441711003,2.0933995115124553,False
26.0,5.0,18.0,516.780356685791,120.0,20.0,5.0,2.5,LC5,2021.6516448278019,-0.24962344334589182,LC5,3032.477467241702,-0.3859805983344541,LC5,177.41334108016295,1.3317605940535264,LC5,266.12001162024427,0.5545070627023516,2.7803601441711003,2.0933995115124553,False
26.0,5.0,18.0,516.780356685791,120.0,20.0,5.0,3.0,LC5,2422.639245348839,-0.37382340234417966,LC5,3633.958868023257,-0.4876111514677487,LC5,177.41334108016295,1.3317605940535264,LC5,266.12001162024427,0.5545070627023516,2.7803601441711003,2.0933995115124553,False
26.0,5.0,18.0,516.780356685791,120.0,25.0,5.0,1.0,LC5,952.3513767717034,0.5928994665208045,LC5,1428.5270651575545,0.30344047754855596,LC5,141.93067286413034,1.9147007425669083,LC5,212.89600929619542,0.9431338283779396,2.7803601441711003,2.0933995115124553,True
26.0,5.0,18.0,516.780356685791,120.0,25.0,5.0,1.5,LC5,1420.1702440462464,0.06818179465433194,LC5,2130.255366069369,-0.1259263890809199,LC5,141.93067286413034,1.9147007425669083,LC5,212.89600929619542,0.9431338283779396,2.7803601441711003,2.0933995115124553,False
26.0,5.0,18.0,516.780356685791,120.0,25.0,5.0,2.0,LC5,1887.9891113207896,-0.1964996032531432,LC5,2831.9836669811834,-0.3425103323477706,LC5,141.93067286413034,1.9147007425669083,LC5,212.89600929619542,0.9431338283779396,2.7803601441711003,2.0933995115124553,False
26.0,5.0,18.0,516.780356685791,120.0,25.0,5.0,2.5,LC5,2355.807978595333,-0.3560595711605826,LC5,3533.7119678929976,-0.4730753335535065,LC5,141.93067286413034,1.9147007425669083,LC5,212.89600929619542,0.9431338283779396,2.7803601441711003,2.0933995115124553,False
26.0,5.0,18.0,516.780356685791,120.0,25.0,5.0,3.0,LC5,2823.626845869876,-0.4627477061216787,LC5,4235.440268804812,-0.5603762816078073,LC5,141.93067286413034,1.9147007425669083,LC5,212.89600929619542,0.9431338283779396,2.7803601441711003,2.0933995115124553,False
26.0,5.0,18.0,516.780356685791,120.0,30.0,5.0,1.0,LC5,1086.013910278716,0.3968513530463669,LC5,1629.0208654180728,0.14301789469230353,LC5,118.27556072010863,2.4976408910802896,LC5,177.41334108016287,1.3317605940535273,2.7803601441711003,2.0933995115124553,True
26.0,5.0,18.0,516.780356685791,120.0,30.0,5.0,1.5,LC5,1620.664044306765,-0.0639639317420082,LC5,2430.9960664601463,-0.23405881823934016,LC5,118.27556072010863,2.4976408910802896,LC5,177.41334108016287,1.3317605940535273,2.7803601441711003,2.0933995115124553,False
26.0,5.0,18.0,516.780356685791,120.0,30.0,5.0,2.0,LC5,2155.3141783348146,-0.2961582978255045,LC5,3232.9712675022206,-0.42405921799652335,LC5,118.27556072010863,2.4976408910802896,LC5,177.41334108016287,1.3317605940535273,2.7803601441711003,2.0933995115124553,False
26.0,5.0,18.0,516.780356685791,120.0,30.0,5.0,2.5,LC5,2689.964312362864,-0.43605199778004955,LC5,4034.946468544294,-0.5385316721012752,LC5,118.27556072010863,2.4976408910802896,LC5,177.41334108016287,1.3317605940535273,2.7803601441711003,2.0933995115124553,False
26.0,5.0,18.0,516.780356685791,120.0,30.0,5.0,3.0,LC5,3224.614446390913,-0.5295561608309878,LC5,4836.921669586367,-0.6150444172565586,LC5,118.27556072010863,2.4976408910802896,LC5,177.41334108016287,1.3317605940535273,2.7803601441711003,2.0933995115124553,False
26.0,5.0,18.0,516.780356685791,150.0,20.0,5.0,1.0,LC5,667.8922396262698,1.2713244891853552,LC5,1001.8383594394046,0.8585832559275464,LC5,144.05404363521637,1.871737766956855,LC5,216.08106545282456,0.9144918446379033,3.655796579803339,2.8097531230911086,True
26.0,5.0,18.0,516.780356685791,150.0,20.0,5.0,1.5,LC5,993.4815383280962,0.5269533871287826,LC5,1490.2223074921442,0.24947800783730756,LC5,144.05404363521637,1.871737766956855,LC5,216.08106545282456,0.9144918446379033,3.655796579803339,2.8097531230911086,True
26.0,5.0,18.0,516.780356685791,150.0,20.0,5.0,2.0,LC5,1319.0708370299226,0.15005195885896727,LC5,1978.6062555448837,-0.058933532236696395,LC5,144.05404363521637,1.871737766956855,LC5,216.08106545282456,0.9144918446379033,3.655796579803339,2.8097531230911086,False
26.0,5.0,18.0,516.780356685791,150.0,20.0,5.0,2.5,LC5,1644.6601357317488,-0.07762098257154493,LC5,2466.990203597624,-0.24523413295900554,LC5,144.05404363521637,1.871737766956855,LC5,216.08106545282456,0.9144918446379033,3.655796579803339,2.8097531230911086,False
26.0,5.0,18.0,516.780356685791,150.0,20.0,5.0,3.0,LC5,1970.2494344335753,-0.23004672733931242,LC5,2955.374151650363,-0.3699613299520105,LC5,144.05404363521637,1.871737766956855,LC5,216.08106545282456,0.9144918446379033,3.655796579803339,2.8097531230911086,False
26.0,5.0,18.0,516.780356685791,150.0,25.0,5.0,1.0,LC5,776.4220058602119,0.9538343691318851,LC5,1164.633008790318,0.598786901922026,LC5,115.24323490817311,2.5896722086960686,LC5,172.86485236225965,1.3931148057973792,3.655796579803339,2.8097531230911086,True
26.0,5.0,18.0,516.780356685791,150.0,25.0,5.0,1.5,LC5,1156.2761876790094,0.31197028544284966,LC5,1734.4142815185141,0.07356127070735496,LC5,115.24323490817311,2.5896722086960686,LC5,172.86485236225965,1.3931148057973792,3.655796579803339,2.8097531230911086,True
26.0,5.0,18.0,516.780356685791,150.0,25.0,5.0,2.0,LC5,1536.130369497807,-0.01245361062945527,LC5,2304.195554246711,-0.1919088653008333,LC5,115.24323490817311,2.5896722086960686,LC5,172.86485236225965,1.3931148057973792,3.655796579803339,2.8097531230911086,False
26.0,5.0,18.0,516.780356685791,150.0,25.0,5.0,2.5,LC5,1915.9845513166042,-0.20823996260430944,LC5,2873.976826974907,-0.3521172535131727,LC5,115.24323490817311,2.5896722086960686,LC5,172.86485236225965,1.3931148057973792,3.655796579803339,2.8097531230911086,False
26.0,5.0,18.0,516.780356685791,150.0,25.0,5.0,3.0,LC5,2295.838733135402,-0.3392393036560327,LC5,3443.758099703103,-0.45931161652715136,LC5,115.24323490817311,2.5896722086960686,LC5,172.86485236225965,1.3931148057973792,3.655796579803339,2.8097531230911086,False
26.0,5.0,18.0,516.780356685791,150.0,30.0,5.0,1.0,LC5,884.9517720941542,0.7142177097517572,LC5,1327.427658141231,0.4027129754154133,LC5,96.03602909014425,3.3076066504352823,LC5,144.05404363521637,1.871737766956855,3.655796579803339,2.8097531230911086,True
26.0,5.0,18.0,516.780356685791,150.0,30.0,5.0,1.5,LC5,1319.0708370299226,0.15005195885896727,LC5,1978.6062555448839,-0.058933532236696506,LC5,96.03602909014425,3.3076066504352823,LC5,144.05404363521637,1.871737766956855,3.655796579803339,2.8097531230911086,False
26.0,5.0,18.0,516.780356685791,150.0,30.0,5.0,2.0,LC5,1753.1899019656914,-0.1347200903341237,LC5,2629.784852948537,-0.29195728771792495,LC5,96.03602909014425,3.3076066504352823,LC5,144.05404363521637,1.871737766956855,3.655796579803339,2.8097531230911086,False
26.0,5.0,18.0,516.780356685791,150.0,30.0,5.0,2.5,LC5,2187.30896690146,-0.3064537187222429,LC5,3280.9634503521897,-0.43248377247234293,LC5,96.03602909014425,3.3076066504352823,LC5,144.05404363521637,1.871737766956855,3.655796579803339,2.8097531230911086,False
26.0,5.0,18.0,516.780356685791,150.0,30.0,5.0,3.0,LC5,2621.4280318372284,-0.4213077827901267,LC5,3932.1420477558427,-0.5264667508482601,LC5,96.03602909014425,3.3076066504352823,LC5,144.05404363521637,1.871737766956855,3.655796579803339,2.8097531230911086,False
26.0,5.0,18.0,516.780356685791,180.0,20.0,5.0,1.0,LC5,567.3622394130414,1.6737768124459542,LC5,851.0433591195624,1.1879026256973697,LC5,121.81474846319193,2.3960209482770685,LC5,182.72212269478794,1.264013965518045,4.5057891768034875,3.5052865072327366,True
26.0,5.0,18.0,516.780356685791,180.0,20.0,5.0,1.5,LC5,842.6865380082536,0.8001948904814971,LC5,1264.0298070123806,0.4730665287086562,LC5,121.81474846319193,2.3960209482770685,LC5,182.72212269478794,1.264013965518045,4.5057891768034875,3.5052865072327366,True
26.0,5.0,18.0,516.780356685791,180.0,20.0,5.0,2.0,LC5,1118.0108366034656,0.3568741467736303,LC5,1677.0162549051993,0.11030527852889405,LC5,121.81474846319193,2.3960209482770685,LC5,182.72212269478794,1.264013965518045,4.5057891768034875,3.5052865072327366,True
26.0,5.0,18.0,516.780356685791,180.0,20.0,5.0,2.5,LC5,1393.335135198678,0.0887545728786121,LC5,2090.0027027980177,-0.10909206121732584,LC5,121.81474846319193,2.3960209482770685,LC5,182.72212269478794,1.264013965518045,4.5057891768034875,3.5052865072327366,False
26.0,5.0,18.0,516.780356685791,180.0,20.0,5.0,3.0,LC5,1668.65943379389,-0.0908869903123819,LC5,2502.989150690836,-0.256089464276711,LC5,121.81474846319193,2.3960209482770685,LC5,182.72212269478794,1.264013965518045,4.5057891768034875,3.5052865072327366,False
26.0,5.0,18.0,516.780356685791,180.0,25.0,5.0,1.0,LC5,659.1370056114456,1.3014942069483135,LC5,988.7055084171686,0.883270583756431,LC5,97.45179877055354,3.245026185346336,LC5,146.17769815583034,1.8300174568975565,4.5057891768034875,3.5052865072327366,True
26.0,5.0,18.0,516.780356685791,180.0,25.0,5.0,1.5,LC5,980.3486873058599,0.5474086104699498,LC5,1470.5230309587903,0.2662161426917362,LC5,97.45179877055354,3.245026185346336,LC5,146.17769815583034,1.8300174568975565,4.5057891768034875,3.5052865072327366,True
26.0,5.0,18.0,516.780356685791,180.0,25.0,5.0,2.0,LC5,1301.560369000274,0.1655241171527102,LC5,1952.3405535004117,-0.0462729483021993,LC5,97.45179877055354,3.245026185346336,LC5,146.17769815583034,1.8300174568975565,4.5057891768034875,3.5052865072327366,False
26.0,5.0,18.0,516.780356685791,180.0,25.0,5.0,2.5,LC5,1622.7720506946882,-0.06517985729998776,LC5,2434.1580760420334,-0.23505378786753583,LC5,97.45179877055354,3.245026185346336,LC5,146.17769815583034,1.8300174568975565,4.5057891768034875,3.5052865072327366,False
26.0,5.0,18.0,516.780356685791,180.0,25.0,5.0,3.0,LC5,1943.9837323891027,-0.21964367565172538,LC5,2915.9755985836555,-0.3614487031700785,LC5,97.45179877055354,3.245026185346336,LC5,146.17769815583034,1.8300174568975565,4.5057891768034875,3.5052865072327366,False
26.0,5.0,18.0,516.780356685791,180.0,30.0,5.0,1.0,LC5,750.9117718098495,1.0202107051055047,LC5,1126.3676577147746,0.6531014427187205,LC5,81.20983230879462,4.094031422415603,LC5,121.81474846319196,2.3960209482770676,4.5057891768034875,3.5052865072327366,True
26.0,5.0,18.0,516.780356685791,180.0,30.0,5.0,1.5,LC5,1118.0108366034656,0.3568741467736303,LC5,1677.0162549051993,0.11030527852889405,LC5,81.20983230879462,4.094031422415603,LC5,121.81474846319196,2.3960209482770676,4.5057891768034875,3.5052865072327366,True
26.0,5.0,18.0,516.780356685791,180.0,30.0,5.0,2.0,LC5,1485.1099013970818,0.0214732246905891,LC5,2227.664852095624,-0.16414715694402293,LC5,81.20983230879462,4.094031422415603,LC5,121.81474846319196,2.3960209482770676,4.5057891768034875,3.5052865072327366,False
26.0,5.0,18.0,516.780356685791,180.0,30.0,5.0,2.5,LC5,1852.2089661906984,-0.18097794164127068,LC5,2778.3134492860486,-0.3298092407541404,LC5,81.20983230879462,4.094031422415603,LC5,121.81474846319196,2.3960209482770676,4.5057891768034875,3.5052865072327366,False
26.0,5.0,18.0,516.780356685791,180.0,30.0,5.0,3.0,LC5,2219.3080309843144,-0.31645360679059253,LC5,3328.9620464764735,-0.4406664978440272,LC5,81.20983230879462,4.094031422415603,LC5,121.81474846319196,2.3960209482770676,4.5057891768034875,3.5052865072327366,False
26.0,10.0,23.0,521.780356685791,120.0,20.0,5.0,1.0,LC5,821.8881613031185,0.8457499102977333,LC5,1232.8322419546776,0.5103433676002549,LC5,178.1210957609036,1.3224954676081824,LC5,267.1816436413554,0.5483303117387883,2.7653390846189296,2.081108053421423,True
26.0,10.0,23.0,521.780356685791,120.0,20.0,5.0,1.5,LC5,1224.475420843369,0.2388978775540893,LC5,1836.7131312650533,0.01376745682518754,LC5,178.1210957609036,1.3224954676081824,LC5,267.1816436413554,0.5483303117387883,2.7653390846189296,2.081108053421423,True
26.0,10.0,23.0,521.780356685791,120.0,20.0,5.0,2.0,LC5,1627.0626803836199,-0.0676450155919438,LC5,2440.59402057543,-0.23707098177640062,LC5,178.1210957609036,1.3224954676081824,LC5,267.1816436413554,0.5483303117387883,2.7653390846189296,2.081108053421423,False
26.0,10.0,23.0,521.780356685791,120.0,20.0,5.0,2.5,LC5,2029.6499399238705,-0.2525804720508106,LC5,3044.474909885806,-0.38840028079921307,LC5,178.1210957609036,1.3224954676081824,LC5,267.1816436413554,0.5483303117387883,2.7653390846189296,2.081108053421423,False
26.0,10.0,23.0,521.780356685791,120.0,20.0,5.0,3.0,LC5,2432.237199464121,-0.37629438430831064,LC5,3648.355799196181,-0.48963311078095983,LC5,178.1210957609036,1.3224954676081824,LC5,267.1816436413554,0.5483303117387883,2.7653390846189296,2.081108053421423,False
26.0,10.0,23.0,521.780356685791,120.0,25.0,5.0,1.0,LC5,956.0839144832022,0.5866808101462444,LC5,1434.1258717248027,0.2983518648614847,LC5,142.49687660872286,1.9031193345102282,LC5,213.7453149130843,0.9354128896734857,2.7653390846189296,2.081108053421423,True
26.0,10.0,23.0,521.780356685791,120.0,25.0,5.0,1.5,LC5,1425.7690506134945,0.06398718596623332,LC5,2138.6535759202416,-0.12935876059366003,LC5,142.49687660872286,1.9031193345102282,LC5,213.7453149130843,0.9354128896734857,2.7653390846189296,2.081108053421423,False
26.0,10.0,23.0,521.780356685791,120.0,25.0,5.0,2.0,LC5,1895.4541867437872,-0.19966411712326115,LC5,2843.1812801156802,-0.34509979612547215,LC5,142.49687660872286,1.9031193345102282,LC5,213.7453149130843,0.9354128896734857,2.7653390846189296,2.081108053421423,False
26.0,10.0,23.0,521.780356685791,120.0,25.0,5.0,2.5,LC5,2365.1393228740803,-0.35860015292605874,LC5,3547.7089843111194,-0.47515424511022675,LC5,142.49687660872286,1.9031193345102282,LC5,213.7453149130843,0.9354128896734857,2.7653390846189296,2.081108053421423,False
26.0,10.0,23.0,521.780356685791,120.0,25.0,5.0,3.0,LC5,2834.824459004373,-0.46486986339436687,LC5,4252.236688506558,-0.5621128040607826,LC5,142.49687660872286,1.9031193345102282,LC5,213.7453149130843,0.9354128896734857,2.7653390846189296,2.081108053421423,False
26.0,10.0,23.0,521.780356685791,120.0,30.0,5.0,1.0,LC5,1090.2796676632856,0.39138612320568344,LC5,1635.4195014949285,0.13854579714743243,LC5,118.74739717393572,2.4837432014122736,LC5,178.12109576090356,1.3224954676081828,2.7653390846189296,2.081108053421423,True
26.0,10.0,23.0,521.780356685791,120.0,30.0,5.0,1.5,LC5,1627.0626803836199,-0.0676450155919438,LC5,2440.59402057543,-0.23707098177640062,LC5,118.74739717393572,2.4837432014122736,LC5,178.12109576090356,1.3224954676081828,2.7653390846189296,2.081108053421423,False
26.0,10.0,23.0,521.780356685791,120.0,30.0,5.0,2.0,LC5,2163.845693103954,-0.29893337365294226,LC5,3245.7685396559314,-0.4263300117520451,LC5,118.74739717393572,2.4837432014122736,LC5,178.12109576090356,1.3224954676081828,2.7653390846189296,2.081108053421423,False
26.0,10.0,23.0,521.780356685791,120.0,30.0,5.0,2.5,LC5,2700.6287058242888,-0.43827894714724225,LC5,4050.943058736433,-0.5403539440071039,LC5,118.74739717393572,2.4837432014122736,LC5,178.12109576090356,1.3224954676081828,2.7653390846189296,2.081108053421423,False
26.0,10.0,23.0,521.780356685791,120.0,30.0,5.0,3.0,LC5,3237.411718544623,-0.5314157938855035,LC5,4856.117577816934,-0.61656612094696,LC5,118.74739717393572,2.4837432014122736,LC5,178.12109576090356,1.3224954676081828,2.7653390846189296,2.081108053421423,False
26.0,10.0,23.0,521.780356685791,150.0,20.0,5.0,1.0,LC5,670.4520416703638,1.2626525175768681,LC5,1005.6780625055457,0.8514871402892239,LC5,144.62032427900243,1.8604930852735269,LC5,216.93048641850365,0.9069953901823513,3.6375661720256502,2.7948355140899843,True
26.0,10.0,23.0,521.780356685791,150.0,20.0,5.0,1.5,LC5,997.3212413942371,0.5210745916523962,LC5,1495.9818620913557,0.24466749710251,LC5,144.62032427900243,1.8604930852735269,LC5,216.93048641850365,0.9069953901823513,3.6375661720256502,2.7948355140899843,True
26.0,10.0,23.0,521.780356685791,150.0,20.0,5.0,2.0,LC5,1324.1904411181104,0.1456056114701194,LC5,1986.2856616771658,-0.06257189692051768,LC5,144.62032427900243,1.8604930852735269,LC5,216.93048641850365,0.9069953901823513,3.6375661720256502,2.7948355140899843,False
26.0,10.0,23.0,521.780356685791,150.0,20.0,5.0,2.5,LC5,1651.0596408419838,-0.081196122493563,LC5,2476.5894612629763,-0.2481596045190133,LC5,144.62032427900243,1.8604930852735269,LC5,216.93048641850365,0.9069953901823513,3.6375661720256502,2.7948355140899843,False
26.0,10.0,23.0,521.780356685791,150.0,20.0,5.0,3.0,LC5,1977.928840565857,-0.23303610883897719,LC5,2966.8932608487858,-0.37240748611653507,LC5,144.62032427900243,1.8604930852735269,LC5,216.93048641850365,0.9069953901823513,3.6375661720256502,2.7948355140899843,False
26.0,10.0,23.0,521.780356685791,150.0,25.0,5.0,1.0,LC5,779.4084415783216,0.9463479211593309,LC5,1169.1126623674825,0.5926608785755543,LC5,115.69625942320194,2.575616356591909,LC5,173.5443891348029,1.3837442377279392,3.6375661720256502,2.7948355140899843,True
26.0,10.0,23.0,521.780356685791,150.0,25.0,5.0,1.5,LC5,1160.7558412561739,0.30690705666257734,LC5,1741.133761884261,0.06941812327212427,LC5,115.69625942320194,2.575616356591909,LC5,173.5443891348029,1.3837442377279392,3.6375661720256502,2.7948355140899843,True
26.0,10.0,23.0,521.780356685791,150.0,25.0,5.0,2.0,LC5,1542.103240934026,-0.01627857348825834,LC5,2313.1548614010394,-0.19503876239733575,LC5,115.69625942320194,2.575616356591909,LC5,173.5443891348029,1.3837442377279392,3.6375661720256502,2.7948355140899843,False
26.0,10.0,23.0,521.780356685791,150.0,25.0,5.0,2.5,LC5,1923.4506406118785,-0.21131326795190364,LC5,2885.175960917818,-0.3546320830263435,LC5,115.69625942320194,2.575616356591909,LC5,173.5443891348029,1.3837442377279392,3.6375661720256502,2.7948355140899843,False
26.0,10.0,23.0,521.780356685791,150.0,25.0,5.0,3.0,LC5,2304.798040289731,-0.3418078402178347,LC5,3457.197060434597,-0.4614134029820296,LC5,115.69625942320194,2.575616356591909,LC5,173.5443891348029,1.3837442377279392,3.6375661720256502,2.7948355140899843,False
26.0,10.0,23.0,521.780356685791,150.0,30.0,5.0,1.0,LC5,888.3648414862793,0.7076317399751912,LC5,1332.5472622294192,0.3973237968946628,LC5,96.41354951933495,3.2907396279102903,LC5,144.62032427900243,1.8604930852735269,3.6375661720256502,2.7948355140899843,True
26.0,10.0,23.0,521.780356685791,150.0,30.0,5.0,1.5,LC5,1324.1904411181104,0.1456056114701194,LC5,1986.2856616771658,-0.06257189692051768,LC5,96.41354951933495,3.2907396279102903,LC5,144.62032427900243,1.8604930852735269,3.6375661720256502,2.7948355140899843,False
26.0,10.0,23.0,521.780356685791,150.0,30.0,5.0,2.0,LC5,1760.0160407499413,-0.13807603744701802,LC5,2640.0240611249133,-0.2947033978142599,LC5,96.41354951933495,3.2907396279102903,LC5,144.62032427900243,1.8604930852735269,3.6375661720256502,2.7948355140899843,False
26.0,10.0,23.0,521.780356685791,150.0,30.0,5.0,2.5,LC5,2195.841640381773,-0.3091487236136702,LC5,3293.7624605726605,-0.4346890456465192,LC5,96.41354951933495,3.2907396279102903,LC5,144.62032427900243,1.8604930852735269,3.6375661720256502,2.7948355140899843,False
26.0,10.0,23.0,521.780356685791,150.0,30.0,5.0,3.0,LC5,2631.667240013604,-0.42355934027884234,LC5,3947.5008600204064,-0.528309159129512,LC5,96.41354951933495,3.2907396279102903,LC5,144.62032427900243,1.8604930852735269,3.6375661720256502,2.7948355140899843,False
26.0,10.0,23.0,521.780356685791,180.0,20.0,5.0,1.0,LC5,569.4956849522173,1.6637603059754205,LC5,854.2435274283259,1.1797063017913572,LC5,122.28671031516186,2.3829141083600676,LC5,183.43006547274277,1.2552760722400453,4.48453975035524,3.487898490512616,True
26.0,10.0,23.0,521.780356685791,180.0,20.0,5.0,1.5,LC5,845.8867063170176,0.7933843724829335,LC5,1268.8300594755262,0.4674936064879027,LC5,122.28671031516186,2.3829141083600676,LC5,183.43006547274277,1.2552760722400453,4.48453975035524,3.487898490512616,True
26.0,10.0,23.0,521.780356685791,180.0,20.0,5.0,2.0,LC5,1122.2777276818176,0.35171532195824873,LC5,1683.4165915227263,0.10608390660789246,LC5,122.28671031516186,2.3829141083600676,LC5,183.43006547274277,1.2552760722400453,4.48453975035524,3.487898490512616,True
26.0,10.0,23.0,521.780356685791,180.0,20.0,5.0,2.5,LC5,1398.668749046618,0.08460277033718011,LC5,2098.0031235699266,-0.1124894052437575,LC5,122.28671031516186,2.3829141083600676,LC5,183.43006547274277,1.2552760722400453,4.48453975035524,3.487898490512616,False
26.0,10.0,23.0,521.780356685791,180.0,20.0,5.0,3.0,LC5,1675.059770411418,-0.09436067488660194,LC5,2512.5896556171274,-0.2589319167826206,LC5,122.28671031516186,2.3829141083600676,LC5,183.43006547274277,1.2552760722400453,4.48453975035524,3.487898490512616,False
26.0,10.0,23.0,521.780356685791,180.0,25.0,5.0,1.0,LC5,661.6260254071509,1.2928360459618706,LC5,992.4390381107261,0.8761857690973431,LC5,97.82936825212948,3.2286426354500843,LC5,146.74405237819423,1.8190950903000562,4.48453975035524,3.487898490512616,True
26.0,10.0,23.0,521.780356685791,180.0,25.0,5.0,1.5,LC5,984.0822169994177,0.5415378652258458,LC5,1476.1233254991264,0.2614122193146673,LC5,97.82936825212948,3.2286426354500843,LC5,146.74405237819423,1.8190950903000562,4.48453975035524,3.487898490512616,True
26.0,10.0,23.0,521.780356685791,180.0,25.0,5.0,2.0,LC5,1306.5384085916846,0.16108335585417,LC5,1959.8076128875268,-0.049906741990566994,LC5,97.82936825212948,3.2286426354500843,LC5,146.74405237819423,1.8190950903000562,4.48453975035524,3.487898490512616,False
26.0,10.0,23.0,521.780356685791,180.0,25.0,5.0,2.5,LC5,1628.9946001839517,-0.06875074980070828,LC5,2443.491900275927,-0.23797578384043883,LC5,97.82936825212948,3.2286426354500843,LC5,146.74405237819423,1.8190950903000562,4.48453975035524,3.487898490512616,False
26.0,10.0,23.0,521.780356685791,180.0,25.0,5.0,3.0,LC5,1951.4507917762182,-0.22262964231897409,LC5,2927.1761876643277,-0.3638920650397407,LC5,97.82936825212948,3.2286426354500843,LC5,146.74405237819423,1.8190950903000562,4.48453975035524,3.487898490512616,False
26.0,10.0,23.0,521.780356685791,180.0,30.0,5.0,1.0,LC5,753.7563658620843,1.0125866509465307,LC5,1130.6345487931262,0.6468628187486005,LC5,81.52447354344123,4.074371162540102,LC5,122.28671031516186,2.3829141083600676,4.48453975035524,3.487898490512616,True
26.0,10.0,23.0,521.780356685791,180.0,30.0,5.0,1.5,LC5,1122.2777276818179,0.3517153219582485,LC5,1683.4165915227263,0.10608390660789246,LC5,81.52447354344123,4.074371162540102,LC5,122.28671031516186,2.3829141083600676,4.48453975035524,3.487898490512616,True
26.0,10.0,23.0,521.780356685791,180.0,30.0,5.0,2.0,LC5,1490.7990895015514,0.017575078146317313,LC5,2236.198634252327,-0.1673369389108138,LC5,81.52447354344123,4.074371162540102,LC5,122.28671031516186,2.3829141083600676,4.48453975035524,3.487898490512616,False
26.0,10.0,23.0,521.780356685791,180.0,30.0,5.0,2.5,LC5,1859.320451321285,-0.18411051794650168,LC5,2788.9806769819274,-0.33237257060706926,LC5,81.52447354344123,4.074371162540102,LC5,122.28671031516186,2.3829141083600676,4.48453975035524,3.487898490512616,False
26.0,10.0,23.0,521.780356685791,180.0,30.0,5.0,3.0,LC5,2227.841813141019,-0.31907194170972486,LC5,3341.7627197115276,-0.44280903338321576,LC5,81.52447354344123,4.074371162540102,LC5,122.28671031516186,2.3829141083600676,4.48453975035524,3.487898490512616,False
26.0,15.0,28.0,526.780356685791,120.0,20.0,5.0,1.0,LC5,825.0875971103565,0.8385926601161833,LC5,1237.6313956655347,0.5044867207806343,LC5,178.82887649451735,1.313303341716094,LC5,268.24331474177603,0.5422022278107292,2.750436377003374,2.0689134405538483,True
26.0,15.0,28.0,526.780356685791,120.0,20.0,5.0,1.5,LC5,1229.274574554226,0.23406115395343008,LC5,1843.9118618313394,0.009809654432558323,LC5,178.82887649451735,1.313303341716094,LC5,268.24331474177603,0.5422022278107292,2.750436377003374,2.0689134405538483,True
26.0,15.0,28.0,526.780356685791,120.0,20.0,5.0,2.0,LC5,1633.4615519980957,-0.07129739408658664,LC5,2450.1923279971443,-0.24005965624663805,LC5,178.82887649451735,1.313303341716094,LC5,268.24331474177603,0.5422022278107292,2.750436377003374,2.0689134405538483,False
26.0,15.0,28.0,526.780356685791,120.0,20.0,5.0,2.5,LC5,2037.6485294419656,-0.2555143941259347,LC5,3056.4727941629485,-0.39080105553174704,LC5,178.82887649451735,1.313303341716094,LC5,268.24331474177603,0.5422022278107292,2.750436377003374,2.0689134405538483,False
26.0,15.0,28.0,526.780356685791,120.0,20.0,5.0,3.0,LC5,2441.8355068858355,-0.37874603112201977,LC5,3662.7532603287536,-0.49163924849448515,LC5,178.82887649451735,1.313303341716094,LC5,268.24331474177603,0.5422022278107292,2.750436377003374,2.0689134405538483,False
26.0,15.0,28.0,526.780356685791,120.0,25.0,5.0,1.0,LC5,959.8165895916464,0.5805102937899906,LC5,1439.7248843874697,0.29330264427025377,LC5,143.06310119561388,1.8916291771451172,LC5,214.59465179342084,0.9277527847634115,2.750436377003374,2.0689134405538483,True
26.0,15.0,28.0,526.780356685791,120.0,25.0,5.0,1.5,LC5,1431.3680632761611,0.05982523916863269,LC5,2147.052094914242,-0.13276440547923807,LC5,143.06310119561388,1.8916291771451172,LC5,214.59465179342084,0.9277527847634115,2.750436377003374,2.0689134405538483,False
26.0,15.0,28.0,526.780356685791,120.0,25.0,5.0,2.0,LC5,1902.9195369606757,-0.20280391759341676,LC5,2854.3793054410144,-0.3476690373803307,LC5,143.06310119561388,1.8916291771451172,LC5,214.59465179342084,0.9277527847634115,2.750436377003374,2.0689134405538483,False
26.0,15.0,28.0,526.780356685791,120.0,25.0,5.0,2.5,LC5,2374.4710106451907,-0.36112085883592193,LC5,3561.7065159677863,-0.4772168926181001,LC5,143.06310119561388,1.8916291771451172,LC5,214.59465179342084,0.9277527847634115,2.750436377003374,2.0689134405538483,False
26.0,15.0,28.0,526.780356685791,120.0,25.0,5.0,3.0,LC5,2846.0224843297055,-0.46697539870023785,LC5,4269.033726494559,-0.5638357250625545,LC5,143.06310119561388,1.8916291771451172,LC5,214.59465179342084,0.9277527847634115,2.750436377003374,2.0689134405538483,False
26.0,15.0,28.0,526.780356685791,120.0,30.0,5.0,1.0,LC5,1094.545582072936,0.3859632936683979,LC5,1641.8183731094043,0.13410839499475102,LC5,119.2192509963449,2.469955012574141,LC5,178.82887649451735,1.313303341716094,2.750436377003374,2.0689134405538483,True
26.0,15.0,28.0,526.780356685791,120.0,30.0,5.0,1.5,LC5,1633.4615519980957,-0.07129739408658664,LC5,2450.1923279971443,-0.24005965624663805,LC5,119.2192509963449,2.469955012574141,LC5,178.82887649451735,1.313303341716094,2.750436377003374,2.0689134405538483,False
26.0,15.0,28.0,526.780356685791,120.0,30.0,5.0,2.0,LC5,2172.3775219232552,-0.3016867534805988,LC5,3258.5662828848835,-0.42858305206806213,LC5,119.2192509963449,2.469955012574141,LC5,178.82887649451735,1.313303341716094,2.750436377003374,2.0689134405538483,False
26.0,15.0,28.0,526.780356685791,120.0,30.0,5.0,2.5,LC5,2711.293491848415,-0.4404884588994493,LC5,4066.9402377726233,-0.5421619470317622,LC5,119.2192509963449,2.469955012574141,LC5,178.82887649451735,1.313303341716094,2.750436377003374,2.0689134405538483,False
26.0,15.0,28.0,526.780356685791,120.0,30.0,5.0,3.0,LC5,3250.2094617735747,-0.5332608504646333,LC5,4875.314192660362,-0.618075896974356,LC5,119.2192509963449,2.469955012574141,LC5,178.82887649451735,1.313303341716094,2.750436377003374,2.0689134405538483,False
26.0,15.0,28.0,526.780356685791,150.0,20.0,5.0,1.0,LC5,673.0119338400476,1.254046211847025,LC5,1009.5179007600715,0.844444757837469,LC5,145.18662486041495,1.8493357290165418,LC5,217.77993729062246,0.8995571526776944,3.619477340343792,2.780033754216716,True
26.0,15.0,28.0,526.780356685791,150.0,20.0,5.0,1.5,LC5,1001.1610796487628,0.515240684877811,LC5,1501.7416194731447,0.23989371797076808,LC5,145.18662486041495,1.8493357290165418,LC5,217.77993729062246,0.8995571526776944,3.619477340343792,2.780033754216716,True
26.0,15.0,28.0,526.780356685791,150.0,20.0,5.0,2.0,LC5,1329.310225457478,0.14119335798980193,LC5,1993.9653381862177,-0.06618236318303206,LC5,145.18662486041495,1.8493357290165418,LC5,217.77993729062246,0.8995571526776944,3.619477340343792,2.780033754216716,False
26.0,15.0,28.0,526.780356685791,150.0,20.0,5.0,2.5,LC5,1657.4593712661933,-0.08474377936569955,LC5,2486.1890568992903,-0.25106258720234353,LC5,145.18662486041495,1.8493357290165418,LC5,217.77993729062246,0.8995571526776944,3.619477340343792,2.780033754216716,False
26.0,15.0,28.0,526.780356685791,150.0,20.0,5.0,3.0,LC5,1985.6085170749086,-0.23600247130549046,LC5,2978.4127756123644,-0.37483480622756493,LC5,145.18662486041495,1.8493357290165418,LC5,217.77993729062246,0.8995571526776944,3.619477340343792,2.780033754216716,False
26.0,15.0,28.0,526.780356685791,150.0,25.0,5.0,1.0,LC5,782.3949824429527,0.9389183648178752,LC5,1173.5924736644295,0.5865814086094847,LC5,116.14929988833195,2.5616696612706775,LC5,174.22394983249796,1.3744464408471178,3.619477340343792,2.780033754216716,True
26.0,15.0,28.0,526.780356685791,150.0,25.0,5.0,1.5,LC5,1165.2356525531204,0.3018825820134641,LC5,1747.8534788296813,0.0653066876330779,LC5,116.14929988833195,2.5616696612706775,LC5,174.22394983249796,1.3744464408471178,3.619477340343792,2.780033754216716,True
26.0,15.0,28.0,526.780356685791,150.0,25.0,5.0,2.0,LC5,1548.0763226632885,-0.020074154102315278,LC5,2322.1144839949334,-0.19814461654076543,LC5,116.14929988833195,2.5616696612706775,LC5,174.22394983249796,1.3744464408471178,3.619477340343792,2.780033754216716,False
26.0,15.0,28.0,526.780356685791,150.0,25.0,5.0,2.5,LC5,1930.9169927734563,-0.21436291374645278,LC5,2896.375489160185,-0.35712755236031435,LC5,116.14929988833195,2.5616696612706775,LC5,174.22394983249796,1.3744464408471178,3.619477340343792,2.780033754216716,False
26.0,15.0,28.0,526.780356685791,150.0,25.0,5.0,3.0,LC5,2313.757662883624,-0.3443565744437683,LC5,3470.6364943254375,-0.46349898554792224,LC5,116.14929988833195,2.5616696612706775,LC5,174.22394983249796,1.3744464408471178,3.619477340343792,2.780033754216716,False
26.0,15.0,28.0,526.780356685791,150.0,30.0,5.0,1.0,LC5,891.7780310458578,0.7010959534637735,LC5,1337.6670465687869,0.39197568242124614,LC5,96.79108324027663,3.274003593524813,LC5,145.18662486041498,1.8493357290165413,3.619477340343792,2.780033754216716,True
26.0,15.0,28.0,526.780356685791,150.0,30.0,5.0,1.5,LC5,1329.3102254574783,0.1411933579898017,LC5,1993.9653381862177,-0.06618236318303206,LC5,96.79108324027663,3.274003593524813,LC5,145.18662486041498,1.8493357290165413,3.619477340343792,2.780033754216716,False
26.0,15.0,28.0,526.780356685791,150.0,30.0,5.0,2.0,LC5,1766.8424198690984,-0.14140617015953727,LC5,2650.2636298036487,-0.29742838445926567,LC5,96.79108324027663,3.274003593524813,LC5,145.18662486041498,1.8493357290165413,3.619477340343792,2.780033754216716,False
26.0,15.0,28.0,526.780356685791,150.0,30.0,5.0,2.5,LC5,2204.3746142807195,-0.3118229586875404,LC5,3306.5619214210797,-0.43687732325915196,LC5,96.79108324027663,3.274003593524813,LC5,145.18662486041498,1.8493357290165413,3.619477340343792,2.780033754216716,False
26.0,15.0,28.0,526.780356685791,150.0,30.0,5.0,3.0,LC5,2641.90680869234,-0.42579352344723054,LC5,3962.8602130385098,-0.5301373503224536,LC5,96.79108324027663,3.274003593524813,LC5,145.18662486041498,1.8493357290165413,3.619477340343792,2.780033754216716,False
26.0,15.0,28.0,526.780356685791,180.0,20.0,5.0,1.0,LC5,571.6292023821663,1.653818233355055,LC5,857.4438035732493,1.1715708857425242,LC5,122.7586880708433,2.3699076138005504,LC5,184.13803210626494,1.2466050758670337,4.46345300852867,3.470643595640688,True
26.0,15.0,28.0,526.780356685791,180.0,20.0,5.0,1.5,LC5,849.0869824619411,0.7866249646195664,LC5,1273.6304736929112,0.4619625067552775,LC5,122.7586880708433,2.3699076138005504,LC5,184.13803210626494,1.2466050758670337,4.46345300852867,3.470643595640688,True
26.0,15.0,28.0,526.780356685791,180.0,20.0,5.0,2.0,LC5,1126.5447625417157,0.34659540432049707,LC5,1689.8171438125732,0.10189437171820082,LC5,122.7586880708433,2.3699076138005504,LC5,184.13803210626494,1.2466050758670337,4.46345300852867,3.470643595640688,True
26.0,15.0,28.0,526.780356685791,180.0,20.0,5.0,2.5,LC5,1404.0025426214902,0.08048237374807465,LC5,2106.0038139322355,-0.11586105035424532,LC5,122.7586880708433,2.3699076138005504,LC5,184.13803210626494,1.2466050758670337,4.46345300852867,3.470643595640688,False
26.0,15.0,28.0,526.780356685791,180.0,20.0,5.0,3.0,LC5,1681.460322701265,-0.09780803060345766,LC5,2522.190484051897,-0.26175282486646345,LC5,122.7586880708433,2.3699076138005504,LC5,184.13803210626494,1.2466050758670337,4.46345300852867,3.470643595640688,False
26.0,15.0,28.0,526.780356685791,180.0,25.0,5.0,1.0,LC5,664.1151290754246,1.284242495893678,LC5,996.172693613137,0.869153824370041,LC5,98.20695045667465,3.2123845172506877,LC5,147.31042568501195,1.8082563448337923,4.46345300852867,3.470643595640688,True
26.0,15.0,28.0,526.780356685791,180.0,25.0,5.0,1.5,LC5,987.8158725018287,0.5357113023076996,LC5,1481.7238087527426,0.25664444952623056,LC5,98.20695045667465,3.2123845172506877,LC5,147.31042568501195,1.8082563448337923,4.46345300852867,3.470643595640688,True
26.0,15.0,28.0,526.780356685791,180.0,25.0,5.0,2.0,LC5,1311.516615928232,0.15667615764542653,LC5,1967.2749238923486,-0.05351307161688268,LC5,98.20695045667465,3.2123845172506877,LC5,147.31042568501195,1.8082563448337923,4.46345300852867,3.470643595640688,False
26.0,15.0,28.0,526.780356685791,180.0,25.0,5.0,2.5,LC5,1635.2173593546363,-0.07229458437335368,LC5,2452.8260390319547,-0.2408756388060579,LC5,98.20695045667465,3.2123845172506877,LC5,147.31042568501195,1.8082563448337923,4.46345300852867,3.470643595640688,False
26.0,15.0,28.0,526.780356685791,180.0,25.0,5.0,3.0,LC5,1958.9181027810403,-0.22559294446953004,LC5,2938.3771541715596,-0.36631688095023707,LC5,98.20695045667465,3.2123845172506877,LC5,147.31042568501195,1.8082563448337923,4.46345300852867,3.470643595640688,False
26.0,15.0,28.0,526.780356685791,180.0,30.0,5.0,1.0,LC5,756.6010557686828,1.0050196711115817,LC5,1134.9015836530239,0.6406708976531603,LC5,81.83912538056221,4.054861420700825,LC5,122.75868807084329,2.3699076138005504,4.46345300852867,3.470643595640688,True
26.0,15.0,28.0,526.780356685791,180.0,30.0,5.0,1.5,LC5,1126.544762541716,0.34659540432049685,LC5,1689.8171438125737,0.1018943717182006,LC5,81.83912538056221,4.054861420700825,LC5,122.75868807084329,2.3699076138005504,4.46345300852867,3.470643595640688,True
26.0,15.0,28.0,526.780356685791,180.0,30.0,5.0,2.0,LC5,1496.4884693147485,0.013706440848584522,LC5,2244.7327039721226,-0.17050257400128999,LC5,81.83912538056221,4.054861420700825,LC5,122.75868807084329,2.3699076138005504,4.46345300852867,3.470643595640688,False
26.0,15.0,28.0,526.780356685791,180.0,30.0,5.0,2.5,LC5,1866.4321760877815,-0.18721932710152078,LC5,2799.648264131672,-0.33491645223600597,LC5,81.83912538056221,4.054861420700825,LC5,122.75868807084329,2.3699076138005504,4.46345300852867,3.470643595640688,False
26.0,15.0,28.0,526.780356685791,180.0,30.0,5.0,3.0,LC5,2236.375882860815,-0.3216703812511945,LC5,3354.5638242912223,-0.4449352888990218,LC5,81.83912538056221,4.054861420700825,LC5,122.75868807084329,2.3699076138005504,4.46345300852867,3.470643595640688,False
26.0,20.0,33.0,531.780356685791,120.0,20.0,5.0,1.0,LC5,828.2871492935781,0.8314904454256051,LC5,1242.4307239403668,0.4986751084959251,LC5,179.53668297288237,1.3041833609713378,LC5,269.3050244593235,0.536122240647559,2.7356506345000446,2.0568145380967193,True
26.0,20.0,33.0,531.780356685791,120.0,20.0,5.0,1.5,LC5,1234.0739028290584,0.22926187525912867,LC5,1851.1108542435877,0.0058824925214227,LC5,179.53668297288237,1.3041833609713378,LC5,269.3050244593235,0.536122240647559,2.7356506345000446,2.0568145380967193,True
26.0,20.0,33.0,531.780356685791,120.0,20.0,5.0,2.0,LC5,1639.860656364539,-0.07492140011268567,LC5,2459.7909845468084,-0.243025114045186,LC5,179.53668297288237,1.3041833609713378,LC5,269.3050244593235,0.536122240647559,2.7356506345000446,2.0568145380967193,False
26.0,20.0,33.0,531.780356685791,120.0,20.0,5.0,2.5,LC5,2045.6474099000197,-0.2584254780865961,LC5,3068.471114850029,-0.39318314225323747,LC5,179.53668297288237,1.3041833609713378,LC5,269.3050244593235,0.536122240647559,2.7356506345000446,2.0568145380967193,False
26.0,20.0,33.0,531.780356685791,120.0,20.0,5.0,3.0,LC5,2451.4341634355,-0.38117856778415826,LC5,3677.1512451532503,-0.4936297487207659,LC5,179.53668297288237,1.3041833609713378,LC5,269.3050244593235,0.536122240647559,2.7356506345000446,2.0568145380967193,False
26.0,20.0,33.0,531.780356685791,120.0,25.0,5.0,1.0,LC5,963.5494004720716,0.5743873632807788,LC5,1445.3241007081072,0.28829236230666244,LC5,143.6293463783059,1.880229201214172,LC5,215.4440195674588,0.9201528008094484,2.7356506345000446,2.0568145380967193,True
26.0,20.0,33.0,531.780356685791,120.0,25.0,5.0,1.5,LC5,1436.9672795967988,0.05569557605073494,LC5,2155.450919395198,-0.13614363322062462,LC5,143.6293463783059,1.880229201214172,LC5,215.4440195674588,0.9201528008094484,2.7356506345000446,2.0568145380967193,False
26.0,20.0,33.0,531.780356685791,120.0,25.0,5.0,2.0,LC5,1910.385158721526,-0.20591929168084022,LC5,2865.577738082289,-0.3502182909732914,LC5,143.6293463783059,1.880229201214172,LC5,215.4440195674588,0.9201528008094484,2.7356506345000446,2.0568145380967193,False
26.0,20.0,33.0,531.780356685791,120.0,25.0,5.0,2.5,LC5,2383.803037846254,-0.36362192013539985,LC5,3575.70455676938,-0.47926346530086317,LC5,143.6293463783059,1.880229201214172,LC5,215.4440195674588,0.9201528008094484,2.7356506345000446,2.0568145380967193,False
26.0,20.0,33.0,531.780356685791,120.0,25.0,5.0,3.0,LC5,2857.2209169709813,-0.46906450565670166,LC5,4285.831375456471,-0.5655452030467054,LC5,143.6293463783059,1.880229201214172,LC5,215.4440195674588,0.9201528008094484,2.7356506345000446,2.0568145380967193,False
26.0,20.0,33.0,531.780356685791,120.0,30.0,5.0,1.0,LC5,1098.8116516505652,0.3805823752608182,LC5,1648.2174774758473,0.12970528795238145,LC5,119.69112198192158,2.4562750414570065,LC5,179.53668297288235,1.3041833609713378,2.7356506345000446,2.0568145380967193,True
26.0,20.0,33.0,531.780356685791,120.0,30.0,5.0,1.5,LC5,1639.860656364539,-0.07492140011268567,LC5,2459.7909845468084,-0.243025114045186,LC5,119.69112198192158,2.4562750414570065,LC5,179.53668297288235,1.3041833609713378,2.7356506345000446,2.0568145380967193,False
26.0,20.0,33.0,531.780356685791,120.0,30.0,5.0,2.0,LC5,2180.9096610785136,-0.3044186895619482,LC5,3271.364491617769,-0.4308185453589747,LC5,119.69112198192158,2.4562750414570065,LC5,179.53668297288235,1.3041833609713378,2.7356506345000446,2.0568145380967193,False
26.0,20.0,33.0,531.780356685791,120.0,30.0,5.0,2.5,LC5,2721.9586657924874,-0.4426807360947447,LC5,4082.9379986887307,-0.543955847333955,LC5,119.69112198192158,2.4562750414570065,LC5,179.53668297288235,1.3041833609713378,2.7356506345000446,2.0568145380967193,False
26.0,20.0,33.0,531.780356685791,120.0,30.0,5.0,3.0,LC5,3263.007670506461,-0.5350915004853354,LC5,4894.51150575969,-0.6195738843786835,LC5,119.69112198192158,2.4562750414570065,LC5,179.53668297288235,1.3041833609713378,2.7356506345000446,2.0568145380967193,False
26.0,20.0,33.0,531.780356685791,150.0,20.0,5.0,1.0,LC5,675.5719150848141,1.2455048324641345,LC5,1013.3578726272211,0.8374555034270352,LC5,145.75294514706027,1.83826468942158,LC5,218.62941772059037,0.8921764596143871,3.601528449301518,2.7653465052073947,True
26.0,20.0,33.0,531.780356685791,150.0,20.0,5.0,1.5,LC5,1005.0010515159126,0.5094511570030738,LC5,1507.5015772738689,0.23515625328047607,LC5,145.75294514706027,1.83826468942158,LC5,218.62941772059037,0.8921764596143871,3.601528449301518,2.7653465052073947,True
26.0,20.0,33.0,531.780356685791,150.0,20.0,5.0,2.0,LC5,1334.430187947011,0.13681480957341674,LC5,2001.6452819205167,-0.06976524920865668,LC5,145.75294514706027,1.83826468942158,LC5,218.62941772059037,0.8921764596143871,3.601528449301518,2.7653465052073947,False
26.0,20.0,33.0,531.780356685791,150.0,20.0,5.0,2.5,LC5,1663.8593243781095,-0.08826426743318594,LC5,2495.788986567165,-0.2539433381501176,LC5,145.75294514706027,1.83826468942158,LC5,218.62941772059037,0.8921764596143871,3.601528449301518,2.7653465052073947,False
26.0,20.0,33.0,531.780356685791,150.0,20.0,5.0,3.0,LC5,1993.2884608092081,-0.2389460783894023,LC5,2989.932691213812,-0.37724350602551837,LC5,145.75294514706027,1.83826468942158,LC5,218.62941772059037,0.8921764596143871,3.601528449301518,2.7653465052073947,False
26.0,20.0,33.0,531.780356685791,150.0,25.0,5.0,1.0,LC5,785.3816272285138,0.93154505708677,LC5,1178.0724408427707,0.5805479658517099,LC5,116.60235611764821,2.5478308617769754,LC5,174.9035341764723,1.3652205745179837,3.601528449301518,2.7653465052073947,True
26.0,20.0,33.0,531.780356685791,150.0,25.0,5.0,1.5,LC5,1169.715619731462,0.29689642030108643,LC5,1754.573429597193,0.06122660276889613,LC5,116.60235611764821,2.5478308617769754,LC5,174.9035341764723,1.3652205745179837,3.601528449301518,2.7653465052073947,True
26.0,20.0,33.0,531.780356685791,150.0,25.0,5.0,2.0,LC5,1554.0496122344105,-0.023840688188287995,LC5,2331.074418351616,-0.20122670244192153,LC5,116.60235611764821,2.5478308617769754,LC5,174.9035341764723,1.3652205745179837,3.601528449301518,2.7653465052073947,False
26.0,20.0,33.0,531.780356685791,150.0,25.0,5.0,2.5,LC5,1938.383604737359,-0.21738917090895138,LC5,2907.5754071060383,-0.35960388320477576,LC5,116.60235611764821,2.5478308617769754,LC5,174.9035341764723,1.3652205745179837,3.601528449301518,2.7653465052073947,False
26.0,20.0,33.0,531.780356685791,150.0,25.0,5.0,3.0,LC5,2322.7175972403074,-0.346885733417444,LC5,3484.0763958604607,-0.46556855004319075,LC5,116.60235611764821,2.5478308617769754,LC5,174.9035341764723,1.3652205745179837,3.601528449301518,2.7653465052073947,False
26.0,20.0,33.0,531.780356685791,150.0,30.0,5.0,1.0,LC5,895.1913393722134,0.6946097814840939,LC5,1342.7870090583197,0.38666816661102366,LC5,97.16863009804018,3.25739703413237,LC5,145.75294514706025,1.8382646894215808,3.601528449301518,2.7653465052073947,True
26.0,20.0,33.0,531.780356685791,150.0,30.0,5.0,1.5,LC5,1334.4301879470113,0.13681480957341652,LC5,2001.6452819205167,-0.06976524920865668,LC5,97.16863009804018,3.25739703413237,LC5,145.75294514706025,1.8382646894215808,3.601528449301518,2.7653465052073947,False
26.0,20.0,33.0,531.780356685791,150.0,30.0,5.0,2.0,LC5,1773.6690365218096,-0.14471078382534164,LC5,2660.5035547827138,-0.30013248933543646,LC5,97.16863009804018,3.25739703413237,LC5,145.75294514706025,1.8382646894215808,3.601528449301518,2.7653465052073947,False
26.0,20.0,33.0,531.780356685791,150.0,30.0,5.0,2.5,LC5,2212.9078850966075,-0.31447666203522373,LC5,3319.3618276449106,-0.43904880013605196,LC5,97.16863009804018,3.25739703413237,LC5,145.75294514706025,1.8382646894215808,3.601528449301518,2.7653465052073947,False
26.0,20.0,33.0,531.780356685791,150.0,30.0,5.0,3.0,LC5,2652.146733671406,-0.4280105317174535,LC5,3978.2201005071083,-0.5319514876105903,LC5,97.16863009804018,3.25739703413237,LC5,145.75294514706025,1.8382646894215808,3.601528449301518,2.7653465052073947,False
26.0,20.0,33.0,531.780356685791,180.0,20.0,5.0,1.0,LC5,573.7627908768561,1.6439497717892033,LC5,860.644186315284,1.163495704272247,LC5,123.23068154750099,2.357000321633706,LC5,184.84602232125147,1.2380002144224709,4.442527098295369,3.4535203063177233,True
26.0,20.0,33.0,531.780356685791,180.0,20.0,5.0,1.5,LC5,852.2873652039756,0.7799160963003842,LC5,1278.4310478059633,0.45647276260659875,LC5,123.23068154750099,2.357000321633706,LC5,184.84602232125147,1.2380002144224709,4.442527098295369,3.4535203063177233,True
26.0,20.0,33.0,531.780356685791,180.0,20.0,5.0,2.0,LC5,1130.811939531095,0.3415139573332082,LC5,1696.2179092966423,0.09773631665762883,LC5,123.23068154750099,2.357000321633706,LC5,184.84602232125147,1.2380002144224709,4.442527098295369,3.4535203063177233,True
26.0,20.0,33.0,531.780356685791,180.0,20.0,5.0,2.5,LC5,1409.3365138582146,0.07639302968674566,LC5,2114.0047707873214,-0.11920728574962813,LC5,123.23068154750099,2.357000321633706,LC5,184.84602232125147,1.2380002144224709,4.442527098295369,3.4535203063177233,False
26.0,20.0,33.0,531.780356685791,180.0,20.0,5.0,3.0,LC5,1687.861088185334,-0.10122935434753788,LC5,2531.791632278001,-0.2645524314634654,LC5,123.23068154750099,2.357000321633706,LC5,184.84602232125147,1.2380002144224709,4.442527098295369,3.4535203063177233,False
26.0,20.0,33.0,531.780356685791,180.0,25.0,5.0,1.0,LC5,666.6043156525626,1.275712839505029,LC5,999.9064734788438,0.8621741626712216,LC5,98.5845452380008,3.196250402042132,LC5,147.87681785700119,1.7975002680280885,4.442527098295369,3.4535203063177233,True
26.0,20.0,33.0,531.780356685791,180.0,25.0,5.0,1.5,LC5,991.5496523675355,0.529928427061459,LC5,1487.3244785513032,0.2519124285600689,LC5,98.5845452380008,3.196250402042132,LC5,147.87681785700119,1.7975002680280885,4.442527098295369,3.4535203063177233,True
26.0,20.0,33.0,531.780356685791,180.0,25.0,5.0,2.0,LC5,1316.494989082508,0.1523021451507598,LC5,1974.7424836237622,-0.0570922459807891,LC5,98.5845452380008,3.196250402042132,LC5,147.87681785700119,1.7975002680280885,4.442527098295369,3.4535203063177233,False
26.0,20.0,33.0,531.780356685791,180.0,25.0,5.0,2.5,LC5,1641.440325797481,-0.07581166603606049,LC5,2462.160488696222,-0.24375360235515042,LC5,98.5845452380008,3.196250402042132,LC5,147.87681785700119,1.7975002680280885,4.442527098295369,3.4535203063177233,False
26.0,20.0,33.0,531.780356685791,180.0,25.0,5.0,3.0,LC5,1966.3856625124538,-0.228533838035756,LC5,2949.5784937686813,-0.3687233603263361,LC5,98.5845452380008,3.196250402042132,LC5,147.87681785700119,1.7975002680280885,4.442527098295369,3.4535203063177233,False
26.0,20.0,33.0,531.780356685791,180.0,30.0,5.0,1.0,LC5,759.4458404282691,0.9975091300052794,LC5,1139.1687606424034,0.6345251593363352,LC5,82.153787698334,4.0355004824505585,LC5,123.23068154750098,2.3570003216337065,4.442527098295369,3.4535203063177233,True
26.0,20.0,33.0,531.780356685791,180.0,30.0,5.0,1.5,LC5,1130.811939531095,0.3415139573332082,LC5,1696.2179092966423,0.09773631665762883,LC5,82.153787698334,4.0355004824505585,LC5,123.23068154750098,2.3570003216337065,4.442527098295369,3.4535203063177233,True
26.0,20.0,33.0,531.780356685791,180.0,30.0,5.0,2.0,LC5,1502.1780386339212,0.009866980467613473,LC5,2253.2670579508813,-0.1736443341548246,LC5,82.153787698334,4.0355004824505585,LC5,123.23068154750098,2.3570003216337065,4.442527098295369,3.4535203063177233,False
26.0,20.0,33.0,531.780356685791,180.0,30.0,5.0,2.5,LC5,1873.5441377367472,-0.19030463737430525,LC5,2810.3162066051214,-0.33744110515972614,LC5,82.153787698334,4.0355004824505585,LC5,123.23068154750098,2.3570003216337065,4.442527098295369,3.4535203063177233,False
26.0,20.0,33.0,531.780356685791,180.0,30.0,5.0,3.0,LC5,2244.9102368395734,-0.3242491503198538,LC5,3367.365355259359,-0.4470454484269688,LC5,82.153787698334,4.0355004824505585,LC5,123.23068154750098,2.3570003216337065,4.442527098295369,3.4535203063177233,False
28.0,5.0,19.0,517.780356685791,120.0,20.0,5.0,1.0,LC5,657.0297936175908,1.3088755102678573,LC5,985.5446904263858,0.8893105691578782,LC5,164.87239778018906,1.5091248939172628,LC5,247.3085966702835,0.6727499292781758,3.3808277738100996,2.584751182084995,True
28.0,5.0,19.0,517.780356685791,120.0,20.0,5.0,1.5,LC5,978.3390640600028,0.5505871693445541,LC5,1467.5085960900037,0.26881709923953445,LC5,164.87239778018906,1.5091248939172628,LC5,247.3085966702835,0.6727499292781758,3.3808277738100996,2.584751182084995,True
28.0,5.0,19.0,517.780356685791,120.0,20.0,5.0,2.0,LC5,1299.6483345024146,0.1672388289412159,LC5,1949.4725017536216,-0.04486983103118247,LC5,164.87239778018906,1.5091248939172628,LC5,247.3085966702835,0.6727499292781758,3.3808277738100996,2.584751182084995,False
28.0,5.0,19.0,517.780356685791,120.0,20.0,5.0,2.5,LC5,1620.957604944827,-0.06413345088588263,LC5,2431.43640741724,-0.2341975326519503,LC5,164.87239778018906,1.5091248939172628,LC5,247.3085966702835,0.6727499292781758,3.3808277738100996,2.584751182084995,False
28.0,5.0,19.0,517.780356685791,120.0,20.0,5.0,3.0,LC5,1942.2668753872388,-0.21895388361728163,LC5,2913.400313080858,-0.3608842589740181,LC5,164.87239778018906,1.5091248939172628,LC5,247.3085966702835,0.6727499292781758,3.3808277738100996,2.584751182084995,False
28.0,5.0,19.0,517.780356685791,120.0,25.0,5.0,1.0,LC5,764.1328837650616,0.9852567952911355,LC5,1146.1993256475919,0.6244992981024373,LC5,131.89791822415123,2.136406117396579,LC5,197.84687733622678,1.0909374115977197,3.3808277738100996,2.584751182084995,True
28.0,5.0,19.0,517.780356685791,120.0,25.0,5.0,1.5,LC5,1138.993699281209,0.3318774291353337,LC5,1708.4905489218131,0.08985092201713551,LC5,131.89791822415123,2.136406117396579,LC5,197.84687733622678,1.0909374115977197,3.3808277738100996,2.584751182084995,True
28.0,5.0,19.0,517.780356685791,120.0,25.0,5.0,2.0,LC5,1513.8545147973564,0.0020777988716205176,LC5,2270.781772196034,-0.18001807888421983,LC5,131.89791822415123,2.136406117396579,LC5,197.84687733622678,1.0909374115977197,3.3808277738100996,2.584751182084995,False
28.0,5.0,19.0,517.780356685791,120.0,25.0,5.0,2.5,LC5,1888.715330313504,-0.19680855253703256,LC5,2833.0729954702547,-0.34276313989187157,LC5,131.89791822415123,2.136406117396579,LC5,197.84687733622678,1.0909374115977197,3.3808277738100996,2.584751182084995,False
28.0,5.0,19.0,517.780356685791,120.0,25.0,5.0,3.0,LC5,2263.5761458296515,-0.3298215291785621,LC5,3395.364218744476,-0.4516052240520686,LC5,131.89791822415123,2.136406117396579,LC5,197.84687733622678,1.0909374115977197,3.3808277738100996,2.584751182084995,False
28.0,5.0,19.0,517.780356685791,120.0,30.0,5.0,1.0,LC5,871.2359739125322,0.7412045019071942,LC5,1306.8539608687975,0.424795773478883,LC5,109.91493185345936,2.7636873408758946,LC5,164.872397780189,1.5091248939172637,3.3808277738100996,2.584751182084995,True
28.0,5.0,19.0,517.780356685791,120.0,30.0,5.0,1.5,LC5,1299.6483345024146,0.1672388289412159,LC5,1949.4725017536216,-0.04486983103118247,LC5,109.91493185345936,2.7636873408758946,LC5,164.872397780189,1.5091248939172637,3.3808277738100996,2.584751182084995,False
28.0,5.0,19.0,517.780356685791,120.0,30.0,5.0,2.0,LC5,1728.0606950922975,-0.12213731594712562,LC5,2592.0910426384453,-0.28166103374798834,LC5,109.91493185345936,2.7636873408758946,LC5,164.872397780189,1.5091248939172637,3.3808277738100996,2.584751182084995,False
28.0,5.0,19.0,517.780356685791,120.0,30.0,5.0,2.5,LC5,2156.4730556821805,-0.2965365386769876,LC5,3234.709583523269,-0.42436872556209626,LC5,109.91493185345936,2.7636873408758946,LC5,164.872397780189,1.5091248939172637,3.3808277738100996,2.584751182084995,False
28.0,5.0,19.0,517.780356685791,120.0,30.0,5.0,3.0,LC5,2584.8854162720627,-0.413126790669187,LC5,3877.3281244080936,-0.5197723947378712,LC5,109.91493185345936,2.7636873408758946,LC5,164.872397780189,1.5091248939172637,3.3808277738100996,2.584751182084995,False
28.0,5.0,19.0,517.780356685791,150.0,20.0,5.0,1.0,LC5,536.1911869753061,1.8292147220052395,LC5,804.286780462959,1.3150946220056063,LC5,133.86963400356572,2.0902111645355124,LC5,200.80445100534857,1.060140776357008,4.395380249645563,3.414940903027924,True
28.0,5.0,19.0,517.780356685791,150.0,20.0,5.0,1.5,LC5,797.0811540965758,0.9031939121925312,LC5,1195.6217311448634,0.5573487429147415,LC5,133.86963400356572,2.0902111645355124,LC5,200.80445100534857,1.060140776357008,4.395380249645563,3.414940903027924,True
28.0,5.0,19.0,517.780356685791,150.0,20.0,5.0,2.0,LC5,1057.9711212178456,0.43387656768339733,LC5,1586.9566818267676,0.17331495013249265,LC5,133.86963400356572,2.0902111645355124,LC5,200.80445100534857,1.060140776357008,4.395380249645563,3.414940903027924,True
28.0,5.0,19.0,517.780356685791,150.0,20.0,5.0,2.5,LC5,1318.8610883391152,0.150234860526826,LC5,1978.291632508672,-0.05878386714965911,LC5,133.86963400356572,2.0902111645355124,LC5,200.80445100534857,1.060140776357008,4.395380249645563,3.414940903027924,False
28.0,5.0,19.0,517.780356685791,150.0,20.0,5.0,3.0,LC5,1579.7510554603848,-0.03972211649644841,LC5,2369.626583190577,-0.21422218453807385,LC5,133.86963400356572,2.0902111645355124,LC5,200.80445100534857,1.060140776357008,4.395380249645563,3.414940903027924,False
28.0,5.0,19.0,517.780356685791,150.0,25.0,5.0,1.0,LC5,623.1545093490628,1.4343882251363853,LC5,934.731764023594,0.9920153263915406,LC5,107.09570720285258,2.86276395566939,LC5,160.64356080427885,1.5751759704462605,4.395380249645563,3.414940903027924,True
28.0,5.0,19.0,517.780356685791,150.0,25.0,5.0,1.5,LC5,927.5261376572108,0.6355334242458224,LC5,1391.2892064858158,0.3383270647970653,LC5,107.09570720285258,2.86276395566939,LC5,160.64356080427885,1.5751759704462605,4.395380249645563,3.414940903027924,True
28.0,5.0,19.0,517.780356685791,150.0,25.0,5.0,2.0,LC5,1231.8977659653588,0.2314333558444479,LC5,1847.846648948038,0.007659375338326724,LC5,107.09570720285258,2.86276395566939,LC5,160.64356080427885,1.5751759704462605,4.395380249645563,3.414940903027924,True
28.0,5.0,19.0,517.780356685791,150.0,25.0,5.0,2.5,LC5,1536.2693942735068,-0.01254297868937182,LC5,2304.4040914102598,-0.1919819935484992,LC5,107.09570720285258,2.86276395566939,LC5,160.64356080427885,1.5751759704462605,4.395380249645563,3.414940903027924,False
28.0,5.0,19.0,517.780356685791,150.0,25.0,5.0,3.0,LC5,1840.6410225816549,-0.1758306039097841,LC5,2760.9615338724816,-0.32559726850363324,LC5,107.09570720285258,2.86276395566939,LC5,160.64356080427885,1.5751759704462605,4.395380249645563,3.414940903027924,False
28.0,5.0,19.0,517.780356685791,150.0,30.0,5.0,1.0,LC5,710.1178317228193,1.1362651833704853,LC5,1065.1767475842287,0.7480666980601383,LC5,89.24642266904382,3.6353167468032677,LC5,133.8696340035657,2.090211164535513,4.395380249645563,3.414940903027924,True
28.0,5.0,19.0,517.780356685791,150.0,30.0,5.0,1.5,LC5,1057.9711212178456,0.43387656768339733,LC5,1586.9566818267679,0.17331495013249265,LC5,89.24642266904382,3.6353167468032677,LC5,133.8696340035657,2.090211164535513,4.395380249645563,3.414940903027924,True
28.0,5.0,19.0,517.780356685791,150.0,30.0,5.0,2.0,LC5,1405.824410712872,0.0790821303428304,LC5,2108.7366160693073,-0.11700684390316385,LC5,89.24642266904382,3.6353167468032677,LC5,133.8696340035657,2.090211164535513,4.395380249645563,3.414940903027924,False
28.0,5.0,19.0,517.780356685791,150.0,30.0,5.0,2.5,LC5,1753.6777002078982,-0.13496077425164277,LC5,2630.516550311847,-0.2921542349622318,LC5,89.24642266904382,3.6353167468032677,LC5,133.8696340035657,2.090211164535513,4.395380249645563,3.414940903027924,False
28.0,5.0,19.0,517.780356685791,150.0,30.0,5.0,3.0,LC5,2101.530989702924,-0.2781453105221896,LC5,3152.296484554386,-0.40931952018998763,LC5,89.24642266904382,3.6353167468032677,LC5,133.8696340035657,2.090211164535513,4.395380249645563,3.414940903027924,False
28.0,5.0,19.0,517.780356685791,180.0,20.0,5.0,1.0,LC5,455.6329696692469,2.3294342178557024,LC5,683.4494545038702,1.7244150796076987,LC5,113.20134387010694,2.6544216123863835,LC5,169.80201580516035,1.4362810749242563,5.380468240367334,4.221020375110516,True
28.0,5.0,19.0,517.780356685791,180.0,20.0,5.0,1.5,LC5,676.2438281374871,1.2432737082098426,LC5,1014.3657422062303,0.8356298152875095,LC5,113.20134387010694,2.6544216123863835,LC5,169.80201580516035,1.4362810749242563,5.380468240367334,4.221020375110516,True
28.0,5.0,19.0,517.780356685791,180.0,20.0,5.0,2.0,LC5,896.8546866057272,0.6914668815985117,LC5,1345.2820299085904,0.38409638916125255,LC5,113.20134387010694,2.6544216123863835,LC5,169.80201580516035,1.4362810749242563,5.380468240367334,4.221020375110516,True
28.0,5.0,19.0,517.780356685791,180.0,20.0,5.0,2.5,LC5,1117.4655450739672,0.3575362629185912,LC5,1676.1983176109504,0.11084707605116129,LC5,113.20134387010694,2.6544216123863835,LC5,169.80201580516035,1.4362810749242563,5.380468240367334,4.221020375110516,True
28.0,5.0,19.0,517.780356685791,180.0,20.0,5.0,3.0,LC5,1338.0764035422073,0.13371702541360064,LC5,2007.1146053133104,-0.07230010928581632,LC5,113.20134387010694,2.6544216123863835,LC5,169.80201580516035,1.4362810749242563,5.380468240367334,4.221020375110516,False
28.0,5.0,19.0,517.780356685791,180.0,25.0,5.0,1.0,LC5,529.1699224919937,1.8667540151489845,LC5,793.7548837379902,1.3458123384783178,LC5,90.56107509608555,3.568027015482979,LC5,135.84161264412828,2.045351343655321,5.380468240367334,4.221020375110516,True
28.0,5.0,19.0,517.780356685791,180.0,25.0,5.0,1.5,LC5,786.5492573716072,0.9286776839244915,LC5,1179.8238860574104,0.5782016468764686,LC5,90.56107509608555,3.568027015482979,LC5,135.84161264412828,2.045351343655321,5.380468240367334,4.221020375110516,True
28.0,5.0,19.0,517.780356685791,180.0,25.0,5.0,2.0,LC5,1043.9285922512206,0.45316452797657947,LC5,1565.8928883768303,0.18909793499995242,LC5,90.56107509608555,3.568027015482979,LC5,135.84161264412828,2.045351343655321,5.380468240367334,4.221020375110516,True
28.0,5.0,19.0,517.780356685791,180.0,25.0,5.0,2.5,LC5,1301.307927130834,0.16575021820141433,LC5,1951.9618906962507,-0.046087933952522975,LC5,90.56107509608555,3.568027015482979,LC5,135.84161264412828,2.045351343655321,5.380468240367334,4.221020375110516,False
28.0,5.0,19.0,517.780356685791,180.0,25.0,5.0,3.0,LC5,1558.6872620104475,-0.026745109828303804,LC5,2338.030893015671,-0.20360333750837245,LC5,90.56107509608555,3.568027015482979,LC5,135.84161264412828,2.045351343655321,5.380468240367334,4.221020375110516,False
28.0,5.0,19.0,517.780356685791,180.0,30.0,5.0,1.0,LC5,602.7068753147404,1.51697809023301,LC5,904.0603129721103,1.0595971013025118,LC5,75.46756258007129,4.481632418579576,LC5,113.20134387010691,2.6544216123863844,5.380468240367334,4.221020375110516,True
28.0,5.0,19.0,517.780356685791,180.0,30.0,5.0,1.5,LC5,896.8546866057274,0.6914668815985114,LC5,1345.2820299085904,0.38409638916125255,LC5,75.46756258007129,4.481632418579576,LC5,113.20134387010691,2.6544216123863844,5.380468240367334,4.221020375110516,True
28.0,5.0,19.0,517.780356685791,180.0,30.0,5.0,2.0,LC5,1191.002497896714,0.2737168920123938,LC5,1786.5037468450703,0.04225921904068475,LC5,75.46756258007129,4.481632418579576,LC5,113.20134387010691,2.6544216123863844,5.380468240367334,4.221020375110516,True
28.0,5.0,19.0,517.780356685791,180.0,30.0,5.0,2.5,LC5,1485.1503091877007,0.021445432570201817,LC5,2227.7254637815504,-0.16416989872743726,LC5,75.46756258007129,4.481632418579576,LC5,113.20134387010691,2.6544216123863844,5.380468240367334,4.221020375110516,False
28.0,5.0,19.0,517.780356685791,180.0,30.0,5.0,3.0,LC5,1779.2981204786877,-0.14741662313908432,LC5,2668.9471807180307,-0.3023466281190835,LC5,75.46756258007129,4.481632418579576,LC5,113.20134387010691,2.6544216123863844,5.380468240367334,4.221020375110516,False
28.0,10.0,24.0,522.780356685791,120.0,20.0,5.0,1.0,LC5,659.5913656748712,1.299908820740638,LC5,989.3870485123068,0.8819732912410758,LC5,165.5296034166605,1.4991628630245621,LC5,248.29440512499073,0.6661085753497082,3.363434481940054,2.5705185697088027,True
28.0,10.0,24.0,522.780356685791,120.0,20.0,5.0,1.5,LC5,982.1814221459235,0.5445211707278841,LC5,1473.2721332188848,0.2638534036015474,LC5,165.5296034166605,1.4991628630245621,LC5,248.29440512499073,0.6661085753497082,3.363434481940054,2.5705185697088027,True
28.0,10.0,24.0,522.780356685791,120.0,20.0,5.0,2.0,LC5,1304.7714786169756,0.1626557024437576,LC5,1957.1572179254633,-0.04862011955601986,LC5,165.5296034166605,1.4991628630245621,LC5,248.29440512499073,0.6661085753497082,3.363434481940054,2.5705185697088027,False
28.0,10.0,24.0,522.780356685791,120.0,20.0,5.0,2.5,LC5,1627.3615350880277,-0.0678162367172197,LC5,2441.042302632042,-0.23721108888923892,LC5,165.5296034166605,1.4991628630245621,LC5,248.29440512499073,0.6661085753497082,3.363434481940054,2.5705185697088027,False
28.0,10.0,24.0,522.780356685791,120.0,20.0,5.0,3.0,LC5,1949.95159155908,-0.22203196911822531,LC5,2924.92738733862,-0.3634029999991807,LC5,165.5296034166605,1.4991628630245621,LC5,248.29440512499073,0.6661085753497082,3.363434481940054,2.5705185697088027,False
28.0,10.0,24.0,522.780356685791,120.0,25.0,5.0,1.0,LC5,767.1213844985556,0.9775227632216481,LC5,1150.682076747833,0.6181706812211427,LC5,132.4236827333284,2.1239535787807027,LC5,198.6355240999926,1.082635719187135,3.363434481940054,2.5705185697088027,True
28.0,10.0,24.0,522.780356685791,120.0,25.0,5.0,1.5,LC5,1143.4764503814497,0.32665609291205544,LC5,1715.2146755721742,0.0855783981552396,LC5,132.4236827333284,2.1239535787807027,LC5,198.6355240999926,1.082635719187135,3.363434481940054,2.5705185697088027,True
28.0,10.0,24.0,522.780356685791,120.0,25.0,5.0,2.0,LC5,1519.8315162643441,-0.0018630461561317535,LC5,2279.7472743965163,-0.1832428002385047,LC5,132.4236827333284,2.1239535787807027,LC5,198.6355240999926,1.082635719187135,3.363434481940054,2.5705185697088027,False
28.0,10.0,24.0,522.780356685791,120.0,25.0,5.0,2.5,LC5,1896.1865821472386,-0.1999732440453451,LC5,2844.2798732208576,-0.34535274902765656,LC5,132.4236827333284,2.1239535787807027,LC5,198.6355240999926,1.082635719187135,3.363434481940054,2.5705185697088027,False
28.0,10.0,24.0,522.780356685791,120.0,25.0,5.0,3.0,LC5,2272.541648030133,-0.3324654792069688,LC5,3408.812472045199,-0.4537687199663264,LC5,132.4236827333284,2.1239535787807027,LC5,198.6355240999926,1.082635719187135,3.363434481940054,2.5705185697088027,False
28.0,10.0,24.0,522.780356685791,120.0,30.0,5.0,1.0,LC5,874.6514033222395,0.7344052661870664,LC5,1311.9771049833591,0.4192320833400651,LC5,110.35306894444034,2.748744294536843,LC5,165.5296034166605,1.4991628630245621,3.363434481940054,2.5705185697088027,True
28.0,10.0,24.0,522.780356685791,120.0,30.0,5.0,1.5,LC5,1304.7714786169759,0.16265570244375738,LC5,1957.157217925464,-0.04862011955602019,LC5,110.35306894444034,2.748744294536843,LC5,165.5296034166605,1.4991628630245621,3.363434481940054,2.5705185697088027,False
28.0,10.0,24.0,522.780356685791,120.0,30.0,5.0,2.0,LC5,1734.8915539117122,-0.12559376026727753,LC5,2602.3373308675687,-0.2844893788695544,LC5,110.35306894444034,2.748744294536843,LC5,165.5296034166605,1.4991628630245621,3.363434481940054,2.5705185697088027,False
28.0,10.0,24.0,522.780356685791,120.0,30.0,5.0,2.5,LC5,2165.0116292064486,-0.2993109230752572,LC5,3247.517443809673,-0.42663895353378545,LC5,110.35306894444034,2.748744294536843,LC5,165.5296034166605,1.4991628630245621,3.363434481940054,2.5705185697088027,False
28.0,10.0,24.0,522.780356685791,120.0,30.0,5.0,3.0,LC5,2595.131704501185,-0.4154439262682488,LC5,3892.697556751778,-0.5216684643864994,LC5,110.35306894444034,2.748744294536843,LC5,165.5296034166605,1.4991628630245621,3.363434481940054,2.5705185697088027,False
28.0,10.0,24.0,522.780356685791,150.0,20.0,5.0,1.0,LC5,538.2407222808566,1.818441521056859,LC5,807.3610834212849,1.3062791088586563,LC5,134.39546975006627,2.07812040360756,LC5,201.59320462509942,1.0520802690717068,4.374270283613949,3.397667004214095,True
28.0,10.0,24.0,522.780356685791,150.0,20.0,5.0,1.5,LC5,800.1554570549016,0.8958815897895114,LC5,1200.233185582352,0.5513652033346832,LC5,134.39546975006627,2.07812040360756,LC5,201.59320462509942,1.0520802690717068,4.374270283613949,3.397667004214095,True
28.0,10.0,24.0,522.780356685791,150.0,20.0,5.0,2.0,LC5,1062.0701918289465,0.4283425066168536,LC5,1593.1052877434197,0.1687865292553643,LC5,134.39546975006627,2.07812040360756,LC5,201.59320462509942,1.0520802690717068,4.374270283613949,3.397667004214095,True
28.0,10.0,24.0,522.780356685791,150.0,20.0,5.0,2.5,LC5,1323.9849266029914,0.14578343719685405,LC5,1985.9773899044867,-0.06242638538319378,LC5,134.39546975006627,2.07812040360756,LC5,201.59320462509942,1.0520802690717068,4.374270283613949,3.397667004214095,False
28.0,10.0,24.0,522.780356685791,150.0,20.0,5.0,3.0,LC5,1585.8996613770364,-0.043445158010318785,LC5,2378.849492065554,-0.21726868126355225,LC5,134.39546975006627,2.07812040360756,LC5,201.59320462509942,1.0520802690717068,4.374270283613949,3.397667004214095,False
28.0,10.0,24.0,522.780356685791,150.0,25.0,5.0,1.0,LC5,625.5456338722051,1.4250828682307022,LC5,938.3184508083075,0.9844009231577977,LC5,107.51637580005303,2.84765050450945,LC5,161.27456370007954,1.5651003363396332,4.374270283613949,3.397667004214095,True
28.0,10.0,24.0,522.780356685791,150.0,25.0,5.0,1.5,LC5,931.1128244419242,0.6292332789092832,LC5,1396.669236662886,0.33317177118395347,LC5,107.51637580005303,2.84765050450945,LC5,161.27456370007954,1.5651003363396332,4.374270283613949,3.397667004214095,True
28.0,10.0,24.0,522.780356685791,150.0,25.0,5.0,2.0,LC5,1236.6800150116435,0.22667139566067718,LC5,1855.020022517465,0.0037627504812927093,LC5,107.51637580005303,2.84765050450945,LC5,161.27456370007954,1.5651003363396332,4.374270283613949,3.397667004214095,True
28.0,10.0,24.0,522.780356685791,150.0,25.0,5.0,2.5,LC5,1542.2472055813623,-0.016370401249548805,LC5,2313.3708083720435,-0.19511390337361456,LC5,107.51637580005303,2.84765050450945,LC5,161.27456370007954,1.5651003363396332,4.374270283613949,3.397667004214095,False
28.0,10.0,24.0,522.780356685791,150.0,25.0,5.0,3.0,LC5,1847.8143961510816,-0.17903010001445696,LC5,2771.7215942266225,-0.328215357603568,LC5,107.51637580005303,2.84765050450945,LC5,161.27456370007954,1.5651003363396332,4.374270283613949,3.397667004214095,False
28.0,10.0,24.0,522.780356685791,150.0,30.0,5.0,1.0,LC5,712.8505454635532,1.1280758072697044,LC5,1069.2758181953297,0.7413654814925026,LC5,89.59697983337752,3.61718060541134,LC5,134.39546975006627,2.07812040360756,4.374270283613949,3.397667004214095,True
28.0,10.0,24.0,522.780356685791,150.0,30.0,5.0,1.5,LC5,1062.0701918289465,0.4283425066168536,LC5,1593.1052877434197,0.1687865292553643,LC5,89.59697983337752,3.61718060541134,LC5,134.39546975006627,2.07812040360756,4.374270283613949,3.397667004214095,True
28.0,10.0,24.0,522.780356685791,150.0,30.0,5.0,2.0,LC5,1411.2898381943396,0.07490322607361088,LC5,2116.9347572915094,-0.12042636477738367,LC5,89.59697983337752,3.61718060541134,LC5,134.39546975006627,2.07812040360756,4.374270283613949,3.397667004214095,False
28.0,10.0,24.0,522.780356685791,150.0,30.0,5.0,2.5,LC5,1760.509484559733,-0.13831762151547267,LC5,2640.7642268396,-0.29490108163560114,LC5,89.59697983337752,3.61718060541134,LC5,134.39546975006627,2.07812040360756,4.374270283613949,3.397667004214095,False
28.0,10.0,24.0,522.780356685791,150.0,30.0,5.0,3.0,LC5,2109.729130925126,-0.28095034677044606,LC5,3164.5936963876898,-0.4116148300094796,LC5,89.59697983337752,3.61718060541134,LC5,134.39546975006627,2.07812040360756,4.374270283613949,3.397667004214095,False
28.0,10.0,24.0,522.780356685791,180.0,20.0,5.0,1.0,LC5,457.3411371564564,2.3169987931372864,LC5,686.0117057346847,1.7142393991745224,LC5,113.63959712846861,2.6403282662330607,LC5,170.4593956927029,1.4268855108220406,5.355861843769033,4.200885411161477,True
28.0,10.0,24.0,522.780356685791,180.0,20.0,5.0,1.5,LC5,678.8060793683014,1.234806148777754,LC5,1018.2091190524521,0.8287009663916403,LC5,113.63959712846861,2.6403282662330607,LC5,170.4593956927029,1.4268855108220406,5.355861843769033,4.200885411161477,True
28.0,10.0,24.0,522.780356685791,180.0,20.0,5.0,2.0,LC5,900.2710215801462,0.6850481284373426,LC5,1350.4065323702193,0.37884404093620394,LC5,113.63959712846861,2.6403282662330607,LC5,170.4593956927029,1.4268855108220406,5.355861843769033,4.200885411161477,True
28.0,10.0,24.0,522.780356685791,180.0,20.0,5.0,2.5,LC5,1121.735963791991,0.3523681587883052,LC5,1682.6039456879867,0.106618111036618,LC5,113.63959712846861,2.6403282662330607,LC5,170.4593956927029,1.4268855108220406,5.355861843769033,4.200885411161477,True
28.0,10.0,24.0,522.780356685791,180.0,20.0,5.0,3.0,LC5,1343.2009060038358,0.1293917337453523,LC5,2014.801359005754,-0.07583941628923507,LC5,113.63959712846861,2.6403282662330607,LC5,170.4593956927029,1.4268855108220406,5.355861843769033,4.200885411161477,False
28.0,10.0,24.0,522.780356685791,180.0,25.0,5.0,1.0,LC5,531.1627845604048,1.8559982816858733,LC5,796.7441768406071,1.3370111186548441,LC5,90.91167770277488,3.5504103327913263,LC5,136.36751655416234,2.0336068885275504,5.355861843769033,4.200885411161477,True
28.0,10.0,24.0,522.780356685791,180.0,25.0,5.0,1.5,LC5,789.5385504742238,0.9213754655663589,LC5,1184.3078257113357,0.5722263752513999,LC5,90.91167770277488,3.5504103327913263,LC5,136.36751655416234,2.0336068885275504,5.355861843769033,4.200885411161477,True
28.0,10.0,24.0,522.780356685791,180.0,25.0,5.0,2.0,LC5,1047.9143163880428,0.44763744160763497,LC5,1571.8714745820641,0.1845752213902072,LC5,90.91167770277488,3.5504103327913263,LC5,136.36751655416234,2.0336068885275504,5.355861843769033,4.200885411161477,True
28.0,10.0,24.0,522.780356685791,180.0,25.0,5.0,2.5,LC5,1306.2900823018617,0.1613040782846935,LC5,1959.4351234527926,-0.04972612886570016,LC5,90.91167770277488,3.5504103327913263,LC5,136.36751655416234,2.0336068885275504,5.355861843769033,4.200885411161477,False
28.0,10.0,24.0,522.780356685791,180.0,25.0,5.0,3.0,LC5,1564.6658482156809,-0.030463915519111096,LC5,2346.9987723235217,-0.20664636813736992,LC5,90.91167770277488,3.5504103327913263,LC5,136.36751655416234,2.0336068885275504,5.355861843769033,4.200885411161477,False
28.0,10.0,24.0,522.780356685791,180.0,30.0,5.0,1.0,LC5,604.9844319643532,1.5075025403122844,LC5,907.4766479465295,1.0518434322397163,LC5,75.75973141897907,4.460492399349591,LC5,113.63959712846861,2.6403282662330607,5.355861843769033,4.200885411161477,True
28.0,10.0,24.0,522.780356685791,180.0,30.0,5.0,1.5,LC5,900.2710215801463,0.6850481284373426,LC5,1350.4065323702193,0.37884404093620394,LC5,75.75973141897907,4.460492399349591,LC5,113.63959712846861,2.6403282662330607,5.355861843769033,4.200885411161477,True
28.0,10.0,24.0,522.780356685791,180.0,30.0,5.0,2.0,LC5,1195.5576111959394,0.26886398931668,LC5,1793.336416793909,0.03828817759070913,LC5,75.75973141897907,4.460492399349591,LC5,113.63959712846861,2.6403282662330607,5.355861843769033,4.200885411161477,True
28.0,10.0,24.0,522.780356685791,180.0,30.0,5.0,2.5,LC5,1490.8442008117327,0.017544287440650175,LC5,2236.266301217599,-0.16736213438167857,LC5,75.75973141897907,4.460492399349591,LC5,113.63959712846861,2.6403282662330607,5.355861843769033,4.200885411161477,False
28.0,10.0,24.0,522.780356685791,180.0,30.0,5.0,3.0,LC5,1786.1307904275257,-0.15067809808211574,LC5,2679.1961856412886,-0.30501543336800685,LC5,75.75973141897907,4.460492399349591,LC5,113.63959712846861,2.6403282662330607,5.355861843769033,4.200885411161477,False
28.0,15.0,29.0,527.780356685791,120.0,20.0,5.0,1.0,LC5,662.153031800004,1.2910111819259829,LC5,993.2295477000062,0.8746925162584835,LC5,166.18683318749999,1.4892792627160891,LC5,249.28024978124995,0.6595195084773928,3.3461781266101296,2.5563980099969505,True
28.0,15.0,29.0,527.780356685791,120.0,20.0,5.0,1.5,LC5,986.0239213336229,0.5385022281692906,LC5,1479.035882000434,0.2589282130745856,LC5,166.18683318749999,1.4892792627160891,LC5,249.28024978124995,0.6595195084773928,3.3461781266101296,2.5563980099969505,True
28.0,15.0,29.0,527.780356685791,120.0,20.0,5.0,2.0,LC5,1309.8948108672412,0.15810825984999566,LC5,1964.842216300862,-0.05234120859560898,LC5,166.18683318749999,1.4892792627160891,LC5,249.28024978124995,0.6595195084773928,3.3461781266101296,2.5563980099969505,False
28.0,15.0,29.0,527.780356685791,120.0,20.0,5.0,2.5,LC5,1633.76570040086,-0.0714702851040454,LC5,2450.64855060129,-0.2402011298016843,LC5,166.18683318749999,1.4892792627160891,LC5,249.28024978124995,0.6595195084773928,3.3461781266101296,2.5563980099969505,False
28.0,15.0,29.0,527.780356685791,120.0,20.0,5.0,3.0,LC5,1957.6365899344787,-0.22508600023113923,LC5,2936.4548849017183,-0.36590205775890194,LC5,166.18683318749999,1.4892792627160891,LC5,249.28024978124995,0.6595195084773928,3.3461781266101296,2.5563980099969505,False
28.0,15.0,29.0,527.780356685791,120.0,25.0,5.0,1.0,LC5,770.1099949778772,0.969848476052539,LC5,1155.1649924668154,0.611890952498277,LC5,132.94946654999998,2.1115990783951113,LC5,199.42419982499996,1.0743993855967409,3.3461781266101296,2.5563980099969505,True
28.0,15.0,29.0,527.780356685791,120.0,25.0,5.0,1.5,LC5,1147.9593661004321,0.3214753455544186,LC5,1721.9390491506483,0.08133908741917262,LC5,132.94946654999998,2.1115990783951113,LC5,199.42419982499996,1.0743993855967409,3.3461781266101296,2.5563980099969505,True
28.0,15.0,29.0,527.780356685791,120.0,25.0,5.0,2.0,LC5,1525.8087372229877,-0.005773159510817694,LC5,2288.713105834481,-0.18644237442722145,LC5,132.94946654999998,2.1115990783951113,LC5,199.42419982499996,1.0743993855967409,3.3461781266101296,2.5563980099969505,False
28.0,15.0,29.0,527.780356685791,120.0,25.0,5.0,2.5,LC5,1903.6581083455426,-0.2031132095886612,LC5,2855.487162518314,-0.3479221253588606,LC5,132.94946654999998,2.1115990783951113,LC5,199.42419982499996,1.0743993855967409,3.3461781266101296,2.5563980099969505,False
28.0,15.0,29.0,527.780356685791,120.0,25.0,5.0,3.0,LC5,2281.5074794680977,-0.33508874564212787,LC5,3422.261219202147,-0.4559152908748153,LC5,132.94946654999998,2.1115990783951113,LC5,199.42419982499996,1.0743993855967409,3.3461781266101296,2.5563980099969505,False
28.0,15.0,29.0,527.780356685791,120.0,30.0,5.0,1.0,LC5,878.0669581557501,0.7276586778600966,LC5,1317.1004372336245,0.4137114735994294,LC5,110.79122212499999,2.7339188940741335,LC5,166.18683318749996,1.4892792627160896,3.3461781266101296,2.5563980099969505,True
28.0,15.0,29.0,527.780356685791,120.0,30.0,5.0,1.5,LC5,1309.8948108672414,0.15810825984999566,LC5,1964.842216300862,-0.05234120859560898,LC5,110.79122212499999,2.7339188940741335,LC5,166.18683318749996,1.4892792627160896,3.3461781266101296,2.5563980099969505,False
28.0,15.0,29.0,527.780356685791,120.0,30.0,5.0,2.0,LC5,1741.7226635787333,-0.12902321837909236,LC5,2612.5839953680993,-0.28729564167078425,LC5,110.79122212499999,2.7339188940741335,LC5,166.18683318749996,1.4892792627160896,3.3461781266101296,2.5563980099969505,False
28.0,15.0,29.0,527.780356685791,120.0,30.0,5.0,2.5,LC5,2173.550516290225,-0.30206361037829155,LC5,3260.3257744353364,-0.4288914271695796,LC5,110.79122212499999,2.7339188940741335,LC5,166.18683318749996,1.4892792627160896,3.3461781266101296,2.5563980099969505,False
28.0,15.0,29.0,527.780356685791,120.0,30.0,5.0,3.0,LC5,2605.3783690017162,-0.4177429205489037,LC5,3908.0675535025744,-0.5235496893263276,LC5,110.79122212499999,2.7339188940741335,LC5,166.18683318749996,1.4892792627160896,3.3461781266101296,2.5563980099969505,False
28.0,15.0,29.0,527.780356685791,150.0,20.0,5.0,1.0,LC5,540.2903295767286,1.807749680044135,LC5,810.4354943650928,1.2975301710578684,LC5,134.9213239666485,2.066123466831392,LC5,202.38198594997272,1.044082311220928,4.35332413065158,3.38052715063645,True
28.0,15.0,29.0,527.780356685791,150.0,20.0,5.0,1.5,LC5,803.2298679987096,0.8886249882361661,LC5,1204.844801998064,0.5454272591060172,LC5,134.9213239666485,2.066123466831392,LC5,202.38198594997272,1.044082311220928,4.35332413065158,3.38052715063645,True
28.0,15.0,29.0,527.780356685791,150.0,20.0,5.0,2.0,LC5,1066.1694064206906,0.42285080669574193,LC5,1599.2541096310356,0.16429277172817924,LC5,134.9213239666485,2.066123466831392,LC5,202.38198594997272,1.044082311220928,4.35332413065158,3.38052715063645,True
28.0,15.0,29.0,527.780356685791,150.0,20.0,5.0,2.5,LC5,1329.1089448426715,0.1413661806177744,LC5,1993.663417264007,-0.06604094558985019,LC5,134.9213239666485,2.066123466831392,LC5,202.38198594997272,1.044082311220928,4.35332413065158,3.38052715063645,False
28.0,15.0,29.0,527.780356685791,150.0,20.0,5.0,3.0,LC5,1592.0484832646523,-0.047139571472570974,LC5,2388.0727248969783,-0.22029175217839025,LC5,134.9213239666485,2.066123466831392,LC5,202.38198594997272,1.044082311220928,4.35332413065158,3.38052715063645,False
28.0,15.0,29.0,527.780356685791,150.0,25.0,5.0,1.0,LC5,627.9368423840557,1.4158480560568538,LC5,941.9052635760834,0.9768442453868875,LC5,107.93705917331879,2.83265433353924,LC5,161.90558875997817,1.55510288902616,4.35332413065158,3.38052715063645,True
28.0,15.0,29.0,527.780356685791,150.0,25.0,5.0,1.5,LC5,934.6996372097001,0.6229812654347491,LC5,1402.0494558145501,0.3280558629925303,LC5,107.93705917331879,2.83265433353924,LC5,161.90558875997817,1.55510288902616,4.35332413065158,3.38052715063645,True
28.0,15.0,29.0,527.780356685791,150.0,25.0,5.0,2.0,LC5,1241.4624320353446,0.22194595732785793,LC5,1862.1936480530167,-0.00010398921359178193,LC5,107.93705917331879,2.83265433353924,LC5,161.90558875997817,1.55510288902616,4.35332413065158,3.38052715063645,False
28.0,15.0,29.0,527.780356685791,150.0,25.0,5.0,2.5,LC5,1548.225226860989,-0.020168400772217043,LC5,2322.337840291484,-0.198221736865686,LC5,107.93705917331879,2.83265433353924,LC5,161.90558875997817,1.55510288902616,4.35332413065158,3.38052715063645,False
28.0,15.0,29.0,527.780356685791,150.0,25.0,5.0,3.0,LC5,1854.9880216866334,-0.18220496183006096,LC5,2782.4820325299506,-0.3308132889156554,LC5,107.93705917331879,2.83265433353924,LC5,161.90558875997817,1.55510288902616,4.35332413065158,3.38052715063645,False
28.0,15.0,29.0,527.780356685791,150.0,30.0,5.0,1.0,LC5,715.5833551913827,1.119948694997634,LC5,1073.375032787074,0.7347152142762445,LC5,89.94754931109898,3.5991852002470885,LC5,134.9213239666485,2.066123466831392,4.35332413065158,3.38052715063645,True
28.0,15.0,29.0,527.780356685791,150.0,30.0,5.0,1.5,LC5,1066.1694064206908,0.4228508066957417,LC5,1599.2541096310356,0.16429277172817924,LC5,89.94754931109898,3.5991852002470885,LC5,134.9213239666485,2.066123466831392,4.35332413065158,3.38052715063645,True
28.0,15.0,29.0,527.780356685791,150.0,30.0,5.0,2.0,LC5,1416.7554576499983,0.07075641869506488,LC5,2125.1331864749977,-0.12381962135345603,LC5,89.94754931109898,3.5991852002470885,LC5,134.9213239666485,2.066123466831392,4.35332413065158,3.38052715063645,False
28.0,15.0,29.0,527.780356685791,150.0,30.0,5.0,2.5,LC5,1767.3415088793063,-0.1416486330579374,LC5,2651.01226331896,-0.29762678741106563,LC5,89.94754931109898,3.5991852002470885,LC5,134.9213239666485,2.066123466831392,4.35332413065158,3.38052715063645,False
28.0,15.0,29.0,527.780356685791,150.0,30.0,5.0,3.0,LC5,2117.9275601086147,-0.28373376475529555,LC5,3176.8913401629216,-0.41389244999971875,LC5,89.94754931109898,3.5991852002470885,LC5,134.9213239666485,2.066123466831392,4.35332413065158,3.38052715063645,False
28.0,15.0,29.0,527.780356685791,180.0,20.0,5.0,1.0,LC5,459.0493620703546,2.304655501879343,LC5,688.574043105532,1.7041391098656717,LC5,114.07786512041677,2.626342736633694,LC5,171.11679768062515,1.4175618244224628,5.3314436903925815,4.180904483195335,True
28.0,15.0,29.0,527.780356685791,180.0,20.0,5.0,1.5,LC5,681.3684167391488,1.2264019915392699,LC5,1022.0526251087231,0.8218239983503057,LC5,114.07786512041677,2.626342736633694,LC5,171.11679768062515,1.4175618244224628,5.3314436903925815,4.180904483195335,True
28.0,15.0,29.0,527.780356685791,180.0,20.0,5.0,2.0,LC5,903.6874714079427,0.6786776933363015,LC5,1355.531207111914,0.3736312304953606,LC5,114.07786512041677,2.626342736633694,LC5,171.11679768062515,1.4175618244224628,5.3314436903925815,4.180904483195335,True
28.0,15.0,29.0,527.780356685791,180.0,20.0,5.0,2.5,LC5,1126.0065260767367,0.3472390833164827,LC5,1689.0097891151047,0.10242108245892845,LC5,114.07786512041677,2.626342736633694,LC5,171.11679768062515,1.4175618244224628,5.3314436903925815,4.180904483195335,True
28.0,15.0,29.0,527.780356685791,180.0,20.0,5.0,3.0,LC5,1348.3255807455307,0.1250991760915816,LC5,2022.4883711182958,-0.07935193764775861,LC5,114.07786512041677,2.626342736633694,LC5,171.11679768062515,1.4175618244224628,5.3314436903925815,4.180904483195335,False
28.0,15.0,29.0,527.780356685791,180.0,25.0,5.0,1.0,LC5,533.1557136266193,1.84532259755991,LC5,799.733570439929,1.3282754017387615,LC5,91.26229209633341,3.5329284207921186,LC5,136.89343814450012,2.0219522805280787,5.3314436903925815,4.180904483195335,True
28.0,15.0,29.0,527.780356685791,180.0,25.0,5.0,1.5,LC5,792.5279440735458,0.9141280901752329,LC5,1188.7919161103184,0.5662959806224059,LC5,91.26229209633341,3.5329284207921186,LC5,136.89343814450012,2.0219522805280787,5.3314436903925815,4.180904483195335,True
28.0,15.0,29.0,527.780356685791,180.0,25.0,5.0,2.0,LC5,1051.900174520472,0.4421520565785173,LC5,1577.8502617807078,0.18008663122355517,LC5,91.26229209633341,3.5329284207921186,LC5,136.89343814450012,2.0219522805280787,5.3314436903925815,4.180904483195335,True
28.0,15.0,29.0,527.780356685791,180.0,25.0,5.0,2.5,LC5,1311.2724049673982,0.15689157664971742,LC5,1966.9086074510974,-0.053336798188629464,LC5,91.26229209633341,3.5329284207921186,LC5,136.89343814450012,2.0219522805280787,5.3314436903925815,4.180904483195335,False
28.0,15.0,29.0,527.780356685791,180.0,25.0,5.0,3.0,LC5,1570.6446354143247,-0.034154533880398574,LC5,2355.966953121487,-0.20966633359055242,LC5,91.26229209633341,3.5329284207921186,LC5,136.89343814450012,2.0219522805280787,5.3314436903925815,4.180904483195335,False
28.0,15.0,29.0,527.780356685791,180.0,30.0,5.0,1.0,LC5,607.262065182884,1.498097752151104,LC5,910.893097774326,1.044147666229557,LC5,76.05191008027785,4.4395141049505416,LC5,114.07786512041677,2.626342736633694,5.3314436903925815,4.180904483195335,True
28.0,15.0,29.0,527.780356685791,180.0,30.0,5.0,1.5,LC5,903.6874714079427,0.6786776933363015,LC5,1355.531207111914,0.3736312304953606,LC5,76.05191008027785,4.4395141049505416,LC5,114.07786512041677,2.626342736633694,5.3314436903925815,4.180904483195335,True
28.0,15.0,29.0,527.780356685791,180.0,30.0,5.0,2.0,LC5,1200.1128776330013,0.264047764400295,LC5,1800.1693164495018,0.03434714889622037,LC5,76.05191008027785,4.4395141049505416,LC5,114.07786512041677,2.626342736633694,5.3314436903925815,4.180904483195335,True
28.0,15.0,29.0,527.780356685791,180.0,30.0,5.0,2.5,LC5,1496.53828385806,0.013672698094425062,LC5,2244.8074257870903,-0.17053018507940287,LC5,76.05191008027785,4.4395141049505416,LC5,114.07786512041677,2.626342736633694,5.3314436903925815,4.180904483195335,False
28.0,15.0,29.0,527.780356685791,180.0,30.0,5.0,3.0,LC5,1792.9636900831185,-0.15391482360154507,LC5,2689.445535124678,-0.30766398661660166,LC5,76.05191008027785,4.4395141049505416,LC5,114.07786512041677,2.626342736633694,5.3314436903925815,4.180904483195335,False
28.0,20.0,34.0,532.780356685791,120.0,20.0,5.0,1.0,LC5,664.7147908813364,1.2821818030987848,LC5,997.0721863220047,0.8674675971742198,LC5,166.8440868074981,1.4794731746615928,LC5,250.26613021124712,0.6529821164410619,3.3290571044538755,2.542388190944019,True
28.0,20.0,34.0,532.780356685791,120.0,20.0,5.0,1.5,LC5,989.8665599556214,0.5325297988326947,LC5,1484.7998399334322,0.25404108346582177,LC5,166.8440868074981,1.4794731746615928,LC5,250.26613021124712,0.6529821164410619,3.3290571044538755,2.542388190944019,True
28.0,20.0,34.0,532.780356685791,120.0,20.0,5.0,2.0,LC5,1315.018329029906,0.15359608798692315,LC5,1972.5274935448592,-0.05603343624185875,LC5,166.8440868074981,1.4794731746615928,LC5,250.26613021124712,0.6529821164410619,3.3290571044538755,2.542388190944019,False
28.0,20.0,34.0,532.780356685791,120.0,20.0,5.0,2.5,LC5,1640.1700981041909,-0.07509592952984478,LC5,2460.2551471562865,-0.2431679282727186,LC5,166.8440868074981,1.4794731746615928,LC5,250.26613021124712,0.6529821164410619,3.3290571044538755,2.542388190944019,False
28.0,20.0,34.0,532.780356685791,120.0,20.0,5.0,3.0,LC5,1965.321867178476,-0.22811625651024348,LC5,2947.9828007677147,-0.36838166100728353,LC5,166.8440868074981,1.4794731746615928,LC5,250.26613021124712,0.6529821164410619,3.3290571044538755,2.542388190944019,False
28.0,20.0,34.0,532.780356685791,120.0,25.0,5.0,1.0,LC5,773.0987139060983,0.9622332474663218,LC5,1159.648070859147,0.6056595503328026,LC5,133.47526944599846,2.099341468326991,LC5,200.21290416899768,1.0662276455513275,3.3290571044538755,2.542388190944019,True
28.0,20.0,34.0,532.780356685791,120.0,25.0,5.0,1.5,LC5,1152.4424444927638,0.31633471784154277,LC5,1728.6636667391458,0.07713260585407711,LC5,133.47526944599846,2.099341468326991,LC5,200.21290416899768,1.0662276455513275,3.3290571044538755,2.542388190944019,True
28.0,20.0,34.0,532.780356685791,120.0,25.0,5.0,2.0,LC5,1531.7861750794295,-0.009652897591051035,LC5,2297.6792626191445,-0.18961709308483288,LC5,133.47526944599846,2.099341468326991,LC5,200.21290416899768,1.0662276455513275,3.3290571044538755,2.542388190944019,False
28.0,20.0,34.0,532.780356685791,120.0,25.0,5.0,2.5,LC5,1911.1299056660953,-0.20622873646505324,LC5,2866.6948584991433,-0.35047150397623794,LC5,133.47526944599846,2.099341468326991,LC5,200.21290416899768,1.0662276455513275,3.3290571044538755,2.542388190944019,False
28.0,20.0,34.0,532.780356685791,120.0,25.0,5.0,3.0,LC5,2290.473636252761,-0.3376915691193775,LC5,3435.710454379142,-0.45804513368502786,LC5,133.47526944599846,2.099341468326991,LC5,200.21290416899768,1.0662276455513275,3.3290571044538755,2.542388190944019,False
28.0,20.0,34.0,532.780356685791,120.0,30.0,5.0,1.0,LC5,881.4826369308598,0.720964130708099,LC5,1322.2239553962895,0.40823344819972784,LC5,111.22939120499872,2.719209761992389,LC5,166.8440868074981,1.4794731746615928,3.3290571044538755,2.542388190944019,True
28.0,20.0,34.0,532.780356685791,120.0,30.0,5.0,1.5,LC5,1315.018329029906,0.15359608798692315,LC5,1972.5274935448592,-0.05603343624185875,LC5,111.22939120499872,2.719209761992389,LC5,166.8440868074981,1.4794731746615928,3.3290571044538755,2.542388190944019,False
28.0,20.0,34.0,532.780356685791,120.0,30.0,5.0,2.0,LC5,1748.5540211289529,-0.13242600361837842,LC5,2622.8310316934294,-0.2900800785486358,LC5,111.22939120499872,2.719209761992389,LC5,166.8440868074981,1.4794731746615928,3.3290571044538755,2.542388190944019,False
28.0,20.0,34.0,532.780356685791,120.0,30.0,5.0,2.5,LC5,2182.0897132279993,-0.3047948529321105,LC5,3273.1345698419996,-0.4311263529596089,LC5,111.22939120499872,2.719209761992389,LC5,166.8440868074981,1.4794731746615928,3.3290571044538755,2.542388190944019,False
28.0,20.0,34.0,532.780356685791,120.0,30.0,5.0,3.0,LC5,2615.6254053270454,-0.42002398473785985,LC5,3923.438107990569,-0.5254162424003055,LC5,111.22939120499872,2.719209761992389,LC5,166.8440868074981,1.4794731746615928,3.3290571044538755,2.542388190944019,False
28.0,20.0,34.0,532.780356685791,150.0,20.0,5.0,1.0,LC5,542.3400080244461,1.7971382851246722,LC5,813.5100120366691,1.2888470608227376,LC5,135.44719643819008,2.0542192711894387,LC5,203.17079465728511,1.0361461807929593,4.332539899854794,3.363519795003131,True
28.0,20.0,34.0,532.780356685791,150.0,20.0,5.0,1.5,LC5,806.3043856702858,0.8814234759977257,LC5,1209.4565785054285,0.5395343934554013,LC5,135.44719643819008,2.0542192711894387,LC5,203.17079465728511,1.0361461807929593,4.332539899854794,3.363519795003131,True
28.0,20.0,34.0,532.780356685791,150.0,20.0,5.0,2.0,LC5,1070.2687633161256,0.4174009856175942,LC5,1605.403144974188,0.15983328289165488,LC5,135.44719643819008,2.0542192711894387,LC5,203.17079465728511,1.0361461807929593,4.332539899854794,3.363519795003131,True
28.0,20.0,34.0,532.780356685791,150.0,20.0,5.0,2.5,LC5,1334.233140961965,0.13698270071920282,LC5,2001.3497114429476,-0.06962786695708378,LC5,135.44719643819008,2.0542192711894387,LC5,203.17079465728511,1.0361461807929593,4.332539899854794,3.363519795003131,False
28.0,20.0,34.0,532.780356685791,150.0,20.0,5.0,3.0,LC5,1598.1975186078048,-0.05080568431775334,LC5,2397.2962779117074,-0.22329166521628518,LC5,135.44719643819008,2.0542192711894387,LC5,203.17079465728511,1.0361461807929593,4.332539899854794,3.363519795003131,False
28.0,20.0,34.0,532.780356685791,150.0,25.0,5.0,1.0,LC5,630.3281339063928,1.4066829931872955,LC5,945.492200859589,0.96934464219501,LC5,108.35775715055206,2.8177740889867984,LC5,162.5366357258281,1.5451827259911988,4.332539899854794,3.363519795003131,True
28.0,20.0,34.0,532.780356685791,150.0,25.0,5.0,1.5,LC5,938.2865744932059,0.6167768368841609,LC5,1407.4298617398085,0.3229788926733941,LC5,108.35775715055206,2.8177740889867984,LC5,162.5366357258281,1.5451827259911988,4.332539899854794,3.363519795003131,True
28.0,20.0,34.0,532.780356685791,150.0,25.0,5.0,2.0,LC5,1246.2450150800187,0.21725662421413716,LC5,1869.367522620028,-0.003941184668546094,LC5,108.35775715055206,2.8177740889867984,LC5,162.5366357258281,1.5451827259911988,4.332539899854794,3.363519795003131,False
28.0,20.0,34.0,532.780356685791,150.0,25.0,5.0,2.5,LC5,1554.2034556668318,-0.023937313696725582,LC5,2331.3051835002475,-0.20130576932687438,LC5,108.35775715055206,2.8177740889867984,LC5,162.5366357258281,1.5451827259911988,4.332539899854794,3.363519795003131,False
28.0,20.0,34.0,532.780356685791,150.0,25.0,5.0,3.0,LC5,1862.161896253645,-0.1853554714807839,LC5,2793.2428443804674,-0.3333912932969544,LC5,108.35775715055206,2.8177740889867984,LC5,162.5366357258281,1.5451827259911988,4.332539899854794,3.363519795003131,False
28.0,20.0,34.0,532.780356685791,150.0,30.0,5.0,1.0,LC5,718.3162597883393,1.1118831424573385,LC5,1077.4743896825087,0.7281153202617294,LC5,90.29813095879338,3.581328906784158,LC5,135.44719643819008,2.0542192711894387,4.332539899854794,3.363519795003131,True
28.0,20.0,34.0,532.780356685791,150.0,30.0,5.0,1.5,LC5,1070.2687633161256,0.4174009856175942,LC5,1605.403144974188,0.15983328289165488,LC5,90.29813095879338,3.581328906784158,LC5,135.44719643819008,2.0542192711894387,4.332539899854794,3.363519795003131,True
28.0,20.0,34.0,532.780356685791,150.0,30.0,5.0,2.0,LC5,1422.2212668439117,0.06664134151672063,LC5,2133.3319002658673,-0.12718691368748225,LC5,90.29813095879338,3.581328906784158,LC5,135.44719643819008,2.0542192711894387,4.332539899854794,3.363519795003131,False
28.0,20.0,34.0,532.780356685791,150.0,30.0,5.0,2.5,LC5,1774.1737703716979,-0.14495410464659209,LC5,2661.260655557547,-0.30033159430980205,LC5,90.29813095879338,3.581328906784158,LC5,135.44719643819008,2.0542192711894387,4.332539899854794,3.363519795003131,False
28.0,20.0,34.0,532.780356685791,150.0,30.0,5.0,3.0,LC5,2126.126273899484,-0.2864958123029534,LC5,3189.1894108492265,-0.4161525829523618,LC5,90.29813095879338,3.581328906784158,LC5,135.44719643819008,2.0542192711894387,4.332539899854794,3.363519795003131,False
28.0,20.0,34.0,532.780356685791,180.0,20.0,5.0,1.0,LC5,460.7576437516032,2.2924033286745047,LC5,691.1364656274047,1.6941133807918822,LC5,114.51614767678936,2.612463796439332,LC5,171.774221515184,1.4083091976262216,5.30721163768691,4.161075838001771,True
28.0,20.0,34.0,532.780356685791,180.0,20.0,5.0,1.5,LC5,683.9308392610214,1.2180605302710128,LC5,1025.8962588915322,0.8149983332738413,LC5,114.51614767678936,2.612463796439332,LC5,171.774221515184,1.4083091976262216,5.30721163768691,4.161075838001771,True
28.0,20.0,34.0,532.780356685791,180.0,20.0,5.0,2.0,LC5,907.1040347704397,0.6723550352015646,LC5,1360.6560521556592,0.368457515071551,LC5,114.51614767678936,2.612463796439332,LC5,171.774221515184,1.4083091976262216,5.30721163768691,4.161075838001771,True
28.0,20.0,34.0,532.780356685791,180.0,20.0,5.0,2.5,LC5,1130.277230279858,0.342148598025273,LC5,1695.4158454197861,0.09825563151969208,LC5,114.51614767678936,2.612463796439332,LC5,171.774221515184,1.4083091976262216,5.30721163768691,4.161075838001771,True
28.0,20.0,34.0,532.780356685791,180.0,20.0,5.0,3.0,LC5,1353.450425789276,0.12083898389950165,LC5,2030.175638683914,-0.08283797494138778,LC5,114.51614767678936,2.612463796439332,LC5,171.774221515184,1.4083091976262216,5.30721163768691,4.161075838001771,False
28.0,20.0,34.0,532.780356685791,180.0,25.0,5.0,1.0,LC5,535.1487089214094,1.8347260765283524,LC5,802.7230633821137,1.3196044625338583,LC5,91.61291814143149,3.5155797455491644,LC5,137.4193772121472,2.010386497032777,5.30721163768691,4.161075838001771,True
28.0,20.0,34.0,532.780356685791,180.0,25.0,5.0,1.5,LC5,795.5174370157308,0.9069349449973179,LC5,1193.2761555235957,0.5604099615842706,LC5,91.61291814143149,3.5155797455491644,LC5,137.4193772121472,2.010386497032777,5.30721163768691,4.161075838001771,True
28.0,20.0,34.0,532.780356685791,180.0,25.0,5.0,2.0,LC5,1055.8861651100522,0.43670790481650745,LC5,1583.8292476650772,0.17563178148465775,LC5,91.61291814143149,3.5155797455491644,LC5,137.4193772121472,2.010386497032777,5.30721163768691,4.161075838001771,True
28.0,20.0,34.0,532.780356685791,180.0,25.0,5.0,2.5,LC5,1316.2548932043733,0.15251233467928116,LC5,1974.3823398065588,-0.05692025173683912,LC5,91.61291814143149,3.5155797455491644,LC5,137.4193772121472,2.010386497032777,5.30721163768691,4.161075838001771,False
28.0,20.0,34.0,532.780356685791,180.0,25.0,5.0,3.0,LC5,1576.6236212986948,-0.03781728276377194,LC5,2364.9354319480412,-0.21266349396007145,LC5,91.61291814143149,3.5155797455491644,LC5,137.4193772121472,2.010386497032777,5.30721163768691,4.161075838001771,False
28.0,20.0,34.0,532.780356685791,180.0,30.0,5.0,1.0,LC5,609.5397740912155,1.488762939648605,LC5,914.3096611368228,1.0365091600200853,LC5,76.3440984511929,4.4186956946589975,LC5,114.51614767678932,2.612463796439333,5.30721163768691,4.161075838001771,True
28.0,20.0,34.0,532.780356685791,180.0,30.0,5.0,1.5,LC5,907.1040347704399,0.6723550352015644,LC5,1360.6560521556592,0.368457515071551,LC5,76.3440984511929,4.4186956946589975,LC5,114.51614767678932,2.612463796439333,5.30721163768691,4.161075838001771,True
28.0,20.0,34.0,532.780356685791,180.0,30.0,5.0,2.0,LC5,1204.6682954496641,0.25926780486387124,LC5,1807.0024431744955,0.030435795498364726,LC5,76.3440984511929,4.4186956946589975,LC5,114.51614767678932,2.612463796439333,5.30721163768691,4.161075838001771,True
28.0,20.0,34.0,532.780356685791,180.0,30.0,5.0,2.5,LC5,1502.2325561288883,0.00983033140299261,LC5,2253.348834193332,-0.17367432341359146,LC5,76.3440984511929,4.4186956946589975,LC5,114.51614767678932,2.612463796439333,5.30721163768691,4.161075838001771,False
28.0,20.0,34.0,532.780356685791,180.0,30.0,5.0,3.0,LC5,1799.796816808113,-0.15712707910532075,LC5,2699.6952252121687,-0.3102925164992779,LC5,76.3440984511929,4.4186956946589975,LC5,114.51614767678932,2.612463796439333,5.30721163768691,4.161075838001771,False
30.0,5.0,20.0,518.780356685791,120.0,20.0,5.0,1.0,LC5,535.4430012354088,1.8331680430967987,LC5,803.1645018531136,1.3183295522945446,LC5,154.0035811653654,1.6862066093508306,LC5,231.00537174804816,0.7908044062338866,4.0250054520848675,3.1118699854018983,True
30.0,5.0,20.0,518.780356685791,120.0,20.0,5.0,1.5,LC5,796.8876006628416,0.9036561727628558,LC5,1195.3314009942626,0.5577270022783727,LC5,154.0035811653654,1.6862066093508306,LC5,231.00537174804816,0.7908044062338866,4.0250054520848675,3.1118699854018983,True
30.0,5.0,20.0,518.780356685791,120.0,20.0,5.0,2.0,LC5,1058.332200090274,0.4333873616153816,LC5,1587.498300135412,0.17291464176130034,LC5,154.0035811653654,1.6862066093508306,LC5,231.00537174804816,0.7908044062338866,4.0250054520848675,3.1118699854018983,True
30.0,5.0,20.0,518.780356685791,120.0,20.0,5.0,2.5,LC5,1319.7767995177069,0.14943678397314253,LC5,1979.665199276561,-0.05943691858580935,LC5,154.0035811653654,1.6862066093508306,LC5,231.00537174804816,0.7908044062338866,4.0250054520848675,3.1118699854018983,False
30.0,5.0,20.0,518.780356685791,120.0,20.0,5.0,3.0,LC5,1581.2213989451398,-0.04061505807345067,LC5,2371.8320984177103,-0.2149528622864274,LC5,154.0035811653654,1.6862066093508306,LC5,231.00537174804816,0.7908044062338866,4.0250054520848675,3.1118699854018983,False
30.0,5.0,20.0,518.780356685791,120.0,25.0,5.0,1.0,LC5,622.5912010445531,1.4365908118438733,LC5,933.88680156683,0.993817662778858,LC5,123.20286493229231,2.3577582616885384,LC5,184.80429739843854,1.2385055077923584,4.0250054520848675,3.1118699854018983,True
30.0,5.0,20.0,518.780356685791,120.0,25.0,5.0,1.5,LC5,927.609900376558,0.6353857363792499,LC5,1391.4148505648373,0.3382062145190783,LC5,123.20286493229231,2.3577582616885384,LC5,184.80429739843854,1.2385055077923584,4.0250054520848675,3.1118699854018983,True
30.0,5.0,20.0,518.780356685791,120.0,25.0,5.0,2.0,LC5,1232.628599708563,0.23070323076932708,LC5,1848.9428995628446,0.007061927353323227,LC5,123.20286493229231,2.3577582616885384,LC5,184.80429739843854,1.2385055077923584,4.0250054520848675,3.1118699854018983,True
30.0,5.0,20.0,518.780356685791,120.0,25.0,5.0,2.5,LC5,1537.647299040568,-0.013427851142099434,LC5,2306.470948560852,-0.19270606848015337,LC5,123.20286493229231,2.3577582616885384,LC5,184.80429739843854,1.2385055077923584,4.0250054520848675,3.1118699854018983,False
30.0,5.0,20.0,518.780356685791,120.0,25.0,5.0,3.0,LC5,1842.6659983725726,-0.17673631502409992,LC5,2763.998997558859,-0.32633839533064124,LC5,123.20286493229231,2.3577582616885384,LC5,184.80429739843854,1.2385055077923584,4.0250054520848675,3.1118699854018983,False
30.0,5.0,20.0,518.780356685791,120.0,30.0,5.0,1.0,LC5,709.7394008536972,1.1374042334063796,LC5,1064.6091012805462,0.7489987618557143,LC5,102.6690541102436,3.0293099140262463,LC5,154.00358116536543,1.68620660935083,4.0250054520848675,3.1118699854018983,True
30.0,5.0,20.0,518.780356685791,120.0,30.0,5.0,1.5,LC5,1058.3322000902742,0.4333873616153814,LC5,1587.498300135412,0.17291464176130034,LC5,102.6690541102436,3.0293099140262463,LC5,154.00358116536543,1.68620660935083,4.0250054520848675,3.1118699854018983,True
30.0,5.0,20.0,518.780356685791,120.0,30.0,5.0,2.0,LC5,1406.924999326851,0.07823800183081175,LC5,2110.387498990277,-0.11769757881389975,LC5,102.6690541102436,3.0293099140262463,LC5,154.00358116536543,1.68620660935083,4.0250054520848675,3.1118699854018983,False
30.0,5.0,20.0,518.780356685791,120.0,30.0,5.0,2.5,LC5,1755.5177985634286,-0.1358674909241091,LC5,2633.2766978451423,-0.29289618461906863,LC5,102.6690541102436,3.0293099140262463,LC5,154.00358116536543,1.68620660935083,4.0250054520848675,3.1118699854018983,False
30.0,5.0,20.0,518.780356685791,120.0,30.0,5.0,3.0,LC5,2104.110597800005,-0.27903029356625564,LC5,3156.165896700009,-0.41004368561651006,LC5,102.6690541102436,3.0293099140262463,LC5,154.00358116536543,1.68620660935083,4.0250054520848675,3.1118699854018983,False
30.0,5.0,20.0,518.780356685791,150.0,20.0,5.0,1.0,LC5,437.1134790093585,2.470494672088392,LC5,655.6702185140376,1.8398422673823722,LC5,125.0431463538322,2.308341557717237,LC5,187.56471953074825,1.2055610384781583,5.188814481736997,4.064193612390372,True
30.0,5.0,20.0,518.780356685791,150.0,20.0,5.0,1.5,LC5,649.393317323766,1.336026502785328,LC5,974.089975985649,0.9115277293721298,LC5,125.0431463538322,2.308341557717237,LC5,187.56471953074825,1.2055610384781583,5.188814481736997,4.064193612390372,True
30.0,5.0,20.0,518.780356685791,150.0,20.0,5.0,2.0,LC5,861.6731556381736,0.7605283280253488,LC5,1292.50973345726,0.44060810669444117,LC5,125.0431463538322,2.308341557717237,LC5,187.56471953074825,1.2055610384781583,5.188814481736997,4.064193612390372,True
30.0,5.0,20.0,518.780356685791,150.0,20.0,5.0,2.5,LC5,1073.952993952581,0.41253854548775637,LC5,1610.9294909288712,0.1558544371339059,LC5,125.0431463538322,2.308341557717237,LC5,187.56471953074825,1.2055610384781583,5.188814481736997,4.064193612390372,True
30.0,5.0,20.0,518.780356685791,150.0,20.0,5.0,3.0,LC5,1286.2328322669885,0.1794132150446539,LC5,1929.3492484004826,-0.034907753718679047,LC5,125.0431463538322,2.308341557717237,LC5,187.56471953074825,1.2055610384781583,5.188814481736997,4.064193612390372,False
30.0,5.0,20.0,518.780356685791,150.0,25.0,5.0,1.0,LC5,507.8734251141611,1.9869647140111826,LC5,761.8101376712414,1.444178553060349,LC5,100.03451708306577,3.135426947146546,LC5,150.0517756245986,1.756951298097698,5.188814481736997,4.064193612390372,True
30.0,5.0,20.0,518.780356685791,150.0,25.0,5.0,1.5,LC5,755.5332364809698,1.0078534295403032,LC5,1133.2998547214545,0.6429897103072049,LC5,100.03451708306577,3.135426947146546,LC5,150.0517756245986,1.756951298097698,5.188814481736997,4.064193612390372,True
30.0,5.0,20.0,518.780356685791,150.0,25.0,5.0,2.0,LC5,1003.1930478477786,0.5121715638426003,LC5,1504.7895717716674,0.23738231240383345,LC5,100.03451708306577,3.135426947146546,LC5,150.0517756245986,1.756951298097698,5.188814481736997,4.064193612390372,True
30.0,5.0,20.0,518.780356685791,150.0,25.0,5.0,2.5,LC5,1250.8528592145874,0.21277254061083317,LC5,1876.2792888218808,-0.007610428205945152,LC5,100.03451708306577,3.135426947146546,LC5,150.0517756245986,1.756951298097698,5.188814481736997,4.064193612390372,False
30.0,5.0,20.0,518.780356685791,150.0,25.0,5.0,3.0,LC5,1498.5126705813962,0.012337119185940049,LC5,2247.7690058720937,-0.17162306485422074,LC5,100.03451708306577,3.135426947146546,LC5,150.0517756245986,1.756951298097698,5.188814481736997,4.064193612390372,False
30.0,5.0,20.0,518.780356685791,150.0,30.0,5.0,1.0,LC5,578.6333712189635,1.6216946264337468,LC5,867.9500568284451,1.1452847261787023,LC5,83.36209756922146,3.9625123365758554,LC5,125.04314635383217,2.3083415577172377,5.188814481736997,4.064193612390372,True
30.0,5.0,20.0,518.780356685791,150.0,30.0,5.0,1.5,LC5,861.6731556381736,0.7605283280253488,LC5,1292.50973345726,0.44060810669444117,LC5,83.36209756922146,3.9625123365758554,LC5,125.04314635383217,2.3083415577172377,5.188814481736997,4.064193612390372,True
30.0,5.0,20.0,518.780356685791,150.0,30.0,5.0,2.0,LC5,1144.7129400573835,0.3252230728901815,LC5,1717.0694100860749,0.08440578410086519,LC5,83.36209756922146,3.9625123365758554,LC5,125.04314635383217,2.3083415577172377,5.188814481736997,4.064193612390372,True
30.0,5.0,20.0,518.780356685791,150.0,30.0,5.0,2.5,LC5,1427.7527244765938,0.06250891628039001,LC5,2141.6290867148896,-0.1305684016198254,LC5,83.36209756922146,3.9625123365758554,LC5,125.04314635383217,2.3083415577172377,5.188814481736997,4.064193612390372,False
30.0,5.0,20.0,518.780356685791,150.0,30.0,5.0,3.0,LC5,1710.7925088958036,-0.11327645397563912,LC5,2566.1887633437045,-0.27441035258301005,LC5,83.36209756922146,3.9625123365758554,LC5,125.04314635383217,2.3083415577172377,5.188814481736997,4.064193612390372,False
30.0,5.0,20.0,518.780356685791,180.0,20.0,5.0,1.0,LC5,371.56115672027516,3.0827733808086215,LC5,557.3417350804127,2.340858727780995,LC5,105.73639377922582,2.9124224196057176,LC5,158.60459066883874,1.6082816130704782,6.318850277912529,4.988881220599045,True
30.0,5.0,20.0,518.780356685791,180.0,20.0,5.0,1.5,LC5,551.064833890141,1.7528521268378117,LC5,826.5972508352115,1.2526085080958054,LC5,105.73639377922582,2.9124224196057176,LC5,158.60459066883874,1.6082816130704782,6.318850277912529,4.988881220599045,True
30.0,5.0,20.0,518.780356685791,180.0,20.0,5.0,2.0,LC5,730.5685110600068,1.0764650775858557,LC5,1095.85276659001,0.6991333660579493,LC5,105.73639377922582,2.9124224196057176,LC5,158.60459066883874,1.6082816130704782,6.318850277912529,4.988881220599045,True
30.0,5.0,20.0,518.780356685791,180.0,20.0,5.0,2.5,LC5,910.0721882298728,0.6669007355895868,LC5,1365.1082823448091,0.363994361532767,LC5,105.73639377922582,2.9124224196057176,LC5,158.60459066883874,1.6082816130704782,6.318850277912529,4.988881220599045,True
30.0,5.0,20.0,518.780356685791,180.0,20.0,5.0,3.0,LC5,1089.5758653997386,0.39228487723840133,LC5,1634.3637980996077,0.13928123112190893,LC5,105.73639377922582,2.9124224196057176,LC5,158.60459066883874,1.6082816130704782,6.318850277912529,4.988881220599045,True
30.0,5.0,20.0,518.780356685791,180.0,25.0,5.0,1.0,LC5,431.3957157768972,2.5164929657867523,LC5,647.0935736653458,1.8774818291781727,LC5,84.58911502338066,3.890528024507147,LC5,126.883672535071,2.2603520163380977,6.318850277912529,4.988881220599045,True
30.0,5.0,20.0,518.780356685791,180.0,25.0,5.0,1.5,LC5,640.816672475074,1.367291715648998,LC5,961.225008712611,0.9371114807903469,LC5,84.58911502338066,3.890528024507147,LC5,126.883672535071,2.2603520163380977,6.318850277912529,4.988881220599045,True
30.0,5.0,20.0,518.780356685791,180.0,25.0,5.0,2.0,LC5,850.2376291732509,0.784207082760018,LC5,1275.3564437598764,0.459983998285719,LC5,84.58911502338066,3.890528024507147,LC5,126.883672535071,2.2603520163380977,6.318850277912529,4.988881220599045,True
30.0,5.0,20.0,518.780356685791,180.0,25.0,5.0,2.5,LC5,1059.6585858714277,0.4315931756004885,LC5,1589.4878788071412,0.17144649218550212,LC5,84.58911502338066,3.890528024507147,LC5,126.883672535071,2.2603520163380977,6.318850277912529,4.988881220599045,True
30.0,5.0,20.0,518.780356685791,180.0,25.0,5.0,3.0,LC5,1269.0795425696047,0.19535454564842447,LC5,1903.6193138544068,-0.021863254670460797,LC5,84.58911502338066,3.890528024507147,LC5,126.883672535071,2.2603520163380977,6.318850277912529,4.988881220599045,False
30.0,5.0,20.0,518.780356685791,180.0,30.0,5.0,1.0,LC5,491.23027483351905,2.088164711578741,LC5,736.8454122502786,1.5269886587385697,LC5,70.49092918615055,4.868633629408576,LC5,105.73639377922584,2.912422419605717,6.318850277912529,4.988881220599045,True
30.0,5.0,20.0,518.780356685791,180.0,30.0,5.0,1.5,LC5,730.5685110600068,1.0764650775858557,LC5,1095.85276659001,0.6991333660579493,LC5,70.49092918615055,4.868633629408576,LC5,105.73639377922584,2.912422419605717,6.318850277912529,4.988881220599045,True
30.0,5.0,20.0,518.780356685791,180.0,30.0,5.0,2.0,LC5,969.9067472864946,0.5640678902833769,LC5,1454.860120929742,0.27984812643711177,LC5,70.49092918615055,4.868633629408576,LC5,105.73639377922584,2.912422419605717,6.318850277912529,4.988881220599045,True
30.0,5.0,20.0,518.780356685791,180.0,30.0,5.0,2.5,LC5,1209.2449835129823,0.25450179300554754,LC5,1813.8674752694737,0.026535855230203964,LC5,70.49092918615055,4.868633629408576,LC5,105.73639377922584,2.912422419605717,6.318850277912529,4.988881220599045,True
30.0,5.0,20.0,518.780356685791,180.0,30.0,5.0,3.0,LC5,1448.5832197394702,0.04723013447086233,LC5,2172.8748296092053,-0.14307074911678952,LC5,70.49092918615055,4.868633629408576,LC5,105.73639377922584,2.912422419605717,6.318850277912529,4.988881220599045,False
30.0,10.0,25.0,523.780356685791,120.0,20.0,5.0,1.0,LC5,537.5256695601407,1.8221908011227943,LC5,806.288504340211,1.3093470761110275,LC5,154.6169776193193,1.675549890831729,LC5,231.92546642897892,0.7836999272211529,4.005070251094218,3.0955573753185828,True
30.0,10.0,25.0,523.780356685791,120.0,20.0,5.0,1.5,LC5,800.0116031499393,0.8962224973075568,LC5,1200.0174047249086,0.551644161716841,LC5,154.6169776193193,1.675549890831729,LC5,231.92546642897892,0.7836999272211529,4.005070251094218,3.0955573753185828,True
30.0,10.0,25.0,523.780356685791,120.0,20.0,5.0,2.0,LC5,1062.497536739738,0.42776801596632197,LC5,1593.7463051096067,0.16831643407132146,LC5,154.6169776193193,1.675549890831729,LC5,231.92546642897892,0.7836999272211529,4.005070251094218,3.0955573753185828,True
30.0,10.0,25.0,523.780356685791,120.0,20.0,5.0,2.5,LC5,1324.9834703295364,0.14491994350896098,LC5,1987.4752054943046,-0.06313296646289368,LC5,154.6169776193193,1.675549890831729,LC5,231.92546642897892,0.7836999272211529,4.005070251094218,3.0955573753185828,False
30.0,10.0,25.0,523.780356685791,120.0,20.0,5.0,3.0,LC5,1587.469403919335,-0.04439103125096566,LC5,2381.204105879002,-0.2180426720234223,LC5,154.6169776193193,1.675549890831729,LC5,231.92546642897892,0.7836999272211529,4.005070251094218,3.0955573753185828,False
30.0,10.0,25.0,523.780356685791,120.0,25.0,5.0,1.0,LC5,625.0209807567403,1.4271185235466843,LC5,937.5314711351105,0.9860666626429031,LC5,123.69358209545544,2.344437363539661,LC5,185.54037314318313,1.229624909026441,4.005070251094218,3.0955573753185828,True
30.0,10.0,25.0,523.780356685791,120.0,25.0,5.0,1.5,LC5,931.2545699448387,0.628985294633085,LC5,1396.8818549172581,0.3329688501897623,LC5,123.69358209545544,2.344437363539661,LC5,185.54037314318313,1.229624909026441,4.005070251094218,3.0955573753185828,True
30.0,10.0,25.0,523.780356685791,120.0,25.0,5.0,2.0,LC5,1237.4881591329372,0.2258703154484376,LC5,1856.2322386994056,0.0031072412063242183,LC5,123.69358209545544,2.344437363539661,LC5,185.54037314318313,1.229624909026441,4.005070251094218,3.0955573753185828,True
30.0,10.0,25.0,523.780356685791,120.0,25.0,5.0,2.5,LC5,1543.7217483210356,-0.017309951323869366,LC5,2315.5826224815532,-0.19588272000221696,LC5,123.69358209545544,2.344437363539661,LC5,185.54037314318313,1.229624909026441,4.005070251094218,3.0955573753185828,False
30.0,10.0,25.0,523.780356685791,120.0,25.0,5.0,3.0,LC5,1849.955337509134,-0.1799802031747646,LC5,2774.933006263701,-0.32899280962927335,LC5,123.69358209545544,2.344437363539661,LC5,185.54037314318313,1.229624909026441,4.005070251094218,3.0955573753185828,False
30.0,10.0,25.0,523.780356685791,120.0,30.0,5.0,1.0,LC5,712.5162919533396,1.129074123822762,LC5,1068.7744379300098,0.7421823856550129,LC5,103.0779850795462,3.0133248362475937,LC5,154.6169776193193,1.675549890831729,4.005070251094218,3.0955573753185828,True
30.0,10.0,25.0,523.780356685791,120.0,30.0,5.0,1.5,LC5,1062.497536739738,0.42776801596632197,LC5,1593.7463051096067,0.16831643407132146,LC5,103.0779850795462,3.0133248362475937,LC5,154.6169776193193,1.675549890831729,4.005070251094218,3.0955573753185828,True
30.0,10.0,25.0,523.780356685791,120.0,30.0,5.0,2.0,LC5,1412.478781526136,0.07399843441253862,LC5,2118.718172289204,-0.12116673923263177,LC5,103.0779850795462,3.0133248362475937,LC5,154.6169776193193,1.675549890831729,4.005070251094218,3.0955573753185828,False
30.0,10.0,25.0,523.780356685791,120.0,30.0,5.0,2.5,LC5,1762.4600263125344,-0.13927125872244173,LC5,2643.690039468801,-0.29568142550700327,LC5,103.0779850795462,3.0133248362475937,LC5,154.6169776193193,1.675549890831729,4.005070251094218,3.0955573753185828,False
30.0,10.0,25.0,523.780356685791,120.0,30.0,5.0,3.0,LC5,2112.4412710989327,-0.2818735267320226,LC5,3168.6619066483986,-0.4123702512744565,LC5,103.0779850795462,3.0133248362475937,LC5,154.6169776193193,1.675549890831729,4.005070251094218,3.0955573753185828,False
30.0,10.0,25.0,523.780356685791,150.0,20.0,5.0,1.0,LC5,438.77983888269455,2.457314729552927,LC5,658.1697583240418,1.829057361646913,LC5,125.53392984786119,2.295407369875706,LC5,188.3008947717918,1.1969382465838039,5.164618887773475,4.044394800718177,True
30.0,10.0,25.0,523.780356685791,150.0,20.0,5.0,1.5,LC5,651.8928571337701,1.3270695228506049,LC5,977.8392857006551,0.9041983966371465,LC5,125.53392984786119,2.295407369875706,LC5,188.3008947717918,1.1969382465838039,5.164618887773475,4.044394800718177,True
30.0,10.0,25.0,523.780356685791,150.0,20.0,5.0,2.0,LC5,865.0058753848456,0.753745313377298,LC5,1297.5088130772683,0.4350576899619991,LC5,125.53392984786119,2.295407369875706,LC5,188.3008947717918,1.1969382465838039,5.164618887773475,4.044394800718177,True
30.0,10.0,25.0,523.780356685791,150.0,20.0,5.0,2.5,LC5,1078.118893635921,0.4070804332942972,LC5,1617.1783404538817,0.15138816382947962,LC5,125.53392984786119,2.295407369875706,LC5,188.3008947717918,1.1969382465838039,5.164618887773475,4.044394800718177,True
30.0,10.0,25.0,523.780356685791,150.0,20.0,5.0,3.0,LC5,1291.2319118869968,0.17484704802800866,LC5,1936.8478678304948,-0.03864416461078768,LC5,125.53392984786119,2.295407369875706,LC5,188.3008947717918,1.1969382465838039,5.164618887773475,4.044394800718177,False
30.0,10.0,25.0,523.780356685791,150.0,25.0,5.0,1.0,LC5,509.8175116330531,1.9755745249721395,LC5,764.7262674495797,1.4348581698519545,LC5,100.42714387828896,3.119259212344632,LC5,150.64071581743343,1.7461728082297547,5.164618887773475,4.044394800718177,True
30.0,10.0,25.0,523.780356685791,150.0,25.0,5.0,1.5,LC5,758.449366259308,1.0001335191060723,LC5,1137.6740493889617,0.6366726489015633,LC5,100.42714387828896,3.119259212344632,LC5,150.64071581743343,1.7461728082297547,5.164618887773475,4.044394800718177,True
30.0,10.0,25.0,523.780356685791,150.0,25.0,5.0,2.0,LC5,1007.0812208855626,0.506333321026528,LC5,1510.6218313283441,0.23260498516870798,LC5,100.42714387828896,3.119259212344632,LC5,150.64071581743343,1.7461728082297547,5.164618887773475,4.044394800718177,True
30.0,10.0,25.0,523.780356685791,150.0,25.0,5.0,2.5,LC5,1255.7130755118178,0.2080785249302941,LC5,1883.5696132677263,-0.011451455319618442,LC5,100.42714387828896,3.119259212344632,LC5,150.64071581743343,1.7461728082297547,5.164618887773475,4.044394800718177,False
30.0,10.0,25.0,523.780356685791,150.0,25.0,5.0,3.0,LC5,1504.3449301380724,0.008412345871213311,LC5,2256.5173952071086,-0.17483463501990815,LC5,100.42714387828896,3.119259212344632,LC5,150.64071581743343,1.7461728082297547,5.164618887773475,4.044394800718177,False
30.0,10.0,25.0,523.780356685791,150.0,30.0,5.0,1.0,LC5,580.8551843834116,1.61166645454034,LC5,871.2827765751174,1.1370788566706715,LC5,83.68928656524079,3.943111054813559,LC5,125.53392984786119,2.295407369875706,5.164618887773475,4.044394800718177,True
30.0,10.0,25.0,523.780356685791,150.0,30.0,5.0,1.5,LC5,865.0058753848456,0.753745313377298,LC5,1297.5088130772683,0.4350576899619991,LC5,83.68928656524079,3.943111054813559,LC5,125.53392984786119,2.295407369875706,5.164618887773475,4.044394800718177,True
30.0,10.0,25.0,523.780356685791,150.0,30.0,5.0,2.0,LC5,1149.1565663862798,0.32009862221861307,LC5,1723.7348495794195,0.08021253991257193,LC5,83.68928656524079,3.943111054813559,LC5,125.53392984786119,2.295407369875706,5.164618887773475,4.044394800718177,True
30.0,10.0,25.0,523.780356685791,150.0,30.0,5.0,2.5,LC5,1433.307257387714,0.05839134782923039,LC5,2149.9608860815706,-0.13393773251679764,LC5,83.68928656524079,3.943111054813559,LC5,125.53392984786119,2.295407369875706,5.164618887773475,4.044394800718177,False
30.0,10.0,25.0,523.780356685791,150.0,30.0,5.0,3.0,LC5,1717.4579483891478,-0.11671782041427148,LC5,2576.1869225837218,-0.27722635975010923,LC5,83.68928656524079,3.943111054813559,LC5,125.53392984786119,2.295407369875706,5.164618887773475,4.044394800718177,False
30.0,10.0,25.0,523.780356685791,180.0,20.0,5.0,1.0,LC5,372.94996953412607,3.067569711548642,LC5,559.4249543011889,2.3284178435084923,LC5,106.14543291671383,2.8973456155640407,LC5,159.2181493750707,1.5982304103760274,6.29064655663297,4.965802631707577,True
30.0,10.0,25.0,523.780356685791,180.0,20.0,5.0,1.5,LC5,553.1480531109173,1.7424845689474222,LC5,829.7220796663757,1.244124925238454,LC5,106.14543291671383,2.8973456155640407,LC5,159.2181493750707,1.5982304103760274,6.29064655663297,4.965802631707577,True
30.0,10.0,25.0,523.780356685791,180.0,20.0,5.0,2.0,LC5,733.3461366877086,1.068600247697229,LC5,1100.0192050315625,0.6926977197153337,LC5,106.14543291671383,2.8973456155640407,LC5,159.2181493750707,1.5982304103760274,6.29064655663297,4.965802631707577,True
30.0,10.0,25.0,523.780356685791,180.0,20.0,5.0,2.5,LC5,913.5442202644999,0.6605654836946815,LC5,1370.3163303967494,0.3588103408655232,LC5,106.14543291671383,2.8973456155640407,LC5,159.2181493750707,1.5982304103760274,6.29064655663297,4.965802631707577,True
30.0,10.0,25.0,523.780356685791,180.0,20.0,5.0,3.0,LC5,1093.7423038412912,0.3869811880478622,LC5,1640.6134557619362,0.13494131933426523,LC5,106.14543291671383,2.8973456155640407,LC5,159.2181493750707,1.5982304103760274,6.29064655663297,4.965802631707577,True
30.0,10.0,25.0,523.780356685791,180.0,25.0,5.0,1.0,LC5,433.0159973930566,2.5033347708467946,LC5,649.5239960895847,1.8667147191020579,LC5,84.91634633337105,3.8716820194550516,LC5,127.37451950005658,2.2477880129700343,6.29064655663297,4.965802631707577,True
30.0,10.0,25.0,523.780356685791,180.0,25.0,5.0,1.5,LC5,643.2470948993131,1.3583472230643414,LC5,964.8706423489696,0.9297923662253589,LC5,84.91634633337105,3.8716820194550516,LC5,127.37451950005658,2.2477880129700343,6.29064655663297,4.965802631707577,True
30.0,10.0,25.0,523.780356685791,180.0,25.0,5.0,2.0,LC5,853.4781924055696,0.7774326438549788,LC5,1280.217288608354,0.454440598926817,LC5,84.91634633337105,3.8716820194550516,LC5,127.37451950005658,2.2477880129700343,6.29064655663297,4.965802631707577,True
30.0,10.0,25.0,523.780356685791,180.0,25.0,5.0,2.5,LC5,1063.709289911826,0.4261415354619573,LC5,1595.5639348677387,0.16698551484516155,LC5,84.91634633337105,3.8716820194550516,LC5,127.37451950005658,2.2477880129700343,6.29064655663297,4.965802631707577,True
30.0,10.0,25.0,523.780356685791,180.0,25.0,5.0,3.0,LC5,1273.9403874180828,0.19079355280864463,LC5,1910.9105811271238,-0.025595431628346876,LC5,84.91634633337105,3.8716820194550516,LC5,127.37451950005658,2.2477880129700343,6.29064655663297,4.965802631707577,False
30.0,10.0,25.0,523.780356685791,180.0,30.0,5.0,1.0,LC5,493.0820252519869,2.076567228798789,LC5,739.6230378779803,1.5174986508562278,LC5,70.76362194447589,4.84601842334606,LC5,106.14543291671382,2.897345615564041,6.29064655663297,4.965802631707577,True
30.0,10.0,25.0,523.780356685791,180.0,30.0,5.0,1.5,LC5,733.3461366877086,1.068600247697229,LC5,1100.0192050315627,0.6926977197153334,LC5,70.76362194447589,4.84601842334606,LC5,106.14543291671382,2.897345615564041,6.29064655663297,4.965802631707577,True
30.0,10.0,25.0,523.780356685791,180.0,30.0,5.0,2.0,LC5,973.6102481234303,0.5581183568311012,LC5,1460.4153721851453,0.2749797321114089,LC5,70.76362194447589,4.84601842334606,LC5,106.14543291671382,2.897345615564041,6.29064655663297,4.965802631707577,True
30.0,10.0,25.0,523.780356685791,180.0,30.0,5.0,2.5,LC5,1213.8743595591523,0.24971747533322564,LC5,1820.811539338728,0.022620935649513063,LC5,70.76362194447589,4.84601842334606,LC5,106.14543291671382,2.897345615564041,6.29064655663297,4.965802631707577,True
30.0,10.0,25.0,523.780356685791,180.0,30.0,5.0,3.0,LC5,1454.1384709948738,0.04322939682774396,LC5,2181.2077064923105,-0.1463444795019735,LC5,70.76362194447589,4.84601842334606,LC5,106.14543291671382,2.897345615564041,6.29064655663297,4.965802631707577,False
30.0,15.0,30.0,528.780356685791,120.0,20.0,5.0,1.0,LC5,539.6084141836117,1.8112978970039055,LC5,809.4126212754175,1.300433612050658,LC5,155.2303965451068,1.6649770070637748,LC5,232.8455948176602,0.7766513380425164,3.985291877236717,3.079373094007808,True
30.0,15.0,30.0,528.780356685791,120.0,20.0,5.0,1.5,LC5,803.1357200851457,0.8888463830735518,LC5,1204.7035801277184,0.5456084224491118,LC5,155.2303965451068,1.6649770070637748,LC5,232.8455948176602,0.7766513380425164,3.985291877236717,3.079373094007808,True
30.0,15.0,30.0,528.780356685791,120.0,20.0,5.0,2.0,LC5,1066.6630259866797,0.4221923541380388,LC5,1599.9945389800196,0.16375397205230846,LC5,155.2303965451068,1.6649770070637748,LC5,232.8455948176602,0.7766513380425164,3.985291877236717,3.079373094007808,True
30.0,15.0,30.0,528.780356685791,120.0,20.0,5.0,2.5,LC5,1330.190331888214,0.14043829941735364,LC5,1995.2854978323207,-0.06680021379252354,LC5,155.2303965451068,1.6649770070637748,LC5,232.8455948176602,0.7766513380425164,3.985291877236717,3.079373094007808,False
30.0,15.0,30.0,528.780356685791,120.0,20.0,5.0,3.0,LC5,1593.7176377897479,-0.04813753451090874,LC5,2390.576456684622,-0.22110836706627646,LC5,155.2303965451068,1.6649770070637748,LC5,232.8455948176602,0.7766513380425164,3.985291877236717,3.079373094007808,False
30.0,15.0,30.0,528.780356685791,120.0,25.0,5.0,1.0,LC5,627.4508494841231,1.41771925442008,LC5,941.1762742261848,0.9783754127577184,LC5,124.18431723608545,2.3312212588297183,LC5,186.27647585412817,1.2208141725531454,3.985291877236717,3.079373094007808,True
30.0,15.0,30.0,528.780356685791,120.0,25.0,5.0,1.5,LC5,934.8993730359127,0.6226345249048817,LC5,1402.3490595538694,0.32777213156356355,LC5,124.18431723608545,2.3312212588297183,LC5,186.27647585412817,1.2208141725531454,3.985291877236717,3.079373094007808,True
30.0,15.0,30.0,528.780356685791,120.0,25.0,5.0,2.0,LC5,1242.3478965877027,0.22107503394715033,LC5,1863.5218448815542,-0.0008166498749312412,LC5,124.18431723608545,2.3312212588297183,LC5,186.27647585412817,1.2208141725531454,3.985291877236717,3.079373094007808,False
30.0,15.0,30.0,528.780356685791,120.0,25.0,5.0,2.5,LC5,1549.7964201394925,-0.021161760159789655,LC5,2324.694630209239,-0.19903458467041468,LC5,124.18431723608545,2.3312212588297183,LC5,186.27647585412817,1.2208141725531454,3.985291877236717,3.079373094007808,False
30.0,15.0,30.0,528.780356685791,120.0,25.0,5.0,3.0,LC5,1857.244943691282,-0.18319874545736747,LC5,2785.867415536924,-0.3316264838679933,LC5,124.18431723608545,2.3312212588297183,LC5,186.27647585412817,1.2208141725531454,3.985291877236717,3.079373094007808,False
30.0,15.0,30.0,528.780356685791,120.0,30.0,5.0,1.0,LC5,715.2932847846345,1.120808390444696,LC5,1072.9399271769519,0.7354186873249935,LC5,103.4869310300712,2.997465510595662,LC5,155.2303965451068,1.6649770070637748,3.985291877236717,3.079373094007808,True
30.0,15.0,30.0,528.780356685791,120.0,30.0,5.0,1.5,LC5,1066.66302598668,0.42219235413803835,LC5,1599.9945389800198,0.16375397205230846,LC5,103.4869310300712,2.997465510595662,LC5,155.2303965451068,1.6649770070637748,3.985291877236717,3.079373094007808,True
30.0,15.0,30.0,528.780356685791,120.0,30.0,5.0,2.0,LC5,1418.0327671887255,0.06979192237389453,LC5,2127.0491507830884,-0.12460885103924779,LC5,103.4869310300712,2.997465510595662,LC5,155.2303965451068,1.6649770070637748,3.985291877236717,3.079373094007808,False
30.0,15.0,30.0,528.780356685791,120.0,30.0,5.0,2.5,LC5,1769.4025083907711,-0.1426484404728945,LC5,2654.1037625861563,-0.2984449115185802,LC5,103.4869310300712,2.997465510595662,LC5,155.2303965451068,1.6649770070637748,3.985291877236717,3.079373094007808,False
30.0,15.0,30.0,528.780356685791,120.0,30.0,5.0,3.0,LC5,2120.7722495928165,-0.2846945256421284,LC5,3181.1583743892247,-0.41467862304796443,LC5,103.4869310300712,2.997465510595662,LC5,155.2303965451068,1.6649770070637748,3.985291877236717,3.079373094007808,False
30.0,15.0,30.0,528.780356685791,150.0,20.0,5.0,1.0,LC5,440.4462571496342,2.4442340589231635,LC5,660.6693857244516,1.8183536882948483,LC5,126.0247305402261,2.28257347440276,LC5,189.0370958103392,1.1883823162685063,5.140610907710235,4.024749510066559,True
30.0,15.0,30.0,528.780356685791,150.0,20.0,5.0,1.5,LC5,654.3924845341797,1.3181806574075425,LC5,981.5887268012697,0.8969248007439439,LC5,126.0247305402261,2.28257347440276,LC5,189.0370958103392,1.1883823162685063,5.140610907710235,4.024749510066559,True
30.0,15.0,30.0,528.780356685791,150.0,20.0,5.0,2.0,LC5,868.338711918725,0.7470141307508451,LC5,1302.5080678780878,0.42954968642411484,LC5,126.0247305402261,2.28257347440276,LC5,189.0370958103392,1.1883823162685063,5.140610907710235,4.024749510066559,True
30.0,15.0,30.0,528.780356685791,150.0,20.0,5.0,2.5,LC5,1082.2849393032704,0.401664150456146,LC5,1623.4274089549058,0.14695611872087166,LC5,126.0247305402261,2.28257347440276,LC5,189.0370958103392,1.1883823162685063,5.140610907710235,4.024749510066559,True
30.0,15.0,30.0,528.780356685791,150.0,20.0,5.0,3.0,LC5,1296.2311666878159,0.1703159428547778,LC5,1944.346750031724,-0.042351885038191095,LC5,126.0247305402261,2.28257347440276,LC5,189.0370958103392,1.1883823162685063,5.140610907710235,4.024749510066559,False
30.0,15.0,30.0,528.780356685791,150.0,25.0,5.0,1.0,LC5,511.7616662778162,1.9642704797206862,LC5,767.6424994167244,1.4256082765281994,LC5,100.81978443218088,3.10321684300345,LC5,151.22967664827135,1.7354778953356331,5.140610907710235,4.024749510066559,True
30.0,15.0,30.0,528.780356685791,150.0,25.0,5.0,1.5,LC5,761.3655982264526,0.9924724777869456,LC5,1142.0483973396788,0.6304037590152902,LC5,100.81978443218088,3.10321684300345,LC5,151.22967664827135,1.7354778953356331,5.140610907710235,4.024749510066559,True
30.0,15.0,30.0,528.780356685791,150.0,25.0,5.0,2.0,LC5,1010.9695301750888,0.5005397835652596,LC5,1516.4542952626334,0.22786423950714707,LC5,100.81978443218088,3.10321684300345,LC5,151.22967664827135,1.7354778953356331,5.140610907710235,4.024749510066559,True
30.0,15.0,30.0,528.780356685791,150.0,25.0,5.0,2.5,LC5,1260.5734621237254,0.20342054277762212,LC5,1890.8601931855878,-0.015262996856984068,LC5,100.81978443218088,3.10321684300345,LC5,151.22967664827135,1.7354778953356331,5.140610907710235,4.024749510066559,False
30.0,15.0,30.0,528.780356685791,150.0,25.0,5.0,3.0,LC5,1510.1773940723617,0.004517751328034558,LC5,2265.2660911085422,-0.17802151044921966,LC5,100.81978443218088,3.10321684300345,LC5,151.22967664827135,1.7354778953356331,5.140610907710235,4.024749510066559,False
30.0,15.0,30.0,528.780356685791,150.0,30.0,5.0,1.0,LC5,583.0770754059979,1.6017143598789394,LC5,874.615613108997,1.128935239769099,LC5,84.0164870268174,3.92386021160414,LC5,126.02473054022612,2.28257347440276,5.140610907710235,4.024749510066559,True
30.0,15.0,30.0,528.780356685791,150.0,30.0,5.0,1.5,LC5,868.338711918725,0.7470141307508451,LC5,1302.5080678780878,0.42954968642411484,LC5,84.0164870268174,3.92386021160414,LC5,126.02473054022612,2.28257347440276,5.140610907710235,4.024749510066559,True
30.0,15.0,30.0,528.780356685791,150.0,30.0,5.0,2.0,LC5,1153.6003484314522,0.3150134724410074,LC5,1730.4005226471786,0.07605145492645815,LC5,84.0164870268174,3.92386021160414,LC5,126.02473054022612,2.28257347440276,5.140610907710235,4.024749510066559,True
30.0,15.0,30.0,528.780356685791,150.0,30.0,5.0,2.5,LC5,1438.8619849441798,0.05430542739570088,LC5,2158.2929774162694,-0.13728116642021737,LC5,84.0164870268174,3.92386021160414,LC5,126.02473054022612,2.28257347440276,5.140610907710235,4.024749510066559,False
30.0,15.0,30.0,528.780356685791,150.0,30.0,5.0,3.0,LC5,1724.1236214569064,-0.1201326974929352,LC5,2586.1854321853602,-0.28002069115879835,LC5,84.0164870268174,3.92386021160414,LC5,126.02473054022612,2.28257347440276,5.140610907710235,4.024749510066559,False
30.0,15.0,30.0,528.780356685791,180.0,20.0,5.0,1.0,LC5,374.33882893012833,3.052478350524395,LC5,561.5082433951924,2.316068859009635,LC5,106.55448577377787,2.8823840646970305,LC5,159.83172866066678,1.588256043131354,6.262658435981096,4.94290046486346,True
30.0,15.0,30.0,528.780356685791,180.0,20.0,5.0,1.5,LC5,555.2313422049208,1.7321944650597851,LC5,832.847013307381,1.2357047215738612,LC5,106.55448577377787,2.8823840646970305,LC5,159.83172866066678,1.588256043131354,6.262658435981096,4.94290046486346,True
30.0,15.0,30.0,528.780356685791,180.0,20.0,5.0,2.0,LC5,736.1238554797133,1.0607945099285088,LC5,1104.1857832195694,0.6863104273728344,LC5,106.55448577377787,2.8823840646970305,LC5,159.83172866066678,1.588256043131354,6.262658435981096,4.94290046486346,True
30.0,15.0,30.0,528.780356685791,180.0,20.0,5.0,2.5,LC5,917.0163687545055,0.654277995124988,LC5,1375.524553131758,0.3536654040530556,LC5,106.55448577377787,2.8823840646970305,LC5,159.83172866066678,1.588256043131354,6.262658435981096,4.94290046486346,True
30.0,15.0,30.0,528.780356685791,180.0,20.0,5.0,3.0,LC5,1097.908882029298,0.38171757677748563,LC5,1646.8633230439466,0.13063420257511704,LC5,106.55448577377787,2.8823840646970305,LC5,159.83172866066678,1.588256043131354,6.262658435981096,4.94290046486346,True
30.0,15.0,30.0,528.780356685791,180.0,25.0,5.0,1.0,LC5,434.6363333550592,2.4902742444238917,LC5,651.9545000325886,1.8560275293857562,LC5,85.2435886190223,3.852980080871288,LC5,127.86538292853342,2.2353200539141924,6.262658435981096,4.94290046486346,True
30.0,15.0,30.0,528.780356685791,180.0,25.0,5.0,1.5,LC5,645.6775988423173,1.349469770547934,LC5,968.5163982634751,0.9225281093211408,LC5,85.2435886190223,3.852980080871288,LC5,127.86538292853342,2.2353200539141924,6.262658435981096,4.94290046486346,True
30.0,15.0,30.0,528.780356685791,180.0,25.0,5.0,2.0,LC5,856.7188643295749,0.7707092293189177,LC5,1285.078296494362,0.4489389518751157,LC5,85.2435886190223,3.852980080871288,LC5,127.86538292853342,2.2353200539141924,6.262658435981096,4.94290046486346,True
30.0,15.0,30.0,528.780356685791,180.0,25.0,5.0,2.5,LC5,1067.760129816833,0.4207310777376856,LC5,1601.6401947252484,0.1625582363206206,LC5,85.2435886190223,3.852980080871288,LC5,127.86538292853342,2.2353200539141924,6.262658435981096,4.94290046486346,True
30.0,15.0,30.0,528.780356685791,180.0,25.0,5.0,3.0,LC5,1278.8013953040909,0.18626708226203248,LC5,1918.202092956135,-0.029299359625618027,LC5,85.2435886190223,3.852980080871288,LC5,127.86538292853342,2.2353200539141924,6.262658435981096,4.94290046486346,False
30.0,15.0,30.0,528.780356685791,180.0,30.0,5.0,1.0,LC5,494.9338377799899,2.0650561432704935,LC5,742.4007566699848,1.5080793402635284,LC5,71.03632384918525,4.823576097045545,LC5,106.55448577377786,2.882384064697031,6.262658435981096,4.94290046486346,True
30.0,15.0,30.0,528.780356685791,180.0,30.0,5.0,1.5,LC5,736.1238554797133,1.0607945099285088,LC5,1104.1857832195697,0.686310427372834,LC5,71.03632384918525,4.823576097045545,LC5,106.55448577377786,2.882384064697031,6.262658435981096,4.94290046486346,True
30.0,15.0,30.0,528.780356685791,180.0,30.0,5.0,2.0,LC5,977.3138731794363,0.5522137172419699,LC5,1465.9708097691544,0.2701480736121944,LC5,71.03632384918525,4.823576097045545,LC5,106.55448577377786,2.882384064697031,6.262658435981096,4.94290046486346,True
30.0,15.0,30.0,528.780356685791,180.0,30.0,5.0,2.5,LC5,1218.5038908791596,0.24496935246179086,LC5,1827.7558363187393,0.01873563361188957,LC5,71.03632384918525,4.823576097045545,LC5,106.55448577377786,2.882384064697031,6.262658435981096,4.94290046486346,True
30.0,15.0,30.0,528.780356685791,180.0,30.0,5.0,3.0,LC5,1459.6939085788829,0.03925897825860547,LC5,2189.5408628683244,-0.14959340034387025,LC5,71.03632384918525,4.823576097045545,LC5,106.55448577377786,2.882384064697031,6.262658435981096,4.94290046486346,False
30.0,20.0,35.0,533.780356685791,120.0,20.0,5.0,1.0,LC5,541.69123420486,1.800488367190915,LC5,812.5368513072905,1.2915883716587482,LC5,155.8438376773728,1.6544869771913047,LC5,233.76575651605924,0.7696579847942027,3.965668495655345,3.0633156400396615,True
30.0,20.0,35.0,533.780356685791,120.0,20.0,5.0,1.5,LC5,806.2599501170183,0.8815271672366052,LC5,1209.3899251755279,0.5396192420982455,LC5,155.8438376773728,1.6544869771913047,LC5,233.76575651605924,0.7696579847942027,3.965668495655345,3.0633156400396615,True
30.0,20.0,35.0,533.780356685791,120.0,20.0,5.0,2.0,LC5,1070.8286660291767,0.4166598711120668,LC5,1606.2429990437656,0.15922684245689633,LC5,155.8438376773728,1.6544869771913047,LC5,233.76575651605924,0.7696579847942027,3.965668495655345,3.0633156400396615,True
30.0,20.0,35.0,533.780356685791,120.0,20.0,5.0,2.5,LC5,1335.397381941335,0.13599144383124373,LC5,2003.0960729120031,-0.07043899432486256,LC5,155.8438376773728,1.6544869771913047,LC5,233.76575651605924,0.7696579847942027,3.965668495655345,3.0633156400396615,False
30.0,20.0,35.0,533.780356685791,120.0,20.0,5.0,3.0,LC5,1599.9660978534932,-0.051854909903903734,LC5,2399.9491467802404,-0.22415022730875367,LC5,155.8438376773728,1.6544869771913047,LC5,233.76575651605924,0.7696579847942027,3.965668495655345,3.0633156400396615,False
30.0,20.0,35.0,533.780356685791,120.0,25.0,5.0,1.0,LC5,629.8808061755797,1.4083921674176803,LC5,944.8212092633696,0.9707432281835728,LC5,124.67507014189823,2.3181087214891307,LC5,187.0126052128474,1.2120724809927532,3.965668495655345,3.0633156400396615,True
30.0,20.0,35.0,533.780356685791,120.0,25.0,5.0,1.5,LC5,938.5443080730978,0.6163328539219586,LC5,1407.8164621096469,0.3226155895419409,LC5,124.67507014189823,2.3181087214891307,LC5,187.0126052128474,1.2120724809927532,3.965668495655345,3.0633156400396615,True
30.0,20.0,35.0,533.780356685791,120.0,25.0,5.0,2.0,LC5,1247.207809970616,0.21631695044929233,LC5,1870.811714955924,-0.004710102510840586,LC5,124.67507014189823,2.3181087214891307,LC5,187.0126052128474,1.2120724809927532,3.965668495655345,3.0633156400396615,False
30.0,20.0,35.0,533.780356685791,120.0,25.0,5.0,2.5,LC5,1555.8713118681337,-0.024983629154689546,LC5,2333.8069678022007,-0.20216195011471416,LC5,124.67507014189823,2.3181087214891307,LC5,187.0126052128474,1.2120724809927532,3.965668495655345,3.0633156400396615,False
30.0,20.0,35.0,533.780356685791,120.0,25.0,5.0,3.0,LC5,1864.5348137656522,-0.18639223639046132,LC5,2796.8022206484784,-0.3342396590459411,LC5,124.67507014189823,2.3181087214891307,LC5,187.0126052128474,1.2120724809927532,3.965668495655345,3.0633156400396615,False
30.0,20.0,35.0,533.780356685791,120.0,30.0,5.0,1.0,LC5,718.070378146299,1.112606293433438,LC5,1077.1055672194489,0.7287070614691542,LC5,103.8958917849152,2.9817304657869568,LC5,155.84383767737282,1.6544869771913042,3.965668495655345,3.0633156400396615,True
30.0,20.0,35.0,533.780356685791,120.0,30.0,5.0,1.5,LC5,1070.828666029177,0.4166598711120666,LC5,1606.2429990437656,0.15922684245689633,LC5,103.8958917849152,2.9817304657869568,LC5,155.84383767737282,1.6544869771913042,3.965668495655345,3.0633156400396615,True
30.0,20.0,35.0,533.780356685791,120.0,30.0,5.0,2.0,LC5,1423.5869539120545,0.06561808242990996,LC5,2135.3804308680824,-0.12802422786882373,LC5,103.8958917849152,2.9817304657869568,LC5,155.84383767737282,1.6544869771913042,3.965668495655345,3.0633156400396615,False
30.0,20.0,35.0,533.780356685791,120.0,30.0,5.0,2.5,LC5,1776.3452417949325,-0.14599934499944023,LC5,2664.5178626923985,-0.3011868953588036,LC5,103.8958917849152,2.9817304657869568,LC5,155.84383767737282,1.6544869771913042,3.965668495655345,3.0633156400396615,False
30.0,20.0,35.0,533.780356685791,120.0,30.0,5.0,3.0,LC5,2129.10352967781,-0.2874935488789676,LC5,3193.655294516716,-0.41696901253027385,LC5,103.8958917849152,2.9817304657869568,LC5,155.84383767737282,1.6544869771913042,3.965668495655345,3.0633156400396615,False
30.0,20.0,35.0,533.780356685791,150.0,20.0,5.0,1.0,LC5,442.1127331305862,2.4312515481247763,LC5,663.1690996958795,1.8077303373361158,LC5,126.51554823077073,2.269838714491586,LC5,189.77332234615614,1.1798924763277236,5.116788377543761,4.005255969671053,True
30.0,20.0,35.0,533.780356685791,150.0,20.0,5.0,1.5,LC5,656.8921985056076,1.3093591360212358,LC5,985.3382977584117,0.8897063112597405,LC5,126.51554823077073,2.269838714491586,LC5,189.77332234615614,1.1798924763277236,5.116788377543761,4.005255969671053,True
30.0,20.0,35.0,533.780356685791,150.0,20.0,5.0,2.0,LC5,871.6716638806289,0.740334191026021,LC5,1307.5074958209436,0.4240836140147002,LC5,126.51554823077073,2.269838714491586,LC5,189.77332234615614,1.1798924763277236,5.116788377543761,4.005255969671053,True
30.0,20.0,35.0,533.780356685791,150.0,20.0,5.0,2.5,LC5,1086.4511292556506,0.3962892201504977,LC5,1629.6766938834758,0.14255791163270803,LC5,126.51554823077073,2.269838714491586,LC5,189.77332234615614,1.1798924763277236,5.116788377543761,4.005255969671053,True
30.0,20.0,35.0,533.780356685791,150.0,20.0,5.0,3.0,LC5,1301.2305946306717,0.1658194990647066,LC5,1951.8458919460081,-0.04603124269018544,LC5,126.51554823077073,2.269838714491586,LC5,189.77332234615614,1.1798924763277236,5.116788377543761,4.005255969671053,False
30.0,20.0,35.0,533.780356685791,150.0,25.0,5.0,1.0,LC5,513.7058882555934,1.9530516092609385,LC5,770.5588323833903,1.416428080177485,LC5,101.21243858461658,3.087298393114483,LC5,151.8186578769249,1.7248655954096548,5.116788377543761,4.005255969671053,True
30.0,20.0,35.0,533.780356685791,150.0,25.0,5.0,1.5,LC5,764.2819311931185,0.9848696378727879,LC5,1146.4228967896777,0.624182494273404,LC5,101.21243858461658,3.087298393114483,LC5,151.8186578769249,1.7248655954096548,5.116788377543761,4.005255969671053,True
30.0,20.0,35.0,533.780356685791,150.0,25.0,5.0,2.0,LC5,1014.8579741306434,0.4947904422779019,LC5,1522.2869611959652,0.22315965876574517,LC5,101.21243858461658,3.087298393114483,LC5,151.8186578769249,1.7248655954096548,5.116788377543761,4.005255969671053,True
30.0,20.0,35.0,533.780356685791,150.0,25.0,5.0,2.5,LC5,1265.4340170681685,0.19879818270941874,LC5,1898.1510256022527,-0.01904538949464396,LC5,101.21243858461658,3.087298393114483,LC5,151.8186578769249,1.7248655954096548,5.116788377543761,4.005255969671053,False
30.0,20.0,35.0,533.780356685791,150.0,25.0,5.0,3.0,LC5,1516.0100600056935,0.0006529903860286179,LC5,2274.01509000854,-0.18118397358875604,LC5,101.21243858461658,3.087298393114483,LC5,151.8186578769249,1.7248655954096548,5.116788377543761,4.005255969671053,False
30.0,20.0,35.0,533.780356685791,150.0,30.0,5.0,1.0,LC5,585.2990433806006,1.591837484028733,LC5,877.9485650709009,1.1208531730439466,LC5,84.34369882051382,3.904758071737379,LC5,126.51554823077075,2.2698387144915855,5.116788377543761,4.005255969671053,True
30.0,20.0,35.0,533.780356685791,150.0,30.0,5.0,1.5,LC5,871.6716638806291,0.7403341910260206,LC5,1307.5074958209436,0.4240836140147002,LC5,84.34369882051382,3.904758071737379,LC5,126.51554823077075,2.2698387144915855,5.116788377543761,4.005255969671053,True
30.0,20.0,35.0,533.780356685791,150.0,30.0,5.0,2.0,LC5,1158.0442843806577,0.3099671752288109,LC5,1737.0664265709866,0.07192216228347448,LC5,84.34369882051382,3.904758071737379,LC5,126.51554823077075,2.2698387144915855,5.116788377543761,4.005255969671053,True
30.0,20.0,35.0,533.780356685791,150.0,30.0,5.0,2.5,LC5,1444.4169048806864,0.050250793156778606,LC5,2166.6253573210297,-0.1405989994032426,LC5,84.34369882051382,3.904758071737379,LC5,126.51554823077075,2.2698387144915855,5.116788377543761,4.005255969671053,False
30.0,20.0,35.0,533.780356685791,150.0,30.0,5.0,3.0,LC5,1730.7895253807148,-0.12352138850256122,LC5,2596.184288071072,-0.2827935949864947,LC5,84.34369882051382,3.904758071737379,LC5,126.51554823077075,2.2698387144915855,5.116788377543761,4.005255969671053,False
30.0,20.0,35.0,533.780356685791,180.0,20.0,5.0,1.0,LC5,375.72773437385985,3.037498063665807,LC5,563.5916015607896,2.3038107644674732,LC5,106.96355219301765,2.867536456190225,LC5,160.44532828952646,1.57835763746015,6.234883463855944,4.920172713557358,True
30.0,20.0,35.0,533.780356685791,180.0,20.0,5.0,1.5,LC5,557.3147003705178,1.7219809543718432,LC5,835.9720505557767,1.2273471927226423,LC5,106.96355219301765,2.867536456190225,LC5,160.44532828952646,1.57835763746015,6.234883463855944,4.920172713557358,True
30.0,20.0,35.0,533.780356685791,180.0,20.0,5.0,2.0,LC5,738.9016663671762,1.053047203775245,LC5,1108.352499550764,0.67997094855175,LC5,106.96355219301765,2.867536456190225,LC5,160.44532828952646,1.57835763746015,6.234883463855944,4.920172713557358,True
30.0,20.0,35.0,533.780356685791,180.0,20.0,5.0,2.5,LC5,920.4886323638343,0.6480377341589889,LC5,1380.7329485457512,0.3485591127242531,LC5,106.96355219301765,2.867536456190225,LC5,160.44532828952646,1.57835763746015,6.234883463855944,4.920172713557358,True
30.0,20.0,35.0,533.780356685791,180.0,20.0,5.0,3.0,LC5,1102.0755983604922,0.3764935928685582,LC5,1653.113397540738,0.12635951216051655,LC5,106.96355219301765,2.867536456190225,LC5,160.44532828952646,1.57835763746015,6.234883463855944,4.920172713557358,True
30.0,20.0,35.0,533.780356685791,180.0,25.0,5.0,1.0,LC5,436.2567230394125,2.477310308093408,LC5,654.3850845591187,1.8454193775741272,LC5,85.57084175441412,3.834420570237781,LC5,128.35626263162118,2.2229470468251873,6.234883463855944,4.920172713557358,True
30.0,20.0,35.0,533.780356685791,180.0,25.0,5.0,1.5,LC5,648.108183368847,1.3406586105959644,LC5,972.1622750532704,0.915318098409003,LC5,85.57084175441412,3.834420570237781,LC5,128.35626263162118,2.2229470468251873,6.234883463855944,4.920172713557358,True
30.0,20.0,35.0,533.780356685791,180.0,25.0,5.0,2.0,LC5,859.9596436982815,0.7640362674184304,LC5,1289.939465547422,0.4434785892916362,LC5,85.57084175441412,3.834420570237781,LC5,128.35626263162118,2.2229470468251873,6.234883463855944,4.920172713557358,True
30.0,20.0,35.0,533.780356685791,180.0,25.0,5.0,2.5,LC5,1071.811104027716,0.4153613396048299,LC5,1607.716656041574,0.15816427789241638,LC5,85.57084175441412,3.834420570237781,LC5,128.35626263162118,2.2229470468251873,6.234883463855944,4.920172713557358,True
30.0,20.0,35.0,533.780356685791,180.0,25.0,5.0,3.0,LC5,1283.6625643571506,0.18177474526547654,LC5,1925.4938465357254,-0.03297535676364849,LC5,85.57084175441412,3.834420570237781,LC5,128.35626263162118,2.2229470468251873,6.234883463855944,4.920172713557358,False
30.0,20.0,35.0,533.780356685791,180.0,30.0,5.0,1.0,LC5,496.7857117049653,2.0536304975311506,LC5,745.1785675574479,1.4987299434862682,LC5,71.3090347953451,4.801304684285337,LC5,106.96355219301765,2.867536456190225,6.234883463855944,4.920172713557358,True
30.0,20.0,35.0,533.780356685791,180.0,30.0,5.0,1.5,LC5,738.9016663671762,1.053047203775245,LC5,1108.352499550764,0.67997094855175,LC5,71.3090347953451,4.801304684285337,LC5,106.96355219301765,2.867536456190225,6.234883463855944,4.920172713557358,True
30.0,20.0,35.0,533.780356685791,180.0,30.0,5.0,2.0,LC5,981.0176210293871,0.5463534675434307,LC5,1471.5264315440804,0.2653527385479537,LC5,71.3090347953451,4.801304684285337,LC5,106.96355219301765,2.867536456190225,6.234883463855944,4.920172713557358,True
30.0,20.0,35.0,533.780356685791,180.0,30.0,5.0,2.5,LC5,1223.133575691598,0.2402570170165108,LC5,1834.7003635373967,0.014879615770047705,LC5,71.3090347953451,4.801304684285337,LC5,106.96355219301765,2.867536456190225,6.234883463855944,4.920172713557358,True
30.0,20.0,35.0,533.780356685791,180.0,30.0,5.0,3.0,LC5,1465.249530353809,0.035318536927764876,LC5,2197.8742955307125,-0.1528177913603609,LC5,71.3090347953451,4.801304684285337,LC5,106.96355219301765,2.867536456190225,6.234883463855944,4.920172713557358,False
32.0,5.0,21.0,519.780356685791,120.0,20.0,5.0,1.0,LC5,442.2242468447468,2.4303863047395917,LC5,663.3363702671201,1.8070223245111499,LC5,144.4933674801852,1.8630064120197871,LC5,216.74005122027773,0.9086709413465253,4.71278879479496,3.6746705057825615,True
32.0,5.0,21.0,519.780356685791,120.0,20.0,5.0,1.5,LC5,657.819562580358,1.3061035066355084,LC5,986.7293438705367,0.8870422893233656,LC5,144.4933674801852,1.8630064120197871,LC5,216.74005122027773,0.9086709413465253,4.71278879479496,3.6746705057825615,True
32.0,5.0,21.0,519.780356685791,120.0,20.0,5.0,2.0,LC5,873.4148783159692,0.7368607263994942,LC5,1310.1223174739532,0.4212413414879628,LC5,144.4933674801852,1.8630064120197871,LC5,216.74005122027773,0.9086709413465253,4.71278879479496,3.6746705057825615,True
32.0,5.0,21.0,519.780356685791,120.0,20.0,5.0,2.5,LC5,1089.0101940515801,0.39300808044423907,LC5,1633.5152910773702,0.13987301506797323,LC5,144.4933674801852,1.8630064120197871,LC5,216.74005122027773,0.9086709413465253,4.71278879479496,3.6746705057825615,True
32.0,5.0,21.0,519.780356685791,120.0,20.0,5.0,3.0,LC5,1304.6055097871913,0.16280361275452138,LC5,1956.9082646807867,-0.048499087256023365,LC5,144.4933674801852,1.8630064120197871,LC5,216.74005122027773,0.9086709413465253,4.71278879479496,3.6746705057825615,False
32.0,5.0,21.0,519.780356685791,120.0,25.0,5.0,1.0,LC5,514.0893520899507,1.950848901718877,LC5,771.1340281349258,1.414625644913448,LC5,115.59469398414817,2.578758015024734,LC5,173.3920409762222,1.3858386766831563,4.71278879479496,3.6746705057825615,True
32.0,5.0,21.0,519.780356685791,120.0,25.0,5.0,1.5,LC5,765.6172204481637,0.9814078882813071,LC5,1148.425830672245,0.6213498079454167,LC5,115.59469398414817,2.578758015024734,LC5,173.3920409762222,1.3858386766831563,4.71278879479496,3.6746705057825615,True
32.0,5.0,21.0,519.780356685791,120.0,25.0,5.0,2.0,LC5,1017.145088806377,0.4914293119973714,LC5,1525.7176332095646,0.22040930737820563,LC5,115.59469398414817,2.578758015024734,LC5,173.3920409762222,1.3858386766831563,4.71278879479496,3.6746705057825615,True
32.0,5.0,21.0,519.780356685791,120.0,25.0,5.0,2.5,LC5,1268.6729571645897,0.1957376339055945,LC5,1903.009435746884,-0.021549780561539333,LC5,115.59469398414817,2.578758015024734,LC5,173.3920409762222,1.3858386766831563,4.71278879479496,3.6746705057825615,False
32.0,5.0,21.0,519.780356685791,120.0,25.0,5.0,3.0,LC5,1520.200825522803,-0.00210552807830644,LC5,2280.3012382842035,-0.18344121875711095,LC5,115.59469398414817,2.578758015024734,LC5,173.3920409762222,1.3858386766831563,4.71278879479496,3.6746705057825615,False
32.0,5.0,21.0,519.780356685791,120.0,30.0,5.0,1.0,LC5,585.9544573351543,1.5889384081130151,LC5,878.9316860027313,1.1184809122858423,LC5,96.3289116534568,3.2945096180296805,LC5,144.49336748018516,1.863006412019788,4.71278879479496,3.6746705057825615,True
32.0,5.0,21.0,519.780356685791,120.0,30.0,5.0,1.5,LC5,873.4148783159692,0.7368607263994942,LC5,1310.1223174739532,0.4212413414879628,LC5,96.3289116534568,3.2945096180296805,LC5,144.49336748018516,1.863006412019788,4.71278879479496,3.6746705057825615,True
32.0,5.0,21.0,519.780356685791,120.0,30.0,5.0,2.0,LC5,1160.8752992967839,0.30677257145443915,LC5,1741.3129489451758,0.06930807648787773,LC5,96.3289116534568,3.2945096180296805,LC5,144.49336748018516,1.863006412019788,4.71278879479496,3.6746705057825615,True
32.0,5.0,21.0,519.780356685791,120.0,30.0,5.0,2.5,LC5,1448.335720277599,0.0474090908351279,LC5,2172.503580416398,-0.1429243123994689,LC5,96.3289116534568,3.2945096180296805,LC5,144.49336748018516,1.863006412019788,4.71278879479496,3.6746705057825615,False
32.0,5.0,21.0,519.780356685791,120.0,30.0,5.0,3.0,LC5,1735.7961412584139,-0.12604944558742448,LC5,2603.69421188762,-0.2848622578263168,LC5,96.3289116534568,3.2945096180296805,LC5,144.49336748018516,1.863006412019788,4.71278879479496,3.6746705057825615,False
32.0,5.0,21.0,519.780356685791,150.0,20.0,5.0,1.0,LC5,361.13461284891,3.200649691351175,LC5,541.701919273365,2.437314755128934,LC5,117.31997031286721,2.5261297500066804,LC5,175.97995546930082,1.35075316667112,6.035972549785578,4.757407553373213,True
32.0,5.0,21.0,519.780356685791,150.0,20.0,5.0,1.5,LC5,536.1851115866028,1.8292467791787597,LC5,804.2776673799041,1.315120853803934,LC5,117.31997031286721,2.5261297500066804,LC5,175.97995546930082,1.35075316667112,6.035972549785578,4.757407553373213,True
32.0,5.0,21.0,519.780356685791,150.0,20.0,5.0,2.0,LC5,711.2356103242956,1.1329078268568518,LC5,1066.8534154864433,0.7453194346769758,LC5,117.31997031286721,2.5261297500066804,LC5,175.97995546930082,1.35075316667112,6.035972549785578,4.757407553373213,True
32.0,5.0,21.0,519.780356685791,150.0,20.0,5.0,2.5,LC5,886.2861090619883,0.7116368907164023,LC5,1329.4291635929824,0.40060113843724077,LC5,117.31997031286721,2.5261297500066804,LC5,175.97995546930082,1.35075316667112,6.035972549785578,4.757407553373213,True
32.0,5.0,21.0,519.780356685791,150.0,20.0,5.0,3.0,LC5,1061.3366077996814,0.4293297610312161,LC5,1592.0049116995212,0.16959438147225914,LC5,117.31997031286721,2.5261297500066804,LC5,175.97995546930082,1.35075316667112,6.035972549785578,4.757407553373213,True
32.0,5.0,21.0,519.780356685791,150.0,25.0,5.0,1.0,LC5,419.48477909480766,2.616340986849354,LC5,629.2271686422114,1.9591856372285203,LC5,93.85597625029376,3.4076621875083504,LC5,140.78396437544063,1.9384414583389007,6.035972549785578,4.757407553373213,True
32.0,5.0,21.0,519.780356685791,150.0,25.0,5.0,1.5,LC5,623.7103609554492,1.4322186947097344,LC5,935.5655414331738,0.9902400393537796,LC5,93.85597625029376,3.4076621875083504,LC5,140.78396437544063,1.9384414583389007,6.035972549785578,4.757407553373213,True
32.0,5.0,21.0,519.780356685791,150.0,25.0,5.0,2.0,LC5,827.9359428160909,0.8322673549359008,LC5,1241.903914224136,0.4993108393279051,LC5,93.85597625029376,3.4076621875083504,LC5,140.78396437544063,1.9384414583389007,6.035972549785578,4.757407553373213,True
32.0,5.0,21.0,519.780356685791,150.0,25.0,5.0,2.5,LC5,1032.1615246767324,0.46973120362640586,LC5,1548.2422870150986,0.20265414245324886,LC5,93.85597625029376,3.4076621875083504,LC5,140.78396437544063,1.9384414583389007,6.035972549785578,4.757407553373213,True
32.0,5.0,21.0,519.780356685791,150.0,25.0,5.0,3.0,LC5,1236.3871065373737,0.2269620024172776,LC5,1854.580659806061,0.004000548671048376,LC5,93.85597625029376,3.4076621875083504,LC5,140.78396437544063,1.9384414583389007,6.035972549785578,4.757407553373213,True
32.0,5.0,21.0,519.780356685791,150.0,30.0,5.0,1.0,LC5,477.8349453407052,2.1747364122110215,LC5,716.7524180110579,1.5978286967861663,LC5,78.21331354191148,4.289194625010021,LC5,117.3199703128672,2.526129750006681,6.035972549785578,4.757407553373213,True
32.0,5.0,21.0,519.780356685791,150.0,30.0,5.0,1.5,LC5,711.2356103242956,1.1329078268568518,LC5,1066.8534154864435,0.7453194346769754,LC5,78.21331354191148,4.289194625010021,LC5,117.3199703128672,2.526129750006681,6.035972549785578,4.757407553373213,True
32.0,5.0,21.0,519.780356685791,150.0,30.0,5.0,2.0,LC5,944.636275307886,0.6059091098376073,LC5,1416.954412961829,0.31408603055048334,LC5,78.21331354191148,4.289194625010021,LC5,117.3199703128672,2.526129750006681,6.035972549785578,4.757407553373213,True
32.0,5.0,21.0,519.780356685791,150.0,30.0,5.0,2.5,LC5,1178.0369402914762,0.28773550991079766,LC5,1767.0554104372143,0.05373039747479913,LC5,78.21331354191148,4.289194625010021,LC5,117.3199703128672,2.526129750006681,6.035972549785578,4.757407553373213,True
32.0,5.0,21.0,519.780356685791,150.0,30.0,5.0,3.0,LC5,1411.4376052750665,0.07479069165396157,LC5,2117.1564079126,-0.12051844963319003,LC5,78.21331354191148,4.289194625010021,LC5,117.3199703128672,2.526129750006681,6.035972549785578,4.757407553373213,False
32.0,5.0,21.0,519.780356685791,180.0,20.0,5.0,1.0,LC5,307.0754261355487,3.940154342830313,LC5,460.61313920332293,3.042437875785562,LC5,99.2045629701755,3.170024293282462,LC5,148.80684445526322,1.7800161955216423,7.3207875318311295,5.808748136352259,True
32.0,5.0,21.0,519.780356685791,180.0,20.0,5.0,1.5,LC5,455.09633151656084,2.333360202981106,LC5,682.6444972748412,1.7276276413758822,LC5,99.2045629701755,3.170024293282462,LC5,148.80684445526322,1.7800161955216423,7.3207875318311295,5.808748136352259,True
32.0,5.0,21.0,519.780356685791,180.0,20.0,5.0,2.0,LC5,603.117236897573,1.5152655357744833,LC5,904.6758553463592,1.0581957493351308,LC5,99.2045629701755,3.170024293282462,LC5,148.80684445526322,1.7800161955216423,7.3207875318311295,5.808748136352259,True
32.0,5.0,21.0,519.780356685791,180.0,20.0,5.0,2.5,LC5,751.1381422785851,1.0196018742946076,LC5,1126.7072134178775,0.6526032476100021,LC5,99.2045629701755,3.170024293282462,LC5,148.80684445526322,1.7800161955216423,7.3207875318311295,5.808748136352259,True
32.0,5.0,21.0,519.780356685791,180.0,20.0,5.0,3.0,LC5,899.1590476595973,0.6871319973352528,LC5,1348.7385714893956,0.3805492327129165,LC5,99.2045629701755,3.170024293282462,LC5,148.80684445526322,1.7800161955216423,7.3207875318311295,5.808748136352259,True
32.0,5.0,21.0,519.780356685791,180.0,25.0,5.0,1.0,LC5,356.4157279292195,3.2562655941526257,LC5,534.6235918938291,2.4828242304162558,LC5,79.3636503761404,4.212530366603078,LC5,119.04547556421058,2.4750202444020526,7.3207875318311295,5.808748136352259,True
32.0,5.0,21.0,519.780356685791,180.0,25.0,5.0,1.5,LC5,529.106784207067,1.8670961047558956,LC5,793.6601763106003,1.3460922641421575,LC5,79.3636503761404,4.212530366603078,LC5,119.04547556421058,2.4750202444020526,7.3207875318311295,5.808748136352259,True
32.0,5.0,21.0,519.780356685791,180.0,25.0,5.0,2.0,LC5,701.7978404849146,1.1615911484592387,LC5,1052.6967607273714,0.76879047173417,LC5,79.3636503761404,4.212530366603078,LC5,119.04547556421058,2.4750202444020526,7.3207875318311295,5.808748136352259,True
32.0,5.0,21.0,519.780356685791,180.0,25.0,5.0,2.5,LC5,874.4888967627621,0.73472757128847,LC5,1311.7333451441427,0.4194958197051779,LC5,79.3636503761404,4.212530366603078,LC5,119.04547556421058,2.4750202444020526,7.3207875318311295,5.808748136352259,True
32.0,5.0,21.0,519.780356685791,180.0,25.0,5.0,3.0,LC5,1047.1799530406095,0.4486526366315675,LC5,1570.7699295609139,0.1854059368964971,LC5,79.3636503761404,4.212530366603078,LC5,119.04547556421058,2.4750202444020526,7.3207875318311295,5.808748136352259,True
32.0,5.0,21.0,519.780356685791,180.0,30.0,5.0,1.0,LC5,405.75602972289016,2.738699831610711,LC5,608.6340445843351,2.059309640280881,LC5,66.13637531345033,5.2550364399236935,LC5,99.20456297017547,3.170024293282464,7.3207875318311295,5.808748136352259,True
32.0,5.0,21.0,519.780356685791,180.0,30.0,5.0,1.5,LC5,603.117236897573,1.5152655357744833,LC5,904.6758553463593,1.0581957493351304,LC5,66.13637531345033,5.2550364399236935,LC5,99.20456297017547,3.170024293282464,7.3207875318311295,5.808748136352259,True
32.0,5.0,21.0,519.780356685791,180.0,30.0,5.0,2.0,LC5,800.4784440722558,0.8951166158611348,LC5,1200.7176661083834,0.5507392391709223,LC5,66.13637531345033,5.2550364399236935,LC5,99.20456297017547,3.170024293282464,7.3207875318311295,5.808748136352259,True
32.0,5.0,21.0,519.780356685791,180.0,30.0,5.0,2.5,LC5,997.8396512469387,0.5202843443876966,LC5,1496.7594768704075,0.24402085223023162,LC5,66.13637531345033,5.2550364399236935,LC5,99.20456297017547,3.170024293282464,7.3207875318311295,5.808748136352259,True
32.0,5.0,21.0,519.780356685791,180.0,30.0,5.0,3.0,LC5,1195.2008584216214,0.26924272963068785,LC5,1792.8012876324317,0.03859809385732427,LC5,66.13637531345033,5.2550364399236935,LC5,99.20456297017547,3.170024293282464,7.3207875318311295,5.808748136352259,True
32.0,10.0,26.0,524.780356685791,120.0,20.0,5.0,1.0,LC5,443.9403252976749,2.41712593687633,LC5,665.9104879465125,1.7961716082020325,LC5,145.0684308893268,1.8516572148333474,LC5,217.60264633399024,0.9011048098888981,4.6901428215814835,3.6561397204063812,True
32.0,10.0,26.0,524.780356685791,120.0,20.0,5.0,1.5,LC5,660.3936802597502,1.2971146534947517,LC5,990.5905203896252,0.8796868753272811,LC5,145.0684308893268,1.8516572148333474,LC5,217.60264633399024,0.9011048098888981,4.6901428215814835,3.6561397204063812,True
32.0,10.0,26.0,524.780356685791,120.0,20.0,5.0,2.0,LC5,876.8470352218253,0.7300623017060535,LC5,1315.270552832738,0.41567831499743857,LC5,145.0684308893268,1.8516572148333474,LC5,217.60264633399024,0.9011048098888981,4.6901428215814835,3.6561397204063812,True
32.0,10.0,26.0,524.780356685791,120.0,20.0,5.0,2.5,LC5,1093.3003901839004,0.3875418079241977,LC5,1639.9505852758507,0.13540006431766916,LC5,145.0684308893268,1.8516572148333474,LC5,217.60264633399024,0.9011048098888981,4.6901428215814835,3.6561397204063812,True
32.0,10.0,26.0,524.780356685791,120.0,20.0,5.0,3.0,LC5,1309.753745145976,0.15823299274546132,LC5,1964.6306177189635,-0.05223914195031887,LC5,145.0684308893268,1.8516572148333474,LC5,217.60264633399024,0.9011048098888981,4.6901428215814835,3.6561397204063812,False
32.0,10.0,26.0,524.780356685791,120.0,25.0,5.0,1.0,LC5,516.0914436183666,1.939401570706477,LC5,774.1371654275501,1.4052585034741631,LC5,116.05474471146144,2.5645715185416846,LC5,174.0821170671922,1.3763810123611222,4.6901428215814835,3.6561397204063812,True
32.0,10.0,26.0,524.780356685791,120.0,25.0,5.0,1.5,LC5,768.6203577407878,0.9736661730622524,LC5,1152.9305366111819,0.61501490408346,LC5,116.05474471146144,2.5645715185416846,LC5,174.0821170671922,1.3763810123611222,4.6901428215814835,3.6561397204063812,True
32.0,10.0,26.0,524.780356685791,120.0,25.0,5.0,2.0,LC5,1021.1492718632089,0.4855810426540794,LC5,1531.7239077948136,0.2156237756193784,LC5,116.05474471146144,2.5645715185416846,LC5,174.0821170671922,1.3763810123611222,4.6901428215814835,3.6561397204063812,True
32.0,10.0,26.0,524.780356685791,120.0,25.0,5.0,2.5,LC5,1273.67818598563,0.19103869147768782,LC5,1910.5172789784453,-0.025394839142406256,LC5,116.05474471146144,2.5645715185416846,LC5,174.0821170671922,1.3763810123611222,4.6901428215814835,3.6561397204063812,False
32.0,10.0,26.0,524.780356685791,120.0,25.0,5.0,3.0,LC5,1526.2071001080508,-0.006032667589738638,LC5,2289.3106501620773,-0.18665472513825276,LC5,116.05474471146144,2.5645715185416846,LC5,174.0821170671922,1.3763810123611222,4.6901428215814835,3.6561397204063812,False
32.0,10.0,26.0,524.780356685791,120.0,30.0,5.0,1.0,LC5,588.2425619390585,1.5788681373197884,LC5,882.3638429085877,1.1102405940186535,LC5,96.7122872595512,3.2774858222500214,LC5,145.06843088932683,1.851657214833347,4.6901428215814835,3.6561397204063812,True
32.0,10.0,26.0,524.780356685791,120.0,30.0,5.0,1.5,LC5,876.8470352218253,0.7300623017060535,LC5,1315.270552832738,0.41567831499743857,LC5,96.7122872595512,3.2774858222500214,LC5,145.06843088932683,1.851657214833347,4.6901428215814835,3.6561397204063812,True
32.0,10.0,26.0,524.780356685791,120.0,30.0,5.0,2.0,LC5,1165.4515085045923,0.30164145734942216,LC5,1748.1772627568887,0.06510937973395903,LC5,96.7122872595512,3.2774858222500214,LC5,145.06843088932683,1.851657214833347,4.6901428215814835,3.6561397204063812,True
32.0,10.0,26.0,524.780356685791,120.0,30.0,5.0,2.5,LC5,1454.055981787359,0.04328857967027422,LC5,2181.0839726810395,-0.14629605126519452,LC5,96.7122872595512,3.2774858222500214,LC5,145.06843088932683,1.851657214833347,4.6901428215814835,3.6561397204063812,False
32.0,10.0,26.0,524.780356685791,120.0,30.0,5.0,3.0,LC5,1742.660455070126,-0.12949192392217646,LC5,2613.9906826051897,-0.2876791748376589,LC5,96.7122872595512,3.2774858222500214,LC5,145.06843088932683,1.851657214833347,4.6901428215814835,3.6561397204063812,False
32.0,10.0,26.0,524.780356685791,150.0,20.0,5.0,1.0,LC5,362.50766074280716,3.1847391497645754,LC5,543.7614911142108,2.4242954501699137,LC5,117.78008307835992,2.51235477831064,LC5,176.6701246175399,1.3415698522070931,6.00848623203813,4.734916002660952,True
32.0,10.0,26.0,524.780356685791,150.0,20.0,5.0,1.5,LC5,538.2446834274485,1.8184207790776639,LC5,807.3670251411728,1.3062621360767346,LC5,117.78008307835992,2.51235477831064,LC5,176.6701246175399,1.3415698522070931,6.00848623203813,4.734916002660952,True
32.0,10.0,26.0,524.780356685791,150.0,20.0,5.0,2.0,LC5,713.9817061120899,1.1247042984625746,LC5,1070.972559168135,0.7386066375466109,LC5,117.78008307835992,2.51235477831064,LC5,176.6701246175399,1.3415698522070931,6.00848623203813,4.734916002660952,True
32.0,10.0,26.0,524.780356685791,150.0,20.0,5.0,2.5,LC5,889.7187287967312,0.7050332323020931,LC5,1334.5780931950965,0.3951974856279932,LC5,117.78008307835992,2.51235477831064,LC5,176.6701246175399,1.3415698522070931,6.00848623203813,4.734916002660952,True
32.0,10.0,26.0,524.780356685791,150.0,20.0,5.0,3.0,LC5,1065.4557514813725,0.4238038490953904,LC5,1598.1836272220587,0.16507262887963847,LC5,117.78008307835992,2.51235477831064,LC5,176.6701246175399,1.3415698522070931,6.00848623203813,4.734916002660952,True
32.0,10.0,26.0,524.780356685791,150.0,25.0,5.0,1.0,LC5,421.08666830435425,2.6025837771324034,LC5,631.6300024565314,1.947928364324559,LC5,94.22406646268793,3.3904434728883004,LC5,141.3360996940319,1.9269623152588666,6.00848623203813,4.734916002660952,True
32.0,10.0,26.0,524.780356685791,150.0,25.0,5.0,1.5,LC5,626.1131947697692,1.4228845721065224,LC5,939.1697921546538,0.9826020976762666,LC5,94.22406646268793,3.3904434728883004,LC5,141.3360996940319,1.9269623152588666,6.00848623203813,4.734916002660952,True
32.0,10.0,26.0,524.780356685791,150.0,25.0,5.0,2.0,LC5,831.1397212351841,0.8252045489361721,LC5,1246.709581852776,0.4935314744535939,LC5,94.22406646268793,3.3904434728883004,LC5,141.3360996940319,1.9269623152588666,6.00848623203813,4.734916002660952,True
32.0,10.0,26.0,524.780356685791,150.0,25.0,5.0,2.5,LC5,1036.1662477005991,0.4640507769544122,LC5,1554.2493715508986,0.19800595328020898,LC5,94.22406646268793,3.3904434728883004,LC5,141.3360996940319,1.9269623152588666,6.00848623203813,4.734916002660952,True
32.0,10.0,26.0,524.780356685791,150.0,25.0,5.0,3.0,LC5,1241.1927741660138,0.22221143369071528,LC5,1861.7891612490207,0.00011324523494260497,LC5,94.22406646268793,3.3904434728883004,LC5,141.3360996940319,1.9269623152588666,6.00848623203813,4.734916002660952,True
32.0,10.0,26.0,524.780356685791,150.0,30.0,5.0,1.0,LC5,479.6656758659013,2.1626194583581237,LC5,719.4985137988521,1.5879136152330586,LC5,78.52005538557327,4.268532167465961,LC5,117.78008307835992,2.51235477831064,6.00848623203813,4.734916002660952,True
32.0,10.0,26.0,524.780356685791,150.0,30.0,5.0,1.5,LC5,713.9817061120899,1.1247042984625746,LC5,1070.972559168135,0.7386066375466109,LC5,78.52005538557327,4.268532167465961,LC5,117.78008307835992,2.51235477831064,6.00848623203813,4.734916002660952,True
32.0,10.0,26.0,524.780356685791,150.0,30.0,5.0,2.0,LC5,948.2977363582781,0.5997085533765942,LC5,1422.4466045374174,0.30901222869137235,LC5,78.52005538557327,4.268532167465961,LC5,117.78008307835992,2.51235477831064,6.00848623203813,4.734916002660952,True
32.0,10.0,26.0,524.780356685791,150.0,30.0,5.0,2.5,LC5,1182.6137666044665,0.2827518525812758,LC5,1773.9206499067,0.049652361901268094,LC5,78.52005538557327,4.268532167465961,LC5,117.78008307835992,2.51235477831064,6.00848623203813,4.734916002660952,True
32.0,10.0,26.0,524.780356685791,150.0,30.0,5.0,3.0,LC5,1416.929796850655,0.07062467270556838,LC5,2125.394695275983,-0.12392742668522616,LC5,78.52005538557327,4.268532167465961,LC5,117.78008307835992,2.51235477831064,6.00848623203813,4.734916002660952,False
32.0,10.0,26.0,524.780356685791,180.0,20.0,5.0,1.0,LC5,308.2197803433923,3.921812604985597,LC5,462.32967051508837,3.0274291674283376,LC5,99.5880397459052,3.153967069194283,LC5,149.3820596188578,1.7693113794628559,7.2887472508658675,5.782530160893099,True
32.0,10.0,26.0,524.780356685791,180.0,20.0,5.0,1.5,LC5,456.8128628283262,2.320834686238028,LC5,685.2192942424892,1.7173782402879407,LC5,99.5880397459052,3.153967069194283,LC5,149.3820596188578,1.7693113794628559,7.2887472508658675,5.782530160893099,True
32.0,10.0,26.0,524.780356685791,180.0,20.0,5.0,2.0,LC5,605.4059453132602,1.5057566939073355,LC5,908.10891796989,1.0504148380819425,LC5,99.5880397459052,3.153967069194283,LC5,149.3820596188578,1.7693113794628559,7.2887472508658675,5.782530160893099,True
32.0,10.0,26.0,524.780356685791,180.0,20.0,5.0,2.5,LC5,753.9990277981943,1.0119389337011464,LC5,1130.9985416972909,0.6463328035823055,LC5,99.5880397459052,3.153967069194283,LC5,149.3820596188578,1.7693113794628559,7.2887472508658675,5.782530160893099,True
32.0,10.0,26.0,524.780356685791,180.0,20.0,5.0,3.0,LC5,902.592110283128,0.6807148907208402,LC5,1353.8881654246916,0.37529823182694155,LC5,99.5880397459052,3.153967069194283,LC5,149.3820596188578,1.7693113794628559,7.2887472508658675,5.782530160893099,True
32.0,10.0,26.0,524.780356685791,180.0,25.0,5.0,1.0,LC5,357.75080783837035,3.2403817594882174,LC5,536.6262117575554,2.469826779242831,LC5,79.67043179672417,4.192458836492853,LC5,119.50564769508622,2.46163922432857,7.2887472508658675,5.782530160893099,True
32.0,10.0,26.0,524.780356685791,180.0,25.0,5.0,1.5,LC5,531.1094040707932,1.8562853309933005,LC5,796.6641061061898,1.337246005849055,LC5,79.67043179672417,4.192458836492853,LC5,119.50564769508622,2.46163922432857,7.2887472508658675,5.782530160893099,True
32.0,10.0,26.0,524.780356685791,180.0,25.0,5.0,2.0,LC5,704.4680003032162,1.1533980242495825,LC5,1056.7020004548242,0.7620861881576457,LC5,79.67043179672417,4.192458836492853,LC5,119.50564769508622,2.46163922432857,7.2887472508658675,5.782530160893099,True
32.0,10.0,26.0,524.780356685791,180.0,25.0,5.0,2.5,LC5,877.8265965356392,0.728131735797106,LC5,1316.7398948034584,0.4140985682505878,LC5,79.67043179672417,4.192458836492853,LC5,119.50564769508622,2.46163922432857,7.2887472508658675,5.782530160893099,True
32.0,10.0,26.0,524.780356685791,180.0,25.0,5.0,3.0,LC5,1051.185192768062,0.4431329611914703,LC5,1576.777789152093,0.18088928751418054,LC5,79.67043179672417,4.192458836492853,LC5,119.50564769508622,2.46163922432857,7.2887472508658675,5.782530160893099,True
32.0,10.0,26.0,524.780356685791,180.0,30.0,5.0,1.0,LC5,407.2818353333483,2.724693488376126,LC5,610.9227530000223,2.047848505979498,LC5,66.39202649727014,5.230950603791425,LC5,99.58803974590519,3.153967069194284,7.2887472508658675,5.782530160893099,True
32.0,10.0,26.0,524.780356685791,180.0,30.0,5.0,1.5,LC5,605.4059453132602,1.5057566939073355,LC5,908.10891796989,1.0504148380819425,LC5,66.39202649727014,5.230950603791425,LC5,99.58803974590519,3.153967069194284,7.2887472508658675,5.782530160893099,True
32.0,10.0,26.0,524.780356685791,180.0,30.0,5.0,2.0,LC5,803.5300552931722,0.8879194250506468,LC5,1205.2950829397578,0.5448499096657022,LC5,66.39202649727014,5.230950603791425,LC5,99.58803974590519,3.153967069194284,7.2887472508658675,5.782530160893099,True
32.0,10.0,26.0,524.780356685791,180.0,30.0,5.0,2.5,LC5,1001.654165273084,0.5144947753363713,LC5,1502.481247909626,0.23928335384589028,LC5,66.39202649727014,5.230950603791425,LC5,99.58803974590519,3.153967069194284,7.2887472508658675,5.782530160893099,True
32.0,10.0,26.0,524.780356685791,180.0,30.0,5.0,3.0,LC5,1199.7782752529956,0.26440029069547233,LC5,1799.6674128794932,0.03463561471103915,LC5,66.39202649727014,5.230950603791425,LC5,99.58803974590519,3.153967069194284,7.2887472508658675,5.782530160893099,True
32.0,15.0,31.0,529.780356685791,120.0,20.0,5.0,1.0,LC5,445.6564664694126,2.4039672127232974,LC5,668.484699704119,1.7854040650805447,LC5,145.64351531574326,1.8403972308225693,LC5,218.46527297361484,0.8935981538817133,4.667674862649822,3.6377546008587,True
32.0,15.0,31.0,529.780356685791,120.0,20.0,5.0,1.5,LC5,662.9678920173568,1.288195278030575,LC5,994.4518380260349,0.8723883136422466,LC5,145.64351531574326,1.8403972308225693,LC5,218.46527297361484,0.8935981538817133,4.667674862649822,3.6377546008587,True
32.0,15.0,31.0,529.780356685791,120.0,20.0,5.0,2.0,LC5,880.2793175653007,0.7233166447619805,LC5,1320.4189763479512,0.4101584673903791,LC5,145.64351531574326,1.8403972308225693,LC5,218.46527297361484,0.8935981538817133,4.667674862649822,3.6377546008587,True
32.0,15.0,31.0,529.780356685791,120.0,20.0,5.0,2.5,LC5,1097.5907431132448,0.38211807043591506,LC5,1646.3861146698673,0.13096191920530598,LC5,145.64351531574326,1.8403972308225693,LC5,218.46527297361484,0.8935981538817133,4.667674862649822,3.6377546008587,True
32.0,15.0,31.0,529.780356685791,120.0,20.0,5.0,3.0,LC5,1314.9021686611889,0.1536979983420239,LC5,1972.3532529917832,-0.05595004486361288,LC5,145.64351531574326,1.8403972308225693,LC5,218.46527297361484,0.8935981538817133,4.667674862649822,3.6377546008587,False
32.0,15.0,31.0,529.780356685791,120.0,25.0,5.0,1.0,LC5,518.0936083187273,1.9280422990023705,LC5,777.1404124780909,1.3959634193550494,LC5,116.5148122525946,2.550496538528212,LC5,174.7722183788919,1.3669976923521414,4.667674862649822,3.6377546008587,True
32.0,15.0,31.0,529.780356685791,120.0,25.0,5.0,1.5,LC5,771.6236047913288,0.9659844392788428,LC5,1157.435407186993,0.6087290819324132,LC5,116.5148122525946,2.550496538528212,LC5,174.7722183788919,1.3669976923521414,4.667674862649822,3.6377546008587,True
32.0,15.0,31.0,529.780356685791,120.0,25.0,5.0,2.0,LC5,1025.1536012639303,0.4797782479909971,LC5,1537.730401895895,0.21087545495901439,LC5,116.5148122525946,2.550496538528212,LC5,174.7722183788919,1.3669976923521414,4.667674862649822,3.6377546008587,True
32.0,15.0,31.0,529.780356685791,120.0,25.0,5.0,2.5,LC5,1278.6835977365317,0.18637636604186159,LC5,1918.0253966047972,-0.02920993470887867,LC5,116.5148122525946,2.550496538528212,LC5,174.7722183788919,1.3669976923521414,4.667674862649822,3.6377546008587,False
32.0,15.0,31.0,529.780356685791,120.0,25.0,5.0,3.0,LC5,1532.213594209133,-0.00992916018147294,LC5,2298.320391313699,-0.18984315370595584,LC5,116.5148122525946,2.550496538528212,LC5,174.7722183788919,1.3669976923521414,4.667674862649822,3.6377546008587,False
32.0,15.0,31.0,529.780356685791,120.0,30.0,5.0,1.0,LC5,590.5307501680421,1.5688755404664714,LC5,885.7961252520629,1.1020638349147753,LC5,97.09567687716216,3.260595846233855,LC5,145.64351531574323,1.8403972308225698,4.667674862649822,3.6377546008587,True
32.0,15.0,31.0,529.780356685791,120.0,30.0,5.0,1.5,LC5,880.2793175653009,0.7233166447619803,LC5,1320.4189763479512,0.4101584673903791,LC5,97.09567687716216,3.260595846233855,LC5,145.64351531574323,1.8403972308225698,4.667674862649822,3.6377546008587,True
32.0,15.0,31.0,529.780356685791,120.0,30.0,5.0,2.0,LC5,1170.0278849625595,0.2965502955073105,LC5,1755.041827443839,0.06094337518550308,LC5,97.09567687716216,3.260595846233855,LC5,145.64351531574323,1.8403972308225698,4.667674862649822,3.6377546008587,True
32.0,15.0,31.0,529.780356685791,120.0,30.0,5.0,2.5,LC5,1459.7764523598182,0.03920021284606712,LC5,2189.664678539728,-0.14964148700532776,LC5,97.09567687716216,3.260595846233855,LC5,145.64351531574323,1.8403972308225698,4.667674862649822,3.6377546008587,False
32.0,15.0,31.0,529.780356685791,120.0,30.0,5.0,3.0,LC5,1749.525019757077,-0.13290751325714867,LC5,2624.287529635616,-0.29047408907264827,LC5,97.09567687716216,3.260595846233855,LC5,145.64351531574323,1.8403972308225698,4.667674862649822,3.6377546008587,False
32.0,15.0,31.0,529.780356685791,150.0,20.0,5.0,1.0,LC5,363.88075663885877,3.168948130185348,LC5,545.8211349582882,2.411373947881836,LC5,118.24021192952901,2.498686536832812,LC5,177.36031789429347,1.3324576912218755,5.981212881747586,4.712598719320591,True
32.0,15.0,31.0,529.780356685791,150.0,20.0,5.0,1.5,LC5,540.304327271526,1.8076769395142063,LC5,810.4564909072888,1.2974706488136465,LC5,118.24021192952901,2.498686536832812,LC5,177.36031789429347,1.3324576912218755,5.981212881747586,4.712598719320591,True
32.0,15.0,31.0,529.780356685791,150.0,20.0,5.0,2.0,LC5,716.7278979041931,1.1165633491258093,LC5,1075.0918468562895,0.7319450477135827,LC5,118.24021192952901,2.498686536832812,LC5,177.36031789429347,1.3324576912218755,5.981212881747586,4.712598719320591,True
32.0,15.0,31.0,529.780356685791,150.0,20.0,5.0,2.5,LC5,893.1514685368603,0.698480104931265,LC5,1339.72720280529,0.38983518144672225,LC5,118.24021192952901,2.498686536832812,LC5,177.36031789429347,1.3324576912218755,5.981212881747586,4.712598719320591,True
32.0,15.0,31.0,529.780356685791,150.0,20.0,5.0,3.0,LC5,1069.5750391695276,0.41832030894987593,LC5,1604.3625587542908,0.16058554834747074,LC5,118.24021192952901,2.498686536832812,LC5,177.36031789429347,1.3324576912218755,5.981212881747586,4.712598719320591,True
32.0,15.0,31.0,529.780356685791,150.0,25.0,5.0,1.0,LC5,422.68861351641453,2.5889303650264743,LC5,634.0329202746217,1.9367560271058215,LC5,94.5921695436232,3.3733581710410157,LC5,141.88825431543478,1.915572114027344,5.981212881747586,4.712598719320591,True
32.0,15.0,31.0,529.780356685791,150.0,25.0,5.0,1.5,LC5,628.5161125878598,1.41362149612026,LC5,942.7741688817893,0.9750222921449907,LC5,94.5921695436232,3.3733581710410157,LC5,141.88825431543478,1.915572114027344,5.981212881747586,4.712598719320591,True
32.0,15.0,31.0,529.780356685791,150.0,25.0,5.0,2.0,LC5,834.3436116593047,0.8181957395024089,LC5,1251.5154174889567,0.4877962939808771,LC5,94.5921695436232,3.3733581710410157,LC5,141.88825431543478,1.915572114027344,5.981212881747586,4.712598719320591,True
32.0,15.0,31.0,529.780356685791,150.0,25.0,5.0,2.5,LC5,1040.17111073075,0.45841389397390997,LC5,1560.2566660961243,0.19339339511290765,LC5,94.5921695436232,3.3733581710410157,LC5,141.88825431543478,1.915572114027344,5.981212881747586,4.712598719320591,True
32.0,15.0,31.0,529.780356685791,150.0,25.0,5.0,3.0,LC5,1245.9986098021948,0.2174973455554876,LC5,1868.9979147032916,-0.0037442068010025142,LC5,94.5921695436232,3.3733581710410157,LC5,141.88825431543478,1.915572114027344,5.981212881747586,4.712598719320591,False
32.0,15.0,31.0,529.780356685791,150.0,30.0,5.0,1.0,LC5,481.4964703939702,2.150594227116057,LC5,722.2447055909553,1.5780735886135346,LC5,78.82680795301934,4.248029805249218,LC5,118.240211929529,2.4986865368328126,5.981212881747586,4.712598719320591,True
32.0,15.0,31.0,529.780356685791,150.0,30.0,5.0,1.5,LC5,716.7278979041931,1.1165633491258093,LC5,1075.0918468562895,0.7319450477135827,LC5,78.82680795301934,4.248029805249218,LC5,118.240211929529,2.4986865368328126,5.981212881747586,4.712598719320591,True
32.0,15.0,31.0,529.780356685791,150.0,30.0,5.0,2.0,LC5,951.959325414416,0.5935554802613077,LC5,1427.9389881216237,0.30397728158495063,LC5,78.82680795301934,4.248029805249218,LC5,118.240211929529,2.4986865368328126,5.981212881747586,4.712598719320591,True
32.0,15.0,31.0,529.780356685791,150.0,30.0,5.0,2.5,LC5,1187.1907529246384,0.2778064487639229,LC5,1780.786129386958,0.04560562847656513,LC5,78.82680795301934,4.248029805249218,LC5,118.240211929529,2.4986865368328126,5.981212881747586,4.712598719320591,True
32.0,15.0,31.0,529.780356685791,150.0,30.0,5.0,3.0,LC5,1422.4221804348617,0.06649068108332234,LC5,2133.633270652292,-0.1273101963624933,LC5,78.82680795301934,4.248029805249218,LC5,118.240211929529,2.4986865368328126,5.981212881747586,4.712598719320591,False
32.0,15.0,31.0,529.780356685791,180.0,20.0,5.0,1.0,LC5,309.36417284513385,3.903605954266083,LC5,464.04625926770075,3.0125309983930775,LC5,99.97152935404327,3.1380325004838037,LC5,149.95729403106492,1.7586883336558685,7.256951714119269,5.756512455148355,True
32.0,15.0,31.0,529.780356685791,180.0,20.0,5.0,1.5,LC5,458.5294515809385,2.3084025350380855,LC5,687.7941773714077,1.7072052385150145,LC5,99.97152935404327,3.1380325004838037,LC5,149.95729403106492,1.7586883336558685,7.256951714119269,5.756512455148355,True
32.0,15.0,31.0,529.780356685791,180.0,20.0,5.0,2.0,LC5,607.6947303167433,1.4963191621051375,LC5,911.5420954751147,1.0426922785496666,LC5,99.97152935404327,3.1380325004838037,LC5,149.95729403106492,1.7586883336558685,7.256951714119269,5.756512455148355,True
32.0,15.0,31.0,529.780356685791,180.0,20.0,5.0,2.5,LC5,756.860009052548,1.0043336705013783,LC5,1135.2900135788216,0.6401095559101595,LC5,99.97152935404327,3.1380325004838037,LC5,149.95729403106492,1.7586883336558685,7.256951714119269,5.756512455148355,True
32.0,15.0,31.0,529.780356685791,180.0,20.0,5.0,3.0,LC5,906.0252877883524,0.6743462025249469,LC5,1359.0379316825288,0.37008685084660553,LC5,99.97152935404327,3.1380325004838037,LC5,149.95729403106492,1.7586883336558685,7.256951714119269,5.756512455148355,True
32.0,15.0,31.0,529.780356685791,180.0,25.0,5.0,1.0,LC5,359.0859324237354,3.2246155112806836,LC5,538.6288986356032,2.4569255469148024,LC5,79.97722348323462,4.1725406256047535,LC5,119.96583522485193,2.448360417069836,7.256951714119269,5.756512455148355,True
32.0,15.0,31.0,529.780356685791,180.0,25.0,5.0,1.5,LC5,533.1120909488409,1.845555420249465,LC5,799.6681364232614,1.3284659162841148,LC5,79.97722348323462,4.1725406256047535,LC5,119.96583522485193,2.448360417069836,7.256951714119269,5.756512455148355,True
32.0,15.0,31.0,529.780356685791,180.0,25.0,5.0,2.0,LC5,707.1382494739464,1.1452665035847307,LC5,1060.7073742109196,0.7554323136342642,LC5,79.97722348323462,4.1725406256047535,LC5,119.96583522485193,2.448360417069836,7.256951714119269,5.756512455148355,True
32.0,15.0,31.0,529.780356685791,180.0,25.0,5.0,2.5,LC5,881.1644079990518,0.7215856498843429,LC5,1321.7466119985777,0.4087420259655665,LC5,79.97722348323462,4.1725406256047535,LC5,119.96583522485193,2.448360417069836,7.256951714119269,5.756512455148355,True
32.0,15.0,31.0,529.780356685791,180.0,25.0,5.0,3.0,LC5,1055.1905665241575,0.43765500576551064,LC5,1582.785849786236,0.17640677685580353,LC5,79.97722348323462,4.1725406256047535,LC5,119.96583522485193,2.448360417069836,7.256951714119269,5.756512455148355,True
32.0,15.0,31.0,529.780356685791,180.0,30.0,5.0,1.0,LC5,408.8076920023369,2.710791234308106,LC5,613.2115380035054,2.036472545937901,LC5,66.64768623602885,5.207048750725705,LC5,99.97152935404327,3.1380325004838037,7.256951714119269,5.756512455148355,True
32.0,15.0,31.0,529.780356685791,180.0,30.0,5.0,1.5,LC5,607.6947303167433,1.4963191621051375,LC5,911.5420954751147,1.0426922785496666,LC5,66.64768623602885,5.207048750725705,LC5,99.97152935404327,3.1380325004838037,7.256951714119269,5.756512455148355,True
32.0,15.0,31.0,529.780356685791,180.0,30.0,5.0,2.0,LC5,806.5817686311494,0.8807764556524778,LC5,1209.8726529467242,0.5390049485497312,LC5,66.64768623602885,5.207048750725705,LC5,99.97152935404327,3.1380325004838037,7.256951714119269,5.756512455148355,True
32.0,15.0,31.0,529.780356685791,180.0,30.0,5.0,2.5,LC5,1005.4688069455558,0.5087489432997823,LC5,1508.2032104183336,0.2345816446601603,LC5,66.64768623602885,5.207048750725705,LC5,99.97152935404327,3.1380325004838037,7.256951714119269,5.756512455148355,True
32.0,15.0,31.0,529.780356685791,180.0,30.0,5.0,3.0,LC5,1204.3558452599618,0.2595945010525966,LC5,1806.5337678899427,0.0307031250098595,LC5,66.64768623602885,5.207048750725705,LC5,99.97152935404327,3.1380325004838037,7.256951714119269,5.756512455148355,True
32.0,20.0,36.0,534.780356685791,120.0,20.0,5.0,1.0,LC5,447.3726696199323,2.3909089736947386,LC5,671.0590044298986,1.7747187470971664,LC5,146.21862051144888,1.8292254170029607,LC5,219.3279307671733,0.8861502780019739,4.645382836848466,3.6195134441713224,True
32.0,20.0,36.0,534.780356685791,120.0,20.0,5.0,1.5,LC5,665.5421967431363,1.279344581641126,LC5,998.3132951147044,0.8651459507869819,LC5,146.21862051144888,1.8292254170029607,LC5,219.3279307671733,0.8861502780019739,4.645382836848466,3.6195134441713224,True
32.0,20.0,36.0,534.780356685791,120.0,20.0,5.0,2.0,LC5,883.7117238663402,0.7166231464746795,LC5,1325.5675857995102,0.4046813002574614,LC5,146.21862051144888,1.8292254170029607,LC5,219.3279307671733,0.8861502780019739,4.645382836848466,3.6195134441713224,True
32.0,20.0,36.0,534.780356685791,120.0,20.0,5.0,2.5,LC5,1101.881250989544,0.37673637575524466,LC5,1652.8218764843161,0.1265581769528743,LC5,146.21862051144888,1.8292254170029607,LC5,219.3279307671733,0.8861502780019739,4.645382836848466,3.6195134441713224,True
32.0,20.0,36.0,534.780356685791,120.0,20.0,5.0,3.0,LC5,1320.0507781127478,0.149198216578325,LC5,1980.076167169122,-0.059632133918329666,LC5,146.21862051144888,1.8292254170029607,LC5,219.3279307671733,0.8861502780019739,4.645382836848466,3.6195134441713224,False
32.0,20.0,36.0,534.780356685791,120.0,25.0,5.0,1.0,LC5,520.0958453276669,1.916770079261585,LC5,780.1437679915003,1.386739568264149,LC5,116.9748964091591,2.536531771253701,LC5,175.46234461373865,1.3576878475024672,4.645382836848466,3.6195134441713224,True
32.0,20.0,36.0,534.780356685791,120.0,25.0,5.0,1.5,LC5,774.6269603047383,0.9583619958221079,LC5,1161.9404404571071,0.6024917759704531,LC5,116.9748964091591,2.536531771253701,LC5,175.46234461373865,1.3576878475024672,4.645382836848466,3.6195134441713224,True
32.0,20.0,36.0,534.780356685791,120.0,25.0,5.0,2.0,LC5,1029.1580752818095,0.47402040214726693,LC5,1543.737112922714,0.20616391509479737,LC5,116.9748964091591,2.536531771253701,LC5,175.46234461373865,1.3576878475024672,4.645382836848466,3.6195134441713224,True
32.0,20.0,36.0,534.780356685791,120.0,25.0,5.0,2.5,LC5,1283.6891902588804,0.18175023324303918,LC5,1925.533785388321,-0.032995414502949405,LC5,116.9748964091591,2.536531771253701,LC5,175.46234461373865,1.3576878475024672,4.645382836848466,3.6195134441713224,False
32.0,20.0,36.0,534.780356685791,120.0,25.0,5.0,3.0,LC5,1538.2203052359519,-0.013795361538084028,LC5,2307.330457853928,-0.1930067955103988,LC5,116.9748964091591,2.536531771253701,LC5,175.46234461373865,1.3576878475024672,4.645382836848466,3.6195134441713224,False
32.0,20.0,36.0,534.780356685791,120.0,30.0,5.0,1.0,LC5,592.8190210354015,1.558959726613443,LC5,889.2285315531024,1.0939499059346214,LC5,97.47908034096592,3.243838125504441,LC5,146.21862051144888,1.8292254170029607,4.645382836848466,3.6195134441713224,True
32.0,20.0,36.0,534.780356685791,120.0,30.0,5.0,1.5,LC5,883.7117238663402,0.7166231464746795,LC5,1325.5675857995102,0.4046813002574614,LC5,97.47908034096592,3.243838125504441,LC5,146.21862051144888,1.8292254170029607,4.645382836848466,3.6195134441713224,True
32.0,20.0,36.0,534.780356685791,120.0,30.0,5.0,2.0,LC5,1174.6044266972785,0.29149862329861986,LC5,1761.906640045918,0.05680968428126998,LC5,97.47908034096592,3.243838125504441,LC5,146.21862051144888,1.8292254170029607,4.645382836848466,3.6195134441713224,True
32.0,20.0,36.0,534.780356685791,120.0,30.0,5.0,2.5,LC5,1465.497129528217,0.03514361743469463,LC5,2198.245694292326,-0.152960924779872,LC5,97.47908034096592,3.243838125504441,LC5,146.21862051144888,1.8292254170029607,4.645382836848466,3.6195134441713224,False
32.0,20.0,36.0,534.780356685791,120.0,30.0,5.0,3.0,LC5,1756.3898323591557,-0.13629652594698238,LC5,2634.584748538734,-0.29324725612537084,LC5,97.47908034096592,3.243838125504441,LC5,146.21862051144888,1.8292254170029607,4.645382836848466,3.6195134441713224,False
32.0,20.0,36.0,534.780356685791,150.0,20.0,5.0,1.0,LC5,365.2538999788398,3.153275297232649,LC5,547.8808499682598,2.3985491555469967,LC5,118.70035667931143,2.485123795438467,LC5,178.05053501896714,1.3234158636256446,5.954150044326396,4.690453694808063,True
32.0,20.0,36.0,534.780356685791,150.0,20.0,5.0,1.5,LC5,542.3640422814975,1.797014333064225,LC5,813.5460634222462,1.2887456331204517,LC5,118.70035667931143,2.485123795438467,LC5,178.05053501896714,1.3234158636256446,5.954150044326396,4.690453694808063,True
32.0,20.0,36.0,534.780356685791,150.0,20.0,5.0,2.0,LC5,719.4741845841552,1.108484268795276,LC5,1079.211276876233,0.7253340841559235,LC5,118.70035667931143,2.485123795438467,LC5,178.05053501896714,1.3234158636256446,5.954150044326396,4.690453694808063,True
32.0,20.0,36.0,534.780356685791,150.0,20.0,5.0,2.5,LC5,896.5843268868128,0.6919769334664156,LC5,1344.8764903302192,0.38451375526893705,LC5,118.70035667931143,2.485123795438467,LC5,178.05053501896714,1.3234158636256446,5.954150044326396,4.690453694808063,True
32.0,20.0,36.0,534.780356685791,150.0,20.0,5.0,3.0,LC5,1073.6944691894705,0.4128786573196934,LC5,1610.5417037842058,0.15613274442068525,LC5,118.70035667931143,2.485123795438467,LC5,178.05053501896714,1.3234158636256446,5.954150044326396,4.690453694808063,True
32.0,20.0,36.0,534.780356685791,150.0,25.0,5.0,1.0,LC5,424.29061407972574,2.5753795857358988,LC5,636.4359211195887,1.9256676724413286,LC5,94.96028534344914,3.356404744298084,LC5,142.44042801517372,1.9042698295320557,5.954150044326396,4.690453694808063,True
32.0,20.0,36.0,534.780356685791,150.0,25.0,5.0,1.5,LC5,630.9191134328264,1.4044286624096927,LC5,946.3786701492396,0.9674999645822226,LC5,94.96028534344914,3.356404744298084,LC5,142.44042801517372,1.9042698295320557,5.954150044326396,4.690453694808063,True
32.0,20.0,36.0,534.780356685791,150.0,25.0,5.0,2.0,LC5,837.5476127859271,0.811240312600279,LC5,1256.3214191788904,0.4821047954566997,LC5,94.96028534344914,3.356404744298084,LC5,142.44042801517372,1.9042698295320557,5.954150044326396,4.690453694808063,True
32.0,20.0,36.0,534.780356685791,150.0,25.0,5.0,2.5,LC5,1044.1761121390277,0.4528200581915034,LC5,1566.2641682085416,0.1888160616798853,LC5,94.96028534344914,3.356404744298084,LC5,142.44042801517372,1.9042698295320557,5.954150044326396,4.690453694808063,True
32.0,20.0,36.0,534.780356685791,150.0,25.0,5.0,3.0,LC5,1250.804611492128,0.21281932130895997,LC5,1876.2069172381925,-0.007572148416926883,LC5,94.96028534344914,3.356404744298084,LC5,142.44042801517372,1.9042698295320557,5.954150044326396,4.690453694808063,False
32.0,20.0,36.0,534.780356685791,150.0,30.0,5.0,1.0,LC5,483.3273281806117,2.138659685787768,LC5,724.9909922709176,1.5683077718904959,LC5,79.13357111954095,4.227685693157701,LC5,118.70035667931143,2.485123795438467,5.954150044326396,4.690453694808063,True
32.0,20.0,36.0,534.780356685791,150.0,30.0,5.0,1.5,LC5,719.4741845841553,1.108484268795276,LC5,1079.211276876233,0.7253340841559235,LC5,79.13357111954095,4.227685693157701,LC5,118.70035667931143,2.485123795438467,5.954150044326396,4.690453694808063,True
32.0,20.0,36.0,534.780356685791,150.0,30.0,5.0,2.0,LC5,955.621040987699,0.5874493496209312,LC5,1433.4315614815482,0.29898074664652796,LC5,79.13357111954095,4.227685693157701,LC5,118.70035667931143,2.485123795438467,5.954150044326396,4.690453694808063,True
32.0,20.0,36.0,534.780356685791,150.0,30.0,5.0,2.5,LC5,1191.7678973912423,0.2728988617000716,LC5,1787.6518460868635,0.0415898398090675,LC5,79.13357111954095,4.227685693157701,LC5,118.70035667931143,2.485123795438467,5.954150044326396,4.690453694808063,True
32.0,20.0,36.0,534.780356685791,150.0,30.0,5.0,3.0,LC5,1427.914753794786,0.062388350542960325,LC5,2141.872130692179,-0.13066705835596915,LC5,79.13357111954095,4.227685693157701,LC5,118.70035667931143,2.485123795438467,5.954150044326396,4.690453694808063,False
32.0,20.0,36.0,534.780356685791,180.0,20.0,5.0,1.0,LC5,310.50860320177276,3.8855329107072523,LC5,465.7629048026589,2.997742157651904,LC5,100.35503164747921,3.1222191931867416,LC5,150.53254747121878,1.7481461287911615,7.225398140101399,5.730692743075723,True
32.0,20.0,36.0,534.780356685791,180.0,20.0,5.0,1.5,LC5,460.2460971158968,2.2960627140701138,LC5,690.3691456738451,1.6971077888809285,LC5,100.35503164747921,3.1222191931867416,LC5,150.53254747121878,1.7481461287911615,7.225398140101399,5.730692743075723,True
32.0,20.0,36.0,534.780356685791,180.0,20.0,5.0,2.0,LC5,609.9835910300211,1.486952144791939,LC5,914.975386545031,1.035027419733067,LC5,100.35503164747921,3.1222191931867416,LC5,150.53254747121878,1.7481461287911615,7.225398140101399,5.730692743075723,True
32.0,20.0,36.0,534.780356685791,180.0,20.0,5.0,2.5,LC5,759.7210849441451,0.9967854388450075,LC5,1139.5816274162173,0.6339329761060888,LC5,100.35503164747921,3.1222191931867416,LC5,150.53254747121878,1.7481461287911615,7.225398140101399,5.730692743075723,True
32.0,20.0,36.0,534.780356685791,180.0,20.0,5.0,3.0,LC5,909.4585788582692,0.668025389242505,LC5,1364.1878682874033,0.3649146450316614,LC5,100.35503164747921,3.1222191931867416,LC5,150.53254747121878,1.7481461287911615,7.225398140101399,5.730692743075723,True
32.0,20.0,36.0,534.780356685791,180.0,25.0,5.0,1.0,LC5,360.4211011731475,3.2089655546311313,LC5,540.6316517597212,2.444119473840109,LC5,80.28402531798336,4.152773991483427,LC5,120.42603797697502,2.4351826609889518,7.225398140101399,5.730692743075723,True
32.0,20.0,36.0,534.780356685791,180.0,25.0,5.0,1.5,LC5,535.114844072959,1.8349054727272116,LC5,802.6722661094383,1.3197512591597755,LC5,80.28402531798336,4.152773991483427,LC5,120.42603797697502,2.4351826609889518,7.225398140101399,5.730692743075723,True
32.0,20.0,36.0,534.780356685791,180.0,25.0,5.0,2.0,LC5,709.8085869727706,1.1371958973753507,LC5,1064.7128804591555,0.7488282842948382,LC5,80.28402531798336,4.152773991483427,LC5,120.42603797697502,2.4351826609889518,7.225398140101399,5.730692743075723,True
32.0,20.0,36.0,534.780356685791,180.0,25.0,5.0,2.5,LC5,884.5023298725821,0.7150887552987373,LC5,1326.7534948088728,0.4034257360431772,LC5,80.28402531798336,4.152773991483427,LC5,120.42603797697502,2.4351826609889518,7.225398140101399,5.730692743075723,True
32.0,20.0,36.0,534.780356685791,180.0,25.0,5.0,3.0,LC5,1059.1960727723936,0.4322183012153049,LC5,1588.79410915859,0.17195802103401392,LC5,80.28402531798336,4.152773991483427,LC5,120.42603797697502,2.4351826609889518,7.225398140101399,5.730692743075723,True
32.0,20.0,36.0,534.780356685791,180.0,30.0,5.0,1.0,LC5,410.3335991445221,2.696991918679569,LC5,615.5003987167831,2.0251808185371822,LC5,66.9033544316528,5.183328789780112,LC5,100.35503164747918,3.1222191931867425,7.225398140101399,5.730692743075723,True
32.0,20.0,36.0,534.780356685791,180.0,30.0,5.0,1.5,LC5,609.983591030021,1.4869521447919394,LC5,914.9753865450313,1.0350274197330664,LC5,66.9033544316528,5.183328789780112,LC5,100.35503164747918,3.1222191931867425,7.225398140101399,5.730692743075723,True
32.0,20.0,36.0,534.780356685791,180.0,30.0,5.0,2.0,LC5,809.6335829155198,0.873687099956042,LC5,1214.4503743732796,0.533203858544562,LC5,66.9033544316528,5.183328789780112,LC5,100.35503164747918,3.1222191931867425,7.225398140101399,5.730692743075723,True
32.0,20.0,36.0,534.780356685791,180.0,30.0,5.0,2.5,LC5,1009.2835748010186,0.5030463567180099,LC5,1513.9253622015276,0.2299153224385564,LC5,66.9033544316528,5.183328789780112,LC5,100.35503164747918,3.1222191931867425,7.225398140101399,5.730692743075723,True
32.0,20.0,36.0,534.780356685791,180.0,30.0,5.0,3.0,LC5,1208.9335666865172,0.25482494803899014,LC5,1813.4003500297758,0.026800287079147278,LC5,66.9033544316528,5.183328789780112,LC5,100.35503164747918,3.1222191931867425,7.225398140101399,5.730692743075723,True
34.0,5.0,22.0,520.780356685791,120.0,20.0,5.0,1.0,LC5,369.54628768197284,3.1050337956730125,LC5,554.3194315229591,2.3590740178172496,LC5,136.10200326456092,2.0395249714727717,LC5,204.15300489684134,1.0263499809818484,5.444073748309051,4.273067598045025,True
34.0,5.0,22.0,520.780356685791,120.0,20.0,5.0,1.5,LC5,549.4325707346854,1.761030344399698,LC5,824.1488561020279,1.2593005938353063,LC5,136.10200326456092,2.0395249714727717,LC5,204.15300489684134,1.0263499809818484,5.444073748309051,4.273067598045025,True
34.0,5.0,22.0,520.780356685791,120.0,20.0,5.0,2.0,LC5,729.318853787398,1.0800230134215303,LC5,1093.9782806810967,0.7020447598290003,LC5,136.10200326456092,2.0395249714727717,LC5,204.15300489684134,1.0263499809818484,5.444073748309051,4.273067598045025,True
34.0,5.0,22.0,520.780356685791,120.0,20.0,5.0,2.5,LC5,909.2051368401106,0.6684903533126143,LC5,1363.8077052601654,0.36529511661968317,LC5,136.10200326456092,2.0395249714727717,LC5,204.15300489684134,1.0263499809818484,5.444073748309051,4.273067598045025,True
34.0,5.0,22.0,520.780356685791,120.0,20.0,5.0,3.0,LC5,1089.0914198928233,0.3929041881068964,LC5,1633.6371298392344,0.13978800186993712,LC5,136.10200326456092,2.0395249714727717,LC5,204.15300489684134,1.0263499809818484,5.444073748309051,4.273067598045025,True
34.0,5.0,22.0,520.780356685791,120.0,25.0,5.0,1.0,LC5,429.50838203287714,2.531945041025718,LC5,644.2625730493155,1.890125979516541,LC5,108.88160261164874,2.7994062143409644,LC5,163.32240391747308,1.53293747622731,5.444073748309051,4.273067598045025,True
34.0,5.0,22.0,520.780356685791,120.0,25.0,5.0,1.5,LC5,639.3757122610418,1.3726268779203252,LC5,959.0635683915624,0.9414771464239278,LC5,108.88160261164874,2.7994062143409644,LC5,163.32240391747308,1.53293747622731,5.444073748309051,4.273067598045025,True
34.0,5.0,22.0,520.780356685791,120.0,25.0,5.0,2.0,LC5,849.2430424892066,0.7862966478401032,LC5,1273.8645637338095,0.46169385114404426,LC5,108.88160261164874,2.7994062143409644,LC5,163.32240391747308,1.53293747622731,5.444073748309051,4.273067598045025,True
34.0,5.0,22.0,520.780356685791,120.0,25.0,5.0,2.5,LC5,1059.1103727173713,0.432334192051973,LC5,1588.6655590760563,0.1720528523844318,LC5,108.88160261164874,2.7994062143409644,LC5,163.32240391747308,1.53293747622731,5.444073748309051,4.273067598045025,True
34.0,5.0,22.0,520.780356685791,120.0,25.0,5.0,3.0,LC5,1268.977702945536,0.19545047677256866,LC5,1903.4665544183033,-0.021784755987464877,LC5,108.88160261164874,2.7994062143409644,LC5,163.32240391747308,1.53293747622731,5.444073748309051,4.273067598045025,False
34.0,5.0,22.0,520.780356685791,120.0,30.0,5.0,1.0,LC5,489.4704763837813,2.0992676232642866,LC5,734.2057145756717,1.5360739681468267,LC5,90.73466884304062,3.559287457209157,LC5,136.1020032645609,2.0395249714727726,5.444073748309051,4.273067598045025,True
34.0,5.0,22.0,520.780356685791,120.0,30.0,5.0,1.5,LC5,729.318853787398,1.0800230134215303,LC5,1093.978280681097,0.702044759829,LC5,90.73466884304062,3.559287457209157,LC5,136.1020032645609,2.0395249714727726,5.444073748309051,4.273067598045025,True
34.0,5.0,22.0,520.780356685791,120.0,30.0,5.0,2.0,LC5,969.1672311910149,0.5652613410543714,LC5,1453.7508467865218,0.28082470535848847,LC5,90.73466884304062,3.559287457209157,LC5,136.1020032645609,2.0395249714727726,5.444073748309051,4.273067598045025,True
34.0,5.0,22.0,520.780356685791,120.0,30.0,5.0,2.5,LC5,1209.0156085946317,0.2547397975807537,LC5,1813.5234128919467,0.026730610017738687,LC5,90.73466884304062,3.559287457209157,LC5,136.1020032645609,2.0395249714727726,5.444073748309051,4.273067598045025,True
34.0,5.0,22.0,520.780356685791,120.0,30.0,5.0,3.0,LC5,1448.8639859982484,0.04702719831551816,LC5,2173.2959789973725,-0.14323680805823125,LC5,90.73466884304062,3.559287457209157,LC5,136.1020032645609,2.0395249714727726,5.444073748309051,4.273067598045025,False
34.0,5.0,22.0,520.780356685791,150.0,20.0,5.0,1.0,LC5,301.8841369344879,4.025106702871258,LC5,452.82620540173184,3.111952837067143,LC5,110.50540383062054,2.74357654241223,LC5,165.7581057459308,1.4957176949414865,6.936728123031417,5.494479351827949,True
34.0,5.0,22.0,520.780356685791,150.0,20.0,5.0,1.5,LC5,447.93934461345805,2.3866192337024343,LC5,671.909016920187,1.7712085313794477,LC5,110.50540383062054,2.74357654241223,LC5,165.7581057459308,1.4957176949414865,6.936728123031417,5.494479351827949,True
34.0,5.0,22.0,520.780356685791,150.0,20.0,5.0,2.0,LC5,593.9945522924281,1.553895476221757,LC5,890.9918284386422,1.0898059225334702,LC5,110.50540383062054,2.74357654241223,LC5,165.7581057459308,1.4957176949414865,6.936728123031417,5.494479351827949,True
34.0,5.0,22.0,520.780356685791,150.0,20.0,5.0,2.5,LC5,740.0497599713982,1.0498621606993424,LC5,1110.0746399570974,0.6773646861007143,LC5,110.50540383062054,2.74357654241223,LC5,165.7581057459308,1.4957176949414865,6.936728123031417,5.494479351827949,True
34.0,5.0,22.0,520.780356685791,150.0,20.0,5.0,3.0,LC5,886.1049676503683,0.711986790935772,LC5,1329.1574514755525,0.40088745538229276,LC5,110.50540383062054,2.74357654241223,LC5,165.7581057459308,1.4957176949414865,6.936728123031417,5.494479351827949,True
34.0,5.0,22.0,520.780356685791,150.0,25.0,5.0,1.0,LC5,350.5692061608114,3.3272482960301115,LC5,525.8538092412169,2.540908076118686,LC5,88.40432306449642,3.6794706780152877,LC5,132.60648459674462,2.119647118676859,6.936728123031417,5.494479351827949,True
34.0,5.0,22.0,520.780356685791,150.0,25.0,5.0,1.5,LC5,520.9669484529433,1.9118929799766833,LC5,781.4504226794146,1.3827487271881282,LC5,88.40432306449642,3.6794706780152877,LC5,132.60648459674462,2.119647118676859,6.936728123031417,5.494479351827949,True
34.0,5.0,22.0,520.780356685791,150.0,25.0,5.0,2.0,LC5,691.3646907450751,1.1942109863394208,LC5,1037.0470361176124,0.7954826880087906,LC5,88.40432306449642,3.6794706780152877,LC5,132.60648459674462,2.119647118676859,6.936728123031417,5.494479351827949,True
34.0,5.0,22.0,520.780356685791,150.0,25.0,5.0,2.5,LC5,861.7624330372068,0.7603459397196803,LC5,1292.6436495558103,0.4404588616822873,LC5,88.40432306449642,3.6794706780152877,LC5,132.60648459674462,2.119647118676859,6.936728123031417,5.494479351827949,True
34.0,5.0,22.0,520.780356685791,150.0,25.0,5.0,3.0,LC5,1032.1601753293387,0.4697331250122685,LC5,1548.240262994008,0.20265571468813204,LC5,88.40432306449642,3.6794706780152877,LC5,132.60648459674462,2.119647118676859,6.936728123031417,5.494479351827949,True
34.0,5.0,22.0,520.780356685791,150.0,30.0,5.0,1.0,LC5,399.25427538713467,2.79958360753695,LC5,598.8814130807019,2.1091297197248084,LC5,73.67026922041369,4.615364813618346,LC5,110.50540383062052,2.7435765424122307,6.936728123031417,5.494479351827949,True
34.0,5.0,22.0,520.780356685791,150.0,30.0,5.0,1.5,LC5,593.9945522924281,1.553895476221757,LC5,890.9918284386422,1.0898059225334702,LC5,73.67026922041369,4.615364813618346,LC5,110.50540383062052,2.7435765424122307,6.936728123031417,5.494479351827949,True
34.0,5.0,22.0,520.780356685791,150.0,30.0,5.0,2.0,LC5,788.7348291977216,0.9233333483485808,LC5,1183.1022437965826,0.5738284748956526,LC5,73.67026922041369,4.615364813618346,LC5,110.50540383062052,2.7435765424122307,6.936728123031417,5.494479351827949,True
34.0,5.0,22.0,520.780356685791,150.0,30.0,5.0,2.5,LC5,983.4751061030153,0.5424894749101052,LC5,1475.2126591545227,0.2621909041013475,LC5,73.67026922041369,4.615364813618346,LC5,110.50540383062052,2.7435765424122307,6.936728123031417,5.494479351827949,True
34.0,5.0,22.0,520.780356685791,150.0,30.0,5.0,3.0,LC5,1178.2153830083087,0.28754048018510914,LC5,1767.3230745124629,0.05357080822002791,LC5,73.67026922041369,4.615364813618346,LC5,110.50540383062052,2.7435765424122307,6.936728123031417,5.494479351827949,True
34.0,5.0,22.0,520.780356685791,180.0,20.0,5.0,1.0,LC5,256.7765099365985,4.907861277398651,LC5,385.16476490489765,3.8342947477549068,LC5,93.44118333326234,3.4272281539358636,LC5,140.1617749998935,1.9514854359572427,8.386132699126733,6.680500587024381,True
34.0,5.0,22.0,520.780356685791,180.0,20.0,5.0,1.5,LC5,380.27790411662386,2.9891878638701175,LC5,570.4168561749356,2.2642794122285923,LC5,93.44118333326234,3.4272281539358636,LC5,140.1617749998935,1.9514854359572427,8.386132699126733,6.680500587024381,True
34.0,5.0,22.0,520.780356685791,180.0,20.0,5.0,2.0,LC5,503.7792982966493,2.011239257208854,LC5,755.6689474449737,1.464041967445787,LC5,93.44118333326234,3.4272281539358636,LC5,140.1617749998935,1.9514854359572427,8.386132699126733,6.680500587024381,True
34.0,5.0,22.0,520.780356685791,180.0,20.0,5.0,2.5,LC5,627.2806924766746,1.4183750882088715,LC5,940.9210387150117,0.9789120695429223,LC5,93.44118333326234,3.4272281539358636,LC5,140.1617749998935,1.9514854359572427,8.386132699126733,6.680500587024381,True
34.0,5.0,22.0,520.780356685791,180.0,20.0,5.0,3.0,LC5,750.7820866567,1.020559662998004,LC5,1126.1731299850496,0.6533869885749439,LC5,93.44118333326234,3.4272281539358636,LC5,140.1617749998935,1.9514854359572427,8.386132699126733,6.680500587024381,True
34.0,5.0,22.0,520.780356685791,180.0,25.0,5.0,1.0,LC5,297.9436413299403,4.0915669595381186,LC5,446.91546199491034,3.166336048631061,LC5,74.75294666660989,4.534035192419829,LC5,112.1294199999148,2.689356794946553,8.386132699126733,6.680500587024381,True
34.0,5.0,22.0,520.780356685791,180.0,25.0,5.0,1.5,LC5,442.02860120663667,2.4319046230468753,LC5,663.0429018099547,1.808264736591204,LC5,74.75294666660989,4.534035192419829,LC5,112.1294199999148,2.689356794946553,8.386132699126733,6.680500587024381,True
34.0,5.0,22.0,520.780356685791,180.0,25.0,5.0,2.0,LC5,586.1135610833329,1.588235626550048,LC5,879.1703416249992,1.1179058389963483,LC5,74.75294666660989,4.534035192419829,LC5,112.1294199999148,2.689356794946553,8.386132699126733,6.680500587024381,True
34.0,5.0,22.0,520.780356685791,180.0,25.0,5.0,2.5,LC5,730.1985209600292,1.0775172182018702,LC5,1095.2977814400438,0.6999943134659998,LC5,74.75294666660989,4.534035192419829,LC5,112.1294199999148,2.689356794946553,8.386132699126733,6.680500587024381,True
34.0,5.0,22.0,520.780356685791,180.0,25.0,5.0,3.0,LC5,874.2834808367256,0.7351351515279323,LC5,1311.425221255088,0.41982933515491583,LC5,74.75294666660989,4.534035192419829,LC5,112.1294199999148,2.689356794946553,8.386132699126733,6.680500587024381,True
34.0,5.0,22.0,520.780356685791,180.0,30.0,5.0,1.0,LC5,339.1107727232821,3.4734644901354628,LC5,508.6661590849231,2.6605541114621984,LC5,62.2941222221749,5.640842230903795,LC5,93.44118333326234,3.4272281539358636,8.386132699126733,6.680500587024381,True
34.0,5.0,22.0,520.780356685791,180.0,30.0,5.0,1.5,LC5,503.7792982966493,2.011239257208854,LC5,755.6689474449737,1.464041967445787,LC5,62.2941222221749,5.640842230903795,LC5,93.44118333326234,3.4272281539358636,8.386132699126733,6.680500587024381,True
34.0,5.0,22.0,520.780356685791,180.0,30.0,5.0,2.0,LC5,668.4478238700165,1.2694366648054034,LC5,1002.6717358050246,0.8570384837915455,LC5,62.2941222221749,5.640842230903795,LC5,93.44118333326234,3.4272281539358636,8.386132699126733,6.680500587024381,True
34.0,5.0,22.0,520.780356685791,180.0,30.0,5.0,2.5,LC5,833.1163494433837,0.8208741204197088,LC5,1249.6745241650754,0.4899879640613045,LC5,62.2941222221749,5.640842230903795,LC5,93.44118333326234,3.4272281539358636,8.386132699126733,6.680500587024381,True
34.0,5.0,22.0,520.780356685791,180.0,30.0,5.0,3.0,LC5,997.7848750167508,0.5203678047079363,LC5,1496.677312525126,0.24408914628265355,LC5,62.2941222221749,5.640842230903795,LC5,93.44118333326234,3.4272281539358636,8.386132699126733,6.680500587024381,True
34.0,10.0,27.0,525.780356685791,120.0,20.0,5.0,1.0,LC5,370.97700393828075,3.089202252149253,LC5,556.4655059074211,2.3461193555270974,LC5,136.64324338938363,2.027485496748993,LC5,204.96486508407543,1.0183236644993285,5.418548949618766,4.252181122474243,True
34.0,10.0,27.0,525.780356685791,120.0,20.0,5.0,1.5,LC5,551.5786451191473,1.7502877666199543,LC5,827.3679676787209,1.2505101390667348,LC5,136.64324338938363,2.027485496748993,LC5,204.96486508407543,1.0183236644993285,5.418548949618766,4.252181122474243,True
34.0,10.0,27.0,525.780356685791,120.0,20.0,5.0,2.0,LC5,732.1802863000138,1.0718940790744034,LC5,1098.2704294500209,0.6953930016420735,LC5,136.64324338938363,2.027485496748993,LC5,204.96486508407543,1.0183236644993285,5.418548949618766,4.252181122474243,True
34.0,10.0,27.0,525.780356685791,120.0,20.0,5.0,2.5,LC5,912.7819274808804,0.6619522739529435,LC5,1369.1728912213207,0.359945125950508,LC5,136.64324338938363,2.027485496748993,LC5,204.96486508407543,1.0183236644993285,5.418548949618766,4.252181122474243,True
34.0,10.0,27.0,525.780356685791,120.0,20.0,5.0,3.0,LC5,1093.383568661747,0.38743625154047345,LC5,1640.0753529926205,0.13531368946093658,LC5,136.64324338938363,2.027485496748993,LC5,204.96486508407543,1.0183236644993285,5.418548949618766,4.252181122474243,True
34.0,10.0,27.0,525.780356685791,120.0,25.0,5.0,1.0,LC5,431.1775509985697,2.5182722210067756,LC5,646.7663264978545,1.8789377611578186,LC5,109.3145947115069,2.784356870936241,LC5,163.97189206726034,1.5229045806241608,5.418548949618766,4.252181122474243,True
34.0,10.0,27.0,525.780356685791,120.0,25.0,5.0,1.5,LC5,641.8794657095807,1.3633720675625551,LC5,962.8191985643712,0.9339041045051537,LC5,109.3145947115069,2.784356870936241,LC5,163.97189206726034,1.5229045806241608,5.418548949618766,4.252181122474243,True
34.0,10.0,27.0,525.780356685791,120.0,25.0,5.0,2.0,LC5,852.5813804205917,0.7793022869578037,LC5,1278.8720706308875,0.45597049365652853,LC5,109.3145947115069,2.784356870936241,LC5,163.97189206726034,1.5229045806241608,5.418548949618766,4.252181122474243,True
34.0,10.0,27.0,525.780356685791,120.0,25.0,5.0,2.5,LC5,1063.2832951316027,0.4267129060954924,LC5,1594.9249426974038,0.1674530569764039,LC5,109.3145947115069,2.784356870936241,LC5,163.97189206726034,1.5229045806241608,5.418548949618766,4.252181122474243,True
34.0,10.0,27.0,525.780356685791,120.0,25.0,5.0,3.0,LC5,1273.9852098426136,0.19075165730331212,LC5,1910.9778147639208,-0.02562971395351943,LC5,109.3145947115069,2.784356870936241,LC5,163.97189206726034,1.5229045806241608,5.418548949618766,4.252181122474243,False
34.0,10.0,27.0,525.780356685791,120.0,30.0,5.0,1.0,LC5,491.37809805885854,2.087235686720188,LC5,737.0671470882876,1.5262284547013807,LC5,91.09549559292242,3.541228245123489,LC5,136.64324338938363,2.027485496748993,5.418548949618766,4.252181122474243,True
34.0,10.0,27.0,525.780356685791,120.0,30.0,5.0,1.5,LC5,732.1802863000138,1.0718940790744034,LC5,1098.2704294500209,0.6953930016420735,LC5,91.09549559292242,3.541228245123489,LC5,136.64324338938363,2.027485496748993,5.418548949618766,4.252181122474243,True
34.0,10.0,27.0,525.780356685791,120.0,30.0,5.0,2.0,LC5,972.9824745411693,0.5591236632657477,LC5,1459.4737118117537,0.2758023559660834,LC5,91.09549559292242,3.541228245123489,LC5,136.64324338938363,2.027485496748993,5.418548949618766,4.252181122474243,True
34.0,10.0,27.0,525.780356685791,120.0,30.0,5.0,2.5,LC5,1213.7846627823249,0.24980982748836444,LC5,1820.676994173487,0.02269650572767956,LC5,91.09549559292242,3.541228245123489,LC5,136.64324338938363,2.027485496748993,5.418548949618766,4.252181122474243,True
34.0,10.0,27.0,525.780356685791,120.0,30.0,5.0,3.0,LC5,1454.58685102348,0.0429078187614611,LC5,2181.88027653522,-0.1466076209475542,LC5,91.09549559292242,3.541228245123489,LC5,136.64324338938363,2.027485496748993,5.418548949618766,4.252181122474243,False
34.0,10.0,27.0,525.780356685791,150.0,20.0,5.0,1.0,LC5,303.0288639203217,4.006123774396881,LC5,454.54329588048245,3.0964194541538106,LC5,110.93845418142833,2.7289634206869517,LC5,166.4076812721425,1.4859756137913012,6.9057469549296515,5.469128029039338,True
34.0,10.0,27.0,525.780356685791,150.0,20.0,5.0,1.5,LC5,449.6564350922087,2.373686845355425,LC5,674.4846526383128,1.760626194705253,LC5,110.93845418142833,2.7289634206869517,LC5,166.4076812721425,1.4859756137913012,6.9057469549296515,5.469128029039338,True
34.0,10.0,27.0,525.780356685791,150.0,20.0,5.0,2.0,LC5,596.2840062640956,1.5440897023290558,LC5,894.4260093961433,1.081782037238718,LC5,110.93845418142833,2.7289634206869517,LC5,166.4076812721425,1.4859756137913012,6.9057469549296515,5.469128029039338,True
34.0,10.0,27.0,525.780356685791,150.0,20.0,5.0,2.5,LC5,742.9115774359827,1.0419657548420975,LC5,1114.367366153974,0.6709032017209344,LC5,110.93845418142833,2.7289634206869517,LC5,166.4076812721425,1.4859756137913012,6.9057469549296515,5.469128029039338,True
34.0,10.0,27.0,525.780356685791,150.0,20.0,5.0,3.0,LC5,889.5391486078696,0.7053774444599856,LC5,1334.3087229118041,0.3954791481364508,LC5,110.93845418142833,2.7289634206869517,LC5,166.4076812721425,1.4859756137913012,6.9057469549296515,5.469128029039338,True
34.0,10.0,27.0,525.780356685791,150.0,25.0,5.0,1.0,LC5,351.9047209776174,3.310825941140152,LC5,527.857081466426,2.527469963701588,LC5,88.75076334514266,3.6612042758586893,LC5,133.12614501771398,2.1074695172391267,6.9057469549296515,5.469128029039338,True
34.0,10.0,27.0,525.780356685791,150.0,25.0,5.0,1.5,LC5,522.9702206781523,1.9007387801792182,LC5,784.4553310172282,1.3736214496566492,LC5,88.75076334514266,3.6612042758586893,LC5,133.12614501771398,2.1074695172391267,6.9057469549296515,5.469128029039338,True
34.0,10.0,27.0,525.780356685791,150.0,25.0,5.0,2.0,LC5,694.0357203786871,1.1857664605105316,LC5,1041.0535805680304,0.7885726870888206,LC5,88.75076334514266,3.6612042758586893,LC5,133.12614501771398,2.1074695172391267,6.9057469549296515,5.469128029039338,True
34.0,10.0,27.0,525.780356685791,150.0,25.0,5.0,2.5,LC5,865.1012200792219,0.753552029277083,LC5,1297.6518301188328,0.4348995291206015,LC5,88.75076334514266,3.6612042758586893,LC5,133.12614501771398,2.1074695172391267,6.9057469549296515,5.469128029039338,True
34.0,10.0,27.0,525.780356685791,150.0,25.0,5.0,3.0,LC5,1036.1667197797567,0.46405010993061735,LC5,1554.2500796696352,0.19800540746684647,LC5,88.75076334514266,3.6612042758586893,LC5,133.12614501771398,2.1074695172391267,6.9057469549296515,5.469128029039338,True
34.0,10.0,27.0,525.780356685791,150.0,30.0,5.0,1.0,LC5,400.780578034913,2.7851135587409885,LC5,601.1708670523694,2.0972891436500642,LC5,73.95896945428555,4.593445131030427,LC5,110.93845418142833,2.7289634206869517,6.9057469549296515,5.469128029039338,True
34.0,10.0,27.0,525.780356685791,150.0,30.0,5.0,1.5,LC5,596.2840062640956,1.5440897023290558,LC5,894.4260093961434,1.081782037238718,LC5,73.95896945428555,4.593445131030427,LC5,110.93845418142833,2.7289634206869517,6.9057469549296515,5.469128029039338,True
34.0,10.0,27.0,525.780356685791,150.0,30.0,5.0,2.0,LC5,791.7874344932783,0.9159182552206544,LC5,1187.6811517399176,0.5677608399124843,LC5,73.95896945428555,4.593445131030427,LC5,110.93845418142833,2.7289634206869517,6.9057469549296515,5.469128029039338,True
34.0,10.0,27.0,525.780356685791,150.0,30.0,5.0,2.5,LC5,987.2908627224608,0.5365279445784223,LC5,1480.9362940836916,0.25731269294881187,LC5,73.95896945428555,4.593445131030427,LC5,110.93845418142833,2.7289634206869517,6.9057469549296515,5.469128029039338,True
34.0,10.0,27.0,525.780356685791,150.0,30.0,5.0,3.0,LC5,1182.7942909516437,0.2825560721801115,LC5,1774.1914364274655,0.04949215838249499,LC5,73.95896945428555,4.593445131030427,LC5,110.93845418142833,2.7289634206869517,6.9057469549296515,5.469128029039338,True
34.0,10.0,27.0,525.780356685791,180.0,20.0,5.0,1.0,LC5,257.73057188466873,4.885991673036131,LC5,386.5958578270031,3.8163992507990665,LC5,93.80210507828725,3.4101935371795724,LC5,140.7031576174309,1.9401290247863816,8.350017737847594,6.650948375245978,True
34.0,10.0,27.0,525.780356685791,180.0,20.0,5.0,1.5,LC5,381.7089970387293,2.974231709938136,LC5,572.5634955580938,2.2520410652185503,LC5,93.80210507828725,3.4101935371795724,LC5,140.7031576174309,1.9401290247863816,8.350017737847594,6.650948375245978,True
34.0,10.0,27.0,525.780356685791,180.0,20.0,5.0,2.0,LC5,505.6874221927898,1.9998768674567788,LC5,758.5311332891847,1.4547443318850903,LC5,93.80210507828725,3.4101935371795724,LC5,140.7031576174309,1.9401290247863816,8.350017737847594,6.650948375245978,True
34.0,10.0,27.0,525.780356685791,180.0,20.0,5.0,2.5,LC5,629.6658473468502,1.4092143577295904,LC5,944.4987710202755,0.971416011466709,LC5,93.80210507828725,3.4101935371795724,LC5,140.7031576174309,1.9401290247863816,8.350017737847594,6.650948375245978,True
34.0,10.0,27.0,525.780356685791,180.0,20.0,5.0,3.0,LC5,753.6442725009109,1.0128859932365057,LC5,1130.466408751366,0.6471077650654251,LC5,93.80210507828725,3.4101935371795724,LC5,140.7031576174309,1.9401290247863816,8.350017737847594,6.650948375245978,True
34.0,10.0,27.0,525.780356685791,180.0,25.0,5.0,1.0,LC5,299.056713602689,4.072616433601977,LC5,448.5850704040335,3.1508291801216792,LC5,75.0416840626298,4.512741921474467,LC5,112.5625260939447,2.6751612809829775,8.350017737847594,6.650948375245978,True
34.0,10.0,27.0,525.780356685791,180.0,25.0,5.0,1.5,LC5,443.69820961575965,2.418990582165554,LC5,665.5473144236392,1.7976974133123549,LC5,75.0416840626298,4.512741921474467,LC5,112.5625260939447,2.6751612809829775,8.350017737847594,6.650948375245978,True
34.0,10.0,27.0,525.780356685791,180.0,25.0,5.0,2.0,LC5,588.3397056288303,1.5784423275981303,LC5,882.5095584432454,1.1098921617173012,LC5,75.0416840626298,4.512741921474467,LC5,112.5625260939447,2.6751612809829775,8.350017737847594,6.650948375245978,True
34.0,10.0,27.0,525.780356685791,180.0,25.0,5.0,2.5,LC5,732.981201641901,1.0696301577746774,LC5,1099.4718024628512,0.6935404762805757,LC5,75.0416840626298,4.512741921474467,LC5,112.5625260939447,2.6751612809829775,8.350017737847594,6.650948375245978,True
34.0,10.0,27.0,525.780356685791,180.0,25.0,5.0,3.0,LC5,877.6226976549716,0.7285332342172319,LC5,1316.4340464824572,0.4144271070588821,LC5,75.0416840626298,4.512741921474467,LC5,112.5625260939447,2.6751612809829775,8.350017737847594,6.650948375245978,True
34.0,10.0,27.0,525.780356685791,180.0,30.0,5.0,1.0,LC5,340.38285532070915,3.4567462088261784,LC5,510.5742829810637,2.646873847872707,LC5,62.53473671885817,5.615290305769359,LC5,93.80210507828725,3.4101935371795724,8.350017737847594,6.650948375245978,True
34.0,10.0,27.0,525.780356685791,180.0,30.0,5.0,1.5,LC5,505.6874221927898,1.9998768674567788,LC5,758.5311332891847,1.4547443318850903,LC5,62.53473671885817,5.615290305769359,LC5,93.80210507828725,3.4101935371795724,8.350017737847594,6.650948375245978,True
34.0,10.0,27.0,525.780356685791,180.0,30.0,5.0,2.0,LC5,670.9919890648706,1.2608317606208237,LC5,1006.4879835973057,0.8499972481986267,LC5,62.53473671885817,5.615290305769359,LC5,93.80210507828725,3.4101935371795724,8.350017737847594,6.650948375245978,True
34.0,10.0,27.0,525.780356685791,180.0,30.0,5.0,2.5,LC5,836.2965559369513,0.8139498354150427,LC5,1254.444833905427,0.4843219483818104,LC5,62.53473671885817,5.615290305769359,LC5,93.80210507828725,3.4101935371795724,8.350017737847594,6.650948375245978,True
34.0,10.0,27.0,525.780356685791,180.0,30.0,5.0,3.0,LC5,1001.601122809032,0.5145749794544066,LC5,1502.401684213548,0.23934898340764876,LC5,62.53473671885817,5.615290305769359,LC5,93.80210507828725,3.4101935371795724,8.350017737847594,6.650948375245978,True
34.0,15.0,32.0,530.780356685791,120.0,20.0,5.0,1.0,LC5,372.4077723594935,3.073491781303657,LC5,558.6116585392401,2.333263764793413,LC5,137.18450324819582,2.015540588004004,LC5,205.7767548722937,1.0103603920026698,5.393224639540065,4.231458703064646,True
34.0,15.0,32.0,530.780356685791,120.0,20.0,5.0,1.5,LC5,553.7247977509664,1.7396280718535913,LC5,830.5871966264493,1.2417875059509509,LC5,137.18450324819582,2.015540588004004,LC5,205.7767548722937,1.0103603920026698,5.393224639540065,4.231458703064646,True
34.0,15.0,32.0,530.780356685791,120.0,20.0,5.0,2.0,LC5,735.0418231424393,1.0638281417981705,LC5,1102.5627347136588,0.6887927928051831,LC5,137.18450324819582,2.015540588004004,LC5,205.7767548722937,1.0103603920026698,5.393224639540065,4.231458703064646,True
34.0,15.0,32.0,530.780356685791,120.0,20.0,5.0,2.5,LC5,916.3588485339122,0.6554649987033541,LC5,1374.5382728008683,0.3546367073547112,LC5,137.18450324819582,2.015540588004004,LC5,205.7767548722937,1.0103603920026698,5.393224639540065,4.231458703064646,True
34.0,15.0,32.0,530.780356685791,120.0,20.0,5.0,3.0,LC5,1097.6758739253853,0.38201087956417856,LC5,1646.5138108880772,0.13087420687695084,LC5,137.18450324819582,2.015540588004004,LC5,205.7767548722937,1.0103603920026698,5.393224639540065,4.231458703064646,True
34.0,15.0,32.0,530.780356685791,120.0,25.0,5.0,1.0,LC5,432.8467808233179,2.5047043600844487,LC5,649.2701712349766,1.867835428906722,LC5,109.74760259855665,2.7694257350050053,LC5,164.62140389783497,1.512950490003337,5.393224639540065,4.231458703064646,True
34.0,15.0,32.0,530.780356685791,120.0,25.0,5.0,1.5,LC5,644.3833104467029,1.354188842892869,LC5,966.5749656700542,0.9263896398446596,LC5,109.74760259855665,2.7694257350050053,LC5,164.62140389783497,1.512950490003337,5.393224639540065,4.231458703064646,True
34.0,15.0,32.0,530.780356685791,120.0,25.0,5.0,2.0,LC5,855.9198400700881,0.7723622341500795,LC5,1283.879760105132,0.45029157547240106,LC5,109.74760259855665,2.7694257350050053,LC5,164.62140389783497,1.512950490003337,5.393224639540065,4.231458703064646,True
34.0,15.0,32.0,530.780356685791,120.0,25.0,5.0,2.5,LC5,1067.4563696934729,0.4211353672802727,LC5,1601.1845545402095,0.1628890590533365,LC5,109.74760259855665,2.7694257350050053,LC5,164.62140389783497,1.512950490003337,5.393224639540065,4.231458703064646,True
34.0,15.0,32.0,530.780356685791,120.0,25.0,5.0,3.0,LC5,1278.9928993168583,0.186089462115284,LC5,1918.489348975287,-0.029444702940602308,LC5,109.74760259855665,2.7694257350050053,LC5,164.62140389783497,1.512950490003337,5.393224639540065,4.231458703064646,False
34.0,15.0,32.0,530.780356685791,120.0,30.0,5.0,1.0,LC5,493.2857892871421,2.075296375742446,LC5,739.9286839307131,1.5164587350614962,LC5,91.45633549879722,3.5233108820060064,LC5,137.1845032481958,2.0155405880040047,5.393224639540065,4.231458703064646,True
34.0,15.0,32.0,530.780356685791,120.0,30.0,5.0,1.5,LC5,735.0418231424393,1.0638281417981705,LC5,1102.562734713659,0.6887927928051827,LC5,91.45633549879722,3.5233108820060064,LC5,137.1845032481958,2.0155405880040047,5.393224639540065,4.231458703064646,True
34.0,15.0,32.0,530.780356685791,120.0,30.0,5.0,2.0,LC5,976.7978569977364,0.5530337102321421,LC5,1465.1967854966047,0.2708190588671715,LC5,91.45633549879722,3.5233108820060064,LC5,137.1845032481958,2.0155405880040047,5.393224639540065,4.231458703064646,True
34.0,15.0,32.0,530.780356685791,120.0,30.0,5.0,2.5,LC5,1218.5538908530339,0.24491826860282928,LC5,1827.8308362795506,0.018693832625123585,LC5,91.45633549879722,3.5233108820060064,LC5,137.1845032481958,2.0155405880040047,5.393224639540065,4.231458703064646,True
34.0,15.0,32.0,530.780356685791,120.0,30.0,5.0,3.0,LC5,1460.309924708331,0.03882057796942773,LC5,2190.4648870624965,-0.14995213527617024,LC5,91.45633549879722,3.5233108820060064,LC5,137.1845032481958,2.0155405880040047,5.393224639540065,4.231458703064646,False
34.0,15.0,32.0,530.780356685791,150.0,20.0,5.0,1.0,LC5,304.17363083220374,3.9872830720058285,LC5,456.2604462483054,3.0810024522412034,LC5,111.37151963626481,2.7144634368030776,LC5,167.05727945439716,1.4763089578687194,6.875005649503989,5.443972981488213,True
34.0,15.0,32.0,530.780356685791,150.0,20.0,5.0,1.5,LC5,451.3735854600317,2.3608524044531793,LC5,677.0603781900473,1.7501240066323098,LC5,111.37151963626481,2.7144634368030776,LC5,167.05727945439716,1.4763089578687194,6.875005649503989,5.443972981488213,True
34.0,15.0,32.0,530.780356685791,150.0,20.0,5.0,2.0,LC5,598.5735400878598,1.5343586015802364,LC5,897.8603101317893,1.073819255610812,LC5,111.37151963626481,2.7144634368030776,LC5,167.05727945439716,1.4763089578687194,6.875005649503989,5.443972981488213,True
34.0,15.0,32.0,530.780356685791,150.0,20.0,5.0,2.5,LC5,745.7734947156878,1.0341296797874642,LC5,1118.6602420735314,0.664491084932656,LC5,111.37151963626481,2.7144634368030776,LC5,167.05727945439716,1.4763089578687194,6.875005649503989,5.443972981488213,True
34.0,15.0,32.0,530.780356685791,150.0,20.0,5.0,3.0,LC5,892.9734493435157,0.6988187063291165,LC5,1339.4601740152734,0.3901122527729355,LC5,111.37151963626481,2.7144634368030776,LC5,167.05727945439716,1.4763089578687194,6.875005649503989,5.443972981488213,True
34.0,15.0,32.0,530.780356685791,150.0,25.0,5.0,1.0,LC5,353.24028237481303,3.2945271977513464,LC5,529.8604235622195,2.514133000313341,LC5,89.09721570901183,3.6430792960038474,LC5,133.64582356351772,2.095386197335899,6.875005649503989,5.443972981488213,True
34.0,15.0,32.0,530.780356685791,150.0,25.0,5.0,1.5,LC5,524.9735627739458,1.8896693235069093,LC5,787.4603441609185,1.364563515873376,LC5,89.09721570901183,3.6430792960038474,LC5,133.64582356351772,2.095386197335899,6.875005649503989,5.443972981488213,True
34.0,15.0,32.0,530.780356685791,150.0,25.0,5.0,2.0,LC5,696.7068431730783,1.1773863926626333,LC5,1045.0602647596174,0.7817154309548773,LC5,89.09721570901183,3.6430792960038474,LC5,133.64582356351772,2.095386197335899,6.875005649503989,5.443972981488213,True
34.0,15.0,32.0,530.780356685791,150.0,25.0,5.0,2.5,LC5,868.4401235722112,0.7468101240647718,LC5,1302.6601853583168,0.42938275148697214,LC5,89.09721570901183,3.6430792960038474,LC5,133.64582356351772,2.095386197335899,6.875005649503989,5.443972981488213,True
34.0,15.0,32.0,530.780356685791,150.0,25.0,5.0,3.0,LC5,1040.173403971344,0.4584106786504534,LC5,1560.2601059570154,0.19339076407257538,LC5,89.09721570901183,3.6430792960038474,LC5,133.64582356351772,2.095386197335899,6.875005649503989,5.443972981488213,True
34.0,15.0,32.0,530.780356685791,150.0,30.0,5.0,1.0,LC5,402.30693391742244,2.7707528061432307,LC5,603.4604008761336,2.085538002653789,LC5,74.24767975750987,4.571695155204616,LC5,111.37151963626478,2.7144634368030784,6.875005649503989,5.443972981488213,True
34.0,15.0,32.0,530.780356685791,150.0,30.0,5.0,1.5,LC5,598.5735400878598,1.5343586015802364,LC5,897.8603101317894,1.0738192556108115,LC5,74.24767975750987,4.571695155204616,LC5,111.37151963626478,2.7144634368030784,6.875005649503989,5.443972981488213,True
34.0,15.0,32.0,530.780356685791,150.0,30.0,5.0,2.0,LC5,794.8401462582971,0.9085598621826843,LC5,1192.2602193874457,0.5617396015751077,LC5,74.24767975750987,4.571695155204616,LC5,111.37151963626478,2.7144634368030784,6.875005649503989,5.443972981488213,True
34.0,15.0,32.0,530.780356685791,150.0,30.0,5.0,2.5,LC5,991.1067524287346,0.5306121124516097,LC5,1486.6601286431016,0.25247187580087793,LC5,74.24767975750987,4.571695155204616,LC5,111.37151963626478,2.7144634368030784,6.875005649503989,5.443972981488213,True
34.0,15.0,32.0,530.780356685791,150.0,30.0,5.0,3.0,LC5,1187.373358599172,0.27760993542057544,LC5,1781.0600378987574,0.04544482520461979,LC5,74.24767975750987,4.571695155204616,LC5,111.37151963626478,2.7144634368030784,6.875005649503989,5.443972981488213,True
34.0,15.0,32.0,530.780356685791,180.0,20.0,5.0,1.0,LC5,258.6846656849608,4.864282662380456,LC5,388.0269985274412,3.798635164734084,LC5,94.16303887301135,3.393288943743622,LC5,141.244558309517,1.9288592958290818,8.314178438019876,6.621621732187656,True
34.0,15.0,32.0,530.780356685791,180.0,20.0,5.0,1.5,LC5,383.14013773916747,2.959386789782742,LC5,574.7102066087509,2.239893738771905,LC5,94.16303887301135,3.393288943743622,LC5,141.244558309517,1.9288592958290818,8.314178438019876,6.621621732187656,True
34.0,15.0,32.0,530.780356685791,180.0,20.0,5.0,2.0,LC5,507.595609793374,1.9885995283086122,LC5,761.3934146900608,1.4455162916768347,LC5,94.16303887301135,3.393288943743622,LC5,141.244558309517,1.9288592958290818,8.314178438019876,6.621621732187656,True
34.0,15.0,32.0,530.780356685791,180.0,20.0,5.0,2.5,LC5,632.0510818475806,1.4001224640982821,LC5,948.0766227713708,0.9639762813232262,LC5,94.16303887301135,3.393288943743622,LC5,141.244558309517,1.9288592958290818,8.314178438019876,6.621621732187656,True
34.0,15.0,32.0,530.780356685791,180.0,20.0,5.0,3.0,LC5,756.5065539017871,1.0052701356992384,LC5,1134.7598308526804,0.6408758482408188,LC5,94.16303887301135,3.393288943743622,LC5,141.244558309517,1.9288592958290818,8.314178438019876,6.621621732187656,True
34.0,15.0,32.0,530.780356685791,180.0,25.0,5.0,1.0,LC5,300.16982303636314,4.05380582449898,LC5,450.25473455454465,3.1354368029958692,LC5,75.33043109840908,4.491611179679527,LC5,112.9956466476136,2.661074119786352,8.314178438019876,6.621621732187656,True
34.0,15.0,32.0,530.780356685791,180.0,25.0,5.0,1.5,LC5,445.3678737662708,2.406172940071834,LC5,668.0518106494062,1.787208971396948,LC5,75.33043109840908,4.491611179679527,LC5,112.9956466476136,2.661074119786352,8.314178438019876,6.621621732187656,True
34.0,15.0,32.0,530.780356685791,180.0,25.0,5.0,2.0,LC5,590.5659244961785,1.5687225372750344,LC5,885.8488867442677,1.1019386352037417,LC5,75.33043109840908,4.491611179679527,LC5,112.9956466476136,2.661074119786352,8.314178438019876,6.621621732187656,True
34.0,15.0,32.0,530.780356685791,180.0,25.0,5.0,2.5,LC5,735.7639752260861,1.0618024952007947,LC5,1103.645962839129,0.6871352432713163,LC5,75.33043109840908,4.491611179679527,LC5,112.9956466476136,2.661074119786352,8.314178438019876,6.621621732187656,True
34.0,15.0,32.0,530.780356685791,180.0,25.0,5.0,3.0,LC5,880.9620259559939,0.721981147091779,LC5,1321.443038933991,0.4090656540913613,LC5,75.33043109840908,4.491611179679527,LC5,112.9956466476136,2.661074119786352,8.314178438019876,6.621621732187656,True
34.0,15.0,32.0,530.780356685791,180.0,30.0,5.0,1.0,LC5,341.6549803877653,3.4401518698139952,LC5,512.4824705816478,2.6332950039963356,LC5,62.77535924867423,5.589933415615433,LC5,94.16303887301133,3.393288943743623,8.314178438019876,6.621621732187656,True
34.0,15.0,32.0,530.780356685791,180.0,30.0,5.0,1.5,LC5,507.595609793374,1.9885995283086122,LC5,761.3934146900608,1.4455162916768347,LC5,62.77535924867423,5.589933415615433,LC5,94.16303887301133,3.393288943743623,8.314178438019876,6.621621732187656,True
34.0,15.0,32.0,530.780356685791,180.0,30.0,5.0,2.0,LC5,673.5362391989828,1.2522915794466,LC5,1010.304358798474,0.8430089742604132,LC5,62.77535924867423,5.589933415615433,LC5,94.16303887301133,3.393288943743623,8.314178438019876,6.621621732187656,True
34.0,15.0,32.0,530.780356685791,180.0,30.0,5.0,2.5,LC5,839.4768686045917,0.8070777846703643,LC5,1259.2153029068872,0.47869867504118613,LC5,62.77535924867423,5.589933415615433,LC5,94.16303887301133,3.393288943743623,8.314178438019876,6.621621732187656,True
34.0,15.0,32.0,530.780356685791,180.0,30.0,5.0,3.0,LC5,1005.4174980102002,0.5088259384805431,LC5,1508.1262470153004,0.2346446484072826,LC5,62.77535924867423,5.589933415615433,LC5,94.16303887301133,3.393288943743623,8.314178438019876,6.621621732187656,True
34.0,20.0,37.0,535.780356685791,120.0,20.0,5.0,1.0,LC5,373.8385923305896,3.0579010062676995,LC5,560.7578884958842,2.3205061189498832,LC5,137.72578260833484,2.003689140518751,LC5,206.58867391250226,1.002459427012501,5.368098475966494,4.210898423313386,True
34.0,20.0,37.0,535.780356685791,120.0,20.0,5.0,1.5,LC5,555.8710277076104,1.7290503091266447,LC5,833.8065415614157,1.2331319163233632,LC5,137.72578260833484,2.003689140518751,LC5,206.58867391250226,1.002459427012501,5.368098475966494,4.210898423313386,True
34.0,20.0,37.0,535.780356685791,120.0,20.0,5.0,2.0,LC5,737.9034630846314,1.0558244755466242,LC5,1106.855194626947,0.6822435392080046,LC5,137.72578260833484,2.003689140518751,LC5,206.58867391250226,1.002459427012501,5.368098475966494,4.210898423313386,True
34.0,20.0,37.0,535.780356685791,120.0,20.0,5.0,2.5,LC5,919.9358984616524,0.6490279404649586,LC5,1379.9038476924784,0.3493693804200191,LC5,137.72578260833484,2.003689140518751,LC5,206.58867391250226,1.002459427012501,5.368098475966494,4.210898423313386,True
34.0,20.0,37.0,535.780356685791,120.0,20.0,5.0,3.0,LC5,1101.9683338386733,0.3766275794110856,LC5,1652.9525007580098,0.12646915089582156,LC5,137.72578260833484,2.003689140518751,LC5,206.58867391250226,1.002459427012501,5.368098475966494,4.210898423313386,True
34.0,20.0,37.0,535.780356685791,120.0,25.0,5.0,1.0,LC5,434.51607078959665,2.4912402600974652,LC5,651.7741061843947,1.8568180023298102,LC5,110.18062608666789,2.7546114256484384,LC5,165.2709391300018,1.503074283765626,5.368098475966494,4.210898423313386,True
34.0,20.0,37.0,535.780356685791,120.0,25.0,5.0,1.5,LC5,646.8872453961211,1.34507638046112,LC5,970.3308680941814,0.9189330786282606,LC5,110.18062608666789,2.7546114256484384,LC5,165.2709391300018,1.503074283765626,5.368098475966494,4.210898423313386,True
34.0,20.0,37.0,535.780356685791,120.0,25.0,5.0,2.0,LC5,859.2584200026456,0.7654758623084883,LC5,1288.887630003968,0.44465658344030157,LC5,110.18062608666789,2.7546114256484384,LC5,165.2709391300018,1.503074283765626,5.368098475966494,4.210898423313386,True
34.0,20.0,37.0,535.780356685791,120.0,25.0,5.0,2.5,LC5,1071.6295946091702,0.4156010692792216,LC5,1607.444391913755,0.15836044429703833,LC5,110.18062608666789,2.7546114256484384,LC5,165.2709391300018,1.503074283765626,5.368098475966494,4.210898423313386,True
34.0,20.0,37.0,535.780356685791,120.0,25.0,5.0,3.0,LC5,1284.0007692156946,0.18146346666647872,LC5,1926.0011538235415,-0.03323007034366776,LC5,110.18062608666789,2.7546114256484384,LC5,165.2709391300018,1.503074283765626,5.368098475966494,4.210898423313386,False
34.0,20.0,37.0,535.780356685791,120.0,30.0,5.0,1.0,LC5,495.19354924860363,2.063448629938464,LC5,742.7903238729052,1.5067639415273222,LC5,91.81718840555656,3.505533710778127,LC5,137.72578260833484,2.003689140518751,5.368098475966494,4.210898423313386,True
34.0,20.0,37.0,535.780356685791,120.0,30.0,5.0,1.5,LC5,737.9034630846315,1.0558244755466237,LC5,1106.8551946269472,0.6822435392080042,LC5,91.81718840555656,3.505533710778127,LC5,137.72578260833484,2.003689140518751,5.368098475966494,4.210898423313386,True
34.0,20.0,37.0,535.780356685791,120.0,30.0,5.0,2.0,LC5,980.6133769206596,0.5469909300683942,LC5,1470.9200653809892,0.2658743624642279,LC5,91.81718840555656,3.505533710778127,LC5,137.72578260833484,2.003689140518751,5.368098475966494,4.210898423313386,True
34.0,20.0,37.0,535.780356685791,120.0,30.0,5.0,2.5,LC5,1223.3232907566874,0.24006467584023405,LC5,1834.984936135031,0.014722226506049596,LC5,91.81718840555656,3.505533710778127,LC5,137.72578260833484,2.003689140518751,5.368098475966494,4.210898423313386,True
34.0,20.0,37.0,535.780356685791,120.0,30.0,5.0,3.0,LC5,1466.0332045927155,0.03476510303287683,LC5,2199.049806889073,-0.15327065618667668,LC5,91.81718840555656,3.505533710778127,LC5,137.72578260833484,2.003689140518751,5.368098475966494,4.210898423313386,False
34.0,20.0,37.0,535.780356685791,150.0,20.0,5.0,1.0,LC5,305.3184372061837,3.9685830108437212,LC5,457.9776558092755,3.065700534471989,LC5,111.80460001961748,2.700075287756635,LC5,167.70690002942624,1.466716858504423,6.844501444265624,5.419011948680549,True
34.0,20.0,37.0,535.780356685791,150.0,20.0,5.0,1.5,LC5,453.0907950210017,2.348114807606462,LC5,679.6361925315024,1.7397010642774045,LC5,111.80460001961748,2.700075287756635,LC5,167.70690002942624,1.466716858504423,6.844501444265624,5.419011948680549,True
34.0,20.0,37.0,535.780356685791,150.0,20.0,5.0,2.0,LC5,600.8631528358197,1.5247013281483515,LC5,901.2947292537294,1.0659168855250414,LC5,111.80460001961748,2.700075287756635,LC5,167.70690002942624,1.466716858504423,6.844501444265624,5.419011948680549,True
34.0,20.0,37.0,535.780356685791,150.0,20.0,5.0,2.5,LC5,748.6355106506376,1.0263532499033854,LC5,1122.9532659759566,0.6581277746957166,LC5,111.80460001961748,2.700075287756635,LC5,167.70690002942624,1.466716858504423,6.844501444265624,5.419011948680549,True
34.0,20.0,37.0,535.780356685791,150.0,20.0,5.0,3.0,LC5,896.4078684654556,0.6923100001307716,LC5,1344.6118026981833,0.3847862976240375,LC5,111.80460001961748,2.700075287756635,LC5,167.70690002942624,1.466716858504423,6.844501444265624,5.419011948680549,True
34.0,20.0,37.0,535.780356685791,150.0,25.0,5.0,1.0,LC5,354.5758898111231,3.278350682016427,LC5,531.8638347166847,2.5008960535770544,LC5,89.44368001569399,3.6250941096957936,LC5,134.16552002354098,2.083396073130529,6.844501444265624,5.419011948680549,True
34.0,20.0,37.0,535.780356685791,150.0,25.0,5.0,1.5,LC5,526.9769739284109,1.878683652326112,LC5,790.4654608926163,1.3555741422242233,LC5,89.44368001569399,3.6250941096957936,LC5,134.16552002354098,2.083396073130529,6.844501444265624,5.419011948680549,True
34.0,20.0,37.0,535.780356685791,150.0,25.0,5.0,2.0,LC5,699.3780580456984,1.1690700509521519,LC5,1049.0670870685478,0.7749103207527601,LC5,89.44368001569399,3.6250941096957936,LC5,134.16552002354098,2.083396073130529,6.844501444265624,5.419011948680549,True
34.0,20.0,37.0,535.780356685791,150.0,25.0,5.0,2.5,LC5,871.7791421629861,0.7401196319473133,LC5,1307.6687132444795,0.42390804424781225,LC5,89.44368001569399,3.6250941096957936,LC5,134.16552002354098,2.083396073130529,6.844501444265624,5.419011948680549,True
34.0,20.0,37.0,535.780356685791,150.0,25.0,5.0,3.0,LC5,1044.180226280274,0.45281433398147297,LC5,1566.2703394204111,0.18881137766359157,LC5,89.44368001569399,3.6250941096957936,LC5,134.16552002354098,2.083396073130529,6.844501444265624,5.419011948680549,True
34.0,20.0,37.0,535.780356685791,150.0,30.0,5.0,1.0,LC5,403.83334241606235,2.756500121867257,LC5,605.7500136240936,2.0738752919871817,LC5,74.53640001307832,4.550112931634953,LC5,111.8046000196175,2.7000752877566345,6.844501444265624,5.419011948680549,True
34.0,20.0,37.0,535.780356685791,150.0,30.0,5.0,1.5,LC5,600.8631528358197,1.5247013281483515,LC5,901.2947292537298,1.0659168855250405,LC5,74.53640001307832,4.550112931634953,LC5,111.8046000196175,2.7000752877566345,6.844501444265624,5.419011948680549,True
34.0,20.0,37.0,535.780356685791,150.0,30.0,5.0,2.0,LC5,797.892963255577,0.9012575243304688,LC5,1196.8394448833658,0.5557642321702183,LC5,74.53640001307832,4.550112931634953,LC5,111.8046000196175,2.7000752877566345,6.844501444265624,5.419011948680549,True
34.0,20.0,37.0,535.780356685791,150.0,30.0,5.0,2.5,LC5,994.9227736753344,0.5247414574661562,LC5,1492.384160513002,0.24766802628080953,LC5,74.53640001307832,4.550112931634953,LC5,111.8046000196175,2.7000752877566345,6.844501444265624,5.419011948680549,True
34.0,20.0,37.0,535.780356685791,150.0,30.0,5.0,3.0,LC5,1191.9525840950919,0.2727016328016756,LC5,1787.9288761426383,0.04142845101152237,LC5,74.53640001307832,4.550112931634953,LC5,111.8046000196175,2.7000752877566345,6.844501444265624,5.419011948680549,True
34.0,20.0,37.0,535.780356685791,180.0,20.0,5.0,1.0,LC5,259.63879097259786,4.8427324912328045,LC5,389.4581864588969,3.7810010541311705,LC5,94.52398457940163,3.3765128970266733,LC5,141.78597686910248,1.9176752646844482,8.278611669112328,6.592518096192991,True
34.0,20.0,37.0,535.780356685791,180.0,20.0,5.0,1.5,LC5,384.57132567062297,2.9446518727173063,LC5,576.8569885059345,2.227836425840309,LC5,94.52398457940163,3.3765128970266733,LC5,141.78597686910248,1.9176752646844482,8.278611669112328,6.592518096192991,True
34.0,20.0,37.0,535.780356685791,180.0,20.0,5.0,2.0,LC5,509.50386036864813,1.9774062926675073,LC5,764.2557905529721,1.4363570718290042,LC5,94.52398457940163,3.3765128970266733,LC5,141.78597686910248,1.9176752646844482,8.278611669112328,6.592518096192991,True
34.0,20.0,37.0,535.780356685791,180.0,20.0,5.0,2.5,LC5,634.4363950666732,1.391098637776885,LC5,951.6545926000099,0.9565922494135617,LC5,94.52398457940163,3.3765128970266733,LC5,141.78597686910248,1.9176752646844482,8.278611669112328,6.592518096192991,True
34.0,20.0,37.0,535.780356685791,180.0,20.0,5.0,3.0,LC5,759.3689297646981,0.9977114424079285,LC5,1139.0533946470475,0.6346907078723629,LC5,94.52398457940163,3.3765128970266733,LC5,141.78597686910248,1.9176752646844482,8.278611669112328,6.592518096192991,True
34.0,20.0,37.0,535.780356685791,180.0,25.0,5.0,1.0,LC5,301.282969205273,4.035133595508424,LC5,451.9244538079094,3.1201576597832066,LC5,75.6191876635213,4.470641121283342,LC5,113.42878149528198,2.6470940808555605,8.278611669112328,6.592518096192991,True
34.0,20.0,37.0,535.780356685791,180.0,25.0,5.0,1.5,LC5,447.03759301963555,2.393450626272873,LC5,670.5563895294534,1.7767985348802848,LC5,75.6191876635213,4.470641121283342,LC5,113.42878149528198,2.6470940808555605,8.278611669112328,6.592518096192991,True
34.0,20.0,37.0,535.780356685791,180.0,25.0,5.0,2.0,LC5,592.7922168339982,1.5590754347316458,LC5,889.1883252509973,1.0940445877698637,LC5,75.6191876635213,4.470641121283342,LC5,113.42878149528198,2.6470940808555605,8.278611669112328,6.592518096192991,True
34.0,20.0,37.0,535.780356685791,180.0,25.0,5.0,2.5,LC5,738.5468406483609,1.0540335649777406,LC5,1107.8202609725415,0.6807780698697219,LC5,75.6191876635213,4.470641121283342,LC5,113.42878149528198,2.6470940808555605,8.278611669112328,6.592518096192991,True
34.0,20.0,37.0,535.780356685791,180.0,25.0,5.0,3.0,LC5,884.3014644627234,0.7154783305958747,LC5,1326.4521966940854,0.4037445183781665,LC5,75.6191876635213,4.470641121283342,LC5,113.42878149528198,2.6470940808555605,8.278611669112328,6.592518096192991,True
34.0,20.0,37.0,535.780356685791,180.0,30.0,5.0,1.0,LC5,342.92714743794795,3.423680106208268,LC5,514.3907211569219,2.6198164613314856,LC5,63.01598971960109,5.56476934554001,LC5,94.52398457940166,3.3765128970266725,8.278611669112328,6.592518096192991,True
34.0,20.0,37.0,535.780356685791,180.0,30.0,5.0,1.5,LC5,509.50386036864813,1.9774062926675073,LC5,764.2557905529721,1.4363570718290042,LC5,63.01598971960109,5.56476934554001,LC5,94.52398457940166,3.3765128970266725,8.278611669112328,6.592518096192991,True
34.0,20.0,37.0,535.780356685791,180.0,30.0,5.0,2.0,LC5,676.0805732993481,1.2438153970271206,LC5,1014.1208599490224,0.8360730693317941,LC5,63.01598971960109,5.56476934554001,LC5,94.52398457940166,3.3765128970266725,8.278611669112328,6.592518096192991,True
34.0,20.0,37.0,535.780356685791,180.0,30.0,5.0,2.5,LC5,842.6572862300483,0.8002573819623438,LC5,1263.9859293450727,0.47311766434360947,LC5,63.01598971960109,5.56476934554001,LC5,94.52398457940166,3.3765128970266725,8.278611669112328,6.592518096192991,True
34.0,20.0,37.0,535.780356685791,180.0,30.0,5.0,3.0,LC5,1009.2339991607485,0.5031201894322783,LC5,1513.850998741123,0.22997573839723207,LC5,63.01598971960109,5.56476934554001,LC5,94.52398457940166,3.3765128970266725,8.278611669112328,6.592518096192991,True
36.0,5.0,23.0,521.780356685791,120.0,20.0,5.0,1.0,LC5,312.0389777196609,3.8615721378336545,LC5,468.0584665794914,2.9781354957795054,LC5,128.64301360509702,2.2157629551497915,LC5,192.96452040764552,1.143841970099861,6.218756588263509,4.90697638644107,True
36.0,5.0,23.0,521.780356685791,120.0,20.0,5.0,1.5,LC5,463.69950741958047,2.2715152285623113,LC5,695.5492611293706,1.6770210307989561,LC5,128.64301360509702,2.2157629551497915,LC5,192.96452040764552,1.143841970099861,6.218756588263509,4.90697638644107,True
36.0,5.0,23.0,521.780356685791,120.0,20.0,5.0,2.0,LC5,615.3600371195,1.4652234602381333,LC5,923.04005567925,1.0172472348773476,LC5,128.64301360509702,2.2157629551497915,LC5,192.96452040764552,1.143841970099861,6.218756588263509,4.90697638644107,True
36.0,5.0,23.0,521.780356685791,120.0,20.0,5.0,2.5,LC5,767.0205668194196,0.9777826900919968,LC5,1150.5308502291293,0.618383374621533,LC5,128.64301360509702,2.2157629551497915,LC5,192.96452040764552,1.143841970099861,6.218756588263509,4.90697638644107,True
36.0,5.0,23.0,521.780356685791,120.0,20.0,5.0,3.0,LC5,918.6810965193391,0.6512803036304402,LC5,1378.0216447790083,0.3512124479718217,LC5,128.64301360509702,2.2157629551497915,LC5,192.96452040764552,1.143841970099861,6.218756588263509,4.90697638644107,True
36.0,5.0,23.0,521.780356685791,120.0,25.0,5.0,1.0,LC5,362.59248761963414,3.183760148917811,LC5,543.8887314294512,2.4234943516963146,LC5,102.91441088407763,3.019703693937239,LC5,154.37161632611642,1.6798024626248265,6.218756588263509,4.90697638644107,True
36.0,5.0,23.0,521.780356685791,120.0,25.0,5.0,1.5,LC5,539.5297722695403,1.8117076720691725,LC5,809.2946584043103,1.3007689234861788,LC5,102.91441088407763,3.019703693937239,LC5,154.37161632611642,1.6798024626248265,6.218756588263509,4.90697638644107,True
36.0,5.0,23.0,521.780356685791,120.0,25.0,5.0,2.0,LC5,716.4670569194465,1.1173339169599235,LC5,1074.7005853791695,0.7325755892680195,LC5,102.91441088407763,3.019703693937239,LC5,154.37161632611642,1.6798024626248265,6.218756588263509,4.90697638644107,True
36.0,5.0,23.0,521.780356685791,120.0,25.0,5.0,2.5,LC5,893.4043415693526,0.6979993597694414,LC5,1340.1065123540286,0.3894417964802024,LC5,102.91441088407763,3.019703693937239,LC5,154.37161632611642,1.6798024626248265,6.218756588263509,4.90697638644107,True
36.0,5.0,23.0,521.780356685791,120.0,25.0,5.0,3.0,LC5,1070.3416262192588,0.4173044968441164,LC5,1605.512439328888,0.15975432789441668,LC5,102.91441088407763,3.019703693937239,LC5,154.37161632611642,1.6798024626248265,6.218756588263509,4.90697638644107,True
36.0,5.0,23.0,521.780356685791,120.0,30.0,5.0,1.0,LC5,413.1459975196073,2.6718254784206286,LC5,619.7189962794109,2.004587581111497,LC5,85.76200907006469,3.823644432724686,LC5,128.64301360509702,2.2157629551497915,6.218756588263509,4.90697638644107,True
36.0,5.0,23.0,521.780356685791,120.0,30.0,5.0,1.5,LC5,615.3600371195,1.4652234602381333,LC5,923.04005567925,1.0172472348773476,LC5,85.76200907006469,3.823644432724686,LC5,128.64301360509702,2.2157629551497915,6.218756588263509,4.90697638644107,True
36.0,5.0,23.0,521.780356685791,120.0,30.0,5.0,2.0,LC5,817.5740767193928,0.8554893595539768,LC5,1226.3611150790891,0.5183129806589781,LC5,85.76200907006469,3.823644432724686,LC5,128.64301360509702,2.2157629551497915,6.218756588263509,4.90697638644107,True
36.0,5.0,23.0,521.780356685791,120.0,30.0,5.0,2.5,LC5,1019.7881163192856,0.487563912271598,LC5,1529.6821744789283,0.21724632153360401,LC5,85.76200907006469,3.823644432724686,LC5,128.64301360509702,2.2157629551497915,6.218756588263509,4.90697638644107,True
36.0,5.0,23.0,521.780356685791,120.0,30.0,5.0,3.0,LC5,1222.0021559191782,0.2414053384864343,LC5,1833.0032338787673,0.015819266210389316,LC5,85.76200907006469,3.823644432724686,LC5,128.64301360509702,2.2157629551497915,6.218756588263509,4.90697638644107,True
36.0,5.0,23.0,521.780356685791,150.0,20.0,5.0,1.0,LC5,254.99076872906383,4.949234976470317,LC5,382.4861530935959,3.8681500884147333,LC5,104.44801197927953,2.960682733455653,LC5,156.6720179689193,1.6404551556371016,7.890955264711895,6.275305956006833,True
36.0,5.0,23.0,521.780356685791,150.0,20.0,5.0,1.5,LC5,378.1271939336849,3.011877548976411,LC5,567.1907909005273,2.282845966246574,LC5,104.44801197927953,2.960682733455653,LC5,156.6720179689193,1.6404551556371016,7.890955264711895,6.275305956006833,True
36.0,5.0,23.0,521.780356685791,150.0,20.0,5.0,2.0,LC5,501.26361913830584,2.0263516881751555,LC5,751.895428707459,1.4764081930925674,LC5,104.44801197927953,2.960682733455653,LC5,156.6720179689193,1.6404551556371016,7.890955264711895,6.275305956006833,True
36.0,5.0,23.0,521.780356685791,150.0,20.0,5.0,2.5,LC5,624.4000443429269,1.42953217851927,LC5,936.6000665143905,0.9880417123282268,LC5,104.44801197927953,2.960682733455653,LC5,156.6720179689193,1.6404551556371016,7.890955264711895,6.275305956006833,True
36.0,5.0,23.0,521.780356685791,150.0,20.0,5.0,3.0,LC5,747.5364695475479,1.0293324296514599,LC5,1121.3047043213219,0.6605655829536445,LC5,104.44801197927953,2.960682733455653,LC5,156.6720179689193,1.6404551556371016,7.890955264711895,6.275305956006833,True
36.0,5.0,23.0,521.780356685791,150.0,25.0,5.0,1.0,LC5,296.0362437972709,4.1243725448660244,LC5,444.0543656959064,3.1931802586422924,LC5,83.55840958342363,3.950853416819566,LC5,125.33761437513544,2.3005689445463773,7.890955264711895,6.275305956006833,True
36.0,5.0,23.0,521.780356685791,150.0,25.0,5.0,1.5,LC5,439.6954065359954,2.450115642442609,LC5,659.5431098039933,1.8231664804342502,LC5,83.55840958342363,3.950853416819566,LC5,125.33761437513544,2.3005689445463773,7.890955264711895,6.275305956006833,True
36.0,5.0,23.0,521.780356685791,150.0,25.0,5.0,2.0,LC5,583.35456927472,1.6004767595907814,LC5,875.03185391208,1.1279225341059265,LC5,83.55840958342363,3.950853416819566,LC5,125.33761437513544,2.3005689445463773,7.890955264711895,6.275305956006833,True
36.0,5.0,23.0,521.780356685791,150.0,25.0,5.0,2.5,LC5,727.0137320134444,1.0866180832633114,LC5,1090.520598020167,0.7074413847665499,LC5,83.55840958342363,3.950853416819566,LC5,125.33761437513544,2.3005689445463773,7.890955264711895,6.275305956006833,True
36.0,5.0,23.0,521.780356685791,150.0,25.0,5.0,3.0,LC5,870.672894752169,0.7423305688547976,LC5,1306.0093421282536,0.4257172134509484,LC5,83.55840958342363,3.950853416819566,LC5,125.33761437513544,2.3005689445463773,7.890955264711895,6.275305956006833,True
36.0,5.0,23.0,521.780356685791,150.0,30.0,5.0,1.0,LC5,337.0817188654779,3.5003923829087933,LC5,505.6225782982169,2.6825887132393635,LC5,69.63200798618635,4.94102410018348,LC5,104.44801197927953,2.960682733455653,7.890955264711895,6.275305956006833,True
36.0,5.0,23.0,521.780356685791,150.0,30.0,5.0,1.5,LC5,501.26361913830584,2.0263516881751555,LC5,751.895428707459,1.4764081930925674,LC5,69.63200798618635,4.94102410018348,LC5,104.44801197927953,2.960682733455653,7.890955264711895,6.275305956006833,True
36.0,5.0,23.0,521.780356685791,150.0,30.0,5.0,2.0,LC5,665.445519411134,1.2796757296411334,LC5,998.1682791167011,0.865416923134164,LC5,69.63200798618635,4.94102410018348,LC5,104.44801197927953,2.960682733455653,7.890955264711895,6.275305956006833,True
36.0,5.0,23.0,521.780356685791,150.0,30.0,5.0,2.5,LC5,829.6274196839619,0.8285316565089973,LC5,1244.441129525943,0.49625398568215884,LC5,69.63200798618635,4.94102410018348,LC5,104.44801197927953,2.960682733455653,7.890955264711895,6.275305956006833,True
36.0,5.0,23.0,521.780356685791,150.0,30.0,5.0,3.0,LC5,993.8093199567899,0.5264497620790658,LC5,1490.7139799351853,0.24906590067731016,LC5,69.63200798618635,4.94102410018348,LC5,104.44801197927953,2.960682733455653,7.890955264711895,6.275305956006833,True
36.0,5.0,23.0,521.780356685791,180.0,20.0,5.0,1.0,LC5,216.9590273522176,5.99210361750589,LC5,325.4385410283263,4.721510409051184,LC5,88.31817967206135,3.684034919267785,LC5,132.477269508092,2.122689946178524,9.514738929675135,7.604018407846672,True
36.0,5.0,23.0,521.780356685791,180.0,20.0,5.0,1.5,LC5,321.07958186841546,3.72468536047146,LC5,481.61937280262316,2.8661235513943564,LC5,88.31817967206135,3.684034919267785,LC5,132.477269508092,2.122689946178524,9.514738929675135,7.604018407846672,True
36.0,5.0,23.0,521.780356685791,180.0,20.0,5.0,2.0,LC5,425.20013638461336,2.56773168724434,LC5,637.8002045769199,1.919409537090293,LC5,88.31817967206135,3.684034919267785,LC5,132.477269508092,2.122689946178524,9.514738929675135,7.604018407846672,True
36.0,5.0,23.0,521.780356685791,180.0,20.0,5.0,2.5,LC5,529.3206909008112,1.8659374667903714,LC5,793.9810363512166,1.345144171902295,LC5,88.31817967206135,3.684034919267785,LC5,132.477269508092,2.122689946178524,9.514738929675135,7.604018407846672,True
36.0,5.0,23.0,521.780356685791,180.0,20.0,5.0,3.0,LC5,633.4412454170091,1.3948551045193205,LC5,950.1618681255136,0.9596660973917712,LC5,88.31817967206135,3.684034919267785,LC5,132.477269508092,2.122689946178524,9.514738929675135,7.604018407846672,True
36.0,5.0,23.0,521.780356685791,180.0,25.0,5.0,1.0,LC5,251.6658788576169,5.027833438867816,LC5,377.4988182864253,3.9324657715543285,LC5,70.65454373764908,4.855043649084732,LC5,105.9818156064736,2.903362432723155,9.514738929675135,7.604018407846672,True
36.0,5.0,23.0,521.780356685791,180.0,25.0,5.0,1.5,LC5,373.13985912651435,3.0654997392965617,LC5,559.7097886897717,2.326724023102701,LC5,70.65454373764908,4.855043649084732,LC5,105.9818156064736,2.903362432723155,9.514738929675135,7.604018407846672,True
36.0,5.0,23.0,521.780356685791,180.0,25.0,5.0,2.0,LC5,494.61383939541196,2.067039130676762,LC5,741.9207590931178,1.5097019825621323,LC5,70.65454373764908,4.855043649084732,LC5,105.9818156064736,2.903362432723155,9.514738929675135,7.604018407846672,True
36.0,5.0,23.0,521.780356685791,180.0,25.0,5.0,2.5,LC5,616.0878196643094,1.4623112997536207,LC5,924.1317294964641,1.014864267256094,LC5,70.65454373764908,4.855043649084732,LC5,105.9818156064736,2.903362432723155,9.514738929675135,7.604018407846672,True
36.0,5.0,23.0,521.780356685791,180.0,25.0,5.0,3.0,LC5,737.5617999332069,1.0567768018047823,LC5,1106.3426998998104,0.6830228103539902,LC5,70.65454373764908,4.855043649084732,LC5,105.9818156064736,2.903362432723155,9.514738929675135,7.604018407846672,True
36.0,5.0,23.0,521.780356685791,180.0,30.0,5.0,1.0,LC5,286.37273036301616,4.297292092291739,LC5,429.5590955445242,3.334677159238505,LC5,58.87878644804089,6.026052378901679,LC5,88.31817967206133,3.684034919267786,9.514738929675135,7.604018407846672,True
36.0,5.0,23.0,521.780356685791,180.0,30.0,5.0,1.5,LC5,425.20013638461336,2.56773168724434,LC5,637.8002045769199,1.919409537090293,LC5,58.87878644804089,6.026052378901679,LC5,88.31817967206133,3.684034919267786,9.514738929675135,7.604018407846672,True
36.0,5.0,23.0,521.780356685791,180.0,30.0,5.0,2.0,LC5,564.0275424062105,1.6895849687203084,LC5,846.0413136093156,1.2008381506294068,LC5,58.87878644804089,6.026052378901679,LC5,88.31817967206133,3.684034919267786,9.514738929675135,7.604018407846672,True
36.0,5.0,23.0,521.780356685791,180.0,30.0,5.0,2.5,LC5,702.8549484278077,1.1583400720067853,LC5,1054.2824226417113,0.7661301753797565,LC5,58.87878644804089,6.026052378901679,LC5,88.31817967206133,3.684034919267786,9.514738929675135,7.604018407846672,True
36.0,5.0,23.0,521.780356685791,180.0,30.0,5.0,3.0,LC5,841.6823544494048,0.8023426438497232,LC5,1262.523531674107,0.474823995978108,LC5,58.87878644804089,6.026052378901679,LC5,88.31817967206133,3.684034919267786,9.514738929675135,7.604018407846672,True
36.0,10.0,28.0,526.780356685791,120.0,20.0,5.0,1.0,LC5,313.2442521484164,3.8428661965718662,LC5,469.8663782226246,2.9628287664323514,LC5,129.15418857937362,2.203035396222284,LC5,193.73128286906046,1.1353569308148561,6.190185716858538,4.88359736532217,True
36.0,10.0,28.0,526.780356685791,120.0,20.0,5.0,1.5,LC5,465.50741906271367,2.2588095009407962,LC5,698.2611285940707,1.6666241664477086,LC5,129.15418857937362,2.203035396222284,LC5,193.73128286906046,1.1353569308148561,6.190185716858538,4.88359736532217,True
36.0,10.0,28.0,526.780356685791,120.0,20.0,5.0,2.0,LC5,617.7705859770109,1.4556041262483355,LC5,926.6558789655164,1.009375909942606,LC5,129.15418857937362,2.203035396222284,LC5,193.73128286906046,1.1353569308148561,6.190185716858538,4.88359736532217,True
36.0,10.0,28.0,526.780356685791,120.0,20.0,5.0,2.5,LC5,770.0337528913082,0.9700435134226222,LC5,1155.0506293369622,0.6120505480083158,LC5,129.15418857937362,2.203035396222284,LC5,193.73128286906046,1.1353569308148561,6.190185716858538,4.88359736532217,True
36.0,10.0,28.0,526.780356685791,120.0,20.0,5.0,3.0,LC5,922.2969198056055,0.644806534016986,LC5,1383.4453797084086,0.3459150807908711,LC5,129.15418857937362,2.203035396222284,LC5,193.73128286906046,1.1353569308148561,6.190185716858538,4.88359736532217,True
36.0,10.0,28.0,526.780356685791,120.0,25.0,5.0,1.0,LC5,363.99864111984886,3.167597976005955,LC5,545.9979616797733,2.4102691414296142,LC5,103.32335086349892,3.003794245277855,LC5,154.98502629524836,1.6691961635185701,6.190185716858538,4.88359736532217,True
36.0,10.0,28.0,526.780356685791,120.0,25.0,5.0,1.5,LC5,541.6390025198625,1.8007584257087723,LC5,812.4585037797937,1.2918093556008503,LC5,103.32335086349892,3.003794245277855,LC5,154.98502629524836,1.6691961635185701,6.190185716858538,4.88359736532217,True
36.0,10.0,28.0,526.780356685791,120.0,25.0,5.0,2.0,LC5,719.2793639198759,1.1090553630410924,LC5,1078.9190458798141,0.7258014001241544,LC5,103.32335086349892,3.003794245277855,LC5,154.98502629524836,1.6691961635185701,6.190185716858538,4.88359736532217,True
36.0,10.0,28.0,526.780356685791,120.0,25.0,5.0,2.5,LC5,896.9197253198893,0.6913442275549879,LC5,1345.379587979834,0.3839960236024553,LC5,103.32335086349892,3.003794245277855,LC5,154.98502629524836,1.6691961635185701,6.190185716858538,4.88359736532217,True
36.0,10.0,28.0,526.780356685791,120.0,25.0,5.0,3.0,LC5,1074.5600867199032,0.4117405054850358,LC5,1611.8401300798546,0.15520141560674006,LC5,103.32335086349892,3.003794245277855,LC5,154.98502629524836,1.6691961635185701,6.190185716858538,4.88359736532217,True
36.0,10.0,28.0,526.780356685791,120.0,30.0,5.0,1.0,LC5,414.75303009128123,2.6575983535699064,LC5,622.1295451369219,1.9929457852547414,LC5,86.10279238624909,3.804553094333426,LC5,129.15418857937365,2.2030353962222837,6.190185716858538,4.88359736532217,True
36.0,10.0,28.0,526.780356685791,120.0,30.0,5.0,1.5,LC5,617.7705859770109,1.4556041262483355,LC5,926.6558789655164,1.009375909942606,LC5,86.10279238624909,3.804553094333426,LC5,129.15418857937365,2.2030353962222837,6.190185716858538,4.88359736532217,True
36.0,10.0,28.0,526.780356685791,120.0,30.0,5.0,2.0,LC5,820.7881418627406,0.8482235824670161,LC5,1231.182212794111,0.5123675282591009,LC5,86.10279238624909,3.804553094333426,LC5,129.15418857937365,2.2030353962222837,6.190185716858538,4.88359736532217,True
36.0,10.0,28.0,526.780356685791,120.0,30.0,5.0,2.5,LC5,1023.8056977484703,0.48172646756718707,LC5,1535.7085466227054,0.21246964737864293,LC5,86.10279238624909,3.804553094333426,LC5,129.15418857937365,2.2030353962222837,6.190185716858538,4.88359736532217,True
36.0,10.0,28.0,526.780356685791,120.0,30.0,5.0,3.0,LC5,1226.8232536342,0.23652693695380633,LC5,1840.2348804513001,0.011827359528889136,LC5,86.10279238624909,3.804553094333426,LC5,129.15418857937365,2.2030353962222837,6.190185716858538,4.88359736532217,True
36.0,10.0,28.0,526.780356685791,150.0,20.0,5.0,1.0,LC5,255.95511768256105,4.926820349345012,LC5,383.9326765238416,3.849808609308025,LC5,104.85700684363302,2.9452340863305966,LC5,157.28551026544955,1.6301560575537306,7.856276084446085,6.246928617551574,True
36.0,10.0,28.0,526.780356685791,150.0,20.0,5.0,1.5,LC5,379.5737173639306,2.996588621929055,LC5,569.3605760458961,2.2703353170871887,LC5,104.85700684363302,2.9452340863305966,LC5,157.28551026544955,1.6301560575537306,7.856276084446085,6.246928617551574,True
36.0,10.0,28.0,526.780356685791,150.0,20.0,5.0,2.0,LC5,503.19231704530023,2.0147519121668767,LC5,754.7884755679505,1.4669163087034596,LC5,104.85700684363302,2.9452340863305966,LC5,157.28551026544955,1.6301560575537306,7.856276084446085,6.246928617551574,True
36.0,10.0,28.0,526.780356685791,150.0,20.0,5.0,2.5,LC5,626.8109167266698,1.4201875869075051,LC5,940.2163750900048,0.9803952040526362,LC5,104.85700684363302,2.9452340863305966,LC5,157.28551026544955,1.6301560575537306,7.856276084446085,6.246928617551574,True
36.0,10.0,28.0,526.780356685791,150.0,20.0,5.0,3.0,LC5,750.4295164080394,1.0215089716369108,LC5,1125.6442746120595,0.6541637904583286,LC5,104.85700684363302,2.9452340863305966,LC5,157.28551026544955,1.6301560575537306,7.856276084446085,6.246928617551574,True
36.0,10.0,28.0,526.780356685791,150.0,25.0,5.0,1.0,LC5,297.16131757635094,4.104971307748461,LC5,445.74197636452647,3.177304581422823,LC5,83.88560547490641,3.9315426079132463,LC5,125.82840821235965,2.287695071942163,7.856276084446085,6.246928617551574,True
36.0,10.0,28.0,526.780356685791,150.0,25.0,5.0,1.5,LC5,441.38301720461544,2.4369242604926784,LC5,662.0745258069234,1.8123722140353173,LC5,83.88560547490641,3.9315426079132463,LC5,125.82840821235965,2.287695071942163,7.856276084446085,6.246928617551574,True
36.0,10.0,28.0,526.780356685791,150.0,25.0,5.0,2.0,LC5,585.6047168328801,1.5904845989020981,LC5,878.4070752493202,1.1197461319075832,LC5,83.88560547490641,3.9315426079132463,LC5,125.82840821235965,2.287695071942163,7.856276084446085,6.246928617551574,True
36.0,10.0,28.0,526.780356685791,150.0,25.0,5.0,2.5,LC5,729.8264164611446,1.078576447473334,LC5,1094.739624691717,0.700861061391056,LC5,83.88560547490641,3.9315426079132463,LC5,125.82840821235965,2.287695071942163,7.856276084446085,6.246928617551574,True
36.0,10.0,28.0,526.780356685791,150.0,25.0,5.0,3.0,LC5,874.048116089409,0.735602390846892,LC5,1311.072174134114,0.4202116685374253,LC5,83.88560547490641,3.9315426079132463,LC5,125.82840821235965,2.287695071942163,7.856276084446085,6.246928617551574,True
36.0,10.0,28.0,526.780356685791,150.0,30.0,5.0,1.0,LC5,338.36751747014074,3.4832908647440357,LC5,507.5512762052112,2.6685948539456796,LC5,69.90467122908868,4.917851129495895,LC5,104.85700684363304,2.9452340863305957,7.856276084446085,6.246928617551574,True
36.0,10.0,28.0,526.780356685791,150.0,30.0,5.0,1.5,LC5,503.1923170453003,2.014751912166876,LC5,754.7884755679505,1.4669163087034596,LC5,69.90467122908868,4.917851129495895,LC5,104.85700684363304,2.9452340863305957,7.856276084446085,6.246928617551574,True
36.0,10.0,28.0,526.780356685791,150.0,30.0,5.0,2.0,LC5,668.0171166204597,1.2708998950125676,LC5,1002.0256749306897,0.8582358182875853,LC5,69.90467122908868,4.917851129495895,LC5,104.85700684363304,2.9452340863305957,7.856276084446085,6.246928617551574,True
36.0,10.0,28.0,526.780356685791,150.0,30.0,5.0,2.5,LC5,832.8419161956191,0.8214741243207131,LC5,1249.262874293429,0.4904789362712225,LC5,69.90467122908868,4.917851129495895,LC5,104.85700684363304,2.9452340863305957,7.856276084446085,6.246928617551574,True
36.0,10.0,28.0,526.780356685791,150.0,30.0,5.0,3.0,LC5,997.6667157707788,0.5205478703657003,LC5,1496.5000736561683,0.24423649071453912,LC5,69.90467122908868,4.917851129495895,LC5,104.85700684363304,2.9452340863305957,7.856276084446085,6.246928617551574,True
36.0,10.0,28.0,526.780356685791,180.0,20.0,5.0,1.0,LC5,217.76275468308145,5.966296886755261,LC5,326.644132024622,4.700393233635817,LC5,88.65905249560905,3.666025926800762,LC5,132.98857874341357,2.110683951200508,9.474312276705852,7.570938017678003,True
36.0,10.0,28.0,526.780356685791,180.0,20.0,5.0,1.5,LC5,322.28517286471117,3.7070114536010816,LC5,483.42775929706664,2.8516613168996776,LC5,88.65905249560905,3.666025926800762,LC5,132.98857874341357,2.110683951200508,9.474312276705852,7.570938017678003,True
36.0,10.0,28.0,526.780356685791,180.0,20.0,5.0,2.0,LC5,426.8075910463411,2.5542947965873695,LC5,640.2113865695113,1.9084143754101008,LC5,88.65905249560905,3.666025926800762,LC5,132.98857874341357,2.110683951200508,9.474312276705852,7.570938017678003,True
36.0,10.0,28.0,526.780356685791,180.0,20.0,5.0,2.5,LC5,531.3300092279708,1.8550994177878644,LC5,796.9950138419562,1.3362755947796106,LC5,88.65905249560905,3.666025926800762,LC5,132.98857874341357,2.110683951200508,9.474312276705852,7.570938017678003,True
36.0,10.0,28.0,526.780356685791,180.0,20.0,5.0,3.0,LC5,635.8524274096005,1.3857737025241956,LC5,953.7786411144006,0.9522349523621416,LC5,88.65905249560905,3.666025926800762,LC5,132.98857874341357,2.110683951200508,9.474312276705852,7.570938017678003,True
36.0,10.0,28.0,526.780356685791,180.0,25.0,5.0,1.0,LC5,252.6035607436247,5.005457704294402,LC5,378.905341115437,3.914156117510955,LC5,70.92724199648724,4.832532408500953,LC5,106.39086299473085,2.888354939000635,9.474312276705852,7.570938017678003,True
36.0,10.0,28.0,526.780356685791,180.0,25.0,5.0,1.5,LC5,374.54638195552616,3.0502326896862924,LC5,561.8195729332891,2.3142312758496493,LC5,70.92724199648724,4.832532408500953,LC5,106.39086299473085,2.888354939000635,9.474312276705852,7.570938017678003,True
36.0,10.0,28.0,526.780356685791,180.0,25.0,5.0,2.0,LC5,496.4892031674276,2.0554541575568415,LC5,744.7338047511413,1.5002222111056205,LC5,70.92724199648724,4.832532408500953,LC5,106.39086299473085,2.888354939000635,9.474312276705852,7.570938017678003,True
36.0,10.0,28.0,526.780356685791,180.0,25.0,5.0,2.5,LC5,618.4320243793289,1.4529777569693167,LC5,927.6480365689936,1.0072268000337803,LC5,70.92724199648724,4.832532408500953,LC5,106.39086299473085,2.888354939000635,9.474312276705852,7.570938017678003,True
36.0,10.0,28.0,526.780356685791,180.0,25.0,5.0,3.0,LC5,740.3748455912305,1.0489621021478532,LC5,1110.5622683868455,0.6766281846624056,LC5,70.92724199648724,4.832532408500953,LC5,106.39086299473085,2.888354939000635,9.474312276705852,7.570938017678003,True
36.0,10.0,28.0,526.780356685791,180.0,30.0,5.0,1.0,LC5,287.444366804168,4.2775429794159505,LC5,431.1665502062519,3.3185168216534837,LC5,59.106034997072705,5.999038890201143,LC5,88.65905249560905,3.666025926800762,9.474312276705852,7.570938017678003,True
36.0,10.0,28.0,526.780356685791,180.0,30.0,5.0,1.5,LC5,426.8075910463411,2.5542947965873695,LC5,640.2113865695114,1.9084143754101004,LC5,59.106034997072705,5.999038890201143,LC5,88.65905249560905,3.666025926800762,9.474312276705852,7.570938017678003,True
36.0,10.0,28.0,526.780356685791,180.0,30.0,5.0,2.0,LC5,566.1708152885142,1.6794033868152565,LC5,849.2562229327709,1.1925067485168137,LC5,59.106034997072705,5.999038890201143,LC5,88.65905249560905,3.666025926800762,9.474312276705852,7.570938017678003,True
36.0,10.0,28.0,526.780356685791,180.0,30.0,5.0,2.5,LC5,705.5340395306871,1.1501443091379269,LC5,1058.3010592960304,0.7594237326367044,LC5,59.106034997072705,5.999038890201143,LC5,88.65905249560905,3.666025926800762,9.474312276705852,7.570938017678003,True
36.0,10.0,28.0,526.780356685791,180.0,30.0,5.0,3.0,LC5,844.8972637728602,0.7954845695983055,LC5,1267.3458956592901,0.46921215934609783,LC5,59.106034997072705,5.999038890201143,LC5,88.65905249560905,3.666025926800762,9.474312276705852,7.570938017678003,True
36.0,15.0,33.0,531.780356685791,120.0,20.0,5.0,1.0,LC5,314.449570417713,3.824302981189721,LC5,471.6743556265694,2.947638827060102,LC5,129.66538214708171,2.190407730575698,LC5,194.49807322062253,1.1269384870504657,6.161839086260439,4.860401836351106,True
36.0,15.0,33.0,531.780356685791,120.0,20.0,5.0,1.5,LC5,467.31539646665857,2.2462016262890945,LC5,700.9730946999878,1.656307373390593,LC5,129.66538214708171,2.190407730575698,LC5,194.49807322062253,1.1269384870504657,6.161839086260439,4.860401836351106,True
36.0,15.0,33.0,531.780356685791,120.0,20.0,5.0,2.0,LC5,620.1812225156042,1.4460592241839945,LC5,930.2718337734061,1.0015654912900893,LC5,129.66538214708171,2.190407730575698,LC5,194.49807322062253,1.1269384870504657,6.161839086260439,4.860401836351106,True
36.0,15.0,33.0,531.780356685791,120.0,20.0,5.0,2.5,LC5,773.0470485645498,0.9623643901323684,LC5,1159.5705728468242,0.6057668619760366,LC5,129.66538214708171,2.190407730575698,LC5,194.49807322062253,1.1269384870504657,6.161839086260439,4.860401836351106,True
36.0,15.0,33.0,531.780356685791,120.0,20.0,5.0,3.0,LC5,925.9128746134953,0.6383830936936077,LC5,1388.8693119202428,0.3406588971467801,LC5,129.66538214708171,2.190407730575698,LC5,194.49807322062253,1.1269384870504657,6.161839086260439,4.860401836351106,True
36.0,15.0,33.0,531.780356685791,120.0,25.0,5.0,1.0,LC5,365.40484576736156,3.1515596127748466,LC5,548.1072686510422,2.3971452423584996,LC5,103.73230571766537,2.9880096632196227,LC5,155.59845857649802,1.6586731088130824,6.161839086260439,4.860401836351106,True
36.0,15.0,33.0,531.780356685791,120.0,25.0,5.0,1.5,LC5,543.7483094911314,1.7898937312001748,LC5,815.6224642366969,1.2829189749482426,LC5,103.73230571766537,2.9880096632196227,LC5,155.59845857649802,1.6586731088130824,6.161839086260439,4.860401836351106,True
36.0,15.0,33.0,531.780356685791,120.0,25.0,5.0,2.0,LC5,722.0917732149013,1.10084099593879,LC5,1083.137659822352,0.7190797338774013,LC5,103.73230571766537,2.9880096632196227,LC5,155.59845857649802,1.6586731088130824,6.161839086260439,4.860401836351106,True
36.0,15.0,33.0,531.780356685791,120.0,25.0,5.0,2.5,LC5,900.4352369386711,0.6847408206253076,LC5,1350.6528554080064,0.37859257657847656,LC5,103.73230571766537,2.9880096632196227,LC5,155.59845857649802,1.6586731088130824,6.161839086260439,4.860401836351106,True
36.0,15.0,33.0,531.780356685791,120.0,25.0,5.0,3.0,LC5,1078.778700662441,0.4062198290237491,LC5,1618.1680509936612,0.15068394710710664,LC5,103.73230571766537,2.9880096632196227,LC5,155.59845857649802,1.6586731088130824,6.161839086260439,4.860401836351106,True
36.0,15.0,33.0,531.780356685791,120.0,30.0,5.0,1.0,LC5,416.36012111701007,2.643480542589419,LC5,624.5401816755151,1.9813934389371557,LC5,86.44358809805448,3.7856115958635472,LC5,129.6653821470817,2.190407730575699,6.161839086260439,4.860401836351106,True
36.0,15.0,33.0,531.780356685791,120.0,30.0,5.0,1.5,LC5,620.1812225156042,1.4460592241839945,LC5,930.2718337734061,1.0015654912900893,LC5,86.44358809805448,3.7856115958635472,LC5,129.6653821470817,2.190407730575699,6.161839086260439,4.860401836351106,True
36.0,15.0,33.0,531.780356685791,120.0,30.0,5.0,2.0,LC5,824.0023239141983,0.8410142252923574,LC5,1236.0034858712975,0.5064682432407688,LC5,86.44358809805448,3.7856115958635472,LC5,129.6653821470817,2.190407730575699,6.161839086260439,4.860401836351106,True
36.0,15.0,33.0,531.780356685791,120.0,30.0,5.0,2.5,LC5,1027.8234253127926,0.4759344481162595,LC5,1541.7351379691884,0.20773014387715927,LC5,86.44358809805448,3.7856115958635472,LC5,129.6653821470817,2.190407730575699,6.161839086260439,4.860401836351106,True
36.0,15.0,33.0,531.780356685791,120.0,30.0,5.0,3.0,LC5,1231.6445267113863,0.2316865516794373,LC5,1847.4667900670795,0.007866560855685378,LC5,86.44358809805448,3.7856115958635472,LC5,129.6653821470817,2.190407730575699,6.161839086260439,4.860401836351106,True
36.0,15.0,33.0,531.780356685791,150.0,20.0,5.0,1.0,LC5,256.9195001919492,4.904573217940334,LC5,385.3792502879238,3.83160418888372,LC5,105.26601593954352,2.929904954583727,LC5,157.89902390931528,1.6199366363891512,7.821865192743736,6.218770814717134,True
36.0,15.0,33.0,531.780356685791,150.0,20.0,5.0,1.5,LC5,381.0202911280129,2.981415256150564,LC5,571.5304366920193,2.2579192295989237,LC5,105.26601593954352,2.929904954583727,LC5,157.89902390931528,1.6199366363891512,7.821865192743736,6.218770814717134,True
36.0,15.0,33.0,531.780356685791,150.0,20.0,5.0,2.0,LC5,505.1210820640766,2.003240319729048,LC5,757.6816230961149,1.4574965833159688,LC5,105.26601593954352,2.929904954583727,LC5,157.89902390931528,1.6199366363891512,7.821865192743736,6.218770814717134,True
36.0,15.0,33.0,531.780356685791,150.0,20.0,5.0,2.5,LC5,629.2218730001404,1.4109142817412224,LC5,943.8328095002104,0.972807028170581,LC5,105.26601593954352,2.929904954583727,LC5,157.89902390931528,1.6199366363891512,7.821865192743736,6.218770814717134,True
36.0,15.0,33.0,531.780356685791,150.0,20.0,5.0,3.0,LC5,753.322663936204,1.0137453346664067,LC5,1129.9839959043059,0.6478109484284111,LC5,105.26601593954352,2.929904954583727,LC5,157.89902390931528,1.6199366363891512,7.821865192743736,6.218770814717134,True
36.0,15.0,33.0,531.780356685791,150.0,25.0,5.0,1.0,LC5,298.2864305039705,4.085715757961062,LC5,447.4296457559557,3.1615481174790157,LC5,84.21281275163483,3.912381193229658,LC5,126.31921912745221,2.274920795486439,7.821865192743736,6.218770814717134,True
36.0,15.0,33.0,531.780356685791,150.0,25.0,5.0,1.5,LC5,443.0706865960449,2.4238329140087638,LC5,664.6060298940672,1.801659804827211,LC5,84.21281275163483,3.912381193229658,LC5,126.31921912745221,2.274920795486439,7.821865192743736,6.218770814717134,True
36.0,15.0,33.0,531.780356685791,150.0,25.0,5.0,2.0,LC5,587.8549426881192,1.5805685890181072,LC5,881.7824140321786,1.1116320425188824,LC5,84.21281275163483,3.912381193229658,LC5,126.31921912745221,2.274920795486439,7.821865192743736,6.218770814717134,True
36.0,15.0,33.0,531.780356685791,150.0,25.0,5.0,2.5,LC5,732.6391987801936,1.070596280578116,LC5,1098.9587981702903,0.694331036887037,LC5,84.21281275163483,3.912381193229658,LC5,126.31921912745221,2.274920795486439,7.821865192743736,6.218770814717134,True
36.0,15.0,33.0,531.780356685791,150.0,25.0,5.0,3.0,LC5,877.4234548722679,0.7289257445492374,LC5,1316.1351823084017,0.4147482910791829,LC5,84.21281275163483,3.912381193229658,LC5,126.31921912745221,2.274920795486439,7.821865192743736,6.218770814717134,True
36.0,15.0,33.0,531.780356685791,150.0,30.0,5.0,1.0,LC5,339.65336081599173,3.466318237969208,LC5,509.48004122398754,2.6547064641171905,LC5,70.17734395969569,4.8948574318755895,LC5,105.26601593954352,2.929904954583727,7.821865192743736,6.218770814717134,True
36.0,15.0,33.0,531.780356685791,150.0,30.0,5.0,1.5,LC5,505.12108206407675,2.003240319729047,LC5,757.6816230961149,1.4574965833159688,LC5,70.17734395969569,4.8948574318755895,LC5,105.26601593954352,2.929904954583727,7.821865192743736,6.218770814717134,True
36.0,15.0,33.0,531.780356685791,150.0,30.0,5.0,2.0,LC5,670.5888033121616,1.2621910662797493,LC5,1005.8832049682422,0.8511095431390439,LC5,70.17734395969569,4.8948574318755895,LC5,105.26601593954352,2.929904954583727,7.821865192743736,6.218770814717134,True
36.0,15.0,33.0,531.780356685791,150.0,30.0,5.0,2.5,LC5,836.0565245602464,0.8144706194332014,LC5,1254.0847868403696,0.4847480964116113,LC5,70.17734395969569,4.8948574318755895,LC5,105.26601593954352,2.929904954583727,7.821865192743736,6.218770814717134,True
36.0,15.0,33.0,531.780356685791,150.0,30.0,5.0,3.0,LC5,1001.5242458083316,0.5146912382292126,LC5,1502.286368712497,0.2394441158351106,LC5,70.17734395969569,4.8948574318755895,LC5,105.26601593954352,2.929904954583727,7.821865192743736,6.218770814717134,True
36.0,15.0,33.0,531.780356685791,180.0,20.0,5.0,1.0,LC5,218.56650878507614,5.940679102358347,LC5,327.84976317761414,4.67943066956328,LC5,88.99993667319517,3.6481542914928236,LC5,133.4999050097927,2.098769527661883,9.434193963595858,7.5381099363724395,True
36.0,15.0,33.0,531.780356685791,180.0,20.0,5.0,1.5,LC5,323.4908040177033,3.6894686994471133,LC5,485.23620602655495,2.8373064022722585,LC5,88.99993667319517,3.6481542914928236,LC5,133.4999050097927,2.098769527661883,9.434193963595858,7.5381099363724395,True
36.0,15.0,33.0,531.780356685791,180.0,20.0,5.0,2.0,LC5,428.41509925033046,2.5409582964152024,LC5,642.6226488754955,1.8975013614261078,LC5,88.99993667319517,3.6481542914928236,LC5,133.4999050097927,2.098769527661883,9.434193963595858,7.5381099363724395,True
36.0,15.0,33.0,531.780356685791,180.0,20.0,5.0,2.5,LC5,533.3393944829577,1.8443426750252443,LC5,800.0090917244363,1.3274735490648237,LC5,88.99993667319517,3.6481542914928236,LC5,133.4999050097927,2.098769527661883,9.434193963595858,7.5381099363724395,True
36.0,15.0,33.0,531.780356685791,180.0,20.0,5.0,3.0,LC5,638.2636897155847,1.3767606154691125,LC5,957.3955345733772,0.9448597081975336,LC5,88.99993667319517,3.6481542914928236,LC5,133.4999050097927,2.098769527661883,9.434193963595858,7.5381099363724395,True
36.0,15.0,33.0,531.780356685791,180.0,25.0,5.0,1.0,LC5,253.54127386261854,4.9832467388405846,LC5,380.3119107939278,3.8959812910222675,LC5,71.19994933855614,4.810192864366029,LC5,106.79992400783418,2.8734619095773537,9.434193963595858,7.5381099363724395,True
36.0,15.0,33.0,531.780356685791,180.0,25.0,5.0,1.5,LC5,375.9529516340169,3.03507937205071,LC5,563.9294274510254,2.30183159338977,LC5,71.19994933855614,4.810192864366029,LC5,106.79992400783418,2.8734619095773537,9.434193963595858,7.5381099363724395,True
36.0,15.0,33.0,531.780356685791,180.0,25.0,5.0,2.0,LC5,498.36462940541526,2.0439559922418447,LC5,747.5469441081228,1.4908134728869764,LC5,71.19994933855614,4.810192864366029,LC5,106.79992400783418,2.8734619095773537,9.434193963595858,7.5381099363724395,True
36.0,15.0,33.0,531.780356685791,180.0,25.0,5.0,2.5,LC5,620.7763071768136,1.4437143983459375,LC5,931.1644607652205,0.9996467632257242,LC5,71.19994933855614,4.810192864366029,LC5,106.79992400783418,2.8734619095773537,9.434193963595858,7.5381099363724395,True
36.0,15.0,33.0,531.780356685791,180.0,25.0,5.0,3.0,LC5,743.187984948212,1.0412063040896844,LC5,1114.781977422318,0.6702817570709703,LC5,71.19994933855614,4.810192864366029,LC5,106.79992400783418,2.8734619095773537,9.434193963595858,7.5381099363724395,True
36.0,15.0,33.0,531.780356685791,180.0,30.0,5.0,1.0,LC5,288.5160389401609,4.25793992449283,LC5,432.77405841024137,3.302476000617732,LC5,59.333291115463446,5.972231437239235,LC5,88.99993667319515,3.6481542914928244,9.434193963595858,7.5381099363724395,True
36.0,15.0,33.0,531.780356685791,180.0,30.0,5.0,1.5,LC5,428.41509925033046,2.5409582964152024,LC5,642.6226488754955,1.8975013614261078,LC5,59.333291115463446,5.972231437239235,LC5,88.99993667319515,3.6481542914928244,9.434193963595858,7.5381099363724395,True
36.0,15.0,33.0,531.780356685791,180.0,30.0,5.0,2.0,LC5,568.3141595605,1.6692982648420314,LC5,852.47123934075,1.1842379121669357,LC5,59.333291115463446,5.972231437239235,LC5,88.99993667319515,3.6481542914928244,9.434193963595858,7.5381099363724395,True
36.0,15.0,33.0,531.780356685791,180.0,30.0,5.0,2.5,LC5,708.2132198706695,1.1420102836784483,LC5,1062.3198298060045,0.7527678084857261,LC5,59.333291115463446,5.972231437239235,LC5,88.99993667319515,3.6481542914928244,9.434193963595858,7.5381099363724395,True
36.0,15.0,33.0,531.780356685791,180.0,30.0,5.0,3.0,LC5,848.1122801808391,0.7886782628315876,LC5,1272.1684202712584,0.46364268309928236,LC5,59.333291115463446,5.972231437239235,LC5,88.99993667319515,3.6481542914928244,9.434193963595858,7.5381099363724395,True
36.0,20.0,38.0,536.780356685791,120.0,20.0,5.0,1.0,LC5,315.65493201107523,3.8058808723025868,LC5,473.4823980166128,2.9325643525499525,LC5,130.17659408917626,2.1778787921483818,LC5,195.26489113376434,1.1185858614322552,6.133714078889701,4.837387657610471,True
36.0,20.0,38.0,536.780356685791,120.0,20.0,5.0,1.5,LC5,469.123438856702,2.2336904838885725,LC5,703.6851582850529,1.6460697345640622,LC5,130.17659408917626,2.1778787921483818,LC5,195.26489113376434,1.1185858614322552,6.133714078889701,4.837387657610471,True
36.0,20.0,38.0,536.780356685791,120.0,20.0,5.0,2.0,LC5,622.5919457023286,1.4365878975332946,LC5,933.8879185534929,0.9938152780518543,LC5,130.17659408917626,2.1778787921483818,LC5,195.26489113376434,1.1185858614322552,6.133714078889701,4.837387657610471,True
36.0,20.0,38.0,536.780356685791,120.0,20.0,5.0,2.5,LC5,776.0604525479553,0.954744627199335,LC5,1164.0906788219331,0.5995317494375569,LC5,130.17659408917626,2.1778787921483818,LC5,195.26489113376434,1.1185858614322552,6.133714078889701,4.837387657610471,True
36.0,20.0,38.0,536.780356685791,120.0,20.0,5.0,3.0,LC5,929.5289593935822,0.6320094007503323,LC5,1394.293439090373,0.33544342087326706,LC5,130.17659408917626,2.1778787921483818,LC5,195.26489113376434,1.1185858614322552,6.133714078889701,4.837387657610471,True
36.0,20.0,38.0,536.780356685791,120.0,25.0,5.0,1.0,LC5,366.81110095961753,3.135643648819144,LC5,550.2166514394262,2.3841215003740923,LC5,104.141275271341,2.9723484901854773,LC5,156.21191290701148,1.6482323267903185,6.133714078889701,4.837387657610471,True
36.0,20.0,38.0,536.780356685791,120.0,25.0,5.0,1.5,LC5,545.8576922795155,1.7791126175486687,LC5,818.786538419273,1.274096986981157,LC5,104.141275271341,2.9723484901854773,LC5,156.21191290701148,1.6482323267903185,6.133714078889701,4.837387657610471,True
36.0,20.0,38.0,536.780356685791,120.0,25.0,5.0,2.0,LC5,724.9042835994132,1.0926900755332052,LC5,1087.3564253991196,0.7124099849012651,LC5,104.141275271341,2.9723484901854773,LC5,156.21191290701148,1.6482323267903185,6.133714078889701,4.837387657610471,True
36.0,20.0,38.0,536.780356685791,120.0,25.0,5.0,2.5,LC5,903.9508749193112,0.6781885410923585,LC5,1355.9263123789665,0.3732309661674236,LC5,104.141275271341,2.9723484901854773,LC5,156.21191290701148,1.6482323267903185,6.133714078889701,4.837387657610471,True
36.0,20.0,38.0,536.780356685791,120.0,25.0,5.0,3.0,LC5,1082.9974662392092,0.400741965969595,LC5,1624.4961993588133,0.14620151203488763,LC5,104.141275271341,2.9723484901854773,LC5,156.21191290701148,1.6482323267903185,6.133714078889701,4.837387657610471,True
36.0,20.0,38.0,536.780356685791,120.0,30.0,5.0,1.0,LC5,417.9672699081598,2.629470796441385,LC5,626.9509048622396,1.969929520093984,LC5,86.78439605945083,3.7668181882225733,LC5,130.17659408917623,2.177878792148382,6.133714078889701,4.837387657610471,True
36.0,20.0,38.0,536.780356685791,120.0,30.0,5.0,1.5,LC5,622.5919457023286,1.4365878975332946,LC5,933.8879185534931,0.9938152780518539,LC5,86.78439605945083,3.7668181882225733,LC5,130.17659408917623,2.177878792148382,6.133714078889701,4.837387657610471,True
36.0,20.0,38.0,536.780356685791,120.0,30.0,5.0,2.0,LC5,827.2166214964977,0.8338606364746779,LC5,1240.8249322447464,0.5006145924481875,LC5,86.78439605945083,3.7668181882225733,LC5,130.17659408917623,2.177878792148382,6.133714078889701,4.837387657610471,True
36.0,20.0,38.0,536.780356685791,120.0,30.0,5.0,2.5,LC5,1031.8412972906667,0.4701873282095099,LC5,1547.7619459359996,0.2030273808508496,LC5,86.78439605945083,3.7668181882225733,LC5,130.17659408917623,2.177878792148382,6.133714078889701,4.837387657610471,True
36.0,20.0,38.0,536.780356685791,120.0,30.0,5.0,3.0,LC5,1236.4659730848355,0.22688374206955775,LC5,1854.6989596272535,0.0039365096609607075,LC5,86.78439605945083,3.7668181882225733,LC5,130.17659408917623,2.177878792148382,6.133714078889701,4.837387657610471,True
36.0,20.0,38.0,536.780356685791,150.0,20.0,5.0,1.0,LC5,257.88391586759997,4.882491720727717,LC5,386.82587380139995,3.813535303887062,LC5,105.67503910176373,2.914693962797854,LC5,158.5125586526456,1.6097959751985695,7.787719502063256,6.190830021024735,True
36.0,20.0,38.0,536.780356685791,150.0,20.0,5.0,1.5,LC5,382.46691464148904,2.9663561524582645,LC5,573.7003719622335,2.2455966406843726,LC5,105.67503910176373,2.914693962797854,LC5,158.5125586526456,1.6097959751985695,7.787719502063256,6.190830021024735,True
36.0,20.0,38.0,536.780356685791,150.0,20.0,5.0,2.0,LC5,507.0499134153781,1.9918159137072275,LC5,760.5748701230672,1.4481482009768656,LC5,105.67503910176373,2.914693962797854,LC5,158.5125586526456,1.6097959751985695,7.787719502063256,6.190830021024735,True
36.0,20.0,38.0,536.780356685791,150.0,20.0,5.0,2.5,LC5,631.6329121892671,1.4017114541134532,LC5,947.4493682839008,0.9652765227682927,LC5,105.67503910176373,2.914693962797854,LC5,158.5125586526456,1.6097959751985695,7.787719502063256,6.190830021024735,True
36.0,20.0,38.0,536.780356685791,150.0,20.0,5.0,3.0,LC5,756.2159109631563,1.0060408383471717,LC5,1134.323866444734,0.6415065001109359,LC5,105.67503910176373,2.914693962797854,LC5,158.5125586526456,1.6097959751985695,7.787719502063256,6.190830021024735,True
36.0,20.0,38.0,536.780356685791,150.0,25.0,5.0,1.0,LC5,299.41158212556303,4.066604268380713,LC5,449.1173731883446,3.1459095353658038,LC5,84.54003128141099,3.8933674534973175,LC5,126.81004692211648,2.2622449689982114,7.787719502063256,6.190830021024735,True
36.0,20.0,38.0,536.780356685791,150.0,25.0,5.0,1.5,LC5,444.75841402843355,2.410840474629037,LC5,667.1376210426505,1.7910283294920961,LC5,84.54003128141099,3.8933674534973175,LC5,126.81004692211648,2.2622449689982114,7.787719502063256,6.190830021024735,True
36.0,20.0,38.0,536.780356685791,150.0,25.0,5.0,2.0,LC5,590.1052459313042,1.570727866697525,LC5,885.1578688969564,1.1035795595652784,LC5,84.54003128141099,3.8933674534973175,LC5,126.81004692211648,2.2622449689982114,7.787719502063256,6.190830021024735,True
36.0,20.0,38.0,536.780356685791,150.0,25.0,5.0,2.5,LC5,735.4520778341747,1.062676883675953,LC5,1103.1781167512625,0.68785073935602,LC5,84.54003128141099,3.8933674534973175,LC5,126.81004692211648,2.2622449689982114,7.787719502063256,6.190830021024735,True
36.0,20.0,38.0,536.780356685791,150.0,25.0,5.0,3.0,LC5,880.7989097370453,0.7223000428700428,LC5,1321.1983646055683,0.40932660066975113,LC5,84.54003128141099,3.8933674534973175,LC5,126.81004692211648,2.2622449689982114,7.787719502063256,6.190830021024735,True
36.0,20.0,38.0,536.780356685791,150.0,30.0,5.0,1.0,LC5,340.939248383526,3.4494730577147035,LC5,511.4088725752891,2.64092236144354,LC5,70.45002606784249,4.872040944196781,LC5,105.67503910176374,2.9146939627978536,7.787719502063256,6.190830021024735,True
36.0,20.0,38.0,536.780356685791,150.0,30.0,5.0,1.5,LC5,507.0499134153781,1.9918159137072275,LC5,760.5748701230673,1.4481482009768651,LC5,70.45002606784249,4.872040944196781,LC5,105.67503910176374,2.9146939627978536,7.787719502063256,6.190830021024735,True
36.0,20.0,38.0,536.780356685791,150.0,30.0,5.0,2.0,LC5,673.1605784472301,1.253548482442692,LC5,1009.7408676708454,0.8440374749761772,LC5,70.45002606784249,4.872040944196781,LC5,105.67503910176374,2.9146939627978536,7.787719502063256,6.190830021024735,True
36.0,20.0,38.0,536.780356685791,150.0,30.0,5.0,2.5,LC5,839.2712434790823,0.8075205266315182,LC5,1258.9068652186234,0.47906096268419573,LC5,70.45002606784249,4.872040944196781,LC5,105.67503910176374,2.9146939627978536,7.787719502063256,6.190830021024735,True
36.0,20.0,38.0,536.780356685791,150.0,30.0,5.0,3.0,LC5,1005.3819085109344,0.5088793493875579,LC5,1508.0728627664018,0.23468835357487694,LC5,70.45002606784249,4.872040944196781,LC5,105.67503910176374,2.9146939627978536,7.787719502063256,6.190830021024735,True
36.0,20.0,38.0,536.780356685791,180.0,20.0,5.0,1.0,LC5,219.37028935176212,5.915248206503834,LC5,329.0554340276431,4.658621032964246,LC5,89.340832074854,3.630418454615424,LC5,134.011248112281,2.0869456364102827,9.394380491305537,7.50553130072991,True
36.0,20.0,38.0,536.780356685791,180.0,20.0,5.0,1.5,LC5,324.6964748677322,3.672055650182105,LC5,487.0447123015982,2.823057622781402,LC5,89.340832074854,3.630418454615424,LC5,134.011248112281,2.0869456364102827,9.394380491305537,7.50553130072991,True
36.0,20.0,38.0,536.780356685791,180.0,20.0,5.0,2.0,LC5,430.0226603837024,2.5277210708998568,LC5,645.0339905755535,1.8866695820767014,LC5,89.340832074854,3.630418454615424,LC5,134.011248112281,2.0869456364102827,9.394380491305537,7.50553130072991,True
36.0,20.0,38.0,536.780356685791,180.0,20.0,5.0,2.5,LC5,535.3488458996725,1.8336663310642396,LC5,803.0232688495087,1.3187372922178047,LC5,89.340832074854,3.630418454615424,LC5,134.011248112281,2.0869456364102827,9.394380491305537,7.50553130072991,True
36.0,20.0,38.0,536.780356685791,180.0,20.0,5.0,3.0,LC5,640.6750314156426,1.3678150788052723,LC5,961.0125471234637,0.93753973928166,LC5,89.340832074854,3.630418454615424,LC5,134.011248112281,2.0869456364102827,9.394380491305537,7.50553130072991,True
36.0,20.0,38.0,536.780356685791,180.0,25.0,5.0,1.0,LC5,254.4790178570855,4.961198737618289,LC5,381.7185267856283,3.8779398151813895,LC5,71.4726656598832,4.788023068269281,LC5,107.2089984898248,2.8586820455128543,9.394380491305537,7.50553130072991,True
36.0,20.0,38.0,536.780356685791,180.0,25.0,5.0,1.5,LC5,377.3595676257173,3.0200385259732725,LC5,566.0393514385761,2.289523944347278,LC5,71.4726656598832,4.788023068269281,LC5,107.2089984898248,2.8586820455128543,9.394380491305537,7.50553130072991,True
36.0,20.0,38.0,536.780356685791,180.0,25.0,5.0,2.0,LC5,500.24011739434917,2.032543667032844,LC5,750.3601760915237,1.4814749760558805,LC5,71.4726656598832,4.788023068269281,LC5,107.2089984898248,2.8586820455128543,9.394380491305537,7.50553130072991,True
36.0,20.0,38.0,536.780356685791,180.0,25.0,5.0,2.5,LC5,623.120667162981,1.4345204387246224,LC5,934.6810007444715,0.9921235143508009,LC5,71.4726656598832,4.788023068269281,LC5,107.2089984898248,2.8586820455128543,9.394380491305537,7.50553130072991,True
36.0,20.0,38.0,536.780356685791,180.0,25.0,5.0,3.0,LC5,746.0012169316128,1.0335087471299205,LC5,1119.0018253974195,0.6639829871043337,LC5,71.4726656598832,4.788023068269281,LC5,107.2089984898248,2.8586820455128543,9.394380491305537,7.50553130072991,True
36.0,20.0,38.0,536.780356685791,180.0,30.0,5.0,1.0,LC5,289.5877463624089,4.238481320620272,LC5,434.38161954361334,3.2865533812326726,LC5,59.560554716569335,5.945627681923137,LC5,89.340832074854,3.630418454615424,9.394380491305537,7.50553130072991,True
36.0,20.0,38.0,536.780356685791,180.0,30.0,5.0,1.5,LC5,430.0226603837024,2.5277210708998568,LC5,645.0339905755535,1.8866695820767014,LC5,59.560554716569335,5.945627681923137,LC5,89.340832074854,3.630418454615424,9.394380491305537,7.50553130072991,True
36.0,20.0,38.0,536.780356685791,180.0,30.0,5.0,2.0,LC5,570.457574404996,1.6592687485695596,LC5,855.6863616074938,1.176030942578124,LC5,59.560554716569335,5.945627681923137,LC5,89.340832074854,3.630418454615424,9.394380491305537,7.50553130072991,True
36.0,20.0,38.0,536.780356685791,180.0,30.0,5.0,2.5,LC5,710.8924884262894,1.1339373037380094,LC5,1066.338732639434,0.7461618367656222,LC5,59.560554716569335,5.945627681923137,LC5,89.340832074854,3.630418454615424,9.394380491305537,7.50553130072991,True
36.0,20.0,38.0,536.780356685791,180.0,30.0,5.0,3.0,LC5,851.3274024475829,0.7819231421878297,LC5,1276.9911036713743,0.45811509151999075,LC5,59.560554716569335,5.945627681923137,LC5,89.340832074854,3.630418454615424,9.394380491305537,7.50553130072991,True
38.0,5.0,24.0,522.780356685791,120.0,20.0,5.0,1.0,LC5,265.934062558676,4.704421560007145,LC5,398.9010938380139,3.667823750706792,LC5,121.96918146490773,2.3917210283904775,LC5,182.95377219736162,1.261147352260318,7.036733918267139,5.576312263596314,True
38.0,5.0,24.0,522.780356685791,120.0,20.0,5.0,1.5,LC5,394.98889780529606,2.840614276575902,LC5,592.4833467079442,2.1427043651875755,LC5,121.96918146490773,2.3917210283904775,LC5,182.95377219736162,1.261147352260318,7.036733918267139,5.576312263596314,True
38.0,5.0,24.0,522.780356685791,120.0,20.0,5.0,2.0,LC5,524.0437330519162,1.894796568151523,LC5,786.0655995778743,1.368759046318671,LC5,121.96918146490773,2.3917210283904775,LC5,182.95377219736162,1.261147352260318,7.036733918267139,5.576312263596314,True
38.0,5.0,24.0,522.780356685791,120.0,20.0,5.0,2.5,LC5,653.0985682985363,1.322773427527356,LC5,979.6478524478046,0.9006829804684404,LC5,121.96918146490773,2.3917210283904775,LC5,182.95377219736162,1.261147352260318,7.036733918267139,5.576312263596314,True
38.0,5.0,24.0,522.780356685791,120.0,20.0,5.0,3.0,LC5,782.1534035451565,0.9395172265748739,LC5,1173.230105317735,0.5870714462238691,LC5,121.96918146490773,2.3917210283904775,LC5,182.95377219736162,1.261147352260318,7.036733918267139,5.576312263596314,True
38.0,5.0,24.0,522.780356685791,120.0,25.0,5.0,1.0,LC5,308.95234097421604,3.9101424356146985,LC5,463.4285114613241,3.0178796814390543,LC5,97.57534517192619,3.2396512854880966,LC5,146.36301775788928,1.826434190325398,7.036733918267139,5.576312263596314,True
38.0,5.0,24.0,522.780356685791,120.0,25.0,5.0,1.5,LC5,459.5163154286063,2.301297362173187,LC5,689.2744731429093,1.7013912056104044,LC5,97.57534517192619,3.2396512854880966,LC5,146.36301775788928,1.826434190325398,7.036733918267139,5.576312263596314,True
38.0,5.0,24.0,522.780356685791,120.0,25.0,5.0,2.0,LC5,610.0802898829965,1.4865579582827304,LC5,915.1204348244947,1.0347048641276397,LC5,97.57534517192619,3.2396512854880966,LC5,146.36301775788928,1.826434190325398,7.036733918267139,5.576312263596314,True
38.0,5.0,24.0,522.780356685791,120.0,25.0,5.0,2.5,LC5,760.6442643373866,0.9943619785544442,LC5,1140.96639650608,0.6319499029085365,LC5,97.57534517192619,3.2396512854880966,LC5,146.36301775788928,1.826434190325398,7.036733918267139,5.576312263596314,True
38.0,5.0,24.0,522.780356685791,120.0,25.0,5.0,3.0,LC5,911.2082387917769,0.6648225240055741,LC5,1366.8123581876653,0.3622937990324673,LC5,97.57534517192619,3.2396512854880966,LC5,146.36301775788928,1.826434190325398,7.036733918267139,5.576312263596314,True
38.0,5.0,24.0,522.780356685791,120.0,30.0,5.0,1.0,LC5,351.9706193897561,3.3100188380216586,LC5,527.9559290846341,2.5268095259926735,LC5,81.31278764327182,4.087581542585717,LC5,121.96918146490773,2.3917210283904775,7.036733918267139,5.576312263596314,True
38.0,5.0,24.0,522.780356685791,120.0,30.0,5.0,1.5,LC5,524.0437330519163,1.8947965681515226,LC5,786.0655995778744,1.368759046318671,LC5,81.31278764327182,4.087581542585717,LC5,121.96918146490773,2.3917210283904775,7.036733918267139,5.576312263596314,True
38.0,5.0,24.0,522.780356685791,120.0,30.0,5.0,2.0,LC5,696.1168467140765,1.1792318447122625,LC5,1044.1752700711147,0.7832255305885443,LC5,81.31278764327182,4.087581542585717,LC5,121.96918146490773,2.3917210283904775,7.036733918267139,5.576312263596314,True
38.0,5.0,24.0,522.780356685791,120.0,30.0,5.0,2.5,LC5,868.189960376237,0.7473134558508325,LC5,1302.2849405643553,0.42979461867468705,LC5,81.31278764327182,4.087581542585717,LC5,121.96918146490773,2.3917210283904775,7.036733918267139,5.576312263596314,True
38.0,5.0,24.0,522.780356685791,120.0,30.0,5.0,3.0,LC5,1040.263074038397,0.45828496450505196,LC5,1560.3946110575955,0.1932878944884231,LC5,81.31278764327182,4.087581542585717,LC5,121.96918146490773,2.3917210283904775,7.036733918267139,5.576312263596314,True
38.0,5.0,24.0,522.780356685791,150.0,20.0,5.0,1.0,LC5,217.38672833019132,5.978346891976821,LC5,326.0800924952869,4.710253532349304,LC5,99.0282408684699,3.1774491191816887,LC5,148.54236130270485,1.7849660794544588,8.898528430533853,7.099784635312693,True
38.0,5.0,24.0,522.780356685791,150.0,20.0,5.0,1.5,LC5,322.1678964625691,3.708724912248517,LC5,483.2518446938537,2.853063408748292,LC5,99.0282408684699,3.1774491191816887,LC5,148.54236130270485,1.7849660794544588,8.898528430533853,7.099784635312693,True
38.0,5.0,24.0,522.780356685791,150.0,20.0,5.0,2.0,LC5,426.94906459494695,2.5531170479064076,LC5,640.4235968924204,1.9074506452215916,LC5,99.0282408684699,3.1774491191816887,LC5,148.54236130270485,1.7849660794544588,8.898528430533853,7.099784635312693,True
38.0,5.0,24.0,522.780356685791,150.0,20.0,5.0,2.5,LC5,531.7302327273247,1.8529504373281123,LC5,797.595349090987,1.3345171234036237,LC5,99.0282408684699,3.1774491191816887,LC5,148.54236130270485,1.7849660794544588,8.898528430533853,7.099784635312693,True
38.0,5.0,24.0,522.780356685791,150.0,20.0,5.0,3.0,LC5,636.5114008597026,1.3833037365097742,LC5,954.7671012895539,0.9502138243819818,LC5,99.0282408684699,3.1774491191816887,LC5,148.54236130270485,1.7849660794544588,8.898528430533853,7.099784635312693,True
38.0,5.0,24.0,522.780356685791,150.0,25.0,5.0,1.0,LC5,252.3137843743173,5.012354829371794,LC5,378.4706765614759,3.919799908719086,LC5,79.22259269477591,4.221811398977111,LC5,118.83388904216388,2.4812075993180733,8.898528430533853,7.099784635312693,True
38.0,5.0,24.0,522.780356685791,150.0,25.0,5.0,1.5,LC5,374.558480528758,3.050101863555395,LC5,561.8377207931371,2.3141242232213335,LC5,79.22259269477591,4.221811398977111,LC5,118.83388904216388,2.4812075993180733,8.898528430533853,7.099784635312693,True
38.0,5.0,24.0,522.780356685791,150.0,25.0,5.0,2.0,LC5,496.80317668319884,2.05352314799581,LC5,745.2047650247982,1.4986421013263893,LC5,79.22259269477591,4.221811398977111,LC5,118.83388904216388,2.4812075993180733,8.898528430533853,7.099784635312693,True
38.0,5.0,24.0,522.780356685791,150.0,25.0,5.0,2.5,LC5,619.0478728376397,1.4505374568953084,LC5,928.5718092564596,1.0052299471496657,LC5,79.22259269477591,4.221811398977111,LC5,118.83388904216388,2.4812075993180733,8.898528430533853,7.099784635312693,True
38.0,5.0,24.0,522.780356685791,150.0,25.0,5.0,3.0,LC5,741.2925689920804,1.0464254782192572,LC5,1111.9388534881207,0.674552511731161,LC5,79.22259269477591,4.221811398977111,LC5,118.83388904216388,2.4812075993180733,8.898528430533853,7.099784635312693,True
38.0,5.0,24.0,522.780356685791,150.0,30.0,5.0,1.0,LC5,287.24084041844316,4.281282417187206,LC5,430.86126062766476,3.3215767351362677,LC5,66.01882724564659,5.266173678772533,LC5,99.0282408684699,3.1774491191816887,8.898528430533853,7.099784635312693,True
38.0,5.0,24.0,522.780356685791,150.0,30.0,5.0,1.5,LC5,426.94906459494695,2.5531170479064076,LC5,640.4235968924204,1.9074506452215916,LC5,66.01882724564659,5.266173678772533,LC5,99.0282408684699,3.1774491191816887,8.898528430533853,7.099784635312693,True
38.0,5.0,24.0,522.780356685791,150.0,30.0,5.0,2.0,LC5,566.6572887714507,1.6771031275163746,LC5,849.985933157176,1.190624488435724,LC5,66.01882724564659,5.266173678772533,LC5,99.0282408684699,3.1774491191816887,8.898528430533853,7.099784635312693,True
38.0,5.0,24.0,522.780356685791,150.0,30.0,5.0,2.5,LC5,706.3655129479546,1.1476133420910277,LC5,1059.5482694219315,0.7573526886282116,LC5,66.01882724564659,5.266173678772533,LC5,99.0282408684699,3.1774491191816887,8.898528430533853,7.099784635312693,True
38.0,5.0,24.0,522.780356685791,150.0,30.0,5.0,3.0,LC5,846.0737371244581,0.7929879317088979,LC5,1269.1106056866874,0.46716920625882974,LC5,66.01882724564659,5.266173678772533,LC5,99.0282408684699,3.1774491191816887,8.898528430533853,7.099784635312693,True
38.0,5.0,24.0,522.780356685791,180.0,20.0,5.0,1.0,LC5,185.0221764157207,7.199017163172369,LC5,277.533264623581,5.709105672523382,LC5,83.73443998939791,3.9404455041734403,LC5,125.60165998409688,2.2936303361156263,10.706459824492963,8.579181803210677,True
38.0,5.0,24.0,522.780356685791,180.0,20.0,5.0,1.5,LC5,273.62106859086316,4.544163714484727,LC5,410.4316028862948,3.536687689022439,LC5,83.73443998939791,3.9404455041734403,LC5,125.60165998409688,2.2936303361156263,10.706459824492963,8.579181803210677,True
38.0,5.0,24.0,522.780356685791,180.0,20.0,5.0,2.0,LC5,362.21996076600567,3.1880629570825416,LC5,543.3299411490085,2.4270152608603355,LC5,83.73443998939791,3.9404455041734403,LC5,125.60165998409688,2.2936303361156263,10.706459824492963,8.579181803210677,True
38.0,5.0,24.0,522.780356685791,180.0,20.0,5.0,2.5,LC5,450.8188529411483,2.364987932742989,LC5,676.2282794117222,1.7535080337365185,LC5,83.73443998939791,3.9404455041734403,LC5,125.60165998409688,2.2936303361156263,10.706459824492963,8.579181803210677,True
38.0,5.0,24.0,522.780356685791,180.0,20.0,5.0,3.0,LC5,539.4177451162907,1.8122916120843535,LC5,809.1266176744361,1.3012467509123558,LC5,83.73443998939791,3.9404455041734403,LC5,125.60165998409688,2.2936303361156263,10.706459824492963,8.579181803210677,True
38.0,5.0,24.0,522.780356685791,180.0,25.0,5.0,1.0,LC5,214.55514047410153,6.070443507659112,LC5,321.83271071115223,4.785614507256106,LC5,66.98755199151833,5.1755568802168,LC5,100.48132798727751,3.117037920144533,10.706459824492963,8.579181803210677,True
38.0,5.0,24.0,522.780356685791,180.0,25.0,5.0,1.5,LC5,317.9205146784344,3.7716329395553254,LC5,476.8807720176517,2.9045398960457107,LC5,66.98755199151833,5.1755568802168,LC5,100.48132798727751,3.117037920144533,10.706459824492963,8.579181803210677,True
38.0,5.0,24.0,522.780356685791,180.0,25.0,5.0,2.0,LC5,421.2858888827674,2.6008801624545765,LC5,631.928833324151,1.946534327616094,LC5,66.98755199151833,5.1755568802168,LC5,100.48132798727751,3.117037920144533,10.706459824492963,8.579181803210677,True
38.0,5.0,24.0,522.780356685791,180.0,25.0,5.0,2.5,LC5,524.6512630871003,1.8914444827099448,LC5,786.9768946306503,1.366016096157292,LC5,66.98755199151833,5.1755568802168,LC5,100.48132798727751,3.117037920144533,10.706459824492963,8.579181803210677,True
38.0,5.0,24.0,522.780356685791,180.0,25.0,5.0,3.0,LC5,628.0166372914332,1.4155411018132487,LC5,942.0249559371499,0.9765930703477341,LC5,66.98755199151833,5.1755568802168,LC5,100.48132798727751,3.117037920144533,10.706459824492963,8.579181803210677,True
38.0,5.0,24.0,522.780356685791,180.0,30.0,5.0,1.0,LC5,244.0881045324824,5.214968987962799,LC5,366.13215679872354,4.085595366111507,LC5,55.82295999293195,6.410668256260159,LC5,83.73443998939791,3.9404455041734403,10.706459824492963,8.579181803210677,True
38.0,5.0,24.0,522.780356685791,180.0,30.0,5.0,1.5,LC5,362.2199607660057,3.1880629570825416,LC5,543.3299411490085,2.4270152608603355,LC5,55.82295999293195,6.410668256260159,LC5,83.73443998939791,3.9404455041734403,10.706459824492963,8.579181803210677,True
38.0,5.0,24.0,522.780356685791,180.0,30.0,5.0,2.0,LC5,480.3518169995291,2.1581019292813193,LC5,720.5277254992935,1.5842170038768697,LC5,55.82295999293195,6.410668256260159,LC5,83.73443998939791,3.9404455041734403,10.706459824492963,8.579181803210677,True
38.0,5.0,24.0,522.780356685791,180.0,30.0,5.0,2.5,LC5,598.4836732330525,1.534739154712534,LC5,897.7255098495788,1.0741306552734513,LC5,55.82295999293195,6.410668256260159,LC5,83.73443998939791,3.9404455041734403,10.706459824492963,8.579181803210677,True
38.0,5.0,24.0,522.780356685791,180.0,30.0,5.0,3.0,LC5,716.6155294665758,1.1168952354817137,LC5,1074.9232941998637,0.732216624243881,LC5,55.82295999293195,6.410668256260159,LC5,83.73443998939791,3.9404455041734403,10.706459824492963,8.579181803210677,True
38.0,10.0,29.0,527.780356685791,120.0,20.0,5.0,1.0,LC5,266.9588783987933,4.682523125280172,LC5,400.4383175981898,3.649904662391422,LC5,122.45345603289472,2.378307570828978,LC5,183.68018404934207,1.2522050472193187,7.00495052911355,5.550304498004585,True
38.0,10.0,29.0,527.780356685791,120.0,20.0,5.0,1.5,LC5,396.526121565472,2.8257252612033077,LC5,594.789182348208,2.1305209564317993,LC5,122.45345603289472,2.378307570828978,LC5,183.68018404934207,1.2522050472193187,7.00495052911355,5.550304498004585,True
38.0,10.0,29.0,527.780356685791,120.0,20.0,5.0,2.0,LC5,526.0933647321508,1.8835185951686504,LC5,789.1400470982262,1.3595304874550767,LC5,122.45345603289472,2.378307570828978,LC5,183.68018404934207,1.2522050472193187,7.00495052911355,5.550304498004585,True
38.0,10.0,29.0,527.780356685791,120.0,20.0,5.0,2.5,LC5,655.6606078988295,1.3136970281949254,LC5,983.4909118482444,0.8932559290261262,LC5,122.45345603289472,2.378307570828978,LC5,183.68018404934207,1.2522050472193187,7.00495052911355,5.550304498004585,True
38.0,10.0,29.0,527.780356685791,120.0,20.0,5.0,3.0,LC5,785.2278510655084,0.931923323837176,LC5,1177.8417765982626,0.5808574946098974,LC5,122.45345603289472,2.378307570828978,LC5,183.68018404934207,1.2522050472193187,7.00495052911355,5.550304498004585,True
38.0,10.0,29.0,527.780356685791,120.0,25.0,5.0,1.0,LC5,310.14795945435293,3.8912138666618237,LC5,465.22193918152936,3.002390779927188,LC5,97.96276482631578,3.2228844635362224,LC5,146.94414723947366,1.8152563090241483,7.00495052911355,5.550304498004585,True
38.0,10.0,29.0,527.780356685791,120.0,25.0,5.0,1.5,LC5,461.3097431488115,2.288462952560356,LC5,691.9646147232172,1.6908890431410164,LC5,97.96276482631578,3.2228844635362224,LC5,146.94414723947366,1.8152563090241483,7.00495052911355,5.550304498004585,True
38.0,10.0,29.0,527.780356685791,120.0,25.0,5.0,2.0,LC5,612.4715268432702,1.4768498346670018,LC5,918.7072902649052,1.0267608842671758,LC5,97.96276482631578,3.2228844635362224,LC5,146.94414723947366,1.8152563090241483,7.00495052911355,5.550304498004585,True
38.0,10.0,29.0,527.780356685791,120.0,25.0,5.0,2.5,LC5,763.6333105377288,0.9865555615060477,LC5,1145.4499658065931,0.6255620547239118,LC5,97.96276482631578,3.2228844635362224,LC5,146.94414723947366,1.8152563090241483,7.00495052911355,5.550304498004585,True
38.0,10.0,29.0,527.780356685791,120.0,25.0,5.0,3.0,LC5,914.7950942321874,0.6582948570283489,LC5,1372.192641348281,0.3569523286252627,LC5,97.96276482631578,3.2228844635362224,LC5,146.94414723947366,1.8152563090241483,7.00495052911355,5.550304498004585,True
38.0,10.0,29.0,527.780356685791,120.0,30.0,5.0,1.0,LC5,353.3370405099124,3.293351180535069,LC5,530.0055607648686,2.5131706869506916,LC5,81.63563735526316,4.0674613562434665,LC5,122.4534560328947,2.3783075708289783,7.00495052911355,5.550304498004585,True
38.0,10.0,29.0,527.780356685791,120.0,30.0,5.0,1.5,LC5,526.0933647321509,1.88351859516865,LC5,789.1400470982262,1.3595304874550767,LC5,81.63563735526316,4.0674613562434665,LC5,122.4534560328947,2.3783075708289783,7.00495052911355,5.550304498004585,True
38.0,10.0,29.0,527.780356685791,120.0,30.0,5.0,2.0,LC5,698.8496889543892,1.1707099881087704,LC5,1048.2745334315837,0.7762522513111538,LC5,81.63563735526316,4.0674613562434665,LC5,122.4534560328947,2.3783075708289783,7.00495052911355,5.550304498004585,True
38.0,10.0,29.0,527.780356685791,120.0,30.0,5.0,2.5,LC5,871.6060131766279,0.7404652756710448,LC5,1307.4090197649414,0.424190878180394,LC5,81.63563735526316,4.0674613562434665,LC5,122.4534560328947,2.3783075708289783,7.00495052911355,5.550304498004585,True
38.0,10.0,29.0,527.780356685791,120.0,30.0,5.0,3.0,LC5,1044.3623373988662,0.4525609988754531,LC5,1566.543506098299,0.1886040781832976,LC5,81.63563735526316,4.0674613562434665,LC5,122.4534560328947,2.3783075708289783,7.00495052911355,5.550304498004585,True
38.0,10.0,29.0,527.780356685791,150.0,20.0,5.0,1.0,LC5,218.20669077659355,5.952124128737873,LC5,327.3100361648902,4.688795925163667,LC5,99.41571239647783,3.161167562128318,LC5,149.12356859471674,1.7741117080855453,8.859949036557243,7.068215823366112,True
38.0,10.0,29.0,527.780356685791,150.0,20.0,5.0,1.5,LC5,323.3978401321724,3.690816733284315,LC5,485.09676019825866,2.8384094736872743,LC5,99.41571239647783,3.161167562128318,LC5,149.12356859471674,1.7741117080855453,8.859949036557243,7.068215823366112,True
38.0,10.0,29.0,527.780356685791,150.0,20.0,5.0,2.0,LC5,428.58898948775135,2.5395216330991497,LC5,642.883484231627,1.8963257661307922,LC5,99.41571239647783,3.161167562128318,LC5,149.12356859471674,1.7741117080855453,8.859949036557243,7.068215823366112,True
38.0,10.0,29.0,527.780356685791,150.0,20.0,5.0,2.5,LC5,533.7801388433303,1.8419940900896923,LC5,800.6702082649954,1.3255517449997836,LC5,99.41571239647783,3.161167562128318,LC5,149.12356859471674,1.7741117080855453,8.859949036557243,7.068215823366112,True
38.0,10.0,29.0,527.780356685791,150.0,20.0,5.0,3.0,LC5,638.9712881989092,1.3741285845190654,LC5,958.4569322983638,0.9427059654469345,LC5,99.41571239647783,3.161167562128318,LC5,149.12356859471674,1.7741117080855453,8.859949036557243,7.068215823366112,True
38.0,10.0,29.0,527.780356685791,150.0,25.0,5.0,1.0,LC5,253.27040722845322,4.989645677916276,LC5,379.9056108426798,3.90121742574384,LC5,79.53256991718226,4.201459452660398,LC5,119.29885487577339,2.4676396351069316,8.859949036557243,7.068215823366112,True
38.0,10.0,29.0,527.780356685791,150.0,25.0,5.0,1.5,LC5,375.99341480996196,3.03464513006627,LC5,563.990122214943,2.3014762611221244,LC5,79.53256991718226,4.201459452660398,LC5,119.29885487577339,2.4676396351069316,8.859949036557243,7.068215823366112,True
38.0,10.0,29.0,527.780356685791,150.0,25.0,5.0,2.0,LC5,498.71642239147076,2.0418087953181954,LC5,748.0746335872061,1.4890564609459371,LC5,79.53256991718226,4.201459452660398,LC5,119.29885487577339,2.4676396351069316,8.859949036557243,7.068215823366112,True
38.0,10.0,29.0,527.780356685791,150.0,25.0,5.0,2.5,LC5,621.4394299729795,1.4411067705600207,LC5,932.1591449594691,0.997512989137666,LC5,79.53256991718226,4.201459452660398,LC5,119.29885487577339,2.4676396351069316,8.859949036557243,7.068215823366112,True
38.0,10.0,29.0,527.780356685791,150.0,25.0,5.0,3.0,LC5,744.1624375544883,1.0385334215272373,LC5,1116.2436563317326,0.6680945861936782,LC5,79.53256991718226,4.201459452660398,LC5,119.29885487577339,2.4676396351069316,8.859949036557243,7.068215823366112,True
38.0,10.0,29.0,527.780356685791,150.0,30.0,5.0,1.0,LC5,288.3341236803128,4.2612572547325565,LC5,432.50118552046916,3.305190511233585,LC5,66.27714159765189,5.241751343192476,LC5,99.41571239647783,3.161167562128318,8.859949036557243,7.068215823366112,True
38.0,10.0,29.0,527.780356685791,150.0,30.0,5.0,1.5,LC5,428.5889894877514,2.5395216330991492,LC5,642.883484231627,1.8963257661307922,LC5,66.27714159765189,5.241751343192476,LC5,99.41571239647783,3.161167562128318,8.859949036557243,7.068215823366112,True
38.0,10.0,29.0,527.780356685791,150.0,30.0,5.0,2.0,LC5,568.84385529519,1.6668126690281002,LC5,853.2657829427849,1.1822039946079204,LC5,66.27714159765189,5.241751343192476,LC5,99.41571239647783,3.161167562128318,8.859949036557243,7.068215823366112,True
38.0,10.0,29.0,527.780356685791,150.0,30.0,5.0,2.5,LC5,709.0987211026286,1.1393354054300193,LC5,1063.6480816539427,0.7505790045751248,LC5,66.27714159765189,5.241751343192476,LC5,99.41571239647783,3.161167562128318,8.859949036557243,7.068215823366112,True
38.0,10.0,29.0,527.780356685791,150.0,30.0,5.0,3.0,LC5,849.3535869100672,0.7860641591199,LC5,1274.0303803651007,0.4615036098796985,LC5,66.27714159765189,5.241751343192476,LC5,99.41571239647783,3.161167562128318,8.859949036557243,7.068215823366112,True
38.0,10.0,29.0,527.780356685791,180.0,20.0,5.0,1.0,LC5,185.70556600075298,7.1688450845563185,LC5,278.55834900112944,5.684416412851623,LC5,84.05737429925446,3.9214651425742995,LC5,126.0860614488817,2.2809767617162,10.661485572610824,8.542380196089363,True
38.0,10.0,29.0,527.780356685791,180.0,20.0,5.0,1.5,LC5,274.6461529684116,4.52347077723123,LC5,411.96922945261747,3.519755037224588,LC5,84.05737429925446,3.9214651425742995,LC5,126.0860614488817,2.2809767617162,10.661485572610824,8.542380196089363,True
38.0,10.0,29.0,527.780356685791,180.0,20.0,5.0,2.0,LC5,363.5867399360703,3.1723193762972084,LC5,545.3801099041054,2.4141325768689965,LC5,84.05737429925446,3.9214651425742995,LC5,126.0860614488817,2.2809767617162,10.661485572610824,8.542380196089363,True
38.0,10.0,29.0,527.780356685791,180.0,20.0,5.0,2.5,LC5,452.527326903729,2.3522837402540504,LC5,678.7909903555934,1.74311242555616,LC5,84.05737429925446,3.9214651425742995,LC5,126.0860614488817,2.2809767617162,10.661485572610824,8.542380196089363,True
38.0,10.0,29.0,527.780356685791,180.0,20.0,5.0,3.0,LC5,541.4679138713876,1.8016433866851913,LC5,812.2018708070815,1.2925335029698202,LC5,84.05737429925446,3.9214651425742995,LC5,126.0860614488817,2.2809767617162,10.661485572610824,8.542380196089363,True
38.0,10.0,29.0,527.780356685791,180.0,25.0,5.0,1.0,LC5,215.35242832330593,6.044266980461194,LC5,323.0286424849588,4.764194734176553,LC5,67.24589943940357,5.151831428217874,LC5,100.86884915910535,3.1012209521452494,10.661485572610824,8.542380196089363,True
38.0,10.0,29.0,527.780356685791,180.0,25.0,5.0,1.5,LC5,319.11644645224106,3.7537506037847974,LC5,478.6746696783615,2.889907107997053,LC5,67.24589943940357,5.151831428217874,LC5,100.86884915910535,3.1012209521452494,10.661485572610824,8.542380196089363,True
38.0,10.0,29.0,527.780356685791,180.0,25.0,5.0,2.0,LC5,422.88046458117617,2.5873021505082945,LC5,634.3206968717642,1.9354236889678949,LC5,67.24589943940357,5.151831428217874,LC5,100.86884915910535,3.1012209521452494,10.661485572610824,8.542380196089363,True
38.0,10.0,29.0,527.780356685791,180.0,25.0,5.0,2.5,LC5,526.6444827101112,1.8805010776786681,LC5,789.9667240651669,1.357061308124667,LC5,67.24589943940357,5.151831428217874,LC5,100.86884915910535,3.1012209521452494,10.661485572610824,8.542380196089363,True
38.0,10.0,29.0,527.780356685791,180.0,25.0,5.0,3.0,LC5,630.4085008390465,1.4063761798594698,LC5,945.6127512585696,0.9690935824646598,LC5,67.24589943940357,5.151831428217874,LC5,100.86884915910535,3.1012209521452494,10.661485572610824,8.542380196089363,True
38.0,10.0,29.0,527.780356685791,180.0,30.0,5.0,1.0,LC5,244.9992906458588,5.191854662113251,LC5,367.4989359687881,4.066681336345804,LC5,56.0382495328363,6.38219771386145,LC5,84.05737429925446,3.9214651425742995,10.661485572610824,8.542380196089363,True
38.0,10.0,29.0,527.780356685791,180.0,30.0,5.0,1.5,LC5,363.5867399360703,3.1723193762972084,LC5,545.3801099041054,2.4141325768689965,LC5,56.0382495328363,6.38219771386145,LC5,84.05737429925446,3.9214651425742995,10.661485572610824,8.542380196089363,True
38.0,10.0,29.0,527.780356685791,180.0,30.0,5.0,2.0,LC5,482.1741892262819,2.146165916583477,LC5,723.2612838394227,1.5744499831590573,LC5,56.0382495328363,6.38219771386145,LC5,84.05737429925446,3.9214651425742995,10.661485572610824,8.542380196089363,True
38.0,10.0,29.0,527.780356685791,180.0,30.0,5.0,2.5,LC5,600.7616385164935,1.5251279421669528,LC5,901.1424577747401,1.0662659759678608,LC5,56.0382495328363,6.38219771386145,LC5,84.05737429925446,3.9214651425742995,10.661485572610824,8.542380196089363,True
38.0,10.0,29.0,527.780356685791,180.0,30.0,5.0,3.0,LC5,719.3490878067049,1.1088509399870548,LC5,1079.0236317100575,0.7256341244807274,LC5,56.0382495328363,6.38219771386145,LC5,84.05737429925446,3.9214651425742995,10.661485572610824,8.542380196089363,True
38.0,15.0,34.0,532.780356685791,120.0,20.0,5.0,1.0,LC5,267.98373142681135,4.660791391787549,LC5,401.975597140217,3.6321219826448763,LC5,122.93774817394595,2.3649993084693044,LC5,184.40662226091894,1.2433328723128696,6.973416401570655,5.524500698626483,True
38.0,15.0,34.0,532.780356685791,120.0,20.0,5.0,1.5,LC5,398.0634011074992,2.8109507072978204,LC5,597.0951016612488,2.118431209399491,LC5,122.93774817394595,2.3649993084693044,LC5,184.40662226091894,1.2433328723128696,6.973416401570655,5.524500698626483,True
38.0,15.0,34.0,532.780356685791,120.0,20.0,5.0,2.0,LC5,528.143070788187,1.8723277534174003,LC5,792.2146061822806,1.3503732264834971,LC5,122.93774817394595,2.3649993084693044,LC5,184.40662226091894,1.2433328723128696,6.973416401570655,5.524500698626483,True
38.0,15.0,34.0,532.780356685791,120.0,20.0,5.0,2.5,LC5,658.2227404688747,1.3046909605696526,LC5,987.3341107033121,0.8858864287324513,LC5,122.93774817394595,2.3649993084693044,LC5,184.40662226091894,1.2433328723128696,6.973416401570655,5.524500698626483,True
38.0,15.0,34.0,532.780356685791,120.0,20.0,5.0,3.0,LC5,788.3024101495627,0.9243883825145014,LC5,1182.4536152243443,0.5746917900426283,LC5,122.93774817394595,2.3649993084693044,LC5,184.40662226091894,1.2433328723128696,6.973416401570655,5.524500698626483,True
38.0,15.0,34.0,532.780356685791,120.0,25.0,5.0,1.0,LC5,311.3436213203739,3.8724299973340406,LC5,467.01543198056095,2.987020283469999,LC5,98.35019853915676,3.2062491355866305,LC5,147.52529780873513,1.8041660903910874,6.973416401570655,5.524500698626483,True
38.0,15.0,34.0,532.780356685791,120.0,25.0,5.0,1.5,LC5,463.10323594784313,2.275727488483479,LC5,694.6548539217647,1.6804678459926334,LC5,98.35019853915676,3.2062491355866305,LC5,147.52529780873513,1.8041660903910874,6.973416401570655,5.524500698626483,True
38.0,15.0,34.0,532.780356685791,120.0,25.0,5.0,2.0,LC5,614.8628505753122,1.4672168737801932,LC5,922.2942758629684,1.0188784086920322,LC5,98.35019853915676,3.2062491355866305,LC5,147.52529780873513,1.8041660903910874,6.973416401570655,5.524500698626483,True
38.0,15.0,34.0,532.780356685791,120.0,25.0,5.0,2.5,LC5,766.6224652027814,0.9788097386354757,LC5,1149.9336978041724,0.6192237896459041,LC5,98.35019853915676,3.2062491355866305,LC5,147.52529780873513,1.8041660903910874,6.973416401570655,5.524500698626483,True
38.0,15.0,34.0,532.780356685791,120.0,25.0,5.0,3.0,LC5,918.3820798302506,0.651817945185075,LC5,1377.573119745376,0.3516523902151656,LC5,98.35019853915676,3.2062491355866305,LC5,147.52529780873513,1.8041660903910874,6.973416401570655,5.524500698626483,True
38.0,15.0,34.0,532.780356685791,120.0,30.0,5.0,1.0,LC5,354.7035112139365,3.2768113425441507,LC5,532.0552668209049,2.4996364402624507,LC5,81.95849878263063,4.0474989627039575,LC5,122.93774817394595,2.3649993084693044,6.973416401570655,5.524500698626483,True
38.0,15.0,34.0,532.780356685791,120.0,30.0,5.0,1.5,LC5,528.143070788187,1.8723277534174003,LC5,792.2146061822806,1.3503732264834971,LC5,81.95849878263063,4.0474989627039575,LC5,122.93774817394595,2.3649993084693044,6.973416401570655,5.524500698626483,True
38.0,15.0,34.0,532.780356685791,120.0,30.0,5.0,2.0,LC5,701.5826303624374,1.162254215467561,LC5,1052.3739455436562,0.76933304733052,LC5,81.95849878263063,4.0474989627039575,LC5,122.93774817394595,2.3649993084693044,6.973416401570655,5.524500698626483,True
38.0,15.0,34.0,532.780356685791,120.0,30.0,5.0,2.5,LC5,875.0221899366879,0.733670319960414,LC5,1312.533284905032,0.4186306902950081,LC5,81.95849878263063,4.0474989627039575,LC5,122.93774817394595,2.3649993084693044,6.973416401570655,5.524500698626483,True
38.0,15.0,34.0,532.780356685791,120.0,30.0,5.0,3.0,LC5,1048.4617495109383,0.4468815869607208,LC5,1572.6926242664076,0.18395671936755065,LC5,81.95849878263063,4.0474989627039575,LC5,122.93774817394595,2.3649993084693044,6.973416401570655,5.524500698626483,True
38.0,15.0,34.0,532.780356685791,150.0,20.0,5.0,1.0,LC5,219.02668168788335,5.926096803866801,LC5,328.54002253182495,4.667498241617221,LC5,99.80319737550847,3.1450118680428094,LC5,149.7047960632627,1.763341245361873,8.821667876773367,7.036891051000662,True
38.0,15.0,34.0,532.780356685791,150.0,20.0,5.0,1.5,LC5,324.62782649910713,3.6730436400348827,LC5,486.94173974866067,2.8238660767940904,LC5,99.80319737550847,3.1450118680428094,LC5,149.7047960632627,1.763341245361873,8.821667876773367,7.036891051000662,True
38.0,15.0,34.0,532.780356685791,150.0,20.0,5.0,2.0,LC5,430.22897131033096,2.52602939634617,LC5,645.3434569654964,1.8852853157532712,LC5,99.80319737550847,3.1450118680428094,LC5,149.7047960632627,1.763341245361873,8.821667876773367,7.036891051000662,True
38.0,15.0,34.0,532.780356685791,150.0,20.0,5.0,2.5,LC5,535.8301161215547,1.8311211974801802,LC5,803.7451741823322,1.3166546559912522,LC5,99.80319737550847,3.1450118680428094,LC5,149.7047960632627,1.763341245361873,8.821667876773367,7.036891051000662,True
38.0,15.0,34.0,532.780356685791,150.0,20.0,5.0,3.0,LC5,641.4312609327786,1.365023491050244,LC5,962.1468913991679,0.9352554341180199,LC5,99.80319737550847,3.1450118680428094,LC5,149.7047960632627,1.763341245361873,8.821667876773367,7.036891051000662,True
38.0,15.0,34.0,532.780356685791,150.0,25.0,5.0,1.0,LC5,254.22706329162466,4.967106650088801,LC5,381.3405949374369,3.8827741518195342,LC5,79.84255790040679,4.181264835053511,LC5,119.76383685061018,2.4541765567023415,8.821667876773367,7.036891051000662,True
38.0,15.0,34.0,532.780356685791,150.0,25.0,5.0,1.5,LC5,377.4283989047192,3.019305395148505,LC5,566.1425983570787,2.288924036812357,LC5,79.84255790040679,4.181264835053511,LC5,119.76383685061018,2.4541765567023415,8.821667876773367,7.036891051000662,True
38.0,15.0,34.0,532.780356685791,150.0,25.0,5.0,2.0,LC5,500.62973451781363,2.030183577611732,LC5,750.9446017767203,1.4795437580808812,LC5,79.84255790040679,4.181264835053511,LC5,119.76383685061018,2.4541765567023415,8.821667876773367,7.036891051000662,True
38.0,15.0,34.0,532.780356685791,150.0,25.0,5.0,2.5,LC5,623.8310701309082,1.431748068722618,LC5,935.746605196362,0.9898549347227052,LC5,79.84255790040679,4.181264835053511,LC5,119.76383685061018,2.4541765567023415,8.821667876773367,7.036891051000662,True
38.0,15.0,34.0,532.780356685791,150.0,25.0,5.0,3.0,LC5,747.0324057440027,1.0307017317262863,LC5,1120.548608616004,0.6616860577782224,LC5,79.84255790040679,4.181264835053511,LC5,119.76383685061018,2.4541765567023415,8.821667876773367,7.036891051000662,True
38.0,15.0,34.0,532.780356685791,150.0,30.0,5.0,1.0,LC5,289.4274448953659,4.2413826910866295,LC5,434.14116734304883,3.288927519579567,LC5,66.53546491700565,5.217517802064214,LC5,99.80319737550847,3.1450118680428094,8.821667876773367,7.036891051000662,True
38.0,15.0,34.0,532.780356685791,150.0,30.0,5.0,1.5,LC5,430.22897131033096,2.52602939634617,LC5,645.3434569654964,1.8852853157532712,LC5,66.53546491700565,5.217517802064214,LC5,99.80319737550847,3.1450118680428094,8.821667876773367,7.036891051000662,True
38.0,15.0,34.0,532.780356685791,150.0,30.0,5.0,2.0,LC5,571.0304977252962,1.6566006650134795,LC5,856.5457465879441,1.1738476986399031,LC5,66.53546491700565,5.217517802064214,LC5,99.80319737550847,3.1450118680428094,8.821667876773367,7.036891051000662,True
38.0,15.0,34.0,532.780356685791,150.0,30.0,5.0,2.5,LC5,711.8320241402612,1.1311207539899701,LC5,1067.7480362103918,0.7438571056599974,LC5,66.53546491700565,5.217517802064214,LC5,99.80319737550847,3.1450118680428094,8.821667876773367,7.036891051000662,True
38.0,15.0,34.0,532.780356685791,150.0,30.0,5.0,3.0,LC5,852.6335505552263,0.7791934166936605,LC5,1278.9503258328396,0.45588140711210534,LC5,66.53546491700565,5.217517802064214,LC5,99.80319737550847,3.1450118680428094,8.821667876773367,7.036891051000662,True
38.0,15.0,34.0,532.780356685791,180.0,20.0,5.0,1.0,LC5,186.38897829603602,7.138893264335589,LC5,279.5834674440539,5.659907386593222,LC5,84.38031934079216,3.9026294380248077,LC5,126.5704790111882,2.2684196253498725,10.616854087780478,8.505859068972647,True
38.0,15.0,34.0,532.780356685791,180.0,20.0,5.0,1.5,LC5,275.6712714113362,4.502931053473633,LC5,413.5069071170041,3.502947757226064,LC5,84.38031934079216,3.9026294380248077,LC5,126.5704790111882,2.2684196253498725,10.616854087780478,8.505859068972647,True
38.0,15.0,34.0,532.780356685791,180.0,20.0,5.0,2.0,LC5,364.9535645266363,3.156693200044854,LC5,547.4303467899543,2.401345962858062,LC5,84.38031934079216,3.9026294380248077,LC5,126.5704790111882,2.2684196253498725,10.616854087780478,8.505859068972647,True
38.0,15.0,34.0,532.780356685791,180.0,20.0,5.0,2.5,LC5,454.23585764193655,2.3396746964785318,LC5,681.3537864629045,1.7327946758264243,LC5,84.38031934079216,3.9026294380248077,LC5,126.5704790111882,2.2684196253498725,10.616854087780478,8.505859068972647,True
38.0,15.0,34.0,532.780356685791,180.0,20.0,5.0,3.0,LC5,543.5181507572368,1.7910751423600026,LC5,815.2772261358547,1.2838857020761716,LC5,84.38031934079216,3.9026294380248077,LC5,126.5704790111882,2.2684196253498725,10.616854087780478,8.505859068972647,True
38.0,15.0,34.0,532.780356685791,180.0,25.0,5.0,1.0,LC5,216.14974266780277,6.018282701966729,LC5,324.2246140017039,4.742932274692182,LC5,67.50425547263373,5.1282867975310085,LC5,101.25638320895055,3.0855245316873408,10.616854087780478,8.505859068972647,True
38.0,15.0,34.0,532.780356685791,180.0,25.0,5.0,1.5,LC5,320.31241796898627,3.736001212874866,LC5,480.46862695347926,2.8753831062944424,LC5,67.50425547263373,5.1282867975310085,LC5,101.25638320895055,3.0855245316873408,10.616854087780478,8.505859068972647,True
38.0,15.0,34.0,532.780356685791,180.0,25.0,5.0,2.0,LC5,424.47509327016985,2.5738257062693193,LC5,636.7126399052544,1.9243961613155247,LC5,67.50425547263373,5.1282867975310085,LC5,101.25638320895055,3.0855245316873408,10.616854087780478,8.505859068972647,True
38.0,15.0,34.0,532.780356685791,180.0,25.0,5.0,2.5,LC5,528.6377685713534,1.8696398369335232,LC5,792.9566528570297,1.3481737536234775,LC5,67.50425547263373,5.1282867975310085,LC5,101.25638320895055,3.0855245316873408,10.616854087780478,8.505859068972647,True
38.0,15.0,34.0,532.780356685791,180.0,25.0,5.0,3.0,LC5,632.8004438725369,1.39728024006501,LC5,949.200665808805,0.9616505414199297,LC5,67.50425547263373,5.1282867975310085,LC5,101.25638320895055,3.0855245316873408,10.616854087780478,8.505859068972647,True
38.0,15.0,34.0,532.780356685791,180.0,30.0,5.0,1.0,LC5,245.91050703956947,5.168910870310635,LC5,368.86576055935404,4.047906851469307,LC5,56.253546227194775,6.35394415703721,LC5,84.38031934079213,3.9026294380248094,10.616854087780478,8.505859068972647,True
38.0,15.0,34.0,532.780356685791,180.0,30.0,5.0,1.5,LC5,364.95356452663634,3.1566932000448533,LC5,547.4303467899543,2.401345962858062,LC5,56.253546227194775,6.35394415703721,LC5,84.38031934079213,3.9026294380248094,10.616854087780478,8.505859068972647,True
38.0,15.0,34.0,532.780356685791,180.0,30.0,5.0,2.0,LC5,483.99662201370325,2.134319396049524,LC5,725.9949330205546,1.5647561922409206,LC5,56.253546227194775,6.35394415703721,LC5,84.38031934079213,3.9026294380248094,10.616854087780478,8.505859068972647,True
38.0,15.0,34.0,532.780356685791,180.0,30.0,5.0,2.5,LC5,603.0396795007701,1.5155890260087976,LC5,904.5595192511548,1.058460455472812,LC5,56.253546227194775,6.35394415703721,LC5,84.38031934079213,3.9026294380248094,10.616854087780478,8.505859068972647,True
38.0,15.0,34.0,532.780356685791,180.0,30.0,5.0,3.0,LC5,722.082736987837,1.1008672861065127,LC5,1083.1241054817551,0.7191012466404432,LC5,56.253546227194775,6.35394415703721,LC5,84.38031934079213,3.9026294380248094,10.616854087780478,8.505859068972647,True
38.0,20.0,39.0,537.780356685791,120.0,20.0,5.0,1.0,LC5,269.0086212049689,4.639224472453373,LC5,403.5129318074534,3.614474167307484,LC5,123.42205768119824,2.3517950142968753,LC5,185.13308652179737,1.2345300095312504,6.942128628208972,5.49889848636568,True
38.0,20.0,39.0,537.780356685791,120.0,20.0,5.0,1.5,LC5,399.6007357747356,2.7962893062718703,LC5,599.4011036621033,2.1064340532973955,LC5,123.42205768119824,2.3517950142968753,LC5,185.13308652179737,1.2345300095312504,6.942128628208972,5.49889848636568,True
38.0,20.0,39.0,537.780356685791,120.0,20.0,5.0,2.0,LC5,530.1928503445022,1.8612230417937594,LC5,795.2892755167533,1.3412864442188441,LC5,123.42205768119824,2.3517950142968753,LC5,185.13308652179737,1.2345300095312504,6.942128628208972,5.49889848636568,True
38.0,20.0,39.0,537.780356685791,120.0,20.0,5.0,2.5,LC5,660.7849649142688,1.295754414141093,LC5,991.1774473714032,0.8785738163615537,LC5,123.42205768119824,2.3517950142968753,LC5,185.13308652179737,1.2345300095312504,6.942128628208972,5.49889848636568,True
38.0,20.0,39.0,537.780356685791,120.0,20.0,5.0,3.0,LC5,791.3770794840354,0.9169117217661378,LC5,1187.0656192260533,0.5685737754025699,LC5,123.42205768119824,2.3517950142968753,LC5,185.13308652179737,1.2345300095312504,6.942128628208972,5.49889848636568,True
38.0,20.0,39.0,537.780356685791,120.0,25.0,5.0,1.0,LC5,312.5393260615578,3.8537891826810027,LC5,468.80898909233673,2.971766846034729,LC5,98.73764614495859,3.1897437678710947,LC5,148.10646921743788,1.7931625119140628,6.942128628208972,5.49889848636568,True
38.0,20.0,39.0,537.780356685791,120.0,25.0,5.0,1.5,LC5,464.8967930596189,2.2630898355228237,LC5,697.3451895894284,1.6701266858903523,LC5,98.73764614495859,3.1897437678710947,LC5,148.10646921743788,1.7931625119140628,6.942128628208972,5.49889848636568,True
38.0,20.0,39.0,537.780356685791,120.0,25.0,5.0,2.0,LC5,617.25426005768,1.4576582101810724,LC5,925.8813900865199,1.0110567292274917,LC5,98.73764614495859,3.1897437678710947,LC5,148.10646921743788,1.7931625119140628,6.942128628208972,5.49889848636568,True
38.0,20.0,39.0,537.780356685791,120.0,25.0,5.0,2.5,LC5,769.6117270557412,0.9711238104485473,LC5,1154.4175905836116,0.6129345352912308,LC5,98.73764614495859,3.1897437678710947,LC5,148.10646921743788,1.7931625119140628,6.942128628208972,5.49889848636568,True
38.0,20.0,39.0,537.780356685791,120.0,25.0,5.0,3.0,LC5,921.9691940538021,0.6453912015540451,LC5,1382.9537910807035,0.3463935035348853,LC5,98.73764614495859,3.1897437678710947,LC5,148.10646921743788,1.7931625119140628,6.942128628208972,5.49889848636568,True
38.0,20.0,39.0,537.780356685791,120.0,30.0,5.0,1.0,LC5,356.07003091814664,3.260397866364462,LC5,534.1050463772201,2.486205593131455,LC5,82.28137178746549,4.027692521445314,LC5,123.42205768119824,2.3517950142968753,6.942128628208972,5.49889848636568,True
38.0,20.0,39.0,537.780356685791,120.0,30.0,5.0,1.5,LC5,530.1928503445023,1.861223041793759,LC5,795.2892755167535,1.3412864442188437,LC5,82.28137178746549,4.027692521445314,LC5,123.42205768119824,2.3517950142968753,6.942128628208972,5.49889848636568,True
38.0,20.0,39.0,537.780356685791,120.0,30.0,5.0,2.0,LC5,704.3156697708577,1.153863764657602,LC5,1056.4735046562867,0.7624672950087694,LC5,82.28137178746549,4.027692521445314,LC5,123.42205768119824,2.3517950142968753,6.942128628208972,5.49889848636568,True
38.0,20.0,39.0,537.780356685791,120.0,30.0,5.0,2.5,LC5,878.4384891972134,0.7269279735071204,LC5,1317.6577337958201,0.41311355160195906,LC5,82.28137178746549,4.027692521445314,LC5,123.42205768119824,2.3517950142968753,6.942128628208972,5.49889848636568,True
38.0,20.0,39.0,537.780356685791,120.0,30.0,5.0,3.0,LC5,1052.561308623569,0.44124621299615896,LC5,1578.8419629353534,0.17934539600037258,LC5,82.28137178746549,4.027692521445314,LC5,123.42205768119824,2.3517950142968753,6.942128628208972,5.49889848636568,True
38.0,20.0,39.0,537.780356685791,150.0,20.0,5.0,1.0,LC5,219.8467007337989,5.900262750983274,LC5,329.77005110069837,4.646358709000596,LC5,100.19069564949733,3.128980589548159,LC5,150.286043474246,1.7526537263654394,8.78368152160067,7.0058075118525345,True
38.0,20.0,39.0,537.780356685791,150.0,20.0,5.0,1.5,LC5,325.85785506798055,3.655404116876431,LC5,488.7867826019708,2.8094319778615313,LC5,100.19069564949733,3.128980589548159,LC5,150.286043474246,1.7526537263654394,8.78368152160067,7.0058075118525345,True
38.0,20.0,39.0,537.780356685791,150.0,20.0,5.0,2.0,LC5,431.86900940216213,2.512639172928821,LC5,647.8035141032433,1.8743283410210783,LC5,100.19069564949733,3.128980589548159,LC5,150.286043474246,1.7526537263654394,8.78368152160067,7.0058075118525345,True
38.0,20.0,39.0,537.780356685791,150.0,20.0,5.0,2.5,LC5,537.8801637363439,1.8203308139535657,LC5,806.8202456045155,1.307825082655039,LC5,100.19069564949733,3.128980589548159,LC5,150.286043474246,1.7526537263654394,8.78368152160067,7.0058075118525345,True
38.0,20.0,39.0,537.780356685791,150.0,20.0,5.0,3.0,LC5,643.8913180705254,1.3559876603800443,LC5,965.8369771057882,0.9278615792694538,LC5,100.19069564949733,3.128980589548159,LC5,150.286043474246,1.7526537263654394,8.78368152160067,7.0058075118525345,True
38.0,20.0,39.0,537.780356685791,150.0,25.0,5.0,1.0,LC5,255.1837521785262,4.944735850340146,LC5,382.7756282677893,3.864468535852934,LC5,80.15255651959787,4.161225736935198,LC5,120.22883477939679,2.440817157956799,8.78368152160067,7.0058075118525345,True
38.0,20.0,39.0,537.780356685791,150.0,25.0,5.0,1.5,LC5,378.8634322350714,3.0040813415287726,LC5,568.295148352607,2.276466472391376,LC5,80.15255651959787,4.161225736935198,LC5,120.22883477939679,2.440817157956799,8.78368152160067,7.0058075118525345,True
38.0,20.0,39.0,537.780356685791,150.0,25.0,5.0,2.0,LC5,502.5431122916167,2.0186464860346396,LC5,753.814668437425,1.4701031672144582,LC5,80.15255651959787,4.161225736935198,LC5,120.22883477939679,2.440817157956799,8.78368152160067,7.0058075118525345,True
38.0,20.0,39.0,537.780356685791,150.0,25.0,5.0,2.5,LC5,626.2227923481621,1.4224605340723389,LC5,939.3341885222428,0.9822551151143468,LC5,80.15255651959787,4.161225736935198,LC5,120.22883477939679,2.440817157956799,8.78368152160067,7.0058075118525345,True
38.0,20.0,39.0,537.780356685791,150.0,25.0,5.0,3.0,LC5,749.9024724047072,1.022929721961639,LC5,1124.8537086070608,0.6553263644441099,LC5,80.15255651959787,4.161225736935198,LC5,120.22883477939679,2.440817157956799,8.78368152160067,7.0058075118525345,True
38.0,20.0,39.0,537.780356685791,150.0,30.0,5.0,1.0,LC5,290.5208036232534,4.221657041701019,LC5,435.78120543487995,3.272786381739091,LC5,66.79379709966489,5.193470884322238,LC5,100.19069564949733,3.128980589548159,8.78368152160067,7.0058075118525345,True
38.0,20.0,39.0,537.780356685791,150.0,30.0,5.0,1.5,LC5,431.86900940216225,2.51263917292882,LC5,647.8035141032433,1.8743283410210783,LC5,66.79379709966489,5.193470884322238,LC5,100.19069564949733,3.128980589548159,8.78368152160067,7.0058075118525345,True
38.0,20.0,39.0,537.780356685791,150.0,30.0,5.0,2.0,LC5,573.2172151810712,1.646466225758417,LC5,859.8258227716065,1.165554872494913,LC5,66.79379709966489,5.193470884322238,LC5,100.19069564949733,3.128980589548159,8.78368152160067,7.0058075118525345,True
38.0,20.0,39.0,537.780356685791,150.0,30.0,5.0,2.5,LC5,714.56542095998,1.122968668091989,LC5,1071.8481314399698,0.7371864029827657,LC5,66.79379709966489,5.193470884322238,LC5,100.19069564949733,3.128980589548159,8.78368152160067,7.0058075118525345,True
38.0,20.0,39.0,537.780356685791,150.0,30.0,5.0,3.0,LC5,855.9136267388889,0.7723751002538799,LC5,1283.870440108333,0.45030210356964395,LC5,66.79379709966489,5.193470884322238,LC5,100.19069564949733,3.128980589548159,8.78368152160067,7.0058075118525345,True
38.0,20.0,39.0,537.780356685791,180.0,20.0,5.0,1.0,LC5,187.0724130418102,7.109159310736825,LC5,280.6086195627152,5.635576636603811,LC5,84.7032749912622,3.8839367501761473,LC5,127.05491248689333,2.255957833450764,10.572561483170777,8.46961524133772,True
38.0,20.0,39.0,537.780356685791,180.0,20.0,5.0,1.5,LC5,276.69642352999733,4.482542855620027,LC5,415.04463529499606,3.4862644681012913,LC5,84.7032749912622,3.8839367501761473,LC5,127.05491248689333,2.255957833450764,10.572561483170777,8.46961524133772,True
38.0,20.0,39.0,537.780356685791,180.0,20.0,5.0,2.0,LC5,366.32043401818464,3.1411831258222795,LC5,549.480651027277,2.3886543530130013,LC5,84.7032749912622,3.8839367501761473,LC5,127.05491248689333,2.255957833450764,10.572561483170777,8.46961524133772,True
38.0,20.0,39.0,537.780356685791,180.0,20.0,5.0,2.5,LC5,455.9444445063719,2.3271597412320255,LC5,683.9166667595579,1.7225539170178124,LC5,84.7032749912622,3.8839367501761473,LC5,127.05491248689333,2.255957833450764,10.572561483170777,8.46961524133772,True
38.0,20.0,39.0,537.780356685791,180.0,20.0,5.0,3.0,LC5,545.568454994559,1.7805859853373103,LC5,818.3526824918387,1.2753026168745643,LC5,84.7032749912622,3.8839367501761473,LC5,127.05491248689333,2.255957833450764,10.572561483170777,8.46961524133772,True
38.0,20.0,39.0,537.780356685791,180.0,25.0,5.0,1.0,LC5,216.94708320453927,5.992488571831876,LC5,325.420624806809,4.72182541013006,LC5,67.76261999300976,5.104920937720183,LC5,101.64392998951466,3.069947291813455,10.572561483170777,8.46961524133772,True
38.0,20.0,39.0,537.780356685791,180.0,25.0,5.0,1.5,LC5,321.50842877409104,3.7183832964638235,LC5,482.26264316113657,2.8609666877678044,LC5,67.76261999300976,5.104920937720183,LC5,101.64392998951466,3.069947291813455,10.572561483170777,8.46961524133772,True
38.0,20.0,39.0,537.780356685791,180.0,25.0,5.0,2.0,LC5,426.06977434364285,2.560449699434621,LC5,639.1046615154644,1.9134508197526974,LC5,67.76261999300976,5.104920937720183,LC5,101.64392998951466,3.069947291813455,10.572561483170777,8.46961524133772,True
38.0,20.0,39.0,537.780356685791,180.0,25.0,5.0,2.5,LC5,530.6311199131948,1.858859842687259,LC5,795.9466798697921,1.3393526816452104,LC5,67.76261999300976,5.104920937720183,LC5,101.64392998951466,3.069947291813455,10.572561483170777,8.46961524133772,True
38.0,20.0,39.0,537.780356685791,180.0,25.0,5.0,3.0,LC5,635.1924654827465,1.3882525099649592,LC5,952.7886982241197,0.9542633151196458,LC5,67.76261999300976,5.104920937720183,LC5,101.64392998951466,3.069947291813455,10.572561483170777,8.46961524133772,True
38.0,20.0,39.0,537.780356685791,180.0,30.0,5.0,1.0,LC5,246.82175336726834,5.1461357408911965,LC5,370.23263005090257,4.02927037993382,LC5,56.4688499941748,6.32590512526422,LC5,84.70327499126222,3.8839367501761464,10.572561483170777,8.46961524133772,True
38.0,20.0,39.0,537.780356685791,180.0,30.0,5.0,1.5,LC5,366.3204340181847,3.1411831258222787,LC5,549.4806510272771,2.3886543530130004,LC5,56.4688499941748,6.32590512526422,LC5,84.70327499126222,3.8839367501761464,10.572561483170777,8.46961524133772,True
38.0,20.0,39.0,537.780356685791,180.0,30.0,5.0,2.0,LC5,485.819114669101,2.122561369437373,LC5,728.7286720036516,1.5551348142792296,LC5,56.4688499941748,6.32590512526422,LC5,84.70327499126222,3.8839367501761464,10.572561483170777,8.46961524133772,True
38.0,20.0,39.0,537.780356685791,180.0,30.0,5.0,2.5,LC5,605.3177953200175,1.5061215971653326,LC5,907.9766929800261,1.0507134317388922,LC5,56.4688499941748,6.32590512526422,LC5,84.70327499126222,3.8839367501761464,10.572561483170777,8.46961524133772,True
38.0,20.0,39.0,537.780356685791,180.0,30.0,5.0,3.0,LC5,724.8164759709338,1.0929435937116225,LC5,1087.2247139564008,0.7126174341863505,LC5,56.4688499941748,6.32590512526422,LC5,84.70327499126222,3.8839367501761464,10.572561483170777,8.46961524133772,True
40.0,5.0,25.0,523.780356685791,120.0,20.0,5.0,1.0,LC5,228.53402030544822,5.637961376483232,LC5,342.80103045817236,4.431722295324885,LC5,115.96273321448948,2.5673998544423053,LC5,173.9440998217342,1.3782665696282037,7.897902668611943,6.280990889455258,True
40.0,5.0,25.0,523.780356685791,120.0,20.0,5.0,1.5,LC5,339.2702735386445,3.4713613844721545,LC5,508.90541030796675,2.658833178592464,LC5,115.96273321448948,2.5673998544423053,LC5,173.9440998217342,1.3782665696282037,7.897902668611943,6.280990889455258,True
40.0,5.0,25.0,523.780356685791,120.0,20.0,5.0,2.0,LC5,450.00652677184075,2.3710622174356573,LC5,675.0097901577612,1.7584785097188278,LC5,115.96273321448948,2.5673998544423053,LC5,173.9440998217342,1.3782665696282037,7.897902668611943,6.280990889455258,True
40.0,5.0,25.0,523.780356685791,120.0,20.0,5.0,2.5,LC5,560.742780005037,1.7053402274504061,LC5,841.1141700075557,1.213730390469196,LC5,115.96273321448948,2.5673998544423053,LC5,173.9440998217342,1.3782665696282037,7.897902668611943,6.280990889455258,True
40.0,5.0,25.0,523.780356685791,120.0,20.0,5.0,3.0,LC5,671.4790332382333,1.2591919105563272,LC5,1007.21854985735,0.8486553889061224,LC5,115.96273321448948,2.5673998544423053,LC5,173.9440998217342,1.3782665696282037,7.897902668611943,6.280990889455258,True
40.0,5.0,25.0,523.780356685791,120.0,25.0,5.0,1.0,LC5,265.44610471651373,4.71490774603793,LC5,398.16915707477057,3.6764044048001,LC5,92.77018657159158,3.4592498180528812,LC5,139.15527985738737,1.9728332120352543,7.897902668611943,6.280990889455258,True
40.0,5.0,25.0,523.780356685791,120.0,25.0,5.0,1.5,LC5,394.63840015524266,2.8440253138144773,LC5,591.9576002328641,2.1454955545254033,LC5,92.77018657159158,3.4592498180528812,LC5,139.15527985738737,1.9728332120352543,7.897902668611943,6.280990889455258,True
40.0,5.0,25.0,523.780356685791,120.0,25.0,5.0,2.0,LC5,523.8306955939718,1.8959738571254845,LC5,785.7460433909575,1.3697224003373556,LC5,92.77018657159158,3.4592498180528812,LC5,139.15527985738737,1.9728332120352543,7.897902668611943,6.280990889455258,True
40.0,5.0,25.0,523.780356685791,120.0,25.0,5.0,2.5,LC5,653.0229910327008,1.3230422524649437,LC5,979.5344865490512,0.9009029549943859,LC5,92.77018657159158,3.4592498180528812,LC5,139.15527985738737,1.9728332120352543,7.897902668611943,6.280990889455258,True
40.0,5.0,25.0,523.780356685791,120.0,25.0,5.0,3.0,LC5,782.2152864714297,0.9393637867180804,LC5,1173.3229297071448,0.5869458891975676,LC5,92.77018657159158,3.4592498180528812,LC5,139.15527985738737,1.9728332120352543,7.897902668611943,6.280990889455258,True
40.0,5.0,25.0,523.780356685791,120.0,30.0,5.0,1.0,LC5,302.35818912757907,4.017228090884969,LC5,453.53728369136866,3.1055059130862714,LC5,77.30848880965965,4.351099781663458,LC5,115.96273321448946,2.567399854442306,7.897902668611943,6.280990889455258,True
40.0,5.0,25.0,523.780356685791,120.0,30.0,5.0,1.5,LC5,450.00652677184075,2.3710622174356573,LC5,675.0097901577612,1.7584785097188278,LC5,77.30848880965965,4.351099781663458,LC5,115.96273321448946,2.567399854442306,7.897902668611943,6.280990889455258,True
40.0,5.0,25.0,523.780356685791,120.0,30.0,5.0,2.0,LC5,597.6548644161026,1.538254250606795,LC5,896.4822966241537,1.0770069939045714,LC5,77.30848880965965,4.351099781663458,LC5,115.96273321448946,2.567399854442306,7.897902668611943,6.280990889455258,True
40.0,5.0,25.0,523.780356685791,120.0,30.0,5.0,2.5,LC5,745.3032020603642,1.0354132329048196,LC5,1117.9548030905464,0.6655413929548557,LC5,77.30848880965965,4.351099781663458,LC5,115.96273321448946,2.567399854442306,7.897902668611943,6.280990889455258,True
40.0,5.0,25.0,523.780356685791,120.0,30.0,5.0,3.0,LC5,892.9515397046258,0.6988603888871725,LC5,1339.4273095569388,0.39014636084724885,LC5,77.30848880965965,4.351099781663458,LC5,115.96273321448946,2.567399854442306,7.897902668611943,6.280990889455258,True
40.0,5.0,25.0,523.780356685791,150.0,20.0,5.0,1.0,LC5,186.87562298840066,7.11769869039666,LC5,280.313434482601,5.642564254677469,LC5,94.1504473858959,3.3938764931676078,LC5,141.22567107884385,1.9292509954450718,9.959322467152846,7.967812979054536,True
40.0,5.0,25.0,523.780356685791,150.0,20.0,5.0,1.5,LC5,276.7826775630731,4.480834325892041,LC5,415.17401634460975,3.4848664094972435,LC5,94.1504473858959,3.3938764931676078,LC5,141.22567107884385,1.9292509954450718,9.959322467152846,7.967812979054536,True
40.0,5.0,25.0,523.780356685791,150.0,20.0,5.0,2.0,LC5,366.68973213774564,3.1370124850677428,LC5,550.0345982066184,2.3852415940215943,LC5,94.1504473858959,3.3938764931676078,LC5,141.22567107884385,1.9292509954450718,9.959322467152846,7.967812979054536,True
40.0,5.0,25.0,523.780356685791,150.0,20.0,5.0,2.5,LC5,456.59678671241807,2.3224062107897927,LC5,684.8951800686273,1.7186641900639823,LC5,94.1504473858959,3.3938764931676078,LC5,141.22567107884385,1.9292509954450718,9.959322467152846,7.967812979054536,True
40.0,5.0,25.0,523.780356685791,150.0,20.0,5.0,3.0,LC5,546.5038412870905,1.7758267836274668,LC5,819.7557619306359,1.2714082492262544,LC5,94.1504473858959,3.3938764931676078,LC5,141.22567107884385,1.9292509954450718,9.959322467152846,7.967812979054536,True
40.0,5.0,25.0,523.780356685791,150.0,25.0,5.0,1.0,LC5,216.84464117995816,5.995791972286049,LC5,325.26696176993727,4.724528522257359,LC5,75.32035790871672,4.4923456164595095,LC5,112.98053686307507,2.66156374430634,9.959322467152846,7.967812979054536,True
40.0,5.0,25.0,523.780356685791,150.0,25.0,5.0,1.5,LC5,321.73620485040937,3.7150428740381463,LC5,482.60430727561413,2.8582332812388604,LC5,75.32035790871672,4.4923456164595095,LC5,112.98053686307507,2.66156374430634,9.959322467152846,7.967812979054536,True
40.0,5.0,25.0,523.780356685791,150.0,25.0,5.0,2.0,LC5,426.6277685208606,2.5557929228552405,LC5,639.941652781291,1.90964026471389,LC5,75.32035790871672,4.4923456164595095,LC5,112.98053686307507,2.66156374430634,9.959322467152846,7.967812979054536,True
40.0,5.0,25.0,523.780356685791,150.0,25.0,5.0,2.5,LC5,531.519332191312,1.8540824540582843,LC5,797.2789982869679,1.335443431973863,LC5,75.32035790871672,4.4923456164595095,LC5,112.98053686307507,2.66156374430634,9.959322467152846,7.967812979054536,True
40.0,5.0,25.0,523.780356685791,150.0,25.0,5.0,3.0,LC5,636.4108958617632,1.3836801190303825,LC5,954.6163437926448,0.9505218113094143,LC5,75.32035790871672,4.4923456164595095,LC5,112.98053686307507,2.66156374430634,9.959322467152846,7.967812979054536,True
40.0,5.0,25.0,523.780356685791,150.0,30.0,5.0,1.0,LC5,246.81365937151568,5.146337296982981,LC5,370.2204890572735,4.029435309594512,LC5,62.766964923930594,5.590814739751412,LC5,94.1504473858959,3.3938764931676078,9.959322467152846,7.967812979054536,True
40.0,5.0,25.0,523.780356685791,150.0,30.0,5.0,1.5,LC5,366.68973213774564,3.1370124850677428,LC5,550.0345982066184,2.3852415940215943,LC5,62.766964923930594,5.590814739751412,LC5,94.1504473858959,3.3938764931676078,9.959322467152846,7.967812979054536,True
40.0,5.0,25.0,523.780356685791,150.0,30.0,5.0,2.0,LC5,486.5658049039757,2.1177694460040852,LC5,729.8487073559635,1.5512136710435538,LC5,62.766964923930594,5.590814739751412,LC5,94.1504473858959,3.3938764931676078,9.959322467152846,7.967812979054536,True
40.0,5.0,25.0,523.780356685791,150.0,30.0,5.0,2.5,LC5,606.4418776702057,1.5014763258565278,LC5,909.6628165053083,1.0469122912524087,LC5,62.766964923930594,5.590814739751412,LC5,94.1504473858959,3.3938764931676078,9.959322467152846,7.967812979054536,True
40.0,5.0,25.0,523.780356685791,150.0,30.0,5.0,3.0,LC5,726.3179504364356,1.088616974272016,LC5,1089.4769256546533,0.7090770406919331,LC5,62.766964923930594,5.590814739751412,LC5,94.1504473858959,3.3938764931676078,9.959322467152846,7.967812979054536,True
40.0,5.0,25.0,523.780356685791,180.0,20.0,5.0,1.0,LC5,159.10364685697334,8.534665169326454,LC5,238.65547028545996,6.802041988699565,LC5,79.60907468753537,4.196460820752054,LC5,119.41361203130303,2.4643072138347035,11.961149434014168,9.605871345257915,True
40.0,5.0,25.0,523.780356685791,180.0,20.0,5.0,1.5,LC5,235.12471336593217,5.451895159310812,LC5,352.68707004889814,4.279467715507245,LC5,79.60907468753537,4.196460820752054,LC5,119.41361203130303,2.4643072138347035,11.961149434014168,9.605871345257915,True
40.0,5.0,25.0,523.780356685791,180.0,20.0,5.0,2.0,LC5,311.145779874891,3.8755281225731952,LC5,466.71866981233643,2.9895554226461396,LC5,79.60907468753537,4.196460820752054,LC5,119.41361203130303,2.4643072138347035,11.961149434014168,9.605871345257915,True
40.0,5.0,25.0,523.780356685791,180.0,20.0,5.0,2.5,LC5,387.16684638384976,2.918207393450205,LC5,580.7502695757747,2.2061973924870495,LC5,79.60907468753537,4.196460820752054,LC5,119.41361203130303,2.4643072138347035,11.961149434014168,9.605871345257915,True
40.0,5.0,25.0,523.780356685791,180.0,20.0,5.0,3.0,LC5,463.18791289280864,2.275128641690323,LC5,694.7818693392128,1.6799778206228884,LC5,79.60907468753537,4.196460820752054,LC5,119.41361203130303,2.4643072138347035,11.961149434014168,9.605871345257915,True
40.0,5.0,25.0,523.780356685791,180.0,25.0,5.0,1.0,LC5,184.44400235995963,7.22471850854458,LC5,276.6660035399394,5.730136613012528,LC5,63.687259750028296,5.495576025940068,LC5,95.53088962504243,3.3303840172933787,11.961149434014168,9.605871345257915,True
40.0,5.0,25.0,523.780356685791,180.0,25.0,5.0,1.5,LC5,273.1352466204116,4.554025043528138,LC5,409.7028699306174,3.5447570340801544,LC5,63.687259750028296,5.495576025940068,LC5,95.53088962504243,3.3303840172933787,11.961149434014168,9.605871345257915,True
40.0,5.0,25.0,523.780356685791,180.0,25.0,5.0,2.0,LC5,361.82649088086356,3.192617285447719,LC5,542.7397363212953,2.430741984400639,LC5,63.687259750028296,5.495576025940068,LC5,95.53088962504243,3.3303840172933787,11.961149434014168,9.605871345257915,True
40.0,5.0,25.0,523.780356685791,180.0,25.0,5.0,2.5,LC5,450.5177351413155,2.367237029024301,LC5,675.7766027119733,1.7553484280567995,LC5,63.687259750028296,5.495576025940068,LC5,95.53088962504243,3.3303840172933787,11.961149434014168,9.605871345257915,True
40.0,5.0,25.0,523.780356685791,180.0,25.0,5.0,3.0,LC5,539.2089794017675,1.8133804479351507,LC5,808.8134691026512,1.3021377253593718,LC5,63.687259750028296,5.495576025940068,LC5,95.53088962504243,3.3303840172933787,11.961149434014168,9.605871345257915,True
40.0,5.0,25.0,523.780356685791,180.0,30.0,5.0,1.0,LC5,209.7843578629459,6.231235042753141,LC5,314.6765367944189,4.917187277348428,LC5,53.072716458356915,6.794691231128081,LC5,79.60907468753535,4.196460820752055,11.961149434014168,9.605871345257915,True
40.0,5.0,25.0,523.780356685791,180.0,30.0,5.0,1.5,LC5,311.145779874891,3.8755281225731952,LC5,466.7186698123365,2.989555422646139,LC5,53.072716458356915,6.794691231128081,LC5,79.60907468753535,4.196460820752055,11.961149434014168,9.605871345257915,True
40.0,5.0,25.0,523.780356685791,180.0,30.0,5.0,2.0,LC5,412.5072018868361,2.6775115514617402,LC5,618.7608028302542,2.0092403906050365,LC5,53.072716458356915,6.794691231128081,LC5,79.60907468753535,4.196460820752055,11.961149434014168,9.605871345257915,True
40.0,5.0,25.0,523.780356685791,180.0,30.0,5.0,2.5,LC5,513.8686238987812,1.952116415457212,LC5,770.8029358481717,1.4156628282053738,LC5,53.072716458356915,6.794691231128081,LC5,79.60907468753535,4.196460820752055,11.961149434014168,9.605871345257915,True
40.0,5.0,25.0,523.780356685791,180.0,30.0,5.0,3.0,LC5,615.2300459107263,1.4657443343073107,LC5,922.8450688660895,1.0176734565942485,LC5,53.072716458356915,6.794691231128081,LC5,79.60907468753535,4.196460820752055,11.961149434014168,9.605871345257915,True
40.0,10.0,30.0,528.780356685791,120.0,20.0,5.0,1.0,LC5,229.41267819347505,5.612537772304977,LC5,344.1190172902126,4.410918625371068,LC5,116.4227974088301,2.553302676085033,LC5,174.63419611324517,1.368868450723355,7.862741115087497,6.252218833791659,True
40.0,10.0,30.0,528.780356685791,120.0,20.0,5.0,1.5,LC5,340.5882603706847,3.454058393994405,LC5,510.8823905560272,2.6446744581927395,LC5,116.4227974088301,2.553302676085033,LC5,174.63419611324517,1.368868450723355,7.862741115087497,6.252218833791659,True
40.0,10.0,30.0,528.780356685791,120.0,20.0,5.0,2.0,LC5,451.76384254789434,2.357949125464093,LC5,677.6457638218416,1.7477483065761987,LC5,116.4227974088301,2.553302676085033,LC5,174.63419611324517,1.368868450723355,7.862741115087497,6.252218833791659,True
40.0,10.0,30.0,528.780356685791,120.0,20.0,5.0,2.5,LC5,562.9394247251041,1.6947837251597453,LC5,844.4091370876562,1.2050921978674776,LC5,116.4227974088301,2.553302676085033,LC5,174.63419611324517,1.368868450723355,7.862741115087497,6.252218833791659,True
40.0,10.0,30.0,528.780356685791,120.0,20.0,5.0,3.0,LC5,674.1150069023137,1.2503578535818431,LC5,1011.1725103534708,0.8414266417795608,LC5,116.4227974088301,2.553302676085033,LC5,174.63419611324517,1.368868450723355,7.862741115087497,6.252218833791659,True
40.0,10.0,30.0,528.780356685791,120.0,25.0,5.0,1.0,LC5,266.47120558587835,4.692922793157481,LC5,399.7068083788176,3.6584145202633396,LC5,93.13823792706408,3.441628345106291,LC5,139.70735689059612,1.9610855634041942,7.862741115087497,6.252218833791659,True
40.0,10.0,30.0,528.780356685791,120.0,25.0,5.0,1.5,LC5,396.1760514592896,2.82910575844306,LC5,594.2640771889346,2.1332871554475834,LC5,93.13823792706408,3.441628345106291,LC5,139.70735689059612,1.9610855634041942,7.862741115087497,6.252218833791659,True
40.0,10.0,30.0,528.780356685791,120.0,25.0,5.0,2.0,LC5,525.880897332701,1.8846835998309004,LC5,788.8213459990516,1.3604837894463353,LC5,93.13823792706408,3.441628345106291,LC5,139.70735689059612,1.9610855634041942,7.862741115087497,6.252218833791659,True
40.0,10.0,30.0,528.780356685791,120.0,25.0,5.0,2.5,LC5,655.5857432061123,1.313961241105062,LC5,983.3786148091685,0.8934721296144252,LC5,93.13823792706408,3.441628345106291,LC5,139.70735689059612,1.9610855634041942,7.862741115087497,6.252218833791659,True
40.0,10.0,30.0,528.780356685791,120.0,25.0,5.0,3.0,LC5,785.2905890795236,0.9317689796564961,LC5,1177.9358836192855,0.5807311975919118,LC5,93.13823792706408,3.441628345106291,LC5,139.70735689059612,1.9610855634041942,7.862741115087497,6.252218833791659,True
40.0,10.0,30.0,528.780356685791,120.0,30.0,5.0,1.0,LC5,303.5297329782815,3.9978629280069446,LC5,455.29459946742236,3.0896597547567257,LC5,77.6151982725534,4.32995401412755,LC5,116.4227974088301,2.553302676085033,7.862741115087497,6.252218833791659,True
40.0,10.0,30.0,528.780356685791,120.0,30.0,5.0,1.5,LC5,451.76384254789446,2.357949125464092,LC5,677.6457638218417,1.7477483065761983,LC5,77.6151982725534,4.32995401412755,LC5,116.4227974088301,2.553302676085033,7.862741115087497,6.252218833791659,True
40.0,10.0,30.0,528.780356685791,120.0,30.0,5.0,2.0,LC5,599.9979521175073,1.528341962912069,LC5,899.9969281762612,1.068895950315215,LC5,77.6151982725534,4.32995401412755,LC5,116.4227974088301,2.553302676085033,7.862741115087497,6.252218833791659,True
40.0,10.0,30.0,528.780356685791,120.0,30.0,5.0,2.5,LC5,748.2320616871204,1.0274458656308507,LC5,1122.3480925306806,0.6590218421466247,LC5,77.6151982725534,4.32995401412755,LC5,116.4227974088301,2.553302676085033,7.862741115087497,6.252218833791659,True
40.0,10.0,30.0,528.780356685791,120.0,30.0,5.0,3.0,LC5,896.4661712567333,0.6921999386472732,LC5,1344.6992568850999,0.38469623632661953,LC5,77.6151982725534,4.32995401412755,LC5,116.4227974088301,2.553302676085033,7.862741115087497,6.252218833791659,True
40.0,10.0,30.0,528.780356685791,150.0,20.0,5.0,1.0,LC5,187.57864319476587,7.087274618064461,LC5,281.3679647921488,5.617668793160196,LC5,94.51854790516958,3.3767646325370135,LC5,141.7778218577544,1.9178430883580084,9.916641613707082,7.932888017896104,True
40.0,10.0,30.0,528.780356685791,150.0,20.0,5.0,1.5,LC5,277.83720787262087,4.460031835244666,LC5,416.75581180893147,3.4678441121624104,LC5,94.51854790516958,3.3767646325370135,LC5,141.7778218577544,1.9178430883580084,9.916641613707082,7.932888017896104,True
40.0,10.0,30.0,528.780356685791,150.0,20.0,5.0,2.0,LC5,368.095772550476,3.1212100576134105,LC5,552.143658825714,2.3723107568781234,LC5,94.51854790516958,3.3767646325370135,LC5,141.7778218577544,1.9178430883580084,9.916641613707082,7.932888017896104,True
40.0,10.0,30.0,528.780356685791,150.0,20.0,5.0,2.5,LC5,458.3543372283311,2.3096665107901013,LC5,687.5315058424967,1.7082395267374944,LC5,94.51854790516958,3.3767646325370135,LC5,141.7778218577544,1.9178430883580084,9.916641613707082,7.932888017896104,True
40.0,10.0,30.0,528.780356685791,150.0,20.0,5.0,3.0,LC5,548.6129019061862,1.7651555308471578,LC5,822.9193528592793,1.2626761583992123,LC5,94.51854790516958,3.3767646325370135,LC5,141.7778218577544,1.9178430883580084,9.916641613707082,7.932888017896104,True
40.0,10.0,30.0,528.780356685791,150.0,25.0,5.0,1.0,LC5,217.6648314207176,5.969430891055789,LC5,326.49724713107645,4.702957731991157,LC5,75.61483832413566,4.470955790671267,LC5,113.4222574862035,2.647303860447511,9.916641613707082,7.932888017896104,True
40.0,10.0,30.0,528.780356685791,150.0,25.0,5.0,1.5,LC5,322.96649021154855,3.697081728219975,LC5,484.44973531732296,2.8435360043707276,LC5,75.61483832413566,4.470955790671267,LC5,113.4222574862035,2.647303860447511,9.916641613707082,7.932888017896104,True
40.0,10.0,30.0,528.780356685791,150.0,25.0,5.0,2.0,LC5,428.26814900237946,2.54217329384346,LC5,642.4022235035694,1.8984955715827376,LC5,75.61483832413566,4.470955790671267,LC5,113.4222574862035,2.647303860447511,9.916641613707082,7.932888017896104,True
40.0,10.0,30.0,528.780356685791,150.0,25.0,5.0,2.5,LC5,533.5698077932104,1.8431143926118216,LC5,800.3547116898159,1.3264684680479943,LC5,75.61483832413566,4.470955790671267,LC5,113.4222574862035,2.647303860447511,9.916641613707082,7.932888017896104,True
40.0,10.0,30.0,528.780356685791,150.0,25.0,5.0,3.0,LC5,638.8714665840415,1.3744995344856954,LC5,958.3071998760624,0.9430095070148818,LC5,75.61483832413566,4.470955790671267,LC5,113.4222574862035,2.647303860447511,9.916641613707082,7.932888017896104,True
40.0,10.0,30.0,528.780356685791,150.0,30.0,5.0,1.0,LC5,247.75101964666928,5.123082771418956,LC5,371.62652947000396,4.01040655696862,LC5,63.01236527011305,5.56514694880552,LC5,94.5185479051696,3.3767646325370126,9.916641613707082,7.932888017896104,True
40.0,10.0,30.0,528.780356685791,150.0,30.0,5.0,1.5,LC5,368.095772550476,3.1212100576134105,LC5,552.1436588257143,2.3723107568781217,LC5,63.01236527011305,5.56514694880552,LC5,94.5185479051696,3.3767646325370126,9.916641613707082,7.932888017896104,True
40.0,10.0,30.0,528.780356685791,150.0,30.0,5.0,2.0,LC5,488.4405254542828,2.105802899112614,LC5,732.6607881814243,1.5414216647539822,LC5,63.01236527011305,5.56514694880552,LC5,94.5185479051696,3.3767646325370126,9.916641613707082,7.932888017896104,True
40.0,10.0,30.0,528.780356685791,150.0,30.0,5.0,2.5,LC5,608.7852783580897,1.4918473785887034,LC5,913.1779175371345,1.0390330999482162,LC5,63.01236527011305,5.56514694880552,LC5,94.5185479051696,3.3767646325370126,9.916641613707082,7.932888017896104,True
40.0,10.0,30.0,528.780356685791,150.0,30.0,5.0,3.0,LC5,729.1300312618964,1.0805616761862717,LC5,1093.6950468928449,0.7024855377098824,LC5,63.01236527011305,5.56514694880552,LC5,94.5185479051696,3.3767646325370126,9.916641613707082,7.932888017896104,True
40.0,10.0,30.0,528.780356685791,180.0,20.0,5.0,1.0,LC5,159.68957191466177,8.499681048745536,LC5,239.53435787199263,6.773415123165982,LC5,79.9158643303334,4.176512086262707,LC5,119.87379649550009,2.451008057508472,11.911392775077502,9.565156381979483,True
40.0,10.0,30.0,528.780356685791,180.0,20.0,5.0,1.5,LC5,236.00360095246484,5.427868023528801,LC5,354.00540142869716,4.259806750081578,LC5,79.9158643303334,4.176512086262707,LC5,119.87379649550009,2.451008057508472,11.911392775077502,9.565156381979483,True
40.0,10.0,30.0,528.780356685791,180.0,20.0,5.0,2.0,LC5,312.3176299902678,3.8572346045507313,LC5,468.47644498540177,2.9745861716868647,LC5,79.9158643303334,4.176512086262707,LC5,119.87379649550009,2.451008057508472,11.911392775077502,9.565156381979483,True
40.0,10.0,30.0,528.780356685791,180.0,20.0,5.0,2.5,LC5,388.6316590280709,2.9034390656537505,LC5,582.9474885421063,2.194112740165803,LC5,79.9158643303334,4.176512086262707,LC5,119.87379649550009,2.451008057508472,11.911392775077502,9.565156381979483,True
40.0,10.0,30.0,528.780356685791,180.0,20.0,5.0,3.0,LC5,464.945688065874,2.2627466797478286,LC5,697.4185320988108,1.669845887800685,LC5,79.9158643303334,4.176512086262707,LC5,119.87379649550009,2.451008057508472,11.911392775077502,9.565156381979483,True
40.0,10.0,30.0,528.780356685791,180.0,25.0,5.0,1.0,LC5,185.1275815939295,7.194348929202151,LC5,277.6913723908942,5.705285742111364,LC5,63.932691464266725,5.470640107828384,LC5,95.89903719640007,3.31376007188559,11.911392775077502,9.565156381979483,True
40.0,10.0,30.0,528.780356685791,180.0,25.0,5.0,1.5,LC5,274.16061547136644,4.533252824778681,LC5,411.2409232070495,3.527759507685303,LC5,63.932691464266725,5.470640107828384,LC5,95.89903719640007,3.31376007188559,11.911392775077502,9.565156381979483,True
40.0,10.0,30.0,528.780356685791,180.0,25.0,5.0,2.0,LC5,363.19364934880326,3.176835147640774,LC5,544.7904740232048,2.4178277499042506,LC5,63.932691464266725,5.470640107828384,LC5,95.89903719640007,3.31376007188559,11.911392775077502,9.565156381979483,True
40.0,10.0,30.0,528.780356685791,180.0,25.0,5.0,2.5,LC5,452.2266832262402,2.3545123635287006,LC5,678.3400248393601,1.744936067189823,LC5,63.932691464266725,5.470640107828384,LC5,95.89903719640007,3.31376007188559,11.911392775077502,9.565156381979483,True
40.0,10.0,30.0,528.780356685791,180.0,25.0,5.0,3.0,LC5,541.2597171036773,1.8027210451159834,LC5,811.8895756555154,1.2934153311386356,LC5,63.932691464266725,5.470640107828384,LC5,95.89903719640007,3.31376007188559,11.911392775077502,9.565156381979483,True
40.0,10.0,30.0,528.780356685791,180.0,30.0,5.0,1.0,LC5,210.56559127319719,6.204405956487813,LC5,315.8483869097957,4.895233527128241,LC5,53.277242886888935,6.764768129394061,LC5,79.91586433033339,4.176512086262708,11.911392775077502,9.565156381979483,True
40.0,10.0,30.0,528.780356685791,180.0,30.0,5.0,1.5,LC5,312.3176299902678,3.8572346045507313,LC5,468.4764449854018,2.974586171686864,LC5,53.277242886888935,6.764768129394061,LC5,79.91586433033339,4.176512086262708,11.911392775077502,9.565156381979483,True
40.0,10.0,30.0,528.780356685791,180.0,30.0,5.0,2.0,LC5,414.0696687073386,2.6636346843173495,LC5,621.1045030610079,1.9978852042183717,LC5,53.277242886888935,6.764768129394061,LC5,79.91586433033339,4.176512086262708,11.911392775077502,9.565156381979483,True
40.0,10.0,30.0,528.780356685791,180.0,30.0,5.0,2.5,LC5,515.8217074244094,1.9409386579999781,LC5,773.732561136614,1.4065162738720987,LC5,53.277242886888935,6.764768129394061,LC5,79.91586433033339,4.176512086262708,11.911392775077502,9.565156381979483,True
40.0,10.0,30.0,528.780356685791,180.0,30.0,5.0,3.0,LC5,617.57374614148,1.4563868031599752,LC5,926.3606192122201,1.0100163601335415,LC5,53.277242886888935,6.764768129394061,LC5,79.91586433033339,4.176512086262708,11.911392775077502,9.565156381979483,True
40.0,15.0,35.0,533.780356685791,120.0,20.0,5.0,1.0,LC5,230.29136788993924,5.587307261664293,LC5,345.43705183490897,4.390272960324724,LC5,116.88287825802959,2.539315969588406,LC5,175.32431738704443,1.3595439797256033,7.827855103387279,6.223672248959398,True
40.0,15.0,35.0,533.780356685791,120.0,20.0,5.0,1.5,LC5,341.906294915381,3.436888184160064,LC5,512.8594423730717,2.6306243897631445,LC5,116.88287825802959,2.539315969588406,LC5,175.32431738704443,1.3595439797256033,7.827855103387279,6.223672248959398,True
40.0,15.0,35.0,533.780356685791,120.0,20.0,5.0,2.0,LC5,453.5212219408228,2.3449371861984094,LC5,680.2818329112343,1.7371008748413255,LC5,116.88287825802959,2.539315969588406,LC5,175.32431738704443,1.3595439797256033,7.827855103387279,6.223672248959398,True
40.0,15.0,35.0,533.780356685791,120.0,20.0,5.0,2.5,LC5,565.1361489662646,1.6843089099411976,LC5,847.7042234493973,1.1965208483016951,LC5,116.88287825802959,2.539315969588406,LC5,175.32431738704443,1.3595439797256033,7.827855103387279,6.223672248959398,True
40.0,15.0,35.0,533.780356685791,120.0,20.0,5.0,3.0,LC5,676.7510759917063,1.2415922985818657,LC5,1015.12661398756,0.8342539485649012,LC5,116.88287825802959,2.539315969588406,LC5,175.32431738704443,1.3595439797256033,7.827855103387279,6.223672248959398,True
40.0,15.0,35.0,533.780356685791,120.0,25.0,5.0,1.0,LC5,267.4963435650866,4.671105555246168,LC5,401.2445153476299,3.640561873816025,LC5,93.50630260642367,3.4241449619855073,LC5,140.25945390963554,1.9494299746570043,7.827855103387279,6.223672248959398,True
40.0,15.0,35.0,533.780356685791,120.0,25.0,5.0,1.5,LC5,397.71375842810204,2.814301033979041,LC5,596.570637642153,2.1211727203994615,LC5,93.50630260642367,3.4241449619855073,LC5,140.25945390963554,1.9494299746570043,7.827855103387279,6.223672248959398,True
40.0,15.0,35.0,533.780356685791,120.0,25.0,5.0,2.0,LC5,527.9311732911175,1.8734806291945931,LC5,791.8967599366763,1.3513166036301172,LC5,93.50630260642367,3.4241449619855073,LC5,140.25945390963554,1.9494299746570043,7.827855103387279,6.223672248959398,True
40.0,15.0,35.0,533.780356685791,120.0,25.0,5.0,2.5,LC5,658.1485881541329,1.3049506255944916,LC5,987.2228822311995,0.8860989078694541,LC5,93.50630260642367,3.4241449619855073,LC5,140.25945390963554,1.9494299746570043,7.827855103387279,6.223672248959398,True
40.0,15.0,35.0,533.780356685791,120.0,25.0,5.0,3.0,LC5,788.3660030171484,0.924233153375847,LC5,1182.5490045257225,0.5745647688797308,LC5,93.50630260642367,3.4241449619855073,LC5,140.25945390963554,1.9494299746570043,7.827855103387279,6.223672248959398,True
40.0,15.0,35.0,533.780356685791,120.0,30.0,5.0,1.0,LC5,304.7013192402337,3.978645986117183,LC5,457.05197886035086,3.073934882948886,LC5,77.9219188386864,4.308973954382609,LC5,116.88287825802962,2.5393159695884053,7.827855103387279,6.223672248959398,True
40.0,15.0,35.0,533.780356685791,120.0,30.0,5.0,1.5,LC5,453.5212219408229,2.3449371861984085,LC5,680.2818329112343,1.7371008748413255,LC5,77.9219188386864,4.308973954382609,LC5,116.88287825802962,2.5393159695884053,7.827855103387279,6.223672248959398,True
40.0,15.0,35.0,533.780356685791,120.0,30.0,5.0,2.0,LC5,602.3411246414117,1.5185064375325639,LC5,903.5116869621181,1.0608477199233715,LC5,77.9219188386864,4.308973954382609,LC5,116.88287825802962,2.5393159695884053,7.827855103387279,6.223672248959398,True
40.0,15.0,35.0,533.780356685791,120.0,30.0,5.0,2.5,LC5,751.1610273420009,1.019540344588878,LC5,1126.7415410130018,0.652552898978022,LC5,77.9219188386864,4.308973954382609,LC5,116.88287825802962,2.5393159695884053,7.827855103387279,6.223672248959398,True
40.0,15.0,35.0,533.780356685791,120.0,30.0,5.0,3.0,LC5,899.9809300425901,0.6855912712819487,LC5,1349.9713950638852,0.3792884847844378,LC5,77.9219188386864,4.308973954382609,LC5,116.88287825802962,2.5393159695884053,7.827855103387279,6.223672248959398,True
40.0,15.0,35.0,533.780356685791,150.0,20.0,5.0,1.0,LC5,188.28168774923,7.057076703181423,LC5,282.42253162384503,5.592958392144059,LC5,94.88666117307804,3.359784952655448,LC5,142.3299917596171,1.9065233017702985,9.874290448966686,7.898232834970761,True
40.0,15.0,35.0,533.780356685791,150.0,20.0,5.0,1.5,LC5,278.891774704317,4.439385946782883,LC5,418.33766205647584,3.450949959529651,LC5,94.88666117307804,3.359784952655448,LC5,142.3299917596171,1.9065233017702985,9.874290448966686,7.898232834970761,True
40.0,15.0,35.0,533.780356685791,150.0,20.0,5.0,2.0,LC5,369.50186165940426,3.105527352926641,LC5,554.2527924891066,2.359477886683983,LC5,94.88666117307804,3.359784952655448,LC5,142.3299917596171,1.9065233017702985,9.874290448966686,7.898232834970761,True
40.0,15.0,35.0,533.780356685791,150.0,20.0,5.0,2.5,LC5,460.1119486144914,2.2970237016622908,LC5,690.1679229217374,1.697894147438006,LC5,94.88666117307804,3.359784952655448,LC5,142.3299917596171,1.9065233017702985,9.874290448966686,7.898232834970761,True
40.0,15.0,35.0,533.780356685791,150.0,20.0,5.0,3.0,LC5,550.7220355695785,1.7545656465898603,LC5,826.0830533543681,1.2540106499452066,LC5,94.88666117307804,3.359784952655448,LC5,142.3299917596171,1.9065233017702985,9.874290448966686,7.898232834970761,True
40.0,15.0,35.0,533.780356685791,150.0,25.0,5.0,1.0,LC5,218.48505006759237,5.943266825490752,LC5,327.72757510138865,4.681548156037695,LC5,75.90932893846244,4.4497311908193105,LC5,113.86399340769368,2.6331541272128725,9.874290448966686,7.898232834970761,True
40.0,15.0,35.0,533.780356685791,150.0,25.0,5.0,1.5,LC5,324.19681818186075,3.679256287916518,LC5,486.2952272727912,2.8289497728413777,LC5,75.90932893846244,4.4497311908193105,LC5,113.86399340769368,2.6331541272128725,9.874290448966686,7.898232834970761,True
40.0,15.0,35.0,533.780356685791,150.0,25.0,5.0,2.0,LC5,429.90858629612904,2.528657133996068,LC5,644.8628794441937,1.8874355453749407,LC5,75.90932893846244,4.4497311908193105,LC5,113.86399340769368,2.6331541272128725,9.874290448966686,7.898232834970761,True
40.0,15.0,35.0,533.780356685791,150.0,25.0,5.0,2.5,LC5,535.6203544103975,1.8322299320941413,LC5,803.4305316155961,1.3175619132319456,LC5,75.90932893846244,4.4497311908193105,LC5,113.86399340769368,2.6331541272128725,9.874290448966686,7.898232834970761,True
40.0,15.0,35.0,533.780356685791,150.0,25.0,5.0,3.0,LC5,641.3321225246658,1.3653890811334741,LC5,961.9981837869989,0.9355545897914868,LC5,75.90932893846244,4.4497311908193105,LC5,113.86399340769368,2.6331541272128725,9.874290448966686,7.898232834970761,True
40.0,15.0,35.0,533.780356685791,150.0,30.0,5.0,1.0,LC5,248.6884123859548,5.100002752221823,LC5,373.0326185789322,3.9915205997086503,LC5,63.25777411538537,5.539677428983172,LC5,94.88666117307807,3.3597849526554473,9.874290448966686,7.898232834970761,True
40.0,15.0,35.0,533.780356685791,150.0,30.0,5.0,1.5,LC5,369.5018616594043,3.105527352926641,LC5,554.2527924891066,2.359477886683983,LC5,63.25777411538537,5.539677428983172,LC5,94.88666117307807,3.3597849526554473,9.874290448966686,7.898232834970761,True
40.0,15.0,35.0,533.780356685791,150.0,30.0,5.0,2.0,LC5,490.3153109328539,2.0939274507129255,LC5,735.472966399281,1.5317042026927998,LC5,63.25777411538537,5.539677428983172,LC5,94.88666117307807,3.3597849526554473,9.874290448966686,7.898232834970761,True
40.0,15.0,35.0,533.780356685791,150.0,30.0,5.0,2.5,LC5,611.1287602063034,1.4822919469342186,LC5,916.6931403094552,1.0312140651248138,LC5,63.25777411538537,5.539677428983172,LC5,94.88666117307807,3.3597849526554473,9.874290448966686,7.898232834970761,True
40.0,15.0,35.0,533.780356685791,150.0,30.0,5.0,3.0,LC5,731.942209479753,1.0725679983372558,LC5,1097.9133142196295,0.6959444574396705,LC5,63.25777411538537,5.539677428983172,LC5,94.88666117307807,3.3597849526554473,9.874290448966686,7.898232834970761,True
40.0,15.0,35.0,533.780356685791,180.0,20.0,5.0,1.0,LC5,160.275516398736,8.464951566438776,LC5,240.41327459810398,6.744996623471326,LC5,80.22266414476324,4.156715274920299,LC5,120.33399621714484,2.4378101832802,11.862015046855008,9.524751490768635,True
40.0,15.0,35.0,533.780356685791,180.0,20.0,5.0,1.5,LC5,236.88251767857614,5.4040183921820875,LC5,355.32377651786425,4.24029103328633,LC5,80.22266414476324,4.156715274920299,LC5,120.33399621714484,2.4378101832802,11.862015046855008,9.524751490768635,True
40.0,15.0,35.0,533.780356685791,180.0,20.0,5.0,2.0,LC5,313.4895189584163,3.83907725221661,LC5,470.2342784376245,2.95972834261803,LC5,80.22266414476324,4.156715274920299,LC5,120.33399621714484,2.4378101832802,11.862015046855008,9.524751490768635,True
40.0,15.0,35.0,533.780356685791,180.0,20.0,5.0,2.5,LC5,390.0965202382565,2.8887811638859855,LC5,585.1447803573847,2.1821184474426305,LC5,80.22266414476324,4.156715274920299,LC5,120.33399621714484,2.4378101832802,11.862015046855008,9.524751490768635,True
40.0,15.0,35.0,533.780356685791,180.0,20.0,5.0,3.0,LC5,466.7035215180966,2.2504575818615886,LC5,700.0552822771449,1.65978994393596,LC5,80.22266414476324,4.156715274920299,LC5,120.33399621714484,2.4378101832802,11.862015046855008,9.524751490768635,True
40.0,15.0,35.0,533.780356685791,180.0,25.0,5.0,1.0,LC5,185.81118349201606,7.164201806858319,LC5,278.71677523802407,5.680616903700368,LC5,64.17813131581059,5.445894093650375,LC5,96.26719697371588,3.2972627291002494,11.862015046855008,9.524751490768635,True
40.0,15.0,35.0,533.780356685791,180.0,25.0,5.0,1.5,LC5,275.1860183184962,4.512634723484558,LC5,412.77902747774436,3.510888092783233,LC5,64.17813131581059,5.445894093650375,LC5,96.26719697371588,3.2972627291002494,11.862015046855008,9.524751490768635,True
40.0,15.0,35.0,533.780356685791,180.0,25.0,5.0,2.0,LC5,364.56085314497636,3.1611708632817157,LC5,546.8412797174645,2.405009952727117,LC5,64.17813131581059,5.445894093650375,LC5,96.26719697371588,3.2972627291002494,11.862015046855008,9.524751490768635,True
40.0,15.0,35.0,533.780356685791,180.0,25.0,5.0,2.5,LC5,453.93568797145656,2.3418830909267236,LC5,680.9035319571849,1.7346017645816563,LC5,64.17813131581059,5.445894093650375,LC5,96.26719697371588,3.2972627291002494,11.862015046855008,9.524751490768635,True
40.0,15.0,35.0,533.780356685791,180.0,25.0,5.0,3.0,LC5,543.3105227979368,1.792141761193514,LC5,814.9657841969051,1.284758496744594,LC5,64.17813131581059,5.445894093650375,LC5,96.26719697371588,3.2972627291002494,11.862015046855008,9.524751490768635,True
40.0,15.0,35.0,533.780356685791,180.0,30.0,5.0,1.0,LC5,211.34685058529612,6.177774335405881,LC5,317.0202758779442,4.8734413590532855,LC5,53.481776096508824,6.73507291238045,LC5,80.22266414476323,4.1567152749203,11.862015046855008,9.524751490768635,True
40.0,15.0,35.0,533.780356685791,180.0,30.0,5.0,1.5,LC5,313.4895189584163,3.83907725221661,LC5,470.2342784376245,2.95972834261803,LC5,53.481776096508824,6.73507291238045,LC5,80.22266414476323,4.1567152749203,11.862015046855008,9.524751490768635,True
40.0,15.0,35.0,533.780356685791,180.0,30.0,5.0,2.0,LC5,415.63218733153656,2.649861695600436,LC5,623.4482809973048,1.9866150196475552,LC5,53.481776096508824,6.73507291238045,LC5,80.22266414476323,4.1567152749203,11.862015046855008,9.524751490768635,True
40.0,15.0,35.0,533.780356685791,180.0,30.0,5.0,2.5,LC5,517.7748557046568,1.929844860727091,LC5,776.6622835569852,1.3974384226208936,LC5,53.481776096508824,6.73507291238045,LC5,80.22266414476323,4.1567152749203,11.862015046855008,9.524751490768635,True
40.0,15.0,35.0,533.780356685791,180.0,30.0,5.0,3.0,LC5,619.9175240777769,1.4470997206552143,LC5,929.8762861166654,1.0024169105075846,LC5,53.481776096508824,6.73507291238045,LC5,80.22266414476323,4.1567152749203,11.862015046855008,9.524751490768635,True
40.0,20.0,40.0,538.780356685791,120.0,20.0,5.0,1.0,LC5,231.17008902069549,5.562267663720935,LC5,346.75513353104327,4.369783515644201,LC5,117.34297556618588,2.525438447372313,LC5,176.01446334927888,1.350292298248208,7.793241421995065,6.1953485070335335,True
40.0,20.0,40.0,538.780356685791,120.0,20.0,5.0,1.5,LC5,343.22437661151537,3.419849239662378,LC5,514.8365649172731,2.616681733355899,LC5,117.34297556618588,2.525438447372313,LC5,176.01446334927888,1.350292298248208,7.793241421995065,6.1953485070335335,True
40.0,20.0,40.0,538.780356685791,120.0,20.0,5.0,2.0,LC5,455.2786642023352,2.332025239218796,LC5,682.9179963035031,1.7265352649639185,LC5,117.34297556618588,2.525438447372313,LC5,176.01446334927888,1.350292298248208,7.793241421995065,6.1953485070335335,True
40.0,20.0,40.0,538.780356685791,120.0,20.0,5.0,2.5,LC5,567.3329517931551,1.6739148417261083,LC5,850.9994276897329,1.1880155725308774,LC5,117.34297556618588,2.525438447372313,LC5,176.01446334927888,1.350292298248208,7.793241421995065,6.1953485070335335,True
40.0,20.0,40.0,538.780356685791,120.0,20.0,5.0,3.0,LC5,679.387239383975,1.2328944555619246,LC5,1019.0808590759627,0.8271366628241279,LC5,117.34297556618588,2.525438447372313,LC5,176.01446334927888,1.350292298248208,7.793241421995065,6.1953485070335335,True
40.0,20.0,40.0,538.780356685791,120.0,25.0,5.0,1.0,LC5,268.5215182176354,4.649454129670453,LC5,402.7822773264533,3.622844908567953,LC5,93.87438045294871,3.406798059215391,LC5,140.8115706794231,1.93786537281026,7.793241421995065,6.1953485070335335,True
40.0,20.0,40.0,538.780356685791,120.0,25.0,5.0,1.5,LC5,399.2515204069253,2.799609826041095,LC5,598.8772806103883,2.109151173846853,LC5,93.87438045294871,3.406798059215391,LC5,140.8115706794231,1.93786537281026,7.793241421995065,6.1953485070335335,True
40.0,20.0,40.0,538.780356685791,120.0,25.0,5.0,2.0,LC5,529.9815225962151,1.8623639416119406,LC5,794.9722838943231,1.3422200216574072,LC5,93.87438045294871,3.406798059215391,LC5,140.8115706794231,1.93786537281026,7.793241421995065,6.1953485070335335,True
40.0,20.0,40.0,538.780356685791,120.0,25.0,5.0,2.5,LC5,660.711524785505,1.2960095943422245,LC5,991.0672871782581,0.8787826256494045,LC5,93.87438045294871,3.406798059215391,LC5,140.8115706794231,1.93786537281026,7.793241421995065,6.1953485070335335,True
40.0,20.0,40.0,538.780356685791,120.0,25.0,5.0,3.0,LC5,791.441526974795,0.9167556266583314,LC5,1187.162290462193,0.5684460456329652,LC5,93.87438045294871,3.406798059215391,LC5,140.8115706794231,1.93786537281026,7.793241421995065,6.1953485070335335,True
40.0,20.0,40.0,538.780356685791,120.0,30.0,5.0,1.0,LC5,305.8729474145753,3.9595755781039452,LC5,458.8094211218632,3.0583299171300995,LC5,78.22865037745726,4.288157671058469,LC5,117.34297556618593,2.525438447372312,7.793241421995065,6.1953485070335335,True
40.0,20.0,40.0,538.780356685791,120.0,30.0,5.0,1.5,LC5,455.2786642023352,2.332025239218796,LC5,682.9179963035031,1.7265352649639185,LC5,78.22865037745726,4.288157671058469,LC5,117.34297556618593,2.525438447372312,7.793241421995065,6.1953485070335335,True
40.0,20.0,40.0,538.780356685791,120.0,30.0,5.0,2.0,LC5,604.6843809900951,1.5087467903769936,LC5,907.0265714851429,1.0528615792933245,LC5,78.22865037745726,4.288157671058469,LC5,117.34297556618593,2.525438447372312,7.793241421995065,6.1953485070335335,True
40.0,20.0,40.0,538.780356685791,120.0,30.0,5.0,2.5,LC5,754.0900977778549,1.0116959557886789,LC5,1131.135146666783,0.6461339792039191,LC5,78.22865037745726,4.288157671058469,LC5,117.34297556618593,2.525438447372312,7.793241421995065,6.1953485070335335,True
40.0,20.0,40.0,538.780356685791,120.0,30.0,5.0,3.0,LC5,903.4958145656149,0.6790337880307142,LC5,1355.2437218484226,0.3739226162659586,LC5,78.22865037745726,4.288157671058469,LC5,117.34297556618593,2.525438447372312,7.793241421995065,6.1953485070335335,True
40.0,20.0,40.0,538.780356685791,150.0,20.0,5.0,1.0,LC5,188.98475636951258,7.027102445415675,LC5,283.47713455426896,5.568431005653255,LC5,95.2547870418196,3.3429359346368788,LC5,142.88218056272942,1.895290623091252,9.832265184486106,7.863844330262854,True
40.0,20.0,40.0,538.780356685791,150.0,20.0,5.0,1.5,LC5,279.946377634741,4.418894907007156,LC5,419.91956645211155,3.4341825167423963,LC5,95.2547870418196,3.3429359346368788,LC5,142.88218056272942,1.895290623091252,9.832265184486106,7.863844330262854,True
40.0,20.0,40.0,538.780356685791,150.0,20.0,5.0,2.0,LC5,370.90799889996947,3.089963021825046,LC5,556.3619983499543,2.346741879427921,LC5,95.2547870418196,3.3429359346368788,LC5,142.88218056272942,1.895290623091252,9.832265184486106,7.863844330262854,True
40.0,20.0,40.0,538.780356685791,150.0,20.0,5.0,2.5,LC5,461.8696201651979,2.2844766872898274,LC5,692.804430247797,1.6876271552334243,LC5,95.2547870418196,3.3429359346368788,LC5,142.88218056272942,1.895290623091252,9.832265184486106,7.863844330262854,True
40.0,20.0,40.0,538.780356685791,150.0,20.0,5.0,3.0,LC5,552.8312414304263,1.744056207957477,LC5,829.2468621456395,1.2454109686736197,LC5,95.2547870418196,3.3429359346368788,LC5,142.88218056272942,1.895290623091252,9.832265184486106,7.863844330262854,True
40.0,20.0,40.0,538.780356685791,150.0,25.0,5.0,1.0,LC5,219.30529679125542,5.917297585584302,LC5,328.9579451868832,4.660298002354634,LC5,76.20382963345568,4.428669918296098,LC5,114.30574445018352,2.619113278864065,9.832265184486106,7.863844330262854,True
40.0,20.0,40.0,538.780356685791,150.0,25.0,5.0,1.5,LC5,325.4271882673553,3.6615650280384866,LC5,488.140782401033,2.8144733386981593,LC5,76.20382963345568,4.428669918296098,LC5,114.30574445018352,2.619113278864065,9.832265184486106,7.863844330262854,True
40.0,20.0,40.0,538.780356685791,150.0,25.0,5.0,2.0,LC5,431.54907974345514,2.5152432740716715,LC5,647.3236196151829,1.8764592293216658,LC5,76.20382963345568,4.428669918296098,LC5,114.30574445018352,2.619113278864065,9.832265184486106,7.863844330262854,True
40.0,20.0,40.0,538.780356685791,150.0,25.0,5.0,2.5,LC5,537.670971219555,1.8214281246374773,LC5,806.5064568293326,1.3087229919028704,LC5,76.20382963345568,4.428669918296098,LC5,114.30574445018352,2.619113278864065,9.832265184486106,7.863844330262854,True
40.0,20.0,40.0,538.780356685791,150.0,25.0,5.0,3.0,LC5,643.7928626956549,1.3563479620573906,LC5,965.6892940434824,0.9281564075371835,LC5,76.20382963345568,4.428669918296098,LC5,114.30574445018352,2.619113278864065,9.832265184486106,7.863844330262854,True
40.0,20.0,40.0,538.780356685791,150.0,30.0,5.0,1.0,LC5,249.62583721299822,5.077095291644789,LC5,374.4387558194974,3.9727758440090506,LC5,63.50319136121307,5.514403901955317,LC5,95.25478704181961,3.342935934636878,9.832265184486106,7.863844330262854,True
40.0,20.0,40.0,538.780356685791,150.0,30.0,5.0,1.5,LC5,370.90799889996947,3.089963021825046,LC5,556.3619983499543,2.346741879427921,LC5,63.50319136121307,5.514403901955317,LC5,95.25478704181961,3.342935934636878,9.832265184486106,7.863844330262854,True
40.0,20.0,40.0,538.780356685791,150.0,30.0,5.0,2.0,LC5,492.1901605869407,2.082142069217648,LC5,738.2852408804112,1.5220604407309426,LC5,63.50319136121307,5.514403901955317,LC5,95.25478704181961,3.342935934636878,9.832265184486106,7.863844330262854,True
40.0,20.0,40.0,538.780356685791,150.0,30.0,5.0,2.5,LC5,613.472322273912,1.4728091959830385,LC5,920.2084834108682,1.023454503590603,LC5,63.50319136121307,5.514403901955317,LC5,95.25478704181961,3.342935934636878,9.832265184486106,7.863844330262854,True
40.0,20.0,40.0,538.780356685791,150.0,30.0,5.0,3.0,LC5,734.7544839608832,1.064635239545897,LC5,1102.1317259413252,0.6894532261192963,LC5,63.50319136121307,5.514403901955317,LC5,95.25478704181961,3.342935934636878,9.832265184486106,7.863844330262854,True
40.0,20.0,40.0,538.780356685791,180.0,20.0,5.0,1.0,LC5,160.86148008716503,8.430473965414171,LC5,241.29222013074752,6.716784233619507,LC5,80.52947401456974,4.137068665259826,LC5,120.79421102185461,2.424712443506551,11.813011955623335,9.484653158150142,True
40.0,20.0,40.0,538.780356685791,180.0,20.0,5.0,1.5,LC5,237.7614632112197,5.3803443144709515,LC5,356.64219481682954,4.220918968817804,LC5,80.52947401456974,4.137068665259826,LC5,120.79421102185461,2.424712443506551,11.813011955623335,9.484653158150142,True
40.0,20.0,40.0,538.780356685791,180.0,20.0,5.0,2.0,LC5,314.6614463352743,3.821054557740843,LC5,471.99216950291157,2.944980701609953,LC5,80.52947401456974,4.137068665259826,LC5,120.79421102185461,2.424712443506551,11.813011955623335,9.484653158150142,True
40.0,20.0,40.0,538.780356685791,180.0,20.0,5.0,2.5,LC5,391.561429459329,2.8742324597565316,LC5,587.3421441889935,2.1702135091481707,LC5,80.52947401456974,4.137068665259826,LC5,120.79421102185461,2.424712443506551,11.813011955623335,9.484653158150142,True
40.0,20.0,40.0,538.780356685791,180.0,20.0,5.0,3.0,LC5,468.46141258338366,2.238260311845817,LC5,702.6921188750756,1.6498091411368536,LC5,80.52947401456974,4.137068665259826,LC5,120.79421102185461,2.424712443506551,11.813011955623335,9.484653158150142,True
40.0,20.0,40.0,538.780356685791,180.0,25.0,5.0,1.0,LC5,186.49480779518328,7.13427471753549,LC5,279.74221169277496,5.65612811428305,LC5,64.42357921165579,5.421335831574782,LC5,96.63536881748368,3.2808905543831886,11.813011955623335,9.484653158150142,True
40.0,20.0,40.0,538.780356685791,180.0,25.0,5.0,1.5,LC5,276.21145477324706,4.492169038555499,LC5,414.3171821598707,3.4941413974029167,LC5,64.42357921165579,5.421335831574782,LC5,96.63536881748368,3.2808905543831886,11.813011955623335,9.484653158150142,True
40.0,20.0,40.0,538.780356685791,180.0,25.0,5.0,2.0,LC5,365.9281017513108,3.145623123066322,LC5,548.8921526269663,2.3922875214895583,LC5,64.42357921165579,5.421335831574782,LC5,96.63536881748368,3.2808905543831886,11.813011955623335,9.484653158150142,True
40.0,20.0,40.0,538.780356685791,180.0,25.0,5.0,2.5,LC5,455.64474872937467,2.3293481472799895,LC5,683.4671230940621,1.7243446496309995,LC5,64.42357921165579,5.421335831574782,LC5,96.63536881748368,3.2808905543831886,11.813011955623335,9.484653158150142,True
40.0,20.0,40.0,538.780356685791,180.0,25.0,5.0,3.0,LC5,545.3613957074384,1.7816417002383527,LC5,818.0420935611578,1.2761664890546305,LC5,64.42357921165579,5.421335831574782,LC5,96.63536881748368,3.2808905543831886,11.813011955623335,9.484653158150142,True
40.0,20.0,40.0,538.780356685791,180.0,30.0,5.0,1.0,LC5,212.1281355032015,6.151338017474372,LC5,318.1922032548022,4.8518090039715585,LC5,53.68631600971316,6.70560299788974,LC5,80.52947401456974,4.137068665259826,11.813011955623335,9.484653158150142,True
40.0,20.0,40.0,538.780356685791,180.0,30.0,5.0,1.5,LC5,314.6614463352743,3.821054557740843,LC5,471.99216950291157,2.944980701609953,LC5,53.68631600971316,6.70560299788974,LC5,80.52947401456974,4.137068665259826,11.813011955623335,9.484653158150142,True
40.0,20.0,40.0,538.780356685791,180.0,30.0,5.0,2.0,LC5,417.19475716734723,2.6361914284351693,LC5,625.792135751021,1.9754288902422696,LC5,53.68631600971316,6.70560299788974,LC5,80.52947401456974,4.137068665259826,11.813011955623335,9.484653158150142,True
40.0,20.0,40.0,538.780356685791,180.0,30.0,5.0,2.5,LC5,519.7280679994201,1.9188340853696064,LC5,779.5921019991303,1.3884285066834572,LC5,53.68631600971316,6.70560299788974,LC5,80.52947401456974,4.137068665259826,11.813011955623335,9.484653158150142,True
40.0,20.0,40.0,538.780356685791,180.0,30.0,5.0,3.0,LC5,622.2613788314931,1.4378822977069254,LC5,933.3920682472395,0.9948744620216636,LC5,53.68631600971316,6.70560299788974,LC5,80.52947401456974,4.137068665259826,11.813011955623335,9.484653158150142,True
