section_type,Kt_bending,OD_mm,ID_mm,limit_case,limit_vm_MPa,MS_limit_7075,ultimate_case,ultimate_vm_MPa,MS_ultimate_7075,PASS
ANNULAR_ID64,1.0,74.0,64.0,LC4+,632.8928558848082,-0.20523672320998643,LC4+,949.3392838272123,-0.39747568678079814,False
ANNULAR_ID64,1.0,74.5,64.0,LC4+,599.9926278193774,-0.16165636596551014,LC4+,899.9889417290664,-0.3644366352979085,False
ANNULAR_ID64,1.0,75.0,64.0,LC4+,570.0819729130043,-0.1176707492963317,LC4+,855.1229593695066,-0.331090349367133,False
ANNULAR_ID64,1.0,75.5,64.0,LC4+,542.7714886552858,-0.07327483017543812,LC4+,814.1572329829289,-0.29743300577912624,False
ANNULAR_ID64,1.0,76.0,64.0,LC4+,517.7366556874794,-0.028463612776095992,LC4+,776.6049835312191,-0.2634608171079218,False
ANNULAR_ID64,1.0,76.5,64.0,LC4+,494.7048615858375,0.016767853033769375,LC4+,742.0572923787564,-0.22917003056949514,False
ANNULAR_ID64,1.0,77.0,64.0,LC4+,473.44541914954493,0.062424473138940284,LC4+,710.1681287243175,-0.19455692692448812,False
ANNULAR_ID64,1.0,77.5,64.0,LC4+,453.76180284018926,0.10851111056862583,LC4+,680.6427042602842,-0.15961781942312303,False
ANNULAR_ID64,1.0,78.0,64.0,LC4+,435.4855488348616,0.15503258683502308,LC4+,653.2283232522925,-0.1243490527904133,False
ANNULAR_ID64,1.0,78.5,64.0,LC4+,418.4714171309755,0.20199368322106515,LC4+,627.7071256964633,-0.08874700224990162,False
ANNULAR_ID64,1.0,79.0,64.0,LC4+,402.5935212240682,0.2493991420195989,LC4+,603.8902818361023,-0.05280807258421394,False
ANNULAR_ID64,1.0,79.5,64.0,LC4+,387.7422068743739,0.29725366772611617,LC4+,581.6133103115609,-0.016528697230830613,False
ANNULAR_ID64,1.0,80.0,64.0,LC4+,373.8215160990165,0.3455619281870528,LC4+,560.7322741485248,0.020094662588461487,True
ANNULAR_ID64,1.0,80.5,64.0,LC4+,360.7471122510737,0.39432855570558467,LC4+,541.1206683766106,0.05706551870589038,True
ANNULAR_ID64,1.0,81.0,64.0,LC4+,348.44457125589275,0.4435581481067299,LC4+,522.6668568838393,0.09438735681517452,True
ANNULAR_ID64,1.0,81.5,64.0,LC4+,336.84796577323334,0.49325526976351264,LC4+,505.2719486598501,0.13206363724947523,True
ANNULAR_ID64,1.0,82.0,64.0,LC4+,325.8986853274766,0.5434244525858232,LC4+,488.84802799121485,0.1700977957310681,True
ANNULAR_ID64,1.0,82.5,64.0,LC4+,315.54444776332724,0.5940701969735591,LC4+,473.31667164499083,0.20849324409393755,True
ANNULAR_ID64,1.0,83.0,64.0,LC4+,305.7384667828811,0.6451969727355351,LC4+,458.6077001743219,0.24725337098041833,True
ANNULAR_ID64,1.0,83.5,64.0,LC4+,296.4387475494947,0.6968092199755938,LC4+,444.6581213242421,0.28638154251297476,True
ANNULAR_ID64,1.0,84.0,64.0,LC4+,287.6074879468098,0.7489113499472759,LC4+,431.4112319202147,0.32588110294213624,True
ANNULAR_ID64,1.0,84.5,64.0,LC4+,279.21056745429564,0.8015077458783388,LC4+,418.8158511814435,0.3657553752715834,True
ANNULAR_ID64,1.0,85.0,64.0,LC4+,271.2171090365999,0.8546027637663587,LC4+,406.8256635548998,0.40600766186130843,True
ANNULAR_ID64,1.0,85.5,64.0,LC4+,263.59910216078737,0.9082007331466002,LC4+,395.3986532411811,0.44664124500974833,True
ANNULAR_ID64,1.0,86.0,64.0,LC4+,256.33107721662395,0.9623059578332656,LC4+,384.49661582493593,0.48765938751574267,True
ANNULAR_ID64,1.0,86.5,64.0,LC4+,249.38982334392372,1.0169227166352028,LC4+,374.0847350158856,0.5290653332211213,True
ANNULAR_ID64,1.0,87.0,64.0,LC4+,242.75414306158729,1.0720552640470804,LC4+,364.13121459238096,0.5708623075346984,True
ANNULAR_ID64,1.0,87.5,64.0,LC4+,236.404638217274,1.1277078309170245,LC4+,354.606957325911,0.6130535179384202,True
ANNULAR_ID64,1.0,88.0,64.0,LC4+,230.32352269016758,1.1838846250916295,LC4+,345.48528403525137,0.6556421544763578,True
ANNULAR_ID64,1.0,88.5,64.0,LC4+,224.49445802501043,1.2405898320392472,LC4+,336.7416870375157,0.6986313902272356,True
ANNULAR_ID64,1.0,89.0,64.0,LC4+,218.90240878707937,1.2978276154523951,LC4+,328.35361318061905,0.7420243817611265,True
ANNULAR_ID64,1.0,89.5,64.0,LC4+,213.5335149313539,1.355602117830088,LC4+,320.30027239703094,0.7858242695809279,True
ANNULAR_ID64,1.0,90.0,64.0,LC4+,208.3749788955515,1.4139174610408962,LC4+,312.56246834332734,0.8300341785492276,True
ANNULAR_ID64,1.0,90.5,64.0,LC4+,203.41496547241664,1.4727777468674375,LC4+,305.12244820862503,0.8746572183010919,True
ANNULAR_ID64,1.0,91.0,64.0,LC4+,198.64251280473854,1.5321870575330396,LC4+,297.9637692071078,0.9196964836433381,True
ANNULAR_ID64,1.0,91.5,64.0,LC4+,194.0474530875239,1.5921494562112337,LC4+,291.07117963128593,0.965155054940789,True
ANNULAR_ID64,1.0,92.0,64.0,LC4+,189.62034176397427,1.6526689875187448,LC4+,284.4305126459614,1.0110359984900223,True
ANNULAR_ID64,1.0,92.5,64.0,LC4+,185.3523941722142,1.7137496779925798,LC4+,278.0285912583213,1.0573423668810547,True
ANNULAR_ID64,1.0,93.0,64.0,LC4+,181.23542874358407,1.7753955365518275,LC4+,271.8531431153761,1.1040771993474423,True
ANNULAR_ID64,1.0,93.5,64.0,LC4+,177.26181597523615,1.8376105549447277,LC4+,265.89272396285423,1.1512435221052142,True
ANNULAR_ID64,1.0,94.0,64.0,LC4+,173.42443250340622,1.9003987081815628,LC4+,260.1366487551093,1.1988443486810523,True
ANNULAR_ID64,1.0,94.5,64.0,LC4+,169.71661969207887,1.9637639549538846,LC4+,254.57492953811834,1.2468826802301152,True
ANNULAR_ID64,1.0,95.0,64.0,LC4+,166.1321462272829,2.027710238040585,LC4+,249.1982193409244,1.2953615058438892,True
ANNULAR_ID64,1.0,95.5,64.0,LC4+,162.665174271986,2.09224148470129,LC4+,243.997761407979,1.3442838028484263,True
ANNULAR_ID64,1.0,96.0,64.0,LC4+,159.31022879218634,2.1573616070575286,LC4+,238.96534318827955,1.3936525370933146,True
ANNULAR_ID64,1.0,96.5,64.0,LC4+,156.06216971272448,2.22307450246213,LC4+,234.09325456908672,1.4434706632317278,True
ANNULAR_ID64,1.0,97.0,64.0,LC4+,152.91616660273,2.289384053857259,LC4+,229.374249904095,1.493741124991852,True
ANNULAR_ID64,1.0,97.5,64.0,LC4+,149.86767562644752,2.356294130121508,LC4+,224.80151343967134,1.5444668554400294,True
ANNULAR_ID64,1.0,98.0,64.0,LC4+,146.9124185262771,2.4238085864064125,LC4+,220.36862778941565,1.5956507772358752,True
ANNULAR_ID64,1.0,98.5,64.0,LC4+,144.04636343189347,2.4919312644628016,LC4+,216.0695451478402,1.6472958028796851,True
ANNULAR_ID64,1.0,99.0,64.0,LC4+,141.26570731287117,2.560665992957302,LC4+,211.89856096930671,1.6994048349523885,True
ANNULAR_ID64,1.0,99.5,64.0,LC4+,138.56685991281032,2.630016587779358,LC4+,207.8502898692155,1.7519807663483005,True
ANNULAR_ID64,1.0,100.0,64.0,LC4+,135.94642902095933,2.699986852339099,LC4+,203.919643531439,1.8050264805009468,True
ANNULAR_ID64,1.0,100.5,64.0,LC4+,133.40120695311128,2.7705805778563732,LC4+,200.10181042966693,1.858544851602181,True
ANNULAR_ID64,1.0,101.0,64.0,LC4+,130.92815812741307,2.8418015436412407,LC4+,196.39223719111965,1.9125387448148299,True
ANNULAR_ID64,1.0,101.5,64.0,LC4+,128.5244076329232,2.9136535173662224,LC4+,192.78661144938482,1.967011016479097,True
ANNULAR_ID64,1.0,102.0,64.0,LC4+,126.18723069950835,2.9861402553306036,LC4+,189.28084604926252,2.0219645143129297,True
ANNULAR_ID64,1.0,102.5,64.0,LC4+,123.9140429871663,3.059265502717036,LC4+,185.87106448074945,2.0774020776065534,True
ANNULAR_ID64,1.0,103.0,64.0,LC4+,121.70239162126211,3.1330329938407147,LC4+,182.55358743189316,2.1333265374113832,True
ANNULAR_ID64,1.0,103.5,64.0,LC4+,119.54994690760986,3.2074464523913724,LC4+,179.3249203614148,2.189740716723479,True
ANNULAR_ID64,1.0,104.0,64.0,LC4+,117.45449466793734,3.2825095916683438,LC4+,176.18174200190603,2.2466474306617528,True
ANNULAR_ID64,1.0,104.5,64.0,LC4+,115.41392914214453,3.3582261148089154,LC4+,173.12089371321682,2.3040494866410857,True
ANNULAR_ID64,1.0,105.0,64.0,LC4+,113.42624640899389,3.434599715010191,LC4+,170.13936961349086,2.361949684540529,True
ANNULAR_ID64,1.0,105.5,64.0,LC4+,111.48953828153168,3.511634075744686,LC4+,167.23430742229752,2.420350816866747,True
ANNULAR_ID64,1.0,106.0,64.0,LC4+,109.60198663770083,3.589332870969862,LC4+,164.40297995655126,2.4792556689128706,True
ANNULAR_ID64,1.0,106.5,64.0,LC4+,107.76185815032738,3.6676997653317827,LC4+,161.64278722549108,2.5386670189128955,True
ANNULAR_ID64,1.0,107.0,64.0,LC4+,105.96749938399321,3.7467384143631124,LC4+,158.9512490759898,2.598587638191783,True
ANNULAR_ID64,1.0,107.5,64.0,LC4+,104.21733222929554,3.826452464675607,LC4+,156.32599834394333,2.659020291311394,True
ANNULAR_ID64,1.0,108.0,64.0,LC4+,102.50984964767468,3.906845554147293,LC4+,153.76477447151206,2.7199677362123937,True
ANNULAR_ID64,1.0,108.5,64.0,LC4+,100.84361170240135,3.9879213121045156,LC4+,151.26541755360205,2.7814327243522627,True
ANNULAR_ID64,1.0,109.0,64.0,LC4+,99.21724185348516,4.069683359498986,LC4+,148.8258627802278,2.843418000839521,True
ANNULAR_ID64,1.0,109.5,64.0,LC4+,97.62942349621962,4.152135309080024,LC4+,146.44413524432946,2.9059263045643116,True
ANNULAR_ID64,1.0,110.0,64.0,LC4+,96.07889672484286,4.235280765562128,LC4+,144.11834508726432,2.9689603683254298,True
ANNULAR_ID64,1.0,110.5,64.0,LC4+,94.56445530438629,4.319123325788023,LC4+,141.84668295657949,3.0325229189539398,True
ANNULAR_ID64,1.0,111.0,64.0,LC4+,93.08494383522338,4.4036665788873215,LC4+,139.62741575283513,3.0966166774334614,True
ANNULAR_ID64,1.0,111.5,64.0,LC4+,91.63925509613493,4.488914106430957,LC4+,137.45888264420242,3.161244359017239,True
ANNULAR_ID64,1.0,112.0,64.0,LC4+,90.22632755288846,4.574869482581497,LC4+,135.33949132933273,3.2264086733421014,True
ANNULAR_ID64,1.0,112.5,64.0,LC4+,88.84514302040206,4.661536274239471,LC4+,133.2677145306031,3.2921123245394,True
ANNULAR_ID64,1.0,113.0,64.0,LC4+,87.49472446753559,4.748918041185846,LC4+,131.24208670130338,3.3583580113430136,True
ANNULAR_ID64,1.0,113.5,64.0,LC4+,86.17413395443836,4.837018336220752,LC4+,129.2612009316575,3.425148427194528,True
ANNULAR_ID64,1.0,114.0,64.0,LC4+,84.8824706931867,4.925840705298586,LC4+,127.32370603978005,3.4924862603456477,True
ANNULAR_ID64,1.0,114.5,64.0,LC4+,83.61886922317937,5.015388687659592,LC4+,125.42830383476907,3.5603741939579674,True
ANNULAR_ID64,1.0,115.0,64.0,LC4+,82.38249769342714,5.105665815958038,LC4+,123.57374654014075,3.6288149062001285,True
ANNULAR_ID64,1.0,115.5,64.0,LC4+,81.17255624448353,5.196675616387081,LC4+,121.75883436672532,3.6978110703424916,True
ANNULAR_ID64,1.0,116.0,64.0,LC4+,79.98827548332147,5.288421608800425,LC4+,119.98241322498221,3.7673653548493613,True
ANNULAR_ID64,1.0,116.5,64.0,LC4+,78.8289150449703,5.380907306830859,LC4+,118.24337256745547,3.837480423468855,True
ANNULAR_ID64,1.0,117.0,64.0,LC4+,77.69376223519403,5.474136218005788,LC4+,116.54064335279105,3.9081589353204915,True
ANNULAR_ID64,1.0,117.5,64.0,LC4+,76.58213074891952,5.568111843859825,LC4+,114.8731961233793,3.979403544980542,True
ANNULAR_ID64,1.0,118.0,64.0,LC4+,75.49335945951441,5.662837680044547,LC4+,113.24003918927164,4.051216902565248,True
ANNULAR_ID64,1.0,118.5,64.0,LC4+,74.42681127437463,5.758317216435476,LC4+,111.64021691156196,4.1236016538119165,True
ANNULAR_ID64,1.0,119.0,64.0,LC4+,73.38187205261072,5.854553937236393,LC4+,110.07280807891608,4.196560440158007,True
ANNULAR_ID64,1.0,119.5,64.0,LC4+,72.35794958092563,5.951551321081055,LC4+,108.53692437138844,4.2700958988182425,True
ANNULAR_ID64,1.0,120.0,64.0,LC4+,71.354472604056,6.049312841132372,LC4+,107.03170890608399,4.344210662859798,True
ANNULAR_ID64,1.0,120.5,64.0,LC4+,70.37088990640457,6.147841965179143,LC4+,105.55633485960686,4.4189073612756395,True
ANNULAR_ID64,1.0,121.0,64.0,LC4+,69.40666944172912,6.247142155730399,LC4+,104.11000416259371,4.494188619056047,True
ANNULAR_ID64,1.0,121.5,64.0,LC4+,68.4612975079697,6.347216870107448,LC4+,102.69194626195458,4.570057057258395,True
ANNULAR_ID64,1.0,122.0,64.0,LC4+,67.53427796449849,6.448069560533656,LC4+,101.30141694674774,4.6465152930752165,True
ANNULAR_ID64,1.0,122.5,64.0,LC4+,66.62513148926075,6.549703674222063,LC4+,99.93769723389113,4.723565939900623,True
ANNULAR_ID64,1.0,123.0,64.0,LC4+,65.73339487344808,6.65212265346086,LC4+,98.60009231017213,4.801211607395111,True
ANNULAR_ID64,1.0,123.5,64.0,LC4+,64.85862035150237,6.7553299356968,LC4+,97.28793052725356,4.879454901548799,True
ANNULAR_ID64,1.0,124.0,64.0,LC4+,64.00037496439619,6.859328953616632,LC4+,96.0005624465943,4.958298424743158,True
ANNULAR_ID64,1.0,124.5,64.0,LC4+,63.15823995427095,6.964123135226564,LC4+,94.73735993140642,5.037744775811259,True
ANNULAR_ID64,1.0,125.0,64.0,LC4+,62.33181018863946,7.069715903929842,LC4+,93.4977152829592,5.117796550096579,True
ANNULAR_ID64,1.0,125.5,64.0,LC4+,61.52069361247646,7.176110678602477,LC4+,92.28104041871468,5.198456339510427,True
ANNULAR_ID64,1.0,126.0,64.0,LC4+,60.724510726628175,7.2833108736672045,LC4+,91.08676608994227,5.279726732587993,True
ANNULAR_ID64,1.0,126.5,64.0,LC4+,59.94289409107283,7.391319899165675,LC4+,89.91434113660925,5.361610314543095,True
ANNULAR_ID64,1.0,127.0,64.0,LC4+,59.175487851656435,7.500141160828978,LC4+,88.76323177748468,5.444109667321635,True
ANNULAR_ID64,1.0,127.5,64.0,LC4+,58.421947289015435,7.609778060146493,LC4+,87.63292093352317,5.527227369653802,True
ANNULAR_ID64,1.0,128.0,64.0,LC4+,57.68193838847735,7.720233994433173,LC4+,86.52290758271602,5.61096599710507,True
ANNULAR_ID64,1.0,128.5,64.0,LC4+,56.95513742980627,7.831512356895228,LC4+,85.43270614470943,5.695328122126003,True
ANNULAR_ID64,1.0,129.0,64.0,LC4+,56.24123059572889,7.94361653669433,LC4+,84.36184589359334,5.780316314100936,True
ANNULAR_ID64,1.0,129.5,64.0,LC4+,55.53991359824215,8.056549919010317,LC4+,83.30987039736324,5.865933139395495,True
ANNULAR_ID64,1.0,130.0,64.0,LC4+,54.850891321763754,8.17031588510248,LC4+,82.27633698264565,5.952181161403073,True
ANNULAR_ID64,1.0,130.5,64.0,LC4+,54.17387748224327,8.284917812369436,LC4+,81.2608162233649,6.039062940590215,True
ANNULAR_ID64,1.0,131.0,64.0,LC4+,53.508594301403974,8.400359074407644,LC4+,80.26289145210598,6.126581034540982,True
ANNULAR_ID64,1.0,131.5,64.0,LC4+,52.85477219533484,8.516643041068612,LC4+,79.28215829300223,6.214737998000328,True
ANNULAR_ID64,1.0,132.0,64.0,LC4+,52.212149476697604,8.6337730785148,LC4+,78.31822421504643,6.3035363829164535,True
ANNULAR_ID64,1.0,132.5,64.0,LC4+,51.58047206985721,8.751752549274263,LC4+,77.37070810478583,6.3929787384822765,True
ANNULAR_ID64,1.0,133.0,64.0,LC4+,50.95949323828306,8.870584812294087,LC4+,76.43923985742461,6.483067611175899,True
ANNULAR_ID64,1.0,133.5,64.0,LC4+,50.34897332360688,8.990273222992629,LC4+,75.52345998541033,6.573805544800243,True
ANNULAR_ID64,1.0,134.0,64.0,LC4+,49.748679495757486,9.110821133310589,LC4+,74.62301924363624,6.6651950805217455,True
ANNULAR_ID64,1.0,134.5,64.0,LC4+,49.15838551362559,9.232231891760966,LC4+,73.7375782704384,6.757238756908245,True
ANNULAR_ID64,1.0,135.0,64.0,LC4+,48.57787149574264,9.354508843477896,LC4+,72.86680724361398,6.849939109966011,True
ANNULAR_ID64,1.0,135.5,64.0,LC4+,48.006923700486425,9.477655330264442,LC4+,72.01038555072965,6.943298673175958,True
ANNULAR_ID64,1.0,136.0,64.0,LC4+,47.445334315353065,9.601674690639324,LC4+,71.1680014730296,7.037319977529082,True
ANNULAR_ID64,1.0,136.5,64.0,LC4+,46.89290125486061,9.726570259882616,LC4+,70.33935188229093,7.132005551561107,True
ANNULAR_ID64,1.0,137.0,64.0,LC4+,46.34942796667272,9.852345370080492,LC4+,69.5241419500091,7.227357921386401,True
ANNULAR_ID64,1.0,137.5,64.0,LC4+,45.81472324555384,9.979003350168973,LC4+,68.72208486833078,7.323379610731148,True
ANNULAR_ID64,1.0,138.0,64.0,LC4+,45.28860105478773,10.106547525976733,LC4+,67.93290158218161,7.420073140965792,True
ANNULAR_ID64,1.0,138.5,64.0,LC4+,44.770880354711096,10.234981220267002,LC4+,67.15632053206664,7.517441031136812,True
ANNULAR_ID64,1.0,139.0,64.0,LC4+,44.261384938032606,10.364307752778558,LC4+,66.39207740704892,7.615485797997792,True
ANNULAR_ID64,1.0,139.5,64.0,LC4+,43.75994327162493,10.494530440265862,LC4+,65.6399149074374,7.714209956039857,True
ANNULAR_ID64,1.0,140.0,64.0,LC4+,43.266388344493805,10.625652596538327,LC4+,64.89958251674072,7.813616017521433,True
ANNULAR_ID64,1.5,74.0,64.0,LC4+,944.2222448134037,-0.4672864330797434,LC4+,1416.3333672201056,-0.5961402779610514,False
ANNULAR_ID64,1.5,74.5,64.0,LC4+,895.1331646349932,-0.4380724345018461,LC4+,1342.6997469524902,-0.573992620987483,False
ANNULAR_ID64,1.5,75.0,64.0,LC4+,850.5045722936032,-0.40858636580455787,LC4+,1275.756858440405,-0.5516387027703209,False
ANNULAR_ID64,1.5,75.5,64.0,LC4+,809.7554789925558,-0.3788248266923747,LC4+,1214.6332184888338,-0.5290759454844776,False
ANNULAR_ID64,1.5,76.0,64.0,LC4+,772.4017014841621,-0.3487844485149495,LC4+,1158.6025522262432,-0.5063017952956277,False
ANNULAR_ID64,1.5,76.5,64.0,LC4+,738.0365015807173,-0.3184618932496145,LC4+,1107.0547523710761,-0.4833137215888397,False
ANNULAR_ID64,1.5,77.0,64.0,LC4+,706.315693460239,-0.2878538525233608,LC4+,1059.4735401903588,-0.46010921622712064,False
ANNULAR_ID64,1.5,77.5,64.0,LC4+,676.946060449759,-0.25695704667250774,LC4+,1015.4190906746384,-0.4366857928385347,False
ANNULAR_ID64,1.5,78.0,64.0,LC4+,649.6762539167514,-0.22576822383837092,LC4+,974.5143808751271,-0.4130409861306139,False
ANNULAR_ID64,1.5,78.5,64.0,LC4+,624.2895751391466,-0.19428415909734287,LC4+,936.4343627087198,-0.38917235123085503,False
ANNULAR_ID64,1.5,79.0,64.0,LC4+,600.5982007922535,-0.16250165362385527,LC4+,900.8973011883801,-0.3650774630521474,False
ANNULAR_ID64,1.5,79.5,64.0,LC4+,578.4385260746021,-0.1304175338847895,LC4+,867.6577891119031,-0.3407539156820405,False
ANNULAR_ID64,1.5,80.0,64.0,LC4+,557.6673809892122,-0.09802865086396317,LC4+,836.5010714838186,-0.3161993217948139,False
ANNULAR_ID64,1.5,80.5,64.0,LC4+,538.1589345655356,-0.06533187931539208,LC4+,807.2384018483033,-0.2914113120853602,False
ANNULAR_ID64,1.5,81.0,64.0,LC4+,519.8021453872649,-0.03232411704408589,LC4+,779.7032180808974,-0.26638753472394583,False
ANNULAR_ID64,1.5,81.5,64.0,LC4+,502.49864916488457,0.0009977157867959718,LC4+,753.7479737473268,-0.24112565483095116,False
ANNULAR_ID64,1.5,82.0,64.0,LC4+,486.1609983720916,0.03463667732354869,LC4+,729.2414975581377,-0.2156233539707494,False
ANNULAR_ID64,1.5,82.5,64.0,LC4+,470.71118733946344,0.06859580466535808,LC4+,706.0667810091952,-0.1898783296639036,False
ANNULAR_ID64,1.5,83.0,64.0,LC4+,456.0794102212048,0.10287811448457651,LC4+,684.1191153318074,-0.16388829491692836,False
ANNULAR_ID64,1.5,83.5,64.0,LC4+,442.2030100373039,0.1374866036248088,LC4+,663.3045150559559,-0.13765097776886615,False
ANNULAR_ID64,1.5,84.0,64.0,LC4+,429.02558535296606,0.17242424967772974,LC4+,643.5383780294491,-0.11116412085399419,False
ANNULAR_ID64,1.5,84.5,64.0,LC4+,416.4962276817126,0.2076940115395085,LC4+,624.7443415225689,-0.08442548097998825,False
ANNULAR_ID64,1.5,85.0,64.0,LC4+,404.5688678249363,0.2432988299476777,LC4+,606.8533017374045,-0.05743282872091238,False
ANNULAR_ID64,1.5,85.5,64.0,LC4+,393.20171341414346,0.27924162799924135,LC4+,589.8025701212151,-0.030183948024431917,False
ANNULAR_ID64,1.5,86.0,64.0,LC4+,382.35676314643416,0.3155253116507897,LC4+,573.5351447196513,-0.002676635832668417,False
ANNULAR_ID64,1.5,86.5,64.0,LC4+,371.9993857832372,0.35215277020133695,LC4+,557.9990786748557,0.02509129828385004,True
ANNULAR_ID64,1.5,87.0,64.0,LC4+,362.09795405709275,0.38912687675857716,LC4+,543.1469310856393,0.053122032479663295,True
ANNULAR_ID64,1.5,87.5,64.0,LC4+,352.6235253087617,0.42645048868922375,LC4+,528.9352879631426,0.08141773297579302,True
ANNULAR_ID64,1.5,88.0,64.0,LC4+,343.5495620398962,0.46412644805405656,LC4+,515.3243430598443,0.10998055438955645,True
ANNULAR_ID64,1.5,88.5,64.0,LC4+,334.85168667912,0.5021575820282855,LC4+,502.27753001867995,0.138812640053253,True
ANNULAR_ID64,1.5,89.0,64.0,LC4+,326.50746577171566,0.5405467033077973,LC4+,489.76119865757346,0.16791612232214725,True
ANNULAR_ID64,1.5,89.5,64.0,LC4+,318.4962195544542,0.5792966105018418,LC4+,477.7443293316813,0.1972931228721717,True
ANNULAR_ID64,1.5,90.0,64.0,LC4+,310.7988534984083,0.6184100885126851,LC4+,466.1982802476125,0.22694575298774788,True
ANNULAR_ID64,1.5,90.5,64.0,LC4+,303.39770891838725,0.6578899089027233,LC4+,455.0965633775809,0.256876113840103,True
ANNULAR_ID64,1.5,91.0,64.0,LC4+,296.2764301774648,0.6977388302495446,LC4+,444.41464526619734,0.2870862967564469,True
ANNULAR_ID64,1.5,91.5,64.0,LC4+,289.41984637456426,0.7379595984893947,LC4+,434.12976956184644,0.3175783834803627,True
ANNULAR_ID64,1.5,92.0,64.0,LC4+,282.81386570478566,0.7785549472494921,LC4+,424.22079855717845,0.3483544464237369,True
ANNULAR_ID64,1.5,92.5,64.0,LC4+,276.44538093624163,0.8195275981696004,LC4+,414.6680714043625,0.3794165489105519,True
ANNULAR_ID64,1.5,93.0,64.0,LC4+,270.3021846618168,0.8608802612132731,LC4+,405.45327699272514,0.4107667454128461,True
ANNULAR_ID64,1.5,93.5,64.0,LC4+,264.37289316617824,0.9026156349691519,LC4+,396.5593397492674,0.4424070817791317,True
ANNULAR_ID64,1.5,94.0,64.0,LC4+,258.64687790298785,0.9447364069426851,LC4+,387.9703168544818,0.4743395954555545,True
ANNULAR_ID64,1.5,94.5,64.0,LC4+,253.11420370907436,0.9872452538386214,LC4+,379.67130556361155,0.5065663157000548,True
ANNULAR_ID64,1.5,95.0,64.0,LC4+,247.7655729950011,1.030144841834618,LC4+,371.6483594925017,0.5390892637897964,True
ANNULAR_ID64,1.5,95.5,64.0,LC4+,242.5922752480435,1.0734378268462885,LC4+,363.8884128720653,0.5719104532221031,True
ANNULAR_ID64,1.5,96.0,64.0,LC4+,237.58614126658895,1.1171268547839976,LC4+,356.3792118998834,0.6050318899091409,True
ANNULAR_ID64,1.5,96.5,64.0,LC4+,232.73950161647596,1.161214561801708,LC4+,349.10925242471404,0.6384555723665695,True
ANNULAR_ID64,1.5,97.0,64.0,LC4+,228.0451488615473,1.2057035745381528,LC4+,342.06772329232103,0.6721834918963856,True
ANNULAR_ID64,1.5,97.5,64.0,LC4+,223.49630317414648,1.2505965103506278,LC4+,335.24445476121974,0.7062176327641603,True
ANNULAR_ID64,1.5,98.0,64.0,LC4+,219.08658097767713,1.2958959775416412,LC4+,328.6298714665158,0.740559972370866,True
ANNULAR_ID64,1.5,98.5,64.0,LC4+,214.80996631367194,1.341604575578697,LC4+,322.2149494705079,0.7752124814195025,True
ANNULAR_ID64,1.5,99.0,64.0,LC4+,210.6607846609709,1.3877248953074406,LC4+,315.9911769914563,0.8101771240766813,True
ANNULAR_ID64,1.5,99.5,64.0,LC4+,206.63367896529928,1.4342595191583971,LC4+,309.9505184479489,0.8454558581293612,True
ANNULAR_ID64,1.5,100.0,64.0,LC4+,202.72358766439027,1.4812110213475433,LC4+,304.08538149658534,0.8810506351369052,True
ANNULAR_ID64,1.5,100.5,64.0,LC4+,198.92572451734554,1.5285819680709039,LC4+,298.38858677601826,0.9169634005786045,True
ANNULAR_ID64,1.5,101.0,64.0,LC4+,195.23556006760518,1.576374917693394,LC4+,292.85334010140775,0.9531960939968476,True
ANNULAR_ID64,1.5,101.5,64.0,LC4+,191.64880458709985,1.6245924209321037,LC4+,287.4732068806498,0.9897506491360677,True
ANNULAR_ID64,1.5,102.0,64.0,LC4+,188.1613923652017,1.673237021034205,LC4+,282.2420885478025,1.0266289940776216,True
ANNULAR_ID64,1.5,102.5,64.0,LC4+,184.76946722025946,1.7223112539496865,LC4+,277.1542008303892,1.0638330513707364,True
ANNULAR_ID64,1.5,103.0,64.0,LC4+,181.46936912403876,1.7718176484990544,LC4+,272.2040536860581,1.1013647381596545,True
ANNULAR_ID64,1.5,103.5,64.0,LC4+,178.25762184049196,1.8217587265362107,LC4+,267.38643276073793,1.1392259663071074,True
ANNULAR_ID64,1.5,104.0,64.0,LC4+,175.1309214901418,1.8721370031066393,LC4+,262.6963822352127,1.1774186425142448,True
ANNULAR_ID64,1.5,104.5,64.0,LC4+,172.08612596012222,1.9229549866010753,LC4+,258.1291889401833,1.215944668437131,True
ANNULAR_ID64,1.5,105.0,64.0,LC4+,169.12024508772146,1.9742151789047937,LC4+,253.6803676315823,1.2548059407999221,True
ANNULAR_ID64,1.5,105.5,64.0,LC4+,166.23043155222527,2.025920075542669,LC4+,249.3456473283379,1.2940043515048467,True
ANNULAR_ID64,1.5,106.0,64.0,LC4+,163.41397241606725,2.07807216582016,LC4+,245.1209586241009,1.3335417877390738,True
ANNULAR_ID64,1.5,106.5,64.0,LC4+,160.66828126184703,2.1306739329603106,LC4+,241.00242189277054,1.373420132078592,True
ANNULAR_ID64,1.5,107.0,64.0,LC4+,157.99089087674383,2.1837278542369516,LC4+,236.98633631511575,1.4136412625891799,True
ANNULAR_ID64,1.5,107.5,64.0,LC4+,155.37944644031333,2.2372364011041825,LC4+,233.06916966046998,1.4542070529245756,True
ANNULAR_ID64,1.5,108.0,64.0,LC4+,152.83169917565374,2.291202039322275,LC4+,229.24754876348058,1.4951193724219238,True
ANNULAR_ID64,1.5,108.5,64.0,LC4+,150.3455004275241,2.345627229080111,LC4+,225.51825064128616,1.5363800861945967,True
ANNULAR_ID64,1.5,109.0,64.0,LC4+,147.91879613423473,2.4005144251142556,LC4+,221.87819420135213,1.5779910552224705,True
ANNULAR_ID64,1.5,109.5,64.0,LC4+,145.54962166304486,2.455866076824795,LC4+,218.3244324945673,1.619954136439738,True
ANNULAR_ID64,1.5,110.0,64.0,LC4+,143.23609698143525,2.511684628388007,LC4+,214.85414547215288,1.6622711828203314,True
ANNULAR_ID64,1.5,110.5,64.0,LC4+,140.97642213899854,2.567972518866006,LC4+,211.46463320849784,1.7049440434610408,True
ANNULAR_ID64,1.5,111.0,64.0,LC4+,138.7688730368405,2.624732182313415,LC4+,208.15330955526073,1.7479745636623898,True
ANNULAR_ID64,1.5,111.5,64.0,LC4+,136.61179746332905,2.6819660478811955,LC4+,204.91769619499357,1.7913645850073476,True
ANNULAR_ID64,1.5,112.0,64.0,LC4+,134.503611376793,2.7396765399176983,LC4+,201.75541706518945,1.8351159454379378,True
ANNULAR_ID64,1.5,112.5,64.0,LC4+,132.44279541736975,2.7978660780670292,LC4+,198.66419312605464,1.879230479329809,True
ANNULAR_ID64,1.5,113.0,64.0,LC4+,130.42789163165554,2.8565370773648175,LC4+,195.64183744748334,1.9237100175648445,True
ANNULAR_ID64,1.5,113.5,64.0,LC4+,128.45750039513104,2.9156919483314607,LC4+,192.68625059269658,1.9685563876018488,True
ANNULAR_ID64,1.5,114.0,64.0,LC4+,126.53027751853783,2.975333097062922,LC4+,189.79541627780677,2.0137714135453826,True
ANNULAR_ID64,1.5,114.5,64.0,LC4+,124.64493152547482,3.035462925319168,LC4+,186.96739728821223,2.0593569162128085,True
ANNULAR_ID64,1.5,115.0,64.0,LC4+,122.80022108948286,3.0960838306102945,LC4+,184.20033163422426,2.1053147131995873,True
ANNULAR_ID64,1.5,115.5,64.0,LC4+,120.99495261979551,3.157198206280434,LC4+,181.49242892969326,2.151646618942887,True
ANNULAR_ID64,1.5,116.0,64.0,LC4+,119.22797798576686,3.2188084415894975,LC4+,178.8419669786503,2.198354444783555,True
ANNULAR_ID64,1.5,116.5,64.0,LC4+,117.49819237074732,3.2809169217928185,LC4+,176.24728855612096,2.2454399990264973,True
ANNULAR_ID64,1.5,117.0,64.0,LC4+,115.80453224687467,3.34352602821877,LC4+,173.70679837031201,2.292905086999518,True
ANNULAR_ID64,1.5,117.5,64.0,LC4+,114.14597346288593,3.406638138344392,LC4+,171.2189601943289,2.3407515111106587,True
ANNULAR_ID64,1.5,118.0,64.0,LC4+,112.52152943763795,3.4702556258691306,LC4+,168.7822941564569,2.388981070904099,True
ANNULAR_ID64,1.5,118.5,64.0,LC4+,110.93024945256427,3.5343808607866842,LC4+,166.3953741788464,2.4375955631146238,True
ANNULAR_ID64,1.5,119.0,64.0,LC4+,109.37121703678437,3.5990162094550717,LC4+,164.05682555517654,2.4865967817207437,True
ANNULAR_ID64,1.5,119.5,64.0,LC4+,107.84354843903645,3.664164034664939,LC4+,161.7653226585547,2.5359865179964802,True
ANNULAR_ID64,1.5,120.0,64.0,LC4+,106.34639118102035,3.7298266957061577,LC4+,159.5195867715305,2.5857665605618596,True
ANNULAR_ID64,1.5,120.5,64.0,LC4+,104.87892268711907,3.7960065484327963,LC4+,157.31838403067863,2.635938695432152,True
ANNULAR_ID64,1.5,121.0,64.0,LC4+,103.44034898582217,3.8627059453264474,LC4+,155.16052347873327,2.686504706065908,True
ANNULAR_ID64,1.5,121.5,64.0,LC4+,102.02990347849688,3.9299272355580426,LC4+,153.0448552177453,2.7374663734117965,True
ANNULAR_ID64,1.5,122.0,64.0,LC4+,100.64684577145522,3.997672765048117,LC4+,150.9702686571828,2.7888254759543054,True
ANNULAR_ID64,1.5,122.5,64.0,LC4+,99.29046056754014,4.06594487652563,LC4+,148.93569085131023,2.8405837897583295,True
ANNULAR_ID64,1.5,123.0,64.0,LC4+,97.96005661371099,4.134745909585331,LC4+,146.94008492056648,2.8927430885126704,True
ANNULAR_ID64,1.5,123.5,64.0,LC4+,96.65496570134383,4.204078200743768,LC4+,144.98244855201568,2.9453051435724804,True
ANNULAR_ID64,1.5,124.0,64.0,LC4+,95.37454171618157,4.273944083493921,LC4+,143.06181257427235,2.9982717240006935,True
ANNULAR_ID64,1.5,124.5,64.0,LC4+,94.11815973507123,4.3443458883585375,LC4+,141.17723960260685,3.051644596608461,True
ANNULAR_ID64,1.5,125.0,64.0,LC4+,92.88521516681246,4.415285942942187,LC4+,139.3278227502187,3.1054255259946073,True
ANNULAR_ID64,1.5,125.5,64.0,LC4+,91.67512293461611,4.486766571982087,LC4+,137.51268440192416,3.1596162745841667,True
ANNULAR_ID64,1.5,126.0,64.0,LC4+,90.48731669783228,4.558790097397704,LC4+,135.73097504674843,3.2142186026659862,True
ANNULAR_ID64,1.5,126.5,64.0,LC4+,89.32124811075681,4.631358838339212,LC4+,133.98187216613522,3.2692342684294617,True
ANNULAR_ID64,1.5,127.0,64.0,LC4+,88.1763861164645,4.704475111234783,LC4+,132.26457917469673,3.3246650280003927,True
ANNULAR_ID64,1.5,127.5,64.0,LC4+,87.05221627374597,4.778141229836781,LC4+,130.57832441061893,3.3805126354759967,True
ANNULAR_ID64,1.5,128.0,64.0,LC4+,85.94824011534496,4.852359505266889,LC4+,128.92236017301744,3.436778842959126,True
ANNULAR_ID64,1.5,128.5,64.0,LC4+,84.86397453580531,4.92713224606016,LC4+,127.29596180370795,3.493465400591666,True
ANNULAR_ID64,1.5,129.0,64.0,LC4+,83.7989512073394,5.002461758208085,LC4+,125.69842681100911,3.550574056587176,True
ANNULAR_ID64,1.5,129.5,64.0,LC4+,82.75271602222817,5.078350345200627,LC4+,124.12907403334226,3.6081065572627677,True
ANNULAR_ID64,1.5,130.0,64.0,LC4+,81.72482856035138,5.154800308067324,LC4+,122.58724284052708,3.6660646470702583,True
ANNULAR_ID64,1.5,130.5,64.0,LC4+,80.71486158053246,5.231813945417434,LC4+,121.07229237079868,3.724450068626603,True
ANNULAR_ID64,1.5,131.0,64.0,LC4+,79.72240053445914,5.309393553479159,LC4+,119.58360080168873,3.7832645627436428,True
ANNULAR_ID64,1.5,131.5,64.0,LC4+,78.74704310201574,5.387541426137998,LC4+,118.1205646530236,3.84250986845717,True
ANNULAR_ID64,1.5,132.0,64.0,LC4+,77.78839874692999,5.466259854974217,LC4+,116.68259812039497,3.902187723055337,True
ANNULAR_ID64,1.5,132.5,64.0,LC4+,76.84608829170242,5.545551129299477,LC4+,115.26913243755365,3.962299862106428,True
ANNULAR_ID64,1.5,133.0,64.0,LC4+,75.91974351084505,5.6254175361926375,LC4+,113.87961526626758,4.022848019486002,True
ANNULAR_ID64,1.5,133.5,64.0,LC4+,75.00900674151227,5.705861360534781,LC4+,112.51351011226839,4.08383392740344,True
ANNULAR_ID64,1.5,134.0,64.0,LC4+,74.11353051065961,5.786884885043419,LC4+,111.17029576598944,4.14525931642788,True
ANNULAR_ID64,1.5,134.5,64.0,LC4+,73.23297717791426,5.868490390305962,LC4+,109.84946576687139,4.2071259155136,True
ANNULAR_ID64,1.5,135.0,64.0,LC4+,72.36701859338707,5.950680154812463,LC4+,108.5505278900806,4.2694354520248226,True
ANNULAR_ID64,1.5,135.5,64.0,LC4+,71.51533576969973,6.033456454987597,LC4+,107.27300365454961,4.332189651759981,True
ANNULAR_ID64,1.5,136.0,64.0,LC4+,70.67761856753961,6.11682156522199,LC4+,106.01642785130943,4.395390238975451,True
ANNULAR_ID64,1.5,136.5,64.0,LC4+,69.85356539409376,6.200777757902813,LC4+,104.78034809114067,4.459038936408758,True
ANNULAR_ID64,1.5,137.0,64.0,LC4+,69.0428829137482,6.285327303443753,LC4+,103.56432437062232,4.523137465301295,True
ANNULAR_ID64,1.5,137.5,64.0,LC4+,68.24528577047248,6.370472470314305,LC4+,102.36792865570871,4.587687545420521,True
ANNULAR_ID64,1.5,138.0,64.0,LC4+,67.4604963213403,6.4562155250684405,LC4+,101.19074448201046,4.652690895081707,True
ANNULAR_ID64,1.5,138.5,64.0,LC4+,66.6882443806668,6.542558732372655,LC4+,100.03236657100024,4.718149231169194,True
ANNULAR_ID64,1.5,139.0,64.0,LC4+,65.9282669742702,6.629504355033412,LC4+,98.8924004614053,4.784064269157206,True
ANNULAR_ID64,1.5,139.5,64.0,LC4+,65.18030810339191,6.717054654024019,LC4+,97.77046215508787,4.850437723130203,True
ANNULAR_ID64,1.5,140.0,64.0,LC4+,64.44411851783362,6.805211888510894,LC4+,96.66617777675043,4.917271305802824,True
ANNULAR_ID64,2.0,74.0,64.0,LC4+,1255.5516337419995,-0.5993792796072612,LC4+,1883.3274506129992,-0.696282237157526,False
ANNULAR_ID64,2.0,74.5,64.0,LC4+,1190.273701450609,-0.5774081210170532,LC4+,1785.4105521759138,-0.6796255072521596,False
ANNULAR_ID64,2.0,75.0,64.0,LC4+,1130.9271716742028,-0.5552321912512116,LC4+,1696.3907575113042,-0.6628135366410776,False
ANNULAR_ID64,2.0,75.5,64.0,LC4+,1076.7394693298259,-0.5328489255501402,LC4+,1615.1092039947391,-0.6458443809339698,False
ANNULAR_ID64,2.0,76.0,64.0,LC4+,1027.066747280845,-0.5102557829550121,LC4+,1540.6001209212675,-0.6287161137843166,False
ANNULAR_ID64,2.0,76.5,64.0,LC4+,981.3681415755973,-0.4874502455394283,LC4+,1472.0522123633962,-0.611426826306896,False
ANNULAR_ID64,2.0,77.0,64.0,LC4+,939.1859677709332,-0.4644298176709116,LC4+,1408.7789516564,-0.5939746265179079,False
ANNULAR_ID64,2.0,77.5,64.0,LC4+,900.1303180593284,-0.44119202530088886,LC4+,1350.195477088993,-0.5763576387966979,False
ANNULAR_ID64,2.0,78.0,64.0,LC4+,863.866958998641,-0.41773441528188915,LC4+,1295.8004384979617,-0.5585740033681121,False
ANNULAR_ID64,2.0,78.5,64.0,LC4+,830.1077331473175,-0.39405455471075146,LC4+,1245.1615997209763,-0.5406218758045723,False
ANNULAR_ID64,2.0,79.0,64.0,LC4+,798.6028803604387,-0.370150030296688,LC4+,1197.9043205406583,-0.5224994265469922,False
ANNULAR_ID64,2.0,79.5,64.0,LC4+,769.1348452748302,-0.3460184477531165,LC4+,1153.7022679122454,-0.5042048404437146,False
ANNULAR_ID64,2.0,80.0,64.0,LC4+,741.5132458794083,-0.32165743121222345,LC4+,1112.2698688191124,-0.48573631630668224,False
ANNULAR_ID64,2.0,80.5,64.0,LC4+,715.5707568799972,-0.2970646226612721,LC4+,1073.3561353199962,-0.4670920664840924,False
ANNULAR_ID64,2.0,81.0,64.0,LC4+,691.159719518637,-0.2722376813997235,LC4+,1036.7395792779555,-0.44827031644882953,False
ANNULAR_ID64,2.0,81.5,64.0,LC4+,668.1493325565359,-0.24717428351627024,LC4+,1002.223998834804,-0.42926930440199684,False
ANNULAR_ID64,2.0,82.0,64.0,LC4+,646.4233114167068,-0.22187212138494683,LC4+,969.6349671250604,-0.4100872808909074,False
ANNULAR_ID64,2.0,82.5,64.0,LC4+,625.8779269155996,-0.19632890317950102,LC4+,938.8168903733995,-0.3907225084409207,False
ANNULAR_ID64,2.0,83.0,64.0,LC4+,606.4203536595284,-0.17054235240526439,LC4+,909.6305304892928,-0.3711732612005453,False
ANNULAR_ID64,2.0,83.5,64.0,LC4+,587.9672725251131,-0.1445102074477862,LC4+,881.9509087876698,-0.35143782459924955,False
ANNULAR_ID64,2.0,84.0,64.0,LC4+,570.4436827591223,-0.11823022113753756,LC4+,855.6655241386836,-0.33151449501745733,False
ANNULAR_ID64,2.0,84.5,64.0,LC4+,553.7818879091296,-0.09170016033002237,LC4+,830.6728318636945,-0.311401579468221,False
ANNULAR_ID64,2.0,85.0,64.0,LC4+,537.9206266132728,-0.06491780550065851,LC4+,806.8809399199092,-0.29109739529009504,False
ANNULAR_ID64,2.0,85.5,64.0,LC4+,522.8043246674995,-0.03788095035383443,LC4+,784.2064870012492,-0.27060026985075325,False
ANNULAR_ID64,2.0,86.0,64.0,LC4+,508.3824490762444,-0.01058740144555459,LC4+,762.5736736143666,-0.2499085402609108,False
ANNULAR_ID64,2.0,86.5,64.0,LC4+,494.60894822255057,0.016965022180864153,LC4+,741.9134223338259,-0.22902055309813885,False
ANNULAR_ID64,2.0,87.0,64.0,LC4+,481.4417650525982,0.04477848934657036,LC4+,722.1626475788975,-0.2079346641401748,False
ANNULAR_ID64,2.0,87.5,64.0,LC4+,468.8424124002495,0.07285515707693757,LC4+,703.2636186003743,-0.18664923810734502,False
ANNULAR_ID64,2.0,88.0,64.0,LC4+,456.77560138962485,0.10119717092977165,LC4+,685.1634020844373,-0.16516264841374495,False
ANNULAR_ID64,2.0,88.5,64.0,LC4+,445.2089153332296,0.12980666531242968,LC4+,667.8133729998444,-0.143473276926826,False
ANNULAR_ID64,2.0,89.0,64.0,LC4+,434.11252275635184,0.1586857637882786,LC4+,651.1687841345278,-0.12157951373506248,False
ANNULAR_ID64,2.0,89.5,64.0,LC4+,423.4589241775545,0.18783657937291287,LC4+,635.1883862663319,-0.09947975692338507,False
ANNULAR_ID64,2.0,90.0,64.0,LC4+,413.22272810126503,0.2172612148205313,LC4+,619.8340921518977,-0.07717241235607186,False
ANNULAR_ID64,2.0,90.5,64.0,LC4+,403.3804523643579,0.24696176290084493,LC4+,605.0706785465369,-0.054655893466821426,False
ANNULAR_ID64,2.0,91.0,64.0,LC4+,393.9103475501912,0.27694030666688385,LC4+,590.8655213252869,-0.03192862105572225,False
ANNULAR_ID64,2.0,91.5,64.0,LC4+,384.79223966160464,0.30719891971405144,LC4+,577.188359492407,-0.00898902309285965,False
ANNULAR_ID64,2.0,92.0,64.0,LC4+,376.007389645597,0.33773966643075526,LC4+,564.0110844683954,0.014164465471692811,True
ANNULAR_ID64,2.0,92.5,64.0,LC4+,367.5383677002691,0.36856460224093146,LC4+,551.3075515504036,0.03753340289173357,True
ANNULAR_ID64,2.0,93.0,64.0,LC4+,359.36894058004947,0.39967577383877084,LC4+,539.0534108700742,0.06111934080288517,True
ANNULAR_ID64,2.0,93.5,64.0,LC4+,351.4839703571203,0.4310752194159351,LC4+,527.2259555356806,0.08492382439485069,True
ANNULAR_ID64,2.0,94.0,64.0,LC4+,343.8693233025695,0.46276496888154206,LC4+,515.8039849538543,0.10894839257818689,True
ANNULAR_ID64,2.0,94.5,64.0,LC4+,336.5117877260699,0.49474704407518777,LC4+,504.7676815891048,0.1331945781458017,True
ANNULAR_ID64,2.0,95.0,64.0,LC4+,329.3989997627193,0.527023458973261,LC4+,494.098499644079,0.15766390792936402,True
ANNULAR_ID64,2.0,95.5,64.0,LC4+,322.51937622410105,0.5595962198887947,LC4+,483.77906433615163,0.18235790295081578,True
ANNULAR_ID64,2.0,96.0,64.0,LC4+,315.86205374099154,0.5924673256650907,LC4+,473.79308061148737,0.2072780785691608,True
ANNULAR_ID64,2.0,96.5,64.0,LC4+,309.41683352022756,0.6256387678633435,LC4+,464.12525028034133,0.23242594462270705,True
ANNULAR_ID64,2.0,97.0,64.0,LC4+,303.1741311203646,0.6591125309444741,LC4+,454.7611966805471,0.25780300556691693,True
ANNULAR_ID64,2.0,97.5,64.0,LC4+,297.12493072184543,0.6928905924453888,LC4+,445.6873960827682,0.2834107606080347,True
ANNULAR_ID64,2.0,98.0,64.0,LC4+,291.26074342907714,0.7269749231498546,LC4+,436.8911151436158,0.30925070383262643,True
ANNULAR_ID64,2.0,98.5,64.0,LC4+,285.57356919545043,0.7613674872541862,LC4+,428.3603537931757,0.33532432433319337,True
ANNULAR_ID64,2.0,99.0,64.0,LC4+,280.0558620090707,0.7960702425279296,LC4+,420.083793013606,0.3616331063299878,True
ANNULAR_ID64,2.0,99.5,64.0,LC4+,274.7004980177882,0.8310851404697062,LC4+,412.05074702668236,0.38817852928916086,True
ANNULAR_ID64,2.0,100.0,64.0,LC4+,269.5007463078212,0.8664141264584038,LC4+,404.2511194617318,0.4149620680373851,True
ANNULAR_ID64,2.0,100.5,64.0,LC4+,264.4502420815798,0.9020591398998621,LC4+,396.67536312236973,0.4419851928730565,True
ANNULAR_ID64,2.0,101.0,64.0,LC4+,259.54296200779726,0.9380221143692147,LC4+,389.31444301169597,0.4692493696742088,True
ANNULAR_ID64,2.0,101.5,64.0,LC4+,254.77320154127653,0.9743049777490336,LC4+,382.15980231191486,0.49675606000324324,True
ANNULAR_ID64,2.0,102.0,64.0,LC4+,250.13555403089507,1.0109096523634253,LC4+,375.2033310463426,0.5245067212085874,True
ANNULAR_ID64,2.0,102.5,64.0,LC4+,245.6248914533527,1.047838055108214,LC4+,368.43733718002903,0.552502806523391,True
ANNULAR_ID64,2.0,103.0,64.0,LC4+,241.23634662681542,1.0850920975773364,LC4+,361.85451994022316,0.5807457651613472,True
ANNULAR_ID64,2.0,103.5,64.0,LC4+,236.96529677337406,1.122673686185589,LC4+,355.4479451600611,0.6092370424097506,True
ANNULAR_ID64,2.0,104.0,64.0,LC4+,232.80734831234622,1.1605847222878443,LC4+,349.2110224685194,0.6379780797198764,True
ANNULAR_ID64,2.0,104.5,64.0,LC4+,228.75832277809994,1.1988271022948522,LC4+,343.13748416714986,0.6669703147947723,True
ANNULAR_ID64,2.0,105.0,64.0,LC4+,224.8142437664491,1.237402717785744,LC4+,337.2213656496737,0.6962151816745465,True
ANNULAR_ID64,2.0,105.5,64.0,LC4+,220.97132482291886,1.2763134556173394,LC4+,331.4569872343783,0.725714110819242,True
ANNULAR_ID64,2.0,106.0,64.0,LC4+,217.2259581944337,1.3155611980303794,LC4+,325.83893729165055,0.7554685291893664,True
ANNULAR_ID64,2.0,106.5,64.0,LC4+,213.57470437336664,1.3551478227527656,LC4+,320.36205656005,0.785479860324164,True
ANNULAR_ID64,2.0,107.0,64.0,LC4+,210.01428236949442,1.3950752030999163,LC4+,315.0214235542417,0.815749524417696,True
ANNULAR_ID64,2.0,107.5,64.0,LC4+,206.5415606513311,1.4353452080723312,LC4+,309.81234097699667,0.8462789383928078,True
ANNULAR_ID64,2.0,108.0,64.0,LC4+,203.15354870363274,1.4759597024504525,LC4+,304.7303230554491,0.8770695159730402,True
ANNULAR_ID64,2.0,108.5,64.0,LC4+,199.8473891526468,1.5169205468869054,LC4+,299.77108372897027,0.908122667752564,True
ANNULAR_ID64,2.0,109.0,64.0,LC4+,196.62035041498427,1.5582295979962142,LC4+,294.93052562247647,0.9394398012641938,True
ANNULAR_ID64,2.0,109.5,64.0,LC4+,193.46981982987012,1.599888708442065,LC4+,290.2047297448052,0.9710223210455413,True
ANNULAR_ID64,2.0,110.0,64.0,LC4+,190.39329723802763,1.641899727022191,LC4+,285.58994585704147,1.0028716287033705,True
ANNULAR_ID64,2.0,110.5,64.0,LC4+,187.3883889736108,1.6842644987509638,LC4+,281.08258346041623,1.034989122976211,True
ANNULAR_ID64,2.0,111.0,64.0,LC4+,184.45280223845756,1.7269848649397574,LC4+,276.6792033576864,1.0673761997952829,True
ANNULAR_ID64,2.0,111.5,64.0,LC4+,181.5843398305231,1.7700626632751568,LC4+,272.3765097457847,1.1000342523437903,True
ANNULAR_ID64,2.0,112.0,64.0,LC4+,178.78089520069747,1.8134997278950737,LC4+,268.17134280104625,1.1329646711146215,True
ANNULAR_ID64,2.0,112.5,64.0,LC4+,176.04044781433745,1.857297889462842,LC4+,264.0606717215062,1.166168843966528,True
ANNULAR_ID64,2.0,113.0,64.0,LC4+,173.3610587957755,1.9014589752393527,LC4+,260.04158819366324,1.199648156178807,True
ANNULAR_ID64,2.0,113.5,64.0,LC4+,170.74086683582377,1.9459848091532805,LC4+,256.11130025373564,1.2334039905045415,True
ANNULAR_ID64,2.0,114.0,64.0,LC4+,168.178084343889,1.9908772118694742,LC4+,252.26712651583347,1.2674377272224513,True
ANNULAR_ID64,2.0,114.5,64.0,LC4+,165.67099382777027,2.0361380008555585,LC4+,248.5064907416554,1.3017507441873817,True
ANNULAR_ID64,2.0,115.0,64.0,LC4+,163.21794448553857,2.0817689904468,LC4+,244.82691672830788,1.336344416879482,True
ANNULAR_ID64,2.0,115.5,64.0,LC4+,160.81734899510747,2.127771991909298,LC4+,241.22602349266126,1.3712201184521113,True
ANNULAR_ID64,2.0,116.0,64.0,LC4+,158.46768048821224,2.17414881350154,LC4+,237.70152073231841,1.4063792197785028,True
ANNULAR_ID64,2.0,116.5,64.0,LC4+,156.16746969652428,2.2209012605343825,LC4+,234.25120454478648,1.4418230894972384,True
ANNULAR_ID64,2.0,117.0,64.0,LC4+,153.91530225855533,2.2680311354294918,LC4+,230.872953387833,1.477553094056553,True
ANNULAR_ID64,2.0,117.5,64.0,LC4+,151.7098161768523,2.315540237776302,LC4+,227.56472426527853,1.5135705977575138,True
ANNULAR_ID64,2.0,118.0,64.0,LC4+,149.5496994157615,2.3634303643875283,LC4+,224.32454912364227,1.549876962796111,True
ANNULAR_ID64,2.0,118.5,64.0,LC4+,147.4336876307539,2.4117033093532747,LC4+,221.15053144613088,1.5864735493042712,True
ANNULAR_ID64,2.0,119.0,64.0,LC4+,145.36056202095799,2.4603608640937824,LC4+,218.04084303143705,1.6233617153898514,True
ANNULAR_ID64,2.0,119.5,64.0,LC4+,143.32914729714727,2.5094048174108643,LC4+,214.99372094572095,1.6605428171756316,True
ANNULAR_ID64,2.0,120.0,64.0,LC4+,141.33830975798472,2.5588369555380486,LC4+,212.0074646369771,1.6980182088373277,True
ANNULAR_ID64,2.0,120.5,64.0,LC4+,139.38695546783362,2.6086590621894854,LC4+,209.0804332017504,1.7357892426406702,True
ANNULAR_ID64,2.0,121.0,64.0,LC4+,137.47402852991522,2.6588729186076336,LC4+,206.21104279487284,1.7738572689775567,True
ANNULAR_ID64,2.0,121.5,64.0,LC4+,135.59850944902402,2.7094803036097854,LC4+,203.39776417353607,1.8122236364013213,True
ANNULAR_ID64,2.0,122.0,64.0,LC4+,133.75941357841194,2.7604829936334405,LC4+,200.63912036761795,1.8508896916611364,True
ANNULAR_ID64,2.0,122.5,64.0,LC4+,131.95578964581955,2.8118827627805825,LC4+,197.93368446872935,1.889856779735577,True
ANNULAR_ID64,2.0,123.0,64.0,LC4+,130.1867183539739,2.8636813828608663,LC4+,195.28007753096085,1.9291262438653618,True
ANNULAR_ID64,2.0,123.5,64.0,LC4+,128.45131105118526,2.9158806234337664,LC4+,192.6769665767779,1.9686994255853074,True
ANNULAR_ID64,2.0,124.0,64.0,LC4+,126.74870846796692,2.9684822518497116,LC4+,190.1230627019504,2.0085776647555136,True
ANNULAR_ID64,2.0,124.5,64.0,LC4+,125.0780795158715,3.021488033290222,LC4+,187.61711927380725,2.0487622995917913,True
ANNULAR_ID64,2.0,125.0,64.0,LC4+,123.43862014498546,3.0748997308070907,LC4+,185.15793021747822,2.0892546666953686,True
ANNULAR_ID64,2.0,125.5,64.0,LC4+,121.82955225675578,3.1287191053606396,LC4+,182.74432838513368,2.1300561010818893,True
ANNULAR_ID64,2.0,126.0,64.0,LC4+,120.25012266903637,3.1829479158570475,LC4+,180.37518400355458,2.171167936209716,True
ANNULAR_ID64,2.0,126.5,64.0,LC4+,118.69960213044077,3.237587919184816,LC4+,178.04940319566117,2.2125915040075737,True
ANNULAR_ID64,2.0,127.0,64.0,LC4+,117.17728438127254,3.292640870250363,LC4+,175.76592657190884,2.2543281349015336,True
ANNULAR_ID64,2.0,127.5,64.0,LC4+,115.68248525847648,3.3481085220127857,LC4+,173.52372788771476,2.296379157841369,True
ANNULAR_ID64,2.0,128.0,64.0,LC4+,114.21454184221255,3.403992625517815,LC4+,171.32181276331883,2.3387459003262956,True
ANNULAR_ID64,2.0,128.5,64.0,LC4+,112.77281164180432,3.460294929930969,LC4+,169.1592174627065,2.381429688430105,True
ANNULAR_ID64,2.0,129.0,64.0,LC4+,111.3566718189499,3.517017182569953,LC4+,167.0350077284249,2.4244318468257293,True
ANNULAR_ID64,2.0,129.5,64.0,LC4+,109.96551844621415,3.5741611289362964,LC4+,164.94827766932127,2.4677536988092252,True
ANNULAR_ID64,2.0,130.0,64.0,LC4+,108.59876579893898,3.6317285127462684,LC4+,162.8981486984085,2.511396566323214,True
ANNULAR_ID64,2.0,130.5,64.0,LC4+,107.25584567882164,3.6897210759610894,LC4+,160.88376851823247,2.5553617699797786,True
ANNULAR_ID64,2.0,131.0,64.0,LC4+,105.93620676751432,3.748140558816446,LC4+,158.90431015127146,2.5996506290828463,True
ANNULAR_ID64,2.0,131.5,64.0,LC4+,104.63931400869666,3.806988699851332,LC4+,156.95897101304496,2.6442644616500495,True
ANNULAR_ID64,2.0,132.0,64.0,LC4+,103.36464801716237,3.866267235936249,LC4+,155.04697202574357,2.6892045844341075,True
ANNULAR_ID64,2.0,132.5,64.0,LC4+,102.11170451354765,3.9259779023007555,LC4+,153.16755677032148,2.7344723129437134,True
ANNULAR_ID64,2.0,133.0,64.0,LC4+,100.87999378340703,3.986122432560405,LC4+,151.3199906751106,2.78006896146395,True
ANNULAR_ID64,2.0,133.5,64.0,LC4+,99.66904015941765,4.046702558743082,LC4+,149.5035602391265,2.825995843076265,True
ANNULAR_ID64,2.0,134.0,64.0,LC4+,98.47838152556176,4.107720011314744,LC4+,147.7175722883427,2.8722542696779754,True
ANNULAR_ID64,2.0,134.5,64.0,LC4+,97.30756884220293,4.169176519204595,LC4+,145.96135326330443,2.9188455520013616,True
ANNULAR_ID64,2.0,135.0,64.0,LC4+,96.1561656910315,4.2310738098297,LC4+,144.2342485365473,2.965770999632322,True
ANNULAR_ID64,2.0,135.5,64.0,LC4+,95.02374783891305,4.293413609119058,LC4+,142.53562175836962,3.0130319210286283,True
ANNULAR_ID64,2.0,136.0,64.0,LC4+,93.90990281972618,4.356197641537146,LC4+,140.86485422958927,3.0606296235377703,True
ANNULAR_ID64,2.0,136.5,64.0,LC4+,92.81422953332694,4.419427630106945,LC4+,139.22134429999042,3.10856541341441,True
ANNULAR_ID64,2.0,137.0,64.0,LC4+,91.73633786082371,4.483105296432459,LC4+,137.60450679123556,3.1568405958374637,True
ANNULAR_ID64,2.0,137.5,64.0,LC4+,90.6758482953911,4.547232360720761,LC4+,136.0137724430867,3.2054564749268044,True
ANNULAR_ID64,2.0,138.0,64.0,LC4+,89.63239158789287,4.611810541803538,LC4+,134.44858738183933,3.254414353759607,True
ANNULAR_ID64,2.0,138.5,64.0,LC4+,88.60560840662252,4.676841557158192,LC4+,132.9084126099338,3.3037155343863294,True
ANNULAR_ID64,2.0,139.0,64.0,LC4+,87.59514901050782,4.74232712292847,LC4+,131.39272351576173,3.3533613178463684,True
ANNULAR_ID64,2.0,139.5,64.0,LC4+,86.60067293515891,4.808268953944671,LC4+,129.90100940273837,3.4033530041833684,True
ANNULAR_ID64,2.0,140.0,64.0,LC4+,85.6218486911734,4.874668763743399,LC4+,128.43277303676012,3.4536918924602036,True
ANNULAR_ID64,2.5,74.0,64.0,LC4+,1566.881022670595,-0.6789800931134606,LC4+,2350.3215340058923,-0.7566290434206753,False
ANNULAR_ID64,2.5,74.5,64.0,LC4+,1485.4142382662249,-0.6613739204579717,LC4+,2228.1213573993373,-0.7432814877428229,False
ANNULAR_ID64,2.5,75.0,64.0,LC4+,1411.3497710548017,-0.6436035840895256,LC4+,2117.024656582203,-0.7298094766059757,False
ANNULAR_ID64,2.5,75.5,64.0,LC4+,1343.7234596670962,-0.6256670251744977,LC4+,2015.5851895006442,-0.7162114491713886,False
ANNULAR_ID64,2.5,76.0,64.0,LC4+,1281.7317930775278,-0.607562203951997,LC4+,1922.5976896162917,-0.7024858590596983,False
ANNULAR_ID64,2.5,76.5,64.0,LC4+,1224.6997815704774,-0.589287099116663,LC4+,1837.049672355716,-0.6886311738830102,False
ANNULAR_ID64,2.5,77.0,64.0,LC4+,1172.0562420816273,-0.5708397072254414,LC4+,1758.0843631224413,-0.6746458747951658,False
ANNULAR_ID64,2.5,77.5,64.0,LC4+,1123.3145756688982,-0.5522180421272648,LC4+,1684.9718635033473,-0.660528456059371,False
ANNULAR_ID64,2.5,78.0,64.0,LC4+,1078.057664080531,-0.5334201344146041,LC4+,1617.0864961207965,-0.6462774246324103,False
ANNULAR_ID64,2.5,78.5,64.0,LC4+,1035.9258911554887,-0.5144440308959306,LC4+,1553.888836733233,-0.6318912997647081,False
ANNULAR_ID64,2.5,79.0,64.0,LC4+,996.607559928624,-0.49528779408815204,LC4+,1494.9113398929362,-0.6173686126155375,False
ANNULAR_ID64,2.5,79.5,64.0,LC4+,959.8311644750584,-0.47594950172815453,LC4+,1439.7467467125875,-0.6027079058827096,False
ANNULAR_ID64,2.5,80.0,64.0,LC4+,925.3591107696041,-0.456427246302612,LC4+,1388.038666154406,-0.5879077334461154,False
ANNULAR_ID64,2.5,80.5,64.0,LC4+,892.982579194459,-0.4367191345952731,LC4+,1339.473868791689,-0.5729666600245147,False
ANNULAR_ID64,2.5,81.0,64.0,LC4+,862.517293650009,-0.4168232872509724,LC4+,1293.7759404750138,-0.5578832608450051,False
ANNULAR_ID64,2.5,81.5,64.0,LC4+,833.8000159481871,-0.39673783835564624,LC4+,1250.7000239222807,-0.5426561213246252,False
ANNULAR_ID64,2.5,82.0,64.0,LC4+,806.6856244613218,-0.37646093503167743,LC4+,1210.028436691983,-0.5272838367635779,False
ANNULAR_ID64,2.5,82.5,64.0,LC4+,781.0446664917359,-0.35599073704791484,LC4+,1171.566999737604,-0.5117650120495789,False
ANNULAR_ID64,2.5,83.0,64.0,LC4+,756.7612970978522,-0.33532541644375335,LC4+,1135.1419456467784,-0.4960982613728654,False
ANNULAR_ID64,2.5,83.5,64.0,LC4+,733.7315350129226,-0.31446315716668616,LC4+,1100.597302519384,-0.4802822079514175,False
ANNULAR_ID64,2.5,84.0,64.0,LC4+,711.8617801652788,-0.29340215472276887,LC4+,1067.7926702479183,-0.4643154837659693,False
ANNULAR_ID64,2.5,84.5,64.0,LC4+,691.0675481365466,-0.2721406158394617,LC4+,1036.60132220482,-0.448196729304403,False
ANNULAR_ID64,2.5,85.0,64.0,LC4+,671.2723854016094,-0.2506767581403416,LC4+,1006.908578102414,-0.431924593315143,False
ANNULAR_ID64,2.5,85.5,64.0,LC4+,652.4069359208555,-0.22900880983120064,LC4+,978.6104038812833,-0.41549773256918066,False
ANNULAR_ID64,2.5,86.0,64.0,LC4+,634.4081350060546,-0.20713500939706664,LC4+,951.612202509082,-0.39891481163038056,False
ANNULAR_ID64,2.5,86.5,64.0,LC4+,617.218510661864,-0.18505360530970416,LC4+,925.8277659927962,-0.3821745026337321,False
ANNULAR_ID64,2.5,87.0,64.0,LC4+,600.7855760481038,-0.16276285574518246,LC4+,901.1783640721559,-0.36527548507123186,False
ANNULAR_ID64,2.5,87.5,64.0,LC4+,585.0612994917373,-0.1402610283110961,LC4+,877.591949237606,-0.34821644558508547,False
ANNULAR_ID64,2.5,88.0,64.0,LC4+,570.0016407393534,-0.11754639978306924,LC4+,855.0024611090303,-0.3309960777679465,False
ANNULAR_ID64,2.5,88.5,64.0,LC4+,555.5661439873392,-0.09461725585016412,LC4+,833.3492159810088,-0.3136130819699058,False
ANNULAR_ID64,2.5,89.0,64.0,LC4+,541.7175797409881,-0.07147189086885486,LC4+,812.5763696114823,-0.2960661651119749,False
ANNULAR_ID64,2.5,89.5,64.0,LC4+,528.4216288006548,-0.048108607625228506,LC4+,792.6324432009824,-0.27835404050580614,False
ANNULAR_ID64,2.5,90.0,64.0,LC4+,515.6466027041218,-0.02452571710508966,LC4+,773.4699040561828,-0.26047542767940535,False
ANNULAR_ID64,2.5,90.5,64.0,LC4+,503.3631958103286,-0.0007215382716726504,LC4+,755.0447937154929,-0.24242905220861066,False
ANNULAR_ID64,2.5,91.0,64.0,LC4+,491.5442649229176,0.0233056021493383,LC4+,737.3163973843764,-0.22421364555411338,False
ANNULAR_ID64,2.5,91.5,64.0,LC4+,480.164632948645,0.047557369877754496,LC4+,720.2469494229675,-0.20582794490380962,False
ANNULAR_ID64,2.5,92.0,64.0,LC4+,469.20091358640843,0.07203542328006796,LC4+,703.8013703796125,-0.18727069302027965,False
ANNULAR_ID64,2.5,92.5,64.0,LC4+,458.6313544642966,0.09674141356412091,LC4+,687.9470316964449,-0.16854063809320463,False
ANNULAR_ID64,2.5,93.0,64.0,LC4+,448.4356964982822,0.12167698496751322,LC4+,672.6535447474234,-0.14963653359653095,False
ANNULAR_ID64,2.5,93.5,64.0,LC4+,438.5950475480625,0.14684377493998002,LC4+,657.8925713220938,-0.13055713815020742,False
ANNULAR_ID64,2.5,94.0,64.0,LC4+,429.0917687021511,0.1722434143199596,LC4+,643.6376530532268,-0.11130121538632642,False
ANNULAR_ID64,2.5,94.5,64.0,LC4+,419.9093717430654,0.19787752750556908,LC4+,629.864057614598,-0.09186753381950219,False
ANNULAR_ID64,2.5,95.0,64.0,LC4+,411.03242653043753,0.22374773262019554,LC4+,616.5486397956564,-0.07225486672133641,False
ANNULAR_ID64,2.5,95.5,64.0,LC4+,402.4464772001586,0.2498556416728941,LC4+,603.669715800238,-0.052461991998813295,False
ANNULAR_ID64,2.5,96.0,64.0,LC4+,394.13796621539416,0.2762028607137872,LC4+,591.2069493230914,-0.03248769207649305,False
ANNULAR_ID64,2.5,96.5,64.0,LC4+,386.09416542397906,0.3027909899846424,LC4+,579.1412481359687,-0.012330753782352044,False
ANNULAR_ID64,2.5,97.0,64.0,LC4+,378.3031133791819,0.3296216240648051,LC4+,567.454670068773,0.008010031762847536,True
ANNULAR_ID64,2.5,97.5,64.0,LC4+,370.75355826954444,0.35669635201264893,LC4+,556.1303374043167,0.02853586925279661,True
ANNULAR_ID64,2.5,98.0,64.0,LC4+,363.4349058804772,0.38401675750270825,LC4+,545.1523588207159,0.04924795929960091,True
ANNULAR_ID64,2.5,98.5,64.0,LC4+,356.33717207722896,0.4115844189586395,LC4+,534.5057581158435,0.07014749853458158,True
ANNULAR_ID64,2.5,99.0,64.0,LC4+,349.45093935717045,0.43940090968217005,LC4+,524.1764090357558,0.09123567970603186,True
ANNULAR_ID64,2.5,99.5,64.0,LC4+,342.7673170702772,0.46746779797815563,LC4+,514.1509756054159,0.11251369177402926,True
ANNULAR_ID64,2.5,100.0,64.0,LC4+,336.27790495125214,0.49578664727590827,LC4+,504.4168574268782,0.13398272000241152,True
ANNULAR_ID64,2.5,100.5,64.0,LC4+,329.97475964581406,0.5243590162468987,LC4+,494.9621394687211,0.15564394604801346,True
ANNULAR_ID64,2.5,101.0,64.0,LC4+,323.85036394798936,0.5531864589189783,LC4+,485.7755459219841,0.1774985480472573,True
ANNULAR_ID64,2.5,101.5,64.0,LC4+,317.8975984954532,0.5822705247872271,LC4+,476.8463977431799,0.19954770070019046,True
ANNULAR_ID64,2.5,102.0,64.0,LC4+,312.10971569658835,0.6116127589215521,LC4+,468.16457354488267,0.22179257535205776,True
ANNULAR_ID64,2.5,102.5,64.0,LC4+,306.4803156864459,0.6412147020711423,LC4+,459.7204735296689,0.24423434007248956,True
ANNULAR_ID64,2.5,103.0,64.0,LC4+,301.003324129592,0.6710778907658896,LC4+,451.50498619438815,0.26687415973239026,True
ANNULAR_ID64,2.5,103.5,64.0,LC4+,295.67297170625613,0.7012038574148678,LC4+,443.50945755938426,0.2897131960786008,True
ANNULAR_ID64,2.5,104.0,64.0,LC4+,290.4837751345506,0.7315941304019922,LC4+,435.725662701826,0.3127526078064138,True
ANNULAR_ID64,2.5,104.5,64.0,LC4+,285.4305195960776,0.762250234178925,LC4+,428.1457793941164,0.33599355063001335,True
ANNULAR_ID64,2.5,105.0,64.0,LC4+,280.50824244517673,0.7931736893553409,LC4+,420.7623636677652,0.35943717735090086,True
ANNULAR_ID64,2.5,105.5,64.0,LC4+,275.7122180936125,0.8243660127866244,LC4+,413.5683271404188,0.38308463792438574,True
ANNULAR_ID64,2.5,106.0,64.0,LC4+,271.0379439728001,0.8558287176590977,LC4+,406.5569159592002,0.40693707952419333,True
ANNULAR_ID64,2.5,106.5,64.0,LC4+,266.4811274848864,0.8875633135728456,LC4+,399.72169122732953,0.4309956466052587,True
ANNULAR_ID64,2.5,107.0,64.0,LC4+,262.0376738622451,0.9195713066222317,LC4+,393.0565107933677,0.4552614809647666,True
ANNULAR_ID64,2.5,107.5,64.0,LC4+,257.7036748623489,0.9518541994741629,LC4+,386.55551229352335,0.47973572180148616,True
ANNULAR_ID64,2.5,108.0,64.0,LC4+,253.4753982316118,0.9844134914441931,LC4+,380.2130973474177,0.5044195057734637,True
ANNULAR_ID64,2.5,108.5,64.0,LC4+,249.3492778777696,1.0172506785705204,LC4+,374.0239168166544,0.5293139670541256,True
ANNULAR_ID64,2.5,109.0,64.0,LC4+,245.32190469573388,1.0503672536859572,LC4+,367.9828570436008,0.5544202373868357,True
ANNULAR_ID64,2.5,109.5,64.0,LC4+,241.39001799669538,1.0837647064879294,LC4+,362.0850269950431,0.5797394461379664,True
ANNULAR_ID64,2.5,110.0,64.0,LC4+,237.55049749462003,1.1174445236065726,LC4+,356.32574624193006,0.6052727203485213,True
ANNULAR_ID64,2.5,110.5,64.0,LC4+,233.80035580822306,1.1514081886709806,LC4+,350.7005337123347,0.6310211847843614,True
ANNULAR_ID64,2.5,111.0,64.0,LC4+,230.13673144007467,1.1856571823736717,LC4+,345.2050971601121,0.6569859619850762,True
ANNULAR_ID64,2.5,111.5,64.0,LC4+,226.55688219771721,1.2201929825333209,LC4+,339.83532329657584,0.6831681723115433,True
ANNULAR_ID64,2.5,112.0,64.0,LC4+,223.058179024602,1.255017064155814,LC4+,334.5872685369031,0.7095689339922138,True
ANNULAR_ID64,2.5,112.5,64.0,LC4+,219.63810021130513,1.2901308994936835,LC4+,329.45715031695784,0.7361893631681729,True
ANNULAR_ID64,2.5,113.0,64.0,LC4+,216.29422595989547,1.3255359581039605,LC4+,324.44133893984326,0.763030573936998,True
ANNULAR_ID64,2.5,113.5,64.0,LC4+,213.02423327651647,1.36123370690451,LC4+,319.53634991477463,0.7900936783954671,True
ANNULAR_ID64,2.5,114.0,64.0,LC4+,209.82589116924015,1.3972256102288787,LC4+,314.73883675386026,0.8173797866811379,True
ANNULAR_ID64,2.5,114.5,64.0,LC4+,206.69705613006573,1.4335131298797181,LC4+,310.04558419509857,0.8448900070128547,True
ANNULAR_ID64,2.5,115.0,64.0,LC4+,203.6356678815943,1.4700977251808052,LC4+,305.45350182239144,0.8726254457301796,True
ANNULAR_ID64,2.5,115.5,64.0,LC4+,200.6397453704195,1.5069808530277262,LC4+,300.9596180556293,0.9005872073318213,True
ANNULAR_ID64,2.5,116.0,64.0,LC4+,197.70738299065763,1.5441639679372443,LC4+,296.56107448598647,0.92877639451306,True
ANNULAR_ID64,2.5,116.5,64.0,LC4+,194.83674702230132,1.5816485220954024,LC4+,292.255120533452,0.9571941082022135,True
ANNULAR_ID64,2.5,117.0,64.0,LC4+,192.02607227023597,1.6194359654043966,LC4+,288.03910840535394,0.9858414475961763,True
ANNULAR_ID64,2.5,117.5,64.0,LC4+,189.27365889081872,1.6575277455282476,LC4+,283.9104883362281,1.0147195101950395,True
ANNULAR_ID64,2.5,118.0,64.0,LC4+,186.57786939388504,1.6959253079373275,LC4+,279.8668040908276,1.0438293918358532,True
ANNULAR_ID64,2.5,118.5,64.0,LC4+,183.93712580894353,1.734630095951748,LC4+,275.9056887134154,1.0731721867255128,True
ANNULAR_ID64,2.5,119.0,64.0,LC4+,181.34990700513166,1.7736435507836608,LC4+,272.0248605076975,1.1027489874728347,True
ANNULAR_ID64,2.5,119.5,64.0,LC4+,178.8147461552581,1.8129671115785055,LC4+,268.2221192328872,1.1325608851198203,True
ANNULAR_ID64,2.5,120.0,64.0,LC4+,176.33022833494908,1.8526022154552169,LC4+,264.4953425024236,1.1626089691721457,True
ANNULAR_ID64,2.5,120.5,64.0,LC4+,173.8949882485481,1.8925502975454482,LC4+,260.8424823728222,1.192894327628888,True
ANNULAR_ID64,2.5,121.0,64.0,LC4+,171.5077080740083,1.9328127910318034,LC4+,257.26156211101244,1.2234180470115197,True
ANNULAR_ID64,2.5,121.5,64.0,LC4+,169.16711541955118,1.973391127185152,LC4+,253.7506731293268,1.2541812123921892,True
ANNULAR_ID64,2.5,122.0,64.0,LC4+,166.87198138536868,2.0142867354010034,LC4+,250.30797207805298,1.2851849074213044,True
ANNULAR_ID64,2.5,122.5,64.0,LC4+,164.62111872409898,2.055501043235017,LC4+,246.93167808614848,1.3164302143544462,True
ANNULAR_ID64,2.5,123.0,64.0,LC4+,162.4133800942368,2.0970354764376267,LC4+,243.62007014135526,1.347918214078624,True
ANNULAR_ID64,2.5,123.5,64.0,LC4+,160.24765640102666,2.138891458987836,LC4+,240.37148460154006,1.379649986137895,True
ANNULAR_ID64,2.5,124.0,64.0,LC4+,158.12287521975227,2.1810704131262004,LC4+,237.18431282962842,1.411626608758365,True
ANNULAR_ID64,2.5,124.5,64.0,LC4+,156.03799929667179,2.2235737593870106,LC4+,234.05699894500768,1.4438491588725912,True
ANNULAR_ID64,2.5,125.0,64.0,LC4+,153.99202512315844,2.266402916629708,LC4+,230.98803768473772,1.4763187121433963,True
ANNULAR_ID64,2.5,125.5,64.0,LC4+,151.98398157889545,2.3095593020695464,LC4+,227.97597236834318,1.5090363429871179,True
ANNULAR_ID64,2.5,126.0,64.0,LC4+,150.0129286402405,2.353044331307534,LC4+,225.01939296036076,1.542003124596301,True
ANNULAR_ID64,2.5,126.5,64.0,LC4+,148.07795615012472,2.3968594183596608,LC4+,222.1169342251871,1.5752201289618633,True
ANNULAR_ID64,2.5,127.0,64.0,LC4+,146.17818264608061,2.4410059756854325,LC4+,219.2672739691209,1.6086884268947217,True
ANNULAR_ID64,2.5,127.5,64.0,LC4+,144.312754243207,2.4854854142157494,LC4+,216.46913136481052,1.6424090880469295,True
ANNULAR_ID64,2.5,128.0,64.0,LC4+,142.48084356908015,2.530299143380116,LC4+,213.72126535362028,1.6763831809323073,True
ANNULAR_ID64,2.5,128.5,64.0,LC4+,140.68164874780334,2.575448571133227,LC4+,211.02247312170508,1.710611772946594,True
ANNULAR_ID64,2.5,129.0,64.0,LC4+,138.9143924305604,2.6209351039809374,LC4+,208.3715886458407,1.7450959303871376,True
ANNULAR_ID64,2.5,129.5,64.0,LC4+,137.17832087020022,2.6667601470056237,LC4+,205.7674813053003,1.7798367184721235,True
ANNULAR_ID64,2.5,130.0,64.0,LC4+,135.47270303752663,2.712925103890977,LC4+,203.20905455628997,1.8148352013593616,True
ANNULAR_ID64,2.5,130.5,64.0,LC4+,133.79682977711084,2.759431376946199,LC4+,200.69524466566628,1.8500924421646463,True
ANNULAR_ID64,2.5,131.0,64.0,LC4+,132.1500130005695,2.8062803671296828,LC4+,198.22501950085424,1.885609502979693,True
ANNULAR_ID64,2.5,131.5,64.0,LC4+,130.53158491537758,2.8534734740721204,LC4+,195.79737737306633,1.9213874448896662,True
ANNULAR_ID64,2.5,132.0,64.0,LC4+,128.94089728739473,2.901012096099112,LC4+,193.41134593109211,1.9574273279903136,True
ANNULAR_ID64,2.5,132.5,64.0,LC4+,127.37732073539287,2.9488976302532417,LC4+,191.06598110308934,1.99373021140471,True
ANNULAR_ID64,2.5,133.0,64.0,LC4+,125.84024405596902,2.9971314723156803,LC4+,188.76036608395358,2.030297153299627,True
ANNULAR_ID64,2.5,133.5,64.0,LC4+,124.32907357732303,3.045715016827283,LC4+,186.49361036598458,2.067129210901532,True
ANNULAR_ID64,2.5,134.0,64.0,LC4+,122.84323254046392,3.0946496571092306,LC4+,184.2648488106959,2.1042274405122323,True
ANNULAR_ID64,2.5,134.5,64.0,LC4+,121.38216050649162,3.1439367852831976,LC4+,182.07324075973744,2.1415928975241734,True
ANNULAR_ID64,2.5,135.0,64.0,LC4+,119.94531278867593,3.193577792291091,LC4+,179.91796918301395,2.1792266364353923,True
ANNULAR_ID64,2.5,135.5,64.0,LC4+,118.53215990812639,3.2435740679143317,LC4+,177.79823986218963,2.217129710864145,True
ANNULAR_ID64,2.5,136.0,64.0,LC4+,117.14218707191273,3.2939270007927375,LC4+,175.71328060786914,2.255303173563214,True
ANNULAR_ID64,2.5,136.5,64.0,LC4+,115.7748936725601,3.344637978442959,LC4+,173.66234050884015,2.2937480764338933,True
ANNULAR_ID64,2.5,137.0,64.0,LC4+,114.42979280789919,3.3957083872765477,LC4+,171.6446892118488,2.3324654705396752,True
ANNULAR_ID64,2.5,137.5,64.0,LC4+,113.10641082030976,3.4471396126176046,LC4+,169.65961623046468,2.3714564061196413,True
ANNULAR_ID64,2.5,138.0,64.0,LC4+,111.80428685444545,3.4989330387200646,LC4+,167.70643028166822,2.4107219326015588,True
ANNULAR_ID64,2.5,138.5,64.0,LC4+,110.52297243257826,3.5510900487845856,LC4+,165.7844586488674,2.450263098614689,True
ANNULAR_ID64,2.5,139.0,64.0,LC4+,109.26203104674543,3.6036120249751002,LC4+,163.89304657011812,2.4900809520023297,True
ANNULAR_ID64,2.5,139.5,64.0,LC4+,108.02103776692591,3.6565003484349923,LC4+,162.03155665038886,2.530176539834083,True
ANNULAR_ID64,2.5,140.0,64.0,LC4+,106.79957886451322,3.7097563993029388,LC4+,160.19936829676985,2.570550908417867,True
ANNULAR_ID64,3.0,74.0,64.0,LC4+,1878.2104115991904,-0.732191879624539,LC4+,2817.3156173987854,-0.7969698544005783,False
ANNULAR_ID64,3.0,74.5,64.0,LC4+,1780.5547750818405,-0.7175037763289925,LC4+,2670.8321626227607,-0.7858345395098525,False
ANNULAR_ID64,3.0,75.0,64.0,LC4+,1691.7723704354007,-0.702678676641027,LC4+,2537.658555653101,-0.7745953651937275,False
ANNULAR_ID64,3.0,75.5,64.0,LC4+,1610.707450004366,-0.6877148609459548,LC4+,2416.061175006549,-0.7632510277814263,False
ANNULAR_ID64,3.0,76.0,64.0,LC4+,1536.39683887421,-0.6726106255408781,LC4+,2304.5952583113153,-0.7518002356651853,False
ANNULAR_ID64,3.0,76.5,64.0,LC4+,1468.031421565357,-0.6573642821189394,LC4+,2202.047132348036,-0.7402417089092557,False
ANNULAR_ID64,3.0,77.0,64.0,LC4+,1404.9265163923214,-0.6419741572736187,LC4+,2107.3897745884824,-0.728574178874102,False
ANNULAR_ID64,3.0,77.5,64.0,LC4+,1346.4988332784676,-0.6264385920221772,LC4+,2019.7482499177013,-0.7167963878551165,False
ANNULAR_ID64,3.0,78.0,64.0,LC4+,1292.2483691624207,-0.6107559413473875,LC4+,1938.372553743631,-0.7049070887351965,False
ANNULAR_ID64,3.0,78.5,64.0,LC4+,1241.7440491636598,-0.5949245737567409,LC4+,1862.6160737454893,-0.6929050446505709,False
ANNULAR_ID64,3.0,79.0,64.0,LC4+,1194.6122394968093,-0.578942870858353,LC4+,1791.9183592452139,-0.6807890286692883,False
ANNULAR_ID64,3.0,79.5,64.0,LC4+,1150.5274836752865,-0.562809226952842,LC4+,1725.7912255129297,-0.6685578234818099,False
ANNULAR_ID64,3.0,80.0,64.0,LC4+,1109.2049756597999,-0.546522048640473,LC4+,1663.8074634896998,-0.6562102211031817,False
ANNULAR_ID64,3.0,80.5,64.0,LC4+,1070.394401508921,-0.5300797544429161,LC4+,1605.5916022633814,-0.6437450225862797,False
ANNULAR_ID64,3.0,81.0,64.0,LC4+,1033.8748677813812,-0.5134807744389795,LC4+,1550.8123016720717,-0.6311610377456545,False
ANNULAR_ID64,3.0,81.5,64.0,LC4+,999.4506993398384,-0.4967235499137238,LC4+,1499.1760490097574,-0.6184570848915176,False
ANNULAR_ID64,3.0,82.0,64.0,LC4+,966.947937505937,-0.47980653302038656,LC4+,1450.4219062589057,-0.6056319905734409,False
ANNULAR_ID64,3.0,82.5,64.0,LC4+,936.211406067872,-0.4627281864545727,LC4+,1404.3171091018082,-0.5926845893333541,False
ANNULAR_ID64,3.0,83.0,64.0,LC4+,907.1022405361757,-0.44548698314019863,LC4+,1360.653360804264,-0.5796137234674535,False
ANNULAR_ID64,3.0,83.5,64.0,LC4+,879.4957975007316,-0.4280814059266933,LC4+,1319.2436962510974,-0.5664182427966449,False
ANNULAR_ID64,3.0,84.0,64.0,LC4+,853.279877571435,-0.41050994729699364,LC4+,1279.9198163571525,-0.5530970044451695,False
ANNULAR_ID64,3.0,84.5,64.0,LC4+,828.3532083639635,-0.3927711090858831,LC4+,1242.529812545945,-0.539648872627071,False
ANNULAR_ID64,3.0,85.0,64.0,LC4+,804.6241441899458,-0.37486340220825154,LC4+,1206.9362162849188,-0.5260727184401854,False
ANNULAR_ID64,3.0,85.5,64.0,LC4+,782.0095471742117,-0.35678534639687143,LC4+,1173.0143207613175,-0.5123674196673432,False
ANNULAR_ID64,3.0,86.0,64.0,LC4+,760.4338209358649,-0.33853546994930006,LC4+,1140.6507314037972,-0.4985318605844925,False
ANNULAR_ID64,3.0,86.5,64.0,LC4+,739.8280731011776,-0.3201123094835432,LC4+,1109.7421096517662,-0.4845649317754628,False
ANNULAR_ID64,3.0,87.0,64.0,LC4+,720.1293870436093,-0.3015144097021283,LC4+,1080.194080565414,-0.47046552995310453,False
ANNULAR_ID64,3.0,87.5,64.0,LC4+,701.2801865832249,-0.2827403231642477,LC4+,1051.9202798748374,-0.4562325577865469,False
ANNULAR_ID64,3.0,88.0,64.0,LC4+,683.227680089082,-0.26378861006565657,LC4+,1024.8415201336231,-0.44186492373433484,False
ANNULAR_ID64,3.0,88.5,64.0,LC4+,665.9233726414487,-0.24465783802601426,LC4+,998.8850589621729,-0.4273615418832075,False
ANNULAR_ID64,3.0,89.0,64.0,LC4+,649.3226367256243,-0.22534658188338186,LC4+,973.9839550884366,-0.4127213317923054,False
ANNULAR_ID64,3.0,89.5,64.0,LC4+,633.3843334237552,-0.20585342349559455,LC4+,950.0765001356326,-0.3979432183425845,False
ANNULAR_ID64,3.0,90.0,64.0,LC4+,618.0704773069785,-0.18617695154823943,LC4+,927.1057159604679,-0.3830261315912432,False
ANNULAR_ID64,3.0,90.5,64.0,LC4+,603.3459392562992,-0.16631576136898896,LC4+,905.0189088844486,-0.367969006630963,False
ANNULAR_ID64,3.0,91.0,64.0,LC4+,589.1781822956438,-0.1462684547480415,LC4+,883.7672734434658,-0.35277078345378377,False
ANNULAR_ID64,3.0,91.5,64.0,LC4+,575.5370262356854,-0.12603363976443993,LC4+,863.305539353528,-0.3374304068194296,False
ANNULAR_ID64,3.0,92.0,64.0,LC4+,562.3944375272198,-0.10560993061803725,LC4+,843.5916562908295,-0.32194682612792214,False
ANNULAR_ID64,3.0,92.5,64.0,LC4+,549.7243412283241,-0.08499594746690953,LC4+,824.5865118424861,-0.30631899529631834,False
ANNULAR_ID64,3.0,93.0,64.0,LC4+,537.5024524165149,-0.0641903162699966,LC4+,806.2536786247723,-0.2905458726394142,False
ANNULAR_ID64,3.0,93.5,64.0,LC4+,525.7061247390045,-0.04319166863478585,LC4+,788.5591871085069,-0.27462642075427124,False
ANNULAR_ID64,3.0,94.0,64.0,LC4+,514.3142141017328,-0.021998641669846553,LC4+,771.4713211525992,-0.25855960640841924,False
ANNULAR_ID64,3.0,94.5,64.0,LC4+,503.3069557600609,-0.000609877842036477,LC4+,754.9604336400913,-0.24234440043160355,False
ANNULAR_ID64,3.0,95.0,64.0,LC4+,492.66585329815575,0.020975975161790172,LC4+,738.9987799472336,-0.22597977761094246,False
ANNULAR_ID64,3.0,95.5,64.0,LC4+,482.37357817621614,0.04276026456873816,LC4+,723.5603672643242,-0.20946471658937282,False
ANNULAR_ID64,3.0,96.0,64.0,LC4+,472.4138786897967,0.0647443326496493,LC4+,708.6208180346952,-0.19279819976726398,False
ANNULAR_ID64,3.0,96.5,64.0,LC4+,462.7714973277305,0.0869295168448545,LC4+,694.1572459915959,-0.17597921320708199,False
ANNULAR_ID64,3.0,97.0,64.0,LC4+,453.4320956379992,0.1093171498860408,LC4+,680.148143456999,-0.15900674654100044,False
ANNULAR_ID64,3.0,97.5,64.0,LC4+,444.38218581724334,0.13190855991437922,LC4+,666.573278725865,-0.14187979288134522,False
ANNULAR_ID64,3.0,98.0,64.0,LC4+,435.6090683318772,0.15470507059504035,LC4+,653.413602497816,-0.12459734873378014,False
ANNULAR_ID64,3.0,98.5,64.0,LC4+,427.10077495900737,0.1777080012282286,LC4+,640.6511624385112,-0.10715841391312575,False
ANNULAR_ID64,3.0,99.0,64.0,LC4+,418.8460167052702,0.20091866685686188,LC4+,628.2690250579053,-0.0895619914617296,False
ANNULAR_ID64,3.0,99.5,64.0,LC4+,410.83413612276615,0.22433837837100445,LC4+,616.2512041841492,-0.07180708757029208,False
ANNULAR_ID64,3.0,100.0,64.0,LC4+,403.05506359468313,0.24796844260917816,LC4+,604.5825953920246,-0.05389271150106023,False
ANNULAR_ID64,3.0,100.5,64.0,LC4+,395.4992772100483,0.271810162456652,LC4+,593.2489158150723,-0.03581787551331328,False
ANNULAR_ID64,3.0,101.0,64.0,LC4+,388.1577658881815,0.2958648369408168,LC4+,582.2366488322722,-0.017581594791057364,False
ANNULAR_ID64,3.0,101.5,64.0,LC4+,381.0219954496299,0.32013376132374827,LC4+,571.5329931744449,0.0008171126271490081,True
ANNULAR_ID64,3.0,102.0,64.0,LC4+,374.08387736228167,0.3446182271920515,LC4+,561.1258160434224,0.019379225916306808,True
ANNULAR_ID64,3.0,102.5,64.0,LC4+,367.33573991953904,0.3693195225440813,LC4+,551.0036098793086,0.03810572153109937,True
ANNULAR_ID64,3.0,103.0,64.0,LC4+,360.77030163236867,0.3942389318746251,LC4+,541.1554524485531,0.05699757327009336,True
ANNULAR_ID64,3.0,103.5,64.0,LC4+,354.38064663913826,0.4193777362571358,LC4+,531.5709699587073,0.07605575233808048,True
ANNULAR_ID64,3.0,104.0,64.0,LC4+,348.16020195675503,0.44473721342359984,LC4+,522.2403029351327,0.09528122740662526,True
ANNULAR_ID64,3.0,104.5,64.0,LC4+,342.1027164140553,0.4703186378421116,LC4+,513.1540746210829,0.11467496467287996,True
ANNULAR_ID64,3.0,105.0,64.0,LC4+,336.2022411239043,0.49612328079224177,LC4+,504.3033616858566,0.13423792791671563,True
ANNULAR_ID64,3.0,105.5,64.0,LC4+,330.45311136430604,0.5221524104382564,LC4+,495.67966704645903,0.15397107855623937,True
ANNULAR_ID64,3.0,106.0,64.0,LC4+,324.8499297511665,0.5484072919002803,LC4+,487.2748946267498,0.1738753757017364,True
ANNULAR_ID64,3.0,106.5,64.0,LC4+,319.38755059640596,0.5748891873234467,LC4+,479.08132589460894,0.1939517762081,True
ANNULAR_ID64,3.0,107.0,64.0,LC4+,314.0610653549957,0.601599355945122,LC4+,471.0915980324936,0.21420123472579156,True
ANNULAR_ID64,3.0,107.5,64.0,LC4+,308.8657890733666,0.6285390541602509,LC4+,463.29868361005,0.23462470375038214,True
ANNULAR_ID64,3.0,108.0,64.0,LC4+,303.79724775959085,0.6557095355848903,LC4+,455.69587163938616,0.2552231336707189,True
ANNULAR_ID64,3.0,108.5,64.0,LC4+,298.85116660289236,0.6831120511179956,LC4+,448.27674990433854,0.2759974728157635,True
ANNULAR_ID64,3.0,109.0,64.0,LC4+,294.0234589764834,0.7107478490015007,LC4+,441.03518846472514,0.2969486675001436,True
ANNULAR_ID64,3.0,109.5,64.0,LC4+,289.3102161635206,0.738618174878761,LC4+,433.9653242452809,0.31807766206845756,True
ANNULAR_ID64,3.0,110.0,64.0,LC4+,284.70769775121244,0.7667242718514027,LC4+,427.0615466268186,0.33938539893837305,True
ANNULAR_ID64,3.0,110.5,64.0,LC4+,280.2123226428353,0.7950673805346335,LC4+,420.318483964253,0.3608728186425585,True
ANNULAR_ID64,3.0,111.0,64.0,LC4+,275.8206606416918,0.823648739111057,LC4+,413.73099096253765,0.38254085986948283,True
ANNULAR_ID64,3.0,111.5,64.0,LC4+,271.5294245649113,0.8524695833830478,LC4+,407.294136847367,0.40439045950311914,True
ANNULAR_ID64,3.0,112.0,64.0,LC4+,267.3354628485065,0.8815311468237184,LC4+,401.00319427275974,0.42642255266158635,True
ANNULAR_ID64,3.0,112.5,64.0,LC4+,263.23575260827283,0.9108346606265367,LC4+,394.8536289124093,0.4486380727347632,True
ANNULAR_ID64,3.0,113.0,64.0,LC4+,259.2273931240154,0.9403813537536243,LC4+,388.8410896860231,0.47103795142090554,True
ANNULAR_ID64,3.0,113.5,64.0,LC4+,255.30759971720914,0.9701724529827813,LC4+,382.9613995758137,0.49362311876229437,True
ANNULAR_ID64,3.0,114.0,64.0,LC4+,251.47369799459128,1.0002091829532747,LC4+,377.21054699188693,0.5163945031799511,True
ANNULAR_ID64,3.0,114.5,64.0,LC4+,247.72311843236116,1.030492766210434,LC4+,371.5846776485417,0.5393530315074466,True
ANNULAR_ID64,3.0,115.0,64.0,LC4+,244.05339127765,1.0610244232490773,LC4+,366.08008691647495,0.5624996290238202,True
ANNULAR_ID64,3.0,115.5,64.0,LC4+,240.4621417457315,1.091805372555819,LC4+,360.69321261859716,0.5858352194856575,True
ANNULAR_ID64,3.0,116.0,64.0,LC4+,236.947085493103,1.1228368306502814,LC4+,355.42062823965455,0.6093607251583308,True
ANNULAR_ID64,3.0,116.5,64.0,LC4+,233.5060243480783,1.1541200121252442,LC4+,350.2590365221174,0.6330770668464412,True
ANNULAR_ID64,3.0,117.0,64.0,LC4+,230.1368422819166,1.185656129685777,LC4+,345.2052634228749,0.6569851639234787,True
ANNULAR_ID64,3.0,117.5,64.0,LC4+,226.8375016047851,1.217446394187359,LC4+,340.25625240717767,0.6810859343607281,True
ANNULAR_ID64,3.0,118.0,64.0,LC4+,223.60603937200858,1.249492014673046,LC4+,335.4090590580128,0.705380294755444,True
ANNULAR_ID64,3.0,118.5,64.0,LC4+,220.44056398713317,1.2817941984096874,LC4+,330.6608459806998,0.7298691603583052,True
ANNULAR_ID64,3.0,119.0,64.0,LC4+,217.3392519893053,1.3143541509232364,LC4+,326.00887798395803,0.7545534451001867,True
ANNULAR_ID64,3.0,119.5,64.0,LC4+,214.30034501336894,1.3471730760331755,LC4+,321.45051752005344,0.7794340616182589,True
ANNULAR_ID64,3.0,120.0,64.0,LC4+,211.32214691191342,1.3802521758860808,LC4+,316.98322036787016,0.8045119212814291,True
ANNULAR_ID64,3.0,120.5,64.0,LC4+,208.4030210292626,1.413592650988356,LC4+,312.6045315438939,0.8297879342151617,True
ANNULAR_ID64,3.0,121.0,64.0,LC4+,205.5413876181013,1.4471957002381477,LC4+,308.31208142715195,0.8552630093256735,True
ANNULAR_ID64,3.0,121.5,64.0,LC4+,202.73572139007837,1.4810625209564878,LC4+,304.1035820851175,0.8809380543235403,True
ANNULAR_ID64,3.0,122.0,64.0,LC4+,199.98454919232537,1.515194308917657,LC4+,299.97682378848805,0.9068139757467195,True
ANNULAR_ID64,3.0,122.5,64.0,LC4+,197.28644780237835,1.5495922583788149,LC4+,295.9296717035676,0.9328916789830111,True
ANNULAR_ID64,3.0,123.0,64.0,LC4+,194.6400418344997,1.584257562108908,LC4+,291.96006275174955,0.9591720682919751,True
ANNULAR_ID64,3.0,123.5,64.0,LC4+,192.04400175086812,1.6191914114168693,LC4+,288.0660026263021,0.9856560468263083,True
ANNULAR_ID64,3.0,124.0,64.0,LC4+,189.49704197153764,1.6543949961791506,LC4+,284.2455629573065,1.0123445166527154,True
ANNULAR_ID64,3.0,124.5,64.0,LC4+,186.99791907747206,1.6898695048665768,LC4+,280.49687861620805,1.0392383787722759,True
ANNULAR_ID64,3.0,125.0,64.0,LC4+,184.54543010133145,1.72561612457057,LC4+,276.81814515199716,1.0663385331403128,True
ANNULAR_ID64,3.0,125.5,64.0,LC4+,182.13841090103514,1.7616360410287366,LC4+,273.20761635155264,1.0936458786858023,True
ANNULAR_ID64,3.0,126.0,64.0,LC4+,179.7757346114446,1.79793043864986,LC4+,269.6636019171669,1.1211613133303113,True
ANNULAR_ID64,3.0,126.5,64.0,LC4+,177.45631016980872,1.8345005005382853,LC4+,266.1844652547131,1.1488857340064933,True
ANNULAR_ID64,3.0,127.0,64.0,LC4+,175.17908091088867,1.871347408517742,LC4+,262.768621366333,1.176820036676141,True
ANNULAR_ID64,3.0,127.5,64.0,LC4+,172.94302322793752,1.908472343154601,LC4+,259.4145348419063,1.204965116347822,True
ANNULAR_ID64,3.0,128.0,64.0,LC4+,170.74714529594777,1.945876483780589,LC4+,256.12071794392165,1.2333218670940984,True
ANNULAR_ID64,3.0,128.5,64.0,LC4+,168.5904858538024,1.983561008514973,LC4+,252.88572878070357,1.261891182068343,True
ANNULAR_ID64,3.0,129.0,64.0,LC4+,166.47211304217092,2.021527094286233,LC4+,249.7081695632564,1.290673953521173,True
ANNULAR_ID64,3.0,129.5,64.0,LC4+,164.3911232941862,2.059775916853224,LC4+,246.5866849412793,1.3196710728164933,True
ANNULAR_ID64,3.0,130.0,64.0,LC4+,162.34664027611424,2.0983086508258677,LC4+,243.5199604141714,1.3488834304471782,True
ANNULAR_ID64,3.0,130.5,64.0,LC4+,160.3378138754,2.137126469685348,LC4+,240.5067208131,1.3783119160503898,True
ANNULAR_ID64,3.0,131.0,64.0,LC4+,158.36381923362467,2.1762305458038633,LC4+,237.54572885043697,1.4079574184225447,True
ANNULAR_ID64,3.0,131.5,64.0,LC4+,156.42385582205844,2.215622050463919,LC4+,234.6357837330877,1.437820825533945,True
ANNULAR_ID64,3.0,132.0,64.0,LC4+,154.51714655762711,2.255302153877184,LC4+,231.7757198364407,1.4679030245430735,True
ANNULAR_ID64,3.0,132.5,64.0,LC4+,152.64293695723808,2.295272025202923,LC4+,228.96440543585712,1.4982049018105656,True
ANNULAR_ID64,3.0,133.0,64.0,LC4+,150.80049432853102,2.3355328325660127,LC4+,226.20074149279654,1.5287273429128683,True
ANNULAR_ID64,3.0,133.5,64.0,LC4+,148.9891069952284,2.3760857430745546,LC4+,223.4836604928426,1.5594712326555933,True
ANNULAR_ID64,3.0,134.0,64.0,LC4+,147.20808355536604,2.4169319228370907,LC4+,220.8121253330491,1.590437455086568,True
ANNULAR_ID64,3.0,134.5,64.0,LC4+,145.4567521707803,2.4580725369794405,LC4+,218.18512825617043,1.6216268935086022,True
ANNULAR_ID64,3.0,135.0,64.0,LC4+,143.7344598863204,2.499508749661165,LC4+,215.60168982948056,1.6530404304919641,True
ANNULAR_ID64,3.0,135.5,64.0,LC4+,142.04057197733968,2.5412417240916607,LC4+,213.06085796600956,1.6846789478865865,True
ANNULAR_ID64,3.0,136.0,64.0,LC4+,140.37447132409926,2.583272622545904,LC4+,210.56170698614895,1.716543326834005,True
ANNULAR_ID64,3.0,136.5,64.0,LC4+,138.73555781179326,2.62560260637985,LC4+,208.1033367176899,1.7486344477790245,True
ANNULAR_ID64,3.0,137.0,64.0,LC4+,137.1232477549747,2.6682328360454957,LC4+,205.68487163246203,1.7809531904811449,True
ANNULAR_ID64,3.0,137.5,64.0,LC4+,135.53697334522838,2.711164471105613,LC4+,203.3054600178426,1.813500434025726,True
ANNULAR_ID64,3.0,138.0,64.0,LC4+,133.976182120998,2.7543986702481584,LC4+,200.96427318149705,1.8462770568349187,True
ANNULAR_ID64,3.0,138.5,64.0,LC4+,132.44033645853395,2.797936591300381,LC4+,198.66050468780097,1.8792839366783531,True
ANNULAR_ID64,3.0,139.0,64.0,LC4+,130.92891308298303,2.8417793912426164,LC4+,196.39336962447453,1.9125219506836006,True
ANNULAR_ID64,3.0,139.5,64.0,LC4+,129.4414025986929,2.885928226221796,LC4+,194.16210389803933,1.945991975346411,True
ANNULAR_ID64,3.0,140.0,64.0,LC4+,127.97730903785303,2.9303842515646505,LC4+,191.96596355677957,1.9796948865407291,True
SOLID,1.0,74.0,0.0,LC4+,276.8659433955047,0.8167637154327119,LC4+,415.2989150932571,0.37732119977138634,True
SOLID,1.0,74.5,0.0,LC4+,271.345867932883,0.8537227186537306,LC4+,407.0188018993246,0.4053404838567709,True
SOLID,1.0,75.0,0.0,LC4+,265.97178802768144,0.8911780220376211,LC4+,398.95768204152216,0.43373602200864037,True
SOLID,1.0,75.5,0.0,LC4+,260.73890587003336,0.92913289377199,LC4+,391.1083588050501,0.46251029189871207,True
SOLID,1.0,76.0,0.0,LC4+,255.6426116732036,0.9675906012218398,LC4+,383.46391750980536,0.4916657705750729,True
SOLID,1.0,76.5,0.0,LC4+,250.67847513136311,1.0065544109298288,LC4+,376.0177126970447,0.5212049344623748,True
SOLID,1.0,77.0,0.0,LC4+,245.84223731807845,1.0460275886165271,LC4+,368.7633559771177,0.5511302593620322,True
SOLID,1.0,77.5,0.0,LC4+,241.1298030000972,1.0860133991806777,LC4+,361.6947045001459,0.5814442204524153,True
SOLID,1.0,78.0,0.0,LC4+,236.53723334263145,1.1265151066994559,LC4+,354.8058500139472,0.6121492922890506,True
SOLID,1.0,78.5,0.0,LC4+,232.0607389838458,1.167535974428724,LC4+,348.0911084757687,0.6432479488048113,True
SOLID,1.0,79.0,0.0,LC4+,227.69667345765865,1.2090792648032926,LC4+,341.54501018648796,0.6747426633101175,True
SOLID,1.0,79.5,0.0,LC4+,223.44152694527017,1.2511482394371791,LC4+,335.1622904179053,0.7066359084931297,True
SOLID,1.0,80.0,0.0,LC4+,219.29192033704817,1.2937461591238613,LC4+,328.93788050557225,0.7389301564199453,True
SOLID,1.0,80.5,0.0,LC4+,215.24459958753351,1.336876283836543,LC4+,322.86689938130036,0.7716278785347941,True
SOLID,1.0,81.0,0.0,LC4+,211.296430347389,1.3805418727284033,LC4+,316.94464552108354,0.8047315456602337,True
SOLID,1.0,81.5,0.0,LC4+,207.44439285709518,1.4247461841328626,LC4+,311.16658928564283,0.8382436279973455,True
SOLID,1.0,82.0,0.0,LC4+,203.68557708812415,1.4694924755638348,LC4+,305.52836563218636,0.8721665951259281,True
SOLID,1.0,82.5,0.0,LC4+,200.01717811817602,1.514784003715985,LC4+,300.025767177264,0.9065029160046965,True
SOLID,1.0,83.0,0.0,LC4+,196.43649172786888,1.5606240244649934,LC4+,294.6547375918034,0.9412550589714723,True
SOLID,1.0,83.5,0.0,LC4+,192.94091020702388,1.6070157928678035,LC4+,289.4113653105359,0.9764254917433837,True
SOLID,1.0,84.0,0.0,LC4+,189.52791835938524,1.6539625631628847,LC4+,284.29187753907786,1.012016681417058,True
SOLID,1.0,84.5,0.0,LC4+,186.1950896952751,1.7014675887704902,LC4+,279.29263454291265,1.0480310944688145,True
SOLID,1.0,85.0,0.0,LC4+,182.94008280229463,1.7495341222929133,LC4+,274.4101242034419,1.084471196754866,True
SOLID,1.0,85.5,0.0,LC4+,179.76063788475844,1.7981654155147409,LC4+,269.6409568271377,1.1213394535115064,True
SOLID,1.0,86.0,0.0,LC4+,176.65457346308713,1.8473647194031146,LC4+,264.9818601946307,1.15863832935531,True
SOLID,1.0,86.5,0.0,LC4+,173.61978322488685,1.8971352841079887,LC4+,260.4296748373302,1.196370288283327,True
SOLID,1.0,87.0,0.0,LC4+,170.65423301991862,1.9474803589623835,LC4+,255.98134952987797,1.234537793673271,True
SOLID,1.0,87.5,0.0,LC4+,167.7559579916009,1.9984031924826415,LC4+,251.63393698740137,1.2731433082837254,True
SOLID,1.0,88.0,0.0,LC4+,164.9230598381057,2.0499070323686848,LC4+,247.38458975715858,1.312189294254324,True
SOLID,1.0,88.5,0.0,LC4+,162.15370419649832,2.1019951255042755,LC4+,243.23055629474752,1.3516782131059584,True
SOLID,1.0,89.0,0.0,LC4+,159.44611814373633,2.1546707179572677,LC4+,239.16917721560455,1.391612525740963,True
SOLID,1.0,89.5,0.0,LC4+,156.79858780868676,2.2079370549798627,LC4+,235.1978817130302,1.4319946924433147,True
SOLID,1.0,90.0,0.0,LC4+,154.20945608964303,2.2617973810088703,LC4+,231.3141841344646,1.4728271728788247,True
SOLID,1.0,90.5,0.0,LC4+,151.67712047212697,2.31625493966596,LC4+,227.51568070819047,1.5141124260953336,True
SOLID,1.0,91.0,0.0,LC4+,149.20003094204512,2.3713129737579215,LC4+,223.8000464130677,1.5558529105229035,True
SOLID,1.0,91.5,0.0,LC4+,146.77668798953732,2.426974725276914,LC4+,220.16503198430598,1.5980510839740156,True
SOLID,1.0,92.0,0.0,LC4+,144.40564069910673,2.48324343540073,LC4+,216.6084610486601,1.6407094036437608,True
SOLID,1.0,92.5,0.0,LC4+,142.0854849218582,2.540122344493046,LC4+,213.12822738278732,1.6838303261100362,True
SOLID,1.0,93.0,0.0,LC4+,139.81486152589474,2.5976146921036767,LC4+,209.7222922888421,1.7274163073337352,True
SOLID,1.0,93.5,0.0,LC4+,137.59245472113122,2.6557237169688355,LC4+,206.3886820816968,1.7714698026589453,True
SOLID,1.0,94.0,0.0,LC4+,135.41699045498376,2.7144526570113867,LC4+,203.12548568247567,1.8159932668131384,True
SOLID,1.0,94.5,0.0,LC4+,133.28723487557824,2.7738047493411013,LC4+,199.93085231336735,1.860989153907369,True
SOLID,1.0,95.0,0.0,LC4+,131.2019928592977,2.8337832302549106,LC4+,196.80298928894652,1.90645991743646,True
SOLID,1.0,95.5,0.0,LC4+,129.16010659965363,2.8943913352371675,LC4+,193.74015989948043,1.9524080102792047,True
SOLID,1.0,96.0,0.0,LC4+,127.16045425462333,2.955632298959893,LC4+,190.74068138193502,1.9988358846985532,True
SOLID,1.0,96.5,0.0,LC4+,125.20194864974084,3.0175093552830354,LC4+,187.80292297461128,2.04574599234181,True
SOLID,1.0,97.0,0.0,LC4+,123.28353603436996,3.0800257372547266,LC4+,184.92530405155495,2.093140784240827,True
SOLID,1.0,97.5,0.0,LC4+,121.40419488871825,3.1431846771115346,LC4+,182.1062923330774,2.141022710812191,True
SOLID,1.0,98.0,0.0,LC4+,119.56293477927422,3.2069894062787183,LC4+,179.34440216891133,2.189394221857425,True
SOLID,1.0,98.5,0.0,LC4+,117.75879526046795,3.271443155370484,LC4+,176.63819289070196,2.238257766563176,True
SOLID,1.0,99.0,0.0,LC4+,115.9908448204654,3.3365491541902346,LC4+,173.9862672306981,2.2876157935014105,True
SOLID,1.0,99.5,0.0,LC4+,114.25817986911078,3.402310631730831,LC4+,171.3872698036662,2.3374707506296026,True
SOLID,1.0,100.0,0.0,LC4+,112.55992376613086,3.4687308161748422,LC4+,168.83988564919633,2.3878250852909333,True
SOLID,1.0,100.5,0.0,LC4+,110.89522588780798,3.535812934894799,LC4+,166.342838831712,2.4386812442144796,True
SOLID,1.0,101.0,0.0,LC4+,109.2632607304166,3.6035602144534513,LC4+,163.89489109562496,2.490041673515405,True
SOLID,1.0,101.5,0.0,LC4+,107.66322704880267,3.671975880604016,LC4+,161.49484057320404,2.5419088186951577,True
SOLID,1.0,102.0,0.0,LC4+,106.09434702856286,3.741063158290438,LC4+,159.1415205428443,2.5942851246416576,True
SOLID,1.0,102.5,0.0,LC4+,104.55586549035672,3.810825271647645,LC4+,156.8337982355351,2.6471730356294927,True
SOLID,1.0,103.0,0.0,LC4+,103.0470491249555,3.881265444001788,LC4+,154.57057368743324,2.7005749953201104,True
SOLID,1.0,103.5,0.0,LC4+,101.56718575769717,3.952386897870513,LC4+,152.35077863654578,2.754493446762005,True
SOLID,1.0,104.0,0.0,LC4+,100.11558364108313,4.024192854963195,LC4+,150.17337546162474,2.808930832390917,True
SOLID,1.0,104.5,0.0,LC4+,98.69157077430982,4.0966865361812115,LC4+,148.03735616146474,2.8638895940300233,True
SOLID,1.0,105.0,0.0,LC4+,97.2944942485878,4.169871161618181,LC4+,145.94174137288172,2.9193721728901245,True
SOLID,1.0,105.5,0.0,LC4+,95.92371961715325,4.243749950560223,LC4+,143.8855794257299,2.975381009569843,True
SOLID,1.0,106.0,0.0,LC4+,94.57863028892942,4.3183261214862085,LC4+,141.86794543339414,3.031918544055813,True
SOLID,1.0,106.5,0.0,LC4+,93.25862694484351,4.393602892068014,LC4+,139.88794041726527,3.0889872157228684,True
SOLID,1.0,107.0,0.0,LC4+,91.96312697585118,4.469583479170777,LC4+,137.9446904637768,3.146589463334239,True
SOLID,1.0,107.5,0.0,LC4+,90.69156394176449,4.546271098853141,LC4+,136.03734591264674,3.204727725041745,True
SOLID,1.0,108.0,0.0,LC4+,89.44338705002077,4.623668966367516,LC4+,134.1650805750312,3.263404438385975,True
SOLID,1.0,108.5,0.0,LC4+,88.21806065356958,4.701780296160331,LC4+,132.32709098035437,3.3226220402965003,True
SOLID,1.0,109.0,0.0,LC4+,87.01506376709239,4.780608301872279,LC4+,130.5225956506386,3.3823829670920382,True
SOLID,1.0,109.5,0.0,LC4+,85.83388960080516,4.86015619633858,LC4+,128.75083440120778,3.442689654480672,True
SOLID,1.0,110.0,0.0,LC4+,84.67404511112848,4.9404271915892215,LC4+,127.01106766669272,3.5035445375600194,True
SOLID,1.0,110.5,0.0,LC4+,83.53505056754096,5.021424498849225,LC4+,125.30257585131146,3.564950050817437,True
SOLID,1.0,111.0,0.0,LC4+,82.41643913496411,5.103151328538881,LC4+,123.6246587024462,3.626908628130204,True
SOLID,1.0,111.5,0.0,LC4+,81.31775647105366,5.185610890274018,LC4+,121.97663470658053,3.6894227027657216,True
SOLID,1.0,112.0,0.0,LC4+,80.2385603378025,5.268806392866242,LC4+,120.35784050670378,3.752494707381696,True
SOLID,1.0,112.5,0.0,LC4+,79.17842022688467,5.352741044323194,LC4+,118.76763034032699,3.8161270740263316,True
SOLID,1.0,113.0,0.0,LC4+,78.13691699819623,5.437418051848804,LC4+,117.20537549729434,3.8803222341385224,True
SOLID,1.0,113.5,0.0,LC4+,77.11364253107232,5.522840621843537,LC4+,115.67046379660847,3.9450826185480494,True
SOLID,1.0,114.0,0.0,LC4+,76.10819938768233,5.609011959904646,LC4+,114.1622990815235,4.010410657475756,True
SOLID,1.0,114.5,0.0,LC4+,75.12020048812668,5.695935270826427,LC4+,112.68030073219003,4.0763087805337515,True
SOLID,1.0,115.0,0.0,LC4+,74.14926879677984,5.783613758600467,LC4+,111.22390319516978,4.142779416725602,True
SOLID,1.0,115.5,0.0,LC4+,73.1950370194433,5.872050626415895,LC4+,109.79255552916497,4.209824994446509,True
SOLID,1.0,116.0,0.0,LC4+,72.25714731089109,5.961249076659638,LC4+,108.38572096633663,4.277447941483516,True
SOLID,1.0,116.5,0.0,LC4+,71.33525099240836,6.051212310916664,LC4+,107.00287648861254,4.3456506850156815,True
SOLID,1.0,117.0,0.0,LC4+,70.42900827894051,6.141943529970245,LC4+,105.64351241841078,4.414435651614287,True
SOLID,1.0,117.5,0.0,LC4+,69.53808801548657,6.233445933802189,LC4+,104.30713202322987,4.48380526724301,True
SOLID,1.0,118.0,0.0,LC4+,68.6621674223855,6.325722721593115,LC4+,102.99325113357826,4.553761957258133,True
SOLID,1.0,118.5,0.0,LC4+,67.80093184916012,6.418777091722683,LC4+,101.7013977737402,4.624308146408714,True
SOLID,1.0,119.0,0.0,LC4+,66.95407453659566,6.512612241769857,LC4+,100.4311118048935,4.695446258836789,True
SOLID,1.0,119.5,0.0,LC4+,66.1212963867448,6.607231368513146,LC4+,99.18194458011719,4.767178718077561,True
SOLID,1.0,120.0,0.0,LC4+,65.30230574056314,6.702637667930871,LC4+,97.95345861084472,4.8395079470595865,True
SOLID,1.0,120.5,0.0,LC4+,64.49681816289166,6.798834335201389,LC4+,96.74522724433749,4.912436368104963,True
SOLID,1.0,121.0,0.0,LC4+,63.704556234513646,6.895824564703369,LC4+,95.55683435177048,4.985966402929525,True
SOLID,1.0,121.5,0.0,LC4+,62.92524935102598,6.9936115500160305,LC4+,94.38787402653898,5.060100472643033,True
SOLID,1.0,122.0,0.0,LC4+,62.15863352827403,7.09219848391939,LC4+,93.23795029241106,5.134840997749357,True
SOLID,1.0,122.5,0.0,LC4+,61.40445121411025,7.191588558394519,LC4+,92.1066768211654,5.210190398146673,True
SOLID,1.0,123.0,0.0,LC4+,60.66245110624642,7.291784964623792,LC4+,90.99367665936963,5.286151093127646,True
SOLID,1.0,123.5,0.0,LC4+,59.93238797597806,7.392790892991133,LC4+,89.8985819639671,5.362725501379626,True
SOLID,1.0,124.0,0.0,LC4+,59.214022497569296,7.494609533082267,LC4+,88.82103374635395,5.4399160409848335,True
SOLID,1.0,124.5,0.0,LC4+,58.50712108309413,7.597244073684971,LC4+,87.76068162464121,5.517725129420547,True
SOLID,1.0,125.0,0.0,LC4+,57.81145572253884,7.700697702789316,LC4+,86.71718358380828,5.596155183559295,True
SOLID,1.0,125.5,0.0,LC4+,57.12680382897746,7.804973607587936,LC4+,85.6902057434662,5.675208619669052,True
SOLID,1.0,126.0,0.0,LC4+,56.45294808864023,7.910074974476247,LC4+,84.67942213296034,5.754887853413404,True
SOLID,1.0,126.5,0.0,LC4+,55.78967631570132,8.01600498905273,LC4+,83.684514473552,5.83519529985177,True
SOLID,1.0,127.0,0.0,LC4+,55.136781311619885,8.12276683611915,LC4+,82.70517196742983,5.916133373439567,True
SOLID,1.0,127.5,0.0,LC4+,54.494060728873905,8.230363699680824,LC4+,81.74109109331084,5.997704488028406,True
SOLID,1.0,128.0,0.0,LC4+,53.861316938933356,8.338798762946867,LC4+,80.79197540840005,6.079911056866279,True
SOLID,1.0,128.5,0.0,LC4+,53.23835690432497,8.448075208330431,LC4+,79.85753535648747,6.162755492597754,True
SOLID,1.0,129.0,0.0,LC4+,52.62499205464606,8.55819621744897,LC4+,78.9374880819691,6.246240207264162,True
SOLID,1.0,129.5,0.0,LC4+,52.021038166391314,8.66916497112447,LC4+,78.03155724958697,6.330367612303773,True
SOLID,1.0,130.0,0.0,LC4+,51.42631524646072,8.780984649383715,LC4+,77.13947286969109,6.415140118552,True
SOLID,1.0,130.5,0.0,LC4+,50.84064741922242,8.893658431458524,LC4+,76.26097112883365,6.500560136241584,True
SOLID,1.0,131.0,0.0,LC4+,50.26386281700889,9.007189495786003,LC4+,75.39579422551333,6.586630075002775,True
SOLID,1.0,131.5,0.0,LC4+,49.69579347392932,9.121581020008795,LC4+,74.54369021089398,6.6733523438635265,True
SOLID,1.0,132.0,0.0,LC4+,49.13627522288589,9.236836180975331,LC4+,73.70441283432885,6.760729351249687,True
SOLID,1.0,132.5,0.0,LC4+,48.58514759568535,9.352958154740058,LC4+,72.87772139352803,6.848763504985173,True
SOLID,1.0,133.0,0.0,LC4+,48.04225372614158,9.469950116563723,LC4+,72.06338058921237,6.93745721229218,True
SOLID,1.0,133.5,0.0,LC4+,47.50744025606909,9.587815240913587,LC4+,71.26116038410365,7.026812879791347,True
SOLID,1.0,134.0,0.0,LC4+,46.980557244070354,9.706556701463692,LC4+,70.47083586610555,7.116832913501961,True
SOLID,1.0,134.5,0.0,LC4+,46.46145807702416,9.826177671095099,LC4+,69.69218711553626,7.207519718842141,True
SOLID,1.0,135.0,0.0,LC4+,45.94999938418524,9.946681321896147,LC4+,68.92499907627789,7.298875700629017,True
SOLID,1.0,135.5,0.0,LC4+,45.44604095380882,10.068070825162685,LC4+,68.16906143071324,7.390903263078933,True
SOLID,1.0,136.0,0.0,LC4+,44.94944565221687,10.19034935139834,LC4+,67.42416847832533,7.48360480980762,True
SOLID,1.0,136.5,0.0,LC4+,44.460079345226006,10.313520070314734,LC4+,66.69011901783902,7.576982743830387,True
SOLID,1.0,137.0,0.0,LC4+,43.97781082185953,10.437586150831768,LC4+,65.96671623278931,7.671039467562318,True
SOLID,1.0,137.5,0.0,LC4+,43.502511720269524,10.562550761077839,LC4+,65.2537675804043,7.765777382818452,True
SOLID,1.0,138.0,0.0,LC4+,43.034056455796915,10.688417068390104,LC4+,64.55108468369538,7.861198890813968,True
SOLID,1.0,138.5,0.0,LC4+,42.57232215110046,10.815188239314727,LC4+,63.8584832266507,7.957306392164378,True
SOLID,1.0,139.0,0.0,LC4+,42.11718856828804,10.942867439607108,LC4+,63.17578285243208,8.054102286885705,True
SOLID,1.0,139.5,0.0,LC4+,41.66853804298571,11.071457834232145,LC4+,62.50280706447857,8.15158897439468,True
SOLID,1.0,140.0,0.0,LC4+,41.22625542028254,11.200962587364495,LC4+,61.83938313042382,8.249768853508934,True
SOLID,1.5,74.0,0.0,LC4+,414.0093764082578,0.2149483288610059,LC4+,621.0140646123868,-0.07892585273890629,False
SOLID,1.5,74.5,0.0,LC4+,405.7465143737075,0.23969025532211585,LC4+,608.6197715605614,-0.060168553950629367,False
SOLID,1.5,75.0,0.0,LC4+,397.7023018034678,0.26476512134588326,LC4+,596.5534527052017,-0.04115884770066913,False
SOLID,1.5,75.5,0.0,LC4+,389.86955106169563,0.2901751332727234,LC4+,584.8043265925435,-0.021895061322733222,False
SOLID,1.5,76.0,0.0,LC4+,382.241356249581,0.31592249707164277,LC4+,573.3620343743717,-0.0023755224321014845,False
SOLID,1.5,76.5,0.0,LC4+,374.8110804036437,0.34200941834031795,LC4+,562.2166206054657,0.017401441074435642,True
SOLID,1.5,77.0,0.0,LC4+,367.57234335457497,0.3684381023051728,LC4+,551.3585150318625,0.03743750101863341,True
SOLID,1.5,77.5,0.0,LC4+,360.5190102085237,0.3952107538214573,LC4+,540.7785153127855,0.05773432894085295,True
SOLID,1.5,78.0,0.0,LC4+,353.64518041515436,0.42232957737332555,LC4+,530.4677706227316,0.07829359610012232,True
SOLID,1.5,78.5,0.0,LC4+,346.9451773890624,0.44979677707391397,LC4+,520.4177660835936,0.09911697347419302,True
SOLID,1.5,79.0,0.0,LC4+,340.41353865323117,0.4776145566654171,LC4+,510.62030797984676,0.1202061317596006,True
SOLID,1.5,79.5,0.0,LC4+,334.0450064751727,0.5057851195191703,LC4+,501.06750971275903,0.14156274137172375,True
SOLID,1.5,80.0,0.0,LC4+,327.83451896821975,0.5343106686357235,LC4+,491.75177845232963,0.1631884724448427,True
SOLID,1.5,80.5,0.0,LC4+,321.77720163213075,0.5631934066449207,LC4+,482.6658024481962,0.18508499483219953,True
SOLID,1.5,81.0,0.0,LC4+,315.8683593087598,0.5924355358059776,LC4+,473.80253896313974,0.20725397810605584,True
SOLID,1.5,81.5,0.0,LC4+,310.103468530017,0.6220392580075618,LC4+,465.1552027950254,0.22969709155775409,True
SOLID,1.5,82.0,0.0,LC4+,304.47817023672883,0.6520067747678673,LC4+,456.71725535509336,0.252416004197773,True
SOLID,1.5,82.5,0.0,LC4+,298.9882628482934,0.6823402872346935,LC4+,448.4823942724403,0.275412384755791,True
SOLID,1.5,83.0,0.0,LC4+,293.6296956642296,0.7130419961855248,LC4+,440.4445434963444,0.29868790168074244,True
SOLID,1.5,83.5,0.0,LC4+,288.3985625798455,0.7441141020276076,LC4+,432.59784386976827,0.32224422314087664,True
SOLID,1.5,84.0,0.0,LC4+,283.29109609930237,0.775558804798026,LC4+,424.93664414895363,0.34608301702381783,True
SOLID,1.5,84.5,0.0,LC4+,278.3036616303317,0.8073783041637823,LC4+,417.45549244549767,0.37020595093662445,True
SOLID,1.5,85.0,0.0,LC4+,273.43275204578714,0.8395747994218745,LC4+,410.1491280686807,0.394614692205848,True
SOLID,1.5,85.5,0.0,LC4+,268.6749824980716,0.8721504894993724,LC4+,403.0124737471074,0.41931090787758896,True
SOLID,1.5,86.0,0.0,LC4+,264.0270854732873,0.9051075729534976,LC4+,396.04062820993096,0.4442962647175621,True
SOLID,1.5,86.5,0.0,LC4+,259.4859060727132,0.9384482479717,LC4+,389.22885910906984,0.4695724292111494,True
SOLID,1.5,87.0,0.0,LC4+,255.04839750992073,0.9721747123717355,LC4+,382.57259626488116,0.49514106756346266,True
SOLID,1.5,87.5,0.0,LC4+,250.7116168125043,1.006289163601743,LC4+,376.06742521875645,0.5210038456993997,True
SOLID,1.5,88.0,0.0,LC4+,246.4727207180243,1.0407937987403248,LC4+,369.7090810770365,0.5471624292637054,True
SOLID,1.5,88.5,0.0,LC4+,242.3289617543465,1.075690814496621,LC4+,363.4934426315197,0.5736184836210303,True
SOLID,1.5,89.0,0.0,LC4+,238.27768449510765,1.1109824072103893,LC4+,357.4165267426615,0.6003736738559875,True
SOLID,1.5,89.5,0.0,LC4+,234.31632198155415,1.1466707728520813,LC4+,351.4744829723312,0.6274296647732149,True
SOLID,1.5,90.0,0.0,LC4+,230.44239230248238,1.1827581070229218,LC4+,345.66358845372355,0.6547881208974307,True
SOLID,1.5,90.5,0.0,LC4+,226.65349532446518,1.2192466049549853,LC4+,339.9802429866978,0.6824507064734944,True
SOLID,1.5,91.0,0.0,LC4+,222.94730956497497,1.2561384615112723,LC4+,334.4209643474625,0.7104190854664649,True
SOLID,1.5,91.5,0.0,LC4+,219.32158920141535,1.2934358711857903,LC4+,328.9823838021231,0.738694921561659,True
SOLID,1.5,92.0,0.0,LC4+,215.7741612094522,1.3311410281036262,LC4+,323.66124181417825,0.767279878164711,True
SOLID,1.5,92.5,0.0,LC4+,212.30292262438783,1.3692561260210319,LC4+,318.45438393658173,0.7961756184016306,True
SOLID,1.5,93.0,0.0,LC4+,208.90583791966003,1.4077833583254922,LC4+,313.3587568794901,0.825383805118862,True
SOLID,1.5,93.5,0.0,LC4+,205.58093649685816,1.4467249180358084,LC4+,308.37140474528724,0.8549061008833432,True
SOLID,1.5,94.0,0.0,LC4+,202.3263102819487,1.4860829978021748,LC4+,303.4894654229231,0.884744167982563,True
SOLID,1.5,94.5,0.0,LC4+,199.14011142268055,1.5258597899062547,LC4+,298.7101671340209,0.914899668424622,True
SOLID,1.5,95.0,0.0,LC4+,196.0205500824029,1.566057486261259,LC4+,294.03082512360436,0.9453742639382903,True
SOLID,1.5,95.5,0.0,LC4+,192.9658923257784,1.6066782784120237,LC4+,289.4488384886676,0.9761696159730651,True
SOLID,1.5,96.0,0.0,LC4+,189.97445809210691,1.6477243575350866,LC4+,284.9616871381603,1.007287385699231,True
SOLID,1.5,96.5,0.0,LC4+,187.0446192521966,1.6891979144387652,LC4+,280.56692887829496,1.038729234007917,True
SOLID,1.5,97.0,0.0,LC4+,184.1747977449277,1.7311011395632332,LC4+,276.26219661739157,1.0704968215111585,True
SOLID,1.5,97.5,0.0,LC4+,181.36346378984993,1.7734362229805987,LC4+,272.0451956847749,1.1025918085419515,True
SOLID,1.5,98.0,0.0,LC4+,178.60913417234156,1.8162053543949819,LC4+,267.9137012585124,1.1350158551543132,True
SOLID,1.5,98.5,0.0,LC4+,175.91037059803213,1.8594107231425898,LC4+,263.8655558970482,1.1677706211233416,True
SOLID,1.5,99.0,0.0,LC4+,173.26577811335744,1.9030545181917988,LC4+,259.89866717003616,1.2008577659452735,True
SOLID,1.5,99.5,0.0,LC4+,170.67400358927202,1.9471389281432248,LC4+,256.011005383908,1.2342789488375407,True
SOLID,1.5,100.0,0.0,LC4+,168.13373426529077,1.9916661412298056,LC4+,252.2006013979361,1.2680358287388325,True
SOLID,1.5,100.5,0.0,LC4+,165.64369635117382,2.036638345316879,LC4+,248.4655445267607,1.3021300643091518,True
SOLID,1.5,101.0,0.0,LC4+,163.20265368369908,2.082057727902254,LC4+,244.8039805255486,1.3365633139298732,True
SOLID,1.5,101.5,0.0,LC4+,160.80940643609264,2.127926476116293,LC4+,241.21410965413898,1.3713372357038032,True
SOLID,1.5,102.0,0.0,LC4+,158.46278987780624,2.1742467767219873,LC4+,237.69418481670934,1.406453487455238,True
SOLID,1.5,102.5,0.0,LC4+,156.16167318244234,2.221020816115036,LC4+,234.24250977366353,1.4419137267300206,True
SOLID,1.5,103.0,0.0,LC4+,153.9049582817347,2.268250780323921,LC4+,230.85743742260206,1.4777196107956034,True
SOLID,1.5,103.5,0.0,LC4+,151.69157876359137,2.315938855009984,LC4+,227.53736814538706,1.5138727966411012,True
SOLID,1.5,104.0,0.0,LC4+,149.5204988123037,2.364087225467504,LC4+,224.2807482184556,1.5503749409773517,True
SOLID,1.5,104.5,0.0,LC4+,147.39071218911468,2.4126980766237747,LC4+,221.086068283672,1.5872277002369772,True
SOLID,1.5,105.0,0.0,LC4+,145.30124125142538,2.461773593039183,LC4+,217.9518618771381,1.6244327305744366,True
SOLID,1.5,105.5,0.0,LC4+,143.2511360090002,2.511315958907282,LC4+,214.8767040135003,1.6619916878660903,True
SOLID,1.5,106.0,0.0,LC4+,141.239473215607,2.561327358054875,LC4+,211.85920982341057,1.699906227710256,True
SOLID,1.5,106.5,0.0,LC4+,139.2653554946039,2.6118099739420813,LC4+,208.89803324190586,1.7381780054272635,True
SOLID,1.5,107.0,0.0,LC4+,137.32791049704997,2.662765989662424,LC4+,205.99186574557493,1.7768086760595185,True
SOLID,1.5,107.5,0.0,LC4+,135.426290090987,2.7141975879429046,LC4+,203.13943513648044,1.81579989437156,True
SOLID,1.5,108.0,0.0,LC4+,133.5596695805991,2.7661069511440743,LC4+,200.33950437089865,1.8551533148501131,True
SOLID,1.5,108.5,0.0,LC4+,131.72724695401655,2.8184962612601145,LC4+,197.5908704310248,1.894870591704156,True
SOLID,1.5,109.0,0.0,LC4+,129.92824215858778,2.871367699918917,LC4+,194.89236323788165,1.934953378864971,True
SOLID,1.5,109.5,0.0,LC4+,128.16189640249584,2.924723448382155,LC4+,192.24284460374375,1.9754033299862068,True
SOLID,1.5,110.0,0.0,LC4+,126.42747148164679,2.9785656875453643,LC4+,189.6412072224702,2.016222098443934,True
SOLID,1.5,110.5,0.0,LC4+,124.72424913080567,3.0328965979380182,LC4+,187.0863736962085,2.057411337336708,True
SOLID,1.5,111.0,0.0,LC4+,123.05153039800209,3.0877183597236018,LC4+,184.57729559700311,2.09897269948562,True
SOLID,1.5,111.5,0.0,LC4+,121.40863504127006,3.1430331526996973,LC4+,182.1129525619051,2.1409078374343626,True
SOLID,1.5,112.0,0.0,LC4+,119.79490094683007,3.1988431562980484,LC4+,179.69235142024507,2.183218403449283,True
SOLID,1.5,112.5,0.0,LC4+,118.20968356785838,3.2551505495846484,LC4+,177.3145253517876,2.225906049519441,True
SOLID,1.5,113.0,0.0,LC4+,116.65235538302886,3.31195751125981,LC4+,174.97853307454332,2.2689724273566743,True
SOLID,1.5,113.5,0.0,LC4+,115.12230537404596,3.369266219658246,LC4+,172.68345806106896,2.312419188395648,True
SOLID,1.5,114.0,0.0,LC4+,113.61893852142379,3.4270788527491414,LC4+,170.4284077821357,2.356247983793914,True
SOLID,1.5,114.5,0.0,LC4+,112.14167531779627,3.485397588136234,LC4+,168.2125129766944,2.400460464431976,True
SOLID,1.5,115.0,0.0,LC4+,110.6899512980767,3.5442246030578914,LC4+,166.03492694711505,2.4450582809133388,True
SOLID,1.5,115.5,0.0,LC4+,109.26321658581264,3.6035620743871855,LC4+,163.89482487871894,2.4900430835645735,True
SOLID,1.5,116.0,0.0,LC4+,107.86093545511075,3.663412178631967,LC4+,161.7914031826661,2.5354165224353684,True
SOLID,1.5,116.5,0.0,LC4+,106.48258590753308,3.7237770919349495,LC4+,159.72387886129962,2.581180247298596,True
SOLID,1.5,117.0,0.0,LC4+,105.12765926339172,3.784658990073777,LC4+,157.6914888950876,2.627335907650365,True
SOLID,1.5,117.5,0.0,LC4+,103.79565976689264,3.846060048461104,LC4+,155.693489650339,2.673885152710074,True
SOLID,1.5,118.0,0.0,LC4+,102.4861042046027,3.9079824421446787,LC4+,153.72915630690406,2.7208296314204854,True
SOLID,1.5,118.5,0.0,LC4+,101.19852153673716,3.9704283458074094,LC4+,151.79778230510576,2.768170992447764,True
SOLID,1.5,119.0,0.0,LC4+,99.93245254078391,4.033399933767444,LC4+,149.89867881117584,2.815910884181549,True
SOLID,1.5,119.5,0.0,LC4+,98.68744946700251,4.09689937997825,LC4+,148.03117420050378,2.8640509547350015,True
SOLID,1.5,120.0,0.0,LC4+,97.46307570535474,4.160928858028688,LC4+,146.1946135580321,2.912592851944877,True
SOLID,1.5,120.5,0.0,LC4+,96.25890546344144,4.225490541143088,LC4+,144.38835819516217,2.9615382233715657,True
SOLID,1.5,121.0,0.0,LC4+,95.07452345503827,4.290586602181329,LC4+,142.61178518255747,3.0108887162991635,True
SOLID,1.5,121.5,0.0,LC4+,93.90952459883957,4.356219213638906,LC4+,140.86428689825934,3.0606459777355264,True
SOLID,1.5,122.0,0.0,LC4+,92.76351372703509,4.422390547647024,LC4+,139.14527059055263,3.1108116544123234,True
SOLID,1.5,122.5,0.0,LC4+,91.63610530336076,4.489102775972654,LC4+,137.4541579550411,3.1613873927851017,True
SOLID,1.5,123.0,0.0,LC4+,90.52692315027745,4.556358070018625,LC4+,135.79038472541615,3.2123748390333393,True
SOLID,1.5,123.5,0.0,LC4+,89.43560018494723,4.624158600823693,LC4+,134.15340027742084,3.2637756390605066,True
SOLID,1.5,124.0,0.0,LC4+,88.36177816368904,4.692506539062615,LC4+,132.54266724553355,3.315591438494123,True
SOLID,1.5,124.5,0.0,LC4+,87.30510743460842,4.761404055046233,LC4+,130.9576611519126,3.367823882685814,True
SOLID,1.5,125.0,0.0,LC4+,86.26524669810868,4.830853318721547,LC4+,129.39787004716305,3.420474616711364,True
SOLID,1.5,125.5,0.0,LC4+,85.24186277500183,4.900856499671786,LC4+,127.86279416250277,3.4735452853707898,True
SOLID,1.5,126.0,0.0,LC4+,84.23463038194902,4.971415767116489,LC4+,126.35194557292353,3.5270375331883788,True
SOLID,1.5,126.5,0.0,LC4+,83.24323191397096,5.042533289911585,LC4+,124.86484787095645,3.580953004412758,True
SOLID,1.5,127.0,0.0,LC4+,82.26735723377892,5.1142112365494645,LC4+,123.40103585066835,3.635293343016958,True
SOLID,1.5,127.5,0.0,LC4+,81.30670346768652,5.186451775159053,LC4+,121.96005520152977,3.6900601926984473,True
SOLID,1.5,128.0,0.0,LC4+,80.36097480787174,5.259257073505892,LC4+,120.54146221180761,3.745255196879218,True
SOLID,1.5,128.5,0.0,LC4+,79.42988232076819,5.33262929899221,LC4+,119.14482348115227,3.800879998705825,True
SOLID,1.5,129.0,0.0,LC4+,78.51314376137204,5.40657061865701,LC4+,117.76971564205805,3.85693624104945,True
SOLID,1.5,129.5,0.0,LC4+,77.61048339326071,5.48108319917613,LC4+,116.41572508989105,3.9134255665059596,True
SOLID,1.5,130.0,0.0,LC4+,76.72163181412566,5.556169206862331,LC4+,115.0824477211885,3.9703496173959616,True
SOLID,1.5,130.5,0.0,LC4+,75.84632578663047,5.631830807665366,LC4+,113.76948867994571,4.027710035764863,True
SOLID,1.5,131.0,0.0,LC4+,74.98430807441166,5.708070167172062,LC4+,112.4764621116175,4.085508463382928,True
SOLID,1.5,131.5,0.0,LC4+,74.13532728304736,5.784889450606388,LC4+,111.20299092457105,4.143746541745333,True
SOLID,1.5,132.0,0.0,LC4+,73.29913770582472,5.862290822829545,LC4+,109.94870655873709,4.202425912072232,True
SOLID,1.5,132.5,0.0,LC4+,72.47549917414428,5.940276448340019,LC4+,108.71324876121642,4.261548215308801,True
SOLID,1.5,133.0,0.0,LC4+,71.66417691240441,6.018848491273682,LC4+,107.49626536860663,4.32111509212531,True
SOLID,1.5,133.5,0.0,LC4+,70.86494139721614,6.098009115403853,LC4+,106.29741209582419,4.38112818291717,True
SOLID,1.5,134.0,0.0,LC4+,70.0775682208028,6.177760484141379,LC4+,105.11635233120421,4.441589127804995,True
SOLID,1.5,134.5,0.0,LC4+,69.30183795844579,6.258104760534704,LC4+,103.95275693766867,4.50249956663466,True
SOLID,1.5,135.0,0.0,LC4+,68.53753603984134,6.339044107269959,LC4+,102.80630405976201,4.563861138977358,True
SOLID,1.5,135.5,0.0,LC4+,67.78445262423968,6.420580686671024,LC4+,101.67667893635955,4.625675484129655,True
SOLID,1.5,136.0,0.0,LC4+,67.04238247924141,6.502716660699607,LC4+,100.56357371886213,4.687944241113552,True
SOLID,1.5,136.5,0.0,LC4+,66.31112486313114,6.585454190955326,LC4+,99.46668729469671,4.750669048676536,True
SOLID,1.5,137.0,0.0,LC4+,65.59048341063277,6.6687954386757795,LC4+,98.38572511594917,4.813851545291644,True
SOLID,1.5,137.5,0.0,LC4+,64.88026602197489,6.752742564736623,LC4+,97.32039903296234,4.877493369157519,True
SOLID,1.5,138.0,0.0,LC4+,64.18028475515852,6.837297729651645,LC4+,96.27042713273778,4.941596158198465,True
SOLID,1.5,138.5,0.0,LC4+,63.490355721323844,6.92246309357285,LC4+,95.2355335819858,5.006161550064504,True
SOLID,1.5,139.0,0.0,LC4+,62.810298983116,7.008240816290511,LC4+,94.21544847467402,5.07119118213144,True
SOLID,1.5,139.5,0.0,LC4+,62.139938455953185,7.094633057233278,LC4+,93.2099076839298,5.1366866915009055,True
SOLID,1.5,140.0,0.0,LC4+,61.47910181210466,7.181641975468223,LC4+,92.21865271815697,5.2026497150004305,True
SOLID,2.0,74.0,0.0,LC4+,551.152809421011,-0.08736743893512189,LC4+,826.7292141315166,-0.3081168655677796,False
SOLID,2.0,74.5,0.0,LC4+,540.1471608145321,-0.06877229671727758,LC4+,810.2207412217983,-0.29401955430388726,False
SOLID,2.0,75.0,0.0,LC4+,529.4328155792541,-0.04992666642760679,LC4+,794.1492233688814,-0.2797323435342496,False
SOLID,2.0,75.5,0.0,LC4+,519.0001962533579,-0.030828882857584006,LC4+,778.5002943800371,-0.26525397083437807,False
SOLID,2.0,76.0,0.0,LC4+,508.8401008259585,-0.0114772810092576,LC4+,763.2601512389379,-0.250583173939424,False
SOLID,2.0,76.5,0.0,LC4+,498.94368567592437,0.00812980390478435,LC4+,748.4155285138867,-0.23571869074415297,False
SOLID,2.0,77.0,0.0,LC4+,489.3024493910715,0.027994036461445937,LC4+,733.9536740866073,-0.22065925930291974,False
SOLID,2.0,77.5,0.0,LC4+,479.90821741695004,0.04811708102715717,LC4+,719.8623261254252,-0.20540361782964367,False
SOLID,2.0,78.0,0.0,LC4+,470.7531274876772,0.06850060175790751,LC4+,706.1296912315157,-0.18995050469778252,False
SOLID,2.0,78.5,0.0,LC4+,461.8296157942791,0.08914626259927894,LC4+,692.7444236914187,-0.17429865844030812,False
SOLID,2.0,79.0,0.0,LC4+,453.1304038488037,0.1100557272864795,LC4+,679.6956057732056,-0.15844681774968017,False
SOLID,2.0,79.5,0.0,LC4+,444.64848600507514,0.1312306593443766,LC4+,666.9727290076128,-0.1423937214778218,False
SOLID,2.0,80.0,0.0,LC4+,436.3771175993914,0.15267272208752836,LC4+,654.5656763990872,-0.1261381086360952,False
SOLID,2.0,80.5,0.0,LC4+,428.309803676728,0.1743835786202208,LC4+,642.4647055150921,-0.10967871839527343,False
SOLID,2.0,81.0,0.0,LC4+,420.4402882701306,0.19636489183649597,LC4+,630.6604324051959,-0.09301429008551931,False
SOLID,2.0,81.5,0.0,LC4+,412.7625442029387,0.21861832442019047,LC4+,619.1438163044082,-0.07614356319635684,False
SOLID,2.0,82.0,0.0,LC4+,405.27076338533345,0.24114553884496503,LC4+,607.9061450780005,-0.05906527737664724,False
SOLID,2.0,82.5,0.0,LC4+,397.9593475784109,0.2639481973743376,LC4+,596.9390213676165,-0.04177817243456461,False
SOLID,2.0,83.0,0.0,LC4+,390.82289960059023,0.28702796206172043,LC4+,586.2343494008854,-0.02428098833756931,False
SOLID,2.0,83.5,0.0,LC4+,383.85621495266713,0.310386494750448,LC4+,575.7843224290008,-0.006572465212384193,False
SOLID,2.0,84.0,0.0,LC4+,377.05427383921955,0.33402545707381437,LC4+,565.5814107588294,0.011348656655032041,True
SOLID,2.0,84.5,0.0,LC4+,370.41223356538836,0.35794651045510384,LC4+,555.6183503480827,0.029483636819508607,True
SOLID,2.0,85.0,0.0,LC4+,363.9254212892797,0.38215131610762554,LC4+,545.8881319339196,0.04783373467668883,True
SOLID,2.0,85.5,0.0,LC4+,357.58932711138465,0.40664153503474587,LC4+,536.3839906670771,0.06640020946305425,True
SOLID,2.0,86.0,0.0,LC4+,351.3995974834875,0.4314188280299218,LC4+,527.0993962252312,0.08518432025595146,True
SOLID,2.0,86.5,0.0,LC4+,345.3520289205396,0.4564848556767356,LC4+,518.0280433808093,0.10418732597361569,True
SOLID,2.0,87.0,0.0,LC4+,339.44256199992293,0.481841278348925,LC4+,509.1638429998844,0.12341048537519561,True
SOLID,2.0,87.5,0.0,LC4+,333.66727563340766,0.5074897562104179,LC4+,500.50091345011157,0.1428550570607805,True
SOLID,2.0,88.0,0.0,LC4+,328.0223815979429,0.5334319492153654,LC4+,492.0335723969144,0.1625222994714235,True
SOLID,2.0,88.5,0.0,LC4+,322.50421931219466,0.5596695171081763,LC4+,483.75632896829205,0.18241347088916715,True
SOLID,2.0,89.0,0.0,LC4+,317.1092508464789,0.5862041194235477,LC4+,475.6638762697185,0.20252982943706965,True
SOLID,2.0,89.5,0.0,LC4+,311.8340561544215,0.6130374154864995,LC4+,467.7510842316324,0.2228726330792279,True
SOLID,2.0,90.0,0.0,LC4+,306.6753285153217,0.6401710644124077,LC4+,460.0129927729826,0.24344313962080455,True
SOLID,2.0,90.5,0.0,LC4+,301.6298701768035,0.667606725107037,LC4+,452.4448052652052,0.2642426067080519,True
SOLID,2.0,91.0,0.0,LC4+,296.69458818790486,0.6953460562665748,LC4+,445.0418822818572,0.2852722918283379,True
SOLID,2.0,91.5,0.0,LC4+,291.8664904132935,0.7233907163776623,LC4+,437.7997356199402,0.3065334523101697,True
SOLID,2.0,92.0,0.0,LC4+,287.1426817197976,0.7517423637174301,LC4+,430.71402257969646,0.32802734532322053,True
SOLID,2.0,92.5,0.0,LC4+,282.5203603269174,0.7804026563535293,LC4+,423.7805404903761,0.3497552278783549,True
SOLID,2.0,93.0,0.0,LC4+,277.9968143134254,0.809373252144165,LC4+,416.995221470138,0.37171835682765075,True
SOLID,2.0,93.5,0.0,LC4+,273.56941827258515,0.8386558087381306,LC4+,410.3541274088777,0.39391798886442797,True
SOLID,2.0,94.0,0.0,LC4+,269.2356301089137,0.8682519835748401,LC4+,403.8534451633706,0.4163553805232716,True
SOLID,2.0,94.5,0.0,LC4+,264.9929879697829,0.8981634338843598,LC4+,397.4894819546744,0.43903178818005806,True
SOLID,2.0,95.0,0.0,LC4+,260.8391073055082,0.9283918166874436,LC4+,391.25866095826234,0.4619484680519783,True
SOLID,2.0,95.5,0.0,LC4+,256.7716780519032,0.9589387887955647,LC4+,385.1575170778549,0.4851066761975651,True
SOLID,2.0,96.0,0.0,LC4+,252.78846192959048,0.9898060068109489,LC4+,379.18269289438575,0.5085076685167165,True
SOLID,2.0,96.5,0.0,LC4+,248.8872898546524,1.0209951271266071,LC4+,373.33093478197867,0.5321527007507212,True
SOLID,2.0,97.0,0.0,LC4+,245.06605945548546,1.0525078059263708,LC4+,367.5990891832282,0.556043028482285,True
SOLID,2.0,97.5,0.0,LC4+,241.32273269098167,1.084345699184921,LC4+,361.9840990364725,0.5801799071355531,True
SOLID,2.0,98.0,0.0,LC4+,237.65533356540894,1.1165104626678253,LC4+,356.4830003481135,0.6045645919761375,True
SOLID,2.0,98.5,0.0,LC4+,234.0619459355963,1.1490037519315668,LC4+,351.09291890339443,0.6291983381111415,True
SOLID,2.0,99.0,0.0,LC4+,230.54071140624953,1.1818272223235824,LC4+,345.8110671093743,0.6540824004891836,True
SOLID,2.0,99.5,0.0,LC4+,227.08982730943325,1.21498252898229,LC4+,340.6347409641499,0.6792180339004239,True
SOLID,2.0,100.0,0.0,LC4+,223.7075447644506,1.2484713268371261,LC4+,335.56131714667595,0.7046064929765883,True
SOLID,2.0,100.5,0.0,LC4+,220.39216681453962,1.2822952706085755,LC4+,330.58825022180946,0.730249032190994,True
SOLID,2.0,101.0,0.0,LC4+,217.1420466369815,1.3164560148082072,LC4+,325.7130699554723,0.7561469058585741,True
SOLID,2.0,101.5,0.0,LC4+,213.9555858233826,1.350955213738704,LC4+,320.933378735074,0.7823013681359021,True
SOLID,2.0,102.0,0.0,LC4+,210.83123272704964,1.3857945214938976,LC4+,316.2468490905745,0.8087136730212183,True
SOLID,2.0,102.5,0.0,LC4+,207.76748087452796,1.420975591958805,LC4+,311.651221311792,0.8353850743544546,True
SOLID,2.0,103.0,0.0,LC4+,204.76286743851392,1.4565000788096532,LC4+,307.14430115777094,0.8623168258172582,True
SOLID,2.0,103.5,0.0,LC4+,201.8159717694856,1.492369635513918,LC4+,302.7239576542284,0.8895101809330168,True
SOLID,2.0,104.0,0.0,LC4+,198.92541398352432,1.528585915330357,LC4+,298.38812097528654,0.9169663930668837,True
SOLID,2.0,104.5,0.0,LC4+,196.08985360391958,1.5651505713090383,LC4+,294.1347804058794,0.944686715425805,True
SOLID,2.0,105.0,0.0,LC4+,193.30798825426302,1.6020652562913802,LC4+,289.9619823813946,0.9726724010585408,True
SOLID,2.0,105.5,0.0,LC4+,190.57855240084712,1.6393316229101766,LC4+,285.8678286012707,1.000924702855694,True
SOLID,2.0,106.0,0.0,LC4+,187.90031614228465,1.6769513235896363,LC4+,281.850474213427,1.0294448735497306,True
SOLID,2.0,106.5,0.0,LC4+,185.27208404436433,1.71492601054541,LC4+,277.9081260665465,1.0582341657150094,True
SOLID,2.0,107.0,0.0,LC4+,182.6926940182487,1.75325733578463,LC4+,274.039041027373,1.0872938317678047,True
SOLID,2.0,107.5,0.0,LC4+,180.16101624020945,1.791946951105937,LC4+,270.2415243603142,1.11662512396633,True
SOLID,2.0,108.0,0.0,LC4+,177.67595211117742,1.8309965080995152,LC4+,266.51392816676616,1.1462292944107655,True
SOLID,2.0,108.5,0.0,LC4+,175.23643325446346,1.870407658147128,LC4+,262.85464988169525,1.176107595043283,True
SOLID,2.0,109.0,0.0,LC4+,172.84142055008317,1.9101820524221442,LC4+,259.26213082512476,1.2062612776480668,True
SOLID,2.0,109.5,0.0,LC4+,170.48990320418648,1.9503213418895795,LC4+,255.73485480627974,1.2366915938513445,True
SOLID,2.0,110.0,0.0,LC4+,168.18089785216512,1.9908271773061208,LC4+,252.27134677824768,1.2673997951214062,True
SOLID,2.0,110.5,0.0,LC4+,165.91344769407033,2.0317012092201674,LC4+,248.87017154110558,1.2983871327686352,True
SOLID,2.0,111.0,0.0,LC4+,163.68662166104002,2.0729450879718527,LC4+,245.5299324915601,1.3296548579455258,True
SOLID,2.0,111.5,0.0,LC4+,161.49951361148646,2.1145604636930915,LC4+,242.24927041722975,1.3612042216467168,True
SOLID,2.0,112.0,0.0,LC4+,159.3512415558576,2.1565489863076013,LC4+,239.02686233378645,1.3930364747090094,True
SOLID,2.0,112.5,0.0,LC4+,157.24094690883214,2.198912305530938,LC4+,235.8614203632482,1.4251528678113936,True
SOLID,2.0,113.0,0.0,LC4+,155.16779376786153,2.2416520708705323,LC4+,232.7516906517923,1.4575546514750752,True
SOLID,2.0,113.5,0.0,LC4+,153.13096821701964,2.2847699316257204,LC4+,229.69645232552946,1.4902430760635017,True
SOLID,2.0,114.0,0.0,LC4+,151.1296776551653,2.3282675368877723,LC4+,226.69451648274787,1.5232193917823809,True
SOLID,2.0,114.5,0.0,LC4+,149.16315014746584,2.3721465355399345,LC4+,223.7447252211988,1.5564848486797116,True
SOLID,2.0,115.0,0.0,LC4+,147.23063379937358,2.4164085762574508,LC4+,220.84595069906038,1.5900406966458074,True
SOLID,2.0,115.5,0.0,LC4+,145.33139615218198,2.4610553075076065,LC4+,217.997094228273,1.6238881854133211,True
SOLID,2.0,116.0,0.0,LC4+,143.46472359933037,2.5060883775497533,LC4+,215.19708539899557,1.6580285645572679,True
SOLID,2.0,116.5,0.0,LC4+,141.6299208226578,2.5515094344353444,LC4+,212.44488123398673,1.6924630834950518,True
SOLID,2.0,117.0,0.0,LC4+,139.82631024784294,2.597320126007971,LC4+,209.73946537176442,1.7271929914864934,True
SOLID,2.0,117.5,0.0,LC4+,138.05323151829867,2.643522099903387,LC4+,207.0798472774481,1.7622195376338454,True
SOLID,2.0,118.0,0.0,LC4+,136.31004098681987,2.6901170035495494,LC4+,204.46506148022985,1.7975439708818315,True
SOLID,2.0,118.5,0.0,LC4+,134.59611122431417,2.7371064841666493,LC4+,201.89416683647133,1.8331675400176577,True
SOLID,2.0,119.0,0.0,LC4+,132.91083054497216,2.784492188767139,LC4+,199.36624581745826,1.8690914936710445,True
SOLID,2.0,119.5,0.0,LC4+,131.25360254726024,2.832275764155774,LC4+,196.8804038208904,1.905317080314251,True
SOLID,2.0,120.0,0.0,LC4+,129.62384567014635,2.8804588569296388,LC4+,194.43576850521953,1.9418455482620987,True
SOLID,2.0,120.5,0.0,LC4+,128.02099276399125,2.929043113478182,LC4+,192.03148914598685,1.9786781456719953,True
SOLID,2.0,121.0,0.0,LC4+,126.44449067556295,2.9780301799832496,LC4+,189.66673601334443,2.015816120543961,True
SOLID,2.0,121.5,0.0,LC4+,124.89379984665315,3.0274217024191143,LC4+,187.34069976997972,2.053260720720654,True
SOLID,2.0,122.0,0.0,LC4+,123.36839392579616,3.077219326552515,LC4+,185.05259088869425,2.0910131938873935,True
SOLID,2.0,122.5,0.0,LC4+,121.86775939261126,3.127424697942682,LC4+,182.8016390889169,2.129074787572186,True
SOLID,2.0,123.0,0.0,LC4+,120.39139519430847,3.178039461941375,LC4+,180.58709279146268,2.167446749145748,True
SOLID,2.0,123.5,0.0,LC4+,118.9388123939164,3.229065263692913,LC4+,178.4082185908746,2.2061303258215323,True
SOLID,2.0,124.0,0.0,LC4+,117.50953382980877,3.2805037481342083,LC4+,176.26430074471318,2.2451267646557547,True
SOLID,2.0,124.5,0.0,LC4+,116.1030937861227,3.332356559994799,LC4+,174.15464067918407,2.2844373125474147,True
SOLID,2.0,125.0,0.0,LC4+,114.71903767367854,3.3846253437968796,LC4+,172.07855651051784,2.3240632162383235,True
SOLID,2.0,125.5,0.0,LC4+,113.35692172102621,3.4373117438553393,LC4+,170.03538258153932,2.3640057223131263,True
SOLID,2.0,126.0,0.0,LC4+,112.01631267525782,3.4904174042777854,LC4+,168.02446901288673,2.4042660771993285,True
SOLID,2.0,126.5,0.0,LC4+,110.69678751224058,3.5439439689645873,LC4+,166.0451812683609,2.444845527167321,True
SOLID,2.0,127.0,0.0,LC4+,109.39793315593793,3.597893081608901,LC4+,164.09689973390692,2.4857453183304052,True
SOLID,2.0,127.5,0.0,LC4+,108.11934620649913,3.6522663856967004,LC4+,162.17901930974867,2.5269666966448154,True
SOLID,2.0,128.0,0.0,LC4+,106.86063267681011,3.707065524506822,LC4+,160.29094901521518,2.568510907909744,True
SOLID,2.0,128.5,0.0,LC4+,105.62140773721137,3.7622921411109784,LC4+,158.43211160581708,2.610379197767368,True
SOLID,2.0,129.0,0.0,LC4+,104.401295468098,3.8179478783738094,LC4+,156.601943202147,2.652572811702875,True
SOLID,2.0,129.5,0.0,LC4+,103.19992862013008,3.8740343789529064,LC4+,154.7998929301951,2.6950929950444835,True
SOLID,2.0,130.0,0.0,LC4+,102.0169483817906,3.930553285298842,LC4+,153.0254225726859,2.7379409929634693,True
SOLID,2.0,130.5,0.0,LC4+,100.85200415403848,3.9875062396552092,LC4+,151.27800623105776,2.7811180504741935,True
SOLID,2.0,131.0,0.0,LC4+,99.70475333181444,4.044894884058647,LC4+,149.55712999772166,2.8246254124341235,True
SOLID,2.0,131.5,0.0,LC4+,98.5748610921654,4.102720860338882,LC4+,147.8622916382481,2.868464323543857,True
SOLID,2.0,132.0,0.0,LC4+,97.46200018876355,4.160985810118754,LC4+,146.19300028314538,2.9126360283471517,True
SOLID,2.0,132.5,0.0,LC4+,96.36585075260322,4.219691374814246,LC4+,144.54877612890485,2.957141771230946,True
SOLID,2.0,133.0,0.0,LC4+,95.28610009866726,4.27883919563453,LC4+,142.92915014800093,3.0019827964253816,True
SOLID,2.0,133.5,0.0,LC4+,94.22244253836318,4.338430913581982,LC4+,141.3336638075448,3.0471603480038345,True
SOLID,2.0,134.0,0.0,LC4+,93.17457919753525,4.39846816945223,LC4+,139.7618687963029,3.0926756698829356,True
SOLID,2.0,134.5,0.0,LC4+,92.14221783986741,4.458952603834175,LC4+,138.2133267598011,3.138530005822596,True
SOLID,2.0,135.0,0.0,LC4+,91.12507269549744,4.519885857110034,LC4+,136.68760904324617,3.184724599426029,True
SOLID,2.0,135.5,0.0,LC4+,90.12286429467056,4.581269569455362,LC4+,135.18429644200586,3.2312606941397837,True
SOLID,2.0,136.0,0.0,LC4+,89.13531930626597,4.643105380839091,LC4+,133.70297895939896,3.278139533253757,True
SOLID,2.0,136.5,0.0,LC4+,88.16217038103628,4.705394931023562,LC4+,132.24325557155444,3.325362359901228,True
SOLID,2.0,137.0,0.0,LC4+,87.20315599940602,4.768139859564557,LC4+,130.80473399910906,3.372930417058881,True
SOLID,2.0,137.5,0.0,LC4+,86.25802032368027,4.831341805811329,LC4+,129.3870304855204,3.4208449475468257,True
SOLID,2.0,138.0,0.0,LC4+,85.32651305452013,4.895002408906639,LC4+,127.98976958178022,3.4691071940286244,True
SOLID,2.0,138.5,0.0,LC4+,84.40838929154725,4.959123307786789,LC4+,126.6125839373209,3.517718399011322,True
SOLID,2.0,139.0,0.0,LC4+,83.50340939794395,5.023706141181644,LC4+,125.25511409691597,3.5666798048454593,True
SOLID,2.0,139.5,0.0,LC4+,82.6113388689207,5.088752547614674,LC4+,123.91700830338104,3.6159926537251073,True
SOLID,2.0,140.0,0.0,LC4+,81.73194820392675,5.154264165402994,LC4+,122.59792230589014,3.665658187687889,True
SOLID,2.5,74.0,0.0,LC4+,688.2962424337642,-0.26921001599336136,LC4+,1032.4443636506464,-0.4459749889306862,False
SOLID,2.5,74.5,0.0,LC4+,674.5478072553567,-0.25431526929627335,LC4+,1011.821710883035,-0.4346830139661608,False
SOLID,2.5,75.0,0.0,LC4+,661.1633293550406,-0.23921975453376643,LC4+,991.7449940325611,-0.42323883312566535,False
SOLID,2.5,75.5,0.0,LC4+,648.1308414450205,-0.22392213448977116,LC4+,972.1962621675307,-0.41164143264168207,False
SOLID,2.5,76.0,0.0,LC4+,635.4388454023361,-0.2084210720836256,LC4+,953.1582681035042,-0.39988979884934905,False
SOLID,2.5,76.5,0.0,LC4+,623.076290948205,-0.19271523037005867,LC4+,934.6144364223076,-0.38798291818644604,False
SOLID,2.5,77.0,0.0,LC4+,611.0325554275681,-0.17680327253917372,LC4+,916.5488331413521,-0.3759197771933829,False
SOLID,2.5,77.5,0.0,LC4+,599.2974246253766,-0.1606838619164308,LC4+,898.9461369380649,-0.36369936251318546,False
SOLID,2.5,78.0,0.0,LC4+,587.8610745602001,-0.14435566196262906,LC4+,881.7916118403002,-0.35132066089148284,False
SOLID,2.5,78.5,0.0,LC4+,576.7140541994956,-0.12781733627389047,LC4+,865.0710812992437,-0.3387826591764951,False
SOLID,2.5,79.0,0.0,LC4+,565.8472690443763,-0.11106754858164303,LC4+,848.7709035665644,-0.3260843443190189,False
SOLID,2.5,79.5,0.0,LC4+,555.2519655349777,-0.09410496275260116,LC4+,832.8779483024666,-0.31322470337241615,False
SOLID,2.5,80.0,0.0,LC4+,544.919716230563,-0.07692824278875277,LC4+,817.3795743458446,-0.3002027234925999,False
SOLID,2.5,80.5,0.0,LC4+,534.8424057213252,-0.05953605282733776,LC4+,802.2636085819881,-0.28701739193802167,False
SOLID,2.5,81.0,0.0,LC4+,525.0122172315015,-0.04192705714083467,LC4+,787.5183258472523,-0.2736676960696587,False
SOLID,2.5,81.5,0.0,LC4+,515.4216198758605,-0.024099920136940067,LC4+,773.132429813791,-0.2601526233510004,False
SOLID,2.5,82.0,0.0,LC4+,506.0633565339382,-0.006053306358554278,LC4+,759.0950348009075,-0.24647116134803604,False
SOLID,2.5,82.5,0.0,LC4+,496.9304323085285,0.012214119516236632,LC4+,745.3956484627928,-0.23262229772924148,False
SOLID,2.5,83.0,0.0,LC4+,488.016103536951,0.030703692674179273,LC4+,732.0241553054265,-0.21860502026556583,False
SOLID,2.5,83.5,0.0,LC4+,479.3138673254888,0.04941674816686792,LC4+,718.9708009882332,-0.20441831683041967,False
SOLID,2.5,84.0,0.0,LC4+,470.81745157913673,0.06835462091076261,LC4+,706.2261773687052,-0.1900611753996604,False
SOLID,2.5,84.5,0.0,LC4+,462.5208055004451,0.0875186456872068,LC4+,693.7812082506676,-0.1755325840515809,False
SOLID,2.5,85.0,0.0,LC4+,454.4180905327722,0.10691015714244356,LC4+,681.6271357991583,-0.16083153096689506,False
SOLID,2.5,85.5,0.0,LC4+,446.50367172469777,0.12653048978763248,LC4+,669.7555075870467,-0.14595700442872683,False
SOLID,2.5,86.0,0.0,LC4+,438.77210949368776,0.14638097799886762,LC4+,658.1581642405317,-0.1309079928225948,False
SOLID,2.5,86.5,0.0,LC4+,431.218151768366,0.16646295601719596,LC4+,646.827227652549,-0.11568348463640021,False
SOLID,2.5,87.0,0.0,LC4+,423.836726489925,0.18677775794863027,LC4+,635.7550897348877,-0.10028246846041589,False
SOLID,2.5,87.5,0.0,LC4+,416.62293445431106,0.20732671776416933,LC4+,624.9344016814667,-0.08470393298727019,False
SOLID,2.5,88.0,0.0,LC4+,409.5720424778615,0.228111169299815,LC4+,614.3580637167923,-0.06894686701193631,False
SOLID,2.5,88.5,0.0,LC4+,402.6794768700428,0.2491324462565887,LC4+,604.0192153050642,-0.05301025943171811,False
SOLID,2.5,89.0,0.0,LC4+,395.94081719785027,0.2703918822005478,LC4+,593.9112257967755,-0.03689309924623829,False
SOLID,2.5,89.5,0.0,LC4+,389.351790327289,0.2918908105628033,LC4+,584.0276854909333,-0.02059437555742394,False
SOLID,2.5,90.0,0.0,LC4+,382.90826472816116,0.31363056463953787,LC4+,574.3623970922416,-0.004113077569495194,False
SOLID,2.5,90.5,0.0,LC4+,376.60624502914175,0.33561247759202173,LC4+,564.9093675437126,0.012551805411048944,True
SOLID,2.5,91.0,0.0,LC4+,370.44186681083477,0.35783788244662884,LC4+,555.6628002162522,0.02940128397544295,True
SOLID,2.5,91.5,0.0,LC4+,364.4113916251715,0.3803081120948568,LC4+,546.6170874377574,0.046436368612667867,True
SOLID,2.5,92.0,0.0,LC4+,358.51120223014306,0.4030244992933405,LC4+,537.7668033452146,0.0636580697094642,True
SOLID,2.5,92.5,0.0,LC4+,352.737798029447,0.42598837666387235,LC4+,529.1066970441706,0.08106739755034442,True
SOLID,2.5,93.0,0.0,LC4+,347.0877907071907,0.44920107669341647,LC4+,520.631686060786,0.09866536231760681,True
SOLID,2.5,93.5,0.0,LC4+,341.55790004831215,0.472663931734129,LC4+,512.3368500724681,0.1164529740913478,True
SOLID,2.5,94.0,0.0,LC4+,336.14494993587874,0.49637827400337153,LC4+,504.21742490381814,0.1344312428494745,True
SOLID,2.5,94.5,0.0,LC4+,330.84586451688523,0.5203454355837311,LC4+,496.26879677532787,0.15260117846771926,True
SOLID,2.5,95.0,0.0,LC4+,325.65766452861345,0.544566748423035,LC4+,488.4864967929202,0.17096379071964996,True
SOLID,2.5,95.5,0.0,LC4+,320.57746377802806,0.5690435443343691,LC4+,480.8661956670421,0.1895200892766853,True
SOLID,2.5,96.0,0.0,LC4+,315.602465767074,0.593777154996096,LC4+,473.4036986506111,0.20827108370810699,True
SOLID,2.5,96.5,0.0,LC4+,310.7299604571082,0.618768911951868,LC4+,466.0949406856624,0.22721778348107136,True
SOLID,2.5,97.0,0.0,LC4+,305.95732116604324,0.6440201466106494,LC4+,458.9359817490648,0.24636119796062506,True
SOLID,2.5,97.5,0.0,LC4+,301.2820015921134,0.6695321902467306,LC4+,451.92300238817006,0.26570233640971486,True
SOLID,2.5,98.0,0.0,LC4+,296.7015329584763,0.6953063739997438,LC4+,445.05229943771457,0.2852422079892025,True
SOLID,2.5,98.5,0.0,LC4+,292.21352127316044,0.7213440288746835,LC4+,438.3202819097407,0.3049818217578779,True
SOLID,2.5,99.0,0.0,LC4+,287.8156446991416,0.7476464857419203,LC4+,431.7234670487124,0.32492218667246986,True
SOLID,2.5,99.5,0.0,LC4+,283.5056510295945,0.7742150753372214,LC4+,425.2584765443917,0.3450643115876617,True
SOLID,2.5,100.0,0.0,LC4+,279.28135526361046,0.8010511282617634,LC4+,418.9220328954158,0.3654092052561013,True
SOLID,2.5,100.5,0.0,LC4+,275.14063727790545,0.8281559749821523,LC4+,412.7109559168582,0.3859578763284177,True
SOLID,2.5,101.0,0.0,LC4+,271.081439590264,0.8555309458304408,LC4+,406.622159385396,0.40671133335322995,True
SOLID,2.5,101.5,0.0,LC4+,267.10176521067257,0.8831773710041422,LC4+,400.65264781600894,0.42767058477716247,True
SOLID,2.5,102.0,0.0,LC4+,263.19967557629303,0.9110965805662501,LC4+,394.7995133644395,0.4488366389448577,True
SOLID,2.5,102.5,0.0,LC4+,259.37328856661355,0.9392899044452567,LC4+,389.0599328499205,0.4702105040989879,True
SOLID,2.5,103.0,0.0,LC4+,255.62077659529314,0.9677586724351652,LC4+,383.4311648929398,0.49179318838027064,True
SOLID,2.5,103.5,0.0,LC4+,251.94036477537978,0.9965042141955109,LC4+,377.9105471630697,0.5135856998274781,True
SOLID,2.5,104.0,0.0,LC4+,248.33032915474493,1.0255278592513757,LC4+,372.49549373211744,0.5355890463774511,True
SOLID,2.5,104.5,0.0,LC4+,244.78899501872442,1.0548309369934072,LC4+,367.1834925280867,0.5578042358651143,True
SOLID,2.5,105.0,0.0,LC4+,241.3147352571006,1.0844147766778338,LC4+,361.972102885651,0.5802322760234868,True
SOLID,2.5,105.5,0.0,LC4+,237.90596879269407,1.114280707426483,LC4+,356.85895318904113,0.6028741744836954,True
SOLID,2.5,106.0,0.0,LC4+,234.5611590689623,1.1444300582267979,LC4+,351.84173860344345,0.6257309387749879,True
SOLID,2.5,106.5,0.0,LC4+,231.27881259412476,1.1748641579318533,LC4+,346.9182188911871,0.6488035763247451,True
SOLID,2.5,107.0,0.0,LC4+,228.05747753944746,1.2055843352603746,LC4+,342.08621630917116,0.6720930944584946,True
SOLID,2.5,107.5,0.0,LC4+,224.89574238943197,1.2365919187967536,LC4+,337.343613584148,0.6956005003999242,True
SOLID,2.5,108.0,0.0,LC4+,221.79223464175575,1.2678882369910647,LC4+,332.68835196263365,0.7193268012708933,True
SOLID,2.5,108.5,0.0,LC4+,218.74561955491043,1.2994746181590844,LC4+,328.1184293323656,0.7432730040914464,True
SOLID,2.5,109.0,0.0,LC4+,215.75459894157856,1.3313523904823041,LC4+,323.63189841236783,0.7674401157798252,True
SOLID,2.5,109.5,0.0,LC4+,212.81791000587717,1.363522882007953,LC4+,319.22686500881576,0.791829143152484,True
SOLID,2.5,110.0,0.0,LC4+,209.93432422268344,1.3959874206490088,LC4+,314.90148633402515,0.8164410929240995,True
SOLID,2.5,110.5,0.0,LC4+,207.10264625733507,1.4287473341842198,LC4+,310.65396938600264,0.8412769717075859,True
SOLID,2.5,111.0,0.0,LC4+,204.321712924078,1.461803950258116,LC4+,306.48256938611706,0.8663377860141048,True
SOLID,2.5,111.5,0.0,LC4+,201.5903921817029,1.4951585963810343,LC4+,302.38558827255434,0.8916245422530835,True
SOLID,2.5,112.0,0.0,LC4+,198.90758216488516,1.5288125999291284,LC4+,298.3613732473278,0.9171382467322218,True
SOLID,2.5,112.5,0.0,LC4+,196.27221024980588,1.562767288144387,LC4+,294.4083153747089,0.9428799056575072,True
SOLID,2.5,113.0,0.0,LC4+,193.68323215269413,1.597023988134655,LC4+,290.52484822904125,0.9688505251332307,True
SOLID,2.5,113.5,0.0,LC4+,191.1396310599933,1.6315840268736452,LC4+,286.70944658999,0.9950511111619942,True
SOLID,2.5,114.0,0.0,LC4+,188.64041678890675,1.6664487312009566,LC4+,282.9606251833601,1.021482669644728,True
SOLID,2.5,114.5,0.0,LC4+,186.18462497713548,1.7016194278220946,LC4+,279.2769374657032,1.0481462063807,True
SOLID,2.5,115.0,0.0,LC4+,183.77131630067043,1.7370974433084854,LC4+,275.6569744510057,1.0750427270675327,True
SOLID,2.5,115.5,0.0,LC4+,181.39957571855135,1.7728841040974896,LC4+,272.0993635778271,1.1021732373012112,True
SOLID,2.5,116.0,0.0,LC4+,179.06851174355003,1.808980736492427,LC4+,268.60276761532504,1.1295387425761012,True
SOLID,2.5,116.5,0.0,LC4+,176.7772557377825,1.8453886666625863,LC4+,265.1658836066738,1.1571402482849558,True
SOLID,2.5,117.0,0.0,LC4+,174.52496123229417,1.8821092206432457,LC4+,261.7874418484413,1.1849787597189345,True
SOLID,2.5,117.5,0.0,LC4+,172.3108032697048,1.9191437243356875,LC4+,258.4662049045572,1.2130552820676122,True
SOLID,2.5,118.0,0.0,LC4+,170.13397776903707,1.9564935035072204,LC4+,255.20096665355567,1.2413708204189926,True
SOLID,2.5,118.5,0.0,LC4+,167.99370091189124,1.994159883791189,LC4+,251.9905513678369,1.2699263797595224,True
SOLID,2.5,119.0,0.0,LC4+,165.88920854916046,2.0321441906869935,LC4+,248.83381282374066,1.2987229649741026,True
SOLID,2.5,119.5,0.0,LC4+,163.819755627518,2.0704477495601115,LC4+,245.729633441277,1.3277615808461016,True
SOLID,2.5,120.0,0.0,LC4+,161.78461563493795,2.109071885642107,LC4+,242.67692345240695,1.3570432320573689,True
SOLID,2.5,120.5,0.0,LC4+,159.78308006454102,2.1480179240306527,LC4+,239.67462009681157,1.386568923188248,True
SOLID,2.5,121.0,0.0,LC4+,157.81445789608762,2.187287189689544,LC4+,236.72168684413148,1.4163396587175865,True
SOLID,2.5,121.5,0.0,LC4+,155.87807509446674,2.2268810074487195,LC4+,233.81711264170008,1.4463564430227538,True
SOLID,2.5,122.0,0.0,LC4+,153.97327412455724,2.2668007020042733,LC4+,230.95991118683582,1.4766202803796484,True
SOLID,2.5,122.5,0.0,LC4+,152.09941348186175,2.3070475979184764,LC4+,228.14912022279265,1.507132174962715,True
SOLID,2.5,123.0,0.0,LC4+,150.25586723833948,2.347623019619788,LC4+,225.38380085750924,1.5378931308449553,True
SOLID,2.5,123.5,0.0,LC4+,148.44202460288557,2.388528291402879,LC4+,222.6630369043284,1.5689041519979408,True
SOLID,2.5,124.0,0.0,LC4+,146.6572894959285,2.4297647374286453,LC4+,219.98593424389279,1.6001662422918286,True
SOLID,2.5,124.5,0.0,LC4+,144.90108013763697,2.471333681724223,LC4+,217.3516202064555,1.6316804054953677,True
SOLID,2.5,125.0,0.0,LC4+,143.17282864924843,2.513236448183008,LC4+,214.75924297387263,1.663447645275919,True
SOLID,2.5,125.5,0.0,LC4+,141.4719806670506,2.5554743605646766,LC4+,212.20797100057592,1.695468965199463,True
SOLID,2.5,126.0,0.0,LC4+,139.7979949685666,2.5980487424951906,LC4+,209.69699245284994,1.7277453687306141,True
SOLID,2.5,126.5,0.0,LC4+,138.1503431105102,2.640960917466826,LC4+,207.2255146657653,1.7602778592326365,True
SOLID,2.5,127.0,0.0,LC4+,136.52850907809696,2.6842122088381863,LC4+,204.79276361714548,1.7930674399674515,True
SOLID,2.5,127.5,0.0,LC4+,134.93198894531173,2.7278039398342164,LC4+,202.39798341796762,1.8261151140956549,True
SOLID,2.5,128.0,0.0,LC4+,133.3602905457485,2.771737433546222,LC4+,200.04043581862277,1.859421884676526,True
SOLID,2.5,128.5,0.0,LC4+,131.8129331536546,2.8160140129318867,LC4+,197.7193997304819,1.8929887546680435,True
SOLID,2.5,129.0,0.0,LC4+,130.28944717482398,2.860635000815288,LC4+,195.43417076223596,1.9268167269268983,True
SOLID,2.5,129.5,0.0,LC4+,128.7893738469995,2.9056017198869144,LC4+,193.18406077049923,1.9609068042085025,True
SOLID,2.5,130.0,0.0,LC4+,127.31226494945554,2.9509154927036834,LC4+,190.96839742418334,1.9952599891670064,True
SOLID,2.5,130.5,0.0,LC4+,125.85768252144656,2.9965776416889542,LC4+,188.78652378216984,2.029877284355311,True
SOLID,2.5,131.0,0.0,LC4+,124.42519858921722,3.0425894891325527,LC4+,186.63779788382587,2.0647596922250755,True
SOLID,2.5,131.5,0.0,LC4+,123.01439490128345,3.0889523571907764,LC4+,184.5215923519252,2.0999082151267383,True
SOLID,2.5,132.0,0.0,LC4+,121.6248626717024,3.1356675678864256,LC4+,182.43729400755362,2.1353238553095233,True
SOLID,2.5,132.5,0.0,LC4+,120.25620233106216,3.1827364431088077,LC4+,180.38430349659328,2.1710076149214546,True
SOLID,2.5,133.0,0.0,LC4+,118.90802328493011,3.2301603046137597,LC4+,178.3620349273952,2.2069604960093705,True
SOLID,2.5,133.5,0.0,LC4+,117.57994367951024,3.2779404740236666,LC4+,176.36991551926536,2.243183500518936,True
SOLID,2.5,134.0,0.0,LC4+,116.27159017426771,3.3260782728274743,LC4+,174.40738526140157,2.2796776302946524,True
SOLID,2.5,134.5,0.0,LC4+,114.98259772128903,3.374575022380709,LC4+,172.47389658193353,2.316443887079875,True
SOLID,2.5,135.0,0.0,LC4+,113.71260935115353,3.4234320439054935,LC4+,170.56891402673034,2.3534832725168213,True
SOLID,2.5,135.5,0.0,LC4+,112.46127596510145,3.472650658490564,LC4+,168.69191394765218,2.39079678814659,True
SOLID,2.5,136.0,0.0,LC4+,111.22825613329051,3.5222321870912854,LC4+,166.84238419993582,2.428385435409164,True
SOLID,2.5,136.5,0.0,LC4+,110.01321589894141,3.572177950529669,LC4+,165.01982384841213,2.466250215643434,True
SOLID,2.5,137.0,0.0,LC4+,108.81582858817927,3.6224892694943938,LC4+,163.22374288226894,2.5043921300872007,True
SOLID,2.5,137.5,0.0,LC4+,107.63577462538562,3.673167464540816,LC4+,161.45366193807845,2.5428121798771985,True
SOLID,2.5,138.0,0.0,LC4+,106.47274135388176,3.7242138560909863,LC4+,159.70911203082264,2.581511366049098,True
SOLID,2.5,138.5,0.0,LC4+,105.32642286177068,3.7756297644336794,LC4+,157.989634292656,2.6204906895375277,True
SOLID,2.5,139.0,0.0,LC4+,104.19651981277192,3.827416509724393,LC4+,156.2947797191579,2.65975115117608,True
SOLID,2.5,139.5,0.0,LC4+,103.08273928188821,3.8795754119853685,LC4+,154.6241089228323,2.699293751697324,True
SOLID,2.5,140.0,0.0,LC4+,101.98479459574885,3.9321077911056275,LC4+,152.9771918936233,2.7391194917328274,True
SOLID,3.0,74.0,0.0,LC4+,825.4396754465173,-0.3906277890896088,LC4+,1238.159513169776,-0.5380239832461977,False
SOLID,3.0,74.5,0.0,LC4+,808.9484536961811,-0.378205128272718,LC4+,1213.4226805442718,-0.5286061409834257,False
SOLID,3.0,75.0,0.0,LC4+,792.8938431308268,-0.3656149504026286,LC4+,1189.3407646962405,-0.5190613010341997,False
SOLID,3.0,75.5,0.0,LC4+,777.2614866366827,-0.3528561383163983,LC4+,1165.8922299550238,-0.5093886164572297,False
SOLID,3.0,76.0,0.0,LC4+,762.0375899787134,-0.33992757494541614,LC4+,1143.0563849680702,-0.49958724038274105,False
SOLID,3.0,76.5,0.0,LC4+,747.2088962204856,-0.3268281433153931,LC4+,1120.8133443307283,-0.489656326012465,False
SOLID,3.0,77.0,0.0,LC4+,732.7626614640644,-0.3135567265463516,LC4+,1099.1439921960969,-0.47959502661963305,False
SOLID,3.0,77.5,0.0,LC4+,718.6866318338031,-0.3001122078526164,LC4+,1078.0299477507044,-0.4694024955489682,False
SOLID,3.0,78.0,0.0,LC4+,704.969021632723,-0.2864934705428027,LC4+,1057.4535324490846,-0.45907788621667756,False
SOLID,3.0,78.5,0.0,LC4+,691.5984926047124,-0.272699398019809,LC4+,1037.3977389070685,-0.44862035211044493,False
SOLID,3.0,79.0,0.0,LC4+,678.5641342399488,-0.2587288737808048,LC4+,1017.8462013599232,-0.4380290467894239,False
SOLID,3.0,79.5,0.0,LC4+,665.8554450648801,-0.2445807814172214,LC4+,998.7831675973204,-0.427303123884229,False
SOLID,3.0,80.0,0.0,LC4+,653.4623148617346,-0.2302540046147432,LC4+,980.193472292602,-0.41644173709692933,False
SOLID,3.0,80.5,0.0,LC4+,641.3750077659225,-0.2157474271532952,LC4+,962.0625116488839,-0.4054440402010403,False
SOLID,3.0,81.0,0.0,LC4+,629.5841461928721,-0.2010599329070356,LC4+,944.3762192893083,-0.39430918704151674,False
SOLID,3.0,81.5,0.0,LC4+,618.0806955487823,-0.1861904058443441,LC4+,927.1210433231734,-0.3830363315347446,False
SOLID,3.0,82.0,0.0,LC4+,606.8559496825429,-0.17113773002781274,LC4+,910.2839245238144,-0.371624627668534,False
SOLID,3.0,82.5,0.0,LC4+,595.9015170386459,-0.1559007896142358,LC4+,893.8522755579689,-0.3600732295021113,False
SOLID,3.0,83.0,0.0,LC4+,585.2093074733116,-0.1404784688545999,LC4+,877.8139612099675,-0.3483812911661116,False
SOLID,3.0,83.5,0.0,LC4+,574.7715196983104,-0.1248696520940743,LC4+,862.1572795474655,-0.3365479668625718,False
SOLID,3.0,84.0,0.0,LC4+,564.5806293190537,-0.10907322377200002,LC4+,846.8709439785808,-0.3245724108649226,False
SOLID,3.0,84.5,0.0,LC4+,554.6293774355017,-0.09308806842188189,LC4+,831.9440661532527,-0.31245377751798076,False
SOLID,3.0,85.0,0.0,LC4+,544.9107597762647,-0.07691307067137543,LC4+,817.3661396643971,-0.3001912212379414,False
SOLID,3.0,85.5,0.0,LC4+,535.418016338011,-0.06054711524228085,LC4+,803.1270245070162,-0.2877838965123718,False
SOLID,3.0,86.0,0.0,LC4+,526.144621503888,-0.0439890869505295,LC4+,789.2169322558318,-0.27523095790020247,False
SOLID,3.0,86.5,0.0,LC4+,517.0842746161924,-0.02723787070617545,LC4+,775.6264119242885,-0.2625315600317194,False
SOLID,3.0,87.0,0.0,LC4+,508.2308909799272,-0.010292351513386921,LC4+,762.3463364698908,-0.2496848576085584,False
SOLID,3.0,87.5,0.0,LC4+,499.5785932752144,0.006848585529566131,LC4+,749.3678899128216,-0.23669000540369545,False
SOLID,3.0,88.0,0.0,LC4+,491.1217033577801,0.02418605523031947,LC4+,736.6825550366702,-0.22354615826144109,False
SOLID,3.0,88.5,0.0,LC4+,482.85473442789095,0.04172117230242778,LC4+,724.2821016418364,-0.2102524710974305,False
SOLID,3.0,89.0,0.0,LC4+,474.77238354922156,0.05945505136537066,LC4+,712.1585753238323,-0.19680809889861894,False
SOLID,3.0,89.5,0.0,LC4+,466.8695245001563,0.07738880694456562,LC4+,700.3042867502344,-0.1832121967232716,False
SOLID,3.0,90.0,0.0,LC4+,459.1412009410004,0.09552355347137631,LC4+,688.7118014115006,-0.16946391970095787,False
SOLID,3.0,90.5,0.0,LC4+,451.5826198814799,0.1138604052831238,LC4+,677.3739298222198,-0.1555624230325423,False
SOLID,3.0,91.0,0.0,LC4+,444.1891454337645,0.13240047662309462,LC4+,666.2837181506469,-0.14150686199017903,False
SOLID,3.0,91.5,0.0,LC4+,436.95629283704955,0.1511448816405525,LC4+,655.4344392555745,-0.1272963919173017,False
SOLID,3.0,92.0,0.0,LC4+,429.87972274048855,0.1700947343907473,LC4+,644.8195841107326,-0.11293016822861823,False
SOLID,3.0,92.5,0.0,LC4+,422.95523573197664,0.18925114883492555,LC4+,634.432853597965,-0.09840734641010296,False
SOLID,3.0,93.0,0.0,LC4+,416.17876710095595,0.20861523884033972,LC4+,624.268150651434,-0.08372708201898704,False
SOLID,3.0,93.5,0.0,LC4+,409.54638182403903,0.2281881181802583,LC4+,614.3195727360586,-0.068888530683754,False
SOLID,3.0,94.0,0.0,LC4+,403.05426976284366,0.24797090053397586,LC4+,604.5814046442654,-0.053890848104129474,False
SOLID,3.0,94.5,0.0,LC4+,396.6987410639875,0.2679646994868232,LC4+,595.0481115959814,-0.03873319005107656,False
SOLID,3.0,95.0,0.0,LC4+,390.4762217517187,0.2881706285301764,LC4+,585.7143326275781,-0.02341471236678483,False
SOLID,3.0,95.5,0.0,LC4+,384.38324950415284,0.30858980106146805,LC4+,576.5748742562292,-0.007934570964665655,False
SOLID,3.0,96.0,0.0,LC4+,378.4164696045576,0.32922333038419604,LC4+,567.6247044068364,0.0077080781706564405,True
SOLID,3.0,96.5,0.0,LC4+,372.572631059564,0.35007232970793356,LC4+,558.858946589346,0.02351407898335056,True
SOLID,3.0,97.0,0.0,LC4+,366.8485828766009,0.37113791214834047,LC4+,550.2728743149015,0.0394842753463891,True
SOLID,3.0,97.5,0.0,LC4+,361.24127049324505,0.39242119072716997,LC4+,541.8619057398677,0.055619511061552274,True
SOLID,3.0,98.0,0.0,LC4+,355.7477323515437,0.4139232783722826,LC4+,533.6215985273155,0.07192062985943748,True
SOLID,3.0,98.5,0.0,LC4+,350.36509661072455,0.4356452879176531,LC4+,525.5476449160869,0.08838847539946637,True
SOLID,3.0,99.0,0.0,LC4+,345.0905779920336,0.4575883321033809,LC4+,517.6358669880505,0.10502389126989242,True
SOLID,3.0,99.5,0.0,LC4+,339.92147474975576,0.4797535235757018,LC4+,509.88221212463355,0.12182772098780847,True
SOLID,3.0,100.0,0.0,LC4+,334.85516576277035,0.5021419748869953,LC4+,502.2827486441555,0.1388008079991534,True
SOLID,3.0,100.5,0.0,LC4+,329.88910774127123,0.5247547984957961,LC4+,494.8336616119069,0.15594399567872141,True
SOLID,3.0,101.0,0.0,LC4+,325.0208325435464,0.5475931067668036,LC4+,487.5312488153196,0.17325812733016788,True
SOLID,3.0,101.5,0.0,LC4+,320.2479445979625,0.5706580119708917,LC4+,480.37191689694384,0.19074404618601704,True
SOLID,3.0,102.0,0.0,LC4+,315.5681184255364,0.593950626285118,LC4+,473.35217763830457,0.2084025954076707,True
SOLID,3.0,102.5,0.0,LC4+,310.9790962586992,0.6174720617927363,LC4+,466.4686443880488,0.22623461808541445,True
SOLID,3.0,103.0,0.0,LC4+,306.4786857520724,0.6412234304832036,LC4+,459.7180286281086,0.2442409572384261,True
SOLID,3.0,103.5,0.0,LC4+,302.06475778127395,0.6652058442521913,LC4+,453.09713667191096,0.2624224558147825,True
SOLID,3.0,104.0,0.0,LC4+,297.73524432596554,0.6894204149015934,LC4+,446.6028664889483,0.2807799566914666,True
SOLID,3.0,104.5,0.0,LC4+,293.48813643352923,0.7138682541395405,LC4+,440.2322046502939,0.2993143026743763,True
SOLID,3.0,105.0,0.0,LC4+,289.3214822599382,0.738550473580404,LC4+,433.98222338990735,0.31802633649833134,True
SOLID,3.0,105.5,0.0,LC4+,285.23338518454096,0.7634681847448113,LC4+,427.8500777768115,0.33691690082708026,True
SOLID,3.0,106.0,0.0,LC4+,281.22200199563986,0.7886224990596526,LC4+,421.8330029934599,0.35598683825330824,True
SOLID,3.0,106.5,0.0,LC4+,277.2855411438851,0.814014527858091,LC4+,415.9283117158277,0.3752369912986453,True
SOLID,3.0,107.0,0.0,LC4+,273.4222610606462,0.8396453823795735,LC4+,410.13339159096927,0.39466820241367273,True
SOLID,3.0,107.5,0.0,LC4+,269.63046853865444,0.8655161737698405,LC4+,404.4457028079816,0.4142813139779311,True
SOLID,3.0,108.0,0.0,LC4+,265.9085171723341,0.8916280130809349,LC4+,398.86277575850113,0.43407716829992693,True
SOLID,3.0,108.5,0.0,LC4+,262.2548058553574,0.9179820112712134,LC4+,393.38220878303605,0.45405660761714284,True
SOLID,3.0,109.0,0.0,LC4+,258.66777733307396,0.9445792792053542,LC4+,388.0016659996109,0.47422047409604073,True
SOLID,3.0,109.5,0.0,LC4+,255.1459168075678,0.9714209276543699,LC4+,382.71887521135176,0.49456960983207354,True
SOLID,3.0,110.0,0.0,LC4+,251.6877505932017,0.9985080672956137,LC4+,377.53162588980257,0.5151048568496899,True
SOLID,3.0,110.5,0.0,LC4+,248.29184482059978,1.025841808712793,LC4+,372.4377672308997,0.5358270571023427,True
SOLID,3.0,111.0,0.0,LC4+,244.95680418711598,1.053423262395976,LC4+,367.4352062806739,0.5567370524724964,True
SOLID,3.0,111.5,0.0,LC4+,241.68127075191927,1.0812535387416053,LC4+,362.5219061278789,0.5778356847716346,True
SOLID,3.0,112.0,0.0,LC4+,238.4639227739127,1.1093337480525034,LC4+,357.69588416086907,0.5991237957402675,True
SOLID,3.0,112.5,0.0,LC4+,235.30347359077956,1.137665000537885,LC4+,352.9552103861694,0.620602227047939,True
SOLID,3.0,113.0,0.0,LC4+,232.1986705375268,1.166248406313367,LC4+,348.2980058062903,0.6422718202932347,True
SOLID,3.0,113.5,0.0,LC4+,229.14829390296694,1.1950850754009794,LC4+,343.72244085445044,0.6641334170037909,True
SOLID,3.0,114.0,0.0,LC4+,226.1511559226482,1.2241761177291708,LC4+,339.2267338839723,0.6861878586362962,True
SOLID,3.0,114.5,0.0,LC4+,223.20609980680504,1.2535226431328232,LC4+,334.8091497102075,0.7084359865765075,True
SOLID,3.0,115.0,0.0,LC4+,220.3119988019673,1.2831257613532596,LC4+,330.467998202951,0.7308786421392504,True
SOLID,3.0,115.5,0.0,LC4+,217.46775528492066,1.3129865820382536,LC4+,326.20163292738096,0.753516666568431,True
SOLID,3.0,116.0,0.0,LC4+,214.67229988776967,1.3431062147420398,LC4+,322.0084498316545,0.7763509010370402,True
SOLID,3.0,116.5,0.0,LC4+,211.92459065290723,1.373485768925324,LC4+,317.8868859793609,0.7993821866471635,True
SOLID,3.0,117.0,0.0,LC4+,209.22361221674535,1.4041263539552924,LC4+,313.83541832511804,0.8226113644299897,True
SOLID,3.0,117.5,0.0,LC4+,206.56837502111082,1.4350290791056208,LC4+,309.85256253166636,0.846039275345811,True
SOLID,3.0,118.0,0.0,LC4+,203.95791455125428,1.4661950535564872,LC4+,305.93687182688143,0.8696667602840433,True
SOLID,3.0,118.5,0.0,LC4+,201.39129059946828,1.4976253863945796,LC4+,302.08693589920244,0.8934946600632199,True
SOLID,3.0,119.0,0.0,LC4+,198.8675865533487,1.5293211866131036,LC4+,298.301379830023,0.9175238154310079,True
SOLID,3.0,119.5,0.0,LC4+,196.3859087077757,1.5612835631117976,LC4+,294.5788630616636,0.9417550670642123,True
SOLID,3.0,120.0,0.0,LC4+,193.94538559972952,1.5935136246969388,LC4+,290.91807839959426,0.9661892555687861,True
SOLID,3.0,120.5,0.0,LC4+,191.54516736509078,1.6260124800813536,LC4+,287.3177510476362,0.9908272214798333,True
SOLID,3.0,121.0,0.0,LC4+,189.18442511661223,1.658781237884427,LC4+,283.7766376749184,1.01566980526162,True
SOLID,3.0,121.5,0.0,LC4+,186.8623503422803,1.6918210066321153,LC4+,280.2935255134204,1.0407178473075818,True
SOLID,3.0,122.0,0.0,LC4+,184.57815432331827,1.7251328947569533,LC4+,276.86723148497737,1.065972187940328,True
SOLID,3.0,122.5,0.0,LC4+,182.33106757111224,1.7587180105980642,LC4+,273.49660135666835,1.0914336674116538,True
SOLID,3.0,123.0,0.0,LC4+,180.1203392823705,1.7925774624011699,LC4+,270.1805089235558,1.1171031259025432,True
SOLID,3.0,123.5,0.0,LC4+,177.94523681185476,1.8267123583186016,LC4+,266.91785521778206,1.1429814035231818,True
SOLID,3.0,124.0,0.0,LC4+,175.80504516204823,1.8611238064093096,LC4+,263.7075677430724,1.1690693403129555,True
SOLID,3.0,124.5,0.0,LC4+,173.69906648915125,1.8958129146388703,LC4+,260.54859973372686,1.1953677762404689,True
SOLID,3.0,125.0,0.0,LC4+,171.62661962481826,1.9307807908795,LC4+,257.43992943722736,1.2218775512035442,True
SOLID,3.0,125.5,0.0,LC4+,169.58703961307498,1.9660285429100637,LC4+,254.38055941961247,1.2485995050292331,True
SOLID,3.0,126.0,0.0,LC4+,167.5796772618754,2.0015572784160818,LC4+,251.36951589281313,1.2755344774738218,True
SOLID,3.0,126.5,0.0,LC4+,165.60389870877984,2.0373681049897434,LC4+,248.40584806316977,1.3026833082228402,True
SOLID,3.0,127.0,0.0,LC4+,163.659085000256,2.073462130129917,LC4+,245.48862750038398,1.3300468368910705,True
SOLID,3.0,127.5,0.0,LC4+,161.74463168412436,2.1098404612421566,LC4+,242.61694752618652,1.3576259030225493,True
SOLID,3.0,128.0,0.0,LC4+,159.8599484146869,2.146504205638713,LC4+,239.78992262203033,1.3854213460905815,True
SOLID,3.0,128.5,0.0,LC4+,158.0044585700978,2.183454470538544,LC4+,237.00668785514668,1.4134340054977432,True
SOLID,3.0,129.0,0.0,LC4+,156.17759888154995,2.220692363067325,LC4+,234.2663983223249,1.4416647205758917,True
SOLID,3.0,129.5,0.0,LC4+,154.37881907386884,2.25821899025746,LC4+,231.56822861080332,1.4701143305861715,True
SOLID,3.0,130.0,0.0,LC4+,152.60758151712048,2.2960354590480834,LC4+,228.91137227568072,1.4987836747190242,True
SOLID,3.0,130.5,0.0,LC4+,150.8633608888546,2.3341428762850818,LC4+,226.2950413332819,1.5276735920941906,True
SOLID,3.0,131.0,0.0,LC4+,149.14564384662,2.3725423487210966,LC4+,223.71846576993,1.5567849217607255,True
SOLID,3.0,131.5,0.0,LC4+,147.4539287104015,2.4112349830155324,LC4+,221.18089306560225,1.5861185026969973,True
SOLID,3.0,132.0,0.0,LC4+,145.7877251546412,2.450221885734574,LC4+,218.68158773196186,1.615675173810704,True
SOLID,3.0,132.5,0.0,LC4+,144.14655390952106,2.4895041633511865,LC4+,216.21983086428162,1.6454557739388713,True
SOLID,3.0,133.0,0.0,LC4+,142.52994647119294,2.529082922245133,LC4+,213.79491970678944,1.6754611418478675,True
SOLID,3.0,133.5,0.0,LC4+,140.93744482065728,2.568959268702983,LC4+,211.4061672309859,1.7056921162334082,True
SOLID,3.0,134.0,0.0,LC4+,139.36860115100018,2.609134308918119,LC4+,209.05290172650024,1.7361495357205623,True
SOLID,3.0,134.5,0.0,LC4+,137.82297760271064,2.6496091489907503,LC4+,206.73446640406593,1.7668342388637632,True
SOLID,3.0,135.0,0.0,LC4+,136.30014600680963,2.690384894927918,LC4+,204.45021901021445,1.7977470641468107,True
SOLID,3.0,135.5,0.0,LC4+,134.7996876355323,2.7314626526435104,LC4+,202.1995314532985,1.828888849982886,True
SOLID,3.0,136.0,0.0,LC4+,133.32119296031505,2.7728435279582677,LC4+,199.9817894404726,1.8602604347145513,True
SOLID,3.0,136.5,0.0,LC4+,131.86426141684655,2.814528626599795,LC4+,197.79639212526982,1.8918626566137613,True
SOLID,3.0,137.0,0.0,LC4+,130.42850117695252,2.8565190542025722,LC4+,195.64275176542878,1.9236963538818705,True
SOLID,3.0,137.5,0.0,LC4+,129.013528927091,2.898815916307962,LC4+,193.5202933906365,1.9557623646496407,True
SOLID,3.0,138.0,0.0,LC4+,127.61896965324335,2.941420318364219,LC4+,191.42845447986502,1.9880615269772477,True
SOLID,3.0,138.5,0.0,LC4+,126.24445643199404,2.9843333657265054,LC4+,189.3666846479911,2.020594678854289,True
SOLID,3.0,139.0,0.0,LC4+,124.88963022759988,3.027556163656892,LC4+,187.33444534139983,2.053362658199791,True
SOLID,3.0,139.5,0.0,LC4+,123.55413969485566,3.0710898173243733,LC4+,185.33120954228355,2.0863663028622144,True
SOLID,3.0,140.0,0.0,LC4+,122.23764098757097,3.114935431804878,LC4+,183.35646148135646,2.11960645061947,True
