journal_diameter_mm,ligament_mm,centerline_offset_above_boundary_mm,station_above_U_mm,level,case,support_span_mm,Fx_thrust_kN,My_kNm,Mz_kNm,RLy_kN,RRy_kN,RLz_kN,RRz_kN,RL_kN,RR_kN,Rmax_kN
22.0,5.0,16.0,514.780356685791,limit,LC0,120.0,0.0,-0.0,-0.0,-0.0,0.0,-3.726382978723404,-3.726382978723404,3.726382978723404,3.726382978723404,3.726382978723404
22.0,5.0,16.0,514.780356685791,limit,LC0,150.0,0.0,-0.0,-0.0,-0.0,0.0,-3.726382978723404,-3.726382978723404,3.726382978723404,3.726382978723404,3.726382978723404
22.0,5.0,16.0,514.780356685791,limit,LC0,180.0,0.0,-0.0,-0.0,-0.0,0.0,-3.726382978723404,-3.726382978723404,3.726382978723404,3.726382978723404,3.726382978723404
22.0,5.0,16.0,514.780356685791,limit,LC1,120.0,0.0,-0.0,-0.0,-0.0,0.0,-12.51,-12.51,12.51,12.51,12.51
22.0,5.0,16.0,514.780356685791,limit,LC1,150.0,0.0,-0.0,-0.0,-0.0,0.0,-12.51,-12.51,12.51,12.51,12.51
22.0,5.0,16.0,514.780356685791,limit,LC1,180.0,0.0,-0.0,-0.0,-0.0,0.0,-12.51,-12.51,12.51,12.51,12.51
22.0,5.0,16.0,514.780356685791,limit,LC2A,120.0,6.255,7.285701131069623,0.7505999999999999,6.255,-6.255,-73.22417609224686,48.20417609224686,73.49084969836977,48.60830811427552,73.49084969836977
22.0,5.0,16.0,514.780356685791,limit,LC2A,150.0,6.255,7.285701131069623,0.7505999999999999,5.004,-5.004,-61.08134087379749,36.06134087379749,61.285970816664424,36.40687190100542,61.285970816664424
22.0,5.0,16.0,514.780356685791,limit,LC2A,180.0,6.255,7.285701131069623,0.7505999999999999,4.17,-4.17,-52.98611739483124,27.966117394831244,53.14995330740035,28.275300566775282,53.14995330740035
22.0,5.0,16.0,514.780356685791,limit,LC2B,120.0,6.255,-7.285701131069623,-0.7505999999999999,-6.255,6.255,48.20417609224686,-73.22417609224686,48.60830811427552,73.49084969836977,73.49084969836977
22.0,5.0,16.0,514.780356685791,limit,LC2B,150.0,6.255,-7.285701131069623,-0.7505999999999999,-5.004,5.004,36.06134087379749,-61.08134087379749,36.40687190100542,61.285970816664424,61.285970816664424
22.0,5.0,16.0,514.780356685791,limit,LC2B,180.0,6.255,-7.285701131069623,-0.7505999999999999,-4.17,4.17,27.966117394831244,-52.98611739483124,28.275300566775282,53.14995330740035,53.14995330740035
22.0,5.0,16.0,514.780356685791,limit,LC3,120.0,0.0,-0.0,-0.0,-0.0,0.0,-12.51,-12.51,12.51,12.51,12.51
22.0,5.0,16.0,514.780356685791,limit,LC3,150.0,0.0,-0.0,-0.0,-0.0,0.0,-12.51,-12.51,12.51,12.51,12.51
22.0,5.0,16.0,514.780356685791,limit,LC3,180.0,0.0,-0.0,-0.0,-0.0,0.0,-12.51,-12.51,12.51,12.51,12.51
22.0,5.0,16.0,514.780356685791,limit,LC4+,120.0,0.0,-0.0,-0.0,-4.17,-4.17,-5.5461,-5.5461,6.938885012017421,6.938885012017421,6.938885012017421
22.0,5.0,16.0,514.780356685791,limit,LC4+,150.0,0.0,-0.0,-0.0,-4.17,-4.17,-5.5461,-5.5461,6.938885012017421,6.938885012017421,6.938885012017421
22.0,5.0,16.0,514.780356685791,limit,LC4+,180.0,0.0,-0.0,-0.0,-4.17,-4.17,-5.5461,-5.5461,6.938885012017421,6.938885012017421,6.938885012017421
22.0,5.0,16.0,514.780356685791,limit,LC4-,120.0,0.0,-0.0,-0.0,4.17,4.17,-5.5461,-5.5461,6.938885012017421,6.938885012017421,6.938885012017421
22.0,5.0,16.0,514.780356685791,limit,LC4-,150.0,0.0,-0.0,-0.0,4.17,4.17,-5.5461,-5.5461,6.938885012017421,6.938885012017421,6.938885012017421
22.0,5.0,16.0,514.780356685791,limit,LC4-,180.0,0.0,-0.0,-0.0,4.17,4.17,-5.5461,-5.5461,6.938885012017421,6.938885012017421,6.938885012017421
22.0,5.0,16.0,514.780356685791,limit,LC5,120.0,8.87376,10.335981337944107,1.0648512,8.87376,-8.87376,-91.6792778162009,80.5870778162009,92.10772821776546,81.07416806537098,92.10772821776546
22.0,5.0,16.0,514.780356685791,limit,LC5,150.0,8.87376,10.335981337944107,1.0648512,7.099008000000001,-7.099008000000001,-74.45264225296071,63.360442252960716,74.79031924675422,63.75689419250936,74.79031924675422
22.0,5.0,16.0,514.780356685791,limit,LC5,180.0,8.87376,10.335981337944107,1.0648512,5.915840000000001,-5.915840000000001,-62.96821854413393,51.87601854413393,63.2455034727957,52.21224437712793,63.2455034727957
22.0,5.0,16.0,514.780356685791,ultimate,LC0,120.0,0.0,-0.0,-0.0,-0.0,0.0,-5.589574468085106,-5.589574468085106,5.589574468085106,5.589574468085106,5.589574468085106
22.0,5.0,16.0,514.780356685791,ultimate,LC0,150.0,0.0,-0.0,-0.0,-0.0,0.0,-5.589574468085106,-5.589574468085106,5.589574468085106,5.589574468085106,5.589574468085106
22.0,5.0,16.0,514.780356685791,ultimate,LC0,180.0,0.0,-0.0,-0.0,-0.0,0.0,-5.589574468085106,-5.589574468085106,5.589574468085106,5.589574468085106,5.589574468085106
22.0,5.0,16.0,514.780356685791,ultimate,LC1,120.0,0.0,-0.0,-0.0,-0.0,0.0,-18.765,-18.765,18.765,18.765,18.765
22.0,5.0,16.0,514.780356685791,ultimate,LC1,150.0,0.0,-0.0,-0.0,-0.0,0.0,-18.765,-18.765,18.765,18.765,18.765
22.0,5.0,16.0,514.780356685791,ultimate,LC1,180.0,0.0,-0.0,-0.0,-0.0,0.0,-18.765,-18.765,18.765,18.765,18.765
22.0,5.0,16.0,514.780356685791,ultimate,LC2A,120.0,9.3825,10.928551696604435,1.1259,9.3825,-9.3825,-109.8362641383703,72.3062641383703,110.23627454755467,72.9124621714133,110.23627454755467
22.0,5.0,16.0,514.780356685791,ultimate,LC2A,150.0,9.3825,10.928551696604435,1.1259,7.505999999999999,-7.505999999999999,-91.62201131069624,54.092011310696236,91.92895622499664,54.61030785150812,91.92895622499664
22.0,5.0,16.0,514.780356685791,ultimate,LC2A,180.0,9.3825,10.928551696604435,1.1259,6.255,-6.255,-79.47917609224686,41.949176092246866,79.72492996110053,42.41295085016293,79.72492996110053
22.0,5.0,16.0,514.780356685791,ultimate,LC2B,120.0,9.3825,-10.928551696604435,-1.1259,-9.3825,9.3825,72.3062641383703,-109.8362641383703,72.9124621714133,110.23627454755467,110.23627454755467
22.0,5.0,16.0,514.780356685791,ultimate,LC2B,150.0,9.3825,-10.928551696604435,-1.1259,-7.505999999999999,7.505999999999999,54.092011310696236,-91.62201131069624,54.61030785150812,91.92895622499664,91.92895622499664
22.0,5.0,16.0,514.780356685791,ultimate,LC2B,180.0,9.3825,-10.928551696604435,-1.1259,-6.255,6.255,41.949176092246866,-79.47917609224686,42.41295085016293,79.72492996110053,79.72492996110053
22.0,5.0,16.0,514.780356685791,ultimate,LC3,120.0,0.0,-0.0,-0.0,-0.0,0.0,-18.765,-18.765,18.765,18.765,18.765
22.0,5.0,16.0,514.780356685791,ultimate,LC3,150.0,0.0,-0.0,-0.0,-0.0,0.0,-18.765,-18.765,18.765,18.765,18.765
22.0,5.0,16.0,514.780356685791,ultimate,LC3,180.0,0.0,-0.0,-0.0,-0.0,0.0,-18.765,-18.765,18.765,18.765,18.765
22.0,5.0,16.0,514.780356685791,ultimate,LC4+,120.0,0.0,-0.0,-0.0,-6.255,-6.255,-8.319150000000002,-8.319150000000002,10.408327518026132,10.408327518026132,10.408327518026132
22.0,5.0,16.0,514.780356685791,ultimate,LC4+,150.0,0.0,-0.0,-0.0,-6.255,-6.255,-8.319150000000002,-8.319150000000002,10.408327518026132,10.408327518026132,10.408327518026132
22.0,5.0,16.0,514.780356685791,ultimate,LC4+,180.0,0.0,-0.0,-0.0,-6.255,-6.255,-8.319150000000002,-8.319150000000002,10.408327518026132,10.408327518026132,10.408327518026132
22.0,5.0,16.0,514.780356685791,ultimate,LC4-,120.0,0.0,-0.0,-0.0,6.255,6.255,-8.319150000000002,-8.319150000000002,10.408327518026132,10.408327518026132,10.408327518026132
22.0,5.0,16.0,514.780356685791,ultimate,LC4-,150.0,0.0,-0.0,-0.0,6.255,6.255,-8.319150000000002,-8.319150000000002,10.408327518026132,10.408327518026132,10.408327518026132
22.0,5.0,16.0,514.780356685791,ultimate,LC4-,180.0,0.0,-0.0,-0.0,6.255,6.255,-8.319150000000002,-8.319150000000002,10.408327518026132,10.408327518026132,10.408327518026132
22.0,5.0,16.0,514.780356685791,ultimate,LC5,120.0,13.31064,15.503972006916158,1.5972768,13.31064,-13.31064,-137.51891672430133,120.88061672430132,138.16159232664816,121.61125209805644,138.16159232664816
22.0,5.0,16.0,514.780356685791,ultimate,LC5,150.0,13.31064,15.503972006916158,1.5972768,10.648512,-10.648512,-111.67896337944106,95.04066337944104,112.18547887013132,95.63534128876401,112.18547887013132
22.0,5.0,16.0,514.780356685791,ultimate,LC5,180.0,13.31064,15.503972006916158,1.5972768,8.87376,-8.87376,-94.45232781620089,77.81402781620088,94.86825520919353,78.31836656569187,94.86825520919353
22.0,10.0,21.0,519.780356685791,limit,LC0,120.0,0.0,-0.0,-0.0,-0.0,0.0,-3.726382978723404,-3.726382978723404,3.726382978723404,3.726382978723404,3.726382978723404
22.0,10.0,21.0,519.780356685791,limit,LC0,150.0,0.0,-0.0,-0.0,-0.0,0.0,-3.726382978723404,-3.726382978723404,3.726382978723404,3.726382978723404,3.726382978723404
22.0,10.0,21.0,519.780356685791,limit,LC0,180.0,0.0,-0.0,-0.0,-0.0,0.0,-3.726382978723404,-3.726382978723404,3.726382978723404,3.726382978723404,3.726382978723404
22.0,10.0,21.0,519.780356685791,limit,LC1,120.0,0.0,-0.0,-0.0,-0.0,0.0,-12.51,-12.51,12.51,12.51,12.51
22.0,10.0,21.0,519.780356685791,limit,LC1,150.0,0.0,-0.0,-0.0,-0.0,0.0,-12.51,-12.51,12.51,12.51,12.51
22.0,10.0,21.0,519.780356685791,limit,LC1,180.0,0.0,-0.0,-0.0,-0.0,0.0,-12.51,-12.51,12.51,12.51,12.51
22.0,10.0,21.0,519.780356685791,limit,LC2A,120.0,6.255,7.316976131069622,0.7505999999999999,6.255,-6.255,-73.48480109224685,48.46480109224686,73.75053231378797,48.866777772951764,73.75053231378797
22.0,10.0,21.0,519.780356685791,limit,LC2A,150.0,6.255,7.316976131069622,0.7505999999999999,5.004,-5.004,-61.28984087379748,36.269840873797484,61.49377700495731,36.61340428054445,61.49377700495731
22.0,10.0,21.0,519.780356685791,limit,LC2A,180.0,6.255,7.316976131069622,0.7505999999999999,4.17,-4.17,-53.15986739483123,28.139867394831235,53.32316946165185,28.44716219587968,53.32316946165185
22.0,10.0,21.0,519.780356685791,limit,LC2B,120.0,6.255,-7.316976131069622,-0.7505999999999999,-6.255,6.255,48.46480109224686,-73.48480109224685,48.866777772951764,73.75053231378797,73.75053231378797
22.0,10.0,21.0,519.780356685791,limit,LC2B,150.0,6.255,-7.316976131069622,-0.7505999999999999,-5.004,5.004,36.269840873797484,-61.28984087379748,36.61340428054445,61.49377700495731,61.49377700495731
22.0,10.0,21.0,519.780356685791,limit,LC2B,180.0,6.255,-7.316976131069622,-0.7505999999999999,-4.17,4.17,28.139867394831235,-53.15986739483123,28.44716219587968,53.32316946165185,53.32316946165185
22.0,10.0,21.0,519.780356685791,limit,LC3,120.0,0.0,-0.0,-0.0,-0.0,0.0,-12.51,-12.51,12.51,12.51,12.51
22.0,10.0,21.0,519.780356685791,limit,LC3,150.0,0.0,-0.0,-0.0,-0.0,0.0,-12.51,-12.51,12.51,12.51,12.51
22.0,10.0,21.0,519.780356685791,limit,LC3,180.0,0.0,-0.0,-0.0,-0.0,0.0,-12.51,-12.51,12.51,12.51,12.51
22.0,10.0,21.0,519.780356685791,limit,LC4+,120.0,0.0,-0.0,-0.0,-4.17,-4.17,-5.5461,-5.5461,6.938885012017421,6.938885012017421,6.938885012017421
22.0,10.0,21.0,519.780356685791,limit,LC4+,150.0,0.0,-0.0,-0.0,-4.17,-4.17,-5.5461,-5.5461,6.938885012017421,6.938885012017421,6.938885012017421
22.0,10.0,21.0,519.780356685791,limit,LC4+,180.0,0.0,-0.0,-0.0,-4.17,-4.17,-5.5461,-5.5461,6.938885012017421,6.938885012017421,6.938885012017421
22.0,10.0,21.0,519.780356685791,limit,LC4-,120.0,0.0,-0.0,-0.0,4.17,4.17,-5.5461,-5.5461,6.938885012017421,6.938885012017421,6.938885012017421
22.0,10.0,21.0,519.780356685791,limit,LC4-,150.0,0.0,-0.0,-0.0,4.17,4.17,-5.5461,-5.5461,6.938885012017421,6.938885012017421,6.938885012017421
22.0,10.0,21.0,519.780356685791,limit,LC4-,180.0,0.0,-0.0,-0.0,4.17,4.17,-5.5461,-5.5461,6.938885012017421,6.938885012017421,6.938885012017421
22.0,10.0,21.0,519.780356685791,limit,LC5,120.0,8.87376,10.380350137944106,1.0648512,8.87376,-8.87376,-92.04901781620089,80.9568178162009,92.47575518731853,81.44169673737859,92.47575518731853
22.0,10.0,21.0,519.780356685791,limit,LC5,150.0,8.87376,10.380350137944106,1.0648512,7.099008000000001,-7.099008000000001,-74.7484342529607,63.65623425296071,75.08478100023501,64.05085537174247,75.08478100023501
22.0,10.0,21.0,519.780356685791,limit,LC5,180.0,8.87376,10.380350137944106,1.0648512,5.915840000000001,-5.915840000000001,-63.21471187746726,52.122511877467254,63.49092030091232,52.457157827338634,63.49092030091232
22.0,10.0,21.0,519.780356685791,ultimate,LC0,120.0,0.0,-0.0,-0.0,-0.0,0.0,-5.589574468085106,-5.589574468085106,5.589574468085106,5.589574468085106,5.589574468085106
22.0,10.0,21.0,519.780356685791,ultimate,LC0,150.0,0.0,-0.0,-0.0,-0.0,0.0,-5.589574468085106,-5.589574468085106,5.589574468085106,5.589574468085106,5.589574468085106
22.0,10.0,21.0,519.780356685791,ultimate,LC0,180.0,0.0,-0.0,-0.0,-0.0,0.0,-5.589574468085106,-5.589574468085106,5.589574468085106,5.589574468085106,5.589574468085106
22.0,10.0,21.0,519.780356685791,ultimate,LC1,120.0,0.0,-0.0,-0.0,-0.0,0.0,-18.765,-18.765,18.765,18.765,18.765
22.0,10.0,21.0,519.780356685791,ultimate,LC1,150.0,0.0,-0.0,-0.0,-0.0,0.0,-18.765,-18.765,18.765,18.765,18.765
22.0,10.0,21.0,519.780356685791,ultimate,LC1,180.0,0.0,-0.0,-0.0,-0.0,0.0,-18.765,-18.765,18.765,18.765,18.765
22.0,10.0,21.0,519.780356685791,ultimate,LC2A,120.0,9.3825,10.975464196604435,1.1259,9.3825,-9.3825,-110.22720163837029,72.69720163837029,110.62579847068197,73.30016665942765,110.62579847068197
22.0,10.0,21.0,519.780356685791,ultimate,LC2A,150.0,9.3825,10.975464196604435,1.1259,7.505999999999999,-7.505999999999999,-91.93476131069623,54.40476131069623,92.24066550743598,54.92010642081668,92.24066550743598
22.0,10.0,21.0,519.780356685791,ultimate,LC2A,180.0,9.3825,10.975464196604435,1.1259,6.255,-6.255,-79.73980109224686,42.20980109224686,79.9847541924778,42.670743293819534,79.9847541924778
22.0,10.0,21.0,519.780356685791,ultimate,LC2B,120.0,9.3825,-10.975464196604435,-1.1259,-9.3825,9.3825,72.69720163837029,-110.22720163837029,73.30016665942765,110.62579847068197,110.62579847068197
22.0,10.0,21.0,519.780356685791,ultimate,LC2B,150.0,9.3825,-10.975464196604435,-1.1259,-7.505999999999999,7.505999999999999,54.40476131069623,-91.93476131069623,54.92010642081668,92.24066550743598,92.24066550743598
22.0,10.0,21.0,519.780356685791,ultimate,LC2B,180.0,9.3825,-10.975464196604435,-1.1259,-6.255,6.255,42.20980109224686,-79.73980109224686,42.670743293819534,79.9847541924778,79.9847541924778
22.0,10.0,21.0,519.780356685791,ultimate,LC3,120.0,0.0,-0.0,-0.0,-0.0,0.0,-18.765,-18.765,18.765,18.765,18.765
22.0,10.0,21.0,519.780356685791,ultimate,LC3,150.0,0.0,-0.0,-0.0,-0.0,0.0,-18.765,-18.765,18.765,18.765,18.765
22.0,10.0,21.0,519.780356685791,ultimate,LC3,180.0,0.0,-0.0,-0.0,-0.0,0.0,-18.765,-18.765,18.765,18.765,18.765
22.0,10.0,21.0,519.780356685791,ultimate,LC4+,120.0,0.0,-0.0,-0.0,-6.255,-6.255,-8.319150000000002,-8.319150000000002,10.408327518026132,10.408327518026132,10.408327518026132
22.0,10.0,21.0,519.780356685791,ultimate,LC4+,150.0,0.0,-0.0,-0.0,-6.255,-6.255,-8.319150000000002,-8.319150000000002,10.408327518026132,10.408327518026132,10.408327518026132
22.0,10.0,21.0,519.780356685791,ultimate,LC4+,180.0,0.0,-0.0,-0.0,-6.255,-6.255,-8.319150000000002,-8.319150000000002,10.408327518026132,10.408327518026132,10.408327518026132
22.0,10.0,21.0,519.780356685791,ultimate,LC4-,120.0,0.0,-0.0,-0.0,6.255,6.255,-8.319150000000002,-8.319150000000002,10.408327518026132,10.408327518026132,10.408327518026132
22.0,10.0,21.0,519.780356685791,ultimate,LC4-,150.0,0.0,-0.0,-0.0,6.255,6.255,-8.319150000000002,-8.319150000000002,10.408327518026132,10.408327518026132,10.408327518026132
22.0,10.0,21.0,519.780356685791,ultimate,LC4-,180.0,0.0,-0.0,-0.0,6.255,6.255,-8.319150000000002,-8.319150000000002,10.408327518026132,10.408327518026132,10.408327518026132
22.0,10.0,21.0,519.780356685791,ultimate,LC5,120.0,13.31064,15.570525206916155,1.5972768,13.31064,-13.31064,-138.0735267243013,121.43522672430129,138.71363278097775,122.16254510606784,138.71363278097775
22.0,10.0,21.0,519.780356685791,ultimate,LC5,150.0,13.31064,15.570525206916155,1.5972768,10.648512,-10.648512,-112.12265137944105,95.48435137944104,112.62717150035252,96.0762830576137,112.62717150035252
22.0,10.0,21.0,519.780356685791,ultimate,LC5,180.0,13.31064,15.570525206916155,1.5972768,8.87376,-8.87376,-94.82206781620087,78.18376781620086,95.23638045136846,78.68573674100793,95.23638045136846
22.0,15.0,26.0,524.780356685791,limit,LC0,120.0,0.0,-0.0,-0.0,-0.0,0.0,-3.726382978723404,-3.726382978723404,3.726382978723404,3.726382978723404,3.726382978723404
22.0,15.0,26.0,524.780356685791,limit,LC0,150.0,0.0,-0.0,-0.0,-0.0,0.0,-3.726382978723404,-3.726382978723404,3.726382978723404,3.726382978723404,3.726382978723404
22.0,15.0,26.0,524.780356685791,limit,LC0,180.0,0.0,-0.0,-0.0,-0.0,0.0,-3.726382978723404,-3.726382978723404,3.726382978723404,3.726382978723404,3.726382978723404
22.0,15.0,26.0,524.780356685791,limit,LC1,120.0,0.0,-0.0,-0.0,-0.0,0.0,-12.51,-12.51,12.51,12.51,12.51
22.0,15.0,26.0,524.780356685791,limit,LC1,150.0,0.0,-0.0,-0.0,-0.0,0.0,-12.51,-12.51,12.51,12.51,12.51
22.0,15.0,26.0,524.780356685791,limit,LC1,180.0,0.0,-0.0,-0.0,-0.0,0.0,-12.51,-12.51,12.51,12.51,12.51
22.0,15.0,26.0,524.780356685791,limit,LC2A,120.0,6.255,7.348251131069623,0.7505999999999999,6.255,-6.255,-73.74542609224686,48.72542609224686,74.01022155437074,49.12527020659542,74.01022155437074
22.0,15.0,26.0,524.780356685791,limit,LC2A,150.0,6.255,7.348251131069623,0.7505999999999999,5.004,-5.004,-61.49834087379749,36.47834087379749,61.701587874460664,36.81995883899064,61.701587874460664
22.0,15.0,26.0,524.780356685791,limit,LC2A,180.0,6.255,7.348251131069623,0.7505999999999999,4.17,-4.17,-53.333617394831236,28.31361739483124,53.49638907831299,28.61904662948943,53.49638907831299
22.0,15.0,26.0,524.780356685791,limit,LC2B,120.0,6.255,-7.348251131069623,-0.7505999999999999,-6.255,6.255,48.72542609224686,-73.74542609224686,49.12527020659542,74.01022155437074,74.01022155437074
22.0,15.0,26.0,524.780356685791,limit,LC2B,150.0,6.255,-7.348251131069623,-0.7505999999999999,-5.004,5.004,36.47834087379749,-61.49834087379749,36.81995883899064,61.701587874460664,61.701587874460664
22.0,15.0,26.0,524.780356685791,limit,LC2B,180.0,6.255,-7.348251131069623,-0.7505999999999999,-4.17,4.17,28.31361739483124,-53.333617394831236,28.61904662948943,53.49638907831299,53.49638907831299
22.0,15.0,26.0,524.780356685791,limit,LC3,120.0,0.0,-0.0,-0.0,-0.0,0.0,-12.51,-12.51,12.51,12.51,12.51
22.0,15.0,26.0,524.780356685791,limit,LC3,150.0,0.0,-0.0,-0.0,-0.0,0.0,-12.51,-12.51,12.51,12.51,12.51
22.0,15.0,26.0,524.780356685791,limit,LC3,180.0,0.0,-0.0,-0.0,-0.0,0.0,-12.51,-12.51,12.51,12.51,12.51
22.0,15.0,26.0,524.780356685791,limit,LC4+,120.0,0.0,-0.0,-0.0,-4.17,-4.17,-5.5461,-5.5461,6.938885012017421,6.938885012017421,6.938885012017421
22.0,15.0,26.0,524.780356685791,limit,LC4+,150.0,0.0,-0.0,-0.0,-4.17,-4.17,-5.5461,-5.5461,6.938885012017421,6.938885012017421,6.938885012017421
22.0,15.0,26.0,524.780356685791,limit,LC4+,180.0,0.0,-0.0,-0.0,-4.17,-4.17,-5.5461,-5.5461,6.938885012017421,6.938885012017421,6.938885012017421
22.0,15.0,26.0,524.780356685791,limit,LC4-,120.0,0.0,-0.0,-0.0,4.17,4.17,-5.5461,-5.5461,6.938885012017421,6.938885012017421,6.938885012017421
22.0,15.0,26.0,524.780356685791,limit,LC4-,150.0,0.0,-0.0,-0.0,4.17,4.17,-5.5461,-5.5461,6.938885012017421,6.938885012017421,6.938885012017421
22.0,15.0,26.0,524.780356685791,limit,LC4-,180.0,0.0,-0.0,-0.0,4.17,4.17,-5.5461,-5.5461,6.938885012017421,6.938885012017421,6.938885012017421
22.0,15.0,26.0,524.780356685791,limit,LC5,120.0,8.87376,10.424718937944107,1.0648512,8.87376,-8.87376,-92.4187578162009,81.3265578162009,92.84379576916916,81.80924533797796,92.84379576916916
22.0,15.0,26.0,524.780356685791,limit,LC5,150.0,8.87376,10.424718937944107,1.0648512,7.099008000000001,-7.099008000000001,-75.04422625296071,63.952026252960714,75.37925317015035,64.34483333138287,75.37925317015035
22.0,15.0,26.0,524.780356685791,limit,LC5,180.0,8.87376,10.424718937944107,1.0648512,5.915840000000001,-5.915840000000001,-63.4612052108006,52.369005210800594,63.736345437379335,52.70208600875738,63.736345437379335
22.0,15.0,26.0,524.780356685791,ultimate,LC0,120.0,0.0,-0.0,-0.0,-0.0,0.0,-5.589574468085106,-5.589574468085106,5.589574468085106,5.589574468085106,5.589574468085106
22.0,15.0,26.0,524.780356685791,ultimate,LC0,150.0,0.0,-0.0,-0.0,-0.0,0.0,-5.589574468085106,-5.589574468085106,5.589574468085106,5.589574468085106,5.589574468085106
22.0,15.0,26.0,524.780356685791,ultimate,LC0,180.0,0.0,-0.0,-0.0,-0.0,0.0,-5.589574468085106,-5.589574468085106,5.589574468085106,5.589574468085106,5.589574468085106
22.0,15.0,26.0,524.780356685791,ultimate,LC1,120.0,0.0,-0.0,-0.0,-0.0,0.0,-18.765,-18.765,18.765,18.765,18.765
22.0,15.0,26.0,524.780356685791,ultimate,LC1,150.0,0.0,-0.0,-0.0,-0.0,0.0,-18.765,-18.765,18.765,18.765,18.765
22.0,15.0,26.0,524.780356685791,ultimate,LC1,180.0,0.0,-0.0,-0.0,-0.0,0.0,-18.765,-18.765,18.765,18.765,18.765
22.0,15.0,26.0,524.780356685791,ultimate,LC2A,120.0,9.3825,11.022376696604434,1.1259,9.3825,-9.3825,-110.61813913837028,73.08813913837028,111.01533233155611,73.68790530989311,111.01533233155611
22.0,15.0,26.0,524.780356685791,ultimate,LC2A,150.0,9.3825,11.022376696604434,1.1259,7.505999999999999,-7.505999999999999,-92.24751131069623,54.717511310696224,92.55238181169098,55.229938258485944,92.55238181169098
22.0,15.0,26.0,524.780356685791,ultimate,LC2A,180.0,9.3825,11.022376696604434,1.1259,6.255,-6.255,-80.00042609224687,42.47042609224686,80.2445836174695,42.92856994423414,80.2445836174695
22.0,15.0,26.0,524.780356685791,ultimate,LC2B,120.0,9.3825,-11.022376696604434,-1.1259,-9.3825,9.3825,73.08813913837028,-110.61813913837028,73.68790530989311,111.01533233155611,111.01533233155611
22.0,15.0,26.0,524.780356685791,ultimate,LC2B,150.0,9.3825,-11.022376696604434,-1.1259,-7.505999999999999,7.505999999999999,54.717511310696224,-92.24751131069623,55.229938258485944,92.55238181169098,92.55238181169098
22.0,15.0,26.0,524.780356685791,ultimate,LC2B,180.0,9.3825,-11.022376696604434,-1.1259,-6.255,6.255,42.47042609224686,-80.00042609224687,42.92856994423414,80.2445836174695,80.2445836174695
22.0,15.0,26.0,524.780356685791,ultimate,LC3,120.0,0.0,-0.0,-0.0,-0.0,0.0,-18.765,-18.765,18.765,18.765,18.765
22.0,15.0,26.0,524.780356685791,ultimate,LC3,150.0,0.0,-0.0,-0.0,-0.0,0.0,-18.765,-18.765,18.765,18.765,18.765
22.0,15.0,26.0,524.780356685791,ultimate,LC3,180.0,0.0,-0.0,-0.0,-0.0,0.0,-18.765,-18.765,18.765,18.765,18.765
22.0,15.0,26.0,524.780356685791,ultimate,LC4+,120.0,0.0,-0.0,-0.0,-6.255,-6.255,-8.319150000000002,-8.319150000000002,10.408327518026132,10.408327518026132,10.408327518026132
22.0,15.0,26.0,524.780356685791,ultimate,LC4+,150.0,0.0,-0.0,-0.0,-6.255,-6.255,-8.319150000000002,-8.319150000000002,10.408327518026132,10.408327518026132,10.408327518026132
22.0,15.0,26.0,524.780356685791,ultimate,LC4+,180.0,0.0,-0.0,-0.0,-6.255,-6.255,-8.319150000000002,-8.319150000000002,10.408327518026132,10.408327518026132,10.408327518026132
22.0,15.0,26.0,524.780356685791,ultimate,LC4-,120.0,0.0,-0.0,-0.0,6.255,6.255,-8.319150000000002,-8.319150000000002,10.408327518026132,10.408327518026132,10.408327518026132
22.0,15.0,26.0,524.780356685791,ultimate,LC4-,150.0,0.0,-0.0,-0.0,6.255,6.255,-8.319150000000002,-8.319150000000002,10.408327518026132,10.408327518026132,10.408327518026132
22.0,15.0,26.0,524.780356685791,ultimate,LC4-,180.0,0.0,-0.0,-0.0,6.255,6.255,-8.319150000000002,-8.319150000000002,10.408327518026132,10.408327518026132,10.408327518026132
22.0,15.0,26.0,524.780356685791,ultimate,LC5,120.0,13.31064,15.637078406916157,1.5972768,13.31064,-13.31064,-138.62813672430133,121.98983672430131,139.26569365375374,122.71386800696689,139.26569365375374
22.0,15.0,26.0,524.780356685791,ultimate,LC5,150.0,13.31064,15.637078406916157,1.5972768,10.648512,-10.648512,-112.56633937944106,95.92803937944105,113.06887975522552,96.51724999707429,113.06887975522552
22.0,15.0,26.0,524.780356685791,ultimate,LC5,180.0,13.31064,15.637078406916157,1.5972768,8.87376,-8.87376,-95.19180781620088,78.55350781620086,95.60451815606898,79.05312901313603,95.60451815606898
22.0,20.0,31.0,529.780356685791,limit,LC0,120.0,0.0,-0.0,-0.0,-0.0,0.0,-3.726382978723404,-3.726382978723404,3.726382978723404,3.726382978723404,3.726382978723404
22.0,20.0,31.0,529.780356685791,limit,LC0,150.0,0.0,-0.0,-0.0,-0.0,0.0,-3.726382978723404,-3.726382978723404,3.726382978723404,3.726382978723404,3.726382978723404
22.0,20.0,31.0,529.780356685791,limit,LC0,180.0,0.0,-0.0,-0.0,-0.0,0.0,-3.726382978723404,-3.726382978723404,3.726382978723404,3.726382978723404,3.726382978723404
22.0,20.0,31.0,529.780356685791,limit,LC1,120.0,0.0,-0.0,-0.0,-0.0,0.0,-12.51,-12.51,12.51,12.51,12.51
22.0,20.0,31.0,529.780356685791,limit,LC1,150.0,0.0,-0.0,-0.0,-0.0,0.0,-12.51,-12.51,12.51,12.51,12.51
22.0,20.0,31.0,529.780356685791,limit,LC1,180.0,0.0,-0.0,-0.0,-0.0,0.0,-12.51,-12.51,12.51,12.51,12.51
22.0,20.0,31.0,529.780356685791,limit,LC2A,120.0,6.255,7.379526131069622,0.7505999999999999,6.255,-6.255,-74.00605109224685,48.98605109224685,74.2699173506222,49.38378505756945,74.2699173506222
22.0,20.0,31.0,529.780356685791,limit,LC2A,150.0,6.255,7.379526131069622,0.7505999999999999,5.004,-5.004,-61.70684087379748,36.686840873797486,61.90940337803429,37.026535205165196,61.90940337803429
22.0,20.0,31.0,529.780356685791,limit,LC2A,180.0,6.255,7.379526131069622,0.7505999999999999,4.17,-4.17,-53.507367394831235,28.48736739483124,53.669612123858776,28.790953459170016,53.669612123858776
22.0,20.0,31.0,529.780356685791,limit,LC2B,120.0,6.255,-7.379526131069622,-0.7505999999999999,-6.255,6.255,48.98605109224685,-74.00605109224685,49.38378505756945,74.2699173506222,74.2699173506222
22.0,20.0,31.0,529.780356685791,limit,LC2B,150.0,6.255,-7.379526131069622,-0.7505999999999999,-5.004,5.004,36.686840873797486,-61.70684087379748,37.026535205165196,61.90940337803429,61.90940337803429
22.0,20.0,31.0,529.780356685791,limit,LC2B,180.0,6.255,-7.379526131069622,-0.7505999999999999,-4.17,4.17,28.48736739483124,-53.507367394831235,28.790953459170016,53.669612123858776,53.669612123858776
22.0,20.0,31.0,529.780356685791,limit,LC3,120.0,0.0,-0.0,-0.0,-0.0,0.0,-12.51,-12.51,12.51,12.51,12.51
22.0,20.0,31.0,529.780356685791,limit,LC3,150.0,0.0,-0.0,-0.0,-0.0,0.0,-12.51,-12.51,12.51,12.51,12.51
22.0,20.0,31.0,529.780356685791,limit,LC3,180.0,0.0,-0.0,-0.0,-0.0,0.0,-12.51,-12.51,12.51,12.51,12.51
22.0,20.0,31.0,529.780356685791,limit,LC4+,120.0,0.0,-0.0,-0.0,-4.17,-4.17,-5.5461,-5.5461,6.938885012017421,6.938885012017421,6.938885012017421
22.0,20.0,31.0,529.780356685791,limit,LC4+,150.0,0.0,-0.0,-0.0,-4.17,-4.17,-5.5461,-5.5461,6.938885012017421,6.938885012017421,6.938885012017421
22.0,20.0,31.0,529.780356685791,limit,LC4+,180.0,0.0,-0.0,-0.0,-4.17,-4.17,-5.5461,-5.5461,6.938885012017421,6.938885012017421,6.938885012017421
22.0,20.0,31.0,529.780356685791,limit,LC4-,120.0,0.0,-0.0,-0.0,4.17,4.17,-5.5461,-5.5461,6.938885012017421,6.938885012017421,6.938885012017421
22.0,20.0,31.0,529.780356685791,limit,LC4-,150.0,0.0,-0.0,-0.0,4.17,4.17,-5.5461,-5.5461,6.938885012017421,6.938885012017421,6.938885012017421
22.0,20.0,31.0,529.780356685791,limit,LC4-,180.0,0.0,-0.0,-0.0,4.17,4.17,-5.5461,-5.5461,6.938885012017421,6.938885012017421,6.938885012017421
22.0,20.0,31.0,529.780356685791,limit,LC5,120.0,8.87376,10.469087737944106,1.0648512,8.87376,-8.87376,-92.78849781620089,81.6962978162009,93.21184980207569,82.17681359976785,93.21184980207569
22.0,20.0,31.0,529.780356685791,limit,LC5,150.0,8.87376,10.469087737944106,1.0648512,7.099008000000001,-7.099008000000001,-75.3400182529607,64.24781825296071,75.67373563489856,64.63882784247821,75.67373563489856
22.0,20.0,31.0,529.780356685791,limit,LC5,180.0,8.87376,10.469087737944106,1.0648512,5.915840000000001,-5.915840000000001,-63.707698544133926,52.61549854413392,63.981778786587704,52.9470287169484,63.981778786587704
22.0,20.0,31.0,529.780356685791,ultimate,LC0,120.0,0.0,-0.0,-0.0,-0.0,0.0,-5.589574468085106,-5.589574468085106,5.589574468085106,5.589574468085106,5.589574468085106
22.0,20.0,31.0,529.780356685791,ultimate,LC0,150.0,0.0,-0.0,-0.0,-0.0,0.0,-5.589574468085106,-5.589574468085106,5.589574468085106,5.589574468085106,5.589574468085106
22.0,20.0,31.0,529.780356685791,ultimate,LC0,180.0,0.0,-0.0,-0.0,-0.0,0.0,-5.589574468085106,-5.589574468085106,5.589574468085106,5.589574468085106,5.589574468085106
22.0,20.0,31.0,529.780356685791,ultimate,LC1,120.0,0.0,-0.0,-0.0,-0.0,0.0,-18.765,-18.765,18.765,18.765,18.765
22.0,20.0,31.0,529.780356685791,ultimate,LC1,150.0,0.0,-0.0,-0.0,-0.0,0.0,-18.765,-18.765,18.765,18.765,18.765
22.0,20.0,31.0,529.780356685791,ultimate,LC1,180.0,0.0,-0.0,-0.0,-0.0,0.0,-18.765,-18.765,18.765,18.765,18.765
22.0,20.0,31.0,529.780356685791,ultimate,LC2A,120.0,9.3825,11.069289196604434,1.1259,9.3825,-9.3825,-111.00907663837029,73.47907663837029,111.4048760259333,74.07567758635417,111.4048760259333
22.0,20.0,31.0,529.780356685791,ultimate,LC2A,150.0,9.3825,11.069289196604434,1.1259,7.505999999999999,-7.505999999999999,-92.56026131069623,55.03026131069623,92.86410506705144,55.539802807747805,92.86410506705144
22.0,20.0,31.0,529.780356685791,ultimate,LC2A,180.0,9.3825,11.069289196604434,1.1259,6.255,-6.255,-80.26105109224686,42.73105109224686,80.50441818578817,43.186430188755025,80.50441818578817
22.0,20.0,31.0,529.780356685791,ultimate,LC2B,120.0,9.3825,-11.069289196604434,-1.1259,-9.3825,9.3825,73.47907663837029,-111.00907663837029,74.07567758635417,111.4048760259333,111.4048760259333
22.0,20.0,31.0,529.780356685791,ultimate,LC2B,150.0,9.3825,-11.069289196604434,-1.1259,-7.505999999999999,7.505999999999999,55.03026131069623,-92.56026131069623,55.539802807747805,92.86410506705144,92.86410506705144
22.0,20.0,31.0,529.780356685791,ultimate,LC2B,180.0,9.3825,-11.069289196604434,-1.1259,-6.255,6.255,42.73105109224686,-80.26105109224686,43.186430188755025,80.50441818578817,80.50441818578817
22.0,20.0,31.0,529.780356685791,ultimate,LC3,120.0,0.0,-0.0,-0.0,-0.0,0.0,-18.765,-18.765,18.765,18.765,18.765
22.0,20.0,31.0,529.780356685791,ultimate,LC3,150.0,0.0,-0.0,-0.0,-0.0,0.0,-18.765,-18.765,18.765,18.765,18.765
22.0,20.0,31.0,529.780356685791,ultimate,LC3,180.0,0.0,-0.0,-0.0,-0.0,0.0,-18.765,-18.765,18.765,18.765,18.765
22.0,20.0,31.0,529.780356685791,ultimate,LC4+,120.0,0.0,-0.0,-0.0,-6.255,-6.255,-8.319150000000002,-8.319150000000002,10.408327518026132,10.408327518026132,10.408327518026132
22.0,20.0,31.0,529.780356685791,ultimate,LC4+,150.0,0.0,-0.0,-0.0,-6.255,-6.255,-8.319150000000002,-8.319150000000002,10.408327518026132,10.408327518026132,10.408327518026132
22.0,20.0,31.0,529.780356685791,ultimate,LC4+,180.0,0.0,-0.0,-0.0,-6.255,-6.255,-8.319150000000002,-8.319150000000002,10.408327518026132,10.408327518026132,10.408327518026132
22.0,20.0,31.0,529.780356685791,ultimate,LC4-,120.0,0.0,-0.0,-0.0,6.255,6.255,-8.319150000000002,-8.319150000000002,10.408327518026132,10.408327518026132,10.408327518026132
22.0,20.0,31.0,529.780356685791,ultimate,LC4-,150.0,0.0,-0.0,-0.0,6.255,6.255,-8.319150000000002,-8.319150000000002,10.408327518026132,10.408327518026132,10.408327518026132
22.0,20.0,31.0,529.780356685791,ultimate,LC4-,180.0,0.0,-0.0,-0.0,6.255,6.255,-8.319150000000002,-8.319150000000002,10.408327518026132,10.408327518026132,10.408327518026132
22.0,20.0,31.0,529.780356685791,ultimate,LC5,120.0,13.31064,15.703631606916156,1.5972768,13.31064,-13.31064,-139.18274672430132,122.54444672430131,139.8177747031135,123.26522039965175,139.8177747031135
22.0,20.0,31.0,529.780356685791,ultimate,LC5,150.0,13.31064,15.703631606916156,1.5972768,10.648512,-10.648512,-113.01002737944106,96.37172737944104,113.51060345234784,96.95824176371728,113.51060345234784
22.0,20.0,31.0,529.780356685791,ultimate,LC5,180.0,13.31064,15.703631606916156,1.5972768,8.87376,-8.87376,-95.56154781620087,78.92324781620086,95.97266817988154,79.42054307542257,95.97266817988154
24.0,5.0,17.0,515.780356685791,limit,LC0,120.0,0.0,-0.0,-0.0,-0.0,0.0,-3.726382978723404,-3.726382978723404,3.726382978723404,3.726382978723404,3.726382978723404
24.0,5.0,17.0,515.780356685791,limit,LC0,150.0,0.0,-0.0,-0.0,-0.0,0.0,-3.726382978723404,-3.726382978723404,3.726382978723404,3.726382978723404,3.726382978723404
24.0,5.0,17.0,515.780356685791,limit,LC0,180.0,0.0,-0.0,-0.0,-0.0,0.0,-3.726382978723404,-3.726382978723404,3.726382978723404,3.726382978723404,3.726382978723404
24.0,5.0,17.0,515.780356685791,limit,LC1,120.0,0.0,-0.0,-0.0,-0.0,0.0,-12.51,-12.51,12.51,12.51,12.51
24.0,5.0,17.0,515.780356685791,limit,LC1,150.0,0.0,-0.0,-0.0,-0.0,0.0,-12.51,-12.51,12.51,12.51,12.51
24.0,5.0,17.0,515.780356685791,limit,LC1,180.0,0.0,-0.0,-0.0,-0.0,0.0,-12.51,-12.51,12.51,12.51,12.51
24.0,5.0,17.0,515.780356685791,limit,LC2A,120.0,6.255,7.291956131069623,0.7505999999999999,6.255,-6.255,-73.27630109224685,48.25630109224686,73.54278568807152,48.660000206592535,73.54278568807152
24.0,5.0,17.0,515.780356685791,limit,LC2A,150.0,6.255,7.291956131069623,0.7505999999999999,5.004,-5.004,-61.123040873797486,36.10304087379749,61.327531677542005,36.44817658450272,61.327531677542005
24.0,5.0,17.0,515.780356685791,limit,LC2A,180.0,6.255,7.291956131069623,0.7505999999999999,4.17,-4.17,-53.020867394831235,28.00086739483124,53.18459625963403,28.309671048299435,53.18459625963403
24.0,5.0,17.0,515.780356685791,limit,LC2B,120.0,6.255,-7.291956131069623,-0.7505999999999999,-6.255,6.255,48.25630109224686,-73.27630109224685,48.660000206592535,73.54278568807152,73.54278568807152
24.0,5.0,17.0,515.780356685791,limit,LC2B,150.0,6.255,-7.291956131069623,-0.7505999999999999,-5.004,5.004,36.10304087379749,-61.123040873797486,36.44817658450272,61.327531677542005,61.327531677542005
24.0,5.0,17.0,515.780356685791,limit,LC2B,180.0,6.255,-7.291956131069623,-0.7505999999999999,-4.17,4.17,28.00086739483124,-53.020867394831235,28.309671048299435,53.18459625963403,53.18459625963403
24.0,5.0,17.0,515.780356685791,limit,LC3,120.0,0.0,-0.0,-0.0,-0.0,0.0,-12.51,-12.51,12.51,12.51,12.51
24.0,5.0,17.0,515.780356685791,limit,LC3,150.0,0.0,-0.0,-0.0,-0.0,0.0,-12.51,-12.51,12.51,12.51,12.51
24.0,5.0,17.0,515.780356685791,limit,LC3,180.0,0.0,-0.0,-0.0,-0.0,0.0,-12.51,-12.51,12.51,12.51,12.51
24.0,5.0,17.0,515.780356685791,limit,LC4+,120.0,0.0,-0.0,-0.0,-4.17,-4.17,-5.5461,-5.5461,6.938885012017421,6.938885012017421,6.938885012017421
24.0,5.0,17.0,515.780356685791,limit,LC4+,150.0,0.0,-0.0,-0.0,-4.17,-4.17,-5.5461,-5.5461,6.938885012017421,6.938885012017421,6.938885012017421
24.0,5.0,17.0,515.780356685791,limit,LC4+,180.0,0.0,-0.0,-0.0,-4.17,-4.17,-5.5461,-5.5461,6.938885012017421,6.938885012017421,6.938885012017421
24.0,5.0,17.0,515.780356685791,limit,LC4-,120.0,0.0,-0.0,-0.0,4.17,4.17,-5.5461,-5.5461,6.938885012017421,6.938885012017421,6.938885012017421
24.0,5.0,17.0,515.780356685791,limit,LC4-,150.0,0.0,-0.0,-0.0,4.17,4.17,-5.5461,-5.5461,6.938885012017421,6.938885012017421,6.938885012017421
24.0,5.0,17.0,515.780356685791,limit,LC4-,180.0,0.0,-0.0,-0.0,4.17,4.17,-5.5461,-5.5461,6.938885012017421,6.938885012017421,6.938885012017421
24.0,5.0,17.0,515.780356685791,limit,LC5,120.0,8.87376,10.344855097944105,1.0648512,8.87376,-8.87376,-91.75322581620088,80.66102581620089,92.18133251486633,81.1476721924876,92.18133251486633
24.0,5.0,17.0,515.780356685791,limit,LC5,150.0,8.87376,10.344855097944105,1.0648512,7.099008000000001,-7.099008000000001,-74.5118006529607,63.4196006529607,74.84921075823458,63.81568507479237,74.84921075823458
24.0,5.0,17.0,515.780356685791,limit,LC5,180.0,8.87376,10.344855097944105,1.0648512,5.915840000000001,-5.915840000000001,-63.01751721080059,51.925317210800586,63.29458616911204,52.261225878732155,63.29458616911204
24.0,5.0,17.0,515.780356685791,ultimate,LC0,120.0,0.0,-0.0,-0.0,-0.0,0.0,-5.589574468085106,-5.589574468085106,5.589574468085106,5.589574468085106,5.589574468085106
24.0,5.0,17.0,515.780356685791,ultimate,LC0,150.0,0.0,-0.0,-0.0,-0.0,0.0,-5.589574468085106,-5.589574468085106,5.589574468085106,5.589574468085106,5.589574468085106
24.0,5.0,17.0,515.780356685791,ultimate,LC0,180.0,0.0,-0.0,-0.0,-0.0,0.0,-5.589574468085106,-5.589574468085106,5.589574468085106,5.589574468085106,5.589574468085106
24.0,5.0,17.0,515.780356685791,ultimate,LC1,120.0,0.0,-0.0,-0.0,-0.0,0.0,-18.765,-18.765,18.765,18.765,18.765
24.0,5.0,17.0,515.780356685791,ultimate,LC1,150.0,0.0,-0.0,-0.0,-0.0,0.0,-18.765,-18.765,18.765,18.765,18.765
24.0,5.0,17.0,515.780356685791,ultimate,LC1,180.0,0.0,-0.0,-0.0,-0.0,0.0,-18.765,-18.765,18.765,18.765,18.765
24.0,5.0,17.0,515.780356685791,ultimate,LC2A,120.0,9.3825,10.937934196604434,1.1259,9.3825,-9.3825,-109.9144516383703,72.3844516383703,110.31417853210729,72.9900003098888,110.31417853210729
24.0,5.0,17.0,515.780356685791,ultimate,LC2A,150.0,9.3825,10.937934196604434,1.1259,7.505999999999999,-7.505999999999999,-91.68456131069624,54.15456131069624,91.99129751631301,54.67226487675408,91.99129751631301
24.0,5.0,17.0,515.780356685791,ultimate,LC2A,180.0,9.3825,10.937934196604434,1.1259,6.255,-6.255,-79.53130109224686,42.00130109224686,79.77689438945106,42.46450657244915,79.77689438945106
24.0,5.0,17.0,515.780356685791,ultimate,LC2B,120.0,9.3825,-10.937934196604434,-1.1259,-9.3825,9.3825,72.3844516383703,-109.9144516383703,72.9900003098888,110.31417853210729,110.31417853210729
24.0,5.0,17.0,515.780356685791,ultimate,LC2B,150.0,9.3825,-10.937934196604434,-1.1259,-7.505999999999999,7.505999999999999,54.15456131069624,-91.68456131069624,54.67226487675408,91.99129751631301,91.99129751631301
24.0,5.0,17.0,515.780356685791,ultimate,LC2B,180.0,9.3825,-10.937934196604434,-1.1259,-6.255,6.255,42.00130109224686,-79.53130109224686,42.46450657244915,79.77689438945106,79.77689438945106
24.0,5.0,17.0,515.780356685791,ultimate,LC3,120.0,0.0,-0.0,-0.0,-0.0,0.0,-18.765,-18.765,18.765,18.765,18.765
24.0,5.0,17.0,515.780356685791,ultimate,LC3,150.0,0.0,-0.0,-0.0,-0.0,0.0,-18.765,-18.765,18.765,18.765,18.765
24.0,5.0,17.0,515.780356685791,ultimate,LC3,180.0,0.0,-0.0,-0.0,-0.0,0.0,-18.765,-18.765,18.765,18.765,18.765
24.0,5.0,17.0,515.780356685791,ultimate,LC4+,120.0,0.0,-0.0,-0.0,-6.255,-6.255,-8.319150000000002,-8.319150000000002,10.408327518026132,10.408327518026132,10.408327518026132
24.0,5.0,17.0,515.780356685791,ultimate,LC4+,150.0,0.0,-0.0,-0.0,-6.255,-6.255,-8.319150000000002,-8.319150000000002,10.408327518026132,10.408327518026132,10.408327518026132
24.0,5.0,17.0,515.780356685791,ultimate,LC4+,180.0,0.0,-0.0,-0.0,-6.255,-6.255,-8.319150000000002,-8.319150000000002,10.408327518026132,10.408327518026132,10.408327518026132
24.0,5.0,17.0,515.780356685791,ultimate,LC4-,120.0,0.0,-0.0,-0.0,6.255,6.255,-8.319150000000002,-8.319150000000002,10.408327518026132,10.408327518026132,10.408327518026132
24.0,5.0,17.0,515.780356685791,ultimate,LC4-,150.0,0.0,-0.0,-0.0,6.255,6.255,-8.319150000000002,-8.319150000000002,10.408327518026132,10.408327518026132,10.408327518026132
24.0,5.0,17.0,515.780356685791,ultimate,LC4-,180.0,0.0,-0.0,-0.0,6.255,6.255,-8.319150000000002,-8.319150000000002,10.408327518026132,10.408327518026132,10.408327518026132
24.0,5.0,17.0,515.780356685791,ultimate,LC5,120.0,13.31064,15.517282646916156,1.5972768,13.31064,-13.31064,-137.62983872430132,120.99153872430131,138.2719987722995,121.72150828873139,138.2719987722995
24.0,5.0,17.0,515.780356685791,ultimate,LC5,150.0,13.31064,15.517282646916156,1.5972768,10.648512,-10.648512,-111.76770097944105,95.12940097944103,112.27381613735186,95.72352761218853,112.27381613735186
24.0,5.0,17.0,515.780356685791,ultimate,LC5,180.0,13.31064,15.517282646916156,1.5972768,8.87376,-8.87376,-94.52627581620088,77.88797581620086,94.94187925366805,78.39183881809822,94.94187925366805
24.0,10.0,22.0,520.780356685791,limit,LC0,120.0,0.0,-0.0,-0.0,-0.0,0.0,-3.726382978723404,-3.726382978723404,3.726382978723404,3.726382978723404,3.726382978723404
24.0,10.0,22.0,520.780356685791,limit,LC0,150.0,0.0,-0.0,-0.0,-0.0,0.0,-3.726382978723404,-3.726382978723404,3.726382978723404,3.726382978723404,3.726382978723404
24.0,10.0,22.0,520.780356685791,limit,LC0,180.0,0.0,-0.0,-0.0,-0.0,0.0,-3.726382978723404,-3.726382978723404,3.726382978723404,3.726382978723404,3.726382978723404
24.0,10.0,22.0,520.780356685791,limit,LC1,120.0,0.0,-0.0,-0.0,-0.0,0.0,-12.51,-12.51,12.51,12.51,12.51
24.0,10.0,22.0,520.780356685791,limit,LC1,150.0,0.0,-0.0,-0.0,-0.0,0.0,-12.51,-12.51,12.51,12.51,12.51
24.0,10.0,22.0,520.780356685791,limit,LC1,180.0,0.0,-0.0,-0.0,-0.0,0.0,-12.51,-12.51,12.51,12.51,12.51
24.0,10.0,22.0,520.780356685791,limit,LC2A,120.0,6.255,7.3232311310696225,0.7505999999999999,6.255,-6.255,-73.53692609224686,48.516926092246855,73.8024696341293,48.91847444923588,73.8024696341293
24.0,10.0,22.0,520.780356685791,limit,LC2A,150.0,6.255,7.3232311310696225,0.7505999999999999,5.004,-5.004,-61.331540873797486,36.31154087379749,61.53533880587879,36.65471342991875,61.53533880587879
24.0,10.0,22.0,520.780356685791,limit,LC2A,180.0,6.255,7.3232311310696225,0.7505999999999999,4.17,-4.17,-53.19461739483123,28.174617394831238,53.35781310907037,28.481537271452307,53.35781310907037
24.0,10.0,22.0,520.780356685791,limit,LC2B,120.0,6.255,-7.3232311310696225,-0.7505999999999999,-6.255,6.255,48.516926092246855,-73.53692609224686,48.91847444923588,73.8024696341293,73.8024696341293
24.0,10.0,22.0,520.780356685791,limit,LC2B,150.0,6.255,-7.3232311310696225,-0.7505999999999999,-5.004,5.004,36.31154087379749,-61.331540873797486,36.65471342991875,61.53533880587879,61.53533880587879
24.0,10.0,22.0,520.780356685791,limit,LC2B,180.0,6.255,-7.3232311310696225,-0.7505999999999999,-4.17,4.17,28.174617394831238,-53.19461739483123,28.481537271452307,53.35781310907037,53.35781310907037
24.0,10.0,22.0,520.780356685791,limit,LC3,120.0,0.0,-0.0,-0.0,-0.0,0.0,-12.51,-12.51,12.51,12.51,12.51
24.0,10.0,22.0,520.780356685791,limit,LC3,150.0,0.0,-0.0,-0.0,-0.0,0.0,-12.51,-12.51,12.51,12.51,12.51
24.0,10.0,22.0,520.780356685791,limit,LC3,180.0,0.0,-0.0,-0.0,-0.0,0.0,-12.51,-12.51,12.51,12.51,12.51
24.0,10.0,22.0,520.780356685791,limit,LC4+,120.0,0.0,-0.0,-0.0,-4.17,-4.17,-5.5461,-5.5461,6.938885012017421,6.938885012017421,6.938885012017421
24.0,10.0,22.0,520.780356685791,limit,LC4+,150.0,0.0,-0.0,-0.0,-4.17,-4.17,-5.5461,-5.5461,6.938885012017421,6.938885012017421,6.938885012017421
24.0,10.0,22.0,520.780356685791,limit,LC4+,180.0,0.0,-0.0,-0.0,-4.17,-4.17,-5.5461,-5.5461,6.938885012017421,6.938885012017421,6.938885012017421
24.0,10.0,22.0,520.780356685791,limit,LC4-,120.0,0.0,-0.0,-0.0,4.17,4.17,-5.5461,-5.5461,6.938885012017421,6.938885012017421,6.938885012017421
24.0,10.0,22.0,520.780356685791,limit,LC4-,150.0,0.0,-0.0,-0.0,4.17,4.17,-5.5461,-5.5461,6.938885012017421,6.938885012017421,6.938885012017421
24.0,10.0,22.0,520.780356685791,limit,LC4-,180.0,0.0,-0.0,-0.0,4.17,4.17,-5.5461,-5.5461,6.938885012017421,6.938885012017421,6.938885012017421
24.0,10.0,22.0,520.780356685791,limit,LC5,120.0,8.87376,10.389223897944106,1.0648512,8.87376,-8.87376,-92.12296581620089,81.0307658162009,92.54936221990143,81.5152048718372,92.54936221990143
24.0,10.0,22.0,520.780356685791,limit,LC5,150.0,8.87376,10.389223897944106,1.0648512,7.099008000000001,-7.099008000000001,-74.80759265296071,63.71539265296071,75.14367460482197,64.10964962862474,75.14367460482197
24.0,10.0,22.0,520.780356685791,limit,LC5,180.0,8.87376,10.389223897944106,1.0648512,5.915840000000001,-5.915840000000001,-63.264010544133924,52.17181054413392,63.5400046666184,52.50614229172243,63.5400046666184
24.0,10.0,22.0,520.780356685791,ultimate,LC0,120.0,0.0,-0.0,-0.0,-0.0,0.0,-5.589574468085106,-5.589574468085106,5.589574468085106,5.589574468085106,5.589574468085106
24.0,10.0,22.0,520.780356685791,ultimate,LC0,150.0,0.0,-0.0,-0.0,-0.0,0.0,-5.589574468085106,-5.589574468085106,5.589574468085106,5.589574468085106,5.589574468085106
24.0,10.0,22.0,520.780356685791,ultimate,LC0,180.0,0.0,-0.0,-0.0,-0.0,0.0,-5.589574468085106,-5.589574468085106,5.589574468085106,5.589574468085106,5.589574468085106
24.0,10.0,22.0,520.780356685791,ultimate,LC1,120.0,0.0,-0.0,-0.0,-0.0,0.0,-18.765,-18.765,18.765,18.765,18.765
24.0,10.0,22.0,520.780356685791,ultimate,LC1,150.0,0.0,-0.0,-0.0,-0.0,0.0,-18.765,-18.765,18.765,18.765,18.765
24.0,10.0,22.0,520.780356685791,ultimate,LC1,180.0,0.0,-0.0,-0.0,-0.0,0.0,-18.765,-18.765,18.765,18.765,18.765
24.0,10.0,22.0,520.780356685791,ultimate,LC2A,120.0,9.3825,10.984846696604436,1.1259,9.3825,-9.3825,-110.3053891383703,72.7753891383703,110.70370445119396,73.37771167385384,110.70370445119396
24.0,10.0,22.0,520.780356685791,ultimate,LC2A,150.0,9.3825,10.984846696604436,1.1259,7.505999999999999,-7.505999999999999,-91.99731131069625,54.467311310696246,92.3030082088182,54.98207014487813,92.3030082088182
24.0,10.0,22.0,520.780356685791,ultimate,LC2A,180.0,9.3825,10.984846696604436,1.1259,6.255,-6.255,-79.79192609224687,42.26192609224687,80.03671966360557,42.72230590717847,80.03671966360557
24.0,10.0,22.0,520.780356685791,ultimate,LC2B,120.0,9.3825,-10.984846696604436,-1.1259,-9.3825,9.3825,72.7753891383703,-110.3053891383703,73.37771167385384,110.70370445119396,110.70370445119396
24.0,10.0,22.0,520.780356685791,ultimate,LC2B,150.0,9.3825,-10.984846696604436,-1.1259,-7.505999999999999,7.505999999999999,54.467311310696246,-91.99731131069625,54.98207014487813,92.3030082088182,92.3030082088182
24.0,10.0,22.0,520.780356685791,ultimate,LC2B,180.0,9.3825,-10.984846696604436,-1.1259,-6.255,6.255,42.26192609224687,-79.79192609224687,42.72230590717847,80.03671966360557,80.03671966360557
24.0,10.0,22.0,520.780356685791,ultimate,LC3,120.0,0.0,-0.0,-0.0,-0.0,0.0,-18.765,-18.765,18.765,18.765,18.765
24.0,10.0,22.0,520.780356685791,ultimate,LC3,150.0,0.0,-0.0,-0.0,-0.0,0.0,-18.765,-18.765,18.765,18.765,18.765
24.0,10.0,22.0,520.780356685791,ultimate,LC3,180.0,0.0,-0.0,-0.0,-0.0,0.0,-18.765,-18.765,18.765,18.765,18.765
24.0,10.0,22.0,520.780356685791,ultimate,LC4+,120.0,0.0,-0.0,-0.0,-6.255,-6.255,-8.319150000000002,-8.319150000000002,10.408327518026132,10.408327518026132,10.408327518026132
24.0,10.0,22.0,520.780356685791,ultimate,LC4+,150.0,0.0,-0.0,-0.0,-6.255,-6.255,-8.319150000000002,-8.319150000000002,10.408327518026132,10.408327518026132,10.408327518026132
24.0,10.0,22.0,520.780356685791,ultimate,LC4+,180.0,0.0,-0.0,-0.0,-6.255,-6.255,-8.319150000000002,-8.319150000000002,10.408327518026132,10.408327518026132,10.408327518026132
24.0,10.0,22.0,520.780356685791,ultimate,LC4-,120.0,0.0,-0.0,-0.0,6.255,6.255,-8.319150000000002,-8.319150000000002,10.408327518026132,10.408327518026132,10.408327518026132
24.0,10.0,22.0,520.780356685791,ultimate,LC4-,150.0,0.0,-0.0,-0.0,6.255,6.255,-8.319150000000002,-8.319150000000002,10.408327518026132,10.408327518026132,10.408327518026132
24.0,10.0,22.0,520.780356685791,ultimate,LC4-,180.0,0.0,-0.0,-0.0,6.255,6.255,-8.319150000000002,-8.319150000000002,10.408327518026132,10.408327518026132,10.408327518026132
24.0,10.0,22.0,520.780356685791,ultimate,LC5,120.0,13.31064,15.583835846916157,1.5972768,13.31064,-13.31064,-138.18444872430132,121.5461487243013,138.82404332985212,122.27280730775577,138.82404332985212
24.0,10.0,22.0,520.780356685791,ultimate,LC5,150.0,13.31064,15.583835846916157,1.5972768,10.648512,-10.648512,-112.21138897944105,95.57308897944104,112.71551190723294,96.16447444293708,112.71551190723294
24.0,10.0,22.0,520.780356685791,ultimate,LC5,180.0,13.31064,15.583835846916157,1.5972768,8.87376,-8.87376,-94.89601581620089,78.25771581620087,95.31000699992761,78.75921343758364,95.31000699992761
24.0,15.0,27.0,525.780356685791,limit,LC0,120.0,0.0,-0.0,-0.0,-0.0,0.0,-3.726382978723404,-3.726382978723404,3.726382978723404,3.726382978723404,3.726382978723404
24.0,15.0,27.0,525.780356685791,limit,LC0,150.0,0.0,-0.0,-0.0,-0.0,0.0,-3.726382978723404,-3.726382978723404,3.726382978723404,3.726382978723404,3.726382978723404
24.0,15.0,27.0,525.780356685791,limit,LC0,180.0,0.0,-0.0,-0.0,-0.0,0.0,-3.726382978723404,-3.726382978723404,3.726382978723404,3.726382978723404,3.726382978723404
24.0,15.0,27.0,525.780356685791,limit,LC1,120.0,0.0,-0.0,-0.0,-0.0,0.0,-12.51,-12.51,12.51,12.51,12.51
24.0,15.0,27.0,525.780356685791,limit,LC1,150.0,0.0,-0.0,-0.0,-0.0,0.0,-12.51,-12.51,12.51,12.51,12.51
24.0,15.0,27.0,525.780356685791,limit,LC1,180.0,0.0,-0.0,-0.0,-0.0,0.0,-12.51,-12.51,12.51,12.51,12.51
24.0,15.0,27.0,525.780356685791,limit,LC2A,120.0,6.255,7.3545061310696225,0.7505999999999999,6.255,-6.255,-73.79755109224686,48.77755109224686,74.06216019137429,49.176971394716375,74.06216019137429
24.0,15.0,27.0,525.780356685791,limit,LC2A,150.0,6.255,7.3545061310696225,0.7505999999999999,5.004,-5.004,-61.54004087379748,36.520040873797484,61.74315060594709,36.861272379339255,61.74315060594709
24.0,15.0,27.0,525.780356685791,limit,LC2A,180.0,6.255,7.3545061310696225,0.7505999999999999,4.17,-4.17,-53.36836739483124,28.348367394831243,53.53103341417655,28.65342621663823,53.53103341417655
24.0,15.0,27.0,525.780356685791,limit,LC2B,120.0,6.255,-7.3545061310696225,-0.7505999999999999,-6.255,6.255,48.77755109224686,-73.79755109224686,49.176971394716375,74.06216019137429,74.06216019137429
24.0,15.0,27.0,525.780356685791,limit,LC2B,150.0,6.255,-7.3545061310696225,-0.7505999999999999,-5.004,5.004,36.520040873797484,-61.54004087379748,36.861272379339255,61.74315060594709,61.74315060594709
24.0,15.0,27.0,525.780356685791,limit,LC2B,180.0,6.255,-7.3545061310696225,-0.7505999999999999,-4.17,4.17,28.348367394831243,-53.36836739483124,28.65342621663823,53.53103341417655,53.53103341417655
24.0,15.0,27.0,525.780356685791,limit,LC3,120.0,0.0,-0.0,-0.0,-0.0,0.0,-12.51,-12.51,12.51,12.51,12.51
24.0,15.0,27.0,525.780356685791,limit,LC3,150.0,0.0,-0.0,-0.0,-0.0,0.0,-12.51,-12.51,12.51,12.51,12.51
24.0,15.0,27.0,525.780356685791,limit,LC3,180.0,0.0,-0.0,-0.0,-0.0,0.0,-12.51,-12.51,12.51,12.51,12.51
24.0,15.0,27.0,525.780356685791,limit,LC4+,120.0,0.0,-0.0,-0.0,-4.17,-4.17,-5.5461,-5.5461,6.938885012017421,6.938885012017421,6.938885012017421
24.0,15.0,27.0,525.780356685791,limit,LC4+,150.0,0.0,-0.0,-0.0,-4.17,-4.17,-5.5461,-5.5461,6.938885012017421,6.938885012017421,6.938885012017421
24.0,15.0,27.0,525.780356685791,limit,LC4+,180.0,0.0,-0.0,-0.0,-4.17,-4.17,-5.5461,-5.5461,6.938885012017421,6.938885012017421,6.938885012017421
24.0,15.0,27.0,525.780356685791,limit,LC4-,120.0,0.0,-0.0,-0.0,4.17,4.17,-5.5461,-5.5461,6.938885012017421,6.938885012017421,6.938885012017421
24.0,15.0,27.0,525.780356685791,limit,LC4-,150.0,0.0,-0.0,-0.0,4.17,4.17,-5.5461,-5.5461,6.938885012017421,6.938885012017421,6.938885012017421
24.0,15.0,27.0,525.780356685791,limit,LC4-,180.0,0.0,-0.0,-0.0,4.17,4.17,-5.5461,-5.5461,6.938885012017421,6.938885012017421,6.938885012017421
24.0,15.0,27.0,525.780356685791,limit,LC5,120.0,8.87376,10.433592697944105,1.0648512,8.87376,-8.87376,-92.49270581620088,81.40050581620089,92.91740550478086,81.88275742591327,92.91740550478086
24.0,15.0,27.0,525.780356685791,limit,LC5,150.0,8.87376,10.433592697944105,1.0648512,7.099008000000001,-7.099008000000001,-75.1033846529607,64.01118465296071,75.43814884337127,64.40363091673866,75.43814884337127
24.0,15.0,27.0,525.780356685791,limit,LC5,180.0,8.87376,10.433592697944105,1.0648512,5.915840000000001,-5.915840000000001,-63.51050387746726,52.41830387746725,63.78543145323533,52.75107339472912,63.78543145323533
24.0,15.0,27.0,525.780356685791,ultimate,LC0,120.0,0.0,-0.0,-0.0,-0.0,0.0,-5.589574468085106,-5.589574468085106,5.589574468085106,5.589574468085106,5.589574468085106
24.0,15.0,27.0,525.780356685791,ultimate,LC0,150.0,0.0,-0.0,-0.0,-0.0,0.0,-5.589574468085106,-5.589574468085106,5.589574468085106,5.589574468085106,5.589574468085106
24.0,15.0,27.0,525.780356685791,ultimate,LC0,180.0,0.0,-0.0,-0.0,-0.0,0.0,-5.589574468085106,-5.589574468085106,5.589574468085106,5.589574468085106,5.589574468085106
24.0,15.0,27.0,525.780356685791,ultimate,LC1,120.0,0.0,-0.0,-0.0,-0.0,0.0,-18.765,-18.765,18.765,18.765,18.765
24.0,15.0,27.0,525.780356685791,ultimate,LC1,150.0,0.0,-0.0,-0.0,-0.0,0.0,-18.765,-18.765,18.765,18.765,18.765
24.0,15.0,27.0,525.780356685791,ultimate,LC1,180.0,0.0,-0.0,-0.0,-0.0,0.0,-18.765,-18.765,18.765,18.765,18.765
24.0,15.0,27.0,525.780356685791,ultimate,LC2A,120.0,9.3825,11.031759196604433,1.1259,9.3825,-9.3825,-110.69632663837028,73.16632663837028,111.09324028706142,73.76545709207456,111.09324028706142
24.0,15.0,27.0,525.780356685791,ultimate,LC2A,150.0,9.3825,11.031759196604433,1.1259,7.505999999999999,-7.505999999999999,-92.31006131069623,54.780061310696226,92.61472590892065,55.29190856900888,92.61472590892065
24.0,15.0,27.0,525.780356685791,ultimate,LC2A,180.0,9.3825,11.031759196604433,1.1259,6.255,-6.255,-80.05255109224686,42.52255109224685,80.29655012126481,42.980139324957335,80.29655012126481
24.0,15.0,27.0,525.780356685791,ultimate,LC2B,120.0,9.3825,-11.031759196604433,-1.1259,-9.3825,9.3825,73.16632663837028,-110.69632663837028,73.76545709207456,111.09324028706142,111.09324028706142
24.0,15.0,27.0,525.780356685791,ultimate,LC2B,150.0,9.3825,-11.031759196604433,-1.1259,-7.505999999999999,7.505999999999999,54.780061310696226,-92.31006131069623,55.29190856900888,92.61472590892065,92.61472590892065
24.0,15.0,27.0,525.780356685791,ultimate,LC2B,180.0,9.3825,-11.031759196604433,-1.1259,-6.255,6.255,42.52255109224685,-80.05255109224686,42.980139324957335,80.29655012126481,80.29655012126481
24.0,15.0,27.0,525.780356685791,ultimate,LC3,120.0,0.0,-0.0,-0.0,-0.0,0.0,-18.765,-18.765,18.765,18.765,18.765
24.0,15.0,27.0,525.780356685791,ultimate,LC3,150.0,0.0,-0.0,-0.0,-0.0,0.0,-18.765,-18.765,18.765,18.765,18.765
24.0,15.0,27.0,525.780356685791,ultimate,LC3,180.0,0.0,-0.0,-0.0,-0.0,0.0,-18.765,-18.765,18.765,18.765,18.765
24.0,15.0,27.0,525.780356685791,ultimate,LC4+,120.0,0.0,-0.0,-0.0,-6.255,-6.255,-8.319150000000002,-8.319150000000002,10.408327518026132,10.408327518026132,10.408327518026132
24.0,15.0,27.0,525.780356685791,ultimate,LC4+,150.0,0.0,-0.0,-0.0,-6.255,-6.255,-8.319150000000002,-8.319150000000002,10.408327518026132,10.408327518026132,10.408327518026132
24.0,15.0,27.0,525.780356685791,ultimate,LC4+,180.0,0.0,-0.0,-0.0,-6.255,-6.255,-8.319150000000002,-8.319150000000002,10.408327518026132,10.408327518026132,10.408327518026132
24.0,15.0,27.0,525.780356685791,ultimate,LC4-,120.0,0.0,-0.0,-0.0,6.255,6.255,-8.319150000000002,-8.319150000000002,10.408327518026132,10.408327518026132,10.408327518026132
24.0,15.0,27.0,525.780356685791,ultimate,LC4-,150.0,0.0,-0.0,-0.0,6.255,6.255,-8.319150000000002,-8.319150000000002,10.408327518026132,10.408327518026132,10.408327518026132
24.0,15.0,27.0,525.780356685791,ultimate,LC4-,180.0,0.0,-0.0,-0.0,6.255,6.255,-8.319150000000002,-8.319150000000002,10.408327518026132,10.408327518026132,10.408327518026132
24.0,15.0,27.0,525.780356685791,ultimate,LC5,120.0,13.31064,15.650389046916155,1.5972768,13.31064,-13.31064,-138.73905872430132,122.1007587243013,139.3761082571713,122.82413613886987,139.3761082571713
24.0,15.0,27.0,525.780356685791,ultimate,LC5,150.0,13.31064,15.650389046916155,1.5972768,10.648512,-10.648512,-112.65507697944105,96.01677697944103,113.15722326505688,96.60544637510797,113.15722326505688
24.0,15.0,27.0,525.780356685791,ultimate,LC5,180.0,13.31064,15.650389046916155,1.5972768,8.87376,-8.87376,-95.26575581620087,78.62745581620085,95.67814717985299,79.12661009209366,95.67814717985299
24.0,20.0,32.0,530.780356685791,limit,LC0,120.0,0.0,-0.0,-0.0,-0.0,0.0,-3.726382978723404,-3.726382978723404,3.726382978723404,3.726382978723404,3.726382978723404
24.0,20.0,32.0,530.780356685791,limit,LC0,150.0,0.0,-0.0,-0.0,-0.0,0.0,-3.726382978723404,-3.726382978723404,3.726382978723404,3.726382978723404,3.726382978723404
24.0,20.0,32.0,530.780356685791,limit,LC0,180.0,0.0,-0.0,-0.0,-0.0,0.0,-3.726382978723404,-3.726382978723404,3.726382978723404,3.726382978723404,3.726382978723404
24.0,20.0,32.0,530.780356685791,limit,LC1,120.0,0.0,-0.0,-0.0,-0.0,0.0,-12.51,-12.51,12.51,12.51,12.51
24.0,20.0,32.0,530.780356685791,limit,LC1,150.0,0.0,-0.0,-0.0,-0.0,0.0,-12.51,-12.51,12.51,12.51,12.51
24.0,20.0,32.0,530.780356685791,limit,LC1,180.0,0.0,-0.0,-0.0,-0.0,0.0,-12.51,-12.51,12.51,12.51,12.51
24.0,20.0,32.0,530.780356685791,limit,LC2A,120.0,6.255,7.385781131069623,0.7505999999999999,6.255,-6.255,-74.05817609224687,49.038176092246864,74.32185729050536,49.43549068689631,74.32185729050536
24.0,20.0,32.0,530.780356685791,limit,LC2A,150.0,6.255,7.385781131069623,0.7505999999999999,5.004,-5.004,-61.74854087379749,36.72854087379749,61.95096703073358,37.06785306324353,61.95096703073358
24.0,20.0,32.0,530.780356685791,limit,LC2A,180.0,6.255,7.385781131069623,0.7505999999999999,4.17,-4.17,-53.54211739483124,28.52211739483124,53.7042571415143,28.825337477374568,53.7042571415143
24.0,20.0,32.0,530.780356685791,limit,LC2B,120.0,6.255,-7.385781131069623,-0.7505999999999999,-6.255,6.255,49.038176092246864,-74.05817609224687,49.43549068689631,74.32185729050536,74.32185729050536
24.0,20.0,32.0,530.780356685791,limit,LC2B,150.0,6.255,-7.385781131069623,-0.7505999999999999,-5.004,5.004,36.72854087379749,-61.74854087379749,37.06785306324353,61.95096703073358,61.95096703073358
24.0,20.0,32.0,530.780356685791,limit,LC2B,180.0,6.255,-7.385781131069623,-0.7505999999999999,-4.17,4.17,28.52211739483124,-53.54211739483124,28.825337477374568,53.7042571415143,53.7042571415143
24.0,20.0,32.0,530.780356685791,limit,LC3,120.0,0.0,-0.0,-0.0,-0.0,0.0,-12.51,-12.51,12.51,12.51,12.51
24.0,20.0,32.0,530.780356685791,limit,LC3,150.0,0.0,-0.0,-0.0,-0.0,0.0,-12.51,-12.51,12.51,12.51,12.51
24.0,20.0,32.0,530.780356685791,limit,LC3,180.0,0.0,-0.0,-0.0,-0.0,0.0,-12.51,-12.51,12.51,12.51,12.51
24.0,20.0,32.0,530.780356685791,limit,LC4+,120.0,0.0,-0.0,-0.0,-4.17,-4.17,-5.5461,-5.5461,6.938885012017421,6.938885012017421,6.938885012017421
24.0,20.0,32.0,530.780356685791,limit,LC4+,150.0,0.0,-0.0,-0.0,-4.17,-4.17,-5.5461,-5.5461,6.938885012017421,6.938885012017421,6.938885012017421
24.0,20.0,32.0,530.780356685791,limit,LC4+,180.0,0.0,-0.0,-0.0,-4.17,-4.17,-5.5461,-5.5461,6.938885012017421,6.938885012017421,6.938885012017421
24.0,20.0,32.0,530.780356685791,limit,LC4-,120.0,0.0,-0.0,-0.0,4.17,4.17,-5.5461,-5.5461,6.938885012017421,6.938885012017421,6.938885012017421
24.0,20.0,32.0,530.780356685791,limit,LC4-,150.0,0.0,-0.0,-0.0,4.17,4.17,-5.5461,-5.5461,6.938885012017421,6.938885012017421,6.938885012017421
24.0,20.0,32.0,530.780356685791,limit,LC4-,180.0,0.0,-0.0,-0.0,4.17,4.17,-5.5461,-5.5461,6.938885012017421,6.938885012017421,6.938885012017421
24.0,20.0,32.0,530.780356685791,limit,LC5,120.0,8.87376,10.477961497944106,1.0648512,8.87376,-8.87376,-92.86244581620089,81.7702458162009,93.28546220877317,82.2503295882729,93.28546220877317
24.0,20.0,32.0,530.780356685791,limit,LC5,150.0,8.87376,10.477961497944106,1.0648512,7.099008000000001,-7.099008000000001,-75.3991766529607,64.30697665296071,75.73263335266006,64.69762871101612,75.73263335266006
24.0,20.0,32.0,530.780356685791,limit,LC5,180.0,8.87376,10.477961497944106,1.0648512,5.915840000000001,-5.915840000000001,-63.75699721080059,52.664797210800586,64.03086643364772,52.99601898407416,64.03086643364772
24.0,20.0,32.0,530.780356685791,ultimate,LC0,120.0,0.0,-0.0,-0.0,-0.0,0.0,-5.589574468085106,-5.589574468085106,5.589574468085106,5.589574468085106,5.589574468085106
24.0,20.0,32.0,530.780356685791,ultimate,LC0,150.0,0.0,-0.0,-0.0,-0.0,0.0,-5.589574468085106,-5.589574468085106,5.589574468085106,5.589574468085106,5.589574468085106
24.0,20.0,32.0,530.780356685791,ultimate,LC0,180.0,0.0,-0.0,-0.0,-0.0,0.0,-5.589574468085106,-5.589574468085106,5.589574468085106,5.589574468085106,5.589574468085106
24.0,20.0,32.0,530.780356685791,ultimate,LC1,120.0,0.0,-0.0,-0.0,-0.0,0.0,-18.765,-18.765,18.765,18.765,18.765
24.0,20.0,32.0,530.780356685791,ultimate,LC1,150.0,0.0,-0.0,-0.0,-0.0,0.0,-18.765,-18.765,18.765,18.765,18.765
24.0,20.0,32.0,530.780356685791,ultimate,LC1,180.0,0.0,-0.0,-0.0,-0.0,0.0,-18.765,-18.765,18.765,18.765,18.765
24.0,20.0,32.0,530.780356685791,ultimate,LC2A,120.0,9.3825,11.078671696604435,1.1259,9.3825,-9.3825,-111.08726413837029,73.55726413837029,111.48278593575803,74.15323603034446,111.48278593575803
24.0,20.0,32.0,530.780356685791,ultimate,LC2A,150.0,9.3825,11.078671696604435,1.1259,7.505999999999999,-7.505999999999999,-92.62281131069624,55.092811310696234,92.92645054610037,55.6017795948653,92.92645054610037
24.0,20.0,32.0,530.780356685791,ultimate,LC2A,180.0,9.3825,11.078671696604435,1.1259,6.255,-6.255,-80.31317609224686,42.78317609224686,80.55638571227146,43.238006216061855,80.55638571227146
24.0,20.0,32.0,530.780356685791,ultimate,LC2B,120.0,9.3825,-11.078671696604435,-1.1259,-9.3825,9.3825,73.55726413837029,-111.08726413837029,74.15323603034446,111.48278593575803,111.48278593575803
24.0,20.0,32.0,530.780356685791,ultimate,LC2B,150.0,9.3825,-11.078671696604435,-1.1259,-7.505999999999999,7.505999999999999,55.092811310696234,-92.62281131069624,55.6017795948653,92.92645054610037,92.92645054610037
24.0,20.0,32.0,530.780356685791,ultimate,LC2B,180.0,9.3825,-11.078671696604435,-1.1259,-6.255,6.255,42.78317609224686,-80.31317609224686,43.238006216061855,80.55638571227146,80.55638571227146
24.0,20.0,32.0,530.780356685791,ultimate,LC3,120.0,0.0,-0.0,-0.0,-0.0,0.0,-18.765,-18.765,18.765,18.765,18.765
24.0,20.0,32.0,530.780356685791,ultimate,LC3,150.0,0.0,-0.0,-0.0,-0.0,0.0,-18.765,-18.765,18.765,18.765,18.765
24.0,20.0,32.0,530.780356685791,ultimate,LC3,180.0,0.0,-0.0,-0.0,-0.0,0.0,-18.765,-18.765,18.765,18.765,18.765
24.0,20.0,32.0,530.780356685791,ultimate,LC4+,120.0,0.0,-0.0,-0.0,-6.255,-6.255,-8.319150000000002,-8.319150000000002,10.408327518026132,10.408327518026132,10.408327518026132
24.0,20.0,32.0,530.780356685791,ultimate,LC4+,150.0,0.0,-0.0,-0.0,-6.255,-6.255,-8.319150000000002,-8.319150000000002,10.408327518026132,10.408327518026132,10.408327518026132
24.0,20.0,32.0,530.780356685791,ultimate,LC4+,180.0,0.0,-0.0,-0.0,-6.255,-6.255,-8.319150000000002,-8.319150000000002,10.408327518026132,10.408327518026132,10.408327518026132
24.0,20.0,32.0,530.780356685791,ultimate,LC4-,120.0,0.0,-0.0,-0.0,6.255,6.255,-8.319150000000002,-8.319150000000002,10.408327518026132,10.408327518026132,10.408327518026132
24.0,20.0,32.0,530.780356685791,ultimate,LC4-,150.0,0.0,-0.0,-0.0,6.255,6.255,-8.319150000000002,-8.319150000000002,10.408327518026132,10.408327518026132,10.408327518026132
24.0,20.0,32.0,530.780356685791,ultimate,LC4-,180.0,0.0,-0.0,-0.0,6.255,6.255,-8.319150000000002,-8.319150000000002,10.408327518026132,10.408327518026132,10.408327518026132
24.0,20.0,32.0,530.780356685791,ultimate,LC5,120.0,13.31064,15.716942246916156,1.5972768,13.31064,-13.31064,-139.2936687243013,122.6553687243013,139.9281933131597,123.3754943824093,139.9281933131597
24.0,20.0,32.0,530.780356685791,ultimate,LC5,150.0,13.31064,15.716942246916156,1.5972768,10.648512,-10.648512,-113.09876497944106,96.46046497944104,113.59895002899009,97.04644306652416,113.59895002899009
24.0,20.0,32.0,530.780356685791,ultimate,LC5,180.0,13.31064,15.716942246916156,1.5972768,8.87376,-8.87376,-95.63549581620087,78.99719581620086,96.04629965047157,79.49402847611123,96.04629965047157
26.0,5.0,18.0,516.780356685791,limit,LC0,120.0,0.0,-0.0,-0.0,-0.0,0.0,-3.726382978723404,-3.726382978723404,3.726382978723404,3.726382978723404,3.726382978723404
26.0,5.0,18.0,516.780356685791,limit,LC0,150.0,0.0,-0.0,-0.0,-0.0,0.0,-3.726382978723404,-3.726382978723404,3.726382978723404,3.726382978723404,3.726382978723404
26.0,5.0,18.0,516.780356685791,limit,LC0,180.0,0.0,-0.0,-0.0,-0.0,0.0,-3.726382978723404,-3.726382978723404,3.726382978723404,3.726382978723404,3.726382978723404
26.0,5.0,18.0,516.780356685791,limit,LC1,120.0,0.0,-0.0,-0.0,-0.0,0.0,-12.51,-12.51,12.51,12.51,12.51
26.0,5.0,18.0,516.780356685791,limit,LC1,150.0,0.0,-0.0,-0.0,-0.0,0.0,-12.51,-12.51,12.51,12.51,12.51
26.0,5.0,18.0,516.780356685791,limit,LC1,180.0,0.0,-0.0,-0.0,-0.0,0.0,-12.51,-12.51,12.51,12.51,12.51
26.0,5.0,18.0,516.780356685791,limit,LC2A,120.0,6.255,7.298211131069623,0.7505999999999999,6.255,-6.255,-73.32842609224686,48.30842609224686,73.59472194502884,48.71169322154669,73.59472194502884
26.0,5.0,18.0,516.780356685791,limit,LC2A,150.0,6.255,7.298211131069623,0.7505999999999999,5.004,-5.004,-61.164740873797484,36.14474087379749,61.369092727192836,36.48948216724878,61.369092727192836
26.0,5.0,18.0,516.780356685791,limit,LC2A,180.0,6.255,7.298211131069623,0.7505999999999999,4.17,-4.17,-53.05561739483124,28.03561739483124,53.219239351448074,28.34404245532673,53.219239351448074
26.0,5.0,18.0,516.780356685791,limit,LC2B,120.0,6.255,-7.298211131069623,-0.7505999999999999,-6.255,6.255,48.30842609224686,-73.32842609224686,48.71169322154669,73.59472194502884,73.59472194502884
26.0,5.0,18.0,516.780356685791,limit,LC2B,150.0,6.255,-7.298211131069623,-0.7505999999999999,-5.004,5.004,36.14474087379749,-61.164740873797484,36.48948216724878,61.369092727192836,61.369092727192836
26.0,5.0,18.0,516.780356685791,limit,LC2B,180.0,6.255,-7.298211131069623,-0.7505999999999999,-4.17,4.17,28.03561739483124,-53.05561739483124,28.34404245532673,53.219239351448074,53.219239351448074
26.0,5.0,18.0,516.780356685791,limit,LC3,120.0,0.0,-0.0,-0.0,-0.0,0.0,-12.51,-12.51,12.51,12.51,12.51
26.0,5.0,18.0,516.780356685791,limit,LC3,150.0,0.0,-0.0,-0.0,-0.0,0.0,-12.51,-12.51,12.51,12.51,12.51
26.0,5.0,18.0,516.780356685791,limit,LC3,180.0,0.0,-0.0,-0.0,-0.0,0.0,-12.51,-12.51,12.51,12.51,12.51
26.0,5.0,18.0,516.780356685791,limit,LC4+,120.0,0.0,-0.0,-0.0,-4.17,-4.17,-5.5461,-5.5461,6.938885012017421,6.938885012017421,6.938885012017421
26.0,5.0,18.0,516.780356685791,limit,LC4+,150.0,0.0,-0.0,-0.0,-4.17,-4.17,-5.5461,-5.5461,6.938885012017421,6.938885012017421,6.938885012017421
26.0,5.0,18.0,516.780356685791,limit,LC4+,180.0,0.0,-0.0,-0.0,-4.17,-4.17,-5.5461,-5.5461,6.938885012017421,6.938885012017421,6.938885012017421
26.0,5.0,18.0,516.780356685791,limit,LC4-,120.0,0.0,-0.0,-0.0,4.17,4.17,-5.5461,-5.5461,6.938885012017421,6.938885012017421,6.938885012017421
26.0,5.0,18.0,516.780356685791,limit,LC4-,150.0,0.0,-0.0,-0.0,4.17,4.17,-5.5461,-5.5461,6.938885012017421,6.938885012017421,6.938885012017421
26.0,5.0,18.0,516.780356685791,limit,LC4-,180.0,0.0,-0.0,-0.0,4.17,4.17,-5.5461,-5.5461,6.938885012017421,6.938885012017421,6.938885012017421
26.0,5.0,18.0,516.780356685791,limit,LC5,120.0,8.87376,10.353728857944105,1.0648512,8.87376,-8.87376,-91.82717381620088,80.73497381620089,92.25493736168471,81.22117712542858,92.25493736168471
26.0,5.0,18.0,516.780356685791,limit,LC5,150.0,8.87376,10.353728857944105,1.0648512,7.099008000000001,-7.099008000000001,-74.5709590529607,63.478759052960704,74.90810269031252,63.87447663572598,74.90810269031252
26.0,5.0,18.0,516.780356685791,limit,LC5,180.0,8.87376,10.353728857944105,1.0648512,5.915840000000001,-5.915840000000001,-63.066815877467256,51.97461587746725,63.343669200859814,52.31020797622459,63.343669200859814
26.0,5.0,18.0,516.780356685791,ultimate,LC0,120.0,0.0,-0.0,-0.0,-0.0,0.0,-5.589574468085106,-5.589574468085106,5.589574468085106,5.589574468085106,5.589574468085106
26.0,5.0,18.0,516.780356685791,ultimate,LC0,150.0,0.0,-0.0,-0.0,-0.0,0.0,-5.589574468085106,-5.589574468085106,5.589574468085106,5.589574468085106,5.589574468085106
26.0,5.0,18.0,516.780356685791,ultimate,LC0,180.0,0.0,-0.0,-0.0,-0.0,0.0,-5.589574468085106,-5.589574468085106,5.589574468085106,5.589574468085106,5.589574468085106
26.0,5.0,18.0,516.780356685791,ultimate,LC1,120.0,0.0,-0.0,-0.0,-0.0,0.0,-18.765,-18.765,18.765,18.765,18.765
26.0,5.0,18.0,516.780356685791,ultimate,LC1,150.0,0.0,-0.0,-0.0,-0.0,0.0,-18.765,-18.765,18.765,18.765,18.765
26.0,5.0,18.0,516.780356685791,ultimate,LC1,180.0,0.0,-0.0,-0.0,-0.0,0.0,-18.765,-18.765,18.765,18.765,18.765
26.0,5.0,18.0,516.780356685791,ultimate,LC2A,120.0,9.3825,10.947316696604435,1.1259,9.3825,-9.3825,-109.9926391383703,72.46263913837029,110.39208291754326,73.06753983232002,110.39208291754326
26.0,5.0,18.0,516.780356685791,ultimate,LC2A,150.0,9.3825,10.947316696604435,1.1259,7.505999999999999,-7.505999999999999,-91.74711131069624,54.21711131069624,92.05363909078928,54.73422325087318,92.05363909078928
26.0,5.0,18.0,516.780356685791,ultimate,LC2A,180.0,9.3825,10.947316696604435,1.1259,6.255,-6.255,-79.58342609224687,42.053426092246866,79.82885902717211,42.5160636829901,79.82885902717211
26.0,5.0,18.0,516.780356685791,ultimate,LC2B,120.0,9.3825,-10.947316696604435,-1.1259,-9.3825,9.3825,72.46263913837029,-109.9926391383703,73.06753983232002,110.39208291754326,110.39208291754326
26.0,5.0,18.0,516.780356685791,ultimate,LC2B,150.0,9.3825,-10.947316696604435,-1.1259,-7.505999999999999,7.505999999999999,54.21711131069624,-91.74711131069624,54.73422325087318,92.05363909078928,92.05363909078928
26.0,5.0,18.0,516.780356685791,ultimate,LC2B,180.0,9.3825,-10.947316696604435,-1.1259,-6.255,6.255,42.053426092246866,-79.58342609224687,42.5160636829901,79.82885902717211,79.82885902717211
26.0,5.0,18.0,516.780356685791,ultimate,LC3,120.0,0.0,-0.0,-0.0,-0.0,0.0,-18.765,-18.765,18.765,18.765,18.765
26.0,5.0,18.0,516.780356685791,ultimate,LC3,150.0,0.0,-0.0,-0.0,-0.0,0.0,-18.765,-18.765,18.765,18.765,18.765
26.0,5.0,18.0,516.780356685791,ultimate,LC3,180.0,0.0,-0.0,-0.0,-0.0,0.0,-18.765,-18.765,18.765,18.765,18.765
26.0,5.0,18.0,516.780356685791,ultimate,LC4+,120.0,0.0,-0.0,-0.0,-6.255,-6.255,-8.319150000000002,-8.319150000000002,10.408327518026132,10.408327518026132,10.408327518026132
26.0,5.0,18.0,516.780356685791,ultimate,LC4+,150.0,0.0,-0.0,-0.0,-6.255,-6.255,-8.319150000000002,-8.319150000000002,10.408327518026132,10.408327518026132,10.408327518026132
26.0,5.0,18.0,516.780356685791,ultimate,LC4+,180.0,0.0,-0.0,-0.0,-6.255,-6.255,-8.319150000000002,-8.319150000000002,10.408327518026132,10.408327518026132,10.408327518026132
26.0,5.0,18.0,516.780356685791,ultimate,LC4-,120.0,0.0,-0.0,-0.0,6.255,6.255,-8.319150000000002,-8.319150000000002,10.408327518026132,10.408327518026132,10.408327518026132
26.0,5.0,18.0,516.780356685791,ultimate,LC4-,150.0,0.0,-0.0,-0.0,6.255,6.255,-8.319150000000002,-8.319150000000002,10.408327518026132,10.408327518026132,10.408327518026132
26.0,5.0,18.0,516.780356685791,ultimate,LC4-,180.0,0.0,-0.0,-0.0,6.255,6.255,-8.319150000000002,-8.319150000000002,10.408327518026132,10.408327518026132,10.408327518026132
26.0,5.0,18.0,516.780356685791,ultimate,LC5,120.0,13.31064,15.530593286916156,1.5972768,13.31064,-13.31064,-137.7407607243013,121.1024607243013,138.38240604252704,121.83176568814284,138.38240604252704
26.0,5.0,18.0,516.780356685791,ultimate,LC5,150.0,13.31064,15.530593286916156,1.5972768,10.648512,-10.648512,-111.85643857944105,95.21813857944103,112.36215403546878,95.81171495358895,112.36215403546878
26.0,5.0,18.0,516.780356685791,ultimate,LC5,180.0,13.31064,15.530593286916156,1.5972768,8.87376,-8.87376,-94.60022381620088,77.96192381620087,95.01550380128971,78.46531196433688,95.01550380128971
26.0,10.0,23.0,521.780356685791,limit,LC0,120.0,0.0,-0.0,-0.0,-0.0,0.0,-3.726382978723404,-3.726382978723404,3.726382978723404,3.726382978723404,3.726382978723404
26.0,10.0,23.0,521.780356685791,limit,LC0,150.0,0.0,-0.0,-0.0,-0.0,0.0,-3.726382978723404,-3.726382978723404,3.726382978723404,3.726382978723404,3.726382978723404
26.0,10.0,23.0,521.780356685791,limit,LC0,180.0,0.0,-0.0,-0.0,-0.0,0.0,-3.726382978723404,-3.726382978723404,3.726382978723404,3.726382978723404,3.726382978723404
26.0,10.0,23.0,521.780356685791,limit,LC1,120.0,0.0,-0.0,-0.0,-0.0,0.0,-12.51,-12.51,12.51,12.51,12.51
26.0,10.0,23.0,521.780356685791,limit,LC1,150.0,0.0,-0.0,-0.0,-0.0,0.0,-12.51,-12.51,12.51,12.51,12.51
26.0,10.0,23.0,521.780356685791,limit,LC1,180.0,0.0,-0.0,-0.0,-0.0,0.0,-12.51,-12.51,12.51,12.51,12.51
26.0,10.0,23.0,521.780356685791,limit,LC2A,120.0,6.255,7.329486131069622,0.7505999999999999,6.255,-6.255,-73.58905109224685,48.56905109224685,73.85440721891496,48.970172033609245,73.85440721891496
26.0,10.0,23.0,521.780356685791,limit,LC2A,150.0,6.255,7.329486131069622,0.7505999999999999,5.004,-5.004,-61.37324087379748,36.35324087379748,61.57690079366747,36.696023463426386,61.57690079366747
26.0,10.0,23.0,521.780356685791,limit,LC2A,180.0,6.255,7.329486131069622,0.7505999999999999,4.17,-4.17,-53.229367394831236,28.20936739483124,53.39245689471428,28.515913255874654,53.39245689471428
26.0,10.0,23.0,521.780356685791,limit,LC2B,120.0,6.255,-7.329486131069622,-0.7505999999999999,-6.255,6.255,48.56905109224685,-73.58905109224685,48.970172033609245,73.85440721891496,73.85440721891496
26.0,10.0,23.0,521.780356685791,limit,LC2B,150.0,6.255,-7.329486131069622,-0.7505999999999999,-5.004,5.004,36.35324087379748,-61.37324087379748,36.696023463426386,61.57690079366747,61.57690079366747
26.0,10.0,23.0,521.780356685791,limit,LC2B,180.0,6.255,-7.329486131069622,-0.7505999999999999,-4.17,4.17,28.20936739483124,-53.229367394831236,28.515913255874654,53.39245689471428,53.39245689471428
26.0,10.0,23.0,521.780356685791,limit,LC3,120.0,0.0,-0.0,-0.0,-0.0,0.0,-12.51,-12.51,12.51,12.51,12.51
26.0,10.0,23.0,521.780356685791,limit,LC3,150.0,0.0,-0.0,-0.0,-0.0,0.0,-12.51,-12.51,12.51,12.51,12.51
26.0,10.0,23.0,521.780356685791,limit,LC3,180.0,0.0,-0.0,-0.0,-0.0,0.0,-12.51,-12.51,12.51,12.51,12.51
26.0,10.0,23.0,521.780356685791,limit,LC4+,120.0,0.0,-0.0,-0.0,-4.17,-4.17,-5.5461,-5.5461,6.938885012017421,6.938885012017421,6.938885012017421
26.0,10.0,23.0,521.780356685791,limit,LC4+,150.0,0.0,-0.0,-0.0,-4.17,-4.17,-5.5461,-5.5461,6.938885012017421,6.938885012017421,6.938885012017421
26.0,10.0,23.0,521.780356685791,limit,LC4+,180.0,0.0,-0.0,-0.0,-4.17,-4.17,-5.5461,-5.5461,6.938885012017421,6.938885012017421,6.938885012017421
26.0,10.0,23.0,521.780356685791,limit,LC4-,120.0,0.0,-0.0,-0.0,4.17,4.17,-5.5461,-5.5461,6.938885012017421,6.938885012017421,6.938885012017421
26.0,10.0,23.0,521.780356685791,limit,LC4-,150.0,0.0,-0.0,-0.0,4.17,4.17,-5.5461,-5.5461,6.938885012017421,6.938885012017421,6.938885012017421
26.0,10.0,23.0,521.780356685791,limit,LC4-,180.0,0.0,-0.0,-0.0,4.17,4.17,-5.5461,-5.5461,6.938885012017421,6.938885012017421,6.938885012017421
26.0,10.0,23.0,521.780356685791,limit,LC5,120.0,8.87376,10.398097657944104,1.0648512,8.87376,-8.87376,-92.19691381620088,81.10471381620088,92.62296979566986,81.58871380126939,92.62296979566986
26.0,10.0,23.0,521.780356685791,limit,LC5,150.0,8.87376,10.398097657944104,1.0648512,7.099008000000001,-7.099008000000001,-74.8667510529607,63.774551052960696,75.20256862508126,64.16844455486478,75.20256862508126
26.0,10.0,23.0,521.780356685791,limit,LC5,180.0,8.87376,10.398097657944104,1.0648512,5.915840000000001,-5.915840000000001,-63.31330921080058,52.22110921080058,63.58908936388416,52.55512734369465,63.58908936388416
26.0,10.0,23.0,521.780356685791,ultimate,LC0,120.0,0.0,-0.0,-0.0,-0.0,0.0,-5.589574468085106,-5.589574468085106,5.589574468085106,5.589574468085106,5.589574468085106
26.0,10.0,23.0,521.780356685791,ultimate,LC0,150.0,0.0,-0.0,-0.0,-0.0,0.0,-5.589574468085106,-5.589574468085106,5.589574468085106,5.589574468085106,5.589574468085106
26.0,10.0,23.0,521.780356685791,ultimate,LC0,180.0,0.0,-0.0,-0.0,-0.0,0.0,-5.589574468085106,-5.589574468085106,5.589574468085106,5.589574468085106,5.589574468085106
26.0,10.0,23.0,521.780356685791,ultimate,LC1,120.0,0.0,-0.0,-0.0,-0.0,0.0,-18.765,-18.765,18.765,18.765,18.765
26.0,10.0,23.0,521.780356685791,ultimate,LC1,150.0,0.0,-0.0,-0.0,-0.0,0.0,-18.765,-18.765,18.765,18.765,18.765
26.0,10.0,23.0,521.780356685791,ultimate,LC1,180.0,0.0,-0.0,-0.0,-0.0,0.0,-18.765,-18.765,18.765,18.765,18.765
26.0,10.0,23.0,521.780356685791,ultimate,LC2A,120.0,9.3825,10.994229196604435,1.1259,9.3825,-9.3825,-110.3835766383703,72.8535766383703,110.78161082837245,73.45525805041389,110.78161082837245
26.0,10.0,23.0,521.780356685791,ultimate,LC2A,150.0,9.3825,10.994229196604435,1.1259,7.505999999999999,-7.505999999999999,-92.05986131069623,54.52986131069623,92.36535119050122,55.04403519513959,92.36535119050122
26.0,10.0,23.0,521.780356685791,ultimate,LC2A,180.0,9.3825,10.994229196604435,1.1259,6.255,-6.255,-79.84405109224687,42.314051092246864,80.08868534207144,42.77386988381198,80.08868534207144
26.0,10.0,23.0,521.780356685791,ultimate,LC2B,120.0,9.3825,-10.994229196604435,-1.1259,-9.3825,9.3825,72.8535766383703,-110.3835766383703,73.45525805041389,110.78161082837245,110.78161082837245
26.0,10.0,23.0,521.780356685791,ultimate,LC2B,150.0,9.3825,-10.994229196604435,-1.1259,-7.505999999999999,7.505999999999999,54.52986131069623,-92.05986131069623,55.04403519513959,92.36535119050122,92.36535119050122
26.0,10.0,23.0,521.780356685791,ultimate,LC2B,180.0,9.3825,-10.994229196604435,-1.1259,-6.255,6.255,42.314051092246864,-79.84405109224687,42.77386988381198,80.08868534207144,80.08868534207144
26.0,10.0,23.0,521.780356685791,ultimate,LC3,120.0,0.0,-0.0,-0.0,-0.0,0.0,-18.765,-18.765,18.765,18.765,18.765
26.0,10.0,23.0,521.780356685791,ultimate,LC3,150.0,0.0,-0.0,-0.0,-0.0,0.0,-18.765,-18.765,18.765,18.765,18.765
26.0,10.0,23.0,521.780356685791,ultimate,LC3,180.0,0.0,-0.0,-0.0,-0.0,0.0,-18.765,-18.765,18.765,18.765,18.765
26.0,10.0,23.0,521.780356685791,ultimate,LC4+,120.0,0.0,-0.0,-0.0,-6.255,-6.255,-8.319150000000002,-8.319150000000002,10.408327518026132,10.408327518026132,10.408327518026132
26.0,10.0,23.0,521.780356685791,ultimate,LC4+,150.0,0.0,-0.0,-0.0,-6.255,-6.255,-8.319150000000002,-8.319150000000002,10.408327518026132,10.408327518026132,10.408327518026132
26.0,10.0,23.0,521.780356685791,ultimate,LC4+,180.0,0.0,-0.0,-0.0,-6.255,-6.255,-8.319150000000002,-8.319150000000002,10.408327518026132,10.408327518026132,10.408327518026132
26.0,10.0,23.0,521.780356685791,ultimate,LC4-,120.0,0.0,-0.0,-0.0,6.255,6.255,-8.319150000000002,-8.319150000000002,10.408327518026132,10.408327518026132,10.408327518026132
26.0,10.0,23.0,521.780356685791,ultimate,LC4-,150.0,0.0,-0.0,-0.0,6.255,6.255,-8.319150000000002,-8.319150000000002,10.408327518026132,10.408327518026132,10.408327518026132
26.0,10.0,23.0,521.780356685791,ultimate,LC4-,180.0,0.0,-0.0,-0.0,6.255,6.255,-8.319150000000002,-8.319150000000002,10.408327518026132,10.408327518026132,10.408327518026132
26.0,10.0,23.0,521.780356685791,ultimate,LC5,120.0,13.31064,15.597146486916156,1.5972768,13.31064,-13.31064,-138.2953707243013,121.65707072430129,138.9344546935048,122.38307070190406,138.9344546935048
26.0,10.0,23.0,521.780356685791,ultimate,LC5,150.0,13.31064,15.597146486916156,1.5972768,10.648512,-10.648512,-112.30012657944106,95.66182657944104,112.8038529376219,96.25266683229715,112.8038529376219
26.0,10.0,23.0,521.780356685791,ultimate,LC5,180.0,13.31064,15.597146486916156,1.5972768,8.87376,-8.87376,-94.96996381620087,78.33166381620086,95.38363404582624,78.83269101554197,95.38363404582624
26.0,15.0,28.0,526.780356685791,limit,LC0,120.0,0.0,-0.0,-0.0,-0.0,0.0,-3.726382978723404,-3.726382978723404,3.726382978723404,3.726382978723404,3.726382978723404
26.0,15.0,28.0,526.780356685791,limit,LC0,150.0,0.0,-0.0,-0.0,-0.0,0.0,-3.726382978723404,-3.726382978723404,3.726382978723404,3.726382978723404,3.726382978723404
26.0,15.0,28.0,526.780356685791,limit,LC0,180.0,0.0,-0.0,-0.0,-0.0,0.0,-3.726382978723404,-3.726382978723404,3.726382978723404,3.726382978723404,3.726382978723404
26.0,15.0,28.0,526.780356685791,limit,LC1,120.0,0.0,-0.0,-0.0,-0.0,0.0,-12.51,-12.51,12.51,12.51,12.51
26.0,15.0,28.0,526.780356685791,limit,LC1,150.0,0.0,-0.0,-0.0,-0.0,0.0,-12.51,-12.51,12.51,12.51,12.51
26.0,15.0,28.0,526.780356685791,limit,LC1,180.0,0.0,-0.0,-0.0,-0.0,0.0,-12.51,-12.51,12.51,12.51,12.51
26.0,15.0,28.0,526.780356685791,limit,LC2A,120.0,6.255,7.360761131069623,0.7505999999999999,6.255,-6.255,-73.84967609224687,48.829676092246864,74.11409909005019,49.228673476681706,74.11409909005019
26.0,15.0,28.0,526.780356685791,limit,LC2A,150.0,6.255,7.360761131069623,0.7505999999999999,5.004,-5.004,-61.581740873797486,36.56174087379749,61.784713522420255,36.902586789041145,61.784713522420255
26.0,15.0,28.0,526.780356685791,limit,LC2A,180.0,6.255,7.360761131069623,0.7505999999999999,4.17,-4.17,-53.403117394831234,28.38311739483124,53.56567788692799,28.68780669637837,53.56567788692799
26.0,15.0,28.0,526.780356685791,limit,LC2B,120.0,6.255,-7.360761131069623,-0.7505999999999999,-6.255,6.255,48.829676092246864,-73.84967609224687,49.228673476681706,74.11409909005019,74.11409909005019
26.0,15.0,28.0,526.780356685791,limit,LC2B,150.0,6.255,-7.360761131069623,-0.7505999999999999,-5.004,5.004,36.56174087379749,-61.581740873797486,36.902586789041145,61.784713522420255,61.784713522420255
26.0,15.0,28.0,526.780356685791,limit,LC2B,180.0,6.255,-7.360761131069623,-0.7505999999999999,-4.17,4.17,28.38311739483124,-53.403117394831234,28.68780669637837,53.56567788692799,53.56567788692799
26.0,15.0,28.0,526.780356685791,limit,LC3,120.0,0.0,-0.0,-0.0,-0.0,0.0,-12.51,-12.51,12.51,12.51,12.51
26.0,15.0,28.0,526.780356685791,limit,LC3,150.0,0.0,-0.0,-0.0,-0.0,0.0,-12.51,-12.51,12.51,12.51,12.51
26.0,15.0,28.0,526.780356685791,limit,LC3,180.0,0.0,-0.0,-0.0,-0.0,0.0,-12.51,-12.51,12.51,12.51,12.51
26.0,15.0,28.0,526.780356685791,limit,LC4+,120.0,0.0,-0.0,-0.0,-4.17,-4.17,-5.5461,-5.5461,6.938885012017421,6.938885012017421,6.938885012017421
26.0,15.0,28.0,526.780356685791,limit,LC4+,150.0,0.0,-0.0,-0.0,-4.17,-4.17,-5.5461,-5.5461,6.938885012017421,6.938885012017421,6.938885012017421
26.0,15.0,28.0,526.780356685791,limit,LC4+,180.0,0.0,-0.0,-0.0,-4.17,-4.17,-5.5461,-5.5461,6.938885012017421,6.938885012017421,6.938885012017421
26.0,15.0,28.0,526.780356685791,limit,LC4-,120.0,0.0,-0.0,-0.0,4.17,4.17,-5.5461,-5.5461,6.938885012017421,6.938885012017421,6.938885012017421
26.0,15.0,28.0,526.780356685791,limit,LC4-,150.0,0.0,-0.0,-0.0,4.17,4.17,-5.5461,-5.5461,6.938885012017421,6.938885012017421,6.938885012017421
26.0,15.0,28.0,526.780356685791,limit,LC4-,180.0,0.0,-0.0,-0.0,4.17,4.17,-5.5461,-5.5461,6.938885012017421,6.938885012017421,6.938885012017421
26.0,15.0,28.0,526.780356685791,limit,LC5,120.0,8.87376,10.442466457944105,1.0648512,8.87376,-8.87376,-92.56665381620088,81.47445381620089,92.99101577714902,81.95627029816481,92.99101577714902
26.0,15.0,28.0,526.780356685791,limit,LC5,150.0,8.87376,10.442466457944105,1.0648512,7.099008000000001,-7.099008000000001,-75.1625430529607,64.07034305296071,75.49704492741577,64.46242916232784,75.49704492741577
26.0,15.0,28.0,526.780356685791,limit,LC5,180.0,8.87376,10.442466457944105,1.0648512,5.915840000000001,-5.915840000000001,-63.55980254413392,52.46760254413392,63.83451779683852,52.80006136014245,63.83451779683852
26.0,15.0,28.0,526.780356685791,ultimate,LC0,120.0,0.0,-0.0,-0.0,-0.0,0.0,-5.589574468085106,-5.589574468085106,5.589574468085106,5.589574468085106,5.589574468085106
26.0,15.0,28.0,526.780356685791,ultimate,LC0,150.0,0.0,-0.0,-0.0,-0.0,0.0,-5.589574468085106,-5.589574468085106,5.589574468085106,5.589574468085106,5.589574468085106
26.0,15.0,28.0,526.780356685791,ultimate,LC0,180.0,0.0,-0.0,-0.0,-0.0,0.0,-5.589574468085106,-5.589574468085106,5.589574468085106,5.589574468085106,5.589574468085106
26.0,15.0,28.0,526.780356685791,ultimate,LC1,120.0,0.0,-0.0,-0.0,-0.0,0.0,-18.765,-18.765,18.765,18.765,18.765
26.0,15.0,28.0,526.780356685791,ultimate,LC1,150.0,0.0,-0.0,-0.0,-0.0,0.0,-18.765,-18.765,18.765,18.765,18.765
26.0,15.0,28.0,526.780356685791,ultimate,LC1,180.0,0.0,-0.0,-0.0,-0.0,0.0,-18.765,-18.765,18.765,18.765,18.765
26.0,15.0,28.0,526.780356685791,ultimate,LC2A,120.0,9.3825,11.041141696604434,1.1259,9.3825,-9.3825,-110.7745141383703,73.24451413837029,111.17114863507528,73.84301021502256,111.17114863507528
26.0,15.0,28.0,526.780356685791,ultimate,LC2A,150.0,9.3825,11.041141696604434,1.1259,7.505999999999999,-7.505999999999999,-92.37261131069623,54.84261131069623,92.67707028363037,55.353880183561714,92.67707028363037
26.0,15.0,28.0,526.780356685791,ultimate,LC2A,180.0,9.3825,11.041141696604434,1.1259,6.255,-6.255,-80.10467609224686,42.57467609224686,80.348516830392,43.03171004456756,80.348516830392
26.0,15.0,28.0,526.780356685791,ultimate,LC2B,120.0,9.3825,-11.041141696604434,-1.1259,-9.3825,9.3825,73.24451413837029,-110.7745141383703,73.84301021502256,111.17114863507528,111.17114863507528
26.0,15.0,28.0,526.780356685791,ultimate,LC2B,150.0,9.3825,-11.041141696604434,-1.1259,-7.505999999999999,7.505999999999999,54.84261131069623,-92.37261131069623,55.353880183561714,92.67707028363037,92.67707028363037
26.0,15.0,28.0,526.780356685791,ultimate,LC2B,180.0,9.3825,-11.041141696604434,-1.1259,-6.255,6.255,42.57467609224686,-80.10467609224686,43.03171004456756,80.348516830392,80.348516830392
26.0,15.0,28.0,526.780356685791,ultimate,LC3,120.0,0.0,-0.0,-0.0,-0.0,0.0,-18.765,-18.765,18.765,18.765,18.765
26.0,15.0,28.0,526.780356685791,ultimate,LC3,150.0,0.0,-0.0,-0.0,-0.0,0.0,-18.765,-18.765,18.765,18.765,18.765
26.0,15.0,28.0,526.780356685791,ultimate,LC3,180.0,0.0,-0.0,-0.0,-0.0,0.0,-18.765,-18.765,18.765,18.765,18.765
26.0,15.0,28.0,526.780356685791,ultimate,LC4+,120.0,0.0,-0.0,-0.0,-6.255,-6.255,-8.319150000000002,-8.319150000000002,10.408327518026132,10.408327518026132,10.408327518026132
26.0,15.0,28.0,526.780356685791,ultimate,LC4+,150.0,0.0,-0.0,-0.0,-6.255,-6.255,-8.319150000000002,-8.319150000000002,10.408327518026132,10.408327518026132,10.408327518026132
26.0,15.0,28.0,526.780356685791,ultimate,LC4+,180.0,0.0,-0.0,-0.0,-6.255,-6.255,-8.319150000000002,-8.319150000000002,10.408327518026132,10.408327518026132,10.408327518026132
26.0,15.0,28.0,526.780356685791,ultimate,LC4-,120.0,0.0,-0.0,-0.0,6.255,6.255,-8.319150000000002,-8.319150000000002,10.408327518026132,10.408327518026132,10.408327518026132
26.0,15.0,28.0,526.780356685791,ultimate,LC4-,150.0,0.0,-0.0,-0.0,6.255,6.255,-8.319150000000002,-8.319150000000002,10.408327518026132,10.408327518026132,10.408327518026132
26.0,15.0,28.0,526.780356685791,ultimate,LC4-,180.0,0.0,-0.0,-0.0,6.255,6.255,-8.319150000000002,-8.319150000000002,10.408327518026132,10.408327518026132,10.408327518026132
26.0,15.0,28.0,526.780356685791,ultimate,LC5,120.0,13.31064,15.663699686916157,1.5972768,13.31064,-13.31064,-138.84998072430133,122.21168072430132,139.48652366572352,122.9344054472472,139.48652366572352
26.0,15.0,28.0,526.780356685791,ultimate,LC5,150.0,13.31064,15.663699686916157,1.5972768,10.648512,-10.648512,-112.74381457944106,96.10551457944105,113.24556739112367,96.69364374349175,113.24556739112367
26.0,15.0,28.0,526.780356685791,ultimate,LC5,180.0,13.31064,15.663699686916157,1.5972768,8.87376,-8.87376,-95.33970381620088,78.70140381620087,95.75177669525777,79.20009204021366,95.75177669525777
26.0,20.0,33.0,531.780356685791,limit,LC0,120.0,0.0,-0.0,-0.0,-0.0,0.0,-3.726382978723404,-3.726382978723404,3.726382978723404,3.726382978723404,3.726382978723404
26.0,20.0,33.0,531.780356685791,limit,LC0,150.0,0.0,-0.0,-0.0,-0.0,0.0,-3.726382978723404,-3.726382978723404,3.726382978723404,3.726382978723404,3.726382978723404
26.0,20.0,33.0,531.780356685791,limit,LC0,180.0,0.0,-0.0,-0.0,-0.0,0.0,-3.726382978723404,-3.726382978723404,3.726382978723404,3.726382978723404,3.726382978723404
26.0,20.0,33.0,531.780356685791,limit,LC1,120.0,0.0,-0.0,-0.0,-0.0,0.0,-12.51,-12.51,12.51,12.51,12.51
26.0,20.0,33.0,531.780356685791,limit,LC1,150.0,0.0,-0.0,-0.0,-0.0,0.0,-12.51,-12.51,12.51,12.51,12.51
26.0,20.0,33.0,531.780356685791,limit,LC1,180.0,0.0,-0.0,-0.0,-0.0,0.0,-12.51,-12.51,12.51,12.51,12.51
26.0,20.0,33.0,531.780356685791,limit,LC2A,120.0,6.255,7.392036131069624,0.7505999999999999,6.255,-6.255,-74.11030109224687,49.09030109224687,74.37379748932743,49.48719719611785,74.37379748932743
26.0,20.0,33.0,531.780356685791,limit,LC2A,150.0,6.255,7.392036131069624,0.7505999999999999,5.004,-5.004,-61.790240873797494,36.7702408737975,61.992530866564195,37.109171776221146,61.992530866564195
26.0,20.0,33.0,531.780356685791,limit,LC2A,180.0,6.255,7.392036131069624,0.7505999999999999,4.17,-4.17,-53.57686739483124,28.556867394831244,53.738902294737386,28.85972237229554,53.738902294737386
26.0,20.0,33.0,531.780356685791,limit,LC2B,120.0,6.255,-7.392036131069624,-0.7505999999999999,-6.255,6.255,49.09030109224687,-74.11030109224687,49.48719719611785,74.37379748932743,74.37379748932743
26.0,20.0,33.0,531.780356685791,limit,LC2B,150.0,6.255,-7.392036131069624,-0.7505999999999999,-5.004,5.004,36.7702408737975,-61.790240873797494,37.109171776221146,61.992530866564195,61.992530866564195
26.0,20.0,33.0,531.780356685791,limit,LC2B,180.0,6.255,-7.392036131069624,-0.7505999999999999,-4.17,4.17,28.556867394831244,-53.57686739483124,28.85972237229554,53.738902294737386,53.738902294737386
26.0,20.0,33.0,531.780356685791,limit,LC3,120.0,0.0,-0.0,-0.0,-0.0,0.0,-12.51,-12.51,12.51,12.51,12.51
26.0,20.0,33.0,531.780356685791,limit,LC3,150.0,0.0,-0.0,-0.0,-0.0,0.0,-12.51,-12.51,12.51,12.51,12.51
26.0,20.0,33.0,531.780356685791,limit,LC3,180.0,0.0,-0.0,-0.0,-0.0,0.0,-12.51,-12.51,12.51,12.51,12.51
26.0,20.0,33.0,531.780356685791,limit,LC4+,120.0,0.0,-0.0,-0.0,-4.17,-4.17,-5.5461,-5.5461,6.938885012017421,6.938885012017421,6.938885012017421
26.0,20.0,33.0,531.780356685791,limit,LC4+,150.0,0.0,-0.0,-0.0,-4.17,-4.17,-5.5461,-5.5461,6.938885012017421,6.938885012017421,6.938885012017421
26.0,20.0,33.0,531.780356685791,limit,LC4+,180.0,0.0,-0.0,-0.0,-4.17,-4.17,-5.5461,-5.5461,6.938885012017421,6.938885012017421,6.938885012017421
26.0,20.0,33.0,531.780356685791,limit,LC4-,120.0,0.0,-0.0,-0.0,4.17,4.17,-5.5461,-5.5461,6.938885012017421,6.938885012017421,6.938885012017421
26.0,20.0,33.0,531.780356685791,limit,LC4-,150.0,0.0,-0.0,-0.0,4.17,4.17,-5.5461,-5.5461,6.938885012017421,6.938885012017421,6.938885012017421
26.0,20.0,33.0,531.780356685791,limit,LC4-,180.0,0.0,-0.0,-0.0,4.17,4.17,-5.5461,-5.5461,6.938885012017421,6.938885012017421,6.938885012017421
26.0,20.0,33.0,531.780356685791,limit,LC5,120.0,8.87376,10.486835257944108,1.0648512,8.87376,-8.87376,-92.9363938162009,81.84419381620091,93.35907514589884,82.32384635062589,93.35907514589884
26.0,20.0,33.0,531.780356685791,limit,LC5,150.0,8.87376,10.486835257944108,1.0648512,7.099008000000001,-7.099008000000001,-75.45833505296072,64.36613505296073,75.79153147647133,64.7564302308276,75.79153147647133
26.0,20.0,33.0,531.780356685791,limit,LC5,180.0,8.87376,10.486835257944108,1.0648512,5.915840000000001,-5.915840000000001,-63.80629587746727,52.714095877467265,64.07995440470052,53.04500982264412,64.07995440470052
26.0,20.0,33.0,531.780356685791,ultimate,LC0,120.0,0.0,-0.0,-0.0,-0.0,0.0,-5.589574468085106,-5.589574468085106,5.589574468085106,5.589574468085106,5.589574468085106
26.0,20.0,33.0,531.780356685791,ultimate,LC0,150.0,0.0,-0.0,-0.0,-0.0,0.0,-5.589574468085106,-5.589574468085106,5.589574468085106,5.589574468085106,5.589574468085106
26.0,20.0,33.0,531.780356685791,ultimate,LC0,180.0,0.0,-0.0,-0.0,-0.0,0.0,-5.589574468085106,-5.589574468085106,5.589574468085106,5.589574468085106,5.589574468085106
26.0,20.0,33.0,531.780356685791,ultimate,LC1,120.0,0.0,-0.0,-0.0,-0.0,0.0,-18.765,-18.765,18.765,18.765,18.765
26.0,20.0,33.0,531.780356685791,ultimate,LC1,150.0,0.0,-0.0,-0.0,-0.0,0.0,-18.765,-18.765,18.765,18.765,18.765
26.0,20.0,33.0,531.780356685791,ultimate,LC1,180.0,0.0,-0.0,-0.0,-0.0,0.0,-18.765,-18.765,18.765,18.765,18.765
26.0,20.0,33.0,531.780356685791,ultimate,LC2A,120.0,9.3825,11.088054196604435,1.1259,9.3825,-9.3825,-111.1654516383703,73.6354516383703,111.56069623399114,74.23079579417677,111.56069623399114
26.0,20.0,33.0,531.780356685791,ultimate,LC2A,150.0,9.3825,11.088054196604435,1.1259,7.505999999999999,-7.505999999999999,-92.68536131069624,55.155361310696236,92.98879629984629,55.66375766433171,92.98879629984629
26.0,20.0,33.0,531.780356685791,ultimate,LC2A,180.0,9.3825,11.088054196604435,1.1259,6.255,-6.255,-80.36530109224687,42.835301092246866,80.60835344210608,43.28958355844331,80.60835344210608
26.0,20.0,33.0,531.780356685791,ultimate,LC2B,120.0,9.3825,-11.088054196604435,-1.1259,-9.3825,9.3825,73.6354516383703,-111.1654516383703,74.23079579417677,111.56069623399114,111.56069623399114
26.0,20.0,33.0,531.780356685791,ultimate,LC2B,150.0,9.3825,-11.088054196604435,-1.1259,-7.505999999999999,7.505999999999999,55.155361310696236,-92.68536131069624,55.66375766433171,92.98879629984629,92.98879629984629
26.0,20.0,33.0,531.780356685791,ultimate,LC2B,180.0,9.3825,-11.088054196604435,-1.1259,-6.255,6.255,42.835301092246866,-80.36530109224687,43.28958355844331,80.60835344210608,80.60835344210608
26.0,20.0,33.0,531.780356685791,ultimate,LC3,120.0,0.0,-0.0,-0.0,-0.0,0.0,-18.765,-18.765,18.765,18.765,18.765
26.0,20.0,33.0,531.780356685791,ultimate,LC3,150.0,0.0,-0.0,-0.0,-0.0,0.0,-18.765,-18.765,18.765,18.765,18.765
26.0,20.0,33.0,531.780356685791,ultimate,LC3,180.0,0.0,-0.0,-0.0,-0.0,0.0,-18.765,-18.765,18.765,18.765,18.765
26.0,20.0,33.0,531.780356685791,ultimate,LC4+,120.0,0.0,-0.0,-0.0,-6.255,-6.255,-8.319150000000002,-8.319150000000002,10.408327518026132,10.408327518026132,10.408327518026132
26.0,20.0,33.0,531.780356685791,ultimate,LC4+,150.0,0.0,-0.0,-0.0,-6.255,-6.255,-8.319150000000002,-8.319150000000002,10.408327518026132,10.408327518026132,10.408327518026132
26.0,20.0,33.0,531.780356685791,ultimate,LC4+,180.0,0.0,-0.0,-0.0,-6.255,-6.255,-8.319150000000002,-8.319150000000002,10.408327518026132,10.408327518026132,10.408327518026132
26.0,20.0,33.0,531.780356685791,ultimate,LC4-,120.0,0.0,-0.0,-0.0,6.255,6.255,-8.319150000000002,-8.319150000000002,10.408327518026132,10.408327518026132,10.408327518026132
26.0,20.0,33.0,531.780356685791,ultimate,LC4-,150.0,0.0,-0.0,-0.0,6.255,6.255,-8.319150000000002,-8.319150000000002,10.408327518026132,10.408327518026132,10.408327518026132
26.0,20.0,33.0,531.780356685791,ultimate,LC4-,180.0,0.0,-0.0,-0.0,6.255,6.255,-8.319150000000002,-8.319150000000002,10.408327518026132,10.408327518026132,10.408327518026132
26.0,20.0,33.0,531.780356685791,ultimate,LC5,120.0,13.31064,15.730252886916158,1.5972768,13.31064,-13.31064,-139.40459072430133,122.76629072430131,140.0386127188482,123.48576952593878,140.0386127188482
26.0,20.0,33.0,531.780356685791,ultimate,LC5,150.0,13.31064,15.730252886916158,1.5972768,10.648512,-10.648512,-113.18750257944107,96.54920257944106,113.68729721470699,97.13464534624138,113.68729721470699
26.0,20.0,33.0,531.780356685791,ultimate,LC5,180.0,13.31064,15.730252886916158,1.5972768,8.87376,-8.87376,-95.70944381620089,79.07114381620087,96.11993160705076,79.56751473396616,96.11993160705076
28.0,5.0,19.0,517.780356685791,limit,LC0,120.0,0.0,-0.0,-0.0,-0.0,0.0,-3.726382978723404,-3.726382978723404,3.726382978723404,3.726382978723404,3.726382978723404
28.0,5.0,19.0,517.780356685791,limit,LC0,150.0,0.0,-0.0,-0.0,-0.0,0.0,-3.726382978723404,-3.726382978723404,3.726382978723404,3.726382978723404,3.726382978723404
28.0,5.0,19.0,517.780356685791,limit,LC0,180.0,0.0,-0.0,-0.0,-0.0,0.0,-3.726382978723404,-3.726382978723404,3.726382978723404,3.726382978723404,3.726382978723404
28.0,5.0,19.0,517.780356685791,limit,LC1,120.0,0.0,-0.0,-0.0,-0.0,0.0,-12.51,-12.51,12.51,12.51,12.51
28.0,5.0,19.0,517.780356685791,limit,LC1,150.0,0.0,-0.0,-0.0,-0.0,0.0,-12.51,-12.51,12.51,12.51,12.51
28.0,5.0,19.0,517.780356685791,limit,LC1,180.0,0.0,-0.0,-0.0,-0.0,0.0,-12.51,-12.51,12.51,12.51,12.51
28.0,5.0,19.0,517.780356685791,limit,LC2A,120.0,6.255,7.304466131069622,0.7505999999999999,6.255,-6.255,-73.38055109224686,48.36055109224686,73.6466584686763,48.76338715620377,73.6466584686763
28.0,5.0,19.0,517.780356685791,limit,LC2A,150.0,6.255,7.304466131069622,0.7505999999999999,5.004,-5.004,-61.20644087379748,36.18644087379749,61.41065396523365,36.530788646193244,61.41065396523365
28.0,5.0,19.0,517.780356685791,limit,LC2A,180.0,6.255,7.304466131069622,0.7505999999999999,4.17,-4.17,-53.09036739483123,28.070367394831237,53.253882582570064,28.3784147844943,53.253882582570064
28.0,5.0,19.0,517.780356685791,limit,LC2B,120.0,6.255,-7.304466131069622,-0.7505999999999999,-6.255,6.255,48.36055109224686,-73.38055109224686,48.76338715620377,73.6466584686763,73.6466584686763
28.0,5.0,19.0,517.780356685791,limit,LC2B,150.0,6.255,-7.304466131069622,-0.7505999999999999,-5.004,5.004,36.18644087379749,-61.20644087379748,36.530788646193244,61.41065396523365,61.41065396523365
28.0,5.0,19.0,517.780356685791,limit,LC2B,180.0,6.255,-7.304466131069622,-0.7505999999999999,-4.17,4.17,28.070367394831237,-53.09036739483123,28.3784147844943,53.253882582570064,53.253882582570064
28.0,5.0,19.0,517.780356685791,limit,LC3,120.0,0.0,-0.0,-0.0,-0.0,0.0,-12.51,-12.51,12.51,12.51,12.51
28.0,5.0,19.0,517.780356685791,limit,LC3,150.0,0.0,-0.0,-0.0,-0.0,0.0,-12.51,-12.51,12.51,12.51,12.51
28.0,5.0,19.0,517.780356685791,limit,LC3,180.0,0.0,-0.0,-0.0,-0.0,0.0,-12.51,-12.51,12.51,12.51,12.51
28.0,5.0,19.0,517.780356685791,limit,LC4+,120.0,0.0,-0.0,-0.0,-4.17,-4.17,-5.5461,-5.5461,6.938885012017421,6.938885012017421,6.938885012017421
28.0,5.0,19.0,517.780356685791,limit,LC4+,150.0,0.0,-0.0,-0.0,-4.17,-4.17,-5.5461,-5.5461,6.938885012017421,6.938885012017421,6.938885012017421
28.0,5.0,19.0,517.780356685791,limit,LC4+,180.0,0.0,-0.0,-0.0,-4.17,-4.17,-5.5461,-5.5461,6.938885012017421,6.938885012017421,6.938885012017421
28.0,5.0,19.0,517.780356685791,limit,LC4-,120.0,0.0,-0.0,-0.0,4.17,4.17,-5.5461,-5.5461,6.938885012017421,6.938885012017421,6.938885012017421
28.0,5.0,19.0,517.780356685791,limit,LC4-,150.0,0.0,-0.0,-0.0,4.17,4.17,-5.5461,-5.5461,6.938885012017421,6.938885012017421,6.938885012017421
28.0,5.0,19.0,517.780356685791,limit,LC4-,180.0,0.0,-0.0,-0.0,4.17,4.17,-5.5461,-5.5461,6.938885012017421,6.938885012017421,6.938885012017421
28.0,5.0,19.0,517.780356685791,limit,LC5,120.0,8.87376,10.362602617944106,1.0648512,8.87376,-8.87376,-91.90112181620088,80.8089218162009,92.32854275690586,81.29468286200807,92.32854275690586
28.0,5.0,19.0,517.780356685791,limit,LC5,150.0,8.87376,10.362602617944106,1.0648512,7.099008000000001,-7.099008000000001,-74.6301174529607,63.537917452960706,74.96699504199681,63.933268873437974,74.96699504199681
28.0,5.0,19.0,517.780356685791,limit,LC5,180.0,8.87376,10.362602617944106,1.0648512,5.915840000000001,-5.915840000000001,-63.11611454413392,52.023914544133916,63.392752567259876,52.35919066793287,63.392752567259876
28.0,5.0,19.0,517.780356685791,ultimate,LC0,120.0,0.0,-0.0,-0.0,-0.0,0.0,-5.589574468085106,-5.589574468085106,5.589574468085106,5.589574468085106,5.589574468085106
28.0,5.0,19.0,517.780356685791,ultimate,LC0,150.0,0.0,-0.0,-0.0,-0.0,0.0,-5.589574468085106,-5.589574468085106,5.589574468085106,5.589574468085106,5.589574468085106
28.0,5.0,19.0,517.780356685791,ultimate,LC0,180.0,0.0,-0.0,-0.0,-0.0,0.0,-5.589574468085106,-5.589574468085106,5.589574468085106,5.589574468085106,5.589574468085106
28.0,5.0,19.0,517.780356685791,ultimate,LC1,120.0,0.0,-0.0,-0.0,-0.0,0.0,-18.765,-18.765,18.765,18.765,18.765
28.0,5.0,19.0,517.780356685791,ultimate,LC1,150.0,0.0,-0.0,-0.0,-0.0,0.0,-18.765,-18.765,18.765,18.765,18.765
28.0,5.0,19.0,517.780356685791,ultimate,LC1,180.0,0.0,-0.0,-0.0,-0.0,0.0,-18.765,-18.765,18.765,18.765,18.765
28.0,5.0,19.0,517.780356685791,ultimate,LC2A,120.0,9.3825,10.956699196604434,1.1259,9.3825,-9.3825,-110.07082663837029,72.54082663837029,110.46998770301447,73.14508073430567,110.46998770301447
28.0,5.0,19.0,517.780356685791,ultimate,LC2A,150.0,9.3825,10.956699196604434,1.1259,7.505999999999999,-7.505999999999999,-91.80966131069623,54.27966131069623,92.11598094785047,54.796182969289866,92.11598094785047
28.0,5.0,19.0,517.780356685791,ultimate,LC2A,180.0,9.3825,10.956699196604434,1.1259,6.255,-6.255,-79.63555109224686,42.10555109224686,79.8808238738551,42.56762217674146,79.8808238738551
28.0,5.0,19.0,517.780356685791,ultimate,LC2B,120.0,9.3825,-10.956699196604434,-1.1259,-9.3825,9.3825,72.54082663837029,-110.07082663837029,73.14508073430567,110.46998770301447,110.46998770301447
28.0,5.0,19.0,517.780356685791,ultimate,LC2B,150.0,9.3825,-10.956699196604434,-1.1259,-7.505999999999999,7.505999999999999,54.27966131069623,-91.80966131069623,54.796182969289866,92.11598094785047,92.11598094785047
28.0,5.0,19.0,517.780356685791,ultimate,LC2B,180.0,9.3825,-10.956699196604434,-1.1259,-6.255,6.255,42.10555109224686,-79.63555109224686,42.56762217674146,79.8808238738551,79.8808238738551
28.0,5.0,19.0,517.780356685791,ultimate,LC3,120.0,0.0,-0.0,-0.0,-0.0,0.0,-18.765,-18.765,18.765,18.765,18.765
28.0,5.0,19.0,517.780356685791,ultimate,LC3,150.0,0.0,-0.0,-0.0,-0.0,0.0,-18.765,-18.765,18.765,18.765,18.765
28.0,5.0,19.0,517.780356685791,ultimate,LC3,180.0,0.0,-0.0,-0.0,-0.0,0.0,-18.765,-18.765,18.765,18.765,18.765
28.0,5.0,19.0,517.780356685791,ultimate,LC4+,120.0,0.0,-0.0,-0.0,-6.255,-6.255,-8.319150000000002,-8.319150000000002,10.408327518026132,10.408327518026132,10.408327518026132
28.0,5.0,19.0,517.780356685791,ultimate,LC4+,150.0,0.0,-0.0,-0.0,-6.255,-6.255,-8.319150000000002,-8.319150000000002,10.408327518026132,10.408327518026132,10.408327518026132
28.0,5.0,19.0,517.780356685791,ultimate,LC4+,180.0,0.0,-0.0,-0.0,-6.255,-6.255,-8.319150000000002,-8.319150000000002,10.408327518026132,10.408327518026132,10.408327518026132
28.0,5.0,19.0,517.780356685791,ultimate,LC4-,120.0,0.0,-0.0,-0.0,6.255,6.255,-8.319150000000002,-8.319150000000002,10.408327518026132,10.408327518026132,10.408327518026132
28.0,5.0,19.0,517.780356685791,ultimate,LC4-,150.0,0.0,-0.0,-0.0,6.255,6.255,-8.319150000000002,-8.319150000000002,10.408327518026132,10.408327518026132,10.408327518026132
28.0,5.0,19.0,517.780356685791,ultimate,LC4-,180.0,0.0,-0.0,-0.0,6.255,6.255,-8.319150000000002,-8.319150000000002,10.408327518026132,10.408327518026132,10.408327518026132
28.0,5.0,19.0,517.780356685791,ultimate,LC5,120.0,13.31064,15.543903926916155,1.5972768,13.31064,-13.31064,-137.8516827243013,121.21338272430128,138.49281413535877,121.94202429301205,138.49281413535877
28.0,5.0,19.0,517.780356685791,ultimate,LC5,150.0,13.31064,15.543903926916155,1.5972768,10.648512,-10.648512,-111.94517617944105,95.30687617944103,112.45049256299521,95.89990331015693,112.45049256299521
28.0,5.0,19.0,517.780356685791,ultimate,LC5,180.0,13.31064,15.543903926916155,1.5972768,8.87376,-8.87376,-94.67417181620087,78.03587181620085,95.0891288508898,78.53878600189928,95.0891288508898
28.0,10.0,24.0,522.780356685791,limit,LC0,120.0,0.0,-0.0,-0.0,-0.0,0.0,-3.726382978723404,-3.726382978723404,3.726382978723404,3.726382978723404,3.726382978723404
28.0,10.0,24.0,522.780356685791,limit,LC0,150.0,0.0,-0.0,-0.0,-0.0,0.0,-3.726382978723404,-3.726382978723404,3.726382978723404,3.726382978723404,3.726382978723404
28.0,10.0,24.0,522.780356685791,limit,LC0,180.0,0.0,-0.0,-0.0,-0.0,0.0,-3.726382978723404,-3.726382978723404,3.726382978723404,3.726382978723404,3.726382978723404
28.0,10.0,24.0,522.780356685791,limit,LC1,120.0,0.0,-0.0,-0.0,-0.0,0.0,-12.51,-12.51,12.51,12.51,12.51
28.0,10.0,24.0,522.780356685791,limit,LC1,150.0,0.0,-0.0,-0.0,-0.0,0.0,-12.51,-12.51,12.51,12.51,12.51
28.0,10.0,24.0,522.780356685791,limit,LC1,180.0,0.0,-0.0,-0.0,-0.0,0.0,-12.51,-12.51,12.51,12.51,12.51
28.0,10.0,24.0,522.780356685791,limit,LC2A,120.0,6.255,7.335741131069623,0.7505999999999999,6.255,-6.255,-73.64117609224687,48.62117609224686,73.90634506758748,49.021870523198906,73.90634506758748
28.0,10.0,24.0,522.780356685791,limit,LC2A,150.0,6.255,7.335741131069623,0.7505999999999999,5.004,-5.004,-61.41494087379749,36.394940873797495,61.61846296794526,36.73733437808486,61.61846296794526
28.0,10.0,24.0,522.780356685791,limit,LC2A,180.0,6.255,7.335741131069623,0.7505999999999999,4.17,-4.17,-53.26411739483124,28.244117394831243,53.427100818314706,28.55029014586382,53.427100818314706
28.0,10.0,24.0,522.780356685791,limit,LC2B,120.0,6.255,-7.335741131069623,-0.7505999999999999,-6.255,6.255,48.62117609224686,-73.64117609224687,49.021870523198906,73.90634506758748,73.90634506758748
28.0,10.0,24.0,522.780356685791,limit,LC2B,150.0,6.255,-7.335741131069623,-0.7505999999999999,-5.004,5.004,36.394940873797495,-61.41494087379749,36.73733437808486,61.61846296794526,61.61846296794526
28.0,10.0,24.0,522.780356685791,limit,LC2B,180.0,6.255,-7.335741131069623,-0.7505999999999999,-4.17,4.17,28.244117394831243,-53.26411739483124,28.55029014586382,53.427100818314706,53.427100818314706
28.0,10.0,24.0,522.780356685791,limit,LC3,120.0,0.0,-0.0,-0.0,-0.0,0.0,-12.51,-12.51,12.51,12.51,12.51
28.0,10.0,24.0,522.780356685791,limit,LC3,150.0,0.0,-0.0,-0.0,-0.0,0.0,-12.51,-12.51,12.51,12.51,12.51
28.0,10.0,24.0,522.780356685791,limit,LC3,180.0,0.0,-0.0,-0.0,-0.0,0.0,-12.51,-12.51,12.51,12.51,12.51
28.0,10.0,24.0,522.780356685791,limit,LC4+,120.0,0.0,-0.0,-0.0,-4.17,-4.17,-5.5461,-5.5461,6.938885012017421,6.938885012017421,6.938885012017421
28.0,10.0,24.0,522.780356685791,limit,LC4+,150.0,0.0,-0.0,-0.0,-4.17,-4.17,-5.5461,-5.5461,6.938885012017421,6.938885012017421,6.938885012017421
28.0,10.0,24.0,522.780356685791,limit,LC4+,180.0,0.0,-0.0,-0.0,-4.17,-4.17,-5.5461,-5.5461,6.938885012017421,6.938885012017421,6.938885012017421
28.0,10.0,24.0,522.780356685791,limit,LC4-,120.0,0.0,-0.0,-0.0,4.17,4.17,-5.5461,-5.5461,6.938885012017421,6.938885012017421,6.938885012017421
28.0,10.0,24.0,522.780356685791,limit,LC4-,150.0,0.0,-0.0,-0.0,4.17,4.17,-5.5461,-5.5461,6.938885012017421,6.938885012017421,6.938885012017421
28.0,10.0,24.0,522.780356685791,limit,LC4-,180.0,0.0,-0.0,-0.0,4.17,4.17,-5.5461,-5.5461,6.938885012017421,6.938885012017421,6.938885012017421
28.0,10.0,24.0,522.780356685791,limit,LC5,120.0,8.87376,10.406971417944106,1.0648512,8.87376,-8.87376,-92.27086181620089,81.1786618162009,92.69657791332989,81.6622235235284,92.69657791332989
28.0,10.0,24.0,522.780356685791,limit,LC5,150.0,8.87376,10.406971417944106,1.0648512,7.099008000000001,-7.099008000000001,-74.92590945296071,63.83370945296071,75.26146306003712,64.2272401486244,75.26146306003712
28.0,10.0,24.0,522.780356685791,limit,LC5,180.0,8.87376,10.406971417944106,1.0648512,5.915840000000001,-5.915840000000001,-63.36260787746726,52.27040787746726,63.63817439194242,52.60411298161382,63.63817439194242
28.0,10.0,24.0,522.780356685791,ultimate,LC0,120.0,0.0,-0.0,-0.0,-0.0,0.0,-5.589574468085106,-5.589574468085106,5.589574468085106,5.589574468085106,5.589574468085106
28.0,10.0,24.0,522.780356685791,ultimate,LC0,150.0,0.0,-0.0,-0.0,-0.0,0.0,-5.589574468085106,-5.589574468085106,5.589574468085106,5.589574468085106,5.589574468085106
28.0,10.0,24.0,522.780356685791,ultimate,LC0,180.0,0.0,-0.0,-0.0,-0.0,0.0,-5.589574468085106,-5.589574468085106,5.589574468085106,5.589574468085106,5.589574468085106
28.0,10.0,24.0,522.780356685791,ultimate,LC1,120.0,0.0,-0.0,-0.0,-0.0,0.0,-18.765,-18.765,18.765,18.765,18.765
28.0,10.0,24.0,522.780356685791,ultimate,LC1,150.0,0.0,-0.0,-0.0,-0.0,0.0,-18.765,-18.765,18.765,18.765,18.765
28.0,10.0,24.0,522.780356685791,ultimate,LC1,180.0,0.0,-0.0,-0.0,-0.0,0.0,-18.765,-18.765,18.765,18.765,18.765
28.0,10.0,24.0,522.780356685791,ultimate,LC2A,120.0,9.3825,11.003611696604436,1.1259,9.3825,-9.3825,-110.4617641383703,72.9317641383703,110.85951760138121,73.53280578479837,110.85951760138121
28.0,10.0,24.0,522.780356685791,ultimate,LC2A,150.0,9.3825,11.003611696604436,1.1259,7.505999999999999,-7.505999999999999,-92.12241131069624,54.592411310696235,92.4276944519179,55.10600156712728,92.4276944519179
28.0,10.0,24.0,522.780356685791,ultimate,LC2A,180.0,9.3825,11.003611696604436,1.1259,6.255,-6.255,-79.89617609224686,42.36617609224687,80.14065122747206,42.82543521879573,80.14065122747206
28.0,10.0,24.0,522.780356685791,ultimate,LC2B,120.0,9.3825,-11.003611696604436,-1.1259,-9.3825,9.3825,72.9317641383703,-110.4617641383703,73.53280578479837,110.85951760138121,110.85951760138121
28.0,10.0,24.0,522.780356685791,ultimate,LC2B,150.0,9.3825,-11.003611696604436,-1.1259,-7.505999999999999,7.505999999999999,54.592411310696235,-92.12241131069624,55.10600156712728,92.4276944519179,92.4276944519179
28.0,10.0,24.0,522.780356685791,ultimate,LC2B,180.0,9.3825,-11.003611696604436,-1.1259,-6.255,6.255,42.36617609224687,-79.89617609224686,42.82543521879573,80.14065122747206,80.14065122747206
28.0,10.0,24.0,522.780356685791,ultimate,LC3,120.0,0.0,-0.0,-0.0,-0.0,0.0,-18.765,-18.765,18.765,18.765,18.765
28.0,10.0,24.0,522.780356685791,ultimate,LC3,150.0,0.0,-0.0,-0.0,-0.0,0.0,-18.765,-18.765,18.765,18.765,18.765
28.0,10.0,24.0,522.780356685791,ultimate,LC3,180.0,0.0,-0.0,-0.0,-0.0,0.0,-18.765,-18.765,18.765,18.765,18.765
28.0,10.0,24.0,522.780356685791,ultimate,LC4+,120.0,0.0,-0.0,-0.0,-6.255,-6.255,-8.319150000000002,-8.319150000000002,10.408327518026132,10.408327518026132,10.408327518026132
28.0,10.0,24.0,522.780356685791,ultimate,LC4+,150.0,0.0,-0.0,-0.0,-6.255,-6.255,-8.319150000000002,-8.319150000000002,10.408327518026132,10.408327518026132,10.408327518026132
28.0,10.0,24.0,522.780356685791,ultimate,LC4+,180.0,0.0,-0.0,-0.0,-6.255,-6.255,-8.319150000000002,-8.319150000000002,10.408327518026132,10.408327518026132,10.408327518026132
28.0,10.0,24.0,522.780356685791,ultimate,LC4-,120.0,0.0,-0.0,-0.0,6.255,6.255,-8.319150000000002,-8.319150000000002,10.408327518026132,10.408327518026132,10.408327518026132
28.0,10.0,24.0,522.780356685791,ultimate,LC4-,150.0,0.0,-0.0,-0.0,6.255,6.255,-8.319150000000002,-8.319150000000002,10.408327518026132,10.408327518026132,10.408327518026132
28.0,10.0,24.0,522.780356685791,ultimate,LC4-,180.0,0.0,-0.0,-0.0,6.255,6.255,-8.319150000000002,-8.319150000000002,10.408327518026132,10.408327518026132,10.408327518026132
28.0,10.0,24.0,522.780356685791,ultimate,LC5,120.0,13.31064,15.610457126916158,1.5972768,13.31064,-13.31064,-138.40629272430132,121.76799272430131,139.04486686999482,122.49333528529255,139.04486686999482
28.0,10.0,24.0,522.780356685791,ultimate,LC5,150.0,13.31064,15.610457126916158,1.5972768,10.648512,-10.648512,-112.38886417944106,95.75056417944104,112.89219459005567,96.34086022293657,112.89219459005567
28.0,10.0,24.0,522.780356685791,ultimate,LC5,180.0,13.31064,15.610457126916158,1.5972768,8.87376,-8.87376,-95.04391181620089,78.40561181620087,95.45726158791364,78.90616947242071,95.45726158791364
28.0,15.0,29.0,527.780356685791,limit,LC0,120.0,0.0,-0.0,-0.0,-0.0,0.0,-3.726382978723404,-3.726382978723404,3.726382978723404,3.726382978723404,3.726382978723404
28.0,15.0,29.0,527.780356685791,limit,LC0,150.0,0.0,-0.0,-0.0,-0.0,0.0,-3.726382978723404,-3.726382978723404,3.726382978723404,3.726382978723404,3.726382978723404
28.0,15.0,29.0,527.780356685791,limit,LC0,180.0,0.0,-0.0,-0.0,-0.0,0.0,-3.726382978723404,-3.726382978723404,3.726382978723404,3.726382978723404,3.726382978723404
28.0,15.0,29.0,527.780356685791,limit,LC1,120.0,0.0,-0.0,-0.0,-0.0,0.0,-12.51,-12.51,12.51,12.51,12.51
28.0,15.0,29.0,527.780356685791,limit,LC1,150.0,0.0,-0.0,-0.0,-0.0,0.0,-12.51,-12.51,12.51,12.51,12.51
28.0,15.0,29.0,527.780356685791,limit,LC1,180.0,0.0,-0.0,-0.0,-0.0,0.0,-12.51,-12.51,12.51,12.51,12.51
28.0,15.0,29.0,527.780356685791,limit,LC2A,120.0,6.255,7.367016131069624,0.7505999999999999,6.255,-6.255,-73.90180109224687,48.881801092246874,74.1660382498487,49.2803764496781,74.1660382498487
28.0,15.0,29.0,527.780356685791,limit,LC2A,150.0,6.255,7.367016131069624,0.7505999999999999,5.004,-5.004,-61.62344087379749,36.603440873797496,61.826276623507056,36.94390206517971,61.826276623507056
28.0,15.0,29.0,527.780356685791,limit,LC2A,180.0,6.255,7.367016131069624,0.7505999999999999,4.17,-4.17,-53.437867394831244,28.417867394831248,53.60032249630191,28.722188065504564,53.60032249630191
28.0,15.0,29.0,527.780356685791,limit,LC2B,120.0,6.255,-7.367016131069624,-0.7505999999999999,-6.255,6.255,48.881801092246874,-73.90180109224687,49.2803764496781,74.1660382498487,74.1660382498487
28.0,15.0,29.0,527.780356685791,limit,LC2B,150.0,6.255,-7.367016131069624,-0.7505999999999999,-5.004,5.004,36.603440873797496,-61.62344087379749,36.94390206517971,61.826276623507056,61.826276623507056
28.0,15.0,29.0,527.780356685791,limit,LC2B,180.0,6.255,-7.367016131069624,-0.7505999999999999,-4.17,4.17,28.417867394831248,-53.437867394831244,28.722188065504564,53.60032249630191,53.60032249630191
28.0,15.0,29.0,527.780356685791,limit,LC3,120.0,0.0,-0.0,-0.0,-0.0,0.0,-12.51,-12.51,12.51,12.51,12.51
28.0,15.0,29.0,527.780356685791,limit,LC3,150.0,0.0,-0.0,-0.0,-0.0,0.0,-12.51,-12.51,12.51,12.51,12.51
28.0,15.0,29.0,527.780356685791,limit,LC3,180.0,0.0,-0.0,-0.0,-0.0,0.0,-12.51,-12.51,12.51,12.51,12.51
28.0,15.0,29.0,527.780356685791,limit,LC4+,120.0,0.0,-0.0,-0.0,-4.17,-4.17,-5.5461,-5.5461,6.938885012017421,6.938885012017421,6.938885012017421
28.0,15.0,29.0,527.780356685791,limit,LC4+,150.0,0.0,-0.0,-0.0,-4.17,-4.17,-5.5461,-5.5461,6.938885012017421,6.938885012017421,6.938885012017421
28.0,15.0,29.0,527.780356685791,limit,LC4+,180.0,0.0,-0.0,-0.0,-4.17,-4.17,-5.5461,-5.5461,6.938885012017421,6.938885012017421,6.938885012017421
28.0,15.0,29.0,527.780356685791,limit,LC4-,120.0,0.0,-0.0,-0.0,4.17,4.17,-5.5461,-5.5461,6.938885012017421,6.938885012017421,6.938885012017421
28.0,15.0,29.0,527.780356685791,limit,LC4-,150.0,0.0,-0.0,-0.0,4.17,4.17,-5.5461,-5.5461,6.938885012017421,6.938885012017421,6.938885012017421
28.0,15.0,29.0,527.780356685791,limit,LC4-,180.0,0.0,-0.0,-0.0,4.17,4.17,-5.5461,-5.5461,6.938885012017421,6.938885012017421,6.938885012017421
28.0,15.0,29.0,527.780356685791,limit,LC5,120.0,8.87376,10.451340217944107,1.0648512,8.87376,-8.87376,-92.6406018162009,81.54840181620091,93.06462658499998,82.02978395262393,93.06462658499998
28.0,15.0,29.0,527.780356685791,limit,LC5,150.0,8.87376,10.451340217944107,1.0648512,7.099008000000001,-7.099008000000001,-75.22170145296072,64.12950145296072,75.55594142132315,64.52122806634539,75.55594142132315
28.0,15.0,29.0,527.780356685791,limit,LC5,180.0,8.87376,10.451340217944107,1.0648512,5.915840000000001,-5.915840000000001,-63.6091012108006,52.5169012108006,63.883604467433386,52.84904990338605,63.883604467433386
28.0,15.0,29.0,527.780356685791,ultimate,LC0,120.0,0.0,-0.0,-0.0,-0.0,0.0,-5.589574468085106,-5.589574468085106,5.589574468085106,5.589574468085106,5.589574468085106
28.0,15.0,29.0,527.780356685791,ultimate,LC0,150.0,0.0,-0.0,-0.0,-0.0,0.0,-5.589574468085106,-5.589574468085106,5.589574468085106,5.589574468085106,5.589574468085106
28.0,15.0,29.0,527.780356685791,ultimate,LC0,180.0,0.0,-0.0,-0.0,-0.0,0.0,-5.589574468085106,-5.589574468085106,5.589574468085106,5.589574468085106,5.589574468085106
28.0,15.0,29.0,527.780356685791,ultimate,LC1,120.0,0.0,-0.0,-0.0,-0.0,0.0,-18.765,-18.765,18.765,18.765,18.765
28.0,15.0,29.0,527.780356685791,ultimate,LC1,150.0,0.0,-0.0,-0.0,-0.0,0.0,-18.765,-18.765,18.765,18.765,18.765
28.0,15.0,29.0,527.780356685791,ultimate,LC1,180.0,0.0,-0.0,-0.0,-0.0,0.0,-18.765,-18.765,18.765,18.765,18.765
28.0,15.0,29.0,527.780356685791,ultimate,LC2A,120.0,9.3825,11.050524196604435,1.1259,9.3825,-9.3825,-110.85270163837029,73.32270163837029,111.24905737477305,73.92056467451712,111.24905737477305
28.0,15.0,29.0,527.780356685791,ultimate,LC2A,150.0,9.3825,11.050524196604435,1.1259,7.505999999999999,-7.505999999999999,-92.43516131069624,54.90516131069624,92.7394149352606,55.415853097769556,92.7394149352606
28.0,15.0,29.0,527.780356685791,ultimate,LC2A,180.0,9.3825,11.050524196604435,1.1259,6.255,-6.255,-80.15680109224687,42.626801092246865,80.40048374445286,43.083282098256845,80.40048374445286
28.0,15.0,29.0,527.780356685791,ultimate,LC2B,120.0,9.3825,-11.050524196604435,-1.1259,-9.3825,9.3825,73.32270163837029,-110.85270163837029,73.92056467451712,111.24905737477305,111.24905737477305
28.0,15.0,29.0,527.780356685791,ultimate,LC2B,150.0,9.3825,-11.050524196604435,-1.1259,-7.505999999999999,7.505999999999999,54.90516131069624,-92.43516131069624,55.415853097769556,92.7394149352606,92.7394149352606
28.0,15.0,29.0,527.780356685791,ultimate,LC2B,180.0,9.3825,-11.050524196604435,-1.1259,-6.255,6.255,42.626801092246865,-80.15680109224687,43.083282098256845,80.40048374445286,80.40048374445286
28.0,15.0,29.0,527.780356685791,ultimate,LC3,120.0,0.0,-0.0,-0.0,-0.0,0.0,-18.765,-18.765,18.765,18.765,18.765
28.0,15.0,29.0,527.780356685791,ultimate,LC3,150.0,0.0,-0.0,-0.0,-0.0,0.0,-18.765,-18.765,18.765,18.765,18.765
28.0,15.0,29.0,527.780356685791,ultimate,LC3,180.0,0.0,-0.0,-0.0,-0.0,0.0,-18.765,-18.765,18.765,18.765,18.765
28.0,15.0,29.0,527.780356685791,ultimate,LC4+,120.0,0.0,-0.0,-0.0,-6.255,-6.255,-8.319150000000002,-8.319150000000002,10.408327518026132,10.408327518026132,10.408327518026132
28.0,15.0,29.0,527.780356685791,ultimate,LC4+,150.0,0.0,-0.0,-0.0,-6.255,-6.255,-8.319150000000002,-8.319150000000002,10.408327518026132,10.408327518026132,10.408327518026132
28.0,15.0,29.0,527.780356685791,ultimate,LC4+,180.0,0.0,-0.0,-0.0,-6.255,-6.255,-8.319150000000002,-8.319150000000002,10.408327518026132,10.408327518026132,10.408327518026132
28.0,15.0,29.0,527.780356685791,ultimate,LC4-,120.0,0.0,-0.0,-0.0,6.255,6.255,-8.319150000000002,-8.319150000000002,10.408327518026132,10.408327518026132,10.408327518026132
28.0,15.0,29.0,527.780356685791,ultimate,LC4-,150.0,0.0,-0.0,-0.0,6.255,6.255,-8.319150000000002,-8.319150000000002,10.408327518026132,10.408327518026132,10.408327518026132
28.0,15.0,29.0,527.780356685791,ultimate,LC4-,180.0,0.0,-0.0,-0.0,6.255,6.255,-8.319150000000002,-8.319150000000002,10.408327518026132,10.408327518026132,10.408327518026132
28.0,15.0,29.0,527.780356685791,ultimate,LC5,120.0,13.31064,15.67701032691616,1.5972768,13.31064,-13.31064,-138.96090272430135,122.32260272430133,139.59693987749998,123.04467592893587,139.59693987749998
28.0,15.0,29.0,527.780356685791,ultimate,LC5,150.0,13.31064,15.67701032691616,1.5972768,10.648512,-10.648512,-112.83255217944107,96.19425217944105,113.33391213198473,96.78184209951804,113.33391213198473
28.0,15.0,29.0,527.780356685791,ultimate,LC5,180.0,13.31064,15.67701032691616,1.5972768,8.87376,-8.87376,-95.4136518162009,78.77535181620088,95.82540670115007,79.27357485507906,95.82540670115007
28.0,20.0,34.0,532.780356685791,limit,LC0,120.0,0.0,-0.0,-0.0,-0.0,0.0,-3.726382978723404,-3.726382978723404,3.726382978723404,3.726382978723404,3.726382978723404
28.0,20.0,34.0,532.780356685791,limit,LC0,150.0,0.0,-0.0,-0.0,-0.0,0.0,-3.726382978723404,-3.726382978723404,3.726382978723404,3.726382978723404,3.726382978723404
28.0,20.0,34.0,532.780356685791,limit,LC0,180.0,0.0,-0.0,-0.0,-0.0,0.0,-3.726382978723404,-3.726382978723404,3.726382978723404,3.726382978723404,3.726382978723404
28.0,20.0,34.0,532.780356685791,limit,LC1,120.0,0.0,-0.0,-0.0,-0.0,0.0,-12.51,-12.51,12.51,12.51,12.51
28.0,20.0,34.0,532.780356685791,limit,LC1,150.0,0.0,-0.0,-0.0,-0.0,0.0,-12.51,-12.51,12.51,12.51,12.51
28.0,20.0,34.0,532.780356685791,limit,LC1,180.0,0.0,-0.0,-0.0,-0.0,0.0,-12.51,-12.51,12.51,12.51,12.51
28.0,20.0,34.0,532.780356685791,limit,LC2A,120.0,6.255,7.398291131069623,0.7505999999999999,6.255,-6.255,-74.16242609224686,49.142426092246865,74.42573794654628,49.538904582478864,74.42573794654628
28.0,20.0,34.0,532.780356685791,limit,LC2A,150.0,6.255,7.398291131069623,0.7505999999999999,5.004,-5.004,-61.831940873797485,36.81194087379749,62.03409488515802,37.15049134124557,62.03409488515802
28.0,20.0,34.0,532.780356685791,limit,LC2A,180.0,6.255,7.398291131069623,0.7505999999999999,4.17,-4.17,-53.61161739483124,28.591617394831246,53.773547583265994,28.894108140802974,53.773547583265994
28.0,20.0,34.0,532.780356685791,limit,LC2B,120.0,6.255,-7.398291131069623,-0.7505999999999999,-6.255,6.255,49.142426092246865,-74.16242609224686,49.538904582478864,74.42573794654628,74.42573794654628
28.0,20.0,34.0,532.780356685791,limit,LC2B,150.0,6.255,-7.398291131069623,-0.7505999999999999,-5.004,5.004,36.81194087379749,-61.831940873797485,37.15049134124557,62.03409488515802,62.03409488515802
28.0,20.0,34.0,532.780356685791,limit,LC2B,180.0,6.255,-7.398291131069623,-0.7505999999999999,-4.17,4.17,28.591617394831246,-53.61161739483124,28.894108140802974,53.773547583265994,53.773547583265994
28.0,20.0,34.0,532.780356685791,limit,LC3,120.0,0.0,-0.0,-0.0,-0.0,0.0,-12.51,-12.51,12.51,12.51,12.51
28.0,20.0,34.0,532.780356685791,limit,LC3,150.0,0.0,-0.0,-0.0,-0.0,0.0,-12.51,-12.51,12.51,12.51,12.51
28.0,20.0,34.0,532.780356685791,limit,LC3,180.0,0.0,-0.0,-0.0,-0.0,0.0,-12.51,-12.51,12.51,12.51,12.51
28.0,20.0,34.0,532.780356685791,limit,LC4+,120.0,0.0,-0.0,-0.0,-4.17,-4.17,-5.5461,-5.5461,6.938885012017421,6.938885012017421,6.938885012017421
28.0,20.0,34.0,532.780356685791,limit,LC4+,150.0,0.0,-0.0,-0.0,-4.17,-4.17,-5.5461,-5.5461,6.938885012017421,6.938885012017421,6.938885012017421
28.0,20.0,34.0,532.780356685791,limit,LC4+,180.0,0.0,-0.0,-0.0,-4.17,-4.17,-5.5461,-5.5461,6.938885012017421,6.938885012017421,6.938885012017421
28.0,20.0,34.0,532.780356685791,limit,LC4-,120.0,0.0,-0.0,-0.0,4.17,4.17,-5.5461,-5.5461,6.938885012017421,6.938885012017421,6.938885012017421
28.0,20.0,34.0,532.780356685791,limit,LC4-,150.0,0.0,-0.0,-0.0,4.17,4.17,-5.5461,-5.5461,6.938885012017421,6.938885012017421,6.938885012017421
28.0,20.0,34.0,532.780356685791,limit,LC4-,180.0,0.0,-0.0,-0.0,4.17,4.17,-5.5461,-5.5461,6.938885012017421,6.938885012017421,6.938885012017421
28.0,20.0,34.0,532.780356685791,limit,LC5,120.0,8.87376,10.495709017944106,1.0648512,8.87376,-8.87376,-93.01034181620089,81.9181418162009,93.43268861219893,82.39736388475545,93.43268861219893
28.0,20.0,34.0,532.780356685791,limit,LC5,150.0,8.87376,10.495709017944106,1.0648512,7.099008000000001,-7.099008000000001,-75.51749345296071,64.42529345296072,75.85043000538644,64.81523240014006,75.85043000538644
28.0,20.0,34.0,532.780356685791,limit,LC5,180.0,8.87376,10.495709017944106,1.0648512,5.915840000000001,-5.915840000000001,-63.85559454413393,52.763394544133924,64.12904269900204,53.09400123107639,64.12904269900204
28.0,20.0,34.0,532.780356685791,ultimate,LC0,120.0,0.0,-0.0,-0.0,-0.0,0.0,-5.589574468085106,-5.589574468085106,5.589574468085106,5.589574468085106,5.589574468085106
28.0,20.0,34.0,532.780356685791,ultimate,LC0,150.0,0.0,-0.0,-0.0,-0.0,0.0,-5.589574468085106,-5.589574468085106,5.589574468085106,5.589574468085106,5.589574468085106
28.0,20.0,34.0,532.780356685791,ultimate,LC0,180.0,0.0,-0.0,-0.0,-0.0,0.0,-5.589574468085106,-5.589574468085106,5.589574468085106,5.589574468085106,5.589574468085106
28.0,20.0,34.0,532.780356685791,ultimate,LC1,120.0,0.0,-0.0,-0.0,-0.0,0.0,-18.765,-18.765,18.765,18.765,18.765
28.0,20.0,34.0,532.780356685791,ultimate,LC1,150.0,0.0,-0.0,-0.0,-0.0,0.0,-18.765,-18.765,18.765,18.765,18.765
28.0,20.0,34.0,532.780356685791,ultimate,LC1,180.0,0.0,-0.0,-0.0,-0.0,0.0,-18.765,-18.765,18.765,18.765,18.765
28.0,20.0,34.0,532.780356685791,ultimate,LC2A,120.0,9.3825,11.097436696604435,1.1259,9.3825,-9.3825,-111.2436391383703,73.7136391383703,111.63860691981942,74.3083568737183,111.63860691981942
28.0,20.0,34.0,532.780356685791,ultimate,LC2A,150.0,9.3825,11.097436696604435,1.1259,7.505999999999999,-7.505999999999999,-92.74791131069624,55.21791131069624,93.05114232773704,55.72573701186836,93.05114232773704
28.0,20.0,34.0,532.780356685791,ultimate,LC2A,180.0,9.3825,11.097436696604435,1.1259,6.255,-6.255,-80.41742609224687,42.88742609224686,80.660321374899,43.341162211204455,80.660321374899
28.0,20.0,34.0,532.780356685791,ultimate,LC2B,120.0,9.3825,-11.097436696604435,-1.1259,-9.3825,9.3825,73.7136391383703,-111.2436391383703,74.3083568737183,111.63860691981942,111.63860691981942
28.0,20.0,34.0,532.780356685791,ultimate,LC2B,150.0,9.3825,-11.097436696604435,-1.1259,-7.505999999999999,7.505999999999999,55.21791131069624,-92.74791131069624,55.72573701186836,93.05114232773704,93.05114232773704
28.0,20.0,34.0,532.780356685791,ultimate,LC2B,180.0,9.3825,-11.097436696604435,-1.1259,-6.255,6.255,42.88742609224686,-80.41742609224687,43.341162211204455,80.660321374899,80.660321374899
28.0,20.0,34.0,532.780356685791,ultimate,LC3,120.0,0.0,-0.0,-0.0,-0.0,0.0,-18.765,-18.765,18.765,18.765,18.765
28.0,20.0,34.0,532.780356685791,ultimate,LC3,150.0,0.0,-0.0,-0.0,-0.0,0.0,-18.765,-18.765,18.765,18.765,18.765
28.0,20.0,34.0,532.780356685791,ultimate,LC3,180.0,0.0,-0.0,-0.0,-0.0,0.0,-18.765,-18.765,18.765,18.765,18.765
28.0,20.0,34.0,532.780356685791,ultimate,LC4+,120.0,0.0,-0.0,-0.0,-6.255,-6.255,-8.319150000000002,-8.319150000000002,10.408327518026132,10.408327518026132,10.408327518026132
28.0,20.0,34.0,532.780356685791,ultimate,LC4+,150.0,0.0,-0.0,-0.0,-6.255,-6.255,-8.319150000000002,-8.319150000000002,10.408327518026132,10.408327518026132,10.408327518026132
28.0,20.0,34.0,532.780356685791,ultimate,LC4+,180.0,0.0,-0.0,-0.0,-6.255,-6.255,-8.319150000000002,-8.319150000000002,10.408327518026132,10.408327518026132,10.408327518026132
28.0,20.0,34.0,532.780356685791,ultimate,LC4-,120.0,0.0,-0.0,-0.0,6.255,6.255,-8.319150000000002,-8.319150000000002,10.408327518026132,10.408327518026132,10.408327518026132
28.0,20.0,34.0,532.780356685791,ultimate,LC4-,150.0,0.0,-0.0,-0.0,6.255,6.255,-8.319150000000002,-8.319150000000002,10.408327518026132,10.408327518026132,10.408327518026132
28.0,20.0,34.0,532.780356685791,ultimate,LC4-,180.0,0.0,-0.0,-0.0,6.255,6.255,-8.319150000000002,-8.319150000000002,10.408327518026132,10.408327518026132,10.408327518026132
28.0,20.0,34.0,532.780356685791,ultimate,LC5,120.0,13.31064,15.743563526916157,1.5972768,13.31064,-13.31064,-139.51551272430132,122.8772127243013,140.1490329182984,123.59604582713314,140.1490329182984
28.0,20.0,34.0,532.780356685791,ultimate,LC5,150.0,13.31064,15.743563526916157,1.5972768,10.648512,-10.648512,-113.27624017944106,96.63794017944105,113.77564500807966,97.22284860021007,113.77564500807966
28.0,20.0,34.0,532.780356685791,ultimate,LC5,180.0,13.31064,15.743563526916157,1.5972768,8.87376,-8.87376,-95.78339181620088,79.14509181620086,96.19356404850303,79.64100184661456,96.19356404850303
30.0,5.0,20.0,518.780356685791,limit,LC0,120.0,0.0,-0.0,-0.0,-0.0,0.0,-3.726382978723404,-3.726382978723404,3.726382978723404,3.726382978723404,3.726382978723404
30.0,5.0,20.0,518.780356685791,limit,LC0,150.0,0.0,-0.0,-0.0,-0.0,0.0,-3.726382978723404,-3.726382978723404,3.726382978723404,3.726382978723404,3.726382978723404
30.0,5.0,20.0,518.780356685791,limit,LC0,180.0,0.0,-0.0,-0.0,-0.0,0.0,-3.726382978723404,-3.726382978723404,3.726382978723404,3.726382978723404,3.726382978723404
30.0,5.0,20.0,518.780356685791,limit,LC1,120.0,0.0,-0.0,-0.0,-0.0,0.0,-12.51,-12.51,12.51,12.51,12.51
30.0,5.0,20.0,518.780356685791,limit,LC1,150.0,0.0,-0.0,-0.0,-0.0,0.0,-12.51,-12.51,12.51,12.51,12.51
30.0,5.0,20.0,518.780356685791,limit,LC1,180.0,0.0,-0.0,-0.0,-0.0,0.0,-12.51,-12.51,12.51,12.51,12.51
30.0,5.0,20.0,518.780356685791,limit,LC2A,120.0,6.255,7.310721131069623,0.7505999999999999,6.255,-6.255,-73.43267609224687,48.41267609224686,73.69859525845011,48.81508200764197,73.69859525845011
30.0,5.0,20.0,518.780356685791,limit,LC2A,150.0,6.255,7.310721131069623,0.7505999999999999,5.004,-5.004,-61.24814087379748,36.228140873797486,61.45221539128221,36.57209601829947,61.45221539128221
30.0,5.0,20.0,518.780356685791,limit,LC2A,180.0,6.255,7.310721131069623,0.7505999999999999,4.17,-4.17,-53.125117394831236,28.10511739483124,53.28852595272833,28.412788032455484,53.28852595272833
30.0,5.0,20.0,518.780356685791,limit,LC2B,120.0,6.255,-7.310721131069623,-0.7505999999999999,-6.255,6.255,48.41267609224686,-73.43267609224687,48.81508200764197,73.69859525845011,73.69859525845011
30.0,5.0,20.0,518.780356685791,limit,LC2B,150.0,6.255,-7.310721131069623,-0.7505999999999999,-5.004,5.004,36.228140873797486,-61.24814087379748,36.57209601829947,61.45221539128221,61.45221539128221
30.0,5.0,20.0,518.780356685791,limit,LC2B,180.0,6.255,-7.310721131069623,-0.7505999999999999,-4.17,4.17,28.10511739483124,-53.125117394831236,28.412788032455484,53.28852595272833,53.28852595272833
30.0,5.0,20.0,518.780356685791,limit,LC3,120.0,0.0,-0.0,-0.0,-0.0,0.0,-12.51,-12.51,12.51,12.51,12.51
30.0,5.0,20.0,518.780356685791,limit,LC3,150.0,0.0,-0.0,-0.0,-0.0,0.0,-12.51,-12.51,12.51,12.51,12.51
30.0,5.0,20.0,518.780356685791,limit,LC3,180.0,0.0,-0.0,-0.0,-0.0,0.0,-12.51,-12.51,12.51,12.51,12.51
30.0,5.0,20.0,518.780356685791,limit,LC4+,120.0,0.0,-0.0,-0.0,-4.17,-4.17,-5.5461,-5.5461,6.938885012017421,6.938885012017421,6.938885012017421
30.0,5.0,20.0,518.780356685791,limit,LC4+,150.0,0.0,-0.0,-0.0,-4.17,-4.17,-5.5461,-5.5461,6.938885012017421,6.938885012017421,6.938885012017421
30.0,5.0,20.0,518.780356685791,limit,LC4+,180.0,0.0,-0.0,-0.0,-4.17,-4.17,-5.5461,-5.5461,6.938885012017421,6.938885012017421,6.938885012017421
30.0,5.0,20.0,518.780356685791,limit,LC4-,120.0,0.0,-0.0,-0.0,4.17,4.17,-5.5461,-5.5461,6.938885012017421,6.938885012017421,6.938885012017421
30.0,5.0,20.0,518.780356685791,limit,LC4-,150.0,0.0,-0.0,-0.0,4.17,4.17,-5.5461,-5.5461,6.938885012017421,6.938885012017421,6.938885012017421
30.0,5.0,20.0,518.780356685791,limit,LC4-,180.0,0.0,-0.0,-0.0,4.17,4.17,-5.5461,-5.5461,6.938885012017421,6.938885012017421,6.938885012017421
30.0,5.0,20.0,518.780356685791,limit,LC5,120.0,8.87376,10.371476377944106,1.0648512,8.87376,-8.87376,-91.97506981620089,80.8828698162009,92.40214869921925,81.36818940004811,92.40214869921925
30.0,5.0,20.0,518.780356685791,limit,LC5,150.0,8.87376,10.371476377944106,1.0648512,7.099008000000001,-7.099008000000001,-74.6892758529607,63.59707585296071,75.02588781229932,63.992061786062976,75.02588781229932
30.0,5.0,20.0,518.780356685791,limit,LC5,180.0,8.87376,10.371476377944106,1.0648512,5.915840000000001,-5.915840000000001,-63.165413210800594,52.07321321080059,63.44183626753549,52.408173952190864,63.44183626753549
30.0,5.0,20.0,518.780356685791,ultimate,LC0,120.0,0.0,-0.0,-0.0,-0.0,0.0,-5.589574468085106,-5.589574468085106,5.589574468085106,5.589574468085106,5.589574468085106
30.0,5.0,20.0,518.780356685791,ultimate,LC0,150.0,0.0,-0.0,-0.0,-0.0,0.0,-5.589574468085106,-5.589574468085106,5.589574468085106,5.589574468085106,5.589574468085106
30.0,5.0,20.0,518.780356685791,ultimate,LC0,180.0,0.0,-0.0,-0.0,-0.0,0.0,-5.589574468085106,-5.589574468085106,5.589574468085106,5.589574468085106,5.589574468085106
30.0,5.0,20.0,518.780356685791,ultimate,LC1,120.0,0.0,-0.0,-0.0,-0.0,0.0,-18.765,-18.765,18.765,18.765,18.765
30.0,5.0,20.0,518.780356685791,ultimate,LC1,150.0,0.0,-0.0,-0.0,-0.0,0.0,-18.765,-18.765,18.765,18.765,18.765
30.0,5.0,20.0,518.780356685791,ultimate,LC1,180.0,0.0,-0.0,-0.0,-0.0,0.0,-18.765,-18.765,18.765,18.765,18.765
30.0,5.0,20.0,518.780356685791,ultimate,LC2A,120.0,9.3825,10.966081696604435,1.1259,9.3825,-9.3825,-110.1490141383703,72.6190141383703,110.54789288767516,73.22262301146297,110.54789288767516
30.0,5.0,20.0,518.780356685791,ultimate,LC2A,150.0,9.3825,10.966081696604435,1.1259,7.505999999999999,-7.505999999999999,-91.87221131069624,54.34221131069624,92.17832308692333,54.85814402744922,92.17832308692333
30.0,5.0,20.0,518.780356685791,ultimate,LC2A,180.0,9.3825,10.966081696604435,1.1259,6.255,-6.255,-79.68767609224687,42.15767609224687,79.93278892909251,42.61918204868323,79.93278892909251
30.0,5.0,20.0,518.780356685791,ultimate,LC2B,120.0,9.3825,-10.966081696604435,-1.1259,-9.3825,9.3825,72.6190141383703,-110.1490141383703,73.22262301146297,110.54789288767516,110.54789288767516
30.0,5.0,20.0,518.780356685791,ultimate,LC2B,150.0,9.3825,-10.966081696604435,-1.1259,-7.505999999999999,7.505999999999999,54.34221131069624,-91.87221131069624,54.85814402744922,92.17832308692333,92.17832308692333
30.0,5.0,20.0,518.780356685791,ultimate,LC2B,180.0,9.3825,-10.966081696604435,-1.1259,-6.255,6.255,42.15767609224687,-79.68767609224687,42.61918204868323,79.93278892909251,79.93278892909251
30.0,5.0,20.0,518.780356685791,ultimate,LC3,120.0,0.0,-0.0,-0.0,-0.0,0.0,-18.765,-18.765,18.765,18.765,18.765
30.0,5.0,20.0,518.780356685791,ultimate,LC3,150.0,0.0,-0.0,-0.0,-0.0,0.0,-18.765,-18.765,18.765,18.765,18.765
30.0,5.0,20.0,518.780356685791,ultimate,LC3,180.0,0.0,-0.0,-0.0,-0.0,0.0,-18.765,-18.765,18.765,18.765,18.765
30.0,5.0,20.0,518.780356685791,ultimate,LC4+,120.0,0.0,-0.0,-0.0,-6.255,-6.255,-8.319150000000002,-8.319150000000002,10.408327518026132,10.408327518026132,10.408327518026132
30.0,5.0,20.0,518.780356685791,ultimate,LC4+,150.0,0.0,-0.0,-0.0,-6.255,-6.255,-8.319150000000002,-8.319150000000002,10.408327518026132,10.408327518026132,10.408327518026132
30.0,5.0,20.0,518.780356685791,ultimate,LC4+,180.0,0.0,-0.0,-0.0,-6.255,-6.255,-8.319150000000002,-8.319150000000002,10.408327518026132,10.408327518026132,10.408327518026132
30.0,5.0,20.0,518.780356685791,ultimate,LC4-,120.0,0.0,-0.0,-0.0,6.255,6.255,-8.319150000000002,-8.319150000000002,10.408327518026132,10.408327518026132,10.408327518026132
30.0,5.0,20.0,518.780356685791,ultimate,LC4-,150.0,0.0,-0.0,-0.0,6.255,6.255,-8.319150000000002,-8.319150000000002,10.408327518026132,10.408327518026132,10.408327518026132
30.0,5.0,20.0,518.780356685791,ultimate,LC4-,180.0,0.0,-0.0,-0.0,6.255,6.255,-8.319150000000002,-8.319150000000002,10.408327518026132,10.408327518026132,10.408327518026132
30.0,5.0,20.0,518.780356685791,ultimate,LC5,120.0,13.31064,15.557214566916157,1.5972768,13.31064,-13.31064,-137.96260472430131,121.3243047243013,138.60322304882888,122.05228410007213,138.60322304882888
30.0,5.0,20.0,518.780356685791,ultimate,LC5,150.0,13.31064,15.557214566916157,1.5972768,10.648512,-10.648512,-112.03391377944105,95.39561377944104,112.53883171844896,95.98809267909445,112.53883171844896
30.0,5.0,20.0,518.780356685791,ultimate,LC5,180.0,13.31064,15.557214566916157,1.5972768,8.87376,-8.87376,-94.74811981620088,78.10981981620087,95.16275440130323,78.61226092828628,95.16275440130323
30.0,10.0,25.0,523.780356685791,limit,LC0,120.0,0.0,-0.0,-0.0,-0.0,0.0,-3.726382978723404,-3.726382978723404,3.726382978723404,3.726382978723404,3.726382978723404
30.0,10.0,25.0,523.780356685791,limit,LC0,150.0,0.0,-0.0,-0.0,-0.0,0.0,-3.726382978723404,-3.726382978723404,3.726382978723404,3.726382978723404,3.726382978723404
30.0,10.0,25.0,523.780356685791,limit,LC0,180.0,0.0,-0.0,-0.0,-0.0,0.0,-3.726382978723404,-3.726382978723404,3.726382978723404,3.726382978723404,3.726382978723404
30.0,10.0,25.0,523.780356685791,limit,LC1,120.0,0.0,-0.0,-0.0,-0.0,0.0,-12.51,-12.51,12.51,12.51,12.51
30.0,10.0,25.0,523.780356685791,limit,LC1,150.0,0.0,-0.0,-0.0,-0.0,0.0,-12.51,-12.51,12.51,12.51,12.51
30.0,10.0,25.0,523.780356685791,limit,LC1,180.0,0.0,-0.0,-0.0,-0.0,0.0,-12.51,-12.51,12.51,12.51,12.51
30.0,10.0,25.0,523.780356685791,limit,LC2A,120.0,6.255,7.341996131069623,0.7505999999999999,6.255,-6.255,-73.69330109224686,48.67330109224686,73.95828317959085,49.07356991514393,73.95828317959085
30.0,10.0,25.0,523.780356685791,limit,LC2A,150.0,6.255,7.341996131069623,0.7505999999999999,5.004,-5.004,-61.45664087379748,36.43664087379749,61.66002532833502,36.77864617092491,61.66002532833502
30.0,10.0,25.0,523.780356685791,limit,LC2A,180.0,6.255,7.341996131069623,0.7505999999999999,4.17,-4.17,-53.298867394831234,28.278867394831238,53.46174487960344,28.584667938152602,53.46174487960344
30.0,10.0,25.0,523.780356685791,limit,LC2B,120.0,6.255,-7.341996131069623,-0.7505999999999999,-6.255,6.255,48.67330109224686,-73.69330109224686,49.07356991514393,73.95828317959085,73.95828317959085
30.0,10.0,25.0,523.780356685791,limit,LC2B,150.0,6.255,-7.341996131069623,-0.7505999999999999,-5.004,5.004,36.43664087379749,-61.45664087379748,36.77864617092491,61.66002532833502,61.66002532833502
30.0,10.0,25.0,523.780356685791,limit,LC2B,180.0,6.255,-7.341996131069623,-0.7505999999999999,-4.17,4.17,28.278867394831238,-53.298867394831234,28.584667938152602,53.46174487960344,53.46174487960344
30.0,10.0,25.0,523.780356685791,limit,LC3,120.0,0.0,-0.0,-0.0,-0.0,0.0,-12.51,-12.51,12.51,12.51,12.51
30.0,10.0,25.0,523.780356685791,limit,LC3,150.0,0.0,-0.0,-0.0,-0.0,0.0,-12.51,-12.51,12.51,12.51,12.51
30.0,10.0,25.0,523.780356685791,limit,LC3,180.0,0.0,-0.0,-0.0,-0.0,0.0,-12.51,-12.51,12.51,12.51,12.51
30.0,10.0,25.0,523.780356685791,limit,LC4+,120.0,0.0,-0.0,-0.0,-4.17,-4.17,-5.5461,-5.5461,6.938885012017421,6.938885012017421,6.938885012017421
30.0,10.0,25.0,523.780356685791,limit,LC4+,150.0,0.0,-0.0,-0.0,-4.17,-4.17,-5.5461,-5.5461,6.938885012017421,6.938885012017421,6.938885012017421
30.0,10.0,25.0,523.780356685791,limit,LC4+,180.0,0.0,-0.0,-0.0,-4.17,-4.17,-5.5461,-5.5461,6.938885012017421,6.938885012017421,6.938885012017421
30.0,10.0,25.0,523.780356685791,limit,LC4-,120.0,0.0,-0.0,-0.0,4.17,4.17,-5.5461,-5.5461,6.938885012017421,6.938885012017421,6.938885012017421
30.0,10.0,25.0,523.780356685791,limit,LC4-,150.0,0.0,-0.0,-0.0,4.17,4.17,-5.5461,-5.5461,6.938885012017421,6.938885012017421,6.938885012017421
30.0,10.0,25.0,523.780356685791,limit,LC4-,180.0,0.0,-0.0,-0.0,4.17,4.17,-5.5461,-5.5461,6.938885012017421,6.938885012017421,6.938885012017421
30.0,10.0,25.0,523.780356685791,limit,LC5,120.0,8.87376,10.415845177944105,1.0648512,8.87376,-8.87376,-92.34480981620088,81.25260981620089,92.77018657159158,81.73573403647504,92.77018657159158
30.0,10.0,25.0,523.780356685791,limit,LC5,150.0,8.87376,10.415845177944105,1.0648512,7.099008000000001,-7.099008000000001,-74.9850678529607,63.8928678529607,75.32035790871672,64.28603640807204,75.32035790871672
30.0,10.0,25.0,523.780356685791,limit,LC5,180.0,8.87376,10.415845177944105,1.0648512,5.915840000000001,-5.915840000000001,-63.41190654413392,52.319706544133915,63.687259750028296,52.65309920384449,63.687259750028296
30.0,10.0,25.0,523.780356685791,ultimate,LC0,120.0,0.0,-0.0,-0.0,-0.0,0.0,-5.589574468085106,-5.589574468085106,5.589574468085106,5.589574468085106,5.589574468085106
30.0,10.0,25.0,523.780356685791,ultimate,LC0,150.0,0.0,-0.0,-0.0,-0.0,0.0,-5.589574468085106,-5.589574468085106,5.589574468085106,5.589574468085106,5.589574468085106
30.0,10.0,25.0,523.780356685791,ultimate,LC0,180.0,0.0,-0.0,-0.0,-0.0,0.0,-5.589574468085106,-5.589574468085106,5.589574468085106,5.589574468085106,5.589574468085106
30.0,10.0,25.0,523.780356685791,ultimate,LC1,120.0,0.0,-0.0,-0.0,-0.0,0.0,-18.765,-18.765,18.765,18.765,18.765
30.0,10.0,25.0,523.780356685791,ultimate,LC1,150.0,0.0,-0.0,-0.0,-0.0,0.0,-18.765,-18.765,18.765,18.765,18.765
30.0,10.0,25.0,523.780356685791,ultimate,LC1,180.0,0.0,-0.0,-0.0,-0.0,0.0,-18.765,-18.765,18.765,18.765,18.765
30.0,10.0,25.0,523.780356685791,ultimate,LC2A,120.0,9.3825,11.012994196604433,1.1259,9.3825,-9.3825,-110.53995163837028,73.00995163837028,110.93742476938628,73.61035487271589,110.93742476938628
30.0,10.0,25.0,523.780356685791,ultimate,LC2A,150.0,9.3825,11.012994196604433,1.1259,7.505999999999999,-7.505999999999999,-92.18496131069622,54.65496131069622,92.49003799250252,55.16796925638736,92.49003799250252
30.0,10.0,25.0,523.780356685791,ultimate,LC2A,180.0,9.3825,11.012994196604433,1.1259,6.255,-6.255,-79.94830109224685,42.41830109224685,80.19261731940514,42.877001907228895,80.19261731940514
30.0,10.0,25.0,523.780356685791,ultimate,LC2B,120.0,9.3825,-11.012994196604433,-1.1259,-9.3825,9.3825,73.00995163837028,-110.53995163837028,73.61035487271589,110.93742476938628,110.93742476938628
30.0,10.0,25.0,523.780356685791,ultimate,LC2B,150.0,9.3825,-11.012994196604433,-1.1259,-7.505999999999999,7.505999999999999,54.65496131069622,-92.18496131069622,55.16796925638736,92.49003799250252,92.49003799250252
30.0,10.0,25.0,523.780356685791,ultimate,LC2B,180.0,9.3825,-11.012994196604433,-1.1259,-6.255,6.255,42.41830109224685,-79.94830109224685,42.877001907228895,80.19261731940514,80.19261731940514
30.0,10.0,25.0,523.780356685791,ultimate,LC3,120.0,0.0,-0.0,-0.0,-0.0,0.0,-18.765,-18.765,18.765,18.765,18.765
30.0,10.0,25.0,523.780356685791,ultimate,LC3,150.0,0.0,-0.0,-0.0,-0.0,0.0,-18.765,-18.765,18.765,18.765,18.765
30.0,10.0,25.0,523.780356685791,ultimate,LC3,180.0,0.0,-0.0,-0.0,-0.0,0.0,-18.765,-18.765,18.765,18.765,18.765
30.0,10.0,25.0,523.780356685791,ultimate,LC4+,120.0,0.0,-0.0,-0.0,-6.255,-6.255,-8.319150000000002,-8.319150000000002,10.408327518026132,10.408327518026132,10.408327518026132
30.0,10.0,25.0,523.780356685791,ultimate,LC4+,150.0,0.0,-0.0,-0.0,-6.255,-6.255,-8.319150000000002,-8.319150000000002,10.408327518026132,10.408327518026132,10.408327518026132
30.0,10.0,25.0,523.780356685791,ultimate,LC4+,180.0,0.0,-0.0,-0.0,-6.255,-6.255,-8.319150000000002,-8.319150000000002,10.408327518026132,10.408327518026132,10.408327518026132
30.0,10.0,25.0,523.780356685791,ultimate,LC4-,120.0,0.0,-0.0,-0.0,6.255,6.255,-8.319150000000002,-8.319150000000002,10.408327518026132,10.408327518026132,10.408327518026132
30.0,10.0,25.0,523.780356685791,ultimate,LC4-,150.0,0.0,-0.0,-0.0,6.255,6.255,-8.319150000000002,-8.319150000000002,10.408327518026132,10.408327518026132,10.408327518026132
30.0,10.0,25.0,523.780356685791,ultimate,LC4-,180.0,0.0,-0.0,-0.0,6.255,6.255,-8.319150000000002,-8.319150000000002,10.408327518026132,10.408327518026132,10.408327518026132
30.0,10.0,25.0,523.780356685791,ultimate,LC5,120.0,13.31064,15.623767766916156,1.5972768,13.31064,-13.31064,-138.5172147243013,121.8789147243013,139.15527985738737,122.60360105471253,139.15527985738737
30.0,10.0,25.0,523.780356685791,ultimate,LC5,150.0,13.31064,15.623767766916156,1.5972768,10.648512,-10.648512,-112.47760177944106,95.83930177944104,112.98053686307507,96.42905461210805,112.98053686307507
30.0,10.0,25.0,523.780356685791,ultimate,LC5,180.0,13.31064,15.623767766916156,1.5972768,8.87376,-8.87376,-95.11785981620088,78.47955981620086,95.53088962504245,78.97964880576673,95.53088962504245
30.0,15.0,30.0,528.780356685791,limit,LC0,120.0,0.0,-0.0,-0.0,-0.0,0.0,-3.726382978723404,-3.726382978723404,3.726382978723404,3.726382978723404,3.726382978723404
30.0,15.0,30.0,528.780356685791,limit,LC0,150.0,0.0,-0.0,-0.0,-0.0,0.0,-3.726382978723404,-3.726382978723404,3.726382978723404,3.726382978723404,3.726382978723404
30.0,15.0,30.0,528.780356685791,limit,LC0,180.0,0.0,-0.0,-0.0,-0.0,0.0,-3.726382978723404,-3.726382978723404,3.726382978723404,3.726382978723404,3.726382978723404
30.0,15.0,30.0,528.780356685791,limit,LC1,120.0,0.0,-0.0,-0.0,-0.0,0.0,-12.51,-12.51,12.51,12.51,12.51
30.0,15.0,30.0,528.780356685791,limit,LC1,150.0,0.0,-0.0,-0.0,-0.0,0.0,-12.51,-12.51,12.51,12.51,12.51
30.0,15.0,30.0,528.780356685791,limit,LC1,180.0,0.0,-0.0,-0.0,-0.0,0.0,-12.51,-12.51,12.51,12.51,12.51
30.0,15.0,30.0,528.780356685791,limit,LC2A,120.0,6.255,7.373271131069623,0.7505999999999999,6.255,-6.255,-73.95392609224686,48.93392609224686,74.21797767022159,49.332080310903955,74.21797767022159
30.0,15.0,30.0,528.780356685791,limit,LC2A,150.0,6.255,7.373271131069623,0.7505999999999999,5.004,-5.004,-61.66514087379748,36.64514087379749,61.86783990883542,36.98521820485129,61.86783990883542
30.0,15.0,30.0,528.780356685791,limit,LC2A,180.0,6.255,7.373271131069623,0.7505999999999999,4.17,-4.17,-53.47261739483124,28.452617394831243,53.63496724203352,28.756570320826743,53.63496724203352
30.0,15.0,30.0,528.780356685791,limit,LC2B,120.0,6.255,-7.373271131069623,-0.7505999999999999,-6.255,6.255,48.93392609224686,-73.95392609224686,49.332080310903955,74.21797767022159,74.21797767022159
30.0,15.0,30.0,528.780356685791,limit,LC2B,150.0,6.255,-7.373271131069623,-0.7505999999999999,-5.004,5.004,36.64514087379749,-61.66514087379748,36.98521820485129,61.86783990883542,61.86783990883542
30.0,15.0,30.0,528.780356685791,limit,LC2B,180.0,6.255,-7.373271131069623,-0.7505999999999999,-4.17,4.17,28.452617394831243,-53.47261739483124,28.756570320826743,53.63496724203352,53.63496724203352
30.0,15.0,30.0,528.780356685791,limit,LC3,120.0,0.0,-0.0,-0.0,-0.0,0.0,-12.51,-12.51,12.51,12.51,12.51
30.0,15.0,30.0,528.780356685791,limit,LC3,150.0,0.0,-0.0,-0.0,-0.0,0.0,-12.51,-12.51,12.51,12.51,12.51
30.0,15.0,30.0,528.780356685791,limit,LC3,180.0,0.0,-0.0,-0.0,-0.0,0.0,-12.51,-12.51,12.51,12.51,12.51
30.0,15.0,30.0,528.780356685791,limit,LC4+,120.0,0.0,-0.0,-0.0,-4.17,-4.17,-5.5461,-5.5461,6.938885012017421,6.938885012017421,6.938885012017421
30.0,15.0,30.0,528.780356685791,limit,LC4+,150.0,0.0,-0.0,-0.0,-4.17,-4.17,-5.5461,-5.5461,6.938885012017421,6.938885012017421,6.938885012017421
30.0,15.0,30.0,528.780356685791,limit,LC4+,180.0,0.0,-0.0,-0.0,-4.17,-4.17,-5.5461,-5.5461,6.938885012017421,6.938885012017421,6.938885012017421
30.0,15.0,30.0,528.780356685791,limit,LC4-,120.0,0.0,-0.0,-0.0,4.17,4.17,-5.5461,-5.5461,6.938885012017421,6.938885012017421,6.938885012017421
30.0,15.0,30.0,528.780356685791,limit,LC4-,150.0,0.0,-0.0,-0.0,4.17,4.17,-5.5461,-5.5461,6.938885012017421,6.938885012017421,6.938885012017421
30.0,15.0,30.0,528.780356685791,limit,LC4-,180.0,0.0,-0.0,-0.0,4.17,4.17,-5.5461,-5.5461,6.938885012017421,6.938885012017421,6.938885012017421
30.0,15.0,30.0,528.780356685791,limit,LC5,120.0,8.87376,10.460213977944106,1.0648512,8.87376,-8.87376,-92.71454981620089,81.6223498162009,93.13823792706407,82.10329838718948,93.13823792706407
30.0,15.0,30.0,528.780356685791,limit,LC5,150.0,8.87376,10.460213977944106,1.0648512,7.099008000000001,-7.099008000000001,-75.2808598529607,64.18865985296071,75.61483832413566,64.5800276269928,75.61483832413566
30.0,15.0,30.0,528.780356685791,limit,LC5,180.0,8.87376,10.460213977944106,1.0648512,5.915840000000001,-5.915840000000001,-63.65839987746726,52.566199877467255,63.932691464266725,52.89803902285451,63.932691464266725
30.0,15.0,30.0,528.780356685791,ultimate,LC0,120.0,0.0,-0.0,-0.0,-0.0,0.0,-5.589574468085106,-5.589574468085106,5.589574468085106,5.589574468085106,5.589574468085106
30.0,15.0,30.0,528.780356685791,ultimate,LC0,150.0,0.0,-0.0,-0.0,-0.0,0.0,-5.589574468085106,-5.589574468085106,5.589574468085106,5.589574468085106,5.589574468085106
30.0,15.0,30.0,528.780356685791,ultimate,LC0,180.0,0.0,-0.0,-0.0,-0.0,0.0,-5.589574468085106,-5.589574468085106,5.589574468085106,5.589574468085106,5.589574468085106
30.0,15.0,30.0,528.780356685791,ultimate,LC1,120.0,0.0,-0.0,-0.0,-0.0,0.0,-18.765,-18.765,18.765,18.765,18.765
30.0,15.0,30.0,528.780356685791,ultimate,LC1,150.0,0.0,-0.0,-0.0,-0.0,0.0,-18.765,-18.765,18.765,18.765,18.765
30.0,15.0,30.0,528.780356685791,ultimate,LC1,180.0,0.0,-0.0,-0.0,-0.0,0.0,-18.765,-18.765,18.765,18.765,18.765
30.0,15.0,30.0,528.780356685791,ultimate,LC2A,120.0,9.3825,11.059906696604434,1.1259,9.3825,-9.3825,-110.93088913837029,73.40088913837029,111.3269665053324,73.99812046635594,111.3269665053324
30.0,15.0,30.0,528.780356685791,ultimate,LC2A,150.0,9.3825,11.059906696604434,1.1259,7.505999999999999,-7.505999999999999,-92.49771131069623,54.96771131069623,92.80175986325314,55.47782730727693,92.80175986325314
30.0,15.0,30.0,528.780356685791,ultimate,LC2A,180.0,9.3825,11.059906696604434,1.1259,6.255,-6.255,-80.20892609224686,42.67892609224686,80.45245086305027,43.13485548124011,80.45245086305027
30.0,15.0,30.0,528.780356685791,ultimate,LC2B,120.0,9.3825,-11.059906696604434,-1.1259,-9.3825,9.3825,73.40088913837029,-110.93088913837029,73.99812046635594,111.3269665053324,111.3269665053324
30.0,15.0,30.0,528.780356685791,ultimate,LC2B,150.0,9.3825,-11.059906696604434,-1.1259,-7.505999999999999,7.505999999999999,54.96771131069623,-92.49771131069623,55.47782730727693,92.80175986325314,92.80175986325314
30.0,15.0,30.0,528.780356685791,ultimate,LC2B,180.0,9.3825,-11.059906696604434,-1.1259,-6.255,6.255,42.67892609224686,-80.20892609224686,43.13485548124011,80.45245086305027,80.45245086305027
30.0,15.0,30.0,528.780356685791,ultimate,LC3,120.0,0.0,-0.0,-0.0,-0.0,0.0,-18.765,-18.765,18.765,18.765,18.765
30.0,15.0,30.0,528.780356685791,ultimate,LC3,150.0,0.0,-0.0,-0.0,-0.0,0.0,-18.765,-18.765,18.765,18.765,18.765
30.0,15.0,30.0,528.780356685791,ultimate,LC3,180.0,0.0,-0.0,-0.0,-0.0,0.0,-18.765,-18.765,18.765,18.765,18.765
30.0,15.0,30.0,528.780356685791,ultimate,LC4+,120.0,0.0,-0.0,-0.0,-6.255,-6.255,-8.319150000000002,-8.319150000000002,10.408327518026132,10.408327518026132,10.408327518026132
30.0,15.0,30.0,528.780356685791,ultimate,LC4+,150.0,0.0,-0.0,-0.0,-6.255,-6.255,-8.319150000000002,-8.319150000000002,10.408327518026132,10.408327518026132,10.408327518026132
30.0,15.0,30.0,528.780356685791,ultimate,LC4+,180.0,0.0,-0.0,-0.0,-6.255,-6.255,-8.319150000000002,-8.319150000000002,10.408327518026132,10.408327518026132,10.408327518026132
30.0,15.0,30.0,528.780356685791,ultimate,LC4-,120.0,0.0,-0.0,-0.0,6.255,6.255,-8.319150000000002,-8.319150000000002,10.408327518026132,10.408327518026132,10.408327518026132
30.0,15.0,30.0,528.780356685791,ultimate,LC4-,150.0,0.0,-0.0,-0.0,6.255,6.255,-8.319150000000002,-8.319150000000002,10.408327518026132,10.408327518026132,10.408327518026132
30.0,15.0,30.0,528.780356685791,ultimate,LC4-,180.0,0.0,-0.0,-0.0,6.255,6.255,-8.319150000000002,-8.319150000000002,10.408327518026132,10.408327518026132,10.408327518026132
30.0,15.0,30.0,528.780356685791,ultimate,LC5,120.0,13.31064,15.690320966916158,1.5972768,13.31064,-13.31064,-139.07182472430134,122.43352472430132,139.70735689059612,123.1549475807842,139.70735689059612
30.0,15.0,30.0,528.780356685791,ultimate,LC5,150.0,13.31064,15.690320966916158,1.5972768,10.648512,-10.648512,-112.92128977944107,96.28298977944105,113.4222574862035,96.8700414404892,113.4222574862035
30.0,15.0,30.0,528.780356685791,ultimate,LC5,180.0,13.31064,15.690320966916158,1.5972768,8.87376,-8.87376,-95.48759981620088,78.84929981620087,95.89903719640009,79.34705853428176,95.89903719640009
30.0,20.0,35.0,533.780356685791,limit,LC0,120.0,0.0,-0.0,-0.0,-0.0,0.0,-3.726382978723404,-3.726382978723404,3.726382978723404,3.726382978723404,3.726382978723404
30.0,20.0,35.0,533.780356685791,limit,LC0,150.0,0.0,-0.0,-0.0,-0.0,0.0,-3.726382978723404,-3.726382978723404,3.726382978723404,3.726382978723404,3.726382978723404
30.0,20.0,35.0,533.780356685791,limit,LC0,180.0,0.0,-0.0,-0.0,-0.0,0.0,-3.726382978723404,-3.726382978723404,3.726382978723404,3.726382978723404,3.726382978723404
30.0,20.0,35.0,533.780356685791,limit,LC1,120.0,0.0,-0.0,-0.0,-0.0,0.0,-12.51,-12.51,12.51,12.51,12.51
30.0,20.0,35.0,533.780356685791,limit,LC1,150.0,0.0,-0.0,-0.0,-0.0,0.0,-12.51,-12.51,12.51,12.51,12.51
30.0,20.0,35.0,533.780356685791,limit,LC1,180.0,0.0,-0.0,-0.0,-0.0,0.0,-12.51,-12.51,12.51,12.51,12.51
30.0,20.0,35.0,533.780356685791,limit,LC2A,120.0,6.255,7.404546131069623,0.7505999999999999,6.255,-6.255,-74.21455109224686,49.19455109224686,74.4776786616213,49.59061284323563,74.4776786616213
30.0,20.0,35.0,533.780356685791,limit,LC2A,150.0,6.255,7.404546131069623,0.7505999999999999,5.004,-5.004,-61.873640873797484,36.85364087379749,62.07565908614795,37.191811755477,62.07565908614795
30.0,20.0,35.0,533.780356685791,limit,LC2A,180.0,6.255,7.404546131069623,0.7505999999999999,4.17,-4.17,-53.64636739483124,28.62636739483124,53.80819300683876,28.9284947797817,53.80819300683876
30.0,20.0,35.0,533.780356685791,limit,LC2B,120.0,6.255,-7.404546131069623,-0.7505999999999999,-6.255,6.255,49.19455109224686,-74.21455109224686,49.59061284323563,74.4776786616213,74.4776786616213
30.0,20.0,35.0,533.780356685791,limit,LC2B,150.0,6.255,-7.404546131069623,-0.7505999999999999,-5.004,5.004,36.85364087379749,-61.873640873797484,37.191811755477,62.07565908614795,62.07565908614795
30.0,20.0,35.0,533.780356685791,limit,LC2B,180.0,6.255,-7.404546131069623,-0.7505999999999999,-4.17,4.17,28.62636739483124,-53.64636739483124,28.9284947797817,53.80819300683876,53.80819300683876
30.0,20.0,35.0,533.780356685791,limit,LC3,120.0,0.0,-0.0,-0.0,-0.0,0.0,-12.51,-12.51,12.51,12.51,12.51
30.0,20.0,35.0,533.780356685791,limit,LC3,150.0,0.0,-0.0,-0.0,-0.0,0.0,-12.51,-12.51,12.51,12.51,12.51
30.0,20.0,35.0,533.780356685791,limit,LC3,180.0,0.0,-0.0,-0.0,-0.0,0.0,-12.51,-12.51,12.51,12.51,12.51
30.0,20.0,35.0,533.780356685791,limit,LC4+,120.0,0.0,-0.0,-0.0,-4.17,-4.17,-5.5461,-5.5461,6.938885012017421,6.938885012017421,6.938885012017421
30.0,20.0,35.0,533.780356685791,limit,LC4+,150.0,0.0,-0.0,-0.0,-4.17,-4.17,-5.5461,-5.5461,6.938885012017421,6.938885012017421,6.938885012017421
30.0,20.0,35.0,533.780356685791,limit,LC4+,180.0,0.0,-0.0,-0.0,-4.17,-4.17,-5.5461,-5.5461,6.938885012017421,6.938885012017421,6.938885012017421
30.0,20.0,35.0,533.780356685791,limit,LC4-,120.0,0.0,-0.0,-0.0,4.17,4.17,-5.5461,-5.5461,6.938885012017421,6.938885012017421,6.938885012017421
30.0,20.0,35.0,533.780356685791,limit,LC4-,150.0,0.0,-0.0,-0.0,4.17,4.17,-5.5461,-5.5461,6.938885012017421,6.938885012017421,6.938885012017421
30.0,20.0,35.0,533.780356685791,limit,LC4-,180.0,0.0,-0.0,-0.0,4.17,4.17,-5.5461,-5.5461,6.938885012017421,6.938885012017421,6.938885012017421
30.0,20.0,35.0,533.780356685791,limit,LC5,120.0,8.87376,10.504582777944105,1.0648512,8.87376,-8.87376,-93.08428981620087,81.99208981620087,93.50630260642369,82.47088218859764,93.50630260642369
30.0,20.0,35.0,533.780356685791,limit,LC5,150.0,8.87376,10.504582777944105,1.0648512,7.099008000000001,-7.099008000000001,-75.5766518529607,64.4844518529607,75.90932893846244,64.8740352171874,75.90932893846244
30.0,20.0,35.0,533.780356685791,limit,LC5,180.0,8.87376,10.504582777944105,1.0648512,5.915840000000001,-5.915840000000001,-63.90489321080059,52.81269321080058,64.17813131581059,53.142993207794966,64.17813131581059
30.0,20.0,35.0,533.780356685791,ultimate,LC0,120.0,0.0,-0.0,-0.0,-0.0,0.0,-5.589574468085106,-5.589574468085106,5.589574468085106,5.589574468085106,5.589574468085106
30.0,20.0,35.0,533.780356685791,ultimate,LC0,150.0,0.0,-0.0,-0.0,-0.0,0.0,-5.589574468085106,-5.589574468085106,5.589574468085106,5.589574468085106,5.589574468085106
30.0,20.0,35.0,533.780356685791,ultimate,LC0,180.0,0.0,-0.0,-0.0,-0.0,0.0,-5.589574468085106,-5.589574468085106,5.589574468085106,5.589574468085106,5.589574468085106
30.0,20.0,35.0,533.780356685791,ultimate,LC1,120.0,0.0,-0.0,-0.0,-0.0,0.0,-18.765,-18.765,18.765,18.765,18.765
30.0,20.0,35.0,533.780356685791,ultimate,LC1,150.0,0.0,-0.0,-0.0,-0.0,0.0,-18.765,-18.765,18.765,18.765,18.765
30.0,20.0,35.0,533.780356685791,ultimate,LC1,180.0,0.0,-0.0,-0.0,-0.0,0.0,-18.765,-18.765,18.765,18.765,18.765
30.0,20.0,35.0,533.780356685791,ultimate,LC2A,120.0,9.3825,11.106819196604434,1.1259,9.3825,-9.3825,-111.32182663837028,73.79182663837028,111.71651799243193,74.38591926485344,111.71651799243193
30.0,20.0,35.0,533.780356685791,ultimate,LC2A,150.0,9.3825,11.106819196604434,1.1259,7.505999999999999,-7.505999999999999,-92.81046131069623,55.280461310696225,93.11348862922193,55.787717633215486,93.11348862922193
30.0,20.0,35.0,533.780356685791,ultimate,LC2A,180.0,9.3825,11.106819196604434,1.1259,6.255,-6.255,-80.46955109224686,42.93955109224686,80.71228951025815,43.39274216967255,80.71228951025815
30.0,20.0,35.0,533.780356685791,ultimate,LC2B,120.0,9.3825,-11.106819196604434,-1.1259,-9.3825,9.3825,73.79182663837028,-111.32182663837028,74.38591926485344,111.71651799243193,111.71651799243193
30.0,20.0,35.0,533.780356685791,ultimate,LC2B,150.0,9.3825,-11.106819196604434,-1.1259,-7.505999999999999,7.505999999999999,55.280461310696225,-92.81046131069623,55.787717633215486,93.11348862922193,93.11348862922193
30.0,20.0,35.0,533.780356685791,ultimate,LC2B,180.0,9.3825,-11.106819196604434,-1.1259,-6.255,6.255,42.93955109224686,-80.46955109224686,43.39274216967255,80.71228951025815,80.71228951025815
30.0,20.0,35.0,533.780356685791,ultimate,LC3,120.0,0.0,-0.0,-0.0,-0.0,0.0,-18.765,-18.765,18.765,18.765,18.765
30.0,20.0,35.0,533.780356685791,ultimate,LC3,150.0,0.0,-0.0,-0.0,-0.0,0.0,-18.765,-18.765,18.765,18.765,18.765
30.0,20.0,35.0,533.780356685791,ultimate,LC3,180.0,0.0,-0.0,-0.0,-0.0,0.0,-18.765,-18.765,18.765,18.765,18.765
30.0,20.0,35.0,533.780356685791,ultimate,LC4+,120.0,0.0,-0.0,-0.0,-6.255,-6.255,-8.319150000000002,-8.319150000000002,10.408327518026132,10.408327518026132,10.408327518026132
30.0,20.0,35.0,533.780356685791,ultimate,LC4+,150.0,0.0,-0.0,-0.0,-6.255,-6.255,-8.319150000000002,-8.319150000000002,10.408327518026132,10.408327518026132,10.408327518026132
30.0,20.0,35.0,533.780356685791,ultimate,LC4+,180.0,0.0,-0.0,-0.0,-6.255,-6.255,-8.319150000000002,-8.319150000000002,10.408327518026132,10.408327518026132,10.408327518026132
30.0,20.0,35.0,533.780356685791,ultimate,LC4-,120.0,0.0,-0.0,-0.0,6.255,6.255,-8.319150000000002,-8.319150000000002,10.408327518026132,10.408327518026132,10.408327518026132
30.0,20.0,35.0,533.780356685791,ultimate,LC4-,150.0,0.0,-0.0,-0.0,6.255,6.255,-8.319150000000002,-8.319150000000002,10.408327518026132,10.408327518026132,10.408327518026132
30.0,20.0,35.0,533.780356685791,ultimate,LC4-,180.0,0.0,-0.0,-0.0,6.255,6.255,-8.319150000000002,-8.319150000000002,10.408327518026132,10.408327518026132,10.408327518026132
30.0,20.0,35.0,533.780356685791,ultimate,LC5,120.0,13.31064,15.756874166916155,1.5972768,13.31064,-13.31064,-139.6264347243013,122.98813472430129,140.25945390963554,123.70632328289643,140.25945390963554
30.0,20.0,35.0,533.780356685791,ultimate,LC5,150.0,13.31064,15.756874166916155,1.5972768,10.648512,-10.648512,-113.36497777944105,96.72667777944103,113.86399340769367,97.31105282578108,113.86399340769367
30.0,20.0,35.0,533.780356685791,ultimate,LC5,180.0,13.31064,15.756874166916155,1.5972768,8.87376,-8.87376,-95.85733981620088,79.21903981620086,96.26719697371587,79.71448981169245,96.26719697371587
32.0,5.0,21.0,519.780356685791,limit,LC0,120.0,0.0,-0.0,-0.0,-0.0,0.0,-3.726382978723404,-3.726382978723404,3.726382978723404,3.726382978723404,3.726382978723404
32.0,5.0,21.0,519.780356685791,limit,LC0,150.0,0.0,-0.0,-0.0,-0.0,0.0,-3.726382978723404,-3.726382978723404,3.726382978723404,3.726382978723404,3.726382978723404
32.0,5.0,21.0,519.780356685791,limit,LC0,180.0,0.0,-0.0,-0.0,-0.0,0.0,-3.726382978723404,-3.726382978723404,3.726382978723404,3.726382978723404,3.726382978723404
32.0,5.0,21.0,519.780356685791,limit,LC1,120.0,0.0,-0.0,-0.0,-0.0,0.0,-12.51,-12.51,12.51,12.51,12.51
32.0,5.0,21.0,519.780356685791,limit,LC1,150.0,0.0,-0.0,-0.0,-0.0,0.0,-12.51,-12.51,12.51,12.51,12.51
32.0,5.0,21.0,519.780356685791,limit,LC1,180.0,0.0,-0.0,-0.0,-0.0,0.0,-12.51,-12.51,12.51,12.51,12.51
32.0,5.0,21.0,519.780356685791,limit,LC2A,120.0,6.255,7.316976131069622,0.7505999999999999,6.255,-6.255,-73.48480109224685,48.46480109224686,73.75053231378797,48.866777772951764,73.75053231378797
32.0,5.0,21.0,519.780356685791,limit,LC2A,150.0,6.255,7.316976131069622,0.7505999999999999,5.004,-5.004,-61.28984087379748,36.269840873797484,61.49377700495731,36.61340428054445,61.49377700495731
32.0,5.0,21.0,519.780356685791,limit,LC2A,180.0,6.255,7.316976131069622,0.7505999999999999,4.17,-4.17,-53.15986739483123,28.139867394831235,53.32316946165185,28.44716219587968,53.32316946165185
32.0,5.0,21.0,519.780356685791,limit,LC2B,120.0,6.255,-7.316976131069622,-0.7505999999999999,-6.255,6.255,48.46480109224686,-73.48480109224685,48.866777772951764,73.75053231378797,73.75053231378797
32.0,5.0,21.0,519.780356685791,limit,LC2B,150.0,6.255,-7.316976131069622,-0.7505999999999999,-5.004,5.004,36.269840873797484,-61.28984087379748,36.61340428054445,61.49377700495731,61.49377700495731
32.0,5.0,21.0,519.780356685791,limit,LC2B,180.0,6.255,-7.316976131069622,-0.7505999999999999,-4.17,4.17,28.139867394831235,-53.15986739483123,28.44716219587968,53.32316946165185,53.32316946165185
32.0,5.0,21.0,519.780356685791,limit,LC3,120.0,0.0,-0.0,-0.0,-0.0,0.0,-12.51,-12.51,12.51,12.51,12.51
32.0,5.0,21.0,519.780356685791,limit,LC3,150.0,0.0,-0.0,-0.0,-0.0,0.0,-12.51,-12.51,12.51,12.51,12.51
32.0,5.0,21.0,519.780356685791,limit,LC3,180.0,0.0,-0.0,-0.0,-0.0,0.0,-12.51,-12.51,12.51,12.51,12.51
32.0,5.0,21.0,519.780356685791,limit,LC4+,120.0,0.0,-0.0,-0.0,-4.17,-4.17,-5.5461,-5.5461,6.938885012017421,6.938885012017421,6.938885012017421
32.0,5.0,21.0,519.780356685791,limit,LC4+,150.0,0.0,-0.0,-0.0,-4.17,-4.17,-5.5461,-5.5461,6.938885012017421,6.938885012017421,6.938885012017421
32.0,5.0,21.0,519.780356685791,limit,LC4+,180.0,0.0,-0.0,-0.0,-4.17,-4.17,-5.5461,-5.5461,6.938885012017421,6.938885012017421,6.938885012017421
32.0,5.0,21.0,519.780356685791,limit,LC4-,120.0,0.0,-0.0,-0.0,4.17,4.17,-5.5461,-5.5461,6.938885012017421,6.938885012017421,6.938885012017421
32.0,5.0,21.0,519.780356685791,limit,LC4-,150.0,0.0,-0.0,-0.0,4.17,4.17,-5.5461,-5.5461,6.938885012017421,6.938885012017421,6.938885012017421
32.0,5.0,21.0,519.780356685791,limit,LC4-,180.0,0.0,-0.0,-0.0,4.17,4.17,-5.5461,-5.5461,6.938885012017421,6.938885012017421,6.938885012017421
32.0,5.0,21.0,519.780356685791,limit,LC5,120.0,8.87376,10.380350137944106,1.0648512,8.87376,-8.87376,-92.04901781620089,80.9568178162009,92.47575518731853,81.44169673737859,92.47575518731853
32.0,5.0,21.0,519.780356685791,limit,LC5,150.0,8.87376,10.380350137944106,1.0648512,7.099008000000001,-7.099008000000001,-74.7484342529607,63.65623425296071,75.08478100023501,64.05085537174247,75.08478100023501
32.0,5.0,21.0,519.780356685791,limit,LC5,180.0,8.87376,10.380350137944106,1.0648512,5.915840000000001,-5.915840000000001,-63.21471187746726,52.122511877467254,63.49092030091232,52.457157827338634,63.49092030091232
32.0,5.0,21.0,519.780356685791,ultimate,LC0,120.0,0.0,-0.0,-0.0,-0.0,0.0,-5.589574468085106,-5.589574468085106,5.589574468085106,5.589574468085106,5.589574468085106
32.0,5.0,21.0,519.780356685791,ultimate,LC0,150.0,0.0,-0.0,-0.0,-0.0,0.0,-5.589574468085106,-5.589574468085106,5.589574468085106,5.589574468085106,5.589574468085106
32.0,5.0,21.0,519.780356685791,ultimate,LC0,180.0,0.0,-0.0,-0.0,-0.0,0.0,-5.589574468085106,-5.589574468085106,5.589574468085106,5.589574468085106,5.589574468085106
32.0,5.0,21.0,519.780356685791,ultimate,LC1,120.0,0.0,-0.0,-0.0,-0.0,0.0,-18.765,-18.765,18.765,18.765,18.765
32.0,5.0,21.0,519.780356685791,ultimate,LC1,150.0,0.0,-0.0,-0.0,-0.0,0.0,-18.765,-18.765,18.765,18.765,18.765
32.0,5.0,21.0,519.780356685791,ultimate,LC1,180.0,0.0,-0.0,-0.0,-0.0,0.0,-18.765,-18.765,18.765,18.765,18.765
32.0,5.0,21.0,519.780356685791,ultimate,LC2A,120.0,9.3825,10.975464196604435,1.1259,9.3825,-9.3825,-110.22720163837029,72.69720163837029,110.62579847068197,73.30016665942765,110.62579847068197
32.0,5.0,21.0,519.780356685791,ultimate,LC2A,150.0,9.3825,10.975464196604435,1.1259,7.505999999999999,-7.505999999999999,-91.93476131069623,54.40476131069623,92.24066550743598,54.92010642081668,92.24066550743598
32.0,5.0,21.0,519.780356685791,ultimate,LC2A,180.0,9.3825,10.975464196604435,1.1259,6.255,-6.255,-79.73980109224686,42.20980109224686,79.9847541924778,42.670743293819534,79.9847541924778
32.0,5.0,21.0,519.780356685791,ultimate,LC2B,120.0,9.3825,-10.975464196604435,-1.1259,-9.3825,9.3825,72.69720163837029,-110.22720163837029,73.30016665942765,110.62579847068197,110.62579847068197
32.0,5.0,21.0,519.780356685791,ultimate,LC2B,150.0,9.3825,-10.975464196604435,-1.1259,-7.505999999999999,7.505999999999999,54.40476131069623,-91.93476131069623,54.92010642081668,92.24066550743598,92.24066550743598
32.0,5.0,21.0,519.780356685791,ultimate,LC2B,180.0,9.3825,-10.975464196604435,-1.1259,-6.255,6.255,42.20980109224686,-79.73980109224686,42.670743293819534,79.9847541924778,79.9847541924778
32.0,5.0,21.0,519.780356685791,ultimate,LC3,120.0,0.0,-0.0,-0.0,-0.0,0.0,-18.765,-18.765,18.765,18.765,18.765
32.0,5.0,21.0,519.780356685791,ultimate,LC3,150.0,0.0,-0.0,-0.0,-0.0,0.0,-18.765,-18.765,18.765,18.765,18.765
32.0,5.0,21.0,519.780356685791,ultimate,LC3,180.0,0.0,-0.0,-0.0,-0.0,0.0,-18.765,-18.765,18.765,18.765,18.765
32.0,5.0,21.0,519.780356685791,ultimate,LC4+,120.0,0.0,-0.0,-0.0,-6.255,-6.255,-8.319150000000002,-8.319150000000002,10.408327518026132,10.408327518026132,10.408327518026132
32.0,5.0,21.0,519.780356685791,ultimate,LC4+,150.0,0.0,-0.0,-0.0,-6.255,-6.255,-8.319150000000002,-8.319150000000002,10.408327518026132,10.408327518026132,10.408327518026132
32.0,5.0,21.0,519.780356685791,ultimate,LC4+,180.0,0.0,-0.0,-0.0,-6.255,-6.255,-8.319150000000002,-8.319150000000002,10.408327518026132,10.408327518026132,10.408327518026132
32.0,5.0,21.0,519.780356685791,ultimate,LC4-,120.0,0.0,-0.0,-0.0,6.255,6.255,-8.319150000000002,-8.319150000000002,10.408327518026132,10.408327518026132,10.408327518026132
32.0,5.0,21.0,519.780356685791,ultimate,LC4-,150.0,0.0,-0.0,-0.0,6.255,6.255,-8.319150000000002,-8.319150000000002,10.408327518026132,10.408327518026132,10.408327518026132
32.0,5.0,21.0,519.780356685791,ultimate,LC4-,180.0,0.0,-0.0,-0.0,6.255,6.255,-8.319150000000002,-8.319150000000002,10.408327518026132,10.408327518026132,10.408327518026132
32.0,5.0,21.0,519.780356685791,ultimate,LC5,120.0,13.31064,15.570525206916155,1.5972768,13.31064,-13.31064,-138.0735267243013,121.43522672430129,138.71363278097775,122.16254510606784,138.71363278097775
32.0,5.0,21.0,519.780356685791,ultimate,LC5,150.0,13.31064,15.570525206916155,1.5972768,10.648512,-10.648512,-112.12265137944105,95.48435137944104,112.62717150035252,96.0762830576137,112.62717150035252
32.0,5.0,21.0,519.780356685791,ultimate,LC5,180.0,13.31064,15.570525206916155,1.5972768,8.87376,-8.87376,-94.82206781620087,78.18376781620086,95.23638045136846,78.68573674100793,95.23638045136846
32.0,10.0,26.0,524.780356685791,limit,LC0,120.0,0.0,-0.0,-0.0,-0.0,0.0,-3.726382978723404,-3.726382978723404,3.726382978723404,3.726382978723404,3.726382978723404
32.0,10.0,26.0,524.780356685791,limit,LC0,150.0,0.0,-0.0,-0.0,-0.0,0.0,-3.726382978723404,-3.726382978723404,3.726382978723404,3.726382978723404,3.726382978723404
32.0,10.0,26.0,524.780356685791,limit,LC0,180.0,0.0,-0.0,-0.0,-0.0,0.0,-3.726382978723404,-3.726382978723404,3.726382978723404,3.726382978723404,3.726382978723404
32.0,10.0,26.0,524.780356685791,limit,LC1,120.0,0.0,-0.0,-0.0,-0.0,0.0,-12.51,-12.51,12.51,12.51,12.51
32.0,10.0,26.0,524.780356685791,limit,LC1,150.0,0.0,-0.0,-0.0,-0.0,0.0,-12.51,-12.51,12.51,12.51,12.51
32.0,10.0,26.0,524.780356685791,limit,LC1,180.0,0.0,-0.0,-0.0,-0.0,0.0,-12.51,-12.51,12.51,12.51,12.51
32.0,10.0,26.0,524.780356685791,limit,LC2A,120.0,6.255,7.348251131069623,0.7505999999999999,6.255,-6.255,-73.74542609224686,48.72542609224686,74.01022155437074,49.12527020659542,74.01022155437074
32.0,10.0,26.0,524.780356685791,limit,LC2A,150.0,6.255,7.348251131069623,0.7505999999999999,5.004,-5.004,-61.49834087379749,36.47834087379749,61.701587874460664,36.81995883899064,61.701587874460664
32.0,10.0,26.0,524.780356685791,limit,LC2A,180.0,6.255,7.348251131069623,0.7505999999999999,4.17,-4.17,-53.333617394831236,28.31361739483124,53.49638907831299,28.61904662948943,53.49638907831299
32.0,10.0,26.0,524.780356685791,limit,LC2B,120.0,6.255,-7.348251131069623,-0.7505999999999999,-6.255,6.255,48.72542609224686,-73.74542609224686,49.12527020659542,74.01022155437074,74.01022155437074
32.0,10.0,26.0,524.780356685791,limit,LC2B,150.0,6.255,-7.348251131069623,-0.7505999999999999,-5.004,5.004,36.47834087379749,-61.49834087379749,36.81995883899064,61.701587874460664,61.701587874460664
32.0,10.0,26.0,524.780356685791,limit,LC2B,180.0,6.255,-7.348251131069623,-0.7505999999999999,-4.17,4.17,28.31361739483124,-53.333617394831236,28.61904662948943,53.49638907831299,53.49638907831299
32.0,10.0,26.0,524.780356685791,limit,LC3,120.0,0.0,-0.0,-0.0,-0.0,0.0,-12.51,-12.51,12.51,12.51,12.51
32.0,10.0,26.0,524.780356685791,limit,LC3,150.0,0.0,-0.0,-0.0,-0.0,0.0,-12.51,-12.51,12.51,12.51,12.51
32.0,10.0,26.0,524.780356685791,limit,LC3,180.0,0.0,-0.0,-0.0,-0.0,0.0,-12.51,-12.51,12.51,12.51,12.51
32.0,10.0,26.0,524.780356685791,limit,LC4+,120.0,0.0,-0.0,-0.0,-4.17,-4.17,-5.5461,-5.5461,6.938885012017421,6.938885012017421,6.938885012017421
32.0,10.0,26.0,524.780356685791,limit,LC4+,150.0,0.0,-0.0,-0.0,-4.17,-4.17,-5.5461,-5.5461,6.938885012017421,6.938885012017421,6.938885012017421
32.0,10.0,26.0,524.780356685791,limit,LC4+,180.0,0.0,-0.0,-0.0,-4.17,-4.17,-5.5461,-5.5461,6.938885012017421,6.938885012017421,6.938885012017421
32.0,10.0,26.0,524.780356685791,limit,LC4-,120.0,0.0,-0.0,-0.0,4.17,4.17,-5.5461,-5.5461,6.938885012017421,6.938885012017421,6.938885012017421
32.0,10.0,26.0,524.780356685791,limit,LC4-,150.0,0.0,-0.0,-0.0,4.17,4.17,-5.5461,-5.5461,6.938885012017421,6.938885012017421,6.938885012017421
32.0,10.0,26.0,524.780356685791,limit,LC4-,180.0,0.0,-0.0,-0.0,4.17,4.17,-5.5461,-5.5461,6.938885012017421,6.938885012017421,6.938885012017421
32.0,10.0,26.0,524.780356685791,limit,LC5,120.0,8.87376,10.424718937944107,1.0648512,8.87376,-8.87376,-92.4187578162009,81.3265578162009,92.84379576916916,81.80924533797796,92.84379576916916
32.0,10.0,26.0,524.780356685791,limit,LC5,150.0,8.87376,10.424718937944107,1.0648512,7.099008000000001,-7.099008000000001,-75.04422625296071,63.952026252960714,75.37925317015035,64.34483333138287,75.37925317015035
32.0,10.0,26.0,524.780356685791,limit,LC5,180.0,8.87376,10.424718937944107,1.0648512,5.915840000000001,-5.915840000000001,-63.4612052108006,52.369005210800594,63.736345437379335,52.70208600875738,63.736345437379335
32.0,10.0,26.0,524.780356685791,ultimate,LC0,120.0,0.0,-0.0,-0.0,-0.0,0.0,-5.589574468085106,-5.589574468085106,5.589574468085106,5.589574468085106,5.589574468085106
32.0,10.0,26.0,524.780356685791,ultimate,LC0,150.0,0.0,-0.0,-0.0,-0.0,0.0,-5.589574468085106,-5.589574468085106,5.589574468085106,5.589574468085106,5.589574468085106
32.0,10.0,26.0,524.780356685791,ultimate,LC0,180.0,0.0,-0.0,-0.0,-0.0,0.0,-5.589574468085106,-5.589574468085106,5.589574468085106,5.589574468085106,5.589574468085106
32.0,10.0,26.0,524.780356685791,ultimate,LC1,120.0,0.0,-0.0,-0.0,-0.0,0.0,-18.765,-18.765,18.765,18.765,18.765
32.0,10.0,26.0,524.780356685791,ultimate,LC1,150.0,0.0,-0.0,-0.0,-0.0,0.0,-18.765,-18.765,18.765,18.765,18.765
32.0,10.0,26.0,524.780356685791,ultimate,LC1,180.0,0.0,-0.0,-0.0,-0.0,0.0,-18.765,-18.765,18.765,18.765,18.765
32.0,10.0,26.0,524.780356685791,ultimate,LC2A,120.0,9.3825,11.022376696604434,1.1259,9.3825,-9.3825,-110.61813913837028,73.08813913837028,111.01533233155611,73.68790530989311,111.01533233155611
32.0,10.0,26.0,524.780356685791,ultimate,LC2A,150.0,9.3825,11.022376696604434,1.1259,7.505999999999999,-7.505999999999999,-92.24751131069623,54.717511310696224,92.55238181169098,55.229938258485944,92.55238181169098
32.0,10.0,26.0,524.780356685791,ultimate,LC2A,180.0,9.3825,11.022376696604434,1.1259,6.255,-6.255,-80.00042609224687,42.47042609224686,80.2445836174695,42.92856994423414,80.2445836174695
32.0,10.0,26.0,524.780356685791,ultimate,LC2B,120.0,9.3825,-11.022376696604434,-1.1259,-9.3825,9.3825,73.08813913837028,-110.61813913837028,73.68790530989311,111.01533233155611,111.01533233155611
32.0,10.0,26.0,524.780356685791,ultimate,LC2B,150.0,9.3825,-11.022376696604434,-1.1259,-7.505999999999999,7.505999999999999,54.717511310696224,-92.24751131069623,55.229938258485944,92.55238181169098,92.55238181169098
32.0,10.0,26.0,524.780356685791,ultimate,LC2B,180.0,9.3825,-11.022376696604434,-1.1259,-6.255,6.255,42.47042609224686,-80.00042609224687,42.92856994423414,80.2445836174695,80.2445836174695
32.0,10.0,26.0,524.780356685791,ultimate,LC3,120.0,0.0,-0.0,-0.0,-0.0,0.0,-18.765,-18.765,18.765,18.765,18.765
32.0,10.0,26.0,524.780356685791,ultimate,LC3,150.0,0.0,-0.0,-0.0,-0.0,0.0,-18.765,-18.765,18.765,18.765,18.765
32.0,10.0,26.0,524.780356685791,ultimate,LC3,180.0,0.0,-0.0,-0.0,-0.0,0.0,-18.765,-18.765,18.765,18.765,18.765
32.0,10.0,26.0,524.780356685791,ultimate,LC4+,120.0,0.0,-0.0,-0.0,-6.255,-6.255,-8.319150000000002,-8.319150000000002,10.408327518026132,10.408327518026132,10.408327518026132
32.0,10.0,26.0,524.780356685791,ultimate,LC4+,150.0,0.0,-0.0,-0.0,-6.255,-6.255,-8.319150000000002,-8.319150000000002,10.408327518026132,10.408327518026132,10.408327518026132
32.0,10.0,26.0,524.780356685791,ultimate,LC4+,180.0,0.0,-0.0,-0.0,-6.255,-6.255,-8.319150000000002,-8.319150000000002,10.408327518026132,10.408327518026132,10.408327518026132
32.0,10.0,26.0,524.780356685791,ultimate,LC4-,120.0,0.0,-0.0,-0.0,6.255,6.255,-8.319150000000002,-8.319150000000002,10.408327518026132,10.408327518026132,10.408327518026132
32.0,10.0,26.0,524.780356685791,ultimate,LC4-,150.0,0.0,-0.0,-0.0,6.255,6.255,-8.319150000000002,-8.319150000000002,10.408327518026132,10.408327518026132,10.408327518026132
32.0,10.0,26.0,524.780356685791,ultimate,LC4-,180.0,0.0,-0.0,-0.0,6.255,6.255,-8.319150000000002,-8.319150000000002,10.408327518026132,10.408327518026132,10.408327518026132
32.0,10.0,26.0,524.780356685791,ultimate,LC5,120.0,13.31064,15.637078406916157,1.5972768,13.31064,-13.31064,-138.62813672430133,121.98983672430131,139.26569365375374,122.71386800696689,139.26569365375374
32.0,10.0,26.0,524.780356685791,ultimate,LC5,150.0,13.31064,15.637078406916157,1.5972768,10.648512,-10.648512,-112.56633937944106,95.92803937944105,113.06887975522552,96.51724999707429,113.06887975522552
32.0,10.0,26.0,524.780356685791,ultimate,LC5,180.0,13.31064,15.637078406916157,1.5972768,8.87376,-8.87376,-95.19180781620088,78.55350781620086,95.60451815606898,79.05312901313603,95.60451815606898
32.0,15.0,31.0,529.780356685791,limit,LC0,120.0,0.0,-0.0,-0.0,-0.0,0.0,-3.726382978723404,-3.726382978723404,3.726382978723404,3.726382978723404,3.726382978723404
32.0,15.0,31.0,529.780356685791,limit,LC0,150.0,0.0,-0.0,-0.0,-0.0,0.0,-3.726382978723404,-3.726382978723404,3.726382978723404,3.726382978723404,3.726382978723404
32.0,15.0,31.0,529.780356685791,limit,LC0,180.0,0.0,-0.0,-0.0,-0.0,0.0,-3.726382978723404,-3.726382978723404,3.726382978723404,3.726382978723404,3.726382978723404
32.0,15.0,31.0,529.780356685791,limit,LC1,120.0,0.0,-0.0,-0.0,-0.0,0.0,-12.51,-12.51,12.51,12.51,12.51
32.0,15.0,31.0,529.780356685791,limit,LC1,150.0,0.0,-0.0,-0.0,-0.0,0.0,-12.51,-12.51,12.51,12.51,12.51
32.0,15.0,31.0,529.780356685791,limit,LC1,180.0,0.0,-0.0,-0.0,-0.0,0.0,-12.51,-12.51,12.51,12.51,12.51
32.0,15.0,31.0,529.780356685791,limit,LC2A,120.0,6.255,7.379526131069622,0.7505999999999999,6.255,-6.255,-74.00605109224685,48.98605109224685,74.2699173506222,49.38378505756945,74.2699173506222
32.0,15.0,31.0,529.780356685791,limit,LC2A,150.0,6.255,7.379526131069622,0.7505999999999999,5.004,-5.004,-61.70684087379748,36.686840873797486,61.90940337803429,37.026535205165196,61.90940337803429
32.0,15.0,31.0,529.780356685791,limit,LC2A,180.0,6.255,7.379526131069622,0.7505999999999999,4.17,-4.17,-53.507367394831235,28.48736739483124,53.669612123858776,28.790953459170016,53.669612123858776
32.0,15.0,31.0,529.780356685791,limit,LC2B,120.0,6.255,-7.379526131069622,-0.7505999999999999,-6.255,6.255,48.98605109224685,-74.00605109224685,49.38378505756945,74.2699173506222,74.2699173506222
32.0,15.0,31.0,529.780356685791,limit,LC2B,150.0,6.255,-7.379526131069622,-0.7505999999999999,-5.004,5.004,36.686840873797486,-61.70684087379748,37.026535205165196,61.90940337803429,61.90940337803429
32.0,15.0,31.0,529.780356685791,limit,LC2B,180.0,6.255,-7.379526131069622,-0.7505999999999999,-4.17,4.17,28.48736739483124,-53.507367394831235,28.790953459170016,53.669612123858776,53.669612123858776
32.0,15.0,31.0,529.780356685791,limit,LC3,120.0,0.0,-0.0,-0.0,-0.0,0.0,-12.51,-12.51,12.51,12.51,12.51
32.0,15.0,31.0,529.780356685791,limit,LC3,150.0,0.0,-0.0,-0.0,-0.0,0.0,-12.51,-12.51,12.51,12.51,12.51
32.0,15.0,31.0,529.780356685791,limit,LC3,180.0,0.0,-0.0,-0.0,-0.0,0.0,-12.51,-12.51,12.51,12.51,12.51
32.0,15.0,31.0,529.780356685791,limit,LC4+,120.0,0.0,-0.0,-0.0,-4.17,-4.17,-5.5461,-5.5461,6.938885012017421,6.938885012017421,6.938885012017421
32.0,15.0,31.0,529.780356685791,limit,LC4+,150.0,0.0,-0.0,-0.0,-4.17,-4.17,-5.5461,-5.5461,6.938885012017421,6.938885012017421,6.938885012017421
32.0,15.0,31.0,529.780356685791,limit,LC4+,180.0,0.0,-0.0,-0.0,-4.17,-4.17,-5.5461,-5.5461,6.938885012017421,6.938885012017421,6.938885012017421
32.0,15.0,31.0,529.780356685791,limit,LC4-,120.0,0.0,-0.0,-0.0,4.17,4.17,-5.5461,-5.5461,6.938885012017421,6.938885012017421,6.938885012017421
32.0,15.0,31.0,529.780356685791,limit,LC4-,150.0,0.0,-0.0,-0.0,4.17,4.17,-5.5461,-5.5461,6.938885012017421,6.938885012017421,6.938885012017421
32.0,15.0,31.0,529.780356685791,limit,LC4-,180.0,0.0,-0.0,-0.0,4.17,4.17,-5.5461,-5.5461,6.938885012017421,6.938885012017421,6.938885012017421
32.0,15.0,31.0,529.780356685791,limit,LC5,120.0,8.87376,10.469087737944106,1.0648512,8.87376,-8.87376,-92.78849781620089,81.6962978162009,93.21184980207569,82.17681359976785,93.21184980207569
32.0,15.0,31.0,529.780356685791,limit,LC5,150.0,8.87376,10.469087737944106,1.0648512,7.099008000000001,-7.099008000000001,-75.3400182529607,64.24781825296071,75.67373563489856,64.63882784247821,75.67373563489856
32.0,15.0,31.0,529.780356685791,limit,LC5,180.0,8.87376,10.469087737944106,1.0648512,5.915840000000001,-5.915840000000001,-63.707698544133926,52.61549854413392,63.981778786587704,52.9470287169484,63.981778786587704
32.0,15.0,31.0,529.780356685791,ultimate,LC0,120.0,0.0,-0.0,-0.0,-0.0,0.0,-5.589574468085106,-5.589574468085106,5.589574468085106,5.589574468085106,5.589574468085106
32.0,15.0,31.0,529.780356685791,ultimate,LC0,150.0,0.0,-0.0,-0.0,-0.0,0.0,-5.589574468085106,-5.589574468085106,5.589574468085106,5.589574468085106,5.589574468085106
32.0,15.0,31.0,529.780356685791,ultimate,LC0,180.0,0.0,-0.0,-0.0,-0.0,0.0,-5.589574468085106,-5.589574468085106,5.589574468085106,5.589574468085106,5.589574468085106
32.0,15.0,31.0,529.780356685791,ultimate,LC1,120.0,0.0,-0.0,-0.0,-0.0,0.0,-18.765,-18.765,18.765,18.765,18.765
32.0,15.0,31.0,529.780356685791,ultimate,LC1,150.0,0.0,-0.0,-0.0,-0.0,0.0,-18.765,-18.765,18.765,18.765,18.765
32.0,15.0,31.0,529.780356685791,ultimate,LC1,180.0,0.0,-0.0,-0.0,-0.0,0.0,-18.765,-18.765,18.765,18.765,18.765
32.0,15.0,31.0,529.780356685791,ultimate,LC2A,120.0,9.3825,11.069289196604434,1.1259,9.3825,-9.3825,-111.00907663837029,73.47907663837029,111.4048760259333,74.07567758635417,111.4048760259333
32.0,15.0,31.0,529.780356685791,ultimate,LC2A,150.0,9.3825,11.069289196604434,1.1259,7.505999999999999,-7.505999999999999,-92.56026131069623,55.03026131069623,92.86410506705144,55.539802807747805,92.86410506705144
32.0,15.0,31.0,529.780356685791,ultimate,LC2A,180.0,9.3825,11.069289196604434,1.1259,6.255,-6.255,-80.26105109224686,42.73105109224686,80.50441818578817,43.186430188755025,80.50441818578817
32.0,15.0,31.0,529.780356685791,ultimate,LC2B,120.0,9.3825,-11.069289196604434,-1.1259,-9.3825,9.3825,73.47907663837029,-111.00907663837029,74.07567758635417,111.4048760259333,111.4048760259333
32.0,15.0,31.0,529.780356685791,ultimate,LC2B,150.0,9.3825,-11.069289196604434,-1.1259,-7.505999999999999,7.505999999999999,55.03026131069623,-92.56026131069623,55.539802807747805,92.86410506705144,92.86410506705144
32.0,15.0,31.0,529.780356685791,ultimate,LC2B,180.0,9.3825,-11.069289196604434,-1.1259,-6.255,6.255,42.73105109224686,-80.26105109224686,43.186430188755025,80.50441818578817,80.50441818578817
32.0,15.0,31.0,529.780356685791,ultimate,LC3,120.0,0.0,-0.0,-0.0,-0.0,0.0,-18.765,-18.765,18.765,18.765,18.765
32.0,15.0,31.0,529.780356685791,ultimate,LC3,150.0,0.0,-0.0,-0.0,-0.0,0.0,-18.765,-18.765,18.765,18.765,18.765
32.0,15.0,31.0,529.780356685791,ultimate,LC3,180.0,0.0,-0.0,-0.0,-0.0,0.0,-18.765,-18.765,18.765,18.765,18.765
32.0,15.0,31.0,529.780356685791,ultimate,LC4+,120.0,0.0,-0.0,-0.0,-6.255,-6.255,-8.319150000000002,-8.319150000000002,10.408327518026132,10.408327518026132,10.408327518026132
32.0,15.0,31.0,529.780356685791,ultimate,LC4+,150.0,0.0,-0.0,-0.0,-6.255,-6.255,-8.319150000000002,-8.319150000000002,10.408327518026132,10.408327518026132,10.408327518026132
32.0,15.0,31.0,529.780356685791,ultimate,LC4+,180.0,0.0,-0.0,-0.0,-6.255,-6.255,-8.319150000000002,-8.319150000000002,10.408327518026132,10.408327518026132,10.408327518026132
32.0,15.0,31.0,529.780356685791,ultimate,LC4-,120.0,0.0,-0.0,-0.0,6.255,6.255,-8.319150000000002,-8.319150000000002,10.408327518026132,10.408327518026132,10.408327518026132
32.0,15.0,31.0,529.780356685791,ultimate,LC4-,150.0,0.0,-0.0,-0.0,6.255,6.255,-8.319150000000002,-8.319150000000002,10.408327518026132,10.408327518026132,10.408327518026132
32.0,15.0,31.0,529.780356685791,ultimate,LC4-,180.0,0.0,-0.0,-0.0,6.255,6.255,-8.319150000000002,-8.319150000000002,10.408327518026132,10.408327518026132,10.408327518026132
32.0,15.0,31.0,529.780356685791,ultimate,LC5,120.0,13.31064,15.703631606916156,1.5972768,13.31064,-13.31064,-139.18274672430132,122.54444672430131,139.8177747031135,123.26522039965175,139.8177747031135
32.0,15.0,31.0,529.780356685791,ultimate,LC5,150.0,13.31064,15.703631606916156,1.5972768,10.648512,-10.648512,-113.01002737944106,96.37172737944104,113.51060345234784,96.95824176371728,113.51060345234784
32.0,15.0,31.0,529.780356685791,ultimate,LC5,180.0,13.31064,15.703631606916156,1.5972768,8.87376,-8.87376,-95.56154781620087,78.92324781620086,95.97266817988154,79.42054307542257,95.97266817988154
32.0,20.0,36.0,534.780356685791,limit,LC0,120.0,0.0,-0.0,-0.0,-0.0,0.0,-3.726382978723404,-3.726382978723404,3.726382978723404,3.726382978723404,3.726382978723404
32.0,20.0,36.0,534.780356685791,limit,LC0,150.0,0.0,-0.0,-0.0,-0.0,0.0,-3.726382978723404,-3.726382978723404,3.726382978723404,3.726382978723404,3.726382978723404
32.0,20.0,36.0,534.780356685791,limit,LC0,180.0,0.0,-0.0,-0.0,-0.0,0.0,-3.726382978723404,-3.726382978723404,3.726382978723404,3.726382978723404,3.726382978723404
32.0,20.0,36.0,534.780356685791,limit,LC1,120.0,0.0,-0.0,-0.0,-0.0,0.0,-12.51,-12.51,12.51,12.51,12.51
32.0,20.0,36.0,534.780356685791,limit,LC1,150.0,0.0,-0.0,-0.0,-0.0,0.0,-12.51,-12.51,12.51,12.51,12.51
32.0,20.0,36.0,534.780356685791,limit,LC1,180.0,0.0,-0.0,-0.0,-0.0,0.0,-12.51,-12.51,12.51,12.51,12.51
32.0,20.0,36.0,534.780356685791,limit,LC2A,120.0,6.255,7.410801131069623,0.7505999999999999,6.255,-6.255,-74.26667609224687,49.246676092246865,74.52961963401339,49.642321975655804,74.52961963401339
32.0,20.0,36.0,534.780356685791,limit,LC2A,150.0,6.255,7.410801131069623,0.7505999999999999,5.004,-5.004,-61.91534087379748,36.89534087379749,62.117223469167854,37.233133016088125,62.117223469167854
32.0,20.0,36.0,534.780356685791,limit,LC2A,180.0,6.255,7.410801131069623,0.7505999999999999,4.17,-4.17,-53.68111739483124,28.661117394831244,53.84283856519503,28.962882286131297,53.84283856519503
32.0,20.0,36.0,534.780356685791,limit,LC2B,120.0,6.255,-7.410801131069623,-0.7505999999999999,-6.255,6.255,49.246676092246865,-74.26667609224687,49.642321975655804,74.52961963401339,74.52961963401339
32.0,20.0,36.0,534.780356685791,limit,LC2B,150.0,6.255,-7.410801131069623,-0.7505999999999999,-5.004,5.004,36.89534087379749,-61.91534087379748,37.233133016088125,62.117223469167854,62.117223469167854
32.0,20.0,36.0,534.780356685791,limit,LC2B,180.0,6.255,-7.410801131069623,-0.7505999999999999,-4.17,4.17,28.661117394831244,-53.68111739483124,28.962882286131297,53.84283856519503,53.84283856519503
32.0,20.0,36.0,534.780356685791,limit,LC3,120.0,0.0,-0.0,-0.0,-0.0,0.0,-12.51,-12.51,12.51,12.51,12.51
32.0,20.0,36.0,534.780356685791,limit,LC3,150.0,0.0,-0.0,-0.0,-0.0,0.0,-12.51,-12.51,12.51,12.51,12.51
32.0,20.0,36.0,534.780356685791,limit,LC3,180.0,0.0,-0.0,-0.0,-0.0,0.0,-12.51,-12.51,12.51,12.51,12.51
32.0,20.0,36.0,534.780356685791,limit,LC4+,120.0,0.0,-0.0,-0.0,-4.17,-4.17,-5.5461,-5.5461,6.938885012017421,6.938885012017421,6.938885012017421
32.0,20.0,36.0,534.780356685791,limit,LC4+,150.0,0.0,-0.0,-0.0,-4.17,-4.17,-5.5461,-5.5461,6.938885012017421,6.938885012017421,6.938885012017421
32.0,20.0,36.0,534.780356685791,limit,LC4+,180.0,0.0,-0.0,-0.0,-4.17,-4.17,-5.5461,-5.5461,6.938885012017421,6.938885012017421,6.938885012017421
32.0,20.0,36.0,534.780356685791,limit,LC4-,120.0,0.0,-0.0,-0.0,4.17,4.17,-5.5461,-5.5461,6.938885012017421,6.938885012017421,6.938885012017421
32.0,20.0,36.0,534.780356685791,limit,LC4-,150.0,0.0,-0.0,-0.0,4.17,4.17,-5.5461,-5.5461,6.938885012017421,6.938885012017421,6.938885012017421
32.0,20.0,36.0,534.780356685791,limit,LC4-,180.0,0.0,-0.0,-0.0,4.17,4.17,-5.5461,-5.5461,6.938885012017421,6.938885012017421,6.938885012017421
32.0,20.0,36.0,534.780356685791,limit,LC5,120.0,8.87376,10.513456537944107,1.0648512,8.87376,-8.87376,-93.1582378162009,82.0660378162009,93.57991712732729,82.54440126009587,93.57991712732729
32.0,20.0,36.0,534.780356685791,limit,LC5,150.0,8.87376,10.513456537944107,1.0648512,7.099008000000001,-7.099008000000001,-75.63581025296071,64.54361025296072,75.96822827475931,64.93283868020988,75.96822827475931
32.0,20.0,36.0,534.780356685791,limit,LC5,180.0,8.87376,10.513456537944107,1.0648512,5.915840000000001,-5.915840000000001,-63.95419187746727,52.86199187746726,64.2272202543867,53.191985751229616,64.2272202543867
32.0,20.0,36.0,534.780356685791,ultimate,LC0,120.0,0.0,-0.0,-0.0,-0.0,0.0,-5.589574468085106,-5.589574468085106,5.589574468085106,5.589574468085106,5.589574468085106
32.0,20.0,36.0,534.780356685791,ultimate,LC0,150.0,0.0,-0.0,-0.0,-0.0,0.0,-5.589574468085106,-5.589574468085106,5.589574468085106,5.589574468085106,5.589574468085106
32.0,20.0,36.0,534.780356685791,ultimate,LC0,180.0,0.0,-0.0,-0.0,-0.0,0.0,-5.589574468085106,-5.589574468085106,5.589574468085106,5.589574468085106,5.589574468085106
32.0,20.0,36.0,534.780356685791,ultimate,LC1,120.0,0.0,-0.0,-0.0,-0.0,0.0,-18.765,-18.765,18.765,18.765,18.765
32.0,20.0,36.0,534.780356685791,ultimate,LC1,150.0,0.0,-0.0,-0.0,-0.0,0.0,-18.765,-18.765,18.765,18.765,18.765
32.0,20.0,36.0,534.780356685791,ultimate,LC1,180.0,0.0,-0.0,-0.0,-0.0,0.0,-18.765,-18.765,18.765,18.765,18.765
32.0,20.0,36.0,534.780356685791,ultimate,LC2A,120.0,9.3825,11.116201696604435,1.1259,9.3825,-9.3825,-111.4000141383703,73.8700141383703,111.79442945102006,74.4634829634837,111.79442945102006
32.0,20.0,36.0,534.780356685791,ultimate,LC2A,150.0,9.3825,11.116201696604435,1.1259,7.505999999999999,-7.505999999999999,-92.87301131069624,55.34301131069624,93.17583520375179,55.8496995241322,93.17583520375179
32.0,20.0,36.0,534.780356685791,ultimate,LC2A,180.0,9.3825,11.116201696604435,1.1259,6.255,-6.255,-80.52167609224686,42.99167609224686,80.76425784779255,43.44432342919694,80.76425784779255
32.0,20.0,36.0,534.780356685791,ultimate,LC2B,120.0,9.3825,-11.116201696604435,-1.1259,-9.3825,9.3825,73.8700141383703,-111.4000141383703,74.4634829634837,111.79442945102006,111.79442945102006
32.0,20.0,36.0,534.780356685791,ultimate,LC2B,150.0,9.3825,-11.116201696604435,-1.1259,-7.505999999999999,7.505999999999999,55.34301131069624,-92.87301131069624,55.8496995241322,93.17583520375179,93.17583520375179
32.0,20.0,36.0,534.780356685791,ultimate,LC2B,180.0,9.3825,-11.116201696604435,-1.1259,-6.255,6.255,42.99167609224686,-80.52167609224686,43.44432342919694,80.76425784779255,80.76425784779255
32.0,20.0,36.0,534.780356685791,ultimate,LC3,120.0,0.0,-0.0,-0.0,-0.0,0.0,-18.765,-18.765,18.765,18.765,18.765
32.0,20.0,36.0,534.780356685791,ultimate,LC3,150.0,0.0,-0.0,-0.0,-0.0,0.0,-18.765,-18.765,18.765,18.765,18.765
32.0,20.0,36.0,534.780356685791,ultimate,LC3,180.0,0.0,-0.0,-0.0,-0.0,0.0,-18.765,-18.765,18.765,18.765,18.765
32.0,20.0,36.0,534.780356685791,ultimate,LC4+,120.0,0.0,-0.0,-0.0,-6.255,-6.255,-8.319150000000002,-8.319150000000002,10.408327518026132,10.408327518026132,10.408327518026132
32.0,20.0,36.0,534.780356685791,ultimate,LC4+,150.0,0.0,-0.0,-0.0,-6.255,-6.255,-8.319150000000002,-8.319150000000002,10.408327518026132,10.408327518026132,10.408327518026132
32.0,20.0,36.0,534.780356685791,ultimate,LC4+,180.0,0.0,-0.0,-0.0,-6.255,-6.255,-8.319150000000002,-8.319150000000002,10.408327518026132,10.408327518026132,10.408327518026132
32.0,20.0,36.0,534.780356685791,ultimate,LC4-,120.0,0.0,-0.0,-0.0,6.255,6.255,-8.319150000000002,-8.319150000000002,10.408327518026132,10.408327518026132,10.408327518026132
32.0,20.0,36.0,534.780356685791,ultimate,LC4-,150.0,0.0,-0.0,-0.0,6.255,6.255,-8.319150000000002,-8.319150000000002,10.408327518026132,10.408327518026132,10.408327518026132
32.0,20.0,36.0,534.780356685791,ultimate,LC4-,180.0,0.0,-0.0,-0.0,6.255,6.255,-8.319150000000002,-8.319150000000002,10.408327518026132,10.408327518026132,10.408327518026132
32.0,20.0,36.0,534.780356685791,ultimate,LC5,120.0,13.31064,15.770184806916157,1.5972768,13.31064,-13.31064,-139.73735672430132,123.0990567243013,140.3698756909909,123.81660189014376,140.3698756909909
32.0,20.0,36.0,534.780356685791,ultimate,LC5,150.0,13.31064,15.770184806916157,1.5972768,10.648512,-10.648512,-113.45371537944106,96.81541537944105,113.95234241213898,97.39925802031479,113.95234241213898
32.0,20.0,36.0,534.780356685791,ultimate,LC5,180.0,13.31064,15.770184806916157,1.5972768,8.87376,-8.87376,-95.93128781620088,79.29298781620086,96.34083038158002,79.78797862684439,96.34083038158002
34.0,5.0,22.0,520.780356685791,limit,LC0,120.0,0.0,-0.0,-0.0,-0.0,0.0,-3.726382978723404,-3.726382978723404,3.726382978723404,3.726382978723404,3.726382978723404
34.0,5.0,22.0,520.780356685791,limit,LC0,150.0,0.0,-0.0,-0.0,-0.0,0.0,-3.726382978723404,-3.726382978723404,3.726382978723404,3.726382978723404,3.726382978723404
34.0,5.0,22.0,520.780356685791,limit,LC0,180.0,0.0,-0.0,-0.0,-0.0,0.0,-3.726382978723404,-3.726382978723404,3.726382978723404,3.726382978723404,3.726382978723404
34.0,5.0,22.0,520.780356685791,limit,LC1,120.0,0.0,-0.0,-0.0,-0.0,0.0,-12.51,-12.51,12.51,12.51,12.51
34.0,5.0,22.0,520.780356685791,limit,LC1,150.0,0.0,-0.0,-0.0,-0.0,0.0,-12.51,-12.51,12.51,12.51,12.51
34.0,5.0,22.0,520.780356685791,limit,LC1,180.0,0.0,-0.0,-0.0,-0.0,0.0,-12.51,-12.51,12.51,12.51,12.51
34.0,5.0,22.0,520.780356685791,limit,LC2A,120.0,6.255,7.3232311310696225,0.7505999999999999,6.255,-6.255,-73.53692609224686,48.516926092246855,73.8024696341293,48.91847444923588,73.8024696341293
34.0,5.0,22.0,520.780356685791,limit,LC2A,150.0,6.255,7.3232311310696225,0.7505999999999999,5.004,-5.004,-61.331540873797486,36.31154087379749,61.53533880587879,36.65471342991875,61.53533880587879
34.0,5.0,22.0,520.780356685791,limit,LC2A,180.0,6.255,7.3232311310696225,0.7505999999999999,4.17,-4.17,-53.19461739483123,28.174617394831238,53.35781310907037,28.481537271452307,53.35781310907037
34.0,5.0,22.0,520.780356685791,limit,LC2B,120.0,6.255,-7.3232311310696225,-0.7505999999999999,-6.255,6.255,48.516926092246855,-73.53692609224686,48.91847444923588,73.8024696341293,73.8024696341293
34.0,5.0,22.0,520.780356685791,limit,LC2B,150.0,6.255,-7.3232311310696225,-0.7505999999999999,-5.004,5.004,36.31154087379749,-61.331540873797486,36.65471342991875,61.53533880587879,61.53533880587879
34.0,5.0,22.0,520.780356685791,limit,LC2B,180.0,6.255,-7.3232311310696225,-0.7505999999999999,-4.17,4.17,28.174617394831238,-53.19461739483123,28.481537271452307,53.35781310907037,53.35781310907037
34.0,5.0,22.0,520.780356685791,limit,LC3,120.0,0.0,-0.0,-0.0,-0.0,0.0,-12.51,-12.51,12.51,12.51,12.51
34.0,5.0,22.0,520.780356685791,limit,LC3,150.0,0.0,-0.0,-0.0,-0.0,0.0,-12.51,-12.51,12.51,12.51,12.51
34.0,5.0,22.0,520.780356685791,limit,LC3,180.0,0.0,-0.0,-0.0,-0.0,0.0,-12.51,-12.51,12.51,12.51,12.51
34.0,5.0,22.0,520.780356685791,limit,LC4+,120.0,0.0,-0.0,-0.0,-4.17,-4.17,-5.5461,-5.5461,6.938885012017421,6.938885012017421,6.938885012017421
34.0,5.0,22.0,520.780356685791,limit,LC4+,150.0,0.0,-0.0,-0.0,-4.17,-4.17,-5.5461,-5.5461,6.938885012017421,6.938885012017421,6.938885012017421
34.0,5.0,22.0,520.780356685791,limit,LC4+,180.0,0.0,-0.0,-0.0,-4.17,-4.17,-5.5461,-5.5461,6.938885012017421,6.938885012017421,6.938885012017421
34.0,5.0,22.0,520.780356685791,limit,LC4-,120.0,0.0,-0.0,-0.0,4.17,4.17,-5.5461,-5.5461,6.938885012017421,6.938885012017421,6.938885012017421
34.0,5.0,22.0,520.780356685791,limit,LC4-,150.0,0.0,-0.0,-0.0,4.17,4.17,-5.5461,-5.5461,6.938885012017421,6.938885012017421,6.938885012017421
34.0,5.0,22.0,520.780356685791,limit,LC4-,180.0,0.0,-0.0,-0.0,4.17,4.17,-5.5461,-5.5461,6.938885012017421,6.938885012017421,6.938885012017421
34.0,5.0,22.0,520.780356685791,limit,LC5,120.0,8.87376,10.389223897944106,1.0648512,8.87376,-8.87376,-92.12296581620089,81.0307658162009,92.54936221990143,81.5152048718372,92.54936221990143
34.0,5.0,22.0,520.780356685791,limit,LC5,150.0,8.87376,10.389223897944106,1.0648512,7.099008000000001,-7.099008000000001,-74.80759265296071,63.71539265296071,75.14367460482197,64.10964962862474,75.14367460482197
34.0,5.0,22.0,520.780356685791,limit,LC5,180.0,8.87376,10.389223897944106,1.0648512,5.915840000000001,-5.915840000000001,-63.264010544133924,52.17181054413392,63.5400046666184,52.50614229172243,63.5400046666184
34.0,5.0,22.0,520.780356685791,ultimate,LC0,120.0,0.0,-0.0,-0.0,-0.0,0.0,-5.589574468085106,-5.589574468085106,5.589574468085106,5.589574468085106,5.589574468085106
34.0,5.0,22.0,520.780356685791,ultimate,LC0,150.0,0.0,-0.0,-0.0,-0.0,0.0,-5.589574468085106,-5.589574468085106,5.589574468085106,5.589574468085106,5.589574468085106
34.0,5.0,22.0,520.780356685791,ultimate,LC0,180.0,0.0,-0.0,-0.0,-0.0,0.0,-5.589574468085106,-5.589574468085106,5.589574468085106,5.589574468085106,5.589574468085106
34.0,5.0,22.0,520.780356685791,ultimate,LC1,120.0,0.0,-0.0,-0.0,-0.0,0.0,-18.765,-18.765,18.765,18.765,18.765
34.0,5.0,22.0,520.780356685791,ultimate,LC1,150.0,0.0,-0.0,-0.0,-0.0,0.0,-18.765,-18.765,18.765,18.765,18.765
34.0,5.0,22.0,520.780356685791,ultimate,LC1,180.0,0.0,-0.0,-0.0,-0.0,0.0,-18.765,-18.765,18.765,18.765,18.765
34.0,5.0,22.0,520.780356685791,ultimate,LC2A,120.0,9.3825,10.984846696604436,1.1259,9.3825,-9.3825,-110.3053891383703,72.7753891383703,110.70370445119396,73.37771167385384,110.70370445119396
34.0,5.0,22.0,520.780356685791,ultimate,LC2A,150.0,9.3825,10.984846696604436,1.1259,7.505999999999999,-7.505999999999999,-91.99731131069625,54.467311310696246,92.3030082088182,54.98207014487813,92.3030082088182
34.0,5.0,22.0,520.780356685791,ultimate,LC2A,180.0,9.3825,10.984846696604436,1.1259,6.255,-6.255,-79.79192609224687,42.26192609224687,80.03671966360557,42.72230590717847,80.03671966360557
34.0,5.0,22.0,520.780356685791,ultimate,LC2B,120.0,9.3825,-10.984846696604436,-1.1259,-9.3825,9.3825,72.7753891383703,-110.3053891383703,73.37771167385384,110.70370445119396,110.70370445119396
34.0,5.0,22.0,520.780356685791,ultimate,LC2B,150.0,9.3825,-10.984846696604436,-1.1259,-7.505999999999999,7.505999999999999,54.467311310696246,-91.99731131069625,54.98207014487813,92.3030082088182,92.3030082088182
34.0,5.0,22.0,520.780356685791,ultimate,LC2B,180.0,9.3825,-10.984846696604436,-1.1259,-6.255,6.255,42.26192609224687,-79.79192609224687,42.72230590717847,80.03671966360557,80.03671966360557
34.0,5.0,22.0,520.780356685791,ultimate,LC3,120.0,0.0,-0.0,-0.0,-0.0,0.0,-18.765,-18.765,18.765,18.765,18.765
34.0,5.0,22.0,520.780356685791,ultimate,LC3,150.0,0.0,-0.0,-0.0,-0.0,0.0,-18.765,-18.765,18.765,18.765,18.765
34.0,5.0,22.0,520.780356685791,ultimate,LC3,180.0,0.0,-0.0,-0.0,-0.0,0.0,-18.765,-18.765,18.765,18.765,18.765
34.0,5.0,22.0,520.780356685791,ultimate,LC4+,120.0,0.0,-0.0,-0.0,-6.255,-6.255,-8.319150000000002,-8.319150000000002,10.408327518026132,10.408327518026132,10.408327518026132
34.0,5.0,22.0,520.780356685791,ultimate,LC4+,150.0,0.0,-0.0,-0.0,-6.255,-6.255,-8.319150000000002,-8.319150000000002,10.408327518026132,10.408327518026132,10.408327518026132
34.0,5.0,22.0,520.780356685791,ultimate,LC4+,180.0,0.0,-0.0,-0.0,-6.255,-6.255,-8.319150000000002,-8.319150000000002,10.408327518026132,10.408327518026132,10.408327518026132
34.0,5.0,22.0,520.780356685791,ultimate,LC4-,120.0,0.0,-0.0,-0.0,6.255,6.255,-8.319150000000002,-8.319150000000002,10.408327518026132,10.408327518026132,10.408327518026132
34.0,5.0,22.0,520.780356685791,ultimate,LC4-,150.0,0.0,-0.0,-0.0,6.255,6.255,-8.319150000000002,-8.319150000000002,10.408327518026132,10.408327518026132,10.408327518026132
34.0,5.0,22.0,520.780356685791,ultimate,LC4-,180.0,0.0,-0.0,-0.0,6.255,6.255,-8.319150000000002,-8.319150000000002,10.408327518026132,10.408327518026132,10.408327518026132
34.0,5.0,22.0,520.780356685791,ultimate,LC5,120.0,13.31064,15.583835846916157,1.5972768,13.31064,-13.31064,-138.18444872430132,121.5461487243013,138.82404332985212,122.27280730775577,138.82404332985212
34.0,5.0,22.0,520.780356685791,ultimate,LC5,150.0,13.31064,15.583835846916157,1.5972768,10.648512,-10.648512,-112.21138897944105,95.57308897944104,112.71551190723294,96.16447444293708,112.71551190723294
34.0,5.0,22.0,520.780356685791,ultimate,LC5,180.0,13.31064,15.583835846916157,1.5972768,8.87376,-8.87376,-94.89601581620089,78.25771581620087,95.31000699992761,78.75921343758364,95.31000699992761
34.0,10.0,27.0,525.780356685791,limit,LC0,120.0,0.0,-0.0,-0.0,-0.0,0.0,-3.726382978723404,-3.726382978723404,3.726382978723404,3.726382978723404,3.726382978723404
34.0,10.0,27.0,525.780356685791,limit,LC0,150.0,0.0,-0.0,-0.0,-0.0,0.0,-3.726382978723404,-3.726382978723404,3.726382978723404,3.726382978723404,3.726382978723404
34.0,10.0,27.0,525.780356685791,limit,LC0,180.0,0.0,-0.0,-0.0,-0.0,0.0,-3.726382978723404,-3.726382978723404,3.726382978723404,3.726382978723404,3.726382978723404
34.0,10.0,27.0,525.780356685791,limit,LC1,120.0,0.0,-0.0,-0.0,-0.0,0.0,-12.51,-12.51,12.51,12.51,12.51
34.0,10.0,27.0,525.780356685791,limit,LC1,150.0,0.0,-0.0,-0.0,-0.0,0.0,-12.51,-12.51,12.51,12.51,12.51
34.0,10.0,27.0,525.780356685791,limit,LC1,180.0,0.0,-0.0,-0.0,-0.0,0.0,-12.51,-12.51,12.51,12.51,12.51
34.0,10.0,27.0,525.780356685791,limit,LC2A,120.0,6.255,7.3545061310696225,0.7505999999999999,6.255,-6.255,-73.79755109224686,48.77755109224686,74.06216019137429,49.176971394716375,74.06216019137429
34.0,10.0,27.0,525.780356685791,limit,LC2A,150.0,6.255,7.3545061310696225,0.7505999999999999,5.004,-5.004,-61.54004087379748,36.520040873797484,61.74315060594709,36.861272379339255,61.74315060594709
34.0,10.0,27.0,525.780356685791,limit,LC2A,180.0,6.255,7.3545061310696225,0.7505999999999999,4.17,-4.17,-53.36836739483124,28.348367394831243,53.53103341417655,28.65342621663823,53.53103341417655
34.0,10.0,27.0,525.780356685791,limit,LC2B,120.0,6.255,-7.3545061310696225,-0.7505999999999999,-6.255,6.255,48.77755109224686,-73.79755109224686,49.176971394716375,74.06216019137429,74.06216019137429
34.0,10.0,27.0,525.780356685791,limit,LC2B,150.0,6.255,-7.3545061310696225,-0.7505999999999999,-5.004,5.004,36.520040873797484,-61.54004087379748,36.861272379339255,61.74315060594709,61.74315060594709
34.0,10.0,27.0,525.780356685791,limit,LC2B,180.0,6.255,-7.3545061310696225,-0.7505999999999999,-4.17,4.17,28.348367394831243,-53.36836739483124,28.65342621663823,53.53103341417655,53.53103341417655
34.0,10.0,27.0,525.780356685791,limit,LC3,120.0,0.0,-0.0,-0.0,-0.0,0.0,-12.51,-12.51,12.51,12.51,12.51
34.0,10.0,27.0,525.780356685791,limit,LC3,150.0,0.0,-0.0,-0.0,-0.0,0.0,-12.51,-12.51,12.51,12.51,12.51
34.0,10.0,27.0,525.780356685791,limit,LC3,180.0,0.0,-0.0,-0.0,-0.0,0.0,-12.51,-12.51,12.51,12.51,12.51
34.0,10.0,27.0,525.780356685791,limit,LC4+,120.0,0.0,-0.0,-0.0,-4.17,-4.17,-5.5461,-5.5461,6.938885012017421,6.938885012017421,6.938885012017421
34.0,10.0,27.0,525.780356685791,limit,LC4+,150.0,0.0,-0.0,-0.0,-4.17,-4.17,-5.5461,-5.5461,6.938885012017421,6.938885012017421,6.938885012017421
34.0,10.0,27.0,525.780356685791,limit,LC4+,180.0,0.0,-0.0,-0.0,-4.17,-4.17,-5.5461,-5.5461,6.938885012017421,6.938885012017421,6.938885012017421
34.0,10.0,27.0,525.780356685791,limit,LC4-,120.0,0.0,-0.0,-0.0,4.17,4.17,-5.5461,-5.5461,6.938885012017421,6.938885012017421,6.938885012017421
34.0,10.0,27.0,525.780356685791,limit,LC4-,150.0,0.0,-0.0,-0.0,4.17,4.17,-5.5461,-5.5461,6.938885012017421,6.938885012017421,6.938885012017421
34.0,10.0,27.0,525.780356685791,limit,LC4-,180.0,0.0,-0.0,-0.0,4.17,4.17,-5.5461,-5.5461,6.938885012017421,6.938885012017421,6.938885012017421
34.0,10.0,27.0,525.780356685791,limit,LC5,120.0,8.87376,10.433592697944105,1.0648512,8.87376,-8.87376,-92.49270581620088,81.40050581620089,92.91740550478086,81.88275742591327,92.91740550478086
34.0,10.0,27.0,525.780356685791,limit,LC5,150.0,8.87376,10.433592697944105,1.0648512,7.099008000000001,-7.099008000000001,-75.1033846529607,64.01118465296071,75.43814884337127,64.40363091673866,75.43814884337127
34.0,10.0,27.0,525.780356685791,limit,LC5,180.0,8.87376,10.433592697944105,1.0648512,5.915840000000001,-5.915840000000001,-63.51050387746726,52.41830387746725,63.78543145323533,52.75107339472912,63.78543145323533
34.0,10.0,27.0,525.780356685791,ultimate,LC0,120.0,0.0,-0.0,-0.0,-0.0,0.0,-5.589574468085106,-5.589574468085106,5.589574468085106,5.589574468085106,5.589574468085106
34.0,10.0,27.0,525.780356685791,ultimate,LC0,150.0,0.0,-0.0,-0.0,-0.0,0.0,-5.589574468085106,-5.589574468085106,5.589574468085106,5.589574468085106,5.589574468085106
34.0,10.0,27.0,525.780356685791,ultimate,LC0,180.0,0.0,-0.0,-0.0,-0.0,0.0,-5.589574468085106,-5.589574468085106,5.589574468085106,5.589574468085106,5.589574468085106
34.0,10.0,27.0,525.780356685791,ultimate,LC1,120.0,0.0,-0.0,-0.0,-0.0,0.0,-18.765,-18.765,18.765,18.765,18.765
34.0,10.0,27.0,525.780356685791,ultimate,LC1,150.0,0.0,-0.0,-0.0,-0.0,0.0,-18.765,-18.765,18.765,18.765,18.765
34.0,10.0,27.0,525.780356685791,ultimate,LC1,180.0,0.0,-0.0,-0.0,-0.0,0.0,-18.765,-18.765,18.765,18.765,18.765
34.0,10.0,27.0,525.780356685791,ultimate,LC2A,120.0,9.3825,11.031759196604433,1.1259,9.3825,-9.3825,-110.69632663837028,73.16632663837028,111.09324028706142,73.76545709207456,111.09324028706142
34.0,10.0,27.0,525.780356685791,ultimate,LC2A,150.0,9.3825,11.031759196604433,1.1259,7.505999999999999,-7.505999999999999,-92.31006131069623,54.780061310696226,92.61472590892065,55.29190856900888,92.61472590892065
34.0,10.0,27.0,525.780356685791,ultimate,LC2A,180.0,9.3825,11.031759196604433,1.1259,6.255,-6.255,-80.05255109224686,42.52255109224685,80.29655012126481,42.980139324957335,80.29655012126481
34.0,10.0,27.0,525.780356685791,ultimate,LC2B,120.0,9.3825,-11.031759196604433,-1.1259,-9.3825,9.3825,73.16632663837028,-110.69632663837028,73.76545709207456,111.09324028706142,111.09324028706142
34.0,10.0,27.0,525.780356685791,ultimate,LC2B,150.0,9.3825,-11.031759196604433,-1.1259,-7.505999999999999,7.505999999999999,54.780061310696226,-92.31006131069623,55.29190856900888,92.61472590892065,92.61472590892065
34.0,10.0,27.0,525.780356685791,ultimate,LC2B,180.0,9.3825,-11.031759196604433,-1.1259,-6.255,6.255,42.52255109224685,-80.05255109224686,42.980139324957335,80.29655012126481,80.29655012126481
34.0,10.0,27.0,525.780356685791,ultimate,LC3,120.0,0.0,-0.0,-0.0,-0.0,0.0,-18.765,-18.765,18.765,18.765,18.765
34.0,10.0,27.0,525.780356685791,ultimate,LC3,150.0,0.0,-0.0,-0.0,-0.0,0.0,-18.765,-18.765,18.765,18.765,18.765
34.0,10.0,27.0,525.780356685791,ultimate,LC3,180.0,0.0,-0.0,-0.0,-0.0,0.0,-18.765,-18.765,18.765,18.765,18.765
34.0,10.0,27.0,525.780356685791,ultimate,LC4+,120.0,0.0,-0.0,-0.0,-6.255,-6.255,-8.319150000000002,-8.319150000000002,10.408327518026132,10.408327518026132,10.408327518026132
34.0,10.0,27.0,525.780356685791,ultimate,LC4+,150.0,0.0,-0.0,-0.0,-6.255,-6.255,-8.319150000000002,-8.319150000000002,10.408327518026132,10.408327518026132,10.408327518026132
34.0,10.0,27.0,525.780356685791,ultimate,LC4+,180.0,0.0,-0.0,-0.0,-6.255,-6.255,-8.319150000000002,-8.319150000000002,10.408327518026132,10.408327518026132,10.408327518026132
34.0,10.0,27.0,525.780356685791,ultimate,LC4-,120.0,0.0,-0.0,-0.0,6.255,6.255,-8.319150000000002,-8.319150000000002,10.408327518026132,10.408327518026132,10.408327518026132
34.0,10.0,27.0,525.780356685791,ultimate,LC4-,150.0,0.0,-0.0,-0.0,6.255,6.255,-8.319150000000002,-8.319150000000002,10.408327518026132,10.408327518026132,10.408327518026132
34.0,10.0,27.0,525.780356685791,ultimate,LC4-,180.0,0.0,-0.0,-0.0,6.255,6.255,-8.319150000000002,-8.319150000000002,10.408327518026132,10.408327518026132,10.408327518026132
34.0,10.0,27.0,525.780356685791,ultimate,LC5,120.0,13.31064,15.650389046916155,1.5972768,13.31064,-13.31064,-138.73905872430132,122.1007587243013,139.3761082571713,122.82413613886987,139.3761082571713
34.0,10.0,27.0,525.780356685791,ultimate,LC5,150.0,13.31064,15.650389046916155,1.5972768,10.648512,-10.648512,-112.65507697944105,96.01677697944103,113.15722326505688,96.60544637510797,113.15722326505688
34.0,10.0,27.0,525.780356685791,ultimate,LC5,180.0,13.31064,15.650389046916155,1.5972768,8.87376,-8.87376,-95.26575581620087,78.62745581620085,95.67814717985299,79.12661009209366,95.67814717985299
34.0,15.0,32.0,530.780356685791,limit,LC0,120.0,0.0,-0.0,-0.0,-0.0,0.0,-3.726382978723404,-3.726382978723404,3.726382978723404,3.726382978723404,3.726382978723404
34.0,15.0,32.0,530.780356685791,limit,LC0,150.0,0.0,-0.0,-0.0,-0.0,0.0,-3.726382978723404,-3.726382978723404,3.726382978723404,3.726382978723404,3.726382978723404
34.0,15.0,32.0,530.780356685791,limit,LC0,180.0,0.0,-0.0,-0.0,-0.0,0.0,-3.726382978723404,-3.726382978723404,3.726382978723404,3.726382978723404,3.726382978723404
34.0,15.0,32.0,530.780356685791,limit,LC1,120.0,0.0,-0.0,-0.0,-0.0,0.0,-12.51,-12.51,12.51,12.51,12.51
34.0,15.0,32.0,530.780356685791,limit,LC1,150.0,0.0,-0.0,-0.0,-0.0,0.0,-12.51,-12.51,12.51,12.51,12.51
34.0,15.0,32.0,530.780356685791,limit,LC1,180.0,0.0,-0.0,-0.0,-0.0,0.0,-12.51,-12.51,12.51,12.51,12.51
34.0,15.0,32.0,530.780356685791,limit,LC2A,120.0,6.255,7.385781131069623,0.7505999999999999,6.255,-6.255,-74.05817609224687,49.038176092246864,74.32185729050536,49.43549068689631,74.32185729050536
34.0,15.0,32.0,530.780356685791,limit,LC2A,150.0,6.255,7.385781131069623,0.7505999999999999,5.004,-5.004,-61.74854087379749,36.72854087379749,61.95096703073358,37.06785306324353,61.95096703073358
34.0,15.0,32.0,530.780356685791,limit,LC2A,180.0,6.255,7.385781131069623,0.7505999999999999,4.17,-4.17,-53.54211739483124,28.52211739483124,53.7042571415143,28.825337477374568,53.7042571415143
34.0,15.0,32.0,530.780356685791,limit,LC2B,120.0,6.255,-7.385781131069623,-0.7505999999999999,-6.255,6.255,49.038176092246864,-74.05817609224687,49.43549068689631,74.32185729050536,74.32185729050536
34.0,15.0,32.0,530.780356685791,limit,LC2B,150.0,6.255,-7.385781131069623,-0.7505999999999999,-5.004,5.004,36.72854087379749,-61.74854087379749,37.06785306324353,61.95096703073358,61.95096703073358
34.0,15.0,32.0,530.780356685791,limit,LC2B,180.0,6.255,-7.385781131069623,-0.7505999999999999,-4.17,4.17,28.52211739483124,-53.54211739483124,28.825337477374568,53.7042571415143,53.7042571415143
34.0,15.0,32.0,530.780356685791,limit,LC3,120.0,0.0,-0.0,-0.0,-0.0,0.0,-12.51,-12.51,12.51,12.51,12.51
34.0,15.0,32.0,530.780356685791,limit,LC3,150.0,0.0,-0.0,-0.0,-0.0,0.0,-12.51,-12.51,12.51,12.51,12.51
34.0,15.0,32.0,530.780356685791,limit,LC3,180.0,0.0,-0.0,-0.0,-0.0,0.0,-12.51,-12.51,12.51,12.51,12.51
34.0,15.0,32.0,530.780356685791,limit,LC4+,120.0,0.0,-0.0,-0.0,-4.17,-4.17,-5.5461,-5.5461,6.938885012017421,6.938885012017421,6.938885012017421
34.0,15.0,32.0,530.780356685791,limit,LC4+,150.0,0.0,-0.0,-0.0,-4.17,-4.17,-5.5461,-5.5461,6.938885012017421,6.938885012017421,6.938885012017421
34.0,15.0,32.0,530.780356685791,limit,LC4+,180.0,0.0,-0.0,-0.0,-4.17,-4.17,-5.5461,-5.5461,6.938885012017421,6.938885012017421,6.938885012017421
34.0,15.0,32.0,530.780356685791,limit,LC4-,120.0,0.0,-0.0,-0.0,4.17,4.17,-5.5461,-5.5461,6.938885012017421,6.938885012017421,6.938885012017421
34.0,15.0,32.0,530.780356685791,limit,LC4-,150.0,0.0,-0.0,-0.0,4.17,4.17,-5.5461,-5.5461,6.938885012017421,6.938885012017421,6.938885012017421
34.0,15.0,32.0,530.780356685791,limit,LC4-,180.0,0.0,-0.0,-0.0,4.17,4.17,-5.5461,-5.5461,6.938885012017421,6.938885012017421,6.938885012017421
34.0,15.0,32.0,530.780356685791,limit,LC5,120.0,8.87376,10.477961497944106,1.0648512,8.87376,-8.87376,-92.86244581620089,81.7702458162009,93.28546220877317,82.2503295882729,93.28546220877317
34.0,15.0,32.0,530.780356685791,limit,LC5,150.0,8.87376,10.477961497944106,1.0648512,7.099008000000001,-7.099008000000001,-75.3991766529607,64.30697665296071,75.73263335266006,64.69762871101612,75.73263335266006
34.0,15.0,32.0,530.780356685791,limit,LC5,180.0,8.87376,10.477961497944106,1.0648512,5.915840000000001,-5.915840000000001,-63.75699721080059,52.664797210800586,64.03086643364772,52.99601898407416,64.03086643364772
34.0,15.0,32.0,530.780356685791,ultimate,LC0,120.0,0.0,-0.0,-0.0,-0.0,0.0,-5.589574468085106,-5.589574468085106,5.589574468085106,5.589574468085106,5.589574468085106
34.0,15.0,32.0,530.780356685791,ultimate,LC0,150.0,0.0,-0.0,-0.0,-0.0,0.0,-5.589574468085106,-5.589574468085106,5.589574468085106,5.589574468085106,5.589574468085106
34.0,15.0,32.0,530.780356685791,ultimate,LC0,180.0,0.0,-0.0,-0.0,-0.0,0.0,-5.589574468085106,-5.589574468085106,5.589574468085106,5.589574468085106,5.589574468085106
34.0,15.0,32.0,530.780356685791,ultimate,LC1,120.0,0.0,-0.0,-0.0,-0.0,0.0,-18.765,-18.765,18.765,18.765,18.765
34.0,15.0,32.0,530.780356685791,ultimate,LC1,150.0,0.0,-0.0,-0.0,-0.0,0.0,-18.765,-18.765,18.765,18.765,18.765
34.0,15.0,32.0,530.780356685791,ultimate,LC1,180.0,0.0,-0.0,-0.0,-0.0,0.0,-18.765,-18.765,18.765,18.765,18.765
34.0,15.0,32.0,530.780356685791,ultimate,LC2A,120.0,9.3825,11.078671696604435,1.1259,9.3825,-9.3825,-111.08726413837029,73.55726413837029,111.48278593575803,74.15323603034446,111.48278593575803
34.0,15.0,32.0,530.780356685791,ultimate,LC2A,150.0,9.3825,11.078671696604435,1.1259,7.505999999999999,-7.505999999999999,-92.62281131069624,55.092811310696234,92.92645054610037,55.6017795948653,92.92645054610037
34.0,15.0,32.0,530.780356685791,ultimate,LC2A,180.0,9.3825,11.078671696604435,1.1259,6.255,-6.255,-80.31317609224686,42.78317609224686,80.55638571227146,43.238006216061855,80.55638571227146
34.0,15.0,32.0,530.780356685791,ultimate,LC2B,120.0,9.3825,-11.078671696604435,-1.1259,-9.3825,9.3825,73.55726413837029,-111.08726413837029,74.15323603034446,111.48278593575803,111.48278593575803
34.0,15.0,32.0,530.780356685791,ultimate,LC2B,150.0,9.3825,-11.078671696604435,-1.1259,-7.505999999999999,7.505999999999999,55.092811310696234,-92.62281131069624,55.6017795948653,92.92645054610037,92.92645054610037
34.0,15.0,32.0,530.780356685791,ultimate,LC2B,180.0,9.3825,-11.078671696604435,-1.1259,-6.255,6.255,42.78317609224686,-80.31317609224686,43.238006216061855,80.55638571227146,80.55638571227146
34.0,15.0,32.0,530.780356685791,ultimate,LC3,120.0,0.0,-0.0,-0.0,-0.0,0.0,-18.765,-18.765,18.765,18.765,18.765
34.0,15.0,32.0,530.780356685791,ultimate,LC3,150.0,0.0,-0.0,-0.0,-0.0,0.0,-18.765,-18.765,18.765,18.765,18.765
34.0,15.0,32.0,530.780356685791,ultimate,LC3,180.0,0.0,-0.0,-0.0,-0.0,0.0,-18.765,-18.765,18.765,18.765,18.765
34.0,15.0,32.0,530.780356685791,ultimate,LC4+,120.0,0.0,-0.0,-0.0,-6.255,-6.255,-8.319150000000002,-8.319150000000002,10.408327518026132,10.408327518026132,10.408327518026132
34.0,15.0,32.0,530.780356685791,ultimate,LC4+,150.0,0.0,-0.0,-0.0,-6.255,-6.255,-8.319150000000002,-8.319150000000002,10.408327518026132,10.408327518026132,10.408327518026132
34.0,15.0,32.0,530.780356685791,ultimate,LC4+,180.0,0.0,-0.0,-0.0,-6.255,-6.255,-8.319150000000002,-8.319150000000002,10.408327518026132,10.408327518026132,10.408327518026132
34.0,15.0,32.0,530.780356685791,ultimate,LC4-,120.0,0.0,-0.0,-0.0,6.255,6.255,-8.319150000000002,-8.319150000000002,10.408327518026132,10.408327518026132,10.408327518026132
34.0,15.0,32.0,530.780356685791,ultimate,LC4-,150.0,0.0,-0.0,-0.0,6.255,6.255,-8.319150000000002,-8.319150000000002,10.408327518026132,10.408327518026132,10.408327518026132
34.0,15.0,32.0,530.780356685791,ultimate,LC4-,180.0,0.0,-0.0,-0.0,6.255,6.255,-8.319150000000002,-8.319150000000002,10.408327518026132,10.408327518026132,10.408327518026132
34.0,15.0,32.0,530.780356685791,ultimate,LC5,120.0,13.31064,15.716942246916156,1.5972768,13.31064,-13.31064,-139.2936687243013,122.6553687243013,139.9281933131597,123.3754943824093,139.9281933131597
34.0,15.0,32.0,530.780356685791,ultimate,LC5,150.0,13.31064,15.716942246916156,1.5972768,10.648512,-10.648512,-113.09876497944106,96.46046497944104,113.59895002899009,97.04644306652416,113.59895002899009
34.0,15.0,32.0,530.780356685791,ultimate,LC5,180.0,13.31064,15.716942246916156,1.5972768,8.87376,-8.87376,-95.63549581620087,78.99719581620086,96.04629965047157,79.49402847611123,96.04629965047157
34.0,20.0,37.0,535.780356685791,limit,LC0,120.0,0.0,-0.0,-0.0,-0.0,0.0,-3.726382978723404,-3.726382978723404,3.726382978723404,3.726382978723404,3.726382978723404
34.0,20.0,37.0,535.780356685791,limit,LC0,150.0,0.0,-0.0,-0.0,-0.0,0.0,-3.726382978723404,-3.726382978723404,3.726382978723404,3.726382978723404,3.726382978723404
34.0,20.0,37.0,535.780356685791,limit,LC0,180.0,0.0,-0.0,-0.0,-0.0,0.0,-3.726382978723404,-3.726382978723404,3.726382978723404,3.726382978723404,3.726382978723404
34.0,20.0,37.0,535.780356685791,limit,LC1,120.0,0.0,-0.0,-0.0,-0.0,0.0,-12.51,-12.51,12.51,12.51,12.51
34.0,20.0,37.0,535.780356685791,limit,LC1,150.0,0.0,-0.0,-0.0,-0.0,0.0,-12.51,-12.51,12.51,12.51,12.51
34.0,20.0,37.0,535.780356685791,limit,LC1,180.0,0.0,-0.0,-0.0,-0.0,0.0,-12.51,-12.51,12.51,12.51,12.51
34.0,20.0,37.0,535.780356685791,limit,LC2A,120.0,6.255,7.417056131069624,0.7505999999999999,6.255,-6.255,-74.31880109224687,49.29880109224687,74.5815608631849,49.69403197701834,74.5815608631849
34.0,20.0,37.0,535.780356685791,limit,LC2A,150.0,6.255,7.417056131069624,0.7505999999999999,5.004,-5.004,-61.957040873797496,36.9370408737975,62.158788033852574,37.274455120264165,62.158788033852574
34.0,20.0,37.0,535.780356685791,limit,LC2A,180.0,6.255,7.417056131069624,0.7505999999999999,4.17,-4.17,-53.71586739483124,28.695867394831247,53.877484258074766,28.99727065676594,53.877484258074766
34.0,20.0,37.0,535.780356685791,limit,LC2B,120.0,6.255,-7.417056131069624,-0.7505999999999999,-6.255,6.255,49.29880109224687,-74.31880109224687,49.69403197701834,74.5815608631849,74.5815608631849
34.0,20.0,37.0,535.780356685791,limit,LC2B,150.0,6.255,-7.417056131069624,-0.7505999999999999,-5.004,5.004,36.9370408737975,-61.957040873797496,37.274455120264165,62.158788033852574,62.158788033852574
34.0,20.0,37.0,535.780356685791,limit,LC2B,180.0,6.255,-7.417056131069624,-0.7505999999999999,-4.17,4.17,28.695867394831247,-53.71586739483124,28.99727065676594,53.877484258074766,53.877484258074766
34.0,20.0,37.0,535.780356685791,limit,LC3,120.0,0.0,-0.0,-0.0,-0.0,0.0,-12.51,-12.51,12.51,12.51,12.51
34.0,20.0,37.0,535.780356685791,limit,LC3,150.0,0.0,-0.0,-0.0,-0.0,0.0,-12.51,-12.51,12.51,12.51,12.51
34.0,20.0,37.0,535.780356685791,limit,LC3,180.0,0.0,-0.0,-0.0,-0.0,0.0,-12.51,-12.51,12.51,12.51,12.51
34.0,20.0,37.0,535.780356685791,limit,LC4+,120.0,0.0,-0.0,-0.0,-4.17,-4.17,-5.5461,-5.5461,6.938885012017421,6.938885012017421,6.938885012017421
34.0,20.0,37.0,535.780356685791,limit,LC4+,150.0,0.0,-0.0,-0.0,-4.17,-4.17,-5.5461,-5.5461,6.938885012017421,6.938885012017421,6.938885012017421
34.0,20.0,37.0,535.780356685791,limit,LC4+,180.0,0.0,-0.0,-0.0,-4.17,-4.17,-5.5461,-5.5461,6.938885012017421,6.938885012017421,6.938885012017421
34.0,20.0,37.0,535.780356685791,limit,LC4-,120.0,0.0,-0.0,-0.0,4.17,4.17,-5.5461,-5.5461,6.938885012017421,6.938885012017421,6.938885012017421
34.0,20.0,37.0,535.780356685791,limit,LC4-,150.0,0.0,-0.0,-0.0,4.17,4.17,-5.5461,-5.5461,6.938885012017421,6.938885012017421,6.938885012017421
34.0,20.0,37.0,535.780356685791,limit,LC4-,180.0,0.0,-0.0,-0.0,4.17,4.17,-5.5461,-5.5461,6.938885012017421,6.938885012017421,6.938885012017421
34.0,20.0,37.0,535.780356685791,limit,LC5,120.0,8.87376,10.522330297944107,1.0648512,8.87376,-8.87376,-93.2321858162009,82.1399858162009,93.6535321736677,82.61792109720074,93.6535321736677
34.0,20.0,37.0,535.780356685791,limit,LC5,150.0,8.87376,10.522330297944107,1.0648512,7.099008000000001,-7.099008000000001,-75.69496865296071,64.60276865296072,76.02712801333988,64.99164278745405,76.02712801333988
34.0,20.0,37.0,535.780356685791,limit,LC5,180.0,8.87376,10.522330297944107,1.0648512,5.915840000000001,-5.915840000000001,-64.00349054413392,52.91129054413393,64.27630951399311,53.24097885981583,64.27630951399311
34.0,20.0,37.0,535.780356685791,ultimate,LC0,120.0,0.0,-0.0,-0.0,-0.0,0.0,-5.589574468085106,-5.589574468085106,5.589574468085106,5.589574468085106,5.589574468085106
34.0,20.0,37.0,535.780356685791,ultimate,LC0,150.0,0.0,-0.0,-0.0,-0.0,0.0,-5.589574468085106,-5.589574468085106,5.589574468085106,5.589574468085106,5.589574468085106
34.0,20.0,37.0,535.780356685791,ultimate,LC0,180.0,0.0,-0.0,-0.0,-0.0,0.0,-5.589574468085106,-5.589574468085106,5.589574468085106,5.589574468085106,5.589574468085106
34.0,20.0,37.0,535.780356685791,ultimate,LC1,120.0,0.0,-0.0,-0.0,-0.0,0.0,-18.765,-18.765,18.765,18.765,18.765
34.0,20.0,37.0,535.780356685791,ultimate,LC1,150.0,0.0,-0.0,-0.0,-0.0,0.0,-18.765,-18.765,18.765,18.765,18.765
34.0,20.0,37.0,535.780356685791,ultimate,LC1,180.0,0.0,-0.0,-0.0,-0.0,0.0,-18.765,-18.765,18.765,18.765,18.765
34.0,20.0,37.0,535.780356685791,ultimate,LC2A,120.0,9.3825,11.125584196604436,1.1259,9.3825,-9.3825,-111.47820163837031,73.9482016383703,111.87234129477736,74.54104796552751,111.87234129477736
34.0,20.0,37.0,535.780356685791,ultimate,LC2A,150.0,9.3825,11.125584196604436,1.1259,7.505999999999999,-7.505999999999999,-92.93556131069624,55.40556131069624,93.23818205077886,55.91168268039623,93.23818205077886
34.0,20.0,37.0,535.780356685791,ultimate,LC2A,180.0,9.3825,11.125584196604436,1.1259,6.255,-6.255,-80.57380109224687,43.043801092246866,80.81622638711215,43.49590598514891,80.81622638711215
34.0,20.0,37.0,535.780356685791,ultimate,LC2B,120.0,9.3825,-11.125584196604436,-1.1259,-9.3825,9.3825,73.9482016383703,-111.47820163837031,74.54104796552751,111.87234129477736,111.87234129477736
34.0,20.0,37.0,535.780356685791,ultimate,LC2B,150.0,9.3825,-11.125584196604436,-1.1259,-7.505999999999999,7.505999999999999,55.40556131069624,-92.93556131069624,55.91168268039623,93.23818205077886,93.23818205077886
34.0,20.0,37.0,535.780356685791,ultimate,LC2B,180.0,9.3825,-11.125584196604436,-1.1259,-6.255,6.255,43.043801092246866,-80.57380109224687,43.49590598514891,80.81622638711215,80.81622638711215
34.0,20.0,37.0,535.780356685791,ultimate,LC3,120.0,0.0,-0.0,-0.0,-0.0,0.0,-18.765,-18.765,18.765,18.765,18.765
34.0,20.0,37.0,535.780356685791,ultimate,LC3,150.0,0.0,-0.0,-0.0,-0.0,0.0,-18.765,-18.765,18.765,18.765,18.765
34.0,20.0,37.0,535.780356685791,ultimate,LC3,180.0,0.0,-0.0,-0.0,-0.0,0.0,-18.765,-18.765,18.765,18.765,18.765
34.0,20.0,37.0,535.780356685791,ultimate,LC4+,120.0,0.0,-0.0,-0.0,-6.255,-6.255,-8.319150000000002,-8.319150000000002,10.408327518026132,10.408327518026132,10.408327518026132
34.0,20.0,37.0,535.780356685791,ultimate,LC4+,150.0,0.0,-0.0,-0.0,-6.255,-6.255,-8.319150000000002,-8.319150000000002,10.408327518026132,10.408327518026132,10.408327518026132
34.0,20.0,37.0,535.780356685791,ultimate,LC4+,180.0,0.0,-0.0,-0.0,-6.255,-6.255,-8.319150000000002,-8.319150000000002,10.408327518026132,10.408327518026132,10.408327518026132
34.0,20.0,37.0,535.780356685791,ultimate,LC4-,120.0,0.0,-0.0,-0.0,6.255,6.255,-8.319150000000002,-8.319150000000002,10.408327518026132,10.408327518026132,10.408327518026132
34.0,20.0,37.0,535.780356685791,ultimate,LC4-,150.0,0.0,-0.0,-0.0,6.255,6.255,-8.319150000000002,-8.319150000000002,10.408327518026132,10.408327518026132,10.408327518026132
34.0,20.0,37.0,535.780356685791,ultimate,LC4-,180.0,0.0,-0.0,-0.0,6.255,6.255,-8.319150000000002,-8.319150000000002,10.408327518026132,10.408327518026132,10.408327518026132
34.0,20.0,37.0,535.780356685791,ultimate,LC5,120.0,13.31064,15.78349544691616,1.5972768,13.31064,-13.31064,-139.84827872430134,123.20997872430132,140.48029826050154,123.92688164580106,140.48029826050154
34.0,20.0,37.0,535.780356685791,ultimate,LC5,150.0,13.31064,15.78349544691616,1.5972768,10.648512,-10.648512,-113.54245297944108,96.90415297944106,114.04069202000983,97.48746418118107,114.04069202000983
34.0,20.0,37.0,535.780356685791,ultimate,LC5,180.0,13.31064,15.78349544691616,1.5972768,8.87376,-8.87376,-96.0052358162009,79.36693581620088,96.41446427098967,79.86146828972373,96.41446427098967
36.0,5.0,23.0,521.780356685791,limit,LC0,120.0,0.0,-0.0,-0.0,-0.0,0.0,-3.726382978723404,-3.726382978723404,3.726382978723404,3.726382978723404,3.726382978723404
36.0,5.0,23.0,521.780356685791,limit,LC0,150.0,0.0,-0.0,-0.0,-0.0,0.0,-3.726382978723404,-3.726382978723404,3.726382978723404,3.726382978723404,3.726382978723404
36.0,5.0,23.0,521.780356685791,limit,LC0,180.0,0.0,-0.0,-0.0,-0.0,0.0,-3.726382978723404,-3.726382978723404,3.726382978723404,3.726382978723404,3.726382978723404
36.0,5.0,23.0,521.780356685791,limit,LC1,120.0,0.0,-0.0,-0.0,-0.0,0.0,-12.51,-12.51,12.51,12.51,12.51
36.0,5.0,23.0,521.780356685791,limit,LC1,150.0,0.0,-0.0,-0.0,-0.0,0.0,-12.51,-12.51,12.51,12.51,12.51
36.0,5.0,23.0,521.780356685791,limit,LC1,180.0,0.0,-0.0,-0.0,-0.0,0.0,-12.51,-12.51,12.51,12.51,12.51
36.0,5.0,23.0,521.780356685791,limit,LC2A,120.0,6.255,7.329486131069622,0.7505999999999999,6.255,-6.255,-73.58905109224685,48.56905109224685,73.85440721891496,48.970172033609245,73.85440721891496
36.0,5.0,23.0,521.780356685791,limit,LC2A,150.0,6.255,7.329486131069622,0.7505999999999999,5.004,-5.004,-61.37324087379748,36.35324087379748,61.57690079366747,36.696023463426386,61.57690079366747
36.0,5.0,23.0,521.780356685791,limit,LC2A,180.0,6.255,7.329486131069622,0.7505999999999999,4.17,-4.17,-53.229367394831236,28.20936739483124,53.39245689471428,28.515913255874654,53.39245689471428
36.0,5.0,23.0,521.780356685791,limit,LC2B,120.0,6.255,-7.329486131069622,-0.7505999999999999,-6.255,6.255,48.56905109224685,-73.58905109224685,48.970172033609245,73.85440721891496,73.85440721891496
36.0,5.0,23.0,521.780356685791,limit,LC2B,150.0,6.255,-7.329486131069622,-0.7505999999999999,-5.004,5.004,36.35324087379748,-61.37324087379748,36.696023463426386,61.57690079366747,61.57690079366747
36.0,5.0,23.0,521.780356685791,limit,LC2B,180.0,6.255,-7.329486131069622,-0.7505999999999999,-4.17,4.17,28.20936739483124,-53.229367394831236,28.515913255874654,53.39245689471428,53.39245689471428
36.0,5.0,23.0,521.780356685791,limit,LC3,120.0,0.0,-0.0,-0.0,-0.0,0.0,-12.51,-12.51,12.51,12.51,12.51
36.0,5.0,23.0,521.780356685791,limit,LC3,150.0,0.0,-0.0,-0.0,-0.0,0.0,-12.51,-12.51,12.51,12.51,12.51
36.0,5.0,23.0,521.780356685791,limit,LC3,180.0,0.0,-0.0,-0.0,-0.0,0.0,-12.51,-12.51,12.51,12.51,12.51
36.0,5.0,23.0,521.780356685791,limit,LC4+,120.0,0.0,-0.0,-0.0,-4.17,-4.17,-5.5461,-5.5461,6.938885012017421,6.938885012017421,6.938885012017421
36.0,5.0,23.0,521.780356685791,limit,LC4+,150.0,0.0,-0.0,-0.0,-4.17,-4.17,-5.5461,-5.5461,6.938885012017421,6.938885012017421,6.938885012017421
36.0,5.0,23.0,521.780356685791,limit,LC4+,180.0,0.0,-0.0,-0.0,-4.17,-4.17,-5.5461,-5.5461,6.938885012017421,6.938885012017421,6.938885012017421
36.0,5.0,23.0,521.780356685791,limit,LC4-,120.0,0.0,-0.0,-0.0,4.17,4.17,-5.5461,-5.5461,6.938885012017421,6.938885012017421,6.938885012017421
36.0,5.0,23.0,521.780356685791,limit,LC4-,150.0,0.0,-0.0,-0.0,4.17,4.17,-5.5461,-5.5461,6.938885012017421,6.938885012017421,6.938885012017421
36.0,5.0,23.0,521.780356685791,limit,LC4-,180.0,0.0,-0.0,-0.0,4.17,4.17,-5.5461,-5.5461,6.938885012017421,6.938885012017421,6.938885012017421
36.0,5.0,23.0,521.780356685791,limit,LC5,120.0,8.87376,10.398097657944104,1.0648512,8.87376,-8.87376,-92.19691381620088,81.10471381620088,92.62296979566986,81.58871380126939,92.62296979566986
36.0,5.0,23.0,521.780356685791,limit,LC5,150.0,8.87376,10.398097657944104,1.0648512,7.099008000000001,-7.099008000000001,-74.8667510529607,63.774551052960696,75.20256862508126,64.16844455486478,75.20256862508126
36.0,5.0,23.0,521.780356685791,limit,LC5,180.0,8.87376,10.398097657944104,1.0648512,5.915840000000001,-5.915840000000001,-63.31330921080058,52.22110921080058,63.58908936388416,52.55512734369465,63.58908936388416
36.0,5.0,23.0,521.780356685791,ultimate,LC0,120.0,0.0,-0.0,-0.0,-0.0,0.0,-5.589574468085106,-5.589574468085106,5.589574468085106,5.589574468085106,5.589574468085106
36.0,5.0,23.0,521.780356685791,ultimate,LC0,150.0,0.0,-0.0,-0.0,-0.0,0.0,-5.589574468085106,-5.589574468085106,5.589574468085106,5.589574468085106,5.589574468085106
36.0,5.0,23.0,521.780356685791,ultimate,LC0,180.0,0.0,-0.0,-0.0,-0.0,0.0,-5.589574468085106,-5.589574468085106,5.589574468085106,5.589574468085106,5.589574468085106
36.0,5.0,23.0,521.780356685791,ultimate,LC1,120.0,0.0,-0.0,-0.0,-0.0,0.0,-18.765,-18.765,18.765,18.765,18.765
36.0,5.0,23.0,521.780356685791,ultimate,LC1,150.0,0.0,-0.0,-0.0,-0.0,0.0,-18.765,-18.765,18.765,18.765,18.765
36.0,5.0,23.0,521.780356685791,ultimate,LC1,180.0,0.0,-0.0,-0.0,-0.0,0.0,-18.765,-18.765,18.765,18.765,18.765
36.0,5.0,23.0,521.780356685791,ultimate,LC2A,120.0,9.3825,10.994229196604435,1.1259,9.3825,-9.3825,-110.3835766383703,72.8535766383703,110.78161082837245,73.45525805041389,110.78161082837245
36.0,5.0,23.0,521.780356685791,ultimate,LC2A,150.0,9.3825,10.994229196604435,1.1259,7.505999999999999,-7.505999999999999,-92.05986131069623,54.52986131069623,92.36535119050122,55.04403519513959,92.36535119050122
36.0,5.0,23.0,521.780356685791,ultimate,LC2A,180.0,9.3825,10.994229196604435,1.1259,6.255,-6.255,-79.84405109224687,42.314051092246864,80.08868534207144,42.77386988381198,80.08868534207144
36.0,5.0,23.0,521.780356685791,ultimate,LC2B,120.0,9.3825,-10.994229196604435,-1.1259,-9.3825,9.3825,72.8535766383703,-110.3835766383703,73.45525805041389,110.78161082837245,110.78161082837245
36.0,5.0,23.0,521.780356685791,ultimate,LC2B,150.0,9.3825,-10.994229196604435,-1.1259,-7.505999999999999,7.505999999999999,54.52986131069623,-92.05986131069623,55.04403519513959,92.36535119050122,92.36535119050122
36.0,5.0,23.0,521.780356685791,ultimate,LC2B,180.0,9.3825,-10.994229196604435,-1.1259,-6.255,6.255,42.314051092246864,-79.84405109224687,42.77386988381198,80.08868534207144,80.08868534207144
36.0,5.0,23.0,521.780356685791,ultimate,LC3,120.0,0.0,-0.0,-0.0,-0.0,0.0,-18.765,-18.765,18.765,18.765,18.765
36.0,5.0,23.0,521.780356685791,ultimate,LC3,150.0,0.0,-0.0,-0.0,-0.0,0.0,-18.765,-18.765,18.765,18.765,18.765
36.0,5.0,23.0,521.780356685791,ultimate,LC3,180.0,0.0,-0.0,-0.0,-0.0,0.0,-18.765,-18.765,18.765,18.765,18.765
36.0,5.0,23.0,521.780356685791,ultimate,LC4+,120.0,0.0,-0.0,-0.0,-6.255,-6.255,-8.319150000000002,-8.319150000000002,10.408327518026132,10.408327518026132,10.408327518026132
36.0,5.0,23.0,521.780356685791,ultimate,LC4+,150.0,0.0,-0.0,-0.0,-6.255,-6.255,-8.319150000000002,-8.319150000000002,10.408327518026132,10.408327518026132,10.408327518026132
36.0,5.0,23.0,521.780356685791,ultimate,LC4+,180.0,0.0,-0.0,-0.0,-6.255,-6.255,-8.319150000000002,-8.319150000000002,10.408327518026132,10.408327518026132,10.408327518026132
36.0,5.0,23.0,521.780356685791,ultimate,LC4-,120.0,0.0,-0.0,-0.0,6.255,6.255,-8.319150000000002,-8.319150000000002,10.408327518026132,10.408327518026132,10.408327518026132
36.0,5.0,23.0,521.780356685791,ultimate,LC4-,150.0,0.0,-0.0,-0.0,6.255,6.255,-8.319150000000002,-8.319150000000002,10.408327518026132,10.408327518026132,10.408327518026132
36.0,5.0,23.0,521.780356685791,ultimate,LC4-,180.0,0.0,-0.0,-0.0,6.255,6.255,-8.319150000000002,-8.319150000000002,10.408327518026132,10.408327518026132,10.408327518026132
36.0,5.0,23.0,521.780356685791,ultimate,LC5,120.0,13.31064,15.597146486916156,1.5972768,13.31064,-13.31064,-138.2953707243013,121.65707072430129,138.9344546935048,122.38307070190406,138.9344546935048
36.0,5.0,23.0,521.780356685791,ultimate,LC5,150.0,13.31064,15.597146486916156,1.5972768,10.648512,-10.648512,-112.30012657944106,95.66182657944104,112.8038529376219,96.25266683229715,112.8038529376219
36.0,5.0,23.0,521.780356685791,ultimate,LC5,180.0,13.31064,15.597146486916156,1.5972768,8.87376,-8.87376,-94.96996381620087,78.33166381620086,95.38363404582624,78.83269101554197,95.38363404582624
36.0,10.0,28.0,526.780356685791,limit,LC0,120.0,0.0,-0.0,-0.0,-0.0,0.0,-3.726382978723404,-3.726382978723404,3.726382978723404,3.726382978723404,3.726382978723404
36.0,10.0,28.0,526.780356685791,limit,LC0,150.0,0.0,-0.0,-0.0,-0.0,0.0,-3.726382978723404,-3.726382978723404,3.726382978723404,3.726382978723404,3.726382978723404
36.0,10.0,28.0,526.780356685791,limit,LC0,180.0,0.0,-0.0,-0.0,-0.0,0.0,-3.726382978723404,-3.726382978723404,3.726382978723404,3.726382978723404,3.726382978723404
36.0,10.0,28.0,526.780356685791,limit,LC1,120.0,0.0,-0.0,-0.0,-0.0,0.0,-12.51,-12.51,12.51,12.51,12.51
36.0,10.0,28.0,526.780356685791,limit,LC1,150.0,0.0,-0.0,-0.0,-0.0,0.0,-12.51,-12.51,12.51,12.51,12.51
36.0,10.0,28.0,526.780356685791,limit,LC1,180.0,0.0,-0.0,-0.0,-0.0,0.0,-12.51,-12.51,12.51,12.51,12.51
36.0,10.0,28.0,526.780356685791,limit,LC2A,120.0,6.255,7.360761131069623,0.7505999999999999,6.255,-6.255,-73.84967609224687,48.829676092246864,74.11409909005019,49.228673476681706,74.11409909005019
36.0,10.0,28.0,526.780356685791,limit,LC2A,150.0,6.255,7.360761131069623,0.7505999999999999,5.004,-5.004,-61.581740873797486,36.56174087379749,61.784713522420255,36.902586789041145,61.784713522420255
36.0,10.0,28.0,526.780356685791,limit,LC2A,180.0,6.255,7.360761131069623,0.7505999999999999,4.17,-4.17,-53.403117394831234,28.38311739483124,53.56567788692799,28.68780669637837,53.56567788692799
36.0,10.0,28.0,526.780356685791,limit,LC2B,120.0,6.255,-7.360761131069623,-0.7505999999999999,-6.255,6.255,48.829676092246864,-73.84967609224687,49.228673476681706,74.11409909005019,74.11409909005019
36.0,10.0,28.0,526.780356685791,limit,LC2B,150.0,6.255,-7.360761131069623,-0.7505999999999999,-5.004,5.004,36.56174087379749,-61.581740873797486,36.902586789041145,61.784713522420255,61.784713522420255
36.0,10.0,28.0,526.780356685791,limit,LC2B,180.0,6.255,-7.360761131069623,-0.7505999999999999,-4.17,4.17,28.38311739483124,-53.403117394831234,28.68780669637837,53.56567788692799,53.56567788692799
36.0,10.0,28.0,526.780356685791,limit,LC3,120.0,0.0,-0.0,-0.0,-0.0,0.0,-12.51,-12.51,12.51,12.51,12.51
36.0,10.0,28.0,526.780356685791,limit,LC3,150.0,0.0,-0.0,-0.0,-0.0,0.0,-12.51,-12.51,12.51,12.51,12.51
36.0,10.0,28.0,526.780356685791,limit,LC3,180.0,0.0,-0.0,-0.0,-0.0,0.0,-12.51,-12.51,12.51,12.51,12.51
36.0,10.0,28.0,526.780356685791,limit,LC4+,120.0,0.0,-0.0,-0.0,-4.17,-4.17,-5.5461,-5.5461,6.938885012017421,6.938885012017421,6.938885012017421
36.0,10.0,28.0,526.780356685791,limit,LC4+,150.0,0.0,-0.0,-0.0,-4.17,-4.17,-5.5461,-5.5461,6.938885012017421,6.938885012017421,6.938885012017421
36.0,10.0,28.0,526.780356685791,limit,LC4+,180.0,0.0,-0.0,-0.0,-4.17,-4.17,-5.5461,-5.5461,6.938885012017421,6.938885012017421,6.938885012017421
36.0,10.0,28.0,526.780356685791,limit,LC4-,120.0,0.0,-0.0,-0.0,4.17,4.17,-5.5461,-5.5461,6.938885012017421,6.938885012017421,6.938885012017421
36.0,10.0,28.0,526.780356685791,limit,LC4-,150.0,0.0,-0.0,-0.0,4.17,4.17,-5.5461,-5.5461,6.938885012017421,6.938885012017421,6.938885012017421
36.0,10.0,28.0,526.780356685791,limit,LC4-,180.0,0.0,-0.0,-0.0,4.17,4.17,-5.5461,-5.5461,6.938885012017421,6.938885012017421,6.938885012017421
36.0,10.0,28.0,526.780356685791,limit,LC5,120.0,8.87376,10.442466457944105,1.0648512,8.87376,-8.87376,-92.56665381620088,81.47445381620089,92.99101577714902,81.95627029816481,92.99101577714902
36.0,10.0,28.0,526.780356685791,limit,LC5,150.0,8.87376,10.442466457944105,1.0648512,7.099008000000001,-7.099008000000001,-75.1625430529607,64.07034305296071,75.49704492741577,64.46242916232784,75.49704492741577
36.0,10.0,28.0,526.780356685791,limit,LC5,180.0,8.87376,10.442466457944105,1.0648512,5.915840000000001,-5.915840000000001,-63.55980254413392,52.46760254413392,63.83451779683852,52.80006136014245,63.83451779683852
36.0,10.0,28.0,526.780356685791,ultimate,LC0,120.0,0.0,-0.0,-0.0,-0.0,0.0,-5.589574468085106,-5.589574468085106,5.589574468085106,5.589574468085106,5.589574468085106
36.0,10.0,28.0,526.780356685791,ultimate,LC0,150.0,0.0,-0.0,-0.0,-0.0,0.0,-5.589574468085106,-5.589574468085106,5.589574468085106,5.589574468085106,5.589574468085106
36.0,10.0,28.0,526.780356685791,ultimate,LC0,180.0,0.0,-0.0,-0.0,-0.0,0.0,-5.589574468085106,-5.589574468085106,5.589574468085106,5.589574468085106,5.589574468085106
36.0,10.0,28.0,526.780356685791,ultimate,LC1,120.0,0.0,-0.0,-0.0,-0.0,0.0,-18.765,-18.765,18.765,18.765,18.765
36.0,10.0,28.0,526.780356685791,ultimate,LC1,150.0,0.0,-0.0,-0.0,-0.0,0.0,-18.765,-18.765,18.765,18.765,18.765
36.0,10.0,28.0,526.780356685791,ultimate,LC1,180.0,0.0,-0.0,-0.0,-0.0,0.0,-18.765,-18.765,18.765,18.765,18.765
36.0,10.0,28.0,526.780356685791,ultimate,LC2A,120.0,9.3825,11.041141696604434,1.1259,9.3825,-9.3825,-110.7745141383703,73.24451413837029,111.17114863507528,73.84301021502256,111.17114863507528
36.0,10.0,28.0,526.780356685791,ultimate,LC2A,150.0,9.3825,11.041141696604434,1.1259,7.505999999999999,-7.505999999999999,-92.37261131069623,54.84261131069623,92.67707028363037,55.353880183561714,92.67707028363037
36.0,10.0,28.0,526.780356685791,ultimate,LC2A,180.0,9.3825,11.041141696604434,1.1259,6.255,-6.255,-80.10467609224686,42.57467609224686,80.348516830392,43.03171004456756,80.348516830392
36.0,10.0,28.0,526.780356685791,ultimate,LC2B,120.0,9.3825,-11.041141696604434,-1.1259,-9.3825,9.3825,73.24451413837029,-110.7745141383703,73.84301021502256,111.17114863507528,111.17114863507528
36.0,10.0,28.0,526.780356685791,ultimate,LC2B,150.0,9.3825,-11.041141696604434,-1.1259,-7.505999999999999,7.505999999999999,54.84261131069623,-92.37261131069623,55.353880183561714,92.67707028363037,92.67707028363037
36.0,10.0,28.0,526.780356685791,ultimate,LC2B,180.0,9.3825,-11.041141696604434,-1.1259,-6.255,6.255,42.57467609224686,-80.10467609224686,43.03171004456756,80.348516830392,80.348516830392
36.0,10.0,28.0,526.780356685791,ultimate,LC3,120.0,0.0,-0.0,-0.0,-0.0,0.0,-18.765,-18.765,18.765,18.765,18.765
36.0,10.0,28.0,526.780356685791,ultimate,LC3,150.0,0.0,-0.0,-0.0,-0.0,0.0,-18.765,-18.765,18.765,18.765,18.765
36.0,10.0,28.0,526.780356685791,ultimate,LC3,180.0,0.0,-0.0,-0.0,-0.0,0.0,-18.765,-18.765,18.765,18.765,18.765
36.0,10.0,28.0,526.780356685791,ultimate,LC4+,120.0,0.0,-0.0,-0.0,-6.255,-6.255,-8.319150000000002,-8.319150000000002,10.408327518026132,10.408327518026132,10.408327518026132
36.0,10.0,28.0,526.780356685791,ultimate,LC4+,150.0,0.0,-0.0,-0.0,-6.255,-6.255,-8.319150000000002,-8.319150000000002,10.408327518026132,10.408327518026132,10.408327518026132
36.0,10.0,28.0,526.780356685791,ultimate,LC4+,180.0,0.0,-0.0,-0.0,-6.255,-6.255,-8.319150000000002,-8.319150000000002,10.408327518026132,10.408327518026132,10.408327518026132
36.0,10.0,28.0,526.780356685791,ultimate,LC4-,120.0,0.0,-0.0,-0.0,6.255,6.255,-8.319150000000002,-8.319150000000002,10.408327518026132,10.408327518026132,10.408327518026132
36.0,10.0,28.0,526.780356685791,ultimate,LC4-,150.0,0.0,-0.0,-0.0,6.255,6.255,-8.319150000000002,-8.319150000000002,10.408327518026132,10.408327518026132,10.408327518026132
36.0,10.0,28.0,526.780356685791,ultimate,LC4-,180.0,0.0,-0.0,-0.0,6.255,6.255,-8.319150000000002,-8.319150000000002,10.408327518026132,10.408327518026132,10.408327518026132
36.0,10.0,28.0,526.780356685791,ultimate,LC5,120.0,13.31064,15.663699686916157,1.5972768,13.31064,-13.31064,-138.84998072430133,122.21168072430132,139.48652366572352,122.9344054472472,139.48652366572352
36.0,10.0,28.0,526.780356685791,ultimate,LC5,150.0,13.31064,15.663699686916157,1.5972768,10.648512,-10.648512,-112.74381457944106,96.10551457944105,113.24556739112367,96.69364374349175,113.24556739112367
36.0,10.0,28.0,526.780356685791,ultimate,LC5,180.0,13.31064,15.663699686916157,1.5972768,8.87376,-8.87376,-95.33970381620088,78.70140381620087,95.75177669525777,79.20009204021366,95.75177669525777
36.0,15.0,33.0,531.780356685791,limit,LC0,120.0,0.0,-0.0,-0.0,-0.0,0.0,-3.726382978723404,-3.726382978723404,3.726382978723404,3.726382978723404,3.726382978723404
36.0,15.0,33.0,531.780356685791,limit,LC0,150.0,0.0,-0.0,-0.0,-0.0,0.0,-3.726382978723404,-3.726382978723404,3.726382978723404,3.726382978723404,3.726382978723404
36.0,15.0,33.0,531.780356685791,limit,LC0,180.0,0.0,-0.0,-0.0,-0.0,0.0,-3.726382978723404,-3.726382978723404,3.726382978723404,3.726382978723404,3.726382978723404
36.0,15.0,33.0,531.780356685791,limit,LC1,120.0,0.0,-0.0,-0.0,-0.0,0.0,-12.51,-12.51,12.51,12.51,12.51
36.0,15.0,33.0,531.780356685791,limit,LC1,150.0,0.0,-0.0,-0.0,-0.0,0.0,-12.51,-12.51,12.51,12.51,12.51
36.0,15.0,33.0,531.780356685791,limit,LC1,180.0,0.0,-0.0,-0.0,-0.0,0.0,-12.51,-12.51,12.51,12.51,12.51
36.0,15.0,33.0,531.780356685791,limit,LC2A,120.0,6.255,7.392036131069624,0.7505999999999999,6.255,-6.255,-74.11030109224687,49.09030109224687,74.37379748932743,49.48719719611785,74.37379748932743
36.0,15.0,33.0,531.780356685791,limit,LC2A,150.0,6.255,7.392036131069624,0.7505999999999999,5.004,-5.004,-61.790240873797494,36.7702408737975,61.992530866564195,37.109171776221146,61.992530866564195
36.0,15.0,33.0,531.780356685791,limit,LC2A,180.0,6.255,7.392036131069624,0.7505999999999999,4.17,-4.17,-53.57686739483124,28.556867394831244,53.738902294737386,28.85972237229554,53.738902294737386
36.0,15.0,33.0,531.780356685791,limit,LC2B,120.0,6.255,-7.392036131069624,-0.7505999999999999,-6.255,6.255,49.09030109224687,-74.11030109224687,49.48719719611785,74.37379748932743,74.37379748932743
36.0,15.0,33.0,531.780356685791,limit,LC2B,150.0,6.255,-7.392036131069624,-0.7505999999999999,-5.004,5.004,36.7702408737975,-61.790240873797494,37.109171776221146,61.992530866564195,61.992530866564195
36.0,15.0,33.0,531.780356685791,limit,LC2B,180.0,6.255,-7.392036131069624,-0.7505999999999999,-4.17,4.17,28.556867394831244,-53.57686739483124,28.85972237229554,53.738902294737386,53.738902294737386
36.0,15.0,33.0,531.780356685791,limit,LC3,120.0,0.0,-0.0,-0.0,-0.0,0.0,-12.51,-12.51,12.51,12.51,12.51
36.0,15.0,33.0,531.780356685791,limit,LC3,150.0,0.0,-0.0,-0.0,-0.0,0.0,-12.51,-12.51,12.51,12.51,12.51
36.0,15.0,33.0,531.780356685791,limit,LC3,180.0,0.0,-0.0,-0.0,-0.0,0.0,-12.51,-12.51,12.51,12.51,12.51
36.0,15.0,33.0,531.780356685791,limit,LC4+,120.0,0.0,-0.0,-0.0,-4.17,-4.17,-5.5461,-5.5461,6.938885012017421,6.938885012017421,6.938885012017421
36.0,15.0,33.0,531.780356685791,limit,LC4+,150.0,0.0,-0.0,-0.0,-4.17,-4.17,-5.5461,-5.5461,6.938885012017421,6.938885012017421,6.938885012017421
36.0,15.0,33.0,531.780356685791,limit,LC4+,180.0,0.0,-0.0,-0.0,-4.17,-4.17,-5.5461,-5.5461,6.938885012017421,6.938885012017421,6.938885012017421
36.0,15.0,33.0,531.780356685791,limit,LC4-,120.0,0.0,-0.0,-0.0,4.17,4.17,-5.5461,-5.5461,6.938885012017421,6.938885012017421,6.938885012017421
36.0,15.0,33.0,531.780356685791,limit,LC4-,150.0,0.0,-0.0,-0.0,4.17,4.17,-5.5461,-5.5461,6.938885012017421,6.938885012017421,6.938885012017421
36.0,15.0,33.0,531.780356685791,limit,LC4-,180.0,0.0,-0.0,-0.0,4.17,4.17,-5.5461,-5.5461,6.938885012017421,6.938885012017421,6.938885012017421
36.0,15.0,33.0,531.780356685791,limit,LC5,120.0,8.87376,10.486835257944108,1.0648512,8.87376,-8.87376,-92.9363938162009,81.84419381620091,93.35907514589884,82.32384635062589,93.35907514589884
36.0,15.0,33.0,531.780356685791,limit,LC5,150.0,8.87376,10.486835257944108,1.0648512,7.099008000000001,-7.099008000000001,-75.45833505296072,64.36613505296073,75.79153147647133,64.7564302308276,75.79153147647133
36.0,15.0,33.0,531.780356685791,limit,LC5,180.0,8.87376,10.486835257944108,1.0648512,5.915840000000001,-5.915840000000001,-63.80629587746727,52.714095877467265,64.07995440470052,53.04500982264412,64.07995440470052
36.0,15.0,33.0,531.780356685791,ultimate,LC0,120.0,0.0,-0.0,-0.0,-0.0,0.0,-5.589574468085106,-5.589574468085106,5.589574468085106,5.589574468085106,5.589574468085106
36.0,15.0,33.0,531.780356685791,ultimate,LC0,150.0,0.0,-0.0,-0.0,-0.0,0.0,-5.589574468085106,-5.589574468085106,5.589574468085106,5.589574468085106,5.589574468085106
36.0,15.0,33.0,531.780356685791,ultimate,LC0,180.0,0.0,-0.0,-0.0,-0.0,0.0,-5.589574468085106,-5.589574468085106,5.589574468085106,5.589574468085106,5.589574468085106
36.0,15.0,33.0,531.780356685791,ultimate,LC1,120.0,0.0,-0.0,-0.0,-0.0,0.0,-18.765,-18.765,18.765,18.765,18.765
36.0,15.0,33.0,531.780356685791,ultimate,LC1,150.0,0.0,-0.0,-0.0,-0.0,0.0,-18.765,-18.765,18.765,18.765,18.765
36.0,15.0,33.0,531.780356685791,ultimate,LC1,180.0,0.0,-0.0,-0.0,-0.0,0.0,-18.765,-18.765,18.765,18.765,18.765
36.0,15.0,33.0,531.780356685791,ultimate,LC2A,120.0,9.3825,11.088054196604435,1.1259,9.3825,-9.3825,-111.1654516383703,73.6354516383703,111.56069623399114,74.23079579417677,111.56069623399114
36.0,15.0,33.0,531.780356685791,ultimate,LC2A,150.0,9.3825,11.088054196604435,1.1259,7.505999999999999,-7.505999999999999,-92.68536131069624,55.155361310696236,92.98879629984629,55.66375766433171,92.98879629984629
36.0,15.0,33.0,531.780356685791,ultimate,LC2A,180.0,9.3825,11.088054196604435,1.1259,6.255,-6.255,-80.36530109224687,42.835301092246866,80.60835344210608,43.28958355844331,80.60835344210608
36.0,15.0,33.0,531.780356685791,ultimate,LC2B,120.0,9.3825,-11.088054196604435,-1.1259,-9.3825,9.3825,73.6354516383703,-111.1654516383703,74.23079579417677,111.56069623399114,111.56069623399114
36.0,15.0,33.0,531.780356685791,ultimate,LC2B,150.0,9.3825,-11.088054196604435,-1.1259,-7.505999999999999,7.505999999999999,55.155361310696236,-92.68536131069624,55.66375766433171,92.98879629984629,92.98879629984629
36.0,15.0,33.0,531.780356685791,ultimate,LC2B,180.0,9.3825,-11.088054196604435,-1.1259,-6.255,6.255,42.835301092246866,-80.36530109224687,43.28958355844331,80.60835344210608,80.60835344210608
36.0,15.0,33.0,531.780356685791,ultimate,LC3,120.0,0.0,-0.0,-0.0,-0.0,0.0,-18.765,-18.765,18.765,18.765,18.765
36.0,15.0,33.0,531.780356685791,ultimate,LC3,150.0,0.0,-0.0,-0.0,-0.0,0.0,-18.765,-18.765,18.765,18.765,18.765
36.0,15.0,33.0,531.780356685791,ultimate,LC3,180.0,0.0,-0.0,-0.0,-0.0,0.0,-18.765,-18.765,18.765,18.765,18.765
36.0,15.0,33.0,531.780356685791,ultimate,LC4+,120.0,0.0,-0.0,-0.0,-6.255,-6.255,-8.319150000000002,-8.319150000000002,10.408327518026132,10.408327518026132,10.408327518026132
36.0,15.0,33.0,531.780356685791,ultimate,LC4+,150.0,0.0,-0.0,-0.0,-6.255,-6.255,-8.319150000000002,-8.319150000000002,10.408327518026132,10.408327518026132,10.408327518026132
36.0,15.0,33.0,531.780356685791,ultimate,LC4+,180.0,0.0,-0.0,-0.0,-6.255,-6.255,-8.319150000000002,-8.319150000000002,10.408327518026132,10.408327518026132,10.408327518026132
36.0,15.0,33.0,531.780356685791,ultimate,LC4-,120.0,0.0,-0.0,-0.0,6.255,6.255,-8.319150000000002,-8.319150000000002,10.408327518026132,10.408327518026132,10.408327518026132
36.0,15.0,33.0,531.780356685791,ultimate,LC4-,150.0,0.0,-0.0,-0.0,6.255,6.255,-8.319150000000002,-8.319150000000002,10.408327518026132,10.408327518026132,10.408327518026132
36.0,15.0,33.0,531.780356685791,ultimate,LC4-,180.0,0.0,-0.0,-0.0,6.255,6.255,-8.319150000000002,-8.319150000000002,10.408327518026132,10.408327518026132,10.408327518026132
36.0,15.0,33.0,531.780356685791,ultimate,LC5,120.0,13.31064,15.730252886916158,1.5972768,13.31064,-13.31064,-139.40459072430133,122.76629072430131,140.0386127188482,123.48576952593878,140.0386127188482
36.0,15.0,33.0,531.780356685791,ultimate,LC5,150.0,13.31064,15.730252886916158,1.5972768,10.648512,-10.648512,-113.18750257944107,96.54920257944106,113.68729721470699,97.13464534624138,113.68729721470699
36.0,15.0,33.0,531.780356685791,ultimate,LC5,180.0,13.31064,15.730252886916158,1.5972768,8.87376,-8.87376,-95.70944381620089,79.07114381620087,96.11993160705076,79.56751473396616,96.11993160705076
36.0,20.0,38.0,536.780356685791,limit,LC0,120.0,0.0,-0.0,-0.0,-0.0,0.0,-3.726382978723404,-3.726382978723404,3.726382978723404,3.726382978723404,3.726382978723404
36.0,20.0,38.0,536.780356685791,limit,LC0,150.0,0.0,-0.0,-0.0,-0.0,0.0,-3.726382978723404,-3.726382978723404,3.726382978723404,3.726382978723404,3.726382978723404
36.0,20.0,38.0,536.780356685791,limit,LC0,180.0,0.0,-0.0,-0.0,-0.0,0.0,-3.726382978723404,-3.726382978723404,3.726382978723404,3.726382978723404,3.726382978723404
36.0,20.0,38.0,536.780356685791,limit,LC1,120.0,0.0,-0.0,-0.0,-0.0,0.0,-12.51,-12.51,12.51,12.51,12.51
36.0,20.0,38.0,536.780356685791,limit,LC1,150.0,0.0,-0.0,-0.0,-0.0,0.0,-12.51,-12.51,12.51,12.51,12.51
36.0,20.0,38.0,536.780356685791,limit,LC1,180.0,0.0,-0.0,-0.0,-0.0,0.0,-12.51,-12.51,12.51,12.51,12.51
36.0,20.0,38.0,536.780356685791,limit,LC2A,120.0,6.255,7.423311131069623,0.7505999999999999,6.255,-6.255,-74.37092609224686,49.35092609224686,74.63350234859975,49.74574284461347,74.63350234859975
36.0,20.0,38.0,536.780356685791,limit,LC2A,150.0,6.255,7.423311131069623,0.7505999999999999,5.004,-5.004,-61.99874087379749,36.97874087379749,62.20035277983789,37.31577806520268,62.20035277983789
36.0,20.0,38.0,536.780356685791,limit,LC2A,180.0,6.255,7.423311131069623,0.7505999999999999,4.17,-4.17,-53.75061739483124,28.730617394831242,53.91213008521862,29.031659888614353,53.91213008521862
36.0,20.0,38.0,536.780356685791,limit,LC2B,120.0,6.255,-7.423311131069623,-0.7505999999999999,-6.255,6.255,49.35092609224686,-74.37092609224686,49.74574284461347,74.63350234859975,74.63350234859975
36.0,20.0,38.0,536.780356685791,limit,LC2B,150.0,6.255,-7.423311131069623,-0.7505999999999999,-5.004,5.004,36.97874087379749,-61.99874087379749,37.31577806520268,62.20035277983789,62.20035277983789
36.0,20.0,38.0,536.780356685791,limit,LC2B,180.0,6.255,-7.423311131069623,-0.7505999999999999,-4.17,4.17,28.730617394831242,-53.75061739483124,29.031659888614353,53.91213008521862,53.91213008521862
36.0,20.0,38.0,536.780356685791,limit,LC3,120.0,0.0,-0.0,-0.0,-0.0,0.0,-12.51,-12.51,12.51,12.51,12.51
36.0,20.0,38.0,536.780356685791,limit,LC3,150.0,0.0,-0.0,-0.0,-0.0,0.0,-12.51,-12.51,12.51,12.51,12.51
36.0,20.0,38.0,536.780356685791,limit,LC3,180.0,0.0,-0.0,-0.0,-0.0,0.0,-12.51,-12.51,12.51,12.51,12.51
36.0,20.0,38.0,536.780356685791,limit,LC4+,120.0,0.0,-0.0,-0.0,-4.17,-4.17,-5.5461,-5.5461,6.938885012017421,6.938885012017421,6.938885012017421
36.0,20.0,38.0,536.780356685791,limit,LC4+,150.0,0.0,-0.0,-0.0,-4.17,-4.17,-5.5461,-5.5461,6.938885012017421,6.938885012017421,6.938885012017421
36.0,20.0,38.0,536.780356685791,limit,LC4+,180.0,0.0,-0.0,-0.0,-4.17,-4.17,-5.5461,-5.5461,6.938885012017421,6.938885012017421,6.938885012017421
36.0,20.0,38.0,536.780356685791,limit,LC4-,120.0,0.0,-0.0,-0.0,4.17,4.17,-5.5461,-5.5461,6.938885012017421,6.938885012017421,6.938885012017421
36.0,20.0,38.0,536.780356685791,limit,LC4-,150.0,0.0,-0.0,-0.0,4.17,4.17,-5.5461,-5.5461,6.938885012017421,6.938885012017421,6.938885012017421
36.0,20.0,38.0,536.780356685791,limit,LC4-,180.0,0.0,-0.0,-0.0,4.17,4.17,-5.5461,-5.5461,6.938885012017421,6.938885012017421,6.938885012017421
36.0,20.0,38.0,536.780356685791,limit,LC5,120.0,8.87376,10.531204057944107,1.0648512,8.87376,-8.87376,-93.3061338162009,82.2139338162009,93.7271477442069,82.69144169787018,93.7271477442069
36.0,20.0,38.0,536.780356685791,limit,LC5,150.0,8.87376,10.531204057944107,1.0648512,7.099008000000001,-7.099008000000001,-75.75412705296071,64.66192705296072,76.0860281532699,65.05044753717286,76.0860281532699
36.0,20.0,38.0,536.780356685791,limit,LC5,180.0,8.87376,10.531204057944107,1.0648512,5.915840000000001,-5.915840000000001,-64.0527892108006,52.96058921080059,64.32539909389489,53.28997253199487,64.32539909389489
36.0,20.0,38.0,536.780356685791,ultimate,LC0,120.0,0.0,-0.0,-0.0,-0.0,0.0,-5.589574468085106,-5.589574468085106,5.589574468085106,5.589574468085106,5.589574468085106
36.0,20.0,38.0,536.780356685791,ultimate,LC0,150.0,0.0,-0.0,-0.0,-0.0,0.0,-5.589574468085106,-5.589574468085106,5.589574468085106,5.589574468085106,5.589574468085106
36.0,20.0,38.0,536.780356685791,ultimate,LC0,180.0,0.0,-0.0,-0.0,-0.0,0.0,-5.589574468085106,-5.589574468085106,5.589574468085106,5.589574468085106,5.589574468085106
36.0,20.0,38.0,536.780356685791,ultimate,LC1,120.0,0.0,-0.0,-0.0,-0.0,0.0,-18.765,-18.765,18.765,18.765,18.765
36.0,20.0,38.0,536.780356685791,ultimate,LC1,150.0,0.0,-0.0,-0.0,-0.0,0.0,-18.765,-18.765,18.765,18.765,18.765
36.0,20.0,38.0,536.780356685791,ultimate,LC1,180.0,0.0,-0.0,-0.0,-0.0,0.0,-18.765,-18.765,18.765,18.765,18.765
36.0,20.0,38.0,536.780356685791,ultimate,LC2A,120.0,9.3825,11.134966696604435,1.1259,9.3825,-9.3825,-111.55638913837029,74.02638913837029,111.95025352289963,74.6186142669202,111.95025352289963
36.0,20.0,38.0,536.780356685791,ultimate,LC2A,150.0,9.3825,11.134966696604435,1.1259,7.505999999999999,-7.505999999999999,-92.99811131069623,55.46811131069623,93.30052916975684,55.97366709780401,93.30052916975684
36.0,20.0,38.0,536.780356685791,ultimate,LC2A,180.0,9.3825,11.134966696604435,1.1259,6.255,-6.255,-80.62592609224686,43.09592609224686,80.86819512782793,43.54748983292153,80.86819512782793
36.0,20.0,38.0,536.780356685791,ultimate,LC2B,120.0,9.3825,-11.134966696604435,-1.1259,-9.3825,9.3825,74.02638913837029,-111.55638913837029,74.6186142669202,111.95025352289963,111.95025352289963
36.0,20.0,38.0,536.780356685791,ultimate,LC2B,150.0,9.3825,-11.134966696604435,-1.1259,-7.505999999999999,7.505999999999999,55.46811131069623,-92.99811131069623,55.97366709780401,93.30052916975684,93.30052916975684
36.0,20.0,38.0,536.780356685791,ultimate,LC2B,180.0,9.3825,-11.134966696604435,-1.1259,-6.255,6.255,43.09592609224686,-80.62592609224686,43.54748983292153,80.86819512782793,80.86819512782793
36.0,20.0,38.0,536.780356685791,ultimate,LC3,120.0,0.0,-0.0,-0.0,-0.0,0.0,-18.765,-18.765,18.765,18.765,18.765
36.0,20.0,38.0,536.780356685791,ultimate,LC3,150.0,0.0,-0.0,-0.0,-0.0,0.0,-18.765,-18.765,18.765,18.765,18.765
36.0,20.0,38.0,536.780356685791,ultimate,LC3,180.0,0.0,-0.0,-0.0,-0.0,0.0,-18.765,-18.765,18.765,18.765,18.765
36.0,20.0,38.0,536.780356685791,ultimate,LC4+,120.0,0.0,-0.0,-0.0,-6.255,-6.255,-8.319150000000002,-8.319150000000002,10.408327518026132,10.408327518026132,10.408327518026132
36.0,20.0,38.0,536.780356685791,ultimate,LC4+,150.0,0.0,-0.0,-0.0,-6.255,-6.255,-8.319150000000002,-8.319150000000002,10.408327518026132,10.408327518026132,10.408327518026132
36.0,20.0,38.0,536.780356685791,ultimate,LC4+,180.0,0.0,-0.0,-0.0,-6.255,-6.255,-8.319150000000002,-8.319150000000002,10.408327518026132,10.408327518026132,10.408327518026132
36.0,20.0,38.0,536.780356685791,ultimate,LC4-,120.0,0.0,-0.0,-0.0,6.255,6.255,-8.319150000000002,-8.319150000000002,10.408327518026132,10.408327518026132,10.408327518026132
36.0,20.0,38.0,536.780356685791,ultimate,LC4-,150.0,0.0,-0.0,-0.0,6.255,6.255,-8.319150000000002,-8.319150000000002,10.408327518026132,10.408327518026132,10.408327518026132
36.0,20.0,38.0,536.780356685791,ultimate,LC4-,180.0,0.0,-0.0,-0.0,6.255,6.255,-8.319150000000002,-8.319150000000002,10.408327518026132,10.408327518026132,10.408327518026132
36.0,20.0,38.0,536.780356685791,ultimate,LC5,120.0,13.31064,15.796806086916158,1.5972768,13.31064,-13.31064,-139.95920072430133,123.32090072430131,140.59072161631033,124.03716254680522,140.59072161631033
36.0,20.0,38.0,536.780356685791,ultimate,LC5,150.0,13.31064,15.796806086916158,1.5972768,10.648512,-10.648512,-113.63119057944107,96.99289057944105,114.12904222990483,97.57567130575924,114.12904222990483
36.0,20.0,38.0,536.780356685791,ultimate,LC5,180.0,13.31064,15.796806086916158,1.5972768,8.87376,-8.87376,-96.07918381620088,79.44088381620087,96.48809864084232,79.9349587979923,96.48809864084232
38.0,5.0,24.0,522.780356685791,limit,LC0,120.0,0.0,-0.0,-0.0,-0.0,0.0,-3.726382978723404,-3.726382978723404,3.726382978723404,3.726382978723404,3.726382978723404
38.0,5.0,24.0,522.780356685791,limit,LC0,150.0,0.0,-0.0,-0.0,-0.0,0.0,-3.726382978723404,-3.726382978723404,3.726382978723404,3.726382978723404,3.726382978723404
38.0,5.0,24.0,522.780356685791,limit,LC0,180.0,0.0,-0.0,-0.0,-0.0,0.0,-3.726382978723404,-3.726382978723404,3.726382978723404,3.726382978723404,3.726382978723404
38.0,5.0,24.0,522.780356685791,limit,LC1,120.0,0.0,-0.0,-0.0,-0.0,0.0,-12.51,-12.51,12.51,12.51,12.51
38.0,5.0,24.0,522.780356685791,limit,LC1,150.0,0.0,-0.0,-0.0,-0.0,0.0,-12.51,-12.51,12.51,12.51,12.51
38.0,5.0,24.0,522.780356685791,limit,LC1,180.0,0.0,-0.0,-0.0,-0.0,0.0,-12.51,-12.51,12.51,12.51,12.51
38.0,5.0,24.0,522.780356685791,limit,LC2A,120.0,6.255,7.335741131069623,0.7505999999999999,6.255,-6.255,-73.64117609224687,48.62117609224686,73.90634506758748,49.021870523198906,73.90634506758748
38.0,5.0,24.0,522.780356685791,limit,LC2A,150.0,6.255,7.335741131069623,0.7505999999999999,5.004,-5.004,-61.41494087379749,36.394940873797495,61.61846296794526,36.73733437808486,61.61846296794526
38.0,5.0,24.0,522.780356685791,limit,LC2A,180.0,6.255,7.335741131069623,0.7505999999999999,4.17,-4.17,-53.26411739483124,28.244117394831243,53.427100818314706,28.55029014586382,53.427100818314706
38.0,5.0,24.0,522.780356685791,limit,LC2B,120.0,6.255,-7.335741131069623,-0.7505999999999999,-6.255,6.255,48.62117609224686,-73.64117609224687,49.021870523198906,73.90634506758748,73.90634506758748
38.0,5.0,24.0,522.780356685791,limit,LC2B,150.0,6.255,-7.335741131069623,-0.7505999999999999,-5.004,5.004,36.394940873797495,-61.41494087379749,36.73733437808486,61.61846296794526,61.61846296794526
38.0,5.0,24.0,522.780356685791,limit,LC2B,180.0,6.255,-7.335741131069623,-0.7505999999999999,-4.17,4.17,28.244117394831243,-53.26411739483124,28.55029014586382,53.427100818314706,53.427100818314706
38.0,5.0,24.0,522.780356685791,limit,LC3,120.0,0.0,-0.0,-0.0,-0.0,0.0,-12.51,-12.51,12.51,12.51,12.51
38.0,5.0,24.0,522.780356685791,limit,LC3,150.0,0.0,-0.0,-0.0,-0.0,0.0,-12.51,-12.51,12.51,12.51,12.51
38.0,5.0,24.0,522.780356685791,limit,LC3,180.0,0.0,-0.0,-0.0,-0.0,0.0,-12.51,-12.51,12.51,12.51,12.51
38.0,5.0,24.0,522.780356685791,limit,LC4+,120.0,0.0,-0.0,-0.0,-4.17,-4.17,-5.5461,-5.5461,6.938885012017421,6.938885012017421,6.938885012017421
38.0,5.0,24.0,522.780356685791,limit,LC4+,150.0,0.0,-0.0,-0.0,-4.17,-4.17,-5.5461,-5.5461,6.938885012017421,6.938885012017421,6.938885012017421
38.0,5.0,24.0,522.780356685791,limit,LC4+,180.0,0.0,-0.0,-0.0,-4.17,-4.17,-5.5461,-5.5461,6.938885012017421,6.938885012017421,6.938885012017421
38.0,5.0,24.0,522.780356685791,limit,LC4-,120.0,0.0,-0.0,-0.0,4.17,4.17,-5.5461,-5.5461,6.938885012017421,6.938885012017421,6.938885012017421
38.0,5.0,24.0,522.780356685791,limit,LC4-,150.0,0.0,-0.0,-0.0,4.17,4.17,-5.5461,-5.5461,6.938885012017421,6.938885012017421,6.938885012017421
38.0,5.0,24.0,522.780356685791,limit,LC4-,180.0,0.0,-0.0,-0.0,4.17,4.17,-5.5461,-5.5461,6.938885012017421,6.938885012017421,6.938885012017421
38.0,5.0,24.0,522.780356685791,limit,LC5,120.0,8.87376,10.406971417944106,1.0648512,8.87376,-8.87376,-92.27086181620089,81.1786618162009,92.69657791332989,81.6622235235284,92.69657791332989
38.0,5.0,24.0,522.780356685791,limit,LC5,150.0,8.87376,10.406971417944106,1.0648512,7.099008000000001,-7.099008000000001,-74.92590945296071,63.83370945296071,75.26146306003712,64.2272401486244,75.26146306003712
38.0,5.0,24.0,522.780356685791,limit,LC5,180.0,8.87376,10.406971417944106,1.0648512,5.915840000000001,-5.915840000000001,-63.36260787746726,52.27040787746726,63.63817439194242,52.60411298161382,63.63817439194242
38.0,5.0,24.0,522.780356685791,ultimate,LC0,120.0,0.0,-0.0,-0.0,-0.0,0.0,-5.589574468085106,-5.589574468085106,5.589574468085106,5.589574468085106,5.589574468085106
38.0,5.0,24.0,522.780356685791,ultimate,LC0,150.0,0.0,-0.0,-0.0,-0.0,0.0,-5.589574468085106,-5.589574468085106,5.589574468085106,5.589574468085106,5.589574468085106
38.0,5.0,24.0,522.780356685791,ultimate,LC0,180.0,0.0,-0.0,-0.0,-0.0,0.0,-5.589574468085106,-5.589574468085106,5.589574468085106,5.589574468085106,5.589574468085106
38.0,5.0,24.0,522.780356685791,ultimate,LC1,120.0,0.0,-0.0,-0.0,-0.0,0.0,-18.765,-18.765,18.765,18.765,18.765
38.0,5.0,24.0,522.780356685791,ultimate,LC1,150.0,0.0,-0.0,-0.0,-0.0,0.0,-18.765,-18.765,18.765,18.765,18.765
38.0,5.0,24.0,522.780356685791,ultimate,LC1,180.0,0.0,-0.0,-0.0,-0.0,0.0,-18.765,-18.765,18.765,18.765,18.765
38.0,5.0,24.0,522.780356685791,ultimate,LC2A,120.0,9.3825,11.003611696604436,1.1259,9.3825,-9.3825,-110.4617641383703,72.9317641383703,110.85951760138121,73.53280578479837,110.85951760138121
38.0,5.0,24.0,522.780356685791,ultimate,LC2A,150.0,9.3825,11.003611696604436,1.1259,7.505999999999999,-7.505999999999999,-92.12241131069624,54.592411310696235,92.4276944519179,55.10600156712728,92.4276944519179
38.0,5.0,24.0,522.780356685791,ultimate,LC2A,180.0,9.3825,11.003611696604436,1.1259,6.255,-6.255,-79.89617609224686,42.36617609224687,80.14065122747206,42.82543521879573,80.14065122747206
38.0,5.0,24.0,522.780356685791,ultimate,LC2B,120.0,9.3825,-11.003611696604436,-1.1259,-9.3825,9.3825,72.9317641383703,-110.4617641383703,73.53280578479837,110.85951760138121,110.85951760138121
38.0,5.0,24.0,522.780356685791,ultimate,LC2B,150.0,9.3825,-11.003611696604436,-1.1259,-7.505999999999999,7.505999999999999,54.592411310696235,-92.12241131069624,55.10600156712728,92.4276944519179,92.4276944519179
38.0,5.0,24.0,522.780356685791,ultimate,LC2B,180.0,9.3825,-11.003611696604436,-1.1259,-6.255,6.255,42.36617609224687,-79.89617609224686,42.82543521879573,80.14065122747206,80.14065122747206
38.0,5.0,24.0,522.780356685791,ultimate,LC3,120.0,0.0,-0.0,-0.0,-0.0,0.0,-18.765,-18.765,18.765,18.765,18.765
38.0,5.0,24.0,522.780356685791,ultimate,LC3,150.0,0.0,-0.0,-0.0,-0.0,0.0,-18.765,-18.765,18.765,18.765,18.765
38.0,5.0,24.0,522.780356685791,ultimate,LC3,180.0,0.0,-0.0,-0.0,-0.0,0.0,-18.765,-18.765,18.765,18.765,18.765
38.0,5.0,24.0,522.780356685791,ultimate,LC4+,120.0,0.0,-0.0,-0.0,-6.255,-6.255,-8.319150000000002,-8.319150000000002,10.408327518026132,10.408327518026132,10.408327518026132
38.0,5.0,24.0,522.780356685791,ultimate,LC4+,150.0,0.0,-0.0,-0.0,-6.255,-6.255,-8.319150000000002,-8.319150000000002,10.408327518026132,10.408327518026132,10.408327518026132
38.0,5.0,24.0,522.780356685791,ultimate,LC4+,180.0,0.0,-0.0,-0.0,-6.255,-6.255,-8.319150000000002,-8.319150000000002,10.408327518026132,10.408327518026132,10.408327518026132
38.0,5.0,24.0,522.780356685791,ultimate,LC4-,120.0,0.0,-0.0,-0.0,6.255,6.255,-8.319150000000002,-8.319150000000002,10.408327518026132,10.408327518026132,10.408327518026132
38.0,5.0,24.0,522.780356685791,ultimate,LC4-,150.0,0.0,-0.0,-0.0,6.255,6.255,-8.319150000000002,-8.319150000000002,10.408327518026132,10.408327518026132,10.408327518026132
38.0,5.0,24.0,522.780356685791,ultimate,LC4-,180.0,0.0,-0.0,-0.0,6.255,6.255,-8.319150000000002,-8.319150000000002,10.408327518026132,10.408327518026132,10.408327518026132
38.0,5.0,24.0,522.780356685791,ultimate,LC5,120.0,13.31064,15.610457126916158,1.5972768,13.31064,-13.31064,-138.40629272430132,121.76799272430131,139.04486686999482,122.49333528529255,139.04486686999482
38.0,5.0,24.0,522.780356685791,ultimate,LC5,150.0,13.31064,15.610457126916158,1.5972768,10.648512,-10.648512,-112.38886417944106,95.75056417944104,112.89219459005567,96.34086022293657,112.89219459005567
38.0,5.0,24.0,522.780356685791,ultimate,LC5,180.0,13.31064,15.610457126916158,1.5972768,8.87376,-8.87376,-95.04391181620089,78.40561181620087,95.45726158791364,78.90616947242071,95.45726158791364
38.0,10.0,29.0,527.780356685791,limit,LC0,120.0,0.0,-0.0,-0.0,-0.0,0.0,-3.726382978723404,-3.726382978723404,3.726382978723404,3.726382978723404,3.726382978723404
38.0,10.0,29.0,527.780356685791,limit,LC0,150.0,0.0,-0.0,-0.0,-0.0,0.0,-3.726382978723404,-3.726382978723404,3.726382978723404,3.726382978723404,3.726382978723404
38.0,10.0,29.0,527.780356685791,limit,LC0,180.0,0.0,-0.0,-0.0,-0.0,0.0,-3.726382978723404,-3.726382978723404,3.726382978723404,3.726382978723404,3.726382978723404
38.0,10.0,29.0,527.780356685791,limit,LC1,120.0,0.0,-0.0,-0.0,-0.0,0.0,-12.51,-12.51,12.51,12.51,12.51
38.0,10.0,29.0,527.780356685791,limit,LC1,150.0,0.0,-0.0,-0.0,-0.0,0.0,-12.51,-12.51,12.51,12.51,12.51
38.0,10.0,29.0,527.780356685791,limit,LC1,180.0,0.0,-0.0,-0.0,-0.0,0.0,-12.51,-12.51,12.51,12.51,12.51
38.0,10.0,29.0,527.780356685791,limit,LC2A,120.0,6.255,7.367016131069624,0.7505999999999999,6.255,-6.255,-73.90180109224687,48.881801092246874,74.1660382498487,49.2803764496781,74.1660382498487
38.0,10.0,29.0,527.780356685791,limit,LC2A,150.0,6.255,7.367016131069624,0.7505999999999999,5.004,-5.004,-61.62344087379749,36.603440873797496,61.826276623507056,36.94390206517971,61.826276623507056
38.0,10.0,29.0,527.780356685791,limit,LC2A,180.0,6.255,7.367016131069624,0.7505999999999999,4.17,-4.17,-53.437867394831244,28.417867394831248,53.60032249630191,28.722188065504564,53.60032249630191
38.0,10.0,29.0,527.780356685791,limit,LC2B,120.0,6.255,-7.367016131069624,-0.7505999999999999,-6.255,6.255,48.881801092246874,-73.90180109224687,49.2803764496781,74.1660382498487,74.1660382498487
38.0,10.0,29.0,527.780356685791,limit,LC2B,150.0,6.255,-7.367016131069624,-0.7505999999999999,-5.004,5.004,36.603440873797496,-61.62344087379749,36.94390206517971,61.826276623507056,61.826276623507056
38.0,10.0,29.0,527.780356685791,limit,LC2B,180.0,6.255,-7.367016131069624,-0.7505999999999999,-4.17,4.17,28.417867394831248,-53.437867394831244,28.722188065504564,53.60032249630191,53.60032249630191
38.0,10.0,29.0,527.780356685791,limit,LC3,120.0,0.0,-0.0,-0.0,-0.0,0.0,-12.51,-12.51,12.51,12.51,12.51
38.0,10.0,29.0,527.780356685791,limit,LC3,150.0,0.0,-0.0,-0.0,-0.0,0.0,-12.51,-12.51,12.51,12.51,12.51
38.0,10.0,29.0,527.780356685791,limit,LC3,180.0,0.0,-0.0,-0.0,-0.0,0.0,-12.51,-12.51,12.51,12.51,12.51
38.0,10.0,29.0,527.780356685791,limit,LC4+,120.0,0.0,-0.0,-0.0,-4.17,-4.17,-5.5461,-5.5461,6.938885012017421,6.938885012017421,6.938885012017421
38.0,10.0,29.0,527.780356685791,limit,LC4+,150.0,0.0,-0.0,-0.0,-4.17,-4.17,-5.5461,-5.5461,6.938885012017421,6.938885012017421,6.938885012017421
38.0,10.0,29.0,527.780356685791,limit,LC4+,180.0,0.0,-0.0,-0.0,-4.17,-4.17,-5.5461,-5.5461,6.938885012017421,6.938885012017421,6.938885012017421
38.0,10.0,29.0,527.780356685791,limit,LC4-,120.0,0.0,-0.0,-0.0,4.17,4.17,-5.5461,-5.5461,6.938885012017421,6.938885012017421,6.938885012017421
38.0,10.0,29.0,527.780356685791,limit,LC4-,150.0,0.0,-0.0,-0.0,4.17,4.17,-5.5461,-5.5461,6.938885012017421,6.938885012017421,6.938885012017421
38.0,10.0,29.0,527.780356685791,limit,LC4-,180.0,0.0,-0.0,-0.0,4.17,4.17,-5.5461,-5.5461,6.938885012017421,6.938885012017421,6.938885012017421
38.0,10.0,29.0,527.780356685791,limit,LC5,120.0,8.87376,10.451340217944107,1.0648512,8.87376,-8.87376,-92.6406018162009,81.54840181620091,93.06462658499998,82.02978395262393,93.06462658499998
38.0,10.0,29.0,527.780356685791,limit,LC5,150.0,8.87376,10.451340217944107,1.0648512,7.099008000000001,-7.099008000000001,-75.22170145296072,64.12950145296072,75.55594142132315,64.52122806634539,75.55594142132315
38.0,10.0,29.0,527.780356685791,limit,LC5,180.0,8.87376,10.451340217944107,1.0648512,5.915840000000001,-5.915840000000001,-63.6091012108006,52.5169012108006,63.883604467433386,52.84904990338605,63.883604467433386
38.0,10.0,29.0,527.780356685791,ultimate,LC0,120.0,0.0,-0.0,-0.0,-0.0,0.0,-5.589574468085106,-5.589574468085106,5.589574468085106,5.589574468085106,5.589574468085106
38.0,10.0,29.0,527.780356685791,ultimate,LC0,150.0,0.0,-0.0,-0.0,-0.0,0.0,-5.589574468085106,-5.589574468085106,5.589574468085106,5.589574468085106,5.589574468085106
38.0,10.0,29.0,527.780356685791,ultimate,LC0,180.0,0.0,-0.0,-0.0,-0.0,0.0,-5.589574468085106,-5.589574468085106,5.589574468085106,5.589574468085106,5.589574468085106
38.0,10.0,29.0,527.780356685791,ultimate,LC1,120.0,0.0,-0.0,-0.0,-0.0,0.0,-18.765,-18.765,18.765,18.765,18.765
38.0,10.0,29.0,527.780356685791,ultimate,LC1,150.0,0.0,-0.0,-0.0,-0.0,0.0,-18.765,-18.765,18.765,18.765,18.765
38.0,10.0,29.0,527.780356685791,ultimate,LC1,180.0,0.0,-0.0,-0.0,-0.0,0.0,-18.765,-18.765,18.765,18.765,18.765
38.0,10.0,29.0,527.780356685791,ultimate,LC2A,120.0,9.3825,11.050524196604435,1.1259,9.3825,-9.3825,-110.85270163837029,73.32270163837029,111.24905737477305,73.92056467451712,111.24905737477305
38.0,10.0,29.0,527.780356685791,ultimate,LC2A,150.0,9.3825,11.050524196604435,1.1259,7.505999999999999,-7.505999999999999,-92.43516131069624,54.90516131069624,92.7394149352606,55.415853097769556,92.7394149352606
38.0,10.0,29.0,527.780356685791,ultimate,LC2A,180.0,9.3825,11.050524196604435,1.1259,6.255,-6.255,-80.15680109224687,42.626801092246865,80.40048374445286,43.083282098256845,80.40048374445286
38.0,10.0,29.0,527.780356685791,ultimate,LC2B,120.0,9.3825,-11.050524196604435,-1.1259,-9.3825,9.3825,73.32270163837029,-110.85270163837029,73.92056467451712,111.24905737477305,111.24905737477305
38.0,10.0,29.0,527.780356685791,ultimate,LC2B,150.0,9.3825,-11.050524196604435,-1.1259,-7.505999999999999,7.505999999999999,54.90516131069624,-92.43516131069624,55.415853097769556,92.7394149352606,92.7394149352606
38.0,10.0,29.0,527.780356685791,ultimate,LC2B,180.0,9.3825,-11.050524196604435,-1.1259,-6.255,6.255,42.626801092246865,-80.15680109224687,43.083282098256845,80.40048374445286,80.40048374445286
38.0,10.0,29.0,527.780356685791,ultimate,LC3,120.0,0.0,-0.0,-0.0,-0.0,0.0,-18.765,-18.765,18.765,18.765,18.765
38.0,10.0,29.0,527.780356685791,ultimate,LC3,150.0,0.0,-0.0,-0.0,-0.0,0.0,-18.765,-18.765,18.765,18.765,18.765
38.0,10.0,29.0,527.780356685791,ultimate,LC3,180.0,0.0,-0.0,-0.0,-0.0,0.0,-18.765,-18.765,18.765,18.765,18.765
38.0,10.0,29.0,527.780356685791,ultimate,LC4+,120.0,0.0,-0.0,-0.0,-6.255,-6.255,-8.319150000000002,-8.319150000000002,10.408327518026132,10.408327518026132,10.408327518026132
38.0,10.0,29.0,527.780356685791,ultimate,LC4+,150.0,0.0,-0.0,-0.0,-6.255,-6.255,-8.319150000000002,-8.319150000000002,10.408327518026132,10.408327518026132,10.408327518026132
38.0,10.0,29.0,527.780356685791,ultimate,LC4+,180.0,0.0,-0.0,-0.0,-6.255,-6.255,-8.319150000000002,-8.319150000000002,10.408327518026132,10.408327518026132,10.408327518026132
38.0,10.0,29.0,527.780356685791,ultimate,LC4-,120.0,0.0,-0.0,-0.0,6.255,6.255,-8.319150000000002,-8.319150000000002,10.408327518026132,10.408327518026132,10.408327518026132
38.0,10.0,29.0,527.780356685791,ultimate,LC4-,150.0,0.0,-0.0,-0.0,6.255,6.255,-8.319150000000002,-8.319150000000002,10.408327518026132,10.408327518026132,10.408327518026132
38.0,10.0,29.0,527.780356685791,ultimate,LC4-,180.0,0.0,-0.0,-0.0,6.255,6.255,-8.319150000000002,-8.319150000000002,10.408327518026132,10.408327518026132,10.408327518026132
38.0,10.0,29.0,527.780356685791,ultimate,LC5,120.0,13.31064,15.67701032691616,1.5972768,13.31064,-13.31064,-138.96090272430135,122.32260272430133,139.59693987749998,123.04467592893587,139.59693987749998
38.0,10.0,29.0,527.780356685791,ultimate,LC5,150.0,13.31064,15.67701032691616,1.5972768,10.648512,-10.648512,-112.83255217944107,96.19425217944105,113.33391213198473,96.78184209951804,113.33391213198473
38.0,10.0,29.0,527.780356685791,ultimate,LC5,180.0,13.31064,15.67701032691616,1.5972768,8.87376,-8.87376,-95.4136518162009,78.77535181620088,95.82540670115007,79.27357485507906,95.82540670115007
38.0,15.0,34.0,532.780356685791,limit,LC0,120.0,0.0,-0.0,-0.0,-0.0,0.0,-3.726382978723404,-3.726382978723404,3.726382978723404,3.726382978723404,3.726382978723404
38.0,15.0,34.0,532.780356685791,limit,LC0,150.0,0.0,-0.0,-0.0,-0.0,0.0,-3.726382978723404,-3.726382978723404,3.726382978723404,3.726382978723404,3.726382978723404
38.0,15.0,34.0,532.780356685791,limit,LC0,180.0,0.0,-0.0,-0.0,-0.0,0.0,-3.726382978723404,-3.726382978723404,3.726382978723404,3.726382978723404,3.726382978723404
38.0,15.0,34.0,532.780356685791,limit,LC1,120.0,0.0,-0.0,-0.0,-0.0,0.0,-12.51,-12.51,12.51,12.51,12.51
38.0,15.0,34.0,532.780356685791,limit,LC1,150.0,0.0,-0.0,-0.0,-0.0,0.0,-12.51,-12.51,12.51,12.51,12.51
38.0,15.0,34.0,532.780356685791,limit,LC1,180.0,0.0,-0.0,-0.0,-0.0,0.0,-12.51,-12.51,12.51,12.51,12.51
38.0,15.0,34.0,532.780356685791,limit,LC2A,120.0,6.255,7.398291131069623,0.7505999999999999,6.255,-6.255,-74.16242609224686,49.142426092246865,74.42573794654628,49.538904582478864,74.42573794654628
38.0,15.0,34.0,532.780356685791,limit,LC2A,150.0,6.255,7.398291131069623,0.7505999999999999,5.004,-5.004,-61.831940873797485,36.81194087379749,62.03409488515802,37.15049134124557,62.03409488515802
38.0,15.0,34.0,532.780356685791,limit,LC2A,180.0,6.255,7.398291131069623,0.7505999999999999,4.17,-4.17,-53.61161739483124,28.591617394831246,53.773547583265994,28.894108140802974,53.773547583265994
38.0,15.0,34.0,532.780356685791,limit,LC2B,120.0,6.255,-7.398291131069623,-0.7505999999999999,-6.255,6.255,49.142426092246865,-74.16242609224686,49.538904582478864,74.42573794654628,74.42573794654628
38.0,15.0,34.0,532.780356685791,limit,LC2B,150.0,6.255,-7.398291131069623,-0.7505999999999999,-5.004,5.004,36.81194087379749,-61.831940873797485,37.15049134124557,62.03409488515802,62.03409488515802
38.0,15.0,34.0,532.780356685791,limit,LC2B,180.0,6.255,-7.398291131069623,-0.7505999999999999,-4.17,4.17,28.591617394831246,-53.61161739483124,28.894108140802974,53.773547583265994,53.773547583265994
38.0,15.0,34.0,532.780356685791,limit,LC3,120.0,0.0,-0.0,-0.0,-0.0,0.0,-12.51,-12.51,12.51,12.51,12.51
38.0,15.0,34.0,532.780356685791,limit,LC3,150.0,0.0,-0.0,-0.0,-0.0,0.0,-12.51,-12.51,12.51,12.51,12.51
38.0,15.0,34.0,532.780356685791,limit,LC3,180.0,0.0,-0.0,-0.0,-0.0,0.0,-12.51,-12.51,12.51,12.51,12.51
38.0,15.0,34.0,532.780356685791,limit,LC4+,120.0,0.0,-0.0,-0.0,-4.17,-4.17,-5.5461,-5.5461,6.938885012017421,6.938885012017421,6.938885012017421
38.0,15.0,34.0,532.780356685791,limit,LC4+,150.0,0.0,-0.0,-0.0,-4.17,-4.17,-5.5461,-5.5461,6.938885012017421,6.938885012017421,6.938885012017421
38.0,15.0,34.0,532.780356685791,limit,LC4+,180.0,0.0,-0.0,-0.0,-4.17,-4.17,-5.5461,-5.5461,6.938885012017421,6.938885012017421,6.938885012017421
38.0,15.0,34.0,532.780356685791,limit,LC4-,120.0,0.0,-0.0,-0.0,4.17,4.17,-5.5461,-5.5461,6.938885012017421,6.938885012017421,6.938885012017421
38.0,15.0,34.0,532.780356685791,limit,LC4-,150.0,0.0,-0.0,-0.0,4.17,4.17,-5.5461,-5.5461,6.938885012017421,6.938885012017421,6.938885012017421
38.0,15.0,34.0,532.780356685791,limit,LC4-,180.0,0.0,-0.0,-0.0,4.17,4.17,-5.5461,-5.5461,6.938885012017421,6.938885012017421,6.938885012017421
38.0,15.0,34.0,532.780356685791,limit,LC5,120.0,8.87376,10.495709017944106,1.0648512,8.87376,-8.87376,-93.01034181620089,81.9181418162009,93.43268861219893,82.39736388475545,93.43268861219893
38.0,15.0,34.0,532.780356685791,limit,LC5,150.0,8.87376,10.495709017944106,1.0648512,7.099008000000001,-7.099008000000001,-75.51749345296071,64.42529345296072,75.85043000538644,64.81523240014006,75.85043000538644
38.0,15.0,34.0,532.780356685791,limit,LC5,180.0,8.87376,10.495709017944106,1.0648512,5.915840000000001,-5.915840000000001,-63.85559454413393,52.763394544133924,64.12904269900204,53.09400123107639,64.12904269900204
38.0,15.0,34.0,532.780356685791,ultimate,LC0,120.0,0.0,-0.0,-0.0,-0.0,0.0,-5.589574468085106,-5.589574468085106,5.589574468085106,5.589574468085106,5.589574468085106
38.0,15.0,34.0,532.780356685791,ultimate,LC0,150.0,0.0,-0.0,-0.0,-0.0,0.0,-5.589574468085106,-5.589574468085106,5.589574468085106,5.589574468085106,5.589574468085106
38.0,15.0,34.0,532.780356685791,ultimate,LC0,180.0,0.0,-0.0,-0.0,-0.0,0.0,-5.589574468085106,-5.589574468085106,5.589574468085106,5.589574468085106,5.589574468085106
38.0,15.0,34.0,532.780356685791,ultimate,LC1,120.0,0.0,-0.0,-0.0,-0.0,0.0,-18.765,-18.765,18.765,18.765,18.765
38.0,15.0,34.0,532.780356685791,ultimate,LC1,150.0,0.0,-0.0,-0.0,-0.0,0.0,-18.765,-18.765,18.765,18.765,18.765
38.0,15.0,34.0,532.780356685791,ultimate,LC1,180.0,0.0,-0.0,-0.0,-0.0,0.0,-18.765,-18.765,18.765,18.765,18.765
38.0,15.0,34.0,532.780356685791,ultimate,LC2A,120.0,9.3825,11.097436696604435,1.1259,9.3825,-9.3825,-111.2436391383703,73.7136391383703,111.63860691981942,74.3083568737183,111.63860691981942
38.0,15.0,34.0,532.780356685791,ultimate,LC2A,150.0,9.3825,11.097436696604435,1.1259,7.505999999999999,-7.505999999999999,-92.74791131069624,55.21791131069624,93.05114232773704,55.72573701186836,93.05114232773704
38.0,15.0,34.0,532.780356685791,ultimate,LC2A,180.0,9.3825,11.097436696604435,1.1259,6.255,-6.255,-80.41742609224687,42.88742609224686,80.660321374899,43.341162211204455,80.660321374899
38.0,15.0,34.0,532.780356685791,ultimate,LC2B,120.0,9.3825,-11.097436696604435,-1.1259,-9.3825,9.3825,73.7136391383703,-111.2436391383703,74.3083568737183,111.63860691981942,111.63860691981942
38.0,15.0,34.0,532.780356685791,ultimate,LC2B,150.0,9.3825,-11.097436696604435,-1.1259,-7.505999999999999,7.505999999999999,55.21791131069624,-92.74791131069624,55.72573701186836,93.05114232773704,93.05114232773704
38.0,15.0,34.0,532.780356685791,ultimate,LC2B,180.0,9.3825,-11.097436696604435,-1.1259,-6.255,6.255,42.88742609224686,-80.41742609224687,43.341162211204455,80.660321374899,80.660321374899
38.0,15.0,34.0,532.780356685791,ultimate,LC3,120.0,0.0,-0.0,-0.0,-0.0,0.0,-18.765,-18.765,18.765,18.765,18.765
38.0,15.0,34.0,532.780356685791,ultimate,LC3,150.0,0.0,-0.0,-0.0,-0.0,0.0,-18.765,-18.765,18.765,18.765,18.765
38.0,15.0,34.0,532.780356685791,ultimate,LC3,180.0,0.0,-0.0,-0.0,-0.0,0.0,-18.765,-18.765,18.765,18.765,18.765
38.0,15.0,34.0,532.780356685791,ultimate,LC4+,120.0,0.0,-0.0,-0.0,-6.255,-6.255,-8.319150000000002,-8.319150000000002,10.408327518026132,10.408327518026132,10.408327518026132
38.0,15.0,34.0,532.780356685791,ultimate,LC4+,150.0,0.0,-0.0,-0.0,-6.255,-6.255,-8.319150000000002,-8.319150000000002,10.408327518026132,10.408327518026132,10.408327518026132
38.0,15.0,34.0,532.780356685791,ultimate,LC4+,180.0,0.0,-0.0,-0.0,-6.255,-6.255,-8.319150000000002,-8.319150000000002,10.408327518026132,10.408327518026132,10.408327518026132
38.0,15.0,34.0,532.780356685791,ultimate,LC4-,120.0,0.0,-0.0,-0.0,6.255,6.255,-8.319150000000002,-8.319150000000002,10.408327518026132,10.408327518026132,10.408327518026132
38.0,15.0,34.0,532.780356685791,ultimate,LC4-,150.0,0.0,-0.0,-0.0,6.255,6.255,-8.319150000000002,-8.319150000000002,10.408327518026132,10.408327518026132,10.408327518026132
38.0,15.0,34.0,532.780356685791,ultimate,LC4-,180.0,0.0,-0.0,-0.0,6.255,6.255,-8.319150000000002,-8.319150000000002,10.408327518026132,10.408327518026132,10.408327518026132
38.0,15.0,34.0,532.780356685791,ultimate,LC5,120.0,13.31064,15.743563526916157,1.5972768,13.31064,-13.31064,-139.51551272430132,122.8772127243013,140.1490329182984,123.59604582713314,140.1490329182984
38.0,15.0,34.0,532.780356685791,ultimate,LC5,150.0,13.31064,15.743563526916157,1.5972768,10.648512,-10.648512,-113.27624017944106,96.63794017944105,113.77564500807966,97.22284860021007,113.77564500807966
38.0,15.0,34.0,532.780356685791,ultimate,LC5,180.0,13.31064,15.743563526916157,1.5972768,8.87376,-8.87376,-95.78339181620088,79.14509181620086,96.19356404850303,79.64100184661456,96.19356404850303
38.0,20.0,39.0,537.780356685791,limit,LC0,120.0,0.0,-0.0,-0.0,-0.0,0.0,-3.726382978723404,-3.726382978723404,3.726382978723404,3.726382978723404,3.726382978723404
38.0,20.0,39.0,537.780356685791,limit,LC0,150.0,0.0,-0.0,-0.0,-0.0,0.0,-3.726382978723404,-3.726382978723404,3.726382978723404,3.726382978723404,3.726382978723404
38.0,20.0,39.0,537.780356685791,limit,LC0,180.0,0.0,-0.0,-0.0,-0.0,0.0,-3.726382978723404,-3.726382978723404,3.726382978723404,3.726382978723404,3.726382978723404
38.0,20.0,39.0,537.780356685791,limit,LC1,120.0,0.0,-0.0,-0.0,-0.0,0.0,-12.51,-12.51,12.51,12.51,12.51
38.0,20.0,39.0,537.780356685791,limit,LC1,150.0,0.0,-0.0,-0.0,-0.0,0.0,-12.51,-12.51,12.51,12.51,12.51
38.0,20.0,39.0,537.780356685791,limit,LC1,180.0,0.0,-0.0,-0.0,-0.0,0.0,-12.51,-12.51,12.51,12.51,12.51
38.0,20.0,39.0,537.780356685791,limit,LC2A,120.0,6.255,7.429566131069622,0.7505999999999999,6.255,-6.255,-74.42305109224685,49.403051092246855,74.6854440897233,49.797454575742655,74.6854440897233
38.0,20.0,39.0,537.780356685791,limit,LC2A,150.0,6.255,7.429566131069622,0.7505999999999999,5.004,-5.004,-62.04044087379748,37.02044087379748,62.24191770676062,37.357101848113636,62.24191770676062
38.0,20.0,39.0,537.780356685791,limit,LC2A,180.0,6.255,7.429566131069622,0.7505999999999999,4.17,-4.17,-53.78536739483123,28.765367394831237,53.946776046367916,29.06604997861973,53.946776046367916
38.0,20.0,39.0,537.780356685791,limit,LC2B,120.0,6.255,-7.429566131069622,-0.7505999999999999,-6.255,6.255,49.403051092246855,-74.42305109224685,49.797454575742655,74.6854440897233,74.6854440897233
38.0,20.0,39.0,537.780356685791,limit,LC2B,150.0,6.255,-7.429566131069622,-0.7505999999999999,-5.004,5.004,37.02044087379748,-62.04044087379748,37.357101848113636,62.24191770676062,62.24191770676062
38.0,20.0,39.0,537.780356685791,limit,LC2B,180.0,6.255,-7.429566131069622,-0.7505999999999999,-4.17,4.17,28.765367394831237,-53.78536739483123,29.06604997861973,53.946776046367916,53.946776046367916
38.0,20.0,39.0,537.780356685791,limit,LC3,120.0,0.0,-0.0,-0.0,-0.0,0.0,-12.51,-12.51,12.51,12.51,12.51
38.0,20.0,39.0,537.780356685791,limit,LC3,150.0,0.0,-0.0,-0.0,-0.0,0.0,-12.51,-12.51,12.51,12.51,12.51
38.0,20.0,39.0,537.780356685791,limit,LC3,180.0,0.0,-0.0,-0.0,-0.0,0.0,-12.51,-12.51,12.51,12.51,12.51
38.0,20.0,39.0,537.780356685791,limit,LC4+,120.0,0.0,-0.0,-0.0,-4.17,-4.17,-5.5461,-5.5461,6.938885012017421,6.938885012017421,6.938885012017421
38.0,20.0,39.0,537.780356685791,limit,LC4+,150.0,0.0,-0.0,-0.0,-4.17,-4.17,-5.5461,-5.5461,6.938885012017421,6.938885012017421,6.938885012017421
38.0,20.0,39.0,537.780356685791,limit,LC4+,180.0,0.0,-0.0,-0.0,-4.17,-4.17,-5.5461,-5.5461,6.938885012017421,6.938885012017421,6.938885012017421
38.0,20.0,39.0,537.780356685791,limit,LC4-,120.0,0.0,-0.0,-0.0,4.17,4.17,-5.5461,-5.5461,6.938885012017421,6.938885012017421,6.938885012017421
38.0,20.0,39.0,537.780356685791,limit,LC4-,150.0,0.0,-0.0,-0.0,4.17,4.17,-5.5461,-5.5461,6.938885012017421,6.938885012017421,6.938885012017421
38.0,20.0,39.0,537.780356685791,limit,LC4-,180.0,0.0,-0.0,-0.0,4.17,4.17,-5.5461,-5.5461,6.938885012017421,6.938885012017421,6.938885012017421
38.0,20.0,39.0,537.780356685791,limit,LC5,120.0,8.87376,10.540077817944105,1.0648512,8.87376,-8.87376,-93.38008181620087,82.28788181620088,93.80076383771066,82.76496306006935,93.80076383771066
38.0,20.0,39.0,537.780356685791,limit,LC5,150.0,8.87376,10.540077817944105,1.0648512,7.099008000000001,-7.099008000000001,-75.8132854529607,64.72108545296071,76.14492869361797,65.10925292762548,76.14492869361797
38.0,20.0,39.0,537.780356685791,limit,LC5,180.0,8.87376,10.540077817944105,1.0648512,5.915840000000001,-5.915840000000001,-64.10208787746726,53.00988787746725,64.37448899335928,53.338966766213694,64.37448899335928
38.0,20.0,39.0,537.780356685791,ultimate,LC0,120.0,0.0,-0.0,-0.0,-0.0,0.0,-5.589574468085106,-5.589574468085106,5.589574468085106,5.589574468085106,5.589574468085106
38.0,20.0,39.0,537.780356685791,ultimate,LC0,150.0,0.0,-0.0,-0.0,-0.0,0.0,-5.589574468085106,-5.589574468085106,5.589574468085106,5.589574468085106,5.589574468085106
38.0,20.0,39.0,537.780356685791,ultimate,LC0,180.0,0.0,-0.0,-0.0,-0.0,0.0,-5.589574468085106,-5.589574468085106,5.589574468085106,5.589574468085106,5.589574468085106
38.0,20.0,39.0,537.780356685791,ultimate,LC1,120.0,0.0,-0.0,-0.0,-0.0,0.0,-18.765,-18.765,18.765,18.765,18.765
38.0,20.0,39.0,537.780356685791,ultimate,LC1,150.0,0.0,-0.0,-0.0,-0.0,0.0,-18.765,-18.765,18.765,18.765,18.765
38.0,20.0,39.0,537.780356685791,ultimate,LC1,180.0,0.0,-0.0,-0.0,-0.0,0.0,-18.765,-18.765,18.765,18.765,18.765
38.0,20.0,39.0,537.780356685791,ultimate,LC2A,120.0,9.3825,11.144349196604434,1.1259,9.3825,-9.3825,-111.63457663837029,74.10457663837029,112.02816613458496,74.69618186361399,112.02816613458496
38.0,20.0,39.0,537.780356685791,ultimate,LC2A,150.0,9.3825,11.144349196604434,1.1259,7.505999999999999,-7.505999999999999,-93.06066131069623,55.53066131069623,93.36287656014095,56.035652772170465,93.36287656014095
38.0,20.0,39.0,537.780356685791,ultimate,LC2A,180.0,9.3825,11.144349196604434,1.1259,6.255,-6.255,-80.67805109224686,43.14805109224686,80.92016406955187,43.5990749679296,80.92016406955187
38.0,20.0,39.0,537.780356685791,ultimate,LC2B,120.0,9.3825,-11.144349196604434,-1.1259,-9.3825,9.3825,74.10457663837029,-111.63457663837029,74.69618186361399,112.02816613458496,112.02816613458496
38.0,20.0,39.0,537.780356685791,ultimate,LC2B,150.0,9.3825,-11.144349196604434,-1.1259,-7.505999999999999,7.505999999999999,55.53066131069623,-93.06066131069623,56.035652772170465,93.36287656014095,93.36287656014095
38.0,20.0,39.0,537.780356685791,ultimate,LC2B,180.0,9.3825,-11.144349196604434,-1.1259,-6.255,6.255,43.14805109224686,-80.67805109224686,43.5990749679296,80.92016406955187,80.92016406955187
38.0,20.0,39.0,537.780356685791,ultimate,LC3,120.0,0.0,-0.0,-0.0,-0.0,0.0,-18.765,-18.765,18.765,18.765,18.765
38.0,20.0,39.0,537.780356685791,ultimate,LC3,150.0,0.0,-0.0,-0.0,-0.0,0.0,-18.765,-18.765,18.765,18.765,18.765
38.0,20.0,39.0,537.780356685791,ultimate,LC3,180.0,0.0,-0.0,-0.0,-0.0,0.0,-18.765,-18.765,18.765,18.765,18.765
38.0,20.0,39.0,537.780356685791,ultimate,LC4+,120.0,0.0,-0.0,-0.0,-6.255,-6.255,-8.319150000000002,-8.319150000000002,10.408327518026132,10.408327518026132,10.408327518026132
38.0,20.0,39.0,537.780356685791,ultimate,LC4+,150.0,0.0,-0.0,-0.0,-6.255,-6.255,-8.319150000000002,-8.319150000000002,10.408327518026132,10.408327518026132,10.408327518026132
38.0,20.0,39.0,537.780356685791,ultimate,LC4+,180.0,0.0,-0.0,-0.0,-6.255,-6.255,-8.319150000000002,-8.319150000000002,10.408327518026132,10.408327518026132,10.408327518026132
38.0,20.0,39.0,537.780356685791,ultimate,LC4-,120.0,0.0,-0.0,-0.0,6.255,6.255,-8.319150000000002,-8.319150000000002,10.408327518026132,10.408327518026132,10.408327518026132
38.0,20.0,39.0,537.780356685791,ultimate,LC4-,150.0,0.0,-0.0,-0.0,6.255,6.255,-8.319150000000002,-8.319150000000002,10.408327518026132,10.408327518026132,10.408327518026132
38.0,20.0,39.0,537.780356685791,ultimate,LC4-,180.0,0.0,-0.0,-0.0,6.255,6.255,-8.319150000000002,-8.319150000000002,10.408327518026132,10.408327518026132,10.408327518026132
38.0,20.0,39.0,537.780356685791,ultimate,LC5,120.0,13.31064,15.810116726916156,1.5972768,13.31064,-13.31064,-140.0701227243013,123.4318227243013,140.701145756566,124.147444590104,140.701145756566
38.0,20.0,39.0,537.780356685791,ultimate,LC5,150.0,13.31064,15.810116726916156,1.5972768,10.648512,-10.648512,-113.71992817944106,97.08162817944104,114.21739304042697,97.66387939143819,114.21739304042697
38.0,20.0,39.0,537.780356685791,ultimate,LC5,180.0,13.31064,15.810116726916156,1.5972768,8.87376,-8.87376,-96.15313181620088,79.51483181620087,96.56173349003892,80.00845014932054,96.56173349003892
40.0,5.0,25.0,523.780356685791,limit,LC0,120.0,0.0,-0.0,-0.0,-0.0,0.0,-3.726382978723404,-3.726382978723404,3.726382978723404,3.726382978723404,3.726382978723404
40.0,5.0,25.0,523.780356685791,limit,LC0,150.0,0.0,-0.0,-0.0,-0.0,0.0,-3.726382978723404,-3.726382978723404,3.726382978723404,3.726382978723404,3.726382978723404
40.0,5.0,25.0,523.780356685791,limit,LC0,180.0,0.0,-0.0,-0.0,-0.0,0.0,-3.726382978723404,-3.726382978723404,3.726382978723404,3.726382978723404,3.726382978723404
40.0,5.0,25.0,523.780356685791,limit,LC1,120.0,0.0,-0.0,-0.0,-0.0,0.0,-12.51,-12.51,12.51,12.51,12.51
40.0,5.0,25.0,523.780356685791,limit,LC1,150.0,0.0,-0.0,-0.0,-0.0,0.0,-12.51,-12.51,12.51,12.51,12.51
40.0,5.0,25.0,523.780356685791,limit,LC1,180.0,0.0,-0.0,-0.0,-0.0,0.0,-12.51,-12.51,12.51,12.51,12.51
40.0,5.0,25.0,523.780356685791,limit,LC2A,120.0,6.255,7.341996131069623,0.7505999999999999,6.255,-6.255,-73.69330109224686,48.67330109224686,73.95828317959085,49.07356991514393,73.95828317959085
40.0,5.0,25.0,523.780356685791,limit,LC2A,150.0,6.255,7.341996131069623,0.7505999999999999,5.004,-5.004,-61.45664087379748,36.43664087379749,61.66002532833502,36.77864617092491,61.66002532833502
40.0,5.0,25.0,523.780356685791,limit,LC2A,180.0,6.255,7.341996131069623,0.7505999999999999,4.17,-4.17,-53.298867394831234,28.278867394831238,53.46174487960344,28.584667938152602,53.46174487960344
40.0,5.0,25.0,523.780356685791,limit,LC2B,120.0,6.255,-7.341996131069623,-0.7505999999999999,-6.255,6.255,48.67330109224686,-73.69330109224686,49.07356991514393,73.95828317959085,73.95828317959085
40.0,5.0,25.0,523.780356685791,limit,LC2B,150.0,6.255,-7.341996131069623,-0.7505999999999999,-5.004,5.004,36.43664087379749,-61.45664087379748,36.77864617092491,61.66002532833502,61.66002532833502
40.0,5.0,25.0,523.780356685791,limit,LC2B,180.0,6.255,-7.341996131069623,-0.7505999999999999,-4.17,4.17,28.278867394831238,-53.298867394831234,28.584667938152602,53.46174487960344,53.46174487960344
40.0,5.0,25.0,523.780356685791,limit,LC3,120.0,0.0,-0.0,-0.0,-0.0,0.0,-12.51,-12.51,12.51,12.51,12.51
40.0,5.0,25.0,523.780356685791,limit,LC3,150.0,0.0,-0.0,-0.0,-0.0,0.0,-12.51,-12.51,12.51,12.51,12.51
40.0,5.0,25.0,523.780356685791,limit,LC3,180.0,0.0,-0.0,-0.0,-0.0,0.0,-12.51,-12.51,12.51,12.51,12.51
40.0,5.0,25.0,523.780356685791,limit,LC4+,120.0,0.0,-0.0,-0.0,-4.17,-4.17,-5.5461,-5.5461,6.938885012017421,6.938885012017421,6.938885012017421
40.0,5.0,25.0,523.780356685791,limit,LC4+,150.0,0.0,-0.0,-0.0,-4.17,-4.17,-5.5461,-5.5461,6.938885012017421,6.938885012017421,6.938885012017421
40.0,5.0,25.0,523.780356685791,limit,LC4+,180.0,0.0,-0.0,-0.0,-4.17,-4.17,-5.5461,-5.5461,6.938885012017421,6.938885012017421,6.938885012017421
40.0,5.0,25.0,523.780356685791,limit,LC4-,120.0,0.0,-0.0,-0.0,4.17,4.17,-5.5461,-5.5461,6.938885012017421,6.938885012017421,6.938885012017421
40.0,5.0,25.0,523.780356685791,limit,LC4-,150.0,0.0,-0.0,-0.0,4.17,4.17,-5.5461,-5.5461,6.938885012017421,6.938885012017421,6.938885012017421
40.0,5.0,25.0,523.780356685791,limit,LC4-,180.0,0.0,-0.0,-0.0,4.17,4.17,-5.5461,-5.5461,6.938885012017421,6.938885012017421,6.938885012017421
40.0,5.0,25.0,523.780356685791,limit,LC5,120.0,8.87376,10.415845177944105,1.0648512,8.87376,-8.87376,-92.34480981620088,81.25260981620089,92.77018657159158,81.73573403647504,92.77018657159158
40.0,5.0,25.0,523.780356685791,limit,LC5,150.0,8.87376,10.415845177944105,1.0648512,7.099008000000001,-7.099008000000001,-74.9850678529607,63.8928678529607,75.32035790871672,64.28603640807204,75.32035790871672
40.0,5.0,25.0,523.780356685791,limit,LC5,180.0,8.87376,10.415845177944105,1.0648512,5.915840000000001,-5.915840000000001,-63.41190654413392,52.319706544133915,63.687259750028296,52.65309920384449,63.687259750028296
40.0,5.0,25.0,523.780356685791,ultimate,LC0,120.0,0.0,-0.0,-0.0,-0.0,0.0,-5.589574468085106,-5.589574468085106,5.589574468085106,5.589574468085106,5.589574468085106
40.0,5.0,25.0,523.780356685791,ultimate,LC0,150.0,0.0,-0.0,-0.0,-0.0,0.0,-5.589574468085106,-5.589574468085106,5.589574468085106,5.589574468085106,5.589574468085106
40.0,5.0,25.0,523.780356685791,ultimate,LC0,180.0,0.0,-0.0,-0.0,-0.0,0.0,-5.589574468085106,-5.589574468085106,5.589574468085106,5.589574468085106,5.589574468085106
40.0,5.0,25.0,523.780356685791,ultimate,LC1,120.0,0.0,-0.0,-0.0,-0.0,0.0,-18.765,-18.765,18.765,18.765,18.765
40.0,5.0,25.0,523.780356685791,ultimate,LC1,150.0,0.0,-0.0,-0.0,-0.0,0.0,-18.765,-18.765,18.765,18.765,18.765
40.0,5.0,25.0,523.780356685791,ultimate,LC1,180.0,0.0,-0.0,-0.0,-0.0,0.0,-18.765,-18.765,18.765,18.765,18.765
40.0,5.0,25.0,523.780356685791,ultimate,LC2A,120.0,9.3825,11.012994196604433,1.1259,9.3825,-9.3825,-110.53995163837028,73.00995163837028,110.93742476938628,73.61035487271589,110.93742476938628
40.0,5.0,25.0,523.780356685791,ultimate,LC2A,150.0,9.3825,11.012994196604433,1.1259,7.505999999999999,-7.505999999999999,-92.18496131069622,54.65496131069622,92.49003799250252,55.16796925638736,92.49003799250252
40.0,5.0,25.0,523.780356685791,ultimate,LC2A,180.0,9.3825,11.012994196604433,1.1259,6.255,-6.255,-79.94830109224685,42.41830109224685,80.19261731940514,42.877001907228895,80.19261731940514
40.0,5.0,25.0,523.780356685791,ultimate,LC2B,120.0,9.3825,-11.012994196604433,-1.1259,-9.3825,9.3825,73.00995163837028,-110.53995163837028,73.61035487271589,110.93742476938628,110.93742476938628
40.0,5.0,25.0,523.780356685791,ultimate,LC2B,150.0,9.3825,-11.012994196604433,-1.1259,-7.505999999999999,7.505999999999999,54.65496131069622,-92.18496131069622,55.16796925638736,92.49003799250252,92.49003799250252
40.0,5.0,25.0,523.780356685791,ultimate,LC2B,180.0,9.3825,-11.012994196604433,-1.1259,-6.255,6.255,42.41830109224685,-79.94830109224685,42.877001907228895,80.19261731940514,80.19261731940514
40.0,5.0,25.0,523.780356685791,ultimate,LC3,120.0,0.0,-0.0,-0.0,-0.0,0.0,-18.765,-18.765,18.765,18.765,18.765
40.0,5.0,25.0,523.780356685791,ultimate,LC3,150.0,0.0,-0.0,-0.0,-0.0,0.0,-18.765,-18.765,18.765,18.765,18.765
40.0,5.0,25.0,523.780356685791,ultimate,LC3,180.0,0.0,-0.0,-0.0,-0.0,0.0,-18.765,-18.765,18.765,18.765,18.765
40.0,5.0,25.0,523.780356685791,ultimate,LC4+,120.0,0.0,-0.0,-0.0,-6.255,-6.255,-8.319150000000002,-8.319150000000002,10.408327518026132,10.408327518026132,10.408327518026132
40.0,5.0,25.0,523.780356685791,ultimate,LC4+,150.0,0.0,-0.0,-0.0,-6.255,-6.255,-8.319150000000002,-8.319150000000002,10.408327518026132,10.408327518026132,10.408327518026132
40.0,5.0,25.0,523.780356685791,ultimate,LC4+,180.0,0.0,-0.0,-0.0,-6.255,-6.255,-8.319150000000002,-8.319150000000002,10.408327518026132,10.408327518026132,10.408327518026132
40.0,5.0,25.0,523.780356685791,ultimate,LC4-,120.0,0.0,-0.0,-0.0,6.255,6.255,-8.319150000000002,-8.319150000000002,10.408327518026132,10.408327518026132,10.408327518026132
40.0,5.0,25.0,523.780356685791,ultimate,LC4-,150.0,0.0,-0.0,-0.0,6.255,6.255,-8.319150000000002,-8.319150000000002,10.408327518026132,10.408327518026132,10.408327518026132
40.0,5.0,25.0,523.780356685791,ultimate,LC4-,180.0,0.0,-0.0,-0.0,6.255,6.255,-8.319150000000002,-8.319150000000002,10.408327518026132,10.408327518026132,10.408327518026132
40.0,5.0,25.0,523.780356685791,ultimate,LC5,120.0,13.31064,15.623767766916156,1.5972768,13.31064,-13.31064,-138.5172147243013,121.8789147243013,139.15527985738737,122.60360105471253,139.15527985738737
40.0,5.0,25.0,523.780356685791,ultimate,LC5,150.0,13.31064,15.623767766916156,1.5972768,10.648512,-10.648512,-112.47760177944106,95.83930177944104,112.98053686307507,96.42905461210805,112.98053686307507
40.0,5.0,25.0,523.780356685791,ultimate,LC5,180.0,13.31064,15.623767766916156,1.5972768,8.87376,-8.87376,-95.11785981620088,78.47955981620086,95.53088962504245,78.97964880576673,95.53088962504245
40.0,10.0,30.0,528.780356685791,limit,LC0,120.0,0.0,-0.0,-0.0,-0.0,0.0,-3.726382978723404,-3.726382978723404,3.726382978723404,3.726382978723404,3.726382978723404
40.0,10.0,30.0,528.780356685791,limit,LC0,150.0,0.0,-0.0,-0.0,-0.0,0.0,-3.726382978723404,-3.726382978723404,3.726382978723404,3.726382978723404,3.726382978723404
40.0,10.0,30.0,528.780356685791,limit,LC0,180.0,0.0,-0.0,-0.0,-0.0,0.0,-3.726382978723404,-3.726382978723404,3.726382978723404,3.726382978723404,3.726382978723404
40.0,10.0,30.0,528.780356685791,limit,LC1,120.0,0.0,-0.0,-0.0,-0.0,0.0,-12.51,-12.51,12.51,12.51,12.51
40.0,10.0,30.0,528.780356685791,limit,LC1,150.0,0.0,-0.0,-0.0,-0.0,0.0,-12.51,-12.51,12.51,12.51,12.51
40.0,10.0,30.0,528.780356685791,limit,LC1,180.0,0.0,-0.0,-0.0,-0.0,0.0,-12.51,-12.51,12.51,12.51,12.51
40.0,10.0,30.0,528.780356685791,limit,LC2A,120.0,6.255,7.373271131069623,0.7505999999999999,6.255,-6.255,-73.95392609224686,48.93392609224686,74.21797767022159,49.332080310903955,74.21797767022159
40.0,10.0,30.0,528.780356685791,limit,LC2A,150.0,6.255,7.373271131069623,0.7505999999999999,5.004,-5.004,-61.66514087379748,36.64514087379749,61.86783990883542,36.98521820485129,61.86783990883542
40.0,10.0,30.0,528.780356685791,limit,LC2A,180.0,6.255,7.373271131069623,0.7505999999999999,4.17,-4.17,-53.47261739483124,28.452617394831243,53.63496724203352,28.756570320826743,53.63496724203352
40.0,10.0,30.0,528.780356685791,limit,LC2B,120.0,6.255,-7.373271131069623,-0.7505999999999999,-6.255,6.255,48.93392609224686,-73.95392609224686,49.332080310903955,74.21797767022159,74.21797767022159
40.0,10.0,30.0,528.780356685791,limit,LC2B,150.0,6.255,-7.373271131069623,-0.7505999999999999,-5.004,5.004,36.64514087379749,-61.66514087379748,36.98521820485129,61.86783990883542,61.86783990883542
40.0,10.0,30.0,528.780356685791,limit,LC2B,180.0,6.255,-7.373271131069623,-0.7505999999999999,-4.17,4.17,28.452617394831243,-53.47261739483124,28.756570320826743,53.63496724203352,53.63496724203352
40.0,10.0,30.0,528.780356685791,limit,LC3,120.0,0.0,-0.0,-0.0,-0.0,0.0,-12.51,-12.51,12.51,12.51,12.51
40.0,10.0,30.0,528.780356685791,limit,LC3,150.0,0.0,-0.0,-0.0,-0.0,0.0,-12.51,-12.51,12.51,12.51,12.51
40.0,10.0,30.0,528.780356685791,limit,LC3,180.0,0.0,-0.0,-0.0,-0.0,0.0,-12.51,-12.51,12.51,12.51,12.51
40.0,10.0,30.0,528.780356685791,limit,LC4+,120.0,0.0,-0.0,-0.0,-4.17,-4.17,-5.5461,-5.5461,6.938885012017421,6.938885012017421,6.938885012017421
40.0,10.0,30.0,528.780356685791,limit,LC4+,150.0,0.0,-0.0,-0.0,-4.17,-4.17,-5.5461,-5.5461,6.938885012017421,6.938885012017421,6.938885012017421
40.0,10.0,30.0,528.780356685791,limit,LC4+,180.0,0.0,-0.0,-0.0,-4.17,-4.17,-5.5461,-5.5461,6.938885012017421,6.938885012017421,6.938885012017421
40.0,10.0,30.0,528.780356685791,limit,LC4-,120.0,0.0,-0.0,-0.0,4.17,4.17,-5.5461,-5.5461,6.938885012017421,6.938885012017421,6.938885012017421
40.0,10.0,30.0,528.780356685791,limit,LC4-,150.0,0.0,-0.0,-0.0,4.17,4.17,-5.5461,-5.5461,6.938885012017421,6.938885012017421,6.938885012017421
40.0,10.0,30.0,528.780356685791,limit,LC4-,180.0,0.0,-0.0,-0.0,4.17,4.17,-5.5461,-5.5461,6.938885012017421,6.938885012017421,6.938885012017421
40.0,10.0,30.0,528.780356685791,limit,LC5,120.0,8.87376,10.460213977944106,1.0648512,8.87376,-8.87376,-92.71454981620089,81.6223498162009,93.13823792706407,82.10329838718948,93.13823792706407
40.0,10.0,30.0,528.780356685791,limit,LC5,150.0,8.87376,10.460213977944106,1.0648512,7.099008000000001,-7.099008000000001,-75.2808598529607,64.18865985296071,75.61483832413566,64.5800276269928,75.61483832413566
40.0,10.0,30.0,528.780356685791,limit,LC5,180.0,8.87376,10.460213977944106,1.0648512,5.915840000000001,-5.915840000000001,-63.65839987746726,52.566199877467255,63.932691464266725,52.89803902285451,63.932691464266725
40.0,10.0,30.0,528.780356685791,ultimate,LC0,120.0,0.0,-0.0,-0.0,-0.0,0.0,-5.589574468085106,-5.589574468085106,5.589574468085106,5.589574468085106,5.589574468085106
40.0,10.0,30.0,528.780356685791,ultimate,LC0,150.0,0.0,-0.0,-0.0,-0.0,0.0,-5.589574468085106,-5.589574468085106,5.589574468085106,5.589574468085106,5.589574468085106
40.0,10.0,30.0,528.780356685791,ultimate,LC0,180.0,0.0,-0.0,-0.0,-0.0,0.0,-5.589574468085106,-5.589574468085106,5.589574468085106,5.589574468085106,5.589574468085106
40.0,10.0,30.0,528.780356685791,ultimate,LC1,120.0,0.0,-0.0,-0.0,-0.0,0.0,-18.765,-18.765,18.765,18.765,18.765
40.0,10.0,30.0,528.780356685791,ultimate,LC1,150.0,0.0,-0.0,-0.0,-0.0,0.0,-18.765,-18.765,18.765,18.765,18.765
40.0,10.0,30.0,528.780356685791,ultimate,LC1,180.0,0.0,-0.0,-0.0,-0.0,0.0,-18.765,-18.765,18.765,18.765,18.765
40.0,10.0,30.0,528.780356685791,ultimate,LC2A,120.0,9.3825,11.059906696604434,1.1259,9.3825,-9.3825,-110.93088913837029,73.40088913837029,111.3269665053324,73.99812046635594,111.3269665053324
40.0,10.0,30.0,528.780356685791,ultimate,LC2A,150.0,9.3825,11.059906696604434,1.1259,7.505999999999999,-7.505999999999999,-92.49771131069623,54.96771131069623,92.80175986325314,55.47782730727693,92.80175986325314
40.0,10.0,30.0,528.780356685791,ultimate,LC2A,180.0,9.3825,11.059906696604434,1.1259,6.255,-6.255,-80.20892609224686,42.67892609224686,80.45245086305027,43.13485548124011,80.45245086305027
40.0,10.0,30.0,528.780356685791,ultimate,LC2B,120.0,9.3825,-11.059906696604434,-1.1259,-9.3825,9.3825,73.40088913837029,-110.93088913837029,73.99812046635594,111.3269665053324,111.3269665053324
40.0,10.0,30.0,528.780356685791,ultimate,LC2B,150.0,9.3825,-11.059906696604434,-1.1259,-7.505999999999999,7.505999999999999,54.96771131069623,-92.49771131069623,55.47782730727693,92.80175986325314,92.80175986325314
40.0,10.0,30.0,528.780356685791,ultimate,LC2B,180.0,9.3825,-11.059906696604434,-1.1259,-6.255,6.255,42.67892609224686,-80.20892609224686,43.13485548124011,80.45245086305027,80.45245086305027
40.0,10.0,30.0,528.780356685791,ultimate,LC3,120.0,0.0,-0.0,-0.0,-0.0,0.0,-18.765,-18.765,18.765,18.765,18.765
40.0,10.0,30.0,528.780356685791,ultimate,LC3,150.0,0.0,-0.0,-0.0,-0.0,0.0,-18.765,-18.765,18.765,18.765,18.765
40.0,10.0,30.0,528.780356685791,ultimate,LC3,180.0,0.0,-0.0,-0.0,-0.0,0.0,-18.765,-18.765,18.765,18.765,18.765
40.0,10.0,30.0,528.780356685791,ultimate,LC4+,120.0,0.0,-0.0,-0.0,-6.255,-6.255,-8.319150000000002,-8.319150000000002,10.408327518026132,10.408327518026132,10.408327518026132
40.0,10.0,30.0,528.780356685791,ultimate,LC4+,150.0,0.0,-0.0,-0.0,-6.255,-6.255,-8.319150000000002,-8.319150000000002,10.408327518026132,10.408327518026132,10.408327518026132
40.0,10.0,30.0,528.780356685791,ultimate,LC4+,180.0,0.0,-0.0,-0.0,-6.255,-6.255,-8.319150000000002,-8.319150000000002,10.408327518026132,10.408327518026132,10.408327518026132
40.0,10.0,30.0,528.780356685791,ultimate,LC4-,120.0,0.0,-0.0,-0.0,6.255,6.255,-8.319150000000002,-8.319150000000002,10.408327518026132,10.408327518026132,10.408327518026132
40.0,10.0,30.0,528.780356685791,ultimate,LC4-,150.0,0.0,-0.0,-0.0,6.255,6.255,-8.319150000000002,-8.319150000000002,10.408327518026132,10.408327518026132,10.408327518026132
40.0,10.0,30.0,528.780356685791,ultimate,LC4-,180.0,0.0,-0.0,-0.0,6.255,6.255,-8.319150000000002,-8.319150000000002,10.408327518026132,10.408327518026132,10.408327518026132
40.0,10.0,30.0,528.780356685791,ultimate,LC5,120.0,13.31064,15.690320966916158,1.5972768,13.31064,-13.31064,-139.07182472430134,122.43352472430132,139.70735689059612,123.1549475807842,139.70735689059612
40.0,10.0,30.0,528.780356685791,ultimate,LC5,150.0,13.31064,15.690320966916158,1.5972768,10.648512,-10.648512,-112.92128977944107,96.28298977944105,113.4222574862035,96.8700414404892,113.4222574862035
40.0,10.0,30.0,528.780356685791,ultimate,LC5,180.0,13.31064,15.690320966916158,1.5972768,8.87376,-8.87376,-95.48759981620088,78.84929981620087,95.89903719640009,79.34705853428176,95.89903719640009
40.0,15.0,35.0,533.780356685791,limit,LC0,120.0,0.0,-0.0,-0.0,-0.0,0.0,-3.726382978723404,-3.726382978723404,3.726382978723404,3.726382978723404,3.726382978723404
40.0,15.0,35.0,533.780356685791,limit,LC0,150.0,0.0,-0.0,-0.0,-0.0,0.0,-3.726382978723404,-3.726382978723404,3.726382978723404,3.726382978723404,3.726382978723404
40.0,15.0,35.0,533.780356685791,limit,LC0,180.0,0.0,-0.0,-0.0,-0.0,0.0,-3.726382978723404,-3.726382978723404,3.726382978723404,3.726382978723404,3.726382978723404
40.0,15.0,35.0,533.780356685791,limit,LC1,120.0,0.0,-0.0,-0.0,-0.0,0.0,-12.51,-12.51,12.51,12.51,12.51
40.0,15.0,35.0,533.780356685791,limit,LC1,150.0,0.0,-0.0,-0.0,-0.0,0.0,-12.51,-12.51,12.51,12.51,12.51
40.0,15.0,35.0,533.780356685791,limit,LC1,180.0,0.0,-0.0,-0.0,-0.0,0.0,-12.51,-12.51,12.51,12.51,12.51
40.0,15.0,35.0,533.780356685791,limit,LC2A,120.0,6.255,7.404546131069623,0.7505999999999999,6.255,-6.255,-74.21455109224686,49.19455109224686,74.4776786616213,49.59061284323563,74.4776786616213
40.0,15.0,35.0,533.780356685791,limit,LC2A,150.0,6.255,7.404546131069623,0.7505999999999999,5.004,-5.004,-61.873640873797484,36.85364087379749,62.07565908614795,37.191811755477,62.07565908614795
40.0,15.0,35.0,533.780356685791,limit,LC2A,180.0,6.255,7.404546131069623,0.7505999999999999,4.17,-4.17,-53.64636739483124,28.62636739483124,53.80819300683876,28.9284947797817,53.80819300683876
40.0,15.0,35.0,533.780356685791,limit,LC2B,120.0,6.255,-7.404546131069623,-0.7505999999999999,-6.255,6.255,49.19455109224686,-74.21455109224686,49.59061284323563,74.4776786616213,74.4776786616213
40.0,15.0,35.0,533.780356685791,limit,LC2B,150.0,6.255,-7.404546131069623,-0.7505999999999999,-5.004,5.004,36.85364087379749,-61.873640873797484,37.191811755477,62.07565908614795,62.07565908614795
40.0,15.0,35.0,533.780356685791,limit,LC2B,180.0,6.255,-7.404546131069623,-0.7505999999999999,-4.17,4.17,28.62636739483124,-53.64636739483124,28.9284947797817,53.80819300683876,53.80819300683876
40.0,15.0,35.0,533.780356685791,limit,LC3,120.0,0.0,-0.0,-0.0,-0.0,0.0,-12.51,-12.51,12.51,12.51,12.51
40.0,15.0,35.0,533.780356685791,limit,LC3,150.0,0.0,-0.0,-0.0,-0.0,0.0,-12.51,-12.51,12.51,12.51,12.51
40.0,15.0,35.0,533.780356685791,limit,LC3,180.0,0.0,-0.0,-0.0,-0.0,0.0,-12.51,-12.51,12.51,12.51,12.51
40.0,15.0,35.0,533.780356685791,limit,LC4+,120.0,0.0,-0.0,-0.0,-4.17,-4.17,-5.5461,-5.5461,6.938885012017421,6.938885012017421,6.938885012017421
40.0,15.0,35.0,533.780356685791,limit,LC4+,150.0,0.0,-0.0,-0.0,-4.17,-4.17,-5.5461,-5.5461,6.938885012017421,6.938885012017421,6.938885012017421
40.0,15.0,35.0,533.780356685791,limit,LC4+,180.0,0.0,-0.0,-0.0,-4.17,-4.17,-5.5461,-5.5461,6.938885012017421,6.938885012017421,6.938885012017421
40.0,15.0,35.0,533.780356685791,limit,LC4-,120.0,0.0,-0.0,-0.0,4.17,4.17,-5.5461,-5.5461,6.938885012017421,6.938885012017421,6.938885012017421
40.0,15.0,35.0,533.780356685791,limit,LC4-,150.0,0.0,-0.0,-0.0,4.17,4.17,-5.5461,-5.5461,6.938885012017421,6.938885012017421,6.938885012017421
40.0,15.0,35.0,533.780356685791,limit,LC4-,180.0,0.0,-0.0,-0.0,4.17,4.17,-5.5461,-5.5461,6.938885012017421,6.938885012017421,6.938885012017421
40.0,15.0,35.0,533.780356685791,limit,LC5,120.0,8.87376,10.504582777944105,1.0648512,8.87376,-8.87376,-93.08428981620087,81.99208981620087,93.50630260642369,82.47088218859764,93.50630260642369
40.0,15.0,35.0,533.780356685791,limit,LC5,150.0,8.87376,10.504582777944105,1.0648512,7.099008000000001,-7.099008000000001,-75.5766518529607,64.4844518529607,75.90932893846244,64.8740352171874,75.90932893846244
40.0,15.0,35.0,533.780356685791,limit,LC5,180.0,8.87376,10.504582777944105,1.0648512,5.915840000000001,-5.915840000000001,-63.90489321080059,52.81269321080058,64.17813131581059,53.142993207794966,64.17813131581059
40.0,15.0,35.0,533.780356685791,ultimate,LC0,120.0,0.0,-0.0,-0.0,-0.0,0.0,-5.589574468085106,-5.589574468085106,5.589574468085106,5.589574468085106,5.589574468085106
40.0,15.0,35.0,533.780356685791,ultimate,LC0,150.0,0.0,-0.0,-0.0,-0.0,0.0,-5.589574468085106,-5.589574468085106,5.589574468085106,5.589574468085106,5.589574468085106
40.0,15.0,35.0,533.780356685791,ultimate,LC0,180.0,0.0,-0.0,-0.0,-0.0,0.0,-5.589574468085106,-5.589574468085106,5.589574468085106,5.589574468085106,5.589574468085106
40.0,15.0,35.0,533.780356685791,ultimate,LC1,120.0,0.0,-0.0,-0.0,-0.0,0.0,-18.765,-18.765,18.765,18.765,18.765
40.0,15.0,35.0,533.780356685791,ultimate,LC1,150.0,0.0,-0.0,-0.0,-0.0,0.0,-18.765,-18.765,18.765,18.765,18.765
40.0,15.0,35.0,533.780356685791,ultimate,LC1,180.0,0.0,-0.0,-0.0,-0.0,0.0,-18.765,-18.765,18.765,18.765,18.765
40.0,15.0,35.0,533.780356685791,ultimate,LC2A,120.0,9.3825,11.106819196604434,1.1259,9.3825,-9.3825,-111.32182663837028,73.79182663837028,111.71651799243193,74.38591926485344,111.71651799243193
40.0,15.0,35.0,533.780356685791,ultimate,LC2A,150.0,9.3825,11.106819196604434,1.1259,7.505999999999999,-7.505999999999999,-92.81046131069623,55.280461310696225,93.11348862922193,55.787717633215486,93.11348862922193
40.0,15.0,35.0,533.780356685791,ultimate,LC2A,180.0,9.3825,11.106819196604434,1.1259,6.255,-6.255,-80.46955109224686,42.93955109224686,80.71228951025815,43.39274216967255,80.71228951025815
40.0,15.0,35.0,533.780356685791,ultimate,LC2B,120.0,9.3825,-11.106819196604434,-1.1259,-9.3825,9.3825,73.79182663837028,-111.32182663837028,74.38591926485344,111.71651799243193,111.71651799243193
40.0,15.0,35.0,533.780356685791,ultimate,LC2B,150.0,9.3825,-11.106819196604434,-1.1259,-7.505999999999999,7.505999999999999,55.280461310696225,-92.81046131069623,55.787717633215486,93.11348862922193,93.11348862922193
40.0,15.0,35.0,533.780356685791,ultimate,LC2B,180.0,9.3825,-11.106819196604434,-1.1259,-6.255,6.255,42.93955109224686,-80.46955109224686,43.39274216967255,80.71228951025815,80.71228951025815
40.0,15.0,35.0,533.780356685791,ultimate,LC3,120.0,0.0,-0.0,-0.0,-0.0,0.0,-18.765,-18.765,18.765,18.765,18.765
40.0,15.0,35.0,533.780356685791,ultimate,LC3,150.0,0.0,-0.0,-0.0,-0.0,0.0,-18.765,-18.765,18.765,18.765,18.765
40.0,15.0,35.0,533.780356685791,ultimate,LC3,180.0,0.0,-0.0,-0.0,-0.0,0.0,-18.765,-18.765,18.765,18.765,18.765
40.0,15.0,35.0,533.780356685791,ultimate,LC4+,120.0,0.0,-0.0,-0.0,-6.255,-6.255,-8.319150000000002,-8.319150000000002,10.408327518026132,10.408327518026132,10.408327518026132
40.0,15.0,35.0,533.780356685791,ultimate,LC4+,150.0,0.0,-0.0,-0.0,-6.255,-6.255,-8.319150000000002,-8.319150000000002,10.408327518026132,10.408327518026132,10.408327518026132
40.0,15.0,35.0,533.780356685791,ultimate,LC4+,180.0,0.0,-0.0,-0.0,-6.255,-6.255,-8.319150000000002,-8.319150000000002,10.408327518026132,10.408327518026132,10.408327518026132
40.0,15.0,35.0,533.780356685791,ultimate,LC4-,120.0,0.0,-0.0,-0.0,6.255,6.255,-8.319150000000002,-8.319150000000002,10.408327518026132,10.408327518026132,10.408327518026132
40.0,15.0,35.0,533.780356685791,ultimate,LC4-,150.0,0.0,-0.0,-0.0,6.255,6.255,-8.319150000000002,-8.319150000000002,10.408327518026132,10.408327518026132,10.408327518026132
40.0,15.0,35.0,533.780356685791,ultimate,LC4-,180.0,0.0,-0.0,-0.0,6.255,6.255,-8.319150000000002,-8.319150000000002,10.408327518026132,10.408327518026132,10.408327518026132
40.0,15.0,35.0,533.780356685791,ultimate,LC5,120.0,13.31064,15.756874166916155,1.5972768,13.31064,-13.31064,-139.6264347243013,122.98813472430129,140.25945390963554,123.70632328289643,140.25945390963554
40.0,15.0,35.0,533.780356685791,ultimate,LC5,150.0,13.31064,15.756874166916155,1.5972768,10.648512,-10.648512,-113.36497777944105,96.72667777944103,113.86399340769367,97.31105282578108,113.86399340769367
40.0,15.0,35.0,533.780356685791,ultimate,LC5,180.0,13.31064,15.756874166916155,1.5972768,8.87376,-8.87376,-95.85733981620088,79.21903981620086,96.26719697371587,79.71448981169245,96.26719697371587
40.0,20.0,40.0,538.780356685791,limit,LC0,120.0,0.0,-0.0,-0.0,-0.0,0.0,-3.726382978723404,-3.726382978723404,3.726382978723404,3.726382978723404,3.726382978723404
40.0,20.0,40.0,538.780356685791,limit,LC0,150.0,0.0,-0.0,-0.0,-0.0,0.0,-3.726382978723404,-3.726382978723404,3.726382978723404,3.726382978723404,3.726382978723404
40.0,20.0,40.0,538.780356685791,limit,LC0,180.0,0.0,-0.0,-0.0,-0.0,0.0,-3.726382978723404,-3.726382978723404,3.726382978723404,3.726382978723404,3.726382978723404
40.0,20.0,40.0,538.780356685791,limit,LC1,120.0,0.0,-0.0,-0.0,-0.0,0.0,-12.51,-12.51,12.51,12.51,12.51
40.0,20.0,40.0,538.780356685791,limit,LC1,150.0,0.0,-0.0,-0.0,-0.0,0.0,-12.51,-12.51,12.51,12.51,12.51
40.0,20.0,40.0,538.780356685791,limit,LC1,180.0,0.0,-0.0,-0.0,-0.0,0.0,-12.51,-12.51,12.51,12.51,12.51
40.0,20.0,40.0,538.780356685791,limit,LC2A,120.0,6.255,7.435821131069623,0.7505999999999999,6.255,-6.255,-74.47517609224687,49.455176092246866,74.73738608602244,49.84916716771852,74.73738608602244
40.0,20.0,40.0,538.780356685791,limit,LC2A,150.0,6.255,7.435821131069623,0.7505999999999999,5.004,-5.004,-62.08214087379749,37.062140873797496,62.28348281425853,37.398426466219284,62.28348281425853
40.0,20.0,40.0,538.780356685791,limit,LC2A,180.0,6.255,7.435821131069623,0.7505999999999999,4.17,-4.17,-53.82011739483124,28.800117394831247,53.981422141264645,29.10044092373965,53.981422141264645
40.0,20.0,40.0,538.780356685791,limit,LC2B,120.0,6.255,-7.435821131069623,-0.7505999999999999,-6.255,6.255,49.455176092246866,-74.47517609224687,49.84916716771852,74.73738608602244,74.73738608602244
40.0,20.0,40.0,538.780356685791,limit,LC2B,150.0,6.255,-7.435821131069623,-0.7505999999999999,-5.004,5.004,37.062140873797496,-62.08214087379749,37.398426466219284,62.28348281425853,62.28348281425853
40.0,20.0,40.0,538.780356685791,limit,LC2B,180.0,6.255,-7.435821131069623,-0.7505999999999999,-4.17,4.17,28.800117394831247,-53.82011739483124,29.10044092373965,53.981422141264645,53.981422141264645
40.0,20.0,40.0,538.780356685791,limit,LC3,120.0,0.0,-0.0,-0.0,-0.0,0.0,-12.51,-12.51,12.51,12.51,12.51
40.0,20.0,40.0,538.780356685791,limit,LC3,150.0,0.0,-0.0,-0.0,-0.0,0.0,-12.51,-12.51,12.51,12.51,12.51
40.0,20.0,40.0,538.780356685791,limit,LC3,180.0,0.0,-0.0,-0.0,-0.0,0.0,-12.51,-12.51,12.51,12.51,12.51
40.0,20.0,40.0,538.780356685791,limit,LC4+,120.0,0.0,-0.0,-0.0,-4.17,-4.17,-5.5461,-5.5461,6.938885012017421,6.938885012017421,6.938885012017421
40.0,20.0,40.0,538.780356685791,limit,LC4+,150.0,0.0,-0.0,-0.0,-4.17,-4.17,-5.5461,-5.5461,6.938885012017421,6.938885012017421,6.938885012017421
40.0,20.0,40.0,538.780356685791,limit,LC4+,180.0,0.0,-0.0,-0.0,-4.17,-4.17,-5.5461,-5.5461,6.938885012017421,6.938885012017421,6.938885012017421
40.0,20.0,40.0,538.780356685791,limit,LC4-,120.0,0.0,-0.0,-0.0,4.17,4.17,-5.5461,-5.5461,6.938885012017421,6.938885012017421,6.938885012017421
40.0,20.0,40.0,538.780356685791,limit,LC4-,150.0,0.0,-0.0,-0.0,4.17,4.17,-5.5461,-5.5461,6.938885012017421,6.938885012017421,6.938885012017421
40.0,20.0,40.0,538.780356685791,limit,LC4-,180.0,0.0,-0.0,-0.0,4.17,4.17,-5.5461,-5.5461,6.938885012017421,6.938885012017421,6.938885012017421
40.0,20.0,40.0,538.780356685791,limit,LC5,120.0,8.87376,10.548951577944106,1.0648512,8.87376,-8.87376,-93.45402981620087,82.36182981620088,93.87438045294873,82.83848518177065,93.87438045294873
40.0,20.0,40.0,538.780356685791,limit,LC5,150.0,8.87376,10.548951577944106,1.0648512,7.099008000000001,-7.099008000000001,-75.8724438529607,64.78024385296071,76.20382963345568,65.16805895707742,76.20382963345568
40.0,20.0,40.0,538.780356685791,limit,LC5,180.0,8.87376,10.548951577944106,1.0648512,5.915840000000001,-5.915840000000001,-64.15138654413393,53.05918654413392,64.42357921165579,53.38796156092497,64.42357921165579
40.0,20.0,40.0,538.780356685791,ultimate,LC0,120.0,0.0,-0.0,-0.0,-0.0,0.0,-5.589574468085106,-5.589574468085106,5.589574468085106,5.589574468085106,5.589574468085106
40.0,20.0,40.0,538.780356685791,ultimate,LC0,150.0,0.0,-0.0,-0.0,-0.0,0.0,-5.589574468085106,-5.589574468085106,5.589574468085106,5.589574468085106,5.589574468085106
40.0,20.0,40.0,538.780356685791,ultimate,LC0,180.0,0.0,-0.0,-0.0,-0.0,0.0,-5.589574468085106,-5.589574468085106,5.589574468085106,5.589574468085106,5.589574468085106
40.0,20.0,40.0,538.780356685791,ultimate,LC1,120.0,0.0,-0.0,-0.0,-0.0,0.0,-18.765,-18.765,18.765,18.765,18.765
40.0,20.0,40.0,538.780356685791,ultimate,LC1,150.0,0.0,-0.0,-0.0,-0.0,0.0,-18.765,-18.765,18.765,18.765,18.765
40.0,20.0,40.0,538.780356685791,ultimate,LC1,180.0,0.0,-0.0,-0.0,-0.0,0.0,-18.765,-18.765,18.765,18.765,18.765
40.0,20.0,40.0,538.780356685791,ultimate,LC2A,120.0,9.3825,11.153731696604435,1.1259,9.3825,-9.3825,-111.71276413837029,74.18276413837029,112.10607912903363,74.77375075157777,112.10607912903363
40.0,20.0,40.0,538.780356685791,ultimate,LC2A,150.0,9.3825,11.153731696604435,1.1259,7.505999999999999,-7.505999999999999,-93.12321131069623,55.59321131069623,93.42522422138778,56.097639699328916,93.42522422138778
40.0,20.0,40.0,538.780356685791,ultimate,LC2A,180.0,9.3825,11.153731696604435,1.1259,6.255,-6.255,-80.73017609224686,43.20017609224686,80.97213321189696,43.65066138560947,80.97213321189696
40.0,20.0,40.0,538.780356685791,ultimate,LC2B,120.0,9.3825,-11.153731696604435,-1.1259,-9.3825,9.3825,74.18276413837029,-111.71276413837029,74.77375075157777,112.10607912903363,112.10607912903363
40.0,20.0,40.0,538.780356685791,ultimate,LC2B,150.0,9.3825,-11.153731696604435,-1.1259,-7.505999999999999,7.505999999999999,55.59321131069623,-93.12321131069623,56.097639699328916,93.42522422138778,93.42522422138778
40.0,20.0,40.0,538.780356685791,ultimate,LC2B,180.0,9.3825,-11.153731696604435,-1.1259,-6.255,6.255,43.20017609224686,-80.73017609224686,43.65066138560947,80.97213321189696,80.97213321189696
40.0,20.0,40.0,538.780356685791,ultimate,LC3,120.0,0.0,-0.0,-0.0,-0.0,0.0,-18.765,-18.765,18.765,18.765,18.765
40.0,20.0,40.0,538.780356685791,ultimate,LC3,150.0,0.0,-0.0,-0.0,-0.0,0.0,-18.765,-18.765,18.765,18.765,18.765
40.0,20.0,40.0,538.780356685791,ultimate,LC3,180.0,0.0,-0.0,-0.0,-0.0,0.0,-18.765,-18.765,18.765,18.765,18.765
40.0,20.0,40.0,538.780356685791,ultimate,LC4+,120.0,0.0,-0.0,-0.0,-6.255,-6.255,-8.319150000000002,-8.319150000000002,10.408327518026132,10.408327518026132,10.408327518026132
40.0,20.0,40.0,538.780356685791,ultimate,LC4+,150.0,0.0,-0.0,-0.0,-6.255,-6.255,-8.319150000000002,-8.319150000000002,10.408327518026132,10.408327518026132,10.408327518026132
40.0,20.0,40.0,538.780356685791,ultimate,LC4+,180.0,0.0,-0.0,-0.0,-6.255,-6.255,-8.319150000000002,-8.319150000000002,10.408327518026132,10.408327518026132,10.408327518026132
40.0,20.0,40.0,538.780356685791,ultimate,LC4-,120.0,0.0,-0.0,-0.0,6.255,6.255,-8.319150000000002,-8.319150000000002,10.408327518026132,10.408327518026132,10.408327518026132
40.0,20.0,40.0,538.780356685791,ultimate,LC4-,150.0,0.0,-0.0,-0.0,6.255,6.255,-8.319150000000002,-8.319150000000002,10.408327518026132,10.408327518026132,10.408327518026132
40.0,20.0,40.0,538.780356685791,ultimate,LC4-,180.0,0.0,-0.0,-0.0,6.255,6.255,-8.319150000000002,-8.319150000000002,10.408327518026132,10.408327518026132,10.408327518026132
40.0,20.0,40.0,538.780356685791,ultimate,LC5,120.0,13.31064,15.823427366916157,1.5972768,13.31064,-13.31064,-140.18104472430133,123.54274472430131,140.8115706794231,124.25772777265598,140.8115706794231
40.0,20.0,40.0,538.780356685791,ultimate,LC5,150.0,13.31064,15.823427366916157,1.5972768,10.648512,-10.648512,-113.80866577944106,97.17036577944104,114.30574445018352,97.7520884356161,114.30574445018352
40.0,20.0,40.0,538.780356685791,ultimate,LC5,180.0,13.31064,15.823427366916157,1.5972768,8.87376,-8.87376,-96.22707981620088,79.58877981620087,96.63536881748367,80.08194234138745,96.63536881748367
