ISO-10303-21;
HEADER;
FILE_DESCRIPTION(('Open CASCADE Model'),'2;1');
FILE_NAME('Open CASCADE Shape Model','2026-09-28T21:39:27',('Author'),(
    'Open CASCADE'),'Open CASCADE STEP processor 7.9','Open CASCADE 7.9'
  ,'Unknown');
FILE_SCHEMA(('AUTOMOTIVE_DESIGN { 1 0 10303 214 1 1 1 1 }'));
ENDSEC;
DATA;
#1 = APPLICATION_PROTOCOL_DEFINITION('international standard',
  'automotive_design',2000,#2);
#2 = APPLICATION_CONTEXT(
  'core data for automotive mechanical design processes');
#3 = SHAPE_DEFINITION_REPRESENTATION(#4,#10);
#4 = PRODUCT_DEFINITION_SHAPE('','',#5);
#5 = PRODUCT_DEFINITION('design','',#6,#9);
#6 = PRODUCT_DEFINITION_FORMATION('','',#7);
#7 = PRODUCT('B14B9_HEAD_HORN_CLEVIS','B14B9_HEAD_HORN_CLEVIS','',(#8));
#8 = PRODUCT_CONTEXT('',#2,'mechanical');
#9 = PRODUCT_DEFINITION_CONTEXT('part definition',#2,'design');
#10 = SHAPE_REPRESENTATION('',(#11,#15,#19,#23,#27,#31,#35),#39);
#11 = AXIS2_PLACEMENT_3D('',#12,#13,#14);
#12 = CARTESIAN_POINT('',(0.,0.,0.));
#13 = DIRECTION('',(0.,0.,1.));
#14 = DIRECTION('',(1.,0.,-0.));
#15 = AXIS2_PLACEMENT_3D('',#16,#17,#18);
#16 = CARTESIAN_POINT('',(0.,0.,0.));
#17 = DIRECTION('',(0.,0.,1.));
#18 = DIRECTION('',(1.,0.,-0.));
#19 = AXIS2_PLACEMENT_3D('',#20,#21,#22);
#20 = CARTESIAN_POINT('',(0.,0.,0.));
#21 = DIRECTION('',(0.,0.,1.));
#22 = DIRECTION('',(1.,0.,-0.));
#23 = AXIS2_PLACEMENT_3D('',#24,#25,#26);
#24 = CARTESIAN_POINT('',(0.,0.,0.));
#25 = DIRECTION('',(0.,0.,1.));
#26 = DIRECTION('',(1.,0.,-0.));
#27 = AXIS2_PLACEMENT_3D('',#28,#29,#30);
#28 = CARTESIAN_POINT('',(0.,0.,0.));
#29 = DIRECTION('',(0.,0.,1.));
#30 = DIRECTION('',(1.,0.,-0.));
#31 = AXIS2_PLACEMENT_3D('',#32,#33,#34);
#32 = CARTESIAN_POINT('',(0.,0.,0.));
#33 = DIRECTION('',(0.,0.,1.));
#34 = DIRECTION('',(1.,0.,-0.));
#35 = AXIS2_PLACEMENT_3D('',#36,#37,#38);
#36 = CARTESIAN_POINT('',(0.,0.,0.));
#37 = DIRECTION('',(0.,0.,1.));
#38 = DIRECTION('',(1.,0.,-0.));
#39 = ( GEOMETRIC_REPRESENTATION_CONTEXT(3) 
GLOBAL_UNCERTAINTY_ASSIGNED_CONTEXT((#43)) GLOBAL_UNIT_ASSIGNED_CONTEXT(
(#40,#41,#42)) REPRESENTATION_CONTEXT('Context #1',
  '3D Context with UNIT and UNCERTAINTY') );
#40 = ( LENGTH_UNIT() NAMED_UNIT(*) SI_UNIT(.MILLI.,.METRE.) );
#41 = ( NAMED_UNIT(*) PLANE_ANGLE_UNIT() SI_UNIT($,.RADIAN.) );
#42 = ( NAMED_UNIT(*) SI_UNIT($,.STERADIAN.) SOLID_ANGLE_UNIT() );
#43 = UNCERTAINTY_MEASURE_WITH_UNIT(LENGTH_MEASURE(1.E-05),#40,
  'distance_accuracy_value','confusion accuracy');
#44 = PRODUCT_RELATED_PRODUCT_CATEGORY('part',$,(#7));
#45 = SHAPE_DEFINITION_REPRESENTATION(#46,#52);
#46 = PRODUCT_DEFINITION_SHAPE('','',#47);
#47 = PRODUCT_DEFINITION('design','',#48,#51);
#48 = PRODUCT_DEFINITION_FORMATION('','',#49);
#49 = PRODUCT('HEAD_BARREL_7075','HEAD_BARREL_7075','',(#50));
#50 = PRODUCT_CONTEXT('',#2,'mechanical');
#51 = PRODUCT_DEFINITION_CONTEXT('part definition',#2,'design');
#52 = ADVANCED_BREP_SHAPE_REPRESENTATION('',(#11,#53),#7817);
#53 = MANIFOLD_SOLID_BREP('',#54);
#54 = CLOSED_SHELL('',(#55,#123,#178,#353,#408,#432,#459,#464,#519,#574,
    #629,#684,#739,#794,#849,#904,#959,#1014,#1069,#1124,#1179,#1234,
    #1289,#1344,#1399,#1454,#1509,#1564,#1619,#1674,#1729,#1784,#1839,
    #1894,#1949,#2004,#2059,#2114,#2169,#2224,#2279,#2334,#2389,#2444,
    #2499,#2554,#2609,#2664,#2719,#2774,#2829,#2884,#2939,#2994,#3049,
    #3104,#3159,#3214,#3269,#3324,#3379,#3434,#3489,#3544,#3907,#3990,
    #4044,#4173,#4228,#4261,#4867,#4953,#5061,#5169,#5262,#6739,#6771,
    #6802,#6826,#6853,#6942,#6995,#7098,#7173,#7200,#7280,#7327,#7378,
    #7409,#7435,#7471,#7479,#7506,#7514,#7541,#7577,#7632,#7687,#7741,
    #7790));
#55 = ADVANCED_FACE('',(#56,#92),#69,.F.);
#56 = FACE_BOUND('',#57,.T.);
#57 = EDGE_LOOP('',(#58));
#58 = ORIENTED_EDGE('',*,*,#59,.F.);
#59 = EDGE_CURVE('',#60,#60,#62,.T.);
#60 = VERTEX_POINT('',#61);
#61 = CARTESIAN_POINT('',(47.5563304575,0.,700.));
#62 = SURFACE_CURVE('',#63,(#68,#80),.PCURVE_S1.);
#63 = CIRCLE('',#64,47.5563304575);
#64 = AXIS2_PLACEMENT_3D('',#65,#66,#67);
#65 = CARTESIAN_POINT('',(0.,0.,700.));
#66 = DIRECTION('',(0.,0.,1.));
#67 = DIRECTION('',(1.,0.,0.));
#68 = PCURVE('',#69,#74);
#69 = PLANE('',#70);
#70 = AXIS2_PLACEMENT_3D('',#71,#72,#73);
#71 = CARTESIAN_POINT('',(0.,0.,700.));
#72 = DIRECTION('',(0.,0.,1.));
#73 = DIRECTION('',(1.,0.,0.));
#74 = DEFINITIONAL_REPRESENTATION('',(#75),#79);
#75 = CIRCLE('',#76,47.5563304575);
#76 = AXIS2_PLACEMENT_2D('',#77,#78);
#77 = CARTESIAN_POINT('',(0.,0.));
#78 = DIRECTION('',(1.,0.));
#79 = ( GEOMETRIC_REPRESENTATION_CONTEXT(2) 
PARAMETRIC_REPRESENTATION_CONTEXT() REPRESENTATION_CONTEXT('2D SPACE',''
  ) );
#80 = PCURVE('',#81,#86);
#81 = CONICAL_SURFACE('',#82,47.5563304575,3.262651771423E-02);
#82 = AXIS2_PLACEMENT_3D('',#83,#84,#85);
#83 = CARTESIAN_POINT('',(0.,0.,700.));
#84 = DIRECTION('',(0.,0.,1.));
#85 = DIRECTION('',(1.,0.,0.));
#86 = DEFINITIONAL_REPRESENTATION('',(#87),#91);
#87 = LINE('',#88,#89);
#88 = CARTESIAN_POINT('',(0.,0.));
#89 = VECTOR('',#90,1.);
#90 = DIRECTION('',(1.,0.));
#91 = ( GEOMETRIC_REPRESENTATION_CONTEXT(2) 
PARAMETRIC_REPRESENTATION_CONTEXT() REPRESENTATION_CONTEXT('2D SPACE',''
  ) );
#92 = FACE_BOUND('',#93,.T.);
#93 = EDGE_LOOP('',(#94));
#94 = ORIENTED_EDGE('',*,*,#95,.T.);
#95 = EDGE_CURVE('',#96,#96,#98,.T.);
#96 = VERTEX_POINT('',#97);
#97 = CARTESIAN_POINT('',(32.,0.,700.));
#98 = SURFACE_CURVE('',#99,(#104,#111),.PCURVE_S1.);
#99 = CIRCLE('',#100,32.);
#100 = AXIS2_PLACEMENT_3D('',#101,#102,#103);
#101 = CARTESIAN_POINT('',(0.,0.,700.));
#102 = DIRECTION('',(0.,0.,1.));
#103 = DIRECTION('',(1.,0.,0.));
#104 = PCURVE('',#69,#105);
#105 = DEFINITIONAL_REPRESENTATION('',(#106),#110);
#106 = CIRCLE('',#107,32.);
#107 = AXIS2_PLACEMENT_2D('',#108,#109);
#108 = CARTESIAN_POINT('',(0.,0.));
#109 = DIRECTION('',(1.,0.));
#110 = ( GEOMETRIC_REPRESENTATION_CONTEXT(2) 
PARAMETRIC_REPRESENTATION_CONTEXT() REPRESENTATION_CONTEXT('2D SPACE',''
  ) );
#111 = PCURVE('',#112,#117);
#112 = CYLINDRICAL_SURFACE('',#113,32.);
#113 = AXIS2_PLACEMENT_3D('',#114,#115,#116);
#114 = CARTESIAN_POINT('',(0.,0.,700.));
#115 = DIRECTION('',(-0.,-0.,-1.));
#116 = DIRECTION('',(1.,0.,0.));
#117 = DEFINITIONAL_REPRESENTATION('',(#118),#122);
#118 = LINE('',#119,#120);
#119 = CARTESIAN_POINT('',(6.28318530718,0.));
#120 = VECTOR('',#121,1.);
#121 = DIRECTION('',(-1.,0.));
#122 = ( GEOMETRIC_REPRESENTATION_CONTEXT(2) 
PARAMETRIC_REPRESENTATION_CONTEXT() REPRESENTATION_CONTEXT('2D SPACE',''
  ) );
#123 = ADVANCED_FACE('',(#124),#81,.T.);
#124 = FACE_BOUND('',#125,.T.);
#125 = EDGE_LOOP('',(#126,#127,#150,#177));
#126 = ORIENTED_EDGE('',*,*,#59,.T.);
#127 = ORIENTED_EDGE('',*,*,#128,.T.);
#128 = EDGE_CURVE('',#60,#129,#131,.T.);
#129 = VERTEX_POINT('',#130);
#130 = CARTESIAN_POINT('',(47.705258105561,0.,704.563));
#131 = SEAM_CURVE('',#132,(#136,#143),.PCURVE_S1.);
#132 = LINE('',#133,#134);
#133 = CARTESIAN_POINT('',(47.5563304575,0.,700.));
#134 = VECTOR('',#135,1.);
#135 = DIRECTION('',(3.26207295906E-02,0.,0.999467802383));
#136 = PCURVE('',#81,#137);
#137 = DEFINITIONAL_REPRESENTATION('',(#138),#142);
#138 = LINE('',#139,#140);
#139 = CARTESIAN_POINT('',(6.28318530718,0.));
#140 = VECTOR('',#141,1.);
#141 = DIRECTION('',(0.,1.));
#142 = ( GEOMETRIC_REPRESENTATION_CONTEXT(2) 
PARAMETRIC_REPRESENTATION_CONTEXT() REPRESENTATION_CONTEXT('2D SPACE',''
  ) );
#143 = PCURVE('',#81,#144);
#144 = DEFINITIONAL_REPRESENTATION('',(#145),#149);
#145 = LINE('',#146,#147);
#146 = CARTESIAN_POINT('',(4.138911435803E-13,0.));
#147 = VECTOR('',#148,1.);
#148 = DIRECTION('',(0.,1.));
#149 = ( GEOMETRIC_REPRESENTATION_CONTEXT(2) 
PARAMETRIC_REPRESENTATION_CONTEXT() REPRESENTATION_CONTEXT('2D SPACE',''
  ) );
#150 = ORIENTED_EDGE('',*,*,#151,.F.);
#151 = EDGE_CURVE('',#129,#129,#152,.T.);
#152 = SURFACE_CURVE('',#153,(#158,#165),.PCURVE_S1.);
#153 = CIRCLE('',#154,47.705258105561);
#154 = AXIS2_PLACEMENT_3D('',#155,#156,#157);
#155 = CARTESIAN_POINT('',(0.,0.,704.563));
#156 = DIRECTION('',(0.,0.,1.));
#157 = DIRECTION('',(1.,0.,0.));
#158 = PCURVE('',#81,#159);
#159 = DEFINITIONAL_REPRESENTATION('',(#160),#164);
#160 = LINE('',#161,#162);
#161 = CARTESIAN_POINT('',(0.,4.563));
#162 = VECTOR('',#163,1.);
#163 = DIRECTION('',(1.,0.));
#164 = ( GEOMETRIC_REPRESENTATION_CONTEXT(2) 
PARAMETRIC_REPRESENTATION_CONTEXT() REPRESENTATION_CONTEXT('2D SPACE',''
  ) );
#165 = PCURVE('',#166,#171);
#166 = CONICAL_SURFACE('',#167,47.705258105561,3.242088180408E-02);
#167 = AXIS2_PLACEMENT_3D('',#168,#169,#170);
#168 = CARTESIAN_POINT('',(0.,0.,704.563));
#169 = DIRECTION('',(0.,0.,1.));
#170 = DIRECTION('',(1.,0.,0.));
#171 = DEFINITIONAL_REPRESENTATION('',(#172),#176);
#172 = LINE('',#173,#174);
#173 = CARTESIAN_POINT('',(0.,0.));
#174 = VECTOR('',#175,1.);
#175 = DIRECTION('',(1.,0.));
#176 = ( GEOMETRIC_REPRESENTATION_CONTEXT(2) 
PARAMETRIC_REPRESENTATION_CONTEXT() REPRESENTATION_CONTEXT('2D SPACE',''
  ) );
#177 = ORIENTED_EDGE('',*,*,#128,.F.);
#178 = ADVANCED_FACE('',(#179),#112,.F.);
#179 = FACE_BOUND('',#180,.F.);
#180 = EDGE_LOOP('',(#181,#204,#205,#206,#235,#261,#310,#331));
#181 = ORIENTED_EDGE('',*,*,#182,.F.);
#182 = EDGE_CURVE('',#96,#183,#185,.T.);
#183 = VERTEX_POINT('',#184);
#184 = CARTESIAN_POINT('',(32.,0.,973.78));
#185 = SEAM_CURVE('',#186,(#190,#197),.PCURVE_S1.);
#186 = LINE('',#187,#188);
#187 = CARTESIAN_POINT('',(32.,0.,700.));
#188 = VECTOR('',#189,1.);
#189 = DIRECTION('',(0.,0.,1.));
#190 = PCURVE('',#112,#191);
#191 = DEFINITIONAL_REPRESENTATION('',(#192),#196);
#192 = LINE('',#193,#194);
#193 = CARTESIAN_POINT('',(6.28318530718,0.));
#194 = VECTOR('',#195,1.);
#195 = DIRECTION('',(-0.,-1.));
#196 = ( GEOMETRIC_REPRESENTATION_CONTEXT(2) 
PARAMETRIC_REPRESENTATION_CONTEXT() REPRESENTATION_CONTEXT('2D SPACE',''
  ) );
#197 = PCURVE('',#112,#198);
#198 = DEFINITIONAL_REPRESENTATION('',(#199),#203);
#199 = LINE('',#200,#201);
#200 = CARTESIAN_POINT('',(-5.861977570021E-13,0.));
#201 = VECTOR('',#202,1.);
#202 = DIRECTION('',(-0.,-1.));
#203 = ( GEOMETRIC_REPRESENTATION_CONTEXT(2) 
PARAMETRIC_REPRESENTATION_CONTEXT() REPRESENTATION_CONTEXT('2D SPACE',''
  ) );
#204 = ORIENTED_EDGE('',*,*,#95,.T.);
#205 = ORIENTED_EDGE('',*,*,#182,.T.);
#206 = ORIENTED_EDGE('',*,*,#207,.F.);
#207 = EDGE_CURVE('',#208,#183,#210,.T.);
#208 = VERTEX_POINT('',#209);
#209 = CARTESIAN_POINT('',(-4.609772228646,31.666228067138,973.78));
#210 = SURFACE_CURVE('',#211,(#216,#223),.PCURVE_S1.);
#211 = CIRCLE('',#212,32.);
#212 = AXIS2_PLACEMENT_3D('',#213,#214,#215);
#213 = CARTESIAN_POINT('',(0.,0.,973.78));
#214 = DIRECTION('',(0.,0.,1.));
#215 = DIRECTION('',(1.,0.,0.));
#216 = PCURVE('',#112,#217);
#217 = DEFINITIONAL_REPRESENTATION('',(#218),#222);
#218 = LINE('',#219,#220);
#219 = CARTESIAN_POINT('',(6.28318530718,-273.78));
#220 = VECTOR('',#221,1.);
#221 = DIRECTION('',(-1.,0.));
#222 = ( GEOMETRIC_REPRESENTATION_CONTEXT(2) 
PARAMETRIC_REPRESENTATION_CONTEXT() REPRESENTATION_CONTEXT('2D SPACE',''
  ) );
#223 = PCURVE('',#224,#229);
#224 = PLANE('',#225);
#225 = AXIS2_PLACEMENT_3D('',#226,#227,#228);
#226 = CARTESIAN_POINT('',(-2.051160198809E-15,2.796030478528E-15,973.78
    ));
#227 = DIRECTION('',(0.,0.,1.));
#228 = DIRECTION('',(1.,0.,0.));
#229 = DEFINITIONAL_REPRESENTATION('',(#230),#234);
#230 = CIRCLE('',#231,32.);
#231 = AXIS2_PLACEMENT_2D('',#232,#233);
#232 = CARTESIAN_POINT('',(2.051160198809E-15,-2.796030478528E-15));
#233 = DIRECTION('',(1.,0.));
#234 = ( GEOMETRIC_REPRESENTATION_CONTEXT(2) 
PARAMETRIC_REPRESENTATION_CONTEXT() REPRESENTATION_CONTEXT('2D SPACE',''
  ) );
#235 = ORIENTED_EDGE('',*,*,#236,.T.);
#236 = EDGE_CURVE('',#208,#237,#239,.T.);
#237 = VERTEX_POINT('',#238);
#238 = CARTESIAN_POINT('',(-4.609772228646,31.666228067138,965.28));
#239 = SURFACE_CURVE('',#240,(#244,#250),.PCURVE_S1.);
#240 = LINE('',#241,#242);
#241 = CARTESIAN_POINT('',(-4.609772228646,31.666228067138,700.));
#242 = VECTOR('',#243,1.);
#243 = DIRECTION('',(-0.,-0.,-1.));
#244 = PCURVE('',#112,#245);
#245 = DEFINITIONAL_REPRESENTATION('',(#246),#249);
#246 = B_SPLINE_CURVE_WITH_KNOTS('',1,(#247,#248),.UNSPECIFIED.,.F.,.F.,
  (2,2),(-273.7800006,-206.0238880059),.PIECEWISE_BEZIER_KNOTS.);
#247 = CARTESIAN_POINT('',(4.567830648781,-273.7800006));
#248 = CARTESIAN_POINT('',(4.567830648781,-206.0238880059));
#249 = ( GEOMETRIC_REPRESENTATION_CONTEXT(2) 
PARAMETRIC_REPRESENTATION_CONTEXT() REPRESENTATION_CONTEXT('2D SPACE',''
  ) );
#250 = PCURVE('',#251,#256);
#251 = PLANE('',#252);
#252 = AXIS2_PLACEMENT_3D('',#253,#254,#255);
#253 = CARTESIAN_POINT('',(-42.5,31.666228067138,1.06028E+03));
#254 = DIRECTION('',(0.,-1.,0.));
#255 = DIRECTION('',(0.66679485947,0.,-0.745241313525));
#256 = DEFINITIONAL_REPRESENTATION('',(#257),#260);
#257 = B_SPLINE_CURVE_WITH_KNOTS('',1,(#258,#259),.UNSPECIFIED.,.F.,.F.,
  (2,2),(-273.7800006,-206.0238880059),.PIECEWISE_BEZIER_KNOTS.);
#258 = CARTESIAN_POINT('',(89.728382274856,-29.44039182997));
#259 = CARTESIAN_POINT('',(140.2230366238,-74.61981940534));
#260 = ( GEOMETRIC_REPRESENTATION_CONTEXT(2) 
PARAMETRIC_REPRESENTATION_CONTEXT() REPRESENTATION_CONTEXT('2D SPACE',''
  ) );
#261 = ORIENTED_EDGE('',*,*,#262,.F.);
#262 = EDGE_CURVE('',#263,#237,#265,.T.);
#263 = VERTEX_POINT('',#264);
#264 = CARTESIAN_POINT('',(4.609772228646,31.666228067138,965.28));
#265 = SURFACE_CURVE('',#266,(#277,#291),.PCURVE_S1.);
#266 = B_SPLINE_CURVE_WITH_KNOTS('',5,(#267,#268,#269,#270,#271,#272,
    #273,#274,#275,#276),.UNSPECIFIED.,.F.,.F.,(6,4,6),(0.,
    0.595217837724,1.),.UNSPECIFIED.);
#267 = CARTESIAN_POINT('',(4.609772228646,31.666228067138,965.28));
#268 = CARTESIAN_POINT('',(3.512026441273,31.826031060852,
    965.29416863496));
#269 = CARTESIAN_POINT('',(2.412528934173,31.937513394095,
    965.30434350247));
#270 = CARTESIAN_POINT('',(1.312409066343,32.001422138038,
    965.31041802828));
#271 = CARTESIAN_POINT('',(0.212732009735,32.018147715317,
    965.31225409846));
#272 = CARTESIAN_POINT('',(-1.632360722104,31.967070975,965.30793526054)
  );
#273 = CARTESIAN_POINT('',(-2.37854603332,31.924600603231,
    965.30414904922));
#274 = CARTESIAN_POINT('',(-3.12373511779,31.860351826801,
    965.29827185837));
#275 = CARTESIAN_POINT('',(-3.867593317471,31.774269849891,
    965.29024418903));
#276 = CARTESIAN_POINT('',(-4.609772228646,31.666228067138,965.28));
#277 = PCURVE('',#112,#278);
#278 = DEFINITIONAL_REPRESENTATION('',(#279),#290);
#279 = B_SPLINE_CURVE_WITH_KNOTS('',5,(#280,#281,#282,#283,#284,#285,
    #286,#287,#288,#289),.UNSPECIFIED.,.F.,.F.,(6,4,6),(0.,
    0.595217837724,1.),.UNSPECIFIED.);
#280 = CARTESIAN_POINT('',(4.856947311989,-265.28));
#281 = CARTESIAN_POINT('',(4.822281175401,-265.2941686349));
#282 = CARTESIAN_POINT('',(4.78777839293,-265.3043435024));
#283 = CARTESIAN_POINT('',(4.753383751735,-265.3104180282));
#284 = CARTESIAN_POINT('',(4.719046470359,-265.3122540984));
#285 = CARTESIAN_POINT('',(4.661365234052,-265.3079352605));
#286 = CARTESIAN_POINT('',(4.63801909966,-265.3041490492));
#287 = CARTESIAN_POINT('',(4.614658875805,-265.2982718583));
#288 = CARTESIAN_POINT('',(4.591268202177,-265.290244189));
#289 = CARTESIAN_POINT('',(4.567830648781,-265.28));
#290 = ( GEOMETRIC_REPRESENTATION_CONTEXT(2) 
PARAMETRIC_REPRESENTATION_CONTEXT() REPRESENTATION_CONTEXT('2D SPACE',''
  ) );
#291 = PCURVE('',#292,#297);
#292 = B_SPLINE_SURFACE_WITH_KNOTS('',1,1,(
    (#293,#294)
    ,(#295,#296
  )),.UNSPECIFIED.,.F.,.F.,.F.,(2,2),(2,2),(0.,85.),(0.,1.),
  .PIECEWISE_BEZIER_KNOTS.);
#293 = CARTESIAN_POINT('',(42.5,31.666228067138,965.28));
#294 = CARTESIAN_POINT('',(11.952197967066,235.,978.16576934617));
#295 = CARTESIAN_POINT('',(-42.5,31.666228067138,965.28));
#296 = CARTESIAN_POINT('',(-28.43241741754,235.,989.70192296151));
#297 = DEFINITIONAL_REPRESENTATION('',(#298),#309);
#298 = B_SPLINE_CURVE_WITH_KNOTS('',5,(#299,#300,#301,#302,#303,#304,
    #305,#306,#307,#308),.UNSPECIFIED.,.F.,.F.,(6,4,6),(0.,
    0.595217837724,1.),.UNSPECIFIED.);
#299 = CARTESIAN_POINT('',(37.890227771354,0.));
#300 = CARTESIAN_POINT('',(38.97959592947,7.859146672717E-04));
#301 = CARTESIAN_POINT('',(40.074372473058,1.334187254669E-03));
#302 = CARTESIAN_POINT('',(41.172720538292,1.64849187478E-03));
#303 = CARTESIAN_POINT('',(42.272886462444,1.730748634788E-03));
#304 = CARTESIAN_POINT('',(44.121468214291,1.479552093104E-03));
#305 = CARTESIAN_POINT('',(44.869800141916,1.270681862816E-03));
#306 = CARTESIAN_POINT('',(45.617658633179,9.547049553942E-04));
#307 = CARTESIAN_POINT('',(46.364500583421,5.3135188378E-04));
#308 = CARTESIAN_POINT('',(47.109772228646,0.));
#309 = ( GEOMETRIC_REPRESENTATION_CONTEXT(2) 
PARAMETRIC_REPRESENTATION_CONTEXT() REPRESENTATION_CONTEXT('2D SPACE',''
  ) );
#310 = ORIENTED_EDGE('',*,*,#311,.F.);
#311 = EDGE_CURVE('',#312,#263,#314,.T.);
#312 = VERTEX_POINT('',#313);
#313 = CARTESIAN_POINT('',(4.609772228646,31.666228067138,973.78));
#314 = SURFACE_CURVE('',#315,(#319,#325),.PCURVE_S1.);
#315 = LINE('',#316,#317);
#316 = CARTESIAN_POINT('',(4.609772228646,31.666228067138,700.));
#317 = VECTOR('',#318,1.);
#318 = DIRECTION('',(-0.,-0.,-1.));
#319 = PCURVE('',#112,#320);
#320 = DEFINITIONAL_REPRESENTATION('',(#321),#324);
#321 = B_SPLINE_CURVE_WITH_KNOTS('',1,(#322,#323),.UNSPECIFIED.,.F.,.F.,
  (2,2),(-273.7800006,-214.2729540993),.PIECEWISE_BEZIER_KNOTS.);
#322 = CARTESIAN_POINT('',(4.856947311989,-273.7800006));
#323 = CARTESIAN_POINT('',(4.856947311989,-214.2729540993));
#324 = ( GEOMETRIC_REPRESENTATION_CONTEXT(2) 
PARAMETRIC_REPRESENTATION_CONTEXT() REPRESENTATION_CONTEXT('2D SPACE',''
  ) );
#325 = PCURVE('',#251,#326);
#326 = DEFINITIONAL_REPRESENTATION('',(#327),#330);
#327 = B_SPLINE_CURVE_WITH_KNOTS('',1,(#328,#329),.UNSPECIFIED.,.F.,.F.,
  (2,2),(-273.7800006,-214.2729540993),.PIECEWISE_BEZIER_KNOTS.);
#328 = CARTESIAN_POINT('',(95.875927125632,-22.56960640851));
#329 = CARTESIAN_POINT('',(140.2230366238,-62.2485991174));
#330 = ( GEOMETRIC_REPRESENTATION_CONTEXT(2) 
PARAMETRIC_REPRESENTATION_CONTEXT() REPRESENTATION_CONTEXT('2D SPACE',''
  ) );
#331 = ORIENTED_EDGE('',*,*,#332,.F.);
#332 = EDGE_CURVE('',#183,#312,#333,.T.);
#333 = SURFACE_CURVE('',#334,(#339,#346),.PCURVE_S1.);
#334 = CIRCLE('',#335,32.);
#335 = AXIS2_PLACEMENT_3D('',#336,#337,#338);
#336 = CARTESIAN_POINT('',(0.,0.,973.78));
#337 = DIRECTION('',(0.,0.,1.));
#338 = DIRECTION('',(1.,0.,0.));
#339 = PCURVE('',#112,#340);
#340 = DEFINITIONAL_REPRESENTATION('',(#341),#345);
#341 = LINE('',#342,#343);
#342 = CARTESIAN_POINT('',(6.28318530718,-273.78));
#343 = VECTOR('',#344,1.);
#344 = DIRECTION('',(-1.,0.));
#345 = ( GEOMETRIC_REPRESENTATION_CONTEXT(2) 
PARAMETRIC_REPRESENTATION_CONTEXT() REPRESENTATION_CONTEXT('2D SPACE',''
  ) );
#346 = PCURVE('',#224,#347);
#347 = DEFINITIONAL_REPRESENTATION('',(#348),#352);
#348 = CIRCLE('',#349,32.);
#349 = AXIS2_PLACEMENT_2D('',#350,#351);
#350 = CARTESIAN_POINT('',(2.051160198809E-15,-2.796030478528E-15));
#351 = DIRECTION('',(1.,0.));
#352 = ( GEOMETRIC_REPRESENTATION_CONTEXT(2) 
PARAMETRIC_REPRESENTATION_CONTEXT() REPRESENTATION_CONTEXT('2D SPACE',''
  ) );
#353 = ADVANCED_FACE('',(#354),#166,.T.);
#354 = FACE_BOUND('',#355,.T.);
#355 = EDGE_LOOP('',(#356,#357,#380,#407));
#356 = ORIENTED_EDGE('',*,*,#151,.T.);
#357 = ORIENTED_EDGE('',*,*,#358,.T.);
#358 = EDGE_CURVE('',#129,#359,#361,.T.);
#359 = VERTEX_POINT('',#360);
#360 = CARTESIAN_POINT('',(47.853246443717,0.,709.126));
#361 = SEAM_CURVE('',#362,(#366,#373),.PCURVE_S1.);
#362 = LINE('',#363,#364);
#363 = CARTESIAN_POINT('',(47.705258105561,0.,704.563));
#364 = VECTOR('',#365,1.);
#365 = DIRECTION('',(3.241520243107E-02,0.,0.999474489245));
#366 = PCURVE('',#166,#367);
#367 = DEFINITIONAL_REPRESENTATION('',(#368),#372);
#368 = LINE('',#369,#370);
#369 = CARTESIAN_POINT('',(6.28318530718,0.));
#370 = VECTOR('',#371,1.);
#371 = DIRECTION('',(0.,1.));
#372 = ( GEOMETRIC_REPRESENTATION_CONTEXT(2) 
PARAMETRIC_REPRESENTATION_CONTEXT() REPRESENTATION_CONTEXT('2D SPACE',''
  ) );
#373 = PCURVE('',#166,#374);
#374 = DEFINITIONAL_REPRESENTATION('',(#375),#379);
#375 = LINE('',#376,#377);
#376 = CARTESIAN_POINT('',(4.138911435803E-13,0.));
#377 = VECTOR('',#378,1.);
#378 = DIRECTION('',(0.,1.));
#379 = ( GEOMETRIC_REPRESENTATION_CONTEXT(2) 
PARAMETRIC_REPRESENTATION_CONTEXT() REPRESENTATION_CONTEXT('2D SPACE',''
  ) );
#380 = ORIENTED_EDGE('',*,*,#381,.F.);
#381 = EDGE_CURVE('',#359,#359,#382,.T.);
#382 = SURFACE_CURVE('',#383,(#388,#395),.PCURVE_S1.);
#383 = CIRCLE('',#384,47.853246443717);
#384 = AXIS2_PLACEMENT_3D('',#385,#386,#387);
#385 = CARTESIAN_POINT('',(0.,0.,709.126));
#386 = DIRECTION('',(0.,0.,1.));
#387 = DIRECTION('',(1.,0.,0.));
#388 = PCURVE('',#166,#389);
#389 = DEFINITIONAL_REPRESENTATION('',(#390),#394);
#390 = LINE('',#391,#392);
#391 = CARTESIAN_POINT('',(0.,4.563));
#392 = VECTOR('',#393,1.);
#393 = DIRECTION('',(1.,0.));
#394 = ( GEOMETRIC_REPRESENTATION_CONTEXT(2) 
PARAMETRIC_REPRESENTATION_CONTEXT() REPRESENTATION_CONTEXT('2D SPACE',''
  ) );
#395 = PCURVE('',#396,#401);
#396 = CONICAL_SURFACE('',#397,47.853246443717,3.220353926369E-02);
#397 = AXIS2_PLACEMENT_3D('',#398,#399,#400);
#398 = CARTESIAN_POINT('',(0.,0.,709.126));
#399 = DIRECTION('',(0.,0.,1.));
#400 = DIRECTION('',(1.,0.,0.));
#401 = DEFINITIONAL_REPRESENTATION('',(#402),#406);
#402 = LINE('',#403,#404);
#403 = CARTESIAN_POINT('',(0.,0.));
#404 = VECTOR('',#405,1.);
#405 = DIRECTION('',(1.,0.));
#406 = ( GEOMETRIC_REPRESENTATION_CONTEXT(2) 
PARAMETRIC_REPRESENTATION_CONTEXT() REPRESENTATION_CONTEXT('2D SPACE',''
  ) );
#407 = ORIENTED_EDGE('',*,*,#358,.F.);
#408 = ADVANCED_FACE('',(#409),#224,.F.);
#409 = FACE_BOUND('',#410,.F.);
#410 = EDGE_LOOP('',(#411,#412,#413));
#411 = ORIENTED_EDGE('',*,*,#207,.T.);
#412 = ORIENTED_EDGE('',*,*,#332,.T.);
#413 = ORIENTED_EDGE('',*,*,#414,.F.);
#414 = EDGE_CURVE('',#208,#312,#415,.T.);
#415 = SURFACE_CURVE('',#416,(#420,#426),.PCURVE_S1.);
#416 = LINE('',#417,#418);
#417 = CARTESIAN_POINT('',(-21.25,31.666228067138,973.78));
#418 = VECTOR('',#419,1.);
#419 = DIRECTION('',(1.,0.,-0.));
#420 = PCURVE('',#224,#421);
#421 = DEFINITIONAL_REPRESENTATION('',(#422),#425);
#422 = B_SPLINE_CURVE_WITH_KNOTS('',1,(#423,#424),.UNSPECIFIED.,.F.,.F.,
  (2,2),(-10.75,53.25),.PIECEWISE_BEZIER_KNOTS.);
#423 = CARTESIAN_POINT('',(-32.,31.666228067138));
#424 = CARTESIAN_POINT('',(32.,31.666228067138));
#425 = ( GEOMETRIC_REPRESENTATION_CONTEXT(2) 
PARAMETRIC_REPRESENTATION_CONTEXT() REPRESENTATION_CONTEXT('2D SPACE',''
  ) );
#426 = PCURVE('',#251,#427);
#427 = DEFINITIONAL_REPRESENTATION('',(#428),#431);
#428 = B_SPLINE_CURVE_WITH_KNOTS('',1,(#429,#430),.UNSPECIFIED.,.F.,.F.,
  (2,2),(-10.75,53.25),.PIECEWISE_BEZIER_KNOTS.);
#429 = CARTESIAN_POINT('',(71.464719644354,-49.85272155212));
#430 = CARTESIAN_POINT('',(114.13959065042,-2.15727748652));
#431 = ( GEOMETRIC_REPRESENTATION_CONTEXT(2) 
PARAMETRIC_REPRESENTATION_CONTEXT() REPRESENTATION_CONTEXT('2D SPACE',''
  ) );
#432 = ADVANCED_FACE('',(#433),#251,.T.);
#433 = FACE_BOUND('',#434,.T.);
#434 = EDGE_LOOP('',(#435,#436,#457,#458));
#435 = ORIENTED_EDGE('',*,*,#236,.T.);
#436 = ORIENTED_EDGE('',*,*,#437,.F.);
#437 = EDGE_CURVE('',#263,#237,#438,.T.);
#438 = SURFACE_CURVE('',#439,(#443,#450),.PCURVE_S1.);
#439 = LINE('',#440,#441);
#440 = CARTESIAN_POINT('',(42.5,31.666228067138,965.28));
#441 = VECTOR('',#442,1.);
#442 = DIRECTION('',(-1.,0.,0.));
#443 = PCURVE('',#251,#444);
#444 = DEFINITIONAL_REPRESENTATION('',(#445),#449);
#445 = LINE('',#446,#447);
#446 = CARTESIAN_POINT('',(127.47548783982,0.));
#447 = VECTOR('',#448,1.);
#448 = DIRECTION('',(-0.66679485947,-0.745241313525));
#449 = ( GEOMETRIC_REPRESENTATION_CONTEXT(2) 
PARAMETRIC_REPRESENTATION_CONTEXT() REPRESENTATION_CONTEXT('2D SPACE',''
  ) );
#450 = PCURVE('',#292,#451);
#451 = DEFINITIONAL_REPRESENTATION('',(#452),#456);
#452 = LINE('',#453,#454);
#453 = CARTESIAN_POINT('',(0.,0.));
#454 = VECTOR('',#455,1.);
#455 = DIRECTION('',(1.,0.));
#456 = ( GEOMETRIC_REPRESENTATION_CONTEXT(2) 
PARAMETRIC_REPRESENTATION_CONTEXT() REPRESENTATION_CONTEXT('2D SPACE',''
  ) );
#457 = ORIENTED_EDGE('',*,*,#311,.F.);
#458 = ORIENTED_EDGE('',*,*,#414,.F.);
#459 = ADVANCED_FACE('',(#460),#292,.T.);
#460 = FACE_BOUND('',#461,.T.);
#461 = EDGE_LOOP('',(#462,#463));
#462 = ORIENTED_EDGE('',*,*,#262,.F.);
#463 = ORIENTED_EDGE('',*,*,#437,.T.);
#464 = ADVANCED_FACE('',(#465),#396,.T.);
#465 = FACE_BOUND('',#466,.T.);
#466 = EDGE_LOOP('',(#467,#468,#491,#518));
#467 = ORIENTED_EDGE('',*,*,#381,.T.);
#468 = ORIENTED_EDGE('',*,*,#469,.T.);
#469 = EDGE_CURVE('',#359,#470,#472,.T.);
#470 = VERTEX_POINT('',#471);
#471 = CARTESIAN_POINT('',(48.000242011688,0.,713.689));
#472 = SEAM_CURVE('',#473,(#477,#484),.PCURVE_S1.);
#473 = LINE('',#474,#475);
#474 = CARTESIAN_POINT('',(47.853246443717,0.,709.126));
#475 = VECTOR('',#476,1.);
#476 = DIRECTION('',(3.219797334255E-02,0.,0.999481510841));
#477 = PCURVE('',#396,#478);
#478 = DEFINITIONAL_REPRESENTATION('',(#479),#483);
#479 = LINE('',#480,#481);
#480 = CARTESIAN_POINT('',(6.28318530718,0.));
#481 = VECTOR('',#482,1.);
#482 = DIRECTION('',(0.,1.));
#483 = ( GEOMETRIC_REPRESENTATION_CONTEXT(2) 
PARAMETRIC_REPRESENTATION_CONTEXT() REPRESENTATION_CONTEXT('2D SPACE',''
  ) );
#484 = PCURVE('',#396,#485);
#485 = DEFINITIONAL_REPRESENTATION('',(#486),#490);
#486 = LINE('',#487,#488);
#487 = CARTESIAN_POINT('',(4.138911435803E-13,0.));
#488 = VECTOR('',#489,1.);
#489 = DIRECTION('',(0.,1.));
#490 = ( GEOMETRIC_REPRESENTATION_CONTEXT(2) 
PARAMETRIC_REPRESENTATION_CONTEXT() REPRESENTATION_CONTEXT('2D SPACE',''
  ) );
#491 = ORIENTED_EDGE('',*,*,#492,.F.);
#492 = EDGE_CURVE('',#470,#470,#493,.T.);
#493 = SURFACE_CURVE('',#494,(#499,#506),.PCURVE_S1.);
#494 = CIRCLE('',#495,48.000242011688);
#495 = AXIS2_PLACEMENT_3D('',#496,#497,#498);
#496 = CARTESIAN_POINT('',(0.,0.,713.689));
#497 = DIRECTION('',(0.,0.,1.));
#498 = DIRECTION('',(1.,0.,0.));
#499 = PCURVE('',#396,#500);
#500 = DEFINITIONAL_REPRESENTATION('',(#501),#505);
#501 = LINE('',#502,#503);
#502 = CARTESIAN_POINT('',(0.,4.563));
#503 = VECTOR('',#504,1.);
#504 = DIRECTION('',(1.,0.));
#505 = ( GEOMETRIC_REPRESENTATION_CONTEXT(2) 
PARAMETRIC_REPRESENTATION_CONTEXT() REPRESENTATION_CONTEXT('2D SPACE',''
  ) );
#506 = PCURVE('',#507,#512);
#507 = CONICAL_SURFACE('',#508,48.000242011688,3.197448962029E-02);
#508 = AXIS2_PLACEMENT_3D('',#509,#510,#511);
#509 = CARTESIAN_POINT('',(0.,0.,713.689));
#510 = DIRECTION('',(0.,0.,1.));
#511 = DIRECTION('',(1.,0.,0.));
#512 = DEFINITIONAL_REPRESENTATION('',(#513),#517);
#513 = LINE('',#514,#515);
#514 = CARTESIAN_POINT('',(0.,0.));
#515 = VECTOR('',#516,1.);
#516 = DIRECTION('',(1.,0.));
#517 = ( GEOMETRIC_REPRESENTATION_CONTEXT(2) 
PARAMETRIC_REPRESENTATION_CONTEXT() REPRESENTATION_CONTEXT('2D SPACE',''
  ) );
#518 = ORIENTED_EDGE('',*,*,#469,.F.);
#519 = ADVANCED_FACE('',(#520),#507,.T.);
#520 = FACE_BOUND('',#521,.T.);
#521 = EDGE_LOOP('',(#522,#523,#546,#573));
#522 = ORIENTED_EDGE('',*,*,#492,.T.);
#523 = ORIENTED_EDGE('',*,*,#524,.T.);
#524 = EDGE_CURVE('',#470,#525,#527,.T.);
#525 = VERTEX_POINT('',#526);
#526 = CARTESIAN_POINT('',(48.146191349192,0.,718.252));
#527 = SEAM_CURVE('',#528,(#532,#539),.PCURVE_S1.);
#528 = LINE('',#529,#530);
#529 = CARTESIAN_POINT('',(48.000242011688,0.,713.689));
#530 = VECTOR('',#531,1.);
#531 = DIRECTION('',(3.196904161629E-02,0.,0.999488859557));
#532 = PCURVE('',#507,#533);
#533 = DEFINITIONAL_REPRESENTATION('',(#534),#538);
#534 = LINE('',#535,#536);
#535 = CARTESIAN_POINT('',(6.28318530718,0.));
#536 = VECTOR('',#537,1.);
#537 = DIRECTION('',(0.,1.));
#538 = ( GEOMETRIC_REPRESENTATION_CONTEXT(2) 
PARAMETRIC_REPRESENTATION_CONTEXT() REPRESENTATION_CONTEXT('2D SPACE',''
  ) );
#539 = PCURVE('',#507,#540);
#540 = DEFINITIONAL_REPRESENTATION('',(#541),#545);
#541 = LINE('',#542,#543);
#542 = CARTESIAN_POINT('',(4.138911435803E-13,0.));
#543 = VECTOR('',#544,1.);
#544 = DIRECTION('',(0.,1.));
#545 = ( GEOMETRIC_REPRESENTATION_CONTEXT(2) 
PARAMETRIC_REPRESENTATION_CONTEXT() REPRESENTATION_CONTEXT('2D SPACE',''
  ) );
#546 = ORIENTED_EDGE('',*,*,#547,.F.);
#547 = EDGE_CURVE('',#525,#525,#548,.T.);
#548 = SURFACE_CURVE('',#549,(#554,#561),.PCURVE_S1.);
#549 = CIRCLE('',#550,48.146191349192);
#550 = AXIS2_PLACEMENT_3D('',#551,#552,#553);
#551 = CARTESIAN_POINT('',(0.,0.,718.252));
#552 = DIRECTION('',(0.,0.,1.));
#553 = DIRECTION('',(1.,0.,0.));
#554 = PCURVE('',#507,#555);
#555 = DEFINITIONAL_REPRESENTATION('',(#556),#560);
#556 = LINE('',#557,#558);
#557 = CARTESIAN_POINT('',(0.,4.563));
#558 = VECTOR('',#559,1.);
#559 = DIRECTION('',(1.,0.));
#560 = ( GEOMETRIC_REPRESENTATION_CONTEXT(2) 
PARAMETRIC_REPRESENTATION_CONTEXT() REPRESENTATION_CONTEXT('2D SPACE',''
  ) );
#561 = PCURVE('',#562,#567);
#562 = CONICAL_SURFACE('',#563,48.146191349192,3.173373238161E-02);
#563 = AXIS2_PLACEMENT_3D('',#564,#565,#566);
#564 = CARTESIAN_POINT('',(0.,0.,718.252));
#565 = DIRECTION('',(0.,0.,1.));
#566 = DIRECTION('',(1.,0.,0.));
#567 = DEFINITIONAL_REPRESENTATION('',(#568),#572);
#568 = LINE('',#569,#570);
#569 = CARTESIAN_POINT('',(0.,0.));
#570 = VECTOR('',#571,1.);
#571 = DIRECTION('',(1.,0.));
#572 = ( GEOMETRIC_REPRESENTATION_CONTEXT(2) 
PARAMETRIC_REPRESENTATION_CONTEXT() REPRESENTATION_CONTEXT('2D SPACE',''
  ) );
#573 = ORIENTED_EDGE('',*,*,#524,.F.);
#574 = ADVANCED_FACE('',(#575),#562,.T.);
#575 = FACE_BOUND('',#576,.T.);
#576 = EDGE_LOOP('',(#577,#578,#601,#628));
#577 = ORIENTED_EDGE('',*,*,#547,.T.);
#578 = ORIENTED_EDGE('',*,*,#579,.T.);
#579 = EDGE_CURVE('',#525,#580,#582,.T.);
#580 = VERTEX_POINT('',#581);
#581 = CARTESIAN_POINT('',(48.29104099595,0.,722.815));
#582 = SEAM_CURVE('',#583,(#587,#594),.PCURVE_S1.);
#583 = LINE('',#584,#585);
#584 = CARTESIAN_POINT('',(48.146191349192,0.,718.252));
#585 = VECTOR('',#586,1.);
#586 = DIRECTION('',(3.172840651417E-02,0.,0.999496527368));
#587 = PCURVE('',#562,#588);
#588 = DEFINITIONAL_REPRESENTATION('',(#589),#593);
#589 = LINE('',#590,#591);
#590 = CARTESIAN_POINT('',(6.28318530718,0.));
#591 = VECTOR('',#592,1.);
#592 = DIRECTION('',(0.,1.));
#593 = ( GEOMETRIC_REPRESENTATION_CONTEXT(2) 
PARAMETRIC_REPRESENTATION_CONTEXT() REPRESENTATION_CONTEXT('2D SPACE',''
  ) );
#594 = PCURVE('',#562,#595);
#595 = DEFINITIONAL_REPRESENTATION('',(#596),#600);
#596 = LINE('',#597,#598);
#597 = CARTESIAN_POINT('',(4.138911435803E-13,0.));
#598 = VECTOR('',#599,1.);
#599 = DIRECTION('',(0.,1.));
#600 = ( GEOMETRIC_REPRESENTATION_CONTEXT(2) 
PARAMETRIC_REPRESENTATION_CONTEXT() REPRESENTATION_CONTEXT('2D SPACE',''
  ) );
#601 = ORIENTED_EDGE('',*,*,#602,.F.);
#602 = EDGE_CURVE('',#580,#580,#603,.T.);
#603 = SURFACE_CURVE('',#604,(#609,#616),.PCURVE_S1.);
#604 = CIRCLE('',#605,48.29104099595);
#605 = AXIS2_PLACEMENT_3D('',#606,#607,#608);
#606 = CARTESIAN_POINT('',(0.,0.,722.815));
#607 = DIRECTION('',(0.,0.,1.));
#608 = DIRECTION('',(1.,0.,0.));
#609 = PCURVE('',#562,#610);
#610 = DEFINITIONAL_REPRESENTATION('',(#611),#615);
#611 = LINE('',#612,#613);
#612 = CARTESIAN_POINT('',(0.,4.563));
#613 = VECTOR('',#614,1.);
#614 = DIRECTION('',(1.,0.));
#615 = ( GEOMETRIC_REPRESENTATION_CONTEXT(2) 
PARAMETRIC_REPRESENTATION_CONTEXT() REPRESENTATION_CONTEXT('2D SPACE',''
  ) );
#616 = PCURVE('',#617,#622);
#617 = CONICAL_SURFACE('',#618,48.29104099595,3.148126703682E-02);
#618 = AXIS2_PLACEMENT_3D('',#619,#620,#621);
#619 = CARTESIAN_POINT('',(0.,0.,722.815));
#620 = DIRECTION('',(0.,0.,1.));
#621 = DIRECTION('',(1.,0.,0.));
#622 = DEFINITIONAL_REPRESENTATION('',(#623),#627);
#623 = LINE('',#624,#625);
#624 = CARTESIAN_POINT('',(0.,0.));
#625 = VECTOR('',#626,1.);
#626 = DIRECTION('',(1.,0.));
#627 = ( GEOMETRIC_REPRESENTATION_CONTEXT(2) 
PARAMETRIC_REPRESENTATION_CONTEXT() REPRESENTATION_CONTEXT('2D SPACE',''
  ) );
#628 = ORIENTED_EDGE('',*,*,#579,.F.);
#629 = ADVANCED_FACE('',(#630),#617,.T.);
#630 = FACE_BOUND('',#631,.T.);
#631 = EDGE_LOOP('',(#632,#633,#656,#683));
#632 = ORIENTED_EDGE('',*,*,#602,.T.);
#633 = ORIENTED_EDGE('',*,*,#634,.T.);
#634 = EDGE_CURVE('',#580,#635,#637,.T.);
#635 = VERTEX_POINT('',#636);
#636 = CARTESIAN_POINT('',(48.434737491679,0.,727.378));
#637 = SEAM_CURVE('',#638,(#642,#649),.PCURVE_S1.);
#638 = LINE('',#639,#640);
#639 = CARTESIAN_POINT('',(48.29104099595,0.,722.815));
#640 = VECTOR('',#641,1.);
#641 = DIRECTION('',(3.147606727042E-02,0.,0.999504505837));
#642 = PCURVE('',#617,#643);
#643 = DEFINITIONAL_REPRESENTATION('',(#644),#648);
#644 = LINE('',#645,#646);
#645 = CARTESIAN_POINT('',(6.28318530718,0.));
#646 = VECTOR('',#647,1.);
#647 = DIRECTION('',(0.,1.));
#648 = ( GEOMETRIC_REPRESENTATION_CONTEXT(2) 
PARAMETRIC_REPRESENTATION_CONTEXT() REPRESENTATION_CONTEXT('2D SPACE',''
  ) );
#649 = PCURVE('',#617,#650);
#650 = DEFINITIONAL_REPRESENTATION('',(#651),#655);
#651 = LINE('',#652,#653);
#652 = CARTESIAN_POINT('',(4.138911435803E-13,0.));
#653 = VECTOR('',#654,1.);
#654 = DIRECTION('',(0.,1.));
#655 = ( GEOMETRIC_REPRESENTATION_CONTEXT(2) 
PARAMETRIC_REPRESENTATION_CONTEXT() REPRESENTATION_CONTEXT('2D SPACE',''
  ) );
#656 = ORIENTED_EDGE('',*,*,#657,.F.);
#657 = EDGE_CURVE('',#635,#635,#658,.T.);
#658 = SURFACE_CURVE('',#659,(#664,#671),.PCURVE_S1.);
#659 = CIRCLE('',#660,48.434737491679);
#660 = AXIS2_PLACEMENT_3D('',#661,#662,#663);
#661 = CARTESIAN_POINT('',(0.,0.,727.378));
#662 = DIRECTION('',(0.,0.,1.));
#663 = DIRECTION('',(1.,0.,0.));
#664 = PCURVE('',#617,#665);
#665 = DEFINITIONAL_REPRESENTATION('',(#666),#670);
#666 = LINE('',#667,#668);
#667 = CARTESIAN_POINT('',(0.,4.563));
#668 = VECTOR('',#669,1.);
#669 = DIRECTION('',(1.,0.));
#670 = ( GEOMETRIC_REPRESENTATION_CONTEXT(2) 
PARAMETRIC_REPRESENTATION_CONTEXT() REPRESENTATION_CONTEXT('2D SPACE',''
  ) );
#671 = PCURVE('',#672,#677);
#672 = CONICAL_SURFACE('',#673,48.434737491679,3.121709305754E-02);
#673 = AXIS2_PLACEMENT_3D('',#674,#675,#676);
#674 = CARTESIAN_POINT('',(0.,0.,727.378));
#675 = DIRECTION('',(0.,0.,1.));
#676 = DIRECTION('',(1.,0.,0.));
#677 = DEFINITIONAL_REPRESENTATION('',(#678),#682);
#678 = LINE('',#679,#680);
#679 = CARTESIAN_POINT('',(0.,0.));
#680 = VECTOR('',#681,1.);
#681 = DIRECTION('',(1.,0.));
#682 = ( GEOMETRIC_REPRESENTATION_CONTEXT(2) 
PARAMETRIC_REPRESENTATION_CONTEXT() REPRESENTATION_CONTEXT('2D SPACE',''
  ) );
#683 = ORIENTED_EDGE('',*,*,#634,.F.);
#684 = ADVANCED_FACE('',(#685),#672,.T.);
#685 = FACE_BOUND('',#686,.T.);
#686 = EDGE_LOOP('',(#687,#688,#711,#738));
#687 = ORIENTED_EDGE('',*,*,#657,.T.);
#688 = ORIENTED_EDGE('',*,*,#689,.T.);
#689 = EDGE_CURVE('',#635,#690,#692,.T.);
#690 = VERTEX_POINT('',#691);
#691 = CARTESIAN_POINT('',(48.5772273761,0.,731.941));
#692 = SEAM_CURVE('',#693,(#697,#704),.PCURVE_S1.);
#693 = LINE('',#694,#695);
#694 = CARTESIAN_POINT('',(48.434737491679,0.,727.378));
#695 = VECTOR('',#696,1.);
#696 = DIRECTION('',(3.121202309242E-02,0.,0.999512786119));
#697 = PCURVE('',#672,#698);
#698 = DEFINITIONAL_REPRESENTATION('',(#699),#703);
#699 = LINE('',#700,#701);
#700 = CARTESIAN_POINT('',(6.28318530718,0.));
#701 = VECTOR('',#702,1.);
#702 = DIRECTION('',(0.,1.));
#703 = ( GEOMETRIC_REPRESENTATION_CONTEXT(2) 
PARAMETRIC_REPRESENTATION_CONTEXT() REPRESENTATION_CONTEXT('2D SPACE',''
  ) );
#704 = PCURVE('',#672,#705);
#705 = DEFINITIONAL_REPRESENTATION('',(#706),#710);
#706 = LINE('',#707,#708);
#707 = CARTESIAN_POINT('',(4.138911435803E-13,0.));
#708 = VECTOR('',#709,1.);
#709 = DIRECTION('',(0.,1.));
#710 = ( GEOMETRIC_REPRESENTATION_CONTEXT(2) 
PARAMETRIC_REPRESENTATION_CONTEXT() REPRESENTATION_CONTEXT('2D SPACE',''
  ) );
#711 = ORIENTED_EDGE('',*,*,#712,.F.);
#712 = EDGE_CURVE('',#690,#690,#713,.T.);
#713 = SURFACE_CURVE('',#714,(#719,#726),.PCURVE_S1.);
#714 = CIRCLE('',#715,48.5772273761);
#715 = AXIS2_PLACEMENT_3D('',#716,#717,#718);
#716 = CARTESIAN_POINT('',(0.,0.,731.941));
#717 = DIRECTION('',(0.,0.,1.));
#718 = DIRECTION('',(1.,0.,0.));
#719 = PCURVE('',#672,#720);
#720 = DEFINITIONAL_REPRESENTATION('',(#721),#725);
#721 = LINE('',#722,#723);
#722 = CARTESIAN_POINT('',(0.,4.563));
#723 = VECTOR('',#724,1.);
#724 = DIRECTION('',(1.,0.));
#725 = ( GEOMETRIC_REPRESENTATION_CONTEXT(2) 
PARAMETRIC_REPRESENTATION_CONTEXT() REPRESENTATION_CONTEXT('2D SPACE',''
  ) );
#726 = PCURVE('',#727,#732);
#727 = CONICAL_SURFACE('',#728,48.5772273761,3.094120989885E-02);
#728 = AXIS2_PLACEMENT_3D('',#729,#730,#731);
#729 = CARTESIAN_POINT('',(0.,0.,731.941));
#730 = DIRECTION('',(0.,0.,1.));
#731 = DIRECTION('',(1.,0.,0.));
#732 = DEFINITIONAL_REPRESENTATION('',(#733),#737);
#733 = LINE('',#734,#735);
#734 = CARTESIAN_POINT('',(0.,0.));
#735 = VECTOR('',#736,1.);
#736 = DIRECTION('',(1.,0.));
#737 = ( GEOMETRIC_REPRESENTATION_CONTEXT(2) 
PARAMETRIC_REPRESENTATION_CONTEXT() REPRESENTATION_CONTEXT('2D SPACE',''
  ) );
#738 = ORIENTED_EDGE('',*,*,#689,.F.);
#739 = ADVANCED_FACE('',(#740),#727,.T.);
#740 = FACE_BOUND('',#741,.T.);
#741 = EDGE_LOOP('',(#742,#743,#766,#793));
#742 = ORIENTED_EDGE('',*,*,#712,.T.);
#743 = ORIENTED_EDGE('',*,*,#744,.T.);
#744 = EDGE_CURVE('',#690,#745,#747,.T.);
#745 = VERTEX_POINT('',#746);
#746 = CARTESIAN_POINT('',(48.718457188931,0.,736.504));
#747 = SEAM_CURVE('',#748,(#752,#759),.PCURVE_S1.);
#748 = LINE('',#749,#750);
#749 = CARTESIAN_POINT('',(48.5772273761,0.,731.941));
#750 = VECTOR('',#751,1.);
#751 = DIRECTION('',(3.093627316354E-02,0.,0.999521358953));
#752 = PCURVE('',#727,#753);
#753 = DEFINITIONAL_REPRESENTATION('',(#754),#758);
#754 = LINE('',#755,#756);
#755 = CARTESIAN_POINT('',(6.28318530718,0.));
#756 = VECTOR('',#757,1.);
#757 = DIRECTION('',(0.,1.));
#758 = ( GEOMETRIC_REPRESENTATION_CONTEXT(2) 
PARAMETRIC_REPRESENTATION_CONTEXT() REPRESENTATION_CONTEXT('2D SPACE',''
  ) );
#759 = PCURVE('',#727,#760);
#760 = DEFINITIONAL_REPRESENTATION('',(#761),#765);
#761 = LINE('',#762,#763);
#762 = CARTESIAN_POINT('',(4.138911435803E-13,0.));
#763 = VECTOR('',#764,1.);
#764 = DIRECTION('',(0.,1.));
#765 = ( GEOMETRIC_REPRESENTATION_CONTEXT(2) 
PARAMETRIC_REPRESENTATION_CONTEXT() REPRESENTATION_CONTEXT('2D SPACE',''
  ) );
#766 = ORIENTED_EDGE('',*,*,#767,.F.);
#767 = EDGE_CURVE('',#745,#745,#768,.T.);
#768 = SURFACE_CURVE('',#769,(#774,#781),.PCURVE_S1.);
#769 = CIRCLE('',#770,48.718457188931);
#770 = AXIS2_PLACEMENT_3D('',#771,#772,#773);
#771 = CARTESIAN_POINT('',(0.,0.,736.504));
#772 = DIRECTION('',(0.,0.,1.));
#773 = DIRECTION('',(1.,0.,0.));
#774 = PCURVE('',#727,#775);
#775 = DEFINITIONAL_REPRESENTATION('',(#776),#780);
#776 = LINE('',#777,#778);
#777 = CARTESIAN_POINT('',(0.,4.563));
#778 = VECTOR('',#779,1.);
#779 = DIRECTION('',(1.,0.));
#780 = ( GEOMETRIC_REPRESENTATION_CONTEXT(2) 
PARAMETRIC_REPRESENTATION_CONTEXT() REPRESENTATION_CONTEXT('2D SPACE',''
  ) );
#781 = PCURVE('',#782,#787);
#782 = CONICAL_SURFACE('',#783,48.718457188931,3.065361700041E-02);
#783 = AXIS2_PLACEMENT_3D('',#784,#785,#786);
#784 = CARTESIAN_POINT('',(0.,0.,736.504));
#785 = DIRECTION('',(0.,0.,1.));
#786 = DIRECTION('',(1.,0.,0.));
#787 = DEFINITIONAL_REPRESENTATION('',(#788),#792);
#788 = LINE('',#789,#790);
#789 = CARTESIAN_POINT('',(0.,0.));
#790 = VECTOR('',#791,1.);
#791 = DIRECTION('',(1.,0.));
#792 = ( GEOMETRIC_REPRESENTATION_CONTEXT(2) 
PARAMETRIC_REPRESENTATION_CONTEXT() REPRESENTATION_CONTEXT('2D SPACE',''
  ) );
#793 = ORIENTED_EDGE('',*,*,#744,.F.);
#794 = ADVANCED_FACE('',(#795),#782,.T.);
#795 = FACE_BOUND('',#796,.T.);
#796 = EDGE_LOOP('',(#797,#798,#821,#848));
#797 = ORIENTED_EDGE('',*,*,#767,.T.);
#798 = ORIENTED_EDGE('',*,*,#799,.T.);
#799 = EDGE_CURVE('',#745,#800,#802,.T.);
#800 = VERTEX_POINT('',#801);
#801 = CARTESIAN_POINT('',(48.858373469892,0.,741.067));
#802 = SEAM_CURVE('',#803,(#807,#814),.PCURVE_S1.);
#803 = LINE('',#804,#805);
#804 = CARTESIAN_POINT('',(48.718457188931,0.,736.504));
#805 = VECTOR('',#806,1.);
#806 = DIRECTION('',(3.064881664353E-02,0.,0.99953021467));
#807 = PCURVE('',#782,#808);
#808 = DEFINITIONAL_REPRESENTATION('',(#809),#813);
#809 = LINE('',#810,#811);
#810 = CARTESIAN_POINT('',(6.28318530718,0.));
#811 = VECTOR('',#812,1.);
#812 = DIRECTION('',(0.,1.));
#813 = ( GEOMETRIC_REPRESENTATION_CONTEXT(2) 
PARAMETRIC_REPRESENTATION_CONTEXT() REPRESENTATION_CONTEXT('2D SPACE',''
  ) );
#814 = PCURVE('',#782,#815);
#815 = DEFINITIONAL_REPRESENTATION('',(#816),#820);
#816 = LINE('',#817,#818);
#817 = CARTESIAN_POINT('',(4.138911435803E-13,0.));
#818 = VECTOR('',#819,1.);
#819 = DIRECTION('',(0.,1.));
#820 = ( GEOMETRIC_REPRESENTATION_CONTEXT(2) 
PARAMETRIC_REPRESENTATION_CONTEXT() REPRESENTATION_CONTEXT('2D SPACE',''
  ) );
#821 = ORIENTED_EDGE('',*,*,#822,.F.);
#822 = EDGE_CURVE('',#800,#800,#823,.T.);
#823 = SURFACE_CURVE('',#824,(#829,#836),.PCURVE_S1.);
#824 = CIRCLE('',#825,48.858373469892);
#825 = AXIS2_PLACEMENT_3D('',#826,#827,#828);
#826 = CARTESIAN_POINT('',(0.,0.,741.067));
#827 = DIRECTION('',(0.,0.,1.));
#828 = DIRECTION('',(1.,0.,0.));
#829 = PCURVE('',#782,#830);
#830 = DEFINITIONAL_REPRESENTATION('',(#831),#835);
#831 = LINE('',#832,#833);
#832 = CARTESIAN_POINT('',(0.,4.563));
#833 = VECTOR('',#834,1.);
#834 = DIRECTION('',(1.,0.));
#835 = ( GEOMETRIC_REPRESENTATION_CONTEXT(2) 
PARAMETRIC_REPRESENTATION_CONTEXT() REPRESENTATION_CONTEXT('2D SPACE',''
  ) );
#836 = PCURVE('',#837,#842);
#837 = CONICAL_SURFACE('',#838,48.858373469892,3.035431378752E-02);
#838 = AXIS2_PLACEMENT_3D('',#839,#840,#841);
#839 = CARTESIAN_POINT('',(0.,0.,741.067));
#840 = DIRECTION('',(0.,0.,1.));
#841 = DIRECTION('',(1.,0.,0.));
#842 = DEFINITIONAL_REPRESENTATION('',(#843),#847);
#843 = LINE('',#844,#845);
#844 = CARTESIAN_POINT('',(0.,0.));
#845 = VECTOR('',#846,1.);
#846 = DIRECTION('',(1.,0.));
#847 = ( GEOMETRIC_REPRESENTATION_CONTEXT(2) 
PARAMETRIC_REPRESENTATION_CONTEXT() REPRESENTATION_CONTEXT('2D SPACE',''
  ) );
#848 = ORIENTED_EDGE('',*,*,#799,.F.);
#849 = ADVANCED_FACE('',(#850),#837,.T.);
#850 = FACE_BOUND('',#851,.T.);
#851 = EDGE_LOOP('',(#852,#853,#876,#903));
#852 = ORIENTED_EDGE('',*,*,#822,.T.);
#853 = ORIENTED_EDGE('',*,*,#854,.T.);
#854 = EDGE_CURVE('',#800,#855,#857,.T.);
#855 = VERTEX_POINT('',#856);
#856 = CARTESIAN_POINT('',(48.996922758701,0.,745.63));
#857 = SEAM_CURVE('',#858,(#862,#869),.PCURVE_S1.);
#858 = LINE('',#859,#860);
#859 = CARTESIAN_POINT('',(48.858373469892,0.,741.067));
#860 = VECTOR('',#861,1.);
#861 = DIRECTION('',(3.034965267057E-02,0.,0.999539343189));
#862 = PCURVE('',#837,#863);
#863 = DEFINITIONAL_REPRESENTATION('',(#864),#868);
#864 = LINE('',#865,#866);
#865 = CARTESIAN_POINT('',(6.28318530718,0.));
#866 = VECTOR('',#867,1.);
#867 = DIRECTION('',(0.,1.));
#868 = ( GEOMETRIC_REPRESENTATION_CONTEXT(2) 
PARAMETRIC_REPRESENTATION_CONTEXT() REPRESENTATION_CONTEXT('2D SPACE',''
  ) );
#869 = PCURVE('',#837,#870);
#870 = DEFINITIONAL_REPRESENTATION('',(#871),#875);
#871 = LINE('',#872,#873);
#872 = CARTESIAN_POINT('',(4.138911435803E-13,0.));
#873 = VECTOR('',#874,1.);
#874 = DIRECTION('',(0.,1.));
#875 = ( GEOMETRIC_REPRESENTATION_CONTEXT(2) 
PARAMETRIC_REPRESENTATION_CONTEXT() REPRESENTATION_CONTEXT('2D SPACE',''
  ) );
#876 = ORIENTED_EDGE('',*,*,#877,.F.);
#877 = EDGE_CURVE('',#855,#855,#878,.T.);
#878 = SURFACE_CURVE('',#879,(#884,#891),.PCURVE_S1.);
#879 = CIRCLE('',#880,48.996922758701);
#880 = AXIS2_PLACEMENT_3D('',#881,#882,#883);
#881 = CARTESIAN_POINT('',(0.,0.,745.63));
#882 = DIRECTION('',(0.,0.,1.));
#883 = DIRECTION('',(1.,0.,0.));
#884 = PCURVE('',#837,#885);
#885 = DEFINITIONAL_REPRESENTATION('',(#886),#890);
#886 = LINE('',#887,#888);
#887 = CARTESIAN_POINT('',(0.,4.563));
#888 = VECTOR('',#889,1.);
#889 = DIRECTION('',(1.,0.));
#890 = ( GEOMETRIC_REPRESENTATION_CONTEXT(2) 
PARAMETRIC_REPRESENTATION_CONTEXT() REPRESENTATION_CONTEXT('2D SPACE',''
  ) );
#891 = PCURVE('',#892,#897);
#892 = CONICAL_SURFACE('',#893,48.996922758701,3.00432996724E-02);
#893 = AXIS2_PLACEMENT_3D('',#894,#895,#896);
#894 = CARTESIAN_POINT('',(0.,0.,745.63));
#895 = DIRECTION('',(0.,0.,1.));
#896 = DIRECTION('',(1.,0.,0.));
#897 = DEFINITIONAL_REPRESENTATION('',(#898),#902);
#898 = LINE('',#899,#900);
#899 = CARTESIAN_POINT('',(0.,0.));
#900 = VECTOR('',#901,1.);
#901 = DIRECTION('',(1.,0.));
#902 = ( GEOMETRIC_REPRESENTATION_CONTEXT(2) 
PARAMETRIC_REPRESENTATION_CONTEXT() REPRESENTATION_CONTEXT('2D SPACE',''
  ) );
#903 = ORIENTED_EDGE('',*,*,#854,.F.);
#904 = ADVANCED_FACE('',(#905),#892,.T.);
#905 = FACE_BOUND('',#906,.T.);
#906 = EDGE_LOOP('',(#907,#908,#931,#958));
#907 = ORIENTED_EDGE('',*,*,#877,.T.);
#908 = ORIENTED_EDGE('',*,*,#909,.T.);
#909 = EDGE_CURVE('',#855,#910,#912,.T.);
#910 = VERTEX_POINT('',#911);
#911 = CARTESIAN_POINT('',(49.134051595078,0.,750.193));
#912 = SEAM_CURVE('',#913,(#917,#924),.PCURVE_S1.);
#913 = LINE('',#914,#915);
#914 = CARTESIAN_POINT('',(48.996922758701,0.,745.63));
#915 = VECTOR('',#916,1.);
#916 = DIRECTION('',(3.003878036331E-02,0.,0.999548734017));
#917 = PCURVE('',#892,#918);
#918 = DEFINITIONAL_REPRESENTATION('',(#919),#923);
#919 = LINE('',#920,#921);
#920 = CARTESIAN_POINT('',(6.28318530718,0.));
#921 = VECTOR('',#922,1.);
#922 = DIRECTION('',(0.,1.));
#923 = ( GEOMETRIC_REPRESENTATION_CONTEXT(2) 
PARAMETRIC_REPRESENTATION_CONTEXT() REPRESENTATION_CONTEXT('2D SPACE',''
  ) );
#924 = PCURVE('',#892,#925);
#925 = DEFINITIONAL_REPRESENTATION('',(#926),#930);
#926 = LINE('',#927,#928);
#927 = CARTESIAN_POINT('',(4.138911435803E-13,0.));
#928 = VECTOR('',#929,1.);
#929 = DIRECTION('',(0.,1.));
#930 = ( GEOMETRIC_REPRESENTATION_CONTEXT(2) 
PARAMETRIC_REPRESENTATION_CONTEXT() REPRESENTATION_CONTEXT('2D SPACE',''
  ) );
#931 = ORIENTED_EDGE('',*,*,#932,.F.);
#932 = EDGE_CURVE('',#910,#910,#933,.T.);
#933 = SURFACE_CURVE('',#934,(#939,#946),.PCURVE_S1.);
#934 = CIRCLE('',#935,49.134051595078);
#935 = AXIS2_PLACEMENT_3D('',#936,#937,#938);
#936 = CARTESIAN_POINT('',(0.,0.,750.193));
#937 = DIRECTION('',(0.,0.,1.));
#938 = DIRECTION('',(1.,0.,0.));
#939 = PCURVE('',#892,#940);
#940 = DEFINITIONAL_REPRESENTATION('',(#941),#945);
#941 = LINE('',#942,#943);
#942 = CARTESIAN_POINT('',(0.,4.563));
#943 = VECTOR('',#944,1.);
#944 = DIRECTION('',(1.,0.));
#945 = ( GEOMETRIC_REPRESENTATION_CONTEXT(2) 
PARAMETRIC_REPRESENTATION_CONTEXT() REPRESENTATION_CONTEXT('2D SPACE',''
  ) );
#946 = PCURVE('',#947,#952);
#947 = CONICAL_SURFACE('',#948,49.134051595078,2.972057405533E-02);
#948 = AXIS2_PLACEMENT_3D('',#949,#950,#951);
#949 = CARTESIAN_POINT('',(0.,0.,750.193));
#950 = DIRECTION('',(0.,0.,1.));
#951 = DIRECTION('',(1.,0.,0.));
#952 = DEFINITIONAL_REPRESENTATION('',(#953),#957);
#953 = LINE('',#954,#955);
#954 = CARTESIAN_POINT('',(0.,0.));
#955 = VECTOR('',#956,1.);
#956 = DIRECTION('',(1.,0.));
#957 = ( GEOMETRIC_REPRESENTATION_CONTEXT(2) 
PARAMETRIC_REPRESENTATION_CONTEXT() REPRESENTATION_CONTEXT('2D SPACE',''
  ) );
#958 = ORIENTED_EDGE('',*,*,#909,.F.);
#959 = ADVANCED_FACE('',(#960),#947,.T.);
#960 = FACE_BOUND('',#961,.T.);
#961 = EDGE_LOOP('',(#962,#963,#986,#1013));
#962 = ORIENTED_EDGE('',*,*,#932,.T.);
#963 = ORIENTED_EDGE('',*,*,#964,.T.);
#964 = EDGE_CURVE('',#910,#965,#967,.T.);
#965 = VERTEX_POINT('',#966);
#966 = CARTESIAN_POINT('',(49.269706518743,0.,754.756));
#967 = SEAM_CURVE('',#968,(#972,#979),.PCURVE_S1.);
#968 = LINE('',#969,#970);
#969 = CARTESIAN_POINT('',(49.134051595078,0.,750.193));
#970 = VECTOR('',#971,1.);
#971 = DIRECTION('',(2.97161988227E-02,0.,0.999558376248));
#972 = PCURVE('',#947,#973);
#973 = DEFINITIONAL_REPRESENTATION('',(#974),#978);
#974 = LINE('',#975,#976);
#975 = CARTESIAN_POINT('',(6.28318530718,0.));
#976 = VECTOR('',#977,1.);
#977 = DIRECTION('',(0.,1.));
#978 = ( GEOMETRIC_REPRESENTATION_CONTEXT(2) 
PARAMETRIC_REPRESENTATION_CONTEXT() REPRESENTATION_CONTEXT('2D SPACE',''
  ) );
#979 = PCURVE('',#947,#980);
#980 = DEFINITIONAL_REPRESENTATION('',(#981),#985);
#981 = LINE('',#982,#983);
#982 = CARTESIAN_POINT('',(4.138911435803E-13,0.));
#983 = VECTOR('',#984,1.);
#984 = DIRECTION('',(0.,1.));
#985 = ( GEOMETRIC_REPRESENTATION_CONTEXT(2) 
PARAMETRIC_REPRESENTATION_CONTEXT() REPRESENTATION_CONTEXT('2D SPACE',''
  ) );
#986 = ORIENTED_EDGE('',*,*,#987,.F.);
#987 = EDGE_CURVE('',#965,#965,#988,.T.);
#988 = SURFACE_CURVE('',#989,(#994,#1001),.PCURVE_S1.);
#989 = CIRCLE('',#990,49.269706518743);
#990 = AXIS2_PLACEMENT_3D('',#991,#992,#993);
#991 = CARTESIAN_POINT('',(0.,0.,754.756));
#992 = DIRECTION('',(0.,0.,1.));
#993 = DIRECTION('',(1.,0.,0.));
#994 = PCURVE('',#947,#995);
#995 = DEFINITIONAL_REPRESENTATION('',(#996),#1000);
#996 = LINE('',#997,#998);
#997 = CARTESIAN_POINT('',(0.,4.563));
#998 = VECTOR('',#999,1.);
#999 = DIRECTION('',(1.,0.));
#1000 = ( GEOMETRIC_REPRESENTATION_CONTEXT(2) 
PARAMETRIC_REPRESENTATION_CONTEXT() REPRESENTATION_CONTEXT('2D SPACE',''
  ) );
#1001 = PCURVE('',#1002,#1007);
#1002 = CONICAL_SURFACE('',#1003,49.269706518743,2.938613632599E-02);
#1003 = AXIS2_PLACEMENT_3D('',#1004,#1005,#1006);
#1004 = CARTESIAN_POINT('',(0.,0.,754.756));
#1005 = DIRECTION('',(0.,0.,1.));
#1006 = DIRECTION('',(1.,0.,0.));
#1007 = DEFINITIONAL_REPRESENTATION('',(#1008),#1012);
#1008 = LINE('',#1009,#1010);
#1009 = CARTESIAN_POINT('',(0.,0.));
#1010 = VECTOR('',#1011,1.);
#1011 = DIRECTION('',(1.,0.));
#1012 = ( GEOMETRIC_REPRESENTATION_CONTEXT(2) 
PARAMETRIC_REPRESENTATION_CONTEXT() REPRESENTATION_CONTEXT('2D SPACE',''
  ) );
#1013 = ORIENTED_EDGE('',*,*,#964,.F.);
#1014 = ADVANCED_FACE('',(#1015),#1002,.T.);
#1015 = FACE_BOUND('',#1016,.T.);
#1016 = EDGE_LOOP('',(#1017,#1018,#1041,#1068));
#1017 = ORIENTED_EDGE('',*,*,#987,.T.);
#1018 = ORIENTED_EDGE('',*,*,#1019,.T.);
#1019 = EDGE_CURVE('',#965,#1020,#1022,.T.);
#1020 = VERTEX_POINT('',#1021);
#1021 = CARTESIAN_POINT('',(49.403834069413,0.,759.319));
#1022 = SEAM_CURVE('',#1023,(#1027,#1034),.PCURVE_S1.);
#1023 = LINE('',#1024,#1025);
#1024 = CARTESIAN_POINT('',(49.269706518743,0.,754.756));
#1025 = VECTOR('',#1026,1.);
#1026 = DIRECTION('',(2.938190713344E-02,0.,0.999568258566));
#1027 = PCURVE('',#1002,#1028);
#1028 = DEFINITIONAL_REPRESENTATION('',(#1029),#1033);
#1029 = LINE('',#1030,#1031);
#1030 = CARTESIAN_POINT('',(6.28318530718,0.));
#1031 = VECTOR('',#1032,1.);
#1032 = DIRECTION('',(0.,1.));
#1033 = ( GEOMETRIC_REPRESENTATION_CONTEXT(2) 
PARAMETRIC_REPRESENTATION_CONTEXT() REPRESENTATION_CONTEXT('2D SPACE',''
  ) );
#1034 = PCURVE('',#1002,#1035);
#1035 = DEFINITIONAL_REPRESENTATION('',(#1036),#1040);
#1036 = LINE('',#1037,#1038);
#1037 = CARTESIAN_POINT('',(4.138911435803E-13,0.));
#1038 = VECTOR('',#1039,1.);
#1039 = DIRECTION('',(0.,1.));
#1040 = ( GEOMETRIC_REPRESENTATION_CONTEXT(2) 
PARAMETRIC_REPRESENTATION_CONTEXT() REPRESENTATION_CONTEXT('2D SPACE',''
  ) );
#1041 = ORIENTED_EDGE('',*,*,#1042,.F.);
#1042 = EDGE_CURVE('',#1020,#1020,#1043,.T.);
#1043 = SURFACE_CURVE('',#1044,(#1049,#1056),.PCURVE_S1.);
#1044 = CIRCLE('',#1045,49.403834069413);
#1045 = AXIS2_PLACEMENT_3D('',#1046,#1047,#1048);
#1046 = CARTESIAN_POINT('',(0.,0.,759.319));
#1047 = DIRECTION('',(0.,0.,1.));
#1048 = DIRECTION('',(1.,0.,0.));
#1049 = PCURVE('',#1002,#1050);
#1050 = DEFINITIONAL_REPRESENTATION('',(#1051),#1055);
#1051 = LINE('',#1052,#1053);
#1052 = CARTESIAN_POINT('',(0.,4.563));
#1053 = VECTOR('',#1054,1.);
#1054 = DIRECTION('',(1.,0.));
#1055 = ( GEOMETRIC_REPRESENTATION_CONTEXT(2) 
PARAMETRIC_REPRESENTATION_CONTEXT() REPRESENTATION_CONTEXT('2D SPACE',''
  ) );
#1056 = PCURVE('',#1057,#1062);
#1057 = CONICAL_SURFACE('',#1058,49.403834069413,2.903998586472E-02);
#1058 = AXIS2_PLACEMENT_3D('',#1059,#1060,#1061);
#1059 = CARTESIAN_POINT('',(0.,0.,759.319));
#1060 = DIRECTION('',(0.,0.,1.));
#1061 = DIRECTION('',(1.,0.,0.));
#1062 = DEFINITIONAL_REPRESENTATION('',(#1063),#1067);
#1063 = LINE('',#1064,#1065);
#1064 = CARTESIAN_POINT('',(0.,0.));
#1065 = VECTOR('',#1066,1.);
#1066 = DIRECTION('',(1.,0.));
#1067 = ( GEOMETRIC_REPRESENTATION_CONTEXT(2) 
PARAMETRIC_REPRESENTATION_CONTEXT() REPRESENTATION_CONTEXT('2D SPACE',''
  ) );
#1068 = ORIENTED_EDGE('',*,*,#1019,.F.);
#1069 = ADVANCED_FACE('',(#1070),#1057,.T.);
#1070 = FACE_BOUND('',#1071,.T.);
#1071 = EDGE_LOOP('',(#1072,#1073,#1096,#1123));
#1072 = ORIENTED_EDGE('',*,*,#1042,.T.);
#1073 = ORIENTED_EDGE('',*,*,#1074,.T.);
#1074 = EDGE_CURVE('',#1020,#1075,#1077,.T.);
#1075 = VERTEX_POINT('',#1076);
#1076 = CARTESIAN_POINT('',(49.536380786809,0.,763.882));
#1077 = SEAM_CURVE('',#1078,(#1082,#1089),.PCURVE_S1.);
#1078 = LINE('',#1079,#1080);
#1079 = CARTESIAN_POINT('',(49.403834069413,0.,759.319));
#1080 = VECTOR('',#1081,1.);
#1081 = DIRECTION('',(2.903590436617E-02,0.,0.999578369243));
#1082 = PCURVE('',#1057,#1083);
#1083 = DEFINITIONAL_REPRESENTATION('',(#1084),#1088);
#1084 = LINE('',#1085,#1086);
#1085 = CARTESIAN_POINT('',(6.28318530718,0.));
#1086 = VECTOR('',#1087,1.);
#1087 = DIRECTION('',(0.,1.));
#1088 = ( GEOMETRIC_REPRESENTATION_CONTEXT(2) 
PARAMETRIC_REPRESENTATION_CONTEXT() REPRESENTATION_CONTEXT('2D SPACE',''
  ) );
#1089 = PCURVE('',#1057,#1090);
#1090 = DEFINITIONAL_REPRESENTATION('',(#1091),#1095);
#1091 = LINE('',#1092,#1093);
#1092 = CARTESIAN_POINT('',(4.138911435803E-13,0.));
#1093 = VECTOR('',#1094,1.);
#1094 = DIRECTION('',(0.,1.));
#1095 = ( GEOMETRIC_REPRESENTATION_CONTEXT(2) 
PARAMETRIC_REPRESENTATION_CONTEXT() REPRESENTATION_CONTEXT('2D SPACE',''
  ) );
#1096 = ORIENTED_EDGE('',*,*,#1097,.F.);
#1097 = EDGE_CURVE('',#1075,#1075,#1098,.T.);
#1098 = SURFACE_CURVE('',#1099,(#1104,#1111),.PCURVE_S1.);
#1099 = CIRCLE('',#1100,49.536380786809);
#1100 = AXIS2_PLACEMENT_3D('',#1101,#1102,#1103);
#1101 = CARTESIAN_POINT('',(0.,0.,763.882));
#1102 = DIRECTION('',(0.,0.,1.));
#1103 = DIRECTION('',(1.,0.,0.));
#1104 = PCURVE('',#1057,#1105);
#1105 = DEFINITIONAL_REPRESENTATION('',(#1106),#1110);
#1106 = LINE('',#1107,#1108);
#1107 = CARTESIAN_POINT('',(0.,4.563));
#1108 = VECTOR('',#1109,1.);
#1109 = DIRECTION('',(1.,0.));
#1110 = ( GEOMETRIC_REPRESENTATION_CONTEXT(2) 
PARAMETRIC_REPRESENTATION_CONTEXT() REPRESENTATION_CONTEXT('2D SPACE',''
  ) );
#1111 = PCURVE('',#1112,#1117);
#1112 = CONICAL_SURFACE('',#1113,49.536380786809,2.868212204399E-02);
#1113 = AXIS2_PLACEMENT_3D('',#1114,#1115,#1116);
#1114 = CARTESIAN_POINT('',(0.,0.,763.882));
#1115 = DIRECTION('',(0.,0.,1.));
#1116 = DIRECTION('',(1.,0.,0.));
#1117 = DEFINITIONAL_REPRESENTATION('',(#1118),#1122);
#1118 = LINE('',#1119,#1120);
#1119 = CARTESIAN_POINT('',(0.,0.));
#1120 = VECTOR('',#1121,1.);
#1121 = DIRECTION('',(1.,0.));
#1122 = ( GEOMETRIC_REPRESENTATION_CONTEXT(2) 
PARAMETRIC_REPRESENTATION_CONTEXT() REPRESENTATION_CONTEXT('2D SPACE',''
  ) );
#1123 = ORIENTED_EDGE('',*,*,#1074,.F.);
#1124 = ADVANCED_FACE('',(#1125),#1112,.T.);
#1125 = FACE_BOUND('',#1126,.T.);
#1126 = EDGE_LOOP('',(#1127,#1128,#1151,#1178));
#1127 = ORIENTED_EDGE('',*,*,#1097,.T.);
#1128 = ORIENTED_EDGE('',*,*,#1129,.T.);
#1129 = EDGE_CURVE('',#1075,#1130,#1132,.T.);
#1130 = VERTEX_POINT('',#1131);
#1131 = CARTESIAN_POINT('',(49.66729321065,0.,768.445));
#1132 = SEAM_CURVE('',#1133,(#1137,#1144),.PCURVE_S1.);
#1133 = LINE('',#1134,#1135);
#1134 = CARTESIAN_POINT('',(49.536380786809,0.,763.882));
#1135 = VECTOR('',#1136,1.);
#1136 = DIRECTION('',(2.867818958021E-02,0.,0.999588696136));
#1137 = PCURVE('',#1112,#1138);
#1138 = DEFINITIONAL_REPRESENTATION('',(#1139),#1143);
#1139 = LINE('',#1140,#1141);
#1140 = CARTESIAN_POINT('',(6.28318530718,0.));
#1141 = VECTOR('',#1142,1.);
#1142 = DIRECTION('',(0.,1.));
#1143 = ( GEOMETRIC_REPRESENTATION_CONTEXT(2) 
PARAMETRIC_REPRESENTATION_CONTEXT() REPRESENTATION_CONTEXT('2D SPACE',''
  ) );
#1144 = PCURVE('',#1112,#1145);
#1145 = DEFINITIONAL_REPRESENTATION('',(#1146),#1150);
#1146 = LINE('',#1147,#1148);
#1147 = CARTESIAN_POINT('',(4.138911435803E-13,0.));
#1148 = VECTOR('',#1149,1.);
#1149 = DIRECTION('',(0.,1.));
#1150 = ( GEOMETRIC_REPRESENTATION_CONTEXT(2) 
PARAMETRIC_REPRESENTATION_CONTEXT() REPRESENTATION_CONTEXT('2D SPACE',''
  ) );
#1151 = ORIENTED_EDGE('',*,*,#1152,.F.);
#1152 = EDGE_CURVE('',#1130,#1130,#1153,.T.);
#1153 = SURFACE_CURVE('',#1154,(#1159,#1166),.PCURVE_S1.);
#1154 = CIRCLE('',#1155,49.66729321065);
#1155 = AXIS2_PLACEMENT_3D('',#1156,#1157,#1158);
#1156 = CARTESIAN_POINT('',(0.,0.,768.445));
#1157 = DIRECTION('',(0.,0.,1.));
#1158 = DIRECTION('',(1.,0.,0.));
#1159 = PCURVE('',#1112,#1160);
#1160 = DEFINITIONAL_REPRESENTATION('',(#1161),#1165);
#1161 = LINE('',#1162,#1163);
#1162 = CARTESIAN_POINT('',(0.,4.563));
#1163 = VECTOR('',#1164,1.);
#1164 = DIRECTION('',(1.,0.));
#1165 = ( GEOMETRIC_REPRESENTATION_CONTEXT(2) 
PARAMETRIC_REPRESENTATION_CONTEXT() REPRESENTATION_CONTEXT('2D SPACE',''
  ) );
#1166 = PCURVE('',#1167,#1172);
#1167 = CONICAL_SURFACE('',#1168,49.66729321065,2.831254422973E-02);
#1168 = AXIS2_PLACEMENT_3D('',#1169,#1170,#1171);
#1169 = CARTESIAN_POINT('',(0.,0.,768.445));
#1170 = DIRECTION('',(0.,0.,1.));
#1171 = DIRECTION('',(1.,0.,0.));
#1172 = DEFINITIONAL_REPRESENTATION('',(#1173),#1177);
#1173 = LINE('',#1174,#1175);
#1174 = CARTESIAN_POINT('',(0.,0.));
#1175 = VECTOR('',#1176,1.);
#1176 = DIRECTION('',(1.,0.));
#1177 = ( GEOMETRIC_REPRESENTATION_CONTEXT(2) 
PARAMETRIC_REPRESENTATION_CONTEXT() REPRESENTATION_CONTEXT('2D SPACE',''
  ) );
#1178 = ORIENTED_EDGE('',*,*,#1129,.F.);
#1179 = ADVANCED_FACE('',(#1180),#1167,.T.);
#1180 = FACE_BOUND('',#1181,.T.);
#1181 = EDGE_LOOP('',(#1182,#1183,#1206,#1233));
#1182 = ORIENTED_EDGE('',*,*,#1152,.T.);
#1183 = ORIENTED_EDGE('',*,*,#1184,.T.);
#1184 = EDGE_CURVE('',#1130,#1185,#1187,.T.);
#1185 = VERTEX_POINT('',#1186);
#1186 = CARTESIAN_POINT('',(49.796517880654,0.,773.008));
#1187 = SEAM_CURVE('',#1188,(#1192,#1199),.PCURVE_S1.);
#1188 = LINE('',#1189,#1190);
#1189 = CARTESIAN_POINT('',(49.66729321065,0.,768.445));
#1190 = VECTOR('',#1191,1.);
#1191 = DIRECTION('',(2.830876182474E-02,0.,0.999599226692));
#1192 = PCURVE('',#1167,#1193);
#1193 = DEFINITIONAL_REPRESENTATION('',(#1194),#1198);
#1194 = LINE('',#1195,#1196);
#1195 = CARTESIAN_POINT('',(6.28318530718,0.));
#1196 = VECTOR('',#1197,1.);
#1197 = DIRECTION('',(0.,1.));
#1198 = ( GEOMETRIC_REPRESENTATION_CONTEXT(2) 
PARAMETRIC_REPRESENTATION_CONTEXT() REPRESENTATION_CONTEXT('2D SPACE',''
  ) );
#1199 = PCURVE('',#1167,#1200);
#1200 = DEFINITIONAL_REPRESENTATION('',(#1201),#1205);
#1201 = LINE('',#1202,#1203);
#1202 = CARTESIAN_POINT('',(4.138911435803E-13,0.));
#1203 = VECTOR('',#1204,1.);
#1204 = DIRECTION('',(0.,1.));
#1205 = ( GEOMETRIC_REPRESENTATION_CONTEXT(2) 
PARAMETRIC_REPRESENTATION_CONTEXT() REPRESENTATION_CONTEXT('2D SPACE',''
  ) );
#1206 = ORIENTED_EDGE('',*,*,#1207,.F.);
#1207 = EDGE_CURVE('',#1185,#1185,#1208,.T.);
#1208 = SURFACE_CURVE('',#1209,(#1214,#1221),.PCURVE_S1.);
#1209 = CIRCLE('',#1210,49.796517880654);
#1210 = AXIS2_PLACEMENT_3D('',#1211,#1212,#1213);
#1211 = CARTESIAN_POINT('',(0.,0.,773.008));
#1212 = DIRECTION('',(0.,0.,1.));
#1213 = DIRECTION('',(1.,0.,0.));
#1214 = PCURVE('',#1167,#1215);
#1215 = DEFINITIONAL_REPRESENTATION('',(#1216),#1220);
#1216 = LINE('',#1217,#1218);
#1217 = CARTESIAN_POINT('',(0.,4.563));
#1218 = VECTOR('',#1219,1.);
#1219 = DIRECTION('',(1.,0.));
#1220 = ( GEOMETRIC_REPRESENTATION_CONTEXT(2) 
PARAMETRIC_REPRESENTATION_CONTEXT() REPRESENTATION_CONTEXT('2D SPACE',''
  ) );
#1221 = PCURVE('',#1222,#1227);
#1222 = CONICAL_SURFACE('',#1223,49.796517880654,2.793125178285E-02);
#1223 = AXIS2_PLACEMENT_3D('',#1224,#1225,#1226);
#1224 = CARTESIAN_POINT('',(0.,0.,773.008));
#1225 = DIRECTION('',(0.,0.,1.));
#1226 = DIRECTION('',(1.,0.,0.));
#1227 = DEFINITIONAL_REPRESENTATION('',(#1228),#1232);
#1228 = LINE('',#1229,#1230);
#1229 = CARTESIAN_POINT('',(0.,0.));
#1230 = VECTOR('',#1231,1.);
#1231 = DIRECTION('',(1.,0.));
#1232 = ( GEOMETRIC_REPRESENTATION_CONTEXT(2) 
PARAMETRIC_REPRESENTATION_CONTEXT() REPRESENTATION_CONTEXT('2D SPACE',''
  ) );
#1233 = ORIENTED_EDGE('',*,*,#1184,.F.);
#1234 = ADVANCED_FACE('',(#1235),#1222,.T.);
#1235 = FACE_BOUND('',#1236,.T.);
#1236 = EDGE_LOOP('',(#1237,#1238,#1261,#1288));
#1237 = ORIENTED_EDGE('',*,*,#1207,.T.);
#1238 = ORIENTED_EDGE('',*,*,#1239,.T.);
#1239 = EDGE_CURVE('',#1185,#1240,#1242,.T.);
#1240 = VERTEX_POINT('',#1241);
#1241 = CARTESIAN_POINT('',(49.924001336542,0.,777.571));
#1242 = SEAM_CURVE('',#1243,(#1247,#1254),.PCURVE_S1.);
#1243 = LINE('',#1244,#1245);
#1244 = CARTESIAN_POINT('',(49.796517880654,0.,773.008));
#1245 = VECTOR('',#1246,1.);
#1246 = DIRECTION('',(2.792762014111E-02,0.,0.999609947946));
#1247 = PCURVE('',#1222,#1248);
#1248 = DEFINITIONAL_REPRESENTATION('',(#1249),#1253);
#1249 = LINE('',#1250,#1251);
#1250 = CARTESIAN_POINT('',(6.28318530718,0.));
#1251 = VECTOR('',#1252,1.);
#1252 = DIRECTION('',(0.,1.));
#1253 = ( GEOMETRIC_REPRESENTATION_CONTEXT(2) 
PARAMETRIC_REPRESENTATION_CONTEXT() REPRESENTATION_CONTEXT('2D SPACE',''
  ) );
#1254 = PCURVE('',#1222,#1255);
#1255 = DEFINITIONAL_REPRESENTATION('',(#1256),#1260);
#1256 = LINE('',#1257,#1258);
#1257 = CARTESIAN_POINT('',(4.138911435803E-13,0.));
#1258 = VECTOR('',#1259,1.);
#1259 = DIRECTION('',(0.,1.));
#1260 = ( GEOMETRIC_REPRESENTATION_CONTEXT(2) 
PARAMETRIC_REPRESENTATION_CONTEXT() REPRESENTATION_CONTEXT('2D SPACE',''
  ) );
#1261 = ORIENTED_EDGE('',*,*,#1262,.F.);
#1262 = EDGE_CURVE('',#1240,#1240,#1263,.T.);
#1263 = SURFACE_CURVE('',#1264,(#1269,#1276),.PCURVE_S1.);
#1264 = CIRCLE('',#1265,49.924001336542);
#1265 = AXIS2_PLACEMENT_3D('',#1266,#1267,#1268);
#1266 = CARTESIAN_POINT('',(0.,0.,777.571));
#1267 = DIRECTION('',(0.,0.,1.));
#1268 = DIRECTION('',(1.,0.,0.));
#1269 = PCURVE('',#1222,#1270);
#1270 = DEFINITIONAL_REPRESENTATION('',(#1271),#1275);
#1271 = LINE('',#1272,#1273);
#1272 = CARTESIAN_POINT('',(0.,4.563));
#1273 = VECTOR('',#1274,1.);
#1274 = DIRECTION('',(1.,0.));
#1275 = ( GEOMETRIC_REPRESENTATION_CONTEXT(2) 
PARAMETRIC_REPRESENTATION_CONTEXT() REPRESENTATION_CONTEXT('2D SPACE',''
  ) );
#1276 = PCURVE('',#1277,#1282);
#1277 = CONICAL_SURFACE('',#1278,49.924001336542,2.753824406074E-02);
#1278 = AXIS2_PLACEMENT_3D('',#1279,#1280,#1281);
#1279 = CARTESIAN_POINT('',(0.,0.,777.571));
#1280 = DIRECTION('',(0.,0.,1.));
#1281 = DIRECTION('',(1.,0.,0.));
#1282 = DEFINITIONAL_REPRESENTATION('',(#1283),#1287);
#1283 = LINE('',#1284,#1285);
#1284 = CARTESIAN_POINT('',(0.,0.));
#1285 = VECTOR('',#1286,1.);
#1286 = DIRECTION('',(1.,0.));
#1287 = ( GEOMETRIC_REPRESENTATION_CONTEXT(2) 
PARAMETRIC_REPRESENTATION_CONTEXT() REPRESENTATION_CONTEXT('2D SPACE',''
  ) );
#1288 = ORIENTED_EDGE('',*,*,#1239,.F.);
#1289 = ADVANCED_FACE('',(#1290),#1277,.T.);
#1290 = FACE_BOUND('',#1291,.T.);
#1291 = EDGE_LOOP('',(#1292,#1293,#1316,#1343));
#1292 = ORIENTED_EDGE('',*,*,#1262,.T.);
#1293 = ORIENTED_EDGE('',*,*,#1294,.T.);
#1294 = EDGE_CURVE('',#1240,#1295,#1297,.T.);
#1295 = VERTEX_POINT('',#1296);
#1296 = CARTESIAN_POINT('',(50.049690118031,0.,782.134));
#1297 = SEAM_CURVE('',#1298,(#1302,#1309),.PCURVE_S1.);
#1298 = LINE('',#1299,#1300);
#1299 = CARTESIAN_POINT('',(49.924001336542,0.,777.571));
#1300 = VECTOR('',#1301,1.);
#1301 = DIRECTION('',(2.753476356573E-02,0.,0.999620846519));
#1302 = PCURVE('',#1277,#1303);
#1303 = DEFINITIONAL_REPRESENTATION('',(#1304),#1308);
#1304 = LINE('',#1305,#1306);
#1305 = CARTESIAN_POINT('',(6.28318530718,0.));
#1306 = VECTOR('',#1307,1.);
#1307 = DIRECTION('',(0.,1.));
#1308 = ( GEOMETRIC_REPRESENTATION_CONTEXT(2) 
PARAMETRIC_REPRESENTATION_CONTEXT() REPRESENTATION_CONTEXT('2D SPACE',''
  ) );
#1309 = PCURVE('',#1277,#1310);
#1310 = DEFINITIONAL_REPRESENTATION('',(#1311),#1315);
#1311 = LINE('',#1312,#1313);
#1312 = CARTESIAN_POINT('',(4.138911435803E-13,0.));
#1313 = VECTOR('',#1314,1.);
#1314 = DIRECTION('',(0.,1.));
#1315 = ( GEOMETRIC_REPRESENTATION_CONTEXT(2) 
PARAMETRIC_REPRESENTATION_CONTEXT() REPRESENTATION_CONTEXT('2D SPACE',''
  ) );
#1316 = ORIENTED_EDGE('',*,*,#1317,.F.);
#1317 = EDGE_CURVE('',#1295,#1295,#1318,.T.);
#1318 = SURFACE_CURVE('',#1319,(#1324,#1331),.PCURVE_S1.);
#1319 = CIRCLE('',#1320,50.049690118031);
#1320 = AXIS2_PLACEMENT_3D('',#1321,#1322,#1323);
#1321 = CARTESIAN_POINT('',(0.,0.,782.134));
#1322 = DIRECTION('',(0.,0.,1.));
#1323 = DIRECTION('',(1.,0.,0.));
#1324 = PCURVE('',#1277,#1325);
#1325 = DEFINITIONAL_REPRESENTATION('',(#1326),#1330);
#1326 = LINE('',#1327,#1328);
#1327 = CARTESIAN_POINT('',(0.,4.563));
#1328 = VECTOR('',#1329,1.);
#1329 = DIRECTION('',(1.,0.));
#1330 = ( GEOMETRIC_REPRESENTATION_CONTEXT(2) 
PARAMETRIC_REPRESENTATION_CONTEXT() REPRESENTATION_CONTEXT('2D SPACE',''
  ) );
#1331 = PCURVE('',#1332,#1337);
#1332 = CONICAL_SURFACE('',#1333,50.049690118031,2.713352041885E-02);
#1333 = AXIS2_PLACEMENT_3D('',#1334,#1335,#1336);
#1334 = CARTESIAN_POINT('',(0.,0.,782.134));
#1335 = DIRECTION('',(0.,0.,1.));
#1336 = DIRECTION('',(1.,0.,0.));
#1337 = DEFINITIONAL_REPRESENTATION('',(#1338),#1342);
#1338 = LINE('',#1339,#1340);
#1339 = CARTESIAN_POINT('',(0.,0.));
#1340 = VECTOR('',#1341,1.);
#1341 = DIRECTION('',(1.,0.));
#1342 = ( GEOMETRIC_REPRESENTATION_CONTEXT(2) 
PARAMETRIC_REPRESENTATION_CONTEXT() REPRESENTATION_CONTEXT('2D SPACE',''
  ) );
#1343 = ORIENTED_EDGE('',*,*,#1294,.F.);
#1344 = ADVANCED_FACE('',(#1345),#1332,.T.);
#1345 = FACE_BOUND('',#1346,.T.);
#1346 = EDGE_LOOP('',(#1347,#1348,#1371,#1398));
#1347 = ORIENTED_EDGE('',*,*,#1317,.T.);
#1348 = ORIENTED_EDGE('',*,*,#1349,.T.);
#1349 = EDGE_CURVE('',#1295,#1350,#1352,.T.);
#1350 = VERTEX_POINT('',#1351);
#1351 = CARTESIAN_POINT('',(50.173530764842,0.,786.697));
#1352 = SEAM_CURVE('',#1353,(#1357,#1364),.PCURVE_S1.);
#1353 = LINE('',#1354,#1355);
#1354 = CARTESIAN_POINT('',(50.049690118031,0.,782.134));
#1355 = VECTOR('',#1356,1.);
#1356 = DIRECTION('',(2.713019113215E-02,0.,0.999631908619));
#1357 = PCURVE('',#1332,#1358);
#1358 = DEFINITIONAL_REPRESENTATION('',(#1359),#1363);
#1359 = LINE('',#1360,#1361);
#1360 = CARTESIAN_POINT('',(6.28318530718,0.));
#1361 = VECTOR('',#1362,1.);
#1362 = DIRECTION('',(0.,1.));
#1363 = ( GEOMETRIC_REPRESENTATION_CONTEXT(2) 
PARAMETRIC_REPRESENTATION_CONTEXT() REPRESENTATION_CONTEXT('2D SPACE',''
  ) );
#1364 = PCURVE('',#1332,#1365);
#1365 = DEFINITIONAL_REPRESENTATION('',(#1366),#1370);
#1366 = LINE('',#1367,#1368);
#1367 = CARTESIAN_POINT('',(4.138911435803E-13,0.));
#1368 = VECTOR('',#1369,1.);
#1369 = DIRECTION('',(0.,1.));
#1370 = ( GEOMETRIC_REPRESENTATION_CONTEXT(2) 
PARAMETRIC_REPRESENTATION_CONTEXT() REPRESENTATION_CONTEXT('2D SPACE',''
  ) );
#1371 = ORIENTED_EDGE('',*,*,#1372,.F.);
#1372 = EDGE_CURVE('',#1350,#1350,#1373,.T.);
#1373 = SURFACE_CURVE('',#1374,(#1379,#1386),.PCURVE_S1.);
#1374 = CIRCLE('',#1375,50.173530764842);
#1375 = AXIS2_PLACEMENT_3D('',#1376,#1377,#1378);
#1376 = CARTESIAN_POINT('',(0.,0.,786.697));
#1377 = DIRECTION('',(0.,0.,1.));
#1378 = DIRECTION('',(1.,0.,0.));
#1379 = PCURVE('',#1332,#1380);
#1380 = DEFINITIONAL_REPRESENTATION('',(#1381),#1385);
#1381 = LINE('',#1382,#1383);
#1382 = CARTESIAN_POINT('',(0.,4.563));
#1383 = VECTOR('',#1384,1.);
#1384 = DIRECTION('',(1.,0.));
#1385 = ( GEOMETRIC_REPRESENTATION_CONTEXT(2) 
PARAMETRIC_REPRESENTATION_CONTEXT() REPRESENTATION_CONTEXT('2D SPACE',''
  ) );
#1386 = PCURVE('',#1387,#1392);
#1387 = CONICAL_SURFACE('',#1388,50.173530764842,2.671708021232E-02);
#1388 = AXIS2_PLACEMENT_3D('',#1389,#1390,#1391);
#1389 = CARTESIAN_POINT('',(0.,0.,786.697));
#1390 = DIRECTION('',(0.,0.,1.));
#1391 = DIRECTION('',(1.,0.,0.));
#1392 = DEFINITIONAL_REPRESENTATION('',(#1393),#1397);
#1393 = LINE('',#1394,#1395);
#1394 = CARTESIAN_POINT('',(0.,0.));
#1395 = VECTOR('',#1396,1.);
#1396 = DIRECTION('',(1.,0.));
#1397 = ( GEOMETRIC_REPRESENTATION_CONTEXT(2) 
PARAMETRIC_REPRESENTATION_CONTEXT() REPRESENTATION_CONTEXT('2D SPACE',''
  ) );
#1398 = ORIENTED_EDGE('',*,*,#1349,.F.);
#1399 = ADVANCED_FACE('',(#1400),#1387,.T.);
#1400 = FACE_BOUND('',#1401,.T.);
#1401 = EDGE_LOOP('',(#1402,#1403,#1426,#1453));
#1402 = ORIENTED_EDGE('',*,*,#1372,.T.);
#1403 = ORIENTED_EDGE('',*,*,#1404,.T.);
#1404 = EDGE_CURVE('',#1350,#1405,#1407,.T.);
#1405 = VERTEX_POINT('',#1406);
#1406 = CARTESIAN_POINT('',(50.295469816693,0.,791.26));
#1407 = SEAM_CURVE('',#1408,(#1412,#1419),.PCURVE_S1.);
#1408 = LINE('',#1409,#1410);
#1409 = CARTESIAN_POINT('',(50.173530764842,0.,786.697));
#1410 = VECTOR('',#1411,1.);
#1411 = DIRECTION('',(2.671390187313E-02,0.,0.999643120042));
#1412 = PCURVE('',#1387,#1413);
#1413 = DEFINITIONAL_REPRESENTATION('',(#1414),#1418);
#1414 = LINE('',#1415,#1416);
#1415 = CARTESIAN_POINT('',(6.28318530718,0.));
#1416 = VECTOR('',#1417,1.);
#1417 = DIRECTION('',(0.,1.));
#1418 = ( GEOMETRIC_REPRESENTATION_CONTEXT(2) 
PARAMETRIC_REPRESENTATION_CONTEXT() REPRESENTATION_CONTEXT('2D SPACE',''
  ) );
#1419 = PCURVE('',#1387,#1420);
#1420 = DEFINITIONAL_REPRESENTATION('',(#1421),#1425);
#1421 = LINE('',#1422,#1423);
#1422 = CARTESIAN_POINT('',(4.138911435803E-13,0.));
#1423 = VECTOR('',#1424,1.);
#1424 = DIRECTION('',(0.,1.));
#1425 = ( GEOMETRIC_REPRESENTATION_CONTEXT(2) 
PARAMETRIC_REPRESENTATION_CONTEXT() REPRESENTATION_CONTEXT('2D SPACE',''
  ) );
#1426 = ORIENTED_EDGE('',*,*,#1427,.F.);
#1427 = EDGE_CURVE('',#1405,#1405,#1428,.T.);
#1428 = SURFACE_CURVE('',#1429,(#1434,#1441),.PCURVE_S1.);
#1429 = CIRCLE('',#1430,50.295469816693);
#1430 = AXIS2_PLACEMENT_3D('',#1431,#1432,#1433);
#1431 = CARTESIAN_POINT('',(0.,0.,791.26));
#1432 = DIRECTION('',(0.,0.,1.));
#1433 = DIRECTION('',(1.,0.,0.));
#1434 = PCURVE('',#1387,#1435);
#1435 = DEFINITIONAL_REPRESENTATION('',(#1436),#1440);
#1436 = LINE('',#1437,#1438);
#1437 = CARTESIAN_POINT('',(0.,4.563));
#1438 = VECTOR('',#1439,1.);
#1439 = DIRECTION('',(1.,0.));
#1440 = ( GEOMETRIC_REPRESENTATION_CONTEXT(2) 
PARAMETRIC_REPRESENTATION_CONTEXT() REPRESENTATION_CONTEXT('2D SPACE',''
  ) );
#1441 = PCURVE('',#1442,#1447);
#1442 = CONICAL_SURFACE('',#1443,50.295469816693,2.628892279759E-02);
#1443 = AXIS2_PLACEMENT_3D('',#1444,#1445,#1446);
#1444 = CARTESIAN_POINT('',(0.,0.,791.26));
#1445 = DIRECTION('',(0.,0.,1.));
#1446 = DIRECTION('',(1.,0.,0.));
#1447 = DEFINITIONAL_REPRESENTATION('',(#1448),#1452);
#1448 = LINE('',#1449,#1450);
#1449 = CARTESIAN_POINT('',(0.,0.));
#1450 = VECTOR('',#1451,1.);
#1451 = DIRECTION('',(1.,0.));
#1452 = ( GEOMETRIC_REPRESENTATION_CONTEXT(2) 
PARAMETRIC_REPRESENTATION_CONTEXT() REPRESENTATION_CONTEXT('2D SPACE',''
  ) );
#1453 = ORIENTED_EDGE('',*,*,#1404,.F.);
#1454 = ADVANCED_FACE('',(#1455),#1442,.T.);
#1455 = FACE_BOUND('',#1456,.T.);
#1456 = EDGE_LOOP('',(#1457,#1458,#1481,#1508));
#1457 = ORIENTED_EDGE('',*,*,#1427,.T.);
#1458 = ORIENTED_EDGE('',*,*,#1459,.T.);
#1459 = EDGE_CURVE('',#1405,#1460,#1462,.T.);
#1460 = VERTEX_POINT('',#1461);
#1461 = CARTESIAN_POINT('',(50.415453813304,0.,795.823));
#1462 = SEAM_CURVE('',#1463,(#1467,#1474),.PCURVE_S1.);
#1463 = LINE('',#1464,#1465);
#1464 = CARTESIAN_POINT('',(50.295469816693,0.,791.26));
#1465 = VECTOR('',#1466,1.);
#1466 = DIRECTION('',(2.628589482377E-02,0.,0.99965446617));
#1467 = PCURVE('',#1442,#1468);
#1468 = DEFINITIONAL_REPRESENTATION('',(#1469),#1473);
#1469 = LINE('',#1470,#1471);
#1470 = CARTESIAN_POINT('',(6.28318530718,0.));
#1471 = VECTOR('',#1472,1.);
#1472 = DIRECTION('',(0.,1.));
#1473 = ( GEOMETRIC_REPRESENTATION_CONTEXT(2) 
PARAMETRIC_REPRESENTATION_CONTEXT() REPRESENTATION_CONTEXT('2D SPACE',''
  ) );
#1474 = PCURVE('',#1442,#1475);
#1475 = DEFINITIONAL_REPRESENTATION('',(#1476),#1480);
#1476 = LINE('',#1477,#1478);
#1477 = CARTESIAN_POINT('',(4.138911435803E-13,0.));
#1478 = VECTOR('',#1479,1.);
#1479 = DIRECTION('',(0.,1.));
#1480 = ( GEOMETRIC_REPRESENTATION_CONTEXT(2) 
PARAMETRIC_REPRESENTATION_CONTEXT() REPRESENTATION_CONTEXT('2D SPACE',''
  ) );
#1481 = ORIENTED_EDGE('',*,*,#1482,.F.);
#1482 = EDGE_CURVE('',#1460,#1460,#1483,.T.);
#1483 = SURFACE_CURVE('',#1484,(#1489,#1496),.PCURVE_S1.);
#1484 = CIRCLE('',#1485,50.415453813304);
#1485 = AXIS2_PLACEMENT_3D('',#1486,#1487,#1488);
#1486 = CARTESIAN_POINT('',(0.,0.,795.823));
#1487 = DIRECTION('',(0.,0.,1.));
#1488 = DIRECTION('',(1.,0.,0.));
#1489 = PCURVE('',#1442,#1490);
#1490 = DEFINITIONAL_REPRESENTATION('',(#1491),#1495);
#1491 = LINE('',#1492,#1493);
#1492 = CARTESIAN_POINT('',(0.,4.563));
#1493 = VECTOR('',#1494,1.);
#1494 = DIRECTION('',(1.,0.));
#1495 = ( GEOMETRIC_REPRESENTATION_CONTEXT(2) 
PARAMETRIC_REPRESENTATION_CONTEXT() REPRESENTATION_CONTEXT('2D SPACE',''
  ) );
#1496 = PCURVE('',#1497,#1502);
#1497 = CONICAL_SURFACE('',#1498,50.415453813304,2.584904753419E-02);
#1498 = AXIS2_PLACEMENT_3D('',#1499,#1500,#1501);
#1499 = CARTESIAN_POINT('',(0.,0.,795.823));
#1500 = DIRECTION('',(0.,0.,1.));
#1501 = DIRECTION('',(1.,0.,0.));
#1502 = DEFINITIONAL_REPRESENTATION('',(#1503),#1507);
#1503 = LINE('',#1504,#1505);
#1504 = CARTESIAN_POINT('',(0.,0.));
#1505 = VECTOR('',#1506,1.);
#1506 = DIRECTION('',(1.,0.));
#1507 = ( GEOMETRIC_REPRESENTATION_CONTEXT(2) 
PARAMETRIC_REPRESENTATION_CONTEXT() REPRESENTATION_CONTEXT('2D SPACE',''
  ) );
#1508 = ORIENTED_EDGE('',*,*,#1459,.F.);
#1509 = ADVANCED_FACE('',(#1510),#1497,.T.);
#1510 = FACE_BOUND('',#1511,.T.);
#1511 = EDGE_LOOP('',(#1512,#1513,#1536,#1563));
#1512 = ORIENTED_EDGE('',*,*,#1482,.T.);
#1513 = ORIENTED_EDGE('',*,*,#1514,.T.);
#1514 = EDGE_CURVE('',#1460,#1515,#1517,.T.);
#1515 = VERTEX_POINT('',#1516);
#1516 = CARTESIAN_POINT('',(50.533429294393,0.,800.386));
#1517 = SEAM_CURVE('',#1518,(#1522,#1529),.PCURVE_S1.);
#1518 = LINE('',#1519,#1520);
#1519 = CARTESIAN_POINT('',(50.415453813304,0.,795.823));
#1520 = VECTOR('',#1521,1.);
#1521 = DIRECTION('',(2.584616902324E-02,0.,0.999665931973));
#1522 = PCURVE('',#1497,#1523);
#1523 = DEFINITIONAL_REPRESENTATION('',(#1524),#1528);
#1524 = LINE('',#1525,#1526);
#1525 = CARTESIAN_POINT('',(6.28318530718,0.));
#1526 = VECTOR('',#1527,1.);
#1527 = DIRECTION('',(0.,1.));
#1528 = ( GEOMETRIC_REPRESENTATION_CONTEXT(2) 
PARAMETRIC_REPRESENTATION_CONTEXT() REPRESENTATION_CONTEXT('2D SPACE',''
  ) );
#1529 = PCURVE('',#1497,#1530);
#1530 = DEFINITIONAL_REPRESENTATION('',(#1531),#1535);
#1531 = LINE('',#1532,#1533);
#1532 = CARTESIAN_POINT('',(4.138911435803E-13,0.));
#1533 = VECTOR('',#1534,1.);
#1534 = DIRECTION('',(0.,1.));
#1535 = ( GEOMETRIC_REPRESENTATION_CONTEXT(2) 
PARAMETRIC_REPRESENTATION_CONTEXT() REPRESENTATION_CONTEXT('2D SPACE',''
  ) );
#1536 = ORIENTED_EDGE('',*,*,#1537,.F.);
#1537 = EDGE_CURVE('',#1515,#1515,#1538,.T.);
#1538 = SURFACE_CURVE('',#1539,(#1544,#1551),.PCURVE_S1.);
#1539 = CIRCLE('',#1540,50.533429294393);
#1540 = AXIS2_PLACEMENT_3D('',#1541,#1542,#1543);
#1541 = CARTESIAN_POINT('',(0.,0.,800.386));
#1542 = DIRECTION('',(0.,0.,1.));
#1543 = DIRECTION('',(1.,0.,0.));
#1544 = PCURVE('',#1497,#1545);
#1545 = DEFINITIONAL_REPRESENTATION('',(#1546),#1550);
#1546 = LINE('',#1547,#1548);
#1547 = CARTESIAN_POINT('',(0.,4.563));
#1548 = VECTOR('',#1549,1.);
#1549 = DIRECTION('',(1.,0.));
#1550 = ( GEOMETRIC_REPRESENTATION_CONTEXT(2) 
PARAMETRIC_REPRESENTATION_CONTEXT() REPRESENTATION_CONTEXT('2D SPACE',''
  ) );
#1551 = PCURVE('',#1552,#1557);
#1552 = CONICAL_SURFACE('',#1553,50.533429294393,2.539745378644E-02);
#1553 = AXIS2_PLACEMENT_3D('',#1554,#1555,#1556);
#1554 = CARTESIAN_POINT('',(0.,0.,800.386));
#1555 = DIRECTION('',(0.,0.,1.));
#1556 = DIRECTION('',(1.,0.,0.));
#1557 = DEFINITIONAL_REPRESENTATION('',(#1558),#1562);
#1558 = LINE('',#1559,#1560);
#1559 = CARTESIAN_POINT('',(0.,0.));
#1560 = VECTOR('',#1561,1.);
#1561 = DIRECTION('',(1.,0.));
#1562 = ( GEOMETRIC_REPRESENTATION_CONTEXT(2) 
PARAMETRIC_REPRESENTATION_CONTEXT() REPRESENTATION_CONTEXT('2D SPACE',''
  ) );
#1563 = ORIENTED_EDGE('',*,*,#1514,.F.);
#1564 = ADVANCED_FACE('',(#1565),#1552,.T.);
#1565 = FACE_BOUND('',#1566,.T.);
#1566 = EDGE_LOOP('',(#1567,#1568,#1591,#1618));
#1567 = ORIENTED_EDGE('',*,*,#1537,.T.);
#1568 = ORIENTED_EDGE('',*,*,#1569,.T.);
#1569 = EDGE_CURVE('',#1515,#1570,#1572,.T.);
#1570 = VERTEX_POINT('',#1571);
#1571 = CARTESIAN_POINT('',(50.649342799681,0.,804.949));
#1572 = SEAM_CURVE('',#1573,(#1577,#1584),.PCURVE_S1.);
#1573 = LINE('',#1574,#1575);
#1574 = CARTESIAN_POINT('',(50.533429294393,0.,800.386));
#1575 = VECTOR('',#1576,1.);
#1576 = DIRECTION('',(2.539472351851E-02,0.,0.999677502006));
#1577 = PCURVE('',#1552,#1578);
#1578 = DEFINITIONAL_REPRESENTATION('',(#1579),#1583);
#1579 = LINE('',#1580,#1581);
#1580 = CARTESIAN_POINT('',(6.28318530718,0.));
#1581 = VECTOR('',#1582,1.);
#1582 = DIRECTION('',(0.,1.));
#1583 = ( GEOMETRIC_REPRESENTATION_CONTEXT(2) 
PARAMETRIC_REPRESENTATION_CONTEXT() REPRESENTATION_CONTEXT('2D SPACE',''
  ) );
#1584 = PCURVE('',#1552,#1585);
#1585 = DEFINITIONAL_REPRESENTATION('',(#1586),#1590);
#1586 = LINE('',#1587,#1588);
#1587 = CARTESIAN_POINT('',(4.138911435803E-13,0.));
#1588 = VECTOR('',#1589,1.);
#1589 = DIRECTION('',(0.,1.));
#1590 = ( GEOMETRIC_REPRESENTATION_CONTEXT(2) 
PARAMETRIC_REPRESENTATION_CONTEXT() REPRESENTATION_CONTEXT('2D SPACE',''
  ) );
#1591 = ORIENTED_EDGE('',*,*,#1592,.F.);
#1592 = EDGE_CURVE('',#1570,#1570,#1593,.T.);
#1593 = SURFACE_CURVE('',#1594,(#1599,#1606),.PCURVE_S1.);
#1594 = CIRCLE('',#1595,50.649342799681);
#1595 = AXIS2_PLACEMENT_3D('',#1596,#1597,#1598);
#1596 = CARTESIAN_POINT('',(0.,0.,804.949));
#1597 = DIRECTION('',(0.,0.,1.));
#1598 = DIRECTION('',(1.,0.,0.));
#1599 = PCURVE('',#1552,#1600);
#1600 = DEFINITIONAL_REPRESENTATION('',(#1601),#1605);
#1601 = LINE('',#1602,#1603);
#1602 = CARTESIAN_POINT('',(0.,4.563));
#1603 = VECTOR('',#1604,1.);
#1604 = DIRECTION('',(1.,0.));
#1605 = ( GEOMETRIC_REPRESENTATION_CONTEXT(2) 
PARAMETRIC_REPRESENTATION_CONTEXT() REPRESENTATION_CONTEXT('2D SPACE',''
  ) );
#1606 = PCURVE('',#1607,#1612);
#1607 = CONICAL_SURFACE('',#1608,50.649342799681,2.49341409253E-02);
#1608 = AXIS2_PLACEMENT_3D('',#1609,#1610,#1611);
#1609 = CARTESIAN_POINT('',(0.,0.,804.949));
#1610 = DIRECTION('',(0.,0.,1.));
#1611 = DIRECTION('',(1.,0.,0.));
#1612 = DEFINITIONAL_REPRESENTATION('',(#1613),#1617);
#1613 = LINE('',#1614,#1615);
#1614 = CARTESIAN_POINT('',(0.,0.));
#1615 = VECTOR('',#1616,1.);
#1616 = DIRECTION('',(1.,0.));
#1617 = ( GEOMETRIC_REPRESENTATION_CONTEXT(2) 
PARAMETRIC_REPRESENTATION_CONTEXT() REPRESENTATION_CONTEXT('2D SPACE',''
  ) );
#1618 = ORIENTED_EDGE('',*,*,#1569,.F.);
#1619 = ADVANCED_FACE('',(#1620),#1607,.T.);
#1620 = FACE_BOUND('',#1621,.T.);
#1621 = EDGE_LOOP('',(#1622,#1623,#1646,#1673));
#1622 = ORIENTED_EDGE('',*,*,#1592,.T.);
#1623 = ORIENTED_EDGE('',*,*,#1624,.T.);
#1624 = EDGE_CURVE('',#1570,#1625,#1627,.T.);
#1625 = VERTEX_POINT('',#1626);
#1626 = CARTESIAN_POINT('',(50.763140868885,0.,809.512));
#1627 = SEAM_CURVE('',#1628,(#1632,#1639),.PCURVE_S1.);
#1628 = LINE('',#1629,#1630);
#1629 = CARTESIAN_POINT('',(50.649342799681,0.,804.949));
#1630 = VECTOR('',#1631,1.);
#1631 = DIRECTION('',(2.493155736574E-02,0.,0.999689160413));
#1632 = PCURVE('',#1607,#1633);
#1633 = DEFINITIONAL_REPRESENTATION('',(#1634),#1638);
#1634 = LINE('',#1635,#1636);
#1635 = CARTESIAN_POINT('',(6.28318530718,0.));
#1636 = VECTOR('',#1637,1.);
#1637 = DIRECTION('',(0.,1.));
#1638 = ( GEOMETRIC_REPRESENTATION_CONTEXT(2) 
PARAMETRIC_REPRESENTATION_CONTEXT() REPRESENTATION_CONTEXT('2D SPACE',''
  ) );
#1639 = PCURVE('',#1607,#1640);
#1640 = DEFINITIONAL_REPRESENTATION('',(#1641),#1645);
#1641 = LINE('',#1642,#1643);
#1642 = CARTESIAN_POINT('',(4.138911435803E-13,0.));
#1643 = VECTOR('',#1644,1.);
#1644 = DIRECTION('',(0.,1.));
#1645 = ( GEOMETRIC_REPRESENTATION_CONTEXT(2) 
PARAMETRIC_REPRESENTATION_CONTEXT() REPRESENTATION_CONTEXT('2D SPACE',''
  ) );
#1646 = ORIENTED_EDGE('',*,*,#1647,.F.);
#1647 = EDGE_CURVE('',#1625,#1625,#1648,.T.);
#1648 = SURFACE_CURVE('',#1649,(#1654,#1661),.PCURVE_S1.);
#1649 = CIRCLE('',#1650,50.763140868885);
#1650 = AXIS2_PLACEMENT_3D('',#1651,#1652,#1653);
#1651 = CARTESIAN_POINT('',(0.,0.,809.512));
#1652 = DIRECTION('',(0.,0.,1.));
#1653 = DIRECTION('',(1.,0.,0.));
#1654 = PCURVE('',#1607,#1655);
#1655 = DEFINITIONAL_REPRESENTATION('',(#1656),#1660);
#1656 = LINE('',#1657,#1658);
#1657 = CARTESIAN_POINT('',(0.,4.563));
#1658 = VECTOR('',#1659,1.);
#1659 = DIRECTION('',(1.,0.));
#1660 = ( GEOMETRIC_REPRESENTATION_CONTEXT(2) 
PARAMETRIC_REPRESENTATION_CONTEXT() REPRESENTATION_CONTEXT('2D SPACE',''
  ) );
#1661 = PCURVE('',#1662,#1667);
#1662 = CONICAL_SURFACE('',#1663,50.763140868885,2.44591083302E-02);
#1663 = AXIS2_PLACEMENT_3D('',#1664,#1665,#1666);
#1664 = CARTESIAN_POINT('',(0.,0.,809.512));
#1665 = DIRECTION('',(0.,0.,1.));
#1666 = DIRECTION('',(1.,0.,0.));
#1667 = DEFINITIONAL_REPRESENTATION('',(#1668),#1672);
#1668 = LINE('',#1669,#1670);
#1669 = CARTESIAN_POINT('',(0.,0.));
#1670 = VECTOR('',#1671,1.);
#1671 = DIRECTION('',(1.,0.));
#1672 = ( GEOMETRIC_REPRESENTATION_CONTEXT(2) 
PARAMETRIC_REPRESENTATION_CONTEXT() REPRESENTATION_CONTEXT('2D SPACE',''
  ) );
#1673 = ORIENTED_EDGE('',*,*,#1624,.F.);
#1674 = ADVANCED_FACE('',(#1675),#1662,.T.);
#1675 = FACE_BOUND('',#1676,.T.);
#1676 = EDGE_LOOP('',(#1677,#1678,#1701,#1728));
#1677 = ORIENTED_EDGE('',*,*,#1647,.T.);
#1678 = ORIENTED_EDGE('',*,*,#1679,.T.);
#1679 = EDGE_CURVE('',#1625,#1680,#1682,.T.);
#1680 = VERTEX_POINT('',#1681);
#1681 = CARTESIAN_POINT('',(50.874770041726,0.,814.075));
#1682 = SEAM_CURVE('',#1683,(#1687,#1694),.PCURVE_S1.);
#1683 = LINE('',#1684,#1685);
#1684 = CARTESIAN_POINT('',(50.763140868885,0.,809.512));
#1685 = VECTOR('',#1686,1.);
#1686 = DIRECTION('',(2.445666963446E-02,0.,0.999700890922));
#1687 = PCURVE('',#1662,#1688);
#1688 = DEFINITIONAL_REPRESENTATION('',(#1689),#1693);
#1689 = LINE('',#1690,#1691);
#1690 = CARTESIAN_POINT('',(6.28318530718,0.));
#1691 = VECTOR('',#1692,1.);
#1692 = DIRECTION('',(0.,1.));
#1693 = ( GEOMETRIC_REPRESENTATION_CONTEXT(2) 
PARAMETRIC_REPRESENTATION_CONTEXT() REPRESENTATION_CONTEXT('2D SPACE',''
  ) );
#1694 = PCURVE('',#1662,#1695);
#1695 = DEFINITIONAL_REPRESENTATION('',(#1696),#1700);
#1696 = LINE('',#1697,#1698);
#1697 = CARTESIAN_POINT('',(4.138911435803E-13,0.));
#1698 = VECTOR('',#1699,1.);
#1699 = DIRECTION('',(0.,1.));
#1700 = ( GEOMETRIC_REPRESENTATION_CONTEXT(2) 
PARAMETRIC_REPRESENTATION_CONTEXT() REPRESENTATION_CONTEXT('2D SPACE',''
  ) );
#1701 = ORIENTED_EDGE('',*,*,#1702,.F.);
#1702 = EDGE_CURVE('',#1680,#1680,#1703,.T.);
#1703 = SURFACE_CURVE('',#1704,(#1709,#1716),.PCURVE_S1.);
#1704 = CIRCLE('',#1705,50.874770041726);
#1705 = AXIS2_PLACEMENT_3D('',#1706,#1707,#1708);
#1706 = CARTESIAN_POINT('',(0.,0.,814.075));
#1707 = DIRECTION('',(0.,0.,1.));
#1708 = DIRECTION('',(1.,0.,0.));
#1709 = PCURVE('',#1662,#1710);
#1710 = DEFINITIONAL_REPRESENTATION('',(#1711),#1715);
#1711 = LINE('',#1712,#1713);
#1712 = CARTESIAN_POINT('',(0.,4.563));
#1713 = VECTOR('',#1714,1.);
#1714 = DIRECTION('',(1.,0.));
#1715 = ( GEOMETRIC_REPRESENTATION_CONTEXT(2) 
PARAMETRIC_REPRESENTATION_CONTEXT() REPRESENTATION_CONTEXT('2D SPACE',''
  ) );
#1716 = PCURVE('',#1717,#1722);
#1717 = CONICAL_SURFACE('',#1718,50.874770041726,2.397235539099E-02);
#1718 = AXIS2_PLACEMENT_3D('',#1719,#1720,#1721);
#1719 = CARTESIAN_POINT('',(0.,0.,814.075));
#1720 = DIRECTION('',(0.,0.,1.));
#1721 = DIRECTION('',(1.,0.,0.));
#1722 = DEFINITIONAL_REPRESENTATION('',(#1723),#1727);
#1723 = LINE('',#1724,#1725);
#1724 = CARTESIAN_POINT('',(0.,0.));
#1725 = VECTOR('',#1726,1.);
#1726 = DIRECTION('',(1.,0.));
#1727 = ( GEOMETRIC_REPRESENTATION_CONTEXT(2) 
PARAMETRIC_REPRESENTATION_CONTEXT() REPRESENTATION_CONTEXT('2D SPACE',''
  ) );
#1728 = ORIENTED_EDGE('',*,*,#1679,.F.);
#1729 = ADVANCED_FACE('',(#1730),#1717,.T.);
#1730 = FACE_BOUND('',#1731,.T.);
#1731 = EDGE_LOOP('',(#1732,#1733,#1756,#1783));
#1732 = ORIENTED_EDGE('',*,*,#1702,.T.);
#1733 = ORIENTED_EDGE('',*,*,#1734,.T.);
#1734 = EDGE_CURVE('',#1680,#1735,#1737,.T.);
#1735 = VERTEX_POINT('',#1736);
#1736 = CARTESIAN_POINT('',(50.984176857923,0.,818.638));
#1737 = SEAM_CURVE('',#1738,(#1742,#1749),.PCURVE_S1.);
#1738 = LINE('',#1739,#1740);
#1739 = CARTESIAN_POINT('',(50.874770041726,0.,814.075));
#1740 = VECTOR('',#1741,1.);
#1741 = DIRECTION('',(2.397005940937E-02,0.,0.999712676849));
#1742 = PCURVE('',#1717,#1743);
#1743 = DEFINITIONAL_REPRESENTATION('',(#1744),#1748);
#1744 = LINE('',#1745,#1746);
#1745 = CARTESIAN_POINT('',(6.28318530718,0.));
#1746 = VECTOR('',#1747,1.);
#1747 = DIRECTION('',(0.,1.));
#1748 = ( GEOMETRIC_REPRESENTATION_CONTEXT(2) 
PARAMETRIC_REPRESENTATION_CONTEXT() REPRESENTATION_CONTEXT('2D SPACE',''
  ) );
#1749 = PCURVE('',#1717,#1750);
#1750 = DEFINITIONAL_REPRESENTATION('',(#1751),#1755);
#1751 = LINE('',#1752,#1753);
#1752 = CARTESIAN_POINT('',(4.138911435803E-13,0.));
#1753 = VECTOR('',#1754,1.);
#1754 = DIRECTION('',(0.,1.));
#1755 = ( GEOMETRIC_REPRESENTATION_CONTEXT(2) 
PARAMETRIC_REPRESENTATION_CONTEXT() REPRESENTATION_CONTEXT('2D SPACE',''
  ) );
#1756 = ORIENTED_EDGE('',*,*,#1757,.F.);
#1757 = EDGE_CURVE('',#1735,#1735,#1758,.T.);
#1758 = SURFACE_CURVE('',#1759,(#1764,#1771),.PCURVE_S1.);
#1759 = CIRCLE('',#1760,50.984176857923);
#1760 = AXIS2_PLACEMENT_3D('',#1761,#1762,#1763);
#1761 = CARTESIAN_POINT('',(0.,0.,818.638));
#1762 = DIRECTION('',(0.,0.,1.));
#1763 = DIRECTION('',(1.,0.,0.));
#1764 = PCURVE('',#1717,#1765);
#1765 = DEFINITIONAL_REPRESENTATION('',(#1766),#1770);
#1766 = LINE('',#1767,#1768);
#1767 = CARTESIAN_POINT('',(0.,4.563));
#1768 = VECTOR('',#1769,1.);
#1769 = DIRECTION('',(1.,0.));
#1770 = ( GEOMETRIC_REPRESENTATION_CONTEXT(2) 
PARAMETRIC_REPRESENTATION_CONTEXT() REPRESENTATION_CONTEXT('2D SPACE',''
  ) );
#1771 = PCURVE('',#1772,#1777);
#1772 = CONICAL_SURFACE('',#1773,50.984176857923,2.347388150983E-02);
#1773 = AXIS2_PLACEMENT_3D('',#1774,#1775,#1776);
#1774 = CARTESIAN_POINT('',(0.,0.,818.638));
#1775 = DIRECTION('',(0.,0.,1.));
#1776 = DIRECTION('',(1.,0.,0.));
#1777 = DEFINITIONAL_REPRESENTATION('',(#1778),#1782);
#1778 = LINE('',#1779,#1780);
#1779 = CARTESIAN_POINT('',(0.,0.));
#1780 = VECTOR('',#1781,1.);
#1781 = DIRECTION('',(1.,0.));
#1782 = ( GEOMETRIC_REPRESENTATION_CONTEXT(2) 
PARAMETRIC_REPRESENTATION_CONTEXT() REPRESENTATION_CONTEXT('2D SPACE',''
  ) );
#1783 = ORIENTED_EDGE('',*,*,#1734,.F.);
#1784 = ADVANCED_FACE('',(#1785),#1772,.T.);
#1785 = FACE_BOUND('',#1786,.T.);
#1786 = EDGE_LOOP('',(#1787,#1788,#1811,#1838));
#1787 = ORIENTED_EDGE('',*,*,#1757,.T.);
#1788 = ORIENTED_EDGE('',*,*,#1789,.T.);
#1789 = EDGE_CURVE('',#1735,#1790,#1792,.T.);
#1790 = VERTEX_POINT('',#1791);
#1791 = CARTESIAN_POINT('',(51.091307857194,0.,823.201));
#1792 = SEAM_CURVE('',#1793,(#1797,#1804),.PCURVE_S1.);
#1793 = LINE('',#1794,#1795);
#1794 = CARTESIAN_POINT('',(50.984176857923,0.,818.638));
#1795 = VECTOR('',#1796,1.);
#1796 = DIRECTION('',(2.347172579408E-02,0.,0.999724501094));
#1797 = PCURVE('',#1772,#1798);
#1798 = DEFINITIONAL_REPRESENTATION('',(#1799),#1803);
#1799 = LINE('',#1800,#1801);
#1800 = CARTESIAN_POINT('',(6.28318530718,0.));
#1801 = VECTOR('',#1802,1.);
#1802 = DIRECTION('',(0.,1.));
#1803 = ( GEOMETRIC_REPRESENTATION_CONTEXT(2) 
PARAMETRIC_REPRESENTATION_CONTEXT() REPRESENTATION_CONTEXT('2D SPACE',''
  ) );
#1804 = PCURVE('',#1772,#1805);
#1805 = DEFINITIONAL_REPRESENTATION('',(#1806),#1810);
#1806 = LINE('',#1807,#1808);
#1807 = CARTESIAN_POINT('',(4.138911435803E-13,0.));
#1808 = VECTOR('',#1809,1.);
#1809 = DIRECTION('',(0.,1.));
#1810 = ( GEOMETRIC_REPRESENTATION_CONTEXT(2) 
PARAMETRIC_REPRESENTATION_CONTEXT() REPRESENTATION_CONTEXT('2D SPACE',''
  ) );
#1811 = ORIENTED_EDGE('',*,*,#1812,.F.);
#1812 = EDGE_CURVE('',#1790,#1790,#1813,.T.);
#1813 = SURFACE_CURVE('',#1814,(#1819,#1826),.PCURVE_S1.);
#1814 = CIRCLE('',#1815,51.091307857194);
#1815 = AXIS2_PLACEMENT_3D('',#1816,#1817,#1818);
#1816 = CARTESIAN_POINT('',(0.,0.,823.201));
#1817 = DIRECTION('',(0.,0.,1.));
#1818 = DIRECTION('',(1.,0.,0.));
#1819 = PCURVE('',#1772,#1820);
#1820 = DEFINITIONAL_REPRESENTATION('',(#1821),#1825);
#1821 = LINE('',#1822,#1823);
#1822 = CARTESIAN_POINT('',(0.,4.563));
#1823 = VECTOR('',#1824,1.);
#1824 = DIRECTION('',(1.,0.));
#1825 = ( GEOMETRIC_REPRESENTATION_CONTEXT(2) 
PARAMETRIC_REPRESENTATION_CONTEXT() REPRESENTATION_CONTEXT('2D SPACE',''
  ) );
#1826 = PCURVE('',#1827,#1832);
#1827 = CONICAL_SURFACE('',#1828,51.091307857194,2.296368610327E-02);
#1828 = AXIS2_PLACEMENT_3D('',#1829,#1830,#1831);
#1829 = CARTESIAN_POINT('',(0.,0.,823.201));
#1830 = DIRECTION('',(0.,0.,1.));
#1831 = DIRECTION('',(1.,0.,0.));
#1832 = DEFINITIONAL_REPRESENTATION('',(#1833),#1837);
#1833 = LINE('',#1834,#1835);
#1834 = CARTESIAN_POINT('',(0.,0.));
#1835 = VECTOR('',#1836,1.);
#1836 = DIRECTION('',(1.,0.));
#1837 = ( GEOMETRIC_REPRESENTATION_CONTEXT(2) 
PARAMETRIC_REPRESENTATION_CONTEXT() REPRESENTATION_CONTEXT('2D SPACE',''
  ) );
#1838 = ORIENTED_EDGE('',*,*,#1789,.F.);
#1839 = ADVANCED_FACE('',(#1840),#1827,.T.);
#1840 = FACE_BOUND('',#1841,.T.);
#1841 = EDGE_LOOP('',(#1842,#1843,#1866,#1893));
#1842 = ORIENTED_EDGE('',*,*,#1812,.T.);
#1843 = ORIENTED_EDGE('',*,*,#1844,.T.);
#1844 = EDGE_CURVE('',#1790,#1845,#1847,.T.);
#1845 = VERTEX_POINT('',#1846);
#1846 = CARTESIAN_POINT('',(51.196109579259,0.,827.764));
#1847 = SEAM_CURVE('',#1848,(#1852,#1859),.PCURVE_S1.);
#1848 = LINE('',#1849,#1850);
#1849 = CARTESIAN_POINT('',(51.091307857194,0.,823.201));
#1850 = VECTOR('',#1851,1.);
#1851 = DIRECTION('',(2.296166791295E-02,0.,0.999736346147));
#1852 = PCURVE('',#1827,#1853);
#1853 = DEFINITIONAL_REPRESENTATION('',(#1854),#1858);
#1854 = LINE('',#1855,#1856);
#1855 = CARTESIAN_POINT('',(6.28318530718,0.));
#1856 = VECTOR('',#1857,1.);
#1857 = DIRECTION('',(0.,1.));
#1858 = ( GEOMETRIC_REPRESENTATION_CONTEXT(2) 
PARAMETRIC_REPRESENTATION_CONTEXT() REPRESENTATION_CONTEXT('2D SPACE',''
  ) );
#1859 = PCURVE('',#1827,#1860);
#1860 = DEFINITIONAL_REPRESENTATION('',(#1861),#1865);
#1861 = LINE('',#1862,#1863);
#1862 = CARTESIAN_POINT('',(4.138911435803E-13,0.));
#1863 = VECTOR('',#1864,1.);
#1864 = DIRECTION('',(0.,1.));
#1865 = ( GEOMETRIC_REPRESENTATION_CONTEXT(2) 
PARAMETRIC_REPRESENTATION_CONTEXT() REPRESENTATION_CONTEXT('2D SPACE',''
  ) );
#1866 = ORIENTED_EDGE('',*,*,#1867,.F.);
#1867 = EDGE_CURVE('',#1845,#1845,#1868,.T.);
#1868 = SURFACE_CURVE('',#1869,(#1874,#1881),.PCURVE_S1.);
#1869 = CIRCLE('',#1870,51.196109579259);
#1870 = AXIS2_PLACEMENT_3D('',#1871,#1872,#1873);
#1871 = CARTESIAN_POINT('',(0.,0.,827.764));
#1872 = DIRECTION('',(0.,0.,1.));
#1873 = DIRECTION('',(1.,0.,0.));
#1874 = PCURVE('',#1827,#1875);
#1875 = DEFINITIONAL_REPRESENTATION('',(#1876),#1880);
#1876 = LINE('',#1877,#1878);
#1877 = CARTESIAN_POINT('',(0.,4.563));
#1878 = VECTOR('',#1879,1.);
#1879 = DIRECTION('',(1.,0.));
#1880 = ( GEOMETRIC_REPRESENTATION_CONTEXT(2) 
PARAMETRIC_REPRESENTATION_CONTEXT() REPRESENTATION_CONTEXT('2D SPACE',''
  ) );
#1881 = PCURVE('',#1882,#1887);
#1882 = CONICAL_SURFACE('',#1883,51.196109579259,2.244176860426E-02);
#1883 = AXIS2_PLACEMENT_3D('',#1884,#1885,#1886);
#1884 = CARTESIAN_POINT('',(0.,0.,827.764));
#1885 = DIRECTION('',(0.,0.,1.));
#1886 = DIRECTION('',(1.,0.,0.));
#1887 = DEFINITIONAL_REPRESENTATION('',(#1888),#1892);
#1888 = LINE('',#1889,#1890);
#1889 = CARTESIAN_POINT('',(0.,0.));
#1890 = VECTOR('',#1891,1.);
#1891 = DIRECTION('',(1.,0.));
#1892 = ( GEOMETRIC_REPRESENTATION_CONTEXT(2) 
PARAMETRIC_REPRESENTATION_CONTEXT() REPRESENTATION_CONTEXT('2D SPACE',''
  ) );
#1893 = ORIENTED_EDGE('',*,*,#1844,.F.);
#1894 = ADVANCED_FACE('',(#1895),#1882,.T.);
#1895 = FACE_BOUND('',#1896,.T.);
#1896 = EDGE_LOOP('',(#1897,#1898,#1921,#1948));
#1897 = ORIENTED_EDGE('',*,*,#1867,.T.);
#1898 = ORIENTED_EDGE('',*,*,#1899,.T.);
#1899 = EDGE_CURVE('',#1845,#1900,#1902,.T.);
#1900 = VERTEX_POINT('',#1901);
#1901 = CARTESIAN_POINT('',(51.298528563837,0.,832.327));
#1902 = SEAM_CURVE('',#1903,(#1907,#1914),.PCURVE_S1.);
#1903 = LINE('',#1904,#1905);
#1904 = CARTESIAN_POINT('',(51.196109579259,0.,827.764));
#1905 = VECTOR('',#1906,1.);
#1906 = DIRECTION('',(2.243988491597E-02,0.,0.999748194079));
#1907 = PCURVE('',#1882,#1908);
#1908 = DEFINITIONAL_REPRESENTATION('',(#1909),#1913);
#1909 = LINE('',#1910,#1911);
#1910 = CARTESIAN_POINT('',(6.28318530718,0.));
#1911 = VECTOR('',#1912,1.);
#1912 = DIRECTION('',(0.,1.));
#1913 = ( GEOMETRIC_REPRESENTATION_CONTEXT(2) 
PARAMETRIC_REPRESENTATION_CONTEXT() REPRESENTATION_CONTEXT('2D SPACE',''
  ) );
#1914 = PCURVE('',#1882,#1915);
#1915 = DEFINITIONAL_REPRESENTATION('',(#1916),#1920);
#1916 = LINE('',#1917,#1918);
#1917 = CARTESIAN_POINT('',(4.138911435803E-13,0.));
#1918 = VECTOR('',#1919,1.);
#1919 = DIRECTION('',(0.,1.));
#1920 = ( GEOMETRIC_REPRESENTATION_CONTEXT(2) 
PARAMETRIC_REPRESENTATION_CONTEXT() REPRESENTATION_CONTEXT('2D SPACE',''
  ) );
#1921 = ORIENTED_EDGE('',*,*,#1922,.F.);
#1922 = EDGE_CURVE('',#1900,#1900,#1923,.T.);
#1923 = SURFACE_CURVE('',#1924,(#1929,#1936),.PCURVE_S1.);
#1924 = CIRCLE('',#1925,51.298528563837);
#1925 = AXIS2_PLACEMENT_3D('',#1926,#1927,#1928);
#1926 = CARTESIAN_POINT('',(0.,0.,832.327));
#1927 = DIRECTION('',(0.,0.,1.));
#1928 = DIRECTION('',(1.,0.,0.));
#1929 = PCURVE('',#1882,#1930);
#1930 = DEFINITIONAL_REPRESENTATION('',(#1931),#1935);
#1931 = LINE('',#1932,#1933);
#1932 = CARTESIAN_POINT('',(0.,4.563));
#1933 = VECTOR('',#1934,1.);
#1934 = DIRECTION('',(1.,0.));
#1935 = ( GEOMETRIC_REPRESENTATION_CONTEXT(2) 
PARAMETRIC_REPRESENTATION_CONTEXT() REPRESENTATION_CONTEXT('2D SPACE',''
  ) );
#1936 = PCURVE('',#1937,#1942);
#1937 = CONICAL_SURFACE('',#1938,51.298528563837,2.190812846426E-02);
#1938 = AXIS2_PLACEMENT_3D('',#1939,#1940,#1941);
#1939 = CARTESIAN_POINT('',(0.,0.,832.327));
#1940 = DIRECTION('',(0.,0.,1.));
#1941 = DIRECTION('',(1.,0.,0.));
#1942 = DEFINITIONAL_REPRESENTATION('',(#1943),#1947);
#1943 = LINE('',#1944,#1945);
#1944 = CARTESIAN_POINT('',(0.,0.));
#1945 = VECTOR('',#1946,1.);
#1946 = DIRECTION('',(1.,0.));
#1947 = ( GEOMETRIC_REPRESENTATION_CONTEXT(2) 
PARAMETRIC_REPRESENTATION_CONTEXT() REPRESENTATION_CONTEXT('2D SPACE',''
  ) );
#1948 = ORIENTED_EDGE('',*,*,#1899,.F.);
#1949 = ADVANCED_FACE('',(#1950),#1937,.T.);
#1950 = FACE_BOUND('',#1951,.T.);
#1951 = EDGE_LOOP('',(#1952,#1953,#1976,#2003));
#1952 = ORIENTED_EDGE('',*,*,#1922,.T.);
#1953 = ORIENTED_EDGE('',*,*,#1954,.T.);
#1954 = EDGE_CURVE('',#1900,#1955,#1957,.T.);
#1955 = VERTEX_POINT('',#1956);
#1956 = CARTESIAN_POINT('',(51.398511350647,0.,836.89));
#1957 = SEAM_CURVE('',#1958,(#1962,#1969),.PCURVE_S1.);
#1958 = LINE('',#1959,#1960);
#1959 = CARTESIAN_POINT('',(51.298528563837,0.,832.327));
#1960 = VECTOR('',#1961,1.);
#1961 = DIRECTION('',(2.190637597985E-02,0.,0.999760026552));
#1962 = PCURVE('',#1937,#1963);
#1963 = DEFINITIONAL_REPRESENTATION('',(#1964),#1968);
#1964 = LINE('',#1965,#1966);
#1965 = CARTESIAN_POINT('',(6.28318530718,0.));
#1966 = VECTOR('',#1967,1.);
#1967 = DIRECTION('',(0.,1.));
#1968 = ( GEOMETRIC_REPRESENTATION_CONTEXT(2) 
PARAMETRIC_REPRESENTATION_CONTEXT() REPRESENTATION_CONTEXT('2D SPACE',''
  ) );
#1969 = PCURVE('',#1937,#1970);
#1970 = DEFINITIONAL_REPRESENTATION('',(#1971),#1975);
#1971 = LINE('',#1972,#1973);
#1972 = CARTESIAN_POINT('',(4.138911435803E-13,0.));
#1973 = VECTOR('',#1974,1.);
#1974 = DIRECTION('',(0.,1.));
#1975 = ( GEOMETRIC_REPRESENTATION_CONTEXT(2) 
PARAMETRIC_REPRESENTATION_CONTEXT() REPRESENTATION_CONTEXT('2D SPACE',''
  ) );
#1976 = ORIENTED_EDGE('',*,*,#1977,.F.);
#1977 = EDGE_CURVE('',#1955,#1955,#1978,.T.);
#1978 = SURFACE_CURVE('',#1979,(#1984,#1991),.PCURVE_S1.);
#1979 = CIRCLE('',#1980,51.398511350647);
#1980 = AXIS2_PLACEMENT_3D('',#1981,#1982,#1983);
#1981 = CARTESIAN_POINT('',(0.,0.,836.89));
#1982 = DIRECTION('',(0.,0.,1.));
#1983 = DIRECTION('',(1.,0.,0.));
#1984 = PCURVE('',#1937,#1985);
#1985 = DEFINITIONAL_REPRESENTATION('',(#1986),#1990);
#1986 = LINE('',#1987,#1988);
#1987 = CARTESIAN_POINT('',(0.,4.563));
#1988 = VECTOR('',#1989,1.);
#1989 = DIRECTION('',(1.,0.));
#1990 = ( GEOMETRIC_REPRESENTATION_CONTEXT(2) 
PARAMETRIC_REPRESENTATION_CONTEXT() REPRESENTATION_CONTEXT('2D SPACE',''
  ) );
#1991 = PCURVE('',#1992,#1997);
#1992 = CONICAL_SURFACE('',#1993,51.398511350647,2.13627651554E-02);
#1993 = AXIS2_PLACEMENT_3D('',#1994,#1995,#1996);
#1994 = CARTESIAN_POINT('',(0.,0.,836.89));
#1995 = DIRECTION('',(0.,0.,1.));
#1996 = DIRECTION('',(1.,0.,0.));
#1997 = DEFINITIONAL_REPRESENTATION('',(#1998),#2002);
#1998 = LINE('',#1999,#2000);
#1999 = CARTESIAN_POINT('',(0.,0.));
#2000 = VECTOR('',#2001,1.);
#2001 = DIRECTION('',(1.,0.));
#2002 = ( GEOMETRIC_REPRESENTATION_CONTEXT(2) 
PARAMETRIC_REPRESENTATION_CONTEXT() REPRESENTATION_CONTEXT('2D SPACE',''
  ) );
#2003 = ORIENTED_EDGE('',*,*,#1954,.F.);
#2004 = ADVANCED_FACE('',(#2005),#1992,.T.);
#2005 = FACE_BOUND('',#2006,.T.);
#2006 = EDGE_LOOP('',(#2007,#2008,#2031,#2058));
#2007 = ORIENTED_EDGE('',*,*,#1977,.T.);
#2008 = ORIENTED_EDGE('',*,*,#2009,.T.);
#2009 = EDGE_CURVE('',#1955,#2010,#2012,.T.);
#2010 = VERTEX_POINT('',#2011);
#2011 = CARTESIAN_POINT('',(51.496004479409,0.,841.453));
#2012 = SEAM_CURVE('',#2013,(#2017,#2024),.PCURVE_S1.);
#2013 = LINE('',#2014,#2015);
#2014 = CARTESIAN_POINT('',(51.398511350647,0.,836.89));
#2015 = VECTOR('',#2016,1.);
#2016 = DIRECTION('',(2.136114031309E-02,0.,0.99977182481));
#2017 = PCURVE('',#1992,#2018);
#2018 = DEFINITIONAL_REPRESENTATION('',(#2019),#2023);
#2019 = LINE('',#2020,#2021);
#2020 = CARTESIAN_POINT('',(6.28318530718,0.));
#2021 = VECTOR('',#2022,1.);
#2022 = DIRECTION('',(0.,1.));
#2023 = ( GEOMETRIC_REPRESENTATION_CONTEXT(2) 
PARAMETRIC_REPRESENTATION_CONTEXT() REPRESENTATION_CONTEXT('2D SPACE',''
  ) );
#2024 = PCURVE('',#1992,#2025);
#2025 = DEFINITIONAL_REPRESENTATION('',(#2026),#2030);
#2026 = LINE('',#2027,#2028);
#2027 = CARTESIAN_POINT('',(4.138911435803E-13,0.));
#2028 = VECTOR('',#2029,1.);
#2029 = DIRECTION('',(0.,1.));
#2030 = ( GEOMETRIC_REPRESENTATION_CONTEXT(2) 
PARAMETRIC_REPRESENTATION_CONTEXT() REPRESENTATION_CONTEXT('2D SPACE',''
  ) );
#2031 = ORIENTED_EDGE('',*,*,#2032,.F.);
#2032 = EDGE_CURVE('',#2010,#2010,#2033,.T.);
#2033 = SURFACE_CURVE('',#2034,(#2039,#2046),.PCURVE_S1.);
#2034 = CIRCLE('',#2035,51.496004479409);
#2035 = AXIS2_PLACEMENT_3D('',#2036,#2037,#2038);
#2036 = CARTESIAN_POINT('',(0.,0.,841.453));
#2037 = DIRECTION('',(0.,0.,1.));
#2038 = DIRECTION('',(1.,0.,0.));
#2039 = PCURVE('',#1992,#2040);
#2040 = DEFINITIONAL_REPRESENTATION('',(#2041),#2045);
#2041 = LINE('',#2042,#2043);
#2042 = CARTESIAN_POINT('',(0.,4.563));
#2043 = VECTOR('',#2044,1.);
#2044 = DIRECTION('',(1.,0.));
#2045 = ( GEOMETRIC_REPRESENTATION_CONTEXT(2) 
PARAMETRIC_REPRESENTATION_CONTEXT() REPRESENTATION_CONTEXT('2D SPACE',''
  ) );
#2046 = PCURVE('',#2047,#2052);
#2047 = CONICAL_SURFACE('',#2048,51.496004479409,2.080567817268E-02);
#2048 = AXIS2_PLACEMENT_3D('',#2049,#2050,#2051);
#2049 = CARTESIAN_POINT('',(0.,0.,841.453));
#2050 = DIRECTION('',(0.,0.,1.));
#2051 = DIRECTION('',(1.,0.,0.));
#2052 = DEFINITIONAL_REPRESENTATION('',(#2053),#2057);
#2053 = LINE('',#2054,#2055);
#2054 = CARTESIAN_POINT('',(0.,0.));
#2055 = VECTOR('',#2056,1.);
#2056 = DIRECTION('',(1.,0.));
#2057 = ( GEOMETRIC_REPRESENTATION_CONTEXT(2) 
PARAMETRIC_REPRESENTATION_CONTEXT() REPRESENTATION_CONTEXT('2D SPACE',''
  ) );
#2058 = ORIENTED_EDGE('',*,*,#2009,.F.);
#2059 = ADVANCED_FACE('',(#2060),#2047,.T.);
#2060 = FACE_BOUND('',#2061,.T.);
#2061 = EDGE_LOOP('',(#2062,#2063,#2086,#2113));
#2062 = ORIENTED_EDGE('',*,*,#2032,.T.);
#2063 = ORIENTED_EDGE('',*,*,#2064,.T.);
#2064 = EDGE_CURVE('',#2010,#2065,#2067,.T.);
#2065 = VERTEX_POINT('',#2066);
#2066 = CARTESIAN_POINT('',(51.590954489841,0.,846.016));
#2067 = SEAM_CURVE('',#2068,(#2072,#2079),.PCURVE_S1.);
#2068 = LINE('',#2069,#2070);
#2069 = CARTESIAN_POINT('',(51.496004479409,0.,841.453));
#2070 = VECTOR('',#2071,1.);
#2071 = DIRECTION('',(2.080417715794E-02,0.,0.999783569685));
#2072 = PCURVE('',#2047,#2073);
#2073 = DEFINITIONAL_REPRESENTATION('',(#2074),#2078);
#2074 = LINE('',#2075,#2076);
#2075 = CARTESIAN_POINT('',(6.28318530718,0.));
#2076 = VECTOR('',#2077,1.);
#2077 = DIRECTION('',(0.,1.));
#2078 = ( GEOMETRIC_REPRESENTATION_CONTEXT(2) 
PARAMETRIC_REPRESENTATION_CONTEXT() REPRESENTATION_CONTEXT('2D SPACE',''
  ) );
#2079 = PCURVE('',#2047,#2080);
#2080 = DEFINITIONAL_REPRESENTATION('',(#2081),#2085);
#2081 = LINE('',#2082,#2083);
#2082 = CARTESIAN_POINT('',(4.138911435803E-13,0.));
#2083 = VECTOR('',#2084,1.);
#2084 = DIRECTION('',(0.,1.));
#2085 = ( GEOMETRIC_REPRESENTATION_CONTEXT(2) 
PARAMETRIC_REPRESENTATION_CONTEXT() REPRESENTATION_CONTEXT('2D SPACE',''
  ) );
#2086 = ORIENTED_EDGE('',*,*,#2087,.F.);
#2087 = EDGE_CURVE('',#2065,#2065,#2088,.T.);
#2088 = SURFACE_CURVE('',#2089,(#2094,#2101),.PCURVE_S1.);
#2089 = CIRCLE('',#2090,51.590954489841);
#2090 = AXIS2_PLACEMENT_3D('',#2091,#2092,#2093);
#2091 = CARTESIAN_POINT('',(0.,0.,846.016));
#2092 = DIRECTION('',(0.,0.,1.));
#2093 = DIRECTION('',(1.,0.,0.));
#2094 = PCURVE('',#2047,#2095);
#2095 = DEFINITIONAL_REPRESENTATION('',(#2096),#2100);
#2096 = LINE('',#2097,#2098);
#2097 = CARTESIAN_POINT('',(0.,4.563));
#2098 = VECTOR('',#2099,1.);
#2099 = DIRECTION('',(1.,0.));
#2100 = ( GEOMETRIC_REPRESENTATION_CONTEXT(2) 
PARAMETRIC_REPRESENTATION_CONTEXT() REPRESENTATION_CONTEXT('2D SPACE',''
  ) );
#2101 = PCURVE('',#2102,#2107);
#2102 = CONICAL_SURFACE('',#2103,51.590954489841,2.023686703621E-02);
#2103 = AXIS2_PLACEMENT_3D('',#2104,#2105,#2106);
#2104 = CARTESIAN_POINT('',(0.,0.,846.016));
#2105 = DIRECTION('',(0.,0.,1.));
#2106 = DIRECTION('',(1.,0.,0.));
#2107 = DEFINITIONAL_REPRESENTATION('',(#2108),#2112);
#2108 = LINE('',#2109,#2110);
#2109 = CARTESIAN_POINT('',(0.,0.));
#2110 = VECTOR('',#2111,1.);
#2111 = DIRECTION('',(1.,0.));
#2112 = ( GEOMETRIC_REPRESENTATION_CONTEXT(2) 
PARAMETRIC_REPRESENTATION_CONTEXT() REPRESENTATION_CONTEXT('2D SPACE',''
  ) );
#2113 = ORIENTED_EDGE('',*,*,#2064,.F.);
#2114 = ADVANCED_FACE('',(#2115),#2102,.T.);
#2115 = FACE_BOUND('',#2116,.T.);
#2116 = EDGE_LOOP('',(#2117,#2118,#2141,#2168));
#2117 = ORIENTED_EDGE('',*,*,#2087,.T.);
#2118 = ORIENTED_EDGE('',*,*,#2119,.T.);
#2119 = EDGE_CURVE('',#2065,#2120,#2122,.T.);
#2120 = VERTEX_POINT('',#2121);
#2121 = CARTESIAN_POINT('',(51.683307921662,0.,850.579));
#2122 = SEAM_CURVE('',#2123,(#2127,#2134),.PCURVE_S1.);
#2123 = LINE('',#2124,#2125);
#2124 = CARTESIAN_POINT('',(51.590954489841,0.,846.016));
#2125 = VECTOR('',#2126,1.);
#2126 = DIRECTION('',(2.023548579455E-02,0.,0.999795241594));
#2127 = PCURVE('',#2102,#2128);
#2128 = DEFINITIONAL_REPRESENTATION('',(#2129),#2133);
#2129 = LINE('',#2130,#2131);
#2130 = CARTESIAN_POINT('',(6.28318530718,0.));
#2131 = VECTOR('',#2132,1.);
#2132 = DIRECTION('',(0.,1.));
#2133 = ( GEOMETRIC_REPRESENTATION_CONTEXT(2) 
PARAMETRIC_REPRESENTATION_CONTEXT() REPRESENTATION_CONTEXT('2D SPACE',''
  ) );
#2134 = PCURVE('',#2102,#2135);
#2135 = DEFINITIONAL_REPRESENTATION('',(#2136),#2140);
#2136 = LINE('',#2137,#2138);
#2137 = CARTESIAN_POINT('',(4.138911435803E-13,0.));
#2138 = VECTOR('',#2139,1.);
#2139 = DIRECTION('',(0.,1.));
#2140 = ( GEOMETRIC_REPRESENTATION_CONTEXT(2) 
PARAMETRIC_REPRESENTATION_CONTEXT() REPRESENTATION_CONTEXT('2D SPACE',''
  ) );
#2141 = ORIENTED_EDGE('',*,*,#2142,.F.);
#2142 = EDGE_CURVE('',#2120,#2120,#2143,.T.);
#2143 = SURFACE_CURVE('',#2144,(#2149,#2156),.PCURVE_S1.);
#2144 = CIRCLE('',#2145,51.683307921662);
#2145 = AXIS2_PLACEMENT_3D('',#2146,#2147,#2148);
#2146 = CARTESIAN_POINT('',(0.,0.,850.579));
#2147 = DIRECTION('',(0.,0.,1.));
#2148 = DIRECTION('',(1.,0.,0.));
#2149 = PCURVE('',#2102,#2150);
#2150 = DEFINITIONAL_REPRESENTATION('',(#2151),#2155);
#2151 = LINE('',#2152,#2153);
#2152 = CARTESIAN_POINT('',(0.,4.563));
#2153 = VECTOR('',#2154,1.);
#2154 = DIRECTION('',(1.,0.));
#2155 = ( GEOMETRIC_REPRESENTATION_CONTEXT(2) 
PARAMETRIC_REPRESENTATION_CONTEXT() REPRESENTATION_CONTEXT('2D SPACE',''
  ) );
#2156 = PCURVE('',#2157,#2162);
#2157 = CONICAL_SURFACE('',#2158,51.683307921662,1.965633129351E-02);
#2158 = AXIS2_PLACEMENT_3D('',#2159,#2160,#2161);
#2159 = CARTESIAN_POINT('',(0.,0.,850.579));
#2160 = DIRECTION('',(0.,0.,1.));
#2161 = DIRECTION('',(1.,0.,0.));
#2162 = DEFINITIONAL_REPRESENTATION('',(#2163),#2167);
#2163 = LINE('',#2164,#2165);
#2164 = CARTESIAN_POINT('',(0.,0.));
#2165 = VECTOR('',#2166,1.);
#2166 = DIRECTION('',(1.,0.));
#2167 = ( GEOMETRIC_REPRESENTATION_CONTEXT(2) 
PARAMETRIC_REPRESENTATION_CONTEXT() REPRESENTATION_CONTEXT('2D SPACE',''
  ) );
#2168 = ORIENTED_EDGE('',*,*,#2119,.F.);
#2169 = ADVANCED_FACE('',(#2170),#2157,.T.);
#2170 = FACE_BOUND('',#2171,.T.);
#2171 = EDGE_LOOP('',(#2172,#2173,#2196,#2223));
#2172 = ORIENTED_EDGE('',*,*,#2142,.T.);
#2173 = ORIENTED_EDGE('',*,*,#2174,.T.);
#2174 = EDGE_CURVE('',#2120,#2175,#2177,.T.);
#2175 = VERTEX_POINT('',#2176);
#2176 = CARTESIAN_POINT('',(51.773011314593,0.,855.142));
#2177 = SEAM_CURVE('',#2178,(#2182,#2189),.PCURVE_S1.);
#2178 = LINE('',#2179,#2180);
#2179 = CARTESIAN_POINT('',(51.683307921662,0.,850.579));
#2180 = VECTOR('',#2181,1.);
#2181 = DIRECTION('',(1.965506554405E-02,0.,0.99980682054));
#2182 = PCURVE('',#2157,#2183);
#2183 = DEFINITIONAL_REPRESENTATION('',(#2184),#2188);
#2184 = LINE('',#2185,#2186);
#2185 = CARTESIAN_POINT('',(6.28318530718,0.));
#2186 = VECTOR('',#2187,1.);
#2187 = DIRECTION('',(0.,1.));
#2188 = ( GEOMETRIC_REPRESENTATION_CONTEXT(2) 
PARAMETRIC_REPRESENTATION_CONTEXT() REPRESENTATION_CONTEXT('2D SPACE',''
  ) );
#2189 = PCURVE('',#2157,#2190);
#2190 = DEFINITIONAL_REPRESENTATION('',(#2191),#2195);
#2191 = LINE('',#2192,#2193);
#2192 = CARTESIAN_POINT('',(4.138911435803E-13,0.));
#2193 = VECTOR('',#2194,1.);
#2194 = DIRECTION('',(0.,1.));
#2195 = ( GEOMETRIC_REPRESENTATION_CONTEXT(2) 
PARAMETRIC_REPRESENTATION_CONTEXT() REPRESENTATION_CONTEXT('2D SPACE',''
  ) );
#2196 = ORIENTED_EDGE('',*,*,#2197,.F.);
#2197 = EDGE_CURVE('',#2175,#2175,#2198,.T.);
#2198 = SURFACE_CURVE('',#2199,(#2204,#2211),.PCURVE_S1.);
#2199 = CIRCLE('',#2200,51.773011314593);
#2200 = AXIS2_PLACEMENT_3D('',#2201,#2202,#2203);
#2201 = CARTESIAN_POINT('',(0.,0.,855.142));
#2202 = DIRECTION('',(0.,0.,1.));
#2203 = DIRECTION('',(1.,0.,0.));
#2204 = PCURVE('',#2157,#2205);
#2205 = DEFINITIONAL_REPRESENTATION('',(#2206),#2210);
#2206 = LINE('',#2207,#2208);
#2207 = CARTESIAN_POINT('',(0.,4.563));
#2208 = VECTOR('',#2209,1.);
#2209 = DIRECTION('',(1.,0.));
#2210 = ( GEOMETRIC_REPRESENTATION_CONTEXT(2) 
PARAMETRIC_REPRESENTATION_CONTEXT() REPRESENTATION_CONTEXT('2D SPACE',''
  ) );
#2211 = PCURVE('',#2212,#2217);
#2212 = CONICAL_SURFACE('',#2213,51.773011314593,1.906407052186E-02);
#2213 = AXIS2_PLACEMENT_3D('',#2214,#2215,#2216);
#2214 = CARTESIAN_POINT('',(0.,0.,855.142));
#2215 = DIRECTION('',(0.,0.,1.));
#2216 = DIRECTION('',(1.,0.,0.));
#2217 = DEFINITIONAL_REPRESENTATION('',(#2218),#2222);
#2218 = LINE('',#2219,#2220);
#2219 = CARTESIAN_POINT('',(0.,0.));
#2220 = VECTOR('',#2221,1.);
#2221 = DIRECTION('',(1.,0.));
#2222 = ( GEOMETRIC_REPRESENTATION_CONTEXT(2) 
PARAMETRIC_REPRESENTATION_CONTEXT() REPRESENTATION_CONTEXT('2D SPACE',''
  ) );
#2223 = ORIENTED_EDGE('',*,*,#2174,.F.);
#2224 = ADVANCED_FACE('',(#2225),#2212,.T.);
#2225 = FACE_BOUND('',#2226,.T.);
#2226 = EDGE_LOOP('',(#2227,#2228,#2251,#2278));
#2227 = ORIENTED_EDGE('',*,*,#2197,.T.);
#2228 = ORIENTED_EDGE('',*,*,#2229,.T.);
#2229 = EDGE_CURVE('',#2175,#2230,#2232,.T.);
#2230 = VERTEX_POINT('',#2231);
#2231 = CARTESIAN_POINT('',(51.860011208351,0.,859.705));
#2232 = SEAM_CURVE('',#2233,(#2237,#2244),.PCURVE_S1.);
#2233 = LINE('',#2234,#2235);
#2234 = CARTESIAN_POINT('',(51.773011314593,0.,855.142));
#2235 = VECTOR('',#2236,1.);
#2236 = DIRECTION('',(1.906291577241E-02,0.,0.999818286111));
#2237 = PCURVE('',#2212,#2238);
#2238 = DEFINITIONAL_REPRESENTATION('',(#2239),#2243);
#2239 = LINE('',#2240,#2241);
#2240 = CARTESIAN_POINT('',(6.28318530718,0.));
#2241 = VECTOR('',#2242,1.);
#2242 = DIRECTION('',(0.,1.));
#2243 = ( GEOMETRIC_REPRESENTATION_CONTEXT(2) 
PARAMETRIC_REPRESENTATION_CONTEXT() REPRESENTATION_CONTEXT('2D SPACE',''
  ) );
#2244 = PCURVE('',#2212,#2245);
#2245 = DEFINITIONAL_REPRESENTATION('',(#2246),#2250);
#2246 = LINE('',#2247,#2248);
#2247 = CARTESIAN_POINT('',(4.138911435803E-13,0.));
#2248 = VECTOR('',#2249,1.);
#2249 = DIRECTION('',(0.,1.));
#2250 = ( GEOMETRIC_REPRESENTATION_CONTEXT(2) 
PARAMETRIC_REPRESENTATION_CONTEXT() REPRESENTATION_CONTEXT('2D SPACE',''
  ) );
#2251 = ORIENTED_EDGE('',*,*,#2252,.F.);
#2252 = EDGE_CURVE('',#2230,#2230,#2253,.T.);
#2253 = SURFACE_CURVE('',#2254,(#2259,#2266),.PCURVE_S1.);
#2254 = CIRCLE('',#2255,51.860011208351);
#2255 = AXIS2_PLACEMENT_3D('',#2256,#2257,#2258);
#2256 = CARTESIAN_POINT('',(0.,0.,859.705));
#2257 = DIRECTION('',(0.,0.,1.));
#2258 = DIRECTION('',(1.,0.,0.));
#2259 = PCURVE('',#2212,#2260);
#2260 = DEFINITIONAL_REPRESENTATION('',(#2261),#2265);
#2261 = LINE('',#2262,#2263);
#2262 = CARTESIAN_POINT('',(0.,4.563));
#2263 = VECTOR('',#2264,1.);
#2264 = DIRECTION('',(1.,0.));
#2265 = ( GEOMETRIC_REPRESENTATION_CONTEXT(2) 
PARAMETRIC_REPRESENTATION_CONTEXT() REPRESENTATION_CONTEXT('2D SPACE',''
  ) );
#2266 = PCURVE('',#2267,#2272);
#2267 = CONICAL_SURFACE('',#2268,51.860011208351,1.846008433072E-02);
#2268 = AXIS2_PLACEMENT_3D('',#2269,#2270,#2271);
#2269 = CARTESIAN_POINT('',(0.,0.,859.705));
#2270 = DIRECTION('',(0.,0.,1.));
#2271 = DIRECTION('',(1.,0.,0.));
#2272 = DEFINITIONAL_REPRESENTATION('',(#2273),#2277);
#2273 = LINE('',#2274,#2275);
#2274 = CARTESIAN_POINT('',(0.,0.));
#2275 = VECTOR('',#2276,1.);
#2276 = DIRECTION('',(1.,0.));
#2277 = ( GEOMETRIC_REPRESENTATION_CONTEXT(2) 
PARAMETRIC_REPRESENTATION_CONTEXT() REPRESENTATION_CONTEXT('2D SPACE',''
  ) );
#2278 = ORIENTED_EDGE('',*,*,#2229,.F.);
#2279 = ADVANCED_FACE('',(#2280),#2267,.T.);
#2280 = FACE_BOUND('',#2281,.T.);
#2281 = EDGE_LOOP('',(#2282,#2283,#2306,#2333));
#2282 = ORIENTED_EDGE('',*,*,#2252,.T.);
#2283 = ORIENTED_EDGE('',*,*,#2284,.T.);
#2284 = EDGE_CURVE('',#2230,#2285,#2287,.T.);
#2285 = VERTEX_POINT('',#2286);
#2286 = CARTESIAN_POINT('',(51.944254142657,0.,864.268));
#2287 = SEAM_CURVE('',#2288,(#2292,#2299),.PCURVE_S1.);
#2288 = LINE('',#2289,#2290);
#2289 = CARTESIAN_POINT('',(51.860011208351,0.,859.705));
#2290 = VECTOR('',#2291,1.);
#2291 = DIRECTION('',(1.845903589359E-02,0.,0.999829617482));
#2292 = PCURVE('',#2267,#2293);
#2293 = DEFINITIONAL_REPRESENTATION('',(#2294),#2298);
#2294 = LINE('',#2295,#2296);
#2295 = CARTESIAN_POINT('',(6.28318530718,0.));
#2296 = VECTOR('',#2297,1.);
#2297 = DIRECTION('',(0.,1.));
#2298 = ( GEOMETRIC_REPRESENTATION_CONTEXT(2) 
PARAMETRIC_REPRESENTATION_CONTEXT() REPRESENTATION_CONTEXT('2D SPACE',''
  ) );
#2299 = PCURVE('',#2267,#2300);
#2300 = DEFINITIONAL_REPRESENTATION('',(#2301),#2305);
#2301 = LINE('',#2302,#2303);
#2302 = CARTESIAN_POINT('',(4.138911435803E-13,0.));
#2303 = VECTOR('',#2304,1.);
#2304 = DIRECTION('',(0.,1.));
#2305 = ( GEOMETRIC_REPRESENTATION_CONTEXT(2) 
PARAMETRIC_REPRESENTATION_CONTEXT() REPRESENTATION_CONTEXT('2D SPACE',''
  ) );
#2306 = ORIENTED_EDGE('',*,*,#2307,.F.);
#2307 = EDGE_CURVE('',#2285,#2285,#2308,.T.);
#2308 = SURFACE_CURVE('',#2309,(#2314,#2321),.PCURVE_S1.);
#2309 = CIRCLE('',#2310,51.944254142657);
#2310 = AXIS2_PLACEMENT_3D('',#2311,#2312,#2313);
#2311 = CARTESIAN_POINT('',(0.,0.,864.268));
#2312 = DIRECTION('',(0.,0.,1.));
#2313 = DIRECTION('',(1.,0.,0.));
#2314 = PCURVE('',#2267,#2315);
#2315 = DEFINITIONAL_REPRESENTATION('',(#2316),#2320);
#2316 = LINE('',#2317,#2318);
#2317 = CARTESIAN_POINT('',(0.,4.563));
#2318 = VECTOR('',#2319,1.);
#2319 = DIRECTION('',(1.,0.));
#2320 = ( GEOMETRIC_REPRESENTATION_CONTEXT(2) 
PARAMETRIC_REPRESENTATION_CONTEXT() REPRESENTATION_CONTEXT('2D SPACE',''
  ) );
#2321 = PCURVE('',#2322,#2327);
#2322 = CONICAL_SURFACE('',#2323,51.944254142657,1.78443723641E-02);
#2323 = AXIS2_PLACEMENT_3D('',#2324,#2325,#2326);
#2324 = CARTESIAN_POINT('',(0.,0.,864.268));
#2325 = DIRECTION('',(0.,0.,1.));
#2326 = DIRECTION('',(1.,0.,0.));
#2327 = DEFINITIONAL_REPRESENTATION('',(#2328),#2332);
#2328 = LINE('',#2329,#2330);
#2329 = CARTESIAN_POINT('',(0.,0.));
#2330 = VECTOR('',#2331,1.);
#2331 = DIRECTION('',(1.,0.));
#2332 = ( GEOMETRIC_REPRESENTATION_CONTEXT(2) 
PARAMETRIC_REPRESENTATION_CONTEXT() REPRESENTATION_CONTEXT('2D SPACE',''
  ) );
#2333 = ORIENTED_EDGE('',*,*,#2284,.F.);
#2334 = ADVANCED_FACE('',(#2335),#2322,.T.);
#2335 = FACE_BOUND('',#2336,.T.);
#2336 = EDGE_LOOP('',(#2337,#2338,#2361,#2388));
#2337 = ORIENTED_EDGE('',*,*,#2307,.T.);
#2338 = ORIENTED_EDGE('',*,*,#2339,.T.);
#2339 = EDGE_CURVE('',#2285,#2340,#2342,.T.);
#2340 = VERTEX_POINT('',#2341);
#2341 = CARTESIAN_POINT('',(52.025686657229,0.,868.831));
#2342 = SEAM_CURVE('',#2343,(#2347,#2354),.PCURVE_S1.);
#2343 = LINE('',#2344,#2345);
#2344 = CARTESIAN_POINT('',(51.944254142657,0.,864.268));
#2345 = VECTOR('',#2346,1.);
#2346 = DIRECTION('',(1.784342537351E-02,0.,0.999840793412));
#2347 = PCURVE('',#2322,#2348);
#2348 = DEFINITIONAL_REPRESENTATION('',(#2349),#2353);
#2349 = LINE('',#2350,#2351);
#2350 = CARTESIAN_POINT('',(6.28318530718,0.));
#2351 = VECTOR('',#2352,1.);
#2352 = DIRECTION('',(0.,1.));
#2353 = ( GEOMETRIC_REPRESENTATION_CONTEXT(2) 
PARAMETRIC_REPRESENTATION_CONTEXT() REPRESENTATION_CONTEXT('2D SPACE',''
  ) );
#2354 = PCURVE('',#2322,#2355);
#2355 = DEFINITIONAL_REPRESENTATION('',(#2356),#2360);
#2356 = LINE('',#2357,#2358);
#2357 = CARTESIAN_POINT('',(4.138911435803E-13,0.));
#2358 = VECTOR('',#2359,1.);
#2359 = DIRECTION('',(0.,1.));
#2360 = ( GEOMETRIC_REPRESENTATION_CONTEXT(2) 
PARAMETRIC_REPRESENTATION_CONTEXT() REPRESENTATION_CONTEXT('2D SPACE',''
  ) );
#2361 = ORIENTED_EDGE('',*,*,#2362,.F.);
#2362 = EDGE_CURVE('',#2340,#2340,#2363,.T.);
#2363 = SURFACE_CURVE('',#2364,(#2369,#2376),.PCURVE_S1.);
#2364 = CIRCLE('',#2365,52.025686657229);
#2365 = AXIS2_PLACEMENT_3D('',#2366,#2367,#2368);
#2366 = CARTESIAN_POINT('',(0.,0.,868.831));
#2367 = DIRECTION('',(0.,0.,1.));
#2368 = DIRECTION('',(1.,0.,0.));
#2369 = PCURVE('',#2322,#2370);
#2370 = DEFINITIONAL_REPRESENTATION('',(#2371),#2375);
#2371 = LINE('',#2372,#2373);
#2372 = CARTESIAN_POINT('',(0.,4.563));
#2373 = VECTOR('',#2374,1.);
#2374 = DIRECTION('',(1.,0.));
#2375 = ( GEOMETRIC_REPRESENTATION_CONTEXT(2) 
PARAMETRIC_REPRESENTATION_CONTEXT() REPRESENTATION_CONTEXT('2D SPACE',''
  ) );
#2376 = PCURVE('',#2377,#2382);
#2377 = CONICAL_SURFACE('',#2378,52.025686657229,1.721693430316E-02);
#2378 = AXIS2_PLACEMENT_3D('',#2379,#2380,#2381);
#2379 = CARTESIAN_POINT('',(0.,0.,868.831));
#2380 = DIRECTION('',(0.,0.,1.));
#2381 = DIRECTION('',(1.,0.,0.));
#2382 = DEFINITIONAL_REPRESENTATION('',(#2383),#2387);
#2383 = LINE('',#2384,#2385);
#2384 = CARTESIAN_POINT('',(0.,0.));
#2385 = VECTOR('',#2386,1.);
#2386 = DIRECTION('',(1.,0.));
#2387 = ( GEOMETRIC_REPRESENTATION_CONTEXT(2) 
PARAMETRIC_REPRESENTATION_CONTEXT() REPRESENTATION_CONTEXT('2D SPACE',''
  ) );
#2388 = ORIENTED_EDGE('',*,*,#2339,.F.);
#2389 = ADVANCED_FACE('',(#2390),#2377,.T.);
#2390 = FACE_BOUND('',#2391,.T.);
#2391 = EDGE_LOOP('',(#2392,#2393,#2416,#2443));
#2392 = ORIENTED_EDGE('',*,*,#2362,.T.);
#2393 = ORIENTED_EDGE('',*,*,#2394,.T.);
#2394 = EDGE_CURVE('',#2340,#2395,#2397,.T.);
#2395 = VERTEX_POINT('',#2396);
#2396 = CARTESIAN_POINT('',(52.104255291787,0.,873.394));
#2397 = SEAM_CURVE('',#2398,(#2402,#2409),.PCURVE_S1.);
#2398 = LINE('',#2399,#2400);
#2399 = CARTESIAN_POINT('',(52.025686657229,0.,868.831));
#2400 = VECTOR('',#2401,1.);
#2401 = DIRECTION('',(1.721608373364E-02,0.,0.999851792248));
#2402 = PCURVE('',#2377,#2403);
#2403 = DEFINITIONAL_REPRESENTATION('',(#2404),#2408);
#2404 = LINE('',#2405,#2406);
#2405 = CARTESIAN_POINT('',(6.28318530718,0.));
#2406 = VECTOR('',#2407,1.);
#2407 = DIRECTION('',(0.,1.));
#2408 = ( GEOMETRIC_REPRESENTATION_CONTEXT(2) 
PARAMETRIC_REPRESENTATION_CONTEXT() REPRESENTATION_CONTEXT('2D SPACE',''
  ) );
#2409 = PCURVE('',#2377,#2410);
#2410 = DEFINITIONAL_REPRESENTATION('',(#2411),#2415);
#2411 = LINE('',#2412,#2413);
#2412 = CARTESIAN_POINT('',(4.138911435803E-13,0.));
#2413 = VECTOR('',#2414,1.);
#2414 = DIRECTION('',(0.,1.));
#2415 = ( GEOMETRIC_REPRESENTATION_CONTEXT(2) 
PARAMETRIC_REPRESENTATION_CONTEXT() REPRESENTATION_CONTEXT('2D SPACE',''
  ) );
#2416 = ORIENTED_EDGE('',*,*,#2417,.F.);
#2417 = EDGE_CURVE('',#2395,#2395,#2418,.T.);
#2418 = SURFACE_CURVE('',#2419,(#2424,#2431),.PCURVE_S1.);
#2419 = CIRCLE('',#2420,52.104255291787);
#2420 = AXIS2_PLACEMENT_3D('',#2421,#2422,#2423);
#2421 = CARTESIAN_POINT('',(0.,0.,873.394));
#2422 = DIRECTION('',(0.,0.,1.));
#2423 = DIRECTION('',(1.,0.,0.));
#2424 = PCURVE('',#2377,#2425);
#2425 = DEFINITIONAL_REPRESENTATION('',(#2426),#2430);
#2426 = LINE('',#2427,#2428);
#2427 = CARTESIAN_POINT('',(0.,4.563));
#2428 = VECTOR('',#2429,1.);
#2429 = DIRECTION('',(1.,0.));
#2430 = ( GEOMETRIC_REPRESENTATION_CONTEXT(2) 
PARAMETRIC_REPRESENTATION_CONTEXT() REPRESENTATION_CONTEXT('2D SPACE',''
  ) );
#2431 = PCURVE('',#2432,#2437);
#2432 = CONICAL_SURFACE('',#2433,52.104255291787,1.657776986864E-02);
#2433 = AXIS2_PLACEMENT_3D('',#2434,#2435,#2436);
#2434 = CARTESIAN_POINT('',(0.,0.,873.394));
#2435 = DIRECTION('',(0.,0.,1.));
#2436 = DIRECTION('',(1.,0.,0.));
#2437 = DEFINITIONAL_REPRESENTATION('',(#2438),#2442);
#2438 = LINE('',#2439,#2440);
#2439 = CARTESIAN_POINT('',(0.,0.));
#2440 = VECTOR('',#2441,1.);
#2441 = DIRECTION('',(1.,0.));
#2442 = ( GEOMETRIC_REPRESENTATION_CONTEXT(2) 
PARAMETRIC_REPRESENTATION_CONTEXT() REPRESENTATION_CONTEXT('2D SPACE',''
  ) );
#2443 = ORIENTED_EDGE('',*,*,#2394,.F.);
#2444 = ADVANCED_FACE('',(#2445),#2432,.T.);
#2445 = FACE_BOUND('',#2446,.T.);
#2446 = EDGE_LOOP('',(#2447,#2448,#2471,#2498));
#2447 = ORIENTED_EDGE('',*,*,#2417,.T.);
#2448 = ORIENTED_EDGE('',*,*,#2449,.T.);
#2449 = EDGE_CURVE('',#2395,#2450,#2452,.T.);
#2450 = VERTEX_POINT('',#2451);
#2451 = CARTESIAN_POINT('',(52.179906586049,0.,877.957));
#2452 = SEAM_CURVE('',#2453,(#2457,#2464),.PCURVE_S1.);
#2453 = LINE('',#2454,#2455);
#2454 = CARTESIAN_POINT('',(52.104255291787,0.,873.394));
#2455 = VECTOR('',#2456,1.);
#2456 = DIRECTION('',(1.657701055517E-02,0.,0.99986259192));
#2457 = PCURVE('',#2432,#2458);
#2458 = DEFINITIONAL_REPRESENTATION('',(#2459),#2463);
#2459 = LINE('',#2460,#2461);
#2460 = CARTESIAN_POINT('',(6.28318530718,0.));
#2461 = VECTOR('',#2462,1.);
#2462 = DIRECTION('',(0.,1.));
#2463 = ( GEOMETRIC_REPRESENTATION_CONTEXT(2) 
PARAMETRIC_REPRESENTATION_CONTEXT() REPRESENTATION_CONTEXT('2D SPACE',''
  ) );
#2464 = PCURVE('',#2432,#2465);
#2465 = DEFINITIONAL_REPRESENTATION('',(#2466),#2470);
#2466 = LINE('',#2467,#2468);
#2467 = CARTESIAN_POINT('',(4.138911435803E-13,0.));
#2468 = VECTOR('',#2469,1.);
#2469 = DIRECTION('',(0.,1.));
#2470 = ( GEOMETRIC_REPRESENTATION_CONTEXT(2) 
PARAMETRIC_REPRESENTATION_CONTEXT() REPRESENTATION_CONTEXT('2D SPACE',''
  ) );
#2471 = ORIENTED_EDGE('',*,*,#2472,.F.);
#2472 = EDGE_CURVE('',#2450,#2450,#2473,.T.);
#2473 = SURFACE_CURVE('',#2474,(#2479,#2486),.PCURVE_S1.);
#2474 = CIRCLE('',#2475,52.179906586049);
#2475 = AXIS2_PLACEMENT_3D('',#2476,#2477,#2478);
#2476 = CARTESIAN_POINT('',(0.,0.,877.957));
#2477 = DIRECTION('',(0.,0.,1.));
#2478 = DIRECTION('',(1.,0.,0.));
#2479 = PCURVE('',#2432,#2480);
#2480 = DEFINITIONAL_REPRESENTATION('',(#2481),#2485);
#2481 = LINE('',#2482,#2483);
#2482 = CARTESIAN_POINT('',(0.,4.563));
#2483 = VECTOR('',#2484,1.);
#2484 = DIRECTION('',(1.,0.));
#2485 = ( GEOMETRIC_REPRESENTATION_CONTEXT(2) 
PARAMETRIC_REPRESENTATION_CONTEXT() REPRESENTATION_CONTEXT('2D SPACE',''
  ) );
#2486 = PCURVE('',#2487,#2492);
#2487 = CONICAL_SURFACE('',#2488,52.179906586049,1.592687882354E-02);
#2488 = AXIS2_PLACEMENT_3D('',#2489,#2490,#2491);
#2489 = CARTESIAN_POINT('',(0.,0.,877.957));
#2490 = DIRECTION('',(0.,0.,1.));
#2491 = DIRECTION('',(1.,0.,0.));
#2492 = DEFINITIONAL_REPRESENTATION('',(#2493),#2497);
#2493 = LINE('',#2494,#2495);
#2494 = CARTESIAN_POINT('',(0.,0.));
#2495 = VECTOR('',#2496,1.);
#2496 = DIRECTION('',(1.,0.));
#2497 = ( GEOMETRIC_REPRESENTATION_CONTEXT(2) 
PARAMETRIC_REPRESENTATION_CONTEXT() REPRESENTATION_CONTEXT('2D SPACE',''
  ) );
#2498 = ORIENTED_EDGE('',*,*,#2449,.F.);
#2499 = ADVANCED_FACE('',(#2500),#2487,.T.);
#2500 = FACE_BOUND('',#2501,.T.);
#2501 = EDGE_LOOP('',(#2502,#2503,#2526,#2553));
#2502 = ORIENTED_EDGE('',*,*,#2472,.T.);
#2503 = ORIENTED_EDGE('',*,*,#2504,.T.);
#2504 = EDGE_CURVE('',#2450,#2505,#2507,.T.);
#2505 = VERTEX_POINT('',#2506);
#2506 = CARTESIAN_POINT('',(52.252587079735,0.,882.52));
#2507 = SEAM_CURVE('',#2508,(#2512,#2519),.PCURVE_S1.);
#2508 = LINE('',#2509,#2510);
#2509 = CARTESIAN_POINT('',(52.179906586049,0.,877.957));
#2510 = VECTOR('',#2511,1.);
#2511 = DIRECTION('',(1.592620548214E-02,0.,0.999873169947));
#2512 = PCURVE('',#2487,#2513);
#2513 = DEFINITIONAL_REPRESENTATION('',(#2514),#2518);
#2514 = LINE('',#2515,#2516);
#2515 = CARTESIAN_POINT('',(6.28318530718,0.));
#2516 = VECTOR('',#2517,1.);
#2517 = DIRECTION('',(0.,1.));
#2518 = ( GEOMETRIC_REPRESENTATION_CONTEXT(2) 
PARAMETRIC_REPRESENTATION_CONTEXT() REPRESENTATION_CONTEXT('2D SPACE',''
  ) );
#2519 = PCURVE('',#2487,#2520);
#2520 = DEFINITIONAL_REPRESENTATION('',(#2521),#2525);
#2521 = LINE('',#2522,#2523);
#2522 = CARTESIAN_POINT('',(4.138911435803E-13,0.));
#2523 = VECTOR('',#2524,1.);
#2524 = DIRECTION('',(0.,1.));
#2525 = ( GEOMETRIC_REPRESENTATION_CONTEXT(2) 
PARAMETRIC_REPRESENTATION_CONTEXT() REPRESENTATION_CONTEXT('2D SPACE',''
  ) );
#2526 = ORIENTED_EDGE('',*,*,#2527,.F.);
#2527 = EDGE_CURVE('',#2505,#2505,#2528,.T.);
#2528 = SURFACE_CURVE('',#2529,(#2534,#2541),.PCURVE_S1.);
#2529 = CIRCLE('',#2530,52.252587079735);
#2530 = AXIS2_PLACEMENT_3D('',#2531,#2532,#2533);
#2531 = CARTESIAN_POINT('',(0.,0.,882.52));
#2532 = DIRECTION('',(0.,0.,1.));
#2533 = DIRECTION('',(1.,0.,0.));
#2534 = PCURVE('',#2487,#2535);
#2535 = DEFINITIONAL_REPRESENTATION('',(#2536),#2540);
#2536 = LINE('',#2537,#2538);
#2537 = CARTESIAN_POINT('',(0.,4.563));
#2538 = VECTOR('',#2539,1.);
#2539 = DIRECTION('',(1.,0.));
#2540 = ( GEOMETRIC_REPRESENTATION_CONTEXT(2) 
PARAMETRIC_REPRESENTATION_CONTEXT() REPRESENTATION_CONTEXT('2D SPACE',''
  ) );
#2541 = PCURVE('',#2542,#2547);
#2542 = CONICAL_SURFACE('',#2543,52.252587079735,1.52642609757E-02);
#2543 = AXIS2_PLACEMENT_3D('',#2544,#2545,#2546);
#2544 = CARTESIAN_POINT('',(0.,0.,882.52));
#2545 = DIRECTION('',(0.,0.,1.));
#2546 = DIRECTION('',(1.,0.,0.));
#2547 = DEFINITIONAL_REPRESENTATION('',(#2548),#2552);
#2548 = LINE('',#2549,#2550);
#2549 = CARTESIAN_POINT('',(0.,0.));
#2550 = VECTOR('',#2551,1.);
#2551 = DIRECTION('',(1.,0.));
#2552 = ( GEOMETRIC_REPRESENTATION_CONTEXT(2) 
PARAMETRIC_REPRESENTATION_CONTEXT() REPRESENTATION_CONTEXT('2D SPACE',''
  ) );
#2553 = ORIENTED_EDGE('',*,*,#2504,.F.);
#2554 = ADVANCED_FACE('',(#2555),#2542,.T.);
#2555 = FACE_BOUND('',#2556,.T.);
#2556 = EDGE_LOOP('',(#2557,#2558,#2581,#2608));
#2557 = ORIENTED_EDGE('',*,*,#2527,.T.);
#2558 = ORIENTED_EDGE('',*,*,#2559,.T.);
#2559 = EDGE_CURVE('',#2505,#2560,#2562,.T.);
#2560 = VERTEX_POINT('',#2561);
#2561 = CARTESIAN_POINT('',(52.322243312565,0.,887.083));
#2562 = SEAM_CURVE('',#2563,(#2567,#2574),.PCURVE_S1.);
#2563 = LINE('',#2564,#2565);
#2564 = CARTESIAN_POINT('',(52.252587079735,0.,882.52));
#2565 = VECTOR('',#2566,1.);
#2566 = DIRECTION('',(1.526366822648E-02,0.,0.99988350343));
#2567 = PCURVE('',#2542,#2568);
#2568 = DEFINITIONAL_REPRESENTATION('',(#2569),#2573);
#2569 = LINE('',#2570,#2571);
#2570 = CARTESIAN_POINT('',(6.28318530718,0.));
#2571 = VECTOR('',#2572,1.);
#2572 = DIRECTION('',(0.,1.));
#2573 = ( GEOMETRIC_REPRESENTATION_CONTEXT(2) 
PARAMETRIC_REPRESENTATION_CONTEXT() REPRESENTATION_CONTEXT('2D SPACE',''
  ) );
#2574 = PCURVE('',#2542,#2575);
#2575 = DEFINITIONAL_REPRESENTATION('',(#2576),#2580);
#2576 = LINE('',#2577,#2578);
#2577 = CARTESIAN_POINT('',(4.138911435803E-13,0.));
#2578 = VECTOR('',#2579,1.);
#2579 = DIRECTION('',(0.,1.));
#2580 = ( GEOMETRIC_REPRESENTATION_CONTEXT(2) 
PARAMETRIC_REPRESENTATION_CONTEXT() REPRESENTATION_CONTEXT('2D SPACE',''
  ) );
#2581 = ORIENTED_EDGE('',*,*,#2582,.F.);
#2582 = EDGE_CURVE('',#2560,#2560,#2583,.T.);
#2583 = SURFACE_CURVE('',#2584,(#2589,#2596),.PCURVE_S1.);
#2584 = CIRCLE('',#2585,52.322243312565);
#2585 = AXIS2_PLACEMENT_3D('',#2586,#2587,#2588);
#2586 = CARTESIAN_POINT('',(0.,0.,887.083));
#2587 = DIRECTION('',(0.,0.,1.));
#2588 = DIRECTION('',(1.,0.,0.));
#2589 = PCURVE('',#2542,#2590);
#2590 = DEFINITIONAL_REPRESENTATION('',(#2591),#2595);
#2591 = LINE('',#2592,#2593);
#2592 = CARTESIAN_POINT('',(0.,4.563));
#2593 = VECTOR('',#2594,1.);
#2594 = DIRECTION('',(1.,0.));
#2595 = ( GEOMETRIC_REPRESENTATION_CONTEXT(2) 
PARAMETRIC_REPRESENTATION_CONTEXT() REPRESENTATION_CONTEXT('2D SPACE',''
  ) );
#2596 = PCURVE('',#2597,#2602);
#2597 = CONICAL_SURFACE('',#2598,52.322243312565,1.458991618051E-02);
#2598 = AXIS2_PLACEMENT_3D('',#2599,#2600,#2601);
#2599 = CARTESIAN_POINT('',(0.,0.,887.083));
#2600 = DIRECTION('',(0.,0.,1.));
#2601 = DIRECTION('',(1.,0.,0.));
#2602 = DEFINITIONAL_REPRESENTATION('',(#2603),#2607);
#2603 = LINE('',#2604,#2605);
#2604 = CARTESIAN_POINT('',(0.,0.));
#2605 = VECTOR('',#2606,1.);
#2606 = DIRECTION('',(1.,0.));
#2607 = ( GEOMETRIC_REPRESENTATION_CONTEXT(2) 
PARAMETRIC_REPRESENTATION_CONTEXT() REPRESENTATION_CONTEXT('2D SPACE',''
  ) );
#2608 = ORIENTED_EDGE('',*,*,#2559,.F.);
#2609 = ADVANCED_FACE('',(#2610),#2597,.T.);
#2610 = FACE_BOUND('',#2611,.T.);
#2611 = EDGE_LOOP('',(#2612,#2613,#2636,#2663));
#2612 = ORIENTED_EDGE('',*,*,#2582,.T.);
#2613 = ORIENTED_EDGE('',*,*,#2614,.T.);
#2614 = EDGE_CURVE('',#2560,#2615,#2617,.T.);
#2615 = VERTEX_POINT('',#2616);
#2616 = CARTESIAN_POINT('',(52.388821824256,0.,891.646));
#2617 = SEAM_CURVE('',#2618,(#2622,#2629),.PCURVE_S1.);
#2618 = LINE('',#2619,#2620);
#2619 = CARTESIAN_POINT('',(52.322243312565,0.,887.083));
#2620 = VECTOR('',#2621,1.);
#2621 = DIRECTION('',(1.458939857068E-02,0.,0.999893569061));
#2622 = PCURVE('',#2597,#2623);
#2623 = DEFINITIONAL_REPRESENTATION('',(#2624),#2628);
#2624 = LINE('',#2625,#2626);
#2625 = CARTESIAN_POINT('',(6.28318530718,0.));
#2626 = VECTOR('',#2627,1.);
#2627 = DIRECTION('',(0.,1.));
#2628 = ( GEOMETRIC_REPRESENTATION_CONTEXT(2) 
PARAMETRIC_REPRESENTATION_CONTEXT() REPRESENTATION_CONTEXT('2D SPACE',''
  ) );
#2629 = PCURVE('',#2597,#2630);
#2630 = DEFINITIONAL_REPRESENTATION('',(#2631),#2635);
#2631 = LINE('',#2632,#2633);
#2632 = CARTESIAN_POINT('',(4.138911435803E-13,0.));
#2633 = VECTOR('',#2634,1.);
#2634 = DIRECTION('',(0.,1.));
#2635 = ( GEOMETRIC_REPRESENTATION_CONTEXT(2) 
PARAMETRIC_REPRESENTATION_CONTEXT() REPRESENTATION_CONTEXT('2D SPACE',''
  ) );
#2636 = ORIENTED_EDGE('',*,*,#2637,.F.);
#2637 = EDGE_CURVE('',#2615,#2615,#2638,.T.);
#2638 = SURFACE_CURVE('',#2639,(#2644,#2651),.PCURVE_S1.);
#2639 = CIRCLE('',#2640,52.388821824256);
#2640 = AXIS2_PLACEMENT_3D('',#2641,#2642,#2643);
#2641 = CARTESIAN_POINT('',(0.,0.,891.646));
#2642 = DIRECTION('',(0.,0.,1.));
#2643 = DIRECTION('',(1.,0.,0.));
#2644 = PCURVE('',#2597,#2645);
#2645 = DEFINITIONAL_REPRESENTATION('',(#2646),#2650);
#2646 = LINE('',#2647,#2648);
#2647 = CARTESIAN_POINT('',(0.,4.563));
#2648 = VECTOR('',#2649,1.);
#2649 = DIRECTION('',(1.,0.));
#2650 = ( GEOMETRIC_REPRESENTATION_CONTEXT(2) 
PARAMETRIC_REPRESENTATION_CONTEXT() REPRESENTATION_CONTEXT('2D SPACE',''
  ) );
#2651 = PCURVE('',#2652,#2657);
#2652 = CONICAL_SURFACE('',#2653,52.388821824256,1.390384434365E-02);
#2653 = AXIS2_PLACEMENT_3D('',#2654,#2655,#2656);
#2654 = CARTESIAN_POINT('',(0.,0.,891.646));
#2655 = DIRECTION('',(0.,0.,1.));
#2656 = DIRECTION('',(1.,0.,0.));
#2657 = DEFINITIONAL_REPRESENTATION('',(#2658),#2662);
#2658 = LINE('',#2659,#2660);
#2659 = CARTESIAN_POINT('',(0.,0.));
#2660 = VECTOR('',#2661,1.);
#2661 = DIRECTION('',(1.,0.));
#2662 = ( GEOMETRIC_REPRESENTATION_CONTEXT(2) 
PARAMETRIC_REPRESENTATION_CONTEXT() REPRESENTATION_CONTEXT('2D SPACE',''
  ) );
#2663 = ORIENTED_EDGE('',*,*,#2614,.F.);
#2664 = ADVANCED_FACE('',(#2665),#2652,.T.);
#2665 = FACE_BOUND('',#2666,.T.);
#2666 = EDGE_LOOP('',(#2667,#2668,#2691,#2718));
#2667 = ORIENTED_EDGE('',*,*,#2637,.T.);
#2668 = ORIENTED_EDGE('',*,*,#2669,.T.);
#2669 = EDGE_CURVE('',#2615,#2670,#2672,.T.);
#2670 = VERTEX_POINT('',#2671);
#2671 = CARTESIAN_POINT('',(52.452269154529,0.,896.209));
#2672 = SEAM_CURVE('',#2673,(#2677,#2684),.PCURVE_S1.);
#2673 = LINE('',#2674,#2675);
#2674 = CARTESIAN_POINT('',(52.388821824256,0.,891.646));
#2675 = VECTOR('',#2676,1.);
#2676 = DIRECTION('',(1.39033963734E-02,0.,0.999903343113));
#2677 = PCURVE('',#2652,#2678);
#2678 = DEFINITIONAL_REPRESENTATION('',(#2679),#2683);
#2679 = LINE('',#2680,#2681);
#2680 = CARTESIAN_POINT('',(6.28318530718,0.));
#2681 = VECTOR('',#2682,1.);
#2682 = DIRECTION('',(0.,1.));
#2683 = ( GEOMETRIC_REPRESENTATION_CONTEXT(2) 
PARAMETRIC_REPRESENTATION_CONTEXT() REPRESENTATION_CONTEXT('2D SPACE',''
  ) );
#2684 = PCURVE('',#2652,#2685);
#2685 = DEFINITIONAL_REPRESENTATION('',(#2686),#2690);
#2686 = LINE('',#2687,#2688);
#2687 = CARTESIAN_POINT('',(4.138911435803E-13,0.));
#2688 = VECTOR('',#2689,1.);
#2689 = DIRECTION('',(0.,1.));
#2690 = ( GEOMETRIC_REPRESENTATION_CONTEXT(2) 
PARAMETRIC_REPRESENTATION_CONTEXT() REPRESENTATION_CONTEXT('2D SPACE',''
  ) );
#2691 = ORIENTED_EDGE('',*,*,#2692,.F.);
#2692 = EDGE_CURVE('',#2670,#2670,#2693,.T.);
#2693 = SURFACE_CURVE('',#2694,(#2699,#2706),.PCURVE_S1.);
#2694 = CIRCLE('',#2695,52.452269154529);
#2695 = AXIS2_PLACEMENT_3D('',#2696,#2697,#2698);
#2696 = CARTESIAN_POINT('',(0.,0.,896.209));
#2697 = DIRECTION('',(0.,0.,1.));
#2698 = DIRECTION('',(1.,0.,0.));
#2699 = PCURVE('',#2652,#2700);
#2700 = DEFINITIONAL_REPRESENTATION('',(#2701),#2705);
#2701 = LINE('',#2702,#2703);
#2702 = CARTESIAN_POINT('',(0.,4.563));
#2703 = VECTOR('',#2704,1.);
#2704 = DIRECTION('',(1.,0.));
#2705 = ( GEOMETRIC_REPRESENTATION_CONTEXT(2) 
PARAMETRIC_REPRESENTATION_CONTEXT() REPRESENTATION_CONTEXT('2D SPACE',''
  ) );
#2706 = PCURVE('',#2707,#2712);
#2707 = CONICAL_SURFACE('',#2708,52.452269154529,1.320604542387E-02);
#2708 = AXIS2_PLACEMENT_3D('',#2709,#2710,#2711);
#2709 = CARTESIAN_POINT('',(0.,0.,896.209));
#2710 = DIRECTION('',(0.,0.,1.));
#2711 = DIRECTION('',(1.,0.,0.));
#2712 = DEFINITIONAL_REPRESENTATION('',(#2713),#2717);
#2713 = LINE('',#2714,#2715);
#2714 = CARTESIAN_POINT('',(0.,0.));
#2715 = VECTOR('',#2716,1.);
#2716 = DIRECTION('',(1.,0.));
#2717 = ( GEOMETRIC_REPRESENTATION_CONTEXT(2) 
PARAMETRIC_REPRESENTATION_CONTEXT() REPRESENTATION_CONTEXT('2D SPACE',''
  ) );
#2718 = ORIENTED_EDGE('',*,*,#2669,.F.);
#2719 = ADVANCED_FACE('',(#2720),#2707,.T.);
#2720 = FACE_BOUND('',#2721,.T.);
#2721 = EDGE_LOOP('',(#2722,#2723,#2746,#2773));
#2722 = ORIENTED_EDGE('',*,*,#2692,.T.);
#2723 = ORIENTED_EDGE('',*,*,#2724,.T.);
#2724 = EDGE_CURVE('',#2670,#2725,#2727,.T.);
#2725 = VERTEX_POINT('',#2726);
#2726 = CARTESIAN_POINT('',(52.512531843103,0.,900.772));
#2727 = SEAM_CURVE('',#2728,(#2732,#2739),.PCURVE_S1.);
#2728 = LINE('',#2729,#2730);
#2729 = CARTESIAN_POINT('',(52.452269154529,0.,896.209));
#2730 = VECTOR('',#2731,1.);
#2731 = DIRECTION('',(1.320566157237E-02,0.,0.999912801449));
#2732 = PCURVE('',#2707,#2733);
#2733 = DEFINITIONAL_REPRESENTATION('',(#2734),#2738);
#2734 = LINE('',#2735,#2736);
#2735 = CARTESIAN_POINT('',(6.28318530718,0.));
#2736 = VECTOR('',#2737,1.);
#2737 = DIRECTION('',(0.,1.));
#2738 = ( GEOMETRIC_REPRESENTATION_CONTEXT(2) 
PARAMETRIC_REPRESENTATION_CONTEXT() REPRESENTATION_CONTEXT('2D SPACE',''
  ) );
#2739 = PCURVE('',#2707,#2740);
#2740 = DEFINITIONAL_REPRESENTATION('',(#2741),#2745);
#2741 = LINE('',#2742,#2743);
#2742 = CARTESIAN_POINT('',(4.138911435803E-13,0.));
#2743 = VECTOR('',#2744,1.);
#2744 = DIRECTION('',(0.,1.));
#2745 = ( GEOMETRIC_REPRESENTATION_CONTEXT(2) 
PARAMETRIC_REPRESENTATION_CONTEXT() REPRESENTATION_CONTEXT('2D SPACE',''
  ) );
#2746 = ORIENTED_EDGE('',*,*,#2747,.F.);
#2747 = EDGE_CURVE('',#2725,#2725,#2748,.T.);
#2748 = SURFACE_CURVE('',#2749,(#2754,#2761),.PCURVE_S1.);
#2749 = CIRCLE('',#2750,52.512531843103);
#2750 = AXIS2_PLACEMENT_3D('',#2751,#2752,#2753);
#2751 = CARTESIAN_POINT('',(0.,0.,900.772));
#2752 = DIRECTION('',(0.,0.,1.));
#2753 = DIRECTION('',(1.,0.,0.));
#2754 = PCURVE('',#2707,#2755);
#2755 = DEFINITIONAL_REPRESENTATION('',(#2756),#2760);
#2756 = LINE('',#2757,#2758);
#2757 = CARTESIAN_POINT('',(0.,4.563));
#2758 = VECTOR('',#2759,1.);
#2759 = DIRECTION('',(1.,0.));
#2760 = ( GEOMETRIC_REPRESENTATION_CONTEXT(2) 
PARAMETRIC_REPRESENTATION_CONTEXT() REPRESENTATION_CONTEXT('2D SPACE',''
  ) );
#2761 = PCURVE('',#2762,#2767);
#2762 = CONICAL_SURFACE('',#2763,52.512531843103,1.249651943579E-02);
#2763 = AXIS2_PLACEMENT_3D('',#2764,#2765,#2766);
#2764 = CARTESIAN_POINT('',(0.,0.,900.772));
#2765 = DIRECTION('',(0.,0.,1.));
#2766 = DIRECTION('',(1.,0.,0.));
#2767 = DEFINITIONAL_REPRESENTATION('',(#2768),#2772);
#2768 = LINE('',#2769,#2770);
#2769 = CARTESIAN_POINT('',(0.,0.));
#2770 = VECTOR('',#2771,1.);
#2771 = DIRECTION('',(1.,0.));
#2772 = ( GEOMETRIC_REPRESENTATION_CONTEXT(2) 
PARAMETRIC_REPRESENTATION_CONTEXT() REPRESENTATION_CONTEXT('2D SPACE',''
  ) );
#2773 = ORIENTED_EDGE('',*,*,#2724,.F.);
#2774 = ADVANCED_FACE('',(#2775),#2762,.T.);
#2775 = FACE_BOUND('',#2776,.T.);
#2776 = EDGE_LOOP('',(#2777,#2778,#2801,#2828));
#2777 = ORIENTED_EDGE('',*,*,#2747,.T.);
#2778 = ORIENTED_EDGE('',*,*,#2779,.T.);
#2779 = EDGE_CURVE('',#2725,#2780,#2782,.T.);
#2780 = VERTEX_POINT('',#2781);
#2781 = CARTESIAN_POINT('',(52.569556429696,0.,905.335));
#2782 = SEAM_CURVE('',#2783,(#2787,#2794),.PCURVE_S1.);
#2783 = LINE('',#2784,#2785);
#2784 = CARTESIAN_POINT('',(52.512531843103,0.,900.772));
#2785 = VECTOR('',#2786,1.);
#2786 = DIRECTION('',(1.249619418934E-02,0.,0.999921919517));
#2787 = PCURVE('',#2762,#2788);
#2788 = DEFINITIONAL_REPRESENTATION('',(#2789),#2793);
#2789 = LINE('',#2790,#2791);
#2790 = CARTESIAN_POINT('',(6.28318530718,0.));
#2791 = VECTOR('',#2792,1.);
#2792 = DIRECTION('',(0.,1.));
#2793 = ( GEOMETRIC_REPRESENTATION_CONTEXT(2) 
PARAMETRIC_REPRESENTATION_CONTEXT() REPRESENTATION_CONTEXT('2D SPACE',''
  ) );
#2794 = PCURVE('',#2762,#2795);
#2795 = DEFINITIONAL_REPRESENTATION('',(#2796),#2800);
#2796 = LINE('',#2797,#2798);
#2797 = CARTESIAN_POINT('',(4.138911435803E-13,0.));
#2798 = VECTOR('',#2799,1.);
#2799 = DIRECTION('',(0.,1.));
#2800 = ( GEOMETRIC_REPRESENTATION_CONTEXT(2) 
PARAMETRIC_REPRESENTATION_CONTEXT() REPRESENTATION_CONTEXT('2D SPACE',''
  ) );
#2801 = ORIENTED_EDGE('',*,*,#2802,.F.);
#2802 = EDGE_CURVE('',#2780,#2780,#2803,.T.);
#2803 = SURFACE_CURVE('',#2804,(#2809,#2816),.PCURVE_S1.);
#2804 = CIRCLE('',#2805,52.569556429696);
#2805 = AXIS2_PLACEMENT_3D('',#2806,#2807,#2808);
#2806 = CARTESIAN_POINT('',(0.,0.,905.335));
#2807 = DIRECTION('',(0.,0.,1.));
#2808 = DIRECTION('',(1.,0.,0.));
#2809 = PCURVE('',#2762,#2810);
#2810 = DEFINITIONAL_REPRESENTATION('',(#2811),#2815);
#2811 = LINE('',#2812,#2813);
#2812 = CARTESIAN_POINT('',(0.,4.563));
#2813 = VECTOR('',#2814,1.);
#2814 = DIRECTION('',(1.,0.));
#2815 = ( GEOMETRIC_REPRESENTATION_CONTEXT(2) 
PARAMETRIC_REPRESENTATION_CONTEXT() REPRESENTATION_CONTEXT('2D SPACE',''
  ) );
#2816 = PCURVE('',#2817,#2822);
#2817 = CONICAL_SURFACE('',#2818,52.569556429696,1.177526645284E-02);
#2818 = AXIS2_PLACEMENT_3D('',#2819,#2820,#2821);
#2819 = CARTESIAN_POINT('',(0.,0.,905.335));
#2820 = DIRECTION('',(0.,0.,1.));
#2821 = DIRECTION('',(1.,0.,0.));
#2822 = DEFINITIONAL_REPRESENTATION('',(#2823),#2827);
#2823 = LINE('',#2824,#2825);
#2824 = CARTESIAN_POINT('',(0.,0.));
#2825 = VECTOR('',#2826,1.);
#2826 = DIRECTION('',(1.,0.));
#2827 = ( GEOMETRIC_REPRESENTATION_CONTEXT(2) 
PARAMETRIC_REPRESENTATION_CONTEXT() REPRESENTATION_CONTEXT('2D SPACE',''
  ) );
#2828 = ORIENTED_EDGE('',*,*,#2779,.F.);
#2829 = ADVANCED_FACE('',(#2830),#2817,.T.);
#2830 = FACE_BOUND('',#2831,.T.);
#2831 = EDGE_LOOP('',(#2832,#2833,#2856,#2883));
#2832 = ORIENTED_EDGE('',*,*,#2802,.T.);
#2833 = ORIENTED_EDGE('',*,*,#2834,.T.);
#2834 = EDGE_CURVE('',#2780,#2835,#2837,.T.);
#2835 = VERTEX_POINT('',#2836);
#2836 = CARTESIAN_POINT('',(52.623289454028,0.,909.898));
#2837 = SEAM_CURVE('',#2838,(#2842,#2849),.PCURVE_S1.);
#2838 = LINE('',#2839,#2840);
#2839 = CARTESIAN_POINT('',(52.569556429696,0.,905.335));
#2840 = VECTOR('',#2841,1.);
#2841 = DIRECTION('',(1.177499433441E-02,0.,0.999930672351));
#2842 = PCURVE('',#2817,#2843);
#2843 = DEFINITIONAL_REPRESENTATION('',(#2844),#2848);
#2844 = LINE('',#2845,#2846);
#2845 = CARTESIAN_POINT('',(6.28318530718,0.));
#2846 = VECTOR('',#2847,1.);
#2847 = DIRECTION('',(0.,1.));
#2848 = ( GEOMETRIC_REPRESENTATION_CONTEXT(2) 
PARAMETRIC_REPRESENTATION_CONTEXT() REPRESENTATION_CONTEXT('2D SPACE',''
  ) );
#2849 = PCURVE('',#2817,#2850);
#2850 = DEFINITIONAL_REPRESENTATION('',(#2851),#2855);
#2851 = LINE('',#2852,#2853);
#2852 = CARTESIAN_POINT('',(4.138911435803E-13,0.));
#2853 = VECTOR('',#2854,1.);
#2854 = DIRECTION('',(0.,1.));
#2855 = ( GEOMETRIC_REPRESENTATION_CONTEXT(2) 
PARAMETRIC_REPRESENTATION_CONTEXT() REPRESENTATION_CONTEXT('2D SPACE',''
  ) );
#2856 = ORIENTED_EDGE('',*,*,#2857,.F.);
#2857 = EDGE_CURVE('',#2835,#2835,#2858,.T.);
#2858 = SURFACE_CURVE('',#2859,(#2864,#2871),.PCURVE_S1.);
#2859 = CIRCLE('',#2860,52.623289454028);
#2860 = AXIS2_PLACEMENT_3D('',#2861,#2862,#2863);
#2861 = CARTESIAN_POINT('',(0.,0.,909.898));
#2862 = DIRECTION('',(0.,0.,1.));
#2863 = DIRECTION('',(1.,0.,0.));
#2864 = PCURVE('',#2817,#2865);
#2865 = DEFINITIONAL_REPRESENTATION('',(#2866),#2870);
#2866 = LINE('',#2867,#2868);
#2867 = CARTESIAN_POINT('',(0.,4.563));
#2868 = VECTOR('',#2869,1.);
#2869 = DIRECTION('',(1.,0.));
#2870 = ( GEOMETRIC_REPRESENTATION_CONTEXT(2) 
PARAMETRIC_REPRESENTATION_CONTEXT() REPRESENTATION_CONTEXT('2D SPACE',''
  ) );
#2871 = PCURVE('',#2872,#2877);
#2872 = CONICAL_SURFACE('',#2873,52.623289454028,1.104228661014E-02);
#2873 = AXIS2_PLACEMENT_3D('',#2874,#2875,#2876);
#2874 = CARTESIAN_POINT('',(0.,0.,909.898));
#2875 = DIRECTION('',(0.,0.,1.));
#2876 = DIRECTION('',(1.,0.,0.));
#2877 = DEFINITIONAL_REPRESENTATION('',(#2878),#2882);
#2878 = LINE('',#2879,#2880);
#2879 = CARTESIAN_POINT('',(0.,0.));
#2880 = VECTOR('',#2881,1.);
#2881 = DIRECTION('',(1.,0.));
#2882 = ( GEOMETRIC_REPRESENTATION_CONTEXT(2) 
PARAMETRIC_REPRESENTATION_CONTEXT() REPRESENTATION_CONTEXT('2D SPACE',''
  ) );
#2883 = ORIENTED_EDGE('',*,*,#2834,.F.);
#2884 = ADVANCED_FACE('',(#2885),#2872,.T.);
#2885 = FACE_BOUND('',#2886,.T.);
#2886 = EDGE_LOOP('',(#2887,#2888,#2911,#2938));
#2887 = ORIENTED_EDGE('',*,*,#2857,.T.);
#2888 = ORIENTED_EDGE('',*,*,#2889,.T.);
#2889 = EDGE_CURVE('',#2835,#2890,#2892,.T.);
#2890 = VERTEX_POINT('',#2891);
#2891 = CARTESIAN_POINT('',(52.673677455818,0.,914.461));
#2892 = SEAM_CURVE('',#2893,(#2897,#2904),.PCURVE_S1.);
#2893 = LINE('',#2894,#2895);
#2894 = CARTESIAN_POINT('',(52.623289454028,0.,909.898));
#2895 = VECTOR('',#2896,1.);
#2896 = DIRECTION('',(1.104206220999E-02,0.,0.999939034573));
#2897 = PCURVE('',#2872,#2898);
#2898 = DEFINITIONAL_REPRESENTATION('',(#2899),#2903);
#2899 = LINE('',#2900,#2901);
#2900 = CARTESIAN_POINT('',(6.28318530718,0.));
#2901 = VECTOR('',#2902,1.);
#2902 = DIRECTION('',(0.,1.));
#2903 = ( GEOMETRIC_REPRESENTATION_CONTEXT(2) 
PARAMETRIC_REPRESENTATION_CONTEXT() REPRESENTATION_CONTEXT('2D SPACE',''
  ) );
#2904 = PCURVE('',#2872,#2905);
#2905 = DEFINITIONAL_REPRESENTATION('',(#2906),#2910);
#2906 = LINE('',#2907,#2908);
#2907 = CARTESIAN_POINT('',(4.138911435803E-13,0.));
#2908 = VECTOR('',#2909,1.);
#2909 = DIRECTION('',(0.,1.));
#2910 = ( GEOMETRIC_REPRESENTATION_CONTEXT(2) 
PARAMETRIC_REPRESENTATION_CONTEXT() REPRESENTATION_CONTEXT('2D SPACE',''
  ) );
#2911 = ORIENTED_EDGE('',*,*,#2912,.F.);
#2912 = EDGE_CURVE('',#2890,#2890,#2913,.T.);
#2913 = SURFACE_CURVE('',#2914,(#2919,#2926),.PCURVE_S1.);
#2914 = CIRCLE('',#2915,52.673677455818);
#2915 = AXIS2_PLACEMENT_3D('',#2916,#2917,#2918);
#2916 = CARTESIAN_POINT('',(0.,0.,914.461));
#2917 = DIRECTION('',(0.,0.,1.));
#2918 = DIRECTION('',(1.,0.,0.));
#2919 = PCURVE('',#2872,#2920);
#2920 = DEFINITIONAL_REPRESENTATION('',(#2921),#2925);
#2921 = LINE('',#2922,#2923);
#2922 = CARTESIAN_POINT('',(0.,4.563));
#2923 = VECTOR('',#2924,1.);
#2924 = DIRECTION('',(1.,0.));
#2925 = ( GEOMETRIC_REPRESENTATION_CONTEXT(2) 
PARAMETRIC_REPRESENTATION_CONTEXT() REPRESENTATION_CONTEXT('2D SPACE',''
  ) );
#2926 = PCURVE('',#2927,#2932);
#2927 = CONICAL_SURFACE('',#2928,52.673677455818,1.029758010748E-02);
#2928 = AXIS2_PLACEMENT_3D('',#2929,#2930,#2931);
#2929 = CARTESIAN_POINT('',(0.,0.,914.461));
#2930 = DIRECTION('',(0.,0.,1.));
#2931 = DIRECTION('',(1.,0.,0.));
#2932 = DEFINITIONAL_REPRESENTATION('',(#2933),#2937);
#2933 = LINE('',#2934,#2935);
#2934 = CARTESIAN_POINT('',(0.,0.));
#2935 = VECTOR('',#2936,1.);
#2936 = DIRECTION('',(1.,0.));
#2937 = ( GEOMETRIC_REPRESENTATION_CONTEXT(2) 
PARAMETRIC_REPRESENTATION_CONTEXT() REPRESENTATION_CONTEXT('2D SPACE',''
  ) );
#2938 = ORIENTED_EDGE('',*,*,#2889,.F.);
#2939 = ADVANCED_FACE('',(#2940),#2927,.T.);
#2940 = FACE_BOUND('',#2941,.T.);
#2941 = EDGE_LOOP('',(#2942,#2943,#2966,#2993));
#2942 = ORIENTED_EDGE('',*,*,#2912,.T.);
#2943 = ORIENTED_EDGE('',*,*,#2944,.T.);
#2944 = EDGE_CURVE('',#2890,#2945,#2947,.T.);
#2945 = VERTEX_POINT('',#2946);
#2946 = CARTESIAN_POINT('',(52.720666974786,0.,919.024));
#2947 = SEAM_CURVE('',#2948,(#2952,#2959),.PCURVE_S1.);
#2948 = LINE('',#2949,#2950);
#2949 = CARTESIAN_POINT('',(52.673677455818,0.,914.461));
#2950 = VECTOR('',#2951,1.);
#2951 = DIRECTION('',(1.029739811561E-02,0.,0.99994698039));
#2952 = PCURVE('',#2927,#2953);
#2953 = DEFINITIONAL_REPRESENTATION('',(#2954),#2958);
#2954 = LINE('',#2955,#2956);
#2955 = CARTESIAN_POINT('',(6.28318530718,0.));
#2956 = VECTOR('',#2957,1.);
#2957 = DIRECTION('',(0.,1.));
#2958 = ( GEOMETRIC_REPRESENTATION_CONTEXT(2) 
PARAMETRIC_REPRESENTATION_CONTEXT() REPRESENTATION_CONTEXT('2D SPACE',''
  ) );
#2959 = PCURVE('',#2927,#2960);
#2960 = DEFINITIONAL_REPRESENTATION('',(#2961),#2965);
#2961 = LINE('',#2962,#2963);
#2962 = CARTESIAN_POINT('',(4.138911435803E-13,0.));
#2963 = VECTOR('',#2964,1.);
#2964 = DIRECTION('',(0.,1.));
#2965 = ( GEOMETRIC_REPRESENTATION_CONTEXT(2) 
PARAMETRIC_REPRESENTATION_CONTEXT() REPRESENTATION_CONTEXT('2D SPACE',''
  ) );
#2966 = ORIENTED_EDGE('',*,*,#2967,.F.);
#2967 = EDGE_CURVE('',#2945,#2945,#2968,.T.);
#2968 = SURFACE_CURVE('',#2969,(#2974,#2981),.PCURVE_S1.);
#2969 = CIRCLE('',#2970,52.720666974786);
#2970 = AXIS2_PLACEMENT_3D('',#2971,#2972,#2973);
#2971 = CARTESIAN_POINT('',(0.,0.,919.024));
#2972 = DIRECTION('',(0.,0.,1.));
#2973 = DIRECTION('',(1.,0.,0.));
#2974 = PCURVE('',#2927,#2975);
#2975 = DEFINITIONAL_REPRESENTATION('',(#2976),#2980);
#2976 = LINE('',#2977,#2978);
#2977 = CARTESIAN_POINT('',(0.,4.563));
#2978 = VECTOR('',#2979,1.);
#2979 = DIRECTION('',(1.,0.));
#2980 = ( GEOMETRIC_REPRESENTATION_CONTEXT(2) 
PARAMETRIC_REPRESENTATION_CONTEXT() REPRESENTATION_CONTEXT('2D SPACE',''
  ) );
#2981 = PCURVE('',#2982,#2987);
#2982 = CONICAL_SURFACE('',#2983,52.720666974786,9.541147212376E-03);
#2983 = AXIS2_PLACEMENT_3D('',#2984,#2985,#2986);
#2984 = CARTESIAN_POINT('',(0.,0.,919.024));
#2985 = DIRECTION('',(0.,0.,1.));
#2986 = DIRECTION('',(1.,0.,0.));
#2987 = DEFINITIONAL_REPRESENTATION('',(#2988),#2992);
#2988 = LINE('',#2989,#2990);
#2989 = CARTESIAN_POINT('',(0.,0.));
#2990 = VECTOR('',#2991,1.);
#2991 = DIRECTION('',(1.,0.));
#2992 = ( GEOMETRIC_REPRESENTATION_CONTEXT(2) 
PARAMETRIC_REPRESENTATION_CONTEXT() REPRESENTATION_CONTEXT('2D SPACE',''
  ) );
#2993 = ORIENTED_EDGE('',*,*,#2944,.F.);
#2994 = ADVANCED_FACE('',(#2995),#2982,.T.);
#2995 = FACE_BOUND('',#2996,.T.);
#2996 = EDGE_LOOP('',(#2997,#2998,#3021,#3048));
#2997 = ORIENTED_EDGE('',*,*,#2967,.T.);
#2998 = ORIENTED_EDGE('',*,*,#2999,.T.);
#2999 = EDGE_CURVE('',#2945,#3000,#3002,.T.);
#3000 = VERTEX_POINT('',#3001);
#3001 = CARTESIAN_POINT('',(52.76420455065,0.,923.587));
#3002 = SEAM_CURVE('',#3003,(#3007,#3014),.PCURVE_S1.);
#3003 = LINE('',#3004,#3005);
#3004 = CARTESIAN_POINT('',(52.720666974786,0.,919.024));
#3005 = VECTOR('',#3006,1.);
#3006 = DIRECTION('',(9.541002452393E-03,0.,0.9999544836));
#3007 = PCURVE('',#2982,#3008);
#3008 = DEFINITIONAL_REPRESENTATION('',(#3009),#3013);
#3009 = LINE('',#3010,#3011);
#3010 = CARTESIAN_POINT('',(6.28318530718,0.));
#3011 = VECTOR('',#3012,1.);
#3012 = DIRECTION('',(0.,1.));
#3013 = ( GEOMETRIC_REPRESENTATION_CONTEXT(2) 
PARAMETRIC_REPRESENTATION_CONTEXT() REPRESENTATION_CONTEXT('2D SPACE',''
  ) );
#3014 = PCURVE('',#2982,#3015);
#3015 = DEFINITIONAL_REPRESENTATION('',(#3016),#3020);
#3016 = LINE('',#3017,#3018);
#3017 = CARTESIAN_POINT('',(4.138911435803E-13,0.));
#3018 = VECTOR('',#3019,1.);
#3019 = DIRECTION('',(0.,1.));
#3020 = ( GEOMETRIC_REPRESENTATION_CONTEXT(2) 
PARAMETRIC_REPRESENTATION_CONTEXT() REPRESENTATION_CONTEXT('2D SPACE',''
  ) );
#3021 = ORIENTED_EDGE('',*,*,#3022,.F.);
#3022 = EDGE_CURVE('',#3000,#3000,#3023,.T.);
#3023 = SURFACE_CURVE('',#3024,(#3029,#3036),.PCURVE_S1.);
#3024 = CIRCLE('',#3025,52.76420455065);
#3025 = AXIS2_PLACEMENT_3D('',#3026,#3027,#3028);
#3026 = CARTESIAN_POINT('',(0.,0.,923.587));
#3027 = DIRECTION('',(0.,0.,1.));
#3028 = DIRECTION('',(1.,0.,0.));
#3029 = PCURVE('',#2982,#3030);
#3030 = DEFINITIONAL_REPRESENTATION('',(#3031),#3035);
#3031 = LINE('',#3032,#3033);
#3032 = CARTESIAN_POINT('',(0.,4.563));
#3033 = VECTOR('',#3034,1.);
#3034 = DIRECTION('',(1.,0.));
#3035 = ( GEOMETRIC_REPRESENTATION_CONTEXT(2) 
PARAMETRIC_REPRESENTATION_CONTEXT() REPRESENTATION_CONTEXT('2D SPACE',''
  ) );
#3036 = PCURVE('',#3037,#3042);
#3037 = CONICAL_SURFACE('',#3038,52.76420455065,8.772988263105E-03);
#3038 = AXIS2_PLACEMENT_3D('',#3039,#3040,#3041);
#3039 = CARTESIAN_POINT('',(0.,0.,923.587));
#3040 = DIRECTION('',(0.,0.,1.));
#3041 = DIRECTION('',(1.,0.,0.));
#3042 = DEFINITIONAL_REPRESENTATION('',(#3043),#3047);
#3043 = LINE('',#3044,#3045);
#3044 = CARTESIAN_POINT('',(0.,0.));
#3045 = VECTOR('',#3046,1.);
#3046 = DIRECTION('',(1.,0.));
#3047 = ( GEOMETRIC_REPRESENTATION_CONTEXT(2) 
PARAMETRIC_REPRESENTATION_CONTEXT() REPRESENTATION_CONTEXT('2D SPACE',''
  ) );
#3048 = ORIENTED_EDGE('',*,*,#2999,.F.);
#3049 = ADVANCED_FACE('',(#3050),#3037,.T.);
#3050 = FACE_BOUND('',#3051,.T.);
#3051 = EDGE_LOOP('',(#3052,#3053,#3076,#3103));
#3052 = ORIENTED_EDGE('',*,*,#3022,.T.);
#3053 = ORIENTED_EDGE('',*,*,#3054,.T.);
#3054 = EDGE_CURVE('',#3000,#3055,#3057,.T.);
#3055 = VERTEX_POINT('',#3056);
#3056 = CARTESIAN_POINT('',(52.804236723129,0.,928.15));
#3057 = SEAM_CURVE('',#3058,(#3062,#3069),.PCURVE_S1.);
#3058 = LINE('',#3059,#3060);
#3059 = CARTESIAN_POINT('',(52.76420455065,0.,923.587));
#3060 = VECTOR('',#3061,1.);
#3061 = DIRECTION('',(8.77287572758E-03,0.,0.999961517585));
#3062 = PCURVE('',#3037,#3063);
#3063 = DEFINITIONAL_REPRESENTATION('',(#3064),#3068);
#3064 = LINE('',#3065,#3066);
#3065 = CARTESIAN_POINT('',(6.28318530718,0.));
#3066 = VECTOR('',#3067,1.);
#3067 = DIRECTION('',(0.,1.));
#3068 = ( GEOMETRIC_REPRESENTATION_CONTEXT(2) 
PARAMETRIC_REPRESENTATION_CONTEXT() REPRESENTATION_CONTEXT('2D SPACE',''
  ) );
#3069 = PCURVE('',#3037,#3070);
#3070 = DEFINITIONAL_REPRESENTATION('',(#3071),#3075);
#3071 = LINE('',#3072,#3073);
#3072 = CARTESIAN_POINT('',(4.138911435803E-13,0.));
#3073 = VECTOR('',#3074,1.);
#3074 = DIRECTION('',(0.,1.));
#3075 = ( GEOMETRIC_REPRESENTATION_CONTEXT(2) 
PARAMETRIC_REPRESENTATION_CONTEXT() REPRESENTATION_CONTEXT('2D SPACE',''
  ) );
#3076 = ORIENTED_EDGE('',*,*,#3077,.F.);
#3077 = EDGE_CURVE('',#3055,#3055,#3078,.T.);
#3078 = SURFACE_CURVE('',#3079,(#3084,#3091),.PCURVE_S1.);
#3079 = CIRCLE('',#3080,52.804236723129);
#3080 = AXIS2_PLACEMENT_3D('',#3081,#3082,#3083);
#3081 = CARTESIAN_POINT('',(0.,0.,928.15));
#3082 = DIRECTION('',(0.,0.,1.));
#3083 = DIRECTION('',(1.,0.,0.));
#3084 = PCURVE('',#3037,#3085);
#3085 = DEFINITIONAL_REPRESENTATION('',(#3086),#3090);
#3086 = LINE('',#3087,#3088);
#3087 = CARTESIAN_POINT('',(0.,4.563));
#3088 = VECTOR('',#3089,1.);
#3089 = DIRECTION('',(1.,0.));
#3090 = ( GEOMETRIC_REPRESENTATION_CONTEXT(2) 
PARAMETRIC_REPRESENTATION_CONTEXT() REPRESENTATION_CONTEXT('2D SPACE',''
  ) );
#3091 = PCURVE('',#3092,#3097);
#3092 = CONICAL_SURFACE('',#3093,52.804236723129,7.993103671851E-03);
#3093 = AXIS2_PLACEMENT_3D('',#3094,#3095,#3096);
#3094 = CARTESIAN_POINT('',(0.,0.,928.15));
#3095 = DIRECTION('',(0.,0.,1.));
#3096 = DIRECTION('',(1.,0.,0.));
#3097 = DEFINITIONAL_REPRESENTATION('',(#3098),#3102);
#3098 = LINE('',#3099,#3100);
#3099 = CARTESIAN_POINT('',(0.,0.));
#3100 = VECTOR('',#3101,1.);
#3101 = DIRECTION('',(1.,0.));
#3102 = ( GEOMETRIC_REPRESENTATION_CONTEXT(2) 
PARAMETRIC_REPRESENTATION_CONTEXT() REPRESENTATION_CONTEXT('2D SPACE',''
  ) );
#3103 = ORIENTED_EDGE('',*,*,#3054,.F.);
#3104 = ADVANCED_FACE('',(#3105),#3092,.T.);
#3105 = FACE_BOUND('',#3106,.T.);
#3106 = EDGE_LOOP('',(#3107,#3108,#3131,#3158));
#3107 = ORIENTED_EDGE('',*,*,#3077,.T.);
#3108 = ORIENTED_EDGE('',*,*,#3109,.T.);
#3109 = EDGE_CURVE('',#3055,#3110,#3112,.T.);
#3110 = VERTEX_POINT('',#3111);
#3111 = CARTESIAN_POINT('',(52.840710031943,0.,932.713));
#3112 = SEAM_CURVE('',#3113,(#3117,#3124),.PCURVE_S1.);
#3113 = LINE('',#3114,#3115);
#3114 = CARTESIAN_POINT('',(52.804236723129,0.,928.15));
#3115 = VECTOR('',#3116,1.);
#3116 = DIRECTION('',(7.993018559275E-03,0.,0.999968055317));
#3117 = PCURVE('',#3092,#3118);
#3118 = DEFINITIONAL_REPRESENTATION('',(#3119),#3123);
#3119 = LINE('',#3120,#3121);
#3120 = CARTESIAN_POINT('',(6.28318530718,0.));
#3121 = VECTOR('',#3122,1.);
#3122 = DIRECTION('',(0.,1.));
#3123 = ( GEOMETRIC_REPRESENTATION_CONTEXT(2) 
PARAMETRIC_REPRESENTATION_CONTEXT() REPRESENTATION_CONTEXT('2D SPACE',''
  ) );
#3124 = PCURVE('',#3092,#3125);
#3125 = DEFINITIONAL_REPRESENTATION('',(#3126),#3130);
#3126 = LINE('',#3127,#3128);
#3127 = CARTESIAN_POINT('',(4.138911435803E-13,0.));
#3128 = VECTOR('',#3129,1.);
#3129 = DIRECTION('',(0.,1.));
#3130 = ( GEOMETRIC_REPRESENTATION_CONTEXT(2) 
PARAMETRIC_REPRESENTATION_CONTEXT() REPRESENTATION_CONTEXT('2D SPACE',''
  ) );
#3131 = ORIENTED_EDGE('',*,*,#3132,.F.);
#3132 = EDGE_CURVE('',#3110,#3110,#3133,.T.);
#3133 = SURFACE_CURVE('',#3134,(#3139,#3146),.PCURVE_S1.);
#3134 = CIRCLE('',#3135,52.840710031943);
#3135 = AXIS2_PLACEMENT_3D('',#3136,#3137,#3138);
#3136 = CARTESIAN_POINT('',(0.,0.,932.713));
#3137 = DIRECTION('',(0.,0.,1.));
#3138 = DIRECTION('',(1.,0.,0.));
#3139 = PCURVE('',#3092,#3140);
#3140 = DEFINITIONAL_REPRESENTATION('',(#3141),#3145);
#3141 = LINE('',#3142,#3143);
#3142 = CARTESIAN_POINT('',(0.,4.563));
#3143 = VECTOR('',#3144,1.);
#3144 = DIRECTION('',(1.,0.));
#3145 = ( GEOMETRIC_REPRESENTATION_CONTEXT(2) 
PARAMETRIC_REPRESENTATION_CONTEXT() REPRESENTATION_CONTEXT('2D SPACE',''
  ) );
#3146 = PCURVE('',#3147,#3152);
#3147 = CONICAL_SURFACE('',#3148,52.840710031943,7.201493927849E-03);
#3148 = AXIS2_PLACEMENT_3D('',#3149,#3150,#3151);
#3149 = CARTESIAN_POINT('',(0.,0.,932.713));
#3150 = DIRECTION('',(0.,0.,1.));
#3151 = DIRECTION('',(1.,0.,0.));
#3152 = DEFINITIONAL_REPRESENTATION('',(#3153),#3157);
#3153 = LINE('',#3154,#3155);
#3154 = CARTESIAN_POINT('',(0.,0.));
#3155 = VECTOR('',#3156,1.);
#3156 = DIRECTION('',(1.,0.));
#3157 = ( GEOMETRIC_REPRESENTATION_CONTEXT(2) 
PARAMETRIC_REPRESENTATION_CONTEXT() REPRESENTATION_CONTEXT('2D SPACE',''
  ) );
#3158 = ORIENTED_EDGE('',*,*,#3109,.F.);
#3159 = ADVANCED_FACE('',(#3160),#3147,.T.);
#3160 = FACE_BOUND('',#3161,.T.);
#3161 = EDGE_LOOP('',(#3162,#3163,#3186,#3213));
#3162 = ORIENTED_EDGE('',*,*,#3132,.T.);
#3163 = ORIENTED_EDGE('',*,*,#3164,.T.);
#3164 = EDGE_CURVE('',#3110,#3165,#3167,.T.);
#3165 = VERTEX_POINT('',#3166);
#3166 = CARTESIAN_POINT('',(52.873571016812,0.,937.276));
#3167 = SEAM_CURVE('',#3168,(#3172,#3179),.PCURVE_S1.);
#3168 = LINE('',#3169,#3170);
#3169 = CARTESIAN_POINT('',(52.840710031943,0.,932.713));
#3170 = VECTOR('',#3171,1.);
#3171 = DIRECTION('',(7.201431681265E-03,0.,0.999974069355));
#3172 = PCURVE('',#3147,#3173);
#3173 = DEFINITIONAL_REPRESENTATION('',(#3174),#3178);
#3174 = LINE('',#3175,#3176);
#3175 = CARTESIAN_POINT('',(6.28318530718,0.));
#3176 = VECTOR('',#3177,1.);
#3177 = DIRECTION('',(0.,1.));
#3178 = ( GEOMETRIC_REPRESENTATION_CONTEXT(2) 
PARAMETRIC_REPRESENTATION_CONTEXT() REPRESENTATION_CONTEXT('2D SPACE',''
  ) );
#3179 = PCURVE('',#3147,#3180);
#3180 = DEFINITIONAL_REPRESENTATION('',(#3181),#3185);
#3181 = LINE('',#3182,#3183);
#3182 = CARTESIAN_POINT('',(4.138911435803E-13,0.));
#3183 = VECTOR('',#3184,1.);
#3184 = DIRECTION('',(0.,1.));
#3185 = ( GEOMETRIC_REPRESENTATION_CONTEXT(2) 
PARAMETRIC_REPRESENTATION_CONTEXT() REPRESENTATION_CONTEXT('2D SPACE',''
  ) );
#3186 = ORIENTED_EDGE('',*,*,#3187,.F.);
#3187 = EDGE_CURVE('',#3165,#3165,#3188,.T.);
#3188 = SURFACE_CURVE('',#3189,(#3194,#3201),.PCURVE_S1.);
#3189 = CIRCLE('',#3190,52.873571016812);
#3190 = AXIS2_PLACEMENT_3D('',#3191,#3192,#3193);
#3191 = CARTESIAN_POINT('',(0.,0.,937.276));
#3192 = DIRECTION('',(0.,0.,1.));
#3193 = DIRECTION('',(1.,0.,0.));
#3194 = PCURVE('',#3147,#3195);
#3195 = DEFINITIONAL_REPRESENTATION('',(#3196),#3200);
#3196 = LINE('',#3197,#3198);
#3197 = CARTESIAN_POINT('',(0.,4.563));
#3198 = VECTOR('',#3199,1.);
#3199 = DIRECTION('',(1.,0.));
#3200 = ( GEOMETRIC_REPRESENTATION_CONTEXT(2) 
PARAMETRIC_REPRESENTATION_CONTEXT() REPRESENTATION_CONTEXT('2D SPACE',''
  ) );
#3201 = PCURVE('',#3202,#3207);
#3202 = CONICAL_SURFACE('',#3203,52.873571016812,6.398159600629E-03);
#3203 = AXIS2_PLACEMENT_3D('',#3204,#3205,#3206);
#3204 = CARTESIAN_POINT('',(0.,0.,937.276));
#3205 = DIRECTION('',(0.,0.,1.));
#3206 = DIRECTION('',(1.,0.,0.));
#3207 = DEFINITIONAL_REPRESENTATION('',(#3208),#3212);
#3208 = LINE('',#3209,#3210);
#3209 = CARTESIAN_POINT('',(0.,0.));
#3210 = VECTOR('',#3211,1.);
#3211 = DIRECTION('',(1.,0.));
#3212 = ( GEOMETRIC_REPRESENTATION_CONTEXT(2) 
PARAMETRIC_REPRESENTATION_CONTEXT() REPRESENTATION_CONTEXT('2D SPACE',''
  ) );
#3213 = ORIENTED_EDGE('',*,*,#3164,.F.);
#3214 = ADVANCED_FACE('',(#3215),#3202,.T.);
#3215 = FACE_BOUND('',#3216,.T.);
#3216 = EDGE_LOOP('',(#3217,#3218,#3241,#3268));
#3217 = ORIENTED_EDGE('',*,*,#3187,.T.);
#3218 = ORIENTED_EDGE('',*,*,#3219,.T.);
#3219 = EDGE_CURVE('',#3165,#3220,#3222,.T.);
#3220 = VERTEX_POINT('',#3221);
#3221 = CARTESIAN_POINT('',(52.902766217453,0.,941.839));
#3222 = SEAM_CURVE('',#3223,(#3227,#3234),.PCURVE_S1.);
#3223 = LINE('',#3224,#3225);
#3224 = CARTESIAN_POINT('',(52.873571016812,0.,937.276));
#3225 = VECTOR('',#3226,1.);
#3226 = DIRECTION('',(6.398115947719E-03,0.,0.999979531847));
#3227 = PCURVE('',#3202,#3228);
#3228 = DEFINITIONAL_REPRESENTATION('',(#3229),#3233);
#3229 = LINE('',#3230,#3231);
#3230 = CARTESIAN_POINT('',(6.28318530718,0.));
#3231 = VECTOR('',#3232,1.);
#3232 = DIRECTION('',(0.,1.));
#3233 = ( GEOMETRIC_REPRESENTATION_CONTEXT(2) 
PARAMETRIC_REPRESENTATION_CONTEXT() REPRESENTATION_CONTEXT('2D SPACE',''
  ) );
#3234 = PCURVE('',#3202,#3235);
#3235 = DEFINITIONAL_REPRESENTATION('',(#3236),#3240);
#3236 = LINE('',#3237,#3238);
#3237 = CARTESIAN_POINT('',(4.138911435803E-13,0.));
#3238 = VECTOR('',#3239,1.);
#3239 = DIRECTION('',(0.,1.));
#3240 = ( GEOMETRIC_REPRESENTATION_CONTEXT(2) 
PARAMETRIC_REPRESENTATION_CONTEXT() REPRESENTATION_CONTEXT('2D SPACE',''
  ) );
#3241 = ORIENTED_EDGE('',*,*,#3242,.F.);
#3242 = EDGE_CURVE('',#3220,#3220,#3243,.T.);
#3243 = SURFACE_CURVE('',#3244,(#3249,#3256),.PCURVE_S1.);
#3244 = CIRCLE('',#3245,52.902766217453);
#3245 = AXIS2_PLACEMENT_3D('',#3246,#3247,#3248);
#3246 = CARTESIAN_POINT('',(0.,0.,941.839));
#3247 = DIRECTION('',(0.,0.,1.));
#3248 = DIRECTION('',(1.,0.,0.));
#3249 = PCURVE('',#3202,#3250);
#3250 = DEFINITIONAL_REPRESENTATION('',(#3251),#3255);
#3251 = LINE('',#3252,#3253);
#3252 = CARTESIAN_POINT('',(0.,4.563));
#3253 = VECTOR('',#3254,1.);
#3254 = DIRECTION('',(1.,0.));
#3255 = ( GEOMETRIC_REPRESENTATION_CONTEXT(2) 
PARAMETRIC_REPRESENTATION_CONTEXT() REPRESENTATION_CONTEXT('2D SPACE',''
  ) );
#3256 = PCURVE('',#3257,#3262);
#3257 = CONICAL_SURFACE('',#3258,52.902766217453,5.583101343246E-03);
#3258 = AXIS2_PLACEMENT_3D('',#3259,#3260,#3261);
#3259 = CARTESIAN_POINT('',(0.,0.,941.839));
#3260 = DIRECTION('',(0.,0.,1.));
#3261 = DIRECTION('',(1.,0.,0.));
#3262 = DEFINITIONAL_REPRESENTATION('',(#3263),#3267);
#3263 = LINE('',#3264,#3265);
#3264 = CARTESIAN_POINT('',(0.,0.));
#3265 = VECTOR('',#3266,1.);
#3266 = DIRECTION('',(1.,0.));
#3267 = ( GEOMETRIC_REPRESENTATION_CONTEXT(2) 
PARAMETRIC_REPRESENTATION_CONTEXT() REPRESENTATION_CONTEXT('2D SPACE',''
  ) );
#3268 = ORIENTED_EDGE('',*,*,#3219,.F.);
#3269 = ADVANCED_FACE('',(#3270),#3257,.T.);
#3270 = FACE_BOUND('',#3271,.T.);
#3271 = EDGE_LOOP('',(#3272,#3273,#3296,#3323));
#3272 = ORIENTED_EDGE('',*,*,#3242,.T.);
#3273 = ORIENTED_EDGE('',*,*,#3274,.T.);
#3274 = EDGE_CURVE('',#3220,#3275,#3277,.T.);
#3275 = VERTEX_POINT('',#3276);
#3276 = CARTESIAN_POINT('',(52.928242173587,0.,946.402));
#3277 = SEAM_CURVE('',#3278,(#3282,#3289),.PCURVE_S1.);
#3278 = LINE('',#3279,#3280);
#3279 = CARTESIAN_POINT('',(52.902766217453,0.,941.839));
#3280 = VECTOR('',#3281,1.);
#3281 = DIRECTION('',(5.583072338137E-03,0.,0.99998441453));
#3282 = PCURVE('',#3257,#3283);
#3283 = DEFINITIONAL_REPRESENTATION('',(#3284),#3288);
#3284 = LINE('',#3285,#3286);
#3285 = CARTESIAN_POINT('',(6.28318530718,0.));
#3286 = VECTOR('',#3287,1.);
#3287 = DIRECTION('',(0.,1.));
#3288 = ( GEOMETRIC_REPRESENTATION_CONTEXT(2) 
PARAMETRIC_REPRESENTATION_CONTEXT() REPRESENTATION_CONTEXT('2D SPACE',''
  ) );
#3289 = PCURVE('',#3257,#3290);
#3290 = DEFINITIONAL_REPRESENTATION('',(#3291),#3295);
#3291 = LINE('',#3292,#3293);
#3292 = CARTESIAN_POINT('',(4.138911435803E-13,0.));
#3293 = VECTOR('',#3294,1.);
#3294 = DIRECTION('',(0.,1.));
#3295 = ( GEOMETRIC_REPRESENTATION_CONTEXT(2) 
PARAMETRIC_REPRESENTATION_CONTEXT() REPRESENTATION_CONTEXT('2D SPACE',''
  ) );
#3296 = ORIENTED_EDGE('',*,*,#3297,.F.);
#3297 = EDGE_CURVE('',#3275,#3275,#3298,.T.);
#3298 = SURFACE_CURVE('',#3299,(#3304,#3311),.PCURVE_S1.);
#3299 = CIRCLE('',#3300,52.928242173587);
#3300 = AXIS2_PLACEMENT_3D('',#3301,#3302,#3303);
#3301 = CARTESIAN_POINT('',(0.,0.,946.402));
#3302 = DIRECTION('',(0.,0.,1.));
#3303 = DIRECTION('',(1.,0.,0.));
#3304 = PCURVE('',#3257,#3305);
#3305 = DEFINITIONAL_REPRESENTATION('',(#3306),#3310);
#3306 = LINE('',#3307,#3308);
#3307 = CARTESIAN_POINT('',(0.,4.563));
#3308 = VECTOR('',#3309,1.);
#3309 = DIRECTION('',(1.,0.));
#3310 = ( GEOMETRIC_REPRESENTATION_CONTEXT(2) 
PARAMETRIC_REPRESENTATION_CONTEXT() REPRESENTATION_CONTEXT('2D SPACE',''
  ) );
#3311 = PCURVE('',#3312,#3317);
#3312 = CONICAL_SURFACE('',#3313,52.928242173587,4.756319895612E-03);
#3313 = AXIS2_PLACEMENT_3D('',#3314,#3315,#3316);
#3314 = CARTESIAN_POINT('',(0.,0.,946.402));
#3315 = DIRECTION('',(0.,0.,1.));
#3316 = DIRECTION('',(1.,0.,0.));
#3317 = DEFINITIONAL_REPRESENTATION('',(#3318),#3322);
#3318 = LINE('',#3319,#3320);
#3319 = CARTESIAN_POINT('',(0.,0.));
#3320 = VECTOR('',#3321,1.);
#3321 = DIRECTION('',(1.,0.));
#3322 = ( GEOMETRIC_REPRESENTATION_CONTEXT(2) 
PARAMETRIC_REPRESENTATION_CONTEXT() REPRESENTATION_CONTEXT('2D SPACE',''
  ) );
#3323 = ORIENTED_EDGE('',*,*,#3274,.F.);
#3324 = ADVANCED_FACE('',(#3325),#3312,.T.);
#3325 = FACE_BOUND('',#3326,.T.);
#3326 = EDGE_LOOP('',(#3327,#3328,#3351,#3378));
#3327 = ORIENTED_EDGE('',*,*,#3297,.T.);
#3328 = ORIENTED_EDGE('',*,*,#3329,.T.);
#3329 = EDGE_CURVE('',#3275,#3330,#3332,.T.);
#3330 = VERTEX_POINT('',#3331);
#3331 = CARTESIAN_POINT('',(52.949945424932,0.,950.965));
#3332 = SEAM_CURVE('',#3333,(#3337,#3344),.PCURVE_S1.);
#3333 = LINE('',#3334,#3335);
#3334 = CARTESIAN_POINT('',(52.928242173587,0.,946.402));
#3335 = VECTOR('',#3336,1.);
#3336 = DIRECTION('',(4.756301962255E-03,0.,0.999988688732));
#3337 = PCURVE('',#3312,#3338);
#3338 = DEFINITIONAL_REPRESENTATION('',(#3339),#3343);
#3339 = LINE('',#3340,#3341);
#3340 = CARTESIAN_POINT('',(6.28318530718,0.));
#3341 = VECTOR('',#3342,1.);
#3342 = DIRECTION('',(0.,1.));
#3343 = ( GEOMETRIC_REPRESENTATION_CONTEXT(2) 
PARAMETRIC_REPRESENTATION_CONTEXT() REPRESENTATION_CONTEXT('2D SPACE',''
  ) );
#3344 = PCURVE('',#3312,#3345);
#3345 = DEFINITIONAL_REPRESENTATION('',(#3346),#3350);
#3346 = LINE('',#3347,#3348);
#3347 = CARTESIAN_POINT('',(4.138911435803E-13,0.));
#3348 = VECTOR('',#3349,1.);
#3349 = DIRECTION('',(0.,1.));
#3350 = ( GEOMETRIC_REPRESENTATION_CONTEXT(2) 
PARAMETRIC_REPRESENTATION_CONTEXT() REPRESENTATION_CONTEXT('2D SPACE',''
  ) );
#3351 = ORIENTED_EDGE('',*,*,#3352,.F.);
#3352 = EDGE_CURVE('',#3330,#3330,#3353,.T.);
#3353 = SURFACE_CURVE('',#3354,(#3359,#3366),.PCURVE_S1.);
#3354 = CIRCLE('',#3355,52.949945424932);
#3355 = AXIS2_PLACEMENT_3D('',#3356,#3357,#3358);
#3356 = CARTESIAN_POINT('',(0.,0.,950.965));
#3357 = DIRECTION('',(0.,0.,1.));
#3358 = DIRECTION('',(1.,0.,0.));
#3359 = PCURVE('',#3312,#3360);
#3360 = DEFINITIONAL_REPRESENTATION('',(#3361),#3365);
#3361 = LINE('',#3362,#3363);
#3362 = CARTESIAN_POINT('',(0.,4.563));
#3363 = VECTOR('',#3364,1.);
#3364 = DIRECTION('',(1.,0.));
#3365 = ( GEOMETRIC_REPRESENTATION_CONTEXT(2) 
PARAMETRIC_REPRESENTATION_CONTEXT() REPRESENTATION_CONTEXT('2D SPACE',''
  ) );
#3366 = PCURVE('',#3367,#3372);
#3367 = CONICAL_SURFACE('',#3368,52.949945424932,3.917816087838E-03);
#3368 = AXIS2_PLACEMENT_3D('',#3369,#3370,#3371);
#3369 = CARTESIAN_POINT('',(0.,0.,950.965));
#3370 = DIRECTION('',(0.,0.,1.));
#3371 = DIRECTION('',(1.,0.,0.));
#3372 = DEFINITIONAL_REPRESENTATION('',(#3373),#3377);
#3373 = LINE('',#3374,#3375);
#3374 = CARTESIAN_POINT('',(0.,0.));
#3375 = VECTOR('',#3376,1.);
#3376 = DIRECTION('',(1.,0.));
#3377 = ( GEOMETRIC_REPRESENTATION_CONTEXT(2) 
PARAMETRIC_REPRESENTATION_CONTEXT() REPRESENTATION_CONTEXT('2D SPACE',''
  ) );
#3378 = ORIENTED_EDGE('',*,*,#3329,.F.);
#3379 = ADVANCED_FACE('',(#3380),#3367,.T.);
#3380 = FACE_BOUND('',#3381,.T.);
#3381 = EDGE_LOOP('',(#3382,#3383,#3406,#3433));
#3382 = ORIENTED_EDGE('',*,*,#3352,.T.);
#3383 = ORIENTED_EDGE('',*,*,#3384,.T.);
#3384 = EDGE_CURVE('',#3330,#3385,#3387,.T.);
#3385 = VERTEX_POINT('',#3386);
#3386 = CARTESIAN_POINT('',(52.967822511207,0.,955.528));
#3387 = SEAM_CURVE('',#3388,(#3392,#3399),.PCURVE_S1.);
#3388 = LINE('',#3389,#3390);
#3389 = CARTESIAN_POINT('',(52.949945424932,0.,950.965));
#3390 = VECTOR('',#3391,1.);
#3391 = DIRECTION('',(3.917806065242E-03,0.,0.999992325368));
#3392 = PCURVE('',#3367,#3393);
#3393 = DEFINITIONAL_REPRESENTATION('',(#3394),#3398);
#3394 = LINE('',#3395,#3396);
#3395 = CARTESIAN_POINT('',(6.28318530718,0.));
#3396 = VECTOR('',#3397,1.);
#3397 = DIRECTION('',(0.,1.));
#3398 = ( GEOMETRIC_REPRESENTATION_CONTEXT(2) 
PARAMETRIC_REPRESENTATION_CONTEXT() REPRESENTATION_CONTEXT('2D SPACE',''
  ) );
#3399 = PCURVE('',#3367,#3400);
#3400 = DEFINITIONAL_REPRESENTATION('',(#3401),#3405);
#3401 = LINE('',#3402,#3403);
#3402 = CARTESIAN_POINT('',(4.138911435803E-13,0.));
#3403 = VECTOR('',#3404,1.);
#3404 = DIRECTION('',(0.,1.));
#3405 = ( GEOMETRIC_REPRESENTATION_CONTEXT(2) 
PARAMETRIC_REPRESENTATION_CONTEXT() REPRESENTATION_CONTEXT('2D SPACE',''
  ) );
#3406 = ORIENTED_EDGE('',*,*,#3407,.F.);
#3407 = EDGE_CURVE('',#3385,#3385,#3408,.T.);
#3408 = SURFACE_CURVE('',#3409,(#3414,#3421),.PCURVE_S1.);
#3409 = CIRCLE('',#3410,52.967822511207);
#3410 = AXIS2_PLACEMENT_3D('',#3411,#3412,#3413);
#3411 = CARTESIAN_POINT('',(0.,0.,955.528));
#3412 = DIRECTION('',(0.,0.,1.));
#3413 = DIRECTION('',(1.,0.,0.));
#3414 = PCURVE('',#3367,#3415);
#3415 = DEFINITIONAL_REPRESENTATION('',(#3416),#3420);
#3416 = LINE('',#3417,#3418);
#3417 = CARTESIAN_POINT('',(0.,4.563));
#3418 = VECTOR('',#3419,1.);
#3419 = DIRECTION('',(1.,0.));
#3420 = ( GEOMETRIC_REPRESENTATION_CONTEXT(2) 
PARAMETRIC_REPRESENTATION_CONTEXT() REPRESENTATION_CONTEXT('2D SPACE',''
  ) );
#3421 = PCURVE('',#3422,#3427);
#3422 = CONICAL_SURFACE('',#3423,52.967822511207,3.067590843655E-03);
#3423 = AXIS2_PLACEMENT_3D('',#3424,#3425,#3426);
#3424 = CARTESIAN_POINT('',(0.,0.,955.528));
#3425 = DIRECTION('',(0.,0.,1.));
#3426 = DIRECTION('',(1.,0.,0.));
#3427 = DEFINITIONAL_REPRESENTATION('',(#3428),#3432);
#3428 = LINE('',#3429,#3430);
#3429 = CARTESIAN_POINT('',(0.,0.));
#3430 = VECTOR('',#3431,1.);
#3431 = DIRECTION('',(1.,0.));
#3432 = ( GEOMETRIC_REPRESENTATION_CONTEXT(2) 
PARAMETRIC_REPRESENTATION_CONTEXT() REPRESENTATION_CONTEXT('2D SPACE',''
  ) );
#3433 = ORIENTED_EDGE('',*,*,#3384,.F.);
#3434 = ADVANCED_FACE('',(#3435),#3422,.T.);
#3435 = FACE_BOUND('',#3436,.T.);
#3436 = EDGE_LOOP('',(#3437,#3438,#3461,#3488));
#3437 = ORIENTED_EDGE('',*,*,#3407,.T.);
#3438 = ORIENTED_EDGE('',*,*,#3439,.T.);
#3439 = EDGE_CURVE('',#3385,#3440,#3442,.T.);
#3440 = VERTEX_POINT('',#3441);
#3441 = CARTESIAN_POINT('',(52.981819972133,0.,960.091));
#3442 = SEAM_CURVE('',#3443,(#3447,#3454),.PCURVE_S1.);
#3443 = LINE('',#3444,#3445);
#3444 = CARTESIAN_POINT('',(52.967822511207,0.,955.528));
#3445 = VECTOR('',#3446,1.);
#3446 = DIRECTION('',(3.067586032594E-03,0.,0.999995294947));
#3447 = PCURVE('',#3422,#3448);
#3448 = DEFINITIONAL_REPRESENTATION('',(#3449),#3453);
#3449 = LINE('',#3450,#3451);
#3450 = CARTESIAN_POINT('',(6.28318530718,0.));
#3451 = VECTOR('',#3452,1.);
#3452 = DIRECTION('',(0.,1.));
#3453 = ( GEOMETRIC_REPRESENTATION_CONTEXT(2) 
PARAMETRIC_REPRESENTATION_CONTEXT() REPRESENTATION_CONTEXT('2D SPACE',''
  ) );
#3454 = PCURVE('',#3422,#3455);
#3455 = DEFINITIONAL_REPRESENTATION('',(#3456),#3460);
#3456 = LINE('',#3457,#3458);
#3457 = CARTESIAN_POINT('',(4.138911435803E-13,0.));
#3458 = VECTOR('',#3459,1.);
#3459 = DIRECTION('',(0.,1.));
#3460 = ( GEOMETRIC_REPRESENTATION_CONTEXT(2) 
PARAMETRIC_REPRESENTATION_CONTEXT() REPRESENTATION_CONTEXT('2D SPACE',''
  ) );
#3461 = ORIENTED_EDGE('',*,*,#3462,.F.);
#3462 = EDGE_CURVE('',#3440,#3440,#3463,.T.);
#3463 = SURFACE_CURVE('',#3464,(#3469,#3476),.PCURVE_S1.);
#3464 = CIRCLE('',#3465,52.981819972133);
#3465 = AXIS2_PLACEMENT_3D('',#3466,#3467,#3468);
#3466 = CARTESIAN_POINT('',(0.,0.,960.091));
#3467 = DIRECTION('',(0.,0.,1.));
#3468 = DIRECTION('',(1.,0.,0.));
#3469 = PCURVE('',#3422,#3470);
#3470 = DEFINITIONAL_REPRESENTATION('',(#3471),#3475);
#3471 = LINE('',#3472,#3473);
#3472 = CARTESIAN_POINT('',(0.,4.563));
#3473 = VECTOR('',#3474,1.);
#3474 = DIRECTION('',(1.,0.));
#3475 = ( GEOMETRIC_REPRESENTATION_CONTEXT(2) 
PARAMETRIC_REPRESENTATION_CONTEXT() REPRESENTATION_CONTEXT('2D SPACE',''
  ) );
#3476 = PCURVE('',#3477,#3482);
#3477 = CONICAL_SURFACE('',#3478,52.981819972133,2.205645183837E-03);
#3478 = AXIS2_PLACEMENT_3D('',#3479,#3480,#3481);
#3479 = CARTESIAN_POINT('',(0.,0.,960.091));
#3480 = DIRECTION('',(0.,0.,1.));
#3481 = DIRECTION('',(1.,0.,0.));
#3482 = DEFINITIONAL_REPRESENTATION('',(#3483),#3487);
#3483 = LINE('',#3484,#3485);
#3484 = CARTESIAN_POINT('',(0.,0.));
#3485 = VECTOR('',#3486,1.);
#3486 = DIRECTION('',(1.,0.));
#3487 = ( GEOMETRIC_REPRESENTATION_CONTEXT(2) 
PARAMETRIC_REPRESENTATION_CONTEXT() REPRESENTATION_CONTEXT('2D SPACE',''
  ) );
#3488 = ORIENTED_EDGE('',*,*,#3439,.F.);
#3489 = ADVANCED_FACE('',(#3490),#3477,.T.);
#3490 = FACE_BOUND('',#3491,.T.);
#3491 = EDGE_LOOP('',(#3492,#3493,#3516,#3543));
#3492 = ORIENTED_EDGE('',*,*,#3462,.T.);
#3493 = ORIENTED_EDGE('',*,*,#3494,.T.);
#3494 = EDGE_CURVE('',#3440,#3495,#3497,.T.);
#3495 = VERTEX_POINT('',#3496);
#3496 = CARTESIAN_POINT('',(52.991884347427,0.,964.654));
#3497 = SEAM_CURVE('',#3498,(#3502,#3509),.PCURVE_S1.);
#3498 = LINE('',#3499,#3500);
#3499 = CARTESIAN_POINT('',(52.981819972133,0.,960.091));
#3500 = VECTOR('',#3501,1.);
#3501 = DIRECTION('',(2.205643395468E-03,0.,0.999997567566));
#3502 = PCURVE('',#3477,#3503);
#3503 = DEFINITIONAL_REPRESENTATION('',(#3504),#3508);
#3504 = LINE('',#3505,#3506);
#3505 = CARTESIAN_POINT('',(6.28318530718,0.));
#3506 = VECTOR('',#3507,1.);
#3507 = DIRECTION('',(0.,1.));
#3508 = ( GEOMETRIC_REPRESENTATION_CONTEXT(2) 
PARAMETRIC_REPRESENTATION_CONTEXT() REPRESENTATION_CONTEXT('2D SPACE',''
  ) );
#3509 = PCURVE('',#3477,#3510);
#3510 = DEFINITIONAL_REPRESENTATION('',(#3511),#3515);
#3511 = LINE('',#3512,#3513);
#3512 = CARTESIAN_POINT('',(4.138911435803E-13,0.));
#3513 = VECTOR('',#3514,1.);
#3514 = DIRECTION('',(0.,1.));
#3515 = ( GEOMETRIC_REPRESENTATION_CONTEXT(2) 
PARAMETRIC_REPRESENTATION_CONTEXT() REPRESENTATION_CONTEXT('2D SPACE',''
  ) );
#3516 = ORIENTED_EDGE('',*,*,#3517,.F.);
#3517 = EDGE_CURVE('',#3495,#3495,#3518,.T.);
#3518 = SURFACE_CURVE('',#3519,(#3524,#3531),.PCURVE_S1.);
#3519 = CIRCLE('',#3520,52.991884347427);
#3520 = AXIS2_PLACEMENT_3D('',#3521,#3522,#3523);
#3521 = CARTESIAN_POINT('',(0.,0.,964.654));
#3522 = DIRECTION('',(0.,0.,1.));
#3523 = DIRECTION('',(1.,0.,0.));
#3524 = PCURVE('',#3477,#3525);
#3525 = DEFINITIONAL_REPRESENTATION('',(#3526),#3530);
#3526 = LINE('',#3527,#3528);
#3527 = CARTESIAN_POINT('',(0.,4.563));
#3528 = VECTOR('',#3529,1.);
#3529 = DIRECTION('',(1.,0.));
#3530 = ( GEOMETRIC_REPRESENTATION_CONTEXT(2) 
PARAMETRIC_REPRESENTATION_CONTEXT() REPRESENTATION_CONTEXT('2D SPACE',''
  ) );
#3531 = PCURVE('',#3532,#3537);
#3532 = CONICAL_SURFACE('',#3533,52.991884347427,1.331980229733E-03);
#3533 = AXIS2_PLACEMENT_3D('',#3534,#3535,#3536);
#3534 = CARTESIAN_POINT('',(0.,0.,964.654));
#3535 = DIRECTION('',(0.,0.,1.));
#3536 = DIRECTION('',(1.,0.,0.));
#3537 = DEFINITIONAL_REPRESENTATION('',(#3538),#3542);
#3538 = LINE('',#3539,#3540);
#3539 = CARTESIAN_POINT('',(0.,0.));
#3540 = VECTOR('',#3541,1.);
#3541 = DIRECTION('',(1.,0.));
#3542 = ( GEOMETRIC_REPRESENTATION_CONTEXT(2) 
PARAMETRIC_REPRESENTATION_CONTEXT() REPRESENTATION_CONTEXT('2D SPACE',''
  ) );
#3543 = ORIENTED_EDGE('',*,*,#3494,.F.);
#3544 = ADVANCED_FACE('',(#3545),#3532,.T.);
#3545 = FACE_BOUND('',#3546,.T.);
#3546 = EDGE_LOOP('',(#3547,#3570,#3571,#3572,#3604,#3638,#3843,#3877));
#3547 = ORIENTED_EDGE('',*,*,#3548,.F.);
#3548 = EDGE_CURVE('',#3495,#3549,#3551,.T.);
#3549 = VERTEX_POINT('',#3550);
#3550 = CARTESIAN_POINT('',(52.99796217681,0.,969.217));
#3551 = SEAM_CURVE('',#3552,(#3556,#3563),.PCURVE_S1.);
#3552 = LINE('',#3553,#3554);
#3553 = CARTESIAN_POINT('',(52.991884347427,0.,964.654));
#3554 = VECTOR('',#3555,1.);
#3555 = DIRECTION('',(1.331979835879E-03,0.,0.999999112914));
#3556 = PCURVE('',#3532,#3557);
#3557 = DEFINITIONAL_REPRESENTATION('',(#3558),#3562);
#3558 = LINE('',#3559,#3560);
#3559 = CARTESIAN_POINT('',(4.138911435803E-13,0.));
#3560 = VECTOR('',#3561,1.);
#3561 = DIRECTION('',(0.,1.));
#3562 = ( GEOMETRIC_REPRESENTATION_CONTEXT(2) 
PARAMETRIC_REPRESENTATION_CONTEXT() REPRESENTATION_CONTEXT('2D SPACE',''
  ) );
#3563 = PCURVE('',#3532,#3564);
#3564 = DEFINITIONAL_REPRESENTATION('',(#3565),#3569);
#3565 = LINE('',#3566,#3567);
#3566 = CARTESIAN_POINT('',(6.28318530718,0.));
#3567 = VECTOR('',#3568,1.);
#3568 = DIRECTION('',(0.,1.));
#3569 = ( GEOMETRIC_REPRESENTATION_CONTEXT(2) 
PARAMETRIC_REPRESENTATION_CONTEXT() REPRESENTATION_CONTEXT('2D SPACE',''
  ) );
#3570 = ORIENTED_EDGE('',*,*,#3517,.T.);
#3571 = ORIENTED_EDGE('',*,*,#3548,.T.);
#3572 = ORIENTED_EDGE('',*,*,#3573,.F.);
#3573 = EDGE_CURVE('',#3574,#3549,#3576,.T.);
#3574 = VERTEX_POINT('',#3575);
#3575 = CARTESIAN_POINT('',(-42.49745868748,31.666228067138,969.217));
#3576 = SURFACE_CURVE('',#3577,(#3582,#3589),.PCURVE_S1.);
#3577 = CIRCLE('',#3578,52.99796217681);
#3578 = AXIS2_PLACEMENT_3D('',#3579,#3580,#3581);
#3579 = CARTESIAN_POINT('',(0.,0.,969.217));
#3580 = DIRECTION('',(0.,0.,1.));
#3581 = DIRECTION('',(1.,0.,0.));
#3582 = PCURVE('',#3532,#3583);
#3583 = DEFINITIONAL_REPRESENTATION('',(#3584),#3588);
#3584 = LINE('',#3585,#3586);
#3585 = CARTESIAN_POINT('',(0.,4.563));
#3586 = VECTOR('',#3587,1.);
#3587 = DIRECTION('',(1.,0.));
#3588 = ( GEOMETRIC_REPRESENTATION_CONTEXT(2) 
PARAMETRIC_REPRESENTATION_CONTEXT() REPRESENTATION_CONTEXT('2D SPACE',''
  ) );
#3589 = PCURVE('',#3590,#3598);
#3590 = SURFACE_OF_REVOLUTION('',#3591,#3595);
#3591 = LINE('',#3592,#3593);
#3592 = CARTESIAN_POINT('',(52.99796217681,0.,969.217));
#3593 = VECTOR('',#3594,1.);
#3594 = DIRECTION('',(4.465971919213E-04,0.,0.999999900275));
#3595 = AXIS1_PLACEMENT('',#3596,#3597);
#3596 = CARTESIAN_POINT('',(0.,0.,700.));
#3597 = DIRECTION('',(0.,0.,1.));
#3598 = DEFINITIONAL_REPRESENTATION('',(#3599),#3603);
#3599 = LINE('',#3600,#3601);
#3600 = CARTESIAN_POINT('',(0.,0.));
#3601 = VECTOR('',#3602,1.);
#3602 = DIRECTION('',(1.,0.));
#3603 = ( GEOMETRIC_REPRESENTATION_CONTEXT(2) 
PARAMETRIC_REPRESENTATION_CONTEXT() REPRESENTATION_CONTEXT('2D SPACE',''
  ) );
#3604 = ORIENTED_EDGE('',*,*,#3605,.T.);
#3605 = EDGE_CURVE('',#3574,#3606,#3608,.T.);
#3606 = VERTEX_POINT('',#3607);
#3607 = CARTESIAN_POINT('',(-42.49091878019,31.666228067138,965.28));
#3608 = SURFACE_CURVE('',#3609,(#3615,#3624),.PCURVE_S1.);
#3609 = B_SPLINE_CURVE_WITH_KNOTS('',4,(#3610,#3611,#3612,#3613,#3614),
  .UNSPECIFIED.,.F.,.F.,(5,5),(0.,1.),.PIECEWISE_BEZIER_KNOTS.);
#3610 = CARTESIAN_POINT('',(-42.49745868748,31.666228067138,
    969.21699999996));
#3611 = CARTESIAN_POINT('',(-42.49556379434,31.666228067138,
    968.07624999994));
#3612 = CARTESIAN_POINT('',(-42.49366886098,31.666228067138,
    966.93549999987));
#3613 = CARTESIAN_POINT('',(-42.4917738874,31.666228067138,
    965.79475000011));
#3614 = CARTESIAN_POINT('',(-42.48987887357,31.666228067138,
    964.65400000018));
#3615 = PCURVE('',#3532,#3616);
#3616 = DEFINITIONAL_REPRESENTATION('',(#3617),#3623);
#3617 = B_SPLINE_CURVE_WITH_KNOTS('',4,(#3618,#3619,#3620,#3621,#3622),
  .UNSPECIFIED.,.F.,.F.,(5,5),(0.,1.),.PIECEWISE_BEZIER_KNOTS.);
#3618 = CARTESIAN_POINT('',(2.501214174817,4.563));
#3619 = CARTESIAN_POINT('',(2.501192811794,3.422249999977));
#3620 = CARTESIAN_POINT('',(2.501171446684,2.281500000071));
#3621 = CARTESIAN_POINT('',(2.501150079486,1.140749999923));
#3622 = CARTESIAN_POINT('',(2.501128710201,0.));
#3623 = ( GEOMETRIC_REPRESENTATION_CONTEXT(2) 
PARAMETRIC_REPRESENTATION_CONTEXT() REPRESENTATION_CONTEXT('2D SPACE',''
  ) );
#3624 = PCURVE('',#3625,#3630);
#3625 = PLANE('',#3626);
#3626 = AXIS2_PLACEMENT_3D('',#3627,#3628,#3629);
#3627 = CARTESIAN_POINT('',(-42.5,31.666228067138,1.06028E+03));
#3628 = DIRECTION('',(0.,-1.,0.));
#3629 = DIRECTION('',(0.66679485947,0.,-0.745241313525));
#3630 = DEFINITIONAL_REPRESENTATION('',(#3631),#3637);
#3631 = B_SPLINE_CURVE_WITH_KNOTS('',4,(#3632,#3633,#3634,#3635,#3636),
  .UNSPECIFIED.,.F.,.F.,(5,5),(0.,1.),.PIECEWISE_BEZIER_KNOTS.);
#3632 = CARTESIAN_POINT('',(67.86560426768,-60.71844639684));
#3633 = CARTESIAN_POINT('',(68.717001801106,-61.47768048014));
#3634 = CARTESIAN_POINT('',(69.568399361386,-62.23691453351));
#3635 = CARTESIAN_POINT('',(70.419796948259,-62.99614855668));
#3636 = CARTESIAN_POINT('',(71.271194562083,-63.75538254998));
#3637 = ( GEOMETRIC_REPRESENTATION_CONTEXT(2) 
PARAMETRIC_REPRESENTATION_CONTEXT() REPRESENTATION_CONTEXT('2D SPACE',''
  ) );
#3638 = ORIENTED_EDGE('',*,*,#3639,.F.);
#3639 = EDGE_CURVE('',#3640,#3606,#3642,.T.);
#3640 = VERTEX_POINT('',#3641);
#3641 = CARTESIAN_POINT('',(42.49091878019,31.666228067138,965.28));
#3642 = SURFACE_CURVE('',#3643,(#3706,#3772),.PCURVE_S1.);
#3643 = B_SPLINE_CURVE_WITH_KNOTS('',7,(#3644,#3645,#3646,#3647,#3648,
    #3649,#3650,#3651,#3652,#3653,#3654,#3655,#3656,#3657,#3658,#3659,
    #3660,#3661,#3662,#3663,#3664,#3665,#3666,#3667,#3668,#3669,#3670,
    #3671,#3672,#3673,#3674,#3675,#3676,#3677,#3678,#3679,#3680,#3681,
    #3682,#3683,#3684,#3685,#3686,#3687,#3688,#3689,#3690,#3691,#3692,
    #3693,#3694,#3695,#3696,#3697,#3698,#3699,#3700,#3701,#3702,#3703,
    #3704,#3705),.UNSPECIFIED.,.F.,.F.,(8,6,6,6,6,6,6,6,6,6,8),(0.,
    0.133078837082,0.231447186401,0.306960379648,0.408248956999,
    0.507612692507,0.636767463554,0.770717381904,0.867929856865,
    0.941516536458,1.),.UNSPECIFIED.);
#3644 = CARTESIAN_POINT('',(42.49091878019,31.666228067138,965.28));
#3645 = CARTESIAN_POINT('',(41.150738818813,33.464785311459,
    965.39398996981));
#3646 = CARTESIAN_POINT('',(39.747428689981,35.162694001213,
    965.50459822753));
#3647 = CARTESIAN_POINT('',(38.291122790719,36.75914563093,
    965.61192466592));
#3648 = CARTESIAN_POINT('',(36.790905801876,38.25524618691,
    965.71603086864));
#3649 = CARTESIAN_POINT('',(35.254523906528,39.653272532506,
    965.81693275134));
#3650 = CARTESIAN_POINT('',(33.688289731235,40.956279289515,
    965.91462496858));
#3651 = CARTESIAN_POINT('',(30.920691443249,43.063177586049,
    966.07891604063));
#3652 = CARTESIAN_POINT('',(29.730819200858,43.908525342247,
    966.14697242144));
#3653 = CARTESIAN_POINT('',(28.529324120855,44.705127105847,
    966.21324942696));
#3654 = CARTESIAN_POINT('',(27.317929146295,45.454328257879,
    966.27772229311));
#3655 = CARTESIAN_POINT('',(26.0981079711,46.157444242546,
    966.34035594088));
#3656 = CARTESIAN_POINT('',(24.871089235193,46.815746056741,
    966.40110797196));
#3657 = CARTESIAN_POINT('',(22.691156022224,47.902311757409,
    966.50508502901));
#3658 = CARTESIAN_POINT('',(21.740819941098,48.34847323007,
    966.54910151681));
#3659 = CARTESIAN_POINT('',(20.787308752932,48.769462126256,
    966.59195674565));
#3660 = CARTESIAN_POINT('',(19.831034782197,49.165780734518,
    966.6336245602));
#3661 = CARTESIAN_POINT('',(18.872363002685,49.537895579153,
    966.67407573365));
#3662 = CARTESIAN_POINT('',(17.911611982015,49.886238551718,
    966.7132784115));
#3663 = CARTESIAN_POINT('',(15.657942098064,50.647101374486,
    966.80206221596));
#3664 = CARTESIAN_POINT('',(14.363607222235,51.040931991095,
    966.85061724192));
#3665 = CARTESIAN_POINT('',(13.06670282256,51.393664946763,
    966.89678170131));
#3666 = CARTESIAN_POINT('',(11.767806304836,51.706126908776,
    966.94046307879));
#3667 = CARTESIAN_POINT('',(10.467422412515,51.979024516664,
    966.98156021993));
#3668 = CARTESIAN_POINT('',(9.165984262415,52.212951346537,
    967.0199640743));
#3669 = CARTESIAN_POINT('',(6.586466568531,52.600101711312,
    967.09047400419));
#3670 = CARTESIAN_POINT('',(5.308439763338,52.754770455203,
    967.12268516317));
#3671 = CARTESIAN_POINT('',(4.030120338,52.872840966439,967.15207989326)
  );
#3672 = CARTESIAN_POINT('',(2.751840470925,52.954649824135,
    967.17853835737));
#3673 = CARTESIAN_POINT('',(1.473916244402,53.000430033326,
    967.20193241533));
#3674 = CARTESIAN_POINT('',(0.196647104874,53.010313948256,
    967.2221255654));
#3675 = CARTESIAN_POINT('',(-2.738684053099,52.950551037883,
    967.26086956072));
#3676 = CARTESIAN_POINT('',(-4.396042072765,52.856172149433,
    967.27711205999));
#3677 = CARTESIAN_POINT('',(-6.051167435257,52.701256699507,
    967.28738078334));
#3678 = CARTESIAN_POINT('',(-7.703380865215,52.485564342361,
    967.29132816058));
#3679 = CARTESIAN_POINT('',(-9.351919941067,52.208581088523,
    967.28857963674));
#3680 = CARTESIAN_POINT('',(-10.99593997277,51.869513100924,
    967.27873215394));
#3681 = CARTESIAN_POINT('',(-14.33391766103,51.050036208543,
    967.24332118912));
#3682 = CARTESIAN_POINT('',(-16.02734577799,50.564875671721,
    967.21718899366));
#3683 = CARTESIAN_POINT('',(-17.71380480971,50.010519642188,
    967.18246758688));
#3684 = CARTESIAN_POINT('',(-19.39196807831,49.385395417266,
    967.1386339837));
#3685 = CARTESIAN_POINT('',(-21.06017828255,48.687640874953,
    967.08513280035));
#3686 = CARTESIAN_POINT('',(-22.71643740513,47.915089309148,
    967.0213779772));
#3687 = CARTESIAN_POINT('',(-25.5500011667,46.448397963737,
    966.89259110095));
#3688 = CARTESIAN_POINT('',(-26.73401409986,45.790898708473,
    966.83270801275));
#3689 = CARTESIAN_POINT('',(-27.90950769128,45.091739584931,
    966.76686661994));
#3690 = CARTESIAN_POINT('',(-29.07536998006,44.349908404397,
    966.69482757484));
#3691 = CARTESIAN_POINT('',(-30.23029021216,43.564357116183,
    966.61635121321));
#3692 = CARTESIAN_POINT('',(-31.37275614676,42.734012353249,
    966.53120182351));
#3693 = CARTESIAN_POINT('',(-33.35512770189,41.194500009002,
    966.36947344248));
#3694 = CARTESIAN_POINT('',(-34.20106259515,40.50494448553,
    966.29584276081));
#3695 = CARTESIAN_POINT('',(-35.03810083862,39.788646105869,
    966.2181624453));
#3696 = CARTESIAN_POINT('',(-35.86538748152,39.045159076215,
    966.13634051323));
#3697 = CARTESIAN_POINT('',(-36.68196675541,38.274070966343,
    966.05029360188));
#3698 = CARTESIAN_POINT('',(-37.48678465558,37.475014895106,
    965.95994996874));
#3699 = CARTESIAN_POINT('',(-38.90806434712,35.990153613142,
    965.78999109285));
#3700 = CARTESIAN_POINT('',(-39.52927466126,35.314772303409,
    965.71198053064));
#3701 = CARTESIAN_POINT('',(-40.14174215975,34.621387879332,
    965.6311927922));
#3702 = CARTESIAN_POINT('',(-40.74483685341,33.909885736844,
    965.54760717178));
#3703 = CARTESIAN_POINT('',(-41.33788287034,33.180194744682,
    965.46121191039));
#3704 = CARTESIAN_POINT('',(-41.92016225715,32.432295413859,
    965.37200583538));
#3705 = CARTESIAN_POINT('',(-42.49091878019,31.666228067138,965.28));
#3706 = PCURVE('',#3532,#3707);
#3707 = DEFINITIONAL_REPRESENTATION('',(#3708),#3771);
#3708 = B_SPLINE_CURVE_WITH_KNOTS('',7,(#3709,#3710,#3711,#3712,#3713,
    #3714,#3715,#3716,#3717,#3718,#3719,#3720,#3721,#3722,#3723,#3724,
    #3725,#3726,#3727,#3728,#3729,#3730,#3731,#3732,#3733,#3734,#3735,
    #3736,#3737,#3738,#3739,#3740,#3741,#3742,#3743,#3744,#3745,#3746,
    #3747,#3748,#3749,#3750,#3751,#3752,#3753,#3754,#3755,#3756,#3757,
    #3758,#3759,#3760,#3761,#3762,#3763,#3764,#3765,#3766,#3767,#3768,
    #3769,#3770),.UNSPECIFIED.,.F.,.F.,(8,6,6,6,6,6,6,6,6,6,8),(0.,
    0.133078837082,0.231447186401,0.306960379648,0.408248956999,
    0.507612692507,0.636767463554,0.770717381904,0.867929856865,
    0.941516536458,1.),.UNSPECIFIED.);
#3709 = CARTESIAN_POINT('',(0.640452217227,0.626000000672));
#3710 = CARTESIAN_POINT('',(0.682778120441,0.739989970487));
#3711 = CARTESIAN_POINT('',(0.724292707497,0.850598223754));
#3712 = CARTESIAN_POINT('',(0.764993365551,0.957924671577));
#3713 = CARTESIAN_POINT('',(0.804896817598,1.062030864554));
#3714 = CARTESIAN_POINT('',(0.844032469163,1.16293275263));
#3715 = CARTESIAN_POINT('',(0.882442351378,1.260624968583));
#3716 = CARTESIAN_POINT('',(0.948078603568,1.424916040632));
#3717 = CARTESIAN_POINT('',(0.975606329623,1.492972421441));
#3718 = CARTESIAN_POINT('',(1.002786795741,1.55924942696));
#3719 = CARTESIAN_POINT('',(1.029640769155,1.623722293111));
#3720 = CARTESIAN_POINT('',(1.056189016889,1.686355940882));
#3721 = CARTESIAN_POINT('',(1.08245282284,1.74710797196));
#3722 = CARTESIAN_POINT('',(1.128414763233,1.85108502901));
#3723 = CARTESIAN_POINT('',(1.148220032242,1.895101516811));
#3724 = CARTESIAN_POINT('',(1.167879985979,1.937956745657));
#3725 = CARTESIAN_POINT('',(1.187403980719,1.979624560207));
#3726 = CARTESIAN_POINT('',(1.206801125185,2.02007573365));
#3727 = CARTESIAN_POINT('',(1.226080421971,2.059278411505));
#3728 = CARTESIAN_POINT('',(1.270964976513,2.148062215963));
#3729 = CARTESIAN_POINT('',(1.296482725428,2.196617241925));
#3730 = CARTESIAN_POINT('',(1.321826085001,2.242781701318));
#3731 = CARTESIAN_POINT('',(1.347015602814,2.286463078795));
#3732 = CARTESIAN_POINT('',(1.372071054872,2.327560219932));
#3733 = CARTESIAN_POINT('',(1.397011952757,2.365964074302));
#3734 = CARTESIAN_POINT('',(1.446231780939,2.436474004194));
#3735 = CARTESIAN_POINT('',(1.470513777159,2.468685163175));
#3736 = CARTESIAN_POINT('',(1.494722362972,2.498079893269));
#3737 = CARTESIAN_POINT('',(1.518875146342,2.52453835737));
#3738 = CARTESIAN_POINT('',(1.542989330618,2.547932415338));
#3739 = CARTESIAN_POINT('',(1.567082095425,2.568125565402));
#3740 = CARTESIAN_POINT('',(1.622482063989,2.606869560728));
#3741 = CARTESIAN_POINT('',(1.653785481967,2.623112059998));
#3742 = CARTESIAN_POINT('',(1.685120152402,2.633380783343));
#3743 = CARTESIAN_POINT('',(1.716523447076,2.637328160584));
#3744 = CARTESIAN_POINT('',(1.748032418556,2.63457963674));
#3745 = CARTESIAN_POINT('',(1.779685188509,2.624732153941));
#3746 = CARTESIAN_POINT('',(1.844541761117,2.589321189124));
#3747 = CARTESIAN_POINT('',(1.877757248054,2.563188993665));
#3748 = CARTESIAN_POINT('',(1.911215145239,2.52846758688));
#3749 = CARTESIAN_POINT('',(1.944960271766,2.484633983702));
#3750 = CARTESIAN_POINT('',(1.979037552882,2.431132800357));
#3751 = CARTESIAN_POINT('',(2.013494064823,2.367377977203));
#3752 = CARTESIAN_POINT('',(2.073700816326,2.238591100955));
#3753 = CARTESIAN_POINT('',(2.099245619581,2.178708012758));
#3754 = CARTESIAN_POINT('',(2.125035582121,2.112866619945));
#3755 = CARTESIAN_POINT('',(2.151089512058,2.04082757484));
#3756 = CARTESIAN_POINT('',(2.177425842081,1.962351213212));
#3757 = CARTESIAN_POINT('',(2.204063063689,1.877201823509));
#3758 = CARTESIAN_POINT('',(2.251425912053,1.715473442484));
#3759 = CARTESIAN_POINT('',(2.27201437548,1.641842760819));
#3760 = CARTESIAN_POINT('',(2.292793695658,1.564162445303));
#3761 = CARTESIAN_POINT('',(2.313771303727,1.482340513234));
#3762 = CARTESIAN_POINT('',(2.334954018201,1.396293601889));
#3763 = CARTESIAN_POINT('',(2.3563480854,1.305949968749));
#3764 = CARTESIAN_POINT('',(2.39513480115,1.135991092852));
#3765 = CARTESIAN_POINT('',(2.412447289529,1.05798053157));
#3766 = CARTESIAN_POINT('',(2.429899431187,0.977192792355));
#3767 = CARTESIAN_POINT('',(2.447493450192,0.893607170607));
#3768 = CARTESIAN_POINT('',(2.465231013077,0.807211909472));
#3769 = CARTESIAN_POINT('',(2.483113193411,0.718005836664));
#3770 = CARTESIAN_POINT('',(2.501140436361,0.626000001281));
#3771 = ( GEOMETRIC_REPRESENTATION_CONTEXT(2) 
PARAMETRIC_REPRESENTATION_CONTEXT() REPRESENTATION_CONTEXT('2D SPACE',''
  ) );
#3772 = PCURVE('',#3773,#3778);
#3773 = B_SPLINE_SURFACE_WITH_KNOTS('',1,1,(
    (#3774,#3775)
    ,(#3776,#3777
    )),.UNSPECIFIED.,.F.,.F.,.F.,(2,2),(2,2),(0.,85.),(0.,1.),
  .PIECEWISE_BEZIER_KNOTS.);
#3774 = CARTESIAN_POINT('',(42.5,31.666228067138,965.28));
#3775 = CARTESIAN_POINT('',(11.952197967066,235.,978.16576934617));
#3776 = CARTESIAN_POINT('',(-42.5,31.666228067138,965.28));
#3777 = CARTESIAN_POINT('',(-28.43241741754,235.,989.70192296151));
#3778 = DEFINITIONAL_REPRESENTATION('',(#3779),#3842);
#3779 = B_SPLINE_CURVE_WITH_KNOTS('',7,(#3780,#3781,#3782,#3783,#3784,
    #3785,#3786,#3787,#3788,#3789,#3790,#3791,#3792,#3793,#3794,#3795,
    #3796,#3797,#3798,#3799,#3800,#3801,#3802,#3803,#3804,#3805,#3806,
    #3807,#3808,#3809,#3810,#3811,#3812,#3813,#3814,#3815,#3816,#3817,
    #3818,#3819,#3820,#3821,#3822,#3823,#3824,#3825,#3826,#3827,#3828,
    #3829,#3830,#3831,#3832,#3833,#3834,#3835,#3836,#3837,#3838,#3839,
    #3840,#3841),.UNSPECIFIED.,.F.,.F.,(8,6,6,6,6,6,6,6,6,6,8),(0.,
    0.133078837082,0.231447186401,0.306960379648,0.408248956999,
    0.507612692507,0.636767463554,0.770717381904,0.867929856865,
    0.941516536458,1.),.UNSPECIFIED.);
#3780 = CARTESIAN_POINT('',(9.081219809565E-03,0.));
#3781 = CARTESIAN_POINT('',(1.079097513363,8.84534441684E-03));
#3782 = CARTESIAN_POINT('',(2.238954206417,1.719569701008E-02));
#3783 = CARTESIAN_POINT('',(3.479222852922,2.504708153192E-02));
#3784 = CARTESIAN_POINT('',(4.790619720192,3.240493724744E-02));
#3785 = CARTESIAN_POINT('',(6.164560078817,3.92804618212E-02));
#3786 = CARTESIAN_POINT('',(7.59350306349,4.568867795088E-02));
#3787 = CARTESIAN_POINT('',(10.163579534472,5.605045050103E-02));
#3788 = CARTESIAN_POINT('',(11.28246940271,6.020788951454E-02));
#3789 = CARTESIAN_POINT('',(12.425370947691,6.412559465534E-02));
#3790 = CARTESIAN_POINT('',(13.589933591196,6.781018253718E-02));
#3791 = CARTESIAN_POINT('',(14.774027946491,7.126812254382E-02));
#3792 = CARTESIAN_POINT('',(15.975758944988,7.450566546617E-02));
#3793 = CARTESIAN_POINT('',(18.128271580201,7.984941968043E-02));
#3794 = CARTESIAN_POINT('',(19.072460404757,8.204365169815E-02));
#3795 = CARTESIAN_POINT('',(20.025284563443,8.411408442649E-02));
#3796 = CARTESIAN_POINT('',(20.98603201078,8.606318813167E-02));
#3797 = CARTESIAN_POINT('',(21.954040311734,8.789325719053E-02));
#3798 = CARTESIAN_POINT('',(22.928696966228,8.960641565532E-02));
#3799 = CARTESIAN_POINT('',(25.224945480269,9.334835589247E-02));
#3800 = CARTESIAN_POINT('',(26.551373274319,9.528522359952E-02));
#3801 = CARTESIAN_POINT('',(27.887372115609,9.701997209858E-02));
#3802 = CARTESIAN_POINT('',(29.23167999925,9.855666695769E-02));
#3803 = CARTESIAN_POINT('',(30.583121621443,9.989878344574E-02));
#3804 = CARTESIAN_POINT('',(31.940607464416,0.101049240783));
#3805 = CARTESIAN_POINT('',(34.639768219962,0.102953254864));
#3806 = CARTESIAN_POINT('',(35.981225471971,0.103713919176));
#3807 = CARTESIAN_POINT('',(37.326551137918,0.104294592569));
#3808 = CARTESIAN_POINT('',(38.67481651871,0.104696930346));
#3809 = CARTESIAN_POINT('',(40.025117845219,0.10492207843));
#3810 = CARTESIAN_POINT('',(41.376575435723,0.104970687743));
#3811 = CARTESIAN_POINT('',(44.48537240003,0.104676772424));
#3812 = CARTESIAN_POINT('',(46.242857566038,0.104212614957));
#3813 = CARTESIAN_POINT('',(47.998938416524,0.103450737339));
#3814 = CARTESIAN_POINT('',(49.751686483708,0.102389957543));
#3815 = CARTESIAN_POINT('',(51.499093969442,0.101027747757));
#3816 = CARTESIAN_POINT('',(53.239071204419,9.936020387433E-02));
#3817 = CARTESIAN_POINT('',(56.764058085513,9.532999834285E-02));
#3818 = CARTESIAN_POINT('',(58.548217161561,9.294396806263E-02));
#3819 = CARTESIAN_POINT('',(60.319543538305,9.021763281462E-02));
#3820 = CARTESIAN_POINT('',(62.075309651704,8.714325801215E-02));
#3821 = CARTESIAN_POINT('',(63.812446428688,8.371168569791E-02));
#3822 = CARTESIAN_POINT('',(65.527545852519,7.991225996326E-02));
#3823 = CARTESIAN_POINT('',(68.442852535618,7.269903939755E-02));
#3824 = CARTESIAN_POINT('',(69.655196519932,6.946544347783E-02));
#3825 = CARTESIAN_POINT('',(70.852446926376,6.602696340196E-02));
#3826 = CARTESIAN_POINT('',(72.032966273809,6.23786212034E-02));
#3827 = CARTESIAN_POINT('',(73.194931240835,5.851526254563E-02));
#3828 = CARTESIAN_POINT('',(74.336342314169,5.443160858574E-02));
#3829 = CARTESIAN_POINT('',(76.301845387356,4.686025273269E-02));
#3830 = CARTESIAN_POINT('',(77.135615951788,4.346900337495E-02));
#3831 = CARTESIAN_POINT('',(77.955400245679,3.994623205737E-02));
#3832 = CARTESIAN_POINT('',(78.76016381371,3.628974635612E-02));
#3833 = CARTESIAN_POINT('',(79.548791530684,3.249751793021E-02));
#3834 = CARTESIAN_POINT('',(80.320096968974,2.856774245001E-02));
#3835 = CARTESIAN_POINT('',(81.671072348378,2.126516173335E-02));
#3836 = CARTESIAN_POINT('',(82.257575998888,1.794362147315E-02));
#3837 = CARTESIAN_POINT('',(82.831713335984,1.453354149732E-02));
#3838 = CARTESIAN_POINT('',(83.392819598035,1.103435818053E-02));
#3839 = CARTESIAN_POINT('',(83.94020155588,7.445721697642E-03));
#3840 = CARTESIAN_POINT('',(84.473144425417,3.767536201382E-03));
#3841 = CARTESIAN_POINT('',(84.99091878019,0.));
#3842 = ( GEOMETRIC_REPRESENTATION_CONTEXT(2) 
PARAMETRIC_REPRESENTATION_CONTEXT() REPRESENTATION_CONTEXT('2D SPACE',''
  ) );
#3843 = ORIENTED_EDGE('',*,*,#3844,.T.);
#3844 = EDGE_CURVE('',#3640,#3845,#3847,.T.);
#3845 = VERTEX_POINT('',#3846);
#3846 = CARTESIAN_POINT('',(42.497458687486,31.666228067138,969.217));
#3847 = SURFACE_CURVE('',#3848,(#3854,#3863),.PCURVE_S1.);
#3848 = B_SPLINE_CURVE_WITH_KNOTS('',4,(#3849,#3850,#3851,#3852,#3853),
  .UNSPECIFIED.,.F.,.F.,(5,5),(0.,1.),.PIECEWISE_BEZIER_KNOTS.);
#3849 = CARTESIAN_POINT('',(42.489878873575,31.666228067138,
    964.6540000002));
#3850 = CARTESIAN_POINT('',(42.491773887401,31.666228067138,
    965.7947500001));
#3851 = CARTESIAN_POINT('',(42.493668860988,31.666228067138,
    966.93549999992));
#3852 = CARTESIAN_POINT('',(42.495563794345,31.666228067138,
    968.07624999981));
#3853 = CARTESIAN_POINT('',(42.497458687485,31.666228067138,
    969.21699999981));
#3854 = PCURVE('',#3532,#3855);
#3855 = DEFINITIONAL_REPRESENTATION('',(#3856),#3862);
#3856 = B_SPLINE_CURVE_WITH_KNOTS('',4,(#3857,#3858,#3859,#3860,#3861),
  .UNSPECIFIED.,.F.,.F.,(5,5),(0.,1.),.PIECEWISE_BEZIER_KNOTS.);
#3857 = CARTESIAN_POINT('',(0.640463943389,0.));
#3858 = CARTESIAN_POINT('',(0.640442574104,1.140749999902));
#3859 = CARTESIAN_POINT('',(0.640421206906,2.281499999946));
#3860 = CARTESIAN_POINT('',(0.640399841796,3.422249999998));
#3861 = CARTESIAN_POINT('',(0.640378478773,4.563));
#3862 = ( GEOMETRIC_REPRESENTATION_CONTEXT(2) 
PARAMETRIC_REPRESENTATION_CONTEXT() REPRESENTATION_CONTEXT('2D SPACE',''
  ) );
#3863 = PCURVE('',#3864,#3869);
#3864 = PLANE('',#3865);
#3865 = AXIS2_PLACEMENT_3D('',#3866,#3867,#3868);
#3866 = CARTESIAN_POINT('',(-42.5,31.666228067138,1.06028E+03));
#3867 = DIRECTION('',(0.,-1.,0.));
#3868 = DIRECTION('',(0.66679485947,0.,-0.745241313525));
#3869 = DEFINITIONAL_REPRESENTATION('',(#3870),#3876);
#3870 = B_SPLINE_CURVE_WITH_KNOTS('',4,(#3871,#3872,#3873,#3874,#3875),
  .UNSPECIFIED.,.F.,.F.,(5,5),(0.,1.),.PIECEWISE_BEZIER_KNOTS.);
#3871 = CARTESIAN_POINT('',(127.93526018686,-0.424956263446));
#3872 = CARTESIAN_POINT('',(127.08638974401,0.337102215021));
#3873 = CARTESIAN_POINT('',(126.23751927438,1.09916066345));
#3874 = CARTESIAN_POINT('',(125.38864877788,1.861219081939));
#3875 = CARTESIAN_POINT('',(124.53977825448,2.623277470533));
#3876 = ( GEOMETRIC_REPRESENTATION_CONTEXT(2) 
PARAMETRIC_REPRESENTATION_CONTEXT() REPRESENTATION_CONTEXT('2D SPACE',''
  ) );
#3877 = ORIENTED_EDGE('',*,*,#3878,.F.);
#3878 = EDGE_CURVE('',#3549,#3845,#3879,.T.);
#3879 = SURFACE_CURVE('',#3880,(#3885,#3892),.PCURVE_S1.);
#3880 = CIRCLE('',#3881,52.99796217681);
#3881 = AXIS2_PLACEMENT_3D('',#3882,#3883,#3884);
#3882 = CARTESIAN_POINT('',(0.,0.,969.217));
#3883 = DIRECTION('',(0.,0.,1.));
#3884 = DIRECTION('',(1.,0.,0.));
#3885 = PCURVE('',#3532,#3886);
#3886 = DEFINITIONAL_REPRESENTATION('',(#3887),#3891);
#3887 = LINE('',#3888,#3889);
#3888 = CARTESIAN_POINT('',(0.,4.563));
#3889 = VECTOR('',#3890,1.);
#3890 = DIRECTION('',(1.,0.));
#3891 = ( GEOMETRIC_REPRESENTATION_CONTEXT(2) 
PARAMETRIC_REPRESENTATION_CONTEXT() REPRESENTATION_CONTEXT('2D SPACE',''
  ) );
#3892 = PCURVE('',#3893,#3901);
#3893 = SURFACE_OF_REVOLUTION('',#3894,#3898);
#3894 = LINE('',#3895,#3896);
#3895 = CARTESIAN_POINT('',(52.99796217681,0.,969.217));
#3896 = VECTOR('',#3897,1.);
#3897 = DIRECTION('',(4.465971919213E-04,0.,0.999999900275));
#3898 = AXIS1_PLACEMENT('',#3899,#3900);
#3899 = CARTESIAN_POINT('',(0.,0.,700.));
#3900 = DIRECTION('',(0.,0.,1.));
#3901 = DEFINITIONAL_REPRESENTATION('',(#3902),#3906);
#3902 = LINE('',#3903,#3904);
#3903 = CARTESIAN_POINT('',(0.,0.));
#3904 = VECTOR('',#3905,1.);
#3905 = DIRECTION('',(1.,0.));
#3906 = ( GEOMETRIC_REPRESENTATION_CONTEXT(2) 
PARAMETRIC_REPRESENTATION_CONTEXT() REPRESENTATION_CONTEXT('2D SPACE',''
  ) );
#3907 = ADVANCED_FACE('',(#3908),#3893,.T.);
#3908 = FACE_BOUND('',#3909,.T.);
#3909 = EDGE_LOOP('',(#3910,#3933,#3934,#3963));
#3910 = ORIENTED_EDGE('',*,*,#3911,.F.);
#3911 = EDGE_CURVE('',#3549,#3912,#3914,.T.);
#3912 = VERTEX_POINT('',#3913);
#3913 = CARTESIAN_POINT('',(53.,0.,973.78));
#3914 = SURFACE_CURVE('',#3915,(#3919,#3926),.PCURVE_S1.);
#3915 = LINE('',#3916,#3917);
#3916 = CARTESIAN_POINT('',(52.99796217681,0.,969.217));
#3917 = VECTOR('',#3918,1.);
#3918 = DIRECTION('',(4.465971919213E-04,0.,0.999999900275));
#3919 = PCURVE('',#3893,#3920);
#3920 = DEFINITIONAL_REPRESENTATION('',(#3921),#3925);
#3921 = LINE('',#3922,#3923);
#3922 = CARTESIAN_POINT('',(4.138911435803E-13,0.));
#3923 = VECTOR('',#3924,1.);
#3924 = DIRECTION('',(0.,1.));
#3925 = ( GEOMETRIC_REPRESENTATION_CONTEXT(2) 
PARAMETRIC_REPRESENTATION_CONTEXT() REPRESENTATION_CONTEXT('2D SPACE',''
  ) );
#3926 = PCURVE('',#3590,#3927);
#3927 = DEFINITIONAL_REPRESENTATION('',(#3928),#3932);
#3928 = LINE('',#3929,#3930);
#3929 = CARTESIAN_POINT('',(6.28318530718,0.));
#3930 = VECTOR('',#3931,1.);
#3931 = DIRECTION('',(0.,1.));
#3932 = ( GEOMETRIC_REPRESENTATION_CONTEXT(2) 
PARAMETRIC_REPRESENTATION_CONTEXT() REPRESENTATION_CONTEXT('2D SPACE',''
  ) );
#3933 = ORIENTED_EDGE('',*,*,#3878,.T.);
#3934 = ORIENTED_EDGE('',*,*,#3935,.T.);
#3935 = EDGE_CURVE('',#3845,#3936,#3938,.T.);
#3936 = VERTEX_POINT('',#3937);
#3937 = CARTESIAN_POINT('',(42.5,31.666228067138,973.78));
#3938 = SURFACE_CURVE('',#3939,(#3945,#3954),.PCURVE_S1.);
#3939 = B_SPLINE_CURVE_WITH_KNOTS('',4,(#3940,#3941,#3942,#3943,#3944),
  .UNSPECIFIED.,.F.,.F.,(5,5),(0.,1.),.PIECEWISE_BEZIER_KNOTS.);
#3940 = CARTESIAN_POINT('',(42.497458687152,31.666228067138,969.2169994)
  );
#3941 = CARTESIAN_POINT('',(42.498094022229,31.666228067138,
    970.35774969999));
#3942 = CARTESIAN_POINT('',(42.498729352785,31.666228067138,
    971.49849999999));
#3943 = CARTESIAN_POINT('',(42.49936467882,31.666228067138,
    972.63925029999));
#3944 = CARTESIAN_POINT('',(42.500000000334,31.666228067138,973.7800006)
  );
#3945 = PCURVE('',#3893,#3946);
#3946 = DEFINITIONAL_REPRESENTATION('',(#3947),#3953);
#3947 = B_SPLINE_CURVE_WITH_KNOTS('',4,(#3948,#3949,#3950,#3951,#3952),
  .UNSPECIFIED.,.F.,.F.,(5,5),(0.,1.),.PIECEWISE_BEZIER_KNOTS.);
#3948 = CARTESIAN_POINT('',(0.640378478776,-6.E-07));
#3949 = CARTESIAN_POINT('',(0.640371316009,1.140749813759));
#3950 = CARTESIAN_POINT('',(0.640364153477,2.281500227519));
#3951 = CARTESIAN_POINT('',(0.640356991179,3.42225064128));
#3952 = CARTESIAN_POINT('',(0.640349829116,4.563001055043));
#3953 = ( GEOMETRIC_REPRESENTATION_CONTEXT(2) 
PARAMETRIC_REPRESENTATION_CONTEXT() REPRESENTATION_CONTEXT('2D SPACE',''
  ) );
#3954 = PCURVE('',#3864,#3955);
#3955 = DEFINITIONAL_REPRESENTATION('',(#3956),#3962);
#3956 = B_SPLINE_CURVE_WITH_KNOTS('',4,(#3957,#3958,#3959,#3960,#3961),
  .UNSPECIFIED.,.F.,.F.,(5,5),(0.,1.),.PIECEWISE_BEZIER_KNOTS.);
#3957 = CARTESIAN_POINT('',(124.53977870127,2.623277070331));
#3958 = CARTESIAN_POINT('',(123.69006808746,3.384396984255));
#3959 = CARTESIAN_POINT('',(122.84035747063,4.145516894812));
#3960 = CARTESIAN_POINT('',(121.99064685079,4.906636801999));
#3961 = CARTESIAN_POINT('',(121.14093622793,5.667756705819));
#3962 = ( GEOMETRIC_REPRESENTATION_CONTEXT(2) 
PARAMETRIC_REPRESENTATION_CONTEXT() REPRESENTATION_CONTEXT('2D SPACE',''
  ) );
#3963 = ORIENTED_EDGE('',*,*,#3964,.F.);
#3964 = EDGE_CURVE('',#3912,#3936,#3965,.T.);
#3965 = SURFACE_CURVE('',#3966,(#3971,#3978),.PCURVE_S1.);
#3966 = CIRCLE('',#3967,53.);
#3967 = AXIS2_PLACEMENT_3D('',#3968,#3969,#3970);
#3968 = CARTESIAN_POINT('',(0.,0.,973.78));
#3969 = DIRECTION('',(0.,0.,1.));
#3970 = DIRECTION('',(1.,0.,0.));
#3971 = PCURVE('',#3893,#3972);
#3972 = DEFINITIONAL_REPRESENTATION('',(#3973),#3977);
#3973 = LINE('',#3974,#3975);
#3974 = CARTESIAN_POINT('',(0.,4.563000455043));
#3975 = VECTOR('',#3976,1.);
#3976 = DIRECTION('',(1.,0.));
#3977 = ( GEOMETRIC_REPRESENTATION_CONTEXT(2) 
PARAMETRIC_REPRESENTATION_CONTEXT() REPRESENTATION_CONTEXT('2D SPACE',''
  ) );
#3978 = PCURVE('',#3979,#3984);
#3979 = CYLINDRICAL_SURFACE('',#3980,53.);
#3980 = AXIS2_PLACEMENT_3D('',#3981,#3982,#3983);
#3981 = CARTESIAN_POINT('',(0.,0.,973.78));
#3982 = DIRECTION('',(0.,0.,1.));
#3983 = DIRECTION('',(1.,0.,0.));
#3984 = DEFINITIONAL_REPRESENTATION('',(#3985),#3989);
#3985 = LINE('',#3986,#3987);
#3986 = CARTESIAN_POINT('',(0.,0.));
#3987 = VECTOR('',#3988,1.);
#3988 = DIRECTION('',(1.,0.));
#3989 = ( GEOMETRIC_REPRESENTATION_CONTEXT(2) 
PARAMETRIC_REPRESENTATION_CONTEXT() REPRESENTATION_CONTEXT('2D SPACE',''
  ) );
#3990 = ADVANCED_FACE('',(#3991),#3864,.T.);
#3991 = FACE_BOUND('',#3992,.T.);
#3992 = EDGE_LOOP('',(#3993,#4021,#4022,#4023));
#3993 = ORIENTED_EDGE('',*,*,#3994,.F.);
#3994 = EDGE_CURVE('',#3936,#3995,#3997,.T.);
#3995 = VERTEX_POINT('',#3996);
#3996 = CARTESIAN_POINT('',(42.5,31.666228067138,965.28));
#3997 = SURFACE_CURVE('',#3998,(#4002,#4009),.PCURVE_S1.);
#3998 = LINE('',#3999,#4000);
#3999 = CARTESIAN_POINT('',(42.5,31.666228067138,1.06028E+03));
#4000 = VECTOR('',#4001,1.);
#4001 = DIRECTION('',(0.,0.,-1.));
#4002 = PCURVE('',#3864,#4003);
#4003 = DEFINITIONAL_REPRESENTATION('',(#4004),#4008);
#4004 = LINE('',#4005,#4006);
#4005 = CARTESIAN_POINT('',(56.677563054935,63.345511649633));
#4006 = VECTOR('',#4007,1.);
#4007 = DIRECTION('',(0.745241313525,-0.66679485947));
#4008 = ( GEOMETRIC_REPRESENTATION_CONTEXT(2) 
PARAMETRIC_REPRESENTATION_CONTEXT() REPRESENTATION_CONTEXT('2D SPACE',''
  ) );
#4009 = PCURVE('',#4010,#4015);
#4010 = B_SPLINE_SURFACE_WITH_KNOTS('',1,1,(
    (#4011,#4012)
    ,(#4013,#4014
    )),.UNSPECIFIED.,.F.,.F.,.F.,(2,2),(2,2),(0.,95.),(0.,1.),
  .PIECEWISE_BEZIER_KNOTS.);
#4011 = CARTESIAN_POINT('',(42.5,31.666228067138,1.06028E+03));
#4012 = CARTESIAN_POINT('',(28.43241741755,235.,1.035858077038E+03));
#4013 = CARTESIAN_POINT('',(42.5,31.666228067138,965.28));
#4014 = CARTESIAN_POINT('',(11.952197967066,235.,978.16576934617));
#4015 = DEFINITIONAL_REPRESENTATION('',(#4016),#4020);
#4016 = LINE('',#4017,#4018);
#4017 = CARTESIAN_POINT('',(0.,0.));
#4018 = VECTOR('',#4019,1.);
#4019 = DIRECTION('',(1.,0.));
#4020 = ( GEOMETRIC_REPRESENTATION_CONTEXT(2) 
PARAMETRIC_REPRESENTATION_CONTEXT() REPRESENTATION_CONTEXT('2D SPACE',''
  ) );
#4021 = ORIENTED_EDGE('',*,*,#3935,.F.);
#4022 = ORIENTED_EDGE('',*,*,#3844,.F.);
#4023 = ORIENTED_EDGE('',*,*,#4024,.F.);
#4024 = EDGE_CURVE('',#3995,#3640,#4025,.T.);
#4025 = SURFACE_CURVE('',#4026,(#4030,#4037),.PCURVE_S1.);
#4026 = LINE('',#4027,#4028);
#4027 = CARTESIAN_POINT('',(42.5,31.666228067138,965.28));
#4028 = VECTOR('',#4029,1.);
#4029 = DIRECTION('',(-1.,0.,0.));
#4030 = PCURVE('',#3864,#4031);
#4031 = DEFINITIONAL_REPRESENTATION('',(#4032),#4036);
#4032 = LINE('',#4033,#4034);
#4033 = CARTESIAN_POINT('',(127.47548783982,0.));
#4034 = VECTOR('',#4035,1.);
#4035 = DIRECTION('',(-0.66679485947,-0.745241313525));
#4036 = ( GEOMETRIC_REPRESENTATION_CONTEXT(2) 
PARAMETRIC_REPRESENTATION_CONTEXT() REPRESENTATION_CONTEXT('2D SPACE',''
  ) );
#4037 = PCURVE('',#3773,#4038);
#4038 = DEFINITIONAL_REPRESENTATION('',(#4039),#4043);
#4039 = LINE('',#4040,#4041);
#4040 = CARTESIAN_POINT('',(0.,0.));
#4041 = VECTOR('',#4042,1.);
#4042 = DIRECTION('',(1.,0.));
#4043 = ( GEOMETRIC_REPRESENTATION_CONTEXT(2) 
PARAMETRIC_REPRESENTATION_CONTEXT() REPRESENTATION_CONTEXT('2D SPACE',''
  ) );
#4044 = ADVANCED_FACE('',(#4045),#3773,.T.);
#4045 = FACE_BOUND('',#4046,.T.);
#4046 = EDGE_LOOP('',(#4047,#4069,#4070,#4071,#4094,#4121,#4148));
#4047 = ORIENTED_EDGE('',*,*,#4048,.F.);
#4048 = EDGE_CURVE('',#3995,#4049,#4051,.T.);
#4049 = VERTEX_POINT('',#4050);
#4050 = CARTESIAN_POINT('',(11.952197967066,235.,978.16576934617));
#4051 = SURFACE_CURVE('',#4052,(#4055,#4062),.PCURVE_S1.);
#4052 = B_SPLINE_CURVE_WITH_KNOTS('',1,(#4053,#4054),.UNSPECIFIED.,.F.,
  .F.,(2,2),(0.,1.),.PIECEWISE_BEZIER_KNOTS.);
#4053 = CARTESIAN_POINT('',(42.5,31.666228067138,965.28));
#4054 = CARTESIAN_POINT('',(11.952197967066,235.,978.16576934617));
#4055 = PCURVE('',#3773,#4056);
#4056 = DEFINITIONAL_REPRESENTATION('',(#4057),#4061);
#4057 = LINE('',#4058,#4059);
#4058 = CARTESIAN_POINT('',(0.,0.));
#4059 = VECTOR('',#4060,1.);
#4060 = DIRECTION('',(0.,1.));
#4061 = ( GEOMETRIC_REPRESENTATION_CONTEXT(2) 
PARAMETRIC_REPRESENTATION_CONTEXT() REPRESENTATION_CONTEXT('2D SPACE',''
  ) );
#4062 = PCURVE('',#4010,#4063);
#4063 = DEFINITIONAL_REPRESENTATION('',(#4064),#4068);
#4064 = LINE('',#4065,#4066);
#4065 = CARTESIAN_POINT('',(95.,0.));
#4066 = VECTOR('',#4067,1.);
#4067 = DIRECTION('',(0.,1.));
#4068 = ( GEOMETRIC_REPRESENTATION_CONTEXT(2) 
PARAMETRIC_REPRESENTATION_CONTEXT() REPRESENTATION_CONTEXT('2D SPACE',''
  ) );
#4069 = ORIENTED_EDGE('',*,*,#4024,.T.);
#4070 = ORIENTED_EDGE('',*,*,#3639,.T.);
#4071 = ORIENTED_EDGE('',*,*,#4072,.T.);
#4072 = EDGE_CURVE('',#3606,#4073,#4075,.T.);
#4073 = VERTEX_POINT('',#4074);
#4074 = CARTESIAN_POINT('',(-42.5,31.666228067138,965.28));
#4075 = SURFACE_CURVE('',#4076,(#4080,#4087),.PCURVE_S1.);
#4076 = LINE('',#4077,#4078);
#4077 = CARTESIAN_POINT('',(42.5,31.666228067138,965.28));
#4078 = VECTOR('',#4079,1.);
#4079 = DIRECTION('',(-1.,0.,0.));
#4080 = PCURVE('',#3773,#4081);
#4081 = DEFINITIONAL_REPRESENTATION('',(#4082),#4086);
#4082 = LINE('',#4083,#4084);
#4083 = CARTESIAN_POINT('',(0.,0.));
#4084 = VECTOR('',#4085,1.);
#4085 = DIRECTION('',(1.,0.));
#4086 = ( GEOMETRIC_REPRESENTATION_CONTEXT(2) 
PARAMETRIC_REPRESENTATION_CONTEXT() REPRESENTATION_CONTEXT('2D SPACE',''
  ) );
#4087 = PCURVE('',#3625,#4088);
#4088 = DEFINITIONAL_REPRESENTATION('',(#4089),#4093);
#4089 = LINE('',#4090,#4091);
#4090 = CARTESIAN_POINT('',(127.47548783982,0.));
#4091 = VECTOR('',#4092,1.);
#4092 = DIRECTION('',(-0.66679485947,-0.745241313525));
#4093 = ( GEOMETRIC_REPRESENTATION_CONTEXT(2) 
PARAMETRIC_REPRESENTATION_CONTEXT() REPRESENTATION_CONTEXT('2D SPACE',''
  ) );
#4094 = ORIENTED_EDGE('',*,*,#4095,.T.);
#4095 = EDGE_CURVE('',#4073,#4096,#4098,.T.);
#4096 = VERTEX_POINT('',#4097);
#4097 = CARTESIAN_POINT('',(-28.43241741754,235.,989.70192296151));
#4098 = SURFACE_CURVE('',#4099,(#4102,#4109),.PCURVE_S1.);
#4099 = B_SPLINE_CURVE_WITH_KNOTS('',1,(#4100,#4101),.UNSPECIFIED.,.F.,
  .F.,(2,2),(0.,1.),.PIECEWISE_BEZIER_KNOTS.);
#4100 = CARTESIAN_POINT('',(-42.5,31.666228067138,965.28));
#4101 = CARTESIAN_POINT('',(-28.43241741754,235.,989.70192296151));
#4102 = PCURVE('',#3773,#4103);
#4103 = DEFINITIONAL_REPRESENTATION('',(#4104),#4108);
#4104 = LINE('',#4105,#4106);
#4105 = CARTESIAN_POINT('',(85.,0.));
#4106 = VECTOR('',#4107,1.);
#4107 = DIRECTION('',(0.,1.));
#4108 = ( GEOMETRIC_REPRESENTATION_CONTEXT(2) 
PARAMETRIC_REPRESENTATION_CONTEXT() REPRESENTATION_CONTEXT('2D SPACE',''
  ) );
#4109 = PCURVE('',#4110,#4115);
#4110 = B_SPLINE_SURFACE_WITH_KNOTS('',1,1,(
    (#4111,#4112)
    ,(#4113,#4114
    )),.UNSPECIFIED.,.F.,.F.,.F.,(2,2),(2,2),(0.,95.),(0.,1.),
  .PIECEWISE_BEZIER_KNOTS.);
#4111 = CARTESIAN_POINT('',(-42.5,31.666228067138,965.28));
#4112 = CARTESIAN_POINT('',(-28.43241741754,235.,989.70192296151));
#4113 = CARTESIAN_POINT('',(-42.5,31.666228067138,1.06028E+03));
#4114 = CARTESIAN_POINT('',(-11.95219796706,235.,1.047394230654E+03));
#4115 = DEFINITIONAL_REPRESENTATION('',(#4116),#4120);
#4116 = LINE('',#4117,#4118);
#4117 = CARTESIAN_POINT('',(0.,0.));
#4118 = VECTOR('',#4119,1.);
#4119 = DIRECTION('',(0.,1.));
#4120 = ( GEOMETRIC_REPRESENTATION_CONTEXT(2) 
PARAMETRIC_REPRESENTATION_CONTEXT() REPRESENTATION_CONTEXT('2D SPACE',''
  ) );
#4121 = ORIENTED_EDGE('',*,*,#4122,.F.);
#4122 = EDGE_CURVE('',#4123,#4096,#4125,.T.);
#4123 = VERTEX_POINT('',#4124);
#4124 = CARTESIAN_POINT('',(-8.240109725242,235.,983.93384615384));
#4125 = SURFACE_CURVE('',#4126,(#4130,#4136),.PCURVE_S1.);
#4126 = LINE('',#4127,#4128);
#4127 = CARTESIAN_POINT('',(11.952197967066,235.,978.16576934617));
#4128 = VECTOR('',#4129,1.);
#4129 = DIRECTION('',(-0.961538461538,0.,0.274670324175));
#4130 = PCURVE('',#3773,#4131);
#4131 = DEFINITIONAL_REPRESENTATION('',(#4132),#4135);
#4132 = B_SPLINE_CURVE_WITH_KNOTS('',1,(#4133,#4134),.UNSPECIFIED.,.F.,
  .F.,(2,2),(0.,42.),.PIECEWISE_BEZIER_KNOTS.);
#4133 = CARTESIAN_POINT('',(0.,1.));
#4134 = CARTESIAN_POINT('',(85.,1.));
#4135 = ( GEOMETRIC_REPRESENTATION_CONTEXT(2) 
PARAMETRIC_REPRESENTATION_CONTEXT() REPRESENTATION_CONTEXT('2D SPACE',''
  ) );
#4136 = PCURVE('',#4137,#4142);
#4137 = PLANE('',#4138);
#4138 = AXIS2_PLACEMENT_3D('',#4139,#4140,#4141);
#4139 = CARTESIAN_POINT('',(11.952197967066,235.,978.16576934617));
#4140 = DIRECTION('',(0.274670324175,-0.,0.961538461538));
#4141 = DIRECTION('',(-0.961538461538,0.,0.274670324175));
#4142 = DEFINITIONAL_REPRESENTATION('',(#4143),#4147);
#4143 = LINE('',#4144,#4145);
#4144 = CARTESIAN_POINT('',(0.,0.));
#4145 = VECTOR('',#4146,1.);
#4146 = DIRECTION('',(1.,0.));
#4147 = ( GEOMETRIC_REPRESENTATION_CONTEXT(2) 
PARAMETRIC_REPRESENTATION_CONTEXT() REPRESENTATION_CONTEXT('2D SPACE',''
  ) );
#4148 = ORIENTED_EDGE('',*,*,#4149,.F.);
#4149 = EDGE_CURVE('',#4049,#4123,#4150,.T.);
#4150 = SURFACE_CURVE('',#4151,(#4155,#4161),.PCURVE_S1.);
#4151 = LINE('',#4152,#4153);
#4152 = CARTESIAN_POINT('',(11.952197967066,235.,978.16576934617));
#4153 = VECTOR('',#4154,1.);
#4154 = DIRECTION('',(-0.961538461538,0.,0.274670324175));
#4155 = PCURVE('',#3773,#4156);
#4156 = DEFINITIONAL_REPRESENTATION('',(#4157),#4160);
#4157 = B_SPLINE_CURVE_WITH_KNOTS('',1,(#4158,#4159),.UNSPECIFIED.,.F.,
  .F.,(2,2),(0.,42.),.PIECEWISE_BEZIER_KNOTS.);
#4158 = CARTESIAN_POINT('',(0.,1.));
#4159 = CARTESIAN_POINT('',(85.,1.));
#4160 = ( GEOMETRIC_REPRESENTATION_CONTEXT(2) 
PARAMETRIC_REPRESENTATION_CONTEXT() REPRESENTATION_CONTEXT('2D SPACE',''
  ) );
#4161 = PCURVE('',#4162,#4167);
#4162 = PLANE('',#4163);
#4163 = AXIS2_PLACEMENT_3D('',#4164,#4165,#4166);
#4164 = CARTESIAN_POINT('',(11.952197967066,235.,978.16576934617));
#4165 = DIRECTION('',(0.274670324175,-0.,0.961538461538));
#4166 = DIRECTION('',(-0.961538461538,0.,0.274670324175));
#4167 = DEFINITIONAL_REPRESENTATION('',(#4168),#4172);
#4168 = LINE('',#4169,#4170);
#4169 = CARTESIAN_POINT('',(0.,0.));
#4170 = VECTOR('',#4171,1.);
#4171 = DIRECTION('',(1.,0.));
#4172 = ( GEOMETRIC_REPRESENTATION_CONTEXT(2) 
PARAMETRIC_REPRESENTATION_CONTEXT() REPRESENTATION_CONTEXT('2D SPACE',''
  ) );
#4173 = ADVANCED_FACE('',(#4174),#3625,.T.);
#4174 = FACE_BOUND('',#4175,.T.);
#4175 = EDGE_LOOP('',(#4176,#4205,#4226,#4227));
#4176 = ORIENTED_EDGE('',*,*,#4177,.T.);
#4177 = EDGE_CURVE('',#3574,#4178,#4180,.T.);
#4178 = VERTEX_POINT('',#4179);
#4179 = CARTESIAN_POINT('',(-42.5,31.666228067139,973.78));
#4180 = SURFACE_CURVE('',#4181,(#4187,#4196),.PCURVE_S1.);
#4181 = B_SPLINE_CURVE_WITH_KNOTS('',4,(#4182,#4183,#4184,#4185,#4186),
  .UNSPECIFIED.,.F.,.F.,(5,5),(0.,1.),.PIECEWISE_BEZIER_KNOTS.);
#4182 = CARTESIAN_POINT('',(-42.49745868715,31.666228067138,969.2169994)
  );
#4183 = CARTESIAN_POINT('',(-42.49809402222,31.666228067138,
    970.35774969999));
#4184 = CARTESIAN_POINT('',(-42.49872935278,31.666228067138,
    971.49849999999));
#4185 = CARTESIAN_POINT('',(-42.49936467882,31.666228067138,
    972.63925029999));
#4186 = CARTESIAN_POINT('',(-42.50000000033,31.666228067138,973.7800006)
  );
#4187 = PCURVE('',#3625,#4188);
#4188 = DEFINITIONAL_REPRESENTATION('',(#4189),#4195);
#4189 = B_SPLINE_CURVE_WITH_KNOTS('',4,(#4190,#4191,#4192,#4193,#4194),
  .UNSPECIFIED.,.F.,.F.,(5,5),(0.,1.),.PIECEWISE_BEZIER_KNOTS.);
#4190 = CARTESIAN_POINT('',(67.865604715024,-60.71844679665));
#4191 = CARTESIAN_POINT('',(67.015046824886,-59.95827383862));
#4192 = CARTESIAN_POINT('',(66.164488937762,-59.19810087722));
#4193 = CARTESIAN_POINT('',(65.313931053651,-58.43792791245));
#4194 = CARTESIAN_POINT('',(64.463373172554,-57.67775494431));
#4195 = ( GEOMETRIC_REPRESENTATION_CONTEXT(2) 
PARAMETRIC_REPRESENTATION_CONTEXT() REPRESENTATION_CONTEXT('2D SPACE',''
  ) );
#4196 = PCURVE('',#3590,#4197);
#4197 = DEFINITIONAL_REPRESENTATION('',(#4198),#4204);
#4198 = B_SPLINE_CURVE_WITH_KNOTS('',4,(#4199,#4200,#4201,#4202,#4203),
  .UNSPECIFIED.,.F.,.F.,(5,5),(0.,1.),.PIECEWISE_BEZIER_KNOTS.);
#4199 = CARTESIAN_POINT('',(2.501214174813,-6.E-07));
#4200 = CARTESIAN_POINT('',(2.501221337581,1.140749813759));
#4201 = CARTESIAN_POINT('',(2.501228500113,2.281500227519));
#4202 = CARTESIAN_POINT('',(2.501235662411,3.42225064128));
#4203 = CARTESIAN_POINT('',(2.501242824474,4.563001055043));
#4204 = ( GEOMETRIC_REPRESENTATION_CONTEXT(2) 
PARAMETRIC_REPRESENTATION_CONTEXT() REPRESENTATION_CONTEXT('2D SPACE',''
  ) );
#4205 = ORIENTED_EDGE('',*,*,#4206,.F.);
#4206 = EDGE_CURVE('',#4073,#4178,#4207,.T.);
#4207 = SURFACE_CURVE('',#4208,(#4212,#4219),.PCURVE_S1.);
#4208 = LINE('',#4209,#4210);
#4209 = CARTESIAN_POINT('',(-42.5,31.666228067138,965.28));
#4210 = VECTOR('',#4211,1.);
#4211 = DIRECTION('',(0.,0.,1.));
#4212 = PCURVE('',#3625,#4213);
#4213 = DEFINITIONAL_REPRESENTATION('',(#4214),#4218);
#4214 = LINE('',#4215,#4216);
#4215 = CARTESIAN_POINT('',(70.797924784884,-63.34551164963));
#4216 = VECTOR('',#4217,1.);
#4217 = DIRECTION('',(-0.745241313525,0.66679485947));
#4218 = ( GEOMETRIC_REPRESENTATION_CONTEXT(2) 
PARAMETRIC_REPRESENTATION_CONTEXT() REPRESENTATION_CONTEXT('2D SPACE',''
  ) );
#4219 = PCURVE('',#4110,#4220);
#4220 = DEFINITIONAL_REPRESENTATION('',(#4221),#4225);
#4221 = LINE('',#4222,#4223);
#4222 = CARTESIAN_POINT('',(0.,0.));
#4223 = VECTOR('',#4224,1.);
#4224 = DIRECTION('',(1.,0.));
#4225 = ( GEOMETRIC_REPRESENTATION_CONTEXT(2) 
PARAMETRIC_REPRESENTATION_CONTEXT() REPRESENTATION_CONTEXT('2D SPACE',''
  ) );
#4226 = ORIENTED_EDGE('',*,*,#4072,.F.);
#4227 = ORIENTED_EDGE('',*,*,#3605,.F.);
#4228 = ADVANCED_FACE('',(#4229),#3590,.T.);
#4229 = FACE_BOUND('',#4230,.T.);
#4230 = EDGE_LOOP('',(#4231,#4232,#4233,#4260));
#4231 = ORIENTED_EDGE('',*,*,#3573,.T.);
#4232 = ORIENTED_EDGE('',*,*,#3911,.T.);
#4233 = ORIENTED_EDGE('',*,*,#4234,.F.);
#4234 = EDGE_CURVE('',#4178,#3912,#4235,.T.);
#4235 = SURFACE_CURVE('',#4236,(#4241,#4248),.PCURVE_S1.);
#4236 = CIRCLE('',#4237,53.);
#4237 = AXIS2_PLACEMENT_3D('',#4238,#4239,#4240);
#4238 = CARTESIAN_POINT('',(0.,0.,973.78));
#4239 = DIRECTION('',(0.,0.,1.));
#4240 = DIRECTION('',(1.,0.,0.));
#4241 = PCURVE('',#3590,#4242);
#4242 = DEFINITIONAL_REPRESENTATION('',(#4243),#4247);
#4243 = LINE('',#4244,#4245);
#4244 = CARTESIAN_POINT('',(0.,4.563000455043));
#4245 = VECTOR('',#4246,1.);
#4246 = DIRECTION('',(1.,0.));
#4247 = ( GEOMETRIC_REPRESENTATION_CONTEXT(2) 
PARAMETRIC_REPRESENTATION_CONTEXT() REPRESENTATION_CONTEXT('2D SPACE',''
  ) );
#4248 = PCURVE('',#4249,#4254);
#4249 = CYLINDRICAL_SURFACE('',#4250,53.);
#4250 = AXIS2_PLACEMENT_3D('',#4251,#4252,#4253);
#4251 = CARTESIAN_POINT('',(0.,0.,973.78));
#4252 = DIRECTION('',(0.,0.,1.));
#4253 = DIRECTION('',(1.,0.,0.));
#4254 = DEFINITIONAL_REPRESENTATION('',(#4255),#4259);
#4255 = LINE('',#4256,#4257);
#4256 = CARTESIAN_POINT('',(0.,0.));
#4257 = VECTOR('',#4258,1.);
#4258 = DIRECTION('',(1.,0.));
#4259 = ( GEOMETRIC_REPRESENTATION_CONTEXT(2) 
PARAMETRIC_REPRESENTATION_CONTEXT() REPRESENTATION_CONTEXT('2D SPACE',''
  ) );
#4260 = ORIENTED_EDGE('',*,*,#4177,.F.);
#4261 = ADVANCED_FACE('',(#4262),#3979,.T.);
#4262 = FACE_BOUND('',#4263,.T.);
#4263 = EDGE_LOOP('',(#4264,#4287,#4288,#4311,#4340,#4363,#4592));
#4264 = ORIENTED_EDGE('',*,*,#4265,.F.);
#4265 = EDGE_CURVE('',#3912,#4266,#4268,.T.);
#4266 = VERTEX_POINT('',#4267);
#4267 = CARTESIAN_POINT('',(53.,0.,982.78));
#4268 = SURFACE_CURVE('',#4269,(#4273,#4280),.PCURVE_S1.);
#4269 = LINE('',#4270,#4271);
#4270 = CARTESIAN_POINT('',(53.,0.,973.78));
#4271 = VECTOR('',#4272,1.);
#4272 = DIRECTION('',(0.,0.,1.));
#4273 = PCURVE('',#3979,#4274);
#4274 = DEFINITIONAL_REPRESENTATION('',(#4275),#4279);
#4275 = LINE('',#4276,#4277);
#4276 = CARTESIAN_POINT('',(4.138911435803E-13,0.));
#4277 = VECTOR('',#4278,1.);
#4278 = DIRECTION('',(0.,1.));
#4279 = ( GEOMETRIC_REPRESENTATION_CONTEXT(2) 
PARAMETRIC_REPRESENTATION_CONTEXT() REPRESENTATION_CONTEXT('2D SPACE',''
  ) );
#4280 = PCURVE('',#4249,#4281);
#4281 = DEFINITIONAL_REPRESENTATION('',(#4282),#4286);
#4282 = LINE('',#4283,#4284);
#4283 = CARTESIAN_POINT('',(6.28318530718,0.));
#4284 = VECTOR('',#4285,1.);
#4285 = DIRECTION('',(0.,1.));
#4286 = ( GEOMETRIC_REPRESENTATION_CONTEXT(2) 
PARAMETRIC_REPRESENTATION_CONTEXT() REPRESENTATION_CONTEXT('2D SPACE',''
  ) );
#4287 = ORIENTED_EDGE('',*,*,#3964,.T.);
#4288 = ORIENTED_EDGE('',*,*,#4289,.F.);
#4289 = EDGE_CURVE('',#4290,#3936,#4292,.T.);
#4290 = VERTEX_POINT('',#4291);
#4291 = CARTESIAN_POINT('',(42.5,31.666228067138,1.05178E+03));
#4292 = SURFACE_CURVE('',#4293,(#4297,#4304),.PCURVE_S1.);
#4293 = LINE('',#4294,#4295);
#4294 = CARTESIAN_POINT('',(42.5,31.666228067138,1.06028E+03));
#4295 = VECTOR('',#4296,1.);
#4296 = DIRECTION('',(0.,0.,-1.));
#4297 = PCURVE('',#3979,#4298);
#4298 = DEFINITIONAL_REPRESENTATION('',(#4299),#4303);
#4299 = LINE('',#4300,#4301);
#4300 = CARTESIAN_POINT('',(0.640349829119,86.5));
#4301 = VECTOR('',#4302,1.);
#4302 = DIRECTION('',(0.,-1.));
#4303 = ( GEOMETRIC_REPRESENTATION_CONTEXT(2) 
PARAMETRIC_REPRESENTATION_CONTEXT() REPRESENTATION_CONTEXT('2D SPACE',''
  ) );
#4304 = PCURVE('',#4010,#4305);
#4305 = DEFINITIONAL_REPRESENTATION('',(#4306),#4310);
#4306 = LINE('',#4307,#4308);
#4307 = CARTESIAN_POINT('',(0.,0.));
#4308 = VECTOR('',#4309,1.);
#4309 = DIRECTION('',(1.,0.));
#4310 = ( GEOMETRIC_REPRESENTATION_CONTEXT(2) 
PARAMETRIC_REPRESENTATION_CONTEXT() REPRESENTATION_CONTEXT('2D SPACE',''
  ) );
#4311 = ORIENTED_EDGE('',*,*,#4312,.F.);
#4312 = EDGE_CURVE('',#4313,#4290,#4315,.T.);
#4313 = VERTEX_POINT('',#4314);
#4314 = CARTESIAN_POINT('',(53.,0.,1.05178E+03));
#4315 = SURFACE_CURVE('',#4316,(#4321,#4328),.PCURVE_S1.);
#4316 = CIRCLE('',#4317,53.);
#4317 = AXIS2_PLACEMENT_3D('',#4318,#4319,#4320);
#4318 = CARTESIAN_POINT('',(0.,0.,1.05178E+03));
#4319 = DIRECTION('',(0.,0.,1.));
#4320 = DIRECTION('',(1.,0.,0.));
#4321 = PCURVE('',#3979,#4322);
#4322 = DEFINITIONAL_REPRESENTATION('',(#4323),#4327);
#4323 = LINE('',#4324,#4325);
#4324 = CARTESIAN_POINT('',(0.,78.));
#4325 = VECTOR('',#4326,1.);
#4326 = DIRECTION('',(1.,0.));
#4327 = ( GEOMETRIC_REPRESENTATION_CONTEXT(2) 
PARAMETRIC_REPRESENTATION_CONTEXT() REPRESENTATION_CONTEXT('2D SPACE',''
  ) );
#4328 = PCURVE('',#4329,#4334);
#4329 = PLANE('',#4330);
#4330 = AXIS2_PLACEMENT_3D('',#4331,#4332,#4333);
#4331 = CARTESIAN_POINT('',(0.,0.,1.05178E+03));
#4332 = DIRECTION('',(0.,0.,1.));
#4333 = DIRECTION('',(1.,0.,0.));
#4334 = DEFINITIONAL_REPRESENTATION('',(#4335),#4339);
#4335 = CIRCLE('',#4336,53.);
#4336 = AXIS2_PLACEMENT_2D('',#4337,#4338);
#4337 = CARTESIAN_POINT('',(0.,0.));
#4338 = DIRECTION('',(1.,0.));
#4339 = ( GEOMETRIC_REPRESENTATION_CONTEXT(2) 
PARAMETRIC_REPRESENTATION_CONTEXT() REPRESENTATION_CONTEXT('2D SPACE',''
  ) );
#4340 = ORIENTED_EDGE('',*,*,#4341,.F.);
#4341 = EDGE_CURVE('',#4342,#4313,#4344,.T.);
#4342 = VERTEX_POINT('',#4343);
#4343 = CARTESIAN_POINT('',(53.,3.673940397442E-15,1.04278E+03));
#4344 = SURFACE_CURVE('',#4345,(#4349,#4356),.PCURVE_S1.);
#4345 = LINE('',#4346,#4347);
#4346 = CARTESIAN_POINT('',(53.,0.,973.78));
#4347 = VECTOR('',#4348,1.);
#4348 = DIRECTION('',(0.,0.,1.));
#4349 = PCURVE('',#3979,#4350);
#4350 = DEFINITIONAL_REPRESENTATION('',(#4351),#4355);
#4351 = LINE('',#4352,#4353);
#4352 = CARTESIAN_POINT('',(4.138911435803E-13,0.));
#4353 = VECTOR('',#4354,1.);
#4354 = DIRECTION('',(0.,1.));
#4355 = ( GEOMETRIC_REPRESENTATION_CONTEXT(2) 
PARAMETRIC_REPRESENTATION_CONTEXT() REPRESENTATION_CONTEXT('2D SPACE',''
  ) );
#4356 = PCURVE('',#4249,#4357);
#4357 = DEFINITIONAL_REPRESENTATION('',(#4358),#4362);
#4358 = LINE('',#4359,#4360);
#4359 = CARTESIAN_POINT('',(6.28318530718,0.));
#4360 = VECTOR('',#4361,1.);
#4361 = DIRECTION('',(0.,1.));
#4362 = ( GEOMETRIC_REPRESENTATION_CONTEXT(2) 
PARAMETRIC_REPRESENTATION_CONTEXT() REPRESENTATION_CONTEXT('2D SPACE',''
  ) );
#4363 = ORIENTED_EDGE('',*,*,#4364,.F.);
#4364 = EDGE_CURVE('',#4365,#4342,#4367,.T.);
#4365 = VERTEX_POINT('',#4366);
#4366 = CARTESIAN_POINT('',(43.692104549907,30.,1.01278E+03));
#4367 = SURFACE_CURVE('',#4368,(#4455,#4545),.PCURVE_S1.);
#4368 = B_SPLINE_CURVE_WITH_KNOTS('',7,(#4369,#4370,#4371,#4372,#4373,
    #4374,#4375,#4376,#4377,#4378,#4379,#4380,#4381,#4382,#4383,#4384,
    #4385,#4386,#4387,#4388,#4389,#4390,#4391,#4392,#4393,#4394,#4395,
    #4396,#4397,#4398,#4399,#4400,#4401,#4402,#4403,#4404,#4405,#4406,
    #4407,#4408,#4409,#4410,#4411,#4412,#4413,#4414,#4415,#4416,#4417,
    #4418,#4419,#4420,#4421,#4422,#4423,#4424,#4425,#4426,#4427,#4428,
    #4429,#4430,#4431,#4432,#4433,#4434,#4435,#4436,#4437,#4438,#4439,
    #4440,#4441,#4442,#4443,#4444,#4445,#4446,#4447,#4448,#4449,#4450,
    #4451,#4452,#4453,#4454),.UNSPECIFIED.,.F.,.F.,(8,6,6,6,6,6,6,6,6,6,
    6,6,6,6,8),(0.,6.717130480067E-02,0.108699807735,0.160264652448,
    0.199605316912,0.229420248246,0.310672171539,0.4025199579,
    0.499868642814,0.597252660185,0.689076187288,0.839558406426,
    0.89100175239,0.932595544854,1.),.UNSPECIFIED.);
#4369 = CARTESIAN_POINT('',(53.,-1.836970198721E-15,982.78));
#4370 = CARTESIAN_POINT('',(53.,1.136871914438,982.78));
#4371 = CARTESIAN_POINT('',(52.971549155763,2.2719012399,982.83026315917
    ));
#4372 = CARTESIAN_POINT('',(52.914813862598,3.399416926595,
    982.93049550997));
#4373 = CARTESIAN_POINT('',(52.83071420636,4.513779743117,
    983.07943212409));
#4374 = CARTESIAN_POINT('',(52.720914982779,5.609439877208,
    983.27484122765));
#4375 = CARTESIAN_POINT('',(52.587775839125,6.680992686791,
    983.51350543733));
#4376 = CARTESIAN_POINT('',(52.339350060501,8.367595003884,
    983.96285184238));
#4377 = CARTESIAN_POINT('',(52.236568644381,9.001313499907,
    984.14958390082));
#4378 = CARTESIAN_POINT('',(52.126467359872,9.623970052569,
    984.35064578967));
#4379 = CARTESIAN_POINT('',(52.009615206046,10.235174026414,
    984.5652929463));
#4380 = CARTESIAN_POINT('',(51.886595392429,10.834562110744,
    984.79276489841));
#4381 = CARTESIAN_POINT('',(51.758001620426,11.421798243055,
    985.03228341402));
#4382 = CARTESIAN_POINT('',(51.458587432849,12.710256821051,
    985.59442170356));
#4383 = CARTESIAN_POINT('',(51.28504098853,13.404864786237,
    985.92319453304));
#4384 = CARTESIAN_POINT('',(51.104784309221,14.080458622248,
    986.26814557465));
#4385 = CARTESIAN_POINT('',(50.918763079773,14.737137016032,
    986.62813101087));
#4386 = CARTESIAN_POINT('',(50.727877006166,15.375035792272,
    987.00208567638));
#4387 = CARTESIAN_POINT('',(50.532977429217,15.994327558407,
    987.38902196257));
#4388 = CARTESIAN_POINT('',(50.183717832654,17.053664716438,
    988.09244525103));
#4389 = CARTESIAN_POINT('',(50.030678915746,17.501464840648,
    988.40393140189));
#4390 = CARTESIAN_POINT('',(49.876082960899,17.938768673227,
    988.72212678784));
#4391 = CARTESIAN_POINT('',(49.720247336056,18.365724903322,
    989.04670067413));
#4392 = CARTESIAN_POINT('',(49.563472500128,18.782484046167,
    989.37735214143));
#4393 = CARTESIAN_POINT('',(49.406042499342,19.189198530988,
    989.71381024935));
#4394 = CARTESIAN_POINT('',(49.128621380934,19.886762193349,
    990.31504234332));
#4395 = CARTESIAN_POINT('',(49.008795602484,20.181819891194,
    990.57744616644));
#4396 = CARTESIAN_POINT('',(48.888864829105,20.471262249721,
    990.84294060669));
#4397 = CARTESIAN_POINT('',(48.768942170303,20.755153315185,
    991.11142752051));
#4398 = CARTESIAN_POINT('',(48.649137144227,21.033554812818,
    991.38281568332));
#4399 = CARTESIAN_POINT('',(48.529555677664,21.306526146822,
    991.65702078951));
#4400 = CARTESIAN_POINT('',(48.085303732609,22.303385606037,
    992.68869757839));
#4401 = CARTESIAN_POINT('',(47.762660672273,22.992895647055,
    993.46393316111));
#4402 = CARTESIAN_POINT('',(47.444517395744,23.643628106537,
    994.25795783247));
#4403 = CARTESIAN_POINT('',(47.132851198921,24.256474172353,
    995.06937789029));
#4404 = CARTESIAN_POINT('',(46.829504192224,24.832216199998,
    995.89707692269));
#4405 = CARTESIAN_POINT('',(46.53621728992,25.371501275447,
    996.74017243233));
#4406 = CARTESIAN_POINT('',(45.936394464341,26.443764154015,
    998.56763607672));
#4407 = CARTESIAN_POINT('',(45.633052347107,26.966866434244,
    999.55629048072));
#4408 = CARTESIAN_POINT('',(45.347328967498,27.444313259137,
    1.000562141786E+03));
#4409 = CARTESIAN_POINT('',(45.081738597113,27.876255102303,
    1.001583593389E+03));
#4410 = CARTESIAN_POINT('',(44.838599222554,28.262768285931,
    1.002619223306E+03));
#4411 = CARTESIAN_POINT('',(44.620013108599,28.603821996203,
    1.003667761505E+03));
#4412 = CARTESIAN_POINT('',(44.224172525872,29.212361935813,
    1.00585187624E+03));
#4413 = CARTESIAN_POINT('',(44.050172528905,29.474225736555,
    1.006988931401E+03));
#4414 = CARTESIAN_POINT('',(43.90833088652,29.684229287529,
    1.008136442797E+03));
#4415 = CARTESIAN_POINT('',(43.800590023193,29.842001404915,
    1.00929178303E+03));
#4416 = CARTESIAN_POINT('',(43.728283803347,29.947308396389,
    1.010452442692E+03));
#4417 = CARTESIAN_POINT('',(43.692104549907,30.,1.011615985054E+03));
#4418 = CARTESIAN_POINT('',(43.692104549907,30.,1.013944437423E+03));
#4419 = CARTESIAN_POINT('',(43.728310070304,29.947270141099,
    1.01510840171E+03));
#4420 = CARTESIAN_POINT('',(43.800668744506,29.841886754923,
    1.016269480265E+03));
#4421 = CARTESIAN_POINT('',(43.908487265625,29.684000290315,
    1.017425233814E+03));
#4422 = CARTESIAN_POINT('',(44.050429873699,29.473844722946,
    1.018573150262E+03));
#4423 = CARTESIAN_POINT('',(44.224551403845,29.211791734225,
    1.01971059931E+03));
#4424 = CARTESIAN_POINT('',(44.620540923476,28.602998976131,
    1.021894786803E+03));
#4425 = CARTESIAN_POINT('',(44.839120272647,28.261941539245,
    1.022943024887E+03));
#4426 = CARTESIAN_POINT('',(45.082237032467,27.875447781096,
    1.023978361009E+03));
#4427 = CARTESIAN_POINT('',(45.347790181656,27.44354847341,
    1.024999524876E+03));
#4428 = CARTESIAN_POINT('',(45.633463065526,26.966167654605,
    1.026005094431E+03));
#4429 = CARTESIAN_POINT('',(45.93674287345,26.443155556964,
    1.026993473282E+03));
#4430 = CARTESIAN_POINT('',(46.776408074959,24.942105043899,
    1.029551531696E+03));
#4431 = CARTESIAN_POINT('',(47.337493830937,23.88761950662,
    1.031087852177E+03));
#4432 = CARTESIAN_POINT('',(47.927908701707,22.707400766704,
    1.03256919985E+03));
#4433 = CARTESIAN_POINT('',(48.536747140546,21.395651148809,
    1.03399004589E+03));
#4434 = CARTESIAN_POINT('',(49.151554748898,19.945016270869,
    1.0353411144E+03));
#4435 = CARTESIAN_POINT('',(49.757122796182,18.347498871453,
    1.036608361021E+03));
#4436 = CARTESIAN_POINT('',(50.532110424749,15.996980719277,
    1.038169236522E+03));
#4437 = CARTESIAN_POINT('',(50.726358418402,15.379882372294,
    1.038554902837E+03));
#4438 = CARTESIAN_POINT('',(50.916623388932,14.744305405488,
    1.038927679477E+03));
#4439 = CARTESIAN_POINT('',(51.102063107065,14.09007822374,
    1.039286589653E+03));
#4440 = CARTESIAN_POINT('',(51.281787586859,13.417065445122,
    1.039630579963E+03));
#4441 = CARTESIAN_POINT('',(51.454861417947,12.725168247569,
    1.039958519326E+03));
#4442 = CARTESIAN_POINT('',(51.754074062306,11.4395821946,
    1.040520392697E+03));
#4443 = CARTESIAN_POINT('',(51.882875901071,10.852362367526,
    1.040760343325E+03));
#4444 = CARTESIAN_POINT('',(52.00611054202,10.252972865995,
    1.040988251251E+03));
#4445 = CARTESIAN_POINT('',(52.123183554454,9.641748538612,
    1.04120333739E+03));
#4446 = CARTESIAN_POINT('',(52.233510870495,9.019051526569,
    1.041404840261E+03));
#4447 = CARTESIAN_POINT('',(52.336522506556,8.385271339294,
    1.041592014137E+03));
#4448 = CARTESIAN_POINT('',(52.585850699203,6.696472960534,
    1.042043043506E+03));
#4449 = CARTESIAN_POINT('',(52.719592189037,5.622624898452,
    1.042282804541E+03));
#4450 = CARTESIAN_POINT('',(52.829902634736,4.52451400979,
    1.042479130588E+03));
#4451 = CARTESIAN_POINT('',(52.914402145714,3.407574976396,
    1.042628777123E+03));
#4452 = CARTESIAN_POINT('',(52.971410964019,2.27738942369,
    1.042729492702E+03));
#4453 = CARTESIAN_POINT('',(53.,1.139629570345,1.04278E+03));
#4454 = CARTESIAN_POINT('',(53.,3.673940397442E-15,1.04278E+03));
#4455 = PCURVE('',#3979,#4456);
#4456 = DEFINITIONAL_REPRESENTATION('',(#4457),#4544);
#4457 = B_SPLINE_CURVE_WITH_KNOTS('',7,(#4458,#4459,#4460,#4461,#4462,
    #4463,#4464,#4465,#4466,#4467,#4468,#4469,#4470,#4471,#4472,#4473,
    #4474,#4475,#4476,#4477,#4478,#4479,#4480,#4481,#4482,#4483,#4484,
    #4485,#4486,#4487,#4488,#4489,#4490,#4491,#4492,#4493,#4494,#4495,
    #4496,#4497,#4498,#4499,#4500,#4501,#4502,#4503,#4504,#4505,#4506,
    #4507,#4508,#4509,#4510,#4511,#4512,#4513,#4514,#4515,#4516,#4517,
    #4518,#4519,#4520,#4521,#4522,#4523,#4524,#4525,#4526,#4527,#4528,
    #4529,#4530,#4531,#4532,#4533,#4534,#4535,#4536,#4537,#4538,#4539,
    #4540,#4541,#4542,#4543),.UNSPECIFIED.,.F.,.F.,(8,6,6,6,6,6,6,6,6,6,
    6,6,6,6,8),(0.,6.717130480067E-02,0.108699807735,0.160264652448,
    0.199605316912,0.229420248246,0.310672171539,0.4025199579,
    0.499868642814,0.597252660185,0.689076187288,0.839558406426,
    0.89100175239,0.932595544854,1.),.UNSPECIFIED.);
#4458 = CARTESIAN_POINT('',(0.,9.));
#4459 = CARTESIAN_POINT('',(2.145041347996E-02,9.));
#4460 = CARTESIAN_POINT('',(4.286606465056E-02,9.050263159178));
#4461 = CARTESIAN_POINT('',(6.415605437947E-02,9.150495509974));
#4462 = CARTESIAN_POINT('',(8.522991030108E-02,9.29943212409));
#4463 = CARTESIAN_POINT('',(0.105996780461,9.494841227655));
#4464 = CARTESIAN_POINT('',(0.126365007941,9.733505437338));
#4465 = CARTESIAN_POINT('',(0.158531044036,10.182851842383));
#4466 = CARTESIAN_POINT('',(0.170642956887,10.369583900828));
#4467 = CARTESIAN_POINT('',(0.182571541009,10.570645789678));
#4468 = CARTESIAN_POINT('',(0.194310574427,10.7852929463));
#4469 = CARTESIAN_POINT('',(0.205853904805,11.012764898411));
#4470 = CARTESIAN_POINT('',(0.217195457027,11.252283414025));
#4471 = CARTESIAN_POINT('',(0.242153765895,11.814421703568));
#4472 = CARTESIAN_POINT('',(0.255660603597,12.14319453305));
#4473 = CARTESIAN_POINT('',(0.268850967465,12.488145574655));
#4474 = CARTESIAN_POINT('',(0.281726057344,12.848131010873));
#4475 = CARTESIAN_POINT('',(0.294287165642,13.222085676384));
#4476 = CARTESIAN_POINT('',(0.306535783601,13.609021962578));
#4477 = CARTESIAN_POINT('',(0.327581576797,14.312445251038));
#4478 = CARTESIAN_POINT('',(0.336509905089,14.623931401891));
#4479 = CARTESIAN_POINT('',(0.345260580956,14.942126787848));
#4480 = CARTESIAN_POINT('',(0.353835410125,15.266700674133));
#4481 = CARTESIAN_POINT('',(0.362236138216,15.597352141436));
#4482 = CARTESIAN_POINT('',(0.3704644734,15.933810249356));
#4483 = CARTESIAN_POINT('',(0.384628712939,16.535042343325));
#4484 = CARTESIAN_POINT('',(0.390637251609,16.797446166448));
#4485 = CARTESIAN_POINT('',(0.396548441106,17.062940606697));
#4486 = CARTESIAN_POINT('',(0.402362935466,17.331427520516));
#4487 = CARTESIAN_POINT('',(0.408081326725,17.602815683325));
#4488 = CARTESIAN_POINT('',(0.413704144921,17.877020789519));
#4489 = CARTESIAN_POINT('',(0.434296032536,18.908697578394));
#4490 = CARTESIAN_POINT('',(0.448657071158,19.683933161117));
#4491 = CARTESIAN_POINT('',(0.462320811445,20.477957832474));
#4492 = CARTESIAN_POINT('',(0.475290714662,21.289377890296));
#4493 = CARTESIAN_POINT('',(0.487567596474,22.117076922692));
#4494 = CARTESIAN_POINT('',(0.499149357579,22.960172432331));
#4495 = CARTESIAN_POINT('',(0.522331081998,24.787636076729));
#4496 = CARTESIAN_POINT('',(0.533739003452,25.77629048072));
#4497 = CARTESIAN_POINT('',(0.544235871975,26.782141785521));
#4498 = CARTESIAN_POINT('',(0.553802074121,27.803593388575));
#4499 = CARTESIAN_POINT('',(0.562417193205,28.83922330573));
#4500 = CARTESIAN_POINT('',(0.570060212809,29.887761505007));
#4501 = CARTESIAN_POINT('',(0.583757476479,32.071876240418));
#4502 = CARTESIAN_POINT('',(0.589689305754,33.208931401079));
#4503 = CARTESIAN_POINT('',(0.594470632591,34.356442796646));
#4504 = CARTESIAN_POINT('',(0.598075333456,35.511783030094));
#4505 = CARTESIAN_POINT('',(0.600485545251,36.672442691752));
#4506 = CARTESIAN_POINT('',(0.601691519041,37.835985053712));
#4507 = CARTESIAN_POINT('',(0.601691519041,40.164437422528));
#4508 = CARTESIAN_POINT('',(0.600484669689,41.328401710042));
#4509 = CARTESIAN_POINT('',(0.598072709404,42.48948026516));
#4510 = CARTESIAN_POINT('',(0.594465400579,43.645233814361));
#4511 = CARTESIAN_POINT('',(0.589680630917,44.79315026188));
#4512 = CARTESIAN_POINT('',(0.583744560098,45.930599310305));
#4513 = CARTESIAN_POINT('',(0.570041765509,48.114786802907));
#4514 = CARTESIAN_POINT('',(0.562398755575,49.163024886573));
#4515 = CARTESIAN_POINT('',(0.553784173971,50.19836100861));
#4516 = CARTESIAN_POINT('',(0.544219023103,51.219524876323));
#4517 = CARTESIAN_POINT('',(0.533723711773,52.225094430625));
#4518 = CARTESIAN_POINT('',(0.522317851143,53.213473282067));
#4519 = CARTESIAN_POINT('',(0.489866171186,55.771531696183));
#4520 = CARTESIAN_POINT('',(0.467333994984,57.307852176704));
#4521 = CARTESIAN_POINT('',(0.44244789092,58.789199849966));
#4522 = CARTESIAN_POINT('',(0.415185232144,60.210045889924));
#4523 = CARTESIAN_POINT('',(0.385490016003,61.561114400445));
#4524 = CARTESIAN_POINT('',(0.353286242696,62.828361020616));
#4525 = CARTESIAN_POINT('',(0.306588448116,64.389236521854));
#4526 = CARTESIAN_POINT('',(0.294382985734,64.77490283668));
#4527 = CARTESIAN_POINT('',(0.28186718424,65.147679476849));
#4528 = CARTESIAN_POINT('',(0.269039554337,65.506589652812));
#4529 = CARTESIAN_POINT('',(0.255898802248,65.850579963497));
#4530 = CARTESIAN_POINT('',(0.242443725196,66.178519326467));
#4531 = CARTESIAN_POINT('',(0.217539067511,66.740392697302));
#4532 = CARTESIAN_POINT('',(0.206196975392,66.980343325278));
#4533 = CARTESIAN_POINT('',(0.194652803468,67.208251251403));
#4534 = CARTESIAN_POINT('',(0.182912610229,67.423337390161));
#4535 = CARTESIAN_POINT('',(0.170982531909,67.624840260843));
#4536 = CARTESIAN_POINT('',(0.158868774686,67.81201413727));
#4537 = CARTESIAN_POINT('',(0.126659262793,68.26304350597));
#4538 = CARTESIAN_POINT('',(0.106246688922,68.502804541374));
#4539 = CARTESIAN_POINT('',(8.543290949023E-02,68.6991305884));
#4540 = CARTESIAN_POINT('',(6.431009732289E-02,68.848777123279));
#4541 = CARTESIAN_POINT('',(4.296961532784E-02,68.949492702158));
#4542 = CARTESIAN_POINT('',(2.150244472349E-02,69.));
#4543 = CARTESIAN_POINT('',(0.,69.));
#4544 = ( GEOMETRIC_REPRESENTATION_CONTEXT(2) 
PARAMETRIC_REPRESENTATION_CONTEXT() REPRESENTATION_CONTEXT('2D SPACE',''
  ) );
#4545 = PCURVE('',#4546,#4551);
#4546 = CYLINDRICAL_SURFACE('',#4547,30.);
#4547 = AXIS2_PLACEMENT_3D('',#4548,#4549,#4550);
#4548 = CARTESIAN_POINT('',(43.692104549907,0.,1.01278E+03));
#4549 = DIRECTION('',(1.,0.,0.));
#4550 = DIRECTION('',(0.,0.,1.));
#4551 = DEFINITIONAL_REPRESENTATION('',(#4552),#4591);
#4552 = B_SPLINE_CURVE_WITH_KNOTS('',7,(#4553,#4554,#4555,#4556,#4557,
    #4558,#4559,#4560,#4561,#4562,#4563,#4564,#4565,#4566,#4567,#4568,
    #4569,#4570,#4571,#4572,#4573,#4574,#4575,#4576,#4577,#4578,#4579,
    #4580,#4581,#4582,#4583,#4584,#4585,#4586,#4587,#4588,#4589,#4590),
  .UNSPECIFIED.,.F.,.F.,(8,6,6,6,6,6,8),(0.499868642814,0.597252660185,
    0.689076187288,0.839558406426,0.89100175239,0.932595544854,1.),
  .UNSPECIFIED.);
#4553 = CARTESIAN_POINT('',(4.712388980385,-7.1054273576E-15));
#4554 = CARTESIAN_POINT('',(4.751203561136,-7.252298527953E-15));
#4555 = CARTESIAN_POINT('',(4.790002364045,3.620552039737E-02));
#4556 = CARTESIAN_POINT('',(4.828800517718,0.108564194599));
#4557 = CARTESIAN_POINT('',(4.867611793705,0.216382715718));
#4558 = CARTESIAN_POINT('',(4.906447707501,0.358325323792));
#4559 = CARTESIAN_POINT('',(4.945315807466,0.532446853938));
#4560 = CARTESIAN_POINT('',(5.020897283923,0.928436373569));
#4561 = CARTESIAN_POINT('',(5.057607962585,1.14701572274));
#4562 = CARTESIAN_POINT('',(5.094391582652,1.39013248256));
#4563 = CARTESIAN_POINT('',(5.131288359163,1.655685631749));
#4564 = CARTESIAN_POINT('',(5.168336979322,1.941358515619));
#4565 = CARTESIAN_POINT('',(5.205575254593,2.244638323543));
#4566 = CARTESIAN_POINT('',(5.30444000785,3.084303525052));
#4567 = CARTESIAN_POINT('',(5.366397066217,3.64538928103));
#4568 = CARTESIAN_POINT('',(5.429272943125,4.2358041518));
#4569 = CARTESIAN_POINT('',(5.49341515952,4.844642590639));
#4570 = CARTESIAN_POINT('',(5.559172768963,5.459450198991));
#4571 = CARTESIAN_POINT('',(5.626901079772,6.065018246275));
#4572 = CARTESIAN_POINT('',(5.720953476009,6.840005874842));
#4573 = CARTESIAN_POINT('',(5.745200922512,7.034253868495));
#4574 = CARTESIAN_POINT('',(5.769746296169,7.224518839025));
#4575 = CARTESIAN_POINT('',(5.794601209542,7.409958557159));
#4576 = CARTESIAN_POINT('',(5.819777654197,7.589683036952));
#4577 = CARTESIAN_POINT('',(5.845288403761,7.76275686804));
#4578 = CARTESIAN_POINT('',(5.892055357721,8.0619695124));
#4579 = CARTESIAN_POINT('',(5.913194296765,8.190771351164));
#4580 = CARTESIAN_POINT('',(5.934559113142,8.314005992114));
#4581 = CARTESIAN_POINT('',(5.956145583872,8.431079004547));
#4582 = CARTESIAN_POINT('',(5.977950342893,8.541406320588));
#4583 = CARTESIAN_POINT('',(5.999970839989,8.644417956649));
#4584 = CARTESIAN_POINT('',(6.058237158214,8.893746149296));
#4585 = CARTESIAN_POINT('',(6.094882153443,9.02748763913));
#4586 = CARTESIAN_POINT('',(6.132011355576,9.137798084829));
#4587 = CARTESIAN_POINT('',(6.169509932679,9.222297595807));
#4588 = CARTESIAN_POINT('',(6.207272328086,9.279306414112));
#4589 = CARTESIAN_POINT('',(6.245197654835,9.307895450093));
#4590 = CARTESIAN_POINT('',(6.28318530718,9.307895450093));
#4591 = ( GEOMETRIC_REPRESENTATION_CONTEXT(2) 
PARAMETRIC_REPRESENTATION_CONTEXT() REPRESENTATION_CONTEXT('2D SPACE',''
  ) );
#4592 = ORIENTED_EDGE('',*,*,#4593,.F.);
#4593 = EDGE_CURVE('',#4266,#4365,#4594,.T.);
#4594 = SURFACE_CURVE('',#4595,(#4682,#4772),.PCURVE_S1.);
#4595 = B_SPLINE_CURVE_WITH_KNOTS('',7,(#4596,#4597,#4598,#4599,#4600,
    #4601,#4602,#4603,#4604,#4605,#4606,#4607,#4608,#4609,#4610,#4611,
    #4612,#4613,#4614,#4615,#4616,#4617,#4618,#4619,#4620,#4621,#4622,
    #4623,#4624,#4625,#4626,#4627,#4628,#4629,#4630,#4631,#4632,#4633,
    #4634,#4635,#4636,#4637,#4638,#4639,#4640,#4641,#4642,#4643,#4644,
    #4645,#4646,#4647,#4648,#4649,#4650,#4651,#4652,#4653,#4654,#4655,
    #4656,#4657,#4658,#4659,#4660,#4661,#4662,#4663,#4664,#4665,#4666,
    #4667,#4668,#4669,#4670,#4671,#4672,#4673,#4674,#4675,#4676,#4677,
    #4678,#4679,#4680,#4681),.UNSPECIFIED.,.F.,.F.,(8,6,6,6,6,6,6,6,6,6,
    6,6,6,6,8),(0.,6.717130480067E-02,0.108699807735,0.160264652448,
    0.199605316912,0.229420248246,0.310672171539,0.4025199579,
    0.499868642814,0.597252660185,0.689076187288,0.839558406426,
    0.89100175239,0.932595544854,1.),.UNSPECIFIED.);
#4596 = CARTESIAN_POINT('',(53.,-1.836970198721E-15,982.78));
#4597 = CARTESIAN_POINT('',(53.,1.136871914438,982.78));
#4598 = CARTESIAN_POINT('',(52.971549155763,2.2719012399,982.83026315917
    ));
#4599 = CARTESIAN_POINT('',(52.914813862598,3.399416926595,
    982.93049550997));
#4600 = CARTESIAN_POINT('',(52.83071420636,4.513779743117,
    983.07943212409));
#4601 = CARTESIAN_POINT('',(52.720914982779,5.609439877208,
    983.27484122765));
#4602 = CARTESIAN_POINT('',(52.587775839125,6.680992686791,
    983.51350543733));
#4603 = CARTESIAN_POINT('',(52.339350060501,8.367595003884,
    983.96285184238));
#4604 = CARTESIAN_POINT('',(52.236568644381,9.001313499907,
    984.14958390082));
#4605 = CARTESIAN_POINT('',(52.126467359872,9.623970052569,
    984.35064578967));
#4606 = CARTESIAN_POINT('',(52.009615206046,10.235174026414,
    984.5652929463));
#4607 = CARTESIAN_POINT('',(51.886595392429,10.834562110744,
    984.79276489841));
#4608 = CARTESIAN_POINT('',(51.758001620426,11.421798243055,
    985.03228341402));
#4609 = CARTESIAN_POINT('',(51.458587432849,12.710256821051,
    985.59442170356));
#4610 = CARTESIAN_POINT('',(51.28504098853,13.404864786237,
    985.92319453304));
#4611 = CARTESIAN_POINT('',(51.104784309221,14.080458622248,
    986.26814557465));
#4612 = CARTESIAN_POINT('',(50.918763079773,14.737137016032,
    986.62813101087));
#4613 = CARTESIAN_POINT('',(50.727877006166,15.375035792272,
    987.00208567638));
#4614 = CARTESIAN_POINT('',(50.532977429217,15.994327558407,
    987.38902196257));
#4615 = CARTESIAN_POINT('',(50.183717832654,17.053664716438,
    988.09244525103));
#4616 = CARTESIAN_POINT('',(50.030678915746,17.501464840648,
    988.40393140189));
#4617 = CARTESIAN_POINT('',(49.876082960899,17.938768673227,
    988.72212678784));
#4618 = CARTESIAN_POINT('',(49.720247336056,18.365724903322,
    989.04670067413));
#4619 = CARTESIAN_POINT('',(49.563472500128,18.782484046167,
    989.37735214143));
#4620 = CARTESIAN_POINT('',(49.406042499342,19.189198530988,
    989.71381024935));
#4621 = CARTESIAN_POINT('',(49.128621380934,19.886762193349,
    990.31504234332));
#4622 = CARTESIAN_POINT('',(49.008795602484,20.181819891194,
    990.57744616644));
#4623 = CARTESIAN_POINT('',(48.888864829105,20.471262249721,
    990.84294060669));
#4624 = CARTESIAN_POINT('',(48.768942170303,20.755153315185,
    991.11142752051));
#4625 = CARTESIAN_POINT('',(48.649137144227,21.033554812818,
    991.38281568332));
#4626 = CARTESIAN_POINT('',(48.529555677664,21.306526146822,
    991.65702078951));
#4627 = CARTESIAN_POINT('',(48.085303732609,22.303385606037,
    992.68869757839));
#4628 = CARTESIAN_POINT('',(47.762660672273,22.992895647055,
    993.46393316111));
#4629 = CARTESIAN_POINT('',(47.444517395744,23.643628106537,
    994.25795783247));
#4630 = CARTESIAN_POINT('',(47.132851198921,24.256474172353,
    995.06937789029));
#4631 = CARTESIAN_POINT('',(46.829504192224,24.832216199998,
    995.89707692269));
#4632 = CARTESIAN_POINT('',(46.53621728992,25.371501275447,
    996.74017243233));
#4633 = CARTESIAN_POINT('',(45.936394464341,26.443764154015,
    998.56763607672));
#4634 = CARTESIAN_POINT('',(45.633052347107,26.966866434244,
    999.55629048072));
#4635 = CARTESIAN_POINT('',(45.347328967498,27.444313259137,
    1.000562141786E+03));
#4636 = CARTESIAN_POINT('',(45.081738597113,27.876255102303,
    1.001583593389E+03));
#4637 = CARTESIAN_POINT('',(44.838599222554,28.262768285931,
    1.002619223306E+03));
#4638 = CARTESIAN_POINT('',(44.620013108599,28.603821996203,
    1.003667761505E+03));
#4639 = CARTESIAN_POINT('',(44.224172525872,29.212361935813,
    1.00585187624E+03));
#4640 = CARTESIAN_POINT('',(44.050172528905,29.474225736555,
    1.006988931401E+03));
#4641 = CARTESIAN_POINT('',(43.90833088652,29.684229287529,
    1.008136442797E+03));
#4642 = CARTESIAN_POINT('',(43.800590023193,29.842001404915,
    1.00929178303E+03));
#4643 = CARTESIAN_POINT('',(43.728283803347,29.947308396389,
    1.010452442692E+03));
#4644 = CARTESIAN_POINT('',(43.692104549907,30.,1.011615985054E+03));
#4645 = CARTESIAN_POINT('',(43.692104549907,30.,1.013944437423E+03));
#4646 = CARTESIAN_POINT('',(43.728310070304,29.947270141099,
    1.01510840171E+03));
#4647 = CARTESIAN_POINT('',(43.800668744506,29.841886754923,
    1.016269480265E+03));
#4648 = CARTESIAN_POINT('',(43.908487265625,29.684000290315,
    1.017425233814E+03));
#4649 = CARTESIAN_POINT('',(44.050429873699,29.473844722946,
    1.018573150262E+03));
#4650 = CARTESIAN_POINT('',(44.224551403845,29.211791734225,
    1.01971059931E+03));
#4651 = CARTESIAN_POINT('',(44.620540923476,28.602998976131,
    1.021894786803E+03));
#4652 = CARTESIAN_POINT('',(44.839120272647,28.261941539245,
    1.022943024887E+03));
#4653 = CARTESIAN_POINT('',(45.082237032467,27.875447781096,
    1.023978361009E+03));
#4654 = CARTESIAN_POINT('',(45.347790181656,27.44354847341,
    1.024999524876E+03));
#4655 = CARTESIAN_POINT('',(45.633463065526,26.966167654605,
    1.026005094431E+03));
#4656 = CARTESIAN_POINT('',(45.93674287345,26.443155556964,
    1.026993473282E+03));
#4657 = CARTESIAN_POINT('',(46.776408074959,24.942105043899,
    1.029551531696E+03));
#4658 = CARTESIAN_POINT('',(47.337493830937,23.88761950662,
    1.031087852177E+03));
#4659 = CARTESIAN_POINT('',(47.927908701707,22.707400766704,
    1.03256919985E+03));
#4660 = CARTESIAN_POINT('',(48.536747140546,21.395651148809,
    1.03399004589E+03));
#4661 = CARTESIAN_POINT('',(49.151554748898,19.945016270869,
    1.0353411144E+03));
#4662 = CARTESIAN_POINT('',(49.757122796182,18.347498871453,
    1.036608361021E+03));
#4663 = CARTESIAN_POINT('',(50.532110424749,15.996980719277,
    1.038169236522E+03));
#4664 = CARTESIAN_POINT('',(50.726358418402,15.379882372294,
    1.038554902837E+03));
#4665 = CARTESIAN_POINT('',(50.916623388932,14.744305405488,
    1.038927679477E+03));
#4666 = CARTESIAN_POINT('',(51.102063107065,14.09007822374,
    1.039286589653E+03));
#4667 = CARTESIAN_POINT('',(51.281787586859,13.417065445122,
    1.039630579963E+03));
#4668 = CARTESIAN_POINT('',(51.454861417947,12.725168247569,
    1.039958519326E+03));
#4669 = CARTESIAN_POINT('',(51.754074062306,11.4395821946,
    1.040520392697E+03));
#4670 = CARTESIAN_POINT('',(51.882875901071,10.852362367526,
    1.040760343325E+03));
#4671 = CARTESIAN_POINT('',(52.00611054202,10.252972865995,
    1.040988251251E+03));
#4672 = CARTESIAN_POINT('',(52.123183554454,9.641748538612,
    1.04120333739E+03));
#4673 = CARTESIAN_POINT('',(52.233510870495,9.019051526569,
    1.041404840261E+03));
#4674 = CARTESIAN_POINT('',(52.336522506556,8.385271339294,
    1.041592014137E+03));
#4675 = CARTESIAN_POINT('',(52.585850699203,6.696472960534,
    1.042043043506E+03));
#4676 = CARTESIAN_POINT('',(52.719592189037,5.622624898452,
    1.042282804541E+03));
#4677 = CARTESIAN_POINT('',(52.829902634736,4.52451400979,
    1.042479130588E+03));
#4678 = CARTESIAN_POINT('',(52.914402145714,3.407574976396,
    1.042628777123E+03));
#4679 = CARTESIAN_POINT('',(52.971410964019,2.27738942369,
    1.042729492702E+03));
#4680 = CARTESIAN_POINT('',(53.,1.139629570345,1.04278E+03));
#4681 = CARTESIAN_POINT('',(53.,3.673940397442E-15,1.04278E+03));
#4682 = PCURVE('',#3979,#4683);
#4683 = DEFINITIONAL_REPRESENTATION('',(#4684),#4771);
#4684 = B_SPLINE_CURVE_WITH_KNOTS('',7,(#4685,#4686,#4687,#4688,#4689,
    #4690,#4691,#4692,#4693,#4694,#4695,#4696,#4697,#4698,#4699,#4700,
    #4701,#4702,#4703,#4704,#4705,#4706,#4707,#4708,#4709,#4710,#4711,
    #4712,#4713,#4714,#4715,#4716,#4717,#4718,#4719,#4720,#4721,#4722,
    #4723,#4724,#4725,#4726,#4727,#4728,#4729,#4730,#4731,#4732,#4733,
    #4734,#4735,#4736,#4737,#4738,#4739,#4740,#4741,#4742,#4743,#4744,
    #4745,#4746,#4747,#4748,#4749,#4750,#4751,#4752,#4753,#4754,#4755,
    #4756,#4757,#4758,#4759,#4760,#4761,#4762,#4763,#4764,#4765,#4766,
    #4767,#4768,#4769,#4770),.UNSPECIFIED.,.F.,.F.,(8,6,6,6,6,6,6,6,6,6,
    6,6,6,6,8),(0.,6.717130480067E-02,0.108699807735,0.160264652448,
    0.199605316912,0.229420248246,0.310672171539,0.4025199579,
    0.499868642814,0.597252660185,0.689076187288,0.839558406426,
    0.89100175239,0.932595544854,1.),.UNSPECIFIED.);
#4685 = CARTESIAN_POINT('',(0.,9.));
#4686 = CARTESIAN_POINT('',(2.145041347996E-02,9.));
#4687 = CARTESIAN_POINT('',(4.286606465056E-02,9.050263159178));
#4688 = CARTESIAN_POINT('',(6.415605437947E-02,9.150495509974));
#4689 = CARTESIAN_POINT('',(8.522991030108E-02,9.29943212409));
#4690 = CARTESIAN_POINT('',(0.105996780461,9.494841227655));
#4691 = CARTESIAN_POINT('',(0.126365007941,9.733505437338));
#4692 = CARTESIAN_POINT('',(0.158531044036,10.182851842383));
#4693 = CARTESIAN_POINT('',(0.170642956887,10.369583900828));
#4694 = CARTESIAN_POINT('',(0.182571541009,10.570645789678));
#4695 = CARTESIAN_POINT('',(0.194310574427,10.7852929463));
#4696 = CARTESIAN_POINT('',(0.205853904805,11.012764898411));
#4697 = CARTESIAN_POINT('',(0.217195457027,11.252283414025));
#4698 = CARTESIAN_POINT('',(0.242153765895,11.814421703568));
#4699 = CARTESIAN_POINT('',(0.255660603597,12.14319453305));
#4700 = CARTESIAN_POINT('',(0.268850967465,12.488145574655));
#4701 = CARTESIAN_POINT('',(0.281726057344,12.848131010873));
#4702 = CARTESIAN_POINT('',(0.294287165642,13.222085676384));
#4703 = CARTESIAN_POINT('',(0.306535783601,13.609021962578));
#4704 = CARTESIAN_POINT('',(0.327581576797,14.312445251038));
#4705 = CARTESIAN_POINT('',(0.336509905089,14.623931401891));
#4706 = CARTESIAN_POINT('',(0.345260580956,14.942126787848));
#4707 = CARTESIAN_POINT('',(0.353835410125,15.266700674133));
#4708 = CARTESIAN_POINT('',(0.362236138216,15.597352141436));
#4709 = CARTESIAN_POINT('',(0.3704644734,15.933810249356));
#4710 = CARTESIAN_POINT('',(0.384628712939,16.535042343325));
#4711 = CARTESIAN_POINT('',(0.390637251609,16.797446166448));
#4712 = CARTESIAN_POINT('',(0.396548441106,17.062940606697));
#4713 = CARTESIAN_POINT('',(0.402362935466,17.331427520516));
#4714 = CARTESIAN_POINT('',(0.408081326725,17.602815683325));
#4715 = CARTESIAN_POINT('',(0.413704144921,17.877020789519));
#4716 = CARTESIAN_POINT('',(0.434296032536,18.908697578394));
#4717 = CARTESIAN_POINT('',(0.448657071158,19.683933161117));
#4718 = CARTESIAN_POINT('',(0.462320811445,20.477957832474));
#4719 = CARTESIAN_POINT('',(0.475290714662,21.289377890296));
#4720 = CARTESIAN_POINT('',(0.487567596474,22.117076922692));
#4721 = CARTESIAN_POINT('',(0.499149357579,22.960172432331));
#4722 = CARTESIAN_POINT('',(0.522331081998,24.787636076729));
#4723 = CARTESIAN_POINT('',(0.533739003452,25.77629048072));
#4724 = CARTESIAN_POINT('',(0.544235871975,26.782141785521));
#4725 = CARTESIAN_POINT('',(0.553802074121,27.803593388575));
#4726 = CARTESIAN_POINT('',(0.562417193205,28.83922330573));
#4727 = CARTESIAN_POINT('',(0.570060212809,29.887761505007));
#4728 = CARTESIAN_POINT('',(0.583757476479,32.071876240418));
#4729 = CARTESIAN_POINT('',(0.589689305754,33.208931401079));
#4730 = CARTESIAN_POINT('',(0.594470632591,34.356442796646));
#4731 = CARTESIAN_POINT('',(0.598075333456,35.511783030094));
#4732 = CARTESIAN_POINT('',(0.600485545251,36.672442691752));
#4733 = CARTESIAN_POINT('',(0.601691519041,37.835985053712));
#4734 = CARTESIAN_POINT('',(0.601691519041,40.164437422528));
#4735 = CARTESIAN_POINT('',(0.600484669689,41.328401710042));
#4736 = CARTESIAN_POINT('',(0.598072709404,42.48948026516));
#4737 = CARTESIAN_POINT('',(0.594465400579,43.645233814361));
#4738 = CARTESIAN_POINT('',(0.589680630917,44.79315026188));
#4739 = CARTESIAN_POINT('',(0.583744560098,45.930599310305));
#4740 = CARTESIAN_POINT('',(0.570041765509,48.114786802907));
#4741 = CARTESIAN_POINT('',(0.562398755575,49.163024886573));
#4742 = CARTESIAN_POINT('',(0.553784173971,50.19836100861));
#4743 = CARTESIAN_POINT('',(0.544219023103,51.219524876323));
#4744 = CARTESIAN_POINT('',(0.533723711773,52.225094430625));
#4745 = CARTESIAN_POINT('',(0.522317851143,53.213473282067));
#4746 = CARTESIAN_POINT('',(0.489866171186,55.771531696183));
#4747 = CARTESIAN_POINT('',(0.467333994984,57.307852176704));
#4748 = CARTESIAN_POINT('',(0.44244789092,58.789199849966));
#4749 = CARTESIAN_POINT('',(0.415185232144,60.210045889924));
#4750 = CARTESIAN_POINT('',(0.385490016003,61.561114400445));
#4751 = CARTESIAN_POINT('',(0.353286242696,62.828361020616));
#4752 = CARTESIAN_POINT('',(0.306588448116,64.389236521854));
#4753 = CARTESIAN_POINT('',(0.294382985734,64.77490283668));
#4754 = CARTESIAN_POINT('',(0.28186718424,65.147679476849));
#4755 = CARTESIAN_POINT('',(0.269039554337,65.506589652812));
#4756 = CARTESIAN_POINT('',(0.255898802248,65.850579963497));
#4757 = CARTESIAN_POINT('',(0.242443725196,66.178519326467));
#4758 = CARTESIAN_POINT('',(0.217539067511,66.740392697302));
#4759 = CARTESIAN_POINT('',(0.206196975392,66.980343325278));
#4760 = CARTESIAN_POINT('',(0.194652803468,67.208251251403));
#4761 = CARTESIAN_POINT('',(0.182912610229,67.423337390161));
#4762 = CARTESIAN_POINT('',(0.170982531909,67.624840260843));
#4763 = CARTESIAN_POINT('',(0.158868774686,67.81201413727));
#4764 = CARTESIAN_POINT('',(0.126659262793,68.26304350597));
#4765 = CARTESIAN_POINT('',(0.106246688922,68.502804541374));
#4766 = CARTESIAN_POINT('',(8.543290949023E-02,68.6991305884));
#4767 = CARTESIAN_POINT('',(6.431009732289E-02,68.848777123279));
#4768 = CARTESIAN_POINT('',(4.296961532784E-02,68.949492702158));
#4769 = CARTESIAN_POINT('',(2.150244472349E-02,69.));
#4770 = CARTESIAN_POINT('',(0.,69.));
#4771 = ( GEOMETRIC_REPRESENTATION_CONTEXT(2) 
PARAMETRIC_REPRESENTATION_CONTEXT() REPRESENTATION_CONTEXT('2D SPACE',''
  ) );
#4772 = PCURVE('',#4773,#4778);
#4773 = CYLINDRICAL_SURFACE('',#4774,30.);
#4774 = AXIS2_PLACEMENT_3D('',#4775,#4776,#4777);
#4775 = CARTESIAN_POINT('',(43.692104549907,0.,1.01278E+03));
#4776 = DIRECTION('',(1.,0.,0.));
#4777 = DIRECTION('',(0.,0.,1.));
#4778 = DEFINITIONAL_REPRESENTATION('',(#4779),#4866);
#4779 = B_SPLINE_CURVE_WITH_KNOTS('',7,(#4780,#4781,#4782,#4783,#4784,
    #4785,#4786,#4787,#4788,#4789,#4790,#4791,#4792,#4793,#4794,#4795,
    #4796,#4797,#4798,#4799,#4800,#4801,#4802,#4803,#4804,#4805,#4806,
    #4807,#4808,#4809,#4810,#4811,#4812,#4813,#4814,#4815,#4816,#4817,
    #4818,#4819,#4820,#4821,#4822,#4823,#4824,#4825,#4826,#4827,#4828,
    #4829,#4830,#4831,#4832,#4833,#4834,#4835,#4836,#4837,#4838,#4839,
    #4840,#4841,#4842,#4843,#4844,#4845,#4846,#4847,#4848,#4849,#4850,
    #4851,#4852,#4853,#4854,#4855,#4856,#4857,#4858,#4859,#4860,#4861,
    #4862,#4863,#4864,#4865),.UNSPECIFIED.,.F.,.F.,(8,6,6,6,6,6,6,6,6,6,
    6,6,6,6,8),(0.,6.717130480067E-02,0.108699807735,0.160264652448,
    0.199605316912,0.229420248246,0.310672171539,0.4025199579,
    0.499868642814,0.597252660185,0.689076187288,0.839558406426,
    0.89100175239,0.932595544854,1.),.UNSPECIFIED.);
#4780 = CARTESIAN_POINT('',(3.14159265359,9.307895450093));
#4781 = CARTESIAN_POINT('',(3.179488384071,9.307895450093));
#4782 = CARTESIAN_POINT('',(3.217322693247,9.279444605856));
#4783 = CARTESIAN_POINT('',(3.254995444603,9.222709312691));
#4784 = CARTESIAN_POINT('',(3.292406228282,9.138609656453));
#4785 = CARTESIAN_POINT('',(3.329450011953,9.028810432872));
#4786 = CARTESIAN_POINT('',(3.366012577842,8.895671289218));
#4787 = CARTESIAN_POINT('',(3.424193708496,8.647245510594));
#4788 = CARTESIAN_POINT('',(3.446208073044,8.544464094474));
#4789 = CARTESIAN_POINT('',(3.468007036926,8.434362809965));
#4790 = CARTESIAN_POINT('',(3.489588024002,8.317510656139));
#4791 = CARTESIAN_POINT('',(3.510947642882,8.194490842522));
#4792 = CARTESIAN_POINT('',(3.532081645157,8.065897070519));
#4793 = CARTESIAN_POINT('',(3.578939882471,7.766482882942));
#4794 = CARTESIAN_POINT('',(3.604544052693,7.592936438623));
#4795 = CARTESIAN_POINT('',(3.629811487493,7.412679759314));
#4796 = CARTESIAN_POINT('',(3.654755075341,7.226658529866));
#4797 = CARTESIAN_POINT('',(3.67938690949,7.035772456259));
#4798 = CARTESIAN_POINT('',(3.703718697482,6.84087287931));
#4799 = CARTESIAN_POINT('',(3.746105796373,6.491613282747));
#4800 = CARTESIAN_POINT('',(3.764284229944,6.338574365839));
#4801 = CARTESIAN_POINT('',(3.782304985076,6.183978410992));
#4802 = CARTESIAN_POINT('',(3.800175361478,6.028142786149));
#4803 = CARTESIAN_POINT('',(3.817902561938,5.871367950221));
#4804 = CARTESIAN_POINT('',(3.835493809388,5.713937949435));
#4805 = CARTESIAN_POINT('',(3.866190806958,5.436516831027));
#4806 = CARTESIAN_POINT('',(3.879351248629,5.316691052577));
#4807 = CARTESIAN_POINT('',(3.892440936803,5.196760279198));
#4808 = CARTESIAN_POINT('',(3.905462956186,5.076837620396));
#4809 = CARTESIAN_POINT('',(3.918420328365,4.95703259432));
#4810 = CARTESIAN_POINT('',(3.931316011808,4.837451127757));
#4811 = CARTESIAN_POINT('',(3.97913611193,4.393199182702));
#4812 = CARTESIAN_POINT('',(4.013690118667,4.070556122366));
#4813 = CARTESIAN_POINT('',(4.047866185682,3.752412845837));
#4814 = CARTESIAN_POINT('',(4.081713914873,3.440746649014));
#4815 = CARTESIAN_POINT('',(4.115281794378,3.137399642317));
#4816 = CARTESIAN_POINT('',(4.148617746519,2.844112740013));
#4817 = CARTESIAN_POINT('',(4.219244866368,2.244289914435));
#4818 = CARTESIAN_POINT('',(4.256492638268,1.9409477972));
#4819 = CARTESIAN_POINT('',(4.293550643856,1.655224417591));
#4820 = CARTESIAN_POINT('',(4.330456759954,1.389634047206));
#4821 = CARTESIAN_POINT('',(4.367249740142,1.146494672647));
#4822 = CARTESIAN_POINT('',(4.403969867112,0.927908558692));
#4823 = CARTESIAN_POINT('',(4.479546745084,0.532067975965));
#4824 = CARTESIAN_POINT('',(4.518400678876,0.358067978998));
#4825 = CARTESIAN_POINT('',(4.557222469092,0.216226336613));
#4826 = CARTESIAN_POINT('',(4.59601965685,0.108485473286));
#4827 = CARTESIAN_POINT('',(4.634803743438,3.617925344013E-02));
#4828 = CARTESIAN_POINT('',(4.673588482175,-6.958609474423E-15));
#4829 = CARTESIAN_POINT('',(4.751203561136,-7.252298527953E-15));
#4830 = CARTESIAN_POINT('',(4.790002364045,3.620552039737E-02));
#4831 = CARTESIAN_POINT('',(4.828800517718,0.108564194599));
#4832 = CARTESIAN_POINT('',(4.867611793705,0.216382715718));
#4833 = CARTESIAN_POINT('',(4.906447707501,0.358325323792));
#4834 = CARTESIAN_POINT('',(4.945315807466,0.532446853938));
#4835 = CARTESIAN_POINT('',(5.020897283923,0.928436373569));
#4836 = CARTESIAN_POINT('',(5.057607962585,1.14701572274));
#4837 = CARTESIAN_POINT('',(5.094391582652,1.39013248256));
#4838 = CARTESIAN_POINT('',(5.131288359163,1.655685631749));
#4839 = CARTESIAN_POINT('',(5.168336979322,1.941358515619));
#4840 = CARTESIAN_POINT('',(5.205575254593,2.244638323543));
#4841 = CARTESIAN_POINT('',(5.30444000785,3.084303525052));
#4842 = CARTESIAN_POINT('',(5.366397066217,3.64538928103));
#4843 = CARTESIAN_POINT('',(5.429272943125,4.2358041518));
#4844 = CARTESIAN_POINT('',(5.49341515952,4.844642590639));
#4845 = CARTESIAN_POINT('',(5.559172768963,5.459450198991));
#4846 = CARTESIAN_POINT('',(5.626901079772,6.065018246275));
#4847 = CARTESIAN_POINT('',(5.720953476009,6.840005874842));
#4848 = CARTESIAN_POINT('',(5.745200922512,7.034253868495));
#4849 = CARTESIAN_POINT('',(5.769746296169,7.224518839025));
#4850 = CARTESIAN_POINT('',(5.794601209542,7.409958557159));
#4851 = CARTESIAN_POINT('',(5.819777654197,7.589683036952));
#4852 = CARTESIAN_POINT('',(5.845288403761,7.76275686804));
#4853 = CARTESIAN_POINT('',(5.892055357721,8.0619695124));
#4854 = CARTESIAN_POINT('',(5.913194296765,8.190771351164));
#4855 = CARTESIAN_POINT('',(5.934559113142,8.314005992114));
#4856 = CARTESIAN_POINT('',(5.956145583872,8.431079004547));
#4857 = CARTESIAN_POINT('',(5.977950342893,8.541406320588));
#4858 = CARTESIAN_POINT('',(5.999970839989,8.644417956649));
#4859 = CARTESIAN_POINT('',(6.058237158214,8.893746149296));
#4860 = CARTESIAN_POINT('',(6.094882153443,9.02748763913));
#4861 = CARTESIAN_POINT('',(6.132011355576,9.137798084829));
#4862 = CARTESIAN_POINT('',(6.169509932679,9.222297595807));
#4863 = CARTESIAN_POINT('',(6.207272328086,9.279306414112));
#4864 = CARTESIAN_POINT('',(6.245197654835,9.307895450093));
#4865 = CARTESIAN_POINT('',(6.28318530718,9.307895450093));
#4866 = ( GEOMETRIC_REPRESENTATION_CONTEXT(2) 
PARAMETRIC_REPRESENTATION_CONTEXT() REPRESENTATION_CONTEXT('2D SPACE',''
  ) );
#4867 = ADVANCED_FACE('',(#4868),#4010,.T.);
#4868 = FACE_BOUND('',#4869,.T.);
#4869 = EDGE_LOOP('',(#4870,#4898,#4899,#4900,#4901,#4928));
#4870 = ORIENTED_EDGE('',*,*,#4871,.T.);
#4871 = EDGE_CURVE('',#4872,#4290,#4874,.T.);
#4872 = VERTEX_POINT('',#4873);
#4873 = CARTESIAN_POINT('',(42.5,31.666228067138,1.06028E+03));
#4874 = SURFACE_CURVE('',#4875,(#4879,#4886),.PCURVE_S1.);
#4875 = LINE('',#4876,#4877);
#4876 = CARTESIAN_POINT('',(42.5,31.666228067138,1.06028E+03));
#4877 = VECTOR('',#4878,1.);
#4878 = DIRECTION('',(0.,0.,-1.));
#4879 = PCURVE('',#4010,#4880);
#4880 = DEFINITIONAL_REPRESENTATION('',(#4881),#4885);
#4881 = LINE('',#4882,#4883);
#4882 = CARTESIAN_POINT('',(0.,0.));
#4883 = VECTOR('',#4884,1.);
#4884 = DIRECTION('',(1.,0.));
#4885 = ( GEOMETRIC_REPRESENTATION_CONTEXT(2) 
PARAMETRIC_REPRESENTATION_CONTEXT() REPRESENTATION_CONTEXT('2D SPACE',''
  ) );
#4886 = PCURVE('',#4887,#4892);
#4887 = PLANE('',#4888);
#4888 = AXIS2_PLACEMENT_3D('',#4889,#4890,#4891);
#4889 = CARTESIAN_POINT('',(-42.5,31.666228067138,1.06028E+03));
#4890 = DIRECTION('',(0.,-1.,0.));
#4891 = DIRECTION('',(0.66679485947,0.,-0.745241313525));
#4892 = DEFINITIONAL_REPRESENTATION('',(#4893),#4897);
#4893 = LINE('',#4894,#4895);
#4894 = CARTESIAN_POINT('',(56.677563054935,63.345511649633));
#4895 = VECTOR('',#4896,1.);
#4896 = DIRECTION('',(0.745241313525,-0.66679485947));
#4897 = ( GEOMETRIC_REPRESENTATION_CONTEXT(2) 
PARAMETRIC_REPRESENTATION_CONTEXT() REPRESENTATION_CONTEXT('2D SPACE',''
  ) );
#4898 = ORIENTED_EDGE('',*,*,#4289,.T.);
#4899 = ORIENTED_EDGE('',*,*,#3994,.T.);
#4900 = ORIENTED_EDGE('',*,*,#4048,.T.);
#4901 = ORIENTED_EDGE('',*,*,#4902,.F.);
#4902 = EDGE_CURVE('',#4903,#4049,#4905,.T.);
#4903 = VERTEX_POINT('',#4904);
#4904 = CARTESIAN_POINT('',(28.43241741755,235.,1.035858077038E+03));
#4905 = SURFACE_CURVE('',#4906,(#4910,#4916),.PCURVE_S1.);
#4906 = LINE('',#4907,#4908);
#4907 = CARTESIAN_POINT('',(28.43241741755,235.,1.035858077038E+03));
#4908 = VECTOR('',#4909,1.);
#4909 = DIRECTION('',(-0.274670324175,0.,-0.961538461538));
#4910 = PCURVE('',#4010,#4911);
#4911 = DEFINITIONAL_REPRESENTATION('',(#4912),#4915);
#4912 = B_SPLINE_CURVE_WITH_KNOTS('',1,(#4913,#4914),.UNSPECIFIED.,.F.,
  .F.,(2,2),(0.,60.),.PIECEWISE_BEZIER_KNOTS.);
#4913 = CARTESIAN_POINT('',(0.,1.));
#4914 = CARTESIAN_POINT('',(95.,1.));
#4915 = ( GEOMETRIC_REPRESENTATION_CONTEXT(2) 
PARAMETRIC_REPRESENTATION_CONTEXT() REPRESENTATION_CONTEXT('2D SPACE',''
  ) );
#4916 = PCURVE('',#4917,#4922);
#4917 = PLANE('',#4918);
#4918 = AXIS2_PLACEMENT_3D('',#4919,#4920,#4921);
#4919 = CARTESIAN_POINT('',(28.43241741755,235.,1.035858077038E+03));
#4920 = DIRECTION('',(-0.961538461538,0.,0.274670324175));
#4921 = DIRECTION('',(-0.274670324175,0.,-0.961538461538));
#4922 = DEFINITIONAL_REPRESENTATION('',(#4923),#4927);
#4923 = LINE('',#4924,#4925);
#4924 = CARTESIAN_POINT('',(0.,0.));
#4925 = VECTOR('',#4926,1.);
#4926 = DIRECTION('',(1.,0.));
#4927 = ( GEOMETRIC_REPRESENTATION_CONTEXT(2) 
PARAMETRIC_REPRESENTATION_CONTEXT() REPRESENTATION_CONTEXT('2D SPACE',''
  ) );
#4928 = ORIENTED_EDGE('',*,*,#4929,.F.);
#4929 = EDGE_CURVE('',#4872,#4903,#4930,.T.);
#4930 = SURFACE_CURVE('',#4931,(#4934,#4941),.PCURVE_S1.);
#4931 = B_SPLINE_CURVE_WITH_KNOTS('',1,(#4932,#4933),.UNSPECIFIED.,.F.,
  .F.,(2,2),(0.,1.),.PIECEWISE_BEZIER_KNOTS.);
#4932 = CARTESIAN_POINT('',(42.5,31.666228067138,1.06028E+03));
#4933 = CARTESIAN_POINT('',(28.43241741755,235.,1.035858077038E+03));
#4934 = PCURVE('',#4010,#4935);
#4935 = DEFINITIONAL_REPRESENTATION('',(#4936),#4940);
#4936 = LINE('',#4937,#4938);
#4937 = CARTESIAN_POINT('',(0.,0.));
#4938 = VECTOR('',#4939,1.);
#4939 = DIRECTION('',(0.,1.));
#4940 = ( GEOMETRIC_REPRESENTATION_CONTEXT(2) 
PARAMETRIC_REPRESENTATION_CONTEXT() REPRESENTATION_CONTEXT('2D SPACE',''
  ) );
#4941 = PCURVE('',#4942,#4947);
#4942 = B_SPLINE_SURFACE_WITH_KNOTS('',1,1,(
    (#4943,#4944)
    ,(#4945,#4946
    )),.UNSPECIFIED.,.F.,.F.,.F.,(2,2),(2,2),(0.,85.),(0.,1.),
  .PIECEWISE_BEZIER_KNOTS.);
#4943 = CARTESIAN_POINT('',(-42.5,31.666228067138,1.06028E+03));
#4944 = CARTESIAN_POINT('',(-11.95219796706,235.,1.047394230654E+03));
#4945 = CARTESIAN_POINT('',(42.5,31.666228067138,1.06028E+03));
#4946 = CARTESIAN_POINT('',(28.43241741755,235.,1.035858077038E+03));
#4947 = DEFINITIONAL_REPRESENTATION('',(#4948),#4952);
#4948 = LINE('',#4949,#4950);
#4949 = CARTESIAN_POINT('',(85.,0.));
#4950 = VECTOR('',#4951,1.);
#4951 = DIRECTION('',(0.,1.));
#4952 = ( GEOMETRIC_REPRESENTATION_CONTEXT(2) 
PARAMETRIC_REPRESENTATION_CONTEXT() REPRESENTATION_CONTEXT('2D SPACE',''
  ) );
#4953 = ADVANCED_FACE('',(#4954),#4162,.F.);
#4954 = FACE_BOUND('',#4955,.F.);
#4955 = EDGE_LOOP('',(#4956,#4957,#4980,#5008,#5034));
#4956 = ORIENTED_EDGE('',*,*,#4149,.F.);
#4957 = ORIENTED_EDGE('',*,*,#4958,.T.);
#4958 = EDGE_CURVE('',#4049,#4959,#4961,.T.);
#4959 = VERTEX_POINT('',#4960);
#4960 = CARTESIAN_POINT('',(11.952197967066,290.,978.16576934617));
#4961 = SURFACE_CURVE('',#4962,(#4966,#4973),.PCURVE_S1.);
#4962 = LINE('',#4963,#4964);
#4963 = CARTESIAN_POINT('',(11.952197967066,235.,978.16576934617));
#4964 = VECTOR('',#4965,1.);
#4965 = DIRECTION('',(0.,1.,0.));
#4966 = PCURVE('',#4162,#4967);
#4967 = DEFINITIONAL_REPRESENTATION('',(#4968),#4972);
#4968 = LINE('',#4969,#4970);
#4969 = CARTESIAN_POINT('',(0.,0.));
#4970 = VECTOR('',#4971,1.);
#4971 = DIRECTION('',(0.,-1.));
#4972 = ( GEOMETRIC_REPRESENTATION_CONTEXT(2) 
PARAMETRIC_REPRESENTATION_CONTEXT() REPRESENTATION_CONTEXT('2D SPACE',''
  ) );
#4973 = PCURVE('',#4917,#4974);
#4974 = DEFINITIONAL_REPRESENTATION('',(#4975),#4979);
#4975 = LINE('',#4976,#4977);
#4976 = CARTESIAN_POINT('',(60.,0.));
#4977 = VECTOR('',#4978,1.);
#4978 = DIRECTION('',(0.,-1.));
#4979 = ( GEOMETRIC_REPRESENTATION_CONTEXT(2) 
PARAMETRIC_REPRESENTATION_CONTEXT() REPRESENTATION_CONTEXT('2D SPACE',''
  ) );
#4980 = ORIENTED_EDGE('',*,*,#4981,.T.);
#4981 = EDGE_CURVE('',#4959,#4982,#4984,.T.);
#4982 = VERTEX_POINT('',#4983);
#4983 = CARTESIAN_POINT('',(2.336813351681,290.,980.91247258792));
#4984 = SURFACE_CURVE('',#4985,(#4989,#4996),.PCURVE_S1.);
#4985 = LINE('',#4986,#4987);
#4986 = CARTESIAN_POINT('',(11.952197967066,290.,978.16576934617));
#4987 = VECTOR('',#4988,1.);
#4988 = DIRECTION('',(-0.961538461538,0.,0.274670324175));
#4989 = PCURVE('',#4162,#4990);
#4990 = DEFINITIONAL_REPRESENTATION('',(#4991),#4995);
#4991 = LINE('',#4992,#4993);
#4992 = CARTESIAN_POINT('',(0.,-55.));
#4993 = VECTOR('',#4994,1.);
#4994 = DIRECTION('',(1.,0.));
#4995 = ( GEOMETRIC_REPRESENTATION_CONTEXT(2) 
PARAMETRIC_REPRESENTATION_CONTEXT() REPRESENTATION_CONTEXT('2D SPACE',''
  ) );
#4996 = PCURVE('',#4997,#5002);
#4997 = PLANE('',#4998);
#4998 = AXIS2_PLACEMENT_3D('',#4999,#5000,#5001);
#4999 = CARTESIAN_POINT('',(5.767935149111E-14,290.,1.01278E+03));
#5000 = DIRECTION('',(0.,1.,0.));
#5001 = DIRECTION('',(0.,-0.,1.));
#5002 = DEFINITIONAL_REPRESENTATION('',(#5003),#5007);
#5003 = LINE('',#5004,#5005);
#5004 = CARTESIAN_POINT('',(-34.61423065382,11.952197967066));
#5005 = VECTOR('',#5006,1.);
#5006 = DIRECTION('',(0.274670324175,-0.961538461538));
#5007 = ( GEOMETRIC_REPRESENTATION_CONTEXT(2) 
PARAMETRIC_REPRESENTATION_CONTEXT() REPRESENTATION_CONTEXT('2D SPACE',''
  ) );
#5008 = ORIENTED_EDGE('',*,*,#5009,.T.);
#5009 = EDGE_CURVE('',#4982,#5010,#5012,.T.);
#5010 = VERTEX_POINT('',#5011);
#5011 = CARTESIAN_POINT('',(2.336813351681,246.,980.91247258792));
#5012 = SURFACE_CURVE('',#5013,(#5017,#5023),.PCURVE_S1.);
#5013 = LINE('',#5014,#5015);
#5014 = CARTESIAN_POINT('',(2.336813351681,240.5,980.91247258792));
#5015 = VECTOR('',#5016,1.);
#5016 = DIRECTION('',(-0.,-1.,0.));
#5017 = PCURVE('',#4162,#5018);
#5018 = DEFINITIONAL_REPRESENTATION('',(#5019),#5022);
#5019 = B_SPLINE_CURVE_WITH_KNOTS('',1,(#5020,#5021),.UNSPECIFIED.,.F.,
  .F.,(2,2),(-49.5,-5.5),.PIECEWISE_BEZIER_KNOTS.);
#5020 = CARTESIAN_POINT('',(10.,-55.));
#5021 = CARTESIAN_POINT('',(10.,-11.));
#5022 = ( GEOMETRIC_REPRESENTATION_CONTEXT(2) 
PARAMETRIC_REPRESENTATION_CONTEXT() REPRESENTATION_CONTEXT('2D SPACE',''
  ) );
#5023 = PCURVE('',#5024,#5029);
#5024 = PLANE('',#5025);
#5025 = AXIS2_PLACEMENT_3D('',#5026,#5027,#5028);
#5026 = CARTESIAN_POINT('',(10.576923076923,246.,1.009758626434E+03));
#5027 = DIRECTION('',(-0.961538461538,0.,0.274670324175));
#5028 = DIRECTION('',(0.,1.,0.));
#5029 = DEFINITIONAL_REPRESENTATION('',(#5030),#5033);
#5030 = B_SPLINE_CURVE_WITH_KNOTS('',1,(#5031,#5032),.UNSPECIFIED.,.F.,
  .F.,(2,2),(-49.5,-5.5),.PIECEWISE_BEZIER_KNOTS.);
#5031 = CARTESIAN_POINT('',(44.,30.));
#5032 = CARTESIAN_POINT('',(0.,30.));
#5033 = ( GEOMETRIC_REPRESENTATION_CONTEXT(2) 
PARAMETRIC_REPRESENTATION_CONTEXT() REPRESENTATION_CONTEXT('2D SPACE',''
  ) );
#5034 = ORIENTED_EDGE('',*,*,#5035,.F.);
#5035 = EDGE_CURVE('',#4123,#5010,#5036,.T.);
#5036 = SURFACE_CURVE('',#5037,(#5042,#5049),.PCURVE_S1.);
#5037 = CIRCLE('',#5038,11.);
#5038 = AXIS2_PLACEMENT_3D('',#5039,#5040,#5041);
#5039 = CARTESIAN_POINT('',(-8.240109725242,246.,983.93384615384));
#5040 = DIRECTION('',(0.274670324175,0.,0.961538461538));
#5041 = DIRECTION('',(0.961538461538,0.,-0.274670324175));
#5042 = PCURVE('',#4162,#5043);
#5043 = DEFINITIONAL_REPRESENTATION('',(#5044),#5048);
#5044 = CIRCLE('',#5045,11.);
#5045 = AXIS2_PLACEMENT_2D('',#5046,#5047);
#5046 = CARTESIAN_POINT('',(21.,-11.));
#5047 = DIRECTION('',(-1.,-0.));
#5048 = ( GEOMETRIC_REPRESENTATION_CONTEXT(2) 
PARAMETRIC_REPRESENTATION_CONTEXT() REPRESENTATION_CONTEXT('2D SPACE',''
  ) );
#5049 = PCURVE('',#5050,#5055);
#5050 = CYLINDRICAL_SURFACE('',#5051,11.);
#5051 = AXIS2_PLACEMENT_3D('',#5052,#5053,#5054);
#5052 = CARTESIAN_POINT('',(-13.73351620873,246.,964.70307692307));
#5053 = DIRECTION('',(0.274670324175,0.,0.961538461538));
#5054 = DIRECTION('',(0.961538461538,0.,-0.274670324175));
#5055 = DEFINITIONAL_REPRESENTATION('',(#5056),#5060);
#5056 = LINE('',#5057,#5058);
#5057 = CARTESIAN_POINT('',(0.,20.));
#5058 = VECTOR('',#5059,1.);
#5059 = DIRECTION('',(1.,0.));
#5060 = ( GEOMETRIC_REPRESENTATION_CONTEXT(2) 
PARAMETRIC_REPRESENTATION_CONTEXT() REPRESENTATION_CONTEXT('2D SPACE',''
  ) );
#5061 = ADVANCED_FACE('',(#5062),#4137,.F.);
#5062 = FACE_BOUND('',#5063,.F.);
#5063 = EDGE_LOOP('',(#5064,#5065,#5089,#5115,#5143));
#5064 = ORIENTED_EDGE('',*,*,#4122,.F.);
#5065 = ORIENTED_EDGE('',*,*,#5066,.F.);
#5066 = EDGE_CURVE('',#5067,#4123,#5069,.T.);
#5067 = VERTEX_POINT('',#5068);
#5068 = CARTESIAN_POINT('',(-18.81703280216,246.,986.95521971976));
#5069 = SURFACE_CURVE('',#5070,(#5075,#5082),.PCURVE_S1.);
#5070 = CIRCLE('',#5071,11.);
#5071 = AXIS2_PLACEMENT_3D('',#5072,#5073,#5074);
#5072 = CARTESIAN_POINT('',(-8.240109725242,246.,983.93384615384));
#5073 = DIRECTION('',(0.274670324175,0.,0.961538461538));
#5074 = DIRECTION('',(0.961538461538,0.,-0.274670324175));
#5075 = PCURVE('',#4137,#5076);
#5076 = DEFINITIONAL_REPRESENTATION('',(#5077),#5081);
#5077 = CIRCLE('',#5078,11.);
#5078 = AXIS2_PLACEMENT_2D('',#5079,#5080);
#5079 = CARTESIAN_POINT('',(21.,-11.));
#5080 = DIRECTION('',(-1.,-0.));
#5081 = ( GEOMETRIC_REPRESENTATION_CONTEXT(2) 
PARAMETRIC_REPRESENTATION_CONTEXT() REPRESENTATION_CONTEXT('2D SPACE',''
  ) );
#5082 = PCURVE('',#5050,#5083);
#5083 = DEFINITIONAL_REPRESENTATION('',(#5084),#5088);
#5084 = LINE('',#5085,#5086);
#5085 = CARTESIAN_POINT('',(0.,20.));
#5086 = VECTOR('',#5087,1.);
#5087 = DIRECTION('',(1.,0.));
#5088 = ( GEOMETRIC_REPRESENTATION_CONTEXT(2) 
PARAMETRIC_REPRESENTATION_CONTEXT() REPRESENTATION_CONTEXT('2D SPACE',''
  ) );
#5089 = ORIENTED_EDGE('',*,*,#5090,.T.);
#5090 = EDGE_CURVE('',#5067,#5091,#5093,.T.);
#5091 = VERTEX_POINT('',#5092);
#5092 = CARTESIAN_POINT('',(-18.81703280216,290.,986.95521971976));
#5093 = SURFACE_CURVE('',#5094,(#5098,#5104),.PCURVE_S1.);
#5094 = LINE('',#5095,#5096);
#5095 = CARTESIAN_POINT('',(-18.81703280216,265.,986.95521971976));
#5096 = VECTOR('',#5097,1.);
#5097 = DIRECTION('',(0.,1.,0.));
#5098 = PCURVE('',#4137,#5099);
#5099 = DEFINITIONAL_REPRESENTATION('',(#5100),#5103);
#5100 = B_SPLINE_CURVE_WITH_KNOTS('',1,(#5101,#5102),.UNSPECIFIED.,.F.,
  .F.,(2,2),(-19.,25.),.PIECEWISE_BEZIER_KNOTS.);
#5101 = CARTESIAN_POINT('',(32.,-11.));
#5102 = CARTESIAN_POINT('',(32.,-55.));
#5103 = ( GEOMETRIC_REPRESENTATION_CONTEXT(2) 
PARAMETRIC_REPRESENTATION_CONTEXT() REPRESENTATION_CONTEXT('2D SPACE',''
  ) );
#5104 = PCURVE('',#5105,#5110);
#5105 = PLANE('',#5106);
#5106 = AXIS2_PLACEMENT_3D('',#5107,#5108,#5109);
#5107 = CARTESIAN_POINT('',(-10.57692307692,295.,1.015801373566E+03));
#5108 = DIRECTION('',(0.961538461538,0.,-0.274670324175));
#5109 = DIRECTION('',(0.,-1.,0.));
#5110 = DEFINITIONAL_REPRESENTATION('',(#5111),#5114);
#5111 = B_SPLINE_CURVE_WITH_KNOTS('',1,(#5112,#5113),.UNSPECIFIED.,.F.,
  .F.,(2,2),(-19.,25.),.PIECEWISE_BEZIER_KNOTS.);
#5112 = CARTESIAN_POINT('',(49.,30.));
#5113 = CARTESIAN_POINT('',(5.,30.));
#5114 = ( GEOMETRIC_REPRESENTATION_CONTEXT(2) 
PARAMETRIC_REPRESENTATION_CONTEXT() REPRESENTATION_CONTEXT('2D SPACE',''
  ) );
#5115 = ORIENTED_EDGE('',*,*,#5116,.T.);
#5116 = EDGE_CURVE('',#5091,#5117,#5119,.T.);
#5117 = VERTEX_POINT('',#5118);
#5118 = CARTESIAN_POINT('',(-28.43241741754,290.,989.70192296151));
#5119 = SURFACE_CURVE('',#5120,(#5124,#5131),.PCURVE_S1.);
#5120 = LINE('',#5121,#5122);
#5121 = CARTESIAN_POINT('',(11.952197967066,290.,978.16576934617));
#5122 = VECTOR('',#5123,1.);
#5123 = DIRECTION('',(-0.961538461538,0.,0.274670324175));
#5124 = PCURVE('',#4137,#5125);
#5125 = DEFINITIONAL_REPRESENTATION('',(#5126),#5130);
#5126 = LINE('',#5127,#5128);
#5127 = CARTESIAN_POINT('',(0.,-55.));
#5128 = VECTOR('',#5129,1.);
#5129 = DIRECTION('',(1.,0.));
#5130 = ( GEOMETRIC_REPRESENTATION_CONTEXT(2) 
PARAMETRIC_REPRESENTATION_CONTEXT() REPRESENTATION_CONTEXT('2D SPACE',''
  ) );
#5131 = PCURVE('',#5132,#5137);
#5132 = PLANE('',#5133);
#5133 = AXIS2_PLACEMENT_3D('',#5134,#5135,#5136);
#5134 = CARTESIAN_POINT('',(5.767935149111E-14,290.,1.01278E+03));
#5135 = DIRECTION('',(0.,1.,0.));
#5136 = DIRECTION('',(0.,-0.,1.));
#5137 = DEFINITIONAL_REPRESENTATION('',(#5138),#5142);
#5138 = LINE('',#5139,#5140);
#5139 = CARTESIAN_POINT('',(-34.61423065382,11.952197967066));
#5140 = VECTOR('',#5141,1.);
#5141 = DIRECTION('',(0.274670324175,-0.961538461538));
#5142 = ( GEOMETRIC_REPRESENTATION_CONTEXT(2) 
PARAMETRIC_REPRESENTATION_CONTEXT() REPRESENTATION_CONTEXT('2D SPACE',''
  ) );
#5143 = ORIENTED_EDGE('',*,*,#5144,.F.);
#5144 = EDGE_CURVE('',#4096,#5117,#5145,.T.);
#5145 = SURFACE_CURVE('',#5146,(#5150,#5157),.PCURVE_S1.);
#5146 = LINE('',#5147,#5148);
#5147 = CARTESIAN_POINT('',(-28.43241741754,235.,989.70192296151));
#5148 = VECTOR('',#5149,1.);
#5149 = DIRECTION('',(0.,1.,0.));
#5150 = PCURVE('',#4137,#5151);
#5151 = DEFINITIONAL_REPRESENTATION('',(#5152),#5156);
#5152 = LINE('',#5153,#5154);
#5153 = CARTESIAN_POINT('',(42.,0.));
#5154 = VECTOR('',#5155,1.);
#5155 = DIRECTION('',(0.,-1.));
#5156 = ( GEOMETRIC_REPRESENTATION_CONTEXT(2) 
PARAMETRIC_REPRESENTATION_CONTEXT() REPRESENTATION_CONTEXT('2D SPACE',''
  ) );
#5157 = PCURVE('',#5158,#5163);
#5158 = PLANE('',#5159);
#5159 = AXIS2_PLACEMENT_3D('',#5160,#5161,#5162);
#5160 = CARTESIAN_POINT('',(-28.43241741754,235.,989.70192296151));
#5161 = DIRECTION('',(0.961538461538,0.,-0.274670324175));
#5162 = DIRECTION('',(0.274670324175,0.,0.961538461538));
#5163 = DEFINITIONAL_REPRESENTATION('',(#5164),#5168);
#5164 = LINE('',#5165,#5166);
#5165 = CARTESIAN_POINT('',(0.,0.));
#5166 = VECTOR('',#5167,1.);
#5167 = DIRECTION('',(0.,-1.));
#5168 = ( GEOMETRIC_REPRESENTATION_CONTEXT(2) 
PARAMETRIC_REPRESENTATION_CONTEXT() REPRESENTATION_CONTEXT('2D SPACE',''
  ) );
#5169 = ADVANCED_FACE('',(#5170),#4110,.T.);
#5170 = FACE_BOUND('',#5171,.T.);
#5171 = EDGE_LOOP('',(#5172,#5173,#5196,#5219,#5241,#5261));
#5172 = ORIENTED_EDGE('',*,*,#4206,.T.);
#5173 = ORIENTED_EDGE('',*,*,#5174,.T.);
#5174 = EDGE_CURVE('',#4178,#5175,#5177,.T.);
#5175 = VERTEX_POINT('',#5176);
#5176 = CARTESIAN_POINT('',(-42.5,31.666228067139,1.05178E+03));
#5177 = SURFACE_CURVE('',#5178,(#5182,#5189),.PCURVE_S1.);
#5178 = LINE('',#5179,#5180);
#5179 = CARTESIAN_POINT('',(-42.5,31.666228067138,965.28));
#5180 = VECTOR('',#5181,1.);
#5181 = DIRECTION('',(0.,0.,1.));
#5182 = PCURVE('',#4110,#5183);
#5183 = DEFINITIONAL_REPRESENTATION('',(#5184),#5188);
#5184 = LINE('',#5185,#5186);
#5185 = CARTESIAN_POINT('',(0.,0.));
#5186 = VECTOR('',#5187,1.);
#5187 = DIRECTION('',(1.,0.));
#5188 = ( GEOMETRIC_REPRESENTATION_CONTEXT(2) 
PARAMETRIC_REPRESENTATION_CONTEXT() REPRESENTATION_CONTEXT('2D SPACE',''
  ) );
#5189 = PCURVE('',#4249,#5190);
#5190 = DEFINITIONAL_REPRESENTATION('',(#5191),#5195);
#5191 = LINE('',#5192,#5193);
#5192 = CARTESIAN_POINT('',(2.50124282447,-8.5));
#5193 = VECTOR('',#5194,1.);
#5194 = DIRECTION('',(0.,1.));
#5195 = ( GEOMETRIC_REPRESENTATION_CONTEXT(2) 
PARAMETRIC_REPRESENTATION_CONTEXT() REPRESENTATION_CONTEXT('2D SPACE',''
  ) );
#5196 = ORIENTED_EDGE('',*,*,#5197,.T.);
#5197 = EDGE_CURVE('',#5175,#5198,#5200,.T.);
#5198 = VERTEX_POINT('',#5199);
#5199 = CARTESIAN_POINT('',(-42.5,31.666228067138,1.06028E+03));
#5200 = SURFACE_CURVE('',#5201,(#5205,#5212),.PCURVE_S1.);
#5201 = LINE('',#5202,#5203);
#5202 = CARTESIAN_POINT('',(-42.5,31.666228067138,965.28));
#5203 = VECTOR('',#5204,1.);
#5204 = DIRECTION('',(0.,0.,1.));
#5205 = PCURVE('',#4110,#5206);
#5206 = DEFINITIONAL_REPRESENTATION('',(#5207),#5211);
#5207 = LINE('',#5208,#5209);
#5208 = CARTESIAN_POINT('',(0.,0.));
#5209 = VECTOR('',#5210,1.);
#5210 = DIRECTION('',(1.,0.));
#5211 = ( GEOMETRIC_REPRESENTATION_CONTEXT(2) 
PARAMETRIC_REPRESENTATION_CONTEXT() REPRESENTATION_CONTEXT('2D SPACE',''
  ) );
#5212 = PCURVE('',#4887,#5213);
#5213 = DEFINITIONAL_REPRESENTATION('',(#5214),#5218);
#5214 = LINE('',#5215,#5216);
#5215 = CARTESIAN_POINT('',(70.797924784884,-63.34551164963));
#5216 = VECTOR('',#5217,1.);
#5217 = DIRECTION('',(-0.745241313525,0.66679485947));
#5218 = ( GEOMETRIC_REPRESENTATION_CONTEXT(2) 
PARAMETRIC_REPRESENTATION_CONTEXT() REPRESENTATION_CONTEXT('2D SPACE',''
  ) );
#5219 = ORIENTED_EDGE('',*,*,#5220,.T.);
#5220 = EDGE_CURVE('',#5198,#5221,#5223,.T.);
#5221 = VERTEX_POINT('',#5222);
#5222 = CARTESIAN_POINT('',(-11.95219796706,235.,1.047394230654E+03));
#5223 = SURFACE_CURVE('',#5224,(#5227,#5234),.PCURVE_S1.);
#5224 = B_SPLINE_CURVE_WITH_KNOTS('',1,(#5225,#5226),.UNSPECIFIED.,.F.,
  .F.,(2,2),(0.,1.),.PIECEWISE_BEZIER_KNOTS.);
#5225 = CARTESIAN_POINT('',(-42.5,31.666228067138,1.06028E+03));
#5226 = CARTESIAN_POINT('',(-11.95219796706,235.,1.047394230654E+03));
#5227 = PCURVE('',#4110,#5228);
#5228 = DEFINITIONAL_REPRESENTATION('',(#5229),#5233);
#5229 = LINE('',#5230,#5231);
#5230 = CARTESIAN_POINT('',(95.,0.));
#5231 = VECTOR('',#5232,1.);
#5232 = DIRECTION('',(0.,1.));
#5233 = ( GEOMETRIC_REPRESENTATION_CONTEXT(2) 
PARAMETRIC_REPRESENTATION_CONTEXT() REPRESENTATION_CONTEXT('2D SPACE',''
  ) );
#5234 = PCURVE('',#4942,#5235);
#5235 = DEFINITIONAL_REPRESENTATION('',(#5236),#5240);
#5236 = LINE('',#5237,#5238);
#5237 = CARTESIAN_POINT('',(0.,0.));
#5238 = VECTOR('',#5239,1.);
#5239 = DIRECTION('',(0.,1.));
#5240 = ( GEOMETRIC_REPRESENTATION_CONTEXT(2) 
PARAMETRIC_REPRESENTATION_CONTEXT() REPRESENTATION_CONTEXT('2D SPACE',''
  ) );
#5241 = ORIENTED_EDGE('',*,*,#5242,.F.);
#5242 = EDGE_CURVE('',#4096,#5221,#5243,.T.);
#5243 = SURFACE_CURVE('',#5244,(#5248,#5254),.PCURVE_S1.);
#5244 = LINE('',#5245,#5246);
#5245 = CARTESIAN_POINT('',(-28.43241741754,235.,989.70192296151));
#5246 = VECTOR('',#5247,1.);
#5247 = DIRECTION('',(0.274670324175,0.,0.961538461538));
#5248 = PCURVE('',#4110,#5249);
#5249 = DEFINITIONAL_REPRESENTATION('',(#5250),#5253);
#5250 = B_SPLINE_CURVE_WITH_KNOTS('',1,(#5251,#5252),.UNSPECIFIED.,.F.,
  .F.,(2,2),(0.,60.),.PIECEWISE_BEZIER_KNOTS.);
#5251 = CARTESIAN_POINT('',(0.,1.));
#5252 = CARTESIAN_POINT('',(95.,1.));
#5253 = ( GEOMETRIC_REPRESENTATION_CONTEXT(2) 
PARAMETRIC_REPRESENTATION_CONTEXT() REPRESENTATION_CONTEXT('2D SPACE',''
  ) );
#5254 = PCURVE('',#5158,#5255);
#5255 = DEFINITIONAL_REPRESENTATION('',(#5256),#5260);
#5256 = LINE('',#5257,#5258);
#5257 = CARTESIAN_POINT('',(0.,0.));
#5258 = VECTOR('',#5259,1.);
#5259 = DIRECTION('',(1.,0.));
#5260 = ( GEOMETRIC_REPRESENTATION_CONTEXT(2) 
PARAMETRIC_REPRESENTATION_CONTEXT() REPRESENTATION_CONTEXT('2D SPACE',''
  ) );
#5261 = ORIENTED_EDGE('',*,*,#4095,.F.);
#5262 = ADVANCED_FACE('',(#5263,#5797),#4249,.T.);
#5263 = FACE_BOUND('',#5264,.T.);
#5264 = EDGE_LOOP('',(#5265,#5266,#5267,#5539,#5773,#5774,#5796));
#5265 = ORIENTED_EDGE('',*,*,#4234,.T.);
#5266 = ORIENTED_EDGE('',*,*,#4265,.T.);
#5267 = ORIENTED_EDGE('',*,*,#5268,.F.);
#5268 = EDGE_CURVE('',#5269,#4266,#5271,.T.);
#5269 = VERTEX_POINT('',#5270);
#5270 = CARTESIAN_POINT('',(43.692104549907,-30.,1.01278E+03));
#5271 = SURFACE_CURVE('',#5272,(#5359,#5449),.PCURVE_S1.);
#5272 = B_SPLINE_CURVE_WITH_KNOTS('',7,(#5273,#5274,#5275,#5276,#5277,
    #5278,#5279,#5280,#5281,#5282,#5283,#5284,#5285,#5286,#5287,#5288,
    #5289,#5290,#5291,#5292,#5293,#5294,#5295,#5296,#5297,#5298,#5299,
    #5300,#5301,#5302,#5303,#5304,#5305,#5306,#5307,#5308,#5309,#5310,
    #5311,#5312,#5313,#5314,#5315,#5316,#5317,#5318,#5319,#5320,#5321,
    #5322,#5323,#5324,#5325,#5326,#5327,#5328,#5329,#5330,#5331,#5332,
    #5333,#5334,#5335,#5336,#5337,#5338,#5339,#5340,#5341,#5342,#5343,
    #5344,#5345,#5346,#5347,#5348,#5349,#5350,#5351,#5352,#5353,#5354,
    #5355,#5356,#5357,#5358),.UNSPECIFIED.,.F.,.F.,(8,6,6,6,6,6,6,6,6,6,
    6,6,6,6,8),(0.,6.717130465549E-02,0.108699807513,0.160264652149,
    0.199605316554,0.229420247842,0.310672173255,0.402519959446,
    0.499868644206,0.597252661421,0.689076187523,0.839558406542,
    0.891001752467,0.932595544902,1.),.UNSPECIFIED.);
#5273 = CARTESIAN_POINT('',(53.,-3.552713678801E-15,1.04278E+03));
#5274 = CARTESIAN_POINT('',(53.,-1.136871914436,1.04278E+03));
#5275 = CARTESIAN_POINT('',(52.971549155762,-2.271901239904,
    1.042729736841E+03));
#5276 = CARTESIAN_POINT('',(52.914813862599,-3.399416926593,
    1.04262950449E+03));
#5277 = CARTESIAN_POINT('',(52.83071420636,-4.513779743115,
    1.042480567876E+03));
#5278 = CARTESIAN_POINT('',(52.720914982778,-5.609439877212,
    1.042285158772E+03));
#5279 = CARTESIAN_POINT('',(52.587775839125,-6.680992686789,
    1.042046494563E+03));
#5280 = CARTESIAN_POINT('',(52.339350060471,-8.367595004086,
    1.041597148158E+03));
#5281 = CARTESIAN_POINT('',(52.236568644375,-9.001313499918,
    1.041410416099E+03));
#5282 = CARTESIAN_POINT('',(52.126467359898,-9.623970052409,
    1.04120935421E+03));
#5283 = CARTESIAN_POINT('',(52.009615206077,-10.23517402627,
    1.040994707054E+03));
#5284 = CARTESIAN_POINT('',(51.886595392425,-10.83456211079,
    1.040767235102E+03));
#5285 = CARTESIAN_POINT('',(51.75800162038,-11.42179824325,
    1.040527716586E+03));
#5286 = CARTESIAN_POINT('',(51.458587432848,-12.71025682105,
    1.039965578296E+03));
#5287 = CARTESIAN_POINT('',(51.285040988529,-13.40486478623,
    1.039636805467E+03));
#5288 = CARTESIAN_POINT('',(51.104784309221,-14.08045862224,
    1.039291854425E+03));
#5289 = CARTESIAN_POINT('',(50.918763079773,-14.73713701603,
    1.038931868989E+03));
#5290 = CARTESIAN_POINT('',(50.727877006166,-15.37503579227,
    1.038557914324E+03));
#5291 = CARTESIAN_POINT('',(50.532977429218,-15.9943275584,
    1.038170978037E+03));
#5292 = CARTESIAN_POINT('',(50.183717832653,-17.05366471643,
    1.037467554749E+03));
#5293 = CARTESIAN_POINT('',(50.030678915745,-17.50146484065,
    1.037156068598E+03));
#5294 = CARTESIAN_POINT('',(49.876082960898,-17.93876867322,
    1.036837873212E+03));
#5295 = CARTESIAN_POINT('',(49.720247336055,-18.36572490332,
    1.036513299326E+03));
#5296 = CARTESIAN_POINT('',(49.563472500128,-18.78248404616,
    1.036182647859E+03));
#5297 = CARTESIAN_POINT('',(49.406042499342,-19.18919853098,
    1.035846189751E+03));
#5298 = CARTESIAN_POINT('',(49.128621380934,-19.88676219335,
    1.035244957657E+03));
#5299 = CARTESIAN_POINT('',(49.008795602484,-20.18181989119,
    1.034982553834E+03));
#5300 = CARTESIAN_POINT('',(48.888864829104,-20.47126224972,
    1.034717059393E+03));
#5301 = CARTESIAN_POINT('',(48.768942170303,-20.75515331518,
    1.034448572479E+03));
#5302 = CARTESIAN_POINT('',(48.649137144227,-21.03355481281,
    1.034177184317E+03));
#5303 = CARTESIAN_POINT('',(48.529555677663,-21.30652614682,
    1.03390297921E+03));
#5304 = CARTESIAN_POINT('',(48.085303723645,-22.30338562615,
    1.032871302401E+03));
#5305 = CARTESIAN_POINT('',(47.762660680689,-22.99289563031,
    1.032096066862E+03));
#5306 = CARTESIAN_POINT('',(47.444517402899,-23.64362809065,
    1.031302042184E+03));
#5307 = CARTESIAN_POINT('',(47.132851192499,-24.25647418396,
    1.03049062209E+03));
#5308 = CARTESIAN_POINT('',(46.829504183643,-24.83221621765,
    1.029662923055E+03));
#5309 = CARTESIAN_POINT('',(46.53621729785,-25.37150126127,
    1.028819827592E+03));
#5310 = CARTESIAN_POINT('',(45.93639446426,-26.44376415416,
    1.026992363923E+03));
#5311 = CARTESIAN_POINT('',(45.63305234711,-26.96686643423,
    1.026003709519E+03));
#5312 = CARTESIAN_POINT('',(45.34732896756,-27.44431325902,
    1.024997858215E+03));
#5313 = CARTESIAN_POINT('',(45.081738597156,-27.87625510223,
    1.023976406612E+03));
#5314 = CARTESIAN_POINT('',(44.838599222537,-28.26276828596,
    1.022940776694E+03));
#5315 = CARTESIAN_POINT('',(44.620013108551,-28.60382199627,
    1.021892238495E+03));
#5316 = CARTESIAN_POINT('',(44.224172525871,-29.21236193581,
    1.01970812376E+03));
#5317 = CARTESIAN_POINT('',(44.050172528904,-29.47422573655,
    1.018571068599E+03));
#5318 = CARTESIAN_POINT('',(43.90833088652,-29.68422928752,
    1.017423557203E+03));
#5319 = CARTESIAN_POINT('',(43.800590023194,-29.84200140491,
    1.01626821697E+03));
#5320 = CARTESIAN_POINT('',(43.728283803347,-29.94730839639,
    1.015107557308E+03));
#5321 = CARTESIAN_POINT('',(43.692104549907,-30.,1.013944014946E+03));
#5322 = CARTESIAN_POINT('',(43.692104549907,-30.,1.011615562577E+03));
#5323 = CARTESIAN_POINT('',(43.728310070304,-29.94727014109,
    1.01045159829E+03));
#5324 = CARTESIAN_POINT('',(43.800668744506,-29.84188675492,
    1.009290519735E+03));
#5325 = CARTESIAN_POINT('',(43.908487265624,-29.68400029031,
    1.008134766186E+03));
#5326 = CARTESIAN_POINT('',(44.050429873698,-29.47384472294,
    1.006986849738E+03));
#5327 = CARTESIAN_POINT('',(44.224551403846,-29.21179173422,
    1.00584940069E+03));
#5328 = CARTESIAN_POINT('',(44.620540921684,-28.60299897888,
    1.003665213207E+03));
#5329 = CARTESIAN_POINT('',(44.839120275497,-28.2619415344,
    1.002616975103E+03));
#5330 = CARTESIAN_POINT('',(45.082237034119,-27.87544777853,
    1.001581638983E+03));
#5331 = CARTESIAN_POINT('',(45.347790179039,-27.44354847804,
    1.000560475132E+03));
#5332 = CARTESIAN_POINT('',(45.633463062931,-26.96616765893,
    999.55490557995));
#5333 = CARTESIAN_POINT('',(45.936742876667,-26.44315555121,
    998.56652670813));
#5334 = CARTESIAN_POINT('',(46.77640807496,-24.94210504389,
    996.00846830381));
#5335 = CARTESIAN_POINT('',(47.337493830927,-23.88761950664,
    994.47214782332));
#5336 = CARTESIAN_POINT('',(47.927908701723,-22.70740076666,
    992.99080014999));
#5337 = CARTESIAN_POINT('',(48.536747140529,-21.39565114885,
    991.56995411011));
#5338 = CARTESIAN_POINT('',(49.151554748905,-19.94501627084,
    990.21888559953));
#5339 = CARTESIAN_POINT('',(49.757122796178,-18.34749887146,
    988.95163897939));
#5340 = CARTESIAN_POINT('',(50.532110424756,-15.99698071925,
    987.39076347813));
#5341 = CARTESIAN_POINT('',(50.726358418401,-15.37988237229,
    987.00509716332));
#5342 = CARTESIAN_POINT('',(50.916623388923,-14.74430540551,
    986.63232052316));
#5343 = CARTESIAN_POINT('',(51.102063107058,-14.09007822377,
    986.2734103472));
#5344 = CARTESIAN_POINT('',(51.281787586859,-13.41706544512,
    985.9294200365));
#5345 = CARTESIAN_POINT('',(51.454861417954,-12.72516824754,
    985.60148067352));
#5346 = CARTESIAN_POINT('',(51.754074062305,-11.4395821946,
    985.0396073027));
#5347 = CARTESIAN_POINT('',(51.882875901069,-10.85236236753,
    984.79965667472));
#5348 = CARTESIAN_POINT('',(52.006110542019,-10.252972866,984.5717487486
    ));
#5349 = CARTESIAN_POINT('',(52.123183554453,-9.641748538621,
    984.35666260984));
#5350 = CARTESIAN_POINT('',(52.233510870493,-9.019051526579,
    984.15515973916));
#5351 = CARTESIAN_POINT('',(52.336522506554,-8.385271339305,
    983.96798586273));
#5352 = CARTESIAN_POINT('',(52.585850699201,-6.696472960545,
    983.51695649403));
#5353 = CARTESIAN_POINT('',(52.719592189036,-5.622624898461,
    983.27719545862));
#5354 = CARTESIAN_POINT('',(52.829902634736,-4.524514009796,
    983.0808694116));
#5355 = CARTESIAN_POINT('',(52.914402145714,-3.4075749764,
    982.93122287672));
#5356 = CARTESIAN_POINT('',(52.971410964019,-2.277389423694,
    982.83050729784));
#5357 = CARTESIAN_POINT('',(53.,-1.139629570347,982.78));
#5358 = CARTESIAN_POINT('',(53.,-7.105427357601E-15,982.78));
#5359 = PCURVE('',#4249,#5360);
#5360 = DEFINITIONAL_REPRESENTATION('',(#5361),#5448);
#5361 = B_SPLINE_CURVE_WITH_KNOTS('',7,(#5362,#5363,#5364,#5365,#5366,
    #5367,#5368,#5369,#5370,#5371,#5372,#5373,#5374,#5375,#5376,#5377,
    #5378,#5379,#5380,#5381,#5382,#5383,#5384,#5385,#5386,#5387,#5388,
    #5389,#5390,#5391,#5392,#5393,#5394,#5395,#5396,#5397,#5398,#5399,
    #5400,#5401,#5402,#5403,#5404,#5405,#5406,#5407,#5408,#5409,#5410,
    #5411,#5412,#5413,#5414,#5415,#5416,#5417,#5418,#5419,#5420,#5421,
    #5422,#5423,#5424,#5425,#5426,#5427,#5428,#5429,#5430,#5431,#5432,
    #5433,#5434,#5435,#5436,#5437,#5438,#5439,#5440,#5441,#5442,#5443,
    #5444,#5445,#5446,#5447),.UNSPECIFIED.,.F.,.F.,(8,6,6,6,6,6,6,6,6,6,
    6,6,6,6,8),(0.,6.717130465549E-02,0.108699807513,0.160264652149,
    0.199605316554,0.229420247842,0.310672173255,0.402519959446,
    0.499868644206,0.597252661421,0.689076187523,0.839558406542,
    0.891001752467,0.932595544902,1.),.UNSPECIFIED.);
#5362 = CARTESIAN_POINT('',(6.28318530718,69.));
#5363 = CARTESIAN_POINT('',(6.2617348937,69.));
#5364 = CARTESIAN_POINT('',(6.240319242529,68.949736840822));
#5365 = CARTESIAN_POINT('',(6.2190292528,68.849504490026));
#5366 = CARTESIAN_POINT('',(6.197955396879,68.70056787591));
#5367 = CARTESIAN_POINT('',(6.177188526719,68.505158772344));
#5368 = CARTESIAN_POINT('',(6.156820299238,68.266494562663));
#5369 = CARTESIAN_POINT('',(6.124654263139,67.817148157563));
#5370 = CARTESIAN_POINT('',(6.112542350292,67.630416099159));
#5371 = CARTESIAN_POINT('',(6.100613766174,67.429354210369));
#5372 = CARTESIAN_POINT('',(6.088874732755,67.214707053758));
#5373 = CARTESIAN_POINT('',(6.077331402374,66.987235101581));
#5374 = CARTESIAN_POINT('',(6.065989850148,66.747716585888));
#5375 = CARTESIAN_POINT('',(6.041031541285,66.185578296431));
#5376 = CARTESIAN_POINT('',(6.027524703583,65.856805466949));
#5377 = CARTESIAN_POINT('',(6.014334339715,65.511854425344));
#5378 = CARTESIAN_POINT('',(6.001459249836,65.151868989127));
#5379 = CARTESIAN_POINT('',(5.988898141538,64.777914323617));
#5380 = CARTESIAN_POINT('',(5.976649523578,64.390978037423));
#5381 = CARTESIAN_POINT('',(5.955603730382,63.687554748961));
#5382 = CARTESIAN_POINT('',(5.94667540209,63.376068598107));
#5383 = CARTESIAN_POINT('',(5.937924726224,63.05787321215));
#5384 = CARTESIAN_POINT('',(5.929349897055,62.733299325866));
#5385 = CARTESIAN_POINT('',(5.920949168964,62.402647858564));
#5386 = CARTESIAN_POINT('',(5.91272083378,62.066189750645));
#5387 = CARTESIAN_POINT('',(5.89855659424,61.464957656675));
#5388 = CARTESIAN_POINT('',(5.892548055571,61.202553833551));
#5389 = CARTESIAN_POINT('',(5.886636866074,60.937059393303));
#5390 = CARTESIAN_POINT('',(5.880822371714,60.668572479483));
#5391 = CARTESIAN_POINT('',(5.875103980455,60.397184316674));
#5392 = CARTESIAN_POINT('',(5.869481162259,60.122979210481));
#5393 = CARTESIAN_POINT('',(5.848889274228,59.091302400789));
#5394 = CARTESIAN_POINT('',(5.834528236375,58.316066861594));
#5395 = CARTESIAN_POINT('',(5.820864496063,57.522042184271));
#5396 = CARTESIAN_POINT('',(5.807894592268,56.71062209049));
#5397 = CARTESIAN_POINT('',(5.795617710335,55.882923055082));
#5398 = CARTESIAN_POINT('',(5.784035949907,55.03982759183));
#5399 = CARTESIAN_POINT('',(5.760854225179,53.212363923023));
#5400 = CARTESIAN_POINT('',(5.749446303728,52.223709519251));
#5401 = CARTESIAN_POINT('',(5.738949435207,51.217858214684));
#5402 = CARTESIAN_POINT('',(5.72938323306,50.196406611635));
#5403 = CARTESIAN_POINT('',(5.720768113974,49.160776694243));
#5404 = CARTESIAN_POINT('',(5.713125094369,48.112238494726));
#5405 = CARTESIAN_POINT('',(5.699427830701,45.928123759576));
#5406 = CARTESIAN_POINT('',(5.693496001426,44.791068598911));
#5407 = CARTESIAN_POINT('',(5.688714674589,43.643557203355));
#5408 = CARTESIAN_POINT('',(5.685109973724,42.488216969908));
#5409 = CARTESIAN_POINT('',(5.682699761928,41.327557308242));
#5410 = CARTESIAN_POINT('',(5.681493788139,40.164014946286));
#5411 = CARTESIAN_POINT('',(5.681493788139,37.835562577468));
#5412 = CARTESIAN_POINT('',(5.68270063749,36.671598289959));
#5413 = CARTESIAN_POINT('',(5.685112597776,35.510519734842));
#5414 = CARTESIAN_POINT('',(5.688719906601,34.354766185642));
#5415 = CARTESIAN_POINT('',(5.693504676263,33.206849738122));
#5416 = CARTESIAN_POINT('',(5.699440747081,32.069400689689));
#5417 = CARTESIAN_POINT('',(5.713143541609,29.885213206977));
#5418 = CARTESIAN_POINT('',(5.720786551711,28.836975102629));
#5419 = CARTESIAN_POINT('',(5.729401133266,27.801638982769));
#5420 = CARTESIAN_POINT('',(5.738966283976,26.780475131819));
#5421 = CARTESIAN_POINT('',(5.749461595312,25.774905579954));
#5422 = CARTESIAN_POINT('',(5.760867456161,24.786526708133));
#5423 = CARTESIAN_POINT('',(5.793319135993,22.228468303813));
#5424 = CARTESIAN_POINT('',(5.815851312195,20.692147823324));
#5425 = CARTESIAN_POINT('',(5.84073741626,19.210800149991));
#5426 = CARTESIAN_POINT('',(5.868000075035,17.78995411012));
#5427 = CARTESIAN_POINT('',(5.897695291177,16.438885599537));
#5428 = CARTESIAN_POINT('',(5.929899064484,15.171638979392));
#5429 = CARTESIAN_POINT('',(5.976596859064,13.610763478132));
#5430 = CARTESIAN_POINT('',(5.988802321446,13.225097163322));
#5431 = CARTESIAN_POINT('',(6.001318122939,12.852320523168));
#5432 = CARTESIAN_POINT('',(6.014145752841,12.493410347203));
#5433 = CARTESIAN_POINT('',(6.027286504932,12.149420036502));
#5434 = CARTESIAN_POINT('',(6.040741581984,11.821480673521));
#5435 = CARTESIAN_POINT('',(6.065646239668,11.259607302701));
#5436 = CARTESIAN_POINT('',(6.076988331788,11.019656674726));
#5437 = CARTESIAN_POINT('',(6.088532503711,10.791748748601));
#5438 = CARTESIAN_POINT('',(6.100272696951,10.576662609842));
#5439 = CARTESIAN_POINT('',(6.11220277527,10.37515973916));
#5440 = CARTESIAN_POINT('',(6.124316532494,10.187985862733));
#5441 = CARTESIAN_POINT('',(6.156526044387,9.736956494032));
#5442 = CARTESIAN_POINT('',(6.176938618258,9.497195458628));
#5443 = CARTESIAN_POINT('',(6.197752397689,9.3008694116));
#5444 = CARTESIAN_POINT('',(6.218875209857,9.151222876721));
#5445 = CARTESIAN_POINT('',(6.240215691852,9.050507297843));
#5446 = CARTESIAN_POINT('',(6.261682862456,9.));
#5447 = CARTESIAN_POINT('',(6.28318530718,9.));
#5448 = ( GEOMETRIC_REPRESENTATION_CONTEXT(2) 
PARAMETRIC_REPRESENTATION_CONTEXT() REPRESENTATION_CONTEXT('2D SPACE',''
  ) );
#5449 = PCURVE('',#4773,#5450);
#5450 = DEFINITIONAL_REPRESENTATION('',(#5451),#5538);
#5451 = B_SPLINE_CURVE_WITH_KNOTS('',7,(#5452,#5453,#5454,#5455,#5456,
    #5457,#5458,#5459,#5460,#5461,#5462,#5463,#5464,#5465,#5466,#5467,
    #5468,#5469,#5470,#5471,#5472,#5473,#5474,#5475,#5476,#5477,#5478,
    #5479,#5480,#5481,#5482,#5483,#5484,#5485,#5486,#5487,#5488,#5489,
    #5490,#5491,#5492,#5493,#5494,#5495,#5496,#5497,#5498,#5499,#5500,
    #5501,#5502,#5503,#5504,#5505,#5506,#5507,#5508,#5509,#5510,#5511,
    #5512,#5513,#5514,#5515,#5516,#5517,#5518,#5519,#5520,#5521,#5522,
    #5523,#5524,#5525,#5526,#5527,#5528,#5529,#5530,#5531,#5532,#5533,
    #5534,#5535,#5536,#5537),.UNSPECIFIED.,.F.,.F.,(8,6,6,6,6,6,6,6,6,6,
    6,6,6,6,8),(0.,6.717130465549E-02,0.108699807513,0.160264652149,
    0.199605316554,0.229420247842,0.310672173255,0.402519959446,
    0.499868644206,0.597252661421,0.689076187523,0.839558406542,
    0.891001752467,0.932595544902,1.),.UNSPECIFIED.);
#5452 = CARTESIAN_POINT('',(0.,9.307895450093));
#5453 = CARTESIAN_POINT('',(3.78957304812E-02,9.307895450093));
#5454 = CARTESIAN_POINT('',(7.573003965715E-02,9.279444605855));
#5455 = CARTESIAN_POINT('',(0.113402791013,9.222709312692));
#5456 = CARTESIAN_POINT('',(0.150813574693,9.138609656453));
#5457 = CARTESIAN_POINT('',(0.187857358363,9.028810432871));
#5458 = CARTESIAN_POINT('',(0.224419924253,8.895671289218));
#5459 = CARTESIAN_POINT('',(0.282601054913,8.647245510564));
#5460 = CARTESIAN_POINT('',(0.304615419454,8.544464094468));
#5461 = CARTESIAN_POINT('',(0.326414383331,8.434362809991));
#5462 = CARTESIAN_POINT('',(0.347995370408,8.31751065617));
#5463 = CARTESIAN_POINT('',(0.369354989294,8.194490842518));
#5464 = CARTESIAN_POINT('',(0.390488991575,8.065897070473));
#5465 = CARTESIAN_POINT('',(0.437347228882,7.766482882941));
#5466 = CARTESIAN_POINT('',(0.462951399103,7.592936438622));
#5467 = CARTESIAN_POINT('',(0.488218833903,7.412679759314));
#5468 = CARTESIAN_POINT('',(0.513162421752,7.226658529866));
#5469 = CARTESIAN_POINT('',(0.5377942559,7.035772456259));
#5470 = CARTESIAN_POINT('',(0.562126043892,6.840872879311));
#5471 = CARTESIAN_POINT('',(0.604513142783,6.491613282747));
#5472 = CARTESIAN_POINT('',(0.622691576354,6.338574365838));
#5473 = CARTESIAN_POINT('',(0.640712331486,6.183978410991));
#5474 = CARTESIAN_POINT('',(0.658582707888,6.028142786148));
#5475 = CARTESIAN_POINT('',(0.676309908349,5.871367950221));
#5476 = CARTESIAN_POINT('',(0.693901155798,5.713937949435));
#5477 = CARTESIAN_POINT('',(0.724598153368,5.436516831027));
#5478 = CARTESIAN_POINT('',(0.737758595039,5.316691052577));
#5479 = CARTESIAN_POINT('',(0.750848283213,5.196760279198));
#5480 = CARTESIAN_POINT('',(0.763870302596,5.076837620396));
#5481 = CARTESIAN_POINT('',(0.776827674775,4.95703259432));
#5482 = CARTESIAN_POINT('',(0.789723358218,4.837451127756));
#5483 = CARTESIAN_POINT('',(0.837543459305,4.393199173738));
#5484 = CARTESIAN_POINT('',(0.872097464132,4.070556130782));
#5485 = CARTESIAN_POINT('',(0.906273531322,3.752412852992));
#5486 = CARTESIAN_POINT('',(0.940121262032,3.440746642592));
#5487 = CARTESIAN_POINT('',(0.97368914174,3.137399633736));
#5488 = CARTESIAN_POINT('',(1.007025091995,2.844112747943));
#5489 = CARTESIAN_POINT('',(1.077652212788,2.244289914353));
#5490 = CARTESIAN_POINT('',(1.114899984679,1.940947797203));
#5491 = CARTESIAN_POINT('',(1.151957990259,1.655224417653));
#5492 = CARTESIAN_POINT('',(1.188864106357,1.389634047249));
#5493 = CARTESIAN_POINT('',(1.225657086554,1.14649467263));
#5494 = CARTESIAN_POINT('',(1.262377213531,0.927908558644));
#5495 = CARTESIAN_POINT('',(1.337954091494,0.532067975964));
#5496 = CARTESIAN_POINT('',(1.376808025286,0.358067978997));
#5497 = CARTESIAN_POINT('',(1.415629815502,0.216226336613));
#5498 = CARTESIAN_POINT('',(1.454427003261,0.108485473287));
#5499 = CARTESIAN_POINT('',(1.493211089849,3.617925343964E-02));
#5500 = CARTESIAN_POINT('',(1.531995828585,-1.416191542081E-14));
#5501 = CARTESIAN_POINT('',(1.609610907546,-1.425981177199E-14));
#5502 = CARTESIAN_POINT('',(1.648409710455,3.620552039749E-02));
#5503 = CARTESIAN_POINT('',(1.687207864128,0.108564194599));
#5504 = CARTESIAN_POINT('',(1.726019140115,0.216382715717));
#5505 = CARTESIAN_POINT('',(1.764855053911,0.358325323791));
#5506 = CARTESIAN_POINT('',(1.803723153876,0.532446853939));
#5507 = CARTESIAN_POINT('',(1.879304629991,0.928436371777));
#5508 = CARTESIAN_POINT('',(1.916015309392,1.147015725591));
#5509 = CARTESIAN_POINT('',(1.952798929362,1.390132484212));
#5510 = CARTESIAN_POINT('',(1.989695705261,1.655685629132));
#5511 = CARTESIAN_POINT('',(2.026744325348,1.941358513024));
#5512 = CARTESIAN_POINT('',(2.063982601382,2.24463832676));
#5513 = CARTESIAN_POINT('',(2.16284735426,3.084303525053));
#5514 = CARTESIAN_POINT('',(2.224804412626,3.64538928102));
#5515 = CARTESIAN_POINT('',(2.287680289537,4.235804151816));
#5516 = CARTESIAN_POINT('',(2.351822505928,4.844642590622));
#5517 = CARTESIAN_POINT('',(2.417580115375,5.459450198998));
#5518 = CARTESIAN_POINT('',(2.485308426182,6.065018246271));
#5519 = CARTESIAN_POINT('',(2.57936082242,6.840005874849));
#5520 = CARTESIAN_POINT('',(2.603608268922,7.034253868494));
#5521 = CARTESIAN_POINT('',(2.628153642578,7.224518839016));
#5522 = CARTESIAN_POINT('',(2.653008555951,7.409958557151));
#5523 = CARTESIAN_POINT('',(2.678185000607,7.589683036952));
#5524 = CARTESIAN_POINT('',(2.703695750172,7.762756868047));
#5525 = CARTESIAN_POINT('',(2.750462704131,8.061969512398));
#5526 = CARTESIAN_POINT('',(2.771601643175,8.190771351162));
#5527 = CARTESIAN_POINT('',(2.792966459552,8.314005992112));
#5528 = CARTESIAN_POINT('',(2.814552930282,8.431079004546));
#5529 = CARTESIAN_POINT('',(2.836357689302,8.541406320586));
#5530 = CARTESIAN_POINT('',(2.858378186399,8.644417956648));
#5531 = CARTESIAN_POINT('',(2.916644504624,8.893746149294));
#5532 = CARTESIAN_POINT('',(2.953289499853,9.027487639129));
#5533 = CARTESIAN_POINT('',(2.990418701986,9.137798084829));
#5534 = CARTESIAN_POINT('',(3.027917279089,9.222297595807));
#5535 = CARTESIAN_POINT('',(3.065679674496,9.279306414112));
#5536 = CARTESIAN_POINT('',(3.103605001245,9.307895450093));
#5537 = CARTESIAN_POINT('',(3.14159265359,9.307895450093));
#5538 = ( GEOMETRIC_REPRESENTATION_CONTEXT(2) 
PARAMETRIC_REPRESENTATION_CONTEXT() REPRESENTATION_CONTEXT('2D SPACE',''
  ) );
#5539 = ORIENTED_EDGE('',*,*,#5540,.F.);
#5540 = EDGE_CURVE('',#4342,#5269,#5541,.T.);
#5541 = SURFACE_CURVE('',#5542,(#5629,#5719),.PCURVE_S1.);
#5542 = B_SPLINE_CURVE_WITH_KNOTS('',7,(#5543,#5544,#5545,#5546,#5547,
    #5548,#5549,#5550,#5551,#5552,#5553,#5554,#5555,#5556,#5557,#5558,
    #5559,#5560,#5561,#5562,#5563,#5564,#5565,#5566,#5567,#5568,#5569,
    #5570,#5571,#5572,#5573,#5574,#5575,#5576,#5577,#5578,#5579,#5580,
    #5581,#5582,#5583,#5584,#5585,#5586,#5587,#5588,#5589,#5590,#5591,
    #5592,#5593,#5594,#5595,#5596,#5597,#5598,#5599,#5600,#5601,#5602,
    #5603,#5604,#5605,#5606,#5607,#5608,#5609,#5610,#5611,#5612,#5613,
    #5614,#5615,#5616,#5617,#5618,#5619,#5620,#5621,#5622,#5623,#5624,
    #5625,#5626,#5627,#5628),.UNSPECIFIED.,.F.,.F.,(8,6,6,6,6,6,6,6,6,6,
    6,6,6,6,8),(0.,6.717130465549E-02,0.108699807513,0.160264652149,
    0.199605316554,0.229420247842,0.310672173255,0.402519959446,
    0.499868644206,0.597252661421,0.689076187523,0.839558406542,
    0.891001752467,0.932595544902,1.),.UNSPECIFIED.);
#5543 = CARTESIAN_POINT('',(53.,-3.552713678801E-15,1.04278E+03));
#5544 = CARTESIAN_POINT('',(53.,-1.136871914436,1.04278E+03));
#5545 = CARTESIAN_POINT('',(52.971549155762,-2.271901239904,
    1.042729736841E+03));
#5546 = CARTESIAN_POINT('',(52.914813862599,-3.399416926593,
    1.04262950449E+03));
#5547 = CARTESIAN_POINT('',(52.83071420636,-4.513779743115,
    1.042480567876E+03));
#5548 = CARTESIAN_POINT('',(52.720914982778,-5.609439877212,
    1.042285158772E+03));
#5549 = CARTESIAN_POINT('',(52.587775839125,-6.680992686789,
    1.042046494563E+03));
#5550 = CARTESIAN_POINT('',(52.339350060471,-8.367595004086,
    1.041597148158E+03));
#5551 = CARTESIAN_POINT('',(52.236568644375,-9.001313499918,
    1.041410416099E+03));
#5552 = CARTESIAN_POINT('',(52.126467359898,-9.623970052409,
    1.04120935421E+03));
#5553 = CARTESIAN_POINT('',(52.009615206077,-10.23517402627,
    1.040994707054E+03));
#5554 = CARTESIAN_POINT('',(51.886595392425,-10.83456211079,
    1.040767235102E+03));
#5555 = CARTESIAN_POINT('',(51.75800162038,-11.42179824325,
    1.040527716586E+03));
#5556 = CARTESIAN_POINT('',(51.458587432848,-12.71025682105,
    1.039965578296E+03));
#5557 = CARTESIAN_POINT('',(51.285040988529,-13.40486478623,
    1.039636805467E+03));
#5558 = CARTESIAN_POINT('',(51.104784309221,-14.08045862224,
    1.039291854425E+03));
#5559 = CARTESIAN_POINT('',(50.918763079773,-14.73713701603,
    1.038931868989E+03));
#5560 = CARTESIAN_POINT('',(50.727877006166,-15.37503579227,
    1.038557914324E+03));
#5561 = CARTESIAN_POINT('',(50.532977429218,-15.9943275584,
    1.038170978037E+03));
#5562 = CARTESIAN_POINT('',(50.183717832653,-17.05366471643,
    1.037467554749E+03));
#5563 = CARTESIAN_POINT('',(50.030678915745,-17.50146484065,
    1.037156068598E+03));
#5564 = CARTESIAN_POINT('',(49.876082960898,-17.93876867322,
    1.036837873212E+03));
#5565 = CARTESIAN_POINT('',(49.720247336055,-18.36572490332,
    1.036513299326E+03));
#5566 = CARTESIAN_POINT('',(49.563472500128,-18.78248404616,
    1.036182647859E+03));
#5567 = CARTESIAN_POINT('',(49.406042499342,-19.18919853098,
    1.035846189751E+03));
#5568 = CARTESIAN_POINT('',(49.128621380934,-19.88676219335,
    1.035244957657E+03));
#5569 = CARTESIAN_POINT('',(49.008795602484,-20.18181989119,
    1.034982553834E+03));
#5570 = CARTESIAN_POINT('',(48.888864829104,-20.47126224972,
    1.034717059393E+03));
#5571 = CARTESIAN_POINT('',(48.768942170303,-20.75515331518,
    1.034448572479E+03));
#5572 = CARTESIAN_POINT('',(48.649137144227,-21.03355481281,
    1.034177184317E+03));
#5573 = CARTESIAN_POINT('',(48.529555677663,-21.30652614682,
    1.03390297921E+03));
#5574 = CARTESIAN_POINT('',(48.085303723645,-22.30338562615,
    1.032871302401E+03));
#5575 = CARTESIAN_POINT('',(47.762660680689,-22.99289563031,
    1.032096066862E+03));
#5576 = CARTESIAN_POINT('',(47.444517402899,-23.64362809065,
    1.031302042184E+03));
#5577 = CARTESIAN_POINT('',(47.132851192499,-24.25647418396,
    1.03049062209E+03));
#5578 = CARTESIAN_POINT('',(46.829504183643,-24.83221621765,
    1.029662923055E+03));
#5579 = CARTESIAN_POINT('',(46.53621729785,-25.37150126127,
    1.028819827592E+03));
#5580 = CARTESIAN_POINT('',(45.93639446426,-26.44376415416,
    1.026992363923E+03));
#5581 = CARTESIAN_POINT('',(45.63305234711,-26.96686643423,
    1.026003709519E+03));
#5582 = CARTESIAN_POINT('',(45.34732896756,-27.44431325902,
    1.024997858215E+03));
#5583 = CARTESIAN_POINT('',(45.081738597156,-27.87625510223,
    1.023976406612E+03));
#5584 = CARTESIAN_POINT('',(44.838599222537,-28.26276828596,
    1.022940776694E+03));
#5585 = CARTESIAN_POINT('',(44.620013108551,-28.60382199627,
    1.021892238495E+03));
#5586 = CARTESIAN_POINT('',(44.224172525871,-29.21236193581,
    1.01970812376E+03));
#5587 = CARTESIAN_POINT('',(44.050172528904,-29.47422573655,
    1.018571068599E+03));
#5588 = CARTESIAN_POINT('',(43.90833088652,-29.68422928752,
    1.017423557203E+03));
#5589 = CARTESIAN_POINT('',(43.800590023194,-29.84200140491,
    1.01626821697E+03));
#5590 = CARTESIAN_POINT('',(43.728283803347,-29.94730839639,
    1.015107557308E+03));
#5591 = CARTESIAN_POINT('',(43.692104549907,-30.,1.013944014946E+03));
#5592 = CARTESIAN_POINT('',(43.692104549907,-30.,1.011615562577E+03));
#5593 = CARTESIAN_POINT('',(43.728310070304,-29.94727014109,
    1.01045159829E+03));
#5594 = CARTESIAN_POINT('',(43.800668744506,-29.84188675492,
    1.009290519735E+03));
#5595 = CARTESIAN_POINT('',(43.908487265624,-29.68400029031,
    1.008134766186E+03));
#5596 = CARTESIAN_POINT('',(44.050429873698,-29.47384472294,
    1.006986849738E+03));
#5597 = CARTESIAN_POINT('',(44.224551403846,-29.21179173422,
    1.00584940069E+03));
#5598 = CARTESIAN_POINT('',(44.620540921684,-28.60299897888,
    1.003665213207E+03));
#5599 = CARTESIAN_POINT('',(44.839120275497,-28.2619415344,
    1.002616975103E+03));
#5600 = CARTESIAN_POINT('',(45.082237034119,-27.87544777853,
    1.001581638983E+03));
#5601 = CARTESIAN_POINT('',(45.347790179039,-27.44354847804,
    1.000560475132E+03));
#5602 = CARTESIAN_POINT('',(45.633463062931,-26.96616765893,
    999.55490557995));
#5603 = CARTESIAN_POINT('',(45.936742876667,-26.44315555121,
    998.56652670813));
#5604 = CARTESIAN_POINT('',(46.77640807496,-24.94210504389,
    996.00846830381));
#5605 = CARTESIAN_POINT('',(47.337493830927,-23.88761950664,
    994.47214782332));
#5606 = CARTESIAN_POINT('',(47.927908701723,-22.70740076666,
    992.99080014999));
#5607 = CARTESIAN_POINT('',(48.536747140529,-21.39565114885,
    991.56995411011));
#5608 = CARTESIAN_POINT('',(49.151554748905,-19.94501627084,
    990.21888559953));
#5609 = CARTESIAN_POINT('',(49.757122796178,-18.34749887146,
    988.95163897939));
#5610 = CARTESIAN_POINT('',(50.532110424756,-15.99698071925,
    987.39076347813));
#5611 = CARTESIAN_POINT('',(50.726358418401,-15.37988237229,
    987.00509716332));
#5612 = CARTESIAN_POINT('',(50.916623388923,-14.74430540551,
    986.63232052316));
#5613 = CARTESIAN_POINT('',(51.102063107058,-14.09007822377,
    986.2734103472));
#5614 = CARTESIAN_POINT('',(51.281787586859,-13.41706544512,
    985.9294200365));
#5615 = CARTESIAN_POINT('',(51.454861417954,-12.72516824754,
    985.60148067352));
#5616 = CARTESIAN_POINT('',(51.754074062305,-11.4395821946,
    985.0396073027));
#5617 = CARTESIAN_POINT('',(51.882875901069,-10.85236236753,
    984.79965667472));
#5618 = CARTESIAN_POINT('',(52.006110542019,-10.252972866,984.5717487486
    ));
#5619 = CARTESIAN_POINT('',(52.123183554453,-9.641748538621,
    984.35666260984));
#5620 = CARTESIAN_POINT('',(52.233510870493,-9.019051526579,
    984.15515973916));
#5621 = CARTESIAN_POINT('',(52.336522506554,-8.385271339305,
    983.96798586273));
#5622 = CARTESIAN_POINT('',(52.585850699201,-6.696472960545,
    983.51695649403));
#5623 = CARTESIAN_POINT('',(52.719592189036,-5.622624898461,
    983.27719545862));
#5624 = CARTESIAN_POINT('',(52.829902634736,-4.524514009796,
    983.0808694116));
#5625 = CARTESIAN_POINT('',(52.914402145714,-3.4075749764,
    982.93122287672));
#5626 = CARTESIAN_POINT('',(52.971410964019,-2.277389423694,
    982.83050729784));
#5627 = CARTESIAN_POINT('',(53.,-1.139629570347,982.78));
#5628 = CARTESIAN_POINT('',(53.,-7.105427357601E-15,982.78));
#5629 = PCURVE('',#4249,#5630);
#5630 = DEFINITIONAL_REPRESENTATION('',(#5631),#5718);
#5631 = B_SPLINE_CURVE_WITH_KNOTS('',7,(#5632,#5633,#5634,#5635,#5636,
    #5637,#5638,#5639,#5640,#5641,#5642,#5643,#5644,#5645,#5646,#5647,
    #5648,#5649,#5650,#5651,#5652,#5653,#5654,#5655,#5656,#5657,#5658,
    #5659,#5660,#5661,#5662,#5663,#5664,#5665,#5666,#5667,#5668,#5669,
    #5670,#5671,#5672,#5673,#5674,#5675,#5676,#5677,#5678,#5679,#5680,
    #5681,#5682,#5683,#5684,#5685,#5686,#5687,#5688,#5689,#5690,#5691,
    #5692,#5693,#5694,#5695,#5696,#5697,#5698,#5699,#5700,#5701,#5702,
    #5703,#5704,#5705,#5706,#5707,#5708,#5709,#5710,#5711,#5712,#5713,
    #5714,#5715,#5716,#5717),.UNSPECIFIED.,.F.,.F.,(8,6,6,6,6,6,6,6,6,6,
    6,6,6,6,8),(0.,6.717130465549E-02,0.108699807513,0.160264652149,
    0.199605316554,0.229420247842,0.310672173255,0.402519959446,
    0.499868644206,0.597252661421,0.689076187523,0.839558406542,
    0.891001752467,0.932595544902,1.),.UNSPECIFIED.);
#5632 = CARTESIAN_POINT('',(6.28318530718,69.));
#5633 = CARTESIAN_POINT('',(6.2617348937,69.));
#5634 = CARTESIAN_POINT('',(6.240319242529,68.949736840822));
#5635 = CARTESIAN_POINT('',(6.2190292528,68.849504490026));
#5636 = CARTESIAN_POINT('',(6.197955396879,68.70056787591));
#5637 = CARTESIAN_POINT('',(6.177188526719,68.505158772344));
#5638 = CARTESIAN_POINT('',(6.156820299238,68.266494562663));
#5639 = CARTESIAN_POINT('',(6.124654263139,67.817148157563));
#5640 = CARTESIAN_POINT('',(6.112542350292,67.630416099159));
#5641 = CARTESIAN_POINT('',(6.100613766174,67.429354210369));
#5642 = CARTESIAN_POINT('',(6.088874732755,67.214707053758));
#5643 = CARTESIAN_POINT('',(6.077331402374,66.987235101581));
#5644 = CARTESIAN_POINT('',(6.065989850148,66.747716585888));
#5645 = CARTESIAN_POINT('',(6.041031541285,66.185578296431));
#5646 = CARTESIAN_POINT('',(6.027524703583,65.856805466949));
#5647 = CARTESIAN_POINT('',(6.014334339715,65.511854425344));
#5648 = CARTESIAN_POINT('',(6.001459249836,65.151868989127));
#5649 = CARTESIAN_POINT('',(5.988898141538,64.777914323617));
#5650 = CARTESIAN_POINT('',(5.976649523578,64.390978037423));
#5651 = CARTESIAN_POINT('',(5.955603730382,63.687554748961));
#5652 = CARTESIAN_POINT('',(5.94667540209,63.376068598107));
#5653 = CARTESIAN_POINT('',(5.937924726224,63.05787321215));
#5654 = CARTESIAN_POINT('',(5.929349897055,62.733299325866));
#5655 = CARTESIAN_POINT('',(5.920949168964,62.402647858564));
#5656 = CARTESIAN_POINT('',(5.91272083378,62.066189750645));
#5657 = CARTESIAN_POINT('',(5.89855659424,61.464957656675));
#5658 = CARTESIAN_POINT('',(5.892548055571,61.202553833551));
#5659 = CARTESIAN_POINT('',(5.886636866074,60.937059393303));
#5660 = CARTESIAN_POINT('',(5.880822371714,60.668572479483));
#5661 = CARTESIAN_POINT('',(5.875103980455,60.397184316674));
#5662 = CARTESIAN_POINT('',(5.869481162259,60.122979210481));
#5663 = CARTESIAN_POINT('',(5.848889274228,59.091302400789));
#5664 = CARTESIAN_POINT('',(5.834528236375,58.316066861594));
#5665 = CARTESIAN_POINT('',(5.820864496063,57.522042184271));
#5666 = CARTESIAN_POINT('',(5.807894592268,56.71062209049));
#5667 = CARTESIAN_POINT('',(5.795617710335,55.882923055082));
#5668 = CARTESIAN_POINT('',(5.784035949907,55.03982759183));
#5669 = CARTESIAN_POINT('',(5.760854225179,53.212363923023));
#5670 = CARTESIAN_POINT('',(5.749446303728,52.223709519251));
#5671 = CARTESIAN_POINT('',(5.738949435207,51.217858214684));
#5672 = CARTESIAN_POINT('',(5.72938323306,50.196406611635));
#5673 = CARTESIAN_POINT('',(5.720768113974,49.160776694243));
#5674 = CARTESIAN_POINT('',(5.713125094369,48.112238494726));
#5675 = CARTESIAN_POINT('',(5.699427830701,45.928123759576));
#5676 = CARTESIAN_POINT('',(5.693496001426,44.791068598911));
#5677 = CARTESIAN_POINT('',(5.688714674589,43.643557203355));
#5678 = CARTESIAN_POINT('',(5.685109973724,42.488216969908));
#5679 = CARTESIAN_POINT('',(5.682699761928,41.327557308242));
#5680 = CARTESIAN_POINT('',(5.681493788139,40.164014946286));
#5681 = CARTESIAN_POINT('',(5.681493788139,37.835562577468));
#5682 = CARTESIAN_POINT('',(5.68270063749,36.671598289959));
#5683 = CARTESIAN_POINT('',(5.685112597776,35.510519734842));
#5684 = CARTESIAN_POINT('',(5.688719906601,34.354766185642));
#5685 = CARTESIAN_POINT('',(5.693504676263,33.206849738122));
#5686 = CARTESIAN_POINT('',(5.699440747081,32.069400689689));
#5687 = CARTESIAN_POINT('',(5.713143541609,29.885213206977));
#5688 = CARTESIAN_POINT('',(5.720786551711,28.836975102629));
#5689 = CARTESIAN_POINT('',(5.729401133266,27.801638982769));
#5690 = CARTESIAN_POINT('',(5.738966283976,26.780475131819));
#5691 = CARTESIAN_POINT('',(5.749461595312,25.774905579954));
#5692 = CARTESIAN_POINT('',(5.760867456161,24.786526708133));
#5693 = CARTESIAN_POINT('',(5.793319135993,22.228468303813));
#5694 = CARTESIAN_POINT('',(5.815851312195,20.692147823324));
#5695 = CARTESIAN_POINT('',(5.84073741626,19.210800149991));
#5696 = CARTESIAN_POINT('',(5.868000075035,17.78995411012));
#5697 = CARTESIAN_POINT('',(5.897695291177,16.438885599537));
#5698 = CARTESIAN_POINT('',(5.929899064484,15.171638979392));
#5699 = CARTESIAN_POINT('',(5.976596859064,13.610763478132));
#5700 = CARTESIAN_POINT('',(5.988802321446,13.225097163322));
#5701 = CARTESIAN_POINT('',(6.001318122939,12.852320523168));
#5702 = CARTESIAN_POINT('',(6.014145752841,12.493410347203));
#5703 = CARTESIAN_POINT('',(6.027286504932,12.149420036502));
#5704 = CARTESIAN_POINT('',(6.040741581984,11.821480673521));
#5705 = CARTESIAN_POINT('',(6.065646239668,11.259607302701));
#5706 = CARTESIAN_POINT('',(6.076988331788,11.019656674726));
#5707 = CARTESIAN_POINT('',(6.088532503711,10.791748748601));
#5708 = CARTESIAN_POINT('',(6.100272696951,10.576662609842));
#5709 = CARTESIAN_POINT('',(6.11220277527,10.37515973916));
#5710 = CARTESIAN_POINT('',(6.124316532494,10.187985862733));
#5711 = CARTESIAN_POINT('',(6.156526044387,9.736956494032));
#5712 = CARTESIAN_POINT('',(6.176938618258,9.497195458628));
#5713 = CARTESIAN_POINT('',(6.197752397689,9.3008694116));
#5714 = CARTESIAN_POINT('',(6.218875209857,9.151222876721));
#5715 = CARTESIAN_POINT('',(6.240215691852,9.050507297843));
#5716 = CARTESIAN_POINT('',(6.261682862456,9.));
#5717 = CARTESIAN_POINT('',(6.28318530718,9.));
#5718 = ( GEOMETRIC_REPRESENTATION_CONTEXT(2) 
PARAMETRIC_REPRESENTATION_CONTEXT() REPRESENTATION_CONTEXT('2D SPACE',''
  ) );
#5719 = PCURVE('',#4546,#5720);
#5720 = DEFINITIONAL_REPRESENTATION('',(#5721),#5772);
#5721 = B_SPLINE_CURVE_WITH_KNOTS('',7,(#5722,#5723,#5724,#5725,#5726,
    #5727,#5728,#5729,#5730,#5731,#5732,#5733,#5734,#5735,#5736,#5737,
    #5738,#5739,#5740,#5741,#5742,#5743,#5744,#5745,#5746,#5747,#5748,
    #5749,#5750,#5751,#5752,#5753,#5754,#5755,#5756,#5757,#5758,#5759,
    #5760,#5761,#5762,#5763,#5764,#5765,#5766,#5767,#5768,#5769,#5770,
    #5771),.UNSPECIFIED.,.F.,.F.,(8,6,6,6,6,6,6,6,8),(0.,
    6.717130465549E-02,0.108699807513,0.160264652149,0.199605316554,
    0.229420247842,0.310672173255,0.402519959446,0.499868644206),
  .UNSPECIFIED.);
#5722 = CARTESIAN_POINT('',(6.28318530718,9.307895450093));
#5723 = CARTESIAN_POINT('',(6.321081037661,9.307895450093));
#5724 = CARTESIAN_POINT('',(6.358915346837,9.279444605855));
#5725 = CARTESIAN_POINT('',(6.396588098193,9.222709312692));
#5726 = CARTESIAN_POINT('',(6.433998881873,9.138609656453));
#5727 = CARTESIAN_POINT('',(6.471042665543,9.028810432871));
#5728 = CARTESIAN_POINT('',(6.507605231433,8.895671289218));
#5729 = CARTESIAN_POINT('',(6.565786362093,8.647245510564));
#5730 = CARTESIAN_POINT('',(6.587800726634,8.544464094468));
#5731 = CARTESIAN_POINT('',(6.609599690511,8.434362809991));
#5732 = CARTESIAN_POINT('',(6.631180677588,8.31751065617));
#5733 = CARTESIAN_POINT('',(6.652540296474,8.194490842518));
#5734 = CARTESIAN_POINT('',(6.673674298755,8.065897070473));
#5735 = CARTESIAN_POINT('',(6.720532536062,7.766482882941));
#5736 = CARTESIAN_POINT('',(6.746136706283,7.592936438622));
#5737 = CARTESIAN_POINT('',(6.771404141083,7.412679759314));
#5738 = CARTESIAN_POINT('',(6.796347728932,7.226658529866));
#5739 = CARTESIAN_POINT('',(6.82097956308,7.035772456259));
#5740 = CARTESIAN_POINT('',(6.845311351072,6.840872879311));
#5741 = CARTESIAN_POINT('',(6.887698449963,6.491613282747));
#5742 = CARTESIAN_POINT('',(6.905876883534,6.338574365838));
#5743 = CARTESIAN_POINT('',(6.923897638666,6.183978410991));
#5744 = CARTESIAN_POINT('',(6.941768015068,6.028142786148));
#5745 = CARTESIAN_POINT('',(6.959495215529,5.871367950221));
#5746 = CARTESIAN_POINT('',(6.977086462978,5.713937949435));
#5747 = CARTESIAN_POINT('',(7.007783460548,5.436516831027));
#5748 = CARTESIAN_POINT('',(7.020943902219,5.316691052577));
#5749 = CARTESIAN_POINT('',(7.034033590393,5.196760279198));
#5750 = CARTESIAN_POINT('',(7.047055609776,5.076837620396));
#5751 = CARTESIAN_POINT('',(7.060012981955,4.95703259432));
#5752 = CARTESIAN_POINT('',(7.072908665398,4.837451127756));
#5753 = CARTESIAN_POINT('',(7.120728766485,4.393199173738));
#5754 = CARTESIAN_POINT('',(7.155282771312,4.070556130782));
#5755 = CARTESIAN_POINT('',(7.189458838502,3.752412852992));
#5756 = CARTESIAN_POINT('',(7.223306569212,3.440746642592));
#5757 = CARTESIAN_POINT('',(7.25687444892,3.137399633736));
#5758 = CARTESIAN_POINT('',(7.290210399175,2.844112747943));
#5759 = CARTESIAN_POINT('',(7.360837519968,2.244289914353));
#5760 = CARTESIAN_POINT('',(7.398085291859,1.940947797203));
#5761 = CARTESIAN_POINT('',(7.435143297439,1.655224417653));
#5762 = CARTESIAN_POINT('',(7.472049413537,1.389634047249));
#5763 = CARTESIAN_POINT('',(7.508842393734,1.14649467263));
#5764 = CARTESIAN_POINT('',(7.545562520711,0.927908558644));
#5765 = CARTESIAN_POINT('',(7.621139398674,0.532067975964));
#5766 = CARTESIAN_POINT('',(7.659993332466,0.358067978997));
#5767 = CARTESIAN_POINT('',(7.698815122682,0.216226336613));
#5768 = CARTESIAN_POINT('',(7.737612310441,0.108485473287));
#5769 = CARTESIAN_POINT('',(7.776396397029,3.617925343964E-02));
#5770 = CARTESIAN_POINT('',(7.815181135765,-1.416191542081E-14));
#5771 = CARTESIAN_POINT('',(7.853981633975,-1.42108547152E-14));
#5772 = ( GEOMETRIC_REPRESENTATION_CONTEXT(2) 
PARAMETRIC_REPRESENTATION_CONTEXT() REPRESENTATION_CONTEXT('2D SPACE',''
  ) );
#5773 = ORIENTED_EDGE('',*,*,#4341,.T.);
#5774 = ORIENTED_EDGE('',*,*,#5775,.F.);
#5775 = EDGE_CURVE('',#5175,#4313,#5776,.T.);
#5776 = SURFACE_CURVE('',#5777,(#5782,#5789),.PCURVE_S1.);
#5777 = CIRCLE('',#5778,53.);
#5778 = AXIS2_PLACEMENT_3D('',#5779,#5780,#5781);
#5779 = CARTESIAN_POINT('',(0.,0.,1.05178E+03));
#5780 = DIRECTION('',(0.,0.,1.));
#5781 = DIRECTION('',(1.,0.,0.));
#5782 = PCURVE('',#4249,#5783);
#5783 = DEFINITIONAL_REPRESENTATION('',(#5784),#5788);
#5784 = LINE('',#5785,#5786);
#5785 = CARTESIAN_POINT('',(0.,78.));
#5786 = VECTOR('',#5787,1.);
#5787 = DIRECTION('',(1.,0.));
#5788 = ( GEOMETRIC_REPRESENTATION_CONTEXT(2) 
PARAMETRIC_REPRESENTATION_CONTEXT() REPRESENTATION_CONTEXT('2D SPACE',''
  ) );
#5789 = PCURVE('',#4329,#5790);
#5790 = DEFINITIONAL_REPRESENTATION('',(#5791),#5795);
#5791 = CIRCLE('',#5792,53.);
#5792 = AXIS2_PLACEMENT_2D('',#5793,#5794);
#5793 = CARTESIAN_POINT('',(0.,0.));
#5794 = DIRECTION('',(1.,0.));
#5795 = ( GEOMETRIC_REPRESENTATION_CONTEXT(2) 
PARAMETRIC_REPRESENTATION_CONTEXT() REPRESENTATION_CONTEXT('2D SPACE',''
  ) );
#5796 = ORIENTED_EDGE('',*,*,#5174,.F.);
#5797 = FACE_BOUND('',#5798,.T.);
#5798 = EDGE_LOOP('',(#5799,#6176));
#5799 = ORIENTED_EDGE('',*,*,#5800,.T.);
#5800 = EDGE_CURVE('',#5801,#5803,#5805,.T.);
#5801 = VERTEX_POINT('',#5802);
#5802 = CARTESIAN_POINT('',(-43.6921045499,30.,1.01278E+03));
#5803 = VERTEX_POINT('',#5804);
#5804 = CARTESIAN_POINT('',(-43.6921045499,-30.,1.01278E+03));
#5805 = SURFACE_CURVE('',#5806,(#5893,#6032),.PCURVE_S1.);
#5806 = B_SPLINE_CURVE_WITH_KNOTS('',7,(#5807,#5808,#5809,#5810,#5811,
    #5812,#5813,#5814,#5815,#5816,#5817,#5818,#5819,#5820,#5821,#5822,
    #5823,#5824,#5825,#5826,#5827,#5828,#5829,#5830,#5831,#5832,#5833,
    #5834,#5835,#5836,#5837,#5838,#5839,#5840,#5841,#5842,#5843,#5844,
    #5845,#5846,#5847,#5848,#5849,#5850,#5851,#5852,#5853,#5854,#5855,
    #5856,#5857,#5858,#5859,#5860,#5861,#5862,#5863,#5864,#5865,#5866,
    #5867,#5868,#5869,#5870,#5871,#5872,#5873,#5874,#5875,#5876,#5877,
    #5878,#5879,#5880,#5881,#5882,#5883,#5884,#5885,#5886,#5887,#5888,
    #5889,#5890,#5891,#5892),.UNSPECIFIED.,.F.,.F.,(8,6,6,6,6,6,6,6,6,6,
    6,6,6,6,8),(0.74981378035,0.798529260472,0.844463154846,
    0.919740533608,0.945474605456,0.966281526617,1.,1.033636882016,
    1.05443280608,1.080254555464,1.099954891842,1.114885096726,
    1.155573027497,1.201566971044,1.250315559286),.UNSPECIFIED.);
#5807 = CARTESIAN_POINT('',(-43.6921045499,30.,1.01278E+03));
#5808 = CARTESIAN_POINT('',(-43.6921045499,30.,1.013944437423E+03));
#5809 = CARTESIAN_POINT('',(-43.7283100703,29.9472701411,
    1.01510840171E+03));
#5810 = CARTESIAN_POINT('',(-43.8006687445,29.841886754922,
    1.016269480265E+03));
#5811 = CARTESIAN_POINT('',(-43.90848726562,29.684000290315,
    1.017425233814E+03));
#5812 = CARTESIAN_POINT('',(-44.05042987369,29.473844722946,
    1.018573150262E+03));
#5813 = CARTESIAN_POINT('',(-44.22455140384,29.211791734225,
    1.01971059931E+03));
#5814 = CARTESIAN_POINT('',(-44.62054092168,28.602998978886,
    1.021894786793E+03));
#5815 = CARTESIAN_POINT('',(-44.83912027549,28.261941534407,
    1.022943024897E+03));
#5816 = CARTESIAN_POINT('',(-45.08223703411,27.875447778534,
    1.023978361017E+03));
#5817 = CARTESIAN_POINT('',(-45.34779017903,27.443548478047,
    1.024999524868E+03));
#5818 = CARTESIAN_POINT('',(-45.63346306293,26.966167658931,
    1.02600509442E+03));
#5819 = CARTESIAN_POINT('',(-45.93674287666,26.443155551214,
    1.026993473292E+03));
#5820 = CARTESIAN_POINT('',(-46.77640807496,24.942105043894,
    1.029551531696E+03));
#5821 = CARTESIAN_POINT('',(-47.33749383092,23.887619506657,
    1.031087852177E+03));
#5822 = CARTESIAN_POINT('',(-47.92790870173,22.707400766626,
    1.03256919985E+03));
#5823 = CARTESIAN_POINT('',(-48.53674714051,21.395651148896,
    1.03399004589E+03));
#5824 = CARTESIAN_POINT('',(-49.15155474891,19.945016270828,
    1.0353411144E+03));
#5825 = CARTESIAN_POINT('',(-49.75712279617,18.347498871469,
    1.036608361021E+03));
#5826 = CARTESIAN_POINT('',(-50.53211042475,15.996980719255,
    1.038169236522E+03));
#5827 = CARTESIAN_POINT('',(-50.7263584184,15.379882372293,
    1.038554902837E+03));
#5828 = CARTESIAN_POINT('',(-50.91662338892,14.744305405514,
    1.038927679477E+03));
#5829 = CARTESIAN_POINT('',(-51.10206310705,14.090078223768,
    1.039286589653E+03));
#5830 = CARTESIAN_POINT('',(-51.28178758686,13.417065445123,
    1.039630579963E+03));
#5831 = CARTESIAN_POINT('',(-51.45486141795,12.725168247539,
    1.039958519326E+03));
#5832 = CARTESIAN_POINT('',(-51.7540740623,11.439582194604,
    1.040520392697E+03));
#5833 = CARTESIAN_POINT('',(-51.88287590107,10.852362367531,
    1.040760343325E+03));
#5834 = CARTESIAN_POINT('',(-52.00611054201,10.252972866001,
    1.040988251251E+03));
#5835 = CARTESIAN_POINT('',(-52.12318355445,9.641748538618,
    1.04120333739E+03));
#5836 = CARTESIAN_POINT('',(-52.23351087049,9.019051526574,
    1.041404840261E+03));
#5837 = CARTESIAN_POINT('',(-52.33652250655,8.385271339299,
    1.041592014137E+03));
#5838 = CARTESIAN_POINT('',(-52.5858506992,6.696472960541,
    1.042043043506E+03));
#5839 = CARTESIAN_POINT('',(-52.71959218903,5.622624898456,
    1.042282804541E+03));
#5840 = CARTESIAN_POINT('',(-52.82990263473,4.524514009792,
    1.042479130588E+03));
#5841 = CARTESIAN_POINT('',(-52.91440214571,3.407574976398,
    1.042628777123E+03));
#5842 = CARTESIAN_POINT('',(-52.97141096401,2.277389423692,
    1.042729492702E+03));
#5843 = CARTESIAN_POINT('',(-53.,1.139629570348,1.04278E+03));
#5844 = CARTESIAN_POINT('',(-53.,-1.136871914826,1.04278E+03));
#5845 = CARTESIAN_POINT('',(-52.97154915574,-2.271901239992,
    1.042729736841E+03));
#5846 = CARTESIAN_POINT('',(-52.9148138626,-3.399416926339,
    1.04262950449E+03));
#5847 = CARTESIAN_POINT('',(-52.83071420639,-4.513779742819,
    1.042480567876E+03));
#5848 = CARTESIAN_POINT('',(-52.72091498279,-5.609439877196,
    1.042285158772E+03));
#5849 = CARTESIAN_POINT('',(-52.58777583908,-6.680992687077,
    1.042046494563E+03));
#5850 = CARTESIAN_POINT('',(-52.3393500605,-8.367595003884,
    1.041597148158E+03));
#5851 = CARTESIAN_POINT('',(-52.23656864438,-9.001313499908,
    1.041410416099E+03));
#5852 = CARTESIAN_POINT('',(-52.12646735987,-9.623970052571,
    1.04120935421E+03));
#5853 = CARTESIAN_POINT('',(-52.00961520604,-10.23517402641,
    1.040994707054E+03));
#5854 = CARTESIAN_POINT('',(-51.88659539242,-10.83456211074,
    1.040767235102E+03));
#5855 = CARTESIAN_POINT('',(-51.75800162042,-11.42179824305,
    1.040527716586E+03));
#5856 = CARTESIAN_POINT('',(-51.45858743284,-12.71025682108,
    1.039965578296E+03));
#5857 = CARTESIAN_POINT('',(-51.28504098852,-13.40486478624,
    1.039636805467E+03));
#5858 = CARTESIAN_POINT('',(-51.10478430922,-14.08045862222,
    1.039291854425E+03));
#5859 = CARTESIAN_POINT('',(-50.91876307978,-14.737137016,
    1.038931868989E+03));
#5860 = CARTESIAN_POINT('',(-50.72787700616,-15.37503579227,
    1.038557914324E+03));
#5861 = CARTESIAN_POINT('',(-50.5329774292,-15.99432755843,
    1.038170978037E+03));
#5862 = CARTESIAN_POINT('',(-50.1837178315,-17.05366471991,
    1.037467554747E+03));
#5863 = CARTESIAN_POINT('',(-50.0306789156,-17.50146484088,
    1.037156068598E+03));
#5864 = CARTESIAN_POINT('',(-49.87608296181,-17.93876867053,
    1.036837873214E+03));
#5865 = CARTESIAN_POINT('',(-49.72024733699,-18.36572490087,
    1.036513299328E+03));
#5866 = CARTESIAN_POINT('',(-49.56347250001,-18.78248404664,
    1.036182647858E+03));
#5867 = CARTESIAN_POINT('',(-49.40604249816,-19.18919853395,
    1.035846189748E+03));
#5868 = CARTESIAN_POINT('',(-49.12862138093,-19.88676219334,
    1.035244957657E+03));
#5869 = CARTESIAN_POINT('',(-49.00879560248,-20.18181989119,
    1.034982553834E+03));
#5870 = CARTESIAN_POINT('',(-48.8888648291,-20.47126224972,
    1.034717059393E+03));
#5871 = CARTESIAN_POINT('',(-48.7689421703,-20.75515331518,
    1.034448572479E+03));
#5872 = CARTESIAN_POINT('',(-48.64913714422,-21.03355481281,
    1.034177184317E+03));
#5873 = CARTESIAN_POINT('',(-48.52955567766,-21.30652614682,
    1.03390297921E+03));
#5874 = CARTESIAN_POINT('',(-48.0853037326,-22.30338560604,
    1.032871302422E+03));
#5875 = CARTESIAN_POINT('',(-47.76266067227,-22.99289564705,
    1.032096066839E+03));
#5876 = CARTESIAN_POINT('',(-47.44451739574,-23.64362810653,
    1.031302042168E+03));
#5877 = CARTESIAN_POINT('',(-47.13285119892,-24.25647417235,
    1.03049062211E+03));
#5878 = CARTESIAN_POINT('',(-46.82950419222,-24.83221619999,
    1.029662923077E+03));
#5879 = CARTESIAN_POINT('',(-46.53621728991,-25.37150127544,
    1.028819827568E+03));
#5880 = CARTESIAN_POINT('',(-45.93639446434,-26.44376415401,
    1.026992363923E+03));
#5881 = CARTESIAN_POINT('',(-45.6330523471,-26.96686643424,
    1.026003709519E+03));
#5882 = CARTESIAN_POINT('',(-45.3473289675,-27.44431325913,
    1.024997858214E+03));
#5883 = CARTESIAN_POINT('',(-45.08173859711,-27.87625510229,
    1.023976406611E+03));
#5884 = CARTESIAN_POINT('',(-44.83859922255,-28.26276828592,
    1.022940776694E+03));
#5885 = CARTESIAN_POINT('',(-44.6200131086,-28.6038219962,
    1.021892238495E+03));
#5886 = CARTESIAN_POINT('',(-44.22417252587,-29.21236193581,
    1.01970812376E+03));
#5887 = CARTESIAN_POINT('',(-44.0501725289,-29.47422573655,
    1.018571068599E+03));
#5888 = CARTESIAN_POINT('',(-43.90833088652,-29.68422928752,
    1.017423557203E+03));
#5889 = CARTESIAN_POINT('',(-43.80059002319,-29.84200140491,
    1.01626821697E+03));
#5890 = CARTESIAN_POINT('',(-43.72828380334,-29.94730839639,
    1.015107557308E+03));
#5891 = CARTESIAN_POINT('',(-43.6921045499,-30.,1.013944014946E+03));
#5892 = CARTESIAN_POINT('',(-43.6921045499,-30.,1.01278E+03));
#5893 = PCURVE('',#4249,#5894);
#5894 = DEFINITIONAL_REPRESENTATION('',(#5895),#6031);
#5895 = B_SPLINE_CURVE_WITH_KNOTS('',3,(#5896,#5897,#5898,#5899,#5900,
    #5901,#5902,#5903,#5904,#5905,#5906,#5907,#5908,#5909,#5910,#5911,
    #5912,#5913,#5914,#5915,#5916,#5917,#5918,#5919,#5920,#5921,#5922,
    #5923,#5924,#5925,#5926,#5927,#5928,#5929,#5930,#5931,#5932,#5933,
    #5934,#5935,#5936,#5937,#5938,#5939,#5940,#5941,#5942,#5943,#5944,
    #5945,#5946,#5947,#5948,#5949,#5950,#5951,#5952,#5953,#5954,#5955,
    #5956,#5957,#5958,#5959,#5960,#5961,#5962,#5963,#5964,#5965,#5966,
    #5967,#5968,#5969,#5970,#5971,#5972,#5973,#5974,#5975,#5976,#5977,
    #5978,#5979,#5980,#5981,#5982,#5983,#5984,#5985,#5986,#5987,#5988,
    #5989,#5990,#5991,#5992,#5993,#5994,#5995,#5996,#5997,#5998,#5999,
    #6000,#6001,#6002,#6003,#6004,#6005,#6006,#6007,#6008,#6009,#6010,
    #6011,#6012,#6013,#6014,#6015,#6016,#6017,#6018,#6019,#6020,#6021,
    #6022,#6023,#6024,#6025,#6026,#6027,#6028,#6029,#6030),
  .UNSPECIFIED.,.F.,.F.,(4,1,1,1,1,1,1,1,1,1,1,1,1,1,1,1,1,1,1,1,1,1,1,1
    ,1,1,1,1,1,1,1,1,1,1,1,1,1,1,1,1,1,1,1,1,1,1,1,1,1,1,1,1,1,1,1,1,1,1
    ,1,1,1,1,1,1,1,1,1,1,1,1,1,1,1,1,1,1,1,1,1,1,1,1,1,1,1,1,1,1,1,1,1,1
    ,1,1,1,1,1,1,1,1,1,1,1,1,1,1,1,1,1,1,1,1,1,1,1,1,1,1,1,1,1,1,1,1,1,1
    ,1,1,1,1,1,1,4),(0.74981378035,0.753605460493,0.757397140637,
    0.76118882078,0.764980500924,0.768772181067,0.772563861211,
    0.776355541354,0.780147221498,0.783938901641,0.787730581785,
    0.791522261928,0.795313942071,0.799105622215,0.802897302358,
    0.806688982502,0.810480662645,0.814272342789,0.818064022932,
    0.821855703076,0.825647383219,0.829439063363,0.833230743506,
    0.837022423649,0.840814103793,0.844605783936,0.84839746408,
    0.852189144223,0.855980824367,0.85977250451,0.863564184654,
    0.867355864797,0.871147544941,0.874939225084,0.878730905228,
    0.882522585371,0.886314265514,0.890105945658,0.893897625801,
    0.897689305945,0.901480986088,0.905272666232,0.909064346375,
    0.912856026519,0.916647706662,0.920439386806,0.924231066949,
    0.928022747092,0.931814427236,0.935606107379,0.939397787523,
    0.943189467666,0.94698114781,0.950772827953,0.954564508097,
    0.95835618824,0.962147868384,0.965939548527,0.96973122867,
    0.973522908814,0.977314588957,0.981106269101,0.984897949244,
    0.988689629388,0.992481309531,0.996272989675,1.000064669818,
    1.003856349962,1.007648030105,1.011439710248,1.015231390392,
    1.019023070535,1.022814750679,1.026606430822,1.030398110966,
    1.034189791109,1.037981471253,1.041773151396,1.04556483154,
    1.049356511683,1.053148191826,1.05693987197,1.060731552113,
    1.064523232257,1.0683149124,1.072106592544,1.075898272687,
    1.079689952831,1.083481632974,1.087273313118,1.091064993261,
    1.094856673405,1.098648353548,1.102440033691,1.106231713835,
    1.110023393978,1.113815074122,1.117606754265,1.121398434409,
    1.125190114552,1.128981794696,1.132773474839,1.136565154983,
    1.140356835126,1.144148515269,1.147940195413,1.151731875556,
    1.1555235557,1.159315235843,1.163106915987,1.16689859613,
    1.170690276274,1.174481956417,1.178273636561,1.182065316704,
    1.185856996847,1.189648676991,1.193440357134,1.197232037278,
    1.201023717421,1.204815397565,1.208607077708,1.212398757852,
    1.216190437995,1.219982118139,1.223773798282,1.227565478425,
    1.231357158569,1.235148838712,1.238940518856,1.242732198999,
    1.246523879143,1.250315559286),.UNSPECIFIED.);
#5896 = CARTESIAN_POINT('',(2.539901134549,39.000000000375));
#5897 = CARTESIAN_POINT('',(2.53990111389,39.211474223331));
#5898 = CARTESIAN_POINT('',(2.540003506465,39.634382918888));
#5899 = CARTESIAN_POINT('',(2.540463828434,40.268386034162));
#5900 = CARTESIAN_POINT('',(2.541230412447,40.901789099503));
#5901 = CARTESIAN_POINT('',(2.542302446172,41.534350050097));
#5902 = CARTESIAN_POINT('',(2.543678892272,42.165825128633));
#5903 = CARTESIAN_POINT('',(2.545358456003,42.795968401526));
#5904 = CARTESIAN_POINT('',(2.547339592659,43.4245314686));
#5905 = CARTESIAN_POINT('',(2.549620504432,44.051263138352));
#5906 = CARTESIAN_POINT('',(2.552199139732,44.675909052542));
#5907 = CARTESIAN_POINT('',(2.555073193077,45.298211553052));
#5908 = CARTESIAN_POINT('',(2.558240099852,45.917908635583));
#5909 = CARTESIAN_POINT('',(2.561697050441,46.534736318806));
#5910 = CARTESIAN_POINT('',(2.565440931122,47.148418270122));
#5911 = CARTESIAN_POINT('',(2.569468544084,47.758704059783));
#5912 = CARTESIAN_POINT('',(2.573777440381,48.365468594581));
#5913 = CARTESIAN_POINT('',(2.57836510224,48.968564988038));
#5914 = CARTESIAN_POINT('',(2.583229055238,49.567845270603));
#5915 = CARTESIAN_POINT('',(2.588366840181,50.16315455965));
#5916 = CARTESIAN_POINT('',(2.593776022987,50.754332359403));
#5917 = CARTESIAN_POINT('',(2.599454193655,51.341211881364));
#5918 = CARTESIAN_POINT('',(2.605398971629,51.923620152747));
#5919 = CARTESIAN_POINT('',(2.61160799713,52.501376952419));
#5920 = CARTESIAN_POINT('',(2.618078972718,53.074297648735));
#5921 = CARTESIAN_POINT('',(2.624809518434,53.642181602344));
#5922 = CARTESIAN_POINT('',(2.63179772266,54.204854407155));
#5923 = CARTESIAN_POINT('',(2.639040089063,54.762008607409));
#5924 = CARTESIAN_POINT('',(2.646535106877,55.313488681192));
#5925 = CARTESIAN_POINT('',(2.654282766119,55.859219641092));
#5926 = CARTESIAN_POINT('',(2.662282951069,56.39908340815));
#5927 = CARTESIAN_POINT('',(2.670535856848,56.932951013867));
#5928 = CARTESIAN_POINT('',(2.679041863975,57.460673027201));
#5929 = CARTESIAN_POINT('',(2.687801558278,57.982081153094));
#5930 = CARTESIAN_POINT('',(2.696815712008,58.496986814512));
#5931 = CARTESIAN_POINT('',(2.706085275539,59.005180518677));
#5932 = CARTESIAN_POINT('',(2.715611366458,59.506430987908));
#5933 = CARTESIAN_POINT('',(2.725395259629,60.000484327808));
#5934 = CARTESIAN_POINT('',(2.735438377236,60.487063156571));
#5935 = CARTESIAN_POINT('',(2.745742279354,60.965865722685));
#5936 = CARTESIAN_POINT('',(2.756308654026,61.436564973302));
#5937 = CARTESIAN_POINT('',(2.767139310504,61.898807691939));
#5938 = CARTESIAN_POINT('',(2.778236162142,62.352213263812));
#5939 = CARTESIAN_POINT('',(2.78960124953,62.796373711987));
#5940 = CARTESIAN_POINT('',(2.801236615037,63.230848868408));
#5941 = CARTESIAN_POINT('',(2.813144733649,63.655179575527));
#5942 = CARTESIAN_POINT('',(2.825326869447,64.068833466716));
#5943 = CARTESIAN_POINT('',(2.837789636157,64.471417509482));
#5944 = CARTESIAN_POINT('',(2.850535338464,64.86234296771));
#5945 = CARTESIAN_POINT('',(2.863564688451,65.240943903479));
#5946 = CARTESIAN_POINT('',(2.876878714261,65.606536521937));
#5947 = CARTESIAN_POINT('',(2.890478299543,65.958403768392));
#5948 = CARTESIAN_POINT('',(2.904364225586,66.295796471856));
#5949 = CARTESIAN_POINT('',(2.918537573593,66.617943050433));
#5950 = CARTESIAN_POINT('',(2.932998828526,66.9240222958));
#5951 = CARTESIAN_POINT('',(2.947739420423,67.213011834619));
#5952 = CARTESIAN_POINT('',(2.962751721046,67.483933792271));
#5953 = CARTESIAN_POINT('',(2.978028409991,67.735827478023));
#5954 = CARTESIAN_POINT('',(2.993559578618,67.9677136209));
#5955 = CARTESIAN_POINT('',(3.009344970375,68.17875912058));
#5956 = CARTESIAN_POINT('',(3.025370393145,68.367930977077));
#5957 = CARTESIAN_POINT('',(3.041604702968,68.534096561859));
#5958 = CARTESIAN_POINT('',(3.058021317681,68.676321144612));
#5959 = CARTESIAN_POINT('',(3.074592594138,68.79378785213));
#5960 = CARTESIAN_POINT('',(3.091291124051,68.885817667757));
#5961 = CARTESIAN_POINT('',(3.108090079838,68.951862852487));
#5962 = CARTESIAN_POINT('',(3.124960415875,68.991508054333));
#5963 = CARTESIAN_POINT('',(3.141881576881,69.00446865854));
#5964 = CARTESIAN_POINT('',(3.158801273455,68.990593902449));
#5965 = CARTESIAN_POINT('',(3.175669927784,68.950042121671));
#5966 = CARTESIAN_POINT('',(3.192466210602,68.883100956504));
#5967 = CARTESIAN_POINT('',(3.209161226524,68.790190364417));
#5968 = CARTESIAN_POINT('',(3.225728046221,68.671862695024));
#5969 = CARTESIAN_POINT('',(3.242139235306,68.528801817945));
#5970 = CARTESIAN_POINT('',(3.258367066113,68.361830396162));
#5971 = CARTESIAN_POINT('',(3.274385022621,68.171886943869));
#5972 = CARTESIAN_POINT('',(3.290161476047,67.960117020147));
#5973 = CARTESIAN_POINT('',(3.305684428516,67.727525121253));
#5974 = CARTESIAN_POINT('',(3.320952427485,67.474959648521));
#5975 = CARTESIAN_POINT('',(3.335955844795,67.203396897036));
#5976 = CARTESIAN_POINT('',(3.350687259299,66.913799464982));
#5977 = CARTESIAN_POINT('',(3.365138990333,66.607147246862));
#5978 = CARTESIAN_POINT('',(3.379302603357,66.284460690544));
#5979 = CARTESIAN_POINT('',(3.393178954248,65.946551556973));
#5980 = CARTESIAN_POINT('',(3.406768973789,65.594193635635));
#5981 = CARTESIAN_POINT('',(3.420073470052,65.228134508862));
#5982 = CARTESIAN_POINT('',(3.433093320969,64.849090285528));
#5983 = CARTESIAN_POINT('',(3.445829508105,64.457745317555));
#5984 = CARTESIAN_POINT('',(3.45828289915,64.054759731053));
#5985 = CARTESIAN_POINT('',(3.470455192653,63.640740717584));
#5986 = CARTESIAN_POINT('',(3.482350855347,63.216161654942));
#5987 = CARTESIAN_POINT('',(3.493972185487,62.781529228342));
#5988 = CARTESIAN_POINT('',(3.505321938705,62.337298765175));
#5989 = CARTESIAN_POINT('',(3.516402674731,61.883895754432));
#5990 = CARTESIAN_POINT('',(3.527216966053,61.421709474972));
#5991 = CARTESIAN_POINT('',(3.537767193513,60.951100927464));
#5992 = CARTESIAN_POINT('',(3.548055593412,60.472402285853));
#5993 = CARTESIAN_POINT('',(3.558084098323,59.985925619791));
#5994 = CARTESIAN_POINT('',(3.56785469897,59.491946103303));
#5995 = CARTESIAN_POINT('',(3.577369759562,58.990682370754));
#5996 = CARTESIAN_POINT('',(3.586629789531,58.4824160467));
#5997 = CARTESIAN_POINT('',(3.595635514688,57.967391412106));
#5998 = CARTESIAN_POINT('',(3.60438739563,57.445839442491));
#5999 = CARTESIAN_POINT('',(3.612885752282,56.917972321264));
#6000 = CARTESIAN_POINT('',(3.621130724288,56.38398595759));
#6001 = CARTESIAN_POINT('',(3.629122279144,55.844060010919));
#6002 = CARTESIAN_POINT('',(3.636860190872,55.298359884239));
#6003 = CARTESIAN_POINT('',(3.644344086247,54.747033335655));
#6004 = CARTESIAN_POINT('',(3.651573247839,54.190226647878));
#6005 = CARTESIAN_POINT('',(3.658547319883,53.628027947599));
#6006 = CARTESIAN_POINT('',(3.665264580384,53.060605551251));
#6007 = CARTESIAN_POINT('',(3.671722654651,52.48816982078));
#6008 = CARTESIAN_POINT('',(3.67791929702,51.910910644691));
#6009 = CARTESIAN_POINT('',(3.683852184278,51.329014457307));
#6010 = CARTESIAN_POINT('',(3.689518973747,50.742659956041));
#6011 = CARTESIAN_POINT('',(3.694917290435,50.152019517951));
#6012 = CARTESIAN_POINT('',(3.700044732946,49.557259121154));
#6013 = CARTESIAN_POINT('',(3.704898874872,48.95853854755));
#6014 = CARTESIAN_POINT('',(3.709477264956,48.356011955399));
#6015 = CARTESIAN_POINT('',(3.713777436071,47.749826691246));
#6016 = CARTESIAN_POINT('',(3.717796879433,47.140128774569));
#6017 = CARTESIAN_POINT('',(3.721533148242,46.527043452152));
#6018 = CARTESIAN_POINT('',(3.724983042091,45.910822736915));
#6019 = CARTESIAN_POINT('',(3.728143463775,45.291741465064));
#6020 = CARTESIAN_POINT('',(3.731011614089,44.670062914003));
#6021 = CARTESIAN_POINT('',(3.733584939108,44.046048198301));
#6022 = CARTESIAN_POINT('',(3.735861142622,43.419954160651));
#6023 = CARTESIAN_POINT('',(3.737838181355,42.792034346425));
#6024 = CARTESIAN_POINT('',(3.739514264748,42.162539153997));
#6025 = CARTESIAN_POINT('',(3.740887854306,41.531716203513));
#6026 = CARTESIAN_POINT('',(3.741957660476,40.899810661263));
#6027 = CARTESIAN_POINT('',(3.742722650054,40.267065528235));
#6028 = CARTESIAN_POINT('',(3.743182013924,39.63372212152));
#6029 = CARTESIAN_POINT('',(3.743284193205,39.211253923946));
#6030 = CARTESIAN_POINT('',(3.74328417263,38.999999999609));
#6031 = ( GEOMETRIC_REPRESENTATION_CONTEXT(2) 
PARAMETRIC_REPRESENTATION_CONTEXT() REPRESENTATION_CONTEXT('2D SPACE',''
  ) );
#6032 = PCURVE('',#6033,#6038);
#6033 = CYLINDRICAL_SURFACE('',#6034,30.);
#6034 = AXIS2_PLACEMENT_3D('',#6035,#6036,#6037);
#6035 = CARTESIAN_POINT('',(-110.,0.,1.01278E+03));
#6036 = DIRECTION('',(1.,0.,0.));
#6037 = DIRECTION('',(0.,0.,1.));
#6038 = DEFINITIONAL_REPRESENTATION('',(#6039),#6175);
#6039 = B_SPLINE_CURVE_WITH_KNOTS('',3,(#6040,#6041,#6042,#6043,#6044,
    #6045,#6046,#6047,#6048,#6049,#6050,#6051,#6052,#6053,#6054,#6055,
    #6056,#6057,#6058,#6059,#6060,#6061,#6062,#6063,#6064,#6065,#6066,
    #6067,#6068,#6069,#6070,#6071,#6072,#6073,#6074,#6075,#6076,#6077,
    #6078,#6079,#6080,#6081,#6082,#6083,#6084,#6085,#6086,#6087,#6088,
    #6089,#6090,#6091,#6092,#6093,#6094,#6095,#6096,#6097,#6098,#6099,
    #6100,#6101,#6102,#6103,#6104,#6105,#6106,#6107,#6108,#6109,#6110,
    #6111,#6112,#6113,#6114,#6115,#6116,#6117,#6118,#6119,#6120,#6121,
    #6122,#6123,#6124,#6125,#6126,#6127,#6128,#6129,#6130,#6131,#6132,
    #6133,#6134,#6135,#6136,#6137,#6138,#6139,#6140,#6141,#6142,#6143,
    #6144,#6145,#6146,#6147,#6148,#6149,#6150,#6151,#6152,#6153,#6154,
    #6155,#6156,#6157,#6158,#6159,#6160,#6161,#6162,#6163,#6164,#6165,
    #6166,#6167,#6168,#6169,#6170,#6171,#6172,#6173,#6174),
  .UNSPECIFIED.,.F.,.F.,(4,1,1,1,1,1,1,1,1,1,1,1,1,1,1,1,1,1,1,1,1,1,1,1
    ,1,1,1,1,1,1,1,1,1,1,1,1,1,1,1,1,1,1,1,1,1,1,1,1,1,1,1,1,1,1,1,1,1,1
    ,1,1,1,1,1,1,1,1,1,1,1,1,1,1,1,1,1,1,1,1,1,1,1,1,1,1,1,1,1,1,1,1,1,1
    ,1,1,1,1,1,1,1,1,1,1,1,1,1,1,1,1,1,1,1,1,1,1,1,1,1,1,1,1,1,1,1,1,1,1
    ,1,1,1,1,1,1,4),(0.74981378035,0.753605460493,0.757397140637,
    0.76118882078,0.764980500924,0.768772181067,0.772563861211,
    0.776355541354,0.780147221498,0.783938901641,0.787730581785,
    0.791522261928,0.795313942071,0.799105622215,0.802897302358,
    0.806688982502,0.810480662645,0.814272342789,0.818064022932,
    0.821855703076,0.825647383219,0.829439063363,0.833230743506,
    0.837022423649,0.840814103793,0.844605783936,0.84839746408,
    0.852189144223,0.855980824367,0.85977250451,0.863564184654,
    0.867355864797,0.871147544941,0.874939225084,0.878730905228,
    0.882522585371,0.886314265514,0.890105945658,0.893897625801,
    0.897689305945,0.901480986088,0.905272666232,0.909064346375,
    0.912856026519,0.916647706662,0.920439386806,0.924231066949,
    0.928022747092,0.931814427236,0.935606107379,0.939397787523,
    0.943189467666,0.94698114781,0.950772827953,0.954564508097,
    0.95835618824,0.962147868384,0.965939548527,0.96973122867,
    0.973522908814,0.977314588957,0.981106269101,0.984897949244,
    0.988689629388,0.992481309531,0.996272989675,1.000064669818,
    1.003856349962,1.007648030105,1.011439710248,1.015231390392,
    1.019023070535,1.022814750679,1.026606430822,1.030398110966,
    1.034189791109,1.037981471253,1.041773151396,1.04556483154,
    1.049356511683,1.053148191826,1.05693987197,1.060731552113,
    1.064523232257,1.0683149124,1.072106592544,1.075898272687,
    1.079689952831,1.083481632974,1.087273313118,1.091064993261,
    1.094856673405,1.098648353548,1.102440033691,1.106231713835,
    1.110023393978,1.113815074122,1.117606754265,1.121398434409,
    1.125190114552,1.128981794696,1.132773474839,1.136565154983,
    1.140356835126,1.144148515269,1.147940195413,1.151731875556,
    1.1555235557,1.159315235843,1.163106915987,1.16689859613,
    1.170690276274,1.174481956417,1.178273636561,1.182065316704,
    1.185856996847,1.189648676991,1.193440357134,1.197232037278,
    1.201023717421,1.204815397565,1.208607077708,1.212398757852,
    1.216190437995,1.219982118139,1.223773798282,1.227565478425,
    1.231357158569,1.235148838712,1.238940518856,1.242732198999,
    1.246523879143,1.250315559286),.UNSPECIFIED.);
#6040 = CARTESIAN_POINT('',(-1.570796326783,66.3078954501));
#6041 = CARTESIAN_POINT('',(-1.563747186688,66.307897095048));
#6042 = CARTESIAN_POINT('',(-1.549650228909,66.3048234741));
#6043 = CARTESIAN_POINT('',(-1.528507338565,66.291019051171));
#6044 = CARTESIAN_POINT('',(-1.507365552419,66.268049644306));
#6045 = CARTESIAN_POINT('',(-1.486223502602,66.235971328167));
#6046 = CARTESIAN_POINT('',(-1.465079881815,66.194857821201));
#6047 = CARTESIAN_POINT('',(-1.44393345941,66.144802862771));
#6048 = CARTESIAN_POINT('',(-1.422783090371,66.085919380014));
#6049 = CARTESIAN_POINT('',(-1.401627726551,66.018339463021));
#6050 = CARTESIAN_POINT('',(-1.38046643045,65.942214084633));
#6051 = CARTESIAN_POINT('',(-1.359298381729,65.857712801075));
#6052 = CARTESIAN_POINT('',(-1.338122916197,65.765023552307));
#6053 = CARTESIAN_POINT('',(-1.316939448739,65.664351850273));
#6054 = CARTESIAN_POINT('',(-1.295747835278,65.555922083502));
#6055 = CARTESIAN_POINT('',(-1.274547065628,65.439970539058));
#6056 = CARTESIAN_POINT('',(-1.253331738662,65.316721532786));
#6057 = CARTESIAN_POINT('',(-1.23209709775,65.186410904955));
#6058 = CARTESIAN_POINT('',(-1.210838307544,65.049282570673));
#6059 = CARTESIAN_POINT('',(-1.189550638782,64.905589207106));
#6060 = CARTESIAN_POINT('',(-1.16822940946,64.755591826087));
#6061 = CARTESIAN_POINT('',(-1.14686999432,64.599559668386));
#6062 = CARTESIAN_POINT('',(-1.125467806353,64.437769925923));
#6063 = CARTESIAN_POINT('',(-1.104018323412,64.270507830551));
#6064 = CARTESIAN_POINT('',(-1.082516963639,64.098065448637));
#6065 = CARTESIAN_POINT('',(-1.060959521612,63.920745285862));
#6066 = CARTESIAN_POINT('',(-1.03934051368,63.738845945333));
#6067 = CARTESIAN_POINT('',(-1.01765934989,63.552714961966));
#6068 = CARTESIAN_POINT('',(-0.995909354072,63.36265590461));
#6069 = CARTESIAN_POINT('',(-0.974080140809,63.168944034544));
#6070 = CARTESIAN_POINT('',(-0.952162383361,62.971868236292));
#6071 = CARTESIAN_POINT('',(-0.930146523156,62.77172080433));
#6072 = CARTESIAN_POINT('',(-0.908023102861,62.568801220465));
#6073 = CARTESIAN_POINT('',(-0.885782664541,62.363416197642));
#6074 = CARTESIAN_POINT('',(-0.863415764365,62.155880735907));
#6075 = CARTESIAN_POINT('',(-0.840912955977,61.946518915403));
#6076 = CARTESIAN_POINT('',(-0.818264782022,61.735664764663));
#6077 = CARTESIAN_POINT('',(-0.795461763059,61.5236631098));
#6078 = CARTESIAN_POINT('',(-0.77249438673,61.310870427464));
#6079 = CARTESIAN_POINT('',(-0.749353095732,61.097655688015));
#6080 = CARTESIAN_POINT('',(-0.72602827661,60.884401203751));
#6081 = CARTESIAN_POINT('',(-0.702510241877,60.671503419931));
#6082 = CARTESIAN_POINT('',(-0.6787892324,60.459373866296));
#6083 = CARTESIAN_POINT('',(-0.654855338669,60.248439444107));
#6084 = CARTESIAN_POINT('',(-0.630698718413,60.039145114394));
#6085 = CARTESIAN_POINT('',(-0.606308700819,59.831947533175));
#6086 = CARTESIAN_POINT('',(-0.581677037518,59.627342368444));
#6087 = CARTESIAN_POINT('',(-0.556784742019,59.425758203513));
#6088 = CARTESIAN_POINT('',(-0.531621653826,59.227721843131));
#6089 = CARTESIAN_POINT('',(-0.506180497543,59.033803237843));
#6090 = CARTESIAN_POINT('',(-0.480453070086,58.844584979784));
#6091 = CARTESIAN_POINT('',(-0.45443112447,58.660669577667));
#6092 = CARTESIAN_POINT('',(-0.428106242977,58.482678412298));
#6093 = CARTESIAN_POINT('',(-0.40146902931,58.311246190802));
#6094 = CARTESIAN_POINT('',(-0.374510809278,58.147034207785));
#6095 = CARTESIAN_POINT('',(-0.347239088342,57.990812401363));
#6096 = CARTESIAN_POINT('',(-0.319658613531,57.843327399363));
#6097 = CARTESIAN_POINT('',(-0.291772703033,57.705314147528));
#6098 = CARTESIAN_POINT('',(-0.263588464387,57.577513607969));
#6099 = CARTESIAN_POINT('',(-0.235094713701,57.460579029164));
#6100 = CARTESIAN_POINT('',(-0.206304714089,57.355264936148));
#6101 = CARTESIAN_POINT('',(-0.177260871079,57.26237175309));
#6102 = CARTESIAN_POINT('',(-0.147996050766,57.18257666492));
#6103 = CARTESIAN_POINT('',(-0.118543940246,57.116474035781));
#6104 = CARTESIAN_POINT('',(-8.893687904159E-02,57.064560999777));
#6105 = CARTESIAN_POINT('',(-5.920543809859E-02,57.027238318148));
#6106 = CARTESIAN_POINT('',(-2.938352296159E-02,57.004807527886));
#6107 = CARTESIAN_POINT('',(5.103794824137E-04,56.997470187636));
#6108 = CARTESIAN_POINT('',(3.040200484741E-02,57.005324971982));
#6109 = CARTESIAN_POINT('',(6.022187306141E-02,57.028267981083));
#6110 = CARTESIAN_POINT('',(8.995011921141E-02,57.066095033514));
#6111 = CARTESIAN_POINT('',(0.119553087447,57.118501120098));
#6112 = CARTESIAN_POINT('',(0.149000005408,57.185082070478));
#6113 = CARTESIAN_POINT('',(0.178258459844,57.265337287812));
#6114 = CARTESIAN_POINT('',(0.207294577214,57.358668534352));
#6115 = CARTESIAN_POINT('',(0.236075570927,57.464395981418));
#6116 = CARTESIAN_POINT('',(0.26455810241,57.581711687001));
#6117 = CARTESIAN_POINT('',(0.292732837639,57.70987658432));
#6118 = CARTESIAN_POINT('',(0.320608780254,57.848228639403));
#6119 = CARTESIAN_POINT('',(0.348179298822,57.996028341963));
#6120 = CARTESIAN_POINT('',(0.375440863688,58.152539570529));
#6121 = CARTESIAN_POINT('',(0.402388597031,58.317014572697));
#6122 = CARTESIAN_POINT('',(0.429015210347,58.488684508116));
#6123 = CARTESIAN_POINT('',(0.455330058929,58.66689309564));
#6124 = CARTESIAN_POINT('',(0.48134224432,58.851004465916));
#6125 = CARTESIAN_POINT('',(0.507060221787,59.040398123577));
#6126 = CARTESIAN_POINT('',(0.532492217535,59.23447210809));
#6127 = CARTESIAN_POINT('',(0.557646331599,59.432643648144));
#6128 = CARTESIAN_POINT('',(0.58253013874,59.634345846438));
#6129 = CARTESIAN_POINT('',(0.607152584649,59.839042749386));
#6130 = CARTESIAN_POINT('',(0.631528177842,60.046267270562));
#6131 = CARTESIAN_POINT('',(0.65566707628,60.255538299017));
#6132 = CARTESIAN_POINT('',(0.679580384251,60.466402668492));
#6133 = CARTESIAN_POINT('',(0.703278895461,60.678424020248));
#6134 = CARTESIAN_POINT('',(0.726773556617,60.891185539801));
#6135 = CARTESIAN_POINT('',(0.750075088504,61.104285816888));
#6136 = CARTESIAN_POINT('',(0.773194114816,61.31733859349));
#6137 = CARTESIAN_POINT('',(0.796140830836,61.529968228481));
#6138 = CARTESIAN_POINT('',(0.818925855896,61.74181735538));
#6139 = CARTESIAN_POINT('',(0.841561107408,61.952553118782));
#6140 = CARTESIAN_POINT('',(0.864054498682,62.161817071961));
#6141 = CARTESIAN_POINT('',(0.886414712714,62.369268423274));
#6142 = CARTESIAN_POINT('',(0.908650120152,62.574573324765));
#6143 = CARTESIAN_POINT('',(0.930769086212,62.777406985382));
#6144 = CARTESIAN_POINT('',(0.95277989995,62.977452317697));
#6145 = CARTESIAN_POINT('',(0.974690816403,63.174399626005));
#6146 = CARTESIAN_POINT('',(0.996510016978,63.367945595392));
#6147 = CARTESIAN_POINT('',(1.018245776774,63.557794035558));
#6148 = CARTESIAN_POINT('',(1.03990587962,63.743650304647));
#6149 = CARTESIAN_POINT('',(1.061499829799,63.925239258299));
#6150 = CARTESIAN_POINT('',(1.083033558642,64.102260265891));
#6151 = CARTESIAN_POINT('',(1.104511113477,64.274403718979));
#6152 = CARTESIAN_POINT('',(1.125937072868,64.441371531725));
#6153 = CARTESIAN_POINT('',(1.147315906921,64.602871886973));
#6154 = CARTESIAN_POINT('',(1.168652155892,64.758620880227));
#6155 = CARTESIAN_POINT('',(1.189950390004,64.908342316661));
#6156 = CARTESIAN_POINT('',(1.211215227008,65.051767998115));
#6157 = CARTESIAN_POINT('',(1.232451338616,65.188637897112));
#6158 = CARTESIAN_POINT('',(1.253663444999,65.318700292789));
#6159 = CARTESIAN_POINT('',(1.274856369594,65.441712172163));
#6160 = CARTESIAN_POINT('',(1.296034866279,65.557438608154));
#6161 = CARTESIAN_POINT('',(1.317204298541,65.665655965229));
#6162 = CARTESIAN_POINT('',(1.33836559162,65.766128454015));
#6163 = CARTESIAN_POINT('',(1.359518911316,65.858632699899));
#6164 = CARTESIAN_POINT('',(1.380664836846,65.942963992474));
#6165 = CARTESIAN_POINT('',(1.40180403287,66.018935161726));
#6166 = CARTESIAN_POINT('',(1.422937317575,66.086377338501));
#6167 = CARTESIAN_POINT('',(1.444065626195,66.145140165339));
#6168 = CARTESIAN_POINT('',(1.465190003924,66.195092090669));
#6169 = CARTESIAN_POINT('',(1.486311592373,66.236120648271));
#6170 = CARTESIAN_POINT('',(1.507431618349,66.268132481365));
#6171 = CARTESIAN_POINT('',(1.528551384937,66.291054172061));
#6172 = CARTESIAN_POINT('',(1.54967225549,66.304829873768));
#6173 = CARTESIAN_POINT('',(1.563754529997,66.30789708827));
#6174 = CARTESIAN_POINT('',(1.570796326808,66.3078954501));
#6175 = ( GEOMETRIC_REPRESENTATION_CONTEXT(2) 
PARAMETRIC_REPRESENTATION_CONTEXT() REPRESENTATION_CONTEXT('2D SPACE',''
  ) );
#6176 = ORIENTED_EDGE('',*,*,#6177,.T.);
#6177 = EDGE_CURVE('',#5803,#5801,#6178,.T.);
#6178 = SURFACE_CURVE('',#6179,(#6362,#6548),.PCURVE_S1.);
#6179 = B_SPLINE_CURVE_WITH_KNOTS('',7,(#6180,#6181,#6182,#6183,#6184,
    #6185,#6186,#6187,#6188,#6189,#6190,#6191,#6192,#6193,#6194,#6195,
    #6196,#6197,#6198,#6199,#6200,#6201,#6202,#6203,#6204,#6205,#6206,
    #6207,#6208,#6209,#6210,#6211,#6212,#6213,#6214,#6215,#6216,#6217,
    #6218,#6219,#6220,#6221,#6222,#6223,#6224,#6225,#6226,#6227,#6228,
    #6229,#6230,#6231,#6232,#6233,#6234,#6235,#6236,#6237,#6238,#6239,
    #6240,#6241,#6242,#6243,#6244,#6245,#6246,#6247,#6248,#6249,#6250,
    #6251,#6252,#6253,#6254,#6255,#6256,#6257,#6258,#6259,#6260,#6261,
    #6262,#6263,#6264,#6265,#6266,#6267,#6268,#6269,#6270,#6271,#6272,
    #6273,#6274,#6275,#6276,#6277,#6278,#6279,#6280,#6281,#6282,#6283,
    #6284,#6285,#6286,#6287,#6288,#6289,#6290,#6291,#6292,#6293,#6294,
    #6295,#6296,#6297,#6298,#6299,#6300,#6301,#6302,#6303,#6304,#6305,
    #6306,#6307,#6308,#6309,#6310,#6311,#6312,#6313,#6314,#6315,#6316,
    #6317,#6318,#6319,#6320,#6321,#6322,#6323,#6324,#6325,#6326,#6327,
    #6328,#6329,#6330,#6331,#6332,#6333,#6334,#6335,#6336,#6337,#6338,
    #6339,#6340,#6341,#6342,#6343,#6344,#6345,#6346,#6347,#6348,#6349,
    #6350,#6351,#6352,#6353,#6354,#6355,#6356,#6357,#6358,#6359,#6360,
    #6361),.UNSPECIFIED.,.T.,.F.,(1,7,6,6,6,6,6,6,6,6,6,6,6,6,6,6,6,6,6,
    6,6,6,6,6,6,6,6,6,6,6,6,7,1),(-3.3718473383E-02,0.,
    3.356617520966E-02,5.431838495472E-02,8.00858554245E-02,
    9.974478047667E-02,0.114643601147,0.155246003371,0.201143264803,
    0.249789380498,0.298453152175,0.34433829059,0.419535767124,
    0.445242523864,0.466027359778,0.477219802409,0.499734591819,
    0.522219555413,0.533360822239,0.554135082554,0.579929932642,
    0.599609746583,0.614524398222,0.655169944266,0.701115974972,
    0.74981378035,0.798529260472,0.844463154846,0.919740533608,
    0.945474605456,0.966281526617,1.,1.03356617521),.UNSPECIFIED.);
#6180 = CARTESIAN_POINT('',(-53.,7.105427357601E-15,1.04278E+03));
#6181 = CARTESIAN_POINT('',(-53.,-1.136871914826,1.04278E+03));
#6182 = CARTESIAN_POINT('',(-52.97154915574,-2.271901239992,
    1.042729736841E+03));
#6183 = CARTESIAN_POINT('',(-52.9148138626,-3.399416926339,
    1.04262950449E+03));
#6184 = CARTESIAN_POINT('',(-52.83071420639,-4.513779742819,
    1.042480567876E+03));
#6185 = CARTESIAN_POINT('',(-52.72091498279,-5.609439877196,
    1.042285158772E+03));
#6186 = CARTESIAN_POINT('',(-52.58777583908,-6.680992687077,
    1.042046494563E+03));
#6187 = CARTESIAN_POINT('',(-52.3393500605,-8.367595003884,
    1.041597148158E+03));
#6188 = CARTESIAN_POINT('',(-52.23656864438,-9.001313499908,
    1.041410416099E+03));
#6189 = CARTESIAN_POINT('',(-52.12646735987,-9.623970052571,
    1.04120935421E+03));
#6190 = CARTESIAN_POINT('',(-52.00961520604,-10.23517402641,
    1.040994707054E+03));
#6191 = CARTESIAN_POINT('',(-51.88659539242,-10.83456211074,
    1.040767235102E+03));
#6192 = CARTESIAN_POINT('',(-51.75800162042,-11.42179824305,
    1.040527716586E+03));
#6193 = CARTESIAN_POINT('',(-51.45858743284,-12.71025682108,
    1.039965578296E+03));
#6194 = CARTESIAN_POINT('',(-51.28504098852,-13.40486478624,
    1.039636805467E+03));
#6195 = CARTESIAN_POINT('',(-51.10478430922,-14.08045862222,
    1.039291854425E+03));
#6196 = CARTESIAN_POINT('',(-50.91876307978,-14.737137016,
    1.038931868989E+03));
#6197 = CARTESIAN_POINT('',(-50.72787700616,-15.37503579227,
    1.038557914324E+03));
#6198 = CARTESIAN_POINT('',(-50.5329774292,-15.99432755843,
    1.038170978037E+03));
#6199 = CARTESIAN_POINT('',(-50.1837178315,-17.05366471991,
    1.037467554747E+03));
#6200 = CARTESIAN_POINT('',(-50.0306789156,-17.50146484088,
    1.037156068598E+03));
#6201 = CARTESIAN_POINT('',(-49.87608296181,-17.93876867053,
    1.036837873214E+03));
#6202 = CARTESIAN_POINT('',(-49.72024733699,-18.36572490087,
    1.036513299328E+03));
#6203 = CARTESIAN_POINT('',(-49.56347250001,-18.78248404664,
    1.036182647858E+03));
#6204 = CARTESIAN_POINT('',(-49.40604249816,-19.18919853395,
    1.035846189748E+03));
#6205 = CARTESIAN_POINT('',(-49.12862138093,-19.88676219334,
    1.035244957657E+03));
#6206 = CARTESIAN_POINT('',(-49.00879560248,-20.18181989119,
    1.034982553834E+03));
#6207 = CARTESIAN_POINT('',(-48.8888648291,-20.47126224972,
    1.034717059393E+03));
#6208 = CARTESIAN_POINT('',(-48.7689421703,-20.75515331518,
    1.034448572479E+03));
#6209 = CARTESIAN_POINT('',(-48.64913714422,-21.03355481281,
    1.034177184317E+03));
#6210 = CARTESIAN_POINT('',(-48.52955567766,-21.30652614682,
    1.03390297921E+03));
#6211 = CARTESIAN_POINT('',(-48.0853037326,-22.30338560604,
    1.032871302422E+03));
#6212 = CARTESIAN_POINT('',(-47.76266067227,-22.99289564705,
    1.032096066839E+03));
#6213 = CARTESIAN_POINT('',(-47.44451739574,-23.64362810653,
    1.031302042168E+03));
#6214 = CARTESIAN_POINT('',(-47.13285119892,-24.25647417235,
    1.03049062211E+03));
#6215 = CARTESIAN_POINT('',(-46.82950419222,-24.83221619999,
    1.029662923077E+03));
#6216 = CARTESIAN_POINT('',(-46.53621728991,-25.37150127544,
    1.028819827568E+03));
#6217 = CARTESIAN_POINT('',(-45.93639446434,-26.44376415401,
    1.026992363923E+03));
#6218 = CARTESIAN_POINT('',(-45.6330523471,-26.96686643424,
    1.026003709519E+03));
#6219 = CARTESIAN_POINT('',(-45.3473289675,-27.44431325913,
    1.024997858214E+03));
#6220 = CARTESIAN_POINT('',(-45.08173859711,-27.87625510229,
    1.023976406611E+03));
#6221 = CARTESIAN_POINT('',(-44.83859922255,-28.26276828592,
    1.022940776694E+03));
#6222 = CARTESIAN_POINT('',(-44.6200131086,-28.6038219962,
    1.021892238495E+03));
#6223 = CARTESIAN_POINT('',(-44.22417252587,-29.21236193581,
    1.01970812376E+03));
#6224 = CARTESIAN_POINT('',(-44.0501725289,-29.47422573655,
    1.018571068599E+03));
#6225 = CARTESIAN_POINT('',(-43.90833088652,-29.68422928752,
    1.017423557203E+03));
#6226 = CARTESIAN_POINT('',(-43.80059002319,-29.84200140491,
    1.01626821697E+03));
#6227 = CARTESIAN_POINT('',(-43.72828380334,-29.94730839639,
    1.015107557308E+03));
#6228 = CARTESIAN_POINT('',(-43.6921045499,-30.,1.013944014946E+03));
#6229 = CARTESIAN_POINT('',(-43.6921045499,-30.,1.011615562577E+03));
#6230 = CARTESIAN_POINT('',(-43.7283100703,-29.9472701411,
    1.01045159829E+03));
#6231 = CARTESIAN_POINT('',(-43.8006687445,-29.84188675492,
    1.009290519735E+03));
#6232 = CARTESIAN_POINT('',(-43.90848726562,-29.68400029031,
    1.008134766186E+03));
#6233 = CARTESIAN_POINT('',(-44.05042987369,-29.47384472294,
    1.006986849738E+03));
#6234 = CARTESIAN_POINT('',(-44.22455140384,-29.21179173422,
    1.00584940069E+03));
#6235 = CARTESIAN_POINT('',(-44.6205409217,-28.60299897885,
    1.003665213207E+03));
#6236 = CARTESIAN_POINT('',(-44.8391202755,-28.26194153439,
    1.002616975103E+03));
#6237 = CARTESIAN_POINT('',(-45.0822370341,-27.87544777856,
    1.001581638983E+03));
#6238 = CARTESIAN_POINT('',(-45.34779017901,-27.44354847809,
    1.000560475132E+03));
#6239 = CARTESIAN_POINT('',(-45.63346306293,-26.96616765893,
    999.55490557994));
#6240 = CARTESIAN_POINT('',(-45.9367428767,-26.44315555115,
    998.56652670803));
#6241 = CARTESIAN_POINT('',(-46.77640807496,-24.94210504389,
    996.00846830381));
#6242 = CARTESIAN_POINT('',(-47.33749383092,-23.88761950663,
    994.47214782332));
#6243 = CARTESIAN_POINT('',(-47.92790870172,-22.70740076665,
    992.99080014997));
#6244 = CARTESIAN_POINT('',(-48.53674714052,-21.39565114885,
    991.56995411012));
#6245 = CARTESIAN_POINT('',(-49.1515547489,-19.94501627084,
    990.21888559952));
#6246 = CARTESIAN_POINT('',(-49.75712279618,-18.34749887145,
    988.95163897938));
#6247 = CARTESIAN_POINT('',(-50.53211042475,-15.99698071927,
    987.39076347814));
#6248 = CARTESIAN_POINT('',(-50.7263584184,-15.37988237228,
    987.00509716331));
#6249 = CARTESIAN_POINT('',(-50.91662338893,-14.74430540547,
    986.63232052314));
#6250 = CARTESIAN_POINT('',(-51.10206310706,-14.09007822373,
    986.27341034718));
#6251 = CARTESIAN_POINT('',(-51.28178758686,-13.41706544511,
    985.92942003649));
#6252 = CARTESIAN_POINT('',(-51.45486141795,-12.72516824755,
    985.60148067352));
#6253 = CARTESIAN_POINT('',(-51.75407406231,-11.43958219458,
    985.03960730269));
#6254 = CARTESIAN_POINT('',(-51.88287590107,-10.85236236751,
    984.79965667471));
#6255 = CARTESIAN_POINT('',(-52.00611054202,-10.25297286598,
    984.57174874859));
#6256 = CARTESIAN_POINT('',(-52.12318355445,-9.641748538597,
    984.35666260983));
#6257 = CARTESIAN_POINT('',(-52.23351087049,-9.019051526551,
    984.15515973915));
#6258 = CARTESIAN_POINT('',(-52.33652250656,-8.385271339272,
    983.96798586272));
#6259 = CARTESIAN_POINT('',(-52.48290033275,-7.393796476585,
    983.70319150537));
#6260 = CARTESIAN_POINT('',(-52.53184621548,-7.043721284336,
    983.61488981997));
#6261 = CARTESIAN_POINT('',(-52.57840799561,-6.690737220891,
    983.53109880126));
#6262 = CARTESIAN_POINT('',(-52.6224950672,-6.334984326435,
    983.4519419925));
#6263 = CARTESIAN_POINT('',(-52.66402215578,-5.976604813779,
    983.37753542523));
#6264 = CARTESIAN_POINT('',(-52.70290931831,-5.615743068362,
    983.30798761925));
#6265 = CARTESIAN_POINT('',(-52.81184702754,-4.521935387571,
    983.11347387385));
#6266 = CARTESIAN_POINT('',(-52.87365292546,-3.781623901082,
    983.00357397419));
#6267 = CARTESIAN_POINT('',(-52.9238148382,-3.033456912408,
    982.91466604975));
#6268 = CARTESIAN_POINT('',(-52.96180513323,-2.279309619989,
    982.84747759612));
#6269 = CARTESIAN_POINT('',(-52.98726307196,-1.521078149505,
    982.80250190698));
#6270 = CARTESIAN_POINT('',(-53.,-0.760670930902,982.78));
#6271 = CARTESIAN_POINT('',(-53.,0.759663254054,982.78));
#6272 = CARTESIAN_POINT('',(-52.98729679535,1.519063079011,
    982.80244232899));
#6273 = CARTESIAN_POINT('',(-52.96190626522,2.276295030153,
    982.84729892963));
#6274 = CARTESIAN_POINT('',(-52.92401611215,3.029458231853,
    982.91431008359));
#6275 = CARTESIAN_POINT('',(-52.87398521573,3.776664022753,
    983.00298501986));
#6276 = CARTESIAN_POINT('',(-52.81233848472,4.516044521386,
    983.11260000003));
#6277 = CARTESIAN_POINT('',(-52.70379329064,5.607334623912,
    983.30640746017));
#6278 = CARTESIAN_POINT('',(-52.665138571,5.966596301437,983.37553698487
    ));
#6279 = CARTESIAN_POINT('',(-52.62386658327,6.323401333782,
    983.44948289648));
#6280 = CARTESIAN_POINT('',(-52.58005611605,6.67760701879,983.5281382331
    ));
#6281 = CARTESIAN_POINT('',(-52.53379121224,7.029072763174,
    983.61138862907));
#6282 = CARTESIAN_POINT('',(-52.4851611691,7.37766008252,983.69911231491
    ));
#6283 = CARTESIAN_POINT('',(-52.33935006047,8.367595004087,
    983.96285184243));
#6284 = CARTESIAN_POINT('',(-52.23656864437,9.00131349992,
    984.14958390084));
#6285 = CARTESIAN_POINT('',(-52.12646735989,9.623970052411,
    984.35064578963));
#6286 = CARTESIAN_POINT('',(-52.00961520607,10.235174026275,
    984.56529294624));
#6287 = CARTESIAN_POINT('',(-51.88659539242,10.834562110789,
    984.79276489841));
#6288 = CARTESIAN_POINT('',(-51.75800162038,11.421798243256,
    985.03228341411));
#6289 = CARTESIAN_POINT('',(-51.45858743284,12.710256821053,
    985.59442170356));
#6290 = CARTESIAN_POINT('',(-51.28504098852,13.404864786238,
    985.92319453305));
#6291 = CARTESIAN_POINT('',(-51.10478430922,14.08045862225,
    986.26814557465));
#6292 = CARTESIAN_POINT('',(-50.91876307977,14.737137016034,
    986.62813101087));
#6293 = CARTESIAN_POINT('',(-50.72787700616,15.375035792275,
    987.00208567638));
#6294 = CARTESIAN_POINT('',(-50.53297742921,15.99432755841,
    987.38902196258));
#6295 = CARTESIAN_POINT('',(-50.1837178315,17.053664719915,
    988.09244525334));
#6296 = CARTESIAN_POINT('',(-50.03067891559,17.501464840891,
    988.40393140225));
#6297 = CARTESIAN_POINT('',(-49.87608296181,17.938768670537,
    988.72212678598));
#6298 = CARTESIAN_POINT('',(-49.72024733699,18.365724900878,
    989.04670067211));
#6299 = CARTESIAN_POINT('',(-49.56347250001,18.782484046649,
    989.37735214162));
#6300 = CARTESIAN_POINT('',(-49.40604249816,19.189198533952,
    989.71381025191));
#6301 = CARTESIAN_POINT('',(-49.12862138093,19.886762193352,
    990.31504234332));
#6302 = CARTESIAN_POINT('',(-49.00879560248,20.181819891197,
    990.57744616645));
#6303 = CARTESIAN_POINT('',(-48.8888648291,20.471262249724,
    990.8429406067));
#6304 = CARTESIAN_POINT('',(-48.7689421703,20.755153315189,
    991.11142752051));
#6305 = CARTESIAN_POINT('',(-48.64913714422,21.033554812821,
    991.38281568332));
#6306 = CARTESIAN_POINT('',(-48.52955567766,21.306526146825,
    991.65702078952));
#6307 = CARTESIAN_POINT('',(-48.08530372364,22.303385626154,
    992.68869759921));
#6308 = CARTESIAN_POINT('',(-47.76266068068,22.992895630321,
    993.4639331384));
#6309 = CARTESIAN_POINT('',(-47.44451740289,23.643628090652,
    994.25795781573));
#6310 = CARTESIAN_POINT('',(-47.13285119249,24.256474183964,
    995.06937790951));
#6311 = CARTESIAN_POINT('',(-46.82950418364,24.83221621766,
    995.89707694492));
#6312 = CARTESIAN_POINT('',(-46.53621729784,25.371501261275,
    996.74017240817));
#6313 = CARTESIAN_POINT('',(-45.93639446108,26.443764159844,
    998.56763608666));
#6314 = CARTESIAN_POINT('',(-45.63305234971,26.966866429893,
    999.55629047013));
#6315 = CARTESIAN_POINT('',(-45.34732897014,27.444313254448,
    1.000562141777E+03));
#6316 = CARTESIAN_POINT('',(-45.08173859546,27.876255104868,
    1.001583593397E+03));
#6317 = CARTESIAN_POINT('',(-44.83859921968,28.26276829081,
    1.002619223317E+03));
#6318 = CARTESIAN_POINT('',(-44.62001311039,28.60382199345,
    1.003667761495E+03));
#6319 = CARTESIAN_POINT('',(-44.22417252586,29.212361935817,
    1.00585187624E+03));
#6320 = CARTESIAN_POINT('',(-44.0501725289,29.474225736556,
    1.006988931401E+03));
#6321 = CARTESIAN_POINT('',(-43.90833088652,29.68422928753,
    1.008136442797E+03));
#6322 = CARTESIAN_POINT('',(-43.80059002319,29.842001404916,
    1.00929178303E+03));
#6323 = CARTESIAN_POINT('',(-43.72828380334,29.94730839639,
    1.010452442692E+03));
#6324 = CARTESIAN_POINT('',(-43.6921045499,30.,1.011615985054E+03));
#6325 = CARTESIAN_POINT('',(-43.6921045499,30.,1.013944437423E+03));
#6326 = CARTESIAN_POINT('',(-43.7283100703,29.9472701411,
    1.01510840171E+03));
#6327 = CARTESIAN_POINT('',(-43.8006687445,29.841886754922,
    1.016269480265E+03));
#6328 = CARTESIAN_POINT('',(-43.90848726562,29.684000290315,
    1.017425233814E+03));
#6329 = CARTESIAN_POINT('',(-44.05042987369,29.473844722946,
    1.018573150262E+03));
#6330 = CARTESIAN_POINT('',(-44.22455140384,29.211791734225,
    1.01971059931E+03));
#6331 = CARTESIAN_POINT('',(-44.62054092168,28.602998978886,
    1.021894786793E+03));
#6332 = CARTESIAN_POINT('',(-44.83912027549,28.261941534407,
    1.022943024897E+03));
#6333 = CARTESIAN_POINT('',(-45.08223703411,27.875447778534,
    1.023978361017E+03));
#6334 = CARTESIAN_POINT('',(-45.34779017903,27.443548478047,
    1.024999524868E+03));
#6335 = CARTESIAN_POINT('',(-45.63346306293,26.966167658931,
    1.02600509442E+03));
#6336 = CARTESIAN_POINT('',(-45.93674287666,26.443155551214,
    1.026993473292E+03));
#6337 = CARTESIAN_POINT('',(-46.77640807496,24.942105043894,
    1.029551531696E+03));
#6338 = CARTESIAN_POINT('',(-47.33749383092,23.887619506657,
    1.031087852177E+03));
#6339 = CARTESIAN_POINT('',(-47.92790870173,22.707400766626,
    1.03256919985E+03));
#6340 = CARTESIAN_POINT('',(-48.53674714051,21.395651148896,
    1.03399004589E+03));
#6341 = CARTESIAN_POINT('',(-49.15155474891,19.945016270828,
    1.0353411144E+03));
#6342 = CARTESIAN_POINT('',(-49.75712279617,18.347498871469,
    1.036608361021E+03));
#6343 = CARTESIAN_POINT('',(-50.53211042475,15.996980719255,
    1.038169236522E+03));
#6344 = CARTESIAN_POINT('',(-50.7263584184,15.379882372293,
    1.038554902837E+03));
#6345 = CARTESIAN_POINT('',(-50.91662338892,14.744305405514,
    1.038927679477E+03));
#6346 = CARTESIAN_POINT('',(-51.10206310705,14.090078223768,
    1.039286589653E+03));
#6347 = CARTESIAN_POINT('',(-51.28178758686,13.417065445123,
    1.039630579963E+03));
#6348 = CARTESIAN_POINT('',(-51.45486141795,12.725168247539,
    1.039958519326E+03));
#6349 = CARTESIAN_POINT('',(-51.7540740623,11.439582194604,
    1.040520392697E+03));
#6350 = CARTESIAN_POINT('',(-51.88287590107,10.852362367531,
    1.040760343325E+03));
#6351 = CARTESIAN_POINT('',(-52.00611054201,10.252972866001,
    1.040988251251E+03));
#6352 = CARTESIAN_POINT('',(-52.12318355445,9.641748538618,
    1.04120333739E+03));
#6353 = CARTESIAN_POINT('',(-52.23351087049,9.019051526574,
    1.041404840261E+03));
#6354 = CARTESIAN_POINT('',(-52.33652250655,8.385271339299,
    1.041592014137E+03));
#6355 = CARTESIAN_POINT('',(-52.5858506992,6.696472960541,
    1.042043043506E+03));
#6356 = CARTESIAN_POINT('',(-52.71959218903,5.622624898456,
    1.042282804541E+03));
#6357 = CARTESIAN_POINT('',(-52.82990263473,4.524514009792,
    1.042479130588E+03));
#6358 = CARTESIAN_POINT('',(-52.91440214571,3.407574976398,
    1.042628777123E+03));
#6359 = CARTESIAN_POINT('',(-52.97141096401,2.277389423692,
    1.042729492702E+03));
#6360 = CARTESIAN_POINT('',(-53.,1.139629570348,1.04278E+03));
#6361 = CARTESIAN_POINT('',(-53.,7.105427357601E-15,1.04278E+03));
#6362 = PCURVE('',#4249,#6363);
#6363 = DEFINITIONAL_REPRESENTATION('',(#6364),#6547);
#6364 = B_SPLINE_CURVE_WITH_KNOTS('',7,(#6365,#6366,#6367,#6368,#6369,
    #6370,#6371,#6372,#6373,#6374,#6375,#6376,#6377,#6378,#6379,#6380,
    #6381,#6382,#6383,#6384,#6385,#6386,#6387,#6388,#6389,#6390,#6391,
    #6392,#6393,#6394,#6395,#6396,#6397,#6398,#6399,#6400,#6401,#6402,
    #6403,#6404,#6405,#6406,#6407,#6408,#6409,#6410,#6411,#6412,#6413,
    #6414,#6415,#6416,#6417,#6418,#6419,#6420,#6421,#6422,#6423,#6424,
    #6425,#6426,#6427,#6428,#6429,#6430,#6431,#6432,#6433,#6434,#6435,
    #6436,#6437,#6438,#6439,#6440,#6441,#6442,#6443,#6444,#6445,#6446,
    #6447,#6448,#6449,#6450,#6451,#6452,#6453,#6454,#6455,#6456,#6457,
    #6458,#6459,#6460,#6461,#6462,#6463,#6464,#6465,#6466,#6467,#6468,
    #6469,#6470,#6471,#6472,#6473,#6474,#6475,#6476,#6477,#6478,#6479,
    #6480,#6481,#6482,#6483,#6484,#6485,#6486,#6487,#6488,#6489,#6490,
    #6491,#6492,#6493,#6494,#6495,#6496,#6497,#6498,#6499,#6500,#6501,
    #6502,#6503,#6504,#6505,#6506,#6507,#6508,#6509,#6510,#6511,#6512,
    #6513,#6514,#6515,#6516,#6517,#6518,#6519,#6520,#6521,#6522,#6523,
    #6524,#6525,#6526,#6527,#6528,#6529,#6530,#6531,#6532,#6533,#6534,
    #6535,#6536,#6537,#6538,#6539,#6540,#6541,#6542,#6543,#6544,#6545,
    #6546),.UNSPECIFIED.,.T.,.F.,(1,7,6,6,6,6,6,6,6,6,6,6,6,6,6,6,6,6,6,
    6,6,6,6,6,6,6,6,6,6,6,6,7,1),(-3.3718473383E-02,0.,
    3.356617520966E-02,5.431838495472E-02,8.00858554245E-02,
    9.974478047667E-02,0.114643601147,0.155246003371,0.201143264803,
    0.249789380498,0.298453152175,0.34433829059,0.419535767124,
    0.445242523864,0.466027359778,0.477219802409,0.499734591819,
    0.522219555413,0.533360822239,0.554135082554,0.579929932642,
    0.599609746583,0.614524398222,0.655169944266,0.701115974972,
    0.74981378035,0.798529260472,0.844463154846,0.919740533608,
    0.945474605456,0.966281526617,1.,1.03356617521),.UNSPECIFIED.);
#6365 = CARTESIAN_POINT('',(3.14159265359,69.));
#6366 = CARTESIAN_POINT('',(3.163043067077,69.));
#6367 = CARTESIAN_POINT('',(3.184458718242,68.949736840787));
#6368 = CARTESIAN_POINT('',(3.205748707964,68.849504490033));
#6369 = CARTESIAN_POINT('',(3.226822563885,68.700567875971));
#6370 = CARTESIAN_POINT('',(3.24758943405,68.505158772374));
#6371 = CARTESIAN_POINT('',(3.267957661536,68.266494562586));
#6372 = CARTESIAN_POINT('',(3.300123697626,67.817148157617));
#6373 = CARTESIAN_POINT('',(3.312235610477,67.630416099172));
#6374 = CARTESIAN_POINT('',(3.324164194598,67.429354210322));
#6375 = CARTESIAN_POINT('',(3.335903228017,67.2147070537));
#6376 = CARTESIAN_POINT('',(3.347446558394,66.987235101589));
#6377 = CARTESIAN_POINT('',(3.358788110617,66.747716585975));
#6378 = CARTESIAN_POINT('',(3.383746419485,66.185578296416));
#6379 = CARTESIAN_POINT('',(3.397253257187,65.856805466946));
#6380 = CARTESIAN_POINT('',(3.410443621054,65.511854425357));
#6381 = CARTESIAN_POINT('',(3.423318710933,65.151868989142));
#6382 = CARTESIAN_POINT('',(3.435879819231,64.777914323617));
#6383 = CARTESIAN_POINT('',(3.448128437192,64.390978037404));
#6384 = CARTESIAN_POINT('',(3.469174230456,63.687554746656));
#6385 = CARTESIAN_POINT('',(3.478102558684,63.376068597754));
#6386 = CARTESIAN_POINT('',(3.486853234492,63.057873214019));
#6387 = CARTESIAN_POINT('',(3.495428063665,62.733299327884));
#6388 = CARTESIAN_POINT('',(3.503828791815,62.402647858377));
#6389 = CARTESIAN_POINT('',(3.51205712705,62.066189748091));
#6390 = CARTESIAN_POINT('',(3.526221366529,61.464957656675));
#6391 = CARTESIAN_POINT('',(3.532229905199,61.202553833552));
#6392 = CARTESIAN_POINT('',(3.538141094696,60.937059393303));
#6393 = CARTESIAN_POINT('',(3.543955589056,60.668572479484));
#6394 = CARTESIAN_POINT('',(3.549673980315,60.397184316675));
#6395 = CARTESIAN_POINT('',(3.555296798511,60.122979210482));
#6396 = CARTESIAN_POINT('',(3.575888686126,59.091302421599));
#6397 = CARTESIAN_POINT('',(3.590249724748,58.31606683888));
#6398 = CARTESIAN_POINT('',(3.603913465035,57.52204216753));
#6399 = CARTESIAN_POINT('',(3.616883368251,56.710622109709));
#6400 = CARTESIAN_POINT('',(3.629160250063,55.88292307731));
#6401 = CARTESIAN_POINT('',(3.640742011168,55.039827567667));
#6402 = CARTESIAN_POINT('',(3.663923735587,53.212363923271));
#6403 = CARTESIAN_POINT('',(3.675331657041,52.223709519283));
#6404 = CARTESIAN_POINT('',(3.685828525565,51.217858214487));
#6405 = CARTESIAN_POINT('',(3.69539472771,50.196406611434));
#6406 = CARTESIAN_POINT('',(3.704009846795,49.160776694276));
#6407 = CARTESIAN_POINT('',(3.711652866398,48.112238494996));
#6408 = CARTESIAN_POINT('',(3.725350130069,45.928123759587));
#6409 = CARTESIAN_POINT('',(3.731281959344,44.791068598919));
#6410 = CARTESIAN_POINT('',(3.73606328618,43.643557203365));
#6411 = CARTESIAN_POINT('',(3.739667987046,42.488216969916));
#6412 = CARTESIAN_POINT('',(3.742078198841,41.327557308245));
#6413 = CARTESIAN_POINT('',(3.74328417263,40.164014946291));
#6414 = CARTESIAN_POINT('',(3.74328417263,37.835562577467));
#6415 = CARTESIAN_POINT('',(3.742077323279,36.671598289962));
#6416 = CARTESIAN_POINT('',(3.739665362993,35.51051973484));
#6417 = CARTESIAN_POINT('',(3.736058054169,34.354766185639));
#6418 = CARTESIAN_POINT('',(3.731273284506,33.206849738125));
#6419 = CARTESIAN_POINT('',(3.725337213688,32.069400689688));
#6420 = CARTESIAN_POINT('',(3.71163441916,29.885213206872));
#6421 = CARTESIAN_POINT('',(3.703991409058,28.836975102621));
#6422 = CARTESIAN_POINT('',(3.695376827504,27.801638982856));
#6423 = CARTESIAN_POINT('',(3.685811676794,26.780475131901));
#6424 = CARTESIAN_POINT('',(3.675316365458,25.77490557994));
#6425 = CARTESIAN_POINT('',(3.663910504607,24.78652670803));
#6426 = CARTESIAN_POINT('',(3.631458824776,22.228468303811));
#6427 = CARTESIAN_POINT('',(3.608926648574,20.692147823321));
#6428 = CARTESIAN_POINT('',(3.58404054451,19.210800149978));
#6429 = CARTESIAN_POINT('',(3.556777885734,17.78995411012));
#6430 = CARTESIAN_POINT('',(3.527082669593,16.438885599529));
#6431 = CARTESIAN_POINT('',(3.494878896286,15.171638979385));
#6432 = CARTESIAN_POINT('',(3.448181101706,13.610763478142));
#6433 = CARTESIAN_POINT('',(3.435975639323,13.225097163315));
#6434 = CARTESIAN_POINT('',(3.42345983783,12.852320523146));
#6435 = CARTESIAN_POINT('',(3.410632207927,12.493410347183));
#6436 = CARTESIAN_POINT('',(3.397491455837,12.149420036497));
#6437 = CARTESIAN_POINT('',(3.384036378786,11.821480673527));
#6438 = CARTESIAN_POINT('',(3.3591317211,11.259607302691));
#6439 = CARTESIAN_POINT('',(3.347789628981,11.019656674716));
#6440 = CARTESIAN_POINT('',(3.336245457057,10.791748748592));
#6441 = CARTESIAN_POINT('',(3.324505263818,10.576662609834));
#6442 = CARTESIAN_POINT('',(3.312575185498,10.375159739151));
#6443 = CARTESIAN_POINT('',(3.300461428275,10.187985862724));
#6444 = CARTESIAN_POINT('',(3.281551579839,9.923191505373));
#6445 = CARTESIAN_POINT('',(3.274882337299,9.834889819971));
#6446 = CARTESIAN_POINT('',(3.268164892885,9.751098801262));
#6447 = CARTESIAN_POINT('',(3.261401604989,9.671941992504));
#6448 = CARTESIAN_POINT('',(3.254594830348,9.597535425232));
#6449 = CARTESIAN_POINT('',(3.247746924045,9.527987619258));
#6450 = CARTESIAN_POINT('',(3.227006940706,9.333473873851));
#6451 = CARTESIAN_POINT('',(3.212991993363,9.223573974198));
#6452 = CARTESIAN_POINT('',(3.198846990353,9.134666049756));
#6453 = CARTESIAN_POINT('',(3.18460332362,9.067477596124));
#6454 = CARTESIAN_POINT('',(3.170292241574,9.022501906988));
#6455 = CARTESIAN_POINT('',(3.155944935305,9.));
#6456 = CARTESIAN_POINT('',(3.127259384645,9.));
#6457 = CARTESIAN_POINT('',(3.112931085802,9.02244232899));
#6458 = CARTESIAN_POINT('',(3.098638881775,9.067298929639));
#6459 = CARTESIAN_POINT('',(3.084413840241,9.134310083597));
#6460 = CARTESIAN_POINT('',(3.070287086027,9.222985019861));
#6461 = CARTESIAN_POINT('',(3.0562898868,9.332600000039));
#6462 = CARTESIAN_POINT('',(3.035597904882,9.526407460175));
#6463 = CARTESIAN_POINT('',(3.028780481526,9.595536984874));
#6464 = CARTESIAN_POINT('',(3.022003765894,9.669482896483));
#6465 = CARTESIAN_POINT('',(3.015270085756,9.748138233107));
#6466 = CARTESIAN_POINT('',(3.008581770954,9.83138862907));
#6467 = CARTESIAN_POINT('',(3.001941153409,9.919112314911));
#6468 = CARTESIAN_POINT('',(2.98306160955,10.182851842437));
#6469 = CARTESIAN_POINT('',(2.970949696702,10.369583900842));
#6470 = CARTESIAN_POINT('',(2.959021112584,10.570645789631));
#6471 = CARTESIAN_POINT('',(2.947282079165,10.785292946242));
#6472 = CARTESIAN_POINT('',(2.935738748784,11.012764898418));
#6473 = CARTESIAN_POINT('',(2.924397196559,11.252283414112));
#6474 = CARTESIAN_POINT('',(2.899438887695,11.814421703568));
#6475 = CARTESIAN_POINT('',(2.885932049993,12.14319453305));
#6476 = CARTESIAN_POINT('',(2.872741686125,12.488145574656));
#6477 = CARTESIAN_POINT('',(2.859866596246,12.848131010874));
#6478 = CARTESIAN_POINT('',(2.847305487948,13.222085676386));
#6479 = CARTESIAN_POINT('',(2.835056869988,13.60902196258));
#6480 = CARTESIAN_POINT('',(2.814011076724,14.312445253347));
#6481 = CARTESIAN_POINT('',(2.805082748495,14.623931402249));
#6482 = CARTESIAN_POINT('',(2.796332072687,14.942126785983));
#6483 = CARTESIAN_POINT('',(2.787757243514,15.266700672117));
#6484 = CARTESIAN_POINT('',(2.779356515365,15.597352141623));
#6485 = CARTESIAN_POINT('',(2.77112818013,15.93381025191));
#6486 = CARTESIAN_POINT('',(2.75696394065,16.535042343327));
#6487 = CARTESIAN_POINT('',(2.750955401981,16.797446166451));
#6488 = CARTESIAN_POINT('',(2.745044212484,17.0629406067));
#6489 = CARTESIAN_POINT('',(2.739229718124,17.331427520519));
#6490 = CARTESIAN_POINT('',(2.733511326865,17.602815683329));
#6491 = CARTESIAN_POINT('',(2.727888508669,17.877020789522));
#6492 = CARTESIAN_POINT('',(2.707296620638,18.908697599214));
#6493 = CARTESIAN_POINT('',(2.692935582785,19.683933138409));
#6494 = CARTESIAN_POINT('',(2.679271842473,20.477957815732));
#6495 = CARTESIAN_POINT('',(2.666301938678,21.289377909511));
#6496 = CARTESIAN_POINT('',(2.654025056745,22.117076944921));
#6497 = CARTESIAN_POINT('',(2.642443296318,22.960172408176));
#6498 = CARTESIAN_POINT('',(2.619261571466,24.787636086665));
#6499 = CARTESIAN_POINT('',(2.607853650234,25.776290470136));
#6500 = CARTESIAN_POINT('',(2.597356781716,26.782141777301));
#6501 = CARTESIAN_POINT('',(2.587790579412,27.803593397158));
#6502 = CARTESIAN_POINT('',(2.579175460278,28.839223316542));
#6503 = CARTESIAN_POINT('',(2.571532440843,29.887761495123));
#6504 = CARTESIAN_POINT('',(2.557835177111,32.071876240436));
#6505 = CARTESIAN_POINT('',(2.551903347836,33.208931401091));
#6506 = CARTESIAN_POINT('',(2.547122020999,34.356442796649));
#6507 = CARTESIAN_POINT('',(2.543517320134,35.511783030096));
#6508 = CARTESIAN_POINT('',(2.541107108338,36.672442691758));
#6509 = CARTESIAN_POINT('',(2.539901134549,37.835985053716));
#6510 = CARTESIAN_POINT('',(2.539901134549,40.164437422527));
#6511 = CARTESIAN_POINT('',(2.5411079839,41.328401710041));
#6512 = CARTESIAN_POINT('',(2.543519944186,42.48948026516));
#6513 = CARTESIAN_POINT('',(2.547127253011,43.64523381436));
#6514 = CARTESIAN_POINT('',(2.551912022673,44.793150261879));
#6515 = CARTESIAN_POINT('',(2.557848093492,45.930599310307));
#6516 = CARTESIAN_POINT('',(2.571550888019,48.114786793025));
#6517 = CARTESIAN_POINT('',(2.579193898121,49.163024897371));
#6518 = CARTESIAN_POINT('',(2.587808479676,50.198361017229));
#6519 = CARTESIAN_POINT('',(2.597373630386,51.21952486818));
#6520 = CARTESIAN_POINT('',(2.607868941722,52.225094420045));
#6521 = CARTESIAN_POINT('',(2.619274802571,53.213473291866));
#6522 = CARTESIAN_POINT('',(2.651726482404,55.77153169619));
#6523 = CARTESIAN_POINT('',(2.674258658605,57.307852176657));
#6524 = CARTESIAN_POINT('',(2.699144762671,58.789199850048));
#6525 = CARTESIAN_POINT('',(2.726407421445,60.210045889842));
#6526 = CARTESIAN_POINT('',(2.756102637587,61.561114400479));
#6527 = CARTESIAN_POINT('',(2.788306410894,62.828361020605));
#6528 = CARTESIAN_POINT('',(2.835004205474,64.389236521869));
#6529 = CARTESIAN_POINT('',(2.847209667856,64.774902836678));
#6530 = CARTESIAN_POINT('',(2.859725469349,65.147679476833));
#6531 = CARTESIAN_POINT('',(2.872553099252,65.506589652798));
#6532 = CARTESIAN_POINT('',(2.885693851342,65.850579963499));
#6533 = CARTESIAN_POINT('',(2.899148928394,66.17851932648));
#6534 = CARTESIAN_POINT('',(2.924053586079,66.7403926973));
#6535 = CARTESIAN_POINT('',(2.935395678198,66.980343325276));
#6536 = CARTESIAN_POINT('',(2.946939850122,67.208251251401));
#6537 = CARTESIAN_POINT('',(2.958680043361,67.423337390159));
#6538 = CARTESIAN_POINT('',(2.970610121681,67.624840260842));
#6539 = CARTESIAN_POINT('',(2.982723878904,67.812014137268));
#6540 = CARTESIAN_POINT('',(3.014933390797,68.263043505969));
#6541 = CARTESIAN_POINT('',(3.035345964668,68.502804541373));
#6542 = CARTESIAN_POINT('',(3.0561597441,68.699130588401));
#6543 = CARTESIAN_POINT('',(3.077282556267,68.848777123279));
#6544 = CARTESIAN_POINT('',(3.098623038262,68.949492702157));
#6545 = CARTESIAN_POINT('',(3.120090208866,69.));
#6546 = CARTESIAN_POINT('',(3.14159265359,69.));
#6547 = ( GEOMETRIC_REPRESENTATION_CONTEXT(2) 
PARAMETRIC_REPRESENTATION_CONTEXT() REPRESENTATION_CONTEXT('2D SPACE',''
  ) );
#6548 = PCURVE('',#6549,#6554);
#6549 = CYLINDRICAL_SURFACE('',#6550,30.);
#6550 = AXIS2_PLACEMENT_3D('',#6551,#6552,#6553);
#6551 = CARTESIAN_POINT('',(-110.,0.,1.01278E+03));
#6552 = DIRECTION('',(1.,0.,0.));
#6553 = DIRECTION('',(0.,0.,1.));
#6554 = DEFINITIONAL_REPRESENTATION('',(#6555),#6738);
#6555 = B_SPLINE_CURVE_WITH_KNOTS('',7,(#6556,#6557,#6558,#6559,#6560,
    #6561,#6562,#6563,#6564,#6565,#6566,#6567,#6568,#6569,#6570,#6571,
    #6572,#6573,#6574,#6575,#6576,#6577,#6578,#6579,#6580,#6581,#6582,
    #6583,#6584,#6585,#6586,#6587,#6588,#6589,#6590,#6591,#6592,#6593,
    #6594,#6595,#6596,#6597,#6598,#6599,#6600,#6601,#6602,#6603,#6604,
    #6605,#6606,#6607,#6608,#6609,#6610,#6611,#6612,#6613,#6614,#6615,
    #6616,#6617,#6618,#6619,#6620,#6621,#6622,#6623,#6624,#6625,#6626,
    #6627,#6628,#6629,#6630,#6631,#6632,#6633,#6634,#6635,#6636,#6637,
    #6638,#6639,#6640,#6641,#6642,#6643,#6644,#6645,#6646,#6647,#6648,
    #6649,#6650,#6651,#6652,#6653,#6654,#6655,#6656,#6657,#6658,#6659,
    #6660,#6661,#6662,#6663,#6664,#6665,#6666,#6667,#6668,#6669,#6670,
    #6671,#6672,#6673,#6674,#6675,#6676,#6677,#6678,#6679,#6680,#6681,
    #6682,#6683,#6684,#6685,#6686,#6687,#6688,#6689,#6690,#6691,#6692,
    #6693,#6694,#6695,#6696,#6697,#6698,#6699,#6700,#6701,#6702,#6703,
    #6704,#6705,#6706,#6707,#6708,#6709,#6710,#6711,#6712,#6713,#6714,
    #6715,#6716,#6717,#6718,#6719,#6720,#6721,#6722,#6723,#6724,#6725,
    #6726,#6727,#6728,#6729,#6730,#6731,#6732,#6733,#6734,#6735,#6736,
    #6737),.UNSPECIFIED.,.F.,.F.,(8,6,6,6,6,6,6,6,6,6,6,6,6,6,6,6,6,6,6,
    6,6,6,6,6,6,6,6,6,6,6,8),(0.,3.356617520966E-02,5.431838495472E-02,
    8.00858554245E-02,9.974478047667E-02,0.114643601147,0.155246003371,
    0.201143264803,0.249789380498,0.298453152175,0.34433829059,
    0.419535767124,0.445242523864,0.466027359778,0.477219802409,
    0.499734591819,0.522219555413,0.533360822239,0.554135082554,
    0.579929932642,0.599609746583,0.614524398222,0.655169944266,
    0.701115974972,0.74981378035,0.798529260472,0.844463154846,
    0.919740533608,0.945474605456,0.966281526617,1.),.UNSPECIFIED.);
#6556 = CARTESIAN_POINT('',(0.,57.));
#6557 = CARTESIAN_POINT('',(3.78957304942E-02,57.));
#6558 = CARTESIAN_POINT('',(7.573003966007E-02,57.028450844257));
#6559 = CARTESIAN_POINT('',(0.113402791005,57.085186137397));
#6560 = CARTESIAN_POINT('',(0.150813574683,57.169285793606));
#6561 = CARTESIAN_POINT('',(0.187857358362,57.279085017206));
#6562 = CARTESIAN_POINT('',(0.224419924262,57.412224160917));
#6563 = CARTESIAN_POINT('',(0.282601054907,57.660649939499));
#6564 = CARTESIAN_POINT('',(0.304615419454,57.763431355619));
#6565 = CARTESIAN_POINT('',(0.326414383337,57.873532640128));
#6566 = CARTESIAN_POINT('',(0.347995370413,57.990384793954));
#6567 = CARTESIAN_POINT('',(0.369354989293,58.113404607571));
#6568 = CARTESIAN_POINT('',(0.390488991567,58.241998379574));
#6569 = CARTESIAN_POINT('',(0.437347228883,58.54141256716));
#6570 = CARTESIAN_POINT('',(0.462951399103,58.714959011472));
#6571 = CARTESIAN_POINT('',(0.488218833902,58.895215690773));
#6572 = CARTESIAN_POINT('',(0.513162421751,59.081236920219));
#6573 = CARTESIAN_POINT('',(0.5377942559,59.272122993834));
#6574 = CARTESIAN_POINT('',(0.562126043893,59.467022570791));
#6575 = CARTESIAN_POINT('',(0.604513142922,59.816282168491));
#6576 = CARTESIAN_POINT('',(0.622691576367,59.969321084399));
#6577 = CARTESIAN_POINT('',(0.640712331376,60.123917038185));
#6578 = CARTESIAN_POINT('',(0.658582707782,60.279752663002));
#6579 = CARTESIAN_POINT('',(0.676309908365,60.436527499985));
#6580 = CARTESIAN_POINT('',(0.693901155928,60.593957501836));
#6581 = CARTESIAN_POINT('',(0.724598153368,60.871378619066));
#6582 = CARTESIAN_POINT('',(0.737758595039,60.991204397516));
#6583 = CARTESIAN_POINT('',(0.750848283213,61.111135170895));
#6584 = CARTESIAN_POINT('',(0.763870302596,61.231057829697));
#6585 = CARTESIAN_POINT('',(0.776827674775,61.350862855773));
#6586 = CARTESIAN_POINT('',(0.789723358218,61.470444322336));
#6587 = CARTESIAN_POINT('',(0.83754345834,61.914696267394));
#6588 = CARTESIAN_POINT('',(0.872097465077,62.237339327728));
#6589 = CARTESIAN_POINT('',(0.906273532092,62.555482604255));
#6590 = CARTESIAN_POINT('',(0.940121261283,62.867148801077));
#6591 = CARTESIAN_POINT('',(0.973689140788,63.170495807775));
#6592 = CARTESIAN_POINT('',(1.007025092929,63.463782710081));
#6593 = CARTESIAN_POINT('',(1.077652212778,64.063605535659));
#6594 = CARTESIAN_POINT('',(1.114899984678,64.366947652892));
#6595 = CARTESIAN_POINT('',(1.151957990266,64.652671032499));
#6596 = CARTESIAN_POINT('',(1.188864106364,64.918261402885));
#6597 = CARTESIAN_POINT('',(1.225657086552,65.161400777445));
#6598 = CARTESIAN_POINT('',(1.262377213522,65.3799868914));
#6599 = CARTESIAN_POINT('',(1.337954091494,65.775827474127));
#6600 = CARTESIAN_POINT('',(1.376808025286,65.949827471095));
#6601 = CARTESIAN_POINT('',(1.415629815502,66.091669113479));
#6602 = CARTESIAN_POINT('',(1.45442700326,66.199409976806));
#6603 = CARTESIAN_POINT('',(1.493211089849,66.271716196653));
#6604 = CARTESIAN_POINT('',(1.531995828585,66.307895450093));
#6605 = CARTESIAN_POINT('',(1.609610907546,66.307895450093));
#6606 = CARTESIAN_POINT('',(1.648409710455,66.271689929696));
#6607 = CARTESIAN_POINT('',(1.687207864128,66.199331255494));
#6608 = CARTESIAN_POINT('',(1.726019140115,66.091512734376));
#6609 = CARTESIAN_POINT('',(1.764855053911,65.949570126302));
#6610 = CARTESIAN_POINT('',(1.803723153876,65.775448596154));
#6611 = CARTESIAN_POINT('',(1.879304629995,65.379459078297));
#6612 = CARTESIAN_POINT('',(1.916015309393,65.160879724496));
#6613 = CARTESIAN_POINT('',(1.952798929359,64.917762965899));
#6614 = CARTESIAN_POINT('',(1.989695705258,64.652209820986));
#6615 = CARTESIAN_POINT('',(2.026744325349,64.36653693707));
#6616 = CARTESIAN_POINT('',(2.063982601386,64.063257123299));
#6617 = CARTESIAN_POINT('',(2.16284735426,63.223591925039));
#6618 = CARTESIAN_POINT('',(2.224804412626,62.662506169072));
#6619 = CARTESIAN_POINT('',(2.287680289538,62.072091298272));
#6620 = CARTESIAN_POINT('',(2.351822505928,61.463252859471));
#6621 = CARTESIAN_POINT('',(2.417580115375,60.848445251091));
#6622 = CARTESIAN_POINT('',(2.485308426182,60.242877203819));
#6623 = CARTESIAN_POINT('',(2.579360822419,59.467889575249));
#6624 = CARTESIAN_POINT('',(2.603608268922,59.273641581595));
#6625 = CARTESIAN_POINT('',(2.62815364258,59.083376611065));
#6626 = CARTESIAN_POINT('',(2.653008555953,58.897936892932));
#6627 = CARTESIAN_POINT('',(2.678185000608,58.718212413138));
#6628 = CARTESIAN_POINT('',(2.703695750172,58.54513858205));
#6629 = CARTESIAN_POINT('',(2.750462704132,58.24592593769));
#6630 = CARTESIAN_POINT('',(2.771601643175,58.117124098926));
#6631 = CARTESIAN_POINT('',(2.792966459552,57.993889457977));
#6632 = CARTESIAN_POINT('',(2.814552930283,57.876816445543));
#6633 = CARTESIAN_POINT('',(2.836357689303,57.766489129502));
#6634 = CARTESIAN_POINT('',(2.8583781864,57.66347749344));
#6635 = CARTESIAN_POINT('',(2.89258569784,57.517099667244));
#6636 = CARTESIAN_POINT('',(2.904619192757,57.468153784517));
#6637 = CARTESIAN_POINT('',(2.916710384283,57.42159200439));
#6638 = CARTESIAN_POINT('',(2.928856626255,57.377504932794));
#6639 = CARTESIAN_POINT('',(2.941055372954,57.335977844213));
#6640 = CARTESIAN_POINT('',(2.953304179099,57.297090681681));
#6641 = CARTESIAN_POINT('',(2.990336459908,57.188152972452));
#6642 = CARTESIAN_POINT('',(3.015273725137,57.126347074536));
#6643 = CARTESIAN_POINT('',(3.040371003741,57.076185161792));
#6644 = CARTESIAN_POINT('',(3.065589040225,57.038194866763));
#6645 = CARTESIAN_POINT('',(3.090890048713,57.01273692804));
#6646 = CARTESIAN_POINT('',(3.116236955893,57.));
#6647 = CARTESIAN_POINT('',(3.166914762058,57.));
#6648 = CARTESIAN_POINT('',(3.192228089449,57.012703204646));
#6649 = CARTESIAN_POINT('',(3.21749567495,57.038093734778));
#6650 = CARTESIAN_POINT('',(3.242680591701,57.075983887842));
#6651 = CARTESIAN_POINT('',(3.267745204454,57.12601478427));
#6652 = CARTESIAN_POINT('',(3.292650417481,57.187661515271));
#6653 = CARTESIAN_POINT('',(3.329595954266,57.296206709354));
#6654 = CARTESIAN_POINT('',(3.341789767816,57.334861428997));
#6655 = CARTESIAN_POINT('',(3.35393403365,57.376133416723));
#6656 = CARTESIAN_POINT('',(3.366026332632,57.419943883945));
#6657 = CARTESIAN_POINT('',(3.378064146215,57.466208787751));
#6658 = CARTESIAN_POINT('',(3.390044856443,57.514838830897));
#6659 = CARTESIAN_POINT('',(3.424193708503,57.660649939529));
#6660 = CARTESIAN_POINT('',(3.446208073044,57.763431355626));
#6661 = CARTESIAN_POINT('',(3.468007036921,57.873532640102));
#6662 = CARTESIAN_POINT('',(3.489588023997,57.990384793923));
#6663 = CARTESIAN_POINT('',(3.510947642884,58.113404607575));
#6664 = CARTESIAN_POINT('',(3.532081645164,58.24199837962));
#6665 = CARTESIAN_POINT('',(3.578939882471,58.541412567152));
#6666 = CARTESIAN_POINT('',(3.604544052693,58.714959011471));
#6667 = CARTESIAN_POINT('',(3.629811487493,58.895215690779));
#6668 = CARTESIAN_POINT('',(3.654755075341,59.081236920227));
#6669 = CARTESIAN_POINT('',(3.67938690949,59.272122993835));
#6670 = CARTESIAN_POINT('',(3.703718697482,59.467022570784));
#6671 = CARTESIAN_POINT('',(3.746105796512,59.816282168492));
#6672 = CARTESIAN_POINT('',(3.764284229957,59.969321084401));
#6673 = CARTESIAN_POINT('',(3.782304984966,60.123917038186));
#6674 = CARTESIAN_POINT('',(3.800175361372,60.279752663002));
#6675 = CARTESIAN_POINT('',(3.817902561955,60.436527499985));
#6676 = CARTESIAN_POINT('',(3.835493809518,60.593957501837));
#6677 = CARTESIAN_POINT('',(3.866190806958,60.871378619067));
#6678 = CARTESIAN_POINT('',(3.879351248629,60.991204397518));
#6679 = CARTESIAN_POINT('',(3.892440936803,61.111135170897));
#6680 = CARTESIAN_POINT('',(3.905462956186,61.231057829698));
#6681 = CARTESIAN_POINT('',(3.918420328365,61.350862855775));
#6682 = CARTESIAN_POINT('',(3.931316011808,61.470444322338));
#6683 = CARTESIAN_POINT('',(3.979136112895,61.914696276356));
#6684 = CARTESIAN_POINT('',(4.013690117722,62.237339319312));
#6685 = CARTESIAN_POINT('',(4.047866184912,62.555482597101));
#6686 = CARTESIAN_POINT('',(4.081713915622,62.867148807501));
#6687 = CARTESIAN_POINT('',(4.115281795329,63.170495816359));
#6688 = CARTESIAN_POINT('',(4.148617745585,63.463782702152));
#6689 = CARTESIAN_POINT('',(4.219244866752,64.06360553892));
#6690 = CARTESIAN_POINT('',(4.256492637884,64.366947650286));
#6691 = CARTESIAN_POINT('',(4.293550643541,64.652671029856));
#6692 = CARTESIAN_POINT('',(4.330456760253,64.918261404538));
#6693 = CARTESIAN_POINT('',(4.36724974054,65.161400780317));
#6694 = CARTESIAN_POINT('',(4.40396986677,65.37998688961));
#6695 = CARTESIAN_POINT('',(4.479546745084,65.775827474131));
#6696 = CARTESIAN_POINT('',(4.518400678876,65.949827471096));
#6697 = CARTESIAN_POINT('',(4.557222469092,66.09166911348));
#6698 = CARTESIAN_POINT('',(4.596019656851,66.199409976807));
#6699 = CARTESIAN_POINT('',(4.634803743439,66.271716196653));
#6700 = CARTESIAN_POINT('',(4.673588482175,66.307895450093));
#6701 = CARTESIAN_POINT('',(4.751203561136,66.307895450093));
#6702 = CARTESIAN_POINT('',(4.790002364045,66.271689929696));
#6703 = CARTESIAN_POINT('',(4.828800517718,66.199331255494));
#6704 = CARTESIAN_POINT('',(4.867611793705,66.091512734375));
#6705 = CARTESIAN_POINT('',(4.906447707501,65.949570126302));
#6706 = CARTESIAN_POINT('',(4.945315807466,65.775448596155));
#6707 = CARTESIAN_POINT('',(5.020897283581,65.379459078316));
#6708 = CARTESIAN_POINT('',(5.057607962982,65.160879724503));
#6709 = CARTESIAN_POINT('',(5.094391582952,64.917762965882));
#6710 = CARTESIAN_POINT('',(5.131288358851,64.652209820961));
#6711 = CARTESIAN_POINT('',(5.168336978938,64.366536937069));
#6712 = CARTESIAN_POINT('',(5.205575254972,64.063257123333));
#6713 = CARTESIAN_POINT('',(5.30444000785,63.223591925039));
#6714 = CARTESIAN_POINT('',(5.366397066216,62.66250616908));
#6715 = CARTESIAN_POINT('',(5.429272943128,62.072091298262));
#6716 = CARTESIAN_POINT('',(5.493415159517,61.463252859487));
#6717 = CARTESIAN_POINT('',(5.559172768965,60.848445251088));
#6718 = CARTESIAN_POINT('',(5.626901079772,60.242877203824));
#6719 = CARTESIAN_POINT('',(5.72095347601,59.467889575243));
#6720 = CARTESIAN_POINT('',(5.745200922512,59.273641581599));
#6721 = CARTESIAN_POINT('',(5.769746296168,59.083376611076));
#6722 = CARTESIAN_POINT('',(5.794601209541,58.897936892942));
#6723 = CARTESIAN_POINT('',(5.819777654197,58.71821241314));
#6724 = CARTESIAN_POINT('',(5.845288403762,58.545138582046));
#6725 = CARTESIAN_POINT('',(5.892055357721,58.245925937694));
#6726 = CARTESIAN_POINT('',(5.913194296764,58.11712409893));
#6727 = CARTESIAN_POINT('',(5.934559113141,57.993889457981));
#6728 = CARTESIAN_POINT('',(5.956145583872,57.876816445547));
#6729 = CARTESIAN_POINT('',(5.977950342892,57.766489129506));
#6730 = CARTESIAN_POINT('',(5.999970839989,57.663477493445));
#6731 = CARTESIAN_POINT('',(6.058237158214,57.414149300798));
#6732 = CARTESIAN_POINT('',(6.094882153443,57.280407810963));
#6733 = CARTESIAN_POINT('',(6.132011355576,57.170097365264));
#6734 = CARTESIAN_POINT('',(6.169509932679,57.085597854286));
#6735 = CARTESIAN_POINT('',(6.207272328086,57.028589035981));
#6736 = CARTESIAN_POINT('',(6.245197654835,57.));
#6737 = CARTESIAN_POINT('',(6.28318530718,57.));
#6738 = ( GEOMETRIC_REPRESENTATION_CONTEXT(2) 
PARAMETRIC_REPRESENTATION_CONTEXT() REPRESENTATION_CONTEXT('2D SPACE',''
  ) );
#6739 = ADVANCED_FACE('',(#6740),#4773,.F.);
#6740 = FACE_BOUND('',#6741,.F.);
#6741 = EDGE_LOOP('',(#6742,#6743,#6770));
#6742 = ORIENTED_EDGE('',*,*,#5268,.F.);
#6743 = ORIENTED_EDGE('',*,*,#6744,.T.);
#6744 = EDGE_CURVE('',#5269,#4365,#6745,.T.);
#6745 = SURFACE_CURVE('',#6746,(#6751,#6758),.PCURVE_S1.);
#6746 = CIRCLE('',#6747,30.);
#6747 = AXIS2_PLACEMENT_3D('',#6748,#6749,#6750);
#6748 = CARTESIAN_POINT('',(43.692104549907,0.,1.01278E+03));
#6749 = DIRECTION('',(1.,0.,-0.));
#6750 = DIRECTION('',(0.,0.,1.));
#6751 = PCURVE('',#4773,#6752);
#6752 = DEFINITIONAL_REPRESENTATION('',(#6753),#6757);
#6753 = LINE('',#6754,#6755);
#6754 = CARTESIAN_POINT('',(0.,0.));
#6755 = VECTOR('',#6756,1.);
#6756 = DIRECTION('',(1.,0.));
#6757 = ( GEOMETRIC_REPRESENTATION_CONTEXT(2) 
PARAMETRIC_REPRESENTATION_CONTEXT() REPRESENTATION_CONTEXT('2D SPACE',''
  ) );
#6758 = PCURVE('',#6759,#6764);
#6759 = PLANE('',#6760);
#6760 = AXIS2_PLACEMENT_3D('',#6761,#6762,#6763);
#6761 = CARTESIAN_POINT('',(43.692104549907,0.,1.01278E+03));
#6762 = DIRECTION('',(1.,0.,0.));
#6763 = DIRECTION('',(0.,0.,1.));
#6764 = DEFINITIONAL_REPRESENTATION('',(#6765),#6769);
#6765 = CIRCLE('',#6766,30.);
#6766 = AXIS2_PLACEMENT_2D('',#6767,#6768);
#6767 = CARTESIAN_POINT('',(0.,0.));
#6768 = DIRECTION('',(1.,0.));
#6769 = ( GEOMETRIC_REPRESENTATION_CONTEXT(2) 
PARAMETRIC_REPRESENTATION_CONTEXT() REPRESENTATION_CONTEXT('2D SPACE',''
  ) );
#6770 = ORIENTED_EDGE('',*,*,#4593,.F.);
#6771 = ADVANCED_FACE('',(#6772),#4546,.F.);
#6772 = FACE_BOUND('',#6773,.F.);
#6773 = EDGE_LOOP('',(#6774,#6775,#6776));
#6774 = ORIENTED_EDGE('',*,*,#5540,.F.);
#6775 = ORIENTED_EDGE('',*,*,#4364,.F.);
#6776 = ORIENTED_EDGE('',*,*,#6777,.F.);
#6777 = EDGE_CURVE('',#5269,#4365,#6778,.T.);
#6778 = SURFACE_CURVE('',#6779,(#6784,#6791),.PCURVE_S1.);
#6779 = CIRCLE('',#6780,30.);
#6780 = AXIS2_PLACEMENT_3D('',#6781,#6782,#6783);
#6781 = CARTESIAN_POINT('',(43.692104549907,0.,1.01278E+03));
#6782 = DIRECTION('',(-1.,0.,0.));
#6783 = DIRECTION('',(0.,-1.,0.));
#6784 = PCURVE('',#4546,#6785);
#6785 = DEFINITIONAL_REPRESENTATION('',(#6786),#6790);
#6786 = LINE('',#6787,#6788);
#6787 = CARTESIAN_POINT('',(7.853981633974,0.));
#6788 = VECTOR('',#6789,1.);
#6789 = DIRECTION('',(-1.,-0.));
#6790 = ( GEOMETRIC_REPRESENTATION_CONTEXT(2) 
PARAMETRIC_REPRESENTATION_CONTEXT() REPRESENTATION_CONTEXT('2D SPACE',''
  ) );
#6791 = PCURVE('',#6759,#6792);
#6792 = DEFINITIONAL_REPRESENTATION('',(#6793),#6801);
#6793 = ( BOUNDED_CURVE() B_SPLINE_CURVE(2,(#6794,#6795,#6796,#6797,
#6798,#6799,#6800),.UNSPECIFIED.,.T.,.F.) B_SPLINE_CURVE_WITH_KNOTS((1,2
    ,2,2,2,1),(-2.094395102393,0.,2.094395102393,4.188790204786,
6.28318530718,8.377580409573),.UNSPECIFIED.) CURVE() 
GEOMETRIC_REPRESENTATION_ITEM() RATIONAL_B_SPLINE_CURVE((1.,0.5,1.,0.5,
1.,0.5,1.)) REPRESENTATION_ITEM('') );
#6794 = CARTESIAN_POINT('',(0.,30.));
#6795 = CARTESIAN_POINT('',(51.961524227066,30.));
#6796 = CARTESIAN_POINT('',(25.980762113533,-15.));
#6797 = CARTESIAN_POINT('',(7.347880794884E-15,-60.));
#6798 = CARTESIAN_POINT('',(-25.98076211353,-15.));
#6799 = CARTESIAN_POINT('',(-51.96152422706,30.));
#6800 = CARTESIAN_POINT('',(0.,30.));
#6801 = ( GEOMETRIC_REPRESENTATION_CONTEXT(2) 
PARAMETRIC_REPRESENTATION_CONTEXT() REPRESENTATION_CONTEXT('2D SPACE',''
  ) );
#6802 = ADVANCED_FACE('',(#6803),#4329,.T.);
#6803 = FACE_BOUND('',#6804,.T.);
#6804 = EDGE_LOOP('',(#6805,#6806,#6807));
#6805 = ORIENTED_EDGE('',*,*,#5775,.T.);
#6806 = ORIENTED_EDGE('',*,*,#4312,.T.);
#6807 = ORIENTED_EDGE('',*,*,#6808,.F.);
#6808 = EDGE_CURVE('',#5175,#4290,#6809,.T.);
#6809 = SURFACE_CURVE('',#6810,(#6814,#6820),.PCURVE_S1.);
#6810 = LINE('',#6811,#6812);
#6811 = CARTESIAN_POINT('',(-21.25,31.666228067138,1.05178E+03));
#6812 = VECTOR('',#6813,1.);
#6813 = DIRECTION('',(1.,0.,-0.));
#6814 = PCURVE('',#4329,#6815);
#6815 = DEFINITIONAL_REPRESENTATION('',(#6816),#6819);
#6816 = B_SPLINE_CURVE_WITH_KNOTS('',1,(#6817,#6818),.UNSPECIFIED.,.F.,
  .F.,(2,2),(-30.75,71.355263157895),.PIECEWISE_BEZIER_KNOTS.);
#6817 = CARTESIAN_POINT('',(-52.,31.666228067138));
#6818 = CARTESIAN_POINT('',(50.105263157895,31.666228067138));
#6819 = ( GEOMETRIC_REPRESENTATION_CONTEXT(2) 
PARAMETRIC_REPRESENTATION_CONTEXT() REPRESENTATION_CONTEXT('2D SPACE',''
  ) );
#6820 = PCURVE('',#4887,#6821);
#6821 = DEFINITIONAL_REPRESENTATION('',(#6822),#6825);
#6822 = B_SPLINE_CURVE_WITH_KNOTS('',1,(#6823,#6824),.UNSPECIFIED.,.F.,
  .F.,(2,2),(-30.75,71.355263157895),.PIECEWISE_BEZIER_KNOTS.);
#6823 = CARTESIAN_POINT('',(-3.552713678801E-15,-12.74754878398));
#6824 = CARTESIAN_POINT('',(68.083264598498,63.345511649633));
#6825 = ( GEOMETRIC_REPRESENTATION_CONTEXT(2) 
PARAMETRIC_REPRESENTATION_CONTEXT() REPRESENTATION_CONTEXT('2D SPACE',''
  ) );
#6826 = ADVANCED_FACE('',(#6827),#4887,.T.);
#6827 = FACE_BOUND('',#6828,.T.);
#6828 = EDGE_LOOP('',(#6829,#6850,#6851,#6852));
#6829 = ORIENTED_EDGE('',*,*,#6830,.F.);
#6830 = EDGE_CURVE('',#5198,#4872,#6831,.T.);
#6831 = SURFACE_CURVE('',#6832,(#6836,#6843),.PCURVE_S1.);
#6832 = LINE('',#6833,#6834);
#6833 = CARTESIAN_POINT('',(-42.5,31.666228067138,1.06028E+03));
#6834 = VECTOR('',#6835,1.);
#6835 = DIRECTION('',(1.,0.,0.));
#6836 = PCURVE('',#4887,#6837);
#6837 = DEFINITIONAL_REPRESENTATION('',(#6838),#6842);
#6838 = LINE('',#6839,#6840);
#6839 = CARTESIAN_POINT('',(0.,0.));
#6840 = VECTOR('',#6841,1.);
#6841 = DIRECTION('',(0.66679485947,0.745241313525));
#6842 = ( GEOMETRIC_REPRESENTATION_CONTEXT(2) 
PARAMETRIC_REPRESENTATION_CONTEXT() REPRESENTATION_CONTEXT('2D SPACE',''
  ) );
#6843 = PCURVE('',#4942,#6844);
#6844 = DEFINITIONAL_REPRESENTATION('',(#6845),#6849);
#6845 = LINE('',#6846,#6847);
#6846 = CARTESIAN_POINT('',(0.,0.));
#6847 = VECTOR('',#6848,1.);
#6848 = DIRECTION('',(1.,0.));
#6849 = ( GEOMETRIC_REPRESENTATION_CONTEXT(2) 
PARAMETRIC_REPRESENTATION_CONTEXT() REPRESENTATION_CONTEXT('2D SPACE',''
  ) );
#6850 = ORIENTED_EDGE('',*,*,#5197,.F.);
#6851 = ORIENTED_EDGE('',*,*,#6808,.T.);
#6852 = ORIENTED_EDGE('',*,*,#4871,.F.);
#6853 = ADVANCED_FACE('',(#6854,#6907),#4917,.F.);
#6854 = FACE_BOUND('',#6855,.F.);
#6855 = EDGE_LOOP('',(#6856,#6884,#6905,#6906));
#6856 = ORIENTED_EDGE('',*,*,#6857,.T.);
#6857 = EDGE_CURVE('',#4903,#6858,#6860,.T.);
#6858 = VERTEX_POINT('',#6859);
#6859 = CARTESIAN_POINT('',(28.43241741755,290.,1.035858077038E+03));
#6860 = SURFACE_CURVE('',#6861,(#6865,#6872),.PCURVE_S1.);
#6861 = LINE('',#6862,#6863);
#6862 = CARTESIAN_POINT('',(28.43241741755,235.,1.035858077038E+03));
#6863 = VECTOR('',#6864,1.);
#6864 = DIRECTION('',(0.,1.,0.));
#6865 = PCURVE('',#4917,#6866);
#6866 = DEFINITIONAL_REPRESENTATION('',(#6867),#6871);
#6867 = LINE('',#6868,#6869);
#6868 = CARTESIAN_POINT('',(0.,0.));
#6869 = VECTOR('',#6870,1.);
#6870 = DIRECTION('',(0.,-1.));
#6871 = ( GEOMETRIC_REPRESENTATION_CONTEXT(2) 
PARAMETRIC_REPRESENTATION_CONTEXT() REPRESENTATION_CONTEXT('2D SPACE',''
  ) );
#6872 = PCURVE('',#6873,#6878);
#6873 = PLANE('',#6874);
#6874 = AXIS2_PLACEMENT_3D('',#6875,#6876,#6877);
#6875 = CARTESIAN_POINT('',(-11.95219796706,235.,1.047394230654E+03));
#6876 = DIRECTION('',(-0.274670324175,0.,-0.961538461538));
#6877 = DIRECTION('',(0.961538461538,0.,-0.274670324175));
#6878 = DEFINITIONAL_REPRESENTATION('',(#6879),#6883);
#6879 = LINE('',#6880,#6881);
#6880 = CARTESIAN_POINT('',(42.,0.));
#6881 = VECTOR('',#6882,1.);
#6882 = DIRECTION('',(0.,-1.));
#6883 = ( GEOMETRIC_REPRESENTATION_CONTEXT(2) 
PARAMETRIC_REPRESENTATION_CONTEXT() REPRESENTATION_CONTEXT('2D SPACE',''
  ) );
#6884 = ORIENTED_EDGE('',*,*,#6885,.T.);
#6885 = EDGE_CURVE('',#6858,#4959,#6886,.T.);
#6886 = SURFACE_CURVE('',#6887,(#6891,#6898),.PCURVE_S1.);
#6887 = LINE('',#6888,#6889);
#6888 = CARTESIAN_POINT('',(28.43241741755,290.,1.035858077038E+03));
#6889 = VECTOR('',#6890,1.);
#6890 = DIRECTION('',(-0.274670324175,0.,-0.961538461538));
#6891 = PCURVE('',#4917,#6892);
#6892 = DEFINITIONAL_REPRESENTATION('',(#6893),#6897);
#6893 = LINE('',#6894,#6895);
#6894 = CARTESIAN_POINT('',(0.,-55.));
#6895 = VECTOR('',#6896,1.);
#6896 = DIRECTION('',(1.,0.));
#6897 = ( GEOMETRIC_REPRESENTATION_CONTEXT(2) 
PARAMETRIC_REPRESENTATION_CONTEXT() REPRESENTATION_CONTEXT('2D SPACE',''
  ) );
#6898 = PCURVE('',#4997,#6899);
#6899 = DEFINITIONAL_REPRESENTATION('',(#6900),#6904);
#6900 = LINE('',#6901,#6902);
#6901 = CARTESIAN_POINT('',(23.078077038485,28.432417417549));
#6902 = VECTOR('',#6903,1.);
#6903 = DIRECTION('',(-0.961538461538,-0.274670324175));
#6904 = ( GEOMETRIC_REPRESENTATION_CONTEXT(2) 
PARAMETRIC_REPRESENTATION_CONTEXT() REPRESENTATION_CONTEXT('2D SPACE',''
  ) );
#6905 = ORIENTED_EDGE('',*,*,#4958,.F.);
#6906 = ORIENTED_EDGE('',*,*,#4902,.F.);
#6907 = FACE_BOUND('',#6908,.F.);
#6908 = EDGE_LOOP('',(#6909));
#6909 = ORIENTED_EDGE('',*,*,#6910,.T.);
#6910 = EDGE_CURVE('',#6911,#6911,#6913,.T.);
#6911 = VERTEX_POINT('',#6912);
#6912 = CARTESIAN_POINT('',(22.66434060988,260.,1.015665769346E+03));
#6913 = SURFACE_CURVE('',#6914,(#6919,#6930),.PCURVE_S1.);
#6914 = CIRCLE('',#6915,9.);
#6915 = AXIS2_PLACEMENT_3D('',#6916,#6917,#6918);
#6916 = CARTESIAN_POINT('',(20.192307692308,260.,1.007011923192E+03));
#6917 = DIRECTION('',(0.961538461538,0.,-0.274670324175));
#6918 = DIRECTION('',(0.274670324175,0.,0.961538461538));
#6919 = PCURVE('',#4917,#6920);
#6920 = DEFINITIONAL_REPRESENTATION('',(#6921),#6929);
#6921 = ( BOUNDED_CURVE() B_SPLINE_CURVE(2,(#6922,#6923,#6924,#6925,
#6926,#6927,#6928),.UNSPECIFIED.,.T.,.F.) B_SPLINE_CURVE_WITH_KNOTS((1,2
    ,2,2,2,1),(-2.094395102393,0.,2.094395102393,4.188790204786,
6.28318530718,8.377580409573),.UNSPECIFIED.) CURVE() 
GEOMETRIC_REPRESENTATION_ITEM() RATIONAL_B_SPLINE_CURVE((1.,0.5,1.,0.5,
1.,0.5,1.)) REPRESENTATION_ITEM('') );
#6922 = CARTESIAN_POINT('',(21.,-25.));
#6923 = CARTESIAN_POINT('',(21.,-9.41154273188));
#6924 = CARTESIAN_POINT('',(34.5,-17.20577136594));
#6925 = CARTESIAN_POINT('',(48.,-25.));
#6926 = CARTESIAN_POINT('',(34.5,-32.79422863406));
#6927 = CARTESIAN_POINT('',(21.,-40.58845726812));
#6928 = CARTESIAN_POINT('',(21.,-25.));
#6929 = ( GEOMETRIC_REPRESENTATION_CONTEXT(2) 
PARAMETRIC_REPRESENTATION_CONTEXT() REPRESENTATION_CONTEXT('2D SPACE',''
  ) );
#6930 = PCURVE('',#6931,#6936);
#6931 = CYLINDRICAL_SURFACE('',#6932,9.);
#6932 = AXIS2_PLACEMENT_3D('',#6933,#6934,#6935);
#6933 = CARTESIAN_POINT('',(-48.07692307692,260.,1.026513516209E+03));
#6934 = DIRECTION('',(0.961538461538,0.,-0.274670324175));
#6935 = DIRECTION('',(0.274670324175,0.,0.961538461538));
#6936 = DEFINITIONAL_REPRESENTATION('',(#6937),#6941);
#6937 = LINE('',#6938,#6939);
#6938 = CARTESIAN_POINT('',(0.,71.));
#6939 = VECTOR('',#6940,1.);
#6940 = DIRECTION('',(1.,0.));
#6941 = ( GEOMETRIC_REPRESENTATION_CONTEXT(2) 
PARAMETRIC_REPRESENTATION_CONTEXT() REPRESENTATION_CONTEXT('2D SPACE',''
  ) );
#6942 = ADVANCED_FACE('',(#6943),#4942,.T.);
#6943 = FACE_BOUND('',#6944,.T.);
#6944 = EDGE_LOOP('',(#6945,#6946,#6947,#6969,#6994));
#6945 = ORIENTED_EDGE('',*,*,#6830,.T.);
#6946 = ORIENTED_EDGE('',*,*,#4929,.T.);
#6947 = ORIENTED_EDGE('',*,*,#6948,.F.);
#6948 = EDGE_CURVE('',#6949,#4903,#6951,.T.);
#6949 = VERTEX_POINT('',#6950);
#6950 = CARTESIAN_POINT('',(8.240109725242,235.,1.041626153846E+03));
#6951 = SURFACE_CURVE('',#6952,(#6956,#6962),.PCURVE_S1.);
#6952 = LINE('',#6953,#6954);
#6953 = CARTESIAN_POINT('',(-11.95219796706,235.,1.047394230654E+03));
#6954 = VECTOR('',#6955,1.);
#6955 = DIRECTION('',(0.961538461538,0.,-0.274670324175));
#6956 = PCURVE('',#4942,#6957);
#6957 = DEFINITIONAL_REPRESENTATION('',(#6958),#6961);
#6958 = B_SPLINE_CURVE_WITH_KNOTS('',1,(#6959,#6960),.UNSPECIFIED.,.F.,
  .F.,(2,2),(0.,42.),.PIECEWISE_BEZIER_KNOTS.);
#6959 = CARTESIAN_POINT('',(0.,1.));
#6960 = CARTESIAN_POINT('',(85.,1.));
#6961 = ( GEOMETRIC_REPRESENTATION_CONTEXT(2) 
PARAMETRIC_REPRESENTATION_CONTEXT() REPRESENTATION_CONTEXT('2D SPACE',''
  ) );
#6962 = PCURVE('',#6873,#6963);
#6963 = DEFINITIONAL_REPRESENTATION('',(#6964),#6968);
#6964 = LINE('',#6965,#6966);
#6965 = CARTESIAN_POINT('',(0.,0.));
#6966 = VECTOR('',#6967,1.);
#6967 = DIRECTION('',(1.,0.));
#6968 = ( GEOMETRIC_REPRESENTATION_CONTEXT(2) 
PARAMETRIC_REPRESENTATION_CONTEXT() REPRESENTATION_CONTEXT('2D SPACE',''
  ) );
#6969 = ORIENTED_EDGE('',*,*,#6970,.F.);
#6970 = EDGE_CURVE('',#5221,#6949,#6971,.T.);
#6971 = SURFACE_CURVE('',#6972,(#6976,#6982),.PCURVE_S1.);
#6972 = LINE('',#6973,#6974);
#6973 = CARTESIAN_POINT('',(-11.95219796706,235.,1.047394230654E+03));
#6974 = VECTOR('',#6975,1.);
#6975 = DIRECTION('',(0.961538461538,0.,-0.274670324175));
#6976 = PCURVE('',#4942,#6977);
#6977 = DEFINITIONAL_REPRESENTATION('',(#6978),#6981);
#6978 = B_SPLINE_CURVE_WITH_KNOTS('',1,(#6979,#6980),.UNSPECIFIED.,.F.,
  .F.,(2,2),(0.,42.),.PIECEWISE_BEZIER_KNOTS.);
#6979 = CARTESIAN_POINT('',(0.,1.));
#6980 = CARTESIAN_POINT('',(85.,1.));
#6981 = ( GEOMETRIC_REPRESENTATION_CONTEXT(2) 
PARAMETRIC_REPRESENTATION_CONTEXT() REPRESENTATION_CONTEXT('2D SPACE',''
  ) );
#6982 = PCURVE('',#6983,#6988);
#6983 = PLANE('',#6984);
#6984 = AXIS2_PLACEMENT_3D('',#6985,#6986,#6987);
#6985 = CARTESIAN_POINT('',(-11.95219796706,235.,1.047394230654E+03));
#6986 = DIRECTION('',(-0.274670324175,0.,-0.961538461538));
#6987 = DIRECTION('',(0.961538461538,0.,-0.274670324175));
#6988 = DEFINITIONAL_REPRESENTATION('',(#6989),#6993);
#6989 = LINE('',#6990,#6991);
#6990 = CARTESIAN_POINT('',(0.,0.));
#6991 = VECTOR('',#6992,1.);
#6992 = DIRECTION('',(1.,0.));
#6993 = ( GEOMETRIC_REPRESENTATION_CONTEXT(2) 
PARAMETRIC_REPRESENTATION_CONTEXT() REPRESENTATION_CONTEXT('2D SPACE',''
  ) );
#6994 = ORIENTED_EDGE('',*,*,#5220,.F.);
#6995 = ADVANCED_FACE('',(#6996),#5050,.F.);
#6996 = FACE_BOUND('',#6997,.F.);
#6997 = EDGE_LOOP('',(#6998,#6999,#7022,#7048,#7076,#7097));
#6998 = ORIENTED_EDGE('',*,*,#5035,.T.);
#6999 = ORIENTED_EDGE('',*,*,#7000,.T.);
#7000 = EDGE_CURVE('',#5010,#7001,#7003,.T.);
#7001 = VERTEX_POINT('',#7002);
#7002 = CARTESIAN_POINT('',(18.817032802165,246.,1.03860478028E+03));
#7003 = SURFACE_CURVE('',#7004,(#7008,#7015),.PCURVE_S1.);
#7004 = LINE('',#7005,#7006);
#7005 = CARTESIAN_POINT('',(-3.156593131813,246.,961.68170335715));
#7006 = VECTOR('',#7007,1.);
#7007 = DIRECTION('',(0.274670324175,0.,0.961538461538));
#7008 = PCURVE('',#5050,#7009);
#7009 = DEFINITIONAL_REPRESENTATION('',(#7010),#7014);
#7010 = LINE('',#7011,#7012);
#7011 = CARTESIAN_POINT('',(6.28318530718,-0.));
#7012 = VECTOR('',#7013,1.);
#7013 = DIRECTION('',(0.,1.));
#7014 = ( GEOMETRIC_REPRESENTATION_CONTEXT(2) 
PARAMETRIC_REPRESENTATION_CONTEXT() REPRESENTATION_CONTEXT('2D SPACE',''
  ) );
#7015 = PCURVE('',#5024,#7016);
#7016 = DEFINITIONAL_REPRESENTATION('',(#7017),#7021);
#7017 = LINE('',#7018,#7019);
#7018 = CARTESIAN_POINT('',(0.,50.));
#7019 = VECTOR('',#7020,1.);
#7020 = DIRECTION('',(0.,-1.));
#7021 = ( GEOMETRIC_REPRESENTATION_CONTEXT(2) 
PARAMETRIC_REPRESENTATION_CONTEXT() REPRESENTATION_CONTEXT('2D SPACE',''
  ) );
#7022 = ORIENTED_EDGE('',*,*,#7023,.F.);
#7023 = EDGE_CURVE('',#6949,#7001,#7024,.T.);
#7024 = SURFACE_CURVE('',#7025,(#7030,#7037),.PCURVE_S1.);
#7025 = CIRCLE('',#7026,11.);
#7026 = AXIS2_PLACEMENT_3D('',#7027,#7028,#7029);
#7027 = CARTESIAN_POINT('',(8.240109725242,246.,1.041626153846E+03));
#7028 = DIRECTION('',(0.274670324175,0.,0.961538461538));
#7029 = DIRECTION('',(0.961538461538,0.,-0.274670324175));
#7030 = PCURVE('',#5050,#7031);
#7031 = DEFINITIONAL_REPRESENTATION('',(#7032),#7036);
#7032 = LINE('',#7033,#7034);
#7033 = CARTESIAN_POINT('',(0.,80.));
#7034 = VECTOR('',#7035,1.);
#7035 = DIRECTION('',(1.,0.));
#7036 = ( GEOMETRIC_REPRESENTATION_CONTEXT(2) 
PARAMETRIC_REPRESENTATION_CONTEXT() REPRESENTATION_CONTEXT('2D SPACE',''
  ) );
#7037 = PCURVE('',#6873,#7038);
#7038 = DEFINITIONAL_REPRESENTATION('',(#7039),#7047);
#7039 = ( BOUNDED_CURVE() B_SPLINE_CURVE(2,(#7040,#7041,#7042,#7043,
#7044,#7045,#7046),.UNSPECIFIED.,.T.,.F.) B_SPLINE_CURVE_WITH_KNOTS((1,2
    ,2,2,2,1),(-2.094395102393,0.,2.094395102393,4.188790204786,
6.28318530718,8.377580409573),.UNSPECIFIED.) CURVE() 
GEOMETRIC_REPRESENTATION_ITEM() RATIONAL_B_SPLINE_CURVE((1.,0.5,1.,0.5,
1.,0.5,1.)) REPRESENTATION_ITEM('') );
#7040 = CARTESIAN_POINT('',(32.,-11.));
#7041 = CARTESIAN_POINT('',(32.,-30.05255888325));
#7042 = CARTESIAN_POINT('',(15.5,-20.52627944162));
#7043 = CARTESIAN_POINT('',(-1.,-11.));
#7044 = CARTESIAN_POINT('',(15.5,-1.473720558371));
#7045 = CARTESIAN_POINT('',(32.,8.052558883258));
#7046 = CARTESIAN_POINT('',(32.,-11.));
#7047 = ( GEOMETRIC_REPRESENTATION_CONTEXT(2) 
PARAMETRIC_REPRESENTATION_CONTEXT() REPRESENTATION_CONTEXT('2D SPACE',''
  ) );
#7048 = ORIENTED_EDGE('',*,*,#7049,.F.);
#7049 = EDGE_CURVE('',#7050,#6949,#7052,.T.);
#7050 = VERTEX_POINT('',#7051);
#7051 = CARTESIAN_POINT('',(-2.336813351681,246.,1.044647527412E+03));
#7052 = SURFACE_CURVE('',#7053,(#7058,#7065),.PCURVE_S1.);
#7053 = CIRCLE('',#7054,11.);
#7054 = AXIS2_PLACEMENT_3D('',#7055,#7056,#7057);
#7055 = CARTESIAN_POINT('',(8.240109725242,246.,1.041626153846E+03));
#7056 = DIRECTION('',(0.274670324175,0.,0.961538461538));
#7057 = DIRECTION('',(0.961538461538,0.,-0.274670324175));
#7058 = PCURVE('',#5050,#7059);
#7059 = DEFINITIONAL_REPRESENTATION('',(#7060),#7064);
#7060 = LINE('',#7061,#7062);
#7061 = CARTESIAN_POINT('',(0.,80.));
#7062 = VECTOR('',#7063,1.);
#7063 = DIRECTION('',(1.,0.));
#7064 = ( GEOMETRIC_REPRESENTATION_CONTEXT(2) 
PARAMETRIC_REPRESENTATION_CONTEXT() REPRESENTATION_CONTEXT('2D SPACE',''
  ) );
#7065 = PCURVE('',#6983,#7066);
#7066 = DEFINITIONAL_REPRESENTATION('',(#7067),#7075);
#7067 = ( BOUNDED_CURVE() B_SPLINE_CURVE(2,(#7068,#7069,#7070,#7071,
#7072,#7073,#7074),.UNSPECIFIED.,.T.,.F.) B_SPLINE_CURVE_WITH_KNOTS((1,2
    ,2,2,2,1),(-2.094395102393,0.,2.094395102393,4.188790204786,
6.28318530718,8.377580409573),.UNSPECIFIED.) CURVE() 
GEOMETRIC_REPRESENTATION_ITEM() RATIONAL_B_SPLINE_CURVE((1.,0.5,1.,0.5,
1.,0.5,1.)) REPRESENTATION_ITEM('') );
#7068 = CARTESIAN_POINT('',(32.,-11.));
#7069 = CARTESIAN_POINT('',(32.,-30.05255888325));
#7070 = CARTESIAN_POINT('',(15.5,-20.52627944162));
#7071 = CARTESIAN_POINT('',(-1.,-11.));
#7072 = CARTESIAN_POINT('',(15.5,-1.473720558371));
#7073 = CARTESIAN_POINT('',(32.,8.052558883258));
#7074 = CARTESIAN_POINT('',(32.,-11.));
#7075 = ( GEOMETRIC_REPRESENTATION_CONTEXT(2) 
PARAMETRIC_REPRESENTATION_CONTEXT() REPRESENTATION_CONTEXT('2D SPACE',''
  ) );
#7076 = ORIENTED_EDGE('',*,*,#7077,.T.);
#7077 = EDGE_CURVE('',#7050,#5067,#7078,.T.);
#7078 = SURFACE_CURVE('',#7079,(#7083,#7090),.PCURVE_S1.);
#7079 = LINE('',#7080,#7081);
#7080 = CARTESIAN_POINT('',(16.890109340549,246.,1.11195521972E+03));
#7081 = VECTOR('',#7082,1.);
#7082 = DIRECTION('',(-0.274670324175,0.,-0.961538461538));
#7083 = PCURVE('',#5050,#7084);
#7084 = DEFINITIONAL_REPRESENTATION('',(#7085),#7089);
#7085 = LINE('',#7086,#7087);
#7086 = CARTESIAN_POINT('',(3.14159265359,150.));
#7087 = VECTOR('',#7088,1.);
#7088 = DIRECTION('',(0.,-1.));
#7089 = ( GEOMETRIC_REPRESENTATION_CONTEXT(2) 
PARAMETRIC_REPRESENTATION_CONTEXT() REPRESENTATION_CONTEXT('2D SPACE',''
  ) );
#7090 = PCURVE('',#5105,#7091);
#7091 = DEFINITIONAL_REPRESENTATION('',(#7092),#7096);
#7092 = LINE('',#7093,#7094);
#7093 = CARTESIAN_POINT('',(49.,-100.));
#7094 = VECTOR('',#7095,1.);
#7095 = DIRECTION('',(-0.,1.));
#7096 = ( GEOMETRIC_REPRESENTATION_CONTEXT(2) 
PARAMETRIC_REPRESENTATION_CONTEXT() REPRESENTATION_CONTEXT('2D SPACE',''
  ) );
#7097 = ORIENTED_EDGE('',*,*,#5066,.T.);
#7098 = ADVANCED_FACE('',(#7099,#7143),#5024,.T.);
#7099 = FACE_BOUND('',#7100,.T.);
#7100 = EDGE_LOOP('',(#7101,#7102,#7123,#7142));
#7101 = ORIENTED_EDGE('',*,*,#7000,.T.);
#7102 = ORIENTED_EDGE('',*,*,#7103,.T.);
#7103 = EDGE_CURVE('',#7001,#7104,#7106,.T.);
#7104 = VERTEX_POINT('',#7105);
#7105 = CARTESIAN_POINT('',(18.817032802165,290.,1.03860478028E+03));
#7106 = SURFACE_CURVE('',#7107,(#7111,#7117),.PCURVE_S1.);
#7107 = LINE('',#7108,#7109);
#7108 = CARTESIAN_POINT('',(18.817032802165,240.5,1.03860478028E+03));
#7109 = VECTOR('',#7110,1.);
#7110 = DIRECTION('',(0.,1.,0.));
#7111 = PCURVE('',#5024,#7112);
#7112 = DEFINITIONAL_REPRESENTATION('',(#7113),#7116);
#7113 = B_SPLINE_CURVE_WITH_KNOTS('',1,(#7114,#7115),.UNSPECIFIED.,.F.,
  .F.,(2,2),(5.5,49.5),.PIECEWISE_BEZIER_KNOTS.);
#7114 = CARTESIAN_POINT('',(0.,-30.));
#7115 = CARTESIAN_POINT('',(44.,-30.));
#7116 = ( GEOMETRIC_REPRESENTATION_CONTEXT(2) 
PARAMETRIC_REPRESENTATION_CONTEXT() REPRESENTATION_CONTEXT('2D SPACE',''
  ) );
#7117 = PCURVE('',#6873,#7118);
#7118 = DEFINITIONAL_REPRESENTATION('',(#7119),#7122);
#7119 = B_SPLINE_CURVE_WITH_KNOTS('',1,(#7120,#7121),.UNSPECIFIED.,.F.,
  .F.,(2,2),(5.5,49.5),.PIECEWISE_BEZIER_KNOTS.);
#7120 = CARTESIAN_POINT('',(32.,-11.));
#7121 = CARTESIAN_POINT('',(32.,-55.));
#7122 = ( GEOMETRIC_REPRESENTATION_CONTEXT(2) 
PARAMETRIC_REPRESENTATION_CONTEXT() REPRESENTATION_CONTEXT('2D SPACE',''
  ) );
#7123 = ORIENTED_EDGE('',*,*,#7124,.F.);
#7124 = EDGE_CURVE('',#4982,#7104,#7125,.T.);
#7125 = SURFACE_CURVE('',#7126,(#7130,#7136),.PCURVE_S1.);
#7126 = LINE('',#7127,#7128);
#7127 = CARTESIAN_POINT('',(10.576923076923,290.,1.009758626434E+03));
#7128 = VECTOR('',#7129,1.);
#7129 = DIRECTION('',(0.274670324175,-0.,0.961538461538));
#7130 = PCURVE('',#5024,#7131);
#7131 = DEFINITIONAL_REPRESENTATION('',(#7132),#7135);
#7132 = B_SPLINE_CURVE_WITH_KNOTS('',1,(#7133,#7134),.UNSPECIFIED.,.F.,
  .F.,(2,2),(-32.85657137141,39.141028388535),.PIECEWISE_BEZIER_KNOTS.);
#7133 = CARTESIAN_POINT('',(44.,32.856571371417));
#7134 = CARTESIAN_POINT('',(44.,-39.14102838853));
#7135 = ( GEOMETRIC_REPRESENTATION_CONTEXT(2) 
PARAMETRIC_REPRESENTATION_CONTEXT() REPRESENTATION_CONTEXT('2D SPACE',''
  ) );
#7136 = PCURVE('',#4997,#7137);
#7137 = DEFINITIONAL_REPRESENTATION('',(#7138),#7141);
#7138 = B_SPLINE_CURVE_WITH_KNOTS('',1,(#7139,#7140),.UNSPECIFIED.,.F.,
  .F.,(2,2),(-32.85657137141,39.141028388535),.PIECEWISE_BEZIER_KNOTS.);
#7139 = CARTESIAN_POINT('',(-34.61423065382,1.552197967066));
#7140 = CARTESIAN_POINT('',(34.614230653823,21.327802032934));
#7141 = ( GEOMETRIC_REPRESENTATION_CONTEXT(2) 
PARAMETRIC_REPRESENTATION_CONTEXT() REPRESENTATION_CONTEXT('2D SPACE',''
  ) );
#7142 = ORIENTED_EDGE('',*,*,#5009,.T.);
#7143 = FACE_BOUND('',#7144,.T.);
#7144 = EDGE_LOOP('',(#7145));
#7145 = ORIENTED_EDGE('',*,*,#7146,.T.);
#7146 = EDGE_CURVE('',#7147,#7147,#7149,.T.);
#7147 = VERTEX_POINT('',#7148);
#7148 = CARTESIAN_POINT('',(13.048955994496,260.,1.018412472588E+03));
#7149 = SURFACE_CURVE('',#7150,(#7155,#7166),.PCURVE_S1.);
#7150 = CIRCLE('',#7151,9.);
#7151 = AXIS2_PLACEMENT_3D('',#7152,#7153,#7154);
#7152 = CARTESIAN_POINT('',(10.576923076923,260.,1.009758626434E+03));
#7153 = DIRECTION('',(0.961538461538,0.,-0.274670324175));
#7154 = DIRECTION('',(0.274670324175,0.,0.961538461538));
#7155 = PCURVE('',#5024,#7156);
#7156 = DEFINITIONAL_REPRESENTATION('',(#7157),#7165);
#7157 = ( BOUNDED_CURVE() B_SPLINE_CURVE(2,(#7158,#7159,#7160,#7161,
#7162,#7163,#7164),.UNSPECIFIED.,.T.,.F.) B_SPLINE_CURVE_WITH_KNOTS((1,2
    ,2,2,2,1),(-2.094395102393,0.,2.094395102393,4.188790204786,
6.28318530718,8.377580409573),.UNSPECIFIED.) CURVE() 
GEOMETRIC_REPRESENTATION_ITEM() RATIONAL_B_SPLINE_CURVE((1.,0.5,1.,0.5,
1.,0.5,1.)) REPRESENTATION_ITEM('') );
#7158 = CARTESIAN_POINT('',(14.,-9.));
#7159 = CARTESIAN_POINT('',(-1.58845726812,-9.));
#7160 = CARTESIAN_POINT('',(6.20577136594,4.5));
#7161 = CARTESIAN_POINT('',(14.,18.));
#7162 = CARTESIAN_POINT('',(21.79422863406,4.5));
#7163 = CARTESIAN_POINT('',(29.58845726812,-9.));
#7164 = CARTESIAN_POINT('',(14.,-9.));
#7165 = ( GEOMETRIC_REPRESENTATION_CONTEXT(2) 
PARAMETRIC_REPRESENTATION_CONTEXT() REPRESENTATION_CONTEXT('2D SPACE',''
  ) );
#7166 = PCURVE('',#6931,#7167);
#7167 = DEFINITIONAL_REPRESENTATION('',(#7168),#7172);
#7168 = LINE('',#7169,#7170);
#7169 = CARTESIAN_POINT('',(0.,61.));
#7170 = VECTOR('',#7171,1.);
#7171 = DIRECTION('',(1.,0.));
#7172 = ( GEOMETRIC_REPRESENTATION_CONTEXT(2) 
PARAMETRIC_REPRESENTATION_CONTEXT() REPRESENTATION_CONTEXT('2D SPACE',''
  ) );
#7173 = ADVANCED_FACE('',(#7174),#4997,.T.);
#7174 = FACE_BOUND('',#7175,.T.);
#7175 = EDGE_LOOP('',(#7176,#7177,#7198,#7199));
#7176 = ORIENTED_EDGE('',*,*,#7124,.T.);
#7177 = ORIENTED_EDGE('',*,*,#7178,.T.);
#7178 = EDGE_CURVE('',#7104,#6858,#7179,.T.);
#7179 = SURFACE_CURVE('',#7180,(#7184,#7191),.PCURVE_S1.);
#7180 = LINE('',#7181,#7182);
#7181 = CARTESIAN_POINT('',(-11.95219796706,290.,1.047394230654E+03));
#7182 = VECTOR('',#7183,1.);
#7183 = DIRECTION('',(0.961538461538,0.,-0.274670324175));
#7184 = PCURVE('',#4997,#7185);
#7185 = DEFINITIONAL_REPRESENTATION('',(#7186),#7190);
#7186 = LINE('',#7187,#7188);
#7187 = CARTESIAN_POINT('',(34.614230653823,-11.95219796706));
#7188 = VECTOR('',#7189,1.);
#7189 = DIRECTION('',(-0.274670324175,0.961538461538));
#7190 = ( GEOMETRIC_REPRESENTATION_CONTEXT(2) 
PARAMETRIC_REPRESENTATION_CONTEXT() REPRESENTATION_CONTEXT('2D SPACE',''
  ) );
#7191 = PCURVE('',#6873,#7192);
#7192 = DEFINITIONAL_REPRESENTATION('',(#7193),#7197);
#7193 = LINE('',#7194,#7195);
#7194 = CARTESIAN_POINT('',(0.,-55.));
#7195 = VECTOR('',#7196,1.);
#7196 = DIRECTION('',(1.,0.));
#7197 = ( GEOMETRIC_REPRESENTATION_CONTEXT(2) 
PARAMETRIC_REPRESENTATION_CONTEXT() REPRESENTATION_CONTEXT('2D SPACE',''
  ) );
#7198 = ORIENTED_EDGE('',*,*,#6885,.T.);
#7199 = ORIENTED_EDGE('',*,*,#4981,.T.);
#7200 = ADVANCED_FACE('',(#7201,#7249),#5158,.F.);
#7201 = FACE_BOUND('',#7202,.F.);
#7202 = EDGE_LOOP('',(#7203,#7204,#7227,#7248));
#7203 = ORIENTED_EDGE('',*,*,#5144,.T.);
#7204 = ORIENTED_EDGE('',*,*,#7205,.T.);
#7205 = EDGE_CURVE('',#5117,#7206,#7208,.T.);
#7206 = VERTEX_POINT('',#7207);
#7207 = CARTESIAN_POINT('',(-11.95219796706,290.,1.047394230654E+03));
#7208 = SURFACE_CURVE('',#7209,(#7213,#7220),.PCURVE_S1.);
#7209 = LINE('',#7210,#7211);
#7210 = CARTESIAN_POINT('',(-28.43241741754,290.,989.70192296151));
#7211 = VECTOR('',#7212,1.);
#7212 = DIRECTION('',(0.274670324175,0.,0.961538461538));
#7213 = PCURVE('',#5158,#7214);
#7214 = DEFINITIONAL_REPRESENTATION('',(#7215),#7219);
#7215 = LINE('',#7216,#7217);
#7216 = CARTESIAN_POINT('',(0.,-55.));
#7217 = VECTOR('',#7218,1.);
#7218 = DIRECTION('',(1.,0.));
#7219 = ( GEOMETRIC_REPRESENTATION_CONTEXT(2) 
PARAMETRIC_REPRESENTATION_CONTEXT() REPRESENTATION_CONTEXT('2D SPACE',''
  ) );
#7220 = PCURVE('',#5132,#7221);
#7221 = DEFINITIONAL_REPRESENTATION('',(#7222),#7226);
#7222 = LINE('',#7223,#7224);
#7223 = CARTESIAN_POINT('',(-23.07807703848,-28.43241741754));
#7224 = VECTOR('',#7225,1.);
#7225 = DIRECTION('',(0.961538461538,0.274670324175));
#7226 = ( GEOMETRIC_REPRESENTATION_CONTEXT(2) 
PARAMETRIC_REPRESENTATION_CONTEXT() REPRESENTATION_CONTEXT('2D SPACE',''
  ) );
#7227 = ORIENTED_EDGE('',*,*,#7228,.F.);
#7228 = EDGE_CURVE('',#5221,#7206,#7229,.T.);
#7229 = SURFACE_CURVE('',#7230,(#7234,#7241),.PCURVE_S1.);
#7230 = LINE('',#7231,#7232);
#7231 = CARTESIAN_POINT('',(-11.95219796706,235.,1.047394230654E+03));
#7232 = VECTOR('',#7233,1.);
#7233 = DIRECTION('',(0.,1.,0.));
#7234 = PCURVE('',#5158,#7235);
#7235 = DEFINITIONAL_REPRESENTATION('',(#7236),#7240);
#7236 = LINE('',#7237,#7238);
#7237 = CARTESIAN_POINT('',(60.,0.));
#7238 = VECTOR('',#7239,1.);
#7239 = DIRECTION('',(0.,-1.));
#7240 = ( GEOMETRIC_REPRESENTATION_CONTEXT(2) 
PARAMETRIC_REPRESENTATION_CONTEXT() REPRESENTATION_CONTEXT('2D SPACE',''
  ) );
#7241 = PCURVE('',#6983,#7242);
#7242 = DEFINITIONAL_REPRESENTATION('',(#7243),#7247);
#7243 = LINE('',#7244,#7245);
#7244 = CARTESIAN_POINT('',(0.,0.));
#7245 = VECTOR('',#7246,1.);
#7246 = DIRECTION('',(0.,-1.));
#7247 = ( GEOMETRIC_REPRESENTATION_CONTEXT(2) 
PARAMETRIC_REPRESENTATION_CONTEXT() REPRESENTATION_CONTEXT('2D SPACE',''
  ) );
#7248 = ORIENTED_EDGE('',*,*,#5242,.F.);
#7249 = FACE_BOUND('',#7250,.F.);
#7250 = EDGE_LOOP('',(#7251));
#7251 = ORIENTED_EDGE('',*,*,#7252,.F.);
#7252 = EDGE_CURVE('',#7253,#7253,#7255,.T.);
#7253 = VERTEX_POINT('',#7254);
#7254 = CARTESIAN_POINT('',(-17.72027477473,260.,1.027201922962E+03));
#7255 = SURFACE_CURVE('',#7256,(#7261,#7268),.PCURVE_S1.);
#7256 = CIRCLE('',#7257,9.);
#7257 = AXIS2_PLACEMENT_3D('',#7258,#7259,#7260);
#7258 = CARTESIAN_POINT('',(-20.1923076923,260.,1.018548076808E+03));
#7259 = DIRECTION('',(0.961538461538,0.,-0.274670324175));
#7260 = DIRECTION('',(0.274670324175,0.,0.961538461538));
#7261 = PCURVE('',#5158,#7262);
#7262 = DEFINITIONAL_REPRESENTATION('',(#7263),#7267);
#7263 = CIRCLE('',#7264,9.);
#7264 = AXIS2_PLACEMENT_2D('',#7265,#7266);
#7265 = CARTESIAN_POINT('',(30.,-25.));
#7266 = DIRECTION('',(1.,0.));
#7267 = ( GEOMETRIC_REPRESENTATION_CONTEXT(2) 
PARAMETRIC_REPRESENTATION_CONTEXT() REPRESENTATION_CONTEXT('2D SPACE',''
  ) );
#7268 = PCURVE('',#7269,#7274);
#7269 = CYLINDRICAL_SURFACE('',#7270,9.);
#7270 = AXIS2_PLACEMENT_3D('',#7271,#7272,#7273);
#7271 = CARTESIAN_POINT('',(-48.07692307692,260.,1.026513516209E+03));
#7272 = DIRECTION('',(0.961538461538,0.,-0.274670324175));
#7273 = DIRECTION('',(0.274670324175,0.,0.961538461538));
#7274 = DEFINITIONAL_REPRESENTATION('',(#7275),#7279);
#7275 = LINE('',#7276,#7277);
#7276 = CARTESIAN_POINT('',(0.,29.));
#7277 = VECTOR('',#7278,1.);
#7278 = DIRECTION('',(1.,0.));
#7279 = ( GEOMETRIC_REPRESENTATION_CONTEXT(2) 
PARAMETRIC_REPRESENTATION_CONTEXT() REPRESENTATION_CONTEXT('2D SPACE',''
  ) );
#7280 = ADVANCED_FACE('',(#7281),#5132,.T.);
#7281 = FACE_BOUND('',#7282,.T.);
#7282 = EDGE_LOOP('',(#7283,#7284,#7307,#7326));
#7283 = ORIENTED_EDGE('',*,*,#7205,.T.);
#7284 = ORIENTED_EDGE('',*,*,#7285,.T.);
#7285 = EDGE_CURVE('',#7206,#7286,#7288,.T.);
#7286 = VERTEX_POINT('',#7287);
#7287 = CARTESIAN_POINT('',(-2.336813351681,290.,1.044647527412E+03));
#7288 = SURFACE_CURVE('',#7289,(#7293,#7300),.PCURVE_S1.);
#7289 = LINE('',#7290,#7291);
#7290 = CARTESIAN_POINT('',(-11.95219796706,290.,1.047394230654E+03));
#7291 = VECTOR('',#7292,1.);
#7292 = DIRECTION('',(0.961538461538,0.,-0.274670324175));
#7293 = PCURVE('',#5132,#7294);
#7294 = DEFINITIONAL_REPRESENTATION('',(#7295),#7299);
#7295 = LINE('',#7296,#7297);
#7296 = CARTESIAN_POINT('',(34.614230653823,-11.95219796706));
#7297 = VECTOR('',#7298,1.);
#7298 = DIRECTION('',(-0.274670324175,0.961538461538));
#7299 = ( GEOMETRIC_REPRESENTATION_CONTEXT(2) 
PARAMETRIC_REPRESENTATION_CONTEXT() REPRESENTATION_CONTEXT('2D SPACE',''
  ) );
#7300 = PCURVE('',#6983,#7301);
#7301 = DEFINITIONAL_REPRESENTATION('',(#7302),#7306);
#7302 = LINE('',#7303,#7304);
#7303 = CARTESIAN_POINT('',(0.,-55.));
#7304 = VECTOR('',#7305,1.);
#7305 = DIRECTION('',(1.,0.));
#7306 = ( GEOMETRIC_REPRESENTATION_CONTEXT(2) 
PARAMETRIC_REPRESENTATION_CONTEXT() REPRESENTATION_CONTEXT('2D SPACE',''
  ) );
#7307 = ORIENTED_EDGE('',*,*,#7308,.T.);
#7308 = EDGE_CURVE('',#7286,#5091,#7309,.T.);
#7309 = SURFACE_CURVE('',#7310,(#7314,#7320),.PCURVE_S1.);
#7310 = LINE('',#7311,#7312);
#7311 = CARTESIAN_POINT('',(-10.57692307692,290.,1.015801373566E+03));
#7312 = VECTOR('',#7313,1.);
#7313 = DIRECTION('',(-0.274670324175,0.,-0.961538461538));
#7314 = PCURVE('',#5132,#7315);
#7315 = DEFINITIONAL_REPRESENTATION('',(#7316),#7319);
#7316 = B_SPLINE_CURVE_WITH_KNOTS('',1,(#7317,#7318),.UNSPECIFIED.,.F.,
  .F.,(2,2),(-32.85657137141,39.141028388535),.PIECEWISE_BEZIER_KNOTS.);
#7317 = CARTESIAN_POINT('',(34.614230653823,-1.552197967066));
#7318 = CARTESIAN_POINT('',(-34.61423065382,-21.32780203293));
#7319 = ( GEOMETRIC_REPRESENTATION_CONTEXT(2) 
PARAMETRIC_REPRESENTATION_CONTEXT() REPRESENTATION_CONTEXT('2D SPACE',''
  ) );
#7320 = PCURVE('',#5105,#7321);
#7321 = DEFINITIONAL_REPRESENTATION('',(#7322),#7325);
#7322 = B_SPLINE_CURVE_WITH_KNOTS('',1,(#7323,#7324),.UNSPECIFIED.,.F.,
  .F.,(2,2),(-32.85657137141,39.141028388535),.PIECEWISE_BEZIER_KNOTS.);
#7323 = CARTESIAN_POINT('',(5.,-32.85657137141));
#7324 = CARTESIAN_POINT('',(5.,39.141028388535));
#7325 = ( GEOMETRIC_REPRESENTATION_CONTEXT(2) 
PARAMETRIC_REPRESENTATION_CONTEXT() REPRESENTATION_CONTEXT('2D SPACE',''
  ) );
#7326 = ORIENTED_EDGE('',*,*,#5116,.T.);
#7327 = ADVANCED_FACE('',(#7328,#7352),#5105,.T.);
#7328 = FACE_BOUND('',#7329,.T.);
#7329 = EDGE_LOOP('',(#7330,#7349,#7350,#7351));
#7330 = ORIENTED_EDGE('',*,*,#7331,.T.);
#7331 = EDGE_CURVE('',#7286,#7050,#7332,.T.);
#7332 = SURFACE_CURVE('',#7333,(#7337,#7343),.PCURVE_S1.);
#7333 = LINE('',#7334,#7335);
#7334 = CARTESIAN_POINT('',(-2.336813351681,265.,1.044647527412E+03));
#7335 = VECTOR('',#7336,1.);
#7336 = DIRECTION('',(0.,-1.,-0.));
#7337 = PCURVE('',#5105,#7338);
#7338 = DEFINITIONAL_REPRESENTATION('',(#7339),#7342);
#7339 = B_SPLINE_CURVE_WITH_KNOTS('',1,(#7340,#7341),.UNSPECIFIED.,.F.,
  .F.,(2,2),(-25.,19.),.PIECEWISE_BEZIER_KNOTS.);
#7340 = CARTESIAN_POINT('',(5.,-30.));
#7341 = CARTESIAN_POINT('',(49.,-30.));
#7342 = ( GEOMETRIC_REPRESENTATION_CONTEXT(2) 
PARAMETRIC_REPRESENTATION_CONTEXT() REPRESENTATION_CONTEXT('2D SPACE',''
  ) );
#7343 = PCURVE('',#6983,#7344);
#7344 = DEFINITIONAL_REPRESENTATION('',(#7345),#7348);
#7345 = B_SPLINE_CURVE_WITH_KNOTS('',1,(#7346,#7347),.UNSPECIFIED.,.F.,
  .F.,(2,2),(-25.,19.),.PIECEWISE_BEZIER_KNOTS.);
#7346 = CARTESIAN_POINT('',(10.,-55.));
#7347 = CARTESIAN_POINT('',(10.,-11.));
#7348 = ( GEOMETRIC_REPRESENTATION_CONTEXT(2) 
PARAMETRIC_REPRESENTATION_CONTEXT() REPRESENTATION_CONTEXT('2D SPACE',''
  ) );
#7349 = ORIENTED_EDGE('',*,*,#7077,.T.);
#7350 = ORIENTED_EDGE('',*,*,#5090,.T.);
#7351 = ORIENTED_EDGE('',*,*,#7308,.F.);
#7352 = FACE_BOUND('',#7353,.T.);
#7353 = EDGE_LOOP('',(#7354));
#7354 = ORIENTED_EDGE('',*,*,#7355,.F.);
#7355 = EDGE_CURVE('',#7356,#7356,#7358,.T.);
#7356 = VERTEX_POINT('',#7357);
#7357 = CARTESIAN_POINT('',(-8.104890159351,260.,1.02445521972E+03));
#7358 = SURFACE_CURVE('',#7359,(#7364,#7371),.PCURVE_S1.);
#7359 = CIRCLE('',#7360,9.);
#7360 = AXIS2_PLACEMENT_3D('',#7361,#7362,#7363);
#7361 = CARTESIAN_POINT('',(-10.57692307692,260.,1.015801373566E+03));
#7362 = DIRECTION('',(0.961538461538,0.,-0.274670324175));
#7363 = DIRECTION('',(0.274670324175,0.,0.961538461538));
#7364 = PCURVE('',#5105,#7365);
#7365 = DEFINITIONAL_REPRESENTATION('',(#7366),#7370);
#7366 = CIRCLE('',#7367,9.);
#7367 = AXIS2_PLACEMENT_2D('',#7368,#7369);
#7368 = CARTESIAN_POINT('',(35.,1.102900920579E-13));
#7369 = DIRECTION('',(0.,-1.));
#7370 = ( GEOMETRIC_REPRESENTATION_CONTEXT(2) 
PARAMETRIC_REPRESENTATION_CONTEXT() REPRESENTATION_CONTEXT('2D SPACE',''
  ) );
#7371 = PCURVE('',#7269,#7372);
#7372 = DEFINITIONAL_REPRESENTATION('',(#7373),#7377);
#7373 = LINE('',#7374,#7375);
#7374 = CARTESIAN_POINT('',(0.,39.));
#7375 = VECTOR('',#7376,1.);
#7376 = DIRECTION('',(1.,0.));
#7377 = ( GEOMETRIC_REPRESENTATION_CONTEXT(2) 
PARAMETRIC_REPRESENTATION_CONTEXT() REPRESENTATION_CONTEXT('2D SPACE',''
  ) );
#7378 = ADVANCED_FACE('',(#7379),#6033,.F.);
#7379 = FACE_BOUND('',#7380,.F.);
#7380 = EDGE_LOOP('',(#7381,#7408));
#7381 = ORIENTED_EDGE('',*,*,#7382,.F.);
#7382 = EDGE_CURVE('',#5801,#5803,#7383,.T.);
#7383 = SURFACE_CURVE('',#7384,(#7389,#7396),.PCURVE_S1.);
#7384 = CIRCLE('',#7385,30.);
#7385 = AXIS2_PLACEMENT_3D('',#7386,#7387,#7388);
#7386 = CARTESIAN_POINT('',(-43.6921045499,0.,1.01278E+03));
#7387 = DIRECTION('',(1.,0.,0.));
#7388 = DIRECTION('',(0.,1.,0.));
#7389 = PCURVE('',#6033,#7390);
#7390 = DEFINITIONAL_REPRESENTATION('',(#7391),#7395);
#7391 = LINE('',#7392,#7393);
#7392 = CARTESIAN_POINT('',(-1.570796326795,66.307895450093));
#7393 = VECTOR('',#7394,1.);
#7394 = DIRECTION('',(1.,0.));
#7395 = ( GEOMETRIC_REPRESENTATION_CONTEXT(2) 
PARAMETRIC_REPRESENTATION_CONTEXT() REPRESENTATION_CONTEXT('2D SPACE',''
  ) );
#7396 = PCURVE('',#7397,#7402);
#7397 = PLANE('',#7398);
#7398 = AXIS2_PLACEMENT_3D('',#7399,#7400,#7401);
#7399 = CARTESIAN_POINT('',(-43.6921045499,0.,1.01278E+03));
#7400 = DIRECTION('',(1.,0.,0.));
#7401 = DIRECTION('',(0.,0.,1.));
#7402 = DEFINITIONAL_REPRESENTATION('',(#7403),#7407);
#7403 = CIRCLE('',#7404,30.);
#7404 = AXIS2_PLACEMENT_2D('',#7405,#7406);
#7405 = CARTESIAN_POINT('',(0.,0.));
#7406 = DIRECTION('',(0.,-1.));
#7407 = ( GEOMETRIC_REPRESENTATION_CONTEXT(2) 
PARAMETRIC_REPRESENTATION_CONTEXT() REPRESENTATION_CONTEXT('2D SPACE',''
  ) );
#7408 = ORIENTED_EDGE('',*,*,#5800,.T.);
#7409 = ADVANCED_FACE('',(#7410),#6549,.F.);
#7410 = FACE_BOUND('',#7411,.F.);
#7411 = EDGE_LOOP('',(#7412,#7434));
#7412 = ORIENTED_EDGE('',*,*,#7413,.F.);
#7413 = EDGE_CURVE('',#5803,#5801,#7414,.T.);
#7414 = SURFACE_CURVE('',#7415,(#7420,#7427),.PCURVE_S1.);
#7415 = CIRCLE('',#7416,30.);
#7416 = AXIS2_PLACEMENT_3D('',#7417,#7418,#7419);
#7417 = CARTESIAN_POINT('',(-43.6921045499,0.,1.01278E+03));
#7418 = DIRECTION('',(1.,0.,-0.));
#7419 = DIRECTION('',(0.,0.,1.));
#7420 = PCURVE('',#6549,#7421);
#7421 = DEFINITIONAL_REPRESENTATION('',(#7422),#7426);
#7422 = LINE('',#7423,#7424);
#7423 = CARTESIAN_POINT('',(0.,66.307895450093));
#7424 = VECTOR('',#7425,1.);
#7425 = DIRECTION('',(1.,0.));
#7426 = ( GEOMETRIC_REPRESENTATION_CONTEXT(2) 
PARAMETRIC_REPRESENTATION_CONTEXT() REPRESENTATION_CONTEXT('2D SPACE',''
  ) );
#7427 = PCURVE('',#7397,#7428);
#7428 = DEFINITIONAL_REPRESENTATION('',(#7429),#7433);
#7429 = CIRCLE('',#7430,30.);
#7430 = AXIS2_PLACEMENT_2D('',#7431,#7432);
#7431 = CARTESIAN_POINT('',(0.,0.));
#7432 = DIRECTION('',(1.,0.));
#7433 = ( GEOMETRIC_REPRESENTATION_CONTEXT(2) 
PARAMETRIC_REPRESENTATION_CONTEXT() REPRESENTATION_CONTEXT('2D SPACE',''
  ) );
#7434 = ORIENTED_EDGE('',*,*,#6177,.T.);
#7435 = ADVANCED_FACE('',(#7436,#7440),#6759,.T.);
#7436 = FACE_BOUND('',#7437,.T.);
#7437 = EDGE_LOOP('',(#7438,#7439));
#7438 = ORIENTED_EDGE('',*,*,#6777,.F.);
#7439 = ORIENTED_EDGE('',*,*,#6744,.T.);
#7440 = FACE_BOUND('',#7441,.T.);
#7441 = EDGE_LOOP('',(#7442));
#7442 = ORIENTED_EDGE('',*,*,#7443,.F.);
#7443 = EDGE_CURVE('',#7444,#7444,#7446,.T.);
#7444 = VERTEX_POINT('',#7445);
#7445 = CARTESIAN_POINT('',(43.692104549907,6.123233995737E-15,
    1.03778E+03));
#7446 = SURFACE_CURVE('',#7447,(#7452,#7459),.PCURVE_S1.);
#7447 = CIRCLE('',#7448,25.);
#7448 = AXIS2_PLACEMENT_3D('',#7449,#7450,#7451);
#7449 = CARTESIAN_POINT('',(43.692104549907,0.,1.01278E+03));
#7450 = DIRECTION('',(1.,0.,-0.));
#7451 = DIRECTION('',(0.,0.,1.));
#7452 = PCURVE('',#6759,#7453);
#7453 = DEFINITIONAL_REPRESENTATION('',(#7454),#7458);
#7454 = CIRCLE('',#7455,25.);
#7455 = AXIS2_PLACEMENT_2D('',#7456,#7457);
#7456 = CARTESIAN_POINT('',(0.,0.));
#7457 = DIRECTION('',(1.,0.));
#7458 = ( GEOMETRIC_REPRESENTATION_CONTEXT(2) 
PARAMETRIC_REPRESENTATION_CONTEXT() REPRESENTATION_CONTEXT('2D SPACE',''
  ) );
#7459 = PCURVE('',#7460,#7465);
#7460 = CYLINDRICAL_SURFACE('',#7461,25.);
#7461 = AXIS2_PLACEMENT_3D('',#7462,#7463,#7464);
#7462 = CARTESIAN_POINT('',(-110.,0.,1.01278E+03));
#7463 = DIRECTION('',(1.,0.,0.));
#7464 = DIRECTION('',(0.,0.,1.));
#7465 = DEFINITIONAL_REPRESENTATION('',(#7466),#7470);
#7466 = LINE('',#7467,#7468);
#7467 = CARTESIAN_POINT('',(0.,153.6921045499));
#7468 = VECTOR('',#7469,1.);
#7469 = DIRECTION('',(1.,0.));
#7470 = ( GEOMETRIC_REPRESENTATION_CONTEXT(2) 
PARAMETRIC_REPRESENTATION_CONTEXT() REPRESENTATION_CONTEXT('2D SPACE',''
  ) );
#7471 = ADVANCED_FACE('',(#7472),#6873,.F.);
#7472 = FACE_BOUND('',#7473,.F.);
#7473 = EDGE_LOOP('',(#7474,#7475,#7476,#7477,#7478));
#7474 = ORIENTED_EDGE('',*,*,#6948,.F.);
#7475 = ORIENTED_EDGE('',*,*,#7023,.T.);
#7476 = ORIENTED_EDGE('',*,*,#7103,.T.);
#7477 = ORIENTED_EDGE('',*,*,#7178,.T.);
#7478 = ORIENTED_EDGE('',*,*,#6857,.F.);
#7479 = ADVANCED_FACE('',(#7480),#6931,.F.);
#7480 = FACE_BOUND('',#7481,.F.);
#7481 = EDGE_LOOP('',(#7482,#7483,#7504,#7505));
#7482 = ORIENTED_EDGE('',*,*,#6910,.F.);
#7483 = ORIENTED_EDGE('',*,*,#7484,.F.);
#7484 = EDGE_CURVE('',#7147,#6911,#7485,.T.);
#7485 = SEAM_CURVE('',#7486,(#7490,#7497),.PCURVE_S1.);
#7486 = LINE('',#7487,#7488);
#7487 = CARTESIAN_POINT('',(-45.60489015935,260.,1.035167362363E+03));
#7488 = VECTOR('',#7489,1.);
#7489 = DIRECTION('',(0.961538461538,0.,-0.274670324175));
#7490 = PCURVE('',#6931,#7491);
#7491 = DEFINITIONAL_REPRESENTATION('',(#7492),#7496);
#7492 = LINE('',#7493,#7494);
#7493 = CARTESIAN_POINT('',(6.28318530718,-0.));
#7494 = VECTOR('',#7495,1.);
#7495 = DIRECTION('',(0.,1.));
#7496 = ( GEOMETRIC_REPRESENTATION_CONTEXT(2) 
PARAMETRIC_REPRESENTATION_CONTEXT() REPRESENTATION_CONTEXT('2D SPACE',''
  ) );
#7497 = PCURVE('',#6931,#7498);
#7498 = DEFINITIONAL_REPRESENTATION('',(#7499),#7503);
#7499 = LINE('',#7500,#7501);
#7500 = CARTESIAN_POINT('',(0.,-0.));
#7501 = VECTOR('',#7502,1.);
#7502 = DIRECTION('',(0.,1.));
#7503 = ( GEOMETRIC_REPRESENTATION_CONTEXT(2) 
PARAMETRIC_REPRESENTATION_CONTEXT() REPRESENTATION_CONTEXT('2D SPACE',''
  ) );
#7504 = ORIENTED_EDGE('',*,*,#7146,.T.);
#7505 = ORIENTED_EDGE('',*,*,#7484,.T.);
#7506 = ADVANCED_FACE('',(#7507),#6983,.F.);
#7507 = FACE_BOUND('',#7508,.F.);
#7508 = EDGE_LOOP('',(#7509,#7510,#7511,#7512,#7513));
#7509 = ORIENTED_EDGE('',*,*,#6970,.F.);
#7510 = ORIENTED_EDGE('',*,*,#7228,.T.);
#7511 = ORIENTED_EDGE('',*,*,#7285,.T.);
#7512 = ORIENTED_EDGE('',*,*,#7331,.T.);
#7513 = ORIENTED_EDGE('',*,*,#7049,.T.);
#7514 = ADVANCED_FACE('',(#7515),#7269,.F.);
#7515 = FACE_BOUND('',#7516,.F.);
#7516 = EDGE_LOOP('',(#7517,#7518,#7539,#7540));
#7517 = ORIENTED_EDGE('',*,*,#7355,.F.);
#7518 = ORIENTED_EDGE('',*,*,#7519,.F.);
#7519 = EDGE_CURVE('',#7253,#7356,#7520,.T.);
#7520 = SEAM_CURVE('',#7521,(#7525,#7532),.PCURVE_S1.);
#7521 = LINE('',#7522,#7523);
#7522 = CARTESIAN_POINT('',(-45.60489015935,260.,1.035167362363E+03));
#7523 = VECTOR('',#7524,1.);
#7524 = DIRECTION('',(0.961538461538,0.,-0.274670324175));
#7525 = PCURVE('',#7269,#7526);
#7526 = DEFINITIONAL_REPRESENTATION('',(#7527),#7531);
#7527 = LINE('',#7528,#7529);
#7528 = CARTESIAN_POINT('',(6.28318530718,-0.));
#7529 = VECTOR('',#7530,1.);
#7530 = DIRECTION('',(0.,1.));
#7531 = ( GEOMETRIC_REPRESENTATION_CONTEXT(2) 
PARAMETRIC_REPRESENTATION_CONTEXT() REPRESENTATION_CONTEXT('2D SPACE',''
  ) );
#7532 = PCURVE('',#7269,#7533);
#7533 = DEFINITIONAL_REPRESENTATION('',(#7534),#7538);
#7534 = LINE('',#7535,#7536);
#7535 = CARTESIAN_POINT('',(0.,-0.));
#7536 = VECTOR('',#7537,1.);
#7537 = DIRECTION('',(0.,1.));
#7538 = ( GEOMETRIC_REPRESENTATION_CONTEXT(2) 
PARAMETRIC_REPRESENTATION_CONTEXT() REPRESENTATION_CONTEXT('2D SPACE',''
  ) );
#7539 = ORIENTED_EDGE('',*,*,#7252,.T.);
#7540 = ORIENTED_EDGE('',*,*,#7519,.T.);
#7541 = ADVANCED_FACE('',(#7542,#7546),#7397,.F.);
#7542 = FACE_BOUND('',#7543,.F.);
#7543 = EDGE_LOOP('',(#7544,#7545));
#7544 = ORIENTED_EDGE('',*,*,#7413,.T.);
#7545 = ORIENTED_EDGE('',*,*,#7382,.T.);
#7546 = FACE_BOUND('',#7547,.F.);
#7547 = EDGE_LOOP('',(#7548));
#7548 = ORIENTED_EDGE('',*,*,#7549,.F.);
#7549 = EDGE_CURVE('',#7550,#7550,#7552,.T.);
#7550 = VERTEX_POINT('',#7551);
#7551 = CARTESIAN_POINT('',(-43.6921045499,6.123233995737E-15,
    1.03778E+03));
#7552 = SURFACE_CURVE('',#7553,(#7558,#7565),.PCURVE_S1.);
#7553 = CIRCLE('',#7554,25.);
#7554 = AXIS2_PLACEMENT_3D('',#7555,#7556,#7557);
#7555 = CARTESIAN_POINT('',(-43.6921045499,0.,1.01278E+03));
#7556 = DIRECTION('',(1.,0.,-0.));
#7557 = DIRECTION('',(0.,0.,1.));
#7558 = PCURVE('',#7397,#7559);
#7559 = DEFINITIONAL_REPRESENTATION('',(#7560),#7564);
#7560 = CIRCLE('',#7561,25.);
#7561 = AXIS2_PLACEMENT_2D('',#7562,#7563);
#7562 = CARTESIAN_POINT('',(0.,0.));
#7563 = DIRECTION('',(1.,0.));
#7564 = ( GEOMETRIC_REPRESENTATION_CONTEXT(2) 
PARAMETRIC_REPRESENTATION_CONTEXT() REPRESENTATION_CONTEXT('2D SPACE',''
  ) );
#7565 = PCURVE('',#7566,#7571);
#7566 = CYLINDRICAL_SURFACE('',#7567,25.);
#7567 = AXIS2_PLACEMENT_3D('',#7568,#7569,#7570);
#7568 = CARTESIAN_POINT('',(-110.,0.,1.01278E+03));
#7569 = DIRECTION('',(1.,0.,0.));
#7570 = DIRECTION('',(0.,0.,1.));
#7571 = DEFINITIONAL_REPRESENTATION('',(#7572),#7576);
#7572 = LINE('',#7573,#7574);
#7573 = CARTESIAN_POINT('',(0.,66.307895450093));
#7574 = VECTOR('',#7575,1.);
#7575 = DIRECTION('',(1.,0.));
#7576 = ( GEOMETRIC_REPRESENTATION_CONTEXT(2) 
PARAMETRIC_REPRESENTATION_CONTEXT() REPRESENTATION_CONTEXT('2D SPACE',''
  ) );
#7577 = ADVANCED_FACE('',(#7578),#7460,.F.);
#7578 = FACE_BOUND('',#7579,.F.);
#7579 = EDGE_LOOP('',(#7580,#7609,#7630,#7631));
#7580 = ORIENTED_EDGE('',*,*,#7581,.T.);
#7581 = EDGE_CURVE('',#7582,#7582,#7584,.T.);
#7582 = VERTEX_POINT('',#7583);
#7583 = CARTESIAN_POINT('',(12.692104549907,6.123233995737E-15,
    1.03778E+03));
#7584 = SURFACE_CURVE('',#7585,(#7590,#7597),.PCURVE_S1.);
#7585 = CIRCLE('',#7586,25.);
#7586 = AXIS2_PLACEMENT_3D('',#7587,#7588,#7589);
#7587 = CARTESIAN_POINT('',(12.692104549907,0.,1.01278E+03));
#7588 = DIRECTION('',(1.,0.,-0.));
#7589 = DIRECTION('',(0.,0.,1.));
#7590 = PCURVE('',#7460,#7591);
#7591 = DEFINITIONAL_REPRESENTATION('',(#7592),#7596);
#7592 = LINE('',#7593,#7594);
#7593 = CARTESIAN_POINT('',(0.,122.6921045499));
#7594 = VECTOR('',#7595,1.);
#7595 = DIRECTION('',(1.,0.));
#7596 = ( GEOMETRIC_REPRESENTATION_CONTEXT(2) 
PARAMETRIC_REPRESENTATION_CONTEXT() REPRESENTATION_CONTEXT('2D SPACE',''
  ) );
#7597 = PCURVE('',#7598,#7603);
#7598 = CONICAL_SURFACE('',#7599,22.,0.643501108793);
#7599 = AXIS2_PLACEMENT_3D('',#7600,#7601,#7602);
#7600 = CARTESIAN_POINT('',(8.692104549907,0.,1.01278E+03));
#7601 = DIRECTION('',(1.,0.,0.));
#7602 = DIRECTION('',(0.,0.,1.));
#7603 = DEFINITIONAL_REPRESENTATION('',(#7604),#7608);
#7604 = LINE('',#7605,#7606);
#7605 = CARTESIAN_POINT('',(0.,4.));
#7606 = VECTOR('',#7607,1.);
#7607 = DIRECTION('',(1.,0.));
#7608 = ( GEOMETRIC_REPRESENTATION_CONTEXT(2) 
PARAMETRIC_REPRESENTATION_CONTEXT() REPRESENTATION_CONTEXT('2D SPACE',''
  ) );
#7609 = ORIENTED_EDGE('',*,*,#7610,.T.);
#7610 = EDGE_CURVE('',#7582,#7444,#7611,.T.);
#7611 = SEAM_CURVE('',#7612,(#7616,#7623),.PCURVE_S1.);
#7612 = LINE('',#7613,#7614);
#7613 = CARTESIAN_POINT('',(-110.,6.123233995737E-15,1.03778E+03));
#7614 = VECTOR('',#7615,1.);
#7615 = DIRECTION('',(1.,0.,0.));
#7616 = PCURVE('',#7460,#7617);
#7617 = DEFINITIONAL_REPRESENTATION('',(#7618),#7622);
#7618 = LINE('',#7619,#7620);
#7619 = CARTESIAN_POINT('',(6.28318530718,0.));
#7620 = VECTOR('',#7621,1.);
#7621 = DIRECTION('',(0.,1.));
#7622 = ( GEOMETRIC_REPRESENTATION_CONTEXT(2) 
PARAMETRIC_REPRESENTATION_CONTEXT() REPRESENTATION_CONTEXT('2D SPACE',''
  ) );
#7623 = PCURVE('',#7460,#7624);
#7624 = DEFINITIONAL_REPRESENTATION('',(#7625),#7629);
#7625 = LINE('',#7626,#7627);
#7626 = CARTESIAN_POINT('',(4.138911435803E-13,0.));
#7627 = VECTOR('',#7628,1.);
#7628 = DIRECTION('',(0.,1.));
#7629 = ( GEOMETRIC_REPRESENTATION_CONTEXT(2) 
PARAMETRIC_REPRESENTATION_CONTEXT() REPRESENTATION_CONTEXT('2D SPACE',''
  ) );
#7630 = ORIENTED_EDGE('',*,*,#7443,.F.);
#7631 = ORIENTED_EDGE('',*,*,#7610,.F.);
#7632 = ADVANCED_FACE('',(#7633),#7566,.F.);
#7633 = FACE_BOUND('',#7634,.F.);
#7634 = EDGE_LOOP('',(#7635,#7658,#7659,#7660));
#7635 = ORIENTED_EDGE('',*,*,#7636,.F.);
#7636 = EDGE_CURVE('',#7550,#7637,#7639,.T.);
#7637 = VERTEX_POINT('',#7638);
#7638 = CARTESIAN_POINT('',(-12.6921045499,6.123233995737E-15,
    1.03778E+03));
#7639 = SEAM_CURVE('',#7640,(#7644,#7651),.PCURVE_S1.);
#7640 = LINE('',#7641,#7642);
#7641 = CARTESIAN_POINT('',(-110.,6.123233995737E-15,1.03778E+03));
#7642 = VECTOR('',#7643,1.);
#7643 = DIRECTION('',(1.,0.,0.));
#7644 = PCURVE('',#7566,#7645);
#7645 = DEFINITIONAL_REPRESENTATION('',(#7646),#7650);
#7646 = LINE('',#7647,#7648);
#7647 = CARTESIAN_POINT('',(4.138911435803E-13,0.));
#7648 = VECTOR('',#7649,1.);
#7649 = DIRECTION('',(0.,1.));
#7650 = ( GEOMETRIC_REPRESENTATION_CONTEXT(2) 
PARAMETRIC_REPRESENTATION_CONTEXT() REPRESENTATION_CONTEXT('2D SPACE',''
  ) );
#7651 = PCURVE('',#7566,#7652);
#7652 = DEFINITIONAL_REPRESENTATION('',(#7653),#7657);
#7653 = LINE('',#7654,#7655);
#7654 = CARTESIAN_POINT('',(6.28318530718,0.));
#7655 = VECTOR('',#7656,1.);
#7656 = DIRECTION('',(0.,1.));
#7657 = ( GEOMETRIC_REPRESENTATION_CONTEXT(2) 
PARAMETRIC_REPRESENTATION_CONTEXT() REPRESENTATION_CONTEXT('2D SPACE',''
  ) );
#7658 = ORIENTED_EDGE('',*,*,#7549,.T.);
#7659 = ORIENTED_EDGE('',*,*,#7636,.T.);
#7660 = ORIENTED_EDGE('',*,*,#7661,.F.);
#7661 = EDGE_CURVE('',#7637,#7637,#7662,.T.);
#7662 = SURFACE_CURVE('',#7663,(#7668,#7675),.PCURVE_S1.);
#7663 = CIRCLE('',#7664,25.);
#7664 = AXIS2_PLACEMENT_3D('',#7665,#7666,#7667);
#7665 = CARTESIAN_POINT('',(-12.6921045499,0.,1.01278E+03));
#7666 = DIRECTION('',(1.,0.,-0.));
#7667 = DIRECTION('',(0.,0.,1.));
#7668 = PCURVE('',#7566,#7669);
#7669 = DEFINITIONAL_REPRESENTATION('',(#7670),#7674);
#7670 = LINE('',#7671,#7672);
#7671 = CARTESIAN_POINT('',(0.,97.3078954501));
#7672 = VECTOR('',#7673,1.);
#7673 = DIRECTION('',(1.,0.));
#7674 = ( GEOMETRIC_REPRESENTATION_CONTEXT(2) 
PARAMETRIC_REPRESENTATION_CONTEXT() REPRESENTATION_CONTEXT('2D SPACE',''
  ) );
#7675 = PCURVE('',#7676,#7681);
#7676 = CONICAL_SURFACE('',#7677,25.,0.643501108793);
#7677 = AXIS2_PLACEMENT_3D('',#7678,#7679,#7680);
#7678 = CARTESIAN_POINT('',(-12.6921045499,0.,1.01278E+03));
#7679 = DIRECTION('',(-1.,-0.,-0.));
#7680 = DIRECTION('',(0.,0.,1.));
#7681 = DEFINITIONAL_REPRESENTATION('',(#7682),#7686);
#7682 = LINE('',#7683,#7684);
#7683 = CARTESIAN_POINT('',(6.28318530718,0.));
#7684 = VECTOR('',#7685,1.);
#7685 = DIRECTION('',(-1.,0.));
#7686 = ( GEOMETRIC_REPRESENTATION_CONTEXT(2) 
PARAMETRIC_REPRESENTATION_CONTEXT() REPRESENTATION_CONTEXT('2D SPACE',''
  ) );
#7687 = ADVANCED_FACE('',(#7688),#7598,.F.);
#7688 = FACE_BOUND('',#7689,.F.);
#7689 = EDGE_LOOP('',(#7690,#7691,#7714,#7740));
#7690 = ORIENTED_EDGE('',*,*,#7581,.F.);
#7691 = ORIENTED_EDGE('',*,*,#7692,.F.);
#7692 = EDGE_CURVE('',#7693,#7582,#7695,.T.);
#7693 = VERTEX_POINT('',#7694);
#7694 = CARTESIAN_POINT('',(8.692104549907,5.388445916248E-15,
    1.03478E+03));
#7695 = SEAM_CURVE('',#7696,(#7700,#7707),.PCURVE_S1.);
#7696 = LINE('',#7697,#7698);
#7697 = CARTESIAN_POINT('',(8.692104549907,5.388445916248E-15,
    1.03478E+03));
#7698 = VECTOR('',#7699,1.);
#7699 = DIRECTION('',(0.8,1.469576158977E-16,0.6));
#7700 = PCURVE('',#7598,#7701);
#7701 = DEFINITIONAL_REPRESENTATION('',(#7702),#7706);
#7702 = LINE('',#7703,#7704);
#7703 = CARTESIAN_POINT('',(0.,-0.));
#7704 = VECTOR('',#7705,1.);
#7705 = DIRECTION('',(0.,1.));
#7706 = ( GEOMETRIC_REPRESENTATION_CONTEXT(2) 
PARAMETRIC_REPRESENTATION_CONTEXT() REPRESENTATION_CONTEXT('2D SPACE',''
  ) );
#7707 = PCURVE('',#7598,#7708);
#7708 = DEFINITIONAL_REPRESENTATION('',(#7709),#7713);
#7709 = LINE('',#7710,#7711);
#7710 = CARTESIAN_POINT('',(6.28318530718,-0.));
#7711 = VECTOR('',#7712,1.);
#7712 = DIRECTION('',(0.,1.));
#7713 = ( GEOMETRIC_REPRESENTATION_CONTEXT(2) 
PARAMETRIC_REPRESENTATION_CONTEXT() REPRESENTATION_CONTEXT('2D SPACE',''
  ) );
#7714 = ORIENTED_EDGE('',*,*,#7715,.T.);
#7715 = EDGE_CURVE('',#7693,#7693,#7716,.T.);
#7716 = SURFACE_CURVE('',#7717,(#7722,#7728),.PCURVE_S1.);
#7717 = CIRCLE('',#7718,22.);
#7718 = AXIS2_PLACEMENT_3D('',#7719,#7720,#7721);
#7719 = CARTESIAN_POINT('',(8.692104549907,0.,1.01278E+03));
#7720 = DIRECTION('',(1.,0.,-0.));
#7721 = DIRECTION('',(0.,0.,1.));
#7722 = PCURVE('',#7598,#7723);
#7723 = DEFINITIONAL_REPRESENTATION('',(#7724),#7727);
#7724 = B_SPLINE_CURVE_WITH_KNOTS('',1,(#7725,#7726),.UNSPECIFIED.,.F.,
  .F.,(2,2),(0.,6.28318530718),.PIECEWISE_BEZIER_KNOTS.);
#7725 = CARTESIAN_POINT('',(0.,0.));
#7726 = CARTESIAN_POINT('',(6.28318530718,0.));
#7727 = ( GEOMETRIC_REPRESENTATION_CONTEXT(2) 
PARAMETRIC_REPRESENTATION_CONTEXT() REPRESENTATION_CONTEXT('2D SPACE',''
  ) );
#7728 = PCURVE('',#7729,#7734);
#7729 = CYLINDRICAL_SURFACE('',#7730,22.);
#7730 = AXIS2_PLACEMENT_3D('',#7731,#7732,#7733);
#7731 = CARTESIAN_POINT('',(-8.6921045499,0.,1.01278E+03));
#7732 = DIRECTION('',(1.,0.,0.));
#7733 = DIRECTION('',(0.,0.,1.));
#7734 = DEFINITIONAL_REPRESENTATION('',(#7735),#7739);
#7735 = LINE('',#7736,#7737);
#7736 = CARTESIAN_POINT('',(0.,17.384209099807));
#7737 = VECTOR('',#7738,1.);
#7738 = DIRECTION('',(1.,0.));
#7739 = ( GEOMETRIC_REPRESENTATION_CONTEXT(2) 
PARAMETRIC_REPRESENTATION_CONTEXT() REPRESENTATION_CONTEXT('2D SPACE',''
  ) );
#7740 = ORIENTED_EDGE('',*,*,#7692,.T.);
#7741 = ADVANCED_FACE('',(#7742),#7676,.F.);
#7742 = FACE_BOUND('',#7743,.F.);
#7743 = EDGE_LOOP('',(#7744,#7767,#7788,#7789));
#7744 = ORIENTED_EDGE('',*,*,#7745,.F.);
#7745 = EDGE_CURVE('',#7746,#7746,#7748,.T.);
#7746 = VERTEX_POINT('',#7747);
#7747 = CARTESIAN_POINT('',(-8.6921045499,5.388445916248E-15,1.03478E+03
    ));
#7748 = SURFACE_CURVE('',#7749,(#7754,#7761),.PCURVE_S1.);
#7749 = CIRCLE('',#7750,22.);
#7750 = AXIS2_PLACEMENT_3D('',#7751,#7752,#7753);
#7751 = CARTESIAN_POINT('',(-8.6921045499,0.,1.01278E+03));
#7752 = DIRECTION('',(1.,0.,-0.));
#7753 = DIRECTION('',(0.,0.,1.));
#7754 = PCURVE('',#7676,#7755);
#7755 = DEFINITIONAL_REPRESENTATION('',(#7756),#7760);
#7756 = LINE('',#7757,#7758);
#7757 = CARTESIAN_POINT('',(6.28318530718,-4.000000000001));
#7758 = VECTOR('',#7759,1.);
#7759 = DIRECTION('',(-1.,0.));
#7760 = ( GEOMETRIC_REPRESENTATION_CONTEXT(2) 
PARAMETRIC_REPRESENTATION_CONTEXT() REPRESENTATION_CONTEXT('2D SPACE',''
  ) );
#7761 = PCURVE('',#7729,#7762);
#7762 = DEFINITIONAL_REPRESENTATION('',(#7763),#7766);
#7763 = B_SPLINE_CURVE_WITH_KNOTS('',1,(#7764,#7765),.UNSPECIFIED.,.F.,
  .F.,(2,2),(0.,6.28318530718),.PIECEWISE_BEZIER_KNOTS.);
#7764 = CARTESIAN_POINT('',(0.,0.));
#7765 = CARTESIAN_POINT('',(6.28318530718,0.));
#7766 = ( GEOMETRIC_REPRESENTATION_CONTEXT(2) 
PARAMETRIC_REPRESENTATION_CONTEXT() REPRESENTATION_CONTEXT('2D SPACE',''
  ) );
#7767 = ORIENTED_EDGE('',*,*,#7768,.F.);
#7768 = EDGE_CURVE('',#7637,#7746,#7769,.T.);
#7769 = SEAM_CURVE('',#7770,(#7774,#7781),.PCURVE_S1.);
#7770 = LINE('',#7771,#7772);
#7771 = CARTESIAN_POINT('',(-12.6921045499,6.123233995737E-15,
    1.03778E+03));
#7772 = VECTOR('',#7773,1.);
#7773 = DIRECTION('',(0.8,-1.469576158977E-16,-0.6));
#7774 = PCURVE('',#7676,#7775);
#7775 = DEFINITIONAL_REPRESENTATION('',(#7776),#7780);
#7776 = LINE('',#7777,#7778);
#7777 = CARTESIAN_POINT('',(6.28318530718,0.));
#7778 = VECTOR('',#7779,1.);
#7779 = DIRECTION('',(-0.,-1.));
#7780 = ( GEOMETRIC_REPRESENTATION_CONTEXT(2) 
PARAMETRIC_REPRESENTATION_CONTEXT() REPRESENTATION_CONTEXT('2D SPACE',''
  ) );
#7781 = PCURVE('',#7676,#7782);
#7782 = DEFINITIONAL_REPRESENTATION('',(#7783),#7787);
#7783 = LINE('',#7784,#7785);
#7784 = CARTESIAN_POINT('',(-4.138911435803E-13,0.));
#7785 = VECTOR('',#7786,1.);
#7786 = DIRECTION('',(-0.,-1.));
#7787 = ( GEOMETRIC_REPRESENTATION_CONTEXT(2) 
PARAMETRIC_REPRESENTATION_CONTEXT() REPRESENTATION_CONTEXT('2D SPACE',''
  ) );
#7788 = ORIENTED_EDGE('',*,*,#7661,.T.);
#7789 = ORIENTED_EDGE('',*,*,#7768,.T.);
#7790 = ADVANCED_FACE('',(#7791),#7729,.F.);
#7791 = FACE_BOUND('',#7792,.F.);
#7792 = EDGE_LOOP('',(#7793,#7794,#7815,#7816));
#7793 = ORIENTED_EDGE('',*,*,#7715,.F.);
#7794 = ORIENTED_EDGE('',*,*,#7795,.F.);
#7795 = EDGE_CURVE('',#7746,#7693,#7796,.T.);
#7796 = SEAM_CURVE('',#7797,(#7801,#7808),.PCURVE_S1.);
#7797 = LINE('',#7798,#7799);
#7798 = CARTESIAN_POINT('',(-8.6921045499,5.388445916248E-15,1.03478E+03
    ));
#7799 = VECTOR('',#7800,1.);
#7800 = DIRECTION('',(1.,0.,0.));
#7801 = PCURVE('',#7729,#7802);
#7802 = DEFINITIONAL_REPRESENTATION('',(#7803),#7807);
#7803 = LINE('',#7804,#7805);
#7804 = CARTESIAN_POINT('',(0.,-0.));
#7805 = VECTOR('',#7806,1.);
#7806 = DIRECTION('',(0.,1.));
#7807 = ( GEOMETRIC_REPRESENTATION_CONTEXT(2) 
PARAMETRIC_REPRESENTATION_CONTEXT() REPRESENTATION_CONTEXT('2D SPACE',''
  ) );
#7808 = PCURVE('',#7729,#7809);
#7809 = DEFINITIONAL_REPRESENTATION('',(#7810),#7814);
#7810 = LINE('',#7811,#7812);
#7811 = CARTESIAN_POINT('',(6.28318530718,-0.));
#7812 = VECTOR('',#7813,1.);
#7813 = DIRECTION('',(0.,1.));
#7814 = ( GEOMETRIC_REPRESENTATION_CONTEXT(2) 
PARAMETRIC_REPRESENTATION_CONTEXT() REPRESENTATION_CONTEXT('2D SPACE',''
  ) );
#7815 = ORIENTED_EDGE('',*,*,#7745,.T.);
#7816 = ORIENTED_EDGE('',*,*,#7795,.T.);
#7817 = ( GEOMETRIC_REPRESENTATION_CONTEXT(3) 
GLOBAL_UNCERTAINTY_ASSIGNED_CONTEXT((#7821)) 
GLOBAL_UNIT_ASSIGNED_CONTEXT((#7818,#7819,#7820)) REPRESENTATION_CONTEXT
('Context #1','3D Context with UNIT and UNCERTAINTY') );
#7818 = ( LENGTH_UNIT() NAMED_UNIT(*) SI_UNIT(.MILLI.,.METRE.) );
#7819 = ( NAMED_UNIT(*) PLANE_ANGLE_UNIT() SI_UNIT($,.RADIAN.) );
#7820 = ( NAMED_UNIT(*) SI_UNIT($,.STERADIAN.) SOLID_ANGLE_UNIT() );
#7821 = UNCERTAINTY_MEASURE_WITH_UNIT(LENGTH_MEASURE(1.E-05),#7818,
  'distance_accuracy_value','confusion accuracy');
#7822 = CONTEXT_DEPENDENT_SHAPE_REPRESENTATION(#7823,#7825);
#7823 = ( REPRESENTATION_RELATIONSHIP('','',#52,#10) 
REPRESENTATION_RELATIONSHIP_WITH_TRANSFORMATION(#7824) 
SHAPE_REPRESENTATION_RELATIONSHIP() );
#7824 = ITEM_DEFINED_TRANSFORMATION('','',#11,#15);
#7825 = PRODUCT_DEFINITION_SHAPE('Placement','Placement of an item',
  #7826);
#7826 = NEXT_ASSEMBLY_USAGE_OCCURRENCE('1','HEAD_BARREL_7075','',#5,#47,
  $);
#7827 = PRODUCT_RELATED_PRODUCT_CATEGORY('part',$,(#49));
#7828 = SHAPE_DEFINITION_REPRESENTATION(#7829,#7835);
#7829 = PRODUCT_DEFINITION_SHAPE('','',#7830);
#7830 = PRODUCT_DEFINITION('design','',#7831,#7834);
#7831 = PRODUCT_DEFINITION_FORMATION('','',#7832);
#7832 = PRODUCT('SHAFT_300M_CONTINUOUS','SHAFT_300M_CONTINUOUS','',(
    #7833));
#7833 = PRODUCT_CONTEXT('',#2,'mechanical');
#7834 = PRODUCT_DEFINITION_CONTEXT('part definition',#2,'design');
#7835 = ADVANCED_BREP_SHAPE_REPRESENTATION('',(#11,#7836),#8044);
#7836 = MANIFOLD_SOLID_BREP('',#7837);
#7837 = CLOSED_SHELL('',(#7838,#7926,#8009,#8036,#8040));
#7838 = ADVANCED_FACE('',(#7839),#7853,.T.);
#7839 = FACE_BOUND('',#7840,.T.);
#7840 = EDGE_LOOP('',(#7841,#7871,#7898,#7899));
#7841 = ORIENTED_EDGE('',*,*,#7842,.F.);
#7842 = EDGE_CURVE('',#7843,#7845,#7847,.T.);
#7843 = VERTEX_POINT('',#7844);
#7844 = CARTESIAN_POINT('',(-87.5,4.65365783676E-15,1.03178E+03));
#7845 = VERTEX_POINT('',#7846);
#7846 = CARTESIAN_POINT('',(-62.5,4.65365783676E-15,1.03178E+03));
#7847 = SEAM_CURVE('',#7848,(#7852,#7864),.PCURVE_S1.);
#7848 = LINE('',#7849,#7850);
#7849 = CARTESIAN_POINT('',(-87.5,4.65365783676E-15,1.03178E+03));
#7850 = VECTOR('',#7851,1.);
#7851 = DIRECTION('',(1.,0.,0.));
#7852 = PCURVE('',#7853,#7858);
#7853 = CYLINDRICAL_SURFACE('',#7854,19.);
#7854 = AXIS2_PLACEMENT_3D('',#7855,#7856,#7857);
#7855 = CARTESIAN_POINT('',(-87.5,0.,1.01278E+03));
#7856 = DIRECTION('',(1.,0.,0.));
#7857 = DIRECTION('',(0.,0.,1.));
#7858 = DEFINITIONAL_REPRESENTATION('',(#7859),#7863);
#7859 = LINE('',#7860,#7861);
#7860 = CARTESIAN_POINT('',(0.,-0.));
#7861 = VECTOR('',#7862,1.);
#7862 = DIRECTION('',(0.,1.));
#7863 = ( GEOMETRIC_REPRESENTATION_CONTEXT(2) 
PARAMETRIC_REPRESENTATION_CONTEXT() REPRESENTATION_CONTEXT('2D SPACE',''
  ) );
#7864 = PCURVE('',#7853,#7865);
#7865 = DEFINITIONAL_REPRESENTATION('',(#7866),#7870);
#7866 = LINE('',#7867,#7868);
#7867 = CARTESIAN_POINT('',(6.28318530718,-0.));
#7868 = VECTOR('',#7869,1.);
#7869 = DIRECTION('',(0.,1.));
#7870 = ( GEOMETRIC_REPRESENTATION_CONTEXT(2) 
PARAMETRIC_REPRESENTATION_CONTEXT() REPRESENTATION_CONTEXT('2D SPACE',''
  ) );
#7871 = ORIENTED_EDGE('',*,*,#7872,.T.);
#7872 = EDGE_CURVE('',#7843,#7843,#7873,.T.);
#7873 = SURFACE_CURVE('',#7874,(#7879,#7886),.PCURVE_S1.);
#7874 = CIRCLE('',#7875,19.);
#7875 = AXIS2_PLACEMENT_3D('',#7876,#7877,#7878);
#7876 = CARTESIAN_POINT('',(-87.5,0.,1.01278E+03));
#7877 = DIRECTION('',(1.,0.,-0.));
#7878 = DIRECTION('',(0.,0.,1.));
#7879 = PCURVE('',#7853,#7880);
#7880 = DEFINITIONAL_REPRESENTATION('',(#7881),#7885);
#7881 = LINE('',#7882,#7883);
#7882 = CARTESIAN_POINT('',(0.,0.));
#7883 = VECTOR('',#7884,1.);
#7884 = DIRECTION('',(1.,0.));
#7885 = ( GEOMETRIC_REPRESENTATION_CONTEXT(2) 
PARAMETRIC_REPRESENTATION_CONTEXT() REPRESENTATION_CONTEXT('2D SPACE',''
  ) );
#7886 = PCURVE('',#7887,#7892);
#7887 = PLANE('',#7888);
#7888 = AXIS2_PLACEMENT_3D('',#7889,#7890,#7891);
#7889 = CARTESIAN_POINT('',(-87.5,0.,1.01278E+03));
#7890 = DIRECTION('',(1.,0.,0.));
#7891 = DIRECTION('',(0.,0.,1.));
#7892 = DEFINITIONAL_REPRESENTATION('',(#7893),#7897);
#7893 = CIRCLE('',#7894,19.);
#7894 = AXIS2_PLACEMENT_2D('',#7895,#7896);
#7895 = CARTESIAN_POINT('',(0.,0.));
#7896 = DIRECTION('',(1.,0.));
#7897 = ( GEOMETRIC_REPRESENTATION_CONTEXT(2) 
PARAMETRIC_REPRESENTATION_CONTEXT() REPRESENTATION_CONTEXT('2D SPACE',''
  ) );
#7898 = ORIENTED_EDGE('',*,*,#7842,.T.);
#7899 = ORIENTED_EDGE('',*,*,#7900,.F.);
#7900 = EDGE_CURVE('',#7845,#7845,#7901,.T.);
#7901 = SURFACE_CURVE('',#7902,(#7907,#7914),.PCURVE_S1.);
#7902 = CIRCLE('',#7903,19.);
#7903 = AXIS2_PLACEMENT_3D('',#7904,#7905,#7906);
#7904 = CARTESIAN_POINT('',(-62.5,0.,1.01278E+03));
#7905 = DIRECTION('',(1.,0.,-0.));
#7906 = DIRECTION('',(0.,0.,1.));
#7907 = PCURVE('',#7853,#7908);
#7908 = DEFINITIONAL_REPRESENTATION('',(#7909),#7913);
#7909 = LINE('',#7910,#7911);
#7910 = CARTESIAN_POINT('',(0.,25.));
#7911 = VECTOR('',#7912,1.);
#7912 = DIRECTION('',(1.,0.));
#7913 = ( GEOMETRIC_REPRESENTATION_CONTEXT(2) 
PARAMETRIC_REPRESENTATION_CONTEXT() REPRESENTATION_CONTEXT('2D SPACE',''
  ) );
#7914 = PCURVE('',#7915,#7920);
#7915 = CYLINDRICAL_SURFACE('',#7916,19.);
#7916 = AXIS2_PLACEMENT_3D('',#7917,#7918,#7919);
#7917 = CARTESIAN_POINT('',(-87.5,0.,1.01278E+03));
#7918 = DIRECTION('',(1.,0.,0.));
#7919 = DIRECTION('',(0.,0.,1.));
#7920 = DEFINITIONAL_REPRESENTATION('',(#7921),#7925);
#7921 = LINE('',#7922,#7923);
#7922 = CARTESIAN_POINT('',(0.,25.));
#7923 = VECTOR('',#7924,1.);
#7924 = DIRECTION('',(1.,0.));
#7925 = ( GEOMETRIC_REPRESENTATION_CONTEXT(2) 
PARAMETRIC_REPRESENTATION_CONTEXT() REPRESENTATION_CONTEXT('2D SPACE',''
  ) );
#7926 = ADVANCED_FACE('',(#7927),#7941,.T.);
#7927 = FACE_BOUND('',#7928,.T.);
#7928 = EDGE_LOOP('',(#7929,#7959,#7986,#7987));
#7929 = ORIENTED_EDGE('',*,*,#7930,.T.);
#7930 = EDGE_CURVE('',#7931,#7933,#7935,.T.);
#7931 = VERTEX_POINT('',#7932);
#7932 = CARTESIAN_POINT('',(62.5,4.65365783676E-15,1.03178E+03));
#7933 = VERTEX_POINT('',#7934);
#7934 = CARTESIAN_POINT('',(87.5,4.65365783676E-15,1.03178E+03));
#7935 = SEAM_CURVE('',#7936,(#7940,#7952),.PCURVE_S1.);
#7936 = LINE('',#7937,#7938);
#7937 = CARTESIAN_POINT('',(-87.5,4.65365783676E-15,1.03178E+03));
#7938 = VECTOR('',#7939,1.);
#7939 = DIRECTION('',(1.,0.,0.));
#7940 = PCURVE('',#7941,#7946);
#7941 = CYLINDRICAL_SURFACE('',#7942,19.);
#7942 = AXIS2_PLACEMENT_3D('',#7943,#7944,#7945);
#7943 = CARTESIAN_POINT('',(-87.5,0.,1.01278E+03));
#7944 = DIRECTION('',(1.,0.,0.));
#7945 = DIRECTION('',(0.,0.,1.));
#7946 = DEFINITIONAL_REPRESENTATION('',(#7947),#7951);
#7947 = LINE('',#7948,#7949);
#7948 = CARTESIAN_POINT('',(6.28318530718,0.));
#7949 = VECTOR('',#7950,1.);
#7950 = DIRECTION('',(0.,1.));
#7951 = ( GEOMETRIC_REPRESENTATION_CONTEXT(2) 
PARAMETRIC_REPRESENTATION_CONTEXT() REPRESENTATION_CONTEXT('2D SPACE',''
  ) );
#7952 = PCURVE('',#7941,#7953);
#7953 = DEFINITIONAL_REPRESENTATION('',(#7954),#7958);
#7954 = LINE('',#7955,#7956);
#7955 = CARTESIAN_POINT('',(4.138911435803E-13,0.));
#7956 = VECTOR('',#7957,1.);
#7957 = DIRECTION('',(0.,1.));
#7958 = ( GEOMETRIC_REPRESENTATION_CONTEXT(2) 
PARAMETRIC_REPRESENTATION_CONTEXT() REPRESENTATION_CONTEXT('2D SPACE',''
  ) );
#7959 = ORIENTED_EDGE('',*,*,#7960,.F.);
#7960 = EDGE_CURVE('',#7933,#7933,#7961,.T.);
#7961 = SURFACE_CURVE('',#7962,(#7967,#7974),.PCURVE_S1.);
#7962 = CIRCLE('',#7963,19.);
#7963 = AXIS2_PLACEMENT_3D('',#7964,#7965,#7966);
#7964 = CARTESIAN_POINT('',(87.5,0.,1.01278E+03));
#7965 = DIRECTION('',(1.,0.,-0.));
#7966 = DIRECTION('',(0.,0.,1.));
#7967 = PCURVE('',#7941,#7968);
#7968 = DEFINITIONAL_REPRESENTATION('',(#7969),#7973);
#7969 = LINE('',#7970,#7971);
#7970 = CARTESIAN_POINT('',(0.,175.));
#7971 = VECTOR('',#7972,1.);
#7972 = DIRECTION('',(1.,0.));
#7973 = ( GEOMETRIC_REPRESENTATION_CONTEXT(2) 
PARAMETRIC_REPRESENTATION_CONTEXT() REPRESENTATION_CONTEXT('2D SPACE',''
  ) );
#7974 = PCURVE('',#7975,#7980);
#7975 = PLANE('',#7976);
#7976 = AXIS2_PLACEMENT_3D('',#7977,#7978,#7979);
#7977 = CARTESIAN_POINT('',(87.5,0.,1.01278E+03));
#7978 = DIRECTION('',(1.,0.,0.));
#7979 = DIRECTION('',(0.,0.,1.));
#7980 = DEFINITIONAL_REPRESENTATION('',(#7981),#7985);
#7981 = CIRCLE('',#7982,19.);
#7982 = AXIS2_PLACEMENT_2D('',#7983,#7984);
#7983 = CARTESIAN_POINT('',(0.,0.));
#7984 = DIRECTION('',(1.,0.));
#7985 = ( GEOMETRIC_REPRESENTATION_CONTEXT(2) 
PARAMETRIC_REPRESENTATION_CONTEXT() REPRESENTATION_CONTEXT('2D SPACE',''
  ) );
#7986 = ORIENTED_EDGE('',*,*,#7930,.F.);
#7987 = ORIENTED_EDGE('',*,*,#7988,.T.);
#7988 = EDGE_CURVE('',#7931,#7931,#7989,.T.);
#7989 = SURFACE_CURVE('',#7990,(#7995,#8002),.PCURVE_S1.);
#7990 = CIRCLE('',#7991,19.);
#7991 = AXIS2_PLACEMENT_3D('',#7992,#7993,#7994);
#7992 = CARTESIAN_POINT('',(62.5,0.,1.01278E+03));
#7993 = DIRECTION('',(1.,0.,-0.));
#7994 = DIRECTION('',(0.,0.,1.));
#7995 = PCURVE('',#7941,#7996);
#7996 = DEFINITIONAL_REPRESENTATION('',(#7997),#8001);
#7997 = LINE('',#7998,#7999);
#7998 = CARTESIAN_POINT('',(0.,150.));
#7999 = VECTOR('',#8000,1.);
#8000 = DIRECTION('',(1.,0.));
#8001 = ( GEOMETRIC_REPRESENTATION_CONTEXT(2) 
PARAMETRIC_REPRESENTATION_CONTEXT() REPRESENTATION_CONTEXT('2D SPACE',''
  ) );
#8002 = PCURVE('',#7915,#8003);
#8003 = DEFINITIONAL_REPRESENTATION('',(#8004),#8008);
#8004 = LINE('',#8005,#8006);
#8005 = CARTESIAN_POINT('',(0.,150.));
#8006 = VECTOR('',#8007,1.);
#8007 = DIRECTION('',(1.,0.));
#8008 = ( GEOMETRIC_REPRESENTATION_CONTEXT(2) 
PARAMETRIC_REPRESENTATION_CONTEXT() REPRESENTATION_CONTEXT('2D SPACE',''
  ) );
#8009 = ADVANCED_FACE('',(#8010),#7915,.T.);
#8010 = FACE_BOUND('',#8011,.T.);
#8011 = EDGE_LOOP('',(#8012,#8033,#8034,#8035));
#8012 = ORIENTED_EDGE('',*,*,#8013,.T.);
#8013 = EDGE_CURVE('',#7845,#7931,#8014,.T.);
#8014 = SEAM_CURVE('',#8015,(#8019,#8026),.PCURVE_S1.);
#8015 = LINE('',#8016,#8017);
#8016 = CARTESIAN_POINT('',(-87.5,4.65365783676E-15,1.03178E+03));
#8017 = VECTOR('',#8018,1.);
#8018 = DIRECTION('',(1.,0.,0.));
#8019 = PCURVE('',#7915,#8020);
#8020 = DEFINITIONAL_REPRESENTATION('',(#8021),#8025);
#8021 = LINE('',#8022,#8023);
#8022 = CARTESIAN_POINT('',(6.28318530718,0.));
#8023 = VECTOR('',#8024,1.);
#8024 = DIRECTION('',(0.,1.));
#8025 = ( GEOMETRIC_REPRESENTATION_CONTEXT(2) 
PARAMETRIC_REPRESENTATION_CONTEXT() REPRESENTATION_CONTEXT('2D SPACE',''
  ) );
#8026 = PCURVE('',#7915,#8027);
#8027 = DEFINITIONAL_REPRESENTATION('',(#8028),#8032);
#8028 = LINE('',#8029,#8030);
#8029 = CARTESIAN_POINT('',(4.138911435803E-13,0.));
#8030 = VECTOR('',#8031,1.);
#8031 = DIRECTION('',(0.,1.));
#8032 = ( GEOMETRIC_REPRESENTATION_CONTEXT(2) 
PARAMETRIC_REPRESENTATION_CONTEXT() REPRESENTATION_CONTEXT('2D SPACE',''
  ) );
#8033 = ORIENTED_EDGE('',*,*,#7988,.F.);
#8034 = ORIENTED_EDGE('',*,*,#8013,.F.);
#8035 = ORIENTED_EDGE('',*,*,#7900,.T.);
#8036 = ADVANCED_FACE('',(#8037),#7975,.T.);
#8037 = FACE_BOUND('',#8038,.T.);
#8038 = EDGE_LOOP('',(#8039));
#8039 = ORIENTED_EDGE('',*,*,#7960,.T.);
#8040 = ADVANCED_FACE('',(#8041),#7887,.F.);
#8041 = FACE_BOUND('',#8042,.T.);
#8042 = EDGE_LOOP('',(#8043));
#8043 = ORIENTED_EDGE('',*,*,#7872,.F.);
#8044 = ( GEOMETRIC_REPRESENTATION_CONTEXT(3) 
GLOBAL_UNCERTAINTY_ASSIGNED_CONTEXT((#8048)) 
GLOBAL_UNIT_ASSIGNED_CONTEXT((#8045,#8046,#8047)) REPRESENTATION_CONTEXT
('Context #1','3D Context with UNIT and UNCERTAINTY') );
#8045 = ( LENGTH_UNIT() NAMED_UNIT(*) SI_UNIT(.MILLI.,.METRE.) );
#8046 = ( NAMED_UNIT(*) PLANE_ANGLE_UNIT() SI_UNIT($,.RADIAN.) );
#8047 = ( NAMED_UNIT(*) SI_UNIT($,.STERADIAN.) SOLID_ANGLE_UNIT() );
#8048 = UNCERTAINTY_MEASURE_WITH_UNIT(LENGTH_MEASURE(1.E-07),#8045,
  'distance_accuracy_value','confusion accuracy');
#8049 = CONTEXT_DEPENDENT_SHAPE_REPRESENTATION(#8050,#8052);
#8050 = ( REPRESENTATION_RELATIONSHIP('','',#7835,#10) 
REPRESENTATION_RELATIONSHIP_WITH_TRANSFORMATION(#8051) 
SHAPE_REPRESENTATION_RELATIONSHIP() );
#8051 = ITEM_DEFINED_TRANSFORMATION('','',#11,#19);
#8052 = PRODUCT_DEFINITION_SHAPE('Placement','Placement of an item',
  #8053);
#8053 = NEXT_ASSEMBLY_USAGE_OCCURRENCE('2','SHAFT_300M_CONTINUOUS','',#5
  ,#7830,$);
#8054 = PRODUCT_RELATED_PRODUCT_CATEGORY('part',$,(#7832));
#8055 = SHAPE_DEFINITION_REPRESENTATION(#8056,#8062);
#8056 = PRODUCT_DEFINITION_SHAPE('','',#8057);
#8057 = PRODUCT_DEFINITION('design','',#8058,#8061);
#8058 = PRODUCT_DEFINITION_FORMATION('','',#8059);
#8059 = PRODUCT('BUSHING_LEFT_AMS4640','BUSHING_LEFT_AMS4640','',(#8060)
  );
#8060 = PRODUCT_CONTEXT('',#2,'mechanical');
#8061 = PRODUCT_DEFINITION_CONTEXT('part definition',#2,'design');
#8062 = ADVANCED_BREP_SHAPE_REPRESENTATION('',(#11,#8063),#8599);
#8063 = MANIFOLD_SOLID_BREP('',#8064);
#8064 = CLOSED_SHELL('',(#8065,#8153,#8188,#8242,#8319,#8354,#8410,#8464
    ,#8499,#8571));
#8065 = ADVANCED_FACE('',(#8066),#8080,.T.);
#8066 = FACE_BOUND('',#8067,.T.);
#8067 = EDGE_LOOP('',(#8068,#8098,#8125,#8126));
#8068 = ORIENTED_EDGE('',*,*,#8069,.F.);
#8069 = EDGE_CURVE('',#8070,#8072,#8074,.T.);
#8070 = VERTEX_POINT('',#8071);
#8071 = CARTESIAN_POINT('',(-43.6921045499,6.123233995737E-15,
    1.03778E+03));
#8072 = VERTEX_POINT('',#8073);
#8073 = CARTESIAN_POINT('',(-15.1921045499,0.,1.03778E+03));
#8074 = SEAM_CURVE('',#8075,(#8079,#8091),.PCURVE_S1.);
#8075 = LINE('',#8076,#8077);
#8076 = CARTESIAN_POINT('',(-43.6921045499,6.123233995737E-15,
    1.03778E+03));
#8077 = VECTOR('',#8078,1.);
#8078 = DIRECTION('',(1.,0.,0.));
#8079 = PCURVE('',#8080,#8085);
#8080 = CYLINDRICAL_SURFACE('',#8081,25.);
#8081 = AXIS2_PLACEMENT_3D('',#8082,#8083,#8084);
#8082 = CARTESIAN_POINT('',(-43.6921045499,0.,1.01278E+03));
#8083 = DIRECTION('',(1.,0.,0.));
#8084 = DIRECTION('',(0.,0.,1.));
#8085 = DEFINITIONAL_REPRESENTATION('',(#8086),#8090);
#8086 = LINE('',#8087,#8088);
#8087 = CARTESIAN_POINT('',(0.,-0.));
#8088 = VECTOR('',#8089,1.);
#8089 = DIRECTION('',(0.,1.));
#8090 = ( GEOMETRIC_REPRESENTATION_CONTEXT(2) 
PARAMETRIC_REPRESENTATION_CONTEXT() REPRESENTATION_CONTEXT('2D SPACE',''
  ) );
#8091 = PCURVE('',#8080,#8092);
#8092 = DEFINITIONAL_REPRESENTATION('',(#8093),#8097);
#8093 = LINE('',#8094,#8095);
#8094 = CARTESIAN_POINT('',(6.28318530718,-0.));
#8095 = VECTOR('',#8096,1.);
#8096 = DIRECTION('',(0.,1.));
#8097 = ( GEOMETRIC_REPRESENTATION_CONTEXT(2) 
PARAMETRIC_REPRESENTATION_CONTEXT() REPRESENTATION_CONTEXT('2D SPACE',''
  ) );
#8098 = ORIENTED_EDGE('',*,*,#8099,.T.);
#8099 = EDGE_CURVE('',#8070,#8070,#8100,.T.);
#8100 = SURFACE_CURVE('',#8101,(#8106,#8113),.PCURVE_S1.);
#8101 = CIRCLE('',#8102,25.);
#8102 = AXIS2_PLACEMENT_3D('',#8103,#8104,#8105);
#8103 = CARTESIAN_POINT('',(-43.6921045499,0.,1.01278E+03));
#8104 = DIRECTION('',(1.,0.,-0.));
#8105 = DIRECTION('',(0.,0.,1.));
#8106 = PCURVE('',#8080,#8107);
#8107 = DEFINITIONAL_REPRESENTATION('',(#8108),#8112);
#8108 = LINE('',#8109,#8110);
#8109 = CARTESIAN_POINT('',(0.,0.));
#8110 = VECTOR('',#8111,1.);
#8111 = DIRECTION('',(1.,0.));
#8112 = ( GEOMETRIC_REPRESENTATION_CONTEXT(2) 
PARAMETRIC_REPRESENTATION_CONTEXT() REPRESENTATION_CONTEXT('2D SPACE',''
  ) );
#8113 = PCURVE('',#8114,#8119);
#8114 = PLANE('',#8115);
#8115 = AXIS2_PLACEMENT_3D('',#8116,#8117,#8118);
#8116 = CARTESIAN_POINT('',(-43.6921045499,0.,1.01278E+03));
#8117 = DIRECTION('',(1.,0.,0.));
#8118 = DIRECTION('',(0.,0.,1.));
#8119 = DEFINITIONAL_REPRESENTATION('',(#8120),#8124);
#8120 = CIRCLE('',#8121,25.);
#8121 = AXIS2_PLACEMENT_2D('',#8122,#8123);
#8122 = CARTESIAN_POINT('',(0.,0.));
#8123 = DIRECTION('',(1.,0.));
#8124 = ( GEOMETRIC_REPRESENTATION_CONTEXT(2) 
PARAMETRIC_REPRESENTATION_CONTEXT() REPRESENTATION_CONTEXT('2D SPACE',''
  ) );
#8125 = ORIENTED_EDGE('',*,*,#8069,.T.);
#8126 = ORIENTED_EDGE('',*,*,#8127,.F.);
#8127 = EDGE_CURVE('',#8072,#8072,#8128,.T.);
#8128 = SURFACE_CURVE('',#8129,(#8134,#8141),.PCURVE_S1.);
#8129 = CIRCLE('',#8130,25.);
#8130 = AXIS2_PLACEMENT_3D('',#8131,#8132,#8133);
#8131 = CARTESIAN_POINT('',(-15.1921045499,0.,1.01278E+03));
#8132 = DIRECTION('',(1.,0.,-0.));
#8133 = DIRECTION('',(0.,0.,1.));
#8134 = PCURVE('',#8080,#8135);
#8135 = DEFINITIONAL_REPRESENTATION('',(#8136),#8140);
#8136 = LINE('',#8137,#8138);
#8137 = CARTESIAN_POINT('',(0.,28.5));
#8138 = VECTOR('',#8139,1.);
#8139 = DIRECTION('',(1.,0.));
#8140 = ( GEOMETRIC_REPRESENTATION_CONTEXT(2) 
PARAMETRIC_REPRESENTATION_CONTEXT() REPRESENTATION_CONTEXT('2D SPACE',''
  ) );
#8141 = PCURVE('',#8142,#8147);
#8142 = TOROIDAL_SURFACE('',#8143,23.5,1.5);
#8143 = AXIS2_PLACEMENT_3D('',#8144,#8145,#8146);
#8144 = CARTESIAN_POINT('',(-15.1921045499,0.,1.01278E+03));
#8145 = DIRECTION('',(1.,0.,0.));
#8146 = DIRECTION('',(0.,0.,1.));
#8147 = DEFINITIONAL_REPRESENTATION('',(#8148),#8152);
#8148 = LINE('',#8149,#8150);
#8149 = CARTESIAN_POINT('',(0.,0.));
#8150 = VECTOR('',#8151,1.);
#8151 = DIRECTION('',(1.,0.));
#8152 = ( GEOMETRIC_REPRESENTATION_CONTEXT(2) 
PARAMETRIC_REPRESENTATION_CONTEXT() REPRESENTATION_CONTEXT('2D SPACE',''
  ) );
#8153 = ADVANCED_FACE('',(#8154,#8185),#8114,.T.);
#8154 = FACE_BOUND('',#8155,.T.);
#8155 = EDGE_LOOP('',(#8156));
#8156 = ORIENTED_EDGE('',*,*,#8157,.T.);
#8157 = EDGE_CURVE('',#8158,#8158,#8160,.T.);
#8158 = VERTEX_POINT('',#8159);
#8159 = CARTESIAN_POINT('',(-43.6921045499,7.347880794884E-15,
    1.04278E+03));
#8160 = SURFACE_CURVE('',#8161,(#8166,#8173),.PCURVE_S1.);
#8161 = CIRCLE('',#8162,30.);
#8162 = AXIS2_PLACEMENT_3D('',#8163,#8164,#8165);
#8163 = CARTESIAN_POINT('',(-43.6921045499,0.,1.01278E+03));
#8164 = DIRECTION('',(1.,0.,-0.));
#8165 = DIRECTION('',(0.,0.,1.));
#8166 = PCURVE('',#8114,#8167);
#8167 = DEFINITIONAL_REPRESENTATION('',(#8168),#8172);
#8168 = CIRCLE('',#8169,30.);
#8169 = AXIS2_PLACEMENT_2D('',#8170,#8171);
#8170 = CARTESIAN_POINT('',(0.,0.));
#8171 = DIRECTION('',(1.,0.));
#8172 = ( GEOMETRIC_REPRESENTATION_CONTEXT(2) 
PARAMETRIC_REPRESENTATION_CONTEXT() REPRESENTATION_CONTEXT('2D SPACE',''
  ) );
#8173 = PCURVE('',#8174,#8179);
#8174 = CYLINDRICAL_SURFACE('',#8175,30.);
#8175 = AXIS2_PLACEMENT_3D('',#8176,#8177,#8178);
#8176 = CARTESIAN_POINT('',(-46.6921045499,0.,1.01278E+03));
#8177 = DIRECTION('',(1.,0.,0.));
#8178 = DIRECTION('',(0.,0.,1.));
#8179 = DEFINITIONAL_REPRESENTATION('',(#8180),#8184);
#8180 = LINE('',#8181,#8182);
#8181 = CARTESIAN_POINT('',(0.,3.));
#8182 = VECTOR('',#8183,1.);
#8183 = DIRECTION('',(1.,0.));
#8184 = ( GEOMETRIC_REPRESENTATION_CONTEXT(2) 
PARAMETRIC_REPRESENTATION_CONTEXT() REPRESENTATION_CONTEXT('2D SPACE',''
  ) );
#8185 = FACE_BOUND('',#8186,.T.);
#8186 = EDGE_LOOP('',(#8187));
#8187 = ORIENTED_EDGE('',*,*,#8099,.F.);
#8188 = ADVANCED_FACE('',(#8189),#8142,.T.);
#8189 = FACE_BOUND('',#8190,.T.);
#8190 = EDGE_LOOP('',(#8191,#8213,#8214,#8215));
#8191 = ORIENTED_EDGE('',*,*,#8192,.F.);
#8192 = EDGE_CURVE('',#8072,#8193,#8195,.T.);
#8193 = VERTEX_POINT('',#8194);
#8194 = CARTESIAN_POINT('',(-13.6921045499,0.,1.03628E+03));
#8195 = SEAM_CURVE('',#8196,(#8201,#8207),.PCURVE_S1.);
#8196 = CIRCLE('',#8197,1.5);
#8197 = AXIS2_PLACEMENT_3D('',#8198,#8199,#8200);
#8198 = CARTESIAN_POINT('',(-15.1921045499,0.,1.03628E+03));
#8199 = DIRECTION('',(0.,1.,0.));
#8200 = DIRECTION('',(0.,0.,1.));
#8201 = PCURVE('',#8142,#8202);
#8202 = DEFINITIONAL_REPRESENTATION('',(#8203),#8206);
#8203 = B_SPLINE_CURVE_WITH_KNOTS('',1,(#8204,#8205),.UNSPECIFIED.,.F.,
  .F.,(2,2),(0.,1.570796326795),.PIECEWISE_BEZIER_KNOTS.);
#8204 = CARTESIAN_POINT('',(0.,0.));
#8205 = CARTESIAN_POINT('',(0.,1.570796326795));
#8206 = ( GEOMETRIC_REPRESENTATION_CONTEXT(2) 
PARAMETRIC_REPRESENTATION_CONTEXT() REPRESENTATION_CONTEXT('2D SPACE',''
  ) );
#8207 = PCURVE('',#8142,#8208);
#8208 = DEFINITIONAL_REPRESENTATION('',(#8209),#8212);
#8209 = B_SPLINE_CURVE_WITH_KNOTS('',1,(#8210,#8211),.UNSPECIFIED.,.F.,
  .F.,(2,2),(0.,1.570796326795),.PIECEWISE_BEZIER_KNOTS.);
#8210 = CARTESIAN_POINT('',(6.28318530718,0.));
#8211 = CARTESIAN_POINT('',(6.28318530718,1.570796326795));
#8212 = ( GEOMETRIC_REPRESENTATION_CONTEXT(2) 
PARAMETRIC_REPRESENTATION_CONTEXT() REPRESENTATION_CONTEXT('2D SPACE',''
  ) );
#8213 = ORIENTED_EDGE('',*,*,#8127,.T.);
#8214 = ORIENTED_EDGE('',*,*,#8192,.T.);
#8215 = ORIENTED_EDGE('',*,*,#8216,.F.);
#8216 = EDGE_CURVE('',#8193,#8193,#8217,.T.);
#8217 = SURFACE_CURVE('',#8218,(#8223,#8230),.PCURVE_S1.);
#8218 = CIRCLE('',#8219,23.5);
#8219 = AXIS2_PLACEMENT_3D('',#8220,#8221,#8222);
#8220 = CARTESIAN_POINT('',(-13.6921045499,0.,1.01278E+03));
#8221 = DIRECTION('',(1.,0.,-0.));
#8222 = DIRECTION('',(0.,0.,1.));
#8223 = PCURVE('',#8142,#8224);
#8224 = DEFINITIONAL_REPRESENTATION('',(#8225),#8229);
#8225 = LINE('',#8226,#8227);
#8226 = CARTESIAN_POINT('',(0.,1.570796326795));
#8227 = VECTOR('',#8228,1.);
#8228 = DIRECTION('',(1.,0.));
#8229 = ( GEOMETRIC_REPRESENTATION_CONTEXT(2) 
PARAMETRIC_REPRESENTATION_CONTEXT() REPRESENTATION_CONTEXT('2D SPACE',''
  ) );
#8230 = PCURVE('',#8231,#8236);
#8231 = PLANE('',#8232);
#8232 = AXIS2_PLACEMENT_3D('',#8233,#8234,#8235);
#8233 = CARTESIAN_POINT('',(-13.6921045499,0.,1.01278E+03));
#8234 = DIRECTION('',(1.,0.,0.));
#8235 = DIRECTION('',(0.,0.,1.));
#8236 = DEFINITIONAL_REPRESENTATION('',(#8237),#8241);
#8237 = CIRCLE('',#8238,23.5);
#8238 = AXIS2_PLACEMENT_2D('',#8239,#8240);
#8239 = CARTESIAN_POINT('',(0.,0.));
#8240 = DIRECTION('',(1.,0.));
#8241 = ( GEOMETRIC_REPRESENTATION_CONTEXT(2) 
PARAMETRIC_REPRESENTATION_CONTEXT() REPRESENTATION_CONTEXT('2D SPACE',''
  ) );
#8242 = ADVANCED_FACE('',(#8243),#8174,.T.);
#8243 = FACE_BOUND('',#8244,.T.);
#8244 = EDGE_LOOP('',(#8245,#8268,#8269,#8270,#8298));
#8245 = ORIENTED_EDGE('',*,*,#8246,.T.);
#8246 = EDGE_CURVE('',#8247,#8158,#8249,.T.);
#8247 = VERTEX_POINT('',#8248);
#8248 = CARTESIAN_POINT('',(-46.6921045499,7.347880794884E-15,
    1.04278E+03));
#8249 = SEAM_CURVE('',#8250,(#8254,#8261),.PCURVE_S1.);
#8250 = LINE('',#8251,#8252);
#8251 = CARTESIAN_POINT('',(-46.6921045499,7.347880794884E-15,
    1.04278E+03));
#8252 = VECTOR('',#8253,1.);
#8253 = DIRECTION('',(1.,0.,0.));
#8254 = PCURVE('',#8174,#8255);
#8255 = DEFINITIONAL_REPRESENTATION('',(#8256),#8260);
#8256 = LINE('',#8257,#8258);
#8257 = CARTESIAN_POINT('',(6.28318530718,0.));
#8258 = VECTOR('',#8259,1.);
#8259 = DIRECTION('',(0.,1.));
#8260 = ( GEOMETRIC_REPRESENTATION_CONTEXT(2) 
PARAMETRIC_REPRESENTATION_CONTEXT() REPRESENTATION_CONTEXT('2D SPACE',''
  ) );
#8261 = PCURVE('',#8174,#8262);
#8262 = DEFINITIONAL_REPRESENTATION('',(#8263),#8267);
#8263 = LINE('',#8264,#8265);
#8264 = CARTESIAN_POINT('',(4.138911435803E-13,0.));
#8265 = VECTOR('',#8266,1.);
#8266 = DIRECTION('',(0.,1.));
#8267 = ( GEOMETRIC_REPRESENTATION_CONTEXT(2) 
PARAMETRIC_REPRESENTATION_CONTEXT() REPRESENTATION_CONTEXT('2D SPACE',''
  ) );
#8268 = ORIENTED_EDGE('',*,*,#8157,.F.);
#8269 = ORIENTED_EDGE('',*,*,#8246,.F.);
#8270 = ORIENTED_EDGE('',*,*,#8271,.T.);
#8271 = EDGE_CURVE('',#8247,#8272,#8274,.T.);
#8272 = VERTEX_POINT('',#8273);
#8273 = CARTESIAN_POINT('',(-46.6921045499,30.,1.01278E+03));
#8274 = SURFACE_CURVE('',#8275,(#8280,#8287),.PCURVE_S1.);
#8275 = CIRCLE('',#8276,30.);
#8276 = AXIS2_PLACEMENT_3D('',#8277,#8278,#8279);
#8277 = CARTESIAN_POINT('',(-46.6921045499,0.,1.01278E+03));
#8278 = DIRECTION('',(1.,0.,-0.));
#8279 = DIRECTION('',(0.,0.,1.));
#8280 = PCURVE('',#8174,#8281);
#8281 = DEFINITIONAL_REPRESENTATION('',(#8282),#8286);
#8282 = LINE('',#8283,#8284);
#8283 = CARTESIAN_POINT('',(0.,0.));
#8284 = VECTOR('',#8285,1.);
#8285 = DIRECTION('',(1.,0.));
#8286 = ( GEOMETRIC_REPRESENTATION_CONTEXT(2) 
PARAMETRIC_REPRESENTATION_CONTEXT() REPRESENTATION_CONTEXT('2D SPACE',''
  ) );
#8287 = PCURVE('',#8288,#8293);
#8288 = CYLINDRICAL_SURFACE('',#8289,30.);
#8289 = AXIS2_PLACEMENT_3D('',#8290,#8291,#8292);
#8290 = CARTESIAN_POINT('',(-47.1921045499,0.,1.01278E+03));
#8291 = DIRECTION('',(-1.,-0.,-0.));
#8292 = DIRECTION('',(0.,1.,0.));
#8293 = DEFINITIONAL_REPRESENTATION('',(#8294),#8297);
#8294 = B_SPLINE_CURVE_WITH_KNOTS('',1,(#8295,#8296),.UNSPECIFIED.,.F.,
  .F.,(2,2),(0.,4.712388980385),.PIECEWISE_BEZIER_KNOTS.);
#8295 = CARTESIAN_POINT('',(4.712388980385,-0.5));
#8296 = CARTESIAN_POINT('',(-4.138911435803E-13,-0.5));
#8297 = ( GEOMETRIC_REPRESENTATION_CONTEXT(2) 
PARAMETRIC_REPRESENTATION_CONTEXT() REPRESENTATION_CONTEXT('2D SPACE',''
  ) );
#8298 = ORIENTED_EDGE('',*,*,#8299,.T.);
#8299 = EDGE_CURVE('',#8272,#8247,#8300,.T.);
#8300 = SURFACE_CURVE('',#8301,(#8306,#8313),.PCURVE_S1.);
#8301 = CIRCLE('',#8302,30.);
#8302 = AXIS2_PLACEMENT_3D('',#8303,#8304,#8305);
#8303 = CARTESIAN_POINT('',(-46.6921045499,0.,1.01278E+03));
#8304 = DIRECTION('',(1.,0.,-0.));
#8305 = DIRECTION('',(0.,0.,1.));
#8306 = PCURVE('',#8174,#8307);
#8307 = DEFINITIONAL_REPRESENTATION('',(#8308),#8312);
#8308 = LINE('',#8309,#8310);
#8309 = CARTESIAN_POINT('',(0.,0.));
#8310 = VECTOR('',#8311,1.);
#8311 = DIRECTION('',(1.,0.));
#8312 = ( GEOMETRIC_REPRESENTATION_CONTEXT(2) 
PARAMETRIC_REPRESENTATION_CONTEXT() REPRESENTATION_CONTEXT('2D SPACE',''
  ) );
#8313 = PCURVE('',#8288,#8314);
#8314 = DEFINITIONAL_REPRESENTATION('',(#8315),#8318);
#8315 = B_SPLINE_CURVE_WITH_KNOTS('',1,(#8316,#8317),.UNSPECIFIED.,.F.,
  .F.,(2,2),(4.712388980385,6.28318530718),.PIECEWISE_BEZIER_KNOTS.);
#8316 = CARTESIAN_POINT('',(6.28318530718,-0.5));
#8317 = CARTESIAN_POINT('',(4.712388980385,-0.5));
#8318 = ( GEOMETRIC_REPRESENTATION_CONTEXT(2) 
PARAMETRIC_REPRESENTATION_CONTEXT() REPRESENTATION_CONTEXT('2D SPACE',''
  ) );
#8319 = ADVANCED_FACE('',(#8320,#8323),#8231,.T.);
#8320 = FACE_BOUND('',#8321,.T.);
#8321 = EDGE_LOOP('',(#8322));
#8322 = ORIENTED_EDGE('',*,*,#8216,.T.);
#8323 = FACE_BOUND('',#8324,.T.);
#8324 = EDGE_LOOP('',(#8325));
#8325 = ORIENTED_EDGE('',*,*,#8326,.F.);
#8326 = EDGE_CURVE('',#8327,#8327,#8329,.T.);
#8327 = VERTEX_POINT('',#8328);
#8328 = CARTESIAN_POINT('',(-13.6921045499,4.65365783676E-15,1.03178E+03
    ));
#8329 = SURFACE_CURVE('',#8330,(#8335,#8342),.PCURVE_S1.);
#8330 = CIRCLE('',#8331,19.);
#8331 = AXIS2_PLACEMENT_3D('',#8332,#8333,#8334);
#8332 = CARTESIAN_POINT('',(-13.6921045499,0.,1.01278E+03));
#8333 = DIRECTION('',(1.,0.,-0.));
#8334 = DIRECTION('',(0.,0.,1.));
#8335 = PCURVE('',#8231,#8336);
#8336 = DEFINITIONAL_REPRESENTATION('',(#8337),#8341);
#8337 = CIRCLE('',#8338,19.);
#8338 = AXIS2_PLACEMENT_2D('',#8339,#8340);
#8339 = CARTESIAN_POINT('',(0.,0.));
#8340 = DIRECTION('',(1.,0.));
#8341 = ( GEOMETRIC_REPRESENTATION_CONTEXT(2) 
PARAMETRIC_REPRESENTATION_CONTEXT() REPRESENTATION_CONTEXT('2D SPACE',''
  ) );
#8342 = PCURVE('',#8343,#8348);
#8343 = CYLINDRICAL_SURFACE('',#8344,19.);
#8344 = AXIS2_PLACEMENT_3D('',#8345,#8346,#8347);
#8345 = CARTESIAN_POINT('',(-43.7921045499,0.,1.01278E+03));
#8346 = DIRECTION('',(1.,0.,0.));
#8347 = DIRECTION('',(0.,0.,1.));
#8348 = DEFINITIONAL_REPRESENTATION('',(#8349),#8353);
#8349 = LINE('',#8350,#8351);
#8350 = CARTESIAN_POINT('',(0.,30.1));
#8351 = VECTOR('',#8352,1.);
#8352 = DIRECTION('',(1.,0.));
#8353 = ( GEOMETRIC_REPRESENTATION_CONTEXT(2) 
PARAMETRIC_REPRESENTATION_CONTEXT() REPRESENTATION_CONTEXT('2D SPACE',''
  ) );
#8354 = ADVANCED_FACE('',(#8355),#8288,.T.);
#8355 = FACE_BOUND('',#8356,.T.);
#8356 = EDGE_LOOP('',(#8357,#8380,#8381,#8382,#8383));
#8357 = ORIENTED_EDGE('',*,*,#8358,.T.);
#8358 = EDGE_CURVE('',#8359,#8272,#8361,.T.);
#8359 = VERTEX_POINT('',#8360);
#8360 = CARTESIAN_POINT('',(-47.1921045499,30.,1.01278E+03));
#8361 = SEAM_CURVE('',#8362,(#8366,#8373),.PCURVE_S1.);
#8362 = LINE('',#8363,#8364);
#8363 = CARTESIAN_POINT('',(-47.1921045499,30.,1.01278E+03));
#8364 = VECTOR('',#8365,1.);
#8365 = DIRECTION('',(1.,0.,0.));
#8366 = PCURVE('',#8288,#8367);
#8367 = DEFINITIONAL_REPRESENTATION('',(#8368),#8372);
#8368 = LINE('',#8369,#8370);
#8369 = CARTESIAN_POINT('',(4.138911435803E-13,0.));
#8370 = VECTOR('',#8371,1.);
#8371 = DIRECTION('',(-0.,-1.));
#8372 = ( GEOMETRIC_REPRESENTATION_CONTEXT(2) 
PARAMETRIC_REPRESENTATION_CONTEXT() REPRESENTATION_CONTEXT('2D SPACE',''
  ) );
#8373 = PCURVE('',#8288,#8374);
#8374 = DEFINITIONAL_REPRESENTATION('',(#8375),#8379);
#8375 = LINE('',#8376,#8377);
#8376 = CARTESIAN_POINT('',(6.283185307179,0.));
#8377 = VECTOR('',#8378,1.);
#8378 = DIRECTION('',(-0.,-1.));
#8379 = ( GEOMETRIC_REPRESENTATION_CONTEXT(2) 
PARAMETRIC_REPRESENTATION_CONTEXT() REPRESENTATION_CONTEXT('2D SPACE',''
  ) );
#8380 = ORIENTED_EDGE('',*,*,#8271,.F.);
#8381 = ORIENTED_EDGE('',*,*,#8299,.F.);
#8382 = ORIENTED_EDGE('',*,*,#8358,.F.);
#8383 = ORIENTED_EDGE('',*,*,#8384,.T.);
#8384 = EDGE_CURVE('',#8359,#8359,#8385,.T.);
#8385 = SURFACE_CURVE('',#8386,(#8391,#8398),.PCURVE_S1.);
#8386 = CIRCLE('',#8387,30.);
#8387 = AXIS2_PLACEMENT_3D('',#8388,#8389,#8390);
#8388 = CARTESIAN_POINT('',(-47.1921045499,0.,1.01278E+03));
#8389 = DIRECTION('',(1.,0.,0.));
#8390 = DIRECTION('',(0.,1.,0.));
#8391 = PCURVE('',#8288,#8392);
#8392 = DEFINITIONAL_REPRESENTATION('',(#8393),#8397);
#8393 = LINE('',#8394,#8395);
#8394 = CARTESIAN_POINT('',(6.28318530718,0.));
#8395 = VECTOR('',#8396,1.);
#8396 = DIRECTION('',(-1.,0.));
#8397 = ( GEOMETRIC_REPRESENTATION_CONTEXT(2) 
PARAMETRIC_REPRESENTATION_CONTEXT() REPRESENTATION_CONTEXT('2D SPACE',''
  ) );
#8398 = PCURVE('',#8399,#8404);
#8399 = PLANE('',#8400);
#8400 = AXIS2_PLACEMENT_3D('',#8401,#8402,#8403);
#8401 = CARTESIAN_POINT('',(-47.1921045499,5.834411232168E-15,
    1.01278E+03));
#8402 = DIRECTION('',(1.,0.,0.));
#8403 = DIRECTION('',(0.,0.,1.));
#8404 = DEFINITIONAL_REPRESENTATION('',(#8405),#8409);
#8405 = CIRCLE('',#8406,30.);
#8406 = AXIS2_PLACEMENT_2D('',#8407,#8408);
#8407 = CARTESIAN_POINT('',(0.,5.834411232168E-15));
#8408 = DIRECTION('',(0.,-1.));
#8409 = ( GEOMETRIC_REPRESENTATION_CONTEXT(2) 
PARAMETRIC_REPRESENTATION_CONTEXT() REPRESENTATION_CONTEXT('2D SPACE',''
  ) );
#8410 = ADVANCED_FACE('',(#8411),#8343,.F.);
#8411 = FACE_BOUND('',#8412,.F.);
#8412 = EDGE_LOOP('',(#8413,#8414,#8437,#8463));
#8413 = ORIENTED_EDGE('',*,*,#8326,.F.);
#8414 = ORIENTED_EDGE('',*,*,#8415,.F.);
#8415 = EDGE_CURVE('',#8416,#8327,#8418,.T.);
#8416 = VERTEX_POINT('',#8417);
#8417 = CARTESIAN_POINT('',(-43.6921045499,4.65365783676E-15,1.03178E+03
    ));
#8418 = SEAM_CURVE('',#8419,(#8423,#8430),.PCURVE_S1.);
#8419 = LINE('',#8420,#8421);
#8420 = CARTESIAN_POINT('',(-43.7921045499,4.65365783676E-15,1.03178E+03
    ));
#8421 = VECTOR('',#8422,1.);
#8422 = DIRECTION('',(1.,0.,0.));
#8423 = PCURVE('',#8343,#8424);
#8424 = DEFINITIONAL_REPRESENTATION('',(#8425),#8429);
#8425 = LINE('',#8426,#8427);
#8426 = CARTESIAN_POINT('',(0.,-0.));
#8427 = VECTOR('',#8428,1.);
#8428 = DIRECTION('',(0.,1.));
#8429 = ( GEOMETRIC_REPRESENTATION_CONTEXT(2) 
PARAMETRIC_REPRESENTATION_CONTEXT() REPRESENTATION_CONTEXT('2D SPACE',''
  ) );
#8430 = PCURVE('',#8343,#8431);
#8431 = DEFINITIONAL_REPRESENTATION('',(#8432),#8436);
#8432 = LINE('',#8433,#8434);
#8433 = CARTESIAN_POINT('',(6.28318530718,-0.));
#8434 = VECTOR('',#8435,1.);
#8435 = DIRECTION('',(0.,1.));
#8436 = ( GEOMETRIC_REPRESENTATION_CONTEXT(2) 
PARAMETRIC_REPRESENTATION_CONTEXT() REPRESENTATION_CONTEXT('2D SPACE',''
  ) );
#8437 = ORIENTED_EDGE('',*,*,#8438,.T.);
#8438 = EDGE_CURVE('',#8416,#8416,#8439,.T.);
#8439 = SURFACE_CURVE('',#8440,(#8445,#8452),.PCURVE_S1.);
#8440 = CIRCLE('',#8441,19.);
#8441 = AXIS2_PLACEMENT_3D('',#8442,#8443,#8444);
#8442 = CARTESIAN_POINT('',(-43.6921045499,0.,1.01278E+03));
#8443 = DIRECTION('',(1.,0.,-0.));
#8444 = DIRECTION('',(0.,0.,1.));
#8445 = PCURVE('',#8343,#8446);
#8446 = DEFINITIONAL_REPRESENTATION('',(#8447),#8451);
#8447 = LINE('',#8448,#8449);
#8448 = CARTESIAN_POINT('',(0.,0.1));
#8449 = VECTOR('',#8450,1.);
#8450 = DIRECTION('',(1.,0.));
#8451 = ( GEOMETRIC_REPRESENTATION_CONTEXT(2) 
PARAMETRIC_REPRESENTATION_CONTEXT() REPRESENTATION_CONTEXT('2D SPACE',''
  ) );
#8452 = PCURVE('',#8453,#8458);
#8453 = CYLINDRICAL_SURFACE('',#8454,19.);
#8454 = AXIS2_PLACEMENT_3D('',#8455,#8456,#8457);
#8455 = CARTESIAN_POINT('',(-46.7921045499,0.,1.01278E+03));
#8456 = DIRECTION('',(1.,0.,0.));
#8457 = DIRECTION('',(0.,0.,1.));
#8458 = DEFINITIONAL_REPRESENTATION('',(#8459),#8462);
#8459 = B_SPLINE_CURVE_WITH_KNOTS('',1,(#8460,#8461),.UNSPECIFIED.,.F.,
  .F.,(2,2),(0.,6.28318530718),.PIECEWISE_BEZIER_KNOTS.);
#8460 = CARTESIAN_POINT('',(0.,3.1));
#8461 = CARTESIAN_POINT('',(6.28318530718,3.1));
#8462 = ( GEOMETRIC_REPRESENTATION_CONTEXT(2) 
PARAMETRIC_REPRESENTATION_CONTEXT() REPRESENTATION_CONTEXT('2D SPACE',''
  ) );
#8463 = ORIENTED_EDGE('',*,*,#8415,.T.);
#8464 = ADVANCED_FACE('',(#8465,#8468),#8399,.F.);
#8465 = FACE_BOUND('',#8466,.F.);
#8466 = EDGE_LOOP('',(#8467));
#8467 = ORIENTED_EDGE('',*,*,#8384,.T.);
#8468 = FACE_BOUND('',#8469,.F.);
#8469 = EDGE_LOOP('',(#8470));
#8470 = ORIENTED_EDGE('',*,*,#8471,.F.);
#8471 = EDGE_CURVE('',#8472,#8472,#8474,.T.);
#8472 = VERTEX_POINT('',#8473);
#8473 = CARTESIAN_POINT('',(-47.1921045499,19.,1.01278E+03));
#8474 = SURFACE_CURVE('',#8475,(#8480,#8487),.PCURVE_S1.);
#8475 = CIRCLE('',#8476,19.);
#8476 = AXIS2_PLACEMENT_3D('',#8477,#8478,#8479);
#8477 = CARTESIAN_POINT('',(-47.1921045499,1.402137665233E-13,
    1.01278E+03));
#8478 = DIRECTION('',(1.,0.,0.));
#8479 = DIRECTION('',(0.,1.,0.));
#8480 = PCURVE('',#8399,#8481);
#8481 = DEFINITIONAL_REPRESENTATION('',(#8482),#8486);
#8482 = CIRCLE('',#8483,19.);
#8483 = AXIS2_PLACEMENT_2D('',#8484,#8485);
#8484 = CARTESIAN_POINT('',(0.,-1.343793552911E-13));
#8485 = DIRECTION('',(0.,-1.));
#8486 = ( GEOMETRIC_REPRESENTATION_CONTEXT(2) 
PARAMETRIC_REPRESENTATION_CONTEXT() REPRESENTATION_CONTEXT('2D SPACE',''
  ) );
#8487 = PCURVE('',#8488,#8493);
#8488 = CYLINDRICAL_SURFACE('',#8489,19.);
#8489 = AXIS2_PLACEMENT_3D('',#8490,#8491,#8492);
#8490 = CARTESIAN_POINT('',(-47.1921045499,1.402137665233E-13,
    1.01278E+03));
#8491 = DIRECTION('',(-1.,-0.,-0.));
#8492 = DIRECTION('',(0.,1.,0.));
#8493 = DEFINITIONAL_REPRESENTATION('',(#8494),#8498);
#8494 = LINE('',#8495,#8496);
#8495 = CARTESIAN_POINT('',(6.28318530718,0.));
#8496 = VECTOR('',#8497,1.);
#8497 = DIRECTION('',(-1.,0.));
#8498 = ( GEOMETRIC_REPRESENTATION_CONTEXT(2) 
PARAMETRIC_REPRESENTATION_CONTEXT() REPRESENTATION_CONTEXT('2D SPACE',''
  ) );
#8499 = ADVANCED_FACE('',(#8500),#8453,.F.);
#8500 = FACE_BOUND('',#8501,.F.);
#8501 = EDGE_LOOP('',(#8502,#8525,#8526,#8527,#8550));
#8502 = ORIENTED_EDGE('',*,*,#8503,.T.);
#8503 = EDGE_CURVE('',#8504,#8416,#8506,.T.);
#8504 = VERTEX_POINT('',#8505);
#8505 = CARTESIAN_POINT('',(-46.6921045499,4.65365783676E-15,1.03178E+03
    ));
#8506 = SEAM_CURVE('',#8507,(#8511,#8518),.PCURVE_S1.);
#8507 = LINE('',#8508,#8509);
#8508 = CARTESIAN_POINT('',(-46.7921045499,4.65365783676E-15,1.03178E+03
    ));
#8509 = VECTOR('',#8510,1.);
#8510 = DIRECTION('',(1.,0.,0.));
#8511 = PCURVE('',#8453,#8512);
#8512 = DEFINITIONAL_REPRESENTATION('',(#8513),#8517);
#8513 = LINE('',#8514,#8515);
#8514 = CARTESIAN_POINT('',(6.28318530718,0.));
#8515 = VECTOR('',#8516,1.);
#8516 = DIRECTION('',(0.,1.));
#8517 = ( GEOMETRIC_REPRESENTATION_CONTEXT(2) 
PARAMETRIC_REPRESENTATION_CONTEXT() REPRESENTATION_CONTEXT('2D SPACE',''
  ) );
#8518 = PCURVE('',#8453,#8519);
#8519 = DEFINITIONAL_REPRESENTATION('',(#8520),#8524);
#8520 = LINE('',#8521,#8522);
#8521 = CARTESIAN_POINT('',(4.138911435803E-13,0.));
#8522 = VECTOR('',#8523,1.);
#8523 = DIRECTION('',(0.,1.));
#8524 = ( GEOMETRIC_REPRESENTATION_CONTEXT(2) 
PARAMETRIC_REPRESENTATION_CONTEXT() REPRESENTATION_CONTEXT('2D SPACE',''
  ) );
#8525 = ORIENTED_EDGE('',*,*,#8438,.F.);
#8526 = ORIENTED_EDGE('',*,*,#8503,.F.);
#8527 = ORIENTED_EDGE('',*,*,#8528,.T.);
#8528 = EDGE_CURVE('',#8504,#8529,#8531,.T.);
#8529 = VERTEX_POINT('',#8530);
#8530 = CARTESIAN_POINT('',(-46.6921045499,19.,1.01278E+03));
#8531 = SURFACE_CURVE('',#8532,(#8537,#8544),.PCURVE_S1.);
#8532 = CIRCLE('',#8533,19.);
#8533 = AXIS2_PLACEMENT_3D('',#8534,#8535,#8536);
#8534 = CARTESIAN_POINT('',(-46.6921045499,0.,1.01278E+03));
#8535 = DIRECTION('',(1.,0.,-0.));
#8536 = DIRECTION('',(0.,0.,1.));
#8537 = PCURVE('',#8453,#8538);
#8538 = DEFINITIONAL_REPRESENTATION('',(#8539),#8543);
#8539 = LINE('',#8540,#8541);
#8540 = CARTESIAN_POINT('',(0.,0.1));
#8541 = VECTOR('',#8542,1.);
#8542 = DIRECTION('',(1.,0.));
#8543 = ( GEOMETRIC_REPRESENTATION_CONTEXT(2) 
PARAMETRIC_REPRESENTATION_CONTEXT() REPRESENTATION_CONTEXT('2D SPACE',''
  ) );
#8544 = PCURVE('',#8488,#8545);
#8545 = DEFINITIONAL_REPRESENTATION('',(#8546),#8549);
#8546 = B_SPLINE_CURVE_WITH_KNOTS('',1,(#8547,#8548),.UNSPECIFIED.,.F.,
  .F.,(2,2),(0.,4.712388980385),.PIECEWISE_BEZIER_KNOTS.);
#8547 = CARTESIAN_POINT('',(4.712388980385,-0.5));
#8548 = CARTESIAN_POINT('',(-4.138911435803E-13,-0.5));
#8549 = ( GEOMETRIC_REPRESENTATION_CONTEXT(2) 
PARAMETRIC_REPRESENTATION_CONTEXT() REPRESENTATION_CONTEXT('2D SPACE',''
  ) );
#8550 = ORIENTED_EDGE('',*,*,#8551,.T.);
#8551 = EDGE_CURVE('',#8529,#8504,#8552,.T.);
#8552 = SURFACE_CURVE('',#8553,(#8558,#8565),.PCURVE_S1.);
#8553 = CIRCLE('',#8554,19.);
#8554 = AXIS2_PLACEMENT_3D('',#8555,#8556,#8557);
#8555 = CARTESIAN_POINT('',(-46.6921045499,0.,1.01278E+03));
#8556 = DIRECTION('',(1.,0.,-0.));
#8557 = DIRECTION('',(0.,0.,1.));
#8558 = PCURVE('',#8453,#8559);
#8559 = DEFINITIONAL_REPRESENTATION('',(#8560),#8564);
#8560 = LINE('',#8561,#8562);
#8561 = CARTESIAN_POINT('',(0.,0.1));
#8562 = VECTOR('',#8563,1.);
#8563 = DIRECTION('',(1.,0.));
#8564 = ( GEOMETRIC_REPRESENTATION_CONTEXT(2) 
PARAMETRIC_REPRESENTATION_CONTEXT() REPRESENTATION_CONTEXT('2D SPACE',''
  ) );
#8565 = PCURVE('',#8488,#8566);
#8566 = DEFINITIONAL_REPRESENTATION('',(#8567),#8570);
#8567 = B_SPLINE_CURVE_WITH_KNOTS('',1,(#8568,#8569),.UNSPECIFIED.,.F.,
  .F.,(2,2),(4.712388980385,6.28318530718),.PIECEWISE_BEZIER_KNOTS.);
#8568 = CARTESIAN_POINT('',(6.28318530718,-0.5));
#8569 = CARTESIAN_POINT('',(4.712388980385,-0.5));
#8570 = ( GEOMETRIC_REPRESENTATION_CONTEXT(2) 
PARAMETRIC_REPRESENTATION_CONTEXT() REPRESENTATION_CONTEXT('2D SPACE',''
  ) );
#8571 = ADVANCED_FACE('',(#8572),#8488,.F.);
#8572 = FACE_BOUND('',#8573,.F.);
#8573 = EDGE_LOOP('',(#8574,#8595,#8596,#8597,#8598));
#8574 = ORIENTED_EDGE('',*,*,#8575,.T.);
#8575 = EDGE_CURVE('',#8472,#8529,#8576,.T.);
#8576 = SEAM_CURVE('',#8577,(#8581,#8588),.PCURVE_S1.);
#8577 = LINE('',#8578,#8579);
#8578 = CARTESIAN_POINT('',(-47.1921045499,19.,1.01278E+03));
#8579 = VECTOR('',#8580,1.);
#8580 = DIRECTION('',(1.,0.,0.));
#8581 = PCURVE('',#8488,#8582);
#8582 = DEFINITIONAL_REPRESENTATION('',(#8583),#8587);
#8583 = LINE('',#8584,#8585);
#8584 = CARTESIAN_POINT('',(4.138911435803E-13,0.));
#8585 = VECTOR('',#8586,1.);
#8586 = DIRECTION('',(-0.,-1.));
#8587 = ( GEOMETRIC_REPRESENTATION_CONTEXT(2) 
PARAMETRIC_REPRESENTATION_CONTEXT() REPRESENTATION_CONTEXT('2D SPACE',''
  ) );
#8588 = PCURVE('',#8488,#8589);
#8589 = DEFINITIONAL_REPRESENTATION('',(#8590),#8594);
#8590 = LINE('',#8591,#8592);
#8591 = CARTESIAN_POINT('',(6.283185307179,0.));
#8592 = VECTOR('',#8593,1.);
#8593 = DIRECTION('',(-0.,-1.));
#8594 = ( GEOMETRIC_REPRESENTATION_CONTEXT(2) 
PARAMETRIC_REPRESENTATION_CONTEXT() REPRESENTATION_CONTEXT('2D SPACE',''
  ) );
#8595 = ORIENTED_EDGE('',*,*,#8528,.F.);
#8596 = ORIENTED_EDGE('',*,*,#8551,.F.);
#8597 = ORIENTED_EDGE('',*,*,#8575,.F.);
#8598 = ORIENTED_EDGE('',*,*,#8471,.T.);
#8599 = ( GEOMETRIC_REPRESENTATION_CONTEXT(3) 
GLOBAL_UNCERTAINTY_ASSIGNED_CONTEXT((#8603)) 
GLOBAL_UNIT_ASSIGNED_CONTEXT((#8600,#8601,#8602)) REPRESENTATION_CONTEXT
('Context #1','3D Context with UNIT and UNCERTAINTY') );
#8600 = ( LENGTH_UNIT() NAMED_UNIT(*) SI_UNIT(.MILLI.,.METRE.) );
#8601 = ( NAMED_UNIT(*) PLANE_ANGLE_UNIT() SI_UNIT($,.RADIAN.) );
#8602 = ( NAMED_UNIT(*) SI_UNIT($,.STERADIAN.) SOLID_ANGLE_UNIT() );
#8603 = UNCERTAINTY_MEASURE_WITH_UNIT(LENGTH_MEASURE(5.E-07),#8600,
  'distance_accuracy_value','confusion accuracy');
#8604 = CONTEXT_DEPENDENT_SHAPE_REPRESENTATION(#8605,#8607);
#8605 = ( REPRESENTATION_RELATIONSHIP('','',#8062,#10) 
REPRESENTATION_RELATIONSHIP_WITH_TRANSFORMATION(#8606) 
SHAPE_REPRESENTATION_RELATIONSHIP() );
#8606 = ITEM_DEFINED_TRANSFORMATION('','',#11,#23);
#8607 = PRODUCT_DEFINITION_SHAPE('Placement','Placement of an item',
  #8608);
#8608 = NEXT_ASSEMBLY_USAGE_OCCURRENCE('3','BUSHING_LEFT_AMS4640','',#5,
  #8057,$);
#8609 = PRODUCT_RELATED_PRODUCT_CATEGORY('part',$,(#8059));
#8610 = SHAPE_DEFINITION_REPRESENTATION(#8611,#8617);
#8611 = PRODUCT_DEFINITION_SHAPE('','',#8612);
#8612 = PRODUCT_DEFINITION('design','',#8613,#8616);
#8613 = PRODUCT_DEFINITION_FORMATION('','',#8614);
#8614 = PRODUCT('BUSHING_RIGHT_AMS4640','BUSHING_RIGHT_AMS4640','',(
    #8615));
#8615 = PRODUCT_CONTEXT('',#2,'mechanical');
#8616 = PRODUCT_DEFINITION_CONTEXT('part definition',#2,'design');
#8617 = ADVANCED_BREP_SHAPE_REPRESENTATION('',(#11,#8618),#8944);
#8618 = MANIFOLD_SOLID_BREP('',#8619);
#8619 = CLOSED_SHELL('',(#8620,#8708,#8743,#8778,#8833,#8887,#8917));
#8620 = ADVANCED_FACE('',(#8621),#8634,.T.);
#8621 = FACE_BOUND('',#8622,.T.);
#8622 = EDGE_LOOP('',(#8623,#8657,#8680,#8707));
#8623 = ORIENTED_EDGE('',*,*,#8624,.F.);
#8624 = EDGE_CURVE('',#8625,#8625,#8627,.T.);
#8625 = VERTEX_POINT('',#8626);
#8626 = CARTESIAN_POINT('',(43.692104549907,6.123233995737E-15,
    1.03778E+03));
#8627 = SURFACE_CURVE('',#8628,(#8633,#8645),.PCURVE_S1.);
#8628 = CIRCLE('',#8629,25.);
#8629 = AXIS2_PLACEMENT_3D('',#8630,#8631,#8632);
#8630 = CARTESIAN_POINT('',(43.692104549907,0.,1.01278E+03));
#8631 = DIRECTION('',(1.,0.,-0.));
#8632 = DIRECTION('',(0.,0.,1.));
#8633 = PCURVE('',#8634,#8639);
#8634 = CYLINDRICAL_SURFACE('',#8635,25.);
#8635 = AXIS2_PLACEMENT_3D('',#8636,#8637,#8638);
#8636 = CARTESIAN_POINT('',(13.692104549907,0.,1.01278E+03));
#8637 = DIRECTION('',(1.,0.,0.));
#8638 = DIRECTION('',(0.,0.,1.));
#8639 = DEFINITIONAL_REPRESENTATION('',(#8640),#8644);
#8640 = LINE('',#8641,#8642);
#8641 = CARTESIAN_POINT('',(0.,30.));
#8642 = VECTOR('',#8643,1.);
#8643 = DIRECTION('',(1.,0.));
#8644 = ( GEOMETRIC_REPRESENTATION_CONTEXT(2) 
PARAMETRIC_REPRESENTATION_CONTEXT() REPRESENTATION_CONTEXT('2D SPACE',''
  ) );
#8645 = PCURVE('',#8646,#8651);
#8646 = PLANE('',#8647);
#8647 = AXIS2_PLACEMENT_3D('',#8648,#8649,#8650);
#8648 = CARTESIAN_POINT('',(43.692104549907,0.,1.01278E+03));
#8649 = DIRECTION('',(1.,0.,0.));
#8650 = DIRECTION('',(0.,0.,1.));
#8651 = DEFINITIONAL_REPRESENTATION('',(#8652),#8656);
#8652 = CIRCLE('',#8653,25.);
#8653 = AXIS2_PLACEMENT_2D('',#8654,#8655);
#8654 = CARTESIAN_POINT('',(0.,0.));
#8655 = DIRECTION('',(1.,0.));
#8656 = ( GEOMETRIC_REPRESENTATION_CONTEXT(2) 
PARAMETRIC_REPRESENTATION_CONTEXT() REPRESENTATION_CONTEXT('2D SPACE',''
  ) );
#8657 = ORIENTED_EDGE('',*,*,#8658,.F.);
#8658 = EDGE_CURVE('',#8659,#8625,#8661,.T.);
#8659 = VERTEX_POINT('',#8660);
#8660 = CARTESIAN_POINT('',(13.692104549907,6.123233995737E-15,
    1.03778E+03));
#8661 = SEAM_CURVE('',#8662,(#8666,#8673),.PCURVE_S1.);
#8662 = LINE('',#8663,#8664);
#8663 = CARTESIAN_POINT('',(13.692104549907,6.123233995737E-15,
    1.03778E+03));
#8664 = VECTOR('',#8665,1.);
#8665 = DIRECTION('',(1.,0.,0.));
#8666 = PCURVE('',#8634,#8667);
#8667 = DEFINITIONAL_REPRESENTATION('',(#8668),#8672);
#8668 = LINE('',#8669,#8670);
#8669 = CARTESIAN_POINT('',(0.,-0.));
#8670 = VECTOR('',#8671,1.);
#8671 = DIRECTION('',(0.,1.));
#8672 = ( GEOMETRIC_REPRESENTATION_CONTEXT(2) 
PARAMETRIC_REPRESENTATION_CONTEXT() REPRESENTATION_CONTEXT('2D SPACE',''
  ) );
#8673 = PCURVE('',#8634,#8674);
#8674 = DEFINITIONAL_REPRESENTATION('',(#8675),#8679);
#8675 = LINE('',#8676,#8677);
#8676 = CARTESIAN_POINT('',(6.28318530718,-0.));
#8677 = VECTOR('',#8678,1.);
#8678 = DIRECTION('',(0.,1.));
#8679 = ( GEOMETRIC_REPRESENTATION_CONTEXT(2) 
PARAMETRIC_REPRESENTATION_CONTEXT() REPRESENTATION_CONTEXT('2D SPACE',''
  ) );
#8680 = ORIENTED_EDGE('',*,*,#8681,.T.);
#8681 = EDGE_CURVE('',#8659,#8659,#8682,.T.);
#8682 = SURFACE_CURVE('',#8683,(#8688,#8695),.PCURVE_S1.);
#8683 = CIRCLE('',#8684,25.);
#8684 = AXIS2_PLACEMENT_3D('',#8685,#8686,#8687);
#8685 = CARTESIAN_POINT('',(13.692104549907,0.,1.01278E+03));
#8686 = DIRECTION('',(1.,0.,-0.));
#8687 = DIRECTION('',(0.,0.,1.));
#8688 = PCURVE('',#8634,#8689);
#8689 = DEFINITIONAL_REPRESENTATION('',(#8690),#8694);
#8690 = LINE('',#8691,#8692);
#8691 = CARTESIAN_POINT('',(0.,0.));
#8692 = VECTOR('',#8693,1.);
#8693 = DIRECTION('',(1.,0.));
#8694 = ( GEOMETRIC_REPRESENTATION_CONTEXT(2) 
PARAMETRIC_REPRESENTATION_CONTEXT() REPRESENTATION_CONTEXT('2D SPACE',''
  ) );
#8695 = PCURVE('',#8696,#8701);
#8696 = PLANE('',#8697);
#8697 = AXIS2_PLACEMENT_3D('',#8698,#8699,#8700);
#8698 = CARTESIAN_POINT('',(13.692104549907,0.,1.01278E+03));
#8699 = DIRECTION('',(1.,0.,0.));
#8700 = DIRECTION('',(0.,0.,1.));
#8701 = DEFINITIONAL_REPRESENTATION('',(#8702),#8706);
#8702 = CIRCLE('',#8703,25.);
#8703 = AXIS2_PLACEMENT_2D('',#8704,#8705);
#8704 = CARTESIAN_POINT('',(0.,0.));
#8705 = DIRECTION('',(1.,0.));
#8706 = ( GEOMETRIC_REPRESENTATION_CONTEXT(2) 
PARAMETRIC_REPRESENTATION_CONTEXT() REPRESENTATION_CONTEXT('2D SPACE',''
  ) );
#8707 = ORIENTED_EDGE('',*,*,#8658,.T.);
#8708 = ADVANCED_FACE('',(#8709,#8740),#8646,.F.);
#8709 = FACE_BOUND('',#8710,.F.);
#8710 = EDGE_LOOP('',(#8711));
#8711 = ORIENTED_EDGE('',*,*,#8712,.T.);
#8712 = EDGE_CURVE('',#8713,#8713,#8715,.T.);
#8713 = VERTEX_POINT('',#8714);
#8714 = CARTESIAN_POINT('',(43.692104549907,7.347880794884E-15,
    1.04278E+03));
#8715 = SURFACE_CURVE('',#8716,(#8721,#8728),.PCURVE_S1.);
#8716 = CIRCLE('',#8717,30.);
#8717 = AXIS2_PLACEMENT_3D('',#8718,#8719,#8720);
#8718 = CARTESIAN_POINT('',(43.692104549907,0.,1.01278E+03));
#8719 = DIRECTION('',(1.,0.,-0.));
#8720 = DIRECTION('',(0.,0.,1.));
#8721 = PCURVE('',#8646,#8722);
#8722 = DEFINITIONAL_REPRESENTATION('',(#8723),#8727);
#8723 = CIRCLE('',#8724,30.);
#8724 = AXIS2_PLACEMENT_2D('',#8725,#8726);
#8725 = CARTESIAN_POINT('',(0.,0.));
#8726 = DIRECTION('',(1.,0.));
#8727 = ( GEOMETRIC_REPRESENTATION_CONTEXT(2) 
PARAMETRIC_REPRESENTATION_CONTEXT() REPRESENTATION_CONTEXT('2D SPACE',''
  ) );
#8728 = PCURVE('',#8729,#8734);
#8729 = CYLINDRICAL_SURFACE('',#8730,30.);
#8730 = AXIS2_PLACEMENT_3D('',#8731,#8732,#8733);
#8731 = CARTESIAN_POINT('',(43.692104549907,0.,1.01278E+03));
#8732 = DIRECTION('',(1.,0.,0.));
#8733 = DIRECTION('',(0.,0.,1.));
#8734 = DEFINITIONAL_REPRESENTATION('',(#8735),#8739);
#8735 = LINE('',#8736,#8737);
#8736 = CARTESIAN_POINT('',(0.,0.));
#8737 = VECTOR('',#8738,1.);
#8738 = DIRECTION('',(1.,0.));
#8739 = ( GEOMETRIC_REPRESENTATION_CONTEXT(2) 
PARAMETRIC_REPRESENTATION_CONTEXT() REPRESENTATION_CONTEXT('2D SPACE',''
  ) );
#8740 = FACE_BOUND('',#8741,.F.);
#8741 = EDGE_LOOP('',(#8742));
#8742 = ORIENTED_EDGE('',*,*,#8624,.F.);
#8743 = ADVANCED_FACE('',(#8744,#8747),#8696,.F.);
#8744 = FACE_BOUND('',#8745,.F.);
#8745 = EDGE_LOOP('',(#8746));
#8746 = ORIENTED_EDGE('',*,*,#8681,.T.);
#8747 = FACE_BOUND('',#8748,.F.);
#8748 = EDGE_LOOP('',(#8749));
#8749 = ORIENTED_EDGE('',*,*,#8750,.F.);
#8750 = EDGE_CURVE('',#8751,#8751,#8753,.T.);
#8751 = VERTEX_POINT('',#8752);
#8752 = CARTESIAN_POINT('',(13.692104549907,4.65365783676E-15,
    1.03178E+03));
#8753 = SURFACE_CURVE('',#8754,(#8759,#8766),.PCURVE_S1.);
#8754 = CIRCLE('',#8755,19.);
#8755 = AXIS2_PLACEMENT_3D('',#8756,#8757,#8758);
#8756 = CARTESIAN_POINT('',(13.692104549907,0.,1.01278E+03));
#8757 = DIRECTION('',(1.,0.,-0.));
#8758 = DIRECTION('',(0.,0.,1.));
#8759 = PCURVE('',#8696,#8760);
#8760 = DEFINITIONAL_REPRESENTATION('',(#8761),#8765);
#8761 = CIRCLE('',#8762,19.);
#8762 = AXIS2_PLACEMENT_2D('',#8763,#8764);
#8763 = CARTESIAN_POINT('',(0.,0.));
#8764 = DIRECTION('',(1.,0.));
#8765 = ( GEOMETRIC_REPRESENTATION_CONTEXT(2) 
PARAMETRIC_REPRESENTATION_CONTEXT() REPRESENTATION_CONTEXT('2D SPACE',''
  ) );
#8766 = PCURVE('',#8767,#8772);
#8767 = CYLINDRICAL_SURFACE('',#8768,19.);
#8768 = AXIS2_PLACEMENT_3D('',#8769,#8770,#8771);
#8769 = CARTESIAN_POINT('',(13.592104549907,0.,1.01278E+03));
#8770 = DIRECTION('',(1.,0.,0.));
#8771 = DIRECTION('',(0.,0.,1.));
#8772 = DEFINITIONAL_REPRESENTATION('',(#8773),#8777);
#8773 = LINE('',#8774,#8775);
#8774 = CARTESIAN_POINT('',(0.,0.1));
#8775 = VECTOR('',#8776,1.);
#8776 = DIRECTION('',(1.,0.));
#8777 = ( GEOMETRIC_REPRESENTATION_CONTEXT(2) 
PARAMETRIC_REPRESENTATION_CONTEXT() REPRESENTATION_CONTEXT('2D SPACE',''
  ) );
#8778 = ADVANCED_FACE('',(#8779),#8729,.T.);
#8779 = FACE_BOUND('',#8780,.T.);
#8780 = EDGE_LOOP('',(#8781,#8810,#8831,#8832));
#8781 = ORIENTED_EDGE('',*,*,#8782,.F.);
#8782 = EDGE_CURVE('',#8783,#8783,#8785,.T.);
#8783 = VERTEX_POINT('',#8784);
#8784 = CARTESIAN_POINT('',(46.692104549907,7.347880794884E-15,
    1.04278E+03));
#8785 = SURFACE_CURVE('',#8786,(#8791,#8798),.PCURVE_S1.);
#8786 = CIRCLE('',#8787,30.);
#8787 = AXIS2_PLACEMENT_3D('',#8788,#8789,#8790);
#8788 = CARTESIAN_POINT('',(46.692104549907,0.,1.01278E+03));
#8789 = DIRECTION('',(1.,0.,-0.));
#8790 = DIRECTION('',(0.,0.,1.));
#8791 = PCURVE('',#8729,#8792);
#8792 = DEFINITIONAL_REPRESENTATION('',(#8793),#8797);
#8793 = LINE('',#8794,#8795);
#8794 = CARTESIAN_POINT('',(0.,3.));
#8795 = VECTOR('',#8796,1.);
#8796 = DIRECTION('',(1.,0.));
#8797 = ( GEOMETRIC_REPRESENTATION_CONTEXT(2) 
PARAMETRIC_REPRESENTATION_CONTEXT() REPRESENTATION_CONTEXT('2D SPACE',''
  ) );
#8798 = PCURVE('',#8799,#8804);
#8799 = PLANE('',#8800);
#8800 = AXIS2_PLACEMENT_3D('',#8801,#8802,#8803);
#8801 = CARTESIAN_POINT('',(46.692104549907,0.,1.01278E+03));
#8802 = DIRECTION('',(1.,0.,0.));
#8803 = DIRECTION('',(0.,0.,1.));
#8804 = DEFINITIONAL_REPRESENTATION('',(#8805),#8809);
#8805 = CIRCLE('',#8806,30.);
#8806 = AXIS2_PLACEMENT_2D('',#8807,#8808);
#8807 = CARTESIAN_POINT('',(0.,0.));
#8808 = DIRECTION('',(1.,0.));
#8809 = ( GEOMETRIC_REPRESENTATION_CONTEXT(2) 
PARAMETRIC_REPRESENTATION_CONTEXT() REPRESENTATION_CONTEXT('2D SPACE',''
  ) );
#8810 = ORIENTED_EDGE('',*,*,#8811,.F.);
#8811 = EDGE_CURVE('',#8713,#8783,#8812,.T.);
#8812 = SEAM_CURVE('',#8813,(#8817,#8824),.PCURVE_S1.);
#8813 = LINE('',#8814,#8815);
#8814 = CARTESIAN_POINT('',(43.692104549907,7.347880794884E-15,
    1.04278E+03));
#8815 = VECTOR('',#8816,1.);
#8816 = DIRECTION('',(1.,0.,0.));
#8817 = PCURVE('',#8729,#8818);
#8818 = DEFINITIONAL_REPRESENTATION('',(#8819),#8823);
#8819 = LINE('',#8820,#8821);
#8820 = CARTESIAN_POINT('',(0.,-0.));
#8821 = VECTOR('',#8822,1.);
#8822 = DIRECTION('',(0.,1.));
#8823 = ( GEOMETRIC_REPRESENTATION_CONTEXT(2) 
PARAMETRIC_REPRESENTATION_CONTEXT() REPRESENTATION_CONTEXT('2D SPACE',''
  ) );
#8824 = PCURVE('',#8729,#8825);
#8825 = DEFINITIONAL_REPRESENTATION('',(#8826),#8830);
#8826 = LINE('',#8827,#8828);
#8827 = CARTESIAN_POINT('',(6.28318530718,-0.));
#8828 = VECTOR('',#8829,1.);
#8829 = DIRECTION('',(0.,1.));
#8830 = ( GEOMETRIC_REPRESENTATION_CONTEXT(2) 
PARAMETRIC_REPRESENTATION_CONTEXT() REPRESENTATION_CONTEXT('2D SPACE',''
  ) );
#8831 = ORIENTED_EDGE('',*,*,#8712,.T.);
#8832 = ORIENTED_EDGE('',*,*,#8811,.T.);
#8833 = ADVANCED_FACE('',(#8834),#8767,.F.);
#8834 = FACE_BOUND('',#8835,.F.);
#8835 = EDGE_LOOP('',(#8836,#8864,#8885,#8886));
#8836 = ORIENTED_EDGE('',*,*,#8837,.F.);
#8837 = EDGE_CURVE('',#8838,#8838,#8840,.T.);
#8838 = VERTEX_POINT('',#8839);
#8839 = CARTESIAN_POINT('',(43.692104549907,4.65365783676E-15,
    1.03178E+03));
#8840 = SURFACE_CURVE('',#8841,(#8846,#8853),.PCURVE_S1.);
#8841 = CIRCLE('',#8842,19.);
#8842 = AXIS2_PLACEMENT_3D('',#8843,#8844,#8845);
#8843 = CARTESIAN_POINT('',(43.692104549907,0.,1.01278E+03));
#8844 = DIRECTION('',(1.,0.,-0.));
#8845 = DIRECTION('',(0.,0.,1.));
#8846 = PCURVE('',#8767,#8847);
#8847 = DEFINITIONAL_REPRESENTATION('',(#8848),#8852);
#8848 = LINE('',#8849,#8850);
#8849 = CARTESIAN_POINT('',(0.,30.1));
#8850 = VECTOR('',#8851,1.);
#8851 = DIRECTION('',(1.,0.));
#8852 = ( GEOMETRIC_REPRESENTATION_CONTEXT(2) 
PARAMETRIC_REPRESENTATION_CONTEXT() REPRESENTATION_CONTEXT('2D SPACE',''
  ) );
#8853 = PCURVE('',#8854,#8859);
#8854 = CYLINDRICAL_SURFACE('',#8855,19.);
#8855 = AXIS2_PLACEMENT_3D('',#8856,#8857,#8858);
#8856 = CARTESIAN_POINT('',(43.592104549907,0.,1.01278E+03));
#8857 = DIRECTION('',(1.,0.,0.));
#8858 = DIRECTION('',(0.,0.,1.));
#8859 = DEFINITIONAL_REPRESENTATION('',(#8860),#8863);
#8860 = B_SPLINE_CURVE_WITH_KNOTS('',1,(#8861,#8862),.UNSPECIFIED.,.F.,
  .F.,(2,2),(0.,6.28318530718),.PIECEWISE_BEZIER_KNOTS.);
#8861 = CARTESIAN_POINT('',(0.,0.1));
#8862 = CARTESIAN_POINT('',(6.28318530718,0.1));
#8863 = ( GEOMETRIC_REPRESENTATION_CONTEXT(2) 
PARAMETRIC_REPRESENTATION_CONTEXT() REPRESENTATION_CONTEXT('2D SPACE',''
  ) );
#8864 = ORIENTED_EDGE('',*,*,#8865,.F.);
#8865 = EDGE_CURVE('',#8751,#8838,#8866,.T.);
#8866 = SEAM_CURVE('',#8867,(#8871,#8878),.PCURVE_S1.);
#8867 = LINE('',#8868,#8869);
#8868 = CARTESIAN_POINT('',(13.592104549907,4.65365783676E-15,
    1.03178E+03));
#8869 = VECTOR('',#8870,1.);
#8870 = DIRECTION('',(1.,0.,0.));
#8871 = PCURVE('',#8767,#8872);
#8872 = DEFINITIONAL_REPRESENTATION('',(#8873),#8877);
#8873 = LINE('',#8874,#8875);
#8874 = CARTESIAN_POINT('',(0.,-0.));
#8875 = VECTOR('',#8876,1.);
#8876 = DIRECTION('',(0.,1.));
#8877 = ( GEOMETRIC_REPRESENTATION_CONTEXT(2) 
PARAMETRIC_REPRESENTATION_CONTEXT() REPRESENTATION_CONTEXT('2D SPACE',''
  ) );
#8878 = PCURVE('',#8767,#8879);
#8879 = DEFINITIONAL_REPRESENTATION('',(#8880),#8884);
#8880 = LINE('',#8881,#8882);
#8881 = CARTESIAN_POINT('',(6.28318530718,-0.));
#8882 = VECTOR('',#8883,1.);
#8883 = DIRECTION('',(0.,1.));
#8884 = ( GEOMETRIC_REPRESENTATION_CONTEXT(2) 
PARAMETRIC_REPRESENTATION_CONTEXT() REPRESENTATION_CONTEXT('2D SPACE',''
  ) );
#8885 = ORIENTED_EDGE('',*,*,#8750,.T.);
#8886 = ORIENTED_EDGE('',*,*,#8865,.T.);
#8887 = ADVANCED_FACE('',(#8888,#8891),#8799,.T.);
#8888 = FACE_BOUND('',#8889,.T.);
#8889 = EDGE_LOOP('',(#8890));
#8890 = ORIENTED_EDGE('',*,*,#8782,.T.);
#8891 = FACE_BOUND('',#8892,.T.);
#8892 = EDGE_LOOP('',(#8893));
#8893 = ORIENTED_EDGE('',*,*,#8894,.F.);
#8894 = EDGE_CURVE('',#8895,#8895,#8897,.T.);
#8895 = VERTEX_POINT('',#8896);
#8896 = CARTESIAN_POINT('',(46.692104549907,4.65365783676E-15,
    1.03178E+03));
#8897 = SURFACE_CURVE('',#8898,(#8903,#8910),.PCURVE_S1.);
#8898 = CIRCLE('',#8899,19.);
#8899 = AXIS2_PLACEMENT_3D('',#8900,#8901,#8902);
#8900 = CARTESIAN_POINT('',(46.692104549907,0.,1.01278E+03));
#8901 = DIRECTION('',(1.,0.,-0.));
#8902 = DIRECTION('',(0.,0.,1.));
#8903 = PCURVE('',#8799,#8904);
#8904 = DEFINITIONAL_REPRESENTATION('',(#8905),#8909);
#8905 = CIRCLE('',#8906,19.);
#8906 = AXIS2_PLACEMENT_2D('',#8907,#8908);
#8907 = CARTESIAN_POINT('',(0.,0.));
#8908 = DIRECTION('',(1.,0.));
#8909 = ( GEOMETRIC_REPRESENTATION_CONTEXT(2) 
PARAMETRIC_REPRESENTATION_CONTEXT() REPRESENTATION_CONTEXT('2D SPACE',''
  ) );
#8910 = PCURVE('',#8854,#8911);
#8911 = DEFINITIONAL_REPRESENTATION('',(#8912),#8916);
#8912 = LINE('',#8913,#8914);
#8913 = CARTESIAN_POINT('',(0.,3.1));
#8914 = VECTOR('',#8915,1.);
#8915 = DIRECTION('',(1.,0.));
#8916 = ( GEOMETRIC_REPRESENTATION_CONTEXT(2) 
PARAMETRIC_REPRESENTATION_CONTEXT() REPRESENTATION_CONTEXT('2D SPACE',''
  ) );
#8917 = ADVANCED_FACE('',(#8918),#8854,.F.);
#8918 = FACE_BOUND('',#8919,.F.);
#8919 = EDGE_LOOP('',(#8920,#8921,#8942,#8943));
#8920 = ORIENTED_EDGE('',*,*,#8894,.F.);
#8921 = ORIENTED_EDGE('',*,*,#8922,.F.);
#8922 = EDGE_CURVE('',#8838,#8895,#8923,.T.);
#8923 = SEAM_CURVE('',#8924,(#8928,#8935),.PCURVE_S1.);
#8924 = LINE('',#8925,#8926);
#8925 = CARTESIAN_POINT('',(43.592104549907,4.65365783676E-15,
    1.03178E+03));
#8926 = VECTOR('',#8927,1.);
#8927 = DIRECTION('',(1.,0.,0.));
#8928 = PCURVE('',#8854,#8929);
#8929 = DEFINITIONAL_REPRESENTATION('',(#8930),#8934);
#8930 = LINE('',#8931,#8932);
#8931 = CARTESIAN_POINT('',(0.,-0.));
#8932 = VECTOR('',#8933,1.);
#8933 = DIRECTION('',(0.,1.));
#8934 = ( GEOMETRIC_REPRESENTATION_CONTEXT(2) 
PARAMETRIC_REPRESENTATION_CONTEXT() REPRESENTATION_CONTEXT('2D SPACE',''
  ) );
#8935 = PCURVE('',#8854,#8936);
#8936 = DEFINITIONAL_REPRESENTATION('',(#8937),#8941);
#8937 = LINE('',#8938,#8939);
#8938 = CARTESIAN_POINT('',(6.28318530718,-0.));
#8939 = VECTOR('',#8940,1.);
#8940 = DIRECTION('',(0.,1.));
#8941 = ( GEOMETRIC_REPRESENTATION_CONTEXT(2) 
PARAMETRIC_REPRESENTATION_CONTEXT() REPRESENTATION_CONTEXT('2D SPACE',''
  ) );
#8942 = ORIENTED_EDGE('',*,*,#8837,.T.);
#8943 = ORIENTED_EDGE('',*,*,#8922,.T.);
#8944 = ( GEOMETRIC_REPRESENTATION_CONTEXT(3) 
GLOBAL_UNCERTAINTY_ASSIGNED_CONTEXT((#8948)) 
GLOBAL_UNIT_ASSIGNED_CONTEXT((#8945,#8946,#8947)) REPRESENTATION_CONTEXT
('Context #1','3D Context with UNIT and UNCERTAINTY') );
#8945 = ( LENGTH_UNIT() NAMED_UNIT(*) SI_UNIT(.MILLI.,.METRE.) );
#8946 = ( NAMED_UNIT(*) PLANE_ANGLE_UNIT() SI_UNIT($,.RADIAN.) );
#8947 = ( NAMED_UNIT(*) SI_UNIT($,.STERADIAN.) SOLID_ANGLE_UNIT() );
#8948 = UNCERTAINTY_MEASURE_WITH_UNIT(LENGTH_MEASURE(1.E-07),#8945,
  'distance_accuracy_value','confusion accuracy');
#8949 = CONTEXT_DEPENDENT_SHAPE_REPRESENTATION(#8950,#8952);
#8950 = ( REPRESENTATION_RELATIONSHIP('','',#8617,#10) 
REPRESENTATION_RELATIONSHIP_WITH_TRANSFORMATION(#8951) 
SHAPE_REPRESENTATION_RELATIONSHIP() );
#8951 = ITEM_DEFINED_TRANSFORMATION('','',#11,#27);
#8952 = PRODUCT_DEFINITION_SHAPE('Placement','Placement of an item',
  #8953);
#8953 = NEXT_ASSEMBLY_USAGE_OCCURRENCE('4','BUSHING_RIGHT_AMS4640','',#5
  ,#8612,$);
#8954 = PRODUCT_RELATED_PRODUCT_CATEGORY('part',$,(#8614));
#8955 = SHAPE_DEFINITION_REPRESENTATION(#8956,#8962);
#8956 = PRODUCT_DEFINITION_SHAPE('','',#8957);
#8957 = PRODUCT_DEFINITION('design','',#8958,#8961);
#8958 = PRODUCT_DEFINITION_FORMATION('','',#8959);
#8959 = PRODUCT('THRUST_COLLAR_LEFT_300M','THRUST_COLLAR_LEFT_300M','',(
    #8960));
#8960 = PRODUCT_CONTEXT('',#2,'mechanical');
#8961 = PRODUCT_DEFINITION_CONTEXT('part definition',#2,'design');
#8962 = ADVANCED_BREP_SHAPE_REPRESENTATION('',(#11,#8963),#9260);
#8963 = MANIFOLD_SOLID_BREP('',#8964);
#8964 = CLOSED_SHELL('',(#8965,#9053,#9088,#9123,#9202,#9252));
#8965 = ADVANCED_FACE('',(#8966),#8980,.T.);
#8966 = FACE_BOUND('',#8967,.T.);
#8967 = EDGE_LOOP('',(#8968,#8998,#9025,#9026));
#8968 = ORIENTED_EDGE('',*,*,#8969,.T.);
#8969 = EDGE_CURVE('',#8970,#8972,#8974,.T.);
#8970 = VERTEX_POINT('',#8971);
#8971 = CARTESIAN_POINT('',(-47.1921045499,29.,1.01278E+03));
#8972 = VERTEX_POINT('',#8973);
#8973 = CARTESIAN_POINT('',(-50.1921045499,29.,1.01278E+03));
#8974 = SEAM_CURVE('',#8975,(#8979,#8991),.PCURVE_S1.);
#8975 = LINE('',#8976,#8977);
#8976 = CARTESIAN_POINT('',(-47.1921045499,29.,1.01278E+03));
#8977 = VECTOR('',#8978,1.);
#8978 = DIRECTION('',(-1.,-0.,-0.));
#8979 = PCURVE('',#8980,#8985);
#8980 = CYLINDRICAL_SURFACE('',#8981,29.);
#8981 = AXIS2_PLACEMENT_3D('',#8982,#8983,#8984);
#8982 = CARTESIAN_POINT('',(-47.1921045499,3.844755463956E-16,
    1.01278E+03));
#8983 = DIRECTION('',(1.,0.,0.));
#8984 = DIRECTION('',(0.,1.,0.));
#8985 = DEFINITIONAL_REPRESENTATION('',(#8986),#8990);
#8986 = LINE('',#8987,#8988);
#8987 = CARTESIAN_POINT('',(4.138911435803E-13,0.));
#8988 = VECTOR('',#8989,1.);
#8989 = DIRECTION('',(0.,-1.));
#8990 = ( GEOMETRIC_REPRESENTATION_CONTEXT(2) 
PARAMETRIC_REPRESENTATION_CONTEXT() REPRESENTATION_CONTEXT('2D SPACE',''
  ) );
#8991 = PCURVE('',#8980,#8992);
#8992 = DEFINITIONAL_REPRESENTATION('',(#8993),#8997);
#8993 = LINE('',#8994,#8995);
#8994 = CARTESIAN_POINT('',(6.28318530718,0.));
#8995 = VECTOR('',#8996,1.);
#8996 = DIRECTION('',(0.,-1.));
#8997 = ( GEOMETRIC_REPRESENTATION_CONTEXT(2) 
PARAMETRIC_REPRESENTATION_CONTEXT() REPRESENTATION_CONTEXT('2D SPACE',''
  ) );
#8998 = ORIENTED_EDGE('',*,*,#8999,.T.);
#8999 = EDGE_CURVE('',#8972,#8972,#9000,.T.);
#9000 = SURFACE_CURVE('',#9001,(#9006,#9013),.PCURVE_S1.);
#9001 = CIRCLE('',#9002,29.);
#9002 = AXIS2_PLACEMENT_3D('',#9003,#9004,#9005);
#9003 = CARTESIAN_POINT('',(-50.1921045499,3.844755463956E-16,
    1.01278E+03));
#9004 = DIRECTION('',(1.,0.,0.));
#9005 = DIRECTION('',(0.,1.,0.));
#9006 = PCURVE('',#8980,#9007);
#9007 = DEFINITIONAL_REPRESENTATION('',(#9008),#9012);
#9008 = LINE('',#9009,#9010);
#9009 = CARTESIAN_POINT('',(0.,-3.));
#9010 = VECTOR('',#9011,1.);
#9011 = DIRECTION('',(1.,0.));
#9012 = ( GEOMETRIC_REPRESENTATION_CONTEXT(2) 
PARAMETRIC_REPRESENTATION_CONTEXT() REPRESENTATION_CONTEXT('2D SPACE',''
  ) );
#9013 = PCURVE('',#9014,#9019);
#9014 = PLANE('',#9015);
#9015 = AXIS2_PLACEMENT_3D('',#9016,#9017,#9018);
#9016 = CARTESIAN_POINT('',(-50.1921045499,-5.281148098083E-15,
    1.01278E+03));
#9017 = DIRECTION('',(1.,0.,0.));
#9018 = DIRECTION('',(0.,0.,1.));
#9019 = DEFINITIONAL_REPRESENTATION('',(#9020),#9024);
#9020 = CIRCLE('',#9021,29.);
#9021 = AXIS2_PLACEMENT_2D('',#9022,#9023);
#9022 = CARTESIAN_POINT('',(0.,-5.665623644479E-15));
#9023 = DIRECTION('',(0.,-1.));
#9024 = ( GEOMETRIC_REPRESENTATION_CONTEXT(2) 
PARAMETRIC_REPRESENTATION_CONTEXT() REPRESENTATION_CONTEXT('2D SPACE',''
  ) );
#9025 = ORIENTED_EDGE('',*,*,#8969,.F.);
#9026 = ORIENTED_EDGE('',*,*,#9027,.F.);
#9027 = EDGE_CURVE('',#8970,#8970,#9028,.T.);
#9028 = SURFACE_CURVE('',#9029,(#9034,#9041),.PCURVE_S1.);
#9029 = CIRCLE('',#9030,29.);
#9030 = AXIS2_PLACEMENT_3D('',#9031,#9032,#9033);
#9031 = CARTESIAN_POINT('',(-47.1921045499,3.844755463956E-16,
    1.01278E+03));
#9032 = DIRECTION('',(1.,0.,0.));
#9033 = DIRECTION('',(0.,1.,0.));
#9034 = PCURVE('',#8980,#9035);
#9035 = DEFINITIONAL_REPRESENTATION('',(#9036),#9040);
#9036 = LINE('',#9037,#9038);
#9037 = CARTESIAN_POINT('',(0.,0.));
#9038 = VECTOR('',#9039,1.);
#9039 = DIRECTION('',(1.,0.));
#9040 = ( GEOMETRIC_REPRESENTATION_CONTEXT(2) 
PARAMETRIC_REPRESENTATION_CONTEXT() REPRESENTATION_CONTEXT('2D SPACE',''
  ) );
#9041 = PCURVE('',#9042,#9047);
#9042 = PLANE('',#9043);
#9043 = AXIS2_PLACEMENT_3D('',#9044,#9045,#9046);
#9044 = CARTESIAN_POINT('',(-47.1921045499,-5.281148098083E-15,
    1.01278E+03));
#9045 = DIRECTION('',(1.,0.,0.));
#9046 = DIRECTION('',(0.,0.,1.));
#9047 = DEFINITIONAL_REPRESENTATION('',(#9048),#9052);
#9048 = CIRCLE('',#9049,29.);
#9049 = AXIS2_PLACEMENT_2D('',#9050,#9051);
#9050 = CARTESIAN_POINT('',(0.,-5.665623644479E-15));
#9051 = DIRECTION('',(0.,-1.));
#9052 = ( GEOMETRIC_REPRESENTATION_CONTEXT(2) 
PARAMETRIC_REPRESENTATION_CONTEXT() REPRESENTATION_CONTEXT('2D SPACE',''
  ) );
#9053 = ADVANCED_FACE('',(#9054,#9057),#9014,.F.);
#9054 = FACE_BOUND('',#9055,.F.);
#9055 = EDGE_LOOP('',(#9056));
#9056 = ORIENTED_EDGE('',*,*,#8999,.T.);
#9057 = FACE_BOUND('',#9058,.F.);
#9058 = EDGE_LOOP('',(#9059));
#9059 = ORIENTED_EDGE('',*,*,#9060,.F.);
#9060 = EDGE_CURVE('',#9061,#9061,#9063,.T.);
#9061 = VERTEX_POINT('',#9062);
#9062 = CARTESIAN_POINT('',(-50.1921045499,19.,1.01278E+03));
#9063 = SURFACE_CURVE('',#9064,(#9069,#9076),.PCURVE_S1.);
#9064 = CIRCLE('',#9065,19.);
#9065 = AXIS2_PLACEMENT_3D('',#9066,#9067,#9068);
#9066 = CARTESIAN_POINT('',(-50.1921045499,1.38082757442E-13,1.01278E+03
    ));
#9067 = DIRECTION('',(1.,0.,0.));
#9068 = DIRECTION('',(0.,1.,0.));
#9069 = PCURVE('',#9014,#9070);
#9070 = DEFINITIONAL_REPRESENTATION('',(#9071),#9075);
#9071 = CIRCLE('',#9072,19.);
#9072 = AXIS2_PLACEMENT_2D('',#9073,#9074);
#9073 = CARTESIAN_POINT('',(0.,-1.433639055401E-13));
#9074 = DIRECTION('',(0.,-1.));
#9075 = ( GEOMETRIC_REPRESENTATION_CONTEXT(2) 
PARAMETRIC_REPRESENTATION_CONTEXT() REPRESENTATION_CONTEXT('2D SPACE',''
  ) );
#9076 = PCURVE('',#9077,#9082);
#9077 = CYLINDRICAL_SURFACE('',#9078,19.);
#9078 = AXIS2_PLACEMENT_3D('',#9079,#9080,#9081);
#9079 = CARTESIAN_POINT('',(-47.1921045499,1.38082757442E-13,1.01278E+03
    ));
#9080 = DIRECTION('',(1.,0.,0.));
#9081 = DIRECTION('',(0.,1.,0.));
#9082 = DEFINITIONAL_REPRESENTATION('',(#9083),#9087);
#9083 = LINE('',#9084,#9085);
#9084 = CARTESIAN_POINT('',(0.,-3.));
#9085 = VECTOR('',#9086,1.);
#9086 = DIRECTION('',(1.,0.));
#9087 = ( GEOMETRIC_REPRESENTATION_CONTEXT(2) 
PARAMETRIC_REPRESENTATION_CONTEXT() REPRESENTATION_CONTEXT('2D SPACE',''
  ) );
#9088 = ADVANCED_FACE('',(#9089,#9092),#9042,.T.);
#9089 = FACE_BOUND('',#9090,.T.);
#9090 = EDGE_LOOP('',(#9091));
#9091 = ORIENTED_EDGE('',*,*,#9027,.T.);
#9092 = FACE_BOUND('',#9093,.T.);
#9093 = EDGE_LOOP('',(#9094));
#9094 = ORIENTED_EDGE('',*,*,#9095,.F.);
#9095 = EDGE_CURVE('',#9096,#9096,#9098,.T.);
#9096 = VERTEX_POINT('',#9097);
#9097 = CARTESIAN_POINT('',(-47.1921045499,5.633375276078E-15,
    1.03578E+03));
#9098 = SURFACE_CURVE('',#9099,(#9104,#9111),.PCURVE_S1.);
#9099 = CIRCLE('',#9100,23.);
#9100 = AXIS2_PLACEMENT_3D('',#9101,#9102,#9103);
#9101 = CARTESIAN_POINT('',(-47.1921045499,0.,1.01278E+03));
#9102 = DIRECTION('',(1.,0.,-0.));
#9103 = DIRECTION('',(0.,0.,1.));
#9104 = PCURVE('',#9042,#9105);
#9105 = DEFINITIONAL_REPRESENTATION('',(#9106),#9110);
#9106 = CIRCLE('',#9107,23.);
#9107 = AXIS2_PLACEMENT_2D('',#9108,#9109);
#9108 = CARTESIAN_POINT('',(0.,-5.281148098083E-15));
#9109 = DIRECTION('',(1.,0.));
#9110 = ( GEOMETRIC_REPRESENTATION_CONTEXT(2) 
PARAMETRIC_REPRESENTATION_CONTEXT() REPRESENTATION_CONTEXT('2D SPACE',''
  ) );
#9111 = PCURVE('',#9112,#9117);
#9112 = CONICAL_SURFACE('',#9113,22.,1.451367400777);
#9113 = AXIS2_PLACEMENT_3D('',#9114,#9115,#9116);
#9114 = CARTESIAN_POINT('',(-47.3121045499,0.,1.01278E+03));
#9115 = DIRECTION('',(1.,0.,0.));
#9116 = DIRECTION('',(0.,0.,1.));
#9117 = DEFINITIONAL_REPRESENTATION('',(#9118),#9122);
#9118 = LINE('',#9119,#9120);
#9119 = CARTESIAN_POINT('',(0.,0.12));
#9120 = VECTOR('',#9121,1.);
#9121 = DIRECTION('',(1.,0.));
#9122 = ( GEOMETRIC_REPRESENTATION_CONTEXT(2) 
PARAMETRIC_REPRESENTATION_CONTEXT() REPRESENTATION_CONTEXT('2D SPACE',''
  ) );
#9123 = ADVANCED_FACE('',(#9124),#9077,.F.);
#9124 = FACE_BOUND('',#9125,.F.);
#9125 = EDGE_LOOP('',(#9126,#9157,#9178,#9179,#9180));
#9126 = ORIENTED_EDGE('',*,*,#9127,.F.);
#9127 = EDGE_CURVE('',#9128,#9130,#9132,.T.);
#9128 = VERTEX_POINT('',#9129);
#9129 = CARTESIAN_POINT('',(-47.3121045499,19.,1.01278E+03));
#9130 = VERTEX_POINT('',#9131);
#9131 = CARTESIAN_POINT('',(-47.3121045499,4.65365783676E-15,1.03178E+03
    ));
#9132 = SURFACE_CURVE('',#9133,(#9138,#9145),.PCURVE_S1.);
#9133 = CIRCLE('',#9134,19.);
#9134 = AXIS2_PLACEMENT_3D('',#9135,#9136,#9137);
#9135 = CARTESIAN_POINT('',(-47.3121045499,0.,1.01278E+03));
#9136 = DIRECTION('',(1.,0.,-0.));
#9137 = DIRECTION('',(0.,0.,1.));
#9138 = PCURVE('',#9077,#9139);
#9139 = DEFINITIONAL_REPRESENTATION('',(#9140),#9144);
#9140 = LINE('',#9141,#9142);
#9141 = CARTESIAN_POINT('',(-4.712388980385,-0.12));
#9142 = VECTOR('',#9143,1.);
#9143 = DIRECTION('',(1.,0.));
#9144 = ( GEOMETRIC_REPRESENTATION_CONTEXT(2) 
PARAMETRIC_REPRESENTATION_CONTEXT() REPRESENTATION_CONTEXT('2D SPACE',''
  ) );
#9145 = PCURVE('',#9146,#9151);
#9146 = PLANE('',#9147);
#9147 = AXIS2_PLACEMENT_3D('',#9148,#9149,#9150);
#9148 = CARTESIAN_POINT('',(-47.3121045499,0.,1.01278E+03));
#9149 = DIRECTION('',(1.,0.,0.));
#9150 = DIRECTION('',(0.,0.,1.));
#9151 = DEFINITIONAL_REPRESENTATION('',(#9152),#9156);
#9152 = CIRCLE('',#9153,19.);
#9153 = AXIS2_PLACEMENT_2D('',#9154,#9155);
#9154 = CARTESIAN_POINT('',(0.,0.));
#9155 = DIRECTION('',(1.,0.));
#9156 = ( GEOMETRIC_REPRESENTATION_CONTEXT(2) 
PARAMETRIC_REPRESENTATION_CONTEXT() REPRESENTATION_CONTEXT('2D SPACE',''
  ) );
#9157 = ORIENTED_EDGE('',*,*,#9158,.T.);
#9158 = EDGE_CURVE('',#9128,#9061,#9159,.T.);
#9159 = SEAM_CURVE('',#9160,(#9164,#9171),.PCURVE_S1.);
#9160 = LINE('',#9161,#9162);
#9161 = CARTESIAN_POINT('',(-47.1921045499,19.,1.01278E+03));
#9162 = VECTOR('',#9163,1.);
#9163 = DIRECTION('',(-1.,-0.,-0.));
#9164 = PCURVE('',#9077,#9165);
#9165 = DEFINITIONAL_REPRESENTATION('',(#9166),#9170);
#9166 = LINE('',#9167,#9168);
#9167 = CARTESIAN_POINT('',(4.138911435803E-13,0.));
#9168 = VECTOR('',#9169,1.);
#9169 = DIRECTION('',(0.,-1.));
#9170 = ( GEOMETRIC_REPRESENTATION_CONTEXT(2) 
PARAMETRIC_REPRESENTATION_CONTEXT() REPRESENTATION_CONTEXT('2D SPACE',''
  ) );
#9171 = PCURVE('',#9077,#9172);
#9172 = DEFINITIONAL_REPRESENTATION('',(#9173),#9177);
#9173 = LINE('',#9174,#9175);
#9174 = CARTESIAN_POINT('',(6.28318530718,0.));
#9175 = VECTOR('',#9176,1.);
#9176 = DIRECTION('',(0.,-1.));
#9177 = ( GEOMETRIC_REPRESENTATION_CONTEXT(2) 
PARAMETRIC_REPRESENTATION_CONTEXT() REPRESENTATION_CONTEXT('2D SPACE',''
  ) );
#9178 = ORIENTED_EDGE('',*,*,#9060,.T.);
#9179 = ORIENTED_EDGE('',*,*,#9158,.F.);
#9180 = ORIENTED_EDGE('',*,*,#9181,.F.);
#9181 = EDGE_CURVE('',#9130,#9128,#9182,.T.);
#9182 = SURFACE_CURVE('',#9183,(#9188,#9195),.PCURVE_S1.);
#9183 = CIRCLE('',#9184,19.);
#9184 = AXIS2_PLACEMENT_3D('',#9185,#9186,#9187);
#9185 = CARTESIAN_POINT('',(-47.3121045499,0.,1.01278E+03));
#9186 = DIRECTION('',(1.,0.,-0.));
#9187 = DIRECTION('',(0.,0.,1.));
#9188 = PCURVE('',#9077,#9189);
#9189 = DEFINITIONAL_REPRESENTATION('',(#9190),#9194);
#9190 = LINE('',#9191,#9192);
#9191 = CARTESIAN_POINT('',(1.570796326795,-0.12));
#9192 = VECTOR('',#9193,1.);
#9193 = DIRECTION('',(1.,0.));
#9194 = ( GEOMETRIC_REPRESENTATION_CONTEXT(2) 
PARAMETRIC_REPRESENTATION_CONTEXT() REPRESENTATION_CONTEXT('2D SPACE',''
  ) );
#9195 = PCURVE('',#9146,#9196);
#9196 = DEFINITIONAL_REPRESENTATION('',(#9197),#9201);
#9197 = CIRCLE('',#9198,19.);
#9198 = AXIS2_PLACEMENT_2D('',#9199,#9200);
#9199 = CARTESIAN_POINT('',(0.,0.));
#9200 = DIRECTION('',(1.,0.));
#9201 = ( GEOMETRIC_REPRESENTATION_CONTEXT(2) 
PARAMETRIC_REPRESENTATION_CONTEXT() REPRESENTATION_CONTEXT('2D SPACE',''
  ) );
#9202 = ADVANCED_FACE('',(#9203),#9112,.F.);
#9203 = FACE_BOUND('',#9204,.F.);
#9204 = EDGE_LOOP('',(#9205,#9206,#9229,#9251));
#9205 = ORIENTED_EDGE('',*,*,#9095,.F.);
#9206 = ORIENTED_EDGE('',*,*,#9207,.F.);
#9207 = EDGE_CURVE('',#9208,#9096,#9210,.T.);
#9208 = VERTEX_POINT('',#9209);
#9209 = CARTESIAN_POINT('',(-47.3121045499,5.388445916248E-15,
    1.03478E+03));
#9210 = SEAM_CURVE('',#9211,(#9215,#9222),.PCURVE_S1.);
#9211 = LINE('',#9212,#9213);
#9212 = CARTESIAN_POINT('',(-47.3121045499,5.388445916248E-15,
    1.03478E+03));
#9213 = VECTOR('',#9214,1.);
#9214 = DIRECTION('',(0.119145220618,2.431846884401E-16,0.992876838487)
  );
#9215 = PCURVE('',#9112,#9216);
#9216 = DEFINITIONAL_REPRESENTATION('',(#9217),#9221);
#9217 = LINE('',#9218,#9219);
#9218 = CARTESIAN_POINT('',(0.,-0.));
#9219 = VECTOR('',#9220,1.);
#9220 = DIRECTION('',(0.,1.));
#9221 = ( GEOMETRIC_REPRESENTATION_CONTEXT(2) 
PARAMETRIC_REPRESENTATION_CONTEXT() REPRESENTATION_CONTEXT('2D SPACE',''
  ) );
#9222 = PCURVE('',#9112,#9223);
#9223 = DEFINITIONAL_REPRESENTATION('',(#9224),#9228);
#9224 = LINE('',#9225,#9226);
#9225 = CARTESIAN_POINT('',(6.28318530718,-0.));
#9226 = VECTOR('',#9227,1.);
#9227 = DIRECTION('',(0.,1.));
#9228 = ( GEOMETRIC_REPRESENTATION_CONTEXT(2) 
PARAMETRIC_REPRESENTATION_CONTEXT() REPRESENTATION_CONTEXT('2D SPACE',''
  ) );
#9229 = ORIENTED_EDGE('',*,*,#9230,.T.);
#9230 = EDGE_CURVE('',#9208,#9208,#9231,.T.);
#9231 = SURFACE_CURVE('',#9232,(#9237,#9244),.PCURVE_S1.);
#9232 = CIRCLE('',#9233,22.);
#9233 = AXIS2_PLACEMENT_3D('',#9234,#9235,#9236);
#9234 = CARTESIAN_POINT('',(-47.3121045499,0.,1.01278E+03));
#9235 = DIRECTION('',(1.,0.,-0.));
#9236 = DIRECTION('',(0.,0.,1.));
#9237 = PCURVE('',#9112,#9238);
#9238 = DEFINITIONAL_REPRESENTATION('',(#9239),#9243);
#9239 = LINE('',#9240,#9241);
#9240 = CARTESIAN_POINT('',(0.,0.));
#9241 = VECTOR('',#9242,1.);
#9242 = DIRECTION('',(1.,0.));
#9243 = ( GEOMETRIC_REPRESENTATION_CONTEXT(2) 
PARAMETRIC_REPRESENTATION_CONTEXT() REPRESENTATION_CONTEXT('2D SPACE',''
  ) );
#9244 = PCURVE('',#9146,#9245);
#9245 = DEFINITIONAL_REPRESENTATION('',(#9246),#9250);
#9246 = CIRCLE('',#9247,22.);
#9247 = AXIS2_PLACEMENT_2D('',#9248,#9249);
#9248 = CARTESIAN_POINT('',(0.,0.));
#9249 = DIRECTION('',(1.,0.));
#9250 = ( GEOMETRIC_REPRESENTATION_CONTEXT(2) 
PARAMETRIC_REPRESENTATION_CONTEXT() REPRESENTATION_CONTEXT('2D SPACE',''
  ) );
#9251 = ORIENTED_EDGE('',*,*,#9207,.T.);
#9252 = ADVANCED_FACE('',(#9253,#9256),#9146,.T.);
#9253 = FACE_BOUND('',#9254,.T.);
#9254 = EDGE_LOOP('',(#9255));
#9255 = ORIENTED_EDGE('',*,*,#9230,.T.);
#9256 = FACE_BOUND('',#9257,.T.);
#9257 = EDGE_LOOP('',(#9258,#9259));
#9258 = ORIENTED_EDGE('',*,*,#9181,.F.);
#9259 = ORIENTED_EDGE('',*,*,#9127,.F.);
#9260 = ( GEOMETRIC_REPRESENTATION_CONTEXT(3) 
GLOBAL_UNCERTAINTY_ASSIGNED_CONTEXT((#9264)) 
GLOBAL_UNIT_ASSIGNED_CONTEXT((#9261,#9262,#9263)) REPRESENTATION_CONTEXT
('Context #1','3D Context with UNIT and UNCERTAINTY') );
#9261 = ( LENGTH_UNIT() NAMED_UNIT(*) SI_UNIT(.MILLI.,.METRE.) );
#9262 = ( NAMED_UNIT(*) PLANE_ANGLE_UNIT() SI_UNIT($,.RADIAN.) );
#9263 = ( NAMED_UNIT(*) SI_UNIT($,.STERADIAN.) SOLID_ANGLE_UNIT() );
#9264 = UNCERTAINTY_MEASURE_WITH_UNIT(LENGTH_MEASURE(1.E-07),#9261,
  'distance_accuracy_value','confusion accuracy');
#9265 = CONTEXT_DEPENDENT_SHAPE_REPRESENTATION(#9266,#9268);
#9266 = ( REPRESENTATION_RELATIONSHIP('','',#8962,#10) 
REPRESENTATION_RELATIONSHIP_WITH_TRANSFORMATION(#9267) 
SHAPE_REPRESENTATION_RELATIONSHIP() );
#9267 = ITEM_DEFINED_TRANSFORMATION('','',#11,#31);
#9268 = PRODUCT_DEFINITION_SHAPE('Placement','Placement of an item',
  #9269);
#9269 = NEXT_ASSEMBLY_USAGE_OCCURRENCE('5','THRUST_COLLAR_LEFT_300M','',
  #5,#8957,$);
#9270 = PRODUCT_RELATED_PRODUCT_CATEGORY('part',$,(#8959));
#9271 = SHAPE_DEFINITION_REPRESENTATION(#9272,#9278);
#9272 = PRODUCT_DEFINITION_SHAPE('','',#9273);
#9273 = PRODUCT_DEFINITION('design','',#9274,#9277);
#9274 = PRODUCT_DEFINITION_FORMATION('','',#9275);
#9275 = PRODUCT('THRUST_COLLAR_RIGHT_300M','THRUST_COLLAR_RIGHT_300M',''
  ,(#9276));
#9276 = PRODUCT_CONTEXT('',#2,'mechanical');
#9277 = PRODUCT_DEFINITION_CONTEXT('part definition',#2,'design');
#9278 = ADVANCED_BREP_SHAPE_REPRESENTATION('',(#11,#9279),#9461);
#9279 = MANIFOLD_SOLID_BREP('',#9280);
#9280 = CLOSED_SHELL('',(#9281,#9369,#9447,#9454));
#9281 = ADVANCED_FACE('',(#9282),#9295,.T.);
#9282 = FACE_BOUND('',#9283,.T.);
#9283 = EDGE_LOOP('',(#9284,#9318,#9341,#9368));
#9284 = ORIENTED_EDGE('',*,*,#9285,.T.);
#9285 = EDGE_CURVE('',#9286,#9286,#9288,.T.);
#9286 = VERTEX_POINT('',#9287);
#9287 = CARTESIAN_POINT('',(46.692104549907,29.,1.01278E+03));
#9288 = SURFACE_CURVE('',#9289,(#9294,#9306),.PCURVE_S1.);
#9289 = CIRCLE('',#9290,29.);
#9290 = AXIS2_PLACEMENT_3D('',#9291,#9292,#9293);
#9291 = CARTESIAN_POINT('',(46.692104549907,3.844755463956E-16,
    1.01278E+03));
#9292 = DIRECTION('',(1.,0.,0.));
#9293 = DIRECTION('',(0.,1.,0.));
#9294 = PCURVE('',#9295,#9300);
#9295 = CYLINDRICAL_SURFACE('',#9296,29.);
#9296 = AXIS2_PLACEMENT_3D('',#9297,#9298,#9299);
#9297 = CARTESIAN_POINT('',(46.692104549907,3.844755463956E-16,
    1.01278E+03));
#9298 = DIRECTION('',(-1.,-0.,-0.));
#9299 = DIRECTION('',(0.,1.,0.));
#9300 = DEFINITIONAL_REPRESENTATION('',(#9301),#9305);
#9301 = LINE('',#9302,#9303);
#9302 = CARTESIAN_POINT('',(6.28318530718,0.));
#9303 = VECTOR('',#9304,1.);
#9304 = DIRECTION('',(-1.,0.));
#9305 = ( GEOMETRIC_REPRESENTATION_CONTEXT(2) 
PARAMETRIC_REPRESENTATION_CONTEXT() REPRESENTATION_CONTEXT('2D SPACE',''
  ) );
#9306 = PCURVE('',#9307,#9312);
#9307 = PLANE('',#9308);
#9308 = AXIS2_PLACEMENT_3D('',#9309,#9310,#9311);
#9309 = CARTESIAN_POINT('',(46.692104549907,-5.281148098083E-15,
    1.01278E+03));
#9310 = DIRECTION('',(1.,0.,0.));
#9311 = DIRECTION('',(0.,0.,1.));
#9312 = DEFINITIONAL_REPRESENTATION('',(#9313),#9317);
#9313 = CIRCLE('',#9314,29.);
#9314 = AXIS2_PLACEMENT_2D('',#9315,#9316);
#9315 = CARTESIAN_POINT('',(0.,-5.665623644479E-15));
#9316 = DIRECTION('',(0.,-1.));
#9317 = ( GEOMETRIC_REPRESENTATION_CONTEXT(2) 
PARAMETRIC_REPRESENTATION_CONTEXT() REPRESENTATION_CONTEXT('2D SPACE',''
  ) );
#9318 = ORIENTED_EDGE('',*,*,#9319,.T.);
#9319 = EDGE_CURVE('',#9286,#9320,#9322,.T.);
#9320 = VERTEX_POINT('',#9321);
#9321 = CARTESIAN_POINT('',(49.692104549907,29.,1.01278E+03));
#9322 = SEAM_CURVE('',#9323,(#9327,#9334),.PCURVE_S1.);
#9323 = LINE('',#9324,#9325);
#9324 = CARTESIAN_POINT('',(46.692104549907,29.,1.01278E+03));
#9325 = VECTOR('',#9326,1.);
#9326 = DIRECTION('',(1.,0.,0.));
#9327 = PCURVE('',#9295,#9328);
#9328 = DEFINITIONAL_REPRESENTATION('',(#9329),#9333);
#9329 = LINE('',#9330,#9331);
#9330 = CARTESIAN_POINT('',(-5.861977570021E-13,0.));
#9331 = VECTOR('',#9332,1.);
#9332 = DIRECTION('',(-0.,-1.));
#9333 = ( GEOMETRIC_REPRESENTATION_CONTEXT(2) 
PARAMETRIC_REPRESENTATION_CONTEXT() REPRESENTATION_CONTEXT('2D SPACE',''
  ) );
#9334 = PCURVE('',#9295,#9335);
#9335 = DEFINITIONAL_REPRESENTATION('',(#9336),#9340);
#9336 = LINE('',#9337,#9338);
#9337 = CARTESIAN_POINT('',(6.28318530718,0.));
#9338 = VECTOR('',#9339,1.);
#9339 = DIRECTION('',(-0.,-1.));
#9340 = ( GEOMETRIC_REPRESENTATION_CONTEXT(2) 
PARAMETRIC_REPRESENTATION_CONTEXT() REPRESENTATION_CONTEXT('2D SPACE',''
  ) );
#9341 = ORIENTED_EDGE('',*,*,#9342,.F.);
#9342 = EDGE_CURVE('',#9320,#9320,#9343,.T.);
#9343 = SURFACE_CURVE('',#9344,(#9349,#9356),.PCURVE_S1.);
#9344 = CIRCLE('',#9345,29.);
#9345 = AXIS2_PLACEMENT_3D('',#9346,#9347,#9348);
#9346 = CARTESIAN_POINT('',(49.692104549907,3.844755463956E-16,
    1.01278E+03));
#9347 = DIRECTION('',(1.,0.,0.));
#9348 = DIRECTION('',(0.,1.,0.));
#9349 = PCURVE('',#9295,#9350);
#9350 = DEFINITIONAL_REPRESENTATION('',(#9351),#9355);
#9351 = LINE('',#9352,#9353);
#9352 = CARTESIAN_POINT('',(6.28318530718,-3.));
#9353 = VECTOR('',#9354,1.);
#9354 = DIRECTION('',(-1.,0.));
#9355 = ( GEOMETRIC_REPRESENTATION_CONTEXT(2) 
PARAMETRIC_REPRESENTATION_CONTEXT() REPRESENTATION_CONTEXT('2D SPACE',''
  ) );
#9356 = PCURVE('',#9357,#9362);
#9357 = PLANE('',#9358);
#9358 = AXIS2_PLACEMENT_3D('',#9359,#9360,#9361);
#9359 = CARTESIAN_POINT('',(49.692104549907,-5.281148098083E-15,
    1.01278E+03));
#9360 = DIRECTION('',(1.,0.,0.));
#9361 = DIRECTION('',(0.,0.,1.));
#9362 = DEFINITIONAL_REPRESENTATION('',(#9363),#9367);
#9363 = CIRCLE('',#9364,29.);
#9364 = AXIS2_PLACEMENT_2D('',#9365,#9366);
#9365 = CARTESIAN_POINT('',(0.,-5.665623644479E-15));
#9366 = DIRECTION('',(0.,-1.));
#9367 = ( GEOMETRIC_REPRESENTATION_CONTEXT(2) 
PARAMETRIC_REPRESENTATION_CONTEXT() REPRESENTATION_CONTEXT('2D SPACE',''
  ) );
#9368 = ORIENTED_EDGE('',*,*,#9319,.F.);
#9369 = ADVANCED_FACE('',(#9370),#9383,.F.);
#9370 = FACE_BOUND('',#9371,.F.);
#9371 = EDGE_LOOP('',(#9372,#9401,#9424,#9446));
#9372 = ORIENTED_EDGE('',*,*,#9373,.T.);
#9373 = EDGE_CURVE('',#9374,#9374,#9376,.T.);
#9374 = VERTEX_POINT('',#9375);
#9375 = CARTESIAN_POINT('',(46.692104549907,19.,1.01278E+03));
#9376 = SURFACE_CURVE('',#9377,(#9382,#9394),.PCURVE_S1.);
#9377 = CIRCLE('',#9378,19.);
#9378 = AXIS2_PLACEMENT_3D('',#9379,#9380,#9381);
#9379 = CARTESIAN_POINT('',(46.692104549907,1.38082757442E-13,
    1.01278E+03));
#9380 = DIRECTION('',(1.,0.,0.));
#9381 = DIRECTION('',(0.,1.,0.));
#9382 = PCURVE('',#9383,#9388);
#9383 = CYLINDRICAL_SURFACE('',#9384,19.);
#9384 = AXIS2_PLACEMENT_3D('',#9385,#9386,#9387);
#9385 = CARTESIAN_POINT('',(46.692104549907,1.38082757442E-13,
    1.01278E+03));
#9386 = DIRECTION('',(-1.,-0.,-0.));
#9387 = DIRECTION('',(0.,1.,0.));
#9388 = DEFINITIONAL_REPRESENTATION('',(#9389),#9393);
#9389 = LINE('',#9390,#9391);
#9390 = CARTESIAN_POINT('',(6.28318530718,0.));
#9391 = VECTOR('',#9392,1.);
#9392 = DIRECTION('',(-1.,0.));
#9393 = ( GEOMETRIC_REPRESENTATION_CONTEXT(2) 
PARAMETRIC_REPRESENTATION_CONTEXT() REPRESENTATION_CONTEXT('2D SPACE',''
  ) );
#9394 = PCURVE('',#9307,#9395);
#9395 = DEFINITIONAL_REPRESENTATION('',(#9396),#9400);
#9396 = CIRCLE('',#9397,19.);
#9397 = AXIS2_PLACEMENT_2D('',#9398,#9399);
#9398 = CARTESIAN_POINT('',(0.,-1.433639055401E-13));
#9399 = DIRECTION('',(0.,-1.));
#9400 = ( GEOMETRIC_REPRESENTATION_CONTEXT(2) 
PARAMETRIC_REPRESENTATION_CONTEXT() REPRESENTATION_CONTEXT('2D SPACE',''
  ) );
#9401 = ORIENTED_EDGE('',*,*,#9402,.T.);
#9402 = EDGE_CURVE('',#9374,#9403,#9405,.T.);
#9403 = VERTEX_POINT('',#9404);
#9404 = CARTESIAN_POINT('',(49.692104549907,19.,1.01278E+03));
#9405 = SEAM_CURVE('',#9406,(#9410,#9417),.PCURVE_S1.);
#9406 = LINE('',#9407,#9408);
#9407 = CARTESIAN_POINT('',(46.692104549907,19.,1.01278E+03));
#9408 = VECTOR('',#9409,1.);
#9409 = DIRECTION('',(1.,0.,0.));
#9410 = PCURVE('',#9383,#9411);
#9411 = DEFINITIONAL_REPRESENTATION('',(#9412),#9416);
#9412 = LINE('',#9413,#9414);
#9413 = CARTESIAN_POINT('',(-5.861977570021E-13,0.));
#9414 = VECTOR('',#9415,1.);
#9415 = DIRECTION('',(-0.,-1.));
#9416 = ( GEOMETRIC_REPRESENTATION_CONTEXT(2) 
PARAMETRIC_REPRESENTATION_CONTEXT() REPRESENTATION_CONTEXT('2D SPACE',''
  ) );
#9417 = PCURVE('',#9383,#9418);
#9418 = DEFINITIONAL_REPRESENTATION('',(#9419),#9423);
#9419 = LINE('',#9420,#9421);
#9420 = CARTESIAN_POINT('',(6.28318530718,0.));
#9421 = VECTOR('',#9422,1.);
#9422 = DIRECTION('',(-0.,-1.));
#9423 = ( GEOMETRIC_REPRESENTATION_CONTEXT(2) 
PARAMETRIC_REPRESENTATION_CONTEXT() REPRESENTATION_CONTEXT('2D SPACE',''
  ) );
#9424 = ORIENTED_EDGE('',*,*,#9425,.F.);
#9425 = EDGE_CURVE('',#9403,#9403,#9426,.T.);
#9426 = SURFACE_CURVE('',#9427,(#9432,#9439),.PCURVE_S1.);
#9427 = CIRCLE('',#9428,19.);
#9428 = AXIS2_PLACEMENT_3D('',#9429,#9430,#9431);
#9429 = CARTESIAN_POINT('',(49.692104549907,1.38082757442E-13,
    1.01278E+03));
#9430 = DIRECTION('',(1.,0.,0.));
#9431 = DIRECTION('',(0.,1.,0.));
#9432 = PCURVE('',#9383,#9433);
#9433 = DEFINITIONAL_REPRESENTATION('',(#9434),#9438);
#9434 = LINE('',#9435,#9436);
#9435 = CARTESIAN_POINT('',(6.28318530718,-3.));
#9436 = VECTOR('',#9437,1.);
#9437 = DIRECTION('',(-1.,0.));
#9438 = ( GEOMETRIC_REPRESENTATION_CONTEXT(2) 
PARAMETRIC_REPRESENTATION_CONTEXT() REPRESENTATION_CONTEXT('2D SPACE',''
  ) );
#9439 = PCURVE('',#9357,#9440);
#9440 = DEFINITIONAL_REPRESENTATION('',(#9441),#9445);
#9441 = CIRCLE('',#9442,19.);
#9442 = AXIS2_PLACEMENT_2D('',#9443,#9444);
#9443 = CARTESIAN_POINT('',(0.,-1.433639055401E-13));
#9444 = DIRECTION('',(0.,-1.));
#9445 = ( GEOMETRIC_REPRESENTATION_CONTEXT(2) 
PARAMETRIC_REPRESENTATION_CONTEXT() REPRESENTATION_CONTEXT('2D SPACE',''
  ) );
#9446 = ORIENTED_EDGE('',*,*,#9402,.F.);
#9447 = ADVANCED_FACE('',(#9448,#9451),#9307,.F.);
#9448 = FACE_BOUND('',#9449,.F.);
#9449 = EDGE_LOOP('',(#9450));
#9450 = ORIENTED_EDGE('',*,*,#9285,.T.);
#9451 = FACE_BOUND('',#9452,.F.);
#9452 = EDGE_LOOP('',(#9453));
#9453 = ORIENTED_EDGE('',*,*,#9373,.F.);
#9454 = ADVANCED_FACE('',(#9455,#9458),#9357,.T.);
#9455 = FACE_BOUND('',#9456,.T.);
#9456 = EDGE_LOOP('',(#9457));
#9457 = ORIENTED_EDGE('',*,*,#9342,.T.);
#9458 = FACE_BOUND('',#9459,.T.);
#9459 = EDGE_LOOP('',(#9460));
#9460 = ORIENTED_EDGE('',*,*,#9425,.F.);
#9461 = ( GEOMETRIC_REPRESENTATION_CONTEXT(3) 
GLOBAL_UNCERTAINTY_ASSIGNED_CONTEXT((#9465)) 
GLOBAL_UNIT_ASSIGNED_CONTEXT((#9462,#9463,#9464)) REPRESENTATION_CONTEXT
('Context #1','3D Context with UNIT and UNCERTAINTY') );
#9462 = ( LENGTH_UNIT() NAMED_UNIT(*) SI_UNIT(.MILLI.,.METRE.) );
#9463 = ( NAMED_UNIT(*) PLANE_ANGLE_UNIT() SI_UNIT($,.RADIAN.) );
#9464 = ( NAMED_UNIT(*) SI_UNIT($,.STERADIAN.) SOLID_ANGLE_UNIT() );
#9465 = UNCERTAINTY_MEASURE_WITH_UNIT(LENGTH_MEASURE(1.E-07),#9462,
  'distance_accuracy_value','confusion accuracy');
#9466 = CONTEXT_DEPENDENT_SHAPE_REPRESENTATION(#9467,#9469);
#9467 = ( REPRESENTATION_RELATIONSHIP('','',#9278,#10) 
REPRESENTATION_RELATIONSHIP_WITH_TRANSFORMATION(#9468) 
SHAPE_REPRESENTATION_RELATIONSHIP() );
#9468 = ITEM_DEFINED_TRANSFORMATION('','',#11,#35);
#9469 = PRODUCT_DEFINITION_SHAPE('Placement','Placement of an item',
  #9470);
#9470 = NEXT_ASSEMBLY_USAGE_OCCURRENCE('6','THRUST_COLLAR_RIGHT_300M',''
  ,#5,#9273,$);
#9471 = PRODUCT_RELATED_PRODUCT_CATEGORY('part',$,(#9275));
ENDSEC;
END-ISO-10303-21;
