upper_OD_mm,taper_start_A_mm,Kt_peak_sensitivity,station_A_mm,station_U_mm,profile_OD_mm,local_Kt_sensitivity,limit_case,limit_vm_MPa,MS_limit,ultimate_case,ultimate_vm_MPa,MS_ultimate,station_PASS
90.0,300.0,1.25,250.0,-225.0,74.0,1.0,LC4+,292.37427177639455,0.7203976155080098,LC4+,438.56140766459185,0.3042643287880471,True
90.0,300.0,1.25,260.0,-215.0,74.0,1.0,LC4+,297.07034420784856,0.6932016601699915,LC4+,445.6055163117729,0.28364658663649456,True
90.0,300.0,1.25,270.0,-205.0,74.0,1.0,LC4+,301.7683884424068,0.6668412572843054,LC4+,452.6525826636101,0.26366229180466916,True
90.0,300.0,1.25,280.0,-195.0,74.0,1.0,LC4+,306.46831379907775,0.641278975188833,LC4+,459.70247069861665,0.24428306667728616,True
90.0,300.0,1.25,290.0,-185.0,74.0,1.0,LC4+,311.1700350402296,0.6164795557354026,LC4+,466.7550525603445,0.22548218141901932,True
90.0,300.0,1.25,300.0,-175.0,74.0,1.0,LC4+,315.87347197159596,0.5924097609729977,LC4+,473.81020795739386,0.20723443774228612,True
90.0,300.0,1.25,310.0,-165.0,74.01046853848635,1.0146213578115921,LC4+,324.64369841261714,0.5493909244487929,LC4+,486.9655476189257,0.17462108520173558,True
90.0,300.0,1.25,320.0,-155.0,74.04145569299864,1.0288021675513914,LC4+,332.65802958562284,0.5120633060520574,LC4+,498.9870443784343,0.14632234733171212,True
90.0,300.0,1.25,330.0,-145.0,74.0923337721168,1.042542429219398,LC4+,339.88585413659257,0.47990860425116577,LC4+,509.82878120488886,0.12194529043295788,True
90.0,300.0,1.25,340.0,-135.0,74.16247508442073,1.055842142815612,LC4+,346.30841830423907,0.4524625259271178,LC4+,519.4626274563589,0.10113792555375878,True
90.0,300.0,1.25,350.0,-125.0,74.25125193849033,1.068701308340033,LC4+,351.91841436110855,0.42930855412375335,LC4+,527.877621541663,0.08358448370945881,True
90.0,300.0,1.25,360.0,-115.0,74.35803664290549,1.0811199257926611,LC4+,356.7192482086073,0.41007249405798407,LC4+,535.0788723129109,0.06900128111486681,True
90.0,300.0,1.25,370.0,-105.0,74.48220150624613,1.0930979951734967,LC4+,360.72405182774895,0.39441769255849324,LC4+,541.0860777416236,0.05713309495488117,True
90.0,300.0,1.25,380.0,-95.0,74.62311883709215,1.1046355164825394,LC4+,363.95451211646,0.3820408409692899,LC4+,545.93176817469,0.047749981490303295,True
90.0,300.0,1.25,390.0,-85.0,74.78016094402345,1.1157324897197893,LC4+,366.4395876030912,0.3726682842597895,LC4+,549.659381404637,0.04064447792789827,True
90.0,300.0,1.25,400.0,-75.0,74.95270013561993,1.1263889148852466,LC4+,368.21417961989,0.3660527699374596,LC4+,552.321269429835,0.03562913771269316,True
90.0,300.0,1.25,410.0,-65.0,75.14010872046153,1.136604791978911,LC4+,369.31781605421986,0.36197057963256807,LC4+,553.97672408133,0.0325343559308533,True
90.0,300.0,1.25,420.0,-55.0,75.34175900712809,1.1463801210007827,LC4+,369.79339515426875,0.3602189941498568,LC4+,554.6900927314032,0.031206447519838365,True
90.0,300.0,1.25,430.0,-45.0,75.55702330419956,1.1557149019508615,LC4+,369.6860253376287,0.36061404955899445,LC4+,554.529038006443,0.03150594612027158,True
90.0,300.0,1.25,440.0,-35.0,75.78527392025585,1.1646091348291476,LC4+,369.0419856064985,0.36298854769424005,LC4+,553.5629784097478,0.033306095800006874,True
90.0,300.0,1.25,450.0,-25.0,76.02588316387681,1.173062819635641,LC4+,367.90782080581243,0.36719028939994014,LC4+,551.8617312087185,0.03649151164581288,True
90.0,300.0,1.25,460.0,-15.0,76.27822334364241,1.1810759563703415,LC4+,366.32957707782396,0.37308050311520824,LC4+,549.4943656167361,0.04095698844519413,True
90.0,300.0,1.25,470.0,-5.0,76.54166676813252,1.1886485450332493,LC4+,364.35217571729316,0.38053244504373684,LC4+,546.52826357594,0.046606439449989656,True
90.0,300.0,1.25,480.0,5.0,76.81558574592702,1.1957805856243644,LC4+,362.0189182552049,0.38943015029234096,LC4+,543.0283773828073,0.0533519495920729,True
90.0,300.0,1.25,490.0,15.0,77.09935258560587,1.2024720781436866,LC4+,359.3711118843241,0.39966731705999736,LC4+,539.0566678264862,0.0611129295670223,True
90.0,300.0,1.25,500.0,25.0,77.39233959574894,1.208723022591216,LC4+,356.4478020796043,0.4111463082823743,LC4+,534.6717031194067,0.06981535896291269,True
90.0,300.0,1.25,510.0,35.0,77.69391908493613,1.2145334189669528,LC4+,353.2855982055601,0.42377725713950043,LC4+,529.9283973083402,0.07939110812961458,True
90.0,300.0,1.25,520.0,45.0,78.00346336174735,1.2199032672708967,LC4+,349.918577775201,0.43747726456279623,LC4+,524.8778666628017,0.08977732979445885,True
90.0,300.0,1.25,530.0,55.0,78.3203447347625,1.224832567503048,LC4+,346.3782555796623,0.45216967837150146,LC4+,519.5673833694937,0.10091591256262245,True
90.0,300.0,1.25,540.0,65.0,78.6439355125615,1.2293213196634063,LC4+,342.69360492294385,0.46778344496128477,LC4+,514.0404073844159,0.11275298942061585,True
90.0,300.0,1.25,550.0,75.0,78.97360800372424,1.233369523751972,LC4+,338.89111948843964,0.4842525255878194,LC4+,508.33667923265944,0.12523849521038133,True
90.0,300.0,1.25,560.0,85.0,79.30873451683063,1.2369771797687448,LC4+,334.994905788354,0.5015153702599577,LC4+,502.492358682531,0.1383257677782581,True
90.0,300.0,1.25,570.0,95.0,79.64868736046057,1.240144287713725,LC4+,331.0267975955179,0.5195144431014205,LC4+,496.54019639327703,0.15197118814315735,True
90.0,300.0,1.25,580.0,105.0,79.99283884319397,1.2428708475869121,LC4+,327.0064851534728,0.5381957937743307,LC4+,490.5097277302092,0.166133855585046,True
90.0,300.0,1.25,590.0,115.0,80.34056127361072,1.245156859388307,LC4+,322.951653255384,0.5575086701978802,LC4+,484.42747988307593,0.18077529404001003,True
90.0,300.0,1.25,600.0,125.0,80.69122696029072,1.2470023231179086,LC4+,318.87812344690457,0.5774051683534602,LC4+,478.3171851703567,0.1958591866112387,True
90.0,300.0,1.25,610.0,135.0,81.04420821181391,1.2484072387757177,LC4+,314.7999966296313,0.5978399154552401,LC4+,472.199994944447,0.21135113537494687,True
90.0,300.0,1.25,620.0,145.0,81.39887733676015,1.249371606361734,LC4+,310.72979321881274,0.6187697831916379,LC4+,466.09468982821926,0.22721844398358737,True
90.0,300.0,1.25,630.0,155.0,81.75460664370937,1.2498954258759574,LC4+,306.67858874753705,0.6401536281167579,LC4+,460.0178831213055,0.24342992085193593,True
90.0,300.0,1.25,640.0,165.0,82.11076844124148,1.249978697318388,LC4+,302.65614342056404,0.6619520565985761,LC4+,453.984215130846,0.259955700960087,True
90.0,300.0,1.25,650.0,175.0,82.46673503793635,1.249621420689026,LC4+,298.67102461763216,0.6841272120184945,LC4+,448.0065369264483,0.27676708452561805,True
90.0,300.0,1.25,660.0,185.0,82.82187874237391,1.248823595987871,LC4+,294.73072174279815,0.7066425821701465,LC4+,442.09608261419726,0.2938363909891635,True
90.0,300.0,1.25,670.0,195.0,83.17557186313407,1.2475852232149236,LC4+,290.8417531274618,0.729462825028288,LC4+,436.2626296911928,0.31113682692668054,True
90.0,300.0,1.25,680.0,205.0,83.5271867087967,1.2459063023701833,LC4+,287.00976493363896,0.7525536112553566,LC4+,430.51464740045856,0.3286423666508467,True
90.0,300.0,1.25,690.0,215.0,83.87609558794173,1.2437868334536502,LC4+,283.2396221831271,0.7758814819869657,LC4+,424.85943327469056,0.3463276443956853,True
90.0,300.0,1.25,700.0,225.0,84.22167080914907,1.2412268164653242,LC4+,279.5354921683835,0.7994137205911886,LC4+,419.30323825257534,0.36416785709497623,True
90.0,300.0,1.25,710.0,235.0,84.56328468099862,1.2382262514052054,LC4+,275.9009205917267,0.8231182372324539,LC4+,413.85138088759004,0.38213867686807634,True
90.0,300.0,1.25,720.0,245.0,84.90030951207027,1.234785138273294,LC4+,272.3389008389854,0.8469634651914384,LC4+,408.50835125847817,0.4002161724181612,True
90.0,300.0,1.25,730.0,255.0,85.23211761094393,1.2309034770695897,LC4+,268.8519368288243,0.8709182679991467,LC4+,403.2779052432364,0.41837673862890945,True
90.0,300.0,1.25,740.0,265.0,85.5580812861995,1.2265812677940928,LC4+,265.44209989527167,0.8949518565384134,LC4+,398.16314984290767,0.43659703371765657,True
90.0,300.0,1.25,750.0,275.0,85.8775728464169,1.221818510446803,LC4+,262.11108016316365,0.9190337153503143,LC4+,393.1666202447454,0.4548539233669715,True
90.0,300.0,1.25,760.0,285.0,86.189964600176,1.2166152050277206,LC4+,258.8602328679978,0.9431335374580223,LC4+,388.29034930199686,0.4731244313134373,True
90.0,300.0,1.25,770.0,295.0,86.49462885605674,1.2109713515368452,LC4+,255.69062005608225,0.9672211670872941,LC4+,383.5359300841233,0.49138569592303827,True
90.0,300.0,1.25,780.0,305.0,86.790937922639,1.204886949974177,LC4+,252.60304808023895,0.9912665497220083,LC4+,378.90457212035835,0.5096149323273544,True
90.0,300.0,1.25,790.0,315.0,87.07826410850271,1.1983620003397162,LC4+,249.59810128249964,1.015239688985837,LC4+,374.3971519237496,0.5277893997347889,True
90.0,300.0,1.25,800.0,325.0,87.35597972222774,1.1913965026334628,LC4+,246.67617222965234,1.039110609887823,LC4+,370.0142583444785,0.5458863735663813,True
90.0,300.0,1.25,810.0,335.0,87.62345707239402,1.1839904568554163,LC4+,243.83748884123352,1.0628493280108842,LC4+,365.7562332618503,0.5638831220970519,True
90.0,300.0,1.25,820.0,345.0,87.88006846758145,1.1761438630055772,LC4+,241.08213872339383,1.08642582425867,LC4+,361.62320808509077,0.5817568873107477,True
90.0,300.0,1.25,830.0,355.0,88.12518621636991,1.1678567210839452,LC4+,238.4100909965859,1.1098100248080653,LC4+,357.61513649487887,0.599484869702072,True
90.0,300.0,1.25,840.0,365.0,88.35818262733935,1.1591290310905205,LC4+,235.82121588063305,1.1329717859423063,LC4+,353.73182382094967,0.617044216777997,True
90.0,300.0,1.25,850.0,375.0,88.57843000906962,1.149960793025303,LC4+,233.31530227771563,1.1558808834633494,LC4+,349.97295341657355,0.6344120150311936,True
90.0,300.0,1.25,860.0,385.0,88.78530067014066,1.1403520068882929,LC4+,230.89207357231635,1.1785070064020986,LC4+,346.33811035847447,0.6515652851716376,True
90.0,300.0,1.25,870.0,395.0,88.97816691913235,1.1303026726794898,LC4+,228.55120184731868,1.2008197547612287,LC4+,342.8268027709779,0.6684809804154053,True
90.0,300.0,1.25,880.0,405.0,89.15640106462463,1.119812790398894,LC4+,226.29232069727107,1.222788641037901,LC4+,339.4384810459066,0.6851359876390712,True
90.0,300.0,1.25,890.0,415.0,89.31937541519737,1.1088823600465054,LC4+,224.11503680335284,1.2443830952822301,LC4+,336.17255520502925,0.7015071312146266,True
90.0,300.0,1.25,900.0,425.0,89.46646227943049,1.0975113816223243,LC4+,222.01894041974455,1.2655724734522122,LC4+,333.02841062961687,0.7175711793434927,True
90.0,300.0,1.25,910.0,435.0,89.59703396590388,1.0856998551263501,LC4+,220.0036149079523,1.2863260688259648,LC4+,330.00542236192854,0.7333048527083519,True
90.0,300.0,1.25,920.0,445.0,89.71046278319744,1.0734477805585831,LC4+,218.06864544405656,1.3066131262279055,LC4+,327.10296816608485,0.7486848352582662,True
90.0,300.0,1.25,930.0,455.0,89.80612103989111,1.0607551579190235,LC4+,216.21362701389822,1.326402858815495,LC4+,324.32044052084746,0.7636877869350069,True
90.0,300.0,1.25,940.0,465.0,89.88338104456476,1.0476219872076713,LC4+,214.43817180281636,1.345664467157119,LC4+,321.6572577042245,0.778290358136345,True
90.0,300.0,1.25,950.0,475.0,89.94161510579829,1.034048268424526,LC4+,212.74191607976104,1.364367160308059,LC4+,319.1128741196415,0.7924692056941152,True
90.0,300.0,1.25,960.0,485.0,89.98019553217163,1.0200340015695881,LC4+,211.12452667044775,1.3824801785590344,LC4+,316.6867900056716,0.8062010101203021,True
90.0,300.0,1.25,970.0,495.0,89.99849463226467,1.0055791866428574,LC4+,209.58570711079796,1.3999728174883983,LC4+,314.37856066619696,0.8194624938414363,True
90.0,300.0,1.25,973.780356685791,498.78035668579105,90.0,1.0,LC4+,209.02438987570713,1.4064177405282732,LC4+,313.5365848135608,0.8243485057417783,True
90.0,300.0,1.5,250.0,-225.0,74.0,1.0,LC4+,292.37427177639455,0.7203976155080098,LC4+,438.56140766459185,0.3042643287880471,True
90.0,300.0,1.5,260.0,-215.0,74.0,1.0,LC4+,297.07034420784856,0.6932016601699915,LC4+,445.6055163117729,0.28364658663649456,True
90.0,300.0,1.5,270.0,-205.0,74.0,1.0,LC4+,301.7683884424068,0.6668412572843054,LC4+,452.6525826636101,0.26366229180466916,True
90.0,300.0,1.5,280.0,-195.0,74.0,1.0,LC4+,306.46831379907775,0.641278975188833,LC4+,459.70247069861665,0.24428306667728616,True
90.0,300.0,1.5,290.0,-185.0,74.0,1.0,LC4+,311.1700350402296,0.6164795557354026,LC4+,466.7550525603445,0.22548218141901932,True
90.0,300.0,1.5,300.0,-175.0,74.0,1.0,LC4+,315.87347197159596,0.5924097609729977,LC4+,473.81020795739386,0.20723443774228612,True
90.0,300.0,1.5,310.0,-165.0,74.01046853848635,1.0292427156231843,LC4+,329.0759053507695,0.5285227262805547,LC4+,493.6138580261542,0.15880052940023504,True
90.0,300.0,1.5,320.0,-155.0,74.04145569299864,1.0576043351027828,LC4+,341.50079540663853,0.4729101857612308,LC4+,512.251193109958,0.11663966369174772,True
90.0,300.0,1.5,330.0,-145.0,74.0923337721168,1.0850848584387962,LC4+,353.082136247627,0.4245977022389804,LC4+,529.6232043714405,0.08001310229383263,True
90.0,300.0,1.5,340.0,-135.0,74.16247508442073,1.1116842856312237,LC4+,363.76834030747034,0.3827481511305959,LC4+,545.6525104612055,0.04828620602611111,True
90.0,300.0,1.5,350.0,-125.0,74.25125193849033,1.1374026166800657,LC4+,373.5223349688432,0.3466396863308241,LC4+,560.283502453265,0.020911730392619177,True
90.0,300.0,1.5,360.0,-115.0,74.35803664290549,1.1622398515853223,LC4+,382.321200712278,0.31564767808558103,LC4+,573.481801068417,-0.002583867640884696,False
90.0,300.0,1.5,370.0,-105.0,74.48220150624613,1.1861959903469934,LC4+,390.1554147423367,0.2892298325070979,LC4+,585.2331221135053,-0.02261171080972879,False
90.0,300.0,1.5,380.0,-95.0,74.62311883709215,1.2092710329650789,LC4+,397.02777799817346,0.266913873221017,LC4+,595.5416669972602,-0.039529840314881826,False
90.0,300.0,1.5,390.0,-85.0,74.78016094402345,1.2314649794395787,LC4+,402.952109851,0.24828729693460305,LC4+,604.4281647765001,-0.053650982310678885,False
90.0,300.0,1.5,400.0,-75.0,74.95270013561993,1.252777829770493,LC4+,407.9517943808597,0.23298881615018519,LC4+,611.9276915712895,-0.06524903533743409,False
90.0,300.0,1.5,410.0,-65.0,75.14010872046153,1.273209583957822,LC4+,412.0582562056622,0.22070118102171432,LC4+,618.0873843084936,-0.07456451220090088,False
90.0,300.0,1.5,420.0,-55.0,75.34175900712809,1.2927602420015651,LC4+,415.30943397535634,0.21114513384698852,LC4+,622.9641509630344,-0.08180912318028155,False
90.0,300.0,1.5,430.0,-45.0,75.55702330419956,1.311429803901723,LC4+,417.74830744221293,0.20407429794214038,LC4+,626.6224611633195,-0.0871696508642753,False
90.0,300.0,1.5,440.0,-35.0,75.78527392025585,1.3292182696582953,LC4+,419.42152091849806,0.19927084070095424,LC4+,629.1322813777471,-0.09081123806369007,False
90.0,300.0,1.5,450.0,-25.0,76.02588316387681,1.346125639271282,LC4+,420.37813310784003,0.19654178080420026,LC4+,630.5671996617601,-0.09288018738236925,False
90.0,300.0,1.5,460.0,-15.0,76.27822334364241,1.362151912740683,LC4+,420.6685115977329,0.19571583356587707,LC4+,631.0027673965996,-0.09350635281685693,False
90.0,300.0,1.5,470.0,-5.0,76.54166676813252,1.3772970900664987,LC4+,420.34338026033345,0.1966407076245007,LC4+,630.5150703905003,-0.0928051891832814,False
90.0,300.0,1.5,480.0,5.0,76.81558574592702,1.3915611712487286,LC4+,419.45301967973865,0.1991807816380753,LC4+,629.1795295196082,-0.09087951345662182,False
90.0,300.0,1.5,490.0,15.0,77.09935258560587,1.4049441562873732,LC4+,418.04661453757257,0.20321510211582416,LC4+,627.069921806359,-0.08782102265042913,False
90.0,300.0,1.5,500.0,25.0,77.39233959574894,1.4174460451824322,LC4+,416.1717375183667,0.20863565363518077,LC4+,624.2576062775502,-0.08371160519639065,False
90.0,300.0,1.5,510.0,35.0,77.69391908493613,1.4290668379339055,LC4+,413.873956517522,0.21534586092929175,LC4+,620.8109347762829,-0.07862447653869464,False
90.0,300.0,1.5,520.0,45.0,78.00346336174735,1.4398065345417934,LC4+,411.1965504749576,0.223259289065056,LC4+,616.7948257124364,-0.07262516455240287,False
90.0,300.0,1.5,530.0,55.0,78.3203447347625,1.4496651350060958,LC4+,408.1803187342384,0.23229851346041408,LC4+,612.2704781013578,-0.06577236620363591,False
90.0,300.0,1.5,540.0,65.0,78.6439355125615,1.4586426393268126,LC4+,404.86346917303933,0.24239413604643323,LC4+,607.295203759559,-0.05811869341476483,False
90.0,300.0,1.5,550.0,75.0,78.97360800372424,1.466739047503944,LC4+,401.2815712307754,0.25348392765021033,LC4+,601.922356846163,-0.04971132323933669,False
90.0,300.0,1.5,560.0,85.0,79.30873451683063,1.4739543595374895,LC4+,397.46756117626825,0.2655120798070121,LC4+,596.2013417644026,-0.040592565076725595,False
90.0,300.0,1.5,570.0,95.0,79.64868736046057,1.48028857542745,LC4+,393.45178835594334,0.2784285518228522,LC4+,590.177682533915,-0.03080035567571704,False
90.0,300.0,1.5,580.0,105.0,79.99283884319397,1.4857416951738245,LC4+,389.26209262264723,0.2921885010971539,LC4+,583.8931389339708,-0.020368691017134455,False
90.0,300.0,1.5,590.0,115.0,80.34056127361072,1.4903137187766136,LC4+,384.92390458135105,0.306751786556541,LC4+,577.3858568720267,-0.009328002769594002,False
90.0,300.0,1.5,600.0,125.0,80.69122696029072,1.4940046462358172,LC4+,380.46036164336067,0.32208253660733943,LC4+,570.6905424650408,0.0022945141675261294,True
90.0,300.0,1.5,610.0,135.0,81.04420821181391,1.4968144775514352,LC4+,375.89243411972,0.3381487743373861,LC4+,563.8386511795801,0.014474617522842737,True
90.0,300.0,1.5,620.0,145.0,81.39887733676015,1.4987432127234677,LC4+,371.2390566889258,0.35492209382883244,LC4+,556.8585850333887,0.027190772259896745,True
90.0,300.0,1.5,630.0,155.0,81.75460664370937,1.4997908517519147,LC4+,366.5172615377197,0.37237738241759266,LC4+,549.7758923065796,0.0404239400170483,True
90.0,300.0,1.5,640.0,165.0,82.11076844124148,1.4999573946367761,LC4+,361.74231029917377,0.39049258458044656,LC4+,542.6134654487606,0.05415740010605097,True
90.0,300.0,1.5,650.0,175.0,82.46673503793635,1.4992428413780519,LC4+,356.9278226075834,0.4092485038719229,LC4+,535.3917339113751,0.06837659935684548,True
90.0,300.0,1.5,660.0,185.0,82.82187874237391,1.4976471919757424,LC4+,352.0858996662557,0.4286286399904018,LC4+,528.1288494993836,0.08306902859444643,True
90.0,300.0,1.5,670.0,195.0,83.17557186313407,1.4951704464298472,LC4+,347.22724169514817,0.4486190586440628,LC4+,520.8408625427223,0.09822412398197988,True
90.0,300.0,1.5,680.0,205.0,83.5271867087967,1.4918126047403664,LC4+,342.36125850388316,0.4692082924280254,LC4+,513.5418877558247,0.1138331918738642,True
90.0,300.0,1.5,690.0,215.0,83.87609558794173,1.4875736669073,LC4+,337.4961727350184,0.4903872714281867,LC4+,506.2442591025274,0.12988935620533204,True
90.0,300.0,1.5,700.0,225.0,84.22167080914907,1.4824536329306484,LC4+,332.63911555475806,0.5121492827478302,LC4+,498.95867333213704,0.14638752780882558,True
90.0,300.0,1.5,710.0,235.0,84.56328468099862,1.4764525028104107,LC4+,327.7962147445777,0.5344899586224416,LC4+,491.6943221168665,0.1633243954036272,True
90.0,300.0,1.5,720.0,245.0,84.90030951207027,1.469570276546588,LC4+,322.97267527723335,0.5574072932585854,LC4+,484.45901291585005,0.18069843836171073,True
90.0,300.0,1.5,730.0,255.0,85.23211761094393,1.4618069541391794,LC4+,318.1728525528214,0.5809016890166472,LC4+,477.259278829232,0.19850996171971147,True
90.0,300.0,1.5,740.0,265.0,85.5580812861995,1.4531625355881856,LC4+,313.40031853208154,0.6049760330684217,LC4+,470.1004777981224,0.21676115429441611,True
90.0,300.0,1.5,750.0,275.0,85.8775728464169,1.443637020893606,LC4+,308.6579210410984,0.6296358062135219,LC4+,462.9868815616476,0.2354561711784422,True
90.0,300.0,1.5,760.0,285.0,86.189964600176,1.433230410055441,LC4+,303.9478365389094,0.6548892261505181,LC4+,455.92175480836414,0.25460124235665527,True
90.0,300.0,1.5,770.0,295.0,86.49462885605674,1.4219427030736904,LC4+,299.2716166413413,0.6807474281893382,LC4+,448.907424962012,0.2742048097074903,True
90.0,300.0,1.5,780.0,305.0,86.790937922639,1.4097738999483542,LC4+,294.6302286839685,0.7072246871842087,LC4+,441.94534302595275,0.29427769525429737,True
90.0,300.0,1.5,790.0,315.0,87.07826410850271,1.3967240006794324,LC4+,290.02409058691217,0.7343386853902223,LC4+,435.03613588036836,0.314833304232216,True
90.0,300.0,1.5,800.0,325.0,87.35597972222774,1.3827930052669253,LC4+,285.4531002562848,0.7621108320364982,LC4+,428.17965038442725,0.3358878673623287,True
90.0,300.0,1.5,810.0,335.0,87.62345707239402,1.3679809137108325,LC4+,280.91665972283704,0.7905666417088923,LC4+,421.3749895842557,0.35746072771038584,True
90.0,300.0,1.5,820.0,345.0,87.88006846758145,1.3522877260111543,LC4+,276.41369417877456,0.8197361802005274,LC4+,414.6205412681619,0.3795746786941041,True
90.0,300.0,1.5,830.0,355.0,88.12518621636991,1.3357134421678905,LC4+,271.9426660293713,0.849654588389132,LC4+,407.91399904405705,0.40225636124398045,True
90.0,300.0,1.5,840.0,365.0,88.35818262733935,1.318258062181041,LC4+,267.50158402716596,0.8803626970258169,LC4+,401.25237604074897,0.4255367298857087,True
90.0,300.0,1.5,850.0,375.0,88.57843000906962,1.2999215860506061,LC4+,263.088007503113,0.9119077481859308,LC4+,394.63201125466964,0.4494515996850257,True
90.0,300.0,1.5,860.0,385.0,88.78530067014066,1.2807040137765857,LC4+,258.6990456507032,0.9443442426886768,LC4+,388.04856847605487,0.474042288691747,True
90.0,300.0,1.5,870.0,395.0,88.97816691913235,1.2606053453589796,LC4+,254.3313517551098,0.9777349372338802,LC4+,381.49702763266475,0.4993563738870501,True
90.0,300.0,1.5,880.0,405.0,89.15640106462463,1.239625580797788,LC4+,249.981112188901,1.0121520205890695,LC4+,374.97166828335156,0.5254485828720312,True
90.0,300.0,1.5,890.0,415.0,89.31937541519737,1.2177647200930108,LC4+,245.6440299175113,1.047678505229337,LC4+,368.46604487626695,0.5523818488948715,True
90.0,300.0,1.5,900.0,425.0,89.46646227943049,1.1950227632446484,LC4+,241.31530216984928,1.08440987984245,LC4+,361.97295325477404,0.58022856364464,True
90.0,300.0,1.5,910.0,435.0,89.59703396590388,1.1713997102527003,LC4+,236.98959183015015,1.1224560796766925,LC4+,355.4843877452253,0.6090720710073794,True
90.0,300.0,1.5,920.0,445.0,89.71046278319744,1.1468955611171663,LC4+,232.66099199392684,1.161943846663947,LC4+,348.9914879908904,0.6390084563177962,True
90.0,300.0,1.5,930.0,455.0,89.80612103989111,1.1215103158380473,LC4+,228.32298300068166,1.2030195707389577,LC4+,342.48447450102265,0.6701487004144242,True
90.0,300.0,1.5,940.0,465.0,89.88338104456476,1.0952439744153424,LC4+,223.968381105201,1.2458527293802875,LC4+,335.9525716578015,0.7026212872173945,True
90.0,300.0,1.5,950.0,475.0,89.94161510579829,1.0680965368490523,LC4+,219.58927777342825,1.2906400763292019,LC4+,329.3839166601424,0.7365753792714425,True
90.0,300.0,1.5,960.0,485.0,89.98019553217163,1.0400680031391762,LC4+,215.17696838278587,1.337610775820559,LC4+,322.7654525741789,0.7721847100985546,True
90.0,300.0,1.5,970.0,495.0,89.99849463226467,1.0111583732857148,LC4+,210.72186886416898,1.387032739939456,LC4+,316.08280329625353,0.8096523886618536,True
90.0,300.0,1.5,973.780356685791,498.78035668579105,90.0,1.0,LC4+,209.02438987570713,1.4064177405282732,LC4+,313.5365848135608,0.8243485057417783,True
90.0,300.0,2.0,250.0,-225.0,74.0,1.0,LC4+,292.37427177639455,0.7203976155080098,LC4+,438.56140766459185,0.3042643287880471,True
90.0,300.0,2.0,260.0,-215.0,74.0,1.0,LC4+,297.07034420784856,0.6932016601699915,LC4+,445.6055163117729,0.28364658663649456,True
90.0,300.0,2.0,270.0,-205.0,74.0,1.0,LC4+,301.7683884424068,0.6668412572843054,LC4+,452.6525826636101,0.26366229180466916,True
90.0,300.0,2.0,280.0,-195.0,74.0,1.0,LC4+,306.46831379907775,0.641278975188833,LC4+,459.70247069861665,0.24428306667728616,True
90.0,300.0,2.0,290.0,-185.0,74.0,1.0,LC4+,311.1700350402296,0.6164795557354026,LC4+,466.7550525603445,0.22548218141901932,True
90.0,300.0,2.0,300.0,-175.0,74.0,1.0,LC4+,315.87347197159596,0.5924097609729977,LC4+,473.81020795739386,0.20723443774228612,True
90.0,300.0,2.0,310.0,-165.0,74.01046853848635,1.0584854312463685,LC4+,337.94411673467135,0.48841176718847357,LC4+,506.91617510200706,0.12839169096329606,True
90.0,300.0,2.0,320.0,-155.0,74.04145569299864,1.115208670205566,LC4+,359.1995937332774,0.40033565954838224,LC4+,538.7993905999163,0.06161961201017152,True
90.0,300.0,2.0,330.0,-145.0,74.0923337721168,1.1701697168775922,LC4+,379.5008540576983,0.325425212148601,LC4+,569.2512810865474,0.004828656526176145,True
90.0,300.0,2.0,340.0,-135.0,74.16247508442073,1.2233685712624474,LC4+,398.7290363811561,0.2615083279743098,LC4+,598.0935545717344,-0.04362788124412875,False
90.0,300.0,2.0,350.0,-125.0,74.25125193849033,1.2748052333601316,LC4+,416.78640065346167,0.2068531967726579,LC4+,625.1796009801926,-0.0850629177548573,False
90.0,300.0,2.0,360.0,-115.0,74.35803664290549,1.3244797031706446,LC4+,433.59658125492456,0.16006449715126103,LC4+,650.3948718823868,-0.12053427121203264,False
90.0,300.0,2.0,370.0,-105.0,74.48220150624613,1.3723919806939866,LC4+,449.1042026199401,0.12000733252026552,LC4+,673.6563039299105,-0.15090232710193285,False
90.0,300.0,2.0,380.0,-95.0,74.62311883709215,1.4185420659301575,LC4+,463.27393677100724,0.08575069753736009,LC4+,694.9109051565108,-0.1768728972944068,False
90.0,300.0,2.0,390.0,-85.0,74.78016094402345,1.4629299588791573,LC4+,476.0891053378501,0.056524911745361006,LC4+,714.1336580067755,-0.1990294903666716,False
90.0,300.0,2.0,400.0,-75.0,74.95270013561993,1.505555659540986,LC4+,487.54993966192,0.03168918521206976,LC4+,731.32490949288,-0.21785790067421618,False
90.0,300.0,2.0,410.0,-65.0,75.14010872046153,1.5464191679156438,LC4+,497.67161333049285,0.01070663169604713,LC4+,746.5074199957396,-0.23376515131857034,False
90.0,300.0,2.0,420.0,-55.0,75.34175900712809,1.5855204840031303,LC4+,506.4821542104032,-0.006875176512056713,LC4+,759.7232313156046,-0.24709423587130053,False
90.0,300.0,2.0,430.0,-45.0,75.55702330419956,1.6228596078034458,LC4+,514.0203301798747,-0.02143948309596677,LC4+,771.0304952698121,-0.2581356982516807,False
90.0,300.0,2.0,440.0,-35.0,75.78527392025585,1.6584365393165903,LC4+,520.3335866022015,-0.03331245002920247,LC4+,780.5003799033022,-0.2671368077093489,False
90.0,300.0,2.0,450.0,-25.0,76.02588316387681,1.6922512785425639,LC4+,525.476096155917,-0.04277282319850384,LC4+,788.2141442338752,-0.27430888650701657,False
90.0,300.0,2.0,460.0,-15.0,76.27822334364241,1.7243038254813658,LC4+,529.5069645216246,-0.05005970893238754,LC4+,794.2604467824372,-0.27983320544642265,False
90.0,300.0,2.0,470.0,-5.0,76.54166676813252,1.7545941801329972,LC4+,532.4886197576734,-0.0553788732068925,LC4+,798.73292963651,-0.2838657594093339,False
90.0,300.0,2.0,480.0,5.0,76.81558574592702,1.7831223424974572,LC4+,534.4853996746273,-0.058907876050111496,LC4+,801.728099511941,-0.28654115984183415,False
90.0,300.0,2.0,490.0,15.0,77.09935258560587,1.8098883125747465,LC4+,535.5623404723259,-0.06080028039986596,LC4+,803.3435107084889,-0.2879758255649084,False
90.0,300.0,2.0,500.0,25.0,77.39233959574894,1.8348920903648644,LC4+,535.7841613767084,-0.06118912005996757,LC4+,803.6762420650628,-0.2882706118943691,False
90.0,300.0,2.0,510.0,35.0,77.69391908493613,1.858133675867811,LC4+,535.2144338489029,-0.06018977032670503,LC4+,802.8216507733541,-0.28751298691434735,False
90.0,300.0,2.0,520.0,45.0,78.00346336174735,1.8796130690835868,LC4+,533.9149198542956,-0.05790233369528652,LC4+,800.8723797814432,-0.2857788401241932,False
90.0,300.0,2.0,530.0,55.0,78.3203447347625,1.8993302700121917,LC4+,531.9450613316262,-0.054413629217964,LC4+,797.9175919974392,-0.28313399060659417,False
90.0,300.0,2.0,540.0,65.0,78.6439355125615,1.9172852786536252,LC4+,529.3616020350564,-0.04979885570414044,LC4+,794.0424030525846,-0.27963544792944783,False
90.0,300.0,2.0,550.0,75.0,78.97360800372424,1.9334780950078878,LC4+,526.2183229979589,-0.04412298466856879,LC4+,789.3274844969383,-0.27533246816490564,False
90.0,300.0,2.0,560.0,85.0,79.30873451683063,1.9479087190749793,LC4+,522.5658736859897,-0.03744192774774813,LC4+,783.8488105289847,-0.2702674389287104,False
90.0,300.0,2.0,570.0,95.0,79.64868736046057,1.9605771508548997,LC4+,518.4516822163882,-0.029803514476666515,LC4+,777.6775233245826,-0.26447662065030275,False
90.0,300.0,2.0,580.0,105.0,79.99283884319397,1.971483390347649,LC4+,513.9199296172673,-0.021248309294795598,LC4+,770.879894425901,-0.25799076595973913,False
90.0,300.0,2.0,590.0,115.0,80.34056127361072,1.9806274375532271,LC4+,509.0115748283765,-0.011810291014312302,LC4+,763.5173622425648,-0.2508356348047537,False
90.0,300.0,2.0,600.0,125.0,80.69122696029072,1.9880092924716344,LC4+,503.76441888859847,-0.001517413417733926,LC4+,755.6466283328976,-0.2430324194498923,False
90.0,300.0,2.0,610.0,135.0,81.04420821181391,1.9936289551028703,LC4+,498.2131984349824,0.009607938087658363,LC4+,747.3197976524738,-0.2345980906744327,False
90.0,300.0,2.0,620.0,145.0,81.39887733676015,1.9974864254469353,LC4+,492.38970020156364,0.021548581934376365,LC4+,738.5845503023455,-0.22554567413324955,False
90.0,300.0,2.0,630.0,155.0,81.75460664370937,1.9995817035038295,LC4+,486.3228896233116,0.03429225876990061,LC4+,729.4843344349673,-0.2158844638616525,False
90.0,300.0,2.0,640.0,165.0,82.11076844124148,1.9999147892735523,LC4+,480.039047907492,0.04783142578212263,LC4+,720.0585718612379,-0.2056201782009619,False
90.0,300.0,2.0,650.0,175.0,82.46673503793635,1.998485682756104,LC4+,473.561913029198,0.06216312199285112,LC4+,710.3428695437973,-0.19475506192192105,False
90.0,300.0,2.0,660.0,185.0,82.82187874237391,1.9952943839514847,LC4+,466.9128210454664,0.07728890132794097,LC4+,700.3692315681998,-0.18328793696543133,False
90.0,300.0,2.0,670.0,195.0,83.17557186313407,1.9903408928596942,LC4+,460.11084491386475,0.09321483194808056,LC4+,690.1662673707971,-0.17121420294989775,False
90.0,300.0,2.0,680.0,205.0,83.5271867087967,1.9836252094807327,LC4+,453.17292866007693,0.1099515619506437,LC4+,679.7593929901153,-0.1585257873614735,False
90.0,300.0,2.0,690.0,215.0,83.87609558794173,1.9751473338146002,LC4+,446.1140152794713,0.12751445319397114,LC4+,669.1710229192068,-0.14521104409946772,False
90.0,300.0,2.0,700.0,225.0,84.22167080914907,1.9649072658612965,LC4+,438.9471671946128,0.14592378671620088,LC4+,658.4207507919193,-0.1312545977446432,False
90.0,300.0,2.0,710.0,235.0,84.56328468099862,1.9529050056208217,LC4+,431.68367843827076,0.16520504509166245,LC4+,647.5255176574062,-0.11663712949976035,False
90.0,300.0,2.0,720.0,245.0,84.90030951207027,1.939140553093176,LC4+,424.333178002712,0.18538927916870374,LC4+,636.4997670040682,-0.10133509915904804,False
90.0,300.0,2.0,730.0,255.0,85.23211761094393,1.923613908278359,LC4+,416.90372400270104,0.2065135690578317,LC4+,625.3555860040516,-0.08532039562481164,False
90.0,300.0,2.0,740.0,265.0,85.5580812861995,1.9063250711763713,LC4+,409.40188845190954,0.22862159210358635,LC4+,614.1028326778644,-0.06855990631775832,False
90.0,300.0,2.0,750.0,275.0,85.8775728464169,1.887274041787212,LC4+,401.8328325593183,0.25176431402167077,LC4+,602.7492488389773,-0.05101499321352432,False
90.0,300.0,2.0,760.0,285.0,86.189964600176,1.8664608201108819,LC4+,394.20037252118,0.27600082359885225,LC4+,591.30055878177,-0.032640860041691866,False
90.0,300.0,2.0,770.0,295.0,86.49462885605674,1.8438854061473808,LC4+,386.5070358214612,0.30139933657598483,LC4+,579.760553732192,-0.013385791224038268,False
90.0,300.0,2.0,780.0,305.0,86.790937922639,1.8195477998967085,LC4+,378.75410806456813,0.3280384008778885,LC4+,568.1311620968522,0.006809761831878314,True
90.0,300.0,2.0,790.0,315.0,87.07826410850271,1.793448001358865,LC4+,370.94167035258516,0.35600834363497524,LC4+,556.4125055288778,0.028014277745799676,True
90.0,300.0,2.0,800.0,325.0,87.35597972222774,1.7655860105338506,LC4+,363.0686271884464,0.38541301101988057,LC4+,544.6029407826697,0.0503064841661649,True
90.0,300.0,2.0,810.0,335.0,87.62345707239402,1.735961827421665,LC4+,355.1327248387159,0.4163718655565698,LC4+,532.6990872580741,0.07377694777780985,True
90.0,300.0,2.0,820.0,345.0,87.88006846758145,1.7045754520223086,LC4+,347.1305600266093,0.44902252328761394,LC4+,520.695840039914,0.09852999777404281,True
90.0,300.0,2.0,830.0,355.0,88.12518621636991,1.671426884335781,LC4+,339.0575787485332,0.48352383644270924,LC4+,508.58636812279985,0.12468606288300821,True
90.0,300.0,2.0,840.0,365.0,88.35818262733935,1.6365161243620818,LC4+,330.90806491621424,0.5200596580423609,LC4+,496.3620973743215,0.15238452538135228,True
90.0,300.0,2.0,850.0,375.0,88.57843000906962,1.5998431721012123,LC4+,322.6751184214279,0.5588434660247334,LC4+,484.0126776321419,0.18178722672782954,True
90.0,300.0,2.0,860.0,385.0,88.78530067014066,1.5614080275531712,LC4+,314.3506221010959,0.6001240800415342,LC4+,471.52593315164387,0.21308280156892967,True
90.0,300.0,2.0,870.0,395.0,88.97816691913235,1.521210690717959,LC4+,305.9251969465741,0.6441927798704417,LC4+,458.88779541986116,0.24649207433517906,True
90.0,300.0,2.0,880.0,405.0,89.15640106462463,1.4792511615955761,LC4+,297.3881447518018,0.6913922389872014,LC4+,446.08221712770273,0.2822748319425834,True
90.0,300.0,2.0,890.0,415.0,89.31937541519737,1.435529440186022,LC4+,288.7273772305729,0.7421278329221703,LC4+,433.0910658458594,0.3207383968608104,True
90.0,300.0,2.0,900.0,425.0,89.46646227943049,1.3900455264892968,LC4+,279.9293304543941,0.7968820887168464,LC4+,419.8939956815911,0.36224858150568107,True
90.0,300.0,2.0,910.0,435.0,89.59703396590388,1.3427994205054004,LC4+,270.9788632722837,0.856233338371406,LC4+,406.46829490842555,0.40724382975274276,True
90.0,300.0,2.0,920.0,445.0,89.71046278319744,1.2937911222343328,LC4+,261.8591381792581,0.9208800712376388,LC4+,392.78870726888715,0.45625367892369706,True
90.0,300.0,2.0,930.0,455.0,89.80612103989111,1.2430206316760946,LC4+,252.5514829152745,0.9916731202435485,LC4+,378.8272243729118,0.5099231607412984,True
90.0,300.0,2.0,940.0,465.0,89.88338104456476,1.1904879488306848,LC4+,243.03523092801993,1.0696587818947707,LC4+,364.5528463920299,0.5690454913768175,True
90.0,300.0,2.0,950.0,475.0,89.94161510579829,1.1361930736981045,LC4+,233.28753877182996,1.1561374544397158,LC4+,349.9313081577449,0.6346065260961136,True
90.0,300.0,2.0,960.0,485.0,89.98019553217163,1.0801360062783525,LC4+,223.2831786353045,1.2527447122273636,LC4+,334.9247679529567,0.707846223186285,True
90.0,300.0,2.0,970.0,495.0,89.99849463226467,1.0223167465714296,LC4+,212.99430466755237,1.36156549249097,LC4+,319.49145700132857,0.7903452110070706,True
90.0,300.0,2.0,973.780356685791,498.78035668579105,90.0,1.0,LC4+,209.02438987570713,1.4064177405282732,LC4+,313.5365848135608,0.8243485057417783,True
90.0,350.0,1.25,250.0,-225.0,74.0,1.0,LC4+,292.37427177639455,0.7203976155080098,LC4+,438.56140766459185,0.3042643287880471,True
90.0,350.0,1.25,260.0,-215.0,74.0,1.0,LC4+,297.07034420784856,0.6932016601699915,LC4+,445.6055163117729,0.28364658663649456,True
90.0,350.0,1.25,270.0,-205.0,74.0,1.0,LC4+,301.7683884424068,0.6668412572843054,LC4+,452.6525826636101,0.26366229180466916,True
90.0,350.0,1.25,280.0,-195.0,74.0,1.0,LC4+,306.46831379907775,0.641278975188833,LC4+,459.70247069861665,0.24428306667728616,True
90.0,350.0,1.25,290.0,-185.0,74.0,1.0,LC4+,311.1700350402296,0.6164795557354026,LC4+,466.7550525603445,0.22548218141901932,True
90.0,350.0,1.25,300.0,-175.0,74.0,1.0,LC4+,315.87347197159596,0.5924097609729977,LC4+,473.81020795739386,0.20723443774228612,True
90.0,350.0,1.25,310.0,-165.0,74.0,1.0,LC4+,320.5785490768347,0.5690382324347081,LC4+,480.867823615252,0.18951606223015638,True
90.0,350.0,1.25,320.0,-155.0,74.0,1.0,LC4+,325.28519518322923,0.5463353618558207,LC4+,487.92779277484374,0.17230460832542027,True
90.0,350.0,1.25,330.0,-145.0,74.0,1.0,LC4+,329.99334315549385,0.52427317227119,LC4+,494.9900147332408,0.15557886618836392,True
90.0,350.0,1.25,340.0,-135.0,74.0,1.0,LC4+,334.7029296149834,0.5028252085472111,LC4+,502.0543944224753,0.13931877970709672,True
90.0,350.0,1.25,350.0,-125.0,74.0,1.0,LC4+,339.41389468189226,0.4819664364990861,LC4+,509.12084202283864,0.1235053700165365,True
90.0,350.0,1.25,360.0,-115.0,74.01220425673583,1.0157742818531628,LC4+,348.82628683485524,0.44197848322748445,LC4+,523.2394302522829,0.09318978450115445,True
90.0,350.0,1.25,370.0,-105.0,74.04828965759219,1.031034559578258,LC4+,357.2678708869664,0.40790717830638856,LC4+,535.9018063304499,0.067359716356864,True
90.0,350.0,1.25,380.0,-95.0,74.10746514854235,1.0457808331752856,LC4+,364.7062982543041,0.3791919755914548,LC4+,547.0594473814562,0.045590205484840496,True
90.0,350.0,1.25,390.0,-85.0,74.18893967555958,1.0600131026442456,LC4+,371.1262843720661,0.35533380733477293,LC4+,556.6894265580993,0.02750289966267716,True
90.0,350.0,1.25,400.0,-75.0,74.29192218461719,1.0737313679851384,LC4+,376.5286950319289,0.33588756085999383,LC4+,564.7930425478934,0.012760350976695145,True
90.0,350.0,1.25,410.0,-65.0,74.41562162168844,1.0869356291979635,LC4+,380.92913958488094,0.32045555913140755,LC4+,571.3937093773214,0.0010610733242746306,True
90.0,350.0,1.25,420.0,-55.0,74.5592469327466,1.099625886282721,LC4+,384.3561987661392,0.3086818987562352,LC4+,576.5342981492087,-0.007864750048288016,False
90.0,350.0,1.25,430.0,-45.0,74.72200706376499,1.111802139239411,LC4+,386.84942024439897,0.30024752184511705,LC4+,580.2741303665987,-0.014259002656850095,False
90.0,350.0,1.25,440.0,-35.0,74.90311096071684,1.1234643880680335,LC4+,388.45720880355793,0.29486591727627354,LC4+,582.685813205337,-0.018338893728259253,False
90.0,350.0,1.25,450.0,-25.0,75.10176756957547,1.1346126327685884,LC4+,389.2347231084228,0.2922793629074234,LC4+,583.8520846626341,-0.020299807046989526,False
90.0,350.0,1.25,460.0,-15.0,75.31718583631415,1.1452468733410759,LC4+,389.2418704840434,0.2922556336873323,LC4+,583.8628057260652,-0.02031779659489208,False
90.0,350.0,1.25,470.0,-5.0,75.54857470690615,1.1553671097854958,LC4+,388.5414681400515,0.2945851118745746,LC4+,582.8122022100773,-0.018551777346247134,False
90.0,350.0,1.25,480.0,5.0,75.79514312732475,1.1649733421018482,LC4+,387.19761640375856,0.2990782450362144,LC4+,580.7964246056379,-0.015145452404619508,False
90.0,350.0,1.25,490.0,15.0,76.05610004354325,1.1740655702901333,LC4+,385.2743087152718,0.30556330547264876,LC4+,577.9114630729078,-0.010229011623121398,False
90.0,350.0,1.25,500.0,25.0,76.33065440153491,1.1826437943503505,LC4+,382.83428558776967,0.3138844114438146,LC4+,574.2514283816546,-0.003920631748360659,False
90.0,350.0,1.25,510.0,35.0,76.61801514727303,1.1907080142825004,LC4+,379.9381259967373,0.32389977626072586,LC4+,569.9071889951058,0.0036721961844075057,True
90.0,350.0,1.25,520.0,45.0,76.91739122673086,1.1982582300865827,LC4+,376.6435597664129,0.3354801561241374,LC4+,564.9653396496193,0.012451490129896214,True
90.0,350.0,1.25,530.0,55.0,77.22799158588171,1.2052944417625975,LC4+,373.00497814330475,0.34850747167978136,LC4+,559.5074672149573,0.022327732009058687,True
90.0,350.0,1.25,540.0,65.0,77.54902517069885,1.2118166493105447,LC4+,369.0731163488615,0.3628735817337232,LC4+,553.6096745232923,0.03321893804067555,True
90.0,350.0,1.25,550.0,75.0,77.87970092715557,1.2178248527304245,LC4+,364.89488086277163,0.37847919052930323,LC4+,547.3423212941574,0.04504983032837839,True
90.0,350.0,1.25,560.0,85.0,78.21922780122512,1.2233190520222368,LC4+,360.51329488471924,0.39523287250985706,LC4+,540.7699423270789,0.05775109751575647,True
90.0,350.0,1.25,570.0,95.0,78.56681473888082,1.2282992471859815,LC4+,355.9675372960921,0.4130502006468275,LC4+,533.9513059441382,0.07125873395624294,True
90.0,350.0,1.25,580.0,105.0,78.92167068609592,1.2327654382216586,LC4+,351.29305302535533,0.4318529662574764,LC4+,526.939579538033,0.0855134482429114,True
90.0,350.0,1.25,590.0,115.0,79.28300458884372,1.2367176251292682,LC4+,346.521715643127,0.4515684798179449,LC4+,519.7825734646906,0.10046013314229851,True
90.0,350.0,1.25,600.0,125.0,79.6500253930975,1.2401558079088104,LC4+,341.68202600368016,0.47212894363539726,LC4+,512.5230390055203,0.11604739000589404,True
90.0,350.0,1.25,610.0,135.0,80.02194204483051,1.243079986560285,LC4+,336.7993336214421,0.4934708884114516,LC4+,505.19900043216313,0.13222710161875462,True
90.0,350.0,1.25,620.0,145.0,80.39796349001608,1.245490161083692,LC4+,331.8960701066661,0.5155346667357159,LC4+,497.8441051599991,0.14895404820785885,True
90.0,350.0,1.25,630.0,155.0,80.77729867462745,1.2473863314790317,LC4+,326.9919863199701,0.5382639974173602,LC4+,490.48797947995513,0.1661855619916901,True
90.0,350.0,1.25,640.0,165.0,81.15915654463791,1.2487684977463036,LC4+,322.10438691659954,0.5616055553140871,LC4+,483.15658037489936,0.18388121622221032,True
90.0,350.0,1.25,650.0,175.0,81.54274604602077,1.2496366598855082,LC4+,317.24835764086816,0.5855086019685769,LC4+,475.87253646130233,0.20200254516371885,True
90.0,350.0,1.25,660.0,185.0,81.92727612474926,1.249990817896645,LC4+,312.4369821192608,0.6099246529272873,LC4+,468.65547317889116,0.22051279188125705,True
90.0,350.0,1.25,670.0,195.0,82.3119557267967,1.2498309717797145,LC4+,307.6815460171873,0.6348071781071396,LC4+,461.5223190257809,0.23937668108321275,True
90.0,350.0,1.25,680.0,205.0,82.69599379813636,1.2491571215347164,LC4+,302.99172730370964,0.6601113320028311,LC4+,454.48759095556443,0.25856021458663947,True
90.0,350.0,1.25,690.0,215.0,83.0785992847415,1.247969267161651,LC4+,298.37577204593975,0.6857937109000762,LC4+,447.56365806890955,0.27803048725625423,True
90.0,350.0,1.25,700.0,225.0,83.45898113258544,1.2462674086605177,LC4+,293.8406556639015,0.7118121345854111,LC4+,440.76098349585226,0.2977555215147185,True
90.0,350.0,1.25,710.0,235.0,83.83634828764141,1.244051546031317,LC4+,289.39222994815896,0.7381254503277652,LC4+,434.08834492223855,0.31770411873755,True
90.0,350.0,1.25,720.0,245.0,84.20990969588274,1.241321679274049,LC4+,285.0353564035086,0.7646933571564751,LC4+,427.5530346052629,0.33784572603512775,True
90.0,350.0,1.25,730.0,255.0,84.57887430328269,1.2380778083887132,LC4+,280.7740266558831,0.7914762486790747,LC4+,421.16103998382465,0.3581503170900342,True
90.0,350.0,1.25,740.0,265.0,84.94245105581453,1.23431993337531,LC4+,276.6114707658417,0.8184350728744783,LC4+,414.91720614876266,0.3785882858637526,True
90.0,350.0,1.25,750.0,275.0,85.29984889945156,1.2300480542338392,LC4+,272.55025434686536,0.8455312074662353,LC4+,408.8253815202979,0.3991303521148932,True
90.0,350.0,1.25,760.0,285.0,85.65027678016705,1.225262170964301,LC4+,268.5923654032828,0.8727263496293411,LC4+,402.88854810492427,0.4197474777839405,True
90.0,350.0,1.25,770.0,295.0,85.99294364393428,1.2199622835666952,LC4+,264.7392917915336,0.8999824189152945,LC4+,397.1089376873004,0.440410793399004,True
90.0,350.0,1.25,780.0,305.0,86.32705843672653,1.2141483920410219,LC4+,260.9920901779653,0.927261472395636,LC4+,391.48813526694795,0.461091533744604,True
90.0,350.0,1.25,790.0,315.0,86.65183010451709,1.207820496387281,LC4+,257.35144732289723,0.9545256311260961,LC4+,386.02717098434596,0.48176098211282525,True
90.0,350.0,1.25,800.0,325.0,86.96646759327922,1.2009785966054727,LC4+,253.81773446922458,0.9817370171231625,LC4+,380.72660170383693,0.5023904225241203,True
90.0,350.0,1.25,810.0,335.0,87.27017984898622,1.1936226926955968,LC4+,250.39105555809732,1.0088577001237602,LC4+,375.58658333714607,0.5229510993648647,True
90.0,350.0,1.25,820.0,345.0,87.56217581761136,1.1857527846576534,LC4+,247.07128993696043,1.0358496534677868,LC4+,370.60693490544065,0.5434141839411188,True
90.0,350.0,1.25,830.0,355.0,87.84166444512793,1.1773688724916425,LC4+,243.8581301684397,1.0626747185035978,LC4+,365.78719525265967,0.5637507474937804,True
90.0,350.0,1.25,840.0,365.0,88.10785467750921,1.168470956197564,LC4+,240.75111549363115,1.0892945769686637,LC4+,361.12667324044673,0.5839317402598749,True
90.0,350.0,1.25,850.0,375.0,88.35995546072846,1.159059035775418,LC4+,237.74966145120692,1.115670730842366,LC4+,356.62449217681046,0.6039279761985858,True
90.0,350.0,1.25,860.0,385.0,88.59717574075898,1.1491331112252046,LC4+,234.8530861050095,1.141764489205368,LC4+,352.27962915751425,0.6237101230291193,True
90.0,350.0,1.25,870.0,395.0,88.81872446357406,1.1386931825469233,LC4+,232.06063328778345,1.1675369616707836,LC4+,348.09094993167514,0.6432486972507465,True
90.0,350.0,1.25,880.0,405.0,89.02381057514697,1.127739249740575,LC4+,229.3714932275685,1.1929490579762407,LC4+,344.0572398413529,0.6625140638335443,True
90.0,350.0,1.25,890.0,415.0,89.21164302145097,1.1162713128061588,LC4+,226.7848208860766,1.217961493342968,LC4+,340.177231329115,0.6814764402812159,True
90.0,350.0,1.25,900.0,425.0,89.38143074845937,1.104289371743675,LC4+,224.29975230504118,1.2425347992178546,LC4+,336.4496284575618,0.7001059047748344,True
90.0,350.0,1.25,910.0,435.0,89.53238270214543,1.091793426553124,LC4+,221.91541922697638,1.2666293390164505,LC4+,332.8731288404646,0.7183724081078988,True
90.0,350.0,1.25,920.0,445.0,89.66370782848244,1.0787834772345053,LC4+,219.6309622308888,1.2902053284783102,LC4+,329.44644334633324,0.7362457891180825,True
90.0,350.0,1.25,930.0,455.0,89.77461507344367,1.0652595237878193,LC4+,217.44554260114325,1.313222860229628,LC4+,326.1683139017148,0.7536957933086117,True
90.0,350.0,1.25,940.0,465.0,89.86431338300243,1.0512215662130655,LC4+,215.35835312881292,1.335641932120177,LC4+,323.03752969321937,0.7706920943310025,True
90.0,350.0,1.25,950.0,475.0,89.93201170313196,1.0366696045102444,LC4+,213.36862802941215,1.3574224788597467,LC4+,320.05294204411837,0.7872043179692172,True
90.0,350.0,1.25,960.0,485.0,89.97691897980557,1.0216036386793554,LC4+,211.4756521489296,1.378524406420874,LC4+,317.2134782233945,0.8032020682209935,True
90.0,350.0,1.25,970.0,495.0,89.99824415899654,1.0060236687203992,LC4+,209.67876962171866,1.3989076285952171,LC4+,314.51815443257794,0.8186549550118813,True
90.0,350.0,1.25,973.780356685791,498.78035668579105,90.0,1.0,LC4+,209.02438987570713,1.4064177405282732,LC4+,313.5365848135608,0.8243485057417783,True
90.0,350.0,1.5,250.0,-225.0,74.0,1.0,LC4+,292.37427177639455,0.7203976155080098,LC4+,438.56140766459185,0.3042643287880471,True
90.0,350.0,1.5,260.0,-215.0,74.0,1.0,LC4+,297.07034420784856,0.6932016601699915,LC4+,445.6055163117729,0.28364658663649456,True
90.0,350.0,1.5,270.0,-205.0,74.0,1.0,LC4+,301.7683884424068,0.6668412572843054,LC4+,452.6525826636101,0.26366229180466916,True
90.0,350.0,1.5,280.0,-195.0,74.0,1.0,LC4+,306.46831379907775,0.641278975188833,LC4+,459.70247069861665,0.24428306667728616,True
90.0,350.0,1.5,290.0,-185.0,74.0,1.0,LC4+,311.1700350402296,0.6164795557354026,LC4+,466.7550525603445,0.22548218141901932,True
90.0,350.0,1.5,300.0,-175.0,74.0,1.0,LC4+,315.87347197159596,0.5924097609729977,LC4+,473.81020795739386,0.20723443774228612,True
90.0,350.0,1.5,310.0,-165.0,74.0,1.0,LC4+,320.5785490768347,0.5690382324347081,LC4+,480.867823615252,0.18951606223015638,True
90.0,350.0,1.5,320.0,-155.0,74.0,1.0,LC4+,325.28519518322923,0.5463353618558207,LC4+,487.92779277484374,0.17230460832542027,True
90.0,350.0,1.5,330.0,-145.0,74.0,1.0,LC4+,329.99334315549385,0.52427317227119,LC4+,494.9900147332408,0.15557886618836392,True
90.0,350.0,1.5,340.0,-135.0,74.0,1.0,LC4+,334.7029296149834,0.5028252085472111,LC4+,502.0543944224753,0.13931877970709672,True
90.0,350.0,1.5,350.0,-125.0,74.0,1.0,LC4+,339.41389468189226,0.4819664364990861,LC4+,509.12084202283864,0.1235053700165365,True
90.0,350.0,1.5,360.0,-115.0,74.01220425673583,1.0315485637063255,LC4+,353.9854854479158,0.42096221646921084,LC4+,530.9782281718736,0.07725697524239727,True
90.0,350.0,1.5,370.0,-105.0,74.04828965759219,1.0620691191565157,LC4+,367.530340429502,0.368594493211597,LC4+,551.295510644253,0.03755606377340426,True
90.0,350.0,1.5,380.0,-95.0,74.10746514854235,1.0915616663505712,LC4+,379.9702887199249,0.32378771428299746,LC4+,569.9554330798873,0.0035872399865801707,True
90.0,350.0,1.5,390.0,-85.0,74.18893967555958,1.1200262052884913,LC4+,391.2483725520469,0.28562835090920946,LC4+,586.8725588280704,-0.025342058687783053,False
90.0,350.0,1.5,400.0,-75.0,74.29192218461719,1.1474627359702767,LC4+,401.3286256413186,0.25333696094120306,LC4+,601.9929384619777,-0.04982274134079745,False
90.0,350.0,1.5,410.0,-65.0,74.41562162168844,1.1738712583959268,LC4+,410.19512039911706,0.22624569378247217,LC4+,615.2926805986757,-0.07036111750354679,False
90.0,350.0,1.5,420.0,-55.0,74.5592469327466,1.199251772565442,LC4+,417.8504166652425,0.20378006085123612,LC4+,626.7756249978637,-0.0873927172870681,False
90.0,350.0,1.5,430.0,-45.0,74.72200706376499,1.223604278478822,LC4+,424.3135643959725,0.18544407298418752,LC4+,636.4703465939591,-0.10129355898349246,False
90.0,350.0,1.5,440.0,-35.0,74.90311096071684,1.246928776136067,LC4+,429.617817009876,0.17080805330854587,LC4+,644.4267255148142,-0.11238938834660295,False
90.0,350.0,1.5,450.0,-25.0,75.10176756957547,1.269225265537177,LC4+,433.80820336376485,0.1594985896986718,LC4+,650.7123050456472,-0.12096329581492327,False
90.0,350.0,1.5,460.0,-15.0,75.31718583631415,1.2904937466821518,LC4+,436.93908808893224,0.1511902086856145,LC4+,655.4086321333984,-0.12726202867041558,False
90.0,350.0,1.5,470.0,-5.0,75.54857470690615,1.3107342195709917,LC4+,439.0718260106191,0.1455984424467145,LC4+,658.6077390159287,-0.13150124707817024,False
90.0,350.0,1.5,480.0,5.0,75.79514312732475,1.3299466842036967,LC4+,440.27259006105294,0.14247402939676213,LC4+,660.4088850915796,-0.1338699207224019,False
90.0,350.0,1.5,490.0,15.0,76.05610004354325,1.3481311405802665,LC4+,440.6104262928908,0.1415980421344738,LC4+,660.9156394393361,-0.1345340223977216,False
90.0,350.0,1.5,500.0,25.0,76.33065440153491,1.365287588700701,LC4+,440.1555663149138,0.14277777789165458,LC4+,660.2333494723707,-0.13363964353343083,False
90.0,350.0,1.5,510.0,35.0,76.61801514727303,1.3814160285650008,LC4+,438.97800790975606,0.14584327901776217,LC4+,658.4670118646341,-0.13131563207666008,False
90.0,350.0,1.5,520.0,45.0,76.91739122673086,1.3965164601731654,LC4+,437.1463592614378,0.15064437651916496,LC4+,655.7195388921566,-0.12767583383835324,False
90.0,350.0,1.5,530.0,55.0,77.22799158588171,1.410588883525195,LC4+,434.7269310905228,0.1570481698435673,LC4+,652.0903966357843,-0.12282100311395572,False
90.0,350.0,1.5,540.0,65.0,77.54902517069885,1.4236332986210896,LC4+,431.78305367834037,0.16493687215134,LC4+,647.6745805175107,-0.11684043622191331,False
90.0,350.0,1.5,550.0,75.0,77.87970092715557,1.435649705460849,LC4+,428.37459166715075,0.17420596315580172,LC4+,642.5618875007262,-0.10981337186863027,False
90.0,350.0,1.5,560.0,85.0,78.21922780122512,1.4466381040444736,LC4+,424.55762798127006,0.18476260193867144,LC4+,636.836441971905,-0.1018101944215769,False
90.0,350.0,1.5,570.0,95.0,78.56681473888082,1.456598494371963,LC4+,420.38428856772117,0.19652426048974458,LC4+,630.5764328515819,-0.09289346984740388,False
90.0,350.0,1.5,580.0,105.0,78.92167068609592,1.4655308764433173,LC4+,415.9026813144695,0.20941754549467562,LC4+,623.8540219717042,-0.08311883893577932,False
90.0,350.0,1.5,590.0,115.0,79.28300458884372,1.4734352502585364,LC4+,411.15692497601003,0.22337718142373197,LC4+,616.7353874640154,-0.0725357882380725,False
90.0,350.0,1.5,600.0,125.0,79.6500253930975,1.4803116158176208,LC4+,406.18724683072736,0.23834513250884504,LC4+,609.2808702460911,-0.06118831571231376,False
90.0,350.0,1.5,610.0,135.0,80.02194204483051,1.48615997312057,LC4+,401.03013082175517,0.2542698449348364,LC4+,601.5451962326329,-0.049115505231641765,False
90.0,350.0,1.5,620.0,145.0,80.39796349001608,1.490980322167384,LC4+,395.71850089016266,0.27110559366951326,LC4+,593.577751335244,-0.0363520217641331,False
90.0,350.0,1.5,630.0,155.0,80.77729867462745,1.4947726629580633,LC4+,390.28192696456534,0.2888119209416238,LC4+,585.422890446848,-0.022928537072751665,False
90.0,350.0,1.5,640.0,165.0,81.15915654463791,1.4975369954926072,LC4+,384.74684354915524,0.307353155545087,LC4+,577.1202653237328,-0.008872094139443676,False
90.0,350.0,1.5,650.0,175.0,81.54274604602077,1.4992733197710162,LC4+,379.13677301834366,0.3266980039830205,LC4+,568.7051595275155,0.005793582873807379,True
90.0,350.0,1.5,660.0,185.0,81.92727612474926,1.4999816357932902,LC4+,373.4725475752882,0.34681920603173744,LC4+,560.2088213629324,0.021047827501860406,True
90.0,350.0,1.5,670.0,195.0,82.3119557267967,1.4996619435594292,LC4+,367.7725253773584,0.3676932486565967,LC4+,551.6587880660378,0.036872814090885386,True
90.0,350.0,1.5,680.0,205.0,82.69599379813636,1.498314243069433,LC4+,362.0527975991975,0.3893001333933481,LC4+,543.0791963987962,0.05325338144598457,True
90.0,350.0,1.5,690.0,215.0,83.0785992847415,1.4959385343233018,LC4+,356.3273842244726,0.41162319335841246,LC4+,534.4910763367088,0.07017689410339556,True
90.0,350.0,1.5,700.0,225.0,83.45898113258544,1.4925348173210355,LC4+,350.6084171637356,0.43464895700178485,LC4+,525.9126257456035,0.0876331390391265,True
90.0,350.0,1.5,710.0,235.0,83.83634828764141,1.4881030920626341,LC4+,344.9063099203593,0.4583670565961677,LC4+,517.359464880539,0.10561425629291965,True
90.0,350.0,1.5,720.0,245.0,84.20990969588274,1.4826433585480978,LC4+,339.22991349944937,0.4827701802919466,LC4+,508.8448702491741,0.12411470262026958,True
90.0,350.0,1.5,730.0,255.0,84.57887430328269,1.4761556167774266,LC4+,333.5866586031232,0.5078540673847278,LC4+,500.3799879046847,0.14313124790465825,True
90.0,350.0,1.5,740.0,265.0,84.94245105581453,1.46863986675062,LC4+,327.98268440319805,0.5336175472655391,LC4+,491.97402660479725,0.16266300468639905,True
90.0,350.0,1.5,750.0,275.0,85.29984889945156,1.4600961084676785,LC4+,322.42295434942946,0.5600626233790666,LC4+,483.6344315241442,0.18271149181289092,True
90.0,350.0,1.5,760.0,285.0,85.65027678016705,1.450524341928602,LC4+,316.9113595748889,0.5871946044305072,LC4+,475.3670393623334,0.20328073390888002,True
90.0,350.0,1.5,770.0,295.0,85.99294364393428,1.4399245671333905,LC4+,311.4508105138234,0.6150222860880141,LC4+,467.1762157707352,0.22437739912835508,True
90.0,350.0,1.5,780.0,305.0,86.32705843672653,1.4282967840820437,LC4+,306.04331736266636,0.6435581875618501,LC4+,459.0649760439996,0.24601097850944753,True
90.0,350.0,1.5,790.0,315.0,86.65183010451709,1.4156409927745621,LC4+,300.6900600007314,0.6728188487467011,LC4+,451.0350900010972,0.26819401124335696,True
90.0,350.0,1.5,800.0,325.0,86.96646759327922,1.4019571932109454,LC4+,295.39144795051476,0.7028251951433093,LC4+,443.08717192577217,0.2909423613279958,True
90.0,350.0,1.5,810.0,335.0,87.27017984898622,1.3872453853911937,LC4+,290.1471709037417,0.7336029795957364,LC4+,435.22075635561265,0.31427555245693983,True
90.0,350.0,1.5,820.0,345.0,87.56217581761136,1.3715055693153069,LC4+,284.9562402722287,0.765183312074396,LC4+,427.434360408343,0.3382171696574612,True
90.0,350.0,1.5,830.0,355.0,87.84166444512793,1.354737744983285,LC4+,279.81702214496994,0.7976032914087747,LC4+,419.72553321745505,0.3627953382184479,True
90.0,350.0,1.5,840.0,365.0,88.10785467750921,1.3369419123951278,LC4+,274.72726194629377,0.8309067561643413,LC4+,412.0908929194407,0.38804329294367546,True
90.0,350.0,1.5,850.0,375.0,88.35995546072846,1.318118071550836,LC4+,269.68410099526193,0.8651451759436022,LC4+,404.5261514928929,0.41400005386314187,True
90.0,350.0,1.5,860.0,385.0,88.59717574075898,1.2982662224504091,LC4+,264.6840850637538,0.9003787095051206,LC4+,397.0261275956308,0.4407112284120991,True
90.0,350.0,1.5,870.0,395.0,88.81872446357406,1.2773863650938468,LC4+,259.7231649192022,0.9366774625454735,LC4+,389.58474737880323,0.4682299649781456,True
90.0,350.0,1.5,880.0,405.0,89.02381057514697,1.2554784994811499,LC4+,254.79668871636912,0.9741229861896763,LC4+,382.19503307455375,0.4966180889337237,True
90.0,350.0,1.5,890.0,415.0,89.21164302145097,1.2325426256123175,LC4+,249.89938596885682,1.0128100677393634,LC4+,374.84907895328524,0.5259474602344809,True
90.0,350.0,1.5,900.0,425.0,89.38143074845937,1.2085787434873503,LC4+,245.0253426824481,1.0528488787867385,LC4+,367.53801402367225,0.5563016019430274,True
90.0,350.0,1.5,910.0,435.0,89.53238270214543,1.1835868531062481,LC4+,240.16796706532077,1.0943675634444383,LC4+,360.25195059798114,0.5877776624124835,True
90.0,350.0,1.5,920.0,445.0,89.66370782848244,1.1575669544690108,LC4+,235.31994504019377,1.1375153725880955,LC4+,352.9799175602907,0.6204887914120485,True
90.0,350.0,1.5,930.0,455.0,89.77461507344367,1.1305190475756386,LC4+,230.4731845649793,1.1824664806425011,LC4+,345.709776847469,0.6545670337011404,True
90.0,350.0,1.5,940.0,465.0,89.86431338300243,1.102443132426131,LC4+,225.6187475147194,1.229424662359604,LC4+,338.42812127207907,0.6901668745787852,True
90.0,350.0,1.5,950.0,475.0,89.93201170313196,1.0733392090204885,LC4+,220.7467675801198,1.2786290622236933,LC4+,331.1201513701797,0.727469613773297,True
90.0,350.0,1.5,960.0,485.0,89.97691897980557,1.043207277358711,LC4+,215.8463522867029,1.3303613643277075,LC4+,323.76952843005427,0.7666888010542732,True
90.0,350.0,1.5,970.0,495.0,89.99824415899654,1.0120473374407983,LC4+,210.90546682126822,1.3849547741987513,LC4+,316.3582002319024,0.808077045515819,True
90.0,350.0,1.5,973.780356685791,498.78035668579105,90.0,1.0,LC4+,209.02438987570713,1.4064177405282732,LC4+,313.5365848135608,0.8243485057417783,True
90.0,350.0,2.0,250.0,-225.0,74.0,1.0,LC4+,292.37427177639455,0.7203976155080098,LC4+,438.56140766459185,0.3042643287880471,True
90.0,350.0,2.0,260.0,-215.0,74.0,1.0,LC4+,297.07034420784856,0.6932016601699915,LC4+,445.6055163117729,0.28364658663649456,True
90.0,350.0,2.0,270.0,-205.0,74.0,1.0,LC4+,301.7683884424068,0.6668412572843054,LC4+,452.6525826636101,0.26366229180466916,True
90.0,350.0,2.0,280.0,-195.0,74.0,1.0,LC4+,306.46831379907775,0.641278975188833,LC4+,459.70247069861665,0.24428306667728616,True
90.0,350.0,2.0,290.0,-185.0,74.0,1.0,LC4+,311.1700350402296,0.6164795557354026,LC4+,466.7550525603445,0.22548218141901932,True
90.0,350.0,2.0,300.0,-175.0,74.0,1.0,LC4+,315.87347197159596,0.5924097609729977,LC4+,473.81020795739386,0.20723443774228612,True
90.0,350.0,2.0,310.0,-165.0,74.0,1.0,LC4+,320.5785490768347,0.5690382324347081,LC4+,480.867823615252,0.18951606223015638,True
90.0,350.0,2.0,320.0,-155.0,74.0,1.0,LC4+,325.28519518322923,0.5463353618558207,LC4+,487.92779277484374,0.17230460832542027,True
90.0,350.0,2.0,330.0,-145.0,74.0,1.0,LC4+,329.99334315549385,0.52427317227119,LC4+,494.9900147332408,0.15557886618836392,True
90.0,350.0,2.0,340.0,-135.0,74.0,1.0,LC4+,334.7029296149834,0.5028252085472111,LC4+,502.0543944224753,0.13931877970709672,True
90.0,350.0,2.0,350.0,-125.0,74.0,1.0,LC4+,339.41389468189226,0.4819664364990861,LC4+,509.12084202283864,0.1235053700165365,True
90.0,350.0,2.0,360.0,-115.0,74.01220425673583,1.0630971274126508,LC4+,364.30799862338705,0.38069985259914496,LC4+,546.4619979350804,0.046733354124202986,True
90.0,350.0,2.0,370.0,-105.0,74.04828965759219,1.1241382383130316,LC4+,388.0695285625959,0.2961594842633095,LC4+,582.104292843894,-0.017358217364330075,False
90.0,350.0,2.0,380.0,-95.0,74.10746514854235,1.1831233327011421,LC4+,410.5261198540066,0.22525699504547836,LC4+,615.7891797810098,-0.07111066777201636,False
90.0,350.0,2.0,390.0,-85.0,74.18893967555958,1.2400524105769828,LC4+,431.5356972607363,0.16560461438740393,LC4+,647.3035458911045,-0.11633420884082835,False
90.0,350.0,2.0,400.0,-75.0,74.29192218461719,1.2949254719405532,LC4+,450.98740877704967,0.11533047311452393,LC4+,676.4811131655744,-0.15444793820873715,False
90.0,350.0,2.0,410.0,-65.0,74.41562162168844,1.3477425167918535,LC4+,468.8014243026188,0.07294895860919026,LC4+,703.2021364539283,-0.1865781254811707,False
90.0,350.0,2.0,420.0,-55.0,74.5592469327466,1.3985035451308838,LC4+,484.9277165332456,0.037267994487824696,LC4+,727.3915747998681,-0.21362850517291454,False
90.0,350.0,2.0,430.0,-45.0,74.72200706376499,1.447208556957644,LC4+,499.34399960506755,0.007321606743695641,LC4+,749.0159994076016,-0.2363313995263171,False
90.0,350.0,2.0,440.0,-35.0,74.90311096071684,1.493857552272134,LC4+,512.0530318957384,-0.0176798716770058,LC4+,768.0795478436077,-0.25528546931643126,False
90.0,350.0,2.0,450.0,-25.0,75.10176756957547,1.538450531074354,LC4+,523.0794965784863,-0.03838708400889013,LC4+,784.6192448677297,-0.2709839788642615,False
90.0,350.0,2.0,460.0,-15.0,75.31718583631415,1.5809874933643038,LC4+,532.4666619992515,-0.05533991910143843,LC4+,798.6999929988774,-0.283836227602416,False
90.0,350.0,2.0,470.0,-5.0,75.54857470690615,1.6214684391419834,LC4+,540.2729992870769,-0.06898919497413514,LC4+,810.4094989306158,-0.29418398876766805,False
90.0,350.0,2.0,480.0,5.0,75.79514312732475,1.6598933684073933,LC4+,546.5689022842923,-0.07971346723570161,LC4+,819.8533534264388,-0.30231425216543606,False
90.0,350.0,2.0,490.0,15.0,76.05610004354325,1.6962622811605328,LC4+,551.4336196702776,-0.08783218494954637,LC4+,827.1504295054162,-0.3084691978676479,False
90.0,350.0,2.0,500.0,25.0,76.33065440153491,1.7305751774014022,LC4+,554.9524747847418,-0.09361607911541148,LC4+,832.4287121771126,-0.3128540719072437,False
90.0,350.0,2.0,510.0,35.0,76.61801514727303,1.7628320571300016,LC4+,557.2144177149399,-0.09729543240691052,LC4+,835.8216265724096,-0.3156434557147152,False
90.0,350.0,2.0,520.0,45.0,76.91739122673086,1.7930329203463309,LC4+,558.30992819434,-0.09906671080204654,LC4+,837.4648922915098,-0.3169862936763028,False
90.0,350.0,2.0,530.0,55.0,77.22799158588171,1.82117776705039,LC4+,558.3292673639023,-0.09909791694269243,LC4+,837.4939010458534,-0.317009951611955,False
90.0,350.0,2.0,540.0,65.0,77.54902517069885,1.8472665972421791,LC4+,557.3610613957396,-0.09753293719444456,LC4+,836.0415920936093,-0.3158235123594728,False
90.0,350.0,2.0,550.0,75.0,77.87970092715557,1.871299410921698,LC4+,555.4911898546361,-0.09449508977518128,LC4+,833.236784781954,-0.3135204656744912,False
90.0,350.0,2.0,560.0,85.0,78.21922780122512,1.893276208088947,LC4+,552.80194571558,-0.09009003333212473,LC4+,829.20291857337,-0.31018091327498387,False
90.0,350.0,2.0,570.0,95.0,78.56681473888082,1.913196988743926,LC4+,549.3714313169504,-0.08440815935002122,LC4+,824.0571469754257,-0.30587338256886976,False
90.0,350.0,2.0,580.0,105.0,78.92167068609592,1.9310617528866345,LC4+,545.2731543813735,-0.07752656451486872,LC4+,817.9097315720604,-0.30065632193837644,False
90.0,350.0,2.0,590.0,115.0,79.28300458884372,1.946870500517073,LC4+,540.5757898373992,-0.06951067832449853,LC4+,810.8636847560989,-0.2945793346608525,False
90.0,350.0,2.0,600.0,125.0,79.6500253930975,1.9606232316352417,LC4+,535.3430759021583,-0.0604156051661896,LC4+,803.0146138532374,-0.2876841963619091,False
90.0,350.0,2.0,610.0,135.0,80.02194204483051,1.9723199462411398,LC4+,529.6338162428755,-0.050287227563773906,LC4+,794.4507243643133,-0.2800056914068637,False
90.0,350.0,2.0,620.0,145.0,80.39796349001608,1.9819606443347682,LC4+,523.5019636505607,-0.03916310744585061,LC4+,785.2529454758413,-0.2715722961683589,False
90.0,350.0,2.0,630.0,155.0,80.77729867462745,1.9895453259161267,LC4+,516.9967642660898,-0.027073214444502613,LC4+,775.4951463991348,-0.26240673116269786,False
90.0,350.0,2.0,640.0,165.0,81.15915654463791,1.9950739909852144,LC4+,510.16294481964525,-0.014040503906408763,LC4+,765.2444172294679,-0.2525263992504517,False
90.0,350.0,2.0,650.0,175.0,81.54274604602077,1.9985466395420324,LC4+,503.04092847116254,-8.136210961384727e-05,LC4+,754.561392706744,-0.24194372316328594,False
90.0,350.0,2.0,660.0,185.0,81.92727612474926,1.9999632715865805,LC4+,495.66706761612,0.014794068161815277,LC4+,743.50060142418,-0.2306663923279545,False
90.0,350.0,2.0,670.0,195.0,82.3119557267967,1.9993238871188583,LC4+,488.0738844295376,0.030581672256257075,LC4+,732.1108266443064,-0.21869752613574678,False
90.0,350.0,2.0,680.0,205.0,82.69599379813636,1.996628486138866,LC4+,480.29031196828834,0.04728325237010211,LC4+,720.4354679524324,-0.2060357583092134,False
90.0,350.0,2.0,690.0,215.0,83.0785992847415,1.9918770686466036,LC4+,472.3419303606756,0.0649065172255916,LC4+,708.5128955410132,-0.19267524472758302,False
90.0,350.0,2.0,700.0,225.0,83.45898113258544,1.985069634642071,LC4+,464.25119401467146,0.08346517248613461,LC4+,696.3767910220073,-0.17860559488128702,False
90.0,350.0,2.0,710.0,235.0,83.83634828764141,1.9762061841252683,LC4+,456.03764690804536,0.10297911457609121,LC4+,684.056470362068,-0.1638117249336989,False
90.0,350.0,2.0,720.0,245.0,84.20990969588274,1.9652867170961956,LC4+,447.7181239212863,0.12347473359919836,LC4+,671.5771858819296,-0.14827362807323885,False
90.0,350.0,2.0,730.0,255.0,84.57887430328269,1.9523112335548531,LC4+,439.30693687266904,0.14498533435585625,LC4+,658.9604053090036,-0.13196605533260475,False
90.0,350.0,2.0,740.0,265.0,84.94245105581453,1.93727973350124,LC4+,430.8160444458657,0.16755168820831745,LC4+,646.2240666687989,-0.11485809720986451,False
90.0,350.0,2.0,750.0,275.0,85.29984889945156,1.9201922169353571,LC4+,422.25520559262566,0.1912227329300793,LC4+,633.3828083889387,-0.09691265310005948,False
90.0,350.0,2.0,760.0,285.0,85.65027678016705,1.901048683857204,LC4+,413.6321162707832,0.21605644294485193,LC4+,620.4481744061748,-0.07808577155141772,False
90.0,350.0,2.0,770.0,295.0,85.99294364393428,1.879849134266781,LC4+,404.9525295620694,0.24212089882229582,LC4+,607.428794343104,-0.05832583946142689,False
90.0,350.0,2.0,780.0,305.0,86.32705843672653,1.8565935681640875,LC4+,396.2203593222112,0.2694955929585494,LC4+,594.3305389833167,-0.03757259221697773,False
90.0,350.0,2.0,790.0,315.0,86.65183010451709,1.8312819855491242,LC4+,387.4377675617048,0.29827301856907984,LC4+,581.1566513425574,-0.01575590905034685,False
90.0,350.0,2.0,800.0,325.0,86.96646759327922,1.8039143864218907,LC4+,378.60523575069533,0.3285606021867493,LC4+,567.907853626043,0.00720565202229384,True
90.0,350.0,2.0,810.0,335.0,87.27017984898622,1.7744907707823872,LC4+,369.7216201942493,0.3604830567812809,LC4+,554.5824302913738,0.03140663814299893,True
90.0,350.0,2.0,820.0,345.0,87.56217581761136,1.7430111386306135,LC4+,360.784191541505,0.3941852547664477,LC4+,541.1762873122575,0.05695687969040164,True
90.0,350.0,2.0,830.0,355.0,87.84166444512793,1.7094754899665698,LC4+,351.7886583782637,0.4298357494491625,LC4+,527.6829875673956,0.08398415995350672,True
90.0,350.0,2.0,840.0,365.0,88.10785467750921,1.6738838247902559,LC4+,342.72917471052864,0.46763111259739465,LC4+,514.0937620657929,0.11263750351982749,True
90.0,350.0,2.0,850.0,375.0,88.35995546072846,1.636236143101672,LC4+,333.59833097782905,0.5078013086145488,LC4+,500.3974964667437,0.1430912505334947,True
90.0,350.0,2.0,860.0,385.0,88.59717574075898,1.596532444900818,LC4+,324.38712804030564,0.5506163978784677,LC4+,486.5806920604584,0.17555013861694313,True
90.0,350.0,2.0,870.0,395.0,88.81872446357406,1.5547727301876937,LC4+,315.08493336201667,0.5963949612978745,LC4+,472.627400043025,0.21025568967844177,True
90.0,350.0,2.0,880.0,405.0,89.02381057514697,1.5109569989622995,LC4+,305.6794183637939,0.6455147771884719,LC4+,458.5191275456907,0.2474943042436133,True
90.0,350.0,2.0,890.0,415.0,89.21164302145097,1.4650852512246353,LC4+,296.15647564136026,0.6984264784712093,LC4+,444.23471346204053,0.2876076152227056,True
90.0,350.0,2.0,900.0,425.0,89.38143074845937,1.4171574869747006,LC4+,286.5001144384171,0.7556712009904603,LC4+,429.7501716576258,0.3310058674175518,True
90.0,350.0,2.0,910.0,435.0,89.53238270214543,1.3671737062124962,LC4+,276.69233243274635,0.8179036461816687,LC4+,415.03849864911945,0.37818540174408843,True
90.0,350.0,2.0,920.0,445.0,89.66370782848244,1.3151339089380216,LC4+,266.7129615443142,0.8859225929161556,LC4+,400.06944231647145,0.4297517868098619,True
90.0,350.0,2.0,930.0,455.0,89.77461507344367,1.261038095151277,LC4+,256.5394851269522,0.9607118169395381,LC4+,384.80922769042826,0.48645084067516997,True
90.0,350.0,2.0,940.0,465.0,89.86431338300243,1.2048862648522618,LC4+,246.1468235991328,1.0434957991542904,LC4+,369.2202353986993,0.5492108643025233,True
90.0,350.0,2.0,950.0,475.0,89.93201170313196,1.146678418040977,LC4+,235.50708538360274,1.1358168446639083,LC4+,353.2606280754041,0.6192011068890066,True
90.0,350.0,2.0,960.0,485.0,89.97691897980557,1.0864145547174222,LC4+,224.58928011429853,1.2396438500716154,LC4+,336.88392017144776,0.6979142243087662,True
90.0,350.0,2.0,970.0,495.0,89.99824415899654,1.0240946748815967,LC4+,213.35899173329688,1.3575289511527142,LC4+,320.03848759994526,0.7872850365266437,True
90.0,350.0,2.0,973.780356685791,498.78035668579105,90.0,1.0,LC4+,209.02438987570713,1.4064177405282732,LC4+,313.5365848135608,0.8243485057417783,True
90.0,400.0,1.25,250.0,-225.0,74.0,1.0,LC4+,292.37427177639455,0.7203976155080098,LC4+,438.56140766459185,0.3042643287880471,True
90.0,400.0,1.25,260.0,-215.0,74.0,1.0,LC4+,297.07034420784856,0.6932016601699915,LC4+,445.6055163117729,0.28364658663649456,True
90.0,400.0,1.25,270.0,-205.0,74.0,1.0,LC4+,301.7683884424068,0.6668412572843054,LC4+,452.6525826636101,0.26366229180466916,True
90.0,400.0,1.25,280.0,-195.0,74.0,1.0,LC4+,306.46831379907775,0.641278975188833,LC4+,459.70247069861665,0.24428306667728616,True
90.0,400.0,1.25,290.0,-185.0,74.0,1.0,LC4+,311.1700350402296,0.6164795557354026,LC4+,466.7550525603445,0.22548218141901932,True
90.0,400.0,1.25,300.0,-175.0,74.0,1.0,LC4+,315.87347197159596,0.5924097609729977,LC4+,473.81020795739386,0.20723443774228612,True
90.0,400.0,1.25,310.0,-165.0,74.0,1.0,LC4+,320.5785490768347,0.5690382324347081,LC4+,480.867823615252,0.18951606223015638,True
90.0,400.0,1.25,320.0,-155.0,74.0,1.0,LC4+,325.28519518322923,0.5463353618558207,LC4+,487.92779277484374,0.17230460832542027,True
90.0,400.0,1.25,330.0,-145.0,74.0,1.0,LC4+,329.99334315549385,0.52427317227119,LC4+,494.9900147332408,0.15557886618836392,True
90.0,400.0,1.25,340.0,-135.0,74.0,1.0,LC4+,334.7029296149834,0.5028252085472111,LC4+,502.0543944224753,0.13931877970709672,True
90.0,400.0,1.25,350.0,-125.0,74.0,1.0,LC4+,339.41389468189226,0.4819664364990861,LC4+,509.12084202283864,0.1235053700165365,True
90.0,400.0,1.25,360.0,-115.0,74.0,1.0,LC4+,344.1261817382891,0.46167314982890706,LC4+,516.1892726074336,0.10812066494650097,True
90.0,400.0,1.25,370.0,-105.0,74.0,1.0,LC4+,348.8397372100578,0.4419228841957097,LC4+,523.2596058150867,0.09314763387666791,True
90.0,400.0,1.25,380.0,-95.0,74.0,1.0,LC4+,353.55451036601926,0.422694337796077,LC4+,530.3317655490289,0.07857012752731074,True
90.0,400.0,1.25,390.0,-85.0,74.0,1.0,LC4+,358.2704531326773,0.40396729789415664,LC4+,537.405679699016,0.06437282226038099,True
90.0,400.0,1.25,400.0,-75.0,74.0,1.0,LC4+,362.9875199232027,0.38572257279374167,LC4+,544.4812798848039,0.05054116850632262,True
90.0,400.0,1.25,410.0,-65.0,74.01441034373012,1.0171245271255458,LC4+,373.13647987770554,0.3480322271487817,LC4+,559.7047198165584,0.02196744059523259,True
90.0,400.0,1.25,420.0,-55.0,74.0569637756321,1.0336415649364155,LC4+,382.0335909426319,0.31663814890961506,LC4+,573.0503864139479,-0.0018329739214051344,False
90.0,400.0,1.25,430.0,-45.0,74.12664389677329,1.049551113432609,LC4+,389.64603711548114,0.29091522070561604,LC4+,584.4690556732221,-0.021333987748691996,False
90.0,400.0,1.25,440.0,-35.0,74.22243430822111,1.0648531726141264,LC4+,395.9659838548783,0.2703111391112569,LC4+,593.9489757823173,-0.036954312032287495,False
90.0,400.0,1.25,450.0,-25.0,74.34331861104293,1.0795477424809676,LC4+,401.0086965485269,0.2543368867790399,LC4+,601.5130448227903,-0.049064679605552164,False
90.0,400.0,1.25,460.0,-15.0,74.48828040630615,1.0936348230331328,LC4+,404.8098911830366,0.24255857120982816,LC4+,607.2148367745551,-0.057994032164318754,False
90.0,400.0,1.25,470.0,-5.0,74.65630329507815,1.1071144142706217,LC4+,407.42257059309526,0.23459041375093737,LC4+,611.1338558896431,-0.06403483543335187,False
90.0,400.0,1.25,480.0,5.0,74.84637087842633,1.1199865161934346,LC4+,408.9135979572533,0.23008870947985027,LC4+,613.3703969358801,-0.0674476582869793,False
90.0,400.0,1.25,490.0,15.0,75.05746675741806,1.1322511288015713,LC4+,409.3602345225365,0.2287466089291299,LC4+,614.0403517838046,-0.06846512881714717,False
90.0,400.0,1.25,500.0,25.0,75.28857453312074,1.1439082520950319,LC4+,408.84682845803707,0.23028959744425803,LC4+,613.2702426870555,-0.06729536151343196,False
90.0,400.0,1.25,510.0,35.0,75.53867780660175,1.1549578860738163,LC4+,407.46179408464576,0.23447156838343286,LC4+,611.1926911269686,-0.06412493424079047,False
90.0,400.0,1.25,520.0,45.0,75.8067601789285,1.1654000307379246,LC4+,405.29497231422556,0.24107140320019482,LC4+,607.9424584713382,-0.05912148094034253,False
90.0,400.0,1.25,530.0,55.0,76.09180525116835,1.175234686087357,LC4+,402.435419029022,0.24988998536365337,LC4+,603.653128543533,-0.05243595543007318,False
90.0,400.0,1.25,540.0,65.0,76.3927966243887,1.184461852122113,LC4+,398.9696314668467,0.26074758660371367,LC4+,598.45444720027,-0.044204612939265475,False
90.0,400.0,1.25,550.0,75.0,76.70871789965693,1.193081528842193,LC4+,394.9801948032213,0.2734815735522993,LC4+,592.470292204832,-0.034550748744976656,False
90.0,400.0,1.25,560.0,85.0,77.03855267804046,1.2010937162475968,LC4+,390.5448120113347,0.2879443908357475,LC4+,585.817218017002,-0.023586227225914302,False
90.0,400.0,1.25,570.0,95.0,77.38128456060663,1.2084984143383246,LC4+,385.735668789574,0.3040017833414206,LC4+,578.603503184361,-0.01141282959404566,False
90.0,400.0,1.25,580.0,105.0,77.73589714842288,1.2152956231143761,LC4+,380.61908044072305,0.3215312259636871,LC4+,570.9286206610847,0.0018765556676327844,True
90.0,400.0,1.25,590.0,115.0,78.10137404255654,1.2214853425757515,LC4+,375.25536748325607,0.34042053381806436,LC4+,562.8830512248843,0.0161968791834759,True
90.0,400.0,1.25,600.0,125.0,78.47669884407505,1.2270675727224507,LC4+,369.6989099716745,0.36056662985167787,LC4+,554.5483649575116,0.03146999638854853,True
90.0,400.0,1.25,610.0,135.0,78.86085515404578,1.232042313554474,LC4+,363.9983357129525,0.3818744500982103,LC4+,545.9975035694289,0.04762383758273847,True
90.0,400.0,1.25,620.0,145.0,79.2528265735361,1.236409565071821,LC4+,358.19680377245953,0.40425596963038535,LC4+,537.2952056586893,0.06459166948784678,True
90.0,400.0,1.25,630.0,155.0,79.65159670361342,1.2401693272744918,LC4+,352.3323511195181,0.4276293346374329,LC4+,528.498526679277,0.08231143725992296,True
90.0,400.0,1.25,640.0,165.0,80.05614914534512,1.2433216001624867,LC4+,346.43827646562727,0.45191808806930833,LC4+,519.6574146984409,0.10072517743624165,True
90.0,400.0,1.25,650.0,175.0,80.46546749979859,1.2458663837358053,LC4+,340.54354099009515,0.4770504780022533,LC4+,510.8153114851428,0.1197784935948163,True
90.0,400.0,1.25,660.0,185.0,80.87853536804123,1.247803677994448,LC4+,334.67317057140167,0.5029588393393076,LC4+,502.0097558571025,0.13942008761044922,True
90.0,400.0,1.25,670.0,195.0,81.2943363511404,1.2491334829384142,LC4+,328.8486482974148,0.5295790407053174,LC4+,493.2729724461222,0.15960134033590645,True
90.0,400.0,1.25,680.0,205.0,81.71185405016351,1.2498557985677046,LC4+,323.08828943363886,0.5568499894618257,LC4+,484.6324341504584,0.18027593634481676,True
90.0,400.0,1.25,690.0,215.0,82.13007206617795,1.2499706248823186,LC4+,317.40759374800183,0.5847131886811279,LC4+,476.1113906220026,0.20139952806574613,True
90.0,400.0,1.25,700.0,225.0,82.54797400025109,1.2494779618822567,LC4+,311.8195722069286,0.6131123407038763,LC4+,467.72935831039297,0.22292943523209696,True
90.0,400.0,1.25,710.0,235.0,82.96454345345033,1.2483778095675184,LC4+,306.3350466614857,0.6419929925805652,LC4+,459.5025699922287,0.24482437608493446,True
90.0,400.0,1.25,720.0,245.0,83.37876402684306,1.2466701679381043,LC4+,300.962922323301,0.671302219280242,LC4+,451.4443834849515,0.2670442272078175,True
90.0,400.0,1.25,730.0,255.0,83.78961932149666,1.2443550369940137,LC4+,295.71043366963545,0.7009883410537561,LC4+,443.5656505044531,0.2895498092548028,True
90.0,400.0,1.25,740.0,265.0,84.19609293847853,1.2414324167352473,LC4+,290.5833649874662,0.7310006717751927,LC4+,435.8750474811994,0.3123026961635653,True
90.0,400.0,1.25,750.0,275.0,84.59716847885605,1.2379023071618047,LC4+,285.5862471290287,0.7612892954636681,LC4+,428.3793706935431,0.3352650457325621,True
90.0,400.0,1.25,760.0,285.0,84.99182954369661,1.2337647082736858,LC4+,280.72253225678315,0.791804868516556,LC4+,421.0837983851749,0.35839944969048343,True
90.0,400.0,1.25,770.0,295.0,85.3790597340676,1.229019620070891,LC4+,275.9947484454048,0.8224984454713262,LC4+,413.9921226681072,0.38166880160317906,True
90.0,400.0,1.25,780.0,305.0,85.7578426510364,1.22366704255342,LC4+,271.40463601487795,0.8533213263624073,LC4+,407.1069540223169,0.4050361811521497,True
90.0,400.0,1.25,790.0,315.0,86.1271618956704,1.2177069757212728,LC4+,266.95326741763756,0.8842249239567348,LC4+,400.4299011264564,0.4284647534834356,True
90.0,400.0,1.25,800.0,325.0,86.486001069037,1.2111394195744494,LC4+,262.64115241354966,0.9151606493409912,LC4+,393.96172862032455,0.4519176824692468,True
90.0,400.0,1.25,810.0,335.0,86.83334377220358,1.20396437411295,LC4+,258.4683301540842,0.9460798144985108,LC4+,387.70249523112625,0.47535805684976573,True
90.0,400.0,1.25,820.0,345.0,87.16817360623753,1.1961818393367745,LC4+,254.43444967219745,0.976933550657326,LC4+,381.6516745082961,0.4987488283313328,True
90.0,400.0,1.25,830.0,355.0,87.48947417220623,1.1877918152459226,LC4+,250.53884014509205,1.0076727413150897,LC4+,375.8082602176382,0.5220527608114394,True
90.0,400.0,1.25,840.0,365.0,87.79622907117707,1.1787943018403948,LC4+,246.7805721686347,1.038247968953896,LC4+,370.17085825295203,0.5452323899822777,True
90.0,400.0,1.25,850.0,375.0,88.08742190421745,1.1691892991201909,LC4+,243.15851115859195,1.068609474549444,LC4+,364.73776673788797,0.5682499926339057,True
90.0,400.0,1.25,860.0,385.0,88.36203627239476,1.1589768070853108,LC4+,239.6713638773583,1.0987071290560562,LC4+,359.5070458160374,0.5910675650365331,True
90.0,400.0,1.25,870.0,395.0,88.61905577677636,1.1481568257357546,LC4+,236.31771897695998,1.1284904161123883,LC4+,354.4765784654399,0.6136468098294054,True
90.0,400.0,1.25,880.0,405.0,88.85746401842967,1.1367293550715223,LC4+,233.09608235056595,1.1579084252626384,LC4+,349.6441235258489,0.635949130881682,True
90.0,400.0,1.25,890.0,415.0,89.07624459842206,1.1246943950926138,LC4+,230.00490799577318,1.186909855024675,LC4+,345.0073619936598,0.6579356356184412,True
90.0,400.0,1.25,900.0,425.0,89.27438111782092,1.1120519457990292,LC4+,227.0426250134739,1.2154430251594799,LC4+,340.5639375202109,0.6795671443223621,True
90.0,400.0,1.25,910.0,435.0,89.45085717769365,1.0988020071907685,LC4+,224.20766129592675,1.243455897504329,LC4+,336.3114919438901,0.7008042059277355,True
90.0,400.0,1.25,920.0,445.0,89.60465637910764,1.0849445792678316,LC4+,221.49846439634507,1.2708961047239655,LC4+,332.24769659451766,0.7216071198172407,True
90.0,400.0,1.25,930.0,455.0,89.73476232313025,1.0704796620302186,LC4+,218.91352001951944,1.2977109863070586,LC4+,328.3702800292792,0.7419359631115141,True
90.0,400.0,1.25,940.0,465.0,89.8401586108289,1.0554072554779295,LC4+,216.45136852835756,1.323847631086247,LC4+,324.6770527925363,0.761750622904352,True
90.0,400.0,1.25,950.0,475.0,89.91982884327095,1.0397273596109642,LC4+,214.11061982452009,1.3492529254842505,LC4+,321.1659297367802,0.7810108328389544,True
90.0,400.0,1.25,960.0,485.0,89.9727566215238,1.0234399744293228,LC4+,211.88996693244408,1.3738736065798207,LC4+,317.8349503986662,0.7996762133381805,True
90.0,400.0,1.25,970.0,495.0,89.99792554665486,1.0065450999330052,LC4+,209.78819859513297,1.397656318936853,LC4+,314.6822978926996,0.8177063146877128,True
90.0,400.0,1.25,973.780356685791,498.78035668579105,90.0,1.0,LC4+,209.02438987570713,1.4064177405282732,LC4+,313.5365848135608,0.8243485057417783,True
90.0,400.0,1.5,250.0,-225.0,74.0,1.0,LC4+,292.37427177639455,0.7203976155080098,LC4+,438.56140766459185,0.3042643287880471,True
90.0,400.0,1.5,260.0,-215.0,74.0,1.0,LC4+,297.07034420784856,0.6932016601699915,LC4+,445.6055163117729,0.28364658663649456,True
90.0,400.0,1.5,270.0,-205.0,74.0,1.0,LC4+,301.7683884424068,0.6668412572843054,LC4+,452.6525826636101,0.26366229180466916,True
90.0,400.0,1.5,280.0,-195.0,74.0,1.0,LC4+,306.46831379907775,0.641278975188833,LC4+,459.70247069861665,0.24428306667728616,True
90.0,400.0,1.5,290.0,-185.0,74.0,1.0,LC4+,311.1700350402296,0.6164795557354026,LC4+,466.7550525603445,0.22548218141901932,True
90.0,400.0,1.5,300.0,-175.0,74.0,1.0,LC4+,315.87347197159596,0.5924097609729977,LC4+,473.81020795739386,0.20723443774228612,True
90.0,400.0,1.5,310.0,-165.0,74.0,1.0,LC4+,320.5785490768347,0.5690382324347081,LC4+,480.867823615252,0.18951606223015638,True
90.0,400.0,1.5,320.0,-155.0,74.0,1.0,LC4+,325.28519518322923,0.5463353618558207,LC4+,487.92779277484374,0.17230460832542027,True
90.0,400.0,1.5,330.0,-145.0,74.0,1.0,LC4+,329.99334315549385,0.52427317227119,LC4+,494.9900147332408,0.15557886618836392,True
90.0,400.0,1.5,340.0,-135.0,74.0,1.0,LC4+,334.7029296149834,0.5028252085472111,LC4+,502.0543944224753,0.13931877970709672,True
90.0,400.0,1.5,350.0,-125.0,74.0,1.0,LC4+,339.41389468189226,0.4819664364990861,LC4+,509.12084202283864,0.1235053700165365,True
90.0,400.0,1.5,360.0,-115.0,74.0,1.0,LC4+,344.1261817382891,0.46167314982890706,LC4+,516.1892726074336,0.10812066494650097,True
90.0,400.0,1.5,370.0,-105.0,74.0,1.0,LC4+,348.8397372100578,0.4419228841957097,LC4+,523.2596058150867,0.09314763387666791,True
90.0,400.0,1.5,380.0,-95.0,74.0,1.0,LC4+,353.55451036601926,0.422694337796077,LC4+,530.3317655490289,0.07857012752731074,True
90.0,400.0,1.5,390.0,-85.0,74.0,1.0,LC4+,358.2704531326773,0.40396729789415664,LC4+,537.405679699016,0.06437282226038099,True
90.0,400.0,1.5,400.0,-75.0,74.0,1.0,LC4+,362.9875199232027,0.38572257279374167,LC4+,544.4812798848039,0.05054116850632262,True
90.0,400.0,1.5,410.0,-65.0,74.01441034373012,1.0342490542510916,LC4+,379.14620604739827,0.32666499618650646,LC4+,568.7193090710975,0.005768559070485679,True
90.0,400.0,1.5,420.0,-55.0,74.0569637756321,1.067283129872831,LC4+,393.9497837959652,0.276812478872978,LC4+,590.9246756939478,-0.032025529601930725,False
90.0,400.0,1.5,430.0,-45.0,74.12664389677329,1.099102226865218,LC4+,407.3052636470311,0.2349459849747917,LC4+,610.9578954705466,-0.06376527050287506,False
90.0,400.0,1.5,440.0,-35.0,74.22243430822111,1.1297063452282528,LC4+,419.15137712555406,0.20004377284755925,LC4+,628.7270656883309,-0.09022526432232725,False
90.0,400.0,1.5,450.0,-25.0,74.34331861104293,1.1590954849619353,LC4+,429.45763817352616,0.1712447405505415,LC4+,644.1864572602892,-0.11205832790601755,False
90.0,400.0,1.5,460.0,-15.0,74.48828040630615,1.1872696460662655,LC4+,438.22221641873625,0.1478194878174921,LC4+,657.3333246281046,-0.12981743269502288,False
90.0,400.0,1.5,470.0,-5.0,74.65630329507815,1.2142288285412435,LC4+,445.46889989680864,0.12914728753571403,LC4+,668.2033498452132,-0.14397316306106267,False
90.0,400.0,1.5,480.0,5.0,74.84637087842633,1.2399730323868692,LC4+,451.2434490060804,0.11469762299689834,LC4+,676.8651735091208,-0.15492771324820975,False
90.0,400.0,1.5,490.0,15.0,75.05746675741806,1.2645022576031426,LC4+,455.6096352367013,0.10401528215854805,LC4+,683.4144528550521,-0.16302618768099486,False
90.0,400.0,1.5,500.0,25.0,75.28857453312074,1.2878165041900638,LC4+,458.64522526799,0.09670824482276719,LC4+,687.967837901985,-0.1685657839116994,False
90.0,400.0,1.5,510.0,35.0,75.53867780660175,1.3099157721476327,LC4+,460.43812255450786,0.09243777906433781,LC4+,690.6571838317617,-0.1718033006960883,False
90.0,400.0,1.5,520.0,45.0,75.8067601789285,1.3308000614758495,LC4+,461.08282335450644,0.09091029750476154,LC4+,691.6242350317598,-0.1729613118983122,False
90.0,400.0,1.5,530.0,55.0,76.09180525116835,1.3504693721747139,LC4+,460.6772895721009,0.0918706248081178,LC4+,691.0159343581514,-0.17223327052320303,False
90.0,400.0,1.5,540.0,65.0,76.3927966243887,1.3689237042442262,LC4+,459.3202919339773,0.09509640404108533,LC4+,688.9804379009659,-0.16978774935520102,False
90.0,400.0,1.5,550.0,75.0,76.70871789965693,1.386163057684386,LC4+,457.10923687410576,0.10039342770606319,LC4+,685.6638553111587,-0.1657719805859933,False
90.0,400.0,1.5,560.0,85.0,77.03855267804046,1.4021874324951935,LC4+,454.1384601602248,0.10759172394810235,LC4+,681.2076902403372,-0.16031482293132604,False
90.0,400.0,1.5,570.0,95.0,77.38128456060663,1.416996828676649,LC4+,450.497949482342,0.11654226301803816,LC4+,675.746924223513,-0.15352925852045352,False
90.0,400.0,1.5,580.0,105.0,77.73589714842288,1.4305912462287522,LC4+,446.2724457771045,0.12711417601441766,LC4+,669.4086686656566,-0.1455145014178303,False
90.0,400.0,1.5,590.0,115.0,78.10137404255654,1.442970685151503,LC4+,441.54086738919943,0.13919239905063407,LC4+,662.3113010837993,-0.1363577836223161,False
90.0,400.0,1.5,600.0,125.0,78.47669884407505,1.4541351454449016,LC4+,436.3760005781922,0.1526756726619518,LC4+,654.5640008672882,-0.1261358717526354,False
90.0,400.0,1.5,610.0,135.0,78.86085515404578,1.464084627108948,LC4+,430.8444027926982,0.16747483950028164,LC4+,646.2666041890475,-0.11491635759554553,False
90.0,400.0,1.5,620.0,145.0,79.2528265735361,1.472819130143642,LC4+,425.0064702186044,0.18351139393543625,LC4+,637.5097053279067,-0.10275875767916565,False
90.0,400.0,1.5,630.0,155.0,79.65159670361342,1.4803386545489838,LC4+,418.91662731364477,0.20071624567769097,LC4+,628.3749409704674,-0.08971545059292385,False
90.0,400.0,1.5,640.0,165.0,80.05614914534512,1.4866432003249734,LC4+,412.6236025949363,0.2190286664085579,LC4+,618.9354038924046,-0.07583247556567918,False
90.0,400.0,1.5,650.0,175.0,80.46546749979859,1.4917327674716108,LC4+,406.17076132205455,0.23839539400318666,LC4+,609.256141983082,-0.0611502115708118,False
90.0,400.0,1.5,660.0,185.0,80.87853536804123,1.4956073559888958,LC4+,399.5964715884562,0.2587698735189006,LC4+,599.3947073826844,-0.0457039527464399,False
90.0,400.0,1.5,670.0,195.0,81.2943363511404,1.4982669658768286,LC4+,392.9344855225795,0.2801116179228704,LC4+,589.4017282838694,-0.02952439303925536,False
90.0,400.0,1.5,680.0,205.0,81.71185405016351,1.4997115971354091,LC4+,386.214321739848,0.30238567470529554,LC4+,579.3214826097719,-0.01263803057464663,False
90.0,400.0,1.5,690.0,215.0,82.13007206617795,1.4999412497646372,LC4+,379.4616388837703,0.32556218720720187,LC4+,569.1924583256555,0.004932499778024457,True
90.0,400.0,1.5,700.0,225.0,82.54797400025109,1.4989559237645134,LC4+,372.69859309902205,0.3496160417926726,LC4+,559.0478896485331,0.023168158920356063,True
90.0,400.0,1.5,710.0,235.0,82.96454345345033,1.496755619135037,LC4+,365.94417466661514,0.3745265940037066,LC4+,548.9162619999228,0.04205329591798557,True
90.0,400.0,1.5,720.0,245.0,83.37876402684306,1.4933403358762085,LC4+,359.2145208857036,0.40027746862729585,LC4+,538.8217813285553,0.061575496427850984,True
90.0,400.0,1.5,730.0,255.0,83.78961932149666,1.4887100739880277,LC4+,352.5232036932231,0.42685643024430986,LC4+,528.7848055398346,0.08172548455897322,True
90.0,400.0,1.5,740.0,265.0,84.19609293847853,1.4828648334704946,LC4+,345.88149155117475,0.4542553223770254,LC4+,518.8222373267622,0.1024970767391098,True
90.0,400.0,1.5,750.0,275.0,84.59716847885605,1.4758046143236094,LC4+,339.29858587319023,0.4824700748620028,LC4+,508.94787880978544,0.12388718730426174,True
90.0,400.0,1.5,760.0,285.0,84.99182954369661,1.4675294165473718,LC4+,332.7818327686575,0.5115007806020297,LC4+,499.17274915298634,0.14589588668570053,True
90.0,400.0,1.5,770.0,295.0,85.3790597340676,1.4580392401417819,LC4+,326.3369112059732,0.5413518444517078,LC4+,489.5053668089598,0.16852651428280563,True
90.0,400.0,1.5,780.0,305.0,85.7578426510364,1.44733408510684,LC4+,319.9679988789606,0.5720322087280918,LC4+,479.9519983184409,0.19178584942673083,True
90.0,400.0,1.5,790.0,315.0,86.1271618956704,1.4354139514425455,LC4+,313.67791713642805,0.6035556617816678,LC4+,470.51687570464213,0.21568434531360348,True
90.0,400.0,1.5,800.0,325.0,86.486001069037,1.4222788391488987,LC4+,307.46825633131954,0.6359412382980463,LC4+,461.2023844969793,0.2402364324804276,True
90.0,400.0,1.5,810.0,335.0,86.83334377220358,1.4079287482259,LC4+,301.33948288378843,0.6692137226305055,LC4+,452.00922432568257,0.2654609003905226,True
90.0,400.0,1.5,820.0,345.0,87.16817360623753,1.392363678673549,LC4+,295.2910292475969,0.7034042696171525,LC4+,442.93654387139543,0.2913813680861643,True
90.0,400.0,1.5,830.0,355.0,87.48947417220623,1.3755836304918454,LC4+,289.32136783301934,0.7385511611790265,LC4+,433.9820517495291,0.31802685777919537,True
90.0,400.0,1.5,840.0,365.0,87.79622907117707,1.3575886036807898,LC4+,283.42806977986316,0.7747007217410646,LC4+,425.1421046697946,0.3454324888480973,True
90.0,400.0,1.5,850.0,375.0,88.08742190421745,1.3383785982403817,LC4+,277.6078492964965,0.8119084214465977,LC4+,416.41177394474477,0.3736403142047102,True
90.0,400.0,1.5,860.0,385.0,88.36203627239476,1.3179536141706216,LC4+,271.85659408750655,0.8502402036203391,LC4+,407.7848911312597,0.40270032666777245,True
90.0,400.0,1.5,870.0,395.0,88.61905577677636,1.2963136514715092,LC4+,266.16938218447206,0.8897740824727522,LC4+,399.2540732767082,0.4326716702112843,True
90.0,400.0,1.5,880.0,405.0,88.85746401842967,1.2734587101430446,LC4+,260.5404852701097,0.9306020693042223,LC4+,390.81072790516447,0.4636241002544934,True
90.0,400.0,1.5,890.0,415.0,89.07624459842206,1.2493887901852274,LC4+,254.9633583428193,0.9728325013811394,LC4+,382.44503751422894,0.4956397492246676,True
90.0,400.0,1.5,900.0,425.0,89.27438111782092,1.2241038915980584,LC4+,249.4306153018026,1.0165928684872427,LC4+,374.1459229527039,0.5288152694164383,True
90.0,400.0,1.5,910.0,435.0,89.45085717769365,1.197604014381537,LC4+,243.93398973608942,1.0620332596707511,LC4+,365.900984604134,0.5632644460326972,True
90.0,400.0,1.5,920.0,445.0,89.60465637910764,1.169889158535663,LC4+,238.4642798656085,1.1093305894009622,LC4+,357.6964197984128,0.599121401109808,True
90.0,400.0,1.5,930.0,455.0,89.73476232313025,1.140959324060437,LC4+,233.01127619822685,1.1586938117625216,LC4+,349.5169142973403,0.6365445464919313,True
90.0,400.0,1.5,940.0,465.0,89.8401586108289,1.1108145109558587,LC4+,227.56367002010617,1.2103703985594798,LC4+,341.3455050301593,0.6757214949980415,True
90.0,400.0,1.5,950.0,475.0,89.91982884327095,1.0794547192219281,LC4+,222.10894031115996,1.2646544497278236,LC4+,333.16341046673983,0.7168752090713262,True
90.0,400.0,1.5,960.0,485.0,89.9727566215238,1.0468799488586455,LC4+,216.63321605225502,1.3218969332877801,LC4+,324.94982407838256,0.7602717638709211,True
90.0,400.0,1.5,970.0,495.0,89.99792554665486,1.0130901998660105,LC4+,211.12111014089808,1.3825187337462732,LC4+,316.681665211347,0.8062302395001575,True
90.0,400.0,1.5,973.780356685791,498.78035668579105,90.0,1.0,LC4+,209.02438987570713,1.4064177405282732,LC4+,313.5365848135608,0.8243485057417783,True
90.0,400.0,2.0,250.0,-225.0,74.0,1.0,LC4+,292.37427177639455,0.7203976155080098,LC4+,438.56140766459185,0.3042643287880471,True
90.0,400.0,2.0,260.0,-215.0,74.0,1.0,LC4+,297.07034420784856,0.6932016601699915,LC4+,445.6055163117729,0.28364658663649456,True
90.0,400.0,2.0,270.0,-205.0,74.0,1.0,LC4+,301.7683884424068,0.6668412572843054,LC4+,452.6525826636101,0.26366229180466916,True
90.0,400.0,2.0,280.0,-195.0,74.0,1.0,LC4+,306.46831379907775,0.641278975188833,LC4+,459.70247069861665,0.24428306667728616,True
90.0,400.0,2.0,290.0,-185.0,74.0,1.0,LC4+,311.1700350402296,0.6164795557354026,LC4+,466.7550525603445,0.22548218141901932,True
90.0,400.0,2.0,300.0,-175.0,74.0,1.0,LC4+,315.87347197159596,0.5924097609729977,LC4+,473.81020795739386,0.20723443774228612,True
90.0,400.0,2.0,310.0,-165.0,74.0,1.0,LC4+,320.5785490768347,0.5690382324347081,LC4+,480.867823615252,0.18951606223015638,True
90.0,400.0,2.0,320.0,-155.0,74.0,1.0,LC4+,325.28519518322923,0.5463353618558207,LC4+,487.92779277484374,0.17230460832542027,True
90.0,400.0,2.0,330.0,-145.0,74.0,1.0,LC4+,329.99334315549385,0.52427317227119,LC4+,494.9900147332408,0.15557886618836392,True
90.0,400.0,2.0,340.0,-135.0,74.0,1.0,LC4+,334.7029296149834,0.5028252085472111,LC4+,502.0543944224753,0.13931877970709672,True
90.0,400.0,2.0,350.0,-125.0,74.0,1.0,LC4+,339.41389468189226,0.4819664364990861,LC4+,509.12084202283864,0.1235053700165365,True
90.0,400.0,2.0,360.0,-115.0,74.0,1.0,LC4+,344.1261817382891,0.46167314982890706,LC4+,516.1892726074336,0.10812066494650097,True
90.0,400.0,2.0,370.0,-105.0,74.0,1.0,LC4+,348.8397372100578,0.4419228841957097,LC4+,523.2596058150867,0.09314763387666791,True
90.0,400.0,2.0,380.0,-95.0,74.0,1.0,LC4+,353.55451036601926,0.422694337796077,LC4+,530.3317655490289,0.07857012752731074,True
90.0,400.0,2.0,390.0,-85.0,74.0,1.0,LC4+,358.2704531326773,0.40396729789415664,LC4+,537.405679699016,0.06437282226038099,True
90.0,400.0,2.0,400.0,-75.0,74.0,1.0,LC4+,362.9875199232027,0.38572257279374167,LC4+,544.4812798848039,0.05054116850632262,True
90.0,400.0,2.0,410.0,-65.0,74.01441034373012,1.0684981085021832,LC4+,391.1701852101305,0.2858853231101861,LC4+,586.7552778151958,-0.02514724344728103,False
90.0,400.0,2.0,420.0,-55.0,74.0569637756321,1.1345662597456616,LC4+,417.79767411515786,0.20393202538834077,LC4+,626.6965111727368,-0.08727751024237118,False
90.0,400.0,2.0,430.0,-45.0,74.12664389677329,1.1982044537304357,LC4+,442.6537168019344,0.13632842311604843,LC4+,663.9805752029018,-0.13852901521222072,False
90.0,400.0,2.0,440.0,-35.0,74.22243430822111,1.2594126904565053,LC4+,465.56819902675466,0.08040025296292685,LC4+,698.352298540132,-0.18092916541445436,False
90.0,400.0,2.0,450.0,-25.0,74.34331861104293,1.3181909699238703,LC4+,486.4178106565954,0.03409042387041916,LC4+,729.6267159848929,-0.2160374785236847,False
90.0,400.0,2.0,460.0,-15.0,74.48828040630615,1.374539292132531,LC4+,505.1247654155178,-0.004206417029998466,LC4+,757.687148123277,-0.24507100137993287,False
90.0,400.0,2.0,470.0,-5.0,74.65630329507815,1.428457657082487,LC4+,521.6538807971536,-0.03575911439333712,LC4+,782.4808211957304,-0.26899166790323226,False
90.0,400.0,2.0,480.0,5.0,74.84637087842633,1.4799460647737384,LC4+,536.008398055755,-0.06158186732798454,LC4+,804.0125970836325,-0.28856836065156677,False
90.0,400.0,2.0,490.0,15.0,75.05746675741806,1.5290045152062852,LC4+,548.2249553781152,-0.08249342707670637,LC4+,822.3374330671728,-0.304421789645959,False
90.0,400.0,2.0,500.0,25.0,75.28857453312074,1.5756330083801278,LC4+,558.3681136753555,-0.09916059373610198,LC4+,837.5521705130332,-0.31705746801464574,False
90.0,400.0,2.0,510.0,35.0,75.53867780660175,1.6198315442952655,LC4+,566.5247873289017,-0.11213064061753353,LC4+,849.7871809933524,-0.32689029348340504,False
90.0,400.0,2.0,520.0,45.0,75.8067601789285,1.661600122951699,LC4+,572.798865396362,-0.12185580246927163,LC4+,859.198298094543,-0.33426311333654524,False
90.0,400.0,2.0,530.0,55.0,76.09180525116835,1.7009387443494277,LC4+,577.3062343955924,-0.12871199022021107,LC4+,865.9593515933884,-0.3394609124002129,False
90.0,400.0,2.0,540.0,65.0,76.3927966243887,1.737847408488452,LC4+,580.1703413049062,-0.13301324768056288,LC4+,870.2555119573591,-0.34272177292681494,False
90.0,400.0,2.0,550.0,75.0,76.70871789965693,1.772326115368772,LC4+,581.518371213393,-0.13502302781863462,LC4+,872.2775568200897,-0.3442454233429544,False
90.0,400.0,2.0,560.0,85.0,77.03855267804046,1.8043748649903872,LC4+,581.4780615907762,-0.13496306528930802,LC4+,872.2170923861643,-0.34419996467260994,False
90.0,400.0,2.0,570.0,95.0,77.38128456060663,1.833993657353298,LC4+,580.175135523796,-0.1330204119384063,LC4+,870.2627032856942,-0.34272720427934855,False
90.0,400.0,2.0,580.0,105.0,77.73589714842288,1.8611824924575044,LC4+,577.7313089105202,-0.1293530535006796,LC4+,866.5969633657804,-0.3399469139859361,False
90.0,400.0,2.0,590.0,115.0,78.10137404255654,1.885941370303006,LC4+,574.2628099226861,-0.12409441929955434,LC4+,861.3942148840293,-0.335960248958708,False
90.0,400.0,2.0,600.0,125.0,78.47669884407505,1.9082702908898033,LC4+,569.8793409742725,-0.11735701957529254,LC4+,854.819011461409,-0.33085250523136844,False
90.0,400.0,2.0,610.0,135.0,78.86085515404578,1.9281692542178959,LC4+,564.6834118321839,-0.10923538843127079,LC4+,847.0251177482759,-0.3246953508054168,False
90.0,400.0,2.0,620.0,145.0,79.2528265735361,1.945638260287284,LC4+,558.7699754075347,-0.09980846835383261,LC4+,838.154963111302,-0.3175486333974714,False
90.0,400.0,2.0,630.0,155.0,79.65159670361342,1.9606773090979677,LC4+,552.2263035170329,-0.08914154071169578,LC4+,828.3394552755491,-0.3094618439855399,False
90.0,400.0,2.0,640.0,165.0,80.05614914534512,1.9732864006499469,LC4+,545.1320471986019,-0.0772877826851599,LC4+,817.6980707979026,-0.30047529714501164,False
90.0,400.0,2.0,650.0,175.0,80.46546749979859,1.9834655349432215,LC4+,537.5594340391393,-0.06428951265809812,LC4+,806.3391510587088,-0.2906210752026932,False
90.0,400.0,2.0,660.0,185.0,80.87853536804123,1.9912147119777914,LC4+,529.5735627584697,-0.050179171747267715,LC4+,794.3603441377046,-0.27992377235180543,False
90.0,400.0,2.0,670.0,195.0,81.2943363511404,1.9965339317536572,LC4+,521.2327625668777,-0.03498007776235723,LC4+,781.8491438503164,-0.26840106624263527,False
90.0,400.0,2.0,680.0,205.0,81.71185405016351,1.999423194270818,LC4+,512.5889913343362,-0.018706978683593722,LC4+,768.8834870015041,-0.2560641375838508,False
90.0,400.0,2.0,690.0,215.0,82.13007206617795,1.9998824995292745,LC4+,503.6882522716416,-0.0013664251023079999,LC4+,755.5323784074625,-0.24291795249638204,False
90.0,400.0,2.0,700.0,225.0,82.54797400025109,1.9979118475290265,LC4+,494.5710136125474,0.017043025481586316,LC4+,741.8565204188213,-0.22896141739500708,False
90.0,400.0,2.0,710.0,235.0,82.96454345345033,1.9935112382700741,LC4+,485.27261974489863,0.03653076545802314,LC4+,727.9089296173481,-0.2141874117402397,False
90.0,400.0,2.0,720.0,245.0,83.37876402684306,1.986680671752417,LC4+,475.8236854440642,0.05711425342471843,LC4+,713.7355281660963,-0.1985826998556144,False
90.0,400.0,2.0,730.0,255.0,83.78961932149666,1.9774201479760554,LC4+,466.25046740532565,0.07881929384260933,LC4+,699.3757011079883,-0.18212771891587443,False
90.0,400.0,2.0,740.0,265.0,84.19609293847853,1.9657296669409892,LC4+,456.5752092487103,0.1016804894590777,LC4+,684.8628138730656,-0.16479623595680282,False
90.0,400.0,2.0,750.0,275.0,84.59716847885605,1.9516092286472186,LC4+,446.816457671513,0.12574188207228398,LC4+,670.2246865072691,-0.14655486210026936,False
90.0,400.0,2.0,760.0,285.0,84.99182954369661,1.9350588330947436,LC4+,436.98934853383463,0.15105780424086102,LC4+,655.4840228007522,-0.1273624068578234,False
90.0,400.0,2.0,770.0,295.0,85.3790597340676,1.9160784802835638,LC4+,427.10586245414754,0.1776939728941327,LC4+,640.6587936812211,-0.10716904904513702,False
90.0,400.0,2.0,780.0,305.0,85.7578426510364,1.8946681702136798,LC4+,417.1750500275602,0.20572886601624396,LC4+,625.7625750413403,-0.0859152930930529,False
90.0,400.0,2.0,790.0,315.0,86.1271618956704,1.870827902885091,LC4+,407.2032271111001,0.23525543637885504,LC4+,610.8048406666502,-0.06353066983604361,False
90.0,400.0,2.0,800.0,325.0,86.486001069037,1.8445576782977977,LC4+,397.1941407901496,0.2663832326412665,LC4+,595.7912111852244,-0.039932128468118666,False
90.0,400.0,2.0,810.0,335.0,86.83334377220358,1.8158574964518,LC4+,387.1491066817169,0.29924101933554637,LC4+,580.7236600225751,-0.015022050285046107,False
90.0,400.0,2.0,820.0,345.0,87.16817360623753,1.7847273573470976,LC4+,377.0671181694197,0.3339800151282284,LC4+,565.6006772541294,0.0113142062999958,True
90.0,400.0,2.0,830.0,355.0,87.48947417220623,1.7511672609836908,LC4+,366.9449280213607,0.37077790586253645,LC4+,550.4173920320412,0.039211348115799405,True
90.0,400.0,2.0,840.0,365.0,87.79622907117707,1.7151772073615796,LC4+,356.7771026292435,0.40984383889318377,LC4+,535.1656539438653,0.06882793352803307,True
90.0,400.0,2.0,850.0,375.0,88.08742190421745,1.6767571964807637,LC4+,346.5560488343854,0.4514246734166141,LC4+,519.8340732515782,0.10035111092684312,True
90.0,400.0,2.0,860.0,385.0,88.36203627239476,1.6359072283412432,LC4+,336.2720129788619,0.4958128556229824,LC4+,504.4080194682928,0.13400258902100193,True
90.0,400.0,2.0,870.0,395.0,88.61905577677636,1.5926273029430185,LC4+,325.91305143998693,0.5433564190743112,LC4+,488.86957715998045,0.17004621830418265,True
90.0,400.0,2.0,880.0,405.0,88.85746401842967,1.546917420286089,LC4+,315.4649714733431,0.59447179714057,LC4+,473.19745721001453,0.20879770439285128,True
90.0,400.0,2.0,890.0,415.0,89.07624459842206,1.4987775803704548,LC4+,304.91124070187607,0.6496604022932799,LC4+,457.366861052814,0.25063717708648947,True
90.0,400.0,2.0,900.0,425.0,89.27438111782092,1.4482077831961169,LC4+,294.23286304451085,0.7095303182496897,LC4+,441.3492945667664,0.2960256355716664,True
90.0,400.0,2.0,910.0,435.0,89.45085717769365,1.3952080287630737,LC4+,283.4082182783838,0.77482503173538,LC4+,425.11232741757567,0.34552673048725957,True
90.0,400.0,2.0,920.0,445.0,89.60465637910764,1.3397783170713262,LC4+,272.4128617824488,0.8464620088375272,LC4+,408.6192926736733,0.39983600935064967,True
90.0,400.0,2.0,930.0,455.0,89.73476232313025,1.281918648120874,LC4+,261.21928034135027,0.9255852758751228,LC4+,391.82892051202543,0.45982077905973506,True
90.0,400.0,2.0,940.0,465.0,89.8401586108289,1.2216290219117174,LC4+,249.79659925448638,1.01363830212739,LC4+,374.69489888172967,0.526575359598233,True
90.0,400.0,2.0,950.0,475.0,89.91982884327095,1.1589094384438563,LC4+,238.11023551979167,1.1124669374332323,LC4+,357.1653532796875,0.6014991228784745,True
90.0,400.0,2.0,960.0,485.0,89.9727566215238,1.093759897717291,LC4+,226.1214918020476,1.2244678999391123,LC4+,339.18223770307134,0.6864090639697447,True
90.0,400.0,2.0,970.0,495.0,89.99792554665486,1.026180399732021,LC4+,213.78708678211177,1.352808149318435,LC4+,320.68063017316763,0.7837061118756061,True
90.0,400.0,2.0,973.780356685791,498.78035668579105,90.0,1.0,LC4+,209.02438987570713,1.4064177405282732,LC4+,313.5365848135608,0.8243485057417783,True
96.0,300.0,1.25,250.0,-225.0,74.0,1.0,LC4+,292.37427177639455,0.7203976155080098,LC4+,438.56140766459185,0.3042643287880471,True
96.0,300.0,1.25,260.0,-215.0,74.0,1.0,LC4+,297.07034420784856,0.6932016601699915,LC4+,445.6055163117729,0.28364658663649456,True
96.0,300.0,1.25,270.0,-205.0,74.0,1.0,LC4+,301.7683884424068,0.6668412572843054,LC4+,452.6525826636101,0.26366229180466916,True
96.0,300.0,1.25,280.0,-195.0,74.0,1.0,LC4+,306.46831379907775,0.641278975188833,LC4+,459.70247069861665,0.24428306667728616,True
96.0,300.0,1.25,290.0,-185.0,74.0,1.0,LC4+,311.1700350402296,0.6164795557354026,LC4+,466.7550525603445,0.22548218141901932,True
96.0,300.0,1.25,300.0,-175.0,74.0,1.0,LC4+,315.87347197159596,0.5924097609729977,LC4+,473.81020795739386,0.20723443774228612,True
96.0,300.0,1.25,310.0,-165.0,74.01439424041872,1.0146213578115921,LC4+,324.5048522942763,0.5500538634283838,LC4+,486.75727844141454,0.1751236711478268,True
96.0,300.0,1.25,320.0,-155.0,74.05700157787314,1.0288021675513914,LC4+,332.0968286556433,0.5146184985752122,LC4+,498.14524298346504,0.14825948467199646,True
96.0,300.0,1.25,330.0,-145.0,74.12695893666061,1.042542429219398,LC4+,338.6169253318243,0.4854543951312833,LC4+,507.92538799773644,0.12614965409555223,True
96.0,300.0,1.25,340.0,-135.0,74.2234032410785,1.055842142815612,LC4+,344.0532902133269,0.46198282158010984,LC4+,516.0799353199906,0.10835543266245518,True
96.0,300.0,1.25,350.0,-125.0,74.3454714154242,1.068701308340033,LC4+,348.4134285993903,0.44368717940075486,LC4+,522.6201428990855,0.09448517775643683,True
96.0,300.0,1.25,360.0,-115.0,74.49230038399504,1.0811199257926611,LC4+,351.72226011879707,0.43010567437530867,LC4+,527.5833901781955,0.0841887948875768,True
96.0,300.0,1.25,370.0,-105.0,74.66302707108842,1.0930979951734967,LC4+,354.019692503414,0.4208249163855464,LC4+,531.0295387551213,0.0771528855832102,True
96.0,300.0,1.25,380.0,-95.0,74.85678840100171,1.1046355164825394,LC4+,355.35791283638014,0.4154743199192519,LC4+,533.0368692545701,0.07309650231121578,True
96.0,300.0,1.25,390.0,-85.0,75.07272129803225,1.1157324897197893,LC4+,355.79858419051305,0.41372119606487145,LC4+,533.6978762857697,0.07176742763301047,True
96.0,300.0,1.25,400.0,-75.0,75.30996268647742,1.1263889148852466,LC4+,355.4101085657193,0.41526644256093137,LC4+,533.1151628485788,0.0729389067526216,True
96.0,300.0,1.25,410.0,-65.0,75.5676494906346,1.136604791978911,LC4+,354.2650817193545,0.41984075189908765,LC4+,531.3976225790319,0.07640677281150143,True
96.0,300.0,1.25,420.0,-55.0,75.84491863480113,1.1463801210007827,LC4+,352.4380274575178,0.4272012689113993,LC4+,528.6570411862767,0.08198691294542138,True
96.0,300.0,1.25,430.0,-45.0,76.14090704327441,1.1557149019508615,LC4+,350.00346270177647,0.43712863900602494,LC4+,525.0051940526648,0.08951303049893444,True
96.0,300.0,1.25,440.0,-35.0,76.45475164035179,1.1646091348291476,LC4+,347.03431321541575,0.4494243965085123,LC4+,520.5514698231236,0.09883466508001204,True
96.0,300.0,1.25,450.0,-25.0,76.78558935033062,1.173062819635641,LC4+,343.6006748952026,0.4639086496364242,LC4+,515.401012342804,0.10981543749772604,True
96.0,300.0,1.25,460.0,-15.0,77.13255709750831,1.1810759563703415,LC4+,339.76889744548606,0.48041802466838046,LC4+,509.6533461682292,0.1223314911998854,True
96.0,300.0,1.25,470.0,-5.0,77.4947918061822,1.1886485450332493,LC4+,335.6009556257981,0.4988038370214154,LC4+,503.40143343869715,0.13627010573392928,True
96.0,300.0,1.25,480.0,5.0,77.87143040064966,1.1957805856243644,LC4+,331.1540671526873,0.5189304613555559,LC4+,496.73110072903097,0.15152846109394025,True
96.0,300.0,1.25,490.0,15.0,78.26160980520807,1.2024720781436866,LC4+,326.4805145602766,0.5406738765940453,LC4+,489.72077184041495,0.16801253467434574,True
96.0,300.0,1.25,500.0,25.0,78.66446694415478,1.208723022591216,LC4+,321.62762968273336,0.5639203649766651,LC4+,482.4414445241002,0.1856361149988761,True
96.0,300.0,1.25,510.0,35.0,79.07913874178716,1.2145334189669528,LC4+,316.6379028344612,0.588565347032914,LC4+,474.9568542516918,0.20431991849281217,True
96.0,300.0,1.25,520.0,45.0,79.5047621224026,1.2199032672708967,LC4+,311.5491833378339,0.6145123367393426,LC4+,467.32377500675085,0.2239907973689912,True
96.0,300.0,1.25,530.0,55.0,79.94047401029844,1.224832567503048,LC4+,306.39494310009,0.6416720031690766,LC4+,459.59241465013497,0.2445810282474643,True
96.0,300.0,1.25,540.0,65.0,80.38541132977207,1.2293213196634063,LC4+,301.2045799849564,0.6699613267006836,LC4+,451.80686997743453,0.2660276724622812,True
96.0,300.0,1.25,550.0,75.0,80.83871100512084,1.233369523751972,LC4+,296.0037424445619,0.6993028393693572,LC4+,444.0056136668428,0.28827200015808163,True
96.0,300.0,1.25,560.0,85.0,81.29950996064211,1.2369771797687448,LC4+,290.8146610914874,0.7296239402516274,LC4+,436.221991637231,0.31125897127094904,True
96.0,300.0,1.25,570.0,95.0,81.76694512063328,1.240144287713725,LC4+,285.65647651743785,0.7608562779051657,LC4+,428.484714776157,0.33493676734493616,True
96.0,300.0,1.25,580.0,105.0,82.2401534093917,1.2428708475869121,LC4+,280.54555569108106,0.7929351928635491,LC4+,420.8183335366216,0.35925636887733625,True
96.0,300.0,1.25,590.0,115.0,82.71827175121473,1.245156859388307,LC4+,275.49579172440747,0.8257992140336452,LC4+,413.24368758661126,0.38417117352848895,True
96.0,300.0,1.25,600.0,125.0,83.20043707039974,1.2470023231179086,LC4+,270.5188837410837,0.8593896035791213,LC4+,405.77832561162535,0.40963665108980507,True
96.0,300.0,1.25,610.0,135.0,83.68578629124411,1.2484072387757177,LC4+,265.624595079888,0.8936499455132159,LC4+,398.4368926198322,0.4356100315885476,True
96.0,300.0,1.25,620.0,145.0,84.17345633804521,1.249371606361734,LC4+,260.8209891921109,0.9285257737808408,LC4+,391.23148378816643,0.4620500233302065,True
96.0,300.0,1.25,630.0,155.0,84.66258413510039,1.2498954258759574,LC4+,256.11464341121166,0.9639642360956104,LC4+,384.1719651168175,0.48891655804730183,True
96.0,300.0,1.25,640.0,165.0,85.15230660670701,1.249978697318388,LC4+,251.51084134696595,0.9999137902214641,LC4+,377.2662620204489,0.5161705606450333,True
96.0,300.0,1.25,650.0,175.0,85.64176067716248,1.249621420689026,LC4+,247.01374503782654,1.0363239297593458,LC4+,370.52061755673986,0.5437737413152359,True
96.0,300.0,1.25,660.0,185.0,86.13008327076412,1.248823595987871,LC4+,242.62654822896113,1.0731449368241863,LC4+,363.93982234344173,0.5716884080363611,True
96.0,300.0,1.25,670.0,195.0,86.61641131180933,1.2475852232149236,LC4+,238.35161226625686,1.1103276592822486,LC4+,357.52741839938534,0.599877297693103,True
96.0,300.0,1.25,680.0,205.0,87.09988172459546,1.2459063023701833,LC4+,234.19058613820656,1.1478233104688362,LC4+,351.2858792073098,0.6283034242387999,True
96.0,300.0,1.25,690.0,215.0,87.57963143341989,1.2437868334536502,LC4+,230.14451218148156,1.185583289526178,LC4+,345.2167682722223,0.6569299424903565,True
96.0,300.0,1.25,700.0,225.0,88.05479736257999,1.2412268164653242,LC4+,226.21391891046957,1.2235590206943727,LC4+,339.32087836570446,0.6857200262918237,True
96.0,300.0,1.25,710.0,235.0,88.5245164363731,1.2382262514052054,LC4+,222.3989023500073,1.2617018100583421,LC4+,333.598353525011,0.7146367599116918,True
96.0,300.0,1.25,720.0,245.0,88.98792557909661,1.234785138273294,LC4+,218.69919715447784,1.2999627184031533,LC4+,328.0487957317168,0.7436430416522246,True
96.0,300.0,1.25,730.0,255.0,89.4441617150479,1.2309034770695897,LC4+,215.1142386930285,1.338292448961452,LC4+,322.6713580395427,0.772701498748775,True
96.0,300.0,1.25,740.0,265.0,89.89236176852431,1.2265812677940928,LC4+,211.64321717540733,1.376641248952097,LC4+,317.464825763111,0.8017744127244528,True
96.0,300.0,1.25,750.0,275.0,90.33166266382322,1.221818510446803,LC4+,208.28512478966533,1.4149588239100108,LC4+,312.427687184498,0.8308236544420493,True
96.0,300.0,1.25,760.0,285.0,90.76120132524201,1.2166152050277206,LC4+,205.0387967242872,1.4531942638952229,LC4+,307.5581950864308,0.8598106281617859,True
96.0,300.0,1.25,770.0,295.0,91.18011467707801,1.2109713515368452,LC4+,201.90294685478986,1.4912959807454493,LC4+,302.8544202821848,0.8886962239713678,True
96.0,300.0,1.25,780.0,305.0,91.58753964362863,1.204886949974177,LC4+,198.87619878941425,1.5292116556019653,LC4+,298.31429818412136,0.917440778004406,True
96.0,300.0,1.25,790.0,315.0,91.98261314919124,1.1983620003397162,LC4+,195.95711289061222,1.5668881959941214,LC4+,293.9356693359184,0.9460040399054168,True
96.0,300.0,1.25,800.0,325.0,92.36447211806315,1.1913965026334628,LC4+,193.14420981867406,1.6042717018140076,LC4+,289.7163147280112,0.9743451470346081,True
96.0,300.0,1.25,810.0,335.0,92.73225347454178,1.1839904568554163,LC4+,190.43599108088023,1.6413074395499665,LC4+,285.65398662132026,1.0024226049338387,True
96.0,300.0,1.25,820.0,345.0,93.08509414292449,1.1761438630055772,LC4+,187.83095701366847,1.6779398241760366,LC4+,281.74643552050276,1.0301942735966767,True
96.0,300.0,1.25,830.0,355.0,93.42213104750864,1.1678567210839452,LC4+,185.3276225760553,1.7141124081143242,LC4+,277.9914338640829,1.057617359100588,True
96.0,300.0,1.25,840.0,365.0,93.7425011125916,1.1591290310905205,LC4+,182.92453128952215,1.749767876698185,LC4+,274.38679693428327,1.084648410167477,True
96.0,300.0,1.25,850.0,375.0,94.04534126247073,1.149960793025303,LC4+,180.62026762228047,1.7848480495660182,LC4+,270.9304014334208,1.1112433192203603,True
96.0,300.0,1.25,860.0,385.0,94.32978842144341,1.1403520068882929,LC4+,178.41346808385433,1.819293887407592,LC4+,267.6202021257814,1.1373573274978703,True
96.0,300.0,1.25,870.0,395.0,94.59497951380699,1.1303026726794898,LC4+,176.30283126884657,1.8530455034665239,LC4+,264.45424690326985,1.1629450337744887,True
96.0,300.0,1.25,880.0,405.0,94.84005146385886,1.119812790398894,LC4+,174.28712706625498,1.8860421791724487,LC4+,261.43069059938244,1.1879604062115852,True
96.0,300.0,1.25,890.0,415.0,95.06414119589638,1.1088823600465054,LC4+,172.36520523246924,1.9182223832333394,LC4+,258.5478078487038,1.2123567968316369,True
96.0,300.0,1.25,900.0,425.0,95.26638563421692,1.0975113816223243,LC4+,170.53600351191645,1.9495237934601426,LC4+,255.8040052678747,1.2360869580638854,True
96.0,300.0,1.25,910.0,435.0,95.44592170311783,1.0856998551263501,LC4+,168.7985554790785,1.979883320520143,LC4+,253.1978332186178,1.259103060752182,True
96.0,300.0,1.25,920.0,445.0,95.60188632689649,1.0734477805585831,LC4+,167.15199826925243,2.009237132718902,LC4+,250.72799740387867,1.2813567129426264,True
96.0,300.0,1.25,930.0,455.0,95.73341642985027,1.0607551579190235,LC4+,165.59558036301434,2.0375206807895263,LC4+,248.3933705445215,1.3027989786767513,True
96.0,300.0,1.25,940.0,465.0,95.83964893627653,1.0476219872076713,LC4+,164.1286695910851,2.0646687215170187,LC4+,246.19300438662768,1.32338039590157,True
96.0,300.0,1.25,950.0,475.0,95.91972077047265,1.034048268424526,LC4+,162.75076153250131,2.090615338838528,LC4+,244.12614229875192,1.343050992466055,True
96.0,300.0,1.25,960.0,485.0,95.972768856736,1.0200340015695881,LC4+,161.4614884901955,2.1152939608292036,LC4+,242.19223273529317,1.361760298998416,True
96.0,300.0,1.25,970.0,495.0,95.99793011936393,1.0055791866428574,LC4+,160.26062924502997,2.138637370697826,LC4+,240.39094386754496,1.3794573572420896,True
96.0,300.0,1.25,973.780356685791,498.78035668579105,96.0,1.0,LC4+,159.8296725414238,2.1471002349056003,LC4+,239.7445088121357,1.3858732065818464,True
96.0,300.0,1.5,250.0,-225.0,74.0,1.0,LC4+,292.37427177639455,0.7203976155080098,LC4+,438.56140766459185,0.3042643287880471,True
96.0,300.0,1.5,260.0,-215.0,74.0,1.0,LC4+,297.07034420784856,0.6932016601699915,LC4+,445.6055163117729,0.28364658663649456,True
96.0,300.0,1.5,270.0,-205.0,74.0,1.0,LC4+,301.7683884424068,0.6668412572843054,LC4+,452.6525826636101,0.26366229180466916,True
96.0,300.0,1.5,280.0,-195.0,74.0,1.0,LC4+,306.46831379907775,0.641278975188833,LC4+,459.70247069861665,0.24428306667728616,True
96.0,300.0,1.5,290.0,-185.0,74.0,1.0,LC4+,311.1700350402296,0.6164795557354026,LC4+,466.7550525603445,0.22548218141901932,True
96.0,300.0,1.5,300.0,-175.0,74.0,1.0,LC4+,315.87347197159596,0.5924097609729977,LC4+,473.81020795739386,0.20723443774228612,True
96.0,300.0,1.5,310.0,-165.0,74.01439424041872,1.0292427156231843,LC4+,328.93516114290094,0.5291767479411518,LC4+,493.40274171435146,0.15929635496665173,True
96.0,300.0,1.5,320.0,-155.0,74.05700157787314,1.0576043351027828,LC4+,340.9246577462069,0.47539929591847296,LC4+,511.38698661931033,0.11852670280366673,True
96.0,300.0,1.5,330.0,-145.0,74.12695893666061,1.0850848584387962,LC4+,351.76388056479203,0.42993646531412866,LC4+,527.6458208471881,0.08406051445948504,True
96.0,300.0,1.5,340.0,-135.0,74.2234032410785,1.1116842856312237,LC4+,361.3993807384477,0.3918120140998018,LC4+,542.0990711076716,0.055157683320194106,True
96.0,300.0,1.5,350.0,-125.0,74.3454714154242,1.1374026166800657,LC4+,369.8019343709572,0.36018758489085845,LC4+,554.7029015564359,0.031182635596515462,True
96.0,300.0,1.5,360.0,-115.0,74.49230038399504,1.1622398515853223,LC4+,376.96517249930986,0.3343407738838815,LC4+,565.4477587489648,0.011587703991491338,True
96.0,300.0,1.5,370.0,-105.0,74.66302707108842,1.1861959903469934,LC4+,382.9034443183966,0.313647102066126,LC4+,574.3551664775952,-0.0041005402494050935,False
96.0,300.0,1.5,380.0,-95.0,74.85678840100171,1.2092710329650789,LC4+,387.64913710337277,0.2975651223128277,LC4+,581.4737056550592,-0.01629257791525862,False
96.0,300.0,1.5,390.0,-85.0,75.07272129803225,1.2314649794395787,LC4+,391.2496785243401,0.2856240595446464,LC4+,586.8745177865102,-0.02534531204832635,False
96.0,300.0,1.5,400.0,-75.0,75.30996268647742,1.252777829770493,LC4+,393.76442878099573,0.2774135072514612,LC4+,590.6466431714935,-0.0315698791943857,False
96.0,300.0,1.5,410.0,-65.0,75.5676494906346,1.273209583957822,LC4+,395.261637598994,0.2725748014794953,LC4+,592.8924563984913,-0.03523818893801067,False
96.0,300.0,1.5,420.0,-55.0,75.84491863480113,1.2927602420015651,LC4+,395.8156012680504,0.27079376959515855,LC4+,593.7234019020756,-0.03658842119492278,False
96.0,300.0,1.5,430.0,-45.0,76.14090704327441,1.311429803901723,LC4+,395.50411340723036,0.27179461084918377,LC4+,593.2561701108457,-0.03582966546622535,False
96.0,300.0,1.5,440.0,-35.0,76.45475164035179,1.3292182696582953,LC4+,394.4062644565987,0.2753347127815491,LC4+,591.6093966848982,-0.03314585061491604,False
96.0,300.0,1.5,450.0,-25.0,76.78558935033062,1.346125639271282,LC4+,392.6006118681582,0.28120024471310745,LC4+,588.9009178022371,-0.028699085519022338,False
96.0,300.0,1.5,460.0,-15.0,77.13255709750831,1.362151912740683,LC4+,390.1637169852991,0.2892023991532571,LC4+,585.2455754779489,-0.022632508527948736,False
96.0,300.0,1.5,470.0,-5.0,77.4947918061822,1.3772970900664987,LC4+,387.1690258722839,0.29917417558584725,LC4+,580.753538808426,-0.015072725732134584,False
96.0,300.0,1.5,480.0,5.0,77.87143040064966,1.3915611712487286,LC4+,383.68605929169973,0.3109676200604179,LC4+,575.5290889375495,-0.006131903678516681,False
96.0,300.0,1.5,490.0,15.0,78.26160980520807,1.4049441562873732,LC4+,379.77987057600967,0.3244514493016788,LC4+,569.6698058640146,0.00409042942420168,True
96.0,300.0,1.5,500.0,25.0,78.66446694415478,1.4174460451824322,LC4+,375.5107280660921,0.3395090004232024,LC4+,563.2660920991383,0.015505829346682098,True
96.0,300.0,1.5,510.0,35.0,79.07913874178716,1.4290668379339055,LC4+,370.93397987894895,0.35603645738831924,LC4+,556.4009698184233,0.028035591287102424,True
96.0,300.0,1.5,520.0,45.0,79.5047621224026,1.4398065345417934,LC4+,366.10006194040994,0.3739413135687293,LC4+,549.150092910615,0.041609584309228786,True
96.0,300.0,1.5,530.0,55.0,79.94047401029844,1.4496651350060958,LC4+,361.0546145940047,0.3931410364761816,LC4+,541.5819218910071,0.05616523905152526,True
96.0,300.0,1.5,540.0,65.0,80.38541132977207,1.4586426393268126,LC4+,355.83867800012865,0.41356190627433187,LC4+,533.7580170001931,0.07164666718213053,True
96.0,300.0,1.5,550.0,75.0,80.83871100512084,1.466739047503944,LC4+,350.48894148986216,0.43513800424584637,LC4+,525.7334122347931,0.08800389453760671,True
96.0,300.0,1.5,560.0,85.0,81.29950996064211,1.4739543595374895,LC4+,345.0380267190705,0.4578103311770385,LC4+,517.5570400786058,0.1051921927544941,True
96.0,300.0,1.5,570.0,95.0,81.76694512063328,1.48028857542745,LC4+,339.5147886945136,0.4815260387746647,LC4+,509.2721830417705,0.1231714965925883,True
96.0,300.0,1.5,580.0,105.0,82.2401534093917,1.4857416951738245,LC4+,333.9446224248069,0.5062377598646874,LC4+,500.9169336372103,0.14190589614658888,True
96.0,300.0,1.5,590.0,115.0,82.71827175121473,1.4903137187766136,LC4+,328.34976606297204,0.5319030253352852,LC4+,492.524649094458,0.1613631948201235,True
96.0,300.0,1.5,600.0,125.0,83.20043707039974,1.4940046462358172,LC4+,322.7495939755355,0.5584837576530848,LC4+,484.1243909633032,0.18151452535131174,True
96.0,300.0,1.5,610.0,135.0,83.68578629124411,1.4968144775514352,LC4+,317.1608952431427,0.5859458323649542,LC4+,475.7413428647142,0.20233401737939483,True
96.0,300.0,1.5,620.0,145.0,84.17345633804521,1.4987432127234677,LC4+,311.59813472973406,0.6142587003490221,LC4+,467.3972020946012,0.2237985110664551,True
96.0,300.0,1.5,630.0,155.0,84.66258413510039,1.4997908517519147,LC4+,306.07369511577946,0.6433950647399758,LC4+,459.1105426736692,0.245887312168676,True
96.0,300.0,1.5,640.0,165.0,85.15230660670701,1.4999573946367761,LC4+,300.5980992383927,0.6733306074603291,LC4+,450.89714885758906,0.268581984714789,True
96.0,300.0,1.5,650.0,175.0,85.64176067716248,1.4992428413780519,LC4+,295.18021277487975,0.7040437611704506,LC4+,442.77031916231954,0.29186617811729354,True
96.0,300.0,1.5,660.0,185.0,86.13008327076412,1.4976471919757424,LC4+,289.8274277971469,0.735515523230792,LC4+,434.7411416957204,0.31572548613388074,True
96.0,300.0,1.5,670.0,195.0,86.61641131180933,1.4951704464298472,LC4+,284.5458280559521,0.7677293089712489,LC4+,426.81874208392816,0.3401473356283027,True
96.0,300.0,1.5,680.0,205.0,87.09988172459546,1.4918126047403664,LC4+,279.34033706260954,0.8006708422037194,LC4+,419.01050559391433,0.36512090356597415,True
96.0,300.0,1.5,690.0,215.0,87.57963143341989,1.4875736669073,LC4+,274.21485015127513,0.8343280815116751,LC4+,411.3222752269127,0.3906370611327743,True
96.0,300.0,1.5,700.0,225.0,88.05479736257999,1.4824536329306484,LC4+,269.1723517514102,0.8686911814202136,LC4+,403.7585276271152,0.4166883442973657,True
96.0,300.0,1.5,710.0,235.0,88.5245164363731,1.4764525028104107,LC4+,264.2150190964252,0.9037524881067807,LC4+,396.32252864463777,0.44326895055941495,True
96.0,300.0,1.5,720.0,245.0,88.98792557909661,1.469570276546588,LC4+,259.3443135557414,0.9395065698708263,LC4+,389.016470333612,0.4703747620491887,True
96.0,300.0,1.5,730.0,255.0,89.4441617150479,1.4618069541391794,LC4+,254.5610607149202,0.975950283155457,LC4+,381.84159107238025,0.49800339557975004,True
96.0,300.0,1.5,740.0,265.0,89.89236176852431,1.4531625355881856,LC4+,249.86552025072402,1.0130828755214876,LC4+,374.79828037608604,0.5261542807134405,True
96.0,300.0,1.5,750.0,275.0,90.33166266382322,1.443637020893606,LC4+,245.25744656131064,1.050906127632123,LC4+,367.8861698419659,0.5548287674030148,True
96.0,300.0,1.5,760.0,285.0,90.76120132524201,1.433230410055441,LC4+,240.73614102084304,1.08942453703472,LC4+,361.1042115312646,0.5840302653198937,True
96.0,300.0,1.5,770.0,295.0,91.18011467707801,1.4219427030736904,LC4+,236.30049663576887,1.1286455473486328,LC4+,354.45074495365327,0.6137644176055905,True
96.0,300.0,1.5,780.0,305.0,91.58753964362863,1.4097738999483542,LC4+,231.94903578905388,1.1685798274128354,LC4+,347.92355368358074,0.6440393124985315,True
96.0,300.0,1.5,790.0,315.0,91.98261314919124,1.3967240006794324,LC4+,227.67994167001052,1.2092416060481361,LC4+,341.5199125050158,0.6748657371233053,True
96.0,300.0,1.5,800.0,325.0,92.36447211806315,1.3827930052669253,LC4+,223.49108390169937,1.250649069388559,LC4+,335.236625852549,0.7062574787147193,True
96.0,300.0,1.5,810.0,335.0,92.73225347454178,1.3679809137108325,LC4+,219.38003879539286,1.2928248292868996,LC4+,329.0700581930894,0.7382316797244615,True
96.0,300.0,1.5,820.0,345.0,93.08509414292449,1.3522877260111543,LC4+,215.34410458205772,1.335796473166647,LC4+,323.01615687308663,0.7708092546737202,True
96.0,300.0,1.5,830.0,355.0,93.42213104750864,1.3357134421678905,LC4+,211.38031189371247,1.3795972079600372,LC4+,317.07046784056877,0.8040153783341828,True
96.0,300.0,1.5,840.0,365.0,93.7425011125916,1.318258062181041,LC4+,207.48542969215086,1.4242666135463509,LC4+,311.2281445382264,0.8378800569231439,True
96.0,300.0,1.5,850.0,375.0,94.04534126247073,1.2999215860506061,LC4+,203.6559667678743,1.4698515245237869,LC4+,305.4839501518115,0.8724387965905975,True
96.0,300.0,1.5,860.0,385.0,94.32978842144341,1.2807040137765857,LC4+,199.88816885703915,1.5164070633902687,LC4+,299.83225328555875,0.9077333866921582,True
96.0,300.0,1.5,870.0,395.0,94.59497951380699,1.2606053453589796,LC4+,196.17801134740418,1.5639978535069172,LC4+,294.2670170211063,0.9438128193584581,True
96.0,300.0,1.5,880.0,405.0,94.84005146385886,1.239625580797788,LC4+,192.52118746410855,1.6126994468791835,LC4+,288.78178119616285,0.9807343719216604,True
96.0,300.0,1.5,890.0,415.0,95.06414119589638,1.2177647200930108,LC4+,188.91309174077028,1.6626000102217642,LC4+,283.3696376111554,1.0185648851515565,True
96.0,300.0,1.5,900.0,425.0,95.26638563421692,1.1950227632446484,LC4+,185.34879848874866,1.7138023235178075,LC4+,278.0231977331231,1.0573822783991855,True
96.0,300.0,1.5,910.0,435.0,95.44592170311783,1.1713997102527003,LC4+,181.82303487494173,1.7664261590725534,LC4+,272.73455231241263,1.0972773532001332,True
96.0,300.0,1.5,920.0,445.0,95.60188632689649,1.1468955611171663,LC4+,178.33014810323024,1.8206111268904888,LC4+,267.49522215484546,1.1383559504060425,True
96.0,300.0,1.5,930.0,455.0,95.73341642985027,1.1215103158380473,LC4+,174.86406606307628,1.8765200954355015,LC4+,262.29609909461436,1.1807415435243303,True
96.0,300.0,1.5,940.0,465.0,95.83964893627653,1.0952439744153424,LC4+,171.41825065658938,1.934343327348992,LC4+,257.127375984884,1.2245783740803495,True
96.0,300.0,1.5,950.0,475.0,95.91972077047265,1.0680965368490523,LC4+,167.98564283743278,1.9943035101325628,LC4+,251.97846425614915,1.2700352654682918,True
96.0,300.0,1.5,960.0,485.0,95.972768856736,1.0400680031391762,LC4+,164.5585981850087,2.0566619158634967,LC4+,246.8378972775131,1.317310292742107,True
96.0,300.0,1.5,970.0,495.0,95.99793011936393,1.0111583732857148,LC4+,161.12881158787977,2.1217259970024878,LC4+,241.69321738181964,1.3666365411337615,True
96.0,300.0,1.5,973.780356685791,498.78035668579105,96.0,1.0,LC4+,159.8296725414238,2.1471002349056003,LC4+,239.7445088121357,1.3858732065818464,True
96.0,300.0,2.0,250.0,-225.0,74.0,1.0,LC4+,292.37427177639455,0.7203976155080098,LC4+,438.56140766459185,0.3042643287880471,True
96.0,300.0,2.0,260.0,-215.0,74.0,1.0,LC4+,297.07034420784856,0.6932016601699915,LC4+,445.6055163117729,0.28364658663649456,True
96.0,300.0,2.0,270.0,-205.0,74.0,1.0,LC4+,301.7683884424068,0.6668412572843054,LC4+,452.6525826636101,0.26366229180466916,True
96.0,300.0,2.0,280.0,-195.0,74.0,1.0,LC4+,306.46831379907775,0.641278975188833,LC4+,459.70247069861665,0.24428306667728616,True
96.0,300.0,2.0,290.0,-185.0,74.0,1.0,LC4+,311.1700350402296,0.6164795557354026,LC4+,466.7550525603445,0.22548218141901932,True
96.0,300.0,2.0,300.0,-175.0,74.0,1.0,LC4+,315.87347197159596,0.5924097609729977,LC4+,473.81020795739386,0.20723443774228612,True
96.0,300.0,2.0,310.0,-165.0,74.01439424041872,1.0584854312463685,LC4+,337.7995747757014,0.4890486476603517,LC4+,506.69936216355217,0.12887452148670775,True
96.0,300.0,2.0,320.0,-155.0,74.05700157787314,1.115208670205566,LC4+,358.59356095720113,0.4027022645284868,LC4+,537.8903414358018,0.06341377774724233,True
96.0,300.0,2.0,330.0,-145.0,74.12695893666061,1.1701697168775922,LC4+,378.08385019271293,0.3303927151176018,LC4+,567.1257752890696,0.008594609737929915,True
96.0,300.0,2.0,340.0,-135.0,74.2234032410785,1.2233685712624474,LC4+,396.13215674569864,0.2697782581758601,LC4+,594.1982351185483,-0.03735829863937501,False
96.0,300.0,2.0,350.0,-125.0,74.3454714154242,1.2748052333601316,LC4+,412.6346295516803,0.2189960899464496,LC4+,618.9519443275204,-0.07585717236664125,False
96.0,300.0,2.0,360.0,-115.0,74.49230038399504,1.3244797031706446,LC4+,427.52150656471457,0.17654899759729425,LC4+,641.282259847072,-0.1080370753801827,False
96.0,300.0,2.0,370.0,-105.0,74.66302707108842,1.3723919806939866,LC4+,440.75546780315364,0.14122237100560597,LC4+,661.1332017047306,-0.13481882542716173,False
96.0,300.0,2.0,380.0,-95.0,74.85678840100171,1.4185420659301575,LC4+,452.32894612983347,0.11202257627709344,LC4+,678.4934191947502,-0.1569557142074256,False
96.0,300.0,2.0,390.0,-85.0,75.07272129803225,1.4629299588791573,LC4+,462.260690506946,0.0881305945534252,LC4+,693.391035760419,-0.17506865462616406,False
96.0,300.0,2.0,400.0,-75.0,75.30996268647742,1.505555659540986,LC4+,470.59187787887936,0.06886672644499359,LC4+,705.8878168183189,-0.18967293899730087,False
96.0,300.0,2.0,410.0,-65.0,75.5676494906346,1.5464191679156438,LC4+,477.38204469076135,0.053663424492292,LC4+,716.0730670361422,-0.20119883524242432,False
96.0,300.0,2.0,420.0,-55.0,75.84491863480113,1.5855204840031303,LC4+,482.7050663945242,0.04204416944919398,LC4+,724.057599591786,-0.210007601159789,False
96.0,300.0,2.0,430.0,-45.0,76.14090704327441,1.6228596078034458,LC4+,486.64536188217903,0.033606891997422395,LC4+,729.9680428232687,-0.2164040527203107,False
96.0,300.0,2.0,440.0,-35.0,76.45475164035179,1.6584365393165903,LC4+,489.29444695948916,0.028010849347827493,LC4+,733.9416704392339,-0.22064651315181283,False
96.0,300.0,2.0,450.0,-25.0,76.78558935033062,1.6922512785425639,LC4+,490.7479121031056,0.024966153894344645,LC4+,736.1218681546584,-0.22295475145451948,False
96.0,300.0,2.0,460.0,-15.0,77.13255709750831,1.7243038254813658,LC4+,491.1028581502754,0.024225356566921263,LC4+,736.6542872254136,-0.22351636321235435,False
96.0,300.0,2.0,470.0,-5.0,77.4947918061822,1.7545941801329972,LC4+,490.4557907712942,0.02557663598788129,LC4+,735.6836861569415,-0.22249193401581457,False
96.0,300.0,2.0,480.0,5.0,77.87143040064966,1.7831223424974572,LC4+,488.9009507081958,0.028838252965925015,LC4+,733.3514260622937,-0.22001924360966318,False
96.0,300.0,2.0,490.0,15.0,78.26160980520807,1.8098883125747465,LC4+,486.52904104340655,0.033854009868085067,LC4+,729.7935615651097,-0.21621670822459282,False
96.0,300.0,2.0,500.0,25.0,78.66446694415478,1.8348920903648644,LC4+,483.4263038936627,0.04048951401420409,LC4+,725.1394558404943,-0.21118621336497745,False
96.0,300.0,2.0,510.0,35.0,79.07913874178716,1.858133675867811,LC4+,479.67389542448194,0.048629089049917695,LC4+,719.5108431367228,-0.205015455352481,False
96.0,300.0,2.0,520.0,45.0,79.5047621224026,1.8796130690835868,LC4+,475.34750850151556,0.058173212237203176,LC4+,713.0212627522733,-0.19777988416212022,False
96.0,300.0,2.0,530.0,55.0,79.94047401029844,1.8993302700121917,LC4+,470.5171953577092,0.06903638158770331,LC4+,705.7757930365639,-0.18954432038679092,False
96.0,300.0,2.0,540.0,65.0,80.38541132977207,1.9172852786536252,LC4+,465.24734730946193,0.08114533679528257,LC4+,697.8710209641931,-0.18036430398024994,False
96.0,300.0,2.0,550.0,75.0,80.83871100512084,1.9334780950078878,LC4+,459.5967939929692,0.09443757348684811,LC4+,689.3951909894538,-0.17028722063024904,False
96.0,300.0,2.0,560.0,85.0,81.29950996064211,1.9479087190749793,LC4+,453.6189902293184,0.10886010249640998,LC4+,680.4284853439776,-0.1593532423751538,False
96.0,300.0,2.0,570.0,95.0,81.76694512063328,1.9605771508548997,LC4+,447.3622640696143,0.12436841548559374,LC4+,671.0433961044217,-0.14759611178560716,False
96.0,300.0,2.0,580.0,105.0,82.2401534093917,1.971483390347649,LC4+,440.87010457664303,0.1409256258893281,LC4+,661.3051568649644,-0.13504379322903137,False
96.0,300.0,2.0,590.0,115.0,82.71827175121473,1.9806274375532271,LC4+,434.1814723385273,0.15850176031421137,LC4+,651.272208507791,-0.12171901007325525,False
96.0,300.0,2.0,600.0,125.0,83.20043707039974,1.9880092924716344,LC4+,427.33111953464686,0.17707318050638277,LC4+,640.9966793019702,-0.10763968290304704,False
96.0,300.0,2.0,610.0,135.0,83.68578629124411,1.9936289551028703,LC4+,420.3499095912078,0.19662212010267788,LC4+,630.5248643868118,-0.09281928071738699,False
96.0,300.0,2.0,620.0,145.0,84.17345633804521,1.9974864254469353,LC4+,413.26512911322004,0.21713632379129622,LC4+,619.8976936698301,-0.0772670944882421,False
96.0,300.0,2.0,630.0,155.0,84.66258413510039,1.9995817035038295,LC4+,406.1007869196003,0.23860877940033087,LC4+,609.1511803794006,-0.06098844026906669,False
96.0,300.0,2.0,640.0,165.0,85.15230660670701,1.9999147892735523,LC4+,398.8778967046782,0.2610375359364969,LC4+,598.3168450570173,-0.043984797142907484,False
96.0,300.0,2.0,650.0,175.0,85.64176067716248,1.998485682756104,LC4+,391.61474116928866,0.28442560282111873,LC4+,587.4221117539331,-0.026253883613413076,False
96.0,300.0,2.0,660.0,185.0,86.13008327076412,1.9952943839514847,LC4+,384.3271164709284,0.3087809276087039,LC4+,576.4906747063927,-0.0077896744967814735,False
96.0,300.0,2.0,670.0,195.0,86.61641131180933,1.9903408928596942,LC4+,377.028556592176,0.3341164514073789,LC4+,565.542834888264,0.01141764109346699,True
96.0,300.0,2.0,680.0,205.0,87.09988172459546,1.9836252094807327,LC4+,369.73053776965793,0.3604502431264385,LC4+,554.5958066544869,0.03138176152196537,True
96.0,300.0,2.0,690.0,215.0,87.57963143341989,1.9751473338146002,LC4+,362.4426635048159,0.38780571562960175,LC4+,543.6639952572239,0.052120436501169376,True
96.0,300.0,2.0,700.0,225.0,88.05479736257999,1.9649072658612965,LC4+,355.17283092830274,0.4162119289511155,LC4+,532.7592463924542,0.07365569696492758,True
96.0,300.0,2.0,710.0,235.0,88.5245164363731,1.9529050056208217,LC4+,347.92737944114964,0.4457039880216733,LC4+,521.8910691617245,0.09601415659164614,True
96.0,300.0,2.0,720.0,245.0,88.98792557909661,1.939140553093176,LC4+,340.7112226316557,0.4763235449505441,LC4+,511.0668339474836,0.11922739259338799,True
96.0,300.0,2.0,730.0,255.0,89.4441617150479,1.923613908278359,LC4+,333.5279644860351,0.5081194189372409,LC4+,500.2919467290526,0.1433324156820437,True
96.0,300.0,2.0,740.0,265.0,89.89236176852431,1.9063250711763713,LC4+,326.3800008880241,0.5411483504853947,LC4+,489.5700013320362,0.16837224185241317,True
96.0,300.0,2.0,750.0,275.0,90.33166266382322,1.887274041787212,LC4+,319.2686073493155,0.5754759109456127,LC4+,478.9029110239731,0.19439658192298315,True
96.0,300.0,2.0,760.0,285.0,90.76120132524201,1.8664608201108819,LC4+,312.1940138375246,0.6111775937567359,LC4+,468.2910207562868,0.22146266882551768,True
96.0,300.0,2.0,770.0,295.0,91.18011467707801,1.8438854061473808,LC4+,305.15546747776455,0.6483401203901142,LC4+,457.7332012166469,0.24963624766487102,True
96.0,300.0,2.0,780.0,305.0,91.58753964362863,1.8195477998967085,LC4+,298.151283802465,0.6870630023288915,LC4+,447.2269257036975,0.27899275988353356,True
96.0,300.0,2.0,790.0,315.0,91.98261314919124,1.793448001358865,LC4+,291.17888711490326,0.7274604109655423,LC4+,436.76833067235486,0.3096187608645331,True
96.0,300.0,2.0,800.0,325.0,92.36447211806315,1.7655860105338506,LC4+,284.2348404169925,0.769663420789878,LC4+,426.3522606254888,0.3416136205325515,True
96.0,300.0,2.0,810.0,335.0,92.73225347454178,1.735961827421665,LC4+,277.31486523221224,0.8138227086341303,LC4+,415.9722978483184,0.37509156970009583,True
96.0,300.0,2.0,820.0,345.0,93.08509414292449,1.7045754520223086,LC4+,270.41385153040494,0.8601118143662971,LC4+,405.62077729560735,0.4101841720576833,True
96.0,300.0,2.0,830.0,355.0,93.42213104750864,1.671426884335781,LC4+,263.52585783207576,0.9087310981092498,LC4+,395.2887867481137,0.4470433242127114,True
96.0,300.0,2.0,840.0,365.0,93.7425011125916,1.6365161243620818,LC4+,256.64410143496167,0.959912568368416,LC4+,384.96615215244253,0.48584491597976665,True
96.0,300.0,2.0,850.0,375.0,94.04534126247073,1.5998431721012123,LC4+,249.76093856356025,1.013925807986161,LC4+,374.6414078453404,0.5267933229530604,True
96.0,300.0,2.0,860.0,385.0,94.32978842144341,1.5614080275531712,LC4+,242.86783409138843,1.0710852957610135,LC4+,364.3017511370826,0.5701269571574552,True
96.0,300.0,2.0,870.0,395.0,94.59497951380699,1.521210690717959,LC4+,235.95532032397958,1.1317595183247127,LC4+,353.9329804859694,0.616125174926091,True
96.0,300.0,2.0,880.0,405.0,94.84005146385886,1.4792511615955761,LC4+,229.01294415601754,1.1963824003647838,LC4+,343.5194162340263,0.6651169423573973,True
96.0,300.0,2.0,890.0,415.0,95.06414119589638,1.435529440186022,LC4+,222.02920172660953,1.265467767700923,LC4+,333.04380258991426,0.7174918000330393,True
96.0,300.0,2.0,900.0,425.0,95.26638563421692,1.3900455264892968,LC4+,214.99145949120512,1.339627821451097,LC4+,322.4871892368077,0.7737138686150131,True
96.0,300.0,2.0,910.0,435.0,95.44592170311783,1.3427994205054004,LC4+,207.88586040703615,1.419596979877018,LC4+,311.8287906105543,0.8343399237768774,True
96.0,300.0,2.0,920.0,445.0,95.60188632689649,1.2937911222343328,LC4+,200.6972136938648,1.5062629955952218,LC4+,301.04582054079737,0.9000429867202997,True
96.0,300.0,2.0,930.0,455.0,95.73341642985027,1.2430206316760946,LC4+,193.4088663910644,1.6007080718986049,LC4+,290.11329958659667,0.9716434951968214,True
96.0,300.0,2.0,940.0,465.0,95.83964893627653,1.1904879488306848,LC4+,186.00255470305623,1.7042639323046629,LC4+,279.00383205458445,1.0501510527213607,True
96.0,300.0,2.0,950.0,475.0,95.91972077047265,1.1361930736981045,LC4+,178.45823294321633,1.8185866894695168,LC4+,267.6873494148245,1.1368211880405084,True
96.0,300.0,2.0,960.0,485.0,95.972768856736,1.0801360062783525,LC4+,170.75387782047278,1.9457603330616253,LC4+,256.1308167307091,1.2332338111481116,True
96.0,300.0,2.0,970.0,495.0,95.99793011936393,1.0223167465714296,LC4+,162.86526599565664,2.088442443052371,LC4+,244.29789899348498,1.3414036811477215,True
96.0,300.0,2.0,973.780356685791,498.78035668579105,96.0,1.0,LC4+,159.8296725414238,2.1471002349056003,LC4+,239.7445088121357,1.3858732065818464,True
96.0,350.0,1.25,250.0,-225.0,74.0,1.0,LC4+,292.37427177639455,0.7203976155080098,LC4+,438.56140766459185,0.3042643287880471,True
96.0,350.0,1.25,260.0,-215.0,74.0,1.0,LC4+,297.07034420784856,0.6932016601699915,LC4+,445.6055163117729,0.28364658663649456,True
96.0,350.0,1.25,270.0,-205.0,74.0,1.0,LC4+,301.7683884424068,0.6668412572843054,LC4+,452.6525826636101,0.26366229180466916,True
96.0,350.0,1.25,280.0,-195.0,74.0,1.0,LC4+,306.46831379907775,0.641278975188833,LC4+,459.70247069861665,0.24428306667728616,True
96.0,350.0,1.25,290.0,-185.0,74.0,1.0,LC4+,311.1700350402296,0.6164795557354026,LC4+,466.7550525603445,0.22548218141901932,True
96.0,350.0,1.25,300.0,-175.0,74.0,1.0,LC4+,315.87347197159596,0.5924097609729977,LC4+,473.81020795739386,0.20723443774228612,True
96.0,350.0,1.25,310.0,-165.0,74.0,1.0,LC4+,320.5785490768347,0.5690382324347081,LC4+,480.867823615252,0.18951606223015638,True
96.0,350.0,1.25,320.0,-155.0,74.0,1.0,LC4+,325.28519518322923,0.5463353618558207,LC4+,487.92779277484374,0.17230460832542027,True
96.0,350.0,1.25,330.0,-145.0,74.0,1.0,LC4+,329.99334315549385,0.52427317227119,LC4+,494.9900147332408,0.15557886618836392,True
96.0,350.0,1.25,340.0,-135.0,74.0,1.0,LC4+,334.7029296149834,0.5028252085472111,LC4+,502.0543944224753,0.13931877970709672,True
96.0,350.0,1.25,350.0,-125.0,74.0,1.0,LC4+,339.41389468189226,0.4819664364990861,LC4+,509.12084202283864,0.1235053700165365,True
96.0,350.0,1.25,360.0,-115.0,74.01678085301177,1.0157742818531628,LC4+,348.6523851804729,0.4426977166372523,LC4+,522.9785777707093,0.09373504826574997,True
96.0,350.0,1.25,370.0,-105.0,74.06639827918926,1.031034559578258,LC4+,356.5663450834063,0.41067716270962307,LC4+,534.8495176251097,0.06945969127886564,True
96.0,350.0,1.25,380.0,-95.0,74.14776457924573,1.0457808331752856,LC4+,363.1244669804965,0.3851999678859872,LC4+,544.6867004707448,0.050144972340337546,True
96.0,350.0,1.25,390.0,-85.0,74.25979205389443,1.0600131026442456,LC4+,368.32495222242153,0.3656419337461878,LC4+,552.4874283336324,0.035317675417918304,True
96.0,350.0,1.25,400.0,-75.0,74.40139300384864,1.0737313679851384,LC4+,372.1930241268375,0.35144929483843734,LC4+,558.2895361902563,0.02455798097758266,True
96.0,350.0,1.25,410.0,-65.0,74.5714797298216,1.0869356291979635,LC4+,374.7774245655972,0.34212993374140677,LC4+,562.1661368483959,0.017492805964326674,True
96.0,350.0,1.25,420.0,-55.0,74.7689645325266,1.099625886282721,LC4+,376.1462613237897,0.3372457783569822,LC4+,564.2193919856844,0.013790040053272445,True
96.0,350.0,1.25,430.0,-45.0,74.99275971267686,1.111802139239411,LC4+,376.3825681053718,0.3364062064085298,LC4+,564.5738521580577,0.013153545481350726,True
96.0,350.0,1.25,440.0,-35.0,75.24177757098566,1.1234643880680335,LC4+,375.57989671731497,0.3392623098210963,LC4+,563.3698450759724,0.015318808770930614,True
96.0,350.0,1.25,450.0,-25.0,75.51493040816628,1.1346126327685884,LC4+,373.8381952151228,0.3455018947717523,LC4+,560.7572928226841,0.020049150178187647,True
96.0,350.0,1.25,460.0,-15.0,75.81113052493195,1.1452468733410759,LC4+,371.2601502239181,0.3548451125083736,LC4+,556.8902253358773,0.027132411338355977,True
96.0,350.0,1.25,470.0,-5.0,76.12929022199596,1.1553671097854958,LC4+,367.94809763135447,0.3670406321925148,LC4+,551.9221464470319,0.03637805382918269,True
96.0,350.0,1.25,480.0,5.0,76.46832180007154,1.1649733421018482,LC4+,364.0015413080918,0.3818622805617724,LC4+,546.0023119621377,0.04761461163861358,True
96.0,350.0,1.25,490.0,15.0,76.82713755987197,1.1740655702901333,LC4+,359.51526874709975,0.39910608457031693,LC4+,539.2729031206497,0.06068744913747004,True
96.0,350.0,1.25,500.0,25.0,77.20464980211051,1.1826437943503505,LC4+,354.5780167272376,0.41858766271722203,LC4+,531.8670250908566,0.07545678339860928,True
96.0,350.0,1.25,510.0,35.0,77.59977082750041,1.1907080142825004,LC4+,349.2716182847653,0.4401399188121211,LC4+,523.9074274271477,0.09179593579924927,True
96.0,350.0,1.25,520.0,45.0,78.01141293675494,1.1982582300865827,LC4+,343.67055211039605,0.46361099870559497,LC4+,515.505828165594,0.10958978298157773,True
96.0,350.0,1.25,530.0,55.0,78.43848843058736,1.2052944417625975,LC4+,337.84181415613153,0.488862476234341,LC4+,506.7627212341974,0.12873338158521253,True
96.0,350.0,1.25,540.0,65.0,78.87990960971092,1.2118166493105447,LC4+,331.84503595243984,0.5157677394700886,LC4+,497.76755392865994,0.1491307448335193,True
96.0,350.0,1.25,550.0,75.0,79.33458877483889,1.2178248527304245,LC4+,325.73278248810544,0.5442105524591088,LC4+,488.59917373215814,0.17069375216250537,True
96.0,350.0,1.25,560.0,85.0,79.80143822668454,1.2233190520222368,LC4+,319.55097259134743,0.5740837711148306,LC4+,479.32645888702126,0.193341175715948,True
96.0,350.0,1.25,570.0,95.0,80.27937026596112,1.2282992471859815,LC4+,313.3393752005051,0.6052881948785769,LC4+,470.00906280075776,0.2169978097687817,True
96.0,350.0,1.25,580.0,105.0,80.76729719338189,1.2327654382216586,LC4+,307.1321448261294,0.6377315382756612,LC4+,460.69821723919404,0.24159369104529915,True
96.0,350.0,1.25,590.0,115.0,81.26413130966012,1.2367176251292682,LC4+,300.9583683636081,0.6713275086349877,LC4+,451.4375525454122,0.26706339952181946,True
96.0,350.0,1.25,600.0,125.0,81.76878491550904,1.2401558079088104,LC4+,294.842602977425,0.7059949780680537,LC4+,442.26390446613743,0.29334543068910124,True
96.0,350.0,1.25,610.0,135.0,82.28017031164195,1.243079986560285,LC4+,288.8053909981901,0.7416572393662564,LC4+,433.2080864972851,0.3203816314347232,True
96.0,350.0,1.25,620.0,145.0,82.7971997987721,1.245490161083692,LC4+,282.86374272522215,0.7782413368143166,LC4+,424.2956140878332,0.348116692720728,True
96.0,350.0,1.25,630.0,155.0,83.31878567761274,1.2473863314790317,LC4+,277.0315818500833,0.8156774640668962,LC4+,415.54737277512504,0.37649769310306747,True
96.0,350.0,1.25,640.0,165.0,83.84384024887713,1.2487684977463036,LC4+,271.3201510774982,0.8538984222234425,LC4+,406.98022661624736,0.40547368788841487,True
96.0,350.0,1.25,650.0,175.0,84.37127581327854,1.2496366598855082,LC4+,265.7383775901112,0.8928391320874756,LC4+,398.60756638516693,0.4349953393691661,True
96.0,350.0,1.25,660.0,185.0,84.90000467153024,1.249990817896645,LC4+,260.2931994418813,0.9324361953309912,LC4+,390.4397991628219,0.4650145841342972,True
96.0,350.0,1.25,670.0,195.0,85.42893912434546,1.2498309717797145,LC4+,254.9898549120277,0.9726274999196991,LC4+,382.4847823680417,0.4954843339351458,True
96.0,350.0,1.25,680.0,205.0,85.95699147243748,1.2491571215347164,LC4+,249.83213742617676,1.013351865704756,LC4+,374.748206139265,0.5263582070021484,True
96.0,350.0,1.25,690.0,215.0,86.48307401651957,1.247969267161651,LC4+,244.82261895111344,1.0545487265636995,LC4+,367.23392842667016,0.5575902870701606,True
96.0,350.0,1.25,700.0,225.0,87.00609905730497,1.2462674086605177,LC4+,239.96284487201677,1.096157845887654,LC4+,359.9442673080252,0.5891349076842123,True
96.0,350.0,1.25,710.0,235.0,87.52497889550695,1.244051546031317,LC4+,235.25350332681387,1.138119062572399,LC4+,352.88025499022086,0.6209464596307648,True
96.0,350.0,1.25,720.0,245.0,88.03862583183877,1.241321679274049,LC4+,230.69457184757076,1.1803720649844873,LC4+,346.04185777135615,0.6529792195773714,True
96.0,350.0,1.25,730.0,255.0,88.5459521670137,1.2380778083887132,LC4+,226.2854439781043,1.2228561906468496,LC4+,339.42816596715636,0.6851871982107334,True
96.0,350.0,1.25,740.0,265.0,89.04587020174499,1.23431993337531,LC4+,222.0250383254747,1.2655102496261423,LC4+,333.0375574882121,0.7175240063434769,True
96.0,350.0,1.25,750.0,275.0,89.5372922367459,1.2300480542338392,LC4+,217.91189227864868,1.3082723698108358,LC4+,326.86783841797296,0.7499427376166976,True
96.0,350.0,1.25,760.0,285.0,90.0191305727297,1.225262170964301,LC4+,213.9442424027861,1.3510798624485427,LC4+,320.91636360417925,0.7823958665613864,True
96.0,350.0,1.25,770.0,295.0,90.49029751040963,1.2199622835666952,LC4+,210.12009330057083,1.3938691064660476,LC4+,315.1801399508562,0.8148351608993762,True
96.0,350.0,1.25,780.0,305.0,90.94970535049899,1.2141483920410219,LC4+,206.43727652791213,1.4365754502287769,LC4+,309.6559147918681,0.8472116070654219,True
96.0,350.0,1.25,790.0,315.0,91.39626639371099,1.207820496387281,LC4+,202.89350096317145,1.4791331295096675,LC4+,304.34025144475726,0.8794753480179318,True
96.0,350.0,1.25,800.0,325.0,91.82889294075892,1.2009785966054727,LC4+,199.48639585817472,1.521475200532516,LC4+,299.22959378726205,0.9115756324779316,True
96.0,350.0,1.25,810.0,335.0,92.24649729235605,1.1936226926955968,LC4+,196.21354764599843,1.5635334870326836,LC4+,294.3203214689976,0.9434607747948249,True
96.0,350.0,1.25,820.0,345.0,92.64799174921563,1.1857527846576534,LC4+,193.0725314444394,1.605238540339689,LC4+,289.608797166659,0.9750781246842979,True
96.0,350.0,1.25,830.0,355.0,93.0322886120509,1.1773688724916425,LC4+,190.0609380743811,1.646519611531902,LC4+,285.0914071115717,1.0063740461182875,True
96.0,350.0,1.25,840.0,365.0,93.39830018157517,1.168470956197564,LC4+,187.1763973078695,1.6873046347433478,LC4+,280.7645959618042,1.0372939046695762,True
96.0,350.0,1.25,850.0,375.0,93.74493875850163,1.159059035775418,LC4+,184.4165979704104,1.727520220716284,LC4+,276.62489695561567,1.0677820626238756,True
96.0,350.0,1.25,860.0,385.0,94.07111664354362,1.1491331112252046,LC4+,181.77930544461313,1.767091659689835,LC4+,272.6689581669197,1.097781881169762,True
96.0,350.0,1.25,870.0,395.0,94.37574613741432,1.1386931825469233,LC4+,179.26237705668964,1.8059429326931893,LC4+,268.8935655850345,1.127235728960244,True
96.0,350.0,1.25,880.0,405.0,94.65773954082707,1.127739249740575,LC4+,176.86377577243158,1.8439967302699896,LC4+,265.29566365864736,1.156084996308064,True
96.0,350.0,1.25,890.0,415.0,94.91600915449509,1.1162713128061588,LC4+,174.5815825842438,1.8811744775957622,LC4+,261.87237387636577,1.184270114227668,True
96.0,350.0,1.25,900.0,425.0,95.14946727913163,1.104289371743675,LC4+,172.41400793487134,1.9173963648592065,LC4+,258.62101190230703,1.2117305774678142,True
96.0,350.0,1.25,910.0,435.0,95.35702621544996,1.091793426553124,LC4+,170.35940249606494,1.9525813816564574,LC4+,255.53910374409742,1.2384049705864726,True
96.0,350.0,1.25,920.0,445.0,95.53759826416335,1.0787834772345053,LC4+,168.41626760125692,1.986647353989016,LC4+,252.62440140188545,1.2642309959996245,True
96.0,350.0,1.25,930.0,455.0,95.69009572598506,1.0652595237878193,LC4+,166.58326562023817,2.019510982253734,LC4+,249.87489843035732,1.2891455027821541,True
96.0,350.0,1.25,940.0,465.0,95.81343090162834,1.0512215662130655,LC4+,164.8592305610181,2.051087878357096,LC4+,247.28884584152718,1.313084514804849,True
96.0,350.0,1.25,950.0,475.0,95.90651609180645,1.0366696045102444,LC4+,163.24317918996468,2.081292599764081,LC4+,244.86476878494702,1.3359832565474545,True
96.0,350.0,1.25,960.0,485.0,95.96826359723266,1.0216036386793554,LC4+,161.73432297685218,2.1100386778877516,LC4+,242.60148446527825,1.357776174621331,True
96.0,350.0,1.25,970.0,495.0,95.99758571862026,1.0060236687203992,LC4+,160.3320811978943,2.1372386377194115,LC4+,240.49812179684145,1.3783969526514293,True
96.0,350.0,1.25,973.780356685791,498.78035668579105,96.0,1.0,LC4+,159.8296725414238,2.1471002349056003,LC4+,239.7445088121357,1.3858732065818464,True
96.0,350.0,1.5,250.0,-225.0,74.0,1.0,LC4+,292.37427177639455,0.7203976155080098,LC4+,438.56140766459185,0.3042643287880471,True
96.0,350.0,1.5,260.0,-215.0,74.0,1.0,LC4+,297.07034420784856,0.6932016601699915,LC4+,445.6055163117729,0.28364658663649456,True
96.0,350.0,1.5,270.0,-205.0,74.0,1.0,LC4+,301.7683884424068,0.6668412572843054,LC4+,452.6525826636101,0.26366229180466916,True
96.0,350.0,1.5,280.0,-195.0,74.0,1.0,LC4+,306.46831379907775,0.641278975188833,LC4+,459.70247069861665,0.24428306667728616,True
96.0,350.0,1.5,290.0,-185.0,74.0,1.0,LC4+,311.1700350402296,0.6164795557354026,LC4+,466.7550525603445,0.22548218141901932,True
96.0,350.0,1.5,300.0,-175.0,74.0,1.0,LC4+,315.87347197159596,0.5924097609729977,LC4+,473.81020795739386,0.20723443774228612,True
96.0,350.0,1.5,310.0,-165.0,74.0,1.0,LC4+,320.5785490768347,0.5690382324347081,LC4+,480.867823615252,0.18951606223015638,True
96.0,350.0,1.5,320.0,-155.0,74.0,1.0,LC4+,325.28519518322923,0.5463353618558207,LC4+,487.92779277484374,0.17230460832542027,True
96.0,350.0,1.5,330.0,-145.0,74.0,1.0,LC4+,329.99334315549385,0.52427317227119,LC4+,494.9900147332408,0.15557886618836392,True
96.0,350.0,1.5,340.0,-135.0,74.0,1.0,LC4+,334.7029296149834,0.5028252085472111,LC4+,502.0543944224753,0.13931877970709672,True
96.0,350.0,1.5,350.0,-125.0,74.0,1.0,LC4+,339.41389468189226,0.4819664364990861,LC4+,509.12084202283864,0.1235053700165365,True
96.0,350.0,1.5,360.0,-115.0,74.01678085301177,1.0315485637063255,LC4+,353.8090087386865,0.4216709794732836,LC4+,530.7135131080298,0.07779430120439779,True
96.0,350.0,1.5,370.0,-105.0,74.06639827918926,1.0620691191565157,LC4+,366.8086406545702,0.37128721695976474,LC4+,550.2129609818554,0.03959746600528202,True
96.0,350.0,1.5,380.0,-95.0,74.14776457924573,1.0915616663505712,LC4+,378.32218110907377,0.3295546101088387,LC4+,567.4832716636106,0.007959227279331627,True
96.0,350.0,1.5,390.0,-85.0,74.25979205389443,1.1200262052884913,LC4+,388.29499395862626,0.2954068628904236,LC4+,582.4424909379395,-0.01792879314337692,False
96.0,350.0,1.5,400.0,-75.0,74.40139300384864,1.1474627359702767,LC4+,396.7070913277954,0.2679380101737978,LC4+,595.0606369916931,-0.038753423698591916,False
96.0,350.0,1.5,410.0,-65.0,74.5714797298216,1.1738712583959268,LC4+,403.57030105686357,0.2463751635904612,LC4+,605.3554515852956,-0.05510060493870972,False
96.0,350.0,1.5,420.0,-55.0,74.7689645325266,1.199251772565442,LC4+,408.92431652908806,0.23005646685288283,LC4+,613.386474793632,-0.06747210200152542,False
96.0,350.0,1.5,430.0,-45.0,74.99275971267686,1.223604278478822,LC4+,412.83204929360033,0.2184131558116349,LC4+,619.2480739404006,-0.0762991052031079,False
96.0,350.0,1.5,440.0,-35.0,75.24177757098566,1.246928776136067,LC4+,415.3746854186007,0.21095487437587446,LC4+,623.062028127901,-0.08195336230218664,False
96.0,350.0,1.5,450.0,-25.0,75.51493040816628,1.269225265537177,LC4+,416.64679056100954,0.20725758939056504,LC4+,624.9701858415142,-0.08475634044876956,False
96.0,350.0,1.5,460.0,-15.0,75.81113052493195,1.2904937466821518,LC4+,416.75173183903746,0.2069535926830277,LC4+,625.1275977585562,-0.08498680581220441,False
96.0,350.0,1.5,470.0,-5.0,76.12929022199596,1.3107342195709917,LC4+,415.79760112071904,0.20972318898483344,LC4+,623.6964016810786,-0.0828871251168658,False
96.0,350.0,1.5,480.0,5.0,76.46832180007154,1.3299466842036967,LC4+,413.89374549178626,0.21528775314625292,LC4+,620.8406182376796,-0.07866852909256927,False
96.0,350.0,1.5,490.0,15.0,76.82713755987197,1.3481311405802665,LC4+,411.14794367183515,0.22340390543574795,LC4+,616.7219155077528,-0.0725155282846286,False
96.0,350.0,1.5,500.0,25.0,77.20464980211051,1.365287588700701,LC4+,407.66421546978546,0.23385860448985252,LC4+,611.4963232046783,-0.06458963317667932,False
96.0,350.0,1.5,510.0,35.0,77.59977082750041,1.3814160285650008,LC4+,403.54121547728573,0.24646499715048953,LC4+,605.3118232159286,-0.055032500503538806,False
96.0,350.0,1.5,520.0,45.0,78.01141293675494,1.3965164601731654,LC4+,398.8711405575012,0.26105889560462603,LC4+,598.3067108362517,-0.04396860399490232,False
96.0,350.0,1.5,530.0,55.0,78.43848843058736,1.410588883525195,LC4+,393.7390706904816,0.277495776880645,LC4+,590.6086060357223,-0.03150750911102851,False
96.0,350.0,1.5,540.0,65.0,78.87990960971092,1.4236332986210896,LC4+,388.22266144058074,0.2956482193324679,LC4+,582.333992160871,-0.01774581649016338,False
96.0,350.0,1.5,550.0,75.0,79.33458877483889,1.435649705460849,LC4+,382.39211092486505,0.31540370637728143,LC4+,573.5881663872976,-0.0027688269744137184,False
96.0,350.0,1.5,560.0,85.0,79.80143822668454,1.4466381040444736,LC4+,376.3103323178474,0.33666274030218557,LC4+,564.4654984767711,0.01334802843320082,True
96.0,350.0,1.5,570.0,95.0,80.27937026596112,1.456598494371963,LC4+,370.0332727895926,0.35933721907763294,LC4+,555.049909184389,0.03053795800186343,True
96.0,350.0,1.5,580.0,105.0,80.76729719338189,1.4655308764433173,LC4+,363.6103300251597,0.3833490373202415,LC4+,545.4154950377397,0.048741748637744164,True
96.0,350.0,1.5,590.0,115.0,81.26413130966012,1.4734352502585364,LC4+,357.0848272505251,0.4086288792301531,LC4+,535.6272408757877,0.06790685078813441,True
96.0,350.0,1.5,600.0,125.0,81.76878491550904,1.4803116158176208,LC4+,350.4945164905181,0.43511517679794465,LC4+,525.7417747357772,0.08798658863939601,True
96.0,350.0,1.5,610.0,135.0,82.28017031164195,1.48615997312057,LC4+,343.8720873699915,0.46275321107640166,LC4+,515.8081310549873,0.10893947877495247,True
96.0,350.0,1.5,620.0,145.0,82.7971997987721,1.490980322167384,LC4+,337.245665084183,0.4914943380352763,LC4+,505.86849762627446,0.1307286432818795,True
96.0,350.0,1.5,630.0,155.0,83.31878567761274,1.4947726629580633,LC4+,330.6392862659788,0.5212953236154996,LC4+,495.9589293989683,0.1533213056435594,True
96.0,350.0,1.5,640.0,165.0,83.84384024887713,1.4975369954926072,LC4+,324.0733454887421,0.5521177751950401,LC4+,486.1100182331132,0.17668835972374142,True
96.0,350.0,1.5,650.0,175.0,84.37127581327854,1.4992733197710162,LC4+,317.5650082142549,0.5839276588705131,LC4+,476.3475123213823,0.20080400380905705,True
96.0,350.0,1.5,660.0,185.0,84.90000467153024,1.4999816357932902,LC4+,311.12858828268304,0.6166948938263037,LC4+,466.6928824240245,0.2256454330929698,True
96.0,350.0,1.5,670.0,195.0,85.42893912434546,1.4996619435594292,LC4+,304.77588969337904,0.6503930166721688,LC4+,457.1638345400686,0.25119258520408283,True
96.0,350.0,1.5,680.0,205.0,85.95699147243748,1.498314243069433,LC4+,298.51651357416546,0.6849989100352778,LC4+,447.774770361248,0.27742793444689107,True
96.0,350.0,1.5,690.0,215.0,86.48307401651957,1.4959385343233018,LC4+,292.35813199601597,0.7204925909393021,LC4+,438.53719799402387,0.30433633136816574,True
96.0,350.0,1.5,700.0,225.0,87.00609905730497,1.4925348173210355,LC4+,286.306730754097,0.7568570556310688,LC4+,429.46009613114563,0.3319048851172577,True
96.0,350.0,1.5,710.0,235.0,87.52497889550695,1.4881030920626341,LC4+,280.36682348142415,0.7940781785592637,LC4+,420.5502352221364,0.36012288686003746,True
96.0,350.0,1.5,720.0,245.0,88.03862583183877,1.4826433585480978,LC4+,274.54163954855363,0.8321446642014487,LC4+,411.81245932283053,0.3889817732580896,True
96.0,350.0,1.5,730.0,255.0,88.5459521670137,1.4761556167774266,LC4+,268.8332881788553,0.8710480514055727,LC4+,403.24993226828303,0.41847512976008927,True
96.0,350.0,1.5,740.0,265.0,89.04587020174499,1.46863986675062,LC4+,263.24290110996657,0.9107827708899081,LC4+,394.86435166494994,0.4485987341935418,True
96.0,350.0,1.5,750.0,275.0,89.5372922367459,1.4600961084676785,LC4+,257.7707559848989,0.951346257561767,LC4+,386.6561339773483,0.4793506419156144,True
96.0,350.0,1.5,760.0,285.0,90.0191305727297,1.450524341928602,LC4+,252.41638248063794,0.9927391204038967,LC4+,378.6245737209569,0.5107313146070629,True
96.0,350.0,1.5,770.0,295.0,90.49029751040963,1.4399245671333905,LC4+,247.17865299207136,1.0349653738752855,LC4+,370.7679794881071,0.542743795701343,True
96.0,350.0,1.5,780.0,305.0,90.94970535049899,1.4282967840820437,LC4+,242.05585949440612,1.07803273612397,LC4+,363.0837892416092,0.5753939364650904,True
96.0,350.0,1.5,790.0,315.0,91.39626639371099,1.4156409927745621,LC4+,237.04577801439,1.1219530008649428,LC4+,355.5686670215851,0.6086906779254435,True
96.0,350.0,1.5,800.0,325.0,91.82889294075892,1.4019571932109454,LC4+,232.14572195358238,1.1667424916000608,LC4+,348.2185829303736,0.6426463952223123,True
96.0,350.0,1.5,810.0,335.0,92.24649729235605,1.3872453853911937,LC4+,227.35258532778008,1.2124226090273482,LC4+,341.0288779916701,0.6772773126092027,True
96.0,350.0,1.5,820.0,345.0,92.64799174921563,1.3715055693153069,LC4+,222.66287681620474,1.2590204851040223,LC4+,333.9943152243071,0.7126039993101401,True
96.0,350.0,1.5,830.0,355.0,93.0322886120509,1.354737744983285,LC4+,218.07274535197232,1.306569760417109,LC4+,327.10911802795846,0.7486519588582987,True
96.0,350.0,1.5,840.0,365.0,93.39830018157517,1.3369419123951278,LC4+,213.5779978306233,1.355111505441216,LC4+,320.36699674593496,0.7854523275180589,True
96.0,350.0,1.5,850.0,375.0,93.74493875850163,1.318118071550836,LC4+,209.17410936447413,1.404695311136957,LC4+,313.7611640467113,0.8230427010872616,True
96.0,350.0,1.5,860.0,385.0,94.07111664354362,1.2982662224504091,LC4+,204.85622636511988,1.455380580444217,LC4+,307.28433954767985,0.8614681140014475,True
96.0,350.0,1.5,870.0,395.0,94.37574613741432,1.2773863650938468,LC4+,200.619162592033,1.5072380599198811,LC4+,300.9287438880495,0.9007822004959205,True
96.0,350.0,1.5,880.0,405.0,94.65773954082707,1.2554784994811499,LC4+,196.45738815883303,1.5603516605510994,LC4+,294.6860822382495,0.9410485749969899,True
96.0,350.0,1.5,890.0,415.0,94.91600915449509,1.2325426256123175,LC4+,192.36501133699747,1.6148206293025504,LC4+,288.5475170054963,0.9823424784109458,True
96.0,350.0,1.5,900.0,425.0,95.14946727913163,1.2085787434873503,LC4+,188.33575283549413,1.6707621491250046,LC4+,282.50362925324123,1.0247527492372464,True
96.0,350.0,1.5,910.0,435.0,95.35702621544996,1.1835868531062481,LC4+,184.36291205932332,1.7283144661880114,LC4+,276.54436808898504,1.0683841943797776,True
96.0,350.0,1.5,920.0,445.0,95.53759826416335,1.1575669544690108,LC4+,180.43932465468785,1.787640670694186,LC4+,270.6589869820319,1.1133604554500645,True
96.0,350.0,1.5,930.0,455.0,95.69009572598506,1.1305190475756386,LC4+,176.55731042677795,1.8489332941475949,LC4+,264.83596564016693,1.159827494038998,True
96.0,350.0,1.5,940.0,465.0,95.81343090162834,1.102443132426131,LC4+,172.70861045993536,1.912419934712433,LC4+,259.0629156899031,1.2079578564022682,True
96.0,350.0,1.5,950.0,475.0,95.90651609180645,1.0733392090204885,LC4+,168.8843119694116,1.9783701880557358,LC4+,253.32646795411733,1.2579559278567016,True
96.0,350.0,1.5,960.0,485.0,95.96826359723266,1.043207277358711,LC4+,165.0747590570853,2.0471042506629082,LC4+,247.61213858562795,1.3100644551082619,True
96.0,350.0,1.5,970.0,495.0,95.99758571862026,1.0120473374407983,LC4+,161.26944711555782,2.119003686045843,LC4+,241.90417067333678,1.3645727083077825,True
96.0,350.0,1.5,973.780356685791,498.78035668579105,96.0,1.0,LC4+,159.8296725414238,2.1471002349056003,LC4+,239.7445088121357,1.3858732065818464,True
96.0,350.0,2.0,250.0,-225.0,74.0,1.0,LC4+,292.37427177639455,0.7203976155080098,LC4+,438.56140766459185,0.3042643287880471,True
96.0,350.0,2.0,260.0,-215.0,74.0,1.0,LC4+,297.07034420784856,0.6932016601699915,LC4+,445.6055163117729,0.28364658663649456,True
96.0,350.0,2.0,270.0,-205.0,74.0,1.0,LC4+,301.7683884424068,0.6668412572843054,LC4+,452.6525826636101,0.26366229180466916,True
96.0,350.0,2.0,280.0,-195.0,74.0,1.0,LC4+,306.46831379907775,0.641278975188833,LC4+,459.70247069861665,0.24428306667728616,True
96.0,350.0,2.0,290.0,-185.0,74.0,1.0,LC4+,311.1700350402296,0.6164795557354026,LC4+,466.7550525603445,0.22548218141901932,True
96.0,350.0,2.0,300.0,-175.0,74.0,1.0,LC4+,315.87347197159596,0.5924097609729977,LC4+,473.81020795739386,0.20723443774228612,True
96.0,350.0,2.0,310.0,-165.0,74.0,1.0,LC4+,320.5785490768347,0.5690382324347081,LC4+,480.867823615252,0.18951606223015638,True
96.0,350.0,2.0,320.0,-155.0,74.0,1.0,LC4+,325.28519518322923,0.5463353618558207,LC4+,487.92779277484374,0.17230460832542027,True
96.0,350.0,2.0,330.0,-145.0,74.0,1.0,LC4+,329.99334315549385,0.52427317227119,LC4+,494.9900147332408,0.15557886618836392,True
96.0,350.0,2.0,340.0,-135.0,74.0,1.0,LC4+,334.7029296149834,0.5028252085472111,LC4+,502.0543944224753,0.13931877970709672,True
96.0,350.0,2.0,350.0,-125.0,74.0,1.0,LC4+,339.41389468189226,0.4819664364990861,LC4+,509.12084202283864,0.1235053700165365,True
96.0,350.0,2.0,360.0,-115.0,74.01678085301177,1.0630971274126508,LC4+,364.1263698190964,0.38138855543447225,LC4+,546.1895547286445,0.04725547211201908,True
96.0,350.0,2.0,370.0,-105.0,74.06639827918926,1.1241382383130316,LC4+,387.3074537844387,0.2987098365526206,LC4+,580.9611806766582,-0.015424749492248147,False
96.0,350.0,2.0,380.0,-95.0,74.14776457924573,1.1831233327011421,LC4+,408.74534280346745,0.23059506085149928,LC4+,613.1180142052012,-0.06706378421861159,False
96.0,350.0,2.0,390.0,-85.0,74.25979205389443,1.2400524105769828,LC4+,428.27791115568533,0.17447103130460562,LC4+,642.4168667335279,-0.10961241894468587,False
96.0,350.0,2.0,400.0,-75.0,74.40139300384864,1.2949254719405532,LC4+,445.79349273835965,0.12832512854828804,LC4+,668.6902391075392,-0.1445964565545116,False
96.0,350.0,2.0,410.0,-65.0,74.5714797298216,1.3477425167918535,LC4+,461.22923849985716,0.09056399294199502,LC4+,691.8438577497859,-0.17322385160659903,False
96.0,350.0,2.0,420.0,-55.0,74.7689645325266,1.3985035451308838,LC4+,474.56746234343586,0.059912530699350874,LC4+,711.8511935151537,-0.19646127559969673,False
96.0,350.0,2.0,430.0,-45.0,74.99275971267686,1.447208556957644,LC4+,485.83049908654374,0.03534051679698624,LC4+,728.7457486298156,-0.21508976062574392,False
96.0,350.0,2.0,440.0,-35.0,75.24177757098566,1.493857552272134,LC4+,495.0746294886352,0.016008435979744995,LC4+,742.6119442329527,-0.2297457582764557,False
96.0,350.0,2.0,450.0,-25.0,75.51493040816628,1.538450531074354,LC4+,502.3835941175791,0.001226962603155135,LC4+,753.5753911763686,-0.24095185870244573,False
96.0,350.0,2.0,460.0,-15.0,75.81113052493195,1.5809874933643038,LC4+,507.86214014140205,-0.009573740109960371,LC4+,761.7932102121034,-0.24914006539814126,False
96.0,350.0,2.0,470.0,-5.0,76.12929022199596,1.6214684391419834,LC4+,511.6299438994169,-0.0168675504675182,LC4+,767.4449158491256,-0.2546696340191127,False
96.0,350.0,2.0,480.0,5.0,76.46832180007154,1.6598933684073933,LC4+,513.8161453595328,-0.02105061403231001,LC4+,770.7242180392992,-0.2578408896308566,False
96.0,350.0,2.0,490.0,15.0,76.82713755987197,1.6962622811605328,LC4+,514.5546315801977,-0.022455597270037986,LC4+,771.8319473702965,-0.25890603265535017,False
96.0,350.0,2.0,500.0,25.0,77.20464980211051,1.7305751774014022,LC4+,513.980123148804,-0.021362933417612084,LC4+,770.970184723206,-0.25807766456577086,False
96.0,350.0,2.0,510.0,35.0,77.59977082750041,1.7628320571300016,LC4+,512.225053760932,-0.018009766787466797,LC4+,768.3375806413978,-0.2555355687242291,False
96.0,350.0,2.0,520.0,45.0,78.01141293675494,1.7930329203463309,LC4+,509.41718868439267,-0.012597118485470737,LC4+,764.1257830265891,-0.2514321428412052,False
96.0,350.0,2.0,530.0,55.0,78.43848843058736,1.82117776705039,LC4+,505.6779006656531,-0.005295664813763978,LC4+,758.5168509984796,-0.24589677968651158,False
96.0,350.0,2.0,540.0,65.0,78.87990960971092,1.8472665972421791,LC4+,501.1210086270878,0.0037495761314418896,LC4+,751.6815129406316,-0.23903942008325407,False
96.0,350.0,2.0,550.0,75.0,79.33458877483889,1.871299410921698,LC4+,495.8520817319856,0.014415424541623478,LC4+,743.7781225979785,-0.23095344885644986,False
96.0,350.0,2.0,560.0,85.0,79.80143822668454,1.893276208088947,LC4+,489.96811576693506,0.02659741279831329,LC4+,734.9521736504025,-0.22171806478378364,False
96.0,350.0,2.0,570.0,95.0,80.27937026596112,1.913196988743926,LC4+,483.5574975396848,0.04020721953281181,LC4+,725.3362463095272,-0.2114002258810227,False
96.0,350.0,2.0,580.0,105.0,80.76729719338189,1.9310617528866345,LC4+,476.7001839674655,0.05517055985514263,LC4+,715.050275951198,-0.20005624885733375,False
96.0,350.0,2.0,590.0,115.0,81.26413130966012,1.946870500517073,LC4+,469.4680341890547,0.07142545044385695,LC4+,704.2020512835821,-0.18773312438186063,False
96.0,350.0,2.0,600.0,125.0,81.76878491550904,1.9606232316352417,LC4+,461.92524434388264,0.08892078568786554,LC4+,692.8878665158238,-0.17446959653617056,False
96.0,350.0,2.0,610.0,135.0,82.28017031164195,1.9723199462411398,LC4+,454.1288450041837,0.10761517470964899,LC4+,681.1932675062756,-0.16029704448784732,False
96.0,350.0,2.0,620.0,145.0,82.7971997987721,1.9819606443347682,LC4+,446.1292303069193,0.12747599984416147,LC4+,669.193845460379,-0.145240196274539,False
96.0,350.0,2.0,630.0,155.0,83.31878567761274,1.9895453259161267,LC4+,437.9706955072479,0.14847866571857415,LC4+,656.956043260872,-0.12931769809009375,False
96.0,350.0,2.0,640.0,165.0,83.84384024887713,1.9950739909852144,LC4+,429.6919659972968,0.1706060150148685,LC4+,644.5379489959453,-0.11254255720542783,False
96.0,350.0,2.0,650.0,175.0,84.37127581327854,1.9985466395420324,LC4+,421.32670591482156,0.19384789271271607,LC4+,631.9900588722323,-0.09492247232382556,False
96.0,350.0,2.0,660.0,185.0,84.90000467153024,1.9999632715865805,LC4+,412.9039984575827,0.21820084542405516,LC4+,619.355997686374,-0.07646006152079587,False
96.0,350.0,2.0,670.0,195.0,85.42893912434546,1.9993238871188583,LC4+,404.44879308486935,0.24366794659825008,LC4+,606.6731896273038,-0.05715299475917923,False
96.0,350.0,2.0,680.0,205.0,85.95699147243748,1.996628486138866,LC4+,395.9823170873986,0.2702587421068632,LC4+,593.9734756310978,-0.03699403514231159,False
96.0,350.0,2.0,690.0,215.0,86.48307401651957,1.9918770686466036,LC4+,387.5224506869294,0.29798931418908237,LC4+,581.2836760303941,-0.015970990435844712,False
96.0,350.0,2.0,700.0,225.0,87.00609905730497,1.985069634642071,LC4+,379.0840660152524,0.3268824651146425,LC4+,568.6260990228787,0.005933426170411371,True
96.0,350.0,2.0,710.0,235.0,87.52497889550695,1.9762061841252683,LC4+,370.6793311272018,0.3569680253561027,LC4+,556.0189966908029,0.02874182969342698,True
96.0,350.0,2.0,720.0,245.0,88.03862583183877,1.9652867170961956,LC4+,362.3179807135982,0.3882832947162145,LC4+,543.4769710703973,0.052482497783531645,True
96.0,350.0,2.0,730.0,255.0,88.5459521670137,1.9523112335548531,LC4+,354.0075554700101,0.42087362890369673,LC4+,531.0113332050151,0.0771898154180446,True
96.0,350.0,2.0,740.0,265.0,89.04587020174499,1.93727973350124,LC4+,345.7536122034854,0.45479318869406593,LC4+,518.6304183052282,0.10290484285355261,True
96.0,350.0,2.0,750.0,275.0,89.5372922367459,1.9201922169353571,LC4+,337.5599067668162,0.4901058742958728,LC4+,506.33986015022435,0.12967602398573796,True
96.0,350.0,2.0,760.0,285.0,90.0191305727297,1.901048683857204,LC4+,329.4285518328227,0.5268864741731942,LC4+,494.1428277492341,0.15756005729233546,True
96.0,350.0,2.0,770.0,295.0,90.49029751040963,1.879849134266781,LC4+,321.36015138547896,0.565222065745917,LC4+,482.04022707821827,0.18662295772917803,True
96.0,350.0,2.0,780.0,305.0,90.94970535049899,1.8565935681640875,LC4+,313.3539136294055,0.6052137156164048,LC4+,470.03087044410825,0.21694134570256263,True
96.0,350.0,2.0,790.0,315.0,91.39626639371099,1.8312819855491242,LC4+,305.40774381794915,0.6469785399411281,LC4+,458.11161572692384,0.24860400907398938,True
96.0,350.0,2.0,800.0,325.0,91.82889294075892,1.8039143864218907,LC4+,297.5183182819983,0.6906522022057109,LC4+,446.27747742299744,0.281713796768279,True
96.0,350.0,2.0,810.0,335.0,92.24649729235605,1.7744907707823872,LC4+,289.68114071283964,0.7363919472362992,LC4+,434.5217110692594,0.31638991891207846,True
96.0,350.0,2.0,820.0,345.0,92.64799174921563,1.7430111386306135,LC4+,281.89058151598323,0.7843802985360824,LC4+,422.8358722739748,0.35277074985107904,True
96.0,350.0,2.0,830.0,355.0,93.0322886120509,1.7094754899665698,LC4+,274.1399008102583,0.8348295834109303,LC4+,411.2098512153876,0.39101725872902837,True
96.0,350.0,2.0,840.0,365.0,93.39830018157517,1.6738838247902559,LC4+,266.4212553971735,0.88798750028462,LC4+,399.63188309576026,0.4313172301693875,True
96.0,350.0,2.0,850.0,375.0,93.74493875850163,1.636236143101672,LC4+,258.7256897678201,0.944144010018453,LC4+,388.0885346517302,0.47389048870848915,True
96.0,350.0,2.0,860.0,385.0,94.07111664354362,1.596532444900818,LC4+,251.0431109456884,1.0036399250518406,LC4+,376.56466641853257,0.5189954103772736,True
96.0,350.0,2.0,870.0,395.0,94.37574613741432,1.5547727301876937,LC4+,243.3622466800706,1.0668776971855252,LC4+,365.0433700201059,0.5669371011134796,True
96.0,350.0,2.0,880.0,405.0,94.65773954082707,1.5109569989622995,LC4+,235.6705862020237,1.1343350823119422,LC4+,353.50587930303556,0.61807775623914,True
96.0,350.0,2.0,890.0,415.0,94.91600915449509,1.4650852512246353,LC4+,227.95430242881213,1.2065826116928937,LC4+,341.9314536432183,0.6728499057499469,True
96.0,350.0,2.0,900.0,425.0,95.14946727913163,1.4171574869747006,LC4+,220.198154149342,1.2843061602544457,LC4+,330.29723122401305,0.731773523744921,True
96.0,350.0,2.0,910.0,435.0,95.35702621544996,1.3671737062124962,LC4+,212.3853663399363,1.3683364285791542,LC4+,318.57804950990436,0.7954783792541769,True
96.0,350.0,2.0,920.0,445.0,95.53759826416335,1.3151339089380216,LC4+,204.4974863480735,1.4596879354489856,LC4+,306.7462295221103,0.8647335971859769,True
96.0,350.0,2.0,930.0,455.0,95.69009572598506,1.261038095151277,LC4+,196.51421325023787,1.5596112956953823,LC4+,294.7713198753569,0.9404872911037221,True
96.0,350.0,2.0,940.0,465.0,95.81343090162834,1.2048862648522618,LC4+,188.4131972626592,1.669664372282734,LC4+,282.6197958939888,1.0239205048982423,True
96.0,350.0,2.0,950.0,475.0,95.90651609180645,1.146678418040977,LC4+,180.16980571380716,1.7918107476843055,LC4+,270.25470857071076,1.1165218657063254,True
96.0,350.0,2.0,960.0,485.0,95.96826359723266,1.0864145547174222,LC4+,171.75685188616526,1.9285585668126455,LC4+,257.6352778292479,1.2201928432297326,True
96.0,350.0,2.0,970.0,495.0,95.99758571862026,1.0240946748815967,LC4+,163.14428322763553,2.083160439634671,LC4+,244.71642484145335,1.3373992994977222,True
96.0,350.0,2.0,973.780356685791,498.78035668579105,96.0,1.0,LC4+,159.8296725414238,2.1471002349056003,LC4+,239.7445088121357,1.3858732065818464,True
96.0,400.0,1.25,250.0,-225.0,74.0,1.0,LC4+,292.37427177639455,0.7203976155080098,LC4+,438.56140766459185,0.3042643287880471,True
96.0,400.0,1.25,260.0,-215.0,74.0,1.0,LC4+,297.07034420784856,0.6932016601699915,LC4+,445.6055163117729,0.28364658663649456,True
96.0,400.0,1.25,270.0,-205.0,74.0,1.0,LC4+,301.7683884424068,0.6668412572843054,LC4+,452.6525826636101,0.26366229180466916,True
96.0,400.0,1.25,280.0,-195.0,74.0,1.0,LC4+,306.46831379907775,0.641278975188833,LC4+,459.70247069861665,0.24428306667728616,True
96.0,400.0,1.25,290.0,-185.0,74.0,1.0,LC4+,311.1700350402296,0.6164795557354026,LC4+,466.7550525603445,0.22548218141901932,True
96.0,400.0,1.25,300.0,-175.0,74.0,1.0,LC4+,315.87347197159596,0.5924097609729977,LC4+,473.81020795739386,0.20723443774228612,True
96.0,400.0,1.25,310.0,-165.0,74.0,1.0,LC4+,320.5785490768347,0.5690382324347081,LC4+,480.867823615252,0.18951606223015638,True
96.0,400.0,1.25,320.0,-155.0,74.0,1.0,LC4+,325.28519518322923,0.5463353618558207,LC4+,487.92779277484374,0.17230460832542027,True
96.0,400.0,1.25,330.0,-145.0,74.0,1.0,LC4+,329.99334315549385,0.52427317227119,LC4+,494.9900147332408,0.15557886618836392,True
96.0,400.0,1.25,340.0,-135.0,74.0,1.0,LC4+,334.7029296149834,0.5028252085472111,LC4+,502.0543944224753,0.13931877970709672,True
96.0,400.0,1.25,350.0,-125.0,74.0,1.0,LC4+,339.41389468189226,0.4819664364990861,LC4+,509.12084202283864,0.1235053700165365,True
96.0,400.0,1.25,360.0,-115.0,74.0,1.0,LC4+,344.1261817382891,0.46167314982890706,LC4+,516.1892726074336,0.10812066494650097,True
96.0,400.0,1.25,370.0,-105.0,74.0,1.0,LC4+,348.8397372100578,0.4419228841957097,LC4+,523.2596058150867,0.09314763387666791,True
96.0,400.0,1.25,380.0,-95.0,74.0,1.0,LC4+,353.55451036601926,0.422694337796077,LC4+,530.3317655490289,0.07857012752731074,True
96.0,400.0,1.25,390.0,-85.0,74.0,1.0,LC4+,358.2704531326773,0.40396729789415664,LC4+,537.405679699016,0.06437282226038099,True
96.0,400.0,1.25,400.0,-75.0,74.0,1.0,LC4+,362.9875199232027,0.38572257279374167,LC4+,544.4812798848039,0.05054116850632262,True
96.0,400.0,1.25,410.0,-65.0,74.01981422262892,1.0171245271255458,LC4+,372.9168783075914,0.34882605014491386,LC4+,559.3753174613871,0.022569252064798873,True
96.0,400.0,1.25,420.0,-55.0,74.07832519149413,1.0336415649364155,LC4+,381.1495991167515,0.31969179861559804,LC4+,571.7243986751273,0.0004820527609306069,True
96.0,400.0,1.25,430.0,-45.0,74.17413535806328,1.049551113432609,LC4+,387.65909799209476,0.2975317814165097,LC4+,581.4886469881421,-0.016317854247523522,False
96.0,400.0,1.25,440.0,-35.0,74.30584717380403,1.0648531726141264,LC4+,392.4617030490768,0.2816537157438277,LC4+,588.6925545736152,-0.028355300986786736,False
96.0,400.0,1.25,450.0,-25.0,74.47206309018404,1.0795477424809676,LC4+,395.6118819747128,0.27144816148912176,LC4+,593.4178229620692,-0.03609231494794218,False
96.0,400.0,1.25,460.0,-15.0,74.67138555867096,1.0936348230331328,LC4+,397.19593818456684,0.2663775019931567,LC4+,595.7939072768506,-0.03993647297536762,False
96.0,400.0,1.25,470.0,-5.0,74.90241703073247,1.1071144142706217,LC4+,397.32488660784276,0.26596650991171855,LC4+,595.9873299117643,-0.04024805345327653,False
96.0,400.0,1.25,480.0,5.0,75.16375995783619,1.1199865161934346,LC4+,396.12716947656344,0.26979424477411307,LC4+,594.1907542148454,-0.03734617891213721,False
96.0,400.0,1.25,490.0,15.0,75.45401679144983,1.1322511288015713,LC4+,393.74175350841193,0.27748707247338933,LC4+,590.6126302626178,-0.031514108078490755,False
96.0,400.0,1.25,500.0,25.0,75.77178998304102,1.1439082520950319,LC4+,390.311996065138,0.28871263263980196,LC4+,585.467994097707,-0.023003809317472923,False
96.0,400.0,1.25,510.0,35.0,76.11568198407741,1.1549578860738163,LC4+,385.98050980550266,0.30317460913625927,LC4+,578.9707647082539,-0.012039925214128111,False
96.0,400.0,1.25,520.0,45.0,76.48429524602668,1.1654000307379246,LC4+,380.8851152661326,0.3206081829911971,LC4+,571.3276728991988,0.0011767802133397787,True
96.0,400.0,1.25,530.0,55.0,76.87623222035647,1.175234686087357,LC4+,375.1558611527778,0.3407760669242461,LC4+,562.7337917291667,0.0164664152162608,True
96.0,400.0,1.25,540.0,65.0,77.29009535853446,1.184461852122113,LC4+,368.9130167244245,0.36346503700555943,LC4+,553.3695250866368,0.033667330904148196,True
96.0,400.0,1.25,550.0,75.0,77.72448711202829,1.193081528842193,LC4+,362.2658971334218,0.3884828905513735,LC4+,543.3988457001325,0.05263381497069042,True
96.0,400.0,1.25,560.0,85.0,78.17800993230563,1.2010937162475968,LC4+,355.31236508467254,0.4156557706066122,LC4+,532.9685476270089,0.07323406333596028,True
96.0,400.0,1.25,570.0,95.0,78.64926627083412,1.2084984143383246,LC4+,348.13885359939115,0.4448258067133466,LC4+,522.2082803990868,0.09534839157062192,True
96.0,400.0,1.25,580.0,105.0,79.13685857908145,1.2152956231143761,LC4+,340.8207682245176,0.4758490294483635,LC4+,511.23115233677646,0.11886765386940223,True
96.0,400.0,1.25,590.0,115.0,79.63938930851525,1.2214853425757515,LC4+,333.42314707617754,0.5085935227078853,LC4+,500.1347206142666,0.14369184226495668,True
96.0,400.0,1.25,600.0,125.0,80.1554609106032,1.2270675727224507,LC4+,326.00147944657505,0.5429377831471816,LC4+,489.0022191698624,0.16972884288958,True
96.0,400.0,1.25,610.0,135.0,80.68367583681294,1.232042313554474,LC4+,318.60260553036665,0.5787692607305375,LC4+,477.90390829554997,0.19689332953991712,True
96.0,400.0,1.25,620.0,145.0,81.22263653861214,1.236409565071821,LC4+,311.2656394872442,0.6159830581640964,LC4+,466.8984592308665,0.22510577769365514,True
96.0,400.0,1.25,630.0,155.0,81.77094546746845,1.2401693272744918,LC4+,304.02287476634336,0.6544807701939548,LC4+,456.0343121495151,0.25429158456055934,True
96.0,400.0,1.25,640.0,165.0,82.32720507484954,1.2433216001624867,LC4+,296.9006441781263,0.6941694464570574,LC4+,445.35096626718945,0.28438028280110905,True
96.0,400.0,1.25,650.0,175.0,82.89001781222306,1.2458663837358053,LC4+,289.9201177747849,0.7349606638568604,LC4+,434.88017666217746,0.31530483727783154,True
96.0,400.0,1.25,660.0,185.0,83.45798613105669,1.247803677994448,LC4+,283.0980295464555,0.7767696963692898,LC4+,424.6470443196833,0.34700101567028985,True
96.0,400.0,1.25,670.0,195.0,84.02971248281806,1.2491334829384142,LC4+,276.4473296886908,0.819514771824462,LC4+,414.6709945330362,0.3794068250279552,True
96.0,400.0,1.25,680.0,205.0,84.60379931897482,1.2498557985677046,LC4+,269.97776318060676,0.8631164066038601,LC4+,404.96664477091014,0.41246200739219074,True
96.0,400.0,1.25,690.0,215.0,85.17884909099467,1.2499706248823186,LC4+,263.69637802942657,0.9074968103804175,LC4+,395.54456704413985,0.4461075885190178,True
96.0,400.0,1.25,700.0,225.0,85.75346425034525,1.2494779618822567,LC4+,257.6079681260934,0.9525793540430887,LC4+,386.41195218914015,0.4802854745031764,True
96.0,400.0,1.25,710.0,235.0,86.32624724849421,1.2483778095675184,LC4+,251.7154564975466,0.9982880948151176,LC4+,377.5731847463199,0.5149380917617592,True
96.0,400.0,1.25,720.0,245.0,86.8958005369092,1.2466701679381043,LC4+,246.02022505544602,1.0445473533187686,LC4+,369.03033758316917,0.550008066399384,True
96.0,400.0,1.25,730.0,255.0,87.46072656705792,1.2443550369940137,LC4+,240.52239689875896,1.0912813379775335,LC4+,360.7835953481385,0.5854379394607674,True
96.0,400.0,1.25,740.0,265.0,88.01962779040798,1.2414324167352473,LC4+,235.22107695610742,1.138413812695282,LC4+,352.83161543416117,0.6211699149923144,True
96.0,400.0,1.25,750.0,275.0,88.57110665842707,1.2379023071618047,LC4+,230.1145563460739,1.1858678042232507,LC4+,345.17183451911086,0.6571456381917815,True
96.0,400.0,1.25,760.0,285.0,89.11376562258283,1.2337647082736858,LC4+,225.2004853557813,1.2335653460308453,LC4+,337.80072803367204,0.6933060012321315,True
96.0,400.0,1.25,770.0,295.0,89.64620713434294,1.229019620070891,LC4+,220.4760194354598,1.2814272558437758,LC4+,330.7140291531897,0.7295909746091978,True
96.0,400.0,1.25,780.0,305.0,90.16703364517504,1.22366704255342,LC4+,215.93794210956145,1.3293729443100393,LC4+,323.9069131643421,0.7659394620879296,True
96.0,400.0,1.25,790.0,315.0,90.67484760654679,1.2177069757212728,LC4+,211.58276823224955,1.3773202525068982,LC4+,317.3741523483743,0.8022891775135133,True
96.0,400.0,1.25,800.0,325.0,91.16825146992588,1.2111394195744494,LC4+,207.40683057786336,1.4251853162143902,LC4+,311.1102458667951,0.8385765419146864,True
96.0,400.0,1.25,810.0,335.0,91.64584768677992,1.20396437411295,LC4+,203.4063523607093,1.4728824550572948,LC4+,305.1095285410639,0.8747365994602687,True
96.0,400.0,1.25,820.0,345.0,92.1062387085766,1.1961818393367745,LC4+,199.57750792509856,1.5203240847599715,LC4+,299.3662618876478,0.9107029509379774,True
96.0,400.0,1.25,830.0,355.0,92.54802698678355,1.1877918152459226,LC4+,195.9164735353056,1.5674206508691348,LC4+,293.8747103029585,0.9464077035084757,True
96.0,400.0,1.25,840.0,365.0,92.96981497286848,1.1787943018403948,LC4+,192.41946992397067,1.6140805823794588,LC4+,288.62920488595597,0.981781435548112,True
96.0,400.0,1.25,850.0,375.0,93.370205118299,1.1691892991201909,LC4+,189.08279802355807,1.6602102637455713,LC4+,283.62419703533726,1.0167531754307038,True
96.0,400.0,1.25,860.0,385.0,93.74779987454278,1.1589768070853108,LC4+,185.902869105543,1.7057140237810469,LC4+,278.8543036583145,1.0512503931116748,True
96.0,400.0,1.25,870.0,395.0,94.10120169306751,1.1481568257357546,LC4+,182.87623038278412,1.7504941399281608,LC4+,274.3143455741762,1.0851990033650205,True
96.0,400.0,1.25,880.0,405.0,94.4290130253408,1.1367293550715223,LC4+,179.99958698893533,1.7944508563284631,LC4+,269.99938048340306,1.118523379482943,True
96.0,400.0,1.25,890.0,415.0,94.72983632283034,1.1246943950926138,LC4+,177.2698211319408,1.837482414029291,LC4+,265.9047316979112,1.1511463761759502,True
96.0,400.0,1.25,900.0,425.0,95.00227403700377,1.1120519457990292,LC4+,174.68400912427285,1.8794850915183554,LC4+,262.0260136864093,1.182989360302848,True
96.0,400.0,1.25,910.0,435.0,95.24492861932877,1.0988020071907685,LC4+,172.23943691859532,1.9203532535799592,LC4+,258.35915537789293,1.2139722479095254,True
96.0,400.0,1.25,920.0,445.0,95.456402521273,1.0849445792678316,LC4+,169.93361472257965,1.95997940620023,LC4+,254.9004220838696,1.2440135458535861,True
96.0,400.0,1.25,930.0,455.0,95.6352981943041,1.0704796620302186,LC4+,167.7642912297327,1.9982542549010205,LC4+,251.646436844599,1.273030396028342,True
96.0,400.0,1.25,940.0,465.0,95.78021808988973,1.0554072554779295,LC4+,165.72946798408233,2.035066763433472,LC4+,248.5942019761235,1.3009386198594384,True
96.0,400.0,1.25,950.0,475.0,95.88976465949756,1.0397273596109642,LC4+,163.82741439589174,2.0703042091874315,LC4+,245.7411215938376,1.3276527603117438,True
96.0,400.0,1.25,960.0,485.0,95.96254035459523,1.0234399744293228,LC4+,162.05668394455913,2.10385223093964,LC4+,243.08502591683867,1.3530861180881035,True
96.0,400.0,1.25,970.0,495.0,95.99714762665042,1.0065450999330052,LC4+,160.41613214598527,2.135594863627863,LC4+,240.62419821897797,1.37715077799223,True
96.0,400.0,1.25,973.780356685791,498.78035668579105,96.0,1.0,LC4+,159.8296725414238,2.1471002349056003,LC4+,239.7445088121357,1.3858732065818464,True
96.0,400.0,1.5,250.0,-225.0,74.0,1.0,LC4+,292.37427177639455,0.7203976155080098,LC4+,438.56140766459185,0.3042643287880471,True
96.0,400.0,1.5,260.0,-215.0,74.0,1.0,LC4+,297.07034420784856,0.6932016601699915,LC4+,445.6055163117729,0.28364658663649456,True
96.0,400.0,1.5,270.0,-205.0,74.0,1.0,LC4+,301.7683884424068,0.6668412572843054,LC4+,452.6525826636101,0.26366229180466916,True
96.0,400.0,1.5,280.0,-195.0,74.0,1.0,LC4+,306.46831379907775,0.641278975188833,LC4+,459.70247069861665,0.24428306667728616,True
96.0,400.0,1.5,290.0,-185.0,74.0,1.0,LC4+,311.1700350402296,0.6164795557354026,LC4+,466.7550525603445,0.22548218141901932,True
96.0,400.0,1.5,300.0,-175.0,74.0,1.0,LC4+,315.87347197159596,0.5924097609729977,LC4+,473.81020795739386,0.20723443774228612,True
96.0,400.0,1.5,310.0,-165.0,74.0,1.0,LC4+,320.5785490768347,0.5690382324347081,LC4+,480.867823615252,0.18951606223015638,True
96.0,400.0,1.5,320.0,-155.0,74.0,1.0,LC4+,325.28519518322923,0.5463353618558207,LC4+,487.92779277484374,0.17230460832542027,True
96.0,400.0,1.5,330.0,-145.0,74.0,1.0,LC4+,329.99334315549385,0.52427317227119,LC4+,494.9900147332408,0.15557886618836392,True
96.0,400.0,1.5,340.0,-135.0,74.0,1.0,LC4+,334.7029296149834,0.5028252085472111,LC4+,502.0543944224753,0.13931877970709672,True
96.0,400.0,1.5,350.0,-125.0,74.0,1.0,LC4+,339.41389468189226,0.4819664364990861,LC4+,509.12084202283864,0.1235053700165365,True
96.0,400.0,1.5,360.0,-115.0,74.0,1.0,LC4+,344.1261817382891,0.46167314982890706,LC4+,516.1892726074336,0.10812066494650097,True
96.0,400.0,1.5,370.0,-105.0,74.0,1.0,LC4+,348.8397372100578,0.4419228841957097,LC4+,523.2596058150867,0.09314763387666791,True
96.0,400.0,1.5,380.0,-95.0,74.0,1.0,LC4+,353.55451036601926,0.422694337796077,LC4+,530.3317655490289,0.07857012752731074,True
96.0,400.0,1.5,390.0,-85.0,74.0,1.0,LC4+,358.2704531326773,0.40396729789415664,LC4+,537.405679699016,0.06437282226038099,True
96.0,400.0,1.5,400.0,-75.0,74.0,1.0,LC4+,362.9875199232027,0.38572257279374167,LC4+,544.4812798848039,0.05054116850632262,True
96.0,400.0,1.5,410.0,-65.0,74.01981422262892,1.0342490542510916,LC4+,378.92306383566523,0.3274462496644057,LC4+,568.3845957534979,0.006360841362544667,True
96.0,400.0,1.5,420.0,-55.0,74.07832519149413,1.067283129872831,LC4+,393.0381908801074,0.27977385320663517,LC4+,589.5572863201611,-0.02978045853652045,False
96.0,400.0,1.5,430.0,-45.0,74.17413535806328,1.099102226865218,LC4+,405.22818525415204,0.2412759484746283,LC4+,607.8422778812281,-0.058966411494383864,False
96.0,400.0,1.5,440.0,-35.0,74.30584717380403,1.1297063452282528,LC4+,415.44170943462694,0.21075950867940252,LC4+,623.1625641519404,-0.08210147254523759,False
96.0,400.0,1.5,450.0,-25.0,74.47206309018404,1.1590954849619353,LC4+,423.6775941133597,0.18722350907566931,LC4+,635.5163911700395,-0.09994453652580138,False
96.0,400.0,1.5,460.0,-15.0,74.67138555867096,1.1872696460662655,LC4+,429.97923664656963,0.16982392899462573,LC4+,644.9688549698544,-0.11313547066278873,False
96.0,400.0,1.5,470.0,-5.0,74.90241703073247,1.2142288285412435,LC4+,434.4273959396024,0.15784594779545436,LC4+,651.6410939094038,-0.12221619332140543,False
96.0,400.0,1.5,480.0,5.0,75.16375995783619,1.2399730323868692,LC4+,437.13218378269136,0.15068169002640408,LC4+,655.6982756740371,-0.12764754579840532,False
96.0,400.0,1.5,490.0,15.0,75.45401679144983,1.2645022576031426,LC4+,438.2249657817881,0.1478122865561846,LC4+,657.3374486726822,-0.12982289210054654,False
96.0,400.0,1.5,500.0,25.0,75.77178998304102,1.2878165041900638,LC4+,437.8507358983738,0.1487933187275663,LC4+,656.7761038475609,-0.12907915399315073,False
96.0,400.0,1.5,510.0,35.0,76.11568198407741,1.3099157721476327,LC4+,436.1613544202611,0.1532429338417196,LC4+,654.2420316303915,-0.12570582086485904,False
96.0,400.0,1.5,520.0,45.0,76.48429524602668,1.3308000614758495,LC4+,433.3098702145985,0.1608320847870075,LC4+,649.9648053218978,-0.11995234924033371,False
96.0,400.0,1.5,530.0,55.0,76.87623222035647,1.3504693721747139,LC4+,429.44600432784637,0.17127646998899837,LC4+,644.1690064917696,-0.11203427324889725,False
96.0,400.0,1.5,540.0,65.0,77.29009535853446,1.3689237042442262,LC4+,424.71276302037944,0.18432984312238343,LC4+,637.0691445305694,-0.1021382766520833,False
96.0,400.0,1.5,550.0,75.0,77.72448711202829,1.386163057684386,LC4+,419.24407551605566,0.19977843307826726,LC4+,628.8661132740834,-0.09042642316664162,False
96.0,400.0,1.5,560.0,85.0,78.17800993230563,1.4021874324951935,LC4+,413.1633110677046,0.21743626920826453,LC4+,619.7449666015568,-0.07703970048094444,False
96.0,400.0,1.5,570.0,95.0,78.64926627083412,1.416996828676649,LC4+,406.5825146520155,0.23714124900453726,LC4+,609.8737719780233,-0.06210100141736885,False
96.0,400.0,1.5,580.0,105.0,79.13685857908145,1.4305912462287522,LC4+,399.60220334569897,0.2587518181546431,LC4+,599.4033050185484,-0.04571764084233809,False
96.0,400.0,1.5,590.0,115.0,79.63938930851525,1.442970685151503,LC4+,392.31157950279004,0.28214415857287434,LC4+,588.4673692541853,-0.027983487470266688,False
96.0,400.0,1.5,600.0,125.0,80.1554609106032,1.4541351454449016,LC4+,384.78903685796394,0.30720980022533984,LC4+,577.183555286946,-0.008980774381849743,False
96.0,400.0,1.5,610.0,135.0,80.68367583681294,1.464084627108948,LC4+,377.10285769288816,0.3338535885868099,LC4+,565.6542865393322,0.011218360068462996,True
96.0,400.0,1.5,620.0,145.0,81.22263653861214,1.472819130143642,LC4+,369.31202062953867,0.3619919523403907,LC4+,553.968030944308,0.03255055896448433,True
96.0,400.0,1.5,630.0,155.0,81.77094546746845,1.4803386545489838,LC4+,361.46705794557244,0.3915514261765418,LC4+,542.2005869183587,0.054960126935694964,True
96.0,400.0,1.5,640.0,165.0,82.32720507484954,1.4866432003249734,LC4+,353.6109178271431,0.4224673918181545,LC4+,530.4163767407148,0.07839807570574453,True
96.0,400.0,1.5,650.0,175.0,82.89001781222306,1.4917327674716108,LC4+,345.77980050527606,0.45468300711893384,LC4+,518.6697007579143,0.10282131222270352,True
96.0,400.0,1.5,660.0,185.0,83.45798613105669,1.4956073559888958,LC4+,338.0039479119521,0.4881482985844543,LC4+,507.0059218679281,0.12819195068297917,True
96.0,400.0,1.5,670.0,195.0,84.02971248281806,1.4982669658768286,LC4+,330.30837466497366,0.5228193972077899,LC4+,495.4625619974606,0.15447673320458,True
96.0,400.0,1.5,680.0,205.0,84.60379931897482,1.4997115971354091,LC4+,322.71353424034083,0.5586579012995188,LC4+,484.0703013605113,0.18164654677710357,True
96.0,400.0,1.5,690.0,215.0,85.17884909099467,1.4999412497646372,LC4+,315.23591851641794,0.5956303531883314,LC4+,472.85387777462677,0.2096760265390667,True
96.0,400.0,1.5,700.0,225.0,85.75346425034525,1.4989559237645134,LC4+,307.8885918431923,0.6337078194055921,LC4+,461.8328877647885,0.23854323750828166,True
96.0,400.0,1.5,710.0,235.0,86.32624724849421,1.496755619135037,LC4+,300.68166272105503,0.6728655663536005,LC4+,451.0224940815826,0.268229428700145,True
96.0,400.0,1.5,720.0,245.0,86.8958005369092,1.4933403358762085,LC4+,293.62269733134355,0.7130828255840898,LC4+,440.43404599701523,0.29871885518104646,True
96.0,400.0,1.5,730.0,255.0,87.46072656705792,1.4887100739880277,LC4+,286.71707975777076,0.7543426447596113,LC4+,430.07561963665614,0.3299986650795199,True
96.0,400.0,1.5,740.0,265.0,88.01962779040798,1.4828648334704946,LC4+,279.968323939755,0.7966318222065654,LC4+,419.9524859096327,0.3620588499697215,True
96.0,400.0,1.5,750.0,275.0,88.57110665842707,1.4758046143236094,LC4+,273.378342332016,0.8399409247610043,LC4+,410.06751349802397,0.39489225840065556,True
96.0,400.0,1.5,760.0,285.0,89.11376562258283,1.4675294165473718,LC4+,266.94767600385086,0.8842643904221288,LC4+,400.4215140057764,0.4284946737196256,True
96.0,400.0,1.5,770.0,295.0,89.64620713434294,1.4580392401417819,LC4+,260.67569056478754,0.9296007192315692,LC4+,391.0135358471812,0.46286495878125633,True
96.0,400.0,1.5,780.0,305.0,90.16703364517504,1.44733408510684,LC4+,254.56074189951627,0.9759527578629981,LC4+,381.8411128492745,0.49800527169997943,True
96.0,400.0,1.5,790.0,315.0,90.67484760654679,1.4354139514425455,LC4+,248.60031526756333,1.023328085721177,LC4+,372.90047290134515,0.5339213585586651,True
96.0,400.0,1.5,800.0,325.0,91.16825146992588,1.4222788391488987,LC4+,242.79114089423436,1.0717395130126222,LC4+,364.1867113413516,0.5706229310049298,True
96.0,400.0,1.5,810.0,335.0,91.64584768677992,1.4079287482259,LC4+,237.12928876261694,1.121205704384912,LC4+,355.6939331439254,0.6081241390432996,True
96.0,400.0,1.5,820.0,345.0,92.1062387085766,1.392363678673549,LC4+,231.6102449195584,1.171751945492304,LC4+,347.4153673793377,0.6464441521823694,True
96.0,400.0,1.5,830.0,355.0,92.54802698678355,1.3755836304918454,LC4+,226.2289712347828,1.2234110744285767,LC4+,339.3434568521742,0.6856078655707698,True
96.0,400.0,1.5,840.0,365.0,92.96981497286848,1.3575886036807898,LC4+,220.97995020179007,1.2762246056290647,LC4+,331.46992530268517,0.7256467520474816,True
96.0,400.0,1.5,850.0,375.0,93.370205118299,1.3383785982403817,LC4+,215.85721603984481,1.3302440809166733,LC4+,323.7858240597673,0.7665998863940846,True
96.0,400.0,1.5,860.0,385.0,93.74779987454278,1.3179536141706216,LC4+,210.85437304441288,1.3855326912951984,LC4+,316.28155956661936,0.8085151748453987,True
96.0,400.0,1.5,870.0,395.0,94.10120169306751,1.2963136514715092,LC4+,205.96460183391568,1.4421672244709587,LC4+,308.94690275087345,0.851450831540608,True
96.0,400.0,1.5,880.0,405.0,94.4290130253408,1.2734587101430446,LC4+,201.18065384754522,1.5002404077142208,LC4+,301.7709807713179,0.8954771546885805,True
96.0,400.0,1.5,890.0,415.0,94.72983632283034,1.2493887901852274,LC4+,196.49483415507314,1.559863734651843,LC4+,294.7422512326097,0.9406786696101446,True
96.0,400.0,1.5,900.0,425.0,95.00227403700377,1.2241038915980584,LC4+,191.8989723369409,1.6211708894241514,LC4+,287.8484585054113,0.9871567246529023,True
96.0,400.0,1.5,910.0,435.0,95.24492861932877,1.197604014381537,LC4+,187.38438087189897,1.6843219144495527,LC4+,281.07657130784844,1.0350326508484349,True
96.0,400.0,1.5,920.0,445.0,95.456402521273,1.169889158535663,LC4+,182.94180011899428,1.749508311784536,LC4+,274.4127001784915,1.0844516293449362,True
96.0,400.0,1.5,930.0,455.0,95.6352981943041,1.140959324060437,LC4+,178.5613285874397,1.8169593269669582,LC4+,267.8419928811597,1.1355874553016556,True
96.0,400.0,1.5,940.0,465.0,95.78021808988973,1.1108145109558587,LC4+,174.23233673581922,1.886949744367354,LC4+,261.3485051037289,1.1886484476847263,True
96.0,400.0,1.5,950.0,475.0,95.88976465949756,1.0794547192219281,LC4+,169.9433620114883,1.9598096333176982,LC4+,254.9150430172324,1.243884837982404,True
96.0,400.0,1.5,960.0,485.0,95.96254035459523,1.0468799488586455,LC4+,165.68198220757102,2.0359366377559844,LC4+,248.52297331135654,1.301598087205332,True
96.0,400.0,1.5,970.0,495.0,95.99714762665042,1.0130901998660105,LC4+,161.4346634483515,2.1158116184937383,LC4+,242.1519951725272,1.3621527445704689,True
96.0,400.0,1.5,973.780356685791,498.78035668579105,96.0,1.0,LC4+,159.8296725414238,2.1471002349056003,LC4+,239.7445088121357,1.3858732065818464,True
96.0,400.0,2.0,250.0,-225.0,74.0,1.0,LC4+,292.37427177639455,0.7203976155080098,LC4+,438.56140766459185,0.3042643287880471,True
96.0,400.0,2.0,260.0,-215.0,74.0,1.0,LC4+,297.07034420784856,0.6932016601699915,LC4+,445.6055163117729,0.28364658663649456,True
96.0,400.0,2.0,270.0,-205.0,74.0,1.0,LC4+,301.7683884424068,0.6668412572843054,LC4+,452.6525826636101,0.26366229180466916,True
96.0,400.0,2.0,280.0,-195.0,74.0,1.0,LC4+,306.46831379907775,0.641278975188833,LC4+,459.70247069861665,0.24428306667728616,True
96.0,400.0,2.0,290.0,-185.0,74.0,1.0,LC4+,311.1700350402296,0.6164795557354026,LC4+,466.7550525603445,0.22548218141901932,True
96.0,400.0,2.0,300.0,-175.0,74.0,1.0,LC4+,315.87347197159596,0.5924097609729977,LC4+,473.81020795739386,0.20723443774228612,True
96.0,400.0,2.0,310.0,-165.0,74.0,1.0,LC4+,320.5785490768347,0.5690382324347081,LC4+,480.867823615252,0.18951606223015638,True
96.0,400.0,2.0,320.0,-155.0,74.0,1.0,LC4+,325.28519518322923,0.5463353618558207,LC4+,487.92779277484374,0.17230460832542027,True
96.0,400.0,2.0,330.0,-145.0,74.0,1.0,LC4+,329.99334315549385,0.52427317227119,LC4+,494.9900147332408,0.15557886618836392,True
96.0,400.0,2.0,340.0,-135.0,74.0,1.0,LC4+,334.7029296149834,0.5028252085472111,LC4+,502.0543944224753,0.13931877970709672,True
96.0,400.0,2.0,350.0,-125.0,74.0,1.0,LC4+,339.41389468189226,0.4819664364990861,LC4+,509.12084202283864,0.1235053700165365,True
96.0,400.0,2.0,360.0,-115.0,74.0,1.0,LC4+,344.1261817382891,0.46167314982890706,LC4+,516.1892726074336,0.10812066494650097,True
96.0,400.0,2.0,370.0,-105.0,74.0,1.0,LC4+,348.8397372100578,0.4419228841957097,LC4+,523.2596058150867,0.09314763387666791,True
96.0,400.0,2.0,380.0,-95.0,74.0,1.0,LC4+,353.55451036601926,0.422694337796077,LC4+,530.3317655490289,0.07857012752731074,True
96.0,400.0,2.0,390.0,-85.0,74.0,1.0,LC4+,358.2704531326773,0.40396729789415664,LC4+,537.405679699016,0.06437282226038099,True
96.0,400.0,2.0,400.0,-75.0,74.0,1.0,LC4+,362.9875199232027,0.38572257279374167,LC4+,544.4812798848039,0.05054116850632262,True
96.0,400.0,2.0,410.0,-65.0,74.01981422262892,1.0684981085021832,LC4+,390.9399591382593,0.28664258600924875,LC4+,586.4099387073891,-0.024573148843883175,False
96.0,400.0,2.0,420.0,-55.0,74.07832519149413,1.1345662597456616,LC4+,416.8308443332713,0.2067245186822917,LC4+,625.2462664999068,-0.08516047092608225,False
96.0,400.0,2.0,430.0,-45.0,74.17413535806328,1.1982044537304357,LC4+,440.39621205119,0.14215332974193062,LC4+,660.5943180767852,-0.13411304889014697,False
96.0,400.0,2.0,440.0,-35.0,74.30584717380403,1.2594126904565053,LC4+,461.447364192017,0.09004848446960056,LC4+,692.1710462880257,-0.17361466783749313,False
96.0,400.0,2.0,450.0,-25.0,74.47206309018404,1.3181909699238703,LC4+,479.8704989320309,0.04819946447936396,LC4+,719.8057483980463,-0.20534116145500825,False
96.0,400.0,2.0,460.0,-15.0,74.67138555867096,1.374539292132531,LC4+,495.62232013513386,0.014885689294329207,LC4+,743.4334802027009,-0.2305969327019799,False
96.0,400.0,2.0,470.0,-5.0,74.90241703073247,1.428457657082487,LC4+,508.7225344747759,-0.011248832294571076,LC4+,763.0838017121639,-0.2504099828661295,False
96.0,400.0,2.0,480.0,5.0,75.16375995783619,1.4799460647737384,LC4+,519.2442958864644,-0.03128449559321944,LC4+,778.8664438296967,-0.2655993790315726,False
96.0,400.0,2.0,490.0,15.0,75.45401679144983,1.5290045152062852,LC4+,527.3036420867089,-0.04609041195037389,LC4+,790.9554631300634,-0.27682401012009794,False
96.0,400.0,2.0,500.0,25.0,75.77178998304102,1.5756330083801278,LC4+,533.0488325636261,-0.056371631880535844,LC4+,799.5732488454393,-0.28461838758868996,False
96.0,400.0,2.0,510.0,35.0,76.11568198407741,1.6198315442952655,LC4+,536.6502935746701,-0.06270432342545229,LC4+,804.9754403620051,-0.2894193147771488,False
96.0,400.0,2.0,520.0,45.0,76.48429524602668,1.661600122951699,LC4+,538.2916504719939,-0.06556232191424272,LC4+,807.4374757079908,-0.29158601475804746,False
96.0,400.0,2.0,530.0,55.0,76.87623222035647,1.7009387443494277,LC4+,538.1621165506126,-0.06533740571704794,LC4+,807.2431748259187,-0.29141550174970343,False
96.0,400.0,2.0,540.0,65.0,77.29009535853446,1.737847408488452,LC4+,536.4503320817993,-0.06235494710570644,LC4+,804.675498122699,-0.28915444631473053,False
96.0,400.0,2.0,550.0,75.0,77.72448711202829,1.772326115368772,LC4+,533.3396162210453,-0.0568861102725039,LC4+,800.0094243315679,-0.2850084228971136,False
96.0,400.0,2.0,560.0,85.0,78.17800993230563,1.8043748649903872,LC4+,529.0045077431243,-0.049157440744818204,LC4+,793.5067616146866,-0.2791491797296701,False
96.0,400.0,2.0,570.0,95.0,78.64926627083412,1.833993657353298,LC4+,523.6084220834365,-0.03935846180899005,LC4+,785.412633125155,-0.27172039781940693,False
96.0,400.0,2.0,580.0,105.0,79.13685857908145,1.8611824924575044,LC4+,517.3022334572396,-0.027647731890996785,LC4+,775.9533501858594,-0.2628422831565941,False
96.0,400.0,2.0,590.0,115.0,79.63938930851525,1.885941370303006,LC4+,510.2235930919501,-0.014157701034903436,LC4+,765.3353896379252,-0.25261524849829675,False
96.0,400.0,2.0,600.0,125.0,80.1554609106032,1.9082702908898033,LC4+,502.4968100669783,0.0010013793579199959,LC4+,753.7452151004676,-0.24112287741188854,False
96.0,400.0,2.0,610.0,135.0,80.68367583681294,1.9281692542178959,LC4+,494.23314374126534,0.017738300981538835,LC4+,741.3497156118982,-0.22843431655210078,False
96.0,400.0,2.0,620.0,145.0,81.22263653861214,1.945638260287284,LC4+,485.53138179017753,0.03597835045268316,LC4+,728.2970726852662,-0.214606207476561,False
96.0,400.0,2.0,630.0,155.0,81.77094546746845,1.9606773090979677,LC4+,476.4786025138921,0.055661256027409234,LC4+,714.7179037708381,-0.1996842432767686,False
96.0,400.0,2.0,640.0,165.0,82.32720507484954,1.9732864006499469,LC4+,467.15104257039394,0.07673954280901363,LC4+,700.7265638555907,-0.18370441552451167,False
96.0,400.0,2.0,650.0,175.0,82.89001781222306,1.9834655349432215,LC4+,457.6150107657451,0.09917723013130719,LC4+,686.4225161486177,-0.1666940018090024,False
96.0,400.0,2.0,660.0,185.0,83.45798613105669,1.9912147119777914,LC4+,447.9278047404015,0.12294882049466849,LC4+,671.8917071106023,-0.14867233224261056,False
96.0,400.0,2.0,670.0,195.0,84.02971248281806,1.9965339317536572,LC4+,438.1386004336761,0.14803854191829502,LC4+,657.2079006505144,-0.12965136384723053,False
96.0,400.0,2.0,680.0,205.0,84.60379931897482,1.999423194270818,LC4+,428.2892944044227,0.17443981573125633,LC4+,642.433941606634,-0.10963608403143976,False
96.0,400.0,2.0,690.0,215.0,85.17884909099467,1.9998824995292745,LC4+,418.4152868405426,0.2021549303280894,LC4+,627.622930260814,-0.08862475792224389,False
96.0,400.0,2.0,700.0,225.0,85.75346425034525,1.9979118475290265,LC4+,408.5461988261957,0.23119490878921867,LC4+,612.8192982392939,-0.06660902872440988,False
96.0,400.0,2.0,710.0,235.0,86.32624724849421,1.9935112382700741,LC4+,398.7065215518321,0.26157956494476275,LC4+,598.0597823277483,-0.043573875217489566,False
96.0,400.0,2.0,720.0,245.0,86.8958005369092,1.986680671752417,LC4+,388.91619800015246,0.29333774881704167,LC4+,583.3742970002288,-0.019497425681447744,False
96.0,400.0,2.0,730.0,255.0,87.46072656705792,1.9774201479760554,LC4+,379.19113951824863,0.3265077887606944,LC4+,568.7867092773731,0.005649377297703095,True
96.0,400.0,2.0,740.0,265.0,88.01962779040798,1.9657296669409892,LC4+,369.54368083582443,0.3611381443793802,LC4+,554.3155212537367,0.03190327181577923,True
96.0,400.0,2.0,750.0,275.0,88.57110665842707,1.9516092286472186,LC4+,359.9829777053472,0.3972882918139393,LC4+,539.9744665580207,0.059309347803278234,True
96.0,400.0,2.0,760.0,285.0,89.11376562258283,1.9350588330947436,LC4+,350.5153515731207,0.43502987170897023,LC4+,525.7730273596809,0.08792191731945831,True
96.0,400.0,2.0,770.0,295.0,89.64620713434294,1.9160784802835638,LC4+,341.1445856555585,0.4744481406129104,LC4+,511.71687848333784,0.11780561488480412,True
96.0,400.0,2.0,780.0,305.0,90.16703364517504,1.8946681702136798,LC4+,331.8721765782238,0.5156437794400055,LC4+,497.8082648673356,0.14903676850852654,True
96.0,400.0,2.0,790.0,315.0,90.67484760654679,1.870827902885091,LC4+,322.6975453990367,0.5587351288278548,LC4+,484.0463180985551,0.18170509435325766,True
96.0,400.0,2.0,800.0,325.0,91.16825146992588,1.8445576782977977,LC4+,313.618211425937,0.603860941981001,LC4+,470.4273171389055,0.21591578371521858,True
96.0,400.0,2.0,810.0,335.0,91.64584768677992,1.8158574964518,LC4+,304.6299317835455,0.6511837725696836,LC4+,456.94489767531826,0.25179207145110527,True
96.0,400.0,2.0,820.0,345.0,92.1062387085766,1.7847273573470976,LC4+,295.7268092027356,0.7008941507740283,LC4+,443.5902138041035,0.28947840191218543,True
96.0,400.0,2.0,830.0,355.0,92.54802698678355,1.7511672609836908,LC4+,286.9013700129584,0.7532157478971993,LC4+,430.35205501943767,0.32914434433028217,True
96.0,400.0,2.0,840.0,365.0,92.96981497286848,1.7151772073615796,LC4+,278.14461381492515,0.8084117937825377,LC4+,417.2169207223878,0.3709894579769535,True
96.0,400.0,2.0,850.0,375.0,93.370205118299,1.6767571964807637,LC4+,269.4460358014203,0.8667930983059897,LC4+,404.16905370213055,0.4152493734009619,True
96.0,400.0,2.0,860.0,385.0,93.74779987454278,1.6359072283412432,LC4+,260.79362217339,0.928728148365445,LC4+,391.190433260085,0.46220344713722294,True
96.0,400.0,2.0,870.0,395.0,94.10120169306751,1.5926273029430185,LC4+,252.1738185611218,0.9946559197543461,LC4+,378.26072784168264,0.512184474618272,True
96.0,400.0,2.0,880.0,405.0,94.4290130253408,1.546917420286089,LC4+,243.57147079811287,1.0651022812803785,LC4+,365.3572061971693,0.5655911264312479,True
96.0,400.0,2.0,890.0,415.0,94.72983632283034,1.4987775803704548,LC4+,234.96973679858584,1.1407012105187295,LC4+,352.4546051978787,0.6229040323614492,True
96.0,400.0,2.0,900.0,425.0,95.00227403700377,1.4482077831961169,LC4+,226.3499676485378,1.2222225398371922,LC4+,339.5249514728068,0.6847068161522516,True
96.0,400.0,2.0,910.0,435.0,95.24492861932877,1.3952080287630737,LC4+,217.6915553259084,1.3106086924086386,LC4+,326.53733298886266,0.7517139457359059,True
96.0,400.0,2.0,920.0,445.0,95.456402521273,1.3397783170713262,LC4+,208.9717437137797,1.4070239883193927,LC4+,313.45761557066953,0.8248081130797782,True
96.0,400.0,2.0,930.0,455.0,95.6352981943041,1.281918648120874,LC4+,200.16539876807528,1.5129218291259656,LC4+,300.24809815211296,0.9050911680053706,True
96.0,400.0,2.0,940.0,465.0,95.78021808988973,1.2216290219117174,LC4+,191.244732878361,1.6301377948010067,LC4+,286.86709931754154,0.993954696654971,True
96.0,400.0,2.0,950.0,475.0,95.88976465949756,1.1589094384438563,LC4+,182.1789776964427,1.761021092335517,LC4+,273.2684665446641,1.0931796750376614,True
96.0,400.0,2.0,960.0,485.0,95.96254035459523,1.093759897717291,LC4+,172.93399918355587,1.908624113099385,LC4+,259.40099877533385,1.205080175868586,True
96.0,400.0,2.0,970.0,495.0,95.99714762665042,1.026180399732021,LC4+,163.471848736135,2.0769823910899055,LC4+,245.20777310420254,1.332715609944898,True
96.0,400.0,2.0,973.780356685791,498.78035668579105,96.0,1.0,LC4+,159.8296725414238,2.1471002349056003,LC4+,239.7445088121357,1.3858732065818464,True
102.0,300.0,1.25,250.0,-225.0,74.0,1.0,LC4+,292.37427177639455,0.7203976155080098,LC4+,438.56140766459185,0.3042643287880471,True
102.0,300.0,1.25,260.0,-215.0,74.0,1.0,LC4+,297.07034420784856,0.6932016601699915,LC4+,445.6055163117729,0.28364658663649456,True
102.0,300.0,1.25,270.0,-205.0,74.0,1.0,LC4+,301.7683884424068,0.6668412572843054,LC4+,452.6525826636101,0.26366229180466916,True
102.0,300.0,1.25,280.0,-195.0,74.0,1.0,LC4+,306.46831379907775,0.641278975188833,LC4+,459.70247069861665,0.24428306667728616,True
102.0,300.0,1.25,290.0,-185.0,74.0,1.0,LC4+,311.1700350402296,0.6164795557354026,LC4+,466.7550525603445,0.22548218141901932,True
102.0,300.0,1.25,300.0,-175.0,74.0,1.0,LC4+,315.87347197159596,0.5924097609729977,LC4+,473.81020795739386,0.20723443774228612,True
102.0,300.0,1.25,310.0,-165.0,74.0183199423511,1.0146213578115921,LC4+,324.3661149457983,0.5507168499522568,LC4+,486.5491724186975,0.17562629313809253,True
102.0,300.0,1.25,320.0,-155.0,74.07254746274762,1.0288021675513914,LC4+,331.5373593252506,0.5171744174584505,LC4+,497.3060389878758,0.15019717267890487,True
102.0,300.0,1.25,330.0,-145.0,74.16158410120441,1.042542429219398,LC4+,337.3566407336578,0.4910037013236601,LC4+,506.03496110048667,0.13035668277950108,True
102.0,300.0,1.25,340.0,-135.0,74.28433139773628,1.055842142815612,LC4+,341.82487244471395,0.4715137503089515,LC4+,512.7373086670711,0.11558100089691181,True
102.0,300.0,1.25,350.0,-125.0,74.43969089235807,1.068701308340033,LC4+,344.971686626888,0.45809067671119075,LC4+,517.4575299403323,0.10540472773863585,True
102.0,300.0,1.25,360.0,-115.0,74.6265641250846,1.0811199257926611,LC4+,346.85150412336395,0.4501883198439267,LC4+,520.277256185046,0.09941380907982245,True
102.0,300.0,1.25,370.0,-105.0,74.84385263593073,1.0930979951734967,LC4+,347.5388708935712,0.44732011906097413,LC4+,521.3083063403569,0.097239374556497,True
102.0,300.0,1.25,380.0,-95.0,75.09045796491127,1.1046355164825394,LC4+,347.123492666579,0.4490520250761143,LC4+,520.6852389998685,0.09855236360972475,True
102.0,300.0,1.25,390.0,-85.0,75.36528165204103,1.1157324897197893,LC4+,345.7053455522295,0.4549963038509228,LC4+,518.5580183283442,0.10305882810169376,True
102.0,300.0,1.25,400.0,-75.0,75.66722523733489,1.1263889148852466,LC4+,343.39015718390385,0.4648061089608242,LC4+,515.0852357758558,0.1104958175289481,True
102.0,300.0,1.25,410.0,-65.0,75.99519026080766,1.136604791978911,LC4+,340.2854584510994,0.4781707166963276,LC4+,510.4281876766494,0.12062776666706276,True
102.0,300.0,1.25,420.0,-55.0,76.34807826247416,1.1463801210007827,LC4+,336.4973148486071,0.49481133371392216,LC4+,504.7459722729106,0.13324331727549854,True
102.0,300.0,1.25,430.0,-45.0,76.72479078234925,1.1557149019508615,LC4+,332.12776890426835,0.514477400247082,LC4+,498.19165335640264,0.14815251549546815,True
102.0,300.0,1.25,440.0,-35.0,77.12422936044773,1.1646091348291476,LC4+,327.2729660522166,0.5369433230844556,LC4+,490.909449078325,0.165184335062039,True
102.0,300.0,1.25,450.0,-25.0,77.54529553678444,1.173062819635641,LC4+,322.02189658452266,0.5620055820271685,LC4+,483.03284487678417,0.18418448365744222,True
102.0,300.0,1.25,460.0,-15.0,77.98689085137421,1.1810759563703415,LC4+,316.45566402699546,0.5894801616099097,LC4+,474.6834960404933,0.20501345585270792,True
102.0,300.0,1.25,470.0,-5.0,78.4479168442319,1.1886485450332493,LC4+,310.6471820286018,0.6192002667311753,LC4+,465.9707730429027,0.22754480128592758,True
102.0,300.0,1.25,480.0,5.0,78.9272750553723,1.1957805856243644,LC4+,304.6612037584002,0.6510142866726305,LC4+,456.99180563760035,0.25166358114876664,True
102.0,300.0,1.25,490.0,15.0,79.42386702481026,1.2024720781436866,LC4+,298.55459624540583,0.6847839769532276,LC4+,447.8318943681088,0.27726498981742354,True
102.0,300.0,1.25,500.0,25.0,79.93659429256063,1.208723022591216,LC4+,292.37678407457366,0.7203828326933945,LC4+,438.5651761118605,0.304253121670804,True
102.0,300.0,1.25,510.0,35.0,80.46435839863821,1.2145334189669528,LC4+,286.17030011603345,0.7576946307707286,LC4+,429.25545017405005,0.332539865872574,True
102.0,300.0,1.25,520.0,45.0,81.00606088305786,1.2199032672708967,LC4+,279.97139398382393,0.7966121211264252,LC4+,419.95709097573587,0.36204391422705795,True
102.0,300.0,1.25,530.0,55.0,81.56060328583439,1.224832567503048,LC4+,273.810660767558,0.8370358502111221,LC4+,410.7159911513371,0.39268986921240745,True
102.0,300.0,1.25,540.0,65.0,82.12688714698263,1.2293213196634063,LC4+,267.71366278851775,0.8788731018085854,LC4+,401.5704941827765,0.42440744100001493,True
102.0,300.0,1.25,550.0,75.0,82.70381400651743,1.233369523751972,LC4+,261.70152555508525,0.9220369424026307,LC4+,392.5522883326278,0.4571307237300264,True
102.0,300.0,1.25,560.0,85.0,83.2902854044536,1.2369771797687448,LC4+,255.79149579018315,0.9664453599059188,LC4+,383.6872436852748,0.49079754256618346,True
102.0,300.0,1.25,570.0,95.0,83.88520288080599,1.240144287713725,LC4+,249.99745455003432,1.012020485989908,LC4+,374.99618182505156,0.5253488641301884,True
102.0,300.0,1.25,580.0,105.0,84.48746797558944,1.2428708475869121,LC4+,244.33038227580397,1.058687893477798,LC4+,366.495573413706,0.5607282638426778,True
102.0,300.0,1.25,590.0,115.0,85.09598222881874,1.245156859388307,LC4+,238.7987753551716,1.1063759613166986,LC4+,358.1981630327575,0.5968814444972186,True
102.0,300.0,1.25,600.0,125.0,85.70964718050877,1.2470023231179086,LC4+,233.40901564375613,1.1550153005559602,LC4+,350.11352346563405,0.6337558010841748,True
102.0,300.0,1.25,610.0,135.0,86.32736437067433,1.2484072387757177,LC4+,228.16569560437853,1.2045382355468663,LC4+,342.2485434065679,0.6713000274788696,True
102.0,300.0,1.25,620.0,145.0,86.94803533933026,1.249371606361734,LC4+,223.071902432122,1.2548783352625805,LC4+,334.60785364818304,0.7094637611268333,True
102.0,300.0,1.25,630.0,155.0,87.5705616264914,1.2498954258759574,LC4+,218.1294648806549,1.3059699902312887,LC4+,327.19419732098237,0.7481972623092075,True
102.0,300.0,1.25,640.0,165.0,88.19384477217257,1.249978697318388,LC4+,213.3391665974156,1.3577480310926338,LC4+,320.0087498961234,0.7874511249635341,True
102.0,300.0,1.25,650.0,175.0,88.81678631638862,1.249621420689026,LC4+,208.7009296944643,1.4101473852387052,LC4+,313.0513945416964,0.8271760163771233,True
102.0,300.0,1.25,660.0,185.0,89.43828779915434,1.248823595987871,LC4+,204.2139720900691,1.4631027683950566,LC4+,306.32095813510364,0.867322443369082,True
102.0,300.0,1.25,670.0,195.0,90.0572507604846,1.2475852232149236,LC4+,199.87694189891016,1.5165484083421563,LC4+,299.81541284836527,0.9078405428385861,True
102.0,300.0,1.25,680.0,205.0,90.67257674039423,1.2459063023701833,LC4+,195.68803185870993,1.5704177982799403,LC4+,293.5320477880649,0.9486798947861177,True
102.0,300.0,1.25,690.0,215.0,91.28316727889805,1.2437868334536502,LC4+,191.645076480748,1.6246434776033998,LC4+,287.46761472112183,0.9897893561155013,True
102.0,300.0,1.25,700.0,225.0,91.88792391601089,1.2412268164653242,LC4+,187.74563431630273,1.679156838089643,LC4+,281.61845147445416,1.0311169137008291,True
102.0,300.0,1.25,710.0,235.0,92.48574819174759,1.2382262514052054,LC4+,183.9870574501881,1.7338879537012009,LC4+,275.98058617528216,1.0726095553573054,True
102.0,300.0,1.25,720.0,245.0,93.07554164612297,1.234785138273294,LC4+,180.36655007195475,1.788765432389404,LC4+,270.5498251079321,1.114213157490708,True
102.0,300.0,1.25,730.0,255.0,93.65620581915188,1.2309034770695897,LC4+,176.88121773787574,1.8437162884383067,LC4+,265.3218266068136,1.1558723883190347,True
102.0,300.0,1.25,740.0,265.0,94.22664225084912,1.2265812677940928,LC4+,173.52810872347976,1.898665834026577,LC4+,260.2921630852196,1.1975306256636213,True
102.0,300.0,1.25,750.0,275.0,94.78575248122957,1.221818510446803,LC4+,170.3042486768421,1.953537588803548,LC4+,255.4563730152631,1.2391298883971236,True
102.0,300.0,1.25,760.0,285.0,95.33243805030801,1.2166152050277206,LC4+,167.20666961595046,2.00825320637818,LC4+,250.8100044239257,1.2806107807134777,True
102.0,300.0,1.25,770.0,295.0,95.8656004980993,1.2109713515368452,LC4+,164.23243416764797,2.0627324167072816,LC4+,246.34865125147186,1.3219124484513793,True
102.0,300.0,1.25,780.0,305.0,96.38414136461826,1.204886949974177,LC4+,161.3786558191059,2.1168929834427894,LC4+,242.06798372865882,1.362972546758483,True
102.0,300.0,1.25,790.0,315.0,96.88696218987975,1.1983620003397162,LC4+,158.64251584357783,2.170650675358427,LC4+,237.9637737653668,1.4037272184294496,True
102.0,300.0,1.25,800.0,325.0,97.37296451389855,1.1913965026334628,LC4+,156.0212774684935,2.2239192510237866,LC4+,234.03191620274032,1.444111082287085,True
102.0,300.0,1.25,810.0,335.0,97.84104987668954,1.1839904568554163,LC4+,153.51229777399413,2.276610455929291,LC4+,230.2684466609912,1.4840572310027227,True
102.0,300.0,1.25,820.0,345.0,98.29011981826753,1.1761438630055772,LC4+,151.11303774217882,2.3286340312885003,LC4+,226.66955661326818,1.5234972377694138,True
102.0,300.0,1.25,830.0,355.0,98.71907587864736,1.1678567210839452,LC4+,148.82107082014872,2.3798977337549125,LC4+,223.23160623022306,1.5623611712495826,True
102.0,300.0,1.25,840.0,365.0,99.12681959784385,1.1591290310905205,LC4+,146.6340903121386,2.4303073652877627,LC4+,219.95113546820795,1.6005776182168319,True
102.0,300.0,1.25,850.0,375.0,99.51225251587184,1.149960793025303,LC4+,144.54991587647737,2.4797668123849337,LC4+,216.82487381471609,1.6380737132991143,True
102.0,300.0,1.25,860.0,385.0,99.87427617274616,1.1403520068882929,LC4+,142.56649937087425,2.5281780938696516,LC4+,213.84974905631137,1.674775175206681,True
102.0,300.0,1.25,870.0,395.0,100.21179210848163,1.1303026726794898,LC4+,140.68193026380882,2.5754414163693022,LC4+,211.02289539571322,1.710606348791572,True
102.0,300.0,1.25,880.0,405.0,100.5237018630931,1.119812790398894,LC4+,138.89444080996162,2.621455236557779,LC4+,208.34166121494246,1.7454902522346578,True
102.0,300.0,1.25,890.0,415.0,100.8089069765954,1.1088823600465054,LC4+,137.20241117319927,2.666116329144036,LC4+,205.80361675979887,1.779348628588985,True
102.0,300.0,1.25,900.0,425.0,101.06630898900335,1.0975113816223243,LC4+,135.6043746712856,2.709319859475823,LC4+,203.40656200692843,1.8121020008219624,True
102.0,300.0,1.25,910.0,435.0,101.29480944033179,1.0856998551263501,LC4+,134.09902331206047,2.7509594594844575,LC4+,201.1485349680907,1.84366972939047,True
102.0,300.0,1.25,920.0,445.0,101.49330987059554,1.0734477805585831,LC4+,132.6852137913132,2.7909273055181303,LC4+,199.02782068696985,1.873970071247674,True
102.0,300.0,1.25,930.0,455.0,101.66071181980942,1.0607551579190235,LC4+,131.3619741281343,2.829114196391104,LC4+,197.0429611922015,1.9029202390135338,True
102.0,300.0,1.25,940.0,465.0,101.79591682798832,1.0476219872076713,LC4+,130.1285111245448,2.8654096297050797,LC4+,195.19276668681718,1.9304364588353948,True
102.0,300.0,1.25,950.0,475.0,101.89782643514701,1.034048268424526,LC4+,128.9842188532917,2.899701874165851,LC4+,193.47632827993763,1.956434025212546,True
102.0,300.0,1.25,960.0,485.0,101.96534218130036,1.0200340015695881,LC4+,127.928688401741,2.9318780352097678,LC4+,191.8930326026115,1.9808273507488234,True
102.0,300.0,1.25,970.0,495.0,101.99736560646318,1.0055791866428574,LC4+,126.96171913209368,2.961824110751589,LC4+,190.44257869814055,2.0035300084160483,True
102.0,300.0,1.25,973.780356685791,498.78035668579105,102.0,1.0,LC4+,126.61923493678245,2.9725401930530877,LC4+,189.92885240517367,2.011654062858007,True
102.0,300.0,1.5,250.0,-225.0,74.0,1.0,LC4+,292.37427177639455,0.7203976155080098,LC4+,438.56140766459185,0.3042643287880471,True
102.0,300.0,1.5,260.0,-215.0,74.0,1.0,LC4+,297.07034420784856,0.6932016601699915,LC4+,445.6055163117729,0.28364658663649456,True
102.0,300.0,1.5,270.0,-205.0,74.0,1.0,LC4+,301.7683884424068,0.6668412572843054,LC4+,452.6525826636101,0.26366229180466916,True
102.0,300.0,1.5,280.0,-195.0,74.0,1.0,LC4+,306.46831379907775,0.641278975188833,LC4+,459.70247069861665,0.24428306667728616,True
102.0,300.0,1.5,290.0,-185.0,74.0,1.0,LC4+,311.1700350402296,0.6164795557354026,LC4+,466.7550525603445,0.22548218141901932,True
102.0,300.0,1.5,300.0,-175.0,74.0,1.0,LC4+,315.87347197159596,0.5924097609729977,LC4+,473.81020795739386,0.20723443774228612,True
102.0,300.0,1.5,310.0,-165.0,74.0183199423511,1.0292427156231843,LC4+,328.79452719121724,0.529830816519248,LC4+,493.1917907868259,0.1597922161020675,True
102.0,300.0,1.5,320.0,-155.0,74.07254746274762,1.0576043351027828,LC4+,340.35029775486277,0.47788911400420053,LC4+,510.5254466322942,0.12041427860888354,True
102.0,300.0,1.5,330.0,-145.0,74.16158410120441,1.0850848584387962,LC4+,350.45460498617865,0.4352786148147132,LC4+,525.681907479268,0.08811049393507742,True
102.0,300.0,1.5,340.0,-135.0,74.28433139773628,1.1116842856312237,LC4+,359.05847924812736,0.4008860090236217,LC4+,538.5877188721912,0.062036841831028866,True
102.0,300.0,1.5,350.0,-125.0,74.43969089235807,1.1374026166800657,LC4+,366.14866311960355,0.37375894183094016,LC4+,549.2229946794056,0.04147132501961237,True
102.0,300.0,1.5,360.0,-115.0,74.6265641250846,1.1622398515853223,LC4+,371.7444431983469,0.35308007746499315,LC4+,557.6166647975202,0.025794306573858616,True
102.0,300.0,1.5,370.0,-105.0,74.84385263593073,1.1861959903469934,LC4+,375.8932640092235,0.3381458199997369,LC4+,563.8398960138353,0.014472377786414192,True
102.0,300.0,1.5,380.0,-95.0,75.09045796491127,1.2092710329650789,LC4+,378.6656123255501,0.3283487690124762,LC4+,567.9984184883253,0.007045057488583417,True
102.0,300.0,1.5,390.0,-85.0,75.36528165204103,1.2314649794395787,LC4+,380.14963333215644,0.32316318600918614,LC4+,570.2244499982346,0.003113773886354476,True
102.0,300.0,1.5,400.0,-75.0,75.66722523733489,1.252777829770493,LC4+,380.44586893435655,0.3221329000336428,LC4+,570.6688034015348,0.0023326955854787723,True
102.0,300.0,1.5,410.0,-65.0,75.99519026080766,1.273209583957822,LC4+,379.6624132420402,0.3248611989392016,LC4+,569.4936198630606,0.004401067983065499,True
102.0,300.0,1.5,420.0,-55.0,76.34807826247416,1.2927602420015651,LC4+,377.91067912541394,0.33100234469180956,LC4+,566.8660186881208,0.009056780866421699,True
102.0,300.0,1.5,430.0,-45.0,76.72479078234925,1.311429803901723,LC4+,375.30187655599536,0.3402544229617033,LC4+,562.9528148339932,0.016070947560098192,True
102.0,300.0,1.5,440.0,-35.0,77.12422936044773,1.3292182696582953,LC4+,371.9442266390017,0.35235329378616,LC4+,557.9163399585027,0.025243318814689664,True
102.0,300.0,1.5,450.0,-25.0,77.54529553678444,1.346125639271282,LC4+,367.9408783034033,0.3670674547480621,LC4+,551.9113174551048,0.03639838849024746,True
102.0,300.0,1.5,460.0,-15.0,77.98689085137421,1.362151912740683,LC4+,363.3884572929208,0.38419366357182017,LC4+,545.0826859393815,0.04938207496763525,True
102.0,300.0,1.5,470.0,-5.0,78.4479168442319,1.3772970900664987,LC4+,358.3761567987435,0.4035531953161553,LC4+,537.5642351981154,0.06405888365916601,True
102.0,300.0,1.5,480.0,5.0,78.9272750553723,1.3915611712487286,LC4+,352.98527209681794,0.4249886319960554,LC4+,529.477908145227,0.08030947316334469,True
102.0,300.0,1.5,490.0,15.0,79.42386702481026,1.4049441562873732,LC4+,347.289084027496,0.44836110069090407,LC4+,520.9336260412441,0.09802856142504579,True
102.0,300.0,1.5,500.0,25.0,79.93659429256063,1.4174460451824322,LC4+,341.35300460865227,0.4735478909191664,LC4+,512.0295069129784,0.11712311942447062,True
102.0,300.0,1.5,510.0,35.0,80.46435839863821,1.4290668379339055,LC4+,335.2349097041064,0.5004403940030311,LC4+,502.8523645561596,0.1375108089724768,True
102.0,300.0,1.5,520.0,45.0,81.00606088305786,1.4398065345417934,LC4+,328.98559641465556,0.5289423168727896,LC4+,493.47839462198334,0.15911862856359926,True
102.0,300.0,1.5,530.0,55.0,81.56060328583439,1.4496651350060958,LC4+,322.64931533276547,0.5589681307125329,LC4+,483.9739729991482,0.18188173726649293,True
102.0,300.0,1.5,540.0,65.0,82.12688714698263,1.4586426393268126,LC4+,316.2643391705154,0.590441721375375,LC4+,474.3965087557731,0.20574243157947603,True
102.0,300.0,1.5,550.0,75.0,82.70381400651743,1.466739047503944,LC4+,309.86353911538544,0.6232952138737928,LC4+,464.7953086730781,0.23064925425554628,True
102.0,300.0,1.5,560.0,85.0,83.2902854044536,1.4739543595374895,LC4+,303.47494845878794,0.657467947698845,LC4+,455.212422688182,0.2565562174734779,True
102.0,300.0,1.5,570.0,95.0,83.88520288080599,1.48028857542745,LC4+,297.12229962929496,0.692905583416555,LC4+,445.68344944394244,0.28342212553249757,True
102.0,300.0,1.5,580.0,105.0,84.48746797558944,1.4857416951738245,LC4+,290.82552590101466,0.7295593240711651,LC4+,436.2382888515221,0.31120998458410365,True
102.0,300.0,1.5,590.0,115.0,85.09598222881874,1.4903137187766136,LC4+,284.60122293965435,0.7673852375070573,LC4+,426.90183440948164,0.3398864888721491,True
102.0,300.0,1.5,600.0,125.0,85.70964718050877,1.4940046462358172,LC4+,278.4630682078792,0.8063436678953015,LC4+,417.6946023118187,0.3694215746005469,True
102.0,300.0,1.5,610.0,135.0,86.32736437067433,1.4968144775514352,LC4+,272.42219828026674,0.8463987265917143,LC4+,408.63329742040014,0.39978803394361884,True
102.0,300.0,1.5,620.0,145.0,86.94803533933026,1.4987432127234677,LC4+,266.4875454969485,0.8875178540220363,LC4+,399.7313182454229,0.4309611829033855,True
102.0,300.0,1.5,630.0,155.0,87.5705616264914,1.4997908517519147,LC4+,260.66613626764337,0.9296714456362534,LC4+,390.99920440146514,0.46291857773881606,True
102.0,300.0,1.5,640.0,165.0,88.19384477217257,1.4999573946367761,LC4+,254.96335385070512,0.9728325361398165,LC4+,382.44503077605765,0.49563977557584504,True
102.0,300.0,1.5,650.0,175.0,88.81678631638862,1.4992428413780519,LC4+,249.38316867631235,1.0169765372292243,LC4+,374.0747530144685,0.5291061355800082,True
102.0,300.0,1.5,660.0,185.0,89.43828779915434,1.4976471919757424,LC4+,243.92833933825096,1.0620810249624135,LC4+,365.8925090073765,0.5633006577581186,True
102.0,300.0,1.5,670.0,195.0,90.0572507604846,1.4951704464298472,LC4+,238.6005873055192,1.108125573705848,LC4+,357.9008809582788,0.5982078570705702,True
102.0,300.0,1.5,680.0,205.0,90.67257674039423,1.4918126047403664,LC4+,233.40074824873122,1.1550916343419835,LC4+,350.1011223730968,0.6338136710982301,True
102.0,300.0,1.5,690.0,215.0,91.28316727889805,1.4875736669073,LC4+,228.3289026703887,1.2029624551129268,LC4+,342.49335400558294,0.6701054000325972,True
102.0,300.0,1.5,700.0,225.0,91.88792391601089,1.4824536329306484,LC4+,223.38448829658728,1.251723044136205,LC4+,335.07673244488103,0.7070716782583286,True
102.0,300.0,1.5,710.0,235.0,92.48574819174759,1.4764525028104107,LC4+,218.56639644733323,1.3013601732744182,LC4+,327.8495946709998,0.7447024772869018,True
102.0,300.0,1.5,720.0,245.0,93.07554164612297,1.469570276546588,LC4+,213.87305436473366,1.351862423688945,LC4+,320.8095815471005,0.7829891402916853,True
102.0,300.0,1.5,730.0,255.0,93.65620581915188,1.4618069541391794,LC4+,209.30249525018775,1.4032202740762538,LC4+,313.9537428752817,0.8219244490014801,True
102.0,300.0,1.5,740.0,265.0,94.22664225084912,1.4531625355881856,LC4+,204.8524175476727,1.4554262332927714,LC4+,307.278626321509,0.8615027242458122,True
102.0,300.0,1.5,750.0,275.0,94.78575248122957,1.443637020893606,LC4+,200.52023481257652,1.5084750198410006,LC4+,300.7803522188648,0.901719962026577,True
102.0,300.0,1.5,760.0,285.0,95.33243805030801,1.433230410055441,LC4+,196.3031173250474,1.562363791539338,LC4+,294.45467598757114,0.9425740076348592,True
102.0,300.0,1.5,770.0,295.0,95.8656004980993,1.4219427030736904,LC4+,192.1980264432747,1.6170924296585083,LC4+,288.2970396649121,0.9840647710598627,True
102.0,300.0,1.5,780.0,305.0,96.38414136461826,1.4097738999483542,LC4+,188.20174254464285,1.672663882911098,LC4+,282.30261381696425,1.0261944877735565,True
102.0,300.0,1.5,790.0,315.0,96.88696218987975,1.3967240006794324,LC4+,184.31088726995253,1.7290845779678587,LC4+,276.46633090492884,1.0689680299504505,True
102.0,300.0,1.5,800.0,325.0,97.37296451389855,1.3827930052669253,LC4+,180.52194066637287,1.7863649046938117,LC4+,270.78291099955936,1.1123932743338107,True
102.0,300.0,1.5,810.0,335.0,97.84104987668954,1.3679809137108325,LC4+,176.83125371674953,1.8445197861103875,LC4+,265.24688057512424,1.1564815343341839,True
102.0,300.0,1.5,820.0,345.0,98.29011981826753,1.3522877260111543,LC4+,173.2350566446137,1.9035693452733922,LC4+,259.85258496692063,1.2012480656015638,True
102.0,300.0,1.5,830.0,355.0,98.71907587864736,1.3357134421678905,LC4+,169.7294632939001,1.9635396839087118,LC4+,254.5941949408502,1.2467126563231052,True
102.0,300.0,1.5,840.0,365.0,99.12681959784385,1.318258062181041,LC4+,166.31047179822536,2.024463790892615,LC4+,249.46570769733813,1.29290031595835,True
102.0,300.0,1.5,850.0,375.0,99.51225251587184,1.2999215860506061,LC4+,162.97396167477768,2.0863826026623844,LC4+,244.46094251216655,1.339842079155578,True
102.0,300.0,1.5,860.0,385.0,99.87427617274616,1.2807040137765857,LC4+,159.7156874005825,2.1493462426043783,LC4+,239.57353110087374,1.3875759453541479,True
102.0,300.0,1.5,870.0,395.0,100.21179210848163,1.2606053453589796,LC4+,156.53126845226038,2.213415472662622,LC4+,234.79690267839052,1.436147979275043,True
102.0,300.0,1.5,880.0,405.0,100.5237018630931,1.239625580797788,LC4+,153.41617571235358,2.278663398200564,LC4+,230.12426356853035,1.4856136034071872,True
102.0,300.0,1.5,890.0,415.0,100.8089069765954,1.2177647200930108,LC4+,150.3657140637291,2.3451774770065925,LC4+,225.54857109559364,1.5360391210706044,True
102.0,300.0,1.5,900.0,425.0,101.06630898900335,1.1950227632446484,LC4+,147.37500090606045,2.4130618958952303,LC4+,221.06250135909073,1.5875035181604655,True
102.0,300.0,1.5,910.0,435.0,101.29480944033179,1.1713997102527003,LC4+,144.4389402322371,2.482440394475674,LC4+,216.65841034835563,1.6401006038967334,True
102.0,300.0,1.5,920.0,445.0,101.49330987059554,1.1468955611171663,LC4+,141.552191794629,2.5534596364977347,LC4+,212.32828769194356,1.6939415667020592,True
102.0,300.0,1.5,930.0,455.0,101.66071181980942,1.1215103158380473,LC4+,138.70913476772654,2.6262932563330574,LC4+,208.06370215158987,1.749158041911873,True
102.0,300.0,1.5,940.0,465.0,101.79591682798832,1.0952439744153424,LC4+,135.90382517038003,2.701146743805029,LC4+,203.85573775557006,1.8059058150516587,True
102.0,300.0,1.5,950.0,475.0,101.89782643514701,1.0680965368490523,LC4+,133.12994614234134,2.7782633778143118,LC4+,199.694919213512,1.8643693202250318,True
102.0,300.0,1.5,960.0,485.0,101.96534218130036,1.0400680031391762,LC4+,130.38074996950843,2.8579314823517614,LC4+,195.57112495426264,1.9247671410274454,True
102.0,300.0,1.5,970.0,495.0,101.99736560646318,1.0111583732857148,LC4+,127.6489905122415,2.9404933637274824,LC4+,191.47348576836228,1.9873587860200392,True
102.0,300.0,1.5,973.780356685791,498.78035668579105,102.0,1.0,LC4+,126.61923493678245,2.9725401930530877,LC4+,189.92885240517367,2.011654062858007,True
102.0,300.0,2.0,250.0,-225.0,74.0,1.0,LC4+,292.37427177639455,0.7203976155080098,LC4+,438.56140766459185,0.3042643287880471,True
102.0,300.0,2.0,260.0,-215.0,74.0,1.0,LC4+,297.07034420784856,0.6932016601699915,LC4+,445.6055163117729,0.28364658663649456,True
102.0,300.0,2.0,270.0,-205.0,74.0,1.0,LC4+,301.7683884424068,0.6668412572843054,LC4+,452.6525826636101,0.26366229180466916,True
102.0,300.0,2.0,280.0,-195.0,74.0,1.0,LC4+,306.46831379907775,0.641278975188833,LC4+,459.70247069861665,0.24428306667728616,True
102.0,300.0,2.0,290.0,-185.0,74.0,1.0,LC4+,311.1700350402296,0.6164795557354026,LC4+,466.7550525603445,0.22548218141901932,True
102.0,300.0,2.0,300.0,-175.0,74.0,1.0,LC4+,315.87347197159596,0.5924097609729977,LC4+,473.81020795739386,0.20723443774228612,True
102.0,300.0,2.0,310.0,-165.0,74.0183199423511,1.0584854312463685,LC4+,337.6551460468045,0.4896855738436636,LC4+,506.48271907020666,0.12935738666477903,True
102.0,300.0,2.0,320.0,-155.0,74.07254746274762,1.115208670205566,LC4+,357.9893980567376,0.4050695432055216,LC4+,536.9840970851063,0.06520845422605515,True
102.0,300.0,2.0,330.0,-145.0,74.16158410120441,1.1701697168775922,LC4+,376.6764988773324,0.3353633728123979,LC4+,565.0147483159986,0.01236295460396497,True
102.0,300.0,2.0,340.0,-135.0,74.28433139773628,1.2233685712624474,LC4+,393.56603378013295,0.2780574460879486,LC4+,590.3490506701996,-0.03108169759800361,False
102.0,300.0,2.0,350.0,-125.0,74.43969089235807,1.2748052333601316,LC4+,408.5577687775695,0.2311600425687843,LC4+,612.8366531663544,-0.06663546143228039,False
102.0,300.0,2.0,360.0,-115.0,74.6265641250846,1.3244797031706446,LC4+,421.5998891045677,0.19307431761501959,LC4+,632.3998336568517,-0.09550893349795753,False
102.0,300.0,2.0,370.0,-105.0,74.84385263593073,1.3723919806939866,LC4+,432.68507991020505,0.1625083076689111,LC4+,649.0276198653078,-0.11868157457042161,False
102.0,300.0,2.0,380.0,-95.0,75.09045796491127,1.4185420659301575,LC4+,441.84504222298494,0.138408156554922,LC4+,662.7675633344776,-0.13695233194245826,False
102.0,300.0,2.0,390.0,-85.0,75.36528165204103,1.4629299588791573,LC4+,449.14406745148244,0.11990792365154679,LC4+,673.7161011772237,-0.15097769075058343,False
102.0,300.0,2.0,400.0,-75.0,75.66722523733489,1.505555659540986,LC4+,454.6722485886035,0.10629140344812282,LC4+,682.0083728829052,-0.1613006192547033,False
102.0,300.0,2.0,410.0,-65.0,75.99519026080766,1.5464191679156438,LC4+,458.53881064800134,0.09696276153629535,LC4+,687.8082159720025,-0.16837283022033067,False
102.0,300.0,2.0,420.0,-55.0,76.34807826247416,1.5855204840031303,LC4+,460.86592221248924,0.09142372164389312,LC4+,691.2988833187337,-0.17257207583789658,False
102.0,300.0,2.0,430.0,-45.0,76.72479078234925,1.6228596078034458,LC4+,461.7832259700871,0.08925567606603102,LC4+,692.6748389551307,-0.1742157101262164,False
102.0,300.0,2.0,440.0,-35.0,77.12422936044773,1.6584365393165903,LC4+,461.4232141441426,0.09010553561544343,LC4+,692.1348212162139,-0.173571416339253,False
102.0,300.0,2.0,450.0,-25.0,77.54529553678444,1.6922512785425639,LC4+,459.9174835536785,0.09367444810628345,LC4+,689.8762253305176,-0.17086575968615747,False
102.0,300.0,2.0,460.0,-15.0,77.98689085137421,1.7243038254813658,LC4+,457.39383778425804,0.0997087377404795,LC4+,686.0907566763872,-0.16629105634519004,False
102.0,300.0,2.0,470.0,-5.0,78.4479168442319,1.7545941801329972,LC4+,453.9741596709344,0.10799257905913029,LC4+,680.9612395064016,-0.1600109274727336,False
102.0,300.0,2.0,480.0,5.0,78.9272750553723,1.7831223424974572,LC4+,449.7729526547652,0.11834203686785627,LC4+,674.659428982148,-0.15216481764292433,False
102.0,300.0,2.0,490.0,15.0,79.42386702481026,1.8098883125747465,LC4+,444.89644020830565,0.1306001903824845,LC4+,667.3446603124585,-0.1428716913203696,False
102.0,300.0,2.0,500.0,25.0,79.93659429256063,1.8348920903648644,LC4+,439.44211401235384,0.14463312450262644,LC4+,659.1631710185308,-0.13223307194764433,False
102.0,300.0,2.0,510.0,35.0,80.46435839863821,1.858133675867811,LC4+,433.49863000298274,0.16032661970936113,LC4+,650.247945004474,-0.12033555139330065,False
102.0,300.0,2.0,520.0,45.0,81.00606088305786,1.8796130690835868,LC4+,427.14596366848724,0.17758340891261226,LC4+,640.7189455027309,-0.10725286958513702,False
102.0,300.0,2.0,530.0,55.0,81.56060328583439,1.8993302700121917,LC4+,420.4557497553134,0.19632089772282502,LC4+,630.6836246329702,-0.0930476428131799,False
102.0,300.0,2.0,540.0,65.0,82.12688714698263,1.9172852786536252,LC4+,413.4917452748142,0.21646926631073837,LC4+,620.2376179122214,-0.07777280274388021,False
102.0,300.0,2.0,550.0,75.0,82.70381400651743,1.9334780950078878,LC4+,406.3103674258071,0.23796988786373663,LC4+,609.4655511387105,-0.0614727954167561,False
102.0,300.0,2.0,560.0,85.0,83.2902854044536,1.9479087190749793,LC4+,398.9612692509245,0.2607740118343189,LC4+,598.4419038763866,-0.044184579497374976,False
102.0,300.0,2.0,570.0,95.0,83.88520288080599,1.9605771508548997,LC4+,391.48792533407214,0.28484167058478294,LC4+,587.2318880011084,-0.02593845516965454,False
102.0,300.0,2.0,580.0,105.0,84.48746797558944,1.971483390347649,LC4+,383.92820763364097,0.31014077631925896,LC4+,575.8923114504613,-0.006758748767904166,False
102.0,300.0,2.0,590.0,115.0,85.09598222881874,1.9806274375532271,LC4+,376.31493776358076,0.33664638185585116,LC4+,564.4724066453712,0.013335626801254774,True
102.0,300.0,2.0,600.0,125.0,85.70964718050877,1.9880092924716344,LC4+,368.6764068748528,0.36434008420490915,LC4+,553.0146103122793,0.034330719900872,True
102.0,300.0,2.0,610.0,135.0,86.32736437067433,1.9936289551028703,LC4+,361.0368579660882,0.39320955437532157,LC4+,541.5552869491323,0.0562171837013703,True
102.0,300.0,2.0,620.0,145.0,86.94803533933026,1.9974864254469353,LC4+,353.4169281731623,0.423248180555593,LC4+,530.1253922597434,0.07899000566971415,True
102.0,300.0,2.0,630.0,155.0,87.5705616264914,1.9995817035038295,LC4+,345.8340505432015,0.45445481498984264,LC4+,518.7510758148024,0.10264831567155674,True
102.0,300.0,2.0,640.0,165.0,88.19384477217257,1.9999147892735523,LC4+,338.3028161549418,0.486833617635708,LC4+,507.4542242324126,0.12719526744549392,True
102.0,300.0,2.0,650.0,175.0,88.81678631638862,1.998485682756104,LC4+,330.83529834360735,0.5203939921718432,LC4+,496.2529475154112,0.15263799008919032,True
102.0,300.0,2.0,660.0,185.0,89.43828779915434,1.9952943839514847,LC4+,323.4413413385058,0.5551506122205092,LC4+,485.16201200775873,0.17898760793920632,True
102.0,300.0,2.0,670.0,195.0,90.0572507604846,1.9903408928596942,LC4+,316.1288159164703,0.5911235378583968,LC4+,474.19322387470544,0.20625932889993748,True
102.0,300.0,2.0,680.0,205.0,90.67257674039423,1.9836252094807327,LC4+,308.9038447856397,0.6283384246934547,LC4+,463.35576717845953,0.23447260294851713,True
102.0,300.0,2.0,690.0,215.0,91.28316727889805,1.9751473338146002,LC4+,301.7710003968702,0.6668268300747457,LC4+,452.6565005953053,0.2636513542780048,True
102.0,300.0,2.0,700.0,225.0,91.88792391601089,1.9649072658612965,LC4+,294.7334777761541,0.7066266234676652,LC4+,442.10021666423125,0.293824292410211,True
102.0,300.0,2.0,710.0,235.0,92.48574819174759,1.9529050056208217,LC4+,287.79324481169874,0.7477825107712643,LC4+,431.6898672175481,0.32502530969007726,True
102.0,300.0,2.0,720.0,245.0,93.07554164612297,1.939140553093176,LC4+,280.9511722365286,0.7903466854964103,LC4+,421.426758354793,0.3572939749555286,True
102.0,300.0,2.0,730.0,255.0,93.65620581915188,1.923613908278359,LC4+,274.20714533773116,0.8343796234065046,LC4+,411.3107180065968,0.39067613596888084,True
102.0,300.0,2.0,740.0,265.0,94.22664225084912,1.9063250711763713,LC4+,267.56015920792686,0.8799510416239051,LC4+,401.3402388118903,0.4252246465326359,True
102.0,300.0,2.0,750.0,275.0,94.78575248122957,1.887274041787212,LC4+,261.0083991406777,0.9271410485487643,LC4+,391.51259871101644,0.4610002382636096,True
102.0,300.0,2.0,760.0,285.0,95.33243805030801,1.8664608201108819,LC4+,254.549307563938,0.976041517510928,LC4+,381.82396134590704,0.49807256198310235,True
102.0,300.0,2.0,770.0,295.0,95.8656004980993,1.8438854061473808,LC4+,248.17963870686583,1.0267577252544555,LC4+,372.26945806029875,0.5365214298814427,True
102.0,300.0,2.0,780.0,305.0,96.38414136461826,1.8195477998967085,LC4+,241.89550200640087,1.0794103066318694,LC4+,362.8432530096013,0.5764382974067983,True
102.0,300.0,2.0,790.0,315.0,96.88696218987975,1.793448001358865,LC4+,235.6923950808952,1.1341375899182427,LC4+,353.53859262134284,0.6179280337087274,True
102.0,300.0,2.0,800.0,325.0,97.37296451389855,1.7655860105338506,LC4+,229.56522692790634,1.1910983938258397,LC4+,344.3478403918597,0.6611110421052084,True
102.0,300.0,2.0,810.0,335.0,97.84104987668954,1.735961827421665,LC4+,223.508331840594,1.2504753888044733,LC4+,335.262497760891,0.7061258083448094,True
102.0,300.0,2.0,820.0,345.0,98.29011981826753,1.7045754520223086,LC4+,217.51547438013378,1.3124791531886535,LC4+,326.27321157020054,0.753131975644679,True
102.0,300.0,2.0,830.0,355.0,98.71907587864736,1.671426884335781,LC4+,211.57984558796284,1.3773530914639092,LC4+,317.36976838194425,0.8023140733165752,True
102.0,300.0,2.0,840.0,365.0,99.12681959784385,1.6365161243620818,LC4+,205.69405046907085,1.4453794305325984,LC4+,308.5410757036063,0.8538860626436662,True
102.0,300.0,2.0,850.0,375.0,99.51225251587184,1.5998431721012123,LC4+,199.85008662325086,1.5168865748266342,LC4+,299.7751299348763,0.9080969129235714,True
102.0,300.0,2.0,860.0,385.0,99.87427617274616,1.5614080275531712,LC4+,194.03931374236063,1.5922581888115093,LC4+,291.05897061354096,0.9652374870777778,True
102.0,300.0,2.0,870.0,395.0,100.21179210848163,1.521210690717959,LC4+,188.25241352521846,1.6719444950575237,LC4+,282.3786202878278,1.0256491069223368,True
102.0,300.0,2.0,880.0,405.0,100.5237018630931,1.4792511615955761,LC4+,182.47933938465277,1.7564764410929485,LC4+,273.71900907697915,1.0897342933136733,True
102.0,300.0,2.0,890.0,415.0,100.8089069765954,1.435529440186022,LC4+,176.70925513045168,1.8464836186914568,LC4+,265.0638826956776,1.1579703510821906,True
102.0,300.0,2.0,900.0,425.0,101.06630898900335,1.3900455264892968,LC4+,170.93046160483885,1.9427171451911684,LC4+,256.3956924072583,1.2309267157711705,True
102.0,300.0,2.0,910.0,435.0,101.29480944033179,1.3427994205054004,LC4+,165.130310021875,2.0460791839691153,LC4+,247.69546503281242,1.3092873336386144,True
102.0,300.0,2.0,920.0,445.0,101.49330987059554,1.2937911222343328,LC4+,159.29510051907647,2.1576614620345023,LC4+,238.94265077861473,1.3938798625364281,True
102.0,300.0,2.0,930.0,455.0,101.66071181980942,1.2430206316760946,LC4+,153.40996417256503,2.2787961506476493,LC4+,230.11494625884757,1.4857142454214118,True
102.0,300.0,2.0,940.0,465.0,101.79591682798832,1.1904879488306848,LC4+,147.45872646776954,2.411123994143148,LC4+,221.18808970165435,1.5860343600396032,True
102.0,300.0,2.0,950.0,475.0,101.89782643514701,1.1361930736981045,LC4+,141.42374998177246,2.556686907714084,LC4+,212.13562497265863,1.6963882189694584,True
102.0,300.0,2.0,960.0,485.0,101.96534218130036,1.0801360062783525,LC4+,135.2857538734585,2.7180559341857116,LC4+,202.92863081018768,1.8187249759499373,True
102.0,300.0,2.0,970.0,495.0,101.99736560646318,1.0223167465714296,LC4+,129.0236077981918,2.8985113545015078,LC4+,193.53541169728774,1.9555314708745684,True
102.0,300.0,2.0,973.780356685791,498.78035668579105,102.0,1.0,LC4+,126.61923493678245,2.9725401930530877,LC4+,189.92885240517367,2.011654062858007,True
102.0,350.0,1.25,250.0,-225.0,74.0,1.0,LC4+,292.37427177639455,0.7203976155080098,LC4+,438.56140766459185,0.3042643287880471,True
102.0,350.0,1.25,260.0,-215.0,74.0,1.0,LC4+,297.07034420784856,0.6932016601699915,LC4+,445.6055163117729,0.28364658663649456,True
102.0,350.0,1.25,270.0,-205.0,74.0,1.0,LC4+,301.7683884424068,0.6668412572843054,LC4+,452.6525826636101,0.26366229180466916,True
102.0,350.0,1.25,280.0,-195.0,74.0,1.0,LC4+,306.46831379907775,0.641278975188833,LC4+,459.70247069861665,0.24428306667728616,True
102.0,350.0,1.25,290.0,-185.0,74.0,1.0,LC4+,311.1700350402296,0.6164795557354026,LC4+,466.7550525603445,0.22548218141901932,True
102.0,350.0,1.25,300.0,-175.0,74.0,1.0,LC4+,315.87347197159596,0.5924097609729977,LC4+,473.81020795739386,0.20723443774228612,True
102.0,350.0,1.25,310.0,-165.0,74.0,1.0,LC4+,320.5785490768347,0.5690382324347081,LC4+,480.867823615252,0.18951606223015638,True
102.0,350.0,1.25,320.0,-155.0,74.0,1.0,LC4+,325.28519518322923,0.5463353618558207,LC4+,487.92779277484374,0.17230460832542027,True
102.0,350.0,1.25,330.0,-145.0,74.0,1.0,LC4+,329.99334315549385,0.52427317227119,LC4+,494.9900147332408,0.15557886618836392,True
102.0,350.0,1.25,340.0,-135.0,74.0,1.0,LC4+,334.7029296149834,0.5028252085472111,LC4+,502.0543944224753,0.13931877970709672,True
102.0,350.0,1.25,350.0,-125.0,74.0,1.0,LC4+,339.41389468189226,0.4819664364990861,LC4+,509.12084202283864,0.1235053700165365,True
102.0,350.0,1.25,360.0,-115.0,74.0213574492877,1.0157742818531628,LC4+,348.47864229309306,0.443417010265279,LC4+,522.7179634396397,0.09428035768288856,True
102.0,350.0,1.25,370.0,-105.0,74.08450690078634,1.031034559578258,LC4+,355.86733763379203,0.4134480656317381,LC4+,533.8010064506883,0.07156036254652598,True
102.0,350.0,1.25,380.0,-95.0,74.1880640099491,1.0457808331752856,LC4+,361.5551445227445,0.39121239904901306,LC4+,542.3327167841169,0.05470310438175652,True
102.0,350.0,1.25,390.0,-85.0,74.33064443222928,1.0600131026442456,LC4+,365.56203070518296,0.375963469263189,LC4+,548.3430460577745,0.04314261685691734,True
102.0,350.0,1.25,400.0,-75.0,74.51086382308009,1.0737313679851384,LC4+,367.94763331243445,0.3670423572826431,LC4+,551.9214499686517,0.03637936165098998,True
102.0,350.0,1.25,410.0,-65.0,74.72733783795476,1.0869356291979635,LC4+,368.80441196919173,0.3638665473503564,LC4+,553.2066179537877,0.03397172310722829,True
102.0,350.0,1.25,420.0,-55.0,74.97868213230657,1.099625886282721,LC4+,368.2499036147742,0.3659202488921429,LC4+,552.3748554221612,0.03552867112830471,True
102.0,350.0,1.25,430.0,-45.0,75.26351236158872,1.111802139239411,LC4+,366.4188355481888,0.3727460250439256,LC4+,549.6282533222834,0.04070341461249183,True
102.0,350.0,1.25,440.0,-35.0,75.58044418125448,1.1234643880680335,LC4+,363.45571141976995,0.38393753130230657,LC4+,545.1835671296549,0.049187896494260475,True
102.0,350.0,1.25,450.0,-25.0,75.92809324675709,1.1346126327685884,LC4+,359.5083014308556,0.3991331994227738,LC4+,539.2624521462834,0.060708005394071174,True
102.0,350.0,1.25,460.0,-15.0,76.30507521354976,1.1452468733410759,LC4+,354.72228105631996,0.41801072800424866,LC4+,532.0834215844803,0.07501939883158348,True
102.0,350.0,1.25,470.0,-5.0,76.71000573708575,1.1553671097854958,LC4+,349.23709946972116,0.4402822631494512,LC4+,523.8556492045818,0.09190384959772824,True
102.0,350.0,1.25,480.0,5.0,77.14150047281832,1.1649733421018482,LC4+,343.18303416328763,0.4656901709210688,LC4+,514.7745512449317,0.11116604077780101,True
102.0,350.0,1.25,490.0,15.0,77.59817507620069,1.1740655702901333,LC4+,336.67930567833685,0.4940033186374866,LC4+,505.0189585175054,0.13263074653497964,True
102.0,350.0,1.25,500.0,25.0,78.07864520268609,1.1826437943503505,LC4+,329.83308196309576,0.5250137948754319,LC4+,494.7496229446438,0.15614034548541644,True
102.0,350.0,1.25,510.0,35.0,78.58152650772779,1.1907080142825004,LC4+,322.73918770035334,0.5585340087891946,LC4+,484.10878155052984,0.18155262164005248,True
102.0,350.0,1.25,520.0,45.0,79.105434646779,1.1982582300865827,LC4+,315.480340905853,0.5943941183647556,LC4+,473.22051135877945,0.2087388147178797,True
102.0,350.0,1.25,530.0,55.0,79.648985275293,1.2052944417625975,LC4+,308.12775883791926,0.6324397447897157,LC4+,462.19163825687883,0.2375818873687443,True
102.0,350.0,1.25,540.0,65.0,80.21079404872299,1.2118166493105447,LC4+,300.74200110272477,0.672529936475982,LC4+,451.11300165408727,0.26797498166237443,True
102.0,350.0,1.25,550.0,75.0,80.78947662252223,1.2178248527304245,LC4+,293.3739450309896,0.7145353516204966,LC4+,440.0609175464844,0.29982004125503514,True
102.0,350.0,1.25,560.0,85.0,81.38364865214396,1.2233190520222368,LC4+,286.065813932853,0.7583366326955341,LC4+,429.0987208992796,0.3330265790614253,True
102.0,350.0,1.25,570.0,95.0,81.99192579304143,1.2282992471859815,LC4+,278.8522010891577,0.8038229500622638,LC4+,418.2783016337366,0.36751057314196767,True
102.0,350.0,1.25,580.0,105.0,82.61292370066786,1.2327654382216586,LC4+,271.76105068103396,0.8508906951142579,LC4+,407.641576021551,0.40319347595143196,True
102.0,350.0,1.25,590.0,115.0,83.2452580304765,1.2367176251292682,LC4+,264.81457130371024,0.8994423060773342,LC4+,397.22185695556544,0.44000132415670623,True
102.0,350.0,1.25,600.0,125.0,83.88754443792061,1.2401558079088104,LC4+,258.03006862359877,0.9493852118985056,LC4+,387.0451029353981,0.47786393798004667,True
102.0,350.0,1.25,610.0,135.0,84.5383985784534,1.243079986560285,LC4+,251.42069165379786,1.0006308816166278,LC4+,377.1310374806969,0.5167142005098886,True
102.0,350.0,1.25,620.0,145.0,85.19643610752813,1.245490161083692,LC4+,244.99609261546425,1.0530939682760083,LC4+,367.49413892319643,0.556487408686384,True
102.0,350.0,1.25,630.0,155.0,85.86027268059803,1.2473863314790317,LC4+,238.76300396067546,1.1066915378684241,LC4+,358.14450594101316,0.5971206887484939,True
102.0,350.0,1.25,640.0,165.0,86.52852395311635,1.2487684977463036,LC4+,232.72573832654692,1.161342375007187,LC4+,349.08860748982033,0.6385524698530298,True
102.0,350.0,1.25,650.0,175.0,87.19980558053634,1.2496366598855082,LC4+,226.88661835866128,1.2169663580813745,LC4+,340.32992753799203,0.680722010367854,True
102.0,350.0,1.25,660.0,185.0,87.87273321831121,1.249990817896645,LC4+,221.2463437920611,1.2734838975361589,LC4+,331.86951568809155,0.7235689720221117,True
102.0,350.0,1.25,670.0,195.0,88.54592252189423,1.2498309717797145,LC4+,215.80430314615467,1.330815431698507,LC4+,323.70645471923194,0.7670330376826326,True
102.0,350.0,1.25,680.0,205.0,89.21798914673862,1.2491571215347164,LC4+,210.55883705150012,1.3888809752353084,LC4+,315.8382555772501,0.8110535690319374,True
102.0,350.0,1.25,690.0,215.0,89.88754874829762,1.247969267161651,LC4+,205.50745970864813,1.4475997159086718,LC4+,308.2611895629721,0.8555693008611807,True
102.0,350.0,1.25,700.0,225.0,90.55321698202451,1.2462674086605177,LC4+,200.64704437129487,1.5068896557938065,LC4+,300.9705665569424,0.9005180690709831,True
102.0,350.0,1.25,710.0,235.0,91.21360950337248,1.244051546031317,LC4+,195.9739781085867,1.5666672935592199,LC4+,293.9609671628802,0.9458365698023499,True
102.0,350.0,1.25,720.0,245.0,91.8673419677948,1.241321679274049,LC4+,191.48429047402774,1.6268473447863605,LC4+,287.2264357110417,0.9914601474059614,True
102.0,350.0,1.25,730.0,255.0,92.51303003074472,1.2380778083887132,LC4+,187.17376011543254,1.6873424976331792,LC4+,280.7606401731488,1.0373226092063335,True
102.0,350.0,1.25,740.0,265.0,93.14928934767543,1.23431993337531,LC4+,183.03800281529274,1.7480632014302913,LC4+,274.5570042229392,1.0833560652327714,True
102.0,350.0,1.25,750.0,275.0,93.77473557404024,1.2300480542338392,LC4+,179.07254396011555,1.8089174860442712,LC4+,268.6088159401733,1.1294907912754448,True
102.0,350.0,1.25,760.0,285.0,94.38798436529234,1.225262170964301,LC4+,175.2728780021886,1.8698108100542465,LC4+,262.9093170032829,1.1756551137853264,True
102.0,350.0,1.25,770.0,295.0,94.98765137688498,1.2199622835666952,LC4+,171.6345170961898,1.9306459359692885,LC4+,257.4517756442847,1.2217753152742654,True
102.0,350.0,1.25,780.0,305.0,95.57235226427143,1.2141483920410219,LC4+,168.15303076269322,1.9913228308674449,LC4+,252.22954614403986,1.267775558987645,True
102.0,350.0,1.25,790.0,315.0,96.1407026829049,1.207820496387281,LC4+,164.82407814653735,2.0517385909648853,LC4+,247.23611721980603,1.3135778317189053,True
102.0,350.0,1.25,800.0,325.0,96.69131828823863,1.2009785966054727,LC4+,161.64343419545605,2.1117873887273535,LC4+,242.46515129318414,1.3591019037137784,True
102.0,350.0,1.25,810.0,335.0,97.22281473572588,1.1936226926955968,LC4+,158.60701087859576,2.1713604412166663,LC4+,237.91051631789364,1.4042653046732045,True
102.0,350.0,1.25,820.0,345.0,97.7338076808199,1.1857527846576534,LC4+,155.71087439102874,2.230345998422961,LC4+,233.56631158654307,1.4489833149077986,True
102.0,350.0,1.25,830.0,355.0,98.22291277897389,1.1773688724916425,LC4+,152.95125914495281,2.288629350369087,LC4+,229.42688871742925,1.4931689707238136,True
102.0,350.0,1.25,840.0,365.0,98.68874568564112,1.168470956197564,LC4+,150.32457922724151,2.3460928517859263,LC4+,225.48686884086226,1.5367330831299535,True
102.0,350.0,1.25,850.0,375.0,99.12992205627481,1.159059035775418,LC4+,147.82743790309812,2.402615963145623,LC4+,221.7411568546472,1.5795842689453896,True
102.0,350.0,1.25,860.0,385.0,99.54505754632824,1.1491331112252046,LC4+,145.45663566395433,2.458075306801893,LC4+,218.18495349593147,1.621628993360746,True
102.0,350.0,1.25,870.0,395.0,99.9327678112546,1.1386931825469233,LC4+,143.2091772520916,2.5123447369198093,LC4+,214.81376587813733,1.662771622953123,True
102.0,350.0,1.25,880.0,405.0,100.29166850650718,1.127739249740575,LC4+,141.0822780427784,2.5652954217785053,LC4+,211.6234170641676,1.7029144880812526,True
102.0,350.0,1.25,890.0,415.0,100.6203752875392,1.1162713128061588,LC4+,139.07337012548967,2.61679593689381,LC4+,208.61005518823453,1.7419579534834448,True
102.0,350.0,1.25,900.0,425.0,100.91750380980389,1.104289371743675,LC4+,137.18010839782264,2.6667123672281905,LC4+,205.77016259673402,1.779800495764777,True
102.0,350.0,1.25,910.0,435.0,101.18166972875449,1.091793426553124,LC4+,135.40037696827622,2.7149084165242092,LC4+,203.10056545241432,1.816338786284755,True
102.0,350.0,1.25,920.0,445.0,101.41148869984426,1.0787834772345053,LC4+,133.73229615671448,2.7612455215048306,LC4+,200.5984442350718,1.8514677777346087,True
102.0,350.0,1.25,930.0,455.0,101.60557637852644,1.0652595237878193,LC4+,132.1742303840936,2.805582968316138,LC4+,198.26134557614037,1.8850807924146205,True
102.0,350.0,1.25,940.0,465.0,101.76254842025425,1.0512215662130655,LC4+,130.7247972563231,2.847778008128983,LC4+,196.0871958844847,1.9170696098737943,True
102.0,350.0,1.25,950.0,475.0,101.88102048048094,1.0366696045102444,LC4+,129.38287817193924,2.8876859682434506,LC4+,194.07431725790886,1.9473245511401638,True
102.0,350.0,1.25,960.0,485.0,101.95960821465977,1.0216036386793554,LC4+,128.1476308211113,2.9251603543273212,LC4+,192.22144623166696,1.9757345562295927,True
102.0,350.0,1.25,970.0,495.0,101.99692727824396,1.0060236687203992,LC4+,127.01850399674053,2.9600529385301817,LC4+,190.52775599511085,2.002187250946671,True
102.0,350.0,1.25,973.780356685791,498.78035668579105,102.0,1.0,LC4+,126.61923493678245,2.9725401930530877,LC4+,189.92885240517367,2.011654062858007,True
102.0,350.0,1.5,250.0,-225.0,74.0,1.0,LC4+,292.37427177639455,0.7203976155080098,LC4+,438.56140766459185,0.3042643287880471,True
102.0,350.0,1.5,260.0,-215.0,74.0,1.0,LC4+,297.07034420784856,0.6932016601699915,LC4+,445.6055163117729,0.28364658663649456,True
102.0,350.0,1.5,270.0,-205.0,74.0,1.0,LC4+,301.7683884424068,0.6668412572843054,LC4+,452.6525826636101,0.26366229180466916,True
102.0,350.0,1.5,280.0,-195.0,74.0,1.0,LC4+,306.46831379907775,0.641278975188833,LC4+,459.70247069861665,0.24428306667728616,True
102.0,350.0,1.5,290.0,-185.0,74.0,1.0,LC4+,311.1700350402296,0.6164795557354026,LC4+,466.7550525603445,0.22548218141901932,True
102.0,350.0,1.5,300.0,-175.0,74.0,1.0,LC4+,315.87347197159596,0.5924097609729977,LC4+,473.81020795739386,0.20723443774228612,True
102.0,350.0,1.5,310.0,-165.0,74.0,1.0,LC4+,320.5785490768347,0.5690382324347081,LC4+,480.867823615252,0.18951606223015638,True
102.0,350.0,1.5,320.0,-155.0,74.0,1.0,LC4+,325.28519518322923,0.5463353618558207,LC4+,487.92779277484374,0.17230460832542027,True
102.0,350.0,1.5,330.0,-145.0,74.0,1.0,LC4+,329.99334315549385,0.52427317227119,LC4+,494.9900147332408,0.15557886618836392,True
102.0,350.0,1.5,340.0,-135.0,74.0,1.0,LC4+,334.7029296149834,0.5028252085472111,LC4+,502.0543944224753,0.13931877970709672,True
102.0,350.0,1.5,350.0,-125.0,74.0,1.0,LC4+,339.41389468189226,0.4819664364990861,LC4+,509.12084202283864,0.1235053700165365,True
102.0,350.0,1.5,360.0,-115.0,74.0213574492877,1.0315485637063255,LC4+,353.63269314654326,0.42237980183455437,LC4+,530.4490397198149,0.07833167216615666,True
102.0,350.0,1.5,370.0,-105.0,74.08450690078634,1.0620691191565157,LC4+,366.0895316290565,0.37398083403725746,LC4+,549.1342974435851,0.041639545486164,True
102.0,350.0,1.5,380.0,-95.0,74.1880640099491,1.0915616663505712,LC4+,376.68710623684035,0.33532576950945847,LC4+,565.0306593552606,0.012334446864692206,True
102.0,350.0,1.5,390.0,-85.0,74.33064443222928,1.1200262052884913,LC4+,385.38211010713184,0.30519810548593385,LC4+,578.0731651606978,-0.010505876291644789,False
102.0,350.0,1.5,400.0,-75.0,74.51086382308009,1.1474627359702767,LC4+,392.181787637531,0.2825684819023042,LC4+,588.2726814562966,-0.027661800333839803,False
102.0,350.0,1.5,410.0,-65.0,74.72733783795476,1.1738712583959268,LC4+,397.1379231755282,0.2665624979301777,LC4+,595.7068847632927,-0.03979622423318596,False
102.0,350.0,1.5,420.0,-55.0,74.97868213230657,1.199251772565442,LC4+,400.3391417664317,0.2564347262688178,LC4+,600.5087126496475,-0.04747426981343428,False
102.0,350.0,1.5,430.0,-45.0,75.26351236158872,1.223604278478822,LC4+,401.90241199578344,0.2515476020713139,LC4+,602.8536179936751,-0.05117928643500125,False
102.0,350.0,1.5,440.0,-35.0,75.58044418125448,1.246928776136067,LC4+,401.96453696081574,0.2513541711990215,LC4+,602.9468054412237,-0.051325929853094476,False
102.0,350.0,1.5,450.0,-25.0,75.92809324675709,1.269225265537177,LC4+,400.67424370387715,0.255383913251354,LC4+,601.0113655558156,-0.0482709100334332,False
102.0,350.0,1.5,460.0,-15.0,76.30507521354976,1.2904937466821518,LC4+,398.1852791902304,0.2632310290900912,LC4+,597.2779187853458,-0.042321870590415034,False
102.0,350.0,1.5,470.0,-5.0,76.71000573708575,1.3107342195709917,LC4+,394.6507282383949,0.2745447151339222,LC4+,591.9760923575926,-0.033744762019081276,False
102.0,350.0,1.5,480.0,5.0,77.14150047281832,1.3299466842036967,LC4+,390.21860868490995,0.2890210482149449,LC4+,585.3279130273648,-0.022769993931148425,False
102.0,350.0,1.5,490.0,15.0,77.59817507620069,1.3481311405802665,LC4+,385.02868159731116,0.306396183040907,LC4+,577.5430223959668,-0.00959759218104872,False
102.0,350.0,1.5,500.0,25.0,78.07864520268609,1.365287588700701,LC4+,379.21033970076667,0.3264406250022487,LC4+,568.8155095511501,0.005598459246237475,True
102.0,350.0,1.5,510.0,35.0,78.58152650772779,1.3814160285650008,LC4+,372.88139933999474,0.34895438842033144,LC4+,559.322099009992,0.02266654761620912,True
102.0,350.0,1.5,520.0,45.0,79.105434646779,1.3965164601731654,LC4+,366.1476114831132,0.3737628874938008,LC4+,549.22141722467,0.0414743162974871,True
102.0,350.0,1.5,530.0,55.0,79.648985275293,1.410588883525195,LC4+,359.10271643465984,0.4007134365176066,LC4+,538.6540746519897,0.061906011515004744,True
102.0,350.0,1.5,540.0,65.0,80.21079404872299,1.4236332986210896,LC4+,351.82888718943923,0.4296722592001492,LC4+,527.7433307841588,0.0838602150596226,True
102.0,350.0,1.5,550.0,75.0,80.78947662252223,1.435649705460849,LC4+,344.3974316576069,0.4605219254366353,LC4+,516.5961474864104,0.1072479010599805,True
102.0,350.0,1.5,560.0,85.0,81.38364865214396,1.4466381040444736,LC4+,336.8696501133977,0.49315914874100164,LC4+,505.30447517009657,0.13199076617608085,True
102.0,350.0,1.5,570.0,95.0,81.99192579304143,1.456598494371963,LC4+,329.2977685606199,0.5274928894861417,LC4+,493.94665284092974,0.15801979163164104,True
102.0,350.0,1.5,580.0,105.0,82.61292370066786,1.4655308764433173,LC4+,321.72588989872975,0.563442718763884,LC4+,482.58883484809456,0.18527400282696038,True
102.0,350.0,1.5,590.0,115.0,83.2452580304765,1.4734352502585364,LC4+,314.1909223079973,0.6009374055273169,LC4+,471.286383461996,0.21369939822614326,True
102.0,350.0,1.5,600.0,125.0,83.88754443792061,1.4803116158176208,LC4+,306.7234581914023,0.6399136960894485,LC4+,460.08518728710357,0.24324802407311386,True
102.0,350.0,1.5,610.0,135.0,84.5383985784534,1.48615997312057,LC4+,299.3485876606612,0.6803152603151619,LC4+,449.022881490992,0.27387717548081136,True
102.0,350.0,1.5,620.0,145.0,85.19643610752813,1.490980322167384,LC4+,292.0866384188603,0.7220917831875766,LC4+,438.1299576282904,0.305548707731337,True
102.0,350.0,1.5,630.0,155.0,85.86027268059803,1.4947726629580633,LC4+,284.95383948865515,0.7651981840378954,LC4+,427.4307592329828,0.33822844436007427,True
102.0,350.0,1.5,640.0,165.0,86.52852395311635,1.4975369954926072,LC4+,277.9629100488806,0.8095939487449817,LC4+,416.9443650733208,0.3718856708842011,True
102.0,350.0,1.5,650.0,175.0,87.19980558053634,1.4992733197710162,LC4+,271.1235770988458,0.8552425627543898,LC4+,406.68536564826877,0.40649270496422885,True
102.0,350.0,1.5,660.0,185.0,87.87273321831121,1.4999816357932902,LC4+,264.44302712235145,0.9021110349310664,LC4+,396.6645406835272,0.44202453542819087,True
102.0,350.0,1.5,670.0,195.0,88.54592252189423,1.4996619435594292,LC4+,257.9262976559589,0.9501695041229898,LC4+,386.88944648393846,0.4784585240004635,True
102.0,350.0,1.5,680.0,205.0,89.21798914673862,1.498314243069433,LC4+,251.57661489843778,0.999390921938681,LC4+,377.36492234765666,0.5157741648097092,True
102.0,350.0,1.5,690.0,215.0,89.88754874829762,1.4959385343233018,LC4+,245.39568339713003,1.049750806683842,LC4+,368.0935250956949,0.5539528978438149,True
102.0,350.0,1.5,700.0,225.0,90.55321698202451,1.4925348173210355,LC4+,239.38393353504526,1.1012270647075901,LC4+,359.075900302568,0.592977973509266,True
102.0,350.0,1.5,710.0,235.0,91.21360950337248,1.4881030920626341,LC4+,233.54073210828497,1.153799876617565,LC4+,350.3110981624276,0.632834366368783,True
102.0,350.0,1.5,720.0,245.0,91.8673419677948,1.4826433585480978,LC4+,227.86456078878854,1.2074516469730416,LC4+,341.7968411831829,0.6735087370027562,True
102.0,350.0,1.5,730.0,255.0,92.51303003074472,1.4761556167774266,LC4+,222.35316675452972,1.2621670171906962,LC4+,333.5297501317946,0.7149894417933444,True
102.0,350.0,1.5,740.0,265.0,93.14928934767543,1.46863986675062,LC4+,217.0036892655237,1.3179329425341422,LC4+,325.50553389828565,0.7572665912916221,True
102.0,350.0,1.5,750.0,275.0,93.77473557404024,1.4600961084676785,LC4+,211.81276548622216,1.3747388352413479,LC4+,317.7191482293332,0.8003321587250514,True
102.0,350.0,1.5,760.0,285.0,94.38798436529234,1.450524341928602,LC4+,206.77661841247138,1.432576777112351,LC4+,310.164927618707,0.8441801411640357,True
102.0,350.0,1.5,770.0,295.0,94.98765137688498,1.4399245671333905,LC4+,201.89112935839125,1.49144180627713,LC4+,302.8366940375869,0.888806776925803,True
102.0,350.0,1.5,780.0,305.0,95.57235226427143,1.4282967840820437,LC4+,197.15189709610533,1.5513322844405772,LC4+,295.72784564415804,0.93421082398941,True
102.0,350.0,1.5,790.0,315.0,96.1407026829049,1.4156409927745621,LC4+,192.5542854177404,1.6122503527187542,LC4+,288.8314281266108,0.9803939055733948,True
102.0,350.0,1.5,800.0,325.0,96.69131828823863,1.4019571932109454,LC4+,188.0934606016442,1.6742024863122915,LC4+,282.14019090246643,1.027360930643645,True
102.0,350.0,1.5,810.0,335.0,97.22281473572588,1.3872453853911937,LC4+,183.7644200097076,1.7372001608005965,LC4+,275.6466300145614,1.0751205990429966,True
102.0,350.0,1.5,820.0,345.0,97.7338076808199,1.3715055693153069,LC4+,179.56201281594466,1.8012606459005727,LC4+,269.343019223917,1.1236860032539795,True
102.0,350.0,1.5,830.0,355.0,98.22291277897389,1.354737744983285,LC4+,175.48095366383228,1.8664079462640362,LC4+,263.22143049574845,1.1730753416342328,True
102.0,350.0,1.5,840.0,365.0,98.68874568564112,1.3369419123951278,LC4+,171.5158298670945,1.9326739134794058,LC4+,257.2737448006418,1.2233127614449568,True
102.0,350.0,1.5,850.0,375.0,99.12992205627481,1.318118071550836,LC4+,167.66110260139868,2.000099559143683,LC4+,251.49165390209802,1.2744293543143628,True
102.0,350.0,1.5,860.0,385.0,99.54505754632824,1.2982662224504091,LC4+,163.91110237860704,2.068736606005826,LC4+,245.86665356791056,1.326464332187319,True
102.0,350.0,1.5,870.0,395.0,99.9327678112546,1.2773863650938468,LC4+,160.26001894663008,2.138649323182156,LC4+,240.39002841994514,1.3794664186351135,True
102.0,350.0,1.5,880.0,405.0,100.29166850650718,1.2554784994811499,LC4+,156.70188561225928,2.209916702882666,LC4+,235.05282841838888,1.433495499070756,True
102.0,350.0,1.5,890.0,415.0,100.6203752875392,1.2325426256123175,LC4+,153.23055783719386,2.2826350507346787,LC4+,229.84583675579074,1.488624584519863,True
102.0,350.0,1.5,900.0,425.0,100.91750380980389,1.2085787434873503,LC4+,149.83968580401526,2.3569210806935708,LC4+,224.75952870602293,1.544942157928061,True
102.0,350.0,1.5,910.0,435.0,101.18166972875449,1.1835868531062481,LC4+,146.52268048382345,2.432915630120026,LC4+,219.78402072573516,1.6025549906277732,True
102.0,350.0,1.5,920.0,445.0,101.41148869984426,1.1575669544690108,LC4+,143.2726725546204,2.51078814285564,LC4+,214.90900883193066,1.6615915410383373,True
102.0,350.0,1.5,930.0,455.0,101.60557637852644,1.1305190475756386,LC4+,140.08246331226982,2.590742110800262,LC4+,210.12369496840478,1.7222060800235246,True
102.0,350.0,1.5,940.0,465.0,101.76254842025425,1.102443132426131,LC4+,136.94446647558647,2.67302172147037,LC4+,205.4166997133797,1.7845837305249193,True
102.0,350.0,1.5,950.0,475.0,101.88102048048094,1.0733392090204885,LC4+,133.85063950364741,2.7579200358343696,LC4+,200.77595925547112,1.848946667325725,True
102.0,350.0,1.5,960.0,485.0,101.95960821465977,1.043207277358711,LC4+,130.7924027042191,2.8457891253631216,LC4+,196.18860405632864,1.915561802130823,True
102.0,350.0,1.5,970.0,495.0,101.99692727824396,1.0120473374407983,LC4+,127.7605440017361,2.9370527413625047,LC4+,191.64081600260423,1.9847503884153106,True
102.0,350.0,1.5,973.780356685791,498.78035668579105,102.0,1.0,LC4+,126.61923493678245,2.9725401930530877,LC4+,189.92885240517367,2.011654062858007,True
102.0,350.0,2.0,250.0,-225.0,74.0,1.0,LC4+,292.37427177639455,0.7203976155080098,LC4+,438.56140766459185,0.3042643287880471,True
102.0,350.0,2.0,260.0,-215.0,74.0,1.0,LC4+,297.07034420784856,0.6932016601699915,LC4+,445.6055163117729,0.28364658663649456,True
102.0,350.0,2.0,270.0,-205.0,74.0,1.0,LC4+,301.7683884424068,0.6668412572843054,LC4+,452.6525826636101,0.26366229180466916,True
102.0,350.0,2.0,280.0,-195.0,74.0,1.0,LC4+,306.46831379907775,0.641278975188833,LC4+,459.70247069861665,0.24428306667728616,True
102.0,350.0,2.0,290.0,-185.0,74.0,1.0,LC4+,311.1700350402296,0.6164795557354026,LC4+,466.7550525603445,0.22548218141901932,True
102.0,350.0,2.0,300.0,-175.0,74.0,1.0,LC4+,315.87347197159596,0.5924097609729977,LC4+,473.81020795739386,0.20723443774228612,True
102.0,350.0,2.0,310.0,-165.0,74.0,1.0,LC4+,320.5785490768347,0.5690382324347081,LC4+,480.867823615252,0.18951606223015638,True
102.0,350.0,2.0,320.0,-155.0,74.0,1.0,LC4+,325.28519518322923,0.5463353618558207,LC4+,487.92779277484374,0.17230460832542027,True
102.0,350.0,2.0,330.0,-145.0,74.0,1.0,LC4+,329.99334315549385,0.52427317227119,LC4+,494.9900147332408,0.15557886618836392,True
102.0,350.0,2.0,340.0,-135.0,74.0,1.0,LC4+,334.7029296149834,0.5028252085472111,LC4+,502.0543944224753,0.13931877970709672,True
102.0,350.0,2.0,350.0,-125.0,74.0,1.0,LC4+,339.41389468189226,0.4819664364990861,LC4+,509.12084202283864,0.1235053700165365,True
102.0,350.0,2.0,360.0,-115.0,74.0213574492877,1.0630971274126508,LC4+,363.9449068338906,0.3820773159756732,LC4+,545.9173602508359,0.047777633847693846,True
102.0,350.0,2.0,370.0,-105.0,74.08450690078634,1.1241382383130316,LC4+,386.54811464482765,0.30126103567255,LC4+,579.8221719672417,-0.01349063962266639,False
102.0,350.0,2.0,380.0,-95.0,74.1880640099491,1.1831233327011421,LC4+,406.978647270053,0.23593707771658967,LC4+,610.4679709050794,-0.0630139052963693,False
102.0,350.0,2.0,390.0,-85.0,74.33064443222928,1.2400524105769828,LC4+,425.064792373124,0.18334900708140522,LC4+,637.5971885596861,-0.10288186606949801,False
102.0,350.0,2.0,400.0,-75.0,74.51086382308009,1.2949254719405532,LC4+,440.7077221778128,0.14134600935595598,LC4+,661.0615832667191,-0.13472509297335067,False
102.0,350.0,2.0,410.0,-65.0,74.72733783795476,1.3477425167918535,LC4+,453.87700625168566,0.10822974742429325,LC4+,680.8155093775288,-0.15983112587581771,False
102.0,350.0,2.0,420.0,-55.0,74.97868213230657,1.3985035451308838,LC4+,464.60289546720725,0.08264499620515808,LC4+,696.9043432008108,-0.17922738524936987,False
102.0,350.0,2.0,430.0,-45.0,75.26351236158872,1.447208556957644,LC4+,472.96652217512,0.06350021918413873,LC4+,709.4497832626802,-0.1937413845283933,False
102.0,350.0,2.0,440.0,-35.0,75.58044418125448,1.493857552272134,LC4+,479.08913789392466,0.04990900484863303,LC4+,718.6337068408868,-0.2040451281995782,False
102.0,350.0,2.0,450.0,-25.0,75.92809324675709,1.538450531074354,LC4+,483.12135232403864,0.04114628256510677,LC4+,724.6820284860579,-0.21068830533168847,False
102.0,350.0,2.0,460.0,-15.0,76.30507521354976,1.5809874933643038,LC4+,485.23310616149826,0.03661517240455647,LC4+,727.8496592422478,-0.21412342131821593,False
102.0,350.0,2.0,470.0,-5.0,76.71000573708575,1.6214684391419834,LC4+,485.6048593021249,0.03582159520165029,LC4+,728.4072889531876,-0.2147250464475231,False
102.0,350.0,2.0,480.0,5.0,77.14150047281832,1.6598933684073933,LC4+,484.42024553560174,0.03835462005485635,LC4+,726.6303683034027,-0.2128047148159341,False
102.0,350.0,2.0,490.0,15.0,77.59817507620069,1.6962622811605328,LC4+,481.86025790600553,0.04387110525748761,LC4+,722.7903868590082,-0.20862256831374026,False
102.0,350.0,2.0,500.0,25.0,78.07864520268609,1.7305751774014022,LC4+,478.0988940047184,0.052083588369555844,LC4+,717.1483410070774,-0.20239653737921004,False
102.0,350.0,2.0,510.0,35.0,78.58152650772779,1.7628320571300016,LC4+,473.3001054719181,0.06275066112328198,LC4+,709.9501582078768,-0.19430963795557654,False
102.0,350.0,2.0,520.0,45.0,79.105434646779,1.7930329203463309,LC4+,467.6158527892609,0.07566926356255421,LC4+,701.4237791838913,-0.18451581344230483,False
102.0,350.0,2.0,530.0,55.0,79.648985275293,1.82117776705039,LC4+,461.18505459968577,0.09066847458144567,LC4+,691.7775818995287,-0.17314464219935477,False
102.0,350.0,2.0,540.0,65.0,80.21079404872299,1.8472665972421791,LC4+,454.1332300298971,0.10760447978423837,LC4+,681.1998450448457,-0.16030515250287047,False
102.0,350.0,2.0,550.0,75.0,80.78947662252223,1.871299410921698,LC4+,446.57265412166123,0.1263564738179559,LC4+,669.8589811824918,-0.146088929060476,False
102.0,350.0,2.0,560.0,85.0,81.38364865214396,1.893276208088947,LC4+,438.6028738817331,0.146823310910706,LC4+,657.9043108225998,-0.13057265229831183,False
102.0,350.0,2.0,570.0,95.0,81.99192579304143,1.913196988743926,LC4+,430.31146106186014,0.16892075976496113,LC4+,645.4671915927901,-0.11382017947573508,False
102.0,350.0,2.0,580.0,105.0,82.61292370066786,1.9310617528866345,LC4+,421.77490473169826,0.19257925105802842,LC4+,632.6623570975474,-0.09588425234566966,False
102.0,350.0,2.0,590.0,115.0,83.2452580304765,1.946870500517073,LC4+,413.0595704760231,0.21774203033312278,LC4+,619.5893557140349,-0.07680789748105243,False
102.0,350.0,2.0,600.0,125.0,83.88754443792061,1.9606232316352417,LC4+,404.22267301922517,0.24436364799378008,LC4+,606.3340095288377,-0.05662557103718713,False
102.0,350.0,2.0,610.0,135.0,84.5383985784534,1.9723199462411398,LC4+,395.31322522771393,0.27240873287316614,LC4+,592.9698378415709,-0.03536408853088002,False
102.0,350.0,2.0,620.0,145.0,85.19643610752813,1.9819606443347682,LC4+,386.3729390739667,0.3018510074891825,LC4+,579.5594086109501,-0.013043371393224312,False
102.0,350.0,2.0,630.0,155.0,85.86027268059803,1.9895453259161267,LC4+,377.43706373531796,0.332672512397284,LC4+,566.1555956029771,0.010322964998338291,True
102.0,350.0,2.0,640.0,165.0,86.52852395311635,1.9950739909852144,LC4+,368.53515306535826,0.36486301460310067,LC4+,552.8027295980373,0.034727162827002944,True
102.0,350.0,2.0,650.0,175.0,87.19980558053634,1.9985466395420324,LC4+,359.69175971632745,0.39841958124560106,LC4+,539.5376395744911,0.06016699863814967,True
102.0,350.0,2.0,660.0,185.0,87.87273321831121,1.9999632715865805,LC4+,350.92705665387643,0.4333463050588171,LC4+,526.3905849808147,0.08664557520694949,True
102.0,350.0,2.0,670.0,195.0,88.54592252189423,1.9993238871188583,LC4+,342.25738907007764,0.46965417274602683,LC4+,513.3860836051165,0.1141712217504669,True
102.0,350.0,2.0,680.0,205.0,89.21798914673862,1.996628486138866,LC4+,333.69576107634197,0.5073610715867771,LC4+,500.5436416145129,0.14275749893656275,True
102.0,350.0,2.0,690.0,215.0,89.88754874829762,1.9918770686466036,LC4+,325.2522622908106,0.5464919335449963,LC4+,487.87839343621584,0.17242330813484164,True
102.0,350.0,2.0,700.0,225.0,90.55321698202451,1.985069634642071,LC4+,316.9344397151683,0.5870790200397609,LC4+,475.4016595727524,0.20319310730648565,True
102.0,350.0,2.0,710.0,235.0,91.21360950337248,1.9762061841252683,LC4+,308.7476202678939,0.6291623545585787,LC4+,463.12143040184094,0.2350972389761523,True
102.0,350.0,2.0,720.0,245.0,91.8673419677948,1.9652867170961956,LC4+,300.6951891116195,0.6727903146241689,LC4+,451.0427836674294,0.2681723790126236,True
102.0,350.0,2.0,730.0,255.0,92.51303003074472,1.9523112335548531,LC4+,292.7788285592864,0.7180203994775693,LC4+,439.16824283892953,0.3024621186231542,True
102.0,350.0,2.0,740.0,265.0,93.14928934767543,1.93727973350124,LC4+,284.998721922217,0.7649201954571601,LC4+,427.4980828833257,0.3380176962246455,True
102.0,350.0,2.0,750.0,275.0,93.77473557404024,1.9201922169353571,LC4+,277.353726211157,0.8135685677323561,LC4+,416.0305893167353,0.3748989009183672,True
102.0,350.0,2.0,760.0,285.0,94.38798436529234,1.901048683857204,LC4+,269.8415171441204,0.8640571151671643,LC4+,404.7622757161805,0.4131751754481354,True
102.0,350.0,2.0,770.0,295.0,94.98765137688498,1.879849134266781,LC4+,262.4587094684666,0.9164919351264031,LC4+,393.6880642026998,0.4529269541316141,True
102.0,350.0,2.0,780.0,305.0,95.57235226427143,1.8565935681640875,LC4+,255.20095517829577,0.9709957576317838,LC4+,382.8014327674437,0.49424728080235947,True
102.0,350.0,2.0,790.0,315.0,96.1407026829049,1.8312819855491242,LC4+,248.0630218064374,1.0277105242735005,LC4+,372.0945327096562,0.5372437639290153,True
102.0,350.0,2.0,800.0,325.0,96.69131828823863,1.8039143864218907,LC4+,241.03885259399857,1.0868005078303455,LC4+,361.5582788909979,0.5820409416553447,True
102.0,350.0,2.0,810.0,335.0,97.22281473572588,1.7744907707823872,LC4+,234.12160998836166,1.148456095210538,LC4+,351.1824149825425,0.6287831497156098,True
102.0,350.0,2.0,820.0,345.0,97.7338076808199,1.7430111386306135,LC4+,227.30370358970387,1.2128983912551803,LC4+,340.95555538455574,0.6776380116606537,True
102.0,350.0,2.0,830.0,355.0,98.22291277897389,1.7094754899665698,LC4+,220.576803352437,1.280384847160506,LC4+,330.8652050286556,0.7288007058658832,True
102.0,350.0,2.0,840.0,365.0,98.68874568564112,1.6738838247902559,LC4+,213.93183854657616,1.3512161790283934,LC4+,320.89775781986435,0.7824992106086688,True
102.0,350.0,2.0,850.0,375.0,99.12992205627481,1.636236143101672,LC4+,207.3589826894207,1.4257449254242633,LC4+,311.03847403413107,0.8390007917066651,True
102.0,350.0,2.0,860.0,385.0,99.54505754632824,1.596532444900818,LC4+,200.84762436410816,1.5043861065945823,LC4+,301.27143654616225,0.8986200834620293,True
102.0,350.0,2.0,870.0,395.0,99.9327678112546,1.5547727301876937,LC4+,194.38632354225632,1.5876306050443731,LC4+,291.5794853133844,0.9617292327175373,True
102.0,350.0,2.0,880.0,405.0,100.29166850650718,1.5109569989622995,LC4+,187.96275271638626,1.6760621066183679,LC4+,281.9441290745794,1.028770742194442,True
102.0,350.0,2.0,890.0,415.0,100.6203752875392,1.4650852512246353,LC4+,181.5636218174288,1.7703787518944258,LC4+,272.3454327261432,1.1002738848026663,True
102.0,350.0,2.0,900.0,425.0,100.91750380980389,1.4171574869747006,LC4+,175.17458553685742,1.8714210937531623,LC4+,262.7618783052862,1.1768758987764194,True
102.0,350.0,2.0,910.0,435.0,101.18166972875449,1.3671737062124962,LC4+,168.7801312864617,1.980208607293262,LC4+,253.17019692969262,1.2593496664966808,True
102.0,350.0,2.0,920.0,445.0,101.41148869984426,1.3151339089380216,LC4+,162.36344560861102,2.097987962219762,LC4+,243.5451684129166,1.3486403106556701,True
102.0,350.0,2.0,930.0,455.0,101.60557637852644,1.261038095151277,LC4+,155.9062563988289,2.22629772286533,LC4+,233.85938459824337,1.445914244504929,True
102.0,350.0,2.0,940.0,465.0,101.76254842025425,1.2048862648522618,LC4+,149.3886478348715,2.3670563813924934,LC4+,224.0829717523073,1.5526259114069,True
102.0,350.0,2.0,950.0,475.0,101.88102048048094,1.146678418040977,LC4+,142.78884445971943,2.5226841557772794,LC4+,214.1832666895791,1.6706101220736969,True
102.0,350.0,2.0,960.0,485.0,101.95960821465977,1.0864145547174222,LC4+,136.08296052345293,2.6962746699893523,LC4+,204.1244407851794,1.8022122083948435,True
102.0,350.0,2.0,970.0,495.0,101.99692727824396,1.0240946748815967,LC4+,129.2447106271618,2.8918420534131366,LC4+,193.86706594074266,1.9504753539460764,True
102.0,350.0,2.0,973.780356685791,498.78035668579105,102.0,1.0,LC4+,126.61923493678245,2.9725401930530877,LC4+,189.92885240517367,2.011654062858007,True
102.0,400.0,1.25,250.0,-225.0,74.0,1.0,LC4+,292.37427177639455,0.7203976155080098,LC4+,438.56140766459185,0.3042643287880471,True
102.0,400.0,1.25,260.0,-215.0,74.0,1.0,LC4+,297.07034420784856,0.6932016601699915,LC4+,445.6055163117729,0.28364658663649456,True
102.0,400.0,1.25,270.0,-205.0,74.0,1.0,LC4+,301.7683884424068,0.6668412572843054,LC4+,452.6525826636101,0.26366229180466916,True
102.0,400.0,1.25,280.0,-195.0,74.0,1.0,LC4+,306.46831379907775,0.641278975188833,LC4+,459.70247069861665,0.24428306667728616,True
102.0,400.0,1.25,290.0,-185.0,74.0,1.0,LC4+,311.1700350402296,0.6164795557354026,LC4+,466.7550525603445,0.22548218141901932,True
102.0,400.0,1.25,300.0,-175.0,74.0,1.0,LC4+,315.87347197159596,0.5924097609729977,LC4+,473.81020795739386,0.20723443774228612,True
102.0,400.0,1.25,310.0,-165.0,74.0,1.0,LC4+,320.5785490768347,0.5690382324347081,LC4+,480.867823615252,0.18951606223015638,True
102.0,400.0,1.25,320.0,-155.0,74.0,1.0,LC4+,325.28519518322923,0.5463353618558207,LC4+,487.92779277484374,0.17230460832542027,True
102.0,400.0,1.25,330.0,-145.0,74.0,1.0,LC4+,329.99334315549385,0.52427317227119,LC4+,494.9900147332408,0.15557886618836392,True
102.0,400.0,1.25,340.0,-135.0,74.0,1.0,LC4+,334.7029296149834,0.5028252085472111,LC4+,502.0543944224753,0.13931877970709672,True
102.0,400.0,1.25,350.0,-125.0,74.0,1.0,LC4+,339.41389468189226,0.4819664364990861,LC4+,509.12084202283864,0.1235053700165365,True
102.0,400.0,1.25,360.0,-115.0,74.0,1.0,LC4+,344.1261817382891,0.46167314982890706,LC4+,516.1892726074336,0.10812066494650097,True
102.0,400.0,1.25,370.0,-105.0,74.0,1.0,LC4+,348.8397372100578,0.4419228841957097,LC4+,523.2596058150867,0.09314763387666791,True
102.0,400.0,1.25,380.0,-95.0,74.0,1.0,LC4+,353.55451036601926,0.422694337796077,LC4+,530.3317655490289,0.07857012752731074,True
102.0,400.0,1.25,390.0,-85.0,74.0,1.0,LC4+,358.2704531326773,0.40396729789415664,LC4+,537.405679699016,0.06437282226038099,True
102.0,400.0,1.25,400.0,-75.0,74.0,1.0,LC4+,362.9875199232027,0.38572257279374167,LC4+,544.4812798848039,0.05054116850632262,True
102.0,400.0,1.25,410.0,-65.0,74.02521810152771,1.0171245271255458,LC4+,372.69751337182146,0.3496199517118386,LC4+,559.0462700577325,0.023171123100293345,True
102.0,400.0,1.25,420.0,-55.0,74.09968660735616,1.0336415649364155,LC4+,380.2693449899068,0.3227466442590863,LC4+,570.4040174848601,0.002797986104966732,True
102.0,400.0,1.25,430.0,-45.0,74.22162681935326,1.049551113432609,LC4+,385.6906142342158,0.30415411066898956,LC4+,578.535921351324,-0.011297347511382894,False
102.0,400.0,1.25,440.0,-35.0,74.38926003938694,1.0648531726141264,LC4+,389.01366984247187,0.2930136881916927,LC4+,583.520504763708,-0.01974310186130157,False
102.0,400.0,1.25,450.0,-25.0,74.60080756932513,1.0795477424809676,LC4+,390.3461073505821,0.28860001554528103,LC4+,585.5191610258729,-0.023089186359309455,False
102.0,400.0,1.25,460.0,-15.0,74.85449071103577,1.0936348230331328,LC4+,389.83879052138036,0.2902769355693797,LC4+,584.7581857820707,-0.021817883173379626,False
102.0,400.0,1.25,470.0,-5.0,75.14853076638677,1.1071144142706217,LC4+,387.6729366532393,0.2974854637581188,LC4+,581.5094049798588,-0.01635296849616419,False
102.0,400.0,1.25,480.0,5.0,75.48114903724607,1.1199865161934346,LC4+,384.0475992370206,0.30973348355594377,LC4+,576.071398855531,-0.007067524726309227,False
102.0,400.0,1.25,490.0,15.0,75.85056682548161,1.1322511288015713,LC4+,379.16852954939424,0.32658688894293975,LC4+,568.7527943240914,0.005709344566416696,True
102.0,400.0,1.25,500.0,25.0,76.2550054329613,1.1439082520950319,LC4+,373.23900286150365,0.34766194353660906,LC4+,559.8585042922556,0.021686721938953157,True
102.0,400.0,1.25,510.0,35.0,76.69268616155307,1.1549578860738163,LC4+,366.4528340768841,0.3726186652835859,LC4+,549.679251115326,0.040606860890936236,True
102.0,400.0,1.25,520.0,45.0,77.16183031312487,1.1654000307379246,LC4+,358.9895278015995,0.40115507847902987,LC4+,538.4842917023993,0.06224082821736898,True
102.0,400.0,1.25,530.0,55.0,77.6606591895446,1.175234686087357,LC4+,351.0113239269107,0.4330022016746593,LC4+,526.516985890366,0.08638470425169675,True
102.0,400.0,1.25,540.0,65.0,78.18739409268022,1.184461852122113,LC4+,342.66180431222205,0.4679196620983268,LC4+,513.992706468333,0.11285625807851951,True
102.0,400.0,1.25,550.0,75.0,78.74025632439964,1.193081528842193,LC4+,334.06569979305084,0.5056918453813177,LC4+,501.09854968957626,0.14149202857271526,True
102.0,400.0,1.25,560.0,85.0,79.3174671865708,1.2010937162475968,LC4+,325.32955695014414,0.546124504380902,LC4+,487.99433542521615,0.17214475348691316,True
102.0,400.0,1.25,570.0,95.0,79.9172479810616,1.2084984143383246,LC4+,316.5429705037995,0.5890417632697436,LC4+,474.81445575569927,0.20468109819787061,True
102.0,400.0,1.25,580.0,105.0,80.53782000974003,1.2152956231143761,LC4+,307.7801441995516,0.6342834633083936,LC4+,461.6702162993274,0.23897964348893463,True
102.0,400.0,1.25,590.0,115.0,81.17740457447395,1.2214853425757515,LC4+,299.1016001420137,0.6817028052045699,LC4+,448.65240021302054,0.27492909818027034,True
102.0,400.0,1.25,600.0,125.0,81.83422297713133,1.2270675727224507,LC4+,290.55590767795064,0.7311642500056146,LC4+,435.8338615169258,0.31242670775773607,True
102.0,400.0,1.25,610.0,135.0,82.50649651958011,1.232042313554474,LC4+,282.18134540485295,0.7825416463243975,LC4+,423.27201810727934,0.35137683458920543,True
102.0,400.0,1.25,620.0,145.0,83.19244650368817,1.236409565071821,LC4+,274.0074431418629,0.8357165565739029,LC4+,411.0111647127943,0.3916896890129522,True
102.0,400.0,1.25,630.0,155.0,83.89029423132348,1.2401693272744918,LC4+,266.05637545145197,0.8905767589537947,LC4+,399.0845631771779,0.4332801936667603,True
102.0,400.0,1.25,640.0,165.0,84.59826100435396,1.2433216001624867,LC4+,258.34419583631575,0.9470149053346477,LC4+,387.51629375447357,0.4760669660058565,True
102.0,400.0,1.25,650.0,175.0,85.31456812464754,1.2458663837358053,LC4+,250.88191251349684,1.0049273180382814,LC4+,376.32286877024535,0.5199714061204728,True
102.0,400.0,1.25,660.0,185.0,86.03743689407214,1.247803677994448,LC4+,243.6764140662614,1.0642129109107064,LC4+,365.51462109939206,0.5649168787818741,True
102.0,400.0,1.25,670.0,195.0,86.76508861449571,1.2491334829384142,LC4+,236.73125748110112,1.1247722221057175,LC4+,355.09688622165174,0.6108279801782244,True
102.0,400.0,1.25,680.0,205.0,87.49574458778613,1.2498557985677046,LC4+,230.0473330517628,1.186506547706077,LC4+,345.07099957764416,0.6576298810972514,True
102.0,400.0,1.25,690.0,215.0,88.2276261158114,1.2499706248823186,LC4+,223.62342111359962,1.2493171667581207,LC4+,335.43513167039936,0.7052477394110608,True
102.0,400.0,1.25,700.0,225.0,88.9589545004394,1.2494779618822567,LC4+,217.4566551075835,1.313104649527273,LC4+,326.18498266137533,0.7536061756522197,True
102.0,400.0,1.25,710.0,235.0,89.68795104353808,1.2483778095675184,LC4+,211.5429044558402,1.37776824183201,LC4+,317.3143566837604,0.8026288062662812,True
102.0,400.0,1.25,720.0,245.0,90.41283704697535,1.2466701679381043,LC4+,205.87708943042458,1.443205319210553,LC4+,308.8156341456369,0.8522378298057467,True
102.0,400.0,1.25,730.0,255.0,91.13183381261916,1.2443550369940137,LC4+,200.4534387943239,1.5093109054422622,LC4+,300.6801581914859,0.9023536619124903,True
102.0,400.0,1.25,740.0,265.0,91.84316264233743,1.2414324167352473,LC4+,195.26569960283248,1.5759772506031244,LC4+,292.8985494042489,0.9528946154340439,True
102.0,400.0,1.25,750.0,275.0,92.54504483799809,1.2379023071618047,LC4+,190.30730724256557,1.6430934643979622,LC4+,285.4609608638484,1.0037766224461682,True
102.0,400.0,1.25,760.0,285.0,93.23570170146907,1.2337647082736858,LC4+,185.57152259094946,1.7105452009937427,LC4+,278.35728388642417,1.0549129953193122,True
102.0,400.0,1.25,770.0,295.0,93.91335453461829,1.229019620070891,LC4+,181.0515421165523,1.7782143919889548,LC4+,271.5773131748285,1.1062142242779087,True
102.0,400.0,1.25,780.0,305.0,94.5762246393137,1.22366704255342,LC4+,176.740585812302,1.845979024501959,LC4+,265.11087871845297,1.15758780916517,True
102.0,400.0,1.25,790.0,315.0,95.2225333174232,1.2177069757212728,LC4+,172.6319670537021,1.9137129616528523,LC4+,258.9479505805533,1.2089381233471577,True
102.0,400.0,1.25,800.0,325.0,95.85050187081475,1.2111394195744494,LC4+,168.71914779241376,1.9812858029538765,LC4+,253.07872168862067,1.260166307872256,True
102.0,400.0,1.25,810.0,335.0,96.45835160135626,1.20396437411295,LC4+,164.9957819198314,2.048562782316454,LC4+,247.49367287974715,1.3111701941484575,True
102.0,400.0,1.25,820.0,345.0,97.04430381091566,1.1961818393367745,LC4+,161.45574915285465,2.1154047015309185,LC4+,242.18362372928203,1.3618442535131678,True
102.0,400.0,1.25,830.0,355.0,97.6065798013609,1.1877918152459226,LC4+,158.09318139267995,2.181667897179087,LC4+,237.13977208901997,1.4120795721490227,True
102.0,400.0,1.25,840.0,365.0,98.14340087455987,1.1787943018403948,LC4+,154.9024831757643,2.2472042390002063,LC4+,232.35372476364643,1.4617638498450871,True
102.0,400.0,1.25,850.0,375.0,98.65298833238053,1.1691892991201909,LC4+,151.8783475640442,2.3118611577459687,LC4+,227.8175213460663,1.51078142111424,True
102.0,400.0,1.25,860.0,385.0,99.13356347669082,1.1589768070853108,LC4+,149.01576860018747,2.3754817005276796,LC4+,223.52365290028132,1.5590132971528585,True
102.0,400.0,1.25,870.0,395.0,99.58334760935864,1.1481568257357546,LC4+,146.3100512755964,2.437904611573991,LC4+,219.46507691339457,1.6063372270647096,True
102.0,400.0,1.25,880.0,405.0,100.00056203225192,1.1367293550715223,LC4+,143.7568198177868,2.498964436174628,LC4+,215.63522972668025,1.6526277766625403,True
102.0,400.0,1.25,890.0,415.0,100.38342804723861,1.1246943950926138,LC4+,141.35202499454326,2.5584916453755633,LC4+,212.0280374918149,1.6977564230017523,True
102.0,400.0,1.25,900.0,425.0,100.73016695618662,1.1120519457990292,LC4+,139.09195105086474,2.616312778703185,LC4+,208.63792657629713,1.7415916625821355,True
102.0,400.0,1.25,910.0,435.0,101.0390000609639,1.0988020071907685,LC4+,136.97322283822547,2.672250601813441,LC4+,205.45983425733817,1.7839991308645309,True
102.0,400.0,1.25,920.0,445.0,101.30814866343837,1.0849445792678316,LC4+,134.99281366208356,2.7261242754678676,LC4+,202.48922049312543,1.8248417303745783,True
102.0,400.0,1.25,930.0,455.0,101.53583406547794,1.0704796620302186,LC4+,133.1480543619368,2.777749531605572,LC4+,199.72208154290524,1.863979764186066,True
102.0,400.0,1.25,940.0,465.0,101.72027756895056,1.0554072554779295,LC4+,131.43664414862852,2.8269388514759077,LC4+,197.15496622294273,1.901271070966494,True
102.0,400.0,1.25,950.0,475.0,101.85970047572417,1.0397273596109642,LC4+,129.85666375734283,2.8735016397767077,LC4+,194.78499563601426,1.9365711569944022,True
102.0,400.0,1.25,960.0,485.0,101.95232408766665,1.0234399744293228,LC4+,128.4065915344313,2.9172443874512797,LC4+,192.60988730164698,1.9697333195787032,True
102.0,400.0,1.25,970.0,495.0,101.99636970664599,1.0065450999330052,LC4+,127.08532316626878,2.9579708141585557,LC4+,190.62798474940317,2.0006087550678515,True
102.0,400.0,1.25,973.780356685791,498.78035668579105,102.0,1.0,LC4+,126.61923493678245,2.9725401930530877,LC4+,189.92885240517367,2.011654062858007,True
102.0,400.0,1.5,250.0,-225.0,74.0,1.0,LC4+,292.37427177639455,0.7203976155080098,LC4+,438.56140766459185,0.3042643287880471,True
102.0,400.0,1.5,260.0,-215.0,74.0,1.0,LC4+,297.07034420784856,0.6932016601699915,LC4+,445.6055163117729,0.28364658663649456,True
102.0,400.0,1.5,270.0,-205.0,74.0,1.0,LC4+,301.7683884424068,0.6668412572843054,LC4+,452.6525826636101,0.26366229180466916,True
102.0,400.0,1.5,280.0,-195.0,74.0,1.0,LC4+,306.46831379907775,0.641278975188833,LC4+,459.70247069861665,0.24428306667728616,True
102.0,400.0,1.5,290.0,-185.0,74.0,1.0,LC4+,311.1700350402296,0.6164795557354026,LC4+,466.7550525603445,0.22548218141901932,True
102.0,400.0,1.5,300.0,-175.0,74.0,1.0,LC4+,315.87347197159596,0.5924097609729977,LC4+,473.81020795739386,0.20723443774228612,True
102.0,400.0,1.5,310.0,-165.0,74.0,1.0,LC4+,320.5785490768347,0.5690382324347081,LC4+,480.867823615252,0.18951606223015638,True
102.0,400.0,1.5,320.0,-155.0,74.0,1.0,LC4+,325.28519518322923,0.5463353618558207,LC4+,487.92779277484374,0.17230460832542027,True
102.0,400.0,1.5,330.0,-145.0,74.0,1.0,LC4+,329.99334315549385,0.52427317227119,LC4+,494.9900147332408,0.15557886618836392,True
102.0,400.0,1.5,340.0,-135.0,74.0,1.0,LC4+,334.7029296149834,0.5028252085472111,LC4+,502.0543944224753,0.13931877970709672,True
102.0,400.0,1.5,350.0,-125.0,74.0,1.0,LC4+,339.41389468189226,0.4819664364990861,LC4+,509.12084202283864,0.1235053700165365,True
102.0,400.0,1.5,360.0,-115.0,74.0,1.0,LC4+,344.1261817382891,0.46167314982890706,LC4+,516.1892726074336,0.10812066494650097,True
102.0,400.0,1.5,370.0,-105.0,74.0,1.0,LC4+,348.8397372100578,0.4419228841957097,LC4+,523.2596058150867,0.09314763387666791,True
102.0,400.0,1.5,380.0,-95.0,74.0,1.0,LC4+,353.55451036601926,0.422694337796077,LC4+,530.3317655490289,0.07857012752731074,True
102.0,400.0,1.5,390.0,-85.0,74.0,1.0,LC4+,358.2704531326773,0.40396729789415664,LC4+,537.405679699016,0.06437282226038099,True
102.0,400.0,1.5,400.0,-75.0,74.0,1.0,LC4+,362.9875199232027,0.38572257279374167,LC4+,544.4812798848039,0.05054116850632262,True
102.0,400.0,1.5,410.0,-65.0,74.02521810152771,1.0342490542510916,LC4+,378.7001620722738,0.32822758048887213,LC4+,568.050243108411,0.006953182292424698,True
102.0,400.0,1.5,420.0,-55.0,74.09968660735616,1.067283129872831,LC4+,392.13045232927504,0.28273638788355804,LC4+,588.1956784939125,-0.027534507794042096,False
102.0,400.0,1.5,430.0,-45.0,74.22162681935326,1.099102226865218,LC4+,403.17039921441784,0.2476114342226048,LC4+,604.7555988216268,-0.054163365970404276,False
102.0,400.0,1.5,440.0,-35.0,74.38926003938694,1.1297063452282528,LC4+,411.7915850521787,0.22149169205646624,LC4+,617.6873775782682,-0.07396521158873615,False
102.0,400.0,1.5,450.0,-25.0,74.60080756932513,1.1590954849619353,LC4+,418.037892504295,0.20324020625673822,LC4+,627.0568387564424,-0.08780199075035888,False
102.0,400.0,1.5,460.0,-15.0,74.85449071103577,1.1872696460662655,LC4+,422.01427220332687,0.19190281734749992,LC4+,633.0214083049906,-0.09639706888963606,False
102.0,400.0,1.5,470.0,-5.0,75.14853076638677,1.2142288285412435,LC4+,423.8732768008193,0.18667542289145733,LC4+,635.8099152012289,-0.10036005050508467,False
102.0,400.0,1.5,480.0,5.0,75.48114903724607,1.2399730323868692,LC4+,423.80099643790265,0.18687781347324406,LC4+,635.7014946568542,-0.10020661457031754,False
102.0,400.0,1.5,490.0,15.0,75.85056682548161,1.2645022576031426,LC4+,422.00372284964914,0.1919326128295984,LC4+,633.0055842744737,-0.0963744803995622,False
102.0,400.0,1.5,500.0,25.0,76.2550054329613,1.2878165041900638,LC4+,418.69625750202744,0.20134821123297075,LC4+,628.0443862530412,-0.08923634615605136,False
102.0,400.0,1.5,510.0,35.0,76.69268616155307,1.3099157721476327,LC4+,414.09236298928204,0.2147048459645684,LC4+,621.1385444839229,-0.07911044149538338,False
102.0,400.0,1.5,520.0,45.0,77.16183031312487,1.3308000614758495,LC4+,408.3975037753444,0.2316431793782352,LC4+,612.5962556630167,-0.06626918674042348,False
102.0,400.0,1.5,530.0,55.0,77.6606591895446,1.3504693721747139,LC4+,401.8037642307104,0.2518548723978207,LC4+,602.7056463460659,-0.0509463392822358,False
102.0,400.0,1.5,540.0,65.0,78.18739409268022,1.3689237042442262,LC4+,394.48667228690414,0.275074762561752,LC4+,591.7300084303563,-0.03334292354496737,False
102.0,400.0,1.5,550.0,75.0,78.74025632439964,1.386163057684386,LC4+,386.60358165813284,0.30107434039448333,LC4+,579.9053724871993,-0.013632176665812512,False
102.0,400.0,1.5,560.0,85.0,79.3174671865708,1.4021874324951935,LC4+,378.29325256405605,0.3296562827665752,LC4+,567.439878846084,0.008036307147092359,True
102.0,400.0,1.5,570.0,95.0,79.9172479810616,1.416996828676649,LC4+,369.6762978912051,0.3606498519632757,LC4+,554.5144468368075,0.031533088565929734,True
102.0,400.0,1.5,580.0,105.0,80.53782000974003,1.4305912462287522,LC4+,360.85620998706685,0.3939070080518432,LC4+,541.2843149806004,0.05674593585905119,True
102.0,400.0,1.5,590.0,115.0,81.17740457447395,1.442970685151503,LC4+,351.9207390518047,0.42929911250827324,LC4+,527.8811085777072,0.08357732585120203,True
102.0,400.0,1.5,600.0,125.0,81.83422297713133,1.4541351454449016,LC4+,342.94344852099147,0.4667141249359996,LC4+,514.4151727814872,0.11194231870562188,True
102.0,400.0,1.5,610.0,135.0,82.50649651958011,1.464084627108948,LC4+,333.98532102173505,0.5060542135840331,LC4+,500.97798153260266,0.1417667464149328,True
102.0,400.0,1.5,620.0,145.0,83.19244650368817,1.472819130143642,LC4+,325.0963283689179,0.5472337153841915,LC4+,487.6444925533768,0.17298566626873124,True
102.0,400.0,1.5,630.0,155.0,83.89029423132348,1.4803386545489838,LC4+,316.3169103891123,0.5901773932390855,LC4+,474.4753655836684,0.20554203967230888,True
102.0,400.0,1.5,640.0,165.0,84.59826100435396,1.4866432003249734,LC4+,307.6793308679467,0.6348189479646367,LC4+,461.5189963019199,0.23938560402355535,True
102.0,400.0,1.5,650.0,175.0,85.31456812464754,1.4917327674716108,LC4+,299.2088958198079,0.681099750132165,LC4+,448.81334372971185,0.2744719112996663,True
102.0,400.0,1.5,660.0,185.0,86.03743689407214,1.4956073559888958,LC4+,290.9250308943792,0.7289677634600475,LC4+,436.38754634156874,0.31076151186103007,True
102.0,400.0,1.5,670.0,195.0,86.76508861449571,1.4982669658768286,LC4+,282.842222296832,0.7783766366823441,LC4+,424.2633334452482,0.34821926598051745,True
102.0,400.0,1.5,680.0,205.0,87.49574458778613,1.4997115971354091,LC4+,274.97083016827406,0.8292849452146571,LC4+,412.45624525241095,0.38681376893675834,True
102.0,400.0,1.5,690.0,215.0,88.2276261158114,1.4999412497646372,LC4+,267.31778581081403,0.881655567639569,LC4+,400.976678716221,0.4265168783165456,True
102.0,400.0,1.5,700.0,225.0,88.9589545004394,1.4989559237645134,LC4+,259.8871851159642,0.9354551852010575,LC4+,389.8307776739463,0.4673033345725712,True
102.0,400.0,1.5,710.0,235.0,89.68795104353808,1.496755619135037,LC4+,252.68079056751395,0.9906538952576338,LC4+,379.0211858512709,0.5091504679753036,True
102.0,400.0,1.5,720.0,245.0,90.41283704697535,1.4933403358762085,LC4+,245.69845360520537,1.0472249321041045,LC4+,368.54768040780806,0.5520379869629526,True
102.0,400.0,1.5,730.0,255.0,91.13183381261916,1.4887100739880277,LC4+,238.93846821076923,1.1051444908247268,LC4+,358.40770231615375,0.595947844601384,True
102.0,400.0,1.5,740.0,265.0,91.84316264233743,1.4828648334704946,LC4+,232.39786548917073,1.164391651968244,LC4+,348.5967982337562,0.6408641814789069,True
102.0,400.0,1.5,750.0,275.0,92.54504483799809,1.4758046143236094,LC4+,226.0726578812579,1.224948406915245,LC4+,339.10898682188684,0.686773344937734,True
102.0,400.0,1.5,760.0,285.0,93.23570170146907,1.4675294165473718,LC4+,219.9580405323492,1.2867997859165499,LC4+,329.93706079852376,0.7336639861421694,True
102.0,400.0,1.5,770.0,295.0,93.91335453461829,1.4580392401417819,LC4+,214.04855629742102,1.3499340929965453,LC4+,321.0728344461315,0.7815272381630538,True
102.0,400.0,1.5,780.0,305.0,94.5762246393137,1.44733408510684,LC4+,208.33822990955989,1.4143432543242471,LC4+,312.5073448643398,0.8303569800841211,True
102.0,400.0,1.5,790.0,315.0,95.2225333174232,1.4354139514425455,LC4+,202.82067598271976,1.4800232893556444,LC4+,304.2310139740798,0.8801501941834695,True
102.0,400.0,1.5,800.0,325.0,95.85050187081475,1.4222788391488987,LC4+,197.48918476222818,1.5469749171611542,LC4+,296.2337771433423,0.9309074256012988,True
102.0,400.0,1.5,810.0,335.0,96.45835160135626,1.4079287482259,LC4+,192.33678887126953,1.615204314015331,LC4+,288.5051833069043,0.9826333566822654,True
102.0,400.0,1.5,820.0,345.0,97.04430381091566,1.392363678673549,LC4+,187.35631372002686,1.6847240427224173,LC4+,281.03447058004036,1.0353375115138799,True
102.0,400.0,1.5,830.0,355.0,97.6065798013609,1.3755836304918454,LC4+,182.54041373605475,1.7555541795107108,LC4+,273.8106206040821,1.0890351102453635,True
102.0,400.0,1.5,840.0,365.0,98.14340087455987,1.3575886036807898,LC4+,177.88159612892574,1.8277236709492626,LC4+,266.8223941933886,1.1437480977905605,True
102.0,400.0,1.5,850.0,375.0,98.65298833238053,1.3383785982403817,LC4+,173.3722335083817,1.901271961612483,LC4+,260.0583502625725,1.1995063777897155,True
102.0,400.0,1.5,860.0,385.0,99.13356347669082,1.3179536141706216,LC4+,169.00456632241318,1.9762509436604065,LC4+,253.50684948361982,1.2563492906212752,True
102.0,400.0,1.5,870.0,395.0,99.58334760935864,1.2963136514715092,LC4+,164.77069575947934,2.0527272928084495,LC4+,247.156043639219,1.3143273843425223,True
102.0,400.0,1.5,880.0,405.0,100.00056203225192,1.2734587101430446,LC4+,160.66256745721427,2.1307852722691796,LC4+,240.99385118582143,1.3735045404081783,True
102.0,400.0,1.5,890.0,415.0,100.38342804723861,1.2493887901852274,LC4+,156.67194606819135,2.2105301084411733,LC4+,235.007919102287,1.4339605328407572,True
102.0,400.0,1.5,900.0,425.0,100.73016695618662,1.2241038915980584,LC4+,152.79038044104783,2.292092071163315,LC4+,229.18557066157177,1.4957941215446202,True
102.0,400.0,1.5,910.0,435.0,101.0390000609639,1.197604014381537,LC4+,149.009158871249,2.375631429707055,LC4+,223.51373830687353,1.5591268095327173,True
102.0,400.0,1.5,920.0,445.0,101.30814866343837,1.169889158535663,LC4+,145.3192535475118,2.4613445068071815,LC4+,217.97888032126775,1.6241074325960336,True
102.0,400.0,1.5,930.0,455.0,101.53583406547794,1.140959324060437,LC4+,141.71125295312558,2.549471121861998,LC4+,212.56687942968838,1.6909178021273195,True
102.0,400.0,1.5,940.0,465.0,101.72027756895056,1.1108145109558587,LC4+,138.17528055920081,2.640303808064215,LC4+,207.26292083880122,1.7597796927935465,True
102.0,400.0,1.5,950.0,475.0,101.85970047572417,1.0794547192219281,LC4+,134.70089764874683,2.734199317005662,LC4+,202.05134647312022,1.8309635643833517,True
102.0,400.0,1.5,960.0,485.0,101.95232408766665,1.0468799488586455,LC4+,131.27698751104344,2.8315931035337476,LC4+,196.91548126656517,1.9047995430368507,True
102.0,400.0,1.5,970.0,495.0,101.99636970664599,1.0130901998660105,LC4+,127.89161751321733,2.933017736272012,LC4+,191.83742626982595,1.9816913785919037,True
102.0,400.0,1.5,973.780356685791,498.78035668579105,102.0,1.0,LC4+,126.61923493678245,2.9725401930530877,LC4+,189.92885240517367,2.011654062858007,True
102.0,400.0,2.0,250.0,-225.0,74.0,1.0,LC4+,292.37427177639455,0.7203976155080098,LC4+,438.56140766459185,0.3042643287880471,True
102.0,400.0,2.0,260.0,-215.0,74.0,1.0,LC4+,297.07034420784856,0.6932016601699915,LC4+,445.6055163117729,0.28364658663649456,True
102.0,400.0,2.0,270.0,-205.0,74.0,1.0,LC4+,301.7683884424068,0.6668412572843054,LC4+,452.6525826636101,0.26366229180466916,True
102.0,400.0,2.0,280.0,-195.0,74.0,1.0,LC4+,306.46831379907775,0.641278975188833,LC4+,459.70247069861665,0.24428306667728616,True
102.0,400.0,2.0,290.0,-185.0,74.0,1.0,LC4+,311.1700350402296,0.6164795557354026,LC4+,466.7550525603445,0.22548218141901932,True
102.0,400.0,2.0,300.0,-175.0,74.0,1.0,LC4+,315.87347197159596,0.5924097609729977,LC4+,473.81020795739386,0.20723443774228612,True
102.0,400.0,2.0,310.0,-165.0,74.0,1.0,LC4+,320.5785490768347,0.5690382324347081,LC4+,480.867823615252,0.18951606223015638,True
102.0,400.0,2.0,320.0,-155.0,74.0,1.0,LC4+,325.28519518322923,0.5463353618558207,LC4+,487.92779277484374,0.17230460832542027,True
102.0,400.0,2.0,330.0,-145.0,74.0,1.0,LC4+,329.99334315549385,0.52427317227119,LC4+,494.9900147332408,0.15557886618836392,True
102.0,400.0,2.0,340.0,-135.0,74.0,1.0,LC4+,334.7029296149834,0.5028252085472111,LC4+,502.0543944224753,0.13931877970709672,True
102.0,400.0,2.0,350.0,-125.0,74.0,1.0,LC4+,339.41389468189226,0.4819664364990861,LC4+,509.12084202283864,0.1235053700165365,True
102.0,400.0,2.0,360.0,-115.0,74.0,1.0,LC4+,344.1261817382891,0.46167314982890706,LC4+,516.1892726074336,0.10812066494650097,True
102.0,400.0,2.0,370.0,-105.0,74.0,1.0,LC4+,348.8397372100578,0.4419228841957097,LC4+,523.2596058150867,0.09314763387666791,True
102.0,400.0,2.0,380.0,-95.0,74.0,1.0,LC4+,353.55451036601926,0.422694337796077,LC4+,530.3317655490289,0.07857012752731074,True
102.0,400.0,2.0,390.0,-85.0,74.0,1.0,LC4+,358.2704531326773,0.40396729789415664,LC4+,537.405679699016,0.06437282226038099,True
102.0,400.0,2.0,400.0,-75.0,74.0,1.0,LC4+,362.9875199232027,0.38572257279374167,LC4+,544.4812798848039,0.05054116850632262,True
102.0,400.0,2.0,410.0,-65.0,74.02521810152771,1.0684981085021832,LC4+,390.709981145531,0.2873999239160552,LC4+,586.0649717182966,-0.023998997375767495,False
102.0,400.0,2.0,420.0,-55.0,74.09968660735616,1.1345662597456616,LC4+,415.8681023966379,0.2095181070662142,LC4+,623.8021535949566,-0.08304260140241915,False
102.0,400.0,2.0,430.0,-45.0,74.22162681935326,1.1982044537304357,LC4+,438.1596750169348,0.14798332361497923,LC4+,657.2395125254023,-0.12969322583463483,False
102.0,400.0,2.0,440.0,-35.0,74.38926003938694,1.2594126904565053,LC4+,457.3926704688826,0.09971154431566287,LC4+,686.0890057033241,-0.16628892863014044,False
102.0,400.0,2.0,450.0,-25.0,74.60080756932513,1.3181909699238703,LC4+,473.48215452050226,0.06234204435728019,LC4+,710.2232317807534,-0.19461941766419577,False
102.0,400.0,2.0,460.0,-15.0,74.85449071103577,1.374539292132531,LC4+,486.4403583466325,0.03404249127200765,LC4+,729.6605375199489,-0.21607381708735818,False
102.0,400.0,2.0,470.0,-5.0,75.14853076638677,1.428457657082487,LC4+,496.3619729196371,0.013373359448383138,LC4+,744.5429593794559,-0.23174345711799205,False
102.0,400.0,2.0,480.0,5.0,75.48114903724607,1.4799460647737384,LC4+,503.40688787693415,-0.0008082683942807201,LC4+,755.1103318154014,-0.24249480387213884,False
102.0,400.0,2.0,490.0,15.0,75.85056682548161,1.5290045152062852,LC4+,507.7823833703759,-0.009418175043082622,LC4+,761.6735750555638,-0.24902212872716134,False
102.0,400.0,2.0,500.0,25.0,76.2550054329613,1.5756330083801278,LC4+,509.72634353704433,-0.013195989617427961,LC4+,764.5895153055665,-0.25188615780141654,False
102.0,400.0,2.0,510.0,35.0,76.69268616155307,1.6198315442952655,LC4+,509.49253546441014,-0.01274314148389255,LC4+,764.2388031966152,-0.2515428454987231,False
102.0,400.0,2.0,520.0,45.0,77.16183031312487,1.661600122951699,LC4+,507.33849881560286,-0.008551487469867225,LC4+,761.0077482234042,-0.24836507731313973,False
102.0,400.0,2.0,530.0,55.0,77.6606591895446,1.7009387443494277,LC4+,503.516185378589,-0.0010251614418330668,LC4+,755.2742780678834,-0.24265923438665138,False
102.0,400.0,2.0,540.0,65.0,78.18739409268022,1.737847408488452,LC4+,498.2652003369083,0.009502569434691077,LC4+,747.3978005053625,-0.23467797254255374,False
102.0,400.0,2.0,550.0,75.0,78.74025632439964,1.772326115368772,LC4+,491.8083240087221,0.02275617439748623,LC4+,737.712486013083,-0.22463017659991746,False
102.0,400.0,2.0,560.0,85.0,79.3174671865708,1.8043748649903872,LC4+,484.348913624376,0.03850754249877064,LC4+,726.5233704365639,-0.2126887815648817,False
102.0,400.0,2.0,570.0,95.0,79.9172479810616,1.833993657353298,LC4+,476.0697731289504,0.05656781503696773,LC4+,714.1046596934257,-0.19899696461080796,False
102.0,400.0,2.0,580.0,105.0,80.53782000974003,1.8611824924575044,LC4+,467.13310999261796,0.07678087731342531,LC4+,700.6996649889269,-0.18367307909439445,False
102.0,400.0,2.0,590.0,115.0,81.17740457447395,1.885941370303006,LC4+,457.6812513426056,0.09901814532374242,LC4+,686.5218770139086,-0.16681460685860772,False
102.0,400.0,2.0,600.0,125.0,81.83422297713133,1.9082702908898033,LC4+,447.8378528938709,0.12317437382677321,LC4+,671.7567793408064,-0.14850133621084927,False
102.0,400.0,2.0,610.0,135.0,82.50649651958011,1.9281692542178959,LC4+,437.7093939073059,0.14916427886060113,LC4+,656.5640908609588,-0.12879792245425592,False
102.0,400.0,2.0,620.0,145.0,83.19244650368817,1.945638260287284,LC4+,427.3868046424353,0.1769198172152857,LC4+,641.0802069636528,-0.10775595036826557,False
102.0,400.0,2.0,630.0,155.0,83.89029423132348,1.9606773090979677,LC4+,416.9471173123492,0.20638800249381672,LC4+,625.4206759685237,-0.08541558989203013,False
102.0,400.0,2.0,640.0,165.0,84.59826100435396,1.9732864006499469,LC4+,406.4550670617789,0.23752916561265747,LC4+,609.6826005926683,-0.061806914870192076,False
102.0,400.0,2.0,650.0,175.0,85.31456812464754,1.9834655349432215,LC4+,395.9645966875618,0.2703155893426883,LC4+,593.9468950313426,-0.036950938231917974,False
102.0,400.0,2.0,660.0,185.0,86.03743689407214,1.9912147119777914,LC4+,385.5202389017795,0.304730463523476,LC4+,578.2803583526693,-0.010860404061725282,False
102.0,400.0,2.0,670.0,195.0,86.76508861449571,1.9965339317536572,LC4+,375.1583642326075,0.3407671211833292,LC4+,562.7375463489113,0.016459633289415798,True
102.0,400.0,2.0,680.0,205.0,87.49574458778613,1.999423194270818,LC4+,364.9082924325225,0.3784285269236871,LC4+,547.3624386487836,0.045011421339097746,True
102.0,400.0,2.0,690.0,215.0,88.2276261158114,1.9998824995292745,LC4+,354.7932716231411,0.41772699831321214,LC4+,532.1899074347116,0.0748042982573327,True
102.0,400.0,2.0,700.0,225.0,88.9589545004394,1.9979118475290265,LC4+,344.8313332624487,0.458684149265433,LC4+,517.2469998936732,0.10585464994012916,True
102.0,400.0,2.0,710.0,235.0,89.68795104353808,1.9935112382700741,LC4+,335.03603309538323,0.5013310519253855,LC4+,502.55404964307485,0.13818603273866215,True
102.0,400.0,2.0,720.0,245.0,90.41283704697535,1.986680671752417,LC4+,325.41708909597526,0.5457086208882234,LC4+,488.12563364396294,0.17182946474229777,True
102.0,400.0,2.0,730.0,255.0,91.13183381261916,1.9774201479760554,LC4+,315.9809274407073,0.591868231016526,LC4+,473.97139116106086,0.20682389415699554,True
102.0,400.0,2.0,740.0,265.0,91.84316264233743,1.9657296669409892,LC4+,306.7311470680368,0.6398725881217022,LC4+,460.0967206020553,0.24321685938451099,True
102.0,400.0,2.0,750.0,275.0,92.54504483799809,1.9516092286472186,LC4+,297.6689125902248,0.689796880779542,LC4+,446.503368885337,0.2810653622344579,True
102.0,400.0,2.0,760.0,285.0,93.23570170146907,1.9350588330947436,LC4+,288.7932843768707,0.7417302520912947,LC4+,433.189926565306,0.32043698369280427,True
102.0,400.0,2.0,770.0,295.0,93.91335453461829,1.9160784802835638,LC4+,280.1014936223108,0.7957776429362631,LC4+,420.15224043346615,0.36141128132477474,True
102.0,400.0,2.0,780.0,305.0,94.5762246393137,1.8946681702136798,LC4+,271.58916920339533,0.8520620740339584,LC4+,407.38375380509285,0.40408151934714986,True
102.0,400.0,2.0,790.0,315.0,95.2225333174232,1.870827902885091,LC4+,263.25052216721684,0.9107274540579797,LC4+,394.8757832508253,0.4485567975098268,True
102.0,400.0,2.0,800.0,325.0,95.85050187081475,1.8445576782977977,LC4+,255.07849277966628,0.9719420266234886,LC4+,382.6177391694993,0.49496466431893404,True
102.0,400.0,2.0,810.0,335.0,96.45835160135626,1.8158574964518,LC4+,247.0648642228379,1.035902602266924,LC4+,370.59729633425684,0.5434543253766477,True
102.0,400.0,2.0,820.0,345.0,97.04430381091566,1.7847273573470976,LC4+,239.2003462518315,1.1028397654175581,LC4+,358.8005193777474,0.5942005908798447,True
102.0,400.0,2.0,830.0,355.0,97.6065798013609,1.7511672609836908,LC4+,231.47463140361387,1.173024304866209,LC4+,347.21194710542085,0.6474087506739183,True
102.0,400.0,2.0,840.0,365.0,98.14340087455987,1.7151772073615796,LC4+,223.876425683005,1.2467751951347323,LC4+,335.8146385245076,0.7033206250723216,True
102.0,400.0,2.0,850.0,375.0,98.65298833238053,1.6767571964807637,LC4+,216.393455022023,1.3244695637805135,LC4+,324.5901825330346,0.76222212124911,True
102.0,400.0,2.0,860.0,385.0,99.13356347669082,1.6359072283412432,LC4+,209.0124482056231,1.4065552282568197,LC4+,313.51867230843465,0.8244527376579203,True
102.0,400.0,2.0,870.0,395.0,99.58334760935864,1.5926273029430185,LC4+,201.71909636514056,1.4935665936629903,LC4+,302.5786445477108,0.8904176164018962,True
102.0,400.0,2.0,880.0,405.0,100.00056203225192,1.546917420286089,LC4+,194.49798854546688,1.5861449969824033,LC4+,291.74698281820037,0.9606029665658511,True
102.0,400.0,2.0,890.0,415.0,100.38342804723861,1.4987775803704548,LC4+,187.33252223761346,1.6850650062886166,LC4+,280.9987833564202,1.0355960021167512,True
102.0,400.0,2.0,900.0,425.0,100.73016695618662,1.4482077831961169,LC4+,180.20478711918284,1.7912688005748074,LC4+,270.3071806787742,1.1161110058698345,True
102.0,400.0,2.0,910.0,435.0,101.0390000609639,1.3952080287630737,LC4+,173.09541954667924,1.9059116718241884,LC4+,259.6431293200189,1.2030238254253622,True
102.0,400.0,2.0,920.0,445.0,101.30814866343837,1.3397783170713262,LC4+,165.98342458399736,2.030423075440599,LC4+,248.97513687599616,1.2974181565964504,True
102.0,400.0,2.0,930.0,455.0,101.53583406547794,1.281918648120874,LC4+,158.84596152721994,2.1665897902843794,LC4+,238.26894229082993,1.400648588525732,True
102.0,400.0,2.0,940.0,465.0,101.72027756895056,1.2216290219117174,LC4+,151.65808801117575,2.3166711159047035,LC4+,227.48713201676372,1.5144279367759967,True
102.0,400.0,2.0,950.0,475.0,101.85970047572417,1.1589094384438563,LC4+,144.39245691034606,2.483561473798559,LC4+,216.58868536551913,1.6409505142647784,True
102.0,400.0,2.0,960.0,485.0,101.95232408766665,1.093759897717291,LC4+,137.0189595085019,2.6710248114881456,LC4+,205.52843926275284,1.783069837205062,True
102.0,400.0,2.0,970.0,495.0,101.99636970664599,1.026180399732021,LC4+,129.5043081117514,2.884040672731543,LC4+,194.25646216762706,1.9445609871470424,True
102.0,400.0,2.0,973.780356685791,498.78035668579105,102.0,1.0,LC4+,126.61923493678245,2.9725401930530877,LC4+,189.92885240517367,2.011654062858007,True
