bx_mm,hz_mm,area_mm2,Ix_mm4,Iz_mm4,Zx_mm3,Zz_mm3,Kt_bending_screen,sigma_Mx_limit_MPa,sigma_Mz_limit_MPa,sigma_nominal_sum_limit_MPa,tau_rect_limit_MPa,VM_limit_MPa,MS_generic_7075T6_yield,sigma_Mx_ultimate_MPa,sigma_Mz_ultimate_MPa,sigma_nominal_sum_ultimate_MPa,tau_rect_ultimate_MPa,VM_ultimate_MPa,MS_generic_7075T6_ultimate,gross_screen_pass,note
50,70,3500,1429166.6666666667,729166.6666666666,40833.333333333336,29166.666666666664,1.5,275.2,110.05798179795958,385.2579817979596,19.264,578.8494262766728,-0.12757968294396305,412.79999999999995,165.08697269693937,577.8869726969393,28.896,868.274139415009,-0.3435253059776354,False,"Equivalent solid rectangular section normal to +y. Actual trunnion bore, head curvature, taper, fillet and local 3D load transfer are NOT represented."
50,70,3500,1429166.6666666667,729166.6666666666,40833.333333333336,29166.666666666664,2.0,275.2,110.05798179795958,385.2579817979596,19.264,771.238066516525,-0.3452086691195765,412.79999999999995,165.08697269693937,577.8869726969393,28.896,1156.8570997747875,-0.5072857312186911,False,"Equivalent solid rectangular section normal to +y. Actual trunnion bore, head curvature, taper, fillet and local 3D load transfer are NOT represented."
50,70,3500,1429166.6666666667,729166.6666666666,40833.333333333336,29166.666666666664,2.5,275.2,110.05798179795958,385.2579817979596,19.264,963.7227342223389,-0.4759903631333322,412.79999999999995,165.08697269693937,577.8869726969393,28.896,1445.5841013335082,-0.6056957187933985,False,"Equivalent solid rectangular section normal to +y. Actual trunnion bore, head curvature, taper, fillet and local 3D load transfer are NOT represented."
50,70,3500,1429166.6666666667,729166.6666666666,40833.333333333336,29166.666666666664,3.0,275.2,110.05798179795958,385.2579817979596,19.264,1156.2554726094631,-0.5632453104327327,412.79999999999995,165.08697269693937,577.8869726969393,28.896,1734.3832089141945,-0.6713529068602742,False,"Equivalent solid rectangular section normal to +y. Actual trunnion bore, head curvature, taper, fillet and local 3D load transfer are NOT represented."
50,75,3750,1757812.5,781250.0,46875.0,31250.0,1.5,239.7297777777778,102.72078301142894,342.45056078920675,17.979733333333332,514.6189680220778,-0.0186914370044462,359.5946666666667,154.0811745171434,513.6758411838101,26.9696,771.9284520331166,-0.2615895961617615,False,"Equivalent solid rectangular section normal to +y. Actual trunnion bore, head curvature, taper, fillet and local 3D load transfer are NOT represented."
50,75,3750,1757812.5,781250.0,46875.0,31250.0,2.0,239.7297777777778,102.72078301142894,342.45056078920675,17.979733333333332,685.6087505068631,-0.2634283042235692,359.5946666666667,154.0811745171434,513.6758411838101,26.9696,1028.4131257602946,-0.44574803090090354,False,"Equivalent solid rectangular section normal to +y. Actual trunnion bore, head curvature, taper, fillet and local 3D load transfer are NOT represented."
50,75,3750,1757812.5,781250.0,46875.0,31250.0,2.5,239.7297777777778,102.72078301142894,342.45056078920675,17.979733333333332,856.6926103261759,-0.41052368852845944,359.5946666666667,154.0811745171434,513.6758411838101,26.9696,1285.0389154892637,-0.5564336666154743,False,"Equivalent solid rectangular section normal to +y. Actual trunnion bore, head curvature, taper, fillet and local 3D load transfer are NOT represented."
50,75,3750,1757812.5,781250.0,46875.0,31250.0,3.0,239.7297777777778,102.72078301142894,342.45056078920675,17.979733333333332,1027.8235703153498,-0.508670539784314,359.5946666666667,154.0811745171434,513.6758411838101,26.9696,1541.735355473025,-0.6302867428079988,False,"Equivalent solid rectangular section normal to +y. Actual trunnion bore, head curvature, taper, fillet and local 3D load transfer are NOT represented."
50,80,4000,2133333.3333333335,833333.3333333334,53333.333333333336,33333.333333333336,1.5,210.7,96.30073407321463,307.00073407321463,16.856,461.4256585099689,0.09443415355518137,316.05,144.45110110982193,460.50110110982195,25.284,692.1384877649533,-0.1764653894040219,False,"Equivalent solid rectangular section normal to +y. Actual trunnion bore, head curvature, taper, fillet and local 3D load transfer are NOT represented."
50,80,4000,2133333.3333333335,833333.3333333334,53333.333333333336,33333.333333333336,2.0,210.7,96.30073407321463,307.00073407321463,16.856,614.6951903943699,-0.17845460987581951,316.05,144.45110110982193,460.50110110982195,25.284,922.0427855915548,-0.381807429213488,False,"Equivalent solid rectangular section normal to +y. Actual trunnion bore, head curvature, taper, fillet and local 3D load transfer are NOT represented."
50,80,4000,2133333.3333333335,833333.3333333334,53333.333333333336,33333.333333333336,2.5,210.7,96.30073407321463,307.00073407321463,16.856,768.0569257661368,-0.3424966521898589,316.05,144.45110110982193,460.50110110982195,25.284,1152.0853886492052,-0.5052450056082106,False,"Equivalent solid rectangular section normal to +y. Actual trunnion bore, head curvature, taper, fillet and local 3D load transfer are NOT represented."
50,80,4000,2133333.3333333335,833333.3333333334,53333.333333333336,33333.333333333336,3.0,210.7,96.30073407321463,307.00073407321463,16.856,921.4648287924146,-0.45195954938203586,316.05,144.45110110982193,460.50110110982195,25.284,1382.1972431886218,-0.5876131262676706,False,"Equivalent solid rectangular section normal to +y. Actual trunnion bore, head curvature, taper, fillet and local 3D load transfer are NOT represented."
50,85,4250,2558854.1666666665,885416.6666666666,60208.33333333333,35416.666666666664,1.5,186.640830449827,90.63598501008437,277.2768154599114,15.864470588235294,416.82192500180685,0.21154855277301188,279.9612456747405,135.95397751512652,415.915223189867,23.796705882352942,625.2328875027101,-0.08833970286387205,False,"Equivalent solid rectangular section normal to +y. Actual trunnion bore, head curvature, taper, fillet and local 3D load transfer are NOT represented."
50,85,4250,2558854.1666666665,885416.6666666666,60208.33333333333,35416.666666666664,2.0,186.640830449827,90.63598501008437,277.2768154599114,15.864470588235294,555.2339811714463,-0.09047353525708468,279.9612456747405,135.95397751512652,415.915223189867,23.796705882352942,832.8509717571693,-0.3156038483122615,False,"Equivalent solid rectangular section normal to +y. Actual trunnion bore, head curvature, taper, fillet and local 3D load transfer are NOT represented."
50,85,4250,2558854.1666666665,885416.6666666666,60208.33333333333,35416.666666666664,2.5,186.640830449827,90.63598501008437,277.2768154599114,15.864470588235294,693.7364389511127,-0.27205784265343014,279.9612456747405,135.95397751512652,415.915223189867,23.796705882352942,1040.6046584266687,-0.45224154496693725,False,"Equivalent solid rectangular section normal to +y. Actual trunnion bore, head curvature, taper, fillet and local 3D load transfer are NOT represented."
50,85,4250,2558854.1666666665,885416.6666666666,60208.33333333333,35416.666666666664,3.0,186.640830449827,90.63598501008437,277.2768154599114,15.864470588235294,832.2841677008178,-0.39323608498397755,279.9612456747405,135.95397751512652,415.915223189867,23.796705882352942,1248.4262515512262,-0.5434251728592304,False,"Equivalent solid rectangular section normal to +y. Actual trunnion bore, head curvature, taper, fillet and local 3D load transfer are NOT represented."
50,90,4500,3037500.0,937500.0,67500.0,37500.0,1.5,166.47901234567902,85.60065250952411,252.07966485520313,14.98311111111111,379.00901715012617,0.33242212493316114,249.71851851851852,128.40097876428618,378.1194972828047,22.474666666666668,568.5135257251892,0.0026146682665371124,True,"Equivalent solid rectangular section normal to +y. Actual trunnion bore, head curvature, taper, fillet and local 3D load transfer are NOT represented."
50,90,4500,3037500.0,937500.0,67500.0,37500.0,2.0,166.47901234567902,85.60065250952411,252.07966485520313,14.98311111111111,504.8268124711185,0.00034306325377952973,249.71851851851852,128.40097876428618,378.1194972828047,22.474666666666668,757.2402187066776,-0.24726660586844296,False,"Equivalent solid rectangular section normal to +y. Actual trunnion bore, head curvature, taper, fillet and local 3D load transfer are NOT represented."
50,90,4500,3037500.0,937500.0,67500.0,37500.0,2.5,166.47901234567902,85.60065250952411,252.07966485520313,14.98311111111111,630.7332754938103,-0.19934460473069526,249.71851851851852,128.40097876428618,378.1194972828047,22.474666666666668,946.0999132407154,-0.3975266332627013,False,"Equivalent solid rectangular section normal to +y. Actual trunnion bore, head curvature, taper, fillet and local 3D load transfer are NOT represented."
50,90,4500,3037500.0,937500.0,67500.0,37500.0,3.0,166.47901234567902,85.60065250952411,252.07966485520313,14.98311111111111,756.6841466274468,-0.33261453639435556,249.71851851851852,128.40097876428618,378.1194972828047,22.474666666666668,1135.0262199411702,-0.497808958078921,False,"Equivalent solid rectangular section normal to +y. Actual trunnion bore, head curvature, taper, fillet and local 3D load transfer are NOT represented."
50,95,4750,3572395.8333333335,989583.3333333334,75208.33333333334,39583.333333333336,1.5,149.41606648199445,81.09535500902284,230.5114214910173,14.194526315789474,346.64010654720863,0.4568423862725315,224.12409972299167,121.64303251353425,345.7671322365259,21.29178947368421,519.9601598208129,0.0962378352149742,True,"Equivalent solid rectangular section normal to +y. Actual trunnion bore, head curvature, taper, fillet and local 3D load transfer are NOT represented."
50,95,4750,3572395.8333333335,989583.3333333334,75208.33333333334,39583.333333333336,2.0,149.41606648199445,81.09535500902284,230.5114214910173,14.194526315789474,461.6779348022024,0.09383611806433456,224.12409972299167,121.64303251353425,345.7671322365259,21.29178947368421,692.5169022033035,-0.17691539630802544,False,"Equivalent solid rectangular section normal to +y. Actual trunnion bore, head curvature, taper, fillet and local 3D load transfer are NOT represented."
50,95,4750,3572395.8333333335,989583.3333333334,75208.33333333334,39583.333333333336,2.5,149.41606648199445,81.09535500902284,230.5114214910173,14.194526315789474,576.8027611049533,-0.12448408008207912,224.12409972299167,121.64303251353425,345.7671322365259,21.29178947368421,865.2041416574299,-0.341195941447901,False,"Equivalent solid rectangular section normal to +y. Actual trunnion bore, head curvature, taper, fillet and local 3D load transfer are NOT represented."
50,95,4750,3572395.8333333335,989583.3333333334,75208.33333333334,39583.333333333336,3.0,149.41606648199445,81.09535500902284,230.5114214910173,14.194526315789474,691.9711646248519,-0.2702008034196298,224.12409972299167,121.64303251353425,345.7671322365259,21.29178947368421,1037.9567469372778,-0.4508441689098204,False,"Equivalent solid rectangular section normal to +y. Actual trunnion bore, head curvature, taper, fillet and local 3D load transfer are NOT represented."
50,100,5000,4166666.6666666665,1041666.6666666666,83333.33333333333,41666.666666666664,1.5,134.848,77.0405872585717,211.8885872585717,13.4848,318.68991146033324,0.5846124456401451,202.27200000000002,115.56088088785755,317.8328808878576,20.2272,478.03486719049994,0.19238164226387156,True,"Equivalent solid rectangular section normal to +y. Actual trunnion bore, head curvature, taper, fillet and local 3D load transfer are NOT represented."
50,100,5000,4166666.6666666665,1041666.6666666666,83333.33333333333,41666.666666666664,2.0,134.848,77.0405872585717,211.8885872585717,13.4848,424.4203260152056,0.18985818785198205,202.27200000000002,115.56088088785755,317.8328808878576,20.2272,636.6304890228084,-0.10466116557672633,False,"Equivalent solid rectangular section normal to +y. Actual trunnion bore, head curvature, taper, fillet and local 3D load transfer are NOT represented."
50,100,5000,4166666.6666666665,1041666.6666666666,83333.33333333333,41666.666666666664,2.5,134.848,77.0405872585717,211.8885872585717,13.4848,530.2361297651534,-0.0475941346666261,202.27200000000002,115.56088088785755,317.8328808878576,20.2272,795.35419464773,-0.28333816073924334,False,"Equivalent solid rectangular section normal to +y. Actual trunnion bore, head curvature, taper, fillet and local 3D load transfer are NOT represented."
50,100,5000,4166666.6666666665,1041666.6666666666,83333.33333333333,41666.666666666664,3.0,134.848,77.0405872585717,211.8885872585717,13.4848,636.0947100762749,-0.20609306758824508,202.27200000000002,115.56088088785755,317.8328808878576,20.2272,954.1420651144125,-0.40260468452184794,False,"Equivalent solid rectangular section normal to +y. Actual trunnion bore, head curvature, taper, fillet and local 3D load transfer are NOT represented."
50,105,5250,4823437.5,1093750.0,91875.0,43750.0,1.5,122.31111111111112,73.37198786530638,195.6830989764175,12.842666666666666,294.3663049970491,0.715549610900821,183.46666666666667,110.05798179795957,293.52464846462624,19.264,441.5494574955737,0.29090861810358803,True,"Equivalent solid rectangular section normal to +y. Actual trunnion bore, head curvature, taper, fillet and local 3D load transfer are NOT represented."
50,105,5250,4823437.5,1093750.0,91875.0,43750.0,2.0,122.31111111111112,73.37198786530638,195.6830989764175,12.842666666666666,391.99783565906455,0.288272419032481,183.46666666666667,110.05798179795957,293.52464846462624,19.264,587.9967534885968,-0.030606892609222225,False,"Equivalent solid rectangular section normal to +y. Actual trunnion bore, head curvature, taper, fillet and local 3D load transfer are NOT represented."
50,105,5250,4823437.5,1093750.0,91875.0,43750.0,2.5,122.31111111111112,73.37198786530638,195.6830989764175,12.842666666666666,489.71320425088953,0.031215812880713623,183.46666666666667,110.05798179795957,293.52464846462624,19.264,734.5698063763342,-0.22403562595114612,False,"Equivalent solid rectangular section normal to +y. Actual trunnion bore, head curvature, taper, fillet and local 3D load transfer are NOT represented."
50,105,5250,4823437.5,1093750.0,91875.0,43750.0,3.0,122.31111111111112,73.37198786530638,195.6830989764175,12.842666666666666,587.4705773793808,-0.14038248136148335,183.46666666666667,110.05798179795957,293.52464846462624,19.264,881.2058660690711,-0.3531590948858686,False,"Equivalent solid rectangular section normal to +y. Actual trunnion bore, head curvature, taper, fillet and local 3D load transfer are NOT represented."
50,110,5500,5545833.333333333,1145833.3333333333,100833.33333333333,45833.33333333333,1.5,111.44462809917357,70.03689750779246,181.48152560696604,12.258909090909091,273.0491107176862,0.8494841410493914,167.16694214876034,105.0553462616887,272.22228841044904,18.388363636363636,409.5736660765292,0.3916910368292452,True,"Equivalent solid rectangular section normal to +y. Actual trunnion bore, head curvature, taper, fillet and local 3D load transfer are NOT represented."
50,110,5500,5545833.333333333,1145833.3333333333,100833.33333333333,45833.33333333333,2.0,111.44462809917357,70.03689750779246,181.48152560696604,12.258909090909091,363.58357925355347,0.38895161612297824,167.16694214876034,105.0553462616887,272.22228841044904,18.388363636363636,545.3753688803301,0.04515171114204297,True,"Equivalent solid rectangular section normal to +y. Actual trunnion bore, head curvature, taper, fillet and local 3D load transfer are NOT represented."
50,110,5500,5545833.333333333,1145833.3333333333,100833.33333333333,45833.33333333333,2.5,111.44462809917357,70.03689750779246,181.48152560696604,12.258909090909091,454.2003890467804,0.11184404984731855,167.16694214876034,105.0553462616887,272.22228841044904,18.388363636363636,681.3005835701706,-0.16336487338221573,False,"Equivalent solid rectangular section normal to +y. Actual trunnion bore, head curvature, taper, fillet and local 3D load transfer are NOT represented."
50,110,5500,5545833.333333333,1145833.3333333333,100833.33333333333,45833.33333333333,3.0,111.44462809917357,70.03689750779246,181.48152560696604,12.258909090909091,544.8584584880595,-0.07315378492730684,167.16694214876034,105.0553462616887,272.22228841044904,18.388363636363636,817.2876877320891,-0.30257116489579516,False,"Equivalent solid rectangular section normal to +y. Actual trunnion bore, head curvature, taper, fillet and local 3D load transfer are NOT represented."
50,115,5750,6336979.166666667,1197916.6666666667,110208.33333333334,47916.66666666667,1.5,101.96446124763705,66.99181500745365,168.9562762550907,11.725913043478261,254.24691444259324,0.9862581266999983,152.94669187145556,100.48772251118046,253.43441438263602,17.58886956521739,381.3703716638898,0.4946100755366327,True,"Equivalent solid rectangular section normal to +y. Actual trunnion bore, head curvature, taper, fillet and local 3D load transfer are NOT represented."
50,115,5750,6336979.166666667,1197916.6666666667,110208.33333333334,47916.66666666667,2.0,101.96446124763705,66.99181500745365,168.9562762550907,11.725913043478261,338.5223541423162,0.4917774079631265,152.94669187145556,100.48772251118046,253.43441438263602,17.58886956521739,507.78353121347425,0.12252557430888733,True,"Equivalent solid rectangular section normal to +y. Actual trunnion bore, head curvature, taper, fillet and local 3D load transfer are NOT represented."
50,115,5750,6336979.166666667,1197916.6666666667,110208.33333333334,47916.66666666667,2.5,101.96446124763705,66.99181500745365,168.9562762550907,11.725913043478261,422.878690226317,0.19419590457427205,152.94669187145556,100.48772251118046,253.43441438263602,17.58886956521739,634.3180353394755,-0.10139714111242892,False,"Equivalent solid rectangular section normal to +y. Actual trunnion bore, head curvature, taper, fillet and local 3D load transfer are NOT represented."
50,115,5750,6336979.166666667,1197916.6666666667,110208.33333333334,47916.66666666667,3.0,101.96446124763705,66.99181500745365,168.9562762550907,11.725913043478261,507.2755668115589,-0.0044858592852436985,152.94669187145556,100.48772251118046,253.43441438263602,17.58886956521739,760.9133502173381,-0.2509002505512723,False,"Equivalent solid rectangular section normal to +y. Actual trunnion bore, head curvature, taper, fillet and local 3D load transfer are NOT represented."
50,120,6000,7200000.0,1250000.0,120000.0,50000.0,1.5,93.64444444444445,64.20048938214309,157.84493382658752,11.237333333333334,237.5660645682646,1.1257244839146132,140.46666666666667,96.30073407321463,236.76740073988128,16.856,356.3490968523969,0.5995550572030754,True,"Equivalent solid rectangular section normal to +y. Actual trunnion bore, head curvature, taper, fillet and local 3D load transfer are NOT represented."
50,120,6000,7200000.0,1250000.0,120000.0,50000.0,2.0,93.64444444444445,64.20048938214309,157.84493382658752,11.237333333333334,316.289306680154,0.5966394985040664,140.46666666666667,96.30073407321463,236.76740073988128,16.856,474.433960020231,0.2014317018446441,True,"Equivalent solid rectangular section normal to +y. Actual trunnion bore, head curvature, taper, fillet and local 3D load transfer are NOT represented."
50,120,6000,7200000.0,1250000.0,120000.0,50000.0,2.5,93.64444444444445,64.20048938214309,157.84493382658752,11.237333333333334,395.0920494939528,0.27818314908341235,140.46666666666667,96.30073407321463,236.76740073988128,16.856,592.6380742409293,-0.03819881851149187,False,"Equivalent solid rectangular section normal to +y. Actual trunnion bore, head curvature, taper, fillet and local 3D load transfer are NOT represented."
50,120,6000,7200000.0,1250000.0,120000.0,50000.0,3.0,93.64444444444445,64.20048938214309,157.84493382658752,11.237333333333334,473.93463810298937,0.06554777684398738,140.46666666666667,96.30073407321463,236.76740073988128,16.856,710.901957154484,-0.1982016728698709,False,"Equivalent solid rectangular section normal to +y. Actual trunnion bore, head curvature, taper, fillet and local 3D load transfer are NOT represented."
55,70,3850,1572083.3333333333,970520.8333333334,44916.666666666664,35291.66666666667,1.5,250.18181818181822,90.9570097503798,341.138827932198,17.512727272727272,512.6064881331808,-0.014838844823994113,375.2727272727273,136.4355146255697,511.70824189829705,26.26909090909091,768.9097321997713,-0.2586906159071639,False,"Equivalent solid rectangular section normal to +y. Actual trunnion bore, head curvature, taper, fillet and local 3D load transfer are NOT represented."
55,70,3850,1572083.3333333333,970520.8333333334,44916.666666666664,35291.66666666667,2.0,250.18181818181822,90.9570097503798,341.138827932198,17.512727272727272,682.9515989741894,-0.26056253362826476,375.2727272727273,136.4355146255697,511.70824189829705,26.26909090909091,1024.4273984612842,-0.4435916094628527,False,"Equivalent solid rectangular section normal to +y. Actual trunnion bore, head curvature, taper, fillet and local 3D load transfer are NOT represented."
55,70,3850,1572083.3333333333,970520.8333333334,44916.666666666664,35291.66666666667,2.5,250.18181818181822,90.9570097503798,341.138827932198,17.512727272727272,853.3863201200544,-0.4082398696888455,375.2727272727273,136.4355146255697,511.70824189829705,26.26909090909091,1280.0794801800819,-0.5547151494688343,False,"Equivalent solid rectangular section normal to +y. Actual trunnion bore, head curvature, taper, fillet and local 3D load transfer are NOT represented."
55,70,3850,1572083.3333333333,970520.8333333334,44916.666666666664,35291.66666666667,3.0,250.18181818181822,90.9570097503798,341.138827932198,17.512727272727272,1023.865902428717,-0.5067713469097006,375.2727272727273,136.4355146255697,511.70824189829705,26.26909090909091,1535.7988536430755,-0.6288576471795767,False,"Equivalent solid rectangular section normal to +y. Actual trunnion bore, head curvature, taper, fillet and local 3D load transfer are NOT represented."
55,75,4125,1933593.75,1039843.75,51562.5,37812.5,1.5,217.93616161616163,84.8932091003545,302.8293707165161,16.34521212121212,455.1254336522239,0.10958422153547875,326.9042424242424,127.33981365053174,454.2440560747741,24.517818181818182,682.6881504783357,-0.1650653382505307,False,"Equivalent solid rectangular section normal to +y. Actual trunnion bore, head curvature, taper, fillet and local 3D load transfer are NOT represented."
55,75,4125,1933593.75,1039843.75,51562.5,37812.5,2.0,217.93616161616163,84.8932091003545,302.8293707165161,16.34521212121212,606.3200548819962,-0.16710655381787654,326.9042424242424,127.33981365053174,454.2440560747741,24.517818181818182,909.4800823229941,-0.3732682979223625,False,"Equivalent solid rectangular section normal to +y. Actual trunnion bore, head curvature, taper, fillet and local 3D load transfer are NOT represented."
55,75,4125,1933593.75,1039843.75,51562.5,37812.5,2.5,217.93616161616163,84.8932091003545,302.8293707165161,16.34521212121212,757.602581457699,-0.3334236018199248,326.9042424242424,127.33981365053174,454.2440560747741,24.517818181818182,1136.4038721865484,-0.4984177597852899,False,"Equivalent solid rectangular section normal to +y. Actual trunnion bore, head curvature, taper, fillet and local 3D load transfer are NOT represented."
55,75,4125,1933593.75,1039843.75,51562.5,37812.5,3.0,217.93616161616163,84.8932091003545,302.8293707165161,16.34521212121212,908.9291214362717,-0.44440112205668014,326.9042424242424,127.33981365053174,454.2440560747741,24.517818181818182,1363.3936821544073,-0.5819255967951256,False,"Equivalent solid rectangular section normal to +y. Actual trunnion bore, head curvature, taper, fillet and local 3D load transfer are NOT represented."
55,80,4400,2346666.6666666665,1109166.6666666667,58666.666666666664,40333.333333333336,1.5,191.54545454545456,79.58738353158233,271.1328380770369,15.323636363636364,407.5643841561226,0.23906803349763117,287.3181818181818,119.3810752973735,406.6992571155553,22.985454545454544,611.3465762341838,-0.0676319747938614,False,"Equivalent solid rectangular section normal to +y. Actual trunnion bore, head curvature, taper, fillet and local 3D load transfer are NOT represented."
55,80,4400,2346666.6666666665,1109166.6666666667,58666.666666666664,40333.333333333336,2.0,191.54545454545456,79.58738353158233,271.1328380770369,15.323636363636364,542.9148229962502,-0.06983567475097674,287.3181818181818,119.3810752973735,406.6992571155553,22.985454545454544,814.3722344943752,-0.30007436911954677,False,"Equivalent solid rectangular section normal to +y. Actual trunnion bore, head curvature, taper, fillet and local 3D load transfer are NOT represented."
55,80,4400,2346666.6666666665,1109166.6666666667,58666.666666666664,40333.333333333336,2.5,191.54545454545456,79.58738353158233,271.1328380770369,15.323636363636364,678.3515244822513,-0.25554821980323705,287.3181818181818,119.3810752973735,406.6992571155553,22.985454545454544,1017.5272867233768,-0.43981846242619815,False,"Equivalent solid rectangular section normal to +y. Actual trunnion bore, head curvature, taper, fillet and local 3D load transfer are NOT represented."
55,80,4400,2346666.6666666665,1109166.6666666667,58666.666666666664,40333.333333333336,3.0,191.54545454545456,79.58738353158233,271.1328380770369,15.323636363636364,813.8314226223963,-0.37947837111923455,287.3181818181818,119.3810752973735,406.6992571155553,22.985454545454544,1220.7471339335941,-0.5330728337134834,False,"Equivalent solid rectangular section normal to +y. Actual trunnion bore, head curvature, taper, fillet and local 3D load transfer are NOT represented."
55,85,4675,2814739.5833333335,1178489.5833333333,66229.16666666667,42854.166666666664,1.5,169.67348222711544,74.90577273560692,244.57925496272236,14.422245989304812,367.7183439045417,0.3733337168816797,254.51022334067315,112.35865910341036,366.8688824440835,21.63336898395722,551.5775158568126,0.03339962854463008,True,"Equivalent solid rectangular section normal to +y. Actual trunnion bore, head curvature, taper, fillet and local 3D load transfer are NOT represented."
55,85,4675,2814739.5833333335,1178489.5833333333,66229.16666666667,42854.166666666664,2.0,169.67348222711544,74.90577273560692,244.57925496272236,14.422245989304812,489.7959282911705,0.031041645776587634,254.51022334067315,112.35865910341036,366.8688824440835,21.63336898395722,734.6938924367557,-0.22416668238593396,False,"Equivalent solid rectangular section normal to +y. Actual trunnion bore, head curvature, taper, fillet and local 3D load transfer are NOT represented."
55,85,4675,2814739.5833333335,1178489.5833333333,66229.16666666667,42854.166666666664,2.5,169.67348222711544,74.90577273560692,244.57925496272236,14.422245989304812,611.9581916082014,-0.17478022694184325,254.51022334067315,112.35865910341036,366.8688824440835,21.63336898395722,917.9372874123021,-0.37904254700574336,False,"Equivalent solid rectangular section normal to +y. Actual trunnion bore, head curvature, taper, fillet and local 3D load transfer are NOT represented."
55,85,4675,2814739.5833333335,1178489.5833333333,66229.16666666667,42854.166666666664,3.0,169.67348222711544,74.90577273560692,244.57925496272236,14.422245989304812,734.1628641937776,-0.3121417268162062,254.51022334067315,112.35865910341036,366.8688824440835,21.63336898395722,1101.2442962906664,-0.48240367562407593,False,"Equivalent solid rectangular section normal to +y. Actual trunnion bore, head curvature, taper, fillet and local 3D load transfer are NOT represented."
55,90,4950,3341250.0,1247812.5,74250.0,45375.0,1.5,151.34455667789,70.74434091696207,222.08889759485209,13.621010101010102,333.96769638249896,0.512122296467904,227.01683501683502,106.11651137544311,333.1333463922781,20.43151515151515,500.95154457374844,0.13783459932238307,True,"Equivalent solid rectangular section normal to +y. Actual trunnion bore, head curvature, taper, fillet and local 3D load transfer are NOT represented."
55,90,4950,3341250.0,1247812.5,74250.0,45375.0,2.0,151.34455667789,70.74434091696207,222.08889759485209,13.621010101010102,444.80390003697386,0.13533177195169022,227.01683501683502,106.11651137544311,333.1333463922781,20.43151515151515,667.2058500554607,-0.14569094387793602,False,"Equivalent solid rectangular section normal to +y. Actual trunnion bore, head curvature, taper, fillet and local 3D load transfer are NOT represented."
55,90,4950,3341250.0,1247812.5,74250.0,45375.0,2.5,151.34455667789,70.74434091696207,222.08889759485209,13.621010101010102,555.7232548369915,-0.091274306762401,227.01683501683502,106.11651137544311,333.1333463922781,20.43151515151515,833.5848822554872,-0.3162064090489354,False,"Equivalent solid rectangular section normal to +y. Actual trunnion bore, head curvature, taper, fillet and local 3D load transfer are NOT represented."
55,90,4950,3341250.0,1247812.5,74250.0,45375.0,3.0,151.34455667789,70.74434091696207,222.08889759485209,13.621010101010102,666.6842593481457,-0.24251998915683626,227.01683501683502,106.11651137544311,333.1333463922781,20.43151515151515,1000.0263890222186,-0.4300150413457382,False,"Equivalent solid rectangular section normal to +y. Actual trunnion bore, head curvature, taper, fillet and local 3D load transfer are NOT represented."
55,95,5225,3929635.4166666665,1317135.4166666667,82729.16666666666,47895.833333333336,1.5,135.83278771090409,67.02095455291143,202.85374226381552,12.904114832535885,305.1003772978844,0.6551929711543549,203.7491815663561,100.53143182936715,304.28061339572326,19.356172248803826,457.6505659468266,0.24549174067060386,True,"Equivalent solid rectangular section normal to +y. Actual trunnion bore, head curvature, taper, fillet and local 3D load transfer are NOT represented."
55,95,5225,3929635.4166666665,1317135.4166666667,82729.16666666666,47895.833333333336,2.0,135.83278771090409,67.02095455291143,202.85374226381552,12.904114832535885,406.32266924277286,0.2428546035620489,203.7491815663561,100.53143182936715,304.28061339572326,19.356172248803826,609.4840038641593,-0.06478267454736908,False,"Equivalent solid rectangular section normal to +y. Actual trunnion bore, head curvature, taper, fillet and local 3D load transfer are NOT represented."
55,95,5225,3929635.4166666665,1317135.4166666667,82729.16666666666,47895.833333333336,2.5,135.83278771090409,67.02095455291143,202.85374226381552,12.904114832535885,507.6266376275475,-0.005174349478237361,203.7491815663561,100.53143182936715,304.28061339572326,19.356172248803826,761.4399564413212,-0.2514183223796638,False,"Equivalent solid rectangular section normal to +y. Actual trunnion bore, head curvature, taper, fillet and local 3D load transfer are NOT represented."
55,95,5225,3929635.4166666665,1317135.4166666667,82729.16666666666,47895.833333333336,3.0,135.83278771090409,67.02095455291143,202.85374226381552,12.904114832535885,608.9715225630376,-0.17073297963990597,203.7491815663561,100.53143182936715,304.28061339572326,19.356172248803826,913.4572838445564,-0.3759970935904242,False,"Equivalent solid rectangular section normal to +y. Actual trunnion bore, head curvature, taper, fillet and local 3D load transfer are NOT represented."
55,100,5500,4583333.333333333,1386458.3333333333,91666.66666666666,50416.666666666664,1.5,122.58909090909093,63.669906825265876,186.2589977343568,12.258909090909091,280.1941730114378,0.8023215635515213,183.88363636363638,95.50486023789881,279.38849660153517,18.388363636363636,420.29125951715673,0.35620236465262956,True,"Equivalent solid rectangular section normal to +y. Actual trunnion bore, head curvature, taper, fillet and local 3D load transfer are NOT represented."
55,100,5500,4583333.333333333,1386458.3333333333,91666.66666666666,50416.666666666664,2.0,122.58909090909093,63.669906825265876,186.2589977343568,12.258909090909091,373.1226333316247,0.35344242050083596,183.88363636363638,95.50486023789881,279.38849660153517,18.388363636363636,559.683949997437,0.018431920376866584,True,"Equivalent solid rectangular section normal to +y. Actual trunnion bore, head curvature, taper, fillet and local 3D load transfer are NOT represented."
55,100,5500,4583333.333333333,1386458.3333333333,91666.66666666666,50416.666666666664,2.5,122.58909090909093,63.669906825265876,186.2589977343568,12.258909090909091,466.13134580029276,0.08338562628302615,183.88363636363638,95.50486023789881,279.38849660153517,18.388363636363636,699.1970187004391,-0.1847791326979209,False,"Equivalent solid rectangular section normal to +y. Actual trunnion bore, head curvature, taper, fillet and local 3D load transfer are NOT represented."
55,100,5500,4583333.333333333,1386458.3333333333,91666.66666666666,50416.666666666664,3.0,122.58909090909093,63.669906825265876,186.2589977343568,12.258909090909091,559.1802667202784,-0.0968923081604045,183.88363636363638,95.50486023789881,279.38849660153517,18.388363636363636,838.7704000804175,-0.32043381604149246,False,"Equivalent solid rectangular section normal to +y. Actual trunnion bore, head curvature, taper, fillet and local 3D load transfer are NOT represented."
55,105,5775,5305781.25,1455781.25,101062.5,52937.5,1.5,111.1919191919192,60.63800650025321,171.82992569217242,11.675151515151516,258.53695104627616,0.953299123998754,166.78787878787878,90.95700975037981,257.7448885382586,17.512727272727272,387.8054265694142,0.4698092418208448,True,"Equivalent solid rectangular section normal to +y. Actual trunnion bore, head curvature, taper, fillet and local 3D load transfer are NOT represented."
55,105,5775,5305781.25,1455781.25,101062.5,52937.5,2.0,111.1919191919192,60.63800650025321,171.82992569217242,11.675151515151516,344.25429691176726,0.4669388429723276,166.78787878787878,90.95700975037981,257.7448885382586,17.512727272727272,516.3814453676508,0.10383516896927647,True,"Equivalent solid rectangular section normal to +y. Actual trunnion bore, head curvature, taper, fillet and local 3D load transfer are NOT represented."
55,105,5775,5305781.25,1455781.25,101062.5,52937.5,2.5,111.1919191919192,60.63800650025321,171.82992569217242,11.675151515151516,430.05051855545366,0.17428064427477685,166.78787878787878,90.95700975037981,257.7448885382586,17.512727272727272,645.0757778331804,-0.11638288153581133,False,"Equivalent solid rectangular section normal to +y. Actual trunnion bore, head curvature, taper, fillet and local 3D load transfer are NOT represented."
55,105,5775,5305781.25,1455781.25,101062.5,52937.5,3.0,111.1919191919192,60.63800650025321,171.82992569217242,11.675151515151516,515.8862643636703,-0.02110206282987237,166.78787878787878,90.95700975037981,257.7448885382586,17.512727272727272,773.8293965455053,-0.26340353242643844,False,"Equivalent solid rectangular section normal to +y. Actual trunnion bore, head curvature, taper, fillet and local 3D load transfer are NOT represented."
55,110,6050,6100416.666666667,1525104.1666666667,110916.66666666667,55458.333333333336,1.5,101.31329827197595,57.88173347751442,159.19503174949037,11.144462809917355,239.57144645144527,1.107930671539148,151.96994740796393,86.82260021627164,238.79254762423557,16.716694214876032,359.35716967716786,0.5861656538314381,True,"Equivalent solid rectangular section normal to +y. Actual trunnion bore, head curvature, taper, fillet and local 3D load transfer are NOT represented."
55,110,6050,6100416.666666667,1525104.1666666667,110916.66666666667,55458.333333333336,2.0,101.31329827197595,57.88173347751442,159.19503174949037,11.144462809917355,318.9746536777646,0.5831978941817817,151.96994740796393,86.82260021627164,238.79254762423557,16.716694214876032,478.4619805166469,0.19131722730510292,True,"Equivalent solid rectangular section normal to +y. Actual trunnion bore, head curvature, taper, fillet and local 3D load transfer are NOT represented."
55,110,6050,6100416.666666667,1525104.1666666667,110916.66666666667,55458.333333333336,2.5,101.31329827197595,57.88173347751442,159.19503174949037,11.144462809917355,398.45540589848025,0.2673940233318495,151.96994740796393,86.82260021627164,238.79254762423557,16.716694214876032,597.6831088477204,-0.04631736858197477,False,"Equivalent solid rectangular section normal to +y. Actual trunnion bore, head curvature, taper, fillet and local 3D load transfer are NOT represented."
55,110,6050,6100416.666666667,1525104.1666666667,110916.66666666667,55458.333333333336,3.0,101.31329827197595,57.88173347751442,159.19503174949037,11.144462809917355,477.97502064172363,0.05654056842132249,151.96994740796393,86.82260021627164,238.79254762423557,16.716694214876032,716.9625309625854,-0.2049793742572228,False,"Equivalent solid rectangular section normal to +y. Actual trunnion bore, head curvature, taper, fillet and local 3D load transfer are NOT represented."
55,115,6325,6970677.083333333,1594427.0833333333,121229.16666666666,57979.166666666664,1.5,92.69496477057915,55.36513636979641,148.06010114037556,10.6599209486166,222.85631521389138,1.2660340565862578,139.04244715586873,83.04770455469462,222.09015171056336,15.989881422924901,334.2844728208371,0.705134537629263,True,"Equivalent solid rectangular section normal to +y. Actual trunnion bore, head curvature, taper, fillet and local 3D load transfer are NOT represented."
55,115,6325,6970677.083333333,1594427.0833333333,121229.16666666666,57979.166666666664,2.0,92.69496477057915,55.36513636979641,148.06010114037556,10.6599209486166,296.6952577017119,0.7020831539805437,139.04244715586873,83.04770455469462,222.09015171056336,15.989881422924901,445.0428865525679,0.2807754425992208,True,"Equivalent solid rectangular section normal to +y. Actual trunnion bore, head curvature, taper, fillet and local 3D load transfer are NOT represented."
55,115,6325,6970677.083333333,1594427.0833333333,121229.16666666666,57979.166666666664,2.5,92.69496477057915,55.36513636979641,148.06010114037556,10.6599209486166,370.610457798355,0.3626167027233884,139.04244715586873,83.04770455469462,222.09015171056336,15.989881422924901,555.9156866975326,0.02533534066314358,True,"Equivalent solid rectangular section normal to +y. Actual trunnion bore, head curvature, taper, fillet and local 3D load transfer are NOT represented."
55,115,6325,6970677.083333333,1594427.0833333333,121229.16666666666,57979.166666666664,3.0,92.69496477057915,55.36513636979641,148.06010114037556,10.6599209486166,444.5638803267495,0.13594473673576601,139.04244715586873,83.04770455469462,222.09015171056336,15.989881422924901,666.8458204901243,-0.1452297030503148,False,"Equivalent solid rectangular section normal to +y. Actual trunnion bore, head curvature, taper, fillet and local 3D load transfer are NOT represented."
55,120,6600,7920000.0,1663750.0,132000.0,60500.0,1.5,85.13131313131314,53.058255687721555,138.1895688190347,10.215757575757575,208.03818928725343,1.427438931910284,127.6969696969697,79.58738353158233,207.28435322855205,15.323636363636364,312.05728393088015,0.8265877111404119,True,"Equivalent solid rectangular section normal to +y. Actual trunnion bore, head curvature, taper, fillet and local 3D load transfer are NOT represented."
55,120,6600,7920000.0,1663750.0,132000.0,60500.0,2.0,85.13131313131314,53.058255687721555,138.1895688190347,10.215757575757575,276.9449635398753,0.8234669933879795,127.6969696969697,79.58738353158233,207.28435322855205,15.323636363636364,415.41744530981293,0.372113777202836,True,"Equivalent solid rectangular section normal to +y. Actual trunnion bore, head curvature, taper, fillet and local 3D load transfer are NOT represented."
55,120,6600,7920000.0,1663750.0,132000.0,60500.0,2.5,85.13131313131314,53.058255687721555,138.1895688190347,10.215757575757575,345.92674936102003,0.45984663207691434,127.6969696969697,79.58738353158233,207.28435322855205,15.323636363636364,518.89012404153,0.0984984558202524,True,"Equivalent solid rectangular section normal to +y. Actual trunnion bore, head curvature, taper, fillet and local 3D load transfer are NOT represented."
55,120,6600,7920000.0,1663750.0,132000.0,60500.0,3.0,85.13131313131314,53.058255687721555,138.1895688190347,10.215757575757575,414.94613804933346,0.21702542497204758,127.6969696969697,79.58738353158233,207.28435322855205,15.323636363636364,622.4192070740002,-0.08421849210024135,False,"Equivalent solid rectangular section normal to +y. Actual trunnion bore, head curvature, taper, fillet and local 3D load transfer are NOT represented."
60,70,4200,1715000.0,1260000.0,49000.0,42000.0,1.5,229.33333333333334,76.42915402636082,305.76248735969415,16.053333333333335,459.4858001671045,0.09905463850317675,344.0,114.64373103954122,458.6437310395412,24.08,689.2287002506567,-0.17298858884909463,False,"Equivalent solid rectangular section normal to +y. Actual trunnion bore, head curvature, taper, fillet and local 3D load transfer are NOT represented."
60,70,4200,1715000.0,1260000.0,49000.0,42000.0,2.0,229.33333333333334,76.42915402636082,305.76248735969415,16.053333333333335,612.1567799501055,-0.17504793454846557,344.0,114.64373103954122,458.6437310395412,24.08,918.2351699251581,-0.3792439903533007,False,"Equivalent solid rectangular section normal to +y. Actual trunnion bore, head curvature, taper, fillet and local 3D load transfer are NOT represented."
60,70,4200,1715000.0,1260000.0,49000.0,42000.0,2.5,229.33333333333334,76.42915402636082,305.76248735969415,16.053333333333335,764.9117565188502,-0.3397931255517904,344.0,114.64373103954122,458.6437310395412,24.08,1147.3676347782753,-0.5032106687320403,False,"Equivalent solid rectangular section normal to +y. Actual trunnion bore, head curvature, taper, fillet and local 3D load transfer are NOT represented."
60,70,4200,1715000.0,1260000.0,49000.0,42000.0,3.0,229.33333333333334,76.42915402636082,305.76248735969415,16.053333333333335,917.7087863918582,-0.4497165032215711,344.0,114.64373103954122,458.6437310395412,24.08,1376.5631795877873,-0.5859252895528654,False,"Equivalent solid rectangular section normal to +y. Actual trunnion bore, head curvature, taper, fillet and local 3D load transfer are NOT represented."
60,75,4500,2109375.0,1350000.0,56250.0,45000.0,1.5,199.77481481481482,71.3338770912701,271.1086919060849,14.98311111111111,407.4902541368539,0.23929344290623922,299.6622222222222,107.00081563690514,406.66303785912737,22.474666666666668,611.2353812052809,-0.06746235979332504,False,"Equivalent solid rectangular section normal to +y. Actual trunnion bore, head curvature, taper, fillet and local 3D load transfer are NOT represented."
60,75,4500,2109375.0,1350000.0,56250.0,45000.0,2.0,199.77481481481482,71.3338770912701,271.1086919060849,14.98311111111111,542.8380717707792,-0.06970415992995571,299.6622222222222,107.00081563690514,406.66303785912737,22.474666666666668,814.2571076561687,-0.2999754074720459,False,"Equivalent solid rectangular section normal to +y. Actual trunnion bore, head curvature, taper, fillet and local 3D load transfer are NOT represented."
60,75,4500,2109375.0,1350000.0,56250.0,45000.0,2.5,199.77481481481482,71.3338770912701,271.1086919060849,14.98311111111111,678.268382371338,-0.25545696493409176,299.6622222222222,107.00081563690514,406.66303785912737,22.474666666666668,1017.4025735570071,-0.43974979539595027,False,"Equivalent solid rectangular section normal to +y. Actual trunnion bore, head curvature, taper, fillet and local 3D load transfer are NOT represented."
60,75,4500,2109375.0,1350000.0,56250.0,45000.0,3.0,199.77481481481482,71.3338770912701,271.1086919060849,14.98311111111111,813.73999920058,-0.3794086557179036,299.6622222222222,107.00081563690514,406.66303785912737,22.474666666666668,1220.60999880087,-0.5330203745996106,False,"Equivalent solid rectangular section normal to +y. Actual trunnion bore, head curvature, taper, fillet and local 3D load transfer are NOT represented."
60,80,4800,2560000.0,1440000.0,64000.0,48000.0,1.5,175.58333333333334,66.87550977306572,242.45884310639906,14.046666666666667,364.501139071531,0.38545520402584255,263.375,100.31326465959857,363.6882646595986,21.07,546.7517086072965,0.04252074758380253,True,"Equivalent solid rectangular section normal to +y. Actual trunnion bore, head curvature, taper, fillet and local 3D load transfer are NOT represented."
60,80,4800,2560000.0,1440000.0,64000.0,48000.0,2.0,175.58333333333334,66.87550977306572,242.45884310639906,14.046666666666667,485.52763972332934,0.040105564922661596,263.375,100.31326465959857,363.6882646595986,21.07,728.291459584994,-0.2173463075829476,False,"Equivalent solid rectangular section normal to +y. Actual trunnion bore, head curvature, taper, fillet and local 3D load transfer are NOT represented."
60,80,4800,2560000.0,1440000.0,64000.0,48000.0,2.5,175.58333333333334,66.87550977306572,242.45884310639906,14.046666666666667,606.6351809666311,-0.1675392132791944,263.375,100.31326465959857,363.6882646595986,21.07,909.9527714499467,-0.3735938634576117,False,"Equivalent solid rectangular section normal to +y. Actual trunnion bore, head curvature, taper, fillet and local 3D load transfer are NOT represented."
60,80,4800,2560000.0,1440000.0,64000.0,48000.0,3.0,175.58333333333334,66.87550977306572,242.45884310639906,14.046666666666667,727.7833069930736,-0.30611214196919445,263.375,100.31326465959857,363.6882646595986,21.07,1091.6749604896102,-0.47786656227384916,False,"Equivalent solid rectangular section normal to +y. Actual trunnion bore, head curvature, taper, fillet and local 3D load transfer are NOT represented."
60,85,5100,3070625.0,1530000.0,72250.0,51000.0,1.5,155.53402537485584,62.941656257003025,218.47568163185886,13.220392156862745,328.51254024995876,0.5372320326516467,233.30103806228374,94.41248438550453,327.71352244778825,19.83058823529412,492.768810374938,0.1567290542725266,True,"Equivalent solid rectangular section normal to +y. Actual trunnion bore, head curvature, taper, fillet and local 3D load transfer are NOT represented."
60,85,5100,3070625.0,1530000.0,72250.0,51000.0,2.0,155.53402537485584,62.941656257003025,218.47568163185886,13.220392156862745,437.5509457930186,0.15415131621927247,233.30103806228374,94.41248438550453,327.71352244778825,19.83058823529412,656.3264186895278,-0.1315297026468839,False,"Equivalent solid rectangular section normal to +y. Actual trunnion bore, head curvature, taper, fillet and local 3D load transfer are NOT represented."
60,85,5100,3070625.0,1530000.0,72250.0,51000.0,2.5,155.53402537485584,62.941656257003025,218.47568163185886,13.220392156862745,546.6689884742889,-0.07622343566732004,233.30103806228374,94.41248438550453,327.71352244778825,19.83058823529412,820.0034827114333,-0.3048810010962012,False,"Equivalent solid rectangular section normal to +y. Actual trunnion bore, head curvature, taper, fillet and local 3D load transfer are NOT represented."
60,85,5100,3070625.0,1530000.0,72250.0,51000.0,3.0,155.53402537485584,62.941656257003025,218.47568163185886,13.220392156862745,655.8269188489384,-0.2299797622117421,233.30103806228374,94.41248438550453,327.71352244778825,19.83058823529412,983.7403782734073,-0.42057883097121174,False,"Equivalent solid rectangular section normal to +y. Actual trunnion bore, head curvature, taper, fillet and local 3D load transfer are NOT represented."
60,90,5400,3645000.0,1620000.0,81000.0,54000.0,1.5,138.73251028806584,59.444897576058416,198.17740786412426,12.485925925925926,298.05173420248025,0.6943367276532277,208.09876543209876,89.16734636408762,297.26611179618635,18.72888888888889,447.07760130372026,0.2749464485311419,True,"Equivalent solid rectangular section normal to +y. Actual trunnion bore, head curvature, taper, fillet and local 3D load transfer are NOT represented."
60,90,5400,3645000.0,1620000.0,81000.0,54000.0,2.0,138.73251028806584,59.444897576058416,198.17740786412426,12.485925925925926,396.944372664051,0.2722185645579125,208.09876543209876,89.16734636408762,297.26611179618635,18.72888888888889,595.4165589960763,-0.04268702072869934,False,"Equivalent solid rectangular section normal to +y. Actual trunnion bore, head curvature, taper, fillet and local 3D load transfer are NOT represented."
60,90,5400,3645000.0,1620000.0,81000.0,54000.0,2.5,138.73251028806584,59.444897576058416,198.17740786412426,12.485925925925926,495.9152913674671,0.01831907341974115,208.09876543209876,89.16734636408762,297.26611179618635,18.72888888888889,743.8729370512006,-0.23374010316930371,False,"Equivalent solid rectangular section normal to +y. Actual trunnion bore, head curvature, taper, fillet and local 3D load transfer are NOT represented."
60,90,5400,3645000.0,1620000.0,81000.0,54000.0,3.0,138.73251028806584,59.444897576058416,198.17740786412426,12.485925925925926,594.9254238376221,-0.15115411148098157,208.09876543209876,89.16734636408762,297.26611179618635,18.72888888888889,892.388135756433,-0.3612644799262831,False,"Equivalent solid rectangular section normal to +y. Actual trunnion bore, head curvature, taper, fillet and local 3D load transfer are NOT represented."
60,95,5700,4286875.0,1710000.0,90250.0,57000.0,1.5,124.51338873499539,56.31621875626586,180.82960749126124,11.828771929824562,272.0170769700894,0.8565010903912074,186.77008310249306,84.47432813439879,271.24441123689184,17.743157894736843,408.02561545513396,0.39697111752209735,True,"Equivalent solid rectangular section normal to +y. Actual trunnion bore, head curvature, taper, fillet and local 3D load transfer are NOT represented."
60,95,5700,4286875.0,1710000.0,90250.0,57000.0,2.0,124.51338873499539,56.31621875626586,180.82960749126124,11.828771929824562,362.2390748081684,0.39410691755833827,186.77008310249306,84.47432813439879,271.24441123689184,17.743157894736843,543.3586122122526,0.0490309478656803,True,"Equivalent solid rectangular section normal to +y. Actual trunnion bore, head curvature, taper, fillet and local 3D load transfer are NOT represented."
60,95,5700,4286875.0,1710000.0,90250.0,57000.0,2.5,124.51338873499539,56.31621875626586,180.82960749126124,11.828771929824562,452.5380403293472,0.11592828667502109,186.77008310249306,84.47432813439879,271.24441123689184,17.743157894736843,678.8070604940209,-0.1602915862643407,False,"Equivalent solid rectangular section normal to +y. Actual trunnion bore, head curvature, taper, fillet and local 3D load transfer are NOT represented."
60,95,5700,4286875.0,1710000.0,90250.0,57000.0,3.0,124.51338873499539,56.31621875626586,180.82960749126124,11.828771929824562,542.875567736379,-0.06976841469272277,186.77008310249306,84.47432813439879,271.24441123689184,17.743157894736843,814.3133516045684,-0.30002375759056366,False,"Equivalent solid rectangular section normal to +y. Actual trunnion bore, head curvature, taper, fillet and local 3D load transfer are NOT represented."
60,100,6000,5000000.0,1800000.0,100000.0,60000.0,1.5,112.37333333333333,53.50040781845257,165.8737411517859,11.237333333333334,249.5707384483107,1.0234743990413442,168.56,80.25061172767886,248.81061172767886,16.856,374.356107672466,0.5226143992786354,True,"Equivalent solid rectangular section normal to +y. Actual trunnion bore, head curvature, taper, fillet and local 3D load transfer are NOT represented."
60,100,6000,5000000.0,1800000.0,100000.0,60000.0,2.0,112.37333333333333,53.50040781845257,165.8737411517859,11.237333333333334,332.3179576792263,0.5196289828172842,168.56,80.25061172767886,248.81061172767886,16.856,498.4769365188394,0.14348319499122386,True,"Equivalent solid rectangular section normal to +y. Actual trunnion bore, head curvature, taper, fillet and local 3D load transfer are NOT represented."
60,100,6000,5000000.0,1800000.0,100000.0,60000.0,2.5,112.37333333333333,53.50040781845257,165.8737411517859,11.237333333333334,415.1408742877456,0.2164545369482711,168.56,80.25061172767886,248.81061172767886,16.856,622.7113114316184,-0.0846480712072415,False,"Equivalent solid rectangular section normal to +y. Actual trunnion bore, head curvature, taper, fillet and local 3D load transfer are NOT represented."
60,100,6000,5000000.0,1800000.0,100000.0,60000.0,3.0,112.37333333333333,53.50040781845257,165.8737411517859,11.237333333333334,498.00172189917214,0.014052718681653031,168.56,80.25061172767886,248.81061172767886,16.856,747.0025828487582,-0.23695042950687495,False,"Equivalent solid rectangular section normal to +y. Actual trunnion bore, head curvature, taper, fillet and local 3D load transfer are NOT represented."
60,105,6300,5788125.0,1890000.0,110250.0,63000.0,1.5,101.92592592592594,50.95276935090721,152.87869527683316,10.702222222222222,230.06602853955167,1.195022025658096,152.88888888888889,76.42915402636082,229.3180429152497,16.053333333333335,345.09904280932744,0.6516997420793595,True,"Equivalent solid rectangular section normal to +y. Actual trunnion bore, head curvature, taper, fillet and local 3D load transfer are NOT represented."
60,105,6300,5788125.0,1890000.0,110250.0,63000.0,2.0,101.92592592592594,50.95276935090721,152.87869527683316,10.702222222222222,306.3187793127753,0.6486093380659359,152.88888888888889,76.42915402636082,229.3180429152497,16.053333333333335,459.4781689691628,0.24053771973278382,True,"Equivalent solid rectangular section normal to +y. Actual trunnion bore, head curvature, taper, fillet and local 3D load transfer are NOT represented."
60,105,6300,5788125.0,1890000.0,110250.0,63000.0,2.5,101.92592592592594,50.95276935090721,152.87869527683316,10.702222222222222,382.6459974521477,0.3197576960494757,152.88888888888889,76.42915402636082,229.3180429152497,16.053333333333335,573.9689961782215,-0.006915000992473552,False,"Equivalent solid rectangular section normal to +y. Actual trunnion bore, head curvature, taper, fillet and local 3D load transfer are NOT represented."
60,105,6300,5788125.0,1890000.0,110250.0,63000.0,3.0,101.92592592592594,50.95276935090721,152.87869527683316,10.702222222222222,459.0105357259273,0.10019261148622682,152.88888888888889,76.42915402636082,229.3180429152497,16.053333333333335,688.5158035888908,-0.17213229234699734,False,"Equivalent solid rectangular section normal to +y. Actual trunnion bore, head curvature, taper, fillet and local 3D load transfer are NOT represented."
60,110,6600,6655000.0,1980000.0,121000.0,66000.0,1.5,92.87052341597797,48.636734380411426,141.5072577963894,10.215757575757575,212.99711061164896,1.3709241808484007,139.30578512396696,72.95510157061715,212.2608866945841,15.323636363636364,319.4956659174734,0.7840617598463215,True,"Equivalent solid rectangular section normal to +y. Actual trunnion bore, head curvature, taper, fillet and local 3D load transfer are NOT represented."
60,110,6600,6655000.0,1980000.0,121000.0,66000.0,2.0,92.87052341597797,48.636734380411426,141.5072577963894,10.215757575757575,283.5671016615912,0.7808835970071968,139.30578512396696,72.95510157061715,212.2608866945841,15.323636363636364,425.35065249238676,0.34007082547076206,True,"Equivalent solid rectangular section normal to +y. Actual trunnion bore, head curvature, taper, fillet and local 3D load transfer are NOT represented."
60,110,6600,6655000.0,1980000.0,121000.0,66000.0,2.5,92.87052341597797,48.636734380411426,141.5072577963894,10.215757575757575,354.21036851725034,0.42570643009115106,139.30578512396696,72.95510157061715,212.2608866945841,15.323636363636364,531.3155527758754,0.0728087988804702,True,"Equivalent solid rectangular section normal to +y. Actual trunnion bore, head curvature, taper, fillet and local 3D load transfer are NOT represented."
60,110,6600,6655000.0,1980000.0,121000.0,66000.0,3.0,92.87052341597797,48.636734380411426,141.5072577963894,10.215757575757575,424.89036372930866,0.188541899532765,139.30578512396696,72.95510157061715,212.2608866945841,15.323636363636364,637.3355455939629,-0.10565163995554305,False,"Equivalent solid rectangular section normal to +y. Actual trunnion bore, head curvature, taper, fillet and local 3D load transfer are NOT represented."
60,115,6900,7604375.0,2070000.0,132250.0,69000.0,1.5,84.97038437303088,46.52209375517615,131.49247812820704,9.77159420289855,197.96354138948573,1.5509747727054028,127.45557655954632,69.78314063276422,197.23871719231053,14.657391304347826,296.94531208422853,0.9195453735208976,True,"Equivalent solid rectangular section normal to +y. Actual trunnion bore, head curvature, taper, fillet and local 3D load transfer are NOT represented."
60,115,6900,7604375.0,2070000.0,132250.0,69000.0,2.0,84.97038437303088,46.52209375517615,131.49247812820704,9.77159420289855,263.5290105035618,0.9162975606937005,127.45557655954632,69.78314063276422,197.23871719231053,14.657391304347826,395.2935157553427,0.44196648131407157,True,"Equivalent solid rectangular section normal to +y. Actual trunnion bore, head curvature, taper, fillet and local 3D load transfer are NOT represented."
60,115,6900,7604375.0,2070000.0,132250.0,69000.0,2.5,84.97038437303088,46.52209375517615,131.49247812820704,9.77159420289855,329.16660057887805,0.5341775232113413,127.45557655954632,69.78314063276422,197.23871719231053,14.657391304347826,493.74990086831707,0.15443061152536575,True,"Equivalent solid rectangular section normal to +y. Actual trunnion bore, head curvature, taper, fillet and local 3D load transfer are NOT represented."
60,115,6900,7604375.0,2070000.0,132250.0,69000.0,3.0,84.97038437303088,46.52209375517615,131.49247812820704,9.77159420289855,394.8403454543006,0.2789979692144948,127.45557655954632,69.78314063276422,197.23871719231053,14.657391304347826,592.2605181814508,-0.03758568653166727,False,"Equivalent solid rectangular section normal to +y. Actual trunnion bore, head curvature, taper, fillet and local 3D load transfer are NOT represented."
60,120,7200,8640000.0,2160000.0,144000.0,72000.0,1.5,78.03703703703704,44.58367318204381,122.62071021908085,9.364444444444445,184.64483543327393,1.7349803682025784,117.05555555555556,66.87550977306572,183.9310653286213,14.046666666666667,276.96725314991085,1.058005029538574,True,"Equivalent solid rectangular section normal to +y. Actual trunnion bore, head curvature, taper, fillet and local 3D load transfer are NOT represented."
60,120,7200,8640000.0,2160000.0,144000.0,72000.0,2.0,78.03703703703704,44.58367318204381,122.62071021908085,9.364444444444445,245.77720146056356,1.0547064455082515,117.05555555555556,66.87550977306572,183.9310653286213,14.046666666666667,368.6658021908454,0.5461157411745257,True,"Equivalent solid rectangular section normal to +y. Actual trunnion bore, head curvature, taper, fillet and local 3D load transfer are NOT represented."
60,120,7200,8640000.0,2160000.0,144000.0,72000.0,2.5,78.03703703703704,44.58367318204381,122.62071021908085,9.364444444444445,306.98056868588276,0.6450552624936343,117.05555555555556,66.87550977306572,183.9310653286213,14.046666666666667,460.47085302882425,0.2378633658367939,True,"Equivalent solid rectangular section normal to +y. Actual trunnion bore, head curvature, taper, fillet and local 3D load transfer are NOT represented."
60,120,7200,8640000.0,2160000.0,144000.0,72000.0,3.0,78.03703703703704,44.58367318204381,122.62071021908085,9.364444444444445,368.2195345591343,0.37146444608005846,117.05555555555556,66.87550977306572,183.9310653286213,14.046666666666667,552.3293018387013,0.031993048535489566,True,"Equivalent solid rectangular section normal to +y. Actual trunnion bore, head curvature, taper, fillet and local 3D load transfer are NOT represented."
65,70,4550,1857916.6666666667,1601979.1666666667,53083.333333333336,49291.66666666667,1.5,211.6923076923077,65.1230661526388,276.8153738449465,14.818461538461538,416.01556533399685,0.21389688771515614,317.53846153846155,97.68459922895819,415.2230607674197,22.22769230769231,624.0233480009952,-0.08657263894701106,False,"Equivalent solid rectangular section normal to +y. Actual trunnion bore, head curvature, taper, fillet and local 3D load transfer are NOT represented."
65,70,4550,1857916.6666666667,1601979.1666666667,53083.333333333336,49291.66666666667,2.0,211.6923076923077,65.1230661526388,276.8153738449465,14.818461538461538,554.2253740084178,-0.08881833332962874,317.53846153846155,97.68459922895819,415.2230607674197,22.22769230769231,831.3380610126266,-0.3143583498321958,False,"Equivalent solid rectangular section normal to +y. Actual trunnion bore, head curvature, taper, fillet and local 3D load transfer are NOT represented."
65,70,4550,1857916.6666666667,1601979.1666666667,53083.333333333336,49291.66666666667,2.5,211.6923076923077,65.1230661526388,276.8153738449465,14.818461538461538,692.514227570694,-0.2707731048768264,317.53846153846155,97.68459922895819,415.2230607674197,22.22769230769231,1038.771341356041,-0.4512748115904832,False,"Equivalent solid rectangular section normal to +y. Actual trunnion bore, head curvature, taper, fillet and local 3D load transfer are NOT represented."
65,70,4550,1857916.6666666667,1601979.1666666667,53083.333333333336,49291.66666666667,3.0,211.6923076923077,65.1230661526388,276.8153738449465,14.818461538461538,830.8426572940018,-0.392183350762525,317.53846153846155,97.68459922895819,415.2230607674197,22.22769230769231,1246.2639859410026,-0.5426330164153652,False,"Equivalent solid rectangular section normal to +y. Actual trunnion bore, head curvature, taper, fillet and local 3D load transfer are NOT represented."
65,75,4875,2285156.25,1716406.25,60937.5,52812.5,1.5,184.40752136752138,60.78152840912955,245.18904977665093,13.830564102564102,368.56290006392896,0.3701867440059903,276.61128205128205,91.17229261369432,367.78357466497636,20.745846153846156,552.8443500958933,0.031031609351042322,True,"Equivalent solid rectangular section normal to +y. Actual trunnion bore, head curvature, taper, fillet and local 3D load transfer are NOT represented."
65,75,4875,2285156.25,1716406.25,60937.5,52812.5,2.0,184.40752136752138,60.78152840912955,245.18904977665093,13.830564102564102,490.9628642083772,0.028591033691022893,276.61128205128205,91.17229261369432,367.78357466497636,20.745846153846156,736.4442963125657,-0.22601070732160644,False,"Equivalent solid rectangular section normal to +y. Actual trunnion bore, head curvature, taper, fillet and local 3D load transfer are NOT represented."
65,75,4875,2285156.25,1716406.25,60937.5,52812.5,2.5,184.40752136752138,60.78152840912955,245.18904977665093,13.830564102564102,613.4405365029618,-0.17677432456803122,276.61128205128205,91.17229261369432,367.78357466497636,20.745846153846156,920.1608047544428,-0.3805430561105978,False,"Equivalent solid rectangular section normal to +y. Actual trunnion bore, head curvature, taper, fillet and local 3D load transfer are NOT represented."
65,75,4875,2285156.25,1716406.25,60937.5,52812.5,3.0,184.40752136752138,60.78152840912955,245.18904977665093,13.830564102564102,735.9571214979705,-0.31381871953066964,276.61128205128205,91.17229261369432,367.78357466497636,20.745846153846156,1103.9356822469556,-0.48366557113198894,False,"Equivalent solid rectangular section normal to +y. Actual trunnion bore, head curvature, taper, fillet and local 3D load transfer are NOT represented."
65,80,5200,2773333.3333333335,1830833.3333333333,69333.33333333334,56333.33333333333,1.5,162.07692307692307,56.98268288355896,219.05960596048203,12.966153846153846,329.35598234235874,0.5332953614762732,243.11538461538458,85.47402432533843,328.58940894072305,19.44923076923077,494.03397351353806,0.15376680665541365,True,"Equivalent solid rectangular section normal to +y. Actual trunnion bore, head curvature, taper, fillet and local 3D load transfer are NOT represented."
65,80,5200,2773333.3333333335,1830833.3333333333,69333.33333333334,56333.33333333333,2.0,162.07692307692307,56.98268288355896,219.05960596048203,12.966153846153846,438.694434989701,0.15114293622588493,243.11538461538458,85.47402432533843,328.58940894072305,19.44923076923077,658.0416524845515,-0.1337934341270569,False,"Equivalent solid rectangular section normal to +y. Actual trunnion bore, head curvature, taper, fillet and local 3D load transfer are NOT represented."
65,80,5200,2773333.3333333335,1830833.3333333333,69333.33333333334,56333.33333333333,2.5,162.07692307692307,56.98268288355896,219.05960596048203,12.966153846153846,548.1093020182624,-0.0786509221053614,243.11538461538458,85.47402432533843,328.58940894072305,19.44923076923077,822.1639530273935,-0.3067076245545294,False,"Equivalent solid rectangular section normal to +y. Actual trunnion bore, head curvature, taper, fillet and local 3D load transfer are NOT represented."
65,80,5200,2773333.3333333335,1830833.3333333333,69333.33333333334,56333.33333333333,3.0,162.07692307692307,56.98268288355896,219.05960596048203,12.966153846153846,657.5624397034409,-0.2320120957216567,243.11538461538458,85.47402432533843,328.58940894072305,19.44923076923077,986.3436595551613,-0.4221081116321377,False,"Equivalent solid rectangular section normal to +y. Actual trunnion bore, head curvature, taper, fillet and local 3D load transfer are NOT represented."
65,85,5525,3326510.4166666665,1945260.4166666667,78270.83333333333,59854.16666666667,1.5,143.56986957679,53.63076036099665,197.20062993778666,12.20343891402715,296.55517323370015,0.7028871710224223,215.354804365185,80.44614054149498,295.80094490668,18.305158371040726,444.83275985055025,0.2813804455218225,True,"Equivalent solid rectangular section normal to +y. Actual trunnion bore, head curvature, taper, fillet and local 3D load transfer are NOT represented."
65,85,5525,3326510.4166666665,1945260.4166666667,78270.83333333333,59854.16666666667,2.0,143.56986957679,53.63076036099665,197.20062993778666,12.20343891402715,394.96724618052156,0.27858703445294664,215.354804365185,80.44614054149498,295.80094490668,18.305158371040726,592.4508692707823,-0.03789490476807966,False,"Equivalent solid rectangular section normal to +y. Actual trunnion bore, head curvature, taper, fillet and local 3D load transfer are NOT represented."
65,85,5525,3326510.4166666665,1945260.4166666667,78270.83333333333,59854.16666666667,2.5,143.56986957679,53.63076036099665,197.20062993778666,12.20343891402715,493.454480740736,0.02339733391808041,215.354804365185,80.44614054149498,295.80094490668,18.305158371040726,740.181721111104,-0.22991883784382072,False,"Equivalent solid rectangular section normal to +y. Actual trunnion bore, head curvature, taper, fillet and local 3D load transfer are NOT represented."
65,85,5525,3326510.4166666665,1945260.4166666667,78270.83333333333,59854.16666666667,3.0,143.56986957679,53.63076036099665,197.20062993778666,12.20343891402715,591.9793643318355,-0.14692972352171219,215.354804365185,80.44614054149498,295.80094490668,18.305158371040726,887.9690464977534,-0.3580857325509914,False,"Equivalent solid rectangular section normal to +y. Actual trunnion bore, head curvature, taper, fillet and local 3D load transfer are NOT represented."
65,90,5850,3948750.0,2059687.5,87750.0,63375.0,1.5,128.0607787274454,50.65127367427463,178.71205240172003,11.525470085470085,268.81034977796565,0.8786479033159413,192.0911680911681,75.97691051141193,268.06807860258004,17.288205128205128,403.21552466694845,0.4136360460595203,True,"Equivalent solid rectangular section normal to +y. Actual trunnion bore, head curvature, taper, fillet and local 3D load transfer are NOT represented."
65,90,5850,3948750.0,2059687.5,87750.0,63375.0,2.0,128.0607787274454,50.65127367427463,178.71205240172003,11.525470085470085,357.98114486186796,0.4106888232754866,192.0911680911681,75.97691051141193,268.06807860258004,17.288205128205128,536.9717172928019,0.06150842147462354,True,"Equivalent solid rectangular section normal to +y. Actual trunnion bore, head curvature, taper, fillet and local 3D load transfer are NOT represented."
65,90,5850,3948750.0,2059687.5,87750.0,63375.0,2.5,128.0607787274454,50.65127367427463,178.71205240172003,11.525470085470085,447.2258879384027,0.12918329108344162,192.0911680911681,75.97691051141193,268.06807860258004,17.288205128205128,670.8388319076041,-0.15031752354117278,False,"Equivalent solid rectangular section normal to +y. Actual trunnion bore, head curvature, taper, fillet and local 3D load transfer are NOT represented."
65,90,5850,3948750.0,2059687.5,87750.0,63375.0,3.0,128.0607787274454,50.65127367427463,178.71205240172003,11.525470085470085,536.5076778991977,-0.05872735693657216,192.0911680911681,75.97691051141193,268.06807860258004,17.288205128205128,804.7615168487966,-0.29171563492256924,False,"Equivalent solid rectangular section normal to +y. Actual trunnion bore, head curvature, taper, fillet and local 3D load transfer are NOT represented."
65,95,6175,4644114.583333333,2174114.5833333335,97770.83333333333,66895.83333333334,1.5,114.93543575538037,47.98541716510227,162.92085292048264,10.918866396761134,245.1119634818554,1.0602829532528428,172.40315363307053,71.9781257476534,244.38127938072392,16.3782995951417,367.66794522278303,0.5503119252199613,True,"Equivalent solid rectangular section normal to +y. Actual trunnion bore, head curvature, taper, fillet and local 3D load transfer are NOT represented."
65,95,6175,4644114.583333333,2174114.5833333335,97770.83333333333,66895.83333333334,2.0,114.93543575538037,47.98541716510227,162.92085292048264,10.918866396761134,326.3900767418046,0.5472284116023762,172.40315363307053,71.9781257476534,244.38127938072392,16.3782995951417,489.58511511270683,0.16425108199782779,True,"Equivalent solid rectangular section normal to +y. Actual trunnion bore, head curvature, taper, fillet and local 3D load transfer are NOT represented."
65,95,6175,4644114.583333333,2174114.5833333335,97770.83333333333,66895.83333333334,2.5,114.93543575538037,47.98541716510227,162.92085292048264,10.918866396761134,407.7409617726438,0.23853143869707116,172.40315363307053,71.9781257476534,244.38127938072392,16.3782995951417,611.6114426589656,-0.06803574909923349,False,"Equivalent solid rectangular section normal to +y. Actual trunnion bore, head curvature, taper, fillet and local 3D load transfer are NOT represented."
65,95,6175,4644114.583333333,2174114.5833333335,97770.83333333333,66895.83333333334,3.0,114.93543575538037,47.98541716510227,162.92085292048264,10.918866396761134,489.1283101367256,0.03244892911399422,172.40315363307053,71.9781257476534,244.38127938072392,16.3782995951417,733.6924652050882,-0.2231077365082813,False,"Equivalent solid rectangular section normal to +y. Actual trunnion bore, head curvature, taper, fillet and local 3D load transfer are NOT represented."
65,100,6500,5416666.666666667,2288541.6666666665,108333.33333333334,70416.66666666666,1.5,103.72923076923077,45.58614630684717,149.31537707607794,10.372923076923078,224.69251594137444,1.247515890256718,155.59384615384613,68.37921946027075,223.97306561411688,15.559384615384616,337.03877391206163,0.6912000758367385,True,"Equivalent solid rectangular section normal to +y. Actual trunnion bore, head curvature, taper, fillet and local 3D load transfer are NOT represented."
65,100,6500,5416666.666666667,2288541.6666666665,108333.33333333334,70416.66666666666,2.0,103.72923076923077,45.58614630684717,149.31537707607794,10.372923076923078,299.1707203670918,0.6879994117751538,155.59384615384613,68.37921946027075,223.97306561411688,15.559384615384616,448.7560805506377,0.2701777751971455,True,"Equivalent solid rectangular section normal to +y. Actual trunnion bore, head curvature, taper, fillet and local 3D load transfer are NOT represented."
65,100,6500,5416666.666666667,2288541.6666666665,108333.33333333334,70416.66666666666,2.5,103.72923076923077,45.58614630684717,149.31537707607794,10.372923076923078,373.7205560917812,0.35127702174342845,155.59384615384613,68.37921946027075,223.97306561411688,15.559384615384616,560.5808341376717,0.016802511410896948,True,"Equivalent solid rectangular section normal to +y. Actual trunnion bore, head curvature, taper, fillet and local 3D load transfer are NOT represented."
65,100,6500,5416666.666666667,2288541.6666666665,108333.33333333334,70416.66666666666,3.0,103.72923076923077,45.58614630684717,149.31537707607794,10.372923076923078,448.30628936233023,0.12646200149971287,155.59384615384613,68.37921946027075,223.97306561411688,15.559384615384616,672.4594340434952,-0.1523652265942752,False,"Equivalent solid rectangular section normal to +y. Actual trunnion bore, head curvature, taper, fillet and local 3D load transfer are NOT represented."
65,105,6825,6270468.75,2402968.75,119437.5,73937.5,1.5,94.08547008547009,43.41537743509254,137.50084752056262,9.878974358974359,206.95982534810975,1.4400870997575588,141.12820512820514,65.1230661526388,206.25127128084392,14.818461538461538,310.43973802216465,0.8361051443720242,True,"Equivalent solid rectangular section normal to +y. Actual trunnion bore, head curvature, taper, fillet and local 3D load transfer are NOT represented."
65,105,6825,6270468.75,2402968.75,119437.5,73937.5,2.0,94.08547008547009,43.41537743509254,137.50084752056262,9.878974358974359,275.5335091756497,0.8328079278301783,141.12820512820514,65.1230661526388,206.25127128084392,14.818461538461538,413.30026376347456,0.37914259915934223,True,"Equivalent solid rectangular section normal to +y. Actual trunnion bore, head curvature, taper, fillet and local 3D load transfer are NOT represented."
65,105,6825,6270468.75,2402968.75,119437.5,73937.5,2.5,94.08547008547009,43.41537743509254,137.50084752056262,9.878974358974359,344.1777180231343,0.46726523407902865,141.12820512820514,65.1230661526388,206.25127128084392,14.818461538461538,516.2665770347014,0.10408077019808082,True,"Equivalent solid rectangular section normal to +y. Actual trunnion bore, head curvature, taper, fillet and local 3D load transfer are NOT represented."
65,105,6825,6270468.75,2402968.75,119437.5,73937.5,3.0,94.08547008547009,43.41537743509254,137.50084752056262,9.878974358974359,412.8572756086695,0.22318299769692995,141.12820512820514,65.1230661526388,206.25127128084392,14.818461538461538,619.2859134130043,-0.07958507103993395,False,"Equivalent solid rectangular section normal to +y. Actual trunnion bore, head curvature, taper, fillet and local 3D load transfer are NOT represented."
65,110,7150,7209583.333333333,2517395.8333333335,131083.3333333333,77458.33333333334,1.5,85.72663699936429,41.44195118804287,127.16858818740715,9.42993006993007,191.45086273486103,1.6377525427993032,128.58995549904643,62.162926782064304,190.75288228111071,14.144895104895104,287.1762941022915,0.9848434975519511,True,"Equivalent solid rectangular section normal to +y. Actual trunnion bore, head curvature, taper, fillet and local 3D load transfer are NOT represented."
65,110,7150,7209583.333333333,2517395.8333333335,131083.3333333333,77458.33333333334,2.0,85.72663699936429,41.44195118804287,127.16858818740715,9.42993006993007,254.8610798644719,0.9814716325793844,128.58995549904643,62.162926782064304,190.75288228111071,14.144895104895104,382.2916197967078,0.4910083571884478,True,"Equivalent solid rectangular section normal to +y. Actual trunnion bore, head curvature, taper, fillet and local 3D load transfer are NOT represented."
65,110,7150,7209583.333333333,2517395.8333333335,131083.3333333333,77458.33333333334,2.5,85.72663699936429,41.44195118804287,127.16858818740715,9.42993006993007,318.3407484571147,0.5863504827690353,128.58995549904643,62.162926782064304,190.75288228111071,14.144895104895104,477.51112268567204,0.19368947218264054,True,"Equivalent solid rectangular section normal to +y. Actual trunnion bore, head curvature, taper, fillet and local 3D load transfer are NOT represented."
65,110,7150,7209583.333333333,2517395.8333333335,131083.3333333333,77458.33333333334,3.0,85.72663699936429,41.44195118804287,127.16858818740715,9.42993006993007,381.8552332200993,0.32249071393221085,128.58995549904643,62.162926782064304,190.75288228111071,14.144895104895104,572.782849830149,-0.0048584726846730986,False,"Equivalent solid rectangular section normal to +y. Actual trunnion bore, head curvature, taper, fillet and local 3D load transfer are NOT represented."
65,115,7475,8238072.916666667,2631822.9166666665,143270.83333333334,80979.16666666666,1.5,78.43420095972081,39.64012722334536,118.07432818306617,9.019933110367893,177.79920774762175,1.8402826221634552,117.6513014395812,59.46019083501804,177.11149227459924,13.52989966555184,266.6988116214327,1.1372423691526983,True,"Equivalent solid rectangular section normal to +y. Actual trunnion bore, head curvature, taper, fillet and local 3D load transfer are NOT represented."
65,115,7475,8238072.916666667,2631822.9166666665,143270.83333333334,80979.16666666666,2.0,78.43420095972081,39.64012722334536,118.07432818306617,9.019933110367893,236.6648801226667,1.1338189246256203,117.6513014395812,59.46019083501804,177.11149227459924,13.52989966555184,354.997320184,0.605645923480665,True,"Equivalent solid rectangular section normal to +y. Actual trunnion bore, head curvature, taper, fillet and local 3D load transfer are NOT represented."
65,115,7475,8238072.916666667,2631822.9166666665,143270.83333333334,80979.16666666666,2.5,78.43420095972081,39.64012722334536,118.07432818306617,9.019933110367893,295.5989617356794,0.7083957163948507,117.6513014395812,59.46019083501804,177.11149227459924,13.52989966555184,443.39844260351896,0.28552548956444235,True,"Equivalent solid rectangular section normal to +y. Actual trunnion bore, head curvature, taper, fillet and local 3D load transfer are NOT represented."
65,115,7475,8238072.916666667,2631822.9166666665,143270.83333333334,80979.16666666666,3.0,78.43420095972081,39.64012722334536,118.07432818306617,9.019933110367893,354.56734249347926,0.42427104664690685,117.6513014395812,59.46019083501804,177.11149227459924,13.52989966555184,531.8510137402191,0.07172870836796919,True,"Equivalent solid rectangular section normal to +y. Actual trunnion bore, head curvature, taper, fillet and local 3D load transfer are NOT represented."
65,120,7800,9360000.0,2746250.0,156000.0,84500.0,1.5,72.03418803418803,37.988455255705965,110.022643289894,8.644102564102564,165.71171084003237,2.0474611446592035,108.05128205128206,56.98268288355895,165.033964934841,12.966153846153846,248.56756626004858,1.2931390791494994,True,"Equivalent solid rectangular section normal to +y. Actual trunnion bore, head curvature, taper, fillet and local 3D load transfer are NOT represented."
65,120,7800,9360000.0,2746250.0,156000.0,84500.0,2.0,72.03418803418803,37.988455255705965,110.022643289894,8.644102564102564,220.55405159143464,1.2896881574204189,108.05128205128206,56.98268288355895,165.033964934841,12.966153846153846,330.83107738715194,0.7229336630094243,True,"Equivalent solid rectangular section normal to +y. Actual trunnion bore, head curvature, taper, fillet and local 3D load transfer are NOT represented."
65,120,7800,9360000.0,2746250.0,156000.0,84500.0,2.5,72.03418803418803,37.988455255705965,110.022643289894,8.644102564102564,275.46378937259885,0.8332718109708606,108.05128205128206,56.98268288355895,165.033964934841,12.966153846153846,413.1956840588984,0.3794916597404492,True,"Equivalent solid rectangular section normal to +y. Actual trunnion bore, head curvature, taper, fillet and local 3D load transfer are NOT represented."
65,120,7800,9360000.0,2746250.0,156000.0,84500.0,3.0,72.03418803418803,37.988455255705965,110.022643289894,8.644102564102564,330.4073241559174,0.5284164819593806,108.05128205128206,56.98268288355895,165.033964934841,12.966153846153846,495.61098623387613,0.15009557058329626,True,"Equivalent solid rectangular section normal to +y. Actual trunnion bore, head curvature, taper, fillet and local 3D load transfer are NOT represented."
70,70,4900,2000833.3333333333,2000833.3333333333,57166.666666666664,57166.666666666664,1.5,196.57142857142858,56.15203152957122,252.7234601009998,13.76,379.83364015342124,0.32952942187011636,294.8571428571429,84.22804729435681,379.0851901514997,20.64,569.7504602301318,0.00043798081315693516,True,"Equivalent solid rectangular section normal to +y. Actual trunnion bore, head curvature, taper, fillet and local 3D load transfer are NOT represented."
70,70,4900,2000833.3333333333,2000833.3333333333,57166.666666666664,57166.666666666664,2.0,196.57142857142858,56.15203152957122,252.7234601009998,13.76,506.0084998709869,-0.0019930492694174573,294.8571428571429,84.22804729435681,379.0851901514997,20.64,759.0127498064803,-0.24902447271758144,False,"Equivalent solid rectangular section normal to +y. Actual trunnion bore, head curvature, taper, fillet and local 3D load transfer are NOT represented."
70,70,4900,2000833.3333333333,2000833.3333333333,57166.666666666664,57166.666666666664,2.5,196.57142857142858,56.15203152957122,252.7234601009998,13.76,632.2580037721036,-0.2012754334668313,294.8571428571429,84.22804729435681,379.0851901514997,20.64,948.3870056581553,-0.3989795340938532,False,"Equivalent solid rectangular section normal to +y. Actual trunnion bore, head curvature, taper, fillet and local 3D load transfer are NOT represented."
70,70,4900,2000833.3333333333,2000833.3333333333,57166.666666666664,57166.666666666664,3.0,196.57142857142858,56.15203152957122,252.7234601009998,13.76,758.5448822375606,-0.3342516549444672,294.8571428571429,84.22804729435681,379.0851901514997,20.64,1137.817323356341,-0.4990408492651436,False,"Equivalent solid rectangular section normal to +y. Actual trunnion bore, head curvature, taper, fillet and local 3D load transfer are NOT represented."
70,75,5250,2460937.5,2143750.0,65625.0,61250.0,1.5,171.23555555555558,52.40856276093313,223.64411831648871,12.842666666666666,336.2028531866475,0.5020693465669148,256.85333333333335,78.61284414139969,335.46617747473306,19.264,504.3042797799712,0.13027000335728256,True,"Equivalent solid rectangular section normal to +y. Actual trunnion bore, head curvature, taper, fillet and local 3D load transfer are NOT represented."
70,75,5250,2460937.5,2143750.0,65625.0,61250.0,2.0,171.23555555555558,52.40856276093313,223.64411831648871,12.842666666666666,447.8410084969573,0.12763233026577803,256.85333333333335,78.61284414139969,335.46617747473306,19.264,671.7615127454359,-0.15148458316634528,False,"Equivalent solid rectangular section normal to +y. Actual trunnion bore, head curvature, taper, fillet and local 3D load transfer are NOT represented."
70,75,5250,2460937.5,2143750.0,65625.0,61250.0,2.5,171.23555555555558,52.40856276093313,223.64411831648871,12.842666666666666,559.5526115756059,-0.09749326595401797,256.85333333333335,78.61284414139969,335.46617747473306,19.264,839.3289173634088,-0.3208860219059937,False,"Equivalent solid rectangular section normal to +y. Actual trunnion bore, head curvature, taper, fillet and local 3D load transfer are NOT represented."
70,75,5250,2460937.5,2143750.0,65625.0,61250.0,3.0,171.23555555555558,52.40856276093313,223.64411831648871,12.842666666666666,671.3009959618485,-0.2477294044880275,256.85333333333335,78.61284414139969,335.46617747473306,19.264,1006.9514939427728,-0.43393499743653563,False,"Equivalent solid rectangular section normal to +y. Actual trunnion bore, head curvature, taper, fillet and local 3D load transfer are NOT represented."
70,80,5600,2986666.6666666665,2286666.6666666665,74666.66666666666,65333.33333333333,1.5,150.50000000000003,49.133027588374816,199.63302758837483,12.04,300.1748034632935,0.682353062860432,225.75000000000003,73.69954138256222,299.44954138256224,18.06,450.2622051949402,0.26592903739992924,True,"Equivalent solid rectangular section normal to +y. Actual trunnion bore, head curvature, taper, fillet and local 3D load transfer are NOT represented."
70,80,5600,2986666.6666666665,2286666.6666666665,74666.66666666666,65333.33333333333,2.0,150.50000000000003,49.133027588374816,199.63302758837483,12.04,399.8102895329275,0.2630990577805259,225.75000000000003,73.69954138256222,299.44954138256224,18.06,599.7154342993913,-0.04954922384831717,False,"Equivalent solid rectangular section normal to +y. Actual trunnion bore, head curvature, taper, fillet and local 3D load transfer are NOT represented."
70,80,5600,2986666.6666666665,2286666.6666666665,74666.66666666666,65333.33333333333,2.5,150.50000000000003,49.133027588374816,199.63302758837483,12.04,499.5180631875389,0.010974451609376379,225.75000000000003,73.69954138256222,299.44954138256224,18.06,749.2770947813085,-0.2392667492840337,False,"Equivalent solid rectangular section normal to +y. Actual trunnion bore, head curvature, taper, fillet and local 3D load transfer are NOT represented."
70,80,5600,2986666.6666666665,2286666.6666666665,74666.66666666666,65333.33333333333,3.0,150.50000000000003,49.133027588374816,199.63302758837483,12.04,599.2620429635999,-0.15729686882458793,225.75000000000003,73.69954138256222,299.44954138256224,18.06,898.8930644453998,-0.3658867527788977,False,"Equivalent solid rectangular section normal to +y. Actual trunnion bore, head curvature, taper, fillet and local 3D load transfer are NOT represented."
70,85,5950,3582395.8333333335,2429583.3333333335,84291.66666666667,69416.66666666667,1.5,133.31487889273356,46.242849494941,179.55772838767456,11.331764705882353,270.0507855523989,0.8700186298921655,199.97231833910033,69.36427424241148,269.3365925815118,16.997647058823528,405.0761783285983,0.4071427314040059,True,"Equivalent solid rectangular section normal to +y. Actual trunnion bore, head curvature, taper, fillet and local 3D load transfer are NOT represented."
70,85,5950,3582395.8333333335,2429583.3333333335,84291.66666666667,69416.66666666667,2.0,133.31487889273356,46.242849494941,179.55772838767456,11.331764705882353,359.6514117433937,0.40413740502792894,199.97231833910033,69.36427424241148,269.3365925815118,16.997647058823528,539.4771176150904,0.05657864140715474,True,"Equivalent solid rectangular section normal to +y. Actual trunnion bore, head curvature, taper, fillet and local 3D load transfer are NOT represented."
70,85,5950,3582395.8333333335,2429583.3333333335,84291.66666666667,69416.66666666667,2.5,133.31487889273356,46.242849494941,179.55772838767456,11.331764705882353,449.32320001579643,0.12391258671318606,199.97231833910033,69.36427424241148,269.3365925815118,16.997647058823528,673.9848000236946,-0.15428359811681047,False,"Equivalent solid rectangular section normal to +y. Actual trunnion bore, head curvature, taper, fillet and local 3D load transfer are NOT represented."
70,85,5950,3582395.8333333335,2429583.3333333335,84291.66666666667,69416.66666666667,3.0,133.31487889273356,46.242849494941,179.55772838767456,11.331764705882353,539.0306365019762,-0.06313302843566937,199.97231833910033,69.36427424241148,269.3365925815118,16.997647058823528,808.5459547529642,-0.295030793674365,False,"Equivalent solid rectangular section normal to +y. Actual trunnion bore, head curvature, taper, fillet and local 3D load transfer are NOT represented."
70,90,6300,4252500.0,2572500.0,94500.0,73500.0,1.5,118.91358024691358,43.67380230077761,162.5873825476912,10.702222222222222,244.58452700411644,1.064725868744349,178.37037037037038,65.5107034511664,243.8810738215368,16.053333333333335,366.87679050617464,0.5536551091541637,True,"Equivalent solid rectangular section normal to +y. Actual trunnion bore, head curvature, taper, fillet and local 3D load transfer are NOT represented."
70,90,6300,4252500.0,2572500.0,94500.0,73500.0,2.0,118.91358024691358,43.67380230077761,162.5873825476912,10.702222222222222,325.7026873335843,0.5504938081237862,178.37037037037038,65.5107034511664,243.8810738215368,16.053333333333335,488.55403100037654,0.16670821205354192,True,"Equivalent solid rectangular section normal to +y. Actual trunnion bore, head curvature, taper, fillet and local 3D load transfer are NOT represented."
70,90,6300,4252500.0,2572500.0,94500.0,73500.0,2.5,118.91358024691358,43.67380230077761,162.5873825476912,10.702222222222222,406.8909174516734,0.24111888061492315,178.37037037037038,65.5107034511664,243.8810738215368,16.053333333333335,610.33637617751,-0.06608876310164191,False,"Equivalent solid rectangular section normal to +y. Actual trunnion bore, head curvature, taper, fillet and local 3D load transfer are NOT represented."
70,90,6300,4252500.0,2572500.0,94500.0,73500.0,3.0,118.91358024691358,43.67380230077761,162.5873825476912,10.702222222222222,488.1142544065529,0.03459383830938667,178.37037037037038,65.5107034511664,243.8810738215368,16.053333333333335,732.1713816098293,-0.22149374543056044,False,"Equivalent solid rectangular section normal to +y. Actual trunnion bore, head curvature, taper, fillet and local 3D load transfer are NOT represented."
70,95,6650,5001354.166666667,2715416.6666666665,105291.66666666667,77583.33333333333,1.5,106.72576177285319,41.37518112705247,148.10094289990565,10.138947368421052,222.84444273721823,1.266154784014534,160.08864265927977,62.06277169057871,222.15141434985847,15.208421052631579,334.2666641058274,0.7052253820307384,True,"Equivalent solid rectangular section normal to +y. Actual trunnion bore, head curvature, taper, fillet and local 3D load transfer are NOT represented."
70,95,6650,5001354.166666667,2715416.6666666665,105291.66666666667,77583.33333333333,2.0,106.72576177285319,41.37518112705247,148.10094289990565,10.138947368421052,296.722011169686,0.7019296883614283,160.08864265927977,62.06277169057871,222.15141434985847,15.208421052631579,445.083016754529,0.28065996351949063,True,"Equivalent solid rectangular section normal to +y. Actual trunnion bore, head curvature, taper, fillet and local 3D load transfer are NOT represented."
70,95,6650,5001354.166666667,2715416.6666666665,105291.66666666667,77583.33333333333,2.5,106.72576177285319,41.37518112705247,148.10094289990565,10.138947368421052,370.66858891768237,0.3624030066171855,160.08864265927977,62.06277169057871,222.15141434985847,15.208421052631579,556.0028833765236,0.025174539632733417,True,"Equivalent solid rectangular section normal to +y. Actual trunnion bore, head curvature, taper, fillet and local 3D load transfer are NOT represented."
70,95,6650,5001354.166666667,2715416.6666666665,105291.66666666667,77583.33333333333,3.0,106.72576177285319,41.37518112705247,148.10094289990565,10.138947368421052,444.6497479497642,0.13572537110052307,160.08864265927977,62.06277169057871,222.15141434985847,15.208421052631579,666.9746219246464,-0.14539477026099268,False,"Equivalent solid rectangular section normal to +y. Actual trunnion bore, head curvature, taper, fillet and local 3D load transfer are NOT represented."
70,100,7000,5833333.333333333,2858333.3333333335,116666.66666666666,81666.66666666667,1.5,96.32000000000001,39.306422070699846,135.62642207069985,9.632,204.12253817333388,1.4740041179145602,144.48000000000002,58.959633106049765,203.43963310604977,14.448,306.18380726000083,0.8616268610050155,True,"Equivalent solid rectangular section normal to +y. Actual trunnion bore, head curvature, taper, fillet and local 3D load transfer are NOT represented."
70,100,7000,5833333.333333333,2858333.3333333335,116666.66666666666,81666.66666666667,2.0,96.32000000000001,39.306422070699846,135.62642207069985,9.632,271.7653983250967,0.8582203735734548,144.48000000000002,58.959633106049765,203.43963310604977,14.448,407.6480974876451,0.3982648355602234,True,"Equivalent solid rectangular section normal to +y. Actual trunnion bore, head curvature, taper, fillet and local 3D load transfer are NOT represented."
70,100,7000,5833333.333333333,2858333.3333333335,116666.66666666666,81666.66666666667,2.5,96.32000000000001,39.306422070699846,135.62642207069985,9.632,339.47623782103307,0.4875857092131104,144.48000000000002,58.959633106049765,203.43963310604977,14.448,509.2143567315496,0.11937142475441953,True,"Equivalent solid rectangular section normal to +y. Actual trunnion bore, head curvature, taper, fillet and local 3D load transfer are NOT represented."
70,100,7000,5833333.333333333,2858333.3333333335,116666.66666666666,81666.66666666667,3.0,96.32000000000001,39.306422070699846,135.62642207069985,9.632,407.2211482048748,0.24011241121969484,144.48000000000002,58.959633106049765,203.43963310604977,14.448,610.8317223073121,-0.0668461064089424,False,"Equivalent solid rectangular section normal to +y. Actual trunnion bore, head curvature, taper, fillet and local 3D load transfer are NOT represented."
70,105,7350,6752812.5,3001250.0,128625.0,85750.0,1.5,87.36507936507937,37.434687686380805,124.79976705146018,9.173333333333334,187.87272103622564,1.6879900243879784,131.04761904761904,56.15203152957121,187.19965057719025,13.76,281.80908155433843,1.0226459589454096,True,"Equivalent solid rectangular section normal to +y. Actual trunnion bore, head curvature, taper, fillet and local 3D load transfer are NOT represented."
70,105,7350,6752812.5,3001250.0,128625.0,85750.0,2.0,87.36507936507937,37.434687686380805,124.79976705146018,9.173333333333334,250.1047331773796,1.019154110297638,131.04761904761904,56.15203152957121,187.19965057719025,13.76,375.15709976606934,0.5193634889368366,True,"Equivalent solid rectangular section normal to +y. Actual trunnion bore, head curvature, taper, fillet and local 3D load transfer are NOT represented."
70,105,7350,6752812.5,3001250.0,128625.0,85750.0,2.5,87.36507936507937,37.434687686380805,124.79976705146018,9.173333333333334,312.4037239437942,0.616498016172357,131.04761904761904,56.15203152957121,187.19965057719025,13.76,468.6055859156913,0.2163747448425657,True,"Equivalent solid rectangular section normal to +y. Actual trunnion bore, head curvature, taper, fillet and local 3D load transfer are NOT represented."
70,105,7350,6752812.5,3001250.0,128625.0,85750.0,3.0,87.36507936507937,37.434687686380805,124.79976705146018,9.173333333333334,374.7362897268182,0.347614345992868,131.04761904761904,56.15203152957121,187.19965057719025,13.76,562.1044345902274,0.014046438568890762,True,"Equivalent solid rectangular section normal to +y. Actual trunnion bore, head curvature, taper, fillet and local 3D load transfer are NOT represented."
70,110,7700,7764166.666666667,3144166.6666666665,141166.6666666667,89833.33333333333,1.5,79.60330578512396,35.7331109733635,115.33641675848747,8.756363636363636,173.66813764028103,1.907844852036169,119.40495867768594,53.59966646004525,173.00462513773118,13.134545454545455,260.5022064604215,1.1880812747994938,True,"Equivalent solid rectangular section normal to +y. Actual trunnion bore, head curvature, taper, fillet and local 3D load transfer are NOT represented."
70,110,7700,7764166.666666667,3144166.6666666665,141166.6666666667,89833.33333333333,2.0,79.60330578512396,35.7331109733635,115.33641675848747,8.756363636363636,231.1708844883947,1.1845311580548636,119.40495867768594,53.59966646004525,173.00462513773118,13.134545454545455,346.756326732592,0.643805623882868,True,"Equivalent solid rectangular section normal to +y. Actual trunnion bore, head curvature, taper, fillet and local 3D load transfer are NOT represented."
70,110,7700,7764166.666666667,3144166.6666666665,141166.6666666667,89833.33333333333,2.5,79.60330578512396,35.7331109733635,115.33641675848747,8.756363636363636,288.7396373104906,0.748980516509266,119.40495867768594,53.59966646004525,173.00462513773118,13.134545454545455,433.1094559657358,0.31606454707627973,True,"Equivalent solid rectangular section normal to +y. Actual trunnion bore, head curvature, taper, fillet and local 3D load transfer are NOT represented."
70,110,7700,7764166.666666667,3144166.6666666665,141166.6666666667,89833.33333333333,3.0,79.60330578512396,35.7331109733635,115.33641675848747,8.756363636363636,346.3414832049206,0.4580985082321356,119.40495867768594,53.59966646004525,173.00462513773118,13.134545454545455,519.5122248073808,0.09718303589744881,True,"Equivalent solid rectangular section normal to +y. Actual trunnion bore, head curvature, taper, fillet and local 3D load transfer are NOT represented."
70,115,8050,8871770.833333334,3287083.3333333335,154291.6666666667,93916.66666666667,1.5,72.83175803402646,34.17949745278248,107.01125548680895,8.375652173913043,161.1711030239512,2.1333160257949797,109.24763705103969,51.26924617917371,160.5168832302134,12.563478260869566,241.75665453592677,1.3577427520833512,True,"Equivalent solid rectangular section normal to +y. Actual trunnion bore, head curvature, taper, fillet and local 3D load transfer are NOT represented."
70,115,8050,8871770.833333334,3287083.3333333335,154291.6666666667,93916.66666666667,2.0,72.83175803402646,34.17949745278248,107.01125548680895,8.375652173913043,214.51361227546266,1.354162957973576,109.24763705103969,51.26924617917371,160.5168832302134,12.563478260869566,321.7704184131939,0.7714493545147705,True,"Equivalent solid rectangular section normal to +y. Actual trunnion bore, head curvature, taper, fillet and local 3D load transfer are NOT represented."
70,115,8050,8871770.833333334,3287083.3333333335,154291.6666666667,93916.66666666667,2.5,72.83175803402646,34.17949745278248,107.01125548680895,8.375652173913043,267.92118179309654,0.8848826980391149,109.24763705103969,51.26924617917371,160.5168832302134,12.563478260869566,401.8817726896448,0.41832757476210647,True,"Equivalent solid rectangular section normal to +y. Actual trunnion bore, head curvature, taper, fillet and local 3D load transfer are NOT represented."
70,115,8050,8871770.833333334,3287083.3333333335,154291.6666666667,93916.66666666667,3.0,72.83175803402646,34.17949745278248,107.01125548680895,8.375652173913043,321.3613757995553,0.5714396253860539,109.24763705103969,51.26924617917371,160.5168832302134,12.563478260869566,482.0420636993329,0.18246942108257524,True,"Equivalent solid rectangular section normal to +y. Actual trunnion bore, head curvature, taper, fillet and local 3D load transfer are NOT represented."
70,120,8400,10080000.0,3430000.0,168000.0,98000.0,1.5,66.88888888888889,32.75535172558321,99.6442406144721,8.026666666666667,150.1115424626356,2.364165018327621,100.33333333333333,49.13302758837481,149.46636092170814,12.04,225.16731369395342,1.5314509048801903,True,"Equivalent solid rectangular section normal to +y. Actual trunnion bore, head curvature, taper, fillet and local 3D load transfer are NOT represented."
70,120,8400,10080000.0,3430000.0,168000.0,98000.0,2.0,66.88888888888889,32.75535172558321,99.6442406144721,8.026666666666667,199.77282318641988,1.5278713688135372,100.33333333333333,49.13302758837481,149.46636092170814,12.04,299.6592347796298,0.9021606339587016,True,"Equivalent solid rectangular section normal to +y. Actual trunnion bore, head curvature, taper, fillet and local 3D load transfer are NOT represented."
70,120,8400,10080000.0,3430000.0,168000.0,98000.0,2.5,66.88888888888889,32.75535172558321,99.6442406144721,8.026666666666667,249.49824434462639,1.0240623389014902,100.33333333333333,49.13302758837481,149.46636092170814,12.04,374.2473665169396,0.5230568094704282,True,"Equivalent solid rectangular section normal to +y. Actual trunnion bore, head curvature, taper, fillet and local 3D load transfer are NOT represented."
70,120,8400,10080000.0,3430000.0,168000.0,98000.0,3.0,66.88888888888889,32.75535172558321,99.6442406144721,8.026666666666667,299.25583423226124,0.6875193136854758,100.33333333333333,49.13302758837481,149.46636092170814,12.04,448.8837513483919,0.2698165132682786,True,"Equivalent solid rectangular section normal to +y. Actual trunnion bore, head curvature, taper, fillet and local 3D load transfer are NOT represented."
75,70,5250,2143750.0,2460937.5,61250.0,65625.0,1.5,183.46666666666667,48.91465857687092,232.3813252435376,12.842666666666666,349.28102293955885,0.445827190237551,275.2,73.37198786530638,348.57198786530637,19.264,523.9215344093384,0.08794917285201831,True,"Equivalent solid rectangular section normal to +y. Actual trunnion bore, head curvature, taper, fillet and local 3D load transfer are NOT represented."
75,70,5250,2143750.0,2460937.5,61250.0,65625.0,2.0,183.46666666666667,48.91465857687092,232.3813252435376,12.842666666666666,465.2946631427278,0.08533374655340209,275.2,73.37198786530638,348.57198786530637,19.264,697.9419947140917,-0.18331322041526166,False,"Equivalent solid rectangular section normal to +y. Actual trunnion bore, head curvature, taper, fillet and local 3D load transfer are NOT represented."
75,70,5250,2143750.0,2460937.5,61250.0,65625.0,2.5,183.46666666666667,48.91465857687092,232.3813252435376,12.842666666666666,581.3790108642346,-0.13137559051314096,275.2,73.37198786530638,348.57198786530637,19.264,872.0685162963518,-0.3463816324653337,False,"Equivalent solid rectangular section normal to +y. Actual trunnion bore, head curvature, taper, fillet and local 3D load transfer are NOT represented."
75,70,5250,2143750.0,2460937.5,61250.0,65625.0,3.0,183.46666666666667,48.91465857687092,232.3813252435376,12.842666666666666,697.4987635536127,-0.27598437963226063,275.2,73.37198786530638,348.57198786530637,19.264,1046.2481453304192,-0.45519616685199826,False,"Equivalent solid rectangular section normal to +y. Actual trunnion bore, head curvature, taper, fillet and local 3D load transfer are NOT represented."
75,75,5625,2636718.75,2636718.75,70312.5,70312.5,1.5,159.81985185185187,45.65368133841286,205.47353319026473,11.98648888888889,308.9087513189853,0.6347869649006057,239.72977777777777,68.48052200761929,308.21029978539707,17.979733333333332,463.36312697847796,0.23013672606382207,True,"Equivalent solid rectangular section normal to +y. Actual trunnion bore, head curvature, taper, fillet and local 3D load transfer are NOT represented."
75,75,5625,2636718.75,2636718.75,70312.5,70312.5,2.0,159.81985185185187,45.65368133841286,205.47353319026473,11.98648888888889,411.47116437778925,0.22730349953839757,239.72977777777777,68.48052200761929,308.21029978539707,17.979733333333332,617.2067465666838,-0.0764844953968492,False,"Equivalent solid rectangular section normal to +y. Actual trunnion bore, head curvature, taper, fillet and local 3D load transfer are NOT represented."
75,75,5625,2636718.75,2636718.75,70312.5,70312.5,2.5,159.81985185185187,45.65368133841286,205.47353319026473,11.98648888888889,514.1032075451564,-0.0177069650831867,239.72977777777777,68.48052200761929,308.21029978539707,17.979733333333332,771.1548113177344,-0.26084880540913036,False,"Equivalent solid rectangular section normal to +y. Actual trunnion bore, head curvature, taper, fillet and local 3D load transfer are NOT represented."
75,75,5625,2636718.75,2636718.75,70312.5,70312.5,3.0,159.81985185185187,45.65368133841286,205.47353319026473,11.98648888888889,616.7701219440414,-0.18121844422642464,239.72977777777777,68.48052200761929,308.21029978539707,17.979733333333332,925.1551829160621,-0.38388714615057695,False,"Equivalent solid rectangular section normal to +y. Actual trunnion bore, head curvature, taper, fillet and local 3D load transfer are NOT represented."
75,80,6000,3200000.0,2812500.0,80000.0,75000.0,1.5,140.46666666666667,42.800326254762055,183.2669929214287,11.237333333333334,275.5886645779813,0.8324411157234075,210.7,64.20048938214309,274.90048938214306,16.856,413.38299686697195,0.37886658212850466,True,"Equivalent solid rectangular section normal to +y. Actual trunnion bore, head curvature, taper, fillet and local 3D load transfer are NOT represented."
75,80,6000,3200000.0,2812500.0,80000.0,75000.0,2.0,140.46666666666667,42.800326254762055,183.2669929214287,11.237333333333334,367.05039948103223,0.37583285759670315,210.7,64.20048938214309,274.90048938214306,16.856,550.5755992215484,0.03528017007276674,True,"Equivalent solid rectangular section normal to +y. Actual trunnion bore, head curvature, taper, fillet and local 3D load transfer are NOT represented."
75,80,6000,3200000.0,2812500.0,80000.0,75000.0,2.5,140.46666666666667,42.800326254762055,183.2669929214287,11.237333333333334,458.58071789132947,0.10122379833613193,210.7,64.20048938214309,274.90048938214306,16.856,687.8710768369941,-0.17135634976687097,False,"Equivalent solid rectangular section normal to +y. Actual trunnion bore, head curvature, taper, fillet and local 3D load transfer are NOT represented."
75,80,6000,3200000.0,2812500.0,80000.0,75000.0,3.0,140.46666666666667,42.800326254762055,183.2669929214287,11.237333333333334,550.145389175898,-0.0820608334889883,210.7,64.20048938214309,274.90048938214306,16.856,825.2180837638472,-0.3092734984669616,False,"Equivalent solid rectangular section normal to +y. Actual trunnion bore, head curvature, taper, fillet and local 3D load transfer are NOT represented."
75,85,6375,3838281.25,2988281.25,90312.5,79687.5,1.5,124.42722029988467,40.28266000448193,164.7098803043666,10.576313725490197,247.74301351054729,1.0384025884084127,186.64083044982698,60.4239900067229,247.06482045654988,15.864470588235294,371.61452026582083,0.533847492267717,True,"Equivalent solid rectangular section normal to +y. Actual trunnion bore, head curvature, taper, fillet and local 3D load transfer are NOT represented."
75,85,6375,3838281.25,2988281.25,90312.5,79687.5,2.0,124.42722029988467,40.28266000448193,164.7098803043666,10.576313725490197,329.92871035357786,0.5306336919233303,186.64083044982698,60.4239900067229,247.06482045654988,15.864470588235294,494.8930655303667,0.15176396619973387,True,"Equivalent solid rectangular section normal to +y. Actual trunnion bore, head curvature, taper, fillet and local 3D load transfer are NOT represented."
75,85,6375,3838281.25,2988281.25,90312.5,79687.5,2.5,124.42722029988467,40.28266000448193,164.7098803043666,10.576313725490197,412.18197367522316,0.22518701023522292,186.64083044982698,60.4239900067229,247.06482045654988,15.864470588235294,618.2729605128346,-0.07807710120913902,False,"Equivalent solid rectangular section normal to +y. Actual trunnion bore, head curvature, taper, fillet and local 3D load transfer are NOT represented."
75,85,6375,3838281.25,2988281.25,90312.5,79687.5,3.0,124.42722029988467,40.28266000448193,164.7098803043666,10.576313725490197,494.46908625814916,0.021297415823388732,186.64083044982698,60.4239900067229,247.06482045654988,15.864470588235294,741.7036293872236,-0.23149897423190546,False,"Equivalent solid rectangular section normal to +y. Actual trunnion bore, head curvature, taper, fillet and local 3D load transfer are NOT represented."
75,90,6750,4556250.0,3164062.5,101250.0,84375.0,1.5,110.98600823045268,38.04473444867738,149.03074267913007,9.988740740740742,224.21460683375793,1.2523064270046782,166.47901234567902,57.067101673016076,223.5461140186951,14.98311111111111,336.32191025063685,0.6948048361619361,True,"Equivalent solid rectangular section normal to +y. Actual trunnion bore, head curvature, taper, fillet and local 3D load transfer are NOT represented."
75,90,6750,4556250.0,3164062.5,101250.0,84375.0,2.0,110.98600823045268,38.04473444867738,149.03074267913007,9.988740740740742,298.56318238980765,0.6914342751768567,166.47901234567902,57.067101673016076,223.5461140186951,14.98311111111111,447.84477358471145,0.2727624248855558,True,"Equivalent solid rectangular section normal to +y. Actual trunnion bore, head curvature, taper, fillet and local 3D load transfer are NOT represented."
75,90,6750,4556250.0,3164062.5,101250.0,84375.0,2.5,110.98600823045268,38.04473444867738,149.03074267913007,9.988740740740742,372.9783357939023,0.35396603914027125,166.47901234567902,57.067101673016076,223.5461140186951,14.98311111111111,559.4675036908535,0.01882593044218428,True,"Equivalent solid rectangular section normal to +y. Actual trunnion bore, head curvature, taper, fillet and local 3D load transfer are NOT represented."
75,90,6750,4556250.0,3164062.5,101250.0,84375.0,3.0,110.98600823045268,38.04473444867738,149.03074267913007,9.988740740740742,447.42684898896596,0.12867612022195352,166.47901234567902,57.067101673016076,223.5461140186951,14.98311111111111,671.1402734834489,-0.15069915706070824,False,"Equivalent solid rectangular section normal to +y. Actual trunnion bore, head curvature, taper, fillet and local 3D load transfer are NOT represented."
75,95,7125,5358593.75,3339843.75,112812.5,89062.5,1.5,99.61071098799631,36.042380004010155,135.65309099200647,9.46301754385965,204.13869934042089,1.4738082569922915,149.41606648199445,54.063570006015226,203.47963648800967,14.194526315789474,306.2080490106313,0.8614794805090509,True,"Equivalent solid rectangular section normal to +y. Actual trunnion bore, head curvature, taper, fillet and local 3D load transfer are NOT represented."
75,95,7125,5358593.75,3339843.75,112812.5,89062.5,2.0,99.61071098799631,36.042380004010155,135.65309099200647,9.46301754385965,271.8008287070673,0.8579781467269276,149.41606648199445,54.063570006015226,203.47963648800967,14.194526315789474,407.70124306060086,0.398082565853926,True,"Equivalent solid rectangular section normal to +y. Actual trunnion bore, head curvature, taper, fillet and local 3D load transfer are NOT represented."
75,95,7125,5358593.75,3339843.75,112812.5,89062.5,2.5,99.61071098799631,36.042380004010155,135.65309099200647,9.46301754385965,339.52857457236365,0.48735640479169584,149.41606648199445,54.063570006015226,203.47963648800967,14.194526315789474,509.2928618585454,0.1191988788531575,True,"Equivalent solid rectangular section normal to +y. Actual trunnion bore, head curvature, taper, fillet and local 3D load transfer are NOT represented."
75,95,7125,5358593.75,3339843.75,112812.5,89062.5,3.0,99.61071098799631,36.042380004010155,135.65309099200647,9.46301754385965,407.2892043306285,0.2399051942217747,149.41606648199445,54.063570006015226,203.47963648800967,14.194526315789474,610.9338064959427,-0.06700203207074373,False,"Equivalent solid rectangular section normal to +y. Actual trunnion bore, head curvature, taper, fillet and local 3D load transfer are NOT represented."
75,100,7500,6250000.0,3515625.0,125000.0,93750.0,1.5,89.89866666666667,34.24026100380964,124.1389276704763,8.989866666666666,186.8582836675933,1.7025828884223118,134.848,51.36039150571447,186.20839150571447,13.4848,280.28742550139,1.0336267279217393,True,"Equivalent solid rectangular section normal to +y. Actual trunnion bore, head curvature, taper, fillet and local 3D load transfer are NOT represented."
75,100,7500,6250000.0,3515625.0,125000.0,93750.0,2.0,89.89866666666667,34.24026100380964,124.1389276704763,8.989866666666666,248.76564586123288,1.0300230695105723,134.848,51.36039150571447,186.20839150571447,13.4848,373.1484687918493,0.5275421117109258,True,"Equivalent solid rectangular section normal to +y. Actual trunnion bore, head curvature, taper, fillet and local 3D load transfer are NOT represented."
75,100,7500,6250000.0,3515625.0,125000.0,93750.0,2.5,89.89866666666667,34.24026100380964,124.1389276704763,8.989866666666666,310.7376894229307,0.6251649451916592,134.848,51.36039150571447,186.20839150571447,13.4848,466.1065341343961,0.22289639440164444,True,"Equivalent solid rectangular section normal to +y. Actual trunnion bore, head curvature, taper, fillet and local 3D load transfer are NOT represented."
75,100,7500,6250000.0,3515625.0,125000.0,93750.0,3.0,89.89866666666667,34.24026100380964,124.1389276704763,8.989866666666666,372.74215401083234,0.35482395689896684,134.848,51.36039150571447,186.20839150571447,13.4848,559.1132310162486,0.01947149232001455,True,"Equivalent solid rectangular section normal to +y. Actual trunnion bore, head curvature, taper, fillet and local 3D load transfer are NOT represented."
75,105,7875,7235156.25,3691406.25,137812.5,98437.5,1.5,81.54074074074074,32.609772384580616,114.15051312532137,8.561777777777777,171.8667400092002,1.9383230284868778,122.31111111111112,48.91465857687092,171.22576968798205,12.842666666666666,257.8001100138003,1.2110153481683437,True,"Equivalent solid rectangular section normal to +y. Actual trunnion bore, head curvature, taper, fillet and local 3D load transfer are NOT represented."
75,105,7875,7235156.25,3691406.25,137812.5,98437.5,2.0,81.54074074074074,32.609772384580616,114.15051312532137,8.561777777777777,228.7821468192936,1.207340070109931,122.31111111111112,48.91465857687092,171.22576968798205,12.842666666666666,343.1732202289404,0.6609687656272745,True,"Equivalent solid rectangular section normal to +y. Actual trunnion bore, head curvature, taper, fillet and local 3D load transfer are NOT represented."
75,105,7875,7235156.25,3691406.25,137812.5,98437.5,2.5,81.54074074074074,32.609772384580616,114.15051312532137,8.561777777777777,285.76132507476706,0.7672090506574709,122.31111111111112,48.91465857687092,171.22576968798205,12.842666666666666,428.64198761215056,0.3297810678214632,True,"Equivalent solid rectangular section normal to +y. Actual trunnion bore, head curvature, taper, fillet and local 3D load transfer are NOT represented."
75,105,7875,7235156.25,3691406.25,137812.5,98437.5,3.0,81.54074074074074,32.609772384580616,114.15051312532137,8.561777777777777,342.7724740073445,0.4732804944809528,122.31111111111112,48.91465857687092,171.22576968798205,12.842666666666666,514.1587110110167,0.10860710475794466,True,"Equivalent solid rectangular section normal to +y. Actual trunnion bore, head curvature, taper, fillet and local 3D load transfer are NOT represented."
75,110,8250,8318750.0,3867187.5,151250.0,103125.0,1.5,74.29641873278237,31.127510003463314,105.42392873624568,8.17260606060606,158.7681805570053,2.1807380939197767,111.44462809917356,46.69126500519497,158.13589310436853,12.258909090909091,238.15227083550798,1.3934266845336931,True,"Equivalent solid rectangular section normal to +y. Actual trunnion bore, head curvature, taper, fillet and local 3D load transfer are NOT represented."
75,110,8250,8318750.0,3867187.5,151250.0,103125.0,2.0,74.29641873278237,31.127510003463314,105.42392873624568,8.17260606060606,211.3224869014313,1.389712554516505,111.44462809917356,46.69126500519497,158.13589310436853,12.258909090909091,316.98373035214695,0.7981995459728155,True,"Equivalent solid rectangular section normal to +y. Actual trunnion bore, head curvature, taper, fillet and local 3D load transfer are NOT represented."
75,110,8250,8318750.0,3867187.5,151250.0,103125.0,2.5,74.29641873278237,31.127510003463314,105.42392873624568,8.17260606060606,263.9396790142056,0.9133159587301773,111.44462809917356,46.69126500519497,158.13589310436853,12.258909090909091,395.90951852130837,0.43972289963854916,True,"Equivalent solid rectangular section normal to +y. Actual trunnion bore, head curvature, taper, fillet and local 3D load transfer are NOT represented."
75,110,8250,8318750.0,3867187.5,151250.0,103125.0,3.0,74.29641873278237,31.127510003463314,105.42392873624568,8.17260606060606,316.5884034849202,0.5951310737888549,111.44462809917356,46.69126500519497,158.13589310436853,12.258909090909091,474.8826052273804,0.20029664958369242,True,"Equivalent solid rectangular section normal to +y. Actual trunnion bore, head curvature, taper, fillet and local 3D load transfer are NOT represented."
75,115,8625,9505468.75,4042968.75,165312.5,107812.5,1.5,67.9763074984247,29.774140003312734,97.75044750173744,7.81727536231884,147.2495054407596,2.4295531145479337,101.96446124763705,44.6612100049691,146.62567125260614,11.725913043478261,220.87425816113935,1.5806538287687428,True,"Equivalent solid rectangular section normal to +y. Actual trunnion bore, head curvature, taper, fillet and local 3D load transfer are NOT represented."
75,115,8625,9505468.75,4042968.75,165312.5,107812.5,2.0,67.9763074984247,29.774140003312734,97.75044750173744,7.81727536231884,195.9692050538315,1.5769354928050032,101.96446124763705,44.6612100049691,146.62567125260614,11.725913043478261,293.9538075807472,0.9390801728037652,True,"Equivalent solid rectangular section normal to +y. Actual trunnion bore, head curvature, taper, fillet and local 3D load transfer are NOT represented."
75,115,8625,9505468.75,4042968.75,165312.5,107812.5,2.5,67.9763074984247,29.774140003312734,97.75044750173744,7.81727536231884,244.75092808753146,1.0633221044187189,101.96446124763705,44.6612100049691,146.62567125260614,11.725913043478261,367.1263921312971,0.5525988112457692,True,"Equivalent solid rectangular section normal to +y. Actual trunnion bore, head curvature, taper, fillet and local 3D load transfer are NOT represented."
75,115,8625,9505468.75,4042968.75,165312.5,107812.5,3.0,67.9763074984247,29.774140003312734,97.75044750173744,7.81727536231884,293.5637567265079,0.7202396018881578,101.96446124763705,44.6612100049691,146.62567125260614,11.725913043478261,440.34563508976174,0.29443772023267356,True,"Equivalent solid rectangular section normal to +y. Actual trunnion bore, head curvature, taper, fillet and local 3D load transfer are NOT represented."
75,120,9000,10800000.0,4218750.0,180000.0,112500.0,1.5,62.42962962962963,28.533550836508038,90.96318046613767,7.491555555555555,137.06037233673695,2.6845077201402177,93.64444444444445,42.800326254762055,136.44477069920652,11.237333333333334,205.59055850510543,1.7725008587193716,True,"Equivalent solid rectangular section normal to +y. Actual trunnion bore, head curvature, taper, fillet and local 3D load transfer are NOT represented."
75,120,9000,10800000.0,4218750.0,180000.0,112500.0,2.0,62.42962962962963,28.533550836508038,90.96318046613767,7.491555555555555,182.38851667795987,1.7688146666145075,93.64444444444445,42.800326254762055,136.44477069920652,11.237333333333334,273.5827750169398,1.0834645016109166,True,"Equivalent solid rectangular section normal to +y. Actual trunnion bore, head curvature, taper, fillet and local 3D load transfer are NOT represented."
75,120,9000,10800000.0,4218750.0,180000.0,112500.0,2.5,62.42962962962963,28.533550836508038,90.96318046613767,7.491555555555555,227.77784454846676,1.217072520819933,93.64444444444445,42.800326254762055,136.44477069920652,11.237333333333334,341.66676682270014,0.6682921938843058,True,"Equivalent solid rectangular section normal to +y. Actual trunnion bore, head curvature, taper, fillet and local 3D load transfer are NOT represented."
75,120,9000,10800000.0,4218750.0,180000.0,112500.0,3.0,62.42962962962963,28.533550836508038,90.96318046613767,7.491555555555555,273.1978623974977,0.8484771277794061,93.64444444444445,42.800326254762055,136.44477069920652,11.237333333333334,409.7967935962466,0.39093328426965224,True,"Equivalent solid rectangular section normal to +y. Actual trunnion bore, head curvature, taper, fillet and local 3D load transfer are NOT represented."
80,70,5600,2286666.6666666665,2986666.6666666665,65333.33333333333,74666.66666666666,1.5,172.00000000000003,42.99139913982796,214.991399139828,12.04,323.1606622629476,0.5626902001738514,258.0,64.48709870974194,322.48709870974193,18.06,484.74099339442125,0.17588569518032426,True,"Equivalent solid rectangular section normal to +y. Actual trunnion bore, head curvature, taper, fillet and local 3D load transfer are NOT represented."
80,70,5600,2286666.6666666665,2986666.6666666665,65333.33333333333,74666.66666666666,2.0,172.00000000000003,42.99139913982796,214.991399139828,12.04,430.4882014833895,0.1730867379404486,258.0,64.48709870974194,322.48709870974193,18.06,645.7323022250841,-0.11728126650025628,False,"Equivalent solid rectangular section normal to +y. Actual trunnion bore, head curvature, taper, fillet and local 3D load transfer are NOT represented."
80,70,5600,2286666.6666666665,2986666.6666666665,65333.33333333333,74666.66666666666,2.5,172.00000000000003,42.99139913982796,214.991399139828,12.04,537.8829058918216,-0.06113394854462051,258.0,64.48709870974194,322.48709870974193,18.06,806.8243588377322,-0.29352653553852626,False,"Equivalent solid rectangular section normal to +y. Actual trunnion bore, head curvature, taper, fillet and local 3D load transfer are NOT represented."
80,70,5600,2286666.6666666665,2986666.6666666665,65333.33333333333,74666.66666666666,3.0,172.00000000000003,42.99139913982796,214.991399139828,12.04,645.3112428409313,-0.21743188949137515,258.0,64.48709870974194,322.48709870974193,18.06,967.9668642613968,-0.4111368673400446,False,"Equivalent solid rectangular section normal to +y. Actual trunnion bore, head curvature, taper, fillet and local 3D load transfer are NOT represented."
80,75,6000,2812500.0,3200000.0,75000.0,80000.0,1.5,149.8311111111111,40.12530586383943,189.95641697495054,11.237333333333334,285.5986235414068,0.7682158048873922,224.74666666666667,60.18795879575914,284.9346254624258,16.856,428.3979353121102,0.33053862545982016,True,"Equivalent solid rectangular section normal to +y. Actual trunnion bore, head curvature, taper, fillet and local 3D load transfer are NOT represented."
80,75,6000,2812500.0,3200000.0,75000.0,80000.0,2.0,149.8311111111111,40.12530586383943,189.95641697495054,11.237333333333334,380.41108603874636,0.32751125961813776,224.74666666666667,60.18795879575914,284.9346254624258,16.856,570.6166290581194,-0.00108063632694555,False,"Equivalent solid rectangular section normal to +y. Actual trunnion bore, head curvature, taper, fillet and local 3D load transfer are NOT represented."
80,75,6000,2812500.0,3200000.0,75000.0,80000.0,2.5,149.8311111111111,40.12530586383943,189.95641697495054,11.237333333333334,475.2897381267466,0.0625097903235825,224.74666666666667,60.18795879575914,284.9346254624258,16.856,712.9346071901199,-0.20048768252878935,False,"Equivalent solid rectangular section normal to +y. Actual trunnion bore, head curvature, taper, fillet and local 3D load transfer are NOT represented."
80,75,6000,2812500.0,3200000.0,75000.0,80000.0,3.0,149.8311111111111,40.12530586383943,189.95641697495054,11.237333333333334,570.201539923372,-0.11434823541889116,224.74666666666667,60.18795879575914,284.9346254624258,16.856,855.302309885058,-0.33356896922609625,False,"Equivalent solid rectangular section normal to +y. Actual trunnion bore, head curvature, taper, fillet and local 3D load transfer are NOT represented."
80,80,6400,3413333.3333333335,3413333.3333333335,85333.33333333334,85333.33333333334,1.5,131.6875,37.61747424734946,169.30497424734946,10.535,254.61215772428315,0.983408822711676,197.53124999999997,56.42621137102419,253.95746137102415,15.8025,381.91823658642465,0.4924660448127465,True,"Equivalent solid rectangular section normal to +y. Actual trunnion bore, head curvature, taper, fillet and local 3D load transfer are NOT represented."
80,80,6400,3413333.3333333335,3413333.3333333335,85333.33333333334,85333.33333333334,2.0,131.6875,37.61747424734946,169.30497424734946,10.535,339.10124726190946,0.48923073588684374,197.53124999999997,56.42621137102419,253.95746137102415,15.8025,508.6518708928641,0.12060926660792215,True,"Equivalent solid rectangular section normal to +y. Actual trunnion bore, head curvature, taper, fillet and local 3D load transfer are NOT represented."
80,80,6400,3413333.3333333335,3413333.3333333335,85333.33333333334,85333.33333333334,2.5,131.6875,37.61747424734946,169.30497424734946,10.535,423.6555771857582,0.19200602374833164,197.53124999999997,56.42621137102419,253.95746137102415,15.8025,635.4833657786371,-0.10304497222897802,False,"Equivalent solid rectangular section normal to +y. Actual trunnion bore, head curvature, taper, fillet and local 3D load transfer are NOT represented."
80,80,6400,3413333.3333333335,3413333.3333333335,85333.33333333334,85333.33333333334,3.0,131.6875,37.61747424734946,169.30497424734946,10.535,508.2425871757118,-0.0063799989562676185,197.53124999999997,56.42621137102419,253.95746137102415,15.8025,762.3638807635675,-0.25232554376907246,False,"Equivalent solid rectangular section normal to +y. Actual trunnion bore, head curvature, taper, fillet and local 3D load transfer are NOT represented."
80,85,6800,4094166.6666666665,3626666.6666666665,96333.33333333333,90666.66666666666,1.5,116.65051903114188,35.40468164456421,152.0552006757061,9.91529411764706,228.72844880012008,1.2078582819459704,174.9757785467128,53.1070224668463,228.0828010135591,14.872941176470588,343.09267320018006,0.6613587072068692,True,"Equivalent solid rectangular section normal to +y. Actual trunnion bore, head curvature, taper, fillet and local 3D load transfer are NOT represented."
80,85,6800,4094166.6666666665,3626666.6666666665,96333.33333333333,90666.66666666666,2.0,116.65051903114188,35.40468164456421,152.0552006757061,9.91529411764706,304.59493656729643,0.657939576052101,174.9757785467128,53.1070224668463,228.0828010135591,14.872941176470588,456.89240485094456,0.24755849287088805,True,"Equivalent solid rectangular section normal to +y. Actual trunnion bore, head curvature, taper, fillet and local 3D load transfer are NOT represented."
80,85,6800,4094166.6666666665,3626666.6666666665,96333.33333333333,90666.66666666666,2.5,116.65051903114188,35.40468164456421,152.0552006757061,9.91529411764706,380.5257409172554,0.32711127184904765,174.9757785467128,53.1070224668463,228.0828010135591,14.872941176470588,570.788611375883,-0.0013816172224985213,False,"Equivalent solid rectangular section normal to +y. Actual trunnion bore, head curvature, taper, fillet and local 3D load transfer are NOT represented."
80,85,6800,4094166.6666666665,3626666.6666666665,96333.33333333333,90666.66666666666,3.0,116.65051903114188,35.40468164456421,152.0552006757061,9.91529411764706,456.48876836684775,0.10627037288717522,174.9757785467128,53.1070224668463,228.0828010135591,14.872941176470588,684.7331525502715,-0.1675589273324225,False,"Equivalent solid rectangular section normal to +y. Actual trunnion bore, head curvature, taper, fillet and local 3D load transfer are NOT represented."
80,90,7200,4860000.0,3840000.0,108000.0,96000.0,1.5,104.0493827160494,33.43775488653286,137.48713760258227,9.364444444444445,206.86754874339255,1.441175539941375,156.07407407407408,50.15663232979929,206.23070640387337,14.046666666666667,310.3013231150888,0.8369241686687576,True,"Equivalent solid rectangular section normal to +y. Actual trunnion bore, head curvature, taper, fillet and local 3D load transfer are NOT represented."
80,90,7200,4860000.0,3840000.0,108000.0,96000.0,2.0,104.0493827160494,33.43775488653286,137.48713760258227,9.364444444444445,275.4522290413799,0.8333487507343287,156.07407407407408,50.15663232979929,206.23070640387337,14.046666666666667,413.1783435620698,0.3795495550080097,True,"Equivalent solid rectangular section normal to +y. Actual trunnion bore, head curvature, taper, fillet and local 3D load transfer are NOT represented."
80,90,7200,4860000.0,3840000.0,108000.0,96000.0,2.5,104.0493827160494,33.43775488653286,137.48713760258227,9.364444444444445,344.10032657308744,0.4675952360444424,156.07407407407408,50.15663232979929,206.23070640387337,14.046666666666667,516.1504898596311,0.1043290885086896,True,"Equivalent solid rectangular section normal to +y. Actual trunnion bore, head curvature, taper, fillet and local 3D load transfer are NOT represented."
80,90,7200,4860000.0,3840000.0,108000.0,96000.0,3.0,104.0493827160494,33.43775488653286,137.48713760258227,9.364444444444445,412.7802024257241,0.22341138705863672,156.07407407407408,50.15663232979929,206.23070640387337,14.046666666666667,619.1703036385861,-0.07941321369845145,False,"Equivalent solid rectangular section normal to +y. Actual trunnion bore, head curvature, taper, fillet and local 3D load transfer are NOT represented."
80,95,7600,5715833.333333333,4053333.3333333335,120333.33333333333,101333.33333333334,1.5,93.38504155124654,31.677873050399548,125.0629146016461,8.871578947368421,188.22264239070728,1.682992830117299,140.0775623268698,47.51680957559932,187.59437190246913,13.307368421052631,282.3339635860609,1.0188856939496507,True,"Equivalent solid rectangular section normal to +y. Actual trunnion bore, head curvature, taper, fillet and local 3D load transfer are NOT represented."
80,95,7600,5715833.333333333,4053333.3333333335,120333.33333333333,101333.33333333334,2.0,93.38504155124654,31.677873050399548,125.0629146016461,8.871578947368421,250.59737662970988,1.0151847030154788,140.0775623268698,47.51680957559932,187.59437190246913,13.307368421052631,375.89606494456484,0.5163766082096672,True,"Equivalent solid rectangular section normal to +y. Actual trunnion bore, head curvature, taper, fillet and local 3D load transfer are NOT represented."
80,95,7600,5715833.333333333,4053333.3333333335,120333.33333333333,101333.33333333334,2.5,93.38504155124654,31.677873050399548,125.0629146016461,8.871578947368421,313.0346523041412,0.6132399281768564,140.0775623268698,47.51680957559932,187.59437190246913,13.307368421052631,469.55197845621177,0.2139231142716942,True,"Equivalent solid rectangular section normal to +y. Actual trunnion bore, head curvature, taper, fillet and local 3D load transfer are NOT represented."
80,95,7600,5715833.333333333,4053333.3333333335,120333.33333333333,101333.33333333334,3.0,93.38504155124654,31.677873050399548,125.0629146016461,8.871578947368421,375.50327324403685,0.3448617787994732,140.0775623268698,47.51680957559932,187.59437190246913,13.307368421052631,563.2549098660553,0.011975199888712318,True,"Equivalent solid rectangular section normal to +y. Actual trunnion bore, head curvature, taper, fillet and local 3D load transfer are NOT represented."
80,100,8000,6666666.666666667,4266666.666666667,133333.33333333334,106666.66666666667,1.5,84.28,30.09397939787957,114.37397939787957,8.428,172.18089228901042,1.932961917471908,126.41999999999999,45.140969096819354,171.56096909681935,12.642,258.2713384335156,1.2069812448303465,True,"Equivalent solid rectangular section normal to +y. Actual trunnion bore, head curvature, taper, fillet and local 3D load transfer are NOT represented."
80,100,8000,6666666.666666667,4266666.666666667,133333.33333333334,106666.66666666667,2.0,84.28,30.09397939787957,114.37397939787957,8.428,229.2132679519803,1.2031883429444252,126.41999999999999,45.140969096819354,171.56096909681935,12.642,343.8199019279704,0.6578446937007558,True,"Equivalent solid rectangular section normal to +y. Actual trunnion bore, head curvature, taper, fillet and local 3D load transfer are NOT represented."
80,100,8000,6666666.666666667,4266666.666666667,133333.33333333334,106666.66666666667,2.5,84.28,30.09397939787957,114.37397939787957,8.428,286.30733194011316,0.7638388670592298,126.41999999999999,45.140969096819354,171.56096909681935,12.642,429.46099791016974,0.32724508808417285,True,"Equivalent solid rectangular section normal to +y. Actual trunnion bore, head curvature, taper, fillet and local 3D load transfer are NOT represented."
80,100,8000,6666666.666666667,4266666.666666667,133333.33333333334,106666.66666666667,3.0,84.28,30.09397939787957,114.37397939787957,8.428,343.43231941935693,0.4704498425011556,126.41999999999999,45.140969096819354,171.56096909681935,12.642,515.1484791290354,0.10647710920879039,True,"Equivalent solid rectangular section normal to +y. Actual trunnion bore, head curvature, taper, fillet and local 3D load transfer are NOT represented."
80,105,8400,7717500.0,4480000.0,147000.0,112000.0,1.5,76.44444444444444,28.660932759885306,105.10537720432976,8.026666666666667,158.26985767093595,2.190752853584806,114.66666666666667,42.991399139827955,157.65806580649462,12.04,237.4047865064039,1.4009625432915378,True,"Equivalent solid rectangular section normal to +y. Actual trunnion bore, head curvature, taper, fillet and local 3D load transfer are NOT represented."
80,105,8400,7717500.0,4480000.0,147000.0,112000.0,2.0,76.44444444444444,28.660932759885306,105.10537720432976,8.026666666666667,210.66998695208366,1.3971141181817273,114.66666666666667,42.991399139827955,157.65806580649462,12.04,316.00498042812546,0.8037690394238741,True,"Equivalent solid rectangular section normal to +y. Actual trunnion bore, head curvature, taper, fillet and local 3D load transfer are NOT represented."
80,105,8400,7717500.0,4480000.0,147000.0,112000.0,2.5,76.44444444444444,28.660932759885306,105.10537720432976,8.026666666666667,263.13097331221974,0.9191963364981326,114.66666666666667,42.991399139827955,157.65806580649462,12.04,394.6964599683296,0.4441477383550305,True,"Equivalent solid rectangular section normal to +y. Actual trunnion bore, head curvature, taper, fillet and local 3D load transfer are NOT represented."
80,105,8400,7717500.0,4480000.0,147000.0,112000.0,3.0,76.44444444444444,28.660932759885306,105.10537720432976,8.026666666666667,315.6224722492258,0.6000128140471428,114.66666666666667,42.991399139827955,157.65806580649462,12.04,473.4337083738386,0.20397003829289972,True,"Equivalent solid rectangular section normal to +y. Actual trunnion bore, head curvature, taper, fillet and local 3D load transfer are NOT represented."
80,110,8800,8873333.333333334,4693333.333333333,161333.33333333334,117333.33333333333,1.5,69.65289256198346,27.35816308898143,97.01105565096489,7.661818181818182,146.12045182044704,2.4560528229172496,104.4793388429752,41.03724463347214,145.51658347644735,11.492727272727272,219.1806777306706,1.6005942033832765,True,"Equivalent solid rectangular section normal to +y. Actual trunnion bore, head curvature, taper, fillet and local 3D load transfer are NOT represented."
80,110,8800,8873333.333333334,4693333.333333333,161333.33333333334,117333.33333333333,2.0,69.65289256198346,27.35816308898143,97.01105565096489,7.661818181818182,194.4754227341135,1.5967291542563466,104.4793388429752,41.03724463347214,145.51658347644735,11.492727272727272,291.7131341011703,0.9539744131037853,True,"Equivalent solid rectangular section normal to +y. Actual trunnion bore, head curvature, taper, fillet and local 3D load transfer are NOT represented."
80,110,8800,8873333.333333334,4693333.333333333,161333.33333333334,117333.33333333333,2.5,69.65289256198346,27.35816308898143,97.01105565096489,7.661818181818182,242.89044055761028,1.0791266994314705,104.4793388429752,41.03724463347214,145.51658347644735,11.492727272727272,364.33566083641546,0.5644913777900171,True,"Equivalent solid rectangular section normal to +y. Actual trunnion bore, head curvature, taper, fillet and local 3D load transfer are NOT represented."
80,110,8800,8873333.333333334,4693333.333333333,161333.33333333334,117333.33333333333,3.0,69.65289256198346,27.35816308898143,97.01105565096489,7.661818181818182,291.3355705027884,0.7333963001101047,104.4793388429752,41.03724463347214,145.51658347644735,11.492727272727272,437.0033557541826,0.3043378099838412,True,"Equivalent solid rectangular section normal to +y. Actual trunnion bore, head curvature, taper, fillet and local 3D load transfer are NOT represented."
80,115,9200,10139166.666666666,4906666.666666667,176333.3333333333,122666.66666666667,1.5,63.727788279773165,26.168677737286583,89.89646601705975,7.328695652173913,135.44084389573342,2.7285650729462727,95.59168241965975,39.25301660592987,134.84469902558962,10.99304347826087,203.1612658436001,1.8056529261773937,True,"Equivalent solid rectangular section normal to +y. Actual trunnion bore, head curvature, taper, fillet and local 3D load transfer are NOT represented."
80,115,9200,10139166.666666666,4906666.666666667,176333.3333333333,122666.66666666667,2.0,63.727788279773165,26.168677737286583,89.89646601705975,7.328695652173913,180.24047200701648,1.8018124585267463,95.59168241965975,39.25301660592987,134.84469902558962,10.99304347826087,270.3607080105247,1.1082945232478485,True,"Equivalent solid rectangular section normal to +y. Actual trunnion bore, head curvature, taper, fillet and local 3D load transfer are NOT represented."
80,115,9200,10139166.666666666,4906666.666666667,176333.3333333333,122666.66666666667,2.5,63.727788279773165,26.168677737286583,89.89646601705975,7.328695652173913,225.09935718391992,1.2434537633414218,95.59168241965975,39.25301660592987,134.84469902558962,10.99304347826087,337.64903577587984,0.6881434258806738,True,"Equivalent solid rectangular section normal to +y. Actual trunnion bore, head curvature, taper, fillet and local 3D load transfer are NOT represented."
80,115,9200,10139166.666666666,4906666.666666667,176333.3333333333,122666.66666666667,3.0,63.727788279773165,26.168677737286583,89.89646601705975,7.328695652173913,269.98796410413183,0.8704537503206113,95.59168241965975,39.25301660592987,134.84469902558962,10.99304347826087,404.98194615619775,0.40747014875610366,True,"Equivalent solid rectangular section normal to +y. Actual trunnion bore, head curvature, taper, fillet and local 3D load transfer are NOT represented."
80,120,9600,11520000.0,5120000.0,192000.0,128000.0,1.5,58.52777777777778,25.078316164899643,83.60609394267742,7.023333333333333,125.99775497255848,3.008007921331502,87.79166666666667,37.61747424734946,125.40914091401613,10.535,188.99663245883775,2.0159267526850897,True,"Equivalent solid rectangular section normal to +y. Actual trunnion bore, head curvature, taper, fillet and local 3D load transfer are NOT represented."
80,120,9600,11520000.0,5120000.0,192000.0,128000.0,2.0,58.52777777777778,25.078316164899643,83.60609394267742,7.023333333333333,167.65410048889512,2.012154182494627,87.79166666666667,37.61747424734946,125.40914091401613,10.535,251.4811507333427,1.266571464055363,True,"Equivalent solid rectangular section normal to +y. Actual trunnion bore, head curvature, taper, fillet and local 3D load transfer are NOT represented."
80,120,9600,11520000.0,5120000.0,192000.0,128000.0,2.5,58.52777777777778,25.078316164899643,83.60609394267742,7.023333333333333,209.36893283276797,1.4120101925693311,87.79166666666667,37.61747424734946,125.40914091401613,10.535,314.05339924915194,0.8149779666858334,True,"Equivalent solid rectangular section normal to +y. Actual trunnion bore, head curvature, taper, fillet and local 3D load transfer are NOT represented."
80,120,9600,11520000.0,5120000.0,192000.0,128000.0,3.0,58.52777777777778,25.078316164899643,83.60609394267742,7.023333333333333,251.113106253934,1.0110459686215143,87.79166666666667,37.61747424734946,125.40914091401613,10.535,376.66965938090107,0.5132623130221294,True,"Equivalent solid rectangular section normal to +y. Actual trunnion bore, head curvature, taper, fillet and local 3D load transfer are NOT represented."
