ISO-10303-21;
HEADER;
FILE_DESCRIPTION(('Open CASCADE Model'),'2;1');
FILE_NAME('Open CASCADE Shape Model','2026-10-01T21:13:36',('Author'),(
    'Open CASCADE'),'Open CASCADE STEP processor 7.9','Open CASCADE 7.9'
  ,'Unknown');
FILE_SCHEMA(('AUTOMOTIVE_DESIGN { 1 0 10303 214 1 1 1 1 }'));
ENDSEC;
DATA;
#1 = APPLICATION_PROTOCOL_DEFINITION('international standard',
  'automotive_design',2000,#2);
#2 = APPLICATION_CONTEXT(
  'core data for automotive mechanical design processes');
#3 = SHAPE_DEFINITION_REPRESENTATION(#4,#10);
#4 = PRODUCT_DEFINITION_SHAPE('','',#5);
#5 = PRODUCT_DEFINITION('design','',#6,#9);
#6 = PRODUCT_DEFINITION_FORMATION('','',#7);
#7 = PRODUCT('B14B11F_F2_BALANCED_FULL','B14B11F_F2_BALANCED_FULL','',(
    #8));
#8 = PRODUCT_CONTEXT('',#2,'mechanical');
#9 = PRODUCT_DEFINITION_CONTEXT('part definition',#2,'design');
#10 = SHAPE_REPRESENTATION('',(#11,#15,#19,#23,#27,#31,#35),#39);
#11 = AXIS2_PLACEMENT_3D('',#12,#13,#14);
#12 = CARTESIAN_POINT('',(0.,0.,0.));
#13 = DIRECTION('',(0.,0.,1.));
#14 = DIRECTION('',(1.,0.,-0.));
#15 = AXIS2_PLACEMENT_3D('',#16,#17,#18);
#16 = CARTESIAN_POINT('',(0.,0.,0.));
#17 = DIRECTION('',(0.,0.,1.));
#18 = DIRECTION('',(1.,0.,-0.));
#19 = AXIS2_PLACEMENT_3D('',#20,#21,#22);
#20 = CARTESIAN_POINT('',(0.,0.,0.));
#21 = DIRECTION('',(0.,0.,1.));
#22 = DIRECTION('',(1.,0.,-0.));
#23 = AXIS2_PLACEMENT_3D('',#24,#25,#26);
#24 = CARTESIAN_POINT('',(0.,0.,0.));
#25 = DIRECTION('',(0.,0.,1.));
#26 = DIRECTION('',(1.,0.,-0.));
#27 = AXIS2_PLACEMENT_3D('',#28,#29,#30);
#28 = CARTESIAN_POINT('',(0.,0.,0.));
#29 = DIRECTION('',(0.,0.,1.));
#30 = DIRECTION('',(1.,0.,-0.));
#31 = AXIS2_PLACEMENT_3D('',#32,#33,#34);
#32 = CARTESIAN_POINT('',(0.,0.,0.));
#33 = DIRECTION('',(0.,0.,1.));
#34 = DIRECTION('',(1.,0.,-0.));
#35 = AXIS2_PLACEMENT_3D('',#36,#37,#38);
#36 = CARTESIAN_POINT('',(0.,0.,0.));
#37 = DIRECTION('',(0.,0.,1.));
#38 = DIRECTION('',(1.,0.,-0.));
#39 = ( GEOMETRIC_REPRESENTATION_CONTEXT(3) 
GLOBAL_UNCERTAINTY_ASSIGNED_CONTEXT((#43)) GLOBAL_UNIT_ASSIGNED_CONTEXT(
(#40,#41,#42)) REPRESENTATION_CONTEXT('Context #1',
  '3D Context with UNIT and UNCERTAINTY') );
#40 = ( LENGTH_UNIT() NAMED_UNIT(*) SI_UNIT(.MILLI.,.METRE.) );
#41 = ( NAMED_UNIT(*) PLANE_ANGLE_UNIT() SI_UNIT($,.RADIAN.) );
#42 = ( NAMED_UNIT(*) SI_UNIT($,.STERADIAN.) SOLID_ANGLE_UNIT() );
#43 = UNCERTAINTY_MEASURE_WITH_UNIT(LENGTH_MEASURE(1.E-05),#40,
  'distance_accuracy_value','confusion accuracy');
#44 = PRODUCT_RELATED_PRODUCT_CATEGORY('part',$,(#7));
#45 = SHAPE_DEFINITION_REPRESENTATION(#46,#52);
#46 = PRODUCT_DEFINITION_SHAPE('','',#47);
#47 = PRODUCT_DEFINITION('design','',#48,#51);
#48 = PRODUCT_DEFINITION_FORMATION('','',#49);
#49 = PRODUCT('HEAD_BARREL_7075','HEAD_BARREL_7075','',(#50));
#50 = PRODUCT_CONTEXT('',#2,'mechanical');
#51 = PRODUCT_DEFINITION_CONTEXT('part definition',#2,'design');
#52 = ADVANCED_BREP_SHAPE_REPRESENTATION('',(#11,#53),#9566);
#53 = MANIFOLD_SOLID_BREP('',#54);
#54 = CLOSED_SHELL('',(#55,#123,#178,#568,#623,#647,#684,#689,#744,#799,
    #854,#909,#964,#1019,#1074,#1129,#1184,#1239,#1294,#1349,#1404,#1459
    ,#1514,#1569,#1624,#1679,#1734,#1789,#1844,#1899,#1954,#2009,#2064,
    #2119,#2174,#2229,#2284,#2339,#2394,#2449,#2504,#2559,#2614,#2669,
    #2724,#2779,#2834,#2889,#2944,#2999,#3054,#3109,#3164,#3219,#3274,
    #3329,#3384,#3439,#3494,#3549,#3604,#3659,#4137,#4331,#4507,#4680,
    #4939,#5001,#5087,#5511,#5597,#5705,#5813,#5904,#6275,#6303,#6353,
    #6421,#6446,#6498,#7054,#7143,#7197,#7300,#7375,#7402,#7482,#7529,
    #7580,#7608,#9064,#9096,#9127,#9135,#9162,#9170,#9197,#9228,#9254,
    #9290,#9326,#9381,#9436,#9490,#9539));
#55 = ADVANCED_FACE('',(#56,#92),#69,.F.);
#56 = FACE_BOUND('',#57,.T.);
#57 = EDGE_LOOP('',(#58));
#58 = ORIENTED_EDGE('',*,*,#59,.F.);
#59 = EDGE_CURVE('',#60,#60,#62,.T.);
#60 = VERTEX_POINT('',#61);
#61 = CARTESIAN_POINT('',(47.5563304575,0.,700.));
#62 = SURFACE_CURVE('',#63,(#68,#80),.PCURVE_S1.);
#63 = CIRCLE('',#64,47.5563304575);
#64 = AXIS2_PLACEMENT_3D('',#65,#66,#67);
#65 = CARTESIAN_POINT('',(0.,0.,700.));
#66 = DIRECTION('',(0.,0.,1.));
#67 = DIRECTION('',(1.,0.,0.));
#68 = PCURVE('',#69,#74);
#69 = PLANE('',#70);
#70 = AXIS2_PLACEMENT_3D('',#71,#72,#73);
#71 = CARTESIAN_POINT('',(0.,0.,700.));
#72 = DIRECTION('',(0.,0.,1.));
#73 = DIRECTION('',(1.,0.,0.));
#74 = DEFINITIONAL_REPRESENTATION('',(#75),#79);
#75 = CIRCLE('',#76,47.5563304575);
#76 = AXIS2_PLACEMENT_2D('',#77,#78);
#77 = CARTESIAN_POINT('',(0.,0.));
#78 = DIRECTION('',(1.,0.));
#79 = ( GEOMETRIC_REPRESENTATION_CONTEXT(2) 
PARAMETRIC_REPRESENTATION_CONTEXT() REPRESENTATION_CONTEXT('2D SPACE',''
  ) );
#80 = PCURVE('',#81,#86);
#81 = CONICAL_SURFACE('',#82,47.5563304575,3.262651771423E-02);
#82 = AXIS2_PLACEMENT_3D('',#83,#84,#85);
#83 = CARTESIAN_POINT('',(0.,0.,700.));
#84 = DIRECTION('',(0.,0.,1.));
#85 = DIRECTION('',(1.,0.,0.));
#86 = DEFINITIONAL_REPRESENTATION('',(#87),#91);
#87 = LINE('',#88,#89);
#88 = CARTESIAN_POINT('',(0.,0.));
#89 = VECTOR('',#90,1.);
#90 = DIRECTION('',(1.,0.));
#91 = ( GEOMETRIC_REPRESENTATION_CONTEXT(2) 
PARAMETRIC_REPRESENTATION_CONTEXT() REPRESENTATION_CONTEXT('2D SPACE',''
  ) );
#92 = FACE_BOUND('',#93,.T.);
#93 = EDGE_LOOP('',(#94));
#94 = ORIENTED_EDGE('',*,*,#95,.T.);
#95 = EDGE_CURVE('',#96,#96,#98,.T.);
#96 = VERTEX_POINT('',#97);
#97 = CARTESIAN_POINT('',(32.,0.,700.));
#98 = SURFACE_CURVE('',#99,(#104,#111),.PCURVE_S1.);
#99 = CIRCLE('',#100,32.);
#100 = AXIS2_PLACEMENT_3D('',#101,#102,#103);
#101 = CARTESIAN_POINT('',(0.,0.,700.));
#102 = DIRECTION('',(0.,0.,1.));
#103 = DIRECTION('',(1.,0.,0.));
#104 = PCURVE('',#69,#105);
#105 = DEFINITIONAL_REPRESENTATION('',(#106),#110);
#106 = CIRCLE('',#107,32.);
#107 = AXIS2_PLACEMENT_2D('',#108,#109);
#108 = CARTESIAN_POINT('',(0.,0.));
#109 = DIRECTION('',(1.,0.));
#110 = ( GEOMETRIC_REPRESENTATION_CONTEXT(2) 
PARAMETRIC_REPRESENTATION_CONTEXT() REPRESENTATION_CONTEXT('2D SPACE',''
  ) );
#111 = PCURVE('',#112,#117);
#112 = CYLINDRICAL_SURFACE('',#113,32.);
#113 = AXIS2_PLACEMENT_3D('',#114,#115,#116);
#114 = CARTESIAN_POINT('',(0.,0.,700.));
#115 = DIRECTION('',(-0.,-0.,-1.));
#116 = DIRECTION('',(1.,0.,0.));
#117 = DEFINITIONAL_REPRESENTATION('',(#118),#122);
#118 = LINE('',#119,#120);
#119 = CARTESIAN_POINT('',(6.28318530718,0.));
#120 = VECTOR('',#121,1.);
#121 = DIRECTION('',(-1.,0.));
#122 = ( GEOMETRIC_REPRESENTATION_CONTEXT(2) 
PARAMETRIC_REPRESENTATION_CONTEXT() REPRESENTATION_CONTEXT('2D SPACE',''
  ) );
#123 = ADVANCED_FACE('',(#124),#81,.T.);
#124 = FACE_BOUND('',#125,.T.);
#125 = EDGE_LOOP('',(#126,#127,#150,#177));
#126 = ORIENTED_EDGE('',*,*,#59,.T.);
#127 = ORIENTED_EDGE('',*,*,#128,.T.);
#128 = EDGE_CURVE('',#60,#129,#131,.T.);
#129 = VERTEX_POINT('',#130);
#130 = CARTESIAN_POINT('',(47.705258105561,0.,704.563));
#131 = SEAM_CURVE('',#132,(#136,#143),.PCURVE_S1.);
#132 = LINE('',#133,#134);
#133 = CARTESIAN_POINT('',(47.5563304575,0.,700.));
#134 = VECTOR('',#135,1.);
#135 = DIRECTION('',(3.26207295906E-02,0.,0.999467802383));
#136 = PCURVE('',#81,#137);
#137 = DEFINITIONAL_REPRESENTATION('',(#138),#142);
#138 = LINE('',#139,#140);
#139 = CARTESIAN_POINT('',(6.28318530718,0.));
#140 = VECTOR('',#141,1.);
#141 = DIRECTION('',(0.,1.));
#142 = ( GEOMETRIC_REPRESENTATION_CONTEXT(2) 
PARAMETRIC_REPRESENTATION_CONTEXT() REPRESENTATION_CONTEXT('2D SPACE',''
  ) );
#143 = PCURVE('',#81,#144);
#144 = DEFINITIONAL_REPRESENTATION('',(#145),#149);
#145 = LINE('',#146,#147);
#146 = CARTESIAN_POINT('',(4.138911435803E-13,0.));
#147 = VECTOR('',#148,1.);
#148 = DIRECTION('',(0.,1.));
#149 = ( GEOMETRIC_REPRESENTATION_CONTEXT(2) 
PARAMETRIC_REPRESENTATION_CONTEXT() REPRESENTATION_CONTEXT('2D SPACE',''
  ) );
#150 = ORIENTED_EDGE('',*,*,#151,.F.);
#151 = EDGE_CURVE('',#129,#129,#152,.T.);
#152 = SURFACE_CURVE('',#153,(#158,#165),.PCURVE_S1.);
#153 = CIRCLE('',#154,47.705258105561);
#154 = AXIS2_PLACEMENT_3D('',#155,#156,#157);
#155 = CARTESIAN_POINT('',(0.,0.,704.563));
#156 = DIRECTION('',(0.,0.,1.));
#157 = DIRECTION('',(1.,0.,0.));
#158 = PCURVE('',#81,#159);
#159 = DEFINITIONAL_REPRESENTATION('',(#160),#164);
#160 = LINE('',#161,#162);
#161 = CARTESIAN_POINT('',(0.,4.563));
#162 = VECTOR('',#163,1.);
#163 = DIRECTION('',(1.,0.));
#164 = ( GEOMETRIC_REPRESENTATION_CONTEXT(2) 
PARAMETRIC_REPRESENTATION_CONTEXT() REPRESENTATION_CONTEXT('2D SPACE',''
  ) );
#165 = PCURVE('',#166,#171);
#166 = CONICAL_SURFACE('',#167,47.705258105561,3.242088180408E-02);
#167 = AXIS2_PLACEMENT_3D('',#168,#169,#170);
#168 = CARTESIAN_POINT('',(0.,0.,704.563));
#169 = DIRECTION('',(0.,0.,1.));
#170 = DIRECTION('',(1.,0.,0.));
#171 = DEFINITIONAL_REPRESENTATION('',(#172),#176);
#172 = LINE('',#173,#174);
#173 = CARTESIAN_POINT('',(0.,0.));
#174 = VECTOR('',#175,1.);
#175 = DIRECTION('',(1.,0.));
#176 = ( GEOMETRIC_REPRESENTATION_CONTEXT(2) 
PARAMETRIC_REPRESENTATION_CONTEXT() REPRESENTATION_CONTEXT('2D SPACE',''
  ) );
#177 = ORIENTED_EDGE('',*,*,#128,.F.);
#178 = ADVANCED_FACE('',(#179),#112,.F.);
#179 = FACE_BOUND('',#180,.F.);
#180 = EDGE_LOOP('',(#181,#204,#205,#206,#235,#261,#525,#546));
#181 = ORIENTED_EDGE('',*,*,#182,.F.);
#182 = EDGE_CURVE('',#96,#183,#185,.T.);
#183 = VERTEX_POINT('',#184);
#184 = CARTESIAN_POINT('',(32.,0.,973.78));
#185 = SEAM_CURVE('',#186,(#190,#197),.PCURVE_S1.);
#186 = LINE('',#187,#188);
#187 = CARTESIAN_POINT('',(32.,0.,700.));
#188 = VECTOR('',#189,1.);
#189 = DIRECTION('',(0.,0.,1.));
#190 = PCURVE('',#112,#191);
#191 = DEFINITIONAL_REPRESENTATION('',(#192),#196);
#192 = LINE('',#193,#194);
#193 = CARTESIAN_POINT('',(6.28318530718,0.));
#194 = VECTOR('',#195,1.);
#195 = DIRECTION('',(-0.,-1.));
#196 = ( GEOMETRIC_REPRESENTATION_CONTEXT(2) 
PARAMETRIC_REPRESENTATION_CONTEXT() REPRESENTATION_CONTEXT('2D SPACE',''
  ) );
#197 = PCURVE('',#112,#198);
#198 = DEFINITIONAL_REPRESENTATION('',(#199),#203);
#199 = LINE('',#200,#201);
#200 = CARTESIAN_POINT('',(-5.861977570021E-13,0.));
#201 = VECTOR('',#202,1.);
#202 = DIRECTION('',(-0.,-1.));
#203 = ( GEOMETRIC_REPRESENTATION_CONTEXT(2) 
PARAMETRIC_REPRESENTATION_CONTEXT() REPRESENTATION_CONTEXT('2D SPACE',''
  ) );
#204 = ORIENTED_EDGE('',*,*,#95,.T.);
#205 = ORIENTED_EDGE('',*,*,#182,.T.);
#206 = ORIENTED_EDGE('',*,*,#207,.F.);
#207 = EDGE_CURVE('',#208,#183,#210,.T.);
#208 = VERTEX_POINT('',#209);
#209 = CARTESIAN_POINT('',(-4.609772228646,31.666228067138,973.78));
#210 = SURFACE_CURVE('',#211,(#216,#223),.PCURVE_S1.);
#211 = CIRCLE('',#212,32.);
#212 = AXIS2_PLACEMENT_3D('',#213,#214,#215);
#213 = CARTESIAN_POINT('',(0.,0.,973.78));
#214 = DIRECTION('',(0.,0.,1.));
#215 = DIRECTION('',(1.,0.,0.));
#216 = PCURVE('',#112,#217);
#217 = DEFINITIONAL_REPRESENTATION('',(#218),#222);
#218 = LINE('',#219,#220);
#219 = CARTESIAN_POINT('',(6.28318530718,-273.78));
#220 = VECTOR('',#221,1.);
#221 = DIRECTION('',(-1.,0.));
#222 = ( GEOMETRIC_REPRESENTATION_CONTEXT(2) 
PARAMETRIC_REPRESENTATION_CONTEXT() REPRESENTATION_CONTEXT('2D SPACE',''
  ) );
#223 = PCURVE('',#224,#229);
#224 = PLANE('',#225);
#225 = AXIS2_PLACEMENT_3D('',#226,#227,#228);
#226 = CARTESIAN_POINT('',(-2.051160198809E-15,2.796030478528E-15,973.78
    ));
#227 = DIRECTION('',(0.,0.,1.));
#228 = DIRECTION('',(1.,0.,0.));
#229 = DEFINITIONAL_REPRESENTATION('',(#230),#234);
#230 = CIRCLE('',#231,32.);
#231 = AXIS2_PLACEMENT_2D('',#232,#233);
#232 = CARTESIAN_POINT('',(2.051160198809E-15,-2.796030478528E-15));
#233 = DIRECTION('',(1.,0.));
#234 = ( GEOMETRIC_REPRESENTATION_CONTEXT(2) 
PARAMETRIC_REPRESENTATION_CONTEXT() REPRESENTATION_CONTEXT('2D SPACE',''
  ) );
#235 = ORIENTED_EDGE('',*,*,#236,.T.);
#236 = EDGE_CURVE('',#208,#237,#239,.T.);
#237 = VERTEX_POINT('',#238);
#238 = CARTESIAN_POINT('',(-4.609772228646,31.666228067138,
    969.12409098567));
#239 = SURFACE_CURVE('',#240,(#244,#250),.PCURVE_S1.);
#240 = LINE('',#241,#242);
#241 = CARTESIAN_POINT('',(-4.609772228646,31.666228067138,700.));
#242 = VECTOR('',#243,1.);
#243 = DIRECTION('',(-0.,-0.,-1.));
#244 = PCURVE('',#112,#245);
#245 = DEFINITIONAL_REPRESENTATION('',(#246),#249);
#246 = B_SPLINE_CURVE_WITH_KNOTS('',1,(#247,#248),.UNSPECIFIED.,.F.,.F.,
  (2,2),(-273.7800006,-223.1489585272),.PIECEWISE_BEZIER_KNOTS.);
#247 = CARTESIAN_POINT('',(4.567830648781,-273.7800006));
#248 = CARTESIAN_POINT('',(4.567830648781,-223.1489585272));
#249 = ( GEOMETRIC_REPRESENTATION_CONTEXT(2) 
PARAMETRIC_REPRESENTATION_CONTEXT() REPRESENTATION_CONTEXT('2D SPACE',''
  ) );
#250 = PCURVE('',#251,#256);
#251 = PLANE('',#252);
#252 = AXIS2_PLACEMENT_3D('',#253,#254,#255);
#253 = CARTESIAN_POINT('',(-47.5,31.666228067138,1.07028E+03));
#254 = DIRECTION('',(0.,-1.,0.));
#255 = DIRECTION('',(0.636881446996,0.,-0.770961751627));
#256 = DEFINITIONAL_REPRESENTATION('',(#257),#260);
#257 = B_SPLINE_CURVE_WITH_KNOTS('',1,(#258,#259),.UNSPECIFIED.,.F.,.F.,
  (2,2),(-273.7800006,-223.1489585272),.PIECEWISE_BEZIER_KNOTS.);
#258 = CARTESIAN_POINT('',(101.71379889445,-28.39233412272));
#259 = CARTESIAN_POINT('',(140.74839577756,-60.63830546094));
#260 = ( GEOMETRIC_REPRESENTATION_CONTEXT(2) 
PARAMETRIC_REPRESENTATION_CONTEXT() REPRESENTATION_CONTEXT('2D SPACE',''
  ) );
#261 = ORIENTED_EDGE('',*,*,#262,.T.);
#262 = EDGE_CURVE('',#237,#263,#265,.T.);
#263 = VERTEX_POINT('',#264);
#264 = CARTESIAN_POINT('',(4.609772228646,31.666228067138,969.0458196764
    ));
#265 = SURFACE_CURVE('',#266,(#339,#415),.PCURVE_S1.);
#266 = B_SPLINE_CURVE_WITH_KNOTS('',8,(#267,#268,#269,#270,#271,#272,
    #273,#274,#275,#276,#277,#278,#279,#280,#281,#282,#283,#284,#285,
    #286,#287,#288,#289,#290,#291,#292,#293,#294,#295,#296,#297,#298,
    #299,#300,#301,#302,#303,#304,#305,#306,#307,#308,#309,#310,#311,
    #312,#313,#314,#315,#316,#317,#318,#319,#320,#321,#322,#323,#324,
    #325,#326,#327,#328,#329,#330,#331,#332,#333,#334,#335,#336,#337,
    #338),.UNSPECIFIED.,.F.,.F.,(9,7,7,7,7,7,7,7,7,7,9),(0.,
    0.164319266222,0.24914034991,0.341722890635,0.438751425134,
    0.495718054474,0.544372918497,0.635744980643,0.751527400988,
    0.862137692162,1.),.UNSPECIFIED.);
#267 = CARTESIAN_POINT('',(-4.609772228646,31.666228067138,
    969.12409098567));
#268 = CARTESIAN_POINT('',(-4.609772228646,31.666228067138,
    968.99263632888));
#269 = CARTESIAN_POINT('',(-4.598467151274,31.667873813674,
    968.86040601679));
#270 = CARTESIAN_POINT('',(-4.575651553135,31.671195071008,
    968.72748806906));
#271 = CARTESIAN_POINT('',(-4.540997859245,31.676216815033,
    968.59399191826));
#272 = CARTESIAN_POINT('',(-4.494050004844,31.682956671444,
    968.46004954414));
#273 = CARTESIAN_POINT('',(-4.43421735046,31.691422235361,
    968.32581603923));
#274 = CARTESIAN_POINT('',(-4.360730410715,31.701608044396,
    968.19147056572));
#275 = CARTESIAN_POINT('',(-4.226985971023,31.719626425516,
    967.98791825843));
#276 = CARTESIAN_POINT('',(-4.177532514874,31.726212831762,
    967.91864867738));
#277 = CARTESIAN_POINT('',(-4.124013998876,31.7332480033,967.84943839308
    ));
#278 = CARTESIAN_POINT('',(-4.066265280055,31.740727156812,
    967.78032212585));
#279 = CARTESIAN_POINT('',(-4.004100562639,31.748643552229,
    967.71134095431));
#280 = CARTESIAN_POINT('',(-3.937308493357,31.756988059285,
    967.64254264695));
#281 = CARTESIAN_POINT('',(-3.865643431902,31.765748656631,
    967.57398221511));
#282 = CARTESIAN_POINT('',(-3.704952070256,31.784909356252,
    967.43121714904));
#283 = CARTESIAN_POINT('',(-3.614959719811,31.795383449147,
    967.35709006788));
#284 = CARTESIAN_POINT('',(-3.518440763843,31.806313780659,
    967.28340640045));
#285 = CARTESIAN_POINT('',(-3.414952291429,31.817674912407,
    967.21026397725));
#286 = CARTESIAN_POINT('',(-3.303985121117,31.829431716544,
    967.13779619547));
#287 = CARTESIAN_POINT('',(-3.184955595106,31.841537148037,
    967.06617307969));
#288 = CARTESIAN_POINT('',(-3.057164707461,31.85392918009,
    966.99560585746));
#289 = CARTESIAN_POINT('',(-2.775596419723,31.879727090268,
    966.85378922563));
#290 = CARTESIAN_POINT('',(-2.621225862042,31.893120010341,
    966.78285152766));
#291 = CARTESIAN_POINT('',(-2.455234171684,31.906640869932,
    966.71365928329));
#292 = CARTESIAN_POINT('',(-2.276266758242,31.920168918852,
    966.64661181969));
#293 = CARTESIAN_POINT('',(-2.083030454204,31.933513141698,
    966.58237698376));
#294 = CARTESIAN_POINT('',(-1.874223503101,31.946391877105,
    966.52191700214));
#295 = CARTESIAN_POINT('',(-1.64868360806,31.95843282784,966.46644913194
    ));
#296 = CARTESIAN_POINT('',(-1.261637710457,31.975440728409,
    966.38890723311));
#297 = CARTESIAN_POINT('',(-1.112230672594,31.981271840955,
    966.3625191392));
#298 = CARTESIAN_POINT('',(-0.95666793404,31.986527952591,
    966.33882692564));
#299 = CARTESIAN_POINT('',(-0.795265223088,31.991079392596,
    966.31828393053));
#300 = CARTESIAN_POINT('',(-0.628626915345,31.994790457899,
    966.30135843629));
#301 = CARTESIAN_POINT('',(-0.457699762578,31.997534676543,
    966.28849084149));
#302 = CARTESIAN_POINT('',(-0.283862561267,31.999218290785,
    966.28002151847));
#303 = CARTESIAN_POINT('',(4.020010455837E-02,32.000322949398,
    966.27268349908));
#304 = CARTESIAN_POINT('',(0.190257876632,32.000038606031,
    966.27259236919));
#305 = CARTESIAN_POINT('',(0.339752303849,31.998941847011,
    966.27586993038));
#306 = CARTESIAN_POINT('',(0.487570291834,31.997054596816,
    966.28244864424));
#307 = CARTESIAN_POINT('',(0.632795767937,31.994428856424,
    966.29215732714));
#308 = CARTESIAN_POINT('',(0.77468463592,31.991136820845,966.30475610888
    ));
#309 = CARTESIAN_POINT('',(0.912645227835,31.987262170086,
    966.31996291699));
#310 = CARTESIAN_POINT('',(1.297080796217,31.974686515305,
    966.37035194279));
#311 = CARTESIAN_POINT('',(1.532107573961,31.964747223962,
    966.41130113459));
#312 = CARTESIAN_POINT('',(1.751261777343,31.953571065831,
    966.45862845551));
#313 = CARTESIAN_POINT('',(1.95503161243,31.941595104333,966.51087755246
    ));
#314 = CARTESIAN_POINT('',(2.144292676553,31.929161640224,
    966.56686853096));
#315 = CARTESIAN_POINT('',(2.320204889706,31.916513469099,966.6257274484
    ));
#316 = CARTESIAN_POINT('',(2.48412831875,31.903805438486,966.68690894353
    ));
#317 = CARTESIAN_POINT('',(2.831927592793,31.875040903205,
    966.83043994703));
#318 = CARTESIAN_POINT('',(3.008687026306,31.859058722277,
    966.91376930533));
#319 = CARTESIAN_POINT('',(3.170242819719,31.843400263285,
    966.99943584016));
#320 = CARTESIAN_POINT('',(3.318124914476,31.82822208266,967.08688721479
    ));
#321 = CARTESIAN_POINT('',(3.453643302603,31.813636056351,
    967.17569285666));
#322 = CARTESIAN_POINT('',(3.577863223861,31.799715830552,
    967.26554839062));
#323 = CARTESIAN_POINT('',(3.691730332442,31.786509184119,
    967.35625502854));
#324 = CARTESIAN_POINT('',(3.895719179506,31.762138574365,
    967.53510113205));
#325 = CARTESIAN_POINT('',(3.986594215999,31.750919408059,967.6231031944
    ));
#326 = CARTESIAN_POINT('',(4.069340066397,31.740420099572,
    967.71158356863));
#327 = CARTESIAN_POINT('',(4.144477747567,31.730663470289,
    967.80042151846));
#328 = CARTESIAN_POINT('',(4.212434893953,31.721664944554,967.8895159137
    ));
#329 = CARTESIAN_POINT('',(4.273575733148,31.713434172913,
    967.97878301644));
#330 = CARTESIAN_POINT('',(4.328215382541,31.705976394388,
    968.06815535312));
#331 = CARTESIAN_POINT('',(4.436947039233,31.69096416782,968.26904073048
    ));
#332 = CARTESIAN_POINT('',(4.487579374388,31.683839849141,
    968.38056713491));
#333 = CARTESIAN_POINT('',(4.529029614957,31.677924478704,
    968.49205153902));
#334 = CARTESIAN_POINT('',(4.561695150771,31.67321551685,968.60339665794
    ));
#335 = CARTESIAN_POINT('',(4.585887470205,31.66970510638,968.71451640005
    ));
#336 = CARTESIAN_POINT('',(4.601851327842,31.667381110143,968.8253352686
    ));
#337 = CARTESIAN_POINT('',(4.609772228646,31.666228067138,
    968.93578803395));
#338 = CARTESIAN_POINT('',(4.609772228646,31.666228067138,969.0458196764
    ));
#339 = PCURVE('',#112,#340);
#340 = DEFINITIONAL_REPRESENTATION('',(#341),#414);
#341 = B_SPLINE_CURVE_WITH_KNOTS('',8,(#342,#343,#344,#345,#346,#347,
    #348,#349,#350,#351,#352,#353,#354,#355,#356,#357,#358,#359,#360,
    #361,#362,#363,#364,#365,#366,#367,#368,#369,#370,#371,#372,#373,
    #374,#375,#376,#377,#378,#379,#380,#381,#382,#383,#384,#385,#386,
    #387,#388,#389,#390,#391,#392,#393,#394,#395,#396,#397,#398,#399,
    #400,#401,#402,#403,#404,#405,#406,#407,#408,#409,#410,#411,#412,
    #413),.UNSPECIFIED.,.F.,.F.,(9,7,7,7,7,7,7,7,7,7,9),(0.,
    0.164319266222,0.24914034991,0.341722890635,0.438751425134,
    0.495718054474,0.544372918497,0.635744980643,0.751527400988,
    0.862137692162,1.),.UNSPECIFIED.);
#342 = CARTESIAN_POINT('',(4.567830648781,-269.1240909856));
#343 = CARTESIAN_POINT('',(4.567830648781,-268.9926363288));
#344 = CARTESIAN_POINT('',(4.568187656225,-268.8604060167));
#345 = CARTESIAN_POINT('',(4.568908158551,-268.727488069));
#346 = CARTESIAN_POINT('',(4.57000239735,-268.5939919182));
#347 = CARTESIAN_POINT('',(4.571484556433,-268.4600495441));
#348 = CARTESIAN_POINT('',(4.573372940237,-268.3258160392));
#349 = CARTESIAN_POINT('',(4.575691345123,-268.1914705657));
#350 = CARTESIAN_POINT('',(4.57990861769,-267.9879182584));
#351 = CARTESIAN_POINT('',(4.581467682501,-267.9186486773));
#352 = CARTESIAN_POINT('',(4.583154519886,-267.849438393));
#353 = CARTESIAN_POINT('',(4.58497423237,-267.7803221258));
#354 = CARTESIAN_POINT('',(4.586932558428,-267.7113409543));
#355 = CARTESIAN_POINT('',(4.589036024962,-267.6425426469));
#356 = CARTESIAN_POINT('',(4.591292219457,-267.5739822151));
#357 = CARTESIAN_POINT('',(4.596349397033,-267.431217149));
#358 = CARTESIAN_POINT('',(4.599180630577,-267.3570900678));
#359 = CARTESIAN_POINT('',(4.602216102261,-267.2834064004));
#360 = CARTESIAN_POINT('',(4.605469505903,-267.2102639772));
#361 = CARTESIAN_POINT('',(4.608956583024,-267.1377961954));
#362 = CARTESIAN_POINT('',(4.612695378475,-267.0661730796));
#363 = CARTESIAN_POINT('',(4.61670751953,-266.9956058574));
#364 = CARTESIAN_POINT('',(4.625543383551,-266.8537892256));
#365 = CARTESIAN_POINT('',(4.630385528577,-266.7828515276));
#366 = CARTESIAN_POINT('',(4.635589824209,-266.7136592832));
#367 = CARTESIAN_POINT('',(4.641198308129,-266.6466118196));
#368 = CARTESIAN_POINT('',(4.647251033798,-266.5823769837));
#369 = CARTESIAN_POINT('',(4.653788304232,-266.5219170021));
#370 = CARTESIAN_POINT('',(4.660846149858,-266.4664491319));
#371 = CARTESIAN_POINT('',(4.672953006271,-266.3889072331));
#372 = CARTESIAN_POINT('',(4.677625474548,-266.3625191392));
#373 = CARTESIAN_POINT('',(4.682489470999,-266.3388269256));
#374 = CARTESIAN_POINT('',(4.687535147646,-266.3182839305));
#375 = CARTESIAN_POINT('',(4.692743693576,-266.3013584362));
#376 = CARTESIAN_POINT('',(4.698085676688,-266.2884908414));
#377 = CARTESIAN_POINT('',(4.70351823701,-266.2800215184));
#378 = CARTESIAN_POINT('',(4.713645254154,-266.272683499));
#379 = CARTESIAN_POINT('',(4.718334501946,-266.2725923691));
#380 = CARTESIAN_POINT('',(4.723006213631,-266.2758699303));
#381 = CARTESIAN_POINT('',(4.727625768792,-266.2824486442));
#382 = CARTESIAN_POINT('',(4.73216468473,-266.2921573271));
#383 = CARTESIAN_POINT('',(4.736599816083,-266.3047561088));
#384 = CARTESIAN_POINT('',(4.74091273842,-266.3199629169));
#385 = CARTESIAN_POINT('',(4.752932775944,-266.3703519427));
#386 = CARTESIAN_POINT('',(4.760283590981,-266.4113011345));
#387 = CARTESIAN_POINT('',(4.767140653819,-266.4586284555));
#388 = CARTESIAN_POINT('',(4.773519108165,-266.5108775524));
#389 = CARTESIAN_POINT('',(4.779446025121,-266.5668685309));
#390 = CARTESIAN_POINT('',(4.784957323655,-266.6257274484));
#391 = CARTESIAN_POINT('',(4.790095233394,-266.6869089435));
#392 = CARTESIAN_POINT('',(4.801001068518,-266.830439947));
#393 = CARTESIAN_POINT('',(4.806547171642,-266.9137693053));
#394 = CARTESIAN_POINT('',(4.811619288332,-266.9994358401));
#395 = CARTESIAN_POINT('',(4.816264750017,-267.0868872147));
#396 = CARTESIAN_POINT('',(4.820524072451,-267.1756928566));
#397 = CARTESIAN_POINT('',(4.82443019167,-267.2655483906));
#398 = CARTESIAN_POINT('',(4.828012371294,-267.3562550285));
#399 = CARTESIAN_POINT('',(4.83443235477,-267.535101132));
#400 = CARTESIAN_POINT('',(4.837293737848,-267.6231031944));
#401 = CARTESIAN_POINT('',(4.839900255502,-267.7115835686));
#402 = CARTESIAN_POINT('',(4.842268003707,-267.8004215184));
#403 = CARTESIAN_POINT('',(4.844410190686,-267.8895159137));
#404 = CARTESIAN_POINT('',(4.846338071088,-267.9787830164));
#405 = CARTESIAN_POINT('',(4.848061389733,-268.0681553531));
#406 = CARTESIAN_POINT('',(4.851491486892,-268.2690407304));
#407 = CARTESIAN_POINT('',(4.853089328467,-268.3805671349));
#408 = CARTESIAN_POINT('',(4.854397769046,-268.492051539));
#409 = CARTESIAN_POINT('',(4.855429118408,-268.6033966579));
#410 = CARTESIAN_POINT('',(4.856193045922,-268.7145164));
#411 = CARTESIAN_POINT('',(4.856697174881,-268.8253352686));
#412 = CARTESIAN_POINT('',(4.856947311989,-268.9357880339));
#413 = CARTESIAN_POINT('',(4.856947311989,-269.0458196764));
#414 = ( GEOMETRIC_REPRESENTATION_CONTEXT(2) 
PARAMETRIC_REPRESENTATION_CONTEXT() REPRESENTATION_CONTEXT('2D SPACE',''
  ) );
#415 = PCURVE('',#416,#450);
#416 = ( BOUNDED_SURFACE() B_SPLINE_SURFACE(2,4,(
    (#417,#418,#419,#420,#421,#422,#423,#424,#425,#426,#427)
    ,(#428,#429,#430,#431,#432,#433,#434,#435,#436,#437,#438)
    ,(#439,#440,#441,#442,#443,#444,#445,#446,#447,#448,#449
)),.UNSPECIFIED.,.F.,.F.,.F.) B_SPLINE_SURFACE_WITH_KNOTS((3,3),(5,3,3,5
    ),(0.,95.),(-4.976156096182,-4.614017505043E-14,95.,100.01801006132)
,.UNSPECIFIED.) GEOMETRIC_REPRESENTATION_ITEM() 
RATIONAL_B_SPLINE_SURFACE((
    (1.,1.,1.,1.,1.,1.,1.,1.,1.,1.,1.)
    ,(0.667474235911,0.667768543443,0.667866645954,0.667768543443
      ,0.661855598751,0.65619515057,0.650501071236,0.644479974902
      ,0.644379279964,0.644479974902,0.644782059716)
,(1.,1.,1.,1.,1.,1.,1.,1.,1.,1.,1.
  ))) REPRESENTATION_ITEM('') SURFACE() );
#417 = CARTESIAN_POINT('',(52.518228891475,31.666228067138,
    968.64569787309));
#418 = CARTESIAN_POINT('',(51.253153469783,31.666228067138,
    968.65614497204));
#419 = CARTESIAN_POINT('',(49.99509018064,31.666228067138,
    968.66653416422));
#420 = CARTESIAN_POINT('',(48.744039024046,31.666228067138,
    968.67686544962));
#421 = CARTESIAN_POINT('',(23.75,31.666228067138,968.88326832059));
#422 = CARTESIAN_POINT('',(7.105427357601E-15,31.666228067138,
    969.08307359659));
#423 = CARTESIAN_POINT('',(-23.75,31.666228067138,969.28654149878));
#424 = CARTESIAN_POINT('',(-48.75450251533,31.666228067138,
    969.50457797086));
#425 = CARTESIAN_POINT('',(-50.00903822381,31.666228067138,
    969.51551738227));
#426 = CARTESIAN_POINT('',(-51.26360712543,31.666228067138,
    969.52645708311));
#427 = CARTESIAN_POINT('',(-52.5182092202,31.666228067138,969.5373970734
    ));
#428 = CARTESIAN_POINT('',(52.518399775332,31.666228067138,
    955.30146502092));
#429 = CARTESIAN_POINT('',(51.251584736036,31.666228067138,
    955.30108595369));
#430 = CARTESIAN_POINT('',(49.993652635652,31.666228067138,
    955.30070954448));
#431 = CARTESIAN_POINT('',(48.743490735183,31.666228067138,
    955.30033546033));
#432 = CARTESIAN_POINT('',(23.548381047457,31.666228067138,955.292796364
    ));
#433 = CARTESIAN_POINT('',(-0.27417699207,31.666228067138,
    955.28509259456));
#434 = CARTESIAN_POINT('',(-23.9588029207,31.666228067138,
    955.27684608029));
#435 = CARTESIAN_POINT('',(-48.75509053384,31.666228067138,
    955.26759227577));
#436 = CARTESIAN_POINT('',(-50.01063829719,31.666228067138,
    955.26712371395));
#437 = CARTESIAN_POINT('',(-51.26546648745,31.666228067138,
    955.26665542068));
#438 = CARTESIAN_POINT('',(-52.51839965053,31.666228067138,
    955.26618783461));
#439 = CARTESIAN_POINT('',(52.518048605793,44.93566900899,
    956.71297194106));
#440 = CARTESIAN_POINT('',(51.253063326942,44.945257021432,
    956.72446922654));
#441 = CARTESIAN_POINT('',(49.995060133026,44.954792112849,
    956.73590305276));
#442 = CARTESIAN_POINT('',(48.744039024046,44.964274283242,
    956.74727341973));
#443 = CARTESIAN_POINT('',(23.75,45.153717718788,956.97444096599));
#444 = CARTESIAN_POINT('',(2.13162820728E-14,45.333051131753,
    957.19756847736));
#445 = CARTESIAN_POINT('',(-23.75,45.511373589054,957.42788715213));
#446 = CARTESIAN_POINT('',(-48.75450251533,45.697723744065,
    957.67778147814));
#447 = CARTESIAN_POINT('',(-50.00900503066,45.707073129763,
    957.69031894255));
#448 = CARTESIAN_POINT('',(-51.26350754599,45.71642251546,
    957.70285640697));
#449 = CARTESIAN_POINT('',(-52.51801006132,45.725771901158,
    957.71539387139));
#450 = DEFINITIONAL_REPRESENTATION('',(#451),#524);
#451 = B_SPLINE_CURVE_WITH_KNOTS('',8,(#452,#453,#454,#455,#456,#457,
    #458,#459,#460,#461,#462,#463,#464,#465,#466,#467,#468,#469,#470,
    #471,#472,#473,#474,#475,#476,#477,#478,#479,#480,#481,#482,#483,
    #484,#485,#486,#487,#488,#489,#490,#491,#492,#493,#494,#495,#496,
    #497,#498,#499,#500,#501,#502,#503,#504,#505,#506,#507,#508,#509,
    #510,#511,#512,#513,#514,#515,#516,#517,#518,#519,#520,#521,#522,
    #523),.UNSPECIFIED.,.F.,.F.,(9,7,7,7,7,7,7,7,7,7,9),(0.,
    0.164319266222,0.24914034991,0.341722890635,0.438751425134,
    0.495718054474,0.544372918497,0.635744980643,0.751527400988,
    0.862137692162,1.),.UNSPECIFIED.);
#452 = CARTESIAN_POINT('',(0.,52.109772228646));
#453 = CARTESIAN_POINT('',(0.688680598976,52.109772230937));
#454 = CARTESIAN_POINT('',(1.376984632285,52.098467155841));
#455 = CARTESIAN_POINT('',(2.064607437945,52.075651559945));
#456 = CARTESIAN_POINT('',(2.751144895938,52.04099786824));
#457 = CARTESIAN_POINT('',(3.436091146285,51.994050015943));
#458 = CARTESIAN_POINT('',(4.118837524677,51.934217363555));
#459 = CARTESIAN_POINT('',(4.798666383794,51.860730425674));
#460 = CARTESIAN_POINT('',(5.823717151775,51.72698598856));
#461 = CARTESIAN_POINT('',(6.171668803418,51.677532533244));
#462 = CARTESIAN_POINT('',(6.518471552984,51.624014018033));
#463 = CARTESIAN_POINT('',(6.86397746582,51.566265299945));
#464 = CARTESIAN_POINT('',(7.208007275712,51.504100583206));
#465 = CARTESIAN_POINT('',(7.550348759277,51.437308514539));
#466 = CARTESIAN_POINT('',(7.890753752049,51.36564345363));
#467 = CARTESIAN_POINT('',(8.598058642664,51.204952092974));
#468 = CARTESIAN_POINT('',(8.964433813609,51.114959742957));
#469 = CARTESIAN_POINT('',(9.327769244085,51.018440787322));
#470 = CARTESIAN_POINT('',(9.687610050741,50.914952315136));
#471 = CARTESIAN_POINT('',(10.043324338418,50.803985144938));
#472 = CARTESIAN_POINT('',(10.394098545784,50.684955618917));
#473 = CARTESIAN_POINT('',(10.738913476544,50.557164731123));
#474 = CARTESIAN_POINT('',(11.430245149437,50.275596442771));
#475 = CARTESIAN_POINT('',(11.775162479,50.12122588461));
#476 = CARTESIAN_POINT('',(12.110687269805,49.955234193592));
#477 = CARTESIAN_POINT('',(12.434855054395,49.776266779283));
#478 = CARTESIAN_POINT('',(12.744383058839,49.583030474164));
#479 = CARTESIAN_POINT('',(13.034543400558,49.37422352173));
#480 = CARTESIAN_POINT('',(13.299357620336,49.1486836251));
#481 = CARTESIAN_POINT('',(13.666757397513,48.761637724544));
#482 = CARTESIAN_POINT('',(13.791095861835,48.612230685494));
#483 = CARTESIAN_POINT('',(13.901909359892,48.456667945663));
#484 = CARTESIAN_POINT('',(13.996987101916,48.295265233344));
#485 = CARTESIAN_POINT('',(14.074054203202,48.128626924155));
#486 = CARTESIAN_POINT('',(14.130982877488,47.957699769876));
#487 = CARTESIAN_POINT('',(14.166149650453,47.783862567008));
#488 = CARTESIAN_POINT('',(14.190099579392,47.459799898264));
#489 = CARTESIAN_POINT('',(14.18490799329,47.309742124832));
#490 = CARTESIAN_POINT('',(14.163148855616,47.160247696261));
#491 = CARTESIAN_POINT('',(14.125192151947,47.012429706941));
#492 = CARTESIAN_POINT('',(14.071909112153,46.867204229539));
#493 = CARTESIAN_POINT('',(14.004501702043,46.725315360302));
#494 = CARTESIAN_POINT('',(13.924373705388,46.587354767187));
#495 = CARTESIAN_POINT('',(13.661528403003,46.202919195525));
#496 = CARTESIAN_POINT('',(13.450761364755,45.967892415856));
#497 = CARTESIAN_POINT('',(13.209021604049,45.748738210779));
#498 = CARTESIAN_POINT('',(12.943414429845,45.544968374224));
#499 = CARTESIAN_POINT('',(12.659673239237,45.35570730885));
#500 = CARTESIAN_POINT('',(12.362020069159,45.179795094643));
#501 = CARTESIAN_POINT('',(12.053052883467,45.015871664726));
#502 = CARTESIAN_POINT('',(11.328867398495,44.668072389076));
#503 = CARTESIAN_POINT('',(10.908872432521,44.491312954931));
#504 = CARTESIAN_POINT('',(10.477261192849,44.32975716112));
#505 = CARTESIAN_POINT('',(10.03661543717,44.181875066176));
#506 = CARTESIAN_POINT('',(9.58892950826,44.046356678047));
#507 = CARTESIAN_POINT('',(9.135589076558,43.922136756953));
#508 = CARTESIAN_POINT('',(8.677463491022,43.808269648686));
#509 = CARTESIAN_POINT('',(7.772981955254,43.604280802498));
#510 = CARTESIAN_POINT('',(7.327373849033,43.513405766555));
#511 = CARTESIAN_POINT('',(6.878684917726,43.430659916817));
#512 = CARTESIAN_POINT('',(6.427428204034,43.355522236404));
#513 = CARTESIAN_POINT('',(5.974026307804,43.287565090862));
#514 = CARTESIAN_POINT('',(5.518820954117,43.226424252589));
#515 = CARTESIAN_POINT('',(5.062077286492,43.171784604186));
#516 = CARTESIAN_POINT('',(4.033023793661,43.063052949851));
#517 = CARTESIAN_POINT('',(3.460050939955,43.012420616097));
#518 = CARTESIAN_POINT('',(2.885480068709,42.970970377006));
#519 = CARTESIAN_POINT('',(2.309678767773,42.938304842731));
#520 = CARTESIAN_POINT('',(1.732970103511,42.914112524884));
#521 = CARTESIAN_POINT('',(1.155634859188,42.898148668868));
#522 = CARTESIAN_POINT('',(0.577912376464,42.890227769705));
#523 = CARTESIAN_POINT('',(0.,42.890227771354));
#524 = ( GEOMETRIC_REPRESENTATION_CONTEXT(2) 
PARAMETRIC_REPRESENTATION_CONTEXT() REPRESENTATION_CONTEXT('2D SPACE',''
  ) );
#525 = ORIENTED_EDGE('',*,*,#526,.F.);
#526 = EDGE_CURVE('',#527,#263,#529,.T.);
#527 = VERTEX_POINT('',#528);
#528 = CARTESIAN_POINT('',(4.609772228646,31.666228067138,973.78));
#529 = SURFACE_CURVE('',#530,(#534,#540),.PCURVE_S1.);
#530 = LINE('',#531,#532);
#531 = CARTESIAN_POINT('',(4.609772228646,31.666228067138,700.));
#532 = VECTOR('',#533,1.);
#533 = DIRECTION('',(-0.,-0.,-1.));
#534 = PCURVE('',#112,#535);
#535 = DEFINITIONAL_REPRESENTATION('',(#536),#539);
#536 = B_SPLINE_CURVE_WITH_KNOTS('',1,(#537,#538),.UNSPECIFIED.,.F.,.F.,
  (2,2),(-273.7800006,-230.7651039484),.PIECEWISE_BEZIER_KNOTS.);
#537 = CARTESIAN_POINT('',(4.856947311989,-273.7800006));
#538 = CARTESIAN_POINT('',(4.856947311989,-230.7651039484));
#539 = ( GEOMETRIC_REPRESENTATION_CONTEXT(2) 
PARAMETRIC_REPRESENTATION_CONTEXT() REPRESENTATION_CONTEXT('2D SPACE',''
  ) );
#540 = PCURVE('',#251,#541);
#541 = DEFINITIONAL_REPRESENTATION('',(#542),#545);
#542 = B_SPLINE_CURVE_WITH_KNOTS('',1,(#543,#544),.UNSPECIFIED.,.F.,.F.,
  (2,2),(-273.7800006,-230.7651039484),.PIECEWISE_BEZIER_KNOTS.);
#543 = CARTESIAN_POINT('',(107.58555570906,-21.28441797872));
#544 = CARTESIAN_POINT('',(140.74839577756,-48.67980760053));
#545 = ( GEOMETRIC_REPRESENTATION_CONTEXT(2) 
PARAMETRIC_REPRESENTATION_CONTEXT() REPRESENTATION_CONTEXT('2D SPACE',''
  ) );
#546 = ORIENTED_EDGE('',*,*,#547,.F.);
#547 = EDGE_CURVE('',#183,#527,#548,.T.);
#548 = SURFACE_CURVE('',#549,(#554,#561),.PCURVE_S1.);
#549 = CIRCLE('',#550,32.);
#550 = AXIS2_PLACEMENT_3D('',#551,#552,#553);
#551 = CARTESIAN_POINT('',(0.,0.,973.78));
#552 = DIRECTION('',(0.,0.,1.));
#553 = DIRECTION('',(1.,0.,0.));
#554 = PCURVE('',#112,#555);
#555 = DEFINITIONAL_REPRESENTATION('',(#556),#560);
#556 = LINE('',#557,#558);
#557 = CARTESIAN_POINT('',(6.28318530718,-273.78));
#558 = VECTOR('',#559,1.);
#559 = DIRECTION('',(-1.,0.));
#560 = ( GEOMETRIC_REPRESENTATION_CONTEXT(2) 
PARAMETRIC_REPRESENTATION_CONTEXT() REPRESENTATION_CONTEXT('2D SPACE',''
  ) );
#561 = PCURVE('',#224,#562);
#562 = DEFINITIONAL_REPRESENTATION('',(#563),#567);
#563 = CIRCLE('',#564,32.);
#564 = AXIS2_PLACEMENT_2D('',#565,#566);
#565 = CARTESIAN_POINT('',(2.051160198809E-15,-2.796030478528E-15));
#566 = DIRECTION('',(1.,0.));
#567 = ( GEOMETRIC_REPRESENTATION_CONTEXT(2) 
PARAMETRIC_REPRESENTATION_CONTEXT() REPRESENTATION_CONTEXT('2D SPACE',''
  ) );
#568 = ADVANCED_FACE('',(#569),#166,.T.);
#569 = FACE_BOUND('',#570,.T.);
#570 = EDGE_LOOP('',(#571,#572,#595,#622));
#571 = ORIENTED_EDGE('',*,*,#151,.T.);
#572 = ORIENTED_EDGE('',*,*,#573,.T.);
#573 = EDGE_CURVE('',#129,#574,#576,.T.);
#574 = VERTEX_POINT('',#575);
#575 = CARTESIAN_POINT('',(47.853246443717,0.,709.126));
#576 = SEAM_CURVE('',#577,(#581,#588),.PCURVE_S1.);
#577 = LINE('',#578,#579);
#578 = CARTESIAN_POINT('',(47.705258105561,0.,704.563));
#579 = VECTOR('',#580,1.);
#580 = DIRECTION('',(3.241520243107E-02,0.,0.999474489245));
#581 = PCURVE('',#166,#582);
#582 = DEFINITIONAL_REPRESENTATION('',(#583),#587);
#583 = LINE('',#584,#585);
#584 = CARTESIAN_POINT('',(6.28318530718,0.));
#585 = VECTOR('',#586,1.);
#586 = DIRECTION('',(0.,1.));
#587 = ( GEOMETRIC_REPRESENTATION_CONTEXT(2) 
PARAMETRIC_REPRESENTATION_CONTEXT() REPRESENTATION_CONTEXT('2D SPACE',''
  ) );
#588 = PCURVE('',#166,#589);
#589 = DEFINITIONAL_REPRESENTATION('',(#590),#594);
#590 = LINE('',#591,#592);
#591 = CARTESIAN_POINT('',(4.138911435803E-13,0.));
#592 = VECTOR('',#593,1.);
#593 = DIRECTION('',(0.,1.));
#594 = ( GEOMETRIC_REPRESENTATION_CONTEXT(2) 
PARAMETRIC_REPRESENTATION_CONTEXT() REPRESENTATION_CONTEXT('2D SPACE',''
  ) );
#595 = ORIENTED_EDGE('',*,*,#596,.F.);
#596 = EDGE_CURVE('',#574,#574,#597,.T.);
#597 = SURFACE_CURVE('',#598,(#603,#610),.PCURVE_S1.);
#598 = CIRCLE('',#599,47.853246443717);
#599 = AXIS2_PLACEMENT_3D('',#600,#601,#602);
#600 = CARTESIAN_POINT('',(0.,0.,709.126));
#601 = DIRECTION('',(0.,0.,1.));
#602 = DIRECTION('',(1.,0.,0.));
#603 = PCURVE('',#166,#604);
#604 = DEFINITIONAL_REPRESENTATION('',(#605),#609);
#605 = LINE('',#606,#607);
#606 = CARTESIAN_POINT('',(0.,4.563));
#607 = VECTOR('',#608,1.);
#608 = DIRECTION('',(1.,0.));
#609 = ( GEOMETRIC_REPRESENTATION_CONTEXT(2) 
PARAMETRIC_REPRESENTATION_CONTEXT() REPRESENTATION_CONTEXT('2D SPACE',''
  ) );
#610 = PCURVE('',#611,#616);
#611 = CONICAL_SURFACE('',#612,47.853246443717,3.220353926369E-02);
#612 = AXIS2_PLACEMENT_3D('',#613,#614,#615);
#613 = CARTESIAN_POINT('',(0.,0.,709.126));
#614 = DIRECTION('',(0.,0.,1.));
#615 = DIRECTION('',(1.,0.,0.));
#616 = DEFINITIONAL_REPRESENTATION('',(#617),#621);
#617 = LINE('',#618,#619);
#618 = CARTESIAN_POINT('',(0.,0.));
#619 = VECTOR('',#620,1.);
#620 = DIRECTION('',(1.,0.));
#621 = ( GEOMETRIC_REPRESENTATION_CONTEXT(2) 
PARAMETRIC_REPRESENTATION_CONTEXT() REPRESENTATION_CONTEXT('2D SPACE',''
  ) );
#622 = ORIENTED_EDGE('',*,*,#573,.F.);
#623 = ADVANCED_FACE('',(#624),#224,.F.);
#624 = FACE_BOUND('',#625,.F.);
#625 = EDGE_LOOP('',(#626,#627,#628));
#626 = ORIENTED_EDGE('',*,*,#207,.T.);
#627 = ORIENTED_EDGE('',*,*,#547,.T.);
#628 = ORIENTED_EDGE('',*,*,#629,.F.);
#629 = EDGE_CURVE('',#208,#527,#630,.T.);
#630 = SURFACE_CURVE('',#631,(#635,#641),.PCURVE_S1.);
#631 = LINE('',#632,#633);
#632 = CARTESIAN_POINT('',(-23.75,31.666228067138,973.78));
#633 = VECTOR('',#634,1.);
#634 = DIRECTION('',(1.,0.,-0.));
#635 = PCURVE('',#224,#636);
#636 = DEFINITIONAL_REPRESENTATION('',(#637),#640);
#637 = B_SPLINE_CURVE_WITH_KNOTS('',1,(#638,#639),.UNSPECIFIED.,.F.,.F.,
  (2,2),(-8.25,55.75),.PIECEWISE_BEZIER_KNOTS.);
#638 = CARTESIAN_POINT('',(-32.,31.666228067138));
#639 = CARTESIAN_POINT('',(32.,31.666228067138));
#640 = ( GEOMETRIC_REPRESENTATION_CONTEXT(2) 
PARAMETRIC_REPRESENTATION_CONTEXT() REPRESENTATION_CONTEXT('2D SPACE',''
  ) );
#641 = PCURVE('',#251,#642);
#642 = DEFINITIONAL_REPRESENTATION('',(#643),#646);
#643 = B_SPLINE_CURVE_WITH_KNOTS('',1,(#644,#645),.UNSPECIFIED.,.F.,.F.,
  (2,2),(-8.25,55.75),.PIECEWISE_BEZIER_KNOTS.);
#644 = CARTESIAN_POINT('',(84.269471460457,-49.50915248492));
#645 = CARTESIAN_POINT('',(125.02988406821,-0.167600380789));
#646 = ( GEOMETRIC_REPRESENTATION_CONTEXT(2) 
PARAMETRIC_REPRESENTATION_CONTEXT() REPRESENTATION_CONTEXT('2D SPACE',''
  ) );
#647 = ADVANCED_FACE('',(#648),#251,.T.);
#648 = FACE_BOUND('',#649,.T.);
#649 = EDGE_LOOP('',(#650,#651,#682,#683));
#650 = ORIENTED_EDGE('',*,*,#236,.T.);
#651 = ORIENTED_EDGE('',*,*,#652,.F.);
#652 = EDGE_CURVE('',#263,#237,#653,.T.);
#653 = SURFACE_CURVE('',#654,(#666,#675),.PCURVE_S1.);
#654 = B_SPLINE_CURVE_WITH_KNOTS('',4,(#655,#656,#657,#658,#659,#660,
    #661,#662,#663,#664,#665),.UNSPECIFIED.,.F.,.F.,(5,3,3,5),(
    -4.976156096182,-4.614017505043E-14,95.,100.01801006132),
  .UNSPECIFIED.);
#655 = CARTESIAN_POINT('',(52.518228891475,31.666228067138,
    968.64569787309));
#656 = CARTESIAN_POINT('',(51.253153469783,31.666228067138,
    968.65614497204));
#657 = CARTESIAN_POINT('',(49.99509018064,31.666228067138,
    968.66653416422));
#658 = CARTESIAN_POINT('',(48.744039024046,31.666228067138,
    968.67686544962));
#659 = CARTESIAN_POINT('',(23.75,31.666228067138,968.88326832059));
#660 = CARTESIAN_POINT('',(7.105427357601E-15,31.666228067138,
    969.08307359659));
#661 = CARTESIAN_POINT('',(-23.75,31.666228067138,969.28654149878));
#662 = CARTESIAN_POINT('',(-48.75450251533,31.666228067138,
    969.50457797086));
#663 = CARTESIAN_POINT('',(-50.00903822381,31.666228067138,
    969.51551738227));
#664 = CARTESIAN_POINT('',(-51.26360712543,31.666228067138,
    969.52645708311));
#665 = CARTESIAN_POINT('',(-52.5182092202,31.666228067138,969.5373970734
    ));
#666 = PCURVE('',#251,#667);
#667 = DEFINITIONAL_REPRESENTATION('',(#668),#674);
#668 = B_SPLINE_CURVE_WITH_KNOTS('',4,(#669,#670,#671,#672,#673),
  .UNSPECIFIED.,.F.,.F.,(5,5),(-4.614017505043E-14,95.),
  .PIECEWISE_BEZIER_KNOTS.);
#669 = CARTESIAN_POINT('',(138.82794766643,8.538757977014));
#670 = CARTESIAN_POINT('',(123.5508049633,-9.646672389245));
#671 = CARTESIAN_POINT('',(108.27082837157,-27.82976171709));
#672 = CARTESIAN_POINT('',(92.988028035136,-46.01051838627));
#673 = CARTESIAN_POINT('',(77.702429533171,-64.1889635274));
#674 = ( GEOMETRIC_REPRESENTATION_CONTEXT(2) 
PARAMETRIC_REPRESENTATION_CONTEXT() REPRESENTATION_CONTEXT('2D SPACE',''
  ) );
#675 = PCURVE('',#416,#676);
#676 = DEFINITIONAL_REPRESENTATION('',(#677),#681);
#677 = LINE('',#678,#679);
#678 = CARTESIAN_POINT('',(0.,0.));
#679 = VECTOR('',#680,1.);
#680 = DIRECTION('',(0.,1.));
#681 = ( GEOMETRIC_REPRESENTATION_CONTEXT(2) 
PARAMETRIC_REPRESENTATION_CONTEXT() REPRESENTATION_CONTEXT('2D SPACE',''
  ) );
#682 = ORIENTED_EDGE('',*,*,#526,.F.);
#683 = ORIENTED_EDGE('',*,*,#629,.F.);
#684 = ADVANCED_FACE('',(#685),#416,.F.);
#685 = FACE_BOUND('',#686,.F.);
#686 = EDGE_LOOP('',(#687,#688));
#687 = ORIENTED_EDGE('',*,*,#262,.F.);
#688 = ORIENTED_EDGE('',*,*,#652,.F.);
#689 = ADVANCED_FACE('',(#690),#611,.T.);
#690 = FACE_BOUND('',#691,.T.);
#691 = EDGE_LOOP('',(#692,#693,#716,#743));
#692 = ORIENTED_EDGE('',*,*,#596,.T.);
#693 = ORIENTED_EDGE('',*,*,#694,.T.);
#694 = EDGE_CURVE('',#574,#695,#697,.T.);
#695 = VERTEX_POINT('',#696);
#696 = CARTESIAN_POINT('',(48.000242011688,0.,713.689));
#697 = SEAM_CURVE('',#698,(#702,#709),.PCURVE_S1.);
#698 = LINE('',#699,#700);
#699 = CARTESIAN_POINT('',(47.853246443717,0.,709.126));
#700 = VECTOR('',#701,1.);
#701 = DIRECTION('',(3.219797334255E-02,0.,0.999481510841));
#702 = PCURVE('',#611,#703);
#703 = DEFINITIONAL_REPRESENTATION('',(#704),#708);
#704 = LINE('',#705,#706);
#705 = CARTESIAN_POINT('',(6.28318530718,0.));
#706 = VECTOR('',#707,1.);
#707 = DIRECTION('',(0.,1.));
#708 = ( GEOMETRIC_REPRESENTATION_CONTEXT(2) 
PARAMETRIC_REPRESENTATION_CONTEXT() REPRESENTATION_CONTEXT('2D SPACE',''
  ) );
#709 = PCURVE('',#611,#710);
#710 = DEFINITIONAL_REPRESENTATION('',(#711),#715);
#711 = LINE('',#712,#713);
#712 = CARTESIAN_POINT('',(4.138911435803E-13,0.));
#713 = VECTOR('',#714,1.);
#714 = DIRECTION('',(0.,1.));
#715 = ( GEOMETRIC_REPRESENTATION_CONTEXT(2) 
PARAMETRIC_REPRESENTATION_CONTEXT() REPRESENTATION_CONTEXT('2D SPACE',''
  ) );
#716 = ORIENTED_EDGE('',*,*,#717,.F.);
#717 = EDGE_CURVE('',#695,#695,#718,.T.);
#718 = SURFACE_CURVE('',#719,(#724,#731),.PCURVE_S1.);
#719 = CIRCLE('',#720,48.000242011688);
#720 = AXIS2_PLACEMENT_3D('',#721,#722,#723);
#721 = CARTESIAN_POINT('',(0.,0.,713.689));
#722 = DIRECTION('',(0.,0.,1.));
#723 = DIRECTION('',(1.,0.,0.));
#724 = PCURVE('',#611,#725);
#725 = DEFINITIONAL_REPRESENTATION('',(#726),#730);
#726 = LINE('',#727,#728);
#727 = CARTESIAN_POINT('',(0.,4.563));
#728 = VECTOR('',#729,1.);
#729 = DIRECTION('',(1.,0.));
#730 = ( GEOMETRIC_REPRESENTATION_CONTEXT(2) 
PARAMETRIC_REPRESENTATION_CONTEXT() REPRESENTATION_CONTEXT('2D SPACE',''
  ) );
#731 = PCURVE('',#732,#737);
#732 = CONICAL_SURFACE('',#733,48.000242011688,3.197448962029E-02);
#733 = AXIS2_PLACEMENT_3D('',#734,#735,#736);
#734 = CARTESIAN_POINT('',(0.,0.,713.689));
#735 = DIRECTION('',(0.,0.,1.));
#736 = DIRECTION('',(1.,0.,0.));
#737 = DEFINITIONAL_REPRESENTATION('',(#738),#742);
#738 = LINE('',#739,#740);
#739 = CARTESIAN_POINT('',(0.,0.));
#740 = VECTOR('',#741,1.);
#741 = DIRECTION('',(1.,0.));
#742 = ( GEOMETRIC_REPRESENTATION_CONTEXT(2) 
PARAMETRIC_REPRESENTATION_CONTEXT() REPRESENTATION_CONTEXT('2D SPACE',''
  ) );
#743 = ORIENTED_EDGE('',*,*,#694,.F.);
#744 = ADVANCED_FACE('',(#745),#732,.T.);
#745 = FACE_BOUND('',#746,.T.);
#746 = EDGE_LOOP('',(#747,#748,#771,#798));
#747 = ORIENTED_EDGE('',*,*,#717,.T.);
#748 = ORIENTED_EDGE('',*,*,#749,.T.);
#749 = EDGE_CURVE('',#695,#750,#752,.T.);
#750 = VERTEX_POINT('',#751);
#751 = CARTESIAN_POINT('',(48.146191349192,0.,718.252));
#752 = SEAM_CURVE('',#753,(#757,#764),.PCURVE_S1.);
#753 = LINE('',#754,#755);
#754 = CARTESIAN_POINT('',(48.000242011688,0.,713.689));
#755 = VECTOR('',#756,1.);
#756 = DIRECTION('',(3.196904161629E-02,0.,0.999488859557));
#757 = PCURVE('',#732,#758);
#758 = DEFINITIONAL_REPRESENTATION('',(#759),#763);
#759 = LINE('',#760,#761);
#760 = CARTESIAN_POINT('',(6.28318530718,0.));
#761 = VECTOR('',#762,1.);
#762 = DIRECTION('',(0.,1.));
#763 = ( GEOMETRIC_REPRESENTATION_CONTEXT(2) 
PARAMETRIC_REPRESENTATION_CONTEXT() REPRESENTATION_CONTEXT('2D SPACE',''
  ) );
#764 = PCURVE('',#732,#765);
#765 = DEFINITIONAL_REPRESENTATION('',(#766),#770);
#766 = LINE('',#767,#768);
#767 = CARTESIAN_POINT('',(4.138911435803E-13,0.));
#768 = VECTOR('',#769,1.);
#769 = DIRECTION('',(0.,1.));
#770 = ( GEOMETRIC_REPRESENTATION_CONTEXT(2) 
PARAMETRIC_REPRESENTATION_CONTEXT() REPRESENTATION_CONTEXT('2D SPACE',''
  ) );
#771 = ORIENTED_EDGE('',*,*,#772,.F.);
#772 = EDGE_CURVE('',#750,#750,#773,.T.);
#773 = SURFACE_CURVE('',#774,(#779,#786),.PCURVE_S1.);
#774 = CIRCLE('',#775,48.146191349192);
#775 = AXIS2_PLACEMENT_3D('',#776,#777,#778);
#776 = CARTESIAN_POINT('',(0.,0.,718.252));
#777 = DIRECTION('',(0.,0.,1.));
#778 = DIRECTION('',(1.,0.,0.));
#779 = PCURVE('',#732,#780);
#780 = DEFINITIONAL_REPRESENTATION('',(#781),#785);
#781 = LINE('',#782,#783);
#782 = CARTESIAN_POINT('',(0.,4.563));
#783 = VECTOR('',#784,1.);
#784 = DIRECTION('',(1.,0.));
#785 = ( GEOMETRIC_REPRESENTATION_CONTEXT(2) 
PARAMETRIC_REPRESENTATION_CONTEXT() REPRESENTATION_CONTEXT('2D SPACE',''
  ) );
#786 = PCURVE('',#787,#792);
#787 = CONICAL_SURFACE('',#788,48.146191349192,3.173373238161E-02);
#788 = AXIS2_PLACEMENT_3D('',#789,#790,#791);
#789 = CARTESIAN_POINT('',(0.,0.,718.252));
#790 = DIRECTION('',(0.,0.,1.));
#791 = DIRECTION('',(1.,0.,0.));
#792 = DEFINITIONAL_REPRESENTATION('',(#793),#797);
#793 = LINE('',#794,#795);
#794 = CARTESIAN_POINT('',(0.,0.));
#795 = VECTOR('',#796,1.);
#796 = DIRECTION('',(1.,0.));
#797 = ( GEOMETRIC_REPRESENTATION_CONTEXT(2) 
PARAMETRIC_REPRESENTATION_CONTEXT() REPRESENTATION_CONTEXT('2D SPACE',''
  ) );
#798 = ORIENTED_EDGE('',*,*,#749,.F.);
#799 = ADVANCED_FACE('',(#800),#787,.T.);
#800 = FACE_BOUND('',#801,.T.);
#801 = EDGE_LOOP('',(#802,#803,#826,#853));
#802 = ORIENTED_EDGE('',*,*,#772,.T.);
#803 = ORIENTED_EDGE('',*,*,#804,.T.);
#804 = EDGE_CURVE('',#750,#805,#807,.T.);
#805 = VERTEX_POINT('',#806);
#806 = CARTESIAN_POINT('',(48.29104099595,0.,722.815));
#807 = SEAM_CURVE('',#808,(#812,#819),.PCURVE_S1.);
#808 = LINE('',#809,#810);
#809 = CARTESIAN_POINT('',(48.146191349192,0.,718.252));
#810 = VECTOR('',#811,1.);
#811 = DIRECTION('',(3.172840651417E-02,0.,0.999496527368));
#812 = PCURVE('',#787,#813);
#813 = DEFINITIONAL_REPRESENTATION('',(#814),#818);
#814 = LINE('',#815,#816);
#815 = CARTESIAN_POINT('',(6.28318530718,0.));
#816 = VECTOR('',#817,1.);
#817 = DIRECTION('',(0.,1.));
#818 = ( GEOMETRIC_REPRESENTATION_CONTEXT(2) 
PARAMETRIC_REPRESENTATION_CONTEXT() REPRESENTATION_CONTEXT('2D SPACE',''
  ) );
#819 = PCURVE('',#787,#820);
#820 = DEFINITIONAL_REPRESENTATION('',(#821),#825);
#821 = LINE('',#822,#823);
#822 = CARTESIAN_POINT('',(4.138911435803E-13,0.));
#823 = VECTOR('',#824,1.);
#824 = DIRECTION('',(0.,1.));
#825 = ( GEOMETRIC_REPRESENTATION_CONTEXT(2) 
PARAMETRIC_REPRESENTATION_CONTEXT() REPRESENTATION_CONTEXT('2D SPACE',''
  ) );
#826 = ORIENTED_EDGE('',*,*,#827,.F.);
#827 = EDGE_CURVE('',#805,#805,#828,.T.);
#828 = SURFACE_CURVE('',#829,(#834,#841),.PCURVE_S1.);
#829 = CIRCLE('',#830,48.29104099595);
#830 = AXIS2_PLACEMENT_3D('',#831,#832,#833);
#831 = CARTESIAN_POINT('',(0.,0.,722.815));
#832 = DIRECTION('',(0.,0.,1.));
#833 = DIRECTION('',(1.,0.,0.));
#834 = PCURVE('',#787,#835);
#835 = DEFINITIONAL_REPRESENTATION('',(#836),#840);
#836 = LINE('',#837,#838);
#837 = CARTESIAN_POINT('',(0.,4.563));
#838 = VECTOR('',#839,1.);
#839 = DIRECTION('',(1.,0.));
#840 = ( GEOMETRIC_REPRESENTATION_CONTEXT(2) 
PARAMETRIC_REPRESENTATION_CONTEXT() REPRESENTATION_CONTEXT('2D SPACE',''
  ) );
#841 = PCURVE('',#842,#847);
#842 = CONICAL_SURFACE('',#843,48.29104099595,3.148126703682E-02);
#843 = AXIS2_PLACEMENT_3D('',#844,#845,#846);
#844 = CARTESIAN_POINT('',(0.,0.,722.815));
#845 = DIRECTION('',(0.,0.,1.));
#846 = DIRECTION('',(1.,0.,0.));
#847 = DEFINITIONAL_REPRESENTATION('',(#848),#852);
#848 = LINE('',#849,#850);
#849 = CARTESIAN_POINT('',(0.,0.));
#850 = VECTOR('',#851,1.);
#851 = DIRECTION('',(1.,0.));
#852 = ( GEOMETRIC_REPRESENTATION_CONTEXT(2) 
PARAMETRIC_REPRESENTATION_CONTEXT() REPRESENTATION_CONTEXT('2D SPACE',''
  ) );
#853 = ORIENTED_EDGE('',*,*,#804,.F.);
#854 = ADVANCED_FACE('',(#855),#842,.T.);
#855 = FACE_BOUND('',#856,.T.);
#856 = EDGE_LOOP('',(#857,#858,#881,#908));
#857 = ORIENTED_EDGE('',*,*,#827,.T.);
#858 = ORIENTED_EDGE('',*,*,#859,.T.);
#859 = EDGE_CURVE('',#805,#860,#862,.T.);
#860 = VERTEX_POINT('',#861);
#861 = CARTESIAN_POINT('',(48.434737491679,0.,727.378));
#862 = SEAM_CURVE('',#863,(#867,#874),.PCURVE_S1.);
#863 = LINE('',#864,#865);
#864 = CARTESIAN_POINT('',(48.29104099595,0.,722.815));
#865 = VECTOR('',#866,1.);
#866 = DIRECTION('',(3.147606727042E-02,0.,0.999504505837));
#867 = PCURVE('',#842,#868);
#868 = DEFINITIONAL_REPRESENTATION('',(#869),#873);
#869 = LINE('',#870,#871);
#870 = CARTESIAN_POINT('',(6.28318530718,0.));
#871 = VECTOR('',#872,1.);
#872 = DIRECTION('',(0.,1.));
#873 = ( GEOMETRIC_REPRESENTATION_CONTEXT(2) 
PARAMETRIC_REPRESENTATION_CONTEXT() REPRESENTATION_CONTEXT('2D SPACE',''
  ) );
#874 = PCURVE('',#842,#875);
#875 = DEFINITIONAL_REPRESENTATION('',(#876),#880);
#876 = LINE('',#877,#878);
#877 = CARTESIAN_POINT('',(4.138911435803E-13,0.));
#878 = VECTOR('',#879,1.);
#879 = DIRECTION('',(0.,1.));
#880 = ( GEOMETRIC_REPRESENTATION_CONTEXT(2) 
PARAMETRIC_REPRESENTATION_CONTEXT() REPRESENTATION_CONTEXT('2D SPACE',''
  ) );
#881 = ORIENTED_EDGE('',*,*,#882,.F.);
#882 = EDGE_CURVE('',#860,#860,#883,.T.);
#883 = SURFACE_CURVE('',#884,(#889,#896),.PCURVE_S1.);
#884 = CIRCLE('',#885,48.434737491679);
#885 = AXIS2_PLACEMENT_3D('',#886,#887,#888);
#886 = CARTESIAN_POINT('',(0.,0.,727.378));
#887 = DIRECTION('',(0.,0.,1.));
#888 = DIRECTION('',(1.,0.,0.));
#889 = PCURVE('',#842,#890);
#890 = DEFINITIONAL_REPRESENTATION('',(#891),#895);
#891 = LINE('',#892,#893);
#892 = CARTESIAN_POINT('',(0.,4.563));
#893 = VECTOR('',#894,1.);
#894 = DIRECTION('',(1.,0.));
#895 = ( GEOMETRIC_REPRESENTATION_CONTEXT(2) 
PARAMETRIC_REPRESENTATION_CONTEXT() REPRESENTATION_CONTEXT('2D SPACE',''
  ) );
#896 = PCURVE('',#897,#902);
#897 = CONICAL_SURFACE('',#898,48.434737491679,3.121709305754E-02);
#898 = AXIS2_PLACEMENT_3D('',#899,#900,#901);
#899 = CARTESIAN_POINT('',(0.,0.,727.378));
#900 = DIRECTION('',(0.,0.,1.));
#901 = DIRECTION('',(1.,0.,0.));
#902 = DEFINITIONAL_REPRESENTATION('',(#903),#907);
#903 = LINE('',#904,#905);
#904 = CARTESIAN_POINT('',(0.,0.));
#905 = VECTOR('',#906,1.);
#906 = DIRECTION('',(1.,0.));
#907 = ( GEOMETRIC_REPRESENTATION_CONTEXT(2) 
PARAMETRIC_REPRESENTATION_CONTEXT() REPRESENTATION_CONTEXT('2D SPACE',''
  ) );
#908 = ORIENTED_EDGE('',*,*,#859,.F.);
#909 = ADVANCED_FACE('',(#910),#897,.T.);
#910 = FACE_BOUND('',#911,.T.);
#911 = EDGE_LOOP('',(#912,#913,#936,#963));
#912 = ORIENTED_EDGE('',*,*,#882,.T.);
#913 = ORIENTED_EDGE('',*,*,#914,.T.);
#914 = EDGE_CURVE('',#860,#915,#917,.T.);
#915 = VERTEX_POINT('',#916);
#916 = CARTESIAN_POINT('',(48.5772273761,0.,731.941));
#917 = SEAM_CURVE('',#918,(#922,#929),.PCURVE_S1.);
#918 = LINE('',#919,#920);
#919 = CARTESIAN_POINT('',(48.434737491679,0.,727.378));
#920 = VECTOR('',#921,1.);
#921 = DIRECTION('',(3.121202309242E-02,0.,0.999512786119));
#922 = PCURVE('',#897,#923);
#923 = DEFINITIONAL_REPRESENTATION('',(#924),#928);
#924 = LINE('',#925,#926);
#925 = CARTESIAN_POINT('',(6.28318530718,0.));
#926 = VECTOR('',#927,1.);
#927 = DIRECTION('',(0.,1.));
#928 = ( GEOMETRIC_REPRESENTATION_CONTEXT(2) 
PARAMETRIC_REPRESENTATION_CONTEXT() REPRESENTATION_CONTEXT('2D SPACE',''
  ) );
#929 = PCURVE('',#897,#930);
#930 = DEFINITIONAL_REPRESENTATION('',(#931),#935);
#931 = LINE('',#932,#933);
#932 = CARTESIAN_POINT('',(4.138911435803E-13,0.));
#933 = VECTOR('',#934,1.);
#934 = DIRECTION('',(0.,1.));
#935 = ( GEOMETRIC_REPRESENTATION_CONTEXT(2) 
PARAMETRIC_REPRESENTATION_CONTEXT() REPRESENTATION_CONTEXT('2D SPACE',''
  ) );
#936 = ORIENTED_EDGE('',*,*,#937,.F.);
#937 = EDGE_CURVE('',#915,#915,#938,.T.);
#938 = SURFACE_CURVE('',#939,(#944,#951),.PCURVE_S1.);
#939 = CIRCLE('',#940,48.5772273761);
#940 = AXIS2_PLACEMENT_3D('',#941,#942,#943);
#941 = CARTESIAN_POINT('',(0.,0.,731.941));
#942 = DIRECTION('',(0.,0.,1.));
#943 = DIRECTION('',(1.,0.,0.));
#944 = PCURVE('',#897,#945);
#945 = DEFINITIONAL_REPRESENTATION('',(#946),#950);
#946 = LINE('',#947,#948);
#947 = CARTESIAN_POINT('',(0.,4.563));
#948 = VECTOR('',#949,1.);
#949 = DIRECTION('',(1.,0.));
#950 = ( GEOMETRIC_REPRESENTATION_CONTEXT(2) 
PARAMETRIC_REPRESENTATION_CONTEXT() REPRESENTATION_CONTEXT('2D SPACE',''
  ) );
#951 = PCURVE('',#952,#957);
#952 = CONICAL_SURFACE('',#953,48.5772273761,3.094120989885E-02);
#953 = AXIS2_PLACEMENT_3D('',#954,#955,#956);
#954 = CARTESIAN_POINT('',(0.,0.,731.941));
#955 = DIRECTION('',(0.,0.,1.));
#956 = DIRECTION('',(1.,0.,0.));
#957 = DEFINITIONAL_REPRESENTATION('',(#958),#962);
#958 = LINE('',#959,#960);
#959 = CARTESIAN_POINT('',(0.,0.));
#960 = VECTOR('',#961,1.);
#961 = DIRECTION('',(1.,0.));
#962 = ( GEOMETRIC_REPRESENTATION_CONTEXT(2) 
PARAMETRIC_REPRESENTATION_CONTEXT() REPRESENTATION_CONTEXT('2D SPACE',''
  ) );
#963 = ORIENTED_EDGE('',*,*,#914,.F.);
#964 = ADVANCED_FACE('',(#965),#952,.T.);
#965 = FACE_BOUND('',#966,.T.);
#966 = EDGE_LOOP('',(#967,#968,#991,#1018));
#967 = ORIENTED_EDGE('',*,*,#937,.T.);
#968 = ORIENTED_EDGE('',*,*,#969,.T.);
#969 = EDGE_CURVE('',#915,#970,#972,.T.);
#970 = VERTEX_POINT('',#971);
#971 = CARTESIAN_POINT('',(48.718457188931,0.,736.504));
#972 = SEAM_CURVE('',#973,(#977,#984),.PCURVE_S1.);
#973 = LINE('',#974,#975);
#974 = CARTESIAN_POINT('',(48.5772273761,0.,731.941));
#975 = VECTOR('',#976,1.);
#976 = DIRECTION('',(3.093627316354E-02,0.,0.999521358953));
#977 = PCURVE('',#952,#978);
#978 = DEFINITIONAL_REPRESENTATION('',(#979),#983);
#979 = LINE('',#980,#981);
#980 = CARTESIAN_POINT('',(6.28318530718,0.));
#981 = VECTOR('',#982,1.);
#982 = DIRECTION('',(0.,1.));
#983 = ( GEOMETRIC_REPRESENTATION_CONTEXT(2) 
PARAMETRIC_REPRESENTATION_CONTEXT() REPRESENTATION_CONTEXT('2D SPACE',''
  ) );
#984 = PCURVE('',#952,#985);
#985 = DEFINITIONAL_REPRESENTATION('',(#986),#990);
#986 = LINE('',#987,#988);
#987 = CARTESIAN_POINT('',(4.138911435803E-13,0.));
#988 = VECTOR('',#989,1.);
#989 = DIRECTION('',(0.,1.));
#990 = ( GEOMETRIC_REPRESENTATION_CONTEXT(2) 
PARAMETRIC_REPRESENTATION_CONTEXT() REPRESENTATION_CONTEXT('2D SPACE',''
  ) );
#991 = ORIENTED_EDGE('',*,*,#992,.F.);
#992 = EDGE_CURVE('',#970,#970,#993,.T.);
#993 = SURFACE_CURVE('',#994,(#999,#1006),.PCURVE_S1.);
#994 = CIRCLE('',#995,48.718457188931);
#995 = AXIS2_PLACEMENT_3D('',#996,#997,#998);
#996 = CARTESIAN_POINT('',(0.,0.,736.504));
#997 = DIRECTION('',(0.,0.,1.));
#998 = DIRECTION('',(1.,0.,0.));
#999 = PCURVE('',#952,#1000);
#1000 = DEFINITIONAL_REPRESENTATION('',(#1001),#1005);
#1001 = LINE('',#1002,#1003);
#1002 = CARTESIAN_POINT('',(0.,4.563));
#1003 = VECTOR('',#1004,1.);
#1004 = DIRECTION('',(1.,0.));
#1005 = ( GEOMETRIC_REPRESENTATION_CONTEXT(2) 
PARAMETRIC_REPRESENTATION_CONTEXT() REPRESENTATION_CONTEXT('2D SPACE',''
  ) );
#1006 = PCURVE('',#1007,#1012);
#1007 = CONICAL_SURFACE('',#1008,48.718457188931,3.065361700041E-02);
#1008 = AXIS2_PLACEMENT_3D('',#1009,#1010,#1011);
#1009 = CARTESIAN_POINT('',(0.,0.,736.504));
#1010 = DIRECTION('',(0.,0.,1.));
#1011 = DIRECTION('',(1.,0.,0.));
#1012 = DEFINITIONAL_REPRESENTATION('',(#1013),#1017);
#1013 = LINE('',#1014,#1015);
#1014 = CARTESIAN_POINT('',(0.,0.));
#1015 = VECTOR('',#1016,1.);
#1016 = DIRECTION('',(1.,0.));
#1017 = ( GEOMETRIC_REPRESENTATION_CONTEXT(2) 
PARAMETRIC_REPRESENTATION_CONTEXT() REPRESENTATION_CONTEXT('2D SPACE',''
  ) );
#1018 = ORIENTED_EDGE('',*,*,#969,.F.);
#1019 = ADVANCED_FACE('',(#1020),#1007,.T.);
#1020 = FACE_BOUND('',#1021,.T.);
#1021 = EDGE_LOOP('',(#1022,#1023,#1046,#1073));
#1022 = ORIENTED_EDGE('',*,*,#992,.T.);
#1023 = ORIENTED_EDGE('',*,*,#1024,.T.);
#1024 = EDGE_CURVE('',#970,#1025,#1027,.T.);
#1025 = VERTEX_POINT('',#1026);
#1026 = CARTESIAN_POINT('',(48.858373469892,0.,741.067));
#1027 = SEAM_CURVE('',#1028,(#1032,#1039),.PCURVE_S1.);
#1028 = LINE('',#1029,#1030);
#1029 = CARTESIAN_POINT('',(48.718457188931,0.,736.504));
#1030 = VECTOR('',#1031,1.);
#1031 = DIRECTION('',(3.064881664353E-02,0.,0.99953021467));
#1032 = PCURVE('',#1007,#1033);
#1033 = DEFINITIONAL_REPRESENTATION('',(#1034),#1038);
#1034 = LINE('',#1035,#1036);
#1035 = CARTESIAN_POINT('',(6.28318530718,0.));
#1036 = VECTOR('',#1037,1.);
#1037 = DIRECTION('',(0.,1.));
#1038 = ( GEOMETRIC_REPRESENTATION_CONTEXT(2) 
PARAMETRIC_REPRESENTATION_CONTEXT() REPRESENTATION_CONTEXT('2D SPACE',''
  ) );
#1039 = PCURVE('',#1007,#1040);
#1040 = DEFINITIONAL_REPRESENTATION('',(#1041),#1045);
#1041 = LINE('',#1042,#1043);
#1042 = CARTESIAN_POINT('',(4.138911435803E-13,0.));
#1043 = VECTOR('',#1044,1.);
#1044 = DIRECTION('',(0.,1.));
#1045 = ( GEOMETRIC_REPRESENTATION_CONTEXT(2) 
PARAMETRIC_REPRESENTATION_CONTEXT() REPRESENTATION_CONTEXT('2D SPACE',''
  ) );
#1046 = ORIENTED_EDGE('',*,*,#1047,.F.);
#1047 = EDGE_CURVE('',#1025,#1025,#1048,.T.);
#1048 = SURFACE_CURVE('',#1049,(#1054,#1061),.PCURVE_S1.);
#1049 = CIRCLE('',#1050,48.858373469892);
#1050 = AXIS2_PLACEMENT_3D('',#1051,#1052,#1053);
#1051 = CARTESIAN_POINT('',(0.,0.,741.067));
#1052 = DIRECTION('',(0.,0.,1.));
#1053 = DIRECTION('',(1.,0.,0.));
#1054 = PCURVE('',#1007,#1055);
#1055 = DEFINITIONAL_REPRESENTATION('',(#1056),#1060);
#1056 = LINE('',#1057,#1058);
#1057 = CARTESIAN_POINT('',(0.,4.563));
#1058 = VECTOR('',#1059,1.);
#1059 = DIRECTION('',(1.,0.));
#1060 = ( GEOMETRIC_REPRESENTATION_CONTEXT(2) 
PARAMETRIC_REPRESENTATION_CONTEXT() REPRESENTATION_CONTEXT('2D SPACE',''
  ) );
#1061 = PCURVE('',#1062,#1067);
#1062 = CONICAL_SURFACE('',#1063,48.858373469892,3.035431378752E-02);
#1063 = AXIS2_PLACEMENT_3D('',#1064,#1065,#1066);
#1064 = CARTESIAN_POINT('',(0.,0.,741.067));
#1065 = DIRECTION('',(0.,0.,1.));
#1066 = DIRECTION('',(1.,0.,0.));
#1067 = DEFINITIONAL_REPRESENTATION('',(#1068),#1072);
#1068 = LINE('',#1069,#1070);
#1069 = CARTESIAN_POINT('',(0.,0.));
#1070 = VECTOR('',#1071,1.);
#1071 = DIRECTION('',(1.,0.));
#1072 = ( GEOMETRIC_REPRESENTATION_CONTEXT(2) 
PARAMETRIC_REPRESENTATION_CONTEXT() REPRESENTATION_CONTEXT('2D SPACE',''
  ) );
#1073 = ORIENTED_EDGE('',*,*,#1024,.F.);
#1074 = ADVANCED_FACE('',(#1075),#1062,.T.);
#1075 = FACE_BOUND('',#1076,.T.);
#1076 = EDGE_LOOP('',(#1077,#1078,#1101,#1128));
#1077 = ORIENTED_EDGE('',*,*,#1047,.T.);
#1078 = ORIENTED_EDGE('',*,*,#1079,.T.);
#1079 = EDGE_CURVE('',#1025,#1080,#1082,.T.);
#1080 = VERTEX_POINT('',#1081);
#1081 = CARTESIAN_POINT('',(48.996922758701,0.,745.63));
#1082 = SEAM_CURVE('',#1083,(#1087,#1094),.PCURVE_S1.);
#1083 = LINE('',#1084,#1085);
#1084 = CARTESIAN_POINT('',(48.858373469892,0.,741.067));
#1085 = VECTOR('',#1086,1.);
#1086 = DIRECTION('',(3.034965267057E-02,0.,0.999539343189));
#1087 = PCURVE('',#1062,#1088);
#1088 = DEFINITIONAL_REPRESENTATION('',(#1089),#1093);
#1089 = LINE('',#1090,#1091);
#1090 = CARTESIAN_POINT('',(6.28318530718,0.));
#1091 = VECTOR('',#1092,1.);
#1092 = DIRECTION('',(0.,1.));
#1093 = ( GEOMETRIC_REPRESENTATION_CONTEXT(2) 
PARAMETRIC_REPRESENTATION_CONTEXT() REPRESENTATION_CONTEXT('2D SPACE',''
  ) );
#1094 = PCURVE('',#1062,#1095);
#1095 = DEFINITIONAL_REPRESENTATION('',(#1096),#1100);
#1096 = LINE('',#1097,#1098);
#1097 = CARTESIAN_POINT('',(4.138911435803E-13,0.));
#1098 = VECTOR('',#1099,1.);
#1099 = DIRECTION('',(0.,1.));
#1100 = ( GEOMETRIC_REPRESENTATION_CONTEXT(2) 
PARAMETRIC_REPRESENTATION_CONTEXT() REPRESENTATION_CONTEXT('2D SPACE',''
  ) );
#1101 = ORIENTED_EDGE('',*,*,#1102,.F.);
#1102 = EDGE_CURVE('',#1080,#1080,#1103,.T.);
#1103 = SURFACE_CURVE('',#1104,(#1109,#1116),.PCURVE_S1.);
#1104 = CIRCLE('',#1105,48.996922758701);
#1105 = AXIS2_PLACEMENT_3D('',#1106,#1107,#1108);
#1106 = CARTESIAN_POINT('',(0.,0.,745.63));
#1107 = DIRECTION('',(0.,0.,1.));
#1108 = DIRECTION('',(1.,0.,0.));
#1109 = PCURVE('',#1062,#1110);
#1110 = DEFINITIONAL_REPRESENTATION('',(#1111),#1115);
#1111 = LINE('',#1112,#1113);
#1112 = CARTESIAN_POINT('',(0.,4.563));
#1113 = VECTOR('',#1114,1.);
#1114 = DIRECTION('',(1.,0.));
#1115 = ( GEOMETRIC_REPRESENTATION_CONTEXT(2) 
PARAMETRIC_REPRESENTATION_CONTEXT() REPRESENTATION_CONTEXT('2D SPACE',''
  ) );
#1116 = PCURVE('',#1117,#1122);
#1117 = CONICAL_SURFACE('',#1118,48.996922758701,3.00432996724E-02);
#1118 = AXIS2_PLACEMENT_3D('',#1119,#1120,#1121);
#1119 = CARTESIAN_POINT('',(0.,0.,745.63));
#1120 = DIRECTION('',(0.,0.,1.));
#1121 = DIRECTION('',(1.,0.,0.));
#1122 = DEFINITIONAL_REPRESENTATION('',(#1123),#1127);
#1123 = LINE('',#1124,#1125);
#1124 = CARTESIAN_POINT('',(0.,0.));
#1125 = VECTOR('',#1126,1.);
#1126 = DIRECTION('',(1.,0.));
#1127 = ( GEOMETRIC_REPRESENTATION_CONTEXT(2) 
PARAMETRIC_REPRESENTATION_CONTEXT() REPRESENTATION_CONTEXT('2D SPACE',''
  ) );
#1128 = ORIENTED_EDGE('',*,*,#1079,.F.);
#1129 = ADVANCED_FACE('',(#1130),#1117,.T.);
#1130 = FACE_BOUND('',#1131,.T.);
#1131 = EDGE_LOOP('',(#1132,#1133,#1156,#1183));
#1132 = ORIENTED_EDGE('',*,*,#1102,.T.);
#1133 = ORIENTED_EDGE('',*,*,#1134,.T.);
#1134 = EDGE_CURVE('',#1080,#1135,#1137,.T.);
#1135 = VERTEX_POINT('',#1136);
#1136 = CARTESIAN_POINT('',(49.134051595078,0.,750.193));
#1137 = SEAM_CURVE('',#1138,(#1142,#1149),.PCURVE_S1.);
#1138 = LINE('',#1139,#1140);
#1139 = CARTESIAN_POINT('',(48.996922758701,0.,745.63));
#1140 = VECTOR('',#1141,1.);
#1141 = DIRECTION('',(3.003878036331E-02,0.,0.999548734017));
#1142 = PCURVE('',#1117,#1143);
#1143 = DEFINITIONAL_REPRESENTATION('',(#1144),#1148);
#1144 = LINE('',#1145,#1146);
#1145 = CARTESIAN_POINT('',(6.28318530718,0.));
#1146 = VECTOR('',#1147,1.);
#1147 = DIRECTION('',(0.,1.));
#1148 = ( GEOMETRIC_REPRESENTATION_CONTEXT(2) 
PARAMETRIC_REPRESENTATION_CONTEXT() REPRESENTATION_CONTEXT('2D SPACE',''
  ) );
#1149 = PCURVE('',#1117,#1150);
#1150 = DEFINITIONAL_REPRESENTATION('',(#1151),#1155);
#1151 = LINE('',#1152,#1153);
#1152 = CARTESIAN_POINT('',(4.138911435803E-13,0.));
#1153 = VECTOR('',#1154,1.);
#1154 = DIRECTION('',(0.,1.));
#1155 = ( GEOMETRIC_REPRESENTATION_CONTEXT(2) 
PARAMETRIC_REPRESENTATION_CONTEXT() REPRESENTATION_CONTEXT('2D SPACE',''
  ) );
#1156 = ORIENTED_EDGE('',*,*,#1157,.F.);
#1157 = EDGE_CURVE('',#1135,#1135,#1158,.T.);
#1158 = SURFACE_CURVE('',#1159,(#1164,#1171),.PCURVE_S1.);
#1159 = CIRCLE('',#1160,49.134051595078);
#1160 = AXIS2_PLACEMENT_3D('',#1161,#1162,#1163);
#1161 = CARTESIAN_POINT('',(0.,0.,750.193));
#1162 = DIRECTION('',(0.,0.,1.));
#1163 = DIRECTION('',(1.,0.,0.));
#1164 = PCURVE('',#1117,#1165);
#1165 = DEFINITIONAL_REPRESENTATION('',(#1166),#1170);
#1166 = LINE('',#1167,#1168);
#1167 = CARTESIAN_POINT('',(0.,4.563));
#1168 = VECTOR('',#1169,1.);
#1169 = DIRECTION('',(1.,0.));
#1170 = ( GEOMETRIC_REPRESENTATION_CONTEXT(2) 
PARAMETRIC_REPRESENTATION_CONTEXT() REPRESENTATION_CONTEXT('2D SPACE',''
  ) );
#1171 = PCURVE('',#1172,#1177);
#1172 = CONICAL_SURFACE('',#1173,49.134051595078,2.972057405533E-02);
#1173 = AXIS2_PLACEMENT_3D('',#1174,#1175,#1176);
#1174 = CARTESIAN_POINT('',(0.,0.,750.193));
#1175 = DIRECTION('',(0.,0.,1.));
#1176 = DIRECTION('',(1.,0.,0.));
#1177 = DEFINITIONAL_REPRESENTATION('',(#1178),#1182);
#1178 = LINE('',#1179,#1180);
#1179 = CARTESIAN_POINT('',(0.,0.));
#1180 = VECTOR('',#1181,1.);
#1181 = DIRECTION('',(1.,0.));
#1182 = ( GEOMETRIC_REPRESENTATION_CONTEXT(2) 
PARAMETRIC_REPRESENTATION_CONTEXT() REPRESENTATION_CONTEXT('2D SPACE',''
  ) );
#1183 = ORIENTED_EDGE('',*,*,#1134,.F.);
#1184 = ADVANCED_FACE('',(#1185),#1172,.T.);
#1185 = FACE_BOUND('',#1186,.T.);
#1186 = EDGE_LOOP('',(#1187,#1188,#1211,#1238));
#1187 = ORIENTED_EDGE('',*,*,#1157,.T.);
#1188 = ORIENTED_EDGE('',*,*,#1189,.T.);
#1189 = EDGE_CURVE('',#1135,#1190,#1192,.T.);
#1190 = VERTEX_POINT('',#1191);
#1191 = CARTESIAN_POINT('',(49.269706518743,0.,754.756));
#1192 = SEAM_CURVE('',#1193,(#1197,#1204),.PCURVE_S1.);
#1193 = LINE('',#1194,#1195);
#1194 = CARTESIAN_POINT('',(49.134051595078,0.,750.193));
#1195 = VECTOR('',#1196,1.);
#1196 = DIRECTION('',(2.97161988227E-02,0.,0.999558376248));
#1197 = PCURVE('',#1172,#1198);
#1198 = DEFINITIONAL_REPRESENTATION('',(#1199),#1203);
#1199 = LINE('',#1200,#1201);
#1200 = CARTESIAN_POINT('',(6.28318530718,0.));
#1201 = VECTOR('',#1202,1.);
#1202 = DIRECTION('',(0.,1.));
#1203 = ( GEOMETRIC_REPRESENTATION_CONTEXT(2) 
PARAMETRIC_REPRESENTATION_CONTEXT() REPRESENTATION_CONTEXT('2D SPACE',''
  ) );
#1204 = PCURVE('',#1172,#1205);
#1205 = DEFINITIONAL_REPRESENTATION('',(#1206),#1210);
#1206 = LINE('',#1207,#1208);
#1207 = CARTESIAN_POINT('',(4.138911435803E-13,0.));
#1208 = VECTOR('',#1209,1.);
#1209 = DIRECTION('',(0.,1.));
#1210 = ( GEOMETRIC_REPRESENTATION_CONTEXT(2) 
PARAMETRIC_REPRESENTATION_CONTEXT() REPRESENTATION_CONTEXT('2D SPACE',''
  ) );
#1211 = ORIENTED_EDGE('',*,*,#1212,.F.);
#1212 = EDGE_CURVE('',#1190,#1190,#1213,.T.);
#1213 = SURFACE_CURVE('',#1214,(#1219,#1226),.PCURVE_S1.);
#1214 = CIRCLE('',#1215,49.269706518743);
#1215 = AXIS2_PLACEMENT_3D('',#1216,#1217,#1218);
#1216 = CARTESIAN_POINT('',(0.,0.,754.756));
#1217 = DIRECTION('',(0.,0.,1.));
#1218 = DIRECTION('',(1.,0.,0.));
#1219 = PCURVE('',#1172,#1220);
#1220 = DEFINITIONAL_REPRESENTATION('',(#1221),#1225);
#1221 = LINE('',#1222,#1223);
#1222 = CARTESIAN_POINT('',(0.,4.563));
#1223 = VECTOR('',#1224,1.);
#1224 = DIRECTION('',(1.,0.));
#1225 = ( GEOMETRIC_REPRESENTATION_CONTEXT(2) 
PARAMETRIC_REPRESENTATION_CONTEXT() REPRESENTATION_CONTEXT('2D SPACE',''
  ) );
#1226 = PCURVE('',#1227,#1232);
#1227 = CONICAL_SURFACE('',#1228,49.269706518743,2.938613632599E-02);
#1228 = AXIS2_PLACEMENT_3D('',#1229,#1230,#1231);
#1229 = CARTESIAN_POINT('',(0.,0.,754.756));
#1230 = DIRECTION('',(0.,0.,1.));
#1231 = DIRECTION('',(1.,0.,0.));
#1232 = DEFINITIONAL_REPRESENTATION('',(#1233),#1237);
#1233 = LINE('',#1234,#1235);
#1234 = CARTESIAN_POINT('',(0.,0.));
#1235 = VECTOR('',#1236,1.);
#1236 = DIRECTION('',(1.,0.));
#1237 = ( GEOMETRIC_REPRESENTATION_CONTEXT(2) 
PARAMETRIC_REPRESENTATION_CONTEXT() REPRESENTATION_CONTEXT('2D SPACE',''
  ) );
#1238 = ORIENTED_EDGE('',*,*,#1189,.F.);
#1239 = ADVANCED_FACE('',(#1240),#1227,.T.);
#1240 = FACE_BOUND('',#1241,.T.);
#1241 = EDGE_LOOP('',(#1242,#1243,#1266,#1293));
#1242 = ORIENTED_EDGE('',*,*,#1212,.T.);
#1243 = ORIENTED_EDGE('',*,*,#1244,.T.);
#1244 = EDGE_CURVE('',#1190,#1245,#1247,.T.);
#1245 = VERTEX_POINT('',#1246);
#1246 = CARTESIAN_POINT('',(49.403834069413,0.,759.319));
#1247 = SEAM_CURVE('',#1248,(#1252,#1259),.PCURVE_S1.);
#1248 = LINE('',#1249,#1250);
#1249 = CARTESIAN_POINT('',(49.269706518743,0.,754.756));
#1250 = VECTOR('',#1251,1.);
#1251 = DIRECTION('',(2.938190713344E-02,0.,0.999568258566));
#1252 = PCURVE('',#1227,#1253);
#1253 = DEFINITIONAL_REPRESENTATION('',(#1254),#1258);
#1254 = LINE('',#1255,#1256);
#1255 = CARTESIAN_POINT('',(6.28318530718,0.));
#1256 = VECTOR('',#1257,1.);
#1257 = DIRECTION('',(0.,1.));
#1258 = ( GEOMETRIC_REPRESENTATION_CONTEXT(2) 
PARAMETRIC_REPRESENTATION_CONTEXT() REPRESENTATION_CONTEXT('2D SPACE',''
  ) );
#1259 = PCURVE('',#1227,#1260);
#1260 = DEFINITIONAL_REPRESENTATION('',(#1261),#1265);
#1261 = LINE('',#1262,#1263);
#1262 = CARTESIAN_POINT('',(4.138911435803E-13,0.));
#1263 = VECTOR('',#1264,1.);
#1264 = DIRECTION('',(0.,1.));
#1265 = ( GEOMETRIC_REPRESENTATION_CONTEXT(2) 
PARAMETRIC_REPRESENTATION_CONTEXT() REPRESENTATION_CONTEXT('2D SPACE',''
  ) );
#1266 = ORIENTED_EDGE('',*,*,#1267,.F.);
#1267 = EDGE_CURVE('',#1245,#1245,#1268,.T.);
#1268 = SURFACE_CURVE('',#1269,(#1274,#1281),.PCURVE_S1.);
#1269 = CIRCLE('',#1270,49.403834069413);
#1270 = AXIS2_PLACEMENT_3D('',#1271,#1272,#1273);
#1271 = CARTESIAN_POINT('',(0.,0.,759.319));
#1272 = DIRECTION('',(0.,0.,1.));
#1273 = DIRECTION('',(1.,0.,0.));
#1274 = PCURVE('',#1227,#1275);
#1275 = DEFINITIONAL_REPRESENTATION('',(#1276),#1280);
#1276 = LINE('',#1277,#1278);
#1277 = CARTESIAN_POINT('',(0.,4.563));
#1278 = VECTOR('',#1279,1.);
#1279 = DIRECTION('',(1.,0.));
#1280 = ( GEOMETRIC_REPRESENTATION_CONTEXT(2) 
PARAMETRIC_REPRESENTATION_CONTEXT() REPRESENTATION_CONTEXT('2D SPACE',''
  ) );
#1281 = PCURVE('',#1282,#1287);
#1282 = CONICAL_SURFACE('',#1283,49.403834069413,2.903998586472E-02);
#1283 = AXIS2_PLACEMENT_3D('',#1284,#1285,#1286);
#1284 = CARTESIAN_POINT('',(0.,0.,759.319));
#1285 = DIRECTION('',(0.,0.,1.));
#1286 = DIRECTION('',(1.,0.,0.));
#1287 = DEFINITIONAL_REPRESENTATION('',(#1288),#1292);
#1288 = LINE('',#1289,#1290);
#1289 = CARTESIAN_POINT('',(0.,0.));
#1290 = VECTOR('',#1291,1.);
#1291 = DIRECTION('',(1.,0.));
#1292 = ( GEOMETRIC_REPRESENTATION_CONTEXT(2) 
PARAMETRIC_REPRESENTATION_CONTEXT() REPRESENTATION_CONTEXT('2D SPACE',''
  ) );
#1293 = ORIENTED_EDGE('',*,*,#1244,.F.);
#1294 = ADVANCED_FACE('',(#1295),#1282,.T.);
#1295 = FACE_BOUND('',#1296,.T.);
#1296 = EDGE_LOOP('',(#1297,#1298,#1321,#1348));
#1297 = ORIENTED_EDGE('',*,*,#1267,.T.);
#1298 = ORIENTED_EDGE('',*,*,#1299,.T.);
#1299 = EDGE_CURVE('',#1245,#1300,#1302,.T.);
#1300 = VERTEX_POINT('',#1301);
#1301 = CARTESIAN_POINT('',(49.536380786809,0.,763.882));
#1302 = SEAM_CURVE('',#1303,(#1307,#1314),.PCURVE_S1.);
#1303 = LINE('',#1304,#1305);
#1304 = CARTESIAN_POINT('',(49.403834069413,0.,759.319));
#1305 = VECTOR('',#1306,1.);
#1306 = DIRECTION('',(2.903590436617E-02,0.,0.999578369243));
#1307 = PCURVE('',#1282,#1308);
#1308 = DEFINITIONAL_REPRESENTATION('',(#1309),#1313);
#1309 = LINE('',#1310,#1311);
#1310 = CARTESIAN_POINT('',(6.28318530718,0.));
#1311 = VECTOR('',#1312,1.);
#1312 = DIRECTION('',(0.,1.));
#1313 = ( GEOMETRIC_REPRESENTATION_CONTEXT(2) 
PARAMETRIC_REPRESENTATION_CONTEXT() REPRESENTATION_CONTEXT('2D SPACE',''
  ) );
#1314 = PCURVE('',#1282,#1315);
#1315 = DEFINITIONAL_REPRESENTATION('',(#1316),#1320);
#1316 = LINE('',#1317,#1318);
#1317 = CARTESIAN_POINT('',(4.138911435803E-13,0.));
#1318 = VECTOR('',#1319,1.);
#1319 = DIRECTION('',(0.,1.));
#1320 = ( GEOMETRIC_REPRESENTATION_CONTEXT(2) 
PARAMETRIC_REPRESENTATION_CONTEXT() REPRESENTATION_CONTEXT('2D SPACE',''
  ) );
#1321 = ORIENTED_EDGE('',*,*,#1322,.F.);
#1322 = EDGE_CURVE('',#1300,#1300,#1323,.T.);
#1323 = SURFACE_CURVE('',#1324,(#1329,#1336),.PCURVE_S1.);
#1324 = CIRCLE('',#1325,49.536380786809);
#1325 = AXIS2_PLACEMENT_3D('',#1326,#1327,#1328);
#1326 = CARTESIAN_POINT('',(0.,0.,763.882));
#1327 = DIRECTION('',(0.,0.,1.));
#1328 = DIRECTION('',(1.,0.,0.));
#1329 = PCURVE('',#1282,#1330);
#1330 = DEFINITIONAL_REPRESENTATION('',(#1331),#1335);
#1331 = LINE('',#1332,#1333);
#1332 = CARTESIAN_POINT('',(0.,4.563));
#1333 = VECTOR('',#1334,1.);
#1334 = DIRECTION('',(1.,0.));
#1335 = ( GEOMETRIC_REPRESENTATION_CONTEXT(2) 
PARAMETRIC_REPRESENTATION_CONTEXT() REPRESENTATION_CONTEXT('2D SPACE',''
  ) );
#1336 = PCURVE('',#1337,#1342);
#1337 = CONICAL_SURFACE('',#1338,49.536380786809,2.868212204399E-02);
#1338 = AXIS2_PLACEMENT_3D('',#1339,#1340,#1341);
#1339 = CARTESIAN_POINT('',(0.,0.,763.882));
#1340 = DIRECTION('',(0.,0.,1.));
#1341 = DIRECTION('',(1.,0.,0.));
#1342 = DEFINITIONAL_REPRESENTATION('',(#1343),#1347);
#1343 = LINE('',#1344,#1345);
#1344 = CARTESIAN_POINT('',(0.,0.));
#1345 = VECTOR('',#1346,1.);
#1346 = DIRECTION('',(1.,0.));
#1347 = ( GEOMETRIC_REPRESENTATION_CONTEXT(2) 
PARAMETRIC_REPRESENTATION_CONTEXT() REPRESENTATION_CONTEXT('2D SPACE',''
  ) );
#1348 = ORIENTED_EDGE('',*,*,#1299,.F.);
#1349 = ADVANCED_FACE('',(#1350),#1337,.T.);
#1350 = FACE_BOUND('',#1351,.T.);
#1351 = EDGE_LOOP('',(#1352,#1353,#1376,#1403));
#1352 = ORIENTED_EDGE('',*,*,#1322,.T.);
#1353 = ORIENTED_EDGE('',*,*,#1354,.T.);
#1354 = EDGE_CURVE('',#1300,#1355,#1357,.T.);
#1355 = VERTEX_POINT('',#1356);
#1356 = CARTESIAN_POINT('',(49.66729321065,0.,768.445));
#1357 = SEAM_CURVE('',#1358,(#1362,#1369),.PCURVE_S1.);
#1358 = LINE('',#1359,#1360);
#1359 = CARTESIAN_POINT('',(49.536380786809,0.,763.882));
#1360 = VECTOR('',#1361,1.);
#1361 = DIRECTION('',(2.867818958021E-02,0.,0.999588696136));
#1362 = PCURVE('',#1337,#1363);
#1363 = DEFINITIONAL_REPRESENTATION('',(#1364),#1368);
#1364 = LINE('',#1365,#1366);
#1365 = CARTESIAN_POINT('',(6.28318530718,0.));
#1366 = VECTOR('',#1367,1.);
#1367 = DIRECTION('',(0.,1.));
#1368 = ( GEOMETRIC_REPRESENTATION_CONTEXT(2) 
PARAMETRIC_REPRESENTATION_CONTEXT() REPRESENTATION_CONTEXT('2D SPACE',''
  ) );
#1369 = PCURVE('',#1337,#1370);
#1370 = DEFINITIONAL_REPRESENTATION('',(#1371),#1375);
#1371 = LINE('',#1372,#1373);
#1372 = CARTESIAN_POINT('',(4.138911435803E-13,0.));
#1373 = VECTOR('',#1374,1.);
#1374 = DIRECTION('',(0.,1.));
#1375 = ( GEOMETRIC_REPRESENTATION_CONTEXT(2) 
PARAMETRIC_REPRESENTATION_CONTEXT() REPRESENTATION_CONTEXT('2D SPACE',''
  ) );
#1376 = ORIENTED_EDGE('',*,*,#1377,.F.);
#1377 = EDGE_CURVE('',#1355,#1355,#1378,.T.);
#1378 = SURFACE_CURVE('',#1379,(#1384,#1391),.PCURVE_S1.);
#1379 = CIRCLE('',#1380,49.66729321065);
#1380 = AXIS2_PLACEMENT_3D('',#1381,#1382,#1383);
#1381 = CARTESIAN_POINT('',(0.,0.,768.445));
#1382 = DIRECTION('',(0.,0.,1.));
#1383 = DIRECTION('',(1.,0.,0.));
#1384 = PCURVE('',#1337,#1385);
#1385 = DEFINITIONAL_REPRESENTATION('',(#1386),#1390);
#1386 = LINE('',#1387,#1388);
#1387 = CARTESIAN_POINT('',(0.,4.563));
#1388 = VECTOR('',#1389,1.);
#1389 = DIRECTION('',(1.,0.));
#1390 = ( GEOMETRIC_REPRESENTATION_CONTEXT(2) 
PARAMETRIC_REPRESENTATION_CONTEXT() REPRESENTATION_CONTEXT('2D SPACE',''
  ) );
#1391 = PCURVE('',#1392,#1397);
#1392 = CONICAL_SURFACE('',#1393,49.66729321065,2.831254422973E-02);
#1393 = AXIS2_PLACEMENT_3D('',#1394,#1395,#1396);
#1394 = CARTESIAN_POINT('',(0.,0.,768.445));
#1395 = DIRECTION('',(0.,0.,1.));
#1396 = DIRECTION('',(1.,0.,0.));
#1397 = DEFINITIONAL_REPRESENTATION('',(#1398),#1402);
#1398 = LINE('',#1399,#1400);
#1399 = CARTESIAN_POINT('',(0.,0.));
#1400 = VECTOR('',#1401,1.);
#1401 = DIRECTION('',(1.,0.));
#1402 = ( GEOMETRIC_REPRESENTATION_CONTEXT(2) 
PARAMETRIC_REPRESENTATION_CONTEXT() REPRESENTATION_CONTEXT('2D SPACE',''
  ) );
#1403 = ORIENTED_EDGE('',*,*,#1354,.F.);
#1404 = ADVANCED_FACE('',(#1405),#1392,.T.);
#1405 = FACE_BOUND('',#1406,.T.);
#1406 = EDGE_LOOP('',(#1407,#1408,#1431,#1458));
#1407 = ORIENTED_EDGE('',*,*,#1377,.T.);
#1408 = ORIENTED_EDGE('',*,*,#1409,.T.);
#1409 = EDGE_CURVE('',#1355,#1410,#1412,.T.);
#1410 = VERTEX_POINT('',#1411);
#1411 = CARTESIAN_POINT('',(49.796517880654,0.,773.008));
#1412 = SEAM_CURVE('',#1413,(#1417,#1424),.PCURVE_S1.);
#1413 = LINE('',#1414,#1415);
#1414 = CARTESIAN_POINT('',(49.66729321065,0.,768.445));
#1415 = VECTOR('',#1416,1.);
#1416 = DIRECTION('',(2.830876182474E-02,0.,0.999599226692));
#1417 = PCURVE('',#1392,#1418);
#1418 = DEFINITIONAL_REPRESENTATION('',(#1419),#1423);
#1419 = LINE('',#1420,#1421);
#1420 = CARTESIAN_POINT('',(6.28318530718,0.));
#1421 = VECTOR('',#1422,1.);
#1422 = DIRECTION('',(0.,1.));
#1423 = ( GEOMETRIC_REPRESENTATION_CONTEXT(2) 
PARAMETRIC_REPRESENTATION_CONTEXT() REPRESENTATION_CONTEXT('2D SPACE',''
  ) );
#1424 = PCURVE('',#1392,#1425);
#1425 = DEFINITIONAL_REPRESENTATION('',(#1426),#1430);
#1426 = LINE('',#1427,#1428);
#1427 = CARTESIAN_POINT('',(4.138911435803E-13,0.));
#1428 = VECTOR('',#1429,1.);
#1429 = DIRECTION('',(0.,1.));
#1430 = ( GEOMETRIC_REPRESENTATION_CONTEXT(2) 
PARAMETRIC_REPRESENTATION_CONTEXT() REPRESENTATION_CONTEXT('2D SPACE',''
  ) );
#1431 = ORIENTED_EDGE('',*,*,#1432,.F.);
#1432 = EDGE_CURVE('',#1410,#1410,#1433,.T.);
#1433 = SURFACE_CURVE('',#1434,(#1439,#1446),.PCURVE_S1.);
#1434 = CIRCLE('',#1435,49.796517880654);
#1435 = AXIS2_PLACEMENT_3D('',#1436,#1437,#1438);
#1436 = CARTESIAN_POINT('',(0.,0.,773.008));
#1437 = DIRECTION('',(0.,0.,1.));
#1438 = DIRECTION('',(1.,0.,0.));
#1439 = PCURVE('',#1392,#1440);
#1440 = DEFINITIONAL_REPRESENTATION('',(#1441),#1445);
#1441 = LINE('',#1442,#1443);
#1442 = CARTESIAN_POINT('',(0.,4.563));
#1443 = VECTOR('',#1444,1.);
#1444 = DIRECTION('',(1.,0.));
#1445 = ( GEOMETRIC_REPRESENTATION_CONTEXT(2) 
PARAMETRIC_REPRESENTATION_CONTEXT() REPRESENTATION_CONTEXT('2D SPACE',''
  ) );
#1446 = PCURVE('',#1447,#1452);
#1447 = CONICAL_SURFACE('',#1448,49.796517880654,2.793125178285E-02);
#1448 = AXIS2_PLACEMENT_3D('',#1449,#1450,#1451);
#1449 = CARTESIAN_POINT('',(0.,0.,773.008));
#1450 = DIRECTION('',(0.,0.,1.));
#1451 = DIRECTION('',(1.,0.,0.));
#1452 = DEFINITIONAL_REPRESENTATION('',(#1453),#1457);
#1453 = LINE('',#1454,#1455);
#1454 = CARTESIAN_POINT('',(0.,0.));
#1455 = VECTOR('',#1456,1.);
#1456 = DIRECTION('',(1.,0.));
#1457 = ( GEOMETRIC_REPRESENTATION_CONTEXT(2) 
PARAMETRIC_REPRESENTATION_CONTEXT() REPRESENTATION_CONTEXT('2D SPACE',''
  ) );
#1458 = ORIENTED_EDGE('',*,*,#1409,.F.);
#1459 = ADVANCED_FACE('',(#1460),#1447,.T.);
#1460 = FACE_BOUND('',#1461,.T.);
#1461 = EDGE_LOOP('',(#1462,#1463,#1486,#1513));
#1462 = ORIENTED_EDGE('',*,*,#1432,.T.);
#1463 = ORIENTED_EDGE('',*,*,#1464,.T.);
#1464 = EDGE_CURVE('',#1410,#1465,#1467,.T.);
#1465 = VERTEX_POINT('',#1466);
#1466 = CARTESIAN_POINT('',(49.924001336542,0.,777.571));
#1467 = SEAM_CURVE('',#1468,(#1472,#1479),.PCURVE_S1.);
#1468 = LINE('',#1469,#1470);
#1469 = CARTESIAN_POINT('',(49.796517880654,0.,773.008));
#1470 = VECTOR('',#1471,1.);
#1471 = DIRECTION('',(2.792762014111E-02,0.,0.999609947946));
#1472 = PCURVE('',#1447,#1473);
#1473 = DEFINITIONAL_REPRESENTATION('',(#1474),#1478);
#1474 = LINE('',#1475,#1476);
#1475 = CARTESIAN_POINT('',(6.28318530718,0.));
#1476 = VECTOR('',#1477,1.);
#1477 = DIRECTION('',(0.,1.));
#1478 = ( GEOMETRIC_REPRESENTATION_CONTEXT(2) 
PARAMETRIC_REPRESENTATION_CONTEXT() REPRESENTATION_CONTEXT('2D SPACE',''
  ) );
#1479 = PCURVE('',#1447,#1480);
#1480 = DEFINITIONAL_REPRESENTATION('',(#1481),#1485);
#1481 = LINE('',#1482,#1483);
#1482 = CARTESIAN_POINT('',(4.138911435803E-13,0.));
#1483 = VECTOR('',#1484,1.);
#1484 = DIRECTION('',(0.,1.));
#1485 = ( GEOMETRIC_REPRESENTATION_CONTEXT(2) 
PARAMETRIC_REPRESENTATION_CONTEXT() REPRESENTATION_CONTEXT('2D SPACE',''
  ) );
#1486 = ORIENTED_EDGE('',*,*,#1487,.F.);
#1487 = EDGE_CURVE('',#1465,#1465,#1488,.T.);
#1488 = SURFACE_CURVE('',#1489,(#1494,#1501),.PCURVE_S1.);
#1489 = CIRCLE('',#1490,49.924001336542);
#1490 = AXIS2_PLACEMENT_3D('',#1491,#1492,#1493);
#1491 = CARTESIAN_POINT('',(0.,0.,777.571));
#1492 = DIRECTION('',(0.,0.,1.));
#1493 = DIRECTION('',(1.,0.,0.));
#1494 = PCURVE('',#1447,#1495);
#1495 = DEFINITIONAL_REPRESENTATION('',(#1496),#1500);
#1496 = LINE('',#1497,#1498);
#1497 = CARTESIAN_POINT('',(0.,4.563));
#1498 = VECTOR('',#1499,1.);
#1499 = DIRECTION('',(1.,0.));
#1500 = ( GEOMETRIC_REPRESENTATION_CONTEXT(2) 
PARAMETRIC_REPRESENTATION_CONTEXT() REPRESENTATION_CONTEXT('2D SPACE',''
  ) );
#1501 = PCURVE('',#1502,#1507);
#1502 = CONICAL_SURFACE('',#1503,49.924001336542,2.753824406074E-02);
#1503 = AXIS2_PLACEMENT_3D('',#1504,#1505,#1506);
#1504 = CARTESIAN_POINT('',(0.,0.,777.571));
#1505 = DIRECTION('',(0.,0.,1.));
#1506 = DIRECTION('',(1.,0.,0.));
#1507 = DEFINITIONAL_REPRESENTATION('',(#1508),#1512);
#1508 = LINE('',#1509,#1510);
#1509 = CARTESIAN_POINT('',(0.,0.));
#1510 = VECTOR('',#1511,1.);
#1511 = DIRECTION('',(1.,0.));
#1512 = ( GEOMETRIC_REPRESENTATION_CONTEXT(2) 
PARAMETRIC_REPRESENTATION_CONTEXT() REPRESENTATION_CONTEXT('2D SPACE',''
  ) );
#1513 = ORIENTED_EDGE('',*,*,#1464,.F.);
#1514 = ADVANCED_FACE('',(#1515),#1502,.T.);
#1515 = FACE_BOUND('',#1516,.T.);
#1516 = EDGE_LOOP('',(#1517,#1518,#1541,#1568));
#1517 = ORIENTED_EDGE('',*,*,#1487,.T.);
#1518 = ORIENTED_EDGE('',*,*,#1519,.T.);
#1519 = EDGE_CURVE('',#1465,#1520,#1522,.T.);
#1520 = VERTEX_POINT('',#1521);
#1521 = CARTESIAN_POINT('',(50.049690118031,0.,782.134));
#1522 = SEAM_CURVE('',#1523,(#1527,#1534),.PCURVE_S1.);
#1523 = LINE('',#1524,#1525);
#1524 = CARTESIAN_POINT('',(49.924001336542,0.,777.571));
#1525 = VECTOR('',#1526,1.);
#1526 = DIRECTION('',(2.753476356573E-02,0.,0.999620846519));
#1527 = PCURVE('',#1502,#1528);
#1528 = DEFINITIONAL_REPRESENTATION('',(#1529),#1533);
#1529 = LINE('',#1530,#1531);
#1530 = CARTESIAN_POINT('',(6.28318530718,0.));
#1531 = VECTOR('',#1532,1.);
#1532 = DIRECTION('',(0.,1.));
#1533 = ( GEOMETRIC_REPRESENTATION_CONTEXT(2) 
PARAMETRIC_REPRESENTATION_CONTEXT() REPRESENTATION_CONTEXT('2D SPACE',''
  ) );
#1534 = PCURVE('',#1502,#1535);
#1535 = DEFINITIONAL_REPRESENTATION('',(#1536),#1540);
#1536 = LINE('',#1537,#1538);
#1537 = CARTESIAN_POINT('',(4.138911435803E-13,0.));
#1538 = VECTOR('',#1539,1.);
#1539 = DIRECTION('',(0.,1.));
#1540 = ( GEOMETRIC_REPRESENTATION_CONTEXT(2) 
PARAMETRIC_REPRESENTATION_CONTEXT() REPRESENTATION_CONTEXT('2D SPACE',''
  ) );
#1541 = ORIENTED_EDGE('',*,*,#1542,.F.);
#1542 = EDGE_CURVE('',#1520,#1520,#1543,.T.);
#1543 = SURFACE_CURVE('',#1544,(#1549,#1556),.PCURVE_S1.);
#1544 = CIRCLE('',#1545,50.049690118031);
#1545 = AXIS2_PLACEMENT_3D('',#1546,#1547,#1548);
#1546 = CARTESIAN_POINT('',(0.,0.,782.134));
#1547 = DIRECTION('',(0.,0.,1.));
#1548 = DIRECTION('',(1.,0.,0.));
#1549 = PCURVE('',#1502,#1550);
#1550 = DEFINITIONAL_REPRESENTATION('',(#1551),#1555);
#1551 = LINE('',#1552,#1553);
#1552 = CARTESIAN_POINT('',(0.,4.563));
#1553 = VECTOR('',#1554,1.);
#1554 = DIRECTION('',(1.,0.));
#1555 = ( GEOMETRIC_REPRESENTATION_CONTEXT(2) 
PARAMETRIC_REPRESENTATION_CONTEXT() REPRESENTATION_CONTEXT('2D SPACE',''
  ) );
#1556 = PCURVE('',#1557,#1562);
#1557 = CONICAL_SURFACE('',#1558,50.049690118031,2.713352041885E-02);
#1558 = AXIS2_PLACEMENT_3D('',#1559,#1560,#1561);
#1559 = CARTESIAN_POINT('',(0.,0.,782.134));
#1560 = DIRECTION('',(0.,0.,1.));
#1561 = DIRECTION('',(1.,0.,0.));
#1562 = DEFINITIONAL_REPRESENTATION('',(#1563),#1567);
#1563 = LINE('',#1564,#1565);
#1564 = CARTESIAN_POINT('',(0.,0.));
#1565 = VECTOR('',#1566,1.);
#1566 = DIRECTION('',(1.,0.));
#1567 = ( GEOMETRIC_REPRESENTATION_CONTEXT(2) 
PARAMETRIC_REPRESENTATION_CONTEXT() REPRESENTATION_CONTEXT('2D SPACE',''
  ) );
#1568 = ORIENTED_EDGE('',*,*,#1519,.F.);
#1569 = ADVANCED_FACE('',(#1570),#1557,.T.);
#1570 = FACE_BOUND('',#1571,.T.);
#1571 = EDGE_LOOP('',(#1572,#1573,#1596,#1623));
#1572 = ORIENTED_EDGE('',*,*,#1542,.T.);
#1573 = ORIENTED_EDGE('',*,*,#1574,.T.);
#1574 = EDGE_CURVE('',#1520,#1575,#1577,.T.);
#1575 = VERTEX_POINT('',#1576);
#1576 = CARTESIAN_POINT('',(50.173530764842,0.,786.697));
#1577 = SEAM_CURVE('',#1578,(#1582,#1589),.PCURVE_S1.);
#1578 = LINE('',#1579,#1580);
#1579 = CARTESIAN_POINT('',(50.049690118031,0.,782.134));
#1580 = VECTOR('',#1581,1.);
#1581 = DIRECTION('',(2.713019113215E-02,0.,0.999631908619));
#1582 = PCURVE('',#1557,#1583);
#1583 = DEFINITIONAL_REPRESENTATION('',(#1584),#1588);
#1584 = LINE('',#1585,#1586);
#1585 = CARTESIAN_POINT('',(6.28318530718,0.));
#1586 = VECTOR('',#1587,1.);
#1587 = DIRECTION('',(0.,1.));
#1588 = ( GEOMETRIC_REPRESENTATION_CONTEXT(2) 
PARAMETRIC_REPRESENTATION_CONTEXT() REPRESENTATION_CONTEXT('2D SPACE',''
  ) );
#1589 = PCURVE('',#1557,#1590);
#1590 = DEFINITIONAL_REPRESENTATION('',(#1591),#1595);
#1591 = LINE('',#1592,#1593);
#1592 = CARTESIAN_POINT('',(4.138911435803E-13,0.));
#1593 = VECTOR('',#1594,1.);
#1594 = DIRECTION('',(0.,1.));
#1595 = ( GEOMETRIC_REPRESENTATION_CONTEXT(2) 
PARAMETRIC_REPRESENTATION_CONTEXT() REPRESENTATION_CONTEXT('2D SPACE',''
  ) );
#1596 = ORIENTED_EDGE('',*,*,#1597,.F.);
#1597 = EDGE_CURVE('',#1575,#1575,#1598,.T.);
#1598 = SURFACE_CURVE('',#1599,(#1604,#1611),.PCURVE_S1.);
#1599 = CIRCLE('',#1600,50.173530764842);
#1600 = AXIS2_PLACEMENT_3D('',#1601,#1602,#1603);
#1601 = CARTESIAN_POINT('',(0.,0.,786.697));
#1602 = DIRECTION('',(0.,0.,1.));
#1603 = DIRECTION('',(1.,0.,0.));
#1604 = PCURVE('',#1557,#1605);
#1605 = DEFINITIONAL_REPRESENTATION('',(#1606),#1610);
#1606 = LINE('',#1607,#1608);
#1607 = CARTESIAN_POINT('',(0.,4.563));
#1608 = VECTOR('',#1609,1.);
#1609 = DIRECTION('',(1.,0.));
#1610 = ( GEOMETRIC_REPRESENTATION_CONTEXT(2) 
PARAMETRIC_REPRESENTATION_CONTEXT() REPRESENTATION_CONTEXT('2D SPACE',''
  ) );
#1611 = PCURVE('',#1612,#1617);
#1612 = CONICAL_SURFACE('',#1613,50.173530764842,2.671708021232E-02);
#1613 = AXIS2_PLACEMENT_3D('',#1614,#1615,#1616);
#1614 = CARTESIAN_POINT('',(0.,0.,786.697));
#1615 = DIRECTION('',(0.,0.,1.));
#1616 = DIRECTION('',(1.,0.,0.));
#1617 = DEFINITIONAL_REPRESENTATION('',(#1618),#1622);
#1618 = LINE('',#1619,#1620);
#1619 = CARTESIAN_POINT('',(0.,0.));
#1620 = VECTOR('',#1621,1.);
#1621 = DIRECTION('',(1.,0.));
#1622 = ( GEOMETRIC_REPRESENTATION_CONTEXT(2) 
PARAMETRIC_REPRESENTATION_CONTEXT() REPRESENTATION_CONTEXT('2D SPACE',''
  ) );
#1623 = ORIENTED_EDGE('',*,*,#1574,.F.);
#1624 = ADVANCED_FACE('',(#1625),#1612,.T.);
#1625 = FACE_BOUND('',#1626,.T.);
#1626 = EDGE_LOOP('',(#1627,#1628,#1651,#1678));
#1627 = ORIENTED_EDGE('',*,*,#1597,.T.);
#1628 = ORIENTED_EDGE('',*,*,#1629,.T.);
#1629 = EDGE_CURVE('',#1575,#1630,#1632,.T.);
#1630 = VERTEX_POINT('',#1631);
#1631 = CARTESIAN_POINT('',(50.295469816693,0.,791.26));
#1632 = SEAM_CURVE('',#1633,(#1637,#1644),.PCURVE_S1.);
#1633 = LINE('',#1634,#1635);
#1634 = CARTESIAN_POINT('',(50.173530764842,0.,786.697));
#1635 = VECTOR('',#1636,1.);
#1636 = DIRECTION('',(2.671390187313E-02,0.,0.999643120042));
#1637 = PCURVE('',#1612,#1638);
#1638 = DEFINITIONAL_REPRESENTATION('',(#1639),#1643);
#1639 = LINE('',#1640,#1641);
#1640 = CARTESIAN_POINT('',(6.28318530718,0.));
#1641 = VECTOR('',#1642,1.);
#1642 = DIRECTION('',(0.,1.));
#1643 = ( GEOMETRIC_REPRESENTATION_CONTEXT(2) 
PARAMETRIC_REPRESENTATION_CONTEXT() REPRESENTATION_CONTEXT('2D SPACE',''
  ) );
#1644 = PCURVE('',#1612,#1645);
#1645 = DEFINITIONAL_REPRESENTATION('',(#1646),#1650);
#1646 = LINE('',#1647,#1648);
#1647 = CARTESIAN_POINT('',(4.138911435803E-13,0.));
#1648 = VECTOR('',#1649,1.);
#1649 = DIRECTION('',(0.,1.));
#1650 = ( GEOMETRIC_REPRESENTATION_CONTEXT(2) 
PARAMETRIC_REPRESENTATION_CONTEXT() REPRESENTATION_CONTEXT('2D SPACE',''
  ) );
#1651 = ORIENTED_EDGE('',*,*,#1652,.F.);
#1652 = EDGE_CURVE('',#1630,#1630,#1653,.T.);
#1653 = SURFACE_CURVE('',#1654,(#1659,#1666),.PCURVE_S1.);
#1654 = CIRCLE('',#1655,50.295469816693);
#1655 = AXIS2_PLACEMENT_3D('',#1656,#1657,#1658);
#1656 = CARTESIAN_POINT('',(0.,0.,791.26));
#1657 = DIRECTION('',(0.,0.,1.));
#1658 = DIRECTION('',(1.,0.,0.));
#1659 = PCURVE('',#1612,#1660);
#1660 = DEFINITIONAL_REPRESENTATION('',(#1661),#1665);
#1661 = LINE('',#1662,#1663);
#1662 = CARTESIAN_POINT('',(0.,4.563));
#1663 = VECTOR('',#1664,1.);
#1664 = DIRECTION('',(1.,0.));
#1665 = ( GEOMETRIC_REPRESENTATION_CONTEXT(2) 
PARAMETRIC_REPRESENTATION_CONTEXT() REPRESENTATION_CONTEXT('2D SPACE',''
  ) );
#1666 = PCURVE('',#1667,#1672);
#1667 = CONICAL_SURFACE('',#1668,50.295469816693,2.628892279759E-02);
#1668 = AXIS2_PLACEMENT_3D('',#1669,#1670,#1671);
#1669 = CARTESIAN_POINT('',(0.,0.,791.26));
#1670 = DIRECTION('',(0.,0.,1.));
#1671 = DIRECTION('',(1.,0.,0.));
#1672 = DEFINITIONAL_REPRESENTATION('',(#1673),#1677);
#1673 = LINE('',#1674,#1675);
#1674 = CARTESIAN_POINT('',(0.,0.));
#1675 = VECTOR('',#1676,1.);
#1676 = DIRECTION('',(1.,0.));
#1677 = ( GEOMETRIC_REPRESENTATION_CONTEXT(2) 
PARAMETRIC_REPRESENTATION_CONTEXT() REPRESENTATION_CONTEXT('2D SPACE',''
  ) );
#1678 = ORIENTED_EDGE('',*,*,#1629,.F.);
#1679 = ADVANCED_FACE('',(#1680),#1667,.T.);
#1680 = FACE_BOUND('',#1681,.T.);
#1681 = EDGE_LOOP('',(#1682,#1683,#1706,#1733));
#1682 = ORIENTED_EDGE('',*,*,#1652,.T.);
#1683 = ORIENTED_EDGE('',*,*,#1684,.T.);
#1684 = EDGE_CURVE('',#1630,#1685,#1687,.T.);
#1685 = VERTEX_POINT('',#1686);
#1686 = CARTESIAN_POINT('',(50.415453813304,0.,795.823));
#1687 = SEAM_CURVE('',#1688,(#1692,#1699),.PCURVE_S1.);
#1688 = LINE('',#1689,#1690);
#1689 = CARTESIAN_POINT('',(50.295469816693,0.,791.26));
#1690 = VECTOR('',#1691,1.);
#1691 = DIRECTION('',(2.628589482377E-02,0.,0.99965446617));
#1692 = PCURVE('',#1667,#1693);
#1693 = DEFINITIONAL_REPRESENTATION('',(#1694),#1698);
#1694 = LINE('',#1695,#1696);
#1695 = CARTESIAN_POINT('',(6.28318530718,0.));
#1696 = VECTOR('',#1697,1.);
#1697 = DIRECTION('',(0.,1.));
#1698 = ( GEOMETRIC_REPRESENTATION_CONTEXT(2) 
PARAMETRIC_REPRESENTATION_CONTEXT() REPRESENTATION_CONTEXT('2D SPACE',''
  ) );
#1699 = PCURVE('',#1667,#1700);
#1700 = DEFINITIONAL_REPRESENTATION('',(#1701),#1705);
#1701 = LINE('',#1702,#1703);
#1702 = CARTESIAN_POINT('',(4.138911435803E-13,0.));
#1703 = VECTOR('',#1704,1.);
#1704 = DIRECTION('',(0.,1.));
#1705 = ( GEOMETRIC_REPRESENTATION_CONTEXT(2) 
PARAMETRIC_REPRESENTATION_CONTEXT() REPRESENTATION_CONTEXT('2D SPACE',''
  ) );
#1706 = ORIENTED_EDGE('',*,*,#1707,.F.);
#1707 = EDGE_CURVE('',#1685,#1685,#1708,.T.);
#1708 = SURFACE_CURVE('',#1709,(#1714,#1721),.PCURVE_S1.);
#1709 = CIRCLE('',#1710,50.415453813304);
#1710 = AXIS2_PLACEMENT_3D('',#1711,#1712,#1713);
#1711 = CARTESIAN_POINT('',(0.,0.,795.823));
#1712 = DIRECTION('',(0.,0.,1.));
#1713 = DIRECTION('',(1.,0.,0.));
#1714 = PCURVE('',#1667,#1715);
#1715 = DEFINITIONAL_REPRESENTATION('',(#1716),#1720);
#1716 = LINE('',#1717,#1718);
#1717 = CARTESIAN_POINT('',(0.,4.563));
#1718 = VECTOR('',#1719,1.);
#1719 = DIRECTION('',(1.,0.));
#1720 = ( GEOMETRIC_REPRESENTATION_CONTEXT(2) 
PARAMETRIC_REPRESENTATION_CONTEXT() REPRESENTATION_CONTEXT('2D SPACE',''
  ) );
#1721 = PCURVE('',#1722,#1727);
#1722 = CONICAL_SURFACE('',#1723,50.415453813304,2.584904753419E-02);
#1723 = AXIS2_PLACEMENT_3D('',#1724,#1725,#1726);
#1724 = CARTESIAN_POINT('',(0.,0.,795.823));
#1725 = DIRECTION('',(0.,0.,1.));
#1726 = DIRECTION('',(1.,0.,0.));
#1727 = DEFINITIONAL_REPRESENTATION('',(#1728),#1732);
#1728 = LINE('',#1729,#1730);
#1729 = CARTESIAN_POINT('',(0.,0.));
#1730 = VECTOR('',#1731,1.);
#1731 = DIRECTION('',(1.,0.));
#1732 = ( GEOMETRIC_REPRESENTATION_CONTEXT(2) 
PARAMETRIC_REPRESENTATION_CONTEXT() REPRESENTATION_CONTEXT('2D SPACE',''
  ) );
#1733 = ORIENTED_EDGE('',*,*,#1684,.F.);
#1734 = ADVANCED_FACE('',(#1735),#1722,.T.);
#1735 = FACE_BOUND('',#1736,.T.);
#1736 = EDGE_LOOP('',(#1737,#1738,#1761,#1788));
#1737 = ORIENTED_EDGE('',*,*,#1707,.T.);
#1738 = ORIENTED_EDGE('',*,*,#1739,.T.);
#1739 = EDGE_CURVE('',#1685,#1740,#1742,.T.);
#1740 = VERTEX_POINT('',#1741);
#1741 = CARTESIAN_POINT('',(50.533429294393,0.,800.386));
#1742 = SEAM_CURVE('',#1743,(#1747,#1754),.PCURVE_S1.);
#1743 = LINE('',#1744,#1745);
#1744 = CARTESIAN_POINT('',(50.415453813304,0.,795.823));
#1745 = VECTOR('',#1746,1.);
#1746 = DIRECTION('',(2.584616902324E-02,0.,0.999665931973));
#1747 = PCURVE('',#1722,#1748);
#1748 = DEFINITIONAL_REPRESENTATION('',(#1749),#1753);
#1749 = LINE('',#1750,#1751);
#1750 = CARTESIAN_POINT('',(6.28318530718,0.));
#1751 = VECTOR('',#1752,1.);
#1752 = DIRECTION('',(0.,1.));
#1753 = ( GEOMETRIC_REPRESENTATION_CONTEXT(2) 
PARAMETRIC_REPRESENTATION_CONTEXT() REPRESENTATION_CONTEXT('2D SPACE',''
  ) );
#1754 = PCURVE('',#1722,#1755);
#1755 = DEFINITIONAL_REPRESENTATION('',(#1756),#1760);
#1756 = LINE('',#1757,#1758);
#1757 = CARTESIAN_POINT('',(4.138911435803E-13,0.));
#1758 = VECTOR('',#1759,1.);
#1759 = DIRECTION('',(0.,1.));
#1760 = ( GEOMETRIC_REPRESENTATION_CONTEXT(2) 
PARAMETRIC_REPRESENTATION_CONTEXT() REPRESENTATION_CONTEXT('2D SPACE',''
  ) );
#1761 = ORIENTED_EDGE('',*,*,#1762,.F.);
#1762 = EDGE_CURVE('',#1740,#1740,#1763,.T.);
#1763 = SURFACE_CURVE('',#1764,(#1769,#1776),.PCURVE_S1.);
#1764 = CIRCLE('',#1765,50.533429294393);
#1765 = AXIS2_PLACEMENT_3D('',#1766,#1767,#1768);
#1766 = CARTESIAN_POINT('',(0.,0.,800.386));
#1767 = DIRECTION('',(0.,0.,1.));
#1768 = DIRECTION('',(1.,0.,0.));
#1769 = PCURVE('',#1722,#1770);
#1770 = DEFINITIONAL_REPRESENTATION('',(#1771),#1775);
#1771 = LINE('',#1772,#1773);
#1772 = CARTESIAN_POINT('',(0.,4.563));
#1773 = VECTOR('',#1774,1.);
#1774 = DIRECTION('',(1.,0.));
#1775 = ( GEOMETRIC_REPRESENTATION_CONTEXT(2) 
PARAMETRIC_REPRESENTATION_CONTEXT() REPRESENTATION_CONTEXT('2D SPACE',''
  ) );
#1776 = PCURVE('',#1777,#1782);
#1777 = CONICAL_SURFACE('',#1778,50.533429294393,2.539745378644E-02);
#1778 = AXIS2_PLACEMENT_3D('',#1779,#1780,#1781);
#1779 = CARTESIAN_POINT('',(0.,0.,800.386));
#1780 = DIRECTION('',(0.,0.,1.));
#1781 = DIRECTION('',(1.,0.,0.));
#1782 = DEFINITIONAL_REPRESENTATION('',(#1783),#1787);
#1783 = LINE('',#1784,#1785);
#1784 = CARTESIAN_POINT('',(0.,0.));
#1785 = VECTOR('',#1786,1.);
#1786 = DIRECTION('',(1.,0.));
#1787 = ( GEOMETRIC_REPRESENTATION_CONTEXT(2) 
PARAMETRIC_REPRESENTATION_CONTEXT() REPRESENTATION_CONTEXT('2D SPACE',''
  ) );
#1788 = ORIENTED_EDGE('',*,*,#1739,.F.);
#1789 = ADVANCED_FACE('',(#1790),#1777,.T.);
#1790 = FACE_BOUND('',#1791,.T.);
#1791 = EDGE_LOOP('',(#1792,#1793,#1816,#1843));
#1792 = ORIENTED_EDGE('',*,*,#1762,.T.);
#1793 = ORIENTED_EDGE('',*,*,#1794,.T.);
#1794 = EDGE_CURVE('',#1740,#1795,#1797,.T.);
#1795 = VERTEX_POINT('',#1796);
#1796 = CARTESIAN_POINT('',(50.649342799681,0.,804.949));
#1797 = SEAM_CURVE('',#1798,(#1802,#1809),.PCURVE_S1.);
#1798 = LINE('',#1799,#1800);
#1799 = CARTESIAN_POINT('',(50.533429294393,0.,800.386));
#1800 = VECTOR('',#1801,1.);
#1801 = DIRECTION('',(2.539472351851E-02,0.,0.999677502006));
#1802 = PCURVE('',#1777,#1803);
#1803 = DEFINITIONAL_REPRESENTATION('',(#1804),#1808);
#1804 = LINE('',#1805,#1806);
#1805 = CARTESIAN_POINT('',(6.28318530718,0.));
#1806 = VECTOR('',#1807,1.);
#1807 = DIRECTION('',(0.,1.));
#1808 = ( GEOMETRIC_REPRESENTATION_CONTEXT(2) 
PARAMETRIC_REPRESENTATION_CONTEXT() REPRESENTATION_CONTEXT('2D SPACE',''
  ) );
#1809 = PCURVE('',#1777,#1810);
#1810 = DEFINITIONAL_REPRESENTATION('',(#1811),#1815);
#1811 = LINE('',#1812,#1813);
#1812 = CARTESIAN_POINT('',(4.138911435803E-13,0.));
#1813 = VECTOR('',#1814,1.);
#1814 = DIRECTION('',(0.,1.));
#1815 = ( GEOMETRIC_REPRESENTATION_CONTEXT(2) 
PARAMETRIC_REPRESENTATION_CONTEXT() REPRESENTATION_CONTEXT('2D SPACE',''
  ) );
#1816 = ORIENTED_EDGE('',*,*,#1817,.F.);
#1817 = EDGE_CURVE('',#1795,#1795,#1818,.T.);
#1818 = SURFACE_CURVE('',#1819,(#1824,#1831),.PCURVE_S1.);
#1819 = CIRCLE('',#1820,50.649342799681);
#1820 = AXIS2_PLACEMENT_3D('',#1821,#1822,#1823);
#1821 = CARTESIAN_POINT('',(0.,0.,804.949));
#1822 = DIRECTION('',(0.,0.,1.));
#1823 = DIRECTION('',(1.,0.,0.));
#1824 = PCURVE('',#1777,#1825);
#1825 = DEFINITIONAL_REPRESENTATION('',(#1826),#1830);
#1826 = LINE('',#1827,#1828);
#1827 = CARTESIAN_POINT('',(0.,4.563));
#1828 = VECTOR('',#1829,1.);
#1829 = DIRECTION('',(1.,0.));
#1830 = ( GEOMETRIC_REPRESENTATION_CONTEXT(2) 
PARAMETRIC_REPRESENTATION_CONTEXT() REPRESENTATION_CONTEXT('2D SPACE',''
  ) );
#1831 = PCURVE('',#1832,#1837);
#1832 = CONICAL_SURFACE('',#1833,50.649342799681,2.49341409253E-02);
#1833 = AXIS2_PLACEMENT_3D('',#1834,#1835,#1836);
#1834 = CARTESIAN_POINT('',(0.,0.,804.949));
#1835 = DIRECTION('',(0.,0.,1.));
#1836 = DIRECTION('',(1.,0.,0.));
#1837 = DEFINITIONAL_REPRESENTATION('',(#1838),#1842);
#1838 = LINE('',#1839,#1840);
#1839 = CARTESIAN_POINT('',(0.,0.));
#1840 = VECTOR('',#1841,1.);
#1841 = DIRECTION('',(1.,0.));
#1842 = ( GEOMETRIC_REPRESENTATION_CONTEXT(2) 
PARAMETRIC_REPRESENTATION_CONTEXT() REPRESENTATION_CONTEXT('2D SPACE',''
  ) );
#1843 = ORIENTED_EDGE('',*,*,#1794,.F.);
#1844 = ADVANCED_FACE('',(#1845),#1832,.T.);
#1845 = FACE_BOUND('',#1846,.T.);
#1846 = EDGE_LOOP('',(#1847,#1848,#1871,#1898));
#1847 = ORIENTED_EDGE('',*,*,#1817,.T.);
#1848 = ORIENTED_EDGE('',*,*,#1849,.T.);
#1849 = EDGE_CURVE('',#1795,#1850,#1852,.T.);
#1850 = VERTEX_POINT('',#1851);
#1851 = CARTESIAN_POINT('',(50.763140868885,0.,809.512));
#1852 = SEAM_CURVE('',#1853,(#1857,#1864),.PCURVE_S1.);
#1853 = LINE('',#1854,#1855);
#1854 = CARTESIAN_POINT('',(50.649342799681,0.,804.949));
#1855 = VECTOR('',#1856,1.);
#1856 = DIRECTION('',(2.493155736574E-02,0.,0.999689160413));
#1857 = PCURVE('',#1832,#1858);
#1858 = DEFINITIONAL_REPRESENTATION('',(#1859),#1863);
#1859 = LINE('',#1860,#1861);
#1860 = CARTESIAN_POINT('',(6.28318530718,0.));
#1861 = VECTOR('',#1862,1.);
#1862 = DIRECTION('',(0.,1.));
#1863 = ( GEOMETRIC_REPRESENTATION_CONTEXT(2) 
PARAMETRIC_REPRESENTATION_CONTEXT() REPRESENTATION_CONTEXT('2D SPACE',''
  ) );
#1864 = PCURVE('',#1832,#1865);
#1865 = DEFINITIONAL_REPRESENTATION('',(#1866),#1870);
#1866 = LINE('',#1867,#1868);
#1867 = CARTESIAN_POINT('',(4.138911435803E-13,0.));
#1868 = VECTOR('',#1869,1.);
#1869 = DIRECTION('',(0.,1.));
#1870 = ( GEOMETRIC_REPRESENTATION_CONTEXT(2) 
PARAMETRIC_REPRESENTATION_CONTEXT() REPRESENTATION_CONTEXT('2D SPACE',''
  ) );
#1871 = ORIENTED_EDGE('',*,*,#1872,.F.);
#1872 = EDGE_CURVE('',#1850,#1850,#1873,.T.);
#1873 = SURFACE_CURVE('',#1874,(#1879,#1886),.PCURVE_S1.);
#1874 = CIRCLE('',#1875,50.763140868885);
#1875 = AXIS2_PLACEMENT_3D('',#1876,#1877,#1878);
#1876 = CARTESIAN_POINT('',(0.,0.,809.512));
#1877 = DIRECTION('',(0.,0.,1.));
#1878 = DIRECTION('',(1.,0.,0.));
#1879 = PCURVE('',#1832,#1880);
#1880 = DEFINITIONAL_REPRESENTATION('',(#1881),#1885);
#1881 = LINE('',#1882,#1883);
#1882 = CARTESIAN_POINT('',(0.,4.563));
#1883 = VECTOR('',#1884,1.);
#1884 = DIRECTION('',(1.,0.));
#1885 = ( GEOMETRIC_REPRESENTATION_CONTEXT(2) 
PARAMETRIC_REPRESENTATION_CONTEXT() REPRESENTATION_CONTEXT('2D SPACE',''
  ) );
#1886 = PCURVE('',#1887,#1892);
#1887 = CONICAL_SURFACE('',#1888,50.763140868885,2.44591083302E-02);
#1888 = AXIS2_PLACEMENT_3D('',#1889,#1890,#1891);
#1889 = CARTESIAN_POINT('',(0.,0.,809.512));
#1890 = DIRECTION('',(0.,0.,1.));
#1891 = DIRECTION('',(1.,0.,0.));
#1892 = DEFINITIONAL_REPRESENTATION('',(#1893),#1897);
#1893 = LINE('',#1894,#1895);
#1894 = CARTESIAN_POINT('',(0.,0.));
#1895 = VECTOR('',#1896,1.);
#1896 = DIRECTION('',(1.,0.));
#1897 = ( GEOMETRIC_REPRESENTATION_CONTEXT(2) 
PARAMETRIC_REPRESENTATION_CONTEXT() REPRESENTATION_CONTEXT('2D SPACE',''
  ) );
#1898 = ORIENTED_EDGE('',*,*,#1849,.F.);
#1899 = ADVANCED_FACE('',(#1900),#1887,.T.);
#1900 = FACE_BOUND('',#1901,.T.);
#1901 = EDGE_LOOP('',(#1902,#1903,#1926,#1953));
#1902 = ORIENTED_EDGE('',*,*,#1872,.T.);
#1903 = ORIENTED_EDGE('',*,*,#1904,.T.);
#1904 = EDGE_CURVE('',#1850,#1905,#1907,.T.);
#1905 = VERTEX_POINT('',#1906);
#1906 = CARTESIAN_POINT('',(50.874770041726,0.,814.075));
#1907 = SEAM_CURVE('',#1908,(#1912,#1919),.PCURVE_S1.);
#1908 = LINE('',#1909,#1910);
#1909 = CARTESIAN_POINT('',(50.763140868885,0.,809.512));
#1910 = VECTOR('',#1911,1.);
#1911 = DIRECTION('',(2.445666963446E-02,0.,0.999700890922));
#1912 = PCURVE('',#1887,#1913);
#1913 = DEFINITIONAL_REPRESENTATION('',(#1914),#1918);
#1914 = LINE('',#1915,#1916);
#1915 = CARTESIAN_POINT('',(6.28318530718,0.));
#1916 = VECTOR('',#1917,1.);
#1917 = DIRECTION('',(0.,1.));
#1918 = ( GEOMETRIC_REPRESENTATION_CONTEXT(2) 
PARAMETRIC_REPRESENTATION_CONTEXT() REPRESENTATION_CONTEXT('2D SPACE',''
  ) );
#1919 = PCURVE('',#1887,#1920);
#1920 = DEFINITIONAL_REPRESENTATION('',(#1921),#1925);
#1921 = LINE('',#1922,#1923);
#1922 = CARTESIAN_POINT('',(4.138911435803E-13,0.));
#1923 = VECTOR('',#1924,1.);
#1924 = DIRECTION('',(0.,1.));
#1925 = ( GEOMETRIC_REPRESENTATION_CONTEXT(2) 
PARAMETRIC_REPRESENTATION_CONTEXT() REPRESENTATION_CONTEXT('2D SPACE',''
  ) );
#1926 = ORIENTED_EDGE('',*,*,#1927,.F.);
#1927 = EDGE_CURVE('',#1905,#1905,#1928,.T.);
#1928 = SURFACE_CURVE('',#1929,(#1934,#1941),.PCURVE_S1.);
#1929 = CIRCLE('',#1930,50.874770041726);
#1930 = AXIS2_PLACEMENT_3D('',#1931,#1932,#1933);
#1931 = CARTESIAN_POINT('',(0.,0.,814.075));
#1932 = DIRECTION('',(0.,0.,1.));
#1933 = DIRECTION('',(1.,0.,0.));
#1934 = PCURVE('',#1887,#1935);
#1935 = DEFINITIONAL_REPRESENTATION('',(#1936),#1940);
#1936 = LINE('',#1937,#1938);
#1937 = CARTESIAN_POINT('',(0.,4.563));
#1938 = VECTOR('',#1939,1.);
#1939 = DIRECTION('',(1.,0.));
#1940 = ( GEOMETRIC_REPRESENTATION_CONTEXT(2) 
PARAMETRIC_REPRESENTATION_CONTEXT() REPRESENTATION_CONTEXT('2D SPACE',''
  ) );
#1941 = PCURVE('',#1942,#1947);
#1942 = CONICAL_SURFACE('',#1943,50.874770041726,2.397235539099E-02);
#1943 = AXIS2_PLACEMENT_3D('',#1944,#1945,#1946);
#1944 = CARTESIAN_POINT('',(0.,0.,814.075));
#1945 = DIRECTION('',(0.,0.,1.));
#1946 = DIRECTION('',(1.,0.,0.));
#1947 = DEFINITIONAL_REPRESENTATION('',(#1948),#1952);
#1948 = LINE('',#1949,#1950);
#1949 = CARTESIAN_POINT('',(0.,0.));
#1950 = VECTOR('',#1951,1.);
#1951 = DIRECTION('',(1.,0.));
#1952 = ( GEOMETRIC_REPRESENTATION_CONTEXT(2) 
PARAMETRIC_REPRESENTATION_CONTEXT() REPRESENTATION_CONTEXT('2D SPACE',''
  ) );
#1953 = ORIENTED_EDGE('',*,*,#1904,.F.);
#1954 = ADVANCED_FACE('',(#1955),#1942,.T.);
#1955 = FACE_BOUND('',#1956,.T.);
#1956 = EDGE_LOOP('',(#1957,#1958,#1981,#2008));
#1957 = ORIENTED_EDGE('',*,*,#1927,.T.);
#1958 = ORIENTED_EDGE('',*,*,#1959,.T.);
#1959 = EDGE_CURVE('',#1905,#1960,#1962,.T.);
#1960 = VERTEX_POINT('',#1961);
#1961 = CARTESIAN_POINT('',(50.984176857923,0.,818.638));
#1962 = SEAM_CURVE('',#1963,(#1967,#1974),.PCURVE_S1.);
#1963 = LINE('',#1964,#1965);
#1964 = CARTESIAN_POINT('',(50.874770041726,0.,814.075));
#1965 = VECTOR('',#1966,1.);
#1966 = DIRECTION('',(2.397005940937E-02,0.,0.999712676849));
#1967 = PCURVE('',#1942,#1968);
#1968 = DEFINITIONAL_REPRESENTATION('',(#1969),#1973);
#1969 = LINE('',#1970,#1971);
#1970 = CARTESIAN_POINT('',(6.28318530718,0.));
#1971 = VECTOR('',#1972,1.);
#1972 = DIRECTION('',(0.,1.));
#1973 = ( GEOMETRIC_REPRESENTATION_CONTEXT(2) 
PARAMETRIC_REPRESENTATION_CONTEXT() REPRESENTATION_CONTEXT('2D SPACE',''
  ) );
#1974 = PCURVE('',#1942,#1975);
#1975 = DEFINITIONAL_REPRESENTATION('',(#1976),#1980);
#1976 = LINE('',#1977,#1978);
#1977 = CARTESIAN_POINT('',(4.138911435803E-13,0.));
#1978 = VECTOR('',#1979,1.);
#1979 = DIRECTION('',(0.,1.));
#1980 = ( GEOMETRIC_REPRESENTATION_CONTEXT(2) 
PARAMETRIC_REPRESENTATION_CONTEXT() REPRESENTATION_CONTEXT('2D SPACE',''
  ) );
#1981 = ORIENTED_EDGE('',*,*,#1982,.F.);
#1982 = EDGE_CURVE('',#1960,#1960,#1983,.T.);
#1983 = SURFACE_CURVE('',#1984,(#1989,#1996),.PCURVE_S1.);
#1984 = CIRCLE('',#1985,50.984176857923);
#1985 = AXIS2_PLACEMENT_3D('',#1986,#1987,#1988);
#1986 = CARTESIAN_POINT('',(0.,0.,818.638));
#1987 = DIRECTION('',(0.,0.,1.));
#1988 = DIRECTION('',(1.,0.,0.));
#1989 = PCURVE('',#1942,#1990);
#1990 = DEFINITIONAL_REPRESENTATION('',(#1991),#1995);
#1991 = LINE('',#1992,#1993);
#1992 = CARTESIAN_POINT('',(0.,4.563));
#1993 = VECTOR('',#1994,1.);
#1994 = DIRECTION('',(1.,0.));
#1995 = ( GEOMETRIC_REPRESENTATION_CONTEXT(2) 
PARAMETRIC_REPRESENTATION_CONTEXT() REPRESENTATION_CONTEXT('2D SPACE',''
  ) );
#1996 = PCURVE('',#1997,#2002);
#1997 = CONICAL_SURFACE('',#1998,50.984176857923,2.347388150983E-02);
#1998 = AXIS2_PLACEMENT_3D('',#1999,#2000,#2001);
#1999 = CARTESIAN_POINT('',(0.,0.,818.638));
#2000 = DIRECTION('',(0.,0.,1.));
#2001 = DIRECTION('',(1.,0.,0.));
#2002 = DEFINITIONAL_REPRESENTATION('',(#2003),#2007);
#2003 = LINE('',#2004,#2005);
#2004 = CARTESIAN_POINT('',(0.,0.));
#2005 = VECTOR('',#2006,1.);
#2006 = DIRECTION('',(1.,0.));
#2007 = ( GEOMETRIC_REPRESENTATION_CONTEXT(2) 
PARAMETRIC_REPRESENTATION_CONTEXT() REPRESENTATION_CONTEXT('2D SPACE',''
  ) );
#2008 = ORIENTED_EDGE('',*,*,#1959,.F.);
#2009 = ADVANCED_FACE('',(#2010),#1997,.T.);
#2010 = FACE_BOUND('',#2011,.T.);
#2011 = EDGE_LOOP('',(#2012,#2013,#2036,#2063));
#2012 = ORIENTED_EDGE('',*,*,#1982,.T.);
#2013 = ORIENTED_EDGE('',*,*,#2014,.T.);
#2014 = EDGE_CURVE('',#1960,#2015,#2017,.T.);
#2015 = VERTEX_POINT('',#2016);
#2016 = CARTESIAN_POINT('',(51.091307857194,0.,823.201));
#2017 = SEAM_CURVE('',#2018,(#2022,#2029),.PCURVE_S1.);
#2018 = LINE('',#2019,#2020);
#2019 = CARTESIAN_POINT('',(50.984176857923,0.,818.638));
#2020 = VECTOR('',#2021,1.);
#2021 = DIRECTION('',(2.347172579408E-02,0.,0.999724501094));
#2022 = PCURVE('',#1997,#2023);
#2023 = DEFINITIONAL_REPRESENTATION('',(#2024),#2028);
#2024 = LINE('',#2025,#2026);
#2025 = CARTESIAN_POINT('',(6.28318530718,0.));
#2026 = VECTOR('',#2027,1.);
#2027 = DIRECTION('',(0.,1.));
#2028 = ( GEOMETRIC_REPRESENTATION_CONTEXT(2) 
PARAMETRIC_REPRESENTATION_CONTEXT() REPRESENTATION_CONTEXT('2D SPACE',''
  ) );
#2029 = PCURVE('',#1997,#2030);
#2030 = DEFINITIONAL_REPRESENTATION('',(#2031),#2035);
#2031 = LINE('',#2032,#2033);
#2032 = CARTESIAN_POINT('',(4.138911435803E-13,0.));
#2033 = VECTOR('',#2034,1.);
#2034 = DIRECTION('',(0.,1.));
#2035 = ( GEOMETRIC_REPRESENTATION_CONTEXT(2) 
PARAMETRIC_REPRESENTATION_CONTEXT() REPRESENTATION_CONTEXT('2D SPACE',''
  ) );
#2036 = ORIENTED_EDGE('',*,*,#2037,.F.);
#2037 = EDGE_CURVE('',#2015,#2015,#2038,.T.);
#2038 = SURFACE_CURVE('',#2039,(#2044,#2051),.PCURVE_S1.);
#2039 = CIRCLE('',#2040,51.091307857194);
#2040 = AXIS2_PLACEMENT_3D('',#2041,#2042,#2043);
#2041 = CARTESIAN_POINT('',(0.,0.,823.201));
#2042 = DIRECTION('',(0.,0.,1.));
#2043 = DIRECTION('',(1.,0.,0.));
#2044 = PCURVE('',#1997,#2045);
#2045 = DEFINITIONAL_REPRESENTATION('',(#2046),#2050);
#2046 = LINE('',#2047,#2048);
#2047 = CARTESIAN_POINT('',(0.,4.563));
#2048 = VECTOR('',#2049,1.);
#2049 = DIRECTION('',(1.,0.));
#2050 = ( GEOMETRIC_REPRESENTATION_CONTEXT(2) 
PARAMETRIC_REPRESENTATION_CONTEXT() REPRESENTATION_CONTEXT('2D SPACE',''
  ) );
#2051 = PCURVE('',#2052,#2057);
#2052 = CONICAL_SURFACE('',#2053,51.091307857194,2.296368610327E-02);
#2053 = AXIS2_PLACEMENT_3D('',#2054,#2055,#2056);
#2054 = CARTESIAN_POINT('',(0.,0.,823.201));
#2055 = DIRECTION('',(0.,0.,1.));
#2056 = DIRECTION('',(1.,0.,0.));
#2057 = DEFINITIONAL_REPRESENTATION('',(#2058),#2062);
#2058 = LINE('',#2059,#2060);
#2059 = CARTESIAN_POINT('',(0.,0.));
#2060 = VECTOR('',#2061,1.);
#2061 = DIRECTION('',(1.,0.));
#2062 = ( GEOMETRIC_REPRESENTATION_CONTEXT(2) 
PARAMETRIC_REPRESENTATION_CONTEXT() REPRESENTATION_CONTEXT('2D SPACE',''
  ) );
#2063 = ORIENTED_EDGE('',*,*,#2014,.F.);
#2064 = ADVANCED_FACE('',(#2065),#2052,.T.);
#2065 = FACE_BOUND('',#2066,.T.);
#2066 = EDGE_LOOP('',(#2067,#2068,#2091,#2118));
#2067 = ORIENTED_EDGE('',*,*,#2037,.T.);
#2068 = ORIENTED_EDGE('',*,*,#2069,.T.);
#2069 = EDGE_CURVE('',#2015,#2070,#2072,.T.);
#2070 = VERTEX_POINT('',#2071);
#2071 = CARTESIAN_POINT('',(51.196109579259,0.,827.764));
#2072 = SEAM_CURVE('',#2073,(#2077,#2084),.PCURVE_S1.);
#2073 = LINE('',#2074,#2075);
#2074 = CARTESIAN_POINT('',(51.091307857194,0.,823.201));
#2075 = VECTOR('',#2076,1.);
#2076 = DIRECTION('',(2.296166791295E-02,0.,0.999736346147));
#2077 = PCURVE('',#2052,#2078);
#2078 = DEFINITIONAL_REPRESENTATION('',(#2079),#2083);
#2079 = LINE('',#2080,#2081);
#2080 = CARTESIAN_POINT('',(6.28318530718,0.));
#2081 = VECTOR('',#2082,1.);
#2082 = DIRECTION('',(0.,1.));
#2083 = ( GEOMETRIC_REPRESENTATION_CONTEXT(2) 
PARAMETRIC_REPRESENTATION_CONTEXT() REPRESENTATION_CONTEXT('2D SPACE',''
  ) );
#2084 = PCURVE('',#2052,#2085);
#2085 = DEFINITIONAL_REPRESENTATION('',(#2086),#2090);
#2086 = LINE('',#2087,#2088);
#2087 = CARTESIAN_POINT('',(4.138911435803E-13,0.));
#2088 = VECTOR('',#2089,1.);
#2089 = DIRECTION('',(0.,1.));
#2090 = ( GEOMETRIC_REPRESENTATION_CONTEXT(2) 
PARAMETRIC_REPRESENTATION_CONTEXT() REPRESENTATION_CONTEXT('2D SPACE',''
  ) );
#2091 = ORIENTED_EDGE('',*,*,#2092,.F.);
#2092 = EDGE_CURVE('',#2070,#2070,#2093,.T.);
#2093 = SURFACE_CURVE('',#2094,(#2099,#2106),.PCURVE_S1.);
#2094 = CIRCLE('',#2095,51.196109579259);
#2095 = AXIS2_PLACEMENT_3D('',#2096,#2097,#2098);
#2096 = CARTESIAN_POINT('',(0.,0.,827.764));
#2097 = DIRECTION('',(0.,0.,1.));
#2098 = DIRECTION('',(1.,0.,0.));
#2099 = PCURVE('',#2052,#2100);
#2100 = DEFINITIONAL_REPRESENTATION('',(#2101),#2105);
#2101 = LINE('',#2102,#2103);
#2102 = CARTESIAN_POINT('',(0.,4.563));
#2103 = VECTOR('',#2104,1.);
#2104 = DIRECTION('',(1.,0.));
#2105 = ( GEOMETRIC_REPRESENTATION_CONTEXT(2) 
PARAMETRIC_REPRESENTATION_CONTEXT() REPRESENTATION_CONTEXT('2D SPACE',''
  ) );
#2106 = PCURVE('',#2107,#2112);
#2107 = CONICAL_SURFACE('',#2108,51.196109579259,2.244176860426E-02);
#2108 = AXIS2_PLACEMENT_3D('',#2109,#2110,#2111);
#2109 = CARTESIAN_POINT('',(0.,0.,827.764));
#2110 = DIRECTION('',(0.,0.,1.));
#2111 = DIRECTION('',(1.,0.,0.));
#2112 = DEFINITIONAL_REPRESENTATION('',(#2113),#2117);
#2113 = LINE('',#2114,#2115);
#2114 = CARTESIAN_POINT('',(0.,0.));
#2115 = VECTOR('',#2116,1.);
#2116 = DIRECTION('',(1.,0.));
#2117 = ( GEOMETRIC_REPRESENTATION_CONTEXT(2) 
PARAMETRIC_REPRESENTATION_CONTEXT() REPRESENTATION_CONTEXT('2D SPACE',''
  ) );
#2118 = ORIENTED_EDGE('',*,*,#2069,.F.);
#2119 = ADVANCED_FACE('',(#2120),#2107,.T.);
#2120 = FACE_BOUND('',#2121,.T.);
#2121 = EDGE_LOOP('',(#2122,#2123,#2146,#2173));
#2122 = ORIENTED_EDGE('',*,*,#2092,.T.);
#2123 = ORIENTED_EDGE('',*,*,#2124,.T.);
#2124 = EDGE_CURVE('',#2070,#2125,#2127,.T.);
#2125 = VERTEX_POINT('',#2126);
#2126 = CARTESIAN_POINT('',(51.298528563837,0.,832.327));
#2127 = SEAM_CURVE('',#2128,(#2132,#2139),.PCURVE_S1.);
#2128 = LINE('',#2129,#2130);
#2129 = CARTESIAN_POINT('',(51.196109579259,0.,827.764));
#2130 = VECTOR('',#2131,1.);
#2131 = DIRECTION('',(2.243988491597E-02,0.,0.999748194079));
#2132 = PCURVE('',#2107,#2133);
#2133 = DEFINITIONAL_REPRESENTATION('',(#2134),#2138);
#2134 = LINE('',#2135,#2136);
#2135 = CARTESIAN_POINT('',(6.28318530718,0.));
#2136 = VECTOR('',#2137,1.);
#2137 = DIRECTION('',(0.,1.));
#2138 = ( GEOMETRIC_REPRESENTATION_CONTEXT(2) 
PARAMETRIC_REPRESENTATION_CONTEXT() REPRESENTATION_CONTEXT('2D SPACE',''
  ) );
#2139 = PCURVE('',#2107,#2140);
#2140 = DEFINITIONAL_REPRESENTATION('',(#2141),#2145);
#2141 = LINE('',#2142,#2143);
#2142 = CARTESIAN_POINT('',(4.138911435803E-13,0.));
#2143 = VECTOR('',#2144,1.);
#2144 = DIRECTION('',(0.,1.));
#2145 = ( GEOMETRIC_REPRESENTATION_CONTEXT(2) 
PARAMETRIC_REPRESENTATION_CONTEXT() REPRESENTATION_CONTEXT('2D SPACE',''
  ) );
#2146 = ORIENTED_EDGE('',*,*,#2147,.F.);
#2147 = EDGE_CURVE('',#2125,#2125,#2148,.T.);
#2148 = SURFACE_CURVE('',#2149,(#2154,#2161),.PCURVE_S1.);
#2149 = CIRCLE('',#2150,51.298528563837);
#2150 = AXIS2_PLACEMENT_3D('',#2151,#2152,#2153);
#2151 = CARTESIAN_POINT('',(0.,0.,832.327));
#2152 = DIRECTION('',(0.,0.,1.));
#2153 = DIRECTION('',(1.,0.,0.));
#2154 = PCURVE('',#2107,#2155);
#2155 = DEFINITIONAL_REPRESENTATION('',(#2156),#2160);
#2156 = LINE('',#2157,#2158);
#2157 = CARTESIAN_POINT('',(0.,4.563));
#2158 = VECTOR('',#2159,1.);
#2159 = DIRECTION('',(1.,0.));
#2160 = ( GEOMETRIC_REPRESENTATION_CONTEXT(2) 
PARAMETRIC_REPRESENTATION_CONTEXT() REPRESENTATION_CONTEXT('2D SPACE',''
  ) );
#2161 = PCURVE('',#2162,#2167);
#2162 = CONICAL_SURFACE('',#2163,51.298528563837,2.190812846426E-02);
#2163 = AXIS2_PLACEMENT_3D('',#2164,#2165,#2166);
#2164 = CARTESIAN_POINT('',(0.,0.,832.327));
#2165 = DIRECTION('',(0.,0.,1.));
#2166 = DIRECTION('',(1.,0.,0.));
#2167 = DEFINITIONAL_REPRESENTATION('',(#2168),#2172);
#2168 = LINE('',#2169,#2170);
#2169 = CARTESIAN_POINT('',(0.,0.));
#2170 = VECTOR('',#2171,1.);
#2171 = DIRECTION('',(1.,0.));
#2172 = ( GEOMETRIC_REPRESENTATION_CONTEXT(2) 
PARAMETRIC_REPRESENTATION_CONTEXT() REPRESENTATION_CONTEXT('2D SPACE',''
  ) );
#2173 = ORIENTED_EDGE('',*,*,#2124,.F.);
#2174 = ADVANCED_FACE('',(#2175),#2162,.T.);
#2175 = FACE_BOUND('',#2176,.T.);
#2176 = EDGE_LOOP('',(#2177,#2178,#2201,#2228));
#2177 = ORIENTED_EDGE('',*,*,#2147,.T.);
#2178 = ORIENTED_EDGE('',*,*,#2179,.T.);
#2179 = EDGE_CURVE('',#2125,#2180,#2182,.T.);
#2180 = VERTEX_POINT('',#2181);
#2181 = CARTESIAN_POINT('',(51.398511350647,0.,836.89));
#2182 = SEAM_CURVE('',#2183,(#2187,#2194),.PCURVE_S1.);
#2183 = LINE('',#2184,#2185);
#2184 = CARTESIAN_POINT('',(51.298528563837,0.,832.327));
#2185 = VECTOR('',#2186,1.);
#2186 = DIRECTION('',(2.190637597985E-02,0.,0.999760026552));
#2187 = PCURVE('',#2162,#2188);
#2188 = DEFINITIONAL_REPRESENTATION('',(#2189),#2193);
#2189 = LINE('',#2190,#2191);
#2190 = CARTESIAN_POINT('',(6.28318530718,0.));
#2191 = VECTOR('',#2192,1.);
#2192 = DIRECTION('',(0.,1.));
#2193 = ( GEOMETRIC_REPRESENTATION_CONTEXT(2) 
PARAMETRIC_REPRESENTATION_CONTEXT() REPRESENTATION_CONTEXT('2D SPACE',''
  ) );
#2194 = PCURVE('',#2162,#2195);
#2195 = DEFINITIONAL_REPRESENTATION('',(#2196),#2200);
#2196 = LINE('',#2197,#2198);
#2197 = CARTESIAN_POINT('',(4.138911435803E-13,0.));
#2198 = VECTOR('',#2199,1.);
#2199 = DIRECTION('',(0.,1.));
#2200 = ( GEOMETRIC_REPRESENTATION_CONTEXT(2) 
PARAMETRIC_REPRESENTATION_CONTEXT() REPRESENTATION_CONTEXT('2D SPACE',''
  ) );
#2201 = ORIENTED_EDGE('',*,*,#2202,.F.);
#2202 = EDGE_CURVE('',#2180,#2180,#2203,.T.);
#2203 = SURFACE_CURVE('',#2204,(#2209,#2216),.PCURVE_S1.);
#2204 = CIRCLE('',#2205,51.398511350647);
#2205 = AXIS2_PLACEMENT_3D('',#2206,#2207,#2208);
#2206 = CARTESIAN_POINT('',(0.,0.,836.89));
#2207 = DIRECTION('',(0.,0.,1.));
#2208 = DIRECTION('',(1.,0.,0.));
#2209 = PCURVE('',#2162,#2210);
#2210 = DEFINITIONAL_REPRESENTATION('',(#2211),#2215);
#2211 = LINE('',#2212,#2213);
#2212 = CARTESIAN_POINT('',(0.,4.563));
#2213 = VECTOR('',#2214,1.);
#2214 = DIRECTION('',(1.,0.));
#2215 = ( GEOMETRIC_REPRESENTATION_CONTEXT(2) 
PARAMETRIC_REPRESENTATION_CONTEXT() REPRESENTATION_CONTEXT('2D SPACE',''
  ) );
#2216 = PCURVE('',#2217,#2222);
#2217 = CONICAL_SURFACE('',#2218,51.398511350647,2.13627651554E-02);
#2218 = AXIS2_PLACEMENT_3D('',#2219,#2220,#2221);
#2219 = CARTESIAN_POINT('',(0.,0.,836.89));
#2220 = DIRECTION('',(0.,0.,1.));
#2221 = DIRECTION('',(1.,0.,0.));
#2222 = DEFINITIONAL_REPRESENTATION('',(#2223),#2227);
#2223 = LINE('',#2224,#2225);
#2224 = CARTESIAN_POINT('',(0.,0.));
#2225 = VECTOR('',#2226,1.);
#2226 = DIRECTION('',(1.,0.));
#2227 = ( GEOMETRIC_REPRESENTATION_CONTEXT(2) 
PARAMETRIC_REPRESENTATION_CONTEXT() REPRESENTATION_CONTEXT('2D SPACE',''
  ) );
#2228 = ORIENTED_EDGE('',*,*,#2179,.F.);
#2229 = ADVANCED_FACE('',(#2230),#2217,.T.);
#2230 = FACE_BOUND('',#2231,.T.);
#2231 = EDGE_LOOP('',(#2232,#2233,#2256,#2283));
#2232 = ORIENTED_EDGE('',*,*,#2202,.T.);
#2233 = ORIENTED_EDGE('',*,*,#2234,.T.);
#2234 = EDGE_CURVE('',#2180,#2235,#2237,.T.);
#2235 = VERTEX_POINT('',#2236);
#2236 = CARTESIAN_POINT('',(51.496004479409,0.,841.453));
#2237 = SEAM_CURVE('',#2238,(#2242,#2249),.PCURVE_S1.);
#2238 = LINE('',#2239,#2240);
#2239 = CARTESIAN_POINT('',(51.398511350647,0.,836.89));
#2240 = VECTOR('',#2241,1.);
#2241 = DIRECTION('',(2.136114031309E-02,0.,0.99977182481));
#2242 = PCURVE('',#2217,#2243);
#2243 = DEFINITIONAL_REPRESENTATION('',(#2244),#2248);
#2244 = LINE('',#2245,#2246);
#2245 = CARTESIAN_POINT('',(6.28318530718,0.));
#2246 = VECTOR('',#2247,1.);
#2247 = DIRECTION('',(0.,1.));
#2248 = ( GEOMETRIC_REPRESENTATION_CONTEXT(2) 
PARAMETRIC_REPRESENTATION_CONTEXT() REPRESENTATION_CONTEXT('2D SPACE',''
  ) );
#2249 = PCURVE('',#2217,#2250);
#2250 = DEFINITIONAL_REPRESENTATION('',(#2251),#2255);
#2251 = LINE('',#2252,#2253);
#2252 = CARTESIAN_POINT('',(4.138911435803E-13,0.));
#2253 = VECTOR('',#2254,1.);
#2254 = DIRECTION('',(0.,1.));
#2255 = ( GEOMETRIC_REPRESENTATION_CONTEXT(2) 
PARAMETRIC_REPRESENTATION_CONTEXT() REPRESENTATION_CONTEXT('2D SPACE',''
  ) );
#2256 = ORIENTED_EDGE('',*,*,#2257,.F.);
#2257 = EDGE_CURVE('',#2235,#2235,#2258,.T.);
#2258 = SURFACE_CURVE('',#2259,(#2264,#2271),.PCURVE_S1.);
#2259 = CIRCLE('',#2260,51.496004479409);
#2260 = AXIS2_PLACEMENT_3D('',#2261,#2262,#2263);
#2261 = CARTESIAN_POINT('',(0.,0.,841.453));
#2262 = DIRECTION('',(0.,0.,1.));
#2263 = DIRECTION('',(1.,0.,0.));
#2264 = PCURVE('',#2217,#2265);
#2265 = DEFINITIONAL_REPRESENTATION('',(#2266),#2270);
#2266 = LINE('',#2267,#2268);
#2267 = CARTESIAN_POINT('',(0.,4.563));
#2268 = VECTOR('',#2269,1.);
#2269 = DIRECTION('',(1.,0.));
#2270 = ( GEOMETRIC_REPRESENTATION_CONTEXT(2) 
PARAMETRIC_REPRESENTATION_CONTEXT() REPRESENTATION_CONTEXT('2D SPACE',''
  ) );
#2271 = PCURVE('',#2272,#2277);
#2272 = CONICAL_SURFACE('',#2273,51.496004479409,2.080567817268E-02);
#2273 = AXIS2_PLACEMENT_3D('',#2274,#2275,#2276);
#2274 = CARTESIAN_POINT('',(0.,0.,841.453));
#2275 = DIRECTION('',(0.,0.,1.));
#2276 = DIRECTION('',(1.,0.,0.));
#2277 = DEFINITIONAL_REPRESENTATION('',(#2278),#2282);
#2278 = LINE('',#2279,#2280);
#2279 = CARTESIAN_POINT('',(0.,0.));
#2280 = VECTOR('',#2281,1.);
#2281 = DIRECTION('',(1.,0.));
#2282 = ( GEOMETRIC_REPRESENTATION_CONTEXT(2) 
PARAMETRIC_REPRESENTATION_CONTEXT() REPRESENTATION_CONTEXT('2D SPACE',''
  ) );
#2283 = ORIENTED_EDGE('',*,*,#2234,.F.);
#2284 = ADVANCED_FACE('',(#2285),#2272,.T.);
#2285 = FACE_BOUND('',#2286,.T.);
#2286 = EDGE_LOOP('',(#2287,#2288,#2311,#2338));
#2287 = ORIENTED_EDGE('',*,*,#2257,.T.);
#2288 = ORIENTED_EDGE('',*,*,#2289,.T.);
#2289 = EDGE_CURVE('',#2235,#2290,#2292,.T.);
#2290 = VERTEX_POINT('',#2291);
#2291 = CARTESIAN_POINT('',(51.590954489841,0.,846.016));
#2292 = SEAM_CURVE('',#2293,(#2297,#2304),.PCURVE_S1.);
#2293 = LINE('',#2294,#2295);
#2294 = CARTESIAN_POINT('',(51.496004479409,0.,841.453));
#2295 = VECTOR('',#2296,1.);
#2296 = DIRECTION('',(2.080417715794E-02,0.,0.999783569685));
#2297 = PCURVE('',#2272,#2298);
#2298 = DEFINITIONAL_REPRESENTATION('',(#2299),#2303);
#2299 = LINE('',#2300,#2301);
#2300 = CARTESIAN_POINT('',(6.28318530718,0.));
#2301 = VECTOR('',#2302,1.);
#2302 = DIRECTION('',(0.,1.));
#2303 = ( GEOMETRIC_REPRESENTATION_CONTEXT(2) 
PARAMETRIC_REPRESENTATION_CONTEXT() REPRESENTATION_CONTEXT('2D SPACE',''
  ) );
#2304 = PCURVE('',#2272,#2305);
#2305 = DEFINITIONAL_REPRESENTATION('',(#2306),#2310);
#2306 = LINE('',#2307,#2308);
#2307 = CARTESIAN_POINT('',(4.138911435803E-13,0.));
#2308 = VECTOR('',#2309,1.);
#2309 = DIRECTION('',(0.,1.));
#2310 = ( GEOMETRIC_REPRESENTATION_CONTEXT(2) 
PARAMETRIC_REPRESENTATION_CONTEXT() REPRESENTATION_CONTEXT('2D SPACE',''
  ) );
#2311 = ORIENTED_EDGE('',*,*,#2312,.F.);
#2312 = EDGE_CURVE('',#2290,#2290,#2313,.T.);
#2313 = SURFACE_CURVE('',#2314,(#2319,#2326),.PCURVE_S1.);
#2314 = CIRCLE('',#2315,51.590954489841);
#2315 = AXIS2_PLACEMENT_3D('',#2316,#2317,#2318);
#2316 = CARTESIAN_POINT('',(0.,0.,846.016));
#2317 = DIRECTION('',(0.,0.,1.));
#2318 = DIRECTION('',(1.,0.,0.));
#2319 = PCURVE('',#2272,#2320);
#2320 = DEFINITIONAL_REPRESENTATION('',(#2321),#2325);
#2321 = LINE('',#2322,#2323);
#2322 = CARTESIAN_POINT('',(0.,4.563));
#2323 = VECTOR('',#2324,1.);
#2324 = DIRECTION('',(1.,0.));
#2325 = ( GEOMETRIC_REPRESENTATION_CONTEXT(2) 
PARAMETRIC_REPRESENTATION_CONTEXT() REPRESENTATION_CONTEXT('2D SPACE',''
  ) );
#2326 = PCURVE('',#2327,#2332);
#2327 = CONICAL_SURFACE('',#2328,51.590954489841,2.023686703621E-02);
#2328 = AXIS2_PLACEMENT_3D('',#2329,#2330,#2331);
#2329 = CARTESIAN_POINT('',(0.,0.,846.016));
#2330 = DIRECTION('',(0.,0.,1.));
#2331 = DIRECTION('',(1.,0.,0.));
#2332 = DEFINITIONAL_REPRESENTATION('',(#2333),#2337);
#2333 = LINE('',#2334,#2335);
#2334 = CARTESIAN_POINT('',(0.,0.));
#2335 = VECTOR('',#2336,1.);
#2336 = DIRECTION('',(1.,0.));
#2337 = ( GEOMETRIC_REPRESENTATION_CONTEXT(2) 
PARAMETRIC_REPRESENTATION_CONTEXT() REPRESENTATION_CONTEXT('2D SPACE',''
  ) );
#2338 = ORIENTED_EDGE('',*,*,#2289,.F.);
#2339 = ADVANCED_FACE('',(#2340),#2327,.T.);
#2340 = FACE_BOUND('',#2341,.T.);
#2341 = EDGE_LOOP('',(#2342,#2343,#2366,#2393));
#2342 = ORIENTED_EDGE('',*,*,#2312,.T.);
#2343 = ORIENTED_EDGE('',*,*,#2344,.T.);
#2344 = EDGE_CURVE('',#2290,#2345,#2347,.T.);
#2345 = VERTEX_POINT('',#2346);
#2346 = CARTESIAN_POINT('',(51.683307921662,0.,850.579));
#2347 = SEAM_CURVE('',#2348,(#2352,#2359),.PCURVE_S1.);
#2348 = LINE('',#2349,#2350);
#2349 = CARTESIAN_POINT('',(51.590954489841,0.,846.016));
#2350 = VECTOR('',#2351,1.);
#2351 = DIRECTION('',(2.023548579455E-02,0.,0.999795241594));
#2352 = PCURVE('',#2327,#2353);
#2353 = DEFINITIONAL_REPRESENTATION('',(#2354),#2358);
#2354 = LINE('',#2355,#2356);
#2355 = CARTESIAN_POINT('',(6.28318530718,0.));
#2356 = VECTOR('',#2357,1.);
#2357 = DIRECTION('',(0.,1.));
#2358 = ( GEOMETRIC_REPRESENTATION_CONTEXT(2) 
PARAMETRIC_REPRESENTATION_CONTEXT() REPRESENTATION_CONTEXT('2D SPACE',''
  ) );
#2359 = PCURVE('',#2327,#2360);
#2360 = DEFINITIONAL_REPRESENTATION('',(#2361),#2365);
#2361 = LINE('',#2362,#2363);
#2362 = CARTESIAN_POINT('',(4.138911435803E-13,0.));
#2363 = VECTOR('',#2364,1.);
#2364 = DIRECTION('',(0.,1.));
#2365 = ( GEOMETRIC_REPRESENTATION_CONTEXT(2) 
PARAMETRIC_REPRESENTATION_CONTEXT() REPRESENTATION_CONTEXT('2D SPACE',''
  ) );
#2366 = ORIENTED_EDGE('',*,*,#2367,.F.);
#2367 = EDGE_CURVE('',#2345,#2345,#2368,.T.);
#2368 = SURFACE_CURVE('',#2369,(#2374,#2381),.PCURVE_S1.);
#2369 = CIRCLE('',#2370,51.683307921662);
#2370 = AXIS2_PLACEMENT_3D('',#2371,#2372,#2373);
#2371 = CARTESIAN_POINT('',(0.,0.,850.579));
#2372 = DIRECTION('',(0.,0.,1.));
#2373 = DIRECTION('',(1.,0.,0.));
#2374 = PCURVE('',#2327,#2375);
#2375 = DEFINITIONAL_REPRESENTATION('',(#2376),#2380);
#2376 = LINE('',#2377,#2378);
#2377 = CARTESIAN_POINT('',(0.,4.563));
#2378 = VECTOR('',#2379,1.);
#2379 = DIRECTION('',(1.,0.));
#2380 = ( GEOMETRIC_REPRESENTATION_CONTEXT(2) 
PARAMETRIC_REPRESENTATION_CONTEXT() REPRESENTATION_CONTEXT('2D SPACE',''
  ) );
#2381 = PCURVE('',#2382,#2387);
#2382 = CONICAL_SURFACE('',#2383,51.683307921662,1.965633129351E-02);
#2383 = AXIS2_PLACEMENT_3D('',#2384,#2385,#2386);
#2384 = CARTESIAN_POINT('',(0.,0.,850.579));
#2385 = DIRECTION('',(0.,0.,1.));
#2386 = DIRECTION('',(1.,0.,0.));
#2387 = DEFINITIONAL_REPRESENTATION('',(#2388),#2392);
#2388 = LINE('',#2389,#2390);
#2389 = CARTESIAN_POINT('',(0.,0.));
#2390 = VECTOR('',#2391,1.);
#2391 = DIRECTION('',(1.,0.));
#2392 = ( GEOMETRIC_REPRESENTATION_CONTEXT(2) 
PARAMETRIC_REPRESENTATION_CONTEXT() REPRESENTATION_CONTEXT('2D SPACE',''
  ) );
#2393 = ORIENTED_EDGE('',*,*,#2344,.F.);
#2394 = ADVANCED_FACE('',(#2395),#2382,.T.);
#2395 = FACE_BOUND('',#2396,.T.);
#2396 = EDGE_LOOP('',(#2397,#2398,#2421,#2448));
#2397 = ORIENTED_EDGE('',*,*,#2367,.T.);
#2398 = ORIENTED_EDGE('',*,*,#2399,.T.);
#2399 = EDGE_CURVE('',#2345,#2400,#2402,.T.);
#2400 = VERTEX_POINT('',#2401);
#2401 = CARTESIAN_POINT('',(51.773011314593,0.,855.142));
#2402 = SEAM_CURVE('',#2403,(#2407,#2414),.PCURVE_S1.);
#2403 = LINE('',#2404,#2405);
#2404 = CARTESIAN_POINT('',(51.683307921662,0.,850.579));
#2405 = VECTOR('',#2406,1.);
#2406 = DIRECTION('',(1.965506554405E-02,0.,0.99980682054));
#2407 = PCURVE('',#2382,#2408);
#2408 = DEFINITIONAL_REPRESENTATION('',(#2409),#2413);
#2409 = LINE('',#2410,#2411);
#2410 = CARTESIAN_POINT('',(6.28318530718,0.));
#2411 = VECTOR('',#2412,1.);
#2412 = DIRECTION('',(0.,1.));
#2413 = ( GEOMETRIC_REPRESENTATION_CONTEXT(2) 
PARAMETRIC_REPRESENTATION_CONTEXT() REPRESENTATION_CONTEXT('2D SPACE',''
  ) );
#2414 = PCURVE('',#2382,#2415);
#2415 = DEFINITIONAL_REPRESENTATION('',(#2416),#2420);
#2416 = LINE('',#2417,#2418);
#2417 = CARTESIAN_POINT('',(4.138911435803E-13,0.));
#2418 = VECTOR('',#2419,1.);
#2419 = DIRECTION('',(0.,1.));
#2420 = ( GEOMETRIC_REPRESENTATION_CONTEXT(2) 
PARAMETRIC_REPRESENTATION_CONTEXT() REPRESENTATION_CONTEXT('2D SPACE',''
  ) );
#2421 = ORIENTED_EDGE('',*,*,#2422,.F.);
#2422 = EDGE_CURVE('',#2400,#2400,#2423,.T.);
#2423 = SURFACE_CURVE('',#2424,(#2429,#2436),.PCURVE_S1.);
#2424 = CIRCLE('',#2425,51.773011314593);
#2425 = AXIS2_PLACEMENT_3D('',#2426,#2427,#2428);
#2426 = CARTESIAN_POINT('',(0.,0.,855.142));
#2427 = DIRECTION('',(0.,0.,1.));
#2428 = DIRECTION('',(1.,0.,0.));
#2429 = PCURVE('',#2382,#2430);
#2430 = DEFINITIONAL_REPRESENTATION('',(#2431),#2435);
#2431 = LINE('',#2432,#2433);
#2432 = CARTESIAN_POINT('',(0.,4.563));
#2433 = VECTOR('',#2434,1.);
#2434 = DIRECTION('',(1.,0.));
#2435 = ( GEOMETRIC_REPRESENTATION_CONTEXT(2) 
PARAMETRIC_REPRESENTATION_CONTEXT() REPRESENTATION_CONTEXT('2D SPACE',''
  ) );
#2436 = PCURVE('',#2437,#2442);
#2437 = CONICAL_SURFACE('',#2438,51.773011314593,1.906407052186E-02);
#2438 = AXIS2_PLACEMENT_3D('',#2439,#2440,#2441);
#2439 = CARTESIAN_POINT('',(0.,0.,855.142));
#2440 = DIRECTION('',(0.,0.,1.));
#2441 = DIRECTION('',(1.,0.,0.));
#2442 = DEFINITIONAL_REPRESENTATION('',(#2443),#2447);
#2443 = LINE('',#2444,#2445);
#2444 = CARTESIAN_POINT('',(0.,0.));
#2445 = VECTOR('',#2446,1.);
#2446 = DIRECTION('',(1.,0.));
#2447 = ( GEOMETRIC_REPRESENTATION_CONTEXT(2) 
PARAMETRIC_REPRESENTATION_CONTEXT() REPRESENTATION_CONTEXT('2D SPACE',''
  ) );
#2448 = ORIENTED_EDGE('',*,*,#2399,.F.);
#2449 = ADVANCED_FACE('',(#2450),#2437,.T.);
#2450 = FACE_BOUND('',#2451,.T.);
#2451 = EDGE_LOOP('',(#2452,#2453,#2476,#2503));
#2452 = ORIENTED_EDGE('',*,*,#2422,.T.);
#2453 = ORIENTED_EDGE('',*,*,#2454,.T.);
#2454 = EDGE_CURVE('',#2400,#2455,#2457,.T.);
#2455 = VERTEX_POINT('',#2456);
#2456 = CARTESIAN_POINT('',(51.860011208351,0.,859.705));
#2457 = SEAM_CURVE('',#2458,(#2462,#2469),.PCURVE_S1.);
#2458 = LINE('',#2459,#2460);
#2459 = CARTESIAN_POINT('',(51.773011314593,0.,855.142));
#2460 = VECTOR('',#2461,1.);
#2461 = DIRECTION('',(1.906291577241E-02,0.,0.999818286111));
#2462 = PCURVE('',#2437,#2463);
#2463 = DEFINITIONAL_REPRESENTATION('',(#2464),#2468);
#2464 = LINE('',#2465,#2466);
#2465 = CARTESIAN_POINT('',(6.28318530718,0.));
#2466 = VECTOR('',#2467,1.);
#2467 = DIRECTION('',(0.,1.));
#2468 = ( GEOMETRIC_REPRESENTATION_CONTEXT(2) 
PARAMETRIC_REPRESENTATION_CONTEXT() REPRESENTATION_CONTEXT('2D SPACE',''
  ) );
#2469 = PCURVE('',#2437,#2470);
#2470 = DEFINITIONAL_REPRESENTATION('',(#2471),#2475);
#2471 = LINE('',#2472,#2473);
#2472 = CARTESIAN_POINT('',(4.138911435803E-13,0.));
#2473 = VECTOR('',#2474,1.);
#2474 = DIRECTION('',(0.,1.));
#2475 = ( GEOMETRIC_REPRESENTATION_CONTEXT(2) 
PARAMETRIC_REPRESENTATION_CONTEXT() REPRESENTATION_CONTEXT('2D SPACE',''
  ) );
#2476 = ORIENTED_EDGE('',*,*,#2477,.F.);
#2477 = EDGE_CURVE('',#2455,#2455,#2478,.T.);
#2478 = SURFACE_CURVE('',#2479,(#2484,#2491),.PCURVE_S1.);
#2479 = CIRCLE('',#2480,51.860011208351);
#2480 = AXIS2_PLACEMENT_3D('',#2481,#2482,#2483);
#2481 = CARTESIAN_POINT('',(0.,0.,859.705));
#2482 = DIRECTION('',(0.,0.,1.));
#2483 = DIRECTION('',(1.,0.,0.));
#2484 = PCURVE('',#2437,#2485);
#2485 = DEFINITIONAL_REPRESENTATION('',(#2486),#2490);
#2486 = LINE('',#2487,#2488);
#2487 = CARTESIAN_POINT('',(0.,4.563));
#2488 = VECTOR('',#2489,1.);
#2489 = DIRECTION('',(1.,0.));
#2490 = ( GEOMETRIC_REPRESENTATION_CONTEXT(2) 
PARAMETRIC_REPRESENTATION_CONTEXT() REPRESENTATION_CONTEXT('2D SPACE',''
  ) );
#2491 = PCURVE('',#2492,#2497);
#2492 = CONICAL_SURFACE('',#2493,51.860011208351,1.846008433072E-02);
#2493 = AXIS2_PLACEMENT_3D('',#2494,#2495,#2496);
#2494 = CARTESIAN_POINT('',(0.,0.,859.705));
#2495 = DIRECTION('',(0.,0.,1.));
#2496 = DIRECTION('',(1.,0.,0.));
#2497 = DEFINITIONAL_REPRESENTATION('',(#2498),#2502);
#2498 = LINE('',#2499,#2500);
#2499 = CARTESIAN_POINT('',(0.,0.));
#2500 = VECTOR('',#2501,1.);
#2501 = DIRECTION('',(1.,0.));
#2502 = ( GEOMETRIC_REPRESENTATION_CONTEXT(2) 
PARAMETRIC_REPRESENTATION_CONTEXT() REPRESENTATION_CONTEXT('2D SPACE',''
  ) );
#2503 = ORIENTED_EDGE('',*,*,#2454,.F.);
#2504 = ADVANCED_FACE('',(#2505),#2492,.T.);
#2505 = FACE_BOUND('',#2506,.T.);
#2506 = EDGE_LOOP('',(#2507,#2508,#2531,#2558));
#2507 = ORIENTED_EDGE('',*,*,#2477,.T.);
#2508 = ORIENTED_EDGE('',*,*,#2509,.T.);
#2509 = EDGE_CURVE('',#2455,#2510,#2512,.T.);
#2510 = VERTEX_POINT('',#2511);
#2511 = CARTESIAN_POINT('',(51.944254142657,0.,864.268));
#2512 = SEAM_CURVE('',#2513,(#2517,#2524),.PCURVE_S1.);
#2513 = LINE('',#2514,#2515);
#2514 = CARTESIAN_POINT('',(51.860011208351,0.,859.705));
#2515 = VECTOR('',#2516,1.);
#2516 = DIRECTION('',(1.845903589359E-02,0.,0.999829617482));
#2517 = PCURVE('',#2492,#2518);
#2518 = DEFINITIONAL_REPRESENTATION('',(#2519),#2523);
#2519 = LINE('',#2520,#2521);
#2520 = CARTESIAN_POINT('',(6.28318530718,0.));
#2521 = VECTOR('',#2522,1.);
#2522 = DIRECTION('',(0.,1.));
#2523 = ( GEOMETRIC_REPRESENTATION_CONTEXT(2) 
PARAMETRIC_REPRESENTATION_CONTEXT() REPRESENTATION_CONTEXT('2D SPACE',''
  ) );
#2524 = PCURVE('',#2492,#2525);
#2525 = DEFINITIONAL_REPRESENTATION('',(#2526),#2530);
#2526 = LINE('',#2527,#2528);
#2527 = CARTESIAN_POINT('',(4.138911435803E-13,0.));
#2528 = VECTOR('',#2529,1.);
#2529 = DIRECTION('',(0.,1.));
#2530 = ( GEOMETRIC_REPRESENTATION_CONTEXT(2) 
PARAMETRIC_REPRESENTATION_CONTEXT() REPRESENTATION_CONTEXT('2D SPACE',''
  ) );
#2531 = ORIENTED_EDGE('',*,*,#2532,.F.);
#2532 = EDGE_CURVE('',#2510,#2510,#2533,.T.);
#2533 = SURFACE_CURVE('',#2534,(#2539,#2546),.PCURVE_S1.);
#2534 = CIRCLE('',#2535,51.944254142657);
#2535 = AXIS2_PLACEMENT_3D('',#2536,#2537,#2538);
#2536 = CARTESIAN_POINT('',(0.,0.,864.268));
#2537 = DIRECTION('',(0.,0.,1.));
#2538 = DIRECTION('',(1.,0.,0.));
#2539 = PCURVE('',#2492,#2540);
#2540 = DEFINITIONAL_REPRESENTATION('',(#2541),#2545);
#2541 = LINE('',#2542,#2543);
#2542 = CARTESIAN_POINT('',(0.,4.563));
#2543 = VECTOR('',#2544,1.);
#2544 = DIRECTION('',(1.,0.));
#2545 = ( GEOMETRIC_REPRESENTATION_CONTEXT(2) 
PARAMETRIC_REPRESENTATION_CONTEXT() REPRESENTATION_CONTEXT('2D SPACE',''
  ) );
#2546 = PCURVE('',#2547,#2552);
#2547 = CONICAL_SURFACE('',#2548,51.944254142657,1.78443723641E-02);
#2548 = AXIS2_PLACEMENT_3D('',#2549,#2550,#2551);
#2549 = CARTESIAN_POINT('',(0.,0.,864.268));
#2550 = DIRECTION('',(0.,0.,1.));
#2551 = DIRECTION('',(1.,0.,0.));
#2552 = DEFINITIONAL_REPRESENTATION('',(#2553),#2557);
#2553 = LINE('',#2554,#2555);
#2554 = CARTESIAN_POINT('',(0.,0.));
#2555 = VECTOR('',#2556,1.);
#2556 = DIRECTION('',(1.,0.));
#2557 = ( GEOMETRIC_REPRESENTATION_CONTEXT(2) 
PARAMETRIC_REPRESENTATION_CONTEXT() REPRESENTATION_CONTEXT('2D SPACE',''
  ) );
#2558 = ORIENTED_EDGE('',*,*,#2509,.F.);
#2559 = ADVANCED_FACE('',(#2560),#2547,.T.);
#2560 = FACE_BOUND('',#2561,.T.);
#2561 = EDGE_LOOP('',(#2562,#2563,#2586,#2613));
#2562 = ORIENTED_EDGE('',*,*,#2532,.T.);
#2563 = ORIENTED_EDGE('',*,*,#2564,.T.);
#2564 = EDGE_CURVE('',#2510,#2565,#2567,.T.);
#2565 = VERTEX_POINT('',#2566);
#2566 = CARTESIAN_POINT('',(52.025686657229,0.,868.831));
#2567 = SEAM_CURVE('',#2568,(#2572,#2579),.PCURVE_S1.);
#2568 = LINE('',#2569,#2570);
#2569 = CARTESIAN_POINT('',(51.944254142657,0.,864.268));
#2570 = VECTOR('',#2571,1.);
#2571 = DIRECTION('',(1.784342537351E-02,0.,0.999840793412));
#2572 = PCURVE('',#2547,#2573);
#2573 = DEFINITIONAL_REPRESENTATION('',(#2574),#2578);
#2574 = LINE('',#2575,#2576);
#2575 = CARTESIAN_POINT('',(6.28318530718,0.));
#2576 = VECTOR('',#2577,1.);
#2577 = DIRECTION('',(0.,1.));
#2578 = ( GEOMETRIC_REPRESENTATION_CONTEXT(2) 
PARAMETRIC_REPRESENTATION_CONTEXT() REPRESENTATION_CONTEXT('2D SPACE',''
  ) );
#2579 = PCURVE('',#2547,#2580);
#2580 = DEFINITIONAL_REPRESENTATION('',(#2581),#2585);
#2581 = LINE('',#2582,#2583);
#2582 = CARTESIAN_POINT('',(4.138911435803E-13,0.));
#2583 = VECTOR('',#2584,1.);
#2584 = DIRECTION('',(0.,1.));
#2585 = ( GEOMETRIC_REPRESENTATION_CONTEXT(2) 
PARAMETRIC_REPRESENTATION_CONTEXT() REPRESENTATION_CONTEXT('2D SPACE',''
  ) );
#2586 = ORIENTED_EDGE('',*,*,#2587,.F.);
#2587 = EDGE_CURVE('',#2565,#2565,#2588,.T.);
#2588 = SURFACE_CURVE('',#2589,(#2594,#2601),.PCURVE_S1.);
#2589 = CIRCLE('',#2590,52.025686657229);
#2590 = AXIS2_PLACEMENT_3D('',#2591,#2592,#2593);
#2591 = CARTESIAN_POINT('',(0.,0.,868.831));
#2592 = DIRECTION('',(0.,0.,1.));
#2593 = DIRECTION('',(1.,0.,0.));
#2594 = PCURVE('',#2547,#2595);
#2595 = DEFINITIONAL_REPRESENTATION('',(#2596),#2600);
#2596 = LINE('',#2597,#2598);
#2597 = CARTESIAN_POINT('',(0.,4.563));
#2598 = VECTOR('',#2599,1.);
#2599 = DIRECTION('',(1.,0.));
#2600 = ( GEOMETRIC_REPRESENTATION_CONTEXT(2) 
PARAMETRIC_REPRESENTATION_CONTEXT() REPRESENTATION_CONTEXT('2D SPACE',''
  ) );
#2601 = PCURVE('',#2602,#2607);
#2602 = CONICAL_SURFACE('',#2603,52.025686657229,1.721693430316E-02);
#2603 = AXIS2_PLACEMENT_3D('',#2604,#2605,#2606);
#2604 = CARTESIAN_POINT('',(0.,0.,868.831));
#2605 = DIRECTION('',(0.,0.,1.));
#2606 = DIRECTION('',(1.,0.,0.));
#2607 = DEFINITIONAL_REPRESENTATION('',(#2608),#2612);
#2608 = LINE('',#2609,#2610);
#2609 = CARTESIAN_POINT('',(0.,0.));
#2610 = VECTOR('',#2611,1.);
#2611 = DIRECTION('',(1.,0.));
#2612 = ( GEOMETRIC_REPRESENTATION_CONTEXT(2) 
PARAMETRIC_REPRESENTATION_CONTEXT() REPRESENTATION_CONTEXT('2D SPACE',''
  ) );
#2613 = ORIENTED_EDGE('',*,*,#2564,.F.);
#2614 = ADVANCED_FACE('',(#2615),#2602,.T.);
#2615 = FACE_BOUND('',#2616,.T.);
#2616 = EDGE_LOOP('',(#2617,#2618,#2641,#2668));
#2617 = ORIENTED_EDGE('',*,*,#2587,.T.);
#2618 = ORIENTED_EDGE('',*,*,#2619,.T.);
#2619 = EDGE_CURVE('',#2565,#2620,#2622,.T.);
#2620 = VERTEX_POINT('',#2621);
#2621 = CARTESIAN_POINT('',(52.104255291787,0.,873.394));
#2622 = SEAM_CURVE('',#2623,(#2627,#2634),.PCURVE_S1.);
#2623 = LINE('',#2624,#2625);
#2624 = CARTESIAN_POINT('',(52.025686657229,0.,868.831));
#2625 = VECTOR('',#2626,1.);
#2626 = DIRECTION('',(1.721608373364E-02,0.,0.999851792248));
#2627 = PCURVE('',#2602,#2628);
#2628 = DEFINITIONAL_REPRESENTATION('',(#2629),#2633);
#2629 = LINE('',#2630,#2631);
#2630 = CARTESIAN_POINT('',(6.28318530718,0.));
#2631 = VECTOR('',#2632,1.);
#2632 = DIRECTION('',(0.,1.));
#2633 = ( GEOMETRIC_REPRESENTATION_CONTEXT(2) 
PARAMETRIC_REPRESENTATION_CONTEXT() REPRESENTATION_CONTEXT('2D SPACE',''
  ) );
#2634 = PCURVE('',#2602,#2635);
#2635 = DEFINITIONAL_REPRESENTATION('',(#2636),#2640);
#2636 = LINE('',#2637,#2638);
#2637 = CARTESIAN_POINT('',(4.138911435803E-13,0.));
#2638 = VECTOR('',#2639,1.);
#2639 = DIRECTION('',(0.,1.));
#2640 = ( GEOMETRIC_REPRESENTATION_CONTEXT(2) 
PARAMETRIC_REPRESENTATION_CONTEXT() REPRESENTATION_CONTEXT('2D SPACE',''
  ) );
#2641 = ORIENTED_EDGE('',*,*,#2642,.F.);
#2642 = EDGE_CURVE('',#2620,#2620,#2643,.T.);
#2643 = SURFACE_CURVE('',#2644,(#2649,#2656),.PCURVE_S1.);
#2644 = CIRCLE('',#2645,52.104255291787);
#2645 = AXIS2_PLACEMENT_3D('',#2646,#2647,#2648);
#2646 = CARTESIAN_POINT('',(0.,0.,873.394));
#2647 = DIRECTION('',(0.,0.,1.));
#2648 = DIRECTION('',(1.,0.,0.));
#2649 = PCURVE('',#2602,#2650);
#2650 = DEFINITIONAL_REPRESENTATION('',(#2651),#2655);
#2651 = LINE('',#2652,#2653);
#2652 = CARTESIAN_POINT('',(0.,4.563));
#2653 = VECTOR('',#2654,1.);
#2654 = DIRECTION('',(1.,0.));
#2655 = ( GEOMETRIC_REPRESENTATION_CONTEXT(2) 
PARAMETRIC_REPRESENTATION_CONTEXT() REPRESENTATION_CONTEXT('2D SPACE',''
  ) );
#2656 = PCURVE('',#2657,#2662);
#2657 = CONICAL_SURFACE('',#2658,52.104255291787,1.657776986864E-02);
#2658 = AXIS2_PLACEMENT_3D('',#2659,#2660,#2661);
#2659 = CARTESIAN_POINT('',(0.,0.,873.394));
#2660 = DIRECTION('',(0.,0.,1.));
#2661 = DIRECTION('',(1.,0.,0.));
#2662 = DEFINITIONAL_REPRESENTATION('',(#2663),#2667);
#2663 = LINE('',#2664,#2665);
#2664 = CARTESIAN_POINT('',(0.,0.));
#2665 = VECTOR('',#2666,1.);
#2666 = DIRECTION('',(1.,0.));
#2667 = ( GEOMETRIC_REPRESENTATION_CONTEXT(2) 
PARAMETRIC_REPRESENTATION_CONTEXT() REPRESENTATION_CONTEXT('2D SPACE',''
  ) );
#2668 = ORIENTED_EDGE('',*,*,#2619,.F.);
#2669 = ADVANCED_FACE('',(#2670),#2657,.T.);
#2670 = FACE_BOUND('',#2671,.T.);
#2671 = EDGE_LOOP('',(#2672,#2673,#2696,#2723));
#2672 = ORIENTED_EDGE('',*,*,#2642,.T.);
#2673 = ORIENTED_EDGE('',*,*,#2674,.T.);
#2674 = EDGE_CURVE('',#2620,#2675,#2677,.T.);
#2675 = VERTEX_POINT('',#2676);
#2676 = CARTESIAN_POINT('',(52.179906586049,0.,877.957));
#2677 = SEAM_CURVE('',#2678,(#2682,#2689),.PCURVE_S1.);
#2678 = LINE('',#2679,#2680);
#2679 = CARTESIAN_POINT('',(52.104255291787,0.,873.394));
#2680 = VECTOR('',#2681,1.);
#2681 = DIRECTION('',(1.657701055517E-02,0.,0.99986259192));
#2682 = PCURVE('',#2657,#2683);
#2683 = DEFINITIONAL_REPRESENTATION('',(#2684),#2688);
#2684 = LINE('',#2685,#2686);
#2685 = CARTESIAN_POINT('',(6.28318530718,0.));
#2686 = VECTOR('',#2687,1.);
#2687 = DIRECTION('',(0.,1.));
#2688 = ( GEOMETRIC_REPRESENTATION_CONTEXT(2) 
PARAMETRIC_REPRESENTATION_CONTEXT() REPRESENTATION_CONTEXT('2D SPACE',''
  ) );
#2689 = PCURVE('',#2657,#2690);
#2690 = DEFINITIONAL_REPRESENTATION('',(#2691),#2695);
#2691 = LINE('',#2692,#2693);
#2692 = CARTESIAN_POINT('',(4.138911435803E-13,0.));
#2693 = VECTOR('',#2694,1.);
#2694 = DIRECTION('',(0.,1.));
#2695 = ( GEOMETRIC_REPRESENTATION_CONTEXT(2) 
PARAMETRIC_REPRESENTATION_CONTEXT() REPRESENTATION_CONTEXT('2D SPACE',''
  ) );
#2696 = ORIENTED_EDGE('',*,*,#2697,.F.);
#2697 = EDGE_CURVE('',#2675,#2675,#2698,.T.);
#2698 = SURFACE_CURVE('',#2699,(#2704,#2711),.PCURVE_S1.);
#2699 = CIRCLE('',#2700,52.179906586049);
#2700 = AXIS2_PLACEMENT_3D('',#2701,#2702,#2703);
#2701 = CARTESIAN_POINT('',(0.,0.,877.957));
#2702 = DIRECTION('',(0.,0.,1.));
#2703 = DIRECTION('',(1.,0.,0.));
#2704 = PCURVE('',#2657,#2705);
#2705 = DEFINITIONAL_REPRESENTATION('',(#2706),#2710);
#2706 = LINE('',#2707,#2708);
#2707 = CARTESIAN_POINT('',(0.,4.563));
#2708 = VECTOR('',#2709,1.);
#2709 = DIRECTION('',(1.,0.));
#2710 = ( GEOMETRIC_REPRESENTATION_CONTEXT(2) 
PARAMETRIC_REPRESENTATION_CONTEXT() REPRESENTATION_CONTEXT('2D SPACE',''
  ) );
#2711 = PCURVE('',#2712,#2717);
#2712 = CONICAL_SURFACE('',#2713,52.179906586049,1.592687882354E-02);
#2713 = AXIS2_PLACEMENT_3D('',#2714,#2715,#2716);
#2714 = CARTESIAN_POINT('',(0.,0.,877.957));
#2715 = DIRECTION('',(0.,0.,1.));
#2716 = DIRECTION('',(1.,0.,0.));
#2717 = DEFINITIONAL_REPRESENTATION('',(#2718),#2722);
#2718 = LINE('',#2719,#2720);
#2719 = CARTESIAN_POINT('',(0.,0.));
#2720 = VECTOR('',#2721,1.);
#2721 = DIRECTION('',(1.,0.));
#2722 = ( GEOMETRIC_REPRESENTATION_CONTEXT(2) 
PARAMETRIC_REPRESENTATION_CONTEXT() REPRESENTATION_CONTEXT('2D SPACE',''
  ) );
#2723 = ORIENTED_EDGE('',*,*,#2674,.F.);
#2724 = ADVANCED_FACE('',(#2725),#2712,.T.);
#2725 = FACE_BOUND('',#2726,.T.);
#2726 = EDGE_LOOP('',(#2727,#2728,#2751,#2778));
#2727 = ORIENTED_EDGE('',*,*,#2697,.T.);
#2728 = ORIENTED_EDGE('',*,*,#2729,.T.);
#2729 = EDGE_CURVE('',#2675,#2730,#2732,.T.);
#2730 = VERTEX_POINT('',#2731);
#2731 = CARTESIAN_POINT('',(52.252587079735,0.,882.52));
#2732 = SEAM_CURVE('',#2733,(#2737,#2744),.PCURVE_S1.);
#2733 = LINE('',#2734,#2735);
#2734 = CARTESIAN_POINT('',(52.179906586049,0.,877.957));
#2735 = VECTOR('',#2736,1.);
#2736 = DIRECTION('',(1.592620548214E-02,0.,0.999873169947));
#2737 = PCURVE('',#2712,#2738);
#2738 = DEFINITIONAL_REPRESENTATION('',(#2739),#2743);
#2739 = LINE('',#2740,#2741);
#2740 = CARTESIAN_POINT('',(6.28318530718,0.));
#2741 = VECTOR('',#2742,1.);
#2742 = DIRECTION('',(0.,1.));
#2743 = ( GEOMETRIC_REPRESENTATION_CONTEXT(2) 
PARAMETRIC_REPRESENTATION_CONTEXT() REPRESENTATION_CONTEXT('2D SPACE',''
  ) );
#2744 = PCURVE('',#2712,#2745);
#2745 = DEFINITIONAL_REPRESENTATION('',(#2746),#2750);
#2746 = LINE('',#2747,#2748);
#2747 = CARTESIAN_POINT('',(4.138911435803E-13,0.));
#2748 = VECTOR('',#2749,1.);
#2749 = DIRECTION('',(0.,1.));
#2750 = ( GEOMETRIC_REPRESENTATION_CONTEXT(2) 
PARAMETRIC_REPRESENTATION_CONTEXT() REPRESENTATION_CONTEXT('2D SPACE',''
  ) );
#2751 = ORIENTED_EDGE('',*,*,#2752,.F.);
#2752 = EDGE_CURVE('',#2730,#2730,#2753,.T.);
#2753 = SURFACE_CURVE('',#2754,(#2759,#2766),.PCURVE_S1.);
#2754 = CIRCLE('',#2755,52.252587079735);
#2755 = AXIS2_PLACEMENT_3D('',#2756,#2757,#2758);
#2756 = CARTESIAN_POINT('',(0.,0.,882.52));
#2757 = DIRECTION('',(0.,0.,1.));
#2758 = DIRECTION('',(1.,0.,0.));
#2759 = PCURVE('',#2712,#2760);
#2760 = DEFINITIONAL_REPRESENTATION('',(#2761),#2765);
#2761 = LINE('',#2762,#2763);
#2762 = CARTESIAN_POINT('',(0.,4.563));
#2763 = VECTOR('',#2764,1.);
#2764 = DIRECTION('',(1.,0.));
#2765 = ( GEOMETRIC_REPRESENTATION_CONTEXT(2) 
PARAMETRIC_REPRESENTATION_CONTEXT() REPRESENTATION_CONTEXT('2D SPACE',''
  ) );
#2766 = PCURVE('',#2767,#2772);
#2767 = CONICAL_SURFACE('',#2768,52.252587079735,1.52642609757E-02);
#2768 = AXIS2_PLACEMENT_3D('',#2769,#2770,#2771);
#2769 = CARTESIAN_POINT('',(0.,0.,882.52));
#2770 = DIRECTION('',(0.,0.,1.));
#2771 = DIRECTION('',(1.,0.,0.));
#2772 = DEFINITIONAL_REPRESENTATION('',(#2773),#2777);
#2773 = LINE('',#2774,#2775);
#2774 = CARTESIAN_POINT('',(0.,0.));
#2775 = VECTOR('',#2776,1.);
#2776 = DIRECTION('',(1.,0.));
#2777 = ( GEOMETRIC_REPRESENTATION_CONTEXT(2) 
PARAMETRIC_REPRESENTATION_CONTEXT() REPRESENTATION_CONTEXT('2D SPACE',''
  ) );
#2778 = ORIENTED_EDGE('',*,*,#2729,.F.);
#2779 = ADVANCED_FACE('',(#2780),#2767,.T.);
#2780 = FACE_BOUND('',#2781,.T.);
#2781 = EDGE_LOOP('',(#2782,#2783,#2806,#2833));
#2782 = ORIENTED_EDGE('',*,*,#2752,.T.);
#2783 = ORIENTED_EDGE('',*,*,#2784,.T.);
#2784 = EDGE_CURVE('',#2730,#2785,#2787,.T.);
#2785 = VERTEX_POINT('',#2786);
#2786 = CARTESIAN_POINT('',(52.322243312565,0.,887.083));
#2787 = SEAM_CURVE('',#2788,(#2792,#2799),.PCURVE_S1.);
#2788 = LINE('',#2789,#2790);
#2789 = CARTESIAN_POINT('',(52.252587079735,0.,882.52));
#2790 = VECTOR('',#2791,1.);
#2791 = DIRECTION('',(1.526366822648E-02,0.,0.99988350343));
#2792 = PCURVE('',#2767,#2793);
#2793 = DEFINITIONAL_REPRESENTATION('',(#2794),#2798);
#2794 = LINE('',#2795,#2796);
#2795 = CARTESIAN_POINT('',(6.28318530718,0.));
#2796 = VECTOR('',#2797,1.);
#2797 = DIRECTION('',(0.,1.));
#2798 = ( GEOMETRIC_REPRESENTATION_CONTEXT(2) 
PARAMETRIC_REPRESENTATION_CONTEXT() REPRESENTATION_CONTEXT('2D SPACE',''
  ) );
#2799 = PCURVE('',#2767,#2800);
#2800 = DEFINITIONAL_REPRESENTATION('',(#2801),#2805);
#2801 = LINE('',#2802,#2803);
#2802 = CARTESIAN_POINT('',(4.138911435803E-13,0.));
#2803 = VECTOR('',#2804,1.);
#2804 = DIRECTION('',(0.,1.));
#2805 = ( GEOMETRIC_REPRESENTATION_CONTEXT(2) 
PARAMETRIC_REPRESENTATION_CONTEXT() REPRESENTATION_CONTEXT('2D SPACE',''
  ) );
#2806 = ORIENTED_EDGE('',*,*,#2807,.F.);
#2807 = EDGE_CURVE('',#2785,#2785,#2808,.T.);
#2808 = SURFACE_CURVE('',#2809,(#2814,#2821),.PCURVE_S1.);
#2809 = CIRCLE('',#2810,52.322243312565);
#2810 = AXIS2_PLACEMENT_3D('',#2811,#2812,#2813);
#2811 = CARTESIAN_POINT('',(0.,0.,887.083));
#2812 = DIRECTION('',(0.,0.,1.));
#2813 = DIRECTION('',(1.,0.,0.));
#2814 = PCURVE('',#2767,#2815);
#2815 = DEFINITIONAL_REPRESENTATION('',(#2816),#2820);
#2816 = LINE('',#2817,#2818);
#2817 = CARTESIAN_POINT('',(0.,4.563));
#2818 = VECTOR('',#2819,1.);
#2819 = DIRECTION('',(1.,0.));
#2820 = ( GEOMETRIC_REPRESENTATION_CONTEXT(2) 
PARAMETRIC_REPRESENTATION_CONTEXT() REPRESENTATION_CONTEXT('2D SPACE',''
  ) );
#2821 = PCURVE('',#2822,#2827);
#2822 = CONICAL_SURFACE('',#2823,52.322243312565,1.458991618051E-02);
#2823 = AXIS2_PLACEMENT_3D('',#2824,#2825,#2826);
#2824 = CARTESIAN_POINT('',(0.,0.,887.083));
#2825 = DIRECTION('',(0.,0.,1.));
#2826 = DIRECTION('',(1.,0.,0.));
#2827 = DEFINITIONAL_REPRESENTATION('',(#2828),#2832);
#2828 = LINE('',#2829,#2830);
#2829 = CARTESIAN_POINT('',(0.,0.));
#2830 = VECTOR('',#2831,1.);
#2831 = DIRECTION('',(1.,0.));
#2832 = ( GEOMETRIC_REPRESENTATION_CONTEXT(2) 
PARAMETRIC_REPRESENTATION_CONTEXT() REPRESENTATION_CONTEXT('2D SPACE',''
  ) );
#2833 = ORIENTED_EDGE('',*,*,#2784,.F.);
#2834 = ADVANCED_FACE('',(#2835),#2822,.T.);
#2835 = FACE_BOUND('',#2836,.T.);
#2836 = EDGE_LOOP('',(#2837,#2838,#2861,#2888));
#2837 = ORIENTED_EDGE('',*,*,#2807,.T.);
#2838 = ORIENTED_EDGE('',*,*,#2839,.T.);
#2839 = EDGE_CURVE('',#2785,#2840,#2842,.T.);
#2840 = VERTEX_POINT('',#2841);
#2841 = CARTESIAN_POINT('',(52.388821824256,0.,891.646));
#2842 = SEAM_CURVE('',#2843,(#2847,#2854),.PCURVE_S1.);
#2843 = LINE('',#2844,#2845);
#2844 = CARTESIAN_POINT('',(52.322243312565,0.,887.083));
#2845 = VECTOR('',#2846,1.);
#2846 = DIRECTION('',(1.458939857068E-02,0.,0.999893569061));
#2847 = PCURVE('',#2822,#2848);
#2848 = DEFINITIONAL_REPRESENTATION('',(#2849),#2853);
#2849 = LINE('',#2850,#2851);
#2850 = CARTESIAN_POINT('',(6.28318530718,0.));
#2851 = VECTOR('',#2852,1.);
#2852 = DIRECTION('',(0.,1.));
#2853 = ( GEOMETRIC_REPRESENTATION_CONTEXT(2) 
PARAMETRIC_REPRESENTATION_CONTEXT() REPRESENTATION_CONTEXT('2D SPACE',''
  ) );
#2854 = PCURVE('',#2822,#2855);
#2855 = DEFINITIONAL_REPRESENTATION('',(#2856),#2860);
#2856 = LINE('',#2857,#2858);
#2857 = CARTESIAN_POINT('',(4.138911435803E-13,0.));
#2858 = VECTOR('',#2859,1.);
#2859 = DIRECTION('',(0.,1.));
#2860 = ( GEOMETRIC_REPRESENTATION_CONTEXT(2) 
PARAMETRIC_REPRESENTATION_CONTEXT() REPRESENTATION_CONTEXT('2D SPACE',''
  ) );
#2861 = ORIENTED_EDGE('',*,*,#2862,.F.);
#2862 = EDGE_CURVE('',#2840,#2840,#2863,.T.);
#2863 = SURFACE_CURVE('',#2864,(#2869,#2876),.PCURVE_S1.);
#2864 = CIRCLE('',#2865,52.388821824256);
#2865 = AXIS2_PLACEMENT_3D('',#2866,#2867,#2868);
#2866 = CARTESIAN_POINT('',(0.,0.,891.646));
#2867 = DIRECTION('',(0.,0.,1.));
#2868 = DIRECTION('',(1.,0.,0.));
#2869 = PCURVE('',#2822,#2870);
#2870 = DEFINITIONAL_REPRESENTATION('',(#2871),#2875);
#2871 = LINE('',#2872,#2873);
#2872 = CARTESIAN_POINT('',(0.,4.563));
#2873 = VECTOR('',#2874,1.);
#2874 = DIRECTION('',(1.,0.));
#2875 = ( GEOMETRIC_REPRESENTATION_CONTEXT(2) 
PARAMETRIC_REPRESENTATION_CONTEXT() REPRESENTATION_CONTEXT('2D SPACE',''
  ) );
#2876 = PCURVE('',#2877,#2882);
#2877 = CONICAL_SURFACE('',#2878,52.388821824256,1.390384434365E-02);
#2878 = AXIS2_PLACEMENT_3D('',#2879,#2880,#2881);
#2879 = CARTESIAN_POINT('',(0.,0.,891.646));
#2880 = DIRECTION('',(0.,0.,1.));
#2881 = DIRECTION('',(1.,0.,0.));
#2882 = DEFINITIONAL_REPRESENTATION('',(#2883),#2887);
#2883 = LINE('',#2884,#2885);
#2884 = CARTESIAN_POINT('',(0.,0.));
#2885 = VECTOR('',#2886,1.);
#2886 = DIRECTION('',(1.,0.));
#2887 = ( GEOMETRIC_REPRESENTATION_CONTEXT(2) 
PARAMETRIC_REPRESENTATION_CONTEXT() REPRESENTATION_CONTEXT('2D SPACE',''
  ) );
#2888 = ORIENTED_EDGE('',*,*,#2839,.F.);
#2889 = ADVANCED_FACE('',(#2890),#2877,.T.);
#2890 = FACE_BOUND('',#2891,.T.);
#2891 = EDGE_LOOP('',(#2892,#2893,#2916,#2943));
#2892 = ORIENTED_EDGE('',*,*,#2862,.T.);
#2893 = ORIENTED_EDGE('',*,*,#2894,.T.);
#2894 = EDGE_CURVE('',#2840,#2895,#2897,.T.);
#2895 = VERTEX_POINT('',#2896);
#2896 = CARTESIAN_POINT('',(52.452269154529,0.,896.209));
#2897 = SEAM_CURVE('',#2898,(#2902,#2909),.PCURVE_S1.);
#2898 = LINE('',#2899,#2900);
#2899 = CARTESIAN_POINT('',(52.388821824256,0.,891.646));
#2900 = VECTOR('',#2901,1.);
#2901 = DIRECTION('',(1.39033963734E-02,0.,0.999903343113));
#2902 = PCURVE('',#2877,#2903);
#2903 = DEFINITIONAL_REPRESENTATION('',(#2904),#2908);
#2904 = LINE('',#2905,#2906);
#2905 = CARTESIAN_POINT('',(6.28318530718,0.));
#2906 = VECTOR('',#2907,1.);
#2907 = DIRECTION('',(0.,1.));
#2908 = ( GEOMETRIC_REPRESENTATION_CONTEXT(2) 
PARAMETRIC_REPRESENTATION_CONTEXT() REPRESENTATION_CONTEXT('2D SPACE',''
  ) );
#2909 = PCURVE('',#2877,#2910);
#2910 = DEFINITIONAL_REPRESENTATION('',(#2911),#2915);
#2911 = LINE('',#2912,#2913);
#2912 = CARTESIAN_POINT('',(4.138911435803E-13,0.));
#2913 = VECTOR('',#2914,1.);
#2914 = DIRECTION('',(0.,1.));
#2915 = ( GEOMETRIC_REPRESENTATION_CONTEXT(2) 
PARAMETRIC_REPRESENTATION_CONTEXT() REPRESENTATION_CONTEXT('2D SPACE',''
  ) );
#2916 = ORIENTED_EDGE('',*,*,#2917,.F.);
#2917 = EDGE_CURVE('',#2895,#2895,#2918,.T.);
#2918 = SURFACE_CURVE('',#2919,(#2924,#2931),.PCURVE_S1.);
#2919 = CIRCLE('',#2920,52.452269154529);
#2920 = AXIS2_PLACEMENT_3D('',#2921,#2922,#2923);
#2921 = CARTESIAN_POINT('',(0.,0.,896.209));
#2922 = DIRECTION('',(0.,0.,1.));
#2923 = DIRECTION('',(1.,0.,0.));
#2924 = PCURVE('',#2877,#2925);
#2925 = DEFINITIONAL_REPRESENTATION('',(#2926),#2930);
#2926 = LINE('',#2927,#2928);
#2927 = CARTESIAN_POINT('',(0.,4.563));
#2928 = VECTOR('',#2929,1.);
#2929 = DIRECTION('',(1.,0.));
#2930 = ( GEOMETRIC_REPRESENTATION_CONTEXT(2) 
PARAMETRIC_REPRESENTATION_CONTEXT() REPRESENTATION_CONTEXT('2D SPACE',''
  ) );
#2931 = PCURVE('',#2932,#2937);
#2932 = CONICAL_SURFACE('',#2933,52.452269154529,1.320604542387E-02);
#2933 = AXIS2_PLACEMENT_3D('',#2934,#2935,#2936);
#2934 = CARTESIAN_POINT('',(0.,0.,896.209));
#2935 = DIRECTION('',(0.,0.,1.));
#2936 = DIRECTION('',(1.,0.,0.));
#2937 = DEFINITIONAL_REPRESENTATION('',(#2938),#2942);
#2938 = LINE('',#2939,#2940);
#2939 = CARTESIAN_POINT('',(0.,0.));
#2940 = VECTOR('',#2941,1.);
#2941 = DIRECTION('',(1.,0.));
#2942 = ( GEOMETRIC_REPRESENTATION_CONTEXT(2) 
PARAMETRIC_REPRESENTATION_CONTEXT() REPRESENTATION_CONTEXT('2D SPACE',''
  ) );
#2943 = ORIENTED_EDGE('',*,*,#2894,.F.);
#2944 = ADVANCED_FACE('',(#2945),#2932,.T.);
#2945 = FACE_BOUND('',#2946,.T.);
#2946 = EDGE_LOOP('',(#2947,#2948,#2971,#2998));
#2947 = ORIENTED_EDGE('',*,*,#2917,.T.);
#2948 = ORIENTED_EDGE('',*,*,#2949,.T.);
#2949 = EDGE_CURVE('',#2895,#2950,#2952,.T.);
#2950 = VERTEX_POINT('',#2951);
#2951 = CARTESIAN_POINT('',(52.512531843103,0.,900.772));
#2952 = SEAM_CURVE('',#2953,(#2957,#2964),.PCURVE_S1.);
#2953 = LINE('',#2954,#2955);
#2954 = CARTESIAN_POINT('',(52.452269154529,0.,896.209));
#2955 = VECTOR('',#2956,1.);
#2956 = DIRECTION('',(1.320566157237E-02,0.,0.999912801449));
#2957 = PCURVE('',#2932,#2958);
#2958 = DEFINITIONAL_REPRESENTATION('',(#2959),#2963);
#2959 = LINE('',#2960,#2961);
#2960 = CARTESIAN_POINT('',(6.28318530718,0.));
#2961 = VECTOR('',#2962,1.);
#2962 = DIRECTION('',(0.,1.));
#2963 = ( GEOMETRIC_REPRESENTATION_CONTEXT(2) 
PARAMETRIC_REPRESENTATION_CONTEXT() REPRESENTATION_CONTEXT('2D SPACE',''
  ) );
#2964 = PCURVE('',#2932,#2965);
#2965 = DEFINITIONAL_REPRESENTATION('',(#2966),#2970);
#2966 = LINE('',#2967,#2968);
#2967 = CARTESIAN_POINT('',(4.138911435803E-13,0.));
#2968 = VECTOR('',#2969,1.);
#2969 = DIRECTION('',(0.,1.));
#2970 = ( GEOMETRIC_REPRESENTATION_CONTEXT(2) 
PARAMETRIC_REPRESENTATION_CONTEXT() REPRESENTATION_CONTEXT('2D SPACE',''
  ) );
#2971 = ORIENTED_EDGE('',*,*,#2972,.F.);
#2972 = EDGE_CURVE('',#2950,#2950,#2973,.T.);
#2973 = SURFACE_CURVE('',#2974,(#2979,#2986),.PCURVE_S1.);
#2974 = CIRCLE('',#2975,52.512531843103);
#2975 = AXIS2_PLACEMENT_3D('',#2976,#2977,#2978);
#2976 = CARTESIAN_POINT('',(0.,0.,900.772));
#2977 = DIRECTION('',(0.,0.,1.));
#2978 = DIRECTION('',(1.,0.,0.));
#2979 = PCURVE('',#2932,#2980);
#2980 = DEFINITIONAL_REPRESENTATION('',(#2981),#2985);
#2981 = LINE('',#2982,#2983);
#2982 = CARTESIAN_POINT('',(0.,4.563));
#2983 = VECTOR('',#2984,1.);
#2984 = DIRECTION('',(1.,0.));
#2985 = ( GEOMETRIC_REPRESENTATION_CONTEXT(2) 
PARAMETRIC_REPRESENTATION_CONTEXT() REPRESENTATION_CONTEXT('2D SPACE',''
  ) );
#2986 = PCURVE('',#2987,#2992);
#2987 = CONICAL_SURFACE('',#2988,52.512531843103,1.249651943579E-02);
#2988 = AXIS2_PLACEMENT_3D('',#2989,#2990,#2991);
#2989 = CARTESIAN_POINT('',(0.,0.,900.772));
#2990 = DIRECTION('',(0.,0.,1.));
#2991 = DIRECTION('',(1.,0.,0.));
#2992 = DEFINITIONAL_REPRESENTATION('',(#2993),#2997);
#2993 = LINE('',#2994,#2995);
#2994 = CARTESIAN_POINT('',(0.,0.));
#2995 = VECTOR('',#2996,1.);
#2996 = DIRECTION('',(1.,0.));
#2997 = ( GEOMETRIC_REPRESENTATION_CONTEXT(2) 
PARAMETRIC_REPRESENTATION_CONTEXT() REPRESENTATION_CONTEXT('2D SPACE',''
  ) );
#2998 = ORIENTED_EDGE('',*,*,#2949,.F.);
#2999 = ADVANCED_FACE('',(#3000),#2987,.T.);
#3000 = FACE_BOUND('',#3001,.T.);
#3001 = EDGE_LOOP('',(#3002,#3003,#3026,#3053));
#3002 = ORIENTED_EDGE('',*,*,#2972,.T.);
#3003 = ORIENTED_EDGE('',*,*,#3004,.T.);
#3004 = EDGE_CURVE('',#2950,#3005,#3007,.T.);
#3005 = VERTEX_POINT('',#3006);
#3006 = CARTESIAN_POINT('',(52.569556429696,0.,905.335));
#3007 = SEAM_CURVE('',#3008,(#3012,#3019),.PCURVE_S1.);
#3008 = LINE('',#3009,#3010);
#3009 = CARTESIAN_POINT('',(52.512531843103,0.,900.772));
#3010 = VECTOR('',#3011,1.);
#3011 = DIRECTION('',(1.249619418934E-02,0.,0.999921919517));
#3012 = PCURVE('',#2987,#3013);
#3013 = DEFINITIONAL_REPRESENTATION('',(#3014),#3018);
#3014 = LINE('',#3015,#3016);
#3015 = CARTESIAN_POINT('',(6.28318530718,0.));
#3016 = VECTOR('',#3017,1.);
#3017 = DIRECTION('',(0.,1.));
#3018 = ( GEOMETRIC_REPRESENTATION_CONTEXT(2) 
PARAMETRIC_REPRESENTATION_CONTEXT() REPRESENTATION_CONTEXT('2D SPACE',''
  ) );
#3019 = PCURVE('',#2987,#3020);
#3020 = DEFINITIONAL_REPRESENTATION('',(#3021),#3025);
#3021 = LINE('',#3022,#3023);
#3022 = CARTESIAN_POINT('',(4.138911435803E-13,0.));
#3023 = VECTOR('',#3024,1.);
#3024 = DIRECTION('',(0.,1.));
#3025 = ( GEOMETRIC_REPRESENTATION_CONTEXT(2) 
PARAMETRIC_REPRESENTATION_CONTEXT() REPRESENTATION_CONTEXT('2D SPACE',''
  ) );
#3026 = ORIENTED_EDGE('',*,*,#3027,.F.);
#3027 = EDGE_CURVE('',#3005,#3005,#3028,.T.);
#3028 = SURFACE_CURVE('',#3029,(#3034,#3041),.PCURVE_S1.);
#3029 = CIRCLE('',#3030,52.569556429696);
#3030 = AXIS2_PLACEMENT_3D('',#3031,#3032,#3033);
#3031 = CARTESIAN_POINT('',(0.,0.,905.335));
#3032 = DIRECTION('',(0.,0.,1.));
#3033 = DIRECTION('',(1.,0.,0.));
#3034 = PCURVE('',#2987,#3035);
#3035 = DEFINITIONAL_REPRESENTATION('',(#3036),#3040);
#3036 = LINE('',#3037,#3038);
#3037 = CARTESIAN_POINT('',(0.,4.563));
#3038 = VECTOR('',#3039,1.);
#3039 = DIRECTION('',(1.,0.));
#3040 = ( GEOMETRIC_REPRESENTATION_CONTEXT(2) 
PARAMETRIC_REPRESENTATION_CONTEXT() REPRESENTATION_CONTEXT('2D SPACE',''
  ) );
#3041 = PCURVE('',#3042,#3047);
#3042 = CONICAL_SURFACE('',#3043,52.569556429696,1.177526645284E-02);
#3043 = AXIS2_PLACEMENT_3D('',#3044,#3045,#3046);
#3044 = CARTESIAN_POINT('',(0.,0.,905.335));
#3045 = DIRECTION('',(0.,0.,1.));
#3046 = DIRECTION('',(1.,0.,0.));
#3047 = DEFINITIONAL_REPRESENTATION('',(#3048),#3052);
#3048 = LINE('',#3049,#3050);
#3049 = CARTESIAN_POINT('',(0.,0.));
#3050 = VECTOR('',#3051,1.);
#3051 = DIRECTION('',(1.,0.));
#3052 = ( GEOMETRIC_REPRESENTATION_CONTEXT(2) 
PARAMETRIC_REPRESENTATION_CONTEXT() REPRESENTATION_CONTEXT('2D SPACE',''
  ) );
#3053 = ORIENTED_EDGE('',*,*,#3004,.F.);
#3054 = ADVANCED_FACE('',(#3055),#3042,.T.);
#3055 = FACE_BOUND('',#3056,.T.);
#3056 = EDGE_LOOP('',(#3057,#3058,#3081,#3108));
#3057 = ORIENTED_EDGE('',*,*,#3027,.T.);
#3058 = ORIENTED_EDGE('',*,*,#3059,.T.);
#3059 = EDGE_CURVE('',#3005,#3060,#3062,.T.);
#3060 = VERTEX_POINT('',#3061);
#3061 = CARTESIAN_POINT('',(52.623289454028,0.,909.898));
#3062 = SEAM_CURVE('',#3063,(#3067,#3074),.PCURVE_S1.);
#3063 = LINE('',#3064,#3065);
#3064 = CARTESIAN_POINT('',(52.569556429696,0.,905.335));
#3065 = VECTOR('',#3066,1.);
#3066 = DIRECTION('',(1.177499433441E-02,0.,0.999930672351));
#3067 = PCURVE('',#3042,#3068);
#3068 = DEFINITIONAL_REPRESENTATION('',(#3069),#3073);
#3069 = LINE('',#3070,#3071);
#3070 = CARTESIAN_POINT('',(6.28318530718,0.));
#3071 = VECTOR('',#3072,1.);
#3072 = DIRECTION('',(0.,1.));
#3073 = ( GEOMETRIC_REPRESENTATION_CONTEXT(2) 
PARAMETRIC_REPRESENTATION_CONTEXT() REPRESENTATION_CONTEXT('2D SPACE',''
  ) );
#3074 = PCURVE('',#3042,#3075);
#3075 = DEFINITIONAL_REPRESENTATION('',(#3076),#3080);
#3076 = LINE('',#3077,#3078);
#3077 = CARTESIAN_POINT('',(4.138911435803E-13,0.));
#3078 = VECTOR('',#3079,1.);
#3079 = DIRECTION('',(0.,1.));
#3080 = ( GEOMETRIC_REPRESENTATION_CONTEXT(2) 
PARAMETRIC_REPRESENTATION_CONTEXT() REPRESENTATION_CONTEXT('2D SPACE',''
  ) );
#3081 = ORIENTED_EDGE('',*,*,#3082,.F.);
#3082 = EDGE_CURVE('',#3060,#3060,#3083,.T.);
#3083 = SURFACE_CURVE('',#3084,(#3089,#3096),.PCURVE_S1.);
#3084 = CIRCLE('',#3085,52.623289454028);
#3085 = AXIS2_PLACEMENT_3D('',#3086,#3087,#3088);
#3086 = CARTESIAN_POINT('',(0.,0.,909.898));
#3087 = DIRECTION('',(0.,0.,1.));
#3088 = DIRECTION('',(1.,0.,0.));
#3089 = PCURVE('',#3042,#3090);
#3090 = DEFINITIONAL_REPRESENTATION('',(#3091),#3095);
#3091 = LINE('',#3092,#3093);
#3092 = CARTESIAN_POINT('',(0.,4.563));
#3093 = VECTOR('',#3094,1.);
#3094 = DIRECTION('',(1.,0.));
#3095 = ( GEOMETRIC_REPRESENTATION_CONTEXT(2) 
PARAMETRIC_REPRESENTATION_CONTEXT() REPRESENTATION_CONTEXT('2D SPACE',''
  ) );
#3096 = PCURVE('',#3097,#3102);
#3097 = CONICAL_SURFACE('',#3098,52.623289454028,1.104228661014E-02);
#3098 = AXIS2_PLACEMENT_3D('',#3099,#3100,#3101);
#3099 = CARTESIAN_POINT('',(0.,0.,909.898));
#3100 = DIRECTION('',(0.,0.,1.));
#3101 = DIRECTION('',(1.,0.,0.));
#3102 = DEFINITIONAL_REPRESENTATION('',(#3103),#3107);
#3103 = LINE('',#3104,#3105);
#3104 = CARTESIAN_POINT('',(0.,0.));
#3105 = VECTOR('',#3106,1.);
#3106 = DIRECTION('',(1.,0.));
#3107 = ( GEOMETRIC_REPRESENTATION_CONTEXT(2) 
PARAMETRIC_REPRESENTATION_CONTEXT() REPRESENTATION_CONTEXT('2D SPACE',''
  ) );
#3108 = ORIENTED_EDGE('',*,*,#3059,.F.);
#3109 = ADVANCED_FACE('',(#3110),#3097,.T.);
#3110 = FACE_BOUND('',#3111,.T.);
#3111 = EDGE_LOOP('',(#3112,#3113,#3136,#3163));
#3112 = ORIENTED_EDGE('',*,*,#3082,.T.);
#3113 = ORIENTED_EDGE('',*,*,#3114,.T.);
#3114 = EDGE_CURVE('',#3060,#3115,#3117,.T.);
#3115 = VERTEX_POINT('',#3116);
#3116 = CARTESIAN_POINT('',(52.673677455818,0.,914.461));
#3117 = SEAM_CURVE('',#3118,(#3122,#3129),.PCURVE_S1.);
#3118 = LINE('',#3119,#3120);
#3119 = CARTESIAN_POINT('',(52.623289454028,0.,909.898));
#3120 = VECTOR('',#3121,1.);
#3121 = DIRECTION('',(1.104206220999E-02,0.,0.999939034573));
#3122 = PCURVE('',#3097,#3123);
#3123 = DEFINITIONAL_REPRESENTATION('',(#3124),#3128);
#3124 = LINE('',#3125,#3126);
#3125 = CARTESIAN_POINT('',(6.28318530718,0.));
#3126 = VECTOR('',#3127,1.);
#3127 = DIRECTION('',(0.,1.));
#3128 = ( GEOMETRIC_REPRESENTATION_CONTEXT(2) 
PARAMETRIC_REPRESENTATION_CONTEXT() REPRESENTATION_CONTEXT('2D SPACE',''
  ) );
#3129 = PCURVE('',#3097,#3130);
#3130 = DEFINITIONAL_REPRESENTATION('',(#3131),#3135);
#3131 = LINE('',#3132,#3133);
#3132 = CARTESIAN_POINT('',(4.138911435803E-13,0.));
#3133 = VECTOR('',#3134,1.);
#3134 = DIRECTION('',(0.,1.));
#3135 = ( GEOMETRIC_REPRESENTATION_CONTEXT(2) 
PARAMETRIC_REPRESENTATION_CONTEXT() REPRESENTATION_CONTEXT('2D SPACE',''
  ) );
#3136 = ORIENTED_EDGE('',*,*,#3137,.F.);
#3137 = EDGE_CURVE('',#3115,#3115,#3138,.T.);
#3138 = SURFACE_CURVE('',#3139,(#3144,#3151),.PCURVE_S1.);
#3139 = CIRCLE('',#3140,52.673677455818);
#3140 = AXIS2_PLACEMENT_3D('',#3141,#3142,#3143);
#3141 = CARTESIAN_POINT('',(0.,0.,914.461));
#3142 = DIRECTION('',(0.,0.,1.));
#3143 = DIRECTION('',(1.,0.,0.));
#3144 = PCURVE('',#3097,#3145);
#3145 = DEFINITIONAL_REPRESENTATION('',(#3146),#3150);
#3146 = LINE('',#3147,#3148);
#3147 = CARTESIAN_POINT('',(0.,4.563));
#3148 = VECTOR('',#3149,1.);
#3149 = DIRECTION('',(1.,0.));
#3150 = ( GEOMETRIC_REPRESENTATION_CONTEXT(2) 
PARAMETRIC_REPRESENTATION_CONTEXT() REPRESENTATION_CONTEXT('2D SPACE',''
  ) );
#3151 = PCURVE('',#3152,#3157);
#3152 = CONICAL_SURFACE('',#3153,52.673677455818,1.029758010748E-02);
#3153 = AXIS2_PLACEMENT_3D('',#3154,#3155,#3156);
#3154 = CARTESIAN_POINT('',(0.,0.,914.461));
#3155 = DIRECTION('',(0.,0.,1.));
#3156 = DIRECTION('',(1.,0.,0.));
#3157 = DEFINITIONAL_REPRESENTATION('',(#3158),#3162);
#3158 = LINE('',#3159,#3160);
#3159 = CARTESIAN_POINT('',(0.,0.));
#3160 = VECTOR('',#3161,1.);
#3161 = DIRECTION('',(1.,0.));
#3162 = ( GEOMETRIC_REPRESENTATION_CONTEXT(2) 
PARAMETRIC_REPRESENTATION_CONTEXT() REPRESENTATION_CONTEXT('2D SPACE',''
  ) );
#3163 = ORIENTED_EDGE('',*,*,#3114,.F.);
#3164 = ADVANCED_FACE('',(#3165),#3152,.T.);
#3165 = FACE_BOUND('',#3166,.T.);
#3166 = EDGE_LOOP('',(#3167,#3168,#3191,#3218));
#3167 = ORIENTED_EDGE('',*,*,#3137,.T.);
#3168 = ORIENTED_EDGE('',*,*,#3169,.T.);
#3169 = EDGE_CURVE('',#3115,#3170,#3172,.T.);
#3170 = VERTEX_POINT('',#3171);
#3171 = CARTESIAN_POINT('',(52.720666974786,0.,919.024));
#3172 = SEAM_CURVE('',#3173,(#3177,#3184),.PCURVE_S1.);
#3173 = LINE('',#3174,#3175);
#3174 = CARTESIAN_POINT('',(52.673677455818,0.,914.461));
#3175 = VECTOR('',#3176,1.);
#3176 = DIRECTION('',(1.029739811561E-02,0.,0.99994698039));
#3177 = PCURVE('',#3152,#3178);
#3178 = DEFINITIONAL_REPRESENTATION('',(#3179),#3183);
#3179 = LINE('',#3180,#3181);
#3180 = CARTESIAN_POINT('',(6.28318530718,0.));
#3181 = VECTOR('',#3182,1.);
#3182 = DIRECTION('',(0.,1.));
#3183 = ( GEOMETRIC_REPRESENTATION_CONTEXT(2) 
PARAMETRIC_REPRESENTATION_CONTEXT() REPRESENTATION_CONTEXT('2D SPACE',''
  ) );
#3184 = PCURVE('',#3152,#3185);
#3185 = DEFINITIONAL_REPRESENTATION('',(#3186),#3190);
#3186 = LINE('',#3187,#3188);
#3187 = CARTESIAN_POINT('',(4.138911435803E-13,0.));
#3188 = VECTOR('',#3189,1.);
#3189 = DIRECTION('',(0.,1.));
#3190 = ( GEOMETRIC_REPRESENTATION_CONTEXT(2) 
PARAMETRIC_REPRESENTATION_CONTEXT() REPRESENTATION_CONTEXT('2D SPACE',''
  ) );
#3191 = ORIENTED_EDGE('',*,*,#3192,.F.);
#3192 = EDGE_CURVE('',#3170,#3170,#3193,.T.);
#3193 = SURFACE_CURVE('',#3194,(#3199,#3206),.PCURVE_S1.);
#3194 = CIRCLE('',#3195,52.720666974786);
#3195 = AXIS2_PLACEMENT_3D('',#3196,#3197,#3198);
#3196 = CARTESIAN_POINT('',(0.,0.,919.024));
#3197 = DIRECTION('',(0.,0.,1.));
#3198 = DIRECTION('',(1.,0.,0.));
#3199 = PCURVE('',#3152,#3200);
#3200 = DEFINITIONAL_REPRESENTATION('',(#3201),#3205);
#3201 = LINE('',#3202,#3203);
#3202 = CARTESIAN_POINT('',(0.,4.563));
#3203 = VECTOR('',#3204,1.);
#3204 = DIRECTION('',(1.,0.));
#3205 = ( GEOMETRIC_REPRESENTATION_CONTEXT(2) 
PARAMETRIC_REPRESENTATION_CONTEXT() REPRESENTATION_CONTEXT('2D SPACE',''
  ) );
#3206 = PCURVE('',#3207,#3212);
#3207 = CONICAL_SURFACE('',#3208,52.720666974786,9.541147212376E-03);
#3208 = AXIS2_PLACEMENT_3D('',#3209,#3210,#3211);
#3209 = CARTESIAN_POINT('',(0.,0.,919.024));
#3210 = DIRECTION('',(0.,0.,1.));
#3211 = DIRECTION('',(1.,0.,0.));
#3212 = DEFINITIONAL_REPRESENTATION('',(#3213),#3217);
#3213 = LINE('',#3214,#3215);
#3214 = CARTESIAN_POINT('',(0.,0.));
#3215 = VECTOR('',#3216,1.);
#3216 = DIRECTION('',(1.,0.));
#3217 = ( GEOMETRIC_REPRESENTATION_CONTEXT(2) 
PARAMETRIC_REPRESENTATION_CONTEXT() REPRESENTATION_CONTEXT('2D SPACE',''
  ) );
#3218 = ORIENTED_EDGE('',*,*,#3169,.F.);
#3219 = ADVANCED_FACE('',(#3220),#3207,.T.);
#3220 = FACE_BOUND('',#3221,.T.);
#3221 = EDGE_LOOP('',(#3222,#3223,#3246,#3273));
#3222 = ORIENTED_EDGE('',*,*,#3192,.T.);
#3223 = ORIENTED_EDGE('',*,*,#3224,.T.);
#3224 = EDGE_CURVE('',#3170,#3225,#3227,.T.);
#3225 = VERTEX_POINT('',#3226);
#3226 = CARTESIAN_POINT('',(52.76420455065,0.,923.587));
#3227 = SEAM_CURVE('',#3228,(#3232,#3239),.PCURVE_S1.);
#3228 = LINE('',#3229,#3230);
#3229 = CARTESIAN_POINT('',(52.720666974786,0.,919.024));
#3230 = VECTOR('',#3231,1.);
#3231 = DIRECTION('',(9.541002452393E-03,0.,0.9999544836));
#3232 = PCURVE('',#3207,#3233);
#3233 = DEFINITIONAL_REPRESENTATION('',(#3234),#3238);
#3234 = LINE('',#3235,#3236);
#3235 = CARTESIAN_POINT('',(6.28318530718,0.));
#3236 = VECTOR('',#3237,1.);
#3237 = DIRECTION('',(0.,1.));
#3238 = ( GEOMETRIC_REPRESENTATION_CONTEXT(2) 
PARAMETRIC_REPRESENTATION_CONTEXT() REPRESENTATION_CONTEXT('2D SPACE',''
  ) );
#3239 = PCURVE('',#3207,#3240);
#3240 = DEFINITIONAL_REPRESENTATION('',(#3241),#3245);
#3241 = LINE('',#3242,#3243);
#3242 = CARTESIAN_POINT('',(4.138911435803E-13,0.));
#3243 = VECTOR('',#3244,1.);
#3244 = DIRECTION('',(0.,1.));
#3245 = ( GEOMETRIC_REPRESENTATION_CONTEXT(2) 
PARAMETRIC_REPRESENTATION_CONTEXT() REPRESENTATION_CONTEXT('2D SPACE',''
  ) );
#3246 = ORIENTED_EDGE('',*,*,#3247,.F.);
#3247 = EDGE_CURVE('',#3225,#3225,#3248,.T.);
#3248 = SURFACE_CURVE('',#3249,(#3254,#3261),.PCURVE_S1.);
#3249 = CIRCLE('',#3250,52.76420455065);
#3250 = AXIS2_PLACEMENT_3D('',#3251,#3252,#3253);
#3251 = CARTESIAN_POINT('',(0.,0.,923.587));
#3252 = DIRECTION('',(0.,0.,1.));
#3253 = DIRECTION('',(1.,0.,0.));
#3254 = PCURVE('',#3207,#3255);
#3255 = DEFINITIONAL_REPRESENTATION('',(#3256),#3260);
#3256 = LINE('',#3257,#3258);
#3257 = CARTESIAN_POINT('',(0.,4.563));
#3258 = VECTOR('',#3259,1.);
#3259 = DIRECTION('',(1.,0.));
#3260 = ( GEOMETRIC_REPRESENTATION_CONTEXT(2) 
PARAMETRIC_REPRESENTATION_CONTEXT() REPRESENTATION_CONTEXT('2D SPACE',''
  ) );
#3261 = PCURVE('',#3262,#3267);
#3262 = CONICAL_SURFACE('',#3263,52.76420455065,8.772988263105E-03);
#3263 = AXIS2_PLACEMENT_3D('',#3264,#3265,#3266);
#3264 = CARTESIAN_POINT('',(0.,0.,923.587));
#3265 = DIRECTION('',(0.,0.,1.));
#3266 = DIRECTION('',(1.,0.,0.));
#3267 = DEFINITIONAL_REPRESENTATION('',(#3268),#3272);
#3268 = LINE('',#3269,#3270);
#3269 = CARTESIAN_POINT('',(0.,0.));
#3270 = VECTOR('',#3271,1.);
#3271 = DIRECTION('',(1.,0.));
#3272 = ( GEOMETRIC_REPRESENTATION_CONTEXT(2) 
PARAMETRIC_REPRESENTATION_CONTEXT() REPRESENTATION_CONTEXT('2D SPACE',''
  ) );
#3273 = ORIENTED_EDGE('',*,*,#3224,.F.);
#3274 = ADVANCED_FACE('',(#3275),#3262,.T.);
#3275 = FACE_BOUND('',#3276,.T.);
#3276 = EDGE_LOOP('',(#3277,#3278,#3301,#3328));
#3277 = ORIENTED_EDGE('',*,*,#3247,.T.);
#3278 = ORIENTED_EDGE('',*,*,#3279,.T.);
#3279 = EDGE_CURVE('',#3225,#3280,#3282,.T.);
#3280 = VERTEX_POINT('',#3281);
#3281 = CARTESIAN_POINT('',(52.804236723129,0.,928.15));
#3282 = SEAM_CURVE('',#3283,(#3287,#3294),.PCURVE_S1.);
#3283 = LINE('',#3284,#3285);
#3284 = CARTESIAN_POINT('',(52.76420455065,0.,923.587));
#3285 = VECTOR('',#3286,1.);
#3286 = DIRECTION('',(8.77287572758E-03,0.,0.999961517585));
#3287 = PCURVE('',#3262,#3288);
#3288 = DEFINITIONAL_REPRESENTATION('',(#3289),#3293);
#3289 = LINE('',#3290,#3291);
#3290 = CARTESIAN_POINT('',(6.28318530718,0.));
#3291 = VECTOR('',#3292,1.);
#3292 = DIRECTION('',(0.,1.));
#3293 = ( GEOMETRIC_REPRESENTATION_CONTEXT(2) 
PARAMETRIC_REPRESENTATION_CONTEXT() REPRESENTATION_CONTEXT('2D SPACE',''
  ) );
#3294 = PCURVE('',#3262,#3295);
#3295 = DEFINITIONAL_REPRESENTATION('',(#3296),#3300);
#3296 = LINE('',#3297,#3298);
#3297 = CARTESIAN_POINT('',(4.138911435803E-13,0.));
#3298 = VECTOR('',#3299,1.);
#3299 = DIRECTION('',(0.,1.));
#3300 = ( GEOMETRIC_REPRESENTATION_CONTEXT(2) 
PARAMETRIC_REPRESENTATION_CONTEXT() REPRESENTATION_CONTEXT('2D SPACE',''
  ) );
#3301 = ORIENTED_EDGE('',*,*,#3302,.F.);
#3302 = EDGE_CURVE('',#3280,#3280,#3303,.T.);
#3303 = SURFACE_CURVE('',#3304,(#3309,#3316),.PCURVE_S1.);
#3304 = CIRCLE('',#3305,52.804236723129);
#3305 = AXIS2_PLACEMENT_3D('',#3306,#3307,#3308);
#3306 = CARTESIAN_POINT('',(0.,0.,928.15));
#3307 = DIRECTION('',(0.,0.,1.));
#3308 = DIRECTION('',(1.,0.,0.));
#3309 = PCURVE('',#3262,#3310);
#3310 = DEFINITIONAL_REPRESENTATION('',(#3311),#3315);
#3311 = LINE('',#3312,#3313);
#3312 = CARTESIAN_POINT('',(0.,4.563));
#3313 = VECTOR('',#3314,1.);
#3314 = DIRECTION('',(1.,0.));
#3315 = ( GEOMETRIC_REPRESENTATION_CONTEXT(2) 
PARAMETRIC_REPRESENTATION_CONTEXT() REPRESENTATION_CONTEXT('2D SPACE',''
  ) );
#3316 = PCURVE('',#3317,#3322);
#3317 = CONICAL_SURFACE('',#3318,52.804236723129,7.993103671851E-03);
#3318 = AXIS2_PLACEMENT_3D('',#3319,#3320,#3321);
#3319 = CARTESIAN_POINT('',(0.,0.,928.15));
#3320 = DIRECTION('',(0.,0.,1.));
#3321 = DIRECTION('',(1.,0.,0.));
#3322 = DEFINITIONAL_REPRESENTATION('',(#3323),#3327);
#3323 = LINE('',#3324,#3325);
#3324 = CARTESIAN_POINT('',(0.,0.));
#3325 = VECTOR('',#3326,1.);
#3326 = DIRECTION('',(1.,0.));
#3327 = ( GEOMETRIC_REPRESENTATION_CONTEXT(2) 
PARAMETRIC_REPRESENTATION_CONTEXT() REPRESENTATION_CONTEXT('2D SPACE',''
  ) );
#3328 = ORIENTED_EDGE('',*,*,#3279,.F.);
#3329 = ADVANCED_FACE('',(#3330),#3317,.T.);
#3330 = FACE_BOUND('',#3331,.T.);
#3331 = EDGE_LOOP('',(#3332,#3333,#3356,#3383));
#3332 = ORIENTED_EDGE('',*,*,#3302,.T.);
#3333 = ORIENTED_EDGE('',*,*,#3334,.T.);
#3334 = EDGE_CURVE('',#3280,#3335,#3337,.T.);
#3335 = VERTEX_POINT('',#3336);
#3336 = CARTESIAN_POINT('',(52.840710031943,0.,932.713));
#3337 = SEAM_CURVE('',#3338,(#3342,#3349),.PCURVE_S1.);
#3338 = LINE('',#3339,#3340);
#3339 = CARTESIAN_POINT('',(52.804236723129,0.,928.15));
#3340 = VECTOR('',#3341,1.);
#3341 = DIRECTION('',(7.993018559275E-03,0.,0.999968055317));
#3342 = PCURVE('',#3317,#3343);
#3343 = DEFINITIONAL_REPRESENTATION('',(#3344),#3348);
#3344 = LINE('',#3345,#3346);
#3345 = CARTESIAN_POINT('',(6.28318530718,0.));
#3346 = VECTOR('',#3347,1.);
#3347 = DIRECTION('',(0.,1.));
#3348 = ( GEOMETRIC_REPRESENTATION_CONTEXT(2) 
PARAMETRIC_REPRESENTATION_CONTEXT() REPRESENTATION_CONTEXT('2D SPACE',''
  ) );
#3349 = PCURVE('',#3317,#3350);
#3350 = DEFINITIONAL_REPRESENTATION('',(#3351),#3355);
#3351 = LINE('',#3352,#3353);
#3352 = CARTESIAN_POINT('',(4.138911435803E-13,0.));
#3353 = VECTOR('',#3354,1.);
#3354 = DIRECTION('',(0.,1.));
#3355 = ( GEOMETRIC_REPRESENTATION_CONTEXT(2) 
PARAMETRIC_REPRESENTATION_CONTEXT() REPRESENTATION_CONTEXT('2D SPACE',''
  ) );
#3356 = ORIENTED_EDGE('',*,*,#3357,.F.);
#3357 = EDGE_CURVE('',#3335,#3335,#3358,.T.);
#3358 = SURFACE_CURVE('',#3359,(#3364,#3371),.PCURVE_S1.);
#3359 = CIRCLE('',#3360,52.840710031943);
#3360 = AXIS2_PLACEMENT_3D('',#3361,#3362,#3363);
#3361 = CARTESIAN_POINT('',(0.,0.,932.713));
#3362 = DIRECTION('',(0.,0.,1.));
#3363 = DIRECTION('',(1.,0.,0.));
#3364 = PCURVE('',#3317,#3365);
#3365 = DEFINITIONAL_REPRESENTATION('',(#3366),#3370);
#3366 = LINE('',#3367,#3368);
#3367 = CARTESIAN_POINT('',(0.,4.563));
#3368 = VECTOR('',#3369,1.);
#3369 = DIRECTION('',(1.,0.));
#3370 = ( GEOMETRIC_REPRESENTATION_CONTEXT(2) 
PARAMETRIC_REPRESENTATION_CONTEXT() REPRESENTATION_CONTEXT('2D SPACE',''
  ) );
#3371 = PCURVE('',#3372,#3377);
#3372 = CONICAL_SURFACE('',#3373,52.840710031943,7.201493927849E-03);
#3373 = AXIS2_PLACEMENT_3D('',#3374,#3375,#3376);
#3374 = CARTESIAN_POINT('',(0.,0.,932.713));
#3375 = DIRECTION('',(0.,0.,1.));
#3376 = DIRECTION('',(1.,0.,0.));
#3377 = DEFINITIONAL_REPRESENTATION('',(#3378),#3382);
#3378 = LINE('',#3379,#3380);
#3379 = CARTESIAN_POINT('',(0.,0.));
#3380 = VECTOR('',#3381,1.);
#3381 = DIRECTION('',(1.,0.));
#3382 = ( GEOMETRIC_REPRESENTATION_CONTEXT(2) 
PARAMETRIC_REPRESENTATION_CONTEXT() REPRESENTATION_CONTEXT('2D SPACE',''
  ) );
#3383 = ORIENTED_EDGE('',*,*,#3334,.F.);
#3384 = ADVANCED_FACE('',(#3385),#3372,.T.);
#3385 = FACE_BOUND('',#3386,.T.);
#3386 = EDGE_LOOP('',(#3387,#3388,#3411,#3438));
#3387 = ORIENTED_EDGE('',*,*,#3357,.T.);
#3388 = ORIENTED_EDGE('',*,*,#3389,.T.);
#3389 = EDGE_CURVE('',#3335,#3390,#3392,.T.);
#3390 = VERTEX_POINT('',#3391);
#3391 = CARTESIAN_POINT('',(52.873571016812,0.,937.276));
#3392 = SEAM_CURVE('',#3393,(#3397,#3404),.PCURVE_S1.);
#3393 = LINE('',#3394,#3395);
#3394 = CARTESIAN_POINT('',(52.840710031943,0.,932.713));
#3395 = VECTOR('',#3396,1.);
#3396 = DIRECTION('',(7.201431681265E-03,0.,0.999974069355));
#3397 = PCURVE('',#3372,#3398);
#3398 = DEFINITIONAL_REPRESENTATION('',(#3399),#3403);
#3399 = LINE('',#3400,#3401);
#3400 = CARTESIAN_POINT('',(6.28318530718,0.));
#3401 = VECTOR('',#3402,1.);
#3402 = DIRECTION('',(0.,1.));
#3403 = ( GEOMETRIC_REPRESENTATION_CONTEXT(2) 
PARAMETRIC_REPRESENTATION_CONTEXT() REPRESENTATION_CONTEXT('2D SPACE',''
  ) );
#3404 = PCURVE('',#3372,#3405);
#3405 = DEFINITIONAL_REPRESENTATION('',(#3406),#3410);
#3406 = LINE('',#3407,#3408);
#3407 = CARTESIAN_POINT('',(4.138911435803E-13,0.));
#3408 = VECTOR('',#3409,1.);
#3409 = DIRECTION('',(0.,1.));
#3410 = ( GEOMETRIC_REPRESENTATION_CONTEXT(2) 
PARAMETRIC_REPRESENTATION_CONTEXT() REPRESENTATION_CONTEXT('2D SPACE',''
  ) );
#3411 = ORIENTED_EDGE('',*,*,#3412,.F.);
#3412 = EDGE_CURVE('',#3390,#3390,#3413,.T.);
#3413 = SURFACE_CURVE('',#3414,(#3419,#3426),.PCURVE_S1.);
#3414 = CIRCLE('',#3415,52.873571016812);
#3415 = AXIS2_PLACEMENT_3D('',#3416,#3417,#3418);
#3416 = CARTESIAN_POINT('',(0.,0.,937.276));
#3417 = DIRECTION('',(0.,0.,1.));
#3418 = DIRECTION('',(1.,0.,0.));
#3419 = PCURVE('',#3372,#3420);
#3420 = DEFINITIONAL_REPRESENTATION('',(#3421),#3425);
#3421 = LINE('',#3422,#3423);
#3422 = CARTESIAN_POINT('',(0.,4.563));
#3423 = VECTOR('',#3424,1.);
#3424 = DIRECTION('',(1.,0.));
#3425 = ( GEOMETRIC_REPRESENTATION_CONTEXT(2) 
PARAMETRIC_REPRESENTATION_CONTEXT() REPRESENTATION_CONTEXT('2D SPACE',''
  ) );
#3426 = PCURVE('',#3427,#3432);
#3427 = CONICAL_SURFACE('',#3428,52.873571016812,6.398159600629E-03);
#3428 = AXIS2_PLACEMENT_3D('',#3429,#3430,#3431);
#3429 = CARTESIAN_POINT('',(0.,0.,937.276));
#3430 = DIRECTION('',(0.,0.,1.));
#3431 = DIRECTION('',(1.,0.,0.));
#3432 = DEFINITIONAL_REPRESENTATION('',(#3433),#3437);
#3433 = LINE('',#3434,#3435);
#3434 = CARTESIAN_POINT('',(0.,0.));
#3435 = VECTOR('',#3436,1.);
#3436 = DIRECTION('',(1.,0.));
#3437 = ( GEOMETRIC_REPRESENTATION_CONTEXT(2) 
PARAMETRIC_REPRESENTATION_CONTEXT() REPRESENTATION_CONTEXT('2D SPACE',''
  ) );
#3438 = ORIENTED_EDGE('',*,*,#3389,.F.);
#3439 = ADVANCED_FACE('',(#3440),#3427,.T.);
#3440 = FACE_BOUND('',#3441,.T.);
#3441 = EDGE_LOOP('',(#3442,#3443,#3466,#3493));
#3442 = ORIENTED_EDGE('',*,*,#3412,.T.);
#3443 = ORIENTED_EDGE('',*,*,#3444,.T.);
#3444 = EDGE_CURVE('',#3390,#3445,#3447,.T.);
#3445 = VERTEX_POINT('',#3446);
#3446 = CARTESIAN_POINT('',(52.902766217453,0.,941.839));
#3447 = SEAM_CURVE('',#3448,(#3452,#3459),.PCURVE_S1.);
#3448 = LINE('',#3449,#3450);
#3449 = CARTESIAN_POINT('',(52.873571016812,0.,937.276));
#3450 = VECTOR('',#3451,1.);
#3451 = DIRECTION('',(6.398115947719E-03,0.,0.999979531847));
#3452 = PCURVE('',#3427,#3453);
#3453 = DEFINITIONAL_REPRESENTATION('',(#3454),#3458);
#3454 = LINE('',#3455,#3456);
#3455 = CARTESIAN_POINT('',(6.28318530718,0.));
#3456 = VECTOR('',#3457,1.);
#3457 = DIRECTION('',(0.,1.));
#3458 = ( GEOMETRIC_REPRESENTATION_CONTEXT(2) 
PARAMETRIC_REPRESENTATION_CONTEXT() REPRESENTATION_CONTEXT('2D SPACE',''
  ) );
#3459 = PCURVE('',#3427,#3460);
#3460 = DEFINITIONAL_REPRESENTATION('',(#3461),#3465);
#3461 = LINE('',#3462,#3463);
#3462 = CARTESIAN_POINT('',(4.138911435803E-13,0.));
#3463 = VECTOR('',#3464,1.);
#3464 = DIRECTION('',(0.,1.));
#3465 = ( GEOMETRIC_REPRESENTATION_CONTEXT(2) 
PARAMETRIC_REPRESENTATION_CONTEXT() REPRESENTATION_CONTEXT('2D SPACE',''
  ) );
#3466 = ORIENTED_EDGE('',*,*,#3467,.F.);
#3467 = EDGE_CURVE('',#3445,#3445,#3468,.T.);
#3468 = SURFACE_CURVE('',#3469,(#3474,#3481),.PCURVE_S1.);
#3469 = CIRCLE('',#3470,52.902766217453);
#3470 = AXIS2_PLACEMENT_3D('',#3471,#3472,#3473);
#3471 = CARTESIAN_POINT('',(0.,0.,941.839));
#3472 = DIRECTION('',(0.,0.,1.));
#3473 = DIRECTION('',(1.,0.,0.));
#3474 = PCURVE('',#3427,#3475);
#3475 = DEFINITIONAL_REPRESENTATION('',(#3476),#3480);
#3476 = LINE('',#3477,#3478);
#3477 = CARTESIAN_POINT('',(0.,4.563));
#3478 = VECTOR('',#3479,1.);
#3479 = DIRECTION('',(1.,0.));
#3480 = ( GEOMETRIC_REPRESENTATION_CONTEXT(2) 
PARAMETRIC_REPRESENTATION_CONTEXT() REPRESENTATION_CONTEXT('2D SPACE',''
  ) );
#3481 = PCURVE('',#3482,#3487);
#3482 = CONICAL_SURFACE('',#3483,52.902766217453,5.583101343246E-03);
#3483 = AXIS2_PLACEMENT_3D('',#3484,#3485,#3486);
#3484 = CARTESIAN_POINT('',(0.,0.,941.839));
#3485 = DIRECTION('',(0.,0.,1.));
#3486 = DIRECTION('',(1.,0.,0.));
#3487 = DEFINITIONAL_REPRESENTATION('',(#3488),#3492);
#3488 = LINE('',#3489,#3490);
#3489 = CARTESIAN_POINT('',(0.,0.));
#3490 = VECTOR('',#3491,1.);
#3491 = DIRECTION('',(1.,0.));
#3492 = ( GEOMETRIC_REPRESENTATION_CONTEXT(2) 
PARAMETRIC_REPRESENTATION_CONTEXT() REPRESENTATION_CONTEXT('2D SPACE',''
  ) );
#3493 = ORIENTED_EDGE('',*,*,#3444,.F.);
#3494 = ADVANCED_FACE('',(#3495),#3482,.T.);
#3495 = FACE_BOUND('',#3496,.T.);
#3496 = EDGE_LOOP('',(#3497,#3498,#3521,#3548));
#3497 = ORIENTED_EDGE('',*,*,#3467,.T.);
#3498 = ORIENTED_EDGE('',*,*,#3499,.T.);
#3499 = EDGE_CURVE('',#3445,#3500,#3502,.T.);
#3500 = VERTEX_POINT('',#3501);
#3501 = CARTESIAN_POINT('',(52.928242173587,0.,946.402));
#3502 = SEAM_CURVE('',#3503,(#3507,#3514),.PCURVE_S1.);
#3503 = LINE('',#3504,#3505);
#3504 = CARTESIAN_POINT('',(52.902766217453,0.,941.839));
#3505 = VECTOR('',#3506,1.);
#3506 = DIRECTION('',(5.583072338137E-03,0.,0.99998441453));
#3507 = PCURVE('',#3482,#3508);
#3508 = DEFINITIONAL_REPRESENTATION('',(#3509),#3513);
#3509 = LINE('',#3510,#3511);
#3510 = CARTESIAN_POINT('',(6.28318530718,0.));
#3511 = VECTOR('',#3512,1.);
#3512 = DIRECTION('',(0.,1.));
#3513 = ( GEOMETRIC_REPRESENTATION_CONTEXT(2) 
PARAMETRIC_REPRESENTATION_CONTEXT() REPRESENTATION_CONTEXT('2D SPACE',''
  ) );
#3514 = PCURVE('',#3482,#3515);
#3515 = DEFINITIONAL_REPRESENTATION('',(#3516),#3520);
#3516 = LINE('',#3517,#3518);
#3517 = CARTESIAN_POINT('',(4.138911435803E-13,0.));
#3518 = VECTOR('',#3519,1.);
#3519 = DIRECTION('',(0.,1.));
#3520 = ( GEOMETRIC_REPRESENTATION_CONTEXT(2) 
PARAMETRIC_REPRESENTATION_CONTEXT() REPRESENTATION_CONTEXT('2D SPACE',''
  ) );
#3521 = ORIENTED_EDGE('',*,*,#3522,.F.);
#3522 = EDGE_CURVE('',#3500,#3500,#3523,.T.);
#3523 = SURFACE_CURVE('',#3524,(#3529,#3536),.PCURVE_S1.);
#3524 = CIRCLE('',#3525,52.928242173587);
#3525 = AXIS2_PLACEMENT_3D('',#3526,#3527,#3528);
#3526 = CARTESIAN_POINT('',(0.,0.,946.402));
#3527 = DIRECTION('',(0.,0.,1.));
#3528 = DIRECTION('',(1.,0.,0.));
#3529 = PCURVE('',#3482,#3530);
#3530 = DEFINITIONAL_REPRESENTATION('',(#3531),#3535);
#3531 = LINE('',#3532,#3533);
#3532 = CARTESIAN_POINT('',(0.,4.563));
#3533 = VECTOR('',#3534,1.);
#3534 = DIRECTION('',(1.,0.));
#3535 = ( GEOMETRIC_REPRESENTATION_CONTEXT(2) 
PARAMETRIC_REPRESENTATION_CONTEXT() REPRESENTATION_CONTEXT('2D SPACE',''
  ) );
#3536 = PCURVE('',#3537,#3542);
#3537 = CONICAL_SURFACE('',#3538,52.928242173587,4.756319895612E-03);
#3538 = AXIS2_PLACEMENT_3D('',#3539,#3540,#3541);
#3539 = CARTESIAN_POINT('',(0.,0.,946.402));
#3540 = DIRECTION('',(0.,0.,1.));
#3541 = DIRECTION('',(1.,0.,0.));
#3542 = DEFINITIONAL_REPRESENTATION('',(#3543),#3547);
#3543 = LINE('',#3544,#3545);
#3544 = CARTESIAN_POINT('',(0.,0.));
#3545 = VECTOR('',#3546,1.);
#3546 = DIRECTION('',(1.,0.));
#3547 = ( GEOMETRIC_REPRESENTATION_CONTEXT(2) 
PARAMETRIC_REPRESENTATION_CONTEXT() REPRESENTATION_CONTEXT('2D SPACE',''
  ) );
#3548 = ORIENTED_EDGE('',*,*,#3499,.F.);
#3549 = ADVANCED_FACE('',(#3550),#3537,.T.);
#3550 = FACE_BOUND('',#3551,.T.);
#3551 = EDGE_LOOP('',(#3552,#3553,#3576,#3603));
#3552 = ORIENTED_EDGE('',*,*,#3522,.T.);
#3553 = ORIENTED_EDGE('',*,*,#3554,.T.);
#3554 = EDGE_CURVE('',#3500,#3555,#3557,.T.);
#3555 = VERTEX_POINT('',#3556);
#3556 = CARTESIAN_POINT('',(52.949945424932,0.,950.965));
#3557 = SEAM_CURVE('',#3558,(#3562,#3569),.PCURVE_S1.);
#3558 = LINE('',#3559,#3560);
#3559 = CARTESIAN_POINT('',(52.928242173587,0.,946.402));
#3560 = VECTOR('',#3561,1.);
#3561 = DIRECTION('',(4.756301962255E-03,0.,0.999988688732));
#3562 = PCURVE('',#3537,#3563);
#3563 = DEFINITIONAL_REPRESENTATION('',(#3564),#3568);
#3564 = LINE('',#3565,#3566);
#3565 = CARTESIAN_POINT('',(6.28318530718,0.));
#3566 = VECTOR('',#3567,1.);
#3567 = DIRECTION('',(0.,1.));
#3568 = ( GEOMETRIC_REPRESENTATION_CONTEXT(2) 
PARAMETRIC_REPRESENTATION_CONTEXT() REPRESENTATION_CONTEXT('2D SPACE',''
  ) );
#3569 = PCURVE('',#3537,#3570);
#3570 = DEFINITIONAL_REPRESENTATION('',(#3571),#3575);
#3571 = LINE('',#3572,#3573);
#3572 = CARTESIAN_POINT('',(4.138911435803E-13,0.));
#3573 = VECTOR('',#3574,1.);
#3574 = DIRECTION('',(0.,1.));
#3575 = ( GEOMETRIC_REPRESENTATION_CONTEXT(2) 
PARAMETRIC_REPRESENTATION_CONTEXT() REPRESENTATION_CONTEXT('2D SPACE',''
  ) );
#3576 = ORIENTED_EDGE('',*,*,#3577,.F.);
#3577 = EDGE_CURVE('',#3555,#3555,#3578,.T.);
#3578 = SURFACE_CURVE('',#3579,(#3584,#3591),.PCURVE_S1.);
#3579 = CIRCLE('',#3580,52.949945424932);
#3580 = AXIS2_PLACEMENT_3D('',#3581,#3582,#3583);
#3581 = CARTESIAN_POINT('',(0.,0.,950.965));
#3582 = DIRECTION('',(0.,0.,1.));
#3583 = DIRECTION('',(1.,0.,0.));
#3584 = PCURVE('',#3537,#3585);
#3585 = DEFINITIONAL_REPRESENTATION('',(#3586),#3590);
#3586 = LINE('',#3587,#3588);
#3587 = CARTESIAN_POINT('',(0.,4.563));
#3588 = VECTOR('',#3589,1.);
#3589 = DIRECTION('',(1.,0.));
#3590 = ( GEOMETRIC_REPRESENTATION_CONTEXT(2) 
PARAMETRIC_REPRESENTATION_CONTEXT() REPRESENTATION_CONTEXT('2D SPACE',''
  ) );
#3591 = PCURVE('',#3592,#3597);
#3592 = CONICAL_SURFACE('',#3593,52.949945424932,3.917816087838E-03);
#3593 = AXIS2_PLACEMENT_3D('',#3594,#3595,#3596);
#3594 = CARTESIAN_POINT('',(0.,0.,950.965));
#3595 = DIRECTION('',(0.,0.,1.));
#3596 = DIRECTION('',(1.,0.,0.));
#3597 = DEFINITIONAL_REPRESENTATION('',(#3598),#3602);
#3598 = LINE('',#3599,#3600);
#3599 = CARTESIAN_POINT('',(0.,0.));
#3600 = VECTOR('',#3601,1.);
#3601 = DIRECTION('',(1.,0.));
#3602 = ( GEOMETRIC_REPRESENTATION_CONTEXT(2) 
PARAMETRIC_REPRESENTATION_CONTEXT() REPRESENTATION_CONTEXT('2D SPACE',''
  ) );
#3603 = ORIENTED_EDGE('',*,*,#3554,.F.);
#3604 = ADVANCED_FACE('',(#3605),#3592,.T.);
#3605 = FACE_BOUND('',#3606,.T.);
#3606 = EDGE_LOOP('',(#3607,#3608,#3631,#3658));
#3607 = ORIENTED_EDGE('',*,*,#3577,.T.);
#3608 = ORIENTED_EDGE('',*,*,#3609,.T.);
#3609 = EDGE_CURVE('',#3555,#3610,#3612,.T.);
#3610 = VERTEX_POINT('',#3611);
#3611 = CARTESIAN_POINT('',(52.967822511207,0.,955.528));
#3612 = SEAM_CURVE('',#3613,(#3617,#3624),.PCURVE_S1.);
#3613 = LINE('',#3614,#3615);
#3614 = CARTESIAN_POINT('',(52.949945424932,0.,950.965));
#3615 = VECTOR('',#3616,1.);
#3616 = DIRECTION('',(3.917806065242E-03,0.,0.999992325368));
#3617 = PCURVE('',#3592,#3618);
#3618 = DEFINITIONAL_REPRESENTATION('',(#3619),#3623);
#3619 = LINE('',#3620,#3621);
#3620 = CARTESIAN_POINT('',(6.28318530718,0.));
#3621 = VECTOR('',#3622,1.);
#3622 = DIRECTION('',(0.,1.));
#3623 = ( GEOMETRIC_REPRESENTATION_CONTEXT(2) 
PARAMETRIC_REPRESENTATION_CONTEXT() REPRESENTATION_CONTEXT('2D SPACE',''
  ) );
#3624 = PCURVE('',#3592,#3625);
#3625 = DEFINITIONAL_REPRESENTATION('',(#3626),#3630);
#3626 = LINE('',#3627,#3628);
#3627 = CARTESIAN_POINT('',(4.138911435803E-13,0.));
#3628 = VECTOR('',#3629,1.);
#3629 = DIRECTION('',(0.,1.));
#3630 = ( GEOMETRIC_REPRESENTATION_CONTEXT(2) 
PARAMETRIC_REPRESENTATION_CONTEXT() REPRESENTATION_CONTEXT('2D SPACE',''
  ) );
#3631 = ORIENTED_EDGE('',*,*,#3632,.F.);
#3632 = EDGE_CURVE('',#3610,#3610,#3633,.T.);
#3633 = SURFACE_CURVE('',#3634,(#3639,#3646),.PCURVE_S1.);
#3634 = CIRCLE('',#3635,52.967822511207);
#3635 = AXIS2_PLACEMENT_3D('',#3636,#3637,#3638);
#3636 = CARTESIAN_POINT('',(0.,0.,955.528));
#3637 = DIRECTION('',(0.,0.,1.));
#3638 = DIRECTION('',(1.,0.,0.));
#3639 = PCURVE('',#3592,#3640);
#3640 = DEFINITIONAL_REPRESENTATION('',(#3641),#3645);
#3641 = LINE('',#3642,#3643);
#3642 = CARTESIAN_POINT('',(0.,4.563));
#3643 = VECTOR('',#3644,1.);
#3644 = DIRECTION('',(1.,0.));
#3645 = ( GEOMETRIC_REPRESENTATION_CONTEXT(2) 
PARAMETRIC_REPRESENTATION_CONTEXT() REPRESENTATION_CONTEXT('2D SPACE',''
  ) );
#3646 = PCURVE('',#3647,#3652);
#3647 = CONICAL_SURFACE('',#3648,52.967822511207,3.067590843655E-03);
#3648 = AXIS2_PLACEMENT_3D('',#3649,#3650,#3651);
#3649 = CARTESIAN_POINT('',(0.,0.,955.528));
#3650 = DIRECTION('',(0.,0.,1.));
#3651 = DIRECTION('',(1.,0.,0.));
#3652 = DEFINITIONAL_REPRESENTATION('',(#3653),#3657);
#3653 = LINE('',#3654,#3655);
#3654 = CARTESIAN_POINT('',(0.,0.));
#3655 = VECTOR('',#3656,1.);
#3656 = DIRECTION('',(1.,0.));
#3657 = ( GEOMETRIC_REPRESENTATION_CONTEXT(2) 
PARAMETRIC_REPRESENTATION_CONTEXT() REPRESENTATION_CONTEXT('2D SPACE',''
  ) );
#3658 = ORIENTED_EDGE('',*,*,#3609,.F.);
#3659 = ADVANCED_FACE('',(#3660),#3647,.T.);
#3660 = FACE_BOUND('',#3661,.T.);
#3661 = EDGE_LOOP('',(#3662,#3685,#3686,#3687,#3716,#3845,#3960,#4110));
#3662 = ORIENTED_EDGE('',*,*,#3663,.F.);
#3663 = EDGE_CURVE('',#3610,#3664,#3666,.T.);
#3664 = VERTEX_POINT('',#3665);
#3665 = CARTESIAN_POINT('',(52.981819972133,0.,960.091));
#3666 = SEAM_CURVE('',#3667,(#3671,#3678),.PCURVE_S1.);
#3667 = LINE('',#3668,#3669);
#3668 = CARTESIAN_POINT('',(52.967822511207,0.,955.528));
#3669 = VECTOR('',#3670,1.);
#3670 = DIRECTION('',(3.067586032594E-03,0.,0.999995294947));
#3671 = PCURVE('',#3647,#3672);
#3672 = DEFINITIONAL_REPRESENTATION('',(#3673),#3677);
#3673 = LINE('',#3674,#3675);
#3674 = CARTESIAN_POINT('',(4.138911435803E-13,0.));
#3675 = VECTOR('',#3676,1.);
#3676 = DIRECTION('',(0.,1.));
#3677 = ( GEOMETRIC_REPRESENTATION_CONTEXT(2) 
PARAMETRIC_REPRESENTATION_CONTEXT() REPRESENTATION_CONTEXT('2D SPACE',''
  ) );
#3678 = PCURVE('',#3647,#3679);
#3679 = DEFINITIONAL_REPRESENTATION('',(#3680),#3684);
#3680 = LINE('',#3681,#3682);
#3681 = CARTESIAN_POINT('',(6.28318530718,0.));
#3682 = VECTOR('',#3683,1.);
#3683 = DIRECTION('',(0.,1.));
#3684 = ( GEOMETRIC_REPRESENTATION_CONTEXT(2) 
PARAMETRIC_REPRESENTATION_CONTEXT() REPRESENTATION_CONTEXT('2D SPACE',''
  ) );
#3685 = ORIENTED_EDGE('',*,*,#3632,.T.);
#3686 = ORIENTED_EDGE('',*,*,#3663,.T.);
#3687 = ORIENTED_EDGE('',*,*,#3688,.F.);
#3688 = EDGE_CURVE('',#3689,#3664,#3691,.T.);
#3689 = VERTEX_POINT('',#3690);
#3690 = CARTESIAN_POINT('',(-38.76523952414,36.115501549825,960.091));
#3691 = SURFACE_CURVE('',#3692,(#3697,#3704),.PCURVE_S1.);
#3692 = CIRCLE('',#3693,52.981819972133);
#3693 = AXIS2_PLACEMENT_3D('',#3694,#3695,#3696);
#3694 = CARTESIAN_POINT('',(0.,0.,960.091));
#3695 = DIRECTION('',(0.,0.,1.));
#3696 = DIRECTION('',(1.,0.,0.));
#3697 = PCURVE('',#3647,#3698);
#3698 = DEFINITIONAL_REPRESENTATION('',(#3699),#3703);
#3699 = LINE('',#3700,#3701);
#3700 = CARTESIAN_POINT('',(0.,4.563));
#3701 = VECTOR('',#3702,1.);
#3702 = DIRECTION('',(1.,0.));
#3703 = ( GEOMETRIC_REPRESENTATION_CONTEXT(2) 
PARAMETRIC_REPRESENTATION_CONTEXT() REPRESENTATION_CONTEXT('2D SPACE',''
  ) );
#3704 = PCURVE('',#3705,#3710);
#3705 = CONICAL_SURFACE('',#3706,52.981819972133,2.205645183837E-03);
#3706 = AXIS2_PLACEMENT_3D('',#3707,#3708,#3709);
#3707 = CARTESIAN_POINT('',(0.,0.,960.091));
#3708 = DIRECTION('',(0.,0.,1.));
#3709 = DIRECTION('',(1.,0.,0.));
#3710 = DEFINITIONAL_REPRESENTATION('',(#3711),#3715);
#3711 = LINE('',#3712,#3713);
#3712 = CARTESIAN_POINT('',(0.,0.));
#3713 = VECTOR('',#3714,1.);
#3714 = DIRECTION('',(1.,0.));
#3715 = ( GEOMETRIC_REPRESENTATION_CONTEXT(2) 
PARAMETRIC_REPRESENTATION_CONTEXT() REPRESENTATION_CONTEXT('2D SPACE',''
  ) );
#3716 = ORIENTED_EDGE('',*,*,#3717,.T.);
#3717 = EDGE_CURVE('',#3689,#3718,#3720,.T.);
#3718 = VERTEX_POINT('',#3719);
#3719 = CARTESIAN_POINT('',(-27.06869657953,45.535752328777,
    957.46301328437));
#3720 = SURFACE_CURVE('',#3721,(#3749,#3780),.PCURVE_S1.);
#3721 = B_SPLINE_CURVE_WITH_KNOTS('',6,(#3722,#3723,#3724,#3725,#3726,
    #3727,#3728,#3729,#3730,#3731,#3732,#3733,#3734,#3735,#3736,#3737,
    #3738,#3739,#3740,#3741,#3742,#3743,#3744,#3745,#3746,#3747,#3748),
  .UNSPECIFIED.,.F.,.F.,(7,5,5,5,5,7),(0.,4.271296982038E-02,
    0.173640521791,0.342438096942,0.630513468333,1.),.UNSPECIFIED.);
#3722 = CARTESIAN_POINT('',(-38.76523952414,36.115501549825,960.091));
#3723 = CARTESIAN_POINT('',(-38.70811320418,36.176594328613,
    960.04104444488));
#3724 = CARTESIAN_POINT('',(-38.65043767513,36.238046415574,
    959.99158821343));
#3725 = CARTESIAN_POINT('',(-38.59221428106,36.299849739641,
    959.94263641147));
#3726 = CARTESIAN_POINT('',(-38.53344451649,36.361996115587,
    959.89419391269));
#3727 = CARTESIAN_POINT('',(-38.47413002641,36.424477244018,
    959.84626535861));
#3728 = CARTESIAN_POINT('',(-38.23079237736,36.679807684637,
    959.65352924361));
#3729 = CARTESIAN_POINT('',(-38.04221067234,36.875397083302,
    959.51307365793));
#3730 = CARTESIAN_POINT('',(-37.84857940072,37.073810525451,
    959.3776156244));
#3731 = CARTESIAN_POINT('',(-37.64996341342,37.274797083917,
    959.2472608024));
#3732 = CARTESIAN_POINT('',(-37.44643990592,37.478100640923,
    959.12209300611));
#3733 = CARTESIAN_POINT('',(-36.96949401618,37.948225767425,
    958.84756895103));
#3734 = CARTESIAN_POINT('',(-36.69288041204,38.216411380072,
    958.70168774444));
#3735 = CARTESIAN_POINT('',(-36.40844753437,38.487466882248,
    958.5646631933));
#3736 = CARTESIAN_POINT('',(-36.11641575506,38.760837200432,
    958.43656520317));
#3737 = CARTESIAN_POINT('',(-35.81703023591,39.03597597595,
    958.31740523694));
#3738 = CARTESIAN_POINT('',(-34.98751686449,39.784035458595,
    958.01896011865));
#3739 = CARTESIAN_POINT('',(-34.44382784844,40.259333082286,
    957.85668760706));
#3740 = CARTESIAN_POINT('',(-33.88080465434,40.735627511494,
    957.72011516289));
#3741 = CARTESIAN_POINT('',(-33.2999049671,41.210476671369,
    957.60857290402));
#3742 = CARTESIAN_POINT('',(-32.70263125647,41.681742406328,
    957.52104923834));
#3743 = CARTESIAN_POINT('',(-31.30524249707,42.745119866498,
    957.3733049454));
#3744 = CARTESIAN_POINT('',(-30.49550837198,43.333743249613,
    957.32779046571));
#3745 = CARTESIAN_POINT('',(-29.66428540357,43.909652815875,
    957.31719863559));
#3746 = CARTESIAN_POINT('',(-28.81449333073,44.469895930874,
    957.33838074225));
#3747 = CARTESIAN_POINT('',(-27.948651759,45.012396080539,
    957.38805598126));
#3748 = CARTESIAN_POINT('',(-27.06869657953,45.535752328777,
    957.46301328437));
#3749 = PCURVE('',#3647,#3750);
#3750 = DEFINITIONAL_REPRESENTATION('',(#3751),#3779);
#3751 = B_SPLINE_CURVE_WITH_KNOTS('',6,(#3752,#3753,#3754,#3755,#3756,
    #3757,#3758,#3759,#3760,#3761,#3762,#3763,#3764,#3765,#3766,#3767,
    #3768,#3769,#3770,#3771,#3772,#3773,#3774,#3775,#3776,#3777,#3778),
  .UNSPECIFIED.,.F.,.F.,(7,5,5,5,5,7),(0.,4.271296982038E-02,
    0.173640521791,0.342438096942,0.630513468333,1.),.UNSPECIFIED.);
#3752 = CARTESIAN_POINT('',(2.391565839174,4.563));
#3753 = CARTESIAN_POINT('',(2.38998717645,4.513044444883));
#3754 = CARTESIAN_POINT('',(2.388396474712,4.463588213433));
#3755 = CARTESIAN_POINT('',(2.386793855683,4.414636411476));
#3756 = CARTESIAN_POINT('',(2.385179444064,4.366193912691));
#3757 = CARTESIAN_POINT('',(2.383553367535,4.318265358613));
#3758 = CARTESIAN_POINT('',(2.37689600815,4.12552924361));
#3759 = CARTESIAN_POINT('',(2.371767880279,3.985073657935));
#3760 = CARTESIAN_POINT('',(2.366535139882,3.849615624407));
#3761 = CARTESIAN_POINT('',(2.361201789756,3.7192608024));
#3762 = CARTESIAN_POINT('',(2.355772016389,3.594093006112));
#3763 = CARTESIAN_POINT('',(2.343131087901,3.319568951035));
#3764 = CARTESIAN_POINT('',(2.335858928403,3.173687744449));
#3765 = CARTESIAN_POINT('',(2.328442918461,3.036663193302));
#3766 = CARTESIAN_POINT('',(2.320892601989,2.908565203175));
#3767 = CARTESIAN_POINT('',(2.313217617097,2.789405236943));
#3768 = CARTESIAN_POINT('',(2.292132651109,2.490960118652));
#3769 = CARTESIAN_POINT('',(2.27850240393,2.328687607062));
#3770 = CARTESIAN_POINT('',(2.264584213195,2.19211516289));
#3771 = CARTESIAN_POINT('',(2.250424173334,2.080572904026));
#3772 = CARTESIAN_POINT('',(2.236064479359,1.993049238347));
#3773 = CARTESIAN_POINT('',(2.202916350549,1.845304945401));
#3774 = CARTESIAN_POINT('',(2.184023247796,1.799790467268));
#3775 = CARTESIAN_POINT('',(2.164941123248,1.789198631661));
#3776 = CARTESIAN_POINT('',(2.145734426941,1.810380746035));
#3777 = CARTESIAN_POINT('',(2.126451511742,1.860055980305));
#3778 = CARTESIAN_POINT('',(2.107124441704,1.935013283419));
#3779 = ( GEOMETRIC_REPRESENTATION_CONTEXT(2) 
PARAMETRIC_REPRESENTATION_CONTEXT() REPRESENTATION_CONTEXT('2D SPACE',''
  ) );
#3780 = PCURVE('',#3781,#3815);
#3781 = ( BOUNDED_SURFACE() B_SPLINE_SURFACE(2,4,(
    (#3782,#3783,#3784,#3785,#3786,#3787,#3788,#3789,#3790,#3791,#3792)
    ,(#3793,#3794,#3795,#3796,#3797,#3798,#3799,#3800,#3801,#3802,#3803)
    ,(#3804,#3805,#3806,#3807,#3808,#3809,#3810,#3811,#3812,#3813,#3814
)),.UNSPECIFIED.,.F.,.F.,.F.) B_SPLINE_SURFACE_WITH_KNOTS((3,3),(5,3,3,5
    ),(0.,95.),(-4.976156096182,-4.614017505043E-14,95.,100.01801006132)
,.UNSPECIFIED.) GEOMETRIC_REPRESENTATION_ITEM() 
RATIONAL_B_SPLINE_SURFACE((
    (1.,1.,1.,1.,1.,1.,1.,1.,1.,1.,1.)
    ,(0.667474235911,0.667768543443,0.667866645954,0.667768543443
      ,0.661855598751,0.65619515057,0.650501071236,0.644479974902
      ,0.644379279964,0.644479974902,0.644782059716)
,(1.,1.,1.,1.,1.,1.,1.,1.,1.,1.,1.
  ))) REPRESENTATION_ITEM('') SURFACE() );
#3782 = CARTESIAN_POINT('',(52.518228891475,31.666228067138,
    968.64569787309));
#3783 = CARTESIAN_POINT('',(51.253153469783,31.666228067138,
    968.65614497204));
#3784 = CARTESIAN_POINT('',(49.99509018064,31.666228067138,
    968.66653416422));
#3785 = CARTESIAN_POINT('',(48.744039024046,31.666228067138,
    968.67686544962));
#3786 = CARTESIAN_POINT('',(23.75,31.666228067138,968.88326832059));
#3787 = CARTESIAN_POINT('',(7.105427357601E-15,31.666228067138,
    969.08307359659));
#3788 = CARTESIAN_POINT('',(-23.75,31.666228067138,969.28654149878));
#3789 = CARTESIAN_POINT('',(-48.75450251533,31.666228067138,
    969.50457797086));
#3790 = CARTESIAN_POINT('',(-50.00903822381,31.666228067138,
    969.51551738227));
#3791 = CARTESIAN_POINT('',(-51.26360712543,31.666228067138,
    969.52645708311));
#3792 = CARTESIAN_POINT('',(-52.5182092202,31.666228067138,
    969.5373970734));
#3793 = CARTESIAN_POINT('',(52.518399775332,31.666228067138,
    955.30146502092));
#3794 = CARTESIAN_POINT('',(51.251584736036,31.666228067138,
    955.30108595369));
#3795 = CARTESIAN_POINT('',(49.993652635652,31.666228067138,
    955.30070954448));
#3796 = CARTESIAN_POINT('',(48.743490735183,31.666228067138,
    955.30033546033));
#3797 = CARTESIAN_POINT('',(23.548381047457,31.666228067138,
    955.292796364));
#3798 = CARTESIAN_POINT('',(-0.27417699207,31.666228067138,
    955.28509259456));
#3799 = CARTESIAN_POINT('',(-23.9588029207,31.666228067138,
    955.27684608029));
#3800 = CARTESIAN_POINT('',(-48.75509053384,31.666228067138,
    955.26759227577));
#3801 = CARTESIAN_POINT('',(-50.01063829719,31.666228067138,
    955.26712371395));
#3802 = CARTESIAN_POINT('',(-51.26546648745,31.666228067138,
    955.26665542068));
#3803 = CARTESIAN_POINT('',(-52.51839965053,31.666228067138,
    955.26618783461));
#3804 = CARTESIAN_POINT('',(52.518048605793,44.93566900899,
    956.71297194106));
#3805 = CARTESIAN_POINT('',(51.253063326942,44.945257021432,
    956.72446922654));
#3806 = CARTESIAN_POINT('',(49.995060133026,44.954792112849,
    956.73590305276));
#3807 = CARTESIAN_POINT('',(48.744039024046,44.964274283242,
    956.74727341973));
#3808 = CARTESIAN_POINT('',(23.75,45.153717718788,956.97444096599));
#3809 = CARTESIAN_POINT('',(2.13162820728E-14,45.333051131753,
    957.19756847736));
#3810 = CARTESIAN_POINT('',(-23.75,45.511373589054,957.42788715213));
#3811 = CARTESIAN_POINT('',(-48.75450251533,45.697723744065,
    957.67778147814));
#3812 = CARTESIAN_POINT('',(-50.00900503066,45.707073129763,
    957.69031894255));
#3813 = CARTESIAN_POINT('',(-51.26350754599,45.71642251546,
    957.70285640697));
#3814 = CARTESIAN_POINT('',(-52.51801006132,45.725771901158,
    957.71539387139));
#3815 = DEFINITIONAL_REPRESENTATION('',(#3816),#3844);
#3816 = B_SPLINE_CURVE_WITH_KNOTS('',6,(#3817,#3818,#3819,#3820,#3821,
    #3822,#3823,#3824,#3825,#3826,#3827,#3828,#3829,#3830,#3831,#3832,
    #3833,#3834,#3835,#3836,#3837,#3838,#3839,#3840,#3841,#3842,#3843),
  .UNSPECIFIED.,.F.,.F.,(7,5,5,5,5,7),(0.,4.271296982038E-02,
    0.173640521791,0.342438096942,0.630513468333,1.),.UNSPECIFIED.);
#3817 = CARTESIAN_POINT('',(48.676288140877,86.265239608129));
#3818 = CARTESIAN_POINT('',(49.013254194739,86.208113289015));
#3819 = CARTESIAN_POINT('',(49.350116877872,86.150437762526));
#3820 = CARTESIAN_POINT('',(49.68687501877,86.092214370528));
#3821 = CARTESIAN_POINT('',(50.023527441349,86.033444606692));
#3822 = CARTESIAN_POINT('',(50.360072964945,85.974130116493));
#3823 = CARTESIAN_POINT('',(51.727788035287,85.730792470799));
#3824 = CARTESIAN_POINT('',(52.758050822948,85.542210768246));
#3825 = CARTESIAN_POINT('',(53.787263438236,85.348579499029));
#3826 = CARTESIAN_POINT('',(54.815393290527,85.14996351403));
#3827 = CARTESIAN_POINT('',(55.842409564002,84.946440008704));
#3828 = CARTESIAN_POINT('',(58.190882576736,84.46949412363));
#3829 = CARTESIAN_POINT('',(59.511585090007,84.192880521879));
#3830 = CARTESIAN_POINT('',(60.830324478983,83.908447646307));
#3831 = CARTESIAN_POINT('',(62.147050901668,83.616415868751));
#3832 = CARTESIAN_POINT('',(63.461726461095,83.317030350963));
#3833 = CARTESIAN_POINT('',(67.014438895506,82.487516981995));
#3834 = CARTESIAN_POINT('',(69.248510004813,81.943827966184));
#3835 = CARTESIAN_POINT('',(71.476386890781,81.380804770756));
#3836 = CARTESIAN_POINT('',(73.698097223676,80.79990508042));
#3837 = CARTESIAN_POINT('',(75.913781026635,80.202631364763));
#3838 = CARTESIAN_POINT('',(80.958052193043,78.805242589352));
#3839 = CARTESIAN_POINT('',(83.782880432444,77.995508452005));
#3840 = CARTESIAN_POINT('',(86.5987071362,77.164285467958));
#3841 = CARTESIAN_POINT('',(89.406301636115,76.314493376253));
#3842 = CARTESIAN_POINT('',(92.206472640082,75.448651782862));
#3843 = CARTESIAN_POINT('',(95.,74.568696579538));
#3844 = ( GEOMETRIC_REPRESENTATION_CONTEXT(2) 
PARAMETRIC_REPRESENTATION_CONTEXT() REPRESENTATION_CONTEXT('2D SPACE',''
  ) );
#3845 = ORIENTED_EDGE('',*,*,#3846,.F.);
#3846 = EDGE_CURVE('',#3847,#3718,#3849,.T.);
#3847 = VERTEX_POINT('',#3848);
#3848 = CARTESIAN_POINT('',(27.74785471556,45.123227388358,
    956.93998698641));
#3849 = SURFACE_CURVE('',#3850,(#3883,#3919),.PCURVE_S1.);
#3850 = B_SPLINE_CURVE_WITH_KNOTS('',6,(#3851,#3852,#3853,#3854,#3855,
    #3856,#3857,#3858,#3859,#3860,#3861,#3862,#3863,#3864,#3865,#3866,
    #3867,#3868,#3869,#3870,#3871,#3872,#3873,#3874,#3875,#3876,#3877,
    #3878,#3879,#3880,#3881,#3882),.UNSPECIFIED.,.F.,.F.,(7,5,5,5,5,5,7)
  ,(0.,0.138187113422,0.320900543318,0.512828473648,0.687192600452,
    0.865226834879,1.),.UNSPECIFIED.);
#3851 = CARTESIAN_POINT('',(27.960958014828,44.99142257389,
    956.92210075921));
#3852 = CARTESIAN_POINT('',(26.707617574743,45.770721314399,
    957.02769962113));
#3853 = CARTESIAN_POINT('',(25.44413917188,46.498208067282,
    957.12844558213));
#3854 = CARTESIAN_POINT('',(24.172303217186,47.175541048164,
    957.2244043089));
#3855 = CARTESIAN_POINT('',(22.893598859366,47.804271343913,
    957.31561962867));
#3856 = CARTESIAN_POINT('',(21.60923387843,48.385835023719,
    957.40211708665));
#3857 = CARTESIAN_POINT('',(18.615688053127,49.629870726259,
    957.59205223004));
#3858 = CARTESIAN_POINT('',(16.903065355892,50.257992897161,
    957.69196172217));
#3859 = CARTESIAN_POINT('',(15.184425555542,50.808963455412,
    957.78366234024));
#3860 = CARTESIAN_POINT('',(13.461500982468,51.285261097186,
    957.86710411986));
#3861 = CARTESIAN_POINT('',(11.735639997674,51.688931202828,
    957.94218533808));
#3862 = CARTESIAN_POINT('',(8.192829994934,52.370916546102,
    958.07866491912));
#3863 = CARTESIAN_POINT('',(6.375780909049,52.641863442457,
    958.13917828194));
#3864 = CARTESIAN_POINT('',(4.557803547753,52.836200397204,
    958.19010304501));
#3865 = CARTESIAN_POINT('',(2.739932025104,52.955109170784,
    958.23117332297));
#3866 = CARTESIAN_POINT('',(0.923086641789,52.999263350204,
    958.26205756772));
#3867 = CARTESIAN_POINT('',(-2.540857900738,52.941053231425,
    958.30077844852));
#3868 = CARTESIAN_POINT('',(-4.188214024639,52.851728502965,
    958.31046489346));
#3869 = CARTESIAN_POINT('',(-5.833389905135,52.700872495505,
    958.31109977935));
#3870 = CARTESIAN_POINT('',(-7.475676156408,52.488185520802,
    958.30232260371));
#3871 = CARTESIAN_POINT('',(-9.11427389141,52.21303029164,958.2837229931
    ));
#3872 = CARTESIAN_POINT('',(-12.41670487833,51.528588608696,
    958.22533149647));
#3873 = CARTESIAN_POINT('',(-14.08027652687,51.116614558814,
    958.18510294687));
#3874 = CARTESIAN_POINT('',(-15.7380830704,50.63735696825,
    958.13364697687));
#3875 = CARTESIAN_POINT('',(-17.38887705987,50.089329175718,
    958.07040306694));
#3876 = CARTESIAN_POINT('',(-19.03109375486,49.470699224021,
    957.99475635517));
#3877 = CARTESIAN_POINT('',(-21.89805800962,48.255736456565,
    957.83886218924));
#3878 = CARTESIAN_POINT('',(-23.12724266479,47.690530000973,
    957.7642014502));
#3879 = CARTESIAN_POINT('',(-24.34954509873,47.082608217652,
    957.6817541811));
#3880 = CARTESIAN_POINT('',(-25.56392197866,46.430901030201,
    957.59121282498));
#3881 = CARTESIAN_POINT('',(-26.76911513107,45.734251415141,
    957.49225940711));
#3882 = CARTESIAN_POINT('',(-27.96364559587,44.99142257389,
    957.38456983343));
#3883 = PCURVE('',#3647,#3884);
#3884 = DEFINITIONAL_REPRESENTATION('',(#3885),#3918);
#3885 = B_SPLINE_CURVE_WITH_KNOTS('',6,(#3886,#3887,#3888,#3889,#3890,
    #3891,#3892,#3893,#3894,#3895,#3896,#3897,#3898,#3899,#3900,#3901,
    #3902,#3903,#3904,#3905,#3906,#3907,#3908,#3909,#3910,#3911,#3912,
    #3913,#3914,#3915,#3916,#3917),.UNSPECIFIED.,.F.,.F.,(7,5,5,5,5,5,7)
  ,(0.,0.138187113422,0.320900543318,0.512828473648,0.687192600452,
    0.865226834879,1.),.UNSPECIFIED.);
#3886 = CARTESIAN_POINT('',(1.014737243896,1.394100759319));
#3887 = CARTESIAN_POINT('',(1.042598363978,1.499699621242));
#3888 = CARTESIAN_POINT('',(1.070105346036,1.600445581986));
#3889 = CARTESIAN_POINT('',(1.097285117846,1.696404308849));
#3890 = CARTESIAN_POINT('',(1.124163333111,1.787619628784));
#3891 = CARTESIAN_POINT('',(1.150765398425,1.874117086656));
#3892 = CARTESIAN_POINT('',(1.211960712389,2.064052230043));
#3893 = CARTESIAN_POINT('',(1.2463650071,2.163961722178));
#3894 = CARTESIAN_POINT('',(1.280391223264,2.255662340245));
#3895 = CARTESIAN_POINT('',(1.314093828865,2.339104119867));
#3896 = CARTESIAN_POINT('',(1.347525550461,2.414185338082));
#3897 = CARTESIAN_POINT('',(1.415629826113,2.55066491912));
#3898 = CARTESIAN_POINT('',(1.450277934364,2.611178281941));
#3899 = CARTESIAN_POINT('',(1.484746231407,2.662103045015));
#3900 = CARTESIAN_POINT('',(1.519091093052,2.703173322974));
#3901 = CARTESIAN_POINT('',(1.553367755038,2.734057567726));
#3902 = CARTESIAN_POINT('',(1.618763704772,2.772778448529));
#3903 = CARTESIAN_POINT('',(1.649883720311,2.782464893466));
#3904 = CARTESIAN_POINT('',(1.681036425176,2.783099779351));
#3905 = CARTESIAN_POINT('',(1.712262767013,2.774322603717));
#3906 = CARTESIAN_POINT('',(1.743603963688,2.755722993101));
#3907 = CARTESIAN_POINT('',(1.80726675327,2.697331496474));
#3908 = CARTESIAN_POINT('',(1.839593813181,2.657102946877));
#3909 = CARTESIAN_POINT('',(1.872132092551,2.605646976873));
#3910 = CARTESIAN_POINT('',(1.904927327687,2.542403066948));
#3911 = CARTESIAN_POINT('',(1.93802622193,2.466756355176));
#3912 = CARTESIAN_POINT('',(1.996804360473,2.310862189244));
#3913 = CARTESIAN_POINT('',(2.022331373111,2.236201450337));
#3914 = CARTESIAN_POINT('',(2.048082803206,2.153754181038));
#3915 = CARTESIAN_POINT('',(2.074080000217,2.063212824802));
#3916 = CARTESIAN_POINT('',(2.100344442464,1.964259407237));
#3917 = CARTESIAN_POINT('',(2.126898500566,1.856569833559));
#3918 = ( GEOMETRIC_REPRESENTATION_CONTEXT(2) 
PARAMETRIC_REPRESENTATION_CONTEXT() REPRESENTATION_CONTEXT('2D SPACE',''
  ) );
#3919 = PCURVE('',#3920,#3925);
#3920 = B_SPLINE_SURFACE_WITH_KNOTS('',1,1,(
    (#3921,#3922)
    ,(#3923,#3924
    )),.UNSPECIFIED.,.F.,.F.,.F.,(2,2),(2,2),(0.,95.),(0.,1.),
  .PIECEWISE_BEZIER_KNOTS.);
#3921 = CARTESIAN_POINT('',(47.5,31.666228067138,955.28));
#3922 = CARTESIAN_POINT('',(11.952197967066,235.,978.16576934617));
#3923 = CARTESIAN_POINT('',(-47.5,31.666228067138,955.28));
#3924 = CARTESIAN_POINT('',(-28.43241741754,235.,989.70192296151));
#3925 = DEFINITIONAL_REPRESENTATION('',(#3926),#3959);
#3926 = B_SPLINE_CURVE_WITH_KNOTS('',6,(#3927,#3928,#3929,#3930,#3931,
    #3932,#3933,#3934,#3935,#3936,#3937,#3938,#3939,#3940,#3941,#3942,
    #3943,#3944,#3945,#3946,#3947,#3948,#3949,#3950,#3951,#3952,#3953,
    #3954,#3955,#3956,#3957,#3958),.UNSPECIFIED.,.F.,.F.,(7,5,5,5,5,5,7)
  ,(0.,0.138187113422,0.320900543318,0.512828473648,0.687192600452,
    0.865226834879,1.),.UNSPECIFIED.);
#3927 = CARTESIAN_POINT('',(17.883220156747,6.553360211678E-02));
#3928 = CARTESIAN_POINT('',(19.085000288818,6.936621060627E-02));
#3929 = CARTESIAN_POINT('',(20.310609750157,7.29440065915E-02));
#3930 = CARTESIAN_POINT('',(21.557405526575,7.627514521369E-02));
#3931 = CARTESIAN_POINT('',(22.823008285056,7.936725475247E-02));
#3932 = CARTESIAN_POINT('',(24.105314904933,8.222739782795E-02));
#3933 = CARTESIAN_POINT('',(27.117686495157,8.834559300386E-02));
#3934 = CARTESIAN_POINT('',(28.858798600293,9.143471177116E-02));
#3935 = CARTESIAN_POINT('',(30.621663428886,9.414439719632E-02));
#3936 = CARTESIAN_POINT('',(32.402557978968,9.648683956212E-02));
#3937 = CARTESIAN_POINT('',(34.198204827691,9.847209809447E-02));
#3938 = CARTESIAN_POINT('',(37.904519345112,0.101826117138));
#3939 = CARTESIAN_POINT('',(39.816311678861,0.103158639984));
#3940 = CARTESIAN_POINT('',(41.737852569968,0.104114393437));
#3941 = CARTESIAN_POINT('',(43.666012819099,0.104699189423));
#3942 = CARTESIAN_POINT('',(45.597825799245,0.104916340656));
#3943 = CARTESIAN_POINT('',(49.286280039862,0.104630062001));
#3944 = CARTESIAN_POINT('',(51.042707922905,0.104190761006));
#3945 = CARTESIAN_POINT('',(52.797647462515,0.103448847815));
#3946 = CARTESIAN_POINT('',(54.548894636832,0.102402848557));
#3947 = CARTESIAN_POINT('',(56.29415873187,0.101049629037));
#3948 = CARTESIAN_POINT('',(59.804514387502,9.768352966037E-02));
#3949 = CARTESIAN_POINT('',(61.569179017614,9.565743214609E-02));
#3950 = CARTESIAN_POINT('',(63.32254007153,9.330043268649E-02));
#3951 = CARTESIAN_POINT('',(65.061748525654,9.06052198484E-02));
#3952 = CARTESIAN_POINT('',(66.7836251522,8.756278402567E-02));
#3953 = CARTESIAN_POINT('',(69.772348806458,8.15875701893E-02));
#3954 = CARTESIAN_POINT('',(71.048054470907,7.880787230527E-02));
#3955 = CARTESIAN_POINT('',(72.310243124519,7.581809949212E-02));
#3956 = CARTESIAN_POINT('',(73.557172646435,7.261298909036E-02));
#3957 = CARTESIAN_POINT('',(74.786898285256,6.918685083286E-02));
#3958 = CARTESIAN_POINT('',(75.997281987569,6.553360211678E-02));
#3959 = ( GEOMETRIC_REPRESENTATION_CONTEXT(2) 
PARAMETRIC_REPRESENTATION_CONTEXT() REPRESENTATION_CONTEXT('2D SPACE',''
  ) );
#3960 = ORIENTED_EDGE('',*,*,#3961,.T.);
#3961 = EDGE_CURVE('',#3847,#3962,#3964,.T.);
#3962 = VERTEX_POINT('',#3963);
#3963 = CARTESIAN_POINT('',(39.453617561845,35.362201696772,960.091));
#3964 = SURFACE_CURVE('',#3965,(#4000,#4038),.PCURVE_S1.);
#3965 = B_SPLINE_CURVE_WITH_KNOTS('',5,(#3966,#3967,#3968,#3969,#3970,
    #3971,#3972,#3973,#3974,#3975,#3976,#3977,#3978,#3979,#3980,#3981,
    #3982,#3983,#3984,#3985,#3986,#3987,#3988,#3989,#3990,#3991,#3992,
    #3993,#3994,#3995,#3996,#3997,#3998,#3999),.UNSPECIFIED.,.F.,.F.,(6,
    4,4,4,4,4,4,4,6),(0.,0.21344354142,0.424053043643,0.584136136026,
    0.694959848085,0.785212261727,0.863661326983,0.934346180344,1.),
  .UNSPECIFIED.);
#3966 = CARTESIAN_POINT('',(27.74785471556,45.123227388358,
    956.93998698641));
#3967 = CARTESIAN_POINT('',(28.383849559344,44.731940360429,
    956.88681068957));
#3968 = CARTESIAN_POINT('',(29.010530730803,44.330989120391,
    956.84884050831));
#3969 = CARTESIAN_POINT('',(29.627000129908,43.921167171915,
    956.82746304712));
#3970 = CARTESIAN_POINT('',(30.232151054967,43.50355662753,
    956.82406175185));
#3971 = CARTESIAN_POINT('',(31.409549104782,42.661209820427,
    956.85547301536));
#3972 = CARTESIAN_POINT('',(31.982125927217,42.236642304789,
    956.88977864995));
#3973 = CARTESIAN_POINT('',(32.541360671736,41.807219878252,
    956.94397422352));
#3974 = CARTESIAN_POINT('',(33.086007536034,41.374615499734,
    957.01910101174));
#3975 = CARTESIAN_POINT('',(34.016838872556,40.611022633536,
    957.1894326501));
#3976 = CARTESIAN_POINT('',(34.409692906442,40.280553798694,
    957.27549677285));
#3977 = CARTESIAN_POINT('',(34.792892363684,39.950228015986,
    957.3743819348));
#3978 = CARTESIAN_POINT('',(35.165924609996,39.620988826226,
    957.48629308509));
#3979 = CARTESIAN_POINT('',(35.779216242017,39.067343305565,
    957.69781393207));
#3980 = CARTESIAN_POINT('',(36.025010564891,38.841852882823,
    957.79061257361));
#3981 = CARTESIAN_POINT('',(36.265558185952,38.617689468852,
    957.88969806094));
#3982 = CARTESIAN_POINT('',(36.500719078841,38.395193113493,
    957.99505422854));
#3983 = CARTESIAN_POINT('',(36.917393472534,37.995145299863,
    958.19748891404));
#3984 = CARTESIAN_POINT('',(37.100762663053,37.816917033655,
    958.29247387975));
#3985 = CARTESIAN_POINT('',(37.280411471763,37.640205978633,
    958.39155239253));
#3986 = CARTESIAN_POINT('',(37.456281908838,37.465195819562,
    958.4946785319));
#3987 = CARTESIAN_POINT('',(37.777867135612,37.141583419245,
    958.69489266208));
#3988 = CARTESIAN_POINT('',(37.924517757724,36.992520590593,
    958.79100651202));
#3989 = CARTESIAN_POINT('',(38.068243992187,36.844999720416,
    958.89009002207));
#3990 = CARTESIAN_POINT('',(38.209018907769,36.699137320341,
    958.99209268591));
#3991 = CARTESIAN_POINT('',(38.470984698015,36.425217330629,
    959.19143836716));
#3992 = CARTESIAN_POINT('',(38.59273492069,36.296826205077,
    959.28824345934));
#3993 = CARTESIAN_POINT('',(38.712056035402,36.169956512032,
    959.38732619697));
#3994 = CARTESIAN_POINT('',(38.828936129691,36.044688075042,
    959.48863711757));
#3995 = CARTESIAN_POINT('',(39.049653280644,35.806303678303,
    959.68823949643));
#3996 = CARTESIAN_POINT('',(39.15382657613,35.692957281725,
    959.78623268348));
#3997 = CARTESIAN_POINT('',(39.255880415343,35.581119773948,
    959.88605643144));
#3998 = CARTESIAN_POINT('',(39.355811061992,35.470849489089,
    959.98766277815));
#3999 = CARTESIAN_POINT('',(39.453617561844,35.362201696772,960.091));
#4000 = PCURVE('',#3647,#4001);
#4001 = DEFINITIONAL_REPRESENTATION('',(#4002),#4037);
#4002 = B_SPLINE_CURVE_WITH_KNOTS('',5,(#4003,#4004,#4005,#4006,#4007,
    #4008,#4009,#4010,#4011,#4012,#4013,#4014,#4015,#4016,#4017,#4018,
    #4019,#4020,#4021,#4022,#4023,#4024,#4025,#4026,#4027,#4028,#4029,
    #4030,#4031,#4032,#4033,#4034,#4035,#4036),.UNSPECIFIED.,.F.,.F.,(6,
    4,4,4,4,4,4,4,6),(0.,0.21344354142,0.424053043643,0.584136136026,
    0.694959848085,0.785212261727,0.863661326983,0.934346180344,1.),
  .UNSPECIFIED.);
#4003 = CARTESIAN_POINT('',(1.019467479258,1.41198698641));
#4004 = CARTESIAN_POINT('',(1.005370963385,1.358810689576));
#4005 = CARTESIAN_POINT('',(0.991328542682,1.32084050832));
#4006 = CARTESIAN_POINT('',(0.977356741344,1.299463047128));
#4007 = CARTESIAN_POINT('',(0.963478533748,1.296061751851));
#4008 = CARTESIAN_POINT('',(0.936149058973,1.327473015368));
#4009 = CARTESIAN_POINT('',(0.922694584123,1.361778649959));
#4010 = CARTESIAN_POINT('',(0.909386507298,1.415974223528));
#4011 = CARTESIAN_POINT('',(0.896257742322,1.491101011745));
#4012 = CARTESIAN_POINT('',(0.873529797551,1.661432650103));
#4013 = CARTESIAN_POINT('',(0.863839458791,1.747496772856));
#4014 = CARTESIAN_POINT('',(0.854289859397,1.8463819348));
#4015 = CARTESIAN_POINT('',(0.844898147911,1.958293085099));
#4016 = CARTESIAN_POINT('',(0.829301387721,2.169813932076));
#4017 = CARTESIAN_POINT('',(0.823005025943,2.26261257361));
#4018 = CARTESIAN_POINT('',(0.816798477835,2.361698060945));
#4019 = CARTESIAN_POINT('',(0.810687563057,2.467054228543));
#4020 = CARTESIAN_POINT('',(0.799783907633,2.669488914045));
#4021 = CARTESIAN_POINT('',(0.794957034149,2.764473879759));
#4022 = CARTESIAN_POINT('',(0.790200448568,2.863552392536));
#4023 = CARTESIAN_POINT('',(0.785517144126,2.966678531906));
#4024 = CARTESIAN_POINT('',(0.776905420388,3.16689266208));
#4025 = CARTESIAN_POINT('',(0.772958373866,3.263006512026));
#4026 = CARTESIAN_POINT('',(0.769070780025,3.362090022073));
#4027 = CARTESIAN_POINT('',(0.765244449638,3.464092685919));
#4028 = CARTESIAN_POINT('',(0.758090220874,3.663438367168));
#4029 = CARTESIAN_POINT('',(0.754750469883,3.760243459346));
#4030 = CARTESIAN_POINT('',(0.75146310803,3.859326196976));
#4031 = CARTESIAN_POINT('',(0.748229314912,3.960637117577));
#4032 = CARTESIAN_POINT('',(0.742097345342,4.16023949643));
#4033 = CARTESIAN_POINT('',(0.739191662195,4.258232683488));
#4034 = CARTESIAN_POINT('',(0.736334024866,4.358056431442));
#4035 = CARTESIAN_POINT('',(0.733525246968,4.459662778151));
#4036 = CARTESIAN_POINT('',(0.730766073645,4.563));
#4037 = ( GEOMETRIC_REPRESENTATION_CONTEXT(2) 
PARAMETRIC_REPRESENTATION_CONTEXT() REPRESENTATION_CONTEXT('2D SPACE',''
  ) );
#4038 = PCURVE('',#4039,#4073);
#4039 = ( BOUNDED_SURFACE() B_SPLINE_SURFACE(2,4,(
    (#4040,#4041,#4042,#4043,#4044,#4045,#4046,#4047,#4048,#4049,#4050)
    ,(#4051,#4052,#4053,#4054,#4055,#4056,#4057,#4058,#4059,#4060,#4061)
    ,(#4062,#4063,#4064,#4065,#4066,#4067,#4068,#4069,#4070,#4071,#4072
)),.UNSPECIFIED.,.F.,.F.,.F.) B_SPLINE_SURFACE_WITH_KNOTS((3,3),(5,3,3,5
    ),(0.,95.),(-4.976156096182,-4.614017505043E-14,95.,100.01801006132)
,.UNSPECIFIED.) GEOMETRIC_REPRESENTATION_ITEM() 
RATIONAL_B_SPLINE_SURFACE((
    (1.,1.,1.,1.,1.,1.,1.,1.,1.,1.,1.)
    ,(0.667474235911,0.667768543443,0.667866645954,0.667768543443
      ,0.661855598751,0.65619515057,0.650501071236,0.644479974902
      ,0.644379279964,0.644479974902,0.644782059716)
,(1.,1.,1.,1.,1.,1.,1.,1.,1.,1.,1.
  ))) REPRESENTATION_ITEM('') SURFACE() );
#4040 = CARTESIAN_POINT('',(52.518228891475,31.666228067138,
    968.64569787309));
#4041 = CARTESIAN_POINT('',(51.253153469783,31.666228067138,
    968.65614497204));
#4042 = CARTESIAN_POINT('',(49.99509018064,31.666228067138,
    968.66653416422));
#4043 = CARTESIAN_POINT('',(48.744039024046,31.666228067138,
    968.67686544962));
#4044 = CARTESIAN_POINT('',(23.75,31.666228067138,968.88326832059));
#4045 = CARTESIAN_POINT('',(7.105427357601E-15,31.666228067138,
    969.08307359659));
#4046 = CARTESIAN_POINT('',(-23.75,31.666228067138,969.28654149878));
#4047 = CARTESIAN_POINT('',(-48.75450251533,31.666228067138,
    969.50457797086));
#4048 = CARTESIAN_POINT('',(-50.00903822381,31.666228067138,
    969.51551738227));
#4049 = CARTESIAN_POINT('',(-51.26360712543,31.666228067138,
    969.52645708311));
#4050 = CARTESIAN_POINT('',(-52.5182092202,31.666228067138,
    969.5373970734));
#4051 = CARTESIAN_POINT('',(52.518399775332,31.666228067138,
    955.30146502092));
#4052 = CARTESIAN_POINT('',(51.251584736036,31.666228067138,
    955.30108595369));
#4053 = CARTESIAN_POINT('',(49.993652635652,31.666228067138,
    955.30070954448));
#4054 = CARTESIAN_POINT('',(48.743490735183,31.666228067138,
    955.30033546033));
#4055 = CARTESIAN_POINT('',(23.548381047457,31.666228067138,
    955.292796364));
#4056 = CARTESIAN_POINT('',(-0.27417699207,31.666228067138,
    955.28509259456));
#4057 = CARTESIAN_POINT('',(-23.9588029207,31.666228067138,
    955.27684608029));
#4058 = CARTESIAN_POINT('',(-48.75509053384,31.666228067138,
    955.26759227577));
#4059 = CARTESIAN_POINT('',(-50.01063829719,31.666228067138,
    955.26712371395));
#4060 = CARTESIAN_POINT('',(-51.26546648745,31.666228067138,
    955.26665542068));
#4061 = CARTESIAN_POINT('',(-52.51839965053,31.666228067138,
    955.26618783461));
#4062 = CARTESIAN_POINT('',(52.518048605793,44.93566900899,
    956.71297194106));
#4063 = CARTESIAN_POINT('',(51.253063326942,44.945257021432,
    956.72446922654));
#4064 = CARTESIAN_POINT('',(49.995060133026,44.954792112849,
    956.73590305276));
#4065 = CARTESIAN_POINT('',(48.744039024046,44.964274283242,
    956.74727341973));
#4066 = CARTESIAN_POINT('',(23.75,45.153717718788,956.97444096599));
#4067 = CARTESIAN_POINT('',(2.13162820728E-14,45.333051131753,
    957.19756847736));
#4068 = CARTESIAN_POINT('',(-23.75,45.511373589054,957.42788715213));
#4069 = CARTESIAN_POINT('',(-48.75450251533,45.697723744065,
    957.67778147814));
#4070 = CARTESIAN_POINT('',(-50.00900503066,45.707073129763,
    957.69031894255));
#4071 = CARTESIAN_POINT('',(-51.26350754599,45.71642251546,
    957.70285640697));
#4072 = CARTESIAN_POINT('',(-52.51801006132,45.725771901158,
    957.71539387139));
#4073 = DEFINITIONAL_REPRESENTATION('',(#4074),#4109);
#4074 = B_SPLINE_CURVE_WITH_KNOTS('',5,(#4075,#4076,#4077,#4078,#4079,
    #4080,#4081,#4082,#4083,#4084,#4085,#4086,#4087,#4088,#4089,#4090,
    #4091,#4092,#4093,#4094,#4095,#4096,#4097,#4098,#4099,#4100,#4101,
    #4102,#4103,#4104,#4105,#4106,#4107,#4108),.UNSPECIFIED.,.F.,.F.,(6,
    4,4,4,4,4,4,4,6),(0.,0.21344354142,0.424053043643,0.584136136026,
    0.694959848085,0.785212261727,0.863661326983,0.934346180344,1.),
  .UNSPECIFIED.);
#4075 = CARTESIAN_POINT('',(95.,19.75214528444));
#4076 = CARTESIAN_POINT('',(92.941765887898,19.116150423943));
#4077 = CARTESIAN_POINT('',(90.878829732613,18.489469237042));
#4078 = CARTESIAN_POINT('',(88.810891007939,17.872999824021));
#4079 = CARTESIAN_POINT('',(86.737646049025,17.267848886742));
#4080 = CARTESIAN_POINT('',(82.607659194298,16.090450816126));
#4081 = CARTESIAN_POINT('',(80.551065383114,15.517873985066));
#4082 = CARTESIAN_POINT('',(78.48884913475,14.958639233682));
#4083 = CARTESIAN_POINT('',(76.420861290918,14.413992364231));
#4084 = CARTESIAN_POINT('',(72.770836782897,13.48316102142));
#4085 = CARTESIAN_POINT('',(71.191238248029,13.090306985731));
#4086 = CARTESIAN_POINT('',(69.608299991072,12.70710752754));
#4087 = CARTESIAN_POINT('',(68.022056772726,12.334075281053));
#4088 = CARTESIAN_POINT('',(65.332230610501,11.720783649882));
#4089 = CARTESIAN_POINT('',(64.230321963133,11.474989327682));
#4090 = CARTESIAN_POINT('',(63.126898992084,11.234441707586));
#4091 = CARTESIAN_POINT('',(62.021997120198,10.999280815925));
#4092 = CARTESIAN_POINT('',(60.014685549561,10.582606424869));
#4093 = CARTESIAN_POINT('',(59.11275838318,10.399237235685));
#4094 = CARTESIAN_POINT('',(58.209903771541,10.219588428442));
#4095 = CARTESIAN_POINT('',(57.306147902161,10.043717992948));
#4096 = CARTESIAN_POINT('',(55.615199190153,9.722132769314));
#4097 = CARTESIAN_POINT('',(54.828219562283,9.575482148736));
#4098 = CARTESIAN_POINT('',(54.040598932697,9.431755915869));
#4099 = CARTESIAN_POINT('',(53.25235641299,9.290981001936));
#4100 = CARTESIAN_POINT('',(51.752739831913,9.029015214905));
#4101 = CARTESIAN_POINT('',(51.041478997912,8.907264993789));
#4102 = CARTESIAN_POINT('',(50.329743397745,8.787943880662));
#4103 = CARTESIAN_POINT('',(49.617547182279,8.671063787979));
#4104 = CARTESIAN_POINT('',(48.242984262489,8.450346640153));
#4105 = CARTESIAN_POINT('',(47.58067881513,8.346173346185));
#4106 = CARTESIAN_POINT('',(46.917999200834,8.244119508498));
#4107 = CARTESIAN_POINT('',(46.254956209969,8.144188863379));
#4108 = CARTESIAN_POINT('',(45.591560227907,8.046382365056));
#4109 = ( GEOMETRIC_REPRESENTATION_CONTEXT(2) 
PARAMETRIC_REPRESENTATION_CONTEXT() REPRESENTATION_CONTEXT('2D SPACE',''
  ) );
#4110 = ORIENTED_EDGE('',*,*,#4111,.F.);
#4111 = EDGE_CURVE('',#3664,#3962,#4112,.T.);
#4112 = SURFACE_CURVE('',#4113,(#4118,#4125),.PCURVE_S1.);
#4113 = CIRCLE('',#4114,52.981819972133);
#4114 = AXIS2_PLACEMENT_3D('',#4115,#4116,#4117);
#4115 = CARTESIAN_POINT('',(0.,0.,960.091));
#4116 = DIRECTION('',(0.,0.,1.));
#4117 = DIRECTION('',(1.,0.,0.));
#4118 = PCURVE('',#3647,#4119);
#4119 = DEFINITIONAL_REPRESENTATION('',(#4120),#4124);
#4120 = LINE('',#4121,#4122);
#4121 = CARTESIAN_POINT('',(0.,4.563));
#4122 = VECTOR('',#4123,1.);
#4123 = DIRECTION('',(1.,0.));
#4124 = ( GEOMETRIC_REPRESENTATION_CONTEXT(2) 
PARAMETRIC_REPRESENTATION_CONTEXT() REPRESENTATION_CONTEXT('2D SPACE',''
  ) );
#4125 = PCURVE('',#4126,#4131);
#4126 = CONICAL_SURFACE('',#4127,52.981819972133,2.205645183837E-03);
#4127 = AXIS2_PLACEMENT_3D('',#4128,#4129,#4130);
#4128 = CARTESIAN_POINT('',(0.,0.,960.091));
#4129 = DIRECTION('',(0.,0.,1.));
#4130 = DIRECTION('',(1.,0.,0.));
#4131 = DEFINITIONAL_REPRESENTATION('',(#4132),#4136);
#4132 = LINE('',#4133,#4134);
#4133 = CARTESIAN_POINT('',(0.,0.));
#4134 = VECTOR('',#4135,1.);
#4135 = DIRECTION('',(1.,0.));
#4136 = ( GEOMETRIC_REPRESENTATION_CONTEXT(2) 
PARAMETRIC_REPRESENTATION_CONTEXT() REPRESENTATION_CONTEXT('2D SPACE',''
  ) );
#4137 = ADVANCED_FACE('',(#4138),#4126,.T.);
#4138 = FACE_BOUND('',#4139,.T.);
#4139 = EDGE_LOOP('',(#4140,#4163,#4164,#4232,#4304));
#4140 = ORIENTED_EDGE('',*,*,#4141,.F.);
#4141 = EDGE_CURVE('',#3664,#4142,#4144,.T.);
#4142 = VERTEX_POINT('',#4143);
#4143 = CARTESIAN_POINT('',(52.991884347427,0.,964.654));
#4144 = SURFACE_CURVE('',#4145,(#4149,#4156),.PCURVE_S1.);
#4145 = LINE('',#4146,#4147);
#4146 = CARTESIAN_POINT('',(52.981819972133,0.,960.091));
#4147 = VECTOR('',#4148,1.);
#4148 = DIRECTION('',(2.205643395468E-03,0.,0.999997567566));
#4149 = PCURVE('',#4126,#4150);
#4150 = DEFINITIONAL_REPRESENTATION('',(#4151),#4155);
#4151 = LINE('',#4152,#4153);
#4152 = CARTESIAN_POINT('',(4.138911435803E-13,0.));
#4153 = VECTOR('',#4154,1.);
#4154 = DIRECTION('',(0.,1.));
#4155 = ( GEOMETRIC_REPRESENTATION_CONTEXT(2) 
PARAMETRIC_REPRESENTATION_CONTEXT() REPRESENTATION_CONTEXT('2D SPACE',''
  ) );
#4156 = PCURVE('',#3705,#4157);
#4157 = DEFINITIONAL_REPRESENTATION('',(#4158),#4162);
#4158 = LINE('',#4159,#4160);
#4159 = CARTESIAN_POINT('',(6.28318530718,0.));
#4160 = VECTOR('',#4161,1.);
#4161 = DIRECTION('',(0.,1.));
#4162 = ( GEOMETRIC_REPRESENTATION_CONTEXT(2) 
PARAMETRIC_REPRESENTATION_CONTEXT() REPRESENTATION_CONTEXT('2D SPACE',''
  ) );
#4163 = ORIENTED_EDGE('',*,*,#4111,.T.);
#4164 = ORIENTED_EDGE('',*,*,#4165,.T.);
#4165 = EDGE_CURVE('',#3962,#4166,#4168,.T.);
#4166 = VERTEX_POINT('',#4167);
#4167 = CARTESIAN_POINT('',(40.537414013581,34.119125607704,
    961.47475939268));
#4168 = SURFACE_CURVE('',#4169,(#4188,#4210),.PCURVE_S1.);
#4169 = B_SPLINE_CURVE_WITH_KNOTS('',5,(#4170,#4171,#4172,#4173,#4174,
    #4175,#4176,#4177,#4178,#4179,#4180,#4181,#4182,#4183,#4184,#4185,
    #4186,#4187),.UNSPECIFIED.,.F.,.F.,(6,4,4,4,6),(0.,0.188121067584,
    0.392270454486,0.692629263754,1.),.UNSPECIFIED.);
#4170 = CARTESIAN_POINT('',(39.453617561845,35.362201696772,960.091));
#4171 = CARTESIAN_POINT('',(39.590659985798,35.209782504128,
    960.23597052225));
#4172 = CARTESIAN_POINT('',(39.723519350336,35.060556358472,
    960.38434766741));
#4173 = CARTESIAN_POINT('',(39.852193270603,34.914676065043,
    960.53598821987));
#4174 = CARTESIAN_POINT('',(39.976689570287,34.772279950479,
    960.690737142));
#4175 = CARTESIAN_POINT('',(40.227615939412,34.482878731775,
    961.01955357005));
#4176 = CARTESIAN_POINT('',(40.353306851815,34.336514370029,
    961.19414418496));
#4177 = CARTESIAN_POINT('',(40.474122227531,34.194556879011,
    961.37198594783));
#4178 = CARTESIAN_POINT('',(40.590097666413,34.057141381662,
    961.5528543936));
#4179 = CARTESIAN_POINT('',(40.864862065031,33.729052255942,
    962.00672697199));
#4180 = CARTESIAN_POINT('',(41.018069974209,33.543798639064,
    962.28298264569));
#4181 = CARTESIAN_POINT('',(41.161056133518,33.3689756427,
    962.56453475314));
#4182 = CARTESIAN_POINT('',(41.294024902558,33.204825740908,
    962.85060051357));
#4183 = CARTESIAN_POINT('',(41.543281545342,32.894552625493,
    963.43696327888));
#4184 = CARTESIAN_POINT('',(41.659107570679,32.748939661183,
    963.73743674355));
#4185 = CARTESIAN_POINT('',(41.764949732018,32.614780318534,
    964.04098287442));
#4186 = CARTESIAN_POINT('',(41.861102376026,32.492091572468,
    964.34676847639));
#4187 = CARTESIAN_POINT('',(41.947879592978,32.380784492415,964.654));
#4188 = PCURVE('',#4126,#4189);
#4189 = DEFINITIONAL_REPRESENTATION('',(#4190),#4209);
#4190 = B_SPLINE_CURVE_WITH_KNOTS('',5,(#4191,#4192,#4193,#4194,#4195,
    #4196,#4197,#4198,#4199,#4200,#4201,#4202,#4203,#4204,#4205,#4206,
    #4207,#4208),.UNSPECIFIED.,.F.,.F.,(6,4,4,4,6),(0.,0.188121067584,
    0.392270454486,0.692629263754,1.),.UNSPECIFIED.);
#4191 = CARTESIAN_POINT('',(0.730766073645,0.));
#4192 = CARTESIAN_POINT('',(0.726897414221,0.14497052225));
#4193 = CARTESIAN_POINT('',(0.723126387583,0.293347667413));
#4194 = CARTESIAN_POINT('',(0.719455051909,0.444988219874));
#4195 = CARTESIAN_POINT('',(0.715885166109,0.599737142001));
#4196 = CARTESIAN_POINT('',(0.708655819722,0.92855357005));
#4197 = CARTESIAN_POINT('',(0.705014639457,1.103144184961));
#4198 = CARTESIAN_POINT('',(0.701496510601,1.280985947832));
#4199 = CARTESIAN_POINT('',(0.698102850181,1.461854393601));
#4200 = CARTESIAN_POINT('',(0.690026198329,1.915726971994));
#4201 = CARTESIAN_POINT('',(0.685489295553,2.191982645694));
#4202 = CARTESIAN_POINT('',(0.681227021929,2.473534753145));
#4203 = CARTESIAN_POINT('',(0.677240336109,2.759600513571));
#4204 = CARTESIAN_POINT('',(0.669729454159,3.345963278888));
#4205 = CARTESIAN_POINT('',(0.66621822643,3.646436743552));
#4206 = CARTESIAN_POINT('',(0.662993461884,3.949982874424));
#4207 = CARTESIAN_POINT('',(0.66005191687,4.255768476395));
#4208 = CARTESIAN_POINT('',(0.657388584248,4.563));
#4209 = ( GEOMETRIC_REPRESENTATION_CONTEXT(2) 
PARAMETRIC_REPRESENTATION_CONTEXT() REPRESENTATION_CONTEXT('2D SPACE',''
  ) );
#4210 = PCURVE('',#4039,#4211);
#4211 = DEFINITIONAL_REPRESENTATION('',(#4212),#4231);
#4212 = B_SPLINE_CURVE_WITH_KNOTS('',5,(#4213,#4214,#4215,#4216,#4217,
    #4218,#4219,#4220,#4221,#4222,#4223,#4224,#4225,#4226,#4227,#4228,
    #4229,#4230),.UNSPECIFIED.,.F.,.F.,(6,4,4,4,6),(0.,0.188121067584,
    0.392270454486,0.692629263754,1.),.UNSPECIFIED.);
#4213 = CARTESIAN_POINT('',(45.591560227907,8.046382365056));
#4214 = CARTESIAN_POINT('',(44.660896382948,7.909339943246));
#4215 = CARTESIAN_POINT('',(43.729538413594,7.77648058085));
#4216 = CARTESIAN_POINT('',(42.797515139714,7.647806662715));
#4217 = CARTESIAN_POINT('',(41.864852801537,7.523310365143));
#4218 = CARTESIAN_POINT('',(39.918780048104,7.272384000367));
#4219 = CARTESIAN_POINT('',(38.9052601149,7.146693090196));
#4220 = CARTESIAN_POINT('',(37.89104531768,7.025877716672));
#4221 = CARTESIAN_POINT('',(36.876161194886,6.909902279937));
#4222 = CARTESIAN_POINT('',(34.366506663255,6.635137886501));
#4223 = CARTESIAN_POINT('',(32.870980541535,6.481929980299));
#4224 = CARTESIAN_POINT('',(31.374118306509,6.338943823846));
#4225 = CARTESIAN_POINT('',(29.87596148453,6.205975057537));
#4226 = CARTESIAN_POINT('',(26.842106173397,5.956718420037));
#4227 = CARTESIAN_POINT('',(25.306347184338,5.840892397245));
#4228 = CARTESIAN_POINT('',(23.769285103831,5.735050238329));
#4229 = CARTESIAN_POINT('',(22.230925253937,5.63889759663));
#4230 = CARTESIAN_POINT('',(20.691262460574,5.552120381886));
#4231 = ( GEOMETRIC_REPRESENTATION_CONTEXT(2) 
PARAMETRIC_REPRESENTATION_CONTEXT() REPRESENTATION_CONTEXT('2D SPACE',''
  ) );
#4232 = ORIENTED_EDGE('',*,*,#4233,.T.);
#4233 = EDGE_CURVE('',#4166,#4234,#4236,.T.);
#4234 = VERTEX_POINT('',#4235);
#4235 = CARTESIAN_POINT('',(40.555700091076,34.108283404677,964.654));
#4236 = SURFACE_CURVE('',#4237,(#4246,#4258),.PCURVE_S1.);
#4237 = B_SPLINE_CURVE_WITH_KNOTS('',4,(#4238,#4239,#4240,#4241,#4242,
    #4243,#4244,#4245),.UNSPECIFIED.,.F.,.F.,(5,3,5),(0.,0.31342132232,
    1.),.UNSPECIFIED.);
#4238 = CARTESIAN_POINT('',(40.529439637552,34.123859251638,960.091));
#4239 = CARTESIAN_POINT('',(40.531501262401,34.12263502966,
    960.44853531474));
#4240 = CARTESIAN_POINT('',(40.533562054668,34.121411596263,
    960.80607064187));
#4241 = CARTESIAN_POINT('',(40.535622014971,34.12018895118,
    961.16360598121));
#4242 = CARTESIAN_POINT('',(40.54219185823,34.116290502196,
    962.30435591166));
#4243 = CARTESIAN_POINT('',(40.546698583168,34.11361769185,
    963.08757054934));
#4244 = CARTESIAN_POINT('',(40.551201325272,34.110948660295,
    963.87078524555));
#4245 = CARTESIAN_POINT('',(40.555700091077,34.108283404677,964.654));
#4246 = PCURVE('',#4126,#4247);
#4247 = DEFINITIONAL_REPRESENTATION('',(#4248),#4257);
#4248 = B_SPLINE_CURVE_WITH_KNOTS('',4,(#4249,#4250,#4251,#4252,#4253,
    #4254,#4255,#4256),.UNSPECIFIED.,.F.,.F.,(5,3,5),(0.,0.31342132232,
    1.),.UNSPECIFIED.);
#4249 = CARTESIAN_POINT('',(0.699803428425,0.));
#4250 = CARTESIAN_POINT('',(0.699760690806,0.357535314743));
#4251 = CARTESIAN_POINT('',(0.69971797639,0.715070641876));
#4252 = CARTESIAN_POINT('',(0.699675285164,1.072605981216));
#4253 = CARTESIAN_POINT('',(0.699539148766,2.213355911668));
#4254 = CARTESIAN_POINT('',(0.699445791631,2.99657054934));
#4255 = CARTESIAN_POINT('',(0.699352545568,3.779785245551));
#4256 = CARTESIAN_POINT('',(0.699259410431,4.563));
#4257 = ( GEOMETRIC_REPRESENTATION_CONTEXT(2) 
PARAMETRIC_REPRESENTATION_CONTEXT() REPRESENTATION_CONTEXT('2D SPACE',''
  ) );
#4258 = PCURVE('',#4259,#4293);
#4259 = ( BOUNDED_SURFACE() B_SPLINE_SURFACE(2,4,(
    (#4260,#4261,#4262,#4263,#4264,#4265,#4266,#4267,#4268,#4269,#4270)
    ,(#4271,#4272,#4273,#4274,#4275,#4276,#4277,#4278,#4279,#4280,#4281)
    ,(#4282,#4283,#4284,#4285,#4286,#4287,#4288,#4289,#4290,#4291,#4292
)),.UNSPECIFIED.,.F.,.F.,.F.) B_SPLINE_SURFACE_WITH_KNOTS((3,3),(5,3,3,5
    ),(0.,115.),(-5.5645036539,8.291249637397E-13,115.,120.62979427302),
.UNSPECIFIED.) GEOMETRIC_REPRESENTATION_ITEM() RATIONAL_B_SPLINE_SURFACE
((
    (1.,1.,1.,1.,1.,1.,1.,1.,1.,1.,1.)
    ,(0.6744893841,0.674871349748,0.674998671631,0.674871349748
      ,0.666595409678,0.658611948378,0.650561852821,0.642073750252
      ,0.641941703628,0.642073750252,0.642469890123)
,(1.,1.,1.,1.,1.,1.,1.,1.,1.,1.,1.
  ))) REPRESENTATION_ITEM('') SURFACE() );
#4260 = CARTESIAN_POINT('',(34.396840210704,31.666228067138,
    1.075910144605E+03));
#4261 = CARTESIAN_POINT('',(34.383277088985,31.666228067138,
    1.074486198216E+03));
#4262 = CARTESIAN_POINT('',(34.369818172524,31.666228067138,
    1.073073191986E+03));
#4263 = CARTESIAN_POINT('',(34.356463461323,31.666228067138,
    1.071671125913E+03));
#4264 = CARTESIAN_POINT('',(34.069368551976,31.666228067138,1.04153E+03)
  );
#4265 = CARTESIAN_POINT('',(33.788154407457,31.666228067138,1.01278E+03)
  );
#4266 = CARTESIAN_POINT('',(33.499599134162,31.666228067138,984.03));
#4267 = CARTESIAN_POINT('',(33.189330848641,31.666228067138,
    953.87255143174));
#4268 = CARTESIAN_POINT('',(33.174850095463,31.666228067138,
    952.46505156926));
#4269 = CARTESIAN_POINT('',(33.160368814555,31.666228067138,
    951.05750041256));
#4270 = CARTESIAN_POINT('',(33.145887005918,31.666228067138,
    949.64989796164));
#4271 = CARTESIAN_POINT('',(47.476603714024,31.666228067138,
    1.075910399772E+03));
#4272 = CARTESIAN_POINT('',(47.47701009519,31.666228067138,
    1.074483945091E+03));
#4273 = CARTESIAN_POINT('',(47.477412591439,31.666228067138,
    1.073071127014E+03));
#4274 = CARTESIAN_POINT('',(47.477811660582,31.666228067138,
    1.07167033856E+03));
#4275 = CARTESIAN_POINT('',(47.486495304223,31.666228067138,
    1.041189535962E+03));
#4276 = CARTESIAN_POINT('',(47.495700024222,31.666228067138,
    1.012312705127E+03));
#4277 = CARTESIAN_POINT('',(47.505841039118,31.666228067138,
    983.67239537478));
#4278 = CARTESIAN_POINT('',(47.517452599426,31.666228067138,
    953.87168307901));
#4279 = CARTESIAN_POINT('',(47.51800160163,31.666228067138,
    952.46268581361));
#4280 = CARTESIAN_POINT('',(47.518550191651,31.666228067138,
    951.05474640052));
#4281 = CARTESIAN_POINT('',(47.519097693236,31.666228067138,
    949.6496004274));
#4282 = CARTESIAN_POINT('',(46.352528816424,44.697719329815,
    1.075909877233E+03));
#4283 = CARTESIAN_POINT('',(46.337821564297,44.710376222131,
    1.07448606453E+03));
#4284 = CARTESIAN_POINT('',(46.323226858073,44.722936258736,
    1.073073147423E+03));
#4285 = CARTESIAN_POINT('',(46.30874469775,44.73539943963,
    1.071671125913E+03));
#4286 = CARTESIAN_POINT('',(45.997402386181,45.003337058227,1.04153E+03)
  );
#4287 = CARTESIAN_POINT('',(45.685811512038,45.257817784049,1.01278E+03)
  );
#4288 = CARTESIAN_POINT('',(45.359774743996,45.510262199483,984.03));
#4289 = CARTESIAN_POINT('',(45.003127087036,45.772023015088,
    953.87255143174));
#4290 = CARTESIAN_POINT('',(44.98648233564,45.784239396203,
    952.46510286349));
#4291 = CARTESIAN_POINT('',(44.969837584244,45.796455777317,
    951.05765429523));
#4292 = CARTESIAN_POINT('',(44.953192832848,45.808672158431,
    949.65020572698));
#4293 = DEFINITIONAL_REPRESENTATION('',(#4294),#4303);
#4294 = B_SPLINE_CURVE_WITH_KNOTS('',4,(#4295,#4296,#4297,#4298,#4299,
    #4300,#4301,#4302),.UNSPECIFIED.,.F.,.F.,(5,3,5),(0.,0.31342132232,
    1.),.UNSPECIFIED.);
#4295 = CARTESIAN_POINT('',(43.866413984502,110.189000093));
#4296 = CARTESIAN_POINT('',(43.86177025539,109.83146479085));
#4297 = CARTESIAN_POINT('',(43.857128728186,109.47392947738));
#4298 = CARTESIAN_POINT('',(43.852489404848,109.11639415223));
#4299 = CARTESIAN_POINT('',(43.837694248359,107.97564426962));
#4300 = CARTESIAN_POINT('',(43.827546794479,107.19242966817));
#4301 = CARTESIAN_POINT('',(43.817409946289,106.40921501066));
#4302 = CARTESIAN_POINT('',(43.807283724362,105.62600029653));
#4303 = ( GEOMETRIC_REPRESENTATION_CONTEXT(2) 
PARAMETRIC_REPRESENTATION_CONTEXT() REPRESENTATION_CONTEXT('2D SPACE',''
  ) );
#4304 = ORIENTED_EDGE('',*,*,#4305,.F.);
#4305 = EDGE_CURVE('',#4142,#4234,#4306,.T.);
#4306 = SURFACE_CURVE('',#4307,(#4312,#4319),.PCURVE_S1.);
#4307 = CIRCLE('',#4308,52.991884347427);
#4308 = AXIS2_PLACEMENT_3D('',#4309,#4310,#4311);
#4309 = CARTESIAN_POINT('',(0.,0.,964.654));
#4310 = DIRECTION('',(0.,0.,1.));
#4311 = DIRECTION('',(1.,0.,0.));
#4312 = PCURVE('',#4126,#4313);
#4313 = DEFINITIONAL_REPRESENTATION('',(#4314),#4318);
#4314 = LINE('',#4315,#4316);
#4315 = CARTESIAN_POINT('',(0.,4.563));
#4316 = VECTOR('',#4317,1.);
#4317 = DIRECTION('',(1.,0.));
#4318 = ( GEOMETRIC_REPRESENTATION_CONTEXT(2) 
PARAMETRIC_REPRESENTATION_CONTEXT() REPRESENTATION_CONTEXT('2D SPACE',''
  ) );
#4319 = PCURVE('',#4320,#4325);
#4320 = CONICAL_SURFACE('',#4321,52.991884347427,1.331980229733E-03);
#4321 = AXIS2_PLACEMENT_3D('',#4322,#4323,#4324);
#4322 = CARTESIAN_POINT('',(0.,0.,964.654));
#4323 = DIRECTION('',(0.,0.,1.));
#4324 = DIRECTION('',(1.,0.,0.));
#4325 = DEFINITIONAL_REPRESENTATION('',(#4326),#4330);
#4326 = LINE('',#4327,#4328);
#4327 = CARTESIAN_POINT('',(0.,0.));
#4328 = VECTOR('',#4329,1.);
#4329 = DIRECTION('',(1.,0.));
#4330 = ( GEOMETRIC_REPRESENTATION_CONTEXT(2) 
PARAMETRIC_REPRESENTATION_CONTEXT() REPRESENTATION_CONTEXT('2D SPACE',''
  ) );
#4331 = ADVANCED_FACE('',(#4332),#4039,.F.);
#4332 = FACE_BOUND('',#4333,.F.);
#4333 = EDGE_LOOP('',(#4334,#4367,#4368,#4369));
#4334 = ORIENTED_EDGE('',*,*,#4335,.T.);
#4335 = EDGE_CURVE('',#4336,#3847,#4338,.T.);
#4336 = VERTEX_POINT('',#4337);
#4337 = CARTESIAN_POINT('',(45.145825611124,44.991544574162,
    956.78000388036));
#4338 = SURFACE_CURVE('',#4339,(#4351,#4358),.PCURVE_S1.);
#4339 = B_SPLINE_CURVE_WITH_KNOTS('',4,(#4340,#4341,#4342,#4343,#4344,
    #4345,#4346,#4347,#4348,#4349,#4350),.UNSPECIFIED.,.F.,.F.,(5,3,3,5)
  ,(-4.976156096182,-4.614017505043E-14,95.,100.01801006132),
  .UNSPECIFIED.);
#4340 = CARTESIAN_POINT('',(52.518048605793,44.93566900899,
    956.71297194106));
#4341 = CARTESIAN_POINT('',(51.253063326942,44.945257021432,
    956.72446922654));
#4342 = CARTESIAN_POINT('',(49.995060133026,44.954792112849,
    956.73590305276));
#4343 = CARTESIAN_POINT('',(48.744039024046,44.964274283242,
    956.74727341973));
#4344 = CARTESIAN_POINT('',(23.75,45.153717718788,956.97444096599));
#4345 = CARTESIAN_POINT('',(2.13162820728E-14,45.333051131753,
    957.19756847736));
#4346 = CARTESIAN_POINT('',(-23.75,45.511373589054,957.42788715213));
#4347 = CARTESIAN_POINT('',(-48.75450251533,45.697723744065,
    957.67778147814));
#4348 = CARTESIAN_POINT('',(-50.00900503066,45.707073129763,
    957.69031894255));
#4349 = CARTESIAN_POINT('',(-51.26350754599,45.71642251546,
    957.70285640697));
#4350 = CARTESIAN_POINT('',(-52.51801006132,45.725771901158,
    957.71539387139));
#4351 = PCURVE('',#4039,#4352);
#4352 = DEFINITIONAL_REPRESENTATION('',(#4353),#4357);
#4353 = LINE('',#4354,#4355);
#4354 = CARTESIAN_POINT('',(95.,0.));
#4355 = VECTOR('',#4356,1.);
#4356 = DIRECTION('',(0.,1.));
#4357 = ( GEOMETRIC_REPRESENTATION_CONTEXT(2) 
PARAMETRIC_REPRESENTATION_CONTEXT() REPRESENTATION_CONTEXT('2D SPACE',''
  ) );
#4358 = PCURVE('',#3920,#4359);
#4359 = DEFINITIONAL_REPRESENTATION('',(#4360),#4366);
#4360 = B_SPLINE_CURVE_WITH_KNOTS('',4,(#4361,#4362,#4363,#4364,#4365),
  .UNSPECIFIED.,.F.,.F.,(5,5),(-4.614017505043E-14,95.),
  .PIECEWISE_BEZIER_KNOTS.);
#4361 = CARTESIAN_POINT('',(-2.417433955614,6.544645947878E-02));
#4362 = CARTESIAN_POINT('',(22.22711818893,6.633177323885E-02));
#4363 = CARTESIAN_POINT('',(46.906555516432,6.721373894115E-02));
#4364 = CARTESIAN_POINT('',(71.620753261161,6.809073274108E-02));
#4365 = CARTESIAN_POINT('',(96.369207088472,6.896122645017E-02));
#4366 = ( GEOMETRIC_REPRESENTATION_CONTEXT(2) 
PARAMETRIC_REPRESENTATION_CONTEXT() REPRESENTATION_CONTEXT('2D SPACE',''
  ) );
#4367 = ORIENTED_EDGE('',*,*,#3961,.T.);
#4368 = ORIENTED_EDGE('',*,*,#4165,.T.);
#4369 = ORIENTED_EDGE('',*,*,#4370,.T.);
#4370 = EDGE_CURVE('',#4166,#4336,#4371,.T.);
#4371 = SURFACE_CURVE('',#4372,(#4415,#4461),.PCURVE_S1.);
#4372 = B_SPLINE_CURVE_WITH_KNOTS('',6,(#4373,#4374,#4375,#4376,#4377,
    #4378,#4379,#4380,#4381,#4382,#4383,#4384,#4385,#4386,#4387,#4388,
    #4389,#4390,#4391,#4392,#4393,#4394,#4395,#4396,#4397,#4398,#4399,
    #4400,#4401,#4402,#4403,#4404,#4405,#4406,#4407,#4408,#4409,#4410,
    #4411,#4412,#4413,#4414),.UNSPECIFIED.,.F.,.F.,(7,5,5,5,5,5,5,5,7),(
    0.,0.126150578818,0.252466281372,0.378961636102,0.504749090138,
    0.630081679498,0.753903673546,0.87700804387,1.),.UNSPECIFIED.);
#4373 = CARTESIAN_POINT('',(33.342354465653,31.666228067138,
    968.80454348813));
#4374 = CARTESIAN_POINT('',(33.708851365795,31.666228034232,
    968.43118667693));
#4375 = CARTESIAN_POINT('',(34.081230799239,31.679940727147,
    968.05183691126));
#4376 = CARTESIAN_POINT('',(34.458757410016,31.708191228113,
    967.66724328722));
#4377 = CARTESIAN_POINT('',(34.840561620991,31.751761698008,
    967.27829164398));
#4378 = CARTESIAN_POINT('',(35.225646286839,31.811356247157,
    966.88599778335));
#4379 = CARTESIAN_POINT('',(36.000647290979,31.963875118975,
    966.09648722183));
#4380 = CARTESIAN_POINT('',(36.39056857382,32.056842714685,
    965.6992654833));
#4381 = CARTESIAN_POINT('',(36.781538143388,32.167062190892,
    965.30097546955));
#4382 = CARTESIAN_POINT('',(37.172312025281,32.295011454127,
    964.9028844444));
#4383 = CARTESIAN_POINT('',(37.561548097303,32.441017762087,
    964.50635966506));
#4384 = CARTESIAN_POINT('',(38.334667022996,32.769661309847,
    963.71876286906));
#4385 = CARTESIAN_POINT('',(38.718540577409,32.952349976783,
    963.32770032478));
#4386 = CARTESIAN_POINT('',(39.098035907443,33.153431411321,
    962.94109765182));
#4387 = CARTESIAN_POINT('',(39.471663811242,33.372862397117,
    962.56047195847));
#4388 = CARTESIAN_POINT('',(39.837903530167,33.610379659708,
    962.18737250969));
#4389 = CARTESIAN_POINT('',(40.550622352179,34.11917485045,
    961.46130376353));
#4390 = CARTESIAN_POINT('',(40.897199837297,34.390255933846,
    961.10823424466));
#4391 = CARTESIAN_POINT('',(41.233527032749,34.678249531382,
    960.76560674439));
#4392 = CARTESIAN_POINT('',(41.558159941855,34.982445537646,
    960.43489234157));
#4393 = CARTESIAN_POINT('',(41.869740124817,35.301899506194,
    960.11747496101));
#4394 = CARTESIAN_POINT('',(42.463298274012,35.967822080805,
    959.51279659493));
#4395 = CARTESIAN_POINT('',(42.745380011106,36.314189763136,
    959.22542989591));
#4396 = CARTESIAN_POINT('',(43.012102308569,36.673430120949,
    958.95371022441));
#4397 = CARTESIAN_POINT('',(43.262412793345,37.044208405718,
    958.69870970911));
#4398 = CARTESIAN_POINT('',(43.495466252618,37.425027453169,
    958.4612894368));
#4399 = CARTESIAN_POINT('',(43.923247322367,38.198872244625,
    958.02549266836));
#4400 = CARTESIAN_POINT('',(44.118404616566,38.591698440469,
    957.82667843977));
#4401 = CARTESIAN_POINT('',(44.295536784879,38.991238731139,
    957.64622701603));
#4402 = CARTESIAN_POINT('',(44.454285627311,39.395876335957,
    957.48450333909));
#4403 = CARTESIAN_POINT('',(44.59454221187,39.803981617296,
    957.34161840711));
#4404 = CARTESIAN_POINT('',(44.837597853037,40.621594206758,
    957.09400794874));
#4405 = CARTESIAN_POINT('',(44.940610291691,41.031082912097,
    956.98906504196));
#4406 = CARTESIAN_POINT('',(45.025574848159,41.440891852451,
    956.90250821627));
#4407 = CARTESIAN_POINT('',(45.092830410512,41.849530948411,
    956.83399224715));
#4408 = CARTESIAN_POINT('',(45.142908828596,42.255630644756,
    956.78297532665));
#4409 = CARTESIAN_POINT('',(45.210025159606,43.059939260125,
    956.71460118801));
#4410 = CARTESIAN_POINT('',(45.227093271609,43.45815722989,
    956.69721320483));
#4411 = CARTESIAN_POINT('',(45.228357557061,43.851403142003,
    956.69592522534));
#4412 = CARTESIAN_POINT('',(45.214628475694,44.238616889694,
    956.70991160167));
#4413 = CARTESIAN_POINT('',(45.186805340821,44.618904436563,
    956.73825616402));
#4414 = CARTESIAN_POINT('',(45.145825611124,44.991544574162,
    956.78000388036));
#4415 = PCURVE('',#4039,#4416);
#4416 = DEFINITIONAL_REPRESENTATION('',(#4417),#4460);
#4417 = B_SPLINE_CURVE_WITH_KNOTS('',6,(#4418,#4419,#4420,#4421,#4422,
    #4423,#4424,#4425,#4426,#4427,#4428,#4429,#4430,#4431,#4432,#4433,
    #4434,#4435,#4436,#4437,#4438,#4439,#4440,#4441,#4442,#4443,#4444,
    #4445,#4446,#4447,#4448,#4449,#4450,#4451,#4452,#4453,#4454,#4455,
    #4456,#4457,#4458,#4459),.UNSPECIFIED.,.F.,.F.,(7,5,5,5,5,5,5,5,7),(
    0.,0.126150578818,0.252466281372,0.378961636102,0.504749090138,
    0.630081679498,0.753903673546,0.87700804387,1.),.UNSPECIFIED.);
#4418 = CARTESIAN_POINT('',(0.,14.157645534347));
#4419 = CARTESIAN_POINT('',(1.96059086211,13.791148622837));
#4420 = CARTESIAN_POINT('',(3.920529250518,13.418769179076));
#4421 = CARTESIAN_POINT('',(5.880002490791,13.041242559108));
#4422 = CARTESIAN_POINT('',(7.839245907566,12.659438340123));
#4423 = CARTESIAN_POINT('',(9.798538969638,12.274353667469));
#4424 = CARTESIAN_POINT('',(13.720428984163,11.499352652088));
#4425 = CARTESIAN_POINT('',(15.683024041654,11.109431364814));
#4426 = CARTESIAN_POINT('',(17.646310350414,10.718461791994));
#4427 = CARTESIAN_POINT('',(19.610642460747,10.327687907973));
#4428 = CARTESIAN_POINT('',(21.576395656467,9.938451834864));
#4429 = CARTESIAN_POINT('',(25.514314462844,9.165332908841));
#4430 = CARTESIAN_POINT('',(27.486478823355,8.781459355188));
#4431 = CARTESIAN_POINT('',(29.460836737168,8.401964026725));
#4432 = CARTESIAN_POINT('',(31.437762527959,8.028336125161));
#4433 = CARTESIAN_POINT('',(33.417603669961,7.662096408982));
#4434 = CARTESIAN_POINT('',(37.372620495827,6.949377593168));
#4435 = CARTESIAN_POINT('',(39.347756426549,6.602800111497));
#4436 = CARTESIAN_POINT('',(41.326357870864,6.266472919704));
#4437 = CARTESIAN_POINT('',(43.308653425828,5.941840014326));
#4438 = CARTESIAN_POINT('',(45.294793529449,5.630259835052));
#4439 = CARTESIAN_POINT('',(49.267674254146,5.036701692964));
#4440 = CARTESIAN_POINT('',(51.254392434628,4.754619959291));
#4441 = CARTESIAN_POINT('',(53.245027908935,4.487897665042));
#4442 = CARTESIAN_POINT('',(55.239546118987,4.237587183218));
#4443 = CARTESIAN_POINT('',(57.2378221167,4.004533726617));
#4444 = CARTESIAN_POINT('',(61.21731471722,3.576752661624));
#4445 = CARTESIAN_POINT('',(63.198461798376,3.381595369516));
#4446 = CARTESIAN_POINT('',(65.182851409198,3.204463203023));
#4447 = CARTESIAN_POINT('',(67.170221700943,3.045714362162));
#4448 = CARTESIAN_POINT('',(69.160265609579,2.905457778955));
#4449 = CARTESIAN_POINT('',(73.13345145153,2.662402140114));
#4450 = CARTESIAN_POINT('',(75.116582430923,2.559389702437));
#4451 = CARTESIAN_POINT('',(77.10168532803,2.474425146796));
#4452 = CARTESIAN_POINT('',(79.088433876668,2.407169585153));
#4453 = CARTESIAN_POINT('',(81.076515113219,2.357091167695));
#4454 = CARTESIAN_POINT('',(85.052932536978,2.289974837823));
#4455 = CARTESIAN_POINT('',(87.041275159021,2.272906726333));
#4456 = CARTESIAN_POINT('',(89.030374046131,2.271642441368));
#4457 = CARTESIAN_POINT('',(91.019986836594,2.285371523223));
#4458 = CARTESIAN_POINT('',(93.009914301251,2.31319465861));
#4459 = CARTESIAN_POINT('',(95.,2.354174388876));
#4460 = ( GEOMETRIC_REPRESENTATION_CONTEXT(2) 
PARAMETRIC_REPRESENTATION_CONTEXT() REPRESENTATION_CONTEXT('2D SPACE',''
  ) );
#4461 = PCURVE('',#4259,#4462);
#4462 = DEFINITIONAL_REPRESENTATION('',(#4463),#4506);
#4463 = B_SPLINE_CURVE_WITH_KNOTS('',6,(#4464,#4465,#4466,#4467,#4468,
    #4469,#4470,#4471,#4472,#4473,#4474,#4475,#4476,#4477,#4478,#4479,
    #4480,#4481,#4482,#4483,#4484,#4485,#4486,#4487,#4488,#4489,#4490,
    #4491,#4492,#4493,#4494,#4495,#4496,#4497,#4498,#4499,#4500,#4501,
    #4502,#4503,#4504,#4505),.UNSPECIFIED.,.F.,.F.,(7,5,5,5,5,5,5,5,7),(
    0.,0.126150578818,0.252466281372,0.378961636102,0.504749090138,
    0.630081679498,0.753903673546,0.87700804387,1.),.UNSPECIFIED.);
#4464 = CARTESIAN_POINT('',(4.331443580243E-09,101.47545651259));
#4465 = CARTESIAN_POINT('',(2.325202566001,101.8488133591));
#4466 = CARTESIAN_POINT('',(4.647176043908,102.22816315956));
#4467 = CARTESIAN_POINT('',(6.966052354312,102.61275681237));
#4468 = CARTESIAN_POINT('',(9.282024781205,103.00170847924));
#4469 = CARTESIAN_POINT('',(11.595347069331,103.39400236051));
#4470 = CARTESIAN_POINT('',(16.220342910027,104.18351295426));
#4471 = CARTESIAN_POINT('',(18.532006982134,104.58073470478));
#4472 = CARTESIAN_POINT('',(20.841642477728,104.97902472657));
#4473 = CARTESIAN_POINT('',(23.149615745832,105.37711575609));
#4474 = CARTESIAN_POINT('',(25.456333598256,105.77364053653));
#4475 = CARTESIAN_POINT('',(30.071416299271,106.56123732909));
#4476 = CARTESIAN_POINT('',(32.379771314833,106.95229986884));
#4477 = CARTESIAN_POINT('',(34.687741412275,107.33890253492));
#4478 = CARTESIAN_POINT('',(36.995771674961,107.71952821955));
#4479 = CARTESIAN_POINT('',(39.304299091488,108.09262765833));
#4480 = CARTESIAN_POINT('',(43.910237346491,108.81869638295));
#4481 = CARTESIAN_POINT('',(46.207633602821,109.17176589029));
#4482 = CARTESIAN_POINT('',(48.506311254242,109.51439337871));
#4483 = CARTESIAN_POINT('',(50.806615462964,109.84510776979));
#4484 = CARTESIAN_POINT('',(53.108824888334,110.16252513906));
#4485 = CARTESIAN_POINT('',(57.709096362969,110.76720348392));
#4486 = CARTESIAN_POINT('',(60.007149909681,111.05457017299));
#4487 = CARTESIAN_POINT('',(62.307459180253,111.32628983543));
#4488 = CARTESIAN_POINT('',(64.610128337542,111.58129034263));
#4489 = CARTESIAN_POINT('',(66.915173482557,111.81871060784));
#4490 = CARTESIAN_POINT('',(71.50202804856,112.25450736398));
#4491 = CARTESIAN_POINT('',(73.783800143607,112.45332158738));
#4492 = CARTESIAN_POINT('',(76.06772901624,112.63377300679));
#4493 = CARTESIAN_POINT('',(78.353684415879,112.79549668015));
#4494 = CARTESIAN_POINT('',(80.641485091271,112.93838160917));
#4495 = CARTESIAN_POINT('',(85.207032959785,113.18599206271));
#4496 = CARTESIAN_POINT('',(87.484779835531,113.2909349676));
#4497 = CARTESIAN_POINT('',(89.763906468041,113.37749179179));
#4498 = CARTESIAN_POINT('',(92.044195142465,113.44600775973));
#4499 = CARTESIAN_POINT('',(94.325430998488,113.49702467927));
#4500 = CARTESIAN_POINT('',(98.887289364734,113.56539881631));
#4501 = CARTESIAN_POINT('',(101.16792002557,113.58278679889));
#4502 = CARTESIAN_POINT('',(103.44909487622,113.58407477775));
#4503 = CARTESIAN_POINT('',(105.73064844265,113.57008840086));
#4504 = CARTESIAN_POINT('',(108.01244762691,113.54174383809));
#4505 = CARTESIAN_POINT('',(110.29439036509,113.49999612112));
#4506 = ( GEOMETRIC_REPRESENTATION_CONTEXT(2) 
PARAMETRIC_REPRESENTATION_CONTEXT() REPRESENTATION_CONTEXT('2D SPACE',''
  ) );
#4507 = ADVANCED_FACE('',(#4508),#3920,.T.);
#4508 = FACE_BOUND('',#4509,.T.);
#4509 = EDGE_LOOP('',(#4510,#4543,#4570,#4597,#4624,#4651,#4678,#4679));
#4510 = ORIENTED_EDGE('',*,*,#4511,.T.);
#4511 = EDGE_CURVE('',#3718,#4512,#4514,.T.);
#4512 = VERTEX_POINT('',#4513);
#4513 = CARTESIAN_POINT('',(-46.18599458323,45.678580004004,
    957.65211995968));
#4514 = SURFACE_CURVE('',#4515,(#4527,#4536),.PCURVE_S1.);
#4515 = B_SPLINE_CURVE_WITH_KNOTS('',4,(#4516,#4517,#4518,#4519,#4520,
    #4521,#4522,#4523,#4524,#4525,#4526),.UNSPECIFIED.,.F.,.F.,(5,3,3,5)
  ,(-4.976156096182,-4.614017505043E-14,95.,100.01801006132),
  .UNSPECIFIED.);
#4516 = CARTESIAN_POINT('',(52.518048605793,44.93566900899,
    956.71297194106));
#4517 = CARTESIAN_POINT('',(51.253063326942,44.945257021432,
    956.72446922654));
#4518 = CARTESIAN_POINT('',(49.995060133026,44.954792112849,
    956.73590305276));
#4519 = CARTESIAN_POINT('',(48.744039024046,44.964274283242,
    956.74727341973));
#4520 = CARTESIAN_POINT('',(23.75,45.153717718788,956.97444096599));
#4521 = CARTESIAN_POINT('',(2.13162820728E-14,45.333051131753,
    957.19756847736));
#4522 = CARTESIAN_POINT('',(-23.75,45.511373589054,957.42788715213));
#4523 = CARTESIAN_POINT('',(-48.75450251533,45.697723744065,
    957.67778147814));
#4524 = CARTESIAN_POINT('',(-50.00900503066,45.707073129763,
    957.69031894255));
#4525 = CARTESIAN_POINT('',(-51.26350754599,45.71642251546,
    957.70285640697));
#4526 = CARTESIAN_POINT('',(-52.51801006132,45.725771901158,
    957.71539387139));
#4527 = PCURVE('',#3920,#4528);
#4528 = DEFINITIONAL_REPRESENTATION('',(#4529),#4535);
#4529 = B_SPLINE_CURVE_WITH_KNOTS('',4,(#4530,#4531,#4532,#4533,#4534),
  .UNSPECIFIED.,.F.,.F.,(5,5),(-4.614017505043E-14,95.),
  .PIECEWISE_BEZIER_KNOTS.);
#4530 = CARTESIAN_POINT('',(-2.417433955614,6.544645947878E-02));
#4531 = CARTESIAN_POINT('',(22.22711818893,6.633177323885E-02));
#4532 = CARTESIAN_POINT('',(46.906555516432,6.721373894115E-02));
#4533 = CARTESIAN_POINT('',(71.620753261161,6.809073274108E-02));
#4534 = CARTESIAN_POINT('',(96.369207088472,6.896122645017E-02));
#4535 = ( GEOMETRIC_REPRESENTATION_CONTEXT(2) 
PARAMETRIC_REPRESENTATION_CONTEXT() REPRESENTATION_CONTEXT('2D SPACE',''
  ) );
#4536 = PCURVE('',#3781,#4537);
#4537 = DEFINITIONAL_REPRESENTATION('',(#4538),#4542);
#4538 = LINE('',#4539,#4540);
#4539 = CARTESIAN_POINT('',(95.,0.));
#4540 = VECTOR('',#4541,1.);
#4541 = DIRECTION('',(0.,1.));
#4542 = ( GEOMETRIC_REPRESENTATION_CONTEXT(2) 
PARAMETRIC_REPRESENTATION_CONTEXT() REPRESENTATION_CONTEXT('2D SPACE',''
  ) );
#4543 = ORIENTED_EDGE('',*,*,#4544,.T.);
#4544 = EDGE_CURVE('',#4512,#4545,#4547,.T.);
#4545 = VERTEX_POINT('',#4546);
#4546 = CARTESIAN_POINT('',(-28.43241741754,235.,989.70192296151));
#4547 = SURFACE_CURVE('',#4548,(#4551,#4558),.PCURVE_S1.);
#4548 = B_SPLINE_CURVE_WITH_KNOTS('',1,(#4549,#4550),.UNSPECIFIED.,.F.,
  .F.,(2,2),(0.,1.),.PIECEWISE_BEZIER_KNOTS.);
#4549 = CARTESIAN_POINT('',(-47.5,31.666228067138,955.28));
#4550 = CARTESIAN_POINT('',(-28.43241741754,235.,989.70192296151));
#4551 = PCURVE('',#3920,#4552);
#4552 = DEFINITIONAL_REPRESENTATION('',(#4553),#4557);
#4553 = LINE('',#4554,#4555);
#4554 = CARTESIAN_POINT('',(95.,0.));
#4555 = VECTOR('',#4556,1.);
#4556 = DIRECTION('',(0.,1.));
#4557 = ( GEOMETRIC_REPRESENTATION_CONTEXT(2) 
PARAMETRIC_REPRESENTATION_CONTEXT() REPRESENTATION_CONTEXT('2D SPACE',''
  ) );
#4558 = PCURVE('',#4559,#4564);
#4559 = B_SPLINE_SURFACE_WITH_KNOTS('',1,1,(
    (#4560,#4561)
    ,(#4562,#4563
    )),.UNSPECIFIED.,.F.,.F.,.F.,(2,2),(2,2),(0.,115.),(0.,1.),
  .PIECEWISE_BEZIER_KNOTS.);
#4560 = CARTESIAN_POINT('',(-47.5,31.666228067138,955.28));
#4561 = CARTESIAN_POINT('',(-28.43241741754,235.,989.70192296151));
#4562 = CARTESIAN_POINT('',(-47.5,31.666228067138,1.07028E+03));
#4563 = CARTESIAN_POINT('',(-11.95219796706,235.,1.047394230654E+03));
#4564 = DEFINITIONAL_REPRESENTATION('',(#4565),#4569);
#4565 = LINE('',#4566,#4567);
#4566 = CARTESIAN_POINT('',(0.,0.));
#4567 = VECTOR('',#4568,1.);
#4568 = DIRECTION('',(0.,1.));
#4569 = ( GEOMETRIC_REPRESENTATION_CONTEXT(2) 
PARAMETRIC_REPRESENTATION_CONTEXT() REPRESENTATION_CONTEXT('2D SPACE',''
  ) );
#4570 = ORIENTED_EDGE('',*,*,#4571,.F.);
#4571 = EDGE_CURVE('',#4572,#4545,#4574,.T.);
#4572 = VERTEX_POINT('',#4573);
#4573 = CARTESIAN_POINT('',(-8.240109725242,235.,983.93384615384));
#4574 = SURFACE_CURVE('',#4575,(#4579,#4585),.PCURVE_S1.);
#4575 = LINE('',#4576,#4577);
#4576 = CARTESIAN_POINT('',(11.952197967066,235.,978.16576934617));
#4577 = VECTOR('',#4578,1.);
#4578 = DIRECTION('',(-0.961538461538,0.,0.274670324175));
#4579 = PCURVE('',#3920,#4580);
#4580 = DEFINITIONAL_REPRESENTATION('',(#4581),#4584);
#4581 = B_SPLINE_CURVE_WITH_KNOTS('',1,(#4582,#4583),.UNSPECIFIED.,.F.,
  .F.,(2,2),(0.,42.),.PIECEWISE_BEZIER_KNOTS.);
#4582 = CARTESIAN_POINT('',(0.,1.));
#4583 = CARTESIAN_POINT('',(95.,1.));
#4584 = ( GEOMETRIC_REPRESENTATION_CONTEXT(2) 
PARAMETRIC_REPRESENTATION_CONTEXT() REPRESENTATION_CONTEXT('2D SPACE',''
  ) );
#4585 = PCURVE('',#4586,#4591);
#4586 = PLANE('',#4587);
#4587 = AXIS2_PLACEMENT_3D('',#4588,#4589,#4590);
#4588 = CARTESIAN_POINT('',(11.952197967066,235.,978.16576934617));
#4589 = DIRECTION('',(0.274670324175,-0.,0.961538461538));
#4590 = DIRECTION('',(-0.961538461538,0.,0.274670324175));
#4591 = DEFINITIONAL_REPRESENTATION('',(#4592),#4596);
#4592 = LINE('',#4593,#4594);
#4593 = CARTESIAN_POINT('',(0.,0.));
#4594 = VECTOR('',#4595,1.);
#4595 = DIRECTION('',(1.,0.));
#4596 = ( GEOMETRIC_REPRESENTATION_CONTEXT(2) 
PARAMETRIC_REPRESENTATION_CONTEXT() REPRESENTATION_CONTEXT('2D SPACE',''
  ) );
#4597 = ORIENTED_EDGE('',*,*,#4598,.F.);
#4598 = EDGE_CURVE('',#4599,#4572,#4601,.T.);
#4599 = VERTEX_POINT('',#4600);
#4600 = CARTESIAN_POINT('',(11.952197967066,235.,978.16576934617));
#4601 = SURFACE_CURVE('',#4602,(#4606,#4612),.PCURVE_S1.);
#4602 = LINE('',#4603,#4604);
#4603 = CARTESIAN_POINT('',(11.952197967066,235.,978.16576934617));
#4604 = VECTOR('',#4605,1.);
#4605 = DIRECTION('',(-0.961538461538,0.,0.274670324175));
#4606 = PCURVE('',#3920,#4607);
#4607 = DEFINITIONAL_REPRESENTATION('',(#4608),#4611);
#4608 = B_SPLINE_CURVE_WITH_KNOTS('',1,(#4609,#4610),.UNSPECIFIED.,.F.,
  .F.,(2,2),(0.,42.),.PIECEWISE_BEZIER_KNOTS.);
#4609 = CARTESIAN_POINT('',(0.,1.));
#4610 = CARTESIAN_POINT('',(95.,1.));
#4611 = ( GEOMETRIC_REPRESENTATION_CONTEXT(2) 
PARAMETRIC_REPRESENTATION_CONTEXT() REPRESENTATION_CONTEXT('2D SPACE',''
  ) );
#4612 = PCURVE('',#4613,#4618);
#4613 = PLANE('',#4614);
#4614 = AXIS2_PLACEMENT_3D('',#4615,#4616,#4617);
#4615 = CARTESIAN_POINT('',(11.952197967066,235.,978.16576934617));
#4616 = DIRECTION('',(0.274670324175,-0.,0.961538461538));
#4617 = DIRECTION('',(-0.961538461538,0.,0.274670324175));
#4618 = DEFINITIONAL_REPRESENTATION('',(#4619),#4623);
#4619 = LINE('',#4620,#4621);
#4620 = CARTESIAN_POINT('',(0.,0.));
#4621 = VECTOR('',#4622,1.);
#4622 = DIRECTION('',(1.,0.));
#4623 = ( GEOMETRIC_REPRESENTATION_CONTEXT(2) 
PARAMETRIC_REPRESENTATION_CONTEXT() REPRESENTATION_CONTEXT('2D SPACE',''
  ) );
#4624 = ORIENTED_EDGE('',*,*,#4625,.F.);
#4625 = EDGE_CURVE('',#4626,#4599,#4628,.T.);
#4626 = VERTEX_POINT('',#4627);
#4627 = CARTESIAN_POINT('',(45.038497141374,45.746048259799,
    956.86472207691));
#4628 = SURFACE_CURVE('',#4629,(#4632,#4639),.PCURVE_S1.);
#4629 = B_SPLINE_CURVE_WITH_KNOTS('',1,(#4630,#4631),.UNSPECIFIED.,.F.,
  .F.,(2,2),(0.,1.),.PIECEWISE_BEZIER_KNOTS.);
#4630 = CARTESIAN_POINT('',(47.5,31.666228067138,955.28));
#4631 = CARTESIAN_POINT('',(11.952197967066,235.,978.16576934617));
#4632 = PCURVE('',#3920,#4633);
#4633 = DEFINITIONAL_REPRESENTATION('',(#4634),#4638);
#4634 = LINE('',#4635,#4636);
#4635 = CARTESIAN_POINT('',(0.,0.));
#4636 = VECTOR('',#4637,1.);
#4637 = DIRECTION('',(0.,1.));
#4638 = ( GEOMETRIC_REPRESENTATION_CONTEXT(2) 
PARAMETRIC_REPRESENTATION_CONTEXT() REPRESENTATION_CONTEXT('2D SPACE',''
  ) );
#4639 = PCURVE('',#4640,#4645);
#4640 = B_SPLINE_SURFACE_WITH_KNOTS('',1,1,(
    (#4641,#4642)
    ,(#4643,#4644
    )),.UNSPECIFIED.,.F.,.F.,.F.,(2,2),(2,2),(0.,115.),(0.,1.),
  .PIECEWISE_BEZIER_KNOTS.);
#4641 = CARTESIAN_POINT('',(47.5,31.666228067138,1.07028E+03));
#4642 = CARTESIAN_POINT('',(28.43241741755,235.,1.035858077038E+03));
#4643 = CARTESIAN_POINT('',(47.5,31.666228067138,955.28));
#4644 = CARTESIAN_POINT('',(11.952197967066,235.,978.16576934617));
#4645 = DEFINITIONAL_REPRESENTATION('',(#4646),#4650);
#4646 = LINE('',#4647,#4648);
#4647 = CARTESIAN_POINT('',(115.,0.));
#4648 = VECTOR('',#4649,1.);
#4649 = DIRECTION('',(0.,1.));
#4650 = ( GEOMETRIC_REPRESENTATION_CONTEXT(2) 
PARAMETRIC_REPRESENTATION_CONTEXT() REPRESENTATION_CONTEXT('2D SPACE',''
  ) );
#4651 = ORIENTED_EDGE('',*,*,#4652,.F.);
#4652 = EDGE_CURVE('',#4336,#4626,#4653,.T.);
#4653 = SURFACE_CURVE('',#4654,(#4660,#4669),.PCURVE_S1.);
#4654 = B_SPLINE_CURVE_WITH_KNOTS('',4,(#4655,#4656,#4657,#4658,#4659),
  .UNSPECIFIED.,.F.,.F.,(5,5),(0.,1.),.PIECEWISE_BEZIER_KNOTS.);
#4655 = CARTESIAN_POINT('',(45.145825611122,44.991544574153,
    956.78000388012));
#4656 = CARTESIAN_POINT('',(45.124708222893,45.183570888468,
    956.80151702186));
#4657 = CARTESIAN_POINT('',(45.099656672015,45.373425038415,
    956.82281721254));
#4658 = CARTESIAN_POINT('',(45.070855751386,45.560956698331,
    956.84388951717));
#4659 = CARTESIAN_POINT('',(45.038497141916,45.746048258052,
    956.86472207589));
#4660 = PCURVE('',#3920,#4661);
#4661 = DEFINITIONAL_REPRESENTATION('',(#4662),#4668);
#4662 = B_SPLINE_CURVE_WITH_KNOTS('',4,(#4663,#4664,#4665,#4666,#4667),
  .UNSPECIFIED.,.F.,.F.,(5,5),(0.,1.),.PIECEWISE_BEZIER_KNOTS.);
#4663 = CARTESIAN_POINT('',(2.553977010078E-02,6.553420211678E-02));
#4664 = CARTESIAN_POINT('',(1.261302547686E-02,6.647859178943E-02));
#4665 = CARTESIAN_POINT('',(4.149467895398E-03,6.741229870955E-02));
#4666 = CARTESIAN_POINT('',(2.533664235022E-11,6.833458357218E-02));
#4667 = CARTESIAN_POINT('',(0.,6.924486796794E-02));
#4668 = ( GEOMETRIC_REPRESENTATION_CONTEXT(2) 
PARAMETRIC_REPRESENTATION_CONTEXT() REPRESENTATION_CONTEXT('2D SPACE',''
  ) );
#4669 = PCURVE('',#4259,#4670);
#4670 = DEFINITIONAL_REPRESENTATION('',(#4671),#4677);
#4671 = B_SPLINE_CURVE_WITH_KNOTS('',4,(#4672,#4673,#4674,#4675,#4676),
  .UNSPECIFIED.,.F.,.F.,(5,5),(0.,1.),.PIECEWISE_BEZIER_KNOTS.);
#4672 = CARTESIAN_POINT('',(110.29439036748,113.49999612132));
#4673 = CARTESIAN_POINT('',(111.47030516912,113.47848297927));
#4674 = CARTESIAN_POINT('',(112.6465613568,113.45718278723));
#4675 = CARTESIAN_POINT('',(113.82313276037,113.43611048405));
#4676 = CARTESIAN_POINT('',(115.,113.41527792492));
#4677 = ( GEOMETRIC_REPRESENTATION_CONTEXT(2) 
PARAMETRIC_REPRESENTATION_CONTEXT() REPRESENTATION_CONTEXT('2D SPACE',''
  ) );
#4678 = ORIENTED_EDGE('',*,*,#4335,.T.);
#4679 = ORIENTED_EDGE('',*,*,#3846,.T.);
#4680 = ADVANCED_FACE('',(#4681),#3781,.F.);
#4681 = FACE_BOUND('',#4682,.F.);
#4682 = EDGE_LOOP('',(#4683,#4844,#4910,#4911,#4912));
#4683 = ORIENTED_EDGE('',*,*,#4684,.F.);
#4684 = EDGE_CURVE('',#4685,#4687,#4689,.T.);
#4685 = VERTEX_POINT('',#4686);
#4686 = CARTESIAN_POINT('',(-40.91335960797,33.671978307651,
    962.79439855954));
#4687 = VERTEX_POINT('',#4688);
#4688 = CARTESIAN_POINT('',(-46.27106294278,44.767796402053,
    957.53359379898));
#4689 = SURFACE_CURVE('',#4690,(#4728,#4769),.PCURVE_S1.);
#4690 = B_SPLINE_CURVE_WITH_KNOTS('',6,(#4691,#4692,#4693,#4694,#4695,
    #4696,#4697,#4698,#4699,#4700,#4701,#4702,#4703,#4704,#4705,#4706,
    #4707,#4708,#4709,#4710,#4711,#4712,#4713,#4714,#4715,#4716,#4717,
    #4718,#4719,#4720,#4721,#4722,#4723,#4724,#4725,#4726,#4727),
  .UNSPECIFIED.,.F.,.F.,(7,5,5,5,5,5,5,7),(0.,0.130806525483,
    0.278825741113,0.427233322417,0.573656144111,0.71849767198,
    0.859274149106,1.),.UNSPECIFIED.);
#4691 = CARTESIAN_POINT('',(-34.20826330295,31.666228067138,
    969.37816303854));
#4692 = CARTESIAN_POINT('',(-34.59401676008,31.666228041005,
    968.99939201931));
#4693 = CARTESIAN_POINT('',(-34.98602040274,31.680828937966,
    968.6144836741));
#4694 = CARTESIAN_POINT('',(-35.38343778204,31.710917734707,
    968.22425928004));
#4695 = CARTESIAN_POINT('',(-35.7852793331,31.757328153376,
    967.82969047882));
#4696 = CARTESIAN_POINT('',(-36.19041259439,31.820800442507,
    967.43188923079));
#4697 = CARTESIAN_POINT('',(-37.05830998446,31.993759092971,
    966.57969817834));
#4698 = CARTESIAN_POINT('',(-37.5216416015,32.108201093317,
    966.12475106794));
#4699 = CARTESIAN_POINT('',(-37.98573770467,32.246145750648,
    965.66905289267));
#4700 = CARTESIAN_POINT('',(-38.44855350892,32.408252940863,
    965.21461143483));
#4701 = CARTESIAN_POINT('',(-38.90786810152,32.594881728014,
    964.76360743068));
#4702 = CARTESIAN_POINT('',(-39.81607885356,33.017742900856,
    963.87182857242));
#4703 = CARTESIAN_POINT('',(-40.26494204892,33.254103107532,
    963.4310860839));
#4704 = CARTESIAN_POINT('',(-40.70564698555,33.515118480607,
    962.9983538734));
#4705 = CARTESIAN_POINT('',(-41.13577905332,33.800430172009,
    962.57600289631));
#4706 = CARTESIAN_POINT('',(-41.55293125932,34.109256023411,
    962.16639664172));
#4707 = CARTESIAN_POINT('',(-42.35137558321,34.767124675544,
    961.38239494743));
#4708 = CARTESIAN_POINT('',(-42.73307238555,35.11557428123,
    961.00760215164));
#4709 = CARTESIAN_POINT('',(-43.09775475114,35.484606574551,
    960.64951576823));
#4710 = CARTESIAN_POINT('',(-43.44337882019,35.872685428069,
    960.31014273741));
#4711 = CARTESIAN_POINT('',(-43.76816632535,36.27790376609,
    959.99122921534));
#4712 = CARTESIAN_POINT('',(-44.36997160473,37.113742461933,
    959.40030763114));
#4713 = CARTESIAN_POINT('',(-44.64747010631,37.544045042523,
    959.12782753942));
#4714 = CARTESIAN_POINT('',(-44.90182480533,37.986896682322,
    958.87807256754));
#4715 = CARTESIAN_POINT('',(-45.13201908454,38.439953130325,
    958.65204099377));
#4716 = CARTESIAN_POINT('',(-45.33747265544,38.900745272885,
    958.4503026529));
#4717 = CARTESIAN_POINT('',(-45.69351098074,39.819810294787,
    958.10070248267));
#4718 = CARTESIAN_POINT('',(-45.84547614902,40.277796715306,
    957.95148520458));
#4719 = CARTESIAN_POINT('',(-45.97377285923,40.738524319769,
    957.82550836407));
#4720 = CARTESIAN_POINT('',(-46.07863703105,41.199770173198,
    957.72254033097));
#4721 = CARTESIAN_POINT('',(-46.16065432467,41.659461274578,
    957.64200605078));
#4722 = CARTESIAN_POINT('',(-46.28066252874,42.571849396205,
    957.52416779088));
#4723 = CARTESIAN_POINT('',(-46.31866982885,43.024552402243,
    957.48684771787));
#4724 = CARTESIAN_POINT('',(-46.33553459104,43.471991625899,
    957.47028789381));
#4725 = CARTESIAN_POINT('',(-46.33236236182,43.912536284314,
    957.4734027653));
#4726 = CARTESIAN_POINT('',(-46.31042313908,44.344833779339,
    957.49494529594));
#4727 = CARTESIAN_POINT('',(-46.27106294278,44.767796402053,
    957.53359379898));
#4728 = PCURVE('',#3781,#4729);
#4729 = DEFINITIONAL_REPRESENTATION('',(#4730),#4768);
#4730 = B_SPLINE_CURVE_WITH_KNOTS('',6,(#4731,#4732,#4733,#4734,#4735,
    #4736,#4737,#4738,#4739,#4740,#4741,#4742,#4743,#4744,#4745,#4746,
    #4747,#4748,#4749,#4750,#4751,#4752,#4753,#4754,#4755,#4756,#4757,
    #4758,#4759,#4760,#4761,#4762,#4763,#4764,#4765,#4766,#4767),
  .UNSPECIFIED.,.F.,.F.,(7,5,5,5,5,5,5,7),(0.,0.130806525483,
    0.278825741113,0.427233322417,0.573656144111,0.71849767198,
    0.859274149106,1.),.UNSPECIFIED.);
#4731 = CARTESIAN_POINT('',(2.871864718616E-11,81.708263302449));
#4732 = CARTESIAN_POINT('',(1.985823938441,82.094016771738));
#4733 = CARTESIAN_POINT('',(3.968269990398,82.486020422961));
#4734 = CARTESIAN_POINT('',(5.947447208059,82.883437810782));
#4735 = CARTESIAN_POINT('',(7.923521513327,83.285279369655));
#4736 = CARTESIAN_POINT('',(9.896714789812,83.690412636584));
#4737 = CARTESIAN_POINT('',(14.097200873384,84.558310036685));
#4738 = CARTESIAN_POINT('',(16.323757058536,85.021641657462));
#4739 = CARTESIAN_POINT('',(18.547381715487,85.485737762844));
#4740 = CARTESIAN_POINT('',(20.768549860764,85.948553567905));
#4741 = CARTESIAN_POINT('',(22.987796490957,86.407868160106));
#4742 = CARTESIAN_POINT('',(27.429404830702,87.316078909358));
#4743 = CARTESIAN_POINT('',(29.651747632255,87.764942102323));
#4744 = CARTESIAN_POINT('',(31.873291614509,88.205647035788));
#4745 = CARTESIAN_POINT('',(34.094599212381,88.635779099882));
#4746 = CARTESIAN_POINT('',(36.316199743984,89.052931301922));
#4747 = CARTESIAN_POINT('',(40.731174282347,89.851375617815));
#4748 = CARTESIAN_POINT('',(42.924527538882,90.233072416113));
#4749 = CARTESIAN_POINT('',(45.119023190056,90.597754777791));
#4750 = CARTESIAN_POINT('',(47.315000148872,90.943378843191));
#4751 = CARTESIAN_POINT('',(49.512686062732,91.268166345065));
#4752 = CARTESIAN_POINT('',(53.887881177036,91.86997161866));
#4753 = CARTESIAN_POINT('',(56.065372417649,92.147470117736));
#4754 = CARTESIAN_POINT('',(58.244690139304,92.401824814663));
#4755 = CARTESIAN_POINT('',(60.425823243083,92.632019092146));
#4756 = CARTESIAN_POINT('',(62.608664111313,92.837472661659));
#4757 = CARTESIAN_POINT('',(66.916016315501,93.193510984749));
#4758 = CARTESIAN_POINT('',(69.040472987408,93.345476152198));
#4759 = CARTESIAN_POINT('',(71.16616503422,93.47377286178));
#4760 = CARTESIAN_POINT('',(73.292893391854,93.578637033135));
#4761 = CARTESIAN_POINT('',(75.420442739942,93.660654326392));
#4762 = CARTESIAN_POINT('',(79.675952153895,93.780662529893));
#4763 = CARTESIAN_POINT('',(81.803928302116,93.81866982979));
#4764 = CARTESIAN_POINT('',(83.932294185252,93.835534591867));
#4765 = CARTESIAN_POINT('',(86.06087437225,93.832362362455));
#4766 = CARTESIAN_POINT('',(88.189524994912,93.810423139624));
#4767 = CARTESIAN_POINT('',(90.318135992856,93.771062943171));
#4768 = ( GEOMETRIC_REPRESENTATION_CONTEXT(2) 
PARAMETRIC_REPRESENTATION_CONTEXT() REPRESENTATION_CONTEXT('2D SPACE',''
  ) );
#4769 = PCURVE('',#4770,#4804);
#4770 = ( BOUNDED_SURFACE() B_SPLINE_SURFACE(2,4,(
    (#4771,#4772,#4773,#4774,#4775,#4776,#4777,#4778,#4779,#4780,#4781)
    ,(#4782,#4783,#4784,#4785,#4786,#4787,#4788,#4789,#4790,#4791,#4792)
    ,(#4793,#4794,#4795,#4796,#4797,#4798,#4799,#4800,#4801,#4802,#4803
)),.UNSPECIFIED.,.F.,.F.,.F.) B_SPLINE_SURFACE_WITH_KNOTS((3,3),(5,3,3,5
    ),(0.,115.),(-5.5645036539,5.267238732679E-13,115.,120.62979427302),
.UNSPECIFIED.) GEOMETRIC_REPRESENTATION_ITEM() RATIONAL_B_SPLINE_SURFACE
((
    (1.,1.,1.,1.,1.,1.,1.,1.,1.,1.,1.)
    ,(0.6744893841,0.674871349748,0.674998671631,0.674871349748
      ,0.666595409678,0.658611948378,0.650561852821,0.642073750252
      ,0.641941703628,0.642073750252,0.642469890123)
,(1.,1.,1.,1.,1.,1.,1.,1.,1.,1.,1.
  ))) REPRESENTATION_ITEM('') SURFACE() );
#4771 = CARTESIAN_POINT('',(-34.3968402107,31.666228067138,
    949.64985539462));
#4772 = CARTESIAN_POINT('',(-34.38327708898,31.666228067138,
    951.07380178383));
#4773 = CARTESIAN_POINT('',(-34.36981817252,31.666228067138,
    952.48680801447));
#4774 = CARTESIAN_POINT('',(-34.35646346132,31.666228067138,
    953.88887408652));
#4775 = CARTESIAN_POINT('',(-34.06936855197,31.666228067138,
    984.02999999999));
#4776 = CARTESIAN_POINT('',(-33.78815440745,31.666228067138,1.01278E+03)
  );
#4777 = CARTESIAN_POINT('',(-33.49959913416,31.666228067138,1.04153E+03)
  );
#4778 = CARTESIAN_POINT('',(-33.18933084864,31.666228067138,
    1.071687448568E+03));
#4779 = CARTESIAN_POINT('',(-33.17485009546,31.666228067138,
    1.073094948431E+03));
#4780 = CARTESIAN_POINT('',(-33.16036881455,31.666228067138,
    1.074502499587E+03));
#4781 = CARTESIAN_POINT('',(-33.14588700591,31.666228067138,
    1.075910102038E+03));
#4782 = CARTESIAN_POINT('',(-47.47660371402,31.666228067138,
    949.64960022848));
#4783 = CARTESIAN_POINT('',(-47.47701009519,31.666228067138,
    951.07605490926));
#4784 = CARTESIAN_POINT('',(-47.47741259143,31.666228067138,
    952.48887298649));
#4785 = CARTESIAN_POINT('',(-47.47781166058,31.666228067138,
    953.88966144001));
#4786 = CARTESIAN_POINT('',(-47.48649530422,31.666228067138,
    984.37046403762));
#4787 = CARTESIAN_POINT('',(-47.49570002422,31.666228067138,
    1.013247294873E+03));
#4788 = CARTESIAN_POINT('',(-47.50584103911,31.666228067138,
    1.041887604625E+03));
#4789 = CARTESIAN_POINT('',(-47.51745259942,31.666228067138,
    1.071688316921E+03));
#4790 = CARTESIAN_POINT('',(-47.51800160163,31.666228067138,
    1.073097314186E+03));
#4791 = CARTESIAN_POINT('',(-47.51855019165,31.666228067138,
    1.074505253599E+03));
#4792 = CARTESIAN_POINT('',(-47.51909769323,31.666228067138,
    1.075910399573E+03));
#4793 = CARTESIAN_POINT('',(-46.35252881642,44.697719329815,
    949.65012276708));
#4794 = CARTESIAN_POINT('',(-46.33782156429,44.710376222131,
    951.07393547006));
#4795 = CARTESIAN_POINT('',(-46.32322685807,44.722936258736,
    952.48685257654));
#4796 = CARTESIAN_POINT('',(-46.30874469775,44.73539943963,
    953.88887408652));
#4797 = CARTESIAN_POINT('',(-45.99740238618,45.003337058227,
    984.02999999999));
#4798 = CARTESIAN_POINT('',(-45.68581151203,45.257817784049,1.01278E+03)
  );
#4799 = CARTESIAN_POINT('',(-45.35977474399,45.510262199483,1.04153E+03)
  );
#4800 = CARTESIAN_POINT('',(-45.00312708703,45.772023015088,
    1.071687448568E+03));
#4801 = CARTESIAN_POINT('',(-44.98648233564,45.784239396203,
    1.073094897137E+03));
#4802 = CARTESIAN_POINT('',(-44.96983758424,45.796455777317,
    1.074502345705E+03));
#4803 = CARTESIAN_POINT('',(-44.95319283284,45.808672158431,
    1.075909794273E+03));
#4804 = DEFINITIONAL_REPRESENTATION('',(#4805),#4843);
#4805 = B_SPLINE_CURVE_WITH_KNOTS('',6,(#4806,#4807,#4808,#4809,#4810,
    #4811,#4812,#4813,#4814,#4815,#4816,#4817,#4818,#4819,#4820,#4821,
    #4822,#4823,#4824,#4825,#4826,#4827,#4828,#4829,#4830,#4831,#4832,
    #4833,#4834,#4835,#4836,#4837,#4838,#4839,#4840,#4841,#4842),
  .UNSPECIFIED.,.F.,.F.,(7,5,5,5,5,5,5,7),(0.,0.130806525483,
    0.278825741113,0.427233322417,0.573656144111,0.71849767198,
    0.859274149106,1.),.UNSPECIFIED.);
#4806 = CARTESIAN_POINT('',(0.,14.098163038547));
#4807 = CARTESIAN_POINT('',(2.46821102531,13.719391978674));
#4808 = CARTESIAN_POINT('',(4.935301865531,13.334483597192));
#4809 = CARTESIAN_POINT('',(7.4015070045,12.944259171439));
#4810 = CARTESIAN_POINT('',(9.867126052752,12.5496903432));
#4811 = CARTESIAN_POINT('',(12.332518308313,12.151889072783));
#4812 = CARTESIAN_POINT('',(17.588119219438,11.299697982132));
#4813 = CARTESIAN_POINT('',(20.378372512337,10.844750857177));
#4814 = CARTESIAN_POINT('',(23.169466218404,10.389052672812));
#4815 = CARTESIAN_POINT('',(25.962067918006,9.934611210891));
#4816 = CARTESIAN_POINT('',(28.756887348119,9.483607207005));
#4817 = CARTESIAN_POINT('',(34.359729672049,8.591828356423));
#4818 = CARTESIAN_POINT('',(37.167753087857,8.151085875352));
#4819 = CARTESIAN_POINT('',(39.979425429716,7.718353675134));
#4820 = CARTESIAN_POINT('',(42.795411752738,7.296002710306));
#4821 = CARTESIAN_POINT('',(45.61628840696,6.886396469144));
#4822 = CARTESIAN_POINT('',(51.230897445098,6.10239480248));
#4823 = CARTESIAN_POINT('',(54.024487179617,5.727602020875));
#4824 = CARTESIAN_POINT('',(56.82365325151,5.369515651478));
#4825 = CARTESIAN_POINT('',(59.628647623597,5.030142633977));
#4826 = CARTESIAN_POINT('',(62.4395397664,4.711229124223));
#4827 = CARTESIAN_POINT('',(68.042404566016,4.12030756223));
#4828 = CARTESIAN_POINT('',(70.834279896696,3.84782748043));
#4829 = CARTESIAN_POINT('',(73.63163753815,3.59807251722));
#4830 = CARTESIAN_POINT('',(76.434194294043,3.372040950868));
#4831 = CARTESIAN_POINT('',(79.241529789068,3.170302616311));
#4832 = CARTESIAN_POINT('',(84.785725258571,2.820702456613));
#4833 = CARTESIAN_POINT('',(87.522387482681,2.671485182803));
#4834 = CARTESIAN_POINT('',(90.262557911373,2.545508345806));
#4835 = CARTESIAN_POINT('',(93.005726375966,2.44254031562));
#4836 = CARTESIAN_POINT('',(95.751378507284,2.362006037888));
#4837 = CARTESIAN_POINT('',(101.2456360526,2.244167782287));
#4838 = CARTESIAN_POINT('',(103.99426135778,2.206847711105));
#4839 = CARTESIAN_POINT('',(106.74438851612,2.190287888708));
#4840 = CARTESIAN_POINT('',(109.49560323744,2.193402761798));
#4841 = CARTESIAN_POINT('',(112.2475632648,2.214945294101));
#4842 = CARTESIAN_POINT('',(115.,2.253593798984));
#4843 = ( GEOMETRIC_REPRESENTATION_CONTEXT(2) 
PARAMETRIC_REPRESENTATION_CONTEXT() REPRESENTATION_CONTEXT('2D SPACE',''
  ) );
#4844 = ORIENTED_EDGE('',*,*,#4845,.T.);
#4845 = EDGE_CURVE('',#4685,#3689,#4846,.T.);
#4846 = SURFACE_CURVE('',#4847,(#4866,#4888),.PCURVE_S1.);
#4847 = B_SPLINE_CURVE_WITH_KNOTS('',5,(#4848,#4849,#4850,#4851,#4852,
    #4853,#4854,#4855,#4856,#4857,#4858,#4859,#4860,#4861,#4862,#4863,
    #4864,#4865),.UNSPECIFIED.,.F.,.F.,(6,4,4,4,6),(0.,0.32713368635,
    0.594310159613,0.784401604739,1.),.UNSPECIFIED.);
#4848 = CARTESIAN_POINT('',(-41.72817618146,32.663421732261,964.654));
#4849 = CARTESIAN_POINT('',(-41.61277650687,32.80964151614,
    964.31708191108));
#4850 = CARTESIAN_POINT('',(-41.48543057141,32.969805287952,
    963.9830562707));
#4851 = CARTESIAN_POINT('',(-41.34574666014,33.143895198616,
    963.65303977848));
#4852 = CARTESIAN_POINT('',(-41.19337864853,33.331715214161,
    963.32818689982));
#4853 = CARTESIAN_POINT('',(-40.89304263832,33.697164473574,
    962.74944047743));
#4854 = CARTESIAN_POINT('',(-40.74938642219,33.870352447497,
    962.49345361251));
#4855 = CARTESIAN_POINT('',(-40.59694763305,34.052225435213,
    962.24227113012));
#4856 = CARTESIAN_POINT('',(-40.43561716939,34.242485069063,
    961.99648854408));
#4857 = CARTESIAN_POINT('',(-40.14417997326,34.581816963595,
    961.5860229487));
#4858 = CARTESIAN_POINT('',(-40.01849417879,34.726935090216,
    961.41840049073));
#4859 = CARTESIAN_POINT('',(-39.88825386646,34.875970500608,
    961.25399055246));
#4860 = CARTESIAN_POINT('',(-39.75344933232,35.028767875198,
    961.09297919559));
#4861 = CARTESIAN_POINT('',(-39.45601748646,35.362522940488,
    960.75697256061));
#4862 = CARTESIAN_POINT('',(-39.29208400015,35.544508442605,
    960.58299948347));
#4863 = CARTESIAN_POINT('',(-39.12228812677,35.730856940888,
    960.41386987042));
#4864 = CARTESIAN_POINT('',(-38.94665662976,35.921288006947,
    960.24980675846));
#4865 = CARTESIAN_POINT('',(-38.76523952414,36.115501549825,960.091));
#4866 = PCURVE('',#3781,#4867);
#4867 = DEFINITIONAL_REPRESENTATION('',(#4868),#4887);
#4868 = B_SPLINE_CURVE_WITH_KNOTS('',5,(#4869,#4870,#4871,#4872,#4873,
    #4874,#4875,#4876,#4877,#4878,#4879,#4880,#4881,#4882,#4883,#4884,
    #4885,#4886),.UNSPECIFIED.,.F.,.F.,(6,4,4,4,6),(0.,0.32713368635,
    0.594310159613,0.784401604739,1.),.UNSPECIFIED.);
#4869 = CARTESIAN_POINT('',(23.635716323939,89.228176212098));
#4870 = CARTESIAN_POINT('',(25.285372685055,89.112776540215));
#4871 = CARTESIAN_POINT('',(26.93330330487,88.985430607658));
#4872 = CARTESIAN_POINT('',(28.579505382601,88.845746699367));
#4873 = CARTESIAN_POINT('',(30.223959810593,88.693378690982));
#4874 = CARTESIAN_POINT('',(33.20819614912,88.393042686903));
#4875 = CARTESIAN_POINT('',(34.548579512352,88.249386473641));
#4876 = CARTESIAN_POINT('',(35.88772959402,88.096947687478));
#4877 = CARTESIAN_POINT('',(37.225604863454,87.93561722691));
#4878 = CARTESIAN_POINT('',(39.513071053233,87.644180036194));
#4879 = CARTESIAN_POINT('',(40.463321436717,87.518494244028));
#4880 = CARTESIAN_POINT('',(41.412875508036,87.388253934035));
#4881 = CARTESIAN_POINT('',(42.361709173896,87.253449402258));
#4882 = CARTESIAN_POINT('',(44.385098183686,86.956017561474));
#4883 = CARTESIAN_POINT('',(45.459440079911,86.792084077894));
#4884 = CARTESIAN_POINT('',(46.53278062046,86.622288207245));
#4885 = CARTESIAN_POINT('',(47.605078373207,86.446656712957));
#4886 = CARTESIAN_POINT('',(48.676288129703,86.265239610026));
#4887 = ( GEOMETRIC_REPRESENTATION_CONTEXT(2) 
PARAMETRIC_REPRESENTATION_CONTEXT() REPRESENTATION_CONTEXT('2D SPACE',''
  ) );
#4888 = PCURVE('',#3705,#4889);
#4889 = DEFINITIONAL_REPRESENTATION('',(#4890),#4909);
#4890 = B_SPLINE_CURVE_WITH_KNOTS('',5,(#4891,#4892,#4893,#4894,#4895,
    #4896,#4897,#4898,#4899,#4900,#4901,#4902,#4903,#4904,#4905,#4906,
    #4907,#4908),.UNSPECIFIED.,.F.,.F.,(6,4,4,4,6),(0.,0.32713368635,
    0.594310159613,0.784401604739,1.),.UNSPECIFIED.);
#4891 = CARTESIAN_POINT('',(2.477448584458,4.563));
#4892 = CARTESIAN_POINT('',(2.473933505501,4.226081911079));
#4893 = CARTESIAN_POINT('',(2.470072144378,3.892056270701));
#4894 = CARTESIAN_POINT('',(2.465860096738,3.562039778485));
#4895 = CARTESIAN_POINT('',(2.461296034219,3.237186899825));
#4896 = CARTESIAN_POINT('',(2.452369044404,2.658440477439));
#4897 = CARTESIAN_POINT('',(2.448122564238,2.402453612513));
#4898 = CARTESIAN_POINT('',(2.44364403304,2.151271130127));
#4899 = CARTESIAN_POINT('',(2.438936271389,1.905488544089));
#4900 = CARTESIAN_POINT('',(2.430494260875,1.495022948709));
#4901 = CARTESIAN_POINT('',(2.426871017819,1.327400490733));
#4902 = CARTESIAN_POINT('',(2.423135566177,1.162990552462));
#4903 = CARTESIAN_POINT('',(2.419289885838,1.001979195594));
#4904 = CARTESIAN_POINT('',(2.410852300282,0.665972560617));
#4905 = CARTESIAN_POINT('',(2.406229501319,0.491999483471));
#4906 = CARTESIAN_POINT('',(2.401471386509,0.322869870429));
#4907 = CARTESIAN_POINT('',(2.396581990526,0.158806758462));
#4908 = CARTESIAN_POINT('',(2.391565839174,-1.997332853576E-13));
#4909 = ( GEOMETRIC_REPRESENTATION_CONTEXT(2) 
PARAMETRIC_REPRESENTATION_CONTEXT() REPRESENTATION_CONTEXT('2D SPACE',''
  ) );
#4910 = ORIENTED_EDGE('',*,*,#3717,.T.);
#4911 = ORIENTED_EDGE('',*,*,#4511,.T.);
#4912 = ORIENTED_EDGE('',*,*,#4913,.F.);
#4913 = EDGE_CURVE('',#4687,#4512,#4914,.T.);
#4914 = SURFACE_CURVE('',#4915,(#4921,#4930),.PCURVE_S1.);
#4915 = B_SPLINE_CURVE_WITH_KNOTS('',4,(#4916,#4917,#4918,#4919,#4920),
  .UNSPECIFIED.,.F.,.F.,(5,5),(0.,1.),.PIECEWISE_BEZIER_KNOTS.);
#4916 = CARTESIAN_POINT('',(-46.27106294377,44.767796402024,
    957.53359379898));
#4917 = CARTESIAN_POINT('',(-46.24943647943,45.000193263652,
    957.55482922342));
#4918 = CARTESIAN_POINT('',(-46.22803646579,45.229624301942,
    957.58187105648));
#4919 = CARTESIAN_POINT('',(-46.20688482579,45.455809576845,
    957.61440846683));
#4920 = CARTESIAN_POINT('',(-46.18599854492,45.678537757231,
    957.65211280782));
#4921 = PCURVE('',#3781,#4922);
#4922 = DEFINITIONAL_REPRESENTATION('',(#4923),#4929);
#4923 = B_SPLINE_CURVE_WITH_KNOTS('',4,(#4924,#4925,#4926,#4927,#4928),
  .UNSPECIFIED.,.F.,.F.,(5,5),(0.,1.),.PIECEWISE_BEZIER_KNOTS.);
#4924 = CARTESIAN_POINT('',(90.318135993053,93.771062944156));
#4925 = CARTESIAN_POINT('',(91.487701550342,93.749436479741));
#4926 = CARTESIAN_POINT('',(92.657863965396,93.728036466006));
#4927 = CARTESIAN_POINT('',(93.828569212233,93.706884825902));
#4928 = CARTESIAN_POINT('',(94.999777848198,93.68599854492));
#4929 = ( GEOMETRIC_REPRESENTATION_CONTEXT(2) 
PARAMETRIC_REPRESENTATION_CONTEXT() REPRESENTATION_CONTEXT('2D SPACE',''
  ) );
#4930 = PCURVE('',#4559,#4931);
#4931 = DEFINITIONAL_REPRESENTATION('',(#4932),#4938);
#4932 = B_SPLINE_CURVE_WITH_KNOTS('',4,(#4933,#4934,#4935,#4936,#4937),
  .UNSPECIFIED.,.F.,.F.,(5,5),(0.,1.),.PIECEWISE_BEZIER_KNOTS.);
#4933 = CARTESIAN_POINT('',(3.684131733773E-02,6.443380364385E-02));
#4934 = CARTESIAN_POINT('',(1.815579988316E-02,6.557673656355E-02));
#4935 = CARTESIAN_POINT('',(5.958439784467E-03,6.670508349829E-02));
#4936 = CARTESIAN_POINT('',(8.474351974141E-07,6.781746769671E-02));
#4937 = CARTESIAN_POINT('',(0.,6.891284982762E-02));
#4938 = ( GEOMETRIC_REPRESENTATION_CONTEXT(2) 
PARAMETRIC_REPRESENTATION_CONTEXT() REPRESENTATION_CONTEXT('2D SPACE',''
  ) );
#4939 = ADVANCED_FACE('',(#4940),#3705,.T.);
#4940 = FACE_BOUND('',#4941,.T.);
#4941 = EDGE_LOOP('',(#4942,#4943,#4944,#4973,#5000));
#4942 = ORIENTED_EDGE('',*,*,#3688,.T.);
#4943 = ORIENTED_EDGE('',*,*,#4141,.T.);
#4944 = ORIENTED_EDGE('',*,*,#4945,.F.);
#4945 = EDGE_CURVE('',#4946,#4142,#4948,.T.);
#4946 = VERTEX_POINT('',#4947);
#4947 = CARTESIAN_POINT('',(-40.91048450436,33.6819248902,964.654));
#4948 = SURFACE_CURVE('',#4949,(#4954,#4961),.PCURVE_S1.);
#4949 = CIRCLE('',#4950,52.991884347427);
#4950 = AXIS2_PLACEMENT_3D('',#4951,#4952,#4953);
#4951 = CARTESIAN_POINT('',(0.,0.,964.654));
#4952 = DIRECTION('',(0.,0.,1.));
#4953 = DIRECTION('',(1.,0.,0.));
#4954 = PCURVE('',#3705,#4955);
#4955 = DEFINITIONAL_REPRESENTATION('',(#4956),#4960);
#4956 = LINE('',#4957,#4958);
#4957 = CARTESIAN_POINT('',(0.,4.563));
#4958 = VECTOR('',#4959,1.);
#4959 = DIRECTION('',(1.,0.));
#4960 = ( GEOMETRIC_REPRESENTATION_CONTEXT(2) 
PARAMETRIC_REPRESENTATION_CONTEXT() REPRESENTATION_CONTEXT('2D SPACE',''
  ) );
#4961 = PCURVE('',#4962,#4967);
#4962 = CONICAL_SURFACE('',#4963,52.991884347427,1.331980229733E-03);
#4963 = AXIS2_PLACEMENT_3D('',#4964,#4965,#4966);
#4964 = CARTESIAN_POINT('',(0.,0.,964.654));
#4965 = DIRECTION('',(0.,0.,1.));
#4966 = DIRECTION('',(1.,0.,0.));
#4967 = DEFINITIONAL_REPRESENTATION('',(#4968),#4972);
#4968 = LINE('',#4969,#4970);
#4969 = CARTESIAN_POINT('',(0.,0.));
#4970 = VECTOR('',#4971,1.);
#4971 = DIRECTION('',(1.,0.));
#4972 = ( GEOMETRIC_REPRESENTATION_CONTEXT(2) 
PARAMETRIC_REPRESENTATION_CONTEXT() REPRESENTATION_CONTEXT('2D SPACE',''
  ) );
#4973 = ORIENTED_EDGE('',*,*,#4974,.T.);
#4974 = EDGE_CURVE('',#4946,#4685,#4975,.T.);
#4975 = SURFACE_CURVE('',#4976,(#4982,#4991),.PCURVE_S1.);
#4976 = B_SPLINE_CURVE_WITH_KNOTS('',4,(#4977,#4978,#4979,#4980,#4981),
  .UNSPECIFIED.,.F.,.F.,(5,5),(0.,1.),.PIECEWISE_BEZIER_KNOTS.);
#4977 = CARTESIAN_POINT('',(-40.91048450436,33.6819248902,964.654));
#4978 = CARTESIAN_POINT('',(-40.91225641433,33.675814126112,
    963.51324958241));
#4979 = CARTESIAN_POINT('',(-40.91401488298,33.669718337102,
    962.37249944084));
#4980 = CARTESIAN_POINT('',(-40.91575994423,33.663637502515,
    961.23174957893));
#4981 = CARTESIAN_POINT('',(-40.91749163187,33.657571601567,960.091));
#4982 = PCURVE('',#3705,#4983);
#4983 = DEFINITIONAL_REPRESENTATION('',(#4984),#4990);
#4984 = B_SPLINE_CURVE_WITH_KNOTS('',4,(#4985,#4986,#4987,#4988,#4989),
  .UNSPECIFIED.,.F.,.F.,(5,5),(0.,1.),.PIECEWISE_BEZIER_KNOTS.);
#4985 = CARTESIAN_POINT('',(2.452800276174,4.563));
#4986 = CARTESIAN_POINT('',(2.452910554037,3.42224958241));
#4987 = CARTESIAN_POINT('',(2.453020466478,2.281499440846));
#4988 = CARTESIAN_POINT('',(2.453130014104,1.140749578935));
#4989 = CARTESIAN_POINT('',(2.453239197522,0.));
#4990 = ( GEOMETRIC_REPRESENTATION_CONTEXT(2) 
PARAMETRIC_REPRESENTATION_CONTEXT() REPRESENTATION_CONTEXT('2D SPACE',''
  ) );
#4991 = PCURVE('',#4770,#4992);
#4992 = DEFINITIONAL_REPRESENTATION('',(#4993),#4999);
#4993 = B_SPLINE_CURVE_WITH_KNOTS('',4,(#4994,#4995,#4996,#4997,#4998),
  .UNSPECIFIED.,.F.,.F.,(5,5),(0.,1.),.PIECEWISE_BEZIER_KNOTS.);
#4994 = CARTESIAN_POINT('',(41.45597783178,9.373999723095));
#4995 = CARTESIAN_POINT('',(41.414246848327,8.233249360425));
#4996 = CARTESIAN_POINT('',(41.372490545144,7.092499270816));
#4997 = CARTESIAN_POINT('',(41.330708753454,5.95174945473));
#4998 = CARTESIAN_POINT('',(41.28890130388,4.810999913283));
#4999 = ( GEOMETRIC_REPRESENTATION_CONTEXT(2) 
PARAMETRIC_REPRESENTATION_CONTEXT() REPRESENTATION_CONTEXT('2D SPACE',''
  ) );
#5000 = ORIENTED_EDGE('',*,*,#4845,.T.);
#5001 = ADVANCED_FACE('',(#5002),#4320,.T.);
#5002 = FACE_BOUND('',#5003,.T.);
#5003 = EDGE_LOOP('',(#5004,#5027,#5028,#5057));
#5004 = ORIENTED_EDGE('',*,*,#5005,.F.);
#5005 = EDGE_CURVE('',#4142,#5006,#5008,.T.);
#5006 = VERTEX_POINT('',#5007);
#5007 = CARTESIAN_POINT('',(52.99796217681,0.,969.217));
#5008 = SURFACE_CURVE('',#5009,(#5013,#5020),.PCURVE_S1.);
#5009 = LINE('',#5010,#5011);
#5010 = CARTESIAN_POINT('',(52.991884347427,0.,964.654));
#5011 = VECTOR('',#5012,1.);
#5012 = DIRECTION('',(1.331979835879E-03,0.,0.999999112914));
#5013 = PCURVE('',#4320,#5014);
#5014 = DEFINITIONAL_REPRESENTATION('',(#5015),#5019);
#5015 = LINE('',#5016,#5017);
#5016 = CARTESIAN_POINT('',(4.138911435803E-13,0.));
#5017 = VECTOR('',#5018,1.);
#5018 = DIRECTION('',(0.,1.));
#5019 = ( GEOMETRIC_REPRESENTATION_CONTEXT(2) 
PARAMETRIC_REPRESENTATION_CONTEXT() REPRESENTATION_CONTEXT('2D SPACE',''
  ) );
#5020 = PCURVE('',#4962,#5021);
#5021 = DEFINITIONAL_REPRESENTATION('',(#5022),#5026);
#5022 = LINE('',#5023,#5024);
#5023 = CARTESIAN_POINT('',(6.28318530718,0.));
#5024 = VECTOR('',#5025,1.);
#5025 = DIRECTION('',(0.,1.));
#5026 = ( GEOMETRIC_REPRESENTATION_CONTEXT(2) 
PARAMETRIC_REPRESENTATION_CONTEXT() REPRESENTATION_CONTEXT('2D SPACE',''
  ) );
#5027 = ORIENTED_EDGE('',*,*,#4305,.T.);
#5028 = ORIENTED_EDGE('',*,*,#5029,.T.);
#5029 = EDGE_CURVE('',#4234,#5030,#5032,.T.);
#5030 = VERTEX_POINT('',#5031);
#5031 = CARTESIAN_POINT('',(40.578674249053,34.090397344176,969.217));
#5032 = SURFACE_CURVE('',#5033,(#5039,#5048),.PCURVE_S1.);
#5033 = B_SPLINE_CURVE_WITH_KNOTS('',4,(#5034,#5035,#5036,#5037,#5038),
  .UNSPECIFIED.,.F.,.F.,(5,5),(0.,1.),.PIECEWISE_BEZIER_KNOTS.);
#5034 = CARTESIAN_POINT('',(40.555700091076,34.108283404677,964.654));
#5035 = CARTESIAN_POINT('',(40.561457722196,34.103798105225,
    965.79474983156));
#5036 = CARTESIAN_POINT('',(40.567205943436,34.099322002548,
    966.93549977596));
#5037 = CARTESIAN_POINT('',(40.572944777986,34.094855085861,
    968.07624983232));
#5038 = CARTESIAN_POINT('',(40.578674249053,34.090397344176,969.217));
#5039 = PCURVE('',#4320,#5040);
#5040 = DEFINITIONAL_REPRESENTATION('',(#5041),#5047);
#5041 = B_SPLINE_CURVE_WITH_KNOTS('',4,(#5042,#5043,#5044,#5045,#5046),
  .UNSPECIFIED.,.F.,.F.,(5,5),(0.,1.),.PIECEWISE_BEZIER_KNOTS.);
#5042 = CARTESIAN_POINT('',(0.699259410431,0.));
#5043 = CARTESIAN_POINT('',(0.699124699412,1.140749831567));
#5044 = CARTESIAN_POINT('',(0.69899024581,2.28149977596));
#5045 = CARTESIAN_POINT('',(0.698856049136,3.42224983232));
#5046 = CARTESIAN_POINT('',(0.698722108899,4.563));
#5047 = ( GEOMETRIC_REPRESENTATION_CONTEXT(2) 
PARAMETRIC_REPRESENTATION_CONTEXT() REPRESENTATION_CONTEXT('2D SPACE',''
  ) );
#5048 = PCURVE('',#4259,#5049);
#5049 = DEFINITIONAL_REPRESENTATION('',(#5050),#5056);
#5050 = B_SPLINE_CURVE_WITH_KNOTS('',4,(#5051,#5052,#5053,#5054,#5055),
  .UNSPECIFIED.,.F.,.F.,(5,5),(0.,1.),.PIECEWISE_BEZIER_KNOTS.);
#5051 = CARTESIAN_POINT('',(43.80728372436,105.62600029652));
#5052 = CARTESIAN_POINT('',(43.787324600954,104.48525052367));
#5053 = CARTESIAN_POINT('',(43.767379841006,103.34450064148));
#5054 = CARTESIAN_POINT('',(43.747449475565,102.20375064834));
#5055 = CARTESIAN_POINT('',(43.727533535568,101.06300054307));
#5056 = ( GEOMETRIC_REPRESENTATION_CONTEXT(2) 
PARAMETRIC_REPRESENTATION_CONTEXT() REPRESENTATION_CONTEXT('2D SPACE',''
  ) );
#5057 = ORIENTED_EDGE('',*,*,#5058,.F.);
#5058 = EDGE_CURVE('',#5006,#5030,#5059,.T.);
#5059 = SURFACE_CURVE('',#5060,(#5065,#5072),.PCURVE_S1.);
#5060 = CIRCLE('',#5061,52.99796217681);
#5061 = AXIS2_PLACEMENT_3D('',#5062,#5063,#5064);
#5062 = CARTESIAN_POINT('',(0.,0.,969.217));
#5063 = DIRECTION('',(0.,0.,1.));
#5064 = DIRECTION('',(1.,0.,0.));
#5065 = PCURVE('',#4320,#5066);
#5066 = DEFINITIONAL_REPRESENTATION('',(#5067),#5071);
#5067 = LINE('',#5068,#5069);
#5068 = CARTESIAN_POINT('',(0.,4.563));
#5069 = VECTOR('',#5070,1.);
#5070 = DIRECTION('',(1.,0.));
#5071 = ( GEOMETRIC_REPRESENTATION_CONTEXT(2) 
PARAMETRIC_REPRESENTATION_CONTEXT() REPRESENTATION_CONTEXT('2D SPACE',''
  ) );
#5072 = PCURVE('',#5073,#5081);
#5073 = SURFACE_OF_REVOLUTION('',#5074,#5078);
#5074 = LINE('',#5075,#5076);
#5075 = CARTESIAN_POINT('',(52.99796217681,0.,969.217));
#5076 = VECTOR('',#5077,1.);
#5077 = DIRECTION('',(4.465971919213E-04,0.,0.999999900275));
#5078 = AXIS1_PLACEMENT('',#5079,#5080);
#5079 = CARTESIAN_POINT('',(0.,0.,700.));
#5080 = DIRECTION('',(0.,0.,1.));
#5081 = DEFINITIONAL_REPRESENTATION('',(#5082),#5086);
#5082 = LINE('',#5083,#5084);
#5083 = CARTESIAN_POINT('',(0.,0.));
#5084 = VECTOR('',#5085,1.);
#5085 = DIRECTION('',(1.,0.));
#5086 = ( GEOMETRIC_REPRESENTATION_CONTEXT(2) 
PARAMETRIC_REPRESENTATION_CONTEXT() REPRESENTATION_CONTEXT('2D SPACE',''
  ) );
#5087 = ADVANCED_FACE('',(#5088),#4259,.F.);
#5088 = FACE_BOUND('',#5089,.F.);
#5089 = EDGE_LOOP('',(#5090,#5091,#5092,#5093,#5122,#5159,#5256,#5294,
    #5468,#5510));
#5090 = ORIENTED_EDGE('',*,*,#4370,.F.);
#5091 = ORIENTED_EDGE('',*,*,#4233,.T.);
#5092 = ORIENTED_EDGE('',*,*,#5029,.T.);
#5093 = ORIENTED_EDGE('',*,*,#5094,.F.);
#5094 = EDGE_CURVE('',#5095,#5030,#5097,.T.);
#5095 = VERTEX_POINT('',#5096);
#5096 = CARTESIAN_POINT('',(40.598301066798,34.070191524112,973.78));
#5097 = SURFACE_CURVE('',#5098,(#5104,#5113),.PCURVE_S1.);
#5098 = B_SPLINE_CURVE_WITH_KNOTS('',4,(#5099,#5100,#5101,#5102,#5103),
  .UNSPECIFIED.,.F.,.F.,(5,5),(0.,1.),.PIECEWISE_BEZIER_KNOTS.);
#5099 = CARTESIAN_POINT('',(40.598301097285,34.070191492723,
    973.78000711072));
#5100 = CARTESIAN_POINT('',(40.593410064163,34.07522716713,
    972.63925344602));
#5101 = CARTESIAN_POINT('',(40.588508590841,34.080273363791,
    971.49849985375));
#5102 = CARTESIAN_POINT('',(40.583596651011,34.085330095731,
    970.35774633456));
#5103 = CARTESIAN_POINT('',(40.57867421837,34.090397375762,
    969.21699288927));
#5104 = PCURVE('',#4259,#5105);
#5105 = DEFINITIONAL_REPRESENTATION('',(#5106),#5112);
#5106 = B_SPLINE_CURVE_WITH_KNOTS('',4,(#5107,#5108,#5109,#5110,#5111),
  .UNSPECIFIED.,.F.,.F.,(5,5),(0.,1.),.PIECEWISE_BEZIER_KNOTS.);
#5107 = CARTESIAN_POINT('',(43.626733829386,96.499993670302));
#5108 = CARTESIAN_POINT('',(43.65192496082,97.640747279965));
#5109 = CARTESIAN_POINT('',(43.677121977131,98.781500813273));
#5110 = CARTESIAN_POINT('',(43.702324885438,99.922254270901));
#5111 = CARTESIAN_POINT('',(43.727533692705,101.0630076538));
#5112 = ( GEOMETRIC_REPRESENTATION_CONTEXT(2) 
PARAMETRIC_REPRESENTATION_CONTEXT() REPRESENTATION_CONTEXT('2D SPACE',''
  ) );
#5113 = PCURVE('',#5073,#5114);
#5114 = DEFINITIONAL_REPRESENTATION('',(#5115),#5121);
#5115 = B_SPLINE_CURVE_WITH_KNOTS('',4,(#5116,#5117,#5118,#5119,#5120),
  .UNSPECIFIED.,.F.,.F.,(5,5),(0.,1.),.PIECEWISE_BEZIER_KNOTS.);
#5116 = CARTESIAN_POINT('',(0.698192001729,4.563007565765));
#5117 = CARTESIAN_POINT('',(0.698324105061,3.422253787307));
#5118 = CARTESIAN_POINT('',(0.698456490486,2.281500081271));
#5119 = CARTESIAN_POINT('',(0.698589158533,1.140746448326));
#5120 = CARTESIAN_POINT('',(0.698722109728,-7.110722244799E-06));
#5121 = ( GEOMETRIC_REPRESENTATION_CONTEXT(2) 
PARAMETRIC_REPRESENTATION_CONTEXT() REPRESENTATION_CONTEXT('2D SPACE',''
  ) );
#5122 = ORIENTED_EDGE('',*,*,#5123,.F.);
#5123 = EDGE_CURVE('',#5124,#5095,#5126,.T.);
#5124 = VERTEX_POINT('',#5125);
#5125 = CARTESIAN_POINT('',(40.885991405585,33.724408175422,1.05178E+03)
  );
#5126 = SURFACE_CURVE('',#5127,(#5134,#5144),.PCURVE_S1.);
#5127 = B_SPLINE_CURVE_WITH_KNOTS('',5,(#5128,#5129,#5130,#5131,#5132,
    #5133),.UNSPECIFIED.,.F.,.F.,(6,6),(0.,1.),
  .PIECEWISE_BEZIER_KNOTS.);
#5128 = CARTESIAN_POINT('',(40.885991430144,33.724408145647,
    1.051780007111E+03));
#5129 = CARTESIAN_POINT('',(40.832110872916,33.789730567068,
    1.03617999166E+03));
#5130 = CARTESIAN_POINT('',(40.776456589659,33.856937613587,
    1.020579981747E+03));
#5131 = CARTESIAN_POINT('',(40.718973912493,33.926063143638,
    1.004979979024E+03));
#5132 = CARTESIAN_POINT('',(40.659607298753,33.997138548865,
    989.37998219963));
#5133 = CARTESIAN_POINT('',(40.598301038853,34.07019155741,
    973.77999288927));
#5134 = PCURVE('',#4259,#5135);
#5135 = DEFINITIONAL_REPRESENTATION('',(#5136),#5143);
#5136 = B_SPLINE_CURVE_WITH_KNOTS('',5,(#5137,#5138,#5139,#5140,#5141,
    #5142),.UNSPECIFIED.,.F.,.F.,(6,6),(0.,1.),
  .PIECEWISE_BEZIER_KNOTS.);
#5137 = CARTESIAN_POINT('',(41.723291523846,18.499992159138));
#5138 = CARTESIAN_POINT('',(42.103696956069,34.100006906153));
#5139 = CARTESIAN_POINT('',(42.484182486766,49.700016751905));
#5140 = CARTESIAN_POINT('',(42.864810987376,65.300022563676));
#5141 = CARTESIAN_POINT('',(43.245642603677,80.900019333647));
#5142 = CARTESIAN_POINT('',(43.626734161354,96.500007891726));
#5143 = ( GEOMETRIC_REPRESENTATION_CONTEXT(2) 
PARAMETRIC_REPRESENTATION_CONTEXT() REPRESENTATION_CONTEXT('2D SPACE',''
  ) );
#5144 = PCURVE('',#5145,#5150);
#5145 = CYLINDRICAL_SURFACE('',#5146,53.);
#5146 = AXIS2_PLACEMENT_3D('',#5147,#5148,#5149);
#5147 = CARTESIAN_POINT('',(0.,0.,973.78));
#5148 = DIRECTION('',(0.,0.,1.));
#5149 = DIRECTION('',(1.,0.,0.));
#5150 = DEFINITIONAL_REPRESENTATION('',(#5151),#5158);
#5151 = B_SPLINE_CURVE_WITH_KNOTS('',5,(#5152,#5153,#5154,#5155,#5156,
    #5157),.UNSPECIFIED.,.F.,.F.,(6,6),(0.,1.),
  .PIECEWISE_BEZIER_KNOTS.);
#5152 = CARTESIAN_POINT('',(0.689704936093,78.000007110722));
#5153 = CARTESIAN_POINT('',(0.691302608527,62.399991660333));
#5154 = CARTESIAN_POINT('',(0.692949007419,46.799981747404));
#5155 = CARTESIAN_POINT('',(0.69464529043,31.199979023717));
#5156 = CARTESIAN_POINT('',(0.696392592888,15.599982199638));
#5157 = CARTESIAN_POINT('',(0.698192003372,-7.110722244799E-06));
#5158 = ( GEOMETRIC_REPRESENTATION_CONTEXT(2) 
PARAMETRIC_REPRESENTATION_CONTEXT() REPRESENTATION_CONTEXT('2D SPACE',''
  ) );
#5159 = ORIENTED_EDGE('',*,*,#5160,.T.);
#5160 = EDGE_CURVE('',#5124,#5161,#5163,.T.);
#5161 = VERTEX_POINT('',#5162);
#5162 = CARTESIAN_POINT('',(34.165856234861,31.666228067138,1.05178E+03)
  );
#5163 = SURFACE_CURVE('',#5164,(#5191,#5221),.PCURVE_S1.);
#5164 = B_SPLINE_CURVE_WITH_KNOTS('',7,(#5165,#5166,#5167,#5168,#5169,
    #5170,#5171,#5172,#5173,#5174,#5175,#5176,#5177,#5178,#5179,#5180,
    #5181,#5182,#5183,#5184,#5185,#5186,#5187,#5188,#5189,#5190),
  .UNSPECIFIED.,.F.,.F.,(8,6,6,6,8),(0.,0.250663661633,0.500000001604,
    0.750336673184,1.),.UNSPECIFIED.);
#5165 = CARTESIAN_POINT('',(46.101012859217,44.912035305227,1.05178E+03)
  );
#5166 = CARTESIAN_POINT('',(46.167509186114,44.274983199471,1.05178E+03)
  );
#5167 = CARTESIAN_POINT('',(46.196135080565,43.616544925196,1.05178E+03)
  );
#5168 = CARTESIAN_POINT('',(46.182646902366,42.939930042976,1.05178E+03)
  );
#5169 = CARTESIAN_POINT('',(46.123061082075,42.249384614882,1.05178E+03)
  );
#5170 = CARTESIAN_POINT('',(46.013998415888,41.550260261039,1.05178E+03)
  );
#5171 = CARTESIAN_POINT('',(45.853184254377,40.848858133352,1.05178E+03)
  );
#5172 = CARTESIAN_POINT('',(45.427424776227,39.458773650194,1.05178E+03)
  );
#5173 = CARTESIAN_POINT('',(45.16303167699,38.770032365945,1.05178E+03)
  );
#5174 = CARTESIAN_POINT('',(44.845695619859,38.092443901951,1.05178E+03)
  );
#5175 = CARTESIAN_POINT('',(44.47590748125,37.433164039825,1.05178E+03)
  );
#5176 = CARTESIAN_POINT('',(44.055792227576,36.799383405095,1.05178E+03)
  );
#5177 = CARTESIAN_POINT('',(43.589082696997,36.197658115111,1.05178E+03)
  );
#5178 = CARTESIAN_POINT('',(42.570322995742,35.067024052954,1.05178E+03)
  );
#5179 = CARTESIAN_POINT('',(42.017927166084,34.538405136545,1.05178E+03)
  );
#5180 = CARTESIAN_POINT('',(41.428536675822,34.053168865413,1.05178E+03)
  );
#5181 = CARTESIAN_POINT('',(40.808363702355,33.615757283227,1.05178E+03)
  );
#5182 = CARTESIAN_POINT('',(40.164429598348,33.229052316465,1.05178E+03)
  );
#5183 = CARTESIAN_POINT('',(39.503887444417,32.894280187221,1.05178E+03)
  );
#5184 = CARTESIAN_POINT('',(38.165043585227,32.328984367177,1.05178E+03)
  );
#5185 = CARTESIAN_POINT('',(37.486783492781,32.098177820208,1.05178E+03)
  );
#5186 = CARTESIAN_POINT('',(36.805543792495,31.918642159309,1.05178E+03)
  );
#5187 = CARTESIAN_POINT('',(36.12774049358,31.788774199163,1.05178E+03)
  );
#5188 = CARTESIAN_POINT('',(35.458971190645,31.705796404707,1.05178E+03)
  );
#5189 = CARTESIAN_POINT('',(34.803813313127,31.666228067138,1.05178E+03)
  );
#5190 = CARTESIAN_POINT('',(34.165856234861,31.666228067138,1.05178E+03)
  );
#5191 = PCURVE('',#4259,#5192);
#5192 = DEFINITIONAL_REPRESENTATION('',(#5193),#5220);
#5193 = B_SPLINE_CURVE_WITH_KNOTS('',7,(#5194,#5195,#5196,#5197,#5198,
    #5199,#5200,#5201,#5202,#5203,#5204,#5205,#5206,#5207,#5208,#5209,
    #5210,#5211,#5212,#5213,#5214,#5215,#5216,#5217,#5218,#5219),
  .UNSPECIFIED.,.F.,.F.,(8,6,6,6,8),(0.,0.250663661633,0.500000001604,
    0.750336673184,1.),.UNSPECIFIED.);
#5194 = CARTESIAN_POINT('',(115.,18.500000000001));
#5195 = CARTESIAN_POINT('',(110.86875376509,18.499999903884));
#5196 = CARTESIAN_POINT('',(106.74015853482,18.499999810557));
#5197 = CARTESIAN_POINT('',(102.6142496431,18.499999721097));
#5198 = CARTESIAN_POINT('',(98.490973626041,18.499999636663));
#5199 = CARTESIAN_POINT('',(94.370171748491,18.499999558501));
#5200 = CARTESIAN_POINT('',(90.251599329547,18.499999487793));
#5201 = CARTESIAN_POINT('',(82.040199009411,18.499999363725));
#5202 = CARTESIAN_POINT('',(77.947283461877,18.499999310274));
#5203 = CARTESIAN_POINT('',(73.856060559549,18.499999266272));
#5204 = CARTESIAN_POINT('',(69.766177846775,18.499999232623));
#5205 = CARTESIAN_POINT('',(65.677167917006,18.499999209968));
#5206 = CARTESIAN_POINT('',(61.588562166627,18.499999198643));
#5207 = CARTESIAN_POINT('',(53.395034616874,18.499999198643));
#5208 = CARTESIAN_POINT('',(49.29002486004,18.49999921006));
#5209 = CARTESIAN_POINT('',(45.184606385573,18.499999232894));
#5210 = CARTESIAN_POINT('',(41.078304682454,18.499999266816));
#5211 = CARTESIAN_POINT('',(36.970646528939,18.499999311156));
#5212 = CARTESIAN_POINT('',(32.861276069457,18.499999365014));
#5213 = CARTESIAN_POINT('',(24.649782263289,18.499999489488));
#5214 = CARTESIAN_POINT('',(20.547601559309,18.49999956006));
#5215 = CARTESIAN_POINT('',(16.443205336844,18.499999638014));
#5216 = CARTESIAN_POINT('',(12.336353089673,18.499999722165));
#5217 = CARTESIAN_POINT('',(8.226888771705,18.499999811303));
#5218 = CARTESIAN_POINT('',(4.114759603602,18.499999904267));
#5219 = CARTESIAN_POINT('',(0.,18.5));
#5220 = ( GEOMETRIC_REPRESENTATION_CONTEXT(2) 
PARAMETRIC_REPRESENTATION_CONTEXT() REPRESENTATION_CONTEXT('2D SPACE',''
  ) );
#5221 = PCURVE('',#5222,#5227);
#5222 = PLANE('',#5223);
#5223 = AXIS2_PLACEMENT_3D('',#5224,#5225,#5226);
#5224 = CARTESIAN_POINT('',(0.,0.,1.05178E+03));
#5225 = DIRECTION('',(0.,0.,1.));
#5226 = DIRECTION('',(1.,0.,0.));
#5227 = DEFINITIONAL_REPRESENTATION('',(#5228),#5255);
#5228 = B_SPLINE_CURVE_WITH_KNOTS('',7,(#5229,#5230,#5231,#5232,#5233,
    #5234,#5235,#5236,#5237,#5238,#5239,#5240,#5241,#5242,#5243,#5244,
    #5245,#5246,#5247,#5248,#5249,#5250,#5251,#5252,#5253,#5254),
  .UNSPECIFIED.,.F.,.F.,(8,6,6,6,8),(0.,0.250663661633,0.500000001604,
    0.750336673184,1.),.UNSPECIFIED.);
#5229 = CARTESIAN_POINT('',(46.101012859217,44.912035305227));
#5230 = CARTESIAN_POINT('',(46.167509186114,44.274983199471));
#5231 = CARTESIAN_POINT('',(46.196135080565,43.616544925196));
#5232 = CARTESIAN_POINT('',(46.182646902366,42.939930042976));
#5233 = CARTESIAN_POINT('',(46.123061082075,42.249384614882));
#5234 = CARTESIAN_POINT('',(46.013998415888,41.550260261039));
#5235 = CARTESIAN_POINT('',(45.853184254377,40.848858133352));
#5236 = CARTESIAN_POINT('',(45.427424776227,39.458773650194));
#5237 = CARTESIAN_POINT('',(45.16303167699,38.770032365945));
#5238 = CARTESIAN_POINT('',(44.845695619859,38.092443901951));
#5239 = CARTESIAN_POINT('',(44.47590748125,37.433164039825));
#5240 = CARTESIAN_POINT('',(44.055792227576,36.799383405095));
#5241 = CARTESIAN_POINT('',(43.589082696997,36.197658115111));
#5242 = CARTESIAN_POINT('',(42.570322995742,35.067024052954));
#5243 = CARTESIAN_POINT('',(42.017927166084,34.538405136545));
#5244 = CARTESIAN_POINT('',(41.428536675822,34.053168865413));
#5245 = CARTESIAN_POINT('',(40.808363702355,33.615757283227));
#5246 = CARTESIAN_POINT('',(40.164429598348,33.229052316465));
#5247 = CARTESIAN_POINT('',(39.503887444417,32.894280187221));
#5248 = CARTESIAN_POINT('',(38.165043585227,32.328984367177));
#5249 = CARTESIAN_POINT('',(37.486783492781,32.098177820208));
#5250 = CARTESIAN_POINT('',(36.805543792495,31.918642159309));
#5251 = CARTESIAN_POINT('',(36.12774049358,31.788774199163));
#5252 = CARTESIAN_POINT('',(35.458971190645,31.705796404707));
#5253 = CARTESIAN_POINT('',(34.803813313127,31.666228067138));
#5254 = CARTESIAN_POINT('',(34.165856234861,31.666228067138));
#5255 = ( GEOMETRIC_REPRESENTATION_CONTEXT(2) 
PARAMETRIC_REPRESENTATION_CONTEXT() REPRESENTATION_CONTEXT('2D SPACE',''
  ) );
#5256 = ORIENTED_EDGE('',*,*,#5257,.F.);
#5257 = EDGE_CURVE('',#5258,#5161,#5260,.T.);
#5258 = VERTEX_POINT('',#5259);
#5259 = CARTESIAN_POINT('',(34.20826330297,31.666228067138,
    1.056181836963E+03));
#5260 = SURFACE_CURVE('',#5261,(#5273,#5280),.PCURVE_S1.);
#5261 = B_SPLINE_CURVE_WITH_KNOTS('',4,(#5262,#5263,#5264,#5265,#5266,
    #5267,#5268,#5269,#5270,#5271,#5272),.UNSPECIFIED.,.F.,.F.,(5,3,3,5)
  ,(-5.5645036539,8.291249637397E-13,115.,120.62979427302),
  .UNSPECIFIED.);
#5262 = CARTESIAN_POINT('',(34.396840210704,31.666228067138,
    1.075910144605E+03));
#5263 = CARTESIAN_POINT('',(34.383277088985,31.666228067138,
    1.074486198216E+03));
#5264 = CARTESIAN_POINT('',(34.369818172524,31.666228067138,
    1.073073191986E+03));
#5265 = CARTESIAN_POINT('',(34.356463461323,31.666228067138,
    1.071671125913E+03));
#5266 = CARTESIAN_POINT('',(34.069368551976,31.666228067138,1.04153E+03)
  );
#5267 = CARTESIAN_POINT('',(33.788154407457,31.666228067138,1.01278E+03)
  );
#5268 = CARTESIAN_POINT('',(33.499599134162,31.666228067138,984.03));
#5269 = CARTESIAN_POINT('',(33.189330848641,31.666228067138,
    953.87255143174));
#5270 = CARTESIAN_POINT('',(33.174850095463,31.666228067138,
    952.46505156926));
#5271 = CARTESIAN_POINT('',(33.160368814555,31.666228067138,
    951.05750041256));
#5272 = CARTESIAN_POINT('',(33.145887005918,31.666228067138,
    949.64989796164));
#5273 = PCURVE('',#4259,#5274);
#5274 = DEFINITIONAL_REPRESENTATION('',(#5275),#5279);
#5275 = LINE('',#5276,#5277);
#5276 = CARTESIAN_POINT('',(0.,0.));
#5277 = VECTOR('',#5278,1.);
#5278 = DIRECTION('',(0.,1.));
#5279 = ( GEOMETRIC_REPRESENTATION_CONTEXT(2) 
PARAMETRIC_REPRESENTATION_CONTEXT() REPRESENTATION_CONTEXT('2D SPACE',''
  ) );
#5280 = PCURVE('',#5281,#5286);
#5281 = PLANE('',#5282);
#5282 = AXIS2_PLACEMENT_3D('',#5283,#5284,#5285);
#5283 = CARTESIAN_POINT('',(-47.5,31.666228067138,1.07028E+03));
#5284 = DIRECTION('',(0.,-1.,0.));
#5285 = DIRECTION('',(0.636881446996,0.,-0.770961751627));
#5286 = DEFINITIONAL_REPRESENTATION('',(#5287),#5293);
#5287 = B_SPLINE_CURVE_WITH_KNOTS('',4,(#5288,#5289,#5290,#5291,#5292),
  .UNSPECIFIED.,.F.,.F.,(5,5),(8.291249637397E-13,115.),
  .PIECEWISE_BEZIER_KNOTS.);
#5288 = CARTESIAN_POINT('',(52.124423893849,63.097986818869));
#5289 = CARTESIAN_POINT('',(74.115167833235,44.576521656804));
#5290 = CARTESIAN_POINT('',(96.101218121237,26.049374706219));
#5291 = CARTESIAN_POINT('',(118.08259298052,7.516568026135));
#5292 = CARTESIAN_POINT('',(140.05936141209,-11.02181485591));
#5293 = ( GEOMETRIC_REPRESENTATION_CONTEXT(2) 
PARAMETRIC_REPRESENTATION_CONTEXT() REPRESENTATION_CONTEXT('2D SPACE',''
  ) );
#5294 = ORIENTED_EDGE('',*,*,#5295,.T.);
#5295 = EDGE_CURVE('',#5258,#5296,#5298,.T.);
#5296 = VERTEX_POINT('',#5297);
#5297 = CARTESIAN_POINT('',(46.271062942782,44.767796402053,
    1.068026406201E+03));
#5298 = SURFACE_CURVE('',#5299,(#5342,#5388),.PCURVE_S1.);
#5299 = B_SPLINE_CURVE_WITH_KNOTS('',6,(#5300,#5301,#5302,#5303,#5304,
    #5305,#5306,#5307,#5308,#5309,#5310,#5311,#5312,#5313,#5314,#5315,
    #5316,#5317,#5318,#5319,#5320,#5321,#5322,#5323,#5324,#5325,#5326,
    #5327,#5328,#5329,#5330,#5331,#5332,#5333,#5334,#5335,#5336,#5337,
    #5338,#5339,#5340,#5341),.UNSPECIFIED.,.F.,.F.,(7,5,5,5,5,5,5,5,7),(
    0.,0.125751635315,0.251616166841,0.377856973763,0.504061149758,
    0.629071527225,0.753088875328,0.876411622524,1.),.UNSPECIFIED.);
#5300 = CARTESIAN_POINT('',(34.208263303011,31.666228067138,
    1.056181836968E+03));
#5301 = CARTESIAN_POINT('',(34.579109862791,31.666228045226,
    1.0565459709E+03));
#5302 = CARTESIAN_POINT('',(34.95573299799,31.679722276272,
    1.05691577713E+03));
#5303 = CARTESIAN_POINT('',(35.337389277707,31.707498859538,
    1.057290525667E+03));
#5304 = CARTESIAN_POINT('',(35.723204873019,31.750300361539,
    1.057669358518E+03));
#5305 = CARTESIAN_POINT('',(36.112183568911,31.808790837222,
    1.05805129752E+03));
#5306 = CARTESIAN_POINT('',(36.894597040122,31.958321957362,
    1.058819551539E+03));
#5307 = CARTESIAN_POINT('',(37.288034818325,32.049391534675,
    1.059205869507E+03));
#5308 = CARTESIAN_POINT('',(37.682417694901,32.157286112981,
    1.059593115768E+03));
#5309 = CARTESIAN_POINT('',(38.076517375435,32.282446469733,
    1.059980084257E+03));
#5310 = CARTESIAN_POINT('',(38.469014595374,32.425168115057,
    1.060365479578E+03));
#5311 = CARTESIAN_POINT('',(39.249201916248,32.74645096371,
    1.061131550656E+03));
#5312 = CARTESIAN_POINT('',(39.636873040004,32.925117356861,
    1.061512207783E+03));
#5313 = CARTESIAN_POINT('',(40.020146615852,33.121690957067,
    1.061888547211E+03));
#5314 = CARTESIAN_POINT('',(40.397561402257,33.336110721583,
    1.062259134124E+03));
#5315 = CARTESIAN_POINT('',(40.767635678341,33.568114410366,
    1.062622513588E+03));
#5316 = CARTESIAN_POINT('',(41.490089934796,34.066254171835,
    1.063331898805E+03));
#5317 = CARTESIAN_POINT('',(41.842474626048,34.332379710663,
    1.063677909184E+03));
#5318 = CARTESIAN_POINT('',(42.184616564258,34.615119481294,
    1.064013862327E+03));
#5319 = CARTESIAN_POINT('',(42.51509099597,34.913772618763,
    1.064338359225E+03));
#5320 = CARTESIAN_POINT('',(42.832559754122,35.227426895402,
    1.064650085884E+03));
#5321 = CARTESIAN_POINT('',(43.436231266294,35.879416093175,
    1.065242839047E+03));
#5322 = CARTESIAN_POINT('',(43.722702089574,36.217490865753,
    1.065524128768E+03));
#5323 = CARTESIAN_POINT('',(43.994081112904,36.568115729474,
    1.065790599791E+03));
#5324 = CARTESIAN_POINT('',(44.249348440941,36.9300290723,
    1.066041250635E+03));
#5325 = CARTESIAN_POINT('',(44.487679938158,37.301819980141,
    1.066275272038E+03));
#5326 = CARTESIAN_POINT('',(44.927513259846,38.059138648315,
    1.066707151389E+03));
#5327 = CARTESIAN_POINT('',(45.129294100483,38.444536389215,
    1.066905283306E+03));
#5328 = CARTESIAN_POINT('',(45.313227022725,38.836717951162,
    1.067085890132E+03));
#5329 = CARTESIAN_POINT('',(45.478943266151,39.234140992918,
    1.067248609751E+03));
#5330 = CARTESIAN_POINT('',(45.626312200364,39.635247826117,
    1.067393313872E+03));
#5331 = CARTESIAN_POINT('',(45.883805459246,40.439542157474,
    1.067646151041E+03));
#5332 = CARTESIAN_POINT('',(45.994134735175,40.842708337488,
    1.067754485333E+03));
#5333 = CARTESIAN_POINT('',(46.086493002561,41.246534918349,
    1.06784517359E+03));
#5334 = CARTESIAN_POINT('',(46.161181382375,41.649585838467,
    1.067918511475E+03));
#5335 = CARTESIAN_POINT('',(46.218689150938,42.050532935946,
    1.06797497941E+03));
#5336 = CARTESIAN_POINT('',(46.300689675369,42.846688534,
    1.068055497236E+03));
#5337 = CARTESIAN_POINT('',(46.325111172539,43.241884891884,
    1.068079477157E+03));
#5338 = CARTESIAN_POINT('',(46.333543251063,43.632569548299,
    1.068087756772E+03));
#5339 = CARTESIAN_POINT('',(46.326760442411,44.017687999769,
    1.068081096606E+03));
#5340 = CARTESIAN_POINT('',(46.305629899682,44.396341680739,
    1.068060348134E+03));
#5341 = CARTESIAN_POINT('',(46.271062942782,44.767796402053,
    1.068026406201E+03));
#5342 = PCURVE('',#4259,#5343);
#5343 = DEFINITIONAL_REPRESENTATION('',(#5344),#5387);
#5344 = B_SPLINE_CURVE_WITH_KNOTS('',6,(#5345,#5346,#5347,#5348,#5349,
    #5350,#5351,#5352,#5353,#5354,#5355,#5356,#5357,#5358,#5359,#5360,
    #5361,#5362,#5363,#5364,#5365,#5366,#5367,#5368,#5369,#5370,#5371,
    #5372,#5373,#5374,#5375,#5376,#5377,#5378,#5379,#5380,#5381,#5382,
    #5383,#5384,#5385,#5386),.UNSPECIFIED.,.F.,.F.,(7,5,5,5,5,5,5,5,7),(
    0.,0.125751635315,0.251616166841,0.377856973763,0.504061149758,
    0.629071527225,0.753088875328,0.876411622524,1.),.UNSPECIFIED.);
#5345 = CARTESIAN_POINT('',(0.,14.098163032272));
#5346 = CARTESIAN_POINT('',(2.372830699861,13.734029060749));
#5347 = CARTESIAN_POINT('',(4.744626090185,13.364222795858));
#5348 = CARTESIAN_POINT('',(7.115594581768,12.989474227606));
#5349 = CARTESIAN_POINT('',(9.486000048443,12.610641350273));
#5350 = CARTESIAN_POINT('',(11.856157589365,12.228702326401));
#5351 = CARTESIAN_POINT('',(16.598828955136,11.460448271672));
#5352 = CARTESIAN_POINT('',(18.971339640689,11.074130289265));
#5353 = CARTESIAN_POINT('',(21.344327358843,10.686884017998));
#5354 = CARTESIAN_POINT('',(23.718193864713,10.299915523099));
#5355 = CARTESIAN_POINT('',(26.093365491525,9.914520200016));
#5356 = CARTESIAN_POINT('',(30.854304333178,9.148449121735));
#5357 = CARTESIAN_POINT('',(33.240075010026,8.767791998646));
#5358 = CARTESIAN_POINT('',(35.628037236157,8.39145257585));
#5359 = CARTESIAN_POINT('',(38.018622488309,8.020865670888));
#5360 = CARTESIAN_POINT('',(40.412232186967,7.657486216741));
#5361 = CARTESIAN_POINT('',(45.205511055177,6.948101020328));
#5362 = CARTESIAN_POINT('',(47.605174007327,6.60209065254));
#5363 = CARTESIAN_POINT('',(50.008552979759,6.266137521907));
#5364 = CARTESIAN_POINT('',(52.41592694688,5.941640636666));
#5365 = CARTESIAN_POINT('',(54.827488680758,5.629913989153));
#5366 = CARTESIAN_POINT('',(59.63630792034,5.037160849264));
#5367 = CARTESIAN_POINT('',(62.033491141935,4.755871139395));
#5368 = CARTESIAN_POINT('',(64.434945049965,4.489400126627));
#5369 = CARTESIAN_POINT('',(66.840658990706,4.238749291991));
#5370 = CARTESIAN_POINT('',(69.250524360244,4.004727897146));
#5371 = CARTESIAN_POINT('',(74.058950064158,3.572848561017));
#5372 = CARTESIAN_POINT('',(76.4574646731,3.374716650811));
#5373 = CARTESIAN_POINT('',(78.859649776733,3.194109830347));
#5374 = CARTESIAN_POINT('',(81.265241332993,3.031390216775));
#5375 = CARTESIAN_POINT('',(83.673922622873,2.886686099654));
#5376 = CARTESIAN_POINT('',(88.483220136563,2.633848938485));
#5377 = CARTESIAN_POINT('',(90.883823628147,2.52551464955));
#5378 = CARTESIAN_POINT('',(93.286777107517,2.434826395116));
#5379 = CARTESIAN_POINT('',(95.691734000483,2.361488511962));
#5380 = CARTESIAN_POINT('',(98.098357741738,2.305020579249));
#5381 = CARTESIAN_POINT('',(102.9194775096,2.224502756476));
#5382 = CARTESIAN_POINT('',(105.33398908749,2.200522836622));
#5383 = CARTESIAN_POINT('',(107.74954419525,2.192243223254));
#5384 = CARTESIAN_POINT('',(110.16587329284,2.198903390931));
#5385 = CARTESIAN_POINT('',(112.58275184259,2.219651864544));
#5386 = CARTESIAN_POINT('',(115.,2.253593798984));
#5387 = ( GEOMETRIC_REPRESENTATION_CONTEXT(2) 
PARAMETRIC_REPRESENTATION_CONTEXT() REPRESENTATION_CONTEXT('2D SPACE',''
  ) );
#5388 = PCURVE('',#5389,#5423);
#5389 = ( BOUNDED_SURFACE() B_SPLINE_SURFACE(2,4,(
    (#5390,#5391,#5392,#5393,#5394,#5395,#5396,#5397,#5398,#5399,#5400)
    ,(#5401,#5402,#5403,#5404,#5405,#5406,#5407,#5408,#5409,#5410,#5411)
    ,(#5412,#5413,#5414,#5415,#5416,#5417,#5418,#5419,#5420,#5421,#5422
)),.UNSPECIFIED.,.F.,.F.,.F.) B_SPLINE_SURFACE_WITH_KNOTS((3,3),(5,3,3,5
    ),(0.,95.),(-4.976156096182,-1.263919482576E-14,95.,100.01801006132)
,.UNSPECIFIED.) GEOMETRIC_REPRESENTATION_ITEM() 
RATIONAL_B_SPLINE_SURFACE((
    (1.,1.,1.,1.,1.,1.,1.,1.,1.,1.,1.)
    ,(0.667474235911,0.667768543443,0.667866645954,0.667768543443
      ,0.661855598751,0.65619515057,0.650501071236,0.644479974902
      ,0.644379279964,0.644479974902,0.644782059716)
,(1.,1.,1.,1.,1.,1.,1.,1.,1.,1.,1.
  ))) REPRESENTATION_ITEM('') SURFACE() );
#5390 = CARTESIAN_POINT('',(-52.51804860579,44.93566900899,
    1.068847028059E+03));
#5391 = CARTESIAN_POINT('',(-51.25306332694,44.945257021432,
    1.068835530773E+03));
#5392 = CARTESIAN_POINT('',(-49.99506013302,44.954792112849,
    1.068824096947E+03));
#5393 = CARTESIAN_POINT('',(-48.74403902404,44.964274283242,
    1.06881272658E+03));
#5394 = CARTESIAN_POINT('',(-23.75,45.153717718788,1.068585559034E+03));
#5395 = CARTESIAN_POINT('',(1.7763568394E-14,45.333051131753,
    1.068362431523E+03));
#5396 = CARTESIAN_POINT('',(23.75,45.511373589054,1.068132112848E+03));
#5397 = CARTESIAN_POINT('',(48.754502515332,45.697723744065,
    1.067882218522E+03));
#5398 = CARTESIAN_POINT('',(50.009005030663,45.707073129763,
    1.067869681057E+03));
#5399 = CARTESIAN_POINT('',(51.263507545995,45.71642251546,
    1.067857143593E+03));
#5400 = CARTESIAN_POINT('',(52.518010061326,45.725771901158,
    1.067844606129E+03));
#5401 = CARTESIAN_POINT('',(-52.51839977533,31.666228067138,
    1.070258534979E+03));
#5402 = CARTESIAN_POINT('',(-51.25158473603,31.666228067138,
    1.070258914046E+03));
#5403 = CARTESIAN_POINT('',(-49.99365263565,31.666228067138,
    1.070259290456E+03));
#5404 = CARTESIAN_POINT('',(-48.74349073518,31.666228067138,
    1.07025966454E+03));
#5405 = CARTESIAN_POINT('',(-23.54838104745,31.666228067138,
    1.070267203636E+03));
#5406 = CARTESIAN_POINT('',(0.27417699207,31.666228067138,
    1.070274907405E+03));
#5407 = CARTESIAN_POINT('',(23.958802920709,31.666228067138,
    1.07028315392E+03));
#5408 = CARTESIAN_POINT('',(48.755090533849,31.666228067138,
    1.070292407724E+03));
#5409 = CARTESIAN_POINT('',(50.010638297198,31.666228067138,
    1.070292876286E+03));
#5410 = CARTESIAN_POINT('',(51.265466487457,31.666228067138,
    1.070293344579E+03));
#5411 = CARTESIAN_POINT('',(52.518399650536,31.666228067138,
    1.070293812165E+03));
#5412 = CARTESIAN_POINT('',(-52.51822889147,31.666228067138,
    1.056914302127E+03));
#5413 = CARTESIAN_POINT('',(-51.25315346978,31.666228067138,
    1.056903855028E+03));
#5414 = CARTESIAN_POINT('',(-49.99509018064,31.666228067138,
    1.056893465836E+03));
#5415 = CARTESIAN_POINT('',(-48.74403902404,31.666228067138,
    1.05688313455E+03));
#5416 = CARTESIAN_POINT('',(-23.75,31.666228067138,1.056676731679E+03));
#5417 = CARTESIAN_POINT('',(3.552713678801E-14,31.666228067138,
    1.056476926403E+03));
#5418 = CARTESIAN_POINT('',(23.75,31.666228067138,1.056273458501E+03));
#5419 = CARTESIAN_POINT('',(48.754502515332,31.666228067138,
    1.056055422029E+03));
#5420 = CARTESIAN_POINT('',(50.00903822381,31.666228067138,
    1.056044482618E+03));
#5421 = CARTESIAN_POINT('',(51.263607125436,31.666228067138,
    1.056033542917E+03));
#5422 = CARTESIAN_POINT('',(52.518209220209,31.666228067138,
    1.056022602927E+03));
#5423 = DEFINITIONAL_REPRESENTATION('',(#5424),#5467);
#5424 = B_SPLINE_CURVE_WITH_KNOTS('',6,(#5425,#5426,#5427,#5428,#5429,
    #5430,#5431,#5432,#5433,#5434,#5435,#5436,#5437,#5438,#5439,#5440,
    #5441,#5442,#5443,#5444,#5445,#5446,#5447,#5448,#5449,#5450,#5451,
    #5452,#5453,#5454,#5455,#5456,#5457,#5458,#5459,#5460,#5461,#5462,
    #5463,#5464,#5465,#5466),.UNSPECIFIED.,.F.,.F.,(7,5,5,5,5,5,5,5,7),(
    0.,0.125751635315,0.251616166841,0.377856973763,0.504061149758,
    0.629071527225,0.753088875328,0.876411622524,1.),.UNSPECIFIED.);
#5425 = CARTESIAN_POINT('',(94.999999977431,81.708263303364));
#5426 = CARTESIAN_POINT('',(93.090915295234,82.079109872673));
#5427 = CARTESIAN_POINT('',(91.184952387787,82.455733018053));
#5428 = CARTESIAN_POINT('',(89.282014470463,82.837389305981));
#5429 = CARTESIAN_POINT('',(87.381956118552,83.223204907943));
#5430 = CARTESIAN_POINT('',(85.48458399006,83.612183609938));
#5431 = CARTESIAN_POINT('',(81.693029896354,84.394597090654));
#5432 = CARTESIAN_POINT('',(79.798854973367,84.788034872464));
#5433 = CARTESIAN_POINT('',(77.906889204533,85.182417751526));
#5434 = CARTESIAN_POINT('',(76.016850540627,85.576517433496));
#5435 = CARTESIAN_POINT('',(74.128424588911,85.969014653916));
#5436 = CARTESIAN_POINT('',(70.34847520167,86.749201974094));
#5437 = CARTESIAN_POINT('',(68.456964912153,87.136873096667));
#5438 = CARTESIAN_POINT('',(66.566396763405,87.520146670623));
#5439 = CARTESIAN_POINT('',(64.676421005494,87.897561454575));
#5440 = CARTESIAN_POINT('',(62.786694069026,88.267635727798));
#5441 = CARTESIAN_POINT('',(59.007637057018,88.99008997801));
#5442 = CARTESIAN_POINT('',(57.118310367106,89.342474665879));
#5443 = CARTESIAN_POINT('',(55.228593716526,89.684616600588));
#5444 = CARTESIAN_POINT('',(53.338202006881,90.015091028811));
#5445 = CARTESIAN_POINT('',(51.446899670634,90.332559783593));
#5446 = CARTESIAN_POINT('',(47.680036274415,90.93623128943));
#5447 = CARTESIAN_POINT('',(45.804490741538,91.222702109741));
#5448 = CARTESIAN_POINT('',(43.927727012355,91.494081130354));
#5449 = CARTESIAN_POINT('',(42.049639226094,91.749348455964));
#5450 = CARTESIAN_POINT('',(40.170185415778,91.987679951049));
#5451 = CARTESIAN_POINT('',(36.423556515275,92.427513269049));
#5452 = CARTESIAN_POINT('',(34.55638959421,92.629294108126));
#5453 = CARTESIAN_POINT('',(32.687939824359,92.813227029071));
#5454 = CARTESIAN_POINT('',(30.818275486534,92.978943271433));
#5455 = CARTESIAN_POINT('',(28.947504665138,93.126312204778));
#5456 = CARTESIAN_POINT('',(25.214539450253,93.383805462248));
#5457 = CARTESIAN_POINT('',(23.352341999241,93.494134737632));
#5458 = CARTESIAN_POINT('',(21.489334389945,93.586493004598));
#5459 = CARTESIAN_POINT('',(19.625658278552,93.661181384085));
#5460 = CARTESIAN_POINT('',(17.761456857178,93.71868915239));
#5461 = CARTESIAN_POINT('',(14.02827765239,93.800689676401));
#5462 = CARTESIAN_POINT('',(12.159290717861,93.825111173442));
#5463 = CARTESIAN_POINT('',(10.290051784993,93.833543251787));
#5464 = CARTESIAN_POINT('',(8.420675515643,93.826760442994));
#5465 = CARTESIAN_POINT('',(6.551255208934,93.805629900225));
#5466 = CARTESIAN_POINT('',(4.68186400847,93.771062943196));
#5467 = ( GEOMETRIC_REPRESENTATION_CONTEXT(2) 
PARAMETRIC_REPRESENTATION_CONTEXT() REPRESENTATION_CONTEXT('2D SPACE',''
  ) );
#5468 = ORIENTED_EDGE('',*,*,#5469,.T.);
#5469 = EDGE_CURVE('',#5296,#4626,#5470,.T.);
#5470 = SURFACE_CURVE('',#5471,(#5483,#5490),.PCURVE_S1.);
#5471 = B_SPLINE_CURVE_WITH_KNOTS('',4,(#5472,#5473,#5474,#5475,#5476,
    #5477,#5478,#5479,#5480,#5481,#5482),.UNSPECIFIED.,.F.,.F.,(5,3,3,5)
  ,(-5.5645036539,8.291249637397E-13,115.,120.62979427302),
  .UNSPECIFIED.);
#5472 = CARTESIAN_POINT('',(46.352528816424,44.697719329815,
    1.075909877233E+03));
#5473 = CARTESIAN_POINT('',(46.337821564297,44.710376222131,
    1.07448606453E+03));
#5474 = CARTESIAN_POINT('',(46.323226858073,44.722936258736,
    1.073073147423E+03));
#5475 = CARTESIAN_POINT('',(46.30874469775,44.73539943963,
    1.071671125913E+03));
#5476 = CARTESIAN_POINT('',(45.997402386181,45.003337058227,1.04153E+03)
  );
#5477 = CARTESIAN_POINT('',(45.685811512038,45.257817784049,1.01278E+03)
  );
#5478 = CARTESIAN_POINT('',(45.359774743996,45.510262199483,984.03));
#5479 = CARTESIAN_POINT('',(45.003127087036,45.772023015088,
    953.87255143174));
#5480 = CARTESIAN_POINT('',(44.98648233564,45.784239396203,
    952.46510286349));
#5481 = CARTESIAN_POINT('',(44.969837584244,45.796455777317,
    951.05765429523));
#5482 = CARTESIAN_POINT('',(44.953192832848,45.808672158431,
    949.65020572698));
#5483 = PCURVE('',#4259,#5484);
#5484 = DEFINITIONAL_REPRESENTATION('',(#5485),#5489);
#5485 = LINE('',#5486,#5487);
#5486 = CARTESIAN_POINT('',(115.,0.));
#5487 = VECTOR('',#5488,1.);
#5488 = DIRECTION('',(0.,1.));
#5489 = ( GEOMETRIC_REPRESENTATION_CONTEXT(2) 
PARAMETRIC_REPRESENTATION_CONTEXT() REPRESENTATION_CONTEXT('2D SPACE',''
  ) );
#5490 = PCURVE('',#4640,#5491);
#5491 = DEFINITIONAL_REPRESENTATION('',(#5492),#5509);
#5492 = B_SPLINE_CURVE_WITH_KNOTS('',8,(#5493,#5494,#5495,#5496,#5497,
    #5498,#5499,#5500,#5501,#5502,#5503,#5504,#5505,#5506,#5507,#5508),
  .UNSPECIFIED.,.F.,.F.,(9,7,9),(2.253593798985,57.834435861955,
    113.41527792492),.UNSPECIFIED.);
#5493 = CARTESIAN_POINT('',(3.684132076588E-02,6.4433803644E-02));
#5494 = CARTESIAN_POINT('',(7.204135296681,6.473746464894E-02));
#5495 = CARTESIAN_POINT('',(14.374000670012,6.504084807847E-02));
#5496 = CARTESIAN_POINT('',(21.546435245392,6.534391644801E-02));
#5497 = CARTESIAN_POINT('',(28.721438431333,6.564663269212E-02));
#5498 = CARTESIAN_POINT('',(35.899006664498,6.594895997082E-02));
#5499 = CARTESIAN_POINT('',(43.079135390026,6.625086175342E-02));
#5500 = CARTESIAN_POINT('',(50.261821164137,6.655230190733E-02));
#5501 = CARTESIAN_POINT('',(64.632293727367,6.715418713369E-02));
#5502 = CARTESIAN_POINT('',(71.820080480403,6.745463220477E-02));
#5503 = CARTESIAN_POINT('',(79.010414819404,6.775454397439E-02));
#5504 = CARTESIAN_POINT('',(86.203283281371,6.805388659342E-02));
#5505 = CARTESIAN_POINT('',(93.398688930903,6.835262525102E-02));
#5506 = CARTESIAN_POINT('',(100.59661347492,6.865072459932E-02));
#5507 = CARTESIAN_POINT('',(107.79705469019,6.8948150308E-02));
#5508 = CARTESIAN_POINT('',(115.,6.924486796794E-02));
#5509 = ( GEOMETRIC_REPRESENTATION_CONTEXT(2) 
PARAMETRIC_REPRESENTATION_CONTEXT() REPRESENTATION_CONTEXT('2D SPACE',''
  ) );
#5510 = ORIENTED_EDGE('',*,*,#4652,.F.);
#5511 = ADVANCED_FACE('',(#5512),#4640,.T.);
#5512 = FACE_BOUND('',#5513,.T.);
#5513 = EDGE_LOOP('',(#5514,#5515,#5542,#5569,#5596));
#5514 = ORIENTED_EDGE('',*,*,#4625,.T.);
#5515 = ORIENTED_EDGE('',*,*,#5516,.F.);
#5516 = EDGE_CURVE('',#5517,#4599,#5519,.T.);
#5517 = VERTEX_POINT('',#5518);
#5518 = CARTESIAN_POINT('',(28.43241741755,235.,1.035858077038E+03));
#5519 = SURFACE_CURVE('',#5520,(#5524,#5530),.PCURVE_S1.);
#5520 = LINE('',#5521,#5522);
#5521 = CARTESIAN_POINT('',(28.43241741755,235.,1.035858077038E+03));
#5522 = VECTOR('',#5523,1.);
#5523 = DIRECTION('',(-0.274670324175,0.,-0.961538461538));
#5524 = PCURVE('',#4640,#5525);
#5525 = DEFINITIONAL_REPRESENTATION('',(#5526),#5529);
#5526 = B_SPLINE_CURVE_WITH_KNOTS('',1,(#5527,#5528),.UNSPECIFIED.,.F.,
  .F.,(2,2),(0.,60.),.PIECEWISE_BEZIER_KNOTS.);
#5527 = CARTESIAN_POINT('',(0.,1.));
#5528 = CARTESIAN_POINT('',(115.,1.));
#5529 = ( GEOMETRIC_REPRESENTATION_CONTEXT(2) 
PARAMETRIC_REPRESENTATION_CONTEXT() REPRESENTATION_CONTEXT('2D SPACE',''
  ) );
#5530 = PCURVE('',#5531,#5536);
#5531 = PLANE('',#5532);
#5532 = AXIS2_PLACEMENT_3D('',#5533,#5534,#5535);
#5533 = CARTESIAN_POINT('',(28.43241741755,235.,1.035858077038E+03));
#5534 = DIRECTION('',(-0.961538461538,0.,0.274670324175));
#5535 = DIRECTION('',(-0.274670324175,0.,-0.961538461538));
#5536 = DEFINITIONAL_REPRESENTATION('',(#5537),#5541);
#5537 = LINE('',#5538,#5539);
#5538 = CARTESIAN_POINT('',(0.,0.));
#5539 = VECTOR('',#5540,1.);
#5540 = DIRECTION('',(1.,0.));
#5541 = ( GEOMETRIC_REPRESENTATION_CONTEXT(2) 
PARAMETRIC_REPRESENTATION_CONTEXT() REPRESENTATION_CONTEXT('2D SPACE',''
  ) );
#5542 = ORIENTED_EDGE('',*,*,#5543,.F.);
#5543 = EDGE_CURVE('',#5544,#5517,#5546,.T.);
#5544 = VERTEX_POINT('',#5545);
#5545 = CARTESIAN_POINT('',(46.185994583237,45.678580004004,
    1.06790788004E+03));
#5546 = SURFACE_CURVE('',#5547,(#5550,#5557),.PCURVE_S1.);
#5547 = B_SPLINE_CURVE_WITH_KNOTS('',1,(#5548,#5549),.UNSPECIFIED.,.F.,
  .F.,(2,2),(0.,1.),.PIECEWISE_BEZIER_KNOTS.);
#5548 = CARTESIAN_POINT('',(47.5,31.666228067138,1.07028E+03));
#5549 = CARTESIAN_POINT('',(28.43241741755,235.,1.035858077038E+03));
#5550 = PCURVE('',#4640,#5551);
#5551 = DEFINITIONAL_REPRESENTATION('',(#5552),#5556);
#5552 = LINE('',#5553,#5554);
#5553 = CARTESIAN_POINT('',(0.,0.));
#5554 = VECTOR('',#5555,1.);
#5555 = DIRECTION('',(0.,1.));
#5556 = ( GEOMETRIC_REPRESENTATION_CONTEXT(2) 
PARAMETRIC_REPRESENTATION_CONTEXT() REPRESENTATION_CONTEXT('2D SPACE',''
  ) );
#5557 = PCURVE('',#5558,#5563);
#5558 = B_SPLINE_SURFACE_WITH_KNOTS('',1,1,(
    (#5559,#5560)
    ,(#5561,#5562
    )),.UNSPECIFIED.,.F.,.F.,.F.,(2,2),(2,2),(0.,95.),(0.,1.),
  .PIECEWISE_BEZIER_KNOTS.);
#5559 = CARTESIAN_POINT('',(-47.5,31.666228067138,1.07028E+03));
#5560 = CARTESIAN_POINT('',(-11.95219796706,235.,1.047394230654E+03));
#5561 = CARTESIAN_POINT('',(47.5,31.666228067138,1.07028E+03));
#5562 = CARTESIAN_POINT('',(28.43241741755,235.,1.035858077038E+03));
#5563 = DEFINITIONAL_REPRESENTATION('',(#5564),#5568);
#5564 = LINE('',#5565,#5566);
#5565 = CARTESIAN_POINT('',(95.,0.));
#5566 = VECTOR('',#5567,1.);
#5567 = DIRECTION('',(0.,1.));
#5568 = ( GEOMETRIC_REPRESENTATION_CONTEXT(2) 
PARAMETRIC_REPRESENTATION_CONTEXT() REPRESENTATION_CONTEXT('2D SPACE',''
  ) );
#5569 = ORIENTED_EDGE('',*,*,#5570,.F.);
#5570 = EDGE_CURVE('',#5296,#5544,#5571,.T.);
#5571 = SURFACE_CURVE('',#5572,(#5578,#5587),.PCURVE_S1.);
#5572 = B_SPLINE_CURVE_WITH_KNOTS('',4,(#5573,#5574,#5575,#5576,#5577),
  .UNSPECIFIED.,.F.,.F.,(5,5),(0.,1.),.PIECEWISE_BEZIER_KNOTS.);
#5573 = CARTESIAN_POINT('',(46.271062943773,44.767796402024,
    1.068026406201E+03));
#5574 = CARTESIAN_POINT('',(46.249436476122,45.000193299299,
    1.068005170773E+03));
#5575 = CARTESIAN_POINT('',(46.228036459194,45.229624372734,
    1.067978128936E+03));
#5576 = CARTESIAN_POINT('',(46.206884815247,45.455809689584,
    1.067945591517E+03));
#5577 = CARTESIAN_POINT('',(46.185998531984,45.678537895175,
    1.067907887169E+03));
#5578 = PCURVE('',#4640,#5579);
#5579 = DEFINITIONAL_REPRESENTATION('',(#5580),#5586);
#5580 = B_SPLINE_CURVE_WITH_KNOTS('',4,(#5581,#5582,#5583,#5584,#5585),
  .UNSPECIFIED.,.F.,.F.,(5,5),(0.,1.),.PIECEWISE_BEZIER_KNOTS.);
#5581 = CARTESIAN_POINT('',(3.684131733863E-02,6.443380364385E-02));
#5582 = CARTESIAN_POINT('',(1.815579701787E-02,6.557673673886E-02));
#5583 = CARTESIAN_POINT('',(5.958435013859E-03,6.670508384645E-02));
#5584 = CARTESIAN_POINT('',(8.446682458899E-07,6.781746825116E-02));
#5585 = CARTESIAN_POINT('',(0.,6.891285050603E-02));
#5586 = ( GEOMETRIC_REPRESENTATION_CONTEXT(2) 
PARAMETRIC_REPRESENTATION_CONTEXT() REPRESENTATION_CONTEXT('2D SPACE',''
  ) );
#5587 = PCURVE('',#5389,#5588);
#5588 = DEFINITIONAL_REPRESENTATION('',(#5589),#5595);
#5589 = B_SPLINE_CURVE_WITH_KNOTS('',4,(#5590,#5591,#5592,#5593,#5594),
  .UNSPECIFIED.,.F.,.F.,(5,5),(0.,1.),.PIECEWISE_BEZIER_KNOTS.);
#5590 = CARTESIAN_POINT('',(4.681864006947,93.771062944156));
#5591 = CARTESIAN_POINT('',(3.512298270256,93.749436476424));
#5592 = CARTESIAN_POINT('',(2.34213567499,93.728036459405));
#5593 = CARTESIAN_POINT('',(1.171430203613,93.706884815357));
#5594 = CARTESIAN_POINT('',(2.214264307665E-04,93.685998531984));
#5595 = ( GEOMETRIC_REPRESENTATION_CONTEXT(2) 
PARAMETRIC_REPRESENTATION_CONTEXT() REPRESENTATION_CONTEXT('2D SPACE',''
  ) );
#5596 = ORIENTED_EDGE('',*,*,#5469,.T.);
#5597 = ADVANCED_FACE('',(#5598),#4613,.F.);
#5598 = FACE_BOUND('',#5599,.F.);
#5599 = EDGE_LOOP('',(#5600,#5601,#5624,#5652,#5678));
#5600 = ORIENTED_EDGE('',*,*,#4598,.F.);
#5601 = ORIENTED_EDGE('',*,*,#5602,.T.);
#5602 = EDGE_CURVE('',#4599,#5603,#5605,.T.);
#5603 = VERTEX_POINT('',#5604);
#5604 = CARTESIAN_POINT('',(11.952197967066,290.,978.16576934617));
#5605 = SURFACE_CURVE('',#5606,(#5610,#5617),.PCURVE_S1.);
#5606 = LINE('',#5607,#5608);
#5607 = CARTESIAN_POINT('',(11.952197967066,235.,978.16576934617));
#5608 = VECTOR('',#5609,1.);
#5609 = DIRECTION('',(0.,1.,0.));
#5610 = PCURVE('',#4613,#5611);
#5611 = DEFINITIONAL_REPRESENTATION('',(#5612),#5616);
#5612 = LINE('',#5613,#5614);
#5613 = CARTESIAN_POINT('',(0.,0.));
#5614 = VECTOR('',#5615,1.);
#5615 = DIRECTION('',(0.,-1.));
#5616 = ( GEOMETRIC_REPRESENTATION_CONTEXT(2) 
PARAMETRIC_REPRESENTATION_CONTEXT() REPRESENTATION_CONTEXT('2D SPACE',''
  ) );
#5617 = PCURVE('',#5531,#5618);
#5618 = DEFINITIONAL_REPRESENTATION('',(#5619),#5623);
#5619 = LINE('',#5620,#5621);
#5620 = CARTESIAN_POINT('',(60.,0.));
#5621 = VECTOR('',#5622,1.);
#5622 = DIRECTION('',(0.,-1.));
#5623 = ( GEOMETRIC_REPRESENTATION_CONTEXT(2) 
PARAMETRIC_REPRESENTATION_CONTEXT() REPRESENTATION_CONTEXT('2D SPACE',''
  ) );
#5624 = ORIENTED_EDGE('',*,*,#5625,.T.);
#5625 = EDGE_CURVE('',#5603,#5626,#5628,.T.);
#5626 = VERTEX_POINT('',#5627);
#5627 = CARTESIAN_POINT('',(2.336813351681,290.,980.91247258792));
#5628 = SURFACE_CURVE('',#5629,(#5633,#5640),.PCURVE_S1.);
#5629 = LINE('',#5630,#5631);
#5630 = CARTESIAN_POINT('',(11.952197967066,290.,978.16576934617));
#5631 = VECTOR('',#5632,1.);
#5632 = DIRECTION('',(-0.961538461538,0.,0.274670324175));
#5633 = PCURVE('',#4613,#5634);
#5634 = DEFINITIONAL_REPRESENTATION('',(#5635),#5639);
#5635 = LINE('',#5636,#5637);
#5636 = CARTESIAN_POINT('',(0.,-55.));
#5637 = VECTOR('',#5638,1.);
#5638 = DIRECTION('',(1.,0.));
#5639 = ( GEOMETRIC_REPRESENTATION_CONTEXT(2) 
PARAMETRIC_REPRESENTATION_CONTEXT() REPRESENTATION_CONTEXT('2D SPACE',''
  ) );
#5640 = PCURVE('',#5641,#5646);
#5641 = PLANE('',#5642);
#5642 = AXIS2_PLACEMENT_3D('',#5643,#5644,#5645);
#5643 = CARTESIAN_POINT('',(5.767935149111E-14,290.,1.01278E+03));
#5644 = DIRECTION('',(0.,1.,0.));
#5645 = DIRECTION('',(0.,-0.,1.));
#5646 = DEFINITIONAL_REPRESENTATION('',(#5647),#5651);
#5647 = LINE('',#5648,#5649);
#5648 = CARTESIAN_POINT('',(-34.61423065382,11.952197967066));
#5649 = VECTOR('',#5650,1.);
#5650 = DIRECTION('',(0.274670324175,-0.961538461538));
#5651 = ( GEOMETRIC_REPRESENTATION_CONTEXT(2) 
PARAMETRIC_REPRESENTATION_CONTEXT() REPRESENTATION_CONTEXT('2D SPACE',''
  ) );
#5652 = ORIENTED_EDGE('',*,*,#5653,.T.);
#5653 = EDGE_CURVE('',#5626,#5654,#5656,.T.);
#5654 = VERTEX_POINT('',#5655);
#5655 = CARTESIAN_POINT('',(2.336813351681,246.,980.91247258792));
#5656 = SURFACE_CURVE('',#5657,(#5661,#5667),.PCURVE_S1.);
#5657 = LINE('',#5658,#5659);
#5658 = CARTESIAN_POINT('',(2.336813351681,240.5,980.91247258792));
#5659 = VECTOR('',#5660,1.);
#5660 = DIRECTION('',(-0.,-1.,0.));
#5661 = PCURVE('',#4613,#5662);
#5662 = DEFINITIONAL_REPRESENTATION('',(#5663),#5666);
#5663 = B_SPLINE_CURVE_WITH_KNOTS('',1,(#5664,#5665),.UNSPECIFIED.,.F.,
  .F.,(2,2),(-49.5,-5.5),.PIECEWISE_BEZIER_KNOTS.);
#5664 = CARTESIAN_POINT('',(10.,-55.));
#5665 = CARTESIAN_POINT('',(10.,-11.));
#5666 = ( GEOMETRIC_REPRESENTATION_CONTEXT(2) 
PARAMETRIC_REPRESENTATION_CONTEXT() REPRESENTATION_CONTEXT('2D SPACE',''
  ) );
#5667 = PCURVE('',#5668,#5673);
#5668 = PLANE('',#5669);
#5669 = AXIS2_PLACEMENT_3D('',#5670,#5671,#5672);
#5670 = CARTESIAN_POINT('',(10.576923076923,246.,1.009758626434E+03));
#5671 = DIRECTION('',(-0.961538461538,0.,0.274670324175));
#5672 = DIRECTION('',(0.,1.,0.));
#5673 = DEFINITIONAL_REPRESENTATION('',(#5674),#5677);
#5674 = B_SPLINE_CURVE_WITH_KNOTS('',1,(#5675,#5676),.UNSPECIFIED.,.F.,
  .F.,(2,2),(-49.5,-5.5),.PIECEWISE_BEZIER_KNOTS.);
#5675 = CARTESIAN_POINT('',(44.,30.));
#5676 = CARTESIAN_POINT('',(0.,30.));
#5677 = ( GEOMETRIC_REPRESENTATION_CONTEXT(2) 
PARAMETRIC_REPRESENTATION_CONTEXT() REPRESENTATION_CONTEXT('2D SPACE',''
  ) );
#5678 = ORIENTED_EDGE('',*,*,#5679,.F.);
#5679 = EDGE_CURVE('',#4572,#5654,#5680,.T.);
#5680 = SURFACE_CURVE('',#5681,(#5686,#5693),.PCURVE_S1.);
#5681 = CIRCLE('',#5682,11.);
#5682 = AXIS2_PLACEMENT_3D('',#5683,#5684,#5685);
#5683 = CARTESIAN_POINT('',(-8.240109725242,246.,983.93384615384));
#5684 = DIRECTION('',(0.274670324175,0.,0.961538461538));
#5685 = DIRECTION('',(0.961538461538,0.,-0.274670324175));
#5686 = PCURVE('',#4613,#5687);
#5687 = DEFINITIONAL_REPRESENTATION('',(#5688),#5692);
#5688 = CIRCLE('',#5689,11.);
#5689 = AXIS2_PLACEMENT_2D('',#5690,#5691);
#5690 = CARTESIAN_POINT('',(21.,-11.));
#5691 = DIRECTION('',(-1.,-0.));
#5692 = ( GEOMETRIC_REPRESENTATION_CONTEXT(2) 
PARAMETRIC_REPRESENTATION_CONTEXT() REPRESENTATION_CONTEXT('2D SPACE',''
  ) );
#5693 = PCURVE('',#5694,#5699);
#5694 = CYLINDRICAL_SURFACE('',#5695,11.);
#5695 = AXIS2_PLACEMENT_3D('',#5696,#5697,#5698);
#5696 = CARTESIAN_POINT('',(-13.73351620873,246.,964.70307692307));
#5697 = DIRECTION('',(0.274670324175,0.,0.961538461538));
#5698 = DIRECTION('',(0.961538461538,0.,-0.274670324175));
#5699 = DEFINITIONAL_REPRESENTATION('',(#5700),#5704);
#5700 = LINE('',#5701,#5702);
#5701 = CARTESIAN_POINT('',(0.,20.));
#5702 = VECTOR('',#5703,1.);
#5703 = DIRECTION('',(1.,0.));
#5704 = ( GEOMETRIC_REPRESENTATION_CONTEXT(2) 
PARAMETRIC_REPRESENTATION_CONTEXT() REPRESENTATION_CONTEXT('2D SPACE',''
  ) );
#5705 = ADVANCED_FACE('',(#5706),#4586,.F.);
#5706 = FACE_BOUND('',#5707,.F.);
#5707 = EDGE_LOOP('',(#5708,#5709,#5733,#5759,#5787));
#5708 = ORIENTED_EDGE('',*,*,#4571,.F.);
#5709 = ORIENTED_EDGE('',*,*,#5710,.F.);
#5710 = EDGE_CURVE('',#5711,#4572,#5713,.T.);
#5711 = VERTEX_POINT('',#5712);
#5712 = CARTESIAN_POINT('',(-18.81703280216,246.,986.95521971976));
#5713 = SURFACE_CURVE('',#5714,(#5719,#5726),.PCURVE_S1.);
#5714 = CIRCLE('',#5715,11.);
#5715 = AXIS2_PLACEMENT_3D('',#5716,#5717,#5718);
#5716 = CARTESIAN_POINT('',(-8.240109725242,246.,983.93384615384));
#5717 = DIRECTION('',(0.274670324175,0.,0.961538461538));
#5718 = DIRECTION('',(0.961538461538,0.,-0.274670324175));
#5719 = PCURVE('',#4586,#5720);
#5720 = DEFINITIONAL_REPRESENTATION('',(#5721),#5725);
#5721 = CIRCLE('',#5722,11.);
#5722 = AXIS2_PLACEMENT_2D('',#5723,#5724);
#5723 = CARTESIAN_POINT('',(21.,-11.));
#5724 = DIRECTION('',(-1.,-0.));
#5725 = ( GEOMETRIC_REPRESENTATION_CONTEXT(2) 
PARAMETRIC_REPRESENTATION_CONTEXT() REPRESENTATION_CONTEXT('2D SPACE',''
  ) );
#5726 = PCURVE('',#5694,#5727);
#5727 = DEFINITIONAL_REPRESENTATION('',(#5728),#5732);
#5728 = LINE('',#5729,#5730);
#5729 = CARTESIAN_POINT('',(0.,20.));
#5730 = VECTOR('',#5731,1.);
#5731 = DIRECTION('',(1.,0.));
#5732 = ( GEOMETRIC_REPRESENTATION_CONTEXT(2) 
PARAMETRIC_REPRESENTATION_CONTEXT() REPRESENTATION_CONTEXT('2D SPACE',''
  ) );
#5733 = ORIENTED_EDGE('',*,*,#5734,.T.);
#5734 = EDGE_CURVE('',#5711,#5735,#5737,.T.);
#5735 = VERTEX_POINT('',#5736);
#5736 = CARTESIAN_POINT('',(-18.81703280216,290.,986.95521971976));
#5737 = SURFACE_CURVE('',#5738,(#5742,#5748),.PCURVE_S1.);
#5738 = LINE('',#5739,#5740);
#5739 = CARTESIAN_POINT('',(-18.81703280216,265.,986.95521971976));
#5740 = VECTOR('',#5741,1.);
#5741 = DIRECTION('',(0.,1.,0.));
#5742 = PCURVE('',#4586,#5743);
#5743 = DEFINITIONAL_REPRESENTATION('',(#5744),#5747);
#5744 = B_SPLINE_CURVE_WITH_KNOTS('',1,(#5745,#5746),.UNSPECIFIED.,.F.,
  .F.,(2,2),(-19.,25.),.PIECEWISE_BEZIER_KNOTS.);
#5745 = CARTESIAN_POINT('',(32.,-11.));
#5746 = CARTESIAN_POINT('',(32.,-55.));
#5747 = ( GEOMETRIC_REPRESENTATION_CONTEXT(2) 
PARAMETRIC_REPRESENTATION_CONTEXT() REPRESENTATION_CONTEXT('2D SPACE',''
  ) );
#5748 = PCURVE('',#5749,#5754);
#5749 = PLANE('',#5750);
#5750 = AXIS2_PLACEMENT_3D('',#5751,#5752,#5753);
#5751 = CARTESIAN_POINT('',(-10.57692307692,295.,1.015801373566E+03));
#5752 = DIRECTION('',(0.961538461538,0.,-0.274670324175));
#5753 = DIRECTION('',(0.,-1.,0.));
#5754 = DEFINITIONAL_REPRESENTATION('',(#5755),#5758);
#5755 = B_SPLINE_CURVE_WITH_KNOTS('',1,(#5756,#5757),.UNSPECIFIED.,.F.,
  .F.,(2,2),(-19.,25.),.PIECEWISE_BEZIER_KNOTS.);
#5756 = CARTESIAN_POINT('',(49.,30.));
#5757 = CARTESIAN_POINT('',(5.,30.));
#5758 = ( GEOMETRIC_REPRESENTATION_CONTEXT(2) 
PARAMETRIC_REPRESENTATION_CONTEXT() REPRESENTATION_CONTEXT('2D SPACE',''
  ) );
#5759 = ORIENTED_EDGE('',*,*,#5760,.T.);
#5760 = EDGE_CURVE('',#5735,#5761,#5763,.T.);
#5761 = VERTEX_POINT('',#5762);
#5762 = CARTESIAN_POINT('',(-28.43241741754,290.,989.70192296151));
#5763 = SURFACE_CURVE('',#5764,(#5768,#5775),.PCURVE_S1.);
#5764 = LINE('',#5765,#5766);
#5765 = CARTESIAN_POINT('',(11.952197967066,290.,978.16576934617));
#5766 = VECTOR('',#5767,1.);
#5767 = DIRECTION('',(-0.961538461538,0.,0.274670324175));
#5768 = PCURVE('',#4586,#5769);
#5769 = DEFINITIONAL_REPRESENTATION('',(#5770),#5774);
#5770 = LINE('',#5771,#5772);
#5771 = CARTESIAN_POINT('',(0.,-55.));
#5772 = VECTOR('',#5773,1.);
#5773 = DIRECTION('',(1.,0.));
#5774 = ( GEOMETRIC_REPRESENTATION_CONTEXT(2) 
PARAMETRIC_REPRESENTATION_CONTEXT() REPRESENTATION_CONTEXT('2D SPACE',''
  ) );
#5775 = PCURVE('',#5776,#5781);
#5776 = PLANE('',#5777);
#5777 = AXIS2_PLACEMENT_3D('',#5778,#5779,#5780);
#5778 = CARTESIAN_POINT('',(5.767935149111E-14,290.,1.01278E+03));
#5779 = DIRECTION('',(0.,1.,0.));
#5780 = DIRECTION('',(0.,-0.,1.));
#5781 = DEFINITIONAL_REPRESENTATION('',(#5782),#5786);
#5782 = LINE('',#5783,#5784);
#5783 = CARTESIAN_POINT('',(-34.61423065382,11.952197967066));
#5784 = VECTOR('',#5785,1.);
#5785 = DIRECTION('',(0.274670324175,-0.961538461538));
#5786 = ( GEOMETRIC_REPRESENTATION_CONTEXT(2) 
PARAMETRIC_REPRESENTATION_CONTEXT() REPRESENTATION_CONTEXT('2D SPACE',''
  ) );
#5787 = ORIENTED_EDGE('',*,*,#5788,.F.);
#5788 = EDGE_CURVE('',#4545,#5761,#5789,.T.);
#5789 = SURFACE_CURVE('',#5790,(#5794,#5801),.PCURVE_S1.);
#5790 = LINE('',#5791,#5792);
#5791 = CARTESIAN_POINT('',(-28.43241741754,235.,989.70192296151));
#5792 = VECTOR('',#5793,1.);
#5793 = DIRECTION('',(0.,1.,0.));
#5794 = PCURVE('',#4586,#5795);
#5795 = DEFINITIONAL_REPRESENTATION('',(#5796),#5800);
#5796 = LINE('',#5797,#5798);
#5797 = CARTESIAN_POINT('',(42.,0.));
#5798 = VECTOR('',#5799,1.);
#5799 = DIRECTION('',(0.,-1.));
#5800 = ( GEOMETRIC_REPRESENTATION_CONTEXT(2) 
PARAMETRIC_REPRESENTATION_CONTEXT() REPRESENTATION_CONTEXT('2D SPACE',''
  ) );
#5801 = PCURVE('',#5802,#5807);
#5802 = PLANE('',#5803);
#5803 = AXIS2_PLACEMENT_3D('',#5804,#5805,#5806);
#5804 = CARTESIAN_POINT('',(-28.43241741754,235.,989.70192296151));
#5805 = DIRECTION('',(0.961538461538,0.,-0.274670324175));
#5806 = DIRECTION('',(0.274670324175,0.,0.961538461538));
#5807 = DEFINITIONAL_REPRESENTATION('',(#5808),#5812);
#5808 = LINE('',#5809,#5810);
#5809 = CARTESIAN_POINT('',(0.,0.));
#5810 = VECTOR('',#5811,1.);
#5811 = DIRECTION('',(0.,-1.));
#5812 = ( GEOMETRIC_REPRESENTATION_CONTEXT(2) 
PARAMETRIC_REPRESENTATION_CONTEXT() REPRESENTATION_CONTEXT('2D SPACE',''
  ) );
#5813 = ADVANCED_FACE('',(#5814),#4559,.T.);
#5814 = FACE_BOUND('',#5815,.T.);
#5815 = EDGE_LOOP('',(#5816,#5840,#5860,#5861,#5862));
#5816 = ORIENTED_EDGE('',*,*,#5817,.T.);
#5817 = EDGE_CURVE('',#5818,#5820,#5822,.T.);
#5818 = VERTEX_POINT('',#5819);
#5819 = CARTESIAN_POINT('',(-45.03849714137,45.746048259799,
    1.068695277923E+03));
#5820 = VERTEX_POINT('',#5821);
#5821 = CARTESIAN_POINT('',(-11.95219796706,235.,1.047394230654E+03));
#5822 = SURFACE_CURVE('',#5823,(#5826,#5833),.PCURVE_S1.);
#5823 = B_SPLINE_CURVE_WITH_KNOTS('',1,(#5824,#5825),.UNSPECIFIED.,.F.,
  .F.,(2,2),(0.,1.),.PIECEWISE_BEZIER_KNOTS.);
#5824 = CARTESIAN_POINT('',(-47.5,31.666228067138,1.07028E+03));
#5825 = CARTESIAN_POINT('',(-11.95219796706,235.,1.047394230654E+03));
#5826 = PCURVE('',#4559,#5827);
#5827 = DEFINITIONAL_REPRESENTATION('',(#5828),#5832);
#5828 = LINE('',#5829,#5830);
#5829 = CARTESIAN_POINT('',(115.,0.));
#5830 = VECTOR('',#5831,1.);
#5831 = DIRECTION('',(0.,1.));
#5832 = ( GEOMETRIC_REPRESENTATION_CONTEXT(2) 
PARAMETRIC_REPRESENTATION_CONTEXT() REPRESENTATION_CONTEXT('2D SPACE',''
  ) );
#5833 = PCURVE('',#5558,#5834);
#5834 = DEFINITIONAL_REPRESENTATION('',(#5835),#5839);
#5835 = LINE('',#5836,#5837);
#5836 = CARTESIAN_POINT('',(0.,0.));
#5837 = VECTOR('',#5838,1.);
#5838 = DIRECTION('',(0.,1.));
#5839 = ( GEOMETRIC_REPRESENTATION_CONTEXT(2) 
PARAMETRIC_REPRESENTATION_CONTEXT() REPRESENTATION_CONTEXT('2D SPACE',''
  ) );
#5840 = ORIENTED_EDGE('',*,*,#5841,.F.);
#5841 = EDGE_CURVE('',#4545,#5820,#5842,.T.);
#5842 = SURFACE_CURVE('',#5843,(#5847,#5853),.PCURVE_S1.);
#5843 = LINE('',#5844,#5845);
#5844 = CARTESIAN_POINT('',(-28.43241741754,235.,989.70192296151));
#5845 = VECTOR('',#5846,1.);
#5846 = DIRECTION('',(0.274670324175,0.,0.961538461538));
#5847 = PCURVE('',#4559,#5848);
#5848 = DEFINITIONAL_REPRESENTATION('',(#5849),#5852);
#5849 = B_SPLINE_CURVE_WITH_KNOTS('',1,(#5850,#5851),.UNSPECIFIED.,.F.,
  .F.,(2,2),(0.,60.),.PIECEWISE_BEZIER_KNOTS.);
#5850 = CARTESIAN_POINT('',(0.,1.));
#5851 = CARTESIAN_POINT('',(115.,1.));
#5852 = ( GEOMETRIC_REPRESENTATION_CONTEXT(2) 
PARAMETRIC_REPRESENTATION_CONTEXT() REPRESENTATION_CONTEXT('2D SPACE',''
  ) );
#5853 = PCURVE('',#5802,#5854);
#5854 = DEFINITIONAL_REPRESENTATION('',(#5855),#5859);
#5855 = LINE('',#5856,#5857);
#5856 = CARTESIAN_POINT('',(0.,0.));
#5857 = VECTOR('',#5858,1.);
#5858 = DIRECTION('',(1.,0.));
#5859 = ( GEOMETRIC_REPRESENTATION_CONTEXT(2) 
PARAMETRIC_REPRESENTATION_CONTEXT() REPRESENTATION_CONTEXT('2D SPACE',''
  ) );
#5860 = ORIENTED_EDGE('',*,*,#4544,.F.);
#5861 = ORIENTED_EDGE('',*,*,#4913,.F.);
#5862 = ORIENTED_EDGE('',*,*,#5863,.T.);
#5863 = EDGE_CURVE('',#4687,#5818,#5864,.T.);
#5864 = SURFACE_CURVE('',#5865,(#5877,#5897),.PCURVE_S1.);
#5865 = B_SPLINE_CURVE_WITH_KNOTS('',4,(#5866,#5867,#5868,#5869,#5870,
    #5871,#5872,#5873,#5874,#5875,#5876),.UNSPECIFIED.,.F.,.F.,(5,3,3,5)
  ,(-5.5645036539,5.267238732679E-13,115.,120.62979427302),
  .UNSPECIFIED.);
#5866 = CARTESIAN_POINT('',(-46.35252881642,44.697719329815,
    949.65012276708));
#5867 = CARTESIAN_POINT('',(-46.33782156429,44.710376222131,
    951.07393547006));
#5868 = CARTESIAN_POINT('',(-46.32322685807,44.722936258736,
    952.48685257654));
#5869 = CARTESIAN_POINT('',(-46.30874469775,44.73539943963,
    953.88887408652));
#5870 = CARTESIAN_POINT('',(-45.99740238618,45.003337058227,
    984.02999999999));
#5871 = CARTESIAN_POINT('',(-45.68581151203,45.257817784049,1.01278E+03)
  );
#5872 = CARTESIAN_POINT('',(-45.35977474399,45.510262199483,1.04153E+03)
  );
#5873 = CARTESIAN_POINT('',(-45.00312708703,45.772023015088,
    1.071687448568E+03));
#5874 = CARTESIAN_POINT('',(-44.98648233564,45.784239396203,
    1.073094897137E+03));
#5875 = CARTESIAN_POINT('',(-44.96983758424,45.796455777317,
    1.074502345705E+03));
#5876 = CARTESIAN_POINT('',(-44.95319283284,45.808672158431,
    1.075909794273E+03));
#5877 = PCURVE('',#4559,#5878);
#5878 = DEFINITIONAL_REPRESENTATION('',(#5879),#5896);
#5879 = B_SPLINE_CURVE_WITH_KNOTS('',8,(#5880,#5881,#5882,#5883,#5884,
    #5885,#5886,#5887,#5888,#5889,#5890,#5891,#5892,#5893,#5894,#5895),
  .UNSPECIFIED.,.F.,.F.,(9,7,9),(2.253593798984,57.834435861955,
    113.41527792492),.UNSPECIFIED.);
#5880 = CARTESIAN_POINT('',(3.684132076516E-02,6.4433803644E-02));
#5881 = CARTESIAN_POINT('',(7.20413529668,6.473746464894E-02));
#5882 = CARTESIAN_POINT('',(14.374000670012,6.504084807847E-02));
#5883 = CARTESIAN_POINT('',(21.54643524539,6.534391644801E-02));
#5884 = CARTESIAN_POINT('',(28.721438431334,6.564663269213E-02));
#5885 = CARTESIAN_POINT('',(35.899006664497,6.594895997082E-02));
#5886 = CARTESIAN_POINT('',(43.079135390027,6.625086175342E-02));
#5887 = CARTESIAN_POINT('',(50.261821164137,6.655230190733E-02));
#5888 = CARTESIAN_POINT('',(64.632293727368,6.715418713369E-02));
#5889 = CARTESIAN_POINT('',(71.820080480398,6.745463220477E-02));
#5890 = CARTESIAN_POINT('',(79.010414819414,6.77545439744E-02));
#5891 = CARTESIAN_POINT('',(86.203283281358,6.805388659341E-02));
#5892 = CARTESIAN_POINT('',(93.398688930913,6.835262525102E-02));
#5893 = CARTESIAN_POINT('',(100.59661347491,6.865072459932E-02));
#5894 = CARTESIAN_POINT('',(107.79705469019,6.8948150308E-02));
#5895 = CARTESIAN_POINT('',(115.,6.924486796794E-02));
#5896 = ( GEOMETRIC_REPRESENTATION_CONTEXT(2) 
PARAMETRIC_REPRESENTATION_CONTEXT() REPRESENTATION_CONTEXT('2D SPACE',''
  ) );
#5897 = PCURVE('',#4770,#5898);
#5898 = DEFINITIONAL_REPRESENTATION('',(#5899),#5903);
#5899 = LINE('',#5900,#5901);
#5900 = CARTESIAN_POINT('',(115.,0.));
#5901 = VECTOR('',#5902,1.);
#5902 = DIRECTION('',(0.,1.));
#5903 = ( GEOMETRIC_REPRESENTATION_CONTEXT(2) 
PARAMETRIC_REPRESENTATION_CONTEXT() REPRESENTATION_CONTEXT('2D SPACE',''
  ) );
#5904 = ADVANCED_FACE('',(#5905),#4770,.F.);
#5905 = FACE_BOUND('',#5906,.F.);
#5906 = EDGE_LOOP('',(#5907,#6019,#6052,#6144,#6181,#6218,#6245,#6246,
    #6247,#6248));
#5907 = ORIENTED_EDGE('',*,*,#5908,.F.);
#5908 = EDGE_CURVE('',#5909,#5911,#5913,.T.);
#5909 = VERTEX_POINT('',#5910);
#5910 = CARTESIAN_POINT('',(-33.34235446498,31.666228067138,
    1.056755456512E+03));
#5911 = VERTEX_POINT('',#5912);
#5912 = CARTESIAN_POINT('',(-45.14582561112,44.991544574162,
    1.06877999612E+03));
#5913 = SURFACE_CURVE('',#5914,(#5947,#5983),.PCURVE_S1.);
#5914 = B_SPLINE_CURVE_WITH_KNOTS('',6,(#5915,#5916,#5917,#5918,#5919,
    #5920,#5921,#5922,#5923,#5924,#5925,#5926,#5927,#5928,#5929,#5930,
    #5931,#5932,#5933,#5934,#5935,#5936,#5937,#5938,#5939,#5940,#5941,
    #5942,#5943,#5944,#5945,#5946),.UNSPECIFIED.,.F.,.F.,(7,5,5,5,5,5,7)
  ,(0.,0.178899996499,0.359053974799,0.538229755391,0.715388629673,
    0.857657178447,1.),.UNSPECIFIED.);
#5915 = CARTESIAN_POINT('',(-33.34235446505,31.666228067138,
    1.056755456512E+03));
#5916 = CARTESIAN_POINT('',(-33.8620995126,31.666228024971,
    1.057284929893E+03));
#5917 = CARTESIAN_POINT('',(-34.39367608385,31.693806026257,
    1.057826456893E+03));
#5918 = CARTESIAN_POINT('',(-34.93498145122,31.751315475306,
    1.058377895483E+03));
#5919 = CARTESIAN_POINT('',(-35.4833903687,31.840935148467,
    1.058936571316E+03));
#5920 = CARTESIAN_POINT('',(-36.03573213007,31.964471778613,
    1.059499254351E+03));
#5921 = CARTESIAN_POINT('',(-37.14499516645,32.282938230558,
    1.060629287122E+03));
#5922 = CARTESIAN_POINT('',(-37.70191652172,32.478361294018,
    1.061196636951E+03));
#5923 = CARTESIAN_POINT('',(-38.25554022025,32.710667015139,
    1.06176062811E+03));
#5924 = CARTESIAN_POINT('',(-38.80177622588,32.980510436208,
    1.062317093951E+03));
#5925 = CARTESIAN_POINT('',(-39.33624595581,33.287710095848,
    1.062861573836E+03));
#5926 = CARTESIAN_POINT('',(-40.37017912656,33.972742728586,
    1.063914872902E+03));
#5927 = CARTESIAN_POINT('',(-40.86981270669,34.350180883809,
    1.064423865401E+03));
#5928 = CARTESIAN_POINT('',(-41.34925508128,34.762378489666,
    1.06491228906E+03));
#5929 = CARTESIAN_POINT('',(-41.8042613596,35.207328712974,
    1.065375819374E+03));
#5930 = CARTESIAN_POINT('',(-42.23097030262,35.682023376001,
    1.065810522658E+03));
#5931 = CARTESIAN_POINT('',(-43.01709808797,36.677742312615,
    1.066611379126E+03));
#5932 = CARTESIAN_POINT('',(-43.37722634298,37.198192877192,
    1.066978255007E+03));
#5933 = CARTESIAN_POINT('',(-43.70360978964,37.740404722552,
    1.067310754099E+03));
#5934 = CARTESIAN_POINT('',(-43.99393502623,38.300025599242,
    1.067606519544E+03));
#5935 = CARTESIAN_POINT('',(-44.24691283907,38.872297704797,
    1.06786423788E+03));
#5936 = CARTESIAN_POINT('',(-44.63517232075,39.918420630197,
    1.06825977308E+03));
#5937 = CARTESIAN_POINT('',(-44.78382482643,40.389467564947,
    1.068411211302E+03));
#5938 = CARTESIAN_POINT('',(-44.90805002228,40.86318778305,
    1.068537764496E+03));
#5939 = CARTESIAN_POINT('',(-45.00811556456,41.337169568777,
    1.068639705306E+03));
#5940 = CARTESIAN_POINT('',(-45.08467232454,41.80917422447,
    1.068717696781E+03));
#5941 = CARTESIAN_POINT('',(-45.19265454283,42.745483454336,
    1.068827702655E+03));
#5942 = CARTESIAN_POINT('',(-45.22405701318,43.209787951021,
    1.068859693634E+03));
#5943 = CARTESIAN_POINT('',(-45.23378712311,43.668126209919,
    1.068869606096E+03));
#5944 = CARTESIAN_POINT('',(-45.22305805363,44.118761725834,
    1.068858675953E+03));
#5945 = CARTESIAN_POINT('',(-45.19325286643,44.56027528383,
    1.068828312192E+03));
#5946 = CARTESIAN_POINT('',(-45.14582561112,44.991544574162,
    1.06877999612E+03));
#5947 = PCURVE('',#4770,#5948);
#5948 = DEFINITIONAL_REPRESENTATION('',(#5949),#5982);
#5949 = B_SPLINE_CURVE_WITH_KNOTS('',6,(#5950,#5951,#5952,#5953,#5954,
    #5955,#5956,#5957,#5958,#5959,#5960,#5961,#5962,#5963,#5964,#5965,
    #5966,#5967,#5968,#5969,#5970,#5971,#5972,#5973,#5974,#5975,#5976,
    #5977,#5978,#5979,#5980,#5981),.UNSPECIFIED.,.F.,.F.,(7,5,5,5,5,5,7)
  ,(0.,0.178899996499,0.359053974799,0.538229755391,0.715388629673,
    0.857657178447,1.),.UNSPECIFIED.);
#5950 = CARTESIAN_POINT('',(3.985383196625E-10,101.47545651192));
#5951 = CARTESIAN_POINT('',(3.297471401934,102.00492994527));
#5952 = CARTESIAN_POINT('',(6.588445084314,102.5464569904));
#5953 = CARTESIAN_POINT('',(9.873304917116,103.09789561563));
#5954 = CARTESIAN_POINT('',(13.152670002359,103.65657147567));
#5955 = CARTESIAN_POINT('',(16.427413169715,104.21925452935));
#5956 = CARTESIAN_POINT('',(22.992753884506,105.34928732355));
#5957 = CARTESIAN_POINT('',(26.283272900121,105.91663715591));
#5958 = CARTESIAN_POINT('',(29.571311879937,106.48062831182));
#5959 = CARTESIAN_POINT('',(32.858113918485,107.03709414436));
#5960 = CARTESIAN_POINT('',(36.144991715787,107.58157401735));
#5961 = CARTESIAN_POINT('',(42.703558093804,108.63487305435));
#5962 = CARTESIAN_POINT('',(45.975208242703,109.14386553763));
#5963 = CARTESIAN_POINT('',(49.249337409207,109.63228917891));
#5964 = CARTESIAN_POINT('',(52.526967406683,110.0958194768));
#5965 = CARTESIAN_POINT('',(55.808847334893,110.5305227447));
#5966 = CARTESIAN_POINT('',(62.344765137746,111.33137918604));
#5967 = CARTESIAN_POINT('',(65.598754690902,111.69825505527));
#5968 = CARTESIAN_POINT('',(68.857484357456,112.03075413666));
#5969 = CARTESIAN_POINT('',(72.120964190702,112.32651957441));
#5970 = CARTESIAN_POINT('',(75.388890222053,112.58423790427));
#5971 = CARTESIAN_POINT('',(81.287942752631,112.97977309507));
#5972 = CARTESIAN_POINT('',(83.91778429256,113.13121131421));
#5973 = CARTESIAN_POINT('',(86.549787594834,113.25776450619));
#5974 = CARTESIAN_POINT('',(89.183630018216,113.35970531422));
#5975 = CARTESIAN_POINT('',(91.818971832863,113.43769678834));
#5976 = CARTESIAN_POINT('',(97.093316531109,113.5477026598));
#5977 = CARTESIAN_POINT('',(99.732343586499,113.57969363835));
#5978 = CARTESIAN_POINT('',(102.37220690521,113.5896060992));
#5979 = CARTESIAN_POINT('',(105.01263768528,113.57867595597));
#5980 = CARTESIAN_POINT('',(107.65341928939,113.54831219459));
#5981 = CARTESIAN_POINT('',(110.2943903657,113.49999612111));
#5982 = ( GEOMETRIC_REPRESENTATION_CONTEXT(2) 
PARAMETRIC_REPRESENTATION_CONTEXT() REPRESENTATION_CONTEXT('2D SPACE',''
  ) );
#5983 = PCURVE('',#5389,#5984);
#5984 = DEFINITIONAL_REPRESENTATION('',(#5985),#6018);
#5985 = B_SPLINE_CURVE_WITH_KNOTS('',6,(#5986,#5987,#5988,#5989,#5990,
    #5991,#5992,#5993,#5994,#5995,#5996,#5997,#5998,#5999,#6000,#6001,
    #6002,#6003,#6004,#6005,#6006,#6007,#6008,#6009,#6010,#6011,#6012,
    #6013,#6014,#6015,#6016,#6017),.UNSPECIFIED.,.F.,.F.,(7,5,5,5,5,5,7)
  ,(0.,0.178899996499,0.359053974799,0.538229755391,0.715388629673,
    0.857657178447,1.),.UNSPECIFIED.);
#5986 = CARTESIAN_POINT('',(95.,14.157645534943));
#5987 = CARTESIAN_POINT('',(92.219600400169,13.63790047127));
#5988 = CARTESIAN_POINT('',(89.440516028457,13.106323886022));
#5989 = CARTESIAN_POINT('',(86.662206218861,12.565018506963));
#5990 = CARTESIAN_POINT('',(83.883947130416,12.016609580273));
#5991 = CARTESIAN_POINT('',(81.104833493425,11.464267812121));
#5992 = CARTESIAN_POINT('',(75.523339573018,10.355004766685));
#5993 = CARTESIAN_POINT('',(72.7209571784,9.798083409163));
#5994 = CARTESIAN_POINT('',(69.915607921301,9.244459710517));
#5995 = CARTESIAN_POINT('',(67.106176102422,8.698223706576));
#5996 = CARTESIAN_POINT('',(64.291562572248,8.163753979682));
#5997 = CARTESIAN_POINT('',(58.665353627747,7.129820816849));
#5998 = CARTESIAN_POINT('',(55.853845372386,6.630187241578));
#5999 = CARTESIAN_POINT('',(53.035367878545,6.150744872343));
#6000 = CARTESIAN_POINT('',(50.209235481368,5.695738599422));
#6001 = CARTESIAN_POINT('',(47.37508677177,5.269029661568));
#6002 = CARTESIAN_POINT('',(41.722888195424,4.482901885677));
#6003 = CARTESIAN_POINT('',(38.904969451398,4.122773634963));
#6004 = CARTESIAN_POINT('',(36.079390947099,3.796390192038));
#6005 = CARTESIAN_POINT('',(33.246547566942,3.506064958579));
#6006 = CARTESIAN_POINT('',(30.40714125312,3.253087148329));
#6007 = CARTESIAN_POINT('',(25.277536424513,2.864827670478));
#6008 = CARTESIAN_POINT('',(22.989259640036,2.716175166213));
#6009 = CARTESIAN_POINT('',(20.697865771979,2.591949971516));
#6010 = CARTESIAN_POINT('',(18.403856827371,2.491884430204));
#6011 = CARTESIAN_POINT('',(16.107734034576,2.41532767104));
#6012 = CARTESIAN_POINT('',(11.51104910072,2.307345454185));
#6013 = CARTESIAN_POINT('',(9.21046524454,2.275942984449));
#6014 = CARTESIAN_POINT('',(6.908710657004,2.266212875083));
#6015 = CARTESIAN_POINT('',(4.606180279681,2.276941945119));
#6016 = CARTESIAN_POINT('',(2.303194853162,2.306747132908));
#6017 = CARTESIAN_POINT('',(0.,2.354174388876));
#6018 = ( GEOMETRIC_REPRESENTATION_CONTEXT(2) 
PARAMETRIC_REPRESENTATION_CONTEXT() REPRESENTATION_CONTEXT('2D SPACE',''
  ) );
#6019 = ORIENTED_EDGE('',*,*,#6020,.F.);
#6020 = EDGE_CURVE('',#6021,#5909,#6023,.T.);
#6021 = VERTEX_POINT('',#6022);
#6022 = CARTESIAN_POINT('',(-33.39301944532,31.666228067138,1.05178E+03)
  );
#6023 = SURFACE_CURVE('',#6024,(#6036,#6043),.PCURVE_S1.);
#6024 = B_SPLINE_CURVE_WITH_KNOTS('',4,(#6025,#6026,#6027,#6028,#6029,
    #6030,#6031,#6032,#6033,#6034,#6035),.UNSPECIFIED.,.F.,.F.,(5,3,3,5)
  ,(-5.5645036539,5.267238732679E-13,115.,120.62979427302),
  .UNSPECIFIED.);
#6025 = CARTESIAN_POINT('',(-34.3968402107,31.666228067138,
    949.64985539462));
#6026 = CARTESIAN_POINT('',(-34.38327708898,31.666228067138,
    951.07380178383));
#6027 = CARTESIAN_POINT('',(-34.36981817252,31.666228067138,
    952.48680801447));
#6028 = CARTESIAN_POINT('',(-34.35646346132,31.666228067138,
    953.88887408652));
#6029 = CARTESIAN_POINT('',(-34.06936855197,31.666228067138,
    984.02999999999));
#6030 = CARTESIAN_POINT('',(-33.78815440745,31.666228067138,1.01278E+03)
  );
#6031 = CARTESIAN_POINT('',(-33.49959913416,31.666228067138,1.04153E+03)
  );
#6032 = CARTESIAN_POINT('',(-33.18933084864,31.666228067138,
    1.071687448568E+03));
#6033 = CARTESIAN_POINT('',(-33.17485009546,31.666228067138,
    1.073094948431E+03));
#6034 = CARTESIAN_POINT('',(-33.16036881455,31.666228067138,
    1.074502499587E+03));
#6035 = CARTESIAN_POINT('',(-33.14588700591,31.666228067138,
    1.075910102038E+03));
#6036 = PCURVE('',#4770,#6037);
#6037 = DEFINITIONAL_REPRESENTATION('',(#6038),#6042);
#6038 = LINE('',#6039,#6040);
#6039 = CARTESIAN_POINT('',(0.,0.));
#6040 = VECTOR('',#6041,1.);
#6041 = DIRECTION('',(0.,1.));
#6042 = ( GEOMETRIC_REPRESENTATION_CONTEXT(2) 
PARAMETRIC_REPRESENTATION_CONTEXT() REPRESENTATION_CONTEXT('2D SPACE',''
  ) );
#6043 = PCURVE('',#5281,#6044);
#6044 = DEFINITIONAL_REPRESENTATION('',(#6045),#6051);
#6045 = B_SPLINE_CURVE_WITH_KNOTS('',4,(#6046,#6047,#6048,#6049,#6050),
  .UNSPECIFIED.,.F.,.F.,(5,5),(5.267238732679E-13,115.),
  .PIECEWISE_BEZIER_KNOTS.);
#6046 = CARTESIAN_POINT('',(97.039915007914,-63.09798681886));
#6047 = CARTESIAN_POINT('',(75.049171068528,-44.5765216568));
#6048 = CARTESIAN_POINT('',(53.063120780526,-26.04937470621));
#6049 = CARTESIAN_POINT('',(31.081745921242,-7.516568026135));
#6050 = CARTESIAN_POINT('',(9.104977489666,11.021814855911));
#6051 = ( GEOMETRIC_REPRESENTATION_CONTEXT(2) 
PARAMETRIC_REPRESENTATION_CONTEXT() REPRESENTATION_CONTEXT('2D SPACE',''
  ) );
#6052 = ORIENTED_EDGE('',*,*,#6053,.F.);
#6053 = EDGE_CURVE('',#6054,#6021,#6056,.T.);
#6054 = VERTEX_POINT('',#6055);
#6055 = CARTESIAN_POINT('',(-40.59830106679,34.070191524112,1.05178E+03)
  );
#6056 = SURFACE_CURVE('',#6057,(#6084,#6114),.PCURVE_S1.);
#6057 = B_SPLINE_CURVE_WITH_KNOTS('',7,(#6058,#6059,#6060,#6061,#6062,
    #6063,#6064,#6065,#6066,#6067,#6068,#6069,#6070,#6071,#6072,#6073,
    #6074,#6075,#6076,#6077,#6078,#6079,#6080,#6081,#6082,#6083),
  .UNSPECIFIED.,.F.,.F.,(8,6,6,6,8),(0.,0.250614641747,0.500000001688,
    0.750385731599,1.),.UNSPECIFIED.);
#6058 = CARTESIAN_POINT('',(-45.23637995407,45.598794360634,1.05178E+03)
  );
#6059 = CARTESIAN_POINT('',(-45.34219875041,44.950304263551,1.05178E+03)
  );
#6060 = CARTESIAN_POINT('',(-45.40964108648,44.276363109348,1.05178E+03)
  );
#6061 = CARTESIAN_POINT('',(-45.43378693924,43.580074398185,1.05178E+03)
  );
#6062 = CARTESIAN_POINT('',(-45.40989398717,42.865733828523,1.05178E+03)
  );
#6063 = CARTESIAN_POINT('',(-45.33378517676,42.138954448162,1.05178E+03)
  );
#6064 = CARTESIAN_POINT('',(-45.20245978925,41.406543483783,1.05178E+03)
  );
#6065 = CARTESIAN_POINT('',(-44.82742965906,39.949004648278,1.05178E+03)
  );
#6066 = CARTESIAN_POINT('',(-44.58427528241,39.223844312332,1.05178E+03)
  );
#6067 = CARTESIAN_POINT('',(-44.28360789094,38.50788897334,1.05178E+03)
  );
#6068 = CARTESIAN_POINT('',(-43.92553849225,37.809158451353,1.05178E+03)
  );
#6069 = CARTESIAN_POINT('',(-43.51207371018,37.135825138327,1.05178E+03)
  );
#6070 = CARTESIAN_POINT('',(-43.04713041971,36.495399748251,1.05178E+03)
  );
#6071 = CARTESIAN_POINT('',(-42.02296231054,35.290565185028,1.05178E+03)
  );
#6072 = CARTESIAN_POINT('',(-41.46335347304,34.726455596302,1.05178E+03)
  );
#6073 = CARTESIAN_POINT('',(-40.86266974037,34.208244171006,1.05178E+03)
  );
#6074 = CARTESIAN_POINT('',(-40.22778078722,33.741062665414,1.05178E+03)
  );
#6075 = CARTESIAN_POINT('',(-39.56653045326,33.328232803554,1.05178E+03)
  );
#6076 = CARTESIAN_POINT('',(-38.88691316483,32.971149649536,1.05178E+03)
  );
#6077 = CARTESIAN_POINT('',(-37.5082781578,32.368939717452,1.05178E+03)
  );
#6078 = CARTESIAN_POINT('',(-36.80931296702,32.123465050778,1.05178E+03)
  );
#6079 = CARTESIAN_POINT('',(-36.10715388059,31.932922104986,1.05178E+03)
  );
#6080 = CARTESIAN_POINT('',(-35.40890508014,31.79545182629,1.05178E+03)
  );
#6081 = CARTESIAN_POINT('',(-34.72069528787,31.70786798658,1.05178E+03)
  );
#6082 = CARTESIAN_POINT('',(-34.04746365846,31.666228067138,1.05178E+03)
  );
#6083 = CARTESIAN_POINT('',(-33.39301944532,31.666228067138,1.05178E+03)
  );
#6084 = PCURVE('',#4770,#6085);
#6085 = DEFINITIONAL_REPRESENTATION('',(#6086),#6113);
#6086 = B_SPLINE_CURVE_WITH_KNOTS('',7,(#6087,#6088,#6089,#6090,#6091,
    #6092,#6093,#6094,#6095,#6096,#6097,#6098,#6099,#6100,#6101,#6102,
    #6103,#6104,#6105,#6106,#6107,#6108,#6109,#6110,#6111,#6112),
  .UNSPECIFIED.,.F.,.F.,(8,6,6,6,8),(0.,0.250614641747,0.500000001688,
    0.750385731599,1.),.UNSPECIFIED.);
#6087 = CARTESIAN_POINT('',(115.,96.500000000001));
#6088 = CARTESIAN_POINT('',(110.86775266915,96.500000099418));
#6089 = CARTESIAN_POINT('',(106.73847174546,96.500000196303));
#6090 = CARTESIAN_POINT('',(102.6122181462,96.500000289509));
#6091 = CARTESIAN_POINT('',(98.488952290484,96.500000377774));
#6092 = CARTESIAN_POINT('',(94.368510183149,96.500000459731));
#6093 = CARTESIAN_POINT('',(90.250621569908,96.500000534062));
#6094 = CARTESIAN_POINT('',(82.039565832874,96.500000664782));
#6095 = CARTESIAN_POINT('',(77.946295270252,96.500000721259));
#6096 = CARTESIAN_POINT('',(73.854983950059,96.500000767853));
#6097 = CARTESIAN_POINT('',(69.765231401573,96.50000080354));
#6098 = CARTESIAN_POINT('',(65.676492395441,96.500000827585));
#6099 = CARTESIAN_POINT('',(61.588219429169,96.500000839605));
#6100 = CARTESIAN_POINT('',(53.395381324513,96.500000839605));
#6101 = CARTESIAN_POINT('',(49.290708151266,96.500000827488));
#6102 = CARTESIAN_POINT('',(45.185563741619,96.500000803252));
#6103 = CARTESIAN_POINT('',(41.079393660999,96.500000767277));
#6104 = CARTESIAN_POINT('',(36.971645886151,96.500000720324));
#6105 = CARTESIAN_POINT('',(32.861916195859,96.50000066342));
#6106 = CARTESIAN_POINT('',(24.650752996897,96.50000053228));
#6107 = CARTESIAN_POINT('',(20.549250735804,96.500000458096));
#6108 = CARTESIAN_POINT('',(16.445211129307,96.500000376361));
#6109 = CARTESIAN_POINT('',(12.338368684344,96.500000288395));
#6110 = CARTESIAN_POINT('',(8.228562291898,96.500000195529));
#6111 = CARTESIAN_POINT('',(4.115752867482,96.500000099021));
#6112 = CARTESIAN_POINT('',(0.,96.500000000001));
#6113 = ( GEOMETRIC_REPRESENTATION_CONTEXT(2) 
PARAMETRIC_REPRESENTATION_CONTEXT() REPRESENTATION_CONTEXT('2D SPACE',''
  ) );
#6114 = PCURVE('',#5222,#6115);
#6115 = DEFINITIONAL_REPRESENTATION('',(#6116),#6143);
#6116 = B_SPLINE_CURVE_WITH_KNOTS('',7,(#6117,#6118,#6119,#6120,#6121,
    #6122,#6123,#6124,#6125,#6126,#6127,#6128,#6129,#6130,#6131,#6132,
    #6133,#6134,#6135,#6136,#6137,#6138,#6139,#6140,#6141,#6142),
  .UNSPECIFIED.,.F.,.F.,(8,6,6,6,8),(0.,0.250614641747,0.500000001688,
    0.750385731599,1.),.UNSPECIFIED.);
#6117 = CARTESIAN_POINT('',(-45.23637995407,45.598794360634));
#6118 = CARTESIAN_POINT('',(-45.34219875041,44.950304263551));
#6119 = CARTESIAN_POINT('',(-45.40964108648,44.276363109348));
#6120 = CARTESIAN_POINT('',(-45.43378693924,43.580074398185));
#6121 = CARTESIAN_POINT('',(-45.40989398717,42.865733828523));
#6122 = CARTESIAN_POINT('',(-45.33378517676,42.138954448162));
#6123 = CARTESIAN_POINT('',(-45.20245978925,41.406543483783));
#6124 = CARTESIAN_POINT('',(-44.82742965906,39.949004648278));
#6125 = CARTESIAN_POINT('',(-44.58427528241,39.223844312332));
#6126 = CARTESIAN_POINT('',(-44.28360789094,38.50788897334));
#6127 = CARTESIAN_POINT('',(-43.92553849225,37.809158451353));
#6128 = CARTESIAN_POINT('',(-43.51207371018,37.135825138327));
#6129 = CARTESIAN_POINT('',(-43.04713041971,36.495399748251));
#6130 = CARTESIAN_POINT('',(-42.02296231054,35.290565185028));
#6131 = CARTESIAN_POINT('',(-41.46335347304,34.726455596302));
#6132 = CARTESIAN_POINT('',(-40.86266974037,34.208244171006));
#6133 = CARTESIAN_POINT('',(-40.22778078722,33.741062665414));
#6134 = CARTESIAN_POINT('',(-39.56653045326,33.328232803554));
#6135 = CARTESIAN_POINT('',(-38.88691316483,32.971149649536));
#6136 = CARTESIAN_POINT('',(-37.5082781578,32.368939717452));
#6137 = CARTESIAN_POINT('',(-36.80931296702,32.123465050778));
#6138 = CARTESIAN_POINT('',(-36.10715388059,31.932922104986));
#6139 = CARTESIAN_POINT('',(-35.40890508014,31.79545182629));
#6140 = CARTESIAN_POINT('',(-34.72069528787,31.70786798658));
#6141 = CARTESIAN_POINT('',(-34.04746365846,31.666228067138));
#6142 = CARTESIAN_POINT('',(-33.39301944532,31.666228067138));
#6143 = ( GEOMETRIC_REPRESENTATION_CONTEXT(2) 
PARAMETRIC_REPRESENTATION_CONTEXT() REPRESENTATION_CONTEXT('2D SPACE',''
  ) );
#6144 = ORIENTED_EDGE('',*,*,#6145,.F.);
#6145 = EDGE_CURVE('',#6146,#6054,#6148,.T.);
#6146 = VERTEX_POINT('',#6147);
#6147 = CARTESIAN_POINT('',(-40.88599140558,33.724408175422,973.78));
#6148 = SURFACE_CURVE('',#6149,(#6156,#6166),.PCURVE_S1.);
#6149 = B_SPLINE_CURVE_WITH_KNOTS('',5,(#6150,#6151,#6152,#6153,#6154,
    #6155),.UNSPECIFIED.,.F.,.F.,(6,6),(0.,1.),
  .PIECEWISE_BEZIER_KNOTS.);
#6150 = CARTESIAN_POINT('',(-40.88599143014,33.724408145647,
    973.77999288927));
#6151 = CARTESIAN_POINT('',(-40.83211087291,33.789730567068,
    989.38000833966));
#6152 = CARTESIAN_POINT('',(-40.77645658965,33.856937613587,
    1.004980018253E+03));
#6153 = CARTESIAN_POINT('',(-40.71897391249,33.926063143638,
    1.020580020976E+03));
#6154 = CARTESIAN_POINT('',(-40.65960729875,33.997138548865,
    1.0361800178E+03));
#6155 = CARTESIAN_POINT('',(-40.59830103885,34.07019155741,
    1.051780007111E+03));
#6156 = PCURVE('',#4770,#6157);
#6157 = DEFINITIONAL_REPRESENTATION('',(#6158),#6165);
#6158 = B_SPLINE_CURVE_WITH_KNOTS('',5,(#6159,#6160,#6161,#6162,#6163,
    #6164),.UNSPECIFIED.,.F.,.F.,(6,6),(0.,1.),
  .PIECEWISE_BEZIER_KNOTS.);
#6159 = CARTESIAN_POINT('',(41.723291523849,18.49999215914));
#6160 = CARTESIAN_POINT('',(42.103696956071,34.100006906153));
#6161 = CARTESIAN_POINT('',(42.484182486828,49.700016751906));
#6162 = CARTESIAN_POINT('',(42.86481098726,65.300022563675));
#6163 = CARTESIAN_POINT('',(43.245642603724,80.900019333647));
#6164 = CARTESIAN_POINT('',(43.626734161401,96.500007891725));
#6165 = ( GEOMETRIC_REPRESENTATION_CONTEXT(2) 
PARAMETRIC_REPRESENTATION_CONTEXT() REPRESENTATION_CONTEXT('2D SPACE',''
  ) );
#6166 = PCURVE('',#6167,#6172);
#6167 = CYLINDRICAL_SURFACE('',#6168,53.);
#6168 = AXIS2_PLACEMENT_3D('',#6169,#6170,#6171);
#6169 = CARTESIAN_POINT('',(0.,0.,973.78));
#6170 = DIRECTION('',(0.,0.,1.));
#6171 = DIRECTION('',(1.,0.,0.));
#6172 = DEFINITIONAL_REPRESENTATION('',(#6173),#6180);
#6173 = B_SPLINE_CURVE_WITH_KNOTS('',5,(#6174,#6175,#6176,#6177,#6178,
    #6179),.UNSPECIFIED.,.F.,.F.,(6,6),(0.,1.),
  .PIECEWISE_BEZIER_KNOTS.);
#6174 = CARTESIAN_POINT('',(2.451887717497,-7.110721286425E-06));
#6175 = CARTESIAN_POINT('',(2.450290045063,15.600008339667));
#6176 = CARTESIAN_POINT('',(2.448643646171,31.200018252598));
#6177 = CARTESIAN_POINT('',(2.44694736316,46.800020976281));
#6178 = CARTESIAN_POINT('',(2.445200060702,62.400017800362));
#6179 = CARTESIAN_POINT('',(2.443400650217,78.000007110721));
#6180 = ( GEOMETRIC_REPRESENTATION_CONTEXT(2) 
PARAMETRIC_REPRESENTATION_CONTEXT() REPRESENTATION_CONTEXT('2D SPACE',''
  ) );
#6181 = ORIENTED_EDGE('',*,*,#6182,.F.);
#6182 = EDGE_CURVE('',#6183,#6146,#6185,.T.);
#6183 = VERTEX_POINT('',#6184);
#6184 = CARTESIAN_POINT('',(-40.8999911072,33.704224102112,969.217));
#6185 = SURFACE_CURVE('',#6186,(#6192,#6201),.PCURVE_S1.);
#6186 = B_SPLINE_CURVE_WITH_KNOTS('',4,(#6187,#6188,#6189,#6190,#6191),
  .UNSPECIFIED.,.F.,.F.,(5,5),(0.,1.),.PIECEWISE_BEZIER_KNOTS.);
#6187 = CARTESIAN_POINT('',(-40.89999112891,33.704224070766,
    969.21699288927));
#6188 = CARTESIAN_POINT('',(-40.89650724984,33.709252841813,
    970.35774642578));
#6189 = CARTESIAN_POINT('',(-40.89301268509,33.714293109598,
    971.49849997564));
#6190 = CARTESIAN_POINT('',(-40.88950740597,33.719344892059,
    972.63925353767));
#6191 = CARTESIAN_POINT('',(-40.88599138366,33.724408206983,
    973.78000711072));
#6192 = PCURVE('',#4770,#6193);
#6193 = DEFINITIONAL_REPRESENTATION('',(#6194),#6200);
#6194 = B_SPLINE_CURVE_WITH_KNOTS('',4,(#6195,#6196,#6197,#6198,#6199),
  .UNSPECIFIED.,.F.,.F.,(5,5),(0.,1.),.PIECEWISE_BEZIER_KNOTS.);
#6195 = CARTESIAN_POINT('',(41.600810313165,13.936992381809));
#6196 = CARTESIAN_POINT('',(41.63143759093,15.077745859911));
#6197 = CARTESIAN_POINT('',(41.66206024246,16.218499352165));
#6198 = CARTESIAN_POINT('',(41.692678323019,17.35925285895));
#6199 = CARTESIAN_POINT('',(41.723291887672,18.500006380542));
#6200 = ( GEOMETRIC_REPRESENTATION_CONTEXT(2) 
PARAMETRIC_REPRESENTATION_CONTEXT() REPRESENTATION_CONTEXT('2D SPACE',''
  ) );
#6201 = PCURVE('',#6202,#6210);
#6202 = SURFACE_OF_REVOLUTION('',#6203,#6207);
#6203 = LINE('',#6204,#6205);
#6204 = CARTESIAN_POINT('',(52.99796217681,0.,969.217));
#6205 = VECTOR('',#6206,1.);
#6206 = DIRECTION('',(4.465971919213E-04,0.,0.999999900275));
#6207 = AXIS1_PLACEMENT('',#6208,#6209);
#6208 = CARTESIAN_POINT('',(0.,0.,700.));
#6209 = DIRECTION('',(0.,0.,1.));
#6210 = DEFINITIONAL_REPRESENTATION('',(#6211),#6217);
#6211 = B_SPLINE_CURVE_WITH_KNOTS('',4,(#6212,#6213,#6214,#6215,#6216),
  .UNSPECIFIED.,.F.,.F.,(5,5),(0.,1.),.PIECEWISE_BEZIER_KNOTS.);
#6212 = CARTESIAN_POINT('',(2.452349599803,-7.110721286425E-06));
#6213 = CARTESIAN_POINT('',(2.452234568483,1.140746539546));
#6214 = CARTESIAN_POINT('',(2.452119244478,2.281500203167));
#6215 = CARTESIAN_POINT('',(2.452003627196,3.422253878952));
#6216 = CARTESIAN_POINT('',(2.451887716046,4.563007565764));
#6217 = ( GEOMETRIC_REPRESENTATION_CONTEXT(2) 
PARAMETRIC_REPRESENTATION_CONTEXT() REPRESENTATION_CONTEXT('2D SPACE',''
  ) );
#6218 = ORIENTED_EDGE('',*,*,#6219,.T.);
#6219 = EDGE_CURVE('',#6183,#4946,#6220,.T.);
#6220 = SURFACE_CURVE('',#6221,(#6227,#6236),.PCURVE_S1.);
#6221 = B_SPLINE_CURVE_WITH_KNOTS('',4,(#6222,#6223,#6224,#6225,#6226),
  .UNSPECIFIED.,.F.,.F.,(5,5),(0.,1.),.PIECEWISE_BEZIER_KNOTS.);
#6222 = CARTESIAN_POINT('',(-40.8999911072,33.704224102112,969.217));
#6223 = CARTESIAN_POINT('',(-40.9026324756,33.698629548153,
    968.07624981054));
#6224 = CARTESIAN_POINT('',(-40.9052618103,33.693048174463,
    966.93549974607));
#6225 = CARTESIAN_POINT('',(-40.90787914277,33.687479961654,
    965.79474980839));
#6226 = CARTESIAN_POINT('',(-40.91048450436,33.6819248902,964.654));
#6227 = PCURVE('',#4770,#6228);
#6228 = DEFINITIONAL_REPRESENTATION('',(#6229),#6235);
#6229 = B_SPLINE_CURVE_WITH_KNOTS('',4,(#6230,#6231,#6232,#6233,#6234),
  .UNSPECIFIED.,.F.,.F.,(5,5),(0.,1.),.PIECEWISE_BEZIER_KNOTS.);
#6230 = CARTESIAN_POINT('',(41.600810504072,13.936999492488));
#6231 = CARTESIAN_POINT('',(41.564624579862,12.796249361468));
#6232 = CARTESIAN_POINT('',(41.528423898396,11.655499356046));
#6233 = CARTESIAN_POINT('',(41.492208351799,10.514749476922));
#6234 = CARTESIAN_POINT('',(41.455977831789,9.373999723428));
#6235 = ( GEOMETRIC_REPRESENTATION_CONTEXT(2) 
PARAMETRIC_REPRESENTATION_CONTEXT() REPRESENTATION_CONTEXT('2D SPACE',''
  ) );
#6236 = PCURVE('',#4962,#6237);
#6237 = DEFINITIONAL_REPRESENTATION('',(#6238),#6244);
#6238 = B_SPLINE_CURVE_WITH_KNOTS('',4,(#6239,#6240,#6241,#6242,#6243),
  .UNSPECIFIED.,.F.,.F.,(5,5),(0.,1.),.PIECEWISE_BEZIER_KNOTS.);
#6239 = CARTESIAN_POINT('',(2.452349599086,4.563));
#6240 = CARTESIAN_POINT('',(2.452462759258,3.422249810541));
#6241 = CARTESIAN_POINT('',(2.452575591758,2.281499746074));
#6242 = CARTESIAN_POINT('',(2.452688097194,1.140749808396));
#6243 = CARTESIAN_POINT('',(2.452800276174,0.));
#6244 = ( GEOMETRIC_REPRESENTATION_CONTEXT(2) 
PARAMETRIC_REPRESENTATION_CONTEXT() REPRESENTATION_CONTEXT('2D SPACE',''
  ) );
#6245 = ORIENTED_EDGE('',*,*,#4974,.T.);
#6246 = ORIENTED_EDGE('',*,*,#4684,.T.);
#6247 = ORIENTED_EDGE('',*,*,#5863,.T.);
#6248 = ORIENTED_EDGE('',*,*,#6249,.F.);
#6249 = EDGE_CURVE('',#5911,#5818,#6250,.T.);
#6250 = SURFACE_CURVE('',#6251,(#6257,#6266),.PCURVE_S1.);
#6251 = B_SPLINE_CURVE_WITH_KNOTS('',4,(#6252,#6253,#6254,#6255,#6256),
  .UNSPECIFIED.,.F.,.F.,(5,5),(0.,1.),.PIECEWISE_BEZIER_KNOTS.);
#6252 = CARTESIAN_POINT('',(-45.14582561112,44.991544574153,
    1.06877999612E+03));
#6253 = CARTESIAN_POINT('',(-45.12470822289,45.183570888468,
    1.068758482978E+03));
#6254 = CARTESIAN_POINT('',(-45.09965667201,45.373425038415,
    1.068737182787E+03));
#6255 = CARTESIAN_POINT('',(-45.07085575138,45.560956698331,
    1.068716110483E+03));
#6256 = CARTESIAN_POINT('',(-45.03849714191,45.746048258052,
    1.068695277924E+03));
#6257 = PCURVE('',#4770,#6258);
#6258 = DEFINITIONAL_REPRESENTATION('',(#6259),#6265);
#6259 = B_SPLINE_CURVE_WITH_KNOTS('',4,(#6260,#6261,#6262,#6263,#6264),
  .UNSPECIFIED.,.F.,.F.,(5,5),(0.,1.),.PIECEWISE_BEZIER_KNOTS.);
#6260 = CARTESIAN_POINT('',(110.29439036747,113.49999612132));
#6261 = CARTESIAN_POINT('',(111.47030516912,113.47848297927));
#6262 = CARTESIAN_POINT('',(112.6465613568,113.45718278723));
#6263 = CARTESIAN_POINT('',(113.82313276037,113.43611048405));
#6264 = CARTESIAN_POINT('',(115.,113.41527792492));
#6265 = ( GEOMETRIC_REPRESENTATION_CONTEXT(2) 
PARAMETRIC_REPRESENTATION_CONTEXT() REPRESENTATION_CONTEXT('2D SPACE',''
  ) );
#6266 = PCURVE('',#5558,#6267);
#6267 = DEFINITIONAL_REPRESENTATION('',(#6268),#6274);
#6268 = B_SPLINE_CURVE_WITH_KNOTS('',4,(#6269,#6270,#6271,#6272,#6273),
  .UNSPECIFIED.,.F.,.F.,(5,5),(0.,1.),.PIECEWISE_BEZIER_KNOTS.);
#6269 = CARTESIAN_POINT('',(2.553977010078E-02,6.553420211678E-02));
#6270 = CARTESIAN_POINT('',(1.261302547686E-02,6.647859178943E-02));
#6271 = CARTESIAN_POINT('',(4.149467895349E-03,6.741229870955E-02));
#6272 = CARTESIAN_POINT('',(2.533662898394E-11,6.833458357218E-02));
#6273 = CARTESIAN_POINT('',(0.,6.924486796794E-02));
#6274 = ( GEOMETRIC_REPRESENTATION_CONTEXT(2) 
PARAMETRIC_REPRESENTATION_CONTEXT() REPRESENTATION_CONTEXT('2D SPACE',''
  ) );
#6275 = ADVANCED_FACE('',(#6276),#4962,.T.);
#6276 = FACE_BOUND('',#6277,.T.);
#6277 = EDGE_LOOP('',(#6278,#6279,#6280,#6302));
#6278 = ORIENTED_EDGE('',*,*,#4945,.T.);
#6279 = ORIENTED_EDGE('',*,*,#5005,.T.);
#6280 = ORIENTED_EDGE('',*,*,#6281,.F.);
#6281 = EDGE_CURVE('',#6183,#5006,#6282,.T.);
#6282 = SURFACE_CURVE('',#6283,(#6288,#6295),.PCURVE_S1.);
#6283 = CIRCLE('',#6284,52.99796217681);
#6284 = AXIS2_PLACEMENT_3D('',#6285,#6286,#6287);
#6285 = CARTESIAN_POINT('',(0.,0.,969.217));
#6286 = DIRECTION('',(0.,0.,1.));
#6287 = DIRECTION('',(1.,0.,0.));
#6288 = PCURVE('',#4962,#6289);
#6289 = DEFINITIONAL_REPRESENTATION('',(#6290),#6294);
#6290 = LINE('',#6291,#6292);
#6291 = CARTESIAN_POINT('',(0.,4.563));
#6292 = VECTOR('',#6293,1.);
#6293 = DIRECTION('',(1.,0.));
#6294 = ( GEOMETRIC_REPRESENTATION_CONTEXT(2) 
PARAMETRIC_REPRESENTATION_CONTEXT() REPRESENTATION_CONTEXT('2D SPACE',''
  ) );
#6295 = PCURVE('',#6202,#6296);
#6296 = DEFINITIONAL_REPRESENTATION('',(#6297),#6301);
#6297 = LINE('',#6298,#6299);
#6298 = CARTESIAN_POINT('',(0.,0.));
#6299 = VECTOR('',#6300,1.);
#6300 = DIRECTION('',(1.,0.));
#6301 = ( GEOMETRIC_REPRESENTATION_CONTEXT(2) 
PARAMETRIC_REPRESENTATION_CONTEXT() REPRESENTATION_CONTEXT('2D SPACE',''
  ) );
#6302 = ORIENTED_EDGE('',*,*,#6219,.T.);
#6303 = ADVANCED_FACE('',(#6304),#5073,.T.);
#6304 = FACE_BOUND('',#6305,.T.);
#6305 = EDGE_LOOP('',(#6306,#6329,#6330,#6331));
#6306 = ORIENTED_EDGE('',*,*,#6307,.F.);
#6307 = EDGE_CURVE('',#5006,#6308,#6310,.T.);
#6308 = VERTEX_POINT('',#6309);
#6309 = CARTESIAN_POINT('',(53.,0.,973.78));
#6310 = SURFACE_CURVE('',#6311,(#6315,#6322),.PCURVE_S1.);
#6311 = LINE('',#6312,#6313);
#6312 = CARTESIAN_POINT('',(52.99796217681,0.,969.217));
#6313 = VECTOR('',#6314,1.);
#6314 = DIRECTION('',(4.465971919213E-04,0.,0.999999900275));
#6315 = PCURVE('',#5073,#6316);
#6316 = DEFINITIONAL_REPRESENTATION('',(#6317),#6321);
#6317 = LINE('',#6318,#6319);
#6318 = CARTESIAN_POINT('',(4.138911435803E-13,0.));
#6319 = VECTOR('',#6320,1.);
#6320 = DIRECTION('',(0.,1.));
#6321 = ( GEOMETRIC_REPRESENTATION_CONTEXT(2) 
PARAMETRIC_REPRESENTATION_CONTEXT() REPRESENTATION_CONTEXT('2D SPACE',''
  ) );
#6322 = PCURVE('',#6202,#6323);
#6323 = DEFINITIONAL_REPRESENTATION('',(#6324),#6328);
#6324 = LINE('',#6325,#6326);
#6325 = CARTESIAN_POINT('',(6.28318530718,0.));
#6326 = VECTOR('',#6327,1.);
#6327 = DIRECTION('',(0.,1.));
#6328 = ( GEOMETRIC_REPRESENTATION_CONTEXT(2) 
PARAMETRIC_REPRESENTATION_CONTEXT() REPRESENTATION_CONTEXT('2D SPACE',''
  ) );
#6329 = ORIENTED_EDGE('',*,*,#5058,.T.);
#6330 = ORIENTED_EDGE('',*,*,#5094,.F.);
#6331 = ORIENTED_EDGE('',*,*,#6332,.F.);
#6332 = EDGE_CURVE('',#6308,#5095,#6333,.T.);
#6333 = SURFACE_CURVE('',#6334,(#6339,#6346),.PCURVE_S1.);
#6334 = CIRCLE('',#6335,53.);
#6335 = AXIS2_PLACEMENT_3D('',#6336,#6337,#6338);
#6336 = CARTESIAN_POINT('',(0.,0.,973.78));
#6337 = DIRECTION('',(0.,0.,1.));
#6338 = DIRECTION('',(1.,0.,0.));
#6339 = PCURVE('',#5073,#6340);
#6340 = DEFINITIONAL_REPRESENTATION('',(#6341),#6345);
#6341 = LINE('',#6342,#6343);
#6342 = CARTESIAN_POINT('',(0.,4.563000455043));
#6343 = VECTOR('',#6344,1.);
#6344 = DIRECTION('',(1.,0.));
#6345 = ( GEOMETRIC_REPRESENTATION_CONTEXT(2) 
PARAMETRIC_REPRESENTATION_CONTEXT() REPRESENTATION_CONTEXT('2D SPACE',''
  ) );
#6346 = PCURVE('',#5145,#6347);
#6347 = DEFINITIONAL_REPRESENTATION('',(#6348),#6352);
#6348 = LINE('',#6349,#6350);
#6349 = CARTESIAN_POINT('',(0.,0.));
#6350 = VECTOR('',#6351,1.);
#6351 = DIRECTION('',(1.,0.));
#6352 = ( GEOMETRIC_REPRESENTATION_CONTEXT(2) 
PARAMETRIC_REPRESENTATION_CONTEXT() REPRESENTATION_CONTEXT('2D SPACE',''
  ) );
#6353 = ADVANCED_FACE('',(#6354),#5389,.T.);
#6354 = FACE_BOUND('',#6355,.T.);
#6355 = EDGE_LOOP('',(#6356,#6357,#6358,#6389,#6390));
#6356 = ORIENTED_EDGE('',*,*,#5295,.T.);
#6357 = ORIENTED_EDGE('',*,*,#5570,.T.);
#6358 = ORIENTED_EDGE('',*,*,#6359,.F.);
#6359 = EDGE_CURVE('',#5911,#5544,#6360,.T.);
#6360 = SURFACE_CURVE('',#6361,(#6373,#6380),.PCURVE_S1.);
#6361 = B_SPLINE_CURVE_WITH_KNOTS('',4,(#6362,#6363,#6364,#6365,#6366,
    #6367,#6368,#6369,#6370,#6371,#6372),.UNSPECIFIED.,.F.,.F.,(5,3,3,5)
  ,(-4.976156096182,-1.263919482576E-14,95.,100.01801006132),
  .UNSPECIFIED.);
#6362 = CARTESIAN_POINT('',(-52.51804860579,44.93566900899,
    1.068847028059E+03));
#6363 = CARTESIAN_POINT('',(-51.25306332694,44.945257021432,
    1.068835530773E+03));
#6364 = CARTESIAN_POINT('',(-49.99506013302,44.954792112849,
    1.068824096947E+03));
#6365 = CARTESIAN_POINT('',(-48.74403902404,44.964274283242,
    1.06881272658E+03));
#6366 = CARTESIAN_POINT('',(-23.75,45.153717718788,1.068585559034E+03));
#6367 = CARTESIAN_POINT('',(1.7763568394E-14,45.333051131753,
    1.068362431523E+03));
#6368 = CARTESIAN_POINT('',(23.75,45.511373589054,1.068132112848E+03));
#6369 = CARTESIAN_POINT('',(48.754502515332,45.697723744065,
    1.067882218522E+03));
#6370 = CARTESIAN_POINT('',(50.009005030663,45.707073129763,
    1.067869681057E+03));
#6371 = CARTESIAN_POINT('',(51.263507545995,45.71642251546,
    1.067857143593E+03));
#6372 = CARTESIAN_POINT('',(52.518010061326,45.725771901158,
    1.067844606129E+03));
#6373 = PCURVE('',#5389,#6374);
#6374 = DEFINITIONAL_REPRESENTATION('',(#6375),#6379);
#6375 = LINE('',#6376,#6377);
#6376 = CARTESIAN_POINT('',(0.,0.));
#6377 = VECTOR('',#6378,1.);
#6378 = DIRECTION('',(0.,1.));
#6379 = ( GEOMETRIC_REPRESENTATION_CONTEXT(2) 
PARAMETRIC_REPRESENTATION_CONTEXT() REPRESENTATION_CONTEXT('2D SPACE',''
  ) );
#6380 = PCURVE('',#5558,#6381);
#6381 = DEFINITIONAL_REPRESENTATION('',(#6382),#6388);
#6382 = B_SPLINE_CURVE_WITH_KNOTS('',4,(#6383,#6384,#6385,#6386,#6387),
  .UNSPECIFIED.,.F.,.F.,(5,5),(-1.263919482576E-14,95.),
  .PIECEWISE_BEZIER_KNOTS.);
#6383 = CARTESIAN_POINT('',(-2.417433955614,6.544645947878E-02));
#6384 = CARTESIAN_POINT('',(22.22711818893,6.633177323885E-02));
#6385 = CARTESIAN_POINT('',(46.906555516432,6.721373894115E-02));
#6386 = CARTESIAN_POINT('',(71.620753261161,6.809073274108E-02));
#6387 = CARTESIAN_POINT('',(96.369207088472,6.896122645017E-02));
#6388 = ( GEOMETRIC_REPRESENTATION_CONTEXT(2) 
PARAMETRIC_REPRESENTATION_CONTEXT() REPRESENTATION_CONTEXT('2D SPACE',''
  ) );
#6389 = ORIENTED_EDGE('',*,*,#5908,.F.);
#6390 = ORIENTED_EDGE('',*,*,#6391,.T.);
#6391 = EDGE_CURVE('',#5909,#5258,#6392,.T.);
#6392 = SURFACE_CURVE('',#6393,(#6405,#6412),.PCURVE_S1.);
#6393 = B_SPLINE_CURVE_WITH_KNOTS('',4,(#6394,#6395,#6396,#6397,#6398,
    #6399,#6400,#6401,#6402,#6403,#6404),.UNSPECIFIED.,.F.,.F.,(5,3,3,5)
  ,(-4.976156096182,-1.263919482576E-14,95.,100.01801006132),
  .UNSPECIFIED.);
#6394 = CARTESIAN_POINT('',(-52.51822889147,31.666228067138,
    1.056914302127E+03));
#6395 = CARTESIAN_POINT('',(-51.25315346978,31.666228067138,
    1.056903855028E+03));
#6396 = CARTESIAN_POINT('',(-49.99509018064,31.666228067138,
    1.056893465836E+03));
#6397 = CARTESIAN_POINT('',(-48.74403902404,31.666228067138,
    1.05688313455E+03));
#6398 = CARTESIAN_POINT('',(-23.75,31.666228067138,1.056676731679E+03));
#6399 = CARTESIAN_POINT('',(3.552713678801E-14,31.666228067138,
    1.056476926403E+03));
#6400 = CARTESIAN_POINT('',(23.75,31.666228067138,1.056273458501E+03));
#6401 = CARTESIAN_POINT('',(48.754502515332,31.666228067138,
    1.056055422029E+03));
#6402 = CARTESIAN_POINT('',(50.00903822381,31.666228067138,
    1.056044482618E+03));
#6403 = CARTESIAN_POINT('',(51.263607125436,31.666228067138,
    1.056033542917E+03));
#6404 = CARTESIAN_POINT('',(52.518209220209,31.666228067138,
    1.056022602927E+03));
#6405 = PCURVE('',#5389,#6406);
#6406 = DEFINITIONAL_REPRESENTATION('',(#6407),#6411);
#6407 = LINE('',#6408,#6409);
#6408 = CARTESIAN_POINT('',(95.,0.));
#6409 = VECTOR('',#6410,1.);
#6410 = DIRECTION('',(0.,1.));
#6411 = ( GEOMETRIC_REPRESENTATION_CONTEXT(2) 
PARAMETRIC_REPRESENTATION_CONTEXT() REPRESENTATION_CONTEXT('2D SPACE',''
  ) );
#6412 = PCURVE('',#5281,#6413);
#6413 = DEFINITIONAL_REPRESENTATION('',(#6414),#6420);
#6414 = B_SPLINE_CURVE_WITH_KNOTS('',4,(#6415,#6416,#6417,#6418,#6419),
  .UNSPECIFIED.,.F.,.F.,(5,5),(-1.263919482576E-14,95.),
  .PIECEWISE_BEZIER_KNOTS.);
#6415 = CARTESIAN_POINT('',(10.336391235334,-8.538757977015));
#6416 = CARTESIAN_POINT('',(25.61353393846,9.646672389245));
#6417 = CARTESIAN_POINT('',(40.893510530189,27.829761717094));
#6418 = CARTESIAN_POINT('',(56.176310866627,46.01051838627));
#6419 = CARTESIAN_POINT('',(71.461909368593,64.188963527402));
#6420 = ( GEOMETRIC_REPRESENTATION_CONTEXT(2) 
PARAMETRIC_REPRESENTATION_CONTEXT() REPRESENTATION_CONTEXT('2D SPACE',''
  ) );
#6421 = ADVANCED_FACE('',(#6422),#5281,.T.);
#6422 = FACE_BOUND('',#6423,.T.);
#6423 = EDGE_LOOP('',(#6424,#6425,#6426,#6445));
#6424 = ORIENTED_EDGE('',*,*,#6391,.F.);
#6425 = ORIENTED_EDGE('',*,*,#6020,.F.);
#6426 = ORIENTED_EDGE('',*,*,#6427,.T.);
#6427 = EDGE_CURVE('',#6021,#5161,#6428,.T.);
#6428 = SURFACE_CURVE('',#6429,(#6433,#6439),.PCURVE_S1.);
#6429 = LINE('',#6430,#6431);
#6430 = CARTESIAN_POINT('',(-23.75,31.666228067138,1.05178E+03));
#6431 = VECTOR('',#6432,1.);
#6432 = DIRECTION('',(1.,0.,-0.));
#6433 = PCURVE('',#5281,#6434);
#6434 = DEFINITIONAL_REPRESENTATION('',(#6435),#6438);
#6435 = B_SPLINE_CURVE_WITH_KNOTS('',1,(#6436,#6437),.UNSPECIFIED.,.F.,
  .F.,(2,2),(-15.61527550564,61.594563403169),.PIECEWISE_BEZIER_KNOTS.);
#6436 = CARTESIAN_POINT('',(19.443647511979,-5.510745324263));
#6437 = CARTESIAN_POINT('',(68.617161438578,54.015087323725));
#6438 = ( GEOMETRIC_REPRESENTATION_CONTEXT(2) 
PARAMETRIC_REPRESENTATION_CONTEXT() REPRESENTATION_CONTEXT('2D SPACE',''
  ) );
#6439 = PCURVE('',#5222,#6440);
#6440 = DEFINITIONAL_REPRESENTATION('',(#6441),#6444);
#6441 = B_SPLINE_CURVE_WITH_KNOTS('',1,(#6442,#6443),.UNSPECIFIED.,.F.,
  .F.,(2,2),(-15.61527550564,61.594563403169),.PIECEWISE_BEZIER_KNOTS.);
#6442 = CARTESIAN_POINT('',(-39.36527550564,31.666228067138));
#6443 = CARTESIAN_POINT('',(37.844563403169,31.666228067138));
#6444 = ( GEOMETRIC_REPRESENTATION_CONTEXT(2) 
PARAMETRIC_REPRESENTATION_CONTEXT() REPRESENTATION_CONTEXT('2D SPACE',''
  ) );
#6445 = ORIENTED_EDGE('',*,*,#5257,.F.);
#6446 = ADVANCED_FACE('',(#6447),#5222,.T.);
#6447 = FACE_BOUND('',#6448,.T.);
#6448 = EDGE_LOOP('',(#6449,#6473,#6495,#6496,#6497));
#6449 = ORIENTED_EDGE('',*,*,#6450,.T.);
#6450 = EDGE_CURVE('',#6054,#6451,#6453,.T.);
#6451 = VERTEX_POINT('',#6452);
#6452 = CARTESIAN_POINT('',(53.,0.,1.05178E+03));
#6453 = SURFACE_CURVE('',#6454,(#6459,#6466),.PCURVE_S1.);
#6454 = CIRCLE('',#6455,53.);
#6455 = AXIS2_PLACEMENT_3D('',#6456,#6457,#6458);
#6456 = CARTESIAN_POINT('',(0.,0.,1.05178E+03));
#6457 = DIRECTION('',(0.,0.,1.));
#6458 = DIRECTION('',(1.,0.,0.));
#6459 = PCURVE('',#5222,#6460);
#6460 = DEFINITIONAL_REPRESENTATION('',(#6461),#6465);
#6461 = CIRCLE('',#6462,53.);
#6462 = AXIS2_PLACEMENT_2D('',#6463,#6464);
#6463 = CARTESIAN_POINT('',(0.,0.));
#6464 = DIRECTION('',(1.,0.));
#6465 = ( GEOMETRIC_REPRESENTATION_CONTEXT(2) 
PARAMETRIC_REPRESENTATION_CONTEXT() REPRESENTATION_CONTEXT('2D SPACE',''
  ) );
#6466 = PCURVE('',#6167,#6467);
#6467 = DEFINITIONAL_REPRESENTATION('',(#6468),#6472);
#6468 = LINE('',#6469,#6470);
#6469 = CARTESIAN_POINT('',(0.,78.));
#6470 = VECTOR('',#6471,1.);
#6471 = DIRECTION('',(1.,0.));
#6472 = ( GEOMETRIC_REPRESENTATION_CONTEXT(2) 
PARAMETRIC_REPRESENTATION_CONTEXT() REPRESENTATION_CONTEXT('2D SPACE',''
  ) );
#6473 = ORIENTED_EDGE('',*,*,#6474,.T.);
#6474 = EDGE_CURVE('',#6451,#5124,#6475,.T.);
#6475 = SURFACE_CURVE('',#6476,(#6481,#6488),.PCURVE_S1.);
#6476 = CIRCLE('',#6477,53.);
#6477 = AXIS2_PLACEMENT_3D('',#6478,#6479,#6480);
#6478 = CARTESIAN_POINT('',(0.,0.,1.05178E+03));
#6479 = DIRECTION('',(0.,0.,1.));
#6480 = DIRECTION('',(1.,0.,0.));
#6481 = PCURVE('',#5222,#6482);
#6482 = DEFINITIONAL_REPRESENTATION('',(#6483),#6487);
#6483 = CIRCLE('',#6484,53.);
#6484 = AXIS2_PLACEMENT_2D('',#6485,#6486);
#6485 = CARTESIAN_POINT('',(0.,0.));
#6486 = DIRECTION('',(1.,0.));
#6487 = ( GEOMETRIC_REPRESENTATION_CONTEXT(2) 
PARAMETRIC_REPRESENTATION_CONTEXT() REPRESENTATION_CONTEXT('2D SPACE',''
  ) );
#6488 = PCURVE('',#5145,#6489);
#6489 = DEFINITIONAL_REPRESENTATION('',(#6490),#6494);
#6490 = LINE('',#6491,#6492);
#6491 = CARTESIAN_POINT('',(0.,78.));
#6492 = VECTOR('',#6493,1.);
#6493 = DIRECTION('',(1.,0.));
#6494 = ( GEOMETRIC_REPRESENTATION_CONTEXT(2) 
PARAMETRIC_REPRESENTATION_CONTEXT() REPRESENTATION_CONTEXT('2D SPACE',''
  ) );
#6495 = ORIENTED_EDGE('',*,*,#5160,.T.);
#6496 = ORIENTED_EDGE('',*,*,#6427,.F.);
#6497 = ORIENTED_EDGE('',*,*,#6053,.F.);
#6498 = ADVANCED_FACE('',(#6499),#5145,.T.);
#6499 = FACE_BOUND('',#6500,.T.);
#6500 = EDGE_LOOP('',(#6501,#6524,#6525,#6526,#6527,#6550,#6779));
#6501 = ORIENTED_EDGE('',*,*,#6502,.F.);
#6502 = EDGE_CURVE('',#6308,#6503,#6505,.T.);
#6503 = VERTEX_POINT('',#6504);
#6504 = CARTESIAN_POINT('',(53.,0.,982.78));
#6505 = SURFACE_CURVE('',#6506,(#6510,#6517),.PCURVE_S1.);
#6506 = LINE('',#6507,#6508);
#6507 = CARTESIAN_POINT('',(53.,0.,973.78));
#6508 = VECTOR('',#6509,1.);
#6509 = DIRECTION('',(0.,0.,1.));
#6510 = PCURVE('',#5145,#6511);
#6511 = DEFINITIONAL_REPRESENTATION('',(#6512),#6516);
#6512 = LINE('',#6513,#6514);
#6513 = CARTESIAN_POINT('',(4.138911435803E-13,0.));
#6514 = VECTOR('',#6515,1.);
#6515 = DIRECTION('',(0.,1.));
#6516 = ( GEOMETRIC_REPRESENTATION_CONTEXT(2) 
PARAMETRIC_REPRESENTATION_CONTEXT() REPRESENTATION_CONTEXT('2D SPACE',''
  ) );
#6517 = PCURVE('',#6167,#6518);
#6518 = DEFINITIONAL_REPRESENTATION('',(#6519),#6523);
#6519 = LINE('',#6520,#6521);
#6520 = CARTESIAN_POINT('',(6.28318530718,0.));
#6521 = VECTOR('',#6522,1.);
#6522 = DIRECTION('',(0.,1.));
#6523 = ( GEOMETRIC_REPRESENTATION_CONTEXT(2) 
PARAMETRIC_REPRESENTATION_CONTEXT() REPRESENTATION_CONTEXT('2D SPACE',''
  ) );
#6524 = ORIENTED_EDGE('',*,*,#6332,.T.);
#6525 = ORIENTED_EDGE('',*,*,#5123,.F.);
#6526 = ORIENTED_EDGE('',*,*,#6474,.F.);
#6527 = ORIENTED_EDGE('',*,*,#6528,.F.);
#6528 = EDGE_CURVE('',#6529,#6451,#6531,.T.);
#6529 = VERTEX_POINT('',#6530);
#6530 = CARTESIAN_POINT('',(53.,3.673940397442E-15,1.04278E+03));
#6531 = SURFACE_CURVE('',#6532,(#6536,#6543),.PCURVE_S1.);
#6532 = LINE('',#6533,#6534);
#6533 = CARTESIAN_POINT('',(53.,0.,973.78));
#6534 = VECTOR('',#6535,1.);
#6535 = DIRECTION('',(0.,0.,1.));
#6536 = PCURVE('',#5145,#6537);
#6537 = DEFINITIONAL_REPRESENTATION('',(#6538),#6542);
#6538 = LINE('',#6539,#6540);
#6539 = CARTESIAN_POINT('',(4.138911435803E-13,0.));
#6540 = VECTOR('',#6541,1.);
#6541 = DIRECTION('',(0.,1.));
#6542 = ( GEOMETRIC_REPRESENTATION_CONTEXT(2) 
PARAMETRIC_REPRESENTATION_CONTEXT() REPRESENTATION_CONTEXT('2D SPACE',''
  ) );
#6543 = PCURVE('',#6167,#6544);
#6544 = DEFINITIONAL_REPRESENTATION('',(#6545),#6549);
#6545 = LINE('',#6546,#6547);
#6546 = CARTESIAN_POINT('',(6.28318530718,0.));
#6547 = VECTOR('',#6548,1.);
#6548 = DIRECTION('',(0.,1.));
#6549 = ( GEOMETRIC_REPRESENTATION_CONTEXT(2) 
PARAMETRIC_REPRESENTATION_CONTEXT() REPRESENTATION_CONTEXT('2D SPACE',''
  ) );
#6550 = ORIENTED_EDGE('',*,*,#6551,.F.);
#6551 = EDGE_CURVE('',#6552,#6529,#6554,.T.);
#6552 = VERTEX_POINT('',#6553);
#6553 = CARTESIAN_POINT('',(43.692104549907,30.,1.01278E+03));
#6554 = SURFACE_CURVE('',#6555,(#6642,#6732),.PCURVE_S1.);
#6555 = B_SPLINE_CURVE_WITH_KNOTS('',7,(#6556,#6557,#6558,#6559,#6560,
    #6561,#6562,#6563,#6564,#6565,#6566,#6567,#6568,#6569,#6570,#6571,
    #6572,#6573,#6574,#6575,#6576,#6577,#6578,#6579,#6580,#6581,#6582,
    #6583,#6584,#6585,#6586,#6587,#6588,#6589,#6590,#6591,#6592,#6593,
    #6594,#6595,#6596,#6597,#6598,#6599,#6600,#6601,#6602,#6603,#6604,
    #6605,#6606,#6607,#6608,#6609,#6610,#6611,#6612,#6613,#6614,#6615,
    #6616,#6617,#6618,#6619,#6620,#6621,#6622,#6623,#6624,#6625,#6626,
    #6627,#6628,#6629,#6630,#6631,#6632,#6633,#6634,#6635,#6636,#6637,
    #6638,#6639,#6640,#6641),.UNSPECIFIED.,.F.,.F.,(8,6,6,6,6,6,6,6,6,6,
    6,6,6,6,8),(0.,6.717130480067E-02,0.108699807735,0.160264652448,
    0.199605316912,0.229420248246,0.310672171539,0.4025199579,
    0.499868642814,0.597252660185,0.689076187288,0.839558406426,
    0.89100175239,0.932595544854,1.),.UNSPECIFIED.);
#6556 = CARTESIAN_POINT('',(53.,-1.836970198721E-15,982.78));
#6557 = CARTESIAN_POINT('',(53.,1.136871914438,982.78));
#6558 = CARTESIAN_POINT('',(52.971549155763,2.2719012399,982.83026315917
    ));
#6559 = CARTESIAN_POINT('',(52.914813862598,3.399416926595,
    982.93049550997));
#6560 = CARTESIAN_POINT('',(52.83071420636,4.513779743117,
    983.07943212409));
#6561 = CARTESIAN_POINT('',(52.720914982779,5.609439877208,
    983.27484122765));
#6562 = CARTESIAN_POINT('',(52.587775839125,6.680992686791,
    983.51350543733));
#6563 = CARTESIAN_POINT('',(52.339350060501,8.367595003884,
    983.96285184238));
#6564 = CARTESIAN_POINT('',(52.236568644381,9.001313499907,
    984.14958390082));
#6565 = CARTESIAN_POINT('',(52.126467359872,9.623970052569,
    984.35064578967));
#6566 = CARTESIAN_POINT('',(52.009615206046,10.235174026414,
    984.5652929463));
#6567 = CARTESIAN_POINT('',(51.886595392429,10.834562110744,
    984.79276489841));
#6568 = CARTESIAN_POINT('',(51.758001620426,11.421798243055,
    985.03228341402));
#6569 = CARTESIAN_POINT('',(51.458587432849,12.710256821051,
    985.59442170356));
#6570 = CARTESIAN_POINT('',(51.28504098853,13.404864786237,
    985.92319453304));
#6571 = CARTESIAN_POINT('',(51.104784309221,14.080458622248,
    986.26814557465));
#6572 = CARTESIAN_POINT('',(50.918763079773,14.737137016032,
    986.62813101087));
#6573 = CARTESIAN_POINT('',(50.727877006166,15.375035792272,
    987.00208567638));
#6574 = CARTESIAN_POINT('',(50.532977429217,15.994327558407,
    987.38902196257));
#6575 = CARTESIAN_POINT('',(50.183717832654,17.053664716438,
    988.09244525103));
#6576 = CARTESIAN_POINT('',(50.030678915746,17.501464840648,
    988.40393140189));
#6577 = CARTESIAN_POINT('',(49.876082960899,17.938768673227,
    988.72212678784));
#6578 = CARTESIAN_POINT('',(49.720247336056,18.365724903322,
    989.04670067413));
#6579 = CARTESIAN_POINT('',(49.563472500128,18.782484046167,
    989.37735214143));
#6580 = CARTESIAN_POINT('',(49.406042499342,19.189198530988,
    989.71381024935));
#6581 = CARTESIAN_POINT('',(49.128621380934,19.886762193349,
    990.31504234332));
#6582 = CARTESIAN_POINT('',(49.008795602484,20.181819891194,
    990.57744616644));
#6583 = CARTESIAN_POINT('',(48.888864829105,20.471262249721,
    990.84294060669));
#6584 = CARTESIAN_POINT('',(48.768942170303,20.755153315185,
    991.11142752051));
#6585 = CARTESIAN_POINT('',(48.649137144227,21.033554812818,
    991.38281568332));
#6586 = CARTESIAN_POINT('',(48.529555677664,21.306526146822,
    991.65702078951));
#6587 = CARTESIAN_POINT('',(48.085303732609,22.303385606037,
    992.68869757839));
#6588 = CARTESIAN_POINT('',(47.762660672273,22.992895647055,
    993.46393316111));
#6589 = CARTESIAN_POINT('',(47.444517395744,23.643628106537,
    994.25795783247));
#6590 = CARTESIAN_POINT('',(47.132851198921,24.256474172353,
    995.06937789029));
#6591 = CARTESIAN_POINT('',(46.829504192224,24.832216199998,
    995.89707692269));
#6592 = CARTESIAN_POINT('',(46.53621728992,25.371501275447,
    996.74017243233));
#6593 = CARTESIAN_POINT('',(45.936394464341,26.443764154015,
    998.56763607672));
#6594 = CARTESIAN_POINT('',(45.633052347107,26.966866434244,
    999.55629048072));
#6595 = CARTESIAN_POINT('',(45.347328967498,27.444313259137,
    1.000562141786E+03));
#6596 = CARTESIAN_POINT('',(45.081738597113,27.876255102303,
    1.001583593389E+03));
#6597 = CARTESIAN_POINT('',(44.838599222554,28.262768285931,
    1.002619223306E+03));
#6598 = CARTESIAN_POINT('',(44.620013108599,28.603821996203,
    1.003667761505E+03));
#6599 = CARTESIAN_POINT('',(44.224172525872,29.212361935813,
    1.00585187624E+03));
#6600 = CARTESIAN_POINT('',(44.050172528905,29.474225736555,
    1.006988931401E+03));
#6601 = CARTESIAN_POINT('',(43.90833088652,29.684229287529,
    1.008136442797E+03));
#6602 = CARTESIAN_POINT('',(43.800590023193,29.842001404915,
    1.00929178303E+03));
#6603 = CARTESIAN_POINT('',(43.728283803347,29.947308396389,
    1.010452442692E+03));
#6604 = CARTESIAN_POINT('',(43.692104549907,30.,1.011615985054E+03));
#6605 = CARTESIAN_POINT('',(43.692104549907,30.,1.013944437423E+03));
#6606 = CARTESIAN_POINT('',(43.728310070304,29.947270141099,
    1.01510840171E+03));
#6607 = CARTESIAN_POINT('',(43.800668744506,29.841886754923,
    1.016269480265E+03));
#6608 = CARTESIAN_POINT('',(43.908487265625,29.684000290315,
    1.017425233814E+03));
#6609 = CARTESIAN_POINT('',(44.050429873699,29.473844722946,
    1.018573150262E+03));
#6610 = CARTESIAN_POINT('',(44.224551403845,29.211791734225,
    1.01971059931E+03));
#6611 = CARTESIAN_POINT('',(44.620540923476,28.602998976131,
    1.021894786803E+03));
#6612 = CARTESIAN_POINT('',(44.839120272647,28.261941539245,
    1.022943024887E+03));
#6613 = CARTESIAN_POINT('',(45.082237032467,27.875447781096,
    1.023978361009E+03));
#6614 = CARTESIAN_POINT('',(45.347790181656,27.44354847341,
    1.024999524876E+03));
#6615 = CARTESIAN_POINT('',(45.633463065526,26.966167654605,
    1.026005094431E+03));
#6616 = CARTESIAN_POINT('',(45.93674287345,26.443155556964,
    1.026993473282E+03));
#6617 = CARTESIAN_POINT('',(46.776408074959,24.942105043899,
    1.029551531696E+03));
#6618 = CARTESIAN_POINT('',(47.337493830937,23.88761950662,
    1.031087852177E+03));
#6619 = CARTESIAN_POINT('',(47.927908701707,22.707400766704,
    1.03256919985E+03));
#6620 = CARTESIAN_POINT('',(48.536747140546,21.395651148809,
    1.03399004589E+03));
#6621 = CARTESIAN_POINT('',(49.151554748898,19.945016270869,
    1.0353411144E+03));
#6622 = CARTESIAN_POINT('',(49.757122796182,18.347498871453,
    1.036608361021E+03));
#6623 = CARTESIAN_POINT('',(50.532110424749,15.996980719277,
    1.038169236522E+03));
#6624 = CARTESIAN_POINT('',(50.726358418402,15.379882372294,
    1.038554902837E+03));
#6625 = CARTESIAN_POINT('',(50.916623388932,14.744305405488,
    1.038927679477E+03));
#6626 = CARTESIAN_POINT('',(51.102063107065,14.09007822374,
    1.039286589653E+03));
#6627 = CARTESIAN_POINT('',(51.281787586859,13.417065445122,
    1.039630579963E+03));
#6628 = CARTESIAN_POINT('',(51.454861417947,12.725168247569,
    1.039958519326E+03));
#6629 = CARTESIAN_POINT('',(51.754074062306,11.4395821946,
    1.040520392697E+03));
#6630 = CARTESIAN_POINT('',(51.882875901071,10.852362367526,
    1.040760343325E+03));
#6631 = CARTESIAN_POINT('',(52.00611054202,10.252972865995,
    1.040988251251E+03));
#6632 = CARTESIAN_POINT('',(52.123183554454,9.641748538612,
    1.04120333739E+03));
#6633 = CARTESIAN_POINT('',(52.233510870495,9.019051526569,
    1.041404840261E+03));
#6634 = CARTESIAN_POINT('',(52.336522506556,8.385271339294,
    1.041592014137E+03));
#6635 = CARTESIAN_POINT('',(52.585850699203,6.696472960534,
    1.042043043506E+03));
#6636 = CARTESIAN_POINT('',(52.719592189037,5.622624898452,
    1.042282804541E+03));
#6637 = CARTESIAN_POINT('',(52.829902634736,4.52451400979,
    1.042479130588E+03));
#6638 = CARTESIAN_POINT('',(52.914402145714,3.407574976396,
    1.042628777123E+03));
#6639 = CARTESIAN_POINT('',(52.971410964019,2.27738942369,
    1.042729492702E+03));
#6640 = CARTESIAN_POINT('',(53.,1.139629570345,1.04278E+03));
#6641 = CARTESIAN_POINT('',(53.,3.673940397442E-15,1.04278E+03));
#6642 = PCURVE('',#5145,#6643);
#6643 = DEFINITIONAL_REPRESENTATION('',(#6644),#6731);
#6644 = B_SPLINE_CURVE_WITH_KNOTS('',7,(#6645,#6646,#6647,#6648,#6649,
    #6650,#6651,#6652,#6653,#6654,#6655,#6656,#6657,#6658,#6659,#6660,
    #6661,#6662,#6663,#6664,#6665,#6666,#6667,#6668,#6669,#6670,#6671,
    #6672,#6673,#6674,#6675,#6676,#6677,#6678,#6679,#6680,#6681,#6682,
    #6683,#6684,#6685,#6686,#6687,#6688,#6689,#6690,#6691,#6692,#6693,
    #6694,#6695,#6696,#6697,#6698,#6699,#6700,#6701,#6702,#6703,#6704,
    #6705,#6706,#6707,#6708,#6709,#6710,#6711,#6712,#6713,#6714,#6715,
    #6716,#6717,#6718,#6719,#6720,#6721,#6722,#6723,#6724,#6725,#6726,
    #6727,#6728,#6729,#6730),.UNSPECIFIED.,.F.,.F.,(8,6,6,6,6,6,6,6,6,6,
    6,6,6,6,8),(0.,6.717130480067E-02,0.108699807735,0.160264652448,
    0.199605316912,0.229420248246,0.310672171539,0.4025199579,
    0.499868642814,0.597252660185,0.689076187288,0.839558406426,
    0.89100175239,0.932595544854,1.),.UNSPECIFIED.);
#6645 = CARTESIAN_POINT('',(0.,9.));
#6646 = CARTESIAN_POINT('',(2.145041347996E-02,9.));
#6647 = CARTESIAN_POINT('',(4.286606465056E-02,9.050263159178));
#6648 = CARTESIAN_POINT('',(6.415605437947E-02,9.150495509974));
#6649 = CARTESIAN_POINT('',(8.522991030108E-02,9.29943212409));
#6650 = CARTESIAN_POINT('',(0.105996780461,9.494841227655));
#6651 = CARTESIAN_POINT('',(0.126365007941,9.733505437338));
#6652 = CARTESIAN_POINT('',(0.158531044036,10.182851842383));
#6653 = CARTESIAN_POINT('',(0.170642956887,10.369583900828));
#6654 = CARTESIAN_POINT('',(0.182571541009,10.570645789678));
#6655 = CARTESIAN_POINT('',(0.194310574427,10.7852929463));
#6656 = CARTESIAN_POINT('',(0.205853904805,11.012764898411));
#6657 = CARTESIAN_POINT('',(0.217195457027,11.252283414025));
#6658 = CARTESIAN_POINT('',(0.242153765895,11.814421703568));
#6659 = CARTESIAN_POINT('',(0.255660603597,12.14319453305));
#6660 = CARTESIAN_POINT('',(0.268850967465,12.488145574655));
#6661 = CARTESIAN_POINT('',(0.281726057344,12.848131010873));
#6662 = CARTESIAN_POINT('',(0.294287165642,13.222085676384));
#6663 = CARTESIAN_POINT('',(0.306535783601,13.609021962578));
#6664 = CARTESIAN_POINT('',(0.327581576797,14.312445251038));
#6665 = CARTESIAN_POINT('',(0.336509905089,14.623931401891));
#6666 = CARTESIAN_POINT('',(0.345260580956,14.942126787848));
#6667 = CARTESIAN_POINT('',(0.353835410125,15.266700674133));
#6668 = CARTESIAN_POINT('',(0.362236138216,15.597352141436));
#6669 = CARTESIAN_POINT('',(0.3704644734,15.933810249356));
#6670 = CARTESIAN_POINT('',(0.384628712939,16.535042343325));
#6671 = CARTESIAN_POINT('',(0.390637251609,16.797446166448));
#6672 = CARTESIAN_POINT('',(0.396548441106,17.062940606697));
#6673 = CARTESIAN_POINT('',(0.402362935466,17.331427520516));
#6674 = CARTESIAN_POINT('',(0.408081326725,17.602815683325));
#6675 = CARTESIAN_POINT('',(0.413704144921,17.877020789519));
#6676 = CARTESIAN_POINT('',(0.434296032536,18.908697578394));
#6677 = CARTESIAN_POINT('',(0.448657071158,19.683933161117));
#6678 = CARTESIAN_POINT('',(0.462320811445,20.477957832474));
#6679 = CARTESIAN_POINT('',(0.475290714662,21.289377890296));
#6680 = CARTESIAN_POINT('',(0.487567596474,22.117076922692));
#6681 = CARTESIAN_POINT('',(0.499149357579,22.960172432331));
#6682 = CARTESIAN_POINT('',(0.522331081998,24.787636076729));
#6683 = CARTESIAN_POINT('',(0.533739003452,25.77629048072));
#6684 = CARTESIAN_POINT('',(0.544235871975,26.782141785521));
#6685 = CARTESIAN_POINT('',(0.553802074121,27.803593388575));
#6686 = CARTESIAN_POINT('',(0.562417193205,28.83922330573));
#6687 = CARTESIAN_POINT('',(0.570060212809,29.887761505007));
#6688 = CARTESIAN_POINT('',(0.583757476479,32.071876240418));
#6689 = CARTESIAN_POINT('',(0.589689305754,33.208931401079));
#6690 = CARTESIAN_POINT('',(0.594470632591,34.356442796646));
#6691 = CARTESIAN_POINT('',(0.598075333456,35.511783030094));
#6692 = CARTESIAN_POINT('',(0.600485545251,36.672442691752));
#6693 = CARTESIAN_POINT('',(0.601691519041,37.835985053712));
#6694 = CARTESIAN_POINT('',(0.601691519041,40.164437422528));
#6695 = CARTESIAN_POINT('',(0.600484669689,41.328401710042));
#6696 = CARTESIAN_POINT('',(0.598072709404,42.48948026516));
#6697 = CARTESIAN_POINT('',(0.594465400579,43.645233814361));
#6698 = CARTESIAN_POINT('',(0.589680630917,44.79315026188));
#6699 = CARTESIAN_POINT('',(0.583744560098,45.930599310305));
#6700 = CARTESIAN_POINT('',(0.570041765509,48.114786802907));
#6701 = CARTESIAN_POINT('',(0.562398755575,49.163024886573));
#6702 = CARTESIAN_POINT('',(0.553784173971,50.19836100861));
#6703 = CARTESIAN_POINT('',(0.544219023103,51.219524876323));
#6704 = CARTESIAN_POINT('',(0.533723711773,52.225094430625));
#6705 = CARTESIAN_POINT('',(0.522317851143,53.213473282067));
#6706 = CARTESIAN_POINT('',(0.489866171186,55.771531696183));
#6707 = CARTESIAN_POINT('',(0.467333994984,57.307852176704));
#6708 = CARTESIAN_POINT('',(0.44244789092,58.789199849966));
#6709 = CARTESIAN_POINT('',(0.415185232144,60.210045889924));
#6710 = CARTESIAN_POINT('',(0.385490016003,61.561114400445));
#6711 = CARTESIAN_POINT('',(0.353286242696,62.828361020616));
#6712 = CARTESIAN_POINT('',(0.306588448116,64.389236521854));
#6713 = CARTESIAN_POINT('',(0.294382985734,64.77490283668));
#6714 = CARTESIAN_POINT('',(0.28186718424,65.147679476849));
#6715 = CARTESIAN_POINT('',(0.269039554337,65.506589652812));
#6716 = CARTESIAN_POINT('',(0.255898802248,65.850579963497));
#6717 = CARTESIAN_POINT('',(0.242443725196,66.178519326467));
#6718 = CARTESIAN_POINT('',(0.217539067511,66.740392697302));
#6719 = CARTESIAN_POINT('',(0.206196975392,66.980343325278));
#6720 = CARTESIAN_POINT('',(0.194652803468,67.208251251403));
#6721 = CARTESIAN_POINT('',(0.182912610229,67.423337390161));
#6722 = CARTESIAN_POINT('',(0.170982531909,67.624840260843));
#6723 = CARTESIAN_POINT('',(0.158868774686,67.81201413727));
#6724 = CARTESIAN_POINT('',(0.126659262793,68.26304350597));
#6725 = CARTESIAN_POINT('',(0.106246688922,68.502804541374));
#6726 = CARTESIAN_POINT('',(8.543290949023E-02,68.6991305884));
#6727 = CARTESIAN_POINT('',(6.431009732289E-02,68.848777123279));
#6728 = CARTESIAN_POINT('',(4.296961532784E-02,68.949492702158));
#6729 = CARTESIAN_POINT('',(2.150244472349E-02,69.));
#6730 = CARTESIAN_POINT('',(0.,69.));
#6731 = ( GEOMETRIC_REPRESENTATION_CONTEXT(2) 
PARAMETRIC_REPRESENTATION_CONTEXT() REPRESENTATION_CONTEXT('2D SPACE',''
  ) );
#6732 = PCURVE('',#6733,#6738);
#6733 = CYLINDRICAL_SURFACE('',#6734,30.);
#6734 = AXIS2_PLACEMENT_3D('',#6735,#6736,#6737);
#6735 = CARTESIAN_POINT('',(43.692104549907,0.,1.01278E+03));
#6736 = DIRECTION('',(1.,0.,0.));
#6737 = DIRECTION('',(0.,0.,1.));
#6738 = DEFINITIONAL_REPRESENTATION('',(#6739),#6778);
#6739 = B_SPLINE_CURVE_WITH_KNOTS('',7,(#6740,#6741,#6742,#6743,#6744,
    #6745,#6746,#6747,#6748,#6749,#6750,#6751,#6752,#6753,#6754,#6755,
    #6756,#6757,#6758,#6759,#6760,#6761,#6762,#6763,#6764,#6765,#6766,
    #6767,#6768,#6769,#6770,#6771,#6772,#6773,#6774,#6775,#6776,#6777),
  .UNSPECIFIED.,.F.,.F.,(8,6,6,6,6,6,8),(0.499868642814,0.597252660185,
    0.689076187288,0.839558406426,0.89100175239,0.932595544854,1.),
  .UNSPECIFIED.);
#6740 = CARTESIAN_POINT('',(4.712388980385,-7.1054273576E-15));
#6741 = CARTESIAN_POINT('',(4.751203561136,-7.252298527953E-15));
#6742 = CARTESIAN_POINT('',(4.790002364045,3.620552039737E-02));
#6743 = CARTESIAN_POINT('',(4.828800517718,0.108564194599));
#6744 = CARTESIAN_POINT('',(4.867611793705,0.216382715718));
#6745 = CARTESIAN_POINT('',(4.906447707501,0.358325323792));
#6746 = CARTESIAN_POINT('',(4.945315807466,0.532446853938));
#6747 = CARTESIAN_POINT('',(5.020897283923,0.928436373569));
#6748 = CARTESIAN_POINT('',(5.057607962585,1.14701572274));
#6749 = CARTESIAN_POINT('',(5.094391582652,1.39013248256));
#6750 = CARTESIAN_POINT('',(5.131288359163,1.655685631749));
#6751 = CARTESIAN_POINT('',(5.168336979322,1.941358515619));
#6752 = CARTESIAN_POINT('',(5.205575254593,2.244638323543));
#6753 = CARTESIAN_POINT('',(5.30444000785,3.084303525052));
#6754 = CARTESIAN_POINT('',(5.366397066217,3.64538928103));
#6755 = CARTESIAN_POINT('',(5.429272943125,4.2358041518));
#6756 = CARTESIAN_POINT('',(5.49341515952,4.844642590639));
#6757 = CARTESIAN_POINT('',(5.559172768963,5.459450198991));
#6758 = CARTESIAN_POINT('',(5.626901079772,6.065018246275));
#6759 = CARTESIAN_POINT('',(5.720953476009,6.840005874842));
#6760 = CARTESIAN_POINT('',(5.745200922512,7.034253868495));
#6761 = CARTESIAN_POINT('',(5.769746296169,7.224518839025));
#6762 = CARTESIAN_POINT('',(5.794601209542,7.409958557159));
#6763 = CARTESIAN_POINT('',(5.819777654197,7.589683036952));
#6764 = CARTESIAN_POINT('',(5.845288403761,7.76275686804));
#6765 = CARTESIAN_POINT('',(5.892055357721,8.0619695124));
#6766 = CARTESIAN_POINT('',(5.913194296765,8.190771351164));
#6767 = CARTESIAN_POINT('',(5.934559113142,8.314005992114));
#6768 = CARTESIAN_POINT('',(5.956145583872,8.431079004547));
#6769 = CARTESIAN_POINT('',(5.977950342893,8.541406320588));
#6770 = CARTESIAN_POINT('',(5.999970839989,8.644417956649));
#6771 = CARTESIAN_POINT('',(6.058237158214,8.893746149296));
#6772 = CARTESIAN_POINT('',(6.094882153443,9.02748763913));
#6773 = CARTESIAN_POINT('',(6.132011355576,9.137798084829));
#6774 = CARTESIAN_POINT('',(6.169509932679,9.222297595807));
#6775 = CARTESIAN_POINT('',(6.207272328086,9.279306414112));
#6776 = CARTESIAN_POINT('',(6.245197654835,9.307895450093));
#6777 = CARTESIAN_POINT('',(6.28318530718,9.307895450093));
#6778 = ( GEOMETRIC_REPRESENTATION_CONTEXT(2) 
PARAMETRIC_REPRESENTATION_CONTEXT() REPRESENTATION_CONTEXT('2D SPACE',''
  ) );
#6779 = ORIENTED_EDGE('',*,*,#6780,.F.);
#6780 = EDGE_CURVE('',#6503,#6552,#6781,.T.);
#6781 = SURFACE_CURVE('',#6782,(#6869,#6959),.PCURVE_S1.);
#6782 = B_SPLINE_CURVE_WITH_KNOTS('',7,(#6783,#6784,#6785,#6786,#6787,
    #6788,#6789,#6790,#6791,#6792,#6793,#6794,#6795,#6796,#6797,#6798,
    #6799,#6800,#6801,#6802,#6803,#6804,#6805,#6806,#6807,#6808,#6809,
    #6810,#6811,#6812,#6813,#6814,#6815,#6816,#6817,#6818,#6819,#6820,
    #6821,#6822,#6823,#6824,#6825,#6826,#6827,#6828,#6829,#6830,#6831,
    #6832,#6833,#6834,#6835,#6836,#6837,#6838,#6839,#6840,#6841,#6842,
    #6843,#6844,#6845,#6846,#6847,#6848,#6849,#6850,#6851,#6852,#6853,
    #6854,#6855,#6856,#6857,#6858,#6859,#6860,#6861,#6862,#6863,#6864,
    #6865,#6866,#6867,#6868),.UNSPECIFIED.,.F.,.F.,(8,6,6,6,6,6,6,6,6,6,
    6,6,6,6,8),(0.,6.717130480067E-02,0.108699807735,0.160264652448,
    0.199605316912,0.229420248246,0.310672171539,0.4025199579,
    0.499868642814,0.597252660185,0.689076187288,0.839558406426,
    0.89100175239,0.932595544854,1.),.UNSPECIFIED.);
#6783 = CARTESIAN_POINT('',(53.,-1.836970198721E-15,982.78));
#6784 = CARTESIAN_POINT('',(53.,1.136871914438,982.78));
#6785 = CARTESIAN_POINT('',(52.971549155763,2.2719012399,982.83026315917
    ));
#6786 = CARTESIAN_POINT('',(52.914813862598,3.399416926595,
    982.93049550997));
#6787 = CARTESIAN_POINT('',(52.83071420636,4.513779743117,
    983.07943212409));
#6788 = CARTESIAN_POINT('',(52.720914982779,5.609439877208,
    983.27484122765));
#6789 = CARTESIAN_POINT('',(52.587775839125,6.680992686791,
    983.51350543733));
#6790 = CARTESIAN_POINT('',(52.339350060501,8.367595003884,
    983.96285184238));
#6791 = CARTESIAN_POINT('',(52.236568644381,9.001313499907,
    984.14958390082));
#6792 = CARTESIAN_POINT('',(52.126467359872,9.623970052569,
    984.35064578967));
#6793 = CARTESIAN_POINT('',(52.009615206046,10.235174026414,
    984.5652929463));
#6794 = CARTESIAN_POINT('',(51.886595392429,10.834562110744,
    984.79276489841));
#6795 = CARTESIAN_POINT('',(51.758001620426,11.421798243055,
    985.03228341402));
#6796 = CARTESIAN_POINT('',(51.458587432849,12.710256821051,
    985.59442170356));
#6797 = CARTESIAN_POINT('',(51.28504098853,13.404864786237,
    985.92319453304));
#6798 = CARTESIAN_POINT('',(51.104784309221,14.080458622248,
    986.26814557465));
#6799 = CARTESIAN_POINT('',(50.918763079773,14.737137016032,
    986.62813101087));
#6800 = CARTESIAN_POINT('',(50.727877006166,15.375035792272,
    987.00208567638));
#6801 = CARTESIAN_POINT('',(50.532977429217,15.994327558407,
    987.38902196257));
#6802 = CARTESIAN_POINT('',(50.183717832654,17.053664716438,
    988.09244525103));
#6803 = CARTESIAN_POINT('',(50.030678915746,17.501464840648,
    988.40393140189));
#6804 = CARTESIAN_POINT('',(49.876082960899,17.938768673227,
    988.72212678784));
#6805 = CARTESIAN_POINT('',(49.720247336056,18.365724903322,
    989.04670067413));
#6806 = CARTESIAN_POINT('',(49.563472500128,18.782484046167,
    989.37735214143));
#6807 = CARTESIAN_POINT('',(49.406042499342,19.189198530988,
    989.71381024935));
#6808 = CARTESIAN_POINT('',(49.128621380934,19.886762193349,
    990.31504234332));
#6809 = CARTESIAN_POINT('',(49.008795602484,20.181819891194,
    990.57744616644));
#6810 = CARTESIAN_POINT('',(48.888864829105,20.471262249721,
    990.84294060669));
#6811 = CARTESIAN_POINT('',(48.768942170303,20.755153315185,
    991.11142752051));
#6812 = CARTESIAN_POINT('',(48.649137144227,21.033554812818,
    991.38281568332));
#6813 = CARTESIAN_POINT('',(48.529555677664,21.306526146822,
    991.65702078951));
#6814 = CARTESIAN_POINT('',(48.085303732609,22.303385606037,
    992.68869757839));
#6815 = CARTESIAN_POINT('',(47.762660672273,22.992895647055,
    993.46393316111));
#6816 = CARTESIAN_POINT('',(47.444517395744,23.643628106537,
    994.25795783247));
#6817 = CARTESIAN_POINT('',(47.132851198921,24.256474172353,
    995.06937789029));
#6818 = CARTESIAN_POINT('',(46.829504192224,24.832216199998,
    995.89707692269));
#6819 = CARTESIAN_POINT('',(46.53621728992,25.371501275447,
    996.74017243233));
#6820 = CARTESIAN_POINT('',(45.936394464341,26.443764154015,
    998.56763607672));
#6821 = CARTESIAN_POINT('',(45.633052347107,26.966866434244,
    999.55629048072));
#6822 = CARTESIAN_POINT('',(45.347328967498,27.444313259137,
    1.000562141786E+03));
#6823 = CARTESIAN_POINT('',(45.081738597113,27.876255102303,
    1.001583593389E+03));
#6824 = CARTESIAN_POINT('',(44.838599222554,28.262768285931,
    1.002619223306E+03));
#6825 = CARTESIAN_POINT('',(44.620013108599,28.603821996203,
    1.003667761505E+03));
#6826 = CARTESIAN_POINT('',(44.224172525872,29.212361935813,
    1.00585187624E+03));
#6827 = CARTESIAN_POINT('',(44.050172528905,29.474225736555,
    1.006988931401E+03));
#6828 = CARTESIAN_POINT('',(43.90833088652,29.684229287529,
    1.008136442797E+03));
#6829 = CARTESIAN_POINT('',(43.800590023193,29.842001404915,
    1.00929178303E+03));
#6830 = CARTESIAN_POINT('',(43.728283803347,29.947308396389,
    1.010452442692E+03));
#6831 = CARTESIAN_POINT('',(43.692104549907,30.,1.011615985054E+03));
#6832 = CARTESIAN_POINT('',(43.692104549907,30.,1.013944437423E+03));
#6833 = CARTESIAN_POINT('',(43.728310070304,29.947270141099,
    1.01510840171E+03));
#6834 = CARTESIAN_POINT('',(43.800668744506,29.841886754923,
    1.016269480265E+03));
#6835 = CARTESIAN_POINT('',(43.908487265625,29.684000290315,
    1.017425233814E+03));
#6836 = CARTESIAN_POINT('',(44.050429873699,29.473844722946,
    1.018573150262E+03));
#6837 = CARTESIAN_POINT('',(44.224551403845,29.211791734225,
    1.01971059931E+03));
#6838 = CARTESIAN_POINT('',(44.620540923476,28.602998976131,
    1.021894786803E+03));
#6839 = CARTESIAN_POINT('',(44.839120272647,28.261941539245,
    1.022943024887E+03));
#6840 = CARTESIAN_POINT('',(45.082237032467,27.875447781096,
    1.023978361009E+03));
#6841 = CARTESIAN_POINT('',(45.347790181656,27.44354847341,
    1.024999524876E+03));
#6842 = CARTESIAN_POINT('',(45.633463065526,26.966167654605,
    1.026005094431E+03));
#6843 = CARTESIAN_POINT('',(45.93674287345,26.443155556964,
    1.026993473282E+03));
#6844 = CARTESIAN_POINT('',(46.776408074959,24.942105043899,
    1.029551531696E+03));
#6845 = CARTESIAN_POINT('',(47.337493830937,23.88761950662,
    1.031087852177E+03));
#6846 = CARTESIAN_POINT('',(47.927908701707,22.707400766704,
    1.03256919985E+03));
#6847 = CARTESIAN_POINT('',(48.536747140546,21.395651148809,
    1.03399004589E+03));
#6848 = CARTESIAN_POINT('',(49.151554748898,19.945016270869,
    1.0353411144E+03));
#6849 = CARTESIAN_POINT('',(49.757122796182,18.347498871453,
    1.036608361021E+03));
#6850 = CARTESIAN_POINT('',(50.532110424749,15.996980719277,
    1.038169236522E+03));
#6851 = CARTESIAN_POINT('',(50.726358418402,15.379882372294,
    1.038554902837E+03));
#6852 = CARTESIAN_POINT('',(50.916623388932,14.744305405488,
    1.038927679477E+03));
#6853 = CARTESIAN_POINT('',(51.102063107065,14.09007822374,
    1.039286589653E+03));
#6854 = CARTESIAN_POINT('',(51.281787586859,13.417065445122,
    1.039630579963E+03));
#6855 = CARTESIAN_POINT('',(51.454861417947,12.725168247569,
    1.039958519326E+03));
#6856 = CARTESIAN_POINT('',(51.754074062306,11.4395821946,
    1.040520392697E+03));
#6857 = CARTESIAN_POINT('',(51.882875901071,10.852362367526,
    1.040760343325E+03));
#6858 = CARTESIAN_POINT('',(52.00611054202,10.252972865995,
    1.040988251251E+03));
#6859 = CARTESIAN_POINT('',(52.123183554454,9.641748538612,
    1.04120333739E+03));
#6860 = CARTESIAN_POINT('',(52.233510870495,9.019051526569,
    1.041404840261E+03));
#6861 = CARTESIAN_POINT('',(52.336522506556,8.385271339294,
    1.041592014137E+03));
#6862 = CARTESIAN_POINT('',(52.585850699203,6.696472960534,
    1.042043043506E+03));
#6863 = CARTESIAN_POINT('',(52.719592189037,5.622624898452,
    1.042282804541E+03));
#6864 = CARTESIAN_POINT('',(52.829902634736,4.52451400979,
    1.042479130588E+03));
#6865 = CARTESIAN_POINT('',(52.914402145714,3.407574976396,
    1.042628777123E+03));
#6866 = CARTESIAN_POINT('',(52.971410964019,2.27738942369,
    1.042729492702E+03));
#6867 = CARTESIAN_POINT('',(53.,1.139629570345,1.04278E+03));
#6868 = CARTESIAN_POINT('',(53.,3.673940397442E-15,1.04278E+03));
#6869 = PCURVE('',#5145,#6870);
#6870 = DEFINITIONAL_REPRESENTATION('',(#6871),#6958);
#6871 = B_SPLINE_CURVE_WITH_KNOTS('',7,(#6872,#6873,#6874,#6875,#6876,
    #6877,#6878,#6879,#6880,#6881,#6882,#6883,#6884,#6885,#6886,#6887,
    #6888,#6889,#6890,#6891,#6892,#6893,#6894,#6895,#6896,#6897,#6898,
    #6899,#6900,#6901,#6902,#6903,#6904,#6905,#6906,#6907,#6908,#6909,
    #6910,#6911,#6912,#6913,#6914,#6915,#6916,#6917,#6918,#6919,#6920,
    #6921,#6922,#6923,#6924,#6925,#6926,#6927,#6928,#6929,#6930,#6931,
    #6932,#6933,#6934,#6935,#6936,#6937,#6938,#6939,#6940,#6941,#6942,
    #6943,#6944,#6945,#6946,#6947,#6948,#6949,#6950,#6951,#6952,#6953,
    #6954,#6955,#6956,#6957),.UNSPECIFIED.,.F.,.F.,(8,6,6,6,6,6,6,6,6,6,
    6,6,6,6,8),(0.,6.717130480067E-02,0.108699807735,0.160264652448,
    0.199605316912,0.229420248246,0.310672171539,0.4025199579,
    0.499868642814,0.597252660185,0.689076187288,0.839558406426,
    0.89100175239,0.932595544854,1.),.UNSPECIFIED.);
#6872 = CARTESIAN_POINT('',(0.,9.));
#6873 = CARTESIAN_POINT('',(2.145041347996E-02,9.));
#6874 = CARTESIAN_POINT('',(4.286606465056E-02,9.050263159178));
#6875 = CARTESIAN_POINT('',(6.415605437947E-02,9.150495509974));
#6876 = CARTESIAN_POINT('',(8.522991030108E-02,9.29943212409));
#6877 = CARTESIAN_POINT('',(0.105996780461,9.494841227655));
#6878 = CARTESIAN_POINT('',(0.126365007941,9.733505437338));
#6879 = CARTESIAN_POINT('',(0.158531044036,10.182851842383));
#6880 = CARTESIAN_POINT('',(0.170642956887,10.369583900828));
#6881 = CARTESIAN_POINT('',(0.182571541009,10.570645789678));
#6882 = CARTESIAN_POINT('',(0.194310574427,10.7852929463));
#6883 = CARTESIAN_POINT('',(0.205853904805,11.012764898411));
#6884 = CARTESIAN_POINT('',(0.217195457027,11.252283414025));
#6885 = CARTESIAN_POINT('',(0.242153765895,11.814421703568));
#6886 = CARTESIAN_POINT('',(0.255660603597,12.14319453305));
#6887 = CARTESIAN_POINT('',(0.268850967465,12.488145574655));
#6888 = CARTESIAN_POINT('',(0.281726057344,12.848131010873));
#6889 = CARTESIAN_POINT('',(0.294287165642,13.222085676384));
#6890 = CARTESIAN_POINT('',(0.306535783601,13.609021962578));
#6891 = CARTESIAN_POINT('',(0.327581576797,14.312445251038));
#6892 = CARTESIAN_POINT('',(0.336509905089,14.623931401891));
#6893 = CARTESIAN_POINT('',(0.345260580956,14.942126787848));
#6894 = CARTESIAN_POINT('',(0.353835410125,15.266700674133));
#6895 = CARTESIAN_POINT('',(0.362236138216,15.597352141436));
#6896 = CARTESIAN_POINT('',(0.3704644734,15.933810249356));
#6897 = CARTESIAN_POINT('',(0.384628712939,16.535042343325));
#6898 = CARTESIAN_POINT('',(0.390637251609,16.797446166448));
#6899 = CARTESIAN_POINT('',(0.396548441106,17.062940606697));
#6900 = CARTESIAN_POINT('',(0.402362935466,17.331427520516));
#6901 = CARTESIAN_POINT('',(0.408081326725,17.602815683325));
#6902 = CARTESIAN_POINT('',(0.413704144921,17.877020789519));
#6903 = CARTESIAN_POINT('',(0.434296032536,18.908697578394));
#6904 = CARTESIAN_POINT('',(0.448657071158,19.683933161117));
#6905 = CARTESIAN_POINT('',(0.462320811445,20.477957832474));
#6906 = CARTESIAN_POINT('',(0.475290714662,21.289377890296));
#6907 = CARTESIAN_POINT('',(0.487567596474,22.117076922692));
#6908 = CARTESIAN_POINT('',(0.499149357579,22.960172432331));
#6909 = CARTESIAN_POINT('',(0.522331081998,24.787636076729));
#6910 = CARTESIAN_POINT('',(0.533739003452,25.77629048072));
#6911 = CARTESIAN_POINT('',(0.544235871975,26.782141785521));
#6912 = CARTESIAN_POINT('',(0.553802074121,27.803593388575));
#6913 = CARTESIAN_POINT('',(0.562417193205,28.83922330573));
#6914 = CARTESIAN_POINT('',(0.570060212809,29.887761505007));
#6915 = CARTESIAN_POINT('',(0.583757476479,32.071876240418));
#6916 = CARTESIAN_POINT('',(0.589689305754,33.208931401079));
#6917 = CARTESIAN_POINT('',(0.594470632591,34.356442796646));
#6918 = CARTESIAN_POINT('',(0.598075333456,35.511783030094));
#6919 = CARTESIAN_POINT('',(0.600485545251,36.672442691752));
#6920 = CARTESIAN_POINT('',(0.601691519041,37.835985053712));
#6921 = CARTESIAN_POINT('',(0.601691519041,40.164437422528));
#6922 = CARTESIAN_POINT('',(0.600484669689,41.328401710042));
#6923 = CARTESIAN_POINT('',(0.598072709404,42.48948026516));
#6924 = CARTESIAN_POINT('',(0.594465400579,43.645233814361));
#6925 = CARTESIAN_POINT('',(0.589680630917,44.79315026188));
#6926 = CARTESIAN_POINT('',(0.583744560098,45.930599310305));
#6927 = CARTESIAN_POINT('',(0.570041765509,48.114786802907));
#6928 = CARTESIAN_POINT('',(0.562398755575,49.163024886573));
#6929 = CARTESIAN_POINT('',(0.553784173971,50.19836100861));
#6930 = CARTESIAN_POINT('',(0.544219023103,51.219524876323));
#6931 = CARTESIAN_POINT('',(0.533723711773,52.225094430625));
#6932 = CARTESIAN_POINT('',(0.522317851143,53.213473282067));
#6933 = CARTESIAN_POINT('',(0.489866171186,55.771531696183));
#6934 = CARTESIAN_POINT('',(0.467333994984,57.307852176704));
#6935 = CARTESIAN_POINT('',(0.44244789092,58.789199849966));
#6936 = CARTESIAN_POINT('',(0.415185232144,60.210045889924));
#6937 = CARTESIAN_POINT('',(0.385490016003,61.561114400445));
#6938 = CARTESIAN_POINT('',(0.353286242696,62.828361020616));
#6939 = CARTESIAN_POINT('',(0.306588448116,64.389236521854));
#6940 = CARTESIAN_POINT('',(0.294382985734,64.77490283668));
#6941 = CARTESIAN_POINT('',(0.28186718424,65.147679476849));
#6942 = CARTESIAN_POINT('',(0.269039554337,65.506589652812));
#6943 = CARTESIAN_POINT('',(0.255898802248,65.850579963497));
#6944 = CARTESIAN_POINT('',(0.242443725196,66.178519326467));
#6945 = CARTESIAN_POINT('',(0.217539067511,66.740392697302));
#6946 = CARTESIAN_POINT('',(0.206196975392,66.980343325278));
#6947 = CARTESIAN_POINT('',(0.194652803468,67.208251251403));
#6948 = CARTESIAN_POINT('',(0.182912610229,67.423337390161));
#6949 = CARTESIAN_POINT('',(0.170982531909,67.624840260843));
#6950 = CARTESIAN_POINT('',(0.158868774686,67.81201413727));
#6951 = CARTESIAN_POINT('',(0.126659262793,68.26304350597));
#6952 = CARTESIAN_POINT('',(0.106246688922,68.502804541374));
#6953 = CARTESIAN_POINT('',(8.543290949023E-02,68.6991305884));
#6954 = CARTESIAN_POINT('',(6.431009732289E-02,68.848777123279));
#6955 = CARTESIAN_POINT('',(4.296961532784E-02,68.949492702158));
#6956 = CARTESIAN_POINT('',(2.150244472349E-02,69.));
#6957 = CARTESIAN_POINT('',(0.,69.));
#6958 = ( GEOMETRIC_REPRESENTATION_CONTEXT(2) 
PARAMETRIC_REPRESENTATION_CONTEXT() REPRESENTATION_CONTEXT('2D SPACE',''
  ) );
#6959 = PCURVE('',#6960,#6965);
#6960 = CYLINDRICAL_SURFACE('',#6961,30.);
#6961 = AXIS2_PLACEMENT_3D('',#6962,#6963,#6964);
#6962 = CARTESIAN_POINT('',(43.692104549907,0.,1.01278E+03));
#6963 = DIRECTION('',(1.,0.,0.));
#6964 = DIRECTION('',(0.,0.,1.));
#6965 = DEFINITIONAL_REPRESENTATION('',(#6966),#7053);
#6966 = B_SPLINE_CURVE_WITH_KNOTS('',7,(#6967,#6968,#6969,#6970,#6971,
    #6972,#6973,#6974,#6975,#6976,#6977,#6978,#6979,#6980,#6981,#6982,
    #6983,#6984,#6985,#6986,#6987,#6988,#6989,#6990,#6991,#6992,#6993,
    #6994,#6995,#6996,#6997,#6998,#6999,#7000,#7001,#7002,#7003,#7004,
    #7005,#7006,#7007,#7008,#7009,#7010,#7011,#7012,#7013,#7014,#7015,
    #7016,#7017,#7018,#7019,#7020,#7021,#7022,#7023,#7024,#7025,#7026,
    #7027,#7028,#7029,#7030,#7031,#7032,#7033,#7034,#7035,#7036,#7037,
    #7038,#7039,#7040,#7041,#7042,#7043,#7044,#7045,#7046,#7047,#7048,
    #7049,#7050,#7051,#7052),.UNSPECIFIED.,.F.,.F.,(8,6,6,6,6,6,6,6,6,6,
    6,6,6,6,8),(0.,6.717130480067E-02,0.108699807735,0.160264652448,
    0.199605316912,0.229420248246,0.310672171539,0.4025199579,
    0.499868642814,0.597252660185,0.689076187288,0.839558406426,
    0.89100175239,0.932595544854,1.),.UNSPECIFIED.);
#6967 = CARTESIAN_POINT('',(3.14159265359,9.307895450093));
#6968 = CARTESIAN_POINT('',(3.179488384071,9.307895450093));
#6969 = CARTESIAN_POINT('',(3.217322693247,9.279444605856));
#6970 = CARTESIAN_POINT('',(3.254995444603,9.222709312691));
#6971 = CARTESIAN_POINT('',(3.292406228282,9.138609656453));
#6972 = CARTESIAN_POINT('',(3.329450011953,9.028810432872));
#6973 = CARTESIAN_POINT('',(3.366012577842,8.895671289218));
#6974 = CARTESIAN_POINT('',(3.424193708496,8.647245510594));
#6975 = CARTESIAN_POINT('',(3.446208073044,8.544464094474));
#6976 = CARTESIAN_POINT('',(3.468007036926,8.434362809965));
#6977 = CARTESIAN_POINT('',(3.489588024002,8.317510656139));
#6978 = CARTESIAN_POINT('',(3.510947642882,8.194490842522));
#6979 = CARTESIAN_POINT('',(3.532081645157,8.065897070519));
#6980 = CARTESIAN_POINT('',(3.578939882471,7.766482882942));
#6981 = CARTESIAN_POINT('',(3.604544052693,7.592936438623));
#6982 = CARTESIAN_POINT('',(3.629811487493,7.412679759314));
#6983 = CARTESIAN_POINT('',(3.654755075341,7.226658529866));
#6984 = CARTESIAN_POINT('',(3.67938690949,7.035772456259));
#6985 = CARTESIAN_POINT('',(3.703718697482,6.84087287931));
#6986 = CARTESIAN_POINT('',(3.746105796373,6.491613282747));
#6987 = CARTESIAN_POINT('',(3.764284229944,6.338574365839));
#6988 = CARTESIAN_POINT('',(3.782304985076,6.183978410992));
#6989 = CARTESIAN_POINT('',(3.800175361478,6.028142786149));
#6990 = CARTESIAN_POINT('',(3.817902561938,5.871367950221));
#6991 = CARTESIAN_POINT('',(3.835493809388,5.713937949435));
#6992 = CARTESIAN_POINT('',(3.866190806958,5.436516831027));
#6993 = CARTESIAN_POINT('',(3.879351248629,5.316691052577));
#6994 = CARTESIAN_POINT('',(3.892440936803,5.196760279198));
#6995 = CARTESIAN_POINT('',(3.905462956186,5.076837620396));
#6996 = CARTESIAN_POINT('',(3.918420328365,4.95703259432));
#6997 = CARTESIAN_POINT('',(3.931316011808,4.837451127757));
#6998 = CARTESIAN_POINT('',(3.97913611193,4.393199182702));
#6999 = CARTESIAN_POINT('',(4.013690118667,4.070556122366));
#7000 = CARTESIAN_POINT('',(4.047866185682,3.752412845837));
#7001 = CARTESIAN_POINT('',(4.081713914873,3.440746649014));
#7002 = CARTESIAN_POINT('',(4.115281794378,3.137399642317));
#7003 = CARTESIAN_POINT('',(4.148617746519,2.844112740013));
#7004 = CARTESIAN_POINT('',(4.219244866368,2.244289914435));
#7005 = CARTESIAN_POINT('',(4.256492638268,1.9409477972));
#7006 = CARTESIAN_POINT('',(4.293550643856,1.655224417591));
#7007 = CARTESIAN_POINT('',(4.330456759954,1.389634047206));
#7008 = CARTESIAN_POINT('',(4.367249740142,1.146494672647));
#7009 = CARTESIAN_POINT('',(4.403969867112,0.927908558692));
#7010 = CARTESIAN_POINT('',(4.479546745084,0.532067975965));
#7011 = CARTESIAN_POINT('',(4.518400678876,0.358067978998));
#7012 = CARTESIAN_POINT('',(4.557222469092,0.216226336613));
#7013 = CARTESIAN_POINT('',(4.59601965685,0.108485473286));
#7014 = CARTESIAN_POINT('',(4.634803743438,3.617925344013E-02));
#7015 = CARTESIAN_POINT('',(4.673588482175,-6.958609474423E-15));
#7016 = CARTESIAN_POINT('',(4.751203561136,-7.252298527953E-15));
#7017 = CARTESIAN_POINT('',(4.790002364045,3.620552039737E-02));
#7018 = CARTESIAN_POINT('',(4.828800517718,0.108564194599));
#7019 = CARTESIAN_POINT('',(4.867611793705,0.216382715718));
#7020 = CARTESIAN_POINT('',(4.906447707501,0.358325323792));
#7021 = CARTESIAN_POINT('',(4.945315807466,0.532446853938));
#7022 = CARTESIAN_POINT('',(5.020897283923,0.928436373569));
#7023 = CARTESIAN_POINT('',(5.057607962585,1.14701572274));
#7024 = CARTESIAN_POINT('',(5.094391582652,1.39013248256));
#7025 = CARTESIAN_POINT('',(5.131288359163,1.655685631749));
#7026 = CARTESIAN_POINT('',(5.168336979322,1.941358515619));
#7027 = CARTESIAN_POINT('',(5.205575254593,2.244638323543));
#7028 = CARTESIAN_POINT('',(5.30444000785,3.084303525052));
#7029 = CARTESIAN_POINT('',(5.366397066217,3.64538928103));
#7030 = CARTESIAN_POINT('',(5.429272943125,4.2358041518));
#7031 = CARTESIAN_POINT('',(5.49341515952,4.844642590639));
#7032 = CARTESIAN_POINT('',(5.559172768963,5.459450198991));
#7033 = CARTESIAN_POINT('',(5.626901079772,6.065018246275));
#7034 = CARTESIAN_POINT('',(5.720953476009,6.840005874842));
#7035 = CARTESIAN_POINT('',(5.745200922512,7.034253868495));
#7036 = CARTESIAN_POINT('',(5.769746296169,7.224518839025));
#7037 = CARTESIAN_POINT('',(5.794601209542,7.409958557159));
#7038 = CARTESIAN_POINT('',(5.819777654197,7.589683036952));
#7039 = CARTESIAN_POINT('',(5.845288403761,7.76275686804));
#7040 = CARTESIAN_POINT('',(5.892055357721,8.0619695124));
#7041 = CARTESIAN_POINT('',(5.913194296765,8.190771351164));
#7042 = CARTESIAN_POINT('',(5.934559113142,8.314005992114));
#7043 = CARTESIAN_POINT('',(5.956145583872,8.431079004547));
#7044 = CARTESIAN_POINT('',(5.977950342893,8.541406320588));
#7045 = CARTESIAN_POINT('',(5.999970839989,8.644417956649));
#7046 = CARTESIAN_POINT('',(6.058237158214,8.893746149296));
#7047 = CARTESIAN_POINT('',(6.094882153443,9.02748763913));
#7048 = CARTESIAN_POINT('',(6.132011355576,9.137798084829));
#7049 = CARTESIAN_POINT('',(6.169509932679,9.222297595807));
#7050 = CARTESIAN_POINT('',(6.207272328086,9.279306414112));
#7051 = CARTESIAN_POINT('',(6.245197654835,9.307895450093));
#7052 = CARTESIAN_POINT('',(6.28318530718,9.307895450093));
#7053 = ( GEOMETRIC_REPRESENTATION_CONTEXT(2) 
PARAMETRIC_REPRESENTATION_CONTEXT() REPRESENTATION_CONTEXT('2D SPACE',''
  ) );
#7054 = ADVANCED_FACE('',(#7055,#7108),#5531,.F.);
#7055 = FACE_BOUND('',#7056,.F.);
#7056 = EDGE_LOOP('',(#7057,#7085,#7106,#7107));
#7057 = ORIENTED_EDGE('',*,*,#7058,.T.);
#7058 = EDGE_CURVE('',#5517,#7059,#7061,.T.);
#7059 = VERTEX_POINT('',#7060);
#7060 = CARTESIAN_POINT('',(28.43241741755,290.,1.035858077038E+03));
#7061 = SURFACE_CURVE('',#7062,(#7066,#7073),.PCURVE_S1.);
#7062 = LINE('',#7063,#7064);
#7063 = CARTESIAN_POINT('',(28.43241741755,235.,1.035858077038E+03));
#7064 = VECTOR('',#7065,1.);
#7065 = DIRECTION('',(0.,1.,0.));
#7066 = PCURVE('',#5531,#7067);
#7067 = DEFINITIONAL_REPRESENTATION('',(#7068),#7072);
#7068 = LINE('',#7069,#7070);
#7069 = CARTESIAN_POINT('',(0.,0.));
#7070 = VECTOR('',#7071,1.);
#7071 = DIRECTION('',(0.,-1.));
#7072 = ( GEOMETRIC_REPRESENTATION_CONTEXT(2) 
PARAMETRIC_REPRESENTATION_CONTEXT() REPRESENTATION_CONTEXT('2D SPACE',''
  ) );
#7073 = PCURVE('',#7074,#7079);
#7074 = PLANE('',#7075);
#7075 = AXIS2_PLACEMENT_3D('',#7076,#7077,#7078);
#7076 = CARTESIAN_POINT('',(-11.95219796706,235.,1.047394230654E+03));
#7077 = DIRECTION('',(-0.274670324175,0.,-0.961538461538));
#7078 = DIRECTION('',(0.961538461538,0.,-0.274670324175));
#7079 = DEFINITIONAL_REPRESENTATION('',(#7080),#7084);
#7080 = LINE('',#7081,#7082);
#7081 = CARTESIAN_POINT('',(42.,0.));
#7082 = VECTOR('',#7083,1.);
#7083 = DIRECTION('',(0.,-1.));
#7084 = ( GEOMETRIC_REPRESENTATION_CONTEXT(2) 
PARAMETRIC_REPRESENTATION_CONTEXT() REPRESENTATION_CONTEXT('2D SPACE',''
  ) );
#7085 = ORIENTED_EDGE('',*,*,#7086,.T.);
#7086 = EDGE_CURVE('',#7059,#5603,#7087,.T.);
#7087 = SURFACE_CURVE('',#7088,(#7092,#7099),.PCURVE_S1.);
#7088 = LINE('',#7089,#7090);
#7089 = CARTESIAN_POINT('',(28.43241741755,290.,1.035858077038E+03));
#7090 = VECTOR('',#7091,1.);
#7091 = DIRECTION('',(-0.274670324175,0.,-0.961538461538));
#7092 = PCURVE('',#5531,#7093);
#7093 = DEFINITIONAL_REPRESENTATION('',(#7094),#7098);
#7094 = LINE('',#7095,#7096);
#7095 = CARTESIAN_POINT('',(0.,-55.));
#7096 = VECTOR('',#7097,1.);
#7097 = DIRECTION('',(1.,0.));
#7098 = ( GEOMETRIC_REPRESENTATION_CONTEXT(2) 
PARAMETRIC_REPRESENTATION_CONTEXT() REPRESENTATION_CONTEXT('2D SPACE',''
  ) );
#7099 = PCURVE('',#5641,#7100);
#7100 = DEFINITIONAL_REPRESENTATION('',(#7101),#7105);
#7101 = LINE('',#7102,#7103);
#7102 = CARTESIAN_POINT('',(23.078077038485,28.432417417549));
#7103 = VECTOR('',#7104,1.);
#7104 = DIRECTION('',(-0.961538461538,-0.274670324175));
#7105 = ( GEOMETRIC_REPRESENTATION_CONTEXT(2) 
PARAMETRIC_REPRESENTATION_CONTEXT() REPRESENTATION_CONTEXT('2D SPACE',''
  ) );
#7106 = ORIENTED_EDGE('',*,*,#5602,.F.);
#7107 = ORIENTED_EDGE('',*,*,#5516,.F.);
#7108 = FACE_BOUND('',#7109,.F.);
#7109 = EDGE_LOOP('',(#7110));
#7110 = ORIENTED_EDGE('',*,*,#7111,.T.);
#7111 = EDGE_CURVE('',#7112,#7112,#7114,.T.);
#7112 = VERTEX_POINT('',#7113);
#7113 = CARTESIAN_POINT('',(22.66434060988,260.,1.015665769346E+03));
#7114 = SURFACE_CURVE('',#7115,(#7120,#7131),.PCURVE_S1.);
#7115 = CIRCLE('',#7116,9.);
#7116 = AXIS2_PLACEMENT_3D('',#7117,#7118,#7119);
#7117 = CARTESIAN_POINT('',(20.192307692308,260.,1.007011923192E+03));
#7118 = DIRECTION('',(0.961538461538,0.,-0.274670324175));
#7119 = DIRECTION('',(0.274670324175,0.,0.961538461538));
#7120 = PCURVE('',#5531,#7121);
#7121 = DEFINITIONAL_REPRESENTATION('',(#7122),#7130);
#7122 = ( BOUNDED_CURVE() B_SPLINE_CURVE(2,(#7123,#7124,#7125,#7126,
#7127,#7128,#7129),.UNSPECIFIED.,.T.,.F.) B_SPLINE_CURVE_WITH_KNOTS((1,2
    ,2,2,2,1),(-2.094395102393,0.,2.094395102393,4.188790204786,
6.28318530718,8.377580409573),.UNSPECIFIED.) CURVE() 
GEOMETRIC_REPRESENTATION_ITEM() RATIONAL_B_SPLINE_CURVE((1.,0.5,1.,0.5,
1.,0.5,1.)) REPRESENTATION_ITEM('') );
#7123 = CARTESIAN_POINT('',(21.,-25.));
#7124 = CARTESIAN_POINT('',(21.,-9.41154273188));
#7125 = CARTESIAN_POINT('',(34.5,-17.20577136594));
#7126 = CARTESIAN_POINT('',(48.,-25.));
#7127 = CARTESIAN_POINT('',(34.5,-32.79422863406));
#7128 = CARTESIAN_POINT('',(21.,-40.58845726812));
#7129 = CARTESIAN_POINT('',(21.,-25.));
#7130 = ( GEOMETRIC_REPRESENTATION_CONTEXT(2) 
PARAMETRIC_REPRESENTATION_CONTEXT() REPRESENTATION_CONTEXT('2D SPACE',''
  ) );
#7131 = PCURVE('',#7132,#7137);
#7132 = CYLINDRICAL_SURFACE('',#7133,9.);
#7133 = AXIS2_PLACEMENT_3D('',#7134,#7135,#7136);
#7134 = CARTESIAN_POINT('',(-48.07692307692,260.,1.026513516209E+03));
#7135 = DIRECTION('',(0.961538461538,0.,-0.274670324175));
#7136 = DIRECTION('',(0.274670324175,0.,0.961538461538));
#7137 = DEFINITIONAL_REPRESENTATION('',(#7138),#7142);
#7138 = LINE('',#7139,#7140);
#7139 = CARTESIAN_POINT('',(0.,71.));
#7140 = VECTOR('',#7141,1.);
#7141 = DIRECTION('',(1.,0.));
#7142 = ( GEOMETRIC_REPRESENTATION_CONTEXT(2) 
PARAMETRIC_REPRESENTATION_CONTEXT() REPRESENTATION_CONTEXT('2D SPACE',''
  ) );
#7143 = ADVANCED_FACE('',(#7144),#5558,.T.);
#7144 = FACE_BOUND('',#7145,.T.);
#7145 = EDGE_LOOP('',(#7146,#7147,#7169,#7194,#7195,#7196));
#7146 = ORIENTED_EDGE('',*,*,#5543,.T.);
#7147 = ORIENTED_EDGE('',*,*,#7148,.F.);
#7148 = EDGE_CURVE('',#7149,#5517,#7151,.T.);
#7149 = VERTEX_POINT('',#7150);
#7150 = CARTESIAN_POINT('',(8.240109725242,235.,1.041626153846E+03));
#7151 = SURFACE_CURVE('',#7152,(#7156,#7162),.PCURVE_S1.);
#7152 = LINE('',#7153,#7154);
#7153 = CARTESIAN_POINT('',(-11.95219796706,235.,1.047394230654E+03));
#7154 = VECTOR('',#7155,1.);
#7155 = DIRECTION('',(0.961538461538,0.,-0.274670324175));
#7156 = PCURVE('',#5558,#7157);
#7157 = DEFINITIONAL_REPRESENTATION('',(#7158),#7161);
#7158 = B_SPLINE_CURVE_WITH_KNOTS('',1,(#7159,#7160),.UNSPECIFIED.,.F.,
  .F.,(2,2),(0.,42.),.PIECEWISE_BEZIER_KNOTS.);
#7159 = CARTESIAN_POINT('',(0.,1.));
#7160 = CARTESIAN_POINT('',(95.,1.));
#7161 = ( GEOMETRIC_REPRESENTATION_CONTEXT(2) 
PARAMETRIC_REPRESENTATION_CONTEXT() REPRESENTATION_CONTEXT('2D SPACE',''
  ) );
#7162 = PCURVE('',#7074,#7163);
#7163 = DEFINITIONAL_REPRESENTATION('',(#7164),#7168);
#7164 = LINE('',#7165,#7166);
#7165 = CARTESIAN_POINT('',(0.,0.));
#7166 = VECTOR('',#7167,1.);
#7167 = DIRECTION('',(1.,0.));
#7168 = ( GEOMETRIC_REPRESENTATION_CONTEXT(2) 
PARAMETRIC_REPRESENTATION_CONTEXT() REPRESENTATION_CONTEXT('2D SPACE',''
  ) );
#7169 = ORIENTED_EDGE('',*,*,#7170,.F.);
#7170 = EDGE_CURVE('',#5820,#7149,#7171,.T.);
#7171 = SURFACE_CURVE('',#7172,(#7176,#7182),.PCURVE_S1.);
#7172 = LINE('',#7173,#7174);
#7173 = CARTESIAN_POINT('',(-11.95219796706,235.,1.047394230654E+03));
#7174 = VECTOR('',#7175,1.);
#7175 = DIRECTION('',(0.961538461538,0.,-0.274670324175));
#7176 = PCURVE('',#5558,#7177);
#7177 = DEFINITIONAL_REPRESENTATION('',(#7178),#7181);
#7178 = B_SPLINE_CURVE_WITH_KNOTS('',1,(#7179,#7180),.UNSPECIFIED.,.F.,
  .F.,(2,2),(0.,42.),.PIECEWISE_BEZIER_KNOTS.);
#7179 = CARTESIAN_POINT('',(0.,1.));
#7180 = CARTESIAN_POINT('',(95.,1.));
#7181 = ( GEOMETRIC_REPRESENTATION_CONTEXT(2) 
PARAMETRIC_REPRESENTATION_CONTEXT() REPRESENTATION_CONTEXT('2D SPACE',''
  ) );
#7182 = PCURVE('',#7183,#7188);
#7183 = PLANE('',#7184);
#7184 = AXIS2_PLACEMENT_3D('',#7185,#7186,#7187);
#7185 = CARTESIAN_POINT('',(-11.95219796706,235.,1.047394230654E+03));
#7186 = DIRECTION('',(-0.274670324175,0.,-0.961538461538));
#7187 = DIRECTION('',(0.961538461538,0.,-0.274670324175));
#7188 = DEFINITIONAL_REPRESENTATION('',(#7189),#7193);
#7189 = LINE('',#7190,#7191);
#7190 = CARTESIAN_POINT('',(0.,0.));
#7191 = VECTOR('',#7192,1.);
#7192 = DIRECTION('',(1.,0.));
#7193 = ( GEOMETRIC_REPRESENTATION_CONTEXT(2) 
PARAMETRIC_REPRESENTATION_CONTEXT() REPRESENTATION_CONTEXT('2D SPACE',''
  ) );
#7194 = ORIENTED_EDGE('',*,*,#5817,.F.);
#7195 = ORIENTED_EDGE('',*,*,#6249,.F.);
#7196 = ORIENTED_EDGE('',*,*,#6359,.T.);
#7197 = ADVANCED_FACE('',(#7198),#5694,.F.);
#7198 = FACE_BOUND('',#7199,.F.);
#7199 = EDGE_LOOP('',(#7200,#7201,#7224,#7250,#7278,#7299));
#7200 = ORIENTED_EDGE('',*,*,#5679,.T.);
#7201 = ORIENTED_EDGE('',*,*,#7202,.T.);
#7202 = EDGE_CURVE('',#5654,#7203,#7205,.T.);
#7203 = VERTEX_POINT('',#7204);
#7204 = CARTESIAN_POINT('',(18.817032802165,246.,1.03860478028E+03));
#7205 = SURFACE_CURVE('',#7206,(#7210,#7217),.PCURVE_S1.);
#7206 = LINE('',#7207,#7208);
#7207 = CARTESIAN_POINT('',(-3.156593131813,246.,961.68170335715));
#7208 = VECTOR('',#7209,1.);
#7209 = DIRECTION('',(0.274670324175,0.,0.961538461538));
#7210 = PCURVE('',#5694,#7211);
#7211 = DEFINITIONAL_REPRESENTATION('',(#7212),#7216);
#7212 = LINE('',#7213,#7214);
#7213 = CARTESIAN_POINT('',(6.28318530718,-0.));
#7214 = VECTOR('',#7215,1.);
#7215 = DIRECTION('',(0.,1.));
#7216 = ( GEOMETRIC_REPRESENTATION_CONTEXT(2) 
PARAMETRIC_REPRESENTATION_CONTEXT() REPRESENTATION_CONTEXT('2D SPACE',''
  ) );
#7217 = PCURVE('',#5668,#7218);
#7218 = DEFINITIONAL_REPRESENTATION('',(#7219),#7223);
#7219 = LINE('',#7220,#7221);
#7220 = CARTESIAN_POINT('',(0.,50.));
#7221 = VECTOR('',#7222,1.);
#7222 = DIRECTION('',(0.,-1.));
#7223 = ( GEOMETRIC_REPRESENTATION_CONTEXT(2) 
PARAMETRIC_REPRESENTATION_CONTEXT() REPRESENTATION_CONTEXT('2D SPACE',''
  ) );
#7224 = ORIENTED_EDGE('',*,*,#7225,.F.);
#7225 = EDGE_CURVE('',#7149,#7203,#7226,.T.);
#7226 = SURFACE_CURVE('',#7227,(#7232,#7239),.PCURVE_S1.);
#7227 = CIRCLE('',#7228,11.);
#7228 = AXIS2_PLACEMENT_3D('',#7229,#7230,#7231);
#7229 = CARTESIAN_POINT('',(8.240109725242,246.,1.041626153846E+03));
#7230 = DIRECTION('',(0.274670324175,0.,0.961538461538));
#7231 = DIRECTION('',(0.961538461538,0.,-0.274670324175));
#7232 = PCURVE('',#5694,#7233);
#7233 = DEFINITIONAL_REPRESENTATION('',(#7234),#7238);
#7234 = LINE('',#7235,#7236);
#7235 = CARTESIAN_POINT('',(0.,80.));
#7236 = VECTOR('',#7237,1.);
#7237 = DIRECTION('',(1.,0.));
#7238 = ( GEOMETRIC_REPRESENTATION_CONTEXT(2) 
PARAMETRIC_REPRESENTATION_CONTEXT() REPRESENTATION_CONTEXT('2D SPACE',''
  ) );
#7239 = PCURVE('',#7074,#7240);
#7240 = DEFINITIONAL_REPRESENTATION('',(#7241),#7249);
#7241 = ( BOUNDED_CURVE() B_SPLINE_CURVE(2,(#7242,#7243,#7244,#7245,
#7246,#7247,#7248),.UNSPECIFIED.,.T.,.F.) B_SPLINE_CURVE_WITH_KNOTS((1,2
    ,2,2,2,1),(-2.094395102393,0.,2.094395102393,4.188790204786,
6.28318530718,8.377580409573),.UNSPECIFIED.) CURVE() 
GEOMETRIC_REPRESENTATION_ITEM() RATIONAL_B_SPLINE_CURVE((1.,0.5,1.,0.5,
1.,0.5,1.)) REPRESENTATION_ITEM('') );
#7242 = CARTESIAN_POINT('',(32.,-11.));
#7243 = CARTESIAN_POINT('',(32.,-30.05255888325));
#7244 = CARTESIAN_POINT('',(15.5,-20.52627944162));
#7245 = CARTESIAN_POINT('',(-1.,-11.));
#7246 = CARTESIAN_POINT('',(15.5,-1.473720558371));
#7247 = CARTESIAN_POINT('',(32.,8.052558883258));
#7248 = CARTESIAN_POINT('',(32.,-11.));
#7249 = ( GEOMETRIC_REPRESENTATION_CONTEXT(2) 
PARAMETRIC_REPRESENTATION_CONTEXT() REPRESENTATION_CONTEXT('2D SPACE',''
  ) );
#7250 = ORIENTED_EDGE('',*,*,#7251,.F.);
#7251 = EDGE_CURVE('',#7252,#7149,#7254,.T.);
#7252 = VERTEX_POINT('',#7253);
#7253 = CARTESIAN_POINT('',(-2.336813351681,246.,1.044647527412E+03));
#7254 = SURFACE_CURVE('',#7255,(#7260,#7267),.PCURVE_S1.);
#7255 = CIRCLE('',#7256,11.);
#7256 = AXIS2_PLACEMENT_3D('',#7257,#7258,#7259);
#7257 = CARTESIAN_POINT('',(8.240109725242,246.,1.041626153846E+03));
#7258 = DIRECTION('',(0.274670324175,0.,0.961538461538));
#7259 = DIRECTION('',(0.961538461538,0.,-0.274670324175));
#7260 = PCURVE('',#5694,#7261);
#7261 = DEFINITIONAL_REPRESENTATION('',(#7262),#7266);
#7262 = LINE('',#7263,#7264);
#7263 = CARTESIAN_POINT('',(0.,80.));
#7264 = VECTOR('',#7265,1.);
#7265 = DIRECTION('',(1.,0.));
#7266 = ( GEOMETRIC_REPRESENTATION_CONTEXT(2) 
PARAMETRIC_REPRESENTATION_CONTEXT() REPRESENTATION_CONTEXT('2D SPACE',''
  ) );
#7267 = PCURVE('',#7183,#7268);
#7268 = DEFINITIONAL_REPRESENTATION('',(#7269),#7277);
#7269 = ( BOUNDED_CURVE() B_SPLINE_CURVE(2,(#7270,#7271,#7272,#7273,
#7274,#7275,#7276),.UNSPECIFIED.,.T.,.F.) B_SPLINE_CURVE_WITH_KNOTS((1,2
    ,2,2,2,1),(-2.094395102393,0.,2.094395102393,4.188790204786,
6.28318530718,8.377580409573),.UNSPECIFIED.) CURVE() 
GEOMETRIC_REPRESENTATION_ITEM() RATIONAL_B_SPLINE_CURVE((1.,0.5,1.,0.5,
1.,0.5,1.)) REPRESENTATION_ITEM('') );
#7270 = CARTESIAN_POINT('',(32.,-11.));
#7271 = CARTESIAN_POINT('',(32.,-30.05255888325));
#7272 = CARTESIAN_POINT('',(15.5,-20.52627944162));
#7273 = CARTESIAN_POINT('',(-1.,-11.));
#7274 = CARTESIAN_POINT('',(15.5,-1.473720558371));
#7275 = CARTESIAN_POINT('',(32.,8.052558883258));
#7276 = CARTESIAN_POINT('',(32.,-11.));
#7277 = ( GEOMETRIC_REPRESENTATION_CONTEXT(2) 
PARAMETRIC_REPRESENTATION_CONTEXT() REPRESENTATION_CONTEXT('2D SPACE',''
  ) );
#7278 = ORIENTED_EDGE('',*,*,#7279,.T.);
#7279 = EDGE_CURVE('',#7252,#5711,#7280,.T.);
#7280 = SURFACE_CURVE('',#7281,(#7285,#7292),.PCURVE_S1.);
#7281 = LINE('',#7282,#7283);
#7282 = CARTESIAN_POINT('',(16.890109340549,246.,1.11195521972E+03));
#7283 = VECTOR('',#7284,1.);
#7284 = DIRECTION('',(-0.274670324175,0.,-0.961538461538));
#7285 = PCURVE('',#5694,#7286);
#7286 = DEFINITIONAL_REPRESENTATION('',(#7287),#7291);
#7287 = LINE('',#7288,#7289);
#7288 = CARTESIAN_POINT('',(3.14159265359,150.));
#7289 = VECTOR('',#7290,1.);
#7290 = DIRECTION('',(0.,-1.));
#7291 = ( GEOMETRIC_REPRESENTATION_CONTEXT(2) 
PARAMETRIC_REPRESENTATION_CONTEXT() REPRESENTATION_CONTEXT('2D SPACE',''
  ) );
#7292 = PCURVE('',#5749,#7293);
#7293 = DEFINITIONAL_REPRESENTATION('',(#7294),#7298);
#7294 = LINE('',#7295,#7296);
#7295 = CARTESIAN_POINT('',(49.,-100.));
#7296 = VECTOR('',#7297,1.);
#7297 = DIRECTION('',(-0.,1.));
#7298 = ( GEOMETRIC_REPRESENTATION_CONTEXT(2) 
PARAMETRIC_REPRESENTATION_CONTEXT() REPRESENTATION_CONTEXT('2D SPACE',''
  ) );
#7299 = ORIENTED_EDGE('',*,*,#5710,.T.);
#7300 = ADVANCED_FACE('',(#7301,#7345),#5668,.T.);
#7301 = FACE_BOUND('',#7302,.T.);
#7302 = EDGE_LOOP('',(#7303,#7304,#7325,#7344));
#7303 = ORIENTED_EDGE('',*,*,#7202,.T.);
#7304 = ORIENTED_EDGE('',*,*,#7305,.T.);
#7305 = EDGE_CURVE('',#7203,#7306,#7308,.T.);
#7306 = VERTEX_POINT('',#7307);
#7307 = CARTESIAN_POINT('',(18.817032802165,290.,1.03860478028E+03));
#7308 = SURFACE_CURVE('',#7309,(#7313,#7319),.PCURVE_S1.);
#7309 = LINE('',#7310,#7311);
#7310 = CARTESIAN_POINT('',(18.817032802165,240.5,1.03860478028E+03));
#7311 = VECTOR('',#7312,1.);
#7312 = DIRECTION('',(0.,1.,0.));
#7313 = PCURVE('',#5668,#7314);
#7314 = DEFINITIONAL_REPRESENTATION('',(#7315),#7318);
#7315 = B_SPLINE_CURVE_WITH_KNOTS('',1,(#7316,#7317),.UNSPECIFIED.,.F.,
  .F.,(2,2),(5.5,49.5),.PIECEWISE_BEZIER_KNOTS.);
#7316 = CARTESIAN_POINT('',(0.,-30.));
#7317 = CARTESIAN_POINT('',(44.,-30.));
#7318 = ( GEOMETRIC_REPRESENTATION_CONTEXT(2) 
PARAMETRIC_REPRESENTATION_CONTEXT() REPRESENTATION_CONTEXT('2D SPACE',''
  ) );
#7319 = PCURVE('',#7074,#7320);
#7320 = DEFINITIONAL_REPRESENTATION('',(#7321),#7324);
#7321 = B_SPLINE_CURVE_WITH_KNOTS('',1,(#7322,#7323),.UNSPECIFIED.,.F.,
  .F.,(2,2),(5.5,49.5),.PIECEWISE_BEZIER_KNOTS.);
#7322 = CARTESIAN_POINT('',(32.,-11.));
#7323 = CARTESIAN_POINT('',(32.,-55.));
#7324 = ( GEOMETRIC_REPRESENTATION_CONTEXT(2) 
PARAMETRIC_REPRESENTATION_CONTEXT() REPRESENTATION_CONTEXT('2D SPACE',''
  ) );
#7325 = ORIENTED_EDGE('',*,*,#7326,.F.);
#7326 = EDGE_CURVE('',#5626,#7306,#7327,.T.);
#7327 = SURFACE_CURVE('',#7328,(#7332,#7338),.PCURVE_S1.);
#7328 = LINE('',#7329,#7330);
#7329 = CARTESIAN_POINT('',(10.576923076923,290.,1.009758626434E+03));
#7330 = VECTOR('',#7331,1.);
#7331 = DIRECTION('',(0.274670324175,-0.,0.961538461538));
#7332 = PCURVE('',#5668,#7333);
#7333 = DEFINITIONAL_REPRESENTATION('',(#7334),#7337);
#7334 = B_SPLINE_CURVE_WITH_KNOTS('',1,(#7335,#7336),.UNSPECIFIED.,.F.,
  .F.,(2,2),(-32.85657137141,39.141028388535),.PIECEWISE_BEZIER_KNOTS.);
#7335 = CARTESIAN_POINT('',(44.,32.856571371417));
#7336 = CARTESIAN_POINT('',(44.,-39.14102838853));
#7337 = ( GEOMETRIC_REPRESENTATION_CONTEXT(2) 
PARAMETRIC_REPRESENTATION_CONTEXT() REPRESENTATION_CONTEXT('2D SPACE',''
  ) );
#7338 = PCURVE('',#5641,#7339);
#7339 = DEFINITIONAL_REPRESENTATION('',(#7340),#7343);
#7340 = B_SPLINE_CURVE_WITH_KNOTS('',1,(#7341,#7342),.UNSPECIFIED.,.F.,
  .F.,(2,2),(-32.85657137141,39.141028388535),.PIECEWISE_BEZIER_KNOTS.);
#7341 = CARTESIAN_POINT('',(-34.61423065382,1.552197967066));
#7342 = CARTESIAN_POINT('',(34.614230653823,21.327802032934));
#7343 = ( GEOMETRIC_REPRESENTATION_CONTEXT(2) 
PARAMETRIC_REPRESENTATION_CONTEXT() REPRESENTATION_CONTEXT('2D SPACE',''
  ) );
#7344 = ORIENTED_EDGE('',*,*,#5653,.T.);
#7345 = FACE_BOUND('',#7346,.T.);
#7346 = EDGE_LOOP('',(#7347));
#7347 = ORIENTED_EDGE('',*,*,#7348,.T.);
#7348 = EDGE_CURVE('',#7349,#7349,#7351,.T.);
#7349 = VERTEX_POINT('',#7350);
#7350 = CARTESIAN_POINT('',(13.048955994496,260.,1.018412472588E+03));
#7351 = SURFACE_CURVE('',#7352,(#7357,#7368),.PCURVE_S1.);
#7352 = CIRCLE('',#7353,9.);
#7353 = AXIS2_PLACEMENT_3D('',#7354,#7355,#7356);
#7354 = CARTESIAN_POINT('',(10.576923076923,260.,1.009758626434E+03));
#7355 = DIRECTION('',(0.961538461538,0.,-0.274670324175));
#7356 = DIRECTION('',(0.274670324175,0.,0.961538461538));
#7357 = PCURVE('',#5668,#7358);
#7358 = DEFINITIONAL_REPRESENTATION('',(#7359),#7367);
#7359 = ( BOUNDED_CURVE() B_SPLINE_CURVE(2,(#7360,#7361,#7362,#7363,
#7364,#7365,#7366),.UNSPECIFIED.,.T.,.F.) B_SPLINE_CURVE_WITH_KNOTS((1,2
    ,2,2,2,1),(-2.094395102393,0.,2.094395102393,4.188790204786,
6.28318530718,8.377580409573),.UNSPECIFIED.) CURVE() 
GEOMETRIC_REPRESENTATION_ITEM() RATIONAL_B_SPLINE_CURVE((1.,0.5,1.,0.5,
1.,0.5,1.)) REPRESENTATION_ITEM('') );
#7360 = CARTESIAN_POINT('',(14.,-9.));
#7361 = CARTESIAN_POINT('',(-1.58845726812,-9.));
#7362 = CARTESIAN_POINT('',(6.20577136594,4.5));
#7363 = CARTESIAN_POINT('',(14.,18.));
#7364 = CARTESIAN_POINT('',(21.79422863406,4.5));
#7365 = CARTESIAN_POINT('',(29.58845726812,-9.));
#7366 = CARTESIAN_POINT('',(14.,-9.));
#7367 = ( GEOMETRIC_REPRESENTATION_CONTEXT(2) 
PARAMETRIC_REPRESENTATION_CONTEXT() REPRESENTATION_CONTEXT('2D SPACE',''
  ) );
#7368 = PCURVE('',#7132,#7369);
#7369 = DEFINITIONAL_REPRESENTATION('',(#7370),#7374);
#7370 = LINE('',#7371,#7372);
#7371 = CARTESIAN_POINT('',(0.,61.));
#7372 = VECTOR('',#7373,1.);
#7373 = DIRECTION('',(1.,0.));
#7374 = ( GEOMETRIC_REPRESENTATION_CONTEXT(2) 
PARAMETRIC_REPRESENTATION_CONTEXT() REPRESENTATION_CONTEXT('2D SPACE',''
  ) );
#7375 = ADVANCED_FACE('',(#7376),#5641,.T.);
#7376 = FACE_BOUND('',#7377,.T.);
#7377 = EDGE_LOOP('',(#7378,#7379,#7400,#7401));
#7378 = ORIENTED_EDGE('',*,*,#7326,.T.);
#7379 = ORIENTED_EDGE('',*,*,#7380,.T.);
#7380 = EDGE_CURVE('',#7306,#7059,#7381,.T.);
#7381 = SURFACE_CURVE('',#7382,(#7386,#7393),.PCURVE_S1.);
#7382 = LINE('',#7383,#7384);
#7383 = CARTESIAN_POINT('',(-11.95219796706,290.,1.047394230654E+03));
#7384 = VECTOR('',#7385,1.);
#7385 = DIRECTION('',(0.961538461538,0.,-0.274670324175));
#7386 = PCURVE('',#5641,#7387);
#7387 = DEFINITIONAL_REPRESENTATION('',(#7388),#7392);
#7388 = LINE('',#7389,#7390);
#7389 = CARTESIAN_POINT('',(34.614230653823,-11.95219796706));
#7390 = VECTOR('',#7391,1.);
#7391 = DIRECTION('',(-0.274670324175,0.961538461538));
#7392 = ( GEOMETRIC_REPRESENTATION_CONTEXT(2) 
PARAMETRIC_REPRESENTATION_CONTEXT() REPRESENTATION_CONTEXT('2D SPACE',''
  ) );
#7393 = PCURVE('',#7074,#7394);
#7394 = DEFINITIONAL_REPRESENTATION('',(#7395),#7399);
#7395 = LINE('',#7396,#7397);
#7396 = CARTESIAN_POINT('',(0.,-55.));
#7397 = VECTOR('',#7398,1.);
#7398 = DIRECTION('',(1.,0.));
#7399 = ( GEOMETRIC_REPRESENTATION_CONTEXT(2) 
PARAMETRIC_REPRESENTATION_CONTEXT() REPRESENTATION_CONTEXT('2D SPACE',''
  ) );
#7400 = ORIENTED_EDGE('',*,*,#7086,.T.);
#7401 = ORIENTED_EDGE('',*,*,#5625,.T.);
#7402 = ADVANCED_FACE('',(#7403,#7451),#5802,.F.);
#7403 = FACE_BOUND('',#7404,.F.);
#7404 = EDGE_LOOP('',(#7405,#7406,#7429,#7450));
#7405 = ORIENTED_EDGE('',*,*,#5788,.T.);
#7406 = ORIENTED_EDGE('',*,*,#7407,.T.);
#7407 = EDGE_CURVE('',#5761,#7408,#7410,.T.);
#7408 = VERTEX_POINT('',#7409);
#7409 = CARTESIAN_POINT('',(-11.95219796706,290.,1.047394230654E+03));
#7410 = SURFACE_CURVE('',#7411,(#7415,#7422),.PCURVE_S1.);
#7411 = LINE('',#7412,#7413);
#7412 = CARTESIAN_POINT('',(-28.43241741754,290.,989.70192296151));
#7413 = VECTOR('',#7414,1.);
#7414 = DIRECTION('',(0.274670324175,0.,0.961538461538));
#7415 = PCURVE('',#5802,#7416);
#7416 = DEFINITIONAL_REPRESENTATION('',(#7417),#7421);
#7417 = LINE('',#7418,#7419);
#7418 = CARTESIAN_POINT('',(0.,-55.));
#7419 = VECTOR('',#7420,1.);
#7420 = DIRECTION('',(1.,0.));
#7421 = ( GEOMETRIC_REPRESENTATION_CONTEXT(2) 
PARAMETRIC_REPRESENTATION_CONTEXT() REPRESENTATION_CONTEXT('2D SPACE',''
  ) );
#7422 = PCURVE('',#5776,#7423);
#7423 = DEFINITIONAL_REPRESENTATION('',(#7424),#7428);
#7424 = LINE('',#7425,#7426);
#7425 = CARTESIAN_POINT('',(-23.07807703848,-28.43241741754));
#7426 = VECTOR('',#7427,1.);
#7427 = DIRECTION('',(0.961538461538,0.274670324175));
#7428 = ( GEOMETRIC_REPRESENTATION_CONTEXT(2) 
PARAMETRIC_REPRESENTATION_CONTEXT() REPRESENTATION_CONTEXT('2D SPACE',''
  ) );
#7429 = ORIENTED_EDGE('',*,*,#7430,.F.);
#7430 = EDGE_CURVE('',#5820,#7408,#7431,.T.);
#7431 = SURFACE_CURVE('',#7432,(#7436,#7443),.PCURVE_S1.);
#7432 = LINE('',#7433,#7434);
#7433 = CARTESIAN_POINT('',(-11.95219796706,235.,1.047394230654E+03));
#7434 = VECTOR('',#7435,1.);
#7435 = DIRECTION('',(0.,1.,0.));
#7436 = PCURVE('',#5802,#7437);
#7437 = DEFINITIONAL_REPRESENTATION('',(#7438),#7442);
#7438 = LINE('',#7439,#7440);
#7439 = CARTESIAN_POINT('',(60.,0.));
#7440 = VECTOR('',#7441,1.);
#7441 = DIRECTION('',(0.,-1.));
#7442 = ( GEOMETRIC_REPRESENTATION_CONTEXT(2) 
PARAMETRIC_REPRESENTATION_CONTEXT() REPRESENTATION_CONTEXT('2D SPACE',''
  ) );
#7443 = PCURVE('',#7183,#7444);
#7444 = DEFINITIONAL_REPRESENTATION('',(#7445),#7449);
#7445 = LINE('',#7446,#7447);
#7446 = CARTESIAN_POINT('',(0.,0.));
#7447 = VECTOR('',#7448,1.);
#7448 = DIRECTION('',(0.,-1.));
#7449 = ( GEOMETRIC_REPRESENTATION_CONTEXT(2) 
PARAMETRIC_REPRESENTATION_CONTEXT() REPRESENTATION_CONTEXT('2D SPACE',''
  ) );
#7450 = ORIENTED_EDGE('',*,*,#5841,.F.);
#7451 = FACE_BOUND('',#7452,.F.);
#7452 = EDGE_LOOP('',(#7453));
#7453 = ORIENTED_EDGE('',*,*,#7454,.F.);
#7454 = EDGE_CURVE('',#7455,#7455,#7457,.T.);
#7455 = VERTEX_POINT('',#7456);
#7456 = CARTESIAN_POINT('',(-17.72027477473,260.,1.027201922962E+03));
#7457 = SURFACE_CURVE('',#7458,(#7463,#7470),.PCURVE_S1.);
#7458 = CIRCLE('',#7459,9.);
#7459 = AXIS2_PLACEMENT_3D('',#7460,#7461,#7462);
#7460 = CARTESIAN_POINT('',(-20.1923076923,260.,1.018548076808E+03));
#7461 = DIRECTION('',(0.961538461538,0.,-0.274670324175));
#7462 = DIRECTION('',(0.274670324175,0.,0.961538461538));
#7463 = PCURVE('',#5802,#7464);
#7464 = DEFINITIONAL_REPRESENTATION('',(#7465),#7469);
#7465 = CIRCLE('',#7466,9.);
#7466 = AXIS2_PLACEMENT_2D('',#7467,#7468);
#7467 = CARTESIAN_POINT('',(30.,-25.));
#7468 = DIRECTION('',(1.,0.));
#7469 = ( GEOMETRIC_REPRESENTATION_CONTEXT(2) 
PARAMETRIC_REPRESENTATION_CONTEXT() REPRESENTATION_CONTEXT('2D SPACE',''
  ) );
#7470 = PCURVE('',#7471,#7476);
#7471 = CYLINDRICAL_SURFACE('',#7472,9.);
#7472 = AXIS2_PLACEMENT_3D('',#7473,#7474,#7475);
#7473 = CARTESIAN_POINT('',(-48.07692307692,260.,1.026513516209E+03));
#7474 = DIRECTION('',(0.961538461538,0.,-0.274670324175));
#7475 = DIRECTION('',(0.274670324175,0.,0.961538461538));
#7476 = DEFINITIONAL_REPRESENTATION('',(#7477),#7481);
#7477 = LINE('',#7478,#7479);
#7478 = CARTESIAN_POINT('',(0.,29.));
#7479 = VECTOR('',#7480,1.);
#7480 = DIRECTION('',(1.,0.));
#7481 = ( GEOMETRIC_REPRESENTATION_CONTEXT(2) 
PARAMETRIC_REPRESENTATION_CONTEXT() REPRESENTATION_CONTEXT('2D SPACE',''
  ) );
#7482 = ADVANCED_FACE('',(#7483),#5776,.T.);
#7483 = FACE_BOUND('',#7484,.T.);
#7484 = EDGE_LOOP('',(#7485,#7486,#7509,#7528));
#7485 = ORIENTED_EDGE('',*,*,#7407,.T.);
#7486 = ORIENTED_EDGE('',*,*,#7487,.T.);
#7487 = EDGE_CURVE('',#7408,#7488,#7490,.T.);
#7488 = VERTEX_POINT('',#7489);
#7489 = CARTESIAN_POINT('',(-2.336813351681,290.,1.044647527412E+03));
#7490 = SURFACE_CURVE('',#7491,(#7495,#7502),.PCURVE_S1.);
#7491 = LINE('',#7492,#7493);
#7492 = CARTESIAN_POINT('',(-11.95219796706,290.,1.047394230654E+03));
#7493 = VECTOR('',#7494,1.);
#7494 = DIRECTION('',(0.961538461538,0.,-0.274670324175));
#7495 = PCURVE('',#5776,#7496);
#7496 = DEFINITIONAL_REPRESENTATION('',(#7497),#7501);
#7497 = LINE('',#7498,#7499);
#7498 = CARTESIAN_POINT('',(34.614230653823,-11.95219796706));
#7499 = VECTOR('',#7500,1.);
#7500 = DIRECTION('',(-0.274670324175,0.961538461538));
#7501 = ( GEOMETRIC_REPRESENTATION_CONTEXT(2) 
PARAMETRIC_REPRESENTATION_CONTEXT() REPRESENTATION_CONTEXT('2D SPACE',''
  ) );
#7502 = PCURVE('',#7183,#7503);
#7503 = DEFINITIONAL_REPRESENTATION('',(#7504),#7508);
#7504 = LINE('',#7505,#7506);
#7505 = CARTESIAN_POINT('',(0.,-55.));
#7506 = VECTOR('',#7507,1.);
#7507 = DIRECTION('',(1.,0.));
#7508 = ( GEOMETRIC_REPRESENTATION_CONTEXT(2) 
PARAMETRIC_REPRESENTATION_CONTEXT() REPRESENTATION_CONTEXT('2D SPACE',''
  ) );
#7509 = ORIENTED_EDGE('',*,*,#7510,.T.);
#7510 = EDGE_CURVE('',#7488,#5735,#7511,.T.);
#7511 = SURFACE_CURVE('',#7512,(#7516,#7522),.PCURVE_S1.);
#7512 = LINE('',#7513,#7514);
#7513 = CARTESIAN_POINT('',(-10.57692307692,290.,1.015801373566E+03));
#7514 = VECTOR('',#7515,1.);
#7515 = DIRECTION('',(-0.274670324175,0.,-0.961538461538));
#7516 = PCURVE('',#5776,#7517);
#7517 = DEFINITIONAL_REPRESENTATION('',(#7518),#7521);
#7518 = B_SPLINE_CURVE_WITH_KNOTS('',1,(#7519,#7520),.UNSPECIFIED.,.F.,
  .F.,(2,2),(-32.85657137141,39.141028388535),.PIECEWISE_BEZIER_KNOTS.);
#7519 = CARTESIAN_POINT('',(34.614230653823,-1.552197967066));
#7520 = CARTESIAN_POINT('',(-34.61423065382,-21.32780203293));
#7521 = ( GEOMETRIC_REPRESENTATION_CONTEXT(2) 
PARAMETRIC_REPRESENTATION_CONTEXT() REPRESENTATION_CONTEXT('2D SPACE',''
  ) );
#7522 = PCURVE('',#5749,#7523);
#7523 = DEFINITIONAL_REPRESENTATION('',(#7524),#7527);
#7524 = B_SPLINE_CURVE_WITH_KNOTS('',1,(#7525,#7526),.UNSPECIFIED.,.F.,
  .F.,(2,2),(-32.85657137141,39.141028388535),.PIECEWISE_BEZIER_KNOTS.);
#7525 = CARTESIAN_POINT('',(5.,-32.85657137141));
#7526 = CARTESIAN_POINT('',(5.,39.141028388535));
#7527 = ( GEOMETRIC_REPRESENTATION_CONTEXT(2) 
PARAMETRIC_REPRESENTATION_CONTEXT() REPRESENTATION_CONTEXT('2D SPACE',''
  ) );
#7528 = ORIENTED_EDGE('',*,*,#5760,.T.);
#7529 = ADVANCED_FACE('',(#7530,#7554),#5749,.T.);
#7530 = FACE_BOUND('',#7531,.T.);
#7531 = EDGE_LOOP('',(#7532,#7551,#7552,#7553));
#7532 = ORIENTED_EDGE('',*,*,#7533,.T.);
#7533 = EDGE_CURVE('',#7488,#7252,#7534,.T.);
#7534 = SURFACE_CURVE('',#7535,(#7539,#7545),.PCURVE_S1.);
#7535 = LINE('',#7536,#7537);
#7536 = CARTESIAN_POINT('',(-2.336813351681,265.,1.044647527412E+03));
#7537 = VECTOR('',#7538,1.);
#7538 = DIRECTION('',(0.,-1.,-0.));
#7539 = PCURVE('',#5749,#7540);
#7540 = DEFINITIONAL_REPRESENTATION('',(#7541),#7544);
#7541 = B_SPLINE_CURVE_WITH_KNOTS('',1,(#7542,#7543),.UNSPECIFIED.,.F.,
  .F.,(2,2),(-25.,19.),.PIECEWISE_BEZIER_KNOTS.);
#7542 = CARTESIAN_POINT('',(5.,-30.));
#7543 = CARTESIAN_POINT('',(49.,-30.));
#7544 = ( GEOMETRIC_REPRESENTATION_CONTEXT(2) 
PARAMETRIC_REPRESENTATION_CONTEXT() REPRESENTATION_CONTEXT('2D SPACE',''
  ) );
#7545 = PCURVE('',#7183,#7546);
#7546 = DEFINITIONAL_REPRESENTATION('',(#7547),#7550);
#7547 = B_SPLINE_CURVE_WITH_KNOTS('',1,(#7548,#7549),.UNSPECIFIED.,.F.,
  .F.,(2,2),(-25.,19.),.PIECEWISE_BEZIER_KNOTS.);
#7548 = CARTESIAN_POINT('',(10.,-55.));
#7549 = CARTESIAN_POINT('',(10.,-11.));
#7550 = ( GEOMETRIC_REPRESENTATION_CONTEXT(2) 
PARAMETRIC_REPRESENTATION_CONTEXT() REPRESENTATION_CONTEXT('2D SPACE',''
  ) );
#7551 = ORIENTED_EDGE('',*,*,#7279,.T.);
#7552 = ORIENTED_EDGE('',*,*,#5734,.T.);
#7553 = ORIENTED_EDGE('',*,*,#7510,.F.);
#7554 = FACE_BOUND('',#7555,.T.);
#7555 = EDGE_LOOP('',(#7556));
#7556 = ORIENTED_EDGE('',*,*,#7557,.F.);
#7557 = EDGE_CURVE('',#7558,#7558,#7560,.T.);
#7558 = VERTEX_POINT('',#7559);
#7559 = CARTESIAN_POINT('',(-8.104890159351,260.,1.02445521972E+03));
#7560 = SURFACE_CURVE('',#7561,(#7566,#7573),.PCURVE_S1.);
#7561 = CIRCLE('',#7562,9.);
#7562 = AXIS2_PLACEMENT_3D('',#7563,#7564,#7565);
#7563 = CARTESIAN_POINT('',(-10.57692307692,260.,1.015801373566E+03));
#7564 = DIRECTION('',(0.961538461538,0.,-0.274670324175));
#7565 = DIRECTION('',(0.274670324175,0.,0.961538461538));
#7566 = PCURVE('',#5749,#7567);
#7567 = DEFINITIONAL_REPRESENTATION('',(#7568),#7572);
#7568 = CIRCLE('',#7569,9.);
#7569 = AXIS2_PLACEMENT_2D('',#7570,#7571);
#7570 = CARTESIAN_POINT('',(35.,1.102900920579E-13));
#7571 = DIRECTION('',(0.,-1.));
#7572 = ( GEOMETRIC_REPRESENTATION_CONTEXT(2) 
PARAMETRIC_REPRESENTATION_CONTEXT() REPRESENTATION_CONTEXT('2D SPACE',''
  ) );
#7573 = PCURVE('',#7471,#7574);
#7574 = DEFINITIONAL_REPRESENTATION('',(#7575),#7579);
#7575 = LINE('',#7576,#7577);
#7576 = CARTESIAN_POINT('',(0.,39.));
#7577 = VECTOR('',#7578,1.);
#7578 = DIRECTION('',(1.,0.));
#7579 = ( GEOMETRIC_REPRESENTATION_CONTEXT(2) 
PARAMETRIC_REPRESENTATION_CONTEXT() REPRESENTATION_CONTEXT('2D SPACE',''
  ) );
#7580 = ADVANCED_FACE('',(#7581),#6202,.T.);
#7581 = FACE_BOUND('',#7582,.T.);
#7582 = EDGE_LOOP('',(#7583,#7584,#7585,#7607));
#7583 = ORIENTED_EDGE('',*,*,#6281,.T.);
#7584 = ORIENTED_EDGE('',*,*,#6307,.T.);
#7585 = ORIENTED_EDGE('',*,*,#7586,.F.);
#7586 = EDGE_CURVE('',#6146,#6308,#7587,.T.);
#7587 = SURFACE_CURVE('',#7588,(#7593,#7600),.PCURVE_S1.);
#7588 = CIRCLE('',#7589,53.);
#7589 = AXIS2_PLACEMENT_3D('',#7590,#7591,#7592);
#7590 = CARTESIAN_POINT('',(0.,0.,973.78));
#7591 = DIRECTION('',(0.,0.,1.));
#7592 = DIRECTION('',(1.,0.,0.));
#7593 = PCURVE('',#6202,#7594);
#7594 = DEFINITIONAL_REPRESENTATION('',(#7595),#7599);
#7595 = LINE('',#7596,#7597);
#7596 = CARTESIAN_POINT('',(0.,4.563000455043));
#7597 = VECTOR('',#7598,1.);
#7598 = DIRECTION('',(1.,0.));
#7599 = ( GEOMETRIC_REPRESENTATION_CONTEXT(2) 
PARAMETRIC_REPRESENTATION_CONTEXT() REPRESENTATION_CONTEXT('2D SPACE',''
  ) );
#7600 = PCURVE('',#6167,#7601);
#7601 = DEFINITIONAL_REPRESENTATION('',(#7602),#7606);
#7602 = LINE('',#7603,#7604);
#7603 = CARTESIAN_POINT('',(0.,0.));
#7604 = VECTOR('',#7605,1.);
#7605 = DIRECTION('',(1.,0.));
#7606 = ( GEOMETRIC_REPRESENTATION_CONTEXT(2) 
PARAMETRIC_REPRESENTATION_CONTEXT() REPRESENTATION_CONTEXT('2D SPACE',''
  ) );
#7607 = ORIENTED_EDGE('',*,*,#6182,.F.);
#7608 = ADVANCED_FACE('',(#7609,#8122),#6167,.T.);
#7609 = FACE_BOUND('',#7610,.T.);
#7610 = EDGE_LOOP('',(#7611,#7612,#7613,#7885,#8119,#8120,#8121));
#7611 = ORIENTED_EDGE('',*,*,#7586,.T.);
#7612 = ORIENTED_EDGE('',*,*,#6502,.T.);
#7613 = ORIENTED_EDGE('',*,*,#7614,.F.);
#7614 = EDGE_CURVE('',#7615,#6503,#7617,.T.);
#7615 = VERTEX_POINT('',#7616);
#7616 = CARTESIAN_POINT('',(43.692104549907,-30.,1.01278E+03));
#7617 = SURFACE_CURVE('',#7618,(#7705,#7795),.PCURVE_S1.);
#7618 = B_SPLINE_CURVE_WITH_KNOTS('',7,(#7619,#7620,#7621,#7622,#7623,
    #7624,#7625,#7626,#7627,#7628,#7629,#7630,#7631,#7632,#7633,#7634,
    #7635,#7636,#7637,#7638,#7639,#7640,#7641,#7642,#7643,#7644,#7645,
    #7646,#7647,#7648,#7649,#7650,#7651,#7652,#7653,#7654,#7655,#7656,
    #7657,#7658,#7659,#7660,#7661,#7662,#7663,#7664,#7665,#7666,#7667,
    #7668,#7669,#7670,#7671,#7672,#7673,#7674,#7675,#7676,#7677,#7678,
    #7679,#7680,#7681,#7682,#7683,#7684,#7685,#7686,#7687,#7688,#7689,
    #7690,#7691,#7692,#7693,#7694,#7695,#7696,#7697,#7698,#7699,#7700,
    #7701,#7702,#7703,#7704),.UNSPECIFIED.,.F.,.F.,(8,6,6,6,6,6,6,6,6,6,
    6,6,6,6,8),(0.,6.717130465549E-02,0.108699807513,0.160264652149,
    0.199605316554,0.229420247842,0.310672173255,0.402519959446,
    0.499868644206,0.597252661421,0.689076187523,0.839558406542,
    0.891001752467,0.932595544902,1.),.UNSPECIFIED.);
#7619 = CARTESIAN_POINT('',(53.,-3.552713678801E-15,1.04278E+03));
#7620 = CARTESIAN_POINT('',(53.,-1.136871914436,1.04278E+03));
#7621 = CARTESIAN_POINT('',(52.971549155762,-2.271901239904,
    1.042729736841E+03));
#7622 = CARTESIAN_POINT('',(52.914813862599,-3.399416926593,
    1.04262950449E+03));
#7623 = CARTESIAN_POINT('',(52.83071420636,-4.513779743115,
    1.042480567876E+03));
#7624 = CARTESIAN_POINT('',(52.720914982778,-5.609439877212,
    1.042285158772E+03));
#7625 = CARTESIAN_POINT('',(52.587775839125,-6.680992686789,
    1.042046494563E+03));
#7626 = CARTESIAN_POINT('',(52.339350060471,-8.367595004086,
    1.041597148158E+03));
#7627 = CARTESIAN_POINT('',(52.236568644375,-9.001313499918,
    1.041410416099E+03));
#7628 = CARTESIAN_POINT('',(52.126467359898,-9.623970052409,
    1.04120935421E+03));
#7629 = CARTESIAN_POINT('',(52.009615206077,-10.23517402627,
    1.040994707054E+03));
#7630 = CARTESIAN_POINT('',(51.886595392425,-10.83456211079,
    1.040767235102E+03));
#7631 = CARTESIAN_POINT('',(51.75800162038,-11.42179824325,
    1.040527716586E+03));
#7632 = CARTESIAN_POINT('',(51.458587432848,-12.71025682105,
    1.039965578296E+03));
#7633 = CARTESIAN_POINT('',(51.285040988529,-13.40486478623,
    1.039636805467E+03));
#7634 = CARTESIAN_POINT('',(51.104784309221,-14.08045862224,
    1.039291854425E+03));
#7635 = CARTESIAN_POINT('',(50.918763079773,-14.73713701603,
    1.038931868989E+03));
#7636 = CARTESIAN_POINT('',(50.727877006166,-15.37503579227,
    1.038557914324E+03));
#7637 = CARTESIAN_POINT('',(50.532977429218,-15.9943275584,
    1.038170978037E+03));
#7638 = CARTESIAN_POINT('',(50.183717832653,-17.05366471643,
    1.037467554749E+03));
#7639 = CARTESIAN_POINT('',(50.030678915745,-17.50146484065,
    1.037156068598E+03));
#7640 = CARTESIAN_POINT('',(49.876082960898,-17.93876867322,
    1.036837873212E+03));
#7641 = CARTESIAN_POINT('',(49.720247336055,-18.36572490332,
    1.036513299326E+03));
#7642 = CARTESIAN_POINT('',(49.563472500128,-18.78248404616,
    1.036182647859E+03));
#7643 = CARTESIAN_POINT('',(49.406042499342,-19.18919853098,
    1.035846189751E+03));
#7644 = CARTESIAN_POINT('',(49.128621380934,-19.88676219335,
    1.035244957657E+03));
#7645 = CARTESIAN_POINT('',(49.008795602484,-20.18181989119,
    1.034982553834E+03));
#7646 = CARTESIAN_POINT('',(48.888864829104,-20.47126224972,
    1.034717059393E+03));
#7647 = CARTESIAN_POINT('',(48.768942170303,-20.75515331518,
    1.034448572479E+03));
#7648 = CARTESIAN_POINT('',(48.649137144227,-21.03355481281,
    1.034177184317E+03));
#7649 = CARTESIAN_POINT('',(48.529555677663,-21.30652614682,
    1.03390297921E+03));
#7650 = CARTESIAN_POINT('',(48.085303723645,-22.30338562615,
    1.032871302401E+03));
#7651 = CARTESIAN_POINT('',(47.762660680689,-22.99289563031,
    1.032096066862E+03));
#7652 = CARTESIAN_POINT('',(47.444517402899,-23.64362809065,
    1.031302042184E+03));
#7653 = CARTESIAN_POINT('',(47.132851192499,-24.25647418396,
    1.03049062209E+03));
#7654 = CARTESIAN_POINT('',(46.829504183643,-24.83221621765,
    1.029662923055E+03));
#7655 = CARTESIAN_POINT('',(46.53621729785,-25.37150126127,
    1.028819827592E+03));
#7656 = CARTESIAN_POINT('',(45.93639446426,-26.44376415416,
    1.026992363923E+03));
#7657 = CARTESIAN_POINT('',(45.63305234711,-26.96686643423,
    1.026003709519E+03));
#7658 = CARTESIAN_POINT('',(45.34732896756,-27.44431325902,
    1.024997858215E+03));
#7659 = CARTESIAN_POINT('',(45.081738597156,-27.87625510223,
    1.023976406612E+03));
#7660 = CARTESIAN_POINT('',(44.838599222537,-28.26276828596,
    1.022940776694E+03));
#7661 = CARTESIAN_POINT('',(44.620013108551,-28.60382199627,
    1.021892238495E+03));
#7662 = CARTESIAN_POINT('',(44.224172525871,-29.21236193581,
    1.01970812376E+03));
#7663 = CARTESIAN_POINT('',(44.050172528904,-29.47422573655,
    1.018571068599E+03));
#7664 = CARTESIAN_POINT('',(43.90833088652,-29.68422928752,
    1.017423557203E+03));
#7665 = CARTESIAN_POINT('',(43.800590023194,-29.84200140491,
    1.01626821697E+03));
#7666 = CARTESIAN_POINT('',(43.728283803347,-29.94730839639,
    1.015107557308E+03));
#7667 = CARTESIAN_POINT('',(43.692104549907,-30.,1.013944014946E+03));
#7668 = CARTESIAN_POINT('',(43.692104549907,-30.,1.011615562577E+03));
#7669 = CARTESIAN_POINT('',(43.728310070304,-29.94727014109,
    1.01045159829E+03));
#7670 = CARTESIAN_POINT('',(43.800668744506,-29.84188675492,
    1.009290519735E+03));
#7671 = CARTESIAN_POINT('',(43.908487265624,-29.68400029031,
    1.008134766186E+03));
#7672 = CARTESIAN_POINT('',(44.050429873698,-29.47384472294,
    1.006986849738E+03));
#7673 = CARTESIAN_POINT('',(44.224551403846,-29.21179173422,
    1.00584940069E+03));
#7674 = CARTESIAN_POINT('',(44.620540921684,-28.60299897888,
    1.003665213207E+03));
#7675 = CARTESIAN_POINT('',(44.839120275497,-28.2619415344,
    1.002616975103E+03));
#7676 = CARTESIAN_POINT('',(45.082237034119,-27.87544777853,
    1.001581638983E+03));
#7677 = CARTESIAN_POINT('',(45.347790179039,-27.44354847804,
    1.000560475132E+03));
#7678 = CARTESIAN_POINT('',(45.633463062931,-26.96616765893,
    999.55490557995));
#7679 = CARTESIAN_POINT('',(45.936742876667,-26.44315555121,
    998.56652670813));
#7680 = CARTESIAN_POINT('',(46.77640807496,-24.94210504389,
    996.00846830381));
#7681 = CARTESIAN_POINT('',(47.337493830927,-23.88761950664,
    994.47214782332));
#7682 = CARTESIAN_POINT('',(47.927908701723,-22.70740076666,
    992.99080014999));
#7683 = CARTESIAN_POINT('',(48.536747140529,-21.39565114885,
    991.56995411011));
#7684 = CARTESIAN_POINT('',(49.151554748905,-19.94501627084,
    990.21888559953));
#7685 = CARTESIAN_POINT('',(49.757122796178,-18.34749887146,
    988.95163897939));
#7686 = CARTESIAN_POINT('',(50.532110424756,-15.99698071925,
    987.39076347813));
#7687 = CARTESIAN_POINT('',(50.726358418401,-15.37988237229,
    987.00509716332));
#7688 = CARTESIAN_POINT('',(50.916623388923,-14.74430540551,
    986.63232052316));
#7689 = CARTESIAN_POINT('',(51.102063107058,-14.09007822377,
    986.2734103472));
#7690 = CARTESIAN_POINT('',(51.281787586859,-13.41706544512,
    985.9294200365));
#7691 = CARTESIAN_POINT('',(51.454861417954,-12.72516824754,
    985.60148067352));
#7692 = CARTESIAN_POINT('',(51.754074062305,-11.4395821946,
    985.0396073027));
#7693 = CARTESIAN_POINT('',(51.882875901069,-10.85236236753,
    984.79965667472));
#7694 = CARTESIAN_POINT('',(52.006110542019,-10.252972866,984.5717487486
    ));
#7695 = CARTESIAN_POINT('',(52.123183554453,-9.641748538621,
    984.35666260984));
#7696 = CARTESIAN_POINT('',(52.233510870493,-9.019051526579,
    984.15515973916));
#7697 = CARTESIAN_POINT('',(52.336522506554,-8.385271339305,
    983.96798586273));
#7698 = CARTESIAN_POINT('',(52.585850699201,-6.696472960545,
    983.51695649403));
#7699 = CARTESIAN_POINT('',(52.719592189036,-5.622624898461,
    983.27719545862));
#7700 = CARTESIAN_POINT('',(52.829902634736,-4.524514009796,
    983.0808694116));
#7701 = CARTESIAN_POINT('',(52.914402145714,-3.4075749764,
    982.93122287672));
#7702 = CARTESIAN_POINT('',(52.971410964019,-2.277389423694,
    982.83050729784));
#7703 = CARTESIAN_POINT('',(53.,-1.139629570347,982.78));
#7704 = CARTESIAN_POINT('',(53.,-7.105427357601E-15,982.78));
#7705 = PCURVE('',#6167,#7706);
#7706 = DEFINITIONAL_REPRESENTATION('',(#7707),#7794);
#7707 = B_SPLINE_CURVE_WITH_KNOTS('',7,(#7708,#7709,#7710,#7711,#7712,
    #7713,#7714,#7715,#7716,#7717,#7718,#7719,#7720,#7721,#7722,#7723,
    #7724,#7725,#7726,#7727,#7728,#7729,#7730,#7731,#7732,#7733,#7734,
    #7735,#7736,#7737,#7738,#7739,#7740,#7741,#7742,#7743,#7744,#7745,
    #7746,#7747,#7748,#7749,#7750,#7751,#7752,#7753,#7754,#7755,#7756,
    #7757,#7758,#7759,#7760,#7761,#7762,#7763,#7764,#7765,#7766,#7767,
    #7768,#7769,#7770,#7771,#7772,#7773,#7774,#7775,#7776,#7777,#7778,
    #7779,#7780,#7781,#7782,#7783,#7784,#7785,#7786,#7787,#7788,#7789,
    #7790,#7791,#7792,#7793),.UNSPECIFIED.,.F.,.F.,(8,6,6,6,6,6,6,6,6,6,
    6,6,6,6,8),(0.,6.717130465549E-02,0.108699807513,0.160264652149,
    0.199605316554,0.229420247842,0.310672173255,0.402519959446,
    0.499868644206,0.597252661421,0.689076187523,0.839558406542,
    0.891001752467,0.932595544902,1.),.UNSPECIFIED.);
#7708 = CARTESIAN_POINT('',(6.28318530718,69.));
#7709 = CARTESIAN_POINT('',(6.2617348937,69.));
#7710 = CARTESIAN_POINT('',(6.240319242529,68.949736840822));
#7711 = CARTESIAN_POINT('',(6.2190292528,68.849504490026));
#7712 = CARTESIAN_POINT('',(6.197955396879,68.70056787591));
#7713 = CARTESIAN_POINT('',(6.177188526719,68.505158772344));
#7714 = CARTESIAN_POINT('',(6.156820299238,68.266494562663));
#7715 = CARTESIAN_POINT('',(6.124654263139,67.817148157563));
#7716 = CARTESIAN_POINT('',(6.112542350292,67.630416099159));
#7717 = CARTESIAN_POINT('',(6.100613766174,67.429354210369));
#7718 = CARTESIAN_POINT('',(6.088874732755,67.214707053758));
#7719 = CARTESIAN_POINT('',(6.077331402374,66.987235101581));
#7720 = CARTESIAN_POINT('',(6.065989850148,66.747716585888));
#7721 = CARTESIAN_POINT('',(6.041031541285,66.185578296431));
#7722 = CARTESIAN_POINT('',(6.027524703583,65.856805466949));
#7723 = CARTESIAN_POINT('',(6.014334339715,65.511854425344));
#7724 = CARTESIAN_POINT('',(6.001459249836,65.151868989127));
#7725 = CARTESIAN_POINT('',(5.988898141538,64.777914323617));
#7726 = CARTESIAN_POINT('',(5.976649523578,64.390978037423));
#7727 = CARTESIAN_POINT('',(5.955603730382,63.687554748961));
#7728 = CARTESIAN_POINT('',(5.94667540209,63.376068598107));
#7729 = CARTESIAN_POINT('',(5.937924726224,63.05787321215));
#7730 = CARTESIAN_POINT('',(5.929349897055,62.733299325866));
#7731 = CARTESIAN_POINT('',(5.920949168964,62.402647858564));
#7732 = CARTESIAN_POINT('',(5.91272083378,62.066189750645));
#7733 = CARTESIAN_POINT('',(5.89855659424,61.464957656675));
#7734 = CARTESIAN_POINT('',(5.892548055571,61.202553833551));
#7735 = CARTESIAN_POINT('',(5.886636866074,60.937059393303));
#7736 = CARTESIAN_POINT('',(5.880822371714,60.668572479483));
#7737 = CARTESIAN_POINT('',(5.875103980455,60.397184316674));
#7738 = CARTESIAN_POINT('',(5.869481162259,60.122979210481));
#7739 = CARTESIAN_POINT('',(5.848889274228,59.091302400789));
#7740 = CARTESIAN_POINT('',(5.834528236375,58.316066861594));
#7741 = CARTESIAN_POINT('',(5.820864496063,57.522042184271));
#7742 = CARTESIAN_POINT('',(5.807894592268,56.71062209049));
#7743 = CARTESIAN_POINT('',(5.795617710335,55.882923055082));
#7744 = CARTESIAN_POINT('',(5.784035949907,55.03982759183));
#7745 = CARTESIAN_POINT('',(5.760854225179,53.212363923023));
#7746 = CARTESIAN_POINT('',(5.749446303728,52.223709519251));
#7747 = CARTESIAN_POINT('',(5.738949435207,51.217858214684));
#7748 = CARTESIAN_POINT('',(5.72938323306,50.196406611635));
#7749 = CARTESIAN_POINT('',(5.720768113974,49.160776694243));
#7750 = CARTESIAN_POINT('',(5.713125094369,48.112238494726));
#7751 = CARTESIAN_POINT('',(5.699427830701,45.928123759576));
#7752 = CARTESIAN_POINT('',(5.693496001426,44.791068598911));
#7753 = CARTESIAN_POINT('',(5.688714674589,43.643557203355));
#7754 = CARTESIAN_POINT('',(5.685109973724,42.488216969908));
#7755 = CARTESIAN_POINT('',(5.682699761928,41.327557308242));
#7756 = CARTESIAN_POINT('',(5.681493788139,40.164014946286));
#7757 = CARTESIAN_POINT('',(5.681493788139,37.835562577468));
#7758 = CARTESIAN_POINT('',(5.68270063749,36.671598289959));
#7759 = CARTESIAN_POINT('',(5.685112597776,35.510519734842));
#7760 = CARTESIAN_POINT('',(5.688719906601,34.354766185642));
#7761 = CARTESIAN_POINT('',(5.693504676263,33.206849738122));
#7762 = CARTESIAN_POINT('',(5.699440747081,32.069400689689));
#7763 = CARTESIAN_POINT('',(5.713143541609,29.885213206977));
#7764 = CARTESIAN_POINT('',(5.720786551711,28.836975102629));
#7765 = CARTESIAN_POINT('',(5.729401133266,27.801638982769));
#7766 = CARTESIAN_POINT('',(5.738966283976,26.780475131819));
#7767 = CARTESIAN_POINT('',(5.749461595312,25.774905579954));
#7768 = CARTESIAN_POINT('',(5.760867456161,24.786526708133));
#7769 = CARTESIAN_POINT('',(5.793319135993,22.228468303813));
#7770 = CARTESIAN_POINT('',(5.815851312195,20.692147823324));
#7771 = CARTESIAN_POINT('',(5.84073741626,19.210800149991));
#7772 = CARTESIAN_POINT('',(5.868000075035,17.78995411012));
#7773 = CARTESIAN_POINT('',(5.897695291177,16.438885599537));
#7774 = CARTESIAN_POINT('',(5.929899064484,15.171638979392));
#7775 = CARTESIAN_POINT('',(5.976596859064,13.610763478132));
#7776 = CARTESIAN_POINT('',(5.988802321446,13.225097163322));
#7777 = CARTESIAN_POINT('',(6.001318122939,12.852320523168));
#7778 = CARTESIAN_POINT('',(6.014145752841,12.493410347203));
#7779 = CARTESIAN_POINT('',(6.027286504932,12.149420036502));
#7780 = CARTESIAN_POINT('',(6.040741581984,11.821480673521));
#7781 = CARTESIAN_POINT('',(6.065646239668,11.259607302701));
#7782 = CARTESIAN_POINT('',(6.076988331788,11.019656674726));
#7783 = CARTESIAN_POINT('',(6.088532503711,10.791748748601));
#7784 = CARTESIAN_POINT('',(6.100272696951,10.576662609842));
#7785 = CARTESIAN_POINT('',(6.11220277527,10.37515973916));
#7786 = CARTESIAN_POINT('',(6.124316532494,10.187985862733));
#7787 = CARTESIAN_POINT('',(6.156526044387,9.736956494032));
#7788 = CARTESIAN_POINT('',(6.176938618258,9.497195458628));
#7789 = CARTESIAN_POINT('',(6.197752397689,9.3008694116));
#7790 = CARTESIAN_POINT('',(6.218875209857,9.151222876721));
#7791 = CARTESIAN_POINT('',(6.240215691852,9.050507297843));
#7792 = CARTESIAN_POINT('',(6.261682862456,9.));
#7793 = CARTESIAN_POINT('',(6.28318530718,9.));
#7794 = ( GEOMETRIC_REPRESENTATION_CONTEXT(2) 
PARAMETRIC_REPRESENTATION_CONTEXT() REPRESENTATION_CONTEXT('2D SPACE',''
  ) );
#7795 = PCURVE('',#6960,#7796);
#7796 = DEFINITIONAL_REPRESENTATION('',(#7797),#7884);
#7797 = B_SPLINE_CURVE_WITH_KNOTS('',7,(#7798,#7799,#7800,#7801,#7802,
    #7803,#7804,#7805,#7806,#7807,#7808,#7809,#7810,#7811,#7812,#7813,
    #7814,#7815,#7816,#7817,#7818,#7819,#7820,#7821,#7822,#7823,#7824,
    #7825,#7826,#7827,#7828,#7829,#7830,#7831,#7832,#7833,#7834,#7835,
    #7836,#7837,#7838,#7839,#7840,#7841,#7842,#7843,#7844,#7845,#7846,
    #7847,#7848,#7849,#7850,#7851,#7852,#7853,#7854,#7855,#7856,#7857,
    #7858,#7859,#7860,#7861,#7862,#7863,#7864,#7865,#7866,#7867,#7868,
    #7869,#7870,#7871,#7872,#7873,#7874,#7875,#7876,#7877,#7878,#7879,
    #7880,#7881,#7882,#7883),.UNSPECIFIED.,.F.,.F.,(8,6,6,6,6,6,6,6,6,6,
    6,6,6,6,8),(0.,6.717130465549E-02,0.108699807513,0.160264652149,
    0.199605316554,0.229420247842,0.310672173255,0.402519959446,
    0.499868644206,0.597252661421,0.689076187523,0.839558406542,
    0.891001752467,0.932595544902,1.),.UNSPECIFIED.);
#7798 = CARTESIAN_POINT('',(0.,9.307895450093));
#7799 = CARTESIAN_POINT('',(3.78957304812E-02,9.307895450093));
#7800 = CARTESIAN_POINT('',(7.573003965715E-02,9.279444605855));
#7801 = CARTESIAN_POINT('',(0.113402791013,9.222709312692));
#7802 = CARTESIAN_POINT('',(0.150813574693,9.138609656453));
#7803 = CARTESIAN_POINT('',(0.187857358363,9.028810432871));
#7804 = CARTESIAN_POINT('',(0.224419924253,8.895671289218));
#7805 = CARTESIAN_POINT('',(0.282601054913,8.647245510564));
#7806 = CARTESIAN_POINT('',(0.304615419454,8.544464094468));
#7807 = CARTESIAN_POINT('',(0.326414383331,8.434362809991));
#7808 = CARTESIAN_POINT('',(0.347995370408,8.31751065617));
#7809 = CARTESIAN_POINT('',(0.369354989294,8.194490842518));
#7810 = CARTESIAN_POINT('',(0.390488991575,8.065897070473));
#7811 = CARTESIAN_POINT('',(0.437347228882,7.766482882941));
#7812 = CARTESIAN_POINT('',(0.462951399103,7.592936438622));
#7813 = CARTESIAN_POINT('',(0.488218833903,7.412679759314));
#7814 = CARTESIAN_POINT('',(0.513162421752,7.226658529866));
#7815 = CARTESIAN_POINT('',(0.5377942559,7.035772456259));
#7816 = CARTESIAN_POINT('',(0.562126043892,6.840872879311));
#7817 = CARTESIAN_POINT('',(0.604513142783,6.491613282747));
#7818 = CARTESIAN_POINT('',(0.622691576354,6.338574365838));
#7819 = CARTESIAN_POINT('',(0.640712331486,6.183978410991));
#7820 = CARTESIAN_POINT('',(0.658582707888,6.028142786148));
#7821 = CARTESIAN_POINT('',(0.676309908349,5.871367950221));
#7822 = CARTESIAN_POINT('',(0.693901155798,5.713937949435));
#7823 = CARTESIAN_POINT('',(0.724598153368,5.436516831027));
#7824 = CARTESIAN_POINT('',(0.737758595039,5.316691052577));
#7825 = CARTESIAN_POINT('',(0.750848283213,5.196760279198));
#7826 = CARTESIAN_POINT('',(0.763870302596,5.076837620396));
#7827 = CARTESIAN_POINT('',(0.776827674775,4.95703259432));
#7828 = CARTESIAN_POINT('',(0.789723358218,4.837451127756));
#7829 = CARTESIAN_POINT('',(0.837543459305,4.393199173738));
#7830 = CARTESIAN_POINT('',(0.872097464132,4.070556130782));
#7831 = CARTESIAN_POINT('',(0.906273531322,3.752412852992));
#7832 = CARTESIAN_POINT('',(0.940121262032,3.440746642592));
#7833 = CARTESIAN_POINT('',(0.97368914174,3.137399633736));
#7834 = CARTESIAN_POINT('',(1.007025091995,2.844112747943));
#7835 = CARTESIAN_POINT('',(1.077652212788,2.244289914353));
#7836 = CARTESIAN_POINT('',(1.114899984679,1.940947797203));
#7837 = CARTESIAN_POINT('',(1.151957990259,1.655224417653));
#7838 = CARTESIAN_POINT('',(1.188864106357,1.389634047249));
#7839 = CARTESIAN_POINT('',(1.225657086554,1.14649467263));
#7840 = CARTESIAN_POINT('',(1.262377213531,0.927908558644));
#7841 = CARTESIAN_POINT('',(1.337954091494,0.532067975964));
#7842 = CARTESIAN_POINT('',(1.376808025286,0.358067978997));
#7843 = CARTESIAN_POINT('',(1.415629815502,0.216226336613));
#7844 = CARTESIAN_POINT('',(1.454427003261,0.108485473287));
#7845 = CARTESIAN_POINT('',(1.493211089849,3.617925343964E-02));
#7846 = CARTESIAN_POINT('',(1.531995828585,-1.416191542081E-14));
#7847 = CARTESIAN_POINT('',(1.609610907546,-1.425981177199E-14));
#7848 = CARTESIAN_POINT('',(1.648409710455,3.620552039749E-02));
#7849 = CARTESIAN_POINT('',(1.687207864128,0.108564194599));
#7850 = CARTESIAN_POINT('',(1.726019140115,0.216382715717));
#7851 = CARTESIAN_POINT('',(1.764855053911,0.358325323791));
#7852 = CARTESIAN_POINT('',(1.803723153876,0.532446853939));
#7853 = CARTESIAN_POINT('',(1.879304629991,0.928436371777));
#7854 = CARTESIAN_POINT('',(1.916015309392,1.147015725591));
#7855 = CARTESIAN_POINT('',(1.952798929362,1.390132484212));
#7856 = CARTESIAN_POINT('',(1.989695705261,1.655685629132));
#7857 = CARTESIAN_POINT('',(2.026744325348,1.941358513024));
#7858 = CARTESIAN_POINT('',(2.063982601382,2.24463832676));
#7859 = CARTESIAN_POINT('',(2.16284735426,3.084303525053));
#7860 = CARTESIAN_POINT('',(2.224804412626,3.64538928102));
#7861 = CARTESIAN_POINT('',(2.287680289537,4.235804151816));
#7862 = CARTESIAN_POINT('',(2.351822505928,4.844642590622));
#7863 = CARTESIAN_POINT('',(2.417580115375,5.459450198998));
#7864 = CARTESIAN_POINT('',(2.485308426182,6.065018246271));
#7865 = CARTESIAN_POINT('',(2.57936082242,6.840005874849));
#7866 = CARTESIAN_POINT('',(2.603608268922,7.034253868494));
#7867 = CARTESIAN_POINT('',(2.628153642578,7.224518839016));
#7868 = CARTESIAN_POINT('',(2.653008555951,7.409958557151));
#7869 = CARTESIAN_POINT('',(2.678185000607,7.589683036952));
#7870 = CARTESIAN_POINT('',(2.703695750172,7.762756868047));
#7871 = CARTESIAN_POINT('',(2.750462704131,8.061969512398));
#7872 = CARTESIAN_POINT('',(2.771601643175,8.190771351162));
#7873 = CARTESIAN_POINT('',(2.792966459552,8.314005992112));
#7874 = CARTESIAN_POINT('',(2.814552930282,8.431079004546));
#7875 = CARTESIAN_POINT('',(2.836357689302,8.541406320586));
#7876 = CARTESIAN_POINT('',(2.858378186399,8.644417956648));
#7877 = CARTESIAN_POINT('',(2.916644504624,8.893746149294));
#7878 = CARTESIAN_POINT('',(2.953289499853,9.027487639129));
#7879 = CARTESIAN_POINT('',(2.990418701986,9.137798084829));
#7880 = CARTESIAN_POINT('',(3.027917279089,9.222297595807));
#7881 = CARTESIAN_POINT('',(3.065679674496,9.279306414112));
#7882 = CARTESIAN_POINT('',(3.103605001245,9.307895450093));
#7883 = CARTESIAN_POINT('',(3.14159265359,9.307895450093));
#7884 = ( GEOMETRIC_REPRESENTATION_CONTEXT(2) 
PARAMETRIC_REPRESENTATION_CONTEXT() REPRESENTATION_CONTEXT('2D SPACE',''
  ) );
#7885 = ORIENTED_EDGE('',*,*,#7886,.F.);
#7886 = EDGE_CURVE('',#6529,#7615,#7887,.T.);
#7887 = SURFACE_CURVE('',#7888,(#7975,#8065),.PCURVE_S1.);
#7888 = B_SPLINE_CURVE_WITH_KNOTS('',7,(#7889,#7890,#7891,#7892,#7893,
    #7894,#7895,#7896,#7897,#7898,#7899,#7900,#7901,#7902,#7903,#7904,
    #7905,#7906,#7907,#7908,#7909,#7910,#7911,#7912,#7913,#7914,#7915,
    #7916,#7917,#7918,#7919,#7920,#7921,#7922,#7923,#7924,#7925,#7926,
    #7927,#7928,#7929,#7930,#7931,#7932,#7933,#7934,#7935,#7936,#7937,
    #7938,#7939,#7940,#7941,#7942,#7943,#7944,#7945,#7946,#7947,#7948,
    #7949,#7950,#7951,#7952,#7953,#7954,#7955,#7956,#7957,#7958,#7959,
    #7960,#7961,#7962,#7963,#7964,#7965,#7966,#7967,#7968,#7969,#7970,
    #7971,#7972,#7973,#7974),.UNSPECIFIED.,.F.,.F.,(8,6,6,6,6,6,6,6,6,6,
    6,6,6,6,8),(0.,6.717130465549E-02,0.108699807513,0.160264652149,
    0.199605316554,0.229420247842,0.310672173255,0.402519959446,
    0.499868644206,0.597252661421,0.689076187523,0.839558406542,
    0.891001752467,0.932595544902,1.),.UNSPECIFIED.);
#7889 = CARTESIAN_POINT('',(53.,-3.552713678801E-15,1.04278E+03));
#7890 = CARTESIAN_POINT('',(53.,-1.136871914436,1.04278E+03));
#7891 = CARTESIAN_POINT('',(52.971549155762,-2.271901239904,
    1.042729736841E+03));
#7892 = CARTESIAN_POINT('',(52.914813862599,-3.399416926593,
    1.04262950449E+03));
#7893 = CARTESIAN_POINT('',(52.83071420636,-4.513779743115,
    1.042480567876E+03));
#7894 = CARTESIAN_POINT('',(52.720914982778,-5.609439877212,
    1.042285158772E+03));
#7895 = CARTESIAN_POINT('',(52.587775839125,-6.680992686789,
    1.042046494563E+03));
#7896 = CARTESIAN_POINT('',(52.339350060471,-8.367595004086,
    1.041597148158E+03));
#7897 = CARTESIAN_POINT('',(52.236568644375,-9.001313499918,
    1.041410416099E+03));
#7898 = CARTESIAN_POINT('',(52.126467359898,-9.623970052409,
    1.04120935421E+03));
#7899 = CARTESIAN_POINT('',(52.009615206077,-10.23517402627,
    1.040994707054E+03));
#7900 = CARTESIAN_POINT('',(51.886595392425,-10.83456211079,
    1.040767235102E+03));
#7901 = CARTESIAN_POINT('',(51.75800162038,-11.42179824325,
    1.040527716586E+03));
#7902 = CARTESIAN_POINT('',(51.458587432848,-12.71025682105,
    1.039965578296E+03));
#7903 = CARTESIAN_POINT('',(51.285040988529,-13.40486478623,
    1.039636805467E+03));
#7904 = CARTESIAN_POINT('',(51.104784309221,-14.08045862224,
    1.039291854425E+03));
#7905 = CARTESIAN_POINT('',(50.918763079773,-14.73713701603,
    1.038931868989E+03));
#7906 = CARTESIAN_POINT('',(50.727877006166,-15.37503579227,
    1.038557914324E+03));
#7907 = CARTESIAN_POINT('',(50.532977429218,-15.9943275584,
    1.038170978037E+03));
#7908 = CARTESIAN_POINT('',(50.183717832653,-17.05366471643,
    1.037467554749E+03));
#7909 = CARTESIAN_POINT('',(50.030678915745,-17.50146484065,
    1.037156068598E+03));
#7910 = CARTESIAN_POINT('',(49.876082960898,-17.93876867322,
    1.036837873212E+03));
#7911 = CARTESIAN_POINT('',(49.720247336055,-18.36572490332,
    1.036513299326E+03));
#7912 = CARTESIAN_POINT('',(49.563472500128,-18.78248404616,
    1.036182647859E+03));
#7913 = CARTESIAN_POINT('',(49.406042499342,-19.18919853098,
    1.035846189751E+03));
#7914 = CARTESIAN_POINT('',(49.128621380934,-19.88676219335,
    1.035244957657E+03));
#7915 = CARTESIAN_POINT('',(49.008795602484,-20.18181989119,
    1.034982553834E+03));
#7916 = CARTESIAN_POINT('',(48.888864829104,-20.47126224972,
    1.034717059393E+03));
#7917 = CARTESIAN_POINT('',(48.768942170303,-20.75515331518,
    1.034448572479E+03));
#7918 = CARTESIAN_POINT('',(48.649137144227,-21.03355481281,
    1.034177184317E+03));
#7919 = CARTESIAN_POINT('',(48.529555677663,-21.30652614682,
    1.03390297921E+03));
#7920 = CARTESIAN_POINT('',(48.085303723645,-22.30338562615,
    1.032871302401E+03));
#7921 = CARTESIAN_POINT('',(47.762660680689,-22.99289563031,
    1.032096066862E+03));
#7922 = CARTESIAN_POINT('',(47.444517402899,-23.64362809065,
    1.031302042184E+03));
#7923 = CARTESIAN_POINT('',(47.132851192499,-24.25647418396,
    1.03049062209E+03));
#7924 = CARTESIAN_POINT('',(46.829504183643,-24.83221621765,
    1.029662923055E+03));
#7925 = CARTESIAN_POINT('',(46.53621729785,-25.37150126127,
    1.028819827592E+03));
#7926 = CARTESIAN_POINT('',(45.93639446426,-26.44376415416,
    1.026992363923E+03));
#7927 = CARTESIAN_POINT('',(45.63305234711,-26.96686643423,
    1.026003709519E+03));
#7928 = CARTESIAN_POINT('',(45.34732896756,-27.44431325902,
    1.024997858215E+03));
#7929 = CARTESIAN_POINT('',(45.081738597156,-27.87625510223,
    1.023976406612E+03));
#7930 = CARTESIAN_POINT('',(44.838599222537,-28.26276828596,
    1.022940776694E+03));
#7931 = CARTESIAN_POINT('',(44.620013108551,-28.60382199627,
    1.021892238495E+03));
#7932 = CARTESIAN_POINT('',(44.224172525871,-29.21236193581,
    1.01970812376E+03));
#7933 = CARTESIAN_POINT('',(44.050172528904,-29.47422573655,
    1.018571068599E+03));
#7934 = CARTESIAN_POINT('',(43.90833088652,-29.68422928752,
    1.017423557203E+03));
#7935 = CARTESIAN_POINT('',(43.800590023194,-29.84200140491,
    1.01626821697E+03));
#7936 = CARTESIAN_POINT('',(43.728283803347,-29.94730839639,
    1.015107557308E+03));
#7937 = CARTESIAN_POINT('',(43.692104549907,-30.,1.013944014946E+03));
#7938 = CARTESIAN_POINT('',(43.692104549907,-30.,1.011615562577E+03));
#7939 = CARTESIAN_POINT('',(43.728310070304,-29.94727014109,
    1.01045159829E+03));
#7940 = CARTESIAN_POINT('',(43.800668744506,-29.84188675492,
    1.009290519735E+03));
#7941 = CARTESIAN_POINT('',(43.908487265624,-29.68400029031,
    1.008134766186E+03));
#7942 = CARTESIAN_POINT('',(44.050429873698,-29.47384472294,
    1.006986849738E+03));
#7943 = CARTESIAN_POINT('',(44.224551403846,-29.21179173422,
    1.00584940069E+03));
#7944 = CARTESIAN_POINT('',(44.620540921684,-28.60299897888,
    1.003665213207E+03));
#7945 = CARTESIAN_POINT('',(44.839120275497,-28.2619415344,
    1.002616975103E+03));
#7946 = CARTESIAN_POINT('',(45.082237034119,-27.87544777853,
    1.001581638983E+03));
#7947 = CARTESIAN_POINT('',(45.347790179039,-27.44354847804,
    1.000560475132E+03));
#7948 = CARTESIAN_POINT('',(45.633463062931,-26.96616765893,
    999.55490557995));
#7949 = CARTESIAN_POINT('',(45.936742876667,-26.44315555121,
    998.56652670813));
#7950 = CARTESIAN_POINT('',(46.77640807496,-24.94210504389,
    996.00846830381));
#7951 = CARTESIAN_POINT('',(47.337493830927,-23.88761950664,
    994.47214782332));
#7952 = CARTESIAN_POINT('',(47.927908701723,-22.70740076666,
    992.99080014999));
#7953 = CARTESIAN_POINT('',(48.536747140529,-21.39565114885,
    991.56995411011));
#7954 = CARTESIAN_POINT('',(49.151554748905,-19.94501627084,
    990.21888559953));
#7955 = CARTESIAN_POINT('',(49.757122796178,-18.34749887146,
    988.95163897939));
#7956 = CARTESIAN_POINT('',(50.532110424756,-15.99698071925,
    987.39076347813));
#7957 = CARTESIAN_POINT('',(50.726358418401,-15.37988237229,
    987.00509716332));
#7958 = CARTESIAN_POINT('',(50.916623388923,-14.74430540551,
    986.63232052316));
#7959 = CARTESIAN_POINT('',(51.102063107058,-14.09007822377,
    986.2734103472));
#7960 = CARTESIAN_POINT('',(51.281787586859,-13.41706544512,
    985.9294200365));
#7961 = CARTESIAN_POINT('',(51.454861417954,-12.72516824754,
    985.60148067352));
#7962 = CARTESIAN_POINT('',(51.754074062305,-11.4395821946,
    985.0396073027));
#7963 = CARTESIAN_POINT('',(51.882875901069,-10.85236236753,
    984.79965667472));
#7964 = CARTESIAN_POINT('',(52.006110542019,-10.252972866,984.5717487486
    ));
#7965 = CARTESIAN_POINT('',(52.123183554453,-9.641748538621,
    984.35666260984));
#7966 = CARTESIAN_POINT('',(52.233510870493,-9.019051526579,
    984.15515973916));
#7967 = CARTESIAN_POINT('',(52.336522506554,-8.385271339305,
    983.96798586273));
#7968 = CARTESIAN_POINT('',(52.585850699201,-6.696472960545,
    983.51695649403));
#7969 = CARTESIAN_POINT('',(52.719592189036,-5.622624898461,
    983.27719545862));
#7970 = CARTESIAN_POINT('',(52.829902634736,-4.524514009796,
    983.0808694116));
#7971 = CARTESIAN_POINT('',(52.914402145714,-3.4075749764,
    982.93122287672));
#7972 = CARTESIAN_POINT('',(52.971410964019,-2.277389423694,
    982.83050729784));
#7973 = CARTESIAN_POINT('',(53.,-1.139629570347,982.78));
#7974 = CARTESIAN_POINT('',(53.,-7.105427357601E-15,982.78));
#7975 = PCURVE('',#6167,#7976);
#7976 = DEFINITIONAL_REPRESENTATION('',(#7977),#8064);
#7977 = B_SPLINE_CURVE_WITH_KNOTS('',7,(#7978,#7979,#7980,#7981,#7982,
    #7983,#7984,#7985,#7986,#7987,#7988,#7989,#7990,#7991,#7992,#7993,
    #7994,#7995,#7996,#7997,#7998,#7999,#8000,#8001,#8002,#8003,#8004,
    #8005,#8006,#8007,#8008,#8009,#8010,#8011,#8012,#8013,#8014,#8015,
    #8016,#8017,#8018,#8019,#8020,#8021,#8022,#8023,#8024,#8025,#8026,
    #8027,#8028,#8029,#8030,#8031,#8032,#8033,#8034,#8035,#8036,#8037,
    #8038,#8039,#8040,#8041,#8042,#8043,#8044,#8045,#8046,#8047,#8048,
    #8049,#8050,#8051,#8052,#8053,#8054,#8055,#8056,#8057,#8058,#8059,
    #8060,#8061,#8062,#8063),.UNSPECIFIED.,.F.,.F.,(8,6,6,6,6,6,6,6,6,6,
    6,6,6,6,8),(0.,6.717130465549E-02,0.108699807513,0.160264652149,
    0.199605316554,0.229420247842,0.310672173255,0.402519959446,
    0.499868644206,0.597252661421,0.689076187523,0.839558406542,
    0.891001752467,0.932595544902,1.),.UNSPECIFIED.);
#7978 = CARTESIAN_POINT('',(6.28318530718,69.));
#7979 = CARTESIAN_POINT('',(6.2617348937,69.));
#7980 = CARTESIAN_POINT('',(6.240319242529,68.949736840822));
#7981 = CARTESIAN_POINT('',(6.2190292528,68.849504490026));
#7982 = CARTESIAN_POINT('',(6.197955396879,68.70056787591));
#7983 = CARTESIAN_POINT('',(6.177188526719,68.505158772344));
#7984 = CARTESIAN_POINT('',(6.156820299238,68.266494562663));
#7985 = CARTESIAN_POINT('',(6.124654263139,67.817148157563));
#7986 = CARTESIAN_POINT('',(6.112542350292,67.630416099159));
#7987 = CARTESIAN_POINT('',(6.100613766174,67.429354210369));
#7988 = CARTESIAN_POINT('',(6.088874732755,67.214707053758));
#7989 = CARTESIAN_POINT('',(6.077331402374,66.987235101581));
#7990 = CARTESIAN_POINT('',(6.065989850148,66.747716585888));
#7991 = CARTESIAN_POINT('',(6.041031541285,66.185578296431));
#7992 = CARTESIAN_POINT('',(6.027524703583,65.856805466949));
#7993 = CARTESIAN_POINT('',(6.014334339715,65.511854425344));
#7994 = CARTESIAN_POINT('',(6.001459249836,65.151868989127));
#7995 = CARTESIAN_POINT('',(5.988898141538,64.777914323617));
#7996 = CARTESIAN_POINT('',(5.976649523578,64.390978037423));
#7997 = CARTESIAN_POINT('',(5.955603730382,63.687554748961));
#7998 = CARTESIAN_POINT('',(5.94667540209,63.376068598107));
#7999 = CARTESIAN_POINT('',(5.937924726224,63.05787321215));
#8000 = CARTESIAN_POINT('',(5.929349897055,62.733299325866));
#8001 = CARTESIAN_POINT('',(5.920949168964,62.402647858564));
#8002 = CARTESIAN_POINT('',(5.91272083378,62.066189750645));
#8003 = CARTESIAN_POINT('',(5.89855659424,61.464957656675));
#8004 = CARTESIAN_POINT('',(5.892548055571,61.202553833551));
#8005 = CARTESIAN_POINT('',(5.886636866074,60.937059393303));
#8006 = CARTESIAN_POINT('',(5.880822371714,60.668572479483));
#8007 = CARTESIAN_POINT('',(5.875103980455,60.397184316674));
#8008 = CARTESIAN_POINT('',(5.869481162259,60.122979210481));
#8009 = CARTESIAN_POINT('',(5.848889274228,59.091302400789));
#8010 = CARTESIAN_POINT('',(5.834528236375,58.316066861594));
#8011 = CARTESIAN_POINT('',(5.820864496063,57.522042184271));
#8012 = CARTESIAN_POINT('',(5.807894592268,56.71062209049));
#8013 = CARTESIAN_POINT('',(5.795617710335,55.882923055082));
#8014 = CARTESIAN_POINT('',(5.784035949907,55.03982759183));
#8015 = CARTESIAN_POINT('',(5.760854225179,53.212363923023));
#8016 = CARTESIAN_POINT('',(5.749446303728,52.223709519251));
#8017 = CARTESIAN_POINT('',(5.738949435207,51.217858214684));
#8018 = CARTESIAN_POINT('',(5.72938323306,50.196406611635));
#8019 = CARTESIAN_POINT('',(5.720768113974,49.160776694243));
#8020 = CARTESIAN_POINT('',(5.713125094369,48.112238494726));
#8021 = CARTESIAN_POINT('',(5.699427830701,45.928123759576));
#8022 = CARTESIAN_POINT('',(5.693496001426,44.791068598911));
#8023 = CARTESIAN_POINT('',(5.688714674589,43.643557203355));
#8024 = CARTESIAN_POINT('',(5.685109973724,42.488216969908));
#8025 = CARTESIAN_POINT('',(5.682699761928,41.327557308242));
#8026 = CARTESIAN_POINT('',(5.681493788139,40.164014946286));
#8027 = CARTESIAN_POINT('',(5.681493788139,37.835562577468));
#8028 = CARTESIAN_POINT('',(5.68270063749,36.671598289959));
#8029 = CARTESIAN_POINT('',(5.685112597776,35.510519734842));
#8030 = CARTESIAN_POINT('',(5.688719906601,34.354766185642));
#8031 = CARTESIAN_POINT('',(5.693504676263,33.206849738122));
#8032 = CARTESIAN_POINT('',(5.699440747081,32.069400689689));
#8033 = CARTESIAN_POINT('',(5.713143541609,29.885213206977));
#8034 = CARTESIAN_POINT('',(5.720786551711,28.836975102629));
#8035 = CARTESIAN_POINT('',(5.729401133266,27.801638982769));
#8036 = CARTESIAN_POINT('',(5.738966283976,26.780475131819));
#8037 = CARTESIAN_POINT('',(5.749461595312,25.774905579954));
#8038 = CARTESIAN_POINT('',(5.760867456161,24.786526708133));
#8039 = CARTESIAN_POINT('',(5.793319135993,22.228468303813));
#8040 = CARTESIAN_POINT('',(5.815851312195,20.692147823324));
#8041 = CARTESIAN_POINT('',(5.84073741626,19.210800149991));
#8042 = CARTESIAN_POINT('',(5.868000075035,17.78995411012));
#8043 = CARTESIAN_POINT('',(5.897695291177,16.438885599537));
#8044 = CARTESIAN_POINT('',(5.929899064484,15.171638979392));
#8045 = CARTESIAN_POINT('',(5.976596859064,13.610763478132));
#8046 = CARTESIAN_POINT('',(5.988802321446,13.225097163322));
#8047 = CARTESIAN_POINT('',(6.001318122939,12.852320523168));
#8048 = CARTESIAN_POINT('',(6.014145752841,12.493410347203));
#8049 = CARTESIAN_POINT('',(6.027286504932,12.149420036502));
#8050 = CARTESIAN_POINT('',(6.040741581984,11.821480673521));
#8051 = CARTESIAN_POINT('',(6.065646239668,11.259607302701));
#8052 = CARTESIAN_POINT('',(6.076988331788,11.019656674726));
#8053 = CARTESIAN_POINT('',(6.088532503711,10.791748748601));
#8054 = CARTESIAN_POINT('',(6.100272696951,10.576662609842));
#8055 = CARTESIAN_POINT('',(6.11220277527,10.37515973916));
#8056 = CARTESIAN_POINT('',(6.124316532494,10.187985862733));
#8057 = CARTESIAN_POINT('',(6.156526044387,9.736956494032));
#8058 = CARTESIAN_POINT('',(6.176938618258,9.497195458628));
#8059 = CARTESIAN_POINT('',(6.197752397689,9.3008694116));
#8060 = CARTESIAN_POINT('',(6.218875209857,9.151222876721));
#8061 = CARTESIAN_POINT('',(6.240215691852,9.050507297843));
#8062 = CARTESIAN_POINT('',(6.261682862456,9.));
#8063 = CARTESIAN_POINT('',(6.28318530718,9.));
#8064 = ( GEOMETRIC_REPRESENTATION_CONTEXT(2) 
PARAMETRIC_REPRESENTATION_CONTEXT() REPRESENTATION_CONTEXT('2D SPACE',''
  ) );
#8065 = PCURVE('',#6733,#8066);
#8066 = DEFINITIONAL_REPRESENTATION('',(#8067),#8118);
#8067 = B_SPLINE_CURVE_WITH_KNOTS('',7,(#8068,#8069,#8070,#8071,#8072,
    #8073,#8074,#8075,#8076,#8077,#8078,#8079,#8080,#8081,#8082,#8083,
    #8084,#8085,#8086,#8087,#8088,#8089,#8090,#8091,#8092,#8093,#8094,
    #8095,#8096,#8097,#8098,#8099,#8100,#8101,#8102,#8103,#8104,#8105,
    #8106,#8107,#8108,#8109,#8110,#8111,#8112,#8113,#8114,#8115,#8116,
    #8117),.UNSPECIFIED.,.F.,.F.,(8,6,6,6,6,6,6,6,8),(0.,
    6.717130465549E-02,0.108699807513,0.160264652149,0.199605316554,
    0.229420247842,0.310672173255,0.402519959446,0.499868644206),
  .UNSPECIFIED.);
#8068 = CARTESIAN_POINT('',(6.28318530718,9.307895450093));
#8069 = CARTESIAN_POINT('',(6.321081037661,9.307895450093));
#8070 = CARTESIAN_POINT('',(6.358915346837,9.279444605855));
#8071 = CARTESIAN_POINT('',(6.396588098193,9.222709312692));
#8072 = CARTESIAN_POINT('',(6.433998881873,9.138609656453));
#8073 = CARTESIAN_POINT('',(6.471042665543,9.028810432871));
#8074 = CARTESIAN_POINT('',(6.507605231433,8.895671289218));
#8075 = CARTESIAN_POINT('',(6.565786362093,8.647245510564));
#8076 = CARTESIAN_POINT('',(6.587800726634,8.544464094468));
#8077 = CARTESIAN_POINT('',(6.609599690511,8.434362809991));
#8078 = CARTESIAN_POINT('',(6.631180677588,8.31751065617));
#8079 = CARTESIAN_POINT('',(6.652540296474,8.194490842518));
#8080 = CARTESIAN_POINT('',(6.673674298755,8.065897070473));
#8081 = CARTESIAN_POINT('',(6.720532536062,7.766482882941));
#8082 = CARTESIAN_POINT('',(6.746136706283,7.592936438622));
#8083 = CARTESIAN_POINT('',(6.771404141083,7.412679759314));
#8084 = CARTESIAN_POINT('',(6.796347728932,7.226658529866));
#8085 = CARTESIAN_POINT('',(6.82097956308,7.035772456259));
#8086 = CARTESIAN_POINT('',(6.845311351072,6.840872879311));
#8087 = CARTESIAN_POINT('',(6.887698449963,6.491613282747));
#8088 = CARTESIAN_POINT('',(6.905876883534,6.338574365838));
#8089 = CARTESIAN_POINT('',(6.923897638666,6.183978410991));
#8090 = CARTESIAN_POINT('',(6.941768015068,6.028142786148));
#8091 = CARTESIAN_POINT('',(6.959495215529,5.871367950221));
#8092 = CARTESIAN_POINT('',(6.977086462978,5.713937949435));
#8093 = CARTESIAN_POINT('',(7.007783460548,5.436516831027));
#8094 = CARTESIAN_POINT('',(7.020943902219,5.316691052577));
#8095 = CARTESIAN_POINT('',(7.034033590393,5.196760279198));
#8096 = CARTESIAN_POINT('',(7.047055609776,5.076837620396));
#8097 = CARTESIAN_POINT('',(7.060012981955,4.95703259432));
#8098 = CARTESIAN_POINT('',(7.072908665398,4.837451127756));
#8099 = CARTESIAN_POINT('',(7.120728766485,4.393199173738));
#8100 = CARTESIAN_POINT('',(7.155282771312,4.070556130782));
#8101 = CARTESIAN_POINT('',(7.189458838502,3.752412852992));
#8102 = CARTESIAN_POINT('',(7.223306569212,3.440746642592));
#8103 = CARTESIAN_POINT('',(7.25687444892,3.137399633736));
#8104 = CARTESIAN_POINT('',(7.290210399175,2.844112747943));
#8105 = CARTESIAN_POINT('',(7.360837519968,2.244289914353));
#8106 = CARTESIAN_POINT('',(7.398085291859,1.940947797203));
#8107 = CARTESIAN_POINT('',(7.435143297439,1.655224417653));
#8108 = CARTESIAN_POINT('',(7.472049413537,1.389634047249));
#8109 = CARTESIAN_POINT('',(7.508842393734,1.14649467263));
#8110 = CARTESIAN_POINT('',(7.545562520711,0.927908558644));
#8111 = CARTESIAN_POINT('',(7.621139398674,0.532067975964));
#8112 = CARTESIAN_POINT('',(7.659993332466,0.358067978997));
#8113 = CARTESIAN_POINT('',(7.698815122682,0.216226336613));
#8114 = CARTESIAN_POINT('',(7.737612310441,0.108485473287));
#8115 = CARTESIAN_POINT('',(7.776396397029,3.617925343964E-02));
#8116 = CARTESIAN_POINT('',(7.815181135765,-1.416191542081E-14));
#8117 = CARTESIAN_POINT('',(7.853981633975,-1.42108547152E-14));
#8118 = ( GEOMETRIC_REPRESENTATION_CONTEXT(2) 
PARAMETRIC_REPRESENTATION_CONTEXT() REPRESENTATION_CONTEXT('2D SPACE',''
  ) );
#8119 = ORIENTED_EDGE('',*,*,#6528,.T.);
#8120 = ORIENTED_EDGE('',*,*,#6450,.F.);
#8121 = ORIENTED_EDGE('',*,*,#6145,.F.);
#8122 = FACE_BOUND('',#8123,.T.);
#8123 = EDGE_LOOP('',(#8124,#8501));
#8124 = ORIENTED_EDGE('',*,*,#8125,.T.);
#8125 = EDGE_CURVE('',#8126,#8128,#8130,.T.);
#8126 = VERTEX_POINT('',#8127);
#8127 = CARTESIAN_POINT('',(-43.6921045499,30.,1.01278E+03));
#8128 = VERTEX_POINT('',#8129);
#8129 = CARTESIAN_POINT('',(-43.6921045499,-30.,1.01278E+03));
#8130 = SURFACE_CURVE('',#8131,(#8218,#8357),.PCURVE_S1.);
#8131 = B_SPLINE_CURVE_WITH_KNOTS('',7,(#8132,#8133,#8134,#8135,#8136,
    #8137,#8138,#8139,#8140,#8141,#8142,#8143,#8144,#8145,#8146,#8147,
    #8148,#8149,#8150,#8151,#8152,#8153,#8154,#8155,#8156,#8157,#8158,
    #8159,#8160,#8161,#8162,#8163,#8164,#8165,#8166,#8167,#8168,#8169,
    #8170,#8171,#8172,#8173,#8174,#8175,#8176,#8177,#8178,#8179,#8180,
    #8181,#8182,#8183,#8184,#8185,#8186,#8187,#8188,#8189,#8190,#8191,
    #8192,#8193,#8194,#8195,#8196,#8197,#8198,#8199,#8200,#8201,#8202,
    #8203,#8204,#8205,#8206,#8207,#8208,#8209,#8210,#8211,#8212,#8213,
    #8214,#8215,#8216,#8217),.UNSPECIFIED.,.F.,.F.,(8,6,6,6,6,6,6,6,6,6,
    6,6,6,6,8),(0.74981378035,0.798529260472,0.844463154846,
    0.919740533608,0.945474605456,0.966281526617,1.,1.033636882016,
    1.05443280608,1.080254555464,1.099954891842,1.114885096726,
    1.155573027497,1.201566971044,1.250315559286),.UNSPECIFIED.);
#8132 = CARTESIAN_POINT('',(-43.6921045499,30.,1.01278E+03));
#8133 = CARTESIAN_POINT('',(-43.6921045499,30.,1.013944437423E+03));
#8134 = CARTESIAN_POINT('',(-43.7283100703,29.9472701411,
    1.01510840171E+03));
#8135 = CARTESIAN_POINT('',(-43.8006687445,29.841886754922,
    1.016269480265E+03));
#8136 = CARTESIAN_POINT('',(-43.90848726562,29.684000290315,
    1.017425233814E+03));
#8137 = CARTESIAN_POINT('',(-44.05042987369,29.473844722946,
    1.018573150262E+03));
#8138 = CARTESIAN_POINT('',(-44.22455140384,29.211791734225,
    1.01971059931E+03));
#8139 = CARTESIAN_POINT('',(-44.62054092168,28.602998978886,
    1.021894786793E+03));
#8140 = CARTESIAN_POINT('',(-44.83912027549,28.261941534407,
    1.022943024897E+03));
#8141 = CARTESIAN_POINT('',(-45.08223703411,27.875447778534,
    1.023978361017E+03));
#8142 = CARTESIAN_POINT('',(-45.34779017903,27.443548478047,
    1.024999524868E+03));
#8143 = CARTESIAN_POINT('',(-45.63346306293,26.966167658931,
    1.02600509442E+03));
#8144 = CARTESIAN_POINT('',(-45.93674287666,26.443155551214,
    1.026993473292E+03));
#8145 = CARTESIAN_POINT('',(-46.77640807496,24.942105043894,
    1.029551531696E+03));
#8146 = CARTESIAN_POINT('',(-47.33749383092,23.887619506657,
    1.031087852177E+03));
#8147 = CARTESIAN_POINT('',(-47.92790870173,22.707400766626,
    1.03256919985E+03));
#8148 = CARTESIAN_POINT('',(-48.53674714051,21.395651148896,
    1.03399004589E+03));
#8149 = CARTESIAN_POINT('',(-49.15155474891,19.945016270828,
    1.0353411144E+03));
#8150 = CARTESIAN_POINT('',(-49.75712279617,18.347498871469,
    1.036608361021E+03));
#8151 = CARTESIAN_POINT('',(-50.53211042475,15.996980719255,
    1.038169236522E+03));
#8152 = CARTESIAN_POINT('',(-50.7263584184,15.379882372293,
    1.038554902837E+03));
#8153 = CARTESIAN_POINT('',(-50.91662338892,14.744305405514,
    1.038927679477E+03));
#8154 = CARTESIAN_POINT('',(-51.10206310705,14.090078223768,
    1.039286589653E+03));
#8155 = CARTESIAN_POINT('',(-51.28178758686,13.417065445123,
    1.039630579963E+03));
#8156 = CARTESIAN_POINT('',(-51.45486141795,12.725168247539,
    1.039958519326E+03));
#8157 = CARTESIAN_POINT('',(-51.7540740623,11.439582194604,
    1.040520392697E+03));
#8158 = CARTESIAN_POINT('',(-51.88287590107,10.852362367531,
    1.040760343325E+03));
#8159 = CARTESIAN_POINT('',(-52.00611054201,10.252972866001,
    1.040988251251E+03));
#8160 = CARTESIAN_POINT('',(-52.12318355445,9.641748538618,
    1.04120333739E+03));
#8161 = CARTESIAN_POINT('',(-52.23351087049,9.019051526574,
    1.041404840261E+03));
#8162 = CARTESIAN_POINT('',(-52.33652250655,8.385271339299,
    1.041592014137E+03));
#8163 = CARTESIAN_POINT('',(-52.5858506992,6.696472960541,
    1.042043043506E+03));
#8164 = CARTESIAN_POINT('',(-52.71959218903,5.622624898456,
    1.042282804541E+03));
#8165 = CARTESIAN_POINT('',(-52.82990263473,4.524514009792,
    1.042479130588E+03));
#8166 = CARTESIAN_POINT('',(-52.91440214571,3.407574976398,
    1.042628777123E+03));
#8167 = CARTESIAN_POINT('',(-52.97141096401,2.277389423692,
    1.042729492702E+03));
#8168 = CARTESIAN_POINT('',(-53.,1.139629570348,1.04278E+03));
#8169 = CARTESIAN_POINT('',(-53.,-1.136871914826,1.04278E+03));
#8170 = CARTESIAN_POINT('',(-52.97154915574,-2.271901239992,
    1.042729736841E+03));
#8171 = CARTESIAN_POINT('',(-52.9148138626,-3.399416926339,
    1.04262950449E+03));
#8172 = CARTESIAN_POINT('',(-52.83071420639,-4.513779742819,
    1.042480567876E+03));
#8173 = CARTESIAN_POINT('',(-52.72091498279,-5.609439877196,
    1.042285158772E+03));
#8174 = CARTESIAN_POINT('',(-52.58777583908,-6.680992687077,
    1.042046494563E+03));
#8175 = CARTESIAN_POINT('',(-52.3393500605,-8.367595003884,
    1.041597148158E+03));
#8176 = CARTESIAN_POINT('',(-52.23656864438,-9.001313499908,
    1.041410416099E+03));
#8177 = CARTESIAN_POINT('',(-52.12646735987,-9.623970052571,
    1.04120935421E+03));
#8178 = CARTESIAN_POINT('',(-52.00961520604,-10.23517402641,
    1.040994707054E+03));
#8179 = CARTESIAN_POINT('',(-51.88659539242,-10.83456211074,
    1.040767235102E+03));
#8180 = CARTESIAN_POINT('',(-51.75800162042,-11.42179824305,
    1.040527716586E+03));
#8181 = CARTESIAN_POINT('',(-51.45858743284,-12.71025682108,
    1.039965578296E+03));
#8182 = CARTESIAN_POINT('',(-51.28504098852,-13.40486478624,
    1.039636805467E+03));
#8183 = CARTESIAN_POINT('',(-51.10478430922,-14.08045862222,
    1.039291854425E+03));
#8184 = CARTESIAN_POINT('',(-50.91876307978,-14.737137016,
    1.038931868989E+03));
#8185 = CARTESIAN_POINT('',(-50.72787700616,-15.37503579227,
    1.038557914324E+03));
#8186 = CARTESIAN_POINT('',(-50.5329774292,-15.99432755843,
    1.038170978037E+03));
#8187 = CARTESIAN_POINT('',(-50.1837178315,-17.05366471991,
    1.037467554747E+03));
#8188 = CARTESIAN_POINT('',(-50.0306789156,-17.50146484088,
    1.037156068598E+03));
#8189 = CARTESIAN_POINT('',(-49.87608296181,-17.93876867053,
    1.036837873214E+03));
#8190 = CARTESIAN_POINT('',(-49.72024733699,-18.36572490087,
    1.036513299328E+03));
#8191 = CARTESIAN_POINT('',(-49.56347250001,-18.78248404664,
    1.036182647858E+03));
#8192 = CARTESIAN_POINT('',(-49.40604249816,-19.18919853395,
    1.035846189748E+03));
#8193 = CARTESIAN_POINT('',(-49.12862138093,-19.88676219334,
    1.035244957657E+03));
#8194 = CARTESIAN_POINT('',(-49.00879560248,-20.18181989119,
    1.034982553834E+03));
#8195 = CARTESIAN_POINT('',(-48.8888648291,-20.47126224972,
    1.034717059393E+03));
#8196 = CARTESIAN_POINT('',(-48.7689421703,-20.75515331518,
    1.034448572479E+03));
#8197 = CARTESIAN_POINT('',(-48.64913714422,-21.03355481281,
    1.034177184317E+03));
#8198 = CARTESIAN_POINT('',(-48.52955567766,-21.30652614682,
    1.03390297921E+03));
#8199 = CARTESIAN_POINT('',(-48.0853037326,-22.30338560604,
    1.032871302422E+03));
#8200 = CARTESIAN_POINT('',(-47.76266067227,-22.99289564705,
    1.032096066839E+03));
#8201 = CARTESIAN_POINT('',(-47.44451739574,-23.64362810653,
    1.031302042168E+03));
#8202 = CARTESIAN_POINT('',(-47.13285119892,-24.25647417235,
    1.03049062211E+03));
#8203 = CARTESIAN_POINT('',(-46.82950419222,-24.83221619999,
    1.029662923077E+03));
#8204 = CARTESIAN_POINT('',(-46.53621728991,-25.37150127544,
    1.028819827568E+03));
#8205 = CARTESIAN_POINT('',(-45.93639446434,-26.44376415401,
    1.026992363923E+03));
#8206 = CARTESIAN_POINT('',(-45.6330523471,-26.96686643424,
    1.026003709519E+03));
#8207 = CARTESIAN_POINT('',(-45.3473289675,-27.44431325913,
    1.024997858214E+03));
#8208 = CARTESIAN_POINT('',(-45.08173859711,-27.87625510229,
    1.023976406611E+03));
#8209 = CARTESIAN_POINT('',(-44.83859922255,-28.26276828592,
    1.022940776694E+03));
#8210 = CARTESIAN_POINT('',(-44.6200131086,-28.6038219962,
    1.021892238495E+03));
#8211 = CARTESIAN_POINT('',(-44.22417252587,-29.21236193581,
    1.01970812376E+03));
#8212 = CARTESIAN_POINT('',(-44.0501725289,-29.47422573655,
    1.018571068599E+03));
#8213 = CARTESIAN_POINT('',(-43.90833088652,-29.68422928752,
    1.017423557203E+03));
#8214 = CARTESIAN_POINT('',(-43.80059002319,-29.84200140491,
    1.01626821697E+03));
#8215 = CARTESIAN_POINT('',(-43.72828380334,-29.94730839639,
    1.015107557308E+03));
#8216 = CARTESIAN_POINT('',(-43.6921045499,-30.,1.013944014946E+03));
#8217 = CARTESIAN_POINT('',(-43.6921045499,-30.,1.01278E+03));
#8218 = PCURVE('',#6167,#8219);
#8219 = DEFINITIONAL_REPRESENTATION('',(#8220),#8356);
#8220 = B_SPLINE_CURVE_WITH_KNOTS('',3,(#8221,#8222,#8223,#8224,#8225,
    #8226,#8227,#8228,#8229,#8230,#8231,#8232,#8233,#8234,#8235,#8236,
    #8237,#8238,#8239,#8240,#8241,#8242,#8243,#8244,#8245,#8246,#8247,
    #8248,#8249,#8250,#8251,#8252,#8253,#8254,#8255,#8256,#8257,#8258,
    #8259,#8260,#8261,#8262,#8263,#8264,#8265,#8266,#8267,#8268,#8269,
    #8270,#8271,#8272,#8273,#8274,#8275,#8276,#8277,#8278,#8279,#8280,
    #8281,#8282,#8283,#8284,#8285,#8286,#8287,#8288,#8289,#8290,#8291,
    #8292,#8293,#8294,#8295,#8296,#8297,#8298,#8299,#8300,#8301,#8302,
    #8303,#8304,#8305,#8306,#8307,#8308,#8309,#8310,#8311,#8312,#8313,
    #8314,#8315,#8316,#8317,#8318,#8319,#8320,#8321,#8322,#8323,#8324,
    #8325,#8326,#8327,#8328,#8329,#8330,#8331,#8332,#8333,#8334,#8335,
    #8336,#8337,#8338,#8339,#8340,#8341,#8342,#8343,#8344,#8345,#8346,
    #8347,#8348,#8349,#8350,#8351,#8352,#8353,#8354,#8355),
  .UNSPECIFIED.,.F.,.F.,(4,1,1,1,1,1,1,1,1,1,1,1,1,1,1,1,1,1,1,1,1,1,1,1
    ,1,1,1,1,1,1,1,1,1,1,1,1,1,1,1,1,1,1,1,1,1,1,1,1,1,1,1,1,1,1,1,1,1,1
    ,1,1,1,1,1,1,1,1,1,1,1,1,1,1,1,1,1,1,1,1,1,1,1,1,1,1,1,1,1,1,1,1,1,1
    ,1,1,1,1,1,1,1,1,1,1,1,1,1,1,1,1,1,1,1,1,1,1,1,1,1,1,1,1,1,1,1,1,1,1
    ,1,1,1,1,1,1,4),(0.74981378035,0.753605460493,0.757397140637,
    0.76118882078,0.764980500924,0.768772181067,0.772563861211,
    0.776355541354,0.780147221498,0.783938901641,0.787730581785,
    0.791522261928,0.795313942071,0.799105622215,0.802897302358,
    0.806688982502,0.810480662645,0.814272342789,0.818064022932,
    0.821855703076,0.825647383219,0.829439063363,0.833230743506,
    0.837022423649,0.840814103793,0.844605783936,0.84839746408,
    0.852189144223,0.855980824367,0.85977250451,0.863564184654,
    0.867355864797,0.871147544941,0.874939225084,0.878730905228,
    0.882522585371,0.886314265514,0.890105945658,0.893897625801,
    0.897689305945,0.901480986088,0.905272666232,0.909064346375,
    0.912856026519,0.916647706662,0.920439386806,0.924231066949,
    0.928022747092,0.931814427236,0.935606107379,0.939397787523,
    0.943189467666,0.94698114781,0.950772827953,0.954564508097,
    0.95835618824,0.962147868384,0.965939548527,0.96973122867,
    0.973522908814,0.977314588957,0.981106269101,0.984897949244,
    0.988689629388,0.992481309531,0.996272989675,1.000064669818,
    1.003856349962,1.007648030105,1.011439710248,1.015231390392,
    1.019023070535,1.022814750679,1.026606430822,1.030398110966,
    1.034189791109,1.037981471253,1.041773151396,1.04556483154,
    1.049356511683,1.053148191826,1.05693987197,1.060731552113,
    1.064523232257,1.0683149124,1.072106592544,1.075898272687,
    1.079689952831,1.083481632974,1.087273313118,1.091064993261,
    1.094856673405,1.098648353548,1.102440033691,1.106231713835,
    1.110023393978,1.113815074122,1.117606754265,1.121398434409,
    1.125190114552,1.128981794696,1.132773474839,1.136565154983,
    1.140356835126,1.144148515269,1.147940195413,1.151731875556,
    1.1555235557,1.159315235843,1.163106915987,1.16689859613,
    1.170690276274,1.174481956417,1.178273636561,1.182065316704,
    1.185856996847,1.189648676991,1.193440357134,1.197232037278,
    1.201023717421,1.204815397565,1.208607077708,1.212398757852,
    1.216190437995,1.219982118139,1.223773798282,1.227565478425,
    1.231357158569,1.235148838712,1.238940518856,1.242732198999,
    1.246523879143,1.250315559286),.UNSPECIFIED.);
#8221 = CARTESIAN_POINT('',(2.539901134549,39.000000000375));
#8222 = CARTESIAN_POINT('',(2.53990111389,39.211474223331));
#8223 = CARTESIAN_POINT('',(2.540003506465,39.634382918888));
#8224 = CARTESIAN_POINT('',(2.540463828434,40.268386034162));
#8225 = CARTESIAN_POINT('',(2.541230412447,40.901789099503));
#8226 = CARTESIAN_POINT('',(2.542302446172,41.534350050097));
#8227 = CARTESIAN_POINT('',(2.543678892272,42.165825128633));
#8228 = CARTESIAN_POINT('',(2.545358456003,42.795968401526));
#8229 = CARTESIAN_POINT('',(2.547339592659,43.4245314686));
#8230 = CARTESIAN_POINT('',(2.549620504432,44.051263138352));
#8231 = CARTESIAN_POINT('',(2.552199139732,44.675909052542));
#8232 = CARTESIAN_POINT('',(2.555073193077,45.298211553052));
#8233 = CARTESIAN_POINT('',(2.558240099852,45.917908635583));
#8234 = CARTESIAN_POINT('',(2.561697050441,46.534736318806));
#8235 = CARTESIAN_POINT('',(2.565440931122,47.148418270122));
#8236 = CARTESIAN_POINT('',(2.569468544084,47.758704059783));
#8237 = CARTESIAN_POINT('',(2.573777440381,48.365468594581));
#8238 = CARTESIAN_POINT('',(2.57836510224,48.968564988038));
#8239 = CARTESIAN_POINT('',(2.583229055238,49.567845270603));
#8240 = CARTESIAN_POINT('',(2.588366840181,50.16315455965));
#8241 = CARTESIAN_POINT('',(2.593776022987,50.754332359403));
#8242 = CARTESIAN_POINT('',(2.599454193655,51.341211881364));
#8243 = CARTESIAN_POINT('',(2.605398971629,51.923620152747));
#8244 = CARTESIAN_POINT('',(2.61160799713,52.501376952419));
#8245 = CARTESIAN_POINT('',(2.618078972718,53.074297648735));
#8246 = CARTESIAN_POINT('',(2.624809518434,53.642181602344));
#8247 = CARTESIAN_POINT('',(2.63179772266,54.204854407155));
#8248 = CARTESIAN_POINT('',(2.639040089063,54.762008607409));
#8249 = CARTESIAN_POINT('',(2.646535106877,55.313488681192));
#8250 = CARTESIAN_POINT('',(2.654282766119,55.859219641092));
#8251 = CARTESIAN_POINT('',(2.662282951069,56.39908340815));
#8252 = CARTESIAN_POINT('',(2.670535856848,56.932951013867));
#8253 = CARTESIAN_POINT('',(2.679041863975,57.460673027201));
#8254 = CARTESIAN_POINT('',(2.687801558278,57.982081153094));
#8255 = CARTESIAN_POINT('',(2.696815712008,58.496986814512));
#8256 = CARTESIAN_POINT('',(2.706085275539,59.005180518677));
#8257 = CARTESIAN_POINT('',(2.715611366458,59.506430987908));
#8258 = CARTESIAN_POINT('',(2.725395259629,60.000484327808));
#8259 = CARTESIAN_POINT('',(2.735438377236,60.487063156571));
#8260 = CARTESIAN_POINT('',(2.745742279354,60.965865722685));
#8261 = CARTESIAN_POINT('',(2.756308654026,61.436564973302));
#8262 = CARTESIAN_POINT('',(2.767139310504,61.898807691939));
#8263 = CARTESIAN_POINT('',(2.778236162142,62.352213263812));
#8264 = CARTESIAN_POINT('',(2.78960124953,62.796373711987));
#8265 = CARTESIAN_POINT('',(2.801236615037,63.230848868408));
#8266 = CARTESIAN_POINT('',(2.813144733649,63.655179575527));
#8267 = CARTESIAN_POINT('',(2.825326869447,64.068833466716));
#8268 = CARTESIAN_POINT('',(2.837789636157,64.471417509482));
#8269 = CARTESIAN_POINT('',(2.850535338464,64.86234296771));
#8270 = CARTESIAN_POINT('',(2.863564688451,65.240943903479));
#8271 = CARTESIAN_POINT('',(2.876878714261,65.606536521937));
#8272 = CARTESIAN_POINT('',(2.890478299543,65.958403768392));
#8273 = CARTESIAN_POINT('',(2.904364225586,66.295796471856));
#8274 = CARTESIAN_POINT('',(2.918537573593,66.617943050433));
#8275 = CARTESIAN_POINT('',(2.932998828526,66.9240222958));
#8276 = CARTESIAN_POINT('',(2.947739420423,67.213011834619));
#8277 = CARTESIAN_POINT('',(2.962751721046,67.483933792271));
#8278 = CARTESIAN_POINT('',(2.978028409991,67.735827478023));
#8279 = CARTESIAN_POINT('',(2.993559578618,67.9677136209));
#8280 = CARTESIAN_POINT('',(3.009344970375,68.17875912058));
#8281 = CARTESIAN_POINT('',(3.025370393145,68.367930977077));
#8282 = CARTESIAN_POINT('',(3.041604702968,68.534096561859));
#8283 = CARTESIAN_POINT('',(3.058021317681,68.676321144612));
#8284 = CARTESIAN_POINT('',(3.074592594138,68.79378785213));
#8285 = CARTESIAN_POINT('',(3.091291124051,68.885817667757));
#8286 = CARTESIAN_POINT('',(3.108090079838,68.951862852487));
#8287 = CARTESIAN_POINT('',(3.124960415875,68.991508054333));
#8288 = CARTESIAN_POINT('',(3.141881576881,69.00446865854));
#8289 = CARTESIAN_POINT('',(3.158801273455,68.990593902449));
#8290 = CARTESIAN_POINT('',(3.175669927784,68.950042121671));
#8291 = CARTESIAN_POINT('',(3.192466210602,68.883100956504));
#8292 = CARTESIAN_POINT('',(3.209161226524,68.790190364417));
#8293 = CARTESIAN_POINT('',(3.225728046221,68.671862695024));
#8294 = CARTESIAN_POINT('',(3.242139235306,68.528801817945));
#8295 = CARTESIAN_POINT('',(3.258367066113,68.361830396162));
#8296 = CARTESIAN_POINT('',(3.274385022621,68.171886943869));
#8297 = CARTESIAN_POINT('',(3.290161476047,67.960117020147));
#8298 = CARTESIAN_POINT('',(3.305684428516,67.727525121253));
#8299 = CARTESIAN_POINT('',(3.320952427485,67.474959648521));
#8300 = CARTESIAN_POINT('',(3.335955844795,67.203396897036));
#8301 = CARTESIAN_POINT('',(3.350687259299,66.913799464982));
#8302 = CARTESIAN_POINT('',(3.365138990333,66.607147246862));
#8303 = CARTESIAN_POINT('',(3.379302603357,66.284460690544));
#8304 = CARTESIAN_POINT('',(3.393178954248,65.946551556973));
#8305 = CARTESIAN_POINT('',(3.406768973789,65.594193635635));
#8306 = CARTESIAN_POINT('',(3.420073470052,65.228134508862));
#8307 = CARTESIAN_POINT('',(3.433093320969,64.849090285528));
#8308 = CARTESIAN_POINT('',(3.445829508105,64.457745317555));
#8309 = CARTESIAN_POINT('',(3.45828289915,64.054759731053));
#8310 = CARTESIAN_POINT('',(3.470455192653,63.640740717584));
#8311 = CARTESIAN_POINT('',(3.482350855347,63.216161654942));
#8312 = CARTESIAN_POINT('',(3.493972185487,62.781529228342));
#8313 = CARTESIAN_POINT('',(3.505321938705,62.337298765175));
#8314 = CARTESIAN_POINT('',(3.516402674731,61.883895754432));
#8315 = CARTESIAN_POINT('',(3.527216966053,61.421709474972));
#8316 = CARTESIAN_POINT('',(3.537767193513,60.951100927464));
#8317 = CARTESIAN_POINT('',(3.548055593412,60.472402285853));
#8318 = CARTESIAN_POINT('',(3.558084098323,59.985925619791));
#8319 = CARTESIAN_POINT('',(3.56785469897,59.491946103303));
#8320 = CARTESIAN_POINT('',(3.577369759562,58.990682370754));
#8321 = CARTESIAN_POINT('',(3.586629789531,58.4824160467));
#8322 = CARTESIAN_POINT('',(3.595635514688,57.967391412106));
#8323 = CARTESIAN_POINT('',(3.60438739563,57.445839442491));
#8324 = CARTESIAN_POINT('',(3.612885752282,56.917972321264));
#8325 = CARTESIAN_POINT('',(3.621130724288,56.38398595759));
#8326 = CARTESIAN_POINT('',(3.629122279144,55.844060010919));
#8327 = CARTESIAN_POINT('',(3.636860190872,55.298359884239));
#8328 = CARTESIAN_POINT('',(3.644344086247,54.747033335655));
#8329 = CARTESIAN_POINT('',(3.651573247839,54.190226647878));
#8330 = CARTESIAN_POINT('',(3.658547319883,53.628027947599));
#8331 = CARTESIAN_POINT('',(3.665264580384,53.060605551251));
#8332 = CARTESIAN_POINT('',(3.671722654651,52.48816982078));
#8333 = CARTESIAN_POINT('',(3.67791929702,51.910910644691));
#8334 = CARTESIAN_POINT('',(3.683852184278,51.329014457307));
#8335 = CARTESIAN_POINT('',(3.689518973747,50.742659956041));
#8336 = CARTESIAN_POINT('',(3.694917290435,50.152019517951));
#8337 = CARTESIAN_POINT('',(3.700044732946,49.557259121154));
#8338 = CARTESIAN_POINT('',(3.704898874872,48.95853854755));
#8339 = CARTESIAN_POINT('',(3.709477264956,48.356011955399));
#8340 = CARTESIAN_POINT('',(3.713777436071,47.749826691246));
#8341 = CARTESIAN_POINT('',(3.717796879433,47.140128774569));
#8342 = CARTESIAN_POINT('',(3.721533148242,46.527043452152));
#8343 = CARTESIAN_POINT('',(3.724983042091,45.910822736915));
#8344 = CARTESIAN_POINT('',(3.728143463775,45.291741465064));
#8345 = CARTESIAN_POINT('',(3.731011614089,44.670062914003));
#8346 = CARTESIAN_POINT('',(3.733584939108,44.046048198301));
#8347 = CARTESIAN_POINT('',(3.735861142622,43.419954160651));
#8348 = CARTESIAN_POINT('',(3.737838181355,42.792034346425));
#8349 = CARTESIAN_POINT('',(3.739514264748,42.162539153997));
#8350 = CARTESIAN_POINT('',(3.740887854306,41.531716203513));
#8351 = CARTESIAN_POINT('',(3.741957660476,40.899810661263));
#8352 = CARTESIAN_POINT('',(3.742722650054,40.267065528235));
#8353 = CARTESIAN_POINT('',(3.743182013924,39.63372212152));
#8354 = CARTESIAN_POINT('',(3.743284193205,39.211253923946));
#8355 = CARTESIAN_POINT('',(3.74328417263,38.999999999609));
#8356 = ( GEOMETRIC_REPRESENTATION_CONTEXT(2) 
PARAMETRIC_REPRESENTATION_CONTEXT() REPRESENTATION_CONTEXT('2D SPACE',''
  ) );
#8357 = PCURVE('',#8358,#8363);
#8358 = CYLINDRICAL_SURFACE('',#8359,30.);
#8359 = AXIS2_PLACEMENT_3D('',#8360,#8361,#8362);
#8360 = CARTESIAN_POINT('',(-110.,0.,1.01278E+03));
#8361 = DIRECTION('',(1.,0.,0.));
#8362 = DIRECTION('',(0.,0.,1.));
#8363 = DEFINITIONAL_REPRESENTATION('',(#8364),#8500);
#8364 = B_SPLINE_CURVE_WITH_KNOTS('',3,(#8365,#8366,#8367,#8368,#8369,
    #8370,#8371,#8372,#8373,#8374,#8375,#8376,#8377,#8378,#8379,#8380,
    #8381,#8382,#8383,#8384,#8385,#8386,#8387,#8388,#8389,#8390,#8391,
    #8392,#8393,#8394,#8395,#8396,#8397,#8398,#8399,#8400,#8401,#8402,
    #8403,#8404,#8405,#8406,#8407,#8408,#8409,#8410,#8411,#8412,#8413,
    #8414,#8415,#8416,#8417,#8418,#8419,#8420,#8421,#8422,#8423,#8424,
    #8425,#8426,#8427,#8428,#8429,#8430,#8431,#8432,#8433,#8434,#8435,
    #8436,#8437,#8438,#8439,#8440,#8441,#8442,#8443,#8444,#8445,#8446,
    #8447,#8448,#8449,#8450,#8451,#8452,#8453,#8454,#8455,#8456,#8457,
    #8458,#8459,#8460,#8461,#8462,#8463,#8464,#8465,#8466,#8467,#8468,
    #8469,#8470,#8471,#8472,#8473,#8474,#8475,#8476,#8477,#8478,#8479,
    #8480,#8481,#8482,#8483,#8484,#8485,#8486,#8487,#8488,#8489,#8490,
    #8491,#8492,#8493,#8494,#8495,#8496,#8497,#8498,#8499),
  .UNSPECIFIED.,.F.,.F.,(4,1,1,1,1,1,1,1,1,1,1,1,1,1,1,1,1,1,1,1,1,1,1,1
    ,1,1,1,1,1,1,1,1,1,1,1,1,1,1,1,1,1,1,1,1,1,1,1,1,1,1,1,1,1,1,1,1,1,1
    ,1,1,1,1,1,1,1,1,1,1,1,1,1,1,1,1,1,1,1,1,1,1,1,1,1,1,1,1,1,1,1,1,1,1
    ,1,1,1,1,1,1,1,1,1,1,1,1,1,1,1,1,1,1,1,1,1,1,1,1,1,1,1,1,1,1,1,1,1,1
    ,1,1,1,1,1,1,4),(0.74981378035,0.753605460493,0.757397140637,
    0.76118882078,0.764980500924,0.768772181067,0.772563861211,
    0.776355541354,0.780147221498,0.783938901641,0.787730581785,
    0.791522261928,0.795313942071,0.799105622215,0.802897302358,
    0.806688982502,0.810480662645,0.814272342789,0.818064022932,
    0.821855703076,0.825647383219,0.829439063363,0.833230743506,
    0.837022423649,0.840814103793,0.844605783936,0.84839746408,
    0.852189144223,0.855980824367,0.85977250451,0.863564184654,
    0.867355864797,0.871147544941,0.874939225084,0.878730905228,
    0.882522585371,0.886314265514,0.890105945658,0.893897625801,
    0.897689305945,0.901480986088,0.905272666232,0.909064346375,
    0.912856026519,0.916647706662,0.920439386806,0.924231066949,
    0.928022747092,0.931814427236,0.935606107379,0.939397787523,
    0.943189467666,0.94698114781,0.950772827953,0.954564508097,
    0.95835618824,0.962147868384,0.965939548527,0.96973122867,
    0.973522908814,0.977314588957,0.981106269101,0.984897949244,
    0.988689629388,0.992481309531,0.996272989675,1.000064669818,
    1.003856349962,1.007648030105,1.011439710248,1.015231390392,
    1.019023070535,1.022814750679,1.026606430822,1.030398110966,
    1.034189791109,1.037981471253,1.041773151396,1.04556483154,
    1.049356511683,1.053148191826,1.05693987197,1.060731552113,
    1.064523232257,1.0683149124,1.072106592544,1.075898272687,
    1.079689952831,1.083481632974,1.087273313118,1.091064993261,
    1.094856673405,1.098648353548,1.102440033691,1.106231713835,
    1.110023393978,1.113815074122,1.117606754265,1.121398434409,
    1.125190114552,1.128981794696,1.132773474839,1.136565154983,
    1.140356835126,1.144148515269,1.147940195413,1.151731875556,
    1.1555235557,1.159315235843,1.163106915987,1.16689859613,
    1.170690276274,1.174481956417,1.178273636561,1.182065316704,
    1.185856996847,1.189648676991,1.193440357134,1.197232037278,
    1.201023717421,1.204815397565,1.208607077708,1.212398757852,
    1.216190437995,1.219982118139,1.223773798282,1.227565478425,
    1.231357158569,1.235148838712,1.238940518856,1.242732198999,
    1.246523879143,1.250315559286),.UNSPECIFIED.);
#8365 = CARTESIAN_POINT('',(-1.570796326783,66.3078954501));
#8366 = CARTESIAN_POINT('',(-1.563747186688,66.307897095048));
#8367 = CARTESIAN_POINT('',(-1.549650228909,66.3048234741));
#8368 = CARTESIAN_POINT('',(-1.528507338565,66.291019051171));
#8369 = CARTESIAN_POINT('',(-1.507365552419,66.268049644306));
#8370 = CARTESIAN_POINT('',(-1.486223502602,66.235971328167));
#8371 = CARTESIAN_POINT('',(-1.465079881815,66.194857821201));
#8372 = CARTESIAN_POINT('',(-1.44393345941,66.144802862771));
#8373 = CARTESIAN_POINT('',(-1.422783090371,66.085919380014));
#8374 = CARTESIAN_POINT('',(-1.401627726551,66.018339463021));
#8375 = CARTESIAN_POINT('',(-1.38046643045,65.942214084633));
#8376 = CARTESIAN_POINT('',(-1.359298381729,65.857712801075));
#8377 = CARTESIAN_POINT('',(-1.338122916197,65.765023552307));
#8378 = CARTESIAN_POINT('',(-1.316939448739,65.664351850273));
#8379 = CARTESIAN_POINT('',(-1.295747835278,65.555922083502));
#8380 = CARTESIAN_POINT('',(-1.274547065628,65.439970539058));
#8381 = CARTESIAN_POINT('',(-1.253331738662,65.316721532786));
#8382 = CARTESIAN_POINT('',(-1.23209709775,65.186410904955));
#8383 = CARTESIAN_POINT('',(-1.210838307544,65.049282570673));
#8384 = CARTESIAN_POINT('',(-1.189550638782,64.905589207106));
#8385 = CARTESIAN_POINT('',(-1.16822940946,64.755591826087));
#8386 = CARTESIAN_POINT('',(-1.14686999432,64.599559668386));
#8387 = CARTESIAN_POINT('',(-1.125467806353,64.437769925923));
#8388 = CARTESIAN_POINT('',(-1.104018323412,64.270507830551));
#8389 = CARTESIAN_POINT('',(-1.082516963639,64.098065448637));
#8390 = CARTESIAN_POINT('',(-1.060959521612,63.920745285862));
#8391 = CARTESIAN_POINT('',(-1.03934051368,63.738845945333));
#8392 = CARTESIAN_POINT('',(-1.01765934989,63.552714961966));
#8393 = CARTESIAN_POINT('',(-0.995909354072,63.36265590461));
#8394 = CARTESIAN_POINT('',(-0.974080140809,63.168944034544));
#8395 = CARTESIAN_POINT('',(-0.952162383361,62.971868236292));
#8396 = CARTESIAN_POINT('',(-0.930146523156,62.77172080433));
#8397 = CARTESIAN_POINT('',(-0.908023102861,62.568801220465));
#8398 = CARTESIAN_POINT('',(-0.885782664541,62.363416197642));
#8399 = CARTESIAN_POINT('',(-0.863415764365,62.155880735907));
#8400 = CARTESIAN_POINT('',(-0.840912955977,61.946518915403));
#8401 = CARTESIAN_POINT('',(-0.818264782022,61.735664764663));
#8402 = CARTESIAN_POINT('',(-0.795461763059,61.5236631098));
#8403 = CARTESIAN_POINT('',(-0.77249438673,61.310870427464));
#8404 = CARTESIAN_POINT('',(-0.749353095732,61.097655688015));
#8405 = CARTESIAN_POINT('',(-0.72602827661,60.884401203751));
#8406 = CARTESIAN_POINT('',(-0.702510241877,60.671503419931));
#8407 = CARTESIAN_POINT('',(-0.6787892324,60.459373866296));
#8408 = CARTESIAN_POINT('',(-0.654855338669,60.248439444107));
#8409 = CARTESIAN_POINT('',(-0.630698718413,60.039145114394));
#8410 = CARTESIAN_POINT('',(-0.606308700819,59.831947533175));
#8411 = CARTESIAN_POINT('',(-0.581677037518,59.627342368444));
#8412 = CARTESIAN_POINT('',(-0.556784742019,59.425758203513));
#8413 = CARTESIAN_POINT('',(-0.531621653826,59.227721843131));
#8414 = CARTESIAN_POINT('',(-0.506180497543,59.033803237843));
#8415 = CARTESIAN_POINT('',(-0.480453070086,58.844584979784));
#8416 = CARTESIAN_POINT('',(-0.45443112447,58.660669577667));
#8417 = CARTESIAN_POINT('',(-0.428106242977,58.482678412298));
#8418 = CARTESIAN_POINT('',(-0.40146902931,58.311246190802));
#8419 = CARTESIAN_POINT('',(-0.374510809278,58.147034207785));
#8420 = CARTESIAN_POINT('',(-0.347239088342,57.990812401363));
#8421 = CARTESIAN_POINT('',(-0.319658613531,57.843327399363));
#8422 = CARTESIAN_POINT('',(-0.291772703033,57.705314147528));
#8423 = CARTESIAN_POINT('',(-0.263588464387,57.577513607969));
#8424 = CARTESIAN_POINT('',(-0.235094713701,57.460579029164));
#8425 = CARTESIAN_POINT('',(-0.206304714089,57.355264936148));
#8426 = CARTESIAN_POINT('',(-0.177260871079,57.26237175309));
#8427 = CARTESIAN_POINT('',(-0.147996050766,57.18257666492));
#8428 = CARTESIAN_POINT('',(-0.118543940246,57.116474035781));
#8429 = CARTESIAN_POINT('',(-8.893687904159E-02,57.064560999777));
#8430 = CARTESIAN_POINT('',(-5.920543809859E-02,57.027238318148));
#8431 = CARTESIAN_POINT('',(-2.938352296159E-02,57.004807527886));
#8432 = CARTESIAN_POINT('',(5.103794824137E-04,56.997470187636));
#8433 = CARTESIAN_POINT('',(3.040200484741E-02,57.005324971982));
#8434 = CARTESIAN_POINT('',(6.022187306141E-02,57.028267981083));
#8435 = CARTESIAN_POINT('',(8.995011921141E-02,57.066095033514));
#8436 = CARTESIAN_POINT('',(0.119553087447,57.118501120098));
#8437 = CARTESIAN_POINT('',(0.149000005408,57.185082070478));
#8438 = CARTESIAN_POINT('',(0.178258459844,57.265337287812));
#8439 = CARTESIAN_POINT('',(0.207294577214,57.358668534352));
#8440 = CARTESIAN_POINT('',(0.236075570927,57.464395981418));
#8441 = CARTESIAN_POINT('',(0.26455810241,57.581711687001));
#8442 = CARTESIAN_POINT('',(0.292732837639,57.70987658432));
#8443 = CARTESIAN_POINT('',(0.320608780254,57.848228639403));
#8444 = CARTESIAN_POINT('',(0.348179298822,57.996028341963));
#8445 = CARTESIAN_POINT('',(0.375440863688,58.152539570529));
#8446 = CARTESIAN_POINT('',(0.402388597031,58.317014572697));
#8447 = CARTESIAN_POINT('',(0.429015210347,58.488684508116));
#8448 = CARTESIAN_POINT('',(0.455330058929,58.66689309564));
#8449 = CARTESIAN_POINT('',(0.48134224432,58.851004465916));
#8450 = CARTESIAN_POINT('',(0.507060221787,59.040398123577));
#8451 = CARTESIAN_POINT('',(0.532492217535,59.23447210809));
#8452 = CARTESIAN_POINT('',(0.557646331599,59.432643648144));
#8453 = CARTESIAN_POINT('',(0.58253013874,59.634345846438));
#8454 = CARTESIAN_POINT('',(0.607152584649,59.839042749386));
#8455 = CARTESIAN_POINT('',(0.631528177842,60.046267270562));
#8456 = CARTESIAN_POINT('',(0.65566707628,60.255538299017));
#8457 = CARTESIAN_POINT('',(0.679580384251,60.466402668492));
#8458 = CARTESIAN_POINT('',(0.703278895461,60.678424020248));
#8459 = CARTESIAN_POINT('',(0.726773556617,60.891185539801));
#8460 = CARTESIAN_POINT('',(0.750075088504,61.104285816888));
#8461 = CARTESIAN_POINT('',(0.773194114816,61.31733859349));
#8462 = CARTESIAN_POINT('',(0.796140830836,61.529968228481));
#8463 = CARTESIAN_POINT('',(0.818925855896,61.74181735538));
#8464 = CARTESIAN_POINT('',(0.841561107408,61.952553118782));
#8465 = CARTESIAN_POINT('',(0.864054498682,62.161817071961));
#8466 = CARTESIAN_POINT('',(0.886414712714,62.369268423274));
#8467 = CARTESIAN_POINT('',(0.908650120152,62.574573324765));
#8468 = CARTESIAN_POINT('',(0.930769086212,62.777406985382));
#8469 = CARTESIAN_POINT('',(0.95277989995,62.977452317697));
#8470 = CARTESIAN_POINT('',(0.974690816403,63.174399626005));
#8471 = CARTESIAN_POINT('',(0.996510016978,63.367945595392));
#8472 = CARTESIAN_POINT('',(1.018245776774,63.557794035558));
#8473 = CARTESIAN_POINT('',(1.03990587962,63.743650304647));
#8474 = CARTESIAN_POINT('',(1.061499829799,63.925239258299));
#8475 = CARTESIAN_POINT('',(1.083033558642,64.102260265891));
#8476 = CARTESIAN_POINT('',(1.104511113477,64.274403718979));
#8477 = CARTESIAN_POINT('',(1.125937072868,64.441371531725));
#8478 = CARTESIAN_POINT('',(1.147315906921,64.602871886973));
#8479 = CARTESIAN_POINT('',(1.168652155892,64.758620880227));
#8480 = CARTESIAN_POINT('',(1.189950390004,64.908342316661));
#8481 = CARTESIAN_POINT('',(1.211215227008,65.051767998115));
#8482 = CARTESIAN_POINT('',(1.232451338616,65.188637897112));
#8483 = CARTESIAN_POINT('',(1.253663444999,65.318700292789));
#8484 = CARTESIAN_POINT('',(1.274856369594,65.441712172163));
#8485 = CARTESIAN_POINT('',(1.296034866279,65.557438608154));
#8486 = CARTESIAN_POINT('',(1.317204298541,65.665655965229));
#8487 = CARTESIAN_POINT('',(1.33836559162,65.766128454015));
#8488 = CARTESIAN_POINT('',(1.359518911316,65.858632699899));
#8489 = CARTESIAN_POINT('',(1.380664836846,65.942963992474));
#8490 = CARTESIAN_POINT('',(1.40180403287,66.018935161726));
#8491 = CARTESIAN_POINT('',(1.422937317575,66.086377338501));
#8492 = CARTESIAN_POINT('',(1.444065626195,66.145140165339));
#8493 = CARTESIAN_POINT('',(1.465190003924,66.195092090669));
#8494 = CARTESIAN_POINT('',(1.486311592373,66.236120648271));
#8495 = CARTESIAN_POINT('',(1.507431618349,66.268132481365));
#8496 = CARTESIAN_POINT('',(1.528551384937,66.291054172061));
#8497 = CARTESIAN_POINT('',(1.54967225549,66.304829873768));
#8498 = CARTESIAN_POINT('',(1.563754529997,66.30789708827));
#8499 = CARTESIAN_POINT('',(1.570796326808,66.3078954501));
#8500 = ( GEOMETRIC_REPRESENTATION_CONTEXT(2) 
PARAMETRIC_REPRESENTATION_CONTEXT() REPRESENTATION_CONTEXT('2D SPACE',''
  ) );
#8501 = ORIENTED_EDGE('',*,*,#8502,.T.);
#8502 = EDGE_CURVE('',#8128,#8126,#8503,.T.);
#8503 = SURFACE_CURVE('',#8504,(#8687,#8873),.PCURVE_S1.);
#8504 = B_SPLINE_CURVE_WITH_KNOTS('',7,(#8505,#8506,#8507,#8508,#8509,
    #8510,#8511,#8512,#8513,#8514,#8515,#8516,#8517,#8518,#8519,#8520,
    #8521,#8522,#8523,#8524,#8525,#8526,#8527,#8528,#8529,#8530,#8531,
    #8532,#8533,#8534,#8535,#8536,#8537,#8538,#8539,#8540,#8541,#8542,
    #8543,#8544,#8545,#8546,#8547,#8548,#8549,#8550,#8551,#8552,#8553,
    #8554,#8555,#8556,#8557,#8558,#8559,#8560,#8561,#8562,#8563,#8564,
    #8565,#8566,#8567,#8568,#8569,#8570,#8571,#8572,#8573,#8574,#8575,
    #8576,#8577,#8578,#8579,#8580,#8581,#8582,#8583,#8584,#8585,#8586,
    #8587,#8588,#8589,#8590,#8591,#8592,#8593,#8594,#8595,#8596,#8597,
    #8598,#8599,#8600,#8601,#8602,#8603,#8604,#8605,#8606,#8607,#8608,
    #8609,#8610,#8611,#8612,#8613,#8614,#8615,#8616,#8617,#8618,#8619,
    #8620,#8621,#8622,#8623,#8624,#8625,#8626,#8627,#8628,#8629,#8630,
    #8631,#8632,#8633,#8634,#8635,#8636,#8637,#8638,#8639,#8640,#8641,
    #8642,#8643,#8644,#8645,#8646,#8647,#8648,#8649,#8650,#8651,#8652,
    #8653,#8654,#8655,#8656,#8657,#8658,#8659,#8660,#8661,#8662,#8663,
    #8664,#8665,#8666,#8667,#8668,#8669,#8670,#8671,#8672,#8673,#8674,
    #8675,#8676,#8677,#8678,#8679,#8680,#8681,#8682,#8683,#8684,#8685,
    #8686),.UNSPECIFIED.,.T.,.F.,(1,7,6,6,6,6,6,6,6,6,6,6,6,6,6,6,6,6,6,
    6,6,6,6,6,6,6,6,6,6,6,6,7,1),(-3.3718473383E-02,0.,
    3.356617520966E-02,5.431838495472E-02,8.00858554245E-02,
    9.974478047667E-02,0.114643601147,0.155246003371,0.201143264803,
    0.249789380498,0.298453152175,0.34433829059,0.419535767124,
    0.445242523864,0.466027359778,0.477219802409,0.499734591819,
    0.522219555413,0.533360822239,0.554135082554,0.579929932642,
    0.599609746583,0.614524398222,0.655169944266,0.701115974972,
    0.74981378035,0.798529260472,0.844463154846,0.919740533608,
    0.945474605456,0.966281526617,1.,1.03356617521),.UNSPECIFIED.);
#8505 = CARTESIAN_POINT('',(-53.,7.105427357601E-15,1.04278E+03));
#8506 = CARTESIAN_POINT('',(-53.,-1.136871914826,1.04278E+03));
#8507 = CARTESIAN_POINT('',(-52.97154915574,-2.271901239992,
    1.042729736841E+03));
#8508 = CARTESIAN_POINT('',(-52.9148138626,-3.399416926339,
    1.04262950449E+03));
#8509 = CARTESIAN_POINT('',(-52.83071420639,-4.513779742819,
    1.042480567876E+03));
#8510 = CARTESIAN_POINT('',(-52.72091498279,-5.609439877196,
    1.042285158772E+03));
#8511 = CARTESIAN_POINT('',(-52.58777583908,-6.680992687077,
    1.042046494563E+03));
#8512 = CARTESIAN_POINT('',(-52.3393500605,-8.367595003884,
    1.041597148158E+03));
#8513 = CARTESIAN_POINT('',(-52.23656864438,-9.001313499908,
    1.041410416099E+03));
#8514 = CARTESIAN_POINT('',(-52.12646735987,-9.623970052571,
    1.04120935421E+03));
#8515 = CARTESIAN_POINT('',(-52.00961520604,-10.23517402641,
    1.040994707054E+03));
#8516 = CARTESIAN_POINT('',(-51.88659539242,-10.83456211074,
    1.040767235102E+03));
#8517 = CARTESIAN_POINT('',(-51.75800162042,-11.42179824305,
    1.040527716586E+03));
#8518 = CARTESIAN_POINT('',(-51.45858743284,-12.71025682108,
    1.039965578296E+03));
#8519 = CARTESIAN_POINT('',(-51.28504098852,-13.40486478624,
    1.039636805467E+03));
#8520 = CARTESIAN_POINT('',(-51.10478430922,-14.08045862222,
    1.039291854425E+03));
#8521 = CARTESIAN_POINT('',(-50.91876307978,-14.737137016,
    1.038931868989E+03));
#8522 = CARTESIAN_POINT('',(-50.72787700616,-15.37503579227,
    1.038557914324E+03));
#8523 = CARTESIAN_POINT('',(-50.5329774292,-15.99432755843,
    1.038170978037E+03));
#8524 = CARTESIAN_POINT('',(-50.1837178315,-17.05366471991,
    1.037467554747E+03));
#8525 = CARTESIAN_POINT('',(-50.0306789156,-17.50146484088,
    1.037156068598E+03));
#8526 = CARTESIAN_POINT('',(-49.87608296181,-17.93876867053,
    1.036837873214E+03));
#8527 = CARTESIAN_POINT('',(-49.72024733699,-18.36572490087,
    1.036513299328E+03));
#8528 = CARTESIAN_POINT('',(-49.56347250001,-18.78248404664,
    1.036182647858E+03));
#8529 = CARTESIAN_POINT('',(-49.40604249816,-19.18919853395,
    1.035846189748E+03));
#8530 = CARTESIAN_POINT('',(-49.12862138093,-19.88676219334,
    1.035244957657E+03));
#8531 = CARTESIAN_POINT('',(-49.00879560248,-20.18181989119,
    1.034982553834E+03));
#8532 = CARTESIAN_POINT('',(-48.8888648291,-20.47126224972,
    1.034717059393E+03));
#8533 = CARTESIAN_POINT('',(-48.7689421703,-20.75515331518,
    1.034448572479E+03));
#8534 = CARTESIAN_POINT('',(-48.64913714422,-21.03355481281,
    1.034177184317E+03));
#8535 = CARTESIAN_POINT('',(-48.52955567766,-21.30652614682,
    1.03390297921E+03));
#8536 = CARTESIAN_POINT('',(-48.0853037326,-22.30338560604,
    1.032871302422E+03));
#8537 = CARTESIAN_POINT('',(-47.76266067227,-22.99289564705,
    1.032096066839E+03));
#8538 = CARTESIAN_POINT('',(-47.44451739574,-23.64362810653,
    1.031302042168E+03));
#8539 = CARTESIAN_POINT('',(-47.13285119892,-24.25647417235,
    1.03049062211E+03));
#8540 = CARTESIAN_POINT('',(-46.82950419222,-24.83221619999,
    1.029662923077E+03));
#8541 = CARTESIAN_POINT('',(-46.53621728991,-25.37150127544,
    1.028819827568E+03));
#8542 = CARTESIAN_POINT('',(-45.93639446434,-26.44376415401,
    1.026992363923E+03));
#8543 = CARTESIAN_POINT('',(-45.6330523471,-26.96686643424,
    1.026003709519E+03));
#8544 = CARTESIAN_POINT('',(-45.3473289675,-27.44431325913,
    1.024997858214E+03));
#8545 = CARTESIAN_POINT('',(-45.08173859711,-27.87625510229,
    1.023976406611E+03));
#8546 = CARTESIAN_POINT('',(-44.83859922255,-28.26276828592,
    1.022940776694E+03));
#8547 = CARTESIAN_POINT('',(-44.6200131086,-28.6038219962,
    1.021892238495E+03));
#8548 = CARTESIAN_POINT('',(-44.22417252587,-29.21236193581,
    1.01970812376E+03));
#8549 = CARTESIAN_POINT('',(-44.0501725289,-29.47422573655,
    1.018571068599E+03));
#8550 = CARTESIAN_POINT('',(-43.90833088652,-29.68422928752,
    1.017423557203E+03));
#8551 = CARTESIAN_POINT('',(-43.80059002319,-29.84200140491,
    1.01626821697E+03));
#8552 = CARTESIAN_POINT('',(-43.72828380334,-29.94730839639,
    1.015107557308E+03));
#8553 = CARTESIAN_POINT('',(-43.6921045499,-30.,1.013944014946E+03));
#8554 = CARTESIAN_POINT('',(-43.6921045499,-30.,1.011615562577E+03));
#8555 = CARTESIAN_POINT('',(-43.7283100703,-29.9472701411,
    1.01045159829E+03));
#8556 = CARTESIAN_POINT('',(-43.8006687445,-29.84188675492,
    1.009290519735E+03));
#8557 = CARTESIAN_POINT('',(-43.90848726562,-29.68400029031,
    1.008134766186E+03));
#8558 = CARTESIAN_POINT('',(-44.05042987369,-29.47384472294,
    1.006986849738E+03));
#8559 = CARTESIAN_POINT('',(-44.22455140384,-29.21179173422,
    1.00584940069E+03));
#8560 = CARTESIAN_POINT('',(-44.6205409217,-28.60299897885,
    1.003665213207E+03));
#8561 = CARTESIAN_POINT('',(-44.8391202755,-28.26194153439,
    1.002616975103E+03));
#8562 = CARTESIAN_POINT('',(-45.0822370341,-27.87544777856,
    1.001581638983E+03));
#8563 = CARTESIAN_POINT('',(-45.34779017901,-27.44354847809,
    1.000560475132E+03));
#8564 = CARTESIAN_POINT('',(-45.63346306293,-26.96616765893,
    999.55490557994));
#8565 = CARTESIAN_POINT('',(-45.9367428767,-26.44315555115,
    998.56652670803));
#8566 = CARTESIAN_POINT('',(-46.77640807496,-24.94210504389,
    996.00846830381));
#8567 = CARTESIAN_POINT('',(-47.33749383092,-23.88761950663,
    994.47214782332));
#8568 = CARTESIAN_POINT('',(-47.92790870172,-22.70740076665,
    992.99080014997));
#8569 = CARTESIAN_POINT('',(-48.53674714052,-21.39565114885,
    991.56995411012));
#8570 = CARTESIAN_POINT('',(-49.1515547489,-19.94501627084,
    990.21888559952));
#8571 = CARTESIAN_POINT('',(-49.75712279618,-18.34749887145,
    988.95163897938));
#8572 = CARTESIAN_POINT('',(-50.53211042475,-15.99698071927,
    987.39076347814));
#8573 = CARTESIAN_POINT('',(-50.7263584184,-15.37988237228,
    987.00509716331));
#8574 = CARTESIAN_POINT('',(-50.91662338893,-14.74430540547,
    986.63232052314));
#8575 = CARTESIAN_POINT('',(-51.10206310706,-14.09007822373,
    986.27341034718));
#8576 = CARTESIAN_POINT('',(-51.28178758686,-13.41706544511,
    985.92942003649));
#8577 = CARTESIAN_POINT('',(-51.45486141795,-12.72516824755,
    985.60148067352));
#8578 = CARTESIAN_POINT('',(-51.75407406231,-11.43958219458,
    985.03960730269));
#8579 = CARTESIAN_POINT('',(-51.88287590107,-10.85236236751,
    984.79965667471));
#8580 = CARTESIAN_POINT('',(-52.00611054202,-10.25297286598,
    984.57174874859));
#8581 = CARTESIAN_POINT('',(-52.12318355445,-9.641748538597,
    984.35666260983));
#8582 = CARTESIAN_POINT('',(-52.23351087049,-9.019051526551,
    984.15515973915));
#8583 = CARTESIAN_POINT('',(-52.33652250656,-8.385271339272,
    983.96798586272));
#8584 = CARTESIAN_POINT('',(-52.48290033275,-7.393796476585,
    983.70319150537));
#8585 = CARTESIAN_POINT('',(-52.53184621548,-7.043721284336,
    983.61488981997));
#8586 = CARTESIAN_POINT('',(-52.57840799561,-6.690737220891,
    983.53109880126));
#8587 = CARTESIAN_POINT('',(-52.6224950672,-6.334984326435,
    983.4519419925));
#8588 = CARTESIAN_POINT('',(-52.66402215578,-5.976604813779,
    983.37753542523));
#8589 = CARTESIAN_POINT('',(-52.70290931831,-5.615743068362,
    983.30798761925));
#8590 = CARTESIAN_POINT('',(-52.81184702754,-4.521935387571,
    983.11347387385));
#8591 = CARTESIAN_POINT('',(-52.87365292546,-3.781623901082,
    983.00357397419));
#8592 = CARTESIAN_POINT('',(-52.9238148382,-3.033456912408,
    982.91466604975));
#8593 = CARTESIAN_POINT('',(-52.96180513323,-2.279309619989,
    982.84747759612));
#8594 = CARTESIAN_POINT('',(-52.98726307196,-1.521078149505,
    982.80250190698));
#8595 = CARTESIAN_POINT('',(-53.,-0.760670930902,982.78));
#8596 = CARTESIAN_POINT('',(-53.,0.759663254054,982.78));
#8597 = CARTESIAN_POINT('',(-52.98729679535,1.519063079011,
    982.80244232899));
#8598 = CARTESIAN_POINT('',(-52.96190626522,2.276295030153,
    982.84729892963));
#8599 = CARTESIAN_POINT('',(-52.92401611215,3.029458231853,
    982.91431008359));
#8600 = CARTESIAN_POINT('',(-52.87398521573,3.776664022753,
    983.00298501986));
#8601 = CARTESIAN_POINT('',(-52.81233848472,4.516044521386,
    983.11260000003));
#8602 = CARTESIAN_POINT('',(-52.70379329064,5.607334623912,
    983.30640746017));
#8603 = CARTESIAN_POINT('',(-52.665138571,5.966596301437,983.37553698487
    ));
#8604 = CARTESIAN_POINT('',(-52.62386658327,6.323401333782,
    983.44948289648));
#8605 = CARTESIAN_POINT('',(-52.58005611605,6.67760701879,983.5281382331
    ));
#8606 = CARTESIAN_POINT('',(-52.53379121224,7.029072763174,
    983.61138862907));
#8607 = CARTESIAN_POINT('',(-52.4851611691,7.37766008252,983.69911231491
    ));
#8608 = CARTESIAN_POINT('',(-52.33935006047,8.367595004087,
    983.96285184243));
#8609 = CARTESIAN_POINT('',(-52.23656864437,9.00131349992,
    984.14958390084));
#8610 = CARTESIAN_POINT('',(-52.12646735989,9.623970052411,
    984.35064578963));
#8611 = CARTESIAN_POINT('',(-52.00961520607,10.235174026275,
    984.56529294624));
#8612 = CARTESIAN_POINT('',(-51.88659539242,10.834562110789,
    984.79276489841));
#8613 = CARTESIAN_POINT('',(-51.75800162038,11.421798243256,
    985.03228341411));
#8614 = CARTESIAN_POINT('',(-51.45858743284,12.710256821053,
    985.59442170356));
#8615 = CARTESIAN_POINT('',(-51.28504098852,13.404864786238,
    985.92319453305));
#8616 = CARTESIAN_POINT('',(-51.10478430922,14.08045862225,
    986.26814557465));
#8617 = CARTESIAN_POINT('',(-50.91876307977,14.737137016034,
    986.62813101087));
#8618 = CARTESIAN_POINT('',(-50.72787700616,15.375035792275,
    987.00208567638));
#8619 = CARTESIAN_POINT('',(-50.53297742921,15.99432755841,
    987.38902196258));
#8620 = CARTESIAN_POINT('',(-50.1837178315,17.053664719915,
    988.09244525334));
#8621 = CARTESIAN_POINT('',(-50.03067891559,17.501464840891,
    988.40393140225));
#8622 = CARTESIAN_POINT('',(-49.87608296181,17.938768670537,
    988.72212678598));
#8623 = CARTESIAN_POINT('',(-49.72024733699,18.365724900878,
    989.04670067211));
#8624 = CARTESIAN_POINT('',(-49.56347250001,18.782484046649,
    989.37735214162));
#8625 = CARTESIAN_POINT('',(-49.40604249816,19.189198533952,
    989.71381025191));
#8626 = CARTESIAN_POINT('',(-49.12862138093,19.886762193352,
    990.31504234332));
#8627 = CARTESIAN_POINT('',(-49.00879560248,20.181819891197,
    990.57744616645));
#8628 = CARTESIAN_POINT('',(-48.8888648291,20.471262249724,
    990.8429406067));
#8629 = CARTESIAN_POINT('',(-48.7689421703,20.755153315189,
    991.11142752051));
#8630 = CARTESIAN_POINT('',(-48.64913714422,21.033554812821,
    991.38281568332));
#8631 = CARTESIAN_POINT('',(-48.52955567766,21.306526146825,
    991.65702078952));
#8632 = CARTESIAN_POINT('',(-48.08530372364,22.303385626154,
    992.68869759921));
#8633 = CARTESIAN_POINT('',(-47.76266068068,22.992895630321,
    993.4639331384));
#8634 = CARTESIAN_POINT('',(-47.44451740289,23.643628090652,
    994.25795781573));
#8635 = CARTESIAN_POINT('',(-47.13285119249,24.256474183964,
    995.06937790951));
#8636 = CARTESIAN_POINT('',(-46.82950418364,24.83221621766,
    995.89707694492));
#8637 = CARTESIAN_POINT('',(-46.53621729784,25.371501261275,
    996.74017240817));
#8638 = CARTESIAN_POINT('',(-45.93639446108,26.443764159844,
    998.56763608666));
#8639 = CARTESIAN_POINT('',(-45.63305234971,26.966866429893,
    999.55629047013));
#8640 = CARTESIAN_POINT('',(-45.34732897014,27.444313254448,
    1.000562141777E+03));
#8641 = CARTESIAN_POINT('',(-45.08173859546,27.876255104868,
    1.001583593397E+03));
#8642 = CARTESIAN_POINT('',(-44.83859921968,28.26276829081,
    1.002619223317E+03));
#8643 = CARTESIAN_POINT('',(-44.62001311039,28.60382199345,
    1.003667761495E+03));
#8644 = CARTESIAN_POINT('',(-44.22417252586,29.212361935817,
    1.00585187624E+03));
#8645 = CARTESIAN_POINT('',(-44.0501725289,29.474225736556,
    1.006988931401E+03));
#8646 = CARTESIAN_POINT('',(-43.90833088652,29.68422928753,
    1.008136442797E+03));
#8647 = CARTESIAN_POINT('',(-43.80059002319,29.842001404916,
    1.00929178303E+03));
#8648 = CARTESIAN_POINT('',(-43.72828380334,29.94730839639,
    1.010452442692E+03));
#8649 = CARTESIAN_POINT('',(-43.6921045499,30.,1.011615985054E+03));
#8650 = CARTESIAN_POINT('',(-43.6921045499,30.,1.013944437423E+03));
#8651 = CARTESIAN_POINT('',(-43.7283100703,29.9472701411,
    1.01510840171E+03));
#8652 = CARTESIAN_POINT('',(-43.8006687445,29.841886754922,
    1.016269480265E+03));
#8653 = CARTESIAN_POINT('',(-43.90848726562,29.684000290315,
    1.017425233814E+03));
#8654 = CARTESIAN_POINT('',(-44.05042987369,29.473844722946,
    1.018573150262E+03));
#8655 = CARTESIAN_POINT('',(-44.22455140384,29.211791734225,
    1.01971059931E+03));
#8656 = CARTESIAN_POINT('',(-44.62054092168,28.602998978886,
    1.021894786793E+03));
#8657 = CARTESIAN_POINT('',(-44.83912027549,28.261941534407,
    1.022943024897E+03));
#8658 = CARTESIAN_POINT('',(-45.08223703411,27.875447778534,
    1.023978361017E+03));
#8659 = CARTESIAN_POINT('',(-45.34779017903,27.443548478047,
    1.024999524868E+03));
#8660 = CARTESIAN_POINT('',(-45.63346306293,26.966167658931,
    1.02600509442E+03));
#8661 = CARTESIAN_POINT('',(-45.93674287666,26.443155551214,
    1.026993473292E+03));
#8662 = CARTESIAN_POINT('',(-46.77640807496,24.942105043894,
    1.029551531696E+03));
#8663 = CARTESIAN_POINT('',(-47.33749383092,23.887619506657,
    1.031087852177E+03));
#8664 = CARTESIAN_POINT('',(-47.92790870173,22.707400766626,
    1.03256919985E+03));
#8665 = CARTESIAN_POINT('',(-48.53674714051,21.395651148896,
    1.03399004589E+03));
#8666 = CARTESIAN_POINT('',(-49.15155474891,19.945016270828,
    1.0353411144E+03));
#8667 = CARTESIAN_POINT('',(-49.75712279617,18.347498871469,
    1.036608361021E+03));
#8668 = CARTESIAN_POINT('',(-50.53211042475,15.996980719255,
    1.038169236522E+03));
#8669 = CARTESIAN_POINT('',(-50.7263584184,15.379882372293,
    1.038554902837E+03));
#8670 = CARTESIAN_POINT('',(-50.91662338892,14.744305405514,
    1.038927679477E+03));
#8671 = CARTESIAN_POINT('',(-51.10206310705,14.090078223768,
    1.039286589653E+03));
#8672 = CARTESIAN_POINT('',(-51.28178758686,13.417065445123,
    1.039630579963E+03));
#8673 = CARTESIAN_POINT('',(-51.45486141795,12.725168247539,
    1.039958519326E+03));
#8674 = CARTESIAN_POINT('',(-51.7540740623,11.439582194604,
    1.040520392697E+03));
#8675 = CARTESIAN_POINT('',(-51.88287590107,10.852362367531,
    1.040760343325E+03));
#8676 = CARTESIAN_POINT('',(-52.00611054201,10.252972866001,
    1.040988251251E+03));
#8677 = CARTESIAN_POINT('',(-52.12318355445,9.641748538618,
    1.04120333739E+03));
#8678 = CARTESIAN_POINT('',(-52.23351087049,9.019051526574,
    1.041404840261E+03));
#8679 = CARTESIAN_POINT('',(-52.33652250655,8.385271339299,
    1.041592014137E+03));
#8680 = CARTESIAN_POINT('',(-52.5858506992,6.696472960541,
    1.042043043506E+03));
#8681 = CARTESIAN_POINT('',(-52.71959218903,5.622624898456,
    1.042282804541E+03));
#8682 = CARTESIAN_POINT('',(-52.82990263473,4.524514009792,
    1.042479130588E+03));
#8683 = CARTESIAN_POINT('',(-52.91440214571,3.407574976398,
    1.042628777123E+03));
#8684 = CARTESIAN_POINT('',(-52.97141096401,2.277389423692,
    1.042729492702E+03));
#8685 = CARTESIAN_POINT('',(-53.,1.139629570348,1.04278E+03));
#8686 = CARTESIAN_POINT('',(-53.,7.105427357601E-15,1.04278E+03));
#8687 = PCURVE('',#6167,#8688);
#8688 = DEFINITIONAL_REPRESENTATION('',(#8689),#8872);
#8689 = B_SPLINE_CURVE_WITH_KNOTS('',7,(#8690,#8691,#8692,#8693,#8694,
    #8695,#8696,#8697,#8698,#8699,#8700,#8701,#8702,#8703,#8704,#8705,
    #8706,#8707,#8708,#8709,#8710,#8711,#8712,#8713,#8714,#8715,#8716,
    #8717,#8718,#8719,#8720,#8721,#8722,#8723,#8724,#8725,#8726,#8727,
    #8728,#8729,#8730,#8731,#8732,#8733,#8734,#8735,#8736,#8737,#8738,
    #8739,#8740,#8741,#8742,#8743,#8744,#8745,#8746,#8747,#8748,#8749,
    #8750,#8751,#8752,#8753,#8754,#8755,#8756,#8757,#8758,#8759,#8760,
    #8761,#8762,#8763,#8764,#8765,#8766,#8767,#8768,#8769,#8770,#8771,
    #8772,#8773,#8774,#8775,#8776,#8777,#8778,#8779,#8780,#8781,#8782,
    #8783,#8784,#8785,#8786,#8787,#8788,#8789,#8790,#8791,#8792,#8793,
    #8794,#8795,#8796,#8797,#8798,#8799,#8800,#8801,#8802,#8803,#8804,
    #8805,#8806,#8807,#8808,#8809,#8810,#8811,#8812,#8813,#8814,#8815,
    #8816,#8817,#8818,#8819,#8820,#8821,#8822,#8823,#8824,#8825,#8826,
    #8827,#8828,#8829,#8830,#8831,#8832,#8833,#8834,#8835,#8836,#8837,
    #8838,#8839,#8840,#8841,#8842,#8843,#8844,#8845,#8846,#8847,#8848,
    #8849,#8850,#8851,#8852,#8853,#8854,#8855,#8856,#8857,#8858,#8859,
    #8860,#8861,#8862,#8863,#8864,#8865,#8866,#8867,#8868,#8869,#8870,
    #8871),.UNSPECIFIED.,.T.,.F.,(1,7,6,6,6,6,6,6,6,6,6,6,6,6,6,6,6,6,6,
    6,6,6,6,6,6,6,6,6,6,6,6,7,1),(-3.3718473383E-02,0.,
    3.356617520966E-02,5.431838495472E-02,8.00858554245E-02,
    9.974478047667E-02,0.114643601147,0.155246003371,0.201143264803,
    0.249789380498,0.298453152175,0.34433829059,0.419535767124,
    0.445242523864,0.466027359778,0.477219802409,0.499734591819,
    0.522219555413,0.533360822239,0.554135082554,0.579929932642,
    0.599609746583,0.614524398222,0.655169944266,0.701115974972,
    0.74981378035,0.798529260472,0.844463154846,0.919740533608,
    0.945474605456,0.966281526617,1.,1.03356617521),.UNSPECIFIED.);
#8690 = CARTESIAN_POINT('',(3.14159265359,69.));
#8691 = CARTESIAN_POINT('',(3.163043067077,69.));
#8692 = CARTESIAN_POINT('',(3.184458718242,68.949736840787));
#8693 = CARTESIAN_POINT('',(3.205748707964,68.849504490033));
#8694 = CARTESIAN_POINT('',(3.226822563885,68.700567875971));
#8695 = CARTESIAN_POINT('',(3.24758943405,68.505158772374));
#8696 = CARTESIAN_POINT('',(3.267957661536,68.266494562586));
#8697 = CARTESIAN_POINT('',(3.300123697626,67.817148157617));
#8698 = CARTESIAN_POINT('',(3.312235610477,67.630416099172));
#8699 = CARTESIAN_POINT('',(3.324164194598,67.429354210322));
#8700 = CARTESIAN_POINT('',(3.335903228017,67.2147070537));
#8701 = CARTESIAN_POINT('',(3.347446558394,66.987235101589));
#8702 = CARTESIAN_POINT('',(3.358788110617,66.747716585975));
#8703 = CARTESIAN_POINT('',(3.383746419485,66.185578296416));
#8704 = CARTESIAN_POINT('',(3.397253257187,65.856805466946));
#8705 = CARTESIAN_POINT('',(3.410443621054,65.511854425357));
#8706 = CARTESIAN_POINT('',(3.423318710933,65.151868989142));
#8707 = CARTESIAN_POINT('',(3.435879819231,64.777914323617));
#8708 = CARTESIAN_POINT('',(3.448128437192,64.390978037404));
#8709 = CARTESIAN_POINT('',(3.469174230456,63.687554746656));
#8710 = CARTESIAN_POINT('',(3.478102558684,63.376068597754));
#8711 = CARTESIAN_POINT('',(3.486853234492,63.057873214019));
#8712 = CARTESIAN_POINT('',(3.495428063665,62.733299327884));
#8713 = CARTESIAN_POINT('',(3.503828791815,62.402647858377));
#8714 = CARTESIAN_POINT('',(3.51205712705,62.066189748091));
#8715 = CARTESIAN_POINT('',(3.526221366529,61.464957656675));
#8716 = CARTESIAN_POINT('',(3.532229905199,61.202553833552));
#8717 = CARTESIAN_POINT('',(3.538141094696,60.937059393303));
#8718 = CARTESIAN_POINT('',(3.543955589056,60.668572479484));
#8719 = CARTESIAN_POINT('',(3.549673980315,60.397184316675));
#8720 = CARTESIAN_POINT('',(3.555296798511,60.122979210482));
#8721 = CARTESIAN_POINT('',(3.575888686126,59.091302421599));
#8722 = CARTESIAN_POINT('',(3.590249724748,58.31606683888));
#8723 = CARTESIAN_POINT('',(3.603913465035,57.52204216753));
#8724 = CARTESIAN_POINT('',(3.616883368251,56.710622109709));
#8725 = CARTESIAN_POINT('',(3.629160250063,55.88292307731));
#8726 = CARTESIAN_POINT('',(3.640742011168,55.039827567667));
#8727 = CARTESIAN_POINT('',(3.663923735587,53.212363923271));
#8728 = CARTESIAN_POINT('',(3.675331657041,52.223709519283));
#8729 = CARTESIAN_POINT('',(3.685828525565,51.217858214487));
#8730 = CARTESIAN_POINT('',(3.69539472771,50.196406611434));
#8731 = CARTESIAN_POINT('',(3.704009846795,49.160776694276));
#8732 = CARTESIAN_POINT('',(3.711652866398,48.112238494996));
#8733 = CARTESIAN_POINT('',(3.725350130069,45.928123759587));
#8734 = CARTESIAN_POINT('',(3.731281959344,44.791068598919));
#8735 = CARTESIAN_POINT('',(3.73606328618,43.643557203365));
#8736 = CARTESIAN_POINT('',(3.739667987046,42.488216969916));
#8737 = CARTESIAN_POINT('',(3.742078198841,41.327557308245));
#8738 = CARTESIAN_POINT('',(3.74328417263,40.164014946291));
#8739 = CARTESIAN_POINT('',(3.74328417263,37.835562577467));
#8740 = CARTESIAN_POINT('',(3.742077323279,36.671598289962));
#8741 = CARTESIAN_POINT('',(3.739665362993,35.51051973484));
#8742 = CARTESIAN_POINT('',(3.736058054169,34.354766185639));
#8743 = CARTESIAN_POINT('',(3.731273284506,33.206849738125));
#8744 = CARTESIAN_POINT('',(3.725337213688,32.069400689688));
#8745 = CARTESIAN_POINT('',(3.71163441916,29.885213206872));
#8746 = CARTESIAN_POINT('',(3.703991409058,28.836975102621));
#8747 = CARTESIAN_POINT('',(3.695376827504,27.801638982856));
#8748 = CARTESIAN_POINT('',(3.685811676794,26.780475131901));
#8749 = CARTESIAN_POINT('',(3.675316365458,25.77490557994));
#8750 = CARTESIAN_POINT('',(3.663910504607,24.78652670803));
#8751 = CARTESIAN_POINT('',(3.631458824776,22.228468303811));
#8752 = CARTESIAN_POINT('',(3.608926648574,20.692147823321));
#8753 = CARTESIAN_POINT('',(3.58404054451,19.210800149978));
#8754 = CARTESIAN_POINT('',(3.556777885734,17.78995411012));
#8755 = CARTESIAN_POINT('',(3.527082669593,16.438885599529));
#8756 = CARTESIAN_POINT('',(3.494878896286,15.171638979385));
#8757 = CARTESIAN_POINT('',(3.448181101706,13.610763478142));
#8758 = CARTESIAN_POINT('',(3.435975639323,13.225097163315));
#8759 = CARTESIAN_POINT('',(3.42345983783,12.852320523146));
#8760 = CARTESIAN_POINT('',(3.410632207927,12.493410347183));
#8761 = CARTESIAN_POINT('',(3.397491455837,12.149420036497));
#8762 = CARTESIAN_POINT('',(3.384036378786,11.821480673527));
#8763 = CARTESIAN_POINT('',(3.3591317211,11.259607302691));
#8764 = CARTESIAN_POINT('',(3.347789628981,11.019656674716));
#8765 = CARTESIAN_POINT('',(3.336245457057,10.791748748592));
#8766 = CARTESIAN_POINT('',(3.324505263818,10.576662609834));
#8767 = CARTESIAN_POINT('',(3.312575185498,10.375159739151));
#8768 = CARTESIAN_POINT('',(3.300461428275,10.187985862724));
#8769 = CARTESIAN_POINT('',(3.281551579839,9.923191505373));
#8770 = CARTESIAN_POINT('',(3.274882337299,9.834889819971));
#8771 = CARTESIAN_POINT('',(3.268164892885,9.751098801262));
#8772 = CARTESIAN_POINT('',(3.261401604989,9.671941992504));
#8773 = CARTESIAN_POINT('',(3.254594830348,9.597535425232));
#8774 = CARTESIAN_POINT('',(3.247746924045,9.527987619258));
#8775 = CARTESIAN_POINT('',(3.227006940706,9.333473873851));
#8776 = CARTESIAN_POINT('',(3.212991993363,9.223573974198));
#8777 = CARTESIAN_POINT('',(3.198846990353,9.134666049756));
#8778 = CARTESIAN_POINT('',(3.18460332362,9.067477596124));
#8779 = CARTESIAN_POINT('',(3.170292241574,9.022501906988));
#8780 = CARTESIAN_POINT('',(3.155944935305,9.));
#8781 = CARTESIAN_POINT('',(3.127259384645,9.));
#8782 = CARTESIAN_POINT('',(3.112931085802,9.02244232899));
#8783 = CARTESIAN_POINT('',(3.098638881775,9.067298929639));
#8784 = CARTESIAN_POINT('',(3.084413840241,9.134310083597));
#8785 = CARTESIAN_POINT('',(3.070287086027,9.222985019861));
#8786 = CARTESIAN_POINT('',(3.0562898868,9.332600000039));
#8787 = CARTESIAN_POINT('',(3.035597904882,9.526407460175));
#8788 = CARTESIAN_POINT('',(3.028780481526,9.595536984874));
#8789 = CARTESIAN_POINT('',(3.022003765894,9.669482896483));
#8790 = CARTESIAN_POINT('',(3.015270085756,9.748138233107));
#8791 = CARTESIAN_POINT('',(3.008581770954,9.83138862907));
#8792 = CARTESIAN_POINT('',(3.001941153409,9.919112314911));
#8793 = CARTESIAN_POINT('',(2.98306160955,10.182851842437));
#8794 = CARTESIAN_POINT('',(2.970949696702,10.369583900842));
#8795 = CARTESIAN_POINT('',(2.959021112584,10.570645789631));
#8796 = CARTESIAN_POINT('',(2.947282079165,10.785292946242));
#8797 = CARTESIAN_POINT('',(2.935738748784,11.012764898418));
#8798 = CARTESIAN_POINT('',(2.924397196559,11.252283414112));
#8799 = CARTESIAN_POINT('',(2.899438887695,11.814421703568));
#8800 = CARTESIAN_POINT('',(2.885932049993,12.14319453305));
#8801 = CARTESIAN_POINT('',(2.872741686125,12.488145574656));
#8802 = CARTESIAN_POINT('',(2.859866596246,12.848131010874));
#8803 = CARTESIAN_POINT('',(2.847305487948,13.222085676386));
#8804 = CARTESIAN_POINT('',(2.835056869988,13.60902196258));
#8805 = CARTESIAN_POINT('',(2.814011076724,14.312445253347));
#8806 = CARTESIAN_POINT('',(2.805082748495,14.623931402249));
#8807 = CARTESIAN_POINT('',(2.796332072687,14.942126785983));
#8808 = CARTESIAN_POINT('',(2.787757243514,15.266700672117));
#8809 = CARTESIAN_POINT('',(2.779356515365,15.597352141623));
#8810 = CARTESIAN_POINT('',(2.77112818013,15.93381025191));
#8811 = CARTESIAN_POINT('',(2.75696394065,16.535042343327));
#8812 = CARTESIAN_POINT('',(2.750955401981,16.797446166451));
#8813 = CARTESIAN_POINT('',(2.745044212484,17.0629406067));
#8814 = CARTESIAN_POINT('',(2.739229718124,17.331427520519));
#8815 = CARTESIAN_POINT('',(2.733511326865,17.602815683329));
#8816 = CARTESIAN_POINT('',(2.727888508669,17.877020789522));
#8817 = CARTESIAN_POINT('',(2.707296620638,18.908697599214));
#8818 = CARTESIAN_POINT('',(2.692935582785,19.683933138409));
#8819 = CARTESIAN_POINT('',(2.679271842473,20.477957815732));
#8820 = CARTESIAN_POINT('',(2.666301938678,21.289377909511));
#8821 = CARTESIAN_POINT('',(2.654025056745,22.117076944921));
#8822 = CARTESIAN_POINT('',(2.642443296318,22.960172408176));
#8823 = CARTESIAN_POINT('',(2.619261571466,24.787636086665));
#8824 = CARTESIAN_POINT('',(2.607853650234,25.776290470136));
#8825 = CARTESIAN_POINT('',(2.597356781716,26.782141777301));
#8826 = CARTESIAN_POINT('',(2.587790579412,27.803593397158));
#8827 = CARTESIAN_POINT('',(2.579175460278,28.839223316542));
#8828 = CARTESIAN_POINT('',(2.571532440843,29.887761495123));
#8829 = CARTESIAN_POINT('',(2.557835177111,32.071876240436));
#8830 = CARTESIAN_POINT('',(2.551903347836,33.208931401091));
#8831 = CARTESIAN_POINT('',(2.547122020999,34.356442796649));
#8832 = CARTESIAN_POINT('',(2.543517320134,35.511783030096));
#8833 = CARTESIAN_POINT('',(2.541107108338,36.672442691758));
#8834 = CARTESIAN_POINT('',(2.539901134549,37.835985053716));
#8835 = CARTESIAN_POINT('',(2.539901134549,40.164437422527));
#8836 = CARTESIAN_POINT('',(2.5411079839,41.328401710041));
#8837 = CARTESIAN_POINT('',(2.543519944186,42.48948026516));
#8838 = CARTESIAN_POINT('',(2.547127253011,43.64523381436));
#8839 = CARTESIAN_POINT('',(2.551912022673,44.793150261879));
#8840 = CARTESIAN_POINT('',(2.557848093492,45.930599310307));
#8841 = CARTESIAN_POINT('',(2.571550888019,48.114786793025));
#8842 = CARTESIAN_POINT('',(2.579193898121,49.163024897371));
#8843 = CARTESIAN_POINT('',(2.587808479676,50.198361017229));
#8844 = CARTESIAN_POINT('',(2.597373630386,51.21952486818));
#8845 = CARTESIAN_POINT('',(2.607868941722,52.225094420045));
#8846 = CARTESIAN_POINT('',(2.619274802571,53.213473291866));
#8847 = CARTESIAN_POINT('',(2.651726482404,55.77153169619));
#8848 = CARTESIAN_POINT('',(2.674258658605,57.307852176657));
#8849 = CARTESIAN_POINT('',(2.699144762671,58.789199850048));
#8850 = CARTESIAN_POINT('',(2.726407421445,60.210045889842));
#8851 = CARTESIAN_POINT('',(2.756102637587,61.561114400479));
#8852 = CARTESIAN_POINT('',(2.788306410894,62.828361020605));
#8853 = CARTESIAN_POINT('',(2.835004205474,64.389236521869));
#8854 = CARTESIAN_POINT('',(2.847209667856,64.774902836678));
#8855 = CARTESIAN_POINT('',(2.859725469349,65.147679476833));
#8856 = CARTESIAN_POINT('',(2.872553099252,65.506589652798));
#8857 = CARTESIAN_POINT('',(2.885693851342,65.850579963499));
#8858 = CARTESIAN_POINT('',(2.899148928394,66.17851932648));
#8859 = CARTESIAN_POINT('',(2.924053586079,66.7403926973));
#8860 = CARTESIAN_POINT('',(2.935395678198,66.980343325276));
#8861 = CARTESIAN_POINT('',(2.946939850122,67.208251251401));
#8862 = CARTESIAN_POINT('',(2.958680043361,67.423337390159));
#8863 = CARTESIAN_POINT('',(2.970610121681,67.624840260842));
#8864 = CARTESIAN_POINT('',(2.982723878904,67.812014137268));
#8865 = CARTESIAN_POINT('',(3.014933390797,68.263043505969));
#8866 = CARTESIAN_POINT('',(3.035345964668,68.502804541373));
#8867 = CARTESIAN_POINT('',(3.0561597441,68.699130588401));
#8868 = CARTESIAN_POINT('',(3.077282556267,68.848777123279));
#8869 = CARTESIAN_POINT('',(3.098623038262,68.949492702157));
#8870 = CARTESIAN_POINT('',(3.120090208866,69.));
#8871 = CARTESIAN_POINT('',(3.14159265359,69.));
#8872 = ( GEOMETRIC_REPRESENTATION_CONTEXT(2) 
PARAMETRIC_REPRESENTATION_CONTEXT() REPRESENTATION_CONTEXT('2D SPACE',''
  ) );
#8873 = PCURVE('',#8874,#8879);
#8874 = CYLINDRICAL_SURFACE('',#8875,30.);
#8875 = AXIS2_PLACEMENT_3D('',#8876,#8877,#8878);
#8876 = CARTESIAN_POINT('',(-110.,0.,1.01278E+03));
#8877 = DIRECTION('',(1.,0.,0.));
#8878 = DIRECTION('',(0.,0.,1.));
#8879 = DEFINITIONAL_REPRESENTATION('',(#8880),#9063);
#8880 = B_SPLINE_CURVE_WITH_KNOTS('',7,(#8881,#8882,#8883,#8884,#8885,
    #8886,#8887,#8888,#8889,#8890,#8891,#8892,#8893,#8894,#8895,#8896,
    #8897,#8898,#8899,#8900,#8901,#8902,#8903,#8904,#8905,#8906,#8907,
    #8908,#8909,#8910,#8911,#8912,#8913,#8914,#8915,#8916,#8917,#8918,
    #8919,#8920,#8921,#8922,#8923,#8924,#8925,#8926,#8927,#8928,#8929,
    #8930,#8931,#8932,#8933,#8934,#8935,#8936,#8937,#8938,#8939,#8940,
    #8941,#8942,#8943,#8944,#8945,#8946,#8947,#8948,#8949,#8950,#8951,
    #8952,#8953,#8954,#8955,#8956,#8957,#8958,#8959,#8960,#8961,#8962,
    #8963,#8964,#8965,#8966,#8967,#8968,#8969,#8970,#8971,#8972,#8973,
    #8974,#8975,#8976,#8977,#8978,#8979,#8980,#8981,#8982,#8983,#8984,
    #8985,#8986,#8987,#8988,#8989,#8990,#8991,#8992,#8993,#8994,#8995,
    #8996,#8997,#8998,#8999,#9000,#9001,#9002,#9003,#9004,#9005,#9006,
    #9007,#9008,#9009,#9010,#9011,#9012,#9013,#9014,#9015,#9016,#9017,
    #9018,#9019,#9020,#9021,#9022,#9023,#9024,#9025,#9026,#9027,#9028,
    #9029,#9030,#9031,#9032,#9033,#9034,#9035,#9036,#9037,#9038,#9039,
    #9040,#9041,#9042,#9043,#9044,#9045,#9046,#9047,#9048,#9049,#9050,
    #9051,#9052,#9053,#9054,#9055,#9056,#9057,#9058,#9059,#9060,#9061,
    #9062),.UNSPECIFIED.,.F.,.F.,(8,6,6,6,6,6,6,6,6,6,6,6,6,6,6,6,6,6,6,
    6,6,6,6,6,6,6,6,6,6,6,8),(0.,3.356617520966E-02,5.431838495472E-02,
    8.00858554245E-02,9.974478047667E-02,0.114643601147,0.155246003371,
    0.201143264803,0.249789380498,0.298453152175,0.34433829059,
    0.419535767124,0.445242523864,0.466027359778,0.477219802409,
    0.499734591819,0.522219555413,0.533360822239,0.554135082554,
    0.579929932642,0.599609746583,0.614524398222,0.655169944266,
    0.701115974972,0.74981378035,0.798529260472,0.844463154846,
    0.919740533608,0.945474605456,0.966281526617,1.),.UNSPECIFIED.);
#8881 = CARTESIAN_POINT('',(0.,57.));
#8882 = CARTESIAN_POINT('',(3.78957304942E-02,57.));
#8883 = CARTESIAN_POINT('',(7.573003966007E-02,57.028450844257));
#8884 = CARTESIAN_POINT('',(0.113402791005,57.085186137397));
#8885 = CARTESIAN_POINT('',(0.150813574683,57.169285793606));
#8886 = CARTESIAN_POINT('',(0.187857358362,57.279085017206));
#8887 = CARTESIAN_POINT('',(0.224419924262,57.412224160917));
#8888 = CARTESIAN_POINT('',(0.282601054907,57.660649939499));
#8889 = CARTESIAN_POINT('',(0.304615419454,57.763431355619));
#8890 = CARTESIAN_POINT('',(0.326414383337,57.873532640128));
#8891 = CARTESIAN_POINT('',(0.347995370413,57.990384793954));
#8892 = CARTESIAN_POINT('',(0.369354989293,58.113404607571));
#8893 = CARTESIAN_POINT('',(0.390488991567,58.241998379574));
#8894 = CARTESIAN_POINT('',(0.437347228883,58.54141256716));
#8895 = CARTESIAN_POINT('',(0.462951399103,58.714959011472));
#8896 = CARTESIAN_POINT('',(0.488218833902,58.895215690773));
#8897 = CARTESIAN_POINT('',(0.513162421751,59.081236920219));
#8898 = CARTESIAN_POINT('',(0.5377942559,59.272122993834));
#8899 = CARTESIAN_POINT('',(0.562126043893,59.467022570791));
#8900 = CARTESIAN_POINT('',(0.604513142922,59.816282168491));
#8901 = CARTESIAN_POINT('',(0.622691576367,59.969321084399));
#8902 = CARTESIAN_POINT('',(0.640712331376,60.123917038185));
#8903 = CARTESIAN_POINT('',(0.658582707782,60.279752663002));
#8904 = CARTESIAN_POINT('',(0.676309908365,60.436527499985));
#8905 = CARTESIAN_POINT('',(0.693901155928,60.593957501836));
#8906 = CARTESIAN_POINT('',(0.724598153368,60.871378619066));
#8907 = CARTESIAN_POINT('',(0.737758595039,60.991204397516));
#8908 = CARTESIAN_POINT('',(0.750848283213,61.111135170895));
#8909 = CARTESIAN_POINT('',(0.763870302596,61.231057829697));
#8910 = CARTESIAN_POINT('',(0.776827674775,61.350862855773));
#8911 = CARTESIAN_POINT('',(0.789723358218,61.470444322336));
#8912 = CARTESIAN_POINT('',(0.83754345834,61.914696267394));
#8913 = CARTESIAN_POINT('',(0.872097465077,62.237339327728));
#8914 = CARTESIAN_POINT('',(0.906273532092,62.555482604255));
#8915 = CARTESIAN_POINT('',(0.940121261283,62.867148801077));
#8916 = CARTESIAN_POINT('',(0.973689140788,63.170495807775));
#8917 = CARTESIAN_POINT('',(1.007025092929,63.463782710081));
#8918 = CARTESIAN_POINT('',(1.077652212778,64.063605535659));
#8919 = CARTESIAN_POINT('',(1.114899984678,64.366947652892));
#8920 = CARTESIAN_POINT('',(1.151957990266,64.652671032499));
#8921 = CARTESIAN_POINT('',(1.188864106364,64.918261402885));
#8922 = CARTESIAN_POINT('',(1.225657086552,65.161400777445));
#8923 = CARTESIAN_POINT('',(1.262377213522,65.3799868914));
#8924 = CARTESIAN_POINT('',(1.337954091494,65.775827474127));
#8925 = CARTESIAN_POINT('',(1.376808025286,65.949827471095));
#8926 = CARTESIAN_POINT('',(1.415629815502,66.091669113479));
#8927 = CARTESIAN_POINT('',(1.45442700326,66.199409976806));
#8928 = CARTESIAN_POINT('',(1.493211089849,66.271716196653));
#8929 = CARTESIAN_POINT('',(1.531995828585,66.307895450093));
#8930 = CARTESIAN_POINT('',(1.609610907546,66.307895450093));
#8931 = CARTESIAN_POINT('',(1.648409710455,66.271689929696));
#8932 = CARTESIAN_POINT('',(1.687207864128,66.199331255494));
#8933 = CARTESIAN_POINT('',(1.726019140115,66.091512734376));
#8934 = CARTESIAN_POINT('',(1.764855053911,65.949570126302));
#8935 = CARTESIAN_POINT('',(1.803723153876,65.775448596154));
#8936 = CARTESIAN_POINT('',(1.879304629995,65.379459078297));
#8937 = CARTESIAN_POINT('',(1.916015309393,65.160879724496));
#8938 = CARTESIAN_POINT('',(1.952798929359,64.917762965899));
#8939 = CARTESIAN_POINT('',(1.989695705258,64.652209820986));
#8940 = CARTESIAN_POINT('',(2.026744325349,64.36653693707));
#8941 = CARTESIAN_POINT('',(2.063982601386,64.063257123299));
#8942 = CARTESIAN_POINT('',(2.16284735426,63.223591925039));
#8943 = CARTESIAN_POINT('',(2.224804412626,62.662506169072));
#8944 = CARTESIAN_POINT('',(2.287680289538,62.072091298272));
#8945 = CARTESIAN_POINT('',(2.351822505928,61.463252859471));
#8946 = CARTESIAN_POINT('',(2.417580115375,60.848445251091));
#8947 = CARTESIAN_POINT('',(2.485308426182,60.242877203819));
#8948 = CARTESIAN_POINT('',(2.579360822419,59.467889575249));
#8949 = CARTESIAN_POINT('',(2.603608268922,59.273641581595));
#8950 = CARTESIAN_POINT('',(2.62815364258,59.083376611065));
#8951 = CARTESIAN_POINT('',(2.653008555953,58.897936892932));
#8952 = CARTESIAN_POINT('',(2.678185000608,58.718212413138));
#8953 = CARTESIAN_POINT('',(2.703695750172,58.54513858205));
#8954 = CARTESIAN_POINT('',(2.750462704132,58.24592593769));
#8955 = CARTESIAN_POINT('',(2.771601643175,58.117124098926));
#8956 = CARTESIAN_POINT('',(2.792966459552,57.993889457977));
#8957 = CARTESIAN_POINT('',(2.814552930283,57.876816445543));
#8958 = CARTESIAN_POINT('',(2.836357689303,57.766489129502));
#8959 = CARTESIAN_POINT('',(2.8583781864,57.66347749344));
#8960 = CARTESIAN_POINT('',(2.89258569784,57.517099667244));
#8961 = CARTESIAN_POINT('',(2.904619192757,57.468153784517));
#8962 = CARTESIAN_POINT('',(2.916710384283,57.42159200439));
#8963 = CARTESIAN_POINT('',(2.928856626255,57.377504932794));
#8964 = CARTESIAN_POINT('',(2.941055372954,57.335977844213));
#8965 = CARTESIAN_POINT('',(2.953304179099,57.297090681681));
#8966 = CARTESIAN_POINT('',(2.990336459908,57.188152972452));
#8967 = CARTESIAN_POINT('',(3.015273725137,57.126347074536));
#8968 = CARTESIAN_POINT('',(3.040371003741,57.076185161792));
#8969 = CARTESIAN_POINT('',(3.065589040225,57.038194866763));
#8970 = CARTESIAN_POINT('',(3.090890048713,57.01273692804));
#8971 = CARTESIAN_POINT('',(3.116236955893,57.));
#8972 = CARTESIAN_POINT('',(3.166914762058,57.));
#8973 = CARTESIAN_POINT('',(3.192228089449,57.012703204646));
#8974 = CARTESIAN_POINT('',(3.21749567495,57.038093734778));
#8975 = CARTESIAN_POINT('',(3.242680591701,57.075983887842));
#8976 = CARTESIAN_POINT('',(3.267745204454,57.12601478427));
#8977 = CARTESIAN_POINT('',(3.292650417481,57.187661515271));
#8978 = CARTESIAN_POINT('',(3.329595954266,57.296206709354));
#8979 = CARTESIAN_POINT('',(3.341789767816,57.334861428997));
#8980 = CARTESIAN_POINT('',(3.35393403365,57.376133416723));
#8981 = CARTESIAN_POINT('',(3.366026332632,57.419943883945));
#8982 = CARTESIAN_POINT('',(3.378064146215,57.466208787751));
#8983 = CARTESIAN_POINT('',(3.390044856443,57.514838830897));
#8984 = CARTESIAN_POINT('',(3.424193708503,57.660649939529));
#8985 = CARTESIAN_POINT('',(3.446208073044,57.763431355626));
#8986 = CARTESIAN_POINT('',(3.468007036921,57.873532640102));
#8987 = CARTESIAN_POINT('',(3.489588023997,57.990384793923));
#8988 = CARTESIAN_POINT('',(3.510947642884,58.113404607575));
#8989 = CARTESIAN_POINT('',(3.532081645164,58.24199837962));
#8990 = CARTESIAN_POINT('',(3.578939882471,58.541412567152));
#8991 = CARTESIAN_POINT('',(3.604544052693,58.714959011471));
#8992 = CARTESIAN_POINT('',(3.629811487493,58.895215690779));
#8993 = CARTESIAN_POINT('',(3.654755075341,59.081236920227));
#8994 = CARTESIAN_POINT('',(3.67938690949,59.272122993835));
#8995 = CARTESIAN_POINT('',(3.703718697482,59.467022570784));
#8996 = CARTESIAN_POINT('',(3.746105796512,59.816282168492));
#8997 = CARTESIAN_POINT('',(3.764284229957,59.969321084401));
#8998 = CARTESIAN_POINT('',(3.782304984966,60.123917038186));
#8999 = CARTESIAN_POINT('',(3.800175361372,60.279752663002));
#9000 = CARTESIAN_POINT('',(3.817902561955,60.436527499985));
#9001 = CARTESIAN_POINT('',(3.835493809518,60.593957501837));
#9002 = CARTESIAN_POINT('',(3.866190806958,60.871378619067));
#9003 = CARTESIAN_POINT('',(3.879351248629,60.991204397518));
#9004 = CARTESIAN_POINT('',(3.892440936803,61.111135170897));
#9005 = CARTESIAN_POINT('',(3.905462956186,61.231057829698));
#9006 = CARTESIAN_POINT('',(3.918420328365,61.350862855775));
#9007 = CARTESIAN_POINT('',(3.931316011808,61.470444322338));
#9008 = CARTESIAN_POINT('',(3.979136112895,61.914696276356));
#9009 = CARTESIAN_POINT('',(4.013690117722,62.237339319312));
#9010 = CARTESIAN_POINT('',(4.047866184912,62.555482597101));
#9011 = CARTESIAN_POINT('',(4.081713915622,62.867148807501));
#9012 = CARTESIAN_POINT('',(4.115281795329,63.170495816359));
#9013 = CARTESIAN_POINT('',(4.148617745585,63.463782702152));
#9014 = CARTESIAN_POINT('',(4.219244866752,64.06360553892));
#9015 = CARTESIAN_POINT('',(4.256492637884,64.366947650286));
#9016 = CARTESIAN_POINT('',(4.293550643541,64.652671029856));
#9017 = CARTESIAN_POINT('',(4.330456760253,64.918261404538));
#9018 = CARTESIAN_POINT('',(4.36724974054,65.161400780317));
#9019 = CARTESIAN_POINT('',(4.40396986677,65.37998688961));
#9020 = CARTESIAN_POINT('',(4.479546745084,65.775827474131));
#9021 = CARTESIAN_POINT('',(4.518400678876,65.949827471096));
#9022 = CARTESIAN_POINT('',(4.557222469092,66.09166911348));
#9023 = CARTESIAN_POINT('',(4.596019656851,66.199409976807));
#9024 = CARTESIAN_POINT('',(4.634803743439,66.271716196653));
#9025 = CARTESIAN_POINT('',(4.673588482175,66.307895450093));
#9026 = CARTESIAN_POINT('',(4.751203561136,66.307895450093));
#9027 = CARTESIAN_POINT('',(4.790002364045,66.271689929696));
#9028 = CARTESIAN_POINT('',(4.828800517718,66.199331255494));
#9029 = CARTESIAN_POINT('',(4.867611793705,66.091512734375));
#9030 = CARTESIAN_POINT('',(4.906447707501,65.949570126302));
#9031 = CARTESIAN_POINT('',(4.945315807466,65.775448596155));
#9032 = CARTESIAN_POINT('',(5.020897283581,65.379459078316));
#9033 = CARTESIAN_POINT('',(5.057607962982,65.160879724503));
#9034 = CARTESIAN_POINT('',(5.094391582952,64.917762965882));
#9035 = CARTESIAN_POINT('',(5.131288358851,64.652209820961));
#9036 = CARTESIAN_POINT('',(5.168336978938,64.366536937069));
#9037 = CARTESIAN_POINT('',(5.205575254972,64.063257123333));
#9038 = CARTESIAN_POINT('',(5.30444000785,63.223591925039));
#9039 = CARTESIAN_POINT('',(5.366397066216,62.66250616908));
#9040 = CARTESIAN_POINT('',(5.429272943128,62.072091298262));
#9041 = CARTESIAN_POINT('',(5.493415159517,61.463252859487));
#9042 = CARTESIAN_POINT('',(5.559172768965,60.848445251088));
#9043 = CARTESIAN_POINT('',(5.626901079772,60.242877203824));
#9044 = CARTESIAN_POINT('',(5.72095347601,59.467889575243));
#9045 = CARTESIAN_POINT('',(5.745200922512,59.273641581599));
#9046 = CARTESIAN_POINT('',(5.769746296168,59.083376611076));
#9047 = CARTESIAN_POINT('',(5.794601209541,58.897936892942));
#9048 = CARTESIAN_POINT('',(5.819777654197,58.71821241314));
#9049 = CARTESIAN_POINT('',(5.845288403762,58.545138582046));
#9050 = CARTESIAN_POINT('',(5.892055357721,58.245925937694));
#9051 = CARTESIAN_POINT('',(5.913194296764,58.11712409893));
#9052 = CARTESIAN_POINT('',(5.934559113141,57.993889457981));
#9053 = CARTESIAN_POINT('',(5.956145583872,57.876816445547));
#9054 = CARTESIAN_POINT('',(5.977950342892,57.766489129506));
#9055 = CARTESIAN_POINT('',(5.999970839989,57.663477493445));
#9056 = CARTESIAN_POINT('',(6.058237158214,57.414149300798));
#9057 = CARTESIAN_POINT('',(6.094882153443,57.280407810963));
#9058 = CARTESIAN_POINT('',(6.132011355576,57.170097365264));
#9059 = CARTESIAN_POINT('',(6.169509932679,57.085597854286));
#9060 = CARTESIAN_POINT('',(6.207272328086,57.028589035981));
#9061 = CARTESIAN_POINT('',(6.245197654835,57.));
#9062 = CARTESIAN_POINT('',(6.28318530718,57.));
#9063 = ( GEOMETRIC_REPRESENTATION_CONTEXT(2) 
PARAMETRIC_REPRESENTATION_CONTEXT() REPRESENTATION_CONTEXT('2D SPACE',''
  ) );
#9064 = ADVANCED_FACE('',(#9065),#6960,.F.);
#9065 = FACE_BOUND('',#9066,.F.);
#9066 = EDGE_LOOP('',(#9067,#9068,#9095));
#9067 = ORIENTED_EDGE('',*,*,#7614,.F.);
#9068 = ORIENTED_EDGE('',*,*,#9069,.T.);
#9069 = EDGE_CURVE('',#7615,#6552,#9070,.T.);
#9070 = SURFACE_CURVE('',#9071,(#9076,#9083),.PCURVE_S1.);
#9071 = CIRCLE('',#9072,30.);
#9072 = AXIS2_PLACEMENT_3D('',#9073,#9074,#9075);
#9073 = CARTESIAN_POINT('',(43.692104549907,0.,1.01278E+03));
#9074 = DIRECTION('',(1.,0.,-0.));
#9075 = DIRECTION('',(0.,0.,1.));
#9076 = PCURVE('',#6960,#9077);
#9077 = DEFINITIONAL_REPRESENTATION('',(#9078),#9082);
#9078 = LINE('',#9079,#9080);
#9079 = CARTESIAN_POINT('',(0.,0.));
#9080 = VECTOR('',#9081,1.);
#9081 = DIRECTION('',(1.,0.));
#9082 = ( GEOMETRIC_REPRESENTATION_CONTEXT(2) 
PARAMETRIC_REPRESENTATION_CONTEXT() REPRESENTATION_CONTEXT('2D SPACE',''
  ) );
#9083 = PCURVE('',#9084,#9089);
#9084 = PLANE('',#9085);
#9085 = AXIS2_PLACEMENT_3D('',#9086,#9087,#9088);
#9086 = CARTESIAN_POINT('',(43.692104549907,0.,1.01278E+03));
#9087 = DIRECTION('',(1.,0.,0.));
#9088 = DIRECTION('',(0.,0.,1.));
#9089 = DEFINITIONAL_REPRESENTATION('',(#9090),#9094);
#9090 = CIRCLE('',#9091,30.);
#9091 = AXIS2_PLACEMENT_2D('',#9092,#9093);
#9092 = CARTESIAN_POINT('',(0.,0.));
#9093 = DIRECTION('',(1.,0.));
#9094 = ( GEOMETRIC_REPRESENTATION_CONTEXT(2) 
PARAMETRIC_REPRESENTATION_CONTEXT() REPRESENTATION_CONTEXT('2D SPACE',''
  ) );
#9095 = ORIENTED_EDGE('',*,*,#6780,.F.);
#9096 = ADVANCED_FACE('',(#9097),#6733,.F.);
#9097 = FACE_BOUND('',#9098,.F.);
#9098 = EDGE_LOOP('',(#9099,#9100,#9101));
#9099 = ORIENTED_EDGE('',*,*,#7886,.F.);
#9100 = ORIENTED_EDGE('',*,*,#6551,.F.);
#9101 = ORIENTED_EDGE('',*,*,#9102,.F.);
#9102 = EDGE_CURVE('',#7615,#6552,#9103,.T.);
#9103 = SURFACE_CURVE('',#9104,(#9109,#9116),.PCURVE_S1.);
#9104 = CIRCLE('',#9105,30.);
#9105 = AXIS2_PLACEMENT_3D('',#9106,#9107,#9108);
#9106 = CARTESIAN_POINT('',(43.692104549907,0.,1.01278E+03));
#9107 = DIRECTION('',(-1.,0.,0.));
#9108 = DIRECTION('',(0.,-1.,0.));
#9109 = PCURVE('',#6733,#9110);
#9110 = DEFINITIONAL_REPRESENTATION('',(#9111),#9115);
#9111 = LINE('',#9112,#9113);
#9112 = CARTESIAN_POINT('',(7.853981633974,0.));
#9113 = VECTOR('',#9114,1.);
#9114 = DIRECTION('',(-1.,-0.));
#9115 = ( GEOMETRIC_REPRESENTATION_CONTEXT(2) 
PARAMETRIC_REPRESENTATION_CONTEXT() REPRESENTATION_CONTEXT('2D SPACE',''
  ) );
#9116 = PCURVE('',#9084,#9117);
#9117 = DEFINITIONAL_REPRESENTATION('',(#9118),#9126);
#9118 = ( BOUNDED_CURVE() B_SPLINE_CURVE(2,(#9119,#9120,#9121,#9122,
#9123,#9124,#9125),.UNSPECIFIED.,.T.,.F.) B_SPLINE_CURVE_WITH_KNOTS((1,2
    ,2,2,2,1),(-2.094395102393,0.,2.094395102393,4.188790204786,
6.28318530718,8.377580409573),.UNSPECIFIED.) CURVE() 
GEOMETRIC_REPRESENTATION_ITEM() RATIONAL_B_SPLINE_CURVE((1.,0.5,1.,0.5,
1.,0.5,1.)) REPRESENTATION_ITEM('') );
#9119 = CARTESIAN_POINT('',(0.,30.));
#9120 = CARTESIAN_POINT('',(51.961524227066,30.));
#9121 = CARTESIAN_POINT('',(25.980762113533,-15.));
#9122 = CARTESIAN_POINT('',(7.347880794884E-15,-60.));
#9123 = CARTESIAN_POINT('',(-25.98076211353,-15.));
#9124 = CARTESIAN_POINT('',(-51.96152422706,30.));
#9125 = CARTESIAN_POINT('',(0.,30.));
#9126 = ( GEOMETRIC_REPRESENTATION_CONTEXT(2) 
PARAMETRIC_REPRESENTATION_CONTEXT() REPRESENTATION_CONTEXT('2D SPACE',''
  ) );
#9127 = ADVANCED_FACE('',(#9128),#7074,.F.);
#9128 = FACE_BOUND('',#9129,.F.);
#9129 = EDGE_LOOP('',(#9130,#9131,#9132,#9133,#9134));
#9130 = ORIENTED_EDGE('',*,*,#7148,.F.);
#9131 = ORIENTED_EDGE('',*,*,#7225,.T.);
#9132 = ORIENTED_EDGE('',*,*,#7305,.T.);
#9133 = ORIENTED_EDGE('',*,*,#7380,.T.);
#9134 = ORIENTED_EDGE('',*,*,#7058,.F.);
#9135 = ADVANCED_FACE('',(#9136),#7132,.F.);
#9136 = FACE_BOUND('',#9137,.F.);
#9137 = EDGE_LOOP('',(#9138,#9139,#9160,#9161));
#9138 = ORIENTED_EDGE('',*,*,#7111,.F.);
#9139 = ORIENTED_EDGE('',*,*,#9140,.F.);
#9140 = EDGE_CURVE('',#7349,#7112,#9141,.T.);
#9141 = SEAM_CURVE('',#9142,(#9146,#9153),.PCURVE_S1.);
#9142 = LINE('',#9143,#9144);
#9143 = CARTESIAN_POINT('',(-45.60489015935,260.,1.035167362363E+03));
#9144 = VECTOR('',#9145,1.);
#9145 = DIRECTION('',(0.961538461538,0.,-0.274670324175));
#9146 = PCURVE('',#7132,#9147);
#9147 = DEFINITIONAL_REPRESENTATION('',(#9148),#9152);
#9148 = LINE('',#9149,#9150);
#9149 = CARTESIAN_POINT('',(6.28318530718,-0.));
#9150 = VECTOR('',#9151,1.);
#9151 = DIRECTION('',(0.,1.));
#9152 = ( GEOMETRIC_REPRESENTATION_CONTEXT(2) 
PARAMETRIC_REPRESENTATION_CONTEXT() REPRESENTATION_CONTEXT('2D SPACE',''
  ) );
#9153 = PCURVE('',#7132,#9154);
#9154 = DEFINITIONAL_REPRESENTATION('',(#9155),#9159);
#9155 = LINE('',#9156,#9157);
#9156 = CARTESIAN_POINT('',(0.,-0.));
#9157 = VECTOR('',#9158,1.);
#9158 = DIRECTION('',(0.,1.));
#9159 = ( GEOMETRIC_REPRESENTATION_CONTEXT(2) 
PARAMETRIC_REPRESENTATION_CONTEXT() REPRESENTATION_CONTEXT('2D SPACE',''
  ) );
#9160 = ORIENTED_EDGE('',*,*,#7348,.T.);
#9161 = ORIENTED_EDGE('',*,*,#9140,.T.);
#9162 = ADVANCED_FACE('',(#9163),#7183,.F.);
#9163 = FACE_BOUND('',#9164,.F.);
#9164 = EDGE_LOOP('',(#9165,#9166,#9167,#9168,#9169));
#9165 = ORIENTED_EDGE('',*,*,#7170,.F.);
#9166 = ORIENTED_EDGE('',*,*,#7430,.T.);
#9167 = ORIENTED_EDGE('',*,*,#7487,.T.);
#9168 = ORIENTED_EDGE('',*,*,#7533,.T.);
#9169 = ORIENTED_EDGE('',*,*,#7251,.T.);
#9170 = ADVANCED_FACE('',(#9171),#7471,.F.);
#9171 = FACE_BOUND('',#9172,.F.);
#9172 = EDGE_LOOP('',(#9173,#9174,#9195,#9196));
#9173 = ORIENTED_EDGE('',*,*,#7557,.F.);
#9174 = ORIENTED_EDGE('',*,*,#9175,.F.);
#9175 = EDGE_CURVE('',#7455,#7558,#9176,.T.);
#9176 = SEAM_CURVE('',#9177,(#9181,#9188),.PCURVE_S1.);
#9177 = LINE('',#9178,#9179);
#9178 = CARTESIAN_POINT('',(-45.60489015935,260.,1.035167362363E+03));
#9179 = VECTOR('',#9180,1.);
#9180 = DIRECTION('',(0.961538461538,0.,-0.274670324175));
#9181 = PCURVE('',#7471,#9182);
#9182 = DEFINITIONAL_REPRESENTATION('',(#9183),#9187);
#9183 = LINE('',#9184,#9185);
#9184 = CARTESIAN_POINT('',(6.28318530718,-0.));
#9185 = VECTOR('',#9186,1.);
#9186 = DIRECTION('',(0.,1.));
#9187 = ( GEOMETRIC_REPRESENTATION_CONTEXT(2) 
PARAMETRIC_REPRESENTATION_CONTEXT() REPRESENTATION_CONTEXT('2D SPACE',''
  ) );
#9188 = PCURVE('',#7471,#9189);
#9189 = DEFINITIONAL_REPRESENTATION('',(#9190),#9194);
#9190 = LINE('',#9191,#9192);
#9191 = CARTESIAN_POINT('',(0.,-0.));
#9192 = VECTOR('',#9193,1.);
#9193 = DIRECTION('',(0.,1.));
#9194 = ( GEOMETRIC_REPRESENTATION_CONTEXT(2) 
PARAMETRIC_REPRESENTATION_CONTEXT() REPRESENTATION_CONTEXT('2D SPACE',''
  ) );
#9195 = ORIENTED_EDGE('',*,*,#7454,.T.);
#9196 = ORIENTED_EDGE('',*,*,#9175,.T.);
#9197 = ADVANCED_FACE('',(#9198),#8358,.F.);
#9198 = FACE_BOUND('',#9199,.F.);
#9199 = EDGE_LOOP('',(#9200,#9227));
#9200 = ORIENTED_EDGE('',*,*,#9201,.F.);
#9201 = EDGE_CURVE('',#8126,#8128,#9202,.T.);
#9202 = SURFACE_CURVE('',#9203,(#9208,#9215),.PCURVE_S1.);
#9203 = CIRCLE('',#9204,30.);
#9204 = AXIS2_PLACEMENT_3D('',#9205,#9206,#9207);
#9205 = CARTESIAN_POINT('',(-43.6921045499,0.,1.01278E+03));
#9206 = DIRECTION('',(1.,0.,0.));
#9207 = DIRECTION('',(0.,1.,0.));
#9208 = PCURVE('',#8358,#9209);
#9209 = DEFINITIONAL_REPRESENTATION('',(#9210),#9214);
#9210 = LINE('',#9211,#9212);
#9211 = CARTESIAN_POINT('',(-1.570796326795,66.307895450093));
#9212 = VECTOR('',#9213,1.);
#9213 = DIRECTION('',(1.,0.));
#9214 = ( GEOMETRIC_REPRESENTATION_CONTEXT(2) 
PARAMETRIC_REPRESENTATION_CONTEXT() REPRESENTATION_CONTEXT('2D SPACE',''
  ) );
#9215 = PCURVE('',#9216,#9221);
#9216 = PLANE('',#9217);
#9217 = AXIS2_PLACEMENT_3D('',#9218,#9219,#9220);
#9218 = CARTESIAN_POINT('',(-43.6921045499,0.,1.01278E+03));
#9219 = DIRECTION('',(1.,0.,0.));
#9220 = DIRECTION('',(0.,0.,1.));
#9221 = DEFINITIONAL_REPRESENTATION('',(#9222),#9226);
#9222 = CIRCLE('',#9223,30.);
#9223 = AXIS2_PLACEMENT_2D('',#9224,#9225);
#9224 = CARTESIAN_POINT('',(0.,0.));
#9225 = DIRECTION('',(0.,-1.));
#9226 = ( GEOMETRIC_REPRESENTATION_CONTEXT(2) 
PARAMETRIC_REPRESENTATION_CONTEXT() REPRESENTATION_CONTEXT('2D SPACE',''
  ) );
#9227 = ORIENTED_EDGE('',*,*,#8125,.T.);
#9228 = ADVANCED_FACE('',(#9229),#8874,.F.);
#9229 = FACE_BOUND('',#9230,.F.);
#9230 = EDGE_LOOP('',(#9231,#9253));
#9231 = ORIENTED_EDGE('',*,*,#9232,.F.);
#9232 = EDGE_CURVE('',#8128,#8126,#9233,.T.);
#9233 = SURFACE_CURVE('',#9234,(#9239,#9246),.PCURVE_S1.);
#9234 = CIRCLE('',#9235,30.);
#9235 = AXIS2_PLACEMENT_3D('',#9236,#9237,#9238);
#9236 = CARTESIAN_POINT('',(-43.6921045499,0.,1.01278E+03));
#9237 = DIRECTION('',(1.,0.,-0.));
#9238 = DIRECTION('',(0.,0.,1.));
#9239 = PCURVE('',#8874,#9240);
#9240 = DEFINITIONAL_REPRESENTATION('',(#9241),#9245);
#9241 = LINE('',#9242,#9243);
#9242 = CARTESIAN_POINT('',(0.,66.307895450093));
#9243 = VECTOR('',#9244,1.);
#9244 = DIRECTION('',(1.,0.));
#9245 = ( GEOMETRIC_REPRESENTATION_CONTEXT(2) 
PARAMETRIC_REPRESENTATION_CONTEXT() REPRESENTATION_CONTEXT('2D SPACE',''
  ) );
#9246 = PCURVE('',#9216,#9247);
#9247 = DEFINITIONAL_REPRESENTATION('',(#9248),#9252);
#9248 = CIRCLE('',#9249,30.);
#9249 = AXIS2_PLACEMENT_2D('',#9250,#9251);
#9250 = CARTESIAN_POINT('',(0.,0.));
#9251 = DIRECTION('',(1.,0.));
#9252 = ( GEOMETRIC_REPRESENTATION_CONTEXT(2) 
PARAMETRIC_REPRESENTATION_CONTEXT() REPRESENTATION_CONTEXT('2D SPACE',''
  ) );
#9253 = ORIENTED_EDGE('',*,*,#8502,.T.);
#9254 = ADVANCED_FACE('',(#9255,#9259),#9084,.T.);
#9255 = FACE_BOUND('',#9256,.T.);
#9256 = EDGE_LOOP('',(#9257,#9258));
#9257 = ORIENTED_EDGE('',*,*,#9102,.F.);
#9258 = ORIENTED_EDGE('',*,*,#9069,.T.);
#9259 = FACE_BOUND('',#9260,.T.);
#9260 = EDGE_LOOP('',(#9261));
#9261 = ORIENTED_EDGE('',*,*,#9262,.F.);
#9262 = EDGE_CURVE('',#9263,#9263,#9265,.T.);
#9263 = VERTEX_POINT('',#9264);
#9264 = CARTESIAN_POINT('',(43.692104549907,6.123233995737E-15,
    1.03778E+03));
#9265 = SURFACE_CURVE('',#9266,(#9271,#9278),.PCURVE_S1.);
#9266 = CIRCLE('',#9267,25.);
#9267 = AXIS2_PLACEMENT_3D('',#9268,#9269,#9270);
#9268 = CARTESIAN_POINT('',(43.692104549907,0.,1.01278E+03));
#9269 = DIRECTION('',(1.,0.,-0.));
#9270 = DIRECTION('',(0.,0.,1.));
#9271 = PCURVE('',#9084,#9272);
#9272 = DEFINITIONAL_REPRESENTATION('',(#9273),#9277);
#9273 = CIRCLE('',#9274,25.);
#9274 = AXIS2_PLACEMENT_2D('',#9275,#9276);
#9275 = CARTESIAN_POINT('',(0.,0.));
#9276 = DIRECTION('',(1.,0.));
#9277 = ( GEOMETRIC_REPRESENTATION_CONTEXT(2) 
PARAMETRIC_REPRESENTATION_CONTEXT() REPRESENTATION_CONTEXT('2D SPACE',''
  ) );
#9278 = PCURVE('',#9279,#9284);
#9279 = CYLINDRICAL_SURFACE('',#9280,25.);
#9280 = AXIS2_PLACEMENT_3D('',#9281,#9282,#9283);
#9281 = CARTESIAN_POINT('',(-110.,0.,1.01278E+03));
#9282 = DIRECTION('',(1.,0.,0.));
#9283 = DIRECTION('',(0.,0.,1.));
#9284 = DEFINITIONAL_REPRESENTATION('',(#9285),#9289);
#9285 = LINE('',#9286,#9287);
#9286 = CARTESIAN_POINT('',(0.,153.6921045499));
#9287 = VECTOR('',#9288,1.);
#9288 = DIRECTION('',(1.,0.));
#9289 = ( GEOMETRIC_REPRESENTATION_CONTEXT(2) 
PARAMETRIC_REPRESENTATION_CONTEXT() REPRESENTATION_CONTEXT('2D SPACE',''
  ) );
#9290 = ADVANCED_FACE('',(#9291,#9295),#9216,.F.);
#9291 = FACE_BOUND('',#9292,.F.);
#9292 = EDGE_LOOP('',(#9293,#9294));
#9293 = ORIENTED_EDGE('',*,*,#9232,.T.);
#9294 = ORIENTED_EDGE('',*,*,#9201,.T.);
#9295 = FACE_BOUND('',#9296,.F.);
#9296 = EDGE_LOOP('',(#9297));
#9297 = ORIENTED_EDGE('',*,*,#9298,.F.);
#9298 = EDGE_CURVE('',#9299,#9299,#9301,.T.);
#9299 = VERTEX_POINT('',#9300);
#9300 = CARTESIAN_POINT('',(-43.6921045499,6.123233995737E-15,
    1.03778E+03));
#9301 = SURFACE_CURVE('',#9302,(#9307,#9314),.PCURVE_S1.);
#9302 = CIRCLE('',#9303,25.);
#9303 = AXIS2_PLACEMENT_3D('',#9304,#9305,#9306);
#9304 = CARTESIAN_POINT('',(-43.6921045499,0.,1.01278E+03));
#9305 = DIRECTION('',(1.,0.,-0.));
#9306 = DIRECTION('',(0.,0.,1.));
#9307 = PCURVE('',#9216,#9308);
#9308 = DEFINITIONAL_REPRESENTATION('',(#9309),#9313);
#9309 = CIRCLE('',#9310,25.);
#9310 = AXIS2_PLACEMENT_2D('',#9311,#9312);
#9311 = CARTESIAN_POINT('',(0.,0.));
#9312 = DIRECTION('',(1.,0.));
#9313 = ( GEOMETRIC_REPRESENTATION_CONTEXT(2) 
PARAMETRIC_REPRESENTATION_CONTEXT() REPRESENTATION_CONTEXT('2D SPACE',''
  ) );
#9314 = PCURVE('',#9315,#9320);
#9315 = CYLINDRICAL_SURFACE('',#9316,25.);
#9316 = AXIS2_PLACEMENT_3D('',#9317,#9318,#9319);
#9317 = CARTESIAN_POINT('',(-110.,0.,1.01278E+03));
#9318 = DIRECTION('',(1.,0.,0.));
#9319 = DIRECTION('',(0.,0.,1.));
#9320 = DEFINITIONAL_REPRESENTATION('',(#9321),#9325);
#9321 = LINE('',#9322,#9323);
#9322 = CARTESIAN_POINT('',(0.,66.307895450093));
#9323 = VECTOR('',#9324,1.);
#9324 = DIRECTION('',(1.,0.));
#9325 = ( GEOMETRIC_REPRESENTATION_CONTEXT(2) 
PARAMETRIC_REPRESENTATION_CONTEXT() REPRESENTATION_CONTEXT('2D SPACE',''
  ) );
#9326 = ADVANCED_FACE('',(#9327),#9279,.F.);
#9327 = FACE_BOUND('',#9328,.F.);
#9328 = EDGE_LOOP('',(#9329,#9358,#9379,#9380));
#9329 = ORIENTED_EDGE('',*,*,#9330,.T.);
#9330 = EDGE_CURVE('',#9331,#9331,#9333,.T.);
#9331 = VERTEX_POINT('',#9332);
#9332 = CARTESIAN_POINT('',(12.692104549907,6.123233995737E-15,
    1.03778E+03));
#9333 = SURFACE_CURVE('',#9334,(#9339,#9346),.PCURVE_S1.);
#9334 = CIRCLE('',#9335,25.);
#9335 = AXIS2_PLACEMENT_3D('',#9336,#9337,#9338);
#9336 = CARTESIAN_POINT('',(12.692104549907,0.,1.01278E+03));
#9337 = DIRECTION('',(1.,0.,-0.));
#9338 = DIRECTION('',(0.,0.,1.));
#9339 = PCURVE('',#9279,#9340);
#9340 = DEFINITIONAL_REPRESENTATION('',(#9341),#9345);
#9341 = LINE('',#9342,#9343);
#9342 = CARTESIAN_POINT('',(0.,122.6921045499));
#9343 = VECTOR('',#9344,1.);
#9344 = DIRECTION('',(1.,0.));
#9345 = ( GEOMETRIC_REPRESENTATION_CONTEXT(2) 
PARAMETRIC_REPRESENTATION_CONTEXT() REPRESENTATION_CONTEXT('2D SPACE',''
  ) );
#9346 = PCURVE('',#9347,#9352);
#9347 = CONICAL_SURFACE('',#9348,22.,0.643501108793);
#9348 = AXIS2_PLACEMENT_3D('',#9349,#9350,#9351);
#9349 = CARTESIAN_POINT('',(8.692104549907,0.,1.01278E+03));
#9350 = DIRECTION('',(1.,0.,0.));
#9351 = DIRECTION('',(0.,0.,1.));
#9352 = DEFINITIONAL_REPRESENTATION('',(#9353),#9357);
#9353 = LINE('',#9354,#9355);
#9354 = CARTESIAN_POINT('',(0.,4.));
#9355 = VECTOR('',#9356,1.);
#9356 = DIRECTION('',(1.,0.));
#9357 = ( GEOMETRIC_REPRESENTATION_CONTEXT(2) 
PARAMETRIC_REPRESENTATION_CONTEXT() REPRESENTATION_CONTEXT('2D SPACE',''
  ) );
#9358 = ORIENTED_EDGE('',*,*,#9359,.T.);
#9359 = EDGE_CURVE('',#9331,#9263,#9360,.T.);
#9360 = SEAM_CURVE('',#9361,(#9365,#9372),.PCURVE_S1.);
#9361 = LINE('',#9362,#9363);
#9362 = CARTESIAN_POINT('',(-110.,6.123233995737E-15,1.03778E+03));
#9363 = VECTOR('',#9364,1.);
#9364 = DIRECTION('',(1.,0.,0.));
#9365 = PCURVE('',#9279,#9366);
#9366 = DEFINITIONAL_REPRESENTATION('',(#9367),#9371);
#9367 = LINE('',#9368,#9369);
#9368 = CARTESIAN_POINT('',(6.28318530718,0.));
#9369 = VECTOR('',#9370,1.);
#9370 = DIRECTION('',(0.,1.));
#9371 = ( GEOMETRIC_REPRESENTATION_CONTEXT(2) 
PARAMETRIC_REPRESENTATION_CONTEXT() REPRESENTATION_CONTEXT('2D SPACE',''
  ) );
#9372 = PCURVE('',#9279,#9373);
#9373 = DEFINITIONAL_REPRESENTATION('',(#9374),#9378);
#9374 = LINE('',#9375,#9376);
#9375 = CARTESIAN_POINT('',(4.138911435803E-13,0.));
#9376 = VECTOR('',#9377,1.);
#9377 = DIRECTION('',(0.,1.));
#9378 = ( GEOMETRIC_REPRESENTATION_CONTEXT(2) 
PARAMETRIC_REPRESENTATION_CONTEXT() REPRESENTATION_CONTEXT('2D SPACE',''
  ) );
#9379 = ORIENTED_EDGE('',*,*,#9262,.F.);
#9380 = ORIENTED_EDGE('',*,*,#9359,.F.);
#9381 = ADVANCED_FACE('',(#9382),#9315,.F.);
#9382 = FACE_BOUND('',#9383,.F.);
#9383 = EDGE_LOOP('',(#9384,#9407,#9408,#9409));
#9384 = ORIENTED_EDGE('',*,*,#9385,.F.);
#9385 = EDGE_CURVE('',#9299,#9386,#9388,.T.);
#9386 = VERTEX_POINT('',#9387);
#9387 = CARTESIAN_POINT('',(-12.6921045499,6.123233995737E-15,
    1.03778E+03));
#9388 = SEAM_CURVE('',#9389,(#9393,#9400),.PCURVE_S1.);
#9389 = LINE('',#9390,#9391);
#9390 = CARTESIAN_POINT('',(-110.,6.123233995737E-15,1.03778E+03));
#9391 = VECTOR('',#9392,1.);
#9392 = DIRECTION('',(1.,0.,0.));
#9393 = PCURVE('',#9315,#9394);
#9394 = DEFINITIONAL_REPRESENTATION('',(#9395),#9399);
#9395 = LINE('',#9396,#9397);
#9396 = CARTESIAN_POINT('',(4.138911435803E-13,0.));
#9397 = VECTOR('',#9398,1.);
#9398 = DIRECTION('',(0.,1.));
#9399 = ( GEOMETRIC_REPRESENTATION_CONTEXT(2) 
PARAMETRIC_REPRESENTATION_CONTEXT() REPRESENTATION_CONTEXT('2D SPACE',''
  ) );
#9400 = PCURVE('',#9315,#9401);
#9401 = DEFINITIONAL_REPRESENTATION('',(#9402),#9406);
#9402 = LINE('',#9403,#9404);
#9403 = CARTESIAN_POINT('',(6.28318530718,0.));
#9404 = VECTOR('',#9405,1.);
#9405 = DIRECTION('',(0.,1.));
#9406 = ( GEOMETRIC_REPRESENTATION_CONTEXT(2) 
PARAMETRIC_REPRESENTATION_CONTEXT() REPRESENTATION_CONTEXT('2D SPACE',''
  ) );
#9407 = ORIENTED_EDGE('',*,*,#9298,.T.);
#9408 = ORIENTED_EDGE('',*,*,#9385,.T.);
#9409 = ORIENTED_EDGE('',*,*,#9410,.F.);
#9410 = EDGE_CURVE('',#9386,#9386,#9411,.T.);
#9411 = SURFACE_CURVE('',#9412,(#9417,#9424),.PCURVE_S1.);
#9412 = CIRCLE('',#9413,25.);
#9413 = AXIS2_PLACEMENT_3D('',#9414,#9415,#9416);
#9414 = CARTESIAN_POINT('',(-12.6921045499,0.,1.01278E+03));
#9415 = DIRECTION('',(1.,0.,-0.));
#9416 = DIRECTION('',(0.,0.,1.));
#9417 = PCURVE('',#9315,#9418);
#9418 = DEFINITIONAL_REPRESENTATION('',(#9419),#9423);
#9419 = LINE('',#9420,#9421);
#9420 = CARTESIAN_POINT('',(0.,97.3078954501));
#9421 = VECTOR('',#9422,1.);
#9422 = DIRECTION('',(1.,0.));
#9423 = ( GEOMETRIC_REPRESENTATION_CONTEXT(2) 
PARAMETRIC_REPRESENTATION_CONTEXT() REPRESENTATION_CONTEXT('2D SPACE',''
  ) );
#9424 = PCURVE('',#9425,#9430);
#9425 = CONICAL_SURFACE('',#9426,25.,0.643501108793);
#9426 = AXIS2_PLACEMENT_3D('',#9427,#9428,#9429);
#9427 = CARTESIAN_POINT('',(-12.6921045499,0.,1.01278E+03));
#9428 = DIRECTION('',(-1.,-0.,-0.));
#9429 = DIRECTION('',(0.,0.,1.));
#9430 = DEFINITIONAL_REPRESENTATION('',(#9431),#9435);
#9431 = LINE('',#9432,#9433);
#9432 = CARTESIAN_POINT('',(6.28318530718,0.));
#9433 = VECTOR('',#9434,1.);
#9434 = DIRECTION('',(-1.,0.));
#9435 = ( GEOMETRIC_REPRESENTATION_CONTEXT(2) 
PARAMETRIC_REPRESENTATION_CONTEXT() REPRESENTATION_CONTEXT('2D SPACE',''
  ) );
#9436 = ADVANCED_FACE('',(#9437),#9347,.F.);
#9437 = FACE_BOUND('',#9438,.F.);
#9438 = EDGE_LOOP('',(#9439,#9440,#9463,#9489));
#9439 = ORIENTED_EDGE('',*,*,#9330,.F.);
#9440 = ORIENTED_EDGE('',*,*,#9441,.F.);
#9441 = EDGE_CURVE('',#9442,#9331,#9444,.T.);
#9442 = VERTEX_POINT('',#9443);
#9443 = CARTESIAN_POINT('',(8.692104549907,5.388445916248E-15,
    1.03478E+03));
#9444 = SEAM_CURVE('',#9445,(#9449,#9456),.PCURVE_S1.);
#9445 = LINE('',#9446,#9447);
#9446 = CARTESIAN_POINT('',(8.692104549907,5.388445916248E-15,
    1.03478E+03));
#9447 = VECTOR('',#9448,1.);
#9448 = DIRECTION('',(0.8,1.469576158977E-16,0.6));
#9449 = PCURVE('',#9347,#9450);
#9450 = DEFINITIONAL_REPRESENTATION('',(#9451),#9455);
#9451 = LINE('',#9452,#9453);
#9452 = CARTESIAN_POINT('',(0.,-0.));
#9453 = VECTOR('',#9454,1.);
#9454 = DIRECTION('',(0.,1.));
#9455 = ( GEOMETRIC_REPRESENTATION_CONTEXT(2) 
PARAMETRIC_REPRESENTATION_CONTEXT() REPRESENTATION_CONTEXT('2D SPACE',''
  ) );
#9456 = PCURVE('',#9347,#9457);
#9457 = DEFINITIONAL_REPRESENTATION('',(#9458),#9462);
#9458 = LINE('',#9459,#9460);
#9459 = CARTESIAN_POINT('',(6.28318530718,-0.));
#9460 = VECTOR('',#9461,1.);
#9461 = DIRECTION('',(0.,1.));
#9462 = ( GEOMETRIC_REPRESENTATION_CONTEXT(2) 
PARAMETRIC_REPRESENTATION_CONTEXT() REPRESENTATION_CONTEXT('2D SPACE',''
  ) );
#9463 = ORIENTED_EDGE('',*,*,#9464,.T.);
#9464 = EDGE_CURVE('',#9442,#9442,#9465,.T.);
#9465 = SURFACE_CURVE('',#9466,(#9471,#9477),.PCURVE_S1.);
#9466 = CIRCLE('',#9467,22.);
#9467 = AXIS2_PLACEMENT_3D('',#9468,#9469,#9470);
#9468 = CARTESIAN_POINT('',(8.692104549907,0.,1.01278E+03));
#9469 = DIRECTION('',(1.,0.,-0.));
#9470 = DIRECTION('',(0.,0.,1.));
#9471 = PCURVE('',#9347,#9472);
#9472 = DEFINITIONAL_REPRESENTATION('',(#9473),#9476);
#9473 = B_SPLINE_CURVE_WITH_KNOTS('',1,(#9474,#9475),.UNSPECIFIED.,.F.,
  .F.,(2,2),(0.,6.28318530718),.PIECEWISE_BEZIER_KNOTS.);
#9474 = CARTESIAN_POINT('',(0.,0.));
#9475 = CARTESIAN_POINT('',(6.28318530718,0.));
#9476 = ( GEOMETRIC_REPRESENTATION_CONTEXT(2) 
PARAMETRIC_REPRESENTATION_CONTEXT() REPRESENTATION_CONTEXT('2D SPACE',''
  ) );
#9477 = PCURVE('',#9478,#9483);
#9478 = CYLINDRICAL_SURFACE('',#9479,22.);
#9479 = AXIS2_PLACEMENT_3D('',#9480,#9481,#9482);
#9480 = CARTESIAN_POINT('',(-8.6921045499,0.,1.01278E+03));
#9481 = DIRECTION('',(1.,0.,0.));
#9482 = DIRECTION('',(0.,0.,1.));
#9483 = DEFINITIONAL_REPRESENTATION('',(#9484),#9488);
#9484 = LINE('',#9485,#9486);
#9485 = CARTESIAN_POINT('',(0.,17.384209099807));
#9486 = VECTOR('',#9487,1.);
#9487 = DIRECTION('',(1.,0.));
#9488 = ( GEOMETRIC_REPRESENTATION_CONTEXT(2) 
PARAMETRIC_REPRESENTATION_CONTEXT() REPRESENTATION_CONTEXT('2D SPACE',''
  ) );
#9489 = ORIENTED_EDGE('',*,*,#9441,.T.);
#9490 = ADVANCED_FACE('',(#9491),#9425,.F.);
#9491 = FACE_BOUND('',#9492,.F.);
#9492 = EDGE_LOOP('',(#9493,#9516,#9537,#9538));
#9493 = ORIENTED_EDGE('',*,*,#9494,.F.);
#9494 = EDGE_CURVE('',#9495,#9495,#9497,.T.);
#9495 = VERTEX_POINT('',#9496);
#9496 = CARTESIAN_POINT('',(-8.6921045499,5.388445916248E-15,1.03478E+03
    ));
#9497 = SURFACE_CURVE('',#9498,(#9503,#9510),.PCURVE_S1.);
#9498 = CIRCLE('',#9499,22.);
#9499 = AXIS2_PLACEMENT_3D('',#9500,#9501,#9502);
#9500 = CARTESIAN_POINT('',(-8.6921045499,0.,1.01278E+03));
#9501 = DIRECTION('',(1.,0.,-0.));
#9502 = DIRECTION('',(0.,0.,1.));
#9503 = PCURVE('',#9425,#9504);
#9504 = DEFINITIONAL_REPRESENTATION('',(#9505),#9509);
#9505 = LINE('',#9506,#9507);
#9506 = CARTESIAN_POINT('',(6.28318530718,-4.000000000001));
#9507 = VECTOR('',#9508,1.);
#9508 = DIRECTION('',(-1.,0.));
#9509 = ( GEOMETRIC_REPRESENTATION_CONTEXT(2) 
PARAMETRIC_REPRESENTATION_CONTEXT() REPRESENTATION_CONTEXT('2D SPACE',''
  ) );
#9510 = PCURVE('',#9478,#9511);
#9511 = DEFINITIONAL_REPRESENTATION('',(#9512),#9515);
#9512 = B_SPLINE_CURVE_WITH_KNOTS('',1,(#9513,#9514),.UNSPECIFIED.,.F.,
  .F.,(2,2),(0.,6.28318530718),.PIECEWISE_BEZIER_KNOTS.);
#9513 = CARTESIAN_POINT('',(0.,0.));
#9514 = CARTESIAN_POINT('',(6.28318530718,0.));
#9515 = ( GEOMETRIC_REPRESENTATION_CONTEXT(2) 
PARAMETRIC_REPRESENTATION_CONTEXT() REPRESENTATION_CONTEXT('2D SPACE',''
  ) );
#9516 = ORIENTED_EDGE('',*,*,#9517,.F.);
#9517 = EDGE_CURVE('',#9386,#9495,#9518,.T.);
#9518 = SEAM_CURVE('',#9519,(#9523,#9530),.PCURVE_S1.);
#9519 = LINE('',#9520,#9521);
#9520 = CARTESIAN_POINT('',(-12.6921045499,6.123233995737E-15,
    1.03778E+03));
#9521 = VECTOR('',#9522,1.);
#9522 = DIRECTION('',(0.8,-1.469576158977E-16,-0.6));
#9523 = PCURVE('',#9425,#9524);
#9524 = DEFINITIONAL_REPRESENTATION('',(#9525),#9529);
#9525 = LINE('',#9526,#9527);
#9526 = CARTESIAN_POINT('',(6.28318530718,0.));
#9527 = VECTOR('',#9528,1.);
#9528 = DIRECTION('',(-0.,-1.));
#9529 = ( GEOMETRIC_REPRESENTATION_CONTEXT(2) 
PARAMETRIC_REPRESENTATION_CONTEXT() REPRESENTATION_CONTEXT('2D SPACE',''
  ) );
#9530 = PCURVE('',#9425,#9531);
#9531 = DEFINITIONAL_REPRESENTATION('',(#9532),#9536);
#9532 = LINE('',#9533,#9534);
#9533 = CARTESIAN_POINT('',(-4.138911435803E-13,0.));
#9534 = VECTOR('',#9535,1.);
#9535 = DIRECTION('',(-0.,-1.));
#9536 = ( GEOMETRIC_REPRESENTATION_CONTEXT(2) 
PARAMETRIC_REPRESENTATION_CONTEXT() REPRESENTATION_CONTEXT('2D SPACE',''
  ) );
#9537 = ORIENTED_EDGE('',*,*,#9410,.T.);
#9538 = ORIENTED_EDGE('',*,*,#9517,.T.);
#9539 = ADVANCED_FACE('',(#9540),#9478,.F.);
#9540 = FACE_BOUND('',#9541,.F.);
#9541 = EDGE_LOOP('',(#9542,#9543,#9564,#9565));
#9542 = ORIENTED_EDGE('',*,*,#9464,.F.);
#9543 = ORIENTED_EDGE('',*,*,#9544,.F.);
#9544 = EDGE_CURVE('',#9495,#9442,#9545,.T.);
#9545 = SEAM_CURVE('',#9546,(#9550,#9557),.PCURVE_S1.);
#9546 = LINE('',#9547,#9548);
#9547 = CARTESIAN_POINT('',(-8.6921045499,5.388445916248E-15,1.03478E+03
    ));
#9548 = VECTOR('',#9549,1.);
#9549 = DIRECTION('',(1.,0.,0.));
#9550 = PCURVE('',#9478,#9551);
#9551 = DEFINITIONAL_REPRESENTATION('',(#9552),#9556);
#9552 = LINE('',#9553,#9554);
#9553 = CARTESIAN_POINT('',(0.,-0.));
#9554 = VECTOR('',#9555,1.);
#9555 = DIRECTION('',(0.,1.));
#9556 = ( GEOMETRIC_REPRESENTATION_CONTEXT(2) 
PARAMETRIC_REPRESENTATION_CONTEXT() REPRESENTATION_CONTEXT('2D SPACE',''
  ) );
#9557 = PCURVE('',#9478,#9558);
#9558 = DEFINITIONAL_REPRESENTATION('',(#9559),#9563);
#9559 = LINE('',#9560,#9561);
#9560 = CARTESIAN_POINT('',(6.28318530718,-0.));
#9561 = VECTOR('',#9562,1.);
#9562 = DIRECTION('',(0.,1.));
#9563 = ( GEOMETRIC_REPRESENTATION_CONTEXT(2) 
PARAMETRIC_REPRESENTATION_CONTEXT() REPRESENTATION_CONTEXT('2D SPACE',''
  ) );
#9564 = ORIENTED_EDGE('',*,*,#9494,.T.);
#9565 = ORIENTED_EDGE('',*,*,#9544,.T.);
#9566 = ( GEOMETRIC_REPRESENTATION_CONTEXT(3) 
GLOBAL_UNCERTAINTY_ASSIGNED_CONTEXT((#9570)) 
GLOBAL_UNIT_ASSIGNED_CONTEXT((#9567,#9568,#9569)) REPRESENTATION_CONTEXT
('Context #1','3D Context with UNIT and UNCERTAINTY') );
#9567 = ( LENGTH_UNIT() NAMED_UNIT(*) SI_UNIT(.MILLI.,.METRE.) );
#9568 = ( NAMED_UNIT(*) PLANE_ANGLE_UNIT() SI_UNIT($,.RADIAN.) );
#9569 = ( NAMED_UNIT(*) SI_UNIT($,.STERADIAN.) SOLID_ANGLE_UNIT() );
#9570 = UNCERTAINTY_MEASURE_WITH_UNIT(LENGTH_MEASURE(1.E-05),#9567,
  'distance_accuracy_value','confusion accuracy');
#9571 = CONTEXT_DEPENDENT_SHAPE_REPRESENTATION(#9572,#9574);
#9572 = ( REPRESENTATION_RELATIONSHIP('','',#52,#10) 
REPRESENTATION_RELATIONSHIP_WITH_TRANSFORMATION(#9573) 
SHAPE_REPRESENTATION_RELATIONSHIP() );
#9573 = ITEM_DEFINED_TRANSFORMATION('','',#11,#15);
#9574 = PRODUCT_DEFINITION_SHAPE('Placement','Placement of an item',
  #9575);
#9575 = NEXT_ASSEMBLY_USAGE_OCCURRENCE('7','HEAD_BARREL_7075','',#5,#47,
  $);
#9576 = PRODUCT_RELATED_PRODUCT_CATEGORY('part',$,(#49));
#9577 = SHAPE_DEFINITION_REPRESENTATION(#9578,#9584);
#9578 = PRODUCT_DEFINITION_SHAPE('','',#9579);
#9579 = PRODUCT_DEFINITION('design','',#9580,#9583);
#9580 = PRODUCT_DEFINITION_FORMATION('','',#9581);
#9581 = PRODUCT('SHAFT_300M_CONTINUOUS','SHAFT_300M_CONTINUOUS','',(
    #9582));
#9582 = PRODUCT_CONTEXT('',#2,'mechanical');
#9583 = PRODUCT_DEFINITION_CONTEXT('part definition',#2,'design');
#9584 = ADVANCED_BREP_SHAPE_REPRESENTATION('',(#11,#9585),#9793);
#9585 = MANIFOLD_SOLID_BREP('',#9586);
#9586 = CLOSED_SHELL('',(#9587,#9675,#9758,#9785,#9789));
#9587 = ADVANCED_FACE('',(#9588),#9602,.T.);
#9588 = FACE_BOUND('',#9589,.T.);
#9589 = EDGE_LOOP('',(#9590,#9620,#9647,#9648));
#9590 = ORIENTED_EDGE('',*,*,#9591,.F.);
#9591 = EDGE_CURVE('',#9592,#9594,#9596,.T.);
#9592 = VERTEX_POINT('',#9593);
#9593 = CARTESIAN_POINT('',(-87.5,4.65365783676E-15,1.03178E+03));
#9594 = VERTEX_POINT('',#9595);
#9595 = CARTESIAN_POINT('',(-62.5,4.65365783676E-15,1.03178E+03));
#9596 = SEAM_CURVE('',#9597,(#9601,#9613),.PCURVE_S1.);
#9597 = LINE('',#9598,#9599);
#9598 = CARTESIAN_POINT('',(-87.5,4.65365783676E-15,1.03178E+03));
#9599 = VECTOR('',#9600,1.);
#9600 = DIRECTION('',(1.,0.,0.));
#9601 = PCURVE('',#9602,#9607);
#9602 = CYLINDRICAL_SURFACE('',#9603,19.);
#9603 = AXIS2_PLACEMENT_3D('',#9604,#9605,#9606);
#9604 = CARTESIAN_POINT('',(-87.5,0.,1.01278E+03));
#9605 = DIRECTION('',(1.,0.,0.));
#9606 = DIRECTION('',(0.,0.,1.));
#9607 = DEFINITIONAL_REPRESENTATION('',(#9608),#9612);
#9608 = LINE('',#9609,#9610);
#9609 = CARTESIAN_POINT('',(0.,-0.));
#9610 = VECTOR('',#9611,1.);
#9611 = DIRECTION('',(0.,1.));
#9612 = ( GEOMETRIC_REPRESENTATION_CONTEXT(2) 
PARAMETRIC_REPRESENTATION_CONTEXT() REPRESENTATION_CONTEXT('2D SPACE',''
  ) );
#9613 = PCURVE('',#9602,#9614);
#9614 = DEFINITIONAL_REPRESENTATION('',(#9615),#9619);
#9615 = LINE('',#9616,#9617);
#9616 = CARTESIAN_POINT('',(6.28318530718,-0.));
#9617 = VECTOR('',#9618,1.);
#9618 = DIRECTION('',(0.,1.));
#9619 = ( GEOMETRIC_REPRESENTATION_CONTEXT(2) 
PARAMETRIC_REPRESENTATION_CONTEXT() REPRESENTATION_CONTEXT('2D SPACE',''
  ) );
#9620 = ORIENTED_EDGE('',*,*,#9621,.T.);
#9621 = EDGE_CURVE('',#9592,#9592,#9622,.T.);
#9622 = SURFACE_CURVE('',#9623,(#9628,#9635),.PCURVE_S1.);
#9623 = CIRCLE('',#9624,19.);
#9624 = AXIS2_PLACEMENT_3D('',#9625,#9626,#9627);
#9625 = CARTESIAN_POINT('',(-87.5,0.,1.01278E+03));
#9626 = DIRECTION('',(1.,0.,-0.));
#9627 = DIRECTION('',(0.,0.,1.));
#9628 = PCURVE('',#9602,#9629);
#9629 = DEFINITIONAL_REPRESENTATION('',(#9630),#9634);
#9630 = LINE('',#9631,#9632);
#9631 = CARTESIAN_POINT('',(0.,0.));
#9632 = VECTOR('',#9633,1.);
#9633 = DIRECTION('',(1.,0.));
#9634 = ( GEOMETRIC_REPRESENTATION_CONTEXT(2) 
PARAMETRIC_REPRESENTATION_CONTEXT() REPRESENTATION_CONTEXT('2D SPACE',''
  ) );
#9635 = PCURVE('',#9636,#9641);
#9636 = PLANE('',#9637);
#9637 = AXIS2_PLACEMENT_3D('',#9638,#9639,#9640);
#9638 = CARTESIAN_POINT('',(-87.5,0.,1.01278E+03));
#9639 = DIRECTION('',(1.,0.,0.));
#9640 = DIRECTION('',(0.,0.,1.));
#9641 = DEFINITIONAL_REPRESENTATION('',(#9642),#9646);
#9642 = CIRCLE('',#9643,19.);
#9643 = AXIS2_PLACEMENT_2D('',#9644,#9645);
#9644 = CARTESIAN_POINT('',(0.,0.));
#9645 = DIRECTION('',(1.,0.));
#9646 = ( GEOMETRIC_REPRESENTATION_CONTEXT(2) 
PARAMETRIC_REPRESENTATION_CONTEXT() REPRESENTATION_CONTEXT('2D SPACE',''
  ) );
#9647 = ORIENTED_EDGE('',*,*,#9591,.T.);
#9648 = ORIENTED_EDGE('',*,*,#9649,.F.);
#9649 = EDGE_CURVE('',#9594,#9594,#9650,.T.);
#9650 = SURFACE_CURVE('',#9651,(#9656,#9663),.PCURVE_S1.);
#9651 = CIRCLE('',#9652,19.);
#9652 = AXIS2_PLACEMENT_3D('',#9653,#9654,#9655);
#9653 = CARTESIAN_POINT('',(-62.5,0.,1.01278E+03));
#9654 = DIRECTION('',(1.,0.,-0.));
#9655 = DIRECTION('',(0.,0.,1.));
#9656 = PCURVE('',#9602,#9657);
#9657 = DEFINITIONAL_REPRESENTATION('',(#9658),#9662);
#9658 = LINE('',#9659,#9660);
#9659 = CARTESIAN_POINT('',(0.,25.));
#9660 = VECTOR('',#9661,1.);
#9661 = DIRECTION('',(1.,0.));
#9662 = ( GEOMETRIC_REPRESENTATION_CONTEXT(2) 
PARAMETRIC_REPRESENTATION_CONTEXT() REPRESENTATION_CONTEXT('2D SPACE',''
  ) );
#9663 = PCURVE('',#9664,#9669);
#9664 = CYLINDRICAL_SURFACE('',#9665,19.);
#9665 = AXIS2_PLACEMENT_3D('',#9666,#9667,#9668);
#9666 = CARTESIAN_POINT('',(-87.5,0.,1.01278E+03));
#9667 = DIRECTION('',(1.,0.,0.));
#9668 = DIRECTION('',(0.,0.,1.));
#9669 = DEFINITIONAL_REPRESENTATION('',(#9670),#9674);
#9670 = LINE('',#9671,#9672);
#9671 = CARTESIAN_POINT('',(0.,25.));
#9672 = VECTOR('',#9673,1.);
#9673 = DIRECTION('',(1.,0.));
#9674 = ( GEOMETRIC_REPRESENTATION_CONTEXT(2) 
PARAMETRIC_REPRESENTATION_CONTEXT() REPRESENTATION_CONTEXT('2D SPACE',''
  ) );
#9675 = ADVANCED_FACE('',(#9676),#9690,.T.);
#9676 = FACE_BOUND('',#9677,.T.);
#9677 = EDGE_LOOP('',(#9678,#9708,#9735,#9736));
#9678 = ORIENTED_EDGE('',*,*,#9679,.T.);
#9679 = EDGE_CURVE('',#9680,#9682,#9684,.T.);
#9680 = VERTEX_POINT('',#9681);
#9681 = CARTESIAN_POINT('',(62.5,4.65365783676E-15,1.03178E+03));
#9682 = VERTEX_POINT('',#9683);
#9683 = CARTESIAN_POINT('',(87.5,4.65365783676E-15,1.03178E+03));
#9684 = SEAM_CURVE('',#9685,(#9689,#9701),.PCURVE_S1.);
#9685 = LINE('',#9686,#9687);
#9686 = CARTESIAN_POINT('',(-87.5,4.65365783676E-15,1.03178E+03));
#9687 = VECTOR('',#9688,1.);
#9688 = DIRECTION('',(1.,0.,0.));
#9689 = PCURVE('',#9690,#9695);
#9690 = CYLINDRICAL_SURFACE('',#9691,19.);
#9691 = AXIS2_PLACEMENT_3D('',#9692,#9693,#9694);
#9692 = CARTESIAN_POINT('',(-87.5,0.,1.01278E+03));
#9693 = DIRECTION('',(1.,0.,0.));
#9694 = DIRECTION('',(0.,0.,1.));
#9695 = DEFINITIONAL_REPRESENTATION('',(#9696),#9700);
#9696 = LINE('',#9697,#9698);
#9697 = CARTESIAN_POINT('',(6.28318530718,0.));
#9698 = VECTOR('',#9699,1.);
#9699 = DIRECTION('',(0.,1.));
#9700 = ( GEOMETRIC_REPRESENTATION_CONTEXT(2) 
PARAMETRIC_REPRESENTATION_CONTEXT() REPRESENTATION_CONTEXT('2D SPACE',''
  ) );
#9701 = PCURVE('',#9690,#9702);
#9702 = DEFINITIONAL_REPRESENTATION('',(#9703),#9707);
#9703 = LINE('',#9704,#9705);
#9704 = CARTESIAN_POINT('',(4.138911435803E-13,0.));
#9705 = VECTOR('',#9706,1.);
#9706 = DIRECTION('',(0.,1.));
#9707 = ( GEOMETRIC_REPRESENTATION_CONTEXT(2) 
PARAMETRIC_REPRESENTATION_CONTEXT() REPRESENTATION_CONTEXT('2D SPACE',''
  ) );
#9708 = ORIENTED_EDGE('',*,*,#9709,.F.);
#9709 = EDGE_CURVE('',#9682,#9682,#9710,.T.);
#9710 = SURFACE_CURVE('',#9711,(#9716,#9723),.PCURVE_S1.);
#9711 = CIRCLE('',#9712,19.);
#9712 = AXIS2_PLACEMENT_3D('',#9713,#9714,#9715);
#9713 = CARTESIAN_POINT('',(87.5,0.,1.01278E+03));
#9714 = DIRECTION('',(1.,0.,-0.));
#9715 = DIRECTION('',(0.,0.,1.));
#9716 = PCURVE('',#9690,#9717);
#9717 = DEFINITIONAL_REPRESENTATION('',(#9718),#9722);
#9718 = LINE('',#9719,#9720);
#9719 = CARTESIAN_POINT('',(0.,175.));
#9720 = VECTOR('',#9721,1.);
#9721 = DIRECTION('',(1.,0.));
#9722 = ( GEOMETRIC_REPRESENTATION_CONTEXT(2) 
PARAMETRIC_REPRESENTATION_CONTEXT() REPRESENTATION_CONTEXT('2D SPACE',''
  ) );
#9723 = PCURVE('',#9724,#9729);
#9724 = PLANE('',#9725);
#9725 = AXIS2_PLACEMENT_3D('',#9726,#9727,#9728);
#9726 = CARTESIAN_POINT('',(87.5,0.,1.01278E+03));
#9727 = DIRECTION('',(1.,0.,0.));
#9728 = DIRECTION('',(0.,0.,1.));
#9729 = DEFINITIONAL_REPRESENTATION('',(#9730),#9734);
#9730 = CIRCLE('',#9731,19.);
#9731 = AXIS2_PLACEMENT_2D('',#9732,#9733);
#9732 = CARTESIAN_POINT('',(0.,0.));
#9733 = DIRECTION('',(1.,0.));
#9734 = ( GEOMETRIC_REPRESENTATION_CONTEXT(2) 
PARAMETRIC_REPRESENTATION_CONTEXT() REPRESENTATION_CONTEXT('2D SPACE',''
  ) );
#9735 = ORIENTED_EDGE('',*,*,#9679,.F.);
#9736 = ORIENTED_EDGE('',*,*,#9737,.T.);
#9737 = EDGE_CURVE('',#9680,#9680,#9738,.T.);
#9738 = SURFACE_CURVE('',#9739,(#9744,#9751),.PCURVE_S1.);
#9739 = CIRCLE('',#9740,19.);
#9740 = AXIS2_PLACEMENT_3D('',#9741,#9742,#9743);
#9741 = CARTESIAN_POINT('',(62.5,0.,1.01278E+03));
#9742 = DIRECTION('',(1.,0.,-0.));
#9743 = DIRECTION('',(0.,0.,1.));
#9744 = PCURVE('',#9690,#9745);
#9745 = DEFINITIONAL_REPRESENTATION('',(#9746),#9750);
#9746 = LINE('',#9747,#9748);
#9747 = CARTESIAN_POINT('',(0.,150.));
#9748 = VECTOR('',#9749,1.);
#9749 = DIRECTION('',(1.,0.));
#9750 = ( GEOMETRIC_REPRESENTATION_CONTEXT(2) 
PARAMETRIC_REPRESENTATION_CONTEXT() REPRESENTATION_CONTEXT('2D SPACE',''
  ) );
#9751 = PCURVE('',#9664,#9752);
#9752 = DEFINITIONAL_REPRESENTATION('',(#9753),#9757);
#9753 = LINE('',#9754,#9755);
#9754 = CARTESIAN_POINT('',(0.,150.));
#9755 = VECTOR('',#9756,1.);
#9756 = DIRECTION('',(1.,0.));
#9757 = ( GEOMETRIC_REPRESENTATION_CONTEXT(2) 
PARAMETRIC_REPRESENTATION_CONTEXT() REPRESENTATION_CONTEXT('2D SPACE',''
  ) );
#9758 = ADVANCED_FACE('',(#9759),#9664,.T.);
#9759 = FACE_BOUND('',#9760,.T.);
#9760 = EDGE_LOOP('',(#9761,#9782,#9783,#9784));
#9761 = ORIENTED_EDGE('',*,*,#9762,.T.);
#9762 = EDGE_CURVE('',#9594,#9680,#9763,.T.);
#9763 = SEAM_CURVE('',#9764,(#9768,#9775),.PCURVE_S1.);
#9764 = LINE('',#9765,#9766);
#9765 = CARTESIAN_POINT('',(-87.5,4.65365783676E-15,1.03178E+03));
#9766 = VECTOR('',#9767,1.);
#9767 = DIRECTION('',(1.,0.,0.));
#9768 = PCURVE('',#9664,#9769);
#9769 = DEFINITIONAL_REPRESENTATION('',(#9770),#9774);
#9770 = LINE('',#9771,#9772);
#9771 = CARTESIAN_POINT('',(6.28318530718,0.));
#9772 = VECTOR('',#9773,1.);
#9773 = DIRECTION('',(0.,1.));
#9774 = ( GEOMETRIC_REPRESENTATION_CONTEXT(2) 
PARAMETRIC_REPRESENTATION_CONTEXT() REPRESENTATION_CONTEXT('2D SPACE',''
  ) );
#9775 = PCURVE('',#9664,#9776);
#9776 = DEFINITIONAL_REPRESENTATION('',(#9777),#9781);
#9777 = LINE('',#9778,#9779);
#9778 = CARTESIAN_POINT('',(4.138911435803E-13,0.));
#9779 = VECTOR('',#9780,1.);
#9780 = DIRECTION('',(0.,1.));
#9781 = ( GEOMETRIC_REPRESENTATION_CONTEXT(2) 
PARAMETRIC_REPRESENTATION_CONTEXT() REPRESENTATION_CONTEXT('2D SPACE',''
  ) );
#9782 = ORIENTED_EDGE('',*,*,#9737,.F.);
#9783 = ORIENTED_EDGE('',*,*,#9762,.F.);
#9784 = ORIENTED_EDGE('',*,*,#9649,.T.);
#9785 = ADVANCED_FACE('',(#9786),#9724,.T.);
#9786 = FACE_BOUND('',#9787,.T.);
#9787 = EDGE_LOOP('',(#9788));
#9788 = ORIENTED_EDGE('',*,*,#9709,.T.);
#9789 = ADVANCED_FACE('',(#9790),#9636,.F.);
#9790 = FACE_BOUND('',#9791,.T.);
#9791 = EDGE_LOOP('',(#9792));
#9792 = ORIENTED_EDGE('',*,*,#9621,.F.);
#9793 = ( GEOMETRIC_REPRESENTATION_CONTEXT(3) 
GLOBAL_UNCERTAINTY_ASSIGNED_CONTEXT((#9797)) 
GLOBAL_UNIT_ASSIGNED_CONTEXT((#9794,#9795,#9796)) REPRESENTATION_CONTEXT
('Context #1','3D Context with UNIT and UNCERTAINTY') );
#9794 = ( LENGTH_UNIT() NAMED_UNIT(*) SI_UNIT(.MILLI.,.METRE.) );
#9795 = ( NAMED_UNIT(*) PLANE_ANGLE_UNIT() SI_UNIT($,.RADIAN.) );
#9796 = ( NAMED_UNIT(*) SI_UNIT($,.STERADIAN.) SOLID_ANGLE_UNIT() );
#9797 = UNCERTAINTY_MEASURE_WITH_UNIT(LENGTH_MEASURE(1.E-07),#9794,
  'distance_accuracy_value','confusion accuracy');
#9798 = CONTEXT_DEPENDENT_SHAPE_REPRESENTATION(#9799,#9801);
#9799 = ( REPRESENTATION_RELATIONSHIP('','',#9584,#10) 
REPRESENTATION_RELATIONSHIP_WITH_TRANSFORMATION(#9800) 
SHAPE_REPRESENTATION_RELATIONSHIP() );
#9800 = ITEM_DEFINED_TRANSFORMATION('','',#11,#19);
#9801 = PRODUCT_DEFINITION_SHAPE('Placement','Placement of an item',
  #9802);
#9802 = NEXT_ASSEMBLY_USAGE_OCCURRENCE('8','SHAFT_300M_CONTINUOUS','',#5
  ,#9579,$);
#9803 = PRODUCT_RELATED_PRODUCT_CATEGORY('part',$,(#9581));
#9804 = SHAPE_DEFINITION_REPRESENTATION(#9805,#9811);
#9805 = PRODUCT_DEFINITION_SHAPE('','',#9806);
#9806 = PRODUCT_DEFINITION('design','',#9807,#9810);
#9807 = PRODUCT_DEFINITION_FORMATION('','',#9808);
#9808 = PRODUCT('BUSHING_LEFT_AMS4640','BUSHING_LEFT_AMS4640','',(#9809)
  );
#9809 = PRODUCT_CONTEXT('',#2,'mechanical');
#9810 = PRODUCT_DEFINITION_CONTEXT('part definition',#2,'design');
#9811 = ADVANCED_BREP_SHAPE_REPRESENTATION('',(#11,#9812),#10348);
#9812 = MANIFOLD_SOLID_BREP('',#9813);
#9813 = CLOSED_SHELL('',(#9814,#9902,#9937,#9991,#10068,#10103,#10159,
    #10213,#10248,#10320));
#9814 = ADVANCED_FACE('',(#9815),#9829,.T.);
#9815 = FACE_BOUND('',#9816,.T.);
#9816 = EDGE_LOOP('',(#9817,#9847,#9874,#9875));
#9817 = ORIENTED_EDGE('',*,*,#9818,.F.);
#9818 = EDGE_CURVE('',#9819,#9821,#9823,.T.);
#9819 = VERTEX_POINT('',#9820);
#9820 = CARTESIAN_POINT('',(-43.6921045499,6.123233995737E-15,
    1.03778E+03));
#9821 = VERTEX_POINT('',#9822);
#9822 = CARTESIAN_POINT('',(-15.1921045499,0.,1.03778E+03));
#9823 = SEAM_CURVE('',#9824,(#9828,#9840),.PCURVE_S1.);
#9824 = LINE('',#9825,#9826);
#9825 = CARTESIAN_POINT('',(-43.6921045499,6.123233995737E-15,
    1.03778E+03));
#9826 = VECTOR('',#9827,1.);
#9827 = DIRECTION('',(1.,0.,0.));
#9828 = PCURVE('',#9829,#9834);
#9829 = CYLINDRICAL_SURFACE('',#9830,25.);
#9830 = AXIS2_PLACEMENT_3D('',#9831,#9832,#9833);
#9831 = CARTESIAN_POINT('',(-43.6921045499,0.,1.01278E+03));
#9832 = DIRECTION('',(1.,0.,0.));
#9833 = DIRECTION('',(0.,0.,1.));
#9834 = DEFINITIONAL_REPRESENTATION('',(#9835),#9839);
#9835 = LINE('',#9836,#9837);
#9836 = CARTESIAN_POINT('',(0.,-0.));
#9837 = VECTOR('',#9838,1.);
#9838 = DIRECTION('',(0.,1.));
#9839 = ( GEOMETRIC_REPRESENTATION_CONTEXT(2) 
PARAMETRIC_REPRESENTATION_CONTEXT() REPRESENTATION_CONTEXT('2D SPACE',''
  ) );
#9840 = PCURVE('',#9829,#9841);
#9841 = DEFINITIONAL_REPRESENTATION('',(#9842),#9846);
#9842 = LINE('',#9843,#9844);
#9843 = CARTESIAN_POINT('',(6.28318530718,-0.));
#9844 = VECTOR('',#9845,1.);
#9845 = DIRECTION('',(0.,1.));
#9846 = ( GEOMETRIC_REPRESENTATION_CONTEXT(2) 
PARAMETRIC_REPRESENTATION_CONTEXT() REPRESENTATION_CONTEXT('2D SPACE',''
  ) );
#9847 = ORIENTED_EDGE('',*,*,#9848,.T.);
#9848 = EDGE_CURVE('',#9819,#9819,#9849,.T.);
#9849 = SURFACE_CURVE('',#9850,(#9855,#9862),.PCURVE_S1.);
#9850 = CIRCLE('',#9851,25.);
#9851 = AXIS2_PLACEMENT_3D('',#9852,#9853,#9854);
#9852 = CARTESIAN_POINT('',(-43.6921045499,0.,1.01278E+03));
#9853 = DIRECTION('',(1.,0.,-0.));
#9854 = DIRECTION('',(0.,0.,1.));
#9855 = PCURVE('',#9829,#9856);
#9856 = DEFINITIONAL_REPRESENTATION('',(#9857),#9861);
#9857 = LINE('',#9858,#9859);
#9858 = CARTESIAN_POINT('',(0.,0.));
#9859 = VECTOR('',#9860,1.);
#9860 = DIRECTION('',(1.,0.));
#9861 = ( GEOMETRIC_REPRESENTATION_CONTEXT(2) 
PARAMETRIC_REPRESENTATION_CONTEXT() REPRESENTATION_CONTEXT('2D SPACE',''
  ) );
#9862 = PCURVE('',#9863,#9868);
#9863 = PLANE('',#9864);
#9864 = AXIS2_PLACEMENT_3D('',#9865,#9866,#9867);
#9865 = CARTESIAN_POINT('',(-43.6921045499,0.,1.01278E+03));
#9866 = DIRECTION('',(1.,0.,0.));
#9867 = DIRECTION('',(0.,0.,1.));
#9868 = DEFINITIONAL_REPRESENTATION('',(#9869),#9873);
#9869 = CIRCLE('',#9870,25.);
#9870 = AXIS2_PLACEMENT_2D('',#9871,#9872);
#9871 = CARTESIAN_POINT('',(0.,0.));
#9872 = DIRECTION('',(1.,0.));
#9873 = ( GEOMETRIC_REPRESENTATION_CONTEXT(2) 
PARAMETRIC_REPRESENTATION_CONTEXT() REPRESENTATION_CONTEXT('2D SPACE',''
  ) );
#9874 = ORIENTED_EDGE('',*,*,#9818,.T.);
#9875 = ORIENTED_EDGE('',*,*,#9876,.F.);
#9876 = EDGE_CURVE('',#9821,#9821,#9877,.T.);
#9877 = SURFACE_CURVE('',#9878,(#9883,#9890),.PCURVE_S1.);
#9878 = CIRCLE('',#9879,25.);
#9879 = AXIS2_PLACEMENT_3D('',#9880,#9881,#9882);
#9880 = CARTESIAN_POINT('',(-15.1921045499,0.,1.01278E+03));
#9881 = DIRECTION('',(1.,0.,-0.));
#9882 = DIRECTION('',(0.,0.,1.));
#9883 = PCURVE('',#9829,#9884);
#9884 = DEFINITIONAL_REPRESENTATION('',(#9885),#9889);
#9885 = LINE('',#9886,#9887);
#9886 = CARTESIAN_POINT('',(0.,28.5));
#9887 = VECTOR('',#9888,1.);
#9888 = DIRECTION('',(1.,0.));
#9889 = ( GEOMETRIC_REPRESENTATION_CONTEXT(2) 
PARAMETRIC_REPRESENTATION_CONTEXT() REPRESENTATION_CONTEXT('2D SPACE',''
  ) );
#9890 = PCURVE('',#9891,#9896);
#9891 = TOROIDAL_SURFACE('',#9892,23.5,1.5);
#9892 = AXIS2_PLACEMENT_3D('',#9893,#9894,#9895);
#9893 = CARTESIAN_POINT('',(-15.1921045499,0.,1.01278E+03));
#9894 = DIRECTION('',(1.,0.,0.));
#9895 = DIRECTION('',(0.,0.,1.));
#9896 = DEFINITIONAL_REPRESENTATION('',(#9897),#9901);
#9897 = LINE('',#9898,#9899);
#9898 = CARTESIAN_POINT('',(0.,0.));
#9899 = VECTOR('',#9900,1.);
#9900 = DIRECTION('',(1.,0.));
#9901 = ( GEOMETRIC_REPRESENTATION_CONTEXT(2) 
PARAMETRIC_REPRESENTATION_CONTEXT() REPRESENTATION_CONTEXT('2D SPACE',''
  ) );
#9902 = ADVANCED_FACE('',(#9903,#9934),#9863,.T.);
#9903 = FACE_BOUND('',#9904,.T.);
#9904 = EDGE_LOOP('',(#9905));
#9905 = ORIENTED_EDGE('',*,*,#9906,.T.);
#9906 = EDGE_CURVE('',#9907,#9907,#9909,.T.);
#9907 = VERTEX_POINT('',#9908);
#9908 = CARTESIAN_POINT('',(-43.6921045499,7.347880794884E-15,
    1.04278E+03));
#9909 = SURFACE_CURVE('',#9910,(#9915,#9922),.PCURVE_S1.);
#9910 = CIRCLE('',#9911,30.);
#9911 = AXIS2_PLACEMENT_3D('',#9912,#9913,#9914);
#9912 = CARTESIAN_POINT('',(-43.6921045499,0.,1.01278E+03));
#9913 = DIRECTION('',(1.,0.,-0.));
#9914 = DIRECTION('',(0.,0.,1.));
#9915 = PCURVE('',#9863,#9916);
#9916 = DEFINITIONAL_REPRESENTATION('',(#9917),#9921);
#9917 = CIRCLE('',#9918,30.);
#9918 = AXIS2_PLACEMENT_2D('',#9919,#9920);
#9919 = CARTESIAN_POINT('',(0.,0.));
#9920 = DIRECTION('',(1.,0.));
#9921 = ( GEOMETRIC_REPRESENTATION_CONTEXT(2) 
PARAMETRIC_REPRESENTATION_CONTEXT() REPRESENTATION_CONTEXT('2D SPACE',''
  ) );
#9922 = PCURVE('',#9923,#9928);
#9923 = CYLINDRICAL_SURFACE('',#9924,30.);
#9924 = AXIS2_PLACEMENT_3D('',#9925,#9926,#9927);
#9925 = CARTESIAN_POINT('',(-46.6921045499,0.,1.01278E+03));
#9926 = DIRECTION('',(1.,0.,0.));
#9927 = DIRECTION('',(0.,0.,1.));
#9928 = DEFINITIONAL_REPRESENTATION('',(#9929),#9933);
#9929 = LINE('',#9930,#9931);
#9930 = CARTESIAN_POINT('',(0.,3.));
#9931 = VECTOR('',#9932,1.);
#9932 = DIRECTION('',(1.,0.));
#9933 = ( GEOMETRIC_REPRESENTATION_CONTEXT(2) 
PARAMETRIC_REPRESENTATION_CONTEXT() REPRESENTATION_CONTEXT('2D SPACE',''
  ) );
#9934 = FACE_BOUND('',#9935,.T.);
#9935 = EDGE_LOOP('',(#9936));
#9936 = ORIENTED_EDGE('',*,*,#9848,.F.);
#9937 = ADVANCED_FACE('',(#9938),#9891,.T.);
#9938 = FACE_BOUND('',#9939,.T.);
#9939 = EDGE_LOOP('',(#9940,#9962,#9963,#9964));
#9940 = ORIENTED_EDGE('',*,*,#9941,.F.);
#9941 = EDGE_CURVE('',#9821,#9942,#9944,.T.);
#9942 = VERTEX_POINT('',#9943);
#9943 = CARTESIAN_POINT('',(-13.6921045499,0.,1.03628E+03));
#9944 = SEAM_CURVE('',#9945,(#9950,#9956),.PCURVE_S1.);
#9945 = CIRCLE('',#9946,1.5);
#9946 = AXIS2_PLACEMENT_3D('',#9947,#9948,#9949);
#9947 = CARTESIAN_POINT('',(-15.1921045499,0.,1.03628E+03));
#9948 = DIRECTION('',(0.,1.,0.));
#9949 = DIRECTION('',(0.,0.,1.));
#9950 = PCURVE('',#9891,#9951);
#9951 = DEFINITIONAL_REPRESENTATION('',(#9952),#9955);
#9952 = B_SPLINE_CURVE_WITH_KNOTS('',1,(#9953,#9954),.UNSPECIFIED.,.F.,
  .F.,(2,2),(0.,1.570796326795),.PIECEWISE_BEZIER_KNOTS.);
#9953 = CARTESIAN_POINT('',(0.,0.));
#9954 = CARTESIAN_POINT('',(0.,1.570796326795));
#9955 = ( GEOMETRIC_REPRESENTATION_CONTEXT(2) 
PARAMETRIC_REPRESENTATION_CONTEXT() REPRESENTATION_CONTEXT('2D SPACE',''
  ) );
#9956 = PCURVE('',#9891,#9957);
#9957 = DEFINITIONAL_REPRESENTATION('',(#9958),#9961);
#9958 = B_SPLINE_CURVE_WITH_KNOTS('',1,(#9959,#9960),.UNSPECIFIED.,.F.,
  .F.,(2,2),(0.,1.570796326795),.PIECEWISE_BEZIER_KNOTS.);
#9959 = CARTESIAN_POINT('',(6.28318530718,0.));
#9960 = CARTESIAN_POINT('',(6.28318530718,1.570796326795));
#9961 = ( GEOMETRIC_REPRESENTATION_CONTEXT(2) 
PARAMETRIC_REPRESENTATION_CONTEXT() REPRESENTATION_CONTEXT('2D SPACE',''
  ) );
#9962 = ORIENTED_EDGE('',*,*,#9876,.T.);
#9963 = ORIENTED_EDGE('',*,*,#9941,.T.);
#9964 = ORIENTED_EDGE('',*,*,#9965,.F.);
#9965 = EDGE_CURVE('',#9942,#9942,#9966,.T.);
#9966 = SURFACE_CURVE('',#9967,(#9972,#9979),.PCURVE_S1.);
#9967 = CIRCLE('',#9968,23.5);
#9968 = AXIS2_PLACEMENT_3D('',#9969,#9970,#9971);
#9969 = CARTESIAN_POINT('',(-13.6921045499,0.,1.01278E+03));
#9970 = DIRECTION('',(1.,0.,-0.));
#9971 = DIRECTION('',(0.,0.,1.));
#9972 = PCURVE('',#9891,#9973);
#9973 = DEFINITIONAL_REPRESENTATION('',(#9974),#9978);
#9974 = LINE('',#9975,#9976);
#9975 = CARTESIAN_POINT('',(0.,1.570796326795));
#9976 = VECTOR('',#9977,1.);
#9977 = DIRECTION('',(1.,0.));
#9978 = ( GEOMETRIC_REPRESENTATION_CONTEXT(2) 
PARAMETRIC_REPRESENTATION_CONTEXT() REPRESENTATION_CONTEXT('2D SPACE',''
  ) );
#9979 = PCURVE('',#9980,#9985);
#9980 = PLANE('',#9981);
#9981 = AXIS2_PLACEMENT_3D('',#9982,#9983,#9984);
#9982 = CARTESIAN_POINT('',(-13.6921045499,0.,1.01278E+03));
#9983 = DIRECTION('',(1.,0.,0.));
#9984 = DIRECTION('',(0.,0.,1.));
#9985 = DEFINITIONAL_REPRESENTATION('',(#9986),#9990);
#9986 = CIRCLE('',#9987,23.5);
#9987 = AXIS2_PLACEMENT_2D('',#9988,#9989);
#9988 = CARTESIAN_POINT('',(0.,0.));
#9989 = DIRECTION('',(1.,0.));
#9990 = ( GEOMETRIC_REPRESENTATION_CONTEXT(2) 
PARAMETRIC_REPRESENTATION_CONTEXT() REPRESENTATION_CONTEXT('2D SPACE',''
  ) );
#9991 = ADVANCED_FACE('',(#9992),#9923,.T.);
#9992 = FACE_BOUND('',#9993,.T.);
#9993 = EDGE_LOOP('',(#9994,#10017,#10018,#10019,#10047));
#9994 = ORIENTED_EDGE('',*,*,#9995,.T.);
#9995 = EDGE_CURVE('',#9996,#9907,#9998,.T.);
#9996 = VERTEX_POINT('',#9997);
#9997 = CARTESIAN_POINT('',(-46.6921045499,7.347880794884E-15,
    1.04278E+03));
#9998 = SEAM_CURVE('',#9999,(#10003,#10010),.PCURVE_S1.);
#9999 = LINE('',#10000,#10001);
#10000 = CARTESIAN_POINT('',(-46.6921045499,7.347880794884E-15,
    1.04278E+03));
#10001 = VECTOR('',#10002,1.);
#10002 = DIRECTION('',(1.,0.,0.));
#10003 = PCURVE('',#9923,#10004);
#10004 = DEFINITIONAL_REPRESENTATION('',(#10005),#10009);
#10005 = LINE('',#10006,#10007);
#10006 = CARTESIAN_POINT('',(6.28318530718,0.));
#10007 = VECTOR('',#10008,1.);
#10008 = DIRECTION('',(0.,1.));
#10009 = ( GEOMETRIC_REPRESENTATION_CONTEXT(2) 
PARAMETRIC_REPRESENTATION_CONTEXT() REPRESENTATION_CONTEXT('2D SPACE',''
  ) );
#10010 = PCURVE('',#9923,#10011);
#10011 = DEFINITIONAL_REPRESENTATION('',(#10012),#10016);
#10012 = LINE('',#10013,#10014);
#10013 = CARTESIAN_POINT('',(4.138911435803E-13,0.));
#10014 = VECTOR('',#10015,1.);
#10015 = DIRECTION('',(0.,1.));
#10016 = ( GEOMETRIC_REPRESENTATION_CONTEXT(2) 
PARAMETRIC_REPRESENTATION_CONTEXT() REPRESENTATION_CONTEXT('2D SPACE',''
  ) );
#10017 = ORIENTED_EDGE('',*,*,#9906,.F.);
#10018 = ORIENTED_EDGE('',*,*,#9995,.F.);
#10019 = ORIENTED_EDGE('',*,*,#10020,.T.);
#10020 = EDGE_CURVE('',#9996,#10021,#10023,.T.);
#10021 = VERTEX_POINT('',#10022);
#10022 = CARTESIAN_POINT('',(-46.6921045499,30.,1.01278E+03));
#10023 = SURFACE_CURVE('',#10024,(#10029,#10036),.PCURVE_S1.);
#10024 = CIRCLE('',#10025,30.);
#10025 = AXIS2_PLACEMENT_3D('',#10026,#10027,#10028);
#10026 = CARTESIAN_POINT('',(-46.6921045499,0.,1.01278E+03));
#10027 = DIRECTION('',(1.,0.,-0.));
#10028 = DIRECTION('',(0.,0.,1.));
#10029 = PCURVE('',#9923,#10030);
#10030 = DEFINITIONAL_REPRESENTATION('',(#10031),#10035);
#10031 = LINE('',#10032,#10033);
#10032 = CARTESIAN_POINT('',(0.,0.));
#10033 = VECTOR('',#10034,1.);
#10034 = DIRECTION('',(1.,0.));
#10035 = ( GEOMETRIC_REPRESENTATION_CONTEXT(2) 
PARAMETRIC_REPRESENTATION_CONTEXT() REPRESENTATION_CONTEXT('2D SPACE',''
  ) );
#10036 = PCURVE('',#10037,#10042);
#10037 = CYLINDRICAL_SURFACE('',#10038,30.);
#10038 = AXIS2_PLACEMENT_3D('',#10039,#10040,#10041);
#10039 = CARTESIAN_POINT('',(-47.1921045499,0.,1.01278E+03));
#10040 = DIRECTION('',(-1.,-0.,-0.));
#10041 = DIRECTION('',(0.,1.,0.));
#10042 = DEFINITIONAL_REPRESENTATION('',(#10043),#10046);
#10043 = B_SPLINE_CURVE_WITH_KNOTS('',1,(#10044,#10045),.UNSPECIFIED.,
  .F.,.F.,(2,2),(0.,4.712388980385),.PIECEWISE_BEZIER_KNOTS.);
#10044 = CARTESIAN_POINT('',(4.712388980385,-0.5));
#10045 = CARTESIAN_POINT('',(-4.138911435803E-13,-0.5));
#10046 = ( GEOMETRIC_REPRESENTATION_CONTEXT(2) 
PARAMETRIC_REPRESENTATION_CONTEXT() REPRESENTATION_CONTEXT('2D SPACE',''
  ) );
#10047 = ORIENTED_EDGE('',*,*,#10048,.T.);
#10048 = EDGE_CURVE('',#10021,#9996,#10049,.T.);
#10049 = SURFACE_CURVE('',#10050,(#10055,#10062),.PCURVE_S1.);
#10050 = CIRCLE('',#10051,30.);
#10051 = AXIS2_PLACEMENT_3D('',#10052,#10053,#10054);
#10052 = CARTESIAN_POINT('',(-46.6921045499,0.,1.01278E+03));
#10053 = DIRECTION('',(1.,0.,-0.));
#10054 = DIRECTION('',(0.,0.,1.));
#10055 = PCURVE('',#9923,#10056);
#10056 = DEFINITIONAL_REPRESENTATION('',(#10057),#10061);
#10057 = LINE('',#10058,#10059);
#10058 = CARTESIAN_POINT('',(0.,0.));
#10059 = VECTOR('',#10060,1.);
#10060 = DIRECTION('',(1.,0.));
#10061 = ( GEOMETRIC_REPRESENTATION_CONTEXT(2) 
PARAMETRIC_REPRESENTATION_CONTEXT() REPRESENTATION_CONTEXT('2D SPACE',''
  ) );
#10062 = PCURVE('',#10037,#10063);
#10063 = DEFINITIONAL_REPRESENTATION('',(#10064),#10067);
#10064 = B_SPLINE_CURVE_WITH_KNOTS('',1,(#10065,#10066),.UNSPECIFIED.,
  .F.,.F.,(2,2),(4.712388980385,6.28318530718),
  .PIECEWISE_BEZIER_KNOTS.);
#10065 = CARTESIAN_POINT('',(6.28318530718,-0.5));
#10066 = CARTESIAN_POINT('',(4.712388980385,-0.5));
#10067 = ( GEOMETRIC_REPRESENTATION_CONTEXT(2) 
PARAMETRIC_REPRESENTATION_CONTEXT() REPRESENTATION_CONTEXT('2D SPACE',''
  ) );
#10068 = ADVANCED_FACE('',(#10069,#10072),#9980,.T.);
#10069 = FACE_BOUND('',#10070,.T.);
#10070 = EDGE_LOOP('',(#10071));
#10071 = ORIENTED_EDGE('',*,*,#9965,.T.);
#10072 = FACE_BOUND('',#10073,.T.);
#10073 = EDGE_LOOP('',(#10074));
#10074 = ORIENTED_EDGE('',*,*,#10075,.F.);
#10075 = EDGE_CURVE('',#10076,#10076,#10078,.T.);
#10076 = VERTEX_POINT('',#10077);
#10077 = CARTESIAN_POINT('',(-13.6921045499,4.65365783676E-15,
    1.03178E+03));
#10078 = SURFACE_CURVE('',#10079,(#10084,#10091),.PCURVE_S1.);
#10079 = CIRCLE('',#10080,19.);
#10080 = AXIS2_PLACEMENT_3D('',#10081,#10082,#10083);
#10081 = CARTESIAN_POINT('',(-13.6921045499,0.,1.01278E+03));
#10082 = DIRECTION('',(1.,0.,-0.));
#10083 = DIRECTION('',(0.,0.,1.));
#10084 = PCURVE('',#9980,#10085);
#10085 = DEFINITIONAL_REPRESENTATION('',(#10086),#10090);
#10086 = CIRCLE('',#10087,19.);
#10087 = AXIS2_PLACEMENT_2D('',#10088,#10089);
#10088 = CARTESIAN_POINT('',(0.,0.));
#10089 = DIRECTION('',(1.,0.));
#10090 = ( GEOMETRIC_REPRESENTATION_CONTEXT(2) 
PARAMETRIC_REPRESENTATION_CONTEXT() REPRESENTATION_CONTEXT('2D SPACE',''
  ) );
#10091 = PCURVE('',#10092,#10097);
#10092 = CYLINDRICAL_SURFACE('',#10093,19.);
#10093 = AXIS2_PLACEMENT_3D('',#10094,#10095,#10096);
#10094 = CARTESIAN_POINT('',(-43.7921045499,0.,1.01278E+03));
#10095 = DIRECTION('',(1.,0.,0.));
#10096 = DIRECTION('',(0.,0.,1.));
#10097 = DEFINITIONAL_REPRESENTATION('',(#10098),#10102);
#10098 = LINE('',#10099,#10100);
#10099 = CARTESIAN_POINT('',(0.,30.1));
#10100 = VECTOR('',#10101,1.);
#10101 = DIRECTION('',(1.,0.));
#10102 = ( GEOMETRIC_REPRESENTATION_CONTEXT(2) 
PARAMETRIC_REPRESENTATION_CONTEXT() REPRESENTATION_CONTEXT('2D SPACE',''
  ) );
#10103 = ADVANCED_FACE('',(#10104),#10037,.T.);
#10104 = FACE_BOUND('',#10105,.T.);
#10105 = EDGE_LOOP('',(#10106,#10129,#10130,#10131,#10132));
#10106 = ORIENTED_EDGE('',*,*,#10107,.T.);
#10107 = EDGE_CURVE('',#10108,#10021,#10110,.T.);
#10108 = VERTEX_POINT('',#10109);
#10109 = CARTESIAN_POINT('',(-47.1921045499,30.,1.01278E+03));
#10110 = SEAM_CURVE('',#10111,(#10115,#10122),.PCURVE_S1.);
#10111 = LINE('',#10112,#10113);
#10112 = CARTESIAN_POINT('',(-47.1921045499,30.,1.01278E+03));
#10113 = VECTOR('',#10114,1.);
#10114 = DIRECTION('',(1.,0.,0.));
#10115 = PCURVE('',#10037,#10116);
#10116 = DEFINITIONAL_REPRESENTATION('',(#10117),#10121);
#10117 = LINE('',#10118,#10119);
#10118 = CARTESIAN_POINT('',(4.138911435803E-13,0.));
#10119 = VECTOR('',#10120,1.);
#10120 = DIRECTION('',(-0.,-1.));
#10121 = ( GEOMETRIC_REPRESENTATION_CONTEXT(2) 
PARAMETRIC_REPRESENTATION_CONTEXT() REPRESENTATION_CONTEXT('2D SPACE',''
  ) );
#10122 = PCURVE('',#10037,#10123);
#10123 = DEFINITIONAL_REPRESENTATION('',(#10124),#10128);
#10124 = LINE('',#10125,#10126);
#10125 = CARTESIAN_POINT('',(6.283185307179,0.));
#10126 = VECTOR('',#10127,1.);
#10127 = DIRECTION('',(-0.,-1.));
#10128 = ( GEOMETRIC_REPRESENTATION_CONTEXT(2) 
PARAMETRIC_REPRESENTATION_CONTEXT() REPRESENTATION_CONTEXT('2D SPACE',''
  ) );
#10129 = ORIENTED_EDGE('',*,*,#10020,.F.);
#10130 = ORIENTED_EDGE('',*,*,#10048,.F.);
#10131 = ORIENTED_EDGE('',*,*,#10107,.F.);
#10132 = ORIENTED_EDGE('',*,*,#10133,.T.);
#10133 = EDGE_CURVE('',#10108,#10108,#10134,.T.);
#10134 = SURFACE_CURVE('',#10135,(#10140,#10147),.PCURVE_S1.);
#10135 = CIRCLE('',#10136,30.);
#10136 = AXIS2_PLACEMENT_3D('',#10137,#10138,#10139);
#10137 = CARTESIAN_POINT('',(-47.1921045499,0.,1.01278E+03));
#10138 = DIRECTION('',(1.,0.,0.));
#10139 = DIRECTION('',(0.,1.,0.));
#10140 = PCURVE('',#10037,#10141);
#10141 = DEFINITIONAL_REPRESENTATION('',(#10142),#10146);
#10142 = LINE('',#10143,#10144);
#10143 = CARTESIAN_POINT('',(6.28318530718,0.));
#10144 = VECTOR('',#10145,1.);
#10145 = DIRECTION('',(-1.,0.));
#10146 = ( GEOMETRIC_REPRESENTATION_CONTEXT(2) 
PARAMETRIC_REPRESENTATION_CONTEXT() REPRESENTATION_CONTEXT('2D SPACE',''
  ) );
#10147 = PCURVE('',#10148,#10153);
#10148 = PLANE('',#10149);
#10149 = AXIS2_PLACEMENT_3D('',#10150,#10151,#10152);
#10150 = CARTESIAN_POINT('',(-47.1921045499,5.834411232168E-15,
    1.01278E+03));
#10151 = DIRECTION('',(1.,0.,0.));
#10152 = DIRECTION('',(0.,0.,1.));
#10153 = DEFINITIONAL_REPRESENTATION('',(#10154),#10158);
#10154 = CIRCLE('',#10155,30.);
#10155 = AXIS2_PLACEMENT_2D('',#10156,#10157);
#10156 = CARTESIAN_POINT('',(0.,5.834411232168E-15));
#10157 = DIRECTION('',(0.,-1.));
#10158 = ( GEOMETRIC_REPRESENTATION_CONTEXT(2) 
PARAMETRIC_REPRESENTATION_CONTEXT() REPRESENTATION_CONTEXT('2D SPACE',''
  ) );
#10159 = ADVANCED_FACE('',(#10160),#10092,.F.);
#10160 = FACE_BOUND('',#10161,.F.);
#10161 = EDGE_LOOP('',(#10162,#10163,#10186,#10212));
#10162 = ORIENTED_EDGE('',*,*,#10075,.F.);
#10163 = ORIENTED_EDGE('',*,*,#10164,.F.);
#10164 = EDGE_CURVE('',#10165,#10076,#10167,.T.);
#10165 = VERTEX_POINT('',#10166);
#10166 = CARTESIAN_POINT('',(-43.6921045499,4.65365783676E-15,
    1.03178E+03));
#10167 = SEAM_CURVE('',#10168,(#10172,#10179),.PCURVE_S1.);
#10168 = LINE('',#10169,#10170);
#10169 = CARTESIAN_POINT('',(-43.7921045499,4.65365783676E-15,
    1.03178E+03));
#10170 = VECTOR('',#10171,1.);
#10171 = DIRECTION('',(1.,0.,0.));
#10172 = PCURVE('',#10092,#10173);
#10173 = DEFINITIONAL_REPRESENTATION('',(#10174),#10178);
#10174 = LINE('',#10175,#10176);
#10175 = CARTESIAN_POINT('',(0.,-0.));
#10176 = VECTOR('',#10177,1.);
#10177 = DIRECTION('',(0.,1.));
#10178 = ( GEOMETRIC_REPRESENTATION_CONTEXT(2) 
PARAMETRIC_REPRESENTATION_CONTEXT() REPRESENTATION_CONTEXT('2D SPACE',''
  ) );
#10179 = PCURVE('',#10092,#10180);
#10180 = DEFINITIONAL_REPRESENTATION('',(#10181),#10185);
#10181 = LINE('',#10182,#10183);
#10182 = CARTESIAN_POINT('',(6.28318530718,-0.));
#10183 = VECTOR('',#10184,1.);
#10184 = DIRECTION('',(0.,1.));
#10185 = ( GEOMETRIC_REPRESENTATION_CONTEXT(2) 
PARAMETRIC_REPRESENTATION_CONTEXT() REPRESENTATION_CONTEXT('2D SPACE',''
  ) );
#10186 = ORIENTED_EDGE('',*,*,#10187,.T.);
#10187 = EDGE_CURVE('',#10165,#10165,#10188,.T.);
#10188 = SURFACE_CURVE('',#10189,(#10194,#10201),.PCURVE_S1.);
#10189 = CIRCLE('',#10190,19.);
#10190 = AXIS2_PLACEMENT_3D('',#10191,#10192,#10193);
#10191 = CARTESIAN_POINT('',(-43.6921045499,0.,1.01278E+03));
#10192 = DIRECTION('',(1.,0.,-0.));
#10193 = DIRECTION('',(0.,0.,1.));
#10194 = PCURVE('',#10092,#10195);
#10195 = DEFINITIONAL_REPRESENTATION('',(#10196),#10200);
#10196 = LINE('',#10197,#10198);
#10197 = CARTESIAN_POINT('',(0.,0.1));
#10198 = VECTOR('',#10199,1.);
#10199 = DIRECTION('',(1.,0.));
#10200 = ( GEOMETRIC_REPRESENTATION_CONTEXT(2) 
PARAMETRIC_REPRESENTATION_CONTEXT() REPRESENTATION_CONTEXT('2D SPACE',''
  ) );
#10201 = PCURVE('',#10202,#10207);
#10202 = CYLINDRICAL_SURFACE('',#10203,19.);
#10203 = AXIS2_PLACEMENT_3D('',#10204,#10205,#10206);
#10204 = CARTESIAN_POINT('',(-46.7921045499,0.,1.01278E+03));
#10205 = DIRECTION('',(1.,0.,0.));
#10206 = DIRECTION('',(0.,0.,1.));
#10207 = DEFINITIONAL_REPRESENTATION('',(#10208),#10211);
#10208 = B_SPLINE_CURVE_WITH_KNOTS('',1,(#10209,#10210),.UNSPECIFIED.,
  .F.,.F.,(2,2),(0.,6.28318530718),.PIECEWISE_BEZIER_KNOTS.);
#10209 = CARTESIAN_POINT('',(0.,3.1));
#10210 = CARTESIAN_POINT('',(6.28318530718,3.1));
#10211 = ( GEOMETRIC_REPRESENTATION_CONTEXT(2) 
PARAMETRIC_REPRESENTATION_CONTEXT() REPRESENTATION_CONTEXT('2D SPACE',''
  ) );
#10212 = ORIENTED_EDGE('',*,*,#10164,.T.);
#10213 = ADVANCED_FACE('',(#10214,#10217),#10148,.F.);
#10214 = FACE_BOUND('',#10215,.F.);
#10215 = EDGE_LOOP('',(#10216));
#10216 = ORIENTED_EDGE('',*,*,#10133,.T.);
#10217 = FACE_BOUND('',#10218,.F.);
#10218 = EDGE_LOOP('',(#10219));
#10219 = ORIENTED_EDGE('',*,*,#10220,.F.);
#10220 = EDGE_CURVE('',#10221,#10221,#10223,.T.);
#10221 = VERTEX_POINT('',#10222);
#10222 = CARTESIAN_POINT('',(-47.1921045499,19.,1.01278E+03));
#10223 = SURFACE_CURVE('',#10224,(#10229,#10236),.PCURVE_S1.);
#10224 = CIRCLE('',#10225,19.);
#10225 = AXIS2_PLACEMENT_3D('',#10226,#10227,#10228);
#10226 = CARTESIAN_POINT('',(-47.1921045499,1.402137665233E-13,
    1.01278E+03));
#10227 = DIRECTION('',(1.,0.,0.));
#10228 = DIRECTION('',(0.,1.,0.));
#10229 = PCURVE('',#10148,#10230);
#10230 = DEFINITIONAL_REPRESENTATION('',(#10231),#10235);
#10231 = CIRCLE('',#10232,19.);
#10232 = AXIS2_PLACEMENT_2D('',#10233,#10234);
#10233 = CARTESIAN_POINT('',(0.,-1.343793552911E-13));
#10234 = DIRECTION('',(0.,-1.));
#10235 = ( GEOMETRIC_REPRESENTATION_CONTEXT(2) 
PARAMETRIC_REPRESENTATION_CONTEXT() REPRESENTATION_CONTEXT('2D SPACE',''
  ) );
#10236 = PCURVE('',#10237,#10242);
#10237 = CYLINDRICAL_SURFACE('',#10238,19.);
#10238 = AXIS2_PLACEMENT_3D('',#10239,#10240,#10241);
#10239 = CARTESIAN_POINT('',(-47.1921045499,1.402137665233E-13,
    1.01278E+03));
#10240 = DIRECTION('',(-1.,-0.,-0.));
#10241 = DIRECTION('',(0.,1.,0.));
#10242 = DEFINITIONAL_REPRESENTATION('',(#10243),#10247);
#10243 = LINE('',#10244,#10245);
#10244 = CARTESIAN_POINT('',(6.28318530718,0.));
#10245 = VECTOR('',#10246,1.);
#10246 = DIRECTION('',(-1.,0.));
#10247 = ( GEOMETRIC_REPRESENTATION_CONTEXT(2) 
PARAMETRIC_REPRESENTATION_CONTEXT() REPRESENTATION_CONTEXT('2D SPACE',''
  ) );
#10248 = ADVANCED_FACE('',(#10249),#10202,.F.);
#10249 = FACE_BOUND('',#10250,.F.);
#10250 = EDGE_LOOP('',(#10251,#10274,#10275,#10276,#10299));
#10251 = ORIENTED_EDGE('',*,*,#10252,.T.);
#10252 = EDGE_CURVE('',#10253,#10165,#10255,.T.);
#10253 = VERTEX_POINT('',#10254);
#10254 = CARTESIAN_POINT('',(-46.6921045499,4.65365783676E-15,
    1.03178E+03));
#10255 = SEAM_CURVE('',#10256,(#10260,#10267),.PCURVE_S1.);
#10256 = LINE('',#10257,#10258);
#10257 = CARTESIAN_POINT('',(-46.7921045499,4.65365783676E-15,
    1.03178E+03));
#10258 = VECTOR('',#10259,1.);
#10259 = DIRECTION('',(1.,0.,0.));
#10260 = PCURVE('',#10202,#10261);
#10261 = DEFINITIONAL_REPRESENTATION('',(#10262),#10266);
#10262 = LINE('',#10263,#10264);
#10263 = CARTESIAN_POINT('',(6.28318530718,0.));
#10264 = VECTOR('',#10265,1.);
#10265 = DIRECTION('',(0.,1.));
#10266 = ( GEOMETRIC_REPRESENTATION_CONTEXT(2) 
PARAMETRIC_REPRESENTATION_CONTEXT() REPRESENTATION_CONTEXT('2D SPACE',''
  ) );
#10267 = PCURVE('',#10202,#10268);
#10268 = DEFINITIONAL_REPRESENTATION('',(#10269),#10273);
#10269 = LINE('',#10270,#10271);
#10270 = CARTESIAN_POINT('',(4.138911435803E-13,0.));
#10271 = VECTOR('',#10272,1.);
#10272 = DIRECTION('',(0.,1.));
#10273 = ( GEOMETRIC_REPRESENTATION_CONTEXT(2) 
PARAMETRIC_REPRESENTATION_CONTEXT() REPRESENTATION_CONTEXT('2D SPACE',''
  ) );
#10274 = ORIENTED_EDGE('',*,*,#10187,.F.);
#10275 = ORIENTED_EDGE('',*,*,#10252,.F.);
#10276 = ORIENTED_EDGE('',*,*,#10277,.T.);
#10277 = EDGE_CURVE('',#10253,#10278,#10280,.T.);
#10278 = VERTEX_POINT('',#10279);
#10279 = CARTESIAN_POINT('',(-46.6921045499,19.,1.01278E+03));
#10280 = SURFACE_CURVE('',#10281,(#10286,#10293),.PCURVE_S1.);
#10281 = CIRCLE('',#10282,19.);
#10282 = AXIS2_PLACEMENT_3D('',#10283,#10284,#10285);
#10283 = CARTESIAN_POINT('',(-46.6921045499,0.,1.01278E+03));
#10284 = DIRECTION('',(1.,0.,-0.));
#10285 = DIRECTION('',(0.,0.,1.));
#10286 = PCURVE('',#10202,#10287);
#10287 = DEFINITIONAL_REPRESENTATION('',(#10288),#10292);
#10288 = LINE('',#10289,#10290);
#10289 = CARTESIAN_POINT('',(0.,0.1));
#10290 = VECTOR('',#10291,1.);
#10291 = DIRECTION('',(1.,0.));
#10292 = ( GEOMETRIC_REPRESENTATION_CONTEXT(2) 
PARAMETRIC_REPRESENTATION_CONTEXT() REPRESENTATION_CONTEXT('2D SPACE',''
  ) );
#10293 = PCURVE('',#10237,#10294);
#10294 = DEFINITIONAL_REPRESENTATION('',(#10295),#10298);
#10295 = B_SPLINE_CURVE_WITH_KNOTS('',1,(#10296,#10297),.UNSPECIFIED.,
  .F.,.F.,(2,2),(0.,4.712388980385),.PIECEWISE_BEZIER_KNOTS.);
#10296 = CARTESIAN_POINT('',(4.712388980385,-0.5));
#10297 = CARTESIAN_POINT('',(-4.138911435803E-13,-0.5));
#10298 = ( GEOMETRIC_REPRESENTATION_CONTEXT(2) 
PARAMETRIC_REPRESENTATION_CONTEXT() REPRESENTATION_CONTEXT('2D SPACE',''
  ) );
#10299 = ORIENTED_EDGE('',*,*,#10300,.T.);
#10300 = EDGE_CURVE('',#10278,#10253,#10301,.T.);
#10301 = SURFACE_CURVE('',#10302,(#10307,#10314),.PCURVE_S1.);
#10302 = CIRCLE('',#10303,19.);
#10303 = AXIS2_PLACEMENT_3D('',#10304,#10305,#10306);
#10304 = CARTESIAN_POINT('',(-46.6921045499,0.,1.01278E+03));
#10305 = DIRECTION('',(1.,0.,-0.));
#10306 = DIRECTION('',(0.,0.,1.));
#10307 = PCURVE('',#10202,#10308);
#10308 = DEFINITIONAL_REPRESENTATION('',(#10309),#10313);
#10309 = LINE('',#10310,#10311);
#10310 = CARTESIAN_POINT('',(0.,0.1));
#10311 = VECTOR('',#10312,1.);
#10312 = DIRECTION('',(1.,0.));
#10313 = ( GEOMETRIC_REPRESENTATION_CONTEXT(2) 
PARAMETRIC_REPRESENTATION_CONTEXT() REPRESENTATION_CONTEXT('2D SPACE',''
  ) );
#10314 = PCURVE('',#10237,#10315);
#10315 = DEFINITIONAL_REPRESENTATION('',(#10316),#10319);
#10316 = B_SPLINE_CURVE_WITH_KNOTS('',1,(#10317,#10318),.UNSPECIFIED.,
  .F.,.F.,(2,2),(4.712388980385,6.28318530718),
  .PIECEWISE_BEZIER_KNOTS.);
#10317 = CARTESIAN_POINT('',(6.28318530718,-0.5));
#10318 = CARTESIAN_POINT('',(4.712388980385,-0.5));
#10319 = ( GEOMETRIC_REPRESENTATION_CONTEXT(2) 
PARAMETRIC_REPRESENTATION_CONTEXT() REPRESENTATION_CONTEXT('2D SPACE',''
  ) );
#10320 = ADVANCED_FACE('',(#10321),#10237,.F.);
#10321 = FACE_BOUND('',#10322,.F.);
#10322 = EDGE_LOOP('',(#10323,#10344,#10345,#10346,#10347));
#10323 = ORIENTED_EDGE('',*,*,#10324,.T.);
#10324 = EDGE_CURVE('',#10221,#10278,#10325,.T.);
#10325 = SEAM_CURVE('',#10326,(#10330,#10337),.PCURVE_S1.);
#10326 = LINE('',#10327,#10328);
#10327 = CARTESIAN_POINT('',(-47.1921045499,19.,1.01278E+03));
#10328 = VECTOR('',#10329,1.);
#10329 = DIRECTION('',(1.,0.,0.));
#10330 = PCURVE('',#10237,#10331);
#10331 = DEFINITIONAL_REPRESENTATION('',(#10332),#10336);
#10332 = LINE('',#10333,#10334);
#10333 = CARTESIAN_POINT('',(4.138911435803E-13,0.));
#10334 = VECTOR('',#10335,1.);
#10335 = DIRECTION('',(-0.,-1.));
#10336 = ( GEOMETRIC_REPRESENTATION_CONTEXT(2) 
PARAMETRIC_REPRESENTATION_CONTEXT() REPRESENTATION_CONTEXT('2D SPACE',''
  ) );
#10337 = PCURVE('',#10237,#10338);
#10338 = DEFINITIONAL_REPRESENTATION('',(#10339),#10343);
#10339 = LINE('',#10340,#10341);
#10340 = CARTESIAN_POINT('',(6.283185307179,0.));
#10341 = VECTOR('',#10342,1.);
#10342 = DIRECTION('',(-0.,-1.));
#10343 = ( GEOMETRIC_REPRESENTATION_CONTEXT(2) 
PARAMETRIC_REPRESENTATION_CONTEXT() REPRESENTATION_CONTEXT('2D SPACE',''
  ) );
#10344 = ORIENTED_EDGE('',*,*,#10277,.F.);
#10345 = ORIENTED_EDGE('',*,*,#10300,.F.);
#10346 = ORIENTED_EDGE('',*,*,#10324,.F.);
#10347 = ORIENTED_EDGE('',*,*,#10220,.T.);
#10348 = ( GEOMETRIC_REPRESENTATION_CONTEXT(3) 
GLOBAL_UNCERTAINTY_ASSIGNED_CONTEXT((#10352)) 
GLOBAL_UNIT_ASSIGNED_CONTEXT((#10349,#10350,#10351)) 
REPRESENTATION_CONTEXT('Context #1',
  '3D Context with UNIT and UNCERTAINTY') );
#10349 = ( LENGTH_UNIT() NAMED_UNIT(*) SI_UNIT(.MILLI.,.METRE.) );
#10350 = ( NAMED_UNIT(*) PLANE_ANGLE_UNIT() SI_UNIT($,.RADIAN.) );
#10351 = ( NAMED_UNIT(*) SI_UNIT($,.STERADIAN.) SOLID_ANGLE_UNIT() );
#10352 = UNCERTAINTY_MEASURE_WITH_UNIT(LENGTH_MEASURE(5.E-07),#10349,
  'distance_accuracy_value','confusion accuracy');
#10353 = CONTEXT_DEPENDENT_SHAPE_REPRESENTATION(#10354,#10356);
#10354 = ( REPRESENTATION_RELATIONSHIP('','',#9811,#10) 
REPRESENTATION_RELATIONSHIP_WITH_TRANSFORMATION(#10355) 
SHAPE_REPRESENTATION_RELATIONSHIP() );
#10355 = ITEM_DEFINED_TRANSFORMATION('','',#11,#23);
#10356 = PRODUCT_DEFINITION_SHAPE('Placement','Placement of an item',
  #10357);
#10357 = NEXT_ASSEMBLY_USAGE_OCCURRENCE('9','BUSHING_LEFT_AMS4640','',#5
  ,#9806,$);
#10358 = PRODUCT_RELATED_PRODUCT_CATEGORY('part',$,(#9808));
#10359 = SHAPE_DEFINITION_REPRESENTATION(#10360,#10366);
#10360 = PRODUCT_DEFINITION_SHAPE('','',#10361);
#10361 = PRODUCT_DEFINITION('design','',#10362,#10365);
#10362 = PRODUCT_DEFINITION_FORMATION('','',#10363);
#10363 = PRODUCT('BUSHING_RIGHT_AMS4640','BUSHING_RIGHT_AMS4640','',(
    #10364));
#10364 = PRODUCT_CONTEXT('',#2,'mechanical');
#10365 = PRODUCT_DEFINITION_CONTEXT('part definition',#2,'design');
#10366 = ADVANCED_BREP_SHAPE_REPRESENTATION('',(#11,#10367),#10693);
#10367 = MANIFOLD_SOLID_BREP('',#10368);
#10368 = CLOSED_SHELL('',(#10369,#10457,#10492,#10527,#10582,#10636,
    #10666));
#10369 = ADVANCED_FACE('',(#10370),#10383,.T.);
#10370 = FACE_BOUND('',#10371,.T.);
#10371 = EDGE_LOOP('',(#10372,#10406,#10429,#10456));
#10372 = ORIENTED_EDGE('',*,*,#10373,.F.);
#10373 = EDGE_CURVE('',#10374,#10374,#10376,.T.);
#10374 = VERTEX_POINT('',#10375);
#10375 = CARTESIAN_POINT('',(43.692104549907,6.123233995737E-15,
    1.03778E+03));
#10376 = SURFACE_CURVE('',#10377,(#10382,#10394),.PCURVE_S1.);
#10377 = CIRCLE('',#10378,25.);
#10378 = AXIS2_PLACEMENT_3D('',#10379,#10380,#10381);
#10379 = CARTESIAN_POINT('',(43.692104549907,0.,1.01278E+03));
#10380 = DIRECTION('',(1.,0.,-0.));
#10381 = DIRECTION('',(0.,0.,1.));
#10382 = PCURVE('',#10383,#10388);
#10383 = CYLINDRICAL_SURFACE('',#10384,25.);
#10384 = AXIS2_PLACEMENT_3D('',#10385,#10386,#10387);
#10385 = CARTESIAN_POINT('',(13.692104549907,0.,1.01278E+03));
#10386 = DIRECTION('',(1.,0.,0.));
#10387 = DIRECTION('',(0.,0.,1.));
#10388 = DEFINITIONAL_REPRESENTATION('',(#10389),#10393);
#10389 = LINE('',#10390,#10391);
#10390 = CARTESIAN_POINT('',(0.,30.));
#10391 = VECTOR('',#10392,1.);
#10392 = DIRECTION('',(1.,0.));
#10393 = ( GEOMETRIC_REPRESENTATION_CONTEXT(2) 
PARAMETRIC_REPRESENTATION_CONTEXT() REPRESENTATION_CONTEXT('2D SPACE',''
  ) );
#10394 = PCURVE('',#10395,#10400);
#10395 = PLANE('',#10396);
#10396 = AXIS2_PLACEMENT_3D('',#10397,#10398,#10399);
#10397 = CARTESIAN_POINT('',(43.692104549907,0.,1.01278E+03));
#10398 = DIRECTION('',(1.,0.,0.));
#10399 = DIRECTION('',(0.,0.,1.));
#10400 = DEFINITIONAL_REPRESENTATION('',(#10401),#10405);
#10401 = CIRCLE('',#10402,25.);
#10402 = AXIS2_PLACEMENT_2D('',#10403,#10404);
#10403 = CARTESIAN_POINT('',(0.,0.));
#10404 = DIRECTION('',(1.,0.));
#10405 = ( GEOMETRIC_REPRESENTATION_CONTEXT(2) 
PARAMETRIC_REPRESENTATION_CONTEXT() REPRESENTATION_CONTEXT('2D SPACE',''
  ) );
#10406 = ORIENTED_EDGE('',*,*,#10407,.F.);
#10407 = EDGE_CURVE('',#10408,#10374,#10410,.T.);
#10408 = VERTEX_POINT('',#10409);
#10409 = CARTESIAN_POINT('',(13.692104549907,6.123233995737E-15,
    1.03778E+03));
#10410 = SEAM_CURVE('',#10411,(#10415,#10422),.PCURVE_S1.);
#10411 = LINE('',#10412,#10413);
#10412 = CARTESIAN_POINT('',(13.692104549907,6.123233995737E-15,
    1.03778E+03));
#10413 = VECTOR('',#10414,1.);
#10414 = DIRECTION('',(1.,0.,0.));
#10415 = PCURVE('',#10383,#10416);
#10416 = DEFINITIONAL_REPRESENTATION('',(#10417),#10421);
#10417 = LINE('',#10418,#10419);
#10418 = CARTESIAN_POINT('',(0.,-0.));
#10419 = VECTOR('',#10420,1.);
#10420 = DIRECTION('',(0.,1.));
#10421 = ( GEOMETRIC_REPRESENTATION_CONTEXT(2) 
PARAMETRIC_REPRESENTATION_CONTEXT() REPRESENTATION_CONTEXT('2D SPACE',''
  ) );
#10422 = PCURVE('',#10383,#10423);
#10423 = DEFINITIONAL_REPRESENTATION('',(#10424),#10428);
#10424 = LINE('',#10425,#10426);
#10425 = CARTESIAN_POINT('',(6.28318530718,-0.));
#10426 = VECTOR('',#10427,1.);
#10427 = DIRECTION('',(0.,1.));
#10428 = ( GEOMETRIC_REPRESENTATION_CONTEXT(2) 
PARAMETRIC_REPRESENTATION_CONTEXT() REPRESENTATION_CONTEXT('2D SPACE',''
  ) );
#10429 = ORIENTED_EDGE('',*,*,#10430,.T.);
#10430 = EDGE_CURVE('',#10408,#10408,#10431,.T.);
#10431 = SURFACE_CURVE('',#10432,(#10437,#10444),.PCURVE_S1.);
#10432 = CIRCLE('',#10433,25.);
#10433 = AXIS2_PLACEMENT_3D('',#10434,#10435,#10436);
#10434 = CARTESIAN_POINT('',(13.692104549907,0.,1.01278E+03));
#10435 = DIRECTION('',(1.,0.,-0.));
#10436 = DIRECTION('',(0.,0.,1.));
#10437 = PCURVE('',#10383,#10438);
#10438 = DEFINITIONAL_REPRESENTATION('',(#10439),#10443);
#10439 = LINE('',#10440,#10441);
#10440 = CARTESIAN_POINT('',(0.,0.));
#10441 = VECTOR('',#10442,1.);
#10442 = DIRECTION('',(1.,0.));
#10443 = ( GEOMETRIC_REPRESENTATION_CONTEXT(2) 
PARAMETRIC_REPRESENTATION_CONTEXT() REPRESENTATION_CONTEXT('2D SPACE',''
  ) );
#10444 = PCURVE('',#10445,#10450);
#10445 = PLANE('',#10446);
#10446 = AXIS2_PLACEMENT_3D('',#10447,#10448,#10449);
#10447 = CARTESIAN_POINT('',(13.692104549907,0.,1.01278E+03));
#10448 = DIRECTION('',(1.,0.,0.));
#10449 = DIRECTION('',(0.,0.,1.));
#10450 = DEFINITIONAL_REPRESENTATION('',(#10451),#10455);
#10451 = CIRCLE('',#10452,25.);
#10452 = AXIS2_PLACEMENT_2D('',#10453,#10454);
#10453 = CARTESIAN_POINT('',(0.,0.));
#10454 = DIRECTION('',(1.,0.));
#10455 = ( GEOMETRIC_REPRESENTATION_CONTEXT(2) 
PARAMETRIC_REPRESENTATION_CONTEXT() REPRESENTATION_CONTEXT('2D SPACE',''
  ) );
#10456 = ORIENTED_EDGE('',*,*,#10407,.T.);
#10457 = ADVANCED_FACE('',(#10458,#10489),#10395,.F.);
#10458 = FACE_BOUND('',#10459,.F.);
#10459 = EDGE_LOOP('',(#10460));
#10460 = ORIENTED_EDGE('',*,*,#10461,.T.);
#10461 = EDGE_CURVE('',#10462,#10462,#10464,.T.);
#10462 = VERTEX_POINT('',#10463);
#10463 = CARTESIAN_POINT('',(43.692104549907,7.347880794884E-15,
    1.04278E+03));
#10464 = SURFACE_CURVE('',#10465,(#10470,#10477),.PCURVE_S1.);
#10465 = CIRCLE('',#10466,30.);
#10466 = AXIS2_PLACEMENT_3D('',#10467,#10468,#10469);
#10467 = CARTESIAN_POINT('',(43.692104549907,0.,1.01278E+03));
#10468 = DIRECTION('',(1.,0.,-0.));
#10469 = DIRECTION('',(0.,0.,1.));
#10470 = PCURVE('',#10395,#10471);
#10471 = DEFINITIONAL_REPRESENTATION('',(#10472),#10476);
#10472 = CIRCLE('',#10473,30.);
#10473 = AXIS2_PLACEMENT_2D('',#10474,#10475);
#10474 = CARTESIAN_POINT('',(0.,0.));
#10475 = DIRECTION('',(1.,0.));
#10476 = ( GEOMETRIC_REPRESENTATION_CONTEXT(2) 
PARAMETRIC_REPRESENTATION_CONTEXT() REPRESENTATION_CONTEXT('2D SPACE',''
  ) );
#10477 = PCURVE('',#10478,#10483);
#10478 = CYLINDRICAL_SURFACE('',#10479,30.);
#10479 = AXIS2_PLACEMENT_3D('',#10480,#10481,#10482);
#10480 = CARTESIAN_POINT('',(43.692104549907,0.,1.01278E+03));
#10481 = DIRECTION('',(1.,0.,0.));
#10482 = DIRECTION('',(0.,0.,1.));
#10483 = DEFINITIONAL_REPRESENTATION('',(#10484),#10488);
#10484 = LINE('',#10485,#10486);
#10485 = CARTESIAN_POINT('',(0.,0.));
#10486 = VECTOR('',#10487,1.);
#10487 = DIRECTION('',(1.,0.));
#10488 = ( GEOMETRIC_REPRESENTATION_CONTEXT(2) 
PARAMETRIC_REPRESENTATION_CONTEXT() REPRESENTATION_CONTEXT('2D SPACE',''
  ) );
#10489 = FACE_BOUND('',#10490,.F.);
#10490 = EDGE_LOOP('',(#10491));
#10491 = ORIENTED_EDGE('',*,*,#10373,.F.);
#10492 = ADVANCED_FACE('',(#10493,#10496),#10445,.F.);
#10493 = FACE_BOUND('',#10494,.F.);
#10494 = EDGE_LOOP('',(#10495));
#10495 = ORIENTED_EDGE('',*,*,#10430,.T.);
#10496 = FACE_BOUND('',#10497,.F.);
#10497 = EDGE_LOOP('',(#10498));
#10498 = ORIENTED_EDGE('',*,*,#10499,.F.);
#10499 = EDGE_CURVE('',#10500,#10500,#10502,.T.);
#10500 = VERTEX_POINT('',#10501);
#10501 = CARTESIAN_POINT('',(13.692104549907,4.65365783676E-15,
    1.03178E+03));
#10502 = SURFACE_CURVE('',#10503,(#10508,#10515),.PCURVE_S1.);
#10503 = CIRCLE('',#10504,19.);
#10504 = AXIS2_PLACEMENT_3D('',#10505,#10506,#10507);
#10505 = CARTESIAN_POINT('',(13.692104549907,0.,1.01278E+03));
#10506 = DIRECTION('',(1.,0.,-0.));
#10507 = DIRECTION('',(0.,0.,1.));
#10508 = PCURVE('',#10445,#10509);
#10509 = DEFINITIONAL_REPRESENTATION('',(#10510),#10514);
#10510 = CIRCLE('',#10511,19.);
#10511 = AXIS2_PLACEMENT_2D('',#10512,#10513);
#10512 = CARTESIAN_POINT('',(0.,0.));
#10513 = DIRECTION('',(1.,0.));
#10514 = ( GEOMETRIC_REPRESENTATION_CONTEXT(2) 
PARAMETRIC_REPRESENTATION_CONTEXT() REPRESENTATION_CONTEXT('2D SPACE',''
  ) );
#10515 = PCURVE('',#10516,#10521);
#10516 = CYLINDRICAL_SURFACE('',#10517,19.);
#10517 = AXIS2_PLACEMENT_3D('',#10518,#10519,#10520);
#10518 = CARTESIAN_POINT('',(13.592104549907,0.,1.01278E+03));
#10519 = DIRECTION('',(1.,0.,0.));
#10520 = DIRECTION('',(0.,0.,1.));
#10521 = DEFINITIONAL_REPRESENTATION('',(#10522),#10526);
#10522 = LINE('',#10523,#10524);
#10523 = CARTESIAN_POINT('',(0.,0.1));
#10524 = VECTOR('',#10525,1.);
#10525 = DIRECTION('',(1.,0.));
#10526 = ( GEOMETRIC_REPRESENTATION_CONTEXT(2) 
PARAMETRIC_REPRESENTATION_CONTEXT() REPRESENTATION_CONTEXT('2D SPACE',''
  ) );
#10527 = ADVANCED_FACE('',(#10528),#10478,.T.);
#10528 = FACE_BOUND('',#10529,.T.);
#10529 = EDGE_LOOP('',(#10530,#10559,#10580,#10581));
#10530 = ORIENTED_EDGE('',*,*,#10531,.F.);
#10531 = EDGE_CURVE('',#10532,#10532,#10534,.T.);
#10532 = VERTEX_POINT('',#10533);
#10533 = CARTESIAN_POINT('',(46.692104549907,7.347880794884E-15,
    1.04278E+03));
#10534 = SURFACE_CURVE('',#10535,(#10540,#10547),.PCURVE_S1.);
#10535 = CIRCLE('',#10536,30.);
#10536 = AXIS2_PLACEMENT_3D('',#10537,#10538,#10539);
#10537 = CARTESIAN_POINT('',(46.692104549907,0.,1.01278E+03));
#10538 = DIRECTION('',(1.,0.,-0.));
#10539 = DIRECTION('',(0.,0.,1.));
#10540 = PCURVE('',#10478,#10541);
#10541 = DEFINITIONAL_REPRESENTATION('',(#10542),#10546);
#10542 = LINE('',#10543,#10544);
#10543 = CARTESIAN_POINT('',(0.,3.));
#10544 = VECTOR('',#10545,1.);
#10545 = DIRECTION('',(1.,0.));
#10546 = ( GEOMETRIC_REPRESENTATION_CONTEXT(2) 
PARAMETRIC_REPRESENTATION_CONTEXT() REPRESENTATION_CONTEXT('2D SPACE',''
  ) );
#10547 = PCURVE('',#10548,#10553);
#10548 = PLANE('',#10549);
#10549 = AXIS2_PLACEMENT_3D('',#10550,#10551,#10552);
#10550 = CARTESIAN_POINT('',(46.692104549907,0.,1.01278E+03));
#10551 = DIRECTION('',(1.,0.,0.));
#10552 = DIRECTION('',(0.,0.,1.));
#10553 = DEFINITIONAL_REPRESENTATION('',(#10554),#10558);
#10554 = CIRCLE('',#10555,30.);
#10555 = AXIS2_PLACEMENT_2D('',#10556,#10557);
#10556 = CARTESIAN_POINT('',(0.,0.));
#10557 = DIRECTION('',(1.,0.));
#10558 = ( GEOMETRIC_REPRESENTATION_CONTEXT(2) 
PARAMETRIC_REPRESENTATION_CONTEXT() REPRESENTATION_CONTEXT('2D SPACE',''
  ) );
#10559 = ORIENTED_EDGE('',*,*,#10560,.F.);
#10560 = EDGE_CURVE('',#10462,#10532,#10561,.T.);
#10561 = SEAM_CURVE('',#10562,(#10566,#10573),.PCURVE_S1.);
#10562 = LINE('',#10563,#10564);
#10563 = CARTESIAN_POINT('',(43.692104549907,7.347880794884E-15,
    1.04278E+03));
#10564 = VECTOR('',#10565,1.);
#10565 = DIRECTION('',(1.,0.,0.));
#10566 = PCURVE('',#10478,#10567);
#10567 = DEFINITIONAL_REPRESENTATION('',(#10568),#10572);
#10568 = LINE('',#10569,#10570);
#10569 = CARTESIAN_POINT('',(0.,-0.));
#10570 = VECTOR('',#10571,1.);
#10571 = DIRECTION('',(0.,1.));
#10572 = ( GEOMETRIC_REPRESENTATION_CONTEXT(2) 
PARAMETRIC_REPRESENTATION_CONTEXT() REPRESENTATION_CONTEXT('2D SPACE',''
  ) );
#10573 = PCURVE('',#10478,#10574);
#10574 = DEFINITIONAL_REPRESENTATION('',(#10575),#10579);
#10575 = LINE('',#10576,#10577);
#10576 = CARTESIAN_POINT('',(6.28318530718,-0.));
#10577 = VECTOR('',#10578,1.);
#10578 = DIRECTION('',(0.,1.));
#10579 = ( GEOMETRIC_REPRESENTATION_CONTEXT(2) 
PARAMETRIC_REPRESENTATION_CONTEXT() REPRESENTATION_CONTEXT('2D SPACE',''
  ) );
#10580 = ORIENTED_EDGE('',*,*,#10461,.T.);
#10581 = ORIENTED_EDGE('',*,*,#10560,.T.);
#10582 = ADVANCED_FACE('',(#10583),#10516,.F.);
#10583 = FACE_BOUND('',#10584,.F.);
#10584 = EDGE_LOOP('',(#10585,#10613,#10634,#10635));
#10585 = ORIENTED_EDGE('',*,*,#10586,.F.);
#10586 = EDGE_CURVE('',#10587,#10587,#10589,.T.);
#10587 = VERTEX_POINT('',#10588);
#10588 = CARTESIAN_POINT('',(43.692104549907,4.65365783676E-15,
    1.03178E+03));
#10589 = SURFACE_CURVE('',#10590,(#10595,#10602),.PCURVE_S1.);
#10590 = CIRCLE('',#10591,19.);
#10591 = AXIS2_PLACEMENT_3D('',#10592,#10593,#10594);
#10592 = CARTESIAN_POINT('',(43.692104549907,0.,1.01278E+03));
#10593 = DIRECTION('',(1.,0.,-0.));
#10594 = DIRECTION('',(0.,0.,1.));
#10595 = PCURVE('',#10516,#10596);
#10596 = DEFINITIONAL_REPRESENTATION('',(#10597),#10601);
#10597 = LINE('',#10598,#10599);
#10598 = CARTESIAN_POINT('',(0.,30.1));
#10599 = VECTOR('',#10600,1.);
#10600 = DIRECTION('',(1.,0.));
#10601 = ( GEOMETRIC_REPRESENTATION_CONTEXT(2) 
PARAMETRIC_REPRESENTATION_CONTEXT() REPRESENTATION_CONTEXT('2D SPACE',''
  ) );
#10602 = PCURVE('',#10603,#10608);
#10603 = CYLINDRICAL_SURFACE('',#10604,19.);
#10604 = AXIS2_PLACEMENT_3D('',#10605,#10606,#10607);
#10605 = CARTESIAN_POINT('',(43.592104549907,0.,1.01278E+03));
#10606 = DIRECTION('',(1.,0.,0.));
#10607 = DIRECTION('',(0.,0.,1.));
#10608 = DEFINITIONAL_REPRESENTATION('',(#10609),#10612);
#10609 = B_SPLINE_CURVE_WITH_KNOTS('',1,(#10610,#10611),.UNSPECIFIED.,
  .F.,.F.,(2,2),(0.,6.28318530718),.PIECEWISE_BEZIER_KNOTS.);
#10610 = CARTESIAN_POINT('',(0.,0.1));
#10611 = CARTESIAN_POINT('',(6.28318530718,0.1));
#10612 = ( GEOMETRIC_REPRESENTATION_CONTEXT(2) 
PARAMETRIC_REPRESENTATION_CONTEXT() REPRESENTATION_CONTEXT('2D SPACE',''
  ) );
#10613 = ORIENTED_EDGE('',*,*,#10614,.F.);
#10614 = EDGE_CURVE('',#10500,#10587,#10615,.T.);
#10615 = SEAM_CURVE('',#10616,(#10620,#10627),.PCURVE_S1.);
#10616 = LINE('',#10617,#10618);
#10617 = CARTESIAN_POINT('',(13.592104549907,4.65365783676E-15,
    1.03178E+03));
#10618 = VECTOR('',#10619,1.);
#10619 = DIRECTION('',(1.,0.,0.));
#10620 = PCURVE('',#10516,#10621);
#10621 = DEFINITIONAL_REPRESENTATION('',(#10622),#10626);
#10622 = LINE('',#10623,#10624);
#10623 = CARTESIAN_POINT('',(0.,-0.));
#10624 = VECTOR('',#10625,1.);
#10625 = DIRECTION('',(0.,1.));
#10626 = ( GEOMETRIC_REPRESENTATION_CONTEXT(2) 
PARAMETRIC_REPRESENTATION_CONTEXT() REPRESENTATION_CONTEXT('2D SPACE',''
  ) );
#10627 = PCURVE('',#10516,#10628);
#10628 = DEFINITIONAL_REPRESENTATION('',(#10629),#10633);
#10629 = LINE('',#10630,#10631);
#10630 = CARTESIAN_POINT('',(6.28318530718,-0.));
#10631 = VECTOR('',#10632,1.);
#10632 = DIRECTION('',(0.,1.));
#10633 = ( GEOMETRIC_REPRESENTATION_CONTEXT(2) 
PARAMETRIC_REPRESENTATION_CONTEXT() REPRESENTATION_CONTEXT('2D SPACE',''
  ) );
#10634 = ORIENTED_EDGE('',*,*,#10499,.T.);
#10635 = ORIENTED_EDGE('',*,*,#10614,.T.);
#10636 = ADVANCED_FACE('',(#10637,#10640),#10548,.T.);
#10637 = FACE_BOUND('',#10638,.T.);
#10638 = EDGE_LOOP('',(#10639));
#10639 = ORIENTED_EDGE('',*,*,#10531,.T.);
#10640 = FACE_BOUND('',#10641,.T.);
#10641 = EDGE_LOOP('',(#10642));
#10642 = ORIENTED_EDGE('',*,*,#10643,.F.);
#10643 = EDGE_CURVE('',#10644,#10644,#10646,.T.);
#10644 = VERTEX_POINT('',#10645);
#10645 = CARTESIAN_POINT('',(46.692104549907,4.65365783676E-15,
    1.03178E+03));
#10646 = SURFACE_CURVE('',#10647,(#10652,#10659),.PCURVE_S1.);
#10647 = CIRCLE('',#10648,19.);
#10648 = AXIS2_PLACEMENT_3D('',#10649,#10650,#10651);
#10649 = CARTESIAN_POINT('',(46.692104549907,0.,1.01278E+03));
#10650 = DIRECTION('',(1.,0.,-0.));
#10651 = DIRECTION('',(0.,0.,1.));
#10652 = PCURVE('',#10548,#10653);
#10653 = DEFINITIONAL_REPRESENTATION('',(#10654),#10658);
#10654 = CIRCLE('',#10655,19.);
#10655 = AXIS2_PLACEMENT_2D('',#10656,#10657);
#10656 = CARTESIAN_POINT('',(0.,0.));
#10657 = DIRECTION('',(1.,0.));
#10658 = ( GEOMETRIC_REPRESENTATION_CONTEXT(2) 
PARAMETRIC_REPRESENTATION_CONTEXT() REPRESENTATION_CONTEXT('2D SPACE',''
  ) );
#10659 = PCURVE('',#10603,#10660);
#10660 = DEFINITIONAL_REPRESENTATION('',(#10661),#10665);
#10661 = LINE('',#10662,#10663);
#10662 = CARTESIAN_POINT('',(0.,3.1));
#10663 = VECTOR('',#10664,1.);
#10664 = DIRECTION('',(1.,0.));
#10665 = ( GEOMETRIC_REPRESENTATION_CONTEXT(2) 
PARAMETRIC_REPRESENTATION_CONTEXT() REPRESENTATION_CONTEXT('2D SPACE',''
  ) );
#10666 = ADVANCED_FACE('',(#10667),#10603,.F.);
#10667 = FACE_BOUND('',#10668,.F.);
#10668 = EDGE_LOOP('',(#10669,#10670,#10691,#10692));
#10669 = ORIENTED_EDGE('',*,*,#10643,.F.);
#10670 = ORIENTED_EDGE('',*,*,#10671,.F.);
#10671 = EDGE_CURVE('',#10587,#10644,#10672,.T.);
#10672 = SEAM_CURVE('',#10673,(#10677,#10684),.PCURVE_S1.);
#10673 = LINE('',#10674,#10675);
#10674 = CARTESIAN_POINT('',(43.592104549907,4.65365783676E-15,
    1.03178E+03));
#10675 = VECTOR('',#10676,1.);
#10676 = DIRECTION('',(1.,0.,0.));
#10677 = PCURVE('',#10603,#10678);
#10678 = DEFINITIONAL_REPRESENTATION('',(#10679),#10683);
#10679 = LINE('',#10680,#10681);
#10680 = CARTESIAN_POINT('',(0.,-0.));
#10681 = VECTOR('',#10682,1.);
#10682 = DIRECTION('',(0.,1.));
#10683 = ( GEOMETRIC_REPRESENTATION_CONTEXT(2) 
PARAMETRIC_REPRESENTATION_CONTEXT() REPRESENTATION_CONTEXT('2D SPACE',''
  ) );
#10684 = PCURVE('',#10603,#10685);
#10685 = DEFINITIONAL_REPRESENTATION('',(#10686),#10690);
#10686 = LINE('',#10687,#10688);
#10687 = CARTESIAN_POINT('',(6.28318530718,-0.));
#10688 = VECTOR('',#10689,1.);
#10689 = DIRECTION('',(0.,1.));
#10690 = ( GEOMETRIC_REPRESENTATION_CONTEXT(2) 
PARAMETRIC_REPRESENTATION_CONTEXT() REPRESENTATION_CONTEXT('2D SPACE',''
  ) );
#10691 = ORIENTED_EDGE('',*,*,#10586,.T.);
#10692 = ORIENTED_EDGE('',*,*,#10671,.T.);
#10693 = ( GEOMETRIC_REPRESENTATION_CONTEXT(3) 
GLOBAL_UNCERTAINTY_ASSIGNED_CONTEXT((#10697)) 
GLOBAL_UNIT_ASSIGNED_CONTEXT((#10694,#10695,#10696)) 
REPRESENTATION_CONTEXT('Context #1',
  '3D Context with UNIT and UNCERTAINTY') );
#10694 = ( LENGTH_UNIT() NAMED_UNIT(*) SI_UNIT(.MILLI.,.METRE.) );
#10695 = ( NAMED_UNIT(*) PLANE_ANGLE_UNIT() SI_UNIT($,.RADIAN.) );
#10696 = ( NAMED_UNIT(*) SI_UNIT($,.STERADIAN.) SOLID_ANGLE_UNIT() );
#10697 = UNCERTAINTY_MEASURE_WITH_UNIT(LENGTH_MEASURE(1.E-07),#10694,
  'distance_accuracy_value','confusion accuracy');
#10698 = CONTEXT_DEPENDENT_SHAPE_REPRESENTATION(#10699,#10701);
#10699 = ( REPRESENTATION_RELATIONSHIP('','',#10366,#10) 
REPRESENTATION_RELATIONSHIP_WITH_TRANSFORMATION(#10700) 
SHAPE_REPRESENTATION_RELATIONSHIP() );
#10700 = ITEM_DEFINED_TRANSFORMATION('','',#11,#27);
#10701 = PRODUCT_DEFINITION_SHAPE('Placement','Placement of an item',
  #10702);
#10702 = NEXT_ASSEMBLY_USAGE_OCCURRENCE('10','BUSHING_RIGHT_AMS4640','',
  #5,#10361,$);
#10703 = PRODUCT_RELATED_PRODUCT_CATEGORY('part',$,(#10363));
#10704 = SHAPE_DEFINITION_REPRESENTATION(#10705,#10711);
#10705 = PRODUCT_DEFINITION_SHAPE('','',#10706);
#10706 = PRODUCT_DEFINITION('design','',#10707,#10710);
#10707 = PRODUCT_DEFINITION_FORMATION('','',#10708);
#10708 = PRODUCT('THRUST_COLLAR_LEFT_300M','THRUST_COLLAR_LEFT_300M','',
  (#10709));
#10709 = PRODUCT_CONTEXT('',#2,'mechanical');
#10710 = PRODUCT_DEFINITION_CONTEXT('part definition',#2,'design');
#10711 = ADVANCED_BREP_SHAPE_REPRESENTATION('',(#11,#10712),#11009);
#10712 = MANIFOLD_SOLID_BREP('',#10713);
#10713 = CLOSED_SHELL('',(#10714,#10802,#10837,#10872,#10951,#11001));
#10714 = ADVANCED_FACE('',(#10715),#10729,.T.);
#10715 = FACE_BOUND('',#10716,.T.);
#10716 = EDGE_LOOP('',(#10717,#10747,#10774,#10775));
#10717 = ORIENTED_EDGE('',*,*,#10718,.T.);
#10718 = EDGE_CURVE('',#10719,#10721,#10723,.T.);
#10719 = VERTEX_POINT('',#10720);
#10720 = CARTESIAN_POINT('',(-47.1921045499,29.,1.01278E+03));
#10721 = VERTEX_POINT('',#10722);
#10722 = CARTESIAN_POINT('',(-50.1921045499,29.,1.01278E+03));
#10723 = SEAM_CURVE('',#10724,(#10728,#10740),.PCURVE_S1.);
#10724 = LINE('',#10725,#10726);
#10725 = CARTESIAN_POINT('',(-47.1921045499,29.,1.01278E+03));
#10726 = VECTOR('',#10727,1.);
#10727 = DIRECTION('',(-1.,-0.,-0.));
#10728 = PCURVE('',#10729,#10734);
#10729 = CYLINDRICAL_SURFACE('',#10730,29.);
#10730 = AXIS2_PLACEMENT_3D('',#10731,#10732,#10733);
#10731 = CARTESIAN_POINT('',(-47.1921045499,3.844755463956E-16,
    1.01278E+03));
#10732 = DIRECTION('',(1.,0.,0.));
#10733 = DIRECTION('',(0.,1.,0.));
#10734 = DEFINITIONAL_REPRESENTATION('',(#10735),#10739);
#10735 = LINE('',#10736,#10737);
#10736 = CARTESIAN_POINT('',(4.138911435803E-13,0.));
#10737 = VECTOR('',#10738,1.);
#10738 = DIRECTION('',(0.,-1.));
#10739 = ( GEOMETRIC_REPRESENTATION_CONTEXT(2) 
PARAMETRIC_REPRESENTATION_CONTEXT() REPRESENTATION_CONTEXT('2D SPACE',''
  ) );
#10740 = PCURVE('',#10729,#10741);
#10741 = DEFINITIONAL_REPRESENTATION('',(#10742),#10746);
#10742 = LINE('',#10743,#10744);
#10743 = CARTESIAN_POINT('',(6.28318530718,0.));
#10744 = VECTOR('',#10745,1.);
#10745 = DIRECTION('',(0.,-1.));
#10746 = ( GEOMETRIC_REPRESENTATION_CONTEXT(2) 
PARAMETRIC_REPRESENTATION_CONTEXT() REPRESENTATION_CONTEXT('2D SPACE',''
  ) );
#10747 = ORIENTED_EDGE('',*,*,#10748,.T.);
#10748 = EDGE_CURVE('',#10721,#10721,#10749,.T.);
#10749 = SURFACE_CURVE('',#10750,(#10755,#10762),.PCURVE_S1.);
#10750 = CIRCLE('',#10751,29.);
#10751 = AXIS2_PLACEMENT_3D('',#10752,#10753,#10754);
#10752 = CARTESIAN_POINT('',(-50.1921045499,3.844755463956E-16,
    1.01278E+03));
#10753 = DIRECTION('',(1.,0.,0.));
#10754 = DIRECTION('',(0.,1.,0.));
#10755 = PCURVE('',#10729,#10756);
#10756 = DEFINITIONAL_REPRESENTATION('',(#10757),#10761);
#10757 = LINE('',#10758,#10759);
#10758 = CARTESIAN_POINT('',(0.,-3.));
#10759 = VECTOR('',#10760,1.);
#10760 = DIRECTION('',(1.,0.));
#10761 = ( GEOMETRIC_REPRESENTATION_CONTEXT(2) 
PARAMETRIC_REPRESENTATION_CONTEXT() REPRESENTATION_CONTEXT('2D SPACE',''
  ) );
#10762 = PCURVE('',#10763,#10768);
#10763 = PLANE('',#10764);
#10764 = AXIS2_PLACEMENT_3D('',#10765,#10766,#10767);
#10765 = CARTESIAN_POINT('',(-50.1921045499,-5.281148098083E-15,
    1.01278E+03));
#10766 = DIRECTION('',(1.,0.,0.));
#10767 = DIRECTION('',(0.,0.,1.));
#10768 = DEFINITIONAL_REPRESENTATION('',(#10769),#10773);
#10769 = CIRCLE('',#10770,29.);
#10770 = AXIS2_PLACEMENT_2D('',#10771,#10772);
#10771 = CARTESIAN_POINT('',(0.,-5.665623644479E-15));
#10772 = DIRECTION('',(0.,-1.));
#10773 = ( GEOMETRIC_REPRESENTATION_CONTEXT(2) 
PARAMETRIC_REPRESENTATION_CONTEXT() REPRESENTATION_CONTEXT('2D SPACE',''
  ) );
#10774 = ORIENTED_EDGE('',*,*,#10718,.F.);
#10775 = ORIENTED_EDGE('',*,*,#10776,.F.);
#10776 = EDGE_CURVE('',#10719,#10719,#10777,.T.);
#10777 = SURFACE_CURVE('',#10778,(#10783,#10790),.PCURVE_S1.);
#10778 = CIRCLE('',#10779,29.);
#10779 = AXIS2_PLACEMENT_3D('',#10780,#10781,#10782);
#10780 = CARTESIAN_POINT('',(-47.1921045499,3.844755463956E-16,
    1.01278E+03));
#10781 = DIRECTION('',(1.,0.,0.));
#10782 = DIRECTION('',(0.,1.,0.));
#10783 = PCURVE('',#10729,#10784);
#10784 = DEFINITIONAL_REPRESENTATION('',(#10785),#10789);
#10785 = LINE('',#10786,#10787);
#10786 = CARTESIAN_POINT('',(0.,0.));
#10787 = VECTOR('',#10788,1.);
#10788 = DIRECTION('',(1.,0.));
#10789 = ( GEOMETRIC_REPRESENTATION_CONTEXT(2) 
PARAMETRIC_REPRESENTATION_CONTEXT() REPRESENTATION_CONTEXT('2D SPACE',''
  ) );
#10790 = PCURVE('',#10791,#10796);
#10791 = PLANE('',#10792);
#10792 = AXIS2_PLACEMENT_3D('',#10793,#10794,#10795);
#10793 = CARTESIAN_POINT('',(-47.1921045499,-5.281148098083E-15,
    1.01278E+03));
#10794 = DIRECTION('',(1.,0.,0.));
#10795 = DIRECTION('',(0.,0.,1.));
#10796 = DEFINITIONAL_REPRESENTATION('',(#10797),#10801);
#10797 = CIRCLE('',#10798,29.);
#10798 = AXIS2_PLACEMENT_2D('',#10799,#10800);
#10799 = CARTESIAN_POINT('',(0.,-5.665623644479E-15));
#10800 = DIRECTION('',(0.,-1.));
#10801 = ( GEOMETRIC_REPRESENTATION_CONTEXT(2) 
PARAMETRIC_REPRESENTATION_CONTEXT() REPRESENTATION_CONTEXT('2D SPACE',''
  ) );
#10802 = ADVANCED_FACE('',(#10803,#10806),#10763,.F.);
#10803 = FACE_BOUND('',#10804,.F.);
#10804 = EDGE_LOOP('',(#10805));
#10805 = ORIENTED_EDGE('',*,*,#10748,.T.);
#10806 = FACE_BOUND('',#10807,.F.);
#10807 = EDGE_LOOP('',(#10808));
#10808 = ORIENTED_EDGE('',*,*,#10809,.F.);
#10809 = EDGE_CURVE('',#10810,#10810,#10812,.T.);
#10810 = VERTEX_POINT('',#10811);
#10811 = CARTESIAN_POINT('',(-50.1921045499,19.,1.01278E+03));
#10812 = SURFACE_CURVE('',#10813,(#10818,#10825),.PCURVE_S1.);
#10813 = CIRCLE('',#10814,19.);
#10814 = AXIS2_PLACEMENT_3D('',#10815,#10816,#10817);
#10815 = CARTESIAN_POINT('',(-50.1921045499,1.38082757442E-13,
    1.01278E+03));
#10816 = DIRECTION('',(1.,0.,0.));
#10817 = DIRECTION('',(0.,1.,0.));
#10818 = PCURVE('',#10763,#10819);
#10819 = DEFINITIONAL_REPRESENTATION('',(#10820),#10824);
#10820 = CIRCLE('',#10821,19.);
#10821 = AXIS2_PLACEMENT_2D('',#10822,#10823);
#10822 = CARTESIAN_POINT('',(0.,-1.433639055401E-13));
#10823 = DIRECTION('',(0.,-1.));
#10824 = ( GEOMETRIC_REPRESENTATION_CONTEXT(2) 
PARAMETRIC_REPRESENTATION_CONTEXT() REPRESENTATION_CONTEXT('2D SPACE',''
  ) );
#10825 = PCURVE('',#10826,#10831);
#10826 = CYLINDRICAL_SURFACE('',#10827,19.);
#10827 = AXIS2_PLACEMENT_3D('',#10828,#10829,#10830);
#10828 = CARTESIAN_POINT('',(-47.1921045499,1.38082757442E-13,
    1.01278E+03));
#10829 = DIRECTION('',(1.,0.,0.));
#10830 = DIRECTION('',(0.,1.,0.));
#10831 = DEFINITIONAL_REPRESENTATION('',(#10832),#10836);
#10832 = LINE('',#10833,#10834);
#10833 = CARTESIAN_POINT('',(0.,-3.));
#10834 = VECTOR('',#10835,1.);
#10835 = DIRECTION('',(1.,0.));
#10836 = ( GEOMETRIC_REPRESENTATION_CONTEXT(2) 
PARAMETRIC_REPRESENTATION_CONTEXT() REPRESENTATION_CONTEXT('2D SPACE',''
  ) );
#10837 = ADVANCED_FACE('',(#10838,#10841),#10791,.T.);
#10838 = FACE_BOUND('',#10839,.T.);
#10839 = EDGE_LOOP('',(#10840));
#10840 = ORIENTED_EDGE('',*,*,#10776,.T.);
#10841 = FACE_BOUND('',#10842,.T.);
#10842 = EDGE_LOOP('',(#10843));
#10843 = ORIENTED_EDGE('',*,*,#10844,.F.);
#10844 = EDGE_CURVE('',#10845,#10845,#10847,.T.);
#10845 = VERTEX_POINT('',#10846);
#10846 = CARTESIAN_POINT('',(-47.1921045499,5.633375276078E-15,
    1.03578E+03));
#10847 = SURFACE_CURVE('',#10848,(#10853,#10860),.PCURVE_S1.);
#10848 = CIRCLE('',#10849,23.);
#10849 = AXIS2_PLACEMENT_3D('',#10850,#10851,#10852);
#10850 = CARTESIAN_POINT('',(-47.1921045499,0.,1.01278E+03));
#10851 = DIRECTION('',(1.,0.,-0.));
#10852 = DIRECTION('',(0.,0.,1.));
#10853 = PCURVE('',#10791,#10854);
#10854 = DEFINITIONAL_REPRESENTATION('',(#10855),#10859);
#10855 = CIRCLE('',#10856,23.);
#10856 = AXIS2_PLACEMENT_2D('',#10857,#10858);
#10857 = CARTESIAN_POINT('',(0.,-5.281148098083E-15));
#10858 = DIRECTION('',(1.,0.));
#10859 = ( GEOMETRIC_REPRESENTATION_CONTEXT(2) 
PARAMETRIC_REPRESENTATION_CONTEXT() REPRESENTATION_CONTEXT('2D SPACE',''
  ) );
#10860 = PCURVE('',#10861,#10866);
#10861 = CONICAL_SURFACE('',#10862,22.,1.451367400777);
#10862 = AXIS2_PLACEMENT_3D('',#10863,#10864,#10865);
#10863 = CARTESIAN_POINT('',(-47.3121045499,0.,1.01278E+03));
#10864 = DIRECTION('',(1.,0.,0.));
#10865 = DIRECTION('',(0.,0.,1.));
#10866 = DEFINITIONAL_REPRESENTATION('',(#10867),#10871);
#10867 = LINE('',#10868,#10869);
#10868 = CARTESIAN_POINT('',(0.,0.12));
#10869 = VECTOR('',#10870,1.);
#10870 = DIRECTION('',(1.,0.));
#10871 = ( GEOMETRIC_REPRESENTATION_CONTEXT(2) 
PARAMETRIC_REPRESENTATION_CONTEXT() REPRESENTATION_CONTEXT('2D SPACE',''
  ) );
#10872 = ADVANCED_FACE('',(#10873),#10826,.F.);
#10873 = FACE_BOUND('',#10874,.F.);
#10874 = EDGE_LOOP('',(#10875,#10906,#10927,#10928,#10929));
#10875 = ORIENTED_EDGE('',*,*,#10876,.F.);
#10876 = EDGE_CURVE('',#10877,#10879,#10881,.T.);
#10877 = VERTEX_POINT('',#10878);
#10878 = CARTESIAN_POINT('',(-47.3121045499,19.,1.01278E+03));
#10879 = VERTEX_POINT('',#10880);
#10880 = CARTESIAN_POINT('',(-47.3121045499,4.65365783676E-15,
    1.03178E+03));
#10881 = SURFACE_CURVE('',#10882,(#10887,#10894),.PCURVE_S1.);
#10882 = CIRCLE('',#10883,19.);
#10883 = AXIS2_PLACEMENT_3D('',#10884,#10885,#10886);
#10884 = CARTESIAN_POINT('',(-47.3121045499,0.,1.01278E+03));
#10885 = DIRECTION('',(1.,0.,-0.));
#10886 = DIRECTION('',(0.,0.,1.));
#10887 = PCURVE('',#10826,#10888);
#10888 = DEFINITIONAL_REPRESENTATION('',(#10889),#10893);
#10889 = LINE('',#10890,#10891);
#10890 = CARTESIAN_POINT('',(-4.712388980385,-0.12));
#10891 = VECTOR('',#10892,1.);
#10892 = DIRECTION('',(1.,0.));
#10893 = ( GEOMETRIC_REPRESENTATION_CONTEXT(2) 
PARAMETRIC_REPRESENTATION_CONTEXT() REPRESENTATION_CONTEXT('2D SPACE',''
  ) );
#10894 = PCURVE('',#10895,#10900);
#10895 = PLANE('',#10896);
#10896 = AXIS2_PLACEMENT_3D('',#10897,#10898,#10899);
#10897 = CARTESIAN_POINT('',(-47.3121045499,0.,1.01278E+03));
#10898 = DIRECTION('',(1.,0.,0.));
#10899 = DIRECTION('',(0.,0.,1.));
#10900 = DEFINITIONAL_REPRESENTATION('',(#10901),#10905);
#10901 = CIRCLE('',#10902,19.);
#10902 = AXIS2_PLACEMENT_2D('',#10903,#10904);
#10903 = CARTESIAN_POINT('',(0.,0.));
#10904 = DIRECTION('',(1.,0.));
#10905 = ( GEOMETRIC_REPRESENTATION_CONTEXT(2) 
PARAMETRIC_REPRESENTATION_CONTEXT() REPRESENTATION_CONTEXT('2D SPACE',''
  ) );
#10906 = ORIENTED_EDGE('',*,*,#10907,.T.);
#10907 = EDGE_CURVE('',#10877,#10810,#10908,.T.);
#10908 = SEAM_CURVE('',#10909,(#10913,#10920),.PCURVE_S1.);
#10909 = LINE('',#10910,#10911);
#10910 = CARTESIAN_POINT('',(-47.1921045499,19.,1.01278E+03));
#10911 = VECTOR('',#10912,1.);
#10912 = DIRECTION('',(-1.,-0.,-0.));
#10913 = PCURVE('',#10826,#10914);
#10914 = DEFINITIONAL_REPRESENTATION('',(#10915),#10919);
#10915 = LINE('',#10916,#10917);
#10916 = CARTESIAN_POINT('',(4.138911435803E-13,0.));
#10917 = VECTOR('',#10918,1.);
#10918 = DIRECTION('',(0.,-1.));
#10919 = ( GEOMETRIC_REPRESENTATION_CONTEXT(2) 
PARAMETRIC_REPRESENTATION_CONTEXT() REPRESENTATION_CONTEXT('2D SPACE',''
  ) );
#10920 = PCURVE('',#10826,#10921);
#10921 = DEFINITIONAL_REPRESENTATION('',(#10922),#10926);
#10922 = LINE('',#10923,#10924);
#10923 = CARTESIAN_POINT('',(6.28318530718,0.));
#10924 = VECTOR('',#10925,1.);
#10925 = DIRECTION('',(0.,-1.));
#10926 = ( GEOMETRIC_REPRESENTATION_CONTEXT(2) 
PARAMETRIC_REPRESENTATION_CONTEXT() REPRESENTATION_CONTEXT('2D SPACE',''
  ) );
#10927 = ORIENTED_EDGE('',*,*,#10809,.T.);
#10928 = ORIENTED_EDGE('',*,*,#10907,.F.);
#10929 = ORIENTED_EDGE('',*,*,#10930,.F.);
#10930 = EDGE_CURVE('',#10879,#10877,#10931,.T.);
#10931 = SURFACE_CURVE('',#10932,(#10937,#10944),.PCURVE_S1.);
#10932 = CIRCLE('',#10933,19.);
#10933 = AXIS2_PLACEMENT_3D('',#10934,#10935,#10936);
#10934 = CARTESIAN_POINT('',(-47.3121045499,0.,1.01278E+03));
#10935 = DIRECTION('',(1.,0.,-0.));
#10936 = DIRECTION('',(0.,0.,1.));
#10937 = PCURVE('',#10826,#10938);
#10938 = DEFINITIONAL_REPRESENTATION('',(#10939),#10943);
#10939 = LINE('',#10940,#10941);
#10940 = CARTESIAN_POINT('',(1.570796326795,-0.12));
#10941 = VECTOR('',#10942,1.);
#10942 = DIRECTION('',(1.,0.));
#10943 = ( GEOMETRIC_REPRESENTATION_CONTEXT(2) 
PARAMETRIC_REPRESENTATION_CONTEXT() REPRESENTATION_CONTEXT('2D SPACE',''
  ) );
#10944 = PCURVE('',#10895,#10945);
#10945 = DEFINITIONAL_REPRESENTATION('',(#10946),#10950);
#10946 = CIRCLE('',#10947,19.);
#10947 = AXIS2_PLACEMENT_2D('',#10948,#10949);
#10948 = CARTESIAN_POINT('',(0.,0.));
#10949 = DIRECTION('',(1.,0.));
#10950 = ( GEOMETRIC_REPRESENTATION_CONTEXT(2) 
PARAMETRIC_REPRESENTATION_CONTEXT() REPRESENTATION_CONTEXT('2D SPACE',''
  ) );
#10951 = ADVANCED_FACE('',(#10952),#10861,.F.);
#10952 = FACE_BOUND('',#10953,.F.);
#10953 = EDGE_LOOP('',(#10954,#10955,#10978,#11000));
#10954 = ORIENTED_EDGE('',*,*,#10844,.F.);
#10955 = ORIENTED_EDGE('',*,*,#10956,.F.);
#10956 = EDGE_CURVE('',#10957,#10845,#10959,.T.);
#10957 = VERTEX_POINT('',#10958);
#10958 = CARTESIAN_POINT('',(-47.3121045499,5.388445916248E-15,
    1.03478E+03));
#10959 = SEAM_CURVE('',#10960,(#10964,#10971),.PCURVE_S1.);
#10960 = LINE('',#10961,#10962);
#10961 = CARTESIAN_POINT('',(-47.3121045499,5.388445916248E-15,
    1.03478E+03));
#10962 = VECTOR('',#10963,1.);
#10963 = DIRECTION('',(0.119145220618,2.431846884401E-16,0.992876838487)
  );
#10964 = PCURVE('',#10861,#10965);
#10965 = DEFINITIONAL_REPRESENTATION('',(#10966),#10970);
#10966 = LINE('',#10967,#10968);
#10967 = CARTESIAN_POINT('',(0.,-0.));
#10968 = VECTOR('',#10969,1.);
#10969 = DIRECTION('',(0.,1.));
#10970 = ( GEOMETRIC_REPRESENTATION_CONTEXT(2) 
PARAMETRIC_REPRESENTATION_CONTEXT() REPRESENTATION_CONTEXT('2D SPACE',''
  ) );
#10971 = PCURVE('',#10861,#10972);
#10972 = DEFINITIONAL_REPRESENTATION('',(#10973),#10977);
#10973 = LINE('',#10974,#10975);
#10974 = CARTESIAN_POINT('',(6.28318530718,-0.));
#10975 = VECTOR('',#10976,1.);
#10976 = DIRECTION('',(0.,1.));
#10977 = ( GEOMETRIC_REPRESENTATION_CONTEXT(2) 
PARAMETRIC_REPRESENTATION_CONTEXT() REPRESENTATION_CONTEXT('2D SPACE',''
  ) );
#10978 = ORIENTED_EDGE('',*,*,#10979,.T.);
#10979 = EDGE_CURVE('',#10957,#10957,#10980,.T.);
#10980 = SURFACE_CURVE('',#10981,(#10986,#10993),.PCURVE_S1.);
#10981 = CIRCLE('',#10982,22.);
#10982 = AXIS2_PLACEMENT_3D('',#10983,#10984,#10985);
#10983 = CARTESIAN_POINT('',(-47.3121045499,0.,1.01278E+03));
#10984 = DIRECTION('',(1.,0.,-0.));
#10985 = DIRECTION('',(0.,0.,1.));
#10986 = PCURVE('',#10861,#10987);
#10987 = DEFINITIONAL_REPRESENTATION('',(#10988),#10992);
#10988 = LINE('',#10989,#10990);
#10989 = CARTESIAN_POINT('',(0.,0.));
#10990 = VECTOR('',#10991,1.);
#10991 = DIRECTION('',(1.,0.));
#10992 = ( GEOMETRIC_REPRESENTATION_CONTEXT(2) 
PARAMETRIC_REPRESENTATION_CONTEXT() REPRESENTATION_CONTEXT('2D SPACE',''
  ) );
#10993 = PCURVE('',#10895,#10994);
#10994 = DEFINITIONAL_REPRESENTATION('',(#10995),#10999);
#10995 = CIRCLE('',#10996,22.);
#10996 = AXIS2_PLACEMENT_2D('',#10997,#10998);
#10997 = CARTESIAN_POINT('',(0.,0.));
#10998 = DIRECTION('',(1.,0.));
#10999 = ( GEOMETRIC_REPRESENTATION_CONTEXT(2) 
PARAMETRIC_REPRESENTATION_CONTEXT() REPRESENTATION_CONTEXT('2D SPACE',''
  ) );
#11000 = ORIENTED_EDGE('',*,*,#10956,.T.);
#11001 = ADVANCED_FACE('',(#11002,#11005),#10895,.T.);
#11002 = FACE_BOUND('',#11003,.T.);
#11003 = EDGE_LOOP('',(#11004));
#11004 = ORIENTED_EDGE('',*,*,#10979,.T.);
#11005 = FACE_BOUND('',#11006,.T.);
#11006 = EDGE_LOOP('',(#11007,#11008));
#11007 = ORIENTED_EDGE('',*,*,#10930,.F.);
#11008 = ORIENTED_EDGE('',*,*,#10876,.F.);
#11009 = ( GEOMETRIC_REPRESENTATION_CONTEXT(3) 
GLOBAL_UNCERTAINTY_ASSIGNED_CONTEXT((#11013)) 
GLOBAL_UNIT_ASSIGNED_CONTEXT((#11010,#11011,#11012)) 
REPRESENTATION_CONTEXT('Context #1',
  '3D Context with UNIT and UNCERTAINTY') );
#11010 = ( LENGTH_UNIT() NAMED_UNIT(*) SI_UNIT(.MILLI.,.METRE.) );
#11011 = ( NAMED_UNIT(*) PLANE_ANGLE_UNIT() SI_UNIT($,.RADIAN.) );
#11012 = ( NAMED_UNIT(*) SI_UNIT($,.STERADIAN.) SOLID_ANGLE_UNIT() );
#11013 = UNCERTAINTY_MEASURE_WITH_UNIT(LENGTH_MEASURE(1.E-07),#11010,
  'distance_accuracy_value','confusion accuracy');
#11014 = CONTEXT_DEPENDENT_SHAPE_REPRESENTATION(#11015,#11017);
#11015 = ( REPRESENTATION_RELATIONSHIP('','',#10711,#10) 
REPRESENTATION_RELATIONSHIP_WITH_TRANSFORMATION(#11016) 
SHAPE_REPRESENTATION_RELATIONSHIP() );
#11016 = ITEM_DEFINED_TRANSFORMATION('','',#11,#31);
#11017 = PRODUCT_DEFINITION_SHAPE('Placement','Placement of an item',
  #11018);
#11018 = NEXT_ASSEMBLY_USAGE_OCCURRENCE('11','THRUST_COLLAR_LEFT_300M',
  '',#5,#10706,$);
#11019 = PRODUCT_RELATED_PRODUCT_CATEGORY('part',$,(#10708));
#11020 = SHAPE_DEFINITION_REPRESENTATION(#11021,#11027);
#11021 = PRODUCT_DEFINITION_SHAPE('','',#11022);
#11022 = PRODUCT_DEFINITION('design','',#11023,#11026);
#11023 = PRODUCT_DEFINITION_FORMATION('','',#11024);
#11024 = PRODUCT('THRUST_COLLAR_RIGHT_300M','THRUST_COLLAR_RIGHT_300M',
  '',(#11025));
#11025 = PRODUCT_CONTEXT('',#2,'mechanical');
#11026 = PRODUCT_DEFINITION_CONTEXT('part definition',#2,'design');
#11027 = ADVANCED_BREP_SHAPE_REPRESENTATION('',(#11,#11028),#11210);
#11028 = MANIFOLD_SOLID_BREP('',#11029);
#11029 = CLOSED_SHELL('',(#11030,#11118,#11196,#11203));
#11030 = ADVANCED_FACE('',(#11031),#11044,.T.);
#11031 = FACE_BOUND('',#11032,.T.);
#11032 = EDGE_LOOP('',(#11033,#11067,#11090,#11117));
#11033 = ORIENTED_EDGE('',*,*,#11034,.T.);
#11034 = EDGE_CURVE('',#11035,#11035,#11037,.T.);
#11035 = VERTEX_POINT('',#11036);
#11036 = CARTESIAN_POINT('',(46.692104549907,29.,1.01278E+03));
#11037 = SURFACE_CURVE('',#11038,(#11043,#11055),.PCURVE_S1.);
#11038 = CIRCLE('',#11039,29.);
#11039 = AXIS2_PLACEMENT_3D('',#11040,#11041,#11042);
#11040 = CARTESIAN_POINT('',(46.692104549907,3.844755463956E-16,
    1.01278E+03));
#11041 = DIRECTION('',(1.,0.,0.));
#11042 = DIRECTION('',(0.,1.,0.));
#11043 = PCURVE('',#11044,#11049);
#11044 = CYLINDRICAL_SURFACE('',#11045,29.);
#11045 = AXIS2_PLACEMENT_3D('',#11046,#11047,#11048);
#11046 = CARTESIAN_POINT('',(46.692104549907,3.844755463956E-16,
    1.01278E+03));
#11047 = DIRECTION('',(-1.,-0.,-0.));
#11048 = DIRECTION('',(0.,1.,0.));
#11049 = DEFINITIONAL_REPRESENTATION('',(#11050),#11054);
#11050 = LINE('',#11051,#11052);
#11051 = CARTESIAN_POINT('',(6.28318530718,0.));
#11052 = VECTOR('',#11053,1.);
#11053 = DIRECTION('',(-1.,0.));
#11054 = ( GEOMETRIC_REPRESENTATION_CONTEXT(2) 
PARAMETRIC_REPRESENTATION_CONTEXT() REPRESENTATION_CONTEXT('2D SPACE',''
  ) );
#11055 = PCURVE('',#11056,#11061);
#11056 = PLANE('',#11057);
#11057 = AXIS2_PLACEMENT_3D('',#11058,#11059,#11060);
#11058 = CARTESIAN_POINT('',(46.692104549907,-5.281148098083E-15,
    1.01278E+03));
#11059 = DIRECTION('',(1.,0.,0.));
#11060 = DIRECTION('',(0.,0.,1.));
#11061 = DEFINITIONAL_REPRESENTATION('',(#11062),#11066);
#11062 = CIRCLE('',#11063,29.);
#11063 = AXIS2_PLACEMENT_2D('',#11064,#11065);
#11064 = CARTESIAN_POINT('',(0.,-5.665623644479E-15));
#11065 = DIRECTION('',(0.,-1.));
#11066 = ( GEOMETRIC_REPRESENTATION_CONTEXT(2) 
PARAMETRIC_REPRESENTATION_CONTEXT() REPRESENTATION_CONTEXT('2D SPACE',''
  ) );
#11067 = ORIENTED_EDGE('',*,*,#11068,.T.);
#11068 = EDGE_CURVE('',#11035,#11069,#11071,.T.);
#11069 = VERTEX_POINT('',#11070);
#11070 = CARTESIAN_POINT('',(49.692104549907,29.,1.01278E+03));
#11071 = SEAM_CURVE('',#11072,(#11076,#11083),.PCURVE_S1.);
#11072 = LINE('',#11073,#11074);
#11073 = CARTESIAN_POINT('',(46.692104549907,29.,1.01278E+03));
#11074 = VECTOR('',#11075,1.);
#11075 = DIRECTION('',(1.,0.,0.));
#11076 = PCURVE('',#11044,#11077);
#11077 = DEFINITIONAL_REPRESENTATION('',(#11078),#11082);
#11078 = LINE('',#11079,#11080);
#11079 = CARTESIAN_POINT('',(-5.861977570021E-13,0.));
#11080 = VECTOR('',#11081,1.);
#11081 = DIRECTION('',(-0.,-1.));
#11082 = ( GEOMETRIC_REPRESENTATION_CONTEXT(2) 
PARAMETRIC_REPRESENTATION_CONTEXT() REPRESENTATION_CONTEXT('2D SPACE',''
  ) );
#11083 = PCURVE('',#11044,#11084);
#11084 = DEFINITIONAL_REPRESENTATION('',(#11085),#11089);
#11085 = LINE('',#11086,#11087);
#11086 = CARTESIAN_POINT('',(6.28318530718,0.));
#11087 = VECTOR('',#11088,1.);
#11088 = DIRECTION('',(-0.,-1.));
#11089 = ( GEOMETRIC_REPRESENTATION_CONTEXT(2) 
PARAMETRIC_REPRESENTATION_CONTEXT() REPRESENTATION_CONTEXT('2D SPACE',''
  ) );
#11090 = ORIENTED_EDGE('',*,*,#11091,.F.);
#11091 = EDGE_CURVE('',#11069,#11069,#11092,.T.);
#11092 = SURFACE_CURVE('',#11093,(#11098,#11105),.PCURVE_S1.);
#11093 = CIRCLE('',#11094,29.);
#11094 = AXIS2_PLACEMENT_3D('',#11095,#11096,#11097);
#11095 = CARTESIAN_POINT('',(49.692104549907,3.844755463956E-16,
    1.01278E+03));
#11096 = DIRECTION('',(1.,0.,0.));
#11097 = DIRECTION('',(0.,1.,0.));
#11098 = PCURVE('',#11044,#11099);
#11099 = DEFINITIONAL_REPRESENTATION('',(#11100),#11104);
#11100 = LINE('',#11101,#11102);
#11101 = CARTESIAN_POINT('',(6.28318530718,-3.));
#11102 = VECTOR('',#11103,1.);
#11103 = DIRECTION('',(-1.,0.));
#11104 = ( GEOMETRIC_REPRESENTATION_CONTEXT(2) 
PARAMETRIC_REPRESENTATION_CONTEXT() REPRESENTATION_CONTEXT('2D SPACE',''
  ) );
#11105 = PCURVE('',#11106,#11111);
#11106 = PLANE('',#11107);
#11107 = AXIS2_PLACEMENT_3D('',#11108,#11109,#11110);
#11108 = CARTESIAN_POINT('',(49.692104549907,-5.281148098083E-15,
    1.01278E+03));
#11109 = DIRECTION('',(1.,0.,0.));
#11110 = DIRECTION('',(0.,0.,1.));
#11111 = DEFINITIONAL_REPRESENTATION('',(#11112),#11116);
#11112 = CIRCLE('',#11113,29.);
#11113 = AXIS2_PLACEMENT_2D('',#11114,#11115);
#11114 = CARTESIAN_POINT('',(0.,-5.665623644479E-15));
#11115 = DIRECTION('',(0.,-1.));
#11116 = ( GEOMETRIC_REPRESENTATION_CONTEXT(2) 
PARAMETRIC_REPRESENTATION_CONTEXT() REPRESENTATION_CONTEXT('2D SPACE',''
  ) );
#11117 = ORIENTED_EDGE('',*,*,#11068,.F.);
#11118 = ADVANCED_FACE('',(#11119),#11132,.F.);
#11119 = FACE_BOUND('',#11120,.F.);
#11120 = EDGE_LOOP('',(#11121,#11150,#11173,#11195));
#11121 = ORIENTED_EDGE('',*,*,#11122,.T.);
#11122 = EDGE_CURVE('',#11123,#11123,#11125,.T.);
#11123 = VERTEX_POINT('',#11124);
#11124 = CARTESIAN_POINT('',(46.692104549907,19.,1.01278E+03));
#11125 = SURFACE_CURVE('',#11126,(#11131,#11143),.PCURVE_S1.);
#11126 = CIRCLE('',#11127,19.);
#11127 = AXIS2_PLACEMENT_3D('',#11128,#11129,#11130);
#11128 = CARTESIAN_POINT('',(46.692104549907,1.38082757442E-13,
    1.01278E+03));
#11129 = DIRECTION('',(1.,0.,0.));
#11130 = DIRECTION('',(0.,1.,0.));
#11131 = PCURVE('',#11132,#11137);
#11132 = CYLINDRICAL_SURFACE('',#11133,19.);
#11133 = AXIS2_PLACEMENT_3D('',#11134,#11135,#11136);
#11134 = CARTESIAN_POINT('',(46.692104549907,1.38082757442E-13,
    1.01278E+03));
#11135 = DIRECTION('',(-1.,-0.,-0.));
#11136 = DIRECTION('',(0.,1.,0.));
#11137 = DEFINITIONAL_REPRESENTATION('',(#11138),#11142);
#11138 = LINE('',#11139,#11140);
#11139 = CARTESIAN_POINT('',(6.28318530718,0.));
#11140 = VECTOR('',#11141,1.);
#11141 = DIRECTION('',(-1.,0.));
#11142 = ( GEOMETRIC_REPRESENTATION_CONTEXT(2) 
PARAMETRIC_REPRESENTATION_CONTEXT() REPRESENTATION_CONTEXT('2D SPACE',''
  ) );
#11143 = PCURVE('',#11056,#11144);
#11144 = DEFINITIONAL_REPRESENTATION('',(#11145),#11149);
#11145 = CIRCLE('',#11146,19.);
#11146 = AXIS2_PLACEMENT_2D('',#11147,#11148);
#11147 = CARTESIAN_POINT('',(0.,-1.433639055401E-13));
#11148 = DIRECTION('',(0.,-1.));
#11149 = ( GEOMETRIC_REPRESENTATION_CONTEXT(2) 
PARAMETRIC_REPRESENTATION_CONTEXT() REPRESENTATION_CONTEXT('2D SPACE',''
  ) );
#11150 = ORIENTED_EDGE('',*,*,#11151,.T.);
#11151 = EDGE_CURVE('',#11123,#11152,#11154,.T.);
#11152 = VERTEX_POINT('',#11153);
#11153 = CARTESIAN_POINT('',(49.692104549907,19.,1.01278E+03));
#11154 = SEAM_CURVE('',#11155,(#11159,#11166),.PCURVE_S1.);
#11155 = LINE('',#11156,#11157);
#11156 = CARTESIAN_POINT('',(46.692104549907,19.,1.01278E+03));
#11157 = VECTOR('',#11158,1.);
#11158 = DIRECTION('',(1.,0.,0.));
#11159 = PCURVE('',#11132,#11160);
#11160 = DEFINITIONAL_REPRESENTATION('',(#11161),#11165);
#11161 = LINE('',#11162,#11163);
#11162 = CARTESIAN_POINT('',(-5.861977570021E-13,0.));
#11163 = VECTOR('',#11164,1.);
#11164 = DIRECTION('',(-0.,-1.));
#11165 = ( GEOMETRIC_REPRESENTATION_CONTEXT(2) 
PARAMETRIC_REPRESENTATION_CONTEXT() REPRESENTATION_CONTEXT('2D SPACE',''
  ) );
#11166 = PCURVE('',#11132,#11167);
#11167 = DEFINITIONAL_REPRESENTATION('',(#11168),#11172);
#11168 = LINE('',#11169,#11170);
#11169 = CARTESIAN_POINT('',(6.28318530718,0.));
#11170 = VECTOR('',#11171,1.);
#11171 = DIRECTION('',(-0.,-1.));
#11172 = ( GEOMETRIC_REPRESENTATION_CONTEXT(2) 
PARAMETRIC_REPRESENTATION_CONTEXT() REPRESENTATION_CONTEXT('2D SPACE',''
  ) );
#11173 = ORIENTED_EDGE('',*,*,#11174,.F.);
#11174 = EDGE_CURVE('',#11152,#11152,#11175,.T.);
#11175 = SURFACE_CURVE('',#11176,(#11181,#11188),.PCURVE_S1.);
#11176 = CIRCLE('',#11177,19.);
#11177 = AXIS2_PLACEMENT_3D('',#11178,#11179,#11180);
#11178 = CARTESIAN_POINT('',(49.692104549907,1.38082757442E-13,
    1.01278E+03));
#11179 = DIRECTION('',(1.,0.,0.));
#11180 = DIRECTION('',(0.,1.,0.));
#11181 = PCURVE('',#11132,#11182);
#11182 = DEFINITIONAL_REPRESENTATION('',(#11183),#11187);
#11183 = LINE('',#11184,#11185);
#11184 = CARTESIAN_POINT('',(6.28318530718,-3.));
#11185 = VECTOR('',#11186,1.);
#11186 = DIRECTION('',(-1.,0.));
#11187 = ( GEOMETRIC_REPRESENTATION_CONTEXT(2) 
PARAMETRIC_REPRESENTATION_CONTEXT() REPRESENTATION_CONTEXT('2D SPACE',''
  ) );
#11188 = PCURVE('',#11106,#11189);
#11189 = DEFINITIONAL_REPRESENTATION('',(#11190),#11194);
#11190 = CIRCLE('',#11191,19.);
#11191 = AXIS2_PLACEMENT_2D('',#11192,#11193);
#11192 = CARTESIAN_POINT('',(0.,-1.433639055401E-13));
#11193 = DIRECTION('',(0.,-1.));
#11194 = ( GEOMETRIC_REPRESENTATION_CONTEXT(2) 
PARAMETRIC_REPRESENTATION_CONTEXT() REPRESENTATION_CONTEXT('2D SPACE',''
  ) );
#11195 = ORIENTED_EDGE('',*,*,#11151,.F.);
#11196 = ADVANCED_FACE('',(#11197,#11200),#11056,.F.);
#11197 = FACE_BOUND('',#11198,.F.);
#11198 = EDGE_LOOP('',(#11199));
#11199 = ORIENTED_EDGE('',*,*,#11034,.T.);
#11200 = FACE_BOUND('',#11201,.F.);
#11201 = EDGE_LOOP('',(#11202));
#11202 = ORIENTED_EDGE('',*,*,#11122,.F.);
#11203 = ADVANCED_FACE('',(#11204,#11207),#11106,.T.);
#11204 = FACE_BOUND('',#11205,.T.);
#11205 = EDGE_LOOP('',(#11206));
#11206 = ORIENTED_EDGE('',*,*,#11091,.T.);
#11207 = FACE_BOUND('',#11208,.T.);
#11208 = EDGE_LOOP('',(#11209));
#11209 = ORIENTED_EDGE('',*,*,#11174,.F.);
#11210 = ( GEOMETRIC_REPRESENTATION_CONTEXT(3) 
GLOBAL_UNCERTAINTY_ASSIGNED_CONTEXT((#11214)) 
GLOBAL_UNIT_ASSIGNED_CONTEXT((#11211,#11212,#11213)) 
REPRESENTATION_CONTEXT('Context #1',
  '3D Context with UNIT and UNCERTAINTY') );
#11211 = ( LENGTH_UNIT() NAMED_UNIT(*) SI_UNIT(.MILLI.,.METRE.) );
#11212 = ( NAMED_UNIT(*) PLANE_ANGLE_UNIT() SI_UNIT($,.RADIAN.) );
#11213 = ( NAMED_UNIT(*) SI_UNIT($,.STERADIAN.) SOLID_ANGLE_UNIT() );
#11214 = UNCERTAINTY_MEASURE_WITH_UNIT(LENGTH_MEASURE(1.E-07),#11211,
  'distance_accuracy_value','confusion accuracy');
#11215 = CONTEXT_DEPENDENT_SHAPE_REPRESENTATION(#11216,#11218);
#11216 = ( REPRESENTATION_RELATIONSHIP('','',#11027,#10) 
REPRESENTATION_RELATIONSHIP_WITH_TRANSFORMATION(#11217) 
SHAPE_REPRESENTATION_RELATIONSHIP() );
#11217 = ITEM_DEFINED_TRANSFORMATION('','',#11,#35);
#11218 = PRODUCT_DEFINITION_SHAPE('Placement','Placement of an item',
  #11219);
#11219 = NEXT_ASSEMBLY_USAGE_OCCURRENCE('12','THRUST_COLLAR_RIGHT_300M',
  '',#5,#11022,$);
#11220 = PRODUCT_RELATED_PRODUCT_CATEGORY('part',$,(#11024));
ENDSEC;
END-ISO-10303-21;
