ISO-10303-21;
HEADER;
FILE_DESCRIPTION(('Open CASCADE Model'),'2;1');
FILE_NAME('Open CASCADE Shape Model','2026-09-27T03:35:09',('Author'),(
    'Open CASCADE'),'Open CASCADE STEP processor 7.9','Open CASCADE 7.9'
  ,'Unknown');
FILE_SCHEMA(('AUTOMOTIVE_DESIGN { 1 0 10303 214 1 1 1 1 }'));
ENDSEC;
DATA;
#1 = APPLICATION_PROTOCOL_DEFINITION('international standard',
  'automotive_design',2000,#2);
#2 = APPLICATION_CONTEXT(
  'core data for automotive mechanical design processes');
#3 = SHAPE_DEFINITION_REPRESENTATION(#4,#10);
#4 = PRODUCT_DEFINITION_SHAPE('','',#5);
#5 = PRODUCT_DEFINITION('design','',#6,#9);
#6 = PRODUCT_DEFINITION_FORMATION('','',#7);
#7 = PRODUCT('B13G1_AXIAL_THRUST_PATH','B13G1_AXIAL_THRUST_PATH','',(#8)
  );
#8 = PRODUCT_CONTEXT('',#2,'mechanical');
#9 = PRODUCT_DEFINITION_CONTEXT('part definition',#2,'design');
#10 = SHAPE_REPRESENTATION('',(#11,#15,#19,#23,#27,#31,#35),#39);
#11 = AXIS2_PLACEMENT_3D('',#12,#13,#14);
#12 = CARTESIAN_POINT('',(0.,0.,0.));
#13 = DIRECTION('',(0.,0.,1.));
#14 = DIRECTION('',(1.,0.,-0.));
#15 = AXIS2_PLACEMENT_3D('',#16,#17,#18);
#16 = CARTESIAN_POINT('',(0.,0.,0.));
#17 = DIRECTION('',(0.,0.,1.));
#18 = DIRECTION('',(1.,0.,-0.));
#19 = AXIS2_PLACEMENT_3D('',#20,#21,#22);
#20 = CARTESIAN_POINT('',(0.,0.,0.));
#21 = DIRECTION('',(0.,0.,1.));
#22 = DIRECTION('',(1.,0.,-0.));
#23 = AXIS2_PLACEMENT_3D('',#24,#25,#26);
#24 = CARTESIAN_POINT('',(0.,0.,0.));
#25 = DIRECTION('',(0.,0.,1.));
#26 = DIRECTION('',(1.,0.,-0.));
#27 = AXIS2_PLACEMENT_3D('',#28,#29,#30);
#28 = CARTESIAN_POINT('',(0.,0.,0.));
#29 = DIRECTION('',(0.,0.,1.));
#30 = DIRECTION('',(1.,0.,-0.));
#31 = AXIS2_PLACEMENT_3D('',#32,#33,#34);
#32 = CARTESIAN_POINT('',(0.,0.,0.));
#33 = DIRECTION('',(0.,0.,1.));
#34 = DIRECTION('',(1.,0.,-0.));
#35 = AXIS2_PLACEMENT_3D('',#36,#37,#38);
#36 = CARTESIAN_POINT('',(0.,0.,0.));
#37 = DIRECTION('',(0.,0.,1.));
#38 = DIRECTION('',(1.,0.,-0.));
#39 = ( GEOMETRIC_REPRESENTATION_CONTEXT(3) 
GLOBAL_UNCERTAINTY_ASSIGNED_CONTEXT((#43)) GLOBAL_UNIT_ASSIGNED_CONTEXT(
(#40,#41,#42)) REPRESENTATION_CONTEXT('Context #1',
  '3D Context with UNIT and UNCERTAINTY') );
#40 = ( LENGTH_UNIT() NAMED_UNIT(*) SI_UNIT(.MILLI.,.METRE.) );
#41 = ( NAMED_UNIT(*) PLANE_ANGLE_UNIT() SI_UNIT($,.RADIAN.) );
#42 = ( NAMED_UNIT(*) SI_UNIT($,.STERADIAN.) SOLID_ANGLE_UNIT() );
#43 = UNCERTAINTY_MEASURE_WITH_UNIT(LENGTH_MEASURE(1.E-07),#40,
  'distance_accuracy_value','confusion accuracy');
#44 = PRODUCT_RELATED_PRODUCT_CATEGORY('part',$,(#7));
#45 = SHAPE_DEFINITION_REPRESENTATION(#46,#52);
#46 = PRODUCT_DEFINITION_SHAPE('','',#47);
#47 = PRODUCT_DEFINITION('design','',#48,#51);
#48 = PRODUCT_DEFINITION_FORMATION('','',#49);
#49 = PRODUCT('HEAD_BARREL_7075','HEAD_BARREL_7075','',(#50));
#50 = PRODUCT_CONTEXT('',#2,'mechanical');
#51 = PRODUCT_DEFINITION_CONTEXT('part definition',#2,'design');
#52 = ADVANCED_BREP_SHAPE_REPRESENTATION('',(#11,#53),#6564);
#53 = MANIFOLD_SOLID_BREP('',#54);
#54 = CLOSED_SHELL('',(#55,#123,#178,#233,#288,#292,#347,#402,#457,#512,
    #567,#622,#677,#732,#787,#842,#897,#952,#1007,#1062,#1117,#1172,
    #1227,#1282,#1337,#1392,#1447,#1502,#1557,#1612,#1667,#1722,#1777,
    #1832,#1887,#1942,#1997,#2052,#2107,#2162,#2217,#2272,#2327,#2382,
    #2437,#2492,#2547,#2602,#2657,#2712,#2767,#2822,#2877,#2932,#2987,
    #3042,#3097,#3152,#3207,#3262,#3317,#3372,#3430,#3485,#6249,#6281,
    #6330,#6334,#6361,#6415,#6441,#6468,#6505,#6537));
#55 = ADVANCED_FACE('',(#56,#92),#69,.F.);
#56 = FACE_BOUND('',#57,.T.);
#57 = EDGE_LOOP('',(#58));
#58 = ORIENTED_EDGE('',*,*,#59,.F.);
#59 = EDGE_CURVE('',#60,#60,#62,.T.);
#60 = VERTEX_POINT('',#61);
#61 = CARTESIAN_POINT('',(47.5563304575,0.,700.));
#62 = SURFACE_CURVE('',#63,(#68,#80),.PCURVE_S1.);
#63 = CIRCLE('',#64,47.5563304575);
#64 = AXIS2_PLACEMENT_3D('',#65,#66,#67);
#65 = CARTESIAN_POINT('',(0.,0.,700.));
#66 = DIRECTION('',(0.,0.,1.));
#67 = DIRECTION('',(1.,0.,0.));
#68 = PCURVE('',#69,#74);
#69 = PLANE('',#70);
#70 = AXIS2_PLACEMENT_3D('',#71,#72,#73);
#71 = CARTESIAN_POINT('',(0.,0.,700.));
#72 = DIRECTION('',(0.,0.,1.));
#73 = DIRECTION('',(1.,0.,0.));
#74 = DEFINITIONAL_REPRESENTATION('',(#75),#79);
#75 = CIRCLE('',#76,47.5563304575);
#76 = AXIS2_PLACEMENT_2D('',#77,#78);
#77 = CARTESIAN_POINT('',(0.,0.));
#78 = DIRECTION('',(1.,0.));
#79 = ( GEOMETRIC_REPRESENTATION_CONTEXT(2) 
PARAMETRIC_REPRESENTATION_CONTEXT() REPRESENTATION_CONTEXT('2D SPACE',''
  ) );
#80 = PCURVE('',#81,#86);
#81 = CONICAL_SURFACE('',#82,47.5563304575,3.262651771423E-02);
#82 = AXIS2_PLACEMENT_3D('',#83,#84,#85);
#83 = CARTESIAN_POINT('',(0.,0.,700.));
#84 = DIRECTION('',(0.,0.,1.));
#85 = DIRECTION('',(1.,0.,0.));
#86 = DEFINITIONAL_REPRESENTATION('',(#87),#91);
#87 = LINE('',#88,#89);
#88 = CARTESIAN_POINT('',(0.,0.));
#89 = VECTOR('',#90,1.);
#90 = DIRECTION('',(1.,0.));
#91 = ( GEOMETRIC_REPRESENTATION_CONTEXT(2) 
PARAMETRIC_REPRESENTATION_CONTEXT() REPRESENTATION_CONTEXT('2D SPACE',''
  ) );
#92 = FACE_BOUND('',#93,.T.);
#93 = EDGE_LOOP('',(#94));
#94 = ORIENTED_EDGE('',*,*,#95,.T.);
#95 = EDGE_CURVE('',#96,#96,#98,.T.);
#96 = VERTEX_POINT('',#97);
#97 = CARTESIAN_POINT('',(32.,0.,700.));
#98 = SURFACE_CURVE('',#99,(#104,#111),.PCURVE_S1.);
#99 = CIRCLE('',#100,32.);
#100 = AXIS2_PLACEMENT_3D('',#101,#102,#103);
#101 = CARTESIAN_POINT('',(0.,0.,700.));
#102 = DIRECTION('',(0.,0.,1.));
#103 = DIRECTION('',(1.,0.,0.));
#104 = PCURVE('',#69,#105);
#105 = DEFINITIONAL_REPRESENTATION('',(#106),#110);
#106 = CIRCLE('',#107,32.);
#107 = AXIS2_PLACEMENT_2D('',#108,#109);
#108 = CARTESIAN_POINT('',(0.,0.));
#109 = DIRECTION('',(1.,0.));
#110 = ( GEOMETRIC_REPRESENTATION_CONTEXT(2) 
PARAMETRIC_REPRESENTATION_CONTEXT() REPRESENTATION_CONTEXT('2D SPACE',''
  ) );
#111 = PCURVE('',#112,#117);
#112 = CYLINDRICAL_SURFACE('',#113,32.);
#113 = AXIS2_PLACEMENT_3D('',#114,#115,#116);
#114 = CARTESIAN_POINT('',(0.,0.,700.));
#115 = DIRECTION('',(-0.,-0.,-1.));
#116 = DIRECTION('',(1.,0.,0.));
#117 = DEFINITIONAL_REPRESENTATION('',(#118),#122);
#118 = LINE('',#119,#120);
#119 = CARTESIAN_POINT('',(6.28318530718,0.));
#120 = VECTOR('',#121,1.);
#121 = DIRECTION('',(-1.,0.));
#122 = ( GEOMETRIC_REPRESENTATION_CONTEXT(2) 
PARAMETRIC_REPRESENTATION_CONTEXT() REPRESENTATION_CONTEXT('2D SPACE',''
  ) );
#123 = ADVANCED_FACE('',(#124),#81,.T.);
#124 = FACE_BOUND('',#125,.T.);
#125 = EDGE_LOOP('',(#126,#127,#150,#177));
#126 = ORIENTED_EDGE('',*,*,#59,.T.);
#127 = ORIENTED_EDGE('',*,*,#128,.T.);
#128 = EDGE_CURVE('',#60,#129,#131,.T.);
#129 = VERTEX_POINT('',#130);
#130 = CARTESIAN_POINT('',(47.705258105561,0.,704.563));
#131 = SEAM_CURVE('',#132,(#136,#143),.PCURVE_S1.);
#132 = LINE('',#133,#134);
#133 = CARTESIAN_POINT('',(47.5563304575,0.,700.));
#134 = VECTOR('',#135,1.);
#135 = DIRECTION('',(3.262072959055E-02,0.,0.999467802383));
#136 = PCURVE('',#81,#137);
#137 = DEFINITIONAL_REPRESENTATION('',(#138),#142);
#138 = LINE('',#139,#140);
#139 = CARTESIAN_POINT('',(6.28318530718,0.));
#140 = VECTOR('',#141,1.);
#141 = DIRECTION('',(0.,1.));
#142 = ( GEOMETRIC_REPRESENTATION_CONTEXT(2) 
PARAMETRIC_REPRESENTATION_CONTEXT() REPRESENTATION_CONTEXT('2D SPACE',''
  ) );
#143 = PCURVE('',#81,#144);
#144 = DEFINITIONAL_REPRESENTATION('',(#145),#149);
#145 = LINE('',#146,#147);
#146 = CARTESIAN_POINT('',(4.138911435803E-13,0.));
#147 = VECTOR('',#148,1.);
#148 = DIRECTION('',(0.,1.));
#149 = ( GEOMETRIC_REPRESENTATION_CONTEXT(2) 
PARAMETRIC_REPRESENTATION_CONTEXT() REPRESENTATION_CONTEXT('2D SPACE',''
  ) );
#150 = ORIENTED_EDGE('',*,*,#151,.F.);
#151 = EDGE_CURVE('',#129,#129,#152,.T.);
#152 = SURFACE_CURVE('',#153,(#158,#165),.PCURVE_S1.);
#153 = CIRCLE('',#154,47.705258105561);
#154 = AXIS2_PLACEMENT_3D('',#155,#156,#157);
#155 = CARTESIAN_POINT('',(0.,0.,704.563));
#156 = DIRECTION('',(0.,0.,1.));
#157 = DIRECTION('',(1.,0.,0.));
#158 = PCURVE('',#81,#159);
#159 = DEFINITIONAL_REPRESENTATION('',(#160),#164);
#160 = LINE('',#161,#162);
#161 = CARTESIAN_POINT('',(0.,4.563));
#162 = VECTOR('',#163,1.);
#163 = DIRECTION('',(1.,0.));
#164 = ( GEOMETRIC_REPRESENTATION_CONTEXT(2) 
PARAMETRIC_REPRESENTATION_CONTEXT() REPRESENTATION_CONTEXT('2D SPACE',''
  ) );
#165 = PCURVE('',#166,#171);
#166 = CONICAL_SURFACE('',#167,47.705258105561,3.242088180408E-02);
#167 = AXIS2_PLACEMENT_3D('',#168,#169,#170);
#168 = CARTESIAN_POINT('',(0.,0.,704.563));
#169 = DIRECTION('',(0.,0.,1.));
#170 = DIRECTION('',(1.,0.,0.));
#171 = DEFINITIONAL_REPRESENTATION('',(#172),#176);
#172 = LINE('',#173,#174);
#173 = CARTESIAN_POINT('',(0.,0.));
#174 = VECTOR('',#175,1.);
#175 = DIRECTION('',(1.,0.));
#176 = ( GEOMETRIC_REPRESENTATION_CONTEXT(2) 
PARAMETRIC_REPRESENTATION_CONTEXT() REPRESENTATION_CONTEXT('2D SPACE',''
  ) );
#177 = ORIENTED_EDGE('',*,*,#128,.F.);
#178 = ADVANCED_FACE('',(#179),#112,.F.);
#179 = FACE_BOUND('',#180,.F.);
#180 = EDGE_LOOP('',(#181,#182,#205,#232));
#181 = ORIENTED_EDGE('',*,*,#95,.T.);
#182 = ORIENTED_EDGE('',*,*,#183,.T.);
#183 = EDGE_CURVE('',#96,#184,#186,.T.);
#184 = VERTEX_POINT('',#185);
#185 = CARTESIAN_POINT('',(32.,0.,973.78));
#186 = SEAM_CURVE('',#187,(#191,#198),.PCURVE_S1.);
#187 = LINE('',#188,#189);
#188 = CARTESIAN_POINT('',(32.,0.,700.));
#189 = VECTOR('',#190,1.);
#190 = DIRECTION('',(0.,0.,1.));
#191 = PCURVE('',#112,#192);
#192 = DEFINITIONAL_REPRESENTATION('',(#193),#197);
#193 = LINE('',#194,#195);
#194 = CARTESIAN_POINT('',(4.138911435803E-13,0.));
#195 = VECTOR('',#196,1.);
#196 = DIRECTION('',(-0.,-1.));
#197 = ( GEOMETRIC_REPRESENTATION_CONTEXT(2) 
PARAMETRIC_REPRESENTATION_CONTEXT() REPRESENTATION_CONTEXT('2D SPACE',''
  ) );
#198 = PCURVE('',#112,#199);
#199 = DEFINITIONAL_REPRESENTATION('',(#200),#204);
#200 = LINE('',#201,#202);
#201 = CARTESIAN_POINT('',(6.283185307179,0.));
#202 = VECTOR('',#203,1.);
#203 = DIRECTION('',(-0.,-1.));
#204 = ( GEOMETRIC_REPRESENTATION_CONTEXT(2) 
PARAMETRIC_REPRESENTATION_CONTEXT() REPRESENTATION_CONTEXT('2D SPACE',''
  ) );
#205 = ORIENTED_EDGE('',*,*,#206,.F.);
#206 = EDGE_CURVE('',#184,#184,#207,.T.);
#207 = SURFACE_CURVE('',#208,(#213,#220),.PCURVE_S1.);
#208 = CIRCLE('',#209,32.);
#209 = AXIS2_PLACEMENT_3D('',#210,#211,#212);
#210 = CARTESIAN_POINT('',(0.,0.,973.78));
#211 = DIRECTION('',(0.,0.,1.));
#212 = DIRECTION('',(1.,0.,0.));
#213 = PCURVE('',#112,#214);
#214 = DEFINITIONAL_REPRESENTATION('',(#215),#219);
#215 = LINE('',#216,#217);
#216 = CARTESIAN_POINT('',(6.28318530718,-273.78));
#217 = VECTOR('',#218,1.);
#218 = DIRECTION('',(-1.,0.));
#219 = ( GEOMETRIC_REPRESENTATION_CONTEXT(2) 
PARAMETRIC_REPRESENTATION_CONTEXT() REPRESENTATION_CONTEXT('2D SPACE',''
  ) );
#220 = PCURVE('',#221,#226);
#221 = PLANE('',#222);
#222 = AXIS2_PLACEMENT_3D('',#223,#224,#225);
#223 = CARTESIAN_POINT('',(-2.051160198809E-15,2.796030478528E-15,973.78
    ));
#224 = DIRECTION('',(0.,0.,1.));
#225 = DIRECTION('',(1.,0.,0.));
#226 = DEFINITIONAL_REPRESENTATION('',(#227),#231);
#227 = CIRCLE('',#228,32.);
#228 = AXIS2_PLACEMENT_2D('',#229,#230);
#229 = CARTESIAN_POINT('',(2.051160198809E-15,-2.796030478528E-15));
#230 = DIRECTION('',(1.,0.));
#231 = ( GEOMETRIC_REPRESENTATION_CONTEXT(2) 
PARAMETRIC_REPRESENTATION_CONTEXT() REPRESENTATION_CONTEXT('2D SPACE',''
  ) );
#232 = ORIENTED_EDGE('',*,*,#183,.F.);
#233 = ADVANCED_FACE('',(#234),#166,.T.);
#234 = FACE_BOUND('',#235,.T.);
#235 = EDGE_LOOP('',(#236,#237,#260,#287));
#236 = ORIENTED_EDGE('',*,*,#151,.T.);
#237 = ORIENTED_EDGE('',*,*,#238,.T.);
#238 = EDGE_CURVE('',#129,#239,#241,.T.);
#239 = VERTEX_POINT('',#240);
#240 = CARTESIAN_POINT('',(47.853246443717,0.,709.126));
#241 = SEAM_CURVE('',#242,(#246,#253),.PCURVE_S1.);
#242 = LINE('',#243,#244);
#243 = CARTESIAN_POINT('',(47.705258105561,0.,704.563));
#244 = VECTOR('',#245,1.);
#245 = DIRECTION('',(3.241520243107E-02,0.,0.999474489245));
#246 = PCURVE('',#166,#247);
#247 = DEFINITIONAL_REPRESENTATION('',(#248),#252);
#248 = LINE('',#249,#250);
#249 = CARTESIAN_POINT('',(6.28318530718,0.));
#250 = VECTOR('',#251,1.);
#251 = DIRECTION('',(0.,1.));
#252 = ( GEOMETRIC_REPRESENTATION_CONTEXT(2) 
PARAMETRIC_REPRESENTATION_CONTEXT() REPRESENTATION_CONTEXT('2D SPACE',''
  ) );
#253 = PCURVE('',#166,#254);
#254 = DEFINITIONAL_REPRESENTATION('',(#255),#259);
#255 = LINE('',#256,#257);
#256 = CARTESIAN_POINT('',(4.138911435803E-13,0.));
#257 = VECTOR('',#258,1.);
#258 = DIRECTION('',(0.,1.));
#259 = ( GEOMETRIC_REPRESENTATION_CONTEXT(2) 
PARAMETRIC_REPRESENTATION_CONTEXT() REPRESENTATION_CONTEXT('2D SPACE',''
  ) );
#260 = ORIENTED_EDGE('',*,*,#261,.F.);
#261 = EDGE_CURVE('',#239,#239,#262,.T.);
#262 = SURFACE_CURVE('',#263,(#268,#275),.PCURVE_S1.);
#263 = CIRCLE('',#264,47.853246443717);
#264 = AXIS2_PLACEMENT_3D('',#265,#266,#267);
#265 = CARTESIAN_POINT('',(0.,0.,709.126));
#266 = DIRECTION('',(0.,0.,1.));
#267 = DIRECTION('',(1.,0.,0.));
#268 = PCURVE('',#166,#269);
#269 = DEFINITIONAL_REPRESENTATION('',(#270),#274);
#270 = LINE('',#271,#272);
#271 = CARTESIAN_POINT('',(0.,4.563));
#272 = VECTOR('',#273,1.);
#273 = DIRECTION('',(1.,0.));
#274 = ( GEOMETRIC_REPRESENTATION_CONTEXT(2) 
PARAMETRIC_REPRESENTATION_CONTEXT() REPRESENTATION_CONTEXT('2D SPACE',''
  ) );
#275 = PCURVE('',#276,#281);
#276 = CONICAL_SURFACE('',#277,47.853246443717,3.220353926369E-02);
#277 = AXIS2_PLACEMENT_3D('',#278,#279,#280);
#278 = CARTESIAN_POINT('',(0.,0.,709.126));
#279 = DIRECTION('',(0.,0.,1.));
#280 = DIRECTION('',(1.,0.,0.));
#281 = DEFINITIONAL_REPRESENTATION('',(#282),#286);
#282 = LINE('',#283,#284);
#283 = CARTESIAN_POINT('',(0.,0.));
#284 = VECTOR('',#285,1.);
#285 = DIRECTION('',(1.,0.));
#286 = ( GEOMETRIC_REPRESENTATION_CONTEXT(2) 
PARAMETRIC_REPRESENTATION_CONTEXT() REPRESENTATION_CONTEXT('2D SPACE',''
  ) );
#287 = ORIENTED_EDGE('',*,*,#238,.F.);
#288 = ADVANCED_FACE('',(#289),#221,.F.);
#289 = FACE_BOUND('',#290,.F.);
#290 = EDGE_LOOP('',(#291));
#291 = ORIENTED_EDGE('',*,*,#206,.T.);
#292 = ADVANCED_FACE('',(#293),#276,.T.);
#293 = FACE_BOUND('',#294,.T.);
#294 = EDGE_LOOP('',(#295,#296,#319,#346));
#295 = ORIENTED_EDGE('',*,*,#261,.T.);
#296 = ORIENTED_EDGE('',*,*,#297,.T.);
#297 = EDGE_CURVE('',#239,#298,#300,.T.);
#298 = VERTEX_POINT('',#299);
#299 = CARTESIAN_POINT('',(48.000242011688,0.,713.689));
#300 = SEAM_CURVE('',#301,(#305,#312),.PCURVE_S1.);
#301 = LINE('',#302,#303);
#302 = CARTESIAN_POINT('',(47.853246443717,0.,709.126));
#303 = VECTOR('',#304,1.);
#304 = DIRECTION('',(3.21979733426E-02,0.,0.999481510841));
#305 = PCURVE('',#276,#306);
#306 = DEFINITIONAL_REPRESENTATION('',(#307),#311);
#307 = LINE('',#308,#309);
#308 = CARTESIAN_POINT('',(6.28318530718,0.));
#309 = VECTOR('',#310,1.);
#310 = DIRECTION('',(0.,1.));
#311 = ( GEOMETRIC_REPRESENTATION_CONTEXT(2) 
PARAMETRIC_REPRESENTATION_CONTEXT() REPRESENTATION_CONTEXT('2D SPACE',''
  ) );
#312 = PCURVE('',#276,#313);
#313 = DEFINITIONAL_REPRESENTATION('',(#314),#318);
#314 = LINE('',#315,#316);
#315 = CARTESIAN_POINT('',(4.138911435803E-13,0.));
#316 = VECTOR('',#317,1.);
#317 = DIRECTION('',(0.,1.));
#318 = ( GEOMETRIC_REPRESENTATION_CONTEXT(2) 
PARAMETRIC_REPRESENTATION_CONTEXT() REPRESENTATION_CONTEXT('2D SPACE',''
  ) );
#319 = ORIENTED_EDGE('',*,*,#320,.F.);
#320 = EDGE_CURVE('',#298,#298,#321,.T.);
#321 = SURFACE_CURVE('',#322,(#327,#334),.PCURVE_S1.);
#322 = CIRCLE('',#323,48.000242011688);
#323 = AXIS2_PLACEMENT_3D('',#324,#325,#326);
#324 = CARTESIAN_POINT('',(0.,0.,713.689));
#325 = DIRECTION('',(0.,0.,1.));
#326 = DIRECTION('',(1.,0.,0.));
#327 = PCURVE('',#276,#328);
#328 = DEFINITIONAL_REPRESENTATION('',(#329),#333);
#329 = LINE('',#330,#331);
#330 = CARTESIAN_POINT('',(0.,4.563));
#331 = VECTOR('',#332,1.);
#332 = DIRECTION('',(1.,0.));
#333 = ( GEOMETRIC_REPRESENTATION_CONTEXT(2) 
PARAMETRIC_REPRESENTATION_CONTEXT() REPRESENTATION_CONTEXT('2D SPACE',''
  ) );
#334 = PCURVE('',#335,#340);
#335 = CONICAL_SURFACE('',#336,48.000242011688,3.197448962029E-02);
#336 = AXIS2_PLACEMENT_3D('',#337,#338,#339);
#337 = CARTESIAN_POINT('',(0.,0.,713.689));
#338 = DIRECTION('',(0.,0.,1.));
#339 = DIRECTION('',(1.,0.,0.));
#340 = DEFINITIONAL_REPRESENTATION('',(#341),#345);
#341 = LINE('',#342,#343);
#342 = CARTESIAN_POINT('',(0.,0.));
#343 = VECTOR('',#344,1.);
#344 = DIRECTION('',(1.,0.));
#345 = ( GEOMETRIC_REPRESENTATION_CONTEXT(2) 
PARAMETRIC_REPRESENTATION_CONTEXT() REPRESENTATION_CONTEXT('2D SPACE',''
  ) );
#346 = ORIENTED_EDGE('',*,*,#297,.F.);
#347 = ADVANCED_FACE('',(#348),#335,.T.);
#348 = FACE_BOUND('',#349,.T.);
#349 = EDGE_LOOP('',(#350,#351,#374,#401));
#350 = ORIENTED_EDGE('',*,*,#320,.T.);
#351 = ORIENTED_EDGE('',*,*,#352,.T.);
#352 = EDGE_CURVE('',#298,#353,#355,.T.);
#353 = VERTEX_POINT('',#354);
#354 = CARTESIAN_POINT('',(48.146191349192,0.,718.252));
#355 = SEAM_CURVE('',#356,(#360,#367),.PCURVE_S1.);
#356 = LINE('',#357,#358);
#357 = CARTESIAN_POINT('',(48.000242011688,0.,713.689));
#358 = VECTOR('',#359,1.);
#359 = DIRECTION('',(3.196904161634E-02,0.,0.999488859557));
#360 = PCURVE('',#335,#361);
#361 = DEFINITIONAL_REPRESENTATION('',(#362),#366);
#362 = LINE('',#363,#364);
#363 = CARTESIAN_POINT('',(6.28318530718,0.));
#364 = VECTOR('',#365,1.);
#365 = DIRECTION('',(0.,1.));
#366 = ( GEOMETRIC_REPRESENTATION_CONTEXT(2) 
PARAMETRIC_REPRESENTATION_CONTEXT() REPRESENTATION_CONTEXT('2D SPACE',''
  ) );
#367 = PCURVE('',#335,#368);
#368 = DEFINITIONAL_REPRESENTATION('',(#369),#373);
#369 = LINE('',#370,#371);
#370 = CARTESIAN_POINT('',(4.138911435803E-13,0.));
#371 = VECTOR('',#372,1.);
#372 = DIRECTION('',(0.,1.));
#373 = ( GEOMETRIC_REPRESENTATION_CONTEXT(2) 
PARAMETRIC_REPRESENTATION_CONTEXT() REPRESENTATION_CONTEXT('2D SPACE',''
  ) );
#374 = ORIENTED_EDGE('',*,*,#375,.F.);
#375 = EDGE_CURVE('',#353,#353,#376,.T.);
#376 = SURFACE_CURVE('',#377,(#382,#389),.PCURVE_S1.);
#377 = CIRCLE('',#378,48.146191349192);
#378 = AXIS2_PLACEMENT_3D('',#379,#380,#381);
#379 = CARTESIAN_POINT('',(0.,0.,718.252));
#380 = DIRECTION('',(0.,0.,1.));
#381 = DIRECTION('',(1.,0.,0.));
#382 = PCURVE('',#335,#383);
#383 = DEFINITIONAL_REPRESENTATION('',(#384),#388);
#384 = LINE('',#385,#386);
#385 = CARTESIAN_POINT('',(0.,4.563));
#386 = VECTOR('',#387,1.);
#387 = DIRECTION('',(1.,0.));
#388 = ( GEOMETRIC_REPRESENTATION_CONTEXT(2) 
PARAMETRIC_REPRESENTATION_CONTEXT() REPRESENTATION_CONTEXT('2D SPACE',''
  ) );
#389 = PCURVE('',#390,#395);
#390 = CONICAL_SURFACE('',#391,48.146191349192,3.173373238161E-02);
#391 = AXIS2_PLACEMENT_3D('',#392,#393,#394);
#392 = CARTESIAN_POINT('',(0.,0.,718.252));
#393 = DIRECTION('',(0.,0.,1.));
#394 = DIRECTION('',(1.,0.,0.));
#395 = DEFINITIONAL_REPRESENTATION('',(#396),#400);
#396 = LINE('',#397,#398);
#397 = CARTESIAN_POINT('',(0.,0.));
#398 = VECTOR('',#399,1.);
#399 = DIRECTION('',(1.,0.));
#400 = ( GEOMETRIC_REPRESENTATION_CONTEXT(2) 
PARAMETRIC_REPRESENTATION_CONTEXT() REPRESENTATION_CONTEXT('2D SPACE',''
  ) );
#401 = ORIENTED_EDGE('',*,*,#352,.F.);
#402 = ADVANCED_FACE('',(#403),#390,.T.);
#403 = FACE_BOUND('',#404,.T.);
#404 = EDGE_LOOP('',(#405,#406,#429,#456));
#405 = ORIENTED_EDGE('',*,*,#375,.T.);
#406 = ORIENTED_EDGE('',*,*,#407,.T.);
#407 = EDGE_CURVE('',#353,#408,#410,.T.);
#408 = VERTEX_POINT('',#409);
#409 = CARTESIAN_POINT('',(48.29104099595,0.,722.815));
#410 = SEAM_CURVE('',#411,(#415,#422),.PCURVE_S1.);
#411 = LINE('',#412,#413);
#412 = CARTESIAN_POINT('',(48.146191349192,0.,718.252));
#413 = VECTOR('',#414,1.);
#414 = DIRECTION('',(3.172840651422E-02,0.,0.999496527368));
#415 = PCURVE('',#390,#416);
#416 = DEFINITIONAL_REPRESENTATION('',(#417),#421);
#417 = LINE('',#418,#419);
#418 = CARTESIAN_POINT('',(6.28318530718,0.));
#419 = VECTOR('',#420,1.);
#420 = DIRECTION('',(0.,1.));
#421 = ( GEOMETRIC_REPRESENTATION_CONTEXT(2) 
PARAMETRIC_REPRESENTATION_CONTEXT() REPRESENTATION_CONTEXT('2D SPACE',''
  ) );
#422 = PCURVE('',#390,#423);
#423 = DEFINITIONAL_REPRESENTATION('',(#424),#428);
#424 = LINE('',#425,#426);
#425 = CARTESIAN_POINT('',(4.138911435803E-13,0.));
#426 = VECTOR('',#427,1.);
#427 = DIRECTION('',(0.,1.));
#428 = ( GEOMETRIC_REPRESENTATION_CONTEXT(2) 
PARAMETRIC_REPRESENTATION_CONTEXT() REPRESENTATION_CONTEXT('2D SPACE',''
  ) );
#429 = ORIENTED_EDGE('',*,*,#430,.F.);
#430 = EDGE_CURVE('',#408,#408,#431,.T.);
#431 = SURFACE_CURVE('',#432,(#437,#444),.PCURVE_S1.);
#432 = CIRCLE('',#433,48.29104099595);
#433 = AXIS2_PLACEMENT_3D('',#434,#435,#436);
#434 = CARTESIAN_POINT('',(0.,0.,722.815));
#435 = DIRECTION('',(0.,0.,1.));
#436 = DIRECTION('',(1.,0.,0.));
#437 = PCURVE('',#390,#438);
#438 = DEFINITIONAL_REPRESENTATION('',(#439),#443);
#439 = LINE('',#440,#441);
#440 = CARTESIAN_POINT('',(0.,4.563));
#441 = VECTOR('',#442,1.);
#442 = DIRECTION('',(1.,0.));
#443 = ( GEOMETRIC_REPRESENTATION_CONTEXT(2) 
PARAMETRIC_REPRESENTATION_CONTEXT() REPRESENTATION_CONTEXT('2D SPACE',''
  ) );
#444 = PCURVE('',#445,#450);
#445 = CONICAL_SURFACE('',#446,48.29104099595,3.148126703682E-02);
#446 = AXIS2_PLACEMENT_3D('',#447,#448,#449);
#447 = CARTESIAN_POINT('',(0.,0.,722.815));
#448 = DIRECTION('',(0.,0.,1.));
#449 = DIRECTION('',(1.,0.,0.));
#450 = DEFINITIONAL_REPRESENTATION('',(#451),#455);
#451 = LINE('',#452,#453);
#452 = CARTESIAN_POINT('',(0.,0.));
#453 = VECTOR('',#454,1.);
#454 = DIRECTION('',(1.,0.));
#455 = ( GEOMETRIC_REPRESENTATION_CONTEXT(2) 
PARAMETRIC_REPRESENTATION_CONTEXT() REPRESENTATION_CONTEXT('2D SPACE',''
  ) );
#456 = ORIENTED_EDGE('',*,*,#407,.F.);
#457 = ADVANCED_FACE('',(#458),#445,.T.);
#458 = FACE_BOUND('',#459,.T.);
#459 = EDGE_LOOP('',(#460,#461,#484,#511));
#460 = ORIENTED_EDGE('',*,*,#430,.T.);
#461 = ORIENTED_EDGE('',*,*,#462,.T.);
#462 = EDGE_CURVE('',#408,#463,#465,.T.);
#463 = VERTEX_POINT('',#464);
#464 = CARTESIAN_POINT('',(48.434737491679,0.,727.378));
#465 = SEAM_CURVE('',#466,(#470,#477),.PCURVE_S1.);
#466 = LINE('',#467,#468);
#467 = CARTESIAN_POINT('',(48.29104099595,0.,722.815));
#468 = VECTOR('',#469,1.);
#469 = DIRECTION('',(3.147606727037E-02,0.,0.999504505837));
#470 = PCURVE('',#445,#471);
#471 = DEFINITIONAL_REPRESENTATION('',(#472),#476);
#472 = LINE('',#473,#474);
#473 = CARTESIAN_POINT('',(6.28318530718,0.));
#474 = VECTOR('',#475,1.);
#475 = DIRECTION('',(0.,1.));
#476 = ( GEOMETRIC_REPRESENTATION_CONTEXT(2) 
PARAMETRIC_REPRESENTATION_CONTEXT() REPRESENTATION_CONTEXT('2D SPACE',''
  ) );
#477 = PCURVE('',#445,#478);
#478 = DEFINITIONAL_REPRESENTATION('',(#479),#483);
#479 = LINE('',#480,#481);
#480 = CARTESIAN_POINT('',(4.138911435803E-13,0.));
#481 = VECTOR('',#482,1.);
#482 = DIRECTION('',(0.,1.));
#483 = ( GEOMETRIC_REPRESENTATION_CONTEXT(2) 
PARAMETRIC_REPRESENTATION_CONTEXT() REPRESENTATION_CONTEXT('2D SPACE',''
  ) );
#484 = ORIENTED_EDGE('',*,*,#485,.F.);
#485 = EDGE_CURVE('',#463,#463,#486,.T.);
#486 = SURFACE_CURVE('',#487,(#492,#499),.PCURVE_S1.);
#487 = CIRCLE('',#488,48.434737491679);
#488 = AXIS2_PLACEMENT_3D('',#489,#490,#491);
#489 = CARTESIAN_POINT('',(0.,0.,727.378));
#490 = DIRECTION('',(0.,0.,1.));
#491 = DIRECTION('',(1.,0.,0.));
#492 = PCURVE('',#445,#493);
#493 = DEFINITIONAL_REPRESENTATION('',(#494),#498);
#494 = LINE('',#495,#496);
#495 = CARTESIAN_POINT('',(0.,4.563));
#496 = VECTOR('',#497,1.);
#497 = DIRECTION('',(1.,0.));
#498 = ( GEOMETRIC_REPRESENTATION_CONTEXT(2) 
PARAMETRIC_REPRESENTATION_CONTEXT() REPRESENTATION_CONTEXT('2D SPACE',''
  ) );
#499 = PCURVE('',#500,#505);
#500 = CONICAL_SURFACE('',#501,48.434737491679,3.121709305754E-02);
#501 = AXIS2_PLACEMENT_3D('',#502,#503,#504);
#502 = CARTESIAN_POINT('',(0.,0.,727.378));
#503 = DIRECTION('',(0.,0.,1.));
#504 = DIRECTION('',(1.,0.,0.));
#505 = DEFINITIONAL_REPRESENTATION('',(#506),#510);
#506 = LINE('',#507,#508);
#507 = CARTESIAN_POINT('',(0.,0.));
#508 = VECTOR('',#509,1.);
#509 = DIRECTION('',(1.,0.));
#510 = ( GEOMETRIC_REPRESENTATION_CONTEXT(2) 
PARAMETRIC_REPRESENTATION_CONTEXT() REPRESENTATION_CONTEXT('2D SPACE',''
  ) );
#511 = ORIENTED_EDGE('',*,*,#462,.F.);
#512 = ADVANCED_FACE('',(#513),#500,.T.);
#513 = FACE_BOUND('',#514,.T.);
#514 = EDGE_LOOP('',(#515,#516,#539,#566));
#515 = ORIENTED_EDGE('',*,*,#485,.T.);
#516 = ORIENTED_EDGE('',*,*,#517,.T.);
#517 = EDGE_CURVE('',#463,#518,#520,.T.);
#518 = VERTEX_POINT('',#519);
#519 = CARTESIAN_POINT('',(48.5772273761,0.,731.941));
#520 = SEAM_CURVE('',#521,(#525,#532),.PCURVE_S1.);
#521 = LINE('',#522,#523);
#522 = CARTESIAN_POINT('',(48.434737491679,0.,727.378));
#523 = VECTOR('',#524,1.);
#524 = DIRECTION('',(3.121202309247E-02,0.,0.999512786119));
#525 = PCURVE('',#500,#526);
#526 = DEFINITIONAL_REPRESENTATION('',(#527),#531);
#527 = LINE('',#528,#529);
#528 = CARTESIAN_POINT('',(6.28318530718,0.));
#529 = VECTOR('',#530,1.);
#530 = DIRECTION('',(0.,1.));
#531 = ( GEOMETRIC_REPRESENTATION_CONTEXT(2) 
PARAMETRIC_REPRESENTATION_CONTEXT() REPRESENTATION_CONTEXT('2D SPACE',''
  ) );
#532 = PCURVE('',#500,#533);
#533 = DEFINITIONAL_REPRESENTATION('',(#534),#538);
#534 = LINE('',#535,#536);
#535 = CARTESIAN_POINT('',(4.138911435803E-13,0.));
#536 = VECTOR('',#537,1.);
#537 = DIRECTION('',(0.,1.));
#538 = ( GEOMETRIC_REPRESENTATION_CONTEXT(2) 
PARAMETRIC_REPRESENTATION_CONTEXT() REPRESENTATION_CONTEXT('2D SPACE',''
  ) );
#539 = ORIENTED_EDGE('',*,*,#540,.F.);
#540 = EDGE_CURVE('',#518,#518,#541,.T.);
#541 = SURFACE_CURVE('',#542,(#547,#554),.PCURVE_S1.);
#542 = CIRCLE('',#543,48.5772273761);
#543 = AXIS2_PLACEMENT_3D('',#544,#545,#546);
#544 = CARTESIAN_POINT('',(0.,0.,731.941));
#545 = DIRECTION('',(0.,0.,1.));
#546 = DIRECTION('',(1.,0.,0.));
#547 = PCURVE('',#500,#548);
#548 = DEFINITIONAL_REPRESENTATION('',(#549),#553);
#549 = LINE('',#550,#551);
#550 = CARTESIAN_POINT('',(0.,4.563));
#551 = VECTOR('',#552,1.);
#552 = DIRECTION('',(1.,0.));
#553 = ( GEOMETRIC_REPRESENTATION_CONTEXT(2) 
PARAMETRIC_REPRESENTATION_CONTEXT() REPRESENTATION_CONTEXT('2D SPACE',''
  ) );
#554 = PCURVE('',#555,#560);
#555 = CONICAL_SURFACE('',#556,48.5772273761,3.094120989885E-02);
#556 = AXIS2_PLACEMENT_3D('',#557,#558,#559);
#557 = CARTESIAN_POINT('',(0.,0.,731.941));
#558 = DIRECTION('',(0.,0.,1.));
#559 = DIRECTION('',(1.,0.,0.));
#560 = DEFINITIONAL_REPRESENTATION('',(#561),#565);
#561 = LINE('',#562,#563);
#562 = CARTESIAN_POINT('',(0.,0.));
#563 = VECTOR('',#564,1.);
#564 = DIRECTION('',(1.,0.));
#565 = ( GEOMETRIC_REPRESENTATION_CONTEXT(2) 
PARAMETRIC_REPRESENTATION_CONTEXT() REPRESENTATION_CONTEXT('2D SPACE',''
  ) );
#566 = ORIENTED_EDGE('',*,*,#517,.F.);
#567 = ADVANCED_FACE('',(#568),#555,.T.);
#568 = FACE_BOUND('',#569,.T.);
#569 = EDGE_LOOP('',(#570,#571,#594,#621));
#570 = ORIENTED_EDGE('',*,*,#540,.T.);
#571 = ORIENTED_EDGE('',*,*,#572,.T.);
#572 = EDGE_CURVE('',#518,#573,#575,.T.);
#573 = VERTEX_POINT('',#574);
#574 = CARTESIAN_POINT('',(48.718457188931,0.,736.504));
#575 = SEAM_CURVE('',#576,(#580,#587),.PCURVE_S1.);
#576 = LINE('',#577,#578);
#577 = CARTESIAN_POINT('',(48.5772273761,0.,731.941));
#578 = VECTOR('',#579,1.);
#579 = DIRECTION('',(3.093627316359E-02,0.,0.999521358953));
#580 = PCURVE('',#555,#581);
#581 = DEFINITIONAL_REPRESENTATION('',(#582),#586);
#582 = LINE('',#583,#584);
#583 = CARTESIAN_POINT('',(6.28318530718,0.));
#584 = VECTOR('',#585,1.);
#585 = DIRECTION('',(0.,1.));
#586 = ( GEOMETRIC_REPRESENTATION_CONTEXT(2) 
PARAMETRIC_REPRESENTATION_CONTEXT() REPRESENTATION_CONTEXT('2D SPACE',''
  ) );
#587 = PCURVE('',#555,#588);
#588 = DEFINITIONAL_REPRESENTATION('',(#589),#593);
#589 = LINE('',#590,#591);
#590 = CARTESIAN_POINT('',(4.138911435803E-13,0.));
#591 = VECTOR('',#592,1.);
#592 = DIRECTION('',(0.,1.));
#593 = ( GEOMETRIC_REPRESENTATION_CONTEXT(2) 
PARAMETRIC_REPRESENTATION_CONTEXT() REPRESENTATION_CONTEXT('2D SPACE',''
  ) );
#594 = ORIENTED_EDGE('',*,*,#595,.F.);
#595 = EDGE_CURVE('',#573,#573,#596,.T.);
#596 = SURFACE_CURVE('',#597,(#602,#609),.PCURVE_S1.);
#597 = CIRCLE('',#598,48.718457188931);
#598 = AXIS2_PLACEMENT_3D('',#599,#600,#601);
#599 = CARTESIAN_POINT('',(0.,0.,736.504));
#600 = DIRECTION('',(0.,0.,1.));
#601 = DIRECTION('',(1.,0.,0.));
#602 = PCURVE('',#555,#603);
#603 = DEFINITIONAL_REPRESENTATION('',(#604),#608);
#604 = LINE('',#605,#606);
#605 = CARTESIAN_POINT('',(0.,4.563));
#606 = VECTOR('',#607,1.);
#607 = DIRECTION('',(1.,0.));
#608 = ( GEOMETRIC_REPRESENTATION_CONTEXT(2) 
PARAMETRIC_REPRESENTATION_CONTEXT() REPRESENTATION_CONTEXT('2D SPACE',''
  ) );
#609 = PCURVE('',#610,#615);
#610 = CONICAL_SURFACE('',#611,48.718457188931,3.065361700041E-02);
#611 = AXIS2_PLACEMENT_3D('',#612,#613,#614);
#612 = CARTESIAN_POINT('',(0.,0.,736.504));
#613 = DIRECTION('',(0.,0.,1.));
#614 = DIRECTION('',(1.,0.,0.));
#615 = DEFINITIONAL_REPRESENTATION('',(#616),#620);
#616 = LINE('',#617,#618);
#617 = CARTESIAN_POINT('',(0.,0.));
#618 = VECTOR('',#619,1.);
#619 = DIRECTION('',(1.,0.));
#620 = ( GEOMETRIC_REPRESENTATION_CONTEXT(2) 
PARAMETRIC_REPRESENTATION_CONTEXT() REPRESENTATION_CONTEXT('2D SPACE',''
  ) );
#621 = ORIENTED_EDGE('',*,*,#572,.F.);
#622 = ADVANCED_FACE('',(#623),#610,.T.);
#623 = FACE_BOUND('',#624,.T.);
#624 = EDGE_LOOP('',(#625,#626,#649,#676));
#625 = ORIENTED_EDGE('',*,*,#595,.T.);
#626 = ORIENTED_EDGE('',*,*,#627,.T.);
#627 = EDGE_CURVE('',#573,#628,#630,.T.);
#628 = VERTEX_POINT('',#629);
#629 = CARTESIAN_POINT('',(48.858373469892,0.,741.067));
#630 = SEAM_CURVE('',#631,(#635,#642),.PCURVE_S1.);
#631 = LINE('',#632,#633);
#632 = CARTESIAN_POINT('',(48.718457188931,0.,736.504));
#633 = VECTOR('',#634,1.);
#634 = DIRECTION('',(3.064881664353E-02,0.,0.99953021467));
#635 = PCURVE('',#610,#636);
#636 = DEFINITIONAL_REPRESENTATION('',(#637),#641);
#637 = LINE('',#638,#639);
#638 = CARTESIAN_POINT('',(6.28318530718,0.));
#639 = VECTOR('',#640,1.);
#640 = DIRECTION('',(0.,1.));
#641 = ( GEOMETRIC_REPRESENTATION_CONTEXT(2) 
PARAMETRIC_REPRESENTATION_CONTEXT() REPRESENTATION_CONTEXT('2D SPACE',''
  ) );
#642 = PCURVE('',#610,#643);
#643 = DEFINITIONAL_REPRESENTATION('',(#644),#648);
#644 = LINE('',#645,#646);
#645 = CARTESIAN_POINT('',(4.138911435803E-13,0.));
#646 = VECTOR('',#647,1.);
#647 = DIRECTION('',(0.,1.));
#648 = ( GEOMETRIC_REPRESENTATION_CONTEXT(2) 
PARAMETRIC_REPRESENTATION_CONTEXT() REPRESENTATION_CONTEXT('2D SPACE',''
  ) );
#649 = ORIENTED_EDGE('',*,*,#650,.F.);
#650 = EDGE_CURVE('',#628,#628,#651,.T.);
#651 = SURFACE_CURVE('',#652,(#657,#664),.PCURVE_S1.);
#652 = CIRCLE('',#653,48.858373469892);
#653 = AXIS2_PLACEMENT_3D('',#654,#655,#656);
#654 = CARTESIAN_POINT('',(0.,0.,741.067));
#655 = DIRECTION('',(0.,0.,1.));
#656 = DIRECTION('',(1.,0.,0.));
#657 = PCURVE('',#610,#658);
#658 = DEFINITIONAL_REPRESENTATION('',(#659),#663);
#659 = LINE('',#660,#661);
#660 = CARTESIAN_POINT('',(0.,4.563));
#661 = VECTOR('',#662,1.);
#662 = DIRECTION('',(1.,0.));
#663 = ( GEOMETRIC_REPRESENTATION_CONTEXT(2) 
PARAMETRIC_REPRESENTATION_CONTEXT() REPRESENTATION_CONTEXT('2D SPACE',''
  ) );
#664 = PCURVE('',#665,#670);
#665 = CONICAL_SURFACE('',#666,48.858373469892,3.035431378752E-02);
#666 = AXIS2_PLACEMENT_3D('',#667,#668,#669);
#667 = CARTESIAN_POINT('',(0.,0.,741.067));
#668 = DIRECTION('',(0.,0.,1.));
#669 = DIRECTION('',(1.,0.,0.));
#670 = DEFINITIONAL_REPRESENTATION('',(#671),#675);
#671 = LINE('',#672,#673);
#672 = CARTESIAN_POINT('',(0.,0.));
#673 = VECTOR('',#674,1.);
#674 = DIRECTION('',(1.,0.));
#675 = ( GEOMETRIC_REPRESENTATION_CONTEXT(2) 
PARAMETRIC_REPRESENTATION_CONTEXT() REPRESENTATION_CONTEXT('2D SPACE',''
  ) );
#676 = ORIENTED_EDGE('',*,*,#627,.F.);
#677 = ADVANCED_FACE('',(#678),#665,.T.);
#678 = FACE_BOUND('',#679,.T.);
#679 = EDGE_LOOP('',(#680,#681,#704,#731));
#680 = ORIENTED_EDGE('',*,*,#650,.T.);
#681 = ORIENTED_EDGE('',*,*,#682,.T.);
#682 = EDGE_CURVE('',#628,#683,#685,.T.);
#683 = VERTEX_POINT('',#684);
#684 = CARTESIAN_POINT('',(48.996922758701,0.,745.63));
#685 = SEAM_CURVE('',#686,(#690,#697),.PCURVE_S1.);
#686 = LINE('',#687,#688);
#687 = CARTESIAN_POINT('',(48.858373469892,0.,741.067));
#688 = VECTOR('',#689,1.);
#689 = DIRECTION('',(3.034965267057E-02,0.,0.999539343189));
#690 = PCURVE('',#665,#691);
#691 = DEFINITIONAL_REPRESENTATION('',(#692),#696);
#692 = LINE('',#693,#694);
#693 = CARTESIAN_POINT('',(6.28318530718,0.));
#694 = VECTOR('',#695,1.);
#695 = DIRECTION('',(0.,1.));
#696 = ( GEOMETRIC_REPRESENTATION_CONTEXT(2) 
PARAMETRIC_REPRESENTATION_CONTEXT() REPRESENTATION_CONTEXT('2D SPACE',''
  ) );
#697 = PCURVE('',#665,#698);
#698 = DEFINITIONAL_REPRESENTATION('',(#699),#703);
#699 = LINE('',#700,#701);
#700 = CARTESIAN_POINT('',(4.138911435803E-13,0.));
#701 = VECTOR('',#702,1.);
#702 = DIRECTION('',(0.,1.));
#703 = ( GEOMETRIC_REPRESENTATION_CONTEXT(2) 
PARAMETRIC_REPRESENTATION_CONTEXT() REPRESENTATION_CONTEXT('2D SPACE',''
  ) );
#704 = ORIENTED_EDGE('',*,*,#705,.F.);
#705 = EDGE_CURVE('',#683,#683,#706,.T.);
#706 = SURFACE_CURVE('',#707,(#712,#719),.PCURVE_S1.);
#707 = CIRCLE('',#708,48.996922758701);
#708 = AXIS2_PLACEMENT_3D('',#709,#710,#711);
#709 = CARTESIAN_POINT('',(0.,0.,745.63));
#710 = DIRECTION('',(0.,0.,1.));
#711 = DIRECTION('',(1.,0.,0.));
#712 = PCURVE('',#665,#713);
#713 = DEFINITIONAL_REPRESENTATION('',(#714),#718);
#714 = LINE('',#715,#716);
#715 = CARTESIAN_POINT('',(0.,4.563));
#716 = VECTOR('',#717,1.);
#717 = DIRECTION('',(1.,0.));
#718 = ( GEOMETRIC_REPRESENTATION_CONTEXT(2) 
PARAMETRIC_REPRESENTATION_CONTEXT() REPRESENTATION_CONTEXT('2D SPACE',''
  ) );
#719 = PCURVE('',#720,#725);
#720 = CONICAL_SURFACE('',#721,48.996922758701,3.00432996724E-02);
#721 = AXIS2_PLACEMENT_3D('',#722,#723,#724);
#722 = CARTESIAN_POINT('',(0.,0.,745.63));
#723 = DIRECTION('',(0.,0.,1.));
#724 = DIRECTION('',(1.,0.,0.));
#725 = DEFINITIONAL_REPRESENTATION('',(#726),#730);
#726 = LINE('',#727,#728);
#727 = CARTESIAN_POINT('',(0.,0.));
#728 = VECTOR('',#729,1.);
#729 = DIRECTION('',(1.,0.));
#730 = ( GEOMETRIC_REPRESENTATION_CONTEXT(2) 
PARAMETRIC_REPRESENTATION_CONTEXT() REPRESENTATION_CONTEXT('2D SPACE',''
  ) );
#731 = ORIENTED_EDGE('',*,*,#682,.F.);
#732 = ADVANCED_FACE('',(#733),#720,.T.);
#733 = FACE_BOUND('',#734,.T.);
#734 = EDGE_LOOP('',(#735,#736,#759,#786));
#735 = ORIENTED_EDGE('',*,*,#705,.T.);
#736 = ORIENTED_EDGE('',*,*,#737,.T.);
#737 = EDGE_CURVE('',#683,#738,#740,.T.);
#738 = VERTEX_POINT('',#739);
#739 = CARTESIAN_POINT('',(49.134051595078,0.,750.193));
#740 = SEAM_CURVE('',#741,(#745,#752),.PCURVE_S1.);
#741 = LINE('',#742,#743);
#742 = CARTESIAN_POINT('',(48.996922758701,0.,745.63));
#743 = VECTOR('',#744,1.);
#744 = DIRECTION('',(3.003878036336E-02,0.,0.999548734017));
#745 = PCURVE('',#720,#746);
#746 = DEFINITIONAL_REPRESENTATION('',(#747),#751);
#747 = LINE('',#748,#749);
#748 = CARTESIAN_POINT('',(6.28318530718,0.));
#749 = VECTOR('',#750,1.);
#750 = DIRECTION('',(0.,1.));
#751 = ( GEOMETRIC_REPRESENTATION_CONTEXT(2) 
PARAMETRIC_REPRESENTATION_CONTEXT() REPRESENTATION_CONTEXT('2D SPACE',''
  ) );
#752 = PCURVE('',#720,#753);
#753 = DEFINITIONAL_REPRESENTATION('',(#754),#758);
#754 = LINE('',#755,#756);
#755 = CARTESIAN_POINT('',(4.138911435803E-13,0.));
#756 = VECTOR('',#757,1.);
#757 = DIRECTION('',(0.,1.));
#758 = ( GEOMETRIC_REPRESENTATION_CONTEXT(2) 
PARAMETRIC_REPRESENTATION_CONTEXT() REPRESENTATION_CONTEXT('2D SPACE',''
  ) );
#759 = ORIENTED_EDGE('',*,*,#760,.F.);
#760 = EDGE_CURVE('',#738,#738,#761,.T.);
#761 = SURFACE_CURVE('',#762,(#767,#774),.PCURVE_S1.);
#762 = CIRCLE('',#763,49.134051595078);
#763 = AXIS2_PLACEMENT_3D('',#764,#765,#766);
#764 = CARTESIAN_POINT('',(0.,0.,750.193));
#765 = DIRECTION('',(0.,0.,1.));
#766 = DIRECTION('',(1.,0.,0.));
#767 = PCURVE('',#720,#768);
#768 = DEFINITIONAL_REPRESENTATION('',(#769),#773);
#769 = LINE('',#770,#771);
#770 = CARTESIAN_POINT('',(0.,4.563));
#771 = VECTOR('',#772,1.);
#772 = DIRECTION('',(1.,0.));
#773 = ( GEOMETRIC_REPRESENTATION_CONTEXT(2) 
PARAMETRIC_REPRESENTATION_CONTEXT() REPRESENTATION_CONTEXT('2D SPACE',''
  ) );
#774 = PCURVE('',#775,#780);
#775 = CONICAL_SURFACE('',#776,49.134051595078,2.972057405533E-02);
#776 = AXIS2_PLACEMENT_3D('',#777,#778,#779);
#777 = CARTESIAN_POINT('',(0.,0.,750.193));
#778 = DIRECTION('',(0.,0.,1.));
#779 = DIRECTION('',(1.,0.,0.));
#780 = DEFINITIONAL_REPRESENTATION('',(#781),#785);
#781 = LINE('',#782,#783);
#782 = CARTESIAN_POINT('',(0.,0.));
#783 = VECTOR('',#784,1.);
#784 = DIRECTION('',(1.,0.));
#785 = ( GEOMETRIC_REPRESENTATION_CONTEXT(2) 
PARAMETRIC_REPRESENTATION_CONTEXT() REPRESENTATION_CONTEXT('2D SPACE',''
  ) );
#786 = ORIENTED_EDGE('',*,*,#737,.F.);
#787 = ADVANCED_FACE('',(#788),#775,.T.);
#788 = FACE_BOUND('',#789,.T.);
#789 = EDGE_LOOP('',(#790,#791,#814,#841));
#790 = ORIENTED_EDGE('',*,*,#760,.T.);
#791 = ORIENTED_EDGE('',*,*,#792,.T.);
#792 = EDGE_CURVE('',#738,#793,#795,.T.);
#793 = VERTEX_POINT('',#794);
#794 = CARTESIAN_POINT('',(49.269706518743,0.,754.756));
#795 = SEAM_CURVE('',#796,(#800,#807),.PCURVE_S1.);
#796 = LINE('',#797,#798);
#797 = CARTESIAN_POINT('',(49.134051595078,0.,750.193));
#798 = VECTOR('',#799,1.);
#799 = DIRECTION('',(2.97161988227E-02,0.,0.999558376248));
#800 = PCURVE('',#775,#801);
#801 = DEFINITIONAL_REPRESENTATION('',(#802),#806);
#802 = LINE('',#803,#804);
#803 = CARTESIAN_POINT('',(6.28318530718,0.));
#804 = VECTOR('',#805,1.);
#805 = DIRECTION('',(0.,1.));
#806 = ( GEOMETRIC_REPRESENTATION_CONTEXT(2) 
PARAMETRIC_REPRESENTATION_CONTEXT() REPRESENTATION_CONTEXT('2D SPACE',''
  ) );
#807 = PCURVE('',#775,#808);
#808 = DEFINITIONAL_REPRESENTATION('',(#809),#813);
#809 = LINE('',#810,#811);
#810 = CARTESIAN_POINT('',(4.138911435803E-13,0.));
#811 = VECTOR('',#812,1.);
#812 = DIRECTION('',(0.,1.));
#813 = ( GEOMETRIC_REPRESENTATION_CONTEXT(2) 
PARAMETRIC_REPRESENTATION_CONTEXT() REPRESENTATION_CONTEXT('2D SPACE',''
  ) );
#814 = ORIENTED_EDGE('',*,*,#815,.F.);
#815 = EDGE_CURVE('',#793,#793,#816,.T.);
#816 = SURFACE_CURVE('',#817,(#822,#829),.PCURVE_S1.);
#817 = CIRCLE('',#818,49.269706518743);
#818 = AXIS2_PLACEMENT_3D('',#819,#820,#821);
#819 = CARTESIAN_POINT('',(0.,0.,754.756));
#820 = DIRECTION('',(0.,0.,1.));
#821 = DIRECTION('',(1.,0.,0.));
#822 = PCURVE('',#775,#823);
#823 = DEFINITIONAL_REPRESENTATION('',(#824),#828);
#824 = LINE('',#825,#826);
#825 = CARTESIAN_POINT('',(0.,4.563));
#826 = VECTOR('',#827,1.);
#827 = DIRECTION('',(1.,0.));
#828 = ( GEOMETRIC_REPRESENTATION_CONTEXT(2) 
PARAMETRIC_REPRESENTATION_CONTEXT() REPRESENTATION_CONTEXT('2D SPACE',''
  ) );
#829 = PCURVE('',#830,#835);
#830 = CONICAL_SURFACE('',#831,49.269706518743,2.938613632599E-02);
#831 = AXIS2_PLACEMENT_3D('',#832,#833,#834);
#832 = CARTESIAN_POINT('',(0.,0.,754.756));
#833 = DIRECTION('',(0.,0.,1.));
#834 = DIRECTION('',(1.,0.,0.));
#835 = DEFINITIONAL_REPRESENTATION('',(#836),#840);
#836 = LINE('',#837,#838);
#837 = CARTESIAN_POINT('',(0.,0.));
#838 = VECTOR('',#839,1.);
#839 = DIRECTION('',(1.,0.));
#840 = ( GEOMETRIC_REPRESENTATION_CONTEXT(2) 
PARAMETRIC_REPRESENTATION_CONTEXT() REPRESENTATION_CONTEXT('2D SPACE',''
  ) );
#841 = ORIENTED_EDGE('',*,*,#792,.F.);
#842 = ADVANCED_FACE('',(#843),#830,.T.);
#843 = FACE_BOUND('',#844,.T.);
#844 = EDGE_LOOP('',(#845,#846,#869,#896));
#845 = ORIENTED_EDGE('',*,*,#815,.T.);
#846 = ORIENTED_EDGE('',*,*,#847,.T.);
#847 = EDGE_CURVE('',#793,#848,#850,.T.);
#848 = VERTEX_POINT('',#849);
#849 = CARTESIAN_POINT('',(49.403834069413,0.,759.319));
#850 = SEAM_CURVE('',#851,(#855,#862),.PCURVE_S1.);
#851 = LINE('',#852,#853);
#852 = CARTESIAN_POINT('',(49.269706518743,0.,754.756));
#853 = VECTOR('',#854,1.);
#854 = DIRECTION('',(2.938190713339E-02,0.,0.999568258566));
#855 = PCURVE('',#830,#856);
#856 = DEFINITIONAL_REPRESENTATION('',(#857),#861);
#857 = LINE('',#858,#859);
#858 = CARTESIAN_POINT('',(6.28318530718,0.));
#859 = VECTOR('',#860,1.);
#860 = DIRECTION('',(0.,1.));
#861 = ( GEOMETRIC_REPRESENTATION_CONTEXT(2) 
PARAMETRIC_REPRESENTATION_CONTEXT() REPRESENTATION_CONTEXT('2D SPACE',''
  ) );
#862 = PCURVE('',#830,#863);
#863 = DEFINITIONAL_REPRESENTATION('',(#864),#868);
#864 = LINE('',#865,#866);
#865 = CARTESIAN_POINT('',(4.138911435803E-13,0.));
#866 = VECTOR('',#867,1.);
#867 = DIRECTION('',(0.,1.));
#868 = ( GEOMETRIC_REPRESENTATION_CONTEXT(2) 
PARAMETRIC_REPRESENTATION_CONTEXT() REPRESENTATION_CONTEXT('2D SPACE',''
  ) );
#869 = ORIENTED_EDGE('',*,*,#870,.F.);
#870 = EDGE_CURVE('',#848,#848,#871,.T.);
#871 = SURFACE_CURVE('',#872,(#877,#884),.PCURVE_S1.);
#872 = CIRCLE('',#873,49.403834069413);
#873 = AXIS2_PLACEMENT_3D('',#874,#875,#876);
#874 = CARTESIAN_POINT('',(0.,0.,759.319));
#875 = DIRECTION('',(0.,0.,1.));
#876 = DIRECTION('',(1.,0.,0.));
#877 = PCURVE('',#830,#878);
#878 = DEFINITIONAL_REPRESENTATION('',(#879),#883);
#879 = LINE('',#880,#881);
#880 = CARTESIAN_POINT('',(0.,4.563));
#881 = VECTOR('',#882,1.);
#882 = DIRECTION('',(1.,0.));
#883 = ( GEOMETRIC_REPRESENTATION_CONTEXT(2) 
PARAMETRIC_REPRESENTATION_CONTEXT() REPRESENTATION_CONTEXT('2D SPACE',''
  ) );
#884 = PCURVE('',#885,#890);
#885 = CONICAL_SURFACE('',#886,49.403834069413,2.903998586472E-02);
#886 = AXIS2_PLACEMENT_3D('',#887,#888,#889);
#887 = CARTESIAN_POINT('',(0.,0.,759.319));
#888 = DIRECTION('',(0.,0.,1.));
#889 = DIRECTION('',(1.,0.,0.));
#890 = DEFINITIONAL_REPRESENTATION('',(#891),#895);
#891 = LINE('',#892,#893);
#892 = CARTESIAN_POINT('',(0.,0.));
#893 = VECTOR('',#894,1.);
#894 = DIRECTION('',(1.,0.));
#895 = ( GEOMETRIC_REPRESENTATION_CONTEXT(2) 
PARAMETRIC_REPRESENTATION_CONTEXT() REPRESENTATION_CONTEXT('2D SPACE',''
  ) );
#896 = ORIENTED_EDGE('',*,*,#847,.F.);
#897 = ADVANCED_FACE('',(#898),#885,.T.);
#898 = FACE_BOUND('',#899,.T.);
#899 = EDGE_LOOP('',(#900,#901,#924,#951));
#900 = ORIENTED_EDGE('',*,*,#870,.T.);
#901 = ORIENTED_EDGE('',*,*,#902,.T.);
#902 = EDGE_CURVE('',#848,#903,#905,.T.);
#903 = VERTEX_POINT('',#904);
#904 = CARTESIAN_POINT('',(49.536380786809,0.,763.882));
#905 = SEAM_CURVE('',#906,(#910,#917),.PCURVE_S1.);
#906 = LINE('',#907,#908);
#907 = CARTESIAN_POINT('',(49.403834069413,0.,759.319));
#908 = VECTOR('',#909,1.);
#909 = DIRECTION('',(2.903590436622E-02,0.,0.999578369243));
#910 = PCURVE('',#885,#911);
#911 = DEFINITIONAL_REPRESENTATION('',(#912),#916);
#912 = LINE('',#913,#914);
#913 = CARTESIAN_POINT('',(6.28318530718,0.));
#914 = VECTOR('',#915,1.);
#915 = DIRECTION('',(0.,1.));
#916 = ( GEOMETRIC_REPRESENTATION_CONTEXT(2) 
PARAMETRIC_REPRESENTATION_CONTEXT() REPRESENTATION_CONTEXT('2D SPACE',''
  ) );
#917 = PCURVE('',#885,#918);
#918 = DEFINITIONAL_REPRESENTATION('',(#919),#923);
#919 = LINE('',#920,#921);
#920 = CARTESIAN_POINT('',(4.138911435803E-13,0.));
#921 = VECTOR('',#922,1.);
#922 = DIRECTION('',(0.,1.));
#923 = ( GEOMETRIC_REPRESENTATION_CONTEXT(2) 
PARAMETRIC_REPRESENTATION_CONTEXT() REPRESENTATION_CONTEXT('2D SPACE',''
  ) );
#924 = ORIENTED_EDGE('',*,*,#925,.F.);
#925 = EDGE_CURVE('',#903,#903,#926,.T.);
#926 = SURFACE_CURVE('',#927,(#932,#939),.PCURVE_S1.);
#927 = CIRCLE('',#928,49.536380786809);
#928 = AXIS2_PLACEMENT_3D('',#929,#930,#931);
#929 = CARTESIAN_POINT('',(0.,0.,763.882));
#930 = DIRECTION('',(0.,0.,1.));
#931 = DIRECTION('',(1.,0.,0.));
#932 = PCURVE('',#885,#933);
#933 = DEFINITIONAL_REPRESENTATION('',(#934),#938);
#934 = LINE('',#935,#936);
#935 = CARTESIAN_POINT('',(0.,4.563));
#936 = VECTOR('',#937,1.);
#937 = DIRECTION('',(1.,0.));
#938 = ( GEOMETRIC_REPRESENTATION_CONTEXT(2) 
PARAMETRIC_REPRESENTATION_CONTEXT() REPRESENTATION_CONTEXT('2D SPACE',''
  ) );
#939 = PCURVE('',#940,#945);
#940 = CONICAL_SURFACE('',#941,49.536380786809,2.868212204399E-02);
#941 = AXIS2_PLACEMENT_3D('',#942,#943,#944);
#942 = CARTESIAN_POINT('',(0.,0.,763.882));
#943 = DIRECTION('',(0.,0.,1.));
#944 = DIRECTION('',(1.,0.,0.));
#945 = DEFINITIONAL_REPRESENTATION('',(#946),#950);
#946 = LINE('',#947,#948);
#947 = CARTESIAN_POINT('',(0.,0.));
#948 = VECTOR('',#949,1.);
#949 = DIRECTION('',(1.,0.));
#950 = ( GEOMETRIC_REPRESENTATION_CONTEXT(2) 
PARAMETRIC_REPRESENTATION_CONTEXT() REPRESENTATION_CONTEXT('2D SPACE',''
  ) );
#951 = ORIENTED_EDGE('',*,*,#902,.F.);
#952 = ADVANCED_FACE('',(#953),#940,.T.);
#953 = FACE_BOUND('',#954,.T.);
#954 = EDGE_LOOP('',(#955,#956,#979,#1006));
#955 = ORIENTED_EDGE('',*,*,#925,.T.);
#956 = ORIENTED_EDGE('',*,*,#957,.T.);
#957 = EDGE_CURVE('',#903,#958,#960,.T.);
#958 = VERTEX_POINT('',#959);
#959 = CARTESIAN_POINT('',(49.66729321065,0.,768.445));
#960 = SEAM_CURVE('',#961,(#965,#972),.PCURVE_S1.);
#961 = LINE('',#962,#963);
#962 = CARTESIAN_POINT('',(49.536380786809,0.,763.882));
#963 = VECTOR('',#964,1.);
#964 = DIRECTION('',(2.867818958026E-02,0.,0.999588696136));
#965 = PCURVE('',#940,#966);
#966 = DEFINITIONAL_REPRESENTATION('',(#967),#971);
#967 = LINE('',#968,#969);
#968 = CARTESIAN_POINT('',(6.28318530718,0.));
#969 = VECTOR('',#970,1.);
#970 = DIRECTION('',(0.,1.));
#971 = ( GEOMETRIC_REPRESENTATION_CONTEXT(2) 
PARAMETRIC_REPRESENTATION_CONTEXT() REPRESENTATION_CONTEXT('2D SPACE',''
  ) );
#972 = PCURVE('',#940,#973);
#973 = DEFINITIONAL_REPRESENTATION('',(#974),#978);
#974 = LINE('',#975,#976);
#975 = CARTESIAN_POINT('',(4.138911435803E-13,0.));
#976 = VECTOR('',#977,1.);
#977 = DIRECTION('',(0.,1.));
#978 = ( GEOMETRIC_REPRESENTATION_CONTEXT(2) 
PARAMETRIC_REPRESENTATION_CONTEXT() REPRESENTATION_CONTEXT('2D SPACE',''
  ) );
#979 = ORIENTED_EDGE('',*,*,#980,.F.);
#980 = EDGE_CURVE('',#958,#958,#981,.T.);
#981 = SURFACE_CURVE('',#982,(#987,#994),.PCURVE_S1.);
#982 = CIRCLE('',#983,49.66729321065);
#983 = AXIS2_PLACEMENT_3D('',#984,#985,#986);
#984 = CARTESIAN_POINT('',(0.,0.,768.445));
#985 = DIRECTION('',(0.,0.,1.));
#986 = DIRECTION('',(1.,0.,0.));
#987 = PCURVE('',#940,#988);
#988 = DEFINITIONAL_REPRESENTATION('',(#989),#993);
#989 = LINE('',#990,#991);
#990 = CARTESIAN_POINT('',(0.,4.563));
#991 = VECTOR('',#992,1.);
#992 = DIRECTION('',(1.,0.));
#993 = ( GEOMETRIC_REPRESENTATION_CONTEXT(2) 
PARAMETRIC_REPRESENTATION_CONTEXT() REPRESENTATION_CONTEXT('2D SPACE',''
  ) );
#994 = PCURVE('',#995,#1000);
#995 = CONICAL_SURFACE('',#996,49.66729321065,2.831254422973E-02);
#996 = AXIS2_PLACEMENT_3D('',#997,#998,#999);
#997 = CARTESIAN_POINT('',(0.,0.,768.445));
#998 = DIRECTION('',(0.,0.,1.));
#999 = DIRECTION('',(1.,0.,0.));
#1000 = DEFINITIONAL_REPRESENTATION('',(#1001),#1005);
#1001 = LINE('',#1002,#1003);
#1002 = CARTESIAN_POINT('',(0.,0.));
#1003 = VECTOR('',#1004,1.);
#1004 = DIRECTION('',(1.,0.));
#1005 = ( GEOMETRIC_REPRESENTATION_CONTEXT(2) 
PARAMETRIC_REPRESENTATION_CONTEXT() REPRESENTATION_CONTEXT('2D SPACE',''
  ) );
#1006 = ORIENTED_EDGE('',*,*,#957,.F.);
#1007 = ADVANCED_FACE('',(#1008),#995,.T.);
#1008 = FACE_BOUND('',#1009,.T.);
#1009 = EDGE_LOOP('',(#1010,#1011,#1034,#1061));
#1010 = ORIENTED_EDGE('',*,*,#980,.T.);
#1011 = ORIENTED_EDGE('',*,*,#1012,.T.);
#1012 = EDGE_CURVE('',#958,#1013,#1015,.T.);
#1013 = VERTEX_POINT('',#1014);
#1014 = CARTESIAN_POINT('',(49.796517880654,0.,773.008));
#1015 = SEAM_CURVE('',#1016,(#1020,#1027),.PCURVE_S1.);
#1016 = LINE('',#1017,#1018);
#1017 = CARTESIAN_POINT('',(49.66729321065,0.,768.445));
#1018 = VECTOR('',#1019,1.);
#1019 = DIRECTION('',(2.830876182469E-02,0.,0.999599226692));
#1020 = PCURVE('',#995,#1021);
#1021 = DEFINITIONAL_REPRESENTATION('',(#1022),#1026);
#1022 = LINE('',#1023,#1024);
#1023 = CARTESIAN_POINT('',(6.28318530718,0.));
#1024 = VECTOR('',#1025,1.);
#1025 = DIRECTION('',(0.,1.));
#1026 = ( GEOMETRIC_REPRESENTATION_CONTEXT(2) 
PARAMETRIC_REPRESENTATION_CONTEXT() REPRESENTATION_CONTEXT('2D SPACE',''
  ) );
#1027 = PCURVE('',#995,#1028);
#1028 = DEFINITIONAL_REPRESENTATION('',(#1029),#1033);
#1029 = LINE('',#1030,#1031);
#1030 = CARTESIAN_POINT('',(4.138911435803E-13,0.));
#1031 = VECTOR('',#1032,1.);
#1032 = DIRECTION('',(0.,1.));
#1033 = ( GEOMETRIC_REPRESENTATION_CONTEXT(2) 
PARAMETRIC_REPRESENTATION_CONTEXT() REPRESENTATION_CONTEXT('2D SPACE',''
  ) );
#1034 = ORIENTED_EDGE('',*,*,#1035,.F.);
#1035 = EDGE_CURVE('',#1013,#1013,#1036,.T.);
#1036 = SURFACE_CURVE('',#1037,(#1042,#1049),.PCURVE_S1.);
#1037 = CIRCLE('',#1038,49.796517880654);
#1038 = AXIS2_PLACEMENT_3D('',#1039,#1040,#1041);
#1039 = CARTESIAN_POINT('',(0.,0.,773.008));
#1040 = DIRECTION('',(0.,0.,1.));
#1041 = DIRECTION('',(1.,0.,0.));
#1042 = PCURVE('',#995,#1043);
#1043 = DEFINITIONAL_REPRESENTATION('',(#1044),#1048);
#1044 = LINE('',#1045,#1046);
#1045 = CARTESIAN_POINT('',(0.,4.563));
#1046 = VECTOR('',#1047,1.);
#1047 = DIRECTION('',(1.,0.));
#1048 = ( GEOMETRIC_REPRESENTATION_CONTEXT(2) 
PARAMETRIC_REPRESENTATION_CONTEXT() REPRESENTATION_CONTEXT('2D SPACE',''
  ) );
#1049 = PCURVE('',#1050,#1055);
#1050 = CONICAL_SURFACE('',#1051,49.796517880654,2.793125178285E-02);
#1051 = AXIS2_PLACEMENT_3D('',#1052,#1053,#1054);
#1052 = CARTESIAN_POINT('',(0.,0.,773.008));
#1053 = DIRECTION('',(0.,0.,1.));
#1054 = DIRECTION('',(1.,0.,0.));
#1055 = DEFINITIONAL_REPRESENTATION('',(#1056),#1060);
#1056 = LINE('',#1057,#1058);
#1057 = CARTESIAN_POINT('',(0.,0.));
#1058 = VECTOR('',#1059,1.);
#1059 = DIRECTION('',(1.,0.));
#1060 = ( GEOMETRIC_REPRESENTATION_CONTEXT(2) 
PARAMETRIC_REPRESENTATION_CONTEXT() REPRESENTATION_CONTEXT('2D SPACE',''
  ) );
#1061 = ORIENTED_EDGE('',*,*,#1012,.F.);
#1062 = ADVANCED_FACE('',(#1063),#1050,.T.);
#1063 = FACE_BOUND('',#1064,.T.);
#1064 = EDGE_LOOP('',(#1065,#1066,#1089,#1116));
#1065 = ORIENTED_EDGE('',*,*,#1035,.T.);
#1066 = ORIENTED_EDGE('',*,*,#1067,.T.);
#1067 = EDGE_CURVE('',#1013,#1068,#1070,.T.);
#1068 = VERTEX_POINT('',#1069);
#1069 = CARTESIAN_POINT('',(49.924001336542,0.,777.571));
#1070 = SEAM_CURVE('',#1071,(#1075,#1082),.PCURVE_S1.);
#1071 = LINE('',#1072,#1073);
#1072 = CARTESIAN_POINT('',(49.796517880654,0.,773.008));
#1073 = VECTOR('',#1074,1.);
#1074 = DIRECTION('',(2.792762014106E-02,0.,0.999609947946));
#1075 = PCURVE('',#1050,#1076);
#1076 = DEFINITIONAL_REPRESENTATION('',(#1077),#1081);
#1077 = LINE('',#1078,#1079);
#1078 = CARTESIAN_POINT('',(6.28318530718,0.));
#1079 = VECTOR('',#1080,1.);
#1080 = DIRECTION('',(0.,1.));
#1081 = ( GEOMETRIC_REPRESENTATION_CONTEXT(2) 
PARAMETRIC_REPRESENTATION_CONTEXT() REPRESENTATION_CONTEXT('2D SPACE',''
  ) );
#1082 = PCURVE('',#1050,#1083);
#1083 = DEFINITIONAL_REPRESENTATION('',(#1084),#1088);
#1084 = LINE('',#1085,#1086);
#1085 = CARTESIAN_POINT('',(4.138911435803E-13,0.));
#1086 = VECTOR('',#1087,1.);
#1087 = DIRECTION('',(0.,1.));
#1088 = ( GEOMETRIC_REPRESENTATION_CONTEXT(2) 
PARAMETRIC_REPRESENTATION_CONTEXT() REPRESENTATION_CONTEXT('2D SPACE',''
  ) );
#1089 = ORIENTED_EDGE('',*,*,#1090,.F.);
#1090 = EDGE_CURVE('',#1068,#1068,#1091,.T.);
#1091 = SURFACE_CURVE('',#1092,(#1097,#1104),.PCURVE_S1.);
#1092 = CIRCLE('',#1093,49.924001336542);
#1093 = AXIS2_PLACEMENT_3D('',#1094,#1095,#1096);
#1094 = CARTESIAN_POINT('',(0.,0.,777.571));
#1095 = DIRECTION('',(0.,0.,1.));
#1096 = DIRECTION('',(1.,0.,0.));
#1097 = PCURVE('',#1050,#1098);
#1098 = DEFINITIONAL_REPRESENTATION('',(#1099),#1103);
#1099 = LINE('',#1100,#1101);
#1100 = CARTESIAN_POINT('',(0.,4.563));
#1101 = VECTOR('',#1102,1.);
#1102 = DIRECTION('',(1.,0.));
#1103 = ( GEOMETRIC_REPRESENTATION_CONTEXT(2) 
PARAMETRIC_REPRESENTATION_CONTEXT() REPRESENTATION_CONTEXT('2D SPACE',''
  ) );
#1104 = PCURVE('',#1105,#1110);
#1105 = CONICAL_SURFACE('',#1106,49.924001336542,2.753824406074E-02);
#1106 = AXIS2_PLACEMENT_3D('',#1107,#1108,#1109);
#1107 = CARTESIAN_POINT('',(0.,0.,777.571));
#1108 = DIRECTION('',(0.,0.,1.));
#1109 = DIRECTION('',(1.,0.,0.));
#1110 = DEFINITIONAL_REPRESENTATION('',(#1111),#1115);
#1111 = LINE('',#1112,#1113);
#1112 = CARTESIAN_POINT('',(0.,0.));
#1113 = VECTOR('',#1114,1.);
#1114 = DIRECTION('',(1.,0.));
#1115 = ( GEOMETRIC_REPRESENTATION_CONTEXT(2) 
PARAMETRIC_REPRESENTATION_CONTEXT() REPRESENTATION_CONTEXT('2D SPACE',''
  ) );
#1116 = ORIENTED_EDGE('',*,*,#1067,.F.);
#1117 = ADVANCED_FACE('',(#1118),#1105,.T.);
#1118 = FACE_BOUND('',#1119,.T.);
#1119 = EDGE_LOOP('',(#1120,#1121,#1144,#1171));
#1120 = ORIENTED_EDGE('',*,*,#1090,.T.);
#1121 = ORIENTED_EDGE('',*,*,#1122,.T.);
#1122 = EDGE_CURVE('',#1068,#1123,#1125,.T.);
#1123 = VERTEX_POINT('',#1124);
#1124 = CARTESIAN_POINT('',(50.049690118031,0.,782.134));
#1125 = SEAM_CURVE('',#1126,(#1130,#1137),.PCURVE_S1.);
#1126 = LINE('',#1127,#1128);
#1127 = CARTESIAN_POINT('',(49.924001336542,0.,777.571));
#1128 = VECTOR('',#1129,1.);
#1129 = DIRECTION('',(2.753476356573E-02,0.,0.999620846519));
#1130 = PCURVE('',#1105,#1131);
#1131 = DEFINITIONAL_REPRESENTATION('',(#1132),#1136);
#1132 = LINE('',#1133,#1134);
#1133 = CARTESIAN_POINT('',(6.28318530718,0.));
#1134 = VECTOR('',#1135,1.);
#1135 = DIRECTION('',(0.,1.));
#1136 = ( GEOMETRIC_REPRESENTATION_CONTEXT(2) 
PARAMETRIC_REPRESENTATION_CONTEXT() REPRESENTATION_CONTEXT('2D SPACE',''
  ) );
#1137 = PCURVE('',#1105,#1138);
#1138 = DEFINITIONAL_REPRESENTATION('',(#1139),#1143);
#1139 = LINE('',#1140,#1141);
#1140 = CARTESIAN_POINT('',(4.138911435803E-13,0.));
#1141 = VECTOR('',#1142,1.);
#1142 = DIRECTION('',(0.,1.));
#1143 = ( GEOMETRIC_REPRESENTATION_CONTEXT(2) 
PARAMETRIC_REPRESENTATION_CONTEXT() REPRESENTATION_CONTEXT('2D SPACE',''
  ) );
#1144 = ORIENTED_EDGE('',*,*,#1145,.F.);
#1145 = EDGE_CURVE('',#1123,#1123,#1146,.T.);
#1146 = SURFACE_CURVE('',#1147,(#1152,#1159),.PCURVE_S1.);
#1147 = CIRCLE('',#1148,50.049690118031);
#1148 = AXIS2_PLACEMENT_3D('',#1149,#1150,#1151);
#1149 = CARTESIAN_POINT('',(0.,0.,782.134));
#1150 = DIRECTION('',(0.,0.,1.));
#1151 = DIRECTION('',(1.,0.,0.));
#1152 = PCURVE('',#1105,#1153);
#1153 = DEFINITIONAL_REPRESENTATION('',(#1154),#1158);
#1154 = LINE('',#1155,#1156);
#1155 = CARTESIAN_POINT('',(0.,4.563));
#1156 = VECTOR('',#1157,1.);
#1157 = DIRECTION('',(1.,0.));
#1158 = ( GEOMETRIC_REPRESENTATION_CONTEXT(2) 
PARAMETRIC_REPRESENTATION_CONTEXT() REPRESENTATION_CONTEXT('2D SPACE',''
  ) );
#1159 = PCURVE('',#1160,#1165);
#1160 = CONICAL_SURFACE('',#1161,50.049690118031,2.713352041885E-02);
#1161 = AXIS2_PLACEMENT_3D('',#1162,#1163,#1164);
#1162 = CARTESIAN_POINT('',(0.,0.,782.134));
#1163 = DIRECTION('',(0.,0.,1.));
#1164 = DIRECTION('',(1.,0.,0.));
#1165 = DEFINITIONAL_REPRESENTATION('',(#1166),#1170);
#1166 = LINE('',#1167,#1168);
#1167 = CARTESIAN_POINT('',(0.,0.));
#1168 = VECTOR('',#1169,1.);
#1169 = DIRECTION('',(1.,0.));
#1170 = ( GEOMETRIC_REPRESENTATION_CONTEXT(2) 
PARAMETRIC_REPRESENTATION_CONTEXT() REPRESENTATION_CONTEXT('2D SPACE',''
  ) );
#1171 = ORIENTED_EDGE('',*,*,#1122,.F.);
#1172 = ADVANCED_FACE('',(#1173),#1160,.T.);
#1173 = FACE_BOUND('',#1174,.T.);
#1174 = EDGE_LOOP('',(#1175,#1176,#1199,#1226));
#1175 = ORIENTED_EDGE('',*,*,#1145,.T.);
#1176 = ORIENTED_EDGE('',*,*,#1177,.T.);
#1177 = EDGE_CURVE('',#1123,#1178,#1180,.T.);
#1178 = VERTEX_POINT('',#1179);
#1179 = CARTESIAN_POINT('',(50.173530764842,0.,786.697));
#1180 = SEAM_CURVE('',#1181,(#1185,#1192),.PCURVE_S1.);
#1181 = LINE('',#1182,#1183);
#1182 = CARTESIAN_POINT('',(50.049690118031,0.,782.134));
#1183 = VECTOR('',#1184,1.);
#1184 = DIRECTION('',(2.713019113215E-02,0.,0.999631908619));
#1185 = PCURVE('',#1160,#1186);
#1186 = DEFINITIONAL_REPRESENTATION('',(#1187),#1191);
#1187 = LINE('',#1188,#1189);
#1188 = CARTESIAN_POINT('',(6.28318530718,0.));
#1189 = VECTOR('',#1190,1.);
#1190 = DIRECTION('',(0.,1.));
#1191 = ( GEOMETRIC_REPRESENTATION_CONTEXT(2) 
PARAMETRIC_REPRESENTATION_CONTEXT() REPRESENTATION_CONTEXT('2D SPACE',''
  ) );
#1192 = PCURVE('',#1160,#1193);
#1193 = DEFINITIONAL_REPRESENTATION('',(#1194),#1198);
#1194 = LINE('',#1195,#1196);
#1195 = CARTESIAN_POINT('',(4.138911435803E-13,0.));
#1196 = VECTOR('',#1197,1.);
#1197 = DIRECTION('',(0.,1.));
#1198 = ( GEOMETRIC_REPRESENTATION_CONTEXT(2) 
PARAMETRIC_REPRESENTATION_CONTEXT() REPRESENTATION_CONTEXT('2D SPACE',''
  ) );
#1199 = ORIENTED_EDGE('',*,*,#1200,.F.);
#1200 = EDGE_CURVE('',#1178,#1178,#1201,.T.);
#1201 = SURFACE_CURVE('',#1202,(#1207,#1214),.PCURVE_S1.);
#1202 = CIRCLE('',#1203,50.173530764842);
#1203 = AXIS2_PLACEMENT_3D('',#1204,#1205,#1206);
#1204 = CARTESIAN_POINT('',(0.,0.,786.697));
#1205 = DIRECTION('',(0.,0.,1.));
#1206 = DIRECTION('',(1.,0.,0.));
#1207 = PCURVE('',#1160,#1208);
#1208 = DEFINITIONAL_REPRESENTATION('',(#1209),#1213);
#1209 = LINE('',#1210,#1211);
#1210 = CARTESIAN_POINT('',(0.,4.563));
#1211 = VECTOR('',#1212,1.);
#1212 = DIRECTION('',(1.,0.));
#1213 = ( GEOMETRIC_REPRESENTATION_CONTEXT(2) 
PARAMETRIC_REPRESENTATION_CONTEXT() REPRESENTATION_CONTEXT('2D SPACE',''
  ) );
#1214 = PCURVE('',#1215,#1220);
#1215 = CONICAL_SURFACE('',#1216,50.173530764842,2.671708021232E-02);
#1216 = AXIS2_PLACEMENT_3D('',#1217,#1218,#1219);
#1217 = CARTESIAN_POINT('',(0.,0.,786.697));
#1218 = DIRECTION('',(0.,0.,1.));
#1219 = DIRECTION('',(1.,0.,0.));
#1220 = DEFINITIONAL_REPRESENTATION('',(#1221),#1225);
#1221 = LINE('',#1222,#1223);
#1222 = CARTESIAN_POINT('',(0.,0.));
#1223 = VECTOR('',#1224,1.);
#1224 = DIRECTION('',(1.,0.));
#1225 = ( GEOMETRIC_REPRESENTATION_CONTEXT(2) 
PARAMETRIC_REPRESENTATION_CONTEXT() REPRESENTATION_CONTEXT('2D SPACE',''
  ) );
#1226 = ORIENTED_EDGE('',*,*,#1177,.F.);
#1227 = ADVANCED_FACE('',(#1228),#1215,.T.);
#1228 = FACE_BOUND('',#1229,.T.);
#1229 = EDGE_LOOP('',(#1230,#1231,#1254,#1281));
#1230 = ORIENTED_EDGE('',*,*,#1200,.T.);
#1231 = ORIENTED_EDGE('',*,*,#1232,.T.);
#1232 = EDGE_CURVE('',#1178,#1233,#1235,.T.);
#1233 = VERTEX_POINT('',#1234);
#1234 = CARTESIAN_POINT('',(50.295469816693,0.,791.26));
#1235 = SEAM_CURVE('',#1236,(#1240,#1247),.PCURVE_S1.);
#1236 = LINE('',#1237,#1238);
#1237 = CARTESIAN_POINT('',(50.173530764842,0.,786.697));
#1238 = VECTOR('',#1239,1.);
#1239 = DIRECTION('',(2.671390187318E-02,0.,0.999643120042));
#1240 = PCURVE('',#1215,#1241);
#1241 = DEFINITIONAL_REPRESENTATION('',(#1242),#1246);
#1242 = LINE('',#1243,#1244);
#1243 = CARTESIAN_POINT('',(6.28318530718,0.));
#1244 = VECTOR('',#1245,1.);
#1245 = DIRECTION('',(0.,1.));
#1246 = ( GEOMETRIC_REPRESENTATION_CONTEXT(2) 
PARAMETRIC_REPRESENTATION_CONTEXT() REPRESENTATION_CONTEXT('2D SPACE',''
  ) );
#1247 = PCURVE('',#1215,#1248);
#1248 = DEFINITIONAL_REPRESENTATION('',(#1249),#1253);
#1249 = LINE('',#1250,#1251);
#1250 = CARTESIAN_POINT('',(4.138911435803E-13,0.));
#1251 = VECTOR('',#1252,1.);
#1252 = DIRECTION('',(0.,1.));
#1253 = ( GEOMETRIC_REPRESENTATION_CONTEXT(2) 
PARAMETRIC_REPRESENTATION_CONTEXT() REPRESENTATION_CONTEXT('2D SPACE',''
  ) );
#1254 = ORIENTED_EDGE('',*,*,#1255,.F.);
#1255 = EDGE_CURVE('',#1233,#1233,#1256,.T.);
#1256 = SURFACE_CURVE('',#1257,(#1262,#1269),.PCURVE_S1.);
#1257 = CIRCLE('',#1258,50.295469816693);
#1258 = AXIS2_PLACEMENT_3D('',#1259,#1260,#1261);
#1259 = CARTESIAN_POINT('',(0.,0.,791.26));
#1260 = DIRECTION('',(0.,0.,1.));
#1261 = DIRECTION('',(1.,0.,0.));
#1262 = PCURVE('',#1215,#1263);
#1263 = DEFINITIONAL_REPRESENTATION('',(#1264),#1268);
#1264 = LINE('',#1265,#1266);
#1265 = CARTESIAN_POINT('',(0.,4.563));
#1266 = VECTOR('',#1267,1.);
#1267 = DIRECTION('',(1.,0.));
#1268 = ( GEOMETRIC_REPRESENTATION_CONTEXT(2) 
PARAMETRIC_REPRESENTATION_CONTEXT() REPRESENTATION_CONTEXT('2D SPACE',''
  ) );
#1269 = PCURVE('',#1270,#1275);
#1270 = CONICAL_SURFACE('',#1271,50.295469816693,2.628892279759E-02);
#1271 = AXIS2_PLACEMENT_3D('',#1272,#1273,#1274);
#1272 = CARTESIAN_POINT('',(0.,0.,791.26));
#1273 = DIRECTION('',(0.,0.,1.));
#1274 = DIRECTION('',(1.,0.,0.));
#1275 = DEFINITIONAL_REPRESENTATION('',(#1276),#1280);
#1276 = LINE('',#1277,#1278);
#1277 = CARTESIAN_POINT('',(0.,0.));
#1278 = VECTOR('',#1279,1.);
#1279 = DIRECTION('',(1.,0.));
#1280 = ( GEOMETRIC_REPRESENTATION_CONTEXT(2) 
PARAMETRIC_REPRESENTATION_CONTEXT() REPRESENTATION_CONTEXT('2D SPACE',''
  ) );
#1281 = ORIENTED_EDGE('',*,*,#1232,.F.);
#1282 = ADVANCED_FACE('',(#1283),#1270,.T.);
#1283 = FACE_BOUND('',#1284,.T.);
#1284 = EDGE_LOOP('',(#1285,#1286,#1309,#1336));
#1285 = ORIENTED_EDGE('',*,*,#1255,.T.);
#1286 = ORIENTED_EDGE('',*,*,#1287,.T.);
#1287 = EDGE_CURVE('',#1233,#1288,#1290,.T.);
#1288 = VERTEX_POINT('',#1289);
#1289 = CARTESIAN_POINT('',(50.415453813304,0.,795.823));
#1290 = SEAM_CURVE('',#1291,(#1295,#1302),.PCURVE_S1.);
#1291 = LINE('',#1292,#1293);
#1292 = CARTESIAN_POINT('',(50.295469816693,0.,791.26));
#1293 = VECTOR('',#1294,1.);
#1294 = DIRECTION('',(2.628589482377E-02,0.,0.99965446617));
#1295 = PCURVE('',#1270,#1296);
#1296 = DEFINITIONAL_REPRESENTATION('',(#1297),#1301);
#1297 = LINE('',#1298,#1299);
#1298 = CARTESIAN_POINT('',(6.28318530718,0.));
#1299 = VECTOR('',#1300,1.);
#1300 = DIRECTION('',(0.,1.));
#1301 = ( GEOMETRIC_REPRESENTATION_CONTEXT(2) 
PARAMETRIC_REPRESENTATION_CONTEXT() REPRESENTATION_CONTEXT('2D SPACE',''
  ) );
#1302 = PCURVE('',#1270,#1303);
#1303 = DEFINITIONAL_REPRESENTATION('',(#1304),#1308);
#1304 = LINE('',#1305,#1306);
#1305 = CARTESIAN_POINT('',(4.138911435803E-13,0.));
#1306 = VECTOR('',#1307,1.);
#1307 = DIRECTION('',(0.,1.));
#1308 = ( GEOMETRIC_REPRESENTATION_CONTEXT(2) 
PARAMETRIC_REPRESENTATION_CONTEXT() REPRESENTATION_CONTEXT('2D SPACE',''
  ) );
#1309 = ORIENTED_EDGE('',*,*,#1310,.F.);
#1310 = EDGE_CURVE('',#1288,#1288,#1311,.T.);
#1311 = SURFACE_CURVE('',#1312,(#1317,#1324),.PCURVE_S1.);
#1312 = CIRCLE('',#1313,50.415453813304);
#1313 = AXIS2_PLACEMENT_3D('',#1314,#1315,#1316);
#1314 = CARTESIAN_POINT('',(0.,0.,795.823));
#1315 = DIRECTION('',(0.,0.,1.));
#1316 = DIRECTION('',(1.,0.,0.));
#1317 = PCURVE('',#1270,#1318);
#1318 = DEFINITIONAL_REPRESENTATION('',(#1319),#1323);
#1319 = LINE('',#1320,#1321);
#1320 = CARTESIAN_POINT('',(0.,4.563));
#1321 = VECTOR('',#1322,1.);
#1322 = DIRECTION('',(1.,0.));
#1323 = ( GEOMETRIC_REPRESENTATION_CONTEXT(2) 
PARAMETRIC_REPRESENTATION_CONTEXT() REPRESENTATION_CONTEXT('2D SPACE',''
  ) );
#1324 = PCURVE('',#1325,#1330);
#1325 = CONICAL_SURFACE('',#1326,50.415453813304,2.584904753419E-02);
#1326 = AXIS2_PLACEMENT_3D('',#1327,#1328,#1329);
#1327 = CARTESIAN_POINT('',(0.,0.,795.823));
#1328 = DIRECTION('',(0.,0.,1.));
#1329 = DIRECTION('',(1.,0.,0.));
#1330 = DEFINITIONAL_REPRESENTATION('',(#1331),#1335);
#1331 = LINE('',#1332,#1333);
#1332 = CARTESIAN_POINT('',(0.,0.));
#1333 = VECTOR('',#1334,1.);
#1334 = DIRECTION('',(1.,0.));
#1335 = ( GEOMETRIC_REPRESENTATION_CONTEXT(2) 
PARAMETRIC_REPRESENTATION_CONTEXT() REPRESENTATION_CONTEXT('2D SPACE',''
  ) );
#1336 = ORIENTED_EDGE('',*,*,#1287,.F.);
#1337 = ADVANCED_FACE('',(#1338),#1325,.T.);
#1338 = FACE_BOUND('',#1339,.T.);
#1339 = EDGE_LOOP('',(#1340,#1341,#1364,#1391));
#1340 = ORIENTED_EDGE('',*,*,#1310,.T.);
#1341 = ORIENTED_EDGE('',*,*,#1342,.T.);
#1342 = EDGE_CURVE('',#1288,#1343,#1345,.T.);
#1343 = VERTEX_POINT('',#1344);
#1344 = CARTESIAN_POINT('',(50.533429294393,0.,800.386));
#1345 = SEAM_CURVE('',#1346,(#1350,#1357),.PCURVE_S1.);
#1346 = LINE('',#1347,#1348);
#1347 = CARTESIAN_POINT('',(50.415453813304,0.,795.823));
#1348 = VECTOR('',#1349,1.);
#1349 = DIRECTION('',(2.584616902329E-02,0.,0.999665931973));
#1350 = PCURVE('',#1325,#1351);
#1351 = DEFINITIONAL_REPRESENTATION('',(#1352),#1356);
#1352 = LINE('',#1353,#1354);
#1353 = CARTESIAN_POINT('',(6.28318530718,0.));
#1354 = VECTOR('',#1355,1.);
#1355 = DIRECTION('',(0.,1.));
#1356 = ( GEOMETRIC_REPRESENTATION_CONTEXT(2) 
PARAMETRIC_REPRESENTATION_CONTEXT() REPRESENTATION_CONTEXT('2D SPACE',''
  ) );
#1357 = PCURVE('',#1325,#1358);
#1358 = DEFINITIONAL_REPRESENTATION('',(#1359),#1363);
#1359 = LINE('',#1360,#1361);
#1360 = CARTESIAN_POINT('',(4.138911435803E-13,0.));
#1361 = VECTOR('',#1362,1.);
#1362 = DIRECTION('',(0.,1.));
#1363 = ( GEOMETRIC_REPRESENTATION_CONTEXT(2) 
PARAMETRIC_REPRESENTATION_CONTEXT() REPRESENTATION_CONTEXT('2D SPACE',''
  ) );
#1364 = ORIENTED_EDGE('',*,*,#1365,.F.);
#1365 = EDGE_CURVE('',#1343,#1343,#1366,.T.);
#1366 = SURFACE_CURVE('',#1367,(#1372,#1379),.PCURVE_S1.);
#1367 = CIRCLE('',#1368,50.533429294393);
#1368 = AXIS2_PLACEMENT_3D('',#1369,#1370,#1371);
#1369 = CARTESIAN_POINT('',(0.,0.,800.386));
#1370 = DIRECTION('',(0.,0.,1.));
#1371 = DIRECTION('',(1.,0.,0.));
#1372 = PCURVE('',#1325,#1373);
#1373 = DEFINITIONAL_REPRESENTATION('',(#1374),#1378);
#1374 = LINE('',#1375,#1376);
#1375 = CARTESIAN_POINT('',(0.,4.563));
#1376 = VECTOR('',#1377,1.);
#1377 = DIRECTION('',(1.,0.));
#1378 = ( GEOMETRIC_REPRESENTATION_CONTEXT(2) 
PARAMETRIC_REPRESENTATION_CONTEXT() REPRESENTATION_CONTEXT('2D SPACE',''
  ) );
#1379 = PCURVE('',#1380,#1385);
#1380 = CONICAL_SURFACE('',#1381,50.533429294393,2.539745378644E-02);
#1381 = AXIS2_PLACEMENT_3D('',#1382,#1383,#1384);
#1382 = CARTESIAN_POINT('',(0.,0.,800.386));
#1383 = DIRECTION('',(0.,0.,1.));
#1384 = DIRECTION('',(1.,0.,0.));
#1385 = DEFINITIONAL_REPRESENTATION('',(#1386),#1390);
#1386 = LINE('',#1387,#1388);
#1387 = CARTESIAN_POINT('',(0.,0.));
#1388 = VECTOR('',#1389,1.);
#1389 = DIRECTION('',(1.,0.));
#1390 = ( GEOMETRIC_REPRESENTATION_CONTEXT(2) 
PARAMETRIC_REPRESENTATION_CONTEXT() REPRESENTATION_CONTEXT('2D SPACE',''
  ) );
#1391 = ORIENTED_EDGE('',*,*,#1342,.F.);
#1392 = ADVANCED_FACE('',(#1393),#1380,.T.);
#1393 = FACE_BOUND('',#1394,.T.);
#1394 = EDGE_LOOP('',(#1395,#1396,#1419,#1446));
#1395 = ORIENTED_EDGE('',*,*,#1365,.T.);
#1396 = ORIENTED_EDGE('',*,*,#1397,.T.);
#1397 = EDGE_CURVE('',#1343,#1398,#1400,.T.);
#1398 = VERTEX_POINT('',#1399);
#1399 = CARTESIAN_POINT('',(50.649342799681,0.,804.949));
#1400 = SEAM_CURVE('',#1401,(#1405,#1412),.PCURVE_S1.);
#1401 = LINE('',#1402,#1403);
#1402 = CARTESIAN_POINT('',(50.533429294393,0.,800.386));
#1403 = VECTOR('',#1404,1.);
#1404 = DIRECTION('',(2.539472351846E-02,0.,0.999677502006));
#1405 = PCURVE('',#1380,#1406);
#1406 = DEFINITIONAL_REPRESENTATION('',(#1407),#1411);
#1407 = LINE('',#1408,#1409);
#1408 = CARTESIAN_POINT('',(6.28318530718,0.));
#1409 = VECTOR('',#1410,1.);
#1410 = DIRECTION('',(0.,1.));
#1411 = ( GEOMETRIC_REPRESENTATION_CONTEXT(2) 
PARAMETRIC_REPRESENTATION_CONTEXT() REPRESENTATION_CONTEXT('2D SPACE',''
  ) );
#1412 = PCURVE('',#1380,#1413);
#1413 = DEFINITIONAL_REPRESENTATION('',(#1414),#1418);
#1414 = LINE('',#1415,#1416);
#1415 = CARTESIAN_POINT('',(4.138911435803E-13,0.));
#1416 = VECTOR('',#1417,1.);
#1417 = DIRECTION('',(0.,1.));
#1418 = ( GEOMETRIC_REPRESENTATION_CONTEXT(2) 
PARAMETRIC_REPRESENTATION_CONTEXT() REPRESENTATION_CONTEXT('2D SPACE',''
  ) );
#1419 = ORIENTED_EDGE('',*,*,#1420,.F.);
#1420 = EDGE_CURVE('',#1398,#1398,#1421,.T.);
#1421 = SURFACE_CURVE('',#1422,(#1427,#1434),.PCURVE_S1.);
#1422 = CIRCLE('',#1423,50.649342799681);
#1423 = AXIS2_PLACEMENT_3D('',#1424,#1425,#1426);
#1424 = CARTESIAN_POINT('',(0.,0.,804.949));
#1425 = DIRECTION('',(0.,0.,1.));
#1426 = DIRECTION('',(1.,0.,0.));
#1427 = PCURVE('',#1380,#1428);
#1428 = DEFINITIONAL_REPRESENTATION('',(#1429),#1433);
#1429 = LINE('',#1430,#1431);
#1430 = CARTESIAN_POINT('',(0.,4.563));
#1431 = VECTOR('',#1432,1.);
#1432 = DIRECTION('',(1.,0.));
#1433 = ( GEOMETRIC_REPRESENTATION_CONTEXT(2) 
PARAMETRIC_REPRESENTATION_CONTEXT() REPRESENTATION_CONTEXT('2D SPACE',''
  ) );
#1434 = PCURVE('',#1435,#1440);
#1435 = CONICAL_SURFACE('',#1436,50.649342799681,2.49341409253E-02);
#1436 = AXIS2_PLACEMENT_3D('',#1437,#1438,#1439);
#1437 = CARTESIAN_POINT('',(0.,0.,804.949));
#1438 = DIRECTION('',(0.,0.,1.));
#1439 = DIRECTION('',(1.,0.,0.));
#1440 = DEFINITIONAL_REPRESENTATION('',(#1441),#1445);
#1441 = LINE('',#1442,#1443);
#1442 = CARTESIAN_POINT('',(0.,0.));
#1443 = VECTOR('',#1444,1.);
#1444 = DIRECTION('',(1.,0.));
#1445 = ( GEOMETRIC_REPRESENTATION_CONTEXT(2) 
PARAMETRIC_REPRESENTATION_CONTEXT() REPRESENTATION_CONTEXT('2D SPACE',''
  ) );
#1446 = ORIENTED_EDGE('',*,*,#1397,.F.);
#1447 = ADVANCED_FACE('',(#1448),#1435,.T.);
#1448 = FACE_BOUND('',#1449,.T.);
#1449 = EDGE_LOOP('',(#1450,#1451,#1474,#1501));
#1450 = ORIENTED_EDGE('',*,*,#1420,.T.);
#1451 = ORIENTED_EDGE('',*,*,#1452,.T.);
#1452 = EDGE_CURVE('',#1398,#1453,#1455,.T.);
#1453 = VERTEX_POINT('',#1454);
#1454 = CARTESIAN_POINT('',(50.763140868885,0.,809.512));
#1455 = SEAM_CURVE('',#1456,(#1460,#1467),.PCURVE_S1.);
#1456 = LINE('',#1457,#1458);
#1457 = CARTESIAN_POINT('',(50.649342799681,0.,804.949));
#1458 = VECTOR('',#1459,1.);
#1459 = DIRECTION('',(2.493155736574E-02,0.,0.999689160413));
#1460 = PCURVE('',#1435,#1461);
#1461 = DEFINITIONAL_REPRESENTATION('',(#1462),#1466);
#1462 = LINE('',#1463,#1464);
#1463 = CARTESIAN_POINT('',(6.28318530718,0.));
#1464 = VECTOR('',#1465,1.);
#1465 = DIRECTION('',(0.,1.));
#1466 = ( GEOMETRIC_REPRESENTATION_CONTEXT(2) 
PARAMETRIC_REPRESENTATION_CONTEXT() REPRESENTATION_CONTEXT('2D SPACE',''
  ) );
#1467 = PCURVE('',#1435,#1468);
#1468 = DEFINITIONAL_REPRESENTATION('',(#1469),#1473);
#1469 = LINE('',#1470,#1471);
#1470 = CARTESIAN_POINT('',(4.138911435803E-13,0.));
#1471 = VECTOR('',#1472,1.);
#1472 = DIRECTION('',(0.,1.));
#1473 = ( GEOMETRIC_REPRESENTATION_CONTEXT(2) 
PARAMETRIC_REPRESENTATION_CONTEXT() REPRESENTATION_CONTEXT('2D SPACE',''
  ) );
#1474 = ORIENTED_EDGE('',*,*,#1475,.F.);
#1475 = EDGE_CURVE('',#1453,#1453,#1476,.T.);
#1476 = SURFACE_CURVE('',#1477,(#1482,#1489),.PCURVE_S1.);
#1477 = CIRCLE('',#1478,50.763140868885);
#1478 = AXIS2_PLACEMENT_3D('',#1479,#1480,#1481);
#1479 = CARTESIAN_POINT('',(0.,0.,809.512));
#1480 = DIRECTION('',(0.,0.,1.));
#1481 = DIRECTION('',(1.,0.,0.));
#1482 = PCURVE('',#1435,#1483);
#1483 = DEFINITIONAL_REPRESENTATION('',(#1484),#1488);
#1484 = LINE('',#1485,#1486);
#1485 = CARTESIAN_POINT('',(0.,4.563));
#1486 = VECTOR('',#1487,1.);
#1487 = DIRECTION('',(1.,0.));
#1488 = ( GEOMETRIC_REPRESENTATION_CONTEXT(2) 
PARAMETRIC_REPRESENTATION_CONTEXT() REPRESENTATION_CONTEXT('2D SPACE',''
  ) );
#1489 = PCURVE('',#1490,#1495);
#1490 = CONICAL_SURFACE('',#1491,50.763140868885,2.44591083302E-02);
#1491 = AXIS2_PLACEMENT_3D('',#1492,#1493,#1494);
#1492 = CARTESIAN_POINT('',(0.,0.,809.512));
#1493 = DIRECTION('',(0.,0.,1.));
#1494 = DIRECTION('',(1.,0.,0.));
#1495 = DEFINITIONAL_REPRESENTATION('',(#1496),#1500);
#1496 = LINE('',#1497,#1498);
#1497 = CARTESIAN_POINT('',(0.,0.));
#1498 = VECTOR('',#1499,1.);
#1499 = DIRECTION('',(1.,0.));
#1500 = ( GEOMETRIC_REPRESENTATION_CONTEXT(2) 
PARAMETRIC_REPRESENTATION_CONTEXT() REPRESENTATION_CONTEXT('2D SPACE',''
  ) );
#1501 = ORIENTED_EDGE('',*,*,#1452,.F.);
#1502 = ADVANCED_FACE('',(#1503),#1490,.T.);
#1503 = FACE_BOUND('',#1504,.T.);
#1504 = EDGE_LOOP('',(#1505,#1506,#1529,#1556));
#1505 = ORIENTED_EDGE('',*,*,#1475,.T.);
#1506 = ORIENTED_EDGE('',*,*,#1507,.T.);
#1507 = EDGE_CURVE('',#1453,#1508,#1510,.T.);
#1508 = VERTEX_POINT('',#1509);
#1509 = CARTESIAN_POINT('',(50.874770041726,0.,814.075));
#1510 = SEAM_CURVE('',#1511,(#1515,#1522),.PCURVE_S1.);
#1511 = LINE('',#1512,#1513);
#1512 = CARTESIAN_POINT('',(50.763140868885,0.,809.512));
#1513 = VECTOR('',#1514,1.);
#1514 = DIRECTION('',(2.445666963446E-02,0.,0.999700890922));
#1515 = PCURVE('',#1490,#1516);
#1516 = DEFINITIONAL_REPRESENTATION('',(#1517),#1521);
#1517 = LINE('',#1518,#1519);
#1518 = CARTESIAN_POINT('',(6.28318530718,0.));
#1519 = VECTOR('',#1520,1.);
#1520 = DIRECTION('',(0.,1.));
#1521 = ( GEOMETRIC_REPRESENTATION_CONTEXT(2) 
PARAMETRIC_REPRESENTATION_CONTEXT() REPRESENTATION_CONTEXT('2D SPACE',''
  ) );
#1522 = PCURVE('',#1490,#1523);
#1523 = DEFINITIONAL_REPRESENTATION('',(#1524),#1528);
#1524 = LINE('',#1525,#1526);
#1525 = CARTESIAN_POINT('',(4.138911435803E-13,0.));
#1526 = VECTOR('',#1527,1.);
#1527 = DIRECTION('',(0.,1.));
#1528 = ( GEOMETRIC_REPRESENTATION_CONTEXT(2) 
PARAMETRIC_REPRESENTATION_CONTEXT() REPRESENTATION_CONTEXT('2D SPACE',''
  ) );
#1529 = ORIENTED_EDGE('',*,*,#1530,.F.);
#1530 = EDGE_CURVE('',#1508,#1508,#1531,.T.);
#1531 = SURFACE_CURVE('',#1532,(#1537,#1544),.PCURVE_S1.);
#1532 = CIRCLE('',#1533,50.874770041726);
#1533 = AXIS2_PLACEMENT_3D('',#1534,#1535,#1536);
#1534 = CARTESIAN_POINT('',(0.,0.,814.075));
#1535 = DIRECTION('',(0.,0.,1.));
#1536 = DIRECTION('',(1.,0.,0.));
#1537 = PCURVE('',#1490,#1538);
#1538 = DEFINITIONAL_REPRESENTATION('',(#1539),#1543);
#1539 = LINE('',#1540,#1541);
#1540 = CARTESIAN_POINT('',(0.,4.563));
#1541 = VECTOR('',#1542,1.);
#1542 = DIRECTION('',(1.,0.));
#1543 = ( GEOMETRIC_REPRESENTATION_CONTEXT(2) 
PARAMETRIC_REPRESENTATION_CONTEXT() REPRESENTATION_CONTEXT('2D SPACE',''
  ) );
#1544 = PCURVE('',#1545,#1550);
#1545 = CONICAL_SURFACE('',#1546,50.874770041726,2.397235539099E-02);
#1546 = AXIS2_PLACEMENT_3D('',#1547,#1548,#1549);
#1547 = CARTESIAN_POINT('',(0.,0.,814.075));
#1548 = DIRECTION('',(0.,0.,1.));
#1549 = DIRECTION('',(1.,0.,0.));
#1550 = DEFINITIONAL_REPRESENTATION('',(#1551),#1555);
#1551 = LINE('',#1552,#1553);
#1552 = CARTESIAN_POINT('',(0.,0.));
#1553 = VECTOR('',#1554,1.);
#1554 = DIRECTION('',(1.,0.));
#1555 = ( GEOMETRIC_REPRESENTATION_CONTEXT(2) 
PARAMETRIC_REPRESENTATION_CONTEXT() REPRESENTATION_CONTEXT('2D SPACE',''
  ) );
#1556 = ORIENTED_EDGE('',*,*,#1507,.F.);
#1557 = ADVANCED_FACE('',(#1558),#1545,.T.);
#1558 = FACE_BOUND('',#1559,.T.);
#1559 = EDGE_LOOP('',(#1560,#1561,#1584,#1611));
#1560 = ORIENTED_EDGE('',*,*,#1530,.T.);
#1561 = ORIENTED_EDGE('',*,*,#1562,.T.);
#1562 = EDGE_CURVE('',#1508,#1563,#1565,.T.);
#1563 = VERTEX_POINT('',#1564);
#1564 = CARTESIAN_POINT('',(50.984176857923,0.,818.638));
#1565 = SEAM_CURVE('',#1566,(#1570,#1577),.PCURVE_S1.);
#1566 = LINE('',#1567,#1568);
#1567 = CARTESIAN_POINT('',(50.874770041726,0.,814.075));
#1568 = VECTOR('',#1569,1.);
#1569 = DIRECTION('',(2.397005940942E-02,0.,0.999712676849));
#1570 = PCURVE('',#1545,#1571);
#1571 = DEFINITIONAL_REPRESENTATION('',(#1572),#1576);
#1572 = LINE('',#1573,#1574);
#1573 = CARTESIAN_POINT('',(6.28318530718,0.));
#1574 = VECTOR('',#1575,1.);
#1575 = DIRECTION('',(0.,1.));
#1576 = ( GEOMETRIC_REPRESENTATION_CONTEXT(2) 
PARAMETRIC_REPRESENTATION_CONTEXT() REPRESENTATION_CONTEXT('2D SPACE',''
  ) );
#1577 = PCURVE('',#1545,#1578);
#1578 = DEFINITIONAL_REPRESENTATION('',(#1579),#1583);
#1579 = LINE('',#1580,#1581);
#1580 = CARTESIAN_POINT('',(4.138911435803E-13,0.));
#1581 = VECTOR('',#1582,1.);
#1582 = DIRECTION('',(0.,1.));
#1583 = ( GEOMETRIC_REPRESENTATION_CONTEXT(2) 
PARAMETRIC_REPRESENTATION_CONTEXT() REPRESENTATION_CONTEXT('2D SPACE',''
  ) );
#1584 = ORIENTED_EDGE('',*,*,#1585,.F.);
#1585 = EDGE_CURVE('',#1563,#1563,#1586,.T.);
#1586 = SURFACE_CURVE('',#1587,(#1592,#1599),.PCURVE_S1.);
#1587 = CIRCLE('',#1588,50.984176857923);
#1588 = AXIS2_PLACEMENT_3D('',#1589,#1590,#1591);
#1589 = CARTESIAN_POINT('',(0.,0.,818.638));
#1590 = DIRECTION('',(0.,0.,1.));
#1591 = DIRECTION('',(1.,0.,0.));
#1592 = PCURVE('',#1545,#1593);
#1593 = DEFINITIONAL_REPRESENTATION('',(#1594),#1598);
#1594 = LINE('',#1595,#1596);
#1595 = CARTESIAN_POINT('',(0.,4.563));
#1596 = VECTOR('',#1597,1.);
#1597 = DIRECTION('',(1.,0.));
#1598 = ( GEOMETRIC_REPRESENTATION_CONTEXT(2) 
PARAMETRIC_REPRESENTATION_CONTEXT() REPRESENTATION_CONTEXT('2D SPACE',''
  ) );
#1599 = PCURVE('',#1600,#1605);
#1600 = CONICAL_SURFACE('',#1601,50.984176857923,2.347388150983E-02);
#1601 = AXIS2_PLACEMENT_3D('',#1602,#1603,#1604);
#1602 = CARTESIAN_POINT('',(0.,0.,818.638));
#1603 = DIRECTION('',(0.,0.,1.));
#1604 = DIRECTION('',(1.,0.,0.));
#1605 = DEFINITIONAL_REPRESENTATION('',(#1606),#1610);
#1606 = LINE('',#1607,#1608);
#1607 = CARTESIAN_POINT('',(0.,0.));
#1608 = VECTOR('',#1609,1.);
#1609 = DIRECTION('',(1.,0.));
#1610 = ( GEOMETRIC_REPRESENTATION_CONTEXT(2) 
PARAMETRIC_REPRESENTATION_CONTEXT() REPRESENTATION_CONTEXT('2D SPACE',''
  ) );
#1611 = ORIENTED_EDGE('',*,*,#1562,.F.);
#1612 = ADVANCED_FACE('',(#1613),#1600,.T.);
#1613 = FACE_BOUND('',#1614,.T.);
#1614 = EDGE_LOOP('',(#1615,#1616,#1639,#1666));
#1615 = ORIENTED_EDGE('',*,*,#1585,.T.);
#1616 = ORIENTED_EDGE('',*,*,#1617,.T.);
#1617 = EDGE_CURVE('',#1563,#1618,#1620,.T.);
#1618 = VERTEX_POINT('',#1619);
#1619 = CARTESIAN_POINT('',(51.091307857194,0.,823.201));
#1620 = SEAM_CURVE('',#1621,(#1625,#1632),.PCURVE_S1.);
#1621 = LINE('',#1622,#1623);
#1622 = CARTESIAN_POINT('',(50.984176857923,0.,818.638));
#1623 = VECTOR('',#1624,1.);
#1624 = DIRECTION('',(2.347172579403E-02,0.,0.999724501094));
#1625 = PCURVE('',#1600,#1626);
#1626 = DEFINITIONAL_REPRESENTATION('',(#1627),#1631);
#1627 = LINE('',#1628,#1629);
#1628 = CARTESIAN_POINT('',(6.28318530718,0.));
#1629 = VECTOR('',#1630,1.);
#1630 = DIRECTION('',(0.,1.));
#1631 = ( GEOMETRIC_REPRESENTATION_CONTEXT(2) 
PARAMETRIC_REPRESENTATION_CONTEXT() REPRESENTATION_CONTEXT('2D SPACE',''
  ) );
#1632 = PCURVE('',#1600,#1633);
#1633 = DEFINITIONAL_REPRESENTATION('',(#1634),#1638);
#1634 = LINE('',#1635,#1636);
#1635 = CARTESIAN_POINT('',(4.138911435803E-13,0.));
#1636 = VECTOR('',#1637,1.);
#1637 = DIRECTION('',(0.,1.));
#1638 = ( GEOMETRIC_REPRESENTATION_CONTEXT(2) 
PARAMETRIC_REPRESENTATION_CONTEXT() REPRESENTATION_CONTEXT('2D SPACE',''
  ) );
#1639 = ORIENTED_EDGE('',*,*,#1640,.F.);
#1640 = EDGE_CURVE('',#1618,#1618,#1641,.T.);
#1641 = SURFACE_CURVE('',#1642,(#1647,#1654),.PCURVE_S1.);
#1642 = CIRCLE('',#1643,51.091307857194);
#1643 = AXIS2_PLACEMENT_3D('',#1644,#1645,#1646);
#1644 = CARTESIAN_POINT('',(0.,0.,823.201));
#1645 = DIRECTION('',(0.,0.,1.));
#1646 = DIRECTION('',(1.,0.,0.));
#1647 = PCURVE('',#1600,#1648);
#1648 = DEFINITIONAL_REPRESENTATION('',(#1649),#1653);
#1649 = LINE('',#1650,#1651);
#1650 = CARTESIAN_POINT('',(0.,4.563));
#1651 = VECTOR('',#1652,1.);
#1652 = DIRECTION('',(1.,0.));
#1653 = ( GEOMETRIC_REPRESENTATION_CONTEXT(2) 
PARAMETRIC_REPRESENTATION_CONTEXT() REPRESENTATION_CONTEXT('2D SPACE',''
  ) );
#1654 = PCURVE('',#1655,#1660);
#1655 = CONICAL_SURFACE('',#1656,51.091307857194,2.296368610327E-02);
#1656 = AXIS2_PLACEMENT_3D('',#1657,#1658,#1659);
#1657 = CARTESIAN_POINT('',(0.,0.,823.201));
#1658 = DIRECTION('',(0.,0.,1.));
#1659 = DIRECTION('',(1.,0.,0.));
#1660 = DEFINITIONAL_REPRESENTATION('',(#1661),#1665);
#1661 = LINE('',#1662,#1663);
#1662 = CARTESIAN_POINT('',(0.,0.));
#1663 = VECTOR('',#1664,1.);
#1664 = DIRECTION('',(1.,0.));
#1665 = ( GEOMETRIC_REPRESENTATION_CONTEXT(2) 
PARAMETRIC_REPRESENTATION_CONTEXT() REPRESENTATION_CONTEXT('2D SPACE',''
  ) );
#1666 = ORIENTED_EDGE('',*,*,#1617,.F.);
#1667 = ADVANCED_FACE('',(#1668),#1655,.T.);
#1668 = FACE_BOUND('',#1669,.T.);
#1669 = EDGE_LOOP('',(#1670,#1671,#1694,#1721));
#1670 = ORIENTED_EDGE('',*,*,#1640,.T.);
#1671 = ORIENTED_EDGE('',*,*,#1672,.T.);
#1672 = EDGE_CURVE('',#1618,#1673,#1675,.T.);
#1673 = VERTEX_POINT('',#1674);
#1674 = CARTESIAN_POINT('',(51.196109579259,0.,827.764));
#1675 = SEAM_CURVE('',#1676,(#1680,#1687),.PCURVE_S1.);
#1676 = LINE('',#1677,#1678);
#1677 = CARTESIAN_POINT('',(51.091307857194,0.,823.201));
#1678 = VECTOR('',#1679,1.);
#1679 = DIRECTION('',(2.2961667913E-02,0.,0.999736346147));
#1680 = PCURVE('',#1655,#1681);
#1681 = DEFINITIONAL_REPRESENTATION('',(#1682),#1686);
#1682 = LINE('',#1683,#1684);
#1683 = CARTESIAN_POINT('',(6.28318530718,0.));
#1684 = VECTOR('',#1685,1.);
#1685 = DIRECTION('',(0.,1.));
#1686 = ( GEOMETRIC_REPRESENTATION_CONTEXT(2) 
PARAMETRIC_REPRESENTATION_CONTEXT() REPRESENTATION_CONTEXT('2D SPACE',''
  ) );
#1687 = PCURVE('',#1655,#1688);
#1688 = DEFINITIONAL_REPRESENTATION('',(#1689),#1693);
#1689 = LINE('',#1690,#1691);
#1690 = CARTESIAN_POINT('',(4.138911435803E-13,0.));
#1691 = VECTOR('',#1692,1.);
#1692 = DIRECTION('',(0.,1.));
#1693 = ( GEOMETRIC_REPRESENTATION_CONTEXT(2) 
PARAMETRIC_REPRESENTATION_CONTEXT() REPRESENTATION_CONTEXT('2D SPACE',''
  ) );
#1694 = ORIENTED_EDGE('',*,*,#1695,.F.);
#1695 = EDGE_CURVE('',#1673,#1673,#1696,.T.);
#1696 = SURFACE_CURVE('',#1697,(#1702,#1709),.PCURVE_S1.);
#1697 = CIRCLE('',#1698,51.196109579259);
#1698 = AXIS2_PLACEMENT_3D('',#1699,#1700,#1701);
#1699 = CARTESIAN_POINT('',(0.,0.,827.764));
#1700 = DIRECTION('',(0.,0.,1.));
#1701 = DIRECTION('',(1.,0.,0.));
#1702 = PCURVE('',#1655,#1703);
#1703 = DEFINITIONAL_REPRESENTATION('',(#1704),#1708);
#1704 = LINE('',#1705,#1706);
#1705 = CARTESIAN_POINT('',(0.,4.563));
#1706 = VECTOR('',#1707,1.);
#1707 = DIRECTION('',(1.,0.));
#1708 = ( GEOMETRIC_REPRESENTATION_CONTEXT(2) 
PARAMETRIC_REPRESENTATION_CONTEXT() REPRESENTATION_CONTEXT('2D SPACE',''
  ) );
#1709 = PCURVE('',#1710,#1715);
#1710 = CONICAL_SURFACE('',#1711,51.196109579259,2.244176860426E-02);
#1711 = AXIS2_PLACEMENT_3D('',#1712,#1713,#1714);
#1712 = CARTESIAN_POINT('',(0.,0.,827.764));
#1713 = DIRECTION('',(0.,0.,1.));
#1714 = DIRECTION('',(1.,0.,0.));
#1715 = DEFINITIONAL_REPRESENTATION('',(#1716),#1720);
#1716 = LINE('',#1717,#1718);
#1717 = CARTESIAN_POINT('',(0.,0.));
#1718 = VECTOR('',#1719,1.);
#1719 = DIRECTION('',(1.,0.));
#1720 = ( GEOMETRIC_REPRESENTATION_CONTEXT(2) 
PARAMETRIC_REPRESENTATION_CONTEXT() REPRESENTATION_CONTEXT('2D SPACE',''
  ) );
#1721 = ORIENTED_EDGE('',*,*,#1672,.F.);
#1722 = ADVANCED_FACE('',(#1723),#1710,.T.);
#1723 = FACE_BOUND('',#1724,.T.);
#1724 = EDGE_LOOP('',(#1725,#1726,#1749,#1776));
#1725 = ORIENTED_EDGE('',*,*,#1695,.T.);
#1726 = ORIENTED_EDGE('',*,*,#1727,.T.);
#1727 = EDGE_CURVE('',#1673,#1728,#1730,.T.);
#1728 = VERTEX_POINT('',#1729);
#1729 = CARTESIAN_POINT('',(51.298528563837,0.,832.327));
#1730 = SEAM_CURVE('',#1731,(#1735,#1742),.PCURVE_S1.);
#1731 = LINE('',#1732,#1733);
#1732 = CARTESIAN_POINT('',(51.196109579259,0.,827.764));
#1733 = VECTOR('',#1734,1.);
#1734 = DIRECTION('',(2.243988491592E-02,0.,0.999748194079));
#1735 = PCURVE('',#1710,#1736);
#1736 = DEFINITIONAL_REPRESENTATION('',(#1737),#1741);
#1737 = LINE('',#1738,#1739);
#1738 = CARTESIAN_POINT('',(6.28318530718,0.));
#1739 = VECTOR('',#1740,1.);
#1740 = DIRECTION('',(0.,1.));
#1741 = ( GEOMETRIC_REPRESENTATION_CONTEXT(2) 
PARAMETRIC_REPRESENTATION_CONTEXT() REPRESENTATION_CONTEXT('2D SPACE',''
  ) );
#1742 = PCURVE('',#1710,#1743);
#1743 = DEFINITIONAL_REPRESENTATION('',(#1744),#1748);
#1744 = LINE('',#1745,#1746);
#1745 = CARTESIAN_POINT('',(4.138911435803E-13,0.));
#1746 = VECTOR('',#1747,1.);
#1747 = DIRECTION('',(0.,1.));
#1748 = ( GEOMETRIC_REPRESENTATION_CONTEXT(2) 
PARAMETRIC_REPRESENTATION_CONTEXT() REPRESENTATION_CONTEXT('2D SPACE',''
  ) );
#1749 = ORIENTED_EDGE('',*,*,#1750,.F.);
#1750 = EDGE_CURVE('',#1728,#1728,#1751,.T.);
#1751 = SURFACE_CURVE('',#1752,(#1757,#1764),.PCURVE_S1.);
#1752 = CIRCLE('',#1753,51.298528563837);
#1753 = AXIS2_PLACEMENT_3D('',#1754,#1755,#1756);
#1754 = CARTESIAN_POINT('',(0.,0.,832.327));
#1755 = DIRECTION('',(0.,0.,1.));
#1756 = DIRECTION('',(1.,0.,0.));
#1757 = PCURVE('',#1710,#1758);
#1758 = DEFINITIONAL_REPRESENTATION('',(#1759),#1763);
#1759 = LINE('',#1760,#1761);
#1760 = CARTESIAN_POINT('',(0.,4.563));
#1761 = VECTOR('',#1762,1.);
#1762 = DIRECTION('',(1.,0.));
#1763 = ( GEOMETRIC_REPRESENTATION_CONTEXT(2) 
PARAMETRIC_REPRESENTATION_CONTEXT() REPRESENTATION_CONTEXT('2D SPACE',''
  ) );
#1764 = PCURVE('',#1765,#1770);
#1765 = CONICAL_SURFACE('',#1766,51.298528563837,2.190812846426E-02);
#1766 = AXIS2_PLACEMENT_3D('',#1767,#1768,#1769);
#1767 = CARTESIAN_POINT('',(0.,0.,832.327));
#1768 = DIRECTION('',(0.,0.,1.));
#1769 = DIRECTION('',(1.,0.,0.));
#1770 = DEFINITIONAL_REPRESENTATION('',(#1771),#1775);
#1771 = LINE('',#1772,#1773);
#1772 = CARTESIAN_POINT('',(0.,0.));
#1773 = VECTOR('',#1774,1.);
#1774 = DIRECTION('',(1.,0.));
#1775 = ( GEOMETRIC_REPRESENTATION_CONTEXT(2) 
PARAMETRIC_REPRESENTATION_CONTEXT() REPRESENTATION_CONTEXT('2D SPACE',''
  ) );
#1776 = ORIENTED_EDGE('',*,*,#1727,.F.);
#1777 = ADVANCED_FACE('',(#1778),#1765,.T.);
#1778 = FACE_BOUND('',#1779,.T.);
#1779 = EDGE_LOOP('',(#1780,#1781,#1804,#1831));
#1780 = ORIENTED_EDGE('',*,*,#1750,.T.);
#1781 = ORIENTED_EDGE('',*,*,#1782,.T.);
#1782 = EDGE_CURVE('',#1728,#1783,#1785,.T.);
#1783 = VERTEX_POINT('',#1784);
#1784 = CARTESIAN_POINT('',(51.398511350647,0.,836.89));
#1785 = SEAM_CURVE('',#1786,(#1790,#1797),.PCURVE_S1.);
#1786 = LINE('',#1787,#1788);
#1787 = CARTESIAN_POINT('',(51.298528563837,0.,832.327));
#1788 = VECTOR('',#1789,1.);
#1789 = DIRECTION('',(2.190637597985E-02,0.,0.999760026552));
#1790 = PCURVE('',#1765,#1791);
#1791 = DEFINITIONAL_REPRESENTATION('',(#1792),#1796);
#1792 = LINE('',#1793,#1794);
#1793 = CARTESIAN_POINT('',(6.28318530718,0.));
#1794 = VECTOR('',#1795,1.);
#1795 = DIRECTION('',(0.,1.));
#1796 = ( GEOMETRIC_REPRESENTATION_CONTEXT(2) 
PARAMETRIC_REPRESENTATION_CONTEXT() REPRESENTATION_CONTEXT('2D SPACE',''
  ) );
#1797 = PCURVE('',#1765,#1798);
#1798 = DEFINITIONAL_REPRESENTATION('',(#1799),#1803);
#1799 = LINE('',#1800,#1801);
#1800 = CARTESIAN_POINT('',(4.138911435803E-13,0.));
#1801 = VECTOR('',#1802,1.);
#1802 = DIRECTION('',(0.,1.));
#1803 = ( GEOMETRIC_REPRESENTATION_CONTEXT(2) 
PARAMETRIC_REPRESENTATION_CONTEXT() REPRESENTATION_CONTEXT('2D SPACE',''
  ) );
#1804 = ORIENTED_EDGE('',*,*,#1805,.F.);
#1805 = EDGE_CURVE('',#1783,#1783,#1806,.T.);
#1806 = SURFACE_CURVE('',#1807,(#1812,#1819),.PCURVE_S1.);
#1807 = CIRCLE('',#1808,51.398511350647);
#1808 = AXIS2_PLACEMENT_3D('',#1809,#1810,#1811);
#1809 = CARTESIAN_POINT('',(0.,0.,836.89));
#1810 = DIRECTION('',(0.,0.,1.));
#1811 = DIRECTION('',(1.,0.,0.));
#1812 = PCURVE('',#1765,#1813);
#1813 = DEFINITIONAL_REPRESENTATION('',(#1814),#1818);
#1814 = LINE('',#1815,#1816);
#1815 = CARTESIAN_POINT('',(0.,4.563));
#1816 = VECTOR('',#1817,1.);
#1817 = DIRECTION('',(1.,0.));
#1818 = ( GEOMETRIC_REPRESENTATION_CONTEXT(2) 
PARAMETRIC_REPRESENTATION_CONTEXT() REPRESENTATION_CONTEXT('2D SPACE',''
  ) );
#1819 = PCURVE('',#1820,#1825);
#1820 = CONICAL_SURFACE('',#1821,51.398511350647,2.13627651554E-02);
#1821 = AXIS2_PLACEMENT_3D('',#1822,#1823,#1824);
#1822 = CARTESIAN_POINT('',(0.,0.,836.89));
#1823 = DIRECTION('',(0.,0.,1.));
#1824 = DIRECTION('',(1.,0.,0.));
#1825 = DEFINITIONAL_REPRESENTATION('',(#1826),#1830);
#1826 = LINE('',#1827,#1828);
#1827 = CARTESIAN_POINT('',(0.,0.));
#1828 = VECTOR('',#1829,1.);
#1829 = DIRECTION('',(1.,0.));
#1830 = ( GEOMETRIC_REPRESENTATION_CONTEXT(2) 
PARAMETRIC_REPRESENTATION_CONTEXT() REPRESENTATION_CONTEXT('2D SPACE',''
  ) );
#1831 = ORIENTED_EDGE('',*,*,#1782,.F.);
#1832 = ADVANCED_FACE('',(#1833),#1820,.T.);
#1833 = FACE_BOUND('',#1834,.T.);
#1834 = EDGE_LOOP('',(#1835,#1836,#1859,#1886));
#1835 = ORIENTED_EDGE('',*,*,#1805,.T.);
#1836 = ORIENTED_EDGE('',*,*,#1837,.T.);
#1837 = EDGE_CURVE('',#1783,#1838,#1840,.T.);
#1838 = VERTEX_POINT('',#1839);
#1839 = CARTESIAN_POINT('',(51.496004479409,0.,841.453));
#1840 = SEAM_CURVE('',#1841,(#1845,#1852),.PCURVE_S1.);
#1841 = LINE('',#1842,#1843);
#1842 = CARTESIAN_POINT('',(51.398511350647,0.,836.89));
#1843 = VECTOR('',#1844,1.);
#1844 = DIRECTION('',(2.136114031304E-02,0.,0.99977182481));
#1845 = PCURVE('',#1820,#1846);
#1846 = DEFINITIONAL_REPRESENTATION('',(#1847),#1851);
#1847 = LINE('',#1848,#1849);
#1848 = CARTESIAN_POINT('',(6.28318530718,0.));
#1849 = VECTOR('',#1850,1.);
#1850 = DIRECTION('',(0.,1.));
#1851 = ( GEOMETRIC_REPRESENTATION_CONTEXT(2) 
PARAMETRIC_REPRESENTATION_CONTEXT() REPRESENTATION_CONTEXT('2D SPACE',''
  ) );
#1852 = PCURVE('',#1820,#1853);
#1853 = DEFINITIONAL_REPRESENTATION('',(#1854),#1858);
#1854 = LINE('',#1855,#1856);
#1855 = CARTESIAN_POINT('',(4.138911435803E-13,0.));
#1856 = VECTOR('',#1857,1.);
#1857 = DIRECTION('',(0.,1.));
#1858 = ( GEOMETRIC_REPRESENTATION_CONTEXT(2) 
PARAMETRIC_REPRESENTATION_CONTEXT() REPRESENTATION_CONTEXT('2D SPACE',''
  ) );
#1859 = ORIENTED_EDGE('',*,*,#1860,.F.);
#1860 = EDGE_CURVE('',#1838,#1838,#1861,.T.);
#1861 = SURFACE_CURVE('',#1862,(#1867,#1874),.PCURVE_S1.);
#1862 = CIRCLE('',#1863,51.496004479409);
#1863 = AXIS2_PLACEMENT_3D('',#1864,#1865,#1866);
#1864 = CARTESIAN_POINT('',(0.,0.,841.453));
#1865 = DIRECTION('',(0.,0.,1.));
#1866 = DIRECTION('',(1.,0.,0.));
#1867 = PCURVE('',#1820,#1868);
#1868 = DEFINITIONAL_REPRESENTATION('',(#1869),#1873);
#1869 = LINE('',#1870,#1871);
#1870 = CARTESIAN_POINT('',(0.,4.563));
#1871 = VECTOR('',#1872,1.);
#1872 = DIRECTION('',(1.,0.));
#1873 = ( GEOMETRIC_REPRESENTATION_CONTEXT(2) 
PARAMETRIC_REPRESENTATION_CONTEXT() REPRESENTATION_CONTEXT('2D SPACE',''
  ) );
#1874 = PCURVE('',#1875,#1880);
#1875 = CONICAL_SURFACE('',#1876,51.496004479409,2.080567817268E-02);
#1876 = AXIS2_PLACEMENT_3D('',#1877,#1878,#1879);
#1877 = CARTESIAN_POINT('',(0.,0.,841.453));
#1878 = DIRECTION('',(0.,0.,1.));
#1879 = DIRECTION('',(1.,0.,0.));
#1880 = DEFINITIONAL_REPRESENTATION('',(#1881),#1885);
#1881 = LINE('',#1882,#1883);
#1882 = CARTESIAN_POINT('',(0.,0.));
#1883 = VECTOR('',#1884,1.);
#1884 = DIRECTION('',(1.,0.));
#1885 = ( GEOMETRIC_REPRESENTATION_CONTEXT(2) 
PARAMETRIC_REPRESENTATION_CONTEXT() REPRESENTATION_CONTEXT('2D SPACE',''
  ) );
#1886 = ORIENTED_EDGE('',*,*,#1837,.F.);
#1887 = ADVANCED_FACE('',(#1888),#1875,.T.);
#1888 = FACE_BOUND('',#1889,.T.);
#1889 = EDGE_LOOP('',(#1890,#1891,#1914,#1941));
#1890 = ORIENTED_EDGE('',*,*,#1860,.T.);
#1891 = ORIENTED_EDGE('',*,*,#1892,.T.);
#1892 = EDGE_CURVE('',#1838,#1893,#1895,.T.);
#1893 = VERTEX_POINT('',#1894);
#1894 = CARTESIAN_POINT('',(51.590954489841,0.,846.016));
#1895 = SEAM_CURVE('',#1896,(#1900,#1907),.PCURVE_S1.);
#1896 = LINE('',#1897,#1898);
#1897 = CARTESIAN_POINT('',(51.496004479409,0.,841.453));
#1898 = VECTOR('',#1899,1.);
#1899 = DIRECTION('',(2.080417715789E-02,0.,0.999783569685));
#1900 = PCURVE('',#1875,#1901);
#1901 = DEFINITIONAL_REPRESENTATION('',(#1902),#1906);
#1902 = LINE('',#1903,#1904);
#1903 = CARTESIAN_POINT('',(6.28318530718,0.));
#1904 = VECTOR('',#1905,1.);
#1905 = DIRECTION('',(0.,1.));
#1906 = ( GEOMETRIC_REPRESENTATION_CONTEXT(2) 
PARAMETRIC_REPRESENTATION_CONTEXT() REPRESENTATION_CONTEXT('2D SPACE',''
  ) );
#1907 = PCURVE('',#1875,#1908);
#1908 = DEFINITIONAL_REPRESENTATION('',(#1909),#1913);
#1909 = LINE('',#1910,#1911);
#1910 = CARTESIAN_POINT('',(4.138911435803E-13,0.));
#1911 = VECTOR('',#1912,1.);
#1912 = DIRECTION('',(0.,1.));
#1913 = ( GEOMETRIC_REPRESENTATION_CONTEXT(2) 
PARAMETRIC_REPRESENTATION_CONTEXT() REPRESENTATION_CONTEXT('2D SPACE',''
  ) );
#1914 = ORIENTED_EDGE('',*,*,#1915,.F.);
#1915 = EDGE_CURVE('',#1893,#1893,#1916,.T.);
#1916 = SURFACE_CURVE('',#1917,(#1922,#1929),.PCURVE_S1.);
#1917 = CIRCLE('',#1918,51.590954489841);
#1918 = AXIS2_PLACEMENT_3D('',#1919,#1920,#1921);
#1919 = CARTESIAN_POINT('',(0.,0.,846.016));
#1920 = DIRECTION('',(0.,0.,1.));
#1921 = DIRECTION('',(1.,0.,0.));
#1922 = PCURVE('',#1875,#1923);
#1923 = DEFINITIONAL_REPRESENTATION('',(#1924),#1928);
#1924 = LINE('',#1925,#1926);
#1925 = CARTESIAN_POINT('',(0.,4.563));
#1926 = VECTOR('',#1927,1.);
#1927 = DIRECTION('',(1.,0.));
#1928 = ( GEOMETRIC_REPRESENTATION_CONTEXT(2) 
PARAMETRIC_REPRESENTATION_CONTEXT() REPRESENTATION_CONTEXT('2D SPACE',''
  ) );
#1929 = PCURVE('',#1930,#1935);
#1930 = CONICAL_SURFACE('',#1931,51.590954489841,2.023686703621E-02);
#1931 = AXIS2_PLACEMENT_3D('',#1932,#1933,#1934);
#1932 = CARTESIAN_POINT('',(0.,0.,846.016));
#1933 = DIRECTION('',(0.,0.,1.));
#1934 = DIRECTION('',(1.,0.,0.));
#1935 = DEFINITIONAL_REPRESENTATION('',(#1936),#1940);
#1936 = LINE('',#1937,#1938);
#1937 = CARTESIAN_POINT('',(0.,0.));
#1938 = VECTOR('',#1939,1.);
#1939 = DIRECTION('',(1.,0.));
#1940 = ( GEOMETRIC_REPRESENTATION_CONTEXT(2) 
PARAMETRIC_REPRESENTATION_CONTEXT() REPRESENTATION_CONTEXT('2D SPACE',''
  ) );
#1941 = ORIENTED_EDGE('',*,*,#1892,.F.);
#1942 = ADVANCED_FACE('',(#1943),#1930,.T.);
#1943 = FACE_BOUND('',#1944,.T.);
#1944 = EDGE_LOOP('',(#1945,#1946,#1969,#1996));
#1945 = ORIENTED_EDGE('',*,*,#1915,.T.);
#1946 = ORIENTED_EDGE('',*,*,#1947,.T.);
#1947 = EDGE_CURVE('',#1893,#1948,#1950,.T.);
#1948 = VERTEX_POINT('',#1949);
#1949 = CARTESIAN_POINT('',(51.683307921662,0.,850.579));
#1950 = SEAM_CURVE('',#1951,(#1955,#1962),.PCURVE_S1.);
#1951 = LINE('',#1952,#1953);
#1952 = CARTESIAN_POINT('',(51.590954489841,0.,846.016));
#1953 = VECTOR('',#1954,1.);
#1954 = DIRECTION('',(2.02354857945E-02,0.,0.999795241594));
#1955 = PCURVE('',#1930,#1956);
#1956 = DEFINITIONAL_REPRESENTATION('',(#1957),#1961);
#1957 = LINE('',#1958,#1959);
#1958 = CARTESIAN_POINT('',(6.28318530718,0.));
#1959 = VECTOR('',#1960,1.);
#1960 = DIRECTION('',(0.,1.));
#1961 = ( GEOMETRIC_REPRESENTATION_CONTEXT(2) 
PARAMETRIC_REPRESENTATION_CONTEXT() REPRESENTATION_CONTEXT('2D SPACE',''
  ) );
#1962 = PCURVE('',#1930,#1963);
#1963 = DEFINITIONAL_REPRESENTATION('',(#1964),#1968);
#1964 = LINE('',#1965,#1966);
#1965 = CARTESIAN_POINT('',(4.138911435803E-13,0.));
#1966 = VECTOR('',#1967,1.);
#1967 = DIRECTION('',(0.,1.));
#1968 = ( GEOMETRIC_REPRESENTATION_CONTEXT(2) 
PARAMETRIC_REPRESENTATION_CONTEXT() REPRESENTATION_CONTEXT('2D SPACE',''
  ) );
#1969 = ORIENTED_EDGE('',*,*,#1970,.F.);
#1970 = EDGE_CURVE('',#1948,#1948,#1971,.T.);
#1971 = SURFACE_CURVE('',#1972,(#1977,#1984),.PCURVE_S1.);
#1972 = CIRCLE('',#1973,51.683307921662);
#1973 = AXIS2_PLACEMENT_3D('',#1974,#1975,#1976);
#1974 = CARTESIAN_POINT('',(0.,0.,850.579));
#1975 = DIRECTION('',(0.,0.,1.));
#1976 = DIRECTION('',(1.,0.,0.));
#1977 = PCURVE('',#1930,#1978);
#1978 = DEFINITIONAL_REPRESENTATION('',(#1979),#1983);
#1979 = LINE('',#1980,#1981);
#1980 = CARTESIAN_POINT('',(0.,4.563));
#1981 = VECTOR('',#1982,1.);
#1982 = DIRECTION('',(1.,0.));
#1983 = ( GEOMETRIC_REPRESENTATION_CONTEXT(2) 
PARAMETRIC_REPRESENTATION_CONTEXT() REPRESENTATION_CONTEXT('2D SPACE',''
  ) );
#1984 = PCURVE('',#1985,#1990);
#1985 = CONICAL_SURFACE('',#1986,51.683307921662,1.965633129351E-02);
#1986 = AXIS2_PLACEMENT_3D('',#1987,#1988,#1989);
#1987 = CARTESIAN_POINT('',(0.,0.,850.579));
#1988 = DIRECTION('',(0.,0.,1.));
#1989 = DIRECTION('',(1.,0.,0.));
#1990 = DEFINITIONAL_REPRESENTATION('',(#1991),#1995);
#1991 = LINE('',#1992,#1993);
#1992 = CARTESIAN_POINT('',(0.,0.));
#1993 = VECTOR('',#1994,1.);
#1994 = DIRECTION('',(1.,0.));
#1995 = ( GEOMETRIC_REPRESENTATION_CONTEXT(2) 
PARAMETRIC_REPRESENTATION_CONTEXT() REPRESENTATION_CONTEXT('2D SPACE',''
  ) );
#1996 = ORIENTED_EDGE('',*,*,#1947,.F.);
#1997 = ADVANCED_FACE('',(#1998),#1985,.T.);
#1998 = FACE_BOUND('',#1999,.T.);
#1999 = EDGE_LOOP('',(#2000,#2001,#2024,#2051));
#2000 = ORIENTED_EDGE('',*,*,#1970,.T.);
#2001 = ORIENTED_EDGE('',*,*,#2002,.T.);
#2002 = EDGE_CURVE('',#1948,#2003,#2005,.T.);
#2003 = VERTEX_POINT('',#2004);
#2004 = CARTESIAN_POINT('',(51.773011314593,0.,855.142));
#2005 = SEAM_CURVE('',#2006,(#2010,#2017),.PCURVE_S1.);
#2006 = LINE('',#2007,#2008);
#2007 = CARTESIAN_POINT('',(51.683307921662,0.,850.579));
#2008 = VECTOR('',#2009,1.);
#2009 = DIRECTION('',(1.965506554405E-02,0.,0.99980682054));
#2010 = PCURVE('',#1985,#2011);
#2011 = DEFINITIONAL_REPRESENTATION('',(#2012),#2016);
#2012 = LINE('',#2013,#2014);
#2013 = CARTESIAN_POINT('',(6.28318530718,0.));
#2014 = VECTOR('',#2015,1.);
#2015 = DIRECTION('',(0.,1.));
#2016 = ( GEOMETRIC_REPRESENTATION_CONTEXT(2) 
PARAMETRIC_REPRESENTATION_CONTEXT() REPRESENTATION_CONTEXT('2D SPACE',''
  ) );
#2017 = PCURVE('',#1985,#2018);
#2018 = DEFINITIONAL_REPRESENTATION('',(#2019),#2023);
#2019 = LINE('',#2020,#2021);
#2020 = CARTESIAN_POINT('',(4.138911435803E-13,0.));
#2021 = VECTOR('',#2022,1.);
#2022 = DIRECTION('',(0.,1.));
#2023 = ( GEOMETRIC_REPRESENTATION_CONTEXT(2) 
PARAMETRIC_REPRESENTATION_CONTEXT() REPRESENTATION_CONTEXT('2D SPACE',''
  ) );
#2024 = ORIENTED_EDGE('',*,*,#2025,.F.);
#2025 = EDGE_CURVE('',#2003,#2003,#2026,.T.);
#2026 = SURFACE_CURVE('',#2027,(#2032,#2039),.PCURVE_S1.);
#2027 = CIRCLE('',#2028,51.773011314593);
#2028 = AXIS2_PLACEMENT_3D('',#2029,#2030,#2031);
#2029 = CARTESIAN_POINT('',(0.,0.,855.142));
#2030 = DIRECTION('',(0.,0.,1.));
#2031 = DIRECTION('',(1.,0.,0.));
#2032 = PCURVE('',#1985,#2033);
#2033 = DEFINITIONAL_REPRESENTATION('',(#2034),#2038);
#2034 = LINE('',#2035,#2036);
#2035 = CARTESIAN_POINT('',(0.,4.563));
#2036 = VECTOR('',#2037,1.);
#2037 = DIRECTION('',(1.,0.));
#2038 = ( GEOMETRIC_REPRESENTATION_CONTEXT(2) 
PARAMETRIC_REPRESENTATION_CONTEXT() REPRESENTATION_CONTEXT('2D SPACE',''
  ) );
#2039 = PCURVE('',#2040,#2045);
#2040 = CONICAL_SURFACE('',#2041,51.773011314593,1.906407052186E-02);
#2041 = AXIS2_PLACEMENT_3D('',#2042,#2043,#2044);
#2042 = CARTESIAN_POINT('',(0.,0.,855.142));
#2043 = DIRECTION('',(0.,0.,1.));
#2044 = DIRECTION('',(1.,0.,0.));
#2045 = DEFINITIONAL_REPRESENTATION('',(#2046),#2050);
#2046 = LINE('',#2047,#2048);
#2047 = CARTESIAN_POINT('',(0.,0.));
#2048 = VECTOR('',#2049,1.);
#2049 = DIRECTION('',(1.,0.));
#2050 = ( GEOMETRIC_REPRESENTATION_CONTEXT(2) 
PARAMETRIC_REPRESENTATION_CONTEXT() REPRESENTATION_CONTEXT('2D SPACE',''
  ) );
#2051 = ORIENTED_EDGE('',*,*,#2002,.F.);
#2052 = ADVANCED_FACE('',(#2053),#2040,.T.);
#2053 = FACE_BOUND('',#2054,.T.);
#2054 = EDGE_LOOP('',(#2055,#2056,#2079,#2106));
#2055 = ORIENTED_EDGE('',*,*,#2025,.T.);
#2056 = ORIENTED_EDGE('',*,*,#2057,.T.);
#2057 = EDGE_CURVE('',#2003,#2058,#2060,.T.);
#2058 = VERTEX_POINT('',#2059);
#2059 = CARTESIAN_POINT('',(51.860011208351,0.,859.705));
#2060 = SEAM_CURVE('',#2061,(#2065,#2072),.PCURVE_S1.);
#2061 = LINE('',#2062,#2063);
#2062 = CARTESIAN_POINT('',(51.773011314593,0.,855.142));
#2063 = VECTOR('',#2064,1.);
#2064 = DIRECTION('',(1.906291577241E-02,0.,0.999818286111));
#2065 = PCURVE('',#2040,#2066);
#2066 = DEFINITIONAL_REPRESENTATION('',(#2067),#2071);
#2067 = LINE('',#2068,#2069);
#2068 = CARTESIAN_POINT('',(6.28318530718,0.));
#2069 = VECTOR('',#2070,1.);
#2070 = DIRECTION('',(0.,1.));
#2071 = ( GEOMETRIC_REPRESENTATION_CONTEXT(2) 
PARAMETRIC_REPRESENTATION_CONTEXT() REPRESENTATION_CONTEXT('2D SPACE',''
  ) );
#2072 = PCURVE('',#2040,#2073);
#2073 = DEFINITIONAL_REPRESENTATION('',(#2074),#2078);
#2074 = LINE('',#2075,#2076);
#2075 = CARTESIAN_POINT('',(4.138911435803E-13,0.));
#2076 = VECTOR('',#2077,1.);
#2077 = DIRECTION('',(0.,1.));
#2078 = ( GEOMETRIC_REPRESENTATION_CONTEXT(2) 
PARAMETRIC_REPRESENTATION_CONTEXT() REPRESENTATION_CONTEXT('2D SPACE',''
  ) );
#2079 = ORIENTED_EDGE('',*,*,#2080,.F.);
#2080 = EDGE_CURVE('',#2058,#2058,#2081,.T.);
#2081 = SURFACE_CURVE('',#2082,(#2087,#2094),.PCURVE_S1.);
#2082 = CIRCLE('',#2083,51.860011208351);
#2083 = AXIS2_PLACEMENT_3D('',#2084,#2085,#2086);
#2084 = CARTESIAN_POINT('',(0.,0.,859.705));
#2085 = DIRECTION('',(0.,0.,1.));
#2086 = DIRECTION('',(1.,0.,0.));
#2087 = PCURVE('',#2040,#2088);
#2088 = DEFINITIONAL_REPRESENTATION('',(#2089),#2093);
#2089 = LINE('',#2090,#2091);
#2090 = CARTESIAN_POINT('',(0.,4.563));
#2091 = VECTOR('',#2092,1.);
#2092 = DIRECTION('',(1.,0.));
#2093 = ( GEOMETRIC_REPRESENTATION_CONTEXT(2) 
PARAMETRIC_REPRESENTATION_CONTEXT() REPRESENTATION_CONTEXT('2D SPACE',''
  ) );
#2094 = PCURVE('',#2095,#2100);
#2095 = CONICAL_SURFACE('',#2096,51.860011208351,1.846008433072E-02);
#2096 = AXIS2_PLACEMENT_3D('',#2097,#2098,#2099);
#2097 = CARTESIAN_POINT('',(0.,0.,859.705));
#2098 = DIRECTION('',(0.,0.,1.));
#2099 = DIRECTION('',(1.,0.,0.));
#2100 = DEFINITIONAL_REPRESENTATION('',(#2101),#2105);
#2101 = LINE('',#2102,#2103);
#2102 = CARTESIAN_POINT('',(0.,0.));
#2103 = VECTOR('',#2104,1.);
#2104 = DIRECTION('',(1.,0.));
#2105 = ( GEOMETRIC_REPRESENTATION_CONTEXT(2) 
PARAMETRIC_REPRESENTATION_CONTEXT() REPRESENTATION_CONTEXT('2D SPACE',''
  ) );
#2106 = ORIENTED_EDGE('',*,*,#2057,.F.);
#2107 = ADVANCED_FACE('',(#2108),#2095,.T.);
#2108 = FACE_BOUND('',#2109,.T.);
#2109 = EDGE_LOOP('',(#2110,#2111,#2134,#2161));
#2110 = ORIENTED_EDGE('',*,*,#2080,.T.);
#2111 = ORIENTED_EDGE('',*,*,#2112,.T.);
#2112 = EDGE_CURVE('',#2058,#2113,#2115,.T.);
#2113 = VERTEX_POINT('',#2114);
#2114 = CARTESIAN_POINT('',(51.944254142657,0.,864.268));
#2115 = SEAM_CURVE('',#2116,(#2120,#2127),.PCURVE_S1.);
#2116 = LINE('',#2117,#2118);
#2117 = CARTESIAN_POINT('',(51.860011208351,0.,859.705));
#2118 = VECTOR('',#2119,1.);
#2119 = DIRECTION('',(1.845903589359E-02,0.,0.999829617482));
#2120 = PCURVE('',#2095,#2121);
#2121 = DEFINITIONAL_REPRESENTATION('',(#2122),#2126);
#2122 = LINE('',#2123,#2124);
#2123 = CARTESIAN_POINT('',(6.28318530718,0.));
#2124 = VECTOR('',#2125,1.);
#2125 = DIRECTION('',(0.,1.));
#2126 = ( GEOMETRIC_REPRESENTATION_CONTEXT(2) 
PARAMETRIC_REPRESENTATION_CONTEXT() REPRESENTATION_CONTEXT('2D SPACE',''
  ) );
#2127 = PCURVE('',#2095,#2128);
#2128 = DEFINITIONAL_REPRESENTATION('',(#2129),#2133);
#2129 = LINE('',#2130,#2131);
#2130 = CARTESIAN_POINT('',(4.138911435803E-13,0.));
#2131 = VECTOR('',#2132,1.);
#2132 = DIRECTION('',(0.,1.));
#2133 = ( GEOMETRIC_REPRESENTATION_CONTEXT(2) 
PARAMETRIC_REPRESENTATION_CONTEXT() REPRESENTATION_CONTEXT('2D SPACE',''
  ) );
#2134 = ORIENTED_EDGE('',*,*,#2135,.F.);
#2135 = EDGE_CURVE('',#2113,#2113,#2136,.T.);
#2136 = SURFACE_CURVE('',#2137,(#2142,#2149),.PCURVE_S1.);
#2137 = CIRCLE('',#2138,51.944254142657);
#2138 = AXIS2_PLACEMENT_3D('',#2139,#2140,#2141);
#2139 = CARTESIAN_POINT('',(0.,0.,864.268));
#2140 = DIRECTION('',(0.,0.,1.));
#2141 = DIRECTION('',(1.,0.,0.));
#2142 = PCURVE('',#2095,#2143);
#2143 = DEFINITIONAL_REPRESENTATION('',(#2144),#2148);
#2144 = LINE('',#2145,#2146);
#2145 = CARTESIAN_POINT('',(0.,4.563));
#2146 = VECTOR('',#2147,1.);
#2147 = DIRECTION('',(1.,0.));
#2148 = ( GEOMETRIC_REPRESENTATION_CONTEXT(2) 
PARAMETRIC_REPRESENTATION_CONTEXT() REPRESENTATION_CONTEXT('2D SPACE',''
  ) );
#2149 = PCURVE('',#2150,#2155);
#2150 = CONICAL_SURFACE('',#2151,51.944254142657,1.78443723641E-02);
#2151 = AXIS2_PLACEMENT_3D('',#2152,#2153,#2154);
#2152 = CARTESIAN_POINT('',(0.,0.,864.268));
#2153 = DIRECTION('',(0.,0.,1.));
#2154 = DIRECTION('',(1.,0.,0.));
#2155 = DEFINITIONAL_REPRESENTATION('',(#2156),#2160);
#2156 = LINE('',#2157,#2158);
#2157 = CARTESIAN_POINT('',(0.,0.));
#2158 = VECTOR('',#2159,1.);
#2159 = DIRECTION('',(1.,0.));
#2160 = ( GEOMETRIC_REPRESENTATION_CONTEXT(2) 
PARAMETRIC_REPRESENTATION_CONTEXT() REPRESENTATION_CONTEXT('2D SPACE',''
  ) );
#2161 = ORIENTED_EDGE('',*,*,#2112,.F.);
#2162 = ADVANCED_FACE('',(#2163),#2150,.T.);
#2163 = FACE_BOUND('',#2164,.T.);
#2164 = EDGE_LOOP('',(#2165,#2166,#2189,#2216));
#2165 = ORIENTED_EDGE('',*,*,#2135,.T.);
#2166 = ORIENTED_EDGE('',*,*,#2167,.T.);
#2167 = EDGE_CURVE('',#2113,#2168,#2170,.T.);
#2168 = VERTEX_POINT('',#2169);
#2169 = CARTESIAN_POINT('',(52.025686657229,0.,868.831));
#2170 = SEAM_CURVE('',#2171,(#2175,#2182),.PCURVE_S1.);
#2171 = LINE('',#2172,#2173);
#2172 = CARTESIAN_POINT('',(51.944254142657,0.,864.268));
#2173 = VECTOR('',#2174,1.);
#2174 = DIRECTION('',(1.784342537351E-02,0.,0.999840793412));
#2175 = PCURVE('',#2150,#2176);
#2176 = DEFINITIONAL_REPRESENTATION('',(#2177),#2181);
#2177 = LINE('',#2178,#2179);
#2178 = CARTESIAN_POINT('',(6.28318530718,0.));
#2179 = VECTOR('',#2180,1.);
#2180 = DIRECTION('',(0.,1.));
#2181 = ( GEOMETRIC_REPRESENTATION_CONTEXT(2) 
PARAMETRIC_REPRESENTATION_CONTEXT() REPRESENTATION_CONTEXT('2D SPACE',''
  ) );
#2182 = PCURVE('',#2150,#2183);
#2183 = DEFINITIONAL_REPRESENTATION('',(#2184),#2188);
#2184 = LINE('',#2185,#2186);
#2185 = CARTESIAN_POINT('',(4.138911435803E-13,0.));
#2186 = VECTOR('',#2187,1.);
#2187 = DIRECTION('',(0.,1.));
#2188 = ( GEOMETRIC_REPRESENTATION_CONTEXT(2) 
PARAMETRIC_REPRESENTATION_CONTEXT() REPRESENTATION_CONTEXT('2D SPACE',''
  ) );
#2189 = ORIENTED_EDGE('',*,*,#2190,.F.);
#2190 = EDGE_CURVE('',#2168,#2168,#2191,.T.);
#2191 = SURFACE_CURVE('',#2192,(#2197,#2204),.PCURVE_S1.);
#2192 = CIRCLE('',#2193,52.025686657229);
#2193 = AXIS2_PLACEMENT_3D('',#2194,#2195,#2196);
#2194 = CARTESIAN_POINT('',(0.,0.,868.831));
#2195 = DIRECTION('',(0.,0.,1.));
#2196 = DIRECTION('',(1.,0.,0.));
#2197 = PCURVE('',#2150,#2198);
#2198 = DEFINITIONAL_REPRESENTATION('',(#2199),#2203);
#2199 = LINE('',#2200,#2201);
#2200 = CARTESIAN_POINT('',(0.,4.563));
#2201 = VECTOR('',#2202,1.);
#2202 = DIRECTION('',(1.,0.));
#2203 = ( GEOMETRIC_REPRESENTATION_CONTEXT(2) 
PARAMETRIC_REPRESENTATION_CONTEXT() REPRESENTATION_CONTEXT('2D SPACE',''
  ) );
#2204 = PCURVE('',#2205,#2210);
#2205 = CONICAL_SURFACE('',#2206,52.025686657229,1.721693430316E-02);
#2206 = AXIS2_PLACEMENT_3D('',#2207,#2208,#2209);
#2207 = CARTESIAN_POINT('',(0.,0.,868.831));
#2208 = DIRECTION('',(0.,0.,1.));
#2209 = DIRECTION('',(1.,0.,0.));
#2210 = DEFINITIONAL_REPRESENTATION('',(#2211),#2215);
#2211 = LINE('',#2212,#2213);
#2212 = CARTESIAN_POINT('',(0.,0.));
#2213 = VECTOR('',#2214,1.);
#2214 = DIRECTION('',(1.,0.));
#2215 = ( GEOMETRIC_REPRESENTATION_CONTEXT(2) 
PARAMETRIC_REPRESENTATION_CONTEXT() REPRESENTATION_CONTEXT('2D SPACE',''
  ) );
#2216 = ORIENTED_EDGE('',*,*,#2167,.F.);
#2217 = ADVANCED_FACE('',(#2218),#2205,.T.);
#2218 = FACE_BOUND('',#2219,.T.);
#2219 = EDGE_LOOP('',(#2220,#2221,#2244,#2271));
#2220 = ORIENTED_EDGE('',*,*,#2190,.T.);
#2221 = ORIENTED_EDGE('',*,*,#2222,.T.);
#2222 = EDGE_CURVE('',#2168,#2223,#2225,.T.);
#2223 = VERTEX_POINT('',#2224);
#2224 = CARTESIAN_POINT('',(52.104255291787,0.,873.394));
#2225 = SEAM_CURVE('',#2226,(#2230,#2237),.PCURVE_S1.);
#2226 = LINE('',#2227,#2228);
#2227 = CARTESIAN_POINT('',(52.025686657229,0.,868.831));
#2228 = VECTOR('',#2229,1.);
#2229 = DIRECTION('',(1.721608373369E-02,0.,0.999851792248));
#2230 = PCURVE('',#2205,#2231);
#2231 = DEFINITIONAL_REPRESENTATION('',(#2232),#2236);
#2232 = LINE('',#2233,#2234);
#2233 = CARTESIAN_POINT('',(6.28318530718,0.));
#2234 = VECTOR('',#2235,1.);
#2235 = DIRECTION('',(0.,1.));
#2236 = ( GEOMETRIC_REPRESENTATION_CONTEXT(2) 
PARAMETRIC_REPRESENTATION_CONTEXT() REPRESENTATION_CONTEXT('2D SPACE',''
  ) );
#2237 = PCURVE('',#2205,#2238);
#2238 = DEFINITIONAL_REPRESENTATION('',(#2239),#2243);
#2239 = LINE('',#2240,#2241);
#2240 = CARTESIAN_POINT('',(4.138911435803E-13,0.));
#2241 = VECTOR('',#2242,1.);
#2242 = DIRECTION('',(0.,1.));
#2243 = ( GEOMETRIC_REPRESENTATION_CONTEXT(2) 
PARAMETRIC_REPRESENTATION_CONTEXT() REPRESENTATION_CONTEXT('2D SPACE',''
  ) );
#2244 = ORIENTED_EDGE('',*,*,#2245,.F.);
#2245 = EDGE_CURVE('',#2223,#2223,#2246,.T.);
#2246 = SURFACE_CURVE('',#2247,(#2252,#2259),.PCURVE_S1.);
#2247 = CIRCLE('',#2248,52.104255291787);
#2248 = AXIS2_PLACEMENT_3D('',#2249,#2250,#2251);
#2249 = CARTESIAN_POINT('',(0.,0.,873.394));
#2250 = DIRECTION('',(0.,0.,1.));
#2251 = DIRECTION('',(1.,0.,0.));
#2252 = PCURVE('',#2205,#2253);
#2253 = DEFINITIONAL_REPRESENTATION('',(#2254),#2258);
#2254 = LINE('',#2255,#2256);
#2255 = CARTESIAN_POINT('',(0.,4.563));
#2256 = VECTOR('',#2257,1.);
#2257 = DIRECTION('',(1.,0.));
#2258 = ( GEOMETRIC_REPRESENTATION_CONTEXT(2) 
PARAMETRIC_REPRESENTATION_CONTEXT() REPRESENTATION_CONTEXT('2D SPACE',''
  ) );
#2259 = PCURVE('',#2260,#2265);
#2260 = CONICAL_SURFACE('',#2261,52.104255291787,1.657776986864E-02);
#2261 = AXIS2_PLACEMENT_3D('',#2262,#2263,#2264);
#2262 = CARTESIAN_POINT('',(0.,0.,873.394));
#2263 = DIRECTION('',(0.,0.,1.));
#2264 = DIRECTION('',(1.,0.,0.));
#2265 = DEFINITIONAL_REPRESENTATION('',(#2266),#2270);
#2266 = LINE('',#2267,#2268);
#2267 = CARTESIAN_POINT('',(0.,0.));
#2268 = VECTOR('',#2269,1.);
#2269 = DIRECTION('',(1.,0.));
#2270 = ( GEOMETRIC_REPRESENTATION_CONTEXT(2) 
PARAMETRIC_REPRESENTATION_CONTEXT() REPRESENTATION_CONTEXT('2D SPACE',''
  ) );
#2271 = ORIENTED_EDGE('',*,*,#2222,.F.);
#2272 = ADVANCED_FACE('',(#2273),#2260,.T.);
#2273 = FACE_BOUND('',#2274,.T.);
#2274 = EDGE_LOOP('',(#2275,#2276,#2299,#2326));
#2275 = ORIENTED_EDGE('',*,*,#2245,.T.);
#2276 = ORIENTED_EDGE('',*,*,#2277,.T.);
#2277 = EDGE_CURVE('',#2223,#2278,#2280,.T.);
#2278 = VERTEX_POINT('',#2279);
#2279 = CARTESIAN_POINT('',(52.179906586049,0.,877.957));
#2280 = SEAM_CURVE('',#2281,(#2285,#2292),.PCURVE_S1.);
#2281 = LINE('',#2282,#2283);
#2282 = CARTESIAN_POINT('',(52.104255291787,0.,873.394));
#2283 = VECTOR('',#2284,1.);
#2284 = DIRECTION('',(1.657701055517E-02,0.,0.99986259192));
#2285 = PCURVE('',#2260,#2286);
#2286 = DEFINITIONAL_REPRESENTATION('',(#2287),#2291);
#2287 = LINE('',#2288,#2289);
#2288 = CARTESIAN_POINT('',(6.28318530718,0.));
#2289 = VECTOR('',#2290,1.);
#2290 = DIRECTION('',(0.,1.));
#2291 = ( GEOMETRIC_REPRESENTATION_CONTEXT(2) 
PARAMETRIC_REPRESENTATION_CONTEXT() REPRESENTATION_CONTEXT('2D SPACE',''
  ) );
#2292 = PCURVE('',#2260,#2293);
#2293 = DEFINITIONAL_REPRESENTATION('',(#2294),#2298);
#2294 = LINE('',#2295,#2296);
#2295 = CARTESIAN_POINT('',(4.138911435803E-13,0.));
#2296 = VECTOR('',#2297,1.);
#2297 = DIRECTION('',(0.,1.));
#2298 = ( GEOMETRIC_REPRESENTATION_CONTEXT(2) 
PARAMETRIC_REPRESENTATION_CONTEXT() REPRESENTATION_CONTEXT('2D SPACE',''
  ) );
#2299 = ORIENTED_EDGE('',*,*,#2300,.F.);
#2300 = EDGE_CURVE('',#2278,#2278,#2301,.T.);
#2301 = SURFACE_CURVE('',#2302,(#2307,#2314),.PCURVE_S1.);
#2302 = CIRCLE('',#2303,52.179906586049);
#2303 = AXIS2_PLACEMENT_3D('',#2304,#2305,#2306);
#2304 = CARTESIAN_POINT('',(0.,0.,877.957));
#2305 = DIRECTION('',(0.,0.,1.));
#2306 = DIRECTION('',(1.,0.,0.));
#2307 = PCURVE('',#2260,#2308);
#2308 = DEFINITIONAL_REPRESENTATION('',(#2309),#2313);
#2309 = LINE('',#2310,#2311);
#2310 = CARTESIAN_POINT('',(0.,4.563));
#2311 = VECTOR('',#2312,1.);
#2312 = DIRECTION('',(1.,0.));
#2313 = ( GEOMETRIC_REPRESENTATION_CONTEXT(2) 
PARAMETRIC_REPRESENTATION_CONTEXT() REPRESENTATION_CONTEXT('2D SPACE',''
  ) );
#2314 = PCURVE('',#2315,#2320);
#2315 = CONICAL_SURFACE('',#2316,52.179906586049,1.592687882354E-02);
#2316 = AXIS2_PLACEMENT_3D('',#2317,#2318,#2319);
#2317 = CARTESIAN_POINT('',(0.,0.,877.957));
#2318 = DIRECTION('',(0.,0.,1.));
#2319 = DIRECTION('',(1.,0.,0.));
#2320 = DEFINITIONAL_REPRESENTATION('',(#2321),#2325);
#2321 = LINE('',#2322,#2323);
#2322 = CARTESIAN_POINT('',(0.,0.));
#2323 = VECTOR('',#2324,1.);
#2324 = DIRECTION('',(1.,0.));
#2325 = ( GEOMETRIC_REPRESENTATION_CONTEXT(2) 
PARAMETRIC_REPRESENTATION_CONTEXT() REPRESENTATION_CONTEXT('2D SPACE',''
  ) );
#2326 = ORIENTED_EDGE('',*,*,#2277,.F.);
#2327 = ADVANCED_FACE('',(#2328),#2315,.T.);
#2328 = FACE_BOUND('',#2329,.T.);
#2329 = EDGE_LOOP('',(#2330,#2331,#2354,#2381));
#2330 = ORIENTED_EDGE('',*,*,#2300,.T.);
#2331 = ORIENTED_EDGE('',*,*,#2332,.T.);
#2332 = EDGE_CURVE('',#2278,#2333,#2335,.T.);
#2333 = VERTEX_POINT('',#2334);
#2334 = CARTESIAN_POINT('',(52.252587079735,0.,882.52));
#2335 = SEAM_CURVE('',#2336,(#2340,#2347),.PCURVE_S1.);
#2336 = LINE('',#2337,#2338);
#2337 = CARTESIAN_POINT('',(52.179906586049,0.,877.957));
#2338 = VECTOR('',#2339,1.);
#2339 = DIRECTION('',(1.592620548219E-02,0.,0.999873169947));
#2340 = PCURVE('',#2315,#2341);
#2341 = DEFINITIONAL_REPRESENTATION('',(#2342),#2346);
#2342 = LINE('',#2343,#2344);
#2343 = CARTESIAN_POINT('',(6.28318530718,0.));
#2344 = VECTOR('',#2345,1.);
#2345 = DIRECTION('',(0.,1.));
#2346 = ( GEOMETRIC_REPRESENTATION_CONTEXT(2) 
PARAMETRIC_REPRESENTATION_CONTEXT() REPRESENTATION_CONTEXT('2D SPACE',''
  ) );
#2347 = PCURVE('',#2315,#2348);
#2348 = DEFINITIONAL_REPRESENTATION('',(#2349),#2353);
#2349 = LINE('',#2350,#2351);
#2350 = CARTESIAN_POINT('',(4.138911435803E-13,0.));
#2351 = VECTOR('',#2352,1.);
#2352 = DIRECTION('',(0.,1.));
#2353 = ( GEOMETRIC_REPRESENTATION_CONTEXT(2) 
PARAMETRIC_REPRESENTATION_CONTEXT() REPRESENTATION_CONTEXT('2D SPACE',''
  ) );
#2354 = ORIENTED_EDGE('',*,*,#2355,.F.);
#2355 = EDGE_CURVE('',#2333,#2333,#2356,.T.);
#2356 = SURFACE_CURVE('',#2357,(#2362,#2369),.PCURVE_S1.);
#2357 = CIRCLE('',#2358,52.252587079735);
#2358 = AXIS2_PLACEMENT_3D('',#2359,#2360,#2361);
#2359 = CARTESIAN_POINT('',(0.,0.,882.52));
#2360 = DIRECTION('',(0.,0.,1.));
#2361 = DIRECTION('',(1.,0.,0.));
#2362 = PCURVE('',#2315,#2363);
#2363 = DEFINITIONAL_REPRESENTATION('',(#2364),#2368);
#2364 = LINE('',#2365,#2366);
#2365 = CARTESIAN_POINT('',(0.,4.563));
#2366 = VECTOR('',#2367,1.);
#2367 = DIRECTION('',(1.,0.));
#2368 = ( GEOMETRIC_REPRESENTATION_CONTEXT(2) 
PARAMETRIC_REPRESENTATION_CONTEXT() REPRESENTATION_CONTEXT('2D SPACE',''
  ) );
#2369 = PCURVE('',#2370,#2375);
#2370 = CONICAL_SURFACE('',#2371,52.252587079735,1.52642609757E-02);
#2371 = AXIS2_PLACEMENT_3D('',#2372,#2373,#2374);
#2372 = CARTESIAN_POINT('',(0.,0.,882.52));
#2373 = DIRECTION('',(0.,0.,1.));
#2374 = DIRECTION('',(1.,0.,0.));
#2375 = DEFINITIONAL_REPRESENTATION('',(#2376),#2380);
#2376 = LINE('',#2377,#2378);
#2377 = CARTESIAN_POINT('',(0.,0.));
#2378 = VECTOR('',#2379,1.);
#2379 = DIRECTION('',(1.,0.));
#2380 = ( GEOMETRIC_REPRESENTATION_CONTEXT(2) 
PARAMETRIC_REPRESENTATION_CONTEXT() REPRESENTATION_CONTEXT('2D SPACE',''
  ) );
#2381 = ORIENTED_EDGE('',*,*,#2332,.F.);
#2382 = ADVANCED_FACE('',(#2383),#2370,.T.);
#2383 = FACE_BOUND('',#2384,.T.);
#2384 = EDGE_LOOP('',(#2385,#2386,#2409,#2436));
#2385 = ORIENTED_EDGE('',*,*,#2355,.T.);
#2386 = ORIENTED_EDGE('',*,*,#2387,.T.);
#2387 = EDGE_CURVE('',#2333,#2388,#2390,.T.);
#2388 = VERTEX_POINT('',#2389);
#2389 = CARTESIAN_POINT('',(52.322243312565,0.,887.083));
#2390 = SEAM_CURVE('',#2391,(#2395,#2402),.PCURVE_S1.);
#2391 = LINE('',#2392,#2393);
#2392 = CARTESIAN_POINT('',(52.252587079735,0.,882.52));
#2393 = VECTOR('',#2394,1.);
#2394 = DIRECTION('',(1.526366822643E-02,0.,0.99988350343));
#2395 = PCURVE('',#2370,#2396);
#2396 = DEFINITIONAL_REPRESENTATION('',(#2397),#2401);
#2397 = LINE('',#2398,#2399);
#2398 = CARTESIAN_POINT('',(6.28318530718,0.));
#2399 = VECTOR('',#2400,1.);
#2400 = DIRECTION('',(0.,1.));
#2401 = ( GEOMETRIC_REPRESENTATION_CONTEXT(2) 
PARAMETRIC_REPRESENTATION_CONTEXT() REPRESENTATION_CONTEXT('2D SPACE',''
  ) );
#2402 = PCURVE('',#2370,#2403);
#2403 = DEFINITIONAL_REPRESENTATION('',(#2404),#2408);
#2404 = LINE('',#2405,#2406);
#2405 = CARTESIAN_POINT('',(4.138911435803E-13,0.));
#2406 = VECTOR('',#2407,1.);
#2407 = DIRECTION('',(0.,1.));
#2408 = ( GEOMETRIC_REPRESENTATION_CONTEXT(2) 
PARAMETRIC_REPRESENTATION_CONTEXT() REPRESENTATION_CONTEXT('2D SPACE',''
  ) );
#2409 = ORIENTED_EDGE('',*,*,#2410,.F.);
#2410 = EDGE_CURVE('',#2388,#2388,#2411,.T.);
#2411 = SURFACE_CURVE('',#2412,(#2417,#2424),.PCURVE_S1.);
#2412 = CIRCLE('',#2413,52.322243312565);
#2413 = AXIS2_PLACEMENT_3D('',#2414,#2415,#2416);
#2414 = CARTESIAN_POINT('',(0.,0.,887.083));
#2415 = DIRECTION('',(0.,0.,1.));
#2416 = DIRECTION('',(1.,0.,0.));
#2417 = PCURVE('',#2370,#2418);
#2418 = DEFINITIONAL_REPRESENTATION('',(#2419),#2423);
#2419 = LINE('',#2420,#2421);
#2420 = CARTESIAN_POINT('',(0.,4.563));
#2421 = VECTOR('',#2422,1.);
#2422 = DIRECTION('',(1.,0.));
#2423 = ( GEOMETRIC_REPRESENTATION_CONTEXT(2) 
PARAMETRIC_REPRESENTATION_CONTEXT() REPRESENTATION_CONTEXT('2D SPACE',''
  ) );
#2424 = PCURVE('',#2425,#2430);
#2425 = CONICAL_SURFACE('',#2426,52.322243312565,1.458991618051E-02);
#2426 = AXIS2_PLACEMENT_3D('',#2427,#2428,#2429);
#2427 = CARTESIAN_POINT('',(0.,0.,887.083));
#2428 = DIRECTION('',(0.,0.,1.));
#2429 = DIRECTION('',(1.,0.,0.));
#2430 = DEFINITIONAL_REPRESENTATION('',(#2431),#2435);
#2431 = LINE('',#2432,#2433);
#2432 = CARTESIAN_POINT('',(0.,0.));
#2433 = VECTOR('',#2434,1.);
#2434 = DIRECTION('',(1.,0.));
#2435 = ( GEOMETRIC_REPRESENTATION_CONTEXT(2) 
PARAMETRIC_REPRESENTATION_CONTEXT() REPRESENTATION_CONTEXT('2D SPACE',''
  ) );
#2436 = ORIENTED_EDGE('',*,*,#2387,.F.);
#2437 = ADVANCED_FACE('',(#2438),#2425,.T.);
#2438 = FACE_BOUND('',#2439,.T.);
#2439 = EDGE_LOOP('',(#2440,#2441,#2464,#2491));
#2440 = ORIENTED_EDGE('',*,*,#2410,.T.);
#2441 = ORIENTED_EDGE('',*,*,#2442,.T.);
#2442 = EDGE_CURVE('',#2388,#2443,#2445,.T.);
#2443 = VERTEX_POINT('',#2444);
#2444 = CARTESIAN_POINT('',(52.388821824256,0.,891.646));
#2445 = SEAM_CURVE('',#2446,(#2450,#2457),.PCURVE_S1.);
#2446 = LINE('',#2447,#2448);
#2447 = CARTESIAN_POINT('',(52.322243312565,0.,887.083));
#2448 = VECTOR('',#2449,1.);
#2449 = DIRECTION('',(1.458939857068E-02,0.,0.999893569061));
#2450 = PCURVE('',#2425,#2451);
#2451 = DEFINITIONAL_REPRESENTATION('',(#2452),#2456);
#2452 = LINE('',#2453,#2454);
#2453 = CARTESIAN_POINT('',(6.28318530718,0.));
#2454 = VECTOR('',#2455,1.);
#2455 = DIRECTION('',(0.,1.));
#2456 = ( GEOMETRIC_REPRESENTATION_CONTEXT(2) 
PARAMETRIC_REPRESENTATION_CONTEXT() REPRESENTATION_CONTEXT('2D SPACE',''
  ) );
#2457 = PCURVE('',#2425,#2458);
#2458 = DEFINITIONAL_REPRESENTATION('',(#2459),#2463);
#2459 = LINE('',#2460,#2461);
#2460 = CARTESIAN_POINT('',(4.138911435803E-13,0.));
#2461 = VECTOR('',#2462,1.);
#2462 = DIRECTION('',(0.,1.));
#2463 = ( GEOMETRIC_REPRESENTATION_CONTEXT(2) 
PARAMETRIC_REPRESENTATION_CONTEXT() REPRESENTATION_CONTEXT('2D SPACE',''
  ) );
#2464 = ORIENTED_EDGE('',*,*,#2465,.F.);
#2465 = EDGE_CURVE('',#2443,#2443,#2466,.T.);
#2466 = SURFACE_CURVE('',#2467,(#2472,#2479),.PCURVE_S1.);
#2467 = CIRCLE('',#2468,52.388821824256);
#2468 = AXIS2_PLACEMENT_3D('',#2469,#2470,#2471);
#2469 = CARTESIAN_POINT('',(0.,0.,891.646));
#2470 = DIRECTION('',(0.,0.,1.));
#2471 = DIRECTION('',(1.,0.,0.));
#2472 = PCURVE('',#2425,#2473);
#2473 = DEFINITIONAL_REPRESENTATION('',(#2474),#2478);
#2474 = LINE('',#2475,#2476);
#2475 = CARTESIAN_POINT('',(0.,4.563));
#2476 = VECTOR('',#2477,1.);
#2477 = DIRECTION('',(1.,0.));
#2478 = ( GEOMETRIC_REPRESENTATION_CONTEXT(2) 
PARAMETRIC_REPRESENTATION_CONTEXT() REPRESENTATION_CONTEXT('2D SPACE',''
  ) );
#2479 = PCURVE('',#2480,#2485);
#2480 = CONICAL_SURFACE('',#2481,52.388821824256,1.390384434365E-02);
#2481 = AXIS2_PLACEMENT_3D('',#2482,#2483,#2484);
#2482 = CARTESIAN_POINT('',(0.,0.,891.646));
#2483 = DIRECTION('',(0.,0.,1.));
#2484 = DIRECTION('',(1.,0.,0.));
#2485 = DEFINITIONAL_REPRESENTATION('',(#2486),#2490);
#2486 = LINE('',#2487,#2488);
#2487 = CARTESIAN_POINT('',(0.,0.));
#2488 = VECTOR('',#2489,1.);
#2489 = DIRECTION('',(1.,0.));
#2490 = ( GEOMETRIC_REPRESENTATION_CONTEXT(2) 
PARAMETRIC_REPRESENTATION_CONTEXT() REPRESENTATION_CONTEXT('2D SPACE',''
  ) );
#2491 = ORIENTED_EDGE('',*,*,#2442,.F.);
#2492 = ADVANCED_FACE('',(#2493),#2480,.T.);
#2493 = FACE_BOUND('',#2494,.T.);
#2494 = EDGE_LOOP('',(#2495,#2496,#2519,#2546));
#2495 = ORIENTED_EDGE('',*,*,#2465,.T.);
#2496 = ORIENTED_EDGE('',*,*,#2497,.T.);
#2497 = EDGE_CURVE('',#2443,#2498,#2500,.T.);
#2498 = VERTEX_POINT('',#2499);
#2499 = CARTESIAN_POINT('',(52.452269154529,0.,896.209));
#2500 = SEAM_CURVE('',#2501,(#2505,#2512),.PCURVE_S1.);
#2501 = LINE('',#2502,#2503);
#2502 = CARTESIAN_POINT('',(52.388821824256,0.,891.646));
#2503 = VECTOR('',#2504,1.);
#2504 = DIRECTION('',(1.390339637335E-02,0.,0.999903343113));
#2505 = PCURVE('',#2480,#2506);
#2506 = DEFINITIONAL_REPRESENTATION('',(#2507),#2511);
#2507 = LINE('',#2508,#2509);
#2508 = CARTESIAN_POINT('',(6.28318530718,0.));
#2509 = VECTOR('',#2510,1.);
#2510 = DIRECTION('',(0.,1.));
#2511 = ( GEOMETRIC_REPRESENTATION_CONTEXT(2) 
PARAMETRIC_REPRESENTATION_CONTEXT() REPRESENTATION_CONTEXT('2D SPACE',''
  ) );
#2512 = PCURVE('',#2480,#2513);
#2513 = DEFINITIONAL_REPRESENTATION('',(#2514),#2518);
#2514 = LINE('',#2515,#2516);
#2515 = CARTESIAN_POINT('',(4.138911435803E-13,0.));
#2516 = VECTOR('',#2517,1.);
#2517 = DIRECTION('',(0.,1.));
#2518 = ( GEOMETRIC_REPRESENTATION_CONTEXT(2) 
PARAMETRIC_REPRESENTATION_CONTEXT() REPRESENTATION_CONTEXT('2D SPACE',''
  ) );
#2519 = ORIENTED_EDGE('',*,*,#2520,.F.);
#2520 = EDGE_CURVE('',#2498,#2498,#2521,.T.);
#2521 = SURFACE_CURVE('',#2522,(#2527,#2534),.PCURVE_S1.);
#2522 = CIRCLE('',#2523,52.452269154529);
#2523 = AXIS2_PLACEMENT_3D('',#2524,#2525,#2526);
#2524 = CARTESIAN_POINT('',(0.,0.,896.209));
#2525 = DIRECTION('',(0.,0.,1.));
#2526 = DIRECTION('',(1.,0.,0.));
#2527 = PCURVE('',#2480,#2528);
#2528 = DEFINITIONAL_REPRESENTATION('',(#2529),#2533);
#2529 = LINE('',#2530,#2531);
#2530 = CARTESIAN_POINT('',(0.,4.563));
#2531 = VECTOR('',#2532,1.);
#2532 = DIRECTION('',(1.,0.));
#2533 = ( GEOMETRIC_REPRESENTATION_CONTEXT(2) 
PARAMETRIC_REPRESENTATION_CONTEXT() REPRESENTATION_CONTEXT('2D SPACE',''
  ) );
#2534 = PCURVE('',#2535,#2540);
#2535 = CONICAL_SURFACE('',#2536,52.452269154529,1.320604542387E-02);
#2536 = AXIS2_PLACEMENT_3D('',#2537,#2538,#2539);
#2537 = CARTESIAN_POINT('',(0.,0.,896.209));
#2538 = DIRECTION('',(0.,0.,1.));
#2539 = DIRECTION('',(1.,0.,0.));
#2540 = DEFINITIONAL_REPRESENTATION('',(#2541),#2545);
#2541 = LINE('',#2542,#2543);
#2542 = CARTESIAN_POINT('',(0.,0.));
#2543 = VECTOR('',#2544,1.);
#2544 = DIRECTION('',(1.,0.));
#2545 = ( GEOMETRIC_REPRESENTATION_CONTEXT(2) 
PARAMETRIC_REPRESENTATION_CONTEXT() REPRESENTATION_CONTEXT('2D SPACE',''
  ) );
#2546 = ORIENTED_EDGE('',*,*,#2497,.F.);
#2547 = ADVANCED_FACE('',(#2548),#2535,.T.);
#2548 = FACE_BOUND('',#2549,.T.);
#2549 = EDGE_LOOP('',(#2550,#2551,#2574,#2601));
#2550 = ORIENTED_EDGE('',*,*,#2520,.T.);
#2551 = ORIENTED_EDGE('',*,*,#2552,.T.);
#2552 = EDGE_CURVE('',#2498,#2553,#2555,.T.);
#2553 = VERTEX_POINT('',#2554);
#2554 = CARTESIAN_POINT('',(52.512531843103,0.,900.772));
#2555 = SEAM_CURVE('',#2556,(#2560,#2567),.PCURVE_S1.);
#2556 = LINE('',#2557,#2558);
#2557 = CARTESIAN_POINT('',(52.452269154529,0.,896.209));
#2558 = VECTOR('',#2559,1.);
#2559 = DIRECTION('',(1.320566157232E-02,0.,0.999912801449));
#2560 = PCURVE('',#2535,#2561);
#2561 = DEFINITIONAL_REPRESENTATION('',(#2562),#2566);
#2562 = LINE('',#2563,#2564);
#2563 = CARTESIAN_POINT('',(6.28318530718,0.));
#2564 = VECTOR('',#2565,1.);
#2565 = DIRECTION('',(0.,1.));
#2566 = ( GEOMETRIC_REPRESENTATION_CONTEXT(2) 
PARAMETRIC_REPRESENTATION_CONTEXT() REPRESENTATION_CONTEXT('2D SPACE',''
  ) );
#2567 = PCURVE('',#2535,#2568);
#2568 = DEFINITIONAL_REPRESENTATION('',(#2569),#2573);
#2569 = LINE('',#2570,#2571);
#2570 = CARTESIAN_POINT('',(4.138911435803E-13,0.));
#2571 = VECTOR('',#2572,1.);
#2572 = DIRECTION('',(0.,1.));
#2573 = ( GEOMETRIC_REPRESENTATION_CONTEXT(2) 
PARAMETRIC_REPRESENTATION_CONTEXT() REPRESENTATION_CONTEXT('2D SPACE',''
  ) );
#2574 = ORIENTED_EDGE('',*,*,#2575,.F.);
#2575 = EDGE_CURVE('',#2553,#2553,#2576,.T.);
#2576 = SURFACE_CURVE('',#2577,(#2582,#2589),.PCURVE_S1.);
#2577 = CIRCLE('',#2578,52.512531843103);
#2578 = AXIS2_PLACEMENT_3D('',#2579,#2580,#2581);
#2579 = CARTESIAN_POINT('',(0.,0.,900.772));
#2580 = DIRECTION('',(0.,0.,1.));
#2581 = DIRECTION('',(1.,0.,0.));
#2582 = PCURVE('',#2535,#2583);
#2583 = DEFINITIONAL_REPRESENTATION('',(#2584),#2588);
#2584 = LINE('',#2585,#2586);
#2585 = CARTESIAN_POINT('',(0.,4.563));
#2586 = VECTOR('',#2587,1.);
#2587 = DIRECTION('',(1.,0.));
#2588 = ( GEOMETRIC_REPRESENTATION_CONTEXT(2) 
PARAMETRIC_REPRESENTATION_CONTEXT() REPRESENTATION_CONTEXT('2D SPACE',''
  ) );
#2589 = PCURVE('',#2590,#2595);
#2590 = CONICAL_SURFACE('',#2591,52.512531843103,1.249651943579E-02);
#2591 = AXIS2_PLACEMENT_3D('',#2592,#2593,#2594);
#2592 = CARTESIAN_POINT('',(0.,0.,900.772));
#2593 = DIRECTION('',(0.,0.,1.));
#2594 = DIRECTION('',(1.,0.,0.));
#2595 = DEFINITIONAL_REPRESENTATION('',(#2596),#2600);
#2596 = LINE('',#2597,#2598);
#2597 = CARTESIAN_POINT('',(0.,0.));
#2598 = VECTOR('',#2599,1.);
#2599 = DIRECTION('',(1.,0.));
#2600 = ( GEOMETRIC_REPRESENTATION_CONTEXT(2) 
PARAMETRIC_REPRESENTATION_CONTEXT() REPRESENTATION_CONTEXT('2D SPACE',''
  ) );
#2601 = ORIENTED_EDGE('',*,*,#2552,.F.);
#2602 = ADVANCED_FACE('',(#2603),#2590,.T.);
#2603 = FACE_BOUND('',#2604,.T.);
#2604 = EDGE_LOOP('',(#2605,#2606,#2629,#2656));
#2605 = ORIENTED_EDGE('',*,*,#2575,.T.);
#2606 = ORIENTED_EDGE('',*,*,#2607,.T.);
#2607 = EDGE_CURVE('',#2553,#2608,#2610,.T.);
#2608 = VERTEX_POINT('',#2609);
#2609 = CARTESIAN_POINT('',(52.569556429696,0.,905.335));
#2610 = SEAM_CURVE('',#2611,(#2615,#2622),.PCURVE_S1.);
#2611 = LINE('',#2612,#2613);
#2612 = CARTESIAN_POINT('',(52.512531843103,0.,900.772));
#2613 = VECTOR('',#2614,1.);
#2614 = DIRECTION('',(1.249619418934E-02,0.,0.999921919517));
#2615 = PCURVE('',#2590,#2616);
#2616 = DEFINITIONAL_REPRESENTATION('',(#2617),#2621);
#2617 = LINE('',#2618,#2619);
#2618 = CARTESIAN_POINT('',(6.28318530718,0.));
#2619 = VECTOR('',#2620,1.);
#2620 = DIRECTION('',(0.,1.));
#2621 = ( GEOMETRIC_REPRESENTATION_CONTEXT(2) 
PARAMETRIC_REPRESENTATION_CONTEXT() REPRESENTATION_CONTEXT('2D SPACE',''
  ) );
#2622 = PCURVE('',#2590,#2623);
#2623 = DEFINITIONAL_REPRESENTATION('',(#2624),#2628);
#2624 = LINE('',#2625,#2626);
#2625 = CARTESIAN_POINT('',(4.138911435803E-13,0.));
#2626 = VECTOR('',#2627,1.);
#2627 = DIRECTION('',(0.,1.));
#2628 = ( GEOMETRIC_REPRESENTATION_CONTEXT(2) 
PARAMETRIC_REPRESENTATION_CONTEXT() REPRESENTATION_CONTEXT('2D SPACE',''
  ) );
#2629 = ORIENTED_EDGE('',*,*,#2630,.F.);
#2630 = EDGE_CURVE('',#2608,#2608,#2631,.T.);
#2631 = SURFACE_CURVE('',#2632,(#2637,#2644),.PCURVE_S1.);
#2632 = CIRCLE('',#2633,52.569556429696);
#2633 = AXIS2_PLACEMENT_3D('',#2634,#2635,#2636);
#2634 = CARTESIAN_POINT('',(0.,0.,905.335));
#2635 = DIRECTION('',(0.,0.,1.));
#2636 = DIRECTION('',(1.,0.,0.));
#2637 = PCURVE('',#2590,#2638);
#2638 = DEFINITIONAL_REPRESENTATION('',(#2639),#2643);
#2639 = LINE('',#2640,#2641);
#2640 = CARTESIAN_POINT('',(0.,4.563));
#2641 = VECTOR('',#2642,1.);
#2642 = DIRECTION('',(1.,0.));
#2643 = ( GEOMETRIC_REPRESENTATION_CONTEXT(2) 
PARAMETRIC_REPRESENTATION_CONTEXT() REPRESENTATION_CONTEXT('2D SPACE',''
  ) );
#2644 = PCURVE('',#2645,#2650);
#2645 = CONICAL_SURFACE('',#2646,52.569556429696,1.177526645284E-02);
#2646 = AXIS2_PLACEMENT_3D('',#2647,#2648,#2649);
#2647 = CARTESIAN_POINT('',(0.,0.,905.335));
#2648 = DIRECTION('',(0.,0.,1.));
#2649 = DIRECTION('',(1.,0.,0.));
#2650 = DEFINITIONAL_REPRESENTATION('',(#2651),#2655);
#2651 = LINE('',#2652,#2653);
#2652 = CARTESIAN_POINT('',(0.,0.));
#2653 = VECTOR('',#2654,1.);
#2654 = DIRECTION('',(1.,0.));
#2655 = ( GEOMETRIC_REPRESENTATION_CONTEXT(2) 
PARAMETRIC_REPRESENTATION_CONTEXT() REPRESENTATION_CONTEXT('2D SPACE',''
  ) );
#2656 = ORIENTED_EDGE('',*,*,#2607,.F.);
#2657 = ADVANCED_FACE('',(#2658),#2645,.T.);
#2658 = FACE_BOUND('',#2659,.T.);
#2659 = EDGE_LOOP('',(#2660,#2661,#2684,#2711));
#2660 = ORIENTED_EDGE('',*,*,#2630,.T.);
#2661 = ORIENTED_EDGE('',*,*,#2662,.T.);
#2662 = EDGE_CURVE('',#2608,#2663,#2665,.T.);
#2663 = VERTEX_POINT('',#2664);
#2664 = CARTESIAN_POINT('',(52.623289454028,0.,909.898));
#2665 = SEAM_CURVE('',#2666,(#2670,#2677),.PCURVE_S1.);
#2666 = LINE('',#2667,#2668);
#2667 = CARTESIAN_POINT('',(52.569556429696,0.,905.335));
#2668 = VECTOR('',#2669,1.);
#2669 = DIRECTION('',(1.177499433441E-02,0.,0.999930672351));
#2670 = PCURVE('',#2645,#2671);
#2671 = DEFINITIONAL_REPRESENTATION('',(#2672),#2676);
#2672 = LINE('',#2673,#2674);
#2673 = CARTESIAN_POINT('',(6.28318530718,0.));
#2674 = VECTOR('',#2675,1.);
#2675 = DIRECTION('',(0.,1.));
#2676 = ( GEOMETRIC_REPRESENTATION_CONTEXT(2) 
PARAMETRIC_REPRESENTATION_CONTEXT() REPRESENTATION_CONTEXT('2D SPACE',''
  ) );
#2677 = PCURVE('',#2645,#2678);
#2678 = DEFINITIONAL_REPRESENTATION('',(#2679),#2683);
#2679 = LINE('',#2680,#2681);
#2680 = CARTESIAN_POINT('',(4.138911435803E-13,0.));
#2681 = VECTOR('',#2682,1.);
#2682 = DIRECTION('',(0.,1.));
#2683 = ( GEOMETRIC_REPRESENTATION_CONTEXT(2) 
PARAMETRIC_REPRESENTATION_CONTEXT() REPRESENTATION_CONTEXT('2D SPACE',''
  ) );
#2684 = ORIENTED_EDGE('',*,*,#2685,.F.);
#2685 = EDGE_CURVE('',#2663,#2663,#2686,.T.);
#2686 = SURFACE_CURVE('',#2687,(#2692,#2699),.PCURVE_S1.);
#2687 = CIRCLE('',#2688,52.623289454028);
#2688 = AXIS2_PLACEMENT_3D('',#2689,#2690,#2691);
#2689 = CARTESIAN_POINT('',(0.,0.,909.898));
#2690 = DIRECTION('',(0.,0.,1.));
#2691 = DIRECTION('',(1.,0.,0.));
#2692 = PCURVE('',#2645,#2693);
#2693 = DEFINITIONAL_REPRESENTATION('',(#2694),#2698);
#2694 = LINE('',#2695,#2696);
#2695 = CARTESIAN_POINT('',(0.,4.563));
#2696 = VECTOR('',#2697,1.);
#2697 = DIRECTION('',(1.,0.));
#2698 = ( GEOMETRIC_REPRESENTATION_CONTEXT(2) 
PARAMETRIC_REPRESENTATION_CONTEXT() REPRESENTATION_CONTEXT('2D SPACE',''
  ) );
#2699 = PCURVE('',#2700,#2705);
#2700 = CONICAL_SURFACE('',#2701,52.623289454028,1.104228661014E-02);
#2701 = AXIS2_PLACEMENT_3D('',#2702,#2703,#2704);
#2702 = CARTESIAN_POINT('',(0.,0.,909.898));
#2703 = DIRECTION('',(0.,0.,1.));
#2704 = DIRECTION('',(1.,0.,0.));
#2705 = DEFINITIONAL_REPRESENTATION('',(#2706),#2710);
#2706 = LINE('',#2707,#2708);
#2707 = CARTESIAN_POINT('',(0.,0.));
#2708 = VECTOR('',#2709,1.);
#2709 = DIRECTION('',(1.,0.));
#2710 = ( GEOMETRIC_REPRESENTATION_CONTEXT(2) 
PARAMETRIC_REPRESENTATION_CONTEXT() REPRESENTATION_CONTEXT('2D SPACE',''
  ) );
#2711 = ORIENTED_EDGE('',*,*,#2662,.F.);
#2712 = ADVANCED_FACE('',(#2713),#2700,.T.);
#2713 = FACE_BOUND('',#2714,.T.);
#2714 = EDGE_LOOP('',(#2715,#2716,#2739,#2766));
#2715 = ORIENTED_EDGE('',*,*,#2685,.T.);
#2716 = ORIENTED_EDGE('',*,*,#2717,.T.);
#2717 = EDGE_CURVE('',#2663,#2718,#2720,.T.);
#2718 = VERTEX_POINT('',#2719);
#2719 = CARTESIAN_POINT('',(52.673677455818,0.,914.461));
#2720 = SEAM_CURVE('',#2721,(#2725,#2732),.PCURVE_S1.);
#2721 = LINE('',#2722,#2723);
#2722 = CARTESIAN_POINT('',(52.623289454028,0.,909.898));
#2723 = VECTOR('',#2724,1.);
#2724 = DIRECTION('',(1.104206220999E-02,0.,0.999939034573));
#2725 = PCURVE('',#2700,#2726);
#2726 = DEFINITIONAL_REPRESENTATION('',(#2727),#2731);
#2727 = LINE('',#2728,#2729);
#2728 = CARTESIAN_POINT('',(6.28318530718,0.));
#2729 = VECTOR('',#2730,1.);
#2730 = DIRECTION('',(0.,1.));
#2731 = ( GEOMETRIC_REPRESENTATION_CONTEXT(2) 
PARAMETRIC_REPRESENTATION_CONTEXT() REPRESENTATION_CONTEXT('2D SPACE',''
  ) );
#2732 = PCURVE('',#2700,#2733);
#2733 = DEFINITIONAL_REPRESENTATION('',(#2734),#2738);
#2734 = LINE('',#2735,#2736);
#2735 = CARTESIAN_POINT('',(4.138911435803E-13,0.));
#2736 = VECTOR('',#2737,1.);
#2737 = DIRECTION('',(0.,1.));
#2738 = ( GEOMETRIC_REPRESENTATION_CONTEXT(2) 
PARAMETRIC_REPRESENTATION_CONTEXT() REPRESENTATION_CONTEXT('2D SPACE',''
  ) );
#2739 = ORIENTED_EDGE('',*,*,#2740,.F.);
#2740 = EDGE_CURVE('',#2718,#2718,#2741,.T.);
#2741 = SURFACE_CURVE('',#2742,(#2747,#2754),.PCURVE_S1.);
#2742 = CIRCLE('',#2743,52.673677455818);
#2743 = AXIS2_PLACEMENT_3D('',#2744,#2745,#2746);
#2744 = CARTESIAN_POINT('',(0.,0.,914.461));
#2745 = DIRECTION('',(0.,0.,1.));
#2746 = DIRECTION('',(1.,0.,0.));
#2747 = PCURVE('',#2700,#2748);
#2748 = DEFINITIONAL_REPRESENTATION('',(#2749),#2753);
#2749 = LINE('',#2750,#2751);
#2750 = CARTESIAN_POINT('',(0.,4.563));
#2751 = VECTOR('',#2752,1.);
#2752 = DIRECTION('',(1.,0.));
#2753 = ( GEOMETRIC_REPRESENTATION_CONTEXT(2) 
PARAMETRIC_REPRESENTATION_CONTEXT() REPRESENTATION_CONTEXT('2D SPACE',''
  ) );
#2754 = PCURVE('',#2755,#2760);
#2755 = CONICAL_SURFACE('',#2756,52.673677455818,1.029758010748E-02);
#2756 = AXIS2_PLACEMENT_3D('',#2757,#2758,#2759);
#2757 = CARTESIAN_POINT('',(0.,0.,914.461));
#2758 = DIRECTION('',(0.,0.,1.));
#2759 = DIRECTION('',(1.,0.,0.));
#2760 = DEFINITIONAL_REPRESENTATION('',(#2761),#2765);
#2761 = LINE('',#2762,#2763);
#2762 = CARTESIAN_POINT('',(0.,0.));
#2763 = VECTOR('',#2764,1.);
#2764 = DIRECTION('',(1.,0.));
#2765 = ( GEOMETRIC_REPRESENTATION_CONTEXT(2) 
PARAMETRIC_REPRESENTATION_CONTEXT() REPRESENTATION_CONTEXT('2D SPACE',''
  ) );
#2766 = ORIENTED_EDGE('',*,*,#2717,.F.);
#2767 = ADVANCED_FACE('',(#2768),#2755,.T.);
#2768 = FACE_BOUND('',#2769,.T.);
#2769 = EDGE_LOOP('',(#2770,#2771,#2794,#2821));
#2770 = ORIENTED_EDGE('',*,*,#2740,.T.);
#2771 = ORIENTED_EDGE('',*,*,#2772,.T.);
#2772 = EDGE_CURVE('',#2718,#2773,#2775,.T.);
#2773 = VERTEX_POINT('',#2774);
#2774 = CARTESIAN_POINT('',(52.720666974786,0.,919.024));
#2775 = SEAM_CURVE('',#2776,(#2780,#2787),.PCURVE_S1.);
#2776 = LINE('',#2777,#2778);
#2777 = CARTESIAN_POINT('',(52.673677455818,0.,914.461));
#2778 = VECTOR('',#2779,1.);
#2779 = DIRECTION('',(1.029739811561E-02,0.,0.99994698039));
#2780 = PCURVE('',#2755,#2781);
#2781 = DEFINITIONAL_REPRESENTATION('',(#2782),#2786);
#2782 = LINE('',#2783,#2784);
#2783 = CARTESIAN_POINT('',(6.28318530718,0.));
#2784 = VECTOR('',#2785,1.);
#2785 = DIRECTION('',(0.,1.));
#2786 = ( GEOMETRIC_REPRESENTATION_CONTEXT(2) 
PARAMETRIC_REPRESENTATION_CONTEXT() REPRESENTATION_CONTEXT('2D SPACE',''
  ) );
#2787 = PCURVE('',#2755,#2788);
#2788 = DEFINITIONAL_REPRESENTATION('',(#2789),#2793);
#2789 = LINE('',#2790,#2791);
#2790 = CARTESIAN_POINT('',(4.138911435803E-13,0.));
#2791 = VECTOR('',#2792,1.);
#2792 = DIRECTION('',(0.,1.));
#2793 = ( GEOMETRIC_REPRESENTATION_CONTEXT(2) 
PARAMETRIC_REPRESENTATION_CONTEXT() REPRESENTATION_CONTEXT('2D SPACE',''
  ) );
#2794 = ORIENTED_EDGE('',*,*,#2795,.F.);
#2795 = EDGE_CURVE('',#2773,#2773,#2796,.T.);
#2796 = SURFACE_CURVE('',#2797,(#2802,#2809),.PCURVE_S1.);
#2797 = CIRCLE('',#2798,52.720666974786);
#2798 = AXIS2_PLACEMENT_3D('',#2799,#2800,#2801);
#2799 = CARTESIAN_POINT('',(0.,0.,919.024));
#2800 = DIRECTION('',(0.,0.,1.));
#2801 = DIRECTION('',(1.,0.,0.));
#2802 = PCURVE('',#2755,#2803);
#2803 = DEFINITIONAL_REPRESENTATION('',(#2804),#2808);
#2804 = LINE('',#2805,#2806);
#2805 = CARTESIAN_POINT('',(0.,4.563));
#2806 = VECTOR('',#2807,1.);
#2807 = DIRECTION('',(1.,0.));
#2808 = ( GEOMETRIC_REPRESENTATION_CONTEXT(2) 
PARAMETRIC_REPRESENTATION_CONTEXT() REPRESENTATION_CONTEXT('2D SPACE',''
  ) );
#2809 = PCURVE('',#2810,#2815);
#2810 = CONICAL_SURFACE('',#2811,52.720666974786,9.541147212376E-03);
#2811 = AXIS2_PLACEMENT_3D('',#2812,#2813,#2814);
#2812 = CARTESIAN_POINT('',(0.,0.,919.024));
#2813 = DIRECTION('',(0.,0.,1.));
#2814 = DIRECTION('',(1.,0.,0.));
#2815 = DEFINITIONAL_REPRESENTATION('',(#2816),#2820);
#2816 = LINE('',#2817,#2818);
#2817 = CARTESIAN_POINT('',(0.,0.));
#2818 = VECTOR('',#2819,1.);
#2819 = DIRECTION('',(1.,0.));
#2820 = ( GEOMETRIC_REPRESENTATION_CONTEXT(2) 
PARAMETRIC_REPRESENTATION_CONTEXT() REPRESENTATION_CONTEXT('2D SPACE',''
  ) );
#2821 = ORIENTED_EDGE('',*,*,#2772,.F.);
#2822 = ADVANCED_FACE('',(#2823),#2810,.T.);
#2823 = FACE_BOUND('',#2824,.T.);
#2824 = EDGE_LOOP('',(#2825,#2826,#2849,#2876));
#2825 = ORIENTED_EDGE('',*,*,#2795,.T.);
#2826 = ORIENTED_EDGE('',*,*,#2827,.T.);
#2827 = EDGE_CURVE('',#2773,#2828,#2830,.T.);
#2828 = VERTEX_POINT('',#2829);
#2829 = CARTESIAN_POINT('',(52.76420455065,0.,923.587));
#2830 = SEAM_CURVE('',#2831,(#2835,#2842),.PCURVE_S1.);
#2831 = LINE('',#2832,#2833);
#2832 = CARTESIAN_POINT('',(52.720666974786,0.,919.024));
#2833 = VECTOR('',#2834,1.);
#2834 = DIRECTION('',(9.541002452383E-03,0.,0.9999544836));
#2835 = PCURVE('',#2810,#2836);
#2836 = DEFINITIONAL_REPRESENTATION('',(#2837),#2841);
#2837 = LINE('',#2838,#2839);
#2838 = CARTESIAN_POINT('',(6.28318530718,0.));
#2839 = VECTOR('',#2840,1.);
#2840 = DIRECTION('',(0.,1.));
#2841 = ( GEOMETRIC_REPRESENTATION_CONTEXT(2) 
PARAMETRIC_REPRESENTATION_CONTEXT() REPRESENTATION_CONTEXT('2D SPACE',''
  ) );
#2842 = PCURVE('',#2810,#2843);
#2843 = DEFINITIONAL_REPRESENTATION('',(#2844),#2848);
#2844 = LINE('',#2845,#2846);
#2845 = CARTESIAN_POINT('',(4.138911435803E-13,0.));
#2846 = VECTOR('',#2847,1.);
#2847 = DIRECTION('',(0.,1.));
#2848 = ( GEOMETRIC_REPRESENTATION_CONTEXT(2) 
PARAMETRIC_REPRESENTATION_CONTEXT() REPRESENTATION_CONTEXT('2D SPACE',''
  ) );
#2849 = ORIENTED_EDGE('',*,*,#2850,.F.);
#2850 = EDGE_CURVE('',#2828,#2828,#2851,.T.);
#2851 = SURFACE_CURVE('',#2852,(#2857,#2864),.PCURVE_S1.);
#2852 = CIRCLE('',#2853,52.76420455065);
#2853 = AXIS2_PLACEMENT_3D('',#2854,#2855,#2856);
#2854 = CARTESIAN_POINT('',(0.,0.,923.587));
#2855 = DIRECTION('',(0.,0.,1.));
#2856 = DIRECTION('',(1.,0.,0.));
#2857 = PCURVE('',#2810,#2858);
#2858 = DEFINITIONAL_REPRESENTATION('',(#2859),#2863);
#2859 = LINE('',#2860,#2861);
#2860 = CARTESIAN_POINT('',(0.,4.563));
#2861 = VECTOR('',#2862,1.);
#2862 = DIRECTION('',(1.,0.));
#2863 = ( GEOMETRIC_REPRESENTATION_CONTEXT(2) 
PARAMETRIC_REPRESENTATION_CONTEXT() REPRESENTATION_CONTEXT('2D SPACE',''
  ) );
#2864 = PCURVE('',#2865,#2870);
#2865 = CONICAL_SURFACE('',#2866,52.76420455065,8.772988263105E-03);
#2866 = AXIS2_PLACEMENT_3D('',#2867,#2868,#2869);
#2867 = CARTESIAN_POINT('',(0.,0.,923.587));
#2868 = DIRECTION('',(0.,0.,1.));
#2869 = DIRECTION('',(1.,0.,0.));
#2870 = DEFINITIONAL_REPRESENTATION('',(#2871),#2875);
#2871 = LINE('',#2872,#2873);
#2872 = CARTESIAN_POINT('',(0.,0.));
#2873 = VECTOR('',#2874,1.);
#2874 = DIRECTION('',(1.,0.));
#2875 = ( GEOMETRIC_REPRESENTATION_CONTEXT(2) 
PARAMETRIC_REPRESENTATION_CONTEXT() REPRESENTATION_CONTEXT('2D SPACE',''
  ) );
#2876 = ORIENTED_EDGE('',*,*,#2827,.F.);
#2877 = ADVANCED_FACE('',(#2878),#2865,.T.);
#2878 = FACE_BOUND('',#2879,.T.);
#2879 = EDGE_LOOP('',(#2880,#2881,#2904,#2931));
#2880 = ORIENTED_EDGE('',*,*,#2850,.T.);
#2881 = ORIENTED_EDGE('',*,*,#2882,.T.);
#2882 = EDGE_CURVE('',#2828,#2883,#2885,.T.);
#2883 = VERTEX_POINT('',#2884);
#2884 = CARTESIAN_POINT('',(52.804236723129,0.,928.15));
#2885 = SEAM_CURVE('',#2886,(#2890,#2897),.PCURVE_S1.);
#2886 = LINE('',#2887,#2888);
#2887 = CARTESIAN_POINT('',(52.76420455065,0.,923.587));
#2888 = VECTOR('',#2889,1.);
#2889 = DIRECTION('',(8.772875727565E-03,0.,0.999961517585));
#2890 = PCURVE('',#2865,#2891);
#2891 = DEFINITIONAL_REPRESENTATION('',(#2892),#2896);
#2892 = LINE('',#2893,#2894);
#2893 = CARTESIAN_POINT('',(6.28318530718,0.));
#2894 = VECTOR('',#2895,1.);
#2895 = DIRECTION('',(0.,1.));
#2896 = ( GEOMETRIC_REPRESENTATION_CONTEXT(2) 
PARAMETRIC_REPRESENTATION_CONTEXT() REPRESENTATION_CONTEXT('2D SPACE',''
  ) );
#2897 = PCURVE('',#2865,#2898);
#2898 = DEFINITIONAL_REPRESENTATION('',(#2899),#2903);
#2899 = LINE('',#2900,#2901);
#2900 = CARTESIAN_POINT('',(4.138911435803E-13,0.));
#2901 = VECTOR('',#2902,1.);
#2902 = DIRECTION('',(0.,1.));
#2903 = ( GEOMETRIC_REPRESENTATION_CONTEXT(2) 
PARAMETRIC_REPRESENTATION_CONTEXT() REPRESENTATION_CONTEXT('2D SPACE',''
  ) );
#2904 = ORIENTED_EDGE('',*,*,#2905,.F.);
#2905 = EDGE_CURVE('',#2883,#2883,#2906,.T.);
#2906 = SURFACE_CURVE('',#2907,(#2912,#2919),.PCURVE_S1.);
#2907 = CIRCLE('',#2908,52.804236723129);
#2908 = AXIS2_PLACEMENT_3D('',#2909,#2910,#2911);
#2909 = CARTESIAN_POINT('',(0.,0.,928.15));
#2910 = DIRECTION('',(0.,0.,1.));
#2911 = DIRECTION('',(1.,0.,0.));
#2912 = PCURVE('',#2865,#2913);
#2913 = DEFINITIONAL_REPRESENTATION('',(#2914),#2918);
#2914 = LINE('',#2915,#2916);
#2915 = CARTESIAN_POINT('',(0.,4.563));
#2916 = VECTOR('',#2917,1.);
#2917 = DIRECTION('',(1.,0.));
#2918 = ( GEOMETRIC_REPRESENTATION_CONTEXT(2) 
PARAMETRIC_REPRESENTATION_CONTEXT() REPRESENTATION_CONTEXT('2D SPACE',''
  ) );
#2919 = PCURVE('',#2920,#2925);
#2920 = CONICAL_SURFACE('',#2921,52.804236723129,7.993103671851E-03);
#2921 = AXIS2_PLACEMENT_3D('',#2922,#2923,#2924);
#2922 = CARTESIAN_POINT('',(0.,0.,928.15));
#2923 = DIRECTION('',(0.,0.,1.));
#2924 = DIRECTION('',(1.,0.,0.));
#2925 = DEFINITIONAL_REPRESENTATION('',(#2926),#2930);
#2926 = LINE('',#2927,#2928);
#2927 = CARTESIAN_POINT('',(0.,0.));
#2928 = VECTOR('',#2929,1.);
#2929 = DIRECTION('',(1.,0.));
#2930 = ( GEOMETRIC_REPRESENTATION_CONTEXT(2) 
PARAMETRIC_REPRESENTATION_CONTEXT() REPRESENTATION_CONTEXT('2D SPACE',''
  ) );
#2931 = ORIENTED_EDGE('',*,*,#2882,.F.);
#2932 = ADVANCED_FACE('',(#2933),#2920,.T.);
#2933 = FACE_BOUND('',#2934,.T.);
#2934 = EDGE_LOOP('',(#2935,#2936,#2959,#2986));
#2935 = ORIENTED_EDGE('',*,*,#2905,.T.);
#2936 = ORIENTED_EDGE('',*,*,#2937,.T.);
#2937 = EDGE_CURVE('',#2883,#2938,#2940,.T.);
#2938 = VERTEX_POINT('',#2939);
#2939 = CARTESIAN_POINT('',(52.840710031943,0.,932.713));
#2940 = SEAM_CURVE('',#2941,(#2945,#2952),.PCURVE_S1.);
#2941 = LINE('',#2942,#2943);
#2942 = CARTESIAN_POINT('',(52.804236723129,0.,928.15));
#2943 = VECTOR('',#2944,1.);
#2944 = DIRECTION('',(7.99301855928E-03,0.,0.999968055317));
#2945 = PCURVE('',#2920,#2946);
#2946 = DEFINITIONAL_REPRESENTATION('',(#2947),#2951);
#2947 = LINE('',#2948,#2949);
#2948 = CARTESIAN_POINT('',(6.28318530718,0.));
#2949 = VECTOR('',#2950,1.);
#2950 = DIRECTION('',(0.,1.));
#2951 = ( GEOMETRIC_REPRESENTATION_CONTEXT(2) 
PARAMETRIC_REPRESENTATION_CONTEXT() REPRESENTATION_CONTEXT('2D SPACE',''
  ) );
#2952 = PCURVE('',#2920,#2953);
#2953 = DEFINITIONAL_REPRESENTATION('',(#2954),#2958);
#2954 = LINE('',#2955,#2956);
#2955 = CARTESIAN_POINT('',(4.138911435803E-13,0.));
#2956 = VECTOR('',#2957,1.);
#2957 = DIRECTION('',(0.,1.));
#2958 = ( GEOMETRIC_REPRESENTATION_CONTEXT(2) 
PARAMETRIC_REPRESENTATION_CONTEXT() REPRESENTATION_CONTEXT('2D SPACE',''
  ) );
#2959 = ORIENTED_EDGE('',*,*,#2960,.F.);
#2960 = EDGE_CURVE('',#2938,#2938,#2961,.T.);
#2961 = SURFACE_CURVE('',#2962,(#2967,#2974),.PCURVE_S1.);
#2962 = CIRCLE('',#2963,52.840710031943);
#2963 = AXIS2_PLACEMENT_3D('',#2964,#2965,#2966);
#2964 = CARTESIAN_POINT('',(0.,0.,932.713));
#2965 = DIRECTION('',(0.,0.,1.));
#2966 = DIRECTION('',(1.,0.,0.));
#2967 = PCURVE('',#2920,#2968);
#2968 = DEFINITIONAL_REPRESENTATION('',(#2969),#2973);
#2969 = LINE('',#2970,#2971);
#2970 = CARTESIAN_POINT('',(0.,4.563));
#2971 = VECTOR('',#2972,1.);
#2972 = DIRECTION('',(1.,0.));
#2973 = ( GEOMETRIC_REPRESENTATION_CONTEXT(2) 
PARAMETRIC_REPRESENTATION_CONTEXT() REPRESENTATION_CONTEXT('2D SPACE',''
  ) );
#2974 = PCURVE('',#2975,#2980);
#2975 = CONICAL_SURFACE('',#2976,52.840710031943,7.201493927849E-03);
#2976 = AXIS2_PLACEMENT_3D('',#2977,#2978,#2979);
#2977 = CARTESIAN_POINT('',(0.,0.,932.713));
#2978 = DIRECTION('',(0.,0.,1.));
#2979 = DIRECTION('',(1.,0.,0.));
#2980 = DEFINITIONAL_REPRESENTATION('',(#2981),#2985);
#2981 = LINE('',#2982,#2983);
#2982 = CARTESIAN_POINT('',(0.,0.));
#2983 = VECTOR('',#2984,1.);
#2984 = DIRECTION('',(1.,0.));
#2985 = ( GEOMETRIC_REPRESENTATION_CONTEXT(2) 
PARAMETRIC_REPRESENTATION_CONTEXT() REPRESENTATION_CONTEXT('2D SPACE',''
  ) );
#2986 = ORIENTED_EDGE('',*,*,#2937,.F.);
#2987 = ADVANCED_FACE('',(#2988),#2975,.T.);
#2988 = FACE_BOUND('',#2989,.T.);
#2989 = EDGE_LOOP('',(#2990,#2991,#3014,#3041));
#2990 = ORIENTED_EDGE('',*,*,#2960,.T.);
#2991 = ORIENTED_EDGE('',*,*,#2992,.T.);
#2992 = EDGE_CURVE('',#2938,#2993,#2995,.T.);
#2993 = VERTEX_POINT('',#2994);
#2994 = CARTESIAN_POINT('',(52.873571016812,0.,937.276));
#2995 = SEAM_CURVE('',#2996,(#3000,#3007),.PCURVE_S1.);
#2996 = LINE('',#2997,#2998);
#2997 = CARTESIAN_POINT('',(52.840710031943,0.,932.713));
#2998 = VECTOR('',#2999,1.);
#2999 = DIRECTION('',(7.201431681275E-03,0.,0.999974069355));
#3000 = PCURVE('',#2975,#3001);
#3001 = DEFINITIONAL_REPRESENTATION('',(#3002),#3006);
#3002 = LINE('',#3003,#3004);
#3003 = CARTESIAN_POINT('',(6.28318530718,0.));
#3004 = VECTOR('',#3005,1.);
#3005 = DIRECTION('',(0.,1.));
#3006 = ( GEOMETRIC_REPRESENTATION_CONTEXT(2) 
PARAMETRIC_REPRESENTATION_CONTEXT() REPRESENTATION_CONTEXT('2D SPACE',''
  ) );
#3007 = PCURVE('',#2975,#3008);
#3008 = DEFINITIONAL_REPRESENTATION('',(#3009),#3013);
#3009 = LINE('',#3010,#3011);
#3010 = CARTESIAN_POINT('',(4.138911435803E-13,0.));
#3011 = VECTOR('',#3012,1.);
#3012 = DIRECTION('',(0.,1.));
#3013 = ( GEOMETRIC_REPRESENTATION_CONTEXT(2) 
PARAMETRIC_REPRESENTATION_CONTEXT() REPRESENTATION_CONTEXT('2D SPACE',''
  ) );
#3014 = ORIENTED_EDGE('',*,*,#3015,.F.);
#3015 = EDGE_CURVE('',#2993,#2993,#3016,.T.);
#3016 = SURFACE_CURVE('',#3017,(#3022,#3029),.PCURVE_S1.);
#3017 = CIRCLE('',#3018,52.873571016812);
#3018 = AXIS2_PLACEMENT_3D('',#3019,#3020,#3021);
#3019 = CARTESIAN_POINT('',(0.,0.,937.276));
#3020 = DIRECTION('',(0.,0.,1.));
#3021 = DIRECTION('',(1.,0.,0.));
#3022 = PCURVE('',#2975,#3023);
#3023 = DEFINITIONAL_REPRESENTATION('',(#3024),#3028);
#3024 = LINE('',#3025,#3026);
#3025 = CARTESIAN_POINT('',(0.,4.563));
#3026 = VECTOR('',#3027,1.);
#3027 = DIRECTION('',(1.,0.));
#3028 = ( GEOMETRIC_REPRESENTATION_CONTEXT(2) 
PARAMETRIC_REPRESENTATION_CONTEXT() REPRESENTATION_CONTEXT('2D SPACE',''
  ) );
#3029 = PCURVE('',#3030,#3035);
#3030 = CONICAL_SURFACE('',#3031,52.873571016812,6.398159600629E-03);
#3031 = AXIS2_PLACEMENT_3D('',#3032,#3033,#3034);
#3032 = CARTESIAN_POINT('',(0.,0.,937.276));
#3033 = DIRECTION('',(0.,0.,1.));
#3034 = DIRECTION('',(1.,0.,0.));
#3035 = DEFINITIONAL_REPRESENTATION('',(#3036),#3040);
#3036 = LINE('',#3037,#3038);
#3037 = CARTESIAN_POINT('',(0.,0.));
#3038 = VECTOR('',#3039,1.);
#3039 = DIRECTION('',(1.,0.));
#3040 = ( GEOMETRIC_REPRESENTATION_CONTEXT(2) 
PARAMETRIC_REPRESENTATION_CONTEXT() REPRESENTATION_CONTEXT('2D SPACE',''
  ) );
#3041 = ORIENTED_EDGE('',*,*,#2992,.F.);
#3042 = ADVANCED_FACE('',(#3043),#3030,.T.);
#3043 = FACE_BOUND('',#3044,.T.);
#3044 = EDGE_LOOP('',(#3045,#3046,#3069,#3096));
#3045 = ORIENTED_EDGE('',*,*,#3015,.T.);
#3046 = ORIENTED_EDGE('',*,*,#3047,.T.);
#3047 = EDGE_CURVE('',#2993,#3048,#3050,.T.);
#3048 = VERTEX_POINT('',#3049);
#3049 = CARTESIAN_POINT('',(52.902766217453,0.,941.839));
#3050 = SEAM_CURVE('',#3051,(#3055,#3062),.PCURVE_S1.);
#3051 = LINE('',#3052,#3053);
#3052 = CARTESIAN_POINT('',(52.873571016812,0.,937.276));
#3053 = VECTOR('',#3054,1.);
#3054 = DIRECTION('',(6.398115947729E-03,0.,0.999979531847));
#3055 = PCURVE('',#3030,#3056);
#3056 = DEFINITIONAL_REPRESENTATION('',(#3057),#3061);
#3057 = LINE('',#3058,#3059);
#3058 = CARTESIAN_POINT('',(6.28318530718,0.));
#3059 = VECTOR('',#3060,1.);
#3060 = DIRECTION('',(0.,1.));
#3061 = ( GEOMETRIC_REPRESENTATION_CONTEXT(2) 
PARAMETRIC_REPRESENTATION_CONTEXT() REPRESENTATION_CONTEXT('2D SPACE',''
  ) );
#3062 = PCURVE('',#3030,#3063);
#3063 = DEFINITIONAL_REPRESENTATION('',(#3064),#3068);
#3064 = LINE('',#3065,#3066);
#3065 = CARTESIAN_POINT('',(4.138911435803E-13,0.));
#3066 = VECTOR('',#3067,1.);
#3067 = DIRECTION('',(0.,1.));
#3068 = ( GEOMETRIC_REPRESENTATION_CONTEXT(2) 
PARAMETRIC_REPRESENTATION_CONTEXT() REPRESENTATION_CONTEXT('2D SPACE',''
  ) );
#3069 = ORIENTED_EDGE('',*,*,#3070,.F.);
#3070 = EDGE_CURVE('',#3048,#3048,#3071,.T.);
#3071 = SURFACE_CURVE('',#3072,(#3077,#3084),.PCURVE_S1.);
#3072 = CIRCLE('',#3073,52.902766217453);
#3073 = AXIS2_PLACEMENT_3D('',#3074,#3075,#3076);
#3074 = CARTESIAN_POINT('',(0.,0.,941.839));
#3075 = DIRECTION('',(0.,0.,1.));
#3076 = DIRECTION('',(1.,0.,0.));
#3077 = PCURVE('',#3030,#3078);
#3078 = DEFINITIONAL_REPRESENTATION('',(#3079),#3083);
#3079 = LINE('',#3080,#3081);
#3080 = CARTESIAN_POINT('',(0.,4.563));
#3081 = VECTOR('',#3082,1.);
#3082 = DIRECTION('',(1.,0.));
#3083 = ( GEOMETRIC_REPRESENTATION_CONTEXT(2) 
PARAMETRIC_REPRESENTATION_CONTEXT() REPRESENTATION_CONTEXT('2D SPACE',''
  ) );
#3084 = PCURVE('',#3085,#3090);
#3085 = CONICAL_SURFACE('',#3086,52.902766217453,5.583101343246E-03);
#3086 = AXIS2_PLACEMENT_3D('',#3087,#3088,#3089);
#3087 = CARTESIAN_POINT('',(0.,0.,941.839));
#3088 = DIRECTION('',(0.,0.,1.));
#3089 = DIRECTION('',(1.,0.,0.));
#3090 = DEFINITIONAL_REPRESENTATION('',(#3091),#3095);
#3091 = LINE('',#3092,#3093);
#3092 = CARTESIAN_POINT('',(0.,0.));
#3093 = VECTOR('',#3094,1.);
#3094 = DIRECTION('',(1.,0.));
#3095 = ( GEOMETRIC_REPRESENTATION_CONTEXT(2) 
PARAMETRIC_REPRESENTATION_CONTEXT() REPRESENTATION_CONTEXT('2D SPACE',''
  ) );
#3096 = ORIENTED_EDGE('',*,*,#3047,.F.);
#3097 = ADVANCED_FACE('',(#3098),#3085,.T.);
#3098 = FACE_BOUND('',#3099,.T.);
#3099 = EDGE_LOOP('',(#3100,#3101,#3124,#3151));
#3100 = ORIENTED_EDGE('',*,*,#3070,.T.);
#3101 = ORIENTED_EDGE('',*,*,#3102,.T.);
#3102 = EDGE_CURVE('',#3048,#3103,#3105,.T.);
#3103 = VERTEX_POINT('',#3104);
#3104 = CARTESIAN_POINT('',(52.928242173587,0.,946.402));
#3105 = SEAM_CURVE('',#3106,(#3110,#3117),.PCURVE_S1.);
#3106 = LINE('',#3107,#3108);
#3107 = CARTESIAN_POINT('',(52.902766217453,0.,941.839));
#3108 = VECTOR('',#3109,1.);
#3109 = DIRECTION('',(5.583072338132E-03,0.,0.99998441453));
#3110 = PCURVE('',#3085,#3111);
#3111 = DEFINITIONAL_REPRESENTATION('',(#3112),#3116);
#3112 = LINE('',#3113,#3114);
#3113 = CARTESIAN_POINT('',(6.28318530718,0.));
#3114 = VECTOR('',#3115,1.);
#3115 = DIRECTION('',(0.,1.));
#3116 = ( GEOMETRIC_REPRESENTATION_CONTEXT(2) 
PARAMETRIC_REPRESENTATION_CONTEXT() REPRESENTATION_CONTEXT('2D SPACE',''
  ) );
#3117 = PCURVE('',#3085,#3118);
#3118 = DEFINITIONAL_REPRESENTATION('',(#3119),#3123);
#3119 = LINE('',#3120,#3121);
#3120 = CARTESIAN_POINT('',(4.138911435803E-13,0.));
#3121 = VECTOR('',#3122,1.);
#3122 = DIRECTION('',(0.,1.));
#3123 = ( GEOMETRIC_REPRESENTATION_CONTEXT(2) 
PARAMETRIC_REPRESENTATION_CONTEXT() REPRESENTATION_CONTEXT('2D SPACE',''
  ) );
#3124 = ORIENTED_EDGE('',*,*,#3125,.F.);
#3125 = EDGE_CURVE('',#3103,#3103,#3126,.T.);
#3126 = SURFACE_CURVE('',#3127,(#3132,#3139),.PCURVE_S1.);
#3127 = CIRCLE('',#3128,52.928242173587);
#3128 = AXIS2_PLACEMENT_3D('',#3129,#3130,#3131);
#3129 = CARTESIAN_POINT('',(0.,0.,946.402));
#3130 = DIRECTION('',(0.,0.,1.));
#3131 = DIRECTION('',(1.,0.,0.));
#3132 = PCURVE('',#3085,#3133);
#3133 = DEFINITIONAL_REPRESENTATION('',(#3134),#3138);
#3134 = LINE('',#3135,#3136);
#3135 = CARTESIAN_POINT('',(0.,4.563));
#3136 = VECTOR('',#3137,1.);
#3137 = DIRECTION('',(1.,0.));
#3138 = ( GEOMETRIC_REPRESENTATION_CONTEXT(2) 
PARAMETRIC_REPRESENTATION_CONTEXT() REPRESENTATION_CONTEXT('2D SPACE',''
  ) );
#3139 = PCURVE('',#3140,#3145);
#3140 = CONICAL_SURFACE('',#3141,52.928242173587,4.756319895612E-03);
#3141 = AXIS2_PLACEMENT_3D('',#3142,#3143,#3144);
#3142 = CARTESIAN_POINT('',(0.,0.,946.402));
#3143 = DIRECTION('',(0.,0.,1.));
#3144 = DIRECTION('',(1.,0.,0.));
#3145 = DEFINITIONAL_REPRESENTATION('',(#3146),#3150);
#3146 = LINE('',#3147,#3148);
#3147 = CARTESIAN_POINT('',(0.,0.));
#3148 = VECTOR('',#3149,1.);
#3149 = DIRECTION('',(1.,0.));
#3150 = ( GEOMETRIC_REPRESENTATION_CONTEXT(2) 
PARAMETRIC_REPRESENTATION_CONTEXT() REPRESENTATION_CONTEXT('2D SPACE',''
  ) );
#3151 = ORIENTED_EDGE('',*,*,#3102,.F.);
#3152 = ADVANCED_FACE('',(#3153),#3140,.T.);
#3153 = FACE_BOUND('',#3154,.T.);
#3154 = EDGE_LOOP('',(#3155,#3156,#3179,#3206));
#3155 = ORIENTED_EDGE('',*,*,#3125,.T.);
#3156 = ORIENTED_EDGE('',*,*,#3157,.T.);
#3157 = EDGE_CURVE('',#3103,#3158,#3160,.T.);
#3158 = VERTEX_POINT('',#3159);
#3159 = CARTESIAN_POINT('',(52.949945424932,0.,950.965));
#3160 = SEAM_CURVE('',#3161,(#3165,#3172),.PCURVE_S1.);
#3161 = LINE('',#3162,#3163);
#3162 = CARTESIAN_POINT('',(52.928242173587,0.,946.402));
#3163 = VECTOR('',#3164,1.);
#3164 = DIRECTION('',(4.75630196226E-03,0.,0.999988688732));
#3165 = PCURVE('',#3140,#3166);
#3166 = DEFINITIONAL_REPRESENTATION('',(#3167),#3171);
#3167 = LINE('',#3168,#3169);
#3168 = CARTESIAN_POINT('',(6.28318530718,0.));
#3169 = VECTOR('',#3170,1.);
#3170 = DIRECTION('',(0.,1.));
#3171 = ( GEOMETRIC_REPRESENTATION_CONTEXT(2) 
PARAMETRIC_REPRESENTATION_CONTEXT() REPRESENTATION_CONTEXT('2D SPACE',''
  ) );
#3172 = PCURVE('',#3140,#3173);
#3173 = DEFINITIONAL_REPRESENTATION('',(#3174),#3178);
#3174 = LINE('',#3175,#3176);
#3175 = CARTESIAN_POINT('',(4.138911435803E-13,0.));
#3176 = VECTOR('',#3177,1.);
#3177 = DIRECTION('',(0.,1.));
#3178 = ( GEOMETRIC_REPRESENTATION_CONTEXT(2) 
PARAMETRIC_REPRESENTATION_CONTEXT() REPRESENTATION_CONTEXT('2D SPACE',''
  ) );
#3179 = ORIENTED_EDGE('',*,*,#3180,.F.);
#3180 = EDGE_CURVE('',#3158,#3158,#3181,.T.);
#3181 = SURFACE_CURVE('',#3182,(#3187,#3194),.PCURVE_S1.);
#3182 = CIRCLE('',#3183,52.949945424932);
#3183 = AXIS2_PLACEMENT_3D('',#3184,#3185,#3186);
#3184 = CARTESIAN_POINT('',(0.,0.,950.965));
#3185 = DIRECTION('',(0.,0.,1.));
#3186 = DIRECTION('',(1.,0.,0.));
#3187 = PCURVE('',#3140,#3188);
#3188 = DEFINITIONAL_REPRESENTATION('',(#3189),#3193);
#3189 = LINE('',#3190,#3191);
#3190 = CARTESIAN_POINT('',(0.,4.563));
#3191 = VECTOR('',#3192,1.);
#3192 = DIRECTION('',(1.,0.));
#3193 = ( GEOMETRIC_REPRESENTATION_CONTEXT(2) 
PARAMETRIC_REPRESENTATION_CONTEXT() REPRESENTATION_CONTEXT('2D SPACE',''
  ) );
#3194 = PCURVE('',#3195,#3200);
#3195 = CONICAL_SURFACE('',#3196,52.949945424932,3.917816087838E-03);
#3196 = AXIS2_PLACEMENT_3D('',#3197,#3198,#3199);
#3197 = CARTESIAN_POINT('',(0.,0.,950.965));
#3198 = DIRECTION('',(0.,0.,1.));
#3199 = DIRECTION('',(1.,0.,0.));
#3200 = DEFINITIONAL_REPRESENTATION('',(#3201),#3205);
#3201 = LINE('',#3202,#3203);
#3202 = CARTESIAN_POINT('',(0.,0.));
#3203 = VECTOR('',#3204,1.);
#3204 = DIRECTION('',(1.,0.));
#3205 = ( GEOMETRIC_REPRESENTATION_CONTEXT(2) 
PARAMETRIC_REPRESENTATION_CONTEXT() REPRESENTATION_CONTEXT('2D SPACE',''
  ) );
#3206 = ORIENTED_EDGE('',*,*,#3157,.F.);
#3207 = ADVANCED_FACE('',(#3208),#3195,.T.);
#3208 = FACE_BOUND('',#3209,.T.);
#3209 = EDGE_LOOP('',(#3210,#3211,#3234,#3261));
#3210 = ORIENTED_EDGE('',*,*,#3180,.T.);
#3211 = ORIENTED_EDGE('',*,*,#3212,.T.);
#3212 = EDGE_CURVE('',#3158,#3213,#3215,.T.);
#3213 = VERTEX_POINT('',#3214);
#3214 = CARTESIAN_POINT('',(52.967822511207,0.,955.528));
#3215 = SEAM_CURVE('',#3216,(#3220,#3227),.PCURVE_S1.);
#3216 = LINE('',#3217,#3218);
#3217 = CARTESIAN_POINT('',(52.949945424932,0.,950.965));
#3218 = VECTOR('',#3219,1.);
#3219 = DIRECTION('',(3.917806065237E-03,0.,0.999992325368));
#3220 = PCURVE('',#3195,#3221);
#3221 = DEFINITIONAL_REPRESENTATION('',(#3222),#3226);
#3222 = LINE('',#3223,#3224);
#3223 = CARTESIAN_POINT('',(6.28318530718,0.));
#3224 = VECTOR('',#3225,1.);
#3225 = DIRECTION('',(0.,1.));
#3226 = ( GEOMETRIC_REPRESENTATION_CONTEXT(2) 
PARAMETRIC_REPRESENTATION_CONTEXT() REPRESENTATION_CONTEXT('2D SPACE',''
  ) );
#3227 = PCURVE('',#3195,#3228);
#3228 = DEFINITIONAL_REPRESENTATION('',(#3229),#3233);
#3229 = LINE('',#3230,#3231);
#3230 = CARTESIAN_POINT('',(4.138911435803E-13,0.));
#3231 = VECTOR('',#3232,1.);
#3232 = DIRECTION('',(0.,1.));
#3233 = ( GEOMETRIC_REPRESENTATION_CONTEXT(2) 
PARAMETRIC_REPRESENTATION_CONTEXT() REPRESENTATION_CONTEXT('2D SPACE',''
  ) );
#3234 = ORIENTED_EDGE('',*,*,#3235,.F.);
#3235 = EDGE_CURVE('',#3213,#3213,#3236,.T.);
#3236 = SURFACE_CURVE('',#3237,(#3242,#3249),.PCURVE_S1.);
#3237 = CIRCLE('',#3238,52.967822511207);
#3238 = AXIS2_PLACEMENT_3D('',#3239,#3240,#3241);
#3239 = CARTESIAN_POINT('',(0.,0.,955.528));
#3240 = DIRECTION('',(0.,0.,1.));
#3241 = DIRECTION('',(1.,0.,0.));
#3242 = PCURVE('',#3195,#3243);
#3243 = DEFINITIONAL_REPRESENTATION('',(#3244),#3248);
#3244 = LINE('',#3245,#3246);
#3245 = CARTESIAN_POINT('',(0.,4.563));
#3246 = VECTOR('',#3247,1.);
#3247 = DIRECTION('',(1.,0.));
#3248 = ( GEOMETRIC_REPRESENTATION_CONTEXT(2) 
PARAMETRIC_REPRESENTATION_CONTEXT() REPRESENTATION_CONTEXT('2D SPACE',''
  ) );
#3249 = PCURVE('',#3250,#3255);
#3250 = CONICAL_SURFACE('',#3251,52.967822511207,3.067590843655E-03);
#3251 = AXIS2_PLACEMENT_3D('',#3252,#3253,#3254);
#3252 = CARTESIAN_POINT('',(0.,0.,955.528));
#3253 = DIRECTION('',(0.,0.,1.));
#3254 = DIRECTION('',(1.,0.,0.));
#3255 = DEFINITIONAL_REPRESENTATION('',(#3256),#3260);
#3256 = LINE('',#3257,#3258);
#3257 = CARTESIAN_POINT('',(0.,0.));
#3258 = VECTOR('',#3259,1.);
#3259 = DIRECTION('',(1.,0.));
#3260 = ( GEOMETRIC_REPRESENTATION_CONTEXT(2) 
PARAMETRIC_REPRESENTATION_CONTEXT() REPRESENTATION_CONTEXT('2D SPACE',''
  ) );
#3261 = ORIENTED_EDGE('',*,*,#3212,.F.);
#3262 = ADVANCED_FACE('',(#3263),#3250,.T.);
#3263 = FACE_BOUND('',#3264,.T.);
#3264 = EDGE_LOOP('',(#3265,#3266,#3289,#3316));
#3265 = ORIENTED_EDGE('',*,*,#3235,.T.);
#3266 = ORIENTED_EDGE('',*,*,#3267,.T.);
#3267 = EDGE_CURVE('',#3213,#3268,#3270,.T.);
#3268 = VERTEX_POINT('',#3269);
#3269 = CARTESIAN_POINT('',(52.981819972133,0.,960.091));
#3270 = SEAM_CURVE('',#3271,(#3275,#3282),.PCURVE_S1.);
#3271 = LINE('',#3272,#3273);
#3272 = CARTESIAN_POINT('',(52.967822511207,0.,955.528));
#3273 = VECTOR('',#3274,1.);
#3274 = DIRECTION('',(3.067586032594E-03,0.,0.999995294947));
#3275 = PCURVE('',#3250,#3276);
#3276 = DEFINITIONAL_REPRESENTATION('',(#3277),#3281);
#3277 = LINE('',#3278,#3279);
#3278 = CARTESIAN_POINT('',(6.28318530718,0.));
#3279 = VECTOR('',#3280,1.);
#3280 = DIRECTION('',(0.,1.));
#3281 = ( GEOMETRIC_REPRESENTATION_CONTEXT(2) 
PARAMETRIC_REPRESENTATION_CONTEXT() REPRESENTATION_CONTEXT('2D SPACE',''
  ) );
#3282 = PCURVE('',#3250,#3283);
#3283 = DEFINITIONAL_REPRESENTATION('',(#3284),#3288);
#3284 = LINE('',#3285,#3286);
#3285 = CARTESIAN_POINT('',(4.138911435803E-13,0.));
#3286 = VECTOR('',#3287,1.);
#3287 = DIRECTION('',(0.,1.));
#3288 = ( GEOMETRIC_REPRESENTATION_CONTEXT(2) 
PARAMETRIC_REPRESENTATION_CONTEXT() REPRESENTATION_CONTEXT('2D SPACE',''
  ) );
#3289 = ORIENTED_EDGE('',*,*,#3290,.F.);
#3290 = EDGE_CURVE('',#3268,#3268,#3291,.T.);
#3291 = SURFACE_CURVE('',#3292,(#3297,#3304),.PCURVE_S1.);
#3292 = CIRCLE('',#3293,52.981819972133);
#3293 = AXIS2_PLACEMENT_3D('',#3294,#3295,#3296);
#3294 = CARTESIAN_POINT('',(0.,0.,960.091));
#3295 = DIRECTION('',(0.,0.,1.));
#3296 = DIRECTION('',(1.,0.,0.));
#3297 = PCURVE('',#3250,#3298);
#3298 = DEFINITIONAL_REPRESENTATION('',(#3299),#3303);
#3299 = LINE('',#3300,#3301);
#3300 = CARTESIAN_POINT('',(0.,4.563));
#3301 = VECTOR('',#3302,1.);
#3302 = DIRECTION('',(1.,0.));
#3303 = ( GEOMETRIC_REPRESENTATION_CONTEXT(2) 
PARAMETRIC_REPRESENTATION_CONTEXT() REPRESENTATION_CONTEXT('2D SPACE',''
  ) );
#3304 = PCURVE('',#3305,#3310);
#3305 = CONICAL_SURFACE('',#3306,52.981819972133,2.205645183837E-03);
#3306 = AXIS2_PLACEMENT_3D('',#3307,#3308,#3309);
#3307 = CARTESIAN_POINT('',(0.,0.,960.091));
#3308 = DIRECTION('',(0.,0.,1.));
#3309 = DIRECTION('',(1.,0.,0.));
#3310 = DEFINITIONAL_REPRESENTATION('',(#3311),#3315);
#3311 = LINE('',#3312,#3313);
#3312 = CARTESIAN_POINT('',(0.,0.));
#3313 = VECTOR('',#3314,1.);
#3314 = DIRECTION('',(1.,0.));
#3315 = ( GEOMETRIC_REPRESENTATION_CONTEXT(2) 
PARAMETRIC_REPRESENTATION_CONTEXT() REPRESENTATION_CONTEXT('2D SPACE',''
  ) );
#3316 = ORIENTED_EDGE('',*,*,#3267,.F.);
#3317 = ADVANCED_FACE('',(#3318),#3305,.T.);
#3318 = FACE_BOUND('',#3319,.T.);
#3319 = EDGE_LOOP('',(#3320,#3321,#3344,#3371));
#3320 = ORIENTED_EDGE('',*,*,#3290,.T.);
#3321 = ORIENTED_EDGE('',*,*,#3322,.T.);
#3322 = EDGE_CURVE('',#3268,#3323,#3325,.T.);
#3323 = VERTEX_POINT('',#3324);
#3324 = CARTESIAN_POINT('',(52.991884347427,0.,964.654));
#3325 = SEAM_CURVE('',#3326,(#3330,#3337),.PCURVE_S1.);
#3326 = LINE('',#3327,#3328);
#3327 = CARTESIAN_POINT('',(52.981819972133,0.,960.091));
#3328 = VECTOR('',#3329,1.);
#3329 = DIRECTION('',(2.205643395473E-03,0.,0.999997567566));
#3330 = PCURVE('',#3305,#3331);
#3331 = DEFINITIONAL_REPRESENTATION('',(#3332),#3336);
#3332 = LINE('',#3333,#3334);
#3333 = CARTESIAN_POINT('',(6.28318530718,0.));
#3334 = VECTOR('',#3335,1.);
#3335 = DIRECTION('',(0.,1.));
#3336 = ( GEOMETRIC_REPRESENTATION_CONTEXT(2) 
PARAMETRIC_REPRESENTATION_CONTEXT() REPRESENTATION_CONTEXT('2D SPACE',''
  ) );
#3337 = PCURVE('',#3305,#3338);
#3338 = DEFINITIONAL_REPRESENTATION('',(#3339),#3343);
#3339 = LINE('',#3340,#3341);
#3340 = CARTESIAN_POINT('',(4.138911435803E-13,0.));
#3341 = VECTOR('',#3342,1.);
#3342 = DIRECTION('',(0.,1.));
#3343 = ( GEOMETRIC_REPRESENTATION_CONTEXT(2) 
PARAMETRIC_REPRESENTATION_CONTEXT() REPRESENTATION_CONTEXT('2D SPACE',''
  ) );
#3344 = ORIENTED_EDGE('',*,*,#3345,.F.);
#3345 = EDGE_CURVE('',#3323,#3323,#3346,.T.);
#3346 = SURFACE_CURVE('',#3347,(#3352,#3359),.PCURVE_S1.);
#3347 = CIRCLE('',#3348,52.991884347427);
#3348 = AXIS2_PLACEMENT_3D('',#3349,#3350,#3351);
#3349 = CARTESIAN_POINT('',(0.,0.,964.654));
#3350 = DIRECTION('',(0.,0.,1.));
#3351 = DIRECTION('',(1.,0.,0.));
#3352 = PCURVE('',#3305,#3353);
#3353 = DEFINITIONAL_REPRESENTATION('',(#3354),#3358);
#3354 = LINE('',#3355,#3356);
#3355 = CARTESIAN_POINT('',(0.,4.563));
#3356 = VECTOR('',#3357,1.);
#3357 = DIRECTION('',(1.,0.));
#3358 = ( GEOMETRIC_REPRESENTATION_CONTEXT(2) 
PARAMETRIC_REPRESENTATION_CONTEXT() REPRESENTATION_CONTEXT('2D SPACE',''
  ) );
#3359 = PCURVE('',#3360,#3365);
#3360 = CONICAL_SURFACE('',#3361,52.991884347427,1.331980229733E-03);
#3361 = AXIS2_PLACEMENT_3D('',#3362,#3363,#3364);
#3362 = CARTESIAN_POINT('',(0.,0.,964.654));
#3363 = DIRECTION('',(0.,0.,1.));
#3364 = DIRECTION('',(1.,0.,0.));
#3365 = DEFINITIONAL_REPRESENTATION('',(#3366),#3370);
#3366 = LINE('',#3367,#3368);
#3367 = CARTESIAN_POINT('',(0.,0.));
#3368 = VECTOR('',#3369,1.);
#3369 = DIRECTION('',(1.,0.));
#3370 = ( GEOMETRIC_REPRESENTATION_CONTEXT(2) 
PARAMETRIC_REPRESENTATION_CONTEXT() REPRESENTATION_CONTEXT('2D SPACE',''
  ) );
#3371 = ORIENTED_EDGE('',*,*,#3322,.F.);
#3372 = ADVANCED_FACE('',(#3373),#3360,.T.);
#3373 = FACE_BOUND('',#3374,.T.);
#3374 = EDGE_LOOP('',(#3375,#3376,#3399,#3429));
#3375 = ORIENTED_EDGE('',*,*,#3345,.T.);
#3376 = ORIENTED_EDGE('',*,*,#3377,.T.);
#3377 = EDGE_CURVE('',#3323,#3378,#3380,.T.);
#3378 = VERTEX_POINT('',#3379);
#3379 = CARTESIAN_POINT('',(52.99796217681,0.,969.217));
#3380 = SEAM_CURVE('',#3381,(#3385,#3392),.PCURVE_S1.);
#3381 = LINE('',#3382,#3383);
#3382 = CARTESIAN_POINT('',(52.991884347427,0.,964.654));
#3383 = VECTOR('',#3384,1.);
#3384 = DIRECTION('',(1.331979835874E-03,0.,0.999999112914));
#3385 = PCURVE('',#3360,#3386);
#3386 = DEFINITIONAL_REPRESENTATION('',(#3387),#3391);
#3387 = LINE('',#3388,#3389);
#3388 = CARTESIAN_POINT('',(6.28318530718,0.));
#3389 = VECTOR('',#3390,1.);
#3390 = DIRECTION('',(0.,1.));
#3391 = ( GEOMETRIC_REPRESENTATION_CONTEXT(2) 
PARAMETRIC_REPRESENTATION_CONTEXT() REPRESENTATION_CONTEXT('2D SPACE',''
  ) );
#3392 = PCURVE('',#3360,#3393);
#3393 = DEFINITIONAL_REPRESENTATION('',(#3394),#3398);
#3394 = LINE('',#3395,#3396);
#3395 = CARTESIAN_POINT('',(4.138911435803E-13,0.));
#3396 = VECTOR('',#3397,1.);
#3397 = DIRECTION('',(0.,1.));
#3398 = ( GEOMETRIC_REPRESENTATION_CONTEXT(2) 
PARAMETRIC_REPRESENTATION_CONTEXT() REPRESENTATION_CONTEXT('2D SPACE',''
  ) );
#3399 = ORIENTED_EDGE('',*,*,#3400,.F.);
#3400 = EDGE_CURVE('',#3378,#3378,#3401,.T.);
#3401 = SURFACE_CURVE('',#3402,(#3407,#3414),.PCURVE_S1.);
#3402 = CIRCLE('',#3403,52.99796217681);
#3403 = AXIS2_PLACEMENT_3D('',#3404,#3405,#3406);
#3404 = CARTESIAN_POINT('',(0.,0.,969.217));
#3405 = DIRECTION('',(0.,0.,1.));
#3406 = DIRECTION('',(1.,0.,0.));
#3407 = PCURVE('',#3360,#3408);
#3408 = DEFINITIONAL_REPRESENTATION('',(#3409),#3413);
#3409 = LINE('',#3410,#3411);
#3410 = CARTESIAN_POINT('',(0.,4.563));
#3411 = VECTOR('',#3412,1.);
#3412 = DIRECTION('',(1.,0.));
#3413 = ( GEOMETRIC_REPRESENTATION_CONTEXT(2) 
PARAMETRIC_REPRESENTATION_CONTEXT() REPRESENTATION_CONTEXT('2D SPACE',''
  ) );
#3414 = PCURVE('',#3415,#3423);
#3415 = SURFACE_OF_REVOLUTION('',#3416,#3420);
#3416 = LINE('',#3417,#3418);
#3417 = CARTESIAN_POINT('',(52.99796217681,0.,969.217));
#3418 = VECTOR('',#3419,1.);
#3419 = DIRECTION('',(4.465971919203E-04,0.,0.999999900275));
#3420 = AXIS1_PLACEMENT('',#3421,#3422);
#3421 = CARTESIAN_POINT('',(0.,0.,700.));
#3422 = DIRECTION('',(0.,0.,1.));
#3423 = DEFINITIONAL_REPRESENTATION('',(#3424),#3428);
#3424 = LINE('',#3425,#3426);
#3425 = CARTESIAN_POINT('',(0.,0.));
#3426 = VECTOR('',#3427,1.);
#3427 = DIRECTION('',(1.,0.));
#3428 = ( GEOMETRIC_REPRESENTATION_CONTEXT(2) 
PARAMETRIC_REPRESENTATION_CONTEXT() REPRESENTATION_CONTEXT('2D SPACE',''
  ) );
#3429 = ORIENTED_EDGE('',*,*,#3377,.F.);
#3430 = ADVANCED_FACE('',(#3431),#3415,.T.);
#3431 = FACE_BOUND('',#3432,.T.);
#3432 = EDGE_LOOP('',(#3433,#3434,#3457,#3484));
#3433 = ORIENTED_EDGE('',*,*,#3400,.T.);
#3434 = ORIENTED_EDGE('',*,*,#3435,.T.);
#3435 = EDGE_CURVE('',#3378,#3436,#3438,.T.);
#3436 = VERTEX_POINT('',#3437);
#3437 = CARTESIAN_POINT('',(53.,0.,973.78));
#3438 = SEAM_CURVE('',#3439,(#3443,#3450),.PCURVE_S1.);
#3439 = LINE('',#3440,#3441);
#3440 = CARTESIAN_POINT('',(52.99796217681,0.,969.217));
#3441 = VECTOR('',#3442,1.);
#3442 = DIRECTION('',(4.465971919203E-04,0.,0.999999900275));
#3443 = PCURVE('',#3415,#3444);
#3444 = DEFINITIONAL_REPRESENTATION('',(#3445),#3449);
#3445 = LINE('',#3446,#3447);
#3446 = CARTESIAN_POINT('',(6.28318530718,0.));
#3447 = VECTOR('',#3448,1.);
#3448 = DIRECTION('',(0.,1.));
#3449 = ( GEOMETRIC_REPRESENTATION_CONTEXT(2) 
PARAMETRIC_REPRESENTATION_CONTEXT() REPRESENTATION_CONTEXT('2D SPACE',''
  ) );
#3450 = PCURVE('',#3415,#3451);
#3451 = DEFINITIONAL_REPRESENTATION('',(#3452),#3456);
#3452 = LINE('',#3453,#3454);
#3453 = CARTESIAN_POINT('',(4.138911435803E-13,0.));
#3454 = VECTOR('',#3455,1.);
#3455 = DIRECTION('',(0.,1.));
#3456 = ( GEOMETRIC_REPRESENTATION_CONTEXT(2) 
PARAMETRIC_REPRESENTATION_CONTEXT() REPRESENTATION_CONTEXT('2D SPACE',''
  ) );
#3457 = ORIENTED_EDGE('',*,*,#3458,.F.);
#3458 = EDGE_CURVE('',#3436,#3436,#3459,.T.);
#3459 = SURFACE_CURVE('',#3460,(#3465,#3472),.PCURVE_S1.);
#3460 = CIRCLE('',#3461,53.);
#3461 = AXIS2_PLACEMENT_3D('',#3462,#3463,#3464);
#3462 = CARTESIAN_POINT('',(0.,0.,973.78));
#3463 = DIRECTION('',(0.,0.,1.));
#3464 = DIRECTION('',(1.,0.,0.));
#3465 = PCURVE('',#3415,#3466);
#3466 = DEFINITIONAL_REPRESENTATION('',(#3467),#3471);
#3467 = LINE('',#3468,#3469);
#3468 = CARTESIAN_POINT('',(0.,4.563000455043));
#3469 = VECTOR('',#3470,1.);
#3470 = DIRECTION('',(1.,0.));
#3471 = ( GEOMETRIC_REPRESENTATION_CONTEXT(2) 
PARAMETRIC_REPRESENTATION_CONTEXT() REPRESENTATION_CONTEXT('2D SPACE',''
  ) );
#3472 = PCURVE('',#3473,#3478);
#3473 = CYLINDRICAL_SURFACE('',#3474,53.);
#3474 = AXIS2_PLACEMENT_3D('',#3475,#3476,#3477);
#3475 = CARTESIAN_POINT('',(0.,0.,973.78));
#3476 = DIRECTION('',(0.,0.,1.));
#3477 = DIRECTION('',(1.,0.,0.));
#3478 = DEFINITIONAL_REPRESENTATION('',(#3479),#3483);
#3479 = LINE('',#3480,#3481);
#3480 = CARTESIAN_POINT('',(0.,0.));
#3481 = VECTOR('',#3482,1.);
#3482 = DIRECTION('',(1.,0.));
#3483 = ( GEOMETRIC_REPRESENTATION_CONTEXT(2) 
PARAMETRIC_REPRESENTATION_CONTEXT() REPRESENTATION_CONTEXT('2D SPACE',''
  ) );
#3484 = ORIENTED_EDGE('',*,*,#3435,.F.);
#3485 = ADVANCED_FACE('',(#3486,#4665),#3473,.T.);
#3486 = FACE_BOUND('',#3487,.T.);
#3487 = EDGE_LOOP('',(#3488,#3489,#3512,#3789,#4066,#4089,#4116,#4117,
    #4394,#4664));
#3488 = ORIENTED_EDGE('',*,*,#3458,.T.);
#3489 = ORIENTED_EDGE('',*,*,#3490,.T.);
#3490 = EDGE_CURVE('',#3436,#3491,#3493,.T.);
#3491 = VERTEX_POINT('',#3492);
#3492 = CARTESIAN_POINT('',(53.,0.,982.78));
#3493 = SEAM_CURVE('',#3494,(#3498,#3505),.PCURVE_S1.);
#3494 = LINE('',#3495,#3496);
#3495 = CARTESIAN_POINT('',(53.,0.,973.78));
#3496 = VECTOR('',#3497,1.);
#3497 = DIRECTION('',(0.,0.,1.));
#3498 = PCURVE('',#3473,#3499);
#3499 = DEFINITIONAL_REPRESENTATION('',(#3500),#3504);
#3500 = LINE('',#3501,#3502);
#3501 = CARTESIAN_POINT('',(6.28318530718,0.));
#3502 = VECTOR('',#3503,1.);
#3503 = DIRECTION('',(0.,1.));
#3504 = ( GEOMETRIC_REPRESENTATION_CONTEXT(2) 
PARAMETRIC_REPRESENTATION_CONTEXT() REPRESENTATION_CONTEXT('2D SPACE',''
  ) );
#3505 = PCURVE('',#3473,#3506);
#3506 = DEFINITIONAL_REPRESENTATION('',(#3507),#3511);
#3507 = LINE('',#3508,#3509);
#3508 = CARTESIAN_POINT('',(4.138911435803E-13,0.));
#3509 = VECTOR('',#3510,1.);
#3510 = DIRECTION('',(0.,1.));
#3511 = ( GEOMETRIC_REPRESENTATION_CONTEXT(2) 
PARAMETRIC_REPRESENTATION_CONTEXT() REPRESENTATION_CONTEXT('2D SPACE',''
  ) );
#3512 = ORIENTED_EDGE('',*,*,#3513,.F.);
#3513 = EDGE_CURVE('',#3514,#3491,#3516,.T.);
#3514 = VERTEX_POINT('',#3515);
#3515 = CARTESIAN_POINT('',(43.692104549907,-30.,1.01278E+03));
#3516 = SURFACE_CURVE('',#3517,(#3604,#3694),.PCURVE_S1.);
#3517 = B_SPLINE_CURVE_WITH_KNOTS('',7,(#3518,#3519,#3520,#3521,#3522,
    #3523,#3524,#3525,#3526,#3527,#3528,#3529,#3530,#3531,#3532,#3533,
    #3534,#3535,#3536,#3537,#3538,#3539,#3540,#3541,#3542,#3543,#3544,
    #3545,#3546,#3547,#3548,#3549,#3550,#3551,#3552,#3553,#3554,#3555,
    #3556,#3557,#3558,#3559,#3560,#3561,#3562,#3563,#3564,#3565,#3566,
    #3567,#3568,#3569,#3570,#3571,#3572,#3573,#3574,#3575,#3576,#3577,
    #3578,#3579,#3580,#3581,#3582,#3583,#3584,#3585,#3586,#3587,#3588,
    #3589,#3590,#3591,#3592,#3593,#3594,#3595,#3596,#3597,#3598,#3599,
    #3600,#3601,#3602,#3603),.UNSPECIFIED.,.F.,.F.,(8,6,6,6,6,6,6,6,6,6,
    6,6,6,6,8),(0.,6.717130465549E-02,0.108699807513,0.160264652149,
    0.199605316554,0.229420247842,0.310672173255,0.402519959446,
    0.499868644206,0.597252661421,0.689076187523,0.839558406542,
    0.891001752467,0.932595544902,1.),.UNSPECIFIED.);
#3518 = CARTESIAN_POINT('',(53.,-3.552713678801E-15,1.04278E+03));
#3519 = CARTESIAN_POINT('',(53.,-1.136871914436,1.04278E+03));
#3520 = CARTESIAN_POINT('',(52.971549155762,-2.271901239904,
    1.042729736841E+03));
#3521 = CARTESIAN_POINT('',(52.914813862599,-3.399416926593,
    1.04262950449E+03));
#3522 = CARTESIAN_POINT('',(52.83071420636,-4.513779743115,
    1.042480567876E+03));
#3523 = CARTESIAN_POINT('',(52.720914982778,-5.609439877212,
    1.042285158772E+03));
#3524 = CARTESIAN_POINT('',(52.587775839125,-6.680992686789,
    1.042046494563E+03));
#3525 = CARTESIAN_POINT('',(52.339350060471,-8.367595004086,
    1.041597148158E+03));
#3526 = CARTESIAN_POINT('',(52.236568644375,-9.001313499918,
    1.041410416099E+03));
#3527 = CARTESIAN_POINT('',(52.126467359898,-9.623970052409,
    1.04120935421E+03));
#3528 = CARTESIAN_POINT('',(52.009615206077,-10.23517402627,
    1.040994707054E+03));
#3529 = CARTESIAN_POINT('',(51.886595392425,-10.83456211079,
    1.040767235102E+03));
#3530 = CARTESIAN_POINT('',(51.75800162038,-11.42179824325,
    1.040527716586E+03));
#3531 = CARTESIAN_POINT('',(51.458587432848,-12.71025682105,
    1.039965578296E+03));
#3532 = CARTESIAN_POINT('',(51.285040988529,-13.40486478623,
    1.039636805467E+03));
#3533 = CARTESIAN_POINT('',(51.104784309221,-14.08045862224,
    1.039291854425E+03));
#3534 = CARTESIAN_POINT('',(50.918763079773,-14.73713701603,
    1.038931868989E+03));
#3535 = CARTESIAN_POINT('',(50.727877006166,-15.37503579227,
    1.038557914324E+03));
#3536 = CARTESIAN_POINT('',(50.532977429218,-15.9943275584,
    1.038170978037E+03));
#3537 = CARTESIAN_POINT('',(50.183717832653,-17.05366471643,
    1.037467554749E+03));
#3538 = CARTESIAN_POINT('',(50.030678915745,-17.50146484065,
    1.037156068598E+03));
#3539 = CARTESIAN_POINT('',(49.876082960898,-17.93876867322,
    1.036837873212E+03));
#3540 = CARTESIAN_POINT('',(49.720247336055,-18.36572490332,
    1.036513299326E+03));
#3541 = CARTESIAN_POINT('',(49.563472500128,-18.78248404616,
    1.036182647859E+03));
#3542 = CARTESIAN_POINT('',(49.406042499342,-19.18919853098,
    1.035846189751E+03));
#3543 = CARTESIAN_POINT('',(49.128621380934,-19.88676219335,
    1.035244957657E+03));
#3544 = CARTESIAN_POINT('',(49.008795602484,-20.18181989119,
    1.034982553834E+03));
#3545 = CARTESIAN_POINT('',(48.888864829104,-20.47126224972,
    1.034717059393E+03));
#3546 = CARTESIAN_POINT('',(48.768942170303,-20.75515331518,
    1.034448572479E+03));
#3547 = CARTESIAN_POINT('',(48.649137144227,-21.03355481281,
    1.034177184317E+03));
#3548 = CARTESIAN_POINT('',(48.529555677663,-21.30652614682,
    1.03390297921E+03));
#3549 = CARTESIAN_POINT('',(48.085303723645,-22.30338562615,
    1.032871302401E+03));
#3550 = CARTESIAN_POINT('',(47.762660680689,-22.99289563031,
    1.032096066862E+03));
#3551 = CARTESIAN_POINT('',(47.444517402899,-23.64362809065,
    1.031302042184E+03));
#3552 = CARTESIAN_POINT('',(47.132851192499,-24.25647418396,
    1.03049062209E+03));
#3553 = CARTESIAN_POINT('',(46.829504183643,-24.83221621765,
    1.029662923055E+03));
#3554 = CARTESIAN_POINT('',(46.53621729785,-25.37150126127,
    1.028819827592E+03));
#3555 = CARTESIAN_POINT('',(45.93639446426,-26.44376415416,
    1.026992363923E+03));
#3556 = CARTESIAN_POINT('',(45.63305234711,-26.96686643423,
    1.026003709519E+03));
#3557 = CARTESIAN_POINT('',(45.34732896756,-27.44431325902,
    1.024997858215E+03));
#3558 = CARTESIAN_POINT('',(45.081738597156,-27.87625510223,
    1.023976406612E+03));
#3559 = CARTESIAN_POINT('',(44.838599222537,-28.26276828596,
    1.022940776694E+03));
#3560 = CARTESIAN_POINT('',(44.620013108551,-28.60382199627,
    1.021892238495E+03));
#3561 = CARTESIAN_POINT('',(44.224172525871,-29.21236193581,
    1.01970812376E+03));
#3562 = CARTESIAN_POINT('',(44.050172528904,-29.47422573655,
    1.018571068599E+03));
#3563 = CARTESIAN_POINT('',(43.90833088652,-29.68422928752,
    1.017423557203E+03));
#3564 = CARTESIAN_POINT('',(43.800590023194,-29.84200140491,
    1.01626821697E+03));
#3565 = CARTESIAN_POINT('',(43.728283803347,-29.94730839639,
    1.015107557308E+03));
#3566 = CARTESIAN_POINT('',(43.692104549907,-30.,1.013944014946E+03));
#3567 = CARTESIAN_POINT('',(43.692104549907,-30.,1.011615562577E+03));
#3568 = CARTESIAN_POINT('',(43.728310070304,-29.94727014109,
    1.01045159829E+03));
#3569 = CARTESIAN_POINT('',(43.800668744506,-29.84188675492,
    1.009290519735E+03));
#3570 = CARTESIAN_POINT('',(43.908487265624,-29.68400029031,
    1.008134766186E+03));
#3571 = CARTESIAN_POINT('',(44.050429873698,-29.47384472294,
    1.006986849738E+03));
#3572 = CARTESIAN_POINT('',(44.224551403846,-29.21179173422,
    1.00584940069E+03));
#3573 = CARTESIAN_POINT('',(44.620540921684,-28.60299897888,
    1.003665213207E+03));
#3574 = CARTESIAN_POINT('',(44.839120275497,-28.2619415344,
    1.002616975103E+03));
#3575 = CARTESIAN_POINT('',(45.082237034119,-27.87544777853,
    1.001581638983E+03));
#3576 = CARTESIAN_POINT('',(45.347790179039,-27.44354847804,
    1.000560475132E+03));
#3577 = CARTESIAN_POINT('',(45.633463062931,-26.96616765893,
    999.55490557995));
#3578 = CARTESIAN_POINT('',(45.936742876667,-26.44315555121,
    998.56652670813));
#3579 = CARTESIAN_POINT('',(46.77640807496,-24.94210504389,
    996.00846830381));
#3580 = CARTESIAN_POINT('',(47.337493830927,-23.88761950664,
    994.47214782332));
#3581 = CARTESIAN_POINT('',(47.927908701723,-22.70740076666,
    992.99080014999));
#3582 = CARTESIAN_POINT('',(48.536747140529,-21.39565114885,
    991.56995411011));
#3583 = CARTESIAN_POINT('',(49.151554748905,-19.94501627084,
    990.21888559953));
#3584 = CARTESIAN_POINT('',(49.757122796178,-18.34749887146,
    988.95163897939));
#3585 = CARTESIAN_POINT('',(50.532110424756,-15.99698071925,
    987.39076347813));
#3586 = CARTESIAN_POINT('',(50.726358418401,-15.37988237229,
    987.00509716332));
#3587 = CARTESIAN_POINT('',(50.916623388923,-14.74430540551,
    986.63232052316));
#3588 = CARTESIAN_POINT('',(51.102063107058,-14.09007822377,
    986.2734103472));
#3589 = CARTESIAN_POINT('',(51.281787586859,-13.41706544512,
    985.9294200365));
#3590 = CARTESIAN_POINT('',(51.454861417954,-12.72516824754,
    985.60148067352));
#3591 = CARTESIAN_POINT('',(51.754074062305,-11.4395821946,
    985.0396073027));
#3592 = CARTESIAN_POINT('',(51.882875901069,-10.85236236753,
    984.79965667472));
#3593 = CARTESIAN_POINT('',(52.006110542019,-10.252972866,984.5717487486
    ));
#3594 = CARTESIAN_POINT('',(52.123183554453,-9.641748538621,
    984.35666260984));
#3595 = CARTESIAN_POINT('',(52.233510870493,-9.019051526579,
    984.15515973916));
#3596 = CARTESIAN_POINT('',(52.336522506554,-8.385271339305,
    983.96798586273));
#3597 = CARTESIAN_POINT('',(52.585850699201,-6.696472960545,
    983.51695649403));
#3598 = CARTESIAN_POINT('',(52.719592189036,-5.622624898461,
    983.27719545862));
#3599 = CARTESIAN_POINT('',(52.829902634736,-4.524514009796,
    983.0808694116));
#3600 = CARTESIAN_POINT('',(52.914402145714,-3.4075749764,
    982.93122287672));
#3601 = CARTESIAN_POINT('',(52.971410964019,-2.277389423694,
    982.83050729784));
#3602 = CARTESIAN_POINT('',(53.,-1.139629570347,982.78));
#3603 = CARTESIAN_POINT('',(53.,-7.105427357601E-15,982.78));
#3604 = PCURVE('',#3473,#3605);
#3605 = DEFINITIONAL_REPRESENTATION('',(#3606),#3693);
#3606 = B_SPLINE_CURVE_WITH_KNOTS('',7,(#3607,#3608,#3609,#3610,#3611,
    #3612,#3613,#3614,#3615,#3616,#3617,#3618,#3619,#3620,#3621,#3622,
    #3623,#3624,#3625,#3626,#3627,#3628,#3629,#3630,#3631,#3632,#3633,
    #3634,#3635,#3636,#3637,#3638,#3639,#3640,#3641,#3642,#3643,#3644,
    #3645,#3646,#3647,#3648,#3649,#3650,#3651,#3652,#3653,#3654,#3655,
    #3656,#3657,#3658,#3659,#3660,#3661,#3662,#3663,#3664,#3665,#3666,
    #3667,#3668,#3669,#3670,#3671,#3672,#3673,#3674,#3675,#3676,#3677,
    #3678,#3679,#3680,#3681,#3682,#3683,#3684,#3685,#3686,#3687,#3688,
    #3689,#3690,#3691,#3692),.UNSPECIFIED.,.F.,.F.,(8,6,6,6,6,6,6,6,6,6,
    6,6,6,6,8),(0.,6.717130465549E-02,0.108699807513,0.160264652149,
    0.199605316554,0.229420247842,0.310672173255,0.402519959446,
    0.499868644206,0.597252661421,0.689076187523,0.839558406542,
    0.891001752467,0.932595544902,1.),.UNSPECIFIED.);
#3607 = CARTESIAN_POINT('',(6.28318530718,69.));
#3608 = CARTESIAN_POINT('',(6.2617348937,69.));
#3609 = CARTESIAN_POINT('',(6.240319242529,68.949736840822));
#3610 = CARTESIAN_POINT('',(6.2190292528,68.849504490026));
#3611 = CARTESIAN_POINT('',(6.197955396879,68.70056787591));
#3612 = CARTESIAN_POINT('',(6.177188526719,68.505158772344));
#3613 = CARTESIAN_POINT('',(6.156820299238,68.266494562663));
#3614 = CARTESIAN_POINT('',(6.124654263139,67.817148157563));
#3615 = CARTESIAN_POINT('',(6.112542350292,67.630416099159));
#3616 = CARTESIAN_POINT('',(6.100613766174,67.429354210369));
#3617 = CARTESIAN_POINT('',(6.088874732755,67.214707053758));
#3618 = CARTESIAN_POINT('',(6.077331402374,66.987235101581));
#3619 = CARTESIAN_POINT('',(6.065989850148,66.747716585888));
#3620 = CARTESIAN_POINT('',(6.041031541285,66.185578296431));
#3621 = CARTESIAN_POINT('',(6.027524703583,65.856805466949));
#3622 = CARTESIAN_POINT('',(6.014334339715,65.511854425344));
#3623 = CARTESIAN_POINT('',(6.001459249836,65.151868989127));
#3624 = CARTESIAN_POINT('',(5.988898141538,64.777914323617));
#3625 = CARTESIAN_POINT('',(5.976649523578,64.390978037423));
#3626 = CARTESIAN_POINT('',(5.955603730382,63.687554748961));
#3627 = CARTESIAN_POINT('',(5.94667540209,63.376068598107));
#3628 = CARTESIAN_POINT('',(5.937924726224,63.05787321215));
#3629 = CARTESIAN_POINT('',(5.929349897055,62.733299325866));
#3630 = CARTESIAN_POINT('',(5.920949168964,62.402647858564));
#3631 = CARTESIAN_POINT('',(5.91272083378,62.066189750645));
#3632 = CARTESIAN_POINT('',(5.89855659424,61.464957656675));
#3633 = CARTESIAN_POINT('',(5.892548055571,61.202553833551));
#3634 = CARTESIAN_POINT('',(5.886636866074,60.937059393303));
#3635 = CARTESIAN_POINT('',(5.880822371714,60.668572479483));
#3636 = CARTESIAN_POINT('',(5.875103980455,60.397184316674));
#3637 = CARTESIAN_POINT('',(5.869481162259,60.122979210481));
#3638 = CARTESIAN_POINT('',(5.848889274228,59.091302400789));
#3639 = CARTESIAN_POINT('',(5.834528236375,58.316066861594));
#3640 = CARTESIAN_POINT('',(5.820864496063,57.522042184271));
#3641 = CARTESIAN_POINT('',(5.807894592268,56.71062209049));
#3642 = CARTESIAN_POINT('',(5.795617710335,55.882923055082));
#3643 = CARTESIAN_POINT('',(5.784035949907,55.03982759183));
#3644 = CARTESIAN_POINT('',(5.760854225179,53.212363923023));
#3645 = CARTESIAN_POINT('',(5.749446303728,52.223709519251));
#3646 = CARTESIAN_POINT('',(5.738949435207,51.217858214684));
#3647 = CARTESIAN_POINT('',(5.72938323306,50.196406611635));
#3648 = CARTESIAN_POINT('',(5.720768113974,49.160776694243));
#3649 = CARTESIAN_POINT('',(5.713125094369,48.112238494726));
#3650 = CARTESIAN_POINT('',(5.699427830701,45.928123759576));
#3651 = CARTESIAN_POINT('',(5.693496001426,44.791068598911));
#3652 = CARTESIAN_POINT('',(5.688714674589,43.643557203355));
#3653 = CARTESIAN_POINT('',(5.685109973724,42.488216969908));
#3654 = CARTESIAN_POINT('',(5.682699761928,41.327557308242));
#3655 = CARTESIAN_POINT('',(5.681493788139,40.164014946286));
#3656 = CARTESIAN_POINT('',(5.681493788139,37.835562577468));
#3657 = CARTESIAN_POINT('',(5.68270063749,36.671598289959));
#3658 = CARTESIAN_POINT('',(5.685112597776,35.510519734842));
#3659 = CARTESIAN_POINT('',(5.688719906601,34.354766185642));
#3660 = CARTESIAN_POINT('',(5.693504676263,33.206849738122));
#3661 = CARTESIAN_POINT('',(5.699440747081,32.069400689689));
#3662 = CARTESIAN_POINT('',(5.713143541609,29.885213206977));
#3663 = CARTESIAN_POINT('',(5.720786551711,28.836975102629));
#3664 = CARTESIAN_POINT('',(5.729401133266,27.801638982769));
#3665 = CARTESIAN_POINT('',(5.738966283976,26.780475131819));
#3666 = CARTESIAN_POINT('',(5.749461595312,25.774905579954));
#3667 = CARTESIAN_POINT('',(5.760867456161,24.786526708133));
#3668 = CARTESIAN_POINT('',(5.793319135993,22.228468303813));
#3669 = CARTESIAN_POINT('',(5.815851312195,20.692147823324));
#3670 = CARTESIAN_POINT('',(5.84073741626,19.210800149991));
#3671 = CARTESIAN_POINT('',(5.868000075035,17.78995411012));
#3672 = CARTESIAN_POINT('',(5.897695291177,16.438885599537));
#3673 = CARTESIAN_POINT('',(5.929899064484,15.171638979392));
#3674 = CARTESIAN_POINT('',(5.976596859064,13.610763478132));
#3675 = CARTESIAN_POINT('',(5.988802321446,13.225097163322));
#3676 = CARTESIAN_POINT('',(6.001318122939,12.852320523168));
#3677 = CARTESIAN_POINT('',(6.014145752841,12.493410347203));
#3678 = CARTESIAN_POINT('',(6.027286504932,12.149420036502));
#3679 = CARTESIAN_POINT('',(6.040741581984,11.821480673521));
#3680 = CARTESIAN_POINT('',(6.065646239668,11.259607302701));
#3681 = CARTESIAN_POINT('',(6.076988331788,11.019656674726));
#3682 = CARTESIAN_POINT('',(6.088532503711,10.791748748601));
#3683 = CARTESIAN_POINT('',(6.100272696951,10.576662609842));
#3684 = CARTESIAN_POINT('',(6.11220277527,10.37515973916));
#3685 = CARTESIAN_POINT('',(6.124316532494,10.187985862733));
#3686 = CARTESIAN_POINT('',(6.156526044387,9.736956494032));
#3687 = CARTESIAN_POINT('',(6.176938618258,9.497195458628));
#3688 = CARTESIAN_POINT('',(6.197752397689,9.3008694116));
#3689 = CARTESIAN_POINT('',(6.218875209857,9.151222876721));
#3690 = CARTESIAN_POINT('',(6.240215691852,9.050507297843));
#3691 = CARTESIAN_POINT('',(6.261682862456,9.));
#3692 = CARTESIAN_POINT('',(6.28318530718,9.));
#3693 = ( GEOMETRIC_REPRESENTATION_CONTEXT(2) 
PARAMETRIC_REPRESENTATION_CONTEXT() REPRESENTATION_CONTEXT('2D SPACE',''
  ) );
#3694 = PCURVE('',#3695,#3700);
#3695 = CYLINDRICAL_SURFACE('',#3696,30.);
#3696 = AXIS2_PLACEMENT_3D('',#3697,#3698,#3699);
#3697 = CARTESIAN_POINT('',(43.692104549907,0.,1.01278E+03));
#3698 = DIRECTION('',(1.,0.,0.));
#3699 = DIRECTION('',(0.,0.,1.));
#3700 = DEFINITIONAL_REPRESENTATION('',(#3701),#3788);
#3701 = B_SPLINE_CURVE_WITH_KNOTS('',7,(#3702,#3703,#3704,#3705,#3706,
    #3707,#3708,#3709,#3710,#3711,#3712,#3713,#3714,#3715,#3716,#3717,
    #3718,#3719,#3720,#3721,#3722,#3723,#3724,#3725,#3726,#3727,#3728,
    #3729,#3730,#3731,#3732,#3733,#3734,#3735,#3736,#3737,#3738,#3739,
    #3740,#3741,#3742,#3743,#3744,#3745,#3746,#3747,#3748,#3749,#3750,
    #3751,#3752,#3753,#3754,#3755,#3756,#3757,#3758,#3759,#3760,#3761,
    #3762,#3763,#3764,#3765,#3766,#3767,#3768,#3769,#3770,#3771,#3772,
    #3773,#3774,#3775,#3776,#3777,#3778,#3779,#3780,#3781,#3782,#3783,
    #3784,#3785,#3786,#3787),.UNSPECIFIED.,.F.,.F.,(8,6,6,6,6,6,6,6,6,6,
    6,6,6,6,8),(0.,6.717130465549E-02,0.108699807513,0.160264652149,
    0.199605316554,0.229420247842,0.310672173255,0.402519959446,
    0.499868644206,0.597252661421,0.689076187523,0.839558406542,
    0.891001752467,0.932595544902,1.),.UNSPECIFIED.);
#3702 = CARTESIAN_POINT('',(0.,9.307895450093));
#3703 = CARTESIAN_POINT('',(3.78957304812E-02,9.307895450093));
#3704 = CARTESIAN_POINT('',(7.573003965715E-02,9.279444605855));
#3705 = CARTESIAN_POINT('',(0.113402791013,9.222709312692));
#3706 = CARTESIAN_POINT('',(0.150813574693,9.138609656453));
#3707 = CARTESIAN_POINT('',(0.187857358363,9.028810432871));
#3708 = CARTESIAN_POINT('',(0.224419924253,8.895671289218));
#3709 = CARTESIAN_POINT('',(0.282601054913,8.647245510564));
#3710 = CARTESIAN_POINT('',(0.304615419454,8.544464094468));
#3711 = CARTESIAN_POINT('',(0.326414383331,8.434362809991));
#3712 = CARTESIAN_POINT('',(0.347995370408,8.31751065617));
#3713 = CARTESIAN_POINT('',(0.369354989294,8.194490842518));
#3714 = CARTESIAN_POINT('',(0.390488991575,8.065897070473));
#3715 = CARTESIAN_POINT('',(0.437347228882,7.766482882941));
#3716 = CARTESIAN_POINT('',(0.462951399103,7.592936438622));
#3717 = CARTESIAN_POINT('',(0.488218833903,7.412679759314));
#3718 = CARTESIAN_POINT('',(0.513162421752,7.226658529866));
#3719 = CARTESIAN_POINT('',(0.5377942559,7.035772456259));
#3720 = CARTESIAN_POINT('',(0.562126043892,6.840872879311));
#3721 = CARTESIAN_POINT('',(0.604513142783,6.491613282747));
#3722 = CARTESIAN_POINT('',(0.622691576354,6.338574365838));
#3723 = CARTESIAN_POINT('',(0.640712331486,6.183978410991));
#3724 = CARTESIAN_POINT('',(0.658582707888,6.028142786148));
#3725 = CARTESIAN_POINT('',(0.676309908349,5.871367950221));
#3726 = CARTESIAN_POINT('',(0.693901155798,5.713937949435));
#3727 = CARTESIAN_POINT('',(0.724598153368,5.436516831027));
#3728 = CARTESIAN_POINT('',(0.737758595039,5.316691052577));
#3729 = CARTESIAN_POINT('',(0.750848283213,5.196760279198));
#3730 = CARTESIAN_POINT('',(0.763870302596,5.076837620396));
#3731 = CARTESIAN_POINT('',(0.776827674775,4.95703259432));
#3732 = CARTESIAN_POINT('',(0.789723358218,4.837451127756));
#3733 = CARTESIAN_POINT('',(0.837543459305,4.393199173738));
#3734 = CARTESIAN_POINT('',(0.872097464132,4.070556130782));
#3735 = CARTESIAN_POINT('',(0.906273531322,3.752412852992));
#3736 = CARTESIAN_POINT('',(0.940121262032,3.440746642592));
#3737 = CARTESIAN_POINT('',(0.97368914174,3.137399633736));
#3738 = CARTESIAN_POINT('',(1.007025091995,2.844112747943));
#3739 = CARTESIAN_POINT('',(1.077652212788,2.244289914353));
#3740 = CARTESIAN_POINT('',(1.114899984679,1.940947797203));
#3741 = CARTESIAN_POINT('',(1.151957990259,1.655224417653));
#3742 = CARTESIAN_POINT('',(1.188864106357,1.389634047249));
#3743 = CARTESIAN_POINT('',(1.225657086554,1.14649467263));
#3744 = CARTESIAN_POINT('',(1.262377213531,0.927908558644));
#3745 = CARTESIAN_POINT('',(1.337954091494,0.532067975964));
#3746 = CARTESIAN_POINT('',(1.376808025286,0.358067978997));
#3747 = CARTESIAN_POINT('',(1.415629815502,0.216226336613));
#3748 = CARTESIAN_POINT('',(1.454427003261,0.108485473287));
#3749 = CARTESIAN_POINT('',(1.493211089849,3.617925343964E-02));
#3750 = CARTESIAN_POINT('',(1.531995828585,-1.416191542081E-14));
#3751 = CARTESIAN_POINT('',(1.609610907546,-1.425981177199E-14));
#3752 = CARTESIAN_POINT('',(1.648409710455,3.620552039749E-02));
#3753 = CARTESIAN_POINT('',(1.687207864128,0.108564194599));
#3754 = CARTESIAN_POINT('',(1.726019140115,0.216382715717));
#3755 = CARTESIAN_POINT('',(1.764855053911,0.358325323791));
#3756 = CARTESIAN_POINT('',(1.803723153876,0.532446853939));
#3757 = CARTESIAN_POINT('',(1.879304629991,0.928436371777));
#3758 = CARTESIAN_POINT('',(1.916015309392,1.147015725591));
#3759 = CARTESIAN_POINT('',(1.952798929362,1.390132484212));
#3760 = CARTESIAN_POINT('',(1.989695705261,1.655685629132));
#3761 = CARTESIAN_POINT('',(2.026744325348,1.941358513024));
#3762 = CARTESIAN_POINT('',(2.063982601382,2.24463832676));
#3763 = CARTESIAN_POINT('',(2.16284735426,3.084303525053));
#3764 = CARTESIAN_POINT('',(2.224804412626,3.64538928102));
#3765 = CARTESIAN_POINT('',(2.287680289537,4.235804151816));
#3766 = CARTESIAN_POINT('',(2.351822505928,4.844642590622));
#3767 = CARTESIAN_POINT('',(2.417580115375,5.459450198998));
#3768 = CARTESIAN_POINT('',(2.485308426182,6.065018246271));
#3769 = CARTESIAN_POINT('',(2.57936082242,6.840005874849));
#3770 = CARTESIAN_POINT('',(2.603608268922,7.034253868494));
#3771 = CARTESIAN_POINT('',(2.628153642578,7.224518839016));
#3772 = CARTESIAN_POINT('',(2.653008555951,7.409958557151));
#3773 = CARTESIAN_POINT('',(2.678185000607,7.589683036952));
#3774 = CARTESIAN_POINT('',(2.703695750172,7.762756868047));
#3775 = CARTESIAN_POINT('',(2.750462704131,8.061969512398));
#3776 = CARTESIAN_POINT('',(2.771601643175,8.190771351162));
#3777 = CARTESIAN_POINT('',(2.792966459552,8.314005992112));
#3778 = CARTESIAN_POINT('',(2.814552930282,8.431079004546));
#3779 = CARTESIAN_POINT('',(2.836357689302,8.541406320586));
#3780 = CARTESIAN_POINT('',(2.858378186399,8.644417956648));
#3781 = CARTESIAN_POINT('',(2.916644504624,8.893746149294));
#3782 = CARTESIAN_POINT('',(2.953289499853,9.027487639129));
#3783 = CARTESIAN_POINT('',(2.990418701986,9.137798084829));
#3784 = CARTESIAN_POINT('',(3.027917279089,9.222297595807));
#3785 = CARTESIAN_POINT('',(3.065679674496,9.279306414112));
#3786 = CARTESIAN_POINT('',(3.103605001245,9.307895450093));
#3787 = CARTESIAN_POINT('',(3.14159265359,9.307895450093));
#3788 = ( GEOMETRIC_REPRESENTATION_CONTEXT(2) 
PARAMETRIC_REPRESENTATION_CONTEXT() REPRESENTATION_CONTEXT('2D SPACE',''
  ) );
#3789 = ORIENTED_EDGE('',*,*,#3790,.F.);
#3790 = EDGE_CURVE('',#3791,#3514,#3793,.T.);
#3791 = VERTEX_POINT('',#3792);
#3792 = CARTESIAN_POINT('',(53.,3.673940397442E-15,1.04278E+03));
#3793 = SURFACE_CURVE('',#3794,(#3881,#3971),.PCURVE_S1.);
#3794 = B_SPLINE_CURVE_WITH_KNOTS('',7,(#3795,#3796,#3797,#3798,#3799,
    #3800,#3801,#3802,#3803,#3804,#3805,#3806,#3807,#3808,#3809,#3810,
    #3811,#3812,#3813,#3814,#3815,#3816,#3817,#3818,#3819,#3820,#3821,
    #3822,#3823,#3824,#3825,#3826,#3827,#3828,#3829,#3830,#3831,#3832,
    #3833,#3834,#3835,#3836,#3837,#3838,#3839,#3840,#3841,#3842,#3843,
    #3844,#3845,#3846,#3847,#3848,#3849,#3850,#3851,#3852,#3853,#3854,
    #3855,#3856,#3857,#3858,#3859,#3860,#3861,#3862,#3863,#3864,#3865,
    #3866,#3867,#3868,#3869,#3870,#3871,#3872,#3873,#3874,#3875,#3876,
    #3877,#3878,#3879,#3880),.UNSPECIFIED.,.F.,.F.,(8,6,6,6,6,6,6,6,6,6,
    6,6,6,6,8),(0.,6.717130465549E-02,0.108699807513,0.160264652149,
    0.199605316554,0.229420247842,0.310672173255,0.402519959446,
    0.499868644206,0.597252661421,0.689076187523,0.839558406542,
    0.891001752467,0.932595544902,1.),.UNSPECIFIED.);
#3795 = CARTESIAN_POINT('',(53.,-3.552713678801E-15,1.04278E+03));
#3796 = CARTESIAN_POINT('',(53.,-1.136871914436,1.04278E+03));
#3797 = CARTESIAN_POINT('',(52.971549155762,-2.271901239904,
    1.042729736841E+03));
#3798 = CARTESIAN_POINT('',(52.914813862599,-3.399416926593,
    1.04262950449E+03));
#3799 = CARTESIAN_POINT('',(52.83071420636,-4.513779743115,
    1.042480567876E+03));
#3800 = CARTESIAN_POINT('',(52.720914982778,-5.609439877212,
    1.042285158772E+03));
#3801 = CARTESIAN_POINT('',(52.587775839125,-6.680992686789,
    1.042046494563E+03));
#3802 = CARTESIAN_POINT('',(52.339350060471,-8.367595004086,
    1.041597148158E+03));
#3803 = CARTESIAN_POINT('',(52.236568644375,-9.001313499918,
    1.041410416099E+03));
#3804 = CARTESIAN_POINT('',(52.126467359898,-9.623970052409,
    1.04120935421E+03));
#3805 = CARTESIAN_POINT('',(52.009615206077,-10.23517402627,
    1.040994707054E+03));
#3806 = CARTESIAN_POINT('',(51.886595392425,-10.83456211079,
    1.040767235102E+03));
#3807 = CARTESIAN_POINT('',(51.75800162038,-11.42179824325,
    1.040527716586E+03));
#3808 = CARTESIAN_POINT('',(51.458587432848,-12.71025682105,
    1.039965578296E+03));
#3809 = CARTESIAN_POINT('',(51.285040988529,-13.40486478623,
    1.039636805467E+03));
#3810 = CARTESIAN_POINT('',(51.104784309221,-14.08045862224,
    1.039291854425E+03));
#3811 = CARTESIAN_POINT('',(50.918763079773,-14.73713701603,
    1.038931868989E+03));
#3812 = CARTESIAN_POINT('',(50.727877006166,-15.37503579227,
    1.038557914324E+03));
#3813 = CARTESIAN_POINT('',(50.532977429218,-15.9943275584,
    1.038170978037E+03));
#3814 = CARTESIAN_POINT('',(50.183717832653,-17.05366471643,
    1.037467554749E+03));
#3815 = CARTESIAN_POINT('',(50.030678915745,-17.50146484065,
    1.037156068598E+03));
#3816 = CARTESIAN_POINT('',(49.876082960898,-17.93876867322,
    1.036837873212E+03));
#3817 = CARTESIAN_POINT('',(49.720247336055,-18.36572490332,
    1.036513299326E+03));
#3818 = CARTESIAN_POINT('',(49.563472500128,-18.78248404616,
    1.036182647859E+03));
#3819 = CARTESIAN_POINT('',(49.406042499342,-19.18919853098,
    1.035846189751E+03));
#3820 = CARTESIAN_POINT('',(49.128621380934,-19.88676219335,
    1.035244957657E+03));
#3821 = CARTESIAN_POINT('',(49.008795602484,-20.18181989119,
    1.034982553834E+03));
#3822 = CARTESIAN_POINT('',(48.888864829104,-20.47126224972,
    1.034717059393E+03));
#3823 = CARTESIAN_POINT('',(48.768942170303,-20.75515331518,
    1.034448572479E+03));
#3824 = CARTESIAN_POINT('',(48.649137144227,-21.03355481281,
    1.034177184317E+03));
#3825 = CARTESIAN_POINT('',(48.529555677663,-21.30652614682,
    1.03390297921E+03));
#3826 = CARTESIAN_POINT('',(48.085303723645,-22.30338562615,
    1.032871302401E+03));
#3827 = CARTESIAN_POINT('',(47.762660680689,-22.99289563031,
    1.032096066862E+03));
#3828 = CARTESIAN_POINT('',(47.444517402899,-23.64362809065,
    1.031302042184E+03));
#3829 = CARTESIAN_POINT('',(47.132851192499,-24.25647418396,
    1.03049062209E+03));
#3830 = CARTESIAN_POINT('',(46.829504183643,-24.83221621765,
    1.029662923055E+03));
#3831 = CARTESIAN_POINT('',(46.53621729785,-25.37150126127,
    1.028819827592E+03));
#3832 = CARTESIAN_POINT('',(45.93639446426,-26.44376415416,
    1.026992363923E+03));
#3833 = CARTESIAN_POINT('',(45.63305234711,-26.96686643423,
    1.026003709519E+03));
#3834 = CARTESIAN_POINT('',(45.34732896756,-27.44431325902,
    1.024997858215E+03));
#3835 = CARTESIAN_POINT('',(45.081738597156,-27.87625510223,
    1.023976406612E+03));
#3836 = CARTESIAN_POINT('',(44.838599222537,-28.26276828596,
    1.022940776694E+03));
#3837 = CARTESIAN_POINT('',(44.620013108551,-28.60382199627,
    1.021892238495E+03));
#3838 = CARTESIAN_POINT('',(44.224172525871,-29.21236193581,
    1.01970812376E+03));
#3839 = CARTESIAN_POINT('',(44.050172528904,-29.47422573655,
    1.018571068599E+03));
#3840 = CARTESIAN_POINT('',(43.90833088652,-29.68422928752,
    1.017423557203E+03));
#3841 = CARTESIAN_POINT('',(43.800590023194,-29.84200140491,
    1.01626821697E+03));
#3842 = CARTESIAN_POINT('',(43.728283803347,-29.94730839639,
    1.015107557308E+03));
#3843 = CARTESIAN_POINT('',(43.692104549907,-30.,1.013944014946E+03));
#3844 = CARTESIAN_POINT('',(43.692104549907,-30.,1.011615562577E+03));
#3845 = CARTESIAN_POINT('',(43.728310070304,-29.94727014109,
    1.01045159829E+03));
#3846 = CARTESIAN_POINT('',(43.800668744506,-29.84188675492,
    1.009290519735E+03));
#3847 = CARTESIAN_POINT('',(43.908487265624,-29.68400029031,
    1.008134766186E+03));
#3848 = CARTESIAN_POINT('',(44.050429873698,-29.47384472294,
    1.006986849738E+03));
#3849 = CARTESIAN_POINT('',(44.224551403846,-29.21179173422,
    1.00584940069E+03));
#3850 = CARTESIAN_POINT('',(44.620540921684,-28.60299897888,
    1.003665213207E+03));
#3851 = CARTESIAN_POINT('',(44.839120275497,-28.2619415344,
    1.002616975103E+03));
#3852 = CARTESIAN_POINT('',(45.082237034119,-27.87544777853,
    1.001581638983E+03));
#3853 = CARTESIAN_POINT('',(45.347790179039,-27.44354847804,
    1.000560475132E+03));
#3854 = CARTESIAN_POINT('',(45.633463062931,-26.96616765893,
    999.55490557995));
#3855 = CARTESIAN_POINT('',(45.936742876667,-26.44315555121,
    998.56652670813));
#3856 = CARTESIAN_POINT('',(46.77640807496,-24.94210504389,
    996.00846830381));
#3857 = CARTESIAN_POINT('',(47.337493830927,-23.88761950664,
    994.47214782332));
#3858 = CARTESIAN_POINT('',(47.927908701723,-22.70740076666,
    992.99080014999));
#3859 = CARTESIAN_POINT('',(48.536747140529,-21.39565114885,
    991.56995411011));
#3860 = CARTESIAN_POINT('',(49.151554748905,-19.94501627084,
    990.21888559953));
#3861 = CARTESIAN_POINT('',(49.757122796178,-18.34749887146,
    988.95163897939));
#3862 = CARTESIAN_POINT('',(50.532110424756,-15.99698071925,
    987.39076347813));
#3863 = CARTESIAN_POINT('',(50.726358418401,-15.37988237229,
    987.00509716332));
#3864 = CARTESIAN_POINT('',(50.916623388923,-14.74430540551,
    986.63232052316));
#3865 = CARTESIAN_POINT('',(51.102063107058,-14.09007822377,
    986.2734103472));
#3866 = CARTESIAN_POINT('',(51.281787586859,-13.41706544512,
    985.9294200365));
#3867 = CARTESIAN_POINT('',(51.454861417954,-12.72516824754,
    985.60148067352));
#3868 = CARTESIAN_POINT('',(51.754074062305,-11.4395821946,
    985.0396073027));
#3869 = CARTESIAN_POINT('',(51.882875901069,-10.85236236753,
    984.79965667472));
#3870 = CARTESIAN_POINT('',(52.006110542019,-10.252972866,984.5717487486
    ));
#3871 = CARTESIAN_POINT('',(52.123183554453,-9.641748538621,
    984.35666260984));
#3872 = CARTESIAN_POINT('',(52.233510870493,-9.019051526579,
    984.15515973916));
#3873 = CARTESIAN_POINT('',(52.336522506554,-8.385271339305,
    983.96798586273));
#3874 = CARTESIAN_POINT('',(52.585850699201,-6.696472960545,
    983.51695649403));
#3875 = CARTESIAN_POINT('',(52.719592189036,-5.622624898461,
    983.27719545862));
#3876 = CARTESIAN_POINT('',(52.829902634736,-4.524514009796,
    983.0808694116));
#3877 = CARTESIAN_POINT('',(52.914402145714,-3.4075749764,
    982.93122287672));
#3878 = CARTESIAN_POINT('',(52.971410964019,-2.277389423694,
    982.83050729784));
#3879 = CARTESIAN_POINT('',(53.,-1.139629570347,982.78));
#3880 = CARTESIAN_POINT('',(53.,-7.105427357601E-15,982.78));
#3881 = PCURVE('',#3473,#3882);
#3882 = DEFINITIONAL_REPRESENTATION('',(#3883),#3970);
#3883 = B_SPLINE_CURVE_WITH_KNOTS('',7,(#3884,#3885,#3886,#3887,#3888,
    #3889,#3890,#3891,#3892,#3893,#3894,#3895,#3896,#3897,#3898,#3899,
    #3900,#3901,#3902,#3903,#3904,#3905,#3906,#3907,#3908,#3909,#3910,
    #3911,#3912,#3913,#3914,#3915,#3916,#3917,#3918,#3919,#3920,#3921,
    #3922,#3923,#3924,#3925,#3926,#3927,#3928,#3929,#3930,#3931,#3932,
    #3933,#3934,#3935,#3936,#3937,#3938,#3939,#3940,#3941,#3942,#3943,
    #3944,#3945,#3946,#3947,#3948,#3949,#3950,#3951,#3952,#3953,#3954,
    #3955,#3956,#3957,#3958,#3959,#3960,#3961,#3962,#3963,#3964,#3965,
    #3966,#3967,#3968,#3969),.UNSPECIFIED.,.F.,.F.,(8,6,6,6,6,6,6,6,6,6,
    6,6,6,6,8),(0.,6.717130465549E-02,0.108699807513,0.160264652149,
    0.199605316554,0.229420247842,0.310672173255,0.402519959446,
    0.499868644206,0.597252661421,0.689076187523,0.839558406542,
    0.891001752467,0.932595544902,1.),.UNSPECIFIED.);
#3884 = CARTESIAN_POINT('',(6.28318530718,69.));
#3885 = CARTESIAN_POINT('',(6.2617348937,69.));
#3886 = CARTESIAN_POINT('',(6.240319242529,68.949736840822));
#3887 = CARTESIAN_POINT('',(6.2190292528,68.849504490026));
#3888 = CARTESIAN_POINT('',(6.197955396879,68.70056787591));
#3889 = CARTESIAN_POINT('',(6.177188526719,68.505158772344));
#3890 = CARTESIAN_POINT('',(6.156820299238,68.266494562663));
#3891 = CARTESIAN_POINT('',(6.124654263139,67.817148157563));
#3892 = CARTESIAN_POINT('',(6.112542350292,67.630416099159));
#3893 = CARTESIAN_POINT('',(6.100613766174,67.429354210369));
#3894 = CARTESIAN_POINT('',(6.088874732755,67.214707053758));
#3895 = CARTESIAN_POINT('',(6.077331402374,66.987235101581));
#3896 = CARTESIAN_POINT('',(6.065989850148,66.747716585888));
#3897 = CARTESIAN_POINT('',(6.041031541285,66.185578296431));
#3898 = CARTESIAN_POINT('',(6.027524703583,65.856805466949));
#3899 = CARTESIAN_POINT('',(6.014334339715,65.511854425344));
#3900 = CARTESIAN_POINT('',(6.001459249836,65.151868989127));
#3901 = CARTESIAN_POINT('',(5.988898141538,64.777914323617));
#3902 = CARTESIAN_POINT('',(5.976649523578,64.390978037423));
#3903 = CARTESIAN_POINT('',(5.955603730382,63.687554748961));
#3904 = CARTESIAN_POINT('',(5.94667540209,63.376068598107));
#3905 = CARTESIAN_POINT('',(5.937924726224,63.05787321215));
#3906 = CARTESIAN_POINT('',(5.929349897055,62.733299325866));
#3907 = CARTESIAN_POINT('',(5.920949168964,62.402647858564));
#3908 = CARTESIAN_POINT('',(5.91272083378,62.066189750645));
#3909 = CARTESIAN_POINT('',(5.89855659424,61.464957656675));
#3910 = CARTESIAN_POINT('',(5.892548055571,61.202553833551));
#3911 = CARTESIAN_POINT('',(5.886636866074,60.937059393303));
#3912 = CARTESIAN_POINT('',(5.880822371714,60.668572479483));
#3913 = CARTESIAN_POINT('',(5.875103980455,60.397184316674));
#3914 = CARTESIAN_POINT('',(5.869481162259,60.122979210481));
#3915 = CARTESIAN_POINT('',(5.848889274228,59.091302400789));
#3916 = CARTESIAN_POINT('',(5.834528236375,58.316066861594));
#3917 = CARTESIAN_POINT('',(5.820864496063,57.522042184271));
#3918 = CARTESIAN_POINT('',(5.807894592268,56.71062209049));
#3919 = CARTESIAN_POINT('',(5.795617710335,55.882923055082));
#3920 = CARTESIAN_POINT('',(5.784035949907,55.03982759183));
#3921 = CARTESIAN_POINT('',(5.760854225179,53.212363923023));
#3922 = CARTESIAN_POINT('',(5.749446303728,52.223709519251));
#3923 = CARTESIAN_POINT('',(5.738949435207,51.217858214684));
#3924 = CARTESIAN_POINT('',(5.72938323306,50.196406611635));
#3925 = CARTESIAN_POINT('',(5.720768113974,49.160776694243));
#3926 = CARTESIAN_POINT('',(5.713125094369,48.112238494726));
#3927 = CARTESIAN_POINT('',(5.699427830701,45.928123759576));
#3928 = CARTESIAN_POINT('',(5.693496001426,44.791068598911));
#3929 = CARTESIAN_POINT('',(5.688714674589,43.643557203355));
#3930 = CARTESIAN_POINT('',(5.685109973724,42.488216969908));
#3931 = CARTESIAN_POINT('',(5.682699761928,41.327557308242));
#3932 = CARTESIAN_POINT('',(5.681493788139,40.164014946286));
#3933 = CARTESIAN_POINT('',(5.681493788139,37.835562577468));
#3934 = CARTESIAN_POINT('',(5.68270063749,36.671598289959));
#3935 = CARTESIAN_POINT('',(5.685112597776,35.510519734842));
#3936 = CARTESIAN_POINT('',(5.688719906601,34.354766185642));
#3937 = CARTESIAN_POINT('',(5.693504676263,33.206849738122));
#3938 = CARTESIAN_POINT('',(5.699440747081,32.069400689689));
#3939 = CARTESIAN_POINT('',(5.713143541609,29.885213206977));
#3940 = CARTESIAN_POINT('',(5.720786551711,28.836975102629));
#3941 = CARTESIAN_POINT('',(5.729401133266,27.801638982769));
#3942 = CARTESIAN_POINT('',(5.738966283976,26.780475131819));
#3943 = CARTESIAN_POINT('',(5.749461595312,25.774905579954));
#3944 = CARTESIAN_POINT('',(5.760867456161,24.786526708133));
#3945 = CARTESIAN_POINT('',(5.793319135993,22.228468303813));
#3946 = CARTESIAN_POINT('',(5.815851312195,20.692147823324));
#3947 = CARTESIAN_POINT('',(5.84073741626,19.210800149991));
#3948 = CARTESIAN_POINT('',(5.868000075035,17.78995411012));
#3949 = CARTESIAN_POINT('',(5.897695291177,16.438885599537));
#3950 = CARTESIAN_POINT('',(5.929899064484,15.171638979392));
#3951 = CARTESIAN_POINT('',(5.976596859064,13.610763478132));
#3952 = CARTESIAN_POINT('',(5.988802321446,13.225097163322));
#3953 = CARTESIAN_POINT('',(6.001318122939,12.852320523168));
#3954 = CARTESIAN_POINT('',(6.014145752841,12.493410347203));
#3955 = CARTESIAN_POINT('',(6.027286504932,12.149420036502));
#3956 = CARTESIAN_POINT('',(6.040741581984,11.821480673521));
#3957 = CARTESIAN_POINT('',(6.065646239668,11.259607302701));
#3958 = CARTESIAN_POINT('',(6.076988331788,11.019656674726));
#3959 = CARTESIAN_POINT('',(6.088532503711,10.791748748601));
#3960 = CARTESIAN_POINT('',(6.100272696951,10.576662609842));
#3961 = CARTESIAN_POINT('',(6.11220277527,10.37515973916));
#3962 = CARTESIAN_POINT('',(6.124316532494,10.187985862733));
#3963 = CARTESIAN_POINT('',(6.156526044387,9.736956494032));
#3964 = CARTESIAN_POINT('',(6.176938618258,9.497195458628));
#3965 = CARTESIAN_POINT('',(6.197752397689,9.3008694116));
#3966 = CARTESIAN_POINT('',(6.218875209857,9.151222876721));
#3967 = CARTESIAN_POINT('',(6.240215691852,9.050507297843));
#3968 = CARTESIAN_POINT('',(6.261682862456,9.));
#3969 = CARTESIAN_POINT('',(6.28318530718,9.));
#3970 = ( GEOMETRIC_REPRESENTATION_CONTEXT(2) 
PARAMETRIC_REPRESENTATION_CONTEXT() REPRESENTATION_CONTEXT('2D SPACE',''
  ) );
#3971 = PCURVE('',#3972,#3977);
#3972 = CYLINDRICAL_SURFACE('',#3973,30.);
#3973 = AXIS2_PLACEMENT_3D('',#3974,#3975,#3976);
#3974 = CARTESIAN_POINT('',(43.692104549907,0.,1.01278E+03));
#3975 = DIRECTION('',(1.,0.,0.));
#3976 = DIRECTION('',(0.,0.,1.));
#3977 = DEFINITIONAL_REPRESENTATION('',(#3978),#4065);
#3978 = B_SPLINE_CURVE_WITH_KNOTS('',7,(#3979,#3980,#3981,#3982,#3983,
    #3984,#3985,#3986,#3987,#3988,#3989,#3990,#3991,#3992,#3993,#3994,
    #3995,#3996,#3997,#3998,#3999,#4000,#4001,#4002,#4003,#4004,#4005,
    #4006,#4007,#4008,#4009,#4010,#4011,#4012,#4013,#4014,#4015,#4016,
    #4017,#4018,#4019,#4020,#4021,#4022,#4023,#4024,#4025,#4026,#4027,
    #4028,#4029,#4030,#4031,#4032,#4033,#4034,#4035,#4036,#4037,#4038,
    #4039,#4040,#4041,#4042,#4043,#4044,#4045,#4046,#4047,#4048,#4049,
    #4050,#4051,#4052,#4053,#4054,#4055,#4056,#4057,#4058,#4059,#4060,
    #4061,#4062,#4063,#4064),.UNSPECIFIED.,.F.,.F.,(8,6,6,6,6,6,6,6,6,6,
    6,6,6,6,8),(0.,6.717130465549E-02,0.108699807513,0.160264652149,
    0.199605316554,0.229420247842,0.310672173255,0.402519959446,
    0.499868644206,0.597252661421,0.689076187523,0.839558406542,
    0.891001752467,0.932595544902,1.),.UNSPECIFIED.);
#3979 = CARTESIAN_POINT('',(0.,9.307895450093));
#3980 = CARTESIAN_POINT('',(3.78957304812E-02,9.307895450093));
#3981 = CARTESIAN_POINT('',(7.573003965715E-02,9.279444605855));
#3982 = CARTESIAN_POINT('',(0.113402791013,9.222709312692));
#3983 = CARTESIAN_POINT('',(0.150813574693,9.138609656453));
#3984 = CARTESIAN_POINT('',(0.187857358363,9.028810432871));
#3985 = CARTESIAN_POINT('',(0.224419924253,8.895671289218));
#3986 = CARTESIAN_POINT('',(0.282601054913,8.647245510564));
#3987 = CARTESIAN_POINT('',(0.304615419454,8.544464094468));
#3988 = CARTESIAN_POINT('',(0.326414383331,8.434362809991));
#3989 = CARTESIAN_POINT('',(0.347995370408,8.31751065617));
#3990 = CARTESIAN_POINT('',(0.369354989294,8.194490842518));
#3991 = CARTESIAN_POINT('',(0.390488991575,8.065897070473));
#3992 = CARTESIAN_POINT('',(0.437347228882,7.766482882941));
#3993 = CARTESIAN_POINT('',(0.462951399103,7.592936438622));
#3994 = CARTESIAN_POINT('',(0.488218833903,7.412679759314));
#3995 = CARTESIAN_POINT('',(0.513162421752,7.226658529866));
#3996 = CARTESIAN_POINT('',(0.5377942559,7.035772456259));
#3997 = CARTESIAN_POINT('',(0.562126043892,6.840872879311));
#3998 = CARTESIAN_POINT('',(0.604513142783,6.491613282747));
#3999 = CARTESIAN_POINT('',(0.622691576354,6.338574365838));
#4000 = CARTESIAN_POINT('',(0.640712331486,6.183978410991));
#4001 = CARTESIAN_POINT('',(0.658582707888,6.028142786148));
#4002 = CARTESIAN_POINT('',(0.676309908349,5.871367950221));
#4003 = CARTESIAN_POINT('',(0.693901155798,5.713937949435));
#4004 = CARTESIAN_POINT('',(0.724598153368,5.436516831027));
#4005 = CARTESIAN_POINT('',(0.737758595039,5.316691052577));
#4006 = CARTESIAN_POINT('',(0.750848283213,5.196760279198));
#4007 = CARTESIAN_POINT('',(0.763870302596,5.076837620396));
#4008 = CARTESIAN_POINT('',(0.776827674775,4.95703259432));
#4009 = CARTESIAN_POINT('',(0.789723358218,4.837451127756));
#4010 = CARTESIAN_POINT('',(0.837543459305,4.393199173738));
#4011 = CARTESIAN_POINT('',(0.872097464132,4.070556130782));
#4012 = CARTESIAN_POINT('',(0.906273531322,3.752412852992));
#4013 = CARTESIAN_POINT('',(0.940121262032,3.440746642592));
#4014 = CARTESIAN_POINT('',(0.97368914174,3.137399633736));
#4015 = CARTESIAN_POINT('',(1.007025091995,2.844112747943));
#4016 = CARTESIAN_POINT('',(1.077652212788,2.244289914353));
#4017 = CARTESIAN_POINT('',(1.114899984679,1.940947797203));
#4018 = CARTESIAN_POINT('',(1.151957990259,1.655224417653));
#4019 = CARTESIAN_POINT('',(1.188864106357,1.389634047249));
#4020 = CARTESIAN_POINT('',(1.225657086554,1.14649467263));
#4021 = CARTESIAN_POINT('',(1.262377213531,0.927908558644));
#4022 = CARTESIAN_POINT('',(1.337954091494,0.532067975964));
#4023 = CARTESIAN_POINT('',(1.376808025286,0.358067978997));
#4024 = CARTESIAN_POINT('',(1.415629815502,0.216226336613));
#4025 = CARTESIAN_POINT('',(1.454427003261,0.108485473287));
#4026 = CARTESIAN_POINT('',(1.493211089849,3.617925343964E-02));
#4027 = CARTESIAN_POINT('',(1.531995828585,-1.416191542081E-14));
#4028 = CARTESIAN_POINT('',(1.609610907546,-1.425981177199E-14));
#4029 = CARTESIAN_POINT('',(1.648409710455,3.620552039749E-02));
#4030 = CARTESIAN_POINT('',(1.687207864128,0.108564194599));
#4031 = CARTESIAN_POINT('',(1.726019140115,0.216382715717));
#4032 = CARTESIAN_POINT('',(1.764855053911,0.358325323791));
#4033 = CARTESIAN_POINT('',(1.803723153876,0.532446853939));
#4034 = CARTESIAN_POINT('',(1.879304629991,0.928436371777));
#4035 = CARTESIAN_POINT('',(1.916015309392,1.147015725591));
#4036 = CARTESIAN_POINT('',(1.952798929362,1.390132484212));
#4037 = CARTESIAN_POINT('',(1.989695705261,1.655685629132));
#4038 = CARTESIAN_POINT('',(2.026744325348,1.941358513024));
#4039 = CARTESIAN_POINT('',(2.063982601382,2.24463832676));
#4040 = CARTESIAN_POINT('',(2.16284735426,3.084303525053));
#4041 = CARTESIAN_POINT('',(2.224804412626,3.64538928102));
#4042 = CARTESIAN_POINT('',(2.287680289537,4.235804151816));
#4043 = CARTESIAN_POINT('',(2.351822505928,4.844642590622));
#4044 = CARTESIAN_POINT('',(2.417580115375,5.459450198998));
#4045 = CARTESIAN_POINT('',(2.485308426182,6.065018246271));
#4046 = CARTESIAN_POINT('',(2.57936082242,6.840005874849));
#4047 = CARTESIAN_POINT('',(2.603608268922,7.034253868494));
#4048 = CARTESIAN_POINT('',(2.628153642578,7.224518839016));
#4049 = CARTESIAN_POINT('',(2.653008555951,7.409958557151));
#4050 = CARTESIAN_POINT('',(2.678185000607,7.589683036952));
#4051 = CARTESIAN_POINT('',(2.703695750172,7.762756868047));
#4052 = CARTESIAN_POINT('',(2.750462704131,8.061969512398));
#4053 = CARTESIAN_POINT('',(2.771601643175,8.190771351162));
#4054 = CARTESIAN_POINT('',(2.792966459552,8.314005992112));
#4055 = CARTESIAN_POINT('',(2.814552930282,8.431079004546));
#4056 = CARTESIAN_POINT('',(2.836357689302,8.541406320586));
#4057 = CARTESIAN_POINT('',(2.858378186399,8.644417956648));
#4058 = CARTESIAN_POINT('',(2.916644504624,8.893746149294));
#4059 = CARTESIAN_POINT('',(2.953289499853,9.027487639129));
#4060 = CARTESIAN_POINT('',(2.990418701986,9.137798084829));
#4061 = CARTESIAN_POINT('',(3.027917279089,9.222297595807));
#4062 = CARTESIAN_POINT('',(3.065679674496,9.279306414112));
#4063 = CARTESIAN_POINT('',(3.103605001245,9.307895450093));
#4064 = CARTESIAN_POINT('',(3.14159265359,9.307895450093));
#4065 = ( GEOMETRIC_REPRESENTATION_CONTEXT(2) 
PARAMETRIC_REPRESENTATION_CONTEXT() REPRESENTATION_CONTEXT('2D SPACE',''
  ) );
#4066 = ORIENTED_EDGE('',*,*,#4067,.T.);
#4067 = EDGE_CURVE('',#3791,#4068,#4070,.T.);
#4068 = VERTEX_POINT('',#4069);
#4069 = CARTESIAN_POINT('',(53.,0.,1.05178E+03));
#4070 = SEAM_CURVE('',#4071,(#4075,#4082),.PCURVE_S1.);
#4071 = LINE('',#4072,#4073);
#4072 = CARTESIAN_POINT('',(53.,0.,973.78));
#4073 = VECTOR('',#4074,1.);
#4074 = DIRECTION('',(0.,0.,1.));
#4075 = PCURVE('',#3473,#4076);
#4076 = DEFINITIONAL_REPRESENTATION('',(#4077),#4081);
#4077 = LINE('',#4078,#4079);
#4078 = CARTESIAN_POINT('',(6.28318530718,0.));
#4079 = VECTOR('',#4080,1.);
#4080 = DIRECTION('',(0.,1.));
#4081 = ( GEOMETRIC_REPRESENTATION_CONTEXT(2) 
PARAMETRIC_REPRESENTATION_CONTEXT() REPRESENTATION_CONTEXT('2D SPACE',''
  ) );
#4082 = PCURVE('',#3473,#4083);
#4083 = DEFINITIONAL_REPRESENTATION('',(#4084),#4088);
#4084 = LINE('',#4085,#4086);
#4085 = CARTESIAN_POINT('',(4.138911435803E-13,0.));
#4086 = VECTOR('',#4087,1.);
#4087 = DIRECTION('',(0.,1.));
#4088 = ( GEOMETRIC_REPRESENTATION_CONTEXT(2) 
PARAMETRIC_REPRESENTATION_CONTEXT() REPRESENTATION_CONTEXT('2D SPACE',''
  ) );
#4089 = ORIENTED_EDGE('',*,*,#4090,.F.);
#4090 = EDGE_CURVE('',#4068,#4068,#4091,.T.);
#4091 = SURFACE_CURVE('',#4092,(#4097,#4104),.PCURVE_S1.);
#4092 = CIRCLE('',#4093,53.);
#4093 = AXIS2_PLACEMENT_3D('',#4094,#4095,#4096);
#4094 = CARTESIAN_POINT('',(0.,0.,1.05178E+03));
#4095 = DIRECTION('',(0.,0.,1.));
#4096 = DIRECTION('',(1.,0.,0.));
#4097 = PCURVE('',#3473,#4098);
#4098 = DEFINITIONAL_REPRESENTATION('',(#4099),#4103);
#4099 = LINE('',#4100,#4101);
#4100 = CARTESIAN_POINT('',(0.,78.));
#4101 = VECTOR('',#4102,1.);
#4102 = DIRECTION('',(1.,0.));
#4103 = ( GEOMETRIC_REPRESENTATION_CONTEXT(2) 
PARAMETRIC_REPRESENTATION_CONTEXT() REPRESENTATION_CONTEXT('2D SPACE',''
  ) );
#4104 = PCURVE('',#4105,#4110);
#4105 = PLANE('',#4106);
#4106 = AXIS2_PLACEMENT_3D('',#4107,#4108,#4109);
#4107 = CARTESIAN_POINT('',(0.,0.,1.05178E+03));
#4108 = DIRECTION('',(0.,0.,1.));
#4109 = DIRECTION('',(1.,0.,0.));
#4110 = DEFINITIONAL_REPRESENTATION('',(#4111),#4115);
#4111 = CIRCLE('',#4112,53.);
#4112 = AXIS2_PLACEMENT_2D('',#4113,#4114);
#4113 = CARTESIAN_POINT('',(0.,0.));
#4114 = DIRECTION('',(1.,0.));
#4115 = ( GEOMETRIC_REPRESENTATION_CONTEXT(2) 
PARAMETRIC_REPRESENTATION_CONTEXT() REPRESENTATION_CONTEXT('2D SPACE',''
  ) );
#4116 = ORIENTED_EDGE('',*,*,#4067,.F.);
#4117 = ORIENTED_EDGE('',*,*,#4118,.F.);
#4118 = EDGE_CURVE('',#4119,#3791,#4121,.T.);
#4119 = VERTEX_POINT('',#4120);
#4120 = CARTESIAN_POINT('',(43.692104549907,30.,1.01278E+03));
#4121 = SURFACE_CURVE('',#4122,(#4209,#4299),.PCURVE_S1.);
#4122 = B_SPLINE_CURVE_WITH_KNOTS('',7,(#4123,#4124,#4125,#4126,#4127,
    #4128,#4129,#4130,#4131,#4132,#4133,#4134,#4135,#4136,#4137,#4138,
    #4139,#4140,#4141,#4142,#4143,#4144,#4145,#4146,#4147,#4148,#4149,
    #4150,#4151,#4152,#4153,#4154,#4155,#4156,#4157,#4158,#4159,#4160,
    #4161,#4162,#4163,#4164,#4165,#4166,#4167,#4168,#4169,#4170,#4171,
    #4172,#4173,#4174,#4175,#4176,#4177,#4178,#4179,#4180,#4181,#4182,
    #4183,#4184,#4185,#4186,#4187,#4188,#4189,#4190,#4191,#4192,#4193,
    #4194,#4195,#4196,#4197,#4198,#4199,#4200,#4201,#4202,#4203,#4204,
    #4205,#4206,#4207,#4208),.UNSPECIFIED.,.F.,.F.,(8,6,6,6,6,6,6,6,6,6,
    6,6,6,6,8),(0.,6.717130480067E-02,0.108699807735,0.160264652448,
    0.199605316912,0.229420248246,0.310672171539,0.4025199579,
    0.499868642814,0.597252660185,0.689076187288,0.839558406426,
    0.89100175239,0.932595544854,1.),.UNSPECIFIED.);
#4123 = CARTESIAN_POINT('',(53.,-1.836970198721E-15,982.78));
#4124 = CARTESIAN_POINT('',(53.,1.136871914438,982.78));
#4125 = CARTESIAN_POINT('',(52.971549155763,2.2719012399,982.83026315917
    ));
#4126 = CARTESIAN_POINT('',(52.914813862598,3.399416926595,
    982.93049550997));
#4127 = CARTESIAN_POINT('',(52.83071420636,4.513779743117,
    983.07943212409));
#4128 = CARTESIAN_POINT('',(52.720914982779,5.609439877208,
    983.27484122765));
#4129 = CARTESIAN_POINT('',(52.587775839125,6.680992686791,
    983.51350543733));
#4130 = CARTESIAN_POINT('',(52.339350060501,8.367595003884,
    983.96285184238));
#4131 = CARTESIAN_POINT('',(52.236568644381,9.001313499907,
    984.14958390082));
#4132 = CARTESIAN_POINT('',(52.126467359872,9.623970052569,
    984.35064578967));
#4133 = CARTESIAN_POINT('',(52.009615206046,10.235174026414,
    984.5652929463));
#4134 = CARTESIAN_POINT('',(51.886595392429,10.834562110744,
    984.79276489841));
#4135 = CARTESIAN_POINT('',(51.758001620426,11.421798243055,
    985.03228341402));
#4136 = CARTESIAN_POINT('',(51.458587432849,12.710256821051,
    985.59442170356));
#4137 = CARTESIAN_POINT('',(51.28504098853,13.404864786237,
    985.92319453304));
#4138 = CARTESIAN_POINT('',(51.104784309221,14.080458622248,
    986.26814557465));
#4139 = CARTESIAN_POINT('',(50.918763079773,14.737137016032,
    986.62813101087));
#4140 = CARTESIAN_POINT('',(50.727877006166,15.375035792272,
    987.00208567638));
#4141 = CARTESIAN_POINT('',(50.532977429217,15.994327558407,
    987.38902196257));
#4142 = CARTESIAN_POINT('',(50.183717832654,17.053664716438,
    988.09244525103));
#4143 = CARTESIAN_POINT('',(50.030678915746,17.501464840648,
    988.40393140189));
#4144 = CARTESIAN_POINT('',(49.876082960899,17.938768673227,
    988.72212678784));
#4145 = CARTESIAN_POINT('',(49.720247336056,18.365724903322,
    989.04670067413));
#4146 = CARTESIAN_POINT('',(49.563472500128,18.782484046167,
    989.37735214143));
#4147 = CARTESIAN_POINT('',(49.406042499342,19.189198530988,
    989.71381024935));
#4148 = CARTESIAN_POINT('',(49.128621380934,19.886762193349,
    990.31504234332));
#4149 = CARTESIAN_POINT('',(49.008795602484,20.181819891194,
    990.57744616644));
#4150 = CARTESIAN_POINT('',(48.888864829105,20.471262249721,
    990.84294060669));
#4151 = CARTESIAN_POINT('',(48.768942170303,20.755153315185,
    991.11142752051));
#4152 = CARTESIAN_POINT('',(48.649137144227,21.033554812818,
    991.38281568332));
#4153 = CARTESIAN_POINT('',(48.529555677664,21.306526146822,
    991.65702078951));
#4154 = CARTESIAN_POINT('',(48.085303732609,22.303385606037,
    992.68869757839));
#4155 = CARTESIAN_POINT('',(47.762660672273,22.992895647055,
    993.46393316111));
#4156 = CARTESIAN_POINT('',(47.444517395744,23.643628106537,
    994.25795783247));
#4157 = CARTESIAN_POINT('',(47.132851198921,24.256474172353,
    995.06937789029));
#4158 = CARTESIAN_POINT('',(46.829504192224,24.832216199998,
    995.89707692269));
#4159 = CARTESIAN_POINT('',(46.53621728992,25.371501275447,
    996.74017243233));
#4160 = CARTESIAN_POINT('',(45.936394464341,26.443764154015,
    998.56763607672));
#4161 = CARTESIAN_POINT('',(45.633052347107,26.966866434244,
    999.55629048072));
#4162 = CARTESIAN_POINT('',(45.347328967498,27.444313259137,
    1.000562141786E+03));
#4163 = CARTESIAN_POINT('',(45.081738597113,27.876255102303,
    1.001583593389E+03));
#4164 = CARTESIAN_POINT('',(44.838599222554,28.262768285931,
    1.002619223306E+03));
#4165 = CARTESIAN_POINT('',(44.620013108599,28.603821996203,
    1.003667761505E+03));
#4166 = CARTESIAN_POINT('',(44.224172525872,29.212361935813,
    1.00585187624E+03));
#4167 = CARTESIAN_POINT('',(44.050172528905,29.474225736555,
    1.006988931401E+03));
#4168 = CARTESIAN_POINT('',(43.90833088652,29.684229287529,
    1.008136442797E+03));
#4169 = CARTESIAN_POINT('',(43.800590023193,29.842001404915,
    1.00929178303E+03));
#4170 = CARTESIAN_POINT('',(43.728283803347,29.947308396389,
    1.010452442692E+03));
#4171 = CARTESIAN_POINT('',(43.692104549907,30.,1.011615985054E+03));
#4172 = CARTESIAN_POINT('',(43.692104549907,30.,1.013944437423E+03));
#4173 = CARTESIAN_POINT('',(43.728310070304,29.947270141099,
    1.01510840171E+03));
#4174 = CARTESIAN_POINT('',(43.800668744506,29.841886754923,
    1.016269480265E+03));
#4175 = CARTESIAN_POINT('',(43.908487265625,29.684000290315,
    1.017425233814E+03));
#4176 = CARTESIAN_POINT('',(44.050429873699,29.473844722946,
    1.018573150262E+03));
#4177 = CARTESIAN_POINT('',(44.224551403845,29.211791734225,
    1.01971059931E+03));
#4178 = CARTESIAN_POINT('',(44.620540923476,28.602998976131,
    1.021894786803E+03));
#4179 = CARTESIAN_POINT('',(44.839120272647,28.261941539245,
    1.022943024887E+03));
#4180 = CARTESIAN_POINT('',(45.082237032467,27.875447781096,
    1.023978361009E+03));
#4181 = CARTESIAN_POINT('',(45.347790181656,27.44354847341,
    1.024999524876E+03));
#4182 = CARTESIAN_POINT('',(45.633463065526,26.966167654605,
    1.026005094431E+03));
#4183 = CARTESIAN_POINT('',(45.93674287345,26.443155556964,
    1.026993473282E+03));
#4184 = CARTESIAN_POINT('',(46.776408074959,24.942105043899,
    1.029551531696E+03));
#4185 = CARTESIAN_POINT('',(47.337493830937,23.88761950662,
    1.031087852177E+03));
#4186 = CARTESIAN_POINT('',(47.927908701707,22.707400766704,
    1.03256919985E+03));
#4187 = CARTESIAN_POINT('',(48.536747140546,21.395651148809,
    1.03399004589E+03));
#4188 = CARTESIAN_POINT('',(49.151554748898,19.945016270869,
    1.0353411144E+03));
#4189 = CARTESIAN_POINT('',(49.757122796182,18.347498871453,
    1.036608361021E+03));
#4190 = CARTESIAN_POINT('',(50.532110424749,15.996980719277,
    1.038169236522E+03));
#4191 = CARTESIAN_POINT('',(50.726358418402,15.379882372294,
    1.038554902837E+03));
#4192 = CARTESIAN_POINT('',(50.916623388932,14.744305405488,
    1.038927679477E+03));
#4193 = CARTESIAN_POINT('',(51.102063107065,14.09007822374,
    1.039286589653E+03));
#4194 = CARTESIAN_POINT('',(51.281787586859,13.417065445122,
    1.039630579963E+03));
#4195 = CARTESIAN_POINT('',(51.454861417947,12.725168247569,
    1.039958519326E+03));
#4196 = CARTESIAN_POINT('',(51.754074062306,11.4395821946,
    1.040520392697E+03));
#4197 = CARTESIAN_POINT('',(51.882875901071,10.852362367526,
    1.040760343325E+03));
#4198 = CARTESIAN_POINT('',(52.00611054202,10.252972865995,
    1.040988251251E+03));
#4199 = CARTESIAN_POINT('',(52.123183554454,9.641748538612,
    1.04120333739E+03));
#4200 = CARTESIAN_POINT('',(52.233510870495,9.019051526569,
    1.041404840261E+03));
#4201 = CARTESIAN_POINT('',(52.336522506556,8.385271339294,
    1.041592014137E+03));
#4202 = CARTESIAN_POINT('',(52.585850699203,6.696472960534,
    1.042043043506E+03));
#4203 = CARTESIAN_POINT('',(52.719592189037,5.622624898452,
    1.042282804541E+03));
#4204 = CARTESIAN_POINT('',(52.829902634736,4.52451400979,
    1.042479130588E+03));
#4205 = CARTESIAN_POINT('',(52.914402145714,3.407574976396,
    1.042628777123E+03));
#4206 = CARTESIAN_POINT('',(52.971410964019,2.27738942369,
    1.042729492702E+03));
#4207 = CARTESIAN_POINT('',(53.,1.139629570345,1.04278E+03));
#4208 = CARTESIAN_POINT('',(53.,3.673940397442E-15,1.04278E+03));
#4209 = PCURVE('',#3473,#4210);
#4210 = DEFINITIONAL_REPRESENTATION('',(#4211),#4298);
#4211 = B_SPLINE_CURVE_WITH_KNOTS('',7,(#4212,#4213,#4214,#4215,#4216,
    #4217,#4218,#4219,#4220,#4221,#4222,#4223,#4224,#4225,#4226,#4227,
    #4228,#4229,#4230,#4231,#4232,#4233,#4234,#4235,#4236,#4237,#4238,
    #4239,#4240,#4241,#4242,#4243,#4244,#4245,#4246,#4247,#4248,#4249,
    #4250,#4251,#4252,#4253,#4254,#4255,#4256,#4257,#4258,#4259,#4260,
    #4261,#4262,#4263,#4264,#4265,#4266,#4267,#4268,#4269,#4270,#4271,
    #4272,#4273,#4274,#4275,#4276,#4277,#4278,#4279,#4280,#4281,#4282,
    #4283,#4284,#4285,#4286,#4287,#4288,#4289,#4290,#4291,#4292,#4293,
    #4294,#4295,#4296,#4297),.UNSPECIFIED.,.F.,.F.,(8,6,6,6,6,6,6,6,6,6,
    6,6,6,6,8),(0.,6.717130480067E-02,0.108699807735,0.160264652448,
    0.199605316912,0.229420248246,0.310672171539,0.4025199579,
    0.499868642814,0.597252660185,0.689076187288,0.839558406426,
    0.89100175239,0.932595544854,1.),.UNSPECIFIED.);
#4212 = CARTESIAN_POINT('',(0.,9.));
#4213 = CARTESIAN_POINT('',(2.145041347996E-02,9.));
#4214 = CARTESIAN_POINT('',(4.286606465056E-02,9.050263159178));
#4215 = CARTESIAN_POINT('',(6.415605437947E-02,9.150495509974));
#4216 = CARTESIAN_POINT('',(8.522991030108E-02,9.29943212409));
#4217 = CARTESIAN_POINT('',(0.105996780461,9.494841227655));
#4218 = CARTESIAN_POINT('',(0.126365007941,9.733505437338));
#4219 = CARTESIAN_POINT('',(0.158531044036,10.182851842383));
#4220 = CARTESIAN_POINT('',(0.170642956887,10.369583900828));
#4221 = CARTESIAN_POINT('',(0.182571541009,10.570645789678));
#4222 = CARTESIAN_POINT('',(0.194310574427,10.7852929463));
#4223 = CARTESIAN_POINT('',(0.205853904805,11.012764898411));
#4224 = CARTESIAN_POINT('',(0.217195457027,11.252283414025));
#4225 = CARTESIAN_POINT('',(0.242153765895,11.814421703568));
#4226 = CARTESIAN_POINT('',(0.255660603597,12.14319453305));
#4227 = CARTESIAN_POINT('',(0.268850967465,12.488145574655));
#4228 = CARTESIAN_POINT('',(0.281726057344,12.848131010873));
#4229 = CARTESIAN_POINT('',(0.294287165642,13.222085676384));
#4230 = CARTESIAN_POINT('',(0.306535783601,13.609021962578));
#4231 = CARTESIAN_POINT('',(0.327581576797,14.312445251038));
#4232 = CARTESIAN_POINT('',(0.336509905089,14.623931401891));
#4233 = CARTESIAN_POINT('',(0.345260580956,14.942126787848));
#4234 = CARTESIAN_POINT('',(0.353835410125,15.266700674133));
#4235 = CARTESIAN_POINT('',(0.362236138216,15.597352141436));
#4236 = CARTESIAN_POINT('',(0.3704644734,15.933810249356));
#4237 = CARTESIAN_POINT('',(0.384628712939,16.535042343325));
#4238 = CARTESIAN_POINT('',(0.390637251609,16.797446166448));
#4239 = CARTESIAN_POINT('',(0.396548441106,17.062940606697));
#4240 = CARTESIAN_POINT('',(0.402362935466,17.331427520516));
#4241 = CARTESIAN_POINT('',(0.408081326725,17.602815683325));
#4242 = CARTESIAN_POINT('',(0.413704144921,17.877020789519));
#4243 = CARTESIAN_POINT('',(0.434296032536,18.908697578394));
#4244 = CARTESIAN_POINT('',(0.448657071158,19.683933161117));
#4245 = CARTESIAN_POINT('',(0.462320811445,20.477957832474));
#4246 = CARTESIAN_POINT('',(0.475290714662,21.289377890296));
#4247 = CARTESIAN_POINT('',(0.487567596474,22.117076922692));
#4248 = CARTESIAN_POINT('',(0.499149357579,22.960172432331));
#4249 = CARTESIAN_POINT('',(0.522331081998,24.787636076729));
#4250 = CARTESIAN_POINT('',(0.533739003452,25.77629048072));
#4251 = CARTESIAN_POINT('',(0.544235871975,26.782141785521));
#4252 = CARTESIAN_POINT('',(0.553802074121,27.803593388575));
#4253 = CARTESIAN_POINT('',(0.562417193205,28.83922330573));
#4254 = CARTESIAN_POINT('',(0.570060212809,29.887761505007));
#4255 = CARTESIAN_POINT('',(0.583757476479,32.071876240418));
#4256 = CARTESIAN_POINT('',(0.589689305754,33.208931401079));
#4257 = CARTESIAN_POINT('',(0.594470632591,34.356442796646));
#4258 = CARTESIAN_POINT('',(0.598075333456,35.511783030094));
#4259 = CARTESIAN_POINT('',(0.600485545251,36.672442691752));
#4260 = CARTESIAN_POINT('',(0.601691519041,37.835985053712));
#4261 = CARTESIAN_POINT('',(0.601691519041,40.164437422528));
#4262 = CARTESIAN_POINT('',(0.600484669689,41.328401710042));
#4263 = CARTESIAN_POINT('',(0.598072709404,42.48948026516));
#4264 = CARTESIAN_POINT('',(0.594465400579,43.645233814361));
#4265 = CARTESIAN_POINT('',(0.589680630917,44.79315026188));
#4266 = CARTESIAN_POINT('',(0.583744560098,45.930599310305));
#4267 = CARTESIAN_POINT('',(0.570041765509,48.114786802907));
#4268 = CARTESIAN_POINT('',(0.562398755575,49.163024886573));
#4269 = CARTESIAN_POINT('',(0.553784173971,50.19836100861));
#4270 = CARTESIAN_POINT('',(0.544219023103,51.219524876323));
#4271 = CARTESIAN_POINT('',(0.533723711773,52.225094430625));
#4272 = CARTESIAN_POINT('',(0.522317851143,53.213473282067));
#4273 = CARTESIAN_POINT('',(0.489866171186,55.771531696183));
#4274 = CARTESIAN_POINT('',(0.467333994984,57.307852176704));
#4275 = CARTESIAN_POINT('',(0.44244789092,58.789199849966));
#4276 = CARTESIAN_POINT('',(0.415185232144,60.210045889924));
#4277 = CARTESIAN_POINT('',(0.385490016003,61.561114400445));
#4278 = CARTESIAN_POINT('',(0.353286242696,62.828361020616));
#4279 = CARTESIAN_POINT('',(0.306588448116,64.389236521854));
#4280 = CARTESIAN_POINT('',(0.294382985734,64.77490283668));
#4281 = CARTESIAN_POINT('',(0.28186718424,65.147679476849));
#4282 = CARTESIAN_POINT('',(0.269039554337,65.506589652812));
#4283 = CARTESIAN_POINT('',(0.255898802248,65.850579963497));
#4284 = CARTESIAN_POINT('',(0.242443725196,66.178519326467));
#4285 = CARTESIAN_POINT('',(0.217539067511,66.740392697302));
#4286 = CARTESIAN_POINT('',(0.206196975392,66.980343325278));
#4287 = CARTESIAN_POINT('',(0.194652803468,67.208251251403));
#4288 = CARTESIAN_POINT('',(0.182912610229,67.423337390161));
#4289 = CARTESIAN_POINT('',(0.170982531909,67.624840260843));
#4290 = CARTESIAN_POINT('',(0.158868774686,67.81201413727));
#4291 = CARTESIAN_POINT('',(0.126659262793,68.26304350597));
#4292 = CARTESIAN_POINT('',(0.106246688922,68.502804541374));
#4293 = CARTESIAN_POINT('',(8.543290949023E-02,68.6991305884));
#4294 = CARTESIAN_POINT('',(6.431009732289E-02,68.848777123279));
#4295 = CARTESIAN_POINT('',(4.296961532784E-02,68.949492702158));
#4296 = CARTESIAN_POINT('',(2.150244472349E-02,69.));
#4297 = CARTESIAN_POINT('',(0.,69.));
#4298 = ( GEOMETRIC_REPRESENTATION_CONTEXT(2) 
PARAMETRIC_REPRESENTATION_CONTEXT() REPRESENTATION_CONTEXT('2D SPACE',''
  ) );
#4299 = PCURVE('',#4300,#4305);
#4300 = CYLINDRICAL_SURFACE('',#4301,30.);
#4301 = AXIS2_PLACEMENT_3D('',#4302,#4303,#4304);
#4302 = CARTESIAN_POINT('',(43.692104549907,0.,1.01278E+03));
#4303 = DIRECTION('',(1.,0.,0.));
#4304 = DIRECTION('',(0.,0.,1.));
#4305 = DEFINITIONAL_REPRESENTATION('',(#4306),#4393);
#4306 = B_SPLINE_CURVE_WITH_KNOTS('',7,(#4307,#4308,#4309,#4310,#4311,
    #4312,#4313,#4314,#4315,#4316,#4317,#4318,#4319,#4320,#4321,#4322,
    #4323,#4324,#4325,#4326,#4327,#4328,#4329,#4330,#4331,#4332,#4333,
    #4334,#4335,#4336,#4337,#4338,#4339,#4340,#4341,#4342,#4343,#4344,
    #4345,#4346,#4347,#4348,#4349,#4350,#4351,#4352,#4353,#4354,#4355,
    #4356,#4357,#4358,#4359,#4360,#4361,#4362,#4363,#4364,#4365,#4366,
    #4367,#4368,#4369,#4370,#4371,#4372,#4373,#4374,#4375,#4376,#4377,
    #4378,#4379,#4380,#4381,#4382,#4383,#4384,#4385,#4386,#4387,#4388,
    #4389,#4390,#4391,#4392),.UNSPECIFIED.,.F.,.F.,(8,6,6,6,6,6,6,6,6,6,
    6,6,6,6,8),(0.,6.717130480067E-02,0.108699807735,0.160264652448,
    0.199605316912,0.229420248246,0.310672171539,0.4025199579,
    0.499868642814,0.597252660185,0.689076187288,0.839558406426,
    0.89100175239,0.932595544854,1.),.UNSPECIFIED.);
#4307 = CARTESIAN_POINT('',(3.14159265359,9.307895450093));
#4308 = CARTESIAN_POINT('',(3.179488384071,9.307895450093));
#4309 = CARTESIAN_POINT('',(3.217322693247,9.279444605856));
#4310 = CARTESIAN_POINT('',(3.254995444603,9.222709312691));
#4311 = CARTESIAN_POINT('',(3.292406228282,9.138609656453));
#4312 = CARTESIAN_POINT('',(3.329450011953,9.028810432872));
#4313 = CARTESIAN_POINT('',(3.366012577842,8.895671289218));
#4314 = CARTESIAN_POINT('',(3.424193708496,8.647245510594));
#4315 = CARTESIAN_POINT('',(3.446208073044,8.544464094474));
#4316 = CARTESIAN_POINT('',(3.468007036926,8.434362809965));
#4317 = CARTESIAN_POINT('',(3.489588024002,8.317510656139));
#4318 = CARTESIAN_POINT('',(3.510947642882,8.194490842522));
#4319 = CARTESIAN_POINT('',(3.532081645157,8.065897070519));
#4320 = CARTESIAN_POINT('',(3.578939882471,7.766482882942));
#4321 = CARTESIAN_POINT('',(3.604544052693,7.592936438623));
#4322 = CARTESIAN_POINT('',(3.629811487493,7.412679759314));
#4323 = CARTESIAN_POINT('',(3.654755075341,7.226658529866));
#4324 = CARTESIAN_POINT('',(3.67938690949,7.035772456259));
#4325 = CARTESIAN_POINT('',(3.703718697482,6.84087287931));
#4326 = CARTESIAN_POINT('',(3.746105796373,6.491613282747));
#4327 = CARTESIAN_POINT('',(3.764284229944,6.338574365839));
#4328 = CARTESIAN_POINT('',(3.782304985076,6.183978410992));
#4329 = CARTESIAN_POINT('',(3.800175361478,6.028142786149));
#4330 = CARTESIAN_POINT('',(3.817902561938,5.871367950221));
#4331 = CARTESIAN_POINT('',(3.835493809388,5.713937949435));
#4332 = CARTESIAN_POINT('',(3.866190806958,5.436516831027));
#4333 = CARTESIAN_POINT('',(3.879351248629,5.316691052577));
#4334 = CARTESIAN_POINT('',(3.892440936803,5.196760279198));
#4335 = CARTESIAN_POINT('',(3.905462956186,5.076837620396));
#4336 = CARTESIAN_POINT('',(3.918420328365,4.95703259432));
#4337 = CARTESIAN_POINT('',(3.931316011808,4.837451127757));
#4338 = CARTESIAN_POINT('',(3.97913611193,4.393199182702));
#4339 = CARTESIAN_POINT('',(4.013690118667,4.070556122366));
#4340 = CARTESIAN_POINT('',(4.047866185682,3.752412845837));
#4341 = CARTESIAN_POINT('',(4.081713914873,3.440746649014));
#4342 = CARTESIAN_POINT('',(4.115281794378,3.137399642317));
#4343 = CARTESIAN_POINT('',(4.148617746519,2.844112740013));
#4344 = CARTESIAN_POINT('',(4.219244866368,2.244289914435));
#4345 = CARTESIAN_POINT('',(4.256492638268,1.9409477972));
#4346 = CARTESIAN_POINT('',(4.293550643856,1.655224417591));
#4347 = CARTESIAN_POINT('',(4.330456759954,1.389634047206));
#4348 = CARTESIAN_POINT('',(4.367249740142,1.146494672647));
#4349 = CARTESIAN_POINT('',(4.403969867112,0.927908558692));
#4350 = CARTESIAN_POINT('',(4.479546745084,0.532067975965));
#4351 = CARTESIAN_POINT('',(4.518400678876,0.358067978998));
#4352 = CARTESIAN_POINT('',(4.557222469092,0.216226336613));
#4353 = CARTESIAN_POINT('',(4.59601965685,0.108485473286));
#4354 = CARTESIAN_POINT('',(4.634803743438,3.617925344013E-02));
#4355 = CARTESIAN_POINT('',(4.673588482175,-6.958609474423E-15));
#4356 = CARTESIAN_POINT('',(4.751203561136,-7.252298527953E-15));
#4357 = CARTESIAN_POINT('',(4.790002364045,3.620552039737E-02));
#4358 = CARTESIAN_POINT('',(4.828800517718,0.108564194599));
#4359 = CARTESIAN_POINT('',(4.867611793705,0.216382715718));
#4360 = CARTESIAN_POINT('',(4.906447707501,0.358325323792));
#4361 = CARTESIAN_POINT('',(4.945315807466,0.532446853938));
#4362 = CARTESIAN_POINT('',(5.020897283923,0.928436373569));
#4363 = CARTESIAN_POINT('',(5.057607962585,1.14701572274));
#4364 = CARTESIAN_POINT('',(5.094391582652,1.39013248256));
#4365 = CARTESIAN_POINT('',(5.131288359163,1.655685631749));
#4366 = CARTESIAN_POINT('',(5.168336979322,1.941358515619));
#4367 = CARTESIAN_POINT('',(5.205575254593,2.244638323543));
#4368 = CARTESIAN_POINT('',(5.30444000785,3.084303525052));
#4369 = CARTESIAN_POINT('',(5.366397066217,3.64538928103));
#4370 = CARTESIAN_POINT('',(5.429272943125,4.2358041518));
#4371 = CARTESIAN_POINT('',(5.49341515952,4.844642590639));
#4372 = CARTESIAN_POINT('',(5.559172768963,5.459450198991));
#4373 = CARTESIAN_POINT('',(5.626901079772,6.065018246275));
#4374 = CARTESIAN_POINT('',(5.720953476009,6.840005874842));
#4375 = CARTESIAN_POINT('',(5.745200922512,7.034253868495));
#4376 = CARTESIAN_POINT('',(5.769746296169,7.224518839025));
#4377 = CARTESIAN_POINT('',(5.794601209542,7.409958557159));
#4378 = CARTESIAN_POINT('',(5.819777654197,7.589683036952));
#4379 = CARTESIAN_POINT('',(5.845288403761,7.76275686804));
#4380 = CARTESIAN_POINT('',(5.892055357721,8.0619695124));
#4381 = CARTESIAN_POINT('',(5.913194296765,8.190771351164));
#4382 = CARTESIAN_POINT('',(5.934559113142,8.314005992114));
#4383 = CARTESIAN_POINT('',(5.956145583872,8.431079004547));
#4384 = CARTESIAN_POINT('',(5.977950342893,8.541406320588));
#4385 = CARTESIAN_POINT('',(5.999970839989,8.644417956649));
#4386 = CARTESIAN_POINT('',(6.058237158214,8.893746149296));
#4387 = CARTESIAN_POINT('',(6.094882153443,9.02748763913));
#4388 = CARTESIAN_POINT('',(6.132011355576,9.137798084829));
#4389 = CARTESIAN_POINT('',(6.169509932679,9.222297595807));
#4390 = CARTESIAN_POINT('',(6.207272328086,9.279306414112));
#4391 = CARTESIAN_POINT('',(6.245197654835,9.307895450093));
#4392 = CARTESIAN_POINT('',(6.28318530718,9.307895450093));
#4393 = ( GEOMETRIC_REPRESENTATION_CONTEXT(2) 
PARAMETRIC_REPRESENTATION_CONTEXT() REPRESENTATION_CONTEXT('2D SPACE',''
  ) );
#4394 = ORIENTED_EDGE('',*,*,#4395,.F.);
#4395 = EDGE_CURVE('',#3491,#4119,#4396,.T.);
#4396 = SURFACE_CURVE('',#4397,(#4484,#4574),.PCURVE_S1.);
#4397 = B_SPLINE_CURVE_WITH_KNOTS('',7,(#4398,#4399,#4400,#4401,#4402,
    #4403,#4404,#4405,#4406,#4407,#4408,#4409,#4410,#4411,#4412,#4413,
    #4414,#4415,#4416,#4417,#4418,#4419,#4420,#4421,#4422,#4423,#4424,
    #4425,#4426,#4427,#4428,#4429,#4430,#4431,#4432,#4433,#4434,#4435,
    #4436,#4437,#4438,#4439,#4440,#4441,#4442,#4443,#4444,#4445,#4446,
    #4447,#4448,#4449,#4450,#4451,#4452,#4453,#4454,#4455,#4456,#4457,
    #4458,#4459,#4460,#4461,#4462,#4463,#4464,#4465,#4466,#4467,#4468,
    #4469,#4470,#4471,#4472,#4473,#4474,#4475,#4476,#4477,#4478,#4479,
    #4480,#4481,#4482,#4483),.UNSPECIFIED.,.F.,.F.,(8,6,6,6,6,6,6,6,6,6,
    6,6,6,6,8),(0.,6.717130480067E-02,0.108699807735,0.160264652448,
    0.199605316912,0.229420248246,0.310672171539,0.4025199579,
    0.499868642814,0.597252660185,0.689076187288,0.839558406426,
    0.89100175239,0.932595544854,1.),.UNSPECIFIED.);
#4398 = CARTESIAN_POINT('',(53.,-1.836970198721E-15,982.78));
#4399 = CARTESIAN_POINT('',(53.,1.136871914438,982.78));
#4400 = CARTESIAN_POINT('',(52.971549155763,2.2719012399,982.83026315917
    ));
#4401 = CARTESIAN_POINT('',(52.914813862598,3.399416926595,
    982.93049550997));
#4402 = CARTESIAN_POINT('',(52.83071420636,4.513779743117,
    983.07943212409));
#4403 = CARTESIAN_POINT('',(52.720914982779,5.609439877208,
    983.27484122765));
#4404 = CARTESIAN_POINT('',(52.587775839125,6.680992686791,
    983.51350543733));
#4405 = CARTESIAN_POINT('',(52.339350060501,8.367595003884,
    983.96285184238));
#4406 = CARTESIAN_POINT('',(52.236568644381,9.001313499907,
    984.14958390082));
#4407 = CARTESIAN_POINT('',(52.126467359872,9.623970052569,
    984.35064578967));
#4408 = CARTESIAN_POINT('',(52.009615206046,10.235174026414,
    984.5652929463));
#4409 = CARTESIAN_POINT('',(51.886595392429,10.834562110744,
    984.79276489841));
#4410 = CARTESIAN_POINT('',(51.758001620426,11.421798243055,
    985.03228341402));
#4411 = CARTESIAN_POINT('',(51.458587432849,12.710256821051,
    985.59442170356));
#4412 = CARTESIAN_POINT('',(51.28504098853,13.404864786237,
    985.92319453304));
#4413 = CARTESIAN_POINT('',(51.104784309221,14.080458622248,
    986.26814557465));
#4414 = CARTESIAN_POINT('',(50.918763079773,14.737137016032,
    986.62813101087));
#4415 = CARTESIAN_POINT('',(50.727877006166,15.375035792272,
    987.00208567638));
#4416 = CARTESIAN_POINT('',(50.532977429217,15.994327558407,
    987.38902196257));
#4417 = CARTESIAN_POINT('',(50.183717832654,17.053664716438,
    988.09244525103));
#4418 = CARTESIAN_POINT('',(50.030678915746,17.501464840648,
    988.40393140189));
#4419 = CARTESIAN_POINT('',(49.876082960899,17.938768673227,
    988.72212678784));
#4420 = CARTESIAN_POINT('',(49.720247336056,18.365724903322,
    989.04670067413));
#4421 = CARTESIAN_POINT('',(49.563472500128,18.782484046167,
    989.37735214143));
#4422 = CARTESIAN_POINT('',(49.406042499342,19.189198530988,
    989.71381024935));
#4423 = CARTESIAN_POINT('',(49.128621380934,19.886762193349,
    990.31504234332));
#4424 = CARTESIAN_POINT('',(49.008795602484,20.181819891194,
    990.57744616644));
#4425 = CARTESIAN_POINT('',(48.888864829105,20.471262249721,
    990.84294060669));
#4426 = CARTESIAN_POINT('',(48.768942170303,20.755153315185,
    991.11142752051));
#4427 = CARTESIAN_POINT('',(48.649137144227,21.033554812818,
    991.38281568332));
#4428 = CARTESIAN_POINT('',(48.529555677664,21.306526146822,
    991.65702078951));
#4429 = CARTESIAN_POINT('',(48.085303732609,22.303385606037,
    992.68869757839));
#4430 = CARTESIAN_POINT('',(47.762660672273,22.992895647055,
    993.46393316111));
#4431 = CARTESIAN_POINT('',(47.444517395744,23.643628106537,
    994.25795783247));
#4432 = CARTESIAN_POINT('',(47.132851198921,24.256474172353,
    995.06937789029));
#4433 = CARTESIAN_POINT('',(46.829504192224,24.832216199998,
    995.89707692269));
#4434 = CARTESIAN_POINT('',(46.53621728992,25.371501275447,
    996.74017243233));
#4435 = CARTESIAN_POINT('',(45.936394464341,26.443764154015,
    998.56763607672));
#4436 = CARTESIAN_POINT('',(45.633052347107,26.966866434244,
    999.55629048072));
#4437 = CARTESIAN_POINT('',(45.347328967498,27.444313259137,
    1.000562141786E+03));
#4438 = CARTESIAN_POINT('',(45.081738597113,27.876255102303,
    1.001583593389E+03));
#4439 = CARTESIAN_POINT('',(44.838599222554,28.262768285931,
    1.002619223306E+03));
#4440 = CARTESIAN_POINT('',(44.620013108599,28.603821996203,
    1.003667761505E+03));
#4441 = CARTESIAN_POINT('',(44.224172525872,29.212361935813,
    1.00585187624E+03));
#4442 = CARTESIAN_POINT('',(44.050172528905,29.474225736555,
    1.006988931401E+03));
#4443 = CARTESIAN_POINT('',(43.90833088652,29.684229287529,
    1.008136442797E+03));
#4444 = CARTESIAN_POINT('',(43.800590023193,29.842001404915,
    1.00929178303E+03));
#4445 = CARTESIAN_POINT('',(43.728283803347,29.947308396389,
    1.010452442692E+03));
#4446 = CARTESIAN_POINT('',(43.692104549907,30.,1.011615985054E+03));
#4447 = CARTESIAN_POINT('',(43.692104549907,30.,1.013944437423E+03));
#4448 = CARTESIAN_POINT('',(43.728310070304,29.947270141099,
    1.01510840171E+03));
#4449 = CARTESIAN_POINT('',(43.800668744506,29.841886754923,
    1.016269480265E+03));
#4450 = CARTESIAN_POINT('',(43.908487265625,29.684000290315,
    1.017425233814E+03));
#4451 = CARTESIAN_POINT('',(44.050429873699,29.473844722946,
    1.018573150262E+03));
#4452 = CARTESIAN_POINT('',(44.224551403845,29.211791734225,
    1.01971059931E+03));
#4453 = CARTESIAN_POINT('',(44.620540923476,28.602998976131,
    1.021894786803E+03));
#4454 = CARTESIAN_POINT('',(44.839120272647,28.261941539245,
    1.022943024887E+03));
#4455 = CARTESIAN_POINT('',(45.082237032467,27.875447781096,
    1.023978361009E+03));
#4456 = CARTESIAN_POINT('',(45.347790181656,27.44354847341,
    1.024999524876E+03));
#4457 = CARTESIAN_POINT('',(45.633463065526,26.966167654605,
    1.026005094431E+03));
#4458 = CARTESIAN_POINT('',(45.93674287345,26.443155556964,
    1.026993473282E+03));
#4459 = CARTESIAN_POINT('',(46.776408074959,24.942105043899,
    1.029551531696E+03));
#4460 = CARTESIAN_POINT('',(47.337493830937,23.88761950662,
    1.031087852177E+03));
#4461 = CARTESIAN_POINT('',(47.927908701707,22.707400766704,
    1.03256919985E+03));
#4462 = CARTESIAN_POINT('',(48.536747140546,21.395651148809,
    1.03399004589E+03));
#4463 = CARTESIAN_POINT('',(49.151554748898,19.945016270869,
    1.0353411144E+03));
#4464 = CARTESIAN_POINT('',(49.757122796182,18.347498871453,
    1.036608361021E+03));
#4465 = CARTESIAN_POINT('',(50.532110424749,15.996980719277,
    1.038169236522E+03));
#4466 = CARTESIAN_POINT('',(50.726358418402,15.379882372294,
    1.038554902837E+03));
#4467 = CARTESIAN_POINT('',(50.916623388932,14.744305405488,
    1.038927679477E+03));
#4468 = CARTESIAN_POINT('',(51.102063107065,14.09007822374,
    1.039286589653E+03));
#4469 = CARTESIAN_POINT('',(51.281787586859,13.417065445122,
    1.039630579963E+03));
#4470 = CARTESIAN_POINT('',(51.454861417947,12.725168247569,
    1.039958519326E+03));
#4471 = CARTESIAN_POINT('',(51.754074062306,11.4395821946,
    1.040520392697E+03));
#4472 = CARTESIAN_POINT('',(51.882875901071,10.852362367526,
    1.040760343325E+03));
#4473 = CARTESIAN_POINT('',(52.00611054202,10.252972865995,
    1.040988251251E+03));
#4474 = CARTESIAN_POINT('',(52.123183554454,9.641748538612,
    1.04120333739E+03));
#4475 = CARTESIAN_POINT('',(52.233510870495,9.019051526569,
    1.041404840261E+03));
#4476 = CARTESIAN_POINT('',(52.336522506556,8.385271339294,
    1.041592014137E+03));
#4477 = CARTESIAN_POINT('',(52.585850699203,6.696472960534,
    1.042043043506E+03));
#4478 = CARTESIAN_POINT('',(52.719592189037,5.622624898452,
    1.042282804541E+03));
#4479 = CARTESIAN_POINT('',(52.829902634736,4.52451400979,
    1.042479130588E+03));
#4480 = CARTESIAN_POINT('',(52.914402145714,3.407574976396,
    1.042628777123E+03));
#4481 = CARTESIAN_POINT('',(52.971410964019,2.27738942369,
    1.042729492702E+03));
#4482 = CARTESIAN_POINT('',(53.,1.139629570345,1.04278E+03));
#4483 = CARTESIAN_POINT('',(53.,3.673940397442E-15,1.04278E+03));
#4484 = PCURVE('',#3473,#4485);
#4485 = DEFINITIONAL_REPRESENTATION('',(#4486),#4573);
#4486 = B_SPLINE_CURVE_WITH_KNOTS('',7,(#4487,#4488,#4489,#4490,#4491,
    #4492,#4493,#4494,#4495,#4496,#4497,#4498,#4499,#4500,#4501,#4502,
    #4503,#4504,#4505,#4506,#4507,#4508,#4509,#4510,#4511,#4512,#4513,
    #4514,#4515,#4516,#4517,#4518,#4519,#4520,#4521,#4522,#4523,#4524,
    #4525,#4526,#4527,#4528,#4529,#4530,#4531,#4532,#4533,#4534,#4535,
    #4536,#4537,#4538,#4539,#4540,#4541,#4542,#4543,#4544,#4545,#4546,
    #4547,#4548,#4549,#4550,#4551,#4552,#4553,#4554,#4555,#4556,#4557,
    #4558,#4559,#4560,#4561,#4562,#4563,#4564,#4565,#4566,#4567,#4568,
    #4569,#4570,#4571,#4572),.UNSPECIFIED.,.F.,.F.,(8,6,6,6,6,6,6,6,6,6,
    6,6,6,6,8),(0.,6.717130480067E-02,0.108699807735,0.160264652448,
    0.199605316912,0.229420248246,0.310672171539,0.4025199579,
    0.499868642814,0.597252660185,0.689076187288,0.839558406426,
    0.89100175239,0.932595544854,1.),.UNSPECIFIED.);
#4487 = CARTESIAN_POINT('',(0.,9.));
#4488 = CARTESIAN_POINT('',(2.145041347996E-02,9.));
#4489 = CARTESIAN_POINT('',(4.286606465056E-02,9.050263159178));
#4490 = CARTESIAN_POINT('',(6.415605437947E-02,9.150495509974));
#4491 = CARTESIAN_POINT('',(8.522991030108E-02,9.29943212409));
#4492 = CARTESIAN_POINT('',(0.105996780461,9.494841227655));
#4493 = CARTESIAN_POINT('',(0.126365007941,9.733505437338));
#4494 = CARTESIAN_POINT('',(0.158531044036,10.182851842383));
#4495 = CARTESIAN_POINT('',(0.170642956887,10.369583900828));
#4496 = CARTESIAN_POINT('',(0.182571541009,10.570645789678));
#4497 = CARTESIAN_POINT('',(0.194310574427,10.7852929463));
#4498 = CARTESIAN_POINT('',(0.205853904805,11.012764898411));
#4499 = CARTESIAN_POINT('',(0.217195457027,11.252283414025));
#4500 = CARTESIAN_POINT('',(0.242153765895,11.814421703568));
#4501 = CARTESIAN_POINT('',(0.255660603597,12.14319453305));
#4502 = CARTESIAN_POINT('',(0.268850967465,12.488145574655));
#4503 = CARTESIAN_POINT('',(0.281726057344,12.848131010873));
#4504 = CARTESIAN_POINT('',(0.294287165642,13.222085676384));
#4505 = CARTESIAN_POINT('',(0.306535783601,13.609021962578));
#4506 = CARTESIAN_POINT('',(0.327581576797,14.312445251038));
#4507 = CARTESIAN_POINT('',(0.336509905089,14.623931401891));
#4508 = CARTESIAN_POINT('',(0.345260580956,14.942126787848));
#4509 = CARTESIAN_POINT('',(0.353835410125,15.266700674133));
#4510 = CARTESIAN_POINT('',(0.362236138216,15.597352141436));
#4511 = CARTESIAN_POINT('',(0.3704644734,15.933810249356));
#4512 = CARTESIAN_POINT('',(0.384628712939,16.535042343325));
#4513 = CARTESIAN_POINT('',(0.390637251609,16.797446166448));
#4514 = CARTESIAN_POINT('',(0.396548441106,17.062940606697));
#4515 = CARTESIAN_POINT('',(0.402362935466,17.331427520516));
#4516 = CARTESIAN_POINT('',(0.408081326725,17.602815683325));
#4517 = CARTESIAN_POINT('',(0.413704144921,17.877020789519));
#4518 = CARTESIAN_POINT('',(0.434296032536,18.908697578394));
#4519 = CARTESIAN_POINT('',(0.448657071158,19.683933161117));
#4520 = CARTESIAN_POINT('',(0.462320811445,20.477957832474));
#4521 = CARTESIAN_POINT('',(0.475290714662,21.289377890296));
#4522 = CARTESIAN_POINT('',(0.487567596474,22.117076922692));
#4523 = CARTESIAN_POINT('',(0.499149357579,22.960172432331));
#4524 = CARTESIAN_POINT('',(0.522331081998,24.787636076729));
#4525 = CARTESIAN_POINT('',(0.533739003452,25.77629048072));
#4526 = CARTESIAN_POINT('',(0.544235871975,26.782141785521));
#4527 = CARTESIAN_POINT('',(0.553802074121,27.803593388575));
#4528 = CARTESIAN_POINT('',(0.562417193205,28.83922330573));
#4529 = CARTESIAN_POINT('',(0.570060212809,29.887761505007));
#4530 = CARTESIAN_POINT('',(0.583757476479,32.071876240418));
#4531 = CARTESIAN_POINT('',(0.589689305754,33.208931401079));
#4532 = CARTESIAN_POINT('',(0.594470632591,34.356442796646));
#4533 = CARTESIAN_POINT('',(0.598075333456,35.511783030094));
#4534 = CARTESIAN_POINT('',(0.600485545251,36.672442691752));
#4535 = CARTESIAN_POINT('',(0.601691519041,37.835985053712));
#4536 = CARTESIAN_POINT('',(0.601691519041,40.164437422528));
#4537 = CARTESIAN_POINT('',(0.600484669689,41.328401710042));
#4538 = CARTESIAN_POINT('',(0.598072709404,42.48948026516));
#4539 = CARTESIAN_POINT('',(0.594465400579,43.645233814361));
#4540 = CARTESIAN_POINT('',(0.589680630917,44.79315026188));
#4541 = CARTESIAN_POINT('',(0.583744560098,45.930599310305));
#4542 = CARTESIAN_POINT('',(0.570041765509,48.114786802907));
#4543 = CARTESIAN_POINT('',(0.562398755575,49.163024886573));
#4544 = CARTESIAN_POINT('',(0.553784173971,50.19836100861));
#4545 = CARTESIAN_POINT('',(0.544219023103,51.219524876323));
#4546 = CARTESIAN_POINT('',(0.533723711773,52.225094430625));
#4547 = CARTESIAN_POINT('',(0.522317851143,53.213473282067));
#4548 = CARTESIAN_POINT('',(0.489866171186,55.771531696183));
#4549 = CARTESIAN_POINT('',(0.467333994984,57.307852176704));
#4550 = CARTESIAN_POINT('',(0.44244789092,58.789199849966));
#4551 = CARTESIAN_POINT('',(0.415185232144,60.210045889924));
#4552 = CARTESIAN_POINT('',(0.385490016003,61.561114400445));
#4553 = CARTESIAN_POINT('',(0.353286242696,62.828361020616));
#4554 = CARTESIAN_POINT('',(0.306588448116,64.389236521854));
#4555 = CARTESIAN_POINT('',(0.294382985734,64.77490283668));
#4556 = CARTESIAN_POINT('',(0.28186718424,65.147679476849));
#4557 = CARTESIAN_POINT('',(0.269039554337,65.506589652812));
#4558 = CARTESIAN_POINT('',(0.255898802248,65.850579963497));
#4559 = CARTESIAN_POINT('',(0.242443725196,66.178519326467));
#4560 = CARTESIAN_POINT('',(0.217539067511,66.740392697302));
#4561 = CARTESIAN_POINT('',(0.206196975392,66.980343325278));
#4562 = CARTESIAN_POINT('',(0.194652803468,67.208251251403));
#4563 = CARTESIAN_POINT('',(0.182912610229,67.423337390161));
#4564 = CARTESIAN_POINT('',(0.170982531909,67.624840260843));
#4565 = CARTESIAN_POINT('',(0.158868774686,67.81201413727));
#4566 = CARTESIAN_POINT('',(0.126659262793,68.26304350597));
#4567 = CARTESIAN_POINT('',(0.106246688922,68.502804541374));
#4568 = CARTESIAN_POINT('',(8.543290949023E-02,68.6991305884));
#4569 = CARTESIAN_POINT('',(6.431009732289E-02,68.848777123279));
#4570 = CARTESIAN_POINT('',(4.296961532784E-02,68.949492702158));
#4571 = CARTESIAN_POINT('',(2.150244472349E-02,69.));
#4572 = CARTESIAN_POINT('',(0.,69.));
#4573 = ( GEOMETRIC_REPRESENTATION_CONTEXT(2) 
PARAMETRIC_REPRESENTATION_CONTEXT() REPRESENTATION_CONTEXT('2D SPACE',''
  ) );
#4574 = PCURVE('',#3695,#4575);
#4575 = DEFINITIONAL_REPRESENTATION('',(#4576),#4663);
#4576 = B_SPLINE_CURVE_WITH_KNOTS('',7,(#4577,#4578,#4579,#4580,#4581,
    #4582,#4583,#4584,#4585,#4586,#4587,#4588,#4589,#4590,#4591,#4592,
    #4593,#4594,#4595,#4596,#4597,#4598,#4599,#4600,#4601,#4602,#4603,
    #4604,#4605,#4606,#4607,#4608,#4609,#4610,#4611,#4612,#4613,#4614,
    #4615,#4616,#4617,#4618,#4619,#4620,#4621,#4622,#4623,#4624,#4625,
    #4626,#4627,#4628,#4629,#4630,#4631,#4632,#4633,#4634,#4635,#4636,
    #4637,#4638,#4639,#4640,#4641,#4642,#4643,#4644,#4645,#4646,#4647,
    #4648,#4649,#4650,#4651,#4652,#4653,#4654,#4655,#4656,#4657,#4658,
    #4659,#4660,#4661,#4662),.UNSPECIFIED.,.F.,.F.,(8,6,6,6,6,6,6,6,6,6,
    6,6,6,6,8),(0.,6.717130480067E-02,0.108699807735,0.160264652448,
    0.199605316912,0.229420248246,0.310672171539,0.4025199579,
    0.499868642814,0.597252660185,0.689076187288,0.839558406426,
    0.89100175239,0.932595544854,1.),.UNSPECIFIED.);
#4577 = CARTESIAN_POINT('',(3.14159265359,9.307895450093));
#4578 = CARTESIAN_POINT('',(3.179488384071,9.307895450093));
#4579 = CARTESIAN_POINT('',(3.217322693247,9.279444605856));
#4580 = CARTESIAN_POINT('',(3.254995444603,9.222709312691));
#4581 = CARTESIAN_POINT('',(3.292406228282,9.138609656453));
#4582 = CARTESIAN_POINT('',(3.329450011953,9.028810432872));
#4583 = CARTESIAN_POINT('',(3.366012577842,8.895671289218));
#4584 = CARTESIAN_POINT('',(3.424193708496,8.647245510594));
#4585 = CARTESIAN_POINT('',(3.446208073044,8.544464094474));
#4586 = CARTESIAN_POINT('',(3.468007036926,8.434362809965));
#4587 = CARTESIAN_POINT('',(3.489588024002,8.317510656139));
#4588 = CARTESIAN_POINT('',(3.510947642882,8.194490842522));
#4589 = CARTESIAN_POINT('',(3.532081645157,8.065897070519));
#4590 = CARTESIAN_POINT('',(3.578939882471,7.766482882942));
#4591 = CARTESIAN_POINT('',(3.604544052693,7.592936438623));
#4592 = CARTESIAN_POINT('',(3.629811487493,7.412679759314));
#4593 = CARTESIAN_POINT('',(3.654755075341,7.226658529866));
#4594 = CARTESIAN_POINT('',(3.67938690949,7.035772456259));
#4595 = CARTESIAN_POINT('',(3.703718697482,6.84087287931));
#4596 = CARTESIAN_POINT('',(3.746105796373,6.491613282747));
#4597 = CARTESIAN_POINT('',(3.764284229944,6.338574365839));
#4598 = CARTESIAN_POINT('',(3.782304985076,6.183978410992));
#4599 = CARTESIAN_POINT('',(3.800175361478,6.028142786149));
#4600 = CARTESIAN_POINT('',(3.817902561938,5.871367950221));
#4601 = CARTESIAN_POINT('',(3.835493809388,5.713937949435));
#4602 = CARTESIAN_POINT('',(3.866190806958,5.436516831027));
#4603 = CARTESIAN_POINT('',(3.879351248629,5.316691052577));
#4604 = CARTESIAN_POINT('',(3.892440936803,5.196760279198));
#4605 = CARTESIAN_POINT('',(3.905462956186,5.076837620396));
#4606 = CARTESIAN_POINT('',(3.918420328365,4.95703259432));
#4607 = CARTESIAN_POINT('',(3.931316011808,4.837451127757));
#4608 = CARTESIAN_POINT('',(3.97913611193,4.393199182702));
#4609 = CARTESIAN_POINT('',(4.013690118667,4.070556122366));
#4610 = CARTESIAN_POINT('',(4.047866185682,3.752412845837));
#4611 = CARTESIAN_POINT('',(4.081713914873,3.440746649014));
#4612 = CARTESIAN_POINT('',(4.115281794378,3.137399642317));
#4613 = CARTESIAN_POINT('',(4.148617746519,2.844112740013));
#4614 = CARTESIAN_POINT('',(4.219244866368,2.244289914435));
#4615 = CARTESIAN_POINT('',(4.256492638268,1.9409477972));
#4616 = CARTESIAN_POINT('',(4.293550643856,1.655224417591));
#4617 = CARTESIAN_POINT('',(4.330456759954,1.389634047206));
#4618 = CARTESIAN_POINT('',(4.367249740142,1.146494672647));
#4619 = CARTESIAN_POINT('',(4.403969867112,0.927908558692));
#4620 = CARTESIAN_POINT('',(4.479546745084,0.532067975965));
#4621 = CARTESIAN_POINT('',(4.518400678876,0.358067978998));
#4622 = CARTESIAN_POINT('',(4.557222469092,0.216226336613));
#4623 = CARTESIAN_POINT('',(4.59601965685,0.108485473286));
#4624 = CARTESIAN_POINT('',(4.634803743438,3.617925344013E-02));
#4625 = CARTESIAN_POINT('',(4.673588482175,-6.958609474423E-15));
#4626 = CARTESIAN_POINT('',(4.751203561136,-7.252298527953E-15));
#4627 = CARTESIAN_POINT('',(4.790002364045,3.620552039737E-02));
#4628 = CARTESIAN_POINT('',(4.828800517718,0.108564194599));
#4629 = CARTESIAN_POINT('',(4.867611793705,0.216382715718));
#4630 = CARTESIAN_POINT('',(4.906447707501,0.358325323792));
#4631 = CARTESIAN_POINT('',(4.945315807466,0.532446853938));
#4632 = CARTESIAN_POINT('',(5.020897283923,0.928436373569));
#4633 = CARTESIAN_POINT('',(5.057607962585,1.14701572274));
#4634 = CARTESIAN_POINT('',(5.094391582652,1.39013248256));
#4635 = CARTESIAN_POINT('',(5.131288359163,1.655685631749));
#4636 = CARTESIAN_POINT('',(5.168336979322,1.941358515619));
#4637 = CARTESIAN_POINT('',(5.205575254593,2.244638323543));
#4638 = CARTESIAN_POINT('',(5.30444000785,3.084303525052));
#4639 = CARTESIAN_POINT('',(5.366397066217,3.64538928103));
#4640 = CARTESIAN_POINT('',(5.429272943125,4.2358041518));
#4641 = CARTESIAN_POINT('',(5.49341515952,4.844642590639));
#4642 = CARTESIAN_POINT('',(5.559172768963,5.459450198991));
#4643 = CARTESIAN_POINT('',(5.626901079772,6.065018246275));
#4644 = CARTESIAN_POINT('',(5.720953476009,6.840005874842));
#4645 = CARTESIAN_POINT('',(5.745200922512,7.034253868495));
#4646 = CARTESIAN_POINT('',(5.769746296169,7.224518839025));
#4647 = CARTESIAN_POINT('',(5.794601209542,7.409958557159));
#4648 = CARTESIAN_POINT('',(5.819777654197,7.589683036952));
#4649 = CARTESIAN_POINT('',(5.845288403761,7.76275686804));
#4650 = CARTESIAN_POINT('',(5.892055357721,8.0619695124));
#4651 = CARTESIAN_POINT('',(5.913194296765,8.190771351164));
#4652 = CARTESIAN_POINT('',(5.934559113142,8.314005992114));
#4653 = CARTESIAN_POINT('',(5.956145583872,8.431079004547));
#4654 = CARTESIAN_POINT('',(5.977950342893,8.541406320588));
#4655 = CARTESIAN_POINT('',(5.999970839989,8.644417956649));
#4656 = CARTESIAN_POINT('',(6.058237158214,8.893746149296));
#4657 = CARTESIAN_POINT('',(6.094882153443,9.02748763913));
#4658 = CARTESIAN_POINT('',(6.132011355576,9.137798084829));
#4659 = CARTESIAN_POINT('',(6.169509932679,9.222297595807));
#4660 = CARTESIAN_POINT('',(6.207272328086,9.279306414112));
#4661 = CARTESIAN_POINT('',(6.245197654835,9.307895450093));
#4662 = CARTESIAN_POINT('',(6.28318530718,9.307895450093));
#4663 = ( GEOMETRIC_REPRESENTATION_CONTEXT(2) 
PARAMETRIC_REPRESENTATION_CONTEXT() REPRESENTATION_CONTEXT('2D SPACE',''
  ) );
#4664 = ORIENTED_EDGE('',*,*,#3490,.F.);
#4665 = FACE_BOUND('',#4666,.T.);
#4666 = EDGE_LOOP('',(#4667,#5121,#5686));
#4667 = ORIENTED_EDGE('',*,*,#4668,.T.);
#4668 = EDGE_CURVE('',#4669,#4671,#4673,.T.);
#4669 = VERTEX_POINT('',#4670);
#4670 = CARTESIAN_POINT('',(-43.6921045499,30.,1.01278E+03));
#4671 = VERTEX_POINT('',#4672);
#4672 = CARTESIAN_POINT('',(-53.,7.347880794884E-15,1.04278E+03));
#4673 = SURFACE_CURVE('',#4674,(#4857,#5043),.PCURVE_S1.);
#4674 = B_SPLINE_CURVE_WITH_KNOTS('',7,(#4675,#4676,#4677,#4678,#4679,
    #4680,#4681,#4682,#4683,#4684,#4685,#4686,#4687,#4688,#4689,#4690,
    #4691,#4692,#4693,#4694,#4695,#4696,#4697,#4698,#4699,#4700,#4701,
    #4702,#4703,#4704,#4705,#4706,#4707,#4708,#4709,#4710,#4711,#4712,
    #4713,#4714,#4715,#4716,#4717,#4718,#4719,#4720,#4721,#4722,#4723,
    #4724,#4725,#4726,#4727,#4728,#4729,#4730,#4731,#4732,#4733,#4734,
    #4735,#4736,#4737,#4738,#4739,#4740,#4741,#4742,#4743,#4744,#4745,
    #4746,#4747,#4748,#4749,#4750,#4751,#4752,#4753,#4754,#4755,#4756,
    #4757,#4758,#4759,#4760,#4761,#4762,#4763,#4764,#4765,#4766,#4767,
    #4768,#4769,#4770,#4771,#4772,#4773,#4774,#4775,#4776,#4777,#4778,
    #4779,#4780,#4781,#4782,#4783,#4784,#4785,#4786,#4787,#4788,#4789,
    #4790,#4791,#4792,#4793,#4794,#4795,#4796,#4797,#4798,#4799,#4800,
    #4801,#4802,#4803,#4804,#4805,#4806,#4807,#4808,#4809,#4810,#4811,
    #4812,#4813,#4814,#4815,#4816,#4817,#4818,#4819,#4820,#4821,#4822,
    #4823,#4824,#4825,#4826,#4827,#4828,#4829,#4830,#4831,#4832,#4833,
    #4834,#4835,#4836,#4837,#4838,#4839,#4840,#4841,#4842,#4843,#4844,
    #4845,#4846,#4847,#4848,#4849,#4850,#4851,#4852,#4853,#4854,#4855,
    #4856),.UNSPECIFIED.,.T.,.F.,(1,7,6,6,6,6,6,6,6,6,6,6,6,6,6,6,6,6,6,
    6,6,6,6,6,6,6,6,6,6,6,6,7,1),(-3.3718473383E-02,0.,
    3.356617520966E-02,5.431838495472E-02,8.00858554245E-02,
    9.974478047667E-02,0.114643601147,0.155246003371,0.201143264803,
    0.249789380498,0.298453152175,0.34433829059,0.419535767124,
    0.445242523864,0.466027359778,0.477219802409,0.499734591819,
    0.522219555413,0.533360822239,0.554135082554,0.579929932642,
    0.599609746583,0.614524398222,0.655169944266,0.701115974972,
    0.74981378035,0.798529260472,0.844463154846,0.919740533608,
    0.945474605456,0.966281526617,1.,1.03356617521),.UNSPECIFIED.);
#4675 = CARTESIAN_POINT('',(-53.,7.105427357601E-15,1.04278E+03));
#4676 = CARTESIAN_POINT('',(-53.,-1.136871914826,1.04278E+03));
#4677 = CARTESIAN_POINT('',(-52.97154915574,-2.271901239992,
    1.042729736841E+03));
#4678 = CARTESIAN_POINT('',(-52.9148138626,-3.399416926339,
    1.04262950449E+03));
#4679 = CARTESIAN_POINT('',(-52.83071420639,-4.513779742819,
    1.042480567876E+03));
#4680 = CARTESIAN_POINT('',(-52.72091498279,-5.609439877196,
    1.042285158772E+03));
#4681 = CARTESIAN_POINT('',(-52.58777583908,-6.680992687077,
    1.042046494563E+03));
#4682 = CARTESIAN_POINT('',(-52.3393500605,-8.367595003884,
    1.041597148158E+03));
#4683 = CARTESIAN_POINT('',(-52.23656864438,-9.001313499908,
    1.041410416099E+03));
#4684 = CARTESIAN_POINT('',(-52.12646735987,-9.623970052571,
    1.04120935421E+03));
#4685 = CARTESIAN_POINT('',(-52.00961520604,-10.23517402641,
    1.040994707054E+03));
#4686 = CARTESIAN_POINT('',(-51.88659539242,-10.83456211074,
    1.040767235102E+03));
#4687 = CARTESIAN_POINT('',(-51.75800162042,-11.42179824305,
    1.040527716586E+03));
#4688 = CARTESIAN_POINT('',(-51.45858743284,-12.71025682108,
    1.039965578296E+03));
#4689 = CARTESIAN_POINT('',(-51.28504098852,-13.40486478624,
    1.039636805467E+03));
#4690 = CARTESIAN_POINT('',(-51.10478430922,-14.08045862222,
    1.039291854425E+03));
#4691 = CARTESIAN_POINT('',(-50.91876307978,-14.737137016,
    1.038931868989E+03));
#4692 = CARTESIAN_POINT('',(-50.72787700616,-15.37503579227,
    1.038557914324E+03));
#4693 = CARTESIAN_POINT('',(-50.5329774292,-15.99432755843,
    1.038170978037E+03));
#4694 = CARTESIAN_POINT('',(-50.1837178315,-17.05366471991,
    1.037467554747E+03));
#4695 = CARTESIAN_POINT('',(-50.0306789156,-17.50146484088,
    1.037156068598E+03));
#4696 = CARTESIAN_POINT('',(-49.87608296181,-17.93876867053,
    1.036837873214E+03));
#4697 = CARTESIAN_POINT('',(-49.72024733699,-18.36572490087,
    1.036513299328E+03));
#4698 = CARTESIAN_POINT('',(-49.56347250001,-18.78248404664,
    1.036182647858E+03));
#4699 = CARTESIAN_POINT('',(-49.40604249816,-19.18919853395,
    1.035846189748E+03));
#4700 = CARTESIAN_POINT('',(-49.12862138093,-19.88676219334,
    1.035244957657E+03));
#4701 = CARTESIAN_POINT('',(-49.00879560248,-20.18181989119,
    1.034982553834E+03));
#4702 = CARTESIAN_POINT('',(-48.8888648291,-20.47126224972,
    1.034717059393E+03));
#4703 = CARTESIAN_POINT('',(-48.7689421703,-20.75515331518,
    1.034448572479E+03));
#4704 = CARTESIAN_POINT('',(-48.64913714422,-21.03355481281,
    1.034177184317E+03));
#4705 = CARTESIAN_POINT('',(-48.52955567766,-21.30652614682,
    1.03390297921E+03));
#4706 = CARTESIAN_POINT('',(-48.0853037326,-22.30338560604,
    1.032871302422E+03));
#4707 = CARTESIAN_POINT('',(-47.76266067227,-22.99289564705,
    1.032096066839E+03));
#4708 = CARTESIAN_POINT('',(-47.44451739574,-23.64362810653,
    1.031302042168E+03));
#4709 = CARTESIAN_POINT('',(-47.13285119892,-24.25647417235,
    1.03049062211E+03));
#4710 = CARTESIAN_POINT('',(-46.82950419222,-24.83221619999,
    1.029662923077E+03));
#4711 = CARTESIAN_POINT('',(-46.53621728991,-25.37150127544,
    1.028819827568E+03));
#4712 = CARTESIAN_POINT('',(-45.93639446434,-26.44376415401,
    1.026992363923E+03));
#4713 = CARTESIAN_POINT('',(-45.6330523471,-26.96686643424,
    1.026003709519E+03));
#4714 = CARTESIAN_POINT('',(-45.3473289675,-27.44431325913,
    1.024997858214E+03));
#4715 = CARTESIAN_POINT('',(-45.08173859711,-27.87625510229,
    1.023976406611E+03));
#4716 = CARTESIAN_POINT('',(-44.83859922255,-28.26276828592,
    1.022940776694E+03));
#4717 = CARTESIAN_POINT('',(-44.6200131086,-28.6038219962,
    1.021892238495E+03));
#4718 = CARTESIAN_POINT('',(-44.22417252587,-29.21236193581,
    1.01970812376E+03));
#4719 = CARTESIAN_POINT('',(-44.0501725289,-29.47422573655,
    1.018571068599E+03));
#4720 = CARTESIAN_POINT('',(-43.90833088652,-29.68422928752,
    1.017423557203E+03));
#4721 = CARTESIAN_POINT('',(-43.80059002319,-29.84200140491,
    1.01626821697E+03));
#4722 = CARTESIAN_POINT('',(-43.72828380334,-29.94730839639,
    1.015107557308E+03));
#4723 = CARTESIAN_POINT('',(-43.6921045499,-30.,1.013944014946E+03));
#4724 = CARTESIAN_POINT('',(-43.6921045499,-30.,1.011615562577E+03));
#4725 = CARTESIAN_POINT('',(-43.7283100703,-29.9472701411,
    1.01045159829E+03));
#4726 = CARTESIAN_POINT('',(-43.8006687445,-29.84188675492,
    1.009290519735E+03));
#4727 = CARTESIAN_POINT('',(-43.90848726562,-29.68400029031,
    1.008134766186E+03));
#4728 = CARTESIAN_POINT('',(-44.05042987369,-29.47384472294,
    1.006986849738E+03));
#4729 = CARTESIAN_POINT('',(-44.22455140384,-29.21179173422,
    1.00584940069E+03));
#4730 = CARTESIAN_POINT('',(-44.6205409217,-28.60299897885,
    1.003665213207E+03));
#4731 = CARTESIAN_POINT('',(-44.8391202755,-28.26194153439,
    1.002616975103E+03));
#4732 = CARTESIAN_POINT('',(-45.0822370341,-27.87544777856,
    1.001581638983E+03));
#4733 = CARTESIAN_POINT('',(-45.34779017901,-27.44354847809,
    1.000560475132E+03));
#4734 = CARTESIAN_POINT('',(-45.63346306293,-26.96616765893,
    999.55490557994));
#4735 = CARTESIAN_POINT('',(-45.9367428767,-26.44315555115,
    998.56652670803));
#4736 = CARTESIAN_POINT('',(-46.77640807496,-24.94210504389,
    996.00846830381));
#4737 = CARTESIAN_POINT('',(-47.33749383092,-23.88761950663,
    994.47214782332));
#4738 = CARTESIAN_POINT('',(-47.92790870172,-22.70740076665,
    992.99080014997));
#4739 = CARTESIAN_POINT('',(-48.53674714052,-21.39565114885,
    991.56995411012));
#4740 = CARTESIAN_POINT('',(-49.1515547489,-19.94501627084,
    990.21888559952));
#4741 = CARTESIAN_POINT('',(-49.75712279618,-18.34749887145,
    988.95163897938));
#4742 = CARTESIAN_POINT('',(-50.53211042475,-15.99698071927,
    987.39076347814));
#4743 = CARTESIAN_POINT('',(-50.7263584184,-15.37988237228,
    987.00509716331));
#4744 = CARTESIAN_POINT('',(-50.91662338893,-14.74430540547,
    986.63232052314));
#4745 = CARTESIAN_POINT('',(-51.10206310706,-14.09007822373,
    986.27341034718));
#4746 = CARTESIAN_POINT('',(-51.28178758686,-13.41706544511,
    985.92942003649));
#4747 = CARTESIAN_POINT('',(-51.45486141795,-12.72516824755,
    985.60148067352));
#4748 = CARTESIAN_POINT('',(-51.75407406231,-11.43958219458,
    985.03960730269));
#4749 = CARTESIAN_POINT('',(-51.88287590107,-10.85236236751,
    984.79965667471));
#4750 = CARTESIAN_POINT('',(-52.00611054202,-10.25297286598,
    984.57174874859));
#4751 = CARTESIAN_POINT('',(-52.12318355445,-9.641748538597,
    984.35666260983));
#4752 = CARTESIAN_POINT('',(-52.23351087049,-9.019051526551,
    984.15515973915));
#4753 = CARTESIAN_POINT('',(-52.33652250656,-8.385271339272,
    983.96798586272));
#4754 = CARTESIAN_POINT('',(-52.48290033275,-7.393796476585,
    983.70319150537));
#4755 = CARTESIAN_POINT('',(-52.53184621548,-7.043721284336,
    983.61488981997));
#4756 = CARTESIAN_POINT('',(-52.57840799561,-6.690737220891,
    983.53109880126));
#4757 = CARTESIAN_POINT('',(-52.6224950672,-6.334984326435,
    983.4519419925));
#4758 = CARTESIAN_POINT('',(-52.66402215578,-5.976604813779,
    983.37753542523));
#4759 = CARTESIAN_POINT('',(-52.70290931831,-5.615743068362,
    983.30798761925));
#4760 = CARTESIAN_POINT('',(-52.81184702754,-4.521935387571,
    983.11347387385));
#4761 = CARTESIAN_POINT('',(-52.87365292546,-3.781623901082,
    983.00357397419));
#4762 = CARTESIAN_POINT('',(-52.9238148382,-3.033456912408,
    982.91466604975));
#4763 = CARTESIAN_POINT('',(-52.96180513323,-2.279309619989,
    982.84747759612));
#4764 = CARTESIAN_POINT('',(-52.98726307196,-1.521078149505,
    982.80250190698));
#4765 = CARTESIAN_POINT('',(-53.,-0.760670930902,982.78));
#4766 = CARTESIAN_POINT('',(-53.,0.759663254054,982.78));
#4767 = CARTESIAN_POINT('',(-52.98729679535,1.519063079011,
    982.80244232899));
#4768 = CARTESIAN_POINT('',(-52.96190626522,2.276295030153,
    982.84729892963));
#4769 = CARTESIAN_POINT('',(-52.92401611215,3.029458231853,
    982.91431008359));
#4770 = CARTESIAN_POINT('',(-52.87398521573,3.776664022753,
    983.00298501986));
#4771 = CARTESIAN_POINT('',(-52.81233848472,4.516044521386,
    983.11260000003));
#4772 = CARTESIAN_POINT('',(-52.70379329064,5.607334623912,
    983.30640746017));
#4773 = CARTESIAN_POINT('',(-52.665138571,5.966596301437,983.37553698487
    ));
#4774 = CARTESIAN_POINT('',(-52.62386658327,6.323401333782,
    983.44948289648));
#4775 = CARTESIAN_POINT('',(-52.58005611605,6.67760701879,983.5281382331
    ));
#4776 = CARTESIAN_POINT('',(-52.53379121224,7.029072763174,
    983.61138862907));
#4777 = CARTESIAN_POINT('',(-52.4851611691,7.37766008252,983.69911231491
    ));
#4778 = CARTESIAN_POINT('',(-52.33935006047,8.367595004087,
    983.96285184243));
#4779 = CARTESIAN_POINT('',(-52.23656864437,9.00131349992,
    984.14958390084));
#4780 = CARTESIAN_POINT('',(-52.12646735989,9.623970052411,
    984.35064578963));
#4781 = CARTESIAN_POINT('',(-52.00961520607,10.235174026275,
    984.56529294624));
#4782 = CARTESIAN_POINT('',(-51.88659539242,10.834562110789,
    984.79276489841));
#4783 = CARTESIAN_POINT('',(-51.75800162038,11.421798243256,
    985.03228341411));
#4784 = CARTESIAN_POINT('',(-51.45858743284,12.710256821053,
    985.59442170356));
#4785 = CARTESIAN_POINT('',(-51.28504098852,13.404864786238,
    985.92319453305));
#4786 = CARTESIAN_POINT('',(-51.10478430922,14.08045862225,
    986.26814557465));
#4787 = CARTESIAN_POINT('',(-50.91876307977,14.737137016034,
    986.62813101087));
#4788 = CARTESIAN_POINT('',(-50.72787700616,15.375035792275,
    987.00208567638));
#4789 = CARTESIAN_POINT('',(-50.53297742921,15.99432755841,
    987.38902196258));
#4790 = CARTESIAN_POINT('',(-50.1837178315,17.053664719915,
    988.09244525334));
#4791 = CARTESIAN_POINT('',(-50.03067891559,17.501464840891,
    988.40393140225));
#4792 = CARTESIAN_POINT('',(-49.87608296181,17.938768670537,
    988.72212678598));
#4793 = CARTESIAN_POINT('',(-49.72024733699,18.365724900878,
    989.04670067211));
#4794 = CARTESIAN_POINT('',(-49.56347250001,18.782484046649,
    989.37735214162));
#4795 = CARTESIAN_POINT('',(-49.40604249816,19.189198533952,
    989.71381025191));
#4796 = CARTESIAN_POINT('',(-49.12862138093,19.886762193352,
    990.31504234332));
#4797 = CARTESIAN_POINT('',(-49.00879560248,20.181819891197,
    990.57744616645));
#4798 = CARTESIAN_POINT('',(-48.8888648291,20.471262249724,
    990.8429406067));
#4799 = CARTESIAN_POINT('',(-48.7689421703,20.755153315189,
    991.11142752051));
#4800 = CARTESIAN_POINT('',(-48.64913714422,21.033554812821,
    991.38281568332));
#4801 = CARTESIAN_POINT('',(-48.52955567766,21.306526146825,
    991.65702078952));
#4802 = CARTESIAN_POINT('',(-48.08530372364,22.303385626154,
    992.68869759921));
#4803 = CARTESIAN_POINT('',(-47.76266068068,22.992895630321,
    993.4639331384));
#4804 = CARTESIAN_POINT('',(-47.44451740289,23.643628090652,
    994.25795781573));
#4805 = CARTESIAN_POINT('',(-47.13285119249,24.256474183964,
    995.06937790951));
#4806 = CARTESIAN_POINT('',(-46.82950418364,24.83221621766,
    995.89707694492));
#4807 = CARTESIAN_POINT('',(-46.53621729784,25.371501261275,
    996.74017240817));
#4808 = CARTESIAN_POINT('',(-45.93639446108,26.443764159844,
    998.56763608666));
#4809 = CARTESIAN_POINT('',(-45.63305234971,26.966866429893,
    999.55629047013));
#4810 = CARTESIAN_POINT('',(-45.34732897014,27.444313254448,
    1.000562141777E+03));
#4811 = CARTESIAN_POINT('',(-45.08173859546,27.876255104868,
    1.001583593397E+03));
#4812 = CARTESIAN_POINT('',(-44.83859921968,28.26276829081,
    1.002619223317E+03));
#4813 = CARTESIAN_POINT('',(-44.62001311039,28.60382199345,
    1.003667761495E+03));
#4814 = CARTESIAN_POINT('',(-44.22417252586,29.212361935817,
    1.00585187624E+03));
#4815 = CARTESIAN_POINT('',(-44.0501725289,29.474225736556,
    1.006988931401E+03));
#4816 = CARTESIAN_POINT('',(-43.90833088652,29.68422928753,
    1.008136442797E+03));
#4817 = CARTESIAN_POINT('',(-43.80059002319,29.842001404916,
    1.00929178303E+03));
#4818 = CARTESIAN_POINT('',(-43.72828380334,29.94730839639,
    1.010452442692E+03));
#4819 = CARTESIAN_POINT('',(-43.6921045499,30.,1.011615985054E+03));
#4820 = CARTESIAN_POINT('',(-43.6921045499,30.,1.013944437423E+03));
#4821 = CARTESIAN_POINT('',(-43.7283100703,29.9472701411,
    1.01510840171E+03));
#4822 = CARTESIAN_POINT('',(-43.8006687445,29.841886754922,
    1.016269480265E+03));
#4823 = CARTESIAN_POINT('',(-43.90848726562,29.684000290315,
    1.017425233814E+03));
#4824 = CARTESIAN_POINT('',(-44.05042987369,29.473844722946,
    1.018573150262E+03));
#4825 = CARTESIAN_POINT('',(-44.22455140384,29.211791734225,
    1.01971059931E+03));
#4826 = CARTESIAN_POINT('',(-44.62054092168,28.602998978886,
    1.021894786793E+03));
#4827 = CARTESIAN_POINT('',(-44.83912027549,28.261941534407,
    1.022943024897E+03));
#4828 = CARTESIAN_POINT('',(-45.08223703411,27.875447778534,
    1.023978361017E+03));
#4829 = CARTESIAN_POINT('',(-45.34779017903,27.443548478047,
    1.024999524868E+03));
#4830 = CARTESIAN_POINT('',(-45.63346306293,26.966167658931,
    1.02600509442E+03));
#4831 = CARTESIAN_POINT('',(-45.93674287666,26.443155551214,
    1.026993473292E+03));
#4832 = CARTESIAN_POINT('',(-46.77640807496,24.942105043894,
    1.029551531696E+03));
#4833 = CARTESIAN_POINT('',(-47.33749383092,23.887619506657,
    1.031087852177E+03));
#4834 = CARTESIAN_POINT('',(-47.92790870173,22.707400766626,
    1.03256919985E+03));
#4835 = CARTESIAN_POINT('',(-48.53674714051,21.395651148896,
    1.03399004589E+03));
#4836 = CARTESIAN_POINT('',(-49.15155474891,19.945016270828,
    1.0353411144E+03));
#4837 = CARTESIAN_POINT('',(-49.75712279617,18.347498871469,
    1.036608361021E+03));
#4838 = CARTESIAN_POINT('',(-50.53211042475,15.996980719255,
    1.038169236522E+03));
#4839 = CARTESIAN_POINT('',(-50.7263584184,15.379882372293,
    1.038554902837E+03));
#4840 = CARTESIAN_POINT('',(-50.91662338892,14.744305405514,
    1.038927679477E+03));
#4841 = CARTESIAN_POINT('',(-51.10206310705,14.090078223768,
    1.039286589653E+03));
#4842 = CARTESIAN_POINT('',(-51.28178758686,13.417065445123,
    1.039630579963E+03));
#4843 = CARTESIAN_POINT('',(-51.45486141795,12.725168247539,
    1.039958519326E+03));
#4844 = CARTESIAN_POINT('',(-51.7540740623,11.439582194604,
    1.040520392697E+03));
#4845 = CARTESIAN_POINT('',(-51.88287590107,10.852362367531,
    1.040760343325E+03));
#4846 = CARTESIAN_POINT('',(-52.00611054201,10.252972866001,
    1.040988251251E+03));
#4847 = CARTESIAN_POINT('',(-52.12318355445,9.641748538618,
    1.04120333739E+03));
#4848 = CARTESIAN_POINT('',(-52.23351087049,9.019051526574,
    1.041404840261E+03));
#4849 = CARTESIAN_POINT('',(-52.33652250655,8.385271339299,
    1.041592014137E+03));
#4850 = CARTESIAN_POINT('',(-52.5858506992,6.696472960541,
    1.042043043506E+03));
#4851 = CARTESIAN_POINT('',(-52.71959218903,5.622624898456,
    1.042282804541E+03));
#4852 = CARTESIAN_POINT('',(-52.82990263473,4.524514009792,
    1.042479130588E+03));
#4853 = CARTESIAN_POINT('',(-52.91440214571,3.407574976398,
    1.042628777123E+03));
#4854 = CARTESIAN_POINT('',(-52.97141096401,2.277389423692,
    1.042729492702E+03));
#4855 = CARTESIAN_POINT('',(-53.,1.139629570348,1.04278E+03));
#4856 = CARTESIAN_POINT('',(-53.,7.105427357601E-15,1.04278E+03));
#4857 = PCURVE('',#3473,#4858);
#4858 = DEFINITIONAL_REPRESENTATION('',(#4859),#5042);
#4859 = B_SPLINE_CURVE_WITH_KNOTS('',7,(#4860,#4861,#4862,#4863,#4864,
    #4865,#4866,#4867,#4868,#4869,#4870,#4871,#4872,#4873,#4874,#4875,
    #4876,#4877,#4878,#4879,#4880,#4881,#4882,#4883,#4884,#4885,#4886,
    #4887,#4888,#4889,#4890,#4891,#4892,#4893,#4894,#4895,#4896,#4897,
    #4898,#4899,#4900,#4901,#4902,#4903,#4904,#4905,#4906,#4907,#4908,
    #4909,#4910,#4911,#4912,#4913,#4914,#4915,#4916,#4917,#4918,#4919,
    #4920,#4921,#4922,#4923,#4924,#4925,#4926,#4927,#4928,#4929,#4930,
    #4931,#4932,#4933,#4934,#4935,#4936,#4937,#4938,#4939,#4940,#4941,
    #4942,#4943,#4944,#4945,#4946,#4947,#4948,#4949,#4950,#4951,#4952,
    #4953,#4954,#4955,#4956,#4957,#4958,#4959,#4960,#4961,#4962,#4963,
    #4964,#4965,#4966,#4967,#4968,#4969,#4970,#4971,#4972,#4973,#4974,
    #4975,#4976,#4977,#4978,#4979,#4980,#4981,#4982,#4983,#4984,#4985,
    #4986,#4987,#4988,#4989,#4990,#4991,#4992,#4993,#4994,#4995,#4996,
    #4997,#4998,#4999,#5000,#5001,#5002,#5003,#5004,#5005,#5006,#5007,
    #5008,#5009,#5010,#5011,#5012,#5013,#5014,#5015,#5016,#5017,#5018,
    #5019,#5020,#5021,#5022,#5023,#5024,#5025,#5026,#5027,#5028,#5029,
    #5030,#5031,#5032,#5033,#5034,#5035,#5036,#5037,#5038,#5039,#5040,
    #5041),.UNSPECIFIED.,.T.,.F.,(1,7,6,6,6,6,6,6,6,6,6,6,6,6,6,6,6,6,6,
    6,6,6,6,6,6,6,6,6,6,6,6,7,1),(-3.3718473383E-02,0.,
    3.356617520966E-02,5.431838495472E-02,8.00858554245E-02,
    9.974478047667E-02,0.114643601147,0.155246003371,0.201143264803,
    0.249789380498,0.298453152175,0.34433829059,0.419535767124,
    0.445242523864,0.466027359778,0.477219802409,0.499734591819,
    0.522219555413,0.533360822239,0.554135082554,0.579929932642,
    0.599609746583,0.614524398222,0.655169944266,0.701115974972,
    0.74981378035,0.798529260472,0.844463154846,0.919740533608,
    0.945474605456,0.966281526617,1.,1.03356617521),.UNSPECIFIED.);
#4860 = CARTESIAN_POINT('',(3.14159265359,69.));
#4861 = CARTESIAN_POINT('',(3.163043067077,69.));
#4862 = CARTESIAN_POINT('',(3.184458718242,68.949736840787));
#4863 = CARTESIAN_POINT('',(3.205748707964,68.849504490033));
#4864 = CARTESIAN_POINT('',(3.226822563885,68.700567875971));
#4865 = CARTESIAN_POINT('',(3.24758943405,68.505158772374));
#4866 = CARTESIAN_POINT('',(3.267957661536,68.266494562586));
#4867 = CARTESIAN_POINT('',(3.300123697626,67.817148157617));
#4868 = CARTESIAN_POINT('',(3.312235610477,67.630416099172));
#4869 = CARTESIAN_POINT('',(3.324164194598,67.429354210322));
#4870 = CARTESIAN_POINT('',(3.335903228017,67.2147070537));
#4871 = CARTESIAN_POINT('',(3.347446558394,66.987235101589));
#4872 = CARTESIAN_POINT('',(3.358788110617,66.747716585975));
#4873 = CARTESIAN_POINT('',(3.383746419485,66.185578296416));
#4874 = CARTESIAN_POINT('',(3.397253257187,65.856805466946));
#4875 = CARTESIAN_POINT('',(3.410443621054,65.511854425357));
#4876 = CARTESIAN_POINT('',(3.423318710933,65.151868989142));
#4877 = CARTESIAN_POINT('',(3.435879819231,64.777914323617));
#4878 = CARTESIAN_POINT('',(3.448128437192,64.390978037404));
#4879 = CARTESIAN_POINT('',(3.469174230456,63.687554746656));
#4880 = CARTESIAN_POINT('',(3.478102558684,63.376068597754));
#4881 = CARTESIAN_POINT('',(3.486853234492,63.057873214019));
#4882 = CARTESIAN_POINT('',(3.495428063665,62.733299327884));
#4883 = CARTESIAN_POINT('',(3.503828791815,62.402647858377));
#4884 = CARTESIAN_POINT('',(3.51205712705,62.066189748091));
#4885 = CARTESIAN_POINT('',(3.526221366529,61.464957656675));
#4886 = CARTESIAN_POINT('',(3.532229905199,61.202553833552));
#4887 = CARTESIAN_POINT('',(3.538141094696,60.937059393303));
#4888 = CARTESIAN_POINT('',(3.543955589056,60.668572479484));
#4889 = CARTESIAN_POINT('',(3.549673980315,60.397184316675));
#4890 = CARTESIAN_POINT('',(3.555296798511,60.122979210482));
#4891 = CARTESIAN_POINT('',(3.575888686126,59.091302421599));
#4892 = CARTESIAN_POINT('',(3.590249724748,58.31606683888));
#4893 = CARTESIAN_POINT('',(3.603913465035,57.52204216753));
#4894 = CARTESIAN_POINT('',(3.616883368251,56.710622109709));
#4895 = CARTESIAN_POINT('',(3.629160250063,55.88292307731));
#4896 = CARTESIAN_POINT('',(3.640742011168,55.039827567667));
#4897 = CARTESIAN_POINT('',(3.663923735587,53.212363923271));
#4898 = CARTESIAN_POINT('',(3.675331657041,52.223709519283));
#4899 = CARTESIAN_POINT('',(3.685828525565,51.217858214487));
#4900 = CARTESIAN_POINT('',(3.69539472771,50.196406611434));
#4901 = CARTESIAN_POINT('',(3.704009846795,49.160776694276));
#4902 = CARTESIAN_POINT('',(3.711652866398,48.112238494996));
#4903 = CARTESIAN_POINT('',(3.725350130069,45.928123759587));
#4904 = CARTESIAN_POINT('',(3.731281959344,44.791068598919));
#4905 = CARTESIAN_POINT('',(3.73606328618,43.643557203365));
#4906 = CARTESIAN_POINT('',(3.739667987046,42.488216969916));
#4907 = CARTESIAN_POINT('',(3.742078198841,41.327557308245));
#4908 = CARTESIAN_POINT('',(3.74328417263,40.164014946291));
#4909 = CARTESIAN_POINT('',(3.74328417263,37.835562577467));
#4910 = CARTESIAN_POINT('',(3.742077323279,36.671598289962));
#4911 = CARTESIAN_POINT('',(3.739665362993,35.51051973484));
#4912 = CARTESIAN_POINT('',(3.736058054169,34.354766185639));
#4913 = CARTESIAN_POINT('',(3.731273284506,33.206849738125));
#4914 = CARTESIAN_POINT('',(3.725337213688,32.069400689688));
#4915 = CARTESIAN_POINT('',(3.71163441916,29.885213206872));
#4916 = CARTESIAN_POINT('',(3.703991409058,28.836975102621));
#4917 = CARTESIAN_POINT('',(3.695376827504,27.801638982856));
#4918 = CARTESIAN_POINT('',(3.685811676794,26.780475131901));
#4919 = CARTESIAN_POINT('',(3.675316365458,25.77490557994));
#4920 = CARTESIAN_POINT('',(3.663910504607,24.78652670803));
#4921 = CARTESIAN_POINT('',(3.631458824776,22.228468303811));
#4922 = CARTESIAN_POINT('',(3.608926648574,20.692147823321));
#4923 = CARTESIAN_POINT('',(3.58404054451,19.210800149978));
#4924 = CARTESIAN_POINT('',(3.556777885734,17.78995411012));
#4925 = CARTESIAN_POINT('',(3.527082669593,16.438885599529));
#4926 = CARTESIAN_POINT('',(3.494878896286,15.171638979385));
#4927 = CARTESIAN_POINT('',(3.448181101706,13.610763478142));
#4928 = CARTESIAN_POINT('',(3.435975639323,13.225097163315));
#4929 = CARTESIAN_POINT('',(3.42345983783,12.852320523146));
#4930 = CARTESIAN_POINT('',(3.410632207927,12.493410347183));
#4931 = CARTESIAN_POINT('',(3.397491455837,12.149420036497));
#4932 = CARTESIAN_POINT('',(3.384036378786,11.821480673527));
#4933 = CARTESIAN_POINT('',(3.3591317211,11.259607302691));
#4934 = CARTESIAN_POINT('',(3.347789628981,11.019656674716));
#4935 = CARTESIAN_POINT('',(3.336245457057,10.791748748592));
#4936 = CARTESIAN_POINT('',(3.324505263818,10.576662609834));
#4937 = CARTESIAN_POINT('',(3.312575185498,10.375159739151));
#4938 = CARTESIAN_POINT('',(3.300461428275,10.187985862724));
#4939 = CARTESIAN_POINT('',(3.281551579839,9.923191505373));
#4940 = CARTESIAN_POINT('',(3.274882337299,9.834889819971));
#4941 = CARTESIAN_POINT('',(3.268164892885,9.751098801262));
#4942 = CARTESIAN_POINT('',(3.261401604989,9.671941992504));
#4943 = CARTESIAN_POINT('',(3.254594830348,9.597535425232));
#4944 = CARTESIAN_POINT('',(3.247746924045,9.527987619258));
#4945 = CARTESIAN_POINT('',(3.227006940706,9.333473873851));
#4946 = CARTESIAN_POINT('',(3.212991993363,9.223573974198));
#4947 = CARTESIAN_POINT('',(3.198846990353,9.134666049756));
#4948 = CARTESIAN_POINT('',(3.18460332362,9.067477596124));
#4949 = CARTESIAN_POINT('',(3.170292241574,9.022501906988));
#4950 = CARTESIAN_POINT('',(3.155944935305,9.));
#4951 = CARTESIAN_POINT('',(3.127259384645,9.));
#4952 = CARTESIAN_POINT('',(3.112931085802,9.02244232899));
#4953 = CARTESIAN_POINT('',(3.098638881775,9.067298929639));
#4954 = CARTESIAN_POINT('',(3.084413840241,9.134310083597));
#4955 = CARTESIAN_POINT('',(3.070287086027,9.222985019861));
#4956 = CARTESIAN_POINT('',(3.0562898868,9.332600000039));
#4957 = CARTESIAN_POINT('',(3.035597904882,9.526407460175));
#4958 = CARTESIAN_POINT('',(3.028780481526,9.595536984874));
#4959 = CARTESIAN_POINT('',(3.022003765894,9.669482896483));
#4960 = CARTESIAN_POINT('',(3.015270085756,9.748138233107));
#4961 = CARTESIAN_POINT('',(3.008581770954,9.83138862907));
#4962 = CARTESIAN_POINT('',(3.001941153409,9.919112314911));
#4963 = CARTESIAN_POINT('',(2.98306160955,10.182851842437));
#4964 = CARTESIAN_POINT('',(2.970949696702,10.369583900842));
#4965 = CARTESIAN_POINT('',(2.959021112584,10.570645789631));
#4966 = CARTESIAN_POINT('',(2.947282079165,10.785292946242));
#4967 = CARTESIAN_POINT('',(2.935738748784,11.012764898418));
#4968 = CARTESIAN_POINT('',(2.924397196559,11.252283414112));
#4969 = CARTESIAN_POINT('',(2.899438887695,11.814421703568));
#4970 = CARTESIAN_POINT('',(2.885932049993,12.14319453305));
#4971 = CARTESIAN_POINT('',(2.872741686125,12.488145574656));
#4972 = CARTESIAN_POINT('',(2.859866596246,12.848131010874));
#4973 = CARTESIAN_POINT('',(2.847305487948,13.222085676386));
#4974 = CARTESIAN_POINT('',(2.835056869988,13.60902196258));
#4975 = CARTESIAN_POINT('',(2.814011076724,14.312445253347));
#4976 = CARTESIAN_POINT('',(2.805082748495,14.623931402249));
#4977 = CARTESIAN_POINT('',(2.796332072687,14.942126785983));
#4978 = CARTESIAN_POINT('',(2.787757243514,15.266700672117));
#4979 = CARTESIAN_POINT('',(2.779356515365,15.597352141623));
#4980 = CARTESIAN_POINT('',(2.77112818013,15.93381025191));
#4981 = CARTESIAN_POINT('',(2.75696394065,16.535042343327));
#4982 = CARTESIAN_POINT('',(2.750955401981,16.797446166451));
#4983 = CARTESIAN_POINT('',(2.745044212484,17.0629406067));
#4984 = CARTESIAN_POINT('',(2.739229718124,17.331427520519));
#4985 = CARTESIAN_POINT('',(2.733511326865,17.602815683329));
#4986 = CARTESIAN_POINT('',(2.727888508669,17.877020789522));
#4987 = CARTESIAN_POINT('',(2.707296620638,18.908697599214));
#4988 = CARTESIAN_POINT('',(2.692935582785,19.683933138409));
#4989 = CARTESIAN_POINT('',(2.679271842473,20.477957815732));
#4990 = CARTESIAN_POINT('',(2.666301938678,21.289377909511));
#4991 = CARTESIAN_POINT('',(2.654025056745,22.117076944921));
#4992 = CARTESIAN_POINT('',(2.642443296318,22.960172408176));
#4993 = CARTESIAN_POINT('',(2.619261571466,24.787636086665));
#4994 = CARTESIAN_POINT('',(2.607853650234,25.776290470136));
#4995 = CARTESIAN_POINT('',(2.597356781716,26.782141777301));
#4996 = CARTESIAN_POINT('',(2.587790579412,27.803593397158));
#4997 = CARTESIAN_POINT('',(2.579175460278,28.839223316542));
#4998 = CARTESIAN_POINT('',(2.571532440843,29.887761495123));
#4999 = CARTESIAN_POINT('',(2.557835177111,32.071876240436));
#5000 = CARTESIAN_POINT('',(2.551903347836,33.208931401091));
#5001 = CARTESIAN_POINT('',(2.547122020999,34.356442796649));
#5002 = CARTESIAN_POINT('',(2.543517320134,35.511783030096));
#5003 = CARTESIAN_POINT('',(2.541107108338,36.672442691758));
#5004 = CARTESIAN_POINT('',(2.539901134549,37.835985053716));
#5005 = CARTESIAN_POINT('',(2.539901134549,40.164437422527));
#5006 = CARTESIAN_POINT('',(2.5411079839,41.328401710041));
#5007 = CARTESIAN_POINT('',(2.543519944186,42.48948026516));
#5008 = CARTESIAN_POINT('',(2.547127253011,43.64523381436));
#5009 = CARTESIAN_POINT('',(2.551912022673,44.793150261879));
#5010 = CARTESIAN_POINT('',(2.557848093492,45.930599310307));
#5011 = CARTESIAN_POINT('',(2.571550888019,48.114786793025));
#5012 = CARTESIAN_POINT('',(2.579193898121,49.163024897371));
#5013 = CARTESIAN_POINT('',(2.587808479676,50.198361017229));
#5014 = CARTESIAN_POINT('',(2.597373630386,51.21952486818));
#5015 = CARTESIAN_POINT('',(2.607868941722,52.225094420045));
#5016 = CARTESIAN_POINT('',(2.619274802571,53.213473291866));
#5017 = CARTESIAN_POINT('',(2.651726482404,55.77153169619));
#5018 = CARTESIAN_POINT('',(2.674258658605,57.307852176657));
#5019 = CARTESIAN_POINT('',(2.699144762671,58.789199850048));
#5020 = CARTESIAN_POINT('',(2.726407421445,60.210045889842));
#5021 = CARTESIAN_POINT('',(2.756102637587,61.561114400479));
#5022 = CARTESIAN_POINT('',(2.788306410894,62.828361020605));
#5023 = CARTESIAN_POINT('',(2.835004205474,64.389236521869));
#5024 = CARTESIAN_POINT('',(2.847209667856,64.774902836678));
#5025 = CARTESIAN_POINT('',(2.859725469349,65.147679476833));
#5026 = CARTESIAN_POINT('',(2.872553099252,65.506589652798));
#5027 = CARTESIAN_POINT('',(2.885693851342,65.850579963499));
#5028 = CARTESIAN_POINT('',(2.899148928394,66.17851932648));
#5029 = CARTESIAN_POINT('',(2.924053586079,66.7403926973));
#5030 = CARTESIAN_POINT('',(2.935395678198,66.980343325276));
#5031 = CARTESIAN_POINT('',(2.946939850122,67.208251251401));
#5032 = CARTESIAN_POINT('',(2.958680043361,67.423337390159));
#5033 = CARTESIAN_POINT('',(2.970610121681,67.624840260842));
#5034 = CARTESIAN_POINT('',(2.982723878904,67.812014137268));
#5035 = CARTESIAN_POINT('',(3.014933390797,68.263043505969));
#5036 = CARTESIAN_POINT('',(3.035345964668,68.502804541373));
#5037 = CARTESIAN_POINT('',(3.0561597441,68.699130588401));
#5038 = CARTESIAN_POINT('',(3.077282556267,68.848777123279));
#5039 = CARTESIAN_POINT('',(3.098623038262,68.949492702157));
#5040 = CARTESIAN_POINT('',(3.120090208866,69.));
#5041 = CARTESIAN_POINT('',(3.14159265359,69.));
#5042 = ( GEOMETRIC_REPRESENTATION_CONTEXT(2) 
PARAMETRIC_REPRESENTATION_CONTEXT() REPRESENTATION_CONTEXT('2D SPACE',''
  ) );
#5043 = PCURVE('',#5044,#5049);
#5044 = CYLINDRICAL_SURFACE('',#5045,30.);
#5045 = AXIS2_PLACEMENT_3D('',#5046,#5047,#5048);
#5046 = CARTESIAN_POINT('',(-110.,0.,1.01278E+03));
#5047 = DIRECTION('',(1.,0.,0.));
#5048 = DIRECTION('',(0.,0.,1.));
#5049 = DEFINITIONAL_REPRESENTATION('',(#5050),#5120);
#5050 = B_SPLINE_CURVE_WITH_KNOTS('',3,(#5051,#5052,#5053,#5054,#5055,
    #5056,#5057,#5058,#5059,#5060,#5061,#5062,#5063,#5064,#5065,#5066,
    #5067,#5068,#5069,#5070,#5071,#5072,#5073,#5074,#5075,#5076,#5077,
    #5078,#5079,#5080,#5081,#5082,#5083,#5084,#5085,#5086,#5087,#5088,
    #5089,#5090,#5091,#5092,#5093,#5094,#5095,#5096,#5097,#5098,#5099,
    #5100,#5101,#5102,#5103,#5104,#5105,#5106,#5107,#5108,#5109,#5110,
    #5111,#5112,#5113,#5114,#5115,#5116,#5117,#5118,#5119),
  .UNSPECIFIED.,.F.,.F.,(4,1,1,1,1,1,1,1,1,1,1,1,1,1,1,1,1,1,1,1,1,1,1,1
    ,1,1,1,1,1,1,1,1,1,1,1,1,1,1,1,1,1,1,1,1,1,1,1,1,1,1,1,1,1,1,1,1,1,1
    ,1,1,1,1,1,1,1,1,4),(0.74981378035,0.753604480648,0.757395180945,
    0.761185881243,0.764976581541,0.768767281839,0.772557982136,
    0.776348682434,0.780139382732,0.78393008303,0.787720783327,
    0.791511483625,0.795302183923,0.79909288422,0.802883584518,
    0.806674284816,0.810464985114,0.814255685411,0.818046385709,
    0.821837086007,0.825627786305,0.829418486602,0.8332091869,
    0.836999887198,0.840790587495,0.844581287793,0.848371988091,
    0.852162688389,0.855953388686,0.859744088984,0.863534789282,
    0.86732548958,0.871116189877,0.874906890175,0.878697590473,
    0.88248829077,0.886278991068,0.890069691366,0.893860391664,
    0.897651091961,0.901441792259,0.905232492557,0.909023192855,
    0.912813893152,0.91660459345,0.920395293748,0.924185994045,
    0.927976694343,0.931767394641,0.935558094939,0.939348795236,
    0.943139495534,0.946930195832,0.95072089613,0.954511596427,
    0.958302296725,0.962092997023,0.96588369732,0.969674397618,
    0.973465097916,0.977255798214,0.981046498511,0.984837198809,
    0.988627899107,0.992418599405,0.996209299702,1.),.UNSPECIFIED.);
#5051 = CARTESIAN_POINT('',(4.712388980397,66.3078954501));
#5052 = CARTESIAN_POINT('',(4.719436298857,66.307897093349));
#5053 = CARTESIAN_POINT('',(4.733529614041,66.304825062291));
#5054 = CARTESIAN_POINT('',(4.754667041438,66.291027767451));
#5055 = CARTESIAN_POINT('',(4.775803364479,66.268070203296));
#5056 = CARTESIAN_POINT('',(4.796939950013,66.236008387929));
#5057 = CARTESIAN_POINT('',(4.81807810439,66.194915965085));
#5058 = CARTESIAN_POINT('',(4.839219057397,66.144886578883));
#5059 = CARTESIAN_POINT('',(4.860363953293,66.086033041612));
#5060 = CARTESIAN_POINT('',(4.88151383958,66.018487309095));
#5061 = CARTESIAN_POINT('',(4.902669653274,65.94240020073));
#5062 = CARTESIAN_POINT('',(4.923832214291,65.857941101217));
#5063 = CARTESIAN_POINT('',(4.945002186933,65.765297758895));
#5064 = CARTESIAN_POINT('',(4.966180155264,65.66467548394));
#5065 = CARTESIAN_POINT('',(4.987366267629,65.556298418523));
#5066 = CARTESIAN_POINT('',(5.008561517749,65.440402700847));
#5067 = CARTESIAN_POINT('',(5.029771299058,65.317212462797));
#5068 = CARTESIAN_POINT('',(5.051000365806,65.186963322936));
#5069 = CARTESIAN_POINT('',(5.072253549595,65.049898974156));
#5070 = CARTESIAN_POINT('',(5.09353557636,64.906271861216));
#5071 = CARTESIAN_POINT('',(5.114851124703,64.756342756309));
#5072 = CARTESIAN_POINT('',(5.13620481655,64.600380652632));
#5073 = CARTESIAN_POINT('',(5.157601235511,64.438662487902));
#5074 = CARTESIAN_POINT('',(5.179044900639,64.271473230085));
#5075 = CARTESIAN_POINT('',(5.200540389611,64.09910468434));
#5076 = CARTESIAN_POINT('',(5.222091907714,63.921859052877));
#5077 = CARTESIAN_POINT('',(5.24370492336,63.74003476195));
#5078 = CARTESIAN_POINT('',(5.265380074897,63.55397860464));
#5079 = CARTESIAN_POINT('',(5.287123938297,63.363994691836));
#5080 = CARTESIAN_POINT('',(5.308946916874,63.170357825621));
#5081 = CARTESIAN_POINT('',(5.330858323597,62.973356686371));
#5082 = CARTESIAN_POINT('',(5.352867711714,62.773283281377));
#5083 = CARTESIAN_POINT('',(5.374984530919,62.57043681134));
#5084 = CARTESIAN_POINT('',(5.397218232058,62.365123688843));
#5085 = CARTESIAN_POINT('',(5.419578251638,62.157658599637));
#5086 = CARTESIAN_POINT('',(5.442074028653,61.948365292773));
#5087 = CARTESIAN_POINT('',(5.464715012982,61.737577448244));
#5088 = CARTESIAN_POINT('',(5.487510676475,61.52563952495));
#5089 = CARTESIAN_POINT('',(5.510470523764,61.312907612629));
#5090 = CARTESIAN_POINT('',(5.533604104268,61.099750273982));
#5091 = CARTESIAN_POINT('',(5.556921023374,60.886549391904));
#5092 = CARTESIAN_POINT('',(5.580430960291,60.673700959582));
#5093 = CARTESIAN_POINT('',(5.604143665653,60.461616030995));
#5094 = CARTESIAN_POINT('',(5.628069040112,60.25072100752));
#5095 = CARTESIAN_POINT('',(5.652216917087,60.04146032382));
#5096 = CARTESIAN_POINT('',(5.676597957001,59.834290088166));
#5097 = CARTESIAN_POINT('',(5.701220401807,59.629705376974));
#5098 = CARTESIAN_POINT('',(5.726103102561,59.428135137109));
#5099 = CARTESIAN_POINT('',(5.75125640333,59.230103935141));
#5100 = CARTESIAN_POINT('',(5.776687520736,59.036181480848));
#5101 = CARTESIAN_POINT('',(5.802404664479,58.846949561696));
#5102 = CARTESIAN_POINT('',(5.828416063305,58.663010052226));
#5103 = CARTESIAN_POINT('',(5.854730144224,58.484983496457));
#5104 = CARTESIAN_POINT('',(5.881356220178,58.313504323299));
#5105 = CARTESIAN_POINT('',(5.908303168283,58.14923173714));
#5106 = CARTESIAN_POINT('',(5.935563540545,57.992934806615));
#5107 = CARTESIAN_POINT('',(5.963132575456,57.845359780439));
#5108 = CARTESIAN_POINT('',(5.991006912701,57.707241315182));
#5109 = CARTESIAN_POINT('',(6.019179582197,57.57931945744));
#5110 = CARTESIAN_POINT('',(6.047661211422,57.462249194003));
#5111 = CARTESIAN_POINT('',(6.076439680272,57.35678024925));
#5112 = CARTESIAN_POINT('',(6.105472344432,57.263714902683));
#5113 = CARTESIAN_POINT('',(6.134726423551,57.183730932605));
#5114 = CARTESIAN_POINT('',(6.164168160529,57.117423631366));
#5115 = CARTESIAN_POINT('',(6.193765456167,57.06529182711));
#5116 = CARTESIAN_POINT('',(6.223486907529,57.027735401802));
#5117 = CARTESIAN_POINT('',(6.25330177067,57.005065343153));
#5118 = CARTESIAN_POINT('',(6.27322047978,56.999991574531));
#5119 = CARTESIAN_POINT('',(6.28318530718,57.));
#5120 = ( GEOMETRIC_REPRESENTATION_CONTEXT(2) 
PARAMETRIC_REPRESENTATION_CONTEXT() REPRESENTATION_CONTEXT('2D SPACE',''
  ) );
#5121 = ORIENTED_EDGE('',*,*,#5122,.T.);
#5122 = EDGE_CURVE('',#4671,#5123,#5125,.T.);
#5123 = VERTEX_POINT('',#5124);
#5124 = CARTESIAN_POINT('',(-43.6921045499,-30.,1.01278E+03));
#5125 = SURFACE_CURVE('',#5126,(#5309,#5495),.PCURVE_S1.);
#5126 = B_SPLINE_CURVE_WITH_KNOTS('',7,(#5127,#5128,#5129,#5130,#5131,
    #5132,#5133,#5134,#5135,#5136,#5137,#5138,#5139,#5140,#5141,#5142,
    #5143,#5144,#5145,#5146,#5147,#5148,#5149,#5150,#5151,#5152,#5153,
    #5154,#5155,#5156,#5157,#5158,#5159,#5160,#5161,#5162,#5163,#5164,
    #5165,#5166,#5167,#5168,#5169,#5170,#5171,#5172,#5173,#5174,#5175,
    #5176,#5177,#5178,#5179,#5180,#5181,#5182,#5183,#5184,#5185,#5186,
    #5187,#5188,#5189,#5190,#5191,#5192,#5193,#5194,#5195,#5196,#5197,
    #5198,#5199,#5200,#5201,#5202,#5203,#5204,#5205,#5206,#5207,#5208,
    #5209,#5210,#5211,#5212,#5213,#5214,#5215,#5216,#5217,#5218,#5219,
    #5220,#5221,#5222,#5223,#5224,#5225,#5226,#5227,#5228,#5229,#5230,
    #5231,#5232,#5233,#5234,#5235,#5236,#5237,#5238,#5239,#5240,#5241,
    #5242,#5243,#5244,#5245,#5246,#5247,#5248,#5249,#5250,#5251,#5252,
    #5253,#5254,#5255,#5256,#5257,#5258,#5259,#5260,#5261,#5262,#5263,
    #5264,#5265,#5266,#5267,#5268,#5269,#5270,#5271,#5272,#5273,#5274,
    #5275,#5276,#5277,#5278,#5279,#5280,#5281,#5282,#5283,#5284,#5285,
    #5286,#5287,#5288,#5289,#5290,#5291,#5292,#5293,#5294,#5295,#5296,
    #5297,#5298,#5299,#5300,#5301,#5302,#5303,#5304,#5305,#5306,#5307,
    #5308),.UNSPECIFIED.,.T.,.F.,(1,7,6,6,6,6,6,6,6,6,6,6,6,6,6,6,6,6,6,
    6,6,6,6,6,6,6,6,6,6,6,6,7,1),(-3.3718473383E-02,0.,
    3.356617520966E-02,5.431838495472E-02,8.00858554245E-02,
    9.974478047667E-02,0.114643601147,0.155246003371,0.201143264803,
    0.249789380498,0.298453152175,0.34433829059,0.419535767124,
    0.445242523864,0.466027359778,0.477219802409,0.499734591819,
    0.522219555413,0.533360822239,0.554135082554,0.579929932642,
    0.599609746583,0.614524398222,0.655169944266,0.701115974972,
    0.74981378035,0.798529260472,0.844463154846,0.919740533608,
    0.945474605456,0.966281526617,1.,1.03356617521),.UNSPECIFIED.);
#5127 = CARTESIAN_POINT('',(-53.,7.105427357601E-15,1.04278E+03));
#5128 = CARTESIAN_POINT('',(-53.,-1.136871914826,1.04278E+03));
#5129 = CARTESIAN_POINT('',(-52.97154915574,-2.271901239992,
    1.042729736841E+03));
#5130 = CARTESIAN_POINT('',(-52.9148138626,-3.399416926339,
    1.04262950449E+03));
#5131 = CARTESIAN_POINT('',(-52.83071420639,-4.513779742819,
    1.042480567876E+03));
#5132 = CARTESIAN_POINT('',(-52.72091498279,-5.609439877196,
    1.042285158772E+03));
#5133 = CARTESIAN_POINT('',(-52.58777583908,-6.680992687077,
    1.042046494563E+03));
#5134 = CARTESIAN_POINT('',(-52.3393500605,-8.367595003884,
    1.041597148158E+03));
#5135 = CARTESIAN_POINT('',(-52.23656864438,-9.001313499908,
    1.041410416099E+03));
#5136 = CARTESIAN_POINT('',(-52.12646735987,-9.623970052571,
    1.04120935421E+03));
#5137 = CARTESIAN_POINT('',(-52.00961520604,-10.23517402641,
    1.040994707054E+03));
#5138 = CARTESIAN_POINT('',(-51.88659539242,-10.83456211074,
    1.040767235102E+03));
#5139 = CARTESIAN_POINT('',(-51.75800162042,-11.42179824305,
    1.040527716586E+03));
#5140 = CARTESIAN_POINT('',(-51.45858743284,-12.71025682108,
    1.039965578296E+03));
#5141 = CARTESIAN_POINT('',(-51.28504098852,-13.40486478624,
    1.039636805467E+03));
#5142 = CARTESIAN_POINT('',(-51.10478430922,-14.08045862222,
    1.039291854425E+03));
#5143 = CARTESIAN_POINT('',(-50.91876307978,-14.737137016,
    1.038931868989E+03));
#5144 = CARTESIAN_POINT('',(-50.72787700616,-15.37503579227,
    1.038557914324E+03));
#5145 = CARTESIAN_POINT('',(-50.5329774292,-15.99432755843,
    1.038170978037E+03));
#5146 = CARTESIAN_POINT('',(-50.1837178315,-17.05366471991,
    1.037467554747E+03));
#5147 = CARTESIAN_POINT('',(-50.0306789156,-17.50146484088,
    1.037156068598E+03));
#5148 = CARTESIAN_POINT('',(-49.87608296181,-17.93876867053,
    1.036837873214E+03));
#5149 = CARTESIAN_POINT('',(-49.72024733699,-18.36572490087,
    1.036513299328E+03));
#5150 = CARTESIAN_POINT('',(-49.56347250001,-18.78248404664,
    1.036182647858E+03));
#5151 = CARTESIAN_POINT('',(-49.40604249816,-19.18919853395,
    1.035846189748E+03));
#5152 = CARTESIAN_POINT('',(-49.12862138093,-19.88676219334,
    1.035244957657E+03));
#5153 = CARTESIAN_POINT('',(-49.00879560248,-20.18181989119,
    1.034982553834E+03));
#5154 = CARTESIAN_POINT('',(-48.8888648291,-20.47126224972,
    1.034717059393E+03));
#5155 = CARTESIAN_POINT('',(-48.7689421703,-20.75515331518,
    1.034448572479E+03));
#5156 = CARTESIAN_POINT('',(-48.64913714422,-21.03355481281,
    1.034177184317E+03));
#5157 = CARTESIAN_POINT('',(-48.52955567766,-21.30652614682,
    1.03390297921E+03));
#5158 = CARTESIAN_POINT('',(-48.0853037326,-22.30338560604,
    1.032871302422E+03));
#5159 = CARTESIAN_POINT('',(-47.76266067227,-22.99289564705,
    1.032096066839E+03));
#5160 = CARTESIAN_POINT('',(-47.44451739574,-23.64362810653,
    1.031302042168E+03));
#5161 = CARTESIAN_POINT('',(-47.13285119892,-24.25647417235,
    1.03049062211E+03));
#5162 = CARTESIAN_POINT('',(-46.82950419222,-24.83221619999,
    1.029662923077E+03));
#5163 = CARTESIAN_POINT('',(-46.53621728991,-25.37150127544,
    1.028819827568E+03));
#5164 = CARTESIAN_POINT('',(-45.93639446434,-26.44376415401,
    1.026992363923E+03));
#5165 = CARTESIAN_POINT('',(-45.6330523471,-26.96686643424,
    1.026003709519E+03));
#5166 = CARTESIAN_POINT('',(-45.3473289675,-27.44431325913,
    1.024997858214E+03));
#5167 = CARTESIAN_POINT('',(-45.08173859711,-27.87625510229,
    1.023976406611E+03));
#5168 = CARTESIAN_POINT('',(-44.83859922255,-28.26276828592,
    1.022940776694E+03));
#5169 = CARTESIAN_POINT('',(-44.6200131086,-28.6038219962,
    1.021892238495E+03));
#5170 = CARTESIAN_POINT('',(-44.22417252587,-29.21236193581,
    1.01970812376E+03));
#5171 = CARTESIAN_POINT('',(-44.0501725289,-29.47422573655,
    1.018571068599E+03));
#5172 = CARTESIAN_POINT('',(-43.90833088652,-29.68422928752,
    1.017423557203E+03));
#5173 = CARTESIAN_POINT('',(-43.80059002319,-29.84200140491,
    1.01626821697E+03));
#5174 = CARTESIAN_POINT('',(-43.72828380334,-29.94730839639,
    1.015107557308E+03));
#5175 = CARTESIAN_POINT('',(-43.6921045499,-30.,1.013944014946E+03));
#5176 = CARTESIAN_POINT('',(-43.6921045499,-30.,1.011615562577E+03));
#5177 = CARTESIAN_POINT('',(-43.7283100703,-29.9472701411,
    1.01045159829E+03));
#5178 = CARTESIAN_POINT('',(-43.8006687445,-29.84188675492,
    1.009290519735E+03));
#5179 = CARTESIAN_POINT('',(-43.90848726562,-29.68400029031,
    1.008134766186E+03));
#5180 = CARTESIAN_POINT('',(-44.05042987369,-29.47384472294,
    1.006986849738E+03));
#5181 = CARTESIAN_POINT('',(-44.22455140384,-29.21179173422,
    1.00584940069E+03));
#5182 = CARTESIAN_POINT('',(-44.6205409217,-28.60299897885,
    1.003665213207E+03));
#5183 = CARTESIAN_POINT('',(-44.8391202755,-28.26194153439,
    1.002616975103E+03));
#5184 = CARTESIAN_POINT('',(-45.0822370341,-27.87544777856,
    1.001581638983E+03));
#5185 = CARTESIAN_POINT('',(-45.34779017901,-27.44354847809,
    1.000560475132E+03));
#5186 = CARTESIAN_POINT('',(-45.63346306293,-26.96616765893,
    999.55490557994));
#5187 = CARTESIAN_POINT('',(-45.9367428767,-26.44315555115,
    998.56652670803));
#5188 = CARTESIAN_POINT('',(-46.77640807496,-24.94210504389,
    996.00846830381));
#5189 = CARTESIAN_POINT('',(-47.33749383092,-23.88761950663,
    994.47214782332));
#5190 = CARTESIAN_POINT('',(-47.92790870172,-22.70740076665,
    992.99080014997));
#5191 = CARTESIAN_POINT('',(-48.53674714052,-21.39565114885,
    991.56995411012));
#5192 = CARTESIAN_POINT('',(-49.1515547489,-19.94501627084,
    990.21888559952));
#5193 = CARTESIAN_POINT('',(-49.75712279618,-18.34749887145,
    988.95163897938));
#5194 = CARTESIAN_POINT('',(-50.53211042475,-15.99698071927,
    987.39076347814));
#5195 = CARTESIAN_POINT('',(-50.7263584184,-15.37988237228,
    987.00509716331));
#5196 = CARTESIAN_POINT('',(-50.91662338893,-14.74430540547,
    986.63232052314));
#5197 = CARTESIAN_POINT('',(-51.10206310706,-14.09007822373,
    986.27341034718));
#5198 = CARTESIAN_POINT('',(-51.28178758686,-13.41706544511,
    985.92942003649));
#5199 = CARTESIAN_POINT('',(-51.45486141795,-12.72516824755,
    985.60148067352));
#5200 = CARTESIAN_POINT('',(-51.75407406231,-11.43958219458,
    985.03960730269));
#5201 = CARTESIAN_POINT('',(-51.88287590107,-10.85236236751,
    984.79965667471));
#5202 = CARTESIAN_POINT('',(-52.00611054202,-10.25297286598,
    984.57174874859));
#5203 = CARTESIAN_POINT('',(-52.12318355445,-9.641748538597,
    984.35666260983));
#5204 = CARTESIAN_POINT('',(-52.23351087049,-9.019051526551,
    984.15515973915));
#5205 = CARTESIAN_POINT('',(-52.33652250656,-8.385271339272,
    983.96798586272));
#5206 = CARTESIAN_POINT('',(-52.48290033275,-7.393796476585,
    983.70319150537));
#5207 = CARTESIAN_POINT('',(-52.53184621548,-7.043721284336,
    983.61488981997));
#5208 = CARTESIAN_POINT('',(-52.57840799561,-6.690737220891,
    983.53109880126));
#5209 = CARTESIAN_POINT('',(-52.6224950672,-6.334984326435,
    983.4519419925));
#5210 = CARTESIAN_POINT('',(-52.66402215578,-5.976604813779,
    983.37753542523));
#5211 = CARTESIAN_POINT('',(-52.70290931831,-5.615743068362,
    983.30798761925));
#5212 = CARTESIAN_POINT('',(-52.81184702754,-4.521935387571,
    983.11347387385));
#5213 = CARTESIAN_POINT('',(-52.87365292546,-3.781623901082,
    983.00357397419));
#5214 = CARTESIAN_POINT('',(-52.9238148382,-3.033456912408,
    982.91466604975));
#5215 = CARTESIAN_POINT('',(-52.96180513323,-2.279309619989,
    982.84747759612));
#5216 = CARTESIAN_POINT('',(-52.98726307196,-1.521078149505,
    982.80250190698));
#5217 = CARTESIAN_POINT('',(-53.,-0.760670930902,982.78));
#5218 = CARTESIAN_POINT('',(-53.,0.759663254054,982.78));
#5219 = CARTESIAN_POINT('',(-52.98729679535,1.519063079011,
    982.80244232899));
#5220 = CARTESIAN_POINT('',(-52.96190626522,2.276295030153,
    982.84729892963));
#5221 = CARTESIAN_POINT('',(-52.92401611215,3.029458231853,
    982.91431008359));
#5222 = CARTESIAN_POINT('',(-52.87398521573,3.776664022753,
    983.00298501986));
#5223 = CARTESIAN_POINT('',(-52.81233848472,4.516044521386,
    983.11260000003));
#5224 = CARTESIAN_POINT('',(-52.70379329064,5.607334623912,
    983.30640746017));
#5225 = CARTESIAN_POINT('',(-52.665138571,5.966596301437,983.37553698487
    ));
#5226 = CARTESIAN_POINT('',(-52.62386658327,6.323401333782,
    983.44948289648));
#5227 = CARTESIAN_POINT('',(-52.58005611605,6.67760701879,983.5281382331
    ));
#5228 = CARTESIAN_POINT('',(-52.53379121224,7.029072763174,
    983.61138862907));
#5229 = CARTESIAN_POINT('',(-52.4851611691,7.37766008252,983.69911231491
    ));
#5230 = CARTESIAN_POINT('',(-52.33935006047,8.367595004087,
    983.96285184243));
#5231 = CARTESIAN_POINT('',(-52.23656864437,9.00131349992,
    984.14958390084));
#5232 = CARTESIAN_POINT('',(-52.12646735989,9.623970052411,
    984.35064578963));
#5233 = CARTESIAN_POINT('',(-52.00961520607,10.235174026275,
    984.56529294624));
#5234 = CARTESIAN_POINT('',(-51.88659539242,10.834562110789,
    984.79276489841));
#5235 = CARTESIAN_POINT('',(-51.75800162038,11.421798243256,
    985.03228341411));
#5236 = CARTESIAN_POINT('',(-51.45858743284,12.710256821053,
    985.59442170356));
#5237 = CARTESIAN_POINT('',(-51.28504098852,13.404864786238,
    985.92319453305));
#5238 = CARTESIAN_POINT('',(-51.10478430922,14.08045862225,
    986.26814557465));
#5239 = CARTESIAN_POINT('',(-50.91876307977,14.737137016034,
    986.62813101087));
#5240 = CARTESIAN_POINT('',(-50.72787700616,15.375035792275,
    987.00208567638));
#5241 = CARTESIAN_POINT('',(-50.53297742921,15.99432755841,
    987.38902196258));
#5242 = CARTESIAN_POINT('',(-50.1837178315,17.053664719915,
    988.09244525334));
#5243 = CARTESIAN_POINT('',(-50.03067891559,17.501464840891,
    988.40393140225));
#5244 = CARTESIAN_POINT('',(-49.87608296181,17.938768670537,
    988.72212678598));
#5245 = CARTESIAN_POINT('',(-49.72024733699,18.365724900878,
    989.04670067211));
#5246 = CARTESIAN_POINT('',(-49.56347250001,18.782484046649,
    989.37735214162));
#5247 = CARTESIAN_POINT('',(-49.40604249816,19.189198533952,
    989.71381025191));
#5248 = CARTESIAN_POINT('',(-49.12862138093,19.886762193352,
    990.31504234332));
#5249 = CARTESIAN_POINT('',(-49.00879560248,20.181819891197,
    990.57744616645));
#5250 = CARTESIAN_POINT('',(-48.8888648291,20.471262249724,
    990.8429406067));
#5251 = CARTESIAN_POINT('',(-48.7689421703,20.755153315189,
    991.11142752051));
#5252 = CARTESIAN_POINT('',(-48.64913714422,21.033554812821,
    991.38281568332));
#5253 = CARTESIAN_POINT('',(-48.52955567766,21.306526146825,
    991.65702078952));
#5254 = CARTESIAN_POINT('',(-48.08530372364,22.303385626154,
    992.68869759921));
#5255 = CARTESIAN_POINT('',(-47.76266068068,22.992895630321,
    993.4639331384));
#5256 = CARTESIAN_POINT('',(-47.44451740289,23.643628090652,
    994.25795781573));
#5257 = CARTESIAN_POINT('',(-47.13285119249,24.256474183964,
    995.06937790951));
#5258 = CARTESIAN_POINT('',(-46.82950418364,24.83221621766,
    995.89707694492));
#5259 = CARTESIAN_POINT('',(-46.53621729784,25.371501261275,
    996.74017240817));
#5260 = CARTESIAN_POINT('',(-45.93639446108,26.443764159844,
    998.56763608666));
#5261 = CARTESIAN_POINT('',(-45.63305234971,26.966866429893,
    999.55629047013));
#5262 = CARTESIAN_POINT('',(-45.34732897014,27.444313254448,
    1.000562141777E+03));
#5263 = CARTESIAN_POINT('',(-45.08173859546,27.876255104868,
    1.001583593397E+03));
#5264 = CARTESIAN_POINT('',(-44.83859921968,28.26276829081,
    1.002619223317E+03));
#5265 = CARTESIAN_POINT('',(-44.62001311039,28.60382199345,
    1.003667761495E+03));
#5266 = CARTESIAN_POINT('',(-44.22417252586,29.212361935817,
    1.00585187624E+03));
#5267 = CARTESIAN_POINT('',(-44.0501725289,29.474225736556,
    1.006988931401E+03));
#5268 = CARTESIAN_POINT('',(-43.90833088652,29.68422928753,
    1.008136442797E+03));
#5269 = CARTESIAN_POINT('',(-43.80059002319,29.842001404916,
    1.00929178303E+03));
#5270 = CARTESIAN_POINT('',(-43.72828380334,29.94730839639,
    1.010452442692E+03));
#5271 = CARTESIAN_POINT('',(-43.6921045499,30.,1.011615985054E+03));
#5272 = CARTESIAN_POINT('',(-43.6921045499,30.,1.013944437423E+03));
#5273 = CARTESIAN_POINT('',(-43.7283100703,29.9472701411,
    1.01510840171E+03));
#5274 = CARTESIAN_POINT('',(-43.8006687445,29.841886754922,
    1.016269480265E+03));
#5275 = CARTESIAN_POINT('',(-43.90848726562,29.684000290315,
    1.017425233814E+03));
#5276 = CARTESIAN_POINT('',(-44.05042987369,29.473844722946,
    1.018573150262E+03));
#5277 = CARTESIAN_POINT('',(-44.22455140384,29.211791734225,
    1.01971059931E+03));
#5278 = CARTESIAN_POINT('',(-44.62054092168,28.602998978886,
    1.021894786793E+03));
#5279 = CARTESIAN_POINT('',(-44.83912027549,28.261941534407,
    1.022943024897E+03));
#5280 = CARTESIAN_POINT('',(-45.08223703411,27.875447778534,
    1.023978361017E+03));
#5281 = CARTESIAN_POINT('',(-45.34779017903,27.443548478047,
    1.024999524868E+03));
#5282 = CARTESIAN_POINT('',(-45.63346306293,26.966167658931,
    1.02600509442E+03));
#5283 = CARTESIAN_POINT('',(-45.93674287666,26.443155551214,
    1.026993473292E+03));
#5284 = CARTESIAN_POINT('',(-46.77640807496,24.942105043894,
    1.029551531696E+03));
#5285 = CARTESIAN_POINT('',(-47.33749383092,23.887619506657,
    1.031087852177E+03));
#5286 = CARTESIAN_POINT('',(-47.92790870173,22.707400766626,
    1.03256919985E+03));
#5287 = CARTESIAN_POINT('',(-48.53674714051,21.395651148896,
    1.03399004589E+03));
#5288 = CARTESIAN_POINT('',(-49.15155474891,19.945016270828,
    1.0353411144E+03));
#5289 = CARTESIAN_POINT('',(-49.75712279617,18.347498871469,
    1.036608361021E+03));
#5290 = CARTESIAN_POINT('',(-50.53211042475,15.996980719255,
    1.038169236522E+03));
#5291 = CARTESIAN_POINT('',(-50.7263584184,15.379882372293,
    1.038554902837E+03));
#5292 = CARTESIAN_POINT('',(-50.91662338892,14.744305405514,
    1.038927679477E+03));
#5293 = CARTESIAN_POINT('',(-51.10206310705,14.090078223768,
    1.039286589653E+03));
#5294 = CARTESIAN_POINT('',(-51.28178758686,13.417065445123,
    1.039630579963E+03));
#5295 = CARTESIAN_POINT('',(-51.45486141795,12.725168247539,
    1.039958519326E+03));
#5296 = CARTESIAN_POINT('',(-51.7540740623,11.439582194604,
    1.040520392697E+03));
#5297 = CARTESIAN_POINT('',(-51.88287590107,10.852362367531,
    1.040760343325E+03));
#5298 = CARTESIAN_POINT('',(-52.00611054201,10.252972866001,
    1.040988251251E+03));
#5299 = CARTESIAN_POINT('',(-52.12318355445,9.641748538618,
    1.04120333739E+03));
#5300 = CARTESIAN_POINT('',(-52.23351087049,9.019051526574,
    1.041404840261E+03));
#5301 = CARTESIAN_POINT('',(-52.33652250655,8.385271339299,
    1.041592014137E+03));
#5302 = CARTESIAN_POINT('',(-52.5858506992,6.696472960541,
    1.042043043506E+03));
#5303 = CARTESIAN_POINT('',(-52.71959218903,5.622624898456,
    1.042282804541E+03));
#5304 = CARTESIAN_POINT('',(-52.82990263473,4.524514009792,
    1.042479130588E+03));
#5305 = CARTESIAN_POINT('',(-52.91440214571,3.407574976398,
    1.042628777123E+03));
#5306 = CARTESIAN_POINT('',(-52.97141096401,2.277389423692,
    1.042729492702E+03));
#5307 = CARTESIAN_POINT('',(-53.,1.139629570348,1.04278E+03));
#5308 = CARTESIAN_POINT('',(-53.,7.105427357601E-15,1.04278E+03));
#5309 = PCURVE('',#3473,#5310);
#5310 = DEFINITIONAL_REPRESENTATION('',(#5311),#5494);
#5311 = B_SPLINE_CURVE_WITH_KNOTS('',7,(#5312,#5313,#5314,#5315,#5316,
    #5317,#5318,#5319,#5320,#5321,#5322,#5323,#5324,#5325,#5326,#5327,
    #5328,#5329,#5330,#5331,#5332,#5333,#5334,#5335,#5336,#5337,#5338,
    #5339,#5340,#5341,#5342,#5343,#5344,#5345,#5346,#5347,#5348,#5349,
    #5350,#5351,#5352,#5353,#5354,#5355,#5356,#5357,#5358,#5359,#5360,
    #5361,#5362,#5363,#5364,#5365,#5366,#5367,#5368,#5369,#5370,#5371,
    #5372,#5373,#5374,#5375,#5376,#5377,#5378,#5379,#5380,#5381,#5382,
    #5383,#5384,#5385,#5386,#5387,#5388,#5389,#5390,#5391,#5392,#5393,
    #5394,#5395,#5396,#5397,#5398,#5399,#5400,#5401,#5402,#5403,#5404,
    #5405,#5406,#5407,#5408,#5409,#5410,#5411,#5412,#5413,#5414,#5415,
    #5416,#5417,#5418,#5419,#5420,#5421,#5422,#5423,#5424,#5425,#5426,
    #5427,#5428,#5429,#5430,#5431,#5432,#5433,#5434,#5435,#5436,#5437,
    #5438,#5439,#5440,#5441,#5442,#5443,#5444,#5445,#5446,#5447,#5448,
    #5449,#5450,#5451,#5452,#5453,#5454,#5455,#5456,#5457,#5458,#5459,
    #5460,#5461,#5462,#5463,#5464,#5465,#5466,#5467,#5468,#5469,#5470,
    #5471,#5472,#5473,#5474,#5475,#5476,#5477,#5478,#5479,#5480,#5481,
    #5482,#5483,#5484,#5485,#5486,#5487,#5488,#5489,#5490,#5491,#5492,
    #5493),.UNSPECIFIED.,.T.,.F.,(1,7,6,6,6,6,6,6,6,6,6,6,6,6,6,6,6,6,6,
    6,6,6,6,6,6,6,6,6,6,6,6,7,1),(-3.3718473383E-02,0.,
    3.356617520966E-02,5.431838495472E-02,8.00858554245E-02,
    9.974478047667E-02,0.114643601147,0.155246003371,0.201143264803,
    0.249789380498,0.298453152175,0.34433829059,0.419535767124,
    0.445242523864,0.466027359778,0.477219802409,0.499734591819,
    0.522219555413,0.533360822239,0.554135082554,0.579929932642,
    0.599609746583,0.614524398222,0.655169944266,0.701115974972,
    0.74981378035,0.798529260472,0.844463154846,0.919740533608,
    0.945474605456,0.966281526617,1.,1.03356617521),.UNSPECIFIED.);
#5312 = CARTESIAN_POINT('',(3.14159265359,69.));
#5313 = CARTESIAN_POINT('',(3.163043067077,69.));
#5314 = CARTESIAN_POINT('',(3.184458718242,68.949736840787));
#5315 = CARTESIAN_POINT('',(3.205748707964,68.849504490033));
#5316 = CARTESIAN_POINT('',(3.226822563885,68.700567875971));
#5317 = CARTESIAN_POINT('',(3.24758943405,68.505158772374));
#5318 = CARTESIAN_POINT('',(3.267957661536,68.266494562586));
#5319 = CARTESIAN_POINT('',(3.300123697626,67.817148157617));
#5320 = CARTESIAN_POINT('',(3.312235610477,67.630416099172));
#5321 = CARTESIAN_POINT('',(3.324164194598,67.429354210322));
#5322 = CARTESIAN_POINT('',(3.335903228017,67.2147070537));
#5323 = CARTESIAN_POINT('',(3.347446558394,66.987235101589));
#5324 = CARTESIAN_POINT('',(3.358788110617,66.747716585975));
#5325 = CARTESIAN_POINT('',(3.383746419485,66.185578296416));
#5326 = CARTESIAN_POINT('',(3.397253257187,65.856805466946));
#5327 = CARTESIAN_POINT('',(3.410443621054,65.511854425357));
#5328 = CARTESIAN_POINT('',(3.423318710933,65.151868989142));
#5329 = CARTESIAN_POINT('',(3.435879819231,64.777914323617));
#5330 = CARTESIAN_POINT('',(3.448128437192,64.390978037404));
#5331 = CARTESIAN_POINT('',(3.469174230456,63.687554746656));
#5332 = CARTESIAN_POINT('',(3.478102558684,63.376068597754));
#5333 = CARTESIAN_POINT('',(3.486853234492,63.057873214019));
#5334 = CARTESIAN_POINT('',(3.495428063665,62.733299327884));
#5335 = CARTESIAN_POINT('',(3.503828791815,62.402647858377));
#5336 = CARTESIAN_POINT('',(3.51205712705,62.066189748091));
#5337 = CARTESIAN_POINT('',(3.526221366529,61.464957656675));
#5338 = CARTESIAN_POINT('',(3.532229905199,61.202553833552));
#5339 = CARTESIAN_POINT('',(3.538141094696,60.937059393303));
#5340 = CARTESIAN_POINT('',(3.543955589056,60.668572479484));
#5341 = CARTESIAN_POINT('',(3.549673980315,60.397184316675));
#5342 = CARTESIAN_POINT('',(3.555296798511,60.122979210482));
#5343 = CARTESIAN_POINT('',(3.575888686126,59.091302421599));
#5344 = CARTESIAN_POINT('',(3.590249724748,58.31606683888));
#5345 = CARTESIAN_POINT('',(3.603913465035,57.52204216753));
#5346 = CARTESIAN_POINT('',(3.616883368251,56.710622109709));
#5347 = CARTESIAN_POINT('',(3.629160250063,55.88292307731));
#5348 = CARTESIAN_POINT('',(3.640742011168,55.039827567667));
#5349 = CARTESIAN_POINT('',(3.663923735587,53.212363923271));
#5350 = CARTESIAN_POINT('',(3.675331657041,52.223709519283));
#5351 = CARTESIAN_POINT('',(3.685828525565,51.217858214487));
#5352 = CARTESIAN_POINT('',(3.69539472771,50.196406611434));
#5353 = CARTESIAN_POINT('',(3.704009846795,49.160776694276));
#5354 = CARTESIAN_POINT('',(3.711652866398,48.112238494996));
#5355 = CARTESIAN_POINT('',(3.725350130069,45.928123759587));
#5356 = CARTESIAN_POINT('',(3.731281959344,44.791068598919));
#5357 = CARTESIAN_POINT('',(3.73606328618,43.643557203365));
#5358 = CARTESIAN_POINT('',(3.739667987046,42.488216969916));
#5359 = CARTESIAN_POINT('',(3.742078198841,41.327557308245));
#5360 = CARTESIAN_POINT('',(3.74328417263,40.164014946291));
#5361 = CARTESIAN_POINT('',(3.74328417263,37.835562577467));
#5362 = CARTESIAN_POINT('',(3.742077323279,36.671598289962));
#5363 = CARTESIAN_POINT('',(3.739665362993,35.51051973484));
#5364 = CARTESIAN_POINT('',(3.736058054169,34.354766185639));
#5365 = CARTESIAN_POINT('',(3.731273284506,33.206849738125));
#5366 = CARTESIAN_POINT('',(3.725337213688,32.069400689688));
#5367 = CARTESIAN_POINT('',(3.71163441916,29.885213206872));
#5368 = CARTESIAN_POINT('',(3.703991409058,28.836975102621));
#5369 = CARTESIAN_POINT('',(3.695376827504,27.801638982856));
#5370 = CARTESIAN_POINT('',(3.685811676794,26.780475131901));
#5371 = CARTESIAN_POINT('',(3.675316365458,25.77490557994));
#5372 = CARTESIAN_POINT('',(3.663910504607,24.78652670803));
#5373 = CARTESIAN_POINT('',(3.631458824776,22.228468303811));
#5374 = CARTESIAN_POINT('',(3.608926648574,20.692147823321));
#5375 = CARTESIAN_POINT('',(3.58404054451,19.210800149978));
#5376 = CARTESIAN_POINT('',(3.556777885734,17.78995411012));
#5377 = CARTESIAN_POINT('',(3.527082669593,16.438885599529));
#5378 = CARTESIAN_POINT('',(3.494878896286,15.171638979385));
#5379 = CARTESIAN_POINT('',(3.448181101706,13.610763478142));
#5380 = CARTESIAN_POINT('',(3.435975639323,13.225097163315));
#5381 = CARTESIAN_POINT('',(3.42345983783,12.852320523146));
#5382 = CARTESIAN_POINT('',(3.410632207927,12.493410347183));
#5383 = CARTESIAN_POINT('',(3.397491455837,12.149420036497));
#5384 = CARTESIAN_POINT('',(3.384036378786,11.821480673527));
#5385 = CARTESIAN_POINT('',(3.3591317211,11.259607302691));
#5386 = CARTESIAN_POINT('',(3.347789628981,11.019656674716));
#5387 = CARTESIAN_POINT('',(3.336245457057,10.791748748592));
#5388 = CARTESIAN_POINT('',(3.324505263818,10.576662609834));
#5389 = CARTESIAN_POINT('',(3.312575185498,10.375159739151));
#5390 = CARTESIAN_POINT('',(3.300461428275,10.187985862724));
#5391 = CARTESIAN_POINT('',(3.281551579839,9.923191505373));
#5392 = CARTESIAN_POINT('',(3.274882337299,9.834889819971));
#5393 = CARTESIAN_POINT('',(3.268164892885,9.751098801262));
#5394 = CARTESIAN_POINT('',(3.261401604989,9.671941992504));
#5395 = CARTESIAN_POINT('',(3.254594830348,9.597535425232));
#5396 = CARTESIAN_POINT('',(3.247746924045,9.527987619258));
#5397 = CARTESIAN_POINT('',(3.227006940706,9.333473873851));
#5398 = CARTESIAN_POINT('',(3.212991993363,9.223573974198));
#5399 = CARTESIAN_POINT('',(3.198846990353,9.134666049756));
#5400 = CARTESIAN_POINT('',(3.18460332362,9.067477596124));
#5401 = CARTESIAN_POINT('',(3.170292241574,9.022501906988));
#5402 = CARTESIAN_POINT('',(3.155944935305,9.));
#5403 = CARTESIAN_POINT('',(3.127259384645,9.));
#5404 = CARTESIAN_POINT('',(3.112931085802,9.02244232899));
#5405 = CARTESIAN_POINT('',(3.098638881775,9.067298929639));
#5406 = CARTESIAN_POINT('',(3.084413840241,9.134310083597));
#5407 = CARTESIAN_POINT('',(3.070287086027,9.222985019861));
#5408 = CARTESIAN_POINT('',(3.0562898868,9.332600000039));
#5409 = CARTESIAN_POINT('',(3.035597904882,9.526407460175));
#5410 = CARTESIAN_POINT('',(3.028780481526,9.595536984874));
#5411 = CARTESIAN_POINT('',(3.022003765894,9.669482896483));
#5412 = CARTESIAN_POINT('',(3.015270085756,9.748138233107));
#5413 = CARTESIAN_POINT('',(3.008581770954,9.83138862907));
#5414 = CARTESIAN_POINT('',(3.001941153409,9.919112314911));
#5415 = CARTESIAN_POINT('',(2.98306160955,10.182851842437));
#5416 = CARTESIAN_POINT('',(2.970949696702,10.369583900842));
#5417 = CARTESIAN_POINT('',(2.959021112584,10.570645789631));
#5418 = CARTESIAN_POINT('',(2.947282079165,10.785292946242));
#5419 = CARTESIAN_POINT('',(2.935738748784,11.012764898418));
#5420 = CARTESIAN_POINT('',(2.924397196559,11.252283414112));
#5421 = CARTESIAN_POINT('',(2.899438887695,11.814421703568));
#5422 = CARTESIAN_POINT('',(2.885932049993,12.14319453305));
#5423 = CARTESIAN_POINT('',(2.872741686125,12.488145574656));
#5424 = CARTESIAN_POINT('',(2.859866596246,12.848131010874));
#5425 = CARTESIAN_POINT('',(2.847305487948,13.222085676386));
#5426 = CARTESIAN_POINT('',(2.835056869988,13.60902196258));
#5427 = CARTESIAN_POINT('',(2.814011076724,14.312445253347));
#5428 = CARTESIAN_POINT('',(2.805082748495,14.623931402249));
#5429 = CARTESIAN_POINT('',(2.796332072687,14.942126785983));
#5430 = CARTESIAN_POINT('',(2.787757243514,15.266700672117));
#5431 = CARTESIAN_POINT('',(2.779356515365,15.597352141623));
#5432 = CARTESIAN_POINT('',(2.77112818013,15.93381025191));
#5433 = CARTESIAN_POINT('',(2.75696394065,16.535042343327));
#5434 = CARTESIAN_POINT('',(2.750955401981,16.797446166451));
#5435 = CARTESIAN_POINT('',(2.745044212484,17.0629406067));
#5436 = CARTESIAN_POINT('',(2.739229718124,17.331427520519));
#5437 = CARTESIAN_POINT('',(2.733511326865,17.602815683329));
#5438 = CARTESIAN_POINT('',(2.727888508669,17.877020789522));
#5439 = CARTESIAN_POINT('',(2.707296620638,18.908697599214));
#5440 = CARTESIAN_POINT('',(2.692935582785,19.683933138409));
#5441 = CARTESIAN_POINT('',(2.679271842473,20.477957815732));
#5442 = CARTESIAN_POINT('',(2.666301938678,21.289377909511));
#5443 = CARTESIAN_POINT('',(2.654025056745,22.117076944921));
#5444 = CARTESIAN_POINT('',(2.642443296318,22.960172408176));
#5445 = CARTESIAN_POINT('',(2.619261571466,24.787636086665));
#5446 = CARTESIAN_POINT('',(2.607853650234,25.776290470136));
#5447 = CARTESIAN_POINT('',(2.597356781716,26.782141777301));
#5448 = CARTESIAN_POINT('',(2.587790579412,27.803593397158));
#5449 = CARTESIAN_POINT('',(2.579175460278,28.839223316542));
#5450 = CARTESIAN_POINT('',(2.571532440843,29.887761495123));
#5451 = CARTESIAN_POINT('',(2.557835177111,32.071876240436));
#5452 = CARTESIAN_POINT('',(2.551903347836,33.208931401091));
#5453 = CARTESIAN_POINT('',(2.547122020999,34.356442796649));
#5454 = CARTESIAN_POINT('',(2.543517320134,35.511783030096));
#5455 = CARTESIAN_POINT('',(2.541107108338,36.672442691758));
#5456 = CARTESIAN_POINT('',(2.539901134549,37.835985053716));
#5457 = CARTESIAN_POINT('',(2.539901134549,40.164437422527));
#5458 = CARTESIAN_POINT('',(2.5411079839,41.328401710041));
#5459 = CARTESIAN_POINT('',(2.543519944186,42.48948026516));
#5460 = CARTESIAN_POINT('',(2.547127253011,43.64523381436));
#5461 = CARTESIAN_POINT('',(2.551912022673,44.793150261879));
#5462 = CARTESIAN_POINT('',(2.557848093492,45.930599310307));
#5463 = CARTESIAN_POINT('',(2.571550888019,48.114786793025));
#5464 = CARTESIAN_POINT('',(2.579193898121,49.163024897371));
#5465 = CARTESIAN_POINT('',(2.587808479676,50.198361017229));
#5466 = CARTESIAN_POINT('',(2.597373630386,51.21952486818));
#5467 = CARTESIAN_POINT('',(2.607868941722,52.225094420045));
#5468 = CARTESIAN_POINT('',(2.619274802571,53.213473291866));
#5469 = CARTESIAN_POINT('',(2.651726482404,55.77153169619));
#5470 = CARTESIAN_POINT('',(2.674258658605,57.307852176657));
#5471 = CARTESIAN_POINT('',(2.699144762671,58.789199850048));
#5472 = CARTESIAN_POINT('',(2.726407421445,60.210045889842));
#5473 = CARTESIAN_POINT('',(2.756102637587,61.561114400479));
#5474 = CARTESIAN_POINT('',(2.788306410894,62.828361020605));
#5475 = CARTESIAN_POINT('',(2.835004205474,64.389236521869));
#5476 = CARTESIAN_POINT('',(2.847209667856,64.774902836678));
#5477 = CARTESIAN_POINT('',(2.859725469349,65.147679476833));
#5478 = CARTESIAN_POINT('',(2.872553099252,65.506589652798));
#5479 = CARTESIAN_POINT('',(2.885693851342,65.850579963499));
#5480 = CARTESIAN_POINT('',(2.899148928394,66.17851932648));
#5481 = CARTESIAN_POINT('',(2.924053586079,66.7403926973));
#5482 = CARTESIAN_POINT('',(2.935395678198,66.980343325276));
#5483 = CARTESIAN_POINT('',(2.946939850122,67.208251251401));
#5484 = CARTESIAN_POINT('',(2.958680043361,67.423337390159));
#5485 = CARTESIAN_POINT('',(2.970610121681,67.624840260842));
#5486 = CARTESIAN_POINT('',(2.982723878904,67.812014137268));
#5487 = CARTESIAN_POINT('',(3.014933390797,68.263043505969));
#5488 = CARTESIAN_POINT('',(3.035345964668,68.502804541373));
#5489 = CARTESIAN_POINT('',(3.0561597441,68.699130588401));
#5490 = CARTESIAN_POINT('',(3.077282556267,68.848777123279));
#5491 = CARTESIAN_POINT('',(3.098623038262,68.949492702157));
#5492 = CARTESIAN_POINT('',(3.120090208866,69.));
#5493 = CARTESIAN_POINT('',(3.14159265359,69.));
#5494 = ( GEOMETRIC_REPRESENTATION_CONTEXT(2) 
PARAMETRIC_REPRESENTATION_CONTEXT() REPRESENTATION_CONTEXT('2D SPACE',''
  ) );
#5495 = PCURVE('',#5496,#5501);
#5496 = CYLINDRICAL_SURFACE('',#5497,30.);
#5497 = AXIS2_PLACEMENT_3D('',#5498,#5499,#5500);
#5498 = CARTESIAN_POINT('',(-110.,0.,1.01278E+03));
#5499 = DIRECTION('',(1.,0.,0.));
#5500 = DIRECTION('',(0.,0.,1.));
#5501 = DEFINITIONAL_REPRESENTATION('',(#5502),#5685);
#5502 = B_SPLINE_CURVE_WITH_KNOTS('',7,(#5503,#5504,#5505,#5506,#5507,
    #5508,#5509,#5510,#5511,#5512,#5513,#5514,#5515,#5516,#5517,#5518,
    #5519,#5520,#5521,#5522,#5523,#5524,#5525,#5526,#5527,#5528,#5529,
    #5530,#5531,#5532,#5533,#5534,#5535,#5536,#5537,#5538,#5539,#5540,
    #5541,#5542,#5543,#5544,#5545,#5546,#5547,#5548,#5549,#5550,#5551,
    #5552,#5553,#5554,#5555,#5556,#5557,#5558,#5559,#5560,#5561,#5562,
    #5563,#5564,#5565,#5566,#5567,#5568,#5569,#5570,#5571,#5572,#5573,
    #5574,#5575,#5576,#5577,#5578,#5579,#5580,#5581,#5582,#5583,#5584,
    #5585,#5586,#5587,#5588,#5589,#5590,#5591,#5592,#5593,#5594,#5595,
    #5596,#5597,#5598,#5599,#5600,#5601,#5602,#5603,#5604,#5605,#5606,
    #5607,#5608,#5609,#5610,#5611,#5612,#5613,#5614,#5615,#5616,#5617,
    #5618,#5619,#5620,#5621,#5622,#5623,#5624,#5625,#5626,#5627,#5628,
    #5629,#5630,#5631,#5632,#5633,#5634,#5635,#5636,#5637,#5638,#5639,
    #5640,#5641,#5642,#5643,#5644,#5645,#5646,#5647,#5648,#5649,#5650,
    #5651,#5652,#5653,#5654,#5655,#5656,#5657,#5658,#5659,#5660,#5661,
    #5662,#5663,#5664,#5665,#5666,#5667,#5668,#5669,#5670,#5671,#5672,
    #5673,#5674,#5675,#5676,#5677,#5678,#5679,#5680,#5681,#5682,#5683,
    #5684),.UNSPECIFIED.,.F.,.F.,(8,6,6,6,6,6,6,6,6,6,6,6,6,6,6,6,6,6,6,
    6,6,6,6,6,6,6,6,6,6,6,8),(0.,3.356617520966E-02,5.431838495472E-02,
    8.00858554245E-02,9.974478047667E-02,0.114643601147,0.155246003371,
    0.201143264803,0.249789380498,0.298453152175,0.34433829059,
    0.419535767124,0.445242523864,0.466027359778,0.477219802409,
    0.499734591819,0.522219555413,0.533360822239,0.554135082554,
    0.579929932642,0.599609746583,0.614524398222,0.655169944266,
    0.701115974972,0.74981378035,0.798529260472,0.844463154846,
    0.919740533608,0.945474605456,0.966281526617,1.),.UNSPECIFIED.);
#5503 = CARTESIAN_POINT('',(0.,57.));
#5504 = CARTESIAN_POINT('',(3.78957304942E-02,57.));
#5505 = CARTESIAN_POINT('',(7.573003966007E-02,57.028450844257));
#5506 = CARTESIAN_POINT('',(0.113402791005,57.085186137397));
#5507 = CARTESIAN_POINT('',(0.150813574683,57.169285793606));
#5508 = CARTESIAN_POINT('',(0.187857358362,57.279085017206));
#5509 = CARTESIAN_POINT('',(0.224419924262,57.412224160917));
#5510 = CARTESIAN_POINT('',(0.282601054907,57.660649939499));
#5511 = CARTESIAN_POINT('',(0.304615419454,57.763431355619));
#5512 = CARTESIAN_POINT('',(0.326414383337,57.873532640128));
#5513 = CARTESIAN_POINT('',(0.347995370413,57.990384793954));
#5514 = CARTESIAN_POINT('',(0.369354989293,58.113404607571));
#5515 = CARTESIAN_POINT('',(0.390488991567,58.241998379574));
#5516 = CARTESIAN_POINT('',(0.437347228883,58.54141256716));
#5517 = CARTESIAN_POINT('',(0.462951399103,58.714959011472));
#5518 = CARTESIAN_POINT('',(0.488218833902,58.895215690773));
#5519 = CARTESIAN_POINT('',(0.513162421751,59.081236920219));
#5520 = CARTESIAN_POINT('',(0.5377942559,59.272122993834));
#5521 = CARTESIAN_POINT('',(0.562126043893,59.467022570791));
#5522 = CARTESIAN_POINT('',(0.604513142922,59.816282168491));
#5523 = CARTESIAN_POINT('',(0.622691576367,59.969321084399));
#5524 = CARTESIAN_POINT('',(0.640712331376,60.123917038185));
#5525 = CARTESIAN_POINT('',(0.658582707782,60.279752663002));
#5526 = CARTESIAN_POINT('',(0.676309908365,60.436527499985));
#5527 = CARTESIAN_POINT('',(0.693901155928,60.593957501836));
#5528 = CARTESIAN_POINT('',(0.724598153368,60.871378619066));
#5529 = CARTESIAN_POINT('',(0.737758595039,60.991204397516));
#5530 = CARTESIAN_POINT('',(0.750848283213,61.111135170895));
#5531 = CARTESIAN_POINT('',(0.763870302596,61.231057829697));
#5532 = CARTESIAN_POINT('',(0.776827674775,61.350862855773));
#5533 = CARTESIAN_POINT('',(0.789723358218,61.470444322336));
#5534 = CARTESIAN_POINT('',(0.83754345834,61.914696267394));
#5535 = CARTESIAN_POINT('',(0.872097465077,62.237339327728));
#5536 = CARTESIAN_POINT('',(0.906273532092,62.555482604255));
#5537 = CARTESIAN_POINT('',(0.940121261283,62.867148801077));
#5538 = CARTESIAN_POINT('',(0.973689140788,63.170495807775));
#5539 = CARTESIAN_POINT('',(1.007025092929,63.463782710081));
#5540 = CARTESIAN_POINT('',(1.077652212778,64.063605535659));
#5541 = CARTESIAN_POINT('',(1.114899984678,64.366947652892));
#5542 = CARTESIAN_POINT('',(1.151957990266,64.652671032499));
#5543 = CARTESIAN_POINT('',(1.188864106364,64.918261402885));
#5544 = CARTESIAN_POINT('',(1.225657086552,65.161400777445));
#5545 = CARTESIAN_POINT('',(1.262377213522,65.3799868914));
#5546 = CARTESIAN_POINT('',(1.337954091494,65.775827474127));
#5547 = CARTESIAN_POINT('',(1.376808025286,65.949827471095));
#5548 = CARTESIAN_POINT('',(1.415629815502,66.091669113479));
#5549 = CARTESIAN_POINT('',(1.45442700326,66.199409976806));
#5550 = CARTESIAN_POINT('',(1.493211089849,66.271716196653));
#5551 = CARTESIAN_POINT('',(1.531995828585,66.307895450093));
#5552 = CARTESIAN_POINT('',(1.609610907546,66.307895450093));
#5553 = CARTESIAN_POINT('',(1.648409710455,66.271689929696));
#5554 = CARTESIAN_POINT('',(1.687207864128,66.199331255494));
#5555 = CARTESIAN_POINT('',(1.726019140115,66.091512734376));
#5556 = CARTESIAN_POINT('',(1.764855053911,65.949570126302));
#5557 = CARTESIAN_POINT('',(1.803723153876,65.775448596154));
#5558 = CARTESIAN_POINT('',(1.879304629995,65.379459078297));
#5559 = CARTESIAN_POINT('',(1.916015309393,65.160879724496));
#5560 = CARTESIAN_POINT('',(1.952798929359,64.917762965899));
#5561 = CARTESIAN_POINT('',(1.989695705258,64.652209820986));
#5562 = CARTESIAN_POINT('',(2.026744325349,64.36653693707));
#5563 = CARTESIAN_POINT('',(2.063982601386,64.063257123299));
#5564 = CARTESIAN_POINT('',(2.16284735426,63.223591925039));
#5565 = CARTESIAN_POINT('',(2.224804412626,62.662506169072));
#5566 = CARTESIAN_POINT('',(2.287680289538,62.072091298272));
#5567 = CARTESIAN_POINT('',(2.351822505928,61.463252859471));
#5568 = CARTESIAN_POINT('',(2.417580115375,60.848445251091));
#5569 = CARTESIAN_POINT('',(2.485308426182,60.242877203819));
#5570 = CARTESIAN_POINT('',(2.579360822419,59.467889575249));
#5571 = CARTESIAN_POINT('',(2.603608268922,59.273641581595));
#5572 = CARTESIAN_POINT('',(2.62815364258,59.083376611065));
#5573 = CARTESIAN_POINT('',(2.653008555953,58.897936892932));
#5574 = CARTESIAN_POINT('',(2.678185000608,58.718212413138));
#5575 = CARTESIAN_POINT('',(2.703695750172,58.54513858205));
#5576 = CARTESIAN_POINT('',(2.750462704132,58.24592593769));
#5577 = CARTESIAN_POINT('',(2.771601643175,58.117124098926));
#5578 = CARTESIAN_POINT('',(2.792966459552,57.993889457977));
#5579 = CARTESIAN_POINT('',(2.814552930283,57.876816445543));
#5580 = CARTESIAN_POINT('',(2.836357689303,57.766489129502));
#5581 = CARTESIAN_POINT('',(2.8583781864,57.66347749344));
#5582 = CARTESIAN_POINT('',(2.89258569784,57.517099667244));
#5583 = CARTESIAN_POINT('',(2.904619192757,57.468153784517));
#5584 = CARTESIAN_POINT('',(2.916710384283,57.42159200439));
#5585 = CARTESIAN_POINT('',(2.928856626255,57.377504932794));
#5586 = CARTESIAN_POINT('',(2.941055372954,57.335977844213));
#5587 = CARTESIAN_POINT('',(2.953304179099,57.297090681681));
#5588 = CARTESIAN_POINT('',(2.990336459908,57.188152972452));
#5589 = CARTESIAN_POINT('',(3.015273725137,57.126347074536));
#5590 = CARTESIAN_POINT('',(3.040371003741,57.076185161792));
#5591 = CARTESIAN_POINT('',(3.065589040225,57.038194866763));
#5592 = CARTESIAN_POINT('',(3.090890048713,57.01273692804));
#5593 = CARTESIAN_POINT('',(3.116236955893,57.));
#5594 = CARTESIAN_POINT('',(3.166914762058,57.));
#5595 = CARTESIAN_POINT('',(3.192228089449,57.012703204646));
#5596 = CARTESIAN_POINT('',(3.21749567495,57.038093734778));
#5597 = CARTESIAN_POINT('',(3.242680591701,57.075983887842));
#5598 = CARTESIAN_POINT('',(3.267745204454,57.12601478427));
#5599 = CARTESIAN_POINT('',(3.292650417481,57.187661515271));
#5600 = CARTESIAN_POINT('',(3.329595954266,57.296206709354));
#5601 = CARTESIAN_POINT('',(3.341789767816,57.334861428997));
#5602 = CARTESIAN_POINT('',(3.35393403365,57.376133416723));
#5603 = CARTESIAN_POINT('',(3.366026332632,57.419943883945));
#5604 = CARTESIAN_POINT('',(3.378064146215,57.466208787751));
#5605 = CARTESIAN_POINT('',(3.390044856443,57.514838830897));
#5606 = CARTESIAN_POINT('',(3.424193708503,57.660649939529));
#5607 = CARTESIAN_POINT('',(3.446208073044,57.763431355626));
#5608 = CARTESIAN_POINT('',(3.468007036921,57.873532640102));
#5609 = CARTESIAN_POINT('',(3.489588023997,57.990384793923));
#5610 = CARTESIAN_POINT('',(3.510947642884,58.113404607575));
#5611 = CARTESIAN_POINT('',(3.532081645164,58.24199837962));
#5612 = CARTESIAN_POINT('',(3.578939882471,58.541412567152));
#5613 = CARTESIAN_POINT('',(3.604544052693,58.714959011471));
#5614 = CARTESIAN_POINT('',(3.629811487493,58.895215690779));
#5615 = CARTESIAN_POINT('',(3.654755075341,59.081236920227));
#5616 = CARTESIAN_POINT('',(3.67938690949,59.272122993835));
#5617 = CARTESIAN_POINT('',(3.703718697482,59.467022570784));
#5618 = CARTESIAN_POINT('',(3.746105796512,59.816282168492));
#5619 = CARTESIAN_POINT('',(3.764284229957,59.969321084401));
#5620 = CARTESIAN_POINT('',(3.782304984966,60.123917038186));
#5621 = CARTESIAN_POINT('',(3.800175361372,60.279752663002));
#5622 = CARTESIAN_POINT('',(3.817902561955,60.436527499985));
#5623 = CARTESIAN_POINT('',(3.835493809518,60.593957501837));
#5624 = CARTESIAN_POINT('',(3.866190806958,60.871378619067));
#5625 = CARTESIAN_POINT('',(3.879351248629,60.991204397518));
#5626 = CARTESIAN_POINT('',(3.892440936803,61.111135170897));
#5627 = CARTESIAN_POINT('',(3.905462956186,61.231057829698));
#5628 = CARTESIAN_POINT('',(3.918420328365,61.350862855775));
#5629 = CARTESIAN_POINT('',(3.931316011808,61.470444322338));
#5630 = CARTESIAN_POINT('',(3.979136112895,61.914696276356));
#5631 = CARTESIAN_POINT('',(4.013690117722,62.237339319312));
#5632 = CARTESIAN_POINT('',(4.047866184912,62.555482597101));
#5633 = CARTESIAN_POINT('',(4.081713915622,62.867148807501));
#5634 = CARTESIAN_POINT('',(4.115281795329,63.170495816359));
#5635 = CARTESIAN_POINT('',(4.148617745585,63.463782702152));
#5636 = CARTESIAN_POINT('',(4.219244866752,64.06360553892));
#5637 = CARTESIAN_POINT('',(4.256492637884,64.366947650286));
#5638 = CARTESIAN_POINT('',(4.293550643541,64.652671029856));
#5639 = CARTESIAN_POINT('',(4.330456760253,64.918261404538));
#5640 = CARTESIAN_POINT('',(4.36724974054,65.161400780317));
#5641 = CARTESIAN_POINT('',(4.40396986677,65.37998688961));
#5642 = CARTESIAN_POINT('',(4.479546745084,65.775827474131));
#5643 = CARTESIAN_POINT('',(4.518400678876,65.949827471096));
#5644 = CARTESIAN_POINT('',(4.557222469092,66.09166911348));
#5645 = CARTESIAN_POINT('',(4.596019656851,66.199409976807));
#5646 = CARTESIAN_POINT('',(4.634803743439,66.271716196653));
#5647 = CARTESIAN_POINT('',(4.673588482175,66.307895450093));
#5648 = CARTESIAN_POINT('',(4.751203561136,66.307895450093));
#5649 = CARTESIAN_POINT('',(4.790002364045,66.271689929696));
#5650 = CARTESIAN_POINT('',(4.828800517718,66.199331255494));
#5651 = CARTESIAN_POINT('',(4.867611793705,66.091512734375));
#5652 = CARTESIAN_POINT('',(4.906447707501,65.949570126302));
#5653 = CARTESIAN_POINT('',(4.945315807466,65.775448596155));
#5654 = CARTESIAN_POINT('',(5.020897283581,65.379459078316));
#5655 = CARTESIAN_POINT('',(5.057607962982,65.160879724503));
#5656 = CARTESIAN_POINT('',(5.094391582952,64.917762965882));
#5657 = CARTESIAN_POINT('',(5.131288358851,64.652209820961));
#5658 = CARTESIAN_POINT('',(5.168336978938,64.366536937069));
#5659 = CARTESIAN_POINT('',(5.205575254972,64.063257123333));
#5660 = CARTESIAN_POINT('',(5.30444000785,63.223591925039));
#5661 = CARTESIAN_POINT('',(5.366397066216,62.66250616908));
#5662 = CARTESIAN_POINT('',(5.429272943128,62.072091298262));
#5663 = CARTESIAN_POINT('',(5.493415159517,61.463252859487));
#5664 = CARTESIAN_POINT('',(5.559172768965,60.848445251088));
#5665 = CARTESIAN_POINT('',(5.626901079772,60.242877203824));
#5666 = CARTESIAN_POINT('',(5.72095347601,59.467889575243));
#5667 = CARTESIAN_POINT('',(5.745200922512,59.273641581599));
#5668 = CARTESIAN_POINT('',(5.769746296168,59.083376611076));
#5669 = CARTESIAN_POINT('',(5.794601209541,58.897936892942));
#5670 = CARTESIAN_POINT('',(5.819777654197,58.71821241314));
#5671 = CARTESIAN_POINT('',(5.845288403762,58.545138582046));
#5672 = CARTESIAN_POINT('',(5.892055357721,58.245925937694));
#5673 = CARTESIAN_POINT('',(5.913194296764,58.11712409893));
#5674 = CARTESIAN_POINT('',(5.934559113141,57.993889457981));
#5675 = CARTESIAN_POINT('',(5.956145583872,57.876816445547));
#5676 = CARTESIAN_POINT('',(5.977950342892,57.766489129506));
#5677 = CARTESIAN_POINT('',(5.999970839989,57.663477493445));
#5678 = CARTESIAN_POINT('',(6.058237158214,57.414149300798));
#5679 = CARTESIAN_POINT('',(6.094882153443,57.280407810963));
#5680 = CARTESIAN_POINT('',(6.132011355576,57.170097365264));
#5681 = CARTESIAN_POINT('',(6.169509932679,57.085597854286));
#5682 = CARTESIAN_POINT('',(6.207272328086,57.028589035981));
#5683 = CARTESIAN_POINT('',(6.245197654835,57.));
#5684 = CARTESIAN_POINT('',(6.28318530718,57.));
#5685 = ( GEOMETRIC_REPRESENTATION_CONTEXT(2) 
PARAMETRIC_REPRESENTATION_CONTEXT() REPRESENTATION_CONTEXT('2D SPACE',''
  ) );
#5686 = ORIENTED_EDGE('',*,*,#5687,.T.);
#5687 = EDGE_CURVE('',#5123,#4669,#5688,.T.);
#5688 = SURFACE_CURVE('',#5689,(#5872,#6058),.PCURVE_S1.);
#5689 = B_SPLINE_CURVE_WITH_KNOTS('',7,(#5690,#5691,#5692,#5693,#5694,
    #5695,#5696,#5697,#5698,#5699,#5700,#5701,#5702,#5703,#5704,#5705,
    #5706,#5707,#5708,#5709,#5710,#5711,#5712,#5713,#5714,#5715,#5716,
    #5717,#5718,#5719,#5720,#5721,#5722,#5723,#5724,#5725,#5726,#5727,
    #5728,#5729,#5730,#5731,#5732,#5733,#5734,#5735,#5736,#5737,#5738,
    #5739,#5740,#5741,#5742,#5743,#5744,#5745,#5746,#5747,#5748,#5749,
    #5750,#5751,#5752,#5753,#5754,#5755,#5756,#5757,#5758,#5759,#5760,
    #5761,#5762,#5763,#5764,#5765,#5766,#5767,#5768,#5769,#5770,#5771,
    #5772,#5773,#5774,#5775,#5776,#5777,#5778,#5779,#5780,#5781,#5782,
    #5783,#5784,#5785,#5786,#5787,#5788,#5789,#5790,#5791,#5792,#5793,
    #5794,#5795,#5796,#5797,#5798,#5799,#5800,#5801,#5802,#5803,#5804,
    #5805,#5806,#5807,#5808,#5809,#5810,#5811,#5812,#5813,#5814,#5815,
    #5816,#5817,#5818,#5819,#5820,#5821,#5822,#5823,#5824,#5825,#5826,
    #5827,#5828,#5829,#5830,#5831,#5832,#5833,#5834,#5835,#5836,#5837,
    #5838,#5839,#5840,#5841,#5842,#5843,#5844,#5845,#5846,#5847,#5848,
    #5849,#5850,#5851,#5852,#5853,#5854,#5855,#5856,#5857,#5858,#5859,
    #5860,#5861,#5862,#5863,#5864,#5865,#5866,#5867,#5868,#5869,#5870,
    #5871),.UNSPECIFIED.,.T.,.F.,(1,7,6,6,6,6,6,6,6,6,6,6,6,6,6,6,6,6,6,
    6,6,6,6,6,6,6,6,6,6,6,6,7,1),(-3.3718473383E-02,0.,
    3.356617520966E-02,5.431838495472E-02,8.00858554245E-02,
    9.974478047667E-02,0.114643601147,0.155246003371,0.201143264803,
    0.249789380498,0.298453152175,0.34433829059,0.419535767124,
    0.445242523864,0.466027359778,0.477219802409,0.499734591819,
    0.522219555413,0.533360822239,0.554135082554,0.579929932642,
    0.599609746583,0.614524398222,0.655169944266,0.701115974972,
    0.74981378035,0.798529260472,0.844463154846,0.919740533608,
    0.945474605456,0.966281526617,1.,1.03356617521),.UNSPECIFIED.);
#5690 = CARTESIAN_POINT('',(-53.,7.105427357601E-15,1.04278E+03));
#5691 = CARTESIAN_POINT('',(-53.,-1.136871914826,1.04278E+03));
#5692 = CARTESIAN_POINT('',(-52.97154915574,-2.271901239992,
    1.042729736841E+03));
#5693 = CARTESIAN_POINT('',(-52.9148138626,-3.399416926339,
    1.04262950449E+03));
#5694 = CARTESIAN_POINT('',(-52.83071420639,-4.513779742819,
    1.042480567876E+03));
#5695 = CARTESIAN_POINT('',(-52.72091498279,-5.609439877196,
    1.042285158772E+03));
#5696 = CARTESIAN_POINT('',(-52.58777583908,-6.680992687077,
    1.042046494563E+03));
#5697 = CARTESIAN_POINT('',(-52.3393500605,-8.367595003884,
    1.041597148158E+03));
#5698 = CARTESIAN_POINT('',(-52.23656864438,-9.001313499908,
    1.041410416099E+03));
#5699 = CARTESIAN_POINT('',(-52.12646735987,-9.623970052571,
    1.04120935421E+03));
#5700 = CARTESIAN_POINT('',(-52.00961520604,-10.23517402641,
    1.040994707054E+03));
#5701 = CARTESIAN_POINT('',(-51.88659539242,-10.83456211074,
    1.040767235102E+03));
#5702 = CARTESIAN_POINT('',(-51.75800162042,-11.42179824305,
    1.040527716586E+03));
#5703 = CARTESIAN_POINT('',(-51.45858743284,-12.71025682108,
    1.039965578296E+03));
#5704 = CARTESIAN_POINT('',(-51.28504098852,-13.40486478624,
    1.039636805467E+03));
#5705 = CARTESIAN_POINT('',(-51.10478430922,-14.08045862222,
    1.039291854425E+03));
#5706 = CARTESIAN_POINT('',(-50.91876307978,-14.737137016,
    1.038931868989E+03));
#5707 = CARTESIAN_POINT('',(-50.72787700616,-15.37503579227,
    1.038557914324E+03));
#5708 = CARTESIAN_POINT('',(-50.5329774292,-15.99432755843,
    1.038170978037E+03));
#5709 = CARTESIAN_POINT('',(-50.1837178315,-17.05366471991,
    1.037467554747E+03));
#5710 = CARTESIAN_POINT('',(-50.0306789156,-17.50146484088,
    1.037156068598E+03));
#5711 = CARTESIAN_POINT('',(-49.87608296181,-17.93876867053,
    1.036837873214E+03));
#5712 = CARTESIAN_POINT('',(-49.72024733699,-18.36572490087,
    1.036513299328E+03));
#5713 = CARTESIAN_POINT('',(-49.56347250001,-18.78248404664,
    1.036182647858E+03));
#5714 = CARTESIAN_POINT('',(-49.40604249816,-19.18919853395,
    1.035846189748E+03));
#5715 = CARTESIAN_POINT('',(-49.12862138093,-19.88676219334,
    1.035244957657E+03));
#5716 = CARTESIAN_POINT('',(-49.00879560248,-20.18181989119,
    1.034982553834E+03));
#5717 = CARTESIAN_POINT('',(-48.8888648291,-20.47126224972,
    1.034717059393E+03));
#5718 = CARTESIAN_POINT('',(-48.7689421703,-20.75515331518,
    1.034448572479E+03));
#5719 = CARTESIAN_POINT('',(-48.64913714422,-21.03355481281,
    1.034177184317E+03));
#5720 = CARTESIAN_POINT('',(-48.52955567766,-21.30652614682,
    1.03390297921E+03));
#5721 = CARTESIAN_POINT('',(-48.0853037326,-22.30338560604,
    1.032871302422E+03));
#5722 = CARTESIAN_POINT('',(-47.76266067227,-22.99289564705,
    1.032096066839E+03));
#5723 = CARTESIAN_POINT('',(-47.44451739574,-23.64362810653,
    1.031302042168E+03));
#5724 = CARTESIAN_POINT('',(-47.13285119892,-24.25647417235,
    1.03049062211E+03));
#5725 = CARTESIAN_POINT('',(-46.82950419222,-24.83221619999,
    1.029662923077E+03));
#5726 = CARTESIAN_POINT('',(-46.53621728991,-25.37150127544,
    1.028819827568E+03));
#5727 = CARTESIAN_POINT('',(-45.93639446434,-26.44376415401,
    1.026992363923E+03));
#5728 = CARTESIAN_POINT('',(-45.6330523471,-26.96686643424,
    1.026003709519E+03));
#5729 = CARTESIAN_POINT('',(-45.3473289675,-27.44431325913,
    1.024997858214E+03));
#5730 = CARTESIAN_POINT('',(-45.08173859711,-27.87625510229,
    1.023976406611E+03));
#5731 = CARTESIAN_POINT('',(-44.83859922255,-28.26276828592,
    1.022940776694E+03));
#5732 = CARTESIAN_POINT('',(-44.6200131086,-28.6038219962,
    1.021892238495E+03));
#5733 = CARTESIAN_POINT('',(-44.22417252587,-29.21236193581,
    1.01970812376E+03));
#5734 = CARTESIAN_POINT('',(-44.0501725289,-29.47422573655,
    1.018571068599E+03));
#5735 = CARTESIAN_POINT('',(-43.90833088652,-29.68422928752,
    1.017423557203E+03));
#5736 = CARTESIAN_POINT('',(-43.80059002319,-29.84200140491,
    1.01626821697E+03));
#5737 = CARTESIAN_POINT('',(-43.72828380334,-29.94730839639,
    1.015107557308E+03));
#5738 = CARTESIAN_POINT('',(-43.6921045499,-30.,1.013944014946E+03));
#5739 = CARTESIAN_POINT('',(-43.6921045499,-30.,1.011615562577E+03));
#5740 = CARTESIAN_POINT('',(-43.7283100703,-29.9472701411,
    1.01045159829E+03));
#5741 = CARTESIAN_POINT('',(-43.8006687445,-29.84188675492,
    1.009290519735E+03));
#5742 = CARTESIAN_POINT('',(-43.90848726562,-29.68400029031,
    1.008134766186E+03));
#5743 = CARTESIAN_POINT('',(-44.05042987369,-29.47384472294,
    1.006986849738E+03));
#5744 = CARTESIAN_POINT('',(-44.22455140384,-29.21179173422,
    1.00584940069E+03));
#5745 = CARTESIAN_POINT('',(-44.6205409217,-28.60299897885,
    1.003665213207E+03));
#5746 = CARTESIAN_POINT('',(-44.8391202755,-28.26194153439,
    1.002616975103E+03));
#5747 = CARTESIAN_POINT('',(-45.0822370341,-27.87544777856,
    1.001581638983E+03));
#5748 = CARTESIAN_POINT('',(-45.34779017901,-27.44354847809,
    1.000560475132E+03));
#5749 = CARTESIAN_POINT('',(-45.63346306293,-26.96616765893,
    999.55490557994));
#5750 = CARTESIAN_POINT('',(-45.9367428767,-26.44315555115,
    998.56652670803));
#5751 = CARTESIAN_POINT('',(-46.77640807496,-24.94210504389,
    996.00846830381));
#5752 = CARTESIAN_POINT('',(-47.33749383092,-23.88761950663,
    994.47214782332));
#5753 = CARTESIAN_POINT('',(-47.92790870172,-22.70740076665,
    992.99080014997));
#5754 = CARTESIAN_POINT('',(-48.53674714052,-21.39565114885,
    991.56995411012));
#5755 = CARTESIAN_POINT('',(-49.1515547489,-19.94501627084,
    990.21888559952));
#5756 = CARTESIAN_POINT('',(-49.75712279618,-18.34749887145,
    988.95163897938));
#5757 = CARTESIAN_POINT('',(-50.53211042475,-15.99698071927,
    987.39076347814));
#5758 = CARTESIAN_POINT('',(-50.7263584184,-15.37988237228,
    987.00509716331));
#5759 = CARTESIAN_POINT('',(-50.91662338893,-14.74430540547,
    986.63232052314));
#5760 = CARTESIAN_POINT('',(-51.10206310706,-14.09007822373,
    986.27341034718));
#5761 = CARTESIAN_POINT('',(-51.28178758686,-13.41706544511,
    985.92942003649));
#5762 = CARTESIAN_POINT('',(-51.45486141795,-12.72516824755,
    985.60148067352));
#5763 = CARTESIAN_POINT('',(-51.75407406231,-11.43958219458,
    985.03960730269));
#5764 = CARTESIAN_POINT('',(-51.88287590107,-10.85236236751,
    984.79965667471));
#5765 = CARTESIAN_POINT('',(-52.00611054202,-10.25297286598,
    984.57174874859));
#5766 = CARTESIAN_POINT('',(-52.12318355445,-9.641748538597,
    984.35666260983));
#5767 = CARTESIAN_POINT('',(-52.23351087049,-9.019051526551,
    984.15515973915));
#5768 = CARTESIAN_POINT('',(-52.33652250656,-8.385271339272,
    983.96798586272));
#5769 = CARTESIAN_POINT('',(-52.48290033275,-7.393796476585,
    983.70319150537));
#5770 = CARTESIAN_POINT('',(-52.53184621548,-7.043721284336,
    983.61488981997));
#5771 = CARTESIAN_POINT('',(-52.57840799561,-6.690737220891,
    983.53109880126));
#5772 = CARTESIAN_POINT('',(-52.6224950672,-6.334984326435,
    983.4519419925));
#5773 = CARTESIAN_POINT('',(-52.66402215578,-5.976604813779,
    983.37753542523));
#5774 = CARTESIAN_POINT('',(-52.70290931831,-5.615743068362,
    983.30798761925));
#5775 = CARTESIAN_POINT('',(-52.81184702754,-4.521935387571,
    983.11347387385));
#5776 = CARTESIAN_POINT('',(-52.87365292546,-3.781623901082,
    983.00357397419));
#5777 = CARTESIAN_POINT('',(-52.9238148382,-3.033456912408,
    982.91466604975));
#5778 = CARTESIAN_POINT('',(-52.96180513323,-2.279309619989,
    982.84747759612));
#5779 = CARTESIAN_POINT('',(-52.98726307196,-1.521078149505,
    982.80250190698));
#5780 = CARTESIAN_POINT('',(-53.,-0.760670930902,982.78));
#5781 = CARTESIAN_POINT('',(-53.,0.759663254054,982.78));
#5782 = CARTESIAN_POINT('',(-52.98729679535,1.519063079011,
    982.80244232899));
#5783 = CARTESIAN_POINT('',(-52.96190626522,2.276295030153,
    982.84729892963));
#5784 = CARTESIAN_POINT('',(-52.92401611215,3.029458231853,
    982.91431008359));
#5785 = CARTESIAN_POINT('',(-52.87398521573,3.776664022753,
    983.00298501986));
#5786 = CARTESIAN_POINT('',(-52.81233848472,4.516044521386,
    983.11260000003));
#5787 = CARTESIAN_POINT('',(-52.70379329064,5.607334623912,
    983.30640746017));
#5788 = CARTESIAN_POINT('',(-52.665138571,5.966596301437,983.37553698487
    ));
#5789 = CARTESIAN_POINT('',(-52.62386658327,6.323401333782,
    983.44948289648));
#5790 = CARTESIAN_POINT('',(-52.58005611605,6.67760701879,983.5281382331
    ));
#5791 = CARTESIAN_POINT('',(-52.53379121224,7.029072763174,
    983.61138862907));
#5792 = CARTESIAN_POINT('',(-52.4851611691,7.37766008252,983.69911231491
    ));
#5793 = CARTESIAN_POINT('',(-52.33935006047,8.367595004087,
    983.96285184243));
#5794 = CARTESIAN_POINT('',(-52.23656864437,9.00131349992,
    984.14958390084));
#5795 = CARTESIAN_POINT('',(-52.12646735989,9.623970052411,
    984.35064578963));
#5796 = CARTESIAN_POINT('',(-52.00961520607,10.235174026275,
    984.56529294624));
#5797 = CARTESIAN_POINT('',(-51.88659539242,10.834562110789,
    984.79276489841));
#5798 = CARTESIAN_POINT('',(-51.75800162038,11.421798243256,
    985.03228341411));
#5799 = CARTESIAN_POINT('',(-51.45858743284,12.710256821053,
    985.59442170356));
#5800 = CARTESIAN_POINT('',(-51.28504098852,13.404864786238,
    985.92319453305));
#5801 = CARTESIAN_POINT('',(-51.10478430922,14.08045862225,
    986.26814557465));
#5802 = CARTESIAN_POINT('',(-50.91876307977,14.737137016034,
    986.62813101087));
#5803 = CARTESIAN_POINT('',(-50.72787700616,15.375035792275,
    987.00208567638));
#5804 = CARTESIAN_POINT('',(-50.53297742921,15.99432755841,
    987.38902196258));
#5805 = CARTESIAN_POINT('',(-50.1837178315,17.053664719915,
    988.09244525334));
#5806 = CARTESIAN_POINT('',(-50.03067891559,17.501464840891,
    988.40393140225));
#5807 = CARTESIAN_POINT('',(-49.87608296181,17.938768670537,
    988.72212678598));
#5808 = CARTESIAN_POINT('',(-49.72024733699,18.365724900878,
    989.04670067211));
#5809 = CARTESIAN_POINT('',(-49.56347250001,18.782484046649,
    989.37735214162));
#5810 = CARTESIAN_POINT('',(-49.40604249816,19.189198533952,
    989.71381025191));
#5811 = CARTESIAN_POINT('',(-49.12862138093,19.886762193352,
    990.31504234332));
#5812 = CARTESIAN_POINT('',(-49.00879560248,20.181819891197,
    990.57744616645));
#5813 = CARTESIAN_POINT('',(-48.8888648291,20.471262249724,
    990.8429406067));
#5814 = CARTESIAN_POINT('',(-48.7689421703,20.755153315189,
    991.11142752051));
#5815 = CARTESIAN_POINT('',(-48.64913714422,21.033554812821,
    991.38281568332));
#5816 = CARTESIAN_POINT('',(-48.52955567766,21.306526146825,
    991.65702078952));
#5817 = CARTESIAN_POINT('',(-48.08530372364,22.303385626154,
    992.68869759921));
#5818 = CARTESIAN_POINT('',(-47.76266068068,22.992895630321,
    993.4639331384));
#5819 = CARTESIAN_POINT('',(-47.44451740289,23.643628090652,
    994.25795781573));
#5820 = CARTESIAN_POINT('',(-47.13285119249,24.256474183964,
    995.06937790951));
#5821 = CARTESIAN_POINT('',(-46.82950418364,24.83221621766,
    995.89707694492));
#5822 = CARTESIAN_POINT('',(-46.53621729784,25.371501261275,
    996.74017240817));
#5823 = CARTESIAN_POINT('',(-45.93639446108,26.443764159844,
    998.56763608666));
#5824 = CARTESIAN_POINT('',(-45.63305234971,26.966866429893,
    999.55629047013));
#5825 = CARTESIAN_POINT('',(-45.34732897014,27.444313254448,
    1.000562141777E+03));
#5826 = CARTESIAN_POINT('',(-45.08173859546,27.876255104868,
    1.001583593397E+03));
#5827 = CARTESIAN_POINT('',(-44.83859921968,28.26276829081,
    1.002619223317E+03));
#5828 = CARTESIAN_POINT('',(-44.62001311039,28.60382199345,
    1.003667761495E+03));
#5829 = CARTESIAN_POINT('',(-44.22417252586,29.212361935817,
    1.00585187624E+03));
#5830 = CARTESIAN_POINT('',(-44.0501725289,29.474225736556,
    1.006988931401E+03));
#5831 = CARTESIAN_POINT('',(-43.90833088652,29.68422928753,
    1.008136442797E+03));
#5832 = CARTESIAN_POINT('',(-43.80059002319,29.842001404916,
    1.00929178303E+03));
#5833 = CARTESIAN_POINT('',(-43.72828380334,29.94730839639,
    1.010452442692E+03));
#5834 = CARTESIAN_POINT('',(-43.6921045499,30.,1.011615985054E+03));
#5835 = CARTESIAN_POINT('',(-43.6921045499,30.,1.013944437423E+03));
#5836 = CARTESIAN_POINT('',(-43.7283100703,29.9472701411,
    1.01510840171E+03));
#5837 = CARTESIAN_POINT('',(-43.8006687445,29.841886754922,
    1.016269480265E+03));
#5838 = CARTESIAN_POINT('',(-43.90848726562,29.684000290315,
    1.017425233814E+03));
#5839 = CARTESIAN_POINT('',(-44.05042987369,29.473844722946,
    1.018573150262E+03));
#5840 = CARTESIAN_POINT('',(-44.22455140384,29.211791734225,
    1.01971059931E+03));
#5841 = CARTESIAN_POINT('',(-44.62054092168,28.602998978886,
    1.021894786793E+03));
#5842 = CARTESIAN_POINT('',(-44.83912027549,28.261941534407,
    1.022943024897E+03));
#5843 = CARTESIAN_POINT('',(-45.08223703411,27.875447778534,
    1.023978361017E+03));
#5844 = CARTESIAN_POINT('',(-45.34779017903,27.443548478047,
    1.024999524868E+03));
#5845 = CARTESIAN_POINT('',(-45.63346306293,26.966167658931,
    1.02600509442E+03));
#5846 = CARTESIAN_POINT('',(-45.93674287666,26.443155551214,
    1.026993473292E+03));
#5847 = CARTESIAN_POINT('',(-46.77640807496,24.942105043894,
    1.029551531696E+03));
#5848 = CARTESIAN_POINT('',(-47.33749383092,23.887619506657,
    1.031087852177E+03));
#5849 = CARTESIAN_POINT('',(-47.92790870173,22.707400766626,
    1.03256919985E+03));
#5850 = CARTESIAN_POINT('',(-48.53674714051,21.395651148896,
    1.03399004589E+03));
#5851 = CARTESIAN_POINT('',(-49.15155474891,19.945016270828,
    1.0353411144E+03));
#5852 = CARTESIAN_POINT('',(-49.75712279617,18.347498871469,
    1.036608361021E+03));
#5853 = CARTESIAN_POINT('',(-50.53211042475,15.996980719255,
    1.038169236522E+03));
#5854 = CARTESIAN_POINT('',(-50.7263584184,15.379882372293,
    1.038554902837E+03));
#5855 = CARTESIAN_POINT('',(-50.91662338892,14.744305405514,
    1.038927679477E+03));
#5856 = CARTESIAN_POINT('',(-51.10206310705,14.090078223768,
    1.039286589653E+03));
#5857 = CARTESIAN_POINT('',(-51.28178758686,13.417065445123,
    1.039630579963E+03));
#5858 = CARTESIAN_POINT('',(-51.45486141795,12.725168247539,
    1.039958519326E+03));
#5859 = CARTESIAN_POINT('',(-51.7540740623,11.439582194604,
    1.040520392697E+03));
#5860 = CARTESIAN_POINT('',(-51.88287590107,10.852362367531,
    1.040760343325E+03));
#5861 = CARTESIAN_POINT('',(-52.00611054201,10.252972866001,
    1.040988251251E+03));
#5862 = CARTESIAN_POINT('',(-52.12318355445,9.641748538618,
    1.04120333739E+03));
#5863 = CARTESIAN_POINT('',(-52.23351087049,9.019051526574,
    1.041404840261E+03));
#5864 = CARTESIAN_POINT('',(-52.33652250655,8.385271339299,
    1.041592014137E+03));
#5865 = CARTESIAN_POINT('',(-52.5858506992,6.696472960541,
    1.042043043506E+03));
#5866 = CARTESIAN_POINT('',(-52.71959218903,5.622624898456,
    1.042282804541E+03));
#5867 = CARTESIAN_POINT('',(-52.82990263473,4.524514009792,
    1.042479130588E+03));
#5868 = CARTESIAN_POINT('',(-52.91440214571,3.407574976398,
    1.042628777123E+03));
#5869 = CARTESIAN_POINT('',(-52.97141096401,2.277389423692,
    1.042729492702E+03));
#5870 = CARTESIAN_POINT('',(-53.,1.139629570348,1.04278E+03));
#5871 = CARTESIAN_POINT('',(-53.,7.105427357601E-15,1.04278E+03));
#5872 = PCURVE('',#3473,#5873);
#5873 = DEFINITIONAL_REPRESENTATION('',(#5874),#6057);
#5874 = B_SPLINE_CURVE_WITH_KNOTS('',7,(#5875,#5876,#5877,#5878,#5879,
    #5880,#5881,#5882,#5883,#5884,#5885,#5886,#5887,#5888,#5889,#5890,
    #5891,#5892,#5893,#5894,#5895,#5896,#5897,#5898,#5899,#5900,#5901,
    #5902,#5903,#5904,#5905,#5906,#5907,#5908,#5909,#5910,#5911,#5912,
    #5913,#5914,#5915,#5916,#5917,#5918,#5919,#5920,#5921,#5922,#5923,
    #5924,#5925,#5926,#5927,#5928,#5929,#5930,#5931,#5932,#5933,#5934,
    #5935,#5936,#5937,#5938,#5939,#5940,#5941,#5942,#5943,#5944,#5945,
    #5946,#5947,#5948,#5949,#5950,#5951,#5952,#5953,#5954,#5955,#5956,
    #5957,#5958,#5959,#5960,#5961,#5962,#5963,#5964,#5965,#5966,#5967,
    #5968,#5969,#5970,#5971,#5972,#5973,#5974,#5975,#5976,#5977,#5978,
    #5979,#5980,#5981,#5982,#5983,#5984,#5985,#5986,#5987,#5988,#5989,
    #5990,#5991,#5992,#5993,#5994,#5995,#5996,#5997,#5998,#5999,#6000,
    #6001,#6002,#6003,#6004,#6005,#6006,#6007,#6008,#6009,#6010,#6011,
    #6012,#6013,#6014,#6015,#6016,#6017,#6018,#6019,#6020,#6021,#6022,
    #6023,#6024,#6025,#6026,#6027,#6028,#6029,#6030,#6031,#6032,#6033,
    #6034,#6035,#6036,#6037,#6038,#6039,#6040,#6041,#6042,#6043,#6044,
    #6045,#6046,#6047,#6048,#6049,#6050,#6051,#6052,#6053,#6054,#6055,
    #6056),.UNSPECIFIED.,.T.,.F.,(1,7,6,6,6,6,6,6,6,6,6,6,6,6,6,6,6,6,6,
    6,6,6,6,6,6,6,6,6,6,6,6,7,1),(-3.3718473383E-02,0.,
    3.356617520966E-02,5.431838495472E-02,8.00858554245E-02,
    9.974478047667E-02,0.114643601147,0.155246003371,0.201143264803,
    0.249789380498,0.298453152175,0.34433829059,0.419535767124,
    0.445242523864,0.466027359778,0.477219802409,0.499734591819,
    0.522219555413,0.533360822239,0.554135082554,0.579929932642,
    0.599609746583,0.614524398222,0.655169944266,0.701115974972,
    0.74981378035,0.798529260472,0.844463154846,0.919740533608,
    0.945474605456,0.966281526617,1.,1.03356617521),.UNSPECIFIED.);
#5875 = CARTESIAN_POINT('',(3.14159265359,69.));
#5876 = CARTESIAN_POINT('',(3.163043067077,69.));
#5877 = CARTESIAN_POINT('',(3.184458718242,68.949736840787));
#5878 = CARTESIAN_POINT('',(3.205748707964,68.849504490033));
#5879 = CARTESIAN_POINT('',(3.226822563885,68.700567875971));
#5880 = CARTESIAN_POINT('',(3.24758943405,68.505158772374));
#5881 = CARTESIAN_POINT('',(3.267957661536,68.266494562586));
#5882 = CARTESIAN_POINT('',(3.300123697626,67.817148157617));
#5883 = CARTESIAN_POINT('',(3.312235610477,67.630416099172));
#5884 = CARTESIAN_POINT('',(3.324164194598,67.429354210322));
#5885 = CARTESIAN_POINT('',(3.335903228017,67.2147070537));
#5886 = CARTESIAN_POINT('',(3.347446558394,66.987235101589));
#5887 = CARTESIAN_POINT('',(3.358788110617,66.747716585975));
#5888 = CARTESIAN_POINT('',(3.383746419485,66.185578296416));
#5889 = CARTESIAN_POINT('',(3.397253257187,65.856805466946));
#5890 = CARTESIAN_POINT('',(3.410443621054,65.511854425357));
#5891 = CARTESIAN_POINT('',(3.423318710933,65.151868989142));
#5892 = CARTESIAN_POINT('',(3.435879819231,64.777914323617));
#5893 = CARTESIAN_POINT('',(3.448128437192,64.390978037404));
#5894 = CARTESIAN_POINT('',(3.469174230456,63.687554746656));
#5895 = CARTESIAN_POINT('',(3.478102558684,63.376068597754));
#5896 = CARTESIAN_POINT('',(3.486853234492,63.057873214019));
#5897 = CARTESIAN_POINT('',(3.495428063665,62.733299327884));
#5898 = CARTESIAN_POINT('',(3.503828791815,62.402647858377));
#5899 = CARTESIAN_POINT('',(3.51205712705,62.066189748091));
#5900 = CARTESIAN_POINT('',(3.526221366529,61.464957656675));
#5901 = CARTESIAN_POINT('',(3.532229905199,61.202553833552));
#5902 = CARTESIAN_POINT('',(3.538141094696,60.937059393303));
#5903 = CARTESIAN_POINT('',(3.543955589056,60.668572479484));
#5904 = CARTESIAN_POINT('',(3.549673980315,60.397184316675));
#5905 = CARTESIAN_POINT('',(3.555296798511,60.122979210482));
#5906 = CARTESIAN_POINT('',(3.575888686126,59.091302421599));
#5907 = CARTESIAN_POINT('',(3.590249724748,58.31606683888));
#5908 = CARTESIAN_POINT('',(3.603913465035,57.52204216753));
#5909 = CARTESIAN_POINT('',(3.616883368251,56.710622109709));
#5910 = CARTESIAN_POINT('',(3.629160250063,55.88292307731));
#5911 = CARTESIAN_POINT('',(3.640742011168,55.039827567667));
#5912 = CARTESIAN_POINT('',(3.663923735587,53.212363923271));
#5913 = CARTESIAN_POINT('',(3.675331657041,52.223709519283));
#5914 = CARTESIAN_POINT('',(3.685828525565,51.217858214487));
#5915 = CARTESIAN_POINT('',(3.69539472771,50.196406611434));
#5916 = CARTESIAN_POINT('',(3.704009846795,49.160776694276));
#5917 = CARTESIAN_POINT('',(3.711652866398,48.112238494996));
#5918 = CARTESIAN_POINT('',(3.725350130069,45.928123759587));
#5919 = CARTESIAN_POINT('',(3.731281959344,44.791068598919));
#5920 = CARTESIAN_POINT('',(3.73606328618,43.643557203365));
#5921 = CARTESIAN_POINT('',(3.739667987046,42.488216969916));
#5922 = CARTESIAN_POINT('',(3.742078198841,41.327557308245));
#5923 = CARTESIAN_POINT('',(3.74328417263,40.164014946291));
#5924 = CARTESIAN_POINT('',(3.74328417263,37.835562577467));
#5925 = CARTESIAN_POINT('',(3.742077323279,36.671598289962));
#5926 = CARTESIAN_POINT('',(3.739665362993,35.51051973484));
#5927 = CARTESIAN_POINT('',(3.736058054169,34.354766185639));
#5928 = CARTESIAN_POINT('',(3.731273284506,33.206849738125));
#5929 = CARTESIAN_POINT('',(3.725337213688,32.069400689688));
#5930 = CARTESIAN_POINT('',(3.71163441916,29.885213206872));
#5931 = CARTESIAN_POINT('',(3.703991409058,28.836975102621));
#5932 = CARTESIAN_POINT('',(3.695376827504,27.801638982856));
#5933 = CARTESIAN_POINT('',(3.685811676794,26.780475131901));
#5934 = CARTESIAN_POINT('',(3.675316365458,25.77490557994));
#5935 = CARTESIAN_POINT('',(3.663910504607,24.78652670803));
#5936 = CARTESIAN_POINT('',(3.631458824776,22.228468303811));
#5937 = CARTESIAN_POINT('',(3.608926648574,20.692147823321));
#5938 = CARTESIAN_POINT('',(3.58404054451,19.210800149978));
#5939 = CARTESIAN_POINT('',(3.556777885734,17.78995411012));
#5940 = CARTESIAN_POINT('',(3.527082669593,16.438885599529));
#5941 = CARTESIAN_POINT('',(3.494878896286,15.171638979385));
#5942 = CARTESIAN_POINT('',(3.448181101706,13.610763478142));
#5943 = CARTESIAN_POINT('',(3.435975639323,13.225097163315));
#5944 = CARTESIAN_POINT('',(3.42345983783,12.852320523146));
#5945 = CARTESIAN_POINT('',(3.410632207927,12.493410347183));
#5946 = CARTESIAN_POINT('',(3.397491455837,12.149420036497));
#5947 = CARTESIAN_POINT('',(3.384036378786,11.821480673527));
#5948 = CARTESIAN_POINT('',(3.3591317211,11.259607302691));
#5949 = CARTESIAN_POINT('',(3.347789628981,11.019656674716));
#5950 = CARTESIAN_POINT('',(3.336245457057,10.791748748592));
#5951 = CARTESIAN_POINT('',(3.324505263818,10.576662609834));
#5952 = CARTESIAN_POINT('',(3.312575185498,10.375159739151));
#5953 = CARTESIAN_POINT('',(3.300461428275,10.187985862724));
#5954 = CARTESIAN_POINT('',(3.281551579839,9.923191505373));
#5955 = CARTESIAN_POINT('',(3.274882337299,9.834889819971));
#5956 = CARTESIAN_POINT('',(3.268164892885,9.751098801262));
#5957 = CARTESIAN_POINT('',(3.261401604989,9.671941992504));
#5958 = CARTESIAN_POINT('',(3.254594830348,9.597535425232));
#5959 = CARTESIAN_POINT('',(3.247746924045,9.527987619258));
#5960 = CARTESIAN_POINT('',(3.227006940706,9.333473873851));
#5961 = CARTESIAN_POINT('',(3.212991993363,9.223573974198));
#5962 = CARTESIAN_POINT('',(3.198846990353,9.134666049756));
#5963 = CARTESIAN_POINT('',(3.18460332362,9.067477596124));
#5964 = CARTESIAN_POINT('',(3.170292241574,9.022501906988));
#5965 = CARTESIAN_POINT('',(3.155944935305,9.));
#5966 = CARTESIAN_POINT('',(3.127259384645,9.));
#5967 = CARTESIAN_POINT('',(3.112931085802,9.02244232899));
#5968 = CARTESIAN_POINT('',(3.098638881775,9.067298929639));
#5969 = CARTESIAN_POINT('',(3.084413840241,9.134310083597));
#5970 = CARTESIAN_POINT('',(3.070287086027,9.222985019861));
#5971 = CARTESIAN_POINT('',(3.0562898868,9.332600000039));
#5972 = CARTESIAN_POINT('',(3.035597904882,9.526407460175));
#5973 = CARTESIAN_POINT('',(3.028780481526,9.595536984874));
#5974 = CARTESIAN_POINT('',(3.022003765894,9.669482896483));
#5975 = CARTESIAN_POINT('',(3.015270085756,9.748138233107));
#5976 = CARTESIAN_POINT('',(3.008581770954,9.83138862907));
#5977 = CARTESIAN_POINT('',(3.001941153409,9.919112314911));
#5978 = CARTESIAN_POINT('',(2.98306160955,10.182851842437));
#5979 = CARTESIAN_POINT('',(2.970949696702,10.369583900842));
#5980 = CARTESIAN_POINT('',(2.959021112584,10.570645789631));
#5981 = CARTESIAN_POINT('',(2.947282079165,10.785292946242));
#5982 = CARTESIAN_POINT('',(2.935738748784,11.012764898418));
#5983 = CARTESIAN_POINT('',(2.924397196559,11.252283414112));
#5984 = CARTESIAN_POINT('',(2.899438887695,11.814421703568));
#5985 = CARTESIAN_POINT('',(2.885932049993,12.14319453305));
#5986 = CARTESIAN_POINT('',(2.872741686125,12.488145574656));
#5987 = CARTESIAN_POINT('',(2.859866596246,12.848131010874));
#5988 = CARTESIAN_POINT('',(2.847305487948,13.222085676386));
#5989 = CARTESIAN_POINT('',(2.835056869988,13.60902196258));
#5990 = CARTESIAN_POINT('',(2.814011076724,14.312445253347));
#5991 = CARTESIAN_POINT('',(2.805082748495,14.623931402249));
#5992 = CARTESIAN_POINT('',(2.796332072687,14.942126785983));
#5993 = CARTESIAN_POINT('',(2.787757243514,15.266700672117));
#5994 = CARTESIAN_POINT('',(2.779356515365,15.597352141623));
#5995 = CARTESIAN_POINT('',(2.77112818013,15.93381025191));
#5996 = CARTESIAN_POINT('',(2.75696394065,16.535042343327));
#5997 = CARTESIAN_POINT('',(2.750955401981,16.797446166451));
#5998 = CARTESIAN_POINT('',(2.745044212484,17.0629406067));
#5999 = CARTESIAN_POINT('',(2.739229718124,17.331427520519));
#6000 = CARTESIAN_POINT('',(2.733511326865,17.602815683329));
#6001 = CARTESIAN_POINT('',(2.727888508669,17.877020789522));
#6002 = CARTESIAN_POINT('',(2.707296620638,18.908697599214));
#6003 = CARTESIAN_POINT('',(2.692935582785,19.683933138409));
#6004 = CARTESIAN_POINT('',(2.679271842473,20.477957815732));
#6005 = CARTESIAN_POINT('',(2.666301938678,21.289377909511));
#6006 = CARTESIAN_POINT('',(2.654025056745,22.117076944921));
#6007 = CARTESIAN_POINT('',(2.642443296318,22.960172408176));
#6008 = CARTESIAN_POINT('',(2.619261571466,24.787636086665));
#6009 = CARTESIAN_POINT('',(2.607853650234,25.776290470136));
#6010 = CARTESIAN_POINT('',(2.597356781716,26.782141777301));
#6011 = CARTESIAN_POINT('',(2.587790579412,27.803593397158));
#6012 = CARTESIAN_POINT('',(2.579175460278,28.839223316542));
#6013 = CARTESIAN_POINT('',(2.571532440843,29.887761495123));
#6014 = CARTESIAN_POINT('',(2.557835177111,32.071876240436));
#6015 = CARTESIAN_POINT('',(2.551903347836,33.208931401091));
#6016 = CARTESIAN_POINT('',(2.547122020999,34.356442796649));
#6017 = CARTESIAN_POINT('',(2.543517320134,35.511783030096));
#6018 = CARTESIAN_POINT('',(2.541107108338,36.672442691758));
#6019 = CARTESIAN_POINT('',(2.539901134549,37.835985053716));
#6020 = CARTESIAN_POINT('',(2.539901134549,40.164437422527));
#6021 = CARTESIAN_POINT('',(2.5411079839,41.328401710041));
#6022 = CARTESIAN_POINT('',(2.543519944186,42.48948026516));
#6023 = CARTESIAN_POINT('',(2.547127253011,43.64523381436));
#6024 = CARTESIAN_POINT('',(2.551912022673,44.793150261879));
#6025 = CARTESIAN_POINT('',(2.557848093492,45.930599310307));
#6026 = CARTESIAN_POINT('',(2.571550888019,48.114786793025));
#6027 = CARTESIAN_POINT('',(2.579193898121,49.163024897371));
#6028 = CARTESIAN_POINT('',(2.587808479676,50.198361017229));
#6029 = CARTESIAN_POINT('',(2.597373630386,51.21952486818));
#6030 = CARTESIAN_POINT('',(2.607868941722,52.225094420045));
#6031 = CARTESIAN_POINT('',(2.619274802571,53.213473291866));
#6032 = CARTESIAN_POINT('',(2.651726482404,55.77153169619));
#6033 = CARTESIAN_POINT('',(2.674258658605,57.307852176657));
#6034 = CARTESIAN_POINT('',(2.699144762671,58.789199850048));
#6035 = CARTESIAN_POINT('',(2.726407421445,60.210045889842));
#6036 = CARTESIAN_POINT('',(2.756102637587,61.561114400479));
#6037 = CARTESIAN_POINT('',(2.788306410894,62.828361020605));
#6038 = CARTESIAN_POINT('',(2.835004205474,64.389236521869));
#6039 = CARTESIAN_POINT('',(2.847209667856,64.774902836678));
#6040 = CARTESIAN_POINT('',(2.859725469349,65.147679476833));
#6041 = CARTESIAN_POINT('',(2.872553099252,65.506589652798));
#6042 = CARTESIAN_POINT('',(2.885693851342,65.850579963499));
#6043 = CARTESIAN_POINT('',(2.899148928394,66.17851932648));
#6044 = CARTESIAN_POINT('',(2.924053586079,66.7403926973));
#6045 = CARTESIAN_POINT('',(2.935395678198,66.980343325276));
#6046 = CARTESIAN_POINT('',(2.946939850122,67.208251251401));
#6047 = CARTESIAN_POINT('',(2.958680043361,67.423337390159));
#6048 = CARTESIAN_POINT('',(2.970610121681,67.624840260842));
#6049 = CARTESIAN_POINT('',(2.982723878904,67.812014137268));
#6050 = CARTESIAN_POINT('',(3.014933390797,68.263043505969));
#6051 = CARTESIAN_POINT('',(3.035345964668,68.502804541373));
#6052 = CARTESIAN_POINT('',(3.0561597441,68.699130588401));
#6053 = CARTESIAN_POINT('',(3.077282556267,68.848777123279));
#6054 = CARTESIAN_POINT('',(3.098623038262,68.949492702157));
#6055 = CARTESIAN_POINT('',(3.120090208866,69.));
#6056 = CARTESIAN_POINT('',(3.14159265359,69.));
#6057 = ( GEOMETRIC_REPRESENTATION_CONTEXT(2) 
PARAMETRIC_REPRESENTATION_CONTEXT() REPRESENTATION_CONTEXT('2D SPACE',''
  ) );
#6058 = PCURVE('',#6059,#6064);
#6059 = CYLINDRICAL_SURFACE('',#6060,30.);
#6060 = AXIS2_PLACEMENT_3D('',#6061,#6062,#6063);
#6061 = CARTESIAN_POINT('',(-110.,0.,1.01278E+03));
#6062 = DIRECTION('',(1.,0.,0.));
#6063 = DIRECTION('',(0.,0.,1.));
#6064 = DEFINITIONAL_REPRESENTATION('',(#6065),#6248);
#6065 = B_SPLINE_CURVE_WITH_KNOTS('',7,(#6066,#6067,#6068,#6069,#6070,
    #6071,#6072,#6073,#6074,#6075,#6076,#6077,#6078,#6079,#6080,#6081,
    #6082,#6083,#6084,#6085,#6086,#6087,#6088,#6089,#6090,#6091,#6092,
    #6093,#6094,#6095,#6096,#6097,#6098,#6099,#6100,#6101,#6102,#6103,
    #6104,#6105,#6106,#6107,#6108,#6109,#6110,#6111,#6112,#6113,#6114,
    #6115,#6116,#6117,#6118,#6119,#6120,#6121,#6122,#6123,#6124,#6125,
    #6126,#6127,#6128,#6129,#6130,#6131,#6132,#6133,#6134,#6135,#6136,
    #6137,#6138,#6139,#6140,#6141,#6142,#6143,#6144,#6145,#6146,#6147,
    #6148,#6149,#6150,#6151,#6152,#6153,#6154,#6155,#6156,#6157,#6158,
    #6159,#6160,#6161,#6162,#6163,#6164,#6165,#6166,#6167,#6168,#6169,
    #6170,#6171,#6172,#6173,#6174,#6175,#6176,#6177,#6178,#6179,#6180,
    #6181,#6182,#6183,#6184,#6185,#6186,#6187,#6188,#6189,#6190,#6191,
    #6192,#6193,#6194,#6195,#6196,#6197,#6198,#6199,#6200,#6201,#6202,
    #6203,#6204,#6205,#6206,#6207,#6208,#6209,#6210,#6211,#6212,#6213,
    #6214,#6215,#6216,#6217,#6218,#6219,#6220,#6221,#6222,#6223,#6224,
    #6225,#6226,#6227,#6228,#6229,#6230,#6231,#6232,#6233,#6234,#6235,
    #6236,#6237,#6238,#6239,#6240,#6241,#6242,#6243,#6244,#6245,#6246,
    #6247),.UNSPECIFIED.,.F.,.F.,(8,6,6,6,6,6,6,6,6,6,6,6,6,6,6,6,6,6,6,
    6,6,6,6,6,6,6,6,6,6,6,8),(0.,3.356617520966E-02,5.431838495472E-02,
    8.00858554245E-02,9.974478047667E-02,0.114643601147,0.155246003371,
    0.201143264803,0.249789380498,0.298453152175,0.34433829059,
    0.419535767124,0.445242523864,0.466027359778,0.477219802409,
    0.499734591819,0.522219555413,0.533360822239,0.554135082554,
    0.579929932642,0.599609746583,0.614524398222,0.655169944266,
    0.701115974972,0.74981378035,0.798529260472,0.844463154846,
    0.919740533608,0.945474605456,0.966281526617,1.),.UNSPECIFIED.);
#6066 = CARTESIAN_POINT('',(0.,57.));
#6067 = CARTESIAN_POINT('',(3.78957304942E-02,57.));
#6068 = CARTESIAN_POINT('',(7.573003966007E-02,57.028450844257));
#6069 = CARTESIAN_POINT('',(0.113402791005,57.085186137397));
#6070 = CARTESIAN_POINT('',(0.150813574683,57.169285793606));
#6071 = CARTESIAN_POINT('',(0.187857358362,57.279085017206));
#6072 = CARTESIAN_POINT('',(0.224419924262,57.412224160917));
#6073 = CARTESIAN_POINT('',(0.282601054907,57.660649939499));
#6074 = CARTESIAN_POINT('',(0.304615419454,57.763431355619));
#6075 = CARTESIAN_POINT('',(0.326414383337,57.873532640128));
#6076 = CARTESIAN_POINT('',(0.347995370413,57.990384793954));
#6077 = CARTESIAN_POINT('',(0.369354989293,58.113404607571));
#6078 = CARTESIAN_POINT('',(0.390488991567,58.241998379574));
#6079 = CARTESIAN_POINT('',(0.437347228883,58.54141256716));
#6080 = CARTESIAN_POINT('',(0.462951399103,58.714959011472));
#6081 = CARTESIAN_POINT('',(0.488218833902,58.895215690773));
#6082 = CARTESIAN_POINT('',(0.513162421751,59.081236920219));
#6083 = CARTESIAN_POINT('',(0.5377942559,59.272122993834));
#6084 = CARTESIAN_POINT('',(0.562126043893,59.467022570791));
#6085 = CARTESIAN_POINT('',(0.604513142922,59.816282168491));
#6086 = CARTESIAN_POINT('',(0.622691576367,59.969321084399));
#6087 = CARTESIAN_POINT('',(0.640712331376,60.123917038185));
#6088 = CARTESIAN_POINT('',(0.658582707782,60.279752663002));
#6089 = CARTESIAN_POINT('',(0.676309908365,60.436527499985));
#6090 = CARTESIAN_POINT('',(0.693901155928,60.593957501836));
#6091 = CARTESIAN_POINT('',(0.724598153368,60.871378619066));
#6092 = CARTESIAN_POINT('',(0.737758595039,60.991204397516));
#6093 = CARTESIAN_POINT('',(0.750848283213,61.111135170895));
#6094 = CARTESIAN_POINT('',(0.763870302596,61.231057829697));
#6095 = CARTESIAN_POINT('',(0.776827674775,61.350862855773));
#6096 = CARTESIAN_POINT('',(0.789723358218,61.470444322336));
#6097 = CARTESIAN_POINT('',(0.83754345834,61.914696267394));
#6098 = CARTESIAN_POINT('',(0.872097465077,62.237339327728));
#6099 = CARTESIAN_POINT('',(0.906273532092,62.555482604255));
#6100 = CARTESIAN_POINT('',(0.940121261283,62.867148801077));
#6101 = CARTESIAN_POINT('',(0.973689140788,63.170495807775));
#6102 = CARTESIAN_POINT('',(1.007025092929,63.463782710081));
#6103 = CARTESIAN_POINT('',(1.077652212778,64.063605535659));
#6104 = CARTESIAN_POINT('',(1.114899984678,64.366947652892));
#6105 = CARTESIAN_POINT('',(1.151957990266,64.652671032499));
#6106 = CARTESIAN_POINT('',(1.188864106364,64.918261402885));
#6107 = CARTESIAN_POINT('',(1.225657086552,65.161400777445));
#6108 = CARTESIAN_POINT('',(1.262377213522,65.3799868914));
#6109 = CARTESIAN_POINT('',(1.337954091494,65.775827474127));
#6110 = CARTESIAN_POINT('',(1.376808025286,65.949827471095));
#6111 = CARTESIAN_POINT('',(1.415629815502,66.091669113479));
#6112 = CARTESIAN_POINT('',(1.45442700326,66.199409976806));
#6113 = CARTESIAN_POINT('',(1.493211089849,66.271716196653));
#6114 = CARTESIAN_POINT('',(1.531995828585,66.307895450093));
#6115 = CARTESIAN_POINT('',(1.609610907546,66.307895450093));
#6116 = CARTESIAN_POINT('',(1.648409710455,66.271689929696));
#6117 = CARTESIAN_POINT('',(1.687207864128,66.199331255494));
#6118 = CARTESIAN_POINT('',(1.726019140115,66.091512734376));
#6119 = CARTESIAN_POINT('',(1.764855053911,65.949570126302));
#6120 = CARTESIAN_POINT('',(1.803723153876,65.775448596154));
#6121 = CARTESIAN_POINT('',(1.879304629995,65.379459078297));
#6122 = CARTESIAN_POINT('',(1.916015309393,65.160879724496));
#6123 = CARTESIAN_POINT('',(1.952798929359,64.917762965899));
#6124 = CARTESIAN_POINT('',(1.989695705258,64.652209820986));
#6125 = CARTESIAN_POINT('',(2.026744325349,64.36653693707));
#6126 = CARTESIAN_POINT('',(2.063982601386,64.063257123299));
#6127 = CARTESIAN_POINT('',(2.16284735426,63.223591925039));
#6128 = CARTESIAN_POINT('',(2.224804412626,62.662506169072));
#6129 = CARTESIAN_POINT('',(2.287680289538,62.072091298272));
#6130 = CARTESIAN_POINT('',(2.351822505928,61.463252859471));
#6131 = CARTESIAN_POINT('',(2.417580115375,60.848445251091));
#6132 = CARTESIAN_POINT('',(2.485308426182,60.242877203819));
#6133 = CARTESIAN_POINT('',(2.579360822419,59.467889575249));
#6134 = CARTESIAN_POINT('',(2.603608268922,59.273641581595));
#6135 = CARTESIAN_POINT('',(2.62815364258,59.083376611065));
#6136 = CARTESIAN_POINT('',(2.653008555953,58.897936892932));
#6137 = CARTESIAN_POINT('',(2.678185000608,58.718212413138));
#6138 = CARTESIAN_POINT('',(2.703695750172,58.54513858205));
#6139 = CARTESIAN_POINT('',(2.750462704132,58.24592593769));
#6140 = CARTESIAN_POINT('',(2.771601643175,58.117124098926));
#6141 = CARTESIAN_POINT('',(2.792966459552,57.993889457977));
#6142 = CARTESIAN_POINT('',(2.814552930283,57.876816445543));
#6143 = CARTESIAN_POINT('',(2.836357689303,57.766489129502));
#6144 = CARTESIAN_POINT('',(2.8583781864,57.66347749344));
#6145 = CARTESIAN_POINT('',(2.89258569784,57.517099667244));
#6146 = CARTESIAN_POINT('',(2.904619192757,57.468153784517));
#6147 = CARTESIAN_POINT('',(2.916710384283,57.42159200439));
#6148 = CARTESIAN_POINT('',(2.928856626255,57.377504932794));
#6149 = CARTESIAN_POINT('',(2.941055372954,57.335977844213));
#6150 = CARTESIAN_POINT('',(2.953304179099,57.297090681681));
#6151 = CARTESIAN_POINT('',(2.990336459908,57.188152972452));
#6152 = CARTESIAN_POINT('',(3.015273725137,57.126347074536));
#6153 = CARTESIAN_POINT('',(3.040371003741,57.076185161792));
#6154 = CARTESIAN_POINT('',(3.065589040225,57.038194866763));
#6155 = CARTESIAN_POINT('',(3.090890048713,57.01273692804));
#6156 = CARTESIAN_POINT('',(3.116236955893,57.));
#6157 = CARTESIAN_POINT('',(3.166914762058,57.));
#6158 = CARTESIAN_POINT('',(3.192228089449,57.012703204646));
#6159 = CARTESIAN_POINT('',(3.21749567495,57.038093734778));
#6160 = CARTESIAN_POINT('',(3.242680591701,57.075983887842));
#6161 = CARTESIAN_POINT('',(3.267745204454,57.12601478427));
#6162 = CARTESIAN_POINT('',(3.292650417481,57.187661515271));
#6163 = CARTESIAN_POINT('',(3.329595954266,57.296206709354));
#6164 = CARTESIAN_POINT('',(3.341789767816,57.334861428997));
#6165 = CARTESIAN_POINT('',(3.35393403365,57.376133416723));
#6166 = CARTESIAN_POINT('',(3.366026332632,57.419943883945));
#6167 = CARTESIAN_POINT('',(3.378064146215,57.466208787751));
#6168 = CARTESIAN_POINT('',(3.390044856443,57.514838830897));
#6169 = CARTESIAN_POINT('',(3.424193708503,57.660649939529));
#6170 = CARTESIAN_POINT('',(3.446208073044,57.763431355626));
#6171 = CARTESIAN_POINT('',(3.468007036921,57.873532640102));
#6172 = CARTESIAN_POINT('',(3.489588023997,57.990384793923));
#6173 = CARTESIAN_POINT('',(3.510947642884,58.113404607575));
#6174 = CARTESIAN_POINT('',(3.532081645164,58.24199837962));
#6175 = CARTESIAN_POINT('',(3.578939882471,58.541412567152));
#6176 = CARTESIAN_POINT('',(3.604544052693,58.714959011471));
#6177 = CARTESIAN_POINT('',(3.629811487493,58.895215690779));
#6178 = CARTESIAN_POINT('',(3.654755075341,59.081236920227));
#6179 = CARTESIAN_POINT('',(3.67938690949,59.272122993835));
#6180 = CARTESIAN_POINT('',(3.703718697482,59.467022570784));
#6181 = CARTESIAN_POINT('',(3.746105796512,59.816282168492));
#6182 = CARTESIAN_POINT('',(3.764284229957,59.969321084401));
#6183 = CARTESIAN_POINT('',(3.782304984966,60.123917038186));
#6184 = CARTESIAN_POINT('',(3.800175361372,60.279752663002));
#6185 = CARTESIAN_POINT('',(3.817902561955,60.436527499985));
#6186 = CARTESIAN_POINT('',(3.835493809518,60.593957501837));
#6187 = CARTESIAN_POINT('',(3.866190806958,60.871378619067));
#6188 = CARTESIAN_POINT('',(3.879351248629,60.991204397518));
#6189 = CARTESIAN_POINT('',(3.892440936803,61.111135170897));
#6190 = CARTESIAN_POINT('',(3.905462956186,61.231057829698));
#6191 = CARTESIAN_POINT('',(3.918420328365,61.350862855775));
#6192 = CARTESIAN_POINT('',(3.931316011808,61.470444322338));
#6193 = CARTESIAN_POINT('',(3.979136112895,61.914696276356));
#6194 = CARTESIAN_POINT('',(4.013690117722,62.237339319312));
#6195 = CARTESIAN_POINT('',(4.047866184912,62.555482597101));
#6196 = CARTESIAN_POINT('',(4.081713915622,62.867148807501));
#6197 = CARTESIAN_POINT('',(4.115281795329,63.170495816359));
#6198 = CARTESIAN_POINT('',(4.148617745585,63.463782702152));
#6199 = CARTESIAN_POINT('',(4.219244866752,64.06360553892));
#6200 = CARTESIAN_POINT('',(4.256492637884,64.366947650286));
#6201 = CARTESIAN_POINT('',(4.293550643541,64.652671029856));
#6202 = CARTESIAN_POINT('',(4.330456760253,64.918261404538));
#6203 = CARTESIAN_POINT('',(4.36724974054,65.161400780317));
#6204 = CARTESIAN_POINT('',(4.40396986677,65.37998688961));
#6205 = CARTESIAN_POINT('',(4.479546745084,65.775827474131));
#6206 = CARTESIAN_POINT('',(4.518400678876,65.949827471096));
#6207 = CARTESIAN_POINT('',(4.557222469092,66.09166911348));
#6208 = CARTESIAN_POINT('',(4.596019656851,66.199409976807));
#6209 = CARTESIAN_POINT('',(4.634803743439,66.271716196653));
#6210 = CARTESIAN_POINT('',(4.673588482175,66.307895450093));
#6211 = CARTESIAN_POINT('',(4.751203561136,66.307895450093));
#6212 = CARTESIAN_POINT('',(4.790002364045,66.271689929696));
#6213 = CARTESIAN_POINT('',(4.828800517718,66.199331255494));
#6214 = CARTESIAN_POINT('',(4.867611793705,66.091512734375));
#6215 = CARTESIAN_POINT('',(4.906447707501,65.949570126302));
#6216 = CARTESIAN_POINT('',(4.945315807466,65.775448596155));
#6217 = CARTESIAN_POINT('',(5.020897283581,65.379459078316));
#6218 = CARTESIAN_POINT('',(5.057607962982,65.160879724503));
#6219 = CARTESIAN_POINT('',(5.094391582952,64.917762965882));
#6220 = CARTESIAN_POINT('',(5.131288358851,64.652209820961));
#6221 = CARTESIAN_POINT('',(5.168336978938,64.366536937069));
#6222 = CARTESIAN_POINT('',(5.205575254972,64.063257123333));
#6223 = CARTESIAN_POINT('',(5.30444000785,63.223591925039));
#6224 = CARTESIAN_POINT('',(5.366397066216,62.66250616908));
#6225 = CARTESIAN_POINT('',(5.429272943128,62.072091298262));
#6226 = CARTESIAN_POINT('',(5.493415159517,61.463252859487));
#6227 = CARTESIAN_POINT('',(5.559172768965,60.848445251088));
#6228 = CARTESIAN_POINT('',(5.626901079772,60.242877203824));
#6229 = CARTESIAN_POINT('',(5.72095347601,59.467889575243));
#6230 = CARTESIAN_POINT('',(5.745200922512,59.273641581599));
#6231 = CARTESIAN_POINT('',(5.769746296168,59.083376611076));
#6232 = CARTESIAN_POINT('',(5.794601209541,58.897936892942));
#6233 = CARTESIAN_POINT('',(5.819777654197,58.71821241314));
#6234 = CARTESIAN_POINT('',(5.845288403762,58.545138582046));
#6235 = CARTESIAN_POINT('',(5.892055357721,58.245925937694));
#6236 = CARTESIAN_POINT('',(5.913194296764,58.11712409893));
#6237 = CARTESIAN_POINT('',(5.934559113141,57.993889457981));
#6238 = CARTESIAN_POINT('',(5.956145583872,57.876816445547));
#6239 = CARTESIAN_POINT('',(5.977950342892,57.766489129506));
#6240 = CARTESIAN_POINT('',(5.999970839989,57.663477493445));
#6241 = CARTESIAN_POINT('',(6.058237158214,57.414149300798));
#6242 = CARTESIAN_POINT('',(6.094882153443,57.280407810963));
#6243 = CARTESIAN_POINT('',(6.132011355576,57.170097365264));
#6244 = CARTESIAN_POINT('',(6.169509932679,57.085597854286));
#6245 = CARTESIAN_POINT('',(6.207272328086,57.028589035981));
#6246 = CARTESIAN_POINT('',(6.245197654835,57.));
#6247 = CARTESIAN_POINT('',(6.28318530718,57.));
#6248 = ( GEOMETRIC_REPRESENTATION_CONTEXT(2) 
PARAMETRIC_REPRESENTATION_CONTEXT() REPRESENTATION_CONTEXT('2D SPACE',''
  ) );
#6249 = ADVANCED_FACE('',(#6250),#3695,.F.);
#6250 = FACE_BOUND('',#6251,.F.);
#6251 = EDGE_LOOP('',(#6252,#6253,#6280));
#6252 = ORIENTED_EDGE('',*,*,#3513,.F.);
#6253 = ORIENTED_EDGE('',*,*,#6254,.T.);
#6254 = EDGE_CURVE('',#3514,#4119,#6255,.T.);
#6255 = SURFACE_CURVE('',#6256,(#6261,#6268),.PCURVE_S1.);
#6256 = CIRCLE('',#6257,30.);
#6257 = AXIS2_PLACEMENT_3D('',#6258,#6259,#6260);
#6258 = CARTESIAN_POINT('',(43.692104549907,0.,1.01278E+03));
#6259 = DIRECTION('',(1.,0.,-0.));
#6260 = DIRECTION('',(0.,0.,1.));
#6261 = PCURVE('',#3695,#6262);
#6262 = DEFINITIONAL_REPRESENTATION('',(#6263),#6267);
#6263 = LINE('',#6264,#6265);
#6264 = CARTESIAN_POINT('',(0.,0.));
#6265 = VECTOR('',#6266,1.);
#6266 = DIRECTION('',(1.,0.));
#6267 = ( GEOMETRIC_REPRESENTATION_CONTEXT(2) 
PARAMETRIC_REPRESENTATION_CONTEXT() REPRESENTATION_CONTEXT('2D SPACE',''
  ) );
#6268 = PCURVE('',#6269,#6274);
#6269 = PLANE('',#6270);
#6270 = AXIS2_PLACEMENT_3D('',#6271,#6272,#6273);
#6271 = CARTESIAN_POINT('',(43.692104549907,0.,1.01278E+03));
#6272 = DIRECTION('',(1.,0.,0.));
#6273 = DIRECTION('',(0.,0.,1.));
#6274 = DEFINITIONAL_REPRESENTATION('',(#6275),#6279);
#6275 = CIRCLE('',#6276,30.);
#6276 = AXIS2_PLACEMENT_2D('',#6277,#6278);
#6277 = CARTESIAN_POINT('',(0.,0.));
#6278 = DIRECTION('',(1.,0.));
#6279 = ( GEOMETRIC_REPRESENTATION_CONTEXT(2) 
PARAMETRIC_REPRESENTATION_CONTEXT() REPRESENTATION_CONTEXT('2D SPACE',''
  ) );
#6280 = ORIENTED_EDGE('',*,*,#4395,.F.);
#6281 = ADVANCED_FACE('',(#6282),#4300,.F.);
#6282 = FACE_BOUND('',#6283,.F.);
#6283 = EDGE_LOOP('',(#6284,#6307,#6308));
#6284 = ORIENTED_EDGE('',*,*,#6285,.T.);
#6285 = EDGE_CURVE('',#6286,#3791,#6288,.T.);
#6286 = VERTEX_POINT('',#6287);
#6287 = CARTESIAN_POINT('',(43.692104549907,7.347880794884E-15,
    1.04278E+03));
#6288 = SURFACE_CURVE('',#6289,(#6293,#6300),.PCURVE_S1.);
#6289 = LINE('',#6290,#6291);
#6290 = CARTESIAN_POINT('',(43.692104549907,7.347880794884E-15,
    1.04278E+03));
#6291 = VECTOR('',#6292,1.);
#6292 = DIRECTION('',(1.,0.,0.));
#6293 = PCURVE('',#4300,#6294);
#6294 = DEFINITIONAL_REPRESENTATION('',(#6295),#6299);
#6295 = LINE('',#6296,#6297);
#6296 = CARTESIAN_POINT('',(6.28318530718,-0.));
#6297 = VECTOR('',#6298,1.);
#6298 = DIRECTION('',(0.,1.));
#6299 = ( GEOMETRIC_REPRESENTATION_CONTEXT(2) 
PARAMETRIC_REPRESENTATION_CONTEXT() REPRESENTATION_CONTEXT('2D SPACE',''
  ) );
#6300 = PCURVE('',#3972,#6301);
#6301 = DEFINITIONAL_REPRESENTATION('',(#6302),#6306);
#6302 = LINE('',#6303,#6304);
#6303 = CARTESIAN_POINT('',(0.,-0.));
#6304 = VECTOR('',#6305,1.);
#6305 = DIRECTION('',(0.,1.));
#6306 = ( GEOMETRIC_REPRESENTATION_CONTEXT(2) 
PARAMETRIC_REPRESENTATION_CONTEXT() REPRESENTATION_CONTEXT('2D SPACE',''
  ) );
#6307 = ORIENTED_EDGE('',*,*,#4118,.F.);
#6308 = ORIENTED_EDGE('',*,*,#6309,.T.);
#6309 = EDGE_CURVE('',#4119,#6286,#6310,.T.);
#6310 = SURFACE_CURVE('',#6311,(#6316,#6323),.PCURVE_S1.);
#6311 = CIRCLE('',#6312,30.);
#6312 = AXIS2_PLACEMENT_3D('',#6313,#6314,#6315);
#6313 = CARTESIAN_POINT('',(43.692104549907,0.,1.01278E+03));
#6314 = DIRECTION('',(1.,0.,-0.));
#6315 = DIRECTION('',(0.,0.,1.));
#6316 = PCURVE('',#4300,#6317);
#6317 = DEFINITIONAL_REPRESENTATION('',(#6318),#6322);
#6318 = LINE('',#6319,#6320);
#6319 = CARTESIAN_POINT('',(0.,0.));
#6320 = VECTOR('',#6321,1.);
#6321 = DIRECTION('',(1.,0.));
#6322 = ( GEOMETRIC_REPRESENTATION_CONTEXT(2) 
PARAMETRIC_REPRESENTATION_CONTEXT() REPRESENTATION_CONTEXT('2D SPACE',''
  ) );
#6323 = PCURVE('',#6269,#6324);
#6324 = DEFINITIONAL_REPRESENTATION('',(#6325),#6329);
#6325 = CIRCLE('',#6326,30.);
#6326 = AXIS2_PLACEMENT_2D('',#6327,#6328);
#6327 = CARTESIAN_POINT('',(0.,0.));
#6328 = DIRECTION('',(1.,0.));
#6329 = ( GEOMETRIC_REPRESENTATION_CONTEXT(2) 
PARAMETRIC_REPRESENTATION_CONTEXT() REPRESENTATION_CONTEXT('2D SPACE',''
  ) );
#6330 = ADVANCED_FACE('',(#6331),#4105,.T.);
#6331 = FACE_BOUND('',#6332,.T.);
#6332 = EDGE_LOOP('',(#6333));
#6333 = ORIENTED_EDGE('',*,*,#4090,.T.);
#6334 = ADVANCED_FACE('',(#6335),#3972,.F.);
#6335 = FACE_BOUND('',#6336,.F.);
#6336 = EDGE_LOOP('',(#6337,#6338,#6339));
#6337 = ORIENTED_EDGE('',*,*,#3790,.F.);
#6338 = ORIENTED_EDGE('',*,*,#6285,.F.);
#6339 = ORIENTED_EDGE('',*,*,#6340,.T.);
#6340 = EDGE_CURVE('',#6286,#3514,#6341,.T.);
#6341 = SURFACE_CURVE('',#6342,(#6347,#6354),.PCURVE_S1.);
#6342 = CIRCLE('',#6343,30.);
#6343 = AXIS2_PLACEMENT_3D('',#6344,#6345,#6346);
#6344 = CARTESIAN_POINT('',(43.692104549907,0.,1.01278E+03));
#6345 = DIRECTION('',(1.,0.,-0.));
#6346 = DIRECTION('',(0.,0.,1.));
#6347 = PCURVE('',#3972,#6348);
#6348 = DEFINITIONAL_REPRESENTATION('',(#6349),#6353);
#6349 = LINE('',#6350,#6351);
#6350 = CARTESIAN_POINT('',(0.,0.));
#6351 = VECTOR('',#6352,1.);
#6352 = DIRECTION('',(1.,0.));
#6353 = ( GEOMETRIC_REPRESENTATION_CONTEXT(2) 
PARAMETRIC_REPRESENTATION_CONTEXT() REPRESENTATION_CONTEXT('2D SPACE',''
  ) );
#6354 = PCURVE('',#6269,#6355);
#6355 = DEFINITIONAL_REPRESENTATION('',(#6356),#6360);
#6356 = CIRCLE('',#6357,30.);
#6357 = AXIS2_PLACEMENT_2D('',#6358,#6359);
#6358 = CARTESIAN_POINT('',(0.,0.));
#6359 = DIRECTION('',(1.,0.));
#6360 = ( GEOMETRIC_REPRESENTATION_CONTEXT(2) 
PARAMETRIC_REPRESENTATION_CONTEXT() REPRESENTATION_CONTEXT('2D SPACE',''
  ) );
#6361 = ADVANCED_FACE('',(#6362),#5044,.F.);
#6362 = FACE_BOUND('',#6363,.F.);
#6363 = EDGE_LOOP('',(#6364,#6387,#6414));
#6364 = ORIENTED_EDGE('',*,*,#6365,.T.);
#6365 = EDGE_CURVE('',#4671,#6366,#6368,.T.);
#6366 = VERTEX_POINT('',#6367);
#6367 = CARTESIAN_POINT('',(-43.6921045499,7.347880794884E-15,
    1.04278E+03));
#6368 = SURFACE_CURVE('',#6369,(#6373,#6380),.PCURVE_S1.);
#6369 = LINE('',#6370,#6371);
#6370 = CARTESIAN_POINT('',(-110.,7.347880794884E-15,1.04278E+03));
#6371 = VECTOR('',#6372,1.);
#6372 = DIRECTION('',(1.,0.,0.));
#6373 = PCURVE('',#5044,#6374);
#6374 = DEFINITIONAL_REPRESENTATION('',(#6375),#6379);
#6375 = LINE('',#6376,#6377);
#6376 = CARTESIAN_POINT('',(6.28318530718,-0.));
#6377 = VECTOR('',#6378,1.);
#6378 = DIRECTION('',(0.,1.));
#6379 = ( GEOMETRIC_REPRESENTATION_CONTEXT(2) 
PARAMETRIC_REPRESENTATION_CONTEXT() REPRESENTATION_CONTEXT('2D SPACE',''
  ) );
#6380 = PCURVE('',#5496,#6381);
#6381 = DEFINITIONAL_REPRESENTATION('',(#6382),#6386);
#6382 = LINE('',#6383,#6384);
#6383 = CARTESIAN_POINT('',(0.,-0.));
#6384 = VECTOR('',#6385,1.);
#6385 = DIRECTION('',(0.,1.));
#6386 = ( GEOMETRIC_REPRESENTATION_CONTEXT(2) 
PARAMETRIC_REPRESENTATION_CONTEXT() REPRESENTATION_CONTEXT('2D SPACE',''
  ) );
#6387 = ORIENTED_EDGE('',*,*,#6388,.F.);
#6388 = EDGE_CURVE('',#4669,#6366,#6389,.T.);
#6389 = SURFACE_CURVE('',#6390,(#6395,#6402),.PCURVE_S1.);
#6390 = CIRCLE('',#6391,30.);
#6391 = AXIS2_PLACEMENT_3D('',#6392,#6393,#6394);
#6392 = CARTESIAN_POINT('',(-43.6921045499,0.,1.01278E+03));
#6393 = DIRECTION('',(1.,0.,-0.));
#6394 = DIRECTION('',(0.,0.,1.));
#6395 = PCURVE('',#5044,#6396);
#6396 = DEFINITIONAL_REPRESENTATION('',(#6397),#6401);
#6397 = LINE('',#6398,#6399);
#6398 = CARTESIAN_POINT('',(0.,66.307895450093));
#6399 = VECTOR('',#6400,1.);
#6400 = DIRECTION('',(1.,0.));
#6401 = ( GEOMETRIC_REPRESENTATION_CONTEXT(2) 
PARAMETRIC_REPRESENTATION_CONTEXT() REPRESENTATION_CONTEXT('2D SPACE',''
  ) );
#6402 = PCURVE('',#6403,#6408);
#6403 = PLANE('',#6404);
#6404 = AXIS2_PLACEMENT_3D('',#6405,#6406,#6407);
#6405 = CARTESIAN_POINT('',(-43.6921045499,0.,1.01278E+03));
#6406 = DIRECTION('',(1.,0.,0.));
#6407 = DIRECTION('',(0.,0.,1.));
#6408 = DEFINITIONAL_REPRESENTATION('',(#6409),#6413);
#6409 = CIRCLE('',#6410,30.);
#6410 = AXIS2_PLACEMENT_2D('',#6411,#6412);
#6411 = CARTESIAN_POINT('',(0.,0.));
#6412 = DIRECTION('',(1.,0.));
#6413 = ( GEOMETRIC_REPRESENTATION_CONTEXT(2) 
PARAMETRIC_REPRESENTATION_CONTEXT() REPRESENTATION_CONTEXT('2D SPACE',''
  ) );
#6414 = ORIENTED_EDGE('',*,*,#4668,.T.);
#6415 = ADVANCED_FACE('',(#6416),#6059,.F.);
#6416 = FACE_BOUND('',#6417,.F.);
#6417 = EDGE_LOOP('',(#6418,#6440));
#6418 = ORIENTED_EDGE('',*,*,#6419,.F.);
#6419 = EDGE_CURVE('',#5123,#4669,#6420,.T.);
#6420 = SURFACE_CURVE('',#6421,(#6426,#6433),.PCURVE_S1.);
#6421 = CIRCLE('',#6422,30.);
#6422 = AXIS2_PLACEMENT_3D('',#6423,#6424,#6425);
#6423 = CARTESIAN_POINT('',(-43.6921045499,0.,1.01278E+03));
#6424 = DIRECTION('',(1.,0.,-0.));
#6425 = DIRECTION('',(0.,0.,1.));
#6426 = PCURVE('',#6059,#6427);
#6427 = DEFINITIONAL_REPRESENTATION('',(#6428),#6432);
#6428 = LINE('',#6429,#6430);
#6429 = CARTESIAN_POINT('',(0.,66.307895450093));
#6430 = VECTOR('',#6431,1.);
#6431 = DIRECTION('',(1.,0.));
#6432 = ( GEOMETRIC_REPRESENTATION_CONTEXT(2) 
PARAMETRIC_REPRESENTATION_CONTEXT() REPRESENTATION_CONTEXT('2D SPACE',''
  ) );
#6433 = PCURVE('',#6403,#6434);
#6434 = DEFINITIONAL_REPRESENTATION('',(#6435),#6439);
#6435 = CIRCLE('',#6436,30.);
#6436 = AXIS2_PLACEMENT_2D('',#6437,#6438);
#6437 = CARTESIAN_POINT('',(0.,0.));
#6438 = DIRECTION('',(1.,0.));
#6439 = ( GEOMETRIC_REPRESENTATION_CONTEXT(2) 
PARAMETRIC_REPRESENTATION_CONTEXT() REPRESENTATION_CONTEXT('2D SPACE',''
  ) );
#6440 = ORIENTED_EDGE('',*,*,#5687,.T.);
#6441 = ADVANCED_FACE('',(#6442),#5496,.F.);
#6442 = FACE_BOUND('',#6443,.F.);
#6443 = EDGE_LOOP('',(#6444,#6466,#6467));
#6444 = ORIENTED_EDGE('',*,*,#6445,.F.);
#6445 = EDGE_CURVE('',#6366,#5123,#6446,.T.);
#6446 = SURFACE_CURVE('',#6447,(#6452,#6459),.PCURVE_S1.);
#6447 = CIRCLE('',#6448,30.);
#6448 = AXIS2_PLACEMENT_3D('',#6449,#6450,#6451);
#6449 = CARTESIAN_POINT('',(-43.6921045499,0.,1.01278E+03));
#6450 = DIRECTION('',(1.,0.,-0.));
#6451 = DIRECTION('',(0.,0.,1.));
#6452 = PCURVE('',#5496,#6453);
#6453 = DEFINITIONAL_REPRESENTATION('',(#6454),#6458);
#6454 = LINE('',#6455,#6456);
#6455 = CARTESIAN_POINT('',(0.,66.307895450093));
#6456 = VECTOR('',#6457,1.);
#6457 = DIRECTION('',(1.,0.));
#6458 = ( GEOMETRIC_REPRESENTATION_CONTEXT(2) 
PARAMETRIC_REPRESENTATION_CONTEXT() REPRESENTATION_CONTEXT('2D SPACE',''
  ) );
#6459 = PCURVE('',#6403,#6460);
#6460 = DEFINITIONAL_REPRESENTATION('',(#6461),#6465);
#6461 = CIRCLE('',#6462,30.);
#6462 = AXIS2_PLACEMENT_2D('',#6463,#6464);
#6463 = CARTESIAN_POINT('',(0.,0.));
#6464 = DIRECTION('',(1.,0.));
#6465 = ( GEOMETRIC_REPRESENTATION_CONTEXT(2) 
PARAMETRIC_REPRESENTATION_CONTEXT() REPRESENTATION_CONTEXT('2D SPACE',''
  ) );
#6466 = ORIENTED_EDGE('',*,*,#6365,.F.);
#6467 = ORIENTED_EDGE('',*,*,#5122,.T.);
#6468 = ADVANCED_FACE('',(#6469,#6474),#6269,.T.);
#6469 = FACE_BOUND('',#6470,.T.);
#6470 = EDGE_LOOP('',(#6471,#6472,#6473));
#6471 = ORIENTED_EDGE('',*,*,#6340,.T.);
#6472 = ORIENTED_EDGE('',*,*,#6254,.T.);
#6473 = ORIENTED_EDGE('',*,*,#6309,.T.);
#6474 = FACE_BOUND('',#6475,.T.);
#6475 = EDGE_LOOP('',(#6476));
#6476 = ORIENTED_EDGE('',*,*,#6477,.F.);
#6477 = EDGE_CURVE('',#6478,#6478,#6480,.T.);
#6478 = VERTEX_POINT('',#6479);
#6479 = CARTESIAN_POINT('',(43.692104549907,6.123233995737E-15,
    1.03778E+03));
#6480 = SURFACE_CURVE('',#6481,(#6486,#6493),.PCURVE_S1.);
#6481 = CIRCLE('',#6482,25.);
#6482 = AXIS2_PLACEMENT_3D('',#6483,#6484,#6485);
#6483 = CARTESIAN_POINT('',(43.692104549907,0.,1.01278E+03));
#6484 = DIRECTION('',(1.,0.,-0.));
#6485 = DIRECTION('',(0.,0.,1.));
#6486 = PCURVE('',#6269,#6487);
#6487 = DEFINITIONAL_REPRESENTATION('',(#6488),#6492);
#6488 = CIRCLE('',#6489,25.);
#6489 = AXIS2_PLACEMENT_2D('',#6490,#6491);
#6490 = CARTESIAN_POINT('',(0.,0.));
#6491 = DIRECTION('',(1.,0.));
#6492 = ( GEOMETRIC_REPRESENTATION_CONTEXT(2) 
PARAMETRIC_REPRESENTATION_CONTEXT() REPRESENTATION_CONTEXT('2D SPACE',''
  ) );
#6493 = PCURVE('',#6494,#6499);
#6494 = CYLINDRICAL_SURFACE('',#6495,25.);
#6495 = AXIS2_PLACEMENT_3D('',#6496,#6497,#6498);
#6496 = CARTESIAN_POINT('',(-110.,0.,1.01278E+03));
#6497 = DIRECTION('',(1.,0.,0.));
#6498 = DIRECTION('',(0.,0.,1.));
#6499 = DEFINITIONAL_REPRESENTATION('',(#6500),#6504);
#6500 = LINE('',#6501,#6502);
#6501 = CARTESIAN_POINT('',(0.,153.6921045499));
#6502 = VECTOR('',#6503,1.);
#6503 = DIRECTION('',(1.,0.));
#6504 = ( GEOMETRIC_REPRESENTATION_CONTEXT(2) 
PARAMETRIC_REPRESENTATION_CONTEXT() REPRESENTATION_CONTEXT('2D SPACE',''
  ) );
#6505 = ADVANCED_FACE('',(#6506,#6511),#6403,.F.);
#6506 = FACE_BOUND('',#6507,.F.);
#6507 = EDGE_LOOP('',(#6508,#6509,#6510));
#6508 = ORIENTED_EDGE('',*,*,#6445,.T.);
#6509 = ORIENTED_EDGE('',*,*,#6419,.T.);
#6510 = ORIENTED_EDGE('',*,*,#6388,.T.);
#6511 = FACE_BOUND('',#6512,.F.);
#6512 = EDGE_LOOP('',(#6513));
#6513 = ORIENTED_EDGE('',*,*,#6514,.F.);
#6514 = EDGE_CURVE('',#6515,#6515,#6517,.T.);
#6515 = VERTEX_POINT('',#6516);
#6516 = CARTESIAN_POINT('',(-43.6921045499,6.123233995737E-15,
    1.03778E+03));
#6517 = SURFACE_CURVE('',#6518,(#6523,#6530),.PCURVE_S1.);
#6518 = CIRCLE('',#6519,25.);
#6519 = AXIS2_PLACEMENT_3D('',#6520,#6521,#6522);
#6520 = CARTESIAN_POINT('',(-43.6921045499,0.,1.01278E+03));
#6521 = DIRECTION('',(1.,0.,-0.));
#6522 = DIRECTION('',(0.,0.,1.));
#6523 = PCURVE('',#6403,#6524);
#6524 = DEFINITIONAL_REPRESENTATION('',(#6525),#6529);
#6525 = CIRCLE('',#6526,25.);
#6526 = AXIS2_PLACEMENT_2D('',#6527,#6528);
#6527 = CARTESIAN_POINT('',(0.,0.));
#6528 = DIRECTION('',(1.,0.));
#6529 = ( GEOMETRIC_REPRESENTATION_CONTEXT(2) 
PARAMETRIC_REPRESENTATION_CONTEXT() REPRESENTATION_CONTEXT('2D SPACE',''
  ) );
#6530 = PCURVE('',#6494,#6531);
#6531 = DEFINITIONAL_REPRESENTATION('',(#6532),#6536);
#6532 = LINE('',#6533,#6534);
#6533 = CARTESIAN_POINT('',(0.,66.307895450093));
#6534 = VECTOR('',#6535,1.);
#6535 = DIRECTION('',(1.,0.));
#6536 = ( GEOMETRIC_REPRESENTATION_CONTEXT(2) 
PARAMETRIC_REPRESENTATION_CONTEXT() REPRESENTATION_CONTEXT('2D SPACE',''
  ) );
#6537 = ADVANCED_FACE('',(#6538),#6494,.F.);
#6538 = FACE_BOUND('',#6539,.F.);
#6539 = EDGE_LOOP('',(#6540,#6541,#6562,#6563));
#6540 = ORIENTED_EDGE('',*,*,#6514,.T.);
#6541 = ORIENTED_EDGE('',*,*,#6542,.T.);
#6542 = EDGE_CURVE('',#6515,#6478,#6543,.T.);
#6543 = SEAM_CURVE('',#6544,(#6548,#6555),.PCURVE_S1.);
#6544 = LINE('',#6545,#6546);
#6545 = CARTESIAN_POINT('',(-110.,6.123233995737E-15,1.03778E+03));
#6546 = VECTOR('',#6547,1.);
#6547 = DIRECTION('',(1.,0.,0.));
#6548 = PCURVE('',#6494,#6549);
#6549 = DEFINITIONAL_REPRESENTATION('',(#6550),#6554);
#6550 = LINE('',#6551,#6552);
#6551 = CARTESIAN_POINT('',(6.28318530718,0.));
#6552 = VECTOR('',#6553,1.);
#6553 = DIRECTION('',(0.,1.));
#6554 = ( GEOMETRIC_REPRESENTATION_CONTEXT(2) 
PARAMETRIC_REPRESENTATION_CONTEXT() REPRESENTATION_CONTEXT('2D SPACE',''
  ) );
#6555 = PCURVE('',#6494,#6556);
#6556 = DEFINITIONAL_REPRESENTATION('',(#6557),#6561);
#6557 = LINE('',#6558,#6559);
#6558 = CARTESIAN_POINT('',(4.138911435803E-13,0.));
#6559 = VECTOR('',#6560,1.);
#6560 = DIRECTION('',(0.,1.));
#6561 = ( GEOMETRIC_REPRESENTATION_CONTEXT(2) 
PARAMETRIC_REPRESENTATION_CONTEXT() REPRESENTATION_CONTEXT('2D SPACE',''
  ) );
#6562 = ORIENTED_EDGE('',*,*,#6477,.F.);
#6563 = ORIENTED_EDGE('',*,*,#6542,.F.);
#6564 = ( GEOMETRIC_REPRESENTATION_CONTEXT(3) 
GLOBAL_UNCERTAINTY_ASSIGNED_CONTEXT((#6568)) 
GLOBAL_UNIT_ASSIGNED_CONTEXT((#6565,#6566,#6567)) REPRESENTATION_CONTEXT
('Context #1','3D Context with UNIT and UNCERTAINTY') );
#6565 = ( LENGTH_UNIT() NAMED_UNIT(*) SI_UNIT(.MILLI.,.METRE.) );
#6566 = ( NAMED_UNIT(*) PLANE_ANGLE_UNIT() SI_UNIT($,.RADIAN.) );
#6567 = ( NAMED_UNIT(*) SI_UNIT($,.STERADIAN.) SOLID_ANGLE_UNIT() );
#6568 = UNCERTAINTY_MEASURE_WITH_UNIT(LENGTH_MEASURE(1.E-07),#6565,
  'distance_accuracy_value','confusion accuracy');
#6569 = CONTEXT_DEPENDENT_SHAPE_REPRESENTATION(#6570,#6572);
#6570 = ( REPRESENTATION_RELATIONSHIP('','',#52,#10) 
REPRESENTATION_RELATIONSHIP_WITH_TRANSFORMATION(#6571) 
SHAPE_REPRESENTATION_RELATIONSHIP() );
#6571 = ITEM_DEFINED_TRANSFORMATION('','',#11,#15);
#6572 = PRODUCT_DEFINITION_SHAPE('Placement','Placement of an item',
  #6573);
#6573 = NEXT_ASSEMBLY_USAGE_OCCURRENCE('1','HEAD_BARREL_7075','',#5,#47,
  $);
#6574 = PRODUCT_RELATED_PRODUCT_CATEGORY('part',$,(#49));
#6575 = SHAPE_DEFINITION_REPRESENTATION(#6576,#6582);
#6576 = PRODUCT_DEFINITION_SHAPE('','',#6577);
#6577 = PRODUCT_DEFINITION('design','',#6578,#6581);
#6578 = PRODUCT_DEFINITION_FORMATION('','',#6579);
#6579 = PRODUCT('SHAFT_300M_CONTINUOUS','SHAFT_300M_CONTINUOUS','',(
    #6580));
#6580 = PRODUCT_CONTEXT('',#2,'mechanical');
#6581 = PRODUCT_DEFINITION_CONTEXT('part definition',#2,'design');
#6582 = ADVANCED_BREP_SHAPE_REPRESENTATION('',(#11,#6583),#6791);
#6583 = MANIFOLD_SOLID_BREP('',#6584);
#6584 = CLOSED_SHELL('',(#6585,#6673,#6756,#6783,#6787));
#6585 = ADVANCED_FACE('',(#6586),#6600,.T.);
#6586 = FACE_BOUND('',#6587,.T.);
#6587 = EDGE_LOOP('',(#6588,#6618,#6645,#6646));
#6588 = ORIENTED_EDGE('',*,*,#6589,.F.);
#6589 = EDGE_CURVE('',#6590,#6592,#6594,.T.);
#6590 = VERTEX_POINT('',#6591);
#6591 = CARTESIAN_POINT('',(-87.5,4.65365783676E-15,1.03178E+03));
#6592 = VERTEX_POINT('',#6593);
#6593 = CARTESIAN_POINT('',(-62.5,4.65365783676E-15,1.03178E+03));
#6594 = SEAM_CURVE('',#6595,(#6599,#6611),.PCURVE_S1.);
#6595 = LINE('',#6596,#6597);
#6596 = CARTESIAN_POINT('',(-87.5,4.65365783676E-15,1.03178E+03));
#6597 = VECTOR('',#6598,1.);
#6598 = DIRECTION('',(1.,0.,0.));
#6599 = PCURVE('',#6600,#6605);
#6600 = CYLINDRICAL_SURFACE('',#6601,19.);
#6601 = AXIS2_PLACEMENT_3D('',#6602,#6603,#6604);
#6602 = CARTESIAN_POINT('',(-87.5,0.,1.01278E+03));
#6603 = DIRECTION('',(1.,0.,0.));
#6604 = DIRECTION('',(0.,0.,1.));
#6605 = DEFINITIONAL_REPRESENTATION('',(#6606),#6610);
#6606 = LINE('',#6607,#6608);
#6607 = CARTESIAN_POINT('',(0.,-0.));
#6608 = VECTOR('',#6609,1.);
#6609 = DIRECTION('',(0.,1.));
#6610 = ( GEOMETRIC_REPRESENTATION_CONTEXT(2) 
PARAMETRIC_REPRESENTATION_CONTEXT() REPRESENTATION_CONTEXT('2D SPACE',''
  ) );
#6611 = PCURVE('',#6600,#6612);
#6612 = DEFINITIONAL_REPRESENTATION('',(#6613),#6617);
#6613 = LINE('',#6614,#6615);
#6614 = CARTESIAN_POINT('',(6.28318530718,-0.));
#6615 = VECTOR('',#6616,1.);
#6616 = DIRECTION('',(0.,1.));
#6617 = ( GEOMETRIC_REPRESENTATION_CONTEXT(2) 
PARAMETRIC_REPRESENTATION_CONTEXT() REPRESENTATION_CONTEXT('2D SPACE',''
  ) );
#6618 = ORIENTED_EDGE('',*,*,#6619,.T.);
#6619 = EDGE_CURVE('',#6590,#6590,#6620,.T.);
#6620 = SURFACE_CURVE('',#6621,(#6626,#6633),.PCURVE_S1.);
#6621 = CIRCLE('',#6622,19.);
#6622 = AXIS2_PLACEMENT_3D('',#6623,#6624,#6625);
#6623 = CARTESIAN_POINT('',(-87.5,0.,1.01278E+03));
#6624 = DIRECTION('',(1.,0.,-0.));
#6625 = DIRECTION('',(0.,0.,1.));
#6626 = PCURVE('',#6600,#6627);
#6627 = DEFINITIONAL_REPRESENTATION('',(#6628),#6632);
#6628 = LINE('',#6629,#6630);
#6629 = CARTESIAN_POINT('',(0.,0.));
#6630 = VECTOR('',#6631,1.);
#6631 = DIRECTION('',(1.,0.));
#6632 = ( GEOMETRIC_REPRESENTATION_CONTEXT(2) 
PARAMETRIC_REPRESENTATION_CONTEXT() REPRESENTATION_CONTEXT('2D SPACE',''
  ) );
#6633 = PCURVE('',#6634,#6639);
#6634 = PLANE('',#6635);
#6635 = AXIS2_PLACEMENT_3D('',#6636,#6637,#6638);
#6636 = CARTESIAN_POINT('',(-87.5,0.,1.01278E+03));
#6637 = DIRECTION('',(1.,0.,0.));
#6638 = DIRECTION('',(0.,0.,1.));
#6639 = DEFINITIONAL_REPRESENTATION('',(#6640),#6644);
#6640 = CIRCLE('',#6641,19.);
#6641 = AXIS2_PLACEMENT_2D('',#6642,#6643);
#6642 = CARTESIAN_POINT('',(0.,0.));
#6643 = DIRECTION('',(1.,0.));
#6644 = ( GEOMETRIC_REPRESENTATION_CONTEXT(2) 
PARAMETRIC_REPRESENTATION_CONTEXT() REPRESENTATION_CONTEXT('2D SPACE',''
  ) );
#6645 = ORIENTED_EDGE('',*,*,#6589,.T.);
#6646 = ORIENTED_EDGE('',*,*,#6647,.F.);
#6647 = EDGE_CURVE('',#6592,#6592,#6648,.T.);
#6648 = SURFACE_CURVE('',#6649,(#6654,#6661),.PCURVE_S1.);
#6649 = CIRCLE('',#6650,19.);
#6650 = AXIS2_PLACEMENT_3D('',#6651,#6652,#6653);
#6651 = CARTESIAN_POINT('',(-62.5,0.,1.01278E+03));
#6652 = DIRECTION('',(1.,0.,-0.));
#6653 = DIRECTION('',(0.,0.,1.));
#6654 = PCURVE('',#6600,#6655);
#6655 = DEFINITIONAL_REPRESENTATION('',(#6656),#6660);
#6656 = LINE('',#6657,#6658);
#6657 = CARTESIAN_POINT('',(0.,25.));
#6658 = VECTOR('',#6659,1.);
#6659 = DIRECTION('',(1.,0.));
#6660 = ( GEOMETRIC_REPRESENTATION_CONTEXT(2) 
PARAMETRIC_REPRESENTATION_CONTEXT() REPRESENTATION_CONTEXT('2D SPACE',''
  ) );
#6661 = PCURVE('',#6662,#6667);
#6662 = CYLINDRICAL_SURFACE('',#6663,19.);
#6663 = AXIS2_PLACEMENT_3D('',#6664,#6665,#6666);
#6664 = CARTESIAN_POINT('',(-87.5,0.,1.01278E+03));
#6665 = DIRECTION('',(1.,0.,0.));
#6666 = DIRECTION('',(0.,0.,1.));
#6667 = DEFINITIONAL_REPRESENTATION('',(#6668),#6672);
#6668 = LINE('',#6669,#6670);
#6669 = CARTESIAN_POINT('',(0.,25.));
#6670 = VECTOR('',#6671,1.);
#6671 = DIRECTION('',(1.,0.));
#6672 = ( GEOMETRIC_REPRESENTATION_CONTEXT(2) 
PARAMETRIC_REPRESENTATION_CONTEXT() REPRESENTATION_CONTEXT('2D SPACE',''
  ) );
#6673 = ADVANCED_FACE('',(#6674),#6688,.T.);
#6674 = FACE_BOUND('',#6675,.T.);
#6675 = EDGE_LOOP('',(#6676,#6706,#6733,#6734));
#6676 = ORIENTED_EDGE('',*,*,#6677,.T.);
#6677 = EDGE_CURVE('',#6678,#6680,#6682,.T.);
#6678 = VERTEX_POINT('',#6679);
#6679 = CARTESIAN_POINT('',(62.5,4.65365783676E-15,1.03178E+03));
#6680 = VERTEX_POINT('',#6681);
#6681 = CARTESIAN_POINT('',(87.5,4.65365783676E-15,1.03178E+03));
#6682 = SEAM_CURVE('',#6683,(#6687,#6699),.PCURVE_S1.);
#6683 = LINE('',#6684,#6685);
#6684 = CARTESIAN_POINT('',(-87.5,4.65365783676E-15,1.03178E+03));
#6685 = VECTOR('',#6686,1.);
#6686 = DIRECTION('',(1.,0.,0.));
#6687 = PCURVE('',#6688,#6693);
#6688 = CYLINDRICAL_SURFACE('',#6689,19.);
#6689 = AXIS2_PLACEMENT_3D('',#6690,#6691,#6692);
#6690 = CARTESIAN_POINT('',(-87.5,0.,1.01278E+03));
#6691 = DIRECTION('',(1.,0.,0.));
#6692 = DIRECTION('',(0.,0.,1.));
#6693 = DEFINITIONAL_REPRESENTATION('',(#6694),#6698);
#6694 = LINE('',#6695,#6696);
#6695 = CARTESIAN_POINT('',(6.28318530718,0.));
#6696 = VECTOR('',#6697,1.);
#6697 = DIRECTION('',(0.,1.));
#6698 = ( GEOMETRIC_REPRESENTATION_CONTEXT(2) 
PARAMETRIC_REPRESENTATION_CONTEXT() REPRESENTATION_CONTEXT('2D SPACE',''
  ) );
#6699 = PCURVE('',#6688,#6700);
#6700 = DEFINITIONAL_REPRESENTATION('',(#6701),#6705);
#6701 = LINE('',#6702,#6703);
#6702 = CARTESIAN_POINT('',(4.138911435803E-13,0.));
#6703 = VECTOR('',#6704,1.);
#6704 = DIRECTION('',(0.,1.));
#6705 = ( GEOMETRIC_REPRESENTATION_CONTEXT(2) 
PARAMETRIC_REPRESENTATION_CONTEXT() REPRESENTATION_CONTEXT('2D SPACE',''
  ) );
#6706 = ORIENTED_EDGE('',*,*,#6707,.F.);
#6707 = EDGE_CURVE('',#6680,#6680,#6708,.T.);
#6708 = SURFACE_CURVE('',#6709,(#6714,#6721),.PCURVE_S1.);
#6709 = CIRCLE('',#6710,19.);
#6710 = AXIS2_PLACEMENT_3D('',#6711,#6712,#6713);
#6711 = CARTESIAN_POINT('',(87.5,0.,1.01278E+03));
#6712 = DIRECTION('',(1.,0.,-0.));
#6713 = DIRECTION('',(0.,0.,1.));
#6714 = PCURVE('',#6688,#6715);
#6715 = DEFINITIONAL_REPRESENTATION('',(#6716),#6720);
#6716 = LINE('',#6717,#6718);
#6717 = CARTESIAN_POINT('',(0.,175.));
#6718 = VECTOR('',#6719,1.);
#6719 = DIRECTION('',(1.,0.));
#6720 = ( GEOMETRIC_REPRESENTATION_CONTEXT(2) 
PARAMETRIC_REPRESENTATION_CONTEXT() REPRESENTATION_CONTEXT('2D SPACE',''
  ) );
#6721 = PCURVE('',#6722,#6727);
#6722 = PLANE('',#6723);
#6723 = AXIS2_PLACEMENT_3D('',#6724,#6725,#6726);
#6724 = CARTESIAN_POINT('',(87.5,0.,1.01278E+03));
#6725 = DIRECTION('',(1.,0.,0.));
#6726 = DIRECTION('',(0.,0.,1.));
#6727 = DEFINITIONAL_REPRESENTATION('',(#6728),#6732);
#6728 = CIRCLE('',#6729,19.);
#6729 = AXIS2_PLACEMENT_2D('',#6730,#6731);
#6730 = CARTESIAN_POINT('',(0.,0.));
#6731 = DIRECTION('',(1.,0.));
#6732 = ( GEOMETRIC_REPRESENTATION_CONTEXT(2) 
PARAMETRIC_REPRESENTATION_CONTEXT() REPRESENTATION_CONTEXT('2D SPACE',''
  ) );
#6733 = ORIENTED_EDGE('',*,*,#6677,.F.);
#6734 = ORIENTED_EDGE('',*,*,#6735,.T.);
#6735 = EDGE_CURVE('',#6678,#6678,#6736,.T.);
#6736 = SURFACE_CURVE('',#6737,(#6742,#6749),.PCURVE_S1.);
#6737 = CIRCLE('',#6738,19.);
#6738 = AXIS2_PLACEMENT_3D('',#6739,#6740,#6741);
#6739 = CARTESIAN_POINT('',(62.5,0.,1.01278E+03));
#6740 = DIRECTION('',(1.,0.,-0.));
#6741 = DIRECTION('',(0.,0.,1.));
#6742 = PCURVE('',#6688,#6743);
#6743 = DEFINITIONAL_REPRESENTATION('',(#6744),#6748);
#6744 = LINE('',#6745,#6746);
#6745 = CARTESIAN_POINT('',(0.,150.));
#6746 = VECTOR('',#6747,1.);
#6747 = DIRECTION('',(1.,0.));
#6748 = ( GEOMETRIC_REPRESENTATION_CONTEXT(2) 
PARAMETRIC_REPRESENTATION_CONTEXT() REPRESENTATION_CONTEXT('2D SPACE',''
  ) );
#6749 = PCURVE('',#6662,#6750);
#6750 = DEFINITIONAL_REPRESENTATION('',(#6751),#6755);
#6751 = LINE('',#6752,#6753);
#6752 = CARTESIAN_POINT('',(0.,150.));
#6753 = VECTOR('',#6754,1.);
#6754 = DIRECTION('',(1.,0.));
#6755 = ( GEOMETRIC_REPRESENTATION_CONTEXT(2) 
PARAMETRIC_REPRESENTATION_CONTEXT() REPRESENTATION_CONTEXT('2D SPACE',''
  ) );
#6756 = ADVANCED_FACE('',(#6757),#6662,.T.);
#6757 = FACE_BOUND('',#6758,.T.);
#6758 = EDGE_LOOP('',(#6759,#6780,#6781,#6782));
#6759 = ORIENTED_EDGE('',*,*,#6760,.T.);
#6760 = EDGE_CURVE('',#6592,#6678,#6761,.T.);
#6761 = SEAM_CURVE('',#6762,(#6766,#6773),.PCURVE_S1.);
#6762 = LINE('',#6763,#6764);
#6763 = CARTESIAN_POINT('',(-87.5,4.65365783676E-15,1.03178E+03));
#6764 = VECTOR('',#6765,1.);
#6765 = DIRECTION('',(1.,0.,0.));
#6766 = PCURVE('',#6662,#6767);
#6767 = DEFINITIONAL_REPRESENTATION('',(#6768),#6772);
#6768 = LINE('',#6769,#6770);
#6769 = CARTESIAN_POINT('',(6.28318530718,0.));
#6770 = VECTOR('',#6771,1.);
#6771 = DIRECTION('',(0.,1.));
#6772 = ( GEOMETRIC_REPRESENTATION_CONTEXT(2) 
PARAMETRIC_REPRESENTATION_CONTEXT() REPRESENTATION_CONTEXT('2D SPACE',''
  ) );
#6773 = PCURVE('',#6662,#6774);
#6774 = DEFINITIONAL_REPRESENTATION('',(#6775),#6779);
#6775 = LINE('',#6776,#6777);
#6776 = CARTESIAN_POINT('',(4.138911435803E-13,0.));
#6777 = VECTOR('',#6778,1.);
#6778 = DIRECTION('',(0.,1.));
#6779 = ( GEOMETRIC_REPRESENTATION_CONTEXT(2) 
PARAMETRIC_REPRESENTATION_CONTEXT() REPRESENTATION_CONTEXT('2D SPACE',''
  ) );
#6780 = ORIENTED_EDGE('',*,*,#6735,.F.);
#6781 = ORIENTED_EDGE('',*,*,#6760,.F.);
#6782 = ORIENTED_EDGE('',*,*,#6647,.T.);
#6783 = ADVANCED_FACE('',(#6784),#6722,.T.);
#6784 = FACE_BOUND('',#6785,.T.);
#6785 = EDGE_LOOP('',(#6786));
#6786 = ORIENTED_EDGE('',*,*,#6707,.T.);
#6787 = ADVANCED_FACE('',(#6788),#6634,.F.);
#6788 = FACE_BOUND('',#6789,.T.);
#6789 = EDGE_LOOP('',(#6790));
#6790 = ORIENTED_EDGE('',*,*,#6619,.F.);
#6791 = ( GEOMETRIC_REPRESENTATION_CONTEXT(3) 
GLOBAL_UNCERTAINTY_ASSIGNED_CONTEXT((#6795)) 
GLOBAL_UNIT_ASSIGNED_CONTEXT((#6792,#6793,#6794)) REPRESENTATION_CONTEXT
('Context #1','3D Context with UNIT and UNCERTAINTY') );
#6792 = ( LENGTH_UNIT() NAMED_UNIT(*) SI_UNIT(.MILLI.,.METRE.) );
#6793 = ( NAMED_UNIT(*) PLANE_ANGLE_UNIT() SI_UNIT($,.RADIAN.) );
#6794 = ( NAMED_UNIT(*) SI_UNIT($,.STERADIAN.) SOLID_ANGLE_UNIT() );
#6795 = UNCERTAINTY_MEASURE_WITH_UNIT(LENGTH_MEASURE(1.E-07),#6792,
  'distance_accuracy_value','confusion accuracy');
#6796 = CONTEXT_DEPENDENT_SHAPE_REPRESENTATION(#6797,#6799);
#6797 = ( REPRESENTATION_RELATIONSHIP('','',#6582,#10) 
REPRESENTATION_RELATIONSHIP_WITH_TRANSFORMATION(#6798) 
SHAPE_REPRESENTATION_RELATIONSHIP() );
#6798 = ITEM_DEFINED_TRANSFORMATION('','',#11,#19);
#6799 = PRODUCT_DEFINITION_SHAPE('Placement','Placement of an item',
  #6800);
#6800 = NEXT_ASSEMBLY_USAGE_OCCURRENCE('2','SHAFT_300M_CONTINUOUS','',#5
  ,#6577,$);
#6801 = PRODUCT_RELATED_PRODUCT_CATEGORY('part',$,(#6579));
#6802 = SHAPE_DEFINITION_REPRESENTATION(#6803,#6809);
#6803 = PRODUCT_DEFINITION_SHAPE('','',#6804);
#6804 = PRODUCT_DEFINITION('design','',#6805,#6808);
#6805 = PRODUCT_DEFINITION_FORMATION('','',#6806);
#6806 = PRODUCT('BUSHING_LEFT_AMS4640','BUSHING_LEFT_AMS4640','',(#6807)
  );
#6807 = PRODUCT_CONTEXT('',#2,'mechanical');
#6808 = PRODUCT_DEFINITION_CONTEXT('part definition',#2,'design');
#6809 = ADVANCED_BREP_SHAPE_REPRESENTATION('',(#11,#6810),#7136);
#6810 = MANIFOLD_SOLID_BREP('',#6811);
#6811 = CLOSED_SHELL('',(#6812,#6900,#6935,#6970,#7024,#7079,#7129));
#6812 = ADVANCED_FACE('',(#6813),#6826,.T.);
#6813 = FACE_BOUND('',#6814,.T.);
#6814 = EDGE_LOOP('',(#6815,#6849,#6872,#6899));
#6815 = ORIENTED_EDGE('',*,*,#6816,.F.);
#6816 = EDGE_CURVE('',#6817,#6817,#6819,.T.);
#6817 = VERTEX_POINT('',#6818);
#6818 = CARTESIAN_POINT('',(-13.6921045499,6.123233995737E-15,
    1.03778E+03));
#6819 = SURFACE_CURVE('',#6820,(#6825,#6837),.PCURVE_S1.);
#6820 = CIRCLE('',#6821,25.);
#6821 = AXIS2_PLACEMENT_3D('',#6822,#6823,#6824);
#6822 = CARTESIAN_POINT('',(-13.6921045499,0.,1.01278E+03));
#6823 = DIRECTION('',(1.,0.,-0.));
#6824 = DIRECTION('',(0.,0.,1.));
#6825 = PCURVE('',#6826,#6831);
#6826 = CYLINDRICAL_SURFACE('',#6827,25.);
#6827 = AXIS2_PLACEMENT_3D('',#6828,#6829,#6830);
#6828 = CARTESIAN_POINT('',(-43.6921045499,0.,1.01278E+03));
#6829 = DIRECTION('',(1.,0.,0.));
#6830 = DIRECTION('',(0.,0.,1.));
#6831 = DEFINITIONAL_REPRESENTATION('',(#6832),#6836);
#6832 = LINE('',#6833,#6834);
#6833 = CARTESIAN_POINT('',(0.,30.));
#6834 = VECTOR('',#6835,1.);
#6835 = DIRECTION('',(1.,0.));
#6836 = ( GEOMETRIC_REPRESENTATION_CONTEXT(2) 
PARAMETRIC_REPRESENTATION_CONTEXT() REPRESENTATION_CONTEXT('2D SPACE',''
  ) );
#6837 = PCURVE('',#6838,#6843);
#6838 = PLANE('',#6839);
#6839 = AXIS2_PLACEMENT_3D('',#6840,#6841,#6842);
#6840 = CARTESIAN_POINT('',(-13.6921045499,0.,1.01278E+03));
#6841 = DIRECTION('',(1.,0.,0.));
#6842 = DIRECTION('',(0.,0.,1.));
#6843 = DEFINITIONAL_REPRESENTATION('',(#6844),#6848);
#6844 = CIRCLE('',#6845,25.);
#6845 = AXIS2_PLACEMENT_2D('',#6846,#6847);
#6846 = CARTESIAN_POINT('',(0.,0.));
#6847 = DIRECTION('',(1.,0.));
#6848 = ( GEOMETRIC_REPRESENTATION_CONTEXT(2) 
PARAMETRIC_REPRESENTATION_CONTEXT() REPRESENTATION_CONTEXT('2D SPACE',''
  ) );
#6849 = ORIENTED_EDGE('',*,*,#6850,.F.);
#6850 = EDGE_CURVE('',#6851,#6817,#6853,.T.);
#6851 = VERTEX_POINT('',#6852);
#6852 = CARTESIAN_POINT('',(-43.6921045499,6.123233995737E-15,
    1.03778E+03));
#6853 = SEAM_CURVE('',#6854,(#6858,#6865),.PCURVE_S1.);
#6854 = LINE('',#6855,#6856);
#6855 = CARTESIAN_POINT('',(-43.6921045499,6.123233995737E-15,
    1.03778E+03));
#6856 = VECTOR('',#6857,1.);
#6857 = DIRECTION('',(1.,0.,0.));
#6858 = PCURVE('',#6826,#6859);
#6859 = DEFINITIONAL_REPRESENTATION('',(#6860),#6864);
#6860 = LINE('',#6861,#6862);
#6861 = CARTESIAN_POINT('',(0.,-0.));
#6862 = VECTOR('',#6863,1.);
#6863 = DIRECTION('',(0.,1.));
#6864 = ( GEOMETRIC_REPRESENTATION_CONTEXT(2) 
PARAMETRIC_REPRESENTATION_CONTEXT() REPRESENTATION_CONTEXT('2D SPACE',''
  ) );
#6865 = PCURVE('',#6826,#6866);
#6866 = DEFINITIONAL_REPRESENTATION('',(#6867),#6871);
#6867 = LINE('',#6868,#6869);
#6868 = CARTESIAN_POINT('',(6.28318530718,-0.));
#6869 = VECTOR('',#6870,1.);
#6870 = DIRECTION('',(0.,1.));
#6871 = ( GEOMETRIC_REPRESENTATION_CONTEXT(2) 
PARAMETRIC_REPRESENTATION_CONTEXT() REPRESENTATION_CONTEXT('2D SPACE',''
  ) );
#6872 = ORIENTED_EDGE('',*,*,#6873,.T.);
#6873 = EDGE_CURVE('',#6851,#6851,#6874,.T.);
#6874 = SURFACE_CURVE('',#6875,(#6880,#6887),.PCURVE_S1.);
#6875 = CIRCLE('',#6876,25.);
#6876 = AXIS2_PLACEMENT_3D('',#6877,#6878,#6879);
#6877 = CARTESIAN_POINT('',(-43.6921045499,0.,1.01278E+03));
#6878 = DIRECTION('',(1.,0.,-0.));
#6879 = DIRECTION('',(0.,0.,1.));
#6880 = PCURVE('',#6826,#6881);
#6881 = DEFINITIONAL_REPRESENTATION('',(#6882),#6886);
#6882 = LINE('',#6883,#6884);
#6883 = CARTESIAN_POINT('',(0.,0.));
#6884 = VECTOR('',#6885,1.);
#6885 = DIRECTION('',(1.,0.));
#6886 = ( GEOMETRIC_REPRESENTATION_CONTEXT(2) 
PARAMETRIC_REPRESENTATION_CONTEXT() REPRESENTATION_CONTEXT('2D SPACE',''
  ) );
#6887 = PCURVE('',#6888,#6893);
#6888 = PLANE('',#6889);
#6889 = AXIS2_PLACEMENT_3D('',#6890,#6891,#6892);
#6890 = CARTESIAN_POINT('',(-43.6921045499,0.,1.01278E+03));
#6891 = DIRECTION('',(1.,0.,0.));
#6892 = DIRECTION('',(0.,0.,1.));
#6893 = DEFINITIONAL_REPRESENTATION('',(#6894),#6898);
#6894 = CIRCLE('',#6895,25.);
#6895 = AXIS2_PLACEMENT_2D('',#6896,#6897);
#6896 = CARTESIAN_POINT('',(0.,0.));
#6897 = DIRECTION('',(1.,0.));
#6898 = ( GEOMETRIC_REPRESENTATION_CONTEXT(2) 
PARAMETRIC_REPRESENTATION_CONTEXT() REPRESENTATION_CONTEXT('2D SPACE',''
  ) );
#6899 = ORIENTED_EDGE('',*,*,#6850,.T.);
#6900 = ADVANCED_FACE('',(#6901,#6904),#6838,.T.);
#6901 = FACE_BOUND('',#6902,.T.);
#6902 = EDGE_LOOP('',(#6903));
#6903 = ORIENTED_EDGE('',*,*,#6816,.T.);
#6904 = FACE_BOUND('',#6905,.T.);
#6905 = EDGE_LOOP('',(#6906));
#6906 = ORIENTED_EDGE('',*,*,#6907,.F.);
#6907 = EDGE_CURVE('',#6908,#6908,#6910,.T.);
#6908 = VERTEX_POINT('',#6909);
#6909 = CARTESIAN_POINT('',(-13.6921045499,4.65365783676E-15,1.03178E+03
    ));
#6910 = SURFACE_CURVE('',#6911,(#6916,#6923),.PCURVE_S1.);
#6911 = CIRCLE('',#6912,19.);
#6912 = AXIS2_PLACEMENT_3D('',#6913,#6914,#6915);
#6913 = CARTESIAN_POINT('',(-13.6921045499,0.,1.01278E+03));
#6914 = DIRECTION('',(1.,0.,-0.));
#6915 = DIRECTION('',(0.,0.,1.));
#6916 = PCURVE('',#6838,#6917);
#6917 = DEFINITIONAL_REPRESENTATION('',(#6918),#6922);
#6918 = CIRCLE('',#6919,19.);
#6919 = AXIS2_PLACEMENT_2D('',#6920,#6921);
#6920 = CARTESIAN_POINT('',(0.,0.));
#6921 = DIRECTION('',(1.,0.));
#6922 = ( GEOMETRIC_REPRESENTATION_CONTEXT(2) 
PARAMETRIC_REPRESENTATION_CONTEXT() REPRESENTATION_CONTEXT('2D SPACE',''
  ) );
#6923 = PCURVE('',#6924,#6929);
#6924 = CYLINDRICAL_SURFACE('',#6925,19.);
#6925 = AXIS2_PLACEMENT_3D('',#6926,#6927,#6928);
#6926 = CARTESIAN_POINT('',(-43.7921045499,0.,1.01278E+03));
#6927 = DIRECTION('',(1.,0.,0.));
#6928 = DIRECTION('',(0.,0.,1.));
#6929 = DEFINITIONAL_REPRESENTATION('',(#6930),#6934);
#6930 = LINE('',#6931,#6932);
#6931 = CARTESIAN_POINT('',(0.,30.1));
#6932 = VECTOR('',#6933,1.);
#6933 = DIRECTION('',(1.,0.));
#6934 = ( GEOMETRIC_REPRESENTATION_CONTEXT(2) 
PARAMETRIC_REPRESENTATION_CONTEXT() REPRESENTATION_CONTEXT('2D SPACE',''
  ) );
#6935 = ADVANCED_FACE('',(#6936,#6967),#6888,.T.);
#6936 = FACE_BOUND('',#6937,.T.);
#6937 = EDGE_LOOP('',(#6938));
#6938 = ORIENTED_EDGE('',*,*,#6939,.T.);
#6939 = EDGE_CURVE('',#6940,#6940,#6942,.T.);
#6940 = VERTEX_POINT('',#6941);
#6941 = CARTESIAN_POINT('',(-43.6921045499,7.347880794884E-15,
    1.04278E+03));
#6942 = SURFACE_CURVE('',#6943,(#6948,#6955),.PCURVE_S1.);
#6943 = CIRCLE('',#6944,30.);
#6944 = AXIS2_PLACEMENT_3D('',#6945,#6946,#6947);
#6945 = CARTESIAN_POINT('',(-43.6921045499,0.,1.01278E+03));
#6946 = DIRECTION('',(1.,0.,-0.));
#6947 = DIRECTION('',(0.,0.,1.));
#6948 = PCURVE('',#6888,#6949);
#6949 = DEFINITIONAL_REPRESENTATION('',(#6950),#6954);
#6950 = CIRCLE('',#6951,30.);
#6951 = AXIS2_PLACEMENT_2D('',#6952,#6953);
#6952 = CARTESIAN_POINT('',(0.,0.));
#6953 = DIRECTION('',(1.,0.));
#6954 = ( GEOMETRIC_REPRESENTATION_CONTEXT(2) 
PARAMETRIC_REPRESENTATION_CONTEXT() REPRESENTATION_CONTEXT('2D SPACE',''
  ) );
#6955 = PCURVE('',#6956,#6961);
#6956 = CYLINDRICAL_SURFACE('',#6957,30.);
#6957 = AXIS2_PLACEMENT_3D('',#6958,#6959,#6960);
#6958 = CARTESIAN_POINT('',(-46.6921045499,0.,1.01278E+03));
#6959 = DIRECTION('',(1.,0.,0.));
#6960 = DIRECTION('',(0.,0.,1.));
#6961 = DEFINITIONAL_REPRESENTATION('',(#6962),#6966);
#6962 = LINE('',#6963,#6964);
#6963 = CARTESIAN_POINT('',(0.,3.));
#6964 = VECTOR('',#6965,1.);
#6965 = DIRECTION('',(1.,0.));
#6966 = ( GEOMETRIC_REPRESENTATION_CONTEXT(2) 
PARAMETRIC_REPRESENTATION_CONTEXT() REPRESENTATION_CONTEXT('2D SPACE',''
  ) );
#6967 = FACE_BOUND('',#6968,.T.);
#6968 = EDGE_LOOP('',(#6969));
#6969 = ORIENTED_EDGE('',*,*,#6873,.F.);
#6970 = ADVANCED_FACE('',(#6971),#6924,.F.);
#6971 = FACE_BOUND('',#6972,.F.);
#6972 = EDGE_LOOP('',(#6973,#6974,#6997,#7023));
#6973 = ORIENTED_EDGE('',*,*,#6907,.F.);
#6974 = ORIENTED_EDGE('',*,*,#6975,.F.);
#6975 = EDGE_CURVE('',#6976,#6908,#6978,.T.);
#6976 = VERTEX_POINT('',#6977);
#6977 = CARTESIAN_POINT('',(-43.6921045499,4.65365783676E-15,1.03178E+03
    ));
#6978 = SEAM_CURVE('',#6979,(#6983,#6990),.PCURVE_S1.);
#6979 = LINE('',#6980,#6981);
#6980 = CARTESIAN_POINT('',(-43.7921045499,4.65365783676E-15,1.03178E+03
    ));
#6981 = VECTOR('',#6982,1.);
#6982 = DIRECTION('',(1.,0.,0.));
#6983 = PCURVE('',#6924,#6984);
#6984 = DEFINITIONAL_REPRESENTATION('',(#6985),#6989);
#6985 = LINE('',#6986,#6987);
#6986 = CARTESIAN_POINT('',(0.,-0.));
#6987 = VECTOR('',#6988,1.);
#6988 = DIRECTION('',(0.,1.));
#6989 = ( GEOMETRIC_REPRESENTATION_CONTEXT(2) 
PARAMETRIC_REPRESENTATION_CONTEXT() REPRESENTATION_CONTEXT('2D SPACE',''
  ) );
#6990 = PCURVE('',#6924,#6991);
#6991 = DEFINITIONAL_REPRESENTATION('',(#6992),#6996);
#6992 = LINE('',#6993,#6994);
#6993 = CARTESIAN_POINT('',(6.28318530718,-0.));
#6994 = VECTOR('',#6995,1.);
#6995 = DIRECTION('',(0.,1.));
#6996 = ( GEOMETRIC_REPRESENTATION_CONTEXT(2) 
PARAMETRIC_REPRESENTATION_CONTEXT() REPRESENTATION_CONTEXT('2D SPACE',''
  ) );
#6997 = ORIENTED_EDGE('',*,*,#6998,.T.);
#6998 = EDGE_CURVE('',#6976,#6976,#6999,.T.);
#6999 = SURFACE_CURVE('',#7000,(#7005,#7012),.PCURVE_S1.);
#7000 = CIRCLE('',#7001,19.);
#7001 = AXIS2_PLACEMENT_3D('',#7002,#7003,#7004);
#7002 = CARTESIAN_POINT('',(-43.6921045499,0.,1.01278E+03));
#7003 = DIRECTION('',(1.,0.,-0.));
#7004 = DIRECTION('',(0.,0.,1.));
#7005 = PCURVE('',#6924,#7006);
#7006 = DEFINITIONAL_REPRESENTATION('',(#7007),#7011);
#7007 = LINE('',#7008,#7009);
#7008 = CARTESIAN_POINT('',(0.,0.1));
#7009 = VECTOR('',#7010,1.);
#7010 = DIRECTION('',(1.,0.));
#7011 = ( GEOMETRIC_REPRESENTATION_CONTEXT(2) 
PARAMETRIC_REPRESENTATION_CONTEXT() REPRESENTATION_CONTEXT('2D SPACE',''
  ) );
#7012 = PCURVE('',#7013,#7018);
#7013 = CYLINDRICAL_SURFACE('',#7014,19.);
#7014 = AXIS2_PLACEMENT_3D('',#7015,#7016,#7017);
#7015 = CARTESIAN_POINT('',(-46.7921045499,0.,1.01278E+03));
#7016 = DIRECTION('',(1.,0.,0.));
#7017 = DIRECTION('',(0.,0.,1.));
#7018 = DEFINITIONAL_REPRESENTATION('',(#7019),#7022);
#7019 = B_SPLINE_CURVE_WITH_KNOTS('',1,(#7020,#7021),.UNSPECIFIED.,.F.,
  .F.,(2,2),(0.,6.28318530718),.PIECEWISE_BEZIER_KNOTS.);
#7020 = CARTESIAN_POINT('',(0.,3.1));
#7021 = CARTESIAN_POINT('',(6.28318530718,3.1));
#7022 = ( GEOMETRIC_REPRESENTATION_CONTEXT(2) 
PARAMETRIC_REPRESENTATION_CONTEXT() REPRESENTATION_CONTEXT('2D SPACE',''
  ) );
#7023 = ORIENTED_EDGE('',*,*,#6975,.T.);
#7024 = ADVANCED_FACE('',(#7025),#6956,.T.);
#7025 = FACE_BOUND('',#7026,.T.);
#7026 = EDGE_LOOP('',(#7027,#7028,#7051,#7078));
#7027 = ORIENTED_EDGE('',*,*,#6939,.F.);
#7028 = ORIENTED_EDGE('',*,*,#7029,.F.);
#7029 = EDGE_CURVE('',#7030,#6940,#7032,.T.);
#7030 = VERTEX_POINT('',#7031);
#7031 = CARTESIAN_POINT('',(-46.6921045499,7.347880794884E-15,
    1.04278E+03));
#7032 = SEAM_CURVE('',#7033,(#7037,#7044),.PCURVE_S1.);
#7033 = LINE('',#7034,#7035);
#7034 = CARTESIAN_POINT('',(-46.6921045499,7.347880794884E-15,
    1.04278E+03));
#7035 = VECTOR('',#7036,1.);
#7036 = DIRECTION('',(1.,0.,0.));
#7037 = PCURVE('',#6956,#7038);
#7038 = DEFINITIONAL_REPRESENTATION('',(#7039),#7043);
#7039 = LINE('',#7040,#7041);
#7040 = CARTESIAN_POINT('',(0.,-0.));
#7041 = VECTOR('',#7042,1.);
#7042 = DIRECTION('',(0.,1.));
#7043 = ( GEOMETRIC_REPRESENTATION_CONTEXT(2) 
PARAMETRIC_REPRESENTATION_CONTEXT() REPRESENTATION_CONTEXT('2D SPACE',''
  ) );
#7044 = PCURVE('',#6956,#7045);
#7045 = DEFINITIONAL_REPRESENTATION('',(#7046),#7050);
#7046 = LINE('',#7047,#7048);
#7047 = CARTESIAN_POINT('',(6.28318530718,-0.));
#7048 = VECTOR('',#7049,1.);
#7049 = DIRECTION('',(0.,1.));
#7050 = ( GEOMETRIC_REPRESENTATION_CONTEXT(2) 
PARAMETRIC_REPRESENTATION_CONTEXT() REPRESENTATION_CONTEXT('2D SPACE',''
  ) );
#7051 = ORIENTED_EDGE('',*,*,#7052,.T.);
#7052 = EDGE_CURVE('',#7030,#7030,#7053,.T.);
#7053 = SURFACE_CURVE('',#7054,(#7059,#7066),.PCURVE_S1.);
#7054 = CIRCLE('',#7055,30.);
#7055 = AXIS2_PLACEMENT_3D('',#7056,#7057,#7058);
#7056 = CARTESIAN_POINT('',(-46.6921045499,0.,1.01278E+03));
#7057 = DIRECTION('',(1.,0.,-0.));
#7058 = DIRECTION('',(0.,0.,1.));
#7059 = PCURVE('',#6956,#7060);
#7060 = DEFINITIONAL_REPRESENTATION('',(#7061),#7065);
#7061 = LINE('',#7062,#7063);
#7062 = CARTESIAN_POINT('',(0.,0.));
#7063 = VECTOR('',#7064,1.);
#7064 = DIRECTION('',(1.,0.));
#7065 = ( GEOMETRIC_REPRESENTATION_CONTEXT(2) 
PARAMETRIC_REPRESENTATION_CONTEXT() REPRESENTATION_CONTEXT('2D SPACE',''
  ) );
#7066 = PCURVE('',#7067,#7072);
#7067 = PLANE('',#7068);
#7068 = AXIS2_PLACEMENT_3D('',#7069,#7070,#7071);
#7069 = CARTESIAN_POINT('',(-46.6921045499,0.,1.01278E+03));
#7070 = DIRECTION('',(1.,0.,0.));
#7071 = DIRECTION('',(0.,0.,1.));
#7072 = DEFINITIONAL_REPRESENTATION('',(#7073),#7077);
#7073 = CIRCLE('',#7074,30.);
#7074 = AXIS2_PLACEMENT_2D('',#7075,#7076);
#7075 = CARTESIAN_POINT('',(0.,0.));
#7076 = DIRECTION('',(1.,0.));
#7077 = ( GEOMETRIC_REPRESENTATION_CONTEXT(2) 
PARAMETRIC_REPRESENTATION_CONTEXT() REPRESENTATION_CONTEXT('2D SPACE',''
  ) );
#7078 = ORIENTED_EDGE('',*,*,#7029,.T.);
#7079 = ADVANCED_FACE('',(#7080),#7013,.F.);
#7080 = FACE_BOUND('',#7081,.F.);
#7081 = EDGE_LOOP('',(#7082,#7083,#7106,#7128));
#7082 = ORIENTED_EDGE('',*,*,#6998,.F.);
#7083 = ORIENTED_EDGE('',*,*,#7084,.F.);
#7084 = EDGE_CURVE('',#7085,#6976,#7087,.T.);
#7085 = VERTEX_POINT('',#7086);
#7086 = CARTESIAN_POINT('',(-46.6921045499,4.65365783676E-15,1.03178E+03
    ));
#7087 = SEAM_CURVE('',#7088,(#7092,#7099),.PCURVE_S1.);
#7088 = LINE('',#7089,#7090);
#7089 = CARTESIAN_POINT('',(-46.7921045499,4.65365783676E-15,1.03178E+03
    ));
#7090 = VECTOR('',#7091,1.);
#7091 = DIRECTION('',(1.,0.,0.));
#7092 = PCURVE('',#7013,#7093);
#7093 = DEFINITIONAL_REPRESENTATION('',(#7094),#7098);
#7094 = LINE('',#7095,#7096);
#7095 = CARTESIAN_POINT('',(0.,-0.));
#7096 = VECTOR('',#7097,1.);
#7097 = DIRECTION('',(0.,1.));
#7098 = ( GEOMETRIC_REPRESENTATION_CONTEXT(2) 
PARAMETRIC_REPRESENTATION_CONTEXT() REPRESENTATION_CONTEXT('2D SPACE',''
  ) );
#7099 = PCURVE('',#7013,#7100);
#7100 = DEFINITIONAL_REPRESENTATION('',(#7101),#7105);
#7101 = LINE('',#7102,#7103);
#7102 = CARTESIAN_POINT('',(6.28318530718,-0.));
#7103 = VECTOR('',#7104,1.);
#7104 = DIRECTION('',(0.,1.));
#7105 = ( GEOMETRIC_REPRESENTATION_CONTEXT(2) 
PARAMETRIC_REPRESENTATION_CONTEXT() REPRESENTATION_CONTEXT('2D SPACE',''
  ) );
#7106 = ORIENTED_EDGE('',*,*,#7107,.T.);
#7107 = EDGE_CURVE('',#7085,#7085,#7108,.T.);
#7108 = SURFACE_CURVE('',#7109,(#7114,#7121),.PCURVE_S1.);
#7109 = CIRCLE('',#7110,19.);
#7110 = AXIS2_PLACEMENT_3D('',#7111,#7112,#7113);
#7111 = CARTESIAN_POINT('',(-46.6921045499,0.,1.01278E+03));
#7112 = DIRECTION('',(1.,0.,-0.));
#7113 = DIRECTION('',(0.,0.,1.));
#7114 = PCURVE('',#7013,#7115);
#7115 = DEFINITIONAL_REPRESENTATION('',(#7116),#7120);
#7116 = LINE('',#7117,#7118);
#7117 = CARTESIAN_POINT('',(0.,0.1));
#7118 = VECTOR('',#7119,1.);
#7119 = DIRECTION('',(1.,0.));
#7120 = ( GEOMETRIC_REPRESENTATION_CONTEXT(2) 
PARAMETRIC_REPRESENTATION_CONTEXT() REPRESENTATION_CONTEXT('2D SPACE',''
  ) );
#7121 = PCURVE('',#7067,#7122);
#7122 = DEFINITIONAL_REPRESENTATION('',(#7123),#7127);
#7123 = CIRCLE('',#7124,19.);
#7124 = AXIS2_PLACEMENT_2D('',#7125,#7126);
#7125 = CARTESIAN_POINT('',(0.,0.));
#7126 = DIRECTION('',(1.,0.));
#7127 = ( GEOMETRIC_REPRESENTATION_CONTEXT(2) 
PARAMETRIC_REPRESENTATION_CONTEXT() REPRESENTATION_CONTEXT('2D SPACE',''
  ) );
#7128 = ORIENTED_EDGE('',*,*,#7084,.T.);
#7129 = ADVANCED_FACE('',(#7130,#7133),#7067,.F.);
#7130 = FACE_BOUND('',#7131,.F.);
#7131 = EDGE_LOOP('',(#7132));
#7132 = ORIENTED_EDGE('',*,*,#7052,.T.);
#7133 = FACE_BOUND('',#7134,.F.);
#7134 = EDGE_LOOP('',(#7135));
#7135 = ORIENTED_EDGE('',*,*,#7107,.F.);
#7136 = ( GEOMETRIC_REPRESENTATION_CONTEXT(3) 
GLOBAL_UNCERTAINTY_ASSIGNED_CONTEXT((#7140)) 
GLOBAL_UNIT_ASSIGNED_CONTEXT((#7137,#7138,#7139)) REPRESENTATION_CONTEXT
('Context #1','3D Context with UNIT and UNCERTAINTY') );
#7137 = ( LENGTH_UNIT() NAMED_UNIT(*) SI_UNIT(.MILLI.,.METRE.) );
#7138 = ( NAMED_UNIT(*) PLANE_ANGLE_UNIT() SI_UNIT($,.RADIAN.) );
#7139 = ( NAMED_UNIT(*) SI_UNIT($,.STERADIAN.) SOLID_ANGLE_UNIT() );
#7140 = UNCERTAINTY_MEASURE_WITH_UNIT(LENGTH_MEASURE(1.E-07),#7137,
  'distance_accuracy_value','confusion accuracy');
#7141 = CONTEXT_DEPENDENT_SHAPE_REPRESENTATION(#7142,#7144);
#7142 = ( REPRESENTATION_RELATIONSHIP('','',#6809,#10) 
REPRESENTATION_RELATIONSHIP_WITH_TRANSFORMATION(#7143) 
SHAPE_REPRESENTATION_RELATIONSHIP() );
#7143 = ITEM_DEFINED_TRANSFORMATION('','',#11,#23);
#7144 = PRODUCT_DEFINITION_SHAPE('Placement','Placement of an item',
  #7145);
#7145 = NEXT_ASSEMBLY_USAGE_OCCURRENCE('3','BUSHING_LEFT_AMS4640','',#5,
  #6804,$);
#7146 = PRODUCT_RELATED_PRODUCT_CATEGORY('part',$,(#6806));
#7147 = SHAPE_DEFINITION_REPRESENTATION(#7148,#7154);
#7148 = PRODUCT_DEFINITION_SHAPE('','',#7149);
#7149 = PRODUCT_DEFINITION('design','',#7150,#7153);
#7150 = PRODUCT_DEFINITION_FORMATION('','',#7151);
#7151 = PRODUCT('BUSHING_RIGHT_AMS4640','BUSHING_RIGHT_AMS4640','',(
    #7152));
#7152 = PRODUCT_CONTEXT('',#2,'mechanical');
#7153 = PRODUCT_DEFINITION_CONTEXT('part definition',#2,'design');
#7154 = ADVANCED_BREP_SHAPE_REPRESENTATION('',(#11,#7155),#7481);
#7155 = MANIFOLD_SOLID_BREP('',#7156);
#7156 = CLOSED_SHELL('',(#7157,#7245,#7280,#7315,#7370,#7424,#7454));
#7157 = ADVANCED_FACE('',(#7158),#7171,.T.);
#7158 = FACE_BOUND('',#7159,.T.);
#7159 = EDGE_LOOP('',(#7160,#7194,#7217,#7244));
#7160 = ORIENTED_EDGE('',*,*,#7161,.F.);
#7161 = EDGE_CURVE('',#7162,#7162,#7164,.T.);
#7162 = VERTEX_POINT('',#7163);
#7163 = CARTESIAN_POINT('',(43.692104549907,6.123233995737E-15,
    1.03778E+03));
#7164 = SURFACE_CURVE('',#7165,(#7170,#7182),.PCURVE_S1.);
#7165 = CIRCLE('',#7166,25.);
#7166 = AXIS2_PLACEMENT_3D('',#7167,#7168,#7169);
#7167 = CARTESIAN_POINT('',(43.692104549907,0.,1.01278E+03));
#7168 = DIRECTION('',(1.,0.,-0.));
#7169 = DIRECTION('',(0.,0.,1.));
#7170 = PCURVE('',#7171,#7176);
#7171 = CYLINDRICAL_SURFACE('',#7172,25.);
#7172 = AXIS2_PLACEMENT_3D('',#7173,#7174,#7175);
#7173 = CARTESIAN_POINT('',(13.692104549907,0.,1.01278E+03));
#7174 = DIRECTION('',(1.,0.,0.));
#7175 = DIRECTION('',(0.,0.,1.));
#7176 = DEFINITIONAL_REPRESENTATION('',(#7177),#7181);
#7177 = LINE('',#7178,#7179);
#7178 = CARTESIAN_POINT('',(0.,30.));
#7179 = VECTOR('',#7180,1.);
#7180 = DIRECTION('',(1.,0.));
#7181 = ( GEOMETRIC_REPRESENTATION_CONTEXT(2) 
PARAMETRIC_REPRESENTATION_CONTEXT() REPRESENTATION_CONTEXT('2D SPACE',''
  ) );
#7182 = PCURVE('',#7183,#7188);
#7183 = PLANE('',#7184);
#7184 = AXIS2_PLACEMENT_3D('',#7185,#7186,#7187);
#7185 = CARTESIAN_POINT('',(43.692104549907,0.,1.01278E+03));
#7186 = DIRECTION('',(1.,0.,0.));
#7187 = DIRECTION('',(0.,0.,1.));
#7188 = DEFINITIONAL_REPRESENTATION('',(#7189),#7193);
#7189 = CIRCLE('',#7190,25.);
#7190 = AXIS2_PLACEMENT_2D('',#7191,#7192);
#7191 = CARTESIAN_POINT('',(0.,0.));
#7192 = DIRECTION('',(1.,0.));
#7193 = ( GEOMETRIC_REPRESENTATION_CONTEXT(2) 
PARAMETRIC_REPRESENTATION_CONTEXT() REPRESENTATION_CONTEXT('2D SPACE',''
  ) );
#7194 = ORIENTED_EDGE('',*,*,#7195,.F.);
#7195 = EDGE_CURVE('',#7196,#7162,#7198,.T.);
#7196 = VERTEX_POINT('',#7197);
#7197 = CARTESIAN_POINT('',(13.692104549907,6.123233995737E-15,
    1.03778E+03));
#7198 = SEAM_CURVE('',#7199,(#7203,#7210),.PCURVE_S1.);
#7199 = LINE('',#7200,#7201);
#7200 = CARTESIAN_POINT('',(13.692104549907,6.123233995737E-15,
    1.03778E+03));
#7201 = VECTOR('',#7202,1.);
#7202 = DIRECTION('',(1.,0.,0.));
#7203 = PCURVE('',#7171,#7204);
#7204 = DEFINITIONAL_REPRESENTATION('',(#7205),#7209);
#7205 = LINE('',#7206,#7207);
#7206 = CARTESIAN_POINT('',(0.,-0.));
#7207 = VECTOR('',#7208,1.);
#7208 = DIRECTION('',(0.,1.));
#7209 = ( GEOMETRIC_REPRESENTATION_CONTEXT(2) 
PARAMETRIC_REPRESENTATION_CONTEXT() REPRESENTATION_CONTEXT('2D SPACE',''
  ) );
#7210 = PCURVE('',#7171,#7211);
#7211 = DEFINITIONAL_REPRESENTATION('',(#7212),#7216);
#7212 = LINE('',#7213,#7214);
#7213 = CARTESIAN_POINT('',(6.28318530718,-0.));
#7214 = VECTOR('',#7215,1.);
#7215 = DIRECTION('',(0.,1.));
#7216 = ( GEOMETRIC_REPRESENTATION_CONTEXT(2) 
PARAMETRIC_REPRESENTATION_CONTEXT() REPRESENTATION_CONTEXT('2D SPACE',''
  ) );
#7217 = ORIENTED_EDGE('',*,*,#7218,.T.);
#7218 = EDGE_CURVE('',#7196,#7196,#7219,.T.);
#7219 = SURFACE_CURVE('',#7220,(#7225,#7232),.PCURVE_S1.);
#7220 = CIRCLE('',#7221,25.);
#7221 = AXIS2_PLACEMENT_3D('',#7222,#7223,#7224);
#7222 = CARTESIAN_POINT('',(13.692104549907,0.,1.01278E+03));
#7223 = DIRECTION('',(1.,0.,-0.));
#7224 = DIRECTION('',(0.,0.,1.));
#7225 = PCURVE('',#7171,#7226);
#7226 = DEFINITIONAL_REPRESENTATION('',(#7227),#7231);
#7227 = LINE('',#7228,#7229);
#7228 = CARTESIAN_POINT('',(0.,0.));
#7229 = VECTOR('',#7230,1.);
#7230 = DIRECTION('',(1.,0.));
#7231 = ( GEOMETRIC_REPRESENTATION_CONTEXT(2) 
PARAMETRIC_REPRESENTATION_CONTEXT() REPRESENTATION_CONTEXT('2D SPACE',''
  ) );
#7232 = PCURVE('',#7233,#7238);
#7233 = PLANE('',#7234);
#7234 = AXIS2_PLACEMENT_3D('',#7235,#7236,#7237);
#7235 = CARTESIAN_POINT('',(13.692104549907,0.,1.01278E+03));
#7236 = DIRECTION('',(1.,0.,0.));
#7237 = DIRECTION('',(0.,0.,1.));
#7238 = DEFINITIONAL_REPRESENTATION('',(#7239),#7243);
#7239 = CIRCLE('',#7240,25.);
#7240 = AXIS2_PLACEMENT_2D('',#7241,#7242);
#7241 = CARTESIAN_POINT('',(0.,0.));
#7242 = DIRECTION('',(1.,0.));
#7243 = ( GEOMETRIC_REPRESENTATION_CONTEXT(2) 
PARAMETRIC_REPRESENTATION_CONTEXT() REPRESENTATION_CONTEXT('2D SPACE',''
  ) );
#7244 = ORIENTED_EDGE('',*,*,#7195,.T.);
#7245 = ADVANCED_FACE('',(#7246,#7277),#7183,.F.);
#7246 = FACE_BOUND('',#7247,.F.);
#7247 = EDGE_LOOP('',(#7248));
#7248 = ORIENTED_EDGE('',*,*,#7249,.T.);
#7249 = EDGE_CURVE('',#7250,#7250,#7252,.T.);
#7250 = VERTEX_POINT('',#7251);
#7251 = CARTESIAN_POINT('',(43.692104549907,7.347880794884E-15,
    1.04278E+03));
#7252 = SURFACE_CURVE('',#7253,(#7258,#7265),.PCURVE_S1.);
#7253 = CIRCLE('',#7254,30.);
#7254 = AXIS2_PLACEMENT_3D('',#7255,#7256,#7257);
#7255 = CARTESIAN_POINT('',(43.692104549907,0.,1.01278E+03));
#7256 = DIRECTION('',(1.,0.,-0.));
#7257 = DIRECTION('',(0.,0.,1.));
#7258 = PCURVE('',#7183,#7259);
#7259 = DEFINITIONAL_REPRESENTATION('',(#7260),#7264);
#7260 = CIRCLE('',#7261,30.);
#7261 = AXIS2_PLACEMENT_2D('',#7262,#7263);
#7262 = CARTESIAN_POINT('',(0.,0.));
#7263 = DIRECTION('',(1.,0.));
#7264 = ( GEOMETRIC_REPRESENTATION_CONTEXT(2) 
PARAMETRIC_REPRESENTATION_CONTEXT() REPRESENTATION_CONTEXT('2D SPACE',''
  ) );
#7265 = PCURVE('',#7266,#7271);
#7266 = CYLINDRICAL_SURFACE('',#7267,30.);
#7267 = AXIS2_PLACEMENT_3D('',#7268,#7269,#7270);
#7268 = CARTESIAN_POINT('',(43.692104549907,0.,1.01278E+03));
#7269 = DIRECTION('',(1.,0.,0.));
#7270 = DIRECTION('',(0.,0.,1.));
#7271 = DEFINITIONAL_REPRESENTATION('',(#7272),#7276);
#7272 = LINE('',#7273,#7274);
#7273 = CARTESIAN_POINT('',(0.,0.));
#7274 = VECTOR('',#7275,1.);
#7275 = DIRECTION('',(1.,0.));
#7276 = ( GEOMETRIC_REPRESENTATION_CONTEXT(2) 
PARAMETRIC_REPRESENTATION_CONTEXT() REPRESENTATION_CONTEXT('2D SPACE',''
  ) );
#7277 = FACE_BOUND('',#7278,.F.);
#7278 = EDGE_LOOP('',(#7279));
#7279 = ORIENTED_EDGE('',*,*,#7161,.F.);
#7280 = ADVANCED_FACE('',(#7281,#7284),#7233,.F.);
#7281 = FACE_BOUND('',#7282,.F.);
#7282 = EDGE_LOOP('',(#7283));
#7283 = ORIENTED_EDGE('',*,*,#7218,.T.);
#7284 = FACE_BOUND('',#7285,.F.);
#7285 = EDGE_LOOP('',(#7286));
#7286 = ORIENTED_EDGE('',*,*,#7287,.F.);
#7287 = EDGE_CURVE('',#7288,#7288,#7290,.T.);
#7288 = VERTEX_POINT('',#7289);
#7289 = CARTESIAN_POINT('',(13.692104549907,4.65365783676E-15,
    1.03178E+03));
#7290 = SURFACE_CURVE('',#7291,(#7296,#7303),.PCURVE_S1.);
#7291 = CIRCLE('',#7292,19.);
#7292 = AXIS2_PLACEMENT_3D('',#7293,#7294,#7295);
#7293 = CARTESIAN_POINT('',(13.692104549907,0.,1.01278E+03));
#7294 = DIRECTION('',(1.,0.,-0.));
#7295 = DIRECTION('',(0.,0.,1.));
#7296 = PCURVE('',#7233,#7297);
#7297 = DEFINITIONAL_REPRESENTATION('',(#7298),#7302);
#7298 = CIRCLE('',#7299,19.);
#7299 = AXIS2_PLACEMENT_2D('',#7300,#7301);
#7300 = CARTESIAN_POINT('',(0.,0.));
#7301 = DIRECTION('',(1.,0.));
#7302 = ( GEOMETRIC_REPRESENTATION_CONTEXT(2) 
PARAMETRIC_REPRESENTATION_CONTEXT() REPRESENTATION_CONTEXT('2D SPACE',''
  ) );
#7303 = PCURVE('',#7304,#7309);
#7304 = CYLINDRICAL_SURFACE('',#7305,19.);
#7305 = AXIS2_PLACEMENT_3D('',#7306,#7307,#7308);
#7306 = CARTESIAN_POINT('',(13.592104549907,0.,1.01278E+03));
#7307 = DIRECTION('',(1.,0.,0.));
#7308 = DIRECTION('',(0.,0.,1.));
#7309 = DEFINITIONAL_REPRESENTATION('',(#7310),#7314);
#7310 = LINE('',#7311,#7312);
#7311 = CARTESIAN_POINT('',(0.,0.1));
#7312 = VECTOR('',#7313,1.);
#7313 = DIRECTION('',(1.,0.));
#7314 = ( GEOMETRIC_REPRESENTATION_CONTEXT(2) 
PARAMETRIC_REPRESENTATION_CONTEXT() REPRESENTATION_CONTEXT('2D SPACE',''
  ) );
#7315 = ADVANCED_FACE('',(#7316),#7266,.T.);
#7316 = FACE_BOUND('',#7317,.T.);
#7317 = EDGE_LOOP('',(#7318,#7347,#7368,#7369));
#7318 = ORIENTED_EDGE('',*,*,#7319,.F.);
#7319 = EDGE_CURVE('',#7320,#7320,#7322,.T.);
#7320 = VERTEX_POINT('',#7321);
#7321 = CARTESIAN_POINT('',(46.692104549907,7.347880794884E-15,
    1.04278E+03));
#7322 = SURFACE_CURVE('',#7323,(#7328,#7335),.PCURVE_S1.);
#7323 = CIRCLE('',#7324,30.);
#7324 = AXIS2_PLACEMENT_3D('',#7325,#7326,#7327);
#7325 = CARTESIAN_POINT('',(46.692104549907,0.,1.01278E+03));
#7326 = DIRECTION('',(1.,0.,-0.));
#7327 = DIRECTION('',(0.,0.,1.));
#7328 = PCURVE('',#7266,#7329);
#7329 = DEFINITIONAL_REPRESENTATION('',(#7330),#7334);
#7330 = LINE('',#7331,#7332);
#7331 = CARTESIAN_POINT('',(0.,3.));
#7332 = VECTOR('',#7333,1.);
#7333 = DIRECTION('',(1.,0.));
#7334 = ( GEOMETRIC_REPRESENTATION_CONTEXT(2) 
PARAMETRIC_REPRESENTATION_CONTEXT() REPRESENTATION_CONTEXT('2D SPACE',''
  ) );
#7335 = PCURVE('',#7336,#7341);
#7336 = PLANE('',#7337);
#7337 = AXIS2_PLACEMENT_3D('',#7338,#7339,#7340);
#7338 = CARTESIAN_POINT('',(46.692104549907,0.,1.01278E+03));
#7339 = DIRECTION('',(1.,0.,0.));
#7340 = DIRECTION('',(0.,0.,1.));
#7341 = DEFINITIONAL_REPRESENTATION('',(#7342),#7346);
#7342 = CIRCLE('',#7343,30.);
#7343 = AXIS2_PLACEMENT_2D('',#7344,#7345);
#7344 = CARTESIAN_POINT('',(0.,0.));
#7345 = DIRECTION('',(1.,0.));
#7346 = ( GEOMETRIC_REPRESENTATION_CONTEXT(2) 
PARAMETRIC_REPRESENTATION_CONTEXT() REPRESENTATION_CONTEXT('2D SPACE',''
  ) );
#7347 = ORIENTED_EDGE('',*,*,#7348,.F.);
#7348 = EDGE_CURVE('',#7250,#7320,#7349,.T.);
#7349 = SEAM_CURVE('',#7350,(#7354,#7361),.PCURVE_S1.);
#7350 = LINE('',#7351,#7352);
#7351 = CARTESIAN_POINT('',(43.692104549907,7.347880794884E-15,
    1.04278E+03));
#7352 = VECTOR('',#7353,1.);
#7353 = DIRECTION('',(1.,0.,0.));
#7354 = PCURVE('',#7266,#7355);
#7355 = DEFINITIONAL_REPRESENTATION('',(#7356),#7360);
#7356 = LINE('',#7357,#7358);
#7357 = CARTESIAN_POINT('',(0.,-0.));
#7358 = VECTOR('',#7359,1.);
#7359 = DIRECTION('',(0.,1.));
#7360 = ( GEOMETRIC_REPRESENTATION_CONTEXT(2) 
PARAMETRIC_REPRESENTATION_CONTEXT() REPRESENTATION_CONTEXT('2D SPACE',''
  ) );
#7361 = PCURVE('',#7266,#7362);
#7362 = DEFINITIONAL_REPRESENTATION('',(#7363),#7367);
#7363 = LINE('',#7364,#7365);
#7364 = CARTESIAN_POINT('',(6.28318530718,-0.));
#7365 = VECTOR('',#7366,1.);
#7366 = DIRECTION('',(0.,1.));
#7367 = ( GEOMETRIC_REPRESENTATION_CONTEXT(2) 
PARAMETRIC_REPRESENTATION_CONTEXT() REPRESENTATION_CONTEXT('2D SPACE',''
  ) );
#7368 = ORIENTED_EDGE('',*,*,#7249,.T.);
#7369 = ORIENTED_EDGE('',*,*,#7348,.T.);
#7370 = ADVANCED_FACE('',(#7371),#7304,.F.);
#7371 = FACE_BOUND('',#7372,.F.);
#7372 = EDGE_LOOP('',(#7373,#7401,#7422,#7423));
#7373 = ORIENTED_EDGE('',*,*,#7374,.F.);
#7374 = EDGE_CURVE('',#7375,#7375,#7377,.T.);
#7375 = VERTEX_POINT('',#7376);
#7376 = CARTESIAN_POINT('',(43.692104549907,4.65365783676E-15,
    1.03178E+03));
#7377 = SURFACE_CURVE('',#7378,(#7383,#7390),.PCURVE_S1.);
#7378 = CIRCLE('',#7379,19.);
#7379 = AXIS2_PLACEMENT_3D('',#7380,#7381,#7382);
#7380 = CARTESIAN_POINT('',(43.692104549907,0.,1.01278E+03));
#7381 = DIRECTION('',(1.,0.,-0.));
#7382 = DIRECTION('',(0.,0.,1.));
#7383 = PCURVE('',#7304,#7384);
#7384 = DEFINITIONAL_REPRESENTATION('',(#7385),#7389);
#7385 = LINE('',#7386,#7387);
#7386 = CARTESIAN_POINT('',(0.,30.1));
#7387 = VECTOR('',#7388,1.);
#7388 = DIRECTION('',(1.,0.));
#7389 = ( GEOMETRIC_REPRESENTATION_CONTEXT(2) 
PARAMETRIC_REPRESENTATION_CONTEXT() REPRESENTATION_CONTEXT('2D SPACE',''
  ) );
#7390 = PCURVE('',#7391,#7396);
#7391 = CYLINDRICAL_SURFACE('',#7392,19.);
#7392 = AXIS2_PLACEMENT_3D('',#7393,#7394,#7395);
#7393 = CARTESIAN_POINT('',(43.592104549907,0.,1.01278E+03));
#7394 = DIRECTION('',(1.,0.,0.));
#7395 = DIRECTION('',(0.,0.,1.));
#7396 = DEFINITIONAL_REPRESENTATION('',(#7397),#7400);
#7397 = B_SPLINE_CURVE_WITH_KNOTS('',1,(#7398,#7399),.UNSPECIFIED.,.F.,
  .F.,(2,2),(0.,6.28318530718),.PIECEWISE_BEZIER_KNOTS.);
#7398 = CARTESIAN_POINT('',(0.,0.1));
#7399 = CARTESIAN_POINT('',(6.28318530718,0.1));
#7400 = ( GEOMETRIC_REPRESENTATION_CONTEXT(2) 
PARAMETRIC_REPRESENTATION_CONTEXT() REPRESENTATION_CONTEXT('2D SPACE',''
  ) );
#7401 = ORIENTED_EDGE('',*,*,#7402,.F.);
#7402 = EDGE_CURVE('',#7288,#7375,#7403,.T.);
#7403 = SEAM_CURVE('',#7404,(#7408,#7415),.PCURVE_S1.);
#7404 = LINE('',#7405,#7406);
#7405 = CARTESIAN_POINT('',(13.592104549907,4.65365783676E-15,
    1.03178E+03));
#7406 = VECTOR('',#7407,1.);
#7407 = DIRECTION('',(1.,0.,0.));
#7408 = PCURVE('',#7304,#7409);
#7409 = DEFINITIONAL_REPRESENTATION('',(#7410),#7414);
#7410 = LINE('',#7411,#7412);
#7411 = CARTESIAN_POINT('',(0.,-0.));
#7412 = VECTOR('',#7413,1.);
#7413 = DIRECTION('',(0.,1.));
#7414 = ( GEOMETRIC_REPRESENTATION_CONTEXT(2) 
PARAMETRIC_REPRESENTATION_CONTEXT() REPRESENTATION_CONTEXT('2D SPACE',''
  ) );
#7415 = PCURVE('',#7304,#7416);
#7416 = DEFINITIONAL_REPRESENTATION('',(#7417),#7421);
#7417 = LINE('',#7418,#7419);
#7418 = CARTESIAN_POINT('',(6.28318530718,-0.));
#7419 = VECTOR('',#7420,1.);
#7420 = DIRECTION('',(0.,1.));
#7421 = ( GEOMETRIC_REPRESENTATION_CONTEXT(2) 
PARAMETRIC_REPRESENTATION_CONTEXT() REPRESENTATION_CONTEXT('2D SPACE',''
  ) );
#7422 = ORIENTED_EDGE('',*,*,#7287,.T.);
#7423 = ORIENTED_EDGE('',*,*,#7402,.T.);
#7424 = ADVANCED_FACE('',(#7425,#7428),#7336,.T.);
#7425 = FACE_BOUND('',#7426,.T.);
#7426 = EDGE_LOOP('',(#7427));
#7427 = ORIENTED_EDGE('',*,*,#7319,.T.);
#7428 = FACE_BOUND('',#7429,.T.);
#7429 = EDGE_LOOP('',(#7430));
#7430 = ORIENTED_EDGE('',*,*,#7431,.F.);
#7431 = EDGE_CURVE('',#7432,#7432,#7434,.T.);
#7432 = VERTEX_POINT('',#7433);
#7433 = CARTESIAN_POINT('',(46.692104549907,4.65365783676E-15,
    1.03178E+03));
#7434 = SURFACE_CURVE('',#7435,(#7440,#7447),.PCURVE_S1.);
#7435 = CIRCLE('',#7436,19.);
#7436 = AXIS2_PLACEMENT_3D('',#7437,#7438,#7439);
#7437 = CARTESIAN_POINT('',(46.692104549907,0.,1.01278E+03));
#7438 = DIRECTION('',(1.,0.,-0.));
#7439 = DIRECTION('',(0.,0.,1.));
#7440 = PCURVE('',#7336,#7441);
#7441 = DEFINITIONAL_REPRESENTATION('',(#7442),#7446);
#7442 = CIRCLE('',#7443,19.);
#7443 = AXIS2_PLACEMENT_2D('',#7444,#7445);
#7444 = CARTESIAN_POINT('',(0.,0.));
#7445 = DIRECTION('',(1.,0.));
#7446 = ( GEOMETRIC_REPRESENTATION_CONTEXT(2) 
PARAMETRIC_REPRESENTATION_CONTEXT() REPRESENTATION_CONTEXT('2D SPACE',''
  ) );
#7447 = PCURVE('',#7391,#7448);
#7448 = DEFINITIONAL_REPRESENTATION('',(#7449),#7453);
#7449 = LINE('',#7450,#7451);
#7450 = CARTESIAN_POINT('',(0.,3.1));
#7451 = VECTOR('',#7452,1.);
#7452 = DIRECTION('',(1.,0.));
#7453 = ( GEOMETRIC_REPRESENTATION_CONTEXT(2) 
PARAMETRIC_REPRESENTATION_CONTEXT() REPRESENTATION_CONTEXT('2D SPACE',''
  ) );
#7454 = ADVANCED_FACE('',(#7455),#7391,.F.);
#7455 = FACE_BOUND('',#7456,.F.);
#7456 = EDGE_LOOP('',(#7457,#7458,#7479,#7480));
#7457 = ORIENTED_EDGE('',*,*,#7431,.F.);
#7458 = ORIENTED_EDGE('',*,*,#7459,.F.);
#7459 = EDGE_CURVE('',#7375,#7432,#7460,.T.);
#7460 = SEAM_CURVE('',#7461,(#7465,#7472),.PCURVE_S1.);
#7461 = LINE('',#7462,#7463);
#7462 = CARTESIAN_POINT('',(43.592104549907,4.65365783676E-15,
    1.03178E+03));
#7463 = VECTOR('',#7464,1.);
#7464 = DIRECTION('',(1.,0.,0.));
#7465 = PCURVE('',#7391,#7466);
#7466 = DEFINITIONAL_REPRESENTATION('',(#7467),#7471);
#7467 = LINE('',#7468,#7469);
#7468 = CARTESIAN_POINT('',(0.,-0.));
#7469 = VECTOR('',#7470,1.);
#7470 = DIRECTION('',(0.,1.));
#7471 = ( GEOMETRIC_REPRESENTATION_CONTEXT(2) 
PARAMETRIC_REPRESENTATION_CONTEXT() REPRESENTATION_CONTEXT('2D SPACE',''
  ) );
#7472 = PCURVE('',#7391,#7473);
#7473 = DEFINITIONAL_REPRESENTATION('',(#7474),#7478);
#7474 = LINE('',#7475,#7476);
#7475 = CARTESIAN_POINT('',(6.28318530718,-0.));
#7476 = VECTOR('',#7477,1.);
#7477 = DIRECTION('',(0.,1.));
#7478 = ( GEOMETRIC_REPRESENTATION_CONTEXT(2) 
PARAMETRIC_REPRESENTATION_CONTEXT() REPRESENTATION_CONTEXT('2D SPACE',''
  ) );
#7479 = ORIENTED_EDGE('',*,*,#7374,.T.);
#7480 = ORIENTED_EDGE('',*,*,#7459,.T.);
#7481 = ( GEOMETRIC_REPRESENTATION_CONTEXT(3) 
GLOBAL_UNCERTAINTY_ASSIGNED_CONTEXT((#7485)) 
GLOBAL_UNIT_ASSIGNED_CONTEXT((#7482,#7483,#7484)) REPRESENTATION_CONTEXT
('Context #1','3D Context with UNIT and UNCERTAINTY') );
#7482 = ( LENGTH_UNIT() NAMED_UNIT(*) SI_UNIT(.MILLI.,.METRE.) );
#7483 = ( NAMED_UNIT(*) PLANE_ANGLE_UNIT() SI_UNIT($,.RADIAN.) );
#7484 = ( NAMED_UNIT(*) SI_UNIT($,.STERADIAN.) SOLID_ANGLE_UNIT() );
#7485 = UNCERTAINTY_MEASURE_WITH_UNIT(LENGTH_MEASURE(1.E-07),#7482,
  'distance_accuracy_value','confusion accuracy');
#7486 = CONTEXT_DEPENDENT_SHAPE_REPRESENTATION(#7487,#7489);
#7487 = ( REPRESENTATION_RELATIONSHIP('','',#7154,#10) 
REPRESENTATION_RELATIONSHIP_WITH_TRANSFORMATION(#7488) 
SHAPE_REPRESENTATION_RELATIONSHIP() );
#7488 = ITEM_DEFINED_TRANSFORMATION('','',#11,#27);
#7489 = PRODUCT_DEFINITION_SHAPE('Placement','Placement of an item',
  #7490);
#7490 = NEXT_ASSEMBLY_USAGE_OCCURRENCE('4','BUSHING_RIGHT_AMS4640','',#5
  ,#7149,$);
#7491 = PRODUCT_RELATED_PRODUCT_CATEGORY('part',$,(#7151));
#7492 = SHAPE_DEFINITION_REPRESENTATION(#7493,#7499);
#7493 = PRODUCT_DEFINITION_SHAPE('','',#7494);
#7494 = PRODUCT_DEFINITION('design','',#7495,#7498);
#7495 = PRODUCT_DEFINITION_FORMATION('','',#7496);
#7496 = PRODUCT('THRUST_COLLAR_LEFT_300M','THRUST_COLLAR_LEFT_300M','',(
    #7497));
#7497 = PRODUCT_CONTEXT('',#2,'mechanical');
#7498 = PRODUCT_DEFINITION_CONTEXT('part definition',#2,'design');
#7499 = ADVANCED_BREP_SHAPE_REPRESENTATION('',(#11,#7500),#7682);
#7500 = MANIFOLD_SOLID_BREP('',#7501);
#7501 = CLOSED_SHELL('',(#7502,#7590,#7668,#7675));
#7502 = ADVANCED_FACE('',(#7503),#7517,.T.);
#7503 = FACE_BOUND('',#7504,.T.);
#7504 = EDGE_LOOP('',(#7505,#7535,#7562,#7563));
#7505 = ORIENTED_EDGE('',*,*,#7506,.T.);
#7506 = EDGE_CURVE('',#7507,#7509,#7511,.T.);
#7507 = VERTEX_POINT('',#7508);
#7508 = CARTESIAN_POINT('',(-46.6921045499,29.,1.01278E+03));
#7509 = VERTEX_POINT('',#7510);
#7510 = CARTESIAN_POINT('',(-49.6921045499,29.,1.01278E+03));
#7511 = SEAM_CURVE('',#7512,(#7516,#7528),.PCURVE_S1.);
#7512 = LINE('',#7513,#7514);
#7513 = CARTESIAN_POINT('',(-46.6921045499,29.,1.01278E+03));
#7514 = VECTOR('',#7515,1.);
#7515 = DIRECTION('',(-1.,-0.,-0.));
#7516 = PCURVE('',#7517,#7522);
#7517 = CYLINDRICAL_SURFACE('',#7518,29.);
#7518 = AXIS2_PLACEMENT_3D('',#7519,#7520,#7521);
#7519 = CARTESIAN_POINT('',(-46.6921045499,3.844755463956E-16,
    1.01278E+03));
#7520 = DIRECTION('',(1.,0.,0.));
#7521 = DIRECTION('',(0.,1.,0.));
#7522 = DEFINITIONAL_REPRESENTATION('',(#7523),#7527);
#7523 = LINE('',#7524,#7525);
#7524 = CARTESIAN_POINT('',(0.,0.));
#7525 = VECTOR('',#7526,1.);
#7526 = DIRECTION('',(0.,-1.));
#7527 = ( GEOMETRIC_REPRESENTATION_CONTEXT(2) 
PARAMETRIC_REPRESENTATION_CONTEXT() REPRESENTATION_CONTEXT('2D SPACE',''
  ) );
#7528 = PCURVE('',#7517,#7529);
#7529 = DEFINITIONAL_REPRESENTATION('',(#7530),#7534);
#7530 = LINE('',#7531,#7532);
#7531 = CARTESIAN_POINT('',(6.28318530718,0.));
#7532 = VECTOR('',#7533,1.);
#7533 = DIRECTION('',(0.,-1.));
#7534 = ( GEOMETRIC_REPRESENTATION_CONTEXT(2) 
PARAMETRIC_REPRESENTATION_CONTEXT() REPRESENTATION_CONTEXT('2D SPACE',''
  ) );
#7535 = ORIENTED_EDGE('',*,*,#7536,.T.);
#7536 = EDGE_CURVE('',#7509,#7509,#7537,.T.);
#7537 = SURFACE_CURVE('',#7538,(#7543,#7550),.PCURVE_S1.);
#7538 = CIRCLE('',#7539,29.);
#7539 = AXIS2_PLACEMENT_3D('',#7540,#7541,#7542);
#7540 = CARTESIAN_POINT('',(-49.6921045499,3.844755463956E-16,
    1.01278E+03));
#7541 = DIRECTION('',(1.,0.,0.));
#7542 = DIRECTION('',(0.,1.,0.));
#7543 = PCURVE('',#7517,#7544);
#7544 = DEFINITIONAL_REPRESENTATION('',(#7545),#7549);
#7545 = LINE('',#7546,#7547);
#7546 = CARTESIAN_POINT('',(0.,-3.));
#7547 = VECTOR('',#7548,1.);
#7548 = DIRECTION('',(1.,0.));
#7549 = ( GEOMETRIC_REPRESENTATION_CONTEXT(2) 
PARAMETRIC_REPRESENTATION_CONTEXT() REPRESENTATION_CONTEXT('2D SPACE',''
  ) );
#7550 = PCURVE('',#7551,#7556);
#7551 = PLANE('',#7552);
#7552 = AXIS2_PLACEMENT_3D('',#7553,#7554,#7555);
#7553 = CARTESIAN_POINT('',(-49.6921045499,-5.281148098083E-15,
    1.01278E+03));
#7554 = DIRECTION('',(1.,0.,0.));
#7555 = DIRECTION('',(-0.,0.,1.));
#7556 = DEFINITIONAL_REPRESENTATION('',(#7557),#7561);
#7557 = CIRCLE('',#7558,29.);
#7558 = AXIS2_PLACEMENT_2D('',#7559,#7560);
#7559 = CARTESIAN_POINT('',(1.136868377216E-13,-5.665623644479E-15));
#7560 = DIRECTION('',(0.,-1.));
#7561 = ( GEOMETRIC_REPRESENTATION_CONTEXT(2) 
PARAMETRIC_REPRESENTATION_CONTEXT() REPRESENTATION_CONTEXT('2D SPACE',''
  ) );
#7562 = ORIENTED_EDGE('',*,*,#7506,.F.);
#7563 = ORIENTED_EDGE('',*,*,#7564,.F.);
#7564 = EDGE_CURVE('',#7507,#7507,#7565,.T.);
#7565 = SURFACE_CURVE('',#7566,(#7571,#7578),.PCURVE_S1.);
#7566 = CIRCLE('',#7567,29.);
#7567 = AXIS2_PLACEMENT_3D('',#7568,#7569,#7570);
#7568 = CARTESIAN_POINT('',(-46.6921045499,3.844755463956E-16,
    1.01278E+03));
#7569 = DIRECTION('',(1.,0.,0.));
#7570 = DIRECTION('',(0.,1.,0.));
#7571 = PCURVE('',#7517,#7572);
#7572 = DEFINITIONAL_REPRESENTATION('',(#7573),#7577);
#7573 = LINE('',#7574,#7575);
#7574 = CARTESIAN_POINT('',(0.,0.));
#7575 = VECTOR('',#7576,1.);
#7576 = DIRECTION('',(1.,0.));
#7577 = ( GEOMETRIC_REPRESENTATION_CONTEXT(2) 
PARAMETRIC_REPRESENTATION_CONTEXT() REPRESENTATION_CONTEXT('2D SPACE',''
  ) );
#7578 = PCURVE('',#7579,#7584);
#7579 = PLANE('',#7580);
#7580 = AXIS2_PLACEMENT_3D('',#7581,#7582,#7583);
#7581 = CARTESIAN_POINT('',(-46.6921045499,-5.281148098083E-15,
    1.01278E+03));
#7582 = DIRECTION('',(1.,0.,0.));
#7583 = DIRECTION('',(-0.,0.,1.));
#7584 = DEFINITIONAL_REPRESENTATION('',(#7585),#7589);
#7585 = CIRCLE('',#7586,29.);
#7586 = AXIS2_PLACEMENT_2D('',#7587,#7588);
#7587 = CARTESIAN_POINT('',(1.136868377216E-13,-5.665623644479E-15));
#7588 = DIRECTION('',(0.,-1.));
#7589 = ( GEOMETRIC_REPRESENTATION_CONTEXT(2) 
PARAMETRIC_REPRESENTATION_CONTEXT() REPRESENTATION_CONTEXT('2D SPACE',''
  ) );
#7590 = ADVANCED_FACE('',(#7591),#7605,.F.);
#7591 = FACE_BOUND('',#7592,.F.);
#7592 = EDGE_LOOP('',(#7593,#7623,#7645,#7646));
#7593 = ORIENTED_EDGE('',*,*,#7594,.T.);
#7594 = EDGE_CURVE('',#7595,#7597,#7599,.T.);
#7595 = VERTEX_POINT('',#7596);
#7596 = CARTESIAN_POINT('',(-46.6921045499,19.,1.01278E+03));
#7597 = VERTEX_POINT('',#7598);
#7598 = CARTESIAN_POINT('',(-49.6921045499,19.,1.01278E+03));
#7599 = SEAM_CURVE('',#7600,(#7604,#7616),.PCURVE_S1.);
#7600 = LINE('',#7601,#7602);
#7601 = CARTESIAN_POINT('',(-46.6921045499,19.,1.01278E+03));
#7602 = VECTOR('',#7603,1.);
#7603 = DIRECTION('',(-1.,-0.,-0.));
#7604 = PCURVE('',#7605,#7610);
#7605 = CYLINDRICAL_SURFACE('',#7606,19.);
#7606 = AXIS2_PLACEMENT_3D('',#7607,#7608,#7609);
#7607 = CARTESIAN_POINT('',(-46.6921045499,1.38082757442E-13,1.01278E+03
    ));
#7608 = DIRECTION('',(1.,0.,0.));
#7609 = DIRECTION('',(0.,1.,0.));
#7610 = DEFINITIONAL_REPRESENTATION('',(#7611),#7615);
#7611 = LINE('',#7612,#7613);
#7612 = CARTESIAN_POINT('',(0.,0.));
#7613 = VECTOR('',#7614,1.);
#7614 = DIRECTION('',(0.,-1.));
#7615 = ( GEOMETRIC_REPRESENTATION_CONTEXT(2) 
PARAMETRIC_REPRESENTATION_CONTEXT() REPRESENTATION_CONTEXT('2D SPACE',''
  ) );
#7616 = PCURVE('',#7605,#7617);
#7617 = DEFINITIONAL_REPRESENTATION('',(#7618),#7622);
#7618 = LINE('',#7619,#7620);
#7619 = CARTESIAN_POINT('',(6.28318530718,0.));
#7620 = VECTOR('',#7621,1.);
#7621 = DIRECTION('',(0.,-1.));
#7622 = ( GEOMETRIC_REPRESENTATION_CONTEXT(2) 
PARAMETRIC_REPRESENTATION_CONTEXT() REPRESENTATION_CONTEXT('2D SPACE',''
  ) );
#7623 = ORIENTED_EDGE('',*,*,#7624,.T.);
#7624 = EDGE_CURVE('',#7597,#7597,#7625,.T.);
#7625 = SURFACE_CURVE('',#7626,(#7631,#7638),.PCURVE_S1.);
#7626 = CIRCLE('',#7627,19.);
#7627 = AXIS2_PLACEMENT_3D('',#7628,#7629,#7630);
#7628 = CARTESIAN_POINT('',(-49.6921045499,1.38082757442E-13,1.01278E+03
    ));
#7629 = DIRECTION('',(1.,0.,0.));
#7630 = DIRECTION('',(0.,1.,0.));
#7631 = PCURVE('',#7605,#7632);
#7632 = DEFINITIONAL_REPRESENTATION('',(#7633),#7637);
#7633 = LINE('',#7634,#7635);
#7634 = CARTESIAN_POINT('',(0.,-3.));
#7635 = VECTOR('',#7636,1.);
#7636 = DIRECTION('',(1.,0.));
#7637 = ( GEOMETRIC_REPRESENTATION_CONTEXT(2) 
PARAMETRIC_REPRESENTATION_CONTEXT() REPRESENTATION_CONTEXT('2D SPACE',''
  ) );
#7638 = PCURVE('',#7551,#7639);
#7639 = DEFINITIONAL_REPRESENTATION('',(#7640),#7644);
#7640 = CIRCLE('',#7641,19.);
#7641 = AXIS2_PLACEMENT_2D('',#7642,#7643);
#7642 = CARTESIAN_POINT('',(1.136868377216E-13,-1.433639055401E-13));
#7643 = DIRECTION('',(0.,-1.));
#7644 = ( GEOMETRIC_REPRESENTATION_CONTEXT(2) 
PARAMETRIC_REPRESENTATION_CONTEXT() REPRESENTATION_CONTEXT('2D SPACE',''
  ) );
#7645 = ORIENTED_EDGE('',*,*,#7594,.F.);
#7646 = ORIENTED_EDGE('',*,*,#7647,.F.);
#7647 = EDGE_CURVE('',#7595,#7595,#7648,.T.);
#7648 = SURFACE_CURVE('',#7649,(#7654,#7661),.PCURVE_S1.);
#7649 = CIRCLE('',#7650,19.);
#7650 = AXIS2_PLACEMENT_3D('',#7651,#7652,#7653);
#7651 = CARTESIAN_POINT('',(-46.6921045499,1.38082757442E-13,1.01278E+03
    ));
#7652 = DIRECTION('',(1.,0.,0.));
#7653 = DIRECTION('',(0.,1.,0.));
#7654 = PCURVE('',#7605,#7655);
#7655 = DEFINITIONAL_REPRESENTATION('',(#7656),#7660);
#7656 = LINE('',#7657,#7658);
#7657 = CARTESIAN_POINT('',(0.,0.));
#7658 = VECTOR('',#7659,1.);
#7659 = DIRECTION('',(1.,0.));
#7660 = ( GEOMETRIC_REPRESENTATION_CONTEXT(2) 
PARAMETRIC_REPRESENTATION_CONTEXT() REPRESENTATION_CONTEXT('2D SPACE',''
  ) );
#7661 = PCURVE('',#7579,#7662);
#7662 = DEFINITIONAL_REPRESENTATION('',(#7663),#7667);
#7663 = CIRCLE('',#7664,19.);
#7664 = AXIS2_PLACEMENT_2D('',#7665,#7666);
#7665 = CARTESIAN_POINT('',(1.136868377216E-13,-1.433639055401E-13));
#7666 = DIRECTION('',(0.,-1.));
#7667 = ( GEOMETRIC_REPRESENTATION_CONTEXT(2) 
PARAMETRIC_REPRESENTATION_CONTEXT() REPRESENTATION_CONTEXT('2D SPACE',''
  ) );
#7668 = ADVANCED_FACE('',(#7669,#7672),#7579,.T.);
#7669 = FACE_BOUND('',#7670,.T.);
#7670 = EDGE_LOOP('',(#7671));
#7671 = ORIENTED_EDGE('',*,*,#7564,.T.);
#7672 = FACE_BOUND('',#7673,.T.);
#7673 = EDGE_LOOP('',(#7674));
#7674 = ORIENTED_EDGE('',*,*,#7647,.F.);
#7675 = ADVANCED_FACE('',(#7676,#7679),#7551,.F.);
#7676 = FACE_BOUND('',#7677,.F.);
#7677 = EDGE_LOOP('',(#7678));
#7678 = ORIENTED_EDGE('',*,*,#7536,.T.);
#7679 = FACE_BOUND('',#7680,.F.);
#7680 = EDGE_LOOP('',(#7681));
#7681 = ORIENTED_EDGE('',*,*,#7624,.F.);
#7682 = ( GEOMETRIC_REPRESENTATION_CONTEXT(3) 
GLOBAL_UNCERTAINTY_ASSIGNED_CONTEXT((#7686)) 
GLOBAL_UNIT_ASSIGNED_CONTEXT((#7683,#7684,#7685)) REPRESENTATION_CONTEXT
('Context #1','3D Context with UNIT and UNCERTAINTY') );
#7683 = ( LENGTH_UNIT() NAMED_UNIT(*) SI_UNIT(.MILLI.,.METRE.) );
#7684 = ( NAMED_UNIT(*) PLANE_ANGLE_UNIT() SI_UNIT($,.RADIAN.) );
#7685 = ( NAMED_UNIT(*) SI_UNIT($,.STERADIAN.) SOLID_ANGLE_UNIT() );
#7686 = UNCERTAINTY_MEASURE_WITH_UNIT(LENGTH_MEASURE(1.E-07),#7683,
  'distance_accuracy_value','confusion accuracy');
#7687 = CONTEXT_DEPENDENT_SHAPE_REPRESENTATION(#7688,#7690);
#7688 = ( REPRESENTATION_RELATIONSHIP('','',#7499,#10) 
REPRESENTATION_RELATIONSHIP_WITH_TRANSFORMATION(#7689) 
SHAPE_REPRESENTATION_RELATIONSHIP() );
#7689 = ITEM_DEFINED_TRANSFORMATION('','',#11,#31);
#7690 = PRODUCT_DEFINITION_SHAPE('Placement','Placement of an item',
  #7691);
#7691 = NEXT_ASSEMBLY_USAGE_OCCURRENCE('5','THRUST_COLLAR_LEFT_300M','',
  #5,#7494,$);
#7692 = PRODUCT_RELATED_PRODUCT_CATEGORY('part',$,(#7496));
#7693 = SHAPE_DEFINITION_REPRESENTATION(#7694,#7700);
#7694 = PRODUCT_DEFINITION_SHAPE('','',#7695);
#7695 = PRODUCT_DEFINITION('design','',#7696,#7699);
#7696 = PRODUCT_DEFINITION_FORMATION('','',#7697);
#7697 = PRODUCT('THRUST_COLLAR_RIGHT_300M','THRUST_COLLAR_RIGHT_300M',''
  ,(#7698));
#7698 = PRODUCT_CONTEXT('',#2,'mechanical');
#7699 = PRODUCT_DEFINITION_CONTEXT('part definition',#2,'design');
#7700 = ADVANCED_BREP_SHAPE_REPRESENTATION('',(#11,#7701),#7883);
#7701 = MANIFOLD_SOLID_BREP('',#7702);
#7702 = CLOSED_SHELL('',(#7703,#7791,#7869,#7876));
#7703 = ADVANCED_FACE('',(#7704),#7718,.T.);
#7704 = FACE_BOUND('',#7705,.F.);
#7705 = EDGE_LOOP('',(#7706,#7736,#7763,#7764));
#7706 = ORIENTED_EDGE('',*,*,#7707,.T.);
#7707 = EDGE_CURVE('',#7708,#7710,#7712,.T.);
#7708 = VERTEX_POINT('',#7709);
#7709 = CARTESIAN_POINT('',(46.692104549907,29.,1.01278E+03));
#7710 = VERTEX_POINT('',#7711);
#7711 = CARTESIAN_POINT('',(49.692104549907,29.,1.01278E+03));
#7712 = SEAM_CURVE('',#7713,(#7717,#7729),.PCURVE_S1.);
#7713 = LINE('',#7714,#7715);
#7714 = CARTESIAN_POINT('',(46.692104549907,29.,1.01278E+03));
#7715 = VECTOR('',#7716,1.);
#7716 = DIRECTION('',(1.,0.,0.));
#7717 = PCURVE('',#7718,#7723);
#7718 = CYLINDRICAL_SURFACE('',#7719,29.);
#7719 = AXIS2_PLACEMENT_3D('',#7720,#7721,#7722);
#7720 = CARTESIAN_POINT('',(46.692104549907,3.844755463956E-16,
    1.01278E+03));
#7721 = DIRECTION('',(-1.,-0.,-0.));
#7722 = DIRECTION('',(0.,1.,0.));
#7723 = DEFINITIONAL_REPRESENTATION('',(#7724),#7728);
#7724 = LINE('',#7725,#7726);
#7725 = CARTESIAN_POINT('',(-0.,0.));
#7726 = VECTOR('',#7727,1.);
#7727 = DIRECTION('',(-0.,-1.));
#7728 = ( GEOMETRIC_REPRESENTATION_CONTEXT(2) 
PARAMETRIC_REPRESENTATION_CONTEXT() REPRESENTATION_CONTEXT('2D SPACE',''
  ) );
#7729 = PCURVE('',#7718,#7730);
#7730 = DEFINITIONAL_REPRESENTATION('',(#7731),#7735);
#7731 = LINE('',#7732,#7733);
#7732 = CARTESIAN_POINT('',(-6.28318530718,0.));
#7733 = VECTOR('',#7734,1.);
#7734 = DIRECTION('',(-0.,-1.));
#7735 = ( GEOMETRIC_REPRESENTATION_CONTEXT(2) 
PARAMETRIC_REPRESENTATION_CONTEXT() REPRESENTATION_CONTEXT('2D SPACE',''
  ) );
#7736 = ORIENTED_EDGE('',*,*,#7737,.T.);
#7737 = EDGE_CURVE('',#7710,#7710,#7738,.T.);
#7738 = SURFACE_CURVE('',#7739,(#7744,#7751),.PCURVE_S1.);
#7739 = CIRCLE('',#7740,29.);
#7740 = AXIS2_PLACEMENT_3D('',#7741,#7742,#7743);
#7741 = CARTESIAN_POINT('',(49.692104549907,3.844755463956E-16,
    1.01278E+03));
#7742 = DIRECTION('',(1.,0.,0.));
#7743 = DIRECTION('',(0.,1.,0.));
#7744 = PCURVE('',#7718,#7745);
#7745 = DEFINITIONAL_REPRESENTATION('',(#7746),#7750);
#7746 = LINE('',#7747,#7748);
#7747 = CARTESIAN_POINT('',(-0.,-3.));
#7748 = VECTOR('',#7749,1.);
#7749 = DIRECTION('',(-1.,0.));
#7750 = ( GEOMETRIC_REPRESENTATION_CONTEXT(2) 
PARAMETRIC_REPRESENTATION_CONTEXT() REPRESENTATION_CONTEXT('2D SPACE',''
  ) );
#7751 = PCURVE('',#7752,#7757);
#7752 = PLANE('',#7753);
#7753 = AXIS2_PLACEMENT_3D('',#7754,#7755,#7756);
#7754 = CARTESIAN_POINT('',(49.692104549907,-5.281148098083E-15,
    1.01278E+03));
#7755 = DIRECTION('',(1.,0.,0.));
#7756 = DIRECTION('',(-0.,0.,1.));
#7757 = DEFINITIONAL_REPRESENTATION('',(#7758),#7762);
#7758 = CIRCLE('',#7759,29.);
#7759 = AXIS2_PLACEMENT_2D('',#7760,#7761);
#7760 = CARTESIAN_POINT('',(1.136868377216E-13,-5.665623644479E-15));
#7761 = DIRECTION('',(0.,-1.));
#7762 = ( GEOMETRIC_REPRESENTATION_CONTEXT(2) 
PARAMETRIC_REPRESENTATION_CONTEXT() REPRESENTATION_CONTEXT('2D SPACE',''
  ) );
#7763 = ORIENTED_EDGE('',*,*,#7707,.F.);
#7764 = ORIENTED_EDGE('',*,*,#7765,.F.);
#7765 = EDGE_CURVE('',#7708,#7708,#7766,.T.);
#7766 = SURFACE_CURVE('',#7767,(#7772,#7779),.PCURVE_S1.);
#7767 = CIRCLE('',#7768,29.);
#7768 = AXIS2_PLACEMENT_3D('',#7769,#7770,#7771);
#7769 = CARTESIAN_POINT('',(46.692104549907,3.844755463956E-16,
    1.01278E+03));
#7770 = DIRECTION('',(1.,0.,0.));
#7771 = DIRECTION('',(0.,1.,0.));
#7772 = PCURVE('',#7718,#7773);
#7773 = DEFINITIONAL_REPRESENTATION('',(#7774),#7778);
#7774 = LINE('',#7775,#7776);
#7775 = CARTESIAN_POINT('',(-0.,0.));
#7776 = VECTOR('',#7777,1.);
#7777 = DIRECTION('',(-1.,0.));
#7778 = ( GEOMETRIC_REPRESENTATION_CONTEXT(2) 
PARAMETRIC_REPRESENTATION_CONTEXT() REPRESENTATION_CONTEXT('2D SPACE',''
  ) );
#7779 = PCURVE('',#7780,#7785);
#7780 = PLANE('',#7781);
#7781 = AXIS2_PLACEMENT_3D('',#7782,#7783,#7784);
#7782 = CARTESIAN_POINT('',(46.692104549907,-5.281148098083E-15,
    1.01278E+03));
#7783 = DIRECTION('',(1.,0.,0.));
#7784 = DIRECTION('',(-0.,0.,1.));
#7785 = DEFINITIONAL_REPRESENTATION('',(#7786),#7790);
#7786 = CIRCLE('',#7787,29.);
#7787 = AXIS2_PLACEMENT_2D('',#7788,#7789);
#7788 = CARTESIAN_POINT('',(1.136868377216E-13,-5.665623644479E-15));
#7789 = DIRECTION('',(0.,-1.));
#7790 = ( GEOMETRIC_REPRESENTATION_CONTEXT(2) 
PARAMETRIC_REPRESENTATION_CONTEXT() REPRESENTATION_CONTEXT('2D SPACE',''
  ) );
#7791 = ADVANCED_FACE('',(#7792),#7806,.F.);
#7792 = FACE_BOUND('',#7793,.T.);
#7793 = EDGE_LOOP('',(#7794,#7824,#7846,#7847));
#7794 = ORIENTED_EDGE('',*,*,#7795,.T.);
#7795 = EDGE_CURVE('',#7796,#7798,#7800,.T.);
#7796 = VERTEX_POINT('',#7797);
#7797 = CARTESIAN_POINT('',(46.692104549907,19.,1.01278E+03));
#7798 = VERTEX_POINT('',#7799);
#7799 = CARTESIAN_POINT('',(49.692104549907,19.,1.01278E+03));
#7800 = SEAM_CURVE('',#7801,(#7805,#7817),.PCURVE_S1.);
#7801 = LINE('',#7802,#7803);
#7802 = CARTESIAN_POINT('',(46.692104549907,19.,1.01278E+03));
#7803 = VECTOR('',#7804,1.);
#7804 = DIRECTION('',(1.,0.,0.));
#7805 = PCURVE('',#7806,#7811);
#7806 = CYLINDRICAL_SURFACE('',#7807,19.);
#7807 = AXIS2_PLACEMENT_3D('',#7808,#7809,#7810);
#7808 = CARTESIAN_POINT('',(46.692104549907,1.38082757442E-13,
    1.01278E+03));
#7809 = DIRECTION('',(-1.,-0.,-0.));
#7810 = DIRECTION('',(0.,1.,0.));
#7811 = DEFINITIONAL_REPRESENTATION('',(#7812),#7816);
#7812 = LINE('',#7813,#7814);
#7813 = CARTESIAN_POINT('',(-0.,0.));
#7814 = VECTOR('',#7815,1.);
#7815 = DIRECTION('',(-0.,-1.));
#7816 = ( GEOMETRIC_REPRESENTATION_CONTEXT(2) 
PARAMETRIC_REPRESENTATION_CONTEXT() REPRESENTATION_CONTEXT('2D SPACE',''
  ) );
#7817 = PCURVE('',#7806,#7818);
#7818 = DEFINITIONAL_REPRESENTATION('',(#7819),#7823);
#7819 = LINE('',#7820,#7821);
#7820 = CARTESIAN_POINT('',(-6.28318530718,0.));
#7821 = VECTOR('',#7822,1.);
#7822 = DIRECTION('',(-0.,-1.));
#7823 = ( GEOMETRIC_REPRESENTATION_CONTEXT(2) 
PARAMETRIC_REPRESENTATION_CONTEXT() REPRESENTATION_CONTEXT('2D SPACE',''
  ) );
#7824 = ORIENTED_EDGE('',*,*,#7825,.T.);
#7825 = EDGE_CURVE('',#7798,#7798,#7826,.T.);
#7826 = SURFACE_CURVE('',#7827,(#7832,#7839),.PCURVE_S1.);
#7827 = CIRCLE('',#7828,19.);
#7828 = AXIS2_PLACEMENT_3D('',#7829,#7830,#7831);
#7829 = CARTESIAN_POINT('',(49.692104549907,1.38082757442E-13,
    1.01278E+03));
#7830 = DIRECTION('',(1.,0.,0.));
#7831 = DIRECTION('',(0.,1.,0.));
#7832 = PCURVE('',#7806,#7833);
#7833 = DEFINITIONAL_REPRESENTATION('',(#7834),#7838);
#7834 = LINE('',#7835,#7836);
#7835 = CARTESIAN_POINT('',(-0.,-3.));
#7836 = VECTOR('',#7837,1.);
#7837 = DIRECTION('',(-1.,0.));
#7838 = ( GEOMETRIC_REPRESENTATION_CONTEXT(2) 
PARAMETRIC_REPRESENTATION_CONTEXT() REPRESENTATION_CONTEXT('2D SPACE',''
  ) );
#7839 = PCURVE('',#7752,#7840);
#7840 = DEFINITIONAL_REPRESENTATION('',(#7841),#7845);
#7841 = CIRCLE('',#7842,19.);
#7842 = AXIS2_PLACEMENT_2D('',#7843,#7844);
#7843 = CARTESIAN_POINT('',(1.136868377216E-13,-1.433639055401E-13));
#7844 = DIRECTION('',(0.,-1.));
#7845 = ( GEOMETRIC_REPRESENTATION_CONTEXT(2) 
PARAMETRIC_REPRESENTATION_CONTEXT() REPRESENTATION_CONTEXT('2D SPACE',''
  ) );
#7846 = ORIENTED_EDGE('',*,*,#7795,.F.);
#7847 = ORIENTED_EDGE('',*,*,#7848,.F.);
#7848 = EDGE_CURVE('',#7796,#7796,#7849,.T.);
#7849 = SURFACE_CURVE('',#7850,(#7855,#7862),.PCURVE_S1.);
#7850 = CIRCLE('',#7851,19.);
#7851 = AXIS2_PLACEMENT_3D('',#7852,#7853,#7854);
#7852 = CARTESIAN_POINT('',(46.692104549907,1.38082757442E-13,
    1.01278E+03));
#7853 = DIRECTION('',(1.,0.,0.));
#7854 = DIRECTION('',(0.,1.,0.));
#7855 = PCURVE('',#7806,#7856);
#7856 = DEFINITIONAL_REPRESENTATION('',(#7857),#7861);
#7857 = LINE('',#7858,#7859);
#7858 = CARTESIAN_POINT('',(-0.,0.));
#7859 = VECTOR('',#7860,1.);
#7860 = DIRECTION('',(-1.,0.));
#7861 = ( GEOMETRIC_REPRESENTATION_CONTEXT(2) 
PARAMETRIC_REPRESENTATION_CONTEXT() REPRESENTATION_CONTEXT('2D SPACE',''
  ) );
#7862 = PCURVE('',#7780,#7863);
#7863 = DEFINITIONAL_REPRESENTATION('',(#7864),#7868);
#7864 = CIRCLE('',#7865,19.);
#7865 = AXIS2_PLACEMENT_2D('',#7866,#7867);
#7866 = CARTESIAN_POINT('',(1.136868377216E-13,-1.433639055401E-13));
#7867 = DIRECTION('',(0.,-1.));
#7868 = ( GEOMETRIC_REPRESENTATION_CONTEXT(2) 
PARAMETRIC_REPRESENTATION_CONTEXT() REPRESENTATION_CONTEXT('2D SPACE',''
  ) );
#7869 = ADVANCED_FACE('',(#7870,#7873),#7780,.F.);
#7870 = FACE_BOUND('',#7871,.F.);
#7871 = EDGE_LOOP('',(#7872));
#7872 = ORIENTED_EDGE('',*,*,#7765,.T.);
#7873 = FACE_BOUND('',#7874,.F.);
#7874 = EDGE_LOOP('',(#7875));
#7875 = ORIENTED_EDGE('',*,*,#7848,.F.);
#7876 = ADVANCED_FACE('',(#7877,#7880),#7752,.T.);
#7877 = FACE_BOUND('',#7878,.T.);
#7878 = EDGE_LOOP('',(#7879));
#7879 = ORIENTED_EDGE('',*,*,#7737,.T.);
#7880 = FACE_BOUND('',#7881,.T.);
#7881 = EDGE_LOOP('',(#7882));
#7882 = ORIENTED_EDGE('',*,*,#7825,.F.);
#7883 = ( GEOMETRIC_REPRESENTATION_CONTEXT(3) 
GLOBAL_UNCERTAINTY_ASSIGNED_CONTEXT((#7887)) 
GLOBAL_UNIT_ASSIGNED_CONTEXT((#7884,#7885,#7886)) REPRESENTATION_CONTEXT
('Context #1','3D Context with UNIT and UNCERTAINTY') );
#7884 = ( LENGTH_UNIT() NAMED_UNIT(*) SI_UNIT(.MILLI.,.METRE.) );
#7885 = ( NAMED_UNIT(*) PLANE_ANGLE_UNIT() SI_UNIT($,.RADIAN.) );
#7886 = ( NAMED_UNIT(*) SI_UNIT($,.STERADIAN.) SOLID_ANGLE_UNIT() );
#7887 = UNCERTAINTY_MEASURE_WITH_UNIT(LENGTH_MEASURE(1.E-07),#7884,
  'distance_accuracy_value','confusion accuracy');
#7888 = CONTEXT_DEPENDENT_SHAPE_REPRESENTATION(#7889,#7891);
#7889 = ( REPRESENTATION_RELATIONSHIP('','',#7700,#10) 
REPRESENTATION_RELATIONSHIP_WITH_TRANSFORMATION(#7890) 
SHAPE_REPRESENTATION_RELATIONSHIP() );
#7890 = ITEM_DEFINED_TRANSFORMATION('','',#11,#35);
#7891 = PRODUCT_DEFINITION_SHAPE('Placement','Placement of an item',
  #7892);
#7892 = NEXT_ASSEMBLY_USAGE_OCCURRENCE('6','THRUST_COLLAR_RIGHT_300M',''
  ,#5,#7695,$);
#7893 = PRODUCT_RELATED_PRODUCT_CATEGORY('part',$,(#7697));
ENDSEC;
END-ISO-10303-21;
