ISO-10303-21;
HEADER;
FILE_DESCRIPTION(('Open CASCADE Model'),'2;1');
FILE_NAME('Open CASCADE Shape Model','2026-09-30T19:12:15',('Author'),(
    'Open CASCADE'),'Open CASCADE STEP processor 7.9','Open CASCADE 7.9'
  ,'Unknown');
FILE_SCHEMA(('AUTOMOTIVE_DESIGN { 1 0 10303 214 1 1 1 1 }'));
ENDSEC;
DATA;
#1 = APPLICATION_PROTOCOL_DEFINITION('international standard',
  'automotive_design',2000,#2);
#2 = APPLICATION_CONTEXT(
  'core data for automotive mechanical design processes');
#3 = SHAPE_DEFINITION_REPRESENTATION(#4,#10);
#4 = PRODUCT_DEFINITION_SHAPE('','',#5);
#5 = PRODUCT_DEFINITION('design','',#6,#9);
#6 = PRODUCT_DEFINITION_FORMATION('','',#7);
#7 = PRODUCT('B14B11C_R4_ROOT_FILLET_CANDIDATE',
  'B14B11C_R4_ROOT_FILLET_CANDIDATE','',(#8));
#8 = PRODUCT_CONTEXT('',#2,'mechanical');
#9 = PRODUCT_DEFINITION_CONTEXT('part definition',#2,'design');
#10 = SHAPE_REPRESENTATION('',(#11,#15,#19,#23,#27,#31,#35),#39);
#11 = AXIS2_PLACEMENT_3D('',#12,#13,#14);
#12 = CARTESIAN_POINT('',(0.,0.,0.));
#13 = DIRECTION('',(0.,0.,1.));
#14 = DIRECTION('',(1.,0.,-0.));
#15 = AXIS2_PLACEMENT_3D('',#16,#17,#18);
#16 = CARTESIAN_POINT('',(0.,0.,0.));
#17 = DIRECTION('',(0.,0.,1.));
#18 = DIRECTION('',(1.,0.,-0.));
#19 = AXIS2_PLACEMENT_3D('',#20,#21,#22);
#20 = CARTESIAN_POINT('',(0.,0.,0.));
#21 = DIRECTION('',(0.,0.,1.));
#22 = DIRECTION('',(1.,0.,-0.));
#23 = AXIS2_PLACEMENT_3D('',#24,#25,#26);
#24 = CARTESIAN_POINT('',(0.,0.,0.));
#25 = DIRECTION('',(0.,0.,1.));
#26 = DIRECTION('',(1.,0.,-0.));
#27 = AXIS2_PLACEMENT_3D('',#28,#29,#30);
#28 = CARTESIAN_POINT('',(0.,0.,0.));
#29 = DIRECTION('',(0.,0.,1.));
#30 = DIRECTION('',(1.,0.,-0.));
#31 = AXIS2_PLACEMENT_3D('',#32,#33,#34);
#32 = CARTESIAN_POINT('',(0.,0.,0.));
#33 = DIRECTION('',(0.,0.,1.));
#34 = DIRECTION('',(1.,0.,-0.));
#35 = AXIS2_PLACEMENT_3D('',#36,#37,#38);
#36 = CARTESIAN_POINT('',(0.,0.,0.));
#37 = DIRECTION('',(0.,0.,1.));
#38 = DIRECTION('',(1.,0.,-0.));
#39 = ( GEOMETRIC_REPRESENTATION_CONTEXT(3) 
GLOBAL_UNCERTAINTY_ASSIGNED_CONTEXT((#43)) GLOBAL_UNIT_ASSIGNED_CONTEXT(
(#40,#41,#42)) REPRESENTATION_CONTEXT('Context #1',
  '3D Context with UNIT and UNCERTAINTY') );
#40 = ( LENGTH_UNIT() NAMED_UNIT(*) SI_UNIT(.MILLI.,.METRE.) );
#41 = ( NAMED_UNIT(*) PLANE_ANGLE_UNIT() SI_UNIT($,.RADIAN.) );
#42 = ( NAMED_UNIT(*) SI_UNIT($,.STERADIAN.) SOLID_ANGLE_UNIT() );
#43 = UNCERTAINTY_MEASURE_WITH_UNIT(LENGTH_MEASURE(1.E-05),#40,
  'distance_accuracy_value','confusion accuracy');
#44 = PRODUCT_RELATED_PRODUCT_CATEGORY('part',$,(#7));
#45 = SHAPE_DEFINITION_REPRESENTATION(#46,#52);
#46 = PRODUCT_DEFINITION_SHAPE('','',#47);
#47 = PRODUCT_DEFINITION('design','',#48,#51);
#48 = PRODUCT_DEFINITION_FORMATION('','',#49);
#49 = PRODUCT('HEAD_BARREL_7075','HEAD_BARREL_7075','',(#50));
#50 = PRODUCT_CONTEXT('',#2,'mechanical');
#51 = PRODUCT_DEFINITION_CONTEXT('part definition',#2,'design');
#52 = ADVANCED_BREP_SHAPE_REPRESENTATION('',(#11,#53),#9674);
#53 = MANIFOLD_SOLID_BREP('',#54);
#54 = CLOSED_SHELL('',(#55,#123,#178,#673,#728,#752,#789,#794,#849,#904,
    #959,#1014,#1069,#1124,#1179,#1234,#1289,#1344,#1399,#1454,#1509,
    #1564,#1619,#1674,#1729,#1784,#1839,#1894,#1949,#2004,#2059,#2114,
    #2169,#2224,#2279,#2334,#2389,#2444,#2499,#2554,#2609,#2664,#2719,
    #2774,#2829,#2884,#2939,#2994,#3049,#3104,#3159,#3214,#3269,#3324,
    #3379,#3434,#3489,#3544,#3599,#3654,#3709,#3764,#3819,#3874,#4532,
    #4615,#5346,#5382,#5522,#5670,#6116,#6144,#6723,#6804,#6872,#6897,
    #6926,#7034,#7142,#7190,#7249,#8705,#8737,#8768,#8852,#8955,#9030,
    #9057,#9137,#9184,#9235,#9243,#9251,#9282,#9308,#9344,#9371,#9398,
    #9434,#9489,#9544,#9598,#9647));
#55 = ADVANCED_FACE('',(#56,#92),#69,.F.);
#56 = FACE_BOUND('',#57,.T.);
#57 = EDGE_LOOP('',(#58));
#58 = ORIENTED_EDGE('',*,*,#59,.F.);
#59 = EDGE_CURVE('',#60,#60,#62,.T.);
#60 = VERTEX_POINT('',#61);
#61 = CARTESIAN_POINT('',(47.5563304575,0.,700.));
#62 = SURFACE_CURVE('',#63,(#68,#80),.PCURVE_S1.);
#63 = CIRCLE('',#64,47.5563304575);
#64 = AXIS2_PLACEMENT_3D('',#65,#66,#67);
#65 = CARTESIAN_POINT('',(0.,0.,700.));
#66 = DIRECTION('',(0.,0.,1.));
#67 = DIRECTION('',(1.,0.,0.));
#68 = PCURVE('',#69,#74);
#69 = PLANE('',#70);
#70 = AXIS2_PLACEMENT_3D('',#71,#72,#73);
#71 = CARTESIAN_POINT('',(0.,0.,700.));
#72 = DIRECTION('',(0.,0.,1.));
#73 = DIRECTION('',(1.,0.,0.));
#74 = DEFINITIONAL_REPRESENTATION('',(#75),#79);
#75 = CIRCLE('',#76,47.5563304575);
#76 = AXIS2_PLACEMENT_2D('',#77,#78);
#77 = CARTESIAN_POINT('',(0.,0.));
#78 = DIRECTION('',(1.,0.));
#79 = ( GEOMETRIC_REPRESENTATION_CONTEXT(2) 
PARAMETRIC_REPRESENTATION_CONTEXT() REPRESENTATION_CONTEXT('2D SPACE',''
  ) );
#80 = PCURVE('',#81,#86);
#81 = CONICAL_SURFACE('',#82,47.5563304575,3.262651771423E-02);
#82 = AXIS2_PLACEMENT_3D('',#83,#84,#85);
#83 = CARTESIAN_POINT('',(0.,0.,700.));
#84 = DIRECTION('',(0.,0.,1.));
#85 = DIRECTION('',(1.,0.,0.));
#86 = DEFINITIONAL_REPRESENTATION('',(#87),#91);
#87 = LINE('',#88,#89);
#88 = CARTESIAN_POINT('',(0.,0.));
#89 = VECTOR('',#90,1.);
#90 = DIRECTION('',(1.,0.));
#91 = ( GEOMETRIC_REPRESENTATION_CONTEXT(2) 
PARAMETRIC_REPRESENTATION_CONTEXT() REPRESENTATION_CONTEXT('2D SPACE',''
  ) );
#92 = FACE_BOUND('',#93,.T.);
#93 = EDGE_LOOP('',(#94));
#94 = ORIENTED_EDGE('',*,*,#95,.T.);
#95 = EDGE_CURVE('',#96,#96,#98,.T.);
#96 = VERTEX_POINT('',#97);
#97 = CARTESIAN_POINT('',(32.,0.,700.));
#98 = SURFACE_CURVE('',#99,(#104,#111),.PCURVE_S1.);
#99 = CIRCLE('',#100,32.);
#100 = AXIS2_PLACEMENT_3D('',#101,#102,#103);
#101 = CARTESIAN_POINT('',(0.,0.,700.));
#102 = DIRECTION('',(0.,0.,1.));
#103 = DIRECTION('',(1.,0.,0.));
#104 = PCURVE('',#69,#105);
#105 = DEFINITIONAL_REPRESENTATION('',(#106),#110);
#106 = CIRCLE('',#107,32.);
#107 = AXIS2_PLACEMENT_2D('',#108,#109);
#108 = CARTESIAN_POINT('',(0.,0.));
#109 = DIRECTION('',(1.,0.));
#110 = ( GEOMETRIC_REPRESENTATION_CONTEXT(2) 
PARAMETRIC_REPRESENTATION_CONTEXT() REPRESENTATION_CONTEXT('2D SPACE',''
  ) );
#111 = PCURVE('',#112,#117);
#112 = CYLINDRICAL_SURFACE('',#113,32.);
#113 = AXIS2_PLACEMENT_3D('',#114,#115,#116);
#114 = CARTESIAN_POINT('',(0.,0.,700.));
#115 = DIRECTION('',(-0.,-0.,-1.));
#116 = DIRECTION('',(1.,0.,0.));
#117 = DEFINITIONAL_REPRESENTATION('',(#118),#122);
#118 = LINE('',#119,#120);
#119 = CARTESIAN_POINT('',(6.28318530718,0.));
#120 = VECTOR('',#121,1.);
#121 = DIRECTION('',(-1.,0.));
#122 = ( GEOMETRIC_REPRESENTATION_CONTEXT(2) 
PARAMETRIC_REPRESENTATION_CONTEXT() REPRESENTATION_CONTEXT('2D SPACE',''
  ) );
#123 = ADVANCED_FACE('',(#124),#81,.T.);
#124 = FACE_BOUND('',#125,.T.);
#125 = EDGE_LOOP('',(#126,#127,#150,#177));
#126 = ORIENTED_EDGE('',*,*,#59,.T.);
#127 = ORIENTED_EDGE('',*,*,#128,.T.);
#128 = EDGE_CURVE('',#60,#129,#131,.T.);
#129 = VERTEX_POINT('',#130);
#130 = CARTESIAN_POINT('',(47.705258105561,0.,704.563));
#131 = SEAM_CURVE('',#132,(#136,#143),.PCURVE_S1.);
#132 = LINE('',#133,#134);
#133 = CARTESIAN_POINT('',(47.5563304575,0.,700.));
#134 = VECTOR('',#135,1.);
#135 = DIRECTION('',(3.26207295906E-02,0.,0.999467802383));
#136 = PCURVE('',#81,#137);
#137 = DEFINITIONAL_REPRESENTATION('',(#138),#142);
#138 = LINE('',#139,#140);
#139 = CARTESIAN_POINT('',(6.28318530718,0.));
#140 = VECTOR('',#141,1.);
#141 = DIRECTION('',(0.,1.));
#142 = ( GEOMETRIC_REPRESENTATION_CONTEXT(2) 
PARAMETRIC_REPRESENTATION_CONTEXT() REPRESENTATION_CONTEXT('2D SPACE',''
  ) );
#143 = PCURVE('',#81,#144);
#144 = DEFINITIONAL_REPRESENTATION('',(#145),#149);
#145 = LINE('',#146,#147);
#146 = CARTESIAN_POINT('',(4.138911435803E-13,0.));
#147 = VECTOR('',#148,1.);
#148 = DIRECTION('',(0.,1.));
#149 = ( GEOMETRIC_REPRESENTATION_CONTEXT(2) 
PARAMETRIC_REPRESENTATION_CONTEXT() REPRESENTATION_CONTEXT('2D SPACE',''
  ) );
#150 = ORIENTED_EDGE('',*,*,#151,.F.);
#151 = EDGE_CURVE('',#129,#129,#152,.T.);
#152 = SURFACE_CURVE('',#153,(#158,#165),.PCURVE_S1.);
#153 = CIRCLE('',#154,47.705258105561);
#154 = AXIS2_PLACEMENT_3D('',#155,#156,#157);
#155 = CARTESIAN_POINT('',(0.,0.,704.563));
#156 = DIRECTION('',(0.,0.,1.));
#157 = DIRECTION('',(1.,0.,0.));
#158 = PCURVE('',#81,#159);
#159 = DEFINITIONAL_REPRESENTATION('',(#160),#164);
#160 = LINE('',#161,#162);
#161 = CARTESIAN_POINT('',(0.,4.563));
#162 = VECTOR('',#163,1.);
#163 = DIRECTION('',(1.,0.));
#164 = ( GEOMETRIC_REPRESENTATION_CONTEXT(2) 
PARAMETRIC_REPRESENTATION_CONTEXT() REPRESENTATION_CONTEXT('2D SPACE',''
  ) );
#165 = PCURVE('',#166,#171);
#166 = CONICAL_SURFACE('',#167,47.705258105561,3.242088180408E-02);
#167 = AXIS2_PLACEMENT_3D('',#168,#169,#170);
#168 = CARTESIAN_POINT('',(0.,0.,704.563));
#169 = DIRECTION('',(0.,0.,1.));
#170 = DIRECTION('',(1.,0.,0.));
#171 = DEFINITIONAL_REPRESENTATION('',(#172),#176);
#172 = LINE('',#173,#174);
#173 = CARTESIAN_POINT('',(0.,0.));
#174 = VECTOR('',#175,1.);
#175 = DIRECTION('',(1.,0.));
#176 = ( GEOMETRIC_REPRESENTATION_CONTEXT(2) 
PARAMETRIC_REPRESENTATION_CONTEXT() REPRESENTATION_CONTEXT('2D SPACE',''
  ) );
#177 = ORIENTED_EDGE('',*,*,#128,.F.);
#178 = ADVANCED_FACE('',(#179),#112,.F.);
#179 = FACE_BOUND('',#180,.F.);
#180 = EDGE_LOOP('',(#181,#204,#205,#206,#235,#261,#630,#651));
#181 = ORIENTED_EDGE('',*,*,#182,.F.);
#182 = EDGE_CURVE('',#96,#183,#185,.T.);
#183 = VERTEX_POINT('',#184);
#184 = CARTESIAN_POINT('',(32.,0.,973.78));
#185 = SEAM_CURVE('',#186,(#190,#197),.PCURVE_S1.);
#186 = LINE('',#187,#188);
#187 = CARTESIAN_POINT('',(32.,0.,700.));
#188 = VECTOR('',#189,1.);
#189 = DIRECTION('',(0.,0.,1.));
#190 = PCURVE('',#112,#191);
#191 = DEFINITIONAL_REPRESENTATION('',(#192),#196);
#192 = LINE('',#193,#194);
#193 = CARTESIAN_POINT('',(6.28318530718,0.));
#194 = VECTOR('',#195,1.);
#195 = DIRECTION('',(-0.,-1.));
#196 = ( GEOMETRIC_REPRESENTATION_CONTEXT(2) 
PARAMETRIC_REPRESENTATION_CONTEXT() REPRESENTATION_CONTEXT('2D SPACE',''
  ) );
#197 = PCURVE('',#112,#198);
#198 = DEFINITIONAL_REPRESENTATION('',(#199),#203);
#199 = LINE('',#200,#201);
#200 = CARTESIAN_POINT('',(-5.861977570021E-13,0.));
#201 = VECTOR('',#202,1.);
#202 = DIRECTION('',(-0.,-1.));
#203 = ( GEOMETRIC_REPRESENTATION_CONTEXT(2) 
PARAMETRIC_REPRESENTATION_CONTEXT() REPRESENTATION_CONTEXT('2D SPACE',''
  ) );
#204 = ORIENTED_EDGE('',*,*,#95,.T.);
#205 = ORIENTED_EDGE('',*,*,#182,.T.);
#206 = ORIENTED_EDGE('',*,*,#207,.F.);
#207 = EDGE_CURVE('',#208,#183,#210,.T.);
#208 = VERTEX_POINT('',#209);
#209 = CARTESIAN_POINT('',(-4.609772228646,31.666228067138,973.78));
#210 = SURFACE_CURVE('',#211,(#216,#223),.PCURVE_S1.);
#211 = CIRCLE('',#212,32.);
#212 = AXIS2_PLACEMENT_3D('',#213,#214,#215);
#213 = CARTESIAN_POINT('',(0.,0.,973.78));
#214 = DIRECTION('',(0.,0.,1.));
#215 = DIRECTION('',(1.,0.,0.));
#216 = PCURVE('',#112,#217);
#217 = DEFINITIONAL_REPRESENTATION('',(#218),#222);
#218 = LINE('',#219,#220);
#219 = CARTESIAN_POINT('',(6.28318530718,-273.78));
#220 = VECTOR('',#221,1.);
#221 = DIRECTION('',(-1.,0.));
#222 = ( GEOMETRIC_REPRESENTATION_CONTEXT(2) 
PARAMETRIC_REPRESENTATION_CONTEXT() REPRESENTATION_CONTEXT('2D SPACE',''
  ) );
#223 = PCURVE('',#224,#229);
#224 = PLANE('',#225);
#225 = AXIS2_PLACEMENT_3D('',#226,#227,#228);
#226 = CARTESIAN_POINT('',(-2.051160198809E-15,2.796030478528E-15,973.78
    ));
#227 = DIRECTION('',(0.,0.,1.));
#228 = DIRECTION('',(1.,0.,0.));
#229 = DEFINITIONAL_REPRESENTATION('',(#230),#234);
#230 = CIRCLE('',#231,32.);
#231 = AXIS2_PLACEMENT_2D('',#232,#233);
#232 = CARTESIAN_POINT('',(2.051160198809E-15,-2.796030478528E-15));
#233 = DIRECTION('',(1.,0.));
#234 = ( GEOMETRIC_REPRESENTATION_CONTEXT(2) 
PARAMETRIC_REPRESENTATION_CONTEXT() REPRESENTATION_CONTEXT('2D SPACE',''
  ) );
#235 = ORIENTED_EDGE('',*,*,#236,.T.);
#236 = EDGE_CURVE('',#208,#237,#239,.T.);
#237 = VERTEX_POINT('',#238);
#238 = CARTESIAN_POINT('',(-4.609772228646,31.666228067138,
    969.67683767303));
#239 = SURFACE_CURVE('',#240,(#244,#250),.PCURVE_S1.);
#240 = LINE('',#241,#242);
#241 = CARTESIAN_POINT('',(-4.609772228646,31.666228067138,700.));
#242 = VECTOR('',#243,1.);
#243 = DIRECTION('',(-0.,-0.,-1.));
#244 = PCURVE('',#112,#245);
#245 = DEFINITIONAL_REPRESENTATION('',(#246),#249);
#246 = B_SPLINE_CURVE_WITH_KNOTS('',1,(#247,#248),.UNSPECIFIED.,.F.,.F.,
  (2,2),(-273.7800006,-216.1227305502),.PIECEWISE_BEZIER_KNOTS.);
#247 = CARTESIAN_POINT('',(4.567830648781,-273.7800006));
#248 = CARTESIAN_POINT('',(4.567830648781,-216.1227305502));
#249 = ( GEOMETRIC_REPRESENTATION_CONTEXT(2) 
PARAMETRIC_REPRESENTATION_CONTEXT() REPRESENTATION_CONTEXT('2D SPACE',''
  ) );
#250 = PCURVE('',#251,#256);
#251 = PLANE('',#252);
#252 = AXIS2_PLACEMENT_3D('',#253,#254,#255);
#253 = CARTESIAN_POINT('',(-42.5,31.666228067138,1.06028E+03));
#254 = DIRECTION('',(0.,-1.,0.));
#255 = DIRECTION('',(0.66679485947,0.,-0.745241313525));
#256 = DEFINITIONAL_REPRESENTATION('',(#257),#260);
#257 = B_SPLINE_CURVE_WITH_KNOTS('',1,(#258,#259),.UNSPECIFIED.,.F.,.F.,
  (2,2),(-273.7800006,-216.1227305502),.PIECEWISE_BEZIER_KNOTS.);
#258 = CARTESIAN_POINT('',(89.728382274856,-29.44039182997));
#259 = CARTESIAN_POINT('',(132.69696194098,-67.88596311019));
#260 = ( GEOMETRIC_REPRESENTATION_CONTEXT(2) 
PARAMETRIC_REPRESENTATION_CONTEXT() REPRESENTATION_CONTEXT('2D SPACE',''
  ) );
#261 = ORIENTED_EDGE('',*,*,#262,.T.);
#262 = EDGE_CURVE('',#237,#263,#265,.T.);
#263 = VERTEX_POINT('',#264);
#264 = CARTESIAN_POINT('',(4.609772228646,31.666228067138,
    969.64967360249));
#265 = SURFACE_CURVE('',#266,(#374,#485),.PCURVE_S1.);
#266 = B_SPLINE_CURVE_WITH_KNOTS('',8,(#267,#268,#269,#270,#271,#272,
    #273,#274,#275,#276,#277,#278,#279,#280,#281,#282,#283,#284,#285,
    #286,#287,#288,#289,#290,#291,#292,#293,#294,#295,#296,#297,#298,
    #299,#300,#301,#302,#303,#304,#305,#306,#307,#308,#309,#310,#311,
    #312,#313,#314,#315,#316,#317,#318,#319,#320,#321,#322,#323,#324,
    #325,#326,#327,#328,#329,#330,#331,#332,#333,#334,#335,#336,#337,
    #338,#339,#340,#341,#342,#343,#344,#345,#346,#347,#348,#349,#350,
    #351,#352,#353,#354,#355,#356,#357,#358,#359,#360,#361,#362,#363,
    #364,#365,#366,#367,#368,#369,#370,#371,#372,#373),.UNSPECIFIED.,.F.
  ,.F.,(9,7,7,7,7,7,7,7,7,7,7,7,7,7,7,9),(0.,0.174752324731,
    0.263240628824,0.355230191772,0.405701367416,0.459182905002,
    0.486343372329,0.519598621459,0.539149791228,0.564440234446,
    0.595955927384,0.622908672521,0.683509763533,0.741626388077,
    0.871949503121,1.),.UNSPECIFIED.);
#267 = CARTESIAN_POINT('',(-4.609772228646,31.666228067138,
    969.67683767303));
#268 = CARTESIAN_POINT('',(-4.609772228646,31.666228067138,
    969.60892535487));
#269 = CARTESIAN_POINT('',(-4.600720300033,31.667545805411,
    969.5404121332));
#270 = CARTESIAN_POINT('',(-4.582347988545,31.670220272503,
    969.47134437248));
#271 = CARTESIAN_POINT('',(-4.55430267786,31.674288233839,
    969.40177558329));
#272 = CARTESIAN_POINT('',(-4.516134147483,31.67978312589,
    969.33176671512));
#273 = CARTESIAN_POINT('',(-4.467282462699,31.68673383385,
    969.26138622967));
#274 = CARTESIAN_POINT('',(-4.407038704312,31.695163313224,
    969.19071003742));
#275 = CARTESIAN_POINT('',(-4.297693754937,31.710112025415,
    969.08392590909));
#276 = CARTESIAN_POINT('',(-4.257773121249,31.715520016978,
    969.04797697496));
#277 = CARTESIAN_POINT('',(-4.214564932427,31.721312957471,
    969.01198542357));
#278 = CARTESIAN_POINT('',(-4.167929859184,31.727492207672,
    968.97596332677));
#279 = CARTESIAN_POINT('',(-4.11771074887,31.734058406609,
    968.93992400076));
#280 = CARTESIAN_POINT('',(-4.06372810138,31.741011330535,
    968.90388204885));
#281 = CARTESIAN_POINT('',(-4.005772727373,31.748349728345,
    968.86785342886));
#282 = CARTESIAN_POINT('',(-3.878958257865,31.764098055033,
    968.7944333163));
#283 = CARTESIAN_POINT('',(-3.809763459776,31.772538274648,
    968.75704718764));
#284 = CARTESIAN_POINT('',(-3.735727735227,31.781389395706,
    968.71971441014));
#285 = CARTESIAN_POINT('',(-3.656525621171,31.790647125662,
    968.6824568632));
#286 = CARTESIAN_POINT('',(-3.571772706672,31.800304645742,
    968.64530145716));
#287 = CARTESIAN_POINT('',(-3.48101305325,31.810352027293,
    968.60828035716));
#288 = CARTESIAN_POINT('',(-3.383684635113,31.820775379316,
    968.57143164426));
#289 = CARTESIAN_POINT('',(-3.221619976898,31.837470005621,
    968.51470320457));
#290 = CARTESIAN_POINT('',(-3.16200373434,31.843491574183,
    968.49467237894));
#291 = CARTESIAN_POINT('',(-3.100063885396,31.849616974249,
    968.47471586405));
#292 = CARTESIAN_POINT('',(-3.035661239798,31.855842232147,
    968.45484281869));
#293 = CARTESIAN_POINT('',(-2.968639726051,31.86216243574,
    968.43506428641));
#294 = CARTESIAN_POINT('',(-2.89882083333,31.868571557161,
    968.41539336849));
#295 = CARTESIAN_POINT('',(-2.825994027845,31.875062206239,
    968.39584553286));
#296 = CARTESIAN_POINT('',(-2.669273805624,31.888579880684,
    968.35587508244));
#297 = CARTESIAN_POINT('',(-2.585005141276,31.895613596355,
    968.33547637391));
#298 = CARTESIAN_POINT('',(-2.496772007926,31.902717485618,
    968.31525883851));
#299 = CARTESIAN_POINT('',(-2.404214452492,31.909878492474,
    968.29524844301));
#300 = CARTESIAN_POINT('',(-2.306913101864,31.917078315323,
    968.27548254548));
#301 = CARTESIAN_POINT('',(-2.204379497521,31.924292668627,
    968.25601026941));
#302 = CARTESIAN_POINT('',(-2.096009664928,31.931489682167,
    968.23689473955));
#303 = CARTESIAN_POINT('',(-1.922516038334,31.942250384918,
    968.2087360754));
#304 = CARTESIAN_POINT('',(-1.861636308594,31.945903745043,
    968.19924876748));
#305 = CARTESIAN_POINT('',(-1.798067906976,31.949583162644,
    968.18976540497));
#306 = CARTESIAN_POINT('',(-1.731476684723,31.953287995476,
    968.18028653917));
#307 = CARTESIAN_POINT('',(-1.661395718282,31.957018696278,
    968.17080944043));
#308 = CARTESIAN_POINT('',(-1.587203020881,31.960776303595,
    968.16132978997));
#309 = CARTESIAN_POINT('',(-1.508048314329,31.964559999725,
    968.1518473661));
#310 = CARTESIAN_POINT('',(-1.318109457654,31.973012679612,
    968.13079156222));
#311 = CARTESIAN_POINT('',(-1.208569525803,31.977495902139,
    968.11970943763));
#312 = CARTESIAN_POINT('',(-1.093389786897,31.981773338588,
    968.10920377326));
#313 = CARTESIAN_POINT('',(-0.972083264175,31.985783765468,
    968.09940106817));
#314 = CARTESIAN_POINT('',(-0.844355744597,31.989441165564,
    968.09048151509));
#315 = CARTESIAN_POINT('',(-0.710176777436,31.992639345718,
    968.08266569868));
#316 = CARTESIAN_POINT('',(-0.569836538792,31.995257029583,
    968.07620666462));
#317 = CARTESIAN_POINT('',(-0.338729308337,31.998321600159,
    968.06846783598));
#318 = CARTESIAN_POINT('',(-0.251402513723,31.999218116981,
    968.06615176282));
#319 = CARTESIAN_POINT('',(-0.162752876745,31.999851654542,
    968.06443867229));
#320 = CARTESIAN_POINT('',(-7.324225635831E-02,32.000204401603,
    968.06336752613));
#321 = CARTESIAN_POINT('',(1.664265660786E-02,32.00026645666,
    968.06296065644));
#322 = CARTESIAN_POINT('',(0.106389085883,32.000036686477,
    968.06322198845));
#323 = CARTESIAN_POINT('',(0.195456916182,31.999523584621,
    968.06413526323));
#324 = CARTESIAN_POINT('',(0.396877801562,31.99774045248,968.06763751004
    ));
#325 = CARTESIAN_POINT('',(0.508442942664,31.99629176222,968.07064088223
    ));
#326 = CARTESIAN_POINT('',(0.617105902917,31.994436951466,
    968.07459711585));
#327 = CARTESIAN_POINT('',(0.72235078619,31.992227776227,968.07939960941
    ));
#328 = CARTESIAN_POINT('',(0.823912247682,31.989719545378,
    968.08493358044));
#329 = CARTESIAN_POINT('',(0.921705203253,31.986963389031,
    968.09109217755));
#330 = CARTESIAN_POINT('',(1.015784760668,31.984002106164,
    968.09778554559));
#331 = CARTESIAN_POINT('',(1.219177289622,31.976966007534,
    968.11386191276));
#332 = CARTESIAN_POINT('',(1.326471296586,31.97279875235,968.12349632822
    ));
#333 = CARTESIAN_POINT('',(1.428676842131,31.968430062117,
    968.13371652429));
#334 = CARTESIAN_POINT('',(1.526171323217,31.963909513083,
    968.14441928942));
#335 = CARTESIAN_POINT('',(1.619308208669,31.959276406199,
    968.15552196937));
#336 = CARTESIAN_POINT('',(1.708434974159,31.954560824809,
    968.16696079878));
#337 = CARTESIAN_POINT('',(1.793894706159,31.949784223906,968.1786908711
    ));
#338 = CARTESIAN_POINT('',(1.946281322043,31.940835002987,
    968.20094305462));
#339 = CARTESIAN_POINT('',(2.014054919892,31.936677714533,
    968.21138758191));
#340 = CARTESIAN_POINT('',(2.079540254692,31.932499372903,
    968.22199629979));
#341 = CARTESIAN_POINT('',(2.142892776717,31.928308978279,
    968.23275032966));
#342 = CARTESIAN_POINT('',(2.204247585564,31.924114011202,968.2436338558
    ));
#343 = CARTESIAN_POINT('',(2.26372603242,31.919920667099,968.25463371286
    ));
#344 = CARTESIAN_POINT('',(2.321439496651,31.915734016288,
    968.26573915798));
#345 = CARTESIAN_POINT('',(2.503516166067,31.902168852191,
    968.30213013378));
#346 = CARTESIAN_POINT('',(2.621089125234,31.89283745783,968.32780021825
    ));
#347 = CARTESIAN_POINT('',(2.731384364966,31.88360966498,968.3538563118)
  );
#348 = CARTESIAN_POINT('',(2.835202891901,31.874518073574,
    968.38022760503));
#349 = CARTESIAN_POINT('',(2.933177402006,31.86558678431,968.40685914577
    ));
#350 = CARTESIAN_POINT('',(3.025839854156,31.856833400643,
    968.43370904285));
#351 = CARTESIAN_POINT('',(3.113633010398,31.848269982412,
    968.46074810398));
#352 = CARTESIAN_POINT('',(3.276847652117,31.831882095661,
    968.51405243904));
#353 = CARTESIAN_POINT('',(3.352607275262,31.824043866695,
    968.54029702129));
#354 = CARTESIAN_POINT('',(3.424555483686,31.816398546808,
    968.56666973076));
#355 = CARTESIAN_POINT('',(3.492959380176,31.808952934627,
    968.59315170576));
#356 = CARTESIAN_POINT('',(3.558043194213,31.801712313371,968.6197267586
    ));
#357 = CARTESIAN_POINT('',(3.620001213355,31.794680738519,968.6463810187
    ));
#358 = CARTESIAN_POINT('',(3.679005177351,31.787861253654,968.673102734)
  );
#359 = CARTESIAN_POINT('',(3.861233479484,31.766444218678,
    968.75993367897));
#360 = CARTESIAN_POINT('',(3.973147207589,31.752712192274,
    968.82026619809));
#361 = CARTESIAN_POINT('',(4.072659975374,31.740084063708,
    968.88076995175));
#362 = CARTESIAN_POINT('',(4.160943679392,31.728570717052,
    968.94135312053));
#363 = CARTESIAN_POINT('',(4.23890919075,31.718173600853,969.00193744953
    ));
#364 = CARTESIAN_POINT('',(4.307301591929,31.708887130214,
    969.06245694455));
#365 = CARTESIAN_POINT('',(4.366719159368,31.700700459444,
    969.12285763979));
#366 = CARTESIAN_POINT('',(4.467721111314,31.686622136705,969.2422846169
    ));
#367 = CARTESIAN_POINT('',(4.509592133116,31.680693796854,969.3013093195
    ));
#368 = CARTESIAN_POINT('',(4.543749158996,31.675801099012,
    969.36012389046));
#369 = CARTESIAN_POINT('',(4.570567577298,31.671927803412,
    969.41868549058));
#370 = CARTESIAN_POINT('',(4.590351713354,31.669055220028,
    969.47695497451));
#371 = CARTESIAN_POINT('',(4.603351745346,31.667162696303,
    969.53489684109));
#372 = CARTESIAN_POINT('',(4.609772228646,31.666228067138,
    969.59247917825));
#373 = CARTESIAN_POINT('',(4.609772228646,31.666228067138,
    969.64967360249));
#374 = PCURVE('',#112,#375);
#375 = DEFINITIONAL_REPRESENTATION('',(#376),#484);
#376 = B_SPLINE_CURVE_WITH_KNOTS('',8,(#377,#378,#379,#380,#381,#382,
    #383,#384,#385,#386,#387,#388,#389,#390,#391,#392,#393,#394,#395,
    #396,#397,#398,#399,#400,#401,#402,#403,#404,#405,#406,#407,#408,
    #409,#410,#411,#412,#413,#414,#415,#416,#417,#418,#419,#420,#421,
    #422,#423,#424,#425,#426,#427,#428,#429,#430,#431,#432,#433,#434,
    #435,#436,#437,#438,#439,#440,#441,#442,#443,#444,#445,#446,#447,
    #448,#449,#450,#451,#452,#453,#454,#455,#456,#457,#458,#459,#460,
    #461,#462,#463,#464,#465,#466,#467,#468,#469,#470,#471,#472,#473,
    #474,#475,#476,#477,#478,#479,#480,#481,#482,#483),.UNSPECIFIED.,.F.
  ,.F.,(9,7,7,7,7,7,7,7,7,7,7,7,7,7,7,9),(0.,0.174752324731,
    0.263240628824,0.355230191772,0.405701367416,0.459182905002,
    0.486343372329,0.519598621459,0.539149791228,0.564440234446,
    0.595955927384,0.622908672521,0.683509763533,0.741626388077,
    0.871949503121,1.),.UNSPECIFIED.);
#377 = CARTESIAN_POINT('',(4.567830648781,-269.676837673));
#378 = CARTESIAN_POINT('',(4.567830648781,-269.6089253548));
#379 = CARTESIAN_POINT('',(4.568116503155,-269.5404121332));
#380 = CARTESIAN_POINT('',(4.568696689299,-269.4713443724));
#381 = CARTESIAN_POINT('',(4.569582276584,-269.4017755832));
#382 = CARTESIAN_POINT('',(4.570787338813,-269.3317667151));
#383 = CARTESIAN_POINT('',(4.57232932415,-269.2613862296));
#384 = CARTESIAN_POINT('',(4.574230272191,-269.1907100374));
#385 = CARTESIAN_POINT('',(4.577679086235,-269.083925909));
#386 = CARTESIAN_POINT('',(4.578938000153,-269.0479769749));
#387 = CARTESIAN_POINT('',(4.5803003351,-269.0119854235));
#388 = CARTESIAN_POINT('',(4.581770414958,-268.9759633267));
#389 = CARTESIAN_POINT('',(4.583353114759,-268.9399240007));
#390 = CARTESIAN_POINT('',(4.585054001456,-268.9038820488));
#391 = CARTESIAN_POINT('',(4.586879562657,-268.8678534288));
#392 = CARTESIAN_POINT('',(4.590872955574,-268.7944333163));
#393 = CARTESIAN_POINT('',(4.593051314674,-268.7570471876));
#394 = CARTESIAN_POINT('',(4.59538139498,-268.7197144101));
#395 = CARTESIAN_POINT('',(4.597873293211,-268.6824568632));
#396 = CARTESIAN_POINT('',(4.600538936383,-268.6453014571));
#397 = CARTESIAN_POINT('',(4.603392473501,-268.6082803571));
#398 = CARTESIAN_POINT('',(4.606451353881,-268.5714316442));
#399 = CARTESIAN_POINT('',(4.61154267462,-268.5147032045));
#400 = CARTESIAN_POINT('',(4.613415157717,-268.4946723789));
#401 = CARTESIAN_POINT('',(4.61536021265,-268.474715864));
#402 = CARTESIAN_POINT('',(4.617382165436,-268.4548428186));
#403 = CARTESIAN_POINT('',(4.619485867408,-268.4350642864));
#404 = CARTESIAN_POINT('',(4.621676868778,-268.4153933684));
#405 = CARTESIAN_POINT('',(4.623961717997,-268.3958455328));
#406 = CARTESIAN_POINT('',(4.628877409109,-268.3558750824));
#407 = CARTESIAN_POINT('',(4.63151995206,-268.3354763739));
#408 = CARTESIAN_POINT('',(4.634286139653,-268.3152588385));
#409 = CARTESIAN_POINT('',(4.63718717713,-268.295248443));
#410 = CARTESIAN_POINT('',(4.640236120148,-268.2754825454));
#411 = CARTESIAN_POINT('',(4.643448177311,-268.2560102694));
#412 = CARTESIAN_POINT('',(4.646842162193,-268.2368947395));
#413 = CARTESIAN_POINT('',(4.652274256416,-268.2087360754));
#414 = CARTESIAN_POINT('',(4.654180166583,-268.1992487674));
#415 = CARTESIAN_POINT('',(4.656169996523,-268.1897654049));
#416 = CARTESIAN_POINT('',(4.65825417916,-268.1802865391));
#417 = CARTESIAN_POINT('',(4.66044729676,-268.1708094404));
#418 = CARTESIAN_POINT('',(4.662768775507,-268.1613297899));
#419 = CARTESIAN_POINT('',(4.665245171111,-268.1518473661));
#420 = CARTESIAN_POINT('',(4.671186635007,-268.1307915622));
#421 = CARTESIAN_POINT('',(4.674612601861,-268.1197094376));
#422 = CARTESIAN_POINT('',(4.678214405923,-268.1092037732));
#423 = CARTESIAN_POINT('',(4.682007239274,-268.0994010681));
#424 = CARTESIAN_POINT('',(4.686000275838,-268.090481515));
#425 = CARTESIAN_POINT('',(4.690194468597,-268.0826656986));
#426 = CARTESIAN_POINT('',(4.694580800154,-268.0762066646));
#427 = CARTESIAN_POINT('',(4.701803536037,-268.0684678359));
#428 = CARTESIAN_POINT('',(4.704532630106,-268.0661517628));
#429 = CARTESIAN_POINT('',(4.707302979157,-268.0644386722));
#430 = CARTESIAN_POINT('',(4.710100178664,-268.0633675261));
#431 = CARTESIAN_POINT('',(4.712909053431,-268.0629606564));
#432 = CARTESIAN_POINT('',(4.715713614674,-268.0632219884));
#433 = CARTESIAN_POINT('',(4.718497017101,-268.0641352632));
#434 = CARTESIAN_POINT('',(4.724791666415,-268.06763751));
#435 = CARTESIAN_POINT('',(4.728278341025,-268.0706408822));
#436 = CARTESIAN_POINT('',(4.73167450733,-268.0745971158));
#437 = CARTESIAN_POINT('',(4.734964086078,-268.0793996094));
#438 = CARTESIAN_POINT('',(4.738138809079,-268.0849335804));
#439 = CARTESIAN_POINT('',(4.741196024927,-268.0910921775));
#440 = CARTESIAN_POINT('',(4.744137452643,-268.0977855455));
#441 = CARTESIAN_POINT('',(4.750497271233,-268.1138619127));
#442 = CARTESIAN_POINT('',(4.75385270682,-268.1234963282));
#443 = CARTESIAN_POINT('',(4.757049507561,-268.1337165242));
#444 = CARTESIAN_POINT('',(4.760099446081,-268.1444192894));
#445 = CARTESIAN_POINT('',(4.763013542224,-268.1555219693));
#446 = CARTESIAN_POINT('',(4.765802628323,-268.1669607987));
#447 = CARTESIAN_POINT('',(4.768477402551,-268.1786908711));
#448 = CARTESIAN_POINT('',(4.773247689129,-268.2009430546));
#449 = CARTESIAN_POINT('',(4.775369587688,-268.2113875819));
#450 = CARTESIAN_POINT('',(4.77742015576,-268.2219962997));
#451 = CARTESIAN_POINT('',(4.779404237835,-268.2327503296));
#452 = CARTESIAN_POINT('',(4.781326043024,-268.2436338558));
#453 = CARTESIAN_POINT('',(4.783189351595,-268.2546337128));
#454 = CARTESIAN_POINT('',(4.784997633136,-268.2657391579));
#455 = CARTESIAN_POINT('',(4.790703298429,-268.3021301337));
#456 = CARTESIAN_POINT('',(4.79438896413,-268.3278002182));
#457 = CARTESIAN_POINT('',(4.797847682651,-268.3538563118));
#458 = CARTESIAN_POINT('',(4.801104383037,-268.380227605));
#459 = CARTESIAN_POINT('',(4.804178746213,-268.4068591457));
#460 = CARTESIAN_POINT('',(4.807087316514,-268.4337090428));
#461 = CARTESIAN_POINT('',(4.809843861874,-268.4607481039));
#462 = CARTESIAN_POINT('',(4.814969965233,-268.514052439));
#463 = CARTESIAN_POINT('',(4.817350080089,-268.5402970212));
#464 = CARTESIAN_POINT('',(4.819611105824,-268.5666697307));
#465 = CARTESIAN_POINT('',(4.821761340342,-268.5931517057));
#466 = CARTESIAN_POINT('',(4.823807746679,-268.6197267586));
#467 = CARTESIAN_POINT('',(4.825756356639,-268.6463810187));
#468 = CARTESIAN_POINT('',(4.827612501465,-268.673102734));
#469 = CARTESIAN_POINT('',(4.833346330925,-268.7599336789));
#470 = CARTESIAN_POINT('',(4.836869818159,-268.820266198));
#471 = CARTESIAN_POINT('',(4.840004492097,-268.8807699517));
#472 = CARTESIAN_POINT('',(4.84278669313,-268.9413531205));
#473 = CARTESIAN_POINT('',(4.845244668032,-269.0019374495));
#474 = CARTESIAN_POINT('',(4.847401536081,-269.0624569445));
#475 = CARTESIAN_POINT('',(4.849275874371,-269.1228576397));
#476 = CARTESIAN_POINT('',(4.852462699279,-269.2422846169));
#477 = CARTESIAN_POINT('',(4.85378421575,-269.3013093195));
#478 = CARTESIAN_POINT('',(4.854862515915,-269.3601238904));
#479 = CARTESIAN_POINT('',(4.855709286702,-269.4186854905));
#480 = CARTESIAN_POINT('',(4.856334023978,-269.4769549745));
#481 = CARTESIAN_POINT('',(4.856744557137,-269.534896841));
#482 = CARTESIAN_POINT('',(4.856947311989,-269.5924791782));
#483 = CARTESIAN_POINT('',(4.856947311989,-269.6496736024));
#484 = ( GEOMETRIC_REPRESENTATION_CONTEXT(2) 
PARAMETRIC_REPRESENTATION_CONTEXT() REPRESENTATION_CONTEXT('2D SPACE',''
  ) );
#485 = PCURVE('',#486,#520);
#486 = ( BOUNDED_SURFACE() B_SPLINE_SURFACE(2,4,(
    (#487,#488,#489,#490,#491,#492,#493,#494,#495,#496,#497)
    ,(#498,#499,#500,#501,#502,#503,#504,#505,#506,#507,#508)
    ,(#509,#510,#511,#512,#513,#514,#515,#516,#517,#518,#519
)),.UNSPECIFIED.,.F.,.F.,.F.) B_SPLINE_SURFACE_WITH_KNOTS((3,3),(5,3,3,5
    ),(0.,85.),(-4.311824390444,-2.382035538391E-14,85.,89.345160116542)
,.UNSPECIFIED.) GEOMETRIC_REPRESENTATION_ITEM() 
RATIONAL_B_SPLINE_SURFACE((
    (1.,1.,1.,1.,1.,1.,1.,1.,1.,1.,1.)
    ,(0.684695460082,0.684962243602,0.685051171442,0.684962243602
      ,0.679436294321,0.674138007864,0.668807538391,0.663178404453
      ,0.663087149787,0.663178404453,0.663452168452)
,(1.,1.,1.,1.,1.,1.,1.,1.,1.,1.,1.
  ))) REPRESENTATION_ITEM('') SURFACE() );
#487 = CARTESIAN_POINT('',(46.845182130748,31.666228067138,
    969.52722008696));
#488 = CARTESIAN_POINT('',(45.750547162985,31.666228067138,
    969.53035939519));
#489 = CARTESIAN_POINT('',(44.661471818606,31.666228067138,
    969.53348275896));
#490 = CARTESIAN_POINT('',(43.577956097611,31.666228067138,
    969.53659017825));
#491 = CARTESIAN_POINT('',(21.25,31.666228067138,969.60062461752));
#492 = CARTESIAN_POINT('',(-3.552713678801E-15,31.666228067138,
    969.66268148465));
#493 = CARTESIAN_POINT('',(-21.25,31.666228067138,969.72584821275));
#494 = CARTESIAN_POINT('',(-43.58629002913,31.666228067138,
    969.79340063849));
#495 = CARTESIAN_POINT('',(-44.67258339355,31.666228067138,
    969.79668595363));
#496 = CARTESIAN_POINT('',(-45.75888009324,31.666228067138,
    969.79997127886));
#497 = CARTESIAN_POINT('',(-46.84518012822,31.666228067138,
    969.80325661417));
#498 = CARTESIAN_POINT('',(46.845199998119,31.666228067138,
    965.2819790978));
#499 = CARTESIAN_POINT('',(45.749290049081,31.666228067138,
    965.28194685533));
#500 = CARTESIAN_POINT('',(44.660352455322,31.666228067138,
    965.28191481799));
#501 = CARTESIAN_POINT('',(43.577536248306,31.666228067138,
    965.28188296074));
#502 = CARTESIAN_POINT('',(21.085514715146,31.666228067138,965.281221229
    ));
#503 = CARTESIAN_POINT('',(-0.223507273656,31.666228067138,
    965.28054492667));
#504 = CARTESIAN_POINT('',(-21.42015599357,31.666228067138,
    965.27982176863));
#505 = CARTESIAN_POINT('',(-43.58673845613,31.666228067138,
    965.27901224955));
#506 = CARTESIAN_POINT('',(-44.67378267858,31.666228067138,
    965.27897255092));
#507 = CARTESIAN_POINT('',(-45.76023531691,31.666228067138,
    965.27893287389));
#508 = CARTESIAN_POINT('',(-46.8451999971,31.666228067138,965.2788932512
    ));
#509 = CARTESIAN_POINT('',(46.845163985856,35.903984099741,
    965.53427493492));
#510 = CARTESIAN_POINT('',(45.750538090539,35.906951943772,
    965.5375997252));
#511 = CARTESIAN_POINT('',(44.661468794457,35.909904722273,965.540907638
    ));
#512 = CARTESIAN_POINT('',(43.577956097611,35.912842435243,
    965.54419867332));
#513 = CARTESIAN_POINT('',(21.25,35.973379913403,965.61201706835));
#514 = CARTESIAN_POINT('',(2.84217094304E-14,36.030833278604,
    965.67877811684));
#515 = CARTESIAN_POINT('',(-21.25,36.088029319767,965.74773780651));
#516 = CARTESIAN_POINT('',(-43.58629002913,36.147783897646,
    965.82249236077));
#517 = CARTESIAN_POINT('',(-44.67258005827,36.15068996674,
    965.82612792992));
#518 = CARTESIAN_POINT('',(-45.7588700874,36.153596035835,
    965.82976349907));
#519 = CARTESIAN_POINT('',(-46.84516011654,36.15650210493,
    965.83339906822));
#520 = DEFINITIONAL_REPRESENTATION('',(#521),#629);
#521 = B_SPLINE_CURVE_WITH_KNOTS('',8,(#522,#523,#524,#525,#526,#527,
    #528,#529,#530,#531,#532,#533,#534,#535,#536,#537,#538,#539,#540,
    #541,#542,#543,#544,#545,#546,#547,#548,#549,#550,#551,#552,#553,
    #554,#555,#556,#557,#558,#559,#560,#561,#562,#563,#564,#565,#566,
    #567,#568,#569,#570,#571,#572,#573,#574,#575,#576,#577,#578,#579,
    #580,#581,#582,#583,#584,#585,#586,#587,#588,#589,#590,#591,#592,
    #593,#594,#595,#596,#597,#598,#599,#600,#601,#602,#603,#604,#605,
    #606,#607,#608,#609,#610,#611,#612,#613,#614,#615,#616,#617,#618,
    #619,#620,#621,#622,#623,#624,#625,#626,#627,#628),.UNSPECIFIED.,.F.
  ,.F.,(9,7,7,7,7,7,7,7,7,7,7,7,7,7,7,9),(0.,0.174752324731,
    0.263240628824,0.355230191772,0.405701367416,0.459182905002,
    0.486343372329,0.519598621459,0.539149791228,0.564440234446,
    0.595955927384,0.622908672521,0.683509763533,0.741626388077,
    0.871949503121,1.),.UNSPECIFIED.);
#522 = CARTESIAN_POINT('',(0.,47.109772228646));
#523 = CARTESIAN_POINT('',(0.975526425637,47.109772231048));
#524 = CARTESIAN_POINT('',(1.950931385776,47.100720304815));
#525 = CARTESIAN_POINT('',(2.926069116349,47.082347995665));
#526 = CARTESIAN_POINT('',(3.900738779856,47.054302687257));
#527 = CARTESIAN_POINT('',(4.874682858218,47.016134159074));
#528 = CARTESIAN_POINT('',(5.847586094588,46.96728247638));
#529 = CARTESIAN_POINT('',(6.819072249009,46.907038719955));
#530 = CARTESIAN_POINT('',(8.279678559236,46.797693773304));
#531 = CARTESIAN_POINT('',(8.770169765734,46.757773140491));
#532 = CARTESIAN_POINT('',(9.260111334466,46.714564952503));
#533 = CARTESIAN_POINT('',(9.749430273673,46.667929880047));
#534 = CARTESIAN_POINT('',(10.238038502566,46.617710770471));
#535 = CARTESIAN_POINT('',(10.725831936739,46.563728123663));
#536 = CARTESIAN_POINT('',(11.21268897403,46.505772750282));
#537 = CARTESIAN_POINT('',(12.20346885267,46.378958281919));
#538 = CARTESIAN_POINT('',(12.707265817704,46.309763484345));
#539 = CARTESIAN_POINT('',(13.209731832314,46.23572776024));
#540 = CARTESIAN_POINT('',(13.710676577309,46.156525646546));
#541 = CARTESIAN_POINT('',(14.2098407009,46.071772732325));
#542 = CARTESIAN_POINT('',(14.706891582108,45.981013079088));
#543 = CARTESIAN_POINT('',(15.201411607996,45.883684661033));
#544 = CARTESIAN_POINT('',(15.962513849628,45.721620002773));
#545 = CARTESIAN_POINT('',(16.231218306637,45.662003760165));
#546 = CARTESIAN_POINT('',(16.498898418438,45.600063911136));
#547 = CARTESIAN_POINT('',(16.765443796061,45.535661265416));
#548 = CARTESIAN_POINT('',(17.030717486795,45.468639751507));
#549 = CARTESIAN_POINT('',(17.29455320899,45.398820858583));
#550 = CARTESIAN_POINT('',(17.556750507168,45.32599405285));
#551 = CARTESIAN_POINT('',(18.092911819031,45.16927383002));
#552 = CARTESIAN_POINT('',(18.366557154705,45.085005165306));
#553 = CARTESIAN_POINT('',(18.637794708674,44.996772031533));
#554 = CARTESIAN_POINT('',(18.906276258806,44.904214475613));
#555 = CARTESIAN_POINT('',(19.171494583528,44.806913124434));
#556 = CARTESIAN_POINT('',(19.432776661803,44.704379519467));
#557 = CARTESIAN_POINT('',(19.689249664761,44.59600968617));
#558 = CARTESIAN_POINT('',(20.06695003753,44.422516058381));
#559 = CARTESIAN_POINT('',(20.194187811704,44.36163632821));
#560 = CARTESIAN_POINT('',(20.321347364258,44.298067926131));
#561 = CARTESIAN_POINT('',(20.448412468663,44.231476703384));
#562 = CARTESIAN_POINT('',(20.575407173538,44.16139573641));
#563 = CARTESIAN_POINT('',(20.7023725079,44.08720303843));
#564 = CARTESIAN_POINT('',(20.829286455921,44.008048331247));
#565 = CARTESIAN_POINT('',(21.110802891294,43.818109473021));
#566 = CARTESIAN_POINT('',(21.258770469892,43.708569540254));
#567 = CARTESIAN_POINT('',(21.398775897815,43.593389800362));
#568 = CARTESIAN_POINT('',(21.529057527973,43.472083276578));
#569 = CARTESIAN_POINT('',(21.647117747784,43.34435575586));
#570 = CARTESIAN_POINT('',(21.749903271331,43.210176787482));
#571 = CARTESIAN_POINT('',(21.833918848282,43.069836547545));
#572 = CARTESIAN_POINT('',(21.9325459356,42.83872931494));
#573 = CARTESIAN_POINT('',(21.961476053048,42.75140251951));
#574 = CARTESIAN_POINT('',(21.98209006121,42.662752881698));
#575 = CARTESIAN_POINT('',(21.993863411282,42.573242260467));
#576 = CARTESIAN_POINT('',(21.996502118847,42.483357346651));
#577 = CARTESIAN_POINT('',(21.989967569584,42.393610916527));
#578 = CARTESIAN_POINT('',(21.974501324969,42.304543085385));
#579 = CARTESIAN_POINT('',(21.919796919795,42.103122198103));
#580 = CARTESIAN_POINT('',(21.874894880185,41.99155705595));
#581 = CARTESIAN_POINT('',(21.817011033324,41.882894094679));
#582 = CARTESIAN_POINT('',(21.747636186027,41.777649210425));
#583 = CARTESIAN_POINT('',(21.668366367864,41.676087747994));
#584 = CARTESIAN_POINT('',(21.580681648192,41.578294791528));
#585 = CARTESIAN_POINT('',(21.485822130104,41.484215233261));
#586 = CARTESIAN_POINT('',(21.258823916695,41.280822702487));
#587 = CARTESIAN_POINT('',(21.123328435069,41.173528694578));
#588 = CARTESIAN_POINT('',(20.980051733082,41.071323148149));
#589 = CARTESIAN_POINT('',(20.830407909369,40.973828666237));
#590 = CARTESIAN_POINT('',(20.675525628822,40.880691780013));
#591 = CARTESIAN_POINT('',(20.516271456529,40.7915650138));
#592 = CARTESIAN_POINT('',(20.35325167987,40.706105281124));
#593 = CARTESIAN_POINT('',(20.044494685047,40.553718664065));
#594 = CARTESIAN_POINT('',(19.899763910814,40.485945065705));
#595 = CARTESIAN_POINT('',(19.75293614588,40.420459730425));
#596 = CARTESIAN_POINT('',(19.604264436028,40.357107207948));
#597 = CARTESIAN_POINT('',(19.453959789369,40.295752398675));
#598 = CARTESIAN_POINT('',(19.302196802114,40.236273951418));
#599 = CARTESIAN_POINT('',(19.1491168223,40.178560486809));
#600 = CARTESIAN_POINT('',(18.647924043704,39.996483816242));
#601 = CARTESIAN_POINT('',(18.295045526963,39.878910856393));
#602 = CARTESIAN_POINT('',(17.937438575476,39.768615616081));
#603 = CARTESIAN_POINT('',(17.576009643547,39.664797088658));
#604 = CARTESIAN_POINT('',(17.211448053326,39.566822578148));
#605 = CARTESIAN_POINT('',(16.844264755883,39.474160125672));
#606 = CARTESIAN_POINT('',(16.474798526828,39.386366969174));
#607 = CARTESIAN_POINT('',(15.746914588649,39.223152327086));
#608 = CARTESIAN_POINT('',(15.388760067609,39.147392703822));
#609 = CARTESIAN_POINT('',(15.029025516462,39.075444495336));
#610 = CARTESIAN_POINT('',(14.667916952365,39.007040598836));
#611 = CARTESIAN_POINT('',(14.305604556986,38.94195678484));
#612 = CARTESIAN_POINT('',(13.942227587597,38.879998765786));
#613 = CARTESIAN_POINT('',(13.577897129975,38.820994801922));
#614 = CARTESIAN_POINT('',(12.393756176202,38.638766500354));
#615 = CARTESIAN_POINT('',(11.570570263459,38.526852772849));
#616 = CARTESIAN_POINT('',(10.744091093622,38.427340005848));
#617 = CARTESIAN_POINT('',(9.915043799987,38.339056302774));
#618 = CARTESIAN_POINT('',(9.083989642689,38.2610907925));
#619 = CARTESIAN_POINT('',(8.251346497736,38.19269839253));
#620 = CARTESIAN_POINT('',(7.417392674498,38.133280826406));
#621 = CARTESIAN_POINT('',(5.761730366281,38.032278877251));
#622 = CARTESIAN_POINT('',(4.940161484346,37.990407856922));
#623 = CARTESIAN_POINT('',(4.117796866519,37.956250832588));
#624 = CARTESIAN_POINT('',(3.294832217378,37.929432415895));
#625 = CARTESIAN_POINT('',(2.471437295552,37.909648281497));
#626 = CARTESIAN_POINT('',(1.647757110449,37.896648251201));
#627 = CARTESIAN_POINT('',(0.823912487226,37.89022776962));
#628 = CARTESIAN_POINT('',(0.,37.890227771354));
#629 = ( GEOMETRIC_REPRESENTATION_CONTEXT(2) 
PARAMETRIC_REPRESENTATION_CONTEXT() REPRESENTATION_CONTEXT('2D SPACE',''
  ) );
#630 = ORIENTED_EDGE('',*,*,#631,.F.);
#631 = EDGE_CURVE('',#632,#263,#634,.T.);
#632 = VERTEX_POINT('',#633);
#633 = CARTESIAN_POINT('',(4.609772228646,31.666228067138,973.78));
#634 = SURFACE_CURVE('',#635,(#639,#645),.PCURVE_S1.);
#635 = LINE('',#636,#637);
#636 = CARTESIAN_POINT('',(4.609772228646,31.666228067138,700.));
#637 = VECTOR('',#638,1.);
#638 = DIRECTION('',(-0.,-0.,-1.));
#639 = PCURVE('',#112,#640);
#640 = DEFINITIONAL_REPRESENTATION('',(#641),#644);
#641 = B_SPLINE_CURVE_WITH_KNOTS('',1,(#642,#643),.UNSPECIFIED.,.F.,.F.,
  (2,2),(-273.7800006,-224.3717966436),.PIECEWISE_BEZIER_KNOTS.);
#642 = CARTESIAN_POINT('',(4.856947311989,-273.7800006));
#643 = CARTESIAN_POINT('',(4.856947311989,-224.3717966436));
#644 = ( GEOMETRIC_REPRESENTATION_CONTEXT(2) 
PARAMETRIC_REPRESENTATION_CONTEXT() REPRESENTATION_CONTEXT('2D SPACE',''
  ) );
#645 = PCURVE('',#251,#646);
#646 = DEFINITIONAL_REPRESENTATION('',(#647),#650);
#647 = B_SPLINE_CURVE_WITH_KNOTS('',1,(#648,#649),.UNSPECIFIED.,.F.,.F.,
  (2,2),(-273.7800006,-224.3717966436),.PIECEWISE_BEZIER_KNOTS.);
#648 = CARTESIAN_POINT('',(95.875927125632,-22.56960640851));
#649 = CARTESIAN_POINT('',(132.69696194098,-55.51474282225));
#650 = ( GEOMETRIC_REPRESENTATION_CONTEXT(2) 
PARAMETRIC_REPRESENTATION_CONTEXT() REPRESENTATION_CONTEXT('2D SPACE',''
  ) );
#651 = ORIENTED_EDGE('',*,*,#652,.F.);
#652 = EDGE_CURVE('',#183,#632,#653,.T.);
#653 = SURFACE_CURVE('',#654,(#659,#666),.PCURVE_S1.);
#654 = CIRCLE('',#655,32.);
#655 = AXIS2_PLACEMENT_3D('',#656,#657,#658);
#656 = CARTESIAN_POINT('',(0.,0.,973.78));
#657 = DIRECTION('',(0.,0.,1.));
#658 = DIRECTION('',(1.,0.,0.));
#659 = PCURVE('',#112,#660);
#660 = DEFINITIONAL_REPRESENTATION('',(#661),#665);
#661 = LINE('',#662,#663);
#662 = CARTESIAN_POINT('',(6.28318530718,-273.78));
#663 = VECTOR('',#664,1.);
#664 = DIRECTION('',(-1.,0.));
#665 = ( GEOMETRIC_REPRESENTATION_CONTEXT(2) 
PARAMETRIC_REPRESENTATION_CONTEXT() REPRESENTATION_CONTEXT('2D SPACE',''
  ) );
#666 = PCURVE('',#224,#667);
#667 = DEFINITIONAL_REPRESENTATION('',(#668),#672);
#668 = CIRCLE('',#669,32.);
#669 = AXIS2_PLACEMENT_2D('',#670,#671);
#670 = CARTESIAN_POINT('',(2.051160198809E-15,-2.796030478528E-15));
#671 = DIRECTION('',(1.,0.));
#672 = ( GEOMETRIC_REPRESENTATION_CONTEXT(2) 
PARAMETRIC_REPRESENTATION_CONTEXT() REPRESENTATION_CONTEXT('2D SPACE',''
  ) );
#673 = ADVANCED_FACE('',(#674),#166,.T.);
#674 = FACE_BOUND('',#675,.T.);
#675 = EDGE_LOOP('',(#676,#677,#700,#727));
#676 = ORIENTED_EDGE('',*,*,#151,.T.);
#677 = ORIENTED_EDGE('',*,*,#678,.T.);
#678 = EDGE_CURVE('',#129,#679,#681,.T.);
#679 = VERTEX_POINT('',#680);
#680 = CARTESIAN_POINT('',(47.853246443717,0.,709.126));
#681 = SEAM_CURVE('',#682,(#686,#693),.PCURVE_S1.);
#682 = LINE('',#683,#684);
#683 = CARTESIAN_POINT('',(47.705258105561,0.,704.563));
#684 = VECTOR('',#685,1.);
#685 = DIRECTION('',(3.241520243107E-02,0.,0.999474489245));
#686 = PCURVE('',#166,#687);
#687 = DEFINITIONAL_REPRESENTATION('',(#688),#692);
#688 = LINE('',#689,#690);
#689 = CARTESIAN_POINT('',(6.28318530718,0.));
#690 = VECTOR('',#691,1.);
#691 = DIRECTION('',(0.,1.));
#692 = ( GEOMETRIC_REPRESENTATION_CONTEXT(2) 
PARAMETRIC_REPRESENTATION_CONTEXT() REPRESENTATION_CONTEXT('2D SPACE',''
  ) );
#693 = PCURVE('',#166,#694);
#694 = DEFINITIONAL_REPRESENTATION('',(#695),#699);
#695 = LINE('',#696,#697);
#696 = CARTESIAN_POINT('',(4.138911435803E-13,0.));
#697 = VECTOR('',#698,1.);
#698 = DIRECTION('',(0.,1.));
#699 = ( GEOMETRIC_REPRESENTATION_CONTEXT(2) 
PARAMETRIC_REPRESENTATION_CONTEXT() REPRESENTATION_CONTEXT('2D SPACE',''
  ) );
#700 = ORIENTED_EDGE('',*,*,#701,.F.);
#701 = EDGE_CURVE('',#679,#679,#702,.T.);
#702 = SURFACE_CURVE('',#703,(#708,#715),.PCURVE_S1.);
#703 = CIRCLE('',#704,47.853246443717);
#704 = AXIS2_PLACEMENT_3D('',#705,#706,#707);
#705 = CARTESIAN_POINT('',(0.,0.,709.126));
#706 = DIRECTION('',(0.,0.,1.));
#707 = DIRECTION('',(1.,0.,0.));
#708 = PCURVE('',#166,#709);
#709 = DEFINITIONAL_REPRESENTATION('',(#710),#714);
#710 = LINE('',#711,#712);
#711 = CARTESIAN_POINT('',(0.,4.563));
#712 = VECTOR('',#713,1.);
#713 = DIRECTION('',(1.,0.));
#714 = ( GEOMETRIC_REPRESENTATION_CONTEXT(2) 
PARAMETRIC_REPRESENTATION_CONTEXT() REPRESENTATION_CONTEXT('2D SPACE',''
  ) );
#715 = PCURVE('',#716,#721);
#716 = CONICAL_SURFACE('',#717,47.853246443717,3.220353926369E-02);
#717 = AXIS2_PLACEMENT_3D('',#718,#719,#720);
#718 = CARTESIAN_POINT('',(0.,0.,709.126));
#719 = DIRECTION('',(0.,0.,1.));
#720 = DIRECTION('',(1.,0.,0.));
#721 = DEFINITIONAL_REPRESENTATION('',(#722),#726);
#722 = LINE('',#723,#724);
#723 = CARTESIAN_POINT('',(0.,0.));
#724 = VECTOR('',#725,1.);
#725 = DIRECTION('',(1.,0.));
#726 = ( GEOMETRIC_REPRESENTATION_CONTEXT(2) 
PARAMETRIC_REPRESENTATION_CONTEXT() REPRESENTATION_CONTEXT('2D SPACE',''
  ) );
#727 = ORIENTED_EDGE('',*,*,#678,.F.);
#728 = ADVANCED_FACE('',(#729),#224,.F.);
#729 = FACE_BOUND('',#730,.F.);
#730 = EDGE_LOOP('',(#731,#732,#733));
#731 = ORIENTED_EDGE('',*,*,#207,.T.);
#732 = ORIENTED_EDGE('',*,*,#652,.T.);
#733 = ORIENTED_EDGE('',*,*,#734,.F.);
#734 = EDGE_CURVE('',#208,#632,#735,.T.);
#735 = SURFACE_CURVE('',#736,(#740,#746),.PCURVE_S1.);
#736 = LINE('',#737,#738);
#737 = CARTESIAN_POINT('',(-21.25,31.666228067138,973.78));
#738 = VECTOR('',#739,1.);
#739 = DIRECTION('',(1.,0.,-0.));
#740 = PCURVE('',#224,#741);
#741 = DEFINITIONAL_REPRESENTATION('',(#742),#745);
#742 = B_SPLINE_CURVE_WITH_KNOTS('',1,(#743,#744),.UNSPECIFIED.,.F.,.F.,
  (2,2),(-10.75,53.25),.PIECEWISE_BEZIER_KNOTS.);
#743 = CARTESIAN_POINT('',(-32.,31.666228067138));
#744 = CARTESIAN_POINT('',(32.,31.666228067138));
#745 = ( GEOMETRIC_REPRESENTATION_CONTEXT(2) 
PARAMETRIC_REPRESENTATION_CONTEXT() REPRESENTATION_CONTEXT('2D SPACE',''
  ) );
#746 = PCURVE('',#251,#747);
#747 = DEFINITIONAL_REPRESENTATION('',(#748),#751);
#748 = B_SPLINE_CURVE_WITH_KNOTS('',1,(#749,#750),.UNSPECIFIED.,.F.,.F.,
  (2,2),(-10.75,53.25),.PIECEWISE_BEZIER_KNOTS.);
#749 = CARTESIAN_POINT('',(71.464719644354,-49.85272155212));
#750 = CARTESIAN_POINT('',(114.13959065042,-2.15727748652));
#751 = ( GEOMETRIC_REPRESENTATION_CONTEXT(2) 
PARAMETRIC_REPRESENTATION_CONTEXT() REPRESENTATION_CONTEXT('2D SPACE',''
  ) );
#752 = ADVANCED_FACE('',(#753),#251,.T.);
#753 = FACE_BOUND('',#754,.T.);
#754 = EDGE_LOOP('',(#755,#756,#787,#788));
#755 = ORIENTED_EDGE('',*,*,#236,.T.);
#756 = ORIENTED_EDGE('',*,*,#757,.F.);
#757 = EDGE_CURVE('',#263,#237,#758,.T.);
#758 = SURFACE_CURVE('',#759,(#771,#780),.PCURVE_S1.);
#759 = B_SPLINE_CURVE_WITH_KNOTS('',4,(#760,#761,#762,#763,#764,#765,
    #766,#767,#768,#769,#770),.UNSPECIFIED.,.F.,.F.,(5,3,3,5),(
    -4.311824390444,-2.382035538391E-14,85.,89.345160116542),
  .UNSPECIFIED.);
#760 = CARTESIAN_POINT('',(46.845182130748,31.666228067138,
    969.52722008696));
#761 = CARTESIAN_POINT('',(45.750547162985,31.666228067138,
    969.53035939519));
#762 = CARTESIAN_POINT('',(44.661471818606,31.666228067138,
    969.53348275896));
#763 = CARTESIAN_POINT('',(43.577956097611,31.666228067138,
    969.53659017825));
#764 = CARTESIAN_POINT('',(21.25,31.666228067138,969.60062461752));
#765 = CARTESIAN_POINT('',(-3.552713678801E-15,31.666228067138,
    969.66268148465));
#766 = CARTESIAN_POINT('',(-21.25,31.666228067138,969.72584821275));
#767 = CARTESIAN_POINT('',(-43.58629002913,31.666228067138,
    969.79340063849));
#768 = CARTESIAN_POINT('',(-44.67258339355,31.666228067138,
    969.79668595363));
#769 = CARTESIAN_POINT('',(-45.75888009324,31.666228067138,
    969.79997127886));
#770 = CARTESIAN_POINT('',(-46.84518012822,31.666228067138,
    969.80325661417));
#771 = PCURVE('',#251,#772);
#772 = DEFINITIONAL_REPRESENTATION('',(#773),#779);
#773 = B_SPLINE_CURVE_WITH_KNOTS('',4,(#774,#775,#776,#777,#778),
  .UNSPECIFIED.,.F.,.F.,(5,5),(-2.382035538391E-14,85.),
  .PIECEWISE_BEZIER_KNOTS.);
#774 = CARTESIAN_POINT('',(124.30099708947,2.840333829255));
#775 = CARTESIAN_POINT('',(110.08618911087,-12.95540762774));
#776 = CARTESIAN_POINT('',(95.870551005964,-28.75040634015));
#777 = CARTESIAN_POINT('',(81.654085786811,-44.54466500297));
#778 = CARTESIAN_POINT('',(67.436800509643,-60.33818992968));
#779 = ( GEOMETRIC_REPRESENTATION_CONTEXT(2) 
PARAMETRIC_REPRESENTATION_CONTEXT() REPRESENTATION_CONTEXT('2D SPACE',''
  ) );
#780 = PCURVE('',#486,#781);
#781 = DEFINITIONAL_REPRESENTATION('',(#782),#786);
#782 = LINE('',#783,#784);
#783 = CARTESIAN_POINT('',(0.,0.));
#784 = VECTOR('',#785,1.);
#785 = DIRECTION('',(0.,1.));
#786 = ( GEOMETRIC_REPRESENTATION_CONTEXT(2) 
PARAMETRIC_REPRESENTATION_CONTEXT() REPRESENTATION_CONTEXT('2D SPACE',''
  ) );
#787 = ORIENTED_EDGE('',*,*,#631,.F.);
#788 = ORIENTED_EDGE('',*,*,#734,.F.);
#789 = ADVANCED_FACE('',(#790),#486,.F.);
#790 = FACE_BOUND('',#791,.F.);
#791 = EDGE_LOOP('',(#792,#793));
#792 = ORIENTED_EDGE('',*,*,#262,.F.);
#793 = ORIENTED_EDGE('',*,*,#757,.F.);
#794 = ADVANCED_FACE('',(#795),#716,.T.);
#795 = FACE_BOUND('',#796,.T.);
#796 = EDGE_LOOP('',(#797,#798,#821,#848));
#797 = ORIENTED_EDGE('',*,*,#701,.T.);
#798 = ORIENTED_EDGE('',*,*,#799,.T.);
#799 = EDGE_CURVE('',#679,#800,#802,.T.);
#800 = VERTEX_POINT('',#801);
#801 = CARTESIAN_POINT('',(48.000242011688,0.,713.689));
#802 = SEAM_CURVE('',#803,(#807,#814),.PCURVE_S1.);
#803 = LINE('',#804,#805);
#804 = CARTESIAN_POINT('',(47.853246443717,0.,709.126));
#805 = VECTOR('',#806,1.);
#806 = DIRECTION('',(3.219797334255E-02,0.,0.999481510841));
#807 = PCURVE('',#716,#808);
#808 = DEFINITIONAL_REPRESENTATION('',(#809),#813);
#809 = LINE('',#810,#811);
#810 = CARTESIAN_POINT('',(6.28318530718,0.));
#811 = VECTOR('',#812,1.);
#812 = DIRECTION('',(0.,1.));
#813 = ( GEOMETRIC_REPRESENTATION_CONTEXT(2) 
PARAMETRIC_REPRESENTATION_CONTEXT() REPRESENTATION_CONTEXT('2D SPACE',''
  ) );
#814 = PCURVE('',#716,#815);
#815 = DEFINITIONAL_REPRESENTATION('',(#816),#820);
#816 = LINE('',#817,#818);
#817 = CARTESIAN_POINT('',(4.138911435803E-13,0.));
#818 = VECTOR('',#819,1.);
#819 = DIRECTION('',(0.,1.));
#820 = ( GEOMETRIC_REPRESENTATION_CONTEXT(2) 
PARAMETRIC_REPRESENTATION_CONTEXT() REPRESENTATION_CONTEXT('2D SPACE',''
  ) );
#821 = ORIENTED_EDGE('',*,*,#822,.F.);
#822 = EDGE_CURVE('',#800,#800,#823,.T.);
#823 = SURFACE_CURVE('',#824,(#829,#836),.PCURVE_S1.);
#824 = CIRCLE('',#825,48.000242011688);
#825 = AXIS2_PLACEMENT_3D('',#826,#827,#828);
#826 = CARTESIAN_POINT('',(0.,0.,713.689));
#827 = DIRECTION('',(0.,0.,1.));
#828 = DIRECTION('',(1.,0.,0.));
#829 = PCURVE('',#716,#830);
#830 = DEFINITIONAL_REPRESENTATION('',(#831),#835);
#831 = LINE('',#832,#833);
#832 = CARTESIAN_POINT('',(0.,4.563));
#833 = VECTOR('',#834,1.);
#834 = DIRECTION('',(1.,0.));
#835 = ( GEOMETRIC_REPRESENTATION_CONTEXT(2) 
PARAMETRIC_REPRESENTATION_CONTEXT() REPRESENTATION_CONTEXT('2D SPACE',''
  ) );
#836 = PCURVE('',#837,#842);
#837 = CONICAL_SURFACE('',#838,48.000242011688,3.197448962029E-02);
#838 = AXIS2_PLACEMENT_3D('',#839,#840,#841);
#839 = CARTESIAN_POINT('',(0.,0.,713.689));
#840 = DIRECTION('',(0.,0.,1.));
#841 = DIRECTION('',(1.,0.,0.));
#842 = DEFINITIONAL_REPRESENTATION('',(#843),#847);
#843 = LINE('',#844,#845);
#844 = CARTESIAN_POINT('',(0.,0.));
#845 = VECTOR('',#846,1.);
#846 = DIRECTION('',(1.,0.));
#847 = ( GEOMETRIC_REPRESENTATION_CONTEXT(2) 
PARAMETRIC_REPRESENTATION_CONTEXT() REPRESENTATION_CONTEXT('2D SPACE',''
  ) );
#848 = ORIENTED_EDGE('',*,*,#799,.F.);
#849 = ADVANCED_FACE('',(#850),#837,.T.);
#850 = FACE_BOUND('',#851,.T.);
#851 = EDGE_LOOP('',(#852,#853,#876,#903));
#852 = ORIENTED_EDGE('',*,*,#822,.T.);
#853 = ORIENTED_EDGE('',*,*,#854,.T.);
#854 = EDGE_CURVE('',#800,#855,#857,.T.);
#855 = VERTEX_POINT('',#856);
#856 = CARTESIAN_POINT('',(48.146191349192,0.,718.252));
#857 = SEAM_CURVE('',#858,(#862,#869),.PCURVE_S1.);
#858 = LINE('',#859,#860);
#859 = CARTESIAN_POINT('',(48.000242011688,0.,713.689));
#860 = VECTOR('',#861,1.);
#861 = DIRECTION('',(3.196904161629E-02,0.,0.999488859557));
#862 = PCURVE('',#837,#863);
#863 = DEFINITIONAL_REPRESENTATION('',(#864),#868);
#864 = LINE('',#865,#866);
#865 = CARTESIAN_POINT('',(6.28318530718,0.));
#866 = VECTOR('',#867,1.);
#867 = DIRECTION('',(0.,1.));
#868 = ( GEOMETRIC_REPRESENTATION_CONTEXT(2) 
PARAMETRIC_REPRESENTATION_CONTEXT() REPRESENTATION_CONTEXT('2D SPACE',''
  ) );
#869 = PCURVE('',#837,#870);
#870 = DEFINITIONAL_REPRESENTATION('',(#871),#875);
#871 = LINE('',#872,#873);
#872 = CARTESIAN_POINT('',(4.138911435803E-13,0.));
#873 = VECTOR('',#874,1.);
#874 = DIRECTION('',(0.,1.));
#875 = ( GEOMETRIC_REPRESENTATION_CONTEXT(2) 
PARAMETRIC_REPRESENTATION_CONTEXT() REPRESENTATION_CONTEXT('2D SPACE',''
  ) );
#876 = ORIENTED_EDGE('',*,*,#877,.F.);
#877 = EDGE_CURVE('',#855,#855,#878,.T.);
#878 = SURFACE_CURVE('',#879,(#884,#891),.PCURVE_S1.);
#879 = CIRCLE('',#880,48.146191349192);
#880 = AXIS2_PLACEMENT_3D('',#881,#882,#883);
#881 = CARTESIAN_POINT('',(0.,0.,718.252));
#882 = DIRECTION('',(0.,0.,1.));
#883 = DIRECTION('',(1.,0.,0.));
#884 = PCURVE('',#837,#885);
#885 = DEFINITIONAL_REPRESENTATION('',(#886),#890);
#886 = LINE('',#887,#888);
#887 = CARTESIAN_POINT('',(0.,4.563));
#888 = VECTOR('',#889,1.);
#889 = DIRECTION('',(1.,0.));
#890 = ( GEOMETRIC_REPRESENTATION_CONTEXT(2) 
PARAMETRIC_REPRESENTATION_CONTEXT() REPRESENTATION_CONTEXT('2D SPACE',''
  ) );
#891 = PCURVE('',#892,#897);
#892 = CONICAL_SURFACE('',#893,48.146191349192,3.173373238161E-02);
#893 = AXIS2_PLACEMENT_3D('',#894,#895,#896);
#894 = CARTESIAN_POINT('',(0.,0.,718.252));
#895 = DIRECTION('',(0.,0.,1.));
#896 = DIRECTION('',(1.,0.,0.));
#897 = DEFINITIONAL_REPRESENTATION('',(#898),#902);
#898 = LINE('',#899,#900);
#899 = CARTESIAN_POINT('',(0.,0.));
#900 = VECTOR('',#901,1.);
#901 = DIRECTION('',(1.,0.));
#902 = ( GEOMETRIC_REPRESENTATION_CONTEXT(2) 
PARAMETRIC_REPRESENTATION_CONTEXT() REPRESENTATION_CONTEXT('2D SPACE',''
  ) );
#903 = ORIENTED_EDGE('',*,*,#854,.F.);
#904 = ADVANCED_FACE('',(#905),#892,.T.);
#905 = FACE_BOUND('',#906,.T.);
#906 = EDGE_LOOP('',(#907,#908,#931,#958));
#907 = ORIENTED_EDGE('',*,*,#877,.T.);
#908 = ORIENTED_EDGE('',*,*,#909,.T.);
#909 = EDGE_CURVE('',#855,#910,#912,.T.);
#910 = VERTEX_POINT('',#911);
#911 = CARTESIAN_POINT('',(48.29104099595,0.,722.815));
#912 = SEAM_CURVE('',#913,(#917,#924),.PCURVE_S1.);
#913 = LINE('',#914,#915);
#914 = CARTESIAN_POINT('',(48.146191349192,0.,718.252));
#915 = VECTOR('',#916,1.);
#916 = DIRECTION('',(3.172840651417E-02,0.,0.999496527368));
#917 = PCURVE('',#892,#918);
#918 = DEFINITIONAL_REPRESENTATION('',(#919),#923);
#919 = LINE('',#920,#921);
#920 = CARTESIAN_POINT('',(6.28318530718,0.));
#921 = VECTOR('',#922,1.);
#922 = DIRECTION('',(0.,1.));
#923 = ( GEOMETRIC_REPRESENTATION_CONTEXT(2) 
PARAMETRIC_REPRESENTATION_CONTEXT() REPRESENTATION_CONTEXT('2D SPACE',''
  ) );
#924 = PCURVE('',#892,#925);
#925 = DEFINITIONAL_REPRESENTATION('',(#926),#930);
#926 = LINE('',#927,#928);
#927 = CARTESIAN_POINT('',(4.138911435803E-13,0.));
#928 = VECTOR('',#929,1.);
#929 = DIRECTION('',(0.,1.));
#930 = ( GEOMETRIC_REPRESENTATION_CONTEXT(2) 
PARAMETRIC_REPRESENTATION_CONTEXT() REPRESENTATION_CONTEXT('2D SPACE',''
  ) );
#931 = ORIENTED_EDGE('',*,*,#932,.F.);
#932 = EDGE_CURVE('',#910,#910,#933,.T.);
#933 = SURFACE_CURVE('',#934,(#939,#946),.PCURVE_S1.);
#934 = CIRCLE('',#935,48.29104099595);
#935 = AXIS2_PLACEMENT_3D('',#936,#937,#938);
#936 = CARTESIAN_POINT('',(0.,0.,722.815));
#937 = DIRECTION('',(0.,0.,1.));
#938 = DIRECTION('',(1.,0.,0.));
#939 = PCURVE('',#892,#940);
#940 = DEFINITIONAL_REPRESENTATION('',(#941),#945);
#941 = LINE('',#942,#943);
#942 = CARTESIAN_POINT('',(0.,4.563));
#943 = VECTOR('',#944,1.);
#944 = DIRECTION('',(1.,0.));
#945 = ( GEOMETRIC_REPRESENTATION_CONTEXT(2) 
PARAMETRIC_REPRESENTATION_CONTEXT() REPRESENTATION_CONTEXT('2D SPACE',''
  ) );
#946 = PCURVE('',#947,#952);
#947 = CONICAL_SURFACE('',#948,48.29104099595,3.148126703682E-02);
#948 = AXIS2_PLACEMENT_3D('',#949,#950,#951);
#949 = CARTESIAN_POINT('',(0.,0.,722.815));
#950 = DIRECTION('',(0.,0.,1.));
#951 = DIRECTION('',(1.,0.,0.));
#952 = DEFINITIONAL_REPRESENTATION('',(#953),#957);
#953 = LINE('',#954,#955);
#954 = CARTESIAN_POINT('',(0.,0.));
#955 = VECTOR('',#956,1.);
#956 = DIRECTION('',(1.,0.));
#957 = ( GEOMETRIC_REPRESENTATION_CONTEXT(2) 
PARAMETRIC_REPRESENTATION_CONTEXT() REPRESENTATION_CONTEXT('2D SPACE',''
  ) );
#958 = ORIENTED_EDGE('',*,*,#909,.F.);
#959 = ADVANCED_FACE('',(#960),#947,.T.);
#960 = FACE_BOUND('',#961,.T.);
#961 = EDGE_LOOP('',(#962,#963,#986,#1013));
#962 = ORIENTED_EDGE('',*,*,#932,.T.);
#963 = ORIENTED_EDGE('',*,*,#964,.T.);
#964 = EDGE_CURVE('',#910,#965,#967,.T.);
#965 = VERTEX_POINT('',#966);
#966 = CARTESIAN_POINT('',(48.434737491679,0.,727.378));
#967 = SEAM_CURVE('',#968,(#972,#979),.PCURVE_S1.);
#968 = LINE('',#969,#970);
#969 = CARTESIAN_POINT('',(48.29104099595,0.,722.815));
#970 = VECTOR('',#971,1.);
#971 = DIRECTION('',(3.147606727042E-02,0.,0.999504505837));
#972 = PCURVE('',#947,#973);
#973 = DEFINITIONAL_REPRESENTATION('',(#974),#978);
#974 = LINE('',#975,#976);
#975 = CARTESIAN_POINT('',(6.28318530718,0.));
#976 = VECTOR('',#977,1.);
#977 = DIRECTION('',(0.,1.));
#978 = ( GEOMETRIC_REPRESENTATION_CONTEXT(2) 
PARAMETRIC_REPRESENTATION_CONTEXT() REPRESENTATION_CONTEXT('2D SPACE',''
  ) );
#979 = PCURVE('',#947,#980);
#980 = DEFINITIONAL_REPRESENTATION('',(#981),#985);
#981 = LINE('',#982,#983);
#982 = CARTESIAN_POINT('',(4.138911435803E-13,0.));
#983 = VECTOR('',#984,1.);
#984 = DIRECTION('',(0.,1.));
#985 = ( GEOMETRIC_REPRESENTATION_CONTEXT(2) 
PARAMETRIC_REPRESENTATION_CONTEXT() REPRESENTATION_CONTEXT('2D SPACE',''
  ) );
#986 = ORIENTED_EDGE('',*,*,#987,.F.);
#987 = EDGE_CURVE('',#965,#965,#988,.T.);
#988 = SURFACE_CURVE('',#989,(#994,#1001),.PCURVE_S1.);
#989 = CIRCLE('',#990,48.434737491679);
#990 = AXIS2_PLACEMENT_3D('',#991,#992,#993);
#991 = CARTESIAN_POINT('',(0.,0.,727.378));
#992 = DIRECTION('',(0.,0.,1.));
#993 = DIRECTION('',(1.,0.,0.));
#994 = PCURVE('',#947,#995);
#995 = DEFINITIONAL_REPRESENTATION('',(#996),#1000);
#996 = LINE('',#997,#998);
#997 = CARTESIAN_POINT('',(0.,4.563));
#998 = VECTOR('',#999,1.);
#999 = DIRECTION('',(1.,0.));
#1000 = ( GEOMETRIC_REPRESENTATION_CONTEXT(2) 
PARAMETRIC_REPRESENTATION_CONTEXT() REPRESENTATION_CONTEXT('2D SPACE',''
  ) );
#1001 = PCURVE('',#1002,#1007);
#1002 = CONICAL_SURFACE('',#1003,48.434737491679,3.121709305754E-02);
#1003 = AXIS2_PLACEMENT_3D('',#1004,#1005,#1006);
#1004 = CARTESIAN_POINT('',(0.,0.,727.378));
#1005 = DIRECTION('',(0.,0.,1.));
#1006 = DIRECTION('',(1.,0.,0.));
#1007 = DEFINITIONAL_REPRESENTATION('',(#1008),#1012);
#1008 = LINE('',#1009,#1010);
#1009 = CARTESIAN_POINT('',(0.,0.));
#1010 = VECTOR('',#1011,1.);
#1011 = DIRECTION('',(1.,0.));
#1012 = ( GEOMETRIC_REPRESENTATION_CONTEXT(2) 
PARAMETRIC_REPRESENTATION_CONTEXT() REPRESENTATION_CONTEXT('2D SPACE',''
  ) );
#1013 = ORIENTED_EDGE('',*,*,#964,.F.);
#1014 = ADVANCED_FACE('',(#1015),#1002,.T.);
#1015 = FACE_BOUND('',#1016,.T.);
#1016 = EDGE_LOOP('',(#1017,#1018,#1041,#1068));
#1017 = ORIENTED_EDGE('',*,*,#987,.T.);
#1018 = ORIENTED_EDGE('',*,*,#1019,.T.);
#1019 = EDGE_CURVE('',#965,#1020,#1022,.T.);
#1020 = VERTEX_POINT('',#1021);
#1021 = CARTESIAN_POINT('',(48.5772273761,0.,731.941));
#1022 = SEAM_CURVE('',#1023,(#1027,#1034),.PCURVE_S1.);
#1023 = LINE('',#1024,#1025);
#1024 = CARTESIAN_POINT('',(48.434737491679,0.,727.378));
#1025 = VECTOR('',#1026,1.);
#1026 = DIRECTION('',(3.121202309242E-02,0.,0.999512786119));
#1027 = PCURVE('',#1002,#1028);
#1028 = DEFINITIONAL_REPRESENTATION('',(#1029),#1033);
#1029 = LINE('',#1030,#1031);
#1030 = CARTESIAN_POINT('',(6.28318530718,0.));
#1031 = VECTOR('',#1032,1.);
#1032 = DIRECTION('',(0.,1.));
#1033 = ( GEOMETRIC_REPRESENTATION_CONTEXT(2) 
PARAMETRIC_REPRESENTATION_CONTEXT() REPRESENTATION_CONTEXT('2D SPACE',''
  ) );
#1034 = PCURVE('',#1002,#1035);
#1035 = DEFINITIONAL_REPRESENTATION('',(#1036),#1040);
#1036 = LINE('',#1037,#1038);
#1037 = CARTESIAN_POINT('',(4.138911435803E-13,0.));
#1038 = VECTOR('',#1039,1.);
#1039 = DIRECTION('',(0.,1.));
#1040 = ( GEOMETRIC_REPRESENTATION_CONTEXT(2) 
PARAMETRIC_REPRESENTATION_CONTEXT() REPRESENTATION_CONTEXT('2D SPACE',''
  ) );
#1041 = ORIENTED_EDGE('',*,*,#1042,.F.);
#1042 = EDGE_CURVE('',#1020,#1020,#1043,.T.);
#1043 = SURFACE_CURVE('',#1044,(#1049,#1056),.PCURVE_S1.);
#1044 = CIRCLE('',#1045,48.5772273761);
#1045 = AXIS2_PLACEMENT_3D('',#1046,#1047,#1048);
#1046 = CARTESIAN_POINT('',(0.,0.,731.941));
#1047 = DIRECTION('',(0.,0.,1.));
#1048 = DIRECTION('',(1.,0.,0.));
#1049 = PCURVE('',#1002,#1050);
#1050 = DEFINITIONAL_REPRESENTATION('',(#1051),#1055);
#1051 = LINE('',#1052,#1053);
#1052 = CARTESIAN_POINT('',(0.,4.563));
#1053 = VECTOR('',#1054,1.);
#1054 = DIRECTION('',(1.,0.));
#1055 = ( GEOMETRIC_REPRESENTATION_CONTEXT(2) 
PARAMETRIC_REPRESENTATION_CONTEXT() REPRESENTATION_CONTEXT('2D SPACE',''
  ) );
#1056 = PCURVE('',#1057,#1062);
#1057 = CONICAL_SURFACE('',#1058,48.5772273761,3.094120989885E-02);
#1058 = AXIS2_PLACEMENT_3D('',#1059,#1060,#1061);
#1059 = CARTESIAN_POINT('',(0.,0.,731.941));
#1060 = DIRECTION('',(0.,0.,1.));
#1061 = DIRECTION('',(1.,0.,0.));
#1062 = DEFINITIONAL_REPRESENTATION('',(#1063),#1067);
#1063 = LINE('',#1064,#1065);
#1064 = CARTESIAN_POINT('',(0.,0.));
#1065 = VECTOR('',#1066,1.);
#1066 = DIRECTION('',(1.,0.));
#1067 = ( GEOMETRIC_REPRESENTATION_CONTEXT(2) 
PARAMETRIC_REPRESENTATION_CONTEXT() REPRESENTATION_CONTEXT('2D SPACE',''
  ) );
#1068 = ORIENTED_EDGE('',*,*,#1019,.F.);
#1069 = ADVANCED_FACE('',(#1070),#1057,.T.);
#1070 = FACE_BOUND('',#1071,.T.);
#1071 = EDGE_LOOP('',(#1072,#1073,#1096,#1123));
#1072 = ORIENTED_EDGE('',*,*,#1042,.T.);
#1073 = ORIENTED_EDGE('',*,*,#1074,.T.);
#1074 = EDGE_CURVE('',#1020,#1075,#1077,.T.);
#1075 = VERTEX_POINT('',#1076);
#1076 = CARTESIAN_POINT('',(48.718457188931,0.,736.504));
#1077 = SEAM_CURVE('',#1078,(#1082,#1089),.PCURVE_S1.);
#1078 = LINE('',#1079,#1080);
#1079 = CARTESIAN_POINT('',(48.5772273761,0.,731.941));
#1080 = VECTOR('',#1081,1.);
#1081 = DIRECTION('',(3.093627316354E-02,0.,0.999521358953));
#1082 = PCURVE('',#1057,#1083);
#1083 = DEFINITIONAL_REPRESENTATION('',(#1084),#1088);
#1084 = LINE('',#1085,#1086);
#1085 = CARTESIAN_POINT('',(6.28318530718,0.));
#1086 = VECTOR('',#1087,1.);
#1087 = DIRECTION('',(0.,1.));
#1088 = ( GEOMETRIC_REPRESENTATION_CONTEXT(2) 
PARAMETRIC_REPRESENTATION_CONTEXT() REPRESENTATION_CONTEXT('2D SPACE',''
  ) );
#1089 = PCURVE('',#1057,#1090);
#1090 = DEFINITIONAL_REPRESENTATION('',(#1091),#1095);
#1091 = LINE('',#1092,#1093);
#1092 = CARTESIAN_POINT('',(4.138911435803E-13,0.));
#1093 = VECTOR('',#1094,1.);
#1094 = DIRECTION('',(0.,1.));
#1095 = ( GEOMETRIC_REPRESENTATION_CONTEXT(2) 
PARAMETRIC_REPRESENTATION_CONTEXT() REPRESENTATION_CONTEXT('2D SPACE',''
  ) );
#1096 = ORIENTED_EDGE('',*,*,#1097,.F.);
#1097 = EDGE_CURVE('',#1075,#1075,#1098,.T.);
#1098 = SURFACE_CURVE('',#1099,(#1104,#1111),.PCURVE_S1.);
#1099 = CIRCLE('',#1100,48.718457188931);
#1100 = AXIS2_PLACEMENT_3D('',#1101,#1102,#1103);
#1101 = CARTESIAN_POINT('',(0.,0.,736.504));
#1102 = DIRECTION('',(0.,0.,1.));
#1103 = DIRECTION('',(1.,0.,0.));
#1104 = PCURVE('',#1057,#1105);
#1105 = DEFINITIONAL_REPRESENTATION('',(#1106),#1110);
#1106 = LINE('',#1107,#1108);
#1107 = CARTESIAN_POINT('',(0.,4.563));
#1108 = VECTOR('',#1109,1.);
#1109 = DIRECTION('',(1.,0.));
#1110 = ( GEOMETRIC_REPRESENTATION_CONTEXT(2) 
PARAMETRIC_REPRESENTATION_CONTEXT() REPRESENTATION_CONTEXT('2D SPACE',''
  ) );
#1111 = PCURVE('',#1112,#1117);
#1112 = CONICAL_SURFACE('',#1113,48.718457188931,3.065361700041E-02);
#1113 = AXIS2_PLACEMENT_3D('',#1114,#1115,#1116);
#1114 = CARTESIAN_POINT('',(0.,0.,736.504));
#1115 = DIRECTION('',(0.,0.,1.));
#1116 = DIRECTION('',(1.,0.,0.));
#1117 = DEFINITIONAL_REPRESENTATION('',(#1118),#1122);
#1118 = LINE('',#1119,#1120);
#1119 = CARTESIAN_POINT('',(0.,0.));
#1120 = VECTOR('',#1121,1.);
#1121 = DIRECTION('',(1.,0.));
#1122 = ( GEOMETRIC_REPRESENTATION_CONTEXT(2) 
PARAMETRIC_REPRESENTATION_CONTEXT() REPRESENTATION_CONTEXT('2D SPACE',''
  ) );
#1123 = ORIENTED_EDGE('',*,*,#1074,.F.);
#1124 = ADVANCED_FACE('',(#1125),#1112,.T.);
#1125 = FACE_BOUND('',#1126,.T.);
#1126 = EDGE_LOOP('',(#1127,#1128,#1151,#1178));
#1127 = ORIENTED_EDGE('',*,*,#1097,.T.);
#1128 = ORIENTED_EDGE('',*,*,#1129,.T.);
#1129 = EDGE_CURVE('',#1075,#1130,#1132,.T.);
#1130 = VERTEX_POINT('',#1131);
#1131 = CARTESIAN_POINT('',(48.858373469892,0.,741.067));
#1132 = SEAM_CURVE('',#1133,(#1137,#1144),.PCURVE_S1.);
#1133 = LINE('',#1134,#1135);
#1134 = CARTESIAN_POINT('',(48.718457188931,0.,736.504));
#1135 = VECTOR('',#1136,1.);
#1136 = DIRECTION('',(3.064881664353E-02,0.,0.99953021467));
#1137 = PCURVE('',#1112,#1138);
#1138 = DEFINITIONAL_REPRESENTATION('',(#1139),#1143);
#1139 = LINE('',#1140,#1141);
#1140 = CARTESIAN_POINT('',(6.28318530718,0.));
#1141 = VECTOR('',#1142,1.);
#1142 = DIRECTION('',(0.,1.));
#1143 = ( GEOMETRIC_REPRESENTATION_CONTEXT(2) 
PARAMETRIC_REPRESENTATION_CONTEXT() REPRESENTATION_CONTEXT('2D SPACE',''
  ) );
#1144 = PCURVE('',#1112,#1145);
#1145 = DEFINITIONAL_REPRESENTATION('',(#1146),#1150);
#1146 = LINE('',#1147,#1148);
#1147 = CARTESIAN_POINT('',(4.138911435803E-13,0.));
#1148 = VECTOR('',#1149,1.);
#1149 = DIRECTION('',(0.,1.));
#1150 = ( GEOMETRIC_REPRESENTATION_CONTEXT(2) 
PARAMETRIC_REPRESENTATION_CONTEXT() REPRESENTATION_CONTEXT('2D SPACE',''
  ) );
#1151 = ORIENTED_EDGE('',*,*,#1152,.F.);
#1152 = EDGE_CURVE('',#1130,#1130,#1153,.T.);
#1153 = SURFACE_CURVE('',#1154,(#1159,#1166),.PCURVE_S1.);
#1154 = CIRCLE('',#1155,48.858373469892);
#1155 = AXIS2_PLACEMENT_3D('',#1156,#1157,#1158);
#1156 = CARTESIAN_POINT('',(0.,0.,741.067));
#1157 = DIRECTION('',(0.,0.,1.));
#1158 = DIRECTION('',(1.,0.,0.));
#1159 = PCURVE('',#1112,#1160);
#1160 = DEFINITIONAL_REPRESENTATION('',(#1161),#1165);
#1161 = LINE('',#1162,#1163);
#1162 = CARTESIAN_POINT('',(0.,4.563));
#1163 = VECTOR('',#1164,1.);
#1164 = DIRECTION('',(1.,0.));
#1165 = ( GEOMETRIC_REPRESENTATION_CONTEXT(2) 
PARAMETRIC_REPRESENTATION_CONTEXT() REPRESENTATION_CONTEXT('2D SPACE',''
  ) );
#1166 = PCURVE('',#1167,#1172);
#1167 = CONICAL_SURFACE('',#1168,48.858373469892,3.035431378752E-02);
#1168 = AXIS2_PLACEMENT_3D('',#1169,#1170,#1171);
#1169 = CARTESIAN_POINT('',(0.,0.,741.067));
#1170 = DIRECTION('',(0.,0.,1.));
#1171 = DIRECTION('',(1.,0.,0.));
#1172 = DEFINITIONAL_REPRESENTATION('',(#1173),#1177);
#1173 = LINE('',#1174,#1175);
#1174 = CARTESIAN_POINT('',(0.,0.));
#1175 = VECTOR('',#1176,1.);
#1176 = DIRECTION('',(1.,0.));
#1177 = ( GEOMETRIC_REPRESENTATION_CONTEXT(2) 
PARAMETRIC_REPRESENTATION_CONTEXT() REPRESENTATION_CONTEXT('2D SPACE',''
  ) );
#1178 = ORIENTED_EDGE('',*,*,#1129,.F.);
#1179 = ADVANCED_FACE('',(#1180),#1167,.T.);
#1180 = FACE_BOUND('',#1181,.T.);
#1181 = EDGE_LOOP('',(#1182,#1183,#1206,#1233));
#1182 = ORIENTED_EDGE('',*,*,#1152,.T.);
#1183 = ORIENTED_EDGE('',*,*,#1184,.T.);
#1184 = EDGE_CURVE('',#1130,#1185,#1187,.T.);
#1185 = VERTEX_POINT('',#1186);
#1186 = CARTESIAN_POINT('',(48.996922758701,0.,745.63));
#1187 = SEAM_CURVE('',#1188,(#1192,#1199),.PCURVE_S1.);
#1188 = LINE('',#1189,#1190);
#1189 = CARTESIAN_POINT('',(48.858373469892,0.,741.067));
#1190 = VECTOR('',#1191,1.);
#1191 = DIRECTION('',(3.034965267057E-02,0.,0.999539343189));
#1192 = PCURVE('',#1167,#1193);
#1193 = DEFINITIONAL_REPRESENTATION('',(#1194),#1198);
#1194 = LINE('',#1195,#1196);
#1195 = CARTESIAN_POINT('',(6.28318530718,0.));
#1196 = VECTOR('',#1197,1.);
#1197 = DIRECTION('',(0.,1.));
#1198 = ( GEOMETRIC_REPRESENTATION_CONTEXT(2) 
PARAMETRIC_REPRESENTATION_CONTEXT() REPRESENTATION_CONTEXT('2D SPACE',''
  ) );
#1199 = PCURVE('',#1167,#1200);
#1200 = DEFINITIONAL_REPRESENTATION('',(#1201),#1205);
#1201 = LINE('',#1202,#1203);
#1202 = CARTESIAN_POINT('',(4.138911435803E-13,0.));
#1203 = VECTOR('',#1204,1.);
#1204 = DIRECTION('',(0.,1.));
#1205 = ( GEOMETRIC_REPRESENTATION_CONTEXT(2) 
PARAMETRIC_REPRESENTATION_CONTEXT() REPRESENTATION_CONTEXT('2D SPACE',''
  ) );
#1206 = ORIENTED_EDGE('',*,*,#1207,.F.);
#1207 = EDGE_CURVE('',#1185,#1185,#1208,.T.);
#1208 = SURFACE_CURVE('',#1209,(#1214,#1221),.PCURVE_S1.);
#1209 = CIRCLE('',#1210,48.996922758701);
#1210 = AXIS2_PLACEMENT_3D('',#1211,#1212,#1213);
#1211 = CARTESIAN_POINT('',(0.,0.,745.63));
#1212 = DIRECTION('',(0.,0.,1.));
#1213 = DIRECTION('',(1.,0.,0.));
#1214 = PCURVE('',#1167,#1215);
#1215 = DEFINITIONAL_REPRESENTATION('',(#1216),#1220);
#1216 = LINE('',#1217,#1218);
#1217 = CARTESIAN_POINT('',(0.,4.563));
#1218 = VECTOR('',#1219,1.);
#1219 = DIRECTION('',(1.,0.));
#1220 = ( GEOMETRIC_REPRESENTATION_CONTEXT(2) 
PARAMETRIC_REPRESENTATION_CONTEXT() REPRESENTATION_CONTEXT('2D SPACE',''
  ) );
#1221 = PCURVE('',#1222,#1227);
#1222 = CONICAL_SURFACE('',#1223,48.996922758701,3.00432996724E-02);
#1223 = AXIS2_PLACEMENT_3D('',#1224,#1225,#1226);
#1224 = CARTESIAN_POINT('',(0.,0.,745.63));
#1225 = DIRECTION('',(0.,0.,1.));
#1226 = DIRECTION('',(1.,0.,0.));
#1227 = DEFINITIONAL_REPRESENTATION('',(#1228),#1232);
#1228 = LINE('',#1229,#1230);
#1229 = CARTESIAN_POINT('',(0.,0.));
#1230 = VECTOR('',#1231,1.);
#1231 = DIRECTION('',(1.,0.));
#1232 = ( GEOMETRIC_REPRESENTATION_CONTEXT(2) 
PARAMETRIC_REPRESENTATION_CONTEXT() REPRESENTATION_CONTEXT('2D SPACE',''
  ) );
#1233 = ORIENTED_EDGE('',*,*,#1184,.F.);
#1234 = ADVANCED_FACE('',(#1235),#1222,.T.);
#1235 = FACE_BOUND('',#1236,.T.);
#1236 = EDGE_LOOP('',(#1237,#1238,#1261,#1288));
#1237 = ORIENTED_EDGE('',*,*,#1207,.T.);
#1238 = ORIENTED_EDGE('',*,*,#1239,.T.);
#1239 = EDGE_CURVE('',#1185,#1240,#1242,.T.);
#1240 = VERTEX_POINT('',#1241);
#1241 = CARTESIAN_POINT('',(49.134051595078,0.,750.193));
#1242 = SEAM_CURVE('',#1243,(#1247,#1254),.PCURVE_S1.);
#1243 = LINE('',#1244,#1245);
#1244 = CARTESIAN_POINT('',(48.996922758701,0.,745.63));
#1245 = VECTOR('',#1246,1.);
#1246 = DIRECTION('',(3.003878036331E-02,0.,0.999548734017));
#1247 = PCURVE('',#1222,#1248);
#1248 = DEFINITIONAL_REPRESENTATION('',(#1249),#1253);
#1249 = LINE('',#1250,#1251);
#1250 = CARTESIAN_POINT('',(6.28318530718,0.));
#1251 = VECTOR('',#1252,1.);
#1252 = DIRECTION('',(0.,1.));
#1253 = ( GEOMETRIC_REPRESENTATION_CONTEXT(2) 
PARAMETRIC_REPRESENTATION_CONTEXT() REPRESENTATION_CONTEXT('2D SPACE',''
  ) );
#1254 = PCURVE('',#1222,#1255);
#1255 = DEFINITIONAL_REPRESENTATION('',(#1256),#1260);
#1256 = LINE('',#1257,#1258);
#1257 = CARTESIAN_POINT('',(4.138911435803E-13,0.));
#1258 = VECTOR('',#1259,1.);
#1259 = DIRECTION('',(0.,1.));
#1260 = ( GEOMETRIC_REPRESENTATION_CONTEXT(2) 
PARAMETRIC_REPRESENTATION_CONTEXT() REPRESENTATION_CONTEXT('2D SPACE',''
  ) );
#1261 = ORIENTED_EDGE('',*,*,#1262,.F.);
#1262 = EDGE_CURVE('',#1240,#1240,#1263,.T.);
#1263 = SURFACE_CURVE('',#1264,(#1269,#1276),.PCURVE_S1.);
#1264 = CIRCLE('',#1265,49.134051595078);
#1265 = AXIS2_PLACEMENT_3D('',#1266,#1267,#1268);
#1266 = CARTESIAN_POINT('',(0.,0.,750.193));
#1267 = DIRECTION('',(0.,0.,1.));
#1268 = DIRECTION('',(1.,0.,0.));
#1269 = PCURVE('',#1222,#1270);
#1270 = DEFINITIONAL_REPRESENTATION('',(#1271),#1275);
#1271 = LINE('',#1272,#1273);
#1272 = CARTESIAN_POINT('',(0.,4.563));
#1273 = VECTOR('',#1274,1.);
#1274 = DIRECTION('',(1.,0.));
#1275 = ( GEOMETRIC_REPRESENTATION_CONTEXT(2) 
PARAMETRIC_REPRESENTATION_CONTEXT() REPRESENTATION_CONTEXT('2D SPACE',''
  ) );
#1276 = PCURVE('',#1277,#1282);
#1277 = CONICAL_SURFACE('',#1278,49.134051595078,2.972057405533E-02);
#1278 = AXIS2_PLACEMENT_3D('',#1279,#1280,#1281);
#1279 = CARTESIAN_POINT('',(0.,0.,750.193));
#1280 = DIRECTION('',(0.,0.,1.));
#1281 = DIRECTION('',(1.,0.,0.));
#1282 = DEFINITIONAL_REPRESENTATION('',(#1283),#1287);
#1283 = LINE('',#1284,#1285);
#1284 = CARTESIAN_POINT('',(0.,0.));
#1285 = VECTOR('',#1286,1.);
#1286 = DIRECTION('',(1.,0.));
#1287 = ( GEOMETRIC_REPRESENTATION_CONTEXT(2) 
PARAMETRIC_REPRESENTATION_CONTEXT() REPRESENTATION_CONTEXT('2D SPACE',''
  ) );
#1288 = ORIENTED_EDGE('',*,*,#1239,.F.);
#1289 = ADVANCED_FACE('',(#1290),#1277,.T.);
#1290 = FACE_BOUND('',#1291,.T.);
#1291 = EDGE_LOOP('',(#1292,#1293,#1316,#1343));
#1292 = ORIENTED_EDGE('',*,*,#1262,.T.);
#1293 = ORIENTED_EDGE('',*,*,#1294,.T.);
#1294 = EDGE_CURVE('',#1240,#1295,#1297,.T.);
#1295 = VERTEX_POINT('',#1296);
#1296 = CARTESIAN_POINT('',(49.269706518743,0.,754.756));
#1297 = SEAM_CURVE('',#1298,(#1302,#1309),.PCURVE_S1.);
#1298 = LINE('',#1299,#1300);
#1299 = CARTESIAN_POINT('',(49.134051595078,0.,750.193));
#1300 = VECTOR('',#1301,1.);
#1301 = DIRECTION('',(2.97161988227E-02,0.,0.999558376248));
#1302 = PCURVE('',#1277,#1303);
#1303 = DEFINITIONAL_REPRESENTATION('',(#1304),#1308);
#1304 = LINE('',#1305,#1306);
#1305 = CARTESIAN_POINT('',(6.28318530718,0.));
#1306 = VECTOR('',#1307,1.);
#1307 = DIRECTION('',(0.,1.));
#1308 = ( GEOMETRIC_REPRESENTATION_CONTEXT(2) 
PARAMETRIC_REPRESENTATION_CONTEXT() REPRESENTATION_CONTEXT('2D SPACE',''
  ) );
#1309 = PCURVE('',#1277,#1310);
#1310 = DEFINITIONAL_REPRESENTATION('',(#1311),#1315);
#1311 = LINE('',#1312,#1313);
#1312 = CARTESIAN_POINT('',(4.138911435803E-13,0.));
#1313 = VECTOR('',#1314,1.);
#1314 = DIRECTION('',(0.,1.));
#1315 = ( GEOMETRIC_REPRESENTATION_CONTEXT(2) 
PARAMETRIC_REPRESENTATION_CONTEXT() REPRESENTATION_CONTEXT('2D SPACE',''
  ) );
#1316 = ORIENTED_EDGE('',*,*,#1317,.F.);
#1317 = EDGE_CURVE('',#1295,#1295,#1318,.T.);
#1318 = SURFACE_CURVE('',#1319,(#1324,#1331),.PCURVE_S1.);
#1319 = CIRCLE('',#1320,49.269706518743);
#1320 = AXIS2_PLACEMENT_3D('',#1321,#1322,#1323);
#1321 = CARTESIAN_POINT('',(0.,0.,754.756));
#1322 = DIRECTION('',(0.,0.,1.));
#1323 = DIRECTION('',(1.,0.,0.));
#1324 = PCURVE('',#1277,#1325);
#1325 = DEFINITIONAL_REPRESENTATION('',(#1326),#1330);
#1326 = LINE('',#1327,#1328);
#1327 = CARTESIAN_POINT('',(0.,4.563));
#1328 = VECTOR('',#1329,1.);
#1329 = DIRECTION('',(1.,0.));
#1330 = ( GEOMETRIC_REPRESENTATION_CONTEXT(2) 
PARAMETRIC_REPRESENTATION_CONTEXT() REPRESENTATION_CONTEXT('2D SPACE',''
  ) );
#1331 = PCURVE('',#1332,#1337);
#1332 = CONICAL_SURFACE('',#1333,49.269706518743,2.938613632599E-02);
#1333 = AXIS2_PLACEMENT_3D('',#1334,#1335,#1336);
#1334 = CARTESIAN_POINT('',(0.,0.,754.756));
#1335 = DIRECTION('',(0.,0.,1.));
#1336 = DIRECTION('',(1.,0.,0.));
#1337 = DEFINITIONAL_REPRESENTATION('',(#1338),#1342);
#1338 = LINE('',#1339,#1340);
#1339 = CARTESIAN_POINT('',(0.,0.));
#1340 = VECTOR('',#1341,1.);
#1341 = DIRECTION('',(1.,0.));
#1342 = ( GEOMETRIC_REPRESENTATION_CONTEXT(2) 
PARAMETRIC_REPRESENTATION_CONTEXT() REPRESENTATION_CONTEXT('2D SPACE',''
  ) );
#1343 = ORIENTED_EDGE('',*,*,#1294,.F.);
#1344 = ADVANCED_FACE('',(#1345),#1332,.T.);
#1345 = FACE_BOUND('',#1346,.T.);
#1346 = EDGE_LOOP('',(#1347,#1348,#1371,#1398));
#1347 = ORIENTED_EDGE('',*,*,#1317,.T.);
#1348 = ORIENTED_EDGE('',*,*,#1349,.T.);
#1349 = EDGE_CURVE('',#1295,#1350,#1352,.T.);
#1350 = VERTEX_POINT('',#1351);
#1351 = CARTESIAN_POINT('',(49.403834069413,0.,759.319));
#1352 = SEAM_CURVE('',#1353,(#1357,#1364),.PCURVE_S1.);
#1353 = LINE('',#1354,#1355);
#1354 = CARTESIAN_POINT('',(49.269706518743,0.,754.756));
#1355 = VECTOR('',#1356,1.);
#1356 = DIRECTION('',(2.938190713344E-02,0.,0.999568258566));
#1357 = PCURVE('',#1332,#1358);
#1358 = DEFINITIONAL_REPRESENTATION('',(#1359),#1363);
#1359 = LINE('',#1360,#1361);
#1360 = CARTESIAN_POINT('',(6.28318530718,0.));
#1361 = VECTOR('',#1362,1.);
#1362 = DIRECTION('',(0.,1.));
#1363 = ( GEOMETRIC_REPRESENTATION_CONTEXT(2) 
PARAMETRIC_REPRESENTATION_CONTEXT() REPRESENTATION_CONTEXT('2D SPACE',''
  ) );
#1364 = PCURVE('',#1332,#1365);
#1365 = DEFINITIONAL_REPRESENTATION('',(#1366),#1370);
#1366 = LINE('',#1367,#1368);
#1367 = CARTESIAN_POINT('',(4.138911435803E-13,0.));
#1368 = VECTOR('',#1369,1.);
#1369 = DIRECTION('',(0.,1.));
#1370 = ( GEOMETRIC_REPRESENTATION_CONTEXT(2) 
PARAMETRIC_REPRESENTATION_CONTEXT() REPRESENTATION_CONTEXT('2D SPACE',''
  ) );
#1371 = ORIENTED_EDGE('',*,*,#1372,.F.);
#1372 = EDGE_CURVE('',#1350,#1350,#1373,.T.);
#1373 = SURFACE_CURVE('',#1374,(#1379,#1386),.PCURVE_S1.);
#1374 = CIRCLE('',#1375,49.403834069413);
#1375 = AXIS2_PLACEMENT_3D('',#1376,#1377,#1378);
#1376 = CARTESIAN_POINT('',(0.,0.,759.319));
#1377 = DIRECTION('',(0.,0.,1.));
#1378 = DIRECTION('',(1.,0.,0.));
#1379 = PCURVE('',#1332,#1380);
#1380 = DEFINITIONAL_REPRESENTATION('',(#1381),#1385);
#1381 = LINE('',#1382,#1383);
#1382 = CARTESIAN_POINT('',(0.,4.563));
#1383 = VECTOR('',#1384,1.);
#1384 = DIRECTION('',(1.,0.));
#1385 = ( GEOMETRIC_REPRESENTATION_CONTEXT(2) 
PARAMETRIC_REPRESENTATION_CONTEXT() REPRESENTATION_CONTEXT('2D SPACE',''
  ) );
#1386 = PCURVE('',#1387,#1392);
#1387 = CONICAL_SURFACE('',#1388,49.403834069413,2.903998586472E-02);
#1388 = AXIS2_PLACEMENT_3D('',#1389,#1390,#1391);
#1389 = CARTESIAN_POINT('',(0.,0.,759.319));
#1390 = DIRECTION('',(0.,0.,1.));
#1391 = DIRECTION('',(1.,0.,0.));
#1392 = DEFINITIONAL_REPRESENTATION('',(#1393),#1397);
#1393 = LINE('',#1394,#1395);
#1394 = CARTESIAN_POINT('',(0.,0.));
#1395 = VECTOR('',#1396,1.);
#1396 = DIRECTION('',(1.,0.));
#1397 = ( GEOMETRIC_REPRESENTATION_CONTEXT(2) 
PARAMETRIC_REPRESENTATION_CONTEXT() REPRESENTATION_CONTEXT('2D SPACE',''
  ) );
#1398 = ORIENTED_EDGE('',*,*,#1349,.F.);
#1399 = ADVANCED_FACE('',(#1400),#1387,.T.);
#1400 = FACE_BOUND('',#1401,.T.);
#1401 = EDGE_LOOP('',(#1402,#1403,#1426,#1453));
#1402 = ORIENTED_EDGE('',*,*,#1372,.T.);
#1403 = ORIENTED_EDGE('',*,*,#1404,.T.);
#1404 = EDGE_CURVE('',#1350,#1405,#1407,.T.);
#1405 = VERTEX_POINT('',#1406);
#1406 = CARTESIAN_POINT('',(49.536380786809,0.,763.882));
#1407 = SEAM_CURVE('',#1408,(#1412,#1419),.PCURVE_S1.);
#1408 = LINE('',#1409,#1410);
#1409 = CARTESIAN_POINT('',(49.403834069413,0.,759.319));
#1410 = VECTOR('',#1411,1.);
#1411 = DIRECTION('',(2.903590436617E-02,0.,0.999578369243));
#1412 = PCURVE('',#1387,#1413);
#1413 = DEFINITIONAL_REPRESENTATION('',(#1414),#1418);
#1414 = LINE('',#1415,#1416);
#1415 = CARTESIAN_POINT('',(6.28318530718,0.));
#1416 = VECTOR('',#1417,1.);
#1417 = DIRECTION('',(0.,1.));
#1418 = ( GEOMETRIC_REPRESENTATION_CONTEXT(2) 
PARAMETRIC_REPRESENTATION_CONTEXT() REPRESENTATION_CONTEXT('2D SPACE',''
  ) );
#1419 = PCURVE('',#1387,#1420);
#1420 = DEFINITIONAL_REPRESENTATION('',(#1421),#1425);
#1421 = LINE('',#1422,#1423);
#1422 = CARTESIAN_POINT('',(4.138911435803E-13,0.));
#1423 = VECTOR('',#1424,1.);
#1424 = DIRECTION('',(0.,1.));
#1425 = ( GEOMETRIC_REPRESENTATION_CONTEXT(2) 
PARAMETRIC_REPRESENTATION_CONTEXT() REPRESENTATION_CONTEXT('2D SPACE',''
  ) );
#1426 = ORIENTED_EDGE('',*,*,#1427,.F.);
#1427 = EDGE_CURVE('',#1405,#1405,#1428,.T.);
#1428 = SURFACE_CURVE('',#1429,(#1434,#1441),.PCURVE_S1.);
#1429 = CIRCLE('',#1430,49.536380786809);
#1430 = AXIS2_PLACEMENT_3D('',#1431,#1432,#1433);
#1431 = CARTESIAN_POINT('',(0.,0.,763.882));
#1432 = DIRECTION('',(0.,0.,1.));
#1433 = DIRECTION('',(1.,0.,0.));
#1434 = PCURVE('',#1387,#1435);
#1435 = DEFINITIONAL_REPRESENTATION('',(#1436),#1440);
#1436 = LINE('',#1437,#1438);
#1437 = CARTESIAN_POINT('',(0.,4.563));
#1438 = VECTOR('',#1439,1.);
#1439 = DIRECTION('',(1.,0.));
#1440 = ( GEOMETRIC_REPRESENTATION_CONTEXT(2) 
PARAMETRIC_REPRESENTATION_CONTEXT() REPRESENTATION_CONTEXT('2D SPACE',''
  ) );
#1441 = PCURVE('',#1442,#1447);
#1442 = CONICAL_SURFACE('',#1443,49.536380786809,2.868212204399E-02);
#1443 = AXIS2_PLACEMENT_3D('',#1444,#1445,#1446);
#1444 = CARTESIAN_POINT('',(0.,0.,763.882));
#1445 = DIRECTION('',(0.,0.,1.));
#1446 = DIRECTION('',(1.,0.,0.));
#1447 = DEFINITIONAL_REPRESENTATION('',(#1448),#1452);
#1448 = LINE('',#1449,#1450);
#1449 = CARTESIAN_POINT('',(0.,0.));
#1450 = VECTOR('',#1451,1.);
#1451 = DIRECTION('',(1.,0.));
#1452 = ( GEOMETRIC_REPRESENTATION_CONTEXT(2) 
PARAMETRIC_REPRESENTATION_CONTEXT() REPRESENTATION_CONTEXT('2D SPACE',''
  ) );
#1453 = ORIENTED_EDGE('',*,*,#1404,.F.);
#1454 = ADVANCED_FACE('',(#1455),#1442,.T.);
#1455 = FACE_BOUND('',#1456,.T.);
#1456 = EDGE_LOOP('',(#1457,#1458,#1481,#1508));
#1457 = ORIENTED_EDGE('',*,*,#1427,.T.);
#1458 = ORIENTED_EDGE('',*,*,#1459,.T.);
#1459 = EDGE_CURVE('',#1405,#1460,#1462,.T.);
#1460 = VERTEX_POINT('',#1461);
#1461 = CARTESIAN_POINT('',(49.66729321065,0.,768.445));
#1462 = SEAM_CURVE('',#1463,(#1467,#1474),.PCURVE_S1.);
#1463 = LINE('',#1464,#1465);
#1464 = CARTESIAN_POINT('',(49.536380786809,0.,763.882));
#1465 = VECTOR('',#1466,1.);
#1466 = DIRECTION('',(2.867818958021E-02,0.,0.999588696136));
#1467 = PCURVE('',#1442,#1468);
#1468 = DEFINITIONAL_REPRESENTATION('',(#1469),#1473);
#1469 = LINE('',#1470,#1471);
#1470 = CARTESIAN_POINT('',(6.28318530718,0.));
#1471 = VECTOR('',#1472,1.);
#1472 = DIRECTION('',(0.,1.));
#1473 = ( GEOMETRIC_REPRESENTATION_CONTEXT(2) 
PARAMETRIC_REPRESENTATION_CONTEXT() REPRESENTATION_CONTEXT('2D SPACE',''
  ) );
#1474 = PCURVE('',#1442,#1475);
#1475 = DEFINITIONAL_REPRESENTATION('',(#1476),#1480);
#1476 = LINE('',#1477,#1478);
#1477 = CARTESIAN_POINT('',(4.138911435803E-13,0.));
#1478 = VECTOR('',#1479,1.);
#1479 = DIRECTION('',(0.,1.));
#1480 = ( GEOMETRIC_REPRESENTATION_CONTEXT(2) 
PARAMETRIC_REPRESENTATION_CONTEXT() REPRESENTATION_CONTEXT('2D SPACE',''
  ) );
#1481 = ORIENTED_EDGE('',*,*,#1482,.F.);
#1482 = EDGE_CURVE('',#1460,#1460,#1483,.T.);
#1483 = SURFACE_CURVE('',#1484,(#1489,#1496),.PCURVE_S1.);
#1484 = CIRCLE('',#1485,49.66729321065);
#1485 = AXIS2_PLACEMENT_3D('',#1486,#1487,#1488);
#1486 = CARTESIAN_POINT('',(0.,0.,768.445));
#1487 = DIRECTION('',(0.,0.,1.));
#1488 = DIRECTION('',(1.,0.,0.));
#1489 = PCURVE('',#1442,#1490);
#1490 = DEFINITIONAL_REPRESENTATION('',(#1491),#1495);
#1491 = LINE('',#1492,#1493);
#1492 = CARTESIAN_POINT('',(0.,4.563));
#1493 = VECTOR('',#1494,1.);
#1494 = DIRECTION('',(1.,0.));
#1495 = ( GEOMETRIC_REPRESENTATION_CONTEXT(2) 
PARAMETRIC_REPRESENTATION_CONTEXT() REPRESENTATION_CONTEXT('2D SPACE',''
  ) );
#1496 = PCURVE('',#1497,#1502);
#1497 = CONICAL_SURFACE('',#1498,49.66729321065,2.831254422973E-02);
#1498 = AXIS2_PLACEMENT_3D('',#1499,#1500,#1501);
#1499 = CARTESIAN_POINT('',(0.,0.,768.445));
#1500 = DIRECTION('',(0.,0.,1.));
#1501 = DIRECTION('',(1.,0.,0.));
#1502 = DEFINITIONAL_REPRESENTATION('',(#1503),#1507);
#1503 = LINE('',#1504,#1505);
#1504 = CARTESIAN_POINT('',(0.,0.));
#1505 = VECTOR('',#1506,1.);
#1506 = DIRECTION('',(1.,0.));
#1507 = ( GEOMETRIC_REPRESENTATION_CONTEXT(2) 
PARAMETRIC_REPRESENTATION_CONTEXT() REPRESENTATION_CONTEXT('2D SPACE',''
  ) );
#1508 = ORIENTED_EDGE('',*,*,#1459,.F.);
#1509 = ADVANCED_FACE('',(#1510),#1497,.T.);
#1510 = FACE_BOUND('',#1511,.T.);
#1511 = EDGE_LOOP('',(#1512,#1513,#1536,#1563));
#1512 = ORIENTED_EDGE('',*,*,#1482,.T.);
#1513 = ORIENTED_EDGE('',*,*,#1514,.T.);
#1514 = EDGE_CURVE('',#1460,#1515,#1517,.T.);
#1515 = VERTEX_POINT('',#1516);
#1516 = CARTESIAN_POINT('',(49.796517880654,0.,773.008));
#1517 = SEAM_CURVE('',#1518,(#1522,#1529),.PCURVE_S1.);
#1518 = LINE('',#1519,#1520);
#1519 = CARTESIAN_POINT('',(49.66729321065,0.,768.445));
#1520 = VECTOR('',#1521,1.);
#1521 = DIRECTION('',(2.830876182474E-02,0.,0.999599226692));
#1522 = PCURVE('',#1497,#1523);
#1523 = DEFINITIONAL_REPRESENTATION('',(#1524),#1528);
#1524 = LINE('',#1525,#1526);
#1525 = CARTESIAN_POINT('',(6.28318530718,0.));
#1526 = VECTOR('',#1527,1.);
#1527 = DIRECTION('',(0.,1.));
#1528 = ( GEOMETRIC_REPRESENTATION_CONTEXT(2) 
PARAMETRIC_REPRESENTATION_CONTEXT() REPRESENTATION_CONTEXT('2D SPACE',''
  ) );
#1529 = PCURVE('',#1497,#1530);
#1530 = DEFINITIONAL_REPRESENTATION('',(#1531),#1535);
#1531 = LINE('',#1532,#1533);
#1532 = CARTESIAN_POINT('',(4.138911435803E-13,0.));
#1533 = VECTOR('',#1534,1.);
#1534 = DIRECTION('',(0.,1.));
#1535 = ( GEOMETRIC_REPRESENTATION_CONTEXT(2) 
PARAMETRIC_REPRESENTATION_CONTEXT() REPRESENTATION_CONTEXT('2D SPACE',''
  ) );
#1536 = ORIENTED_EDGE('',*,*,#1537,.F.);
#1537 = EDGE_CURVE('',#1515,#1515,#1538,.T.);
#1538 = SURFACE_CURVE('',#1539,(#1544,#1551),.PCURVE_S1.);
#1539 = CIRCLE('',#1540,49.796517880654);
#1540 = AXIS2_PLACEMENT_3D('',#1541,#1542,#1543);
#1541 = CARTESIAN_POINT('',(0.,0.,773.008));
#1542 = DIRECTION('',(0.,0.,1.));
#1543 = DIRECTION('',(1.,0.,0.));
#1544 = PCURVE('',#1497,#1545);
#1545 = DEFINITIONAL_REPRESENTATION('',(#1546),#1550);
#1546 = LINE('',#1547,#1548);
#1547 = CARTESIAN_POINT('',(0.,4.563));
#1548 = VECTOR('',#1549,1.);
#1549 = DIRECTION('',(1.,0.));
#1550 = ( GEOMETRIC_REPRESENTATION_CONTEXT(2) 
PARAMETRIC_REPRESENTATION_CONTEXT() REPRESENTATION_CONTEXT('2D SPACE',''
  ) );
#1551 = PCURVE('',#1552,#1557);
#1552 = CONICAL_SURFACE('',#1553,49.796517880654,2.793125178285E-02);
#1553 = AXIS2_PLACEMENT_3D('',#1554,#1555,#1556);
#1554 = CARTESIAN_POINT('',(0.,0.,773.008));
#1555 = DIRECTION('',(0.,0.,1.));
#1556 = DIRECTION('',(1.,0.,0.));
#1557 = DEFINITIONAL_REPRESENTATION('',(#1558),#1562);
#1558 = LINE('',#1559,#1560);
#1559 = CARTESIAN_POINT('',(0.,0.));
#1560 = VECTOR('',#1561,1.);
#1561 = DIRECTION('',(1.,0.));
#1562 = ( GEOMETRIC_REPRESENTATION_CONTEXT(2) 
PARAMETRIC_REPRESENTATION_CONTEXT() REPRESENTATION_CONTEXT('2D SPACE',''
  ) );
#1563 = ORIENTED_EDGE('',*,*,#1514,.F.);
#1564 = ADVANCED_FACE('',(#1565),#1552,.T.);
#1565 = FACE_BOUND('',#1566,.T.);
#1566 = EDGE_LOOP('',(#1567,#1568,#1591,#1618));
#1567 = ORIENTED_EDGE('',*,*,#1537,.T.);
#1568 = ORIENTED_EDGE('',*,*,#1569,.T.);
#1569 = EDGE_CURVE('',#1515,#1570,#1572,.T.);
#1570 = VERTEX_POINT('',#1571);
#1571 = CARTESIAN_POINT('',(49.924001336542,0.,777.571));
#1572 = SEAM_CURVE('',#1573,(#1577,#1584),.PCURVE_S1.);
#1573 = LINE('',#1574,#1575);
#1574 = CARTESIAN_POINT('',(49.796517880654,0.,773.008));
#1575 = VECTOR('',#1576,1.);
#1576 = DIRECTION('',(2.792762014111E-02,0.,0.999609947946));
#1577 = PCURVE('',#1552,#1578);
#1578 = DEFINITIONAL_REPRESENTATION('',(#1579),#1583);
#1579 = LINE('',#1580,#1581);
#1580 = CARTESIAN_POINT('',(6.28318530718,0.));
#1581 = VECTOR('',#1582,1.);
#1582 = DIRECTION('',(0.,1.));
#1583 = ( GEOMETRIC_REPRESENTATION_CONTEXT(2) 
PARAMETRIC_REPRESENTATION_CONTEXT() REPRESENTATION_CONTEXT('2D SPACE',''
  ) );
#1584 = PCURVE('',#1552,#1585);
#1585 = DEFINITIONAL_REPRESENTATION('',(#1586),#1590);
#1586 = LINE('',#1587,#1588);
#1587 = CARTESIAN_POINT('',(4.138911435803E-13,0.));
#1588 = VECTOR('',#1589,1.);
#1589 = DIRECTION('',(0.,1.));
#1590 = ( GEOMETRIC_REPRESENTATION_CONTEXT(2) 
PARAMETRIC_REPRESENTATION_CONTEXT() REPRESENTATION_CONTEXT('2D SPACE',''
  ) );
#1591 = ORIENTED_EDGE('',*,*,#1592,.F.);
#1592 = EDGE_CURVE('',#1570,#1570,#1593,.T.);
#1593 = SURFACE_CURVE('',#1594,(#1599,#1606),.PCURVE_S1.);
#1594 = CIRCLE('',#1595,49.924001336542);
#1595 = AXIS2_PLACEMENT_3D('',#1596,#1597,#1598);
#1596 = CARTESIAN_POINT('',(0.,0.,777.571));
#1597 = DIRECTION('',(0.,0.,1.));
#1598 = DIRECTION('',(1.,0.,0.));
#1599 = PCURVE('',#1552,#1600);
#1600 = DEFINITIONAL_REPRESENTATION('',(#1601),#1605);
#1601 = LINE('',#1602,#1603);
#1602 = CARTESIAN_POINT('',(0.,4.563));
#1603 = VECTOR('',#1604,1.);
#1604 = DIRECTION('',(1.,0.));
#1605 = ( GEOMETRIC_REPRESENTATION_CONTEXT(2) 
PARAMETRIC_REPRESENTATION_CONTEXT() REPRESENTATION_CONTEXT('2D SPACE',''
  ) );
#1606 = PCURVE('',#1607,#1612);
#1607 = CONICAL_SURFACE('',#1608,49.924001336542,2.753824406074E-02);
#1608 = AXIS2_PLACEMENT_3D('',#1609,#1610,#1611);
#1609 = CARTESIAN_POINT('',(0.,0.,777.571));
#1610 = DIRECTION('',(0.,0.,1.));
#1611 = DIRECTION('',(1.,0.,0.));
#1612 = DEFINITIONAL_REPRESENTATION('',(#1613),#1617);
#1613 = LINE('',#1614,#1615);
#1614 = CARTESIAN_POINT('',(0.,0.));
#1615 = VECTOR('',#1616,1.);
#1616 = DIRECTION('',(1.,0.));
#1617 = ( GEOMETRIC_REPRESENTATION_CONTEXT(2) 
PARAMETRIC_REPRESENTATION_CONTEXT() REPRESENTATION_CONTEXT('2D SPACE',''
  ) );
#1618 = ORIENTED_EDGE('',*,*,#1569,.F.);
#1619 = ADVANCED_FACE('',(#1620),#1607,.T.);
#1620 = FACE_BOUND('',#1621,.T.);
#1621 = EDGE_LOOP('',(#1622,#1623,#1646,#1673));
#1622 = ORIENTED_EDGE('',*,*,#1592,.T.);
#1623 = ORIENTED_EDGE('',*,*,#1624,.T.);
#1624 = EDGE_CURVE('',#1570,#1625,#1627,.T.);
#1625 = VERTEX_POINT('',#1626);
#1626 = CARTESIAN_POINT('',(50.049690118031,0.,782.134));
#1627 = SEAM_CURVE('',#1628,(#1632,#1639),.PCURVE_S1.);
#1628 = LINE('',#1629,#1630);
#1629 = CARTESIAN_POINT('',(49.924001336542,0.,777.571));
#1630 = VECTOR('',#1631,1.);
#1631 = DIRECTION('',(2.753476356573E-02,0.,0.999620846519));
#1632 = PCURVE('',#1607,#1633);
#1633 = DEFINITIONAL_REPRESENTATION('',(#1634),#1638);
#1634 = LINE('',#1635,#1636);
#1635 = CARTESIAN_POINT('',(6.28318530718,0.));
#1636 = VECTOR('',#1637,1.);
#1637 = DIRECTION('',(0.,1.));
#1638 = ( GEOMETRIC_REPRESENTATION_CONTEXT(2) 
PARAMETRIC_REPRESENTATION_CONTEXT() REPRESENTATION_CONTEXT('2D SPACE',''
  ) );
#1639 = PCURVE('',#1607,#1640);
#1640 = DEFINITIONAL_REPRESENTATION('',(#1641),#1645);
#1641 = LINE('',#1642,#1643);
#1642 = CARTESIAN_POINT('',(4.138911435803E-13,0.));
#1643 = VECTOR('',#1644,1.);
#1644 = DIRECTION('',(0.,1.));
#1645 = ( GEOMETRIC_REPRESENTATION_CONTEXT(2) 
PARAMETRIC_REPRESENTATION_CONTEXT() REPRESENTATION_CONTEXT('2D SPACE',''
  ) );
#1646 = ORIENTED_EDGE('',*,*,#1647,.F.);
#1647 = EDGE_CURVE('',#1625,#1625,#1648,.T.);
#1648 = SURFACE_CURVE('',#1649,(#1654,#1661),.PCURVE_S1.);
#1649 = CIRCLE('',#1650,50.049690118031);
#1650 = AXIS2_PLACEMENT_3D('',#1651,#1652,#1653);
#1651 = CARTESIAN_POINT('',(0.,0.,782.134));
#1652 = DIRECTION('',(0.,0.,1.));
#1653 = DIRECTION('',(1.,0.,0.));
#1654 = PCURVE('',#1607,#1655);
#1655 = DEFINITIONAL_REPRESENTATION('',(#1656),#1660);
#1656 = LINE('',#1657,#1658);
#1657 = CARTESIAN_POINT('',(0.,4.563));
#1658 = VECTOR('',#1659,1.);
#1659 = DIRECTION('',(1.,0.));
#1660 = ( GEOMETRIC_REPRESENTATION_CONTEXT(2) 
PARAMETRIC_REPRESENTATION_CONTEXT() REPRESENTATION_CONTEXT('2D SPACE',''
  ) );
#1661 = PCURVE('',#1662,#1667);
#1662 = CONICAL_SURFACE('',#1663,50.049690118031,2.713352041885E-02);
#1663 = AXIS2_PLACEMENT_3D('',#1664,#1665,#1666);
#1664 = CARTESIAN_POINT('',(0.,0.,782.134));
#1665 = DIRECTION('',(0.,0.,1.));
#1666 = DIRECTION('',(1.,0.,0.));
#1667 = DEFINITIONAL_REPRESENTATION('',(#1668),#1672);
#1668 = LINE('',#1669,#1670);
#1669 = CARTESIAN_POINT('',(0.,0.));
#1670 = VECTOR('',#1671,1.);
#1671 = DIRECTION('',(1.,0.));
#1672 = ( GEOMETRIC_REPRESENTATION_CONTEXT(2) 
PARAMETRIC_REPRESENTATION_CONTEXT() REPRESENTATION_CONTEXT('2D SPACE',''
  ) );
#1673 = ORIENTED_EDGE('',*,*,#1624,.F.);
#1674 = ADVANCED_FACE('',(#1675),#1662,.T.);
#1675 = FACE_BOUND('',#1676,.T.);
#1676 = EDGE_LOOP('',(#1677,#1678,#1701,#1728));
#1677 = ORIENTED_EDGE('',*,*,#1647,.T.);
#1678 = ORIENTED_EDGE('',*,*,#1679,.T.);
#1679 = EDGE_CURVE('',#1625,#1680,#1682,.T.);
#1680 = VERTEX_POINT('',#1681);
#1681 = CARTESIAN_POINT('',(50.173530764842,0.,786.697));
#1682 = SEAM_CURVE('',#1683,(#1687,#1694),.PCURVE_S1.);
#1683 = LINE('',#1684,#1685);
#1684 = CARTESIAN_POINT('',(50.049690118031,0.,782.134));
#1685 = VECTOR('',#1686,1.);
#1686 = DIRECTION('',(2.713019113215E-02,0.,0.999631908619));
#1687 = PCURVE('',#1662,#1688);
#1688 = DEFINITIONAL_REPRESENTATION('',(#1689),#1693);
#1689 = LINE('',#1690,#1691);
#1690 = CARTESIAN_POINT('',(6.28318530718,0.));
#1691 = VECTOR('',#1692,1.);
#1692 = DIRECTION('',(0.,1.));
#1693 = ( GEOMETRIC_REPRESENTATION_CONTEXT(2) 
PARAMETRIC_REPRESENTATION_CONTEXT() REPRESENTATION_CONTEXT('2D SPACE',''
  ) );
#1694 = PCURVE('',#1662,#1695);
#1695 = DEFINITIONAL_REPRESENTATION('',(#1696),#1700);
#1696 = LINE('',#1697,#1698);
#1697 = CARTESIAN_POINT('',(4.138911435803E-13,0.));
#1698 = VECTOR('',#1699,1.);
#1699 = DIRECTION('',(0.,1.));
#1700 = ( GEOMETRIC_REPRESENTATION_CONTEXT(2) 
PARAMETRIC_REPRESENTATION_CONTEXT() REPRESENTATION_CONTEXT('2D SPACE',''
  ) );
#1701 = ORIENTED_EDGE('',*,*,#1702,.F.);
#1702 = EDGE_CURVE('',#1680,#1680,#1703,.T.);
#1703 = SURFACE_CURVE('',#1704,(#1709,#1716),.PCURVE_S1.);
#1704 = CIRCLE('',#1705,50.173530764842);
#1705 = AXIS2_PLACEMENT_3D('',#1706,#1707,#1708);
#1706 = CARTESIAN_POINT('',(0.,0.,786.697));
#1707 = DIRECTION('',(0.,0.,1.));
#1708 = DIRECTION('',(1.,0.,0.));
#1709 = PCURVE('',#1662,#1710);
#1710 = DEFINITIONAL_REPRESENTATION('',(#1711),#1715);
#1711 = LINE('',#1712,#1713);
#1712 = CARTESIAN_POINT('',(0.,4.563));
#1713 = VECTOR('',#1714,1.);
#1714 = DIRECTION('',(1.,0.));
#1715 = ( GEOMETRIC_REPRESENTATION_CONTEXT(2) 
PARAMETRIC_REPRESENTATION_CONTEXT() REPRESENTATION_CONTEXT('2D SPACE',''
  ) );
#1716 = PCURVE('',#1717,#1722);
#1717 = CONICAL_SURFACE('',#1718,50.173530764842,2.671708021232E-02);
#1718 = AXIS2_PLACEMENT_3D('',#1719,#1720,#1721);
#1719 = CARTESIAN_POINT('',(0.,0.,786.697));
#1720 = DIRECTION('',(0.,0.,1.));
#1721 = DIRECTION('',(1.,0.,0.));
#1722 = DEFINITIONAL_REPRESENTATION('',(#1723),#1727);
#1723 = LINE('',#1724,#1725);
#1724 = CARTESIAN_POINT('',(0.,0.));
#1725 = VECTOR('',#1726,1.);
#1726 = DIRECTION('',(1.,0.));
#1727 = ( GEOMETRIC_REPRESENTATION_CONTEXT(2) 
PARAMETRIC_REPRESENTATION_CONTEXT() REPRESENTATION_CONTEXT('2D SPACE',''
  ) );
#1728 = ORIENTED_EDGE('',*,*,#1679,.F.);
#1729 = ADVANCED_FACE('',(#1730),#1717,.T.);
#1730 = FACE_BOUND('',#1731,.T.);
#1731 = EDGE_LOOP('',(#1732,#1733,#1756,#1783));
#1732 = ORIENTED_EDGE('',*,*,#1702,.T.);
#1733 = ORIENTED_EDGE('',*,*,#1734,.T.);
#1734 = EDGE_CURVE('',#1680,#1735,#1737,.T.);
#1735 = VERTEX_POINT('',#1736);
#1736 = CARTESIAN_POINT('',(50.295469816693,0.,791.26));
#1737 = SEAM_CURVE('',#1738,(#1742,#1749),.PCURVE_S1.);
#1738 = LINE('',#1739,#1740);
#1739 = CARTESIAN_POINT('',(50.173530764842,0.,786.697));
#1740 = VECTOR('',#1741,1.);
#1741 = DIRECTION('',(2.671390187313E-02,0.,0.999643120042));
#1742 = PCURVE('',#1717,#1743);
#1743 = DEFINITIONAL_REPRESENTATION('',(#1744),#1748);
#1744 = LINE('',#1745,#1746);
#1745 = CARTESIAN_POINT('',(6.28318530718,0.));
#1746 = VECTOR('',#1747,1.);
#1747 = DIRECTION('',(0.,1.));
#1748 = ( GEOMETRIC_REPRESENTATION_CONTEXT(2) 
PARAMETRIC_REPRESENTATION_CONTEXT() REPRESENTATION_CONTEXT('2D SPACE',''
  ) );
#1749 = PCURVE('',#1717,#1750);
#1750 = DEFINITIONAL_REPRESENTATION('',(#1751),#1755);
#1751 = LINE('',#1752,#1753);
#1752 = CARTESIAN_POINT('',(4.138911435803E-13,0.));
#1753 = VECTOR('',#1754,1.);
#1754 = DIRECTION('',(0.,1.));
#1755 = ( GEOMETRIC_REPRESENTATION_CONTEXT(2) 
PARAMETRIC_REPRESENTATION_CONTEXT() REPRESENTATION_CONTEXT('2D SPACE',''
  ) );
#1756 = ORIENTED_EDGE('',*,*,#1757,.F.);
#1757 = EDGE_CURVE('',#1735,#1735,#1758,.T.);
#1758 = SURFACE_CURVE('',#1759,(#1764,#1771),.PCURVE_S1.);
#1759 = CIRCLE('',#1760,50.295469816693);
#1760 = AXIS2_PLACEMENT_3D('',#1761,#1762,#1763);
#1761 = CARTESIAN_POINT('',(0.,0.,791.26));
#1762 = DIRECTION('',(0.,0.,1.));
#1763 = DIRECTION('',(1.,0.,0.));
#1764 = PCURVE('',#1717,#1765);
#1765 = DEFINITIONAL_REPRESENTATION('',(#1766),#1770);
#1766 = LINE('',#1767,#1768);
#1767 = CARTESIAN_POINT('',(0.,4.563));
#1768 = VECTOR('',#1769,1.);
#1769 = DIRECTION('',(1.,0.));
#1770 = ( GEOMETRIC_REPRESENTATION_CONTEXT(2) 
PARAMETRIC_REPRESENTATION_CONTEXT() REPRESENTATION_CONTEXT('2D SPACE',''
  ) );
#1771 = PCURVE('',#1772,#1777);
#1772 = CONICAL_SURFACE('',#1773,50.295469816693,2.628892279759E-02);
#1773 = AXIS2_PLACEMENT_3D('',#1774,#1775,#1776);
#1774 = CARTESIAN_POINT('',(0.,0.,791.26));
#1775 = DIRECTION('',(0.,0.,1.));
#1776 = DIRECTION('',(1.,0.,0.));
#1777 = DEFINITIONAL_REPRESENTATION('',(#1778),#1782);
#1778 = LINE('',#1779,#1780);
#1779 = CARTESIAN_POINT('',(0.,0.));
#1780 = VECTOR('',#1781,1.);
#1781 = DIRECTION('',(1.,0.));
#1782 = ( GEOMETRIC_REPRESENTATION_CONTEXT(2) 
PARAMETRIC_REPRESENTATION_CONTEXT() REPRESENTATION_CONTEXT('2D SPACE',''
  ) );
#1783 = ORIENTED_EDGE('',*,*,#1734,.F.);
#1784 = ADVANCED_FACE('',(#1785),#1772,.T.);
#1785 = FACE_BOUND('',#1786,.T.);
#1786 = EDGE_LOOP('',(#1787,#1788,#1811,#1838));
#1787 = ORIENTED_EDGE('',*,*,#1757,.T.);
#1788 = ORIENTED_EDGE('',*,*,#1789,.T.);
#1789 = EDGE_CURVE('',#1735,#1790,#1792,.T.);
#1790 = VERTEX_POINT('',#1791);
#1791 = CARTESIAN_POINT('',(50.415453813304,0.,795.823));
#1792 = SEAM_CURVE('',#1793,(#1797,#1804),.PCURVE_S1.);
#1793 = LINE('',#1794,#1795);
#1794 = CARTESIAN_POINT('',(50.295469816693,0.,791.26));
#1795 = VECTOR('',#1796,1.);
#1796 = DIRECTION('',(2.628589482377E-02,0.,0.99965446617));
#1797 = PCURVE('',#1772,#1798);
#1798 = DEFINITIONAL_REPRESENTATION('',(#1799),#1803);
#1799 = LINE('',#1800,#1801);
#1800 = CARTESIAN_POINT('',(6.28318530718,0.));
#1801 = VECTOR('',#1802,1.);
#1802 = DIRECTION('',(0.,1.));
#1803 = ( GEOMETRIC_REPRESENTATION_CONTEXT(2) 
PARAMETRIC_REPRESENTATION_CONTEXT() REPRESENTATION_CONTEXT('2D SPACE',''
  ) );
#1804 = PCURVE('',#1772,#1805);
#1805 = DEFINITIONAL_REPRESENTATION('',(#1806),#1810);
#1806 = LINE('',#1807,#1808);
#1807 = CARTESIAN_POINT('',(4.138911435803E-13,0.));
#1808 = VECTOR('',#1809,1.);
#1809 = DIRECTION('',(0.,1.));
#1810 = ( GEOMETRIC_REPRESENTATION_CONTEXT(2) 
PARAMETRIC_REPRESENTATION_CONTEXT() REPRESENTATION_CONTEXT('2D SPACE',''
  ) );
#1811 = ORIENTED_EDGE('',*,*,#1812,.F.);
#1812 = EDGE_CURVE('',#1790,#1790,#1813,.T.);
#1813 = SURFACE_CURVE('',#1814,(#1819,#1826),.PCURVE_S1.);
#1814 = CIRCLE('',#1815,50.415453813304);
#1815 = AXIS2_PLACEMENT_3D('',#1816,#1817,#1818);
#1816 = CARTESIAN_POINT('',(0.,0.,795.823));
#1817 = DIRECTION('',(0.,0.,1.));
#1818 = DIRECTION('',(1.,0.,0.));
#1819 = PCURVE('',#1772,#1820);
#1820 = DEFINITIONAL_REPRESENTATION('',(#1821),#1825);
#1821 = LINE('',#1822,#1823);
#1822 = CARTESIAN_POINT('',(0.,4.563));
#1823 = VECTOR('',#1824,1.);
#1824 = DIRECTION('',(1.,0.));
#1825 = ( GEOMETRIC_REPRESENTATION_CONTEXT(2) 
PARAMETRIC_REPRESENTATION_CONTEXT() REPRESENTATION_CONTEXT('2D SPACE',''
  ) );
#1826 = PCURVE('',#1827,#1832);
#1827 = CONICAL_SURFACE('',#1828,50.415453813304,2.584904753419E-02);
#1828 = AXIS2_PLACEMENT_3D('',#1829,#1830,#1831);
#1829 = CARTESIAN_POINT('',(0.,0.,795.823));
#1830 = DIRECTION('',(0.,0.,1.));
#1831 = DIRECTION('',(1.,0.,0.));
#1832 = DEFINITIONAL_REPRESENTATION('',(#1833),#1837);
#1833 = LINE('',#1834,#1835);
#1834 = CARTESIAN_POINT('',(0.,0.));
#1835 = VECTOR('',#1836,1.);
#1836 = DIRECTION('',(1.,0.));
#1837 = ( GEOMETRIC_REPRESENTATION_CONTEXT(2) 
PARAMETRIC_REPRESENTATION_CONTEXT() REPRESENTATION_CONTEXT('2D SPACE',''
  ) );
#1838 = ORIENTED_EDGE('',*,*,#1789,.F.);
#1839 = ADVANCED_FACE('',(#1840),#1827,.T.);
#1840 = FACE_BOUND('',#1841,.T.);
#1841 = EDGE_LOOP('',(#1842,#1843,#1866,#1893));
#1842 = ORIENTED_EDGE('',*,*,#1812,.T.);
#1843 = ORIENTED_EDGE('',*,*,#1844,.T.);
#1844 = EDGE_CURVE('',#1790,#1845,#1847,.T.);
#1845 = VERTEX_POINT('',#1846);
#1846 = CARTESIAN_POINT('',(50.533429294393,0.,800.386));
#1847 = SEAM_CURVE('',#1848,(#1852,#1859),.PCURVE_S1.);
#1848 = LINE('',#1849,#1850);
#1849 = CARTESIAN_POINT('',(50.415453813304,0.,795.823));
#1850 = VECTOR('',#1851,1.);
#1851 = DIRECTION('',(2.584616902324E-02,0.,0.999665931973));
#1852 = PCURVE('',#1827,#1853);
#1853 = DEFINITIONAL_REPRESENTATION('',(#1854),#1858);
#1854 = LINE('',#1855,#1856);
#1855 = CARTESIAN_POINT('',(6.28318530718,0.));
#1856 = VECTOR('',#1857,1.);
#1857 = DIRECTION('',(0.,1.));
#1858 = ( GEOMETRIC_REPRESENTATION_CONTEXT(2) 
PARAMETRIC_REPRESENTATION_CONTEXT() REPRESENTATION_CONTEXT('2D SPACE',''
  ) );
#1859 = PCURVE('',#1827,#1860);
#1860 = DEFINITIONAL_REPRESENTATION('',(#1861),#1865);
#1861 = LINE('',#1862,#1863);
#1862 = CARTESIAN_POINT('',(4.138911435803E-13,0.));
#1863 = VECTOR('',#1864,1.);
#1864 = DIRECTION('',(0.,1.));
#1865 = ( GEOMETRIC_REPRESENTATION_CONTEXT(2) 
PARAMETRIC_REPRESENTATION_CONTEXT() REPRESENTATION_CONTEXT('2D SPACE',''
  ) );
#1866 = ORIENTED_EDGE('',*,*,#1867,.F.);
#1867 = EDGE_CURVE('',#1845,#1845,#1868,.T.);
#1868 = SURFACE_CURVE('',#1869,(#1874,#1881),.PCURVE_S1.);
#1869 = CIRCLE('',#1870,50.533429294393);
#1870 = AXIS2_PLACEMENT_3D('',#1871,#1872,#1873);
#1871 = CARTESIAN_POINT('',(0.,0.,800.386));
#1872 = DIRECTION('',(0.,0.,1.));
#1873 = DIRECTION('',(1.,0.,0.));
#1874 = PCURVE('',#1827,#1875);
#1875 = DEFINITIONAL_REPRESENTATION('',(#1876),#1880);
#1876 = LINE('',#1877,#1878);
#1877 = CARTESIAN_POINT('',(0.,4.563));
#1878 = VECTOR('',#1879,1.);
#1879 = DIRECTION('',(1.,0.));
#1880 = ( GEOMETRIC_REPRESENTATION_CONTEXT(2) 
PARAMETRIC_REPRESENTATION_CONTEXT() REPRESENTATION_CONTEXT('2D SPACE',''
  ) );
#1881 = PCURVE('',#1882,#1887);
#1882 = CONICAL_SURFACE('',#1883,50.533429294393,2.539745378644E-02);
#1883 = AXIS2_PLACEMENT_3D('',#1884,#1885,#1886);
#1884 = CARTESIAN_POINT('',(0.,0.,800.386));
#1885 = DIRECTION('',(0.,0.,1.));
#1886 = DIRECTION('',(1.,0.,0.));
#1887 = DEFINITIONAL_REPRESENTATION('',(#1888),#1892);
#1888 = LINE('',#1889,#1890);
#1889 = CARTESIAN_POINT('',(0.,0.));
#1890 = VECTOR('',#1891,1.);
#1891 = DIRECTION('',(1.,0.));
#1892 = ( GEOMETRIC_REPRESENTATION_CONTEXT(2) 
PARAMETRIC_REPRESENTATION_CONTEXT() REPRESENTATION_CONTEXT('2D SPACE',''
  ) );
#1893 = ORIENTED_EDGE('',*,*,#1844,.F.);
#1894 = ADVANCED_FACE('',(#1895),#1882,.T.);
#1895 = FACE_BOUND('',#1896,.T.);
#1896 = EDGE_LOOP('',(#1897,#1898,#1921,#1948));
#1897 = ORIENTED_EDGE('',*,*,#1867,.T.);
#1898 = ORIENTED_EDGE('',*,*,#1899,.T.);
#1899 = EDGE_CURVE('',#1845,#1900,#1902,.T.);
#1900 = VERTEX_POINT('',#1901);
#1901 = CARTESIAN_POINT('',(50.649342799681,0.,804.949));
#1902 = SEAM_CURVE('',#1903,(#1907,#1914),.PCURVE_S1.);
#1903 = LINE('',#1904,#1905);
#1904 = CARTESIAN_POINT('',(50.533429294393,0.,800.386));
#1905 = VECTOR('',#1906,1.);
#1906 = DIRECTION('',(2.539472351851E-02,0.,0.999677502006));
#1907 = PCURVE('',#1882,#1908);
#1908 = DEFINITIONAL_REPRESENTATION('',(#1909),#1913);
#1909 = LINE('',#1910,#1911);
#1910 = CARTESIAN_POINT('',(6.28318530718,0.));
#1911 = VECTOR('',#1912,1.);
#1912 = DIRECTION('',(0.,1.));
#1913 = ( GEOMETRIC_REPRESENTATION_CONTEXT(2) 
PARAMETRIC_REPRESENTATION_CONTEXT() REPRESENTATION_CONTEXT('2D SPACE',''
  ) );
#1914 = PCURVE('',#1882,#1915);
#1915 = DEFINITIONAL_REPRESENTATION('',(#1916),#1920);
#1916 = LINE('',#1917,#1918);
#1917 = CARTESIAN_POINT('',(4.138911435803E-13,0.));
#1918 = VECTOR('',#1919,1.);
#1919 = DIRECTION('',(0.,1.));
#1920 = ( GEOMETRIC_REPRESENTATION_CONTEXT(2) 
PARAMETRIC_REPRESENTATION_CONTEXT() REPRESENTATION_CONTEXT('2D SPACE',''
  ) );
#1921 = ORIENTED_EDGE('',*,*,#1922,.F.);
#1922 = EDGE_CURVE('',#1900,#1900,#1923,.T.);
#1923 = SURFACE_CURVE('',#1924,(#1929,#1936),.PCURVE_S1.);
#1924 = CIRCLE('',#1925,50.649342799681);
#1925 = AXIS2_PLACEMENT_3D('',#1926,#1927,#1928);
#1926 = CARTESIAN_POINT('',(0.,0.,804.949));
#1927 = DIRECTION('',(0.,0.,1.));
#1928 = DIRECTION('',(1.,0.,0.));
#1929 = PCURVE('',#1882,#1930);
#1930 = DEFINITIONAL_REPRESENTATION('',(#1931),#1935);
#1931 = LINE('',#1932,#1933);
#1932 = CARTESIAN_POINT('',(0.,4.563));
#1933 = VECTOR('',#1934,1.);
#1934 = DIRECTION('',(1.,0.));
#1935 = ( GEOMETRIC_REPRESENTATION_CONTEXT(2) 
PARAMETRIC_REPRESENTATION_CONTEXT() REPRESENTATION_CONTEXT('2D SPACE',''
  ) );
#1936 = PCURVE('',#1937,#1942);
#1937 = CONICAL_SURFACE('',#1938,50.649342799681,2.49341409253E-02);
#1938 = AXIS2_PLACEMENT_3D('',#1939,#1940,#1941);
#1939 = CARTESIAN_POINT('',(0.,0.,804.949));
#1940 = DIRECTION('',(0.,0.,1.));
#1941 = DIRECTION('',(1.,0.,0.));
#1942 = DEFINITIONAL_REPRESENTATION('',(#1943),#1947);
#1943 = LINE('',#1944,#1945);
#1944 = CARTESIAN_POINT('',(0.,0.));
#1945 = VECTOR('',#1946,1.);
#1946 = DIRECTION('',(1.,0.));
#1947 = ( GEOMETRIC_REPRESENTATION_CONTEXT(2) 
PARAMETRIC_REPRESENTATION_CONTEXT() REPRESENTATION_CONTEXT('2D SPACE',''
  ) );
#1948 = ORIENTED_EDGE('',*,*,#1899,.F.);
#1949 = ADVANCED_FACE('',(#1950),#1937,.T.);
#1950 = FACE_BOUND('',#1951,.T.);
#1951 = EDGE_LOOP('',(#1952,#1953,#1976,#2003));
#1952 = ORIENTED_EDGE('',*,*,#1922,.T.);
#1953 = ORIENTED_EDGE('',*,*,#1954,.T.);
#1954 = EDGE_CURVE('',#1900,#1955,#1957,.T.);
#1955 = VERTEX_POINT('',#1956);
#1956 = CARTESIAN_POINT('',(50.763140868885,0.,809.512));
#1957 = SEAM_CURVE('',#1958,(#1962,#1969),.PCURVE_S1.);
#1958 = LINE('',#1959,#1960);
#1959 = CARTESIAN_POINT('',(50.649342799681,0.,804.949));
#1960 = VECTOR('',#1961,1.);
#1961 = DIRECTION('',(2.493155736574E-02,0.,0.999689160413));
#1962 = PCURVE('',#1937,#1963);
#1963 = DEFINITIONAL_REPRESENTATION('',(#1964),#1968);
#1964 = LINE('',#1965,#1966);
#1965 = CARTESIAN_POINT('',(6.28318530718,0.));
#1966 = VECTOR('',#1967,1.);
#1967 = DIRECTION('',(0.,1.));
#1968 = ( GEOMETRIC_REPRESENTATION_CONTEXT(2) 
PARAMETRIC_REPRESENTATION_CONTEXT() REPRESENTATION_CONTEXT('2D SPACE',''
  ) );
#1969 = PCURVE('',#1937,#1970);
#1970 = DEFINITIONAL_REPRESENTATION('',(#1971),#1975);
#1971 = LINE('',#1972,#1973);
#1972 = CARTESIAN_POINT('',(4.138911435803E-13,0.));
#1973 = VECTOR('',#1974,1.);
#1974 = DIRECTION('',(0.,1.));
#1975 = ( GEOMETRIC_REPRESENTATION_CONTEXT(2) 
PARAMETRIC_REPRESENTATION_CONTEXT() REPRESENTATION_CONTEXT('2D SPACE',''
  ) );
#1976 = ORIENTED_EDGE('',*,*,#1977,.F.);
#1977 = EDGE_CURVE('',#1955,#1955,#1978,.T.);
#1978 = SURFACE_CURVE('',#1979,(#1984,#1991),.PCURVE_S1.);
#1979 = CIRCLE('',#1980,50.763140868885);
#1980 = AXIS2_PLACEMENT_3D('',#1981,#1982,#1983);
#1981 = CARTESIAN_POINT('',(0.,0.,809.512));
#1982 = DIRECTION('',(0.,0.,1.));
#1983 = DIRECTION('',(1.,0.,0.));
#1984 = PCURVE('',#1937,#1985);
#1985 = DEFINITIONAL_REPRESENTATION('',(#1986),#1990);
#1986 = LINE('',#1987,#1988);
#1987 = CARTESIAN_POINT('',(0.,4.563));
#1988 = VECTOR('',#1989,1.);
#1989 = DIRECTION('',(1.,0.));
#1990 = ( GEOMETRIC_REPRESENTATION_CONTEXT(2) 
PARAMETRIC_REPRESENTATION_CONTEXT() REPRESENTATION_CONTEXT('2D SPACE',''
  ) );
#1991 = PCURVE('',#1992,#1997);
#1992 = CONICAL_SURFACE('',#1993,50.763140868885,2.44591083302E-02);
#1993 = AXIS2_PLACEMENT_3D('',#1994,#1995,#1996);
#1994 = CARTESIAN_POINT('',(0.,0.,809.512));
#1995 = DIRECTION('',(0.,0.,1.));
#1996 = DIRECTION('',(1.,0.,0.));
#1997 = DEFINITIONAL_REPRESENTATION('',(#1998),#2002);
#1998 = LINE('',#1999,#2000);
#1999 = CARTESIAN_POINT('',(0.,0.));
#2000 = VECTOR('',#2001,1.);
#2001 = DIRECTION('',(1.,0.));
#2002 = ( GEOMETRIC_REPRESENTATION_CONTEXT(2) 
PARAMETRIC_REPRESENTATION_CONTEXT() REPRESENTATION_CONTEXT('2D SPACE',''
  ) );
#2003 = ORIENTED_EDGE('',*,*,#1954,.F.);
#2004 = ADVANCED_FACE('',(#2005),#1992,.T.);
#2005 = FACE_BOUND('',#2006,.T.);
#2006 = EDGE_LOOP('',(#2007,#2008,#2031,#2058));
#2007 = ORIENTED_EDGE('',*,*,#1977,.T.);
#2008 = ORIENTED_EDGE('',*,*,#2009,.T.);
#2009 = EDGE_CURVE('',#1955,#2010,#2012,.T.);
#2010 = VERTEX_POINT('',#2011);
#2011 = CARTESIAN_POINT('',(50.874770041726,0.,814.075));
#2012 = SEAM_CURVE('',#2013,(#2017,#2024),.PCURVE_S1.);
#2013 = LINE('',#2014,#2015);
#2014 = CARTESIAN_POINT('',(50.763140868885,0.,809.512));
#2015 = VECTOR('',#2016,1.);
#2016 = DIRECTION('',(2.445666963446E-02,0.,0.999700890922));
#2017 = PCURVE('',#1992,#2018);
#2018 = DEFINITIONAL_REPRESENTATION('',(#2019),#2023);
#2019 = LINE('',#2020,#2021);
#2020 = CARTESIAN_POINT('',(6.28318530718,0.));
#2021 = VECTOR('',#2022,1.);
#2022 = DIRECTION('',(0.,1.));
#2023 = ( GEOMETRIC_REPRESENTATION_CONTEXT(2) 
PARAMETRIC_REPRESENTATION_CONTEXT() REPRESENTATION_CONTEXT('2D SPACE',''
  ) );
#2024 = PCURVE('',#1992,#2025);
#2025 = DEFINITIONAL_REPRESENTATION('',(#2026),#2030);
#2026 = LINE('',#2027,#2028);
#2027 = CARTESIAN_POINT('',(4.138911435803E-13,0.));
#2028 = VECTOR('',#2029,1.);
#2029 = DIRECTION('',(0.,1.));
#2030 = ( GEOMETRIC_REPRESENTATION_CONTEXT(2) 
PARAMETRIC_REPRESENTATION_CONTEXT() REPRESENTATION_CONTEXT('2D SPACE',''
  ) );
#2031 = ORIENTED_EDGE('',*,*,#2032,.F.);
#2032 = EDGE_CURVE('',#2010,#2010,#2033,.T.);
#2033 = SURFACE_CURVE('',#2034,(#2039,#2046),.PCURVE_S1.);
#2034 = CIRCLE('',#2035,50.874770041726);
#2035 = AXIS2_PLACEMENT_3D('',#2036,#2037,#2038);
#2036 = CARTESIAN_POINT('',(0.,0.,814.075));
#2037 = DIRECTION('',(0.,0.,1.));
#2038 = DIRECTION('',(1.,0.,0.));
#2039 = PCURVE('',#1992,#2040);
#2040 = DEFINITIONAL_REPRESENTATION('',(#2041),#2045);
#2041 = LINE('',#2042,#2043);
#2042 = CARTESIAN_POINT('',(0.,4.563));
#2043 = VECTOR('',#2044,1.);
#2044 = DIRECTION('',(1.,0.));
#2045 = ( GEOMETRIC_REPRESENTATION_CONTEXT(2) 
PARAMETRIC_REPRESENTATION_CONTEXT() REPRESENTATION_CONTEXT('2D SPACE',''
  ) );
#2046 = PCURVE('',#2047,#2052);
#2047 = CONICAL_SURFACE('',#2048,50.874770041726,2.397235539099E-02);
#2048 = AXIS2_PLACEMENT_3D('',#2049,#2050,#2051);
#2049 = CARTESIAN_POINT('',(0.,0.,814.075));
#2050 = DIRECTION('',(0.,0.,1.));
#2051 = DIRECTION('',(1.,0.,0.));
#2052 = DEFINITIONAL_REPRESENTATION('',(#2053),#2057);
#2053 = LINE('',#2054,#2055);
#2054 = CARTESIAN_POINT('',(0.,0.));
#2055 = VECTOR('',#2056,1.);
#2056 = DIRECTION('',(1.,0.));
#2057 = ( GEOMETRIC_REPRESENTATION_CONTEXT(2) 
PARAMETRIC_REPRESENTATION_CONTEXT() REPRESENTATION_CONTEXT('2D SPACE',''
  ) );
#2058 = ORIENTED_EDGE('',*,*,#2009,.F.);
#2059 = ADVANCED_FACE('',(#2060),#2047,.T.);
#2060 = FACE_BOUND('',#2061,.T.);
#2061 = EDGE_LOOP('',(#2062,#2063,#2086,#2113));
#2062 = ORIENTED_EDGE('',*,*,#2032,.T.);
#2063 = ORIENTED_EDGE('',*,*,#2064,.T.);
#2064 = EDGE_CURVE('',#2010,#2065,#2067,.T.);
#2065 = VERTEX_POINT('',#2066);
#2066 = CARTESIAN_POINT('',(50.984176857923,0.,818.638));
#2067 = SEAM_CURVE('',#2068,(#2072,#2079),.PCURVE_S1.);
#2068 = LINE('',#2069,#2070);
#2069 = CARTESIAN_POINT('',(50.874770041726,0.,814.075));
#2070 = VECTOR('',#2071,1.);
#2071 = DIRECTION('',(2.397005940937E-02,0.,0.999712676849));
#2072 = PCURVE('',#2047,#2073);
#2073 = DEFINITIONAL_REPRESENTATION('',(#2074),#2078);
#2074 = LINE('',#2075,#2076);
#2075 = CARTESIAN_POINT('',(6.28318530718,0.));
#2076 = VECTOR('',#2077,1.);
#2077 = DIRECTION('',(0.,1.));
#2078 = ( GEOMETRIC_REPRESENTATION_CONTEXT(2) 
PARAMETRIC_REPRESENTATION_CONTEXT() REPRESENTATION_CONTEXT('2D SPACE',''
  ) );
#2079 = PCURVE('',#2047,#2080);
#2080 = DEFINITIONAL_REPRESENTATION('',(#2081),#2085);
#2081 = LINE('',#2082,#2083);
#2082 = CARTESIAN_POINT('',(4.138911435803E-13,0.));
#2083 = VECTOR('',#2084,1.);
#2084 = DIRECTION('',(0.,1.));
#2085 = ( GEOMETRIC_REPRESENTATION_CONTEXT(2) 
PARAMETRIC_REPRESENTATION_CONTEXT() REPRESENTATION_CONTEXT('2D SPACE',''
  ) );
#2086 = ORIENTED_EDGE('',*,*,#2087,.F.);
#2087 = EDGE_CURVE('',#2065,#2065,#2088,.T.);
#2088 = SURFACE_CURVE('',#2089,(#2094,#2101),.PCURVE_S1.);
#2089 = CIRCLE('',#2090,50.984176857923);
#2090 = AXIS2_PLACEMENT_3D('',#2091,#2092,#2093);
#2091 = CARTESIAN_POINT('',(0.,0.,818.638));
#2092 = DIRECTION('',(0.,0.,1.));
#2093 = DIRECTION('',(1.,0.,0.));
#2094 = PCURVE('',#2047,#2095);
#2095 = DEFINITIONAL_REPRESENTATION('',(#2096),#2100);
#2096 = LINE('',#2097,#2098);
#2097 = CARTESIAN_POINT('',(0.,4.563));
#2098 = VECTOR('',#2099,1.);
#2099 = DIRECTION('',(1.,0.));
#2100 = ( GEOMETRIC_REPRESENTATION_CONTEXT(2) 
PARAMETRIC_REPRESENTATION_CONTEXT() REPRESENTATION_CONTEXT('2D SPACE',''
  ) );
#2101 = PCURVE('',#2102,#2107);
#2102 = CONICAL_SURFACE('',#2103,50.984176857923,2.347388150983E-02);
#2103 = AXIS2_PLACEMENT_3D('',#2104,#2105,#2106);
#2104 = CARTESIAN_POINT('',(0.,0.,818.638));
#2105 = DIRECTION('',(0.,0.,1.));
#2106 = DIRECTION('',(1.,0.,0.));
#2107 = DEFINITIONAL_REPRESENTATION('',(#2108),#2112);
#2108 = LINE('',#2109,#2110);
#2109 = CARTESIAN_POINT('',(0.,0.));
#2110 = VECTOR('',#2111,1.);
#2111 = DIRECTION('',(1.,0.));
#2112 = ( GEOMETRIC_REPRESENTATION_CONTEXT(2) 
PARAMETRIC_REPRESENTATION_CONTEXT() REPRESENTATION_CONTEXT('2D SPACE',''
  ) );
#2113 = ORIENTED_EDGE('',*,*,#2064,.F.);
#2114 = ADVANCED_FACE('',(#2115),#2102,.T.);
#2115 = FACE_BOUND('',#2116,.T.);
#2116 = EDGE_LOOP('',(#2117,#2118,#2141,#2168));
#2117 = ORIENTED_EDGE('',*,*,#2087,.T.);
#2118 = ORIENTED_EDGE('',*,*,#2119,.T.);
#2119 = EDGE_CURVE('',#2065,#2120,#2122,.T.);
#2120 = VERTEX_POINT('',#2121);
#2121 = CARTESIAN_POINT('',(51.091307857194,0.,823.201));
#2122 = SEAM_CURVE('',#2123,(#2127,#2134),.PCURVE_S1.);
#2123 = LINE('',#2124,#2125);
#2124 = CARTESIAN_POINT('',(50.984176857923,0.,818.638));
#2125 = VECTOR('',#2126,1.);
#2126 = DIRECTION('',(2.347172579408E-02,0.,0.999724501094));
#2127 = PCURVE('',#2102,#2128);
#2128 = DEFINITIONAL_REPRESENTATION('',(#2129),#2133);
#2129 = LINE('',#2130,#2131);
#2130 = CARTESIAN_POINT('',(6.28318530718,0.));
#2131 = VECTOR('',#2132,1.);
#2132 = DIRECTION('',(0.,1.));
#2133 = ( GEOMETRIC_REPRESENTATION_CONTEXT(2) 
PARAMETRIC_REPRESENTATION_CONTEXT() REPRESENTATION_CONTEXT('2D SPACE',''
  ) );
#2134 = PCURVE('',#2102,#2135);
#2135 = DEFINITIONAL_REPRESENTATION('',(#2136),#2140);
#2136 = LINE('',#2137,#2138);
#2137 = CARTESIAN_POINT('',(4.138911435803E-13,0.));
#2138 = VECTOR('',#2139,1.);
#2139 = DIRECTION('',(0.,1.));
#2140 = ( GEOMETRIC_REPRESENTATION_CONTEXT(2) 
PARAMETRIC_REPRESENTATION_CONTEXT() REPRESENTATION_CONTEXT('2D SPACE',''
  ) );
#2141 = ORIENTED_EDGE('',*,*,#2142,.F.);
#2142 = EDGE_CURVE('',#2120,#2120,#2143,.T.);
#2143 = SURFACE_CURVE('',#2144,(#2149,#2156),.PCURVE_S1.);
#2144 = CIRCLE('',#2145,51.091307857194);
#2145 = AXIS2_PLACEMENT_3D('',#2146,#2147,#2148);
#2146 = CARTESIAN_POINT('',(0.,0.,823.201));
#2147 = DIRECTION('',(0.,0.,1.));
#2148 = DIRECTION('',(1.,0.,0.));
#2149 = PCURVE('',#2102,#2150);
#2150 = DEFINITIONAL_REPRESENTATION('',(#2151),#2155);
#2151 = LINE('',#2152,#2153);
#2152 = CARTESIAN_POINT('',(0.,4.563));
#2153 = VECTOR('',#2154,1.);
#2154 = DIRECTION('',(1.,0.));
#2155 = ( GEOMETRIC_REPRESENTATION_CONTEXT(2) 
PARAMETRIC_REPRESENTATION_CONTEXT() REPRESENTATION_CONTEXT('2D SPACE',''
  ) );
#2156 = PCURVE('',#2157,#2162);
#2157 = CONICAL_SURFACE('',#2158,51.091307857194,2.296368610327E-02);
#2158 = AXIS2_PLACEMENT_3D('',#2159,#2160,#2161);
#2159 = CARTESIAN_POINT('',(0.,0.,823.201));
#2160 = DIRECTION('',(0.,0.,1.));
#2161 = DIRECTION('',(1.,0.,0.));
#2162 = DEFINITIONAL_REPRESENTATION('',(#2163),#2167);
#2163 = LINE('',#2164,#2165);
#2164 = CARTESIAN_POINT('',(0.,0.));
#2165 = VECTOR('',#2166,1.);
#2166 = DIRECTION('',(1.,0.));
#2167 = ( GEOMETRIC_REPRESENTATION_CONTEXT(2) 
PARAMETRIC_REPRESENTATION_CONTEXT() REPRESENTATION_CONTEXT('2D SPACE',''
  ) );
#2168 = ORIENTED_EDGE('',*,*,#2119,.F.);
#2169 = ADVANCED_FACE('',(#2170),#2157,.T.);
#2170 = FACE_BOUND('',#2171,.T.);
#2171 = EDGE_LOOP('',(#2172,#2173,#2196,#2223));
#2172 = ORIENTED_EDGE('',*,*,#2142,.T.);
#2173 = ORIENTED_EDGE('',*,*,#2174,.T.);
#2174 = EDGE_CURVE('',#2120,#2175,#2177,.T.);
#2175 = VERTEX_POINT('',#2176);
#2176 = CARTESIAN_POINT('',(51.196109579259,0.,827.764));
#2177 = SEAM_CURVE('',#2178,(#2182,#2189),.PCURVE_S1.);
#2178 = LINE('',#2179,#2180);
#2179 = CARTESIAN_POINT('',(51.091307857194,0.,823.201));
#2180 = VECTOR('',#2181,1.);
#2181 = DIRECTION('',(2.296166791295E-02,0.,0.999736346147));
#2182 = PCURVE('',#2157,#2183);
#2183 = DEFINITIONAL_REPRESENTATION('',(#2184),#2188);
#2184 = LINE('',#2185,#2186);
#2185 = CARTESIAN_POINT('',(6.28318530718,0.));
#2186 = VECTOR('',#2187,1.);
#2187 = DIRECTION('',(0.,1.));
#2188 = ( GEOMETRIC_REPRESENTATION_CONTEXT(2) 
PARAMETRIC_REPRESENTATION_CONTEXT() REPRESENTATION_CONTEXT('2D SPACE',''
  ) );
#2189 = PCURVE('',#2157,#2190);
#2190 = DEFINITIONAL_REPRESENTATION('',(#2191),#2195);
#2191 = LINE('',#2192,#2193);
#2192 = CARTESIAN_POINT('',(4.138911435803E-13,0.));
#2193 = VECTOR('',#2194,1.);
#2194 = DIRECTION('',(0.,1.));
#2195 = ( GEOMETRIC_REPRESENTATION_CONTEXT(2) 
PARAMETRIC_REPRESENTATION_CONTEXT() REPRESENTATION_CONTEXT('2D SPACE',''
  ) );
#2196 = ORIENTED_EDGE('',*,*,#2197,.F.);
#2197 = EDGE_CURVE('',#2175,#2175,#2198,.T.);
#2198 = SURFACE_CURVE('',#2199,(#2204,#2211),.PCURVE_S1.);
#2199 = CIRCLE('',#2200,51.196109579259);
#2200 = AXIS2_PLACEMENT_3D('',#2201,#2202,#2203);
#2201 = CARTESIAN_POINT('',(0.,0.,827.764));
#2202 = DIRECTION('',(0.,0.,1.));
#2203 = DIRECTION('',(1.,0.,0.));
#2204 = PCURVE('',#2157,#2205);
#2205 = DEFINITIONAL_REPRESENTATION('',(#2206),#2210);
#2206 = LINE('',#2207,#2208);
#2207 = CARTESIAN_POINT('',(0.,4.563));
#2208 = VECTOR('',#2209,1.);
#2209 = DIRECTION('',(1.,0.));
#2210 = ( GEOMETRIC_REPRESENTATION_CONTEXT(2) 
PARAMETRIC_REPRESENTATION_CONTEXT() REPRESENTATION_CONTEXT('2D SPACE',''
  ) );
#2211 = PCURVE('',#2212,#2217);
#2212 = CONICAL_SURFACE('',#2213,51.196109579259,2.244176860426E-02);
#2213 = AXIS2_PLACEMENT_3D('',#2214,#2215,#2216);
#2214 = CARTESIAN_POINT('',(0.,0.,827.764));
#2215 = DIRECTION('',(0.,0.,1.));
#2216 = DIRECTION('',(1.,0.,0.));
#2217 = DEFINITIONAL_REPRESENTATION('',(#2218),#2222);
#2218 = LINE('',#2219,#2220);
#2219 = CARTESIAN_POINT('',(0.,0.));
#2220 = VECTOR('',#2221,1.);
#2221 = DIRECTION('',(1.,0.));
#2222 = ( GEOMETRIC_REPRESENTATION_CONTEXT(2) 
PARAMETRIC_REPRESENTATION_CONTEXT() REPRESENTATION_CONTEXT('2D SPACE',''
  ) );
#2223 = ORIENTED_EDGE('',*,*,#2174,.F.);
#2224 = ADVANCED_FACE('',(#2225),#2212,.T.);
#2225 = FACE_BOUND('',#2226,.T.);
#2226 = EDGE_LOOP('',(#2227,#2228,#2251,#2278));
#2227 = ORIENTED_EDGE('',*,*,#2197,.T.);
#2228 = ORIENTED_EDGE('',*,*,#2229,.T.);
#2229 = EDGE_CURVE('',#2175,#2230,#2232,.T.);
#2230 = VERTEX_POINT('',#2231);
#2231 = CARTESIAN_POINT('',(51.298528563837,0.,832.327));
#2232 = SEAM_CURVE('',#2233,(#2237,#2244),.PCURVE_S1.);
#2233 = LINE('',#2234,#2235);
#2234 = CARTESIAN_POINT('',(51.196109579259,0.,827.764));
#2235 = VECTOR('',#2236,1.);
#2236 = DIRECTION('',(2.243988491597E-02,0.,0.999748194079));
#2237 = PCURVE('',#2212,#2238);
#2238 = DEFINITIONAL_REPRESENTATION('',(#2239),#2243);
#2239 = LINE('',#2240,#2241);
#2240 = CARTESIAN_POINT('',(6.28318530718,0.));
#2241 = VECTOR('',#2242,1.);
#2242 = DIRECTION('',(0.,1.));
#2243 = ( GEOMETRIC_REPRESENTATION_CONTEXT(2) 
PARAMETRIC_REPRESENTATION_CONTEXT() REPRESENTATION_CONTEXT('2D SPACE',''
  ) );
#2244 = PCURVE('',#2212,#2245);
#2245 = DEFINITIONAL_REPRESENTATION('',(#2246),#2250);
#2246 = LINE('',#2247,#2248);
#2247 = CARTESIAN_POINT('',(4.138911435803E-13,0.));
#2248 = VECTOR('',#2249,1.);
#2249 = DIRECTION('',(0.,1.));
#2250 = ( GEOMETRIC_REPRESENTATION_CONTEXT(2) 
PARAMETRIC_REPRESENTATION_CONTEXT() REPRESENTATION_CONTEXT('2D SPACE',''
  ) );
#2251 = ORIENTED_EDGE('',*,*,#2252,.F.);
#2252 = EDGE_CURVE('',#2230,#2230,#2253,.T.);
#2253 = SURFACE_CURVE('',#2254,(#2259,#2266),.PCURVE_S1.);
#2254 = CIRCLE('',#2255,51.298528563837);
#2255 = AXIS2_PLACEMENT_3D('',#2256,#2257,#2258);
#2256 = CARTESIAN_POINT('',(0.,0.,832.327));
#2257 = DIRECTION('',(0.,0.,1.));
#2258 = DIRECTION('',(1.,0.,0.));
#2259 = PCURVE('',#2212,#2260);
#2260 = DEFINITIONAL_REPRESENTATION('',(#2261),#2265);
#2261 = LINE('',#2262,#2263);
#2262 = CARTESIAN_POINT('',(0.,4.563));
#2263 = VECTOR('',#2264,1.);
#2264 = DIRECTION('',(1.,0.));
#2265 = ( GEOMETRIC_REPRESENTATION_CONTEXT(2) 
PARAMETRIC_REPRESENTATION_CONTEXT() REPRESENTATION_CONTEXT('2D SPACE',''
  ) );
#2266 = PCURVE('',#2267,#2272);
#2267 = CONICAL_SURFACE('',#2268,51.298528563837,2.190812846426E-02);
#2268 = AXIS2_PLACEMENT_3D('',#2269,#2270,#2271);
#2269 = CARTESIAN_POINT('',(0.,0.,832.327));
#2270 = DIRECTION('',(0.,0.,1.));
#2271 = DIRECTION('',(1.,0.,0.));
#2272 = DEFINITIONAL_REPRESENTATION('',(#2273),#2277);
#2273 = LINE('',#2274,#2275);
#2274 = CARTESIAN_POINT('',(0.,0.));
#2275 = VECTOR('',#2276,1.);
#2276 = DIRECTION('',(1.,0.));
#2277 = ( GEOMETRIC_REPRESENTATION_CONTEXT(2) 
PARAMETRIC_REPRESENTATION_CONTEXT() REPRESENTATION_CONTEXT('2D SPACE',''
  ) );
#2278 = ORIENTED_EDGE('',*,*,#2229,.F.);
#2279 = ADVANCED_FACE('',(#2280),#2267,.T.);
#2280 = FACE_BOUND('',#2281,.T.);
#2281 = EDGE_LOOP('',(#2282,#2283,#2306,#2333));
#2282 = ORIENTED_EDGE('',*,*,#2252,.T.);
#2283 = ORIENTED_EDGE('',*,*,#2284,.T.);
#2284 = EDGE_CURVE('',#2230,#2285,#2287,.T.);
#2285 = VERTEX_POINT('',#2286);
#2286 = CARTESIAN_POINT('',(51.398511350647,0.,836.89));
#2287 = SEAM_CURVE('',#2288,(#2292,#2299),.PCURVE_S1.);
#2288 = LINE('',#2289,#2290);
#2289 = CARTESIAN_POINT('',(51.298528563837,0.,832.327));
#2290 = VECTOR('',#2291,1.);
#2291 = DIRECTION('',(2.190637597985E-02,0.,0.999760026552));
#2292 = PCURVE('',#2267,#2293);
#2293 = DEFINITIONAL_REPRESENTATION('',(#2294),#2298);
#2294 = LINE('',#2295,#2296);
#2295 = CARTESIAN_POINT('',(6.28318530718,0.));
#2296 = VECTOR('',#2297,1.);
#2297 = DIRECTION('',(0.,1.));
#2298 = ( GEOMETRIC_REPRESENTATION_CONTEXT(2) 
PARAMETRIC_REPRESENTATION_CONTEXT() REPRESENTATION_CONTEXT('2D SPACE',''
  ) );
#2299 = PCURVE('',#2267,#2300);
#2300 = DEFINITIONAL_REPRESENTATION('',(#2301),#2305);
#2301 = LINE('',#2302,#2303);
#2302 = CARTESIAN_POINT('',(4.138911435803E-13,0.));
#2303 = VECTOR('',#2304,1.);
#2304 = DIRECTION('',(0.,1.));
#2305 = ( GEOMETRIC_REPRESENTATION_CONTEXT(2) 
PARAMETRIC_REPRESENTATION_CONTEXT() REPRESENTATION_CONTEXT('2D SPACE',''
  ) );
#2306 = ORIENTED_EDGE('',*,*,#2307,.F.);
#2307 = EDGE_CURVE('',#2285,#2285,#2308,.T.);
#2308 = SURFACE_CURVE('',#2309,(#2314,#2321),.PCURVE_S1.);
#2309 = CIRCLE('',#2310,51.398511350647);
#2310 = AXIS2_PLACEMENT_3D('',#2311,#2312,#2313);
#2311 = CARTESIAN_POINT('',(0.,0.,836.89));
#2312 = DIRECTION('',(0.,0.,1.));
#2313 = DIRECTION('',(1.,0.,0.));
#2314 = PCURVE('',#2267,#2315);
#2315 = DEFINITIONAL_REPRESENTATION('',(#2316),#2320);
#2316 = LINE('',#2317,#2318);
#2317 = CARTESIAN_POINT('',(0.,4.563));
#2318 = VECTOR('',#2319,1.);
#2319 = DIRECTION('',(1.,0.));
#2320 = ( GEOMETRIC_REPRESENTATION_CONTEXT(2) 
PARAMETRIC_REPRESENTATION_CONTEXT() REPRESENTATION_CONTEXT('2D SPACE',''
  ) );
#2321 = PCURVE('',#2322,#2327);
#2322 = CONICAL_SURFACE('',#2323,51.398511350647,2.13627651554E-02);
#2323 = AXIS2_PLACEMENT_3D('',#2324,#2325,#2326);
#2324 = CARTESIAN_POINT('',(0.,0.,836.89));
#2325 = DIRECTION('',(0.,0.,1.));
#2326 = DIRECTION('',(1.,0.,0.));
#2327 = DEFINITIONAL_REPRESENTATION('',(#2328),#2332);
#2328 = LINE('',#2329,#2330);
#2329 = CARTESIAN_POINT('',(0.,0.));
#2330 = VECTOR('',#2331,1.);
#2331 = DIRECTION('',(1.,0.));
#2332 = ( GEOMETRIC_REPRESENTATION_CONTEXT(2) 
PARAMETRIC_REPRESENTATION_CONTEXT() REPRESENTATION_CONTEXT('2D SPACE',''
  ) );
#2333 = ORIENTED_EDGE('',*,*,#2284,.F.);
#2334 = ADVANCED_FACE('',(#2335),#2322,.T.);
#2335 = FACE_BOUND('',#2336,.T.);
#2336 = EDGE_LOOP('',(#2337,#2338,#2361,#2388));
#2337 = ORIENTED_EDGE('',*,*,#2307,.T.);
#2338 = ORIENTED_EDGE('',*,*,#2339,.T.);
#2339 = EDGE_CURVE('',#2285,#2340,#2342,.T.);
#2340 = VERTEX_POINT('',#2341);
#2341 = CARTESIAN_POINT('',(51.496004479409,0.,841.453));
#2342 = SEAM_CURVE('',#2343,(#2347,#2354),.PCURVE_S1.);
#2343 = LINE('',#2344,#2345);
#2344 = CARTESIAN_POINT('',(51.398511350647,0.,836.89));
#2345 = VECTOR('',#2346,1.);
#2346 = DIRECTION('',(2.136114031309E-02,0.,0.99977182481));
#2347 = PCURVE('',#2322,#2348);
#2348 = DEFINITIONAL_REPRESENTATION('',(#2349),#2353);
#2349 = LINE('',#2350,#2351);
#2350 = CARTESIAN_POINT('',(6.28318530718,0.));
#2351 = VECTOR('',#2352,1.);
#2352 = DIRECTION('',(0.,1.));
#2353 = ( GEOMETRIC_REPRESENTATION_CONTEXT(2) 
PARAMETRIC_REPRESENTATION_CONTEXT() REPRESENTATION_CONTEXT('2D SPACE',''
  ) );
#2354 = PCURVE('',#2322,#2355);
#2355 = DEFINITIONAL_REPRESENTATION('',(#2356),#2360);
#2356 = LINE('',#2357,#2358);
#2357 = CARTESIAN_POINT('',(4.138911435803E-13,0.));
#2358 = VECTOR('',#2359,1.);
#2359 = DIRECTION('',(0.,1.));
#2360 = ( GEOMETRIC_REPRESENTATION_CONTEXT(2) 
PARAMETRIC_REPRESENTATION_CONTEXT() REPRESENTATION_CONTEXT('2D SPACE',''
  ) );
#2361 = ORIENTED_EDGE('',*,*,#2362,.F.);
#2362 = EDGE_CURVE('',#2340,#2340,#2363,.T.);
#2363 = SURFACE_CURVE('',#2364,(#2369,#2376),.PCURVE_S1.);
#2364 = CIRCLE('',#2365,51.496004479409);
#2365 = AXIS2_PLACEMENT_3D('',#2366,#2367,#2368);
#2366 = CARTESIAN_POINT('',(0.,0.,841.453));
#2367 = DIRECTION('',(0.,0.,1.));
#2368 = DIRECTION('',(1.,0.,0.));
#2369 = PCURVE('',#2322,#2370);
#2370 = DEFINITIONAL_REPRESENTATION('',(#2371),#2375);
#2371 = LINE('',#2372,#2373);
#2372 = CARTESIAN_POINT('',(0.,4.563));
#2373 = VECTOR('',#2374,1.);
#2374 = DIRECTION('',(1.,0.));
#2375 = ( GEOMETRIC_REPRESENTATION_CONTEXT(2) 
PARAMETRIC_REPRESENTATION_CONTEXT() REPRESENTATION_CONTEXT('2D SPACE',''
  ) );
#2376 = PCURVE('',#2377,#2382);
#2377 = CONICAL_SURFACE('',#2378,51.496004479409,2.080567817268E-02);
#2378 = AXIS2_PLACEMENT_3D('',#2379,#2380,#2381);
#2379 = CARTESIAN_POINT('',(0.,0.,841.453));
#2380 = DIRECTION('',(0.,0.,1.));
#2381 = DIRECTION('',(1.,0.,0.));
#2382 = DEFINITIONAL_REPRESENTATION('',(#2383),#2387);
#2383 = LINE('',#2384,#2385);
#2384 = CARTESIAN_POINT('',(0.,0.));
#2385 = VECTOR('',#2386,1.);
#2386 = DIRECTION('',(1.,0.));
#2387 = ( GEOMETRIC_REPRESENTATION_CONTEXT(2) 
PARAMETRIC_REPRESENTATION_CONTEXT() REPRESENTATION_CONTEXT('2D SPACE',''
  ) );
#2388 = ORIENTED_EDGE('',*,*,#2339,.F.);
#2389 = ADVANCED_FACE('',(#2390),#2377,.T.);
#2390 = FACE_BOUND('',#2391,.T.);
#2391 = EDGE_LOOP('',(#2392,#2393,#2416,#2443));
#2392 = ORIENTED_EDGE('',*,*,#2362,.T.);
#2393 = ORIENTED_EDGE('',*,*,#2394,.T.);
#2394 = EDGE_CURVE('',#2340,#2395,#2397,.T.);
#2395 = VERTEX_POINT('',#2396);
#2396 = CARTESIAN_POINT('',(51.590954489841,0.,846.016));
#2397 = SEAM_CURVE('',#2398,(#2402,#2409),.PCURVE_S1.);
#2398 = LINE('',#2399,#2400);
#2399 = CARTESIAN_POINT('',(51.496004479409,0.,841.453));
#2400 = VECTOR('',#2401,1.);
#2401 = DIRECTION('',(2.080417715794E-02,0.,0.999783569685));
#2402 = PCURVE('',#2377,#2403);
#2403 = DEFINITIONAL_REPRESENTATION('',(#2404),#2408);
#2404 = LINE('',#2405,#2406);
#2405 = CARTESIAN_POINT('',(6.28318530718,0.));
#2406 = VECTOR('',#2407,1.);
#2407 = DIRECTION('',(0.,1.));
#2408 = ( GEOMETRIC_REPRESENTATION_CONTEXT(2) 
PARAMETRIC_REPRESENTATION_CONTEXT() REPRESENTATION_CONTEXT('2D SPACE',''
  ) );
#2409 = PCURVE('',#2377,#2410);
#2410 = DEFINITIONAL_REPRESENTATION('',(#2411),#2415);
#2411 = LINE('',#2412,#2413);
#2412 = CARTESIAN_POINT('',(4.138911435803E-13,0.));
#2413 = VECTOR('',#2414,1.);
#2414 = DIRECTION('',(0.,1.));
#2415 = ( GEOMETRIC_REPRESENTATION_CONTEXT(2) 
PARAMETRIC_REPRESENTATION_CONTEXT() REPRESENTATION_CONTEXT('2D SPACE',''
  ) );
#2416 = ORIENTED_EDGE('',*,*,#2417,.F.);
#2417 = EDGE_CURVE('',#2395,#2395,#2418,.T.);
#2418 = SURFACE_CURVE('',#2419,(#2424,#2431),.PCURVE_S1.);
#2419 = CIRCLE('',#2420,51.590954489841);
#2420 = AXIS2_PLACEMENT_3D('',#2421,#2422,#2423);
#2421 = CARTESIAN_POINT('',(0.,0.,846.016));
#2422 = DIRECTION('',(0.,0.,1.));
#2423 = DIRECTION('',(1.,0.,0.));
#2424 = PCURVE('',#2377,#2425);
#2425 = DEFINITIONAL_REPRESENTATION('',(#2426),#2430);
#2426 = LINE('',#2427,#2428);
#2427 = CARTESIAN_POINT('',(0.,4.563));
#2428 = VECTOR('',#2429,1.);
#2429 = DIRECTION('',(1.,0.));
#2430 = ( GEOMETRIC_REPRESENTATION_CONTEXT(2) 
PARAMETRIC_REPRESENTATION_CONTEXT() REPRESENTATION_CONTEXT('2D SPACE',''
  ) );
#2431 = PCURVE('',#2432,#2437);
#2432 = CONICAL_SURFACE('',#2433,51.590954489841,2.023686703621E-02);
#2433 = AXIS2_PLACEMENT_3D('',#2434,#2435,#2436);
#2434 = CARTESIAN_POINT('',(0.,0.,846.016));
#2435 = DIRECTION('',(0.,0.,1.));
#2436 = DIRECTION('',(1.,0.,0.));
#2437 = DEFINITIONAL_REPRESENTATION('',(#2438),#2442);
#2438 = LINE('',#2439,#2440);
#2439 = CARTESIAN_POINT('',(0.,0.));
#2440 = VECTOR('',#2441,1.);
#2441 = DIRECTION('',(1.,0.));
#2442 = ( GEOMETRIC_REPRESENTATION_CONTEXT(2) 
PARAMETRIC_REPRESENTATION_CONTEXT() REPRESENTATION_CONTEXT('2D SPACE',''
  ) );
#2443 = ORIENTED_EDGE('',*,*,#2394,.F.);
#2444 = ADVANCED_FACE('',(#2445),#2432,.T.);
#2445 = FACE_BOUND('',#2446,.T.);
#2446 = EDGE_LOOP('',(#2447,#2448,#2471,#2498));
#2447 = ORIENTED_EDGE('',*,*,#2417,.T.);
#2448 = ORIENTED_EDGE('',*,*,#2449,.T.);
#2449 = EDGE_CURVE('',#2395,#2450,#2452,.T.);
#2450 = VERTEX_POINT('',#2451);
#2451 = CARTESIAN_POINT('',(51.683307921662,0.,850.579));
#2452 = SEAM_CURVE('',#2453,(#2457,#2464),.PCURVE_S1.);
#2453 = LINE('',#2454,#2455);
#2454 = CARTESIAN_POINT('',(51.590954489841,0.,846.016));
#2455 = VECTOR('',#2456,1.);
#2456 = DIRECTION('',(2.023548579455E-02,0.,0.999795241594));
#2457 = PCURVE('',#2432,#2458);
#2458 = DEFINITIONAL_REPRESENTATION('',(#2459),#2463);
#2459 = LINE('',#2460,#2461);
#2460 = CARTESIAN_POINT('',(6.28318530718,0.));
#2461 = VECTOR('',#2462,1.);
#2462 = DIRECTION('',(0.,1.));
#2463 = ( GEOMETRIC_REPRESENTATION_CONTEXT(2) 
PARAMETRIC_REPRESENTATION_CONTEXT() REPRESENTATION_CONTEXT('2D SPACE',''
  ) );
#2464 = PCURVE('',#2432,#2465);
#2465 = DEFINITIONAL_REPRESENTATION('',(#2466),#2470);
#2466 = LINE('',#2467,#2468);
#2467 = CARTESIAN_POINT('',(4.138911435803E-13,0.));
#2468 = VECTOR('',#2469,1.);
#2469 = DIRECTION('',(0.,1.));
#2470 = ( GEOMETRIC_REPRESENTATION_CONTEXT(2) 
PARAMETRIC_REPRESENTATION_CONTEXT() REPRESENTATION_CONTEXT('2D SPACE',''
  ) );
#2471 = ORIENTED_EDGE('',*,*,#2472,.F.);
#2472 = EDGE_CURVE('',#2450,#2450,#2473,.T.);
#2473 = SURFACE_CURVE('',#2474,(#2479,#2486),.PCURVE_S1.);
#2474 = CIRCLE('',#2475,51.683307921662);
#2475 = AXIS2_PLACEMENT_3D('',#2476,#2477,#2478);
#2476 = CARTESIAN_POINT('',(0.,0.,850.579));
#2477 = DIRECTION('',(0.,0.,1.));
#2478 = DIRECTION('',(1.,0.,0.));
#2479 = PCURVE('',#2432,#2480);
#2480 = DEFINITIONAL_REPRESENTATION('',(#2481),#2485);
#2481 = LINE('',#2482,#2483);
#2482 = CARTESIAN_POINT('',(0.,4.563));
#2483 = VECTOR('',#2484,1.);
#2484 = DIRECTION('',(1.,0.));
#2485 = ( GEOMETRIC_REPRESENTATION_CONTEXT(2) 
PARAMETRIC_REPRESENTATION_CONTEXT() REPRESENTATION_CONTEXT('2D SPACE',''
  ) );
#2486 = PCURVE('',#2487,#2492);
#2487 = CONICAL_SURFACE('',#2488,51.683307921662,1.965633129351E-02);
#2488 = AXIS2_PLACEMENT_3D('',#2489,#2490,#2491);
#2489 = CARTESIAN_POINT('',(0.,0.,850.579));
#2490 = DIRECTION('',(0.,0.,1.));
#2491 = DIRECTION('',(1.,0.,0.));
#2492 = DEFINITIONAL_REPRESENTATION('',(#2493),#2497);
#2493 = LINE('',#2494,#2495);
#2494 = CARTESIAN_POINT('',(0.,0.));
#2495 = VECTOR('',#2496,1.);
#2496 = DIRECTION('',(1.,0.));
#2497 = ( GEOMETRIC_REPRESENTATION_CONTEXT(2) 
PARAMETRIC_REPRESENTATION_CONTEXT() REPRESENTATION_CONTEXT('2D SPACE',''
  ) );
#2498 = ORIENTED_EDGE('',*,*,#2449,.F.);
#2499 = ADVANCED_FACE('',(#2500),#2487,.T.);
#2500 = FACE_BOUND('',#2501,.T.);
#2501 = EDGE_LOOP('',(#2502,#2503,#2526,#2553));
#2502 = ORIENTED_EDGE('',*,*,#2472,.T.);
#2503 = ORIENTED_EDGE('',*,*,#2504,.T.);
#2504 = EDGE_CURVE('',#2450,#2505,#2507,.T.);
#2505 = VERTEX_POINT('',#2506);
#2506 = CARTESIAN_POINT('',(51.773011314593,0.,855.142));
#2507 = SEAM_CURVE('',#2508,(#2512,#2519),.PCURVE_S1.);
#2508 = LINE('',#2509,#2510);
#2509 = CARTESIAN_POINT('',(51.683307921662,0.,850.579));
#2510 = VECTOR('',#2511,1.);
#2511 = DIRECTION('',(1.965506554405E-02,0.,0.99980682054));
#2512 = PCURVE('',#2487,#2513);
#2513 = DEFINITIONAL_REPRESENTATION('',(#2514),#2518);
#2514 = LINE('',#2515,#2516);
#2515 = CARTESIAN_POINT('',(6.28318530718,0.));
#2516 = VECTOR('',#2517,1.);
#2517 = DIRECTION('',(0.,1.));
#2518 = ( GEOMETRIC_REPRESENTATION_CONTEXT(2) 
PARAMETRIC_REPRESENTATION_CONTEXT() REPRESENTATION_CONTEXT('2D SPACE',''
  ) );
#2519 = PCURVE('',#2487,#2520);
#2520 = DEFINITIONAL_REPRESENTATION('',(#2521),#2525);
#2521 = LINE('',#2522,#2523);
#2522 = CARTESIAN_POINT('',(4.138911435803E-13,0.));
#2523 = VECTOR('',#2524,1.);
#2524 = DIRECTION('',(0.,1.));
#2525 = ( GEOMETRIC_REPRESENTATION_CONTEXT(2) 
PARAMETRIC_REPRESENTATION_CONTEXT() REPRESENTATION_CONTEXT('2D SPACE',''
  ) );
#2526 = ORIENTED_EDGE('',*,*,#2527,.F.);
#2527 = EDGE_CURVE('',#2505,#2505,#2528,.T.);
#2528 = SURFACE_CURVE('',#2529,(#2534,#2541),.PCURVE_S1.);
#2529 = CIRCLE('',#2530,51.773011314593);
#2530 = AXIS2_PLACEMENT_3D('',#2531,#2532,#2533);
#2531 = CARTESIAN_POINT('',(0.,0.,855.142));
#2532 = DIRECTION('',(0.,0.,1.));
#2533 = DIRECTION('',(1.,0.,0.));
#2534 = PCURVE('',#2487,#2535);
#2535 = DEFINITIONAL_REPRESENTATION('',(#2536),#2540);
#2536 = LINE('',#2537,#2538);
#2537 = CARTESIAN_POINT('',(0.,4.563));
#2538 = VECTOR('',#2539,1.);
#2539 = DIRECTION('',(1.,0.));
#2540 = ( GEOMETRIC_REPRESENTATION_CONTEXT(2) 
PARAMETRIC_REPRESENTATION_CONTEXT() REPRESENTATION_CONTEXT('2D SPACE',''
  ) );
#2541 = PCURVE('',#2542,#2547);
#2542 = CONICAL_SURFACE('',#2543,51.773011314593,1.906407052186E-02);
#2543 = AXIS2_PLACEMENT_3D('',#2544,#2545,#2546);
#2544 = CARTESIAN_POINT('',(0.,0.,855.142));
#2545 = DIRECTION('',(0.,0.,1.));
#2546 = DIRECTION('',(1.,0.,0.));
#2547 = DEFINITIONAL_REPRESENTATION('',(#2548),#2552);
#2548 = LINE('',#2549,#2550);
#2549 = CARTESIAN_POINT('',(0.,0.));
#2550 = VECTOR('',#2551,1.);
#2551 = DIRECTION('',(1.,0.));
#2552 = ( GEOMETRIC_REPRESENTATION_CONTEXT(2) 
PARAMETRIC_REPRESENTATION_CONTEXT() REPRESENTATION_CONTEXT('2D SPACE',''
  ) );
#2553 = ORIENTED_EDGE('',*,*,#2504,.F.);
#2554 = ADVANCED_FACE('',(#2555),#2542,.T.);
#2555 = FACE_BOUND('',#2556,.T.);
#2556 = EDGE_LOOP('',(#2557,#2558,#2581,#2608));
#2557 = ORIENTED_EDGE('',*,*,#2527,.T.);
#2558 = ORIENTED_EDGE('',*,*,#2559,.T.);
#2559 = EDGE_CURVE('',#2505,#2560,#2562,.T.);
#2560 = VERTEX_POINT('',#2561);
#2561 = CARTESIAN_POINT('',(51.860011208351,0.,859.705));
#2562 = SEAM_CURVE('',#2563,(#2567,#2574),.PCURVE_S1.);
#2563 = LINE('',#2564,#2565);
#2564 = CARTESIAN_POINT('',(51.773011314593,0.,855.142));
#2565 = VECTOR('',#2566,1.);
#2566 = DIRECTION('',(1.906291577241E-02,0.,0.999818286111));
#2567 = PCURVE('',#2542,#2568);
#2568 = DEFINITIONAL_REPRESENTATION('',(#2569),#2573);
#2569 = LINE('',#2570,#2571);
#2570 = CARTESIAN_POINT('',(6.28318530718,0.));
#2571 = VECTOR('',#2572,1.);
#2572 = DIRECTION('',(0.,1.));
#2573 = ( GEOMETRIC_REPRESENTATION_CONTEXT(2) 
PARAMETRIC_REPRESENTATION_CONTEXT() REPRESENTATION_CONTEXT('2D SPACE',''
  ) );
#2574 = PCURVE('',#2542,#2575);
#2575 = DEFINITIONAL_REPRESENTATION('',(#2576),#2580);
#2576 = LINE('',#2577,#2578);
#2577 = CARTESIAN_POINT('',(4.138911435803E-13,0.));
#2578 = VECTOR('',#2579,1.);
#2579 = DIRECTION('',(0.,1.));
#2580 = ( GEOMETRIC_REPRESENTATION_CONTEXT(2) 
PARAMETRIC_REPRESENTATION_CONTEXT() REPRESENTATION_CONTEXT('2D SPACE',''
  ) );
#2581 = ORIENTED_EDGE('',*,*,#2582,.F.);
#2582 = EDGE_CURVE('',#2560,#2560,#2583,.T.);
#2583 = SURFACE_CURVE('',#2584,(#2589,#2596),.PCURVE_S1.);
#2584 = CIRCLE('',#2585,51.860011208351);
#2585 = AXIS2_PLACEMENT_3D('',#2586,#2587,#2588);
#2586 = CARTESIAN_POINT('',(0.,0.,859.705));
#2587 = DIRECTION('',(0.,0.,1.));
#2588 = DIRECTION('',(1.,0.,0.));
#2589 = PCURVE('',#2542,#2590);
#2590 = DEFINITIONAL_REPRESENTATION('',(#2591),#2595);
#2591 = LINE('',#2592,#2593);
#2592 = CARTESIAN_POINT('',(0.,4.563));
#2593 = VECTOR('',#2594,1.);
#2594 = DIRECTION('',(1.,0.));
#2595 = ( GEOMETRIC_REPRESENTATION_CONTEXT(2) 
PARAMETRIC_REPRESENTATION_CONTEXT() REPRESENTATION_CONTEXT('2D SPACE',''
  ) );
#2596 = PCURVE('',#2597,#2602);
#2597 = CONICAL_SURFACE('',#2598,51.860011208351,1.846008433072E-02);
#2598 = AXIS2_PLACEMENT_3D('',#2599,#2600,#2601);
#2599 = CARTESIAN_POINT('',(0.,0.,859.705));
#2600 = DIRECTION('',(0.,0.,1.));
#2601 = DIRECTION('',(1.,0.,0.));
#2602 = DEFINITIONAL_REPRESENTATION('',(#2603),#2607);
#2603 = LINE('',#2604,#2605);
#2604 = CARTESIAN_POINT('',(0.,0.));
#2605 = VECTOR('',#2606,1.);
#2606 = DIRECTION('',(1.,0.));
#2607 = ( GEOMETRIC_REPRESENTATION_CONTEXT(2) 
PARAMETRIC_REPRESENTATION_CONTEXT() REPRESENTATION_CONTEXT('2D SPACE',''
  ) );
#2608 = ORIENTED_EDGE('',*,*,#2559,.F.);
#2609 = ADVANCED_FACE('',(#2610),#2597,.T.);
#2610 = FACE_BOUND('',#2611,.T.);
#2611 = EDGE_LOOP('',(#2612,#2613,#2636,#2663));
#2612 = ORIENTED_EDGE('',*,*,#2582,.T.);
#2613 = ORIENTED_EDGE('',*,*,#2614,.T.);
#2614 = EDGE_CURVE('',#2560,#2615,#2617,.T.);
#2615 = VERTEX_POINT('',#2616);
#2616 = CARTESIAN_POINT('',(51.944254142657,0.,864.268));
#2617 = SEAM_CURVE('',#2618,(#2622,#2629),.PCURVE_S1.);
#2618 = LINE('',#2619,#2620);
#2619 = CARTESIAN_POINT('',(51.860011208351,0.,859.705));
#2620 = VECTOR('',#2621,1.);
#2621 = DIRECTION('',(1.845903589359E-02,0.,0.999829617482));
#2622 = PCURVE('',#2597,#2623);
#2623 = DEFINITIONAL_REPRESENTATION('',(#2624),#2628);
#2624 = LINE('',#2625,#2626);
#2625 = CARTESIAN_POINT('',(6.28318530718,0.));
#2626 = VECTOR('',#2627,1.);
#2627 = DIRECTION('',(0.,1.));
#2628 = ( GEOMETRIC_REPRESENTATION_CONTEXT(2) 
PARAMETRIC_REPRESENTATION_CONTEXT() REPRESENTATION_CONTEXT('2D SPACE',''
  ) );
#2629 = PCURVE('',#2597,#2630);
#2630 = DEFINITIONAL_REPRESENTATION('',(#2631),#2635);
#2631 = LINE('',#2632,#2633);
#2632 = CARTESIAN_POINT('',(4.138911435803E-13,0.));
#2633 = VECTOR('',#2634,1.);
#2634 = DIRECTION('',(0.,1.));
#2635 = ( GEOMETRIC_REPRESENTATION_CONTEXT(2) 
PARAMETRIC_REPRESENTATION_CONTEXT() REPRESENTATION_CONTEXT('2D SPACE',''
  ) );
#2636 = ORIENTED_EDGE('',*,*,#2637,.F.);
#2637 = EDGE_CURVE('',#2615,#2615,#2638,.T.);
#2638 = SURFACE_CURVE('',#2639,(#2644,#2651),.PCURVE_S1.);
#2639 = CIRCLE('',#2640,51.944254142657);
#2640 = AXIS2_PLACEMENT_3D('',#2641,#2642,#2643);
#2641 = CARTESIAN_POINT('',(0.,0.,864.268));
#2642 = DIRECTION('',(0.,0.,1.));
#2643 = DIRECTION('',(1.,0.,0.));
#2644 = PCURVE('',#2597,#2645);
#2645 = DEFINITIONAL_REPRESENTATION('',(#2646),#2650);
#2646 = LINE('',#2647,#2648);
#2647 = CARTESIAN_POINT('',(0.,4.563));
#2648 = VECTOR('',#2649,1.);
#2649 = DIRECTION('',(1.,0.));
#2650 = ( GEOMETRIC_REPRESENTATION_CONTEXT(2) 
PARAMETRIC_REPRESENTATION_CONTEXT() REPRESENTATION_CONTEXT('2D SPACE',''
  ) );
#2651 = PCURVE('',#2652,#2657);
#2652 = CONICAL_SURFACE('',#2653,51.944254142657,1.78443723641E-02);
#2653 = AXIS2_PLACEMENT_3D('',#2654,#2655,#2656);
#2654 = CARTESIAN_POINT('',(0.,0.,864.268));
#2655 = DIRECTION('',(0.,0.,1.));
#2656 = DIRECTION('',(1.,0.,0.));
#2657 = DEFINITIONAL_REPRESENTATION('',(#2658),#2662);
#2658 = LINE('',#2659,#2660);
#2659 = CARTESIAN_POINT('',(0.,0.));
#2660 = VECTOR('',#2661,1.);
#2661 = DIRECTION('',(1.,0.));
#2662 = ( GEOMETRIC_REPRESENTATION_CONTEXT(2) 
PARAMETRIC_REPRESENTATION_CONTEXT() REPRESENTATION_CONTEXT('2D SPACE',''
  ) );
#2663 = ORIENTED_EDGE('',*,*,#2614,.F.);
#2664 = ADVANCED_FACE('',(#2665),#2652,.T.);
#2665 = FACE_BOUND('',#2666,.T.);
#2666 = EDGE_LOOP('',(#2667,#2668,#2691,#2718));
#2667 = ORIENTED_EDGE('',*,*,#2637,.T.);
#2668 = ORIENTED_EDGE('',*,*,#2669,.T.);
#2669 = EDGE_CURVE('',#2615,#2670,#2672,.T.);
#2670 = VERTEX_POINT('',#2671);
#2671 = CARTESIAN_POINT('',(52.025686657229,0.,868.831));
#2672 = SEAM_CURVE('',#2673,(#2677,#2684),.PCURVE_S1.);
#2673 = LINE('',#2674,#2675);
#2674 = CARTESIAN_POINT('',(51.944254142657,0.,864.268));
#2675 = VECTOR('',#2676,1.);
#2676 = DIRECTION('',(1.784342537351E-02,0.,0.999840793412));
#2677 = PCURVE('',#2652,#2678);
#2678 = DEFINITIONAL_REPRESENTATION('',(#2679),#2683);
#2679 = LINE('',#2680,#2681);
#2680 = CARTESIAN_POINT('',(6.28318530718,0.));
#2681 = VECTOR('',#2682,1.);
#2682 = DIRECTION('',(0.,1.));
#2683 = ( GEOMETRIC_REPRESENTATION_CONTEXT(2) 
PARAMETRIC_REPRESENTATION_CONTEXT() REPRESENTATION_CONTEXT('2D SPACE',''
  ) );
#2684 = PCURVE('',#2652,#2685);
#2685 = DEFINITIONAL_REPRESENTATION('',(#2686),#2690);
#2686 = LINE('',#2687,#2688);
#2687 = CARTESIAN_POINT('',(4.138911435803E-13,0.));
#2688 = VECTOR('',#2689,1.);
#2689 = DIRECTION('',(0.,1.));
#2690 = ( GEOMETRIC_REPRESENTATION_CONTEXT(2) 
PARAMETRIC_REPRESENTATION_CONTEXT() REPRESENTATION_CONTEXT('2D SPACE',''
  ) );
#2691 = ORIENTED_EDGE('',*,*,#2692,.F.);
#2692 = EDGE_CURVE('',#2670,#2670,#2693,.T.);
#2693 = SURFACE_CURVE('',#2694,(#2699,#2706),.PCURVE_S1.);
#2694 = CIRCLE('',#2695,52.025686657229);
#2695 = AXIS2_PLACEMENT_3D('',#2696,#2697,#2698);
#2696 = CARTESIAN_POINT('',(0.,0.,868.831));
#2697 = DIRECTION('',(0.,0.,1.));
#2698 = DIRECTION('',(1.,0.,0.));
#2699 = PCURVE('',#2652,#2700);
#2700 = DEFINITIONAL_REPRESENTATION('',(#2701),#2705);
#2701 = LINE('',#2702,#2703);
#2702 = CARTESIAN_POINT('',(0.,4.563));
#2703 = VECTOR('',#2704,1.);
#2704 = DIRECTION('',(1.,0.));
#2705 = ( GEOMETRIC_REPRESENTATION_CONTEXT(2) 
PARAMETRIC_REPRESENTATION_CONTEXT() REPRESENTATION_CONTEXT('2D SPACE',''
  ) );
#2706 = PCURVE('',#2707,#2712);
#2707 = CONICAL_SURFACE('',#2708,52.025686657229,1.721693430316E-02);
#2708 = AXIS2_PLACEMENT_3D('',#2709,#2710,#2711);
#2709 = CARTESIAN_POINT('',(0.,0.,868.831));
#2710 = DIRECTION('',(0.,0.,1.));
#2711 = DIRECTION('',(1.,0.,0.));
#2712 = DEFINITIONAL_REPRESENTATION('',(#2713),#2717);
#2713 = LINE('',#2714,#2715);
#2714 = CARTESIAN_POINT('',(0.,0.));
#2715 = VECTOR('',#2716,1.);
#2716 = DIRECTION('',(1.,0.));
#2717 = ( GEOMETRIC_REPRESENTATION_CONTEXT(2) 
PARAMETRIC_REPRESENTATION_CONTEXT() REPRESENTATION_CONTEXT('2D SPACE',''
  ) );
#2718 = ORIENTED_EDGE('',*,*,#2669,.F.);
#2719 = ADVANCED_FACE('',(#2720),#2707,.T.);
#2720 = FACE_BOUND('',#2721,.T.);
#2721 = EDGE_LOOP('',(#2722,#2723,#2746,#2773));
#2722 = ORIENTED_EDGE('',*,*,#2692,.T.);
#2723 = ORIENTED_EDGE('',*,*,#2724,.T.);
#2724 = EDGE_CURVE('',#2670,#2725,#2727,.T.);
#2725 = VERTEX_POINT('',#2726);
#2726 = CARTESIAN_POINT('',(52.104255291787,0.,873.394));
#2727 = SEAM_CURVE('',#2728,(#2732,#2739),.PCURVE_S1.);
#2728 = LINE('',#2729,#2730);
#2729 = CARTESIAN_POINT('',(52.025686657229,0.,868.831));
#2730 = VECTOR('',#2731,1.);
#2731 = DIRECTION('',(1.721608373364E-02,0.,0.999851792248));
#2732 = PCURVE('',#2707,#2733);
#2733 = DEFINITIONAL_REPRESENTATION('',(#2734),#2738);
#2734 = LINE('',#2735,#2736);
#2735 = CARTESIAN_POINT('',(6.28318530718,0.));
#2736 = VECTOR('',#2737,1.);
#2737 = DIRECTION('',(0.,1.));
#2738 = ( GEOMETRIC_REPRESENTATION_CONTEXT(2) 
PARAMETRIC_REPRESENTATION_CONTEXT() REPRESENTATION_CONTEXT('2D SPACE',''
  ) );
#2739 = PCURVE('',#2707,#2740);
#2740 = DEFINITIONAL_REPRESENTATION('',(#2741),#2745);
#2741 = LINE('',#2742,#2743);
#2742 = CARTESIAN_POINT('',(4.138911435803E-13,0.));
#2743 = VECTOR('',#2744,1.);
#2744 = DIRECTION('',(0.,1.));
#2745 = ( GEOMETRIC_REPRESENTATION_CONTEXT(2) 
PARAMETRIC_REPRESENTATION_CONTEXT() REPRESENTATION_CONTEXT('2D SPACE',''
  ) );
#2746 = ORIENTED_EDGE('',*,*,#2747,.F.);
#2747 = EDGE_CURVE('',#2725,#2725,#2748,.T.);
#2748 = SURFACE_CURVE('',#2749,(#2754,#2761),.PCURVE_S1.);
#2749 = CIRCLE('',#2750,52.104255291787);
#2750 = AXIS2_PLACEMENT_3D('',#2751,#2752,#2753);
#2751 = CARTESIAN_POINT('',(0.,0.,873.394));
#2752 = DIRECTION('',(0.,0.,1.));
#2753 = DIRECTION('',(1.,0.,0.));
#2754 = PCURVE('',#2707,#2755);
#2755 = DEFINITIONAL_REPRESENTATION('',(#2756),#2760);
#2756 = LINE('',#2757,#2758);
#2757 = CARTESIAN_POINT('',(0.,4.563));
#2758 = VECTOR('',#2759,1.);
#2759 = DIRECTION('',(1.,0.));
#2760 = ( GEOMETRIC_REPRESENTATION_CONTEXT(2) 
PARAMETRIC_REPRESENTATION_CONTEXT() REPRESENTATION_CONTEXT('2D SPACE',''
  ) );
#2761 = PCURVE('',#2762,#2767);
#2762 = CONICAL_SURFACE('',#2763,52.104255291787,1.657776986864E-02);
#2763 = AXIS2_PLACEMENT_3D('',#2764,#2765,#2766);
#2764 = CARTESIAN_POINT('',(0.,0.,873.394));
#2765 = DIRECTION('',(0.,0.,1.));
#2766 = DIRECTION('',(1.,0.,0.));
#2767 = DEFINITIONAL_REPRESENTATION('',(#2768),#2772);
#2768 = LINE('',#2769,#2770);
#2769 = CARTESIAN_POINT('',(0.,0.));
#2770 = VECTOR('',#2771,1.);
#2771 = DIRECTION('',(1.,0.));
#2772 = ( GEOMETRIC_REPRESENTATION_CONTEXT(2) 
PARAMETRIC_REPRESENTATION_CONTEXT() REPRESENTATION_CONTEXT('2D SPACE',''
  ) );
#2773 = ORIENTED_EDGE('',*,*,#2724,.F.);
#2774 = ADVANCED_FACE('',(#2775),#2762,.T.);
#2775 = FACE_BOUND('',#2776,.T.);
#2776 = EDGE_LOOP('',(#2777,#2778,#2801,#2828));
#2777 = ORIENTED_EDGE('',*,*,#2747,.T.);
#2778 = ORIENTED_EDGE('',*,*,#2779,.T.);
#2779 = EDGE_CURVE('',#2725,#2780,#2782,.T.);
#2780 = VERTEX_POINT('',#2781);
#2781 = CARTESIAN_POINT('',(52.179906586049,0.,877.957));
#2782 = SEAM_CURVE('',#2783,(#2787,#2794),.PCURVE_S1.);
#2783 = LINE('',#2784,#2785);
#2784 = CARTESIAN_POINT('',(52.104255291787,0.,873.394));
#2785 = VECTOR('',#2786,1.);
#2786 = DIRECTION('',(1.657701055517E-02,0.,0.99986259192));
#2787 = PCURVE('',#2762,#2788);
#2788 = DEFINITIONAL_REPRESENTATION('',(#2789),#2793);
#2789 = LINE('',#2790,#2791);
#2790 = CARTESIAN_POINT('',(6.28318530718,0.));
#2791 = VECTOR('',#2792,1.);
#2792 = DIRECTION('',(0.,1.));
#2793 = ( GEOMETRIC_REPRESENTATION_CONTEXT(2) 
PARAMETRIC_REPRESENTATION_CONTEXT() REPRESENTATION_CONTEXT('2D SPACE',''
  ) );
#2794 = PCURVE('',#2762,#2795);
#2795 = DEFINITIONAL_REPRESENTATION('',(#2796),#2800);
#2796 = LINE('',#2797,#2798);
#2797 = CARTESIAN_POINT('',(4.138911435803E-13,0.));
#2798 = VECTOR('',#2799,1.);
#2799 = DIRECTION('',(0.,1.));
#2800 = ( GEOMETRIC_REPRESENTATION_CONTEXT(2) 
PARAMETRIC_REPRESENTATION_CONTEXT() REPRESENTATION_CONTEXT('2D SPACE',''
  ) );
#2801 = ORIENTED_EDGE('',*,*,#2802,.F.);
#2802 = EDGE_CURVE('',#2780,#2780,#2803,.T.);
#2803 = SURFACE_CURVE('',#2804,(#2809,#2816),.PCURVE_S1.);
#2804 = CIRCLE('',#2805,52.179906586049);
#2805 = AXIS2_PLACEMENT_3D('',#2806,#2807,#2808);
#2806 = CARTESIAN_POINT('',(0.,0.,877.957));
#2807 = DIRECTION('',(0.,0.,1.));
#2808 = DIRECTION('',(1.,0.,0.));
#2809 = PCURVE('',#2762,#2810);
#2810 = DEFINITIONAL_REPRESENTATION('',(#2811),#2815);
#2811 = LINE('',#2812,#2813);
#2812 = CARTESIAN_POINT('',(0.,4.563));
#2813 = VECTOR('',#2814,1.);
#2814 = DIRECTION('',(1.,0.));
#2815 = ( GEOMETRIC_REPRESENTATION_CONTEXT(2) 
PARAMETRIC_REPRESENTATION_CONTEXT() REPRESENTATION_CONTEXT('2D SPACE',''
  ) );
#2816 = PCURVE('',#2817,#2822);
#2817 = CONICAL_SURFACE('',#2818,52.179906586049,1.592687882354E-02);
#2818 = AXIS2_PLACEMENT_3D('',#2819,#2820,#2821);
#2819 = CARTESIAN_POINT('',(0.,0.,877.957));
#2820 = DIRECTION('',(0.,0.,1.));
#2821 = DIRECTION('',(1.,0.,0.));
#2822 = DEFINITIONAL_REPRESENTATION('',(#2823),#2827);
#2823 = LINE('',#2824,#2825);
#2824 = CARTESIAN_POINT('',(0.,0.));
#2825 = VECTOR('',#2826,1.);
#2826 = DIRECTION('',(1.,0.));
#2827 = ( GEOMETRIC_REPRESENTATION_CONTEXT(2) 
PARAMETRIC_REPRESENTATION_CONTEXT() REPRESENTATION_CONTEXT('2D SPACE',''
  ) );
#2828 = ORIENTED_EDGE('',*,*,#2779,.F.);
#2829 = ADVANCED_FACE('',(#2830),#2817,.T.);
#2830 = FACE_BOUND('',#2831,.T.);
#2831 = EDGE_LOOP('',(#2832,#2833,#2856,#2883));
#2832 = ORIENTED_EDGE('',*,*,#2802,.T.);
#2833 = ORIENTED_EDGE('',*,*,#2834,.T.);
#2834 = EDGE_CURVE('',#2780,#2835,#2837,.T.);
#2835 = VERTEX_POINT('',#2836);
#2836 = CARTESIAN_POINT('',(52.252587079735,0.,882.52));
#2837 = SEAM_CURVE('',#2838,(#2842,#2849),.PCURVE_S1.);
#2838 = LINE('',#2839,#2840);
#2839 = CARTESIAN_POINT('',(52.179906586049,0.,877.957));
#2840 = VECTOR('',#2841,1.);
#2841 = DIRECTION('',(1.592620548214E-02,0.,0.999873169947));
#2842 = PCURVE('',#2817,#2843);
#2843 = DEFINITIONAL_REPRESENTATION('',(#2844),#2848);
#2844 = LINE('',#2845,#2846);
#2845 = CARTESIAN_POINT('',(6.28318530718,0.));
#2846 = VECTOR('',#2847,1.);
#2847 = DIRECTION('',(0.,1.));
#2848 = ( GEOMETRIC_REPRESENTATION_CONTEXT(2) 
PARAMETRIC_REPRESENTATION_CONTEXT() REPRESENTATION_CONTEXT('2D SPACE',''
  ) );
#2849 = PCURVE('',#2817,#2850);
#2850 = DEFINITIONAL_REPRESENTATION('',(#2851),#2855);
#2851 = LINE('',#2852,#2853);
#2852 = CARTESIAN_POINT('',(4.138911435803E-13,0.));
#2853 = VECTOR('',#2854,1.);
#2854 = DIRECTION('',(0.,1.));
#2855 = ( GEOMETRIC_REPRESENTATION_CONTEXT(2) 
PARAMETRIC_REPRESENTATION_CONTEXT() REPRESENTATION_CONTEXT('2D SPACE',''
  ) );
#2856 = ORIENTED_EDGE('',*,*,#2857,.F.);
#2857 = EDGE_CURVE('',#2835,#2835,#2858,.T.);
#2858 = SURFACE_CURVE('',#2859,(#2864,#2871),.PCURVE_S1.);
#2859 = CIRCLE('',#2860,52.252587079735);
#2860 = AXIS2_PLACEMENT_3D('',#2861,#2862,#2863);
#2861 = CARTESIAN_POINT('',(0.,0.,882.52));
#2862 = DIRECTION('',(0.,0.,1.));
#2863 = DIRECTION('',(1.,0.,0.));
#2864 = PCURVE('',#2817,#2865);
#2865 = DEFINITIONAL_REPRESENTATION('',(#2866),#2870);
#2866 = LINE('',#2867,#2868);
#2867 = CARTESIAN_POINT('',(0.,4.563));
#2868 = VECTOR('',#2869,1.);
#2869 = DIRECTION('',(1.,0.));
#2870 = ( GEOMETRIC_REPRESENTATION_CONTEXT(2) 
PARAMETRIC_REPRESENTATION_CONTEXT() REPRESENTATION_CONTEXT('2D SPACE',''
  ) );
#2871 = PCURVE('',#2872,#2877);
#2872 = CONICAL_SURFACE('',#2873,52.252587079735,1.52642609757E-02);
#2873 = AXIS2_PLACEMENT_3D('',#2874,#2875,#2876);
#2874 = CARTESIAN_POINT('',(0.,0.,882.52));
#2875 = DIRECTION('',(0.,0.,1.));
#2876 = DIRECTION('',(1.,0.,0.));
#2877 = DEFINITIONAL_REPRESENTATION('',(#2878),#2882);
#2878 = LINE('',#2879,#2880);
#2879 = CARTESIAN_POINT('',(0.,0.));
#2880 = VECTOR('',#2881,1.);
#2881 = DIRECTION('',(1.,0.));
#2882 = ( GEOMETRIC_REPRESENTATION_CONTEXT(2) 
PARAMETRIC_REPRESENTATION_CONTEXT() REPRESENTATION_CONTEXT('2D SPACE',''
  ) );
#2883 = ORIENTED_EDGE('',*,*,#2834,.F.);
#2884 = ADVANCED_FACE('',(#2885),#2872,.T.);
#2885 = FACE_BOUND('',#2886,.T.);
#2886 = EDGE_LOOP('',(#2887,#2888,#2911,#2938));
#2887 = ORIENTED_EDGE('',*,*,#2857,.T.);
#2888 = ORIENTED_EDGE('',*,*,#2889,.T.);
#2889 = EDGE_CURVE('',#2835,#2890,#2892,.T.);
#2890 = VERTEX_POINT('',#2891);
#2891 = CARTESIAN_POINT('',(52.322243312565,0.,887.083));
#2892 = SEAM_CURVE('',#2893,(#2897,#2904),.PCURVE_S1.);
#2893 = LINE('',#2894,#2895);
#2894 = CARTESIAN_POINT('',(52.252587079735,0.,882.52));
#2895 = VECTOR('',#2896,1.);
#2896 = DIRECTION('',(1.526366822648E-02,0.,0.99988350343));
#2897 = PCURVE('',#2872,#2898);
#2898 = DEFINITIONAL_REPRESENTATION('',(#2899),#2903);
#2899 = LINE('',#2900,#2901);
#2900 = CARTESIAN_POINT('',(6.28318530718,0.));
#2901 = VECTOR('',#2902,1.);
#2902 = DIRECTION('',(0.,1.));
#2903 = ( GEOMETRIC_REPRESENTATION_CONTEXT(2) 
PARAMETRIC_REPRESENTATION_CONTEXT() REPRESENTATION_CONTEXT('2D SPACE',''
  ) );
#2904 = PCURVE('',#2872,#2905);
#2905 = DEFINITIONAL_REPRESENTATION('',(#2906),#2910);
#2906 = LINE('',#2907,#2908);
#2907 = CARTESIAN_POINT('',(4.138911435803E-13,0.));
#2908 = VECTOR('',#2909,1.);
#2909 = DIRECTION('',(0.,1.));
#2910 = ( GEOMETRIC_REPRESENTATION_CONTEXT(2) 
PARAMETRIC_REPRESENTATION_CONTEXT() REPRESENTATION_CONTEXT('2D SPACE',''
  ) );
#2911 = ORIENTED_EDGE('',*,*,#2912,.F.);
#2912 = EDGE_CURVE('',#2890,#2890,#2913,.T.);
#2913 = SURFACE_CURVE('',#2914,(#2919,#2926),.PCURVE_S1.);
#2914 = CIRCLE('',#2915,52.322243312565);
#2915 = AXIS2_PLACEMENT_3D('',#2916,#2917,#2918);
#2916 = CARTESIAN_POINT('',(0.,0.,887.083));
#2917 = DIRECTION('',(0.,0.,1.));
#2918 = DIRECTION('',(1.,0.,0.));
#2919 = PCURVE('',#2872,#2920);
#2920 = DEFINITIONAL_REPRESENTATION('',(#2921),#2925);
#2921 = LINE('',#2922,#2923);
#2922 = CARTESIAN_POINT('',(0.,4.563));
#2923 = VECTOR('',#2924,1.);
#2924 = DIRECTION('',(1.,0.));
#2925 = ( GEOMETRIC_REPRESENTATION_CONTEXT(2) 
PARAMETRIC_REPRESENTATION_CONTEXT() REPRESENTATION_CONTEXT('2D SPACE',''
  ) );
#2926 = PCURVE('',#2927,#2932);
#2927 = CONICAL_SURFACE('',#2928,52.322243312565,1.458991618051E-02);
#2928 = AXIS2_PLACEMENT_3D('',#2929,#2930,#2931);
#2929 = CARTESIAN_POINT('',(0.,0.,887.083));
#2930 = DIRECTION('',(0.,0.,1.));
#2931 = DIRECTION('',(1.,0.,0.));
#2932 = DEFINITIONAL_REPRESENTATION('',(#2933),#2937);
#2933 = LINE('',#2934,#2935);
#2934 = CARTESIAN_POINT('',(0.,0.));
#2935 = VECTOR('',#2936,1.);
#2936 = DIRECTION('',(1.,0.));
#2937 = ( GEOMETRIC_REPRESENTATION_CONTEXT(2) 
PARAMETRIC_REPRESENTATION_CONTEXT() REPRESENTATION_CONTEXT('2D SPACE',''
  ) );
#2938 = ORIENTED_EDGE('',*,*,#2889,.F.);
#2939 = ADVANCED_FACE('',(#2940),#2927,.T.);
#2940 = FACE_BOUND('',#2941,.T.);
#2941 = EDGE_LOOP('',(#2942,#2943,#2966,#2993));
#2942 = ORIENTED_EDGE('',*,*,#2912,.T.);
#2943 = ORIENTED_EDGE('',*,*,#2944,.T.);
#2944 = EDGE_CURVE('',#2890,#2945,#2947,.T.);
#2945 = VERTEX_POINT('',#2946);
#2946 = CARTESIAN_POINT('',(52.388821824256,0.,891.646));
#2947 = SEAM_CURVE('',#2948,(#2952,#2959),.PCURVE_S1.);
#2948 = LINE('',#2949,#2950);
#2949 = CARTESIAN_POINT('',(52.322243312565,0.,887.083));
#2950 = VECTOR('',#2951,1.);
#2951 = DIRECTION('',(1.458939857068E-02,0.,0.999893569061));
#2952 = PCURVE('',#2927,#2953);
#2953 = DEFINITIONAL_REPRESENTATION('',(#2954),#2958);
#2954 = LINE('',#2955,#2956);
#2955 = CARTESIAN_POINT('',(6.28318530718,0.));
#2956 = VECTOR('',#2957,1.);
#2957 = DIRECTION('',(0.,1.));
#2958 = ( GEOMETRIC_REPRESENTATION_CONTEXT(2) 
PARAMETRIC_REPRESENTATION_CONTEXT() REPRESENTATION_CONTEXT('2D SPACE',''
  ) );
#2959 = PCURVE('',#2927,#2960);
#2960 = DEFINITIONAL_REPRESENTATION('',(#2961),#2965);
#2961 = LINE('',#2962,#2963);
#2962 = CARTESIAN_POINT('',(4.138911435803E-13,0.));
#2963 = VECTOR('',#2964,1.);
#2964 = DIRECTION('',(0.,1.));
#2965 = ( GEOMETRIC_REPRESENTATION_CONTEXT(2) 
PARAMETRIC_REPRESENTATION_CONTEXT() REPRESENTATION_CONTEXT('2D SPACE',''
  ) );
#2966 = ORIENTED_EDGE('',*,*,#2967,.F.);
#2967 = EDGE_CURVE('',#2945,#2945,#2968,.T.);
#2968 = SURFACE_CURVE('',#2969,(#2974,#2981),.PCURVE_S1.);
#2969 = CIRCLE('',#2970,52.388821824256);
#2970 = AXIS2_PLACEMENT_3D('',#2971,#2972,#2973);
#2971 = CARTESIAN_POINT('',(0.,0.,891.646));
#2972 = DIRECTION('',(0.,0.,1.));
#2973 = DIRECTION('',(1.,0.,0.));
#2974 = PCURVE('',#2927,#2975);
#2975 = DEFINITIONAL_REPRESENTATION('',(#2976),#2980);
#2976 = LINE('',#2977,#2978);
#2977 = CARTESIAN_POINT('',(0.,4.563));
#2978 = VECTOR('',#2979,1.);
#2979 = DIRECTION('',(1.,0.));
#2980 = ( GEOMETRIC_REPRESENTATION_CONTEXT(2) 
PARAMETRIC_REPRESENTATION_CONTEXT() REPRESENTATION_CONTEXT('2D SPACE',''
  ) );
#2981 = PCURVE('',#2982,#2987);
#2982 = CONICAL_SURFACE('',#2983,52.388821824256,1.390384434365E-02);
#2983 = AXIS2_PLACEMENT_3D('',#2984,#2985,#2986);
#2984 = CARTESIAN_POINT('',(0.,0.,891.646));
#2985 = DIRECTION('',(0.,0.,1.));
#2986 = DIRECTION('',(1.,0.,0.));
#2987 = DEFINITIONAL_REPRESENTATION('',(#2988),#2992);
#2988 = LINE('',#2989,#2990);
#2989 = CARTESIAN_POINT('',(0.,0.));
#2990 = VECTOR('',#2991,1.);
#2991 = DIRECTION('',(1.,0.));
#2992 = ( GEOMETRIC_REPRESENTATION_CONTEXT(2) 
PARAMETRIC_REPRESENTATION_CONTEXT() REPRESENTATION_CONTEXT('2D SPACE',''
  ) );
#2993 = ORIENTED_EDGE('',*,*,#2944,.F.);
#2994 = ADVANCED_FACE('',(#2995),#2982,.T.);
#2995 = FACE_BOUND('',#2996,.T.);
#2996 = EDGE_LOOP('',(#2997,#2998,#3021,#3048));
#2997 = ORIENTED_EDGE('',*,*,#2967,.T.);
#2998 = ORIENTED_EDGE('',*,*,#2999,.T.);
#2999 = EDGE_CURVE('',#2945,#3000,#3002,.T.);
#3000 = VERTEX_POINT('',#3001);
#3001 = CARTESIAN_POINT('',(52.452269154529,0.,896.209));
#3002 = SEAM_CURVE('',#3003,(#3007,#3014),.PCURVE_S1.);
#3003 = LINE('',#3004,#3005);
#3004 = CARTESIAN_POINT('',(52.388821824256,0.,891.646));
#3005 = VECTOR('',#3006,1.);
#3006 = DIRECTION('',(1.39033963734E-02,0.,0.999903343113));
#3007 = PCURVE('',#2982,#3008);
#3008 = DEFINITIONAL_REPRESENTATION('',(#3009),#3013);
#3009 = LINE('',#3010,#3011);
#3010 = CARTESIAN_POINT('',(6.28318530718,0.));
#3011 = VECTOR('',#3012,1.);
#3012 = DIRECTION('',(0.,1.));
#3013 = ( GEOMETRIC_REPRESENTATION_CONTEXT(2) 
PARAMETRIC_REPRESENTATION_CONTEXT() REPRESENTATION_CONTEXT('2D SPACE',''
  ) );
#3014 = PCURVE('',#2982,#3015);
#3015 = DEFINITIONAL_REPRESENTATION('',(#3016),#3020);
#3016 = LINE('',#3017,#3018);
#3017 = CARTESIAN_POINT('',(4.138911435803E-13,0.));
#3018 = VECTOR('',#3019,1.);
#3019 = DIRECTION('',(0.,1.));
#3020 = ( GEOMETRIC_REPRESENTATION_CONTEXT(2) 
PARAMETRIC_REPRESENTATION_CONTEXT() REPRESENTATION_CONTEXT('2D SPACE',''
  ) );
#3021 = ORIENTED_EDGE('',*,*,#3022,.F.);
#3022 = EDGE_CURVE('',#3000,#3000,#3023,.T.);
#3023 = SURFACE_CURVE('',#3024,(#3029,#3036),.PCURVE_S1.);
#3024 = CIRCLE('',#3025,52.452269154529);
#3025 = AXIS2_PLACEMENT_3D('',#3026,#3027,#3028);
#3026 = CARTESIAN_POINT('',(0.,0.,896.209));
#3027 = DIRECTION('',(0.,0.,1.));
#3028 = DIRECTION('',(1.,0.,0.));
#3029 = PCURVE('',#2982,#3030);
#3030 = DEFINITIONAL_REPRESENTATION('',(#3031),#3035);
#3031 = LINE('',#3032,#3033);
#3032 = CARTESIAN_POINT('',(0.,4.563));
#3033 = VECTOR('',#3034,1.);
#3034 = DIRECTION('',(1.,0.));
#3035 = ( GEOMETRIC_REPRESENTATION_CONTEXT(2) 
PARAMETRIC_REPRESENTATION_CONTEXT() REPRESENTATION_CONTEXT('2D SPACE',''
  ) );
#3036 = PCURVE('',#3037,#3042);
#3037 = CONICAL_SURFACE('',#3038,52.452269154529,1.320604542387E-02);
#3038 = AXIS2_PLACEMENT_3D('',#3039,#3040,#3041);
#3039 = CARTESIAN_POINT('',(0.,0.,896.209));
#3040 = DIRECTION('',(0.,0.,1.));
#3041 = DIRECTION('',(1.,0.,0.));
#3042 = DEFINITIONAL_REPRESENTATION('',(#3043),#3047);
#3043 = LINE('',#3044,#3045);
#3044 = CARTESIAN_POINT('',(0.,0.));
#3045 = VECTOR('',#3046,1.);
#3046 = DIRECTION('',(1.,0.));
#3047 = ( GEOMETRIC_REPRESENTATION_CONTEXT(2) 
PARAMETRIC_REPRESENTATION_CONTEXT() REPRESENTATION_CONTEXT('2D SPACE',''
  ) );
#3048 = ORIENTED_EDGE('',*,*,#2999,.F.);
#3049 = ADVANCED_FACE('',(#3050),#3037,.T.);
#3050 = FACE_BOUND('',#3051,.T.);
#3051 = EDGE_LOOP('',(#3052,#3053,#3076,#3103));
#3052 = ORIENTED_EDGE('',*,*,#3022,.T.);
#3053 = ORIENTED_EDGE('',*,*,#3054,.T.);
#3054 = EDGE_CURVE('',#3000,#3055,#3057,.T.);
#3055 = VERTEX_POINT('',#3056);
#3056 = CARTESIAN_POINT('',(52.512531843103,0.,900.772));
#3057 = SEAM_CURVE('',#3058,(#3062,#3069),.PCURVE_S1.);
#3058 = LINE('',#3059,#3060);
#3059 = CARTESIAN_POINT('',(52.452269154529,0.,896.209));
#3060 = VECTOR('',#3061,1.);
#3061 = DIRECTION('',(1.320566157237E-02,0.,0.999912801449));
#3062 = PCURVE('',#3037,#3063);
#3063 = DEFINITIONAL_REPRESENTATION('',(#3064),#3068);
#3064 = LINE('',#3065,#3066);
#3065 = CARTESIAN_POINT('',(6.28318530718,0.));
#3066 = VECTOR('',#3067,1.);
#3067 = DIRECTION('',(0.,1.));
#3068 = ( GEOMETRIC_REPRESENTATION_CONTEXT(2) 
PARAMETRIC_REPRESENTATION_CONTEXT() REPRESENTATION_CONTEXT('2D SPACE',''
  ) );
#3069 = PCURVE('',#3037,#3070);
#3070 = DEFINITIONAL_REPRESENTATION('',(#3071),#3075);
#3071 = LINE('',#3072,#3073);
#3072 = CARTESIAN_POINT('',(4.138911435803E-13,0.));
#3073 = VECTOR('',#3074,1.);
#3074 = DIRECTION('',(0.,1.));
#3075 = ( GEOMETRIC_REPRESENTATION_CONTEXT(2) 
PARAMETRIC_REPRESENTATION_CONTEXT() REPRESENTATION_CONTEXT('2D SPACE',''
  ) );
#3076 = ORIENTED_EDGE('',*,*,#3077,.F.);
#3077 = EDGE_CURVE('',#3055,#3055,#3078,.T.);
#3078 = SURFACE_CURVE('',#3079,(#3084,#3091),.PCURVE_S1.);
#3079 = CIRCLE('',#3080,52.512531843103);
#3080 = AXIS2_PLACEMENT_3D('',#3081,#3082,#3083);
#3081 = CARTESIAN_POINT('',(0.,0.,900.772));
#3082 = DIRECTION('',(0.,0.,1.));
#3083 = DIRECTION('',(1.,0.,0.));
#3084 = PCURVE('',#3037,#3085);
#3085 = DEFINITIONAL_REPRESENTATION('',(#3086),#3090);
#3086 = LINE('',#3087,#3088);
#3087 = CARTESIAN_POINT('',(0.,4.563));
#3088 = VECTOR('',#3089,1.);
#3089 = DIRECTION('',(1.,0.));
#3090 = ( GEOMETRIC_REPRESENTATION_CONTEXT(2) 
PARAMETRIC_REPRESENTATION_CONTEXT() REPRESENTATION_CONTEXT('2D SPACE',''
  ) );
#3091 = PCURVE('',#3092,#3097);
#3092 = CONICAL_SURFACE('',#3093,52.512531843103,1.249651943579E-02);
#3093 = AXIS2_PLACEMENT_3D('',#3094,#3095,#3096);
#3094 = CARTESIAN_POINT('',(0.,0.,900.772));
#3095 = DIRECTION('',(0.,0.,1.));
#3096 = DIRECTION('',(1.,0.,0.));
#3097 = DEFINITIONAL_REPRESENTATION('',(#3098),#3102);
#3098 = LINE('',#3099,#3100);
#3099 = CARTESIAN_POINT('',(0.,0.));
#3100 = VECTOR('',#3101,1.);
#3101 = DIRECTION('',(1.,0.));
#3102 = ( GEOMETRIC_REPRESENTATION_CONTEXT(2) 
PARAMETRIC_REPRESENTATION_CONTEXT() REPRESENTATION_CONTEXT('2D SPACE',''
  ) );
#3103 = ORIENTED_EDGE('',*,*,#3054,.F.);
#3104 = ADVANCED_FACE('',(#3105),#3092,.T.);
#3105 = FACE_BOUND('',#3106,.T.);
#3106 = EDGE_LOOP('',(#3107,#3108,#3131,#3158));
#3107 = ORIENTED_EDGE('',*,*,#3077,.T.);
#3108 = ORIENTED_EDGE('',*,*,#3109,.T.);
#3109 = EDGE_CURVE('',#3055,#3110,#3112,.T.);
#3110 = VERTEX_POINT('',#3111);
#3111 = CARTESIAN_POINT('',(52.569556429696,0.,905.335));
#3112 = SEAM_CURVE('',#3113,(#3117,#3124),.PCURVE_S1.);
#3113 = LINE('',#3114,#3115);
#3114 = CARTESIAN_POINT('',(52.512531843103,0.,900.772));
#3115 = VECTOR('',#3116,1.);
#3116 = DIRECTION('',(1.249619418934E-02,0.,0.999921919517));
#3117 = PCURVE('',#3092,#3118);
#3118 = DEFINITIONAL_REPRESENTATION('',(#3119),#3123);
#3119 = LINE('',#3120,#3121);
#3120 = CARTESIAN_POINT('',(6.28318530718,0.));
#3121 = VECTOR('',#3122,1.);
#3122 = DIRECTION('',(0.,1.));
#3123 = ( GEOMETRIC_REPRESENTATION_CONTEXT(2) 
PARAMETRIC_REPRESENTATION_CONTEXT() REPRESENTATION_CONTEXT('2D SPACE',''
  ) );
#3124 = PCURVE('',#3092,#3125);
#3125 = DEFINITIONAL_REPRESENTATION('',(#3126),#3130);
#3126 = LINE('',#3127,#3128);
#3127 = CARTESIAN_POINT('',(4.138911435803E-13,0.));
#3128 = VECTOR('',#3129,1.);
#3129 = DIRECTION('',(0.,1.));
#3130 = ( GEOMETRIC_REPRESENTATION_CONTEXT(2) 
PARAMETRIC_REPRESENTATION_CONTEXT() REPRESENTATION_CONTEXT('2D SPACE',''
  ) );
#3131 = ORIENTED_EDGE('',*,*,#3132,.F.);
#3132 = EDGE_CURVE('',#3110,#3110,#3133,.T.);
#3133 = SURFACE_CURVE('',#3134,(#3139,#3146),.PCURVE_S1.);
#3134 = CIRCLE('',#3135,52.569556429696);
#3135 = AXIS2_PLACEMENT_3D('',#3136,#3137,#3138);
#3136 = CARTESIAN_POINT('',(0.,0.,905.335));
#3137 = DIRECTION('',(0.,0.,1.));
#3138 = DIRECTION('',(1.,0.,0.));
#3139 = PCURVE('',#3092,#3140);
#3140 = DEFINITIONAL_REPRESENTATION('',(#3141),#3145);
#3141 = LINE('',#3142,#3143);
#3142 = CARTESIAN_POINT('',(0.,4.563));
#3143 = VECTOR('',#3144,1.);
#3144 = DIRECTION('',(1.,0.));
#3145 = ( GEOMETRIC_REPRESENTATION_CONTEXT(2) 
PARAMETRIC_REPRESENTATION_CONTEXT() REPRESENTATION_CONTEXT('2D SPACE',''
  ) );
#3146 = PCURVE('',#3147,#3152);
#3147 = CONICAL_SURFACE('',#3148,52.569556429696,1.177526645284E-02);
#3148 = AXIS2_PLACEMENT_3D('',#3149,#3150,#3151);
#3149 = CARTESIAN_POINT('',(0.,0.,905.335));
#3150 = DIRECTION('',(0.,0.,1.));
#3151 = DIRECTION('',(1.,0.,0.));
#3152 = DEFINITIONAL_REPRESENTATION('',(#3153),#3157);
#3153 = LINE('',#3154,#3155);
#3154 = CARTESIAN_POINT('',(0.,0.));
#3155 = VECTOR('',#3156,1.);
#3156 = DIRECTION('',(1.,0.));
#3157 = ( GEOMETRIC_REPRESENTATION_CONTEXT(2) 
PARAMETRIC_REPRESENTATION_CONTEXT() REPRESENTATION_CONTEXT('2D SPACE',''
  ) );
#3158 = ORIENTED_EDGE('',*,*,#3109,.F.);
#3159 = ADVANCED_FACE('',(#3160),#3147,.T.);
#3160 = FACE_BOUND('',#3161,.T.);
#3161 = EDGE_LOOP('',(#3162,#3163,#3186,#3213));
#3162 = ORIENTED_EDGE('',*,*,#3132,.T.);
#3163 = ORIENTED_EDGE('',*,*,#3164,.T.);
#3164 = EDGE_CURVE('',#3110,#3165,#3167,.T.);
#3165 = VERTEX_POINT('',#3166);
#3166 = CARTESIAN_POINT('',(52.623289454028,0.,909.898));
#3167 = SEAM_CURVE('',#3168,(#3172,#3179),.PCURVE_S1.);
#3168 = LINE('',#3169,#3170);
#3169 = CARTESIAN_POINT('',(52.569556429696,0.,905.335));
#3170 = VECTOR('',#3171,1.);
#3171 = DIRECTION('',(1.177499433441E-02,0.,0.999930672351));
#3172 = PCURVE('',#3147,#3173);
#3173 = DEFINITIONAL_REPRESENTATION('',(#3174),#3178);
#3174 = LINE('',#3175,#3176);
#3175 = CARTESIAN_POINT('',(6.28318530718,0.));
#3176 = VECTOR('',#3177,1.);
#3177 = DIRECTION('',(0.,1.));
#3178 = ( GEOMETRIC_REPRESENTATION_CONTEXT(2) 
PARAMETRIC_REPRESENTATION_CONTEXT() REPRESENTATION_CONTEXT('2D SPACE',''
  ) );
#3179 = PCURVE('',#3147,#3180);
#3180 = DEFINITIONAL_REPRESENTATION('',(#3181),#3185);
#3181 = LINE('',#3182,#3183);
#3182 = CARTESIAN_POINT('',(4.138911435803E-13,0.));
#3183 = VECTOR('',#3184,1.);
#3184 = DIRECTION('',(0.,1.));
#3185 = ( GEOMETRIC_REPRESENTATION_CONTEXT(2) 
PARAMETRIC_REPRESENTATION_CONTEXT() REPRESENTATION_CONTEXT('2D SPACE',''
  ) );
#3186 = ORIENTED_EDGE('',*,*,#3187,.F.);
#3187 = EDGE_CURVE('',#3165,#3165,#3188,.T.);
#3188 = SURFACE_CURVE('',#3189,(#3194,#3201),.PCURVE_S1.);
#3189 = CIRCLE('',#3190,52.623289454028);
#3190 = AXIS2_PLACEMENT_3D('',#3191,#3192,#3193);
#3191 = CARTESIAN_POINT('',(0.,0.,909.898));
#3192 = DIRECTION('',(0.,0.,1.));
#3193 = DIRECTION('',(1.,0.,0.));
#3194 = PCURVE('',#3147,#3195);
#3195 = DEFINITIONAL_REPRESENTATION('',(#3196),#3200);
#3196 = LINE('',#3197,#3198);
#3197 = CARTESIAN_POINT('',(0.,4.563));
#3198 = VECTOR('',#3199,1.);
#3199 = DIRECTION('',(1.,0.));
#3200 = ( GEOMETRIC_REPRESENTATION_CONTEXT(2) 
PARAMETRIC_REPRESENTATION_CONTEXT() REPRESENTATION_CONTEXT('2D SPACE',''
  ) );
#3201 = PCURVE('',#3202,#3207);
#3202 = CONICAL_SURFACE('',#3203,52.623289454028,1.104228661014E-02);
#3203 = AXIS2_PLACEMENT_3D('',#3204,#3205,#3206);
#3204 = CARTESIAN_POINT('',(0.,0.,909.898));
#3205 = DIRECTION('',(0.,0.,1.));
#3206 = DIRECTION('',(1.,0.,0.));
#3207 = DEFINITIONAL_REPRESENTATION('',(#3208),#3212);
#3208 = LINE('',#3209,#3210);
#3209 = CARTESIAN_POINT('',(0.,0.));
#3210 = VECTOR('',#3211,1.);
#3211 = DIRECTION('',(1.,0.));
#3212 = ( GEOMETRIC_REPRESENTATION_CONTEXT(2) 
PARAMETRIC_REPRESENTATION_CONTEXT() REPRESENTATION_CONTEXT('2D SPACE',''
  ) );
#3213 = ORIENTED_EDGE('',*,*,#3164,.F.);
#3214 = ADVANCED_FACE('',(#3215),#3202,.T.);
#3215 = FACE_BOUND('',#3216,.T.);
#3216 = EDGE_LOOP('',(#3217,#3218,#3241,#3268));
#3217 = ORIENTED_EDGE('',*,*,#3187,.T.);
#3218 = ORIENTED_EDGE('',*,*,#3219,.T.);
#3219 = EDGE_CURVE('',#3165,#3220,#3222,.T.);
#3220 = VERTEX_POINT('',#3221);
#3221 = CARTESIAN_POINT('',(52.673677455818,0.,914.461));
#3222 = SEAM_CURVE('',#3223,(#3227,#3234),.PCURVE_S1.);
#3223 = LINE('',#3224,#3225);
#3224 = CARTESIAN_POINT('',(52.623289454028,0.,909.898));
#3225 = VECTOR('',#3226,1.);
#3226 = DIRECTION('',(1.104206220999E-02,0.,0.999939034573));
#3227 = PCURVE('',#3202,#3228);
#3228 = DEFINITIONAL_REPRESENTATION('',(#3229),#3233);
#3229 = LINE('',#3230,#3231);
#3230 = CARTESIAN_POINT('',(6.28318530718,0.));
#3231 = VECTOR('',#3232,1.);
#3232 = DIRECTION('',(0.,1.));
#3233 = ( GEOMETRIC_REPRESENTATION_CONTEXT(2) 
PARAMETRIC_REPRESENTATION_CONTEXT() REPRESENTATION_CONTEXT('2D SPACE',''
  ) );
#3234 = PCURVE('',#3202,#3235);
#3235 = DEFINITIONAL_REPRESENTATION('',(#3236),#3240);
#3236 = LINE('',#3237,#3238);
#3237 = CARTESIAN_POINT('',(4.138911435803E-13,0.));
#3238 = VECTOR('',#3239,1.);
#3239 = DIRECTION('',(0.,1.));
#3240 = ( GEOMETRIC_REPRESENTATION_CONTEXT(2) 
PARAMETRIC_REPRESENTATION_CONTEXT() REPRESENTATION_CONTEXT('2D SPACE',''
  ) );
#3241 = ORIENTED_EDGE('',*,*,#3242,.F.);
#3242 = EDGE_CURVE('',#3220,#3220,#3243,.T.);
#3243 = SURFACE_CURVE('',#3244,(#3249,#3256),.PCURVE_S1.);
#3244 = CIRCLE('',#3245,52.673677455818);
#3245 = AXIS2_PLACEMENT_3D('',#3246,#3247,#3248);
#3246 = CARTESIAN_POINT('',(0.,0.,914.461));
#3247 = DIRECTION('',(0.,0.,1.));
#3248 = DIRECTION('',(1.,0.,0.));
#3249 = PCURVE('',#3202,#3250);
#3250 = DEFINITIONAL_REPRESENTATION('',(#3251),#3255);
#3251 = LINE('',#3252,#3253);
#3252 = CARTESIAN_POINT('',(0.,4.563));
#3253 = VECTOR('',#3254,1.);
#3254 = DIRECTION('',(1.,0.));
#3255 = ( GEOMETRIC_REPRESENTATION_CONTEXT(2) 
PARAMETRIC_REPRESENTATION_CONTEXT() REPRESENTATION_CONTEXT('2D SPACE',''
  ) );
#3256 = PCURVE('',#3257,#3262);
#3257 = CONICAL_SURFACE('',#3258,52.673677455818,1.029758010748E-02);
#3258 = AXIS2_PLACEMENT_3D('',#3259,#3260,#3261);
#3259 = CARTESIAN_POINT('',(0.,0.,914.461));
#3260 = DIRECTION('',(0.,0.,1.));
#3261 = DIRECTION('',(1.,0.,0.));
#3262 = DEFINITIONAL_REPRESENTATION('',(#3263),#3267);
#3263 = LINE('',#3264,#3265);
#3264 = CARTESIAN_POINT('',(0.,0.));
#3265 = VECTOR('',#3266,1.);
#3266 = DIRECTION('',(1.,0.));
#3267 = ( GEOMETRIC_REPRESENTATION_CONTEXT(2) 
PARAMETRIC_REPRESENTATION_CONTEXT() REPRESENTATION_CONTEXT('2D SPACE',''
  ) );
#3268 = ORIENTED_EDGE('',*,*,#3219,.F.);
#3269 = ADVANCED_FACE('',(#3270),#3257,.T.);
#3270 = FACE_BOUND('',#3271,.T.);
#3271 = EDGE_LOOP('',(#3272,#3273,#3296,#3323));
#3272 = ORIENTED_EDGE('',*,*,#3242,.T.);
#3273 = ORIENTED_EDGE('',*,*,#3274,.T.);
#3274 = EDGE_CURVE('',#3220,#3275,#3277,.T.);
#3275 = VERTEX_POINT('',#3276);
#3276 = CARTESIAN_POINT('',(52.720666974786,0.,919.024));
#3277 = SEAM_CURVE('',#3278,(#3282,#3289),.PCURVE_S1.);
#3278 = LINE('',#3279,#3280);
#3279 = CARTESIAN_POINT('',(52.673677455818,0.,914.461));
#3280 = VECTOR('',#3281,1.);
#3281 = DIRECTION('',(1.029739811561E-02,0.,0.99994698039));
#3282 = PCURVE('',#3257,#3283);
#3283 = DEFINITIONAL_REPRESENTATION('',(#3284),#3288);
#3284 = LINE('',#3285,#3286);
#3285 = CARTESIAN_POINT('',(6.28318530718,0.));
#3286 = VECTOR('',#3287,1.);
#3287 = DIRECTION('',(0.,1.));
#3288 = ( GEOMETRIC_REPRESENTATION_CONTEXT(2) 
PARAMETRIC_REPRESENTATION_CONTEXT() REPRESENTATION_CONTEXT('2D SPACE',''
  ) );
#3289 = PCURVE('',#3257,#3290);
#3290 = DEFINITIONAL_REPRESENTATION('',(#3291),#3295);
#3291 = LINE('',#3292,#3293);
#3292 = CARTESIAN_POINT('',(4.138911435803E-13,0.));
#3293 = VECTOR('',#3294,1.);
#3294 = DIRECTION('',(0.,1.));
#3295 = ( GEOMETRIC_REPRESENTATION_CONTEXT(2) 
PARAMETRIC_REPRESENTATION_CONTEXT() REPRESENTATION_CONTEXT('2D SPACE',''
  ) );
#3296 = ORIENTED_EDGE('',*,*,#3297,.F.);
#3297 = EDGE_CURVE('',#3275,#3275,#3298,.T.);
#3298 = SURFACE_CURVE('',#3299,(#3304,#3311),.PCURVE_S1.);
#3299 = CIRCLE('',#3300,52.720666974786);
#3300 = AXIS2_PLACEMENT_3D('',#3301,#3302,#3303);
#3301 = CARTESIAN_POINT('',(0.,0.,919.024));
#3302 = DIRECTION('',(0.,0.,1.));
#3303 = DIRECTION('',(1.,0.,0.));
#3304 = PCURVE('',#3257,#3305);
#3305 = DEFINITIONAL_REPRESENTATION('',(#3306),#3310);
#3306 = LINE('',#3307,#3308);
#3307 = CARTESIAN_POINT('',(0.,4.563));
#3308 = VECTOR('',#3309,1.);
#3309 = DIRECTION('',(1.,0.));
#3310 = ( GEOMETRIC_REPRESENTATION_CONTEXT(2) 
PARAMETRIC_REPRESENTATION_CONTEXT() REPRESENTATION_CONTEXT('2D SPACE',''
  ) );
#3311 = PCURVE('',#3312,#3317);
#3312 = CONICAL_SURFACE('',#3313,52.720666974786,9.541147212376E-03);
#3313 = AXIS2_PLACEMENT_3D('',#3314,#3315,#3316);
#3314 = CARTESIAN_POINT('',(0.,0.,919.024));
#3315 = DIRECTION('',(0.,0.,1.));
#3316 = DIRECTION('',(1.,0.,0.));
#3317 = DEFINITIONAL_REPRESENTATION('',(#3318),#3322);
#3318 = LINE('',#3319,#3320);
#3319 = CARTESIAN_POINT('',(0.,0.));
#3320 = VECTOR('',#3321,1.);
#3321 = DIRECTION('',(1.,0.));
#3322 = ( GEOMETRIC_REPRESENTATION_CONTEXT(2) 
PARAMETRIC_REPRESENTATION_CONTEXT() REPRESENTATION_CONTEXT('2D SPACE',''
  ) );
#3323 = ORIENTED_EDGE('',*,*,#3274,.F.);
#3324 = ADVANCED_FACE('',(#3325),#3312,.T.);
#3325 = FACE_BOUND('',#3326,.T.);
#3326 = EDGE_LOOP('',(#3327,#3328,#3351,#3378));
#3327 = ORIENTED_EDGE('',*,*,#3297,.T.);
#3328 = ORIENTED_EDGE('',*,*,#3329,.T.);
#3329 = EDGE_CURVE('',#3275,#3330,#3332,.T.);
#3330 = VERTEX_POINT('',#3331);
#3331 = CARTESIAN_POINT('',(52.76420455065,0.,923.587));
#3332 = SEAM_CURVE('',#3333,(#3337,#3344),.PCURVE_S1.);
#3333 = LINE('',#3334,#3335);
#3334 = CARTESIAN_POINT('',(52.720666974786,0.,919.024));
#3335 = VECTOR('',#3336,1.);
#3336 = DIRECTION('',(9.541002452393E-03,0.,0.9999544836));
#3337 = PCURVE('',#3312,#3338);
#3338 = DEFINITIONAL_REPRESENTATION('',(#3339),#3343);
#3339 = LINE('',#3340,#3341);
#3340 = CARTESIAN_POINT('',(6.28318530718,0.));
#3341 = VECTOR('',#3342,1.);
#3342 = DIRECTION('',(0.,1.));
#3343 = ( GEOMETRIC_REPRESENTATION_CONTEXT(2) 
PARAMETRIC_REPRESENTATION_CONTEXT() REPRESENTATION_CONTEXT('2D SPACE',''
  ) );
#3344 = PCURVE('',#3312,#3345);
#3345 = DEFINITIONAL_REPRESENTATION('',(#3346),#3350);
#3346 = LINE('',#3347,#3348);
#3347 = CARTESIAN_POINT('',(4.138911435803E-13,0.));
#3348 = VECTOR('',#3349,1.);
#3349 = DIRECTION('',(0.,1.));
#3350 = ( GEOMETRIC_REPRESENTATION_CONTEXT(2) 
PARAMETRIC_REPRESENTATION_CONTEXT() REPRESENTATION_CONTEXT('2D SPACE',''
  ) );
#3351 = ORIENTED_EDGE('',*,*,#3352,.F.);
#3352 = EDGE_CURVE('',#3330,#3330,#3353,.T.);
#3353 = SURFACE_CURVE('',#3354,(#3359,#3366),.PCURVE_S1.);
#3354 = CIRCLE('',#3355,52.76420455065);
#3355 = AXIS2_PLACEMENT_3D('',#3356,#3357,#3358);
#3356 = CARTESIAN_POINT('',(0.,0.,923.587));
#3357 = DIRECTION('',(0.,0.,1.));
#3358 = DIRECTION('',(1.,0.,0.));
#3359 = PCURVE('',#3312,#3360);
#3360 = DEFINITIONAL_REPRESENTATION('',(#3361),#3365);
#3361 = LINE('',#3362,#3363);
#3362 = CARTESIAN_POINT('',(0.,4.563));
#3363 = VECTOR('',#3364,1.);
#3364 = DIRECTION('',(1.,0.));
#3365 = ( GEOMETRIC_REPRESENTATION_CONTEXT(2) 
PARAMETRIC_REPRESENTATION_CONTEXT() REPRESENTATION_CONTEXT('2D SPACE',''
  ) );
#3366 = PCURVE('',#3367,#3372);
#3367 = CONICAL_SURFACE('',#3368,52.76420455065,8.772988263105E-03);
#3368 = AXIS2_PLACEMENT_3D('',#3369,#3370,#3371);
#3369 = CARTESIAN_POINT('',(0.,0.,923.587));
#3370 = DIRECTION('',(0.,0.,1.));
#3371 = DIRECTION('',(1.,0.,0.));
#3372 = DEFINITIONAL_REPRESENTATION('',(#3373),#3377);
#3373 = LINE('',#3374,#3375);
#3374 = CARTESIAN_POINT('',(0.,0.));
#3375 = VECTOR('',#3376,1.);
#3376 = DIRECTION('',(1.,0.));
#3377 = ( GEOMETRIC_REPRESENTATION_CONTEXT(2) 
PARAMETRIC_REPRESENTATION_CONTEXT() REPRESENTATION_CONTEXT('2D SPACE',''
  ) );
#3378 = ORIENTED_EDGE('',*,*,#3329,.F.);
#3379 = ADVANCED_FACE('',(#3380),#3367,.T.);
#3380 = FACE_BOUND('',#3381,.T.);
#3381 = EDGE_LOOP('',(#3382,#3383,#3406,#3433));
#3382 = ORIENTED_EDGE('',*,*,#3352,.T.);
#3383 = ORIENTED_EDGE('',*,*,#3384,.T.);
#3384 = EDGE_CURVE('',#3330,#3385,#3387,.T.);
#3385 = VERTEX_POINT('',#3386);
#3386 = CARTESIAN_POINT('',(52.804236723129,0.,928.15));
#3387 = SEAM_CURVE('',#3388,(#3392,#3399),.PCURVE_S1.);
#3388 = LINE('',#3389,#3390);
#3389 = CARTESIAN_POINT('',(52.76420455065,0.,923.587));
#3390 = VECTOR('',#3391,1.);
#3391 = DIRECTION('',(8.77287572758E-03,0.,0.999961517585));
#3392 = PCURVE('',#3367,#3393);
#3393 = DEFINITIONAL_REPRESENTATION('',(#3394),#3398);
#3394 = LINE('',#3395,#3396);
#3395 = CARTESIAN_POINT('',(6.28318530718,0.));
#3396 = VECTOR('',#3397,1.);
#3397 = DIRECTION('',(0.,1.));
#3398 = ( GEOMETRIC_REPRESENTATION_CONTEXT(2) 
PARAMETRIC_REPRESENTATION_CONTEXT() REPRESENTATION_CONTEXT('2D SPACE',''
  ) );
#3399 = PCURVE('',#3367,#3400);
#3400 = DEFINITIONAL_REPRESENTATION('',(#3401),#3405);
#3401 = LINE('',#3402,#3403);
#3402 = CARTESIAN_POINT('',(4.138911435803E-13,0.));
#3403 = VECTOR('',#3404,1.);
#3404 = DIRECTION('',(0.,1.));
#3405 = ( GEOMETRIC_REPRESENTATION_CONTEXT(2) 
PARAMETRIC_REPRESENTATION_CONTEXT() REPRESENTATION_CONTEXT('2D SPACE',''
  ) );
#3406 = ORIENTED_EDGE('',*,*,#3407,.F.);
#3407 = EDGE_CURVE('',#3385,#3385,#3408,.T.);
#3408 = SURFACE_CURVE('',#3409,(#3414,#3421),.PCURVE_S1.);
#3409 = CIRCLE('',#3410,52.804236723129);
#3410 = AXIS2_PLACEMENT_3D('',#3411,#3412,#3413);
#3411 = CARTESIAN_POINT('',(0.,0.,928.15));
#3412 = DIRECTION('',(0.,0.,1.));
#3413 = DIRECTION('',(1.,0.,0.));
#3414 = PCURVE('',#3367,#3415);
#3415 = DEFINITIONAL_REPRESENTATION('',(#3416),#3420);
#3416 = LINE('',#3417,#3418);
#3417 = CARTESIAN_POINT('',(0.,4.563));
#3418 = VECTOR('',#3419,1.);
#3419 = DIRECTION('',(1.,0.));
#3420 = ( GEOMETRIC_REPRESENTATION_CONTEXT(2) 
PARAMETRIC_REPRESENTATION_CONTEXT() REPRESENTATION_CONTEXT('2D SPACE',''
  ) );
#3421 = PCURVE('',#3422,#3427);
#3422 = CONICAL_SURFACE('',#3423,52.804236723129,7.993103671851E-03);
#3423 = AXIS2_PLACEMENT_3D('',#3424,#3425,#3426);
#3424 = CARTESIAN_POINT('',(0.,0.,928.15));
#3425 = DIRECTION('',(0.,0.,1.));
#3426 = DIRECTION('',(1.,0.,0.));
#3427 = DEFINITIONAL_REPRESENTATION('',(#3428),#3432);
#3428 = LINE('',#3429,#3430);
#3429 = CARTESIAN_POINT('',(0.,0.));
#3430 = VECTOR('',#3431,1.);
#3431 = DIRECTION('',(1.,0.));
#3432 = ( GEOMETRIC_REPRESENTATION_CONTEXT(2) 
PARAMETRIC_REPRESENTATION_CONTEXT() REPRESENTATION_CONTEXT('2D SPACE',''
  ) );
#3433 = ORIENTED_EDGE('',*,*,#3384,.F.);
#3434 = ADVANCED_FACE('',(#3435),#3422,.T.);
#3435 = FACE_BOUND('',#3436,.T.);
#3436 = EDGE_LOOP('',(#3437,#3438,#3461,#3488));
#3437 = ORIENTED_EDGE('',*,*,#3407,.T.);
#3438 = ORIENTED_EDGE('',*,*,#3439,.T.);
#3439 = EDGE_CURVE('',#3385,#3440,#3442,.T.);
#3440 = VERTEX_POINT('',#3441);
#3441 = CARTESIAN_POINT('',(52.840710031943,0.,932.713));
#3442 = SEAM_CURVE('',#3443,(#3447,#3454),.PCURVE_S1.);
#3443 = LINE('',#3444,#3445);
#3444 = CARTESIAN_POINT('',(52.804236723129,0.,928.15));
#3445 = VECTOR('',#3446,1.);
#3446 = DIRECTION('',(7.993018559275E-03,0.,0.999968055317));
#3447 = PCURVE('',#3422,#3448);
#3448 = DEFINITIONAL_REPRESENTATION('',(#3449),#3453);
#3449 = LINE('',#3450,#3451);
#3450 = CARTESIAN_POINT('',(6.28318530718,0.));
#3451 = VECTOR('',#3452,1.);
#3452 = DIRECTION('',(0.,1.));
#3453 = ( GEOMETRIC_REPRESENTATION_CONTEXT(2) 
PARAMETRIC_REPRESENTATION_CONTEXT() REPRESENTATION_CONTEXT('2D SPACE',''
  ) );
#3454 = PCURVE('',#3422,#3455);
#3455 = DEFINITIONAL_REPRESENTATION('',(#3456),#3460);
#3456 = LINE('',#3457,#3458);
#3457 = CARTESIAN_POINT('',(4.138911435803E-13,0.));
#3458 = VECTOR('',#3459,1.);
#3459 = DIRECTION('',(0.,1.));
#3460 = ( GEOMETRIC_REPRESENTATION_CONTEXT(2) 
PARAMETRIC_REPRESENTATION_CONTEXT() REPRESENTATION_CONTEXT('2D SPACE',''
  ) );
#3461 = ORIENTED_EDGE('',*,*,#3462,.F.);
#3462 = EDGE_CURVE('',#3440,#3440,#3463,.T.);
#3463 = SURFACE_CURVE('',#3464,(#3469,#3476),.PCURVE_S1.);
#3464 = CIRCLE('',#3465,52.840710031943);
#3465 = AXIS2_PLACEMENT_3D('',#3466,#3467,#3468);
#3466 = CARTESIAN_POINT('',(0.,0.,932.713));
#3467 = DIRECTION('',(0.,0.,1.));
#3468 = DIRECTION('',(1.,0.,0.));
#3469 = PCURVE('',#3422,#3470);
#3470 = DEFINITIONAL_REPRESENTATION('',(#3471),#3475);
#3471 = LINE('',#3472,#3473);
#3472 = CARTESIAN_POINT('',(0.,4.563));
#3473 = VECTOR('',#3474,1.);
#3474 = DIRECTION('',(1.,0.));
#3475 = ( GEOMETRIC_REPRESENTATION_CONTEXT(2) 
PARAMETRIC_REPRESENTATION_CONTEXT() REPRESENTATION_CONTEXT('2D SPACE',''
  ) );
#3476 = PCURVE('',#3477,#3482);
#3477 = CONICAL_SURFACE('',#3478,52.840710031943,7.201493927849E-03);
#3478 = AXIS2_PLACEMENT_3D('',#3479,#3480,#3481);
#3479 = CARTESIAN_POINT('',(0.,0.,932.713));
#3480 = DIRECTION('',(0.,0.,1.));
#3481 = DIRECTION('',(1.,0.,0.));
#3482 = DEFINITIONAL_REPRESENTATION('',(#3483),#3487);
#3483 = LINE('',#3484,#3485);
#3484 = CARTESIAN_POINT('',(0.,0.));
#3485 = VECTOR('',#3486,1.);
#3486 = DIRECTION('',(1.,0.));
#3487 = ( GEOMETRIC_REPRESENTATION_CONTEXT(2) 
PARAMETRIC_REPRESENTATION_CONTEXT() REPRESENTATION_CONTEXT('2D SPACE',''
  ) );
#3488 = ORIENTED_EDGE('',*,*,#3439,.F.);
#3489 = ADVANCED_FACE('',(#3490),#3477,.T.);
#3490 = FACE_BOUND('',#3491,.T.);
#3491 = EDGE_LOOP('',(#3492,#3493,#3516,#3543));
#3492 = ORIENTED_EDGE('',*,*,#3462,.T.);
#3493 = ORIENTED_EDGE('',*,*,#3494,.T.);
#3494 = EDGE_CURVE('',#3440,#3495,#3497,.T.);
#3495 = VERTEX_POINT('',#3496);
#3496 = CARTESIAN_POINT('',(52.873571016812,0.,937.276));
#3497 = SEAM_CURVE('',#3498,(#3502,#3509),.PCURVE_S1.);
#3498 = LINE('',#3499,#3500);
#3499 = CARTESIAN_POINT('',(52.840710031943,0.,932.713));
#3500 = VECTOR('',#3501,1.);
#3501 = DIRECTION('',(7.201431681265E-03,0.,0.999974069355));
#3502 = PCURVE('',#3477,#3503);
#3503 = DEFINITIONAL_REPRESENTATION('',(#3504),#3508);
#3504 = LINE('',#3505,#3506);
#3505 = CARTESIAN_POINT('',(6.28318530718,0.));
#3506 = VECTOR('',#3507,1.);
#3507 = DIRECTION('',(0.,1.));
#3508 = ( GEOMETRIC_REPRESENTATION_CONTEXT(2) 
PARAMETRIC_REPRESENTATION_CONTEXT() REPRESENTATION_CONTEXT('2D SPACE',''
  ) );
#3509 = PCURVE('',#3477,#3510);
#3510 = DEFINITIONAL_REPRESENTATION('',(#3511),#3515);
#3511 = LINE('',#3512,#3513);
#3512 = CARTESIAN_POINT('',(4.138911435803E-13,0.));
#3513 = VECTOR('',#3514,1.);
#3514 = DIRECTION('',(0.,1.));
#3515 = ( GEOMETRIC_REPRESENTATION_CONTEXT(2) 
PARAMETRIC_REPRESENTATION_CONTEXT() REPRESENTATION_CONTEXT('2D SPACE',''
  ) );
#3516 = ORIENTED_EDGE('',*,*,#3517,.F.);
#3517 = EDGE_CURVE('',#3495,#3495,#3518,.T.);
#3518 = SURFACE_CURVE('',#3519,(#3524,#3531),.PCURVE_S1.);
#3519 = CIRCLE('',#3520,52.873571016812);
#3520 = AXIS2_PLACEMENT_3D('',#3521,#3522,#3523);
#3521 = CARTESIAN_POINT('',(0.,0.,937.276));
#3522 = DIRECTION('',(0.,0.,1.));
#3523 = DIRECTION('',(1.,0.,0.));
#3524 = PCURVE('',#3477,#3525);
#3525 = DEFINITIONAL_REPRESENTATION('',(#3526),#3530);
#3526 = LINE('',#3527,#3528);
#3527 = CARTESIAN_POINT('',(0.,4.563));
#3528 = VECTOR('',#3529,1.);
#3529 = DIRECTION('',(1.,0.));
#3530 = ( GEOMETRIC_REPRESENTATION_CONTEXT(2) 
PARAMETRIC_REPRESENTATION_CONTEXT() REPRESENTATION_CONTEXT('2D SPACE',''
  ) );
#3531 = PCURVE('',#3532,#3537);
#3532 = CONICAL_SURFACE('',#3533,52.873571016812,6.398159600629E-03);
#3533 = AXIS2_PLACEMENT_3D('',#3534,#3535,#3536);
#3534 = CARTESIAN_POINT('',(0.,0.,937.276));
#3535 = DIRECTION('',(0.,0.,1.));
#3536 = DIRECTION('',(1.,0.,0.));
#3537 = DEFINITIONAL_REPRESENTATION('',(#3538),#3542);
#3538 = LINE('',#3539,#3540);
#3539 = CARTESIAN_POINT('',(0.,0.));
#3540 = VECTOR('',#3541,1.);
#3541 = DIRECTION('',(1.,0.));
#3542 = ( GEOMETRIC_REPRESENTATION_CONTEXT(2) 
PARAMETRIC_REPRESENTATION_CONTEXT() REPRESENTATION_CONTEXT('2D SPACE',''
  ) );
#3543 = ORIENTED_EDGE('',*,*,#3494,.F.);
#3544 = ADVANCED_FACE('',(#3545),#3532,.T.);
#3545 = FACE_BOUND('',#3546,.T.);
#3546 = EDGE_LOOP('',(#3547,#3548,#3571,#3598));
#3547 = ORIENTED_EDGE('',*,*,#3517,.T.);
#3548 = ORIENTED_EDGE('',*,*,#3549,.T.);
#3549 = EDGE_CURVE('',#3495,#3550,#3552,.T.);
#3550 = VERTEX_POINT('',#3551);
#3551 = CARTESIAN_POINT('',(52.902766217453,0.,941.839));
#3552 = SEAM_CURVE('',#3553,(#3557,#3564),.PCURVE_S1.);
#3553 = LINE('',#3554,#3555);
#3554 = CARTESIAN_POINT('',(52.873571016812,0.,937.276));
#3555 = VECTOR('',#3556,1.);
#3556 = DIRECTION('',(6.398115947719E-03,0.,0.999979531847));
#3557 = PCURVE('',#3532,#3558);
#3558 = DEFINITIONAL_REPRESENTATION('',(#3559),#3563);
#3559 = LINE('',#3560,#3561);
#3560 = CARTESIAN_POINT('',(6.28318530718,0.));
#3561 = VECTOR('',#3562,1.);
#3562 = DIRECTION('',(0.,1.));
#3563 = ( GEOMETRIC_REPRESENTATION_CONTEXT(2) 
PARAMETRIC_REPRESENTATION_CONTEXT() REPRESENTATION_CONTEXT('2D SPACE',''
  ) );
#3564 = PCURVE('',#3532,#3565);
#3565 = DEFINITIONAL_REPRESENTATION('',(#3566),#3570);
#3566 = LINE('',#3567,#3568);
#3567 = CARTESIAN_POINT('',(4.138911435803E-13,0.));
#3568 = VECTOR('',#3569,1.);
#3569 = DIRECTION('',(0.,1.));
#3570 = ( GEOMETRIC_REPRESENTATION_CONTEXT(2) 
PARAMETRIC_REPRESENTATION_CONTEXT() REPRESENTATION_CONTEXT('2D SPACE',''
  ) );
#3571 = ORIENTED_EDGE('',*,*,#3572,.F.);
#3572 = EDGE_CURVE('',#3550,#3550,#3573,.T.);
#3573 = SURFACE_CURVE('',#3574,(#3579,#3586),.PCURVE_S1.);
#3574 = CIRCLE('',#3575,52.902766217453);
#3575 = AXIS2_PLACEMENT_3D('',#3576,#3577,#3578);
#3576 = CARTESIAN_POINT('',(0.,0.,941.839));
#3577 = DIRECTION('',(0.,0.,1.));
#3578 = DIRECTION('',(1.,0.,0.));
#3579 = PCURVE('',#3532,#3580);
#3580 = DEFINITIONAL_REPRESENTATION('',(#3581),#3585);
#3581 = LINE('',#3582,#3583);
#3582 = CARTESIAN_POINT('',(0.,4.563));
#3583 = VECTOR('',#3584,1.);
#3584 = DIRECTION('',(1.,0.));
#3585 = ( GEOMETRIC_REPRESENTATION_CONTEXT(2) 
PARAMETRIC_REPRESENTATION_CONTEXT() REPRESENTATION_CONTEXT('2D SPACE',''
  ) );
#3586 = PCURVE('',#3587,#3592);
#3587 = CONICAL_SURFACE('',#3588,52.902766217453,5.583101343246E-03);
#3588 = AXIS2_PLACEMENT_3D('',#3589,#3590,#3591);
#3589 = CARTESIAN_POINT('',(0.,0.,941.839));
#3590 = DIRECTION('',(0.,0.,1.));
#3591 = DIRECTION('',(1.,0.,0.));
#3592 = DEFINITIONAL_REPRESENTATION('',(#3593),#3597);
#3593 = LINE('',#3594,#3595);
#3594 = CARTESIAN_POINT('',(0.,0.));
#3595 = VECTOR('',#3596,1.);
#3596 = DIRECTION('',(1.,0.));
#3597 = ( GEOMETRIC_REPRESENTATION_CONTEXT(2) 
PARAMETRIC_REPRESENTATION_CONTEXT() REPRESENTATION_CONTEXT('2D SPACE',''
  ) );
#3598 = ORIENTED_EDGE('',*,*,#3549,.F.);
#3599 = ADVANCED_FACE('',(#3600),#3587,.T.);
#3600 = FACE_BOUND('',#3601,.T.);
#3601 = EDGE_LOOP('',(#3602,#3603,#3626,#3653));
#3602 = ORIENTED_EDGE('',*,*,#3572,.T.);
#3603 = ORIENTED_EDGE('',*,*,#3604,.T.);
#3604 = EDGE_CURVE('',#3550,#3605,#3607,.T.);
#3605 = VERTEX_POINT('',#3606);
#3606 = CARTESIAN_POINT('',(52.928242173587,0.,946.402));
#3607 = SEAM_CURVE('',#3608,(#3612,#3619),.PCURVE_S1.);
#3608 = LINE('',#3609,#3610);
#3609 = CARTESIAN_POINT('',(52.902766217453,0.,941.839));
#3610 = VECTOR('',#3611,1.);
#3611 = DIRECTION('',(5.583072338137E-03,0.,0.99998441453));
#3612 = PCURVE('',#3587,#3613);
#3613 = DEFINITIONAL_REPRESENTATION('',(#3614),#3618);
#3614 = LINE('',#3615,#3616);
#3615 = CARTESIAN_POINT('',(6.28318530718,0.));
#3616 = VECTOR('',#3617,1.);
#3617 = DIRECTION('',(0.,1.));
#3618 = ( GEOMETRIC_REPRESENTATION_CONTEXT(2) 
PARAMETRIC_REPRESENTATION_CONTEXT() REPRESENTATION_CONTEXT('2D SPACE',''
  ) );
#3619 = PCURVE('',#3587,#3620);
#3620 = DEFINITIONAL_REPRESENTATION('',(#3621),#3625);
#3621 = LINE('',#3622,#3623);
#3622 = CARTESIAN_POINT('',(4.138911435803E-13,0.));
#3623 = VECTOR('',#3624,1.);
#3624 = DIRECTION('',(0.,1.));
#3625 = ( GEOMETRIC_REPRESENTATION_CONTEXT(2) 
PARAMETRIC_REPRESENTATION_CONTEXT() REPRESENTATION_CONTEXT('2D SPACE',''
  ) );
#3626 = ORIENTED_EDGE('',*,*,#3627,.F.);
#3627 = EDGE_CURVE('',#3605,#3605,#3628,.T.);
#3628 = SURFACE_CURVE('',#3629,(#3634,#3641),.PCURVE_S1.);
#3629 = CIRCLE('',#3630,52.928242173587);
#3630 = AXIS2_PLACEMENT_3D('',#3631,#3632,#3633);
#3631 = CARTESIAN_POINT('',(0.,0.,946.402));
#3632 = DIRECTION('',(0.,0.,1.));
#3633 = DIRECTION('',(1.,0.,0.));
#3634 = PCURVE('',#3587,#3635);
#3635 = DEFINITIONAL_REPRESENTATION('',(#3636),#3640);
#3636 = LINE('',#3637,#3638);
#3637 = CARTESIAN_POINT('',(0.,4.563));
#3638 = VECTOR('',#3639,1.);
#3639 = DIRECTION('',(1.,0.));
#3640 = ( GEOMETRIC_REPRESENTATION_CONTEXT(2) 
PARAMETRIC_REPRESENTATION_CONTEXT() REPRESENTATION_CONTEXT('2D SPACE',''
  ) );
#3641 = PCURVE('',#3642,#3647);
#3642 = CONICAL_SURFACE('',#3643,52.928242173587,4.756319895612E-03);
#3643 = AXIS2_PLACEMENT_3D('',#3644,#3645,#3646);
#3644 = CARTESIAN_POINT('',(0.,0.,946.402));
#3645 = DIRECTION('',(0.,0.,1.));
#3646 = DIRECTION('',(1.,0.,0.));
#3647 = DEFINITIONAL_REPRESENTATION('',(#3648),#3652);
#3648 = LINE('',#3649,#3650);
#3649 = CARTESIAN_POINT('',(0.,0.));
#3650 = VECTOR('',#3651,1.);
#3651 = DIRECTION('',(1.,0.));
#3652 = ( GEOMETRIC_REPRESENTATION_CONTEXT(2) 
PARAMETRIC_REPRESENTATION_CONTEXT() REPRESENTATION_CONTEXT('2D SPACE',''
  ) );
#3653 = ORIENTED_EDGE('',*,*,#3604,.F.);
#3654 = ADVANCED_FACE('',(#3655),#3642,.T.);
#3655 = FACE_BOUND('',#3656,.T.);
#3656 = EDGE_LOOP('',(#3657,#3658,#3681,#3708));
#3657 = ORIENTED_EDGE('',*,*,#3627,.T.);
#3658 = ORIENTED_EDGE('',*,*,#3659,.T.);
#3659 = EDGE_CURVE('',#3605,#3660,#3662,.T.);
#3660 = VERTEX_POINT('',#3661);
#3661 = CARTESIAN_POINT('',(52.949945424932,0.,950.965));
#3662 = SEAM_CURVE('',#3663,(#3667,#3674),.PCURVE_S1.);
#3663 = LINE('',#3664,#3665);
#3664 = CARTESIAN_POINT('',(52.928242173587,0.,946.402));
#3665 = VECTOR('',#3666,1.);
#3666 = DIRECTION('',(4.756301962255E-03,0.,0.999988688732));
#3667 = PCURVE('',#3642,#3668);
#3668 = DEFINITIONAL_REPRESENTATION('',(#3669),#3673);
#3669 = LINE('',#3670,#3671);
#3670 = CARTESIAN_POINT('',(6.28318530718,0.));
#3671 = VECTOR('',#3672,1.);
#3672 = DIRECTION('',(0.,1.));
#3673 = ( GEOMETRIC_REPRESENTATION_CONTEXT(2) 
PARAMETRIC_REPRESENTATION_CONTEXT() REPRESENTATION_CONTEXT('2D SPACE',''
  ) );
#3674 = PCURVE('',#3642,#3675);
#3675 = DEFINITIONAL_REPRESENTATION('',(#3676),#3680);
#3676 = LINE('',#3677,#3678);
#3677 = CARTESIAN_POINT('',(4.138911435803E-13,0.));
#3678 = VECTOR('',#3679,1.);
#3679 = DIRECTION('',(0.,1.));
#3680 = ( GEOMETRIC_REPRESENTATION_CONTEXT(2) 
PARAMETRIC_REPRESENTATION_CONTEXT() REPRESENTATION_CONTEXT('2D SPACE',''
  ) );
#3681 = ORIENTED_EDGE('',*,*,#3682,.F.);
#3682 = EDGE_CURVE('',#3660,#3660,#3683,.T.);
#3683 = SURFACE_CURVE('',#3684,(#3689,#3696),.PCURVE_S1.);
#3684 = CIRCLE('',#3685,52.949945424932);
#3685 = AXIS2_PLACEMENT_3D('',#3686,#3687,#3688);
#3686 = CARTESIAN_POINT('',(0.,0.,950.965));
#3687 = DIRECTION('',(0.,0.,1.));
#3688 = DIRECTION('',(1.,0.,0.));
#3689 = PCURVE('',#3642,#3690);
#3690 = DEFINITIONAL_REPRESENTATION('',(#3691),#3695);
#3691 = LINE('',#3692,#3693);
#3692 = CARTESIAN_POINT('',(0.,4.563));
#3693 = VECTOR('',#3694,1.);
#3694 = DIRECTION('',(1.,0.));
#3695 = ( GEOMETRIC_REPRESENTATION_CONTEXT(2) 
PARAMETRIC_REPRESENTATION_CONTEXT() REPRESENTATION_CONTEXT('2D SPACE',''
  ) );
#3696 = PCURVE('',#3697,#3702);
#3697 = CONICAL_SURFACE('',#3698,52.949945424932,3.917816087838E-03);
#3698 = AXIS2_PLACEMENT_3D('',#3699,#3700,#3701);
#3699 = CARTESIAN_POINT('',(0.,0.,950.965));
#3700 = DIRECTION('',(0.,0.,1.));
#3701 = DIRECTION('',(1.,0.,0.));
#3702 = DEFINITIONAL_REPRESENTATION('',(#3703),#3707);
#3703 = LINE('',#3704,#3705);
#3704 = CARTESIAN_POINT('',(0.,0.));
#3705 = VECTOR('',#3706,1.);
#3706 = DIRECTION('',(1.,0.));
#3707 = ( GEOMETRIC_REPRESENTATION_CONTEXT(2) 
PARAMETRIC_REPRESENTATION_CONTEXT() REPRESENTATION_CONTEXT('2D SPACE',''
  ) );
#3708 = ORIENTED_EDGE('',*,*,#3659,.F.);
#3709 = ADVANCED_FACE('',(#3710),#3697,.T.);
#3710 = FACE_BOUND('',#3711,.T.);
#3711 = EDGE_LOOP('',(#3712,#3713,#3736,#3763));
#3712 = ORIENTED_EDGE('',*,*,#3682,.T.);
#3713 = ORIENTED_EDGE('',*,*,#3714,.T.);
#3714 = EDGE_CURVE('',#3660,#3715,#3717,.T.);
#3715 = VERTEX_POINT('',#3716);
#3716 = CARTESIAN_POINT('',(52.967822511207,0.,955.528));
#3717 = SEAM_CURVE('',#3718,(#3722,#3729),.PCURVE_S1.);
#3718 = LINE('',#3719,#3720);
#3719 = CARTESIAN_POINT('',(52.949945424932,0.,950.965));
#3720 = VECTOR('',#3721,1.);
#3721 = DIRECTION('',(3.917806065242E-03,0.,0.999992325368));
#3722 = PCURVE('',#3697,#3723);
#3723 = DEFINITIONAL_REPRESENTATION('',(#3724),#3728);
#3724 = LINE('',#3725,#3726);
#3725 = CARTESIAN_POINT('',(6.28318530718,0.));
#3726 = VECTOR('',#3727,1.);
#3727 = DIRECTION('',(0.,1.));
#3728 = ( GEOMETRIC_REPRESENTATION_CONTEXT(2) 
PARAMETRIC_REPRESENTATION_CONTEXT() REPRESENTATION_CONTEXT('2D SPACE',''
  ) );
#3729 = PCURVE('',#3697,#3730);
#3730 = DEFINITIONAL_REPRESENTATION('',(#3731),#3735);
#3731 = LINE('',#3732,#3733);
#3732 = CARTESIAN_POINT('',(4.138911435803E-13,0.));
#3733 = VECTOR('',#3734,1.);
#3734 = DIRECTION('',(0.,1.));
#3735 = ( GEOMETRIC_REPRESENTATION_CONTEXT(2) 
PARAMETRIC_REPRESENTATION_CONTEXT() REPRESENTATION_CONTEXT('2D SPACE',''
  ) );
#3736 = ORIENTED_EDGE('',*,*,#3737,.F.);
#3737 = EDGE_CURVE('',#3715,#3715,#3738,.T.);
#3738 = SURFACE_CURVE('',#3739,(#3744,#3751),.PCURVE_S1.);
#3739 = CIRCLE('',#3740,52.967822511207);
#3740 = AXIS2_PLACEMENT_3D('',#3741,#3742,#3743);
#3741 = CARTESIAN_POINT('',(0.,0.,955.528));
#3742 = DIRECTION('',(0.,0.,1.));
#3743 = DIRECTION('',(1.,0.,0.));
#3744 = PCURVE('',#3697,#3745);
#3745 = DEFINITIONAL_REPRESENTATION('',(#3746),#3750);
#3746 = LINE('',#3747,#3748);
#3747 = CARTESIAN_POINT('',(0.,4.563));
#3748 = VECTOR('',#3749,1.);
#3749 = DIRECTION('',(1.,0.));
#3750 = ( GEOMETRIC_REPRESENTATION_CONTEXT(2) 
PARAMETRIC_REPRESENTATION_CONTEXT() REPRESENTATION_CONTEXT('2D SPACE',''
  ) );
#3751 = PCURVE('',#3752,#3757);
#3752 = CONICAL_SURFACE('',#3753,52.967822511207,3.067590843655E-03);
#3753 = AXIS2_PLACEMENT_3D('',#3754,#3755,#3756);
#3754 = CARTESIAN_POINT('',(0.,0.,955.528));
#3755 = DIRECTION('',(0.,0.,1.));
#3756 = DIRECTION('',(1.,0.,0.));
#3757 = DEFINITIONAL_REPRESENTATION('',(#3758),#3762);
#3758 = LINE('',#3759,#3760);
#3759 = CARTESIAN_POINT('',(0.,0.));
#3760 = VECTOR('',#3761,1.);
#3761 = DIRECTION('',(1.,0.));
#3762 = ( GEOMETRIC_REPRESENTATION_CONTEXT(2) 
PARAMETRIC_REPRESENTATION_CONTEXT() REPRESENTATION_CONTEXT('2D SPACE',''
  ) );
#3763 = ORIENTED_EDGE('',*,*,#3714,.F.);
#3764 = ADVANCED_FACE('',(#3765),#3752,.T.);
#3765 = FACE_BOUND('',#3766,.T.);
#3766 = EDGE_LOOP('',(#3767,#3768,#3791,#3818));
#3767 = ORIENTED_EDGE('',*,*,#3737,.T.);
#3768 = ORIENTED_EDGE('',*,*,#3769,.T.);
#3769 = EDGE_CURVE('',#3715,#3770,#3772,.T.);
#3770 = VERTEX_POINT('',#3771);
#3771 = CARTESIAN_POINT('',(52.981819972133,0.,960.091));
#3772 = SEAM_CURVE('',#3773,(#3777,#3784),.PCURVE_S1.);
#3773 = LINE('',#3774,#3775);
#3774 = CARTESIAN_POINT('',(52.967822511207,0.,955.528));
#3775 = VECTOR('',#3776,1.);
#3776 = DIRECTION('',(3.067586032594E-03,0.,0.999995294947));
#3777 = PCURVE('',#3752,#3778);
#3778 = DEFINITIONAL_REPRESENTATION('',(#3779),#3783);
#3779 = LINE('',#3780,#3781);
#3780 = CARTESIAN_POINT('',(6.28318530718,0.));
#3781 = VECTOR('',#3782,1.);
#3782 = DIRECTION('',(0.,1.));
#3783 = ( GEOMETRIC_REPRESENTATION_CONTEXT(2) 
PARAMETRIC_REPRESENTATION_CONTEXT() REPRESENTATION_CONTEXT('2D SPACE',''
  ) );
#3784 = PCURVE('',#3752,#3785);
#3785 = DEFINITIONAL_REPRESENTATION('',(#3786),#3790);
#3786 = LINE('',#3787,#3788);
#3787 = CARTESIAN_POINT('',(4.138911435803E-13,0.));
#3788 = VECTOR('',#3789,1.);
#3789 = DIRECTION('',(0.,1.));
#3790 = ( GEOMETRIC_REPRESENTATION_CONTEXT(2) 
PARAMETRIC_REPRESENTATION_CONTEXT() REPRESENTATION_CONTEXT('2D SPACE',''
  ) );
#3791 = ORIENTED_EDGE('',*,*,#3792,.F.);
#3792 = EDGE_CURVE('',#3770,#3770,#3793,.T.);
#3793 = SURFACE_CURVE('',#3794,(#3799,#3806),.PCURVE_S1.);
#3794 = CIRCLE('',#3795,52.981819972133);
#3795 = AXIS2_PLACEMENT_3D('',#3796,#3797,#3798);
#3796 = CARTESIAN_POINT('',(0.,0.,960.091));
#3797 = DIRECTION('',(0.,0.,1.));
#3798 = DIRECTION('',(1.,0.,0.));
#3799 = PCURVE('',#3752,#3800);
#3800 = DEFINITIONAL_REPRESENTATION('',(#3801),#3805);
#3801 = LINE('',#3802,#3803);
#3802 = CARTESIAN_POINT('',(0.,4.563));
#3803 = VECTOR('',#3804,1.);
#3804 = DIRECTION('',(1.,0.));
#3805 = ( GEOMETRIC_REPRESENTATION_CONTEXT(2) 
PARAMETRIC_REPRESENTATION_CONTEXT() REPRESENTATION_CONTEXT('2D SPACE',''
  ) );
#3806 = PCURVE('',#3807,#3812);
#3807 = CONICAL_SURFACE('',#3808,52.981819972133,2.205645183837E-03);
#3808 = AXIS2_PLACEMENT_3D('',#3809,#3810,#3811);
#3809 = CARTESIAN_POINT('',(0.,0.,960.091));
#3810 = DIRECTION('',(0.,0.,1.));
#3811 = DIRECTION('',(1.,0.,0.));
#3812 = DEFINITIONAL_REPRESENTATION('',(#3813),#3817);
#3813 = LINE('',#3814,#3815);
#3814 = CARTESIAN_POINT('',(0.,0.));
#3815 = VECTOR('',#3816,1.);
#3816 = DIRECTION('',(1.,0.));
#3817 = ( GEOMETRIC_REPRESENTATION_CONTEXT(2) 
PARAMETRIC_REPRESENTATION_CONTEXT() REPRESENTATION_CONTEXT('2D SPACE',''
  ) );
#3818 = ORIENTED_EDGE('',*,*,#3769,.F.);
#3819 = ADVANCED_FACE('',(#3820),#3807,.T.);
#3820 = FACE_BOUND('',#3821,.T.);
#3821 = EDGE_LOOP('',(#3822,#3823,#3846,#3873));
#3822 = ORIENTED_EDGE('',*,*,#3792,.T.);
#3823 = ORIENTED_EDGE('',*,*,#3824,.T.);
#3824 = EDGE_CURVE('',#3770,#3825,#3827,.T.);
#3825 = VERTEX_POINT('',#3826);
#3826 = CARTESIAN_POINT('',(52.991884347427,0.,964.654));
#3827 = SEAM_CURVE('',#3828,(#3832,#3839),.PCURVE_S1.);
#3828 = LINE('',#3829,#3830);
#3829 = CARTESIAN_POINT('',(52.981819972133,0.,960.091));
#3830 = VECTOR('',#3831,1.);
#3831 = DIRECTION('',(2.205643395468E-03,0.,0.999997567566));
#3832 = PCURVE('',#3807,#3833);
#3833 = DEFINITIONAL_REPRESENTATION('',(#3834),#3838);
#3834 = LINE('',#3835,#3836);
#3835 = CARTESIAN_POINT('',(6.28318530718,0.));
#3836 = VECTOR('',#3837,1.);
#3837 = DIRECTION('',(0.,1.));
#3838 = ( GEOMETRIC_REPRESENTATION_CONTEXT(2) 
PARAMETRIC_REPRESENTATION_CONTEXT() REPRESENTATION_CONTEXT('2D SPACE',''
  ) );
#3839 = PCURVE('',#3807,#3840);
#3840 = DEFINITIONAL_REPRESENTATION('',(#3841),#3845);
#3841 = LINE('',#3842,#3843);
#3842 = CARTESIAN_POINT('',(4.138911435803E-13,0.));
#3843 = VECTOR('',#3844,1.);
#3844 = DIRECTION('',(0.,1.));
#3845 = ( GEOMETRIC_REPRESENTATION_CONTEXT(2) 
PARAMETRIC_REPRESENTATION_CONTEXT() REPRESENTATION_CONTEXT('2D SPACE',''
  ) );
#3846 = ORIENTED_EDGE('',*,*,#3847,.F.);
#3847 = EDGE_CURVE('',#3825,#3825,#3848,.T.);
#3848 = SURFACE_CURVE('',#3849,(#3854,#3861),.PCURVE_S1.);
#3849 = CIRCLE('',#3850,52.991884347427);
#3850 = AXIS2_PLACEMENT_3D('',#3851,#3852,#3853);
#3851 = CARTESIAN_POINT('',(0.,0.,964.654));
#3852 = DIRECTION('',(0.,0.,1.));
#3853 = DIRECTION('',(1.,0.,0.));
#3854 = PCURVE('',#3807,#3855);
#3855 = DEFINITIONAL_REPRESENTATION('',(#3856),#3860);
#3856 = LINE('',#3857,#3858);
#3857 = CARTESIAN_POINT('',(0.,4.563));
#3858 = VECTOR('',#3859,1.);
#3859 = DIRECTION('',(1.,0.));
#3860 = ( GEOMETRIC_REPRESENTATION_CONTEXT(2) 
PARAMETRIC_REPRESENTATION_CONTEXT() REPRESENTATION_CONTEXT('2D SPACE',''
  ) );
#3861 = PCURVE('',#3862,#3867);
#3862 = CONICAL_SURFACE('',#3863,52.991884347427,1.331980229733E-03);
#3863 = AXIS2_PLACEMENT_3D('',#3864,#3865,#3866);
#3864 = CARTESIAN_POINT('',(0.,0.,964.654));
#3865 = DIRECTION('',(0.,0.,1.));
#3866 = DIRECTION('',(1.,0.,0.));
#3867 = DEFINITIONAL_REPRESENTATION('',(#3868),#3872);
#3868 = LINE('',#3869,#3870);
#3869 = CARTESIAN_POINT('',(0.,0.));
#3870 = VECTOR('',#3871,1.);
#3871 = DIRECTION('',(1.,0.));
#3872 = ( GEOMETRIC_REPRESENTATION_CONTEXT(2) 
PARAMETRIC_REPRESENTATION_CONTEXT() REPRESENTATION_CONTEXT('2D SPACE',''
  ) );
#3873 = ORIENTED_EDGE('',*,*,#3824,.F.);
#3874 = ADVANCED_FACE('',(#3875),#3862,.T.);
#3875 = FACE_BOUND('',#3876,.T.);
#3876 = EDGE_LOOP('',(#3877,#3900,#3901,#3902,#3934,#4006,#4156,#4316,
    #4430,#4502));
#3877 = ORIENTED_EDGE('',*,*,#3878,.F.);
#3878 = EDGE_CURVE('',#3825,#3879,#3881,.T.);
#3879 = VERTEX_POINT('',#3880);
#3880 = CARTESIAN_POINT('',(52.99796217681,0.,969.217));
#3881 = SEAM_CURVE('',#3882,(#3886,#3893),.PCURVE_S1.);
#3882 = LINE('',#3883,#3884);
#3883 = CARTESIAN_POINT('',(52.991884347427,0.,964.654));
#3884 = VECTOR('',#3885,1.);
#3885 = DIRECTION('',(1.331979835879E-03,0.,0.999999112914));
#3886 = PCURVE('',#3862,#3887);
#3887 = DEFINITIONAL_REPRESENTATION('',(#3888),#3892);
#3888 = LINE('',#3889,#3890);
#3889 = CARTESIAN_POINT('',(4.138911435803E-13,0.));
#3890 = VECTOR('',#3891,1.);
#3891 = DIRECTION('',(0.,1.));
#3892 = ( GEOMETRIC_REPRESENTATION_CONTEXT(2) 
PARAMETRIC_REPRESENTATION_CONTEXT() REPRESENTATION_CONTEXT('2D SPACE',''
  ) );
#3893 = PCURVE('',#3862,#3894);
#3894 = DEFINITIONAL_REPRESENTATION('',(#3895),#3899);
#3895 = LINE('',#3896,#3897);
#3896 = CARTESIAN_POINT('',(6.28318530718,0.));
#3897 = VECTOR('',#3898,1.);
#3898 = DIRECTION('',(0.,1.));
#3899 = ( GEOMETRIC_REPRESENTATION_CONTEXT(2) 
PARAMETRIC_REPRESENTATION_CONTEXT() REPRESENTATION_CONTEXT('2D SPACE',''
  ) );
#3900 = ORIENTED_EDGE('',*,*,#3847,.T.);
#3901 = ORIENTED_EDGE('',*,*,#3878,.T.);
#3902 = ORIENTED_EDGE('',*,*,#3903,.F.);
#3903 = EDGE_CURVE('',#3904,#3879,#3906,.T.);
#3904 = VERTEX_POINT('',#3905);
#3905 = CARTESIAN_POINT('',(-41.33050675576,33.174888186793,969.217));
#3906 = SURFACE_CURVE('',#3907,(#3912,#3919),.PCURVE_S1.);
#3907 = CIRCLE('',#3908,52.99796217681);
#3908 = AXIS2_PLACEMENT_3D('',#3909,#3910,#3911);
#3909 = CARTESIAN_POINT('',(0.,0.,969.217));
#3910 = DIRECTION('',(0.,0.,1.));
#3911 = DIRECTION('',(1.,0.,0.));
#3912 = PCURVE('',#3862,#3913);
#3913 = DEFINITIONAL_REPRESENTATION('',(#3914),#3918);
#3914 = LINE('',#3915,#3916);
#3915 = CARTESIAN_POINT('',(0.,4.563));
#3916 = VECTOR('',#3917,1.);
#3917 = DIRECTION('',(1.,0.));
#3918 = ( GEOMETRIC_REPRESENTATION_CONTEXT(2) 
PARAMETRIC_REPRESENTATION_CONTEXT() REPRESENTATION_CONTEXT('2D SPACE',''
  ) );
#3919 = PCURVE('',#3920,#3928);
#3920 = SURFACE_OF_REVOLUTION('',#3921,#3925);
#3921 = LINE('',#3922,#3923);
#3922 = CARTESIAN_POINT('',(52.99796217681,0.,969.217));
#3923 = VECTOR('',#3924,1.);
#3924 = DIRECTION('',(4.465971919213E-04,0.,0.999999900275));
#3925 = AXIS1_PLACEMENT('',#3926,#3927);
#3926 = CARTESIAN_POINT('',(0.,0.,700.));
#3927 = DIRECTION('',(0.,0.,1.));
#3928 = DEFINITIONAL_REPRESENTATION('',(#3929),#3933);
#3929 = LINE('',#3930,#3931);
#3930 = CARTESIAN_POINT('',(0.,0.));
#3931 = VECTOR('',#3932,1.);
#3932 = DIRECTION('',(1.,0.));
#3933 = ( GEOMETRIC_REPRESENTATION_CONTEXT(2) 
PARAMETRIC_REPRESENTATION_CONTEXT() REPRESENTATION_CONTEXT('2D SPACE',''
  ) );
#3934 = ORIENTED_EDGE('',*,*,#3935,.T.);
#3935 = EDGE_CURVE('',#3904,#3936,#3938,.T.);
#3936 = VERTEX_POINT('',#3937);
#3937 = CARTESIAN_POINT('',(-41.3330465362,33.166290593231,
    966.66403824986));
#3938 = SURFACE_CURVE('',#3939,(#3948,#3960),.PCURVE_S1.);
#3939 = B_SPLINE_CURVE_WITH_KNOTS('',4,(#3940,#3941,#3942,#3943,#3944,
    #3945,#3946,#3947),.UNSPECIFIED.,.F.,.F.,(5,3,5),(0.,0.755962438188,
    1.),.UNSPECIFIED.);
#3940 = CARTESIAN_POINT('',(-41.33050675576,33.174888186793,969.217));
#3941 = CARTESIAN_POINT('',(-41.33115579487,33.172699494596,
    968.56842336047));
#3942 = CARTESIAN_POINT('',(-41.33180224772,33.170513844886,
    967.91984666594));
#3943 = CARTESIAN_POINT('',(-41.33244611961,33.168331232554,
    967.27126991747));
#3944 = CARTESIAN_POINT('',(-41.33329443716,33.165448046932,
    966.41332146836));
#3945 = CARTESIAN_POINT('',(-41.3335011901,33.164744757341,
    966.20394981517));
#3946 = CARTESIAN_POINT('',(-41.33370767479,33.164041783578,
    965.99457815648));
#3947 = CARTESIAN_POINT('',(-41.33391389143,33.163339125471,
    965.78520649236));
#3948 = PCURVE('',#3862,#3949);
#3949 = DEFINITIONAL_REPRESENTATION('',(#3950),#3959);
#3950 = B_SPLINE_CURVE_WITH_KNOTS('',4,(#3951,#3952,#3953,#3954,#3955,
    #3956,#3957,#3958),.UNSPECIFIED.,.F.,.F.,(5,3,5),(0.,0.755962438188,
    1.),.UNSPECIFIED.);
#3951 = CARTESIAN_POINT('',(2.465223863933,4.563));
#3952 = CARTESIAN_POINT('',(2.465263735834,3.914423360473));
#3953 = CARTESIAN_POINT('',(2.465303534152,3.265846665949));
#3954 = CARTESIAN_POINT('',(2.465343259018,2.61726991747));
#3955 = CARTESIAN_POINT('',(2.465395710757,1.759321468367));
#3956 = CARTESIAN_POINT('',(2.46540850331,1.549949815163));
#3957 = CARTESIAN_POINT('',(2.465421288227,1.340578156498));
#3958 = CARTESIAN_POINT('',(2.465434065512,1.131206492372));
#3959 = ( GEOMETRIC_REPRESENTATION_CONTEXT(2) 
PARAMETRIC_REPRESENTATION_CONTEXT() REPRESENTATION_CONTEXT('2D SPACE',''
  ) );
#3960 = PCURVE('',#3961,#3995);
#3961 = ( BOUNDED_SURFACE() B_SPLINE_SURFACE(2,4,(
    (#3962,#3963,#3964,#3965,#3966,#3967,#3968,#3969,#3970,#3971,#3972)
    ,(#3973,#3974,#3975,#3976,#3977,#3978,#3979,#3980,#3981,#3982,#3983)
    ,(#3984,#3985,#3986,#3987,#3988,#3989,#3990,#3991,#3992,#3993,#3994
)),.UNSPECIFIED.,.F.,.F.,.F.) B_SPLINE_SURFACE_WITH_KNOTS((3,3),(5,3,3,5
    ),(0.,95.),(-4.600187005187,8.335169941537E-13,95.000000000001,
99.651127419771),.UNSPECIFIED.) GEOMETRIC_REPRESENTATION_ITEM() 
RATIONAL_B_SPLINE_SURFACE((
    (1.,1.,1.,1.,1.,1.,1.,1.,1.,1.,1.)
    ,(0.682590887055,0.682953403873,0.683074242812,0.682953403873
      ,0.675104431045,0.667543979786,0.659929724262,0.651908304145
      ,0.651783506603,0.651908304145,0.652282696768)
,(1.,1.,1.,1.,1.,1.,1.,1.,1.,1.,1.
  ))) REPRESENTATION_ITEM('') SURFACE() );
#3962 = CARTESIAN_POINT('',(-38.23268272777,31.666228067138,
    960.6288314169));
#3963 = CARTESIAN_POINT('',(-38.22836203986,31.666228067138,
    961.80436895715));
#3964 = CARTESIAN_POINT('',(-38.22407258241,31.666228067138,
    962.97140956775));
#3965 = CARTESIAN_POINT('',(-38.21981435542,31.666228067138,
    964.1299532487));
#3966 = CARTESIAN_POINT('',(-38.12829424029,31.666228067138,989.03));
#3967 = CARTESIAN_POINT('',(-38.03875520637,31.666228067138,1.01278E+03)
  );
#3968 = CARTESIAN_POINT('',(-37.94698502137,31.666228067138,1.03653E+03)
  );
#3969 = CARTESIAN_POINT('',(-37.84841946435,31.666228067138,
    1.061442781855E+03));
#3970 = CARTESIAN_POINT('',(-37.84381898111,31.666228067138,
    1.062605569739E+03));
#3971 = CARTESIAN_POINT('',(-37.83921847401,31.666228067138,
    1.063768363653E+03));
#3972 = CARTESIAN_POINT('',(-37.83461794305,31.666228067138,
    1.064931163597E+03));
#3973 = CARTESIAN_POINT('',(-42.49797029319,31.666228067138,
    960.62880000175));
#3974 = CARTESIAN_POINT('',(-42.498002662,31.666228067138,
    961.80619814908));
#3975 = CARTESIAN_POINT('',(-42.49803474055,31.666228067138,
    962.97303793617));
#3976 = CARTESIAN_POINT('',(-42.49806656304,31.666228067138,
    964.13056370219));
#3977 = CARTESIAN_POINT('',(-42.49875833433,31.666228067138,
    989.29337159417));
#3978 = CARTESIAN_POINT('',(-42.49948876376,31.666228067138,
    1.013140414315E+03));
#3979 = CARTESIAN_POINT('',(-42.50029060986,31.666228067138,
    1.036805206429E+03));
#3980 = CARTESIAN_POINT('',(-42.5012059481,31.666228067138,
    1.061443449644E+03));
#3981 = CARTESIAN_POINT('',(-42.50124918855,31.666228067138,
    1.062607356926E+03));
#3982 = CARTESIAN_POINT('',(-42.50129239635,31.666228067138,
    1.06377038524E+03));
#3983 = CARTESIAN_POINT('',(-42.50133552192,31.666228067138,
    1.064931199997E+03));
#3984 = CARTESIAN_POINT('',(-42.22447946823,35.922773268483,
    960.62886312678));
#3985 = CARTESIAN_POINT('',(-42.21988244219,35.926820180632,
    961.80438481209));
#3986 = CARTESIAN_POINT('',(-42.21531862379,35.930837859004,
    962.97141485273));
#3987 = CARTESIAN_POINT('',(-42.21078801304,35.934826303597,
    964.1299532487));
#3988 = CARTESIAN_POINT('',(-42.11341323477,36.020548500792,989.03));
#3989 = CARTESIAN_POINT('',(-42.01607223922,36.101924023561,1.01278E+03)
  );
#3990 = CARTESIAN_POINT('',(-41.91433110282,36.182637955654,1.03653E+03)
  );
#3991 = CARTESIAN_POINT('',(-41.80314636368,36.266353692395,
    1.061442781855E+03));
#3992 = CARTESIAN_POINT('',(-41.79795691523,36.27026104968,
    1.06260556371E+03));
#3993 = CARTESIAN_POINT('',(-41.79276746678,36.274168406964,
    1.063768345565E+03));
#3994 = CARTESIAN_POINT('',(-41.78757801833,36.278075764249,
    1.06493112742E+03));
#3995 = DEFINITIONAL_REPRESENTATION('',(#3996),#4005);
#3996 = B_SPLINE_CURVE_WITH_KNOTS('',4,(#3997,#3998,#3999,#4000,#4001,
    #4002,#4003,#4004),.UNSPECIFIED.,.F.,.F.,(5,3,5),(0.,0.755962438188,
    1.),.UNSPECIFIED.);
#3997 = CARTESIAN_POINT('',(51.716096250954,3.936999966667));
#3998 = CARTESIAN_POINT('',(51.694773699375,3.288423337138));
#3999 = CARTESIAN_POINT('',(51.673455822184,2.639846651069));
#4000 = CARTESIAN_POINT('',(51.652142541521,1.991269909044));
#4001 = CARTESIAN_POINT('',(51.623954948286,1.133321465336));
#4002 = CARTESIAN_POINT('',(51.617076587684,0.923949813211));
#4003 = CARTESIAN_POINT('',(51.610198695396,0.714578155328));
#4004 = CARTESIAN_POINT('',(51.603321268816,0.505206491726));
#4005 = ( GEOMETRIC_REPRESENTATION_CONTEXT(2) 
PARAMETRIC_REPRESENTATION_CONTEXT() REPRESENTATION_CONTEXT('2D SPACE',''
  ) );
#4006 = ORIENTED_EDGE('',*,*,#4007,.T.);
#4007 = EDGE_CURVE('',#3936,#4008,#4010,.T.);
#4008 = VERTEX_POINT('',#4009);
#4009 = CARTESIAN_POINT('',(-38.76303883276,36.134876620868,
    965.80637507546));
#4010 = SURFACE_CURVE('',#4011,(#4046,#4084),.PCURVE_S1.);
#4011 = B_SPLINE_CURVE_WITH_KNOTS('',5,(#4012,#4013,#4014,#4015,#4016,
    #4017,#4018,#4019,#4020,#4021,#4022,#4023,#4024,#4025,#4026,#4027,
    #4028,#4029,#4030,#4031,#4032,#4033,#4034,#4035,#4036,#4037,#4038,
    #4039,#4040,#4041,#4042,#4043,#4044,#4045),.UNSPECIFIED.,.F.,.F.,(6,
    4,4,4,4,4,4,4,6),(0.,0.10006398025,0.206387414846,0.324941359659,
    0.458165033115,0.593286523807,0.728365601615,0.863232096926,1.),
  .UNSPECIFIED.);
#4012 = CARTESIAN_POINT('',(-42.21778385192,32.035705986953,
    968.11018195586));
#4013 = CARTESIAN_POINT('',(-42.18542129396,32.078152062016,
    968.01830680335));
#4014 = CARTESIAN_POINT('',(-42.15056705317,32.123772228134,
    967.92717291147));
#4015 = CARTESIAN_POINT('',(-42.11320081839,32.172560135875,
    967.83699063884));
#4016 = CARTESIAN_POINT('',(-42.07331879411,32.224482328902,
    967.74797510713));
#4017 = CARTESIAN_POINT('',(-41.98590275238,32.337911011098,
    967.56721745414));
#4018 = CARTESIAN_POINT('',(-41.93804612655,32.399813870022,
    967.47565307464));
#4019 = CARTESIAN_POINT('',(-41.88738486537,32.465110769438,
    967.38589736589));
#4020 = CARTESIAN_POINT('',(-41.83396184694,32.533690612392,
    967.29819799529));
#4021 = CARTESIAN_POINT('',(-41.71527419038,32.685375956597,
    967.11754601523));
#4022 = CARTESIAN_POINT('',(-41.6493542897,32.769244918186,
    967.02514952495));
#4023 = CARTESIAN_POINT('',(-41.58018060601,32.856814632942,
    966.9359136842));
#4024 = CARTESIAN_POINT('',(-41.50788751976,32.94783214321,
    966.85012851941));
#4025 = CARTESIAN_POINT('',(-41.34809220721,33.147833201327,
    966.67578894409));
#4026 = CARTESIAN_POINT('',(-41.25981488485,33.257646315896,
    966.58820525878));
#4027 = CARTESIAN_POINT('',(-41.16805393626,33.371032663064,
    966.50563303067));
#4028 = CARTESIAN_POINT('',(-41.07310679797,33.487519142353,
    966.4283434149));
#4029 = CARTESIAN_POINT('',(-40.87611811885,33.727396350052,
    966.2836662524));
#4030 = CARTESIAN_POINT('',(-40.77399471124,33.850861898584,
    966.21643540722));
#4031 = CARTESIAN_POINT('',(-40.66928856842,33.976488448558,
    966.15501272902));
#4032 = CARTESIAN_POINT('',(-40.56238887857,34.103735317043,
    966.09949032234));
#4033 = CARTESIAN_POINT('',(-40.34503895455,34.360383580165,
    966.00026239426));
#4034 = CARTESIAN_POINT('',(-40.23458978178,34.489784359216,
    965.95655318028));
#4035 = CARTESIAN_POINT('',(-40.12275015483,34.619759048861,
    965.91874210621));
#4036 = CARTESIAN_POINT('',(-40.00993200894,34.749803523473,
    965.88673931513));
#4037 = CARTESIAN_POINT('',(-39.78330932292,35.008917084095,
    965.83407417005));
#4038 = CARTESIAN_POINT('',(-39.66950658454,35.137987402767,
    965.81339407905));
#4039 = CARTESIAN_POINT('',(-39.55551774172,35.26621926681,
    965.79818801769));
#4040 = CARTESIAN_POINT('',(-39.44172108861,35.39320722573,
    965.78823056326));
#4041 = CARTESIAN_POINT('',(-39.21360021679,35.645777239484,
    965.77821453334));
#4042 = CARTESIAN_POINT('',(-39.09929117527,35.771314219781,
    965.7782975221));
#4043 = CARTESIAN_POINT('',(-38.98588955544,35.894860747586,
    965.78323103382));
#4044 = CARTESIAN_POINT('',(-38.87371496198,36.016124079806,
    965.7926992511));
#4045 = CARTESIAN_POINT('',(-38.76303883276,36.134876620868,
    965.80637507546));
#4046 = PCURVE('',#3862,#4047);
#4047 = DEFINITIONAL_REPRESENTATION('',(#4048),#4083);
#4048 = B_SPLINE_CURVE_WITH_KNOTS('',5,(#4049,#4050,#4051,#4052,#4053,
    #4054,#4055,#4056,#4057,#4058,#4059,#4060,#4061,#4062,#4063,#4064,
    #4065,#4066,#4067,#4068,#4069,#4070,#4071,#4072,#4073,#4074,#4075,
    #4076,#4077,#4078,#4079,#4080,#4081,#4082),.UNSPECIFIED.,.F.,.F.,(6,
    4,4,4,4,4,4,4,6),(0.,0.10006398025,0.206387414846,0.324941359659,
    0.458165033115,0.593286523807,0.728365601615,0.863232096926,1.),
  .UNSPECIFIED.);
#4049 = CARTESIAN_POINT('',(2.492470492178,3.456181955813));
#4050 = CARTESIAN_POINT('',(2.491463332496,3.364306803304));
#4051 = CARTESIAN_POINT('',(2.490380035193,3.273172911611));
#4052 = CARTESIAN_POINT('',(2.489220461117,3.182990638771));
#4053 = CARTESIAN_POINT('',(2.48798506512,3.093975107131));
#4054 = CARTESIAN_POINT('',(2.485282880944,2.913217454142));
#4055 = CARTESIAN_POINT('',(2.483806452237,2.821653074642));
#4056 = CARTESIAN_POINT('',(2.482246981997,2.731897365892));
#4057 = CARTESIAN_POINT('',(2.480606615321,2.644197995298));
#4058 = CARTESIAN_POINT('',(2.476972311376,2.463546015237));
#4059 = CARTESIAN_POINT('',(2.474959407704,2.37114952495));
#4060 = CARTESIAN_POINT('',(2.472853652048,2.2819136842));
#4061 = CARTESIAN_POINT('',(2.470660343434,2.196128519417));
#4062 = CARTESIAN_POINT('',(2.465829711833,2.021788944094));
#4063 = CARTESIAN_POINT('',(2.46317102801,1.934205258785));
#4064 = CARTESIAN_POINT('',(2.460418593726,1.851633030675));
#4065 = CARTESIAN_POINT('',(2.457582836638,1.774343414907));
#4066 = CARTESIAN_POINT('',(2.451725665089,1.629666252403));
#4067 = CARTESIAN_POINT('',(2.448702178947,1.562435407224));
#4068 = CARTESIAN_POINT('',(2.445616191173,1.501012729027));
#4069 = CARTESIAN_POINT('',(2.442480179543,1.445490322345));
#4070 = CARTESIAN_POINT('',(2.436133821607,1.346262394268));
#4071 = CARTESIAN_POINT('',(2.432923497143,1.302553180285));
#4072 = CARTESIAN_POINT('',(2.429687882404,1.264742106217));
#4073 = CARTESIAN_POINT('',(2.426439186837,1.23273931513));
#4074 = CARTESIAN_POINT('',(2.419943390781,1.18007417005));
#4075 = CARTESIAN_POINT('',(2.416696295199,1.159394079058));
#4076 = CARTESIAN_POINT('',(2.413458725371,1.144188017697));
#4077 = CARTESIAN_POINT('',(2.410241070833,1.134230563266));
#4078 = CARTESIAN_POINT('',(2.403818776097,1.124214533345));
#4079 = CARTESIAN_POINT('',(2.400614959113,1.124297521957));
#4080 = CARTESIAN_POINT('',(2.397450424324,1.129231034079));
#4081 = CARTESIAN_POINT('',(2.394333253846,1.138699251003));
#4082 = CARTESIAN_POINT('',(2.391270023417,1.152375075368));
#4083 = ( GEOMETRIC_REPRESENTATION_CONTEXT(2) 
PARAMETRIC_REPRESENTATION_CONTEXT() REPRESENTATION_CONTEXT('2D SPACE',''
  ) );
#4084 = PCURVE('',#4085,#4119);
#4085 = ( BOUNDED_SURFACE() B_SPLINE_SURFACE(2,4,(
    (#4086,#4087,#4088,#4089,#4090,#4091,#4092,#4093,#4094,#4095,#4096)
    ,(#4097,#4098,#4099,#4100,#4101,#4102,#4103,#4104,#4105,#4106,#4107)
    ,(#4108,#4109,#4110,#4111,#4112,#4113,#4114,#4115,#4116,#4117,#4118
)),.UNSPECIFIED.,.F.,.F.,.F.) B_SPLINE_SURFACE_WITH_KNOTS((3,3),(5,3,3,5
    ),(0.,85.),(-4.311824390444,-2.382035538391E-14,85.,89.345160116542)
,.UNSPECIFIED.) GEOMETRIC_REPRESENTATION_ITEM() 
RATIONAL_B_SPLINE_SURFACE((
    (1.,1.,1.,1.,1.,1.,1.,1.,1.,1.,1.)
    ,(0.684695460082,0.684962243602,0.685051171442,0.684962243602
      ,0.679436294321,0.674138007864,0.668807538391,0.663178404453
      ,0.663087149787,0.663178404453,0.663452168452)
,(1.,1.,1.,1.,1.,1.,1.,1.,1.,1.,1.
  ))) REPRESENTATION_ITEM('') SURFACE() );
#4086 = CARTESIAN_POINT('',(46.845182130748,31.666228067138,
    969.52722008696));
#4087 = CARTESIAN_POINT('',(45.750547162985,31.666228067138,
    969.53035939519));
#4088 = CARTESIAN_POINT('',(44.661471818606,31.666228067138,
    969.53348275896));
#4089 = CARTESIAN_POINT('',(43.577956097611,31.666228067138,
    969.53659017825));
#4090 = CARTESIAN_POINT('',(21.25,31.666228067138,969.60062461752));
#4091 = CARTESIAN_POINT('',(-3.552713678801E-15,31.666228067138,
    969.66268148465));
#4092 = CARTESIAN_POINT('',(-21.25,31.666228067138,969.72584821275));
#4093 = CARTESIAN_POINT('',(-43.58629002913,31.666228067138,
    969.79340063849));
#4094 = CARTESIAN_POINT('',(-44.67258339355,31.666228067138,
    969.79668595363));
#4095 = CARTESIAN_POINT('',(-45.75888009324,31.666228067138,
    969.79997127886));
#4096 = CARTESIAN_POINT('',(-46.84518012822,31.666228067138,
    969.80325661417));
#4097 = CARTESIAN_POINT('',(46.845199998119,31.666228067138,
    965.2819790978));
#4098 = CARTESIAN_POINT('',(45.749290049081,31.666228067138,
    965.28194685533));
#4099 = CARTESIAN_POINT('',(44.660352455322,31.666228067138,
    965.28191481799));
#4100 = CARTESIAN_POINT('',(43.577536248306,31.666228067138,
    965.28188296074));
#4101 = CARTESIAN_POINT('',(21.085514715146,31.666228067138,
    965.281221229));
#4102 = CARTESIAN_POINT('',(-0.223507273656,31.666228067138,
    965.28054492667));
#4103 = CARTESIAN_POINT('',(-21.42015599357,31.666228067138,
    965.27982176863));
#4104 = CARTESIAN_POINT('',(-43.58673845613,31.666228067138,
    965.27901224955));
#4105 = CARTESIAN_POINT('',(-44.67378267858,31.666228067138,
    965.27897255092));
#4106 = CARTESIAN_POINT('',(-45.76023531691,31.666228067138,
    965.27893287389));
#4107 = CARTESIAN_POINT('',(-46.8451999971,31.666228067138,
    965.2788932512));
#4108 = CARTESIAN_POINT('',(46.845163985856,35.903984099741,
    965.53427493492));
#4109 = CARTESIAN_POINT('',(45.750538090539,35.906951943772,
    965.5375997252));
#4110 = CARTESIAN_POINT('',(44.661468794457,35.909904722273,
    965.540907638));
#4111 = CARTESIAN_POINT('',(43.577956097611,35.912842435243,
    965.54419867332));
#4112 = CARTESIAN_POINT('',(21.25,35.973379913403,965.61201706835));
#4113 = CARTESIAN_POINT('',(2.84217094304E-14,36.030833278604,
    965.67877811684));
#4114 = CARTESIAN_POINT('',(-21.25,36.088029319767,965.74773780651));
#4115 = CARTESIAN_POINT('',(-43.58629002913,36.147783897646,
    965.82249236077));
#4116 = CARTESIAN_POINT('',(-44.67258005827,36.15068996674,
    965.82612792992));
#4117 = CARTESIAN_POINT('',(-45.7588700874,36.153596035835,
    965.82976349907));
#4118 = CARTESIAN_POINT('',(-46.84516011654,36.15650210493,
    965.83339906822));
#4119 = DEFINITIONAL_REPRESENTATION('',(#4120),#4155);
#4120 = B_SPLINE_CURVE_WITH_KNOTS('',5,(#4121,#4122,#4123,#4124,#4125,
    #4126,#4127,#4128,#4129,#4130,#4131,#4132,#4133,#4134,#4135,#4136,
    #4137,#4138,#4139,#4140,#4141,#4142,#4143,#4144,#4145,#4146,#4147,
    #4148,#4149,#4150,#4151,#4152,#4153,#4154),.UNSPECIFIED.,.F.,.F.,(6,
    4,4,4,4,4,4,4,6),(0.,0.10006398025,0.206387414846,0.324941359659,
    0.458165033115,0.593286523807,0.728365601615,0.863232096926,1.),
  .UNSPECIFIED.);
#4121 = CARTESIAN_POINT('',(22.748898141118,84.717783851998));
#4122 = CARTESIAN_POINT('',(23.995760259851,84.685421294052));
#4123 = CARTESIAN_POINT('',(25.242494236449,84.650567053288));
#4124 = CARTESIAN_POINT('',(26.489104775025,84.613200818544));
#4125 = CARTESIAN_POINT('',(27.735597613871,84.573318794298));
#4126 = CARTESIAN_POINT('',(30.306326069447,84.48590275267));
#4127 = CARTESIAN_POINT('',(31.630547450624,84.438046126902));
#4128 = CARTESIAN_POINT('',(32.954649292337,84.387384865787));
#4129 = CARTESIAN_POINT('',(34.278639734373,84.333961847444));
#4130 = CARTESIAN_POINT('',(37.078701744173,84.215274191093));
#4131 = CARTESIAN_POINT('',(38.554748563011,84.149354290544));
#4132 = CARTESIAN_POINT('',(40.03067761486,84.080180606999));
#4133 = CARTESIAN_POINT('',(41.506502277018,84.007887520911));
#4134 = CARTESIAN_POINT('',(44.640573915065,83.84809220875));
#4135 = CARTESIAN_POINT('',(46.29879771227,83.759814886619));
#4136 = CARTESIAN_POINT('',(47.956924515189,83.668053938272));
#4137 = CARTESIAN_POINT('',(49.614977783196,83.573106800242));
#4138 = CARTESIAN_POINT('',(52.954601867195,83.376118121639));
#4139 = CARTESIAN_POINT('',(54.63617209391,83.273994714303));
#4140 = CARTESIAN_POINT('',(56.317715316042,83.169288571742));
#4141 = CARTESIAN_POINT('',(57.999261426062,83.062388882143));
#4142 = CARTESIAN_POINT('',(61.361890381571,82.845038958554));
#4143 = CARTESIAN_POINT('',(63.042973776377,82.734589785958));
#4144 = CARTESIAN_POINT('',(64.724120063756,82.62275015914));
#4145 = CARTESIAN_POINT('',(66.405362631696,82.509932013319));
#4146 = CARTESIAN_POINT('',(69.765457781112,82.283309327289));
#4147 = CARTESIAN_POINT('',(71.444310157311,82.169506588818));
#4148 = CARTESIAN_POINT('',(73.123322600156,82.055517745813));
#4149 = CARTESIAN_POINT('',(74.802526938838,81.941721092412));
#4150 = CARTESIAN_POINT('',(78.185053129984,81.713600219773));
#4151 = CARTESIAN_POINT('',(79.888381210397,81.599291177716));
#4152 = CARTESIAN_POINT('',(81.591965461862,81.485889557211));
#4153 = CARTESIAN_POINT('',(83.295831648544,81.37371496294));
#4154 = CARTESIAN_POINT('',(85.,81.263038832767));
#4155 = ( GEOMETRIC_REPRESENTATION_CONTEXT(2) 
PARAMETRIC_REPRESENTATION_CONTEXT() REPRESENTATION_CONTEXT('2D SPACE',''
  ) );
#4156 = ORIENTED_EDGE('',*,*,#4157,.F.);
#4157 = EDGE_CURVE('',#4158,#4008,#4160,.T.);
#4158 = VERTEX_POINT('',#4159);
#4159 = CARTESIAN_POINT('',(38.956838405391,35.925369896539,
    965.55825785063));
#4160 = SURFACE_CURVE('',#4161,(#4209,#4260),.PCURVE_S1.);
#4161 = B_SPLINE_CURVE_WITH_KNOTS('',6,(#4162,#4163,#4164,#4165,#4166,
    #4167,#4168,#4169,#4170,#4171,#4172,#4173,#4174,#4175,#4176,#4177,
    #4178,#4179,#4180,#4181,#4182,#4183,#4184,#4185,#4186,#4187,#4188,
    #4189,#4190,#4191,#4192,#4193,#4194,#4195,#4196,#4197,#4198,#4199,
    #4200,#4201,#4202,#4203,#4204,#4205,#4206,#4207,#4208),
  .UNSPECIFIED.,.F.,.F.,(7,5,5,5,5,5,5,5,5,7),(0.,0.131623352736,
    0.232075111396,0.373011264608,0.5091840128,0.638317846473,
    0.771069672609,0.869578333641,0.942964022485,1.),.UNSPECIFIED.);
#4162 = CARTESIAN_POINT('',(38.964171153797,35.917415708435,
    965.55772040581));
#4163 = CARTESIAN_POINT('',(37.445453473403,37.565179964304,
    965.6690478541));
#4164 = CARTESIAN_POINT('',(35.875165125511,39.101109021377,
    965.77672693952));
#4165 = CARTESIAN_POINT('',(34.263486940649,40.527438666767,
    965.88084173177));
#4166 = CARTESIAN_POINT('',(32.618872456928,41.847711649356,
    965.98139263744));
#4167 = CARTESIAN_POINT('',(30.947934077762,43.066078615182,
    966.07833476225));
#4168 = CARTESIAN_POINT('',(27.963654508893,45.042183246038,
    966.24278105996));
#4169 = CARTESIAN_POINT('',(26.659451686512,45.840602786115,
    966.31181366942));
#4170 = CARTESIAN_POINT('',(25.344939104299,46.583978934129,
    966.37866639986));
#4171 = CARTESIAN_POINT('',(24.021929981105,47.274069269966,
    966.44328329441));
#4172 = CARTESIAN_POINT('',(22.691898151676,47.912521920732,
    966.50559534551));
#4173 = CARTESIAN_POINT('',(19.481655773511,49.32627130727,
    966.64960225321));
#4174 = CARTESIAN_POINT('',(17.595888645895,50.052953851189,
    966.72898117667));
#4175 = CARTESIAN_POINT('',(15.701779505602,50.685095167539,
    966.80344215716));
#4176 = CARTESIAN_POINT('',(13.801802402428,51.226044617869,
    966.87269544098));
#4177 = CARTESIAN_POINT('',(11.897861020435,51.678544831696,
    966.93641093515));
#4178 = CARTESIAN_POINT('',(8.149140147034,52.398360479994,
    967.05005909479));
#4179 = CARTESIAN_POINT('',(6.304660781332,52.671394292501,
    967.10038103856));
#4180 = CARTESIAN_POINT('',(4.459099327137,52.865593784841,
    967.14483736663));
#4181 = CARTESIAN_POINT('',(2.613596760553,52.982153080532,
    967.18303694467));
#4182 = CARTESIAN_POINT('',(0.769177904837,53.02174653912,
    967.21454780851));
#4183 = CARTESIAN_POINT('',(-2.820453029004,52.949097943819,
    967.26196851227));
#4184 = CARTESIAN_POINT('',(-4.56579190764,52.844600145917,
    967.27859961435));
#4185 = CARTESIAN_POINT('',(-6.308494605121,52.671048509421,
    967.2883697587));
#4186 = CARTESIAN_POINT('',(-8.047659433248,52.428057170568,
    967.29082427293));
#4187 = CARTESIAN_POINT('',(-9.782270412458,52.114831744544,
    967.28546763794));
#4188 = CARTESIAN_POINT('',(-13.28855582696,51.334560629061,
    967.25765637348));
#4189 = CARTESIAN_POINT('',(-15.05981701655,50.863471059422,
    967.23472759532));
#4190 = CARTESIAN_POINT('',(-16.82378127241,50.315426652695,
    967.20237631141));
#4191 = CARTESIAN_POINT('',(-18.57881907154,49.688540557006,
    967.15995564546));
#4192 = CARTESIAN_POINT('',(-20.32287518511,48.980496402407,
    967.10677118979));
#4193 = CARTESIAN_POINT('',(-23.33758903087,47.600647406228,
    966.99406695925));
#4194 = CARTESIAN_POINT('',(-24.61426272885,46.96663018637,
    966.93972205716));
#4195 = CARTESIAN_POINT('',(-25.88241069507,46.285193587236,
    966.87873579012));
#4196 = CARTESIAN_POINT('',(-27.1407277783,45.555064691964,
    966.81079256291));
#4197 = CARTESIAN_POINT('',(-28.38763570633,44.774874748211,
    966.73557152314));
#4198 = CARTESIAN_POINT('',(-30.54029627735,43.323573991865,
    966.59105504091));
#4199 = CARTESIAN_POINT('',(-31.45193552203,42.675401253523,
    966.52514208149));
#4200 = CARTESIAN_POINT('',(-32.35541911606,41.998052602652,
    966.45488192753));
#4201 = CARTESIAN_POINT('',(-33.24984224901,41.290932902589,
    966.38014604087));
#4202 = CARTESIAN_POINT('',(-34.13417009402,40.553462999129,
    966.30081307224));
#4203 = CARTESIAN_POINT('',(-35.68579461233,39.187910547849,
    966.15145618872));
#4204 = CARTESIAN_POINT('',(-36.35754355527,38.572067649011,
    966.08329663631));
#4205 = CARTESIAN_POINT('',(-37.0219364903,37.937310034352,
    966.01224294012));
#4206 = CARTESIAN_POINT('',(-37.67836253825,37.283406772616,
    965.93824936151));
#4207 = CARTESIAN_POINT('',(-38.32615143101,36.610160289388,
    965.86127788429));
#4208 = CARTESIAN_POINT('',(-38.96457618049,35.917415708435,
    965.78130036141));
#4209 = PCURVE('',#3862,#4210);
#4210 = DEFINITIONAL_REPRESENTATION('',(#4211),#4259);
#4211 = B_SPLINE_CURVE_WITH_KNOTS('',6,(#4212,#4213,#4214,#4215,#4216,
    #4217,#4218,#4219,#4220,#4221,#4222,#4223,#4224,#4225,#4226,#4227,
    #4228,#4229,#4230,#4231,#4232,#4233,#4234,#4235,#4236,#4237,#4238,
    #4239,#4240,#4241,#4242,#4243,#4244,#4245,#4246,#4247,#4248,#4249,
    #4250,#4251,#4252,#4253,#4254,#4255,#4256,#4257,#4258),
  .UNSPECIFIED.,.F.,.F.,(7,5,5,5,5,5,5,5,5,7),(0.,0.131623352736,
    0.232075111396,0.373011264608,0.5091840128,0.638317846473,
    0.771069672609,0.869578333641,0.942964022485,1.),.UNSPECIFIED.);
#4212 = CARTESIAN_POINT('',(0.744732948436,0.903720405871));
#4213 = CARTESIAN_POINT('',(0.78701958517,1.015047854158));
#4214 = CARTESIAN_POINT('',(0.828413826962,1.122726939305));
#4215 = CARTESIAN_POINT('',(0.868952633636,1.226841732004));
#4216 = CARTESIAN_POINT('',(0.90868439548,1.327392637355));
#4217 = CARTESIAN_POINT('',(0.947667326038,1.424334762256));
#4218 = CARTESIAN_POINT('',(1.015207803883,1.588781059961));
#4219 = CARTESIAN_POINT('',(1.044045449164,1.657813669428));
#4220 = CARTESIAN_POINT('',(1.072516760379,1.724666399869));
#4221 = CARTESIAN_POINT('',(1.100650417641,1.789283294413));
#4222 = CARTESIAN_POINT('',(1.128474965479,1.851595345516));
#4223 = CARTESIAN_POINT('',(1.194665973177,1.995602253219));
#4224 = CARTESIAN_POINT('',(1.232758628701,2.074981176675));
#4225 = CARTESIAN_POINT('',(1.270380113456,2.149442157166));
#4226 = CARTESIAN_POINT('',(1.307602382813,2.218695440987));
#4227 = CARTESIAN_POINT('',(1.344494844238,2.28241093515));
#4228 = CARTESIAN_POINT('',(1.416524345452,2.396059094792));
#4229 = CARTESIAN_POINT('',(1.451676186129,2.446381038563));
#4230 = CARTESIAN_POINT('',(1.486647326707,2.490837366636));
#4231 = CARTESIAN_POINT('',(1.521495311261,2.529036944671));
#4232 = CARTESIAN_POINT('',(1.556276521889,2.560547808512));
#4233 = CARTESIAN_POINT('',(1.624025249637,2.60796851227));
#4234 = CARTESIAN_POINT('',(1.656992210838,2.624599614358));
#4235 = CARTESIAN_POINT('',(1.690000334432,2.634369758701));
#4236 = CARTESIAN_POINT('',(1.723097215542,2.636824272931));
#4237 = CARTESIAN_POINT('',(1.756330895949,2.631467637943));
#4238 = CARTESIAN_POINT('',(1.824111441738,2.603656373485));
#4239 = CARTESIAN_POINT('',(1.858667277984,2.580727595325));
#4240 = CARTESIAN_POINT('',(1.89347717502,2.548376311418));
#4241 = CARTESIAN_POINT('',(1.928596184283,2.505955645466));
#4242 = CARTESIAN_POINT('',(1.964080796759,2.452771189791));
#4243 = CARTESIAN_POINT('',(2.026643062184,2.34006695925));
#4244 = CARTESIAN_POINT('',(2.053527149042,2.285722057162));
#4245 = CARTESIAN_POINT('',(2.080671488309,2.224735790125));
#4246 = CARTESIAN_POINT('',(2.108100737581,2.156792562912));
#4247 = CARTESIAN_POINT('',(2.135839775269,2.081571523142));
#4248 = CARTESIAN_POINT('',(2.184829601538,1.937055040915));
#4249 = CARTESIAN_POINT('',(2.205930504127,1.871142081496));
#4250 = CARTESIAN_POINT('',(2.227228079766,1.800881927532));
#4251 = CARTESIAN_POINT('',(2.248732393772,1.726146040871));
#4252 = CARTESIAN_POINT('',(2.270453088095,1.646813072248));
#4253 = CARTESIAN_POINT('',(2.309456538705,1.497456188724));
#4254 = CARTESIAN_POINT('',(2.326649753441,1.429296636447));
#4255 = CARTESIAN_POINT('',(2.34398354156,1.358242940051));
#4256 = CARTESIAN_POINT('',(2.361461784574,1.284249361331));
#4257 = CARTESIAN_POINT('',(2.379087908249,1.207277884425));
#4258 = CARTESIAN_POINT('',(2.39686488536,1.127300361549));
#4259 = ( GEOMETRIC_REPRESENTATION_CONTEXT(2) 
PARAMETRIC_REPRESENTATION_CONTEXT() REPRESENTATION_CONTEXT('2D SPACE',''
  ) );
#4260 = PCURVE('',#4261,#4266);
#4261 = B_SPLINE_SURFACE_WITH_KNOTS('',1,1,(
    (#4262,#4263)
    ,(#4264,#4265
    )),.UNSPECIFIED.,.F.,.F.,.F.,(2,2),(2,2),(0.,85.),(0.,1.),
  .PIECEWISE_BEZIER_KNOTS.);
#4262 = CARTESIAN_POINT('',(42.5,31.666228067138,965.28));
#4263 = CARTESIAN_POINT('',(11.952197967066,235.,978.16576934617));
#4264 = CARTESIAN_POINT('',(-42.5,31.666228067138,965.28));
#4265 = CARTESIAN_POINT('',(-28.43241741754,235.,989.70192296151));
#4266 = DEFINITIONAL_REPRESENTATION('',(#4267),#4315);
#4267 = B_SPLINE_CURVE_WITH_KNOTS('',6,(#4268,#4269,#4270,#4271,#4272,
    #4273,#4274,#4275,#4276,#4277,#4278,#4279,#4280,#4281,#4282,#4283,
    #4284,#4285,#4286,#4287,#4288,#4289,#4290,#4291,#4292,#4293,#4294,
    #4295,#4296,#4297,#4298,#4299,#4300,#4301,#4302,#4303,#4304,#4305,
    #4306,#4307,#4308,#4309,#4310,#4311,#4312,#4313,#4314),
  .UNSPECIFIED.,.F.,.F.,(7,5,5,5,5,5,5,5,5,7),(0.,0.131623352736,
    0.232075111396,0.373011264608,0.5091840128,0.638317846473,
    0.771069672609,0.869578333641,0.942964022485,1.),.UNSPECIFIED.);
#4268 = CARTESIAN_POINT('',(2.929298895986,2.090743510478E-02));
#4269 = CARTESIAN_POINT('',(4.227167871418,2.901117626006E-02));
#4270 = CARTESIAN_POINT('',(5.60670884076,3.656490942731E-02));
#4271 = CARTESIAN_POINT('',(7.057182247461,4.357963025717E-02));
#4272 = CARTESIAN_POINT('',(8.568735591755,5.007276206719E-02));
#4273 = CARTESIAN_POINT('',(10.132941993786,5.606471782665E-02));
#4274 = CARTESIAN_POINT('',(12.972005962619,6.57832442282E-02));
#4275 = CARTESIAN_POINT('',(14.227553772659,6.970988923403E-02));
#4276 = CARTESIAN_POINT('',(15.506740771317,7.336582961692E-02));
#4277 = CARTESIAN_POINT('',(16.806842516157,7.675970919371E-02));
#4278 = CARTESIAN_POINT('',(18.125466745485,7.989963349009E-02));
#4279 = CARTESIAN_POINT('',(21.333757997508,8.68524843279E-02));
#4280 = CARTESIAN_POINT('',(23.239243228767,9.042632519561E-02));
#4281 = CARTESIAN_POINT('',(25.171425049983,9.353521020935E-02));
#4282 = CARTESIAN_POINT('',(27.125384722815,9.619561160351E-02));
#4283 = CARTESIAN_POINT('',(29.09685772069,9.842101769088E-02));
#4284 = CARTESIAN_POINT('',(33.000545569965,0.101961087014));
#4285 = CARTESIAN_POINT('',(34.931705193409,0.103303873359));
#4286 = CARTESIAN_POINT('',(36.872427095601,0.104258950769));
#4287 = CARTESIAN_POINT('',(38.819585545919,0.104832191971));
#4288 = CARTESIAN_POINT('',(40.770218534951,0.105026913478));
#4289 = CARTESIAN_POINT('',(44.571965948479,0.104669626075));
#4290 = CARTESIAN_POINT('',(46.422935120626,0.104155703588));
#4291 = CARTESIAN_POINT('',(48.272032415689,0.10330217279));
#4292 = CARTESIAN_POINT('',(50.116750268547,0.102107135997));
#4293 = CARTESIAN_POINT('',(51.954470348563,0.100566686404));
#4294 = CARTESIAN_POINT('',(55.6616573535,9.672929575328E-02));
#4295 = CARTESIAN_POINT('',(57.530475934382,9.441246680174E-02));
#4296 = CARTESIAN_POINT('',(59.385978707091,9.171717225466E-02));
#4297 = CARTESIAN_POINT('',(61.224780311305,8.863413253268E-02));
#4298 = CARTESIAN_POINT('',(63.04305565489,8.515195567702E-02));
#4299 = CARTESIAN_POINT('',(66.167380217781,7.836582771086E-02));
#4300 = CARTESIAN_POINT('',(67.484520555668,7.524771696206E-02));
#4301 = CARTESIAN_POINT('',(68.786196104266,7.189639665429E-02));
#4302 = CARTESIAN_POINT('',(70.07038438141,6.830560655419E-02));
#4303 = CARTESIAN_POINT('',(71.334807338291,6.446861510739E-02));
#4304 = CARTESIAN_POINT('',(73.502293248731,5.733108580003E-02));
#4305 = CARTESIAN_POINT('',(74.41525638091,5.414335789738E-02));
#4306 = CARTESIAN_POINT('',(75.314785289353,5.081214220983E-02));
#4307 = CARTESIAN_POINT('',(76.199713321885,4.733451184208E-02));
#4308 = CARTESIAN_POINT('',(77.068765294265,4.37076185009E-02));
#4309 = CARTESIAN_POINT('',(78.582596815876,3.699180125963E-02));
#4310 = CARTESIAN_POINT('',(79.234200316783,3.396307222468E-02));
#4311 = CARTESIAN_POINT('',(79.874732325108,3.084132019783E-02));
#4312 = CARTESIAN_POINT('',(80.503496362936,2.762540945403E-02));
#4313 = CARTESIAN_POINT('',(81.119753242699,2.431436831793E-02));
#4314 = CARTESIAN_POINT('',(81.722728345647,2.090743510478E-02));
#4315 = ( GEOMETRIC_REPRESENTATION_CONTEXT(2) 
PARAMETRIC_REPRESENTATION_CONTEXT() REPRESENTATION_CONTEXT('2D SPACE',''
  ) );
#4316 = ORIENTED_EDGE('',*,*,#4317,.T.);
#4317 = EDGE_CURVE('',#4158,#4318,#4320,.T.);
#4318 = VERTEX_POINT('',#4319);
#4319 = CARTESIAN_POINT('',(41.148712312589,33.393844227182,
    966.25170943477));
#4320 = SURFACE_CURVE('',#4321,(#4344,#4370),.PCURVE_S1.);
#4321 = B_SPLINE_CURVE_WITH_KNOTS('',5,(#4322,#4323,#4324,#4325,#4326,
    #4327,#4328,#4329,#4330,#4331,#4332,#4333,#4334,#4335,#4336,#4337,
    #4338,#4339,#4340,#4341,#4342,#4343),.UNSPECIFIED.,.F.,.F.,(6,4,4,4,
    4,6),(0.,0.235055004908,0.441352023787,0.648091987061,0.852308272552
    ,1.),.UNSPECIFIED.);
#4322 = CARTESIAN_POINT('',(38.956838405391,35.925369896539,
    965.55825785063));
#4323 = CARTESIAN_POINT('',(39.106608952112,35.762939788282,
    965.54728207926));
#4324 = CARTESIAN_POINT('',(39.258564565536,35.596457594934,
    965.54433408963));
#4325 = CARTESIAN_POINT('',(39.411991598662,35.426561110963,
    965.55017543857));
#4326 = CARTESIAN_POINT('',(39.566025878667,35.254105677627,
    965.565506246));
#4327 = CARTESIAN_POINT('',(39.854608746271,34.927451482274,
    965.61306166212));
#4328 = CARTESIAN_POINT('',(39.989235804875,34.77360036786,
    965.64298978901));
#4329 = CARTESIAN_POINT('',(40.122960696278,34.619287058932,
    965.68096071104));
#4330 = CARTESIAN_POINT('',(40.255095908318,34.465326930209,
    965.72720003398));
#4331 = CARTESIAN_POINT('',(40.515115673122,34.159515545897,
    965.83643206447));
#4332 = CARTESIAN_POINT('',(40.642990647594,34.007669357528,
    965.89946046197));
#4333 = CARTESIAN_POINT('',(40.76791193153,33.857916058308,
    965.97089474274));
#4334 = CARTESIAN_POINT('',(40.889215249908,33.711172716779,
    966.05060736547));
#4335 = CARTESIAN_POINT('',(41.121988122108,33.427188880997,
    966.22487429966));
#4336 = CARTESIAN_POINT('',(41.233559826054,33.289853971447,
    966.31923565129));
#4337 = CARTESIAN_POINT('',(41.340467445514,33.157142380659,
    966.42105190807));
#4338 = CARTESIAN_POINT('',(41.442225648293,33.029842787029,
    966.52983006936));
#4339 = CARTESIAN_POINT('',(41.608072415724,32.820930289244,
    966.72818080193));
#4340 = CARTESIAN_POINT('',(41.674791630488,32.736424449558,
    966.81473572879));
#4341 = CARTESIAN_POINT('',(41.738487265883,32.655338431403,
    966.90436056829));
#4342 = CARTESIAN_POINT('',(41.799052943381,32.57788256552,
    966.99677824531));
#4343 = CARTESIAN_POINT('',(41.856416895824,32.504219828058,
    967.09169024652));
#4344 = PCURVE('',#3862,#4345);
#4345 = DEFINITIONAL_REPRESENTATION('',(#4346),#4369);
#4346 = B_SPLINE_CURVE_WITH_KNOTS('',5,(#4347,#4348,#4349,#4350,#4351,
    #4352,#4353,#4354,#4355,#4356,#4357,#4358,#4359,#4360,#4361,#4362,
    #4363,#4364,#4365,#4366,#4367,#4368),.UNSPECIFIED.,.F.,.F.,(6,4,4,4,
    4,6),(0.,0.235055004908,0.441352023787,0.648091987061,0.852308272552
    ,1.),.UNSPECIFIED.);
#4347 = CARTESIAN_POINT('',(0.744937096002,0.904257850096));
#4348 = CARTESIAN_POINT('',(0.740767861436,0.893282078728));
#4349 = CARTESIAN_POINT('',(0.736514460402,0.890334090893));
#4350 = CARTESIAN_POINT('',(0.732194721598,0.896175437894));
#4351 = CARTESIAN_POINT('',(0.727831382547,0.911506246006));
#4352 = CARTESIAN_POINT('',(0.719606346379,0.959061662124));
#4353 = CARTESIAN_POINT('',(0.715748584968,0.988989789015));
#4354 = CARTESIAN_POINT('',(0.711895446788,1.026960711045));
#4355 = CARTESIAN_POINT('',(0.708066932921,1.07320003398));
#4356 = CARTESIAN_POINT('',(0.700492193653,1.182432064472));
#4357 = CARTESIAN_POINT('',(0.696746158306,1.245460461978));
#4358 = CARTESIAN_POINT('',(0.693066211676,1.316894742741));
#4359 = CARTESIAN_POINT('',(0.689473565595,1.396607365472));
#4360 = CARTESIAN_POINT('',(0.682544611854,1.570874299665));
#4361 = CARTESIAN_POINT('',(0.679205704155,1.665235651296));
#4362 = CARTESIAN_POINT('',(0.675989989489,1.767051908075));
#4363 = CARTESIAN_POINT('',(0.672914734385,1.875830069366));
#4364 = CARTESIAN_POINT('',(0.667881410613,2.074180801937));
#4365 = CARTESIAN_POINT('',(0.665849717763,2.16073572875));
#4366 = CARTESIAN_POINT('',(0.663904027597,2.250360568383));
#4367 = CARTESIAN_POINT('',(0.662048686869,2.342778245282));
#4368 = CARTESIAN_POINT('',(0.660286943213,2.437690246492));
#4369 = ( GEOMETRIC_REPRESENTATION_CONTEXT(2) 
PARAMETRIC_REPRESENTATION_CONTEXT() REPRESENTATION_CONTEXT('2D SPACE',''
  ) );
#4370 = PCURVE('',#4371,#4405);
#4371 = ( BOUNDED_SURFACE() B_SPLINE_SURFACE(2,4,(
    (#4372,#4373,#4374,#4375,#4376,#4377,#4378,#4379,#4380,#4381,#4382)
    ,(#4383,#4384,#4385,#4386,#4387,#4388,#4389,#4390,#4391,#4392,#4393)
    ,(#4394,#4395,#4396,#4397,#4398,#4399,#4400,#4401,#4402,#4403,#4404
)),.UNSPECIFIED.,.F.,.F.,.F.) B_SPLINE_SURFACE_WITH_KNOTS((3,3),(5,3,3,5
    ),(0.,85.),(-4.311824390444,-2.382035538391E-14,85.,89.345160116542)
,.UNSPECIFIED.) GEOMETRIC_REPRESENTATION_ITEM() 
RATIONAL_B_SPLINE_SURFACE((
    (1.,1.,1.,1.,1.,1.,1.,1.,1.,1.,1.)
    ,(0.684695460082,0.684962243602,0.685051171442,0.684962243602
      ,0.679436294321,0.674138007864,0.668807538391,0.663178404453
      ,0.663087149787,0.663178404453,0.663452168452)
,(1.,1.,1.,1.,1.,1.,1.,1.,1.,1.,1.
  ))) REPRESENTATION_ITEM('') SURFACE() );
#4372 = CARTESIAN_POINT('',(46.845182130748,31.666228067138,
    969.52722008696));
#4373 = CARTESIAN_POINT('',(45.750547162985,31.666228067138,
    969.53035939519));
#4374 = CARTESIAN_POINT('',(44.661471818606,31.666228067138,
    969.53348275896));
#4375 = CARTESIAN_POINT('',(43.577956097611,31.666228067138,
    969.53659017825));
#4376 = CARTESIAN_POINT('',(21.25,31.666228067138,969.60062461752));
#4377 = CARTESIAN_POINT('',(-3.552713678801E-15,31.666228067138,
    969.66268148465));
#4378 = CARTESIAN_POINT('',(-21.25,31.666228067138,969.72584821275));
#4379 = CARTESIAN_POINT('',(-43.58629002913,31.666228067138,
    969.79340063849));
#4380 = CARTESIAN_POINT('',(-44.67258339355,31.666228067138,
    969.79668595363));
#4381 = CARTESIAN_POINT('',(-45.75888009324,31.666228067138,
    969.79997127886));
#4382 = CARTESIAN_POINT('',(-46.84518012822,31.666228067138,
    969.80325661417));
#4383 = CARTESIAN_POINT('',(46.845199998119,31.666228067138,
    965.2819790978));
#4384 = CARTESIAN_POINT('',(45.749290049081,31.666228067138,
    965.28194685533));
#4385 = CARTESIAN_POINT('',(44.660352455322,31.666228067138,
    965.28191481799));
#4386 = CARTESIAN_POINT('',(43.577536248306,31.666228067138,
    965.28188296074));
#4387 = CARTESIAN_POINT('',(21.085514715146,31.666228067138,
    965.281221229));
#4388 = CARTESIAN_POINT('',(-0.223507273656,31.666228067138,
    965.28054492667));
#4389 = CARTESIAN_POINT('',(-21.42015599357,31.666228067138,
    965.27982176863));
#4390 = CARTESIAN_POINT('',(-43.58673845613,31.666228067138,
    965.27901224955));
#4391 = CARTESIAN_POINT('',(-44.67378267858,31.666228067138,
    965.27897255092));
#4392 = CARTESIAN_POINT('',(-45.76023531691,31.666228067138,
    965.27893287389));
#4393 = CARTESIAN_POINT('',(-46.8451999971,31.666228067138,
    965.2788932512));
#4394 = CARTESIAN_POINT('',(46.845163985856,35.903984099741,
    965.53427493492));
#4395 = CARTESIAN_POINT('',(45.750538090539,35.906951943772,
    965.5375997252));
#4396 = CARTESIAN_POINT('',(44.661468794457,35.909904722273,
    965.540907638));
#4397 = CARTESIAN_POINT('',(43.577956097611,35.912842435243,
    965.54419867332));
#4398 = CARTESIAN_POINT('',(21.25,35.973379913403,965.61201706835));
#4399 = CARTESIAN_POINT('',(2.84217094304E-14,36.030833278604,
    965.67877811684));
#4400 = CARTESIAN_POINT('',(-21.25,36.088029319767,965.74773780651));
#4401 = CARTESIAN_POINT('',(-43.58629002913,36.147783897646,
    965.82249236077));
#4402 = CARTESIAN_POINT('',(-44.67258005827,36.15068996674,
    965.82612792992));
#4403 = CARTESIAN_POINT('',(-45.7588700874,36.153596035835,
    965.82976349907));
#4404 = CARTESIAN_POINT('',(-46.84516011654,36.15650210493,
    965.83339906822));
#4405 = DEFINITIONAL_REPRESENTATION('',(#4406),#4429);
#4406 = B_SPLINE_CURVE_WITH_KNOTS('',5,(#4407,#4408,#4409,#4410,#4411,
    #4412,#4413,#4414,#4415,#4416,#4417,#4418,#4419,#4420,#4421,#4422,
    #4423,#4424,#4425,#4426,#4427,#4428),.UNSPECIFIED.,.F.,.F.,(6,4,4,4,
    4,6),(0.,0.235055004908,0.441352023787,0.648091987061,0.852308272552
    ,1.),.UNSPECIFIED.);
#4407 = CARTESIAN_POINT('',(85.,3.543161594609));
#4408 = CARTESIAN_POINT('',(82.635681171686,3.393391046706));
#4409 = CARTESIAN_POINT('',(80.271844089493,3.241435432358));
#4410 = CARTESIAN_POINT('',(77.908433554927,3.088008398554));
#4411 = CARTESIAN_POINT('',(75.545379560416,2.93397411809));
#4412 = CARTESIAN_POINT('',(71.108909612667,2.645391249968));
#4413 = CARTESIAN_POINT('',(69.035428657826,2.510764191262));
#4414 = CARTESIAN_POINT('',(66.962114514193,2.377039299876));
#4415 = CARTESIAN_POINT('',(64.888913080418,2.244904087943));
#4416 = CARTESIAN_POINT('',(60.738187755909,1.984884323479));
#4417 = CARTESIAN_POINT('',(58.660662982508,1.857009349241));
#4418 = CARTESIAN_POINT('',(56.583155041575,1.732088065577));
#4419 = CARTESIAN_POINT('',(54.5056153414,1.610784747485));
#4420 = CARTESIAN_POINT('',(50.375760590806,1.378011875852));
#4421 = CARTESIAN_POINT('',(48.323445168115,1.266440172186));
#4422 = CARTESIAN_POINT('',(46.271026793441,1.159532552988));
#4423 = CARTESIAN_POINT('',(44.218468652154,1.057774350445));
#4424 = CARTESIAN_POINT('',(40.681191208901,0.891927583372));
#4425 = CARTESIAN_POINT('',(39.196549669555,0.825208368742));
#4426 = CARTESIAN_POINT('',(37.711810920338,0.761512733466));
#4427 = CARTESIAN_POINT('',(36.226964225709,0.70094705607));
#4428 = CARTESIAN_POINT('',(34.742000982398,0.643583103715));
#4429 = ( GEOMETRIC_REPRESENTATION_CONTEXT(2) 
PARAMETRIC_REPRESENTATION_CONTEXT() REPRESENTATION_CONTEXT('2D SPACE',''
  ) );
#4430 = ORIENTED_EDGE('',*,*,#4431,.T.);
#4431 = EDGE_CURVE('',#4318,#4432,#4434,.T.);
#4432 = VERTEX_POINT('',#4433);
#4433 = CARTESIAN_POINT('',(41.157375575296,33.389435913903,969.217));
#4434 = SURFACE_CURVE('',#4435,(#4444,#4456),.PCURVE_S1.);
#4435 = B_SPLINE_CURVE_WITH_KNOTS('',4,(#4436,#4437,#4438,#4439,#4440,
    #4441,#4442,#4443),.UNSPECIFIED.,.F.,.F.,(5,3,5),(0.,0.205976396847,
    1.),.UNSPECIFIED.);
#4436 = CARTESIAN_POINT('',(41.146627647172,33.394906754633,
    965.53915441705));
#4437 = CARTESIAN_POINT('',(41.147181873576,33.394624181651,
    965.7285417682));
#4438 = CARTESIAN_POINT('',(41.147735993921,33.394341726432,
    965.91792911867));
#4439 = CARTESIAN_POINT('',(41.148290008244,33.39405938895,
    966.10731646826));
#4440 = CARTESIAN_POINT('',(41.150979191781,33.392689233065,
    967.02677788103));
#4441 = CARTESIAN_POINT('',(41.153112891958,33.391603046173,
    967.75685193332));
#4442 = CARTESIAN_POINT('',(41.155245019125,33.390518606966,
    968.48692597322));
#4443 = CARTESIAN_POINT('',(41.157375575296,33.389435913902,969.217));
#4444 = PCURVE('',#3862,#4445);
#4445 = DEFINITIONAL_REPRESENTATION('',(#4446),#4455);
#4446 = B_SPLINE_CURVE_WITH_KNOTS('',4,(#4447,#4448,#4449,#4450,#4451,
    #4452,#4453,#4454),.UNSPECIFIED.,.F.,.F.,(5,3,5),(0.,0.205976396847,
    1.),.UNSPECIFIED.);
#4447 = CARTESIAN_POINT('',(0.681778649033,0.885154417152));
#4448 = CARTESIAN_POINT('',(0.681767918113,1.074541768304));
#4449 = CARTESIAN_POINT('',(0.681757190316,1.263929118551));
#4450 = CARTESIAN_POINT('',(0.681746465641,1.45331646826));
#4451 = CARTESIAN_POINT('',(0.681694413299,2.372777881033));
#4452 = CARTESIAN_POINT('',(0.681653128891,3.102851933326));
#4453 = CARTESIAN_POINT('',(0.681611890812,3.832925973225));
#4454 = CARTESIAN_POINT('',(0.68157069901,4.563));
#4455 = ( GEOMETRIC_REPRESENTATION_CONTEXT(2) 
PARAMETRIC_REPRESENTATION_CONTEXT() REPRESENTATION_CONTEXT('2D SPACE',''
  ) );
#4456 = PCURVE('',#4457,#4491);
#4457 = ( BOUNDED_SURFACE() B_SPLINE_SURFACE(2,4,(
    (#4458,#4459,#4460,#4461,#4462,#4463,#4464,#4465,#4466,#4467,#4468)
    ,(#4469,#4470,#4471,#4472,#4473,#4474,#4475,#4476,#4477,#4478,#4479)
    ,(#4480,#4481,#4482,#4483,#4484,#4485,#4486,#4487,#4488,#4489,#4490
)),.UNSPECIFIED.,.F.,.F.,.F.) B_SPLINE_SURFACE_WITH_KNOTS((3,3),(5,3,3,5
    ),(0.,95.),(-4.600187005188,2.28172595511E-13,95.,99.651127419771),
.UNSPECIFIED.) GEOMETRIC_REPRESENTATION_ITEM() RATIONAL_B_SPLINE_SURFACE
((
    (1.,1.,1.,1.,1.,1.,1.,1.,1.,1.,1.)
    ,(0.682590887055,0.682953403873,0.683074242812,0.682953403873
      ,0.675104431045,0.667543979786,0.659929724262,0.651908304145
      ,0.651783506603,0.651908304145,0.652282696768)
,(1.,1.,1.,1.,1.,1.,1.,1.,1.,1.,1.
  ))) REPRESENTATION_ITEM('') SURFACE() );
#4458 = CARTESIAN_POINT('',(38.232682727775,31.666228067138,
    1.064931168583E+03));
#4459 = CARTESIAN_POINT('',(38.228362039863,31.666228067138,
    1.063755631043E+03));
#4460 = CARTESIAN_POINT('',(38.224072582413,31.666228067138,
    1.062588590432E+03));
#4461 = CARTESIAN_POINT('',(38.219814355426,31.666228067138,
    1.061430046751E+03));
#4462 = CARTESIAN_POINT('',(38.128294240297,31.666228067138,1.03653E+03)
  );
#4463 = CARTESIAN_POINT('',(38.038755206372,31.666228067138,1.01278E+03)
  );
#4464 = CARTESIAN_POINT('',(37.946985021375,31.666228067138,989.03));
#4465 = CARTESIAN_POINT('',(37.848419464358,31.666228067138,
    964.11721814505));
#4466 = CARTESIAN_POINT('',(37.843818981113,31.666228067138,
    962.95443026055));
#4467 = CARTESIAN_POINT('',(37.839218474011,31.666228067138,
    961.7916363465));
#4468 = CARTESIAN_POINT('',(37.834617943055,31.666228067138,
    960.62883640288));
#4469 = CARTESIAN_POINT('',(42.497970293196,31.666228067138,
    1.064931199998E+03));
#4470 = CARTESIAN_POINT('',(42.498002662009,31.666228067138,
    1.063753801851E+03));
#4471 = CARTESIAN_POINT('',(42.498034740554,31.666228067138,
    1.062586962064E+03));
#4472 = CARTESIAN_POINT('',(42.49806656304,31.666228067138,
    1.061429436298E+03));
#4473 = CARTESIAN_POINT('',(42.49875833433,31.666228067138,
    1.036266628406E+03));
#4474 = CARTESIAN_POINT('',(42.499488763761,31.666228067138,
    1.012419585685E+03));
#4475 = CARTESIAN_POINT('',(42.50029060986,31.666228067138,
    988.75479357073));
#4476 = CARTESIAN_POINT('',(42.501205948101,31.666228067138,
    964.11655035643));
#4477 = CARTESIAN_POINT('',(42.501249188556,31.666228067138,
    962.95264307405));
#4478 = CARTESIAN_POINT('',(42.501292396356,31.666228067138,
    961.78961475994));
#4479 = CARTESIAN_POINT('',(42.50133552192,31.666228067138,
    960.62880000321));
#4480 = CARTESIAN_POINT('',(42.224479468239,35.922773268483,
    1.064931136873E+03));
#4481 = CARTESIAN_POINT('',(42.219882442193,35.926820180632,
    1.063755615188E+03));
#4482 = CARTESIAN_POINT('',(42.215318623796,35.930837859004,
    1.062588585147E+03));
#4483 = CARTESIAN_POINT('',(42.210788013049,35.934826303597,
    1.061430046751E+03));
#4484 = CARTESIAN_POINT('',(42.113413234776,36.020548500792,1.03653E+03)
  );
#4485 = CARTESIAN_POINT('',(42.016072239229,36.101924023561,1.01278E+03)
  );
#4486 = CARTESIAN_POINT('',(41.914331102828,36.182637955654,989.03));
#4487 = CARTESIAN_POINT('',(41.803146363685,36.266353692395,
    964.11721814505));
#4488 = CARTESIAN_POINT('',(41.797956915234,36.27026104968,
    962.95443629011));
#4489 = CARTESIAN_POINT('',(41.792767466782,36.274168406964,
    961.79165443517));
#4490 = CARTESIAN_POINT('',(41.78757801833,36.278075764249,
    960.62887258022));
#4491 = DEFINITIONAL_REPRESENTATION('',(#4492),#4501);
#4492 = B_SPLINE_CURVE_WITH_KNOTS('',4,(#4493,#4494,#4495,#4496,#4497,
    #4498,#4499,#4500),.UNSPECIFIED.,.F.,.F.,(5,3,5),(0.,0.205976396847,
    1.),.UNSPECIFIED.);
#4493 = CARTESIAN_POINT('',(53.037081821153,94.740845583126));
#4494 = CARTESIAN_POINT('',(53.037390934976,94.551458232234));
#4495 = CARTESIAN_POINT('',(53.037701889552,94.362070882272));
#4496 = CARTESIAN_POINT('',(53.03801468544,94.172683533433));
#4497 = CARTESIAN_POINT('',(53.039542228229,93.253222125373));
#4498 = CARTESIAN_POINT('',(53.040782504302,92.523148080169));
#4499 = CARTESIAN_POINT('',(53.042050183494,91.793074050045));
#4500 = CARTESIAN_POINT('',(53.043345297898,91.063000035166));
#4501 = ( GEOMETRIC_REPRESENTATION_CONTEXT(2) 
PARAMETRIC_REPRESENTATION_CONTEXT() REPRESENTATION_CONTEXT('2D SPACE',''
  ) );
#4502 = ORIENTED_EDGE('',*,*,#4503,.F.);
#4503 = EDGE_CURVE('',#3879,#4432,#4504,.T.);
#4504 = SURFACE_CURVE('',#4505,(#4510,#4517),.PCURVE_S1.);
#4505 = CIRCLE('',#4506,52.99796217681);
#4506 = AXIS2_PLACEMENT_3D('',#4507,#4508,#4509);
#4507 = CARTESIAN_POINT('',(0.,0.,969.217));
#4508 = DIRECTION('',(0.,0.,1.));
#4509 = DIRECTION('',(1.,0.,0.));
#4510 = PCURVE('',#3862,#4511);
#4511 = DEFINITIONAL_REPRESENTATION('',(#4512),#4516);
#4512 = LINE('',#4513,#4514);
#4513 = CARTESIAN_POINT('',(0.,4.563));
#4514 = VECTOR('',#4515,1.);
#4515 = DIRECTION('',(1.,0.));
#4516 = ( GEOMETRIC_REPRESENTATION_CONTEXT(2) 
PARAMETRIC_REPRESENTATION_CONTEXT() REPRESENTATION_CONTEXT('2D SPACE',''
  ) );
#4517 = PCURVE('',#4518,#4526);
#4518 = SURFACE_OF_REVOLUTION('',#4519,#4523);
#4519 = LINE('',#4520,#4521);
#4520 = CARTESIAN_POINT('',(52.99796217681,0.,969.217));
#4521 = VECTOR('',#4522,1.);
#4522 = DIRECTION('',(4.465971919213E-04,0.,0.999999900275));
#4523 = AXIS1_PLACEMENT('',#4524,#4525);
#4524 = CARTESIAN_POINT('',(0.,0.,700.));
#4525 = DIRECTION('',(0.,0.,1.));
#4526 = DEFINITIONAL_REPRESENTATION('',(#4527),#4531);
#4527 = LINE('',#4528,#4529);
#4528 = CARTESIAN_POINT('',(0.,0.));
#4529 = VECTOR('',#4530,1.);
#4530 = DIRECTION('',(1.,0.));
#4531 = ( GEOMETRIC_REPRESENTATION_CONTEXT(2) 
PARAMETRIC_REPRESENTATION_CONTEXT() REPRESENTATION_CONTEXT('2D SPACE',''
  ) );
#4532 = ADVANCED_FACE('',(#4533),#4518,.T.);
#4533 = FACE_BOUND('',#4534,.T.);
#4534 = EDGE_LOOP('',(#4535,#4558,#4559,#4588));
#4535 = ORIENTED_EDGE('',*,*,#4536,.F.);
#4536 = EDGE_CURVE('',#3879,#4537,#4539,.T.);
#4537 = VERTEX_POINT('',#4538);
#4538 = CARTESIAN_POINT('',(53.,0.,973.78));
#4539 = SURFACE_CURVE('',#4540,(#4544,#4551),.PCURVE_S1.);
#4540 = LINE('',#4541,#4542);
#4541 = CARTESIAN_POINT('',(52.99796217681,0.,969.217));
#4542 = VECTOR('',#4543,1.);
#4543 = DIRECTION('',(4.465971919213E-04,0.,0.999999900275));
#4544 = PCURVE('',#4518,#4545);
#4545 = DEFINITIONAL_REPRESENTATION('',(#4546),#4550);
#4546 = LINE('',#4547,#4548);
#4547 = CARTESIAN_POINT('',(4.138911435803E-13,0.));
#4548 = VECTOR('',#4549,1.);
#4549 = DIRECTION('',(0.,1.));
#4550 = ( GEOMETRIC_REPRESENTATION_CONTEXT(2) 
PARAMETRIC_REPRESENTATION_CONTEXT() REPRESENTATION_CONTEXT('2D SPACE',''
  ) );
#4551 = PCURVE('',#3920,#4552);
#4552 = DEFINITIONAL_REPRESENTATION('',(#4553),#4557);
#4553 = LINE('',#4554,#4555);
#4554 = CARTESIAN_POINT('',(6.28318530718,0.));
#4555 = VECTOR('',#4556,1.);
#4556 = DIRECTION('',(0.,1.));
#4557 = ( GEOMETRIC_REPRESENTATION_CONTEXT(2) 
PARAMETRIC_REPRESENTATION_CONTEXT() REPRESENTATION_CONTEXT('2D SPACE',''
  ) );
#4558 = ORIENTED_EDGE('',*,*,#4503,.T.);
#4559 = ORIENTED_EDGE('',*,*,#4560,.F.);
#4560 = EDGE_CURVE('',#4561,#4432,#4563,.T.);
#4561 = VERTEX_POINT('',#4562);
#4562 = CARTESIAN_POINT('',(41.168266071761,33.379243080763,973.78));
#4563 = SURFACE_CURVE('',#4564,(#4570,#4579),.PCURVE_S1.);
#4564 = B_SPLINE_CURVE_WITH_KNOTS('',4,(#4565,#4566,#4567,#4568,#4569),
  .UNSPECIFIED.,.F.,.F.,(5,5),(0.,1.),.PIECEWISE_BEZIER_KNOTS.);
#4565 = CARTESIAN_POINT('',(41.168266078555,33.379243074409,
    973.78000285437));
#4566 = CARTESIAN_POINT('',(41.165551006045,33.381782785388,
    972.63925115996));
#4567 = CARTESIAN_POINT('',(41.162830906209,33.3843281552,
    971.49849964243));
#4568 = CARTESIAN_POINT('',(41.160105765034,33.386879196093,
    970.35774830374));
#4569 = CARTESIAN_POINT('',(41.157375568465,33.3894359203,
    969.21699714562));
#4570 = PCURVE('',#4518,#4571);
#4571 = DEFINITIONAL_REPRESENTATION('',(#4572),#4578);
#4572 = B_SPLINE_CURVE_WITH_KNOTS('',4,(#4573,#4574,#4575,#4576,#4577),
  .UNSPECIFIED.,.F.,.F.,(5,5),(0.,1.),.PIECEWISE_BEZIER_KNOTS.);
#4573 = CARTESIAN_POINT('',(0.681291892172,4.563003309415));
#4574 = CARTESIAN_POINT('',(0.681361376887,3.422251501252));
#4575 = CARTESIAN_POINT('',(0.681431006057,2.281499869952));
#4576 = CARTESIAN_POINT('',(0.681500780037,1.140748417508));
#4577 = CARTESIAN_POINT('',(0.681570699185,-2.854372112699E-06));
#4578 = ( GEOMETRIC_REPRESENTATION_CONTEXT(2) 
PARAMETRIC_REPRESENTATION_CONTEXT() REPRESENTATION_CONTEXT('2D SPACE',''
  ) );
#4579 = PCURVE('',#4457,#4580);
#4580 = DEFINITIONAL_REPRESENTATION('',(#4581),#4587);
#4581 = B_SPLINE_CURVE_WITH_KNOTS('',4,(#4582,#4583,#4584,#4585,#4586),
  .UNSPECIFIED.,.F.,.F.,(5,5),(0.,1.),.PIECEWISE_BEZIER_KNOTS.);
#4582 = CARTESIAN_POINT('',(52.996997225434,86.499997278434));
#4583 = CARTESIAN_POINT('',(53.008509191351,87.640748944532));
#4584 = CARTESIAN_POINT('',(53.020071184119,88.781500434936));
#4585 = CARTESIAN_POINT('',(53.031683222818,89.92225175001));
#4586 = CARTESIAN_POINT('',(53.043345327084,91.063002889538));
#4587 = ( GEOMETRIC_REPRESENTATION_CONTEXT(2) 
PARAMETRIC_REPRESENTATION_CONTEXT() REPRESENTATION_CONTEXT('2D SPACE',''
  ) );
#4588 = ORIENTED_EDGE('',*,*,#4589,.F.);
#4589 = EDGE_CURVE('',#4537,#4561,#4590,.T.);
#4590 = SURFACE_CURVE('',#4591,(#4596,#4603),.PCURVE_S1.);
#4591 = CIRCLE('',#4592,53.);
#4592 = AXIS2_PLACEMENT_3D('',#4593,#4594,#4595);
#4593 = CARTESIAN_POINT('',(0.,0.,973.78));
#4594 = DIRECTION('',(0.,0.,1.));
#4595 = DIRECTION('',(1.,0.,0.));
#4596 = PCURVE('',#4518,#4597);
#4597 = DEFINITIONAL_REPRESENTATION('',(#4598),#4602);
#4598 = LINE('',#4599,#4600);
#4599 = CARTESIAN_POINT('',(0.,4.563000455043));
#4600 = VECTOR('',#4601,1.);
#4601 = DIRECTION('',(1.,0.));
#4602 = ( GEOMETRIC_REPRESENTATION_CONTEXT(2) 
PARAMETRIC_REPRESENTATION_CONTEXT() REPRESENTATION_CONTEXT('2D SPACE',''
  ) );
#4603 = PCURVE('',#4604,#4609);
#4604 = CYLINDRICAL_SURFACE('',#4605,53.);
#4605 = AXIS2_PLACEMENT_3D('',#4606,#4607,#4608);
#4606 = CARTESIAN_POINT('',(0.,0.,973.78));
#4607 = DIRECTION('',(0.,0.,1.));
#4608 = DIRECTION('',(1.,0.,0.));
#4609 = DEFINITIONAL_REPRESENTATION('',(#4610),#4614);
#4610 = LINE('',#4611,#4612);
#4611 = CARTESIAN_POINT('',(0.,0.));
#4612 = VECTOR('',#4613,1.);
#4613 = DIRECTION('',(1.,0.));
#4614 = ( GEOMETRIC_REPRESENTATION_CONTEXT(2) 
PARAMETRIC_REPRESENTATION_CONTEXT() REPRESENTATION_CONTEXT('2D SPACE',''
  ) );
#4615 = ADVANCED_FACE('',(#4616),#4457,.F.);
#4616 = FACE_BOUND('',#4617,.F.);
#4617 = EDGE_LOOP('',(#4618,#4818,#4819,#4820,#4852,#4937,#4975,#5281,
    #5319));
#4618 = ORIENTED_EDGE('',*,*,#4619,.F.);
#4619 = EDGE_CURVE('',#4318,#4620,#4622,.T.);
#4620 = VERTEX_POINT('',#4621);
#4621 = CARTESIAN_POINT('',(41.846183541236,35.917537708698,
    965.54945950442));
#4622 = SURFACE_CURVE('',#4623,(#4686,#4752),.PCURVE_S1.);
#4623 = B_SPLINE_CURVE_WITH_KNOTS('',7,(#4624,#4625,#4626,#4627,#4628,
    #4629,#4630,#4631,#4632,#4633,#4634,#4635,#4636,#4637,#4638,#4639,
    #4640,#4641,#4642,#4643,#4644,#4645,#4646,#4647,#4648,#4649,#4650,
    #4651,#4652,#4653,#4654,#4655,#4656,#4657,#4658,#4659,#4660,#4661,
    #4662,#4663,#4664,#4665,#4666,#4667,#4668,#4669,#4670,#4671,#4672,
    #4673,#4674,#4675,#4676,#4677,#4678,#4679,#4680,#4681,#4682,#4683,
    #4684,#4685),.UNSPECIFIED.,.F.,.F.,(8,6,6,6,6,6,6,6,6,6,8),(0.,
    7.677565645407E-04,2.262442152032E-03,0.126892180793,0.253900002461,
    0.381492887855,0.50872028339,0.636689790556,0.757637777498,
    0.878411570469,1.),.UNSPECIFIED.);
#4624 = CARTESIAN_POINT('',(37.869898993908,31.666228067138,
    969.55298016744));
#4625 = CARTESIAN_POINT('',(37.870027966055,31.666227395167,
    969.55285028827));
#4626 = CARTESIAN_POINT('',(37.871742428994,31.666228325679,
    969.55112409502));
#4627 = CARTESIAN_POINT('',(37.873751549987,31.666229802773,
    969.54910123375));
#4628 = CARTESIAN_POINT('',(37.875308689229,31.666231233543,
    969.54753344168));
#4629 = CARTESIAN_POINT('',(37.87621139985,31.666232488082,
    969.54662454713));
#4630 = CARTESIAN_POINT('',(37.876801427914,31.666233899483,
    969.54603046955));
#4631 = CARTESIAN_POINT('',(37.880229420615,31.666240866809,
    969.54257900392));
#4632 = CARTESIAN_POINT('',(37.88158790715,31.666244412929,
    969.54121121524));
#4633 = CARTESIAN_POINT('',(37.8826745673,31.666248089238,
    969.54011711426));
#4634 = CARTESIAN_POINT('',(37.883867229836,31.666252555984,
    969.53891628504));
#4635 = CARTESIAN_POINT('',(37.885287157029,31.666257946616,
    969.53748663499));
#4636 = CARTESIAN_POINT('',(37.886799044642,31.666263867789,
    969.53596439482));
#4637 = CARTESIAN_POINT('',(37.989068003258,31.666730632205,
    969.43299515573));
#4638 = CARTESIAN_POINT('',(38.091448976972,31.670200377287,
    969.32991312118));
#4639 = CARTESIAN_POINT('',(38.195028478648,31.676821046365,
    969.22562433787));
#4640 = CARTESIAN_POINT('',(38.299662601264,31.686729925848,
    969.12027369767));
#4641 = CARTESIAN_POINT('',(38.405189438466,31.700055771217,
    969.01402421517));
#4642 = CARTESIAN_POINT('',(38.511429527816,31.716915401442,
    968.90705658137));
#4643 = CARTESIAN_POINT('',(38.726980105815,31.758296252191,
    968.69002985788));
#4644 = CARTESIAN_POINT('',(38.836313204836,31.782957980797,
    968.5799480024));
#4645 = CARTESIAN_POINT('',(38.945974759909,31.811502658033,
    968.4695354258));
#4646 = CARTESIAN_POINT('',(39.055737405189,31.844020120772,
    968.35902105091));
#4647 = CARTESIAN_POINT('',(39.165360194242,31.880580069927,
    968.24864747432));
#4648 = CARTESIAN_POINT('',(39.274591554113,31.921229276414,
    968.13866799217));
#4649 = CARTESIAN_POINT('',(39.492253103467,32.010954483279,
    967.91951565483));
#4650 = CARTESIAN_POINT('',(39.600675461123,32.060067619575,
    967.81035068498));
#4651 = CARTESIAN_POINT('',(39.708173511335,32.113348483354,
    967.70211633809));
#4652 = CARTESIAN_POINT('',(39.814472594612,32.170789378397,
    967.5950891554));
#4653 = CARTESIAN_POINT('',(39.919294309182,32.232353461316,
    967.48954944627));
#4654 = CARTESIAN_POINT('',(40.022361627185,32.297973577947,
    967.38577613697));
#4655 = CARTESIAN_POINT('',(40.2241569586,32.436929316726,
    967.18259852034));
#4656 = CARTESIAN_POINT('',(40.322898096933,32.510243262714,
    967.08318099826));
#4657 = CARTESIAN_POINT('',(40.419365309273,32.587400693219,
    966.98605296616));
#4658 = CARTESIAN_POINT('',(40.513290427873,32.668270866942,
    966.89148442986));
#4659 = CARTESIAN_POINT('',(40.604408253926,32.75268358854,
    966.79974240605));
#4660 = CARTESIAN_POINT('',(40.692465577657,32.840428251383,
    966.71108184039));
#4661 = CARTESIAN_POINT('',(40.862489247385,33.022607285188,
    966.53989339536));
#4662 = CARTESIAN_POINT('',(40.946522307122,33.119333224072,
    966.45528464378));
#4663 = CARTESIAN_POINT('',(41.027259670893,33.2198078263,
    966.37399415691));
#4664 = CARTESIAN_POINT('',(41.103637578991,33.322707131198,
    966.29709298382));
#4665 = CARTESIAN_POINT('',(41.175477443472,33.427338028582,
    966.22476093778));
#4666 = CARTESIAN_POINT('',(41.243138864132,33.53391564769,
    966.15663595673));
#4667 = CARTESIAN_POINT('',(41.367699171543,33.747283497804,
    966.03122225477));
#4668 = CARTESIAN_POINT('',(41.424381582095,33.852708082702,
    965.97415149375));
#4669 = CARTESIAN_POINT('',(41.477137994916,33.959627724416,
    965.92103362481));
#4670 = CARTESIAN_POINT('',(41.525911871562,34.067781498478,
    965.87192557477));
#4671 = CARTESIAN_POINT('',(41.570674291718,34.176907199942,
    965.82685646301));
#4672 = CARTESIAN_POINT('',(41.611423042727,34.286746020385,
    965.78582851816));
#4673 = CARTESIAN_POINT('',(41.684887434236,34.507189569355,
    965.7118607754));
#4674 = CARTESIAN_POINT('',(41.717614519527,34.617793043297,
    965.6789094543));
#4675 = CARTESIAN_POINT('',(41.746385853286,34.728607521569,
    965.64994098703));
#4676 = CARTESIAN_POINT('',(41.771249623374,34.839391280705,
    965.62490685612));
#4677 = CARTESIAN_POINT('',(41.792276309385,34.949913898986,
    965.60373609954));
#4678 = CARTESIAN_POINT('',(41.809555674824,35.059959156496,
    965.58633833906));
#4679 = CARTESIAN_POINT('',(41.836923834574,35.279434421958,
    965.55878265732));
#4680 = CARTESIAN_POINT('',(41.846911549482,35.388440885413,
    965.54872650803));
#4681 = CARTESIAN_POINT('',(41.853377425932,35.496650839138,
    965.54221632824));
#4682 = CARTESIAN_POINT('',(41.856415665233,35.604072185641,
    965.53915727131));
#4683 = CARTESIAN_POINT('',(41.85610698676,35.710420647108,
    965.53946806482));
#4684 = CARTESIAN_POINT('',(41.852603204468,35.815154085032,
    965.54299585458));
#4685 = CARTESIAN_POINT('',(41.846183541236,35.917537708698,
    965.54945950442));
#4686 = PCURVE('',#4457,#4687);
#4687 = DEFINITIONAL_REPRESENTATION('',(#4688),#4751);
#4688 = B_SPLINE_CURVE_WITH_KNOTS('',7,(#4689,#4690,#4691,#4692,#4693,
    #4694,#4695,#4696,#4697,#4698,#4699,#4700,#4701,#4702,#4703,#4704,
    #4705,#4706,#4707,#4708,#4709,#4710,#4711,#4712,#4713,#4714,#4715,
    #4716,#4717,#4718,#4719,#4720,#4721,#4722,#4723,#4724,#4725,#4726,
    #4727,#4728,#4729,#4730,#4731,#4732,#4733,#4734,#4735,#4736,#4737,
    #4738,#4739,#4740,#4741,#4742,#4743,#4744,#4745,#4746,#4747,#4748,
    #4749,#4750),.UNSPECIFIED.,.F.,.F.,(8,6,6,6,6,6,6,6,6,6,8),(0.,
    7.677565645407E-04,2.262442152032E-03,0.126892180793,0.253900002461,
    0.381492887855,0.50872028339,0.636689790556,0.757637777498,
    0.878411570469,1.),.UNSPECIFIED.);
#4689 = CARTESIAN_POINT('',(0.,90.727019832552));
#4690 = CARTESIAN_POINT('',(2.036619809679E-03,90.727149711726));
#4691 = CARTESIAN_POINT('',(2.903884164573E-02,90.728875905018));
#4692 = CARTESIAN_POINT('',(6.067904035696E-02,90.730898766328));
#4693 = CARTESIAN_POINT('',(8.519924213216E-02,90.732466558438));
#4694 = CARTESIAN_POINT('',(9.941112450016E-02,90.733375453013));
#4695 = CARTESIAN_POINT('',(0.10869601633,90.733969530603));
#4696 = CARTESIAN_POINT('',(0.162649036302,90.737420996313));
#4697 = CARTESIAN_POINT('',(0.184024564543,90.73878878502));
#4698 = CARTESIAN_POINT('',(0.201116948194,90.739882886027));
#4699 = CARTESIAN_POINT('',(0.219873598152,90.74108371527));
#4700 = CARTESIAN_POINT('',(0.242203870575,90.742513365354));
#4701 = CARTESIAN_POINT('',(0.265979066879,90.744035605554));
#4702 = CARTESIAN_POINT('',(1.873738548117,90.847004846932));
#4703 = CARTESIAN_POINT('',(3.461948694327,90.950086883476));
#4704 = CARTESIAN_POINT('',(5.049691294865,91.054375668526));
#4705 = CARTESIAN_POINT('',(6.636989715693,91.159726310212));
#4706 = CARTESIAN_POINT('',(8.223862399136,91.265975793968));
#4707 = CARTESIAN_POINT('',(9.810322996794,91.372943428783));
#4708 = CARTESIAN_POINT('',(13.012701863882,91.589970153899));
#4709 = CARTESIAN_POINT('',(14.628644748464,91.700052009978));
#4710 = CARTESIAN_POINT('',(16.24416736081,91.810464586963));
#4711 = CARTESIAN_POINT('',(17.859252862958,91.920978962055));
#4712 = CARTESIAN_POINT('',(19.473909036232,92.03135253867));
#4713 = CARTESIAN_POINT('',(21.0881679431,92.141332020711));
#4714 = CARTESIAN_POINT('',(24.323437774503,92.360484357567));
#4715 = CARTESIAN_POINT('',(25.944418137116,92.469649327055));
#4716 = CARTESIAN_POINT('',(27.565031396842,92.577883673477));
#4717 = CARTESIAN_POINT('',(29.18528690261,92.684910855622));
#4718 = CARTESIAN_POINT('',(30.805197985654,92.790450564144));
#4719 = CARTESIAN_POINT('',(32.424781312847,92.89422387281));
#4720 = CARTESIAN_POINT('',(35.658692753706,93.097401488126));
#4721 = CARTESIAN_POINT('',(37.273048199169,93.196819009526));
#4722 = CARTESIAN_POINT('',(38.887232266735,93.293947040947));
#4723 = CARTESIAN_POINT('',(40.501179170074,93.388515576588));
#4724 = CARTESIAN_POINT('',(42.114647182117,93.480257599764));
#4725 = CARTESIAN_POINT('',(43.727218170953,93.568918164833));
#4726 = CARTESIAN_POINT('',(46.958773451062,93.740106608743));
#4727 = CARTESIAN_POINT('',(48.617749627941,93.824715359785));
#4728 = CARTESIAN_POINT('',(50.285278988714,93.906005846173));
#4729 = CARTESIAN_POINT('',(51.944244878441,93.982907018836));
#4730 = CARTESIAN_POINT('',(53.59030359233,94.055239064497));
#4731 = CARTESIAN_POINT('',(55.231848148761,94.123364045214));
#4732 = CARTESIAN_POINT('',(58.457161871119,94.248777746618));
#4733 = CARTESIAN_POINT('',(60.023538775643,94.305848507404));
#4734 = CARTESIAN_POINT('',(61.589141065579,94.358966376149));
#4735 = CARTESIAN_POINT('',(63.153983270516,94.408074426025));
#4736 = CARTESIAN_POINT('',(64.718078937869,94.453143537649));
#4737 = CARTESIAN_POINT('',(66.281440278563,94.494171482388));
#4738 = CARTESIAN_POINT('',(69.404464775813,94.568139224963));
#4739 = CARTESIAN_POINT('',(70.964130508392,94.601090545999));
#4740 = CARTESIAN_POINT('',(72.523085782449,94.630059013215));
#4741 = CARTESIAN_POINT('',(74.08134076092,94.655093144074));
#4742 = CARTESIAN_POINT('',(75.638904839144,94.676263900626));
#4743 = CARTESIAN_POINT('',(77.195786486323,94.693661661079));
#4744 = CARTESIAN_POINT('',(80.318696524427,94.721217342779));
#4745 = CARTESIAN_POINT('',(81.878823080525,94.731273492033));
#4746 = CARTESIAN_POINT('',(83.439459090894,94.73778367184));
#4747 = CARTESIAN_POINT('',(85.003434760234,94.740842728754));
#4748 = CARTESIAN_POINT('',(86.56933711568,94.740531935205));
#4749 = CARTESIAN_POINT('',(88.131520250287,94.737004145473));
#4750 = CARTESIAN_POINT('',(89.680112856654,94.730540495624));
#4751 = ( GEOMETRIC_REPRESENTATION_CONTEXT(2) 
PARAMETRIC_REPRESENTATION_CONTEXT() REPRESENTATION_CONTEXT('2D SPACE',''
  ) );
#4752 = PCURVE('',#4371,#4753);
#4753 = DEFINITIONAL_REPRESENTATION('',(#4754),#4817);
#4754 = B_SPLINE_CURVE_WITH_KNOTS('',7,(#4755,#4756,#4757,#4758,#4759,
    #4760,#4761,#4762,#4763,#4764,#4765,#4766,#4767,#4768,#4769,#4770,
    #4771,#4772,#4773,#4774,#4775,#4776,#4777,#4778,#4779,#4780,#4781,
    #4782,#4783,#4784,#4785,#4786,#4787,#4788,#4789,#4790,#4791,#4792,
    #4793,#4794,#4795,#4796,#4797,#4798,#4799,#4800,#4801,#4802,#4803,
    #4804,#4805,#4806,#4807,#4808,#4809,#4810,#4811,#4812,#4813,#4814,
    #4815,#4816),.UNSPECIFIED.,.F.,.F.,(8,6,6,6,6,6,6,6,6,6,8),(0.,
    7.677565645407E-04,2.262442152032E-03,0.126892180793,0.253900002461,
    0.381492887855,0.50872028339,0.636689790556,0.757637777498,
    0.878411570469,1.),.UNSPECIFIED.);
#4755 = CARTESIAN_POINT('',(0.,4.630101006092));
#4756 = CARTESIAN_POINT('',(1.889416360794E-03,4.629972033944));
#4757 = CARTESIAN_POINT('',(2.693946653241E-02,4.628257570985));
#4758 = CARTESIAN_POINT('',(5.629226126266E-02,4.626248449968));
#4759 = CARTESIAN_POINT('',(7.903996961559E-02,4.624691310707));
#4760 = CARTESIAN_POINT('',(9.222481897144E-02,4.623788600076));
#4761 = CARTESIAN_POINT('',(0.100839095027,4.623198572005));
#4762 = CARTESIAN_POINT('',(0.150893956132,4.619770579263));
#4763 = CARTESIAN_POINT('',(0.170725418978,4.618412092713));
#4764 = CARTESIAN_POINT('',(0.186583492008,4.617325432551));
#4765 = CARTESIAN_POINT('',(0.203985833374,4.61613277));
#4766 = CARTESIAN_POINT('',(0.224703797702,4.614712842791));
#4767 = CARTESIAN_POINT('',(0.246762436091,4.61320095516));
#4768 = CARTESIAN_POINT('',(1.738470900012,4.510931995359));
#4769 = CARTESIAN_POINT('',(3.213330380594,4.408551020597));
#4770 = CARTESIAN_POINT('',(4.689059965285,4.304971517998));
#4771 = CARTESIAN_POINT('',(6.165695615794,4.200337394579));
#4772 = CARTESIAN_POINT('',(7.643267978486,4.094810556692));
#4773 = CARTESIAN_POINT('',(9.121802134752,3.988570466771));
#4774 = CARTESIAN_POINT('',(12.109063470703,3.773019887835));
#4775 = CARTESIAN_POINT('',(13.617865889194,3.663686788452));
#4776 = CARTESIAN_POINT('',(15.127697265996,3.554025233122));
#4777 = CARTESIAN_POINT('',(16.638551644217,3.444262587682));
#4778 = CARTESIAN_POINT('',(18.150444005241,3.334639798556));
#4779 = CARTESIAN_POINT('',(19.663409823055,3.22540843869));
#4780 = CARTESIAN_POINT('',(22.698574117921,3.00774688948));
#4781 = CARTESIAN_POINT('',(24.220757299336,2.899324531964));
#4782 = CARTESIAN_POINT('',(25.744061583519,2.791826481948));
#4783 = CARTESIAN_POINT('',(27.268495951066,2.685527398914));
#4784 = CARTESIAN_POINT('',(28.79407023328,2.580705684623));
#4785 = CARTESIAN_POINT('',(30.320794402987,2.477638366924));
#4786 = CARTESIAN_POINT('',(33.37218470507,2.275843036149));
#4787 = CARTESIAN_POINT('',(34.896868316744,2.177101898151));
#4788 = CARTESIAN_POINT('',(36.422823635947,2.080634686154));
#4789 = CARTESIAN_POINT('',(37.949977340072,1.986709567896));
#4790 = CARTESIAN_POINT('',(39.478086155026,1.89559174218));
#4791 = CARTESIAN_POINT('',(41.006735161912,1.807534418772));
#4792 = CARTESIAN_POINT('',(44.072853305534,1.637510749661));
#4793 = CARTESIAN_POINT('',(45.648282909056,1.553477690227));
#4794 = CARTESIAN_POINT('',(47.233310958907,1.472740326736));
#4795 = CARTESIAN_POINT('',(48.811637676802,1.396362418898));
#4796 = CARTESIAN_POINT('',(50.379034804676,1.324522554649));
#4797 = CARTESIAN_POINT('',(51.943430975813,1.256861134199));
#4798 = CARTESIAN_POINT('',(55.019763361191,1.132300827158));
#4799 = CARTESIAN_POINT('',(56.514969526627,1.075618416766));
#4800 = CARTESIAN_POINT('',(58.010592919168,1.022862004086));
#4801 = CARTESIAN_POINT('',(59.506620665956,0.974088127564));
#4802 = CARTESIAN_POINT('',(61.003038829779,0.929325707515));
#4803 = CARTESIAN_POINT('',(62.499832536704,0.888576956601));
#4804 = CARTESIAN_POINT('',(65.491983412219,0.815112565255));
#4805 = CARTESIAN_POINT('',(66.987340021054,0.782385480034));
#4806 = CARTESIAN_POINT('',(68.483040550829,0.753614146335));
#4807 = CARTESIAN_POINT('',(69.979069875208,0.728750376298));
#4808 = CARTESIAN_POINT('',(71.475413261641,0.707723690332));
#4809 = CARTESIAN_POINT('',(72.972056512084,0.690444324933));
#4810 = CARTESIAN_POINT('',(75.976012700229,0.663076165254));
#4811 = CARTESIAN_POINT('',(77.477661249761,0.653088450377));
#4812 = CARTESIAN_POINT('',(78.980714333107,0.646622573956));
#4813 = CARTESIAN_POINT('',(80.487888311746,0.643584334682));
#4814 = CARTESIAN_POINT('',(81.997818525282,0.643893013183));
#4815 = CARTESIAN_POINT('',(83.505045190212,0.647396795503));
#4816 = CARTESIAN_POINT('',(85.,0.653816458764));
#4817 = ( GEOMETRIC_REPRESENTATION_CONTEXT(2) 
PARAMETRIC_REPRESENTATION_CONTEXT() REPRESENTATION_CONTEXT('2D SPACE',''
  ) );
#4818 = ORIENTED_EDGE('',*,*,#4431,.T.);
#4819 = ORIENTED_EDGE('',*,*,#4560,.F.);
#4820 = ORIENTED_EDGE('',*,*,#4821,.F.);
#4821 = EDGE_CURVE('',#4822,#4561,#4824,.T.);
#4822 = VERTEX_POINT('',#4823);
#4823 = CARTESIAN_POINT('',(41.323324676016,33.18708841885,1.05178E+03)
  );
#4824 = SURFACE_CURVE('',#4825,(#4832,#4842),.PCURVE_S1.);
#4825 = B_SPLINE_CURVE_WITH_KNOTS('',5,(#4826,#4827,#4828,#4829,#4830,
    #4831),.UNSPECIFIED.,.F.,.F.,(6,6),(0.,1.),
  .PIECEWISE_BEZIER_KNOTS.);
#4826 = CARTESIAN_POINT('',(41.323324681342,33.187088412218,
    1.051780002854E+03));
#4827 = CARTESIAN_POINT('',(41.294215953757,33.223333514111,
    1.036179928238E+03));
#4828 = CARTESIAN_POINT('',(41.264189163539,33.260640357892,
    1.020579887766E+03));
#4829 = CARTESIAN_POINT('',(41.23321169488,33.299039730804,
    1.004979884786E+03));
#4830 = CARTESIAN_POINT('',(41.201249280595,33.338563263268,
    989.37991994832));
#4831 = CARTESIAN_POINT('',(41.168266065726,33.379243088207,
    973.77999714562));
#4832 = PCURVE('',#4457,#4833);
#4833 = DEFINITIONAL_REPRESENTATION('',(#4834),#4841);
#4834 = B_SPLINE_CURVE_WITH_KNOTS('',5,(#4835,#4836,#4837,#4838,#4839,
    #4840),.UNSPECIFIED.,.F.,.F.,(6,6),(0.,1.),
  .PIECEWISE_BEZIER_KNOTS.);
#4835 = CARTESIAN_POINT('',(51.809718425296,8.499997020449));
#4836 = CARTESIAN_POINT('',(52.033034747735,24.1000712735));
#4837 = CARTESIAN_POINT('',(52.263229836417,39.700111151638));
#4838 = CARTESIAN_POINT('',(52.500489439349,55.300116376927));
#4839 = CARTESIAN_POINT('',(52.745007784552,70.900080571484));
#4840 = CARTESIAN_POINT('',(52.996997327347,86.500002987042));
#4841 = ( GEOMETRIC_REPRESENTATION_CONTEXT(2) 
PARAMETRIC_REPRESENTATION_CONTEXT() REPRESENTATION_CONTEXT('2D SPACE',''
  ) );
#4842 = PCURVE('',#4604,#4843);
#4843 = DEFINITIONAL_REPRESENTATION('',(#4844),#4851);
#4844 = B_SPLINE_CURVE_WITH_KNOTS('',5,(#4845,#4846,#4847,#4848,#4849,
    #4850),.UNSPECIFIED.,.F.,.F.,(6,6),(0.,1.),
  .PIECEWISE_BEZIER_KNOTS.);
#4845 = CARTESIAN_POINT('',(0.676633130908,78.000002854372));
#4846 = CARTESIAN_POINT('',(0.677510240922,62.3999282381));
#4847 = CARTESIAN_POINT('',(0.67841381677,46.799887766392));
#4848 = CARTESIAN_POINT('',(0.679344698116,31.199884785676));
#4849 = CARTESIAN_POINT('',(0.680303757033,15.599919948326));
#4850 = CARTESIAN_POINT('',(0.681291892527,-2.854372112699E-06));
#4851 = ( GEOMETRIC_REPRESENTATION_CONTEXT(2) 
PARAMETRIC_REPRESENTATION_CONTEXT() REPRESENTATION_CONTEXT('2D SPACE',''
  ) );
#4852 = ORIENTED_EDGE('',*,*,#4853,.T.);
#4853 = EDGE_CURVE('',#4822,#4854,#4856,.T.);
#4854 = VERTEX_POINT('',#4855);
#4855 = CARTESIAN_POINT('',(38.184237776276,31.666228067138,1.05178E+03)
  );
#4856 = SURFACE_CURVE('',#4857,(#4880,#4906),.PCURVE_S1.);
#4857 = B_SPLINE_CURVE_WITH_KNOTS('',6,(#4858,#4859,#4860,#4861,#4862,
    #4863,#4864,#4865,#4866,#4867,#4868,#4869,#4870,#4871,#4872,#4873,
    #4874,#4875,#4876,#4877,#4878,#4879),.UNSPECIFIED.,.F.,.F.,(7,5,5,5,
    7),(0.,0.249947579013,0.500000000003,0.750052420991,1.),
  .UNSPECIFIED.);
#4858 = CARTESIAN_POINT('',(42.172836071216,35.968028662294,1.05178E+03)
  );
#4859 = CARTESIAN_POINT('',(42.191283875891,35.724222370772,1.05178E+03)
  );
#4860 = CARTESIAN_POINT('',(42.192435985558,35.471285683056,1.05178E+03)
  );
#4861 = CARTESIAN_POINT('',(42.174007159978,35.211053073739,1.05178E+03)
  );
#4862 = CARTESIAN_POINT('',(42.133895651987,34.94610500111,1.05178E+03)
  );
#4863 = CARTESIAN_POINT('',(42.070648693512,34.679856678097,1.05178E+03)
  );
#4864 = CARTESIAN_POINT('',(41.897026096809,34.152165343247,1.05178E+03)
  );
#4865 = CARTESIAN_POINT('',(41.786629441413,33.890724559325,1.05178E+03)
  );
#4866 = CARTESIAN_POINT('',(41.652250649155,33.63550023279,1.05178E+03)
  );
#4867 = CARTESIAN_POINT('',(41.494484421752,33.390620023382,1.05178E+03)
  );
#4868 = CARTESIAN_POINT('',(41.315269045675,33.159973040068,1.05178E+03)
  );
#4869 = CARTESIAN_POINT('',(40.919585680664,32.73321887506,1.05178E+03)
  );
#4870 = CARTESIAN_POINT('',(40.70311796639,32.537111989592,1.05178E+03)
  );
#4871 = CARTESIAN_POINT('',(40.470839255386,32.361319214672,1.05178E+03)
  );
#4872 = CARTESIAN_POINT('',(40.226481326984,32.20806674567,1.05178E+03)
  );
#4873 = CARTESIAN_POINT('',(39.974115205012,32.07825902169,1.05178E+03)
  );
#4874 = CARTESIAN_POINT('',(39.461027866634,31.865316933734,1.05178E+03)
  );
#4875 = CARTESIAN_POINT('',(39.20031045755,31.782161780595,1.05178E+03)
  );
#4876 = CARTESIAN_POINT('',(38.939144019431,31.722174236215,1.05178E+03)
  );
#4877 = CARTESIAN_POINT('',(38.681043641969,31.684163351843,1.05178E+03)
  );
#4878 = CARTESIAN_POINT('',(38.428741005158,31.666228067138,1.05178E+03)
  );
#4879 = CARTESIAN_POINT('',(38.184237776276,31.666228067138,1.05178E+03)
  );
#4880 = PCURVE('',#4457,#4881);
#4881 = DEFINITIONAL_REPRESENTATION('',(#4882),#4905);
#4882 = B_SPLINE_CURVE_WITH_KNOTS('',6,(#4883,#4884,#4885,#4886,#4887,
    #4888,#4889,#4890,#4891,#4892,#4893,#4894,#4895,#4896,#4897,#4898,
    #4899,#4900,#4901,#4902,#4903,#4904),.UNSPECIFIED.,.F.,.F.,(7,5,5,5,
    7),(0.,0.249947579013,0.500000000003,0.750052420991,1.),
  .UNSPECIFIED.);
#4883 = CARTESIAN_POINT('',(95.,8.5));
#4884 = CARTESIAN_POINT('',(91.040520726254,8.499999982298));
#4885 = CARTESIAN_POINT('',(87.081516785656,8.499999965234));
#4886 = CARTESIAN_POINT('',(83.122995205348,8.4999999491));
#4887 = CARTESIAN_POINT('',(79.164937960801,8.499999934217));
#4888 = CARTESIAN_POINT('',(75.207291954574,8.499999920924));
#4889 = CARTESIAN_POINT('',(67.291048136119,8.49999989807));
#4890 = CARTESIAN_POINT('',(63.332438544657,8.499999888512));
#4891 = CARTESIAN_POINT('',(59.374127862797,8.499999881109));
#4892 = CARTESIAN_POINT('',(55.416022935821,8.499999876092));
#4893 = CARTESIAN_POINT('',(51.458007497214,8.499999873584));
#4894 = CARTESIAN_POINT('',(43.54199250282,8.499999873584));
#4895 = CARTESIAN_POINT('',(39.583977064189,8.499999876092));
#4896 = CARTESIAN_POINT('',(35.625872137278,8.499999881109));
#4897 = CARTESIAN_POINT('',(31.667561455356,8.499999888512));
#4898 = CARTESIAN_POINT('',(27.708951863906,8.49999989807));
#4899 = CARTESIAN_POINT('',(19.792708045422,8.499999920924));
#4900 = CARTESIAN_POINT('',(15.835062039233,8.499999934217));
#4901 = CARTESIAN_POINT('',(11.877004794611,8.4999999491));
#4902 = CARTESIAN_POINT('',(7.918483214374,8.499999965234));
#4903 = CARTESIAN_POINT('',(3.959479273733,8.499999982298));
#4904 = CARTESIAN_POINT('',(0.,8.5));
#4905 = ( GEOMETRIC_REPRESENTATION_CONTEXT(2) 
PARAMETRIC_REPRESENTATION_CONTEXT() REPRESENTATION_CONTEXT('2D SPACE',''
  ) );
#4906 = PCURVE('',#4907,#4912);
#4907 = PLANE('',#4908);
#4908 = AXIS2_PLACEMENT_3D('',#4909,#4910,#4911);
#4909 = CARTESIAN_POINT('',(0.,0.,1.05178E+03));
#4910 = DIRECTION('',(0.,0.,1.));
#4911 = DIRECTION('',(1.,0.,0.));
#4912 = DEFINITIONAL_REPRESENTATION('',(#4913),#4936);
#4913 = B_SPLINE_CURVE_WITH_KNOTS('',6,(#4914,#4915,#4916,#4917,#4918,
    #4919,#4920,#4921,#4922,#4923,#4924,#4925,#4926,#4927,#4928,#4929,
    #4930,#4931,#4932,#4933,#4934,#4935),.UNSPECIFIED.,.F.,.F.,(7,5,5,5,
    7),(0.,0.249947579013,0.500000000003,0.750052420991,1.),
  .UNSPECIFIED.);
#4914 = CARTESIAN_POINT('',(42.172836071216,35.968028662294));
#4915 = CARTESIAN_POINT('',(42.191283875891,35.724222370772));
#4916 = CARTESIAN_POINT('',(42.192435985558,35.471285683056));
#4917 = CARTESIAN_POINT('',(42.174007159978,35.211053073739));
#4918 = CARTESIAN_POINT('',(42.133895651987,34.94610500111));
#4919 = CARTESIAN_POINT('',(42.070648693512,34.679856678097));
#4920 = CARTESIAN_POINT('',(41.897026096809,34.152165343247));
#4921 = CARTESIAN_POINT('',(41.786629441413,33.890724559325));
#4922 = CARTESIAN_POINT('',(41.652250649155,33.63550023279));
#4923 = CARTESIAN_POINT('',(41.494484421752,33.390620023382));
#4924 = CARTESIAN_POINT('',(41.315269045675,33.159973040068));
#4925 = CARTESIAN_POINT('',(40.919585680664,32.73321887506));
#4926 = CARTESIAN_POINT('',(40.70311796639,32.537111989592));
#4927 = CARTESIAN_POINT('',(40.470839255386,32.361319214672));
#4928 = CARTESIAN_POINT('',(40.226481326984,32.20806674567));
#4929 = CARTESIAN_POINT('',(39.974115205012,32.07825902169));
#4930 = CARTESIAN_POINT('',(39.461027866634,31.865316933734));
#4931 = CARTESIAN_POINT('',(39.20031045755,31.782161780595));
#4932 = CARTESIAN_POINT('',(38.939144019431,31.722174236215));
#4933 = CARTESIAN_POINT('',(38.681043641969,31.684163351843));
#4934 = CARTESIAN_POINT('',(38.428741005158,31.666228067138));
#4935 = CARTESIAN_POINT('',(38.184237776276,31.666228067138));
#4936 = ( GEOMETRIC_REPRESENTATION_CONTEXT(2) 
PARAMETRIC_REPRESENTATION_CONTEXT() REPRESENTATION_CONTEXT('2D SPACE',''
  ) );
#4937 = ORIENTED_EDGE('',*,*,#4938,.F.);
#4938 = EDGE_CURVE('',#4939,#4854,#4941,.T.);
#4939 = VERTEX_POINT('',#4940);
#4940 = CARTESIAN_POINT('',(38.199027987548,31.666228067138,
    1.055782875338E+03));
#4941 = SURFACE_CURVE('',#4942,(#4954,#4961),.PCURVE_S1.);
#4942 = B_SPLINE_CURVE_WITH_KNOTS('',4,(#4943,#4944,#4945,#4946,#4947,
    #4948,#4949,#4950,#4951,#4952,#4953),.UNSPECIFIED.,.F.,.F.,(5,3,3,5)
  ,(-4.600187005188,2.28172595511E-13,95.,99.651127419771),
  .UNSPECIFIED.);
#4943 = CARTESIAN_POINT('',(38.232682727775,31.666228067138,
    1.064931168583E+03));
#4944 = CARTESIAN_POINT('',(38.228362039863,31.666228067138,
    1.063755631043E+03));
#4945 = CARTESIAN_POINT('',(38.224072582413,31.666228067138,
    1.062588590432E+03));
#4946 = CARTESIAN_POINT('',(38.219814355426,31.666228067138,
    1.061430046751E+03));
#4947 = CARTESIAN_POINT('',(38.128294240297,31.666228067138,1.03653E+03)
  );
#4948 = CARTESIAN_POINT('',(38.038755206372,31.666228067138,1.01278E+03)
  );
#4949 = CARTESIAN_POINT('',(37.946985021375,31.666228067138,989.03));
#4950 = CARTESIAN_POINT('',(37.848419464358,31.666228067138,
    964.11721814505));
#4951 = CARTESIAN_POINT('',(37.843818981113,31.666228067138,
    962.95443026055));
#4952 = CARTESIAN_POINT('',(37.839218474011,31.666228067138,
    961.7916363465));
#4953 = CARTESIAN_POINT('',(37.834617943055,31.666228067138,
    960.62883640288));
#4954 = PCURVE('',#4457,#4955);
#4955 = DEFINITIONAL_REPRESENTATION('',(#4956),#4960);
#4956 = LINE('',#4957,#4958);
#4957 = CARTESIAN_POINT('',(0.,0.));
#4958 = VECTOR('',#4959,1.);
#4959 = DIRECTION('',(0.,1.));
#4960 = ( GEOMETRIC_REPRESENTATION_CONTEXT(2) 
PARAMETRIC_REPRESENTATION_CONTEXT() REPRESENTATION_CONTEXT('2D SPACE',''
  ) );
#4961 = PCURVE('',#4962,#4967);
#4962 = PLANE('',#4963);
#4963 = AXIS2_PLACEMENT_3D('',#4964,#4965,#4966);
#4964 = CARTESIAN_POINT('',(-42.5,31.666228067138,1.06028E+03));
#4965 = DIRECTION('',(0.,-1.,0.));
#4966 = DIRECTION('',(0.66679485947,0.,-0.745241313525));
#4967 = DEFINITIONAL_REPRESENTATION('',(#4968),#4974);
#4968 = B_SPLINE_CURVE_WITH_KNOTS('',4,(#4969,#4970,#4971,#4972,#4973),
  .UNSPECIFIED.,.F.,.F.,(5,5),(2.28172595511E-13,95.),
  .PIECEWISE_BEZIER_KNOTS.);
#4969 = CARTESIAN_POINT('',(53.820738730003,60.152590345297));
#4970 = CARTESIAN_POINT('',(71.462013323472,44.251157994519));
#4971 = CARTESIAN_POINT('',(89.10179035215,28.348051894856));
#4972 = CARTESIAN_POINT('',(106.74007966076,12.443283049238));
#4973 = CARTESIAN_POINT('',(124.37690541291,-3.463121535951));
#4974 = ( GEOMETRIC_REPRESENTATION_CONTEXT(2) 
PARAMETRIC_REPRESENTATION_CONTEXT() REPRESENTATION_CONTEXT('2D SPACE',''
  ) );
#4975 = ORIENTED_EDGE('',*,*,#4976,.T.);
#4976 = EDGE_CURVE('',#4939,#4977,#4979,.T.);
#4977 = VERTEX_POINT('',#4978);
#4978 = CARTESIAN_POINT('',(42.20426160417,35.940570942328,
    1.059761359907E+03));
#4979 = SURFACE_CURVE('',#4980,(#5067,#5157),.PCURVE_S1.);
#4980 = B_SPLINE_CURVE_WITH_KNOTS('',8,(#4981,#4982,#4983,#4984,#4985,
    #4986,#4987,#4988,#4989,#4990,#4991,#4992,#4993,#4994,#4995,#4996,
    #4997,#4998,#4999,#5000,#5001,#5002,#5003,#5004,#5005,#5006,#5007,
    #5008,#5009,#5010,#5011,#5012,#5013,#5014,#5015,#5016,#5017,#5018,
    #5019,#5020,#5021,#5022,#5023,#5024,#5025,#5026,#5027,#5028,#5029,
    #5030,#5031,#5032,#5033,#5034,#5035,#5036,#5037,#5038,#5039,#5040,
    #5041,#5042,#5043,#5044,#5045,#5046,#5047,#5048,#5049,#5050,#5051,
    #5052,#5053,#5054,#5055,#5056,#5057,#5058,#5059,#5060,#5061,#5062,
    #5063,#5064,#5065,#5066),.UNSPECIFIED.,.F.,.F.,(9,7,7,7,7,7,7,7,7,7,
    7,7,9),(0.,8.213933345228E-03,1.617334898683E-02,3.169682549793E-02,
    6.276033574422E-02,0.125340181738,0.250309580565,0.375508566061,
    0.501206853413,0.626247026664,0.751013526815,0.87556856028,1.),
  .UNSPECIFIED.);
#4981 = CARTESIAN_POINT('',(38.199027987948,31.666228067138,
    1.055782875446E+03));
#4982 = CARTESIAN_POINT('',(38.205022153084,31.666228067258,
    1.055788829211E+03));
#4983 = CARTESIAN_POINT('',(38.21102004516,31.666238257106,
    1.055794787675E+03));
#4984 = CARTESIAN_POINT('',(38.217023474563,31.666258663263,
    1.055800750165E+03));
#4985 = CARTESIAN_POINT('',(38.223030140319,31.666289312248,
    1.055806717461E+03));
#4986 = CARTESIAN_POINT('',(38.229042110412,31.666330230519,
    1.055812688798E+03));
#4987 = CARTESIAN_POINT('',(38.235057967271,31.666381444467,
    1.055818664644E+03));
#4988 = CARTESIAN_POINT('',(38.241078323525,31.66644298042,
    1.055824644747E+03));
#4989 = CARTESIAN_POINT('',(38.252940941212,31.666584521444,
    1.055836428114E+03));
#4990 = CARTESIAN_POINT('',(38.258782963382,31.666663895145,
    1.055842231108E+03));
#4991 = CARTESIAN_POINT('',(38.264629015852,31.666753009637,
    1.055848038105E+03));
#4992 = CARTESIAN_POINT('',(38.270479075272,31.666851888754,
    1.055853849082E+03));
#4993 = CARTESIAN_POINT('',(38.276333118136,31.666960556268,
    1.055859664016E+03));
#4994 = CARTESIAN_POINT('',(38.282191120781,31.66707903589,
    1.055865482883E+03));
#4995 = CARTESIAN_POINT('',(38.288053059389,31.667207351269,
    1.05587130566E+03));
#4996 = CARTESIAN_POINT('',(38.305359246564,31.667615012115,
    1.055888496231E+03));
#4997 = CARTESIAN_POINT('',(38.316814463491,31.667922000989,
    1.05589987492E+03));
#4998 = CARTESIAN_POINT('',(38.328284382902,31.668266667651,
    1.055911268213E+03));
#4999 = CARTESIAN_POINT('',(38.339768824674,31.668649186133,
    1.055922675932E+03));
#5000 = CARTESIAN_POINT('',(38.351267606423,31.669069729455,
    1.055934097895E+03));
#5001 = CARTESIAN_POINT('',(38.362780543507,31.669528469632,
    1.055945533919E+03));
#5002 = CARTESIAN_POINT('',(38.374307449023,31.670025577667,
    1.055956983818E+03));
#5003 = CARTESIAN_POINT('',(38.408941812592,31.671633086657,
    1.055991386805E+03));
#5004 = CARTESIAN_POINT('',(38.432090667417,31.672859264238,
    1.056014381014E+03));
#5005 = CARTESIAN_POINT('',(38.455293182302,31.674241120342,
    1.056037428525E+03));
#5006 = CARTESIAN_POINT('',(38.478547805342,31.675779999137,
    1.056060527796E+03));
#5007 = CARTESIAN_POINT('',(38.501852948705,31.677477224917,
    1.056083677252E+03));
#5008 = CARTESIAN_POINT('',(38.525206988637,31.679334102105,
    1.056106875277E+03));
#5009 = CARTESIAN_POINT('',(38.548608265461,31.681351915252,
    1.056130120225E+03));
#5010 = CARTESIAN_POINT('',(38.619290513659,31.687923735558,
    1.056200330292E+03));
#5011 = CARTESIAN_POINT('',(38.666710788845,31.692973789074,
    1.056247433787E+03));
#5012 = CARTESIAN_POINT('',(38.714302021657,31.698692494753,
    1.0562947071E+03));
#5013 = CARTESIAN_POINT('',(38.762049764075,31.70508980351,
    1.05634213588E+03));
#5014 = CARTESIAN_POINT('',(38.80993900754,31.712175212004,
    1.056389705219E+03));
#5015 = CARTESIAN_POINT('',(38.857954182949,31.719957762641,
    1.056437399651E+03));
#5016 = CARTESIAN_POINT('',(38.906079160657,31.728446043572,
    1.056485203155E+03));
#5017 = CARTESIAN_POINT('',(39.050586808269,31.756024497,
    1.056628745505E+03));
#5018 = CARTESIAN_POINT('',(39.147247667223,31.777247379313,
    1.056724760689E+03));
#5019 = CARTESIAN_POINT('',(39.244147415257,31.801381033804,
    1.056821013179E+03));
#5020 = CARTESIAN_POINT('',(39.341144895785,31.828480906839,
    1.056917362761E+03));
#5021 = CARTESIAN_POINT('',(39.438091366247,31.858592509896,
    1.057013661685E+03));
#5022 = CARTESIAN_POINT('',(39.534831656645,31.891750236472,
    1.057109755819E+03));
#5023 = CARTESIAN_POINT('',(39.63120532807,31.927976178993,
    1.057205485794E+03));
#5024 = CARTESIAN_POINT('',(39.8230664108,32.006653917264,
    1.057396065426E+03));
#5025 = CARTESIAN_POINT('',(39.918551869895,32.049116973573,
    1.057490913145E+03));
#5026 = CARTESIAN_POINT('',(40.013339087388,32.09467716386,
    1.057585067296E+03));
#5027 = CARTESIAN_POINT('',(40.107258902979,32.143329730458,
    1.057678359851E+03));
#5028 = CARTESIAN_POINT('',(40.200140010014,32.195055732489,
    1.057770620645E+03));
#5029 = CARTESIAN_POINT('',(40.291810848295,32.24982166953,
    1.057861679265E+03));
#5030 = CARTESIAN_POINT('',(40.382101496891,32.307579105281,
    1.057951366922E+03));
#5031 = CARTESIAN_POINT('',(40.559943554235,32.429191493719,
    1.05812802131E+03));
#5032 = CARTESIAN_POINT('',(40.647482652283,32.493069826136,
    1.058214975812E+03));
#5033 = CARTESIAN_POINT('',(40.733294449142,32.559835361486,
    1.058300214558E+03));
#5034 = CARTESIAN_POINT('',(40.817214401976,32.629408549496,
    1.058383574103E+03));
#5035 = CARTESIAN_POINT('',(40.899083777422,32.70169511081,
    1.058464896773E+03));
#5036 = CARTESIAN_POINT('',(40.978751591963,32.776586931188,
    1.058544032591E+03));
#5037 = CARTESIAN_POINT('',(41.056076552296,32.853962955702,
    1.058620841208E+03));
#5038 = CARTESIAN_POINT('',(41.205389536791,33.01299978565,
    1.058769157156E+03));
#5039 = CARTESIAN_POINT('',(41.277403457795,33.094636107351,
    1.058840690212E+03));
#5040 = CARTESIAN_POINT('',(41.346842671616,33.178468466733,
    1.05890966576E+03));
#5041 = CARTESIAN_POINT('',(41.413590759814,33.264354731134,
    1.058975968157E+03));
#5042 = CARTESIAN_POINT('',(41.477543963449,33.352143080556,
    1.059039494337E+03));
#5043 = CARTESIAN_POINT('',(41.538612173921,33.441673871692,
    1.059100154792E+03));
#5044 = CARTESIAN_POINT('',(41.596719923814,33.532781501945,
    1.059157874558E+03));
#5045 = CARTESIAN_POINT('',(41.706774262775,33.717608559612,
    1.059267194074E+03));
#5046 = CARTESIAN_POINT('',(41.758734097526,33.811321967109,
    1.059318806981E+03));
#5047 = CARTESIAN_POINT('',(41.807626819695,33.906267951272,
    1.059367373258E+03));
#5048 = CARTESIAN_POINT('',(41.853407920499,34.002274318456,
    1.059412848692E+03));
#5049 = CARTESIAN_POINT('',(41.89604811758,34.099167182362,
    1.059455204195E+03));
#5050 = CARTESIAN_POINT('',(41.935533027914,34.196772920342,
    1.059494425481E+03));
#5051 = CARTESIAN_POINT('',(41.97186284072,34.294920129707,
    1.059530512736E+03));
#5052 = CARTESIAN_POINT('',(42.038184887757,34.491796054396,
    1.059596391982E+03));
#5053 = CARTESIAN_POINT('',(42.06818773866,34.590523611674,
    1.05962619452E+03));
#5054 = CARTESIAN_POINT('',(42.095074470744,34.689457560985,
    1.059652901745E+03));
#5055 = CARTESIAN_POINT('',(42.118872978862,34.78843563969,
    1.059676541365E+03));
#5056 = CARTESIAN_POINT('',(42.139623868284,34.887301238742,
    1.059697153714E+03));
#5057 = CARTESIAN_POINT('',(42.157379197924,34.985904624039,
    1.059714790503E+03));
#5058 = CARTESIAN_POINT('',(42.172201223563,35.084104157769,
    1.059729513572E+03));
#5059 = CARTESIAN_POINT('',(42.196109190975,35.27933397213,
    1.059753261922E+03));
#5060 = CARTESIAN_POINT('',(42.205200767324,35.376365348463,
    1.0597622928E+03));
#5061 = CARTESIAN_POINT('',(42.211506764906,35.472729297959,
    1.059768556697E+03));
#5062 = CARTESIAN_POINT('',(42.215106758932,35.568302773877,
    1.059772132656E+03));
#5063 = CARTESIAN_POINT('',(42.216087569071,35.662972288773,
    1.059773106918E+03));
#5064 = CARTESIAN_POINT('',(42.214541823467,35.756634169738,
    1.059771571493E+03));
#5065 = CARTESIAN_POINT('',(42.210566522773,35.849194813632,
    1.059767622732E+03));
#5066 = CARTESIAN_POINT('',(42.20426160417,35.940570942328,
    1.059761359907E+03));
#5067 = PCURVE('',#4457,#5068);
#5068 = DEFINITIONAL_REPRESENTATION('',(#5069),#5156);
#5069 = B_SPLINE_CURVE_WITH_KNOTS('',8,(#5070,#5071,#5072,#5073,#5074,
    #5075,#5076,#5077,#5078,#5079,#5080,#5081,#5082,#5083,#5084,#5085,
    #5086,#5087,#5088,#5089,#5090,#5091,#5092,#5093,#5094,#5095,#5096,
    #5097,#5098,#5099,#5100,#5101,#5102,#5103,#5104,#5105,#5106,#5107,
    #5108,#5109,#5110,#5111,#5112,#5113,#5114,#5115,#5116,#5117,#5118,
    #5119,#5120,#5121,#5122,#5123,#5124,#5125,#5126,#5127,#5128,#5129,
    #5130,#5131,#5132,#5133,#5134,#5135,#5136,#5137,#5138,#5139,#5140,
    #5141,#5142,#5143,#5144,#5145,#5146,#5147,#5148,#5149,#5150,#5151,
    #5152,#5153,#5154,#5155),.UNSPECIFIED.,.F.,.F.,(9,7,7,7,7,7,7,7,7,7,
    7,7,9),(0.,8.213933345228E-03,1.617334898683E-02,3.169682549793E-02,
    6.276033574422E-02,0.125340181738,0.250309580565,0.375508566061,
    0.501206853413,0.626247026664,0.751013526815,0.87556856028,1.),
  .UNSPECIFIED.);
#5070 = CARTESIAN_POINT('',(0.,4.497124553628));
#5071 = CARTESIAN_POINT('',(9.68688155275E-02,4.491170788629));
#5072 = CARTESIAN_POINT('',(0.193726356029,4.485212324431));
#5073 = CARTESIAN_POINT('',(0.29060242729,4.479249834556));
#5074 = CARTESIAN_POINT('',(0.387460064818,4.473282538465));
#5075 = CARTESIAN_POINT('',(0.484333263873,4.467311201285));
#5076 = CARTESIAN_POINT('',(0.58119941325,4.461335355463));
#5077 = CARTESIAN_POINT('',(0.678068877353,4.455355251764));
#5078 = CARTESIAN_POINT('',(0.868806940204,4.443571884355));
#5079 = CARTESIAN_POINT('',(0.962675883797,4.437768890786));
#5080 = CARTESIAN_POINT('',(1.05654555173,4.4319618938));
#5081 = CARTESIAN_POINT('',(1.15041594725,4.426150916591));
#5082 = CARTESIAN_POINT('',(1.244287073629,4.420335982507));
#5083 = CARTESIAN_POINT('',(1.338158934161,4.414517115053));
#5084 = CARTESIAN_POINT('',(1.432031532162,4.408694337889));
#5085 = CARTESIAN_POINT('',(1.708988734865,4.391503766823));
#5086 = CARTESIAN_POINT('',(1.892075416628,4.380125077717));
#5087 = CARTESIAN_POINT('',(2.075164941032,4.368731784185));
#5088 = CARTESIAN_POINT('',(2.258257333169,4.357324065147));
#5089 = CARTESIAN_POINT('',(2.441352618452,4.345902101767));
#5090 = CARTESIAN_POINT('',(2.624450822618,4.334466077453));
#5091 = CARTESIAN_POINT('',(2.807551971726,4.323016177858));
#5092 = CARTESIAN_POINT('',(3.357059630501,4.288613189947));
#5093 = CARTESIAN_POINT('',(3.723475066737,4.265618980914));
#5094 = CARTESIAN_POINT('',(4.089902612378,4.242571469628));
#5095 = CARTESIAN_POINT('',(4.456342483905,4.219472197624));
#5096 = CARTESIAN_POINT('',(4.822794902773,4.196322742119));
#5097 = CARTESIAN_POINT('',(5.189260095405,4.173124716014));
#5098 = CARTESIAN_POINT('',(5.555738293194,4.149879767897));
#5099 = CARTESIAN_POINT('',(6.660555106828,4.079669699746));
#5100 = CARTESIAN_POINT('',(7.398934216238,4.0325662044));
#5101 = CARTESIAN_POINT('',(8.137369001805,3.985292890663));
#5102 = CARTESIAN_POINT('',(8.875861473991,3.937864109999));
#5103 = CARTESIAN_POINT('',(9.614413712663,3.890294770675));
#5104 = CARTESIAN_POINT('',(10.353027867083,3.842600337762));
#5105 = CARTESIAN_POINT('',(11.091706155912,3.794796833134));
#5106 = CARTESIAN_POINT('',(13.305693910593,3.651254482558));
#5107 = CARTESIAN_POINT('',(14.781201642453,3.555239297152));
#5108 = CARTESIAN_POINT('',(16.256992406303,3.458986806656));
#5109 = CARTESIAN_POINT('',(17.733085274983,3.362637224663));
#5110 = CARTESIAN_POINT('',(19.209499834621,3.266338300164));
#5111 = CARTESIAN_POINT('',(20.686255968584,3.170244166759));
#5112 = CARTESIAN_POINT('',(22.163373641436,3.074514191875));
#5113 = CARTESIAN_POINT('',(25.121086101533,2.883934559709));
#5114 = CARTESIAN_POINT('',(26.601681843171,2.789086841555));
#5115 = CARTESIAN_POINT('',(28.082679814656,2.694932690005));
#5116 = CARTESIAN_POINT('',(29.564099117341,2.601640135855));
#5117 = CARTESIAN_POINT('',(31.045957764649,2.509379342029));
#5118 = CARTESIAN_POINT('',(32.528272399631,2.41832072341));
#5119 = CARTESIAN_POINT('',(34.011058012527,2.328633066663));
#5120 = CARTESIAN_POINT('',(36.98351268183,2.151978679769));
#5121 = CARTESIAN_POINT('',(38.47318538818,2.065024178028));
#5122 = CARTESIAN_POINT('',(39.963358644618,1.979785432699));
#5123 = CARTESIAN_POINT('',(41.454042977354,1.896425888463));
#5124 = CARTESIAN_POINT('',(42.945246340924,1.815103219407));
#5125 = CARTESIAN_POINT('',(44.436973887536,1.735967401589));
#5126 = CARTESIAN_POINT('',(45.929227736423,1.659158785615));
#5127 = CARTESIAN_POINT('',(48.906970059423,1.51084283818));
#5128 = CARTESIAN_POINT('',(50.392453524231,1.439309782877));
#5129 = CARTESIAN_POINT('',(51.878455558288,1.370334235899));
#5130 = CARTESIAN_POINT('',(53.364972041803,1.30403183914));
#5131 = CARTESIAN_POINT('',(54.851996235679,1.240505659544));
#5132 = CARTESIAN_POINT('',(56.33951870267,1.179845204856));
#5133 = CARTESIAN_POINT('',(57.827527228533,1.12212543938));
#5134 = CARTESIAN_POINT('',(60.801228450451,1.01280592394));
#5135 = CARTESIAN_POINT('',(62.286920165978,0.961193016751));
#5136 = CARTESIAN_POINT('',(63.773066772864,0.912626740169));
#5137 = CARTESIAN_POINT('',(65.25965187654,0.8671513065));
#5138 = CARTESIAN_POINT('',(66.746657842162,0.824795803243));
#5139 = CARTESIAN_POINT('',(68.234065831995,0.785574517989));
#5140 = CARTESIAN_POINT('',(69.721855842795,0.749487263316));
#5141 = CARTESIAN_POINT('',(72.69563537726,0.683608016755));
#5142 = CARTESIAN_POINT('',(74.181624758009,0.653805479081));
#5143 = CARTESIAN_POINT('',(75.667954142119,0.627098254458));
#5144 = CARTESIAN_POINT('',(77.154603195945,0.603458634672));
#5145 = CARTESIAN_POINT('',(78.641552048532,0.582846285886));
#5146 = CARTESIAN_POINT('',(80.128781344644,0.565209497023));
#5147 = CARTESIAN_POINT('',(81.616272297777,0.550486428153));
#5148 = CARTESIAN_POINT('',(84.590264936179,0.526738077993));
#5149 = CARTESIAN_POINT('',(86.076766711774,0.517707199744));
#5150 = CARTESIAN_POINT('',(87.563494389556,0.511443302824));
#5151 = CARTESIAN_POINT('',(89.050431674725,0.507867343385));
#5152 = CARTESIAN_POINT('',(90.537563667209,0.506893081441));
#5153 = CARTESIAN_POINT('',(92.02487687077,0.508428507261));
#5154 = CARTESIAN_POINT('',(93.512359202115,0.512377267763));
#5155 = CARTESIAN_POINT('',(95.,0.518640092911));
#5156 = ( GEOMETRIC_REPRESENTATION_CONTEXT(2) 
PARAMETRIC_REPRESENTATION_CONTEXT() REPRESENTATION_CONTEXT('2D SPACE',''
  ) );
#5157 = PCURVE('',#5158,#5192);
#5158 = ( BOUNDED_SURFACE() B_SPLINE_SURFACE(2,4,(
    (#5159,#5160,#5161,#5162,#5163,#5164,#5165,#5166,#5167,#5168,#5169)
    ,(#5170,#5171,#5172,#5173,#5174,#5175,#5176,#5177,#5178,#5179,#5180)
    ,(#5181,#5182,#5183,#5184,#5185,#5186,#5187,#5188,#5189,#5190,#5191
)),.UNSPECIFIED.,.F.,.F.,.F.) B_SPLINE_SURFACE_WITH_KNOTS((3,3),(5,3,3,5
    ),(0.,85.),(-4.311824390444,-1.865174716774E-14,85.,89.345160116542)
,.UNSPECIFIED.) GEOMETRIC_REPRESENTATION_ITEM() 
RATIONAL_B_SPLINE_SURFACE((
    (1.,1.,1.,1.,1.,1.,1.,1.,1.,1.,1.)
    ,(0.684695460082,0.684962243602,0.685051171442,0.684962243602
      ,0.679436294321,0.674138007864,0.668807538391,0.663178404453
      ,0.663087149787,0.663178404453,0.663452168452)
,(1.,1.,1.,1.,1.,1.,1.,1.,1.,1.,1.
  ))) REPRESENTATION_ITEM('') SURFACE() );
#5159 = CARTESIAN_POINT('',(-46.84516398585,35.903984099741,
    1.060025725065E+03));
#5160 = CARTESIAN_POINT('',(-45.75053809053,35.906951943772,
    1.060022400275E+03));
#5161 = CARTESIAN_POINT('',(-44.66146879445,35.909904722273,
    1.060019092362E+03));
#5162 = CARTESIAN_POINT('',(-43.57795609761,35.912842435243,
    1.060015801327E+03));
#5163 = CARTESIAN_POINT('',(-21.25,35.973379913403,1.059947982932E+03));
#5164 = CARTESIAN_POINT('',(7.105427357601E-14,36.030833278604,
    1.059881221883E+03));
#5165 = CARTESIAN_POINT('',(21.25,36.088029319767,1.059812262193E+03));
#5166 = CARTESIAN_POINT('',(43.586290029136,36.147783897646,
    1.059737507639E+03));
#5167 = CARTESIAN_POINT('',(44.672580058271,36.15068996674,
    1.05973387207E+03));
#5168 = CARTESIAN_POINT('',(45.758870087407,36.153596035835,
    1.059730236501E+03));
#5169 = CARTESIAN_POINT('',(46.845160116542,36.15650210493,
    1.059726600932E+03));
#5170 = CARTESIAN_POINT('',(-46.84519999811,31.666228067138,
    1.060278020902E+03));
#5171 = CARTESIAN_POINT('',(-45.74929004908,31.666228067138,
    1.060278053145E+03));
#5172 = CARTESIAN_POINT('',(-44.66035245532,31.666228067138,
    1.060278085182E+03));
#5173 = CARTESIAN_POINT('',(-43.5775362483,31.666228067138,
    1.060278117039E+03));
#5174 = CARTESIAN_POINT('',(-21.08551471514,31.666228067138,
    1.060278778771E+03));
#5175 = CARTESIAN_POINT('',(0.223507273657,31.666228067138,
    1.060279455073E+03));
#5176 = CARTESIAN_POINT('',(21.420155993578,31.666228067138,
    1.060280178231E+03));
#5177 = CARTESIAN_POINT('',(43.586738456135,31.666228067138,
    1.06028098775E+03));
#5178 = CARTESIAN_POINT('',(44.673782678589,31.666228067138,
    1.060281027449E+03));
#5179 = CARTESIAN_POINT('',(45.760235316916,31.666228067138,
    1.060281067126E+03));
#5180 = CARTESIAN_POINT('',(46.845199997102,31.666228067138,
    1.060281106749E+03));
#5181 = CARTESIAN_POINT('',(-46.84518213074,31.666228067138,
    1.056032779913E+03));
#5182 = CARTESIAN_POINT('',(-45.75054716298,31.666228067138,
    1.056029640605E+03));
#5183 = CARTESIAN_POINT('',(-44.6614718186,31.666228067138,
    1.056026517241E+03));
#5184 = CARTESIAN_POINT('',(-43.57795609761,31.666228067138,
    1.056023409822E+03));
#5185 = CARTESIAN_POINT('',(-21.25,31.666228067138,1.055959375382E+03));
#5186 = CARTESIAN_POINT('',(1.42108547152E-14,31.666228067138,
    1.055897318515E+03));
#5187 = CARTESIAN_POINT('',(21.25,31.666228067138,1.055834151787E+03));
#5188 = CARTESIAN_POINT('',(43.586290029136,31.666228067138,
    1.055766599362E+03));
#5189 = CARTESIAN_POINT('',(44.672583393552,31.666228067138,
    1.055763314046E+03));
#5190 = CARTESIAN_POINT('',(45.758880093249,31.666228067138,
    1.055760028721E+03));
#5191 = CARTESIAN_POINT('',(46.845180128227,31.666228067138,
    1.055756743386E+03));
#5192 = DEFINITIONAL_REPRESENTATION('',(#5193),#5280);
#5193 = B_SPLINE_CURVE_WITH_KNOTS('',8,(#5194,#5195,#5196,#5197,#5198,
    #5199,#5200,#5201,#5202,#5203,#5204,#5205,#5206,#5207,#5208,#5209,
    #5210,#5211,#5212,#5213,#5214,#5215,#5216,#5217,#5218,#5219,#5220,
    #5221,#5222,#5223,#5224,#5225,#5226,#5227,#5228,#5229,#5230,#5231,
    #5232,#5233,#5234,#5235,#5236,#5237,#5238,#5239,#5240,#5241,#5242,
    #5243,#5244,#5245,#5246,#5247,#5248,#5249,#5250,#5251,#5252,#5253,
    #5254,#5255,#5256,#5257,#5258,#5259,#5260,#5261,#5262,#5263,#5264,
    #5265,#5266,#5267,#5268,#5269,#5270,#5271,#5272,#5273,#5274,#5275,
    #5276,#5277,#5278,#5279),.UNSPECIFIED.,.F.,.F.,(9,7,7,7,7,7,7,7,7,7,
    7,7,9),(0.,8.213933345228E-03,1.617334898683E-02,3.169682549793E-02,
    6.276033574422E-02,0.125340181738,0.250309580565,0.375508566061,
    0.501206853413,0.626247026664,0.751013526815,0.87556856028,1.),
  .UNSPECIFIED.);
#5194 = CARTESIAN_POINT('',(84.999997368506,80.699027988235));
#5195 = CARTESIAN_POINT('',(84.915089201273,80.705022152488));
#5196 = CARTESIAN_POINT('',(84.830169357467,80.711020046334));
#5197 = CARTESIAN_POINT('',(84.745272000847,80.717023473584));
#5198 = CARTESIAN_POINT('',(84.660354753201,80.723030141418));
#5199 = CARTESIAN_POINT('',(84.57545657905,80.729042110325));
#5200 = CARTESIAN_POINT('',(84.490551555621,80.735057967719));
#5201 = CARTESIAN_POINT('',(84.405651557816,80.741078323945));
#5202 = CARTESIAN_POINT('',(84.238485537304,80.752940941748));
#5203 = CARTESIAN_POINT('',(84.156219835014,80.758782963974));
#5204 = CARTESIAN_POINT('',(84.073956106177,80.764629016501));
#5205 = CARTESIAN_POINT('',(83.991694350256,80.770479075977));
#5206 = CARTESIAN_POINT('',(83.909434566687,80.776333118896));
#5207 = CARTESIAN_POINT('',(83.827176754884,80.782191121596));
#5208 = CARTESIAN_POINT('',(83.744920914234,80.788053060258));
#5209 = CARTESIAN_POINT('',(83.502244963071,80.805359247592));
#5210 = CARTESIAN_POINT('',(83.341830377444,80.816814464624));
#5211 = CARTESIAN_POINT('',(83.181423282474,80.828284384138));
#5212 = CARTESIAN_POINT('',(83.021023673043,80.839768826011));
#5213 = CARTESIAN_POINT('',(82.860631543651,80.85126760786));
#5214 = CARTESIAN_POINT('',(82.700246888422,80.862780545042));
#5215 = CARTESIAN_POINT('',(82.539869701098,80.874307450656));
#5216 = CARTESIAN_POINT('',(82.058589473792,80.908941814512));
#5217 = CARTESIAN_POINT('',(81.737708849395,80.932090669523));
#5218 = CARTESIAN_POINT('',(81.416858048756,80.955293184589));
#5219 = CARTESIAN_POINT('',(81.096037012511,80.978547807804));
#5220 = CARTESIAN_POINT('',(80.775245675034,81.001852951337));
#5221 = CARTESIAN_POINT('',(80.454483964434,81.025206991434));
#5222 = CARTESIAN_POINT('',(80.133751802556,81.048608268416));
#5223 = CARTESIAN_POINT('',(79.166968695371,81.119290517077));
#5224 = CARTESIAN_POINT('',(78.521007867872,81.166710792551));
#5225 = CARTESIAN_POINT('',(77.875165931089,81.214302025628));
#5226 = CARTESIAN_POINT('',(77.229442089167,81.262049768291));
#5227 = CARTESIAN_POINT('',(76.583835441793,81.30993901198));
#5228 = CARTESIAN_POINT('',(75.938344984198,81.357954187593));
#5229 = CARTESIAN_POINT('',(75.292969607156,81.406079165485));
#5230 = CARTESIAN_POINT('',(73.359147191592,81.550586813592));
#5231 = CARTESIAN_POINT('',(72.071040519685,81.647247672799));
#5232 = CARTESIAN_POINT('',(70.783378253116,81.744147421014));
#5233 = CARTESIAN_POINT('',(69.496149083429,81.841144901656));
#5234 = CARTESIAN_POINT('',(68.209340295802,81.938091372172));
#5235 = CARTESIAN_POINT('',(66.922937842987,82.034831662568));
#5236 = CARTESIAN_POINT('',(65.636926419256,82.131205333942));
#5237 = CARTESIAN_POINT('',(63.063290750494,82.323066416485));
#5238 = CARTESIAN_POINT('',(61.775668268685,82.418551875444));
#5239 = CARTESIAN_POINT('',(60.488405573164,82.513339092765));
#5240 = CARTESIAN_POINT('',(59.201485517724,82.607258908154));
#5241 = CARTESIAN_POINT('',(57.914890533429,82.700140014964));
#5242 = CARTESIAN_POINT('',(56.628602836331,82.791810853002));
#5243 = CARTESIAN_POINT('',(55.342604635183,82.882101501344));
#5244 = CARTESIAN_POINT('',(52.766024481433,83.059943558167));
#5245 = CARTESIAN_POINT('',(51.475444890298,83.147482655946));
#5246 = CARTESIAN_POINT('',(50.185122120017,83.233294452536));
#5247 = CARTESIAN_POINT('',(48.895039247842,83.317214405103));
#5248 = CARTESIAN_POINT('',(47.605180158125,83.39908378029));
#5249 = CARTESIAN_POINT('',(46.315529826414,83.478751594582));
#5250 = CARTESIAN_POINT('',(45.026074603554,83.556076554677));
#5251 = CARTESIAN_POINT('',(42.45428059262,83.705389538726));
#5252 = CARTESIAN_POINT('',(41.171939485891,83.777403459522));
#5253 = CARTESIAN_POINT('',(39.889767813296,83.846842673149));
#5254 = CARTESIAN_POINT('',(38.607755286964,83.91359076117));
#5255 = CARTESIAN_POINT('',(37.32589294441,83.977543964643));
#5256 = CARTESIAN_POINT('',(36.044173395484,84.03861217497));
#5257 = CARTESIAN_POINT('',(34.762591069317,84.096719924733));
#5258 = CARTESIAN_POINT('',(32.202498535934,84.206774263465));
#5259 = CARTESIAN_POINT('',(30.923986821582,84.258734098115));
#5260 = CARTESIAN_POINT('',(29.645603967126,84.307626820196));
#5261 = CARTESIAN_POINT('',(28.367347362671,84.353407920926));
#5262 = CARTESIAN_POINT('',(27.089215296997,84.396048117944));
#5263 = CARTESIAN_POINT('',(25.81120711504,84.435533028223));
#5264 = CARTESIAN_POINT('',(24.53332337536,84.471862840983));
#5265 = CARTESIAN_POINT('',(21.979974310305,84.538184887943));
#5266 = CARTESIAN_POINT('',(20.704507633829,84.568187738814));
#5267 = CARTESIAN_POINT('',(19.42916762463,84.595074470873));
#5268 = CARTESIAN_POINT('',(18.153955995334,84.618872978971));
#5269 = CARTESIAN_POINT('',(16.878874599355,84.639623868376));
#5270 = CARTESIAN_POINT('',(15.60392550548,84.657379198002));
#5271 = CARTESIAN_POINT('',(14.329111072463,84.67220122363));
#5272 = CARTESIAN_POINT('',(11.781021814133,84.696109191023));
#5273 = CARTESIAN_POINT('',(10.507746224632,84.705200767365));
#5274 = CARTESIAN_POINT('',(9.234609557393,84.711506764941));
#5275 = CARTESIAN_POINT('',(7.961613819428,84.715106758962));
#5276 = CARTESIAN_POINT('',(6.68876074144,84.716087569095));
#5277 = CARTESIAN_POINT('',(5.416051796768,84.714541823488));
#5278 = CARTESIAN_POINT('',(4.143488220339,84.710566522791));
#5279 = CARTESIAN_POINT('',(2.871071027611,84.704261604183));
#5280 = ( GEOMETRIC_REPRESENTATION_CONTEXT(2) 
PARAMETRIC_REPRESENTATION_CONTEXT() REPRESENTATION_CONTEXT('2D SPACE',''
  ) );
#5281 = ORIENTED_EDGE('',*,*,#5282,.T.);
#5282 = EDGE_CURVE('',#4977,#5283,#5285,.T.);
#5283 = VERTEX_POINT('',#5284);
#5284 = CARTESIAN_POINT('',(41.809635238855,36.261467709641,
    965.57121182163));
#5285 = SURFACE_CURVE('',#5286,(#5298,#5305),.PCURVE_S1.);
#5286 = B_SPLINE_CURVE_WITH_KNOTS('',4,(#5287,#5288,#5289,#5290,#5291,
    #5292,#5293,#5294,#5295,#5296,#5297),.UNSPECIFIED.,.F.,.F.,(5,3,3,5)
  ,(-4.600187005188,2.28172595511E-13,95.,99.651127419771),
  .UNSPECIFIED.);
#5287 = CARTESIAN_POINT('',(42.224479468239,35.922773268483,
    1.064931136873E+03));
#5288 = CARTESIAN_POINT('',(42.219882442193,35.926820180632,
    1.063755615188E+03));
#5289 = CARTESIAN_POINT('',(42.215318623796,35.930837859004,
    1.062588585147E+03));
#5290 = CARTESIAN_POINT('',(42.210788013049,35.934826303597,
    1.061430046751E+03));
#5291 = CARTESIAN_POINT('',(42.113413234776,36.020548500792,1.03653E+03)
  );
#5292 = CARTESIAN_POINT('',(42.016072239229,36.101924023561,1.01278E+03)
  );
#5293 = CARTESIAN_POINT('',(41.914331102828,36.182637955654,989.03));
#5294 = CARTESIAN_POINT('',(41.803146363685,36.266353692395,
    964.11721814505));
#5295 = CARTESIAN_POINT('',(41.797956915234,36.27026104968,
    962.95443629011));
#5296 = CARTESIAN_POINT('',(41.792767466782,36.274168406964,
    961.79165443517));
#5297 = CARTESIAN_POINT('',(41.78757801833,36.278075764249,
    960.62887258022));
#5298 = PCURVE('',#4457,#5299);
#5299 = DEFINITIONAL_REPRESENTATION('',(#5300),#5304);
#5300 = LINE('',#5301,#5302);
#5301 = CARTESIAN_POINT('',(95.,0.));
#5302 = VECTOR('',#5303,1.);
#5303 = DIRECTION('',(0.,1.));
#5304 = ( GEOMETRIC_REPRESENTATION_CONTEXT(2) 
PARAMETRIC_REPRESENTATION_CONTEXT() REPRESENTATION_CONTEXT('2D SPACE',''
  ) );
#5305 = PCURVE('',#5306,#5311);
#5306 = B_SPLINE_SURFACE_WITH_KNOTS('',1,1,(
    (#5307,#5308)
    ,(#5309,#5310
    )),.UNSPECIFIED.,.F.,.F.,.F.,(2,2),(2,2),(0.,95.),(0.,1.),
  .PIECEWISE_BEZIER_KNOTS.);
#5307 = CARTESIAN_POINT('',(42.5,31.666228067138,1.06028E+03));
#5308 = CARTESIAN_POINT('',(28.43241741755,235.,1.035858077038E+03));
#5309 = CARTESIAN_POINT('',(42.5,31.666228067138,965.28));
#5310 = CARTESIAN_POINT('',(11.952197967066,235.,978.16576934617));
#5311 = DEFINITIONAL_REPRESENTATION('',(#5312),#5318);
#5312 = B_SPLINE_CURVE_WITH_KNOTS('',4,(#5313,#5314,#5315,#5316,#5317),
  .UNSPECIFIED.,.F.,.F.,(5,5),(2.28172595511E-13,95.),
  .PIECEWISE_BEZIER_KNOTS.);
#5313 = CARTESIAN_POINT('',(-0.517436269345,2.101253228453E-02));
#5314 = CARTESIAN_POINT('',(23.420192228356,2.141464446492E-02));
#5315 = CARTESIAN_POINT('',(47.368032629573,2.181485109069E-02));
#5316 = CARTESIAN_POINT('',(71.326017088577,2.221180399883E-02));
#5317 = CARTESIAN_POINT('',(95.293882633843,2.260430337903E-02));
#5318 = ( GEOMETRIC_REPRESENTATION_CONTEXT(2) 
PARAMETRIC_REPRESENTATION_CONTEXT() REPRESENTATION_CONTEXT('2D SPACE',''
  ) );
#5319 = ORIENTED_EDGE('',*,*,#5320,.F.);
#5320 = EDGE_CURVE('',#4620,#5283,#5321,.T.);
#5321 = SURFACE_CURVE('',#5322,(#5328,#5337),.PCURVE_S1.);
#5322 = B_SPLINE_CURVE_WITH_KNOTS('',4,(#5323,#5324,#5325,#5326,#5327),
  .UNSPECIFIED.,.F.,.F.,(5,5),(0.,1.),.PIECEWISE_BEZIER_KNOTS.);
#5323 = CARTESIAN_POINT('',(41.846183541235,35.917537708698,
    965.54945950441));
#5324 = CARTESIAN_POINT('',(41.840670819835,36.005457023584,
    965.55500999818));
#5325 = CARTESIAN_POINT('',(41.832641858258,36.092167226511,
    965.56049036444));
#5326 = CARTESIAN_POINT('',(41.822244794632,36.177534038885,
    965.56589273574));
#5327 = CARTESIAN_POINT('',(41.809636622059,36.261458502692,
    965.57121123816));
#5328 = PCURVE('',#4457,#5329);
#5329 = DEFINITIONAL_REPRESENTATION('',(#5330),#5336);
#5330 = B_SPLINE_CURVE_WITH_KNOTS('',4,(#5331,#5332,#5333,#5334,#5335),
  .UNSPECIFIED.,.F.,.F.,(5,5),(0.,1.),.PIECEWISE_BEZIER_KNOTS.);
#5331 = CARTESIAN_POINT('',(89.680112858892,94.730540495623));
#5332 = CARTESIAN_POINT('',(91.009927101772,94.724990001843));
#5333 = CARTESIAN_POINT('',(92.339827500034,94.719509635579));
#5334 = CARTESIAN_POINT('',(93.669805190708,94.714107264262));
#5335 = CARTESIAN_POINT('',(94.999854086981,94.708788761836));
#5336 = ( GEOMETRIC_REPRESENTATION_CONTEXT(2) 
PARAMETRIC_REPRESENTATION_CONTEXT() REPRESENTATION_CONTEXT('2D SPACE',''
  ) );
#5337 = PCURVE('',#4261,#5338);
#5338 = DEFINITIONAL_REPRESENTATION('',(#5339),#5345);
#5339 = B_SPLINE_CURVE_WITH_KNOTS('',4,(#5340,#5341,#5342,#5343,#5344),
  .UNSPECIFIED.,.F.,.F.,(5,5),(0.,1.),.PIECEWISE_BEZIER_KNOTS.);
#5340 = CARTESIAN_POINT('',(1.528973645517E-02,2.090803510478E-02));
#5341 = CARTESIAN_POINT('',(7.512034832018E-03,2.134042424531E-02));
#5342 = CARTESIAN_POINT('',(2.457350530356E-03,2.17668669464E-02));
#5343 = CARTESIAN_POINT('',(2.021666533088E-07,2.218670282296E-02));
#5344 = CARTESIAN_POINT('',(0.,2.259944519728E-02));
#5345 = ( GEOMETRIC_REPRESENTATION_CONTEXT(2) 
PARAMETRIC_REPRESENTATION_CONTEXT() REPRESENTATION_CONTEXT('2D SPACE',''
  ) );
#5346 = ADVANCED_FACE('',(#5347),#4371,.F.);
#5347 = FACE_BOUND('',#5348,.F.);
#5348 = EDGE_LOOP('',(#5349,#5380,#5381));
#5349 = ORIENTED_EDGE('',*,*,#5350,.T.);
#5350 = EDGE_CURVE('',#4620,#4158,#5351,.T.);
#5351 = SURFACE_CURVE('',#5352,(#5364,#5371),.PCURVE_S1.);
#5352 = B_SPLINE_CURVE_WITH_KNOTS('',4,(#5353,#5354,#5355,#5356,#5357,
    #5358,#5359,#5360,#5361,#5362,#5363),.UNSPECIFIED.,.F.,.F.,(5,3,3,5)
  ,(-4.311824390444,-2.382035538391E-14,85.,89.345160116542),
  .UNSPECIFIED.);
#5353 = CARTESIAN_POINT('',(46.845163985856,35.903984099741,
    965.53427493492));
#5354 = CARTESIAN_POINT('',(45.750538090539,35.906951943772,
    965.5375997252));
#5355 = CARTESIAN_POINT('',(44.661468794457,35.909904722273,
    965.540907638));
#5356 = CARTESIAN_POINT('',(43.577956097611,35.912842435243,
    965.54419867332));
#5357 = CARTESIAN_POINT('',(21.25,35.973379913403,965.61201706835));
#5358 = CARTESIAN_POINT('',(2.84217094304E-14,36.030833278604,
    965.67877811684));
#5359 = CARTESIAN_POINT('',(-21.25,36.088029319767,965.74773780651));
#5360 = CARTESIAN_POINT('',(-43.58629002913,36.147783897646,
    965.82249236077));
#5361 = CARTESIAN_POINT('',(-44.67258005827,36.15068996674,
    965.82612792992));
#5362 = CARTESIAN_POINT('',(-45.7588700874,36.153596035835,
    965.82976349907));
#5363 = CARTESIAN_POINT('',(-46.84516011654,36.15650210493,
    965.83339906822));
#5364 = PCURVE('',#4371,#5365);
#5365 = DEFINITIONAL_REPRESENTATION('',(#5366),#5370);
#5366 = LINE('',#5367,#5368);
#5367 = CARTESIAN_POINT('',(85.,0.));
#5368 = VECTOR('',#5369,1.);
#5369 = DIRECTION('',(0.,1.));
#5370 = ( GEOMETRIC_REPRESENTATION_CONTEXT(2) 
PARAMETRIC_REPRESENTATION_CONTEXT() REPRESENTATION_CONTEXT('2D SPACE',''
  ) );
#5371 = PCURVE('',#4261,#5372);
#5372 = DEFINITIONAL_REPRESENTATION('',(#5373),#5379);
#5373 = B_SPLINE_CURVE_WITH_KNOTS('',4,(#5374,#5375,#5376,#5377,#5378),
  .UNSPECIFIED.,.F.,.F.,(5,5),(-2.382035538391E-14,85.),
  .PIECEWISE_BEZIER_KNOTS.);
#5374 = CARTESIAN_POINT('',(-0.645509300558,2.089931729072E-02));
#5375 = CARTESIAN_POINT('',(20.831335146784,2.118266830602E-02));
#5376 = CARTESIAN_POINT('',(42.316816810483,2.14652252303E-02));
#5377 = CARTESIAN_POINT('',(63.81090331395,2.174651662926E-02));
#5378 = CARTESIAN_POINT('',(85.313478151451,2.202609885628E-02));
#5379 = ( GEOMETRIC_REPRESENTATION_CONTEXT(2) 
PARAMETRIC_REPRESENTATION_CONTEXT() REPRESENTATION_CONTEXT('2D SPACE',''
  ) );
#5380 = ORIENTED_EDGE('',*,*,#4317,.T.);
#5381 = ORIENTED_EDGE('',*,*,#4619,.T.);
#5382 = ADVANCED_FACE('',(#5383),#4261,.T.);
#5383 = FACE_BOUND('',#5384,.T.);
#5384 = EDGE_LOOP('',(#5385,#5418,#5445,#5472,#5499,#5519,#5520,#5521));
#5385 = ORIENTED_EDGE('',*,*,#5386,.T.);
#5386 = EDGE_CURVE('',#4008,#5387,#5389,.T.);
#5387 = VERTEX_POINT('',#5388);
#5388 = CARTESIAN_POINT('',(-42.19020337584,36.144049025529,
    965.8178201439));
#5389 = SURFACE_CURVE('',#5390,(#5402,#5411),.PCURVE_S1.);
#5390 = B_SPLINE_CURVE_WITH_KNOTS('',4,(#5391,#5392,#5393,#5394,#5395,
    #5396,#5397,#5398,#5399,#5400,#5401),.UNSPECIFIED.,.F.,.F.,(5,3,3,5)
  ,(-4.311824390444,-2.382035538391E-14,85.,89.345160116542),
  .UNSPECIFIED.);
#5391 = CARTESIAN_POINT('',(46.845163985856,35.903984099741,
    965.53427493492));
#5392 = CARTESIAN_POINT('',(45.750538090539,35.906951943772,
    965.5375997252));
#5393 = CARTESIAN_POINT('',(44.661468794457,35.909904722273,
    965.540907638));
#5394 = CARTESIAN_POINT('',(43.577956097611,35.912842435243,
    965.54419867332));
#5395 = CARTESIAN_POINT('',(21.25,35.973379913403,965.61201706835));
#5396 = CARTESIAN_POINT('',(2.84217094304E-14,36.030833278604,
    965.67877811684));
#5397 = CARTESIAN_POINT('',(-21.25,36.088029319767,965.74773780651));
#5398 = CARTESIAN_POINT('',(-43.58629002913,36.147783897646,
    965.82249236077));
#5399 = CARTESIAN_POINT('',(-44.67258005827,36.15068996674,
    965.82612792992));
#5400 = CARTESIAN_POINT('',(-45.7588700874,36.153596035835,
    965.82976349907));
#5401 = CARTESIAN_POINT('',(-46.84516011654,36.15650210493,
    965.83339906822));
#5402 = PCURVE('',#4261,#5403);
#5403 = DEFINITIONAL_REPRESENTATION('',(#5404),#5410);
#5404 = B_SPLINE_CURVE_WITH_KNOTS('',4,(#5405,#5406,#5407,#5408,#5409),
  .UNSPECIFIED.,.F.,.F.,(5,5),(-2.382035538391E-14,85.),
  .PIECEWISE_BEZIER_KNOTS.);
#5405 = CARTESIAN_POINT('',(-0.645509300558,2.089931729072E-02));
#5406 = CARTESIAN_POINT('',(20.831335146784,2.118266830602E-02));
#5407 = CARTESIAN_POINT('',(42.316816810483,2.14652252303E-02));
#5408 = CARTESIAN_POINT('',(63.81090331395,2.174651662926E-02));
#5409 = CARTESIAN_POINT('',(85.313478151451,2.202609885628E-02));
#5410 = ( GEOMETRIC_REPRESENTATION_CONTEXT(2) 
PARAMETRIC_REPRESENTATION_CONTEXT() REPRESENTATION_CONTEXT('2D SPACE',''
  ) );
#5411 = PCURVE('',#4085,#5412);
#5412 = DEFINITIONAL_REPRESENTATION('',(#5413),#5417);
#5413 = LINE('',#5414,#5415);
#5414 = CARTESIAN_POINT('',(85.,0.));
#5415 = VECTOR('',#5416,1.);
#5416 = DIRECTION('',(0.,1.));
#5417 = ( GEOMETRIC_REPRESENTATION_CONTEXT(2) 
PARAMETRIC_REPRESENTATION_CONTEXT() REPRESENTATION_CONTEXT('2D SPACE',''
  ) );
#5418 = ORIENTED_EDGE('',*,*,#5419,.T.);
#5419 = EDGE_CURVE('',#5387,#5420,#5422,.T.);
#5420 = VERTEX_POINT('',#5421);
#5421 = CARTESIAN_POINT('',(-28.43241741754,235.,989.70192296151));
#5422 = SURFACE_CURVE('',#5423,(#5426,#5433),.PCURVE_S1.);
#5423 = B_SPLINE_CURVE_WITH_KNOTS('',1,(#5424,#5425),.UNSPECIFIED.,.F.,
  .F.,(2,2),(0.,1.),.PIECEWISE_BEZIER_KNOTS.);
#5424 = CARTESIAN_POINT('',(-42.5,31.666228067138,965.28));
#5425 = CARTESIAN_POINT('',(-28.43241741754,235.,989.70192296151));
#5426 = PCURVE('',#4261,#5427);
#5427 = DEFINITIONAL_REPRESENTATION('',(#5428),#5432);
#5428 = LINE('',#5429,#5430);
#5429 = CARTESIAN_POINT('',(85.,0.));
#5430 = VECTOR('',#5431,1.);
#5431 = DIRECTION('',(0.,1.));
#5432 = ( GEOMETRIC_REPRESENTATION_CONTEXT(2) 
PARAMETRIC_REPRESENTATION_CONTEXT() REPRESENTATION_CONTEXT('2D SPACE',''
  ) );
#5433 = PCURVE('',#5434,#5439);
#5434 = B_SPLINE_SURFACE_WITH_KNOTS('',1,1,(
    (#5435,#5436)
    ,(#5437,#5438
    )),.UNSPECIFIED.,.F.,.F.,.F.,(2,2),(2,2),(0.,95.),(0.,1.),
  .PIECEWISE_BEZIER_KNOTS.);
#5435 = CARTESIAN_POINT('',(-42.5,31.666228067138,965.28));
#5436 = CARTESIAN_POINT('',(-28.43241741754,235.,989.70192296151));
#5437 = CARTESIAN_POINT('',(-42.5,31.666228067138,1.06028E+03));
#5438 = CARTESIAN_POINT('',(-11.95219796706,235.,1.047394230654E+03));
#5439 = DEFINITIONAL_REPRESENTATION('',(#5440),#5444);
#5440 = LINE('',#5441,#5442);
#5441 = CARTESIAN_POINT('',(0.,0.));
#5442 = VECTOR('',#5443,1.);
#5443 = DIRECTION('',(0.,1.));
#5444 = ( GEOMETRIC_REPRESENTATION_CONTEXT(2) 
PARAMETRIC_REPRESENTATION_CONTEXT() REPRESENTATION_CONTEXT('2D SPACE',''
  ) );
#5445 = ORIENTED_EDGE('',*,*,#5446,.F.);
#5446 = EDGE_CURVE('',#5447,#5420,#5449,.T.);
#5447 = VERTEX_POINT('',#5448);
#5448 = CARTESIAN_POINT('',(-8.240109725242,235.,983.93384615384));
#5449 = SURFACE_CURVE('',#5450,(#5454,#5460),.PCURVE_S1.);
#5450 = LINE('',#5451,#5452);
#5451 = CARTESIAN_POINT('',(11.952197967066,235.,978.16576934617));
#5452 = VECTOR('',#5453,1.);
#5453 = DIRECTION('',(-0.961538461538,0.,0.274670324175));
#5454 = PCURVE('',#4261,#5455);
#5455 = DEFINITIONAL_REPRESENTATION('',(#5456),#5459);
#5456 = B_SPLINE_CURVE_WITH_KNOTS('',1,(#5457,#5458),.UNSPECIFIED.,.F.,
  .F.,(2,2),(0.,42.),.PIECEWISE_BEZIER_KNOTS.);
#5457 = CARTESIAN_POINT('',(0.,1.));
#5458 = CARTESIAN_POINT('',(85.,1.));
#5459 = ( GEOMETRIC_REPRESENTATION_CONTEXT(2) 
PARAMETRIC_REPRESENTATION_CONTEXT() REPRESENTATION_CONTEXT('2D SPACE',''
  ) );
#5460 = PCURVE('',#5461,#5466);
#5461 = PLANE('',#5462);
#5462 = AXIS2_PLACEMENT_3D('',#5463,#5464,#5465);
#5463 = CARTESIAN_POINT('',(11.952197967066,235.,978.16576934617));
#5464 = DIRECTION('',(0.274670324175,-0.,0.961538461538));
#5465 = DIRECTION('',(-0.961538461538,0.,0.274670324175));
#5466 = DEFINITIONAL_REPRESENTATION('',(#5467),#5471);
#5467 = LINE('',#5468,#5469);
#5468 = CARTESIAN_POINT('',(0.,0.));
#5469 = VECTOR('',#5470,1.);
#5470 = DIRECTION('',(1.,0.));
#5471 = ( GEOMETRIC_REPRESENTATION_CONTEXT(2) 
PARAMETRIC_REPRESENTATION_CONTEXT() REPRESENTATION_CONTEXT('2D SPACE',''
  ) );
#5472 = ORIENTED_EDGE('',*,*,#5473,.F.);
#5473 = EDGE_CURVE('',#5474,#5447,#5476,.T.);
#5474 = VERTEX_POINT('',#5475);
#5475 = CARTESIAN_POINT('',(11.952197967066,235.,978.16576934617));
#5476 = SURFACE_CURVE('',#5477,(#5481,#5487),.PCURVE_S1.);
#5477 = LINE('',#5478,#5479);
#5478 = CARTESIAN_POINT('',(11.952197967066,235.,978.16576934617));
#5479 = VECTOR('',#5480,1.);
#5480 = DIRECTION('',(-0.961538461538,0.,0.274670324175));
#5481 = PCURVE('',#4261,#5482);
#5482 = DEFINITIONAL_REPRESENTATION('',(#5483),#5486);
#5483 = B_SPLINE_CURVE_WITH_KNOTS('',1,(#5484,#5485),.UNSPECIFIED.,.F.,
  .F.,(2,2),(0.,42.),.PIECEWISE_BEZIER_KNOTS.);
#5484 = CARTESIAN_POINT('',(0.,1.));
#5485 = CARTESIAN_POINT('',(85.,1.));
#5486 = ( GEOMETRIC_REPRESENTATION_CONTEXT(2) 
PARAMETRIC_REPRESENTATION_CONTEXT() REPRESENTATION_CONTEXT('2D SPACE',''
  ) );
#5487 = PCURVE('',#5488,#5493);
#5488 = PLANE('',#5489);
#5489 = AXIS2_PLACEMENT_3D('',#5490,#5491,#5492);
#5490 = CARTESIAN_POINT('',(11.952197967066,235.,978.16576934617));
#5491 = DIRECTION('',(0.274670324175,-0.,0.961538461538));
#5492 = DIRECTION('',(-0.961538461538,0.,0.274670324175));
#5493 = DEFINITIONAL_REPRESENTATION('',(#5494),#5498);
#5494 = LINE('',#5495,#5496);
#5495 = CARTESIAN_POINT('',(0.,0.));
#5496 = VECTOR('',#5497,1.);
#5497 = DIRECTION('',(1.,0.));
#5498 = ( GEOMETRIC_REPRESENTATION_CONTEXT(2) 
PARAMETRIC_REPRESENTATION_CONTEXT() REPRESENTATION_CONTEXT('2D SPACE',''
  ) );
#5499 = ORIENTED_EDGE('',*,*,#5500,.F.);
#5500 = EDGE_CURVE('',#5283,#5474,#5501,.T.);
#5501 = SURFACE_CURVE('',#5502,(#5505,#5512),.PCURVE_S1.);
#5502 = B_SPLINE_CURVE_WITH_KNOTS('',1,(#5503,#5504),.UNSPECIFIED.,.F.,
  .F.,(2,2),(0.,1.),.PIECEWISE_BEZIER_KNOTS.);
#5503 = CARTESIAN_POINT('',(42.5,31.666228067138,965.28));
#5504 = CARTESIAN_POINT('',(11.952197967066,235.,978.16576934617));
#5505 = PCURVE('',#4261,#5506);
#5506 = DEFINITIONAL_REPRESENTATION('',(#5507),#5511);
#5507 = LINE('',#5508,#5509);
#5508 = CARTESIAN_POINT('',(0.,0.));
#5509 = VECTOR('',#5510,1.);
#5510 = DIRECTION('',(0.,1.));
#5511 = ( GEOMETRIC_REPRESENTATION_CONTEXT(2) 
PARAMETRIC_REPRESENTATION_CONTEXT() REPRESENTATION_CONTEXT('2D SPACE',''
  ) );
#5512 = PCURVE('',#5306,#5513);
#5513 = DEFINITIONAL_REPRESENTATION('',(#5514),#5518);
#5514 = LINE('',#5515,#5516);
#5515 = CARTESIAN_POINT('',(95.,0.));
#5516 = VECTOR('',#5517,1.);
#5517 = DIRECTION('',(0.,1.));
#5518 = ( GEOMETRIC_REPRESENTATION_CONTEXT(2) 
PARAMETRIC_REPRESENTATION_CONTEXT() REPRESENTATION_CONTEXT('2D SPACE',''
  ) );
#5519 = ORIENTED_EDGE('',*,*,#5320,.F.);
#5520 = ORIENTED_EDGE('',*,*,#5350,.T.);
#5521 = ORIENTED_EDGE('',*,*,#4157,.T.);
#5522 = ADVANCED_FACE('',(#5523),#4085,.F.);
#5523 = FACE_BOUND('',#5524,.F.);
#5524 = EDGE_LOOP('',(#5525,#5641,#5642,#5643));
#5525 = ORIENTED_EDGE('',*,*,#5526,.F.);
#5526 = EDGE_CURVE('',#3936,#5527,#5529,.T.);
#5527 = VERTEX_POINT('',#5528);
#5528 = CARTESIAN_POINT('',(-42.20426160417,35.940570942328,
    965.79864009291));
#5529 = SURFACE_CURVE('',#5530,(#5565,#5603),.PCURVE_S1.);
#5530 = B_SPLINE_CURVE_WITH_KNOTS('',5,(#5531,#5532,#5533,#5534,#5535,
    #5536,#5537,#5538,#5539,#5540,#5541,#5542,#5543,#5544,#5545,#5546,
    #5547,#5548,#5549,#5550,#5551,#5552,#5553,#5554,#5555,#5556,#5557,
    #5558,#5559,#5560,#5561,#5562,#5563,#5564),.UNSPECIFIED.,.F.,.F.,(6,
    4,4,4,4,4,4,4,6),(0.,0.127095362926,0.254461998385,0.38206517477,
    0.508249266881,0.63168765791,0.754861362175,0.877831017835,1.),
  .UNSPECIFIED.);
#5531 = CARTESIAN_POINT('',(-38.19902798755,31.666228067138,
    969.77712466152));
#5532 = CARTESIAN_POINT('',(-38.3474192584,31.666228054205,
    969.6297247569));
#5533 = CARTESIAN_POINT('',(-38.49880473897,31.67305902005,
    969.47935061274));
#5534 = CARTESIAN_POINT('',(-38.65267574854,31.687272029223,
    969.32650751451));
#5535 = CARTESIAN_POINT('',(-38.80837549064,31.709370548071,
    969.1718478648));
#5536 = CARTESIAN_POINT('',(-39.12219547839,31.770151550312,
    968.86012416298));
#5537 = CARTESIAN_POINT('',(-39.28032006038,31.808869198718,
    968.703055803));
#5538 = CARTESIAN_POINT('',(-39.43870356416,31.856258665451,
    968.5457302156));
#5539 = CARTESIAN_POINT('',(-39.59642588542,31.912563480152,
    968.38906135939));
#5540 = CARTESIAN_POINT('',(-39.9088796615,32.043200722563,
    968.07869446958));
#5541 = CARTESIAN_POINT('',(-40.0636050299,32.117566263378,
    967.92500248164));
#5542 = CARTESIAN_POINT('',(-40.21570134797,32.200958724782,
    967.77392195196));
#5543 = CARTESIAN_POINT('',(-40.36412824763,32.29320798087,
    967.62648630314));
#5544 = CARTESIAN_POINT('',(-40.65008334506,32.493498052345,
    967.34244086636));
#5545 = CARTESIAN_POINT('',(-40.78771454574,32.60135180819,967.205728764
    ));
#5546 = CARTESIAN_POINT('',(-40.91985051434,32.717089898503,
    967.074475171));
#5547 = CARTESIAN_POINT('',(-41.04560439785,32.840106611742,
    966.94956102273));
#5548 = CARTESIAN_POINT('',(-41.28033379372,33.096334878578,
    966.71639902135));
#5549 = CARTESIAN_POINT('',(-41.38961503821,33.22926656437,
    966.60784747847));
#5550 = CARTESIAN_POINT('',(-41.49143088879,33.367704539639,
    966.50671146531));
#5551 = CARTESIAN_POINT('',(-41.58526819502,33.510779635062,
    966.41350071053));
#5552 = CARTESIAN_POINT('',(-41.7561929289,33.804052373794,
    966.24371722207));
#5553 = CARTESIAN_POINT('',(-41.83331593815,33.954234434286,
    966.1671091444));
#5554 = CARTESIAN_POINT('',(-41.90188539342,34.107207119692,
    966.09899750338));
#5555 = CARTESIAN_POINT('',(-41.96180267467,34.262014408785,
    966.03948026397));
#5556 = CARTESIAN_POINT('',(-42.06442598975,34.57324497818,
    965.93754211419));
#5557 = CARTESIAN_POINT('',(-42.10716031641,34.729665436972,
    965.89509309991));
#5558 = CARTESIAN_POINT('',(-42.14144629334,34.886125231052,
    965.86103602866));
#5559 = CARTESIAN_POINT('',(-42.1675544535,35.041791125829,
    965.83510217527));
#5560 = CARTESIAN_POINT('',(-42.20407161751,35.349113925066,
    965.79882881134));
#5561 = CARTESIAN_POINT('',(-42.21458162724,35.500790409701,
    965.78838896928));
#5562 = CARTESIAN_POINT('',(-42.21778262102,35.650286770448,
    965.7852093462));
#5563 = CARTESIAN_POINT('',(-42.21416605287,35.797027427125,
    965.78880176921));
#5564 = CARTESIAN_POINT('',(-42.20426160417,35.940570942328,
    965.79864009291));
#5565 = PCURVE('',#4085,#5566);
#5566 = DEFINITIONAL_REPRESENTATION('',(#5567),#5602);
#5567 = B_SPLINE_CURVE_WITH_KNOTS('',5,(#5568,#5569,#5570,#5571,#5572,
    #5573,#5574,#5575,#5576,#5577,#5578,#5579,#5580,#5581,#5582,#5583,
    #5584,#5585,#5586,#5587,#5588,#5589,#5590,#5591,#5592,#5593,#5594,
    #5595,#5596,#5597,#5598,#5599,#5600,#5601),.UNSPECIFIED.,.F.,.F.,(6,
    4,4,4,4,4,4,4,6),(0.,0.127095362926,0.254461998385,0.38206517477,
    0.508249266881,0.63168765791,0.754861362175,0.877831017835,1.),
  .UNSPECIFIED.);
#5568 = CARTESIAN_POINT('',(0.,80.699027987551));
#5569 = CARTESIAN_POINT('',(2.10219530569,80.847419259924));
#5570 = CARTESIAN_POINT('',(4.202979397954,80.998804741744));
#5571 = CARTESIAN_POINT('',(6.302360783188,81.15267575231));
#5572 = CARTESIAN_POINT('',(8.400371615576,81.30837549515));
#5573 = CARTESIAN_POINT('',(12.598243304581,81.622195483946));
#5574 = CARTESIAN_POINT('',(14.698097976878,81.780320066247));
#5575 = CARTESIAN_POINT('',(16.796692875809,81.938703570135));
#5576 = CARTESIAN_POINT('',(18.894109220781,82.096425891341));
#5577 = CARTESIAN_POINT('',(23.090675423119,82.408879667088));
#5578 = CARTESIAN_POINT('',(25.189820082153,82.5636050352));
#5579 = CARTESIAN_POINT('',(27.287978449308,82.715701352899));
#5580 = CARTESIAN_POINT('',(29.385258205885,82.864128252148));
#5581 = CARTESIAN_POINT('',(33.554952114609,83.150083348727));
#5582 = CARTESIAN_POINT('',(35.627382909413,83.287714548971));
#5583 = CARTESIAN_POINT('',(37.699153135558,83.419850517146));
#5584 = CARTESIAN_POINT('',(39.770352533669,83.545604400261));
#5585 = CARTESIAN_POINT('',(43.86668305391,83.780333795443));
#5586 = CARTESIAN_POINT('',(45.891837099506,83.889615039628));
#5587 = CARTESIAN_POINT('',(47.916567460799,83.991430889952));
#5588 = CARTESIAN_POINT('',(49.940918577935,84.085268195961));
#5589 = CARTESIAN_POINT('',(53.984556711169,84.256192929492));
#5590 = CARTESIAN_POINT('',(56.003847739937,84.333315938612));
#5591 = CARTESIAN_POINT('',(58.022797238386,84.40188539378));
#5592 = CARTESIAN_POINT('',(60.041412118129,84.461802674951));
#5593 = CARTESIAN_POINT('',(64.074607656531,84.564425989907));
#5594 = CARTESIAN_POINT('',(66.089191865078,84.607160316528));
#5595 = CARTESIAN_POINT('',(68.103424992588,84.641446293438));
#5596 = CARTESIAN_POINT('',(70.11729708508,84.667554453574));
#5597 = CARTESIAN_POINT('',(74.131180048094,84.704071617555));
#5598 = CARTESIAN_POINT('',(76.131197043328,84.714581627285));
#5599 = CARTESIAN_POINT('',(78.130832543516,84.71778262103));
#5600 = CARTESIAN_POINT('',(80.130078294659,84.7141660529));
#5601 = CARTESIAN_POINT('',(82.12892897104,84.70426160419));
#5602 = ( GEOMETRIC_REPRESENTATION_CONTEXT(2) 
PARAMETRIC_REPRESENTATION_CONTEXT() REPRESENTATION_CONTEXT('2D SPACE',''
  ) );
#5603 = PCURVE('',#3961,#5604);
#5604 = DEFINITIONAL_REPRESENTATION('',(#5605),#5640);
#5605 = B_SPLINE_CURVE_WITH_KNOTS('',5,(#5606,#5607,#5608,#5609,#5610,
    #5611,#5612,#5613,#5614,#5615,#5616,#5617,#5618,#5619,#5620,#5621,
    #5622,#5623,#5624,#5625,#5626,#5627,#5628,#5629,#5630,#5631,#5632,
    #5633,#5634,#5635,#5636,#5637,#5638,#5639),.UNSPECIFIED.,.F.,.F.,(6,
    4,4,4,4,4,4,4,6),(0.,0.127095362926,0.254461998385,0.38206517477,
    0.508249266881,0.63168765791,0.754861362175,0.877831017835,1.),
  .UNSPECIFIED.);
#5606 = CARTESIAN_POINT('',(0.,4.497124661132));
#5607 = CARTESIAN_POINT('',(2.398078124538,4.349724754093));
#5608 = CARTESIAN_POINT('',(4.796657112882,4.199350605271));
#5609 = CARTESIAN_POINT('',(7.195807607877,4.046507505802));
#5610 = CARTESIAN_POINT('',(9.595622033104,3.891847853921));
#5611 = CARTESIAN_POINT('',(14.401917940035,3.580124149467));
#5612 = CARTESIAN_POINT('',(16.808402047155,3.423055788691));
#5613 = CARTESIAN_POINT('',(19.215769596697,3.265730200951));
#5614 = CARTESIAN_POINT('',(21.624140496273,3.109061344768));
#5615 = CARTESIAN_POINT('',(26.447598145576,2.798694455609));
#5616 = CARTESIAN_POINT('',(28.862687685599,2.645002468288));
#5617 = CARTESIAN_POINT('',(31.279018085323,2.493921939426));
#5618 = CARTESIAN_POINT('',(33.69669378724,2.346486291546));
#5619 = CARTESIAN_POINT('',(38.507980696989,2.06244085673));
#5620 = CARTESIAN_POINT('',(40.901559934245,1.925728755385));
#5621 = CARTESIAN_POINT('',(43.296595769018,1.794475163394));
#5622 = CARTESIAN_POINT('',(45.693123510957,1.669561016067));
#5623 = CARTESIAN_POINT('',(50.436960349201,1.436399016388));
#5624 = CARTESIAN_POINT('',(52.784207083854,1.327847474272));
#5625 = CARTESIAN_POINT('',(55.132858758489,1.226711461782));
#5626 = CARTESIAN_POINT('',(57.482868885786,1.133500707566));
#5627 = CARTESIAN_POINT('',(62.180396981731,0.963717220054));
#5628 = CARTESIAN_POINT('',(64.527912367762,0.887109142776));
#5629 = CARTESIAN_POINT('',(66.876616262072,0.818997502061));
#5630 = CARTESIAN_POINT('',(69.226408790585,0.759480262889));
#5631 = CARTESIAN_POINT('',(73.924049032965,0.657542113502));
#5632 = CARTESIAN_POINT('',(76.271896333666,0.615093099361));
#5633 = CARTESIAN_POINT('',(78.620606109922,0.581036028228));
#5634 = CARTESIAN_POINT('',(80.970072474715,0.555102174919));
#5635 = CARTESIAN_POINT('',(85.655021997487,0.518828811131));
#5636 = CARTESIAN_POINT('',(87.990498056289,0.508388969128));
#5637 = CARTESIAN_POINT('',(90.326533315609,0.505209346099));
#5638 = CARTESIAN_POINT('',(92.663052784841,0.508801769164));
#5639 = CARTESIAN_POINT('',(95.,0.518640092912));
#5640 = ( GEOMETRIC_REPRESENTATION_CONTEXT(2) 
PARAMETRIC_REPRESENTATION_CONTEXT() REPRESENTATION_CONTEXT('2D SPACE',''
  ) );
#5641 = ORIENTED_EDGE('',*,*,#4007,.T.);
#5642 = ORIENTED_EDGE('',*,*,#5386,.T.);
#5643 = ORIENTED_EDGE('',*,*,#5644,.F.);
#5644 = EDGE_CURVE('',#5527,#5387,#5645,.T.);
#5645 = SURFACE_CURVE('',#5646,(#5652,#5661),.PCURVE_S1.);
#5646 = B_SPLINE_CURVE_WITH_KNOTS('',4,(#5647,#5648,#5649,#5650,#5651),
  .UNSPECIFIED.,.F.,.F.,(5,5),(0.,1.),.PIECEWISE_BEZIER_KNOTS.);
#5647 = CARTESIAN_POINT('',(-42.2042616042,35.940570942327,
    965.79864009291));
#5648 = CARTESIAN_POINT('',(-42.20070523123,35.992112859765,
    965.80217272248));
#5649 = CARTESIAN_POINT('',(-42.1971756541,36.043223496729,
    965.80656760232));
#5650 = CARTESIAN_POINT('',(-42.19367456004,36.093876298823,
    965.81179402018));
#5651 = CARTESIAN_POINT('',(-42.19020337584,36.144049025523,
    965.8178201439));
#5652 = PCURVE('',#4085,#5653);
#5653 = DEFINITIONAL_REPRESENTATION('',(#5654),#5660);
#5654 = B_SPLINE_CURVE_WITH_KNOTS('',4,(#5655,#5656,#5657,#5658,#5659),
  .UNSPECIFIED.,.F.,.F.,(5,5),(0.,1.),.PIECEWISE_BEZIER_KNOTS.);
#5655 = CARTESIAN_POINT('',(82.128928972554,84.704261604217));
#5656 = CARTESIAN_POINT('',(82.846652767929,84.700705231247));
#5657 = CARTESIAN_POINT('',(83.56440702374,84.697175654107));
#5658 = CARTESIAN_POINT('',(84.282189895337,84.693674560047));
#5659 = CARTESIAN_POINT('',(85.,84.690203375845));
#5660 = ( GEOMETRIC_REPRESENTATION_CONTEXT(2) 
PARAMETRIC_REPRESENTATION_CONTEXT() REPRESENTATION_CONTEXT('2D SPACE',''
  ) );
#5661 = PCURVE('',#5434,#5662);
#5662 = DEFINITIONAL_REPRESENTATION('',(#5663),#5669);
#5663 = B_SPLINE_CURVE_WITH_KNOTS('',4,(#5664,#5665,#5666,#5667,#5668),
  .UNSPECIFIED.,.F.,.F.,(5,5),(0.,1.),.PIECEWISE_BEZIER_KNOTS.);
#5664 = CARTESIAN_POINT('',(5.302982734923E-03,2.102131305861E-02));
#5665 = CARTESIAN_POINT('',(2.623445857436E-03,2.127479735169E-02));
#5666 = CARTESIAN_POINT('',(8.648461072296E-04,2.152616059784E-02));
#5667 = CARTESIAN_POINT('',(-2.172949716121E-12,2.177527220194E-02));
#5668 = CARTESIAN_POINT('',(-2.250074244002E-12,2.20220227846E-02));
#5669 = ( GEOMETRIC_REPRESENTATION_CONTEXT(2) 
PARAMETRIC_REPRESENTATION_CONTEXT() REPRESENTATION_CONTEXT('2D SPACE',''
  ) );
#5670 = ADVANCED_FACE('',(#5671),#3961,.F.);
#5671 = FACE_BOUND('',#5672,.F.);
#5672 = EDGE_LOOP('',(#5673,#5860,#5893,#5985,#6022,#6049,#6050,#6051,
    #6084));
#5673 = ORIENTED_EDGE('',*,*,#5674,.F.);
#5674 = EDGE_CURVE('',#5675,#5677,#5679,.T.);
#5675 = VERTEX_POINT('',#5676);
#5676 = CARTESIAN_POINT('',(-37.8698989939,31.666228067138,
    1.056007019833E+03));
#5677 = VERTEX_POINT('',#5678);
#5678 = CARTESIAN_POINT('',(-41.84618354123,35.917537708698,
    1.060010540496E+03));
#5679 = SURFACE_CURVE('',#5680,(#5738,#5799),.PCURVE_S1.);
#5680 = B_SPLINE_CURVE_WITH_KNOTS('',6,(#5681,#5682,#5683,#5684,#5685,
    #5686,#5687,#5688,#5689,#5690,#5691,#5692,#5693,#5694,#5695,#5696,
    #5697,#5698,#5699,#5700,#5701,#5702,#5703,#5704,#5705,#5706,#5707,
    #5708,#5709,#5710,#5711,#5712,#5713,#5714,#5715,#5716,#5717,#5718,
    #5719,#5720,#5721,#5722,#5723,#5724,#5725,#5726,#5727,#5728,#5729,
    #5730,#5731,#5732,#5733,#5734,#5735,#5736,#5737),.UNSPECIFIED.,.F.,
  .F.,(7,5,5,5,5,5,5,5,5,5,5,7),(0.,3.422962806756E-03,
    6.452217691328E-03,1.294787235171E-02,0.115761768412,0.231289378072,
    0.346942025889,0.466358291626,0.599643713943,0.733116759744,
    0.865935536598,1.),.UNSPECIFIED.);
#5681 = CARTESIAN_POINT('',(-37.8698989939,31.666228067138,
    1.056007019833E+03));
#5682 = CARTESIAN_POINT('',(-37.87178354996,31.666226589902,
    1.056008917305E+03));
#5683 = CARTESIAN_POINT('',(-37.8754786414,31.666231082615,
    1.05601263769E+03));
#5684 = CARTESIAN_POINT('',(-37.87895041947,31.666236864251,
    1.056016133232E+03));
#5685 = CARTESIAN_POINT('',(-37.88143536486,31.66624249907,
    1.056018635192E+03));
#5686 = CARTESIAN_POINT('',(-37.88344028782,31.66624979662,
    1.056020653849E+03));
#5687 = CARTESIAN_POINT('',(-37.88966456884,31.666276214835,
    1.056026920751E+03));
#5688 = CARTESIAN_POINT('',(-37.89261297967,31.666291348721,
    1.056029889351E+03));
#5689 = CARTESIAN_POINT('',(-37.89555955046,31.666309069298,
    1.056032856098E+03));
#5690 = CARTESIAN_POINT('',(-37.8984931448,31.66632932559,
    1.05603580978E+03));
#5691 = CARTESIAN_POINT('',(-37.90141950002,31.666352159738,
    1.056038756173E+03));
#5692 = CARTESIAN_POINT('',(-37.91066919531,31.666432488202,
    1.056048069206E+03));
#5693 = CARTESIAN_POINT('',(-37.91697021678,31.666499198659,
    1.056054413373E+03));
#5694 = CARTESIAN_POINT('',(-37.92327812661,31.666578041226,
    1.056060764476E+03));
#5695 = CARTESIAN_POINT('',(-37.92959756073,31.666669095717,
    1.056067127182E+03));
#5696 = CARTESIAN_POINT('',(-37.93592395585,31.666772318904,
    1.056073496897E+03));
#5697 = CARTESIAN_POINT('',(-38.0422707334,31.668711347605,
    1.056180571885E+03));
#5698 = CARTESIAN_POINT('',(-38.1435648162,31.673585283636,
    1.056282559592E+03));
#5699 = CARTESIAN_POINT('',(-38.24599090347,31.68165679855,
    1.056385687069E+03));
#5700 = CARTESIAN_POINT('',(-38.34939093056,31.693066953995,
    1.05648979517E+03));
#5701 = CARTESIAN_POINT('',(-38.45358410468,31.707944650219,
    1.056594701864E+03));
#5702 = CARTESIAN_POINT('',(-38.67610782754,31.747139295857,
    1.056818749472E+03));
#5703 = CARTESIAN_POINT('',(-38.79459651441,31.772396496841,
    1.05693804961E+03));
#5704 = CARTESIAN_POINT('',(-38.91354657602,31.802330486951,
    1.057057814302E+03));
#5705 = CARTESIAN_POINT('',(-39.03264056264,31.837071084581,
    1.057177723923E+03));
#5706 = CARTESIAN_POINT('',(-39.15153693666,31.8767121378,
    1.057297434598E+03));
#5707 = CARTESIAN_POINT('',(-39.38834435069,31.96594366609,
    1.057535863902E+03));
#5708 = CARTESIAN_POINT('',(-39.50625264707,32.01554422743,
    1.057654579769E+03));
#5709 = CARTESIAN_POINT('',(-39.62324066489,32.070155637814,
    1.057772369073E+03));
#5710 = CARTESIAN_POINT('',(-39.73892828328,32.129782485868,
    1.057888849089E+03));
#5711 = CARTESIAN_POINT('',(-39.85292775358,32.19437924397,
    1.058003629412E+03));
#5712 = CARTESIAN_POINT('',(-40.08042537321,32.335572857632,
    1.058232685336E+03));
#5713 = CARTESIAN_POINT('',(-40.19291306311,32.41195051766,
    1.058345943557E+03));
#5714 = CARTESIAN_POINT('',(-40.30327762067,32.493535736835,
    1.058457064119E+03));
#5715 = CARTESIAN_POINT('',(-40.41128299365,32.580587542146,
    1.058565809352E+03));
#5716 = CARTESIAN_POINT('',(-40.51563095738,32.672377946732,
    1.058670872137E+03));
#5717 = CARTESIAN_POINT('',(-40.72508090576,32.872232938462,
    1.058881756919E+03));
#5718 = CARTESIAN_POINT('',(-40.83091481987,32.982908441542,
    1.058988315863E+03));
#5719 = CARTESIAN_POINT('',(-40.93164460441,33.098464729675,
    1.059089735726E+03));
#5720 = CARTESIAN_POINT('',(-41.02686336283,33.218443013151,
    1.05918560682E+03));
#5721 = CARTESIAN_POINT('',(-41.11623782459,33.342329873897,
    1.059275593589E+03));
#5722 = CARTESIAN_POINT('',(-41.28292636069,33.597006405315,
    1.059443424131E+03));
#5723 = CARTESIAN_POINT('',(-41.36022335853,33.727805805567,
    1.05952125071E+03));
#5724 = CARTESIAN_POINT('',(-41.4311665424,33.861428236043,
    1.059592679951E+03));
#5725 = CARTESIAN_POINT('',(-41.49559776152,33.997294118347,
    1.059657552618E+03));
#5726 = CARTESIAN_POINT('',(-41.55344697393,34.134817971467,
    1.059715798186E+03));
#5727 = CARTESIAN_POINT('',(-41.65576280445,34.411369643702,
    1.059818815042E+03));
#5728 = CARTESIAN_POINT('',(-41.70029354508,34.550386976277,
    1.059863650892E+03));
#5729 = CARTESIAN_POINT('',(-41.7383371476,34.689926462919,
    1.059901955159E+03));
#5730 = CARTESIAN_POINT('',(-41.76999145446,34.82944954963,
    1.059933826354E+03));
#5731 = CARTESIAN_POINT('',(-41.79542330423,34.968454403548,
    1.059959432458E+03));
#5732 = CARTESIAN_POINT('',(-41.83446699075,35.245824444857,
    1.059998743665E+03));
#5733 = CARTESIAN_POINT('',(-41.84787778225,35.383548360561,
    1.060012246345E+03));
#5734 = CARTESIAN_POINT('',(-41.85554870388,35.520153498362,
    1.060019969827E+03));
#5735 = CARTESIAN_POINT('',(-41.85760239252,35.655403115441,
    1.060022037587E+03));
#5736 = CARTESIAN_POINT('',(-41.85428478609,35.788335478743,
    1.060018697249E+03));
#5737 = CARTESIAN_POINT('',(-41.84618354123,35.917537708698,
    1.060010540496E+03));
#5738 = PCURVE('',#3961,#5739);
#5739 = DEFINITIONAL_REPRESENTATION('',(#5740),#5798);
#5740 = B_SPLINE_CURVE_WITH_KNOTS('',6,(#5741,#5742,#5743,#5744,#5745,
    #5746,#5747,#5748,#5749,#5750,#5751,#5752,#5753,#5754,#5755,#5756,
    #5757,#5758,#5759,#5760,#5761,#5762,#5763,#5764,#5765,#5766,#5767,
    #5768,#5769,#5770,#5771,#5772,#5773,#5774,#5775,#5776,#5777,#5778,
    #5779,#5780,#5781,#5782,#5783,#5784,#5785,#5786,#5787,#5788,#5789,
    #5790,#5791,#5792,#5793,#5794,#5795,#5796,#5797),.UNSPECIFIED.,.F.,
  .F.,(7,5,5,5,5,5,5,5,5,5,5,7),(0.,3.422962806756E-03,
    6.452217691328E-03,1.294787235171E-02,0.115761768412,0.231289378072,
    0.346942025889,0.466358291626,0.599643713943,0.733116759744,
    0.865935536598,1.),.UNSPECIFIED.);
#5741 = CARTESIAN_POINT('',(0.,90.727019832553));
#5742 = CARTESIAN_POINT('',(2.969910779581E-02,90.728917305261));
#5743 = CARTESIAN_POINT('',(8.787769499006E-02,90.732637690219));
#5744 = CARTESIAN_POINT('',(0.142528986726,90.736133231978));
#5745 = CARTESIAN_POINT('',(0.18163518486,90.738635192224));
#5746 = CARTESIAN_POINT('',(0.213167467965,90.740653849781));
#5747 = CARTESIAN_POINT('',(0.31103286524,90.74692075132));
#5748 = CARTESIAN_POINT('',(0.357372597514,90.749889351291));
#5749 = CARTESIAN_POINT('',(0.403665040016,90.752856098625));
#5750 = CARTESIAN_POINT('',(0.449735201127,90.755809780675));
#5751 = CARTESIAN_POINT('',(0.495673245748,90.758756174041));
#5752 = CARTESIAN_POINT('',(0.640818419447,90.768069206432));
#5753 = CARTESIAN_POINT('',(0.739609622284,90.774413374059));
#5754 = CARTESIAN_POINT('',(0.838425436481,90.780764477285));
#5755 = CARTESIAN_POINT('',(0.93733914109,90.787127183758));
#5756 = CARTESIAN_POINT('',(1.03627996153,90.793496898946));
#5757 = CARTESIAN_POINT('',(2.698107512274,90.900571888281));
#5758 = CARTESIAN_POINT('',(4.260654218478,91.002559597587));
#5759 = CARTESIAN_POINT('',(5.822745348897,91.105687076575));
#5760 = CARTESIAN_POINT('',(7.384420701217,91.209795178782));
#5761 = CARTESIAN_POINT('',(8.945688080612,91.314701873838));
#5762 = CARTESIAN_POINT('',(12.260368351255,91.538749483089));
#5763 = CARTESIAN_POINT('',(14.013715578975,91.65804962219));
#5764 = CARTESIAN_POINT('',(15.766539193574,91.777814314399));
#5765 = CARTESIAN_POINT('',(17.518837550306,91.897723936182));
#5766 = CARTESIAN_POINT('',(19.27063292753,92.017434610822));
#5767 = CARTESIAN_POINT('',(22.775204454869,92.255863914756));
#5768 = CARTESIAN_POINT('',(24.527956671418,92.374579781663));
#5769 = CARTESIAN_POINT('',(26.28025431952,92.49236908537));
#5770 = CARTESIAN_POINT('',(28.032120015335,92.608849100879));
#5771 = CARTESIAN_POINT('',(29.783570935332,92.723629422757));
#5772 = CARTESIAN_POINT('',(33.342647361771,92.952685345039));
#5773 = CARTESIAN_POINT('',(35.136584970652,93.065943565727));
#5774 = CARTESIAN_POINT('',(36.937059842244,93.177064127184));
#5775 = CARTESIAN_POINT('',(38.748105444834,93.285809359627));
#5776 = CARTESIAN_POINT('',(40.557270938486,93.390872143616));
#5777 = CARTESIAN_POINT('',(44.320552466873,93.601756924135));
#5778 = CARTESIAN_POINT('',(46.303973563907,93.708315867434));
#5779 = CARTESIAN_POINT('',(48.285947497182,93.809735729215));
#5780 = CARTESIAN_POINT('',(50.266518609368,93.905606822652));
#5781 = CARTESIAN_POINT('',(52.245728657813,93.995593591256));
#5782 = CARTESIAN_POINT('',(56.20428246848,94.163424132363));
#5783 = CARTESIAN_POINT('',(58.183623668841,94.241250711401));
#5784 = CARTESIAN_POINT('',(60.161672984405,94.312679952432));
#5785 = CARTESIAN_POINT('',(62.138464658924,94.377552618739));
#5786 = CARTESIAN_POINT('',(64.114029139657,94.435798186389));
#5787 = CARTESIAN_POINT('',(68.0530747215,94.53881504248));
#5788 = CARTESIAN_POINT('',(70.016568636208,94.583650892743));
#5789 = CARTESIAN_POINT('',(71.978897655659,94.62195515954));
#5790 = CARTESIAN_POINT('',(73.940084807551,94.653826354415));
#5791 = CARTESIAN_POINT('',(75.900150296427,94.67943245812));
#5792 = CARTESIAN_POINT('',(79.836443667343,94.718743664939));
#5793 = CARTESIAN_POINT('',(81.803815888287,94.73224634527));
#5794 = CARTESIAN_POINT('',(83.774512406748,94.739969827143));
#5795 = CARTESIAN_POINT('',(85.75117961873,94.742037587305));
#5796 = CARTESIAN_POINT('',(87.72587827446,94.738697249059));
#5797 = CARTESIAN_POINT('',(89.680112856806,94.730540495624));
#5798 = ( GEOMETRIC_REPRESENTATION_CONTEXT(2) 
PARAMETRIC_REPRESENTATION_CONTEXT() REPRESENTATION_CONTEXT('2D SPACE',''
  ) );
#5799 = PCURVE('',#5158,#5800);
#5800 = DEFINITIONAL_REPRESENTATION('',(#5801),#5859);
#5801 = B_SPLINE_CURVE_WITH_KNOTS('',6,(#5802,#5803,#5804,#5805,#5806,
    #5807,#5808,#5809,#5810,#5811,#5812,#5813,#5814,#5815,#5816,#5817,
    #5818,#5819,#5820,#5821,#5822,#5823,#5824,#5825,#5826,#5827,#5828,
    #5829,#5830,#5831,#5832,#5833,#5834,#5835,#5836,#5837,#5838,#5839,
    #5840,#5841,#5842,#5843,#5844,#5845,#5846,#5847,#5848,#5849,#5850,
    #5851,#5852,#5853,#5854,#5855,#5856,#5857,#5858),.UNSPECIFIED.,.F.,
  .F.,(7,5,5,5,5,5,5,5,5,5,5,7),(0.,3.422962806756E-03,
    6.452217691328E-03,1.294787235171E-02,0.115761768412,0.231289378072,
    0.346942025889,0.466358291626,0.599643713943,0.733116759744,
    0.865935536598,1.),.UNSPECIFIED.);
#5802 = CARTESIAN_POINT('',(85.,4.630101006092));
#5803 = CARTESIAN_POINT('',(84.972448788069,4.628216450018));
#5804 = CARTESIAN_POINT('',(84.918475082167,4.624521358526));
#5805 = CARTESIAN_POINT('',(84.86777308052,4.621049580423));
#5806 = CARTESIAN_POINT('',(84.8314921017,4.618564634998));
#5807 = CARTESIAN_POINT('',(84.802236584618,4.616559712021));
#5808 = CARTESIAN_POINT('',(84.711436145174,4.610335430926));
#5809 = CARTESIAN_POINT('',(84.668440579047,4.607387020058));
#5810 = CARTESIAN_POINT('',(84.625487775787,4.604440449238));
#5811 = CARTESIAN_POINT('',(84.582740097112,4.601506854859));
#5812 = CARTESIAN_POINT('',(84.540113880813,4.598580499606));
#5813 = CARTESIAN_POINT('',(84.405429219909,4.589330804209));
#5814 = CARTESIAN_POINT('',(84.313752694753,4.583029782677));
#5815 = CARTESIAN_POINT('',(84.222048172703,4.576721872768));
#5816 = CARTESIAN_POINT('',(84.130247651306,4.570402438577));
#5817 = CARTESIAN_POINT('',(84.038416818247,4.56407604339));
#5818 = CARTESIAN_POINT('',(82.495923092582,4.457729264677));
#5819 = CARTESIAN_POINT('',(81.044291236466,4.356435180901));
#5820 = CARTESIAN_POINT('',(79.591777400388,4.254009092781));
#5821 = CARTESIAN_POINT('',(78.138329835312,4.150609064963));
#5822 = CARTESIAN_POINT('',(76.683927614827,4.046415890217));
#5823 = CARTESIAN_POINT('',(73.593270064767,3.823892166282));
#5824 = CARTESIAN_POINT('',(71.956722267149,3.705403478982));
#5825 = CARTESIAN_POINT('',(70.318945173232,3.586453417066));
#5826 = CARTESIAN_POINT('',(68.67992628944,3.46735943026));
#5827 = CARTESIAN_POINT('',(67.039634317234,3.34846305616));
#5828 = CARTESIAN_POINT('',(63.754629493821,3.111655642143));
#5829 = CARTESIAN_POINT('',(62.109935289752,2.993747345864));
#5830 = CARTESIAN_POINT('',(60.46390639757,2.876759328222));
#5831 = CARTESIAN_POINT('',(58.816519802942,2.761071710066));
#5832 = CARTESIAN_POINT('',(57.16776251316,2.647072240049));
#5833 = CARTESIAN_POINT('',(53.81380491552,2.419574621064));
#5834 = CARTESIAN_POINT('',(52.12138760609,2.307086931524));
#5835 = CARTESIAN_POINT('',(50.421003596978,2.196722374339));
#5836 = CARTESIAN_POINT('',(48.708776036305,2.088717001745));
#5837 = CARTESIAN_POINT('',(46.996447909585,1.984369038392));
#5838 = CARTESIAN_POINT('',(43.430973290148,1.774919090787));
#5839 = CARTESIAN_POINT('',(41.549633442809,1.669085177062));
#5840 = CARTESIAN_POINT('',(39.667532346201,1.568355392887));
#5841 = CARTESIAN_POINT('',(37.784675157086,1.4731366348));
#5842 = CARTESIAN_POINT('',(35.901074884782,1.383762173333));
#5843 = CARTESIAN_POINT('',(32.129779565145,1.217073637759));
#5844 = CARTESIAN_POINT('',(30.242081351947,1.139776640152));
#5845 = CARTESIAN_POINT('',(28.353680868115,1.068833456479));
#5846 = CARTESIAN_POINT('',(26.464604830205,1.00440223753));
#5847 = CARTESIAN_POINT('',(24.574884159043,0.946553025257));
#5848 = CARTESIAN_POINT('',(20.803488991549,0.844237194971));
#5849 = CARTESIAN_POINT('',(18.921819442162,0.79970645444));
#5850 = CARTESIAN_POINT('',(17.039578363399,0.761662852001));
#5851 = CARTESIAN_POINT('',(15.156799068179,0.730008545201));
#5852 = CARTESIAN_POINT('',(13.273513902168,0.704576695493));
#5853 = CARTESIAN_POINT('',(9.48832557851,0.665533009068));
#5854 = CARTESIAN_POINT('',(7.594909195308,0.6521222176));
#5855 = CARTESIAN_POINT('',(5.696803090224,0.64445129601));
#5856 = CARTESIAN_POINT('',(3.791459881416,0.642397607401));
#5857 = CARTESIAN_POINT('',(1.886546775646,0.645715213865));
#5858 = CARTESIAN_POINT('',(0.,0.653816458764));
#5859 = ( GEOMETRIC_REPRESENTATION_CONTEXT(2) 
PARAMETRIC_REPRESENTATION_CONTEXT() REPRESENTATION_CONTEXT('2D SPACE',''
  ) );
#5860 = ORIENTED_EDGE('',*,*,#5861,.F.);
#5861 = EDGE_CURVE('',#5862,#5675,#5864,.T.);
#5862 = VERTEX_POINT('',#5863);
#5863 = CARTESIAN_POINT('',(-37.88654400641,31.666228067138,1.05178E+03)
  );
#5864 = SURFACE_CURVE('',#5865,(#5877,#5884),.PCURVE_S1.);
#5865 = B_SPLINE_CURVE_WITH_KNOTS('',4,(#5866,#5867,#5868,#5869,#5870,
    #5871,#5872,#5873,#5874,#5875,#5876),.UNSPECIFIED.,.F.,.F.,(5,3,3,5)
  ,(-4.600187005187,8.335169941537E-13,95.000000000001,99.651127419771),
  .UNSPECIFIED.);
#5866 = CARTESIAN_POINT('',(-38.23268272777,31.666228067138,
    960.6288314169));
#5867 = CARTESIAN_POINT('',(-38.22836203986,31.666228067138,
    961.80436895715));
#5868 = CARTESIAN_POINT('',(-38.22407258241,31.666228067138,
    962.97140956775));
#5869 = CARTESIAN_POINT('',(-38.21981435542,31.666228067138,
    964.1299532487));
#5870 = CARTESIAN_POINT('',(-38.12829424029,31.666228067138,989.03));
#5871 = CARTESIAN_POINT('',(-38.03875520637,31.666228067138,1.01278E+03)
  );
#5872 = CARTESIAN_POINT('',(-37.94698502137,31.666228067138,1.03653E+03)
  );
#5873 = CARTESIAN_POINT('',(-37.84841946435,31.666228067138,
    1.061442781855E+03));
#5874 = CARTESIAN_POINT('',(-37.84381898111,31.666228067138,
    1.062605569739E+03));
#5875 = CARTESIAN_POINT('',(-37.83921847401,31.666228067138,
    1.063768363653E+03));
#5876 = CARTESIAN_POINT('',(-37.83461794305,31.666228067138,
    1.064931163597E+03));
#5877 = PCURVE('',#3961,#5878);
#5878 = DEFINITIONAL_REPRESENTATION('',(#5879),#5883);
#5879 = LINE('',#5880,#5881);
#5880 = CARTESIAN_POINT('',(0.,0.));
#5881 = VECTOR('',#5882,1.);
#5882 = DIRECTION('',(0.,1.));
#5883 = ( GEOMETRIC_REPRESENTATION_CONTEXT(2) 
PARAMETRIC_REPRESENTATION_CONTEXT() REPRESENTATION_CONTEXT('2D SPACE',''
  ) );
#5884 = PCURVE('',#4962,#5885);
#5885 = DEFINITIONAL_REPRESENTATION('',(#5886),#5892);
#5886 = B_SPLINE_CURVE_WITH_KNOTS('',4,(#5887,#5888,#5889,#5890,#5891),
  .UNSPECIFIED.,.F.,.F.,(5,5),(8.335169941537E-13,95.000000000001),
  .PIECEWISE_BEZIER_KNOTS.);
#5887 = CARTESIAN_POINT('',(73.654749109817,-60.15259034529));
#5888 = CARTESIAN_POINT('',(56.013474516348,-44.25115799451));
#5889 = CARTESIAN_POINT('',(38.37369748767,-28.34805189485));
#5890 = CARTESIAN_POINT('',(20.735408179057,-12.44328304923));
#5891 = CARTESIAN_POINT('',(3.098582426903,3.463121535951));
#5892 = ( GEOMETRIC_REPRESENTATION_CONTEXT(2) 
PARAMETRIC_REPRESENTATION_CONTEXT() REPRESENTATION_CONTEXT('2D SPACE',''
  ) );
#5893 = ORIENTED_EDGE('',*,*,#5894,.F.);
#5894 = EDGE_CURVE('',#5895,#5862,#5897,.T.);
#5895 = VERTEX_POINT('',#5896);
#5896 = CARTESIAN_POINT('',(-41.16826607176,33.379243080763,1.05178E+03)
  );
#5897 = SURFACE_CURVE('',#5898,(#5925,#5955),.PCURVE_S1.);
#5898 = B_SPLINE_CURVE_WITH_KNOTS('',7,(#5899,#5900,#5901,#5902,#5903,
    #5904,#5905,#5906,#5907,#5908,#5909,#5910,#5911,#5912,#5913,#5914,
    #5915,#5916,#5917,#5918,#5919,#5920,#5921,#5922,#5923,#5924),
  .UNSPECIFIED.,.F.,.F.,(8,6,6,6,8),(0.,0.250938439677,0.500000000241,
    0.750061620268,1.),.UNSPECIFIED.);
#5899 = CARTESIAN_POINT('',(-41.846066215,36.233840540438,1.05178E+03));
#5900 = CARTESIAN_POINT('',(-41.87683449346,36.019208751875,1.05178E+03)
  );
#5901 = CARTESIAN_POINT('',(-41.89491344657,35.796458387204,1.05178E+03)
  );
#5902 = CARTESIAN_POINT('',(-41.89872562478,35.566615763537,1.05178E+03)
  );
#5903 = CARTESIAN_POINT('',(-41.88674012632,35.331088874414,1.05178E+03)
  );
#5904 = CARTESIAN_POINT('',(-41.85763194479,35.091721407292,1.05178E+03)
  );
#5905 = CARTESIAN_POINT('',(-41.81044114967,34.850738342052,1.05178E+03)
  );
#5906 = CARTESIAN_POINT('',(-41.67951411792,34.372224145611,1.05178E+03)
  );
#5907 = CARTESIAN_POINT('',(-41.59605283962,34.134679710555,1.05178E+03)
  );
#5908 = CARTESIAN_POINT('',(-41.49391846828,33.900338980862,1.05178E+03)
  );
#5909 = CARTESIAN_POINT('',(-41.37317317133,33.671797859994,1.05178E+03)
  );
#5910 = CARTESIAN_POINT('',(-41.23449609079,33.451703947342,1.05178E+03)
  );
#5911 = CARTESIAN_POINT('',(-41.07918554536,33.242481479205,1.05178E+03)
  );
#5912 = CARTESIAN_POINT('',(-40.73812605183,32.849043201829,1.05178E+03)
  );
#5913 = CARTESIAN_POINT('',(-40.5522567688,32.664930462489,1.05178E+03)
  );
#5914 = CARTESIAN_POINT('',(-40.35316723303,32.495868442264,1.05178E+03)
  );
#5915 = CARTESIAN_POINT('',(-40.14310158576,32.343504458924,1.05178E+03)
  );
#5916 = CARTESIAN_POINT('',(-39.92461728719,32.20889436906,1.05178E+03)
  );
#5917 = CARTESIAN_POINT('',(-39.70030655846,32.092465796848,1.05178E+03)
  );
#5918 = CARTESIAN_POINT('',(-39.24505055912,31.895828793279,1.05178E+03)
  );
#5919 = CARTESIAN_POINT('',(-39.01410778577,31.815601395696,1.05178E+03)
  );
#5920 = CARTESIAN_POINT('',(-38.78224293641,31.753348689935,1.05178E+03)
  );
#5921 = CARTESIAN_POINT('',(-38.55176298272,31.708438732059,1.05178E+03)
  );
#5922 = CARTESIAN_POINT('',(-38.32465383625,31.67983193787,1.05178E+03)
  );
#5923 = CARTESIAN_POINT('',(-38.10250584382,31.666228067138,1.05178E+03)
  );
#5924 = CARTESIAN_POINT('',(-37.88654400641,31.666228067138,1.05178E+03)
  );
#5925 = PCURVE('',#3961,#5926);
#5926 = DEFINITIONAL_REPRESENTATION('',(#5927),#5954);
#5927 = B_SPLINE_CURVE_WITH_KNOTS('',7,(#5928,#5929,#5930,#5931,#5932,
    #5933,#5934,#5935,#5936,#5937,#5938,#5939,#5940,#5941,#5942,#5943,
    #5944,#5945,#5946,#5947,#5948,#5949,#5950,#5951,#5952,#5953),
  .UNSPECIFIED.,.F.,.F.,(8,6,6,6,8),(0.,0.250938439677,0.500000000241,
    0.750061620268,1.),.UNSPECIFIED.);
#5928 = CARTESIAN_POINT('',(95.,86.500000000001));
#5929 = CARTESIAN_POINT('',(91.592426436913,86.500000016011));
#5930 = CARTESIAN_POINT('',(88.18524391871,86.500000031603));
#5931 = CARTESIAN_POINT('',(84.77846046927,86.500000046597));
#5932 = CARTESIAN_POINT('',(81.372071642988,86.500000060788));
#5933 = CARTESIAN_POINT('',(77.966055917762,86.500000073959));
#5934 = CARTESIAN_POINT('',(74.560377994049,86.5000000859));
#5935 = CARTESIAN_POINT('',(67.775092327837,86.500000106861));
#5936 = CARTESIAN_POINT('',(64.395469456705,86.500000115902));
#5937 = CARTESIAN_POINT('',(61.0161047188,86.500000123362));
#5938 = CARTESIAN_POINT('',(57.636945690578,86.500000129074));
#5939 = CARTESIAN_POINT('',(54.257920441371,86.500000132922));
#5940 = CARTESIAN_POINT('',(50.878956708451,86.500000134847));
#5941 = CARTESIAN_POINT('',(44.107475731687,86.500000134847));
#5942 = CARTESIAN_POINT('',(40.714944313052,86.500000132907));
#5943 = CARTESIAN_POINT('',(37.32235069168,86.500000129028));
#5944 = CARTESIAN_POINT('',(33.929621688433,86.50000012327));
#5945 = CARTESIAN_POINT('',(30.536684476084,86.500000115753));
#5946 = CARTESIAN_POINT('',(27.143486144488,86.500000106643));
#5947 = CARTESIAN_POINT('',(20.358186300219,86.500000085614));
#5948 = CARTESIAN_POINT('',(16.966074229881,86.500000073697));
#5949 = CARTESIAN_POINT('',(13.57362649582,86.500000060561));
#5950 = CARTESIAN_POINT('',(10.180808423325,86.500000046418));
#5951 = CARTESIAN_POINT('',(6.787598872215,86.50000003148));
#5952 = CARTESIAN_POINT('',(3.393993446837,86.500000015947));
#5953 = CARTESIAN_POINT('',(0.,86.500000000001));
#5954 = ( GEOMETRIC_REPRESENTATION_CONTEXT(2) 
PARAMETRIC_REPRESENTATION_CONTEXT() REPRESENTATION_CONTEXT('2D SPACE',''
  ) );
#5955 = PCURVE('',#4907,#5956);
#5956 = DEFINITIONAL_REPRESENTATION('',(#5957),#5984);
#5957 = B_SPLINE_CURVE_WITH_KNOTS('',7,(#5958,#5959,#5960,#5961,#5962,
    #5963,#5964,#5965,#5966,#5967,#5968,#5969,#5970,#5971,#5972,#5973,
    #5974,#5975,#5976,#5977,#5978,#5979,#5980,#5981,#5982,#5983),
  .UNSPECIFIED.,.F.,.F.,(8,6,6,6,8),(0.,0.250938439677,0.500000000241,
    0.750061620268,1.),.UNSPECIFIED.);
#5958 = CARTESIAN_POINT('',(-41.846066215,36.233840540438));
#5959 = CARTESIAN_POINT('',(-41.87683449346,36.019208751875));
#5960 = CARTESIAN_POINT('',(-41.89491344657,35.796458387204));
#5961 = CARTESIAN_POINT('',(-41.89872562478,35.566615763537));
#5962 = CARTESIAN_POINT('',(-41.88674012632,35.331088874414));
#5963 = CARTESIAN_POINT('',(-41.85763194479,35.091721407292));
#5964 = CARTESIAN_POINT('',(-41.81044114967,34.850738342052));
#5965 = CARTESIAN_POINT('',(-41.67951411792,34.372224145611));
#5966 = CARTESIAN_POINT('',(-41.59605283962,34.134679710555));
#5967 = CARTESIAN_POINT('',(-41.49391846828,33.900338980862));
#5968 = CARTESIAN_POINT('',(-41.37317317133,33.671797859994));
#5969 = CARTESIAN_POINT('',(-41.23449609079,33.451703947342));
#5970 = CARTESIAN_POINT('',(-41.07918554536,33.242481479205));
#5971 = CARTESIAN_POINT('',(-40.73812605183,32.849043201829));
#5972 = CARTESIAN_POINT('',(-40.5522567688,32.664930462489));
#5973 = CARTESIAN_POINT('',(-40.35316723303,32.495868442264));
#5974 = CARTESIAN_POINT('',(-40.14310158576,32.343504458924));
#5975 = CARTESIAN_POINT('',(-39.92461728719,32.20889436906));
#5976 = CARTESIAN_POINT('',(-39.70030655846,32.092465796848));
#5977 = CARTESIAN_POINT('',(-39.24505055912,31.895828793279));
#5978 = CARTESIAN_POINT('',(-39.01410778577,31.815601395696));
#5979 = CARTESIAN_POINT('',(-38.78224293641,31.753348689935));
#5980 = CARTESIAN_POINT('',(-38.55176298272,31.708438732059));
#5981 = CARTESIAN_POINT('',(-38.32465383625,31.67983193787));
#5982 = CARTESIAN_POINT('',(-38.10250584382,31.666228067138));
#5983 = CARTESIAN_POINT('',(-37.88654400641,31.666228067138));
#5984 = ( GEOMETRIC_REPRESENTATION_CONTEXT(2) 
PARAMETRIC_REPRESENTATION_CONTEXT() REPRESENTATION_CONTEXT('2D SPACE',''
  ) );
#5985 = ORIENTED_EDGE('',*,*,#5986,.F.);
#5986 = EDGE_CURVE('',#5987,#5895,#5989,.T.);
#5987 = VERTEX_POINT('',#5988);
#5988 = CARTESIAN_POINT('',(-41.32332467601,33.18708841885,973.78));
#5989 = SURFACE_CURVE('',#5990,(#5997,#6007),.PCURVE_S1.);
#5990 = B_SPLINE_CURVE_WITH_KNOTS('',5,(#5991,#5992,#5993,#5994,#5995,
    #5996),.UNSPECIFIED.,.F.,.F.,(6,6),(0.,1.),
  .PIECEWISE_BEZIER_KNOTS.);
#5991 = CARTESIAN_POINT('',(-41.32332468134,33.187088412219,
    973.77999714562));
#5992 = CARTESIAN_POINT('',(-41.29421595375,33.223333514111,
    989.3800717619));
#5993 = CARTESIAN_POINT('',(-41.26418916353,33.260640357893,
    1.004980112234E+03));
#5994 = CARTESIAN_POINT('',(-41.23321169488,33.299039730804,
    1.020580115214E+03));
#5995 = CARTESIAN_POINT('',(-41.20124928059,33.338563263268,
    1.036180080052E+03));
#5996 = CARTESIAN_POINT('',(-41.16826606572,33.379243088207,
    1.051780002854E+03));
#5997 = PCURVE('',#3961,#5998);
#5998 = DEFINITIONAL_REPRESENTATION('',(#5999),#6006);
#5999 = B_SPLINE_CURVE_WITH_KNOTS('',5,(#6000,#6001,#6002,#6003,#6004,
    #6005),.UNSPECIFIED.,.F.,.F.,(6,6),(0.,1.),
  .PIECEWISE_BEZIER_KNOTS.);
#6000 = CARTESIAN_POINT('',(51.809718424286,8.499997020449));
#6001 = CARTESIAN_POINT('',(52.033034746732,24.100071273501));
#6002 = CARTESIAN_POINT('',(52.263229839126,39.700111151623));
#6003 = CARTESIAN_POINT('',(52.500489437638,55.300116376935));
#6004 = CARTESIAN_POINT('',(52.74500778465,70.900080571485));
#6005 = CARTESIAN_POINT('',(52.996997327445,86.500002987045));
#6006 = ( GEOMETRIC_REPRESENTATION_CONTEXT(2) 
PARAMETRIC_REPRESENTATION_CONTEXT() REPRESENTATION_CONTEXT('2D SPACE',''
  ) );
#6007 = PCURVE('',#6008,#6013);
#6008 = CYLINDRICAL_SURFACE('',#6009,53.);
#6009 = AXIS2_PLACEMENT_3D('',#6010,#6011,#6012);
#6010 = CARTESIAN_POINT('',(0.,0.,973.78));
#6011 = DIRECTION('',(0.,0.,1.));
#6012 = DIRECTION('',(1.,0.,0.));
#6013 = DEFINITIONAL_REPRESENTATION('',(#6014),#6021);
#6014 = B_SPLINE_CURVE_WITH_KNOTS('',5,(#6015,#6016,#6017,#6018,#6019,
    #6020),.UNSPECIFIED.,.F.,.F.,(6,6),(0.,1.),
  .PIECEWISE_BEZIER_KNOTS.);
#6015 = CARTESIAN_POINT('',(2.464959522682,-2.85437322785E-06));
#6016 = CARTESIAN_POINT('',(2.464082412668,15.6000717619));
#6017 = CARTESIAN_POINT('',(2.463178836819,31.200112233592));
#6018 = CARTESIAN_POINT('',(2.462247955474,46.800115214332));
#6019 = CARTESIAN_POINT('',(2.461288896557,62.400080051674));
#6020 = CARTESIAN_POINT('',(2.460300761063,78.000002854373));
#6021 = ( GEOMETRIC_REPRESENTATION_CONTEXT(2) 
PARAMETRIC_REPRESENTATION_CONTEXT() REPRESENTATION_CONTEXT('2D SPACE',''
  ) );
#6022 = ORIENTED_EDGE('',*,*,#6023,.F.);
#6023 = EDGE_CURVE('',#3904,#5987,#6024,.T.);
#6024 = SURFACE_CURVE('',#6025,(#6031,#6040),.PCURVE_S1.);
#6025 = B_SPLINE_CURVE_WITH_KNOTS('',4,(#6026,#6027,#6028,#6029,#6030),
  .UNSPECIFIED.,.F.,.F.,(5,5),(0.,1.),.PIECEWISE_BEZIER_KNOTS.);
#6026 = CARTESIAN_POINT('',(-41.33050676023,33.174888179187,
    969.21699714562));
#6027 = CARTESIAN_POINT('',(-41.3287202939,33.177927698682,
    970.35774889526));
#6028 = CARTESIAN_POINT('',(-41.32692780365,33.180974233688,
    971.4985004315));
#6029 = CARTESIAN_POINT('',(-41.32512926955,33.184027803249,
    972.63925175198));
#6030 = CARTESIAN_POINT('',(-41.3233246715,33.187088426509,
    973.78000285437));
#6031 = PCURVE('',#3961,#6032);
#6032 = DEFINITIONAL_REPRESENTATION('',(#6033),#6039);
#6033 = B_SPLINE_CURVE_WITH_KNOTS('',4,(#6034,#6035,#6036,#6037,#6038),
  .UNSPECIFIED.,.F.,.F.,(5,5),(0.,1.),.PIECEWISE_BEZIER_KNOTS.);
#6034 = CARTESIAN_POINT('',(51.716096192508,3.936997112309));
#6035 = CARTESIAN_POINT('',(51.739456399625,5.077748844358));
#6036 = CARTESIAN_POINT('',(51.762846730607,6.218500358189));
#6037 = CARTESIAN_POINT('',(51.786267371685,7.359251653324));
#6038 = CARTESIAN_POINT('',(51.80971851014,8.500002729159));
#6039 = ( GEOMETRIC_REPRESENTATION_CONTEXT(2) 
PARAMETRIC_REPRESENTATION_CONTEXT() REPRESENTATION_CONTEXT('2D SPACE',''
  ) );
#6040 = PCURVE('',#3920,#6041);
#6041 = DEFINITIONAL_REPRESENTATION('',(#6042),#6048);
#6042 = B_SPLINE_CURVE_WITH_KNOTS('',4,(#6043,#6044,#6045,#6046,#6047),
  .UNSPECIFIED.,.F.,.F.,(5,5),(0.,1.),.PIECEWISE_BEZIER_KNOTS.);
#6043 = CARTESIAN_POINT('',(2.465223864098,-2.85437322785E-06));
#6044 = CARTESIAN_POINT('',(2.465158038209,1.140749009022));
#6045 = CARTESIAN_POINT('',(2.465092039628,2.281500659023));
#6046 = CARTESIAN_POINT('',(2.465025867847,3.422252093265));
#6047 = CARTESIAN_POINT('',(2.464959522356,4.563003309416));
#6048 = ( GEOMETRIC_REPRESENTATION_CONTEXT(2) 
PARAMETRIC_REPRESENTATION_CONTEXT() REPRESENTATION_CONTEXT('2D SPACE',''
  ) );
#6049 = ORIENTED_EDGE('',*,*,#3935,.T.);
#6050 = ORIENTED_EDGE('',*,*,#5526,.T.);
#6051 = ORIENTED_EDGE('',*,*,#6052,.T.);
#6052 = EDGE_CURVE('',#5527,#6053,#6055,.T.);
#6053 = VERTEX_POINT('',#6054);
#6054 = CARTESIAN_POINT('',(-41.80963523885,36.261467709641,
    1.059988788178E+03));
#6055 = SURFACE_CURVE('',#6056,(#6068,#6075),.PCURVE_S1.);
#6056 = B_SPLINE_CURVE_WITH_KNOTS('',4,(#6057,#6058,#6059,#6060,#6061,
    #6062,#6063,#6064,#6065,#6066,#6067),.UNSPECIFIED.,.F.,.F.,(5,3,3,5)
  ,(-4.600187005187,8.335169941537E-13,95.000000000001,99.651127419771),
  .UNSPECIFIED.);
#6057 = CARTESIAN_POINT('',(-42.22447946823,35.922773268483,
    960.62886312678));
#6058 = CARTESIAN_POINT('',(-42.21988244219,35.926820180632,
    961.80438481209));
#6059 = CARTESIAN_POINT('',(-42.21531862379,35.930837859004,
    962.97141485273));
#6060 = CARTESIAN_POINT('',(-42.21078801304,35.934826303597,
    964.1299532487));
#6061 = CARTESIAN_POINT('',(-42.11341323477,36.020548500792,989.03));
#6062 = CARTESIAN_POINT('',(-42.01607223922,36.101924023561,1.01278E+03)
  );
#6063 = CARTESIAN_POINT('',(-41.91433110282,36.182637955654,1.03653E+03)
  );
#6064 = CARTESIAN_POINT('',(-41.80314636368,36.266353692395,
    1.061442781855E+03));
#6065 = CARTESIAN_POINT('',(-41.79795691523,36.27026104968,
    1.06260556371E+03));
#6066 = CARTESIAN_POINT('',(-41.79276746678,36.274168406964,
    1.063768345565E+03));
#6067 = CARTESIAN_POINT('',(-41.78757801833,36.278075764249,
    1.06493112742E+03));
#6068 = PCURVE('',#3961,#6069);
#6069 = DEFINITIONAL_REPRESENTATION('',(#6070),#6074);
#6070 = LINE('',#6071,#6072);
#6071 = CARTESIAN_POINT('',(95.,0.));
#6072 = VECTOR('',#6073,1.);
#6073 = DIRECTION('',(0.,1.));
#6074 = ( GEOMETRIC_REPRESENTATION_CONTEXT(2) 
PARAMETRIC_REPRESENTATION_CONTEXT() REPRESENTATION_CONTEXT('2D SPACE',''
  ) );
#6075 = PCURVE('',#5434,#6076);
#6076 = DEFINITIONAL_REPRESENTATION('',(#6077),#6083);
#6077 = B_SPLINE_CURVE_WITH_KNOTS('',4,(#6078,#6079,#6080,#6081,#6082),
  .UNSPECIFIED.,.F.,.F.,(5,5),(8.335169941537E-13,95.000000000001),
  .PIECEWISE_BEZIER_KNOTS.);
#6078 = CARTESIAN_POINT('',(-0.517436269345,2.101253228453E-02));
#6079 = CARTESIAN_POINT('',(23.420192228356,2.141464446492E-02));
#6080 = CARTESIAN_POINT('',(47.368032629572,2.181485109069E-02));
#6081 = CARTESIAN_POINT('',(71.326017088577,2.221180399883E-02));
#6082 = CARTESIAN_POINT('',(95.293882633843,2.260430337903E-02));
#6083 = ( GEOMETRIC_REPRESENTATION_CONTEXT(2) 
PARAMETRIC_REPRESENTATION_CONTEXT() REPRESENTATION_CONTEXT('2D SPACE',''
  ) );
#6084 = ORIENTED_EDGE('',*,*,#6085,.F.);
#6085 = EDGE_CURVE('',#5677,#6053,#6086,.T.);
#6086 = SURFACE_CURVE('',#6087,(#6093,#6102),.PCURVE_S1.);
#6087 = B_SPLINE_CURVE_WITH_KNOTS('',4,(#6088,#6089,#6090,#6091,#6092),
  .UNSPECIFIED.,.F.,.F.,(5,5),(0.,1.),.PIECEWISE_BEZIER_KNOTS.);
#6088 = CARTESIAN_POINT('',(-41.84618354123,35.917537708698,
    1.060010540496E+03));
#6089 = CARTESIAN_POINT('',(-41.84067081983,36.005457023592,
    1.060004990002E+03));
#6090 = CARTESIAN_POINT('',(-41.83264185825,36.092167226527,
    1.059999509636E+03));
#6091 = CARTESIAN_POINT('',(-41.82224479462,36.177534038908,
    1.059994107264E+03));
#6092 = CARTESIAN_POINT('',(-41.80963662205,36.261458502722,
    1.059988788762E+03));
#6093 = PCURVE('',#3961,#6094);
#6094 = DEFINITIONAL_REPRESENTATION('',(#6095),#6101);
#6095 = B_SPLINE_CURVE_WITH_KNOTS('',4,(#6096,#6097,#6098,#6099,#6100),
  .UNSPECIFIED.,.F.,.F.,(5,5),(0.,1.),.PIECEWISE_BEZIER_KNOTS.);
#6096 = CARTESIAN_POINT('',(89.680112858891,94.730540495624));
#6097 = CARTESIAN_POINT('',(91.009927101894,94.724990001843));
#6098 = CARTESIAN_POINT('',(92.339827500278,94.719509635579));
#6099 = CARTESIAN_POINT('',(93.669805191074,94.714107264261));
#6100 = CARTESIAN_POINT('',(94.99985408747,94.708788761835));
#6101 = ( GEOMETRIC_REPRESENTATION_CONTEXT(2) 
PARAMETRIC_REPRESENTATION_CONTEXT() REPRESENTATION_CONTEXT('2D SPACE',''
  ) );
#6102 = PCURVE('',#6103,#6108);
#6103 = B_SPLINE_SURFACE_WITH_KNOTS('',1,1,(
    (#6104,#6105)
    ,(#6106,#6107
    )),.UNSPECIFIED.,.F.,.F.,.F.,(2,2),(2,2),(0.,85.),(0.,1.),
  .PIECEWISE_BEZIER_KNOTS.);
#6104 = CARTESIAN_POINT('',(-42.5,31.666228067138,1.06028E+03));
#6105 = CARTESIAN_POINT('',(-11.95219796706,235.,1.047394230654E+03));
#6106 = CARTESIAN_POINT('',(42.5,31.666228067138,1.06028E+03));
#6107 = CARTESIAN_POINT('',(28.43241741755,235.,1.035858077038E+03));
#6108 = DEFINITIONAL_REPRESENTATION('',(#6109),#6115);
#6109 = B_SPLINE_CURVE_WITH_KNOTS('',4,(#6110,#6111,#6112,#6113,#6114),
  .UNSPECIFIED.,.F.,.F.,(5,5),(0.,1.),.PIECEWISE_BEZIER_KNOTS.);
#6110 = CARTESIAN_POINT('',(1.528973645518E-02,2.090803510478E-02));
#6111 = CARTESIAN_POINT('',(7.512034831307E-03,2.134042424535E-02));
#6112 = CARTESIAN_POINT('',(2.45735052944E-03,2.176686694648E-02));
#6113 = CARTESIAN_POINT('',(2.021659769727E-07,2.218670282308E-02));
#6114 = CARTESIAN_POINT('',(0.,2.259944519743E-02));
#6115 = ( GEOMETRIC_REPRESENTATION_CONTEXT(2) 
PARAMETRIC_REPRESENTATION_CONTEXT() REPRESENTATION_CONTEXT('2D SPACE',''
  ) );
#6116 = ADVANCED_FACE('',(#6117),#3920,.T.);
#6117 = FACE_BOUND('',#6118,.T.);
#6118 = EDGE_LOOP('',(#6119,#6120,#6121,#6143));
#6119 = ORIENTED_EDGE('',*,*,#3903,.T.);
#6120 = ORIENTED_EDGE('',*,*,#4536,.T.);
#6121 = ORIENTED_EDGE('',*,*,#6122,.F.);
#6122 = EDGE_CURVE('',#5987,#4537,#6123,.T.);
#6123 = SURFACE_CURVE('',#6124,(#6129,#6136),.PCURVE_S1.);
#6124 = CIRCLE('',#6125,53.);
#6125 = AXIS2_PLACEMENT_3D('',#6126,#6127,#6128);
#6126 = CARTESIAN_POINT('',(0.,0.,973.78));
#6127 = DIRECTION('',(0.,0.,1.));
#6128 = DIRECTION('',(1.,0.,0.));
#6129 = PCURVE('',#3920,#6130);
#6130 = DEFINITIONAL_REPRESENTATION('',(#6131),#6135);
#6131 = LINE('',#6132,#6133);
#6132 = CARTESIAN_POINT('',(0.,4.563000455043));
#6133 = VECTOR('',#6134,1.);
#6134 = DIRECTION('',(1.,0.));
#6135 = ( GEOMETRIC_REPRESENTATION_CONTEXT(2) 
PARAMETRIC_REPRESENTATION_CONTEXT() REPRESENTATION_CONTEXT('2D SPACE',''
  ) );
#6136 = PCURVE('',#6008,#6137);
#6137 = DEFINITIONAL_REPRESENTATION('',(#6138),#6142);
#6138 = LINE('',#6139,#6140);
#6139 = CARTESIAN_POINT('',(0.,0.));
#6140 = VECTOR('',#6141,1.);
#6141 = DIRECTION('',(1.,0.));
#6142 = ( GEOMETRIC_REPRESENTATION_CONTEXT(2) 
PARAMETRIC_REPRESENTATION_CONTEXT() REPRESENTATION_CONTEXT('2D SPACE',''
  ) );
#6143 = ORIENTED_EDGE('',*,*,#6023,.F.);
#6144 = ADVANCED_FACE('',(#6145),#4604,.T.);
#6145 = FACE_BOUND('',#6146,.T.);
#6146 = EDGE_LOOP('',(#6147,#6170,#6171,#6172,#6196,#6219,#6448));
#6147 = ORIENTED_EDGE('',*,*,#6148,.F.);
#6148 = EDGE_CURVE('',#4537,#6149,#6151,.T.);
#6149 = VERTEX_POINT('',#6150);
#6150 = CARTESIAN_POINT('',(53.,0.,982.78));
#6151 = SURFACE_CURVE('',#6152,(#6156,#6163),.PCURVE_S1.);
#6152 = LINE('',#6153,#6154);
#6153 = CARTESIAN_POINT('',(53.,0.,973.78));
#6154 = VECTOR('',#6155,1.);
#6155 = DIRECTION('',(0.,0.,1.));
#6156 = PCURVE('',#4604,#6157);
#6157 = DEFINITIONAL_REPRESENTATION('',(#6158),#6162);
#6158 = LINE('',#6159,#6160);
#6159 = CARTESIAN_POINT('',(4.138911435803E-13,0.));
#6160 = VECTOR('',#6161,1.);
#6161 = DIRECTION('',(0.,1.));
#6162 = ( GEOMETRIC_REPRESENTATION_CONTEXT(2) 
PARAMETRIC_REPRESENTATION_CONTEXT() REPRESENTATION_CONTEXT('2D SPACE',''
  ) );
#6163 = PCURVE('',#6008,#6164);
#6164 = DEFINITIONAL_REPRESENTATION('',(#6165),#6169);
#6165 = LINE('',#6166,#6167);
#6166 = CARTESIAN_POINT('',(6.28318530718,0.));
#6167 = VECTOR('',#6168,1.);
#6168 = DIRECTION('',(0.,1.));
#6169 = ( GEOMETRIC_REPRESENTATION_CONTEXT(2) 
PARAMETRIC_REPRESENTATION_CONTEXT() REPRESENTATION_CONTEXT('2D SPACE',''
  ) );
#6170 = ORIENTED_EDGE('',*,*,#4589,.T.);
#6171 = ORIENTED_EDGE('',*,*,#4821,.F.);
#6172 = ORIENTED_EDGE('',*,*,#6173,.F.);
#6173 = EDGE_CURVE('',#6174,#4822,#6176,.T.);
#6174 = VERTEX_POINT('',#6175);
#6175 = CARTESIAN_POINT('',(53.,0.,1.05178E+03));
#6176 = SURFACE_CURVE('',#6177,(#6182,#6189),.PCURVE_S1.);
#6177 = CIRCLE('',#6178,53.);
#6178 = AXIS2_PLACEMENT_3D('',#6179,#6180,#6181);
#6179 = CARTESIAN_POINT('',(0.,0.,1.05178E+03));
#6180 = DIRECTION('',(0.,0.,1.));
#6181 = DIRECTION('',(1.,0.,0.));
#6182 = PCURVE('',#4604,#6183);
#6183 = DEFINITIONAL_REPRESENTATION('',(#6184),#6188);
#6184 = LINE('',#6185,#6186);
#6185 = CARTESIAN_POINT('',(0.,78.));
#6186 = VECTOR('',#6187,1.);
#6187 = DIRECTION('',(1.,0.));
#6188 = ( GEOMETRIC_REPRESENTATION_CONTEXT(2) 
PARAMETRIC_REPRESENTATION_CONTEXT() REPRESENTATION_CONTEXT('2D SPACE',''
  ) );
#6189 = PCURVE('',#4907,#6190);
#6190 = DEFINITIONAL_REPRESENTATION('',(#6191),#6195);
#6191 = CIRCLE('',#6192,53.);
#6192 = AXIS2_PLACEMENT_2D('',#6193,#6194);
#6193 = CARTESIAN_POINT('',(0.,0.));
#6194 = DIRECTION('',(1.,0.));
#6195 = ( GEOMETRIC_REPRESENTATION_CONTEXT(2) 
PARAMETRIC_REPRESENTATION_CONTEXT() REPRESENTATION_CONTEXT('2D SPACE',''
  ) );
#6196 = ORIENTED_EDGE('',*,*,#6197,.F.);
#6197 = EDGE_CURVE('',#6198,#6174,#6200,.T.);
#6198 = VERTEX_POINT('',#6199);
#6199 = CARTESIAN_POINT('',(53.,3.673940397442E-15,1.04278E+03));
#6200 = SURFACE_CURVE('',#6201,(#6205,#6212),.PCURVE_S1.);
#6201 = LINE('',#6202,#6203);
#6202 = CARTESIAN_POINT('',(53.,0.,973.78));
#6203 = VECTOR('',#6204,1.);
#6204 = DIRECTION('',(0.,0.,1.));
#6205 = PCURVE('',#4604,#6206);
#6206 = DEFINITIONAL_REPRESENTATION('',(#6207),#6211);
#6207 = LINE('',#6208,#6209);
#6208 = CARTESIAN_POINT('',(4.138911435803E-13,0.));
#6209 = VECTOR('',#6210,1.);
#6210 = DIRECTION('',(0.,1.));
#6211 = ( GEOMETRIC_REPRESENTATION_CONTEXT(2) 
PARAMETRIC_REPRESENTATION_CONTEXT() REPRESENTATION_CONTEXT('2D SPACE',''
  ) );
#6212 = PCURVE('',#6008,#6213);
#6213 = DEFINITIONAL_REPRESENTATION('',(#6214),#6218);
#6214 = LINE('',#6215,#6216);
#6215 = CARTESIAN_POINT('',(6.28318530718,0.));
#6216 = VECTOR('',#6217,1.);
#6217 = DIRECTION('',(0.,1.));
#6218 = ( GEOMETRIC_REPRESENTATION_CONTEXT(2) 
PARAMETRIC_REPRESENTATION_CONTEXT() REPRESENTATION_CONTEXT('2D SPACE',''
  ) );
#6219 = ORIENTED_EDGE('',*,*,#6220,.F.);
#6220 = EDGE_CURVE('',#6221,#6198,#6223,.T.);
#6221 = VERTEX_POINT('',#6222);
#6222 = CARTESIAN_POINT('',(43.692104549907,30.,1.01278E+03));
#6223 = SURFACE_CURVE('',#6224,(#6311,#6401),.PCURVE_S1.);
#6224 = B_SPLINE_CURVE_WITH_KNOTS('',7,(#6225,#6226,#6227,#6228,#6229,
    #6230,#6231,#6232,#6233,#6234,#6235,#6236,#6237,#6238,#6239,#6240,
    #6241,#6242,#6243,#6244,#6245,#6246,#6247,#6248,#6249,#6250,#6251,
    #6252,#6253,#6254,#6255,#6256,#6257,#6258,#6259,#6260,#6261,#6262,
    #6263,#6264,#6265,#6266,#6267,#6268,#6269,#6270,#6271,#6272,#6273,
    #6274,#6275,#6276,#6277,#6278,#6279,#6280,#6281,#6282,#6283,#6284,
    #6285,#6286,#6287,#6288,#6289,#6290,#6291,#6292,#6293,#6294,#6295,
    #6296,#6297,#6298,#6299,#6300,#6301,#6302,#6303,#6304,#6305,#6306,
    #6307,#6308,#6309,#6310),.UNSPECIFIED.,.F.,.F.,(8,6,6,6,6,6,6,6,6,6,
    6,6,6,6,8),(0.,6.717130480067E-02,0.108699807735,0.160264652448,
    0.199605316912,0.229420248246,0.310672171539,0.4025199579,
    0.499868642814,0.597252660185,0.689076187288,0.839558406426,
    0.89100175239,0.932595544854,1.),.UNSPECIFIED.);
#6225 = CARTESIAN_POINT('',(53.,-1.836970198721E-15,982.78));
#6226 = CARTESIAN_POINT('',(53.,1.136871914438,982.78));
#6227 = CARTESIAN_POINT('',(52.971549155763,2.2719012399,982.83026315917
    ));
#6228 = CARTESIAN_POINT('',(52.914813862598,3.399416926595,
    982.93049550997));
#6229 = CARTESIAN_POINT('',(52.83071420636,4.513779743117,
    983.07943212409));
#6230 = CARTESIAN_POINT('',(52.720914982779,5.609439877208,
    983.27484122765));
#6231 = CARTESIAN_POINT('',(52.587775839125,6.680992686791,
    983.51350543733));
#6232 = CARTESIAN_POINT('',(52.339350060501,8.367595003884,
    983.96285184238));
#6233 = CARTESIAN_POINT('',(52.236568644381,9.001313499907,
    984.14958390082));
#6234 = CARTESIAN_POINT('',(52.126467359872,9.623970052569,
    984.35064578967));
#6235 = CARTESIAN_POINT('',(52.009615206046,10.235174026414,
    984.5652929463));
#6236 = CARTESIAN_POINT('',(51.886595392429,10.834562110744,
    984.79276489841));
#6237 = CARTESIAN_POINT('',(51.758001620426,11.421798243055,
    985.03228341402));
#6238 = CARTESIAN_POINT('',(51.458587432849,12.710256821051,
    985.59442170356));
#6239 = CARTESIAN_POINT('',(51.28504098853,13.404864786237,
    985.92319453304));
#6240 = CARTESIAN_POINT('',(51.104784309221,14.080458622248,
    986.26814557465));
#6241 = CARTESIAN_POINT('',(50.918763079773,14.737137016032,
    986.62813101087));
#6242 = CARTESIAN_POINT('',(50.727877006166,15.375035792272,
    987.00208567638));
#6243 = CARTESIAN_POINT('',(50.532977429217,15.994327558407,
    987.38902196257));
#6244 = CARTESIAN_POINT('',(50.183717832654,17.053664716438,
    988.09244525103));
#6245 = CARTESIAN_POINT('',(50.030678915746,17.501464840648,
    988.40393140189));
#6246 = CARTESIAN_POINT('',(49.876082960899,17.938768673227,
    988.72212678784));
#6247 = CARTESIAN_POINT('',(49.720247336056,18.365724903322,
    989.04670067413));
#6248 = CARTESIAN_POINT('',(49.563472500128,18.782484046167,
    989.37735214143));
#6249 = CARTESIAN_POINT('',(49.406042499342,19.189198530988,
    989.71381024935));
#6250 = CARTESIAN_POINT('',(49.128621380934,19.886762193349,
    990.31504234332));
#6251 = CARTESIAN_POINT('',(49.008795602484,20.181819891194,
    990.57744616644));
#6252 = CARTESIAN_POINT('',(48.888864829105,20.471262249721,
    990.84294060669));
#6253 = CARTESIAN_POINT('',(48.768942170303,20.755153315185,
    991.11142752051));
#6254 = CARTESIAN_POINT('',(48.649137144227,21.033554812818,
    991.38281568332));
#6255 = CARTESIAN_POINT('',(48.529555677664,21.306526146822,
    991.65702078951));
#6256 = CARTESIAN_POINT('',(48.085303732609,22.303385606037,
    992.68869757839));
#6257 = CARTESIAN_POINT('',(47.762660672273,22.992895647055,
    993.46393316111));
#6258 = CARTESIAN_POINT('',(47.444517395744,23.643628106537,
    994.25795783247));
#6259 = CARTESIAN_POINT('',(47.132851198921,24.256474172353,
    995.06937789029));
#6260 = CARTESIAN_POINT('',(46.829504192224,24.832216199998,
    995.89707692269));
#6261 = CARTESIAN_POINT('',(46.53621728992,25.371501275447,
    996.74017243233));
#6262 = CARTESIAN_POINT('',(45.936394464341,26.443764154015,
    998.56763607672));
#6263 = CARTESIAN_POINT('',(45.633052347107,26.966866434244,
    999.55629048072));
#6264 = CARTESIAN_POINT('',(45.347328967498,27.444313259137,
    1.000562141786E+03));
#6265 = CARTESIAN_POINT('',(45.081738597113,27.876255102303,
    1.001583593389E+03));
#6266 = CARTESIAN_POINT('',(44.838599222554,28.262768285931,
    1.002619223306E+03));
#6267 = CARTESIAN_POINT('',(44.620013108599,28.603821996203,
    1.003667761505E+03));
#6268 = CARTESIAN_POINT('',(44.224172525872,29.212361935813,
    1.00585187624E+03));
#6269 = CARTESIAN_POINT('',(44.050172528905,29.474225736555,
    1.006988931401E+03));
#6270 = CARTESIAN_POINT('',(43.90833088652,29.684229287529,
    1.008136442797E+03));
#6271 = CARTESIAN_POINT('',(43.800590023193,29.842001404915,
    1.00929178303E+03));
#6272 = CARTESIAN_POINT('',(43.728283803347,29.947308396389,
    1.010452442692E+03));
#6273 = CARTESIAN_POINT('',(43.692104549907,30.,1.011615985054E+03));
#6274 = CARTESIAN_POINT('',(43.692104549907,30.,1.013944437423E+03));
#6275 = CARTESIAN_POINT('',(43.728310070304,29.947270141099,
    1.01510840171E+03));
#6276 = CARTESIAN_POINT('',(43.800668744506,29.841886754923,
    1.016269480265E+03));
#6277 = CARTESIAN_POINT('',(43.908487265625,29.684000290315,
    1.017425233814E+03));
#6278 = CARTESIAN_POINT('',(44.050429873699,29.473844722946,
    1.018573150262E+03));
#6279 = CARTESIAN_POINT('',(44.224551403845,29.211791734225,
    1.01971059931E+03));
#6280 = CARTESIAN_POINT('',(44.620540923476,28.602998976131,
    1.021894786803E+03));
#6281 = CARTESIAN_POINT('',(44.839120272647,28.261941539245,
    1.022943024887E+03));
#6282 = CARTESIAN_POINT('',(45.082237032467,27.875447781096,
    1.023978361009E+03));
#6283 = CARTESIAN_POINT('',(45.347790181656,27.44354847341,
    1.024999524876E+03));
#6284 = CARTESIAN_POINT('',(45.633463065526,26.966167654605,
    1.026005094431E+03));
#6285 = CARTESIAN_POINT('',(45.93674287345,26.443155556964,
    1.026993473282E+03));
#6286 = CARTESIAN_POINT('',(46.776408074959,24.942105043899,
    1.029551531696E+03));
#6287 = CARTESIAN_POINT('',(47.337493830937,23.88761950662,
    1.031087852177E+03));
#6288 = CARTESIAN_POINT('',(47.927908701707,22.707400766704,
    1.03256919985E+03));
#6289 = CARTESIAN_POINT('',(48.536747140546,21.395651148809,
    1.03399004589E+03));
#6290 = CARTESIAN_POINT('',(49.151554748898,19.945016270869,
    1.0353411144E+03));
#6291 = CARTESIAN_POINT('',(49.757122796182,18.347498871453,
    1.036608361021E+03));
#6292 = CARTESIAN_POINT('',(50.532110424749,15.996980719277,
    1.038169236522E+03));
#6293 = CARTESIAN_POINT('',(50.726358418402,15.379882372294,
    1.038554902837E+03));
#6294 = CARTESIAN_POINT('',(50.916623388932,14.744305405488,
    1.038927679477E+03));
#6295 = CARTESIAN_POINT('',(51.102063107065,14.09007822374,
    1.039286589653E+03));
#6296 = CARTESIAN_POINT('',(51.281787586859,13.417065445122,
    1.039630579963E+03));
#6297 = CARTESIAN_POINT('',(51.454861417947,12.725168247569,
    1.039958519326E+03));
#6298 = CARTESIAN_POINT('',(51.754074062306,11.4395821946,
    1.040520392697E+03));
#6299 = CARTESIAN_POINT('',(51.882875901071,10.852362367526,
    1.040760343325E+03));
#6300 = CARTESIAN_POINT('',(52.00611054202,10.252972865995,
    1.040988251251E+03));
#6301 = CARTESIAN_POINT('',(52.123183554454,9.641748538612,
    1.04120333739E+03));
#6302 = CARTESIAN_POINT('',(52.233510870495,9.019051526569,
    1.041404840261E+03));
#6303 = CARTESIAN_POINT('',(52.336522506556,8.385271339294,
    1.041592014137E+03));
#6304 = CARTESIAN_POINT('',(52.585850699203,6.696472960534,
    1.042043043506E+03));
#6305 = CARTESIAN_POINT('',(52.719592189037,5.622624898452,
    1.042282804541E+03));
#6306 = CARTESIAN_POINT('',(52.829902634736,4.52451400979,
    1.042479130588E+03));
#6307 = CARTESIAN_POINT('',(52.914402145714,3.407574976396,
    1.042628777123E+03));
#6308 = CARTESIAN_POINT('',(52.971410964019,2.27738942369,
    1.042729492702E+03));
#6309 = CARTESIAN_POINT('',(53.,1.139629570345,1.04278E+03));
#6310 = CARTESIAN_POINT('',(53.,3.673940397442E-15,1.04278E+03));
#6311 = PCURVE('',#4604,#6312);
#6312 = DEFINITIONAL_REPRESENTATION('',(#6313),#6400);
#6313 = B_SPLINE_CURVE_WITH_KNOTS('',7,(#6314,#6315,#6316,#6317,#6318,
    #6319,#6320,#6321,#6322,#6323,#6324,#6325,#6326,#6327,#6328,#6329,
    #6330,#6331,#6332,#6333,#6334,#6335,#6336,#6337,#6338,#6339,#6340,
    #6341,#6342,#6343,#6344,#6345,#6346,#6347,#6348,#6349,#6350,#6351,
    #6352,#6353,#6354,#6355,#6356,#6357,#6358,#6359,#6360,#6361,#6362,
    #6363,#6364,#6365,#6366,#6367,#6368,#6369,#6370,#6371,#6372,#6373,
    #6374,#6375,#6376,#6377,#6378,#6379,#6380,#6381,#6382,#6383,#6384,
    #6385,#6386,#6387,#6388,#6389,#6390,#6391,#6392,#6393,#6394,#6395,
    #6396,#6397,#6398,#6399),.UNSPECIFIED.,.F.,.F.,(8,6,6,6,6,6,6,6,6,6,
    6,6,6,6,8),(0.,6.717130480067E-02,0.108699807735,0.160264652448,
    0.199605316912,0.229420248246,0.310672171539,0.4025199579,
    0.499868642814,0.597252660185,0.689076187288,0.839558406426,
    0.89100175239,0.932595544854,1.),.UNSPECIFIED.);
#6314 = CARTESIAN_POINT('',(0.,9.));
#6315 = CARTESIAN_POINT('',(2.145041347996E-02,9.));
#6316 = CARTESIAN_POINT('',(4.286606465056E-02,9.050263159178));
#6317 = CARTESIAN_POINT('',(6.415605437947E-02,9.150495509974));
#6318 = CARTESIAN_POINT('',(8.522991030108E-02,9.29943212409));
#6319 = CARTESIAN_POINT('',(0.105996780461,9.494841227655));
#6320 = CARTESIAN_POINT('',(0.126365007941,9.733505437338));
#6321 = CARTESIAN_POINT('',(0.158531044036,10.182851842383));
#6322 = CARTESIAN_POINT('',(0.170642956887,10.369583900828));
#6323 = CARTESIAN_POINT('',(0.182571541009,10.570645789678));
#6324 = CARTESIAN_POINT('',(0.194310574427,10.7852929463));
#6325 = CARTESIAN_POINT('',(0.205853904805,11.012764898411));
#6326 = CARTESIAN_POINT('',(0.217195457027,11.252283414025));
#6327 = CARTESIAN_POINT('',(0.242153765895,11.814421703568));
#6328 = CARTESIAN_POINT('',(0.255660603597,12.14319453305));
#6329 = CARTESIAN_POINT('',(0.268850967465,12.488145574655));
#6330 = CARTESIAN_POINT('',(0.281726057344,12.848131010873));
#6331 = CARTESIAN_POINT('',(0.294287165642,13.222085676384));
#6332 = CARTESIAN_POINT('',(0.306535783601,13.609021962578));
#6333 = CARTESIAN_POINT('',(0.327581576797,14.312445251038));
#6334 = CARTESIAN_POINT('',(0.336509905089,14.623931401891));
#6335 = CARTESIAN_POINT('',(0.345260580956,14.942126787848));
#6336 = CARTESIAN_POINT('',(0.353835410125,15.266700674133));
#6337 = CARTESIAN_POINT('',(0.362236138216,15.597352141436));
#6338 = CARTESIAN_POINT('',(0.3704644734,15.933810249356));
#6339 = CARTESIAN_POINT('',(0.384628712939,16.535042343325));
#6340 = CARTESIAN_POINT('',(0.390637251609,16.797446166448));
#6341 = CARTESIAN_POINT('',(0.396548441106,17.062940606697));
#6342 = CARTESIAN_POINT('',(0.402362935466,17.331427520516));
#6343 = CARTESIAN_POINT('',(0.408081326725,17.602815683325));
#6344 = CARTESIAN_POINT('',(0.413704144921,17.877020789519));
#6345 = CARTESIAN_POINT('',(0.434296032536,18.908697578394));
#6346 = CARTESIAN_POINT('',(0.448657071158,19.683933161117));
#6347 = CARTESIAN_POINT('',(0.462320811445,20.477957832474));
#6348 = CARTESIAN_POINT('',(0.475290714662,21.289377890296));
#6349 = CARTESIAN_POINT('',(0.487567596474,22.117076922692));
#6350 = CARTESIAN_POINT('',(0.499149357579,22.960172432331));
#6351 = CARTESIAN_POINT('',(0.522331081998,24.787636076729));
#6352 = CARTESIAN_POINT('',(0.533739003452,25.77629048072));
#6353 = CARTESIAN_POINT('',(0.544235871975,26.782141785521));
#6354 = CARTESIAN_POINT('',(0.553802074121,27.803593388575));
#6355 = CARTESIAN_POINT('',(0.562417193205,28.83922330573));
#6356 = CARTESIAN_POINT('',(0.570060212809,29.887761505007));
#6357 = CARTESIAN_POINT('',(0.583757476479,32.071876240418));
#6358 = CARTESIAN_POINT('',(0.589689305754,33.208931401079));
#6359 = CARTESIAN_POINT('',(0.594470632591,34.356442796646));
#6360 = CARTESIAN_POINT('',(0.598075333456,35.511783030094));
#6361 = CARTESIAN_POINT('',(0.600485545251,36.672442691752));
#6362 = CARTESIAN_POINT('',(0.601691519041,37.835985053712));
#6363 = CARTESIAN_POINT('',(0.601691519041,40.164437422528));
#6364 = CARTESIAN_POINT('',(0.600484669689,41.328401710042));
#6365 = CARTESIAN_POINT('',(0.598072709404,42.48948026516));
#6366 = CARTESIAN_POINT('',(0.594465400579,43.645233814361));
#6367 = CARTESIAN_POINT('',(0.589680630917,44.79315026188));
#6368 = CARTESIAN_POINT('',(0.583744560098,45.930599310305));
#6369 = CARTESIAN_POINT('',(0.570041765509,48.114786802907));
#6370 = CARTESIAN_POINT('',(0.562398755575,49.163024886573));
#6371 = CARTESIAN_POINT('',(0.553784173971,50.19836100861));
#6372 = CARTESIAN_POINT('',(0.544219023103,51.219524876323));
#6373 = CARTESIAN_POINT('',(0.533723711773,52.225094430625));
#6374 = CARTESIAN_POINT('',(0.522317851143,53.213473282067));
#6375 = CARTESIAN_POINT('',(0.489866171186,55.771531696183));
#6376 = CARTESIAN_POINT('',(0.467333994984,57.307852176704));
#6377 = CARTESIAN_POINT('',(0.44244789092,58.789199849966));
#6378 = CARTESIAN_POINT('',(0.415185232144,60.210045889924));
#6379 = CARTESIAN_POINT('',(0.385490016003,61.561114400445));
#6380 = CARTESIAN_POINT('',(0.353286242696,62.828361020616));
#6381 = CARTESIAN_POINT('',(0.306588448116,64.389236521854));
#6382 = CARTESIAN_POINT('',(0.294382985734,64.77490283668));
#6383 = CARTESIAN_POINT('',(0.28186718424,65.147679476849));
#6384 = CARTESIAN_POINT('',(0.269039554337,65.506589652812));
#6385 = CARTESIAN_POINT('',(0.255898802248,65.850579963497));
#6386 = CARTESIAN_POINT('',(0.242443725196,66.178519326467));
#6387 = CARTESIAN_POINT('',(0.217539067511,66.740392697302));
#6388 = CARTESIAN_POINT('',(0.206196975392,66.980343325278));
#6389 = CARTESIAN_POINT('',(0.194652803468,67.208251251403));
#6390 = CARTESIAN_POINT('',(0.182912610229,67.423337390161));
#6391 = CARTESIAN_POINT('',(0.170982531909,67.624840260843));
#6392 = CARTESIAN_POINT('',(0.158868774686,67.81201413727));
#6393 = CARTESIAN_POINT('',(0.126659262793,68.26304350597));
#6394 = CARTESIAN_POINT('',(0.106246688922,68.502804541374));
#6395 = CARTESIAN_POINT('',(8.543290949023E-02,68.6991305884));
#6396 = CARTESIAN_POINT('',(6.431009732289E-02,68.848777123279));
#6397 = CARTESIAN_POINT('',(4.296961532784E-02,68.949492702158));
#6398 = CARTESIAN_POINT('',(2.150244472349E-02,69.));
#6399 = CARTESIAN_POINT('',(0.,69.));
#6400 = ( GEOMETRIC_REPRESENTATION_CONTEXT(2) 
PARAMETRIC_REPRESENTATION_CONTEXT() REPRESENTATION_CONTEXT('2D SPACE',''
  ) );
#6401 = PCURVE('',#6402,#6407);
#6402 = CYLINDRICAL_SURFACE('',#6403,30.);
#6403 = AXIS2_PLACEMENT_3D('',#6404,#6405,#6406);
#6404 = CARTESIAN_POINT('',(43.692104549907,0.,1.01278E+03));
#6405 = DIRECTION('',(1.,0.,0.));
#6406 = DIRECTION('',(0.,0.,1.));
#6407 = DEFINITIONAL_REPRESENTATION('',(#6408),#6447);
#6408 = B_SPLINE_CURVE_WITH_KNOTS('',7,(#6409,#6410,#6411,#6412,#6413,
    #6414,#6415,#6416,#6417,#6418,#6419,#6420,#6421,#6422,#6423,#6424,
    #6425,#6426,#6427,#6428,#6429,#6430,#6431,#6432,#6433,#6434,#6435,
    #6436,#6437,#6438,#6439,#6440,#6441,#6442,#6443,#6444,#6445,#6446),
  .UNSPECIFIED.,.F.,.F.,(8,6,6,6,6,6,8),(0.499868642814,0.597252660185,
    0.689076187288,0.839558406426,0.89100175239,0.932595544854,1.),
  .UNSPECIFIED.);
#6409 = CARTESIAN_POINT('',(4.712388980385,-7.1054273576E-15));
#6410 = CARTESIAN_POINT('',(4.751203561136,-7.252298527953E-15));
#6411 = CARTESIAN_POINT('',(4.790002364045,3.620552039737E-02));
#6412 = CARTESIAN_POINT('',(4.828800517718,0.108564194599));
#6413 = CARTESIAN_POINT('',(4.867611793705,0.216382715718));
#6414 = CARTESIAN_POINT('',(4.906447707501,0.358325323792));
#6415 = CARTESIAN_POINT('',(4.945315807466,0.532446853938));
#6416 = CARTESIAN_POINT('',(5.020897283923,0.928436373569));
#6417 = CARTESIAN_POINT('',(5.057607962585,1.14701572274));
#6418 = CARTESIAN_POINT('',(5.094391582652,1.39013248256));
#6419 = CARTESIAN_POINT('',(5.131288359163,1.655685631749));
#6420 = CARTESIAN_POINT('',(5.168336979322,1.941358515619));
#6421 = CARTESIAN_POINT('',(5.205575254593,2.244638323543));
#6422 = CARTESIAN_POINT('',(5.30444000785,3.084303525052));
#6423 = CARTESIAN_POINT('',(5.366397066217,3.64538928103));
#6424 = CARTESIAN_POINT('',(5.429272943125,4.2358041518));
#6425 = CARTESIAN_POINT('',(5.49341515952,4.844642590639));
#6426 = CARTESIAN_POINT('',(5.559172768963,5.459450198991));
#6427 = CARTESIAN_POINT('',(5.626901079772,6.065018246275));
#6428 = CARTESIAN_POINT('',(5.720953476009,6.840005874842));
#6429 = CARTESIAN_POINT('',(5.745200922512,7.034253868495));
#6430 = CARTESIAN_POINT('',(5.769746296169,7.224518839025));
#6431 = CARTESIAN_POINT('',(5.794601209542,7.409958557159));
#6432 = CARTESIAN_POINT('',(5.819777654197,7.589683036952));
#6433 = CARTESIAN_POINT('',(5.845288403761,7.76275686804));
#6434 = CARTESIAN_POINT('',(5.892055357721,8.0619695124));
#6435 = CARTESIAN_POINT('',(5.913194296765,8.190771351164));
#6436 = CARTESIAN_POINT('',(5.934559113142,8.314005992114));
#6437 = CARTESIAN_POINT('',(5.956145583872,8.431079004547));
#6438 = CARTESIAN_POINT('',(5.977950342893,8.541406320588));
#6439 = CARTESIAN_POINT('',(5.999970839989,8.644417956649));
#6440 = CARTESIAN_POINT('',(6.058237158214,8.893746149296));
#6441 = CARTESIAN_POINT('',(6.094882153443,9.02748763913));
#6442 = CARTESIAN_POINT('',(6.132011355576,9.137798084829));
#6443 = CARTESIAN_POINT('',(6.169509932679,9.222297595807));
#6444 = CARTESIAN_POINT('',(6.207272328086,9.279306414112));
#6445 = CARTESIAN_POINT('',(6.245197654835,9.307895450093));
#6446 = CARTESIAN_POINT('',(6.28318530718,9.307895450093));
#6447 = ( GEOMETRIC_REPRESENTATION_CONTEXT(2) 
PARAMETRIC_REPRESENTATION_CONTEXT() REPRESENTATION_CONTEXT('2D SPACE',''
  ) );
#6448 = ORIENTED_EDGE('',*,*,#6449,.F.);
#6449 = EDGE_CURVE('',#6149,#6221,#6450,.T.);
#6450 = SURFACE_CURVE('',#6451,(#6538,#6628),.PCURVE_S1.);
#6451 = B_SPLINE_CURVE_WITH_KNOTS('',7,(#6452,#6453,#6454,#6455,#6456,
    #6457,#6458,#6459,#6460,#6461,#6462,#6463,#6464,#6465,#6466,#6467,
    #6468,#6469,#6470,#6471,#6472,#6473,#6474,#6475,#6476,#6477,#6478,
    #6479,#6480,#6481,#6482,#6483,#6484,#6485,#6486,#6487,#6488,#6489,
    #6490,#6491,#6492,#6493,#6494,#6495,#6496,#6497,#6498,#6499,#6500,
    #6501,#6502,#6503,#6504,#6505,#6506,#6507,#6508,#6509,#6510,#6511,
    #6512,#6513,#6514,#6515,#6516,#6517,#6518,#6519,#6520,#6521,#6522,
    #6523,#6524,#6525,#6526,#6527,#6528,#6529,#6530,#6531,#6532,#6533,
    #6534,#6535,#6536,#6537),.UNSPECIFIED.,.F.,.F.,(8,6,6,6,6,6,6,6,6,6,
    6,6,6,6,8),(0.,6.717130480067E-02,0.108699807735,0.160264652448,
    0.199605316912,0.229420248246,0.310672171539,0.4025199579,
    0.499868642814,0.597252660185,0.689076187288,0.839558406426,
    0.89100175239,0.932595544854,1.),.UNSPECIFIED.);
#6452 = CARTESIAN_POINT('',(53.,-1.836970198721E-15,982.78));
#6453 = CARTESIAN_POINT('',(53.,1.136871914438,982.78));
#6454 = CARTESIAN_POINT('',(52.971549155763,2.2719012399,982.83026315917
    ));
#6455 = CARTESIAN_POINT('',(52.914813862598,3.399416926595,
    982.93049550997));
#6456 = CARTESIAN_POINT('',(52.83071420636,4.513779743117,
    983.07943212409));
#6457 = CARTESIAN_POINT('',(52.720914982779,5.609439877208,
    983.27484122765));
#6458 = CARTESIAN_POINT('',(52.587775839125,6.680992686791,
    983.51350543733));
#6459 = CARTESIAN_POINT('',(52.339350060501,8.367595003884,
    983.96285184238));
#6460 = CARTESIAN_POINT('',(52.236568644381,9.001313499907,
    984.14958390082));
#6461 = CARTESIAN_POINT('',(52.126467359872,9.623970052569,
    984.35064578967));
#6462 = CARTESIAN_POINT('',(52.009615206046,10.235174026414,
    984.5652929463));
#6463 = CARTESIAN_POINT('',(51.886595392429,10.834562110744,
    984.79276489841));
#6464 = CARTESIAN_POINT('',(51.758001620426,11.421798243055,
    985.03228341402));
#6465 = CARTESIAN_POINT('',(51.458587432849,12.710256821051,
    985.59442170356));
#6466 = CARTESIAN_POINT('',(51.28504098853,13.404864786237,
    985.92319453304));
#6467 = CARTESIAN_POINT('',(51.104784309221,14.080458622248,
    986.26814557465));
#6468 = CARTESIAN_POINT('',(50.918763079773,14.737137016032,
    986.62813101087));
#6469 = CARTESIAN_POINT('',(50.727877006166,15.375035792272,
    987.00208567638));
#6470 = CARTESIAN_POINT('',(50.532977429217,15.994327558407,
    987.38902196257));
#6471 = CARTESIAN_POINT('',(50.183717832654,17.053664716438,
    988.09244525103));
#6472 = CARTESIAN_POINT('',(50.030678915746,17.501464840648,
    988.40393140189));
#6473 = CARTESIAN_POINT('',(49.876082960899,17.938768673227,
    988.72212678784));
#6474 = CARTESIAN_POINT('',(49.720247336056,18.365724903322,
    989.04670067413));
#6475 = CARTESIAN_POINT('',(49.563472500128,18.782484046167,
    989.37735214143));
#6476 = CARTESIAN_POINT('',(49.406042499342,19.189198530988,
    989.71381024935));
#6477 = CARTESIAN_POINT('',(49.128621380934,19.886762193349,
    990.31504234332));
#6478 = CARTESIAN_POINT('',(49.008795602484,20.181819891194,
    990.57744616644));
#6479 = CARTESIAN_POINT('',(48.888864829105,20.471262249721,
    990.84294060669));
#6480 = CARTESIAN_POINT('',(48.768942170303,20.755153315185,
    991.11142752051));
#6481 = CARTESIAN_POINT('',(48.649137144227,21.033554812818,
    991.38281568332));
#6482 = CARTESIAN_POINT('',(48.529555677664,21.306526146822,
    991.65702078951));
#6483 = CARTESIAN_POINT('',(48.085303732609,22.303385606037,
    992.68869757839));
#6484 = CARTESIAN_POINT('',(47.762660672273,22.992895647055,
    993.46393316111));
#6485 = CARTESIAN_POINT('',(47.444517395744,23.643628106537,
    994.25795783247));
#6486 = CARTESIAN_POINT('',(47.132851198921,24.256474172353,
    995.06937789029));
#6487 = CARTESIAN_POINT('',(46.829504192224,24.832216199998,
    995.89707692269));
#6488 = CARTESIAN_POINT('',(46.53621728992,25.371501275447,
    996.74017243233));
#6489 = CARTESIAN_POINT('',(45.936394464341,26.443764154015,
    998.56763607672));
#6490 = CARTESIAN_POINT('',(45.633052347107,26.966866434244,
    999.55629048072));
#6491 = CARTESIAN_POINT('',(45.347328967498,27.444313259137,
    1.000562141786E+03));
#6492 = CARTESIAN_POINT('',(45.081738597113,27.876255102303,
    1.001583593389E+03));
#6493 = CARTESIAN_POINT('',(44.838599222554,28.262768285931,
    1.002619223306E+03));
#6494 = CARTESIAN_POINT('',(44.620013108599,28.603821996203,
    1.003667761505E+03));
#6495 = CARTESIAN_POINT('',(44.224172525872,29.212361935813,
    1.00585187624E+03));
#6496 = CARTESIAN_POINT('',(44.050172528905,29.474225736555,
    1.006988931401E+03));
#6497 = CARTESIAN_POINT('',(43.90833088652,29.684229287529,
    1.008136442797E+03));
#6498 = CARTESIAN_POINT('',(43.800590023193,29.842001404915,
    1.00929178303E+03));
#6499 = CARTESIAN_POINT('',(43.728283803347,29.947308396389,
    1.010452442692E+03));
#6500 = CARTESIAN_POINT('',(43.692104549907,30.,1.011615985054E+03));
#6501 = CARTESIAN_POINT('',(43.692104549907,30.,1.013944437423E+03));
#6502 = CARTESIAN_POINT('',(43.728310070304,29.947270141099,
    1.01510840171E+03));
#6503 = CARTESIAN_POINT('',(43.800668744506,29.841886754923,
    1.016269480265E+03));
#6504 = CARTESIAN_POINT('',(43.908487265625,29.684000290315,
    1.017425233814E+03));
#6505 = CARTESIAN_POINT('',(44.050429873699,29.473844722946,
    1.018573150262E+03));
#6506 = CARTESIAN_POINT('',(44.224551403845,29.211791734225,
    1.01971059931E+03));
#6507 = CARTESIAN_POINT('',(44.620540923476,28.602998976131,
    1.021894786803E+03));
#6508 = CARTESIAN_POINT('',(44.839120272647,28.261941539245,
    1.022943024887E+03));
#6509 = CARTESIAN_POINT('',(45.082237032467,27.875447781096,
    1.023978361009E+03));
#6510 = CARTESIAN_POINT('',(45.347790181656,27.44354847341,
    1.024999524876E+03));
#6511 = CARTESIAN_POINT('',(45.633463065526,26.966167654605,
    1.026005094431E+03));
#6512 = CARTESIAN_POINT('',(45.93674287345,26.443155556964,
    1.026993473282E+03));
#6513 = CARTESIAN_POINT('',(46.776408074959,24.942105043899,
    1.029551531696E+03));
#6514 = CARTESIAN_POINT('',(47.337493830937,23.88761950662,
    1.031087852177E+03));
#6515 = CARTESIAN_POINT('',(47.927908701707,22.707400766704,
    1.03256919985E+03));
#6516 = CARTESIAN_POINT('',(48.536747140546,21.395651148809,
    1.03399004589E+03));
#6517 = CARTESIAN_POINT('',(49.151554748898,19.945016270869,
    1.0353411144E+03));
#6518 = CARTESIAN_POINT('',(49.757122796182,18.347498871453,
    1.036608361021E+03));
#6519 = CARTESIAN_POINT('',(50.532110424749,15.996980719277,
    1.038169236522E+03));
#6520 = CARTESIAN_POINT('',(50.726358418402,15.379882372294,
    1.038554902837E+03));
#6521 = CARTESIAN_POINT('',(50.916623388932,14.744305405488,
    1.038927679477E+03));
#6522 = CARTESIAN_POINT('',(51.102063107065,14.09007822374,
    1.039286589653E+03));
#6523 = CARTESIAN_POINT('',(51.281787586859,13.417065445122,
    1.039630579963E+03));
#6524 = CARTESIAN_POINT('',(51.454861417947,12.725168247569,
    1.039958519326E+03));
#6525 = CARTESIAN_POINT('',(51.754074062306,11.4395821946,
    1.040520392697E+03));
#6526 = CARTESIAN_POINT('',(51.882875901071,10.852362367526,
    1.040760343325E+03));
#6527 = CARTESIAN_POINT('',(52.00611054202,10.252972865995,
    1.040988251251E+03));
#6528 = CARTESIAN_POINT('',(52.123183554454,9.641748538612,
    1.04120333739E+03));
#6529 = CARTESIAN_POINT('',(52.233510870495,9.019051526569,
    1.041404840261E+03));
#6530 = CARTESIAN_POINT('',(52.336522506556,8.385271339294,
    1.041592014137E+03));
#6531 = CARTESIAN_POINT('',(52.585850699203,6.696472960534,
    1.042043043506E+03));
#6532 = CARTESIAN_POINT('',(52.719592189037,5.622624898452,
    1.042282804541E+03));
#6533 = CARTESIAN_POINT('',(52.829902634736,4.52451400979,
    1.042479130588E+03));
#6534 = CARTESIAN_POINT('',(52.914402145714,3.407574976396,
    1.042628777123E+03));
#6535 = CARTESIAN_POINT('',(52.971410964019,2.27738942369,
    1.042729492702E+03));
#6536 = CARTESIAN_POINT('',(53.,1.139629570345,1.04278E+03));
#6537 = CARTESIAN_POINT('',(53.,3.673940397442E-15,1.04278E+03));
#6538 = PCURVE('',#4604,#6539);
#6539 = DEFINITIONAL_REPRESENTATION('',(#6540),#6627);
#6540 = B_SPLINE_CURVE_WITH_KNOTS('',7,(#6541,#6542,#6543,#6544,#6545,
    #6546,#6547,#6548,#6549,#6550,#6551,#6552,#6553,#6554,#6555,#6556,
    #6557,#6558,#6559,#6560,#6561,#6562,#6563,#6564,#6565,#6566,#6567,
    #6568,#6569,#6570,#6571,#6572,#6573,#6574,#6575,#6576,#6577,#6578,
    #6579,#6580,#6581,#6582,#6583,#6584,#6585,#6586,#6587,#6588,#6589,
    #6590,#6591,#6592,#6593,#6594,#6595,#6596,#6597,#6598,#6599,#6600,
    #6601,#6602,#6603,#6604,#6605,#6606,#6607,#6608,#6609,#6610,#6611,
    #6612,#6613,#6614,#6615,#6616,#6617,#6618,#6619,#6620,#6621,#6622,
    #6623,#6624,#6625,#6626),.UNSPECIFIED.,.F.,.F.,(8,6,6,6,6,6,6,6,6,6,
    6,6,6,6,8),(0.,6.717130480067E-02,0.108699807735,0.160264652448,
    0.199605316912,0.229420248246,0.310672171539,0.4025199579,
    0.499868642814,0.597252660185,0.689076187288,0.839558406426,
    0.89100175239,0.932595544854,1.),.UNSPECIFIED.);
#6541 = CARTESIAN_POINT('',(0.,9.));
#6542 = CARTESIAN_POINT('',(2.145041347996E-02,9.));
#6543 = CARTESIAN_POINT('',(4.286606465056E-02,9.050263159178));
#6544 = CARTESIAN_POINT('',(6.415605437947E-02,9.150495509974));
#6545 = CARTESIAN_POINT('',(8.522991030108E-02,9.29943212409));
#6546 = CARTESIAN_POINT('',(0.105996780461,9.494841227655));
#6547 = CARTESIAN_POINT('',(0.126365007941,9.733505437338));
#6548 = CARTESIAN_POINT('',(0.158531044036,10.182851842383));
#6549 = CARTESIAN_POINT('',(0.170642956887,10.369583900828));
#6550 = CARTESIAN_POINT('',(0.182571541009,10.570645789678));
#6551 = CARTESIAN_POINT('',(0.194310574427,10.7852929463));
#6552 = CARTESIAN_POINT('',(0.205853904805,11.012764898411));
#6553 = CARTESIAN_POINT('',(0.217195457027,11.252283414025));
#6554 = CARTESIAN_POINT('',(0.242153765895,11.814421703568));
#6555 = CARTESIAN_POINT('',(0.255660603597,12.14319453305));
#6556 = CARTESIAN_POINT('',(0.268850967465,12.488145574655));
#6557 = CARTESIAN_POINT('',(0.281726057344,12.848131010873));
#6558 = CARTESIAN_POINT('',(0.294287165642,13.222085676384));
#6559 = CARTESIAN_POINT('',(0.306535783601,13.609021962578));
#6560 = CARTESIAN_POINT('',(0.327581576797,14.312445251038));
#6561 = CARTESIAN_POINT('',(0.336509905089,14.623931401891));
#6562 = CARTESIAN_POINT('',(0.345260580956,14.942126787848));
#6563 = CARTESIAN_POINT('',(0.353835410125,15.266700674133));
#6564 = CARTESIAN_POINT('',(0.362236138216,15.597352141436));
#6565 = CARTESIAN_POINT('',(0.3704644734,15.933810249356));
#6566 = CARTESIAN_POINT('',(0.384628712939,16.535042343325));
#6567 = CARTESIAN_POINT('',(0.390637251609,16.797446166448));
#6568 = CARTESIAN_POINT('',(0.396548441106,17.062940606697));
#6569 = CARTESIAN_POINT('',(0.402362935466,17.331427520516));
#6570 = CARTESIAN_POINT('',(0.408081326725,17.602815683325));
#6571 = CARTESIAN_POINT('',(0.413704144921,17.877020789519));
#6572 = CARTESIAN_POINT('',(0.434296032536,18.908697578394));
#6573 = CARTESIAN_POINT('',(0.448657071158,19.683933161117));
#6574 = CARTESIAN_POINT('',(0.462320811445,20.477957832474));
#6575 = CARTESIAN_POINT('',(0.475290714662,21.289377890296));
#6576 = CARTESIAN_POINT('',(0.487567596474,22.117076922692));
#6577 = CARTESIAN_POINT('',(0.499149357579,22.960172432331));
#6578 = CARTESIAN_POINT('',(0.522331081998,24.787636076729));
#6579 = CARTESIAN_POINT('',(0.533739003452,25.77629048072));
#6580 = CARTESIAN_POINT('',(0.544235871975,26.782141785521));
#6581 = CARTESIAN_POINT('',(0.553802074121,27.803593388575));
#6582 = CARTESIAN_POINT('',(0.562417193205,28.83922330573));
#6583 = CARTESIAN_POINT('',(0.570060212809,29.887761505007));
#6584 = CARTESIAN_POINT('',(0.583757476479,32.071876240418));
#6585 = CARTESIAN_POINT('',(0.589689305754,33.208931401079));
#6586 = CARTESIAN_POINT('',(0.594470632591,34.356442796646));
#6587 = CARTESIAN_POINT('',(0.598075333456,35.511783030094));
#6588 = CARTESIAN_POINT('',(0.600485545251,36.672442691752));
#6589 = CARTESIAN_POINT('',(0.601691519041,37.835985053712));
#6590 = CARTESIAN_POINT('',(0.601691519041,40.164437422528));
#6591 = CARTESIAN_POINT('',(0.600484669689,41.328401710042));
#6592 = CARTESIAN_POINT('',(0.598072709404,42.48948026516));
#6593 = CARTESIAN_POINT('',(0.594465400579,43.645233814361));
#6594 = CARTESIAN_POINT('',(0.589680630917,44.79315026188));
#6595 = CARTESIAN_POINT('',(0.583744560098,45.930599310305));
#6596 = CARTESIAN_POINT('',(0.570041765509,48.114786802907));
#6597 = CARTESIAN_POINT('',(0.562398755575,49.163024886573));
#6598 = CARTESIAN_POINT('',(0.553784173971,50.19836100861));
#6599 = CARTESIAN_POINT('',(0.544219023103,51.219524876323));
#6600 = CARTESIAN_POINT('',(0.533723711773,52.225094430625));
#6601 = CARTESIAN_POINT('',(0.522317851143,53.213473282067));
#6602 = CARTESIAN_POINT('',(0.489866171186,55.771531696183));
#6603 = CARTESIAN_POINT('',(0.467333994984,57.307852176704));
#6604 = CARTESIAN_POINT('',(0.44244789092,58.789199849966));
#6605 = CARTESIAN_POINT('',(0.415185232144,60.210045889924));
#6606 = CARTESIAN_POINT('',(0.385490016003,61.561114400445));
#6607 = CARTESIAN_POINT('',(0.353286242696,62.828361020616));
#6608 = CARTESIAN_POINT('',(0.306588448116,64.389236521854));
#6609 = CARTESIAN_POINT('',(0.294382985734,64.77490283668));
#6610 = CARTESIAN_POINT('',(0.28186718424,65.147679476849));
#6611 = CARTESIAN_POINT('',(0.269039554337,65.506589652812));
#6612 = CARTESIAN_POINT('',(0.255898802248,65.850579963497));
#6613 = CARTESIAN_POINT('',(0.242443725196,66.178519326467));
#6614 = CARTESIAN_POINT('',(0.217539067511,66.740392697302));
#6615 = CARTESIAN_POINT('',(0.206196975392,66.980343325278));
#6616 = CARTESIAN_POINT('',(0.194652803468,67.208251251403));
#6617 = CARTESIAN_POINT('',(0.182912610229,67.423337390161));
#6618 = CARTESIAN_POINT('',(0.170982531909,67.624840260843));
#6619 = CARTESIAN_POINT('',(0.158868774686,67.81201413727));
#6620 = CARTESIAN_POINT('',(0.126659262793,68.26304350597));
#6621 = CARTESIAN_POINT('',(0.106246688922,68.502804541374));
#6622 = CARTESIAN_POINT('',(8.543290949023E-02,68.6991305884));
#6623 = CARTESIAN_POINT('',(6.431009732289E-02,68.848777123279));
#6624 = CARTESIAN_POINT('',(4.296961532784E-02,68.949492702158));
#6625 = CARTESIAN_POINT('',(2.150244472349E-02,69.));
#6626 = CARTESIAN_POINT('',(0.,69.));
#6627 = ( GEOMETRIC_REPRESENTATION_CONTEXT(2) 
PARAMETRIC_REPRESENTATION_CONTEXT() REPRESENTATION_CONTEXT('2D SPACE',''
  ) );
#6628 = PCURVE('',#6629,#6634);
#6629 = CYLINDRICAL_SURFACE('',#6630,30.);
#6630 = AXIS2_PLACEMENT_3D('',#6631,#6632,#6633);
#6631 = CARTESIAN_POINT('',(43.692104549907,0.,1.01278E+03));
#6632 = DIRECTION('',(1.,0.,0.));
#6633 = DIRECTION('',(0.,0.,1.));
#6634 = DEFINITIONAL_REPRESENTATION('',(#6635),#6722);
#6635 = B_SPLINE_CURVE_WITH_KNOTS('',7,(#6636,#6637,#6638,#6639,#6640,
    #6641,#6642,#6643,#6644,#6645,#6646,#6647,#6648,#6649,#6650,#6651,
    #6652,#6653,#6654,#6655,#6656,#6657,#6658,#6659,#6660,#6661,#6662,
    #6663,#6664,#6665,#6666,#6667,#6668,#6669,#6670,#6671,#6672,#6673,
    #6674,#6675,#6676,#6677,#6678,#6679,#6680,#6681,#6682,#6683,#6684,
    #6685,#6686,#6687,#6688,#6689,#6690,#6691,#6692,#6693,#6694,#6695,
    #6696,#6697,#6698,#6699,#6700,#6701,#6702,#6703,#6704,#6705,#6706,
    #6707,#6708,#6709,#6710,#6711,#6712,#6713,#6714,#6715,#6716,#6717,
    #6718,#6719,#6720,#6721),.UNSPECIFIED.,.F.,.F.,(8,6,6,6,6,6,6,6,6,6,
    6,6,6,6,8),(0.,6.717130480067E-02,0.108699807735,0.160264652448,
    0.199605316912,0.229420248246,0.310672171539,0.4025199579,
    0.499868642814,0.597252660185,0.689076187288,0.839558406426,
    0.89100175239,0.932595544854,1.),.UNSPECIFIED.);
#6636 = CARTESIAN_POINT('',(3.14159265359,9.307895450093));
#6637 = CARTESIAN_POINT('',(3.179488384071,9.307895450093));
#6638 = CARTESIAN_POINT('',(3.217322693247,9.279444605856));
#6639 = CARTESIAN_POINT('',(3.254995444603,9.222709312691));
#6640 = CARTESIAN_POINT('',(3.292406228282,9.138609656453));
#6641 = CARTESIAN_POINT('',(3.329450011953,9.028810432872));
#6642 = CARTESIAN_POINT('',(3.366012577842,8.895671289218));
#6643 = CARTESIAN_POINT('',(3.424193708496,8.647245510594));
#6644 = CARTESIAN_POINT('',(3.446208073044,8.544464094474));
#6645 = CARTESIAN_POINT('',(3.468007036926,8.434362809965));
#6646 = CARTESIAN_POINT('',(3.489588024002,8.317510656139));
#6647 = CARTESIAN_POINT('',(3.510947642882,8.194490842522));
#6648 = CARTESIAN_POINT('',(3.532081645157,8.065897070519));
#6649 = CARTESIAN_POINT('',(3.578939882471,7.766482882942));
#6650 = CARTESIAN_POINT('',(3.604544052693,7.592936438623));
#6651 = CARTESIAN_POINT('',(3.629811487493,7.412679759314));
#6652 = CARTESIAN_POINT('',(3.654755075341,7.226658529866));
#6653 = CARTESIAN_POINT('',(3.67938690949,7.035772456259));
#6654 = CARTESIAN_POINT('',(3.703718697482,6.84087287931));
#6655 = CARTESIAN_POINT('',(3.746105796373,6.491613282747));
#6656 = CARTESIAN_POINT('',(3.764284229944,6.338574365839));
#6657 = CARTESIAN_POINT('',(3.782304985076,6.183978410992));
#6658 = CARTESIAN_POINT('',(3.800175361478,6.028142786149));
#6659 = CARTESIAN_POINT('',(3.817902561938,5.871367950221));
#6660 = CARTESIAN_POINT('',(3.835493809388,5.713937949435));
#6661 = CARTESIAN_POINT('',(3.866190806958,5.436516831027));
#6662 = CARTESIAN_POINT('',(3.879351248629,5.316691052577));
#6663 = CARTESIAN_POINT('',(3.892440936803,5.196760279198));
#6664 = CARTESIAN_POINT('',(3.905462956186,5.076837620396));
#6665 = CARTESIAN_POINT('',(3.918420328365,4.95703259432));
#6666 = CARTESIAN_POINT('',(3.931316011808,4.837451127757));
#6667 = CARTESIAN_POINT('',(3.97913611193,4.393199182702));
#6668 = CARTESIAN_POINT('',(4.013690118667,4.070556122366));
#6669 = CARTESIAN_POINT('',(4.047866185682,3.752412845837));
#6670 = CARTESIAN_POINT('',(4.081713914873,3.440746649014));
#6671 = CARTESIAN_POINT('',(4.115281794378,3.137399642317));
#6672 = CARTESIAN_POINT('',(4.148617746519,2.844112740013));
#6673 = CARTESIAN_POINT('',(4.219244866368,2.244289914435));
#6674 = CARTESIAN_POINT('',(4.256492638268,1.9409477972));
#6675 = CARTESIAN_POINT('',(4.293550643856,1.655224417591));
#6676 = CARTESIAN_POINT('',(4.330456759954,1.389634047206));
#6677 = CARTESIAN_POINT('',(4.367249740142,1.146494672647));
#6678 = CARTESIAN_POINT('',(4.403969867112,0.927908558692));
#6679 = CARTESIAN_POINT('',(4.479546745084,0.532067975965));
#6680 = CARTESIAN_POINT('',(4.518400678876,0.358067978998));
#6681 = CARTESIAN_POINT('',(4.557222469092,0.216226336613));
#6682 = CARTESIAN_POINT('',(4.59601965685,0.108485473286));
#6683 = CARTESIAN_POINT('',(4.634803743438,3.617925344013E-02));
#6684 = CARTESIAN_POINT('',(4.673588482175,-6.958609474423E-15));
#6685 = CARTESIAN_POINT('',(4.751203561136,-7.252298527953E-15));
#6686 = CARTESIAN_POINT('',(4.790002364045,3.620552039737E-02));
#6687 = CARTESIAN_POINT('',(4.828800517718,0.108564194599));
#6688 = CARTESIAN_POINT('',(4.867611793705,0.216382715718));
#6689 = CARTESIAN_POINT('',(4.906447707501,0.358325323792));
#6690 = CARTESIAN_POINT('',(4.945315807466,0.532446853938));
#6691 = CARTESIAN_POINT('',(5.020897283923,0.928436373569));
#6692 = CARTESIAN_POINT('',(5.057607962585,1.14701572274));
#6693 = CARTESIAN_POINT('',(5.094391582652,1.39013248256));
#6694 = CARTESIAN_POINT('',(5.131288359163,1.655685631749));
#6695 = CARTESIAN_POINT('',(5.168336979322,1.941358515619));
#6696 = CARTESIAN_POINT('',(5.205575254593,2.244638323543));
#6697 = CARTESIAN_POINT('',(5.30444000785,3.084303525052));
#6698 = CARTESIAN_POINT('',(5.366397066217,3.64538928103));
#6699 = CARTESIAN_POINT('',(5.429272943125,4.2358041518));
#6700 = CARTESIAN_POINT('',(5.49341515952,4.844642590639));
#6701 = CARTESIAN_POINT('',(5.559172768963,5.459450198991));
#6702 = CARTESIAN_POINT('',(5.626901079772,6.065018246275));
#6703 = CARTESIAN_POINT('',(5.720953476009,6.840005874842));
#6704 = CARTESIAN_POINT('',(5.745200922512,7.034253868495));
#6705 = CARTESIAN_POINT('',(5.769746296169,7.224518839025));
#6706 = CARTESIAN_POINT('',(5.794601209542,7.409958557159));
#6707 = CARTESIAN_POINT('',(5.819777654197,7.589683036952));
#6708 = CARTESIAN_POINT('',(5.845288403761,7.76275686804));
#6709 = CARTESIAN_POINT('',(5.892055357721,8.0619695124));
#6710 = CARTESIAN_POINT('',(5.913194296765,8.190771351164));
#6711 = CARTESIAN_POINT('',(5.934559113142,8.314005992114));
#6712 = CARTESIAN_POINT('',(5.956145583872,8.431079004547));
#6713 = CARTESIAN_POINT('',(5.977950342893,8.541406320588));
#6714 = CARTESIAN_POINT('',(5.999970839989,8.644417956649));
#6715 = CARTESIAN_POINT('',(6.058237158214,8.893746149296));
#6716 = CARTESIAN_POINT('',(6.094882153443,9.02748763913));
#6717 = CARTESIAN_POINT('',(6.132011355576,9.137798084829));
#6718 = CARTESIAN_POINT('',(6.169509932679,9.222297595807));
#6719 = CARTESIAN_POINT('',(6.207272328086,9.279306414112));
#6720 = CARTESIAN_POINT('',(6.245197654835,9.307895450093));
#6721 = CARTESIAN_POINT('',(6.28318530718,9.307895450093));
#6722 = ( GEOMETRIC_REPRESENTATION_CONTEXT(2) 
PARAMETRIC_REPRESENTATION_CONTEXT() REPRESENTATION_CONTEXT('2D SPACE',''
  ) );
#6723 = ADVANCED_FACE('',(#6724),#5306,.T.);
#6724 = FACE_BOUND('',#6725,.T.);
#6725 = EDGE_LOOP('',(#6726,#6727,#6754,#6776,#6803));
#6726 = ORIENTED_EDGE('',*,*,#5500,.T.);
#6727 = ORIENTED_EDGE('',*,*,#6728,.F.);
#6728 = EDGE_CURVE('',#6729,#5474,#6731,.T.);
#6729 = VERTEX_POINT('',#6730);
#6730 = CARTESIAN_POINT('',(28.43241741755,235.,1.035858077038E+03));
#6731 = SURFACE_CURVE('',#6732,(#6736,#6742),.PCURVE_S1.);
#6732 = LINE('',#6733,#6734);
#6733 = CARTESIAN_POINT('',(28.43241741755,235.,1.035858077038E+03));
#6734 = VECTOR('',#6735,1.);
#6735 = DIRECTION('',(-0.274670324175,0.,-0.961538461538));
#6736 = PCURVE('',#5306,#6737);
#6737 = DEFINITIONAL_REPRESENTATION('',(#6738),#6741);
#6738 = B_SPLINE_CURVE_WITH_KNOTS('',1,(#6739,#6740),.UNSPECIFIED.,.F.,
  .F.,(2,2),(0.,60.),.PIECEWISE_BEZIER_KNOTS.);
#6739 = CARTESIAN_POINT('',(0.,1.));
#6740 = CARTESIAN_POINT('',(95.,1.));
#6741 = ( GEOMETRIC_REPRESENTATION_CONTEXT(2) 
PARAMETRIC_REPRESENTATION_CONTEXT() REPRESENTATION_CONTEXT('2D SPACE',''
  ) );
#6742 = PCURVE('',#6743,#6748);
#6743 = PLANE('',#6744);
#6744 = AXIS2_PLACEMENT_3D('',#6745,#6746,#6747);
#6745 = CARTESIAN_POINT('',(28.43241741755,235.,1.035858077038E+03));
#6746 = DIRECTION('',(-0.961538461538,0.,0.274670324175));
#6747 = DIRECTION('',(-0.274670324175,0.,-0.961538461538));
#6748 = DEFINITIONAL_REPRESENTATION('',(#6749),#6753);
#6749 = LINE('',#6750,#6751);
#6750 = CARTESIAN_POINT('',(0.,0.));
#6751 = VECTOR('',#6752,1.);
#6752 = DIRECTION('',(1.,0.));
#6753 = ( GEOMETRIC_REPRESENTATION_CONTEXT(2) 
PARAMETRIC_REPRESENTATION_CONTEXT() REPRESENTATION_CONTEXT('2D SPACE',''
  ) );
#6754 = ORIENTED_EDGE('',*,*,#6755,.F.);
#6755 = EDGE_CURVE('',#6756,#6729,#6758,.T.);
#6756 = VERTEX_POINT('',#6757);
#6757 = CARTESIAN_POINT('',(42.190203375845,36.144049025529,
    1.059742179856E+03));
#6758 = SURFACE_CURVE('',#6759,(#6762,#6769),.PCURVE_S1.);
#6759 = B_SPLINE_CURVE_WITH_KNOTS('',1,(#6760,#6761),.UNSPECIFIED.,.F.,
  .F.,(2,2),(0.,1.),.PIECEWISE_BEZIER_KNOTS.);
#6760 = CARTESIAN_POINT('',(42.5,31.666228067138,1.06028E+03));
#6761 = CARTESIAN_POINT('',(28.43241741755,235.,1.035858077038E+03));
#6762 = PCURVE('',#5306,#6763);
#6763 = DEFINITIONAL_REPRESENTATION('',(#6764),#6768);
#6764 = LINE('',#6765,#6766);
#6765 = CARTESIAN_POINT('',(0.,0.));
#6766 = VECTOR('',#6767,1.);
#6767 = DIRECTION('',(0.,1.));
#6768 = ( GEOMETRIC_REPRESENTATION_CONTEXT(2) 
PARAMETRIC_REPRESENTATION_CONTEXT() REPRESENTATION_CONTEXT('2D SPACE',''
  ) );
#6769 = PCURVE('',#6103,#6770);
#6770 = DEFINITIONAL_REPRESENTATION('',(#6771),#6775);
#6771 = LINE('',#6772,#6773);
#6772 = CARTESIAN_POINT('',(85.,0.));
#6773 = VECTOR('',#6774,1.);
#6774 = DIRECTION('',(0.,1.));
#6775 = ( GEOMETRIC_REPRESENTATION_CONTEXT(2) 
PARAMETRIC_REPRESENTATION_CONTEXT() REPRESENTATION_CONTEXT('2D SPACE',''
  ) );
#6776 = ORIENTED_EDGE('',*,*,#6777,.F.);
#6777 = EDGE_CURVE('',#4977,#6756,#6778,.T.);
#6778 = SURFACE_CURVE('',#6779,(#6785,#6794),.PCURVE_S1.);
#6779 = B_SPLINE_CURVE_WITH_KNOTS('',4,(#6780,#6781,#6782,#6783,#6784),
  .UNSPECIFIED.,.F.,.F.,(5,5),(0.,1.),.PIECEWISE_BEZIER_KNOTS.);
#6780 = CARTESIAN_POINT('',(42.204261604205,35.940570942327,
    1.059761359907E+03));
#6781 = CARTESIAN_POINT('',(42.200705299846,35.992111865429,
    1.059757827346E+03));
#6782 = CARTESIAN_POINT('',(42.197175790382,36.043221523288,
    1.059753432567E+03));
#6783 = CARTESIAN_POINT('',(42.193674762618,36.093873368036,
    1.059748206282E+03));
#6784 = CARTESIAN_POINT('',(42.190203643887,36.144045151231,
    1.059742180321E+03));
#6785 = PCURVE('',#5306,#6786);
#6786 = DEFINITIONAL_REPRESENTATION('',(#6787),#6793);
#6787 = B_SPLINE_CURVE_WITH_KNOTS('',4,(#6788,#6789,#6790,#6791,#6792),
  .UNSPECIFIED.,.F.,.F.,(5,5),(0.,1.),.PIECEWISE_BEZIER_KNOTS.);
#6788 = CARTESIAN_POINT('',(5.302982734782E-03,2.102131305861E-02));
#6789 = CARTESIAN_POINT('',(2.623497550348E-03,2.127479246153E-02));
#6790 = CARTESIAN_POINT('',(8.649140116965E-04,2.152615089241E-02));
#6791 = CARTESIAN_POINT('',(5.008670071436E-08,2.177525778826E-02));
#6792 = CARTESIAN_POINT('',(0.,2.202200373075E-02));
#6793 = ( GEOMETRIC_REPRESENTATION_CONTEXT(2) 
PARAMETRIC_REPRESENTATION_CONTEXT() REPRESENTATION_CONTEXT('2D SPACE',''
  ) );
#6794 = PCURVE('',#5158,#6795);
#6795 = DEFINITIONAL_REPRESENTATION('',(#6796),#6802);
#6796 = B_SPLINE_CURVE_WITH_KNOTS('',4,(#6797,#6798,#6799,#6800,#6801),
  .UNSPECIFIED.,.F.,.F.,(5,5),(0.,1.),.PIECEWISE_BEZIER_KNOTS.);
#6797 = CARTESIAN_POINT('',(2.871071027446,84.704261604217));
#6798 = CARTESIAN_POINT('',(2.153361078245,84.700705299856));
#6799 = CARTESIAN_POINT('',(1.435620689768,84.697175790388));
#6800 = CARTESIAN_POINT('',(0.717851635423,84.693674762621));
#6801 = CARTESIAN_POINT('',(5.542861741487E-05,84.690203643887));
#6802 = ( GEOMETRIC_REPRESENTATION_CONTEXT(2) 
PARAMETRIC_REPRESENTATION_CONTEXT() REPRESENTATION_CONTEXT('2D SPACE',''
  ) );
#6803 = ORIENTED_EDGE('',*,*,#5282,.T.);
#6804 = ADVANCED_FACE('',(#6805),#5158,.T.);
#6805 = FACE_BOUND('',#6806,.T.);
#6806 = EDGE_LOOP('',(#6807,#6808,#6809,#6840,#6841));
#6807 = ORIENTED_EDGE('',*,*,#4976,.T.);
#6808 = ORIENTED_EDGE('',*,*,#6777,.T.);
#6809 = ORIENTED_EDGE('',*,*,#6810,.F.);
#6810 = EDGE_CURVE('',#5677,#6756,#6811,.T.);
#6811 = SURFACE_CURVE('',#6812,(#6824,#6831),.PCURVE_S1.);
#6812 = B_SPLINE_CURVE_WITH_KNOTS('',4,(#6813,#6814,#6815,#6816,#6817,
    #6818,#6819,#6820,#6821,#6822,#6823),.UNSPECIFIED.,.F.,.F.,(5,3,3,5)
  ,(-4.311824390444,-1.865174716774E-14,85.,89.345160116542),
  .UNSPECIFIED.);
#6813 = CARTESIAN_POINT('',(-46.84516398585,35.903984099741,
    1.060025725065E+03));
#6814 = CARTESIAN_POINT('',(-45.75053809053,35.906951943772,
    1.060022400275E+03));
#6815 = CARTESIAN_POINT('',(-44.66146879445,35.909904722273,
    1.060019092362E+03));
#6816 = CARTESIAN_POINT('',(-43.57795609761,35.912842435243,
    1.060015801327E+03));
#6817 = CARTESIAN_POINT('',(-21.25,35.973379913403,1.059947982932E+03));
#6818 = CARTESIAN_POINT('',(7.105427357601E-14,36.030833278604,
    1.059881221883E+03));
#6819 = CARTESIAN_POINT('',(21.25,36.088029319767,1.059812262193E+03));
#6820 = CARTESIAN_POINT('',(43.586290029136,36.147783897646,
    1.059737507639E+03));
#6821 = CARTESIAN_POINT('',(44.672580058271,36.15068996674,
    1.05973387207E+03));
#6822 = CARTESIAN_POINT('',(45.758870087407,36.153596035835,
    1.059730236501E+03));
#6823 = CARTESIAN_POINT('',(46.845160116542,36.15650210493,
    1.059726600932E+03));
#6824 = PCURVE('',#5158,#6825);
#6825 = DEFINITIONAL_REPRESENTATION('',(#6826),#6830);
#6826 = LINE('',#6827,#6828);
#6827 = CARTESIAN_POINT('',(0.,0.));
#6828 = VECTOR('',#6829,1.);
#6829 = DIRECTION('',(0.,1.));
#6830 = ( GEOMETRIC_REPRESENTATION_CONTEXT(2) 
PARAMETRIC_REPRESENTATION_CONTEXT() REPRESENTATION_CONTEXT('2D SPACE',''
  ) );
#6831 = PCURVE('',#6103,#6832);
#6832 = DEFINITIONAL_REPRESENTATION('',(#6833),#6839);
#6833 = B_SPLINE_CURVE_WITH_KNOTS('',4,(#6834,#6835,#6836,#6837,#6838),
  .UNSPECIFIED.,.F.,.F.,(5,5),(-1.865174716774E-14,85.),
  .PIECEWISE_BEZIER_KNOTS.);
#6834 = CARTESIAN_POINT('',(-0.645509300558,2.089931729072E-02));
#6835 = CARTESIAN_POINT('',(20.831335146784,2.118266830602E-02));
#6836 = CARTESIAN_POINT('',(42.316816810483,2.14652252303E-02));
#6837 = CARTESIAN_POINT('',(63.81090331395,2.174651662926E-02));
#6838 = CARTESIAN_POINT('',(85.313478151451,2.202609885628E-02));
#6839 = ( GEOMETRIC_REPRESENTATION_CONTEXT(2) 
PARAMETRIC_REPRESENTATION_CONTEXT() REPRESENTATION_CONTEXT('2D SPACE',''
  ) );
#6840 = ORIENTED_EDGE('',*,*,#5674,.F.);
#6841 = ORIENTED_EDGE('',*,*,#6842,.T.);
#6842 = EDGE_CURVE('',#5675,#4939,#6843,.T.);
#6843 = SURFACE_CURVE('',#6844,(#6856,#6863),.PCURVE_S1.);
#6844 = B_SPLINE_CURVE_WITH_KNOTS('',4,(#6845,#6846,#6847,#6848,#6849,
    #6850,#6851,#6852,#6853,#6854,#6855),.UNSPECIFIED.,.F.,.F.,(5,3,3,5)
  ,(-4.311824390444,-1.865174716774E-14,85.,89.345160116542),
  .UNSPECIFIED.);
#6845 = CARTESIAN_POINT('',(-46.84518213074,31.666228067138,
    1.056032779913E+03));
#6846 = CARTESIAN_POINT('',(-45.75054716298,31.666228067138,
    1.056029640605E+03));
#6847 = CARTESIAN_POINT('',(-44.6614718186,31.666228067138,
    1.056026517241E+03));
#6848 = CARTESIAN_POINT('',(-43.57795609761,31.666228067138,
    1.056023409822E+03));
#6849 = CARTESIAN_POINT('',(-21.25,31.666228067138,1.055959375382E+03));
#6850 = CARTESIAN_POINT('',(1.42108547152E-14,31.666228067138,
    1.055897318515E+03));
#6851 = CARTESIAN_POINT('',(21.25,31.666228067138,1.055834151787E+03));
#6852 = CARTESIAN_POINT('',(43.586290029136,31.666228067138,
    1.055766599362E+03));
#6853 = CARTESIAN_POINT('',(44.672583393552,31.666228067138,
    1.055763314046E+03));
#6854 = CARTESIAN_POINT('',(45.758880093249,31.666228067138,
    1.055760028721E+03));
#6855 = CARTESIAN_POINT('',(46.845180128227,31.666228067138,
    1.055756743386E+03));
#6856 = PCURVE('',#5158,#6857);
#6857 = DEFINITIONAL_REPRESENTATION('',(#6858),#6862);
#6858 = LINE('',#6859,#6860);
#6859 = CARTESIAN_POINT('',(85.,0.));
#6860 = VECTOR('',#6861,1.);
#6861 = DIRECTION('',(0.,1.));
#6862 = ( GEOMETRIC_REPRESENTATION_CONTEXT(2) 
PARAMETRIC_REPRESENTATION_CONTEXT() REPRESENTATION_CONTEXT('2D SPACE',''
  ) );
#6863 = PCURVE('',#4962,#6864);
#6864 = DEFINITIONAL_REPRESENTATION('',(#6865),#6871);
#6865 = B_SPLINE_CURVE_WITH_KNOTS('',4,(#6866,#6867,#6868,#6869,#6870),
  .UNSPECIFIED.,.F.,.F.,(5,5),(-1.865174716774E-14,85.),
  .PIECEWISE_BEZIER_KNOTS.);
#6866 = CARTESIAN_POINT('',(3.174490750344,-2.840333829256));
#6867 = CARTESIAN_POINT('',(17.389298728943,12.955407627747));
#6868 = CARTESIAN_POINT('',(31.604936833855,28.750406340154));
#6869 = CARTESIAN_POINT('',(45.821402053009,44.544665002976));
#6870 = CARTESIAN_POINT('',(60.038687330177,60.33818992968));
#6871 = ( GEOMETRIC_REPRESENTATION_CONTEXT(2) 
PARAMETRIC_REPRESENTATION_CONTEXT() REPRESENTATION_CONTEXT('2D SPACE',''
  ) );
#6872 = ADVANCED_FACE('',(#6873),#4962,.T.);
#6873 = FACE_BOUND('',#6874,.T.);
#6874 = EDGE_LOOP('',(#6875,#6876,#6877,#6896));
#6875 = ORIENTED_EDGE('',*,*,#6842,.F.);
#6876 = ORIENTED_EDGE('',*,*,#5861,.F.);
#6877 = ORIENTED_EDGE('',*,*,#6878,.T.);
#6878 = EDGE_CURVE('',#5862,#4854,#6879,.T.);
#6879 = SURFACE_CURVE('',#6880,(#6884,#6890),.PCURVE_S1.);
#6880 = LINE('',#6881,#6882);
#6881 = CARTESIAN_POINT('',(-21.25,31.666228067138,1.05178E+03));
#6882 = VECTOR('',#6883,1.);
#6883 = DIRECTION('',(1.,0.,-0.));
#6884 = PCURVE('',#4962,#6885);
#6885 = DEFINITIONAL_REPRESENTATION('',(#6886),#6889);
#6886 = B_SPLINE_CURVE_WITH_KNOTS('',1,(#6887,#6888),.UNSPECIFIED.,.F.,
  .F.,(2,2),(-21.34421527734,63.030548026888),.PIECEWISE_BEZIER_KNOTS.);
#6887 = CARTESIAN_POINT('',(6.271728902344,-5.737969422539));
#6888 = CARTESIAN_POINT('',(62.532387342592,57.14159001068));
#6889 = ( GEOMETRIC_REPRESENTATION_CONTEXT(2) 
PARAMETRIC_REPRESENTATION_CONTEXT() REPRESENTATION_CONTEXT('2D SPACE',''
  ) );
#6890 = PCURVE('',#4907,#6891);
#6891 = DEFINITIONAL_REPRESENTATION('',(#6892),#6895);
#6892 = B_SPLINE_CURVE_WITH_KNOTS('',1,(#6893,#6894),.UNSPECIFIED.,.F.,
  .F.,(2,2),(-21.34421527734,63.030548026888),.PIECEWISE_BEZIER_KNOTS.);
#6893 = CARTESIAN_POINT('',(-42.59421527734,31.666228067138));
#6894 = CARTESIAN_POINT('',(41.780548026888,31.666228067138));
#6895 = ( GEOMETRIC_REPRESENTATION_CONTEXT(2) 
PARAMETRIC_REPRESENTATION_CONTEXT() REPRESENTATION_CONTEXT('2D SPACE',''
  ) );
#6896 = ORIENTED_EDGE('',*,*,#4938,.F.);
#6897 = ADVANCED_FACE('',(#6898),#4907,.T.);
#6898 = FACE_BOUND('',#6899,.T.);
#6899 = EDGE_LOOP('',(#6900,#6922,#6923,#6924,#6925));
#6900 = ORIENTED_EDGE('',*,*,#6901,.T.);
#6901 = EDGE_CURVE('',#5895,#6174,#6902,.T.);
#6902 = SURFACE_CURVE('',#6903,(#6908,#6915),.PCURVE_S1.);
#6903 = CIRCLE('',#6904,53.);
#6904 = AXIS2_PLACEMENT_3D('',#6905,#6906,#6907);
#6905 = CARTESIAN_POINT('',(0.,0.,1.05178E+03));
#6906 = DIRECTION('',(0.,0.,1.));
#6907 = DIRECTION('',(1.,0.,0.));
#6908 = PCURVE('',#4907,#6909);
#6909 = DEFINITIONAL_REPRESENTATION('',(#6910),#6914);
#6910 = CIRCLE('',#6911,53.);
#6911 = AXIS2_PLACEMENT_2D('',#6912,#6913);
#6912 = CARTESIAN_POINT('',(0.,0.));
#6913 = DIRECTION('',(1.,0.));
#6914 = ( GEOMETRIC_REPRESENTATION_CONTEXT(2) 
PARAMETRIC_REPRESENTATION_CONTEXT() REPRESENTATION_CONTEXT('2D SPACE',''
  ) );
#6915 = PCURVE('',#6008,#6916);
#6916 = DEFINITIONAL_REPRESENTATION('',(#6917),#6921);
#6917 = LINE('',#6918,#6919);
#6918 = CARTESIAN_POINT('',(0.,78.));
#6919 = VECTOR('',#6920,1.);
#6920 = DIRECTION('',(1.,0.));
#6921 = ( GEOMETRIC_REPRESENTATION_CONTEXT(2) 
PARAMETRIC_REPRESENTATION_CONTEXT() REPRESENTATION_CONTEXT('2D SPACE',''
  ) );
#6922 = ORIENTED_EDGE('',*,*,#6173,.T.);
#6923 = ORIENTED_EDGE('',*,*,#4853,.T.);
#6924 = ORIENTED_EDGE('',*,*,#6878,.F.);
#6925 = ORIENTED_EDGE('',*,*,#5894,.F.);
#6926 = ADVANCED_FACE('',(#6927),#5488,.F.);
#6927 = FACE_BOUND('',#6928,.F.);
#6928 = EDGE_LOOP('',(#6929,#6930,#6953,#6981,#7007));
#6929 = ORIENTED_EDGE('',*,*,#5473,.F.);
#6930 = ORIENTED_EDGE('',*,*,#6931,.T.);
#6931 = EDGE_CURVE('',#5474,#6932,#6934,.T.);
#6932 = VERTEX_POINT('',#6933);
#6933 = CARTESIAN_POINT('',(11.952197967066,290.,978.16576934617));
#6934 = SURFACE_CURVE('',#6935,(#6939,#6946),.PCURVE_S1.);
#6935 = LINE('',#6936,#6937);
#6936 = CARTESIAN_POINT('',(11.952197967066,235.,978.16576934617));
#6937 = VECTOR('',#6938,1.);
#6938 = DIRECTION('',(0.,1.,0.));
#6939 = PCURVE('',#5488,#6940);
#6940 = DEFINITIONAL_REPRESENTATION('',(#6941),#6945);
#6941 = LINE('',#6942,#6943);
#6942 = CARTESIAN_POINT('',(0.,0.));
#6943 = VECTOR('',#6944,1.);
#6944 = DIRECTION('',(0.,-1.));
#6945 = ( GEOMETRIC_REPRESENTATION_CONTEXT(2) 
PARAMETRIC_REPRESENTATION_CONTEXT() REPRESENTATION_CONTEXT('2D SPACE',''
  ) );
#6946 = PCURVE('',#6743,#6947);
#6947 = DEFINITIONAL_REPRESENTATION('',(#6948),#6952);
#6948 = LINE('',#6949,#6950);
#6949 = CARTESIAN_POINT('',(60.,0.));
#6950 = VECTOR('',#6951,1.);
#6951 = DIRECTION('',(0.,-1.));
#6952 = ( GEOMETRIC_REPRESENTATION_CONTEXT(2) 
PARAMETRIC_REPRESENTATION_CONTEXT() REPRESENTATION_CONTEXT('2D SPACE',''
  ) );
#6953 = ORIENTED_EDGE('',*,*,#6954,.T.);
#6954 = EDGE_CURVE('',#6932,#6955,#6957,.T.);
#6955 = VERTEX_POINT('',#6956);
#6956 = CARTESIAN_POINT('',(2.336813351681,290.,980.91247258792));
#6957 = SURFACE_CURVE('',#6958,(#6962,#6969),.PCURVE_S1.);
#6958 = LINE('',#6959,#6960);
#6959 = CARTESIAN_POINT('',(11.952197967066,290.,978.16576934617));
#6960 = VECTOR('',#6961,1.);
#6961 = DIRECTION('',(-0.961538461538,0.,0.274670324175));
#6962 = PCURVE('',#5488,#6963);
#6963 = DEFINITIONAL_REPRESENTATION('',(#6964),#6968);
#6964 = LINE('',#6965,#6966);
#6965 = CARTESIAN_POINT('',(0.,-55.));
#6966 = VECTOR('',#6967,1.);
#6967 = DIRECTION('',(1.,0.));
#6968 = ( GEOMETRIC_REPRESENTATION_CONTEXT(2) 
PARAMETRIC_REPRESENTATION_CONTEXT() REPRESENTATION_CONTEXT('2D SPACE',''
  ) );
#6969 = PCURVE('',#6970,#6975);
#6970 = PLANE('',#6971);
#6971 = AXIS2_PLACEMENT_3D('',#6972,#6973,#6974);
#6972 = CARTESIAN_POINT('',(5.767935149111E-14,290.,1.01278E+03));
#6973 = DIRECTION('',(0.,1.,0.));
#6974 = DIRECTION('',(0.,-0.,1.));
#6975 = DEFINITIONAL_REPRESENTATION('',(#6976),#6980);
#6976 = LINE('',#6977,#6978);
#6977 = CARTESIAN_POINT('',(-34.61423065382,11.952197967066));
#6978 = VECTOR('',#6979,1.);
#6979 = DIRECTION('',(0.274670324175,-0.961538461538));
#6980 = ( GEOMETRIC_REPRESENTATION_CONTEXT(2) 
PARAMETRIC_REPRESENTATION_CONTEXT() REPRESENTATION_CONTEXT('2D SPACE',''
  ) );
#6981 = ORIENTED_EDGE('',*,*,#6982,.T.);
#6982 = EDGE_CURVE('',#6955,#6983,#6985,.T.);
#6983 = VERTEX_POINT('',#6984);
#6984 = CARTESIAN_POINT('',(2.336813351681,246.,980.91247258792));
#6985 = SURFACE_CURVE('',#6986,(#6990,#6996),.PCURVE_S1.);
#6986 = LINE('',#6987,#6988);
#6987 = CARTESIAN_POINT('',(2.336813351681,240.5,980.91247258792));
#6988 = VECTOR('',#6989,1.);
#6989 = DIRECTION('',(-0.,-1.,0.));
#6990 = PCURVE('',#5488,#6991);
#6991 = DEFINITIONAL_REPRESENTATION('',(#6992),#6995);
#6992 = B_SPLINE_CURVE_WITH_KNOTS('',1,(#6993,#6994),.UNSPECIFIED.,.F.,
  .F.,(2,2),(-49.5,-5.5),.PIECEWISE_BEZIER_KNOTS.);
#6993 = CARTESIAN_POINT('',(10.,-55.));
#6994 = CARTESIAN_POINT('',(10.,-11.));
#6995 = ( GEOMETRIC_REPRESENTATION_CONTEXT(2) 
PARAMETRIC_REPRESENTATION_CONTEXT() REPRESENTATION_CONTEXT('2D SPACE',''
  ) );
#6996 = PCURVE('',#6997,#7002);
#6997 = PLANE('',#6998);
#6998 = AXIS2_PLACEMENT_3D('',#6999,#7000,#7001);
#6999 = CARTESIAN_POINT('',(10.576923076923,246.,1.009758626434E+03));
#7000 = DIRECTION('',(-0.961538461538,0.,0.274670324175));
#7001 = DIRECTION('',(0.,1.,0.));
#7002 = DEFINITIONAL_REPRESENTATION('',(#7003),#7006);
#7003 = B_SPLINE_CURVE_WITH_KNOTS('',1,(#7004,#7005),.UNSPECIFIED.,.F.,
  .F.,(2,2),(-49.5,-5.5),.PIECEWISE_BEZIER_KNOTS.);
#7004 = CARTESIAN_POINT('',(44.,30.));
#7005 = CARTESIAN_POINT('',(0.,30.));
#7006 = ( GEOMETRIC_REPRESENTATION_CONTEXT(2) 
PARAMETRIC_REPRESENTATION_CONTEXT() REPRESENTATION_CONTEXT('2D SPACE',''
  ) );
#7007 = ORIENTED_EDGE('',*,*,#7008,.F.);
#7008 = EDGE_CURVE('',#5447,#6983,#7009,.T.);
#7009 = SURFACE_CURVE('',#7010,(#7015,#7022),.PCURVE_S1.);
#7010 = CIRCLE('',#7011,11.);
#7011 = AXIS2_PLACEMENT_3D('',#7012,#7013,#7014);
#7012 = CARTESIAN_POINT('',(-8.240109725242,246.,983.93384615384));
#7013 = DIRECTION('',(0.274670324175,0.,0.961538461538));
#7014 = DIRECTION('',(0.961538461538,0.,-0.274670324175));
#7015 = PCURVE('',#5488,#7016);
#7016 = DEFINITIONAL_REPRESENTATION('',(#7017),#7021);
#7017 = CIRCLE('',#7018,11.);
#7018 = AXIS2_PLACEMENT_2D('',#7019,#7020);
#7019 = CARTESIAN_POINT('',(21.,-11.));
#7020 = DIRECTION('',(-1.,-0.));
#7021 = ( GEOMETRIC_REPRESENTATION_CONTEXT(2) 
PARAMETRIC_REPRESENTATION_CONTEXT() REPRESENTATION_CONTEXT('2D SPACE',''
  ) );
#7022 = PCURVE('',#7023,#7028);
#7023 = CYLINDRICAL_SURFACE('',#7024,11.);
#7024 = AXIS2_PLACEMENT_3D('',#7025,#7026,#7027);
#7025 = CARTESIAN_POINT('',(-13.73351620873,246.,964.70307692307));
#7026 = DIRECTION('',(0.274670324175,0.,0.961538461538));
#7027 = DIRECTION('',(0.961538461538,0.,-0.274670324175));
#7028 = DEFINITIONAL_REPRESENTATION('',(#7029),#7033);
#7029 = LINE('',#7030,#7031);
#7030 = CARTESIAN_POINT('',(0.,20.));
#7031 = VECTOR('',#7032,1.);
#7032 = DIRECTION('',(1.,0.));
#7033 = ( GEOMETRIC_REPRESENTATION_CONTEXT(2) 
PARAMETRIC_REPRESENTATION_CONTEXT() REPRESENTATION_CONTEXT('2D SPACE',''
  ) );
#7034 = ADVANCED_FACE('',(#7035),#5461,.F.);
#7035 = FACE_BOUND('',#7036,.F.);
#7036 = EDGE_LOOP('',(#7037,#7038,#7062,#7088,#7116));
#7037 = ORIENTED_EDGE('',*,*,#5446,.F.);
#7038 = ORIENTED_EDGE('',*,*,#7039,.F.);
#7039 = EDGE_CURVE('',#7040,#5447,#7042,.T.);
#7040 = VERTEX_POINT('',#7041);
#7041 = CARTESIAN_POINT('',(-18.81703280216,246.,986.95521971976));
#7042 = SURFACE_CURVE('',#7043,(#7048,#7055),.PCURVE_S1.);
#7043 = CIRCLE('',#7044,11.);
#7044 = AXIS2_PLACEMENT_3D('',#7045,#7046,#7047);
#7045 = CARTESIAN_POINT('',(-8.240109725242,246.,983.93384615384));
#7046 = DIRECTION('',(0.274670324175,0.,0.961538461538));
#7047 = DIRECTION('',(0.961538461538,0.,-0.274670324175));
#7048 = PCURVE('',#5461,#7049);
#7049 = DEFINITIONAL_REPRESENTATION('',(#7050),#7054);
#7050 = CIRCLE('',#7051,11.);
#7051 = AXIS2_PLACEMENT_2D('',#7052,#7053);
#7052 = CARTESIAN_POINT('',(21.,-11.));
#7053 = DIRECTION('',(-1.,-0.));
#7054 = ( GEOMETRIC_REPRESENTATION_CONTEXT(2) 
PARAMETRIC_REPRESENTATION_CONTEXT() REPRESENTATION_CONTEXT('2D SPACE',''
  ) );
#7055 = PCURVE('',#7023,#7056);
#7056 = DEFINITIONAL_REPRESENTATION('',(#7057),#7061);
#7057 = LINE('',#7058,#7059);
#7058 = CARTESIAN_POINT('',(0.,20.));
#7059 = VECTOR('',#7060,1.);
#7060 = DIRECTION('',(1.,0.));
#7061 = ( GEOMETRIC_REPRESENTATION_CONTEXT(2) 
PARAMETRIC_REPRESENTATION_CONTEXT() REPRESENTATION_CONTEXT('2D SPACE',''
  ) );
#7062 = ORIENTED_EDGE('',*,*,#7063,.T.);
#7063 = EDGE_CURVE('',#7040,#7064,#7066,.T.);
#7064 = VERTEX_POINT('',#7065);
#7065 = CARTESIAN_POINT('',(-18.81703280216,290.,986.95521971976));
#7066 = SURFACE_CURVE('',#7067,(#7071,#7077),.PCURVE_S1.);
#7067 = LINE('',#7068,#7069);
#7068 = CARTESIAN_POINT('',(-18.81703280216,265.,986.95521971976));
#7069 = VECTOR('',#7070,1.);
#7070 = DIRECTION('',(0.,1.,0.));
#7071 = PCURVE('',#5461,#7072);
#7072 = DEFINITIONAL_REPRESENTATION('',(#7073),#7076);
#7073 = B_SPLINE_CURVE_WITH_KNOTS('',1,(#7074,#7075),.UNSPECIFIED.,.F.,
  .F.,(2,2),(-19.,25.),.PIECEWISE_BEZIER_KNOTS.);
#7074 = CARTESIAN_POINT('',(32.,-11.));
#7075 = CARTESIAN_POINT('',(32.,-55.));
#7076 = ( GEOMETRIC_REPRESENTATION_CONTEXT(2) 
PARAMETRIC_REPRESENTATION_CONTEXT() REPRESENTATION_CONTEXT('2D SPACE',''
  ) );
#7077 = PCURVE('',#7078,#7083);
#7078 = PLANE('',#7079);
#7079 = AXIS2_PLACEMENT_3D('',#7080,#7081,#7082);
#7080 = CARTESIAN_POINT('',(-10.57692307692,295.,1.015801373566E+03));
#7081 = DIRECTION('',(0.961538461538,0.,-0.274670324175));
#7082 = DIRECTION('',(0.,-1.,0.));
#7083 = DEFINITIONAL_REPRESENTATION('',(#7084),#7087);
#7084 = B_SPLINE_CURVE_WITH_KNOTS('',1,(#7085,#7086),.UNSPECIFIED.,.F.,
  .F.,(2,2),(-19.,25.),.PIECEWISE_BEZIER_KNOTS.);
#7085 = CARTESIAN_POINT('',(49.,30.));
#7086 = CARTESIAN_POINT('',(5.,30.));
#7087 = ( GEOMETRIC_REPRESENTATION_CONTEXT(2) 
PARAMETRIC_REPRESENTATION_CONTEXT() REPRESENTATION_CONTEXT('2D SPACE',''
  ) );
#7088 = ORIENTED_EDGE('',*,*,#7089,.T.);
#7089 = EDGE_CURVE('',#7064,#7090,#7092,.T.);
#7090 = VERTEX_POINT('',#7091);
#7091 = CARTESIAN_POINT('',(-28.43241741754,290.,989.70192296151));
#7092 = SURFACE_CURVE('',#7093,(#7097,#7104),.PCURVE_S1.);
#7093 = LINE('',#7094,#7095);
#7094 = CARTESIAN_POINT('',(11.952197967066,290.,978.16576934617));
#7095 = VECTOR('',#7096,1.);
#7096 = DIRECTION('',(-0.961538461538,0.,0.274670324175));
#7097 = PCURVE('',#5461,#7098);
#7098 = DEFINITIONAL_REPRESENTATION('',(#7099),#7103);
#7099 = LINE('',#7100,#7101);
#7100 = CARTESIAN_POINT('',(0.,-55.));
#7101 = VECTOR('',#7102,1.);
#7102 = DIRECTION('',(1.,0.));
#7103 = ( GEOMETRIC_REPRESENTATION_CONTEXT(2) 
PARAMETRIC_REPRESENTATION_CONTEXT() REPRESENTATION_CONTEXT('2D SPACE',''
  ) );
#7104 = PCURVE('',#7105,#7110);
#7105 = PLANE('',#7106);
#7106 = AXIS2_PLACEMENT_3D('',#7107,#7108,#7109);
#7107 = CARTESIAN_POINT('',(5.767935149111E-14,290.,1.01278E+03));
#7108 = DIRECTION('',(0.,1.,0.));
#7109 = DIRECTION('',(0.,-0.,1.));
#7110 = DEFINITIONAL_REPRESENTATION('',(#7111),#7115);
#7111 = LINE('',#7112,#7113);
#7112 = CARTESIAN_POINT('',(-34.61423065382,11.952197967066));
#7113 = VECTOR('',#7114,1.);
#7114 = DIRECTION('',(0.274670324175,-0.961538461538));
#7115 = ( GEOMETRIC_REPRESENTATION_CONTEXT(2) 
PARAMETRIC_REPRESENTATION_CONTEXT() REPRESENTATION_CONTEXT('2D SPACE',''
  ) );
#7116 = ORIENTED_EDGE('',*,*,#7117,.F.);
#7117 = EDGE_CURVE('',#5420,#7090,#7118,.T.);
#7118 = SURFACE_CURVE('',#7119,(#7123,#7130),.PCURVE_S1.);
#7119 = LINE('',#7120,#7121);
#7120 = CARTESIAN_POINT('',(-28.43241741754,235.,989.70192296151));
#7121 = VECTOR('',#7122,1.);
#7122 = DIRECTION('',(0.,1.,0.));
#7123 = PCURVE('',#5461,#7124);
#7124 = DEFINITIONAL_REPRESENTATION('',(#7125),#7129);
#7125 = LINE('',#7126,#7127);
#7126 = CARTESIAN_POINT('',(42.,0.));
#7127 = VECTOR('',#7128,1.);
#7128 = DIRECTION('',(0.,-1.));
#7129 = ( GEOMETRIC_REPRESENTATION_CONTEXT(2) 
PARAMETRIC_REPRESENTATION_CONTEXT() REPRESENTATION_CONTEXT('2D SPACE',''
  ) );
#7130 = PCURVE('',#7131,#7136);
#7131 = PLANE('',#7132);
#7132 = AXIS2_PLACEMENT_3D('',#7133,#7134,#7135);
#7133 = CARTESIAN_POINT('',(-28.43241741754,235.,989.70192296151));
#7134 = DIRECTION('',(0.961538461538,0.,-0.274670324175));
#7135 = DIRECTION('',(0.274670324175,0.,0.961538461538));
#7136 = DEFINITIONAL_REPRESENTATION('',(#7137),#7141);
#7137 = LINE('',#7138,#7139);
#7138 = CARTESIAN_POINT('',(0.,0.));
#7139 = VECTOR('',#7140,1.);
#7140 = DIRECTION('',(0.,-1.));
#7141 = ( GEOMETRIC_REPRESENTATION_CONTEXT(2) 
PARAMETRIC_REPRESENTATION_CONTEXT() REPRESENTATION_CONTEXT('2D SPACE',''
  ) );
#7142 = ADVANCED_FACE('',(#7143),#5434,.T.);
#7143 = FACE_BOUND('',#7144,.T.);
#7144 = EDGE_LOOP('',(#7145,#7167,#7187,#7188,#7189));
#7145 = ORIENTED_EDGE('',*,*,#7146,.T.);
#7146 = EDGE_CURVE('',#6053,#7147,#7149,.T.);
#7147 = VERTEX_POINT('',#7148);
#7148 = CARTESIAN_POINT('',(-11.95219796706,235.,1.047394230654E+03));
#7149 = SURFACE_CURVE('',#7150,(#7153,#7160),.PCURVE_S1.);
#7150 = B_SPLINE_CURVE_WITH_KNOTS('',1,(#7151,#7152),.UNSPECIFIED.,.F.,
  .F.,(2,2),(0.,1.),.PIECEWISE_BEZIER_KNOTS.);
#7151 = CARTESIAN_POINT('',(-42.5,31.666228067138,1.06028E+03));
#7152 = CARTESIAN_POINT('',(-11.95219796706,235.,1.047394230654E+03));
#7153 = PCURVE('',#5434,#7154);
#7154 = DEFINITIONAL_REPRESENTATION('',(#7155),#7159);
#7155 = LINE('',#7156,#7157);
#7156 = CARTESIAN_POINT('',(95.,0.));
#7157 = VECTOR('',#7158,1.);
#7158 = DIRECTION('',(0.,1.));
#7159 = ( GEOMETRIC_REPRESENTATION_CONTEXT(2) 
PARAMETRIC_REPRESENTATION_CONTEXT() REPRESENTATION_CONTEXT('2D SPACE',''
  ) );
#7160 = PCURVE('',#6103,#7161);
#7161 = DEFINITIONAL_REPRESENTATION('',(#7162),#7166);
#7162 = LINE('',#7163,#7164);
#7163 = CARTESIAN_POINT('',(0.,0.));
#7164 = VECTOR('',#7165,1.);
#7165 = DIRECTION('',(0.,1.));
#7166 = ( GEOMETRIC_REPRESENTATION_CONTEXT(2) 
PARAMETRIC_REPRESENTATION_CONTEXT() REPRESENTATION_CONTEXT('2D SPACE',''
  ) );
#7167 = ORIENTED_EDGE('',*,*,#7168,.F.);
#7168 = EDGE_CURVE('',#5420,#7147,#7169,.T.);
#7169 = SURFACE_CURVE('',#7170,(#7174,#7180),.PCURVE_S1.);
#7170 = LINE('',#7171,#7172);
#7171 = CARTESIAN_POINT('',(-28.43241741754,235.,989.70192296151));
#7172 = VECTOR('',#7173,1.);
#7173 = DIRECTION('',(0.274670324175,0.,0.961538461538));
#7174 = PCURVE('',#5434,#7175);
#7175 = DEFINITIONAL_REPRESENTATION('',(#7176),#7179);
#7176 = B_SPLINE_CURVE_WITH_KNOTS('',1,(#7177,#7178),.UNSPECIFIED.,.F.,
  .F.,(2,2),(0.,60.),.PIECEWISE_BEZIER_KNOTS.);
#7177 = CARTESIAN_POINT('',(0.,1.));
#7178 = CARTESIAN_POINT('',(95.,1.));
#7179 = ( GEOMETRIC_REPRESENTATION_CONTEXT(2) 
PARAMETRIC_REPRESENTATION_CONTEXT() REPRESENTATION_CONTEXT('2D SPACE',''
  ) );
#7180 = PCURVE('',#7131,#7181);
#7181 = DEFINITIONAL_REPRESENTATION('',(#7182),#7186);
#7182 = LINE('',#7183,#7184);
#7183 = CARTESIAN_POINT('',(0.,0.));
#7184 = VECTOR('',#7185,1.);
#7185 = DIRECTION('',(1.,0.));
#7186 = ( GEOMETRIC_REPRESENTATION_CONTEXT(2) 
PARAMETRIC_REPRESENTATION_CONTEXT() REPRESENTATION_CONTEXT('2D SPACE',''
  ) );
#7187 = ORIENTED_EDGE('',*,*,#5419,.F.);
#7188 = ORIENTED_EDGE('',*,*,#5644,.F.);
#7189 = ORIENTED_EDGE('',*,*,#6052,.T.);
#7190 = ADVANCED_FACE('',(#7191),#6103,.T.);
#7191 = FACE_BOUND('',#7192,.T.);
#7192 = EDGE_LOOP('',(#7193,#7194,#7221,#7246,#7247,#7248));
#7193 = ORIENTED_EDGE('',*,*,#6755,.T.);
#7194 = ORIENTED_EDGE('',*,*,#7195,.F.);
#7195 = EDGE_CURVE('',#7196,#6729,#7198,.T.);
#7196 = VERTEX_POINT('',#7197);
#7197 = CARTESIAN_POINT('',(8.240109725242,235.,1.041626153846E+03));
#7198 = SURFACE_CURVE('',#7199,(#7203,#7209),.PCURVE_S1.);
#7199 = LINE('',#7200,#7201);
#7200 = CARTESIAN_POINT('',(-11.95219796706,235.,1.047394230654E+03));
#7201 = VECTOR('',#7202,1.);
#7202 = DIRECTION('',(0.961538461538,0.,-0.274670324175));
#7203 = PCURVE('',#6103,#7204);
#7204 = DEFINITIONAL_REPRESENTATION('',(#7205),#7208);
#7205 = B_SPLINE_CURVE_WITH_KNOTS('',1,(#7206,#7207),.UNSPECIFIED.,.F.,
  .F.,(2,2),(0.,42.),.PIECEWISE_BEZIER_KNOTS.);
#7206 = CARTESIAN_POINT('',(0.,1.));
#7207 = CARTESIAN_POINT('',(85.,1.));
#7208 = ( GEOMETRIC_REPRESENTATION_CONTEXT(2) 
PARAMETRIC_REPRESENTATION_CONTEXT() REPRESENTATION_CONTEXT('2D SPACE',''
  ) );
#7209 = PCURVE('',#7210,#7215);
#7210 = PLANE('',#7211);
#7211 = AXIS2_PLACEMENT_3D('',#7212,#7213,#7214);
#7212 = CARTESIAN_POINT('',(-11.95219796706,235.,1.047394230654E+03));
#7213 = DIRECTION('',(-0.274670324175,0.,-0.961538461538));
#7214 = DIRECTION('',(0.961538461538,0.,-0.274670324175));
#7215 = DEFINITIONAL_REPRESENTATION('',(#7216),#7220);
#7216 = LINE('',#7217,#7218);
#7217 = CARTESIAN_POINT('',(0.,0.));
#7218 = VECTOR('',#7219,1.);
#7219 = DIRECTION('',(1.,0.));
#7220 = ( GEOMETRIC_REPRESENTATION_CONTEXT(2) 
PARAMETRIC_REPRESENTATION_CONTEXT() REPRESENTATION_CONTEXT('2D SPACE',''
  ) );
#7221 = ORIENTED_EDGE('',*,*,#7222,.F.);
#7222 = EDGE_CURVE('',#7147,#7196,#7223,.T.);
#7223 = SURFACE_CURVE('',#7224,(#7228,#7234),.PCURVE_S1.);
#7224 = LINE('',#7225,#7226);
#7225 = CARTESIAN_POINT('',(-11.95219796706,235.,1.047394230654E+03));
#7226 = VECTOR('',#7227,1.);
#7227 = DIRECTION('',(0.961538461538,0.,-0.274670324175));
#7228 = PCURVE('',#6103,#7229);
#7229 = DEFINITIONAL_REPRESENTATION('',(#7230),#7233);
#7230 = B_SPLINE_CURVE_WITH_KNOTS('',1,(#7231,#7232),.UNSPECIFIED.,.F.,
  .F.,(2,2),(0.,42.),.PIECEWISE_BEZIER_KNOTS.);
#7231 = CARTESIAN_POINT('',(0.,1.));
#7232 = CARTESIAN_POINT('',(85.,1.));
#7233 = ( GEOMETRIC_REPRESENTATION_CONTEXT(2) 
PARAMETRIC_REPRESENTATION_CONTEXT() REPRESENTATION_CONTEXT('2D SPACE',''
  ) );
#7234 = PCURVE('',#7235,#7240);
#7235 = PLANE('',#7236);
#7236 = AXIS2_PLACEMENT_3D('',#7237,#7238,#7239);
#7237 = CARTESIAN_POINT('',(-11.95219796706,235.,1.047394230654E+03));
#7238 = DIRECTION('',(-0.274670324175,0.,-0.961538461538));
#7239 = DIRECTION('',(0.961538461538,0.,-0.274670324175));
#7240 = DEFINITIONAL_REPRESENTATION('',(#7241),#7245);
#7241 = LINE('',#7242,#7243);
#7242 = CARTESIAN_POINT('',(0.,0.));
#7243 = VECTOR('',#7244,1.);
#7244 = DIRECTION('',(1.,0.));
#7245 = ( GEOMETRIC_REPRESENTATION_CONTEXT(2) 
PARAMETRIC_REPRESENTATION_CONTEXT() REPRESENTATION_CONTEXT('2D SPACE',''
  ) );
#7246 = ORIENTED_EDGE('',*,*,#7146,.F.);
#7247 = ORIENTED_EDGE('',*,*,#6085,.F.);
#7248 = ORIENTED_EDGE('',*,*,#6810,.T.);
#7249 = ADVANCED_FACE('',(#7250,#7763),#6008,.T.);
#7250 = FACE_BOUND('',#7251,.T.);
#7251 = EDGE_LOOP('',(#7252,#7253,#7254,#7526,#7760,#7761,#7762));
#7252 = ORIENTED_EDGE('',*,*,#6122,.T.);
#7253 = ORIENTED_EDGE('',*,*,#6148,.T.);
#7254 = ORIENTED_EDGE('',*,*,#7255,.F.);
#7255 = EDGE_CURVE('',#7256,#6149,#7258,.T.);
#7256 = VERTEX_POINT('',#7257);
#7257 = CARTESIAN_POINT('',(43.692104549907,-30.,1.01278E+03));
#7258 = SURFACE_CURVE('',#7259,(#7346,#7436),.PCURVE_S1.);
#7259 = B_SPLINE_CURVE_WITH_KNOTS('',7,(#7260,#7261,#7262,#7263,#7264,
    #7265,#7266,#7267,#7268,#7269,#7270,#7271,#7272,#7273,#7274,#7275,
    #7276,#7277,#7278,#7279,#7280,#7281,#7282,#7283,#7284,#7285,#7286,
    #7287,#7288,#7289,#7290,#7291,#7292,#7293,#7294,#7295,#7296,#7297,
    #7298,#7299,#7300,#7301,#7302,#7303,#7304,#7305,#7306,#7307,#7308,
    #7309,#7310,#7311,#7312,#7313,#7314,#7315,#7316,#7317,#7318,#7319,
    #7320,#7321,#7322,#7323,#7324,#7325,#7326,#7327,#7328,#7329,#7330,
    #7331,#7332,#7333,#7334,#7335,#7336,#7337,#7338,#7339,#7340,#7341,
    #7342,#7343,#7344,#7345),.UNSPECIFIED.,.F.,.F.,(8,6,6,6,6,6,6,6,6,6,
    6,6,6,6,8),(0.,6.717130465549E-02,0.108699807513,0.160264652149,
    0.199605316554,0.229420247842,0.310672173255,0.402519959446,
    0.499868644206,0.597252661421,0.689076187523,0.839558406542,
    0.891001752467,0.932595544902,1.),.UNSPECIFIED.);
#7260 = CARTESIAN_POINT('',(53.,-3.552713678801E-15,1.04278E+03));
#7261 = CARTESIAN_POINT('',(53.,-1.136871914436,1.04278E+03));
#7262 = CARTESIAN_POINT('',(52.971549155762,-2.271901239904,
    1.042729736841E+03));
#7263 = CARTESIAN_POINT('',(52.914813862599,-3.399416926593,
    1.04262950449E+03));
#7264 = CARTESIAN_POINT('',(52.83071420636,-4.513779743115,
    1.042480567876E+03));
#7265 = CARTESIAN_POINT('',(52.720914982778,-5.609439877212,
    1.042285158772E+03));
#7266 = CARTESIAN_POINT('',(52.587775839125,-6.680992686789,
    1.042046494563E+03));
#7267 = CARTESIAN_POINT('',(52.339350060471,-8.367595004086,
    1.041597148158E+03));
#7268 = CARTESIAN_POINT('',(52.236568644375,-9.001313499918,
    1.041410416099E+03));
#7269 = CARTESIAN_POINT('',(52.126467359898,-9.623970052409,
    1.04120935421E+03));
#7270 = CARTESIAN_POINT('',(52.009615206077,-10.23517402627,
    1.040994707054E+03));
#7271 = CARTESIAN_POINT('',(51.886595392425,-10.83456211079,
    1.040767235102E+03));
#7272 = CARTESIAN_POINT('',(51.75800162038,-11.42179824325,
    1.040527716586E+03));
#7273 = CARTESIAN_POINT('',(51.458587432848,-12.71025682105,
    1.039965578296E+03));
#7274 = CARTESIAN_POINT('',(51.285040988529,-13.40486478623,
    1.039636805467E+03));
#7275 = CARTESIAN_POINT('',(51.104784309221,-14.08045862224,
    1.039291854425E+03));
#7276 = CARTESIAN_POINT('',(50.918763079773,-14.73713701603,
    1.038931868989E+03));
#7277 = CARTESIAN_POINT('',(50.727877006166,-15.37503579227,
    1.038557914324E+03));
#7278 = CARTESIAN_POINT('',(50.532977429218,-15.9943275584,
    1.038170978037E+03));
#7279 = CARTESIAN_POINT('',(50.183717832653,-17.05366471643,
    1.037467554749E+03));
#7280 = CARTESIAN_POINT('',(50.030678915745,-17.50146484065,
    1.037156068598E+03));
#7281 = CARTESIAN_POINT('',(49.876082960898,-17.93876867322,
    1.036837873212E+03));
#7282 = CARTESIAN_POINT('',(49.720247336055,-18.36572490332,
    1.036513299326E+03));
#7283 = CARTESIAN_POINT('',(49.563472500128,-18.78248404616,
    1.036182647859E+03));
#7284 = CARTESIAN_POINT('',(49.406042499342,-19.18919853098,
    1.035846189751E+03));
#7285 = CARTESIAN_POINT('',(49.128621380934,-19.88676219335,
    1.035244957657E+03));
#7286 = CARTESIAN_POINT('',(49.008795602484,-20.18181989119,
    1.034982553834E+03));
#7287 = CARTESIAN_POINT('',(48.888864829104,-20.47126224972,
    1.034717059393E+03));
#7288 = CARTESIAN_POINT('',(48.768942170303,-20.75515331518,
    1.034448572479E+03));
#7289 = CARTESIAN_POINT('',(48.649137144227,-21.03355481281,
    1.034177184317E+03));
#7290 = CARTESIAN_POINT('',(48.529555677663,-21.30652614682,
    1.03390297921E+03));
#7291 = CARTESIAN_POINT('',(48.085303723645,-22.30338562615,
    1.032871302401E+03));
#7292 = CARTESIAN_POINT('',(47.762660680689,-22.99289563031,
    1.032096066862E+03));
#7293 = CARTESIAN_POINT('',(47.444517402899,-23.64362809065,
    1.031302042184E+03));
#7294 = CARTESIAN_POINT('',(47.132851192499,-24.25647418396,
    1.03049062209E+03));
#7295 = CARTESIAN_POINT('',(46.829504183643,-24.83221621765,
    1.029662923055E+03));
#7296 = CARTESIAN_POINT('',(46.53621729785,-25.37150126127,
    1.028819827592E+03));
#7297 = CARTESIAN_POINT('',(45.93639446426,-26.44376415416,
    1.026992363923E+03));
#7298 = CARTESIAN_POINT('',(45.63305234711,-26.96686643423,
    1.026003709519E+03));
#7299 = CARTESIAN_POINT('',(45.34732896756,-27.44431325902,
    1.024997858215E+03));
#7300 = CARTESIAN_POINT('',(45.081738597156,-27.87625510223,
    1.023976406612E+03));
#7301 = CARTESIAN_POINT('',(44.838599222537,-28.26276828596,
    1.022940776694E+03));
#7302 = CARTESIAN_POINT('',(44.620013108551,-28.60382199627,
    1.021892238495E+03));
#7303 = CARTESIAN_POINT('',(44.224172525871,-29.21236193581,
    1.01970812376E+03));
#7304 = CARTESIAN_POINT('',(44.050172528904,-29.47422573655,
    1.018571068599E+03));
#7305 = CARTESIAN_POINT('',(43.90833088652,-29.68422928752,
    1.017423557203E+03));
#7306 = CARTESIAN_POINT('',(43.800590023194,-29.84200140491,
    1.01626821697E+03));
#7307 = CARTESIAN_POINT('',(43.728283803347,-29.94730839639,
    1.015107557308E+03));
#7308 = CARTESIAN_POINT('',(43.692104549907,-30.,1.013944014946E+03));
#7309 = CARTESIAN_POINT('',(43.692104549907,-30.,1.011615562577E+03));
#7310 = CARTESIAN_POINT('',(43.728310070304,-29.94727014109,
    1.01045159829E+03));
#7311 = CARTESIAN_POINT('',(43.800668744506,-29.84188675492,
    1.009290519735E+03));
#7312 = CARTESIAN_POINT('',(43.908487265624,-29.68400029031,
    1.008134766186E+03));
#7313 = CARTESIAN_POINT('',(44.050429873698,-29.47384472294,
    1.006986849738E+03));
#7314 = CARTESIAN_POINT('',(44.224551403846,-29.21179173422,
    1.00584940069E+03));
#7315 = CARTESIAN_POINT('',(44.620540921684,-28.60299897888,
    1.003665213207E+03));
#7316 = CARTESIAN_POINT('',(44.839120275497,-28.2619415344,
    1.002616975103E+03));
#7317 = CARTESIAN_POINT('',(45.082237034119,-27.87544777853,
    1.001581638983E+03));
#7318 = CARTESIAN_POINT('',(45.347790179039,-27.44354847804,
    1.000560475132E+03));
#7319 = CARTESIAN_POINT('',(45.633463062931,-26.96616765893,
    999.55490557995));
#7320 = CARTESIAN_POINT('',(45.936742876667,-26.44315555121,
    998.56652670813));
#7321 = CARTESIAN_POINT('',(46.77640807496,-24.94210504389,
    996.00846830381));
#7322 = CARTESIAN_POINT('',(47.337493830927,-23.88761950664,
    994.47214782332));
#7323 = CARTESIAN_POINT('',(47.927908701723,-22.70740076666,
    992.99080014999));
#7324 = CARTESIAN_POINT('',(48.536747140529,-21.39565114885,
    991.56995411011));
#7325 = CARTESIAN_POINT('',(49.151554748905,-19.94501627084,
    990.21888559953));
#7326 = CARTESIAN_POINT('',(49.757122796178,-18.34749887146,
    988.95163897939));
#7327 = CARTESIAN_POINT('',(50.532110424756,-15.99698071925,
    987.39076347813));
#7328 = CARTESIAN_POINT('',(50.726358418401,-15.37988237229,
    987.00509716332));
#7329 = CARTESIAN_POINT('',(50.916623388923,-14.74430540551,
    986.63232052316));
#7330 = CARTESIAN_POINT('',(51.102063107058,-14.09007822377,
    986.2734103472));
#7331 = CARTESIAN_POINT('',(51.281787586859,-13.41706544512,
    985.9294200365));
#7332 = CARTESIAN_POINT('',(51.454861417954,-12.72516824754,
    985.60148067352));
#7333 = CARTESIAN_POINT('',(51.754074062305,-11.4395821946,
    985.0396073027));
#7334 = CARTESIAN_POINT('',(51.882875901069,-10.85236236753,
    984.79965667472));
#7335 = CARTESIAN_POINT('',(52.006110542019,-10.252972866,984.5717487486
    ));
#7336 = CARTESIAN_POINT('',(52.123183554453,-9.641748538621,
    984.35666260984));
#7337 = CARTESIAN_POINT('',(52.233510870493,-9.019051526579,
    984.15515973916));
#7338 = CARTESIAN_POINT('',(52.336522506554,-8.385271339305,
    983.96798586273));
#7339 = CARTESIAN_POINT('',(52.585850699201,-6.696472960545,
    983.51695649403));
#7340 = CARTESIAN_POINT('',(52.719592189036,-5.622624898461,
    983.27719545862));
#7341 = CARTESIAN_POINT('',(52.829902634736,-4.524514009796,
    983.0808694116));
#7342 = CARTESIAN_POINT('',(52.914402145714,-3.4075749764,
    982.93122287672));
#7343 = CARTESIAN_POINT('',(52.971410964019,-2.277389423694,
    982.83050729784));
#7344 = CARTESIAN_POINT('',(53.,-1.139629570347,982.78));
#7345 = CARTESIAN_POINT('',(53.,-7.105427357601E-15,982.78));
#7346 = PCURVE('',#6008,#7347);
#7347 = DEFINITIONAL_REPRESENTATION('',(#7348),#7435);
#7348 = B_SPLINE_CURVE_WITH_KNOTS('',7,(#7349,#7350,#7351,#7352,#7353,
    #7354,#7355,#7356,#7357,#7358,#7359,#7360,#7361,#7362,#7363,#7364,
    #7365,#7366,#7367,#7368,#7369,#7370,#7371,#7372,#7373,#7374,#7375,
    #7376,#7377,#7378,#7379,#7380,#7381,#7382,#7383,#7384,#7385,#7386,
    #7387,#7388,#7389,#7390,#7391,#7392,#7393,#7394,#7395,#7396,#7397,
    #7398,#7399,#7400,#7401,#7402,#7403,#7404,#7405,#7406,#7407,#7408,
    #7409,#7410,#7411,#7412,#7413,#7414,#7415,#7416,#7417,#7418,#7419,
    #7420,#7421,#7422,#7423,#7424,#7425,#7426,#7427,#7428,#7429,#7430,
    #7431,#7432,#7433,#7434),.UNSPECIFIED.,.F.,.F.,(8,6,6,6,6,6,6,6,6,6,
    6,6,6,6,8),(0.,6.717130465549E-02,0.108699807513,0.160264652149,
    0.199605316554,0.229420247842,0.310672173255,0.402519959446,
    0.499868644206,0.597252661421,0.689076187523,0.839558406542,
    0.891001752467,0.932595544902,1.),.UNSPECIFIED.);
#7349 = CARTESIAN_POINT('',(6.28318530718,69.));
#7350 = CARTESIAN_POINT('',(6.2617348937,69.));
#7351 = CARTESIAN_POINT('',(6.240319242529,68.949736840822));
#7352 = CARTESIAN_POINT('',(6.2190292528,68.849504490026));
#7353 = CARTESIAN_POINT('',(6.197955396879,68.70056787591));
#7354 = CARTESIAN_POINT('',(6.177188526719,68.505158772344));
#7355 = CARTESIAN_POINT('',(6.156820299238,68.266494562663));
#7356 = CARTESIAN_POINT('',(6.124654263139,67.817148157563));
#7357 = CARTESIAN_POINT('',(6.112542350292,67.630416099159));
#7358 = CARTESIAN_POINT('',(6.100613766174,67.429354210369));
#7359 = CARTESIAN_POINT('',(6.088874732755,67.214707053758));
#7360 = CARTESIAN_POINT('',(6.077331402374,66.987235101581));
#7361 = CARTESIAN_POINT('',(6.065989850148,66.747716585888));
#7362 = CARTESIAN_POINT('',(6.041031541285,66.185578296431));
#7363 = CARTESIAN_POINT('',(6.027524703583,65.856805466949));
#7364 = CARTESIAN_POINT('',(6.014334339715,65.511854425344));
#7365 = CARTESIAN_POINT('',(6.001459249836,65.151868989127));
#7366 = CARTESIAN_POINT('',(5.988898141538,64.777914323617));
#7367 = CARTESIAN_POINT('',(5.976649523578,64.390978037423));
#7368 = CARTESIAN_POINT('',(5.955603730382,63.687554748961));
#7369 = CARTESIAN_POINT('',(5.94667540209,63.376068598107));
#7370 = CARTESIAN_POINT('',(5.937924726224,63.05787321215));
#7371 = CARTESIAN_POINT('',(5.929349897055,62.733299325866));
#7372 = CARTESIAN_POINT('',(5.920949168964,62.402647858564));
#7373 = CARTESIAN_POINT('',(5.91272083378,62.066189750645));
#7374 = CARTESIAN_POINT('',(5.89855659424,61.464957656675));
#7375 = CARTESIAN_POINT('',(5.892548055571,61.202553833551));
#7376 = CARTESIAN_POINT('',(5.886636866074,60.937059393303));
#7377 = CARTESIAN_POINT('',(5.880822371714,60.668572479483));
#7378 = CARTESIAN_POINT('',(5.875103980455,60.397184316674));
#7379 = CARTESIAN_POINT('',(5.869481162259,60.122979210481));
#7380 = CARTESIAN_POINT('',(5.848889274228,59.091302400789));
#7381 = CARTESIAN_POINT('',(5.834528236375,58.316066861594));
#7382 = CARTESIAN_POINT('',(5.820864496063,57.522042184271));
#7383 = CARTESIAN_POINT('',(5.807894592268,56.71062209049));
#7384 = CARTESIAN_POINT('',(5.795617710335,55.882923055082));
#7385 = CARTESIAN_POINT('',(5.784035949907,55.03982759183));
#7386 = CARTESIAN_POINT('',(5.760854225179,53.212363923023));
#7387 = CARTESIAN_POINT('',(5.749446303728,52.223709519251));
#7388 = CARTESIAN_POINT('',(5.738949435207,51.217858214684));
#7389 = CARTESIAN_POINT('',(5.72938323306,50.196406611635));
#7390 = CARTESIAN_POINT('',(5.720768113974,49.160776694243));
#7391 = CARTESIAN_POINT('',(5.713125094369,48.112238494726));
#7392 = CARTESIAN_POINT('',(5.699427830701,45.928123759576));
#7393 = CARTESIAN_POINT('',(5.693496001426,44.791068598911));
#7394 = CARTESIAN_POINT('',(5.688714674589,43.643557203355));
#7395 = CARTESIAN_POINT('',(5.685109973724,42.488216969908));
#7396 = CARTESIAN_POINT('',(5.682699761928,41.327557308242));
#7397 = CARTESIAN_POINT('',(5.681493788139,40.164014946286));
#7398 = CARTESIAN_POINT('',(5.681493788139,37.835562577468));
#7399 = CARTESIAN_POINT('',(5.68270063749,36.671598289959));
#7400 = CARTESIAN_POINT('',(5.685112597776,35.510519734842));
#7401 = CARTESIAN_POINT('',(5.688719906601,34.354766185642));
#7402 = CARTESIAN_POINT('',(5.693504676263,33.206849738122));
#7403 = CARTESIAN_POINT('',(5.699440747081,32.069400689689));
#7404 = CARTESIAN_POINT('',(5.713143541609,29.885213206977));
#7405 = CARTESIAN_POINT('',(5.720786551711,28.836975102629));
#7406 = CARTESIAN_POINT('',(5.729401133266,27.801638982769));
#7407 = CARTESIAN_POINT('',(5.738966283976,26.780475131819));
#7408 = CARTESIAN_POINT('',(5.749461595312,25.774905579954));
#7409 = CARTESIAN_POINT('',(5.760867456161,24.786526708133));
#7410 = CARTESIAN_POINT('',(5.793319135993,22.228468303813));
#7411 = CARTESIAN_POINT('',(5.815851312195,20.692147823324));
#7412 = CARTESIAN_POINT('',(5.84073741626,19.210800149991));
#7413 = CARTESIAN_POINT('',(5.868000075035,17.78995411012));
#7414 = CARTESIAN_POINT('',(5.897695291177,16.438885599537));
#7415 = CARTESIAN_POINT('',(5.929899064484,15.171638979392));
#7416 = CARTESIAN_POINT('',(5.976596859064,13.610763478132));
#7417 = CARTESIAN_POINT('',(5.988802321446,13.225097163322));
#7418 = CARTESIAN_POINT('',(6.001318122939,12.852320523168));
#7419 = CARTESIAN_POINT('',(6.014145752841,12.493410347203));
#7420 = CARTESIAN_POINT('',(6.027286504932,12.149420036502));
#7421 = CARTESIAN_POINT('',(6.040741581984,11.821480673521));
#7422 = CARTESIAN_POINT('',(6.065646239668,11.259607302701));
#7423 = CARTESIAN_POINT('',(6.076988331788,11.019656674726));
#7424 = CARTESIAN_POINT('',(6.088532503711,10.791748748601));
#7425 = CARTESIAN_POINT('',(6.100272696951,10.576662609842));
#7426 = CARTESIAN_POINT('',(6.11220277527,10.37515973916));
#7427 = CARTESIAN_POINT('',(6.124316532494,10.187985862733));
#7428 = CARTESIAN_POINT('',(6.156526044387,9.736956494032));
#7429 = CARTESIAN_POINT('',(6.176938618258,9.497195458628));
#7430 = CARTESIAN_POINT('',(6.197752397689,9.3008694116));
#7431 = CARTESIAN_POINT('',(6.218875209857,9.151222876721));
#7432 = CARTESIAN_POINT('',(6.240215691852,9.050507297843));
#7433 = CARTESIAN_POINT('',(6.261682862456,9.));
#7434 = CARTESIAN_POINT('',(6.28318530718,9.));
#7435 = ( GEOMETRIC_REPRESENTATION_CONTEXT(2) 
PARAMETRIC_REPRESENTATION_CONTEXT() REPRESENTATION_CONTEXT('2D SPACE',''
  ) );
#7436 = PCURVE('',#6629,#7437);
#7437 = DEFINITIONAL_REPRESENTATION('',(#7438),#7525);
#7438 = B_SPLINE_CURVE_WITH_KNOTS('',7,(#7439,#7440,#7441,#7442,#7443,
    #7444,#7445,#7446,#7447,#7448,#7449,#7450,#7451,#7452,#7453,#7454,
    #7455,#7456,#7457,#7458,#7459,#7460,#7461,#7462,#7463,#7464,#7465,
    #7466,#7467,#7468,#7469,#7470,#7471,#7472,#7473,#7474,#7475,#7476,
    #7477,#7478,#7479,#7480,#7481,#7482,#7483,#7484,#7485,#7486,#7487,
    #7488,#7489,#7490,#7491,#7492,#7493,#7494,#7495,#7496,#7497,#7498,
    #7499,#7500,#7501,#7502,#7503,#7504,#7505,#7506,#7507,#7508,#7509,
    #7510,#7511,#7512,#7513,#7514,#7515,#7516,#7517,#7518,#7519,#7520,
    #7521,#7522,#7523,#7524),.UNSPECIFIED.,.F.,.F.,(8,6,6,6,6,6,6,6,6,6,
    6,6,6,6,8),(0.,6.717130465549E-02,0.108699807513,0.160264652149,
    0.199605316554,0.229420247842,0.310672173255,0.402519959446,
    0.499868644206,0.597252661421,0.689076187523,0.839558406542,
    0.891001752467,0.932595544902,1.),.UNSPECIFIED.);
#7439 = CARTESIAN_POINT('',(0.,9.307895450093));
#7440 = CARTESIAN_POINT('',(3.78957304812E-02,9.307895450093));
#7441 = CARTESIAN_POINT('',(7.573003965715E-02,9.279444605855));
#7442 = CARTESIAN_POINT('',(0.113402791013,9.222709312692));
#7443 = CARTESIAN_POINT('',(0.150813574693,9.138609656453));
#7444 = CARTESIAN_POINT('',(0.187857358363,9.028810432871));
#7445 = CARTESIAN_POINT('',(0.224419924253,8.895671289218));
#7446 = CARTESIAN_POINT('',(0.282601054913,8.647245510564));
#7447 = CARTESIAN_POINT('',(0.304615419454,8.544464094468));
#7448 = CARTESIAN_POINT('',(0.326414383331,8.434362809991));
#7449 = CARTESIAN_POINT('',(0.347995370408,8.31751065617));
#7450 = CARTESIAN_POINT('',(0.369354989294,8.194490842518));
#7451 = CARTESIAN_POINT('',(0.390488991575,8.065897070473));
#7452 = CARTESIAN_POINT('',(0.437347228882,7.766482882941));
#7453 = CARTESIAN_POINT('',(0.462951399103,7.592936438622));
#7454 = CARTESIAN_POINT('',(0.488218833903,7.412679759314));
#7455 = CARTESIAN_POINT('',(0.513162421752,7.226658529866));
#7456 = CARTESIAN_POINT('',(0.5377942559,7.035772456259));
#7457 = CARTESIAN_POINT('',(0.562126043892,6.840872879311));
#7458 = CARTESIAN_POINT('',(0.604513142783,6.491613282747));
#7459 = CARTESIAN_POINT('',(0.622691576354,6.338574365838));
#7460 = CARTESIAN_POINT('',(0.640712331486,6.183978410991));
#7461 = CARTESIAN_POINT('',(0.658582707888,6.028142786148));
#7462 = CARTESIAN_POINT('',(0.676309908349,5.871367950221));
#7463 = CARTESIAN_POINT('',(0.693901155798,5.713937949435));
#7464 = CARTESIAN_POINT('',(0.724598153368,5.436516831027));
#7465 = CARTESIAN_POINT('',(0.737758595039,5.316691052577));
#7466 = CARTESIAN_POINT('',(0.750848283213,5.196760279198));
#7467 = CARTESIAN_POINT('',(0.763870302596,5.076837620396));
#7468 = CARTESIAN_POINT('',(0.776827674775,4.95703259432));
#7469 = CARTESIAN_POINT('',(0.789723358218,4.837451127756));
#7470 = CARTESIAN_POINT('',(0.837543459305,4.393199173738));
#7471 = CARTESIAN_POINT('',(0.872097464132,4.070556130782));
#7472 = CARTESIAN_POINT('',(0.906273531322,3.752412852992));
#7473 = CARTESIAN_POINT('',(0.940121262032,3.440746642592));
#7474 = CARTESIAN_POINT('',(0.97368914174,3.137399633736));
#7475 = CARTESIAN_POINT('',(1.007025091995,2.844112747943));
#7476 = CARTESIAN_POINT('',(1.077652212788,2.244289914353));
#7477 = CARTESIAN_POINT('',(1.114899984679,1.940947797203));
#7478 = CARTESIAN_POINT('',(1.151957990259,1.655224417653));
#7479 = CARTESIAN_POINT('',(1.188864106357,1.389634047249));
#7480 = CARTESIAN_POINT('',(1.225657086554,1.14649467263));
#7481 = CARTESIAN_POINT('',(1.262377213531,0.927908558644));
#7482 = CARTESIAN_POINT('',(1.337954091494,0.532067975964));
#7483 = CARTESIAN_POINT('',(1.376808025286,0.358067978997));
#7484 = CARTESIAN_POINT('',(1.415629815502,0.216226336613));
#7485 = CARTESIAN_POINT('',(1.454427003261,0.108485473287));
#7486 = CARTESIAN_POINT('',(1.493211089849,3.617925343964E-02));
#7487 = CARTESIAN_POINT('',(1.531995828585,-1.416191542081E-14));
#7488 = CARTESIAN_POINT('',(1.609610907546,-1.425981177199E-14));
#7489 = CARTESIAN_POINT('',(1.648409710455,3.620552039749E-02));
#7490 = CARTESIAN_POINT('',(1.687207864128,0.108564194599));
#7491 = CARTESIAN_POINT('',(1.726019140115,0.216382715717));
#7492 = CARTESIAN_POINT('',(1.764855053911,0.358325323791));
#7493 = CARTESIAN_POINT('',(1.803723153876,0.532446853939));
#7494 = CARTESIAN_POINT('',(1.879304629991,0.928436371777));
#7495 = CARTESIAN_POINT('',(1.916015309392,1.147015725591));
#7496 = CARTESIAN_POINT('',(1.952798929362,1.390132484212));
#7497 = CARTESIAN_POINT('',(1.989695705261,1.655685629132));
#7498 = CARTESIAN_POINT('',(2.026744325348,1.941358513024));
#7499 = CARTESIAN_POINT('',(2.063982601382,2.24463832676));
#7500 = CARTESIAN_POINT('',(2.16284735426,3.084303525053));
#7501 = CARTESIAN_POINT('',(2.224804412626,3.64538928102));
#7502 = CARTESIAN_POINT('',(2.287680289537,4.235804151816));
#7503 = CARTESIAN_POINT('',(2.351822505928,4.844642590622));
#7504 = CARTESIAN_POINT('',(2.417580115375,5.459450198998));
#7505 = CARTESIAN_POINT('',(2.485308426182,6.065018246271));
#7506 = CARTESIAN_POINT('',(2.57936082242,6.840005874849));
#7507 = CARTESIAN_POINT('',(2.603608268922,7.034253868494));
#7508 = CARTESIAN_POINT('',(2.628153642578,7.224518839016));
#7509 = CARTESIAN_POINT('',(2.653008555951,7.409958557151));
#7510 = CARTESIAN_POINT('',(2.678185000607,7.589683036952));
#7511 = CARTESIAN_POINT('',(2.703695750172,7.762756868047));
#7512 = CARTESIAN_POINT('',(2.750462704131,8.061969512398));
#7513 = CARTESIAN_POINT('',(2.771601643175,8.190771351162));
#7514 = CARTESIAN_POINT('',(2.792966459552,8.314005992112));
#7515 = CARTESIAN_POINT('',(2.814552930282,8.431079004546));
#7516 = CARTESIAN_POINT('',(2.836357689302,8.541406320586));
#7517 = CARTESIAN_POINT('',(2.858378186399,8.644417956648));
#7518 = CARTESIAN_POINT('',(2.916644504624,8.893746149294));
#7519 = CARTESIAN_POINT('',(2.953289499853,9.027487639129));
#7520 = CARTESIAN_POINT('',(2.990418701986,9.137798084829));
#7521 = CARTESIAN_POINT('',(3.027917279089,9.222297595807));
#7522 = CARTESIAN_POINT('',(3.065679674496,9.279306414112));
#7523 = CARTESIAN_POINT('',(3.103605001245,9.307895450093));
#7524 = CARTESIAN_POINT('',(3.14159265359,9.307895450093));
#7525 = ( GEOMETRIC_REPRESENTATION_CONTEXT(2) 
PARAMETRIC_REPRESENTATION_CONTEXT() REPRESENTATION_CONTEXT('2D SPACE',''
  ) );
#7526 = ORIENTED_EDGE('',*,*,#7527,.F.);
#7527 = EDGE_CURVE('',#6198,#7256,#7528,.T.);
#7528 = SURFACE_CURVE('',#7529,(#7616,#7706),.PCURVE_S1.);
#7529 = B_SPLINE_CURVE_WITH_KNOTS('',7,(#7530,#7531,#7532,#7533,#7534,
    #7535,#7536,#7537,#7538,#7539,#7540,#7541,#7542,#7543,#7544,#7545,
    #7546,#7547,#7548,#7549,#7550,#7551,#7552,#7553,#7554,#7555,#7556,
    #7557,#7558,#7559,#7560,#7561,#7562,#7563,#7564,#7565,#7566,#7567,
    #7568,#7569,#7570,#7571,#7572,#7573,#7574,#7575,#7576,#7577,#7578,
    #7579,#7580,#7581,#7582,#7583,#7584,#7585,#7586,#7587,#7588,#7589,
    #7590,#7591,#7592,#7593,#7594,#7595,#7596,#7597,#7598,#7599,#7600,
    #7601,#7602,#7603,#7604,#7605,#7606,#7607,#7608,#7609,#7610,#7611,
    #7612,#7613,#7614,#7615),.UNSPECIFIED.,.F.,.F.,(8,6,6,6,6,6,6,6,6,6,
    6,6,6,6,8),(0.,6.717130465549E-02,0.108699807513,0.160264652149,
    0.199605316554,0.229420247842,0.310672173255,0.402519959446,
    0.499868644206,0.597252661421,0.689076187523,0.839558406542,
    0.891001752467,0.932595544902,1.),.UNSPECIFIED.);
#7530 = CARTESIAN_POINT('',(53.,-3.552713678801E-15,1.04278E+03));
#7531 = CARTESIAN_POINT('',(53.,-1.136871914436,1.04278E+03));
#7532 = CARTESIAN_POINT('',(52.971549155762,-2.271901239904,
    1.042729736841E+03));
#7533 = CARTESIAN_POINT('',(52.914813862599,-3.399416926593,
    1.04262950449E+03));
#7534 = CARTESIAN_POINT('',(52.83071420636,-4.513779743115,
    1.042480567876E+03));
#7535 = CARTESIAN_POINT('',(52.720914982778,-5.609439877212,
    1.042285158772E+03));
#7536 = CARTESIAN_POINT('',(52.587775839125,-6.680992686789,
    1.042046494563E+03));
#7537 = CARTESIAN_POINT('',(52.339350060471,-8.367595004086,
    1.041597148158E+03));
#7538 = CARTESIAN_POINT('',(52.236568644375,-9.001313499918,
    1.041410416099E+03));
#7539 = CARTESIAN_POINT('',(52.126467359898,-9.623970052409,
    1.04120935421E+03));
#7540 = CARTESIAN_POINT('',(52.009615206077,-10.23517402627,
    1.040994707054E+03));
#7541 = CARTESIAN_POINT('',(51.886595392425,-10.83456211079,
    1.040767235102E+03));
#7542 = CARTESIAN_POINT('',(51.75800162038,-11.42179824325,
    1.040527716586E+03));
#7543 = CARTESIAN_POINT('',(51.458587432848,-12.71025682105,
    1.039965578296E+03));
#7544 = CARTESIAN_POINT('',(51.285040988529,-13.40486478623,
    1.039636805467E+03));
#7545 = CARTESIAN_POINT('',(51.104784309221,-14.08045862224,
    1.039291854425E+03));
#7546 = CARTESIAN_POINT('',(50.918763079773,-14.73713701603,
    1.038931868989E+03));
#7547 = CARTESIAN_POINT('',(50.727877006166,-15.37503579227,
    1.038557914324E+03));
#7548 = CARTESIAN_POINT('',(50.532977429218,-15.9943275584,
    1.038170978037E+03));
#7549 = CARTESIAN_POINT('',(50.183717832653,-17.05366471643,
    1.037467554749E+03));
#7550 = CARTESIAN_POINT('',(50.030678915745,-17.50146484065,
    1.037156068598E+03));
#7551 = CARTESIAN_POINT('',(49.876082960898,-17.93876867322,
    1.036837873212E+03));
#7552 = CARTESIAN_POINT('',(49.720247336055,-18.36572490332,
    1.036513299326E+03));
#7553 = CARTESIAN_POINT('',(49.563472500128,-18.78248404616,
    1.036182647859E+03));
#7554 = CARTESIAN_POINT('',(49.406042499342,-19.18919853098,
    1.035846189751E+03));
#7555 = CARTESIAN_POINT('',(49.128621380934,-19.88676219335,
    1.035244957657E+03));
#7556 = CARTESIAN_POINT('',(49.008795602484,-20.18181989119,
    1.034982553834E+03));
#7557 = CARTESIAN_POINT('',(48.888864829104,-20.47126224972,
    1.034717059393E+03));
#7558 = CARTESIAN_POINT('',(48.768942170303,-20.75515331518,
    1.034448572479E+03));
#7559 = CARTESIAN_POINT('',(48.649137144227,-21.03355481281,
    1.034177184317E+03));
#7560 = CARTESIAN_POINT('',(48.529555677663,-21.30652614682,
    1.03390297921E+03));
#7561 = CARTESIAN_POINT('',(48.085303723645,-22.30338562615,
    1.032871302401E+03));
#7562 = CARTESIAN_POINT('',(47.762660680689,-22.99289563031,
    1.032096066862E+03));
#7563 = CARTESIAN_POINT('',(47.444517402899,-23.64362809065,
    1.031302042184E+03));
#7564 = CARTESIAN_POINT('',(47.132851192499,-24.25647418396,
    1.03049062209E+03));
#7565 = CARTESIAN_POINT('',(46.829504183643,-24.83221621765,
    1.029662923055E+03));
#7566 = CARTESIAN_POINT('',(46.53621729785,-25.37150126127,
    1.028819827592E+03));
#7567 = CARTESIAN_POINT('',(45.93639446426,-26.44376415416,
    1.026992363923E+03));
#7568 = CARTESIAN_POINT('',(45.63305234711,-26.96686643423,
    1.026003709519E+03));
#7569 = CARTESIAN_POINT('',(45.34732896756,-27.44431325902,
    1.024997858215E+03));
#7570 = CARTESIAN_POINT('',(45.081738597156,-27.87625510223,
    1.023976406612E+03));
#7571 = CARTESIAN_POINT('',(44.838599222537,-28.26276828596,
    1.022940776694E+03));
#7572 = CARTESIAN_POINT('',(44.620013108551,-28.60382199627,
    1.021892238495E+03));
#7573 = CARTESIAN_POINT('',(44.224172525871,-29.21236193581,
    1.01970812376E+03));
#7574 = CARTESIAN_POINT('',(44.050172528904,-29.47422573655,
    1.018571068599E+03));
#7575 = CARTESIAN_POINT('',(43.90833088652,-29.68422928752,
    1.017423557203E+03));
#7576 = CARTESIAN_POINT('',(43.800590023194,-29.84200140491,
    1.01626821697E+03));
#7577 = CARTESIAN_POINT('',(43.728283803347,-29.94730839639,
    1.015107557308E+03));
#7578 = CARTESIAN_POINT('',(43.692104549907,-30.,1.013944014946E+03));
#7579 = CARTESIAN_POINT('',(43.692104549907,-30.,1.011615562577E+03));
#7580 = CARTESIAN_POINT('',(43.728310070304,-29.94727014109,
    1.01045159829E+03));
#7581 = CARTESIAN_POINT('',(43.800668744506,-29.84188675492,
    1.009290519735E+03));
#7582 = CARTESIAN_POINT('',(43.908487265624,-29.68400029031,
    1.008134766186E+03));
#7583 = CARTESIAN_POINT('',(44.050429873698,-29.47384472294,
    1.006986849738E+03));
#7584 = CARTESIAN_POINT('',(44.224551403846,-29.21179173422,
    1.00584940069E+03));
#7585 = CARTESIAN_POINT('',(44.620540921684,-28.60299897888,
    1.003665213207E+03));
#7586 = CARTESIAN_POINT('',(44.839120275497,-28.2619415344,
    1.002616975103E+03));
#7587 = CARTESIAN_POINT('',(45.082237034119,-27.87544777853,
    1.001581638983E+03));
#7588 = CARTESIAN_POINT('',(45.347790179039,-27.44354847804,
    1.000560475132E+03));
#7589 = CARTESIAN_POINT('',(45.633463062931,-26.96616765893,
    999.55490557995));
#7590 = CARTESIAN_POINT('',(45.936742876667,-26.44315555121,
    998.56652670813));
#7591 = CARTESIAN_POINT('',(46.77640807496,-24.94210504389,
    996.00846830381));
#7592 = CARTESIAN_POINT('',(47.337493830927,-23.88761950664,
    994.47214782332));
#7593 = CARTESIAN_POINT('',(47.927908701723,-22.70740076666,
    992.99080014999));
#7594 = CARTESIAN_POINT('',(48.536747140529,-21.39565114885,
    991.56995411011));
#7595 = CARTESIAN_POINT('',(49.151554748905,-19.94501627084,
    990.21888559953));
#7596 = CARTESIAN_POINT('',(49.757122796178,-18.34749887146,
    988.95163897939));
#7597 = CARTESIAN_POINT('',(50.532110424756,-15.99698071925,
    987.39076347813));
#7598 = CARTESIAN_POINT('',(50.726358418401,-15.37988237229,
    987.00509716332));
#7599 = CARTESIAN_POINT('',(50.916623388923,-14.74430540551,
    986.63232052316));
#7600 = CARTESIAN_POINT('',(51.102063107058,-14.09007822377,
    986.2734103472));
#7601 = CARTESIAN_POINT('',(51.281787586859,-13.41706544512,
    985.9294200365));
#7602 = CARTESIAN_POINT('',(51.454861417954,-12.72516824754,
    985.60148067352));
#7603 = CARTESIAN_POINT('',(51.754074062305,-11.4395821946,
    985.0396073027));
#7604 = CARTESIAN_POINT('',(51.882875901069,-10.85236236753,
    984.79965667472));
#7605 = CARTESIAN_POINT('',(52.006110542019,-10.252972866,984.5717487486
    ));
#7606 = CARTESIAN_POINT('',(52.123183554453,-9.641748538621,
    984.35666260984));
#7607 = CARTESIAN_POINT('',(52.233510870493,-9.019051526579,
    984.15515973916));
#7608 = CARTESIAN_POINT('',(52.336522506554,-8.385271339305,
    983.96798586273));
#7609 = CARTESIAN_POINT('',(52.585850699201,-6.696472960545,
    983.51695649403));
#7610 = CARTESIAN_POINT('',(52.719592189036,-5.622624898461,
    983.27719545862));
#7611 = CARTESIAN_POINT('',(52.829902634736,-4.524514009796,
    983.0808694116));
#7612 = CARTESIAN_POINT('',(52.914402145714,-3.4075749764,
    982.93122287672));
#7613 = CARTESIAN_POINT('',(52.971410964019,-2.277389423694,
    982.83050729784));
#7614 = CARTESIAN_POINT('',(53.,-1.139629570347,982.78));
#7615 = CARTESIAN_POINT('',(53.,-7.105427357601E-15,982.78));
#7616 = PCURVE('',#6008,#7617);
#7617 = DEFINITIONAL_REPRESENTATION('',(#7618),#7705);
#7618 = B_SPLINE_CURVE_WITH_KNOTS('',7,(#7619,#7620,#7621,#7622,#7623,
    #7624,#7625,#7626,#7627,#7628,#7629,#7630,#7631,#7632,#7633,#7634,
    #7635,#7636,#7637,#7638,#7639,#7640,#7641,#7642,#7643,#7644,#7645,
    #7646,#7647,#7648,#7649,#7650,#7651,#7652,#7653,#7654,#7655,#7656,
    #7657,#7658,#7659,#7660,#7661,#7662,#7663,#7664,#7665,#7666,#7667,
    #7668,#7669,#7670,#7671,#7672,#7673,#7674,#7675,#7676,#7677,#7678,
    #7679,#7680,#7681,#7682,#7683,#7684,#7685,#7686,#7687,#7688,#7689,
    #7690,#7691,#7692,#7693,#7694,#7695,#7696,#7697,#7698,#7699,#7700,
    #7701,#7702,#7703,#7704),.UNSPECIFIED.,.F.,.F.,(8,6,6,6,6,6,6,6,6,6,
    6,6,6,6,8),(0.,6.717130465549E-02,0.108699807513,0.160264652149,
    0.199605316554,0.229420247842,0.310672173255,0.402519959446,
    0.499868644206,0.597252661421,0.689076187523,0.839558406542,
    0.891001752467,0.932595544902,1.),.UNSPECIFIED.);
#7619 = CARTESIAN_POINT('',(6.28318530718,69.));
#7620 = CARTESIAN_POINT('',(6.2617348937,69.));
#7621 = CARTESIAN_POINT('',(6.240319242529,68.949736840822));
#7622 = CARTESIAN_POINT('',(6.2190292528,68.849504490026));
#7623 = CARTESIAN_POINT('',(6.197955396879,68.70056787591));
#7624 = CARTESIAN_POINT('',(6.177188526719,68.505158772344));
#7625 = CARTESIAN_POINT('',(6.156820299238,68.266494562663));
#7626 = CARTESIAN_POINT('',(6.124654263139,67.817148157563));
#7627 = CARTESIAN_POINT('',(6.112542350292,67.630416099159));
#7628 = CARTESIAN_POINT('',(6.100613766174,67.429354210369));
#7629 = CARTESIAN_POINT('',(6.088874732755,67.214707053758));
#7630 = CARTESIAN_POINT('',(6.077331402374,66.987235101581));
#7631 = CARTESIAN_POINT('',(6.065989850148,66.747716585888));
#7632 = CARTESIAN_POINT('',(6.041031541285,66.185578296431));
#7633 = CARTESIAN_POINT('',(6.027524703583,65.856805466949));
#7634 = CARTESIAN_POINT('',(6.014334339715,65.511854425344));
#7635 = CARTESIAN_POINT('',(6.001459249836,65.151868989127));
#7636 = CARTESIAN_POINT('',(5.988898141538,64.777914323617));
#7637 = CARTESIAN_POINT('',(5.976649523578,64.390978037423));
#7638 = CARTESIAN_POINT('',(5.955603730382,63.687554748961));
#7639 = CARTESIAN_POINT('',(5.94667540209,63.376068598107));
#7640 = CARTESIAN_POINT('',(5.937924726224,63.05787321215));
#7641 = CARTESIAN_POINT('',(5.929349897055,62.733299325866));
#7642 = CARTESIAN_POINT('',(5.920949168964,62.402647858564));
#7643 = CARTESIAN_POINT('',(5.91272083378,62.066189750645));
#7644 = CARTESIAN_POINT('',(5.89855659424,61.464957656675));
#7645 = CARTESIAN_POINT('',(5.892548055571,61.202553833551));
#7646 = CARTESIAN_POINT('',(5.886636866074,60.937059393303));
#7647 = CARTESIAN_POINT('',(5.880822371714,60.668572479483));
#7648 = CARTESIAN_POINT('',(5.875103980455,60.397184316674));
#7649 = CARTESIAN_POINT('',(5.869481162259,60.122979210481));
#7650 = CARTESIAN_POINT('',(5.848889274228,59.091302400789));
#7651 = CARTESIAN_POINT('',(5.834528236375,58.316066861594));
#7652 = CARTESIAN_POINT('',(5.820864496063,57.522042184271));
#7653 = CARTESIAN_POINT('',(5.807894592268,56.71062209049));
#7654 = CARTESIAN_POINT('',(5.795617710335,55.882923055082));
#7655 = CARTESIAN_POINT('',(5.784035949907,55.03982759183));
#7656 = CARTESIAN_POINT('',(5.760854225179,53.212363923023));
#7657 = CARTESIAN_POINT('',(5.749446303728,52.223709519251));
#7658 = CARTESIAN_POINT('',(5.738949435207,51.217858214684));
#7659 = CARTESIAN_POINT('',(5.72938323306,50.196406611635));
#7660 = CARTESIAN_POINT('',(5.720768113974,49.160776694243));
#7661 = CARTESIAN_POINT('',(5.713125094369,48.112238494726));
#7662 = CARTESIAN_POINT('',(5.699427830701,45.928123759576));
#7663 = CARTESIAN_POINT('',(5.693496001426,44.791068598911));
#7664 = CARTESIAN_POINT('',(5.688714674589,43.643557203355));
#7665 = CARTESIAN_POINT('',(5.685109973724,42.488216969908));
#7666 = CARTESIAN_POINT('',(5.682699761928,41.327557308242));
#7667 = CARTESIAN_POINT('',(5.681493788139,40.164014946286));
#7668 = CARTESIAN_POINT('',(5.681493788139,37.835562577468));
#7669 = CARTESIAN_POINT('',(5.68270063749,36.671598289959));
#7670 = CARTESIAN_POINT('',(5.685112597776,35.510519734842));
#7671 = CARTESIAN_POINT('',(5.688719906601,34.354766185642));
#7672 = CARTESIAN_POINT('',(5.693504676263,33.206849738122));
#7673 = CARTESIAN_POINT('',(5.699440747081,32.069400689689));
#7674 = CARTESIAN_POINT('',(5.713143541609,29.885213206977));
#7675 = CARTESIAN_POINT('',(5.720786551711,28.836975102629));
#7676 = CARTESIAN_POINT('',(5.729401133266,27.801638982769));
#7677 = CARTESIAN_POINT('',(5.738966283976,26.780475131819));
#7678 = CARTESIAN_POINT('',(5.749461595312,25.774905579954));
#7679 = CARTESIAN_POINT('',(5.760867456161,24.786526708133));
#7680 = CARTESIAN_POINT('',(5.793319135993,22.228468303813));
#7681 = CARTESIAN_POINT('',(5.815851312195,20.692147823324));
#7682 = CARTESIAN_POINT('',(5.84073741626,19.210800149991));
#7683 = CARTESIAN_POINT('',(5.868000075035,17.78995411012));
#7684 = CARTESIAN_POINT('',(5.897695291177,16.438885599537));
#7685 = CARTESIAN_POINT('',(5.929899064484,15.171638979392));
#7686 = CARTESIAN_POINT('',(5.976596859064,13.610763478132));
#7687 = CARTESIAN_POINT('',(5.988802321446,13.225097163322));
#7688 = CARTESIAN_POINT('',(6.001318122939,12.852320523168));
#7689 = CARTESIAN_POINT('',(6.014145752841,12.493410347203));
#7690 = CARTESIAN_POINT('',(6.027286504932,12.149420036502));
#7691 = CARTESIAN_POINT('',(6.040741581984,11.821480673521));
#7692 = CARTESIAN_POINT('',(6.065646239668,11.259607302701));
#7693 = CARTESIAN_POINT('',(6.076988331788,11.019656674726));
#7694 = CARTESIAN_POINT('',(6.088532503711,10.791748748601));
#7695 = CARTESIAN_POINT('',(6.100272696951,10.576662609842));
#7696 = CARTESIAN_POINT('',(6.11220277527,10.37515973916));
#7697 = CARTESIAN_POINT('',(6.124316532494,10.187985862733));
#7698 = CARTESIAN_POINT('',(6.156526044387,9.736956494032));
#7699 = CARTESIAN_POINT('',(6.176938618258,9.497195458628));
#7700 = CARTESIAN_POINT('',(6.197752397689,9.3008694116));
#7701 = CARTESIAN_POINT('',(6.218875209857,9.151222876721));
#7702 = CARTESIAN_POINT('',(6.240215691852,9.050507297843));
#7703 = CARTESIAN_POINT('',(6.261682862456,9.));
#7704 = CARTESIAN_POINT('',(6.28318530718,9.));
#7705 = ( GEOMETRIC_REPRESENTATION_CONTEXT(2) 
PARAMETRIC_REPRESENTATION_CONTEXT() REPRESENTATION_CONTEXT('2D SPACE',''
  ) );
#7706 = PCURVE('',#6402,#7707);
#7707 = DEFINITIONAL_REPRESENTATION('',(#7708),#7759);
#7708 = B_SPLINE_CURVE_WITH_KNOTS('',7,(#7709,#7710,#7711,#7712,#7713,
    #7714,#7715,#7716,#7717,#7718,#7719,#7720,#7721,#7722,#7723,#7724,
    #7725,#7726,#7727,#7728,#7729,#7730,#7731,#7732,#7733,#7734,#7735,
    #7736,#7737,#7738,#7739,#7740,#7741,#7742,#7743,#7744,#7745,#7746,
    #7747,#7748,#7749,#7750,#7751,#7752,#7753,#7754,#7755,#7756,#7757,
    #7758),.UNSPECIFIED.,.F.,.F.,(8,6,6,6,6,6,6,6,8),(0.,
    6.717130465549E-02,0.108699807513,0.160264652149,0.199605316554,
    0.229420247842,0.310672173255,0.402519959446,0.499868644206),
  .UNSPECIFIED.);
#7709 = CARTESIAN_POINT('',(6.28318530718,9.307895450093));
#7710 = CARTESIAN_POINT('',(6.321081037661,9.307895450093));
#7711 = CARTESIAN_POINT('',(6.358915346837,9.279444605855));
#7712 = CARTESIAN_POINT('',(6.396588098193,9.222709312692));
#7713 = CARTESIAN_POINT('',(6.433998881873,9.138609656453));
#7714 = CARTESIAN_POINT('',(6.471042665543,9.028810432871));
#7715 = CARTESIAN_POINT('',(6.507605231433,8.895671289218));
#7716 = CARTESIAN_POINT('',(6.565786362093,8.647245510564));
#7717 = CARTESIAN_POINT('',(6.587800726634,8.544464094468));
#7718 = CARTESIAN_POINT('',(6.609599690511,8.434362809991));
#7719 = CARTESIAN_POINT('',(6.631180677588,8.31751065617));
#7720 = CARTESIAN_POINT('',(6.652540296474,8.194490842518));
#7721 = CARTESIAN_POINT('',(6.673674298755,8.065897070473));
#7722 = CARTESIAN_POINT('',(6.720532536062,7.766482882941));
#7723 = CARTESIAN_POINT('',(6.746136706283,7.592936438622));
#7724 = CARTESIAN_POINT('',(6.771404141083,7.412679759314));
#7725 = CARTESIAN_POINT('',(6.796347728932,7.226658529866));
#7726 = CARTESIAN_POINT('',(6.82097956308,7.035772456259));
#7727 = CARTESIAN_POINT('',(6.845311351072,6.840872879311));
#7728 = CARTESIAN_POINT('',(6.887698449963,6.491613282747));
#7729 = CARTESIAN_POINT('',(6.905876883534,6.338574365838));
#7730 = CARTESIAN_POINT('',(6.923897638666,6.183978410991));
#7731 = CARTESIAN_POINT('',(6.941768015068,6.028142786148));
#7732 = CARTESIAN_POINT('',(6.959495215529,5.871367950221));
#7733 = CARTESIAN_POINT('',(6.977086462978,5.713937949435));
#7734 = CARTESIAN_POINT('',(7.007783460548,5.436516831027));
#7735 = CARTESIAN_POINT('',(7.020943902219,5.316691052577));
#7736 = CARTESIAN_POINT('',(7.034033590393,5.196760279198));
#7737 = CARTESIAN_POINT('',(7.047055609776,5.076837620396));
#7738 = CARTESIAN_POINT('',(7.060012981955,4.95703259432));
#7739 = CARTESIAN_POINT('',(7.072908665398,4.837451127756));
#7740 = CARTESIAN_POINT('',(7.120728766485,4.393199173738));
#7741 = CARTESIAN_POINT('',(7.155282771312,4.070556130782));
#7742 = CARTESIAN_POINT('',(7.189458838502,3.752412852992));
#7743 = CARTESIAN_POINT('',(7.223306569212,3.440746642592));
#7744 = CARTESIAN_POINT('',(7.25687444892,3.137399633736));
#7745 = CARTESIAN_POINT('',(7.290210399175,2.844112747943));
#7746 = CARTESIAN_POINT('',(7.360837519968,2.244289914353));
#7747 = CARTESIAN_POINT('',(7.398085291859,1.940947797203));
#7748 = CARTESIAN_POINT('',(7.435143297439,1.655224417653));
#7749 = CARTESIAN_POINT('',(7.472049413537,1.389634047249));
#7750 = CARTESIAN_POINT('',(7.508842393734,1.14649467263));
#7751 = CARTESIAN_POINT('',(7.545562520711,0.927908558644));
#7752 = CARTESIAN_POINT('',(7.621139398674,0.532067975964));
#7753 = CARTESIAN_POINT('',(7.659993332466,0.358067978997));
#7754 = CARTESIAN_POINT('',(7.698815122682,0.216226336613));
#7755 = CARTESIAN_POINT('',(7.737612310441,0.108485473287));
#7756 = CARTESIAN_POINT('',(7.776396397029,3.617925343964E-02));
#7757 = CARTESIAN_POINT('',(7.815181135765,-1.416191542081E-14));
#7758 = CARTESIAN_POINT('',(7.853981633975,-1.42108547152E-14));
#7759 = ( GEOMETRIC_REPRESENTATION_CONTEXT(2) 
PARAMETRIC_REPRESENTATION_CONTEXT() REPRESENTATION_CONTEXT('2D SPACE',''
  ) );
#7760 = ORIENTED_EDGE('',*,*,#6197,.T.);
#7761 = ORIENTED_EDGE('',*,*,#6901,.F.);
#7762 = ORIENTED_EDGE('',*,*,#5986,.F.);
#7763 = FACE_BOUND('',#7764,.T.);
#7764 = EDGE_LOOP('',(#7765,#8142));
#7765 = ORIENTED_EDGE('',*,*,#7766,.T.);
#7766 = EDGE_CURVE('',#7767,#7769,#7771,.T.);
#7767 = VERTEX_POINT('',#7768);
#7768 = CARTESIAN_POINT('',(-43.6921045499,30.,1.01278E+03));
#7769 = VERTEX_POINT('',#7770);
#7770 = CARTESIAN_POINT('',(-43.6921045499,-30.,1.01278E+03));
#7771 = SURFACE_CURVE('',#7772,(#7859,#7998),.PCURVE_S1.);
#7772 = B_SPLINE_CURVE_WITH_KNOTS('',7,(#7773,#7774,#7775,#7776,#7777,
    #7778,#7779,#7780,#7781,#7782,#7783,#7784,#7785,#7786,#7787,#7788,
    #7789,#7790,#7791,#7792,#7793,#7794,#7795,#7796,#7797,#7798,#7799,
    #7800,#7801,#7802,#7803,#7804,#7805,#7806,#7807,#7808,#7809,#7810,
    #7811,#7812,#7813,#7814,#7815,#7816,#7817,#7818,#7819,#7820,#7821,
    #7822,#7823,#7824,#7825,#7826,#7827,#7828,#7829,#7830,#7831,#7832,
    #7833,#7834,#7835,#7836,#7837,#7838,#7839,#7840,#7841,#7842,#7843,
    #7844,#7845,#7846,#7847,#7848,#7849,#7850,#7851,#7852,#7853,#7854,
    #7855,#7856,#7857,#7858),.UNSPECIFIED.,.F.,.F.,(8,6,6,6,6,6,6,6,6,6,
    6,6,6,6,8),(0.74981378035,0.798529260472,0.844463154846,
    0.919740533608,0.945474605456,0.966281526617,1.,1.033636882016,
    1.05443280608,1.080254555464,1.099954891842,1.114885096726,
    1.155573027497,1.201566971044,1.250315559286),.UNSPECIFIED.);
#7773 = CARTESIAN_POINT('',(-43.6921045499,30.,1.01278E+03));
#7774 = CARTESIAN_POINT('',(-43.6921045499,30.,1.013944437423E+03));
#7775 = CARTESIAN_POINT('',(-43.7283100703,29.9472701411,
    1.01510840171E+03));
#7776 = CARTESIAN_POINT('',(-43.8006687445,29.841886754922,
    1.016269480265E+03));
#7777 = CARTESIAN_POINT('',(-43.90848726562,29.684000290315,
    1.017425233814E+03));
#7778 = CARTESIAN_POINT('',(-44.05042987369,29.473844722946,
    1.018573150262E+03));
#7779 = CARTESIAN_POINT('',(-44.22455140384,29.211791734225,
    1.01971059931E+03));
#7780 = CARTESIAN_POINT('',(-44.62054092168,28.602998978886,
    1.021894786793E+03));
#7781 = CARTESIAN_POINT('',(-44.83912027549,28.261941534407,
    1.022943024897E+03));
#7782 = CARTESIAN_POINT('',(-45.08223703411,27.875447778534,
    1.023978361017E+03));
#7783 = CARTESIAN_POINT('',(-45.34779017903,27.443548478047,
    1.024999524868E+03));
#7784 = CARTESIAN_POINT('',(-45.63346306293,26.966167658931,
    1.02600509442E+03));
#7785 = CARTESIAN_POINT('',(-45.93674287666,26.443155551214,
    1.026993473292E+03));
#7786 = CARTESIAN_POINT('',(-46.77640807496,24.942105043894,
    1.029551531696E+03));
#7787 = CARTESIAN_POINT('',(-47.33749383092,23.887619506657,
    1.031087852177E+03));
#7788 = CARTESIAN_POINT('',(-47.92790870173,22.707400766626,
    1.03256919985E+03));
#7789 = CARTESIAN_POINT('',(-48.53674714051,21.395651148896,
    1.03399004589E+03));
#7790 = CARTESIAN_POINT('',(-49.15155474891,19.945016270828,
    1.0353411144E+03));
#7791 = CARTESIAN_POINT('',(-49.75712279617,18.347498871469,
    1.036608361021E+03));
#7792 = CARTESIAN_POINT('',(-50.53211042475,15.996980719255,
    1.038169236522E+03));
#7793 = CARTESIAN_POINT('',(-50.7263584184,15.379882372293,
    1.038554902837E+03));
#7794 = CARTESIAN_POINT('',(-50.91662338892,14.744305405514,
    1.038927679477E+03));
#7795 = CARTESIAN_POINT('',(-51.10206310705,14.090078223768,
    1.039286589653E+03));
#7796 = CARTESIAN_POINT('',(-51.28178758686,13.417065445123,
    1.039630579963E+03));
#7797 = CARTESIAN_POINT('',(-51.45486141795,12.725168247539,
    1.039958519326E+03));
#7798 = CARTESIAN_POINT('',(-51.7540740623,11.439582194604,
    1.040520392697E+03));
#7799 = CARTESIAN_POINT('',(-51.88287590107,10.852362367531,
    1.040760343325E+03));
#7800 = CARTESIAN_POINT('',(-52.00611054201,10.252972866001,
    1.040988251251E+03));
#7801 = CARTESIAN_POINT('',(-52.12318355445,9.641748538618,
    1.04120333739E+03));
#7802 = CARTESIAN_POINT('',(-52.23351087049,9.019051526574,
    1.041404840261E+03));
#7803 = CARTESIAN_POINT('',(-52.33652250655,8.385271339299,
    1.041592014137E+03));
#7804 = CARTESIAN_POINT('',(-52.5858506992,6.696472960541,
    1.042043043506E+03));
#7805 = CARTESIAN_POINT('',(-52.71959218903,5.622624898456,
    1.042282804541E+03));
#7806 = CARTESIAN_POINT('',(-52.82990263473,4.524514009792,
    1.042479130588E+03));
#7807 = CARTESIAN_POINT('',(-52.91440214571,3.407574976398,
    1.042628777123E+03));
#7808 = CARTESIAN_POINT('',(-52.97141096401,2.277389423692,
    1.042729492702E+03));
#7809 = CARTESIAN_POINT('',(-53.,1.139629570348,1.04278E+03));
#7810 = CARTESIAN_POINT('',(-53.,-1.136871914826,1.04278E+03));
#7811 = CARTESIAN_POINT('',(-52.97154915574,-2.271901239992,
    1.042729736841E+03));
#7812 = CARTESIAN_POINT('',(-52.9148138626,-3.399416926339,
    1.04262950449E+03));
#7813 = CARTESIAN_POINT('',(-52.83071420639,-4.513779742819,
    1.042480567876E+03));
#7814 = CARTESIAN_POINT('',(-52.72091498279,-5.609439877196,
    1.042285158772E+03));
#7815 = CARTESIAN_POINT('',(-52.58777583908,-6.680992687077,
    1.042046494563E+03));
#7816 = CARTESIAN_POINT('',(-52.3393500605,-8.367595003884,
    1.041597148158E+03));
#7817 = CARTESIAN_POINT('',(-52.23656864438,-9.001313499908,
    1.041410416099E+03));
#7818 = CARTESIAN_POINT('',(-52.12646735987,-9.623970052571,
    1.04120935421E+03));
#7819 = CARTESIAN_POINT('',(-52.00961520604,-10.23517402641,
    1.040994707054E+03));
#7820 = CARTESIAN_POINT('',(-51.88659539242,-10.83456211074,
    1.040767235102E+03));
#7821 = CARTESIAN_POINT('',(-51.75800162042,-11.42179824305,
    1.040527716586E+03));
#7822 = CARTESIAN_POINT('',(-51.45858743284,-12.71025682108,
    1.039965578296E+03));
#7823 = CARTESIAN_POINT('',(-51.28504098852,-13.40486478624,
    1.039636805467E+03));
#7824 = CARTESIAN_POINT('',(-51.10478430922,-14.08045862222,
    1.039291854425E+03));
#7825 = CARTESIAN_POINT('',(-50.91876307978,-14.737137016,
    1.038931868989E+03));
#7826 = CARTESIAN_POINT('',(-50.72787700616,-15.37503579227,
    1.038557914324E+03));
#7827 = CARTESIAN_POINT('',(-50.5329774292,-15.99432755843,
    1.038170978037E+03));
#7828 = CARTESIAN_POINT('',(-50.1837178315,-17.05366471991,
    1.037467554747E+03));
#7829 = CARTESIAN_POINT('',(-50.0306789156,-17.50146484088,
    1.037156068598E+03));
#7830 = CARTESIAN_POINT('',(-49.87608296181,-17.93876867053,
    1.036837873214E+03));
#7831 = CARTESIAN_POINT('',(-49.72024733699,-18.36572490087,
    1.036513299328E+03));
#7832 = CARTESIAN_POINT('',(-49.56347250001,-18.78248404664,
    1.036182647858E+03));
#7833 = CARTESIAN_POINT('',(-49.40604249816,-19.18919853395,
    1.035846189748E+03));
#7834 = CARTESIAN_POINT('',(-49.12862138093,-19.88676219334,
    1.035244957657E+03));
#7835 = CARTESIAN_POINT('',(-49.00879560248,-20.18181989119,
    1.034982553834E+03));
#7836 = CARTESIAN_POINT('',(-48.8888648291,-20.47126224972,
    1.034717059393E+03));
#7837 = CARTESIAN_POINT('',(-48.7689421703,-20.75515331518,
    1.034448572479E+03));
#7838 = CARTESIAN_POINT('',(-48.64913714422,-21.03355481281,
    1.034177184317E+03));
#7839 = CARTESIAN_POINT('',(-48.52955567766,-21.30652614682,
    1.03390297921E+03));
#7840 = CARTESIAN_POINT('',(-48.0853037326,-22.30338560604,
    1.032871302422E+03));
#7841 = CARTESIAN_POINT('',(-47.76266067227,-22.99289564705,
    1.032096066839E+03));
#7842 = CARTESIAN_POINT('',(-47.44451739574,-23.64362810653,
    1.031302042168E+03));
#7843 = CARTESIAN_POINT('',(-47.13285119892,-24.25647417235,
    1.03049062211E+03));
#7844 = CARTESIAN_POINT('',(-46.82950419222,-24.83221619999,
    1.029662923077E+03));
#7845 = CARTESIAN_POINT('',(-46.53621728991,-25.37150127544,
    1.028819827568E+03));
#7846 = CARTESIAN_POINT('',(-45.93639446434,-26.44376415401,
    1.026992363923E+03));
#7847 = CARTESIAN_POINT('',(-45.6330523471,-26.96686643424,
    1.026003709519E+03));
#7848 = CARTESIAN_POINT('',(-45.3473289675,-27.44431325913,
    1.024997858214E+03));
#7849 = CARTESIAN_POINT('',(-45.08173859711,-27.87625510229,
    1.023976406611E+03));
#7850 = CARTESIAN_POINT('',(-44.83859922255,-28.26276828592,
    1.022940776694E+03));
#7851 = CARTESIAN_POINT('',(-44.6200131086,-28.6038219962,
    1.021892238495E+03));
#7852 = CARTESIAN_POINT('',(-44.22417252587,-29.21236193581,
    1.01970812376E+03));
#7853 = CARTESIAN_POINT('',(-44.0501725289,-29.47422573655,
    1.018571068599E+03));
#7854 = CARTESIAN_POINT('',(-43.90833088652,-29.68422928752,
    1.017423557203E+03));
#7855 = CARTESIAN_POINT('',(-43.80059002319,-29.84200140491,
    1.01626821697E+03));
#7856 = CARTESIAN_POINT('',(-43.72828380334,-29.94730839639,
    1.015107557308E+03));
#7857 = CARTESIAN_POINT('',(-43.6921045499,-30.,1.013944014946E+03));
#7858 = CARTESIAN_POINT('',(-43.6921045499,-30.,1.01278E+03));
#7859 = PCURVE('',#6008,#7860);
#7860 = DEFINITIONAL_REPRESENTATION('',(#7861),#7997);
#7861 = B_SPLINE_CURVE_WITH_KNOTS('',3,(#7862,#7863,#7864,#7865,#7866,
    #7867,#7868,#7869,#7870,#7871,#7872,#7873,#7874,#7875,#7876,#7877,
    #7878,#7879,#7880,#7881,#7882,#7883,#7884,#7885,#7886,#7887,#7888,
    #7889,#7890,#7891,#7892,#7893,#7894,#7895,#7896,#7897,#7898,#7899,
    #7900,#7901,#7902,#7903,#7904,#7905,#7906,#7907,#7908,#7909,#7910,
    #7911,#7912,#7913,#7914,#7915,#7916,#7917,#7918,#7919,#7920,#7921,
    #7922,#7923,#7924,#7925,#7926,#7927,#7928,#7929,#7930,#7931,#7932,
    #7933,#7934,#7935,#7936,#7937,#7938,#7939,#7940,#7941,#7942,#7943,
    #7944,#7945,#7946,#7947,#7948,#7949,#7950,#7951,#7952,#7953,#7954,
    #7955,#7956,#7957,#7958,#7959,#7960,#7961,#7962,#7963,#7964,#7965,
    #7966,#7967,#7968,#7969,#7970,#7971,#7972,#7973,#7974,#7975,#7976,
    #7977,#7978,#7979,#7980,#7981,#7982,#7983,#7984,#7985,#7986,#7987,
    #7988,#7989,#7990,#7991,#7992,#7993,#7994,#7995,#7996),
  .UNSPECIFIED.,.F.,.F.,(4,1,1,1,1,1,1,1,1,1,1,1,1,1,1,1,1,1,1,1,1,1,1,1
    ,1,1,1,1,1,1,1,1,1,1,1,1,1,1,1,1,1,1,1,1,1,1,1,1,1,1,1,1,1,1,1,1,1,1
    ,1,1,1,1,1,1,1,1,1,1,1,1,1,1,1,1,1,1,1,1,1,1,1,1,1,1,1,1,1,1,1,1,1,1
    ,1,1,1,1,1,1,1,1,1,1,1,1,1,1,1,1,1,1,1,1,1,1,1,1,1,1,1,1,1,1,1,1,1,1
    ,1,1,1,1,1,1,4),(0.74981378035,0.753605460493,0.757397140637,
    0.76118882078,0.764980500924,0.768772181067,0.772563861211,
    0.776355541354,0.780147221498,0.783938901641,0.787730581785,
    0.791522261928,0.795313942071,0.799105622215,0.802897302358,
    0.806688982502,0.810480662645,0.814272342789,0.818064022932,
    0.821855703076,0.825647383219,0.829439063363,0.833230743506,
    0.837022423649,0.840814103793,0.844605783936,0.84839746408,
    0.852189144223,0.855980824367,0.85977250451,0.863564184654,
    0.867355864797,0.871147544941,0.874939225084,0.878730905228,
    0.882522585371,0.886314265514,0.890105945658,0.893897625801,
    0.897689305945,0.901480986088,0.905272666232,0.909064346375,
    0.912856026519,0.916647706662,0.920439386806,0.924231066949,
    0.928022747092,0.931814427236,0.935606107379,0.939397787523,
    0.943189467666,0.94698114781,0.950772827953,0.954564508097,
    0.95835618824,0.962147868384,0.965939548527,0.96973122867,
    0.973522908814,0.977314588957,0.981106269101,0.984897949244,
    0.988689629388,0.992481309531,0.996272989675,1.000064669818,
    1.003856349962,1.007648030105,1.011439710248,1.015231390392,
    1.019023070535,1.022814750679,1.026606430822,1.030398110966,
    1.034189791109,1.037981471253,1.041773151396,1.04556483154,
    1.049356511683,1.053148191826,1.05693987197,1.060731552113,
    1.064523232257,1.0683149124,1.072106592544,1.075898272687,
    1.079689952831,1.083481632974,1.087273313118,1.091064993261,
    1.094856673405,1.098648353548,1.102440033691,1.106231713835,
    1.110023393978,1.113815074122,1.117606754265,1.121398434409,
    1.125190114552,1.128981794696,1.132773474839,1.136565154983,
    1.140356835126,1.144148515269,1.147940195413,1.151731875556,
    1.1555235557,1.159315235843,1.163106915987,1.16689859613,
    1.170690276274,1.174481956417,1.178273636561,1.182065316704,
    1.185856996847,1.189648676991,1.193440357134,1.197232037278,
    1.201023717421,1.204815397565,1.208607077708,1.212398757852,
    1.216190437995,1.219982118139,1.223773798282,1.227565478425,
    1.231357158569,1.235148838712,1.238940518856,1.242732198999,
    1.246523879143,1.250315559286),.UNSPECIFIED.);
#7862 = CARTESIAN_POINT('',(2.539901134549,39.000000000375));
#7863 = CARTESIAN_POINT('',(2.53990111389,39.211474223331));
#7864 = CARTESIAN_POINT('',(2.540003506465,39.634382918888));
#7865 = CARTESIAN_POINT('',(2.540463828434,40.268386034162));
#7866 = CARTESIAN_POINT('',(2.541230412447,40.901789099503));
#7867 = CARTESIAN_POINT('',(2.542302446172,41.534350050097));
#7868 = CARTESIAN_POINT('',(2.543678892272,42.165825128633));
#7869 = CARTESIAN_POINT('',(2.545358456003,42.795968401526));
#7870 = CARTESIAN_POINT('',(2.547339592659,43.4245314686));
#7871 = CARTESIAN_POINT('',(2.549620504432,44.051263138352));
#7872 = CARTESIAN_POINT('',(2.552199139732,44.675909052542));
#7873 = CARTESIAN_POINT('',(2.555073193077,45.298211553052));
#7874 = CARTESIAN_POINT('',(2.558240099852,45.917908635583));
#7875 = CARTESIAN_POINT('',(2.561697050441,46.534736318806));
#7876 = CARTESIAN_POINT('',(2.565440931122,47.148418270122));
#7877 = CARTESIAN_POINT('',(2.569468544084,47.758704059783));
#7878 = CARTESIAN_POINT('',(2.573777440381,48.365468594581));
#7879 = CARTESIAN_POINT('',(2.57836510224,48.968564988038));
#7880 = CARTESIAN_POINT('',(2.583229055238,49.567845270603));
#7881 = CARTESIAN_POINT('',(2.588366840181,50.16315455965));
#7882 = CARTESIAN_POINT('',(2.593776022987,50.754332359403));
#7883 = CARTESIAN_POINT('',(2.599454193655,51.341211881364));
#7884 = CARTESIAN_POINT('',(2.605398971629,51.923620152747));
#7885 = CARTESIAN_POINT('',(2.61160799713,52.501376952419));
#7886 = CARTESIAN_POINT('',(2.618078972718,53.074297648735));
#7887 = CARTESIAN_POINT('',(2.624809518434,53.642181602344));
#7888 = CARTESIAN_POINT('',(2.63179772266,54.204854407155));
#7889 = CARTESIAN_POINT('',(2.639040089063,54.762008607409));
#7890 = CARTESIAN_POINT('',(2.646535106877,55.313488681192));
#7891 = CARTESIAN_POINT('',(2.654282766119,55.859219641092));
#7892 = CARTESIAN_POINT('',(2.662282951069,56.39908340815));
#7893 = CARTESIAN_POINT('',(2.670535856848,56.932951013867));
#7894 = CARTESIAN_POINT('',(2.679041863975,57.460673027201));
#7895 = CARTESIAN_POINT('',(2.687801558278,57.982081153094));
#7896 = CARTESIAN_POINT('',(2.696815712008,58.496986814512));
#7897 = CARTESIAN_POINT('',(2.706085275539,59.005180518677));
#7898 = CARTESIAN_POINT('',(2.715611366458,59.506430987908));
#7899 = CARTESIAN_POINT('',(2.725395259629,60.000484327808));
#7900 = CARTESIAN_POINT('',(2.735438377236,60.487063156571));
#7901 = CARTESIAN_POINT('',(2.745742279354,60.965865722685));
#7902 = CARTESIAN_POINT('',(2.756308654026,61.436564973302));
#7903 = CARTESIAN_POINT('',(2.767139310504,61.898807691939));
#7904 = CARTESIAN_POINT('',(2.778236162142,62.352213263812));
#7905 = CARTESIAN_POINT('',(2.78960124953,62.796373711987));
#7906 = CARTESIAN_POINT('',(2.801236615037,63.230848868408));
#7907 = CARTESIAN_POINT('',(2.813144733649,63.655179575527));
#7908 = CARTESIAN_POINT('',(2.825326869447,64.068833466716));
#7909 = CARTESIAN_POINT('',(2.837789636157,64.471417509482));
#7910 = CARTESIAN_POINT('',(2.850535338464,64.86234296771));
#7911 = CARTESIAN_POINT('',(2.863564688451,65.240943903479));
#7912 = CARTESIAN_POINT('',(2.876878714261,65.606536521937));
#7913 = CARTESIAN_POINT('',(2.890478299543,65.958403768392));
#7914 = CARTESIAN_POINT('',(2.904364225586,66.295796471856));
#7915 = CARTESIAN_POINT('',(2.918537573593,66.617943050433));
#7916 = CARTESIAN_POINT('',(2.932998828526,66.9240222958));
#7917 = CARTESIAN_POINT('',(2.947739420423,67.213011834619));
#7918 = CARTESIAN_POINT('',(2.962751721046,67.483933792271));
#7919 = CARTESIAN_POINT('',(2.978028409991,67.735827478023));
#7920 = CARTESIAN_POINT('',(2.993559578618,67.9677136209));
#7921 = CARTESIAN_POINT('',(3.009344970375,68.17875912058));
#7922 = CARTESIAN_POINT('',(3.025370393145,68.367930977077));
#7923 = CARTESIAN_POINT('',(3.041604702968,68.534096561859));
#7924 = CARTESIAN_POINT('',(3.058021317681,68.676321144612));
#7925 = CARTESIAN_POINT('',(3.074592594138,68.79378785213));
#7926 = CARTESIAN_POINT('',(3.091291124051,68.885817667757));
#7927 = CARTESIAN_POINT('',(3.108090079838,68.951862852487));
#7928 = CARTESIAN_POINT('',(3.124960415875,68.991508054333));
#7929 = CARTESIAN_POINT('',(3.141881576881,69.00446865854));
#7930 = CARTESIAN_POINT('',(3.158801273455,68.990593902449));
#7931 = CARTESIAN_POINT('',(3.175669927784,68.950042121671));
#7932 = CARTESIAN_POINT('',(3.192466210602,68.883100956504));
#7933 = CARTESIAN_POINT('',(3.209161226524,68.790190364417));
#7934 = CARTESIAN_POINT('',(3.225728046221,68.671862695024));
#7935 = CARTESIAN_POINT('',(3.242139235306,68.528801817945));
#7936 = CARTESIAN_POINT('',(3.258367066113,68.361830396162));
#7937 = CARTESIAN_POINT('',(3.274385022621,68.171886943869));
#7938 = CARTESIAN_POINT('',(3.290161476047,67.960117020147));
#7939 = CARTESIAN_POINT('',(3.305684428516,67.727525121253));
#7940 = CARTESIAN_POINT('',(3.320952427485,67.474959648521));
#7941 = CARTESIAN_POINT('',(3.335955844795,67.203396897036));
#7942 = CARTESIAN_POINT('',(3.350687259299,66.913799464982));
#7943 = CARTESIAN_POINT('',(3.365138990333,66.607147246862));
#7944 = CARTESIAN_POINT('',(3.379302603357,66.284460690544));
#7945 = CARTESIAN_POINT('',(3.393178954248,65.946551556973));
#7946 = CARTESIAN_POINT('',(3.406768973789,65.594193635635));
#7947 = CARTESIAN_POINT('',(3.420073470052,65.228134508862));
#7948 = CARTESIAN_POINT('',(3.433093320969,64.849090285528));
#7949 = CARTESIAN_POINT('',(3.445829508105,64.457745317555));
#7950 = CARTESIAN_POINT('',(3.45828289915,64.054759731053));
#7951 = CARTESIAN_POINT('',(3.470455192653,63.640740717584));
#7952 = CARTESIAN_POINT('',(3.482350855347,63.216161654942));
#7953 = CARTESIAN_POINT('',(3.493972185487,62.781529228342));
#7954 = CARTESIAN_POINT('',(3.505321938705,62.337298765175));
#7955 = CARTESIAN_POINT('',(3.516402674731,61.883895754432));
#7956 = CARTESIAN_POINT('',(3.527216966053,61.421709474972));
#7957 = CARTESIAN_POINT('',(3.537767193513,60.951100927464));
#7958 = CARTESIAN_POINT('',(3.548055593412,60.472402285853));
#7959 = CARTESIAN_POINT('',(3.558084098323,59.985925619791));
#7960 = CARTESIAN_POINT('',(3.56785469897,59.491946103303));
#7961 = CARTESIAN_POINT('',(3.577369759562,58.990682370754));
#7962 = CARTESIAN_POINT('',(3.586629789531,58.4824160467));
#7963 = CARTESIAN_POINT('',(3.595635514688,57.967391412106));
#7964 = CARTESIAN_POINT('',(3.60438739563,57.445839442491));
#7965 = CARTESIAN_POINT('',(3.612885752282,56.917972321264));
#7966 = CARTESIAN_POINT('',(3.621130724288,56.38398595759));
#7967 = CARTESIAN_POINT('',(3.629122279144,55.844060010919));
#7968 = CARTESIAN_POINT('',(3.636860190872,55.298359884239));
#7969 = CARTESIAN_POINT('',(3.644344086247,54.747033335655));
#7970 = CARTESIAN_POINT('',(3.651573247839,54.190226647878));
#7971 = CARTESIAN_POINT('',(3.658547319883,53.628027947599));
#7972 = CARTESIAN_POINT('',(3.665264580384,53.060605551251));
#7973 = CARTESIAN_POINT('',(3.671722654651,52.48816982078));
#7974 = CARTESIAN_POINT('',(3.67791929702,51.910910644691));
#7975 = CARTESIAN_POINT('',(3.683852184278,51.329014457307));
#7976 = CARTESIAN_POINT('',(3.689518973747,50.742659956041));
#7977 = CARTESIAN_POINT('',(3.694917290435,50.152019517951));
#7978 = CARTESIAN_POINT('',(3.700044732946,49.557259121154));
#7979 = CARTESIAN_POINT('',(3.704898874872,48.95853854755));
#7980 = CARTESIAN_POINT('',(3.709477264956,48.356011955399));
#7981 = CARTESIAN_POINT('',(3.713777436071,47.749826691246));
#7982 = CARTESIAN_POINT('',(3.717796879433,47.140128774569));
#7983 = CARTESIAN_POINT('',(3.721533148242,46.527043452152));
#7984 = CARTESIAN_POINT('',(3.724983042091,45.910822736915));
#7985 = CARTESIAN_POINT('',(3.728143463775,45.291741465064));
#7986 = CARTESIAN_POINT('',(3.731011614089,44.670062914003));
#7987 = CARTESIAN_POINT('',(3.733584939108,44.046048198301));
#7988 = CARTESIAN_POINT('',(3.735861142622,43.419954160651));
#7989 = CARTESIAN_POINT('',(3.737838181355,42.792034346425));
#7990 = CARTESIAN_POINT('',(3.739514264748,42.162539153997));
#7991 = CARTESIAN_POINT('',(3.740887854306,41.531716203513));
#7992 = CARTESIAN_POINT('',(3.741957660476,40.899810661263));
#7993 = CARTESIAN_POINT('',(3.742722650054,40.267065528235));
#7994 = CARTESIAN_POINT('',(3.743182013924,39.63372212152));
#7995 = CARTESIAN_POINT('',(3.743284193205,39.211253923946));
#7996 = CARTESIAN_POINT('',(3.74328417263,38.999999999609));
#7997 = ( GEOMETRIC_REPRESENTATION_CONTEXT(2) 
PARAMETRIC_REPRESENTATION_CONTEXT() REPRESENTATION_CONTEXT('2D SPACE',''
  ) );
#7998 = PCURVE('',#7999,#8004);
#7999 = CYLINDRICAL_SURFACE('',#8000,30.);
#8000 = AXIS2_PLACEMENT_3D('',#8001,#8002,#8003);
#8001 = CARTESIAN_POINT('',(-110.,0.,1.01278E+03));
#8002 = DIRECTION('',(1.,0.,0.));
#8003 = DIRECTION('',(0.,0.,1.));
#8004 = DEFINITIONAL_REPRESENTATION('',(#8005),#8141);
#8005 = B_SPLINE_CURVE_WITH_KNOTS('',3,(#8006,#8007,#8008,#8009,#8010,
    #8011,#8012,#8013,#8014,#8015,#8016,#8017,#8018,#8019,#8020,#8021,
    #8022,#8023,#8024,#8025,#8026,#8027,#8028,#8029,#8030,#8031,#8032,
    #8033,#8034,#8035,#8036,#8037,#8038,#8039,#8040,#8041,#8042,#8043,
    #8044,#8045,#8046,#8047,#8048,#8049,#8050,#8051,#8052,#8053,#8054,
    #8055,#8056,#8057,#8058,#8059,#8060,#8061,#8062,#8063,#8064,#8065,
    #8066,#8067,#8068,#8069,#8070,#8071,#8072,#8073,#8074,#8075,#8076,
    #8077,#8078,#8079,#8080,#8081,#8082,#8083,#8084,#8085,#8086,#8087,
    #8088,#8089,#8090,#8091,#8092,#8093,#8094,#8095,#8096,#8097,#8098,
    #8099,#8100,#8101,#8102,#8103,#8104,#8105,#8106,#8107,#8108,#8109,
    #8110,#8111,#8112,#8113,#8114,#8115,#8116,#8117,#8118,#8119,#8120,
    #8121,#8122,#8123,#8124,#8125,#8126,#8127,#8128,#8129,#8130,#8131,
    #8132,#8133,#8134,#8135,#8136,#8137,#8138,#8139,#8140),
  .UNSPECIFIED.,.F.,.F.,(4,1,1,1,1,1,1,1,1,1,1,1,1,1,1,1,1,1,1,1,1,1,1,1
    ,1,1,1,1,1,1,1,1,1,1,1,1,1,1,1,1,1,1,1,1,1,1,1,1,1,1,1,1,1,1,1,1,1,1
    ,1,1,1,1,1,1,1,1,1,1,1,1,1,1,1,1,1,1,1,1,1,1,1,1,1,1,1,1,1,1,1,1,1,1
    ,1,1,1,1,1,1,1,1,1,1,1,1,1,1,1,1,1,1,1,1,1,1,1,1,1,1,1,1,1,1,1,1,1,1
    ,1,1,1,1,1,1,4),(0.74981378035,0.753605460493,0.757397140637,
    0.76118882078,0.764980500924,0.768772181067,0.772563861211,
    0.776355541354,0.780147221498,0.783938901641,0.787730581785,
    0.791522261928,0.795313942071,0.799105622215,0.802897302358,
    0.806688982502,0.810480662645,0.814272342789,0.818064022932,
    0.821855703076,0.825647383219,0.829439063363,0.833230743506,
    0.837022423649,0.840814103793,0.844605783936,0.84839746408,
    0.852189144223,0.855980824367,0.85977250451,0.863564184654,
    0.867355864797,0.871147544941,0.874939225084,0.878730905228,
    0.882522585371,0.886314265514,0.890105945658,0.893897625801,
    0.897689305945,0.901480986088,0.905272666232,0.909064346375,
    0.912856026519,0.916647706662,0.920439386806,0.924231066949,
    0.928022747092,0.931814427236,0.935606107379,0.939397787523,
    0.943189467666,0.94698114781,0.950772827953,0.954564508097,
    0.95835618824,0.962147868384,0.965939548527,0.96973122867,
    0.973522908814,0.977314588957,0.981106269101,0.984897949244,
    0.988689629388,0.992481309531,0.996272989675,1.000064669818,
    1.003856349962,1.007648030105,1.011439710248,1.015231390392,
    1.019023070535,1.022814750679,1.026606430822,1.030398110966,
    1.034189791109,1.037981471253,1.041773151396,1.04556483154,
    1.049356511683,1.053148191826,1.05693987197,1.060731552113,
    1.064523232257,1.0683149124,1.072106592544,1.075898272687,
    1.079689952831,1.083481632974,1.087273313118,1.091064993261,
    1.094856673405,1.098648353548,1.102440033691,1.106231713835,
    1.110023393978,1.113815074122,1.117606754265,1.121398434409,
    1.125190114552,1.128981794696,1.132773474839,1.136565154983,
    1.140356835126,1.144148515269,1.147940195413,1.151731875556,
    1.1555235557,1.159315235843,1.163106915987,1.16689859613,
    1.170690276274,1.174481956417,1.178273636561,1.182065316704,
    1.185856996847,1.189648676991,1.193440357134,1.197232037278,
    1.201023717421,1.204815397565,1.208607077708,1.212398757852,
    1.216190437995,1.219982118139,1.223773798282,1.227565478425,
    1.231357158569,1.235148838712,1.238940518856,1.242732198999,
    1.246523879143,1.250315559286),.UNSPECIFIED.);
#8006 = CARTESIAN_POINT('',(-1.570796326783,66.3078954501));
#8007 = CARTESIAN_POINT('',(-1.563747186688,66.307897095048));
#8008 = CARTESIAN_POINT('',(-1.549650228909,66.3048234741));
#8009 = CARTESIAN_POINT('',(-1.528507338565,66.291019051171));
#8010 = CARTESIAN_POINT('',(-1.507365552419,66.268049644306));
#8011 = CARTESIAN_POINT('',(-1.486223502602,66.235971328167));
#8012 = CARTESIAN_POINT('',(-1.465079881815,66.194857821201));
#8013 = CARTESIAN_POINT('',(-1.44393345941,66.144802862771));
#8014 = CARTESIAN_POINT('',(-1.422783090371,66.085919380014));
#8015 = CARTESIAN_POINT('',(-1.401627726551,66.018339463021));
#8016 = CARTESIAN_POINT('',(-1.38046643045,65.942214084633));
#8017 = CARTESIAN_POINT('',(-1.359298381729,65.857712801075));
#8018 = CARTESIAN_POINT('',(-1.338122916197,65.765023552307));
#8019 = CARTESIAN_POINT('',(-1.316939448739,65.664351850273));
#8020 = CARTESIAN_POINT('',(-1.295747835278,65.555922083502));
#8021 = CARTESIAN_POINT('',(-1.274547065628,65.439970539058));
#8022 = CARTESIAN_POINT('',(-1.253331738662,65.316721532786));
#8023 = CARTESIAN_POINT('',(-1.23209709775,65.186410904955));
#8024 = CARTESIAN_POINT('',(-1.210838307544,65.049282570673));
#8025 = CARTESIAN_POINT('',(-1.189550638782,64.905589207106));
#8026 = CARTESIAN_POINT('',(-1.16822940946,64.755591826087));
#8027 = CARTESIAN_POINT('',(-1.14686999432,64.599559668386));
#8028 = CARTESIAN_POINT('',(-1.125467806353,64.437769925923));
#8029 = CARTESIAN_POINT('',(-1.104018323412,64.270507830551));
#8030 = CARTESIAN_POINT('',(-1.082516963639,64.098065448637));
#8031 = CARTESIAN_POINT('',(-1.060959521612,63.920745285862));
#8032 = CARTESIAN_POINT('',(-1.03934051368,63.738845945333));
#8033 = CARTESIAN_POINT('',(-1.01765934989,63.552714961966));
#8034 = CARTESIAN_POINT('',(-0.995909354072,63.36265590461));
#8035 = CARTESIAN_POINT('',(-0.974080140809,63.168944034544));
#8036 = CARTESIAN_POINT('',(-0.952162383361,62.971868236292));
#8037 = CARTESIAN_POINT('',(-0.930146523156,62.77172080433));
#8038 = CARTESIAN_POINT('',(-0.908023102861,62.568801220465));
#8039 = CARTESIAN_POINT('',(-0.885782664541,62.363416197642));
#8040 = CARTESIAN_POINT('',(-0.863415764365,62.155880735907));
#8041 = CARTESIAN_POINT('',(-0.840912955977,61.946518915403));
#8042 = CARTESIAN_POINT('',(-0.818264782022,61.735664764663));
#8043 = CARTESIAN_POINT('',(-0.795461763059,61.5236631098));
#8044 = CARTESIAN_POINT('',(-0.77249438673,61.310870427464));
#8045 = CARTESIAN_POINT('',(-0.749353095732,61.097655688015));
#8046 = CARTESIAN_POINT('',(-0.72602827661,60.884401203751));
#8047 = CARTESIAN_POINT('',(-0.702510241877,60.671503419931));
#8048 = CARTESIAN_POINT('',(-0.6787892324,60.459373866296));
#8049 = CARTESIAN_POINT('',(-0.654855338669,60.248439444107));
#8050 = CARTESIAN_POINT('',(-0.630698718413,60.039145114394));
#8051 = CARTESIAN_POINT('',(-0.606308700819,59.831947533175));
#8052 = CARTESIAN_POINT('',(-0.581677037518,59.627342368444));
#8053 = CARTESIAN_POINT('',(-0.556784742019,59.425758203513));
#8054 = CARTESIAN_POINT('',(-0.531621653826,59.227721843131));
#8055 = CARTESIAN_POINT('',(-0.506180497543,59.033803237843));
#8056 = CARTESIAN_POINT('',(-0.480453070086,58.844584979784));
#8057 = CARTESIAN_POINT('',(-0.45443112447,58.660669577667));
#8058 = CARTESIAN_POINT('',(-0.428106242977,58.482678412298));
#8059 = CARTESIAN_POINT('',(-0.40146902931,58.311246190802));
#8060 = CARTESIAN_POINT('',(-0.374510809278,58.147034207785));
#8061 = CARTESIAN_POINT('',(-0.347239088342,57.990812401363));
#8062 = CARTESIAN_POINT('',(-0.319658613531,57.843327399363));
#8063 = CARTESIAN_POINT('',(-0.291772703033,57.705314147528));
#8064 = CARTESIAN_POINT('',(-0.263588464387,57.577513607969));
#8065 = CARTESIAN_POINT('',(-0.235094713701,57.460579029164));
#8066 = CARTESIAN_POINT('',(-0.206304714089,57.355264936148));
#8067 = CARTESIAN_POINT('',(-0.177260871079,57.26237175309));
#8068 = CARTESIAN_POINT('',(-0.147996050766,57.18257666492));
#8069 = CARTESIAN_POINT('',(-0.118543940246,57.116474035781));
#8070 = CARTESIAN_POINT('',(-8.893687904159E-02,57.064560999777));
#8071 = CARTESIAN_POINT('',(-5.920543809859E-02,57.027238318148));
#8072 = CARTESIAN_POINT('',(-2.938352296159E-02,57.004807527886));
#8073 = CARTESIAN_POINT('',(5.103794824137E-04,56.997470187636));
#8074 = CARTESIAN_POINT('',(3.040200484741E-02,57.005324971982));
#8075 = CARTESIAN_POINT('',(6.022187306141E-02,57.028267981083));
#8076 = CARTESIAN_POINT('',(8.995011921141E-02,57.066095033514));
#8077 = CARTESIAN_POINT('',(0.119553087447,57.118501120098));
#8078 = CARTESIAN_POINT('',(0.149000005408,57.185082070478));
#8079 = CARTESIAN_POINT('',(0.178258459844,57.265337287812));
#8080 = CARTESIAN_POINT('',(0.207294577214,57.358668534352));
#8081 = CARTESIAN_POINT('',(0.236075570927,57.464395981418));
#8082 = CARTESIAN_POINT('',(0.26455810241,57.581711687001));
#8083 = CARTESIAN_POINT('',(0.292732837639,57.70987658432));
#8084 = CARTESIAN_POINT('',(0.320608780254,57.848228639403));
#8085 = CARTESIAN_POINT('',(0.348179298822,57.996028341963));
#8086 = CARTESIAN_POINT('',(0.375440863688,58.152539570529));
#8087 = CARTESIAN_POINT('',(0.402388597031,58.317014572697));
#8088 = CARTESIAN_POINT('',(0.429015210347,58.488684508116));
#8089 = CARTESIAN_POINT('',(0.455330058929,58.66689309564));
#8090 = CARTESIAN_POINT('',(0.48134224432,58.851004465916));
#8091 = CARTESIAN_POINT('',(0.507060221787,59.040398123577));
#8092 = CARTESIAN_POINT('',(0.532492217535,59.23447210809));
#8093 = CARTESIAN_POINT('',(0.557646331599,59.432643648144));
#8094 = CARTESIAN_POINT('',(0.58253013874,59.634345846438));
#8095 = CARTESIAN_POINT('',(0.607152584649,59.839042749386));
#8096 = CARTESIAN_POINT('',(0.631528177842,60.046267270562));
#8097 = CARTESIAN_POINT('',(0.65566707628,60.255538299017));
#8098 = CARTESIAN_POINT('',(0.679580384251,60.466402668492));
#8099 = CARTESIAN_POINT('',(0.703278895461,60.678424020248));
#8100 = CARTESIAN_POINT('',(0.726773556617,60.891185539801));
#8101 = CARTESIAN_POINT('',(0.750075088504,61.104285816888));
#8102 = CARTESIAN_POINT('',(0.773194114816,61.31733859349));
#8103 = CARTESIAN_POINT('',(0.796140830836,61.529968228481));
#8104 = CARTESIAN_POINT('',(0.818925855896,61.74181735538));
#8105 = CARTESIAN_POINT('',(0.841561107408,61.952553118782));
#8106 = CARTESIAN_POINT('',(0.864054498682,62.161817071961));
#8107 = CARTESIAN_POINT('',(0.886414712714,62.369268423274));
#8108 = CARTESIAN_POINT('',(0.908650120152,62.574573324765));
#8109 = CARTESIAN_POINT('',(0.930769086212,62.777406985382));
#8110 = CARTESIAN_POINT('',(0.95277989995,62.977452317697));
#8111 = CARTESIAN_POINT('',(0.974690816403,63.174399626005));
#8112 = CARTESIAN_POINT('',(0.996510016978,63.367945595392));
#8113 = CARTESIAN_POINT('',(1.018245776774,63.557794035558));
#8114 = CARTESIAN_POINT('',(1.03990587962,63.743650304647));
#8115 = CARTESIAN_POINT('',(1.061499829799,63.925239258299));
#8116 = CARTESIAN_POINT('',(1.083033558642,64.102260265891));
#8117 = CARTESIAN_POINT('',(1.104511113477,64.274403718979));
#8118 = CARTESIAN_POINT('',(1.125937072868,64.441371531725));
#8119 = CARTESIAN_POINT('',(1.147315906921,64.602871886973));
#8120 = CARTESIAN_POINT('',(1.168652155892,64.758620880227));
#8121 = CARTESIAN_POINT('',(1.189950390004,64.908342316661));
#8122 = CARTESIAN_POINT('',(1.211215227008,65.051767998115));
#8123 = CARTESIAN_POINT('',(1.232451338616,65.188637897112));
#8124 = CARTESIAN_POINT('',(1.253663444999,65.318700292789));
#8125 = CARTESIAN_POINT('',(1.274856369594,65.441712172163));
#8126 = CARTESIAN_POINT('',(1.296034866279,65.557438608154));
#8127 = CARTESIAN_POINT('',(1.317204298541,65.665655965229));
#8128 = CARTESIAN_POINT('',(1.33836559162,65.766128454015));
#8129 = CARTESIAN_POINT('',(1.359518911316,65.858632699899));
#8130 = CARTESIAN_POINT('',(1.380664836846,65.942963992474));
#8131 = CARTESIAN_POINT('',(1.40180403287,66.018935161726));
#8132 = CARTESIAN_POINT('',(1.422937317575,66.086377338501));
#8133 = CARTESIAN_POINT('',(1.444065626195,66.145140165339));
#8134 = CARTESIAN_POINT('',(1.465190003924,66.195092090669));
#8135 = CARTESIAN_POINT('',(1.486311592373,66.236120648271));
#8136 = CARTESIAN_POINT('',(1.507431618349,66.268132481365));
#8137 = CARTESIAN_POINT('',(1.528551384937,66.291054172061));
#8138 = CARTESIAN_POINT('',(1.54967225549,66.304829873768));
#8139 = CARTESIAN_POINT('',(1.563754529997,66.30789708827));
#8140 = CARTESIAN_POINT('',(1.570796326808,66.3078954501));
#8141 = ( GEOMETRIC_REPRESENTATION_CONTEXT(2) 
PARAMETRIC_REPRESENTATION_CONTEXT() REPRESENTATION_CONTEXT('2D SPACE',''
  ) );
#8142 = ORIENTED_EDGE('',*,*,#8143,.T.);
#8143 = EDGE_CURVE('',#7769,#7767,#8144,.T.);
#8144 = SURFACE_CURVE('',#8145,(#8328,#8514),.PCURVE_S1.);
#8145 = B_SPLINE_CURVE_WITH_KNOTS('',7,(#8146,#8147,#8148,#8149,#8150,
    #8151,#8152,#8153,#8154,#8155,#8156,#8157,#8158,#8159,#8160,#8161,
    #8162,#8163,#8164,#8165,#8166,#8167,#8168,#8169,#8170,#8171,#8172,
    #8173,#8174,#8175,#8176,#8177,#8178,#8179,#8180,#8181,#8182,#8183,
    #8184,#8185,#8186,#8187,#8188,#8189,#8190,#8191,#8192,#8193,#8194,
    #8195,#8196,#8197,#8198,#8199,#8200,#8201,#8202,#8203,#8204,#8205,
    #8206,#8207,#8208,#8209,#8210,#8211,#8212,#8213,#8214,#8215,#8216,
    #8217,#8218,#8219,#8220,#8221,#8222,#8223,#8224,#8225,#8226,#8227,
    #8228,#8229,#8230,#8231,#8232,#8233,#8234,#8235,#8236,#8237,#8238,
    #8239,#8240,#8241,#8242,#8243,#8244,#8245,#8246,#8247,#8248,#8249,
    #8250,#8251,#8252,#8253,#8254,#8255,#8256,#8257,#8258,#8259,#8260,
    #8261,#8262,#8263,#8264,#8265,#8266,#8267,#8268,#8269,#8270,#8271,
    #8272,#8273,#8274,#8275,#8276,#8277,#8278,#8279,#8280,#8281,#8282,
    #8283,#8284,#8285,#8286,#8287,#8288,#8289,#8290,#8291,#8292,#8293,
    #8294,#8295,#8296,#8297,#8298,#8299,#8300,#8301,#8302,#8303,#8304,
    #8305,#8306,#8307,#8308,#8309,#8310,#8311,#8312,#8313,#8314,#8315,
    #8316,#8317,#8318,#8319,#8320,#8321,#8322,#8323,#8324,#8325,#8326,
    #8327),.UNSPECIFIED.,.T.,.F.,(1,7,6,6,6,6,6,6,6,6,6,6,6,6,6,6,6,6,6,
    6,6,6,6,6,6,6,6,6,6,6,6,7,1),(-3.3718473383E-02,0.,
    3.356617520966E-02,5.431838495472E-02,8.00858554245E-02,
    9.974478047667E-02,0.114643601147,0.155246003371,0.201143264803,
    0.249789380498,0.298453152175,0.34433829059,0.419535767124,
    0.445242523864,0.466027359778,0.477219802409,0.499734591819,
    0.522219555413,0.533360822239,0.554135082554,0.579929932642,
    0.599609746583,0.614524398222,0.655169944266,0.701115974972,
    0.74981378035,0.798529260472,0.844463154846,0.919740533608,
    0.945474605456,0.966281526617,1.,1.03356617521),.UNSPECIFIED.);
#8146 = CARTESIAN_POINT('',(-53.,7.105427357601E-15,1.04278E+03));
#8147 = CARTESIAN_POINT('',(-53.,-1.136871914826,1.04278E+03));
#8148 = CARTESIAN_POINT('',(-52.97154915574,-2.271901239992,
    1.042729736841E+03));
#8149 = CARTESIAN_POINT('',(-52.9148138626,-3.399416926339,
    1.04262950449E+03));
#8150 = CARTESIAN_POINT('',(-52.83071420639,-4.513779742819,
    1.042480567876E+03));
#8151 = CARTESIAN_POINT('',(-52.72091498279,-5.609439877196,
    1.042285158772E+03));
#8152 = CARTESIAN_POINT('',(-52.58777583908,-6.680992687077,
    1.042046494563E+03));
#8153 = CARTESIAN_POINT('',(-52.3393500605,-8.367595003884,
    1.041597148158E+03));
#8154 = CARTESIAN_POINT('',(-52.23656864438,-9.001313499908,
    1.041410416099E+03));
#8155 = CARTESIAN_POINT('',(-52.12646735987,-9.623970052571,
    1.04120935421E+03));
#8156 = CARTESIAN_POINT('',(-52.00961520604,-10.23517402641,
    1.040994707054E+03));
#8157 = CARTESIAN_POINT('',(-51.88659539242,-10.83456211074,
    1.040767235102E+03));
#8158 = CARTESIAN_POINT('',(-51.75800162042,-11.42179824305,
    1.040527716586E+03));
#8159 = CARTESIAN_POINT('',(-51.45858743284,-12.71025682108,
    1.039965578296E+03));
#8160 = CARTESIAN_POINT('',(-51.28504098852,-13.40486478624,
    1.039636805467E+03));
#8161 = CARTESIAN_POINT('',(-51.10478430922,-14.08045862222,
    1.039291854425E+03));
#8162 = CARTESIAN_POINT('',(-50.91876307978,-14.737137016,
    1.038931868989E+03));
#8163 = CARTESIAN_POINT('',(-50.72787700616,-15.37503579227,
    1.038557914324E+03));
#8164 = CARTESIAN_POINT('',(-50.5329774292,-15.99432755843,
    1.038170978037E+03));
#8165 = CARTESIAN_POINT('',(-50.1837178315,-17.05366471991,
    1.037467554747E+03));
#8166 = CARTESIAN_POINT('',(-50.0306789156,-17.50146484088,
    1.037156068598E+03));
#8167 = CARTESIAN_POINT('',(-49.87608296181,-17.93876867053,
    1.036837873214E+03));
#8168 = CARTESIAN_POINT('',(-49.72024733699,-18.36572490087,
    1.036513299328E+03));
#8169 = CARTESIAN_POINT('',(-49.56347250001,-18.78248404664,
    1.036182647858E+03));
#8170 = CARTESIAN_POINT('',(-49.40604249816,-19.18919853395,
    1.035846189748E+03));
#8171 = CARTESIAN_POINT('',(-49.12862138093,-19.88676219334,
    1.035244957657E+03));
#8172 = CARTESIAN_POINT('',(-49.00879560248,-20.18181989119,
    1.034982553834E+03));
#8173 = CARTESIAN_POINT('',(-48.8888648291,-20.47126224972,
    1.034717059393E+03));
#8174 = CARTESIAN_POINT('',(-48.7689421703,-20.75515331518,
    1.034448572479E+03));
#8175 = CARTESIAN_POINT('',(-48.64913714422,-21.03355481281,
    1.034177184317E+03));
#8176 = CARTESIAN_POINT('',(-48.52955567766,-21.30652614682,
    1.03390297921E+03));
#8177 = CARTESIAN_POINT('',(-48.0853037326,-22.30338560604,
    1.032871302422E+03));
#8178 = CARTESIAN_POINT('',(-47.76266067227,-22.99289564705,
    1.032096066839E+03));
#8179 = CARTESIAN_POINT('',(-47.44451739574,-23.64362810653,
    1.031302042168E+03));
#8180 = CARTESIAN_POINT('',(-47.13285119892,-24.25647417235,
    1.03049062211E+03));
#8181 = CARTESIAN_POINT('',(-46.82950419222,-24.83221619999,
    1.029662923077E+03));
#8182 = CARTESIAN_POINT('',(-46.53621728991,-25.37150127544,
    1.028819827568E+03));
#8183 = CARTESIAN_POINT('',(-45.93639446434,-26.44376415401,
    1.026992363923E+03));
#8184 = CARTESIAN_POINT('',(-45.6330523471,-26.96686643424,
    1.026003709519E+03));
#8185 = CARTESIAN_POINT('',(-45.3473289675,-27.44431325913,
    1.024997858214E+03));
#8186 = CARTESIAN_POINT('',(-45.08173859711,-27.87625510229,
    1.023976406611E+03));
#8187 = CARTESIAN_POINT('',(-44.83859922255,-28.26276828592,
    1.022940776694E+03));
#8188 = CARTESIAN_POINT('',(-44.6200131086,-28.6038219962,
    1.021892238495E+03));
#8189 = CARTESIAN_POINT('',(-44.22417252587,-29.21236193581,
    1.01970812376E+03));
#8190 = CARTESIAN_POINT('',(-44.0501725289,-29.47422573655,
    1.018571068599E+03));
#8191 = CARTESIAN_POINT('',(-43.90833088652,-29.68422928752,
    1.017423557203E+03));
#8192 = CARTESIAN_POINT('',(-43.80059002319,-29.84200140491,
    1.01626821697E+03));
#8193 = CARTESIAN_POINT('',(-43.72828380334,-29.94730839639,
    1.015107557308E+03));
#8194 = CARTESIAN_POINT('',(-43.6921045499,-30.,1.013944014946E+03));
#8195 = CARTESIAN_POINT('',(-43.6921045499,-30.,1.011615562577E+03));
#8196 = CARTESIAN_POINT('',(-43.7283100703,-29.9472701411,
    1.01045159829E+03));
#8197 = CARTESIAN_POINT('',(-43.8006687445,-29.84188675492,
    1.009290519735E+03));
#8198 = CARTESIAN_POINT('',(-43.90848726562,-29.68400029031,
    1.008134766186E+03));
#8199 = CARTESIAN_POINT('',(-44.05042987369,-29.47384472294,
    1.006986849738E+03));
#8200 = CARTESIAN_POINT('',(-44.22455140384,-29.21179173422,
    1.00584940069E+03));
#8201 = CARTESIAN_POINT('',(-44.6205409217,-28.60299897885,
    1.003665213207E+03));
#8202 = CARTESIAN_POINT('',(-44.8391202755,-28.26194153439,
    1.002616975103E+03));
#8203 = CARTESIAN_POINT('',(-45.0822370341,-27.87544777856,
    1.001581638983E+03));
#8204 = CARTESIAN_POINT('',(-45.34779017901,-27.44354847809,
    1.000560475132E+03));
#8205 = CARTESIAN_POINT('',(-45.63346306293,-26.96616765893,
    999.55490557994));
#8206 = CARTESIAN_POINT('',(-45.9367428767,-26.44315555115,
    998.56652670803));
#8207 = CARTESIAN_POINT('',(-46.77640807496,-24.94210504389,
    996.00846830381));
#8208 = CARTESIAN_POINT('',(-47.33749383092,-23.88761950663,
    994.47214782332));
#8209 = CARTESIAN_POINT('',(-47.92790870172,-22.70740076665,
    992.99080014997));
#8210 = CARTESIAN_POINT('',(-48.53674714052,-21.39565114885,
    991.56995411012));
#8211 = CARTESIAN_POINT('',(-49.1515547489,-19.94501627084,
    990.21888559952));
#8212 = CARTESIAN_POINT('',(-49.75712279618,-18.34749887145,
    988.95163897938));
#8213 = CARTESIAN_POINT('',(-50.53211042475,-15.99698071927,
    987.39076347814));
#8214 = CARTESIAN_POINT('',(-50.7263584184,-15.37988237228,
    987.00509716331));
#8215 = CARTESIAN_POINT('',(-50.91662338893,-14.74430540547,
    986.63232052314));
#8216 = CARTESIAN_POINT('',(-51.10206310706,-14.09007822373,
    986.27341034718));
#8217 = CARTESIAN_POINT('',(-51.28178758686,-13.41706544511,
    985.92942003649));
#8218 = CARTESIAN_POINT('',(-51.45486141795,-12.72516824755,
    985.60148067352));
#8219 = CARTESIAN_POINT('',(-51.75407406231,-11.43958219458,
    985.03960730269));
#8220 = CARTESIAN_POINT('',(-51.88287590107,-10.85236236751,
    984.79965667471));
#8221 = CARTESIAN_POINT('',(-52.00611054202,-10.25297286598,
    984.57174874859));
#8222 = CARTESIAN_POINT('',(-52.12318355445,-9.641748538597,
    984.35666260983));
#8223 = CARTESIAN_POINT('',(-52.23351087049,-9.019051526551,
    984.15515973915));
#8224 = CARTESIAN_POINT('',(-52.33652250656,-8.385271339272,
    983.96798586272));
#8225 = CARTESIAN_POINT('',(-52.48290033275,-7.393796476585,
    983.70319150537));
#8226 = CARTESIAN_POINT('',(-52.53184621548,-7.043721284336,
    983.61488981997));
#8227 = CARTESIAN_POINT('',(-52.57840799561,-6.690737220891,
    983.53109880126));
#8228 = CARTESIAN_POINT('',(-52.6224950672,-6.334984326435,
    983.4519419925));
#8229 = CARTESIAN_POINT('',(-52.66402215578,-5.976604813779,
    983.37753542523));
#8230 = CARTESIAN_POINT('',(-52.70290931831,-5.615743068362,
    983.30798761925));
#8231 = CARTESIAN_POINT('',(-52.81184702754,-4.521935387571,
    983.11347387385));
#8232 = CARTESIAN_POINT('',(-52.87365292546,-3.781623901082,
    983.00357397419));
#8233 = CARTESIAN_POINT('',(-52.9238148382,-3.033456912408,
    982.91466604975));
#8234 = CARTESIAN_POINT('',(-52.96180513323,-2.279309619989,
    982.84747759612));
#8235 = CARTESIAN_POINT('',(-52.98726307196,-1.521078149505,
    982.80250190698));
#8236 = CARTESIAN_POINT('',(-53.,-0.760670930902,982.78));
#8237 = CARTESIAN_POINT('',(-53.,0.759663254054,982.78));
#8238 = CARTESIAN_POINT('',(-52.98729679535,1.519063079011,
    982.80244232899));
#8239 = CARTESIAN_POINT('',(-52.96190626522,2.276295030153,
    982.84729892963));
#8240 = CARTESIAN_POINT('',(-52.92401611215,3.029458231853,
    982.91431008359));
#8241 = CARTESIAN_POINT('',(-52.87398521573,3.776664022753,
    983.00298501986));
#8242 = CARTESIAN_POINT('',(-52.81233848472,4.516044521386,
    983.11260000003));
#8243 = CARTESIAN_POINT('',(-52.70379329064,5.607334623912,
    983.30640746017));
#8244 = CARTESIAN_POINT('',(-52.665138571,5.966596301437,983.37553698487
    ));
#8245 = CARTESIAN_POINT('',(-52.62386658327,6.323401333782,
    983.44948289648));
#8246 = CARTESIAN_POINT('',(-52.58005611605,6.67760701879,983.5281382331
    ));
#8247 = CARTESIAN_POINT('',(-52.53379121224,7.029072763174,
    983.61138862907));
#8248 = CARTESIAN_POINT('',(-52.4851611691,7.37766008252,983.69911231491
    ));
#8249 = CARTESIAN_POINT('',(-52.33935006047,8.367595004087,
    983.96285184243));
#8250 = CARTESIAN_POINT('',(-52.23656864437,9.00131349992,
    984.14958390084));
#8251 = CARTESIAN_POINT('',(-52.12646735989,9.623970052411,
    984.35064578963));
#8252 = CARTESIAN_POINT('',(-52.00961520607,10.235174026275,
    984.56529294624));
#8253 = CARTESIAN_POINT('',(-51.88659539242,10.834562110789,
    984.79276489841));
#8254 = CARTESIAN_POINT('',(-51.75800162038,11.421798243256,
    985.03228341411));
#8255 = CARTESIAN_POINT('',(-51.45858743284,12.710256821053,
    985.59442170356));
#8256 = CARTESIAN_POINT('',(-51.28504098852,13.404864786238,
    985.92319453305));
#8257 = CARTESIAN_POINT('',(-51.10478430922,14.08045862225,
    986.26814557465));
#8258 = CARTESIAN_POINT('',(-50.91876307977,14.737137016034,
    986.62813101087));
#8259 = CARTESIAN_POINT('',(-50.72787700616,15.375035792275,
    987.00208567638));
#8260 = CARTESIAN_POINT('',(-50.53297742921,15.99432755841,
    987.38902196258));
#8261 = CARTESIAN_POINT('',(-50.1837178315,17.053664719915,
    988.09244525334));
#8262 = CARTESIAN_POINT('',(-50.03067891559,17.501464840891,
    988.40393140225));
#8263 = CARTESIAN_POINT('',(-49.87608296181,17.938768670537,
    988.72212678598));
#8264 = CARTESIAN_POINT('',(-49.72024733699,18.365724900878,
    989.04670067211));
#8265 = CARTESIAN_POINT('',(-49.56347250001,18.782484046649,
    989.37735214162));
#8266 = CARTESIAN_POINT('',(-49.40604249816,19.189198533952,
    989.71381025191));
#8267 = CARTESIAN_POINT('',(-49.12862138093,19.886762193352,
    990.31504234332));
#8268 = CARTESIAN_POINT('',(-49.00879560248,20.181819891197,
    990.57744616645));
#8269 = CARTESIAN_POINT('',(-48.8888648291,20.471262249724,
    990.8429406067));
#8270 = CARTESIAN_POINT('',(-48.7689421703,20.755153315189,
    991.11142752051));
#8271 = CARTESIAN_POINT('',(-48.64913714422,21.033554812821,
    991.38281568332));
#8272 = CARTESIAN_POINT('',(-48.52955567766,21.306526146825,
    991.65702078952));
#8273 = CARTESIAN_POINT('',(-48.08530372364,22.303385626154,
    992.68869759921));
#8274 = CARTESIAN_POINT('',(-47.76266068068,22.992895630321,
    993.4639331384));
#8275 = CARTESIAN_POINT('',(-47.44451740289,23.643628090652,
    994.25795781573));
#8276 = CARTESIAN_POINT('',(-47.13285119249,24.256474183964,
    995.06937790951));
#8277 = CARTESIAN_POINT('',(-46.82950418364,24.83221621766,
    995.89707694492));
#8278 = CARTESIAN_POINT('',(-46.53621729784,25.371501261275,
    996.74017240817));
#8279 = CARTESIAN_POINT('',(-45.93639446108,26.443764159844,
    998.56763608666));
#8280 = CARTESIAN_POINT('',(-45.63305234971,26.966866429893,
    999.55629047013));
#8281 = CARTESIAN_POINT('',(-45.34732897014,27.444313254448,
    1.000562141777E+03));
#8282 = CARTESIAN_POINT('',(-45.08173859546,27.876255104868,
    1.001583593397E+03));
#8283 = CARTESIAN_POINT('',(-44.83859921968,28.26276829081,
    1.002619223317E+03));
#8284 = CARTESIAN_POINT('',(-44.62001311039,28.60382199345,
    1.003667761495E+03));
#8285 = CARTESIAN_POINT('',(-44.22417252586,29.212361935817,
    1.00585187624E+03));
#8286 = CARTESIAN_POINT('',(-44.0501725289,29.474225736556,
    1.006988931401E+03));
#8287 = CARTESIAN_POINT('',(-43.90833088652,29.68422928753,
    1.008136442797E+03));
#8288 = CARTESIAN_POINT('',(-43.80059002319,29.842001404916,
    1.00929178303E+03));
#8289 = CARTESIAN_POINT('',(-43.72828380334,29.94730839639,
    1.010452442692E+03));
#8290 = CARTESIAN_POINT('',(-43.6921045499,30.,1.011615985054E+03));
#8291 = CARTESIAN_POINT('',(-43.6921045499,30.,1.013944437423E+03));
#8292 = CARTESIAN_POINT('',(-43.7283100703,29.9472701411,
    1.01510840171E+03));
#8293 = CARTESIAN_POINT('',(-43.8006687445,29.841886754922,
    1.016269480265E+03));
#8294 = CARTESIAN_POINT('',(-43.90848726562,29.684000290315,
    1.017425233814E+03));
#8295 = CARTESIAN_POINT('',(-44.05042987369,29.473844722946,
    1.018573150262E+03));
#8296 = CARTESIAN_POINT('',(-44.22455140384,29.211791734225,
    1.01971059931E+03));
#8297 = CARTESIAN_POINT('',(-44.62054092168,28.602998978886,
    1.021894786793E+03));
#8298 = CARTESIAN_POINT('',(-44.83912027549,28.261941534407,
    1.022943024897E+03));
#8299 = CARTESIAN_POINT('',(-45.08223703411,27.875447778534,
    1.023978361017E+03));
#8300 = CARTESIAN_POINT('',(-45.34779017903,27.443548478047,
    1.024999524868E+03));
#8301 = CARTESIAN_POINT('',(-45.63346306293,26.966167658931,
    1.02600509442E+03));
#8302 = CARTESIAN_POINT('',(-45.93674287666,26.443155551214,
    1.026993473292E+03));
#8303 = CARTESIAN_POINT('',(-46.77640807496,24.942105043894,
    1.029551531696E+03));
#8304 = CARTESIAN_POINT('',(-47.33749383092,23.887619506657,
    1.031087852177E+03));
#8305 = CARTESIAN_POINT('',(-47.92790870173,22.707400766626,
    1.03256919985E+03));
#8306 = CARTESIAN_POINT('',(-48.53674714051,21.395651148896,
    1.03399004589E+03));
#8307 = CARTESIAN_POINT('',(-49.15155474891,19.945016270828,
    1.0353411144E+03));
#8308 = CARTESIAN_POINT('',(-49.75712279617,18.347498871469,
    1.036608361021E+03));
#8309 = CARTESIAN_POINT('',(-50.53211042475,15.996980719255,
    1.038169236522E+03));
#8310 = CARTESIAN_POINT('',(-50.7263584184,15.379882372293,
    1.038554902837E+03));
#8311 = CARTESIAN_POINT('',(-50.91662338892,14.744305405514,
    1.038927679477E+03));
#8312 = CARTESIAN_POINT('',(-51.10206310705,14.090078223768,
    1.039286589653E+03));
#8313 = CARTESIAN_POINT('',(-51.28178758686,13.417065445123,
    1.039630579963E+03));
#8314 = CARTESIAN_POINT('',(-51.45486141795,12.725168247539,
    1.039958519326E+03));
#8315 = CARTESIAN_POINT('',(-51.7540740623,11.439582194604,
    1.040520392697E+03));
#8316 = CARTESIAN_POINT('',(-51.88287590107,10.852362367531,
    1.040760343325E+03));
#8317 = CARTESIAN_POINT('',(-52.00611054201,10.252972866001,
    1.040988251251E+03));
#8318 = CARTESIAN_POINT('',(-52.12318355445,9.641748538618,
    1.04120333739E+03));
#8319 = CARTESIAN_POINT('',(-52.23351087049,9.019051526574,
    1.041404840261E+03));
#8320 = CARTESIAN_POINT('',(-52.33652250655,8.385271339299,
    1.041592014137E+03));
#8321 = CARTESIAN_POINT('',(-52.5858506992,6.696472960541,
    1.042043043506E+03));
#8322 = CARTESIAN_POINT('',(-52.71959218903,5.622624898456,
    1.042282804541E+03));
#8323 = CARTESIAN_POINT('',(-52.82990263473,4.524514009792,
    1.042479130588E+03));
#8324 = CARTESIAN_POINT('',(-52.91440214571,3.407574976398,
    1.042628777123E+03));
#8325 = CARTESIAN_POINT('',(-52.97141096401,2.277389423692,
    1.042729492702E+03));
#8326 = CARTESIAN_POINT('',(-53.,1.139629570348,1.04278E+03));
#8327 = CARTESIAN_POINT('',(-53.,7.105427357601E-15,1.04278E+03));
#8328 = PCURVE('',#6008,#8329);
#8329 = DEFINITIONAL_REPRESENTATION('',(#8330),#8513);
#8330 = B_SPLINE_CURVE_WITH_KNOTS('',7,(#8331,#8332,#8333,#8334,#8335,
    #8336,#8337,#8338,#8339,#8340,#8341,#8342,#8343,#8344,#8345,#8346,
    #8347,#8348,#8349,#8350,#8351,#8352,#8353,#8354,#8355,#8356,#8357,
    #8358,#8359,#8360,#8361,#8362,#8363,#8364,#8365,#8366,#8367,#8368,
    #8369,#8370,#8371,#8372,#8373,#8374,#8375,#8376,#8377,#8378,#8379,
    #8380,#8381,#8382,#8383,#8384,#8385,#8386,#8387,#8388,#8389,#8390,
    #8391,#8392,#8393,#8394,#8395,#8396,#8397,#8398,#8399,#8400,#8401,
    #8402,#8403,#8404,#8405,#8406,#8407,#8408,#8409,#8410,#8411,#8412,
    #8413,#8414,#8415,#8416,#8417,#8418,#8419,#8420,#8421,#8422,#8423,
    #8424,#8425,#8426,#8427,#8428,#8429,#8430,#8431,#8432,#8433,#8434,
    #8435,#8436,#8437,#8438,#8439,#8440,#8441,#8442,#8443,#8444,#8445,
    #8446,#8447,#8448,#8449,#8450,#8451,#8452,#8453,#8454,#8455,#8456,
    #8457,#8458,#8459,#8460,#8461,#8462,#8463,#8464,#8465,#8466,#8467,
    #8468,#8469,#8470,#8471,#8472,#8473,#8474,#8475,#8476,#8477,#8478,
    #8479,#8480,#8481,#8482,#8483,#8484,#8485,#8486,#8487,#8488,#8489,
    #8490,#8491,#8492,#8493,#8494,#8495,#8496,#8497,#8498,#8499,#8500,
    #8501,#8502,#8503,#8504,#8505,#8506,#8507,#8508,#8509,#8510,#8511,
    #8512),.UNSPECIFIED.,.T.,.F.,(1,7,6,6,6,6,6,6,6,6,6,6,6,6,6,6,6,6,6,
    6,6,6,6,6,6,6,6,6,6,6,6,7,1),(-3.3718473383E-02,0.,
    3.356617520966E-02,5.431838495472E-02,8.00858554245E-02,
    9.974478047667E-02,0.114643601147,0.155246003371,0.201143264803,
    0.249789380498,0.298453152175,0.34433829059,0.419535767124,
    0.445242523864,0.466027359778,0.477219802409,0.499734591819,
    0.522219555413,0.533360822239,0.554135082554,0.579929932642,
    0.599609746583,0.614524398222,0.655169944266,0.701115974972,
    0.74981378035,0.798529260472,0.844463154846,0.919740533608,
    0.945474605456,0.966281526617,1.,1.03356617521),.UNSPECIFIED.);
#8331 = CARTESIAN_POINT('',(3.14159265359,69.));
#8332 = CARTESIAN_POINT('',(3.163043067077,69.));
#8333 = CARTESIAN_POINT('',(3.184458718242,68.949736840787));
#8334 = CARTESIAN_POINT('',(3.205748707964,68.849504490033));
#8335 = CARTESIAN_POINT('',(3.226822563885,68.700567875971));
#8336 = CARTESIAN_POINT('',(3.24758943405,68.505158772374));
#8337 = CARTESIAN_POINT('',(3.267957661536,68.266494562586));
#8338 = CARTESIAN_POINT('',(3.300123697626,67.817148157617));
#8339 = CARTESIAN_POINT('',(3.312235610477,67.630416099172));
#8340 = CARTESIAN_POINT('',(3.324164194598,67.429354210322));
#8341 = CARTESIAN_POINT('',(3.335903228017,67.2147070537));
#8342 = CARTESIAN_POINT('',(3.347446558394,66.987235101589));
#8343 = CARTESIAN_POINT('',(3.358788110617,66.747716585975));
#8344 = CARTESIAN_POINT('',(3.383746419485,66.185578296416));
#8345 = CARTESIAN_POINT('',(3.397253257187,65.856805466946));
#8346 = CARTESIAN_POINT('',(3.410443621054,65.511854425357));
#8347 = CARTESIAN_POINT('',(3.423318710933,65.151868989142));
#8348 = CARTESIAN_POINT('',(3.435879819231,64.777914323617));
#8349 = CARTESIAN_POINT('',(3.448128437192,64.390978037404));
#8350 = CARTESIAN_POINT('',(3.469174230456,63.687554746656));
#8351 = CARTESIAN_POINT('',(3.478102558684,63.376068597754));
#8352 = CARTESIAN_POINT('',(3.486853234492,63.057873214019));
#8353 = CARTESIAN_POINT('',(3.495428063665,62.733299327884));
#8354 = CARTESIAN_POINT('',(3.503828791815,62.402647858377));
#8355 = CARTESIAN_POINT('',(3.51205712705,62.066189748091));
#8356 = CARTESIAN_POINT('',(3.526221366529,61.464957656675));
#8357 = CARTESIAN_POINT('',(3.532229905199,61.202553833552));
#8358 = CARTESIAN_POINT('',(3.538141094696,60.937059393303));
#8359 = CARTESIAN_POINT('',(3.543955589056,60.668572479484));
#8360 = CARTESIAN_POINT('',(3.549673980315,60.397184316675));
#8361 = CARTESIAN_POINT('',(3.555296798511,60.122979210482));
#8362 = CARTESIAN_POINT('',(3.575888686126,59.091302421599));
#8363 = CARTESIAN_POINT('',(3.590249724748,58.31606683888));
#8364 = CARTESIAN_POINT('',(3.603913465035,57.52204216753));
#8365 = CARTESIAN_POINT('',(3.616883368251,56.710622109709));
#8366 = CARTESIAN_POINT('',(3.629160250063,55.88292307731));
#8367 = CARTESIAN_POINT('',(3.640742011168,55.039827567667));
#8368 = CARTESIAN_POINT('',(3.663923735587,53.212363923271));
#8369 = CARTESIAN_POINT('',(3.675331657041,52.223709519283));
#8370 = CARTESIAN_POINT('',(3.685828525565,51.217858214487));
#8371 = CARTESIAN_POINT('',(3.69539472771,50.196406611434));
#8372 = CARTESIAN_POINT('',(3.704009846795,49.160776694276));
#8373 = CARTESIAN_POINT('',(3.711652866398,48.112238494996));
#8374 = CARTESIAN_POINT('',(3.725350130069,45.928123759587));
#8375 = CARTESIAN_POINT('',(3.731281959344,44.791068598919));
#8376 = CARTESIAN_POINT('',(3.73606328618,43.643557203365));
#8377 = CARTESIAN_POINT('',(3.739667987046,42.488216969916));
#8378 = CARTESIAN_POINT('',(3.742078198841,41.327557308245));
#8379 = CARTESIAN_POINT('',(3.74328417263,40.164014946291));
#8380 = CARTESIAN_POINT('',(3.74328417263,37.835562577467));
#8381 = CARTESIAN_POINT('',(3.742077323279,36.671598289962));
#8382 = CARTESIAN_POINT('',(3.739665362993,35.51051973484));
#8383 = CARTESIAN_POINT('',(3.736058054169,34.354766185639));
#8384 = CARTESIAN_POINT('',(3.731273284506,33.206849738125));
#8385 = CARTESIAN_POINT('',(3.725337213688,32.069400689688));
#8386 = CARTESIAN_POINT('',(3.71163441916,29.885213206872));
#8387 = CARTESIAN_POINT('',(3.703991409058,28.836975102621));
#8388 = CARTESIAN_POINT('',(3.695376827504,27.801638982856));
#8389 = CARTESIAN_POINT('',(3.685811676794,26.780475131901));
#8390 = CARTESIAN_POINT('',(3.675316365458,25.77490557994));
#8391 = CARTESIAN_POINT('',(3.663910504607,24.78652670803));
#8392 = CARTESIAN_POINT('',(3.631458824776,22.228468303811));
#8393 = CARTESIAN_POINT('',(3.608926648574,20.692147823321));
#8394 = CARTESIAN_POINT('',(3.58404054451,19.210800149978));
#8395 = CARTESIAN_POINT('',(3.556777885734,17.78995411012));
#8396 = CARTESIAN_POINT('',(3.527082669593,16.438885599529));
#8397 = CARTESIAN_POINT('',(3.494878896286,15.171638979385));
#8398 = CARTESIAN_POINT('',(3.448181101706,13.610763478142));
#8399 = CARTESIAN_POINT('',(3.435975639323,13.225097163315));
#8400 = CARTESIAN_POINT('',(3.42345983783,12.852320523146));
#8401 = CARTESIAN_POINT('',(3.410632207927,12.493410347183));
#8402 = CARTESIAN_POINT('',(3.397491455837,12.149420036497));
#8403 = CARTESIAN_POINT('',(3.384036378786,11.821480673527));
#8404 = CARTESIAN_POINT('',(3.3591317211,11.259607302691));
#8405 = CARTESIAN_POINT('',(3.347789628981,11.019656674716));
#8406 = CARTESIAN_POINT('',(3.336245457057,10.791748748592));
#8407 = CARTESIAN_POINT('',(3.324505263818,10.576662609834));
#8408 = CARTESIAN_POINT('',(3.312575185498,10.375159739151));
#8409 = CARTESIAN_POINT('',(3.300461428275,10.187985862724));
#8410 = CARTESIAN_POINT('',(3.281551579839,9.923191505373));
#8411 = CARTESIAN_POINT('',(3.274882337299,9.834889819971));
#8412 = CARTESIAN_POINT('',(3.268164892885,9.751098801262));
#8413 = CARTESIAN_POINT('',(3.261401604989,9.671941992504));
#8414 = CARTESIAN_POINT('',(3.254594830348,9.597535425232));
#8415 = CARTESIAN_POINT('',(3.247746924045,9.527987619258));
#8416 = CARTESIAN_POINT('',(3.227006940706,9.333473873851));
#8417 = CARTESIAN_POINT('',(3.212991993363,9.223573974198));
#8418 = CARTESIAN_POINT('',(3.198846990353,9.134666049756));
#8419 = CARTESIAN_POINT('',(3.18460332362,9.067477596124));
#8420 = CARTESIAN_POINT('',(3.170292241574,9.022501906988));
#8421 = CARTESIAN_POINT('',(3.155944935305,9.));
#8422 = CARTESIAN_POINT('',(3.127259384645,9.));
#8423 = CARTESIAN_POINT('',(3.112931085802,9.02244232899));
#8424 = CARTESIAN_POINT('',(3.098638881775,9.067298929639));
#8425 = CARTESIAN_POINT('',(3.084413840241,9.134310083597));
#8426 = CARTESIAN_POINT('',(3.070287086027,9.222985019861));
#8427 = CARTESIAN_POINT('',(3.0562898868,9.332600000039));
#8428 = CARTESIAN_POINT('',(3.035597904882,9.526407460175));
#8429 = CARTESIAN_POINT('',(3.028780481526,9.595536984874));
#8430 = CARTESIAN_POINT('',(3.022003765894,9.669482896483));
#8431 = CARTESIAN_POINT('',(3.015270085756,9.748138233107));
#8432 = CARTESIAN_POINT('',(3.008581770954,9.83138862907));
#8433 = CARTESIAN_POINT('',(3.001941153409,9.919112314911));
#8434 = CARTESIAN_POINT('',(2.98306160955,10.182851842437));
#8435 = CARTESIAN_POINT('',(2.970949696702,10.369583900842));
#8436 = CARTESIAN_POINT('',(2.959021112584,10.570645789631));
#8437 = CARTESIAN_POINT('',(2.947282079165,10.785292946242));
#8438 = CARTESIAN_POINT('',(2.935738748784,11.012764898418));
#8439 = CARTESIAN_POINT('',(2.924397196559,11.252283414112));
#8440 = CARTESIAN_POINT('',(2.899438887695,11.814421703568));
#8441 = CARTESIAN_POINT('',(2.885932049993,12.14319453305));
#8442 = CARTESIAN_POINT('',(2.872741686125,12.488145574656));
#8443 = CARTESIAN_POINT('',(2.859866596246,12.848131010874));
#8444 = CARTESIAN_POINT('',(2.847305487948,13.222085676386));
#8445 = CARTESIAN_POINT('',(2.835056869988,13.60902196258));
#8446 = CARTESIAN_POINT('',(2.814011076724,14.312445253347));
#8447 = CARTESIAN_POINT('',(2.805082748495,14.623931402249));
#8448 = CARTESIAN_POINT('',(2.796332072687,14.942126785983));
#8449 = CARTESIAN_POINT('',(2.787757243514,15.266700672117));
#8450 = CARTESIAN_POINT('',(2.779356515365,15.597352141623));
#8451 = CARTESIAN_POINT('',(2.77112818013,15.93381025191));
#8452 = CARTESIAN_POINT('',(2.75696394065,16.535042343327));
#8453 = CARTESIAN_POINT('',(2.750955401981,16.797446166451));
#8454 = CARTESIAN_POINT('',(2.745044212484,17.0629406067));
#8455 = CARTESIAN_POINT('',(2.739229718124,17.331427520519));
#8456 = CARTESIAN_POINT('',(2.733511326865,17.602815683329));
#8457 = CARTESIAN_POINT('',(2.727888508669,17.877020789522));
#8458 = CARTESIAN_POINT('',(2.707296620638,18.908697599214));
#8459 = CARTESIAN_POINT('',(2.692935582785,19.683933138409));
#8460 = CARTESIAN_POINT('',(2.679271842473,20.477957815732));
#8461 = CARTESIAN_POINT('',(2.666301938678,21.289377909511));
#8462 = CARTESIAN_POINT('',(2.654025056745,22.117076944921));
#8463 = CARTESIAN_POINT('',(2.642443296318,22.960172408176));
#8464 = CARTESIAN_POINT('',(2.619261571466,24.787636086665));
#8465 = CARTESIAN_POINT('',(2.607853650234,25.776290470136));
#8466 = CARTESIAN_POINT('',(2.597356781716,26.782141777301));
#8467 = CARTESIAN_POINT('',(2.587790579412,27.803593397158));
#8468 = CARTESIAN_POINT('',(2.579175460278,28.839223316542));
#8469 = CARTESIAN_POINT('',(2.571532440843,29.887761495123));
#8470 = CARTESIAN_POINT('',(2.557835177111,32.071876240436));
#8471 = CARTESIAN_POINT('',(2.551903347836,33.208931401091));
#8472 = CARTESIAN_POINT('',(2.547122020999,34.356442796649));
#8473 = CARTESIAN_POINT('',(2.543517320134,35.511783030096));
#8474 = CARTESIAN_POINT('',(2.541107108338,36.672442691758));
#8475 = CARTESIAN_POINT('',(2.539901134549,37.835985053716));
#8476 = CARTESIAN_POINT('',(2.539901134549,40.164437422527));
#8477 = CARTESIAN_POINT('',(2.5411079839,41.328401710041));
#8478 = CARTESIAN_POINT('',(2.543519944186,42.48948026516));
#8479 = CARTESIAN_POINT('',(2.547127253011,43.64523381436));
#8480 = CARTESIAN_POINT('',(2.551912022673,44.793150261879));
#8481 = CARTESIAN_POINT('',(2.557848093492,45.930599310307));
#8482 = CARTESIAN_POINT('',(2.571550888019,48.114786793025));
#8483 = CARTESIAN_POINT('',(2.579193898121,49.163024897371));
#8484 = CARTESIAN_POINT('',(2.587808479676,50.198361017229));
#8485 = CARTESIAN_POINT('',(2.597373630386,51.21952486818));
#8486 = CARTESIAN_POINT('',(2.607868941722,52.225094420045));
#8487 = CARTESIAN_POINT('',(2.619274802571,53.213473291866));
#8488 = CARTESIAN_POINT('',(2.651726482404,55.77153169619));
#8489 = CARTESIAN_POINT('',(2.674258658605,57.307852176657));
#8490 = CARTESIAN_POINT('',(2.699144762671,58.789199850048));
#8491 = CARTESIAN_POINT('',(2.726407421445,60.210045889842));
#8492 = CARTESIAN_POINT('',(2.756102637587,61.561114400479));
#8493 = CARTESIAN_POINT('',(2.788306410894,62.828361020605));
#8494 = CARTESIAN_POINT('',(2.835004205474,64.389236521869));
#8495 = CARTESIAN_POINT('',(2.847209667856,64.774902836678));
#8496 = CARTESIAN_POINT('',(2.859725469349,65.147679476833));
#8497 = CARTESIAN_POINT('',(2.872553099252,65.506589652798));
#8498 = CARTESIAN_POINT('',(2.885693851342,65.850579963499));
#8499 = CARTESIAN_POINT('',(2.899148928394,66.17851932648));
#8500 = CARTESIAN_POINT('',(2.924053586079,66.7403926973));
#8501 = CARTESIAN_POINT('',(2.935395678198,66.980343325276));
#8502 = CARTESIAN_POINT('',(2.946939850122,67.208251251401));
#8503 = CARTESIAN_POINT('',(2.958680043361,67.423337390159));
#8504 = CARTESIAN_POINT('',(2.970610121681,67.624840260842));
#8505 = CARTESIAN_POINT('',(2.982723878904,67.812014137268));
#8506 = CARTESIAN_POINT('',(3.014933390797,68.263043505969));
#8507 = CARTESIAN_POINT('',(3.035345964668,68.502804541373));
#8508 = CARTESIAN_POINT('',(3.0561597441,68.699130588401));
#8509 = CARTESIAN_POINT('',(3.077282556267,68.848777123279));
#8510 = CARTESIAN_POINT('',(3.098623038262,68.949492702157));
#8511 = CARTESIAN_POINT('',(3.120090208866,69.));
#8512 = CARTESIAN_POINT('',(3.14159265359,69.));
#8513 = ( GEOMETRIC_REPRESENTATION_CONTEXT(2) 
PARAMETRIC_REPRESENTATION_CONTEXT() REPRESENTATION_CONTEXT('2D SPACE',''
  ) );
#8514 = PCURVE('',#8515,#8520);
#8515 = CYLINDRICAL_SURFACE('',#8516,30.);
#8516 = AXIS2_PLACEMENT_3D('',#8517,#8518,#8519);
#8517 = CARTESIAN_POINT('',(-110.,0.,1.01278E+03));
#8518 = DIRECTION('',(1.,0.,0.));
#8519 = DIRECTION('',(0.,0.,1.));
#8520 = DEFINITIONAL_REPRESENTATION('',(#8521),#8704);
#8521 = B_SPLINE_CURVE_WITH_KNOTS('',7,(#8522,#8523,#8524,#8525,#8526,
    #8527,#8528,#8529,#8530,#8531,#8532,#8533,#8534,#8535,#8536,#8537,
    #8538,#8539,#8540,#8541,#8542,#8543,#8544,#8545,#8546,#8547,#8548,
    #8549,#8550,#8551,#8552,#8553,#8554,#8555,#8556,#8557,#8558,#8559,
    #8560,#8561,#8562,#8563,#8564,#8565,#8566,#8567,#8568,#8569,#8570,
    #8571,#8572,#8573,#8574,#8575,#8576,#8577,#8578,#8579,#8580,#8581,
    #8582,#8583,#8584,#8585,#8586,#8587,#8588,#8589,#8590,#8591,#8592,
    #8593,#8594,#8595,#8596,#8597,#8598,#8599,#8600,#8601,#8602,#8603,
    #8604,#8605,#8606,#8607,#8608,#8609,#8610,#8611,#8612,#8613,#8614,
    #8615,#8616,#8617,#8618,#8619,#8620,#8621,#8622,#8623,#8624,#8625,
    #8626,#8627,#8628,#8629,#8630,#8631,#8632,#8633,#8634,#8635,#8636,
    #8637,#8638,#8639,#8640,#8641,#8642,#8643,#8644,#8645,#8646,#8647,
    #8648,#8649,#8650,#8651,#8652,#8653,#8654,#8655,#8656,#8657,#8658,
    #8659,#8660,#8661,#8662,#8663,#8664,#8665,#8666,#8667,#8668,#8669,
    #8670,#8671,#8672,#8673,#8674,#8675,#8676,#8677,#8678,#8679,#8680,
    #8681,#8682,#8683,#8684,#8685,#8686,#8687,#8688,#8689,#8690,#8691,
    #8692,#8693,#8694,#8695,#8696,#8697,#8698,#8699,#8700,#8701,#8702,
    #8703),.UNSPECIFIED.,.F.,.F.,(8,6,6,6,6,6,6,6,6,6,6,6,6,6,6,6,6,6,6,
    6,6,6,6,6,6,6,6,6,6,6,8),(0.,3.356617520966E-02,5.431838495472E-02,
    8.00858554245E-02,9.974478047667E-02,0.114643601147,0.155246003371,
    0.201143264803,0.249789380498,0.298453152175,0.34433829059,
    0.419535767124,0.445242523864,0.466027359778,0.477219802409,
    0.499734591819,0.522219555413,0.533360822239,0.554135082554,
    0.579929932642,0.599609746583,0.614524398222,0.655169944266,
    0.701115974972,0.74981378035,0.798529260472,0.844463154846,
    0.919740533608,0.945474605456,0.966281526617,1.),.UNSPECIFIED.);
#8522 = CARTESIAN_POINT('',(0.,57.));
#8523 = CARTESIAN_POINT('',(3.78957304942E-02,57.));
#8524 = CARTESIAN_POINT('',(7.573003966007E-02,57.028450844257));
#8525 = CARTESIAN_POINT('',(0.113402791005,57.085186137397));
#8526 = CARTESIAN_POINT('',(0.150813574683,57.169285793606));
#8527 = CARTESIAN_POINT('',(0.187857358362,57.279085017206));
#8528 = CARTESIAN_POINT('',(0.224419924262,57.412224160917));
#8529 = CARTESIAN_POINT('',(0.282601054907,57.660649939499));
#8530 = CARTESIAN_POINT('',(0.304615419454,57.763431355619));
#8531 = CARTESIAN_POINT('',(0.326414383337,57.873532640128));
#8532 = CARTESIAN_POINT('',(0.347995370413,57.990384793954));
#8533 = CARTESIAN_POINT('',(0.369354989293,58.113404607571));
#8534 = CARTESIAN_POINT('',(0.390488991567,58.241998379574));
#8535 = CARTESIAN_POINT('',(0.437347228883,58.54141256716));
#8536 = CARTESIAN_POINT('',(0.462951399103,58.714959011472));
#8537 = CARTESIAN_POINT('',(0.488218833902,58.895215690773));
#8538 = CARTESIAN_POINT('',(0.513162421751,59.081236920219));
#8539 = CARTESIAN_POINT('',(0.5377942559,59.272122993834));
#8540 = CARTESIAN_POINT('',(0.562126043893,59.467022570791));
#8541 = CARTESIAN_POINT('',(0.604513142922,59.816282168491));
#8542 = CARTESIAN_POINT('',(0.622691576367,59.969321084399));
#8543 = CARTESIAN_POINT('',(0.640712331376,60.123917038185));
#8544 = CARTESIAN_POINT('',(0.658582707782,60.279752663002));
#8545 = CARTESIAN_POINT('',(0.676309908365,60.436527499985));
#8546 = CARTESIAN_POINT('',(0.693901155928,60.593957501836));
#8547 = CARTESIAN_POINT('',(0.724598153368,60.871378619066));
#8548 = CARTESIAN_POINT('',(0.737758595039,60.991204397516));
#8549 = CARTESIAN_POINT('',(0.750848283213,61.111135170895));
#8550 = CARTESIAN_POINT('',(0.763870302596,61.231057829697));
#8551 = CARTESIAN_POINT('',(0.776827674775,61.350862855773));
#8552 = CARTESIAN_POINT('',(0.789723358218,61.470444322336));
#8553 = CARTESIAN_POINT('',(0.83754345834,61.914696267394));
#8554 = CARTESIAN_POINT('',(0.872097465077,62.237339327728));
#8555 = CARTESIAN_POINT('',(0.906273532092,62.555482604255));
#8556 = CARTESIAN_POINT('',(0.940121261283,62.867148801077));
#8557 = CARTESIAN_POINT('',(0.973689140788,63.170495807775));
#8558 = CARTESIAN_POINT('',(1.007025092929,63.463782710081));
#8559 = CARTESIAN_POINT('',(1.077652212778,64.063605535659));
#8560 = CARTESIAN_POINT('',(1.114899984678,64.366947652892));
#8561 = CARTESIAN_POINT('',(1.151957990266,64.652671032499));
#8562 = CARTESIAN_POINT('',(1.188864106364,64.918261402885));
#8563 = CARTESIAN_POINT('',(1.225657086552,65.161400777445));
#8564 = CARTESIAN_POINT('',(1.262377213522,65.3799868914));
#8565 = CARTESIAN_POINT('',(1.337954091494,65.775827474127));
#8566 = CARTESIAN_POINT('',(1.376808025286,65.949827471095));
#8567 = CARTESIAN_POINT('',(1.415629815502,66.091669113479));
#8568 = CARTESIAN_POINT('',(1.45442700326,66.199409976806));
#8569 = CARTESIAN_POINT('',(1.493211089849,66.271716196653));
#8570 = CARTESIAN_POINT('',(1.531995828585,66.307895450093));
#8571 = CARTESIAN_POINT('',(1.609610907546,66.307895450093));
#8572 = CARTESIAN_POINT('',(1.648409710455,66.271689929696));
#8573 = CARTESIAN_POINT('',(1.687207864128,66.199331255494));
#8574 = CARTESIAN_POINT('',(1.726019140115,66.091512734376));
#8575 = CARTESIAN_POINT('',(1.764855053911,65.949570126302));
#8576 = CARTESIAN_POINT('',(1.803723153876,65.775448596154));
#8577 = CARTESIAN_POINT('',(1.879304629995,65.379459078297));
#8578 = CARTESIAN_POINT('',(1.916015309393,65.160879724496));
#8579 = CARTESIAN_POINT('',(1.952798929359,64.917762965899));
#8580 = CARTESIAN_POINT('',(1.989695705258,64.652209820986));
#8581 = CARTESIAN_POINT('',(2.026744325349,64.36653693707));
#8582 = CARTESIAN_POINT('',(2.063982601386,64.063257123299));
#8583 = CARTESIAN_POINT('',(2.16284735426,63.223591925039));
#8584 = CARTESIAN_POINT('',(2.224804412626,62.662506169072));
#8585 = CARTESIAN_POINT('',(2.287680289538,62.072091298272));
#8586 = CARTESIAN_POINT('',(2.351822505928,61.463252859471));
#8587 = CARTESIAN_POINT('',(2.417580115375,60.848445251091));
#8588 = CARTESIAN_POINT('',(2.485308426182,60.242877203819));
#8589 = CARTESIAN_POINT('',(2.579360822419,59.467889575249));
#8590 = CARTESIAN_POINT('',(2.603608268922,59.273641581595));
#8591 = CARTESIAN_POINT('',(2.62815364258,59.083376611065));
#8592 = CARTESIAN_POINT('',(2.653008555953,58.897936892932));
#8593 = CARTESIAN_POINT('',(2.678185000608,58.718212413138));
#8594 = CARTESIAN_POINT('',(2.703695750172,58.54513858205));
#8595 = CARTESIAN_POINT('',(2.750462704132,58.24592593769));
#8596 = CARTESIAN_POINT('',(2.771601643175,58.117124098926));
#8597 = CARTESIAN_POINT('',(2.792966459552,57.993889457977));
#8598 = CARTESIAN_POINT('',(2.814552930283,57.876816445543));
#8599 = CARTESIAN_POINT('',(2.836357689303,57.766489129502));
#8600 = CARTESIAN_POINT('',(2.8583781864,57.66347749344));
#8601 = CARTESIAN_POINT('',(2.89258569784,57.517099667244));
#8602 = CARTESIAN_POINT('',(2.904619192757,57.468153784517));
#8603 = CARTESIAN_POINT('',(2.916710384283,57.42159200439));
#8604 = CARTESIAN_POINT('',(2.928856626255,57.377504932794));
#8605 = CARTESIAN_POINT('',(2.941055372954,57.335977844213));
#8606 = CARTESIAN_POINT('',(2.953304179099,57.297090681681));
#8607 = CARTESIAN_POINT('',(2.990336459908,57.188152972452));
#8608 = CARTESIAN_POINT('',(3.015273725137,57.126347074536));
#8609 = CARTESIAN_POINT('',(3.040371003741,57.076185161792));
#8610 = CARTESIAN_POINT('',(3.065589040225,57.038194866763));
#8611 = CARTESIAN_POINT('',(3.090890048713,57.01273692804));
#8612 = CARTESIAN_POINT('',(3.116236955893,57.));
#8613 = CARTESIAN_POINT('',(3.166914762058,57.));
#8614 = CARTESIAN_POINT('',(3.192228089449,57.012703204646));
#8615 = CARTESIAN_POINT('',(3.21749567495,57.038093734778));
#8616 = CARTESIAN_POINT('',(3.242680591701,57.075983887842));
#8617 = CARTESIAN_POINT('',(3.267745204454,57.12601478427));
#8618 = CARTESIAN_POINT('',(3.292650417481,57.187661515271));
#8619 = CARTESIAN_POINT('',(3.329595954266,57.296206709354));
#8620 = CARTESIAN_POINT('',(3.341789767816,57.334861428997));
#8621 = CARTESIAN_POINT('',(3.35393403365,57.376133416723));
#8622 = CARTESIAN_POINT('',(3.366026332632,57.419943883945));
#8623 = CARTESIAN_POINT('',(3.378064146215,57.466208787751));
#8624 = CARTESIAN_POINT('',(3.390044856443,57.514838830897));
#8625 = CARTESIAN_POINT('',(3.424193708503,57.660649939529));
#8626 = CARTESIAN_POINT('',(3.446208073044,57.763431355626));
#8627 = CARTESIAN_POINT('',(3.468007036921,57.873532640102));
#8628 = CARTESIAN_POINT('',(3.489588023997,57.990384793923));
#8629 = CARTESIAN_POINT('',(3.510947642884,58.113404607575));
#8630 = CARTESIAN_POINT('',(3.532081645164,58.24199837962));
#8631 = CARTESIAN_POINT('',(3.578939882471,58.541412567152));
#8632 = CARTESIAN_POINT('',(3.604544052693,58.714959011471));
#8633 = CARTESIAN_POINT('',(3.629811487493,58.895215690779));
#8634 = CARTESIAN_POINT('',(3.654755075341,59.081236920227));
#8635 = CARTESIAN_POINT('',(3.67938690949,59.272122993835));
#8636 = CARTESIAN_POINT('',(3.703718697482,59.467022570784));
#8637 = CARTESIAN_POINT('',(3.746105796512,59.816282168492));
#8638 = CARTESIAN_POINT('',(3.764284229957,59.969321084401));
#8639 = CARTESIAN_POINT('',(3.782304984966,60.123917038186));
#8640 = CARTESIAN_POINT('',(3.800175361372,60.279752663002));
#8641 = CARTESIAN_POINT('',(3.817902561955,60.436527499985));
#8642 = CARTESIAN_POINT('',(3.835493809518,60.593957501837));
#8643 = CARTESIAN_POINT('',(3.866190806958,60.871378619067));
#8644 = CARTESIAN_POINT('',(3.879351248629,60.991204397518));
#8645 = CARTESIAN_POINT('',(3.892440936803,61.111135170897));
#8646 = CARTESIAN_POINT('',(3.905462956186,61.231057829698));
#8647 = CARTESIAN_POINT('',(3.918420328365,61.350862855775));
#8648 = CARTESIAN_POINT('',(3.931316011808,61.470444322338));
#8649 = CARTESIAN_POINT('',(3.979136112895,61.914696276356));
#8650 = CARTESIAN_POINT('',(4.013690117722,62.237339319312));
#8651 = CARTESIAN_POINT('',(4.047866184912,62.555482597101));
#8652 = CARTESIAN_POINT('',(4.081713915622,62.867148807501));
#8653 = CARTESIAN_POINT('',(4.115281795329,63.170495816359));
#8654 = CARTESIAN_POINT('',(4.148617745585,63.463782702152));
#8655 = CARTESIAN_POINT('',(4.219244866752,64.06360553892));
#8656 = CARTESIAN_POINT('',(4.256492637884,64.366947650286));
#8657 = CARTESIAN_POINT('',(4.293550643541,64.652671029856));
#8658 = CARTESIAN_POINT('',(4.330456760253,64.918261404538));
#8659 = CARTESIAN_POINT('',(4.36724974054,65.161400780317));
#8660 = CARTESIAN_POINT('',(4.40396986677,65.37998688961));
#8661 = CARTESIAN_POINT('',(4.479546745084,65.775827474131));
#8662 = CARTESIAN_POINT('',(4.518400678876,65.949827471096));
#8663 = CARTESIAN_POINT('',(4.557222469092,66.09166911348));
#8664 = CARTESIAN_POINT('',(4.596019656851,66.199409976807));
#8665 = CARTESIAN_POINT('',(4.634803743439,66.271716196653));
#8666 = CARTESIAN_POINT('',(4.673588482175,66.307895450093));
#8667 = CARTESIAN_POINT('',(4.751203561136,66.307895450093));
#8668 = CARTESIAN_POINT('',(4.790002364045,66.271689929696));
#8669 = CARTESIAN_POINT('',(4.828800517718,66.199331255494));
#8670 = CARTESIAN_POINT('',(4.867611793705,66.091512734375));
#8671 = CARTESIAN_POINT('',(4.906447707501,65.949570126302));
#8672 = CARTESIAN_POINT('',(4.945315807466,65.775448596155));
#8673 = CARTESIAN_POINT('',(5.020897283581,65.379459078316));
#8674 = CARTESIAN_POINT('',(5.057607962982,65.160879724503));
#8675 = CARTESIAN_POINT('',(5.094391582952,64.917762965882));
#8676 = CARTESIAN_POINT('',(5.131288358851,64.652209820961));
#8677 = CARTESIAN_POINT('',(5.168336978938,64.366536937069));
#8678 = CARTESIAN_POINT('',(5.205575254972,64.063257123333));
#8679 = CARTESIAN_POINT('',(5.30444000785,63.223591925039));
#8680 = CARTESIAN_POINT('',(5.366397066216,62.66250616908));
#8681 = CARTESIAN_POINT('',(5.429272943128,62.072091298262));
#8682 = CARTESIAN_POINT('',(5.493415159517,61.463252859487));
#8683 = CARTESIAN_POINT('',(5.559172768965,60.848445251088));
#8684 = CARTESIAN_POINT('',(5.626901079772,60.242877203824));
#8685 = CARTESIAN_POINT('',(5.72095347601,59.467889575243));
#8686 = CARTESIAN_POINT('',(5.745200922512,59.273641581599));
#8687 = CARTESIAN_POINT('',(5.769746296168,59.083376611076));
#8688 = CARTESIAN_POINT('',(5.794601209541,58.897936892942));
#8689 = CARTESIAN_POINT('',(5.819777654197,58.71821241314));
#8690 = CARTESIAN_POINT('',(5.845288403762,58.545138582046));
#8691 = CARTESIAN_POINT('',(5.892055357721,58.245925937694));
#8692 = CARTESIAN_POINT('',(5.913194296764,58.11712409893));
#8693 = CARTESIAN_POINT('',(5.934559113141,57.993889457981));
#8694 = CARTESIAN_POINT('',(5.956145583872,57.876816445547));
#8695 = CARTESIAN_POINT('',(5.977950342892,57.766489129506));
#8696 = CARTESIAN_POINT('',(5.999970839989,57.663477493445));
#8697 = CARTESIAN_POINT('',(6.058237158214,57.414149300798));
#8698 = CARTESIAN_POINT('',(6.094882153443,57.280407810963));
#8699 = CARTESIAN_POINT('',(6.132011355576,57.170097365264));
#8700 = CARTESIAN_POINT('',(6.169509932679,57.085597854286));
#8701 = CARTESIAN_POINT('',(6.207272328086,57.028589035981));
#8702 = CARTESIAN_POINT('',(6.245197654835,57.));
#8703 = CARTESIAN_POINT('',(6.28318530718,57.));
#8704 = ( GEOMETRIC_REPRESENTATION_CONTEXT(2) 
PARAMETRIC_REPRESENTATION_CONTEXT() REPRESENTATION_CONTEXT('2D SPACE',''
  ) );
#8705 = ADVANCED_FACE('',(#8706),#6629,.F.);
#8706 = FACE_BOUND('',#8707,.F.);
#8707 = EDGE_LOOP('',(#8708,#8709,#8736));
#8708 = ORIENTED_EDGE('',*,*,#7255,.F.);
#8709 = ORIENTED_EDGE('',*,*,#8710,.T.);
#8710 = EDGE_CURVE('',#7256,#6221,#8711,.T.);
#8711 = SURFACE_CURVE('',#8712,(#8717,#8724),.PCURVE_S1.);
#8712 = CIRCLE('',#8713,30.);
#8713 = AXIS2_PLACEMENT_3D('',#8714,#8715,#8716);
#8714 = CARTESIAN_POINT('',(43.692104549907,0.,1.01278E+03));
#8715 = DIRECTION('',(1.,0.,-0.));
#8716 = DIRECTION('',(0.,0.,1.));
#8717 = PCURVE('',#6629,#8718);
#8718 = DEFINITIONAL_REPRESENTATION('',(#8719),#8723);
#8719 = LINE('',#8720,#8721);
#8720 = CARTESIAN_POINT('',(0.,0.));
#8721 = VECTOR('',#8722,1.);
#8722 = DIRECTION('',(1.,0.));
#8723 = ( GEOMETRIC_REPRESENTATION_CONTEXT(2) 
PARAMETRIC_REPRESENTATION_CONTEXT() REPRESENTATION_CONTEXT('2D SPACE',''
  ) );
#8724 = PCURVE('',#8725,#8730);
#8725 = PLANE('',#8726);
#8726 = AXIS2_PLACEMENT_3D('',#8727,#8728,#8729);
#8727 = CARTESIAN_POINT('',(43.692104549907,0.,1.01278E+03));
#8728 = DIRECTION('',(1.,0.,0.));
#8729 = DIRECTION('',(0.,0.,1.));
#8730 = DEFINITIONAL_REPRESENTATION('',(#8731),#8735);
#8731 = CIRCLE('',#8732,30.);
#8732 = AXIS2_PLACEMENT_2D('',#8733,#8734);
#8733 = CARTESIAN_POINT('',(0.,0.));
#8734 = DIRECTION('',(1.,0.));
#8735 = ( GEOMETRIC_REPRESENTATION_CONTEXT(2) 
PARAMETRIC_REPRESENTATION_CONTEXT() REPRESENTATION_CONTEXT('2D SPACE',''
  ) );
#8736 = ORIENTED_EDGE('',*,*,#6449,.F.);
#8737 = ADVANCED_FACE('',(#8738),#6402,.F.);
#8738 = FACE_BOUND('',#8739,.F.);
#8739 = EDGE_LOOP('',(#8740,#8741,#8742));
#8740 = ORIENTED_EDGE('',*,*,#7527,.F.);
#8741 = ORIENTED_EDGE('',*,*,#6220,.F.);
#8742 = ORIENTED_EDGE('',*,*,#8743,.F.);
#8743 = EDGE_CURVE('',#7256,#6221,#8744,.T.);
#8744 = SURFACE_CURVE('',#8745,(#8750,#8757),.PCURVE_S1.);
#8745 = CIRCLE('',#8746,30.);
#8746 = AXIS2_PLACEMENT_3D('',#8747,#8748,#8749);
#8747 = CARTESIAN_POINT('',(43.692104549907,0.,1.01278E+03));
#8748 = DIRECTION('',(-1.,0.,0.));
#8749 = DIRECTION('',(0.,-1.,0.));
#8750 = PCURVE('',#6402,#8751);
#8751 = DEFINITIONAL_REPRESENTATION('',(#8752),#8756);
#8752 = LINE('',#8753,#8754);
#8753 = CARTESIAN_POINT('',(7.853981633974,0.));
#8754 = VECTOR('',#8755,1.);
#8755 = DIRECTION('',(-1.,-0.));
#8756 = ( GEOMETRIC_REPRESENTATION_CONTEXT(2) 
PARAMETRIC_REPRESENTATION_CONTEXT() REPRESENTATION_CONTEXT('2D SPACE',''
  ) );
#8757 = PCURVE('',#8725,#8758);
#8758 = DEFINITIONAL_REPRESENTATION('',(#8759),#8767);
#8759 = ( BOUNDED_CURVE() B_SPLINE_CURVE(2,(#8760,#8761,#8762,#8763,
#8764,#8765,#8766),.UNSPECIFIED.,.T.,.F.) B_SPLINE_CURVE_WITH_KNOTS((1,2
    ,2,2,2,1),(-2.094395102393,0.,2.094395102393,4.188790204786,
6.28318530718,8.377580409573),.UNSPECIFIED.) CURVE() 
GEOMETRIC_REPRESENTATION_ITEM() RATIONAL_B_SPLINE_CURVE((1.,0.5,1.,0.5,
1.,0.5,1.)) REPRESENTATION_ITEM('') );
#8760 = CARTESIAN_POINT('',(0.,30.));
#8761 = CARTESIAN_POINT('',(51.961524227066,30.));
#8762 = CARTESIAN_POINT('',(25.980762113533,-15.));
#8763 = CARTESIAN_POINT('',(7.347880794884E-15,-60.));
#8764 = CARTESIAN_POINT('',(-25.98076211353,-15.));
#8765 = CARTESIAN_POINT('',(-51.96152422706,30.));
#8766 = CARTESIAN_POINT('',(0.,30.));
#8767 = ( GEOMETRIC_REPRESENTATION_CONTEXT(2) 
PARAMETRIC_REPRESENTATION_CONTEXT() REPRESENTATION_CONTEXT('2D SPACE',''
  ) );
#8768 = ADVANCED_FACE('',(#8769,#8817),#6743,.F.);
#8769 = FACE_BOUND('',#8770,.F.);
#8770 = EDGE_LOOP('',(#8771,#8794,#8815,#8816));
#8771 = ORIENTED_EDGE('',*,*,#8772,.T.);
#8772 = EDGE_CURVE('',#6729,#8773,#8775,.T.);
#8773 = VERTEX_POINT('',#8774);
#8774 = CARTESIAN_POINT('',(28.43241741755,290.,1.035858077038E+03));
#8775 = SURFACE_CURVE('',#8776,(#8780,#8787),.PCURVE_S1.);
#8776 = LINE('',#8777,#8778);
#8777 = CARTESIAN_POINT('',(28.43241741755,235.,1.035858077038E+03));
#8778 = VECTOR('',#8779,1.);
#8779 = DIRECTION('',(0.,1.,0.));
#8780 = PCURVE('',#6743,#8781);
#8781 = DEFINITIONAL_REPRESENTATION('',(#8782),#8786);
#8782 = LINE('',#8783,#8784);
#8783 = CARTESIAN_POINT('',(0.,0.));
#8784 = VECTOR('',#8785,1.);
#8785 = DIRECTION('',(0.,-1.));
#8786 = ( GEOMETRIC_REPRESENTATION_CONTEXT(2) 
PARAMETRIC_REPRESENTATION_CONTEXT() REPRESENTATION_CONTEXT('2D SPACE',''
  ) );
#8787 = PCURVE('',#7210,#8788);
#8788 = DEFINITIONAL_REPRESENTATION('',(#8789),#8793);
#8789 = LINE('',#8790,#8791);
#8790 = CARTESIAN_POINT('',(42.,0.));
#8791 = VECTOR('',#8792,1.);
#8792 = DIRECTION('',(0.,-1.));
#8793 = ( GEOMETRIC_REPRESENTATION_CONTEXT(2) 
PARAMETRIC_REPRESENTATION_CONTEXT() REPRESENTATION_CONTEXT('2D SPACE',''
  ) );
#8794 = ORIENTED_EDGE('',*,*,#8795,.T.);
#8795 = EDGE_CURVE('',#8773,#6932,#8796,.T.);
#8796 = SURFACE_CURVE('',#8797,(#8801,#8808),.PCURVE_S1.);
#8797 = LINE('',#8798,#8799);
#8798 = CARTESIAN_POINT('',(28.43241741755,290.,1.035858077038E+03));
#8799 = VECTOR('',#8800,1.);
#8800 = DIRECTION('',(-0.274670324175,0.,-0.961538461538));
#8801 = PCURVE('',#6743,#8802);
#8802 = DEFINITIONAL_REPRESENTATION('',(#8803),#8807);
#8803 = LINE('',#8804,#8805);
#8804 = CARTESIAN_POINT('',(0.,-55.));
#8805 = VECTOR('',#8806,1.);
#8806 = DIRECTION('',(1.,0.));
#8807 = ( GEOMETRIC_REPRESENTATION_CONTEXT(2) 
PARAMETRIC_REPRESENTATION_CONTEXT() REPRESENTATION_CONTEXT('2D SPACE',''
  ) );
#8808 = PCURVE('',#6970,#8809);
#8809 = DEFINITIONAL_REPRESENTATION('',(#8810),#8814);
#8810 = LINE('',#8811,#8812);
#8811 = CARTESIAN_POINT('',(23.078077038485,28.432417417549));
#8812 = VECTOR('',#8813,1.);
#8813 = DIRECTION('',(-0.961538461538,-0.274670324175));
#8814 = ( GEOMETRIC_REPRESENTATION_CONTEXT(2) 
PARAMETRIC_REPRESENTATION_CONTEXT() REPRESENTATION_CONTEXT('2D SPACE',''
  ) );
#8815 = ORIENTED_EDGE('',*,*,#6931,.F.);
#8816 = ORIENTED_EDGE('',*,*,#6728,.F.);
#8817 = FACE_BOUND('',#8818,.F.);
#8818 = EDGE_LOOP('',(#8819));
#8819 = ORIENTED_EDGE('',*,*,#8820,.T.);
#8820 = EDGE_CURVE('',#8821,#8821,#8823,.T.);
#8821 = VERTEX_POINT('',#8822);
#8822 = CARTESIAN_POINT('',(22.66434060988,260.,1.015665769346E+03));
#8823 = SURFACE_CURVE('',#8824,(#8829,#8840),.PCURVE_S1.);
#8824 = CIRCLE('',#8825,9.);
#8825 = AXIS2_PLACEMENT_3D('',#8826,#8827,#8828);
#8826 = CARTESIAN_POINT('',(20.192307692308,260.,1.007011923192E+03));
#8827 = DIRECTION('',(0.961538461538,0.,-0.274670324175));
#8828 = DIRECTION('',(0.274670324175,0.,0.961538461538));
#8829 = PCURVE('',#6743,#8830);
#8830 = DEFINITIONAL_REPRESENTATION('',(#8831),#8839);
#8831 = ( BOUNDED_CURVE() B_SPLINE_CURVE(2,(#8832,#8833,#8834,#8835,
#8836,#8837,#8838),.UNSPECIFIED.,.T.,.F.) B_SPLINE_CURVE_WITH_KNOTS((1,2
    ,2,2,2,1),(-2.094395102393,0.,2.094395102393,4.188790204786,
6.28318530718,8.377580409573),.UNSPECIFIED.) CURVE() 
GEOMETRIC_REPRESENTATION_ITEM() RATIONAL_B_SPLINE_CURVE((1.,0.5,1.,0.5,
1.,0.5,1.)) REPRESENTATION_ITEM('') );
#8832 = CARTESIAN_POINT('',(21.,-25.));
#8833 = CARTESIAN_POINT('',(21.,-9.41154273188));
#8834 = CARTESIAN_POINT('',(34.5,-17.20577136594));
#8835 = CARTESIAN_POINT('',(48.,-25.));
#8836 = CARTESIAN_POINT('',(34.5,-32.79422863406));
#8837 = CARTESIAN_POINT('',(21.,-40.58845726812));
#8838 = CARTESIAN_POINT('',(21.,-25.));
#8839 = ( GEOMETRIC_REPRESENTATION_CONTEXT(2) 
PARAMETRIC_REPRESENTATION_CONTEXT() REPRESENTATION_CONTEXT('2D SPACE',''
  ) );
#8840 = PCURVE('',#8841,#8846);
#8841 = CYLINDRICAL_SURFACE('',#8842,9.);
#8842 = AXIS2_PLACEMENT_3D('',#8843,#8844,#8845);
#8843 = CARTESIAN_POINT('',(-48.07692307692,260.,1.026513516209E+03));
#8844 = DIRECTION('',(0.961538461538,0.,-0.274670324175));
#8845 = DIRECTION('',(0.274670324175,0.,0.961538461538));
#8846 = DEFINITIONAL_REPRESENTATION('',(#8847),#8851);
#8847 = LINE('',#8848,#8849);
#8848 = CARTESIAN_POINT('',(0.,71.));
#8849 = VECTOR('',#8850,1.);
#8850 = DIRECTION('',(1.,0.));
#8851 = ( GEOMETRIC_REPRESENTATION_CONTEXT(2) 
PARAMETRIC_REPRESENTATION_CONTEXT() REPRESENTATION_CONTEXT('2D SPACE',''
  ) );
#8852 = ADVANCED_FACE('',(#8853),#7023,.F.);
#8853 = FACE_BOUND('',#8854,.F.);
#8854 = EDGE_LOOP('',(#8855,#8856,#8879,#8905,#8933,#8954));
#8855 = ORIENTED_EDGE('',*,*,#7008,.T.);
#8856 = ORIENTED_EDGE('',*,*,#8857,.T.);
#8857 = EDGE_CURVE('',#6983,#8858,#8860,.T.);
#8858 = VERTEX_POINT('',#8859);
#8859 = CARTESIAN_POINT('',(18.817032802165,246.,1.03860478028E+03));
#8860 = SURFACE_CURVE('',#8861,(#8865,#8872),.PCURVE_S1.);
#8861 = LINE('',#8862,#8863);
#8862 = CARTESIAN_POINT('',(-3.156593131813,246.,961.68170335715));
#8863 = VECTOR('',#8864,1.);
#8864 = DIRECTION('',(0.274670324175,0.,0.961538461538));
#8865 = PCURVE('',#7023,#8866);
#8866 = DEFINITIONAL_REPRESENTATION('',(#8867),#8871);
#8867 = LINE('',#8868,#8869);
#8868 = CARTESIAN_POINT('',(6.28318530718,-0.));
#8869 = VECTOR('',#8870,1.);
#8870 = DIRECTION('',(0.,1.));
#8871 = ( GEOMETRIC_REPRESENTATION_CONTEXT(2) 
PARAMETRIC_REPRESENTATION_CONTEXT() REPRESENTATION_CONTEXT('2D SPACE',''
  ) );
#8872 = PCURVE('',#6997,#8873);
#8873 = DEFINITIONAL_REPRESENTATION('',(#8874),#8878);
#8874 = LINE('',#8875,#8876);
#8875 = CARTESIAN_POINT('',(0.,50.));
#8876 = VECTOR('',#8877,1.);
#8877 = DIRECTION('',(0.,-1.));
#8878 = ( GEOMETRIC_REPRESENTATION_CONTEXT(2) 
PARAMETRIC_REPRESENTATION_CONTEXT() REPRESENTATION_CONTEXT('2D SPACE',''
  ) );
#8879 = ORIENTED_EDGE('',*,*,#8880,.F.);
#8880 = EDGE_CURVE('',#7196,#8858,#8881,.T.);
#8881 = SURFACE_CURVE('',#8882,(#8887,#8894),.PCURVE_S1.);
#8882 = CIRCLE('',#8883,11.);
#8883 = AXIS2_PLACEMENT_3D('',#8884,#8885,#8886);
#8884 = CARTESIAN_POINT('',(8.240109725242,246.,1.041626153846E+03));
#8885 = DIRECTION('',(0.274670324175,0.,0.961538461538));
#8886 = DIRECTION('',(0.961538461538,0.,-0.274670324175));
#8887 = PCURVE('',#7023,#8888);
#8888 = DEFINITIONAL_REPRESENTATION('',(#8889),#8893);
#8889 = LINE('',#8890,#8891);
#8890 = CARTESIAN_POINT('',(0.,80.));
#8891 = VECTOR('',#8892,1.);
#8892 = DIRECTION('',(1.,0.));
#8893 = ( GEOMETRIC_REPRESENTATION_CONTEXT(2) 
PARAMETRIC_REPRESENTATION_CONTEXT() REPRESENTATION_CONTEXT('2D SPACE',''
  ) );
#8894 = PCURVE('',#7210,#8895);
#8895 = DEFINITIONAL_REPRESENTATION('',(#8896),#8904);
#8896 = ( BOUNDED_CURVE() B_SPLINE_CURVE(2,(#8897,#8898,#8899,#8900,
#8901,#8902,#8903),.UNSPECIFIED.,.T.,.F.) B_SPLINE_CURVE_WITH_KNOTS((1,2
    ,2,2,2,1),(-2.094395102393,0.,2.094395102393,4.188790204786,
6.28318530718,8.377580409573),.UNSPECIFIED.) CURVE() 
GEOMETRIC_REPRESENTATION_ITEM() RATIONAL_B_SPLINE_CURVE((1.,0.5,1.,0.5,
1.,0.5,1.)) REPRESENTATION_ITEM('') );
#8897 = CARTESIAN_POINT('',(32.,-11.));
#8898 = CARTESIAN_POINT('',(32.,-30.05255888325));
#8899 = CARTESIAN_POINT('',(15.5,-20.52627944162));
#8900 = CARTESIAN_POINT('',(-1.,-11.));
#8901 = CARTESIAN_POINT('',(15.5,-1.473720558371));
#8902 = CARTESIAN_POINT('',(32.,8.052558883258));
#8903 = CARTESIAN_POINT('',(32.,-11.));
#8904 = ( GEOMETRIC_REPRESENTATION_CONTEXT(2) 
PARAMETRIC_REPRESENTATION_CONTEXT() REPRESENTATION_CONTEXT('2D SPACE',''
  ) );
#8905 = ORIENTED_EDGE('',*,*,#8906,.F.);
#8906 = EDGE_CURVE('',#8907,#7196,#8909,.T.);
#8907 = VERTEX_POINT('',#8908);
#8908 = CARTESIAN_POINT('',(-2.336813351681,246.,1.044647527412E+03));
#8909 = SURFACE_CURVE('',#8910,(#8915,#8922),.PCURVE_S1.);
#8910 = CIRCLE('',#8911,11.);
#8911 = AXIS2_PLACEMENT_3D('',#8912,#8913,#8914);
#8912 = CARTESIAN_POINT('',(8.240109725242,246.,1.041626153846E+03));
#8913 = DIRECTION('',(0.274670324175,0.,0.961538461538));
#8914 = DIRECTION('',(0.961538461538,0.,-0.274670324175));
#8915 = PCURVE('',#7023,#8916);
#8916 = DEFINITIONAL_REPRESENTATION('',(#8917),#8921);
#8917 = LINE('',#8918,#8919);
#8918 = CARTESIAN_POINT('',(0.,80.));
#8919 = VECTOR('',#8920,1.);
#8920 = DIRECTION('',(1.,0.));
#8921 = ( GEOMETRIC_REPRESENTATION_CONTEXT(2) 
PARAMETRIC_REPRESENTATION_CONTEXT() REPRESENTATION_CONTEXT('2D SPACE',''
  ) );
#8922 = PCURVE('',#7235,#8923);
#8923 = DEFINITIONAL_REPRESENTATION('',(#8924),#8932);
#8924 = ( BOUNDED_CURVE() B_SPLINE_CURVE(2,(#8925,#8926,#8927,#8928,
#8929,#8930,#8931),.UNSPECIFIED.,.T.,.F.) B_SPLINE_CURVE_WITH_KNOTS((1,2
    ,2,2,2,1),(-2.094395102393,0.,2.094395102393,4.188790204786,
6.28318530718,8.377580409573),.UNSPECIFIED.) CURVE() 
GEOMETRIC_REPRESENTATION_ITEM() RATIONAL_B_SPLINE_CURVE((1.,0.5,1.,0.5,
1.,0.5,1.)) REPRESENTATION_ITEM('') );
#8925 = CARTESIAN_POINT('',(32.,-11.));
#8926 = CARTESIAN_POINT('',(32.,-30.05255888325));
#8927 = CARTESIAN_POINT('',(15.5,-20.52627944162));
#8928 = CARTESIAN_POINT('',(-1.,-11.));
#8929 = CARTESIAN_POINT('',(15.5,-1.473720558371));
#8930 = CARTESIAN_POINT('',(32.,8.052558883258));
#8931 = CARTESIAN_POINT('',(32.,-11.));
#8932 = ( GEOMETRIC_REPRESENTATION_CONTEXT(2) 
PARAMETRIC_REPRESENTATION_CONTEXT() REPRESENTATION_CONTEXT('2D SPACE',''
  ) );
#8933 = ORIENTED_EDGE('',*,*,#8934,.T.);
#8934 = EDGE_CURVE('',#8907,#7040,#8935,.T.);
#8935 = SURFACE_CURVE('',#8936,(#8940,#8947),.PCURVE_S1.);
#8936 = LINE('',#8937,#8938);
#8937 = CARTESIAN_POINT('',(16.890109340549,246.,1.11195521972E+03));
#8938 = VECTOR('',#8939,1.);
#8939 = DIRECTION('',(-0.274670324175,0.,-0.961538461538));
#8940 = PCURVE('',#7023,#8941);
#8941 = DEFINITIONAL_REPRESENTATION('',(#8942),#8946);
#8942 = LINE('',#8943,#8944);
#8943 = CARTESIAN_POINT('',(3.14159265359,150.));
#8944 = VECTOR('',#8945,1.);
#8945 = DIRECTION('',(0.,-1.));
#8946 = ( GEOMETRIC_REPRESENTATION_CONTEXT(2) 
PARAMETRIC_REPRESENTATION_CONTEXT() REPRESENTATION_CONTEXT('2D SPACE',''
  ) );
#8947 = PCURVE('',#7078,#8948);
#8948 = DEFINITIONAL_REPRESENTATION('',(#8949),#8953);
#8949 = LINE('',#8950,#8951);
#8950 = CARTESIAN_POINT('',(49.,-100.));
#8951 = VECTOR('',#8952,1.);
#8952 = DIRECTION('',(-0.,1.));
#8953 = ( GEOMETRIC_REPRESENTATION_CONTEXT(2) 
PARAMETRIC_REPRESENTATION_CONTEXT() REPRESENTATION_CONTEXT('2D SPACE',''
  ) );
#8954 = ORIENTED_EDGE('',*,*,#7039,.T.);
#8955 = ADVANCED_FACE('',(#8956,#9000),#6997,.T.);
#8956 = FACE_BOUND('',#8957,.T.);
#8957 = EDGE_LOOP('',(#8958,#8959,#8980,#8999));
#8958 = ORIENTED_EDGE('',*,*,#8857,.T.);
#8959 = ORIENTED_EDGE('',*,*,#8960,.T.);
#8960 = EDGE_CURVE('',#8858,#8961,#8963,.T.);
#8961 = VERTEX_POINT('',#8962);
#8962 = CARTESIAN_POINT('',(18.817032802165,290.,1.03860478028E+03));
#8963 = SURFACE_CURVE('',#8964,(#8968,#8974),.PCURVE_S1.);
#8964 = LINE('',#8965,#8966);
#8965 = CARTESIAN_POINT('',(18.817032802165,240.5,1.03860478028E+03));
#8966 = VECTOR('',#8967,1.);
#8967 = DIRECTION('',(0.,1.,0.));
#8968 = PCURVE('',#6997,#8969);
#8969 = DEFINITIONAL_REPRESENTATION('',(#8970),#8973);
#8970 = B_SPLINE_CURVE_WITH_KNOTS('',1,(#8971,#8972),.UNSPECIFIED.,.F.,
  .F.,(2,2),(5.5,49.5),.PIECEWISE_BEZIER_KNOTS.);
#8971 = CARTESIAN_POINT('',(0.,-30.));
#8972 = CARTESIAN_POINT('',(44.,-30.));
#8973 = ( GEOMETRIC_REPRESENTATION_CONTEXT(2) 
PARAMETRIC_REPRESENTATION_CONTEXT() REPRESENTATION_CONTEXT('2D SPACE',''
  ) );
#8974 = PCURVE('',#7210,#8975);
#8975 = DEFINITIONAL_REPRESENTATION('',(#8976),#8979);
#8976 = B_SPLINE_CURVE_WITH_KNOTS('',1,(#8977,#8978),.UNSPECIFIED.,.F.,
  .F.,(2,2),(5.5,49.5),.PIECEWISE_BEZIER_KNOTS.);
#8977 = CARTESIAN_POINT('',(32.,-11.));
#8978 = CARTESIAN_POINT('',(32.,-55.));
#8979 = ( GEOMETRIC_REPRESENTATION_CONTEXT(2) 
PARAMETRIC_REPRESENTATION_CONTEXT() REPRESENTATION_CONTEXT('2D SPACE',''
  ) );
#8980 = ORIENTED_EDGE('',*,*,#8981,.F.);
#8981 = EDGE_CURVE('',#6955,#8961,#8982,.T.);
#8982 = SURFACE_CURVE('',#8983,(#8987,#8993),.PCURVE_S1.);
#8983 = LINE('',#8984,#8985);
#8984 = CARTESIAN_POINT('',(10.576923076923,290.,1.009758626434E+03));
#8985 = VECTOR('',#8986,1.);
#8986 = DIRECTION('',(0.274670324175,-0.,0.961538461538));
#8987 = PCURVE('',#6997,#8988);
#8988 = DEFINITIONAL_REPRESENTATION('',(#8989),#8992);
#8989 = B_SPLINE_CURVE_WITH_KNOTS('',1,(#8990,#8991),.UNSPECIFIED.,.F.,
  .F.,(2,2),(-32.85657137141,39.141028388535),.PIECEWISE_BEZIER_KNOTS.);
#8990 = CARTESIAN_POINT('',(44.,32.856571371417));
#8991 = CARTESIAN_POINT('',(44.,-39.14102838853));
#8992 = ( GEOMETRIC_REPRESENTATION_CONTEXT(2) 
PARAMETRIC_REPRESENTATION_CONTEXT() REPRESENTATION_CONTEXT('2D SPACE',''
  ) );
#8993 = PCURVE('',#6970,#8994);
#8994 = DEFINITIONAL_REPRESENTATION('',(#8995),#8998);
#8995 = B_SPLINE_CURVE_WITH_KNOTS('',1,(#8996,#8997),.UNSPECIFIED.,.F.,
  .F.,(2,2),(-32.85657137141,39.141028388535),.PIECEWISE_BEZIER_KNOTS.);
#8996 = CARTESIAN_POINT('',(-34.61423065382,1.552197967066));
#8997 = CARTESIAN_POINT('',(34.614230653823,21.327802032934));
#8998 = ( GEOMETRIC_REPRESENTATION_CONTEXT(2) 
PARAMETRIC_REPRESENTATION_CONTEXT() REPRESENTATION_CONTEXT('2D SPACE',''
  ) );
#8999 = ORIENTED_EDGE('',*,*,#6982,.T.);
#9000 = FACE_BOUND('',#9001,.T.);
#9001 = EDGE_LOOP('',(#9002));
#9002 = ORIENTED_EDGE('',*,*,#9003,.T.);
#9003 = EDGE_CURVE('',#9004,#9004,#9006,.T.);
#9004 = VERTEX_POINT('',#9005);
#9005 = CARTESIAN_POINT('',(13.048955994496,260.,1.018412472588E+03));
#9006 = SURFACE_CURVE('',#9007,(#9012,#9023),.PCURVE_S1.);
#9007 = CIRCLE('',#9008,9.);
#9008 = AXIS2_PLACEMENT_3D('',#9009,#9010,#9011);
#9009 = CARTESIAN_POINT('',(10.576923076923,260.,1.009758626434E+03));
#9010 = DIRECTION('',(0.961538461538,0.,-0.274670324175));
#9011 = DIRECTION('',(0.274670324175,0.,0.961538461538));
#9012 = PCURVE('',#6997,#9013);
#9013 = DEFINITIONAL_REPRESENTATION('',(#9014),#9022);
#9014 = ( BOUNDED_CURVE() B_SPLINE_CURVE(2,(#9015,#9016,#9017,#9018,
#9019,#9020,#9021),.UNSPECIFIED.,.T.,.F.) B_SPLINE_CURVE_WITH_KNOTS((1,2
    ,2,2,2,1),(-2.094395102393,0.,2.094395102393,4.188790204786,
6.28318530718,8.377580409573),.UNSPECIFIED.) CURVE() 
GEOMETRIC_REPRESENTATION_ITEM() RATIONAL_B_SPLINE_CURVE((1.,0.5,1.,0.5,
1.,0.5,1.)) REPRESENTATION_ITEM('') );
#9015 = CARTESIAN_POINT('',(14.,-9.));
#9016 = CARTESIAN_POINT('',(-1.58845726812,-9.));
#9017 = CARTESIAN_POINT('',(6.20577136594,4.5));
#9018 = CARTESIAN_POINT('',(14.,18.));
#9019 = CARTESIAN_POINT('',(21.79422863406,4.5));
#9020 = CARTESIAN_POINT('',(29.58845726812,-9.));
#9021 = CARTESIAN_POINT('',(14.,-9.));
#9022 = ( GEOMETRIC_REPRESENTATION_CONTEXT(2) 
PARAMETRIC_REPRESENTATION_CONTEXT() REPRESENTATION_CONTEXT('2D SPACE',''
  ) );
#9023 = PCURVE('',#8841,#9024);
#9024 = DEFINITIONAL_REPRESENTATION('',(#9025),#9029);
#9025 = LINE('',#9026,#9027);
#9026 = CARTESIAN_POINT('',(0.,61.));
#9027 = VECTOR('',#9028,1.);
#9028 = DIRECTION('',(1.,0.));
#9029 = ( GEOMETRIC_REPRESENTATION_CONTEXT(2) 
PARAMETRIC_REPRESENTATION_CONTEXT() REPRESENTATION_CONTEXT('2D SPACE',''
  ) );
#9030 = ADVANCED_FACE('',(#9031),#6970,.T.);
#9031 = FACE_BOUND('',#9032,.T.);
#9032 = EDGE_LOOP('',(#9033,#9034,#9055,#9056));
#9033 = ORIENTED_EDGE('',*,*,#8981,.T.);
#9034 = ORIENTED_EDGE('',*,*,#9035,.T.);
#9035 = EDGE_CURVE('',#8961,#8773,#9036,.T.);
#9036 = SURFACE_CURVE('',#9037,(#9041,#9048),.PCURVE_S1.);
#9037 = LINE('',#9038,#9039);
#9038 = CARTESIAN_POINT('',(-11.95219796706,290.,1.047394230654E+03));
#9039 = VECTOR('',#9040,1.);
#9040 = DIRECTION('',(0.961538461538,0.,-0.274670324175));
#9041 = PCURVE('',#6970,#9042);
#9042 = DEFINITIONAL_REPRESENTATION('',(#9043),#9047);
#9043 = LINE('',#9044,#9045);
#9044 = CARTESIAN_POINT('',(34.614230653823,-11.95219796706));
#9045 = VECTOR('',#9046,1.);
#9046 = DIRECTION('',(-0.274670324175,0.961538461538));
#9047 = ( GEOMETRIC_REPRESENTATION_CONTEXT(2) 
PARAMETRIC_REPRESENTATION_CONTEXT() REPRESENTATION_CONTEXT('2D SPACE',''
  ) );
#9048 = PCURVE('',#7210,#9049);
#9049 = DEFINITIONAL_REPRESENTATION('',(#9050),#9054);
#9050 = LINE('',#9051,#9052);
#9051 = CARTESIAN_POINT('',(0.,-55.));
#9052 = VECTOR('',#9053,1.);
#9053 = DIRECTION('',(1.,0.));
#9054 = ( GEOMETRIC_REPRESENTATION_CONTEXT(2) 
PARAMETRIC_REPRESENTATION_CONTEXT() REPRESENTATION_CONTEXT('2D SPACE',''
  ) );
#9055 = ORIENTED_EDGE('',*,*,#8795,.T.);
#9056 = ORIENTED_EDGE('',*,*,#6954,.T.);
#9057 = ADVANCED_FACE('',(#9058,#9106),#7131,.F.);
#9058 = FACE_BOUND('',#9059,.F.);
#9059 = EDGE_LOOP('',(#9060,#9061,#9084,#9105));
#9060 = ORIENTED_EDGE('',*,*,#7117,.T.);
#9061 = ORIENTED_EDGE('',*,*,#9062,.T.);
#9062 = EDGE_CURVE('',#7090,#9063,#9065,.T.);
#9063 = VERTEX_POINT('',#9064);
#9064 = CARTESIAN_POINT('',(-11.95219796706,290.,1.047394230654E+03));
#9065 = SURFACE_CURVE('',#9066,(#9070,#9077),.PCURVE_S1.);
#9066 = LINE('',#9067,#9068);
#9067 = CARTESIAN_POINT('',(-28.43241741754,290.,989.70192296151));
#9068 = VECTOR('',#9069,1.);
#9069 = DIRECTION('',(0.274670324175,0.,0.961538461538));
#9070 = PCURVE('',#7131,#9071);
#9071 = DEFINITIONAL_REPRESENTATION('',(#9072),#9076);
#9072 = LINE('',#9073,#9074);
#9073 = CARTESIAN_POINT('',(0.,-55.));
#9074 = VECTOR('',#9075,1.);
#9075 = DIRECTION('',(1.,0.));
#9076 = ( GEOMETRIC_REPRESENTATION_CONTEXT(2) 
PARAMETRIC_REPRESENTATION_CONTEXT() REPRESENTATION_CONTEXT('2D SPACE',''
  ) );
#9077 = PCURVE('',#7105,#9078);
#9078 = DEFINITIONAL_REPRESENTATION('',(#9079),#9083);
#9079 = LINE('',#9080,#9081);
#9080 = CARTESIAN_POINT('',(-23.07807703848,-28.43241741754));
#9081 = VECTOR('',#9082,1.);
#9082 = DIRECTION('',(0.961538461538,0.274670324175));
#9083 = ( GEOMETRIC_REPRESENTATION_CONTEXT(2) 
PARAMETRIC_REPRESENTATION_CONTEXT() REPRESENTATION_CONTEXT('2D SPACE',''
  ) );
#9084 = ORIENTED_EDGE('',*,*,#9085,.F.);
#9085 = EDGE_CURVE('',#7147,#9063,#9086,.T.);
#9086 = SURFACE_CURVE('',#9087,(#9091,#9098),.PCURVE_S1.);
#9087 = LINE('',#9088,#9089);
#9088 = CARTESIAN_POINT('',(-11.95219796706,235.,1.047394230654E+03));
#9089 = VECTOR('',#9090,1.);
#9090 = DIRECTION('',(0.,1.,0.));
#9091 = PCURVE('',#7131,#9092);
#9092 = DEFINITIONAL_REPRESENTATION('',(#9093),#9097);
#9093 = LINE('',#9094,#9095);
#9094 = CARTESIAN_POINT('',(60.,0.));
#9095 = VECTOR('',#9096,1.);
#9096 = DIRECTION('',(0.,-1.));
#9097 = ( GEOMETRIC_REPRESENTATION_CONTEXT(2) 
PARAMETRIC_REPRESENTATION_CONTEXT() REPRESENTATION_CONTEXT('2D SPACE',''
  ) );
#9098 = PCURVE('',#7235,#9099);
#9099 = DEFINITIONAL_REPRESENTATION('',(#9100),#9104);
#9100 = LINE('',#9101,#9102);
#9101 = CARTESIAN_POINT('',(0.,0.));
#9102 = VECTOR('',#9103,1.);
#9103 = DIRECTION('',(0.,-1.));
#9104 = ( GEOMETRIC_REPRESENTATION_CONTEXT(2) 
PARAMETRIC_REPRESENTATION_CONTEXT() REPRESENTATION_CONTEXT('2D SPACE',''
  ) );
#9105 = ORIENTED_EDGE('',*,*,#7168,.F.);
#9106 = FACE_BOUND('',#9107,.F.);
#9107 = EDGE_LOOP('',(#9108));
#9108 = ORIENTED_EDGE('',*,*,#9109,.F.);
#9109 = EDGE_CURVE('',#9110,#9110,#9112,.T.);
#9110 = VERTEX_POINT('',#9111);
#9111 = CARTESIAN_POINT('',(-17.72027477473,260.,1.027201922962E+03));
#9112 = SURFACE_CURVE('',#9113,(#9118,#9125),.PCURVE_S1.);
#9113 = CIRCLE('',#9114,9.);
#9114 = AXIS2_PLACEMENT_3D('',#9115,#9116,#9117);
#9115 = CARTESIAN_POINT('',(-20.1923076923,260.,1.018548076808E+03));
#9116 = DIRECTION('',(0.961538461538,0.,-0.274670324175));
#9117 = DIRECTION('',(0.274670324175,0.,0.961538461538));
#9118 = PCURVE('',#7131,#9119);
#9119 = DEFINITIONAL_REPRESENTATION('',(#9120),#9124);
#9120 = CIRCLE('',#9121,9.);
#9121 = AXIS2_PLACEMENT_2D('',#9122,#9123);
#9122 = CARTESIAN_POINT('',(30.,-25.));
#9123 = DIRECTION('',(1.,0.));
#9124 = ( GEOMETRIC_REPRESENTATION_CONTEXT(2) 
PARAMETRIC_REPRESENTATION_CONTEXT() REPRESENTATION_CONTEXT('2D SPACE',''
  ) );
#9125 = PCURVE('',#9126,#9131);
#9126 = CYLINDRICAL_SURFACE('',#9127,9.);
#9127 = AXIS2_PLACEMENT_3D('',#9128,#9129,#9130);
#9128 = CARTESIAN_POINT('',(-48.07692307692,260.,1.026513516209E+03));
#9129 = DIRECTION('',(0.961538461538,0.,-0.274670324175));
#9130 = DIRECTION('',(0.274670324175,0.,0.961538461538));
#9131 = DEFINITIONAL_REPRESENTATION('',(#9132),#9136);
#9132 = LINE('',#9133,#9134);
#9133 = CARTESIAN_POINT('',(0.,29.));
#9134 = VECTOR('',#9135,1.);
#9135 = DIRECTION('',(1.,0.));
#9136 = ( GEOMETRIC_REPRESENTATION_CONTEXT(2) 
PARAMETRIC_REPRESENTATION_CONTEXT() REPRESENTATION_CONTEXT('2D SPACE',''
  ) );
#9137 = ADVANCED_FACE('',(#9138),#7105,.T.);
#9138 = FACE_BOUND('',#9139,.T.);
#9139 = EDGE_LOOP('',(#9140,#9141,#9164,#9183));
#9140 = ORIENTED_EDGE('',*,*,#9062,.T.);
#9141 = ORIENTED_EDGE('',*,*,#9142,.T.);
#9142 = EDGE_CURVE('',#9063,#9143,#9145,.T.);
#9143 = VERTEX_POINT('',#9144);
#9144 = CARTESIAN_POINT('',(-2.336813351681,290.,1.044647527412E+03));
#9145 = SURFACE_CURVE('',#9146,(#9150,#9157),.PCURVE_S1.);
#9146 = LINE('',#9147,#9148);
#9147 = CARTESIAN_POINT('',(-11.95219796706,290.,1.047394230654E+03));
#9148 = VECTOR('',#9149,1.);
#9149 = DIRECTION('',(0.961538461538,0.,-0.274670324175));
#9150 = PCURVE('',#7105,#9151);
#9151 = DEFINITIONAL_REPRESENTATION('',(#9152),#9156);
#9152 = LINE('',#9153,#9154);
#9153 = CARTESIAN_POINT('',(34.614230653823,-11.95219796706));
#9154 = VECTOR('',#9155,1.);
#9155 = DIRECTION('',(-0.274670324175,0.961538461538));
#9156 = ( GEOMETRIC_REPRESENTATION_CONTEXT(2) 
PARAMETRIC_REPRESENTATION_CONTEXT() REPRESENTATION_CONTEXT('2D SPACE',''
  ) );
#9157 = PCURVE('',#7235,#9158);
#9158 = DEFINITIONAL_REPRESENTATION('',(#9159),#9163);
#9159 = LINE('',#9160,#9161);
#9160 = CARTESIAN_POINT('',(0.,-55.));
#9161 = VECTOR('',#9162,1.);
#9162 = DIRECTION('',(1.,0.));
#9163 = ( GEOMETRIC_REPRESENTATION_CONTEXT(2) 
PARAMETRIC_REPRESENTATION_CONTEXT() REPRESENTATION_CONTEXT('2D SPACE',''
  ) );
#9164 = ORIENTED_EDGE('',*,*,#9165,.T.);
#9165 = EDGE_CURVE('',#9143,#7064,#9166,.T.);
#9166 = SURFACE_CURVE('',#9167,(#9171,#9177),.PCURVE_S1.);
#9167 = LINE('',#9168,#9169);
#9168 = CARTESIAN_POINT('',(-10.57692307692,290.,1.015801373566E+03));
#9169 = VECTOR('',#9170,1.);
#9170 = DIRECTION('',(-0.274670324175,0.,-0.961538461538));
#9171 = PCURVE('',#7105,#9172);
#9172 = DEFINITIONAL_REPRESENTATION('',(#9173),#9176);
#9173 = B_SPLINE_CURVE_WITH_KNOTS('',1,(#9174,#9175),.UNSPECIFIED.,.F.,
  .F.,(2,2),(-32.85657137141,39.141028388535),.PIECEWISE_BEZIER_KNOTS.);
#9174 = CARTESIAN_POINT('',(34.614230653823,-1.552197967066));
#9175 = CARTESIAN_POINT('',(-34.61423065382,-21.32780203293));
#9176 = ( GEOMETRIC_REPRESENTATION_CONTEXT(2) 
PARAMETRIC_REPRESENTATION_CONTEXT() REPRESENTATION_CONTEXT('2D SPACE',''
  ) );
#9177 = PCURVE('',#7078,#9178);
#9178 = DEFINITIONAL_REPRESENTATION('',(#9179),#9182);
#9179 = B_SPLINE_CURVE_WITH_KNOTS('',1,(#9180,#9181),.UNSPECIFIED.,.F.,
  .F.,(2,2),(-32.85657137141,39.141028388535),.PIECEWISE_BEZIER_KNOTS.);
#9180 = CARTESIAN_POINT('',(5.,-32.85657137141));
#9181 = CARTESIAN_POINT('',(5.,39.141028388535));
#9182 = ( GEOMETRIC_REPRESENTATION_CONTEXT(2) 
PARAMETRIC_REPRESENTATION_CONTEXT() REPRESENTATION_CONTEXT('2D SPACE',''
  ) );
#9183 = ORIENTED_EDGE('',*,*,#7089,.T.);
#9184 = ADVANCED_FACE('',(#9185,#9209),#7078,.T.);
#9185 = FACE_BOUND('',#9186,.T.);
#9186 = EDGE_LOOP('',(#9187,#9206,#9207,#9208));
#9187 = ORIENTED_EDGE('',*,*,#9188,.T.);
#9188 = EDGE_CURVE('',#9143,#8907,#9189,.T.);
#9189 = SURFACE_CURVE('',#9190,(#9194,#9200),.PCURVE_S1.);
#9190 = LINE('',#9191,#9192);
#9191 = CARTESIAN_POINT('',(-2.336813351681,265.,1.044647527412E+03));
#9192 = VECTOR('',#9193,1.);
#9193 = DIRECTION('',(0.,-1.,-0.));
#9194 = PCURVE('',#7078,#9195);
#9195 = DEFINITIONAL_REPRESENTATION('',(#9196),#9199);
#9196 = B_SPLINE_CURVE_WITH_KNOTS('',1,(#9197,#9198),.UNSPECIFIED.,.F.,
  .F.,(2,2),(-25.,19.),.PIECEWISE_BEZIER_KNOTS.);
#9197 = CARTESIAN_POINT('',(5.,-30.));
#9198 = CARTESIAN_POINT('',(49.,-30.));
#9199 = ( GEOMETRIC_REPRESENTATION_CONTEXT(2) 
PARAMETRIC_REPRESENTATION_CONTEXT() REPRESENTATION_CONTEXT('2D SPACE',''
  ) );
#9200 = PCURVE('',#7235,#9201);
#9201 = DEFINITIONAL_REPRESENTATION('',(#9202),#9205);
#9202 = B_SPLINE_CURVE_WITH_KNOTS('',1,(#9203,#9204),.UNSPECIFIED.,.F.,
  .F.,(2,2),(-25.,19.),.PIECEWISE_BEZIER_KNOTS.);
#9203 = CARTESIAN_POINT('',(10.,-55.));
#9204 = CARTESIAN_POINT('',(10.,-11.));
#9205 = ( GEOMETRIC_REPRESENTATION_CONTEXT(2) 
PARAMETRIC_REPRESENTATION_CONTEXT() REPRESENTATION_CONTEXT('2D SPACE',''
  ) );
#9206 = ORIENTED_EDGE('',*,*,#8934,.T.);
#9207 = ORIENTED_EDGE('',*,*,#7063,.T.);
#9208 = ORIENTED_EDGE('',*,*,#9165,.F.);
#9209 = FACE_BOUND('',#9210,.T.);
#9210 = EDGE_LOOP('',(#9211));
#9211 = ORIENTED_EDGE('',*,*,#9212,.F.);
#9212 = EDGE_CURVE('',#9213,#9213,#9215,.T.);
#9213 = VERTEX_POINT('',#9214);
#9214 = CARTESIAN_POINT('',(-8.104890159351,260.,1.02445521972E+03));
#9215 = SURFACE_CURVE('',#9216,(#9221,#9228),.PCURVE_S1.);
#9216 = CIRCLE('',#9217,9.);
#9217 = AXIS2_PLACEMENT_3D('',#9218,#9219,#9220);
#9218 = CARTESIAN_POINT('',(-10.57692307692,260.,1.015801373566E+03));
#9219 = DIRECTION('',(0.961538461538,0.,-0.274670324175));
#9220 = DIRECTION('',(0.274670324175,0.,0.961538461538));
#9221 = PCURVE('',#7078,#9222);
#9222 = DEFINITIONAL_REPRESENTATION('',(#9223),#9227);
#9223 = CIRCLE('',#9224,9.);
#9224 = AXIS2_PLACEMENT_2D('',#9225,#9226);
#9225 = CARTESIAN_POINT('',(35.,1.102900920579E-13));
#9226 = DIRECTION('',(0.,-1.));
#9227 = ( GEOMETRIC_REPRESENTATION_CONTEXT(2) 
PARAMETRIC_REPRESENTATION_CONTEXT() REPRESENTATION_CONTEXT('2D SPACE',''
  ) );
#9228 = PCURVE('',#9126,#9229);
#9229 = DEFINITIONAL_REPRESENTATION('',(#9230),#9234);
#9230 = LINE('',#9231,#9232);
#9231 = CARTESIAN_POINT('',(0.,39.));
#9232 = VECTOR('',#9233,1.);
#9233 = DIRECTION('',(1.,0.));
#9234 = ( GEOMETRIC_REPRESENTATION_CONTEXT(2) 
PARAMETRIC_REPRESENTATION_CONTEXT() REPRESENTATION_CONTEXT('2D SPACE',''
  ) );
#9235 = ADVANCED_FACE('',(#9236),#7235,.F.);
#9236 = FACE_BOUND('',#9237,.F.);
#9237 = EDGE_LOOP('',(#9238,#9239,#9240,#9241,#9242));
#9238 = ORIENTED_EDGE('',*,*,#7222,.F.);
#9239 = ORIENTED_EDGE('',*,*,#9085,.T.);
#9240 = ORIENTED_EDGE('',*,*,#9142,.T.);
#9241 = ORIENTED_EDGE('',*,*,#9188,.T.);
#9242 = ORIENTED_EDGE('',*,*,#8906,.T.);
#9243 = ADVANCED_FACE('',(#9244),#7210,.F.);
#9244 = FACE_BOUND('',#9245,.F.);
#9245 = EDGE_LOOP('',(#9246,#9247,#9248,#9249,#9250));
#9246 = ORIENTED_EDGE('',*,*,#7195,.F.);
#9247 = ORIENTED_EDGE('',*,*,#8880,.T.);
#9248 = ORIENTED_EDGE('',*,*,#8960,.T.);
#9249 = ORIENTED_EDGE('',*,*,#9035,.T.);
#9250 = ORIENTED_EDGE('',*,*,#8772,.F.);
#9251 = ADVANCED_FACE('',(#9252),#7999,.F.);
#9252 = FACE_BOUND('',#9253,.F.);
#9253 = EDGE_LOOP('',(#9254,#9281));
#9254 = ORIENTED_EDGE('',*,*,#9255,.F.);
#9255 = EDGE_CURVE('',#7767,#7769,#9256,.T.);
#9256 = SURFACE_CURVE('',#9257,(#9262,#9269),.PCURVE_S1.);
#9257 = CIRCLE('',#9258,30.);
#9258 = AXIS2_PLACEMENT_3D('',#9259,#9260,#9261);
#9259 = CARTESIAN_POINT('',(-43.6921045499,0.,1.01278E+03));
#9260 = DIRECTION('',(1.,0.,0.));
#9261 = DIRECTION('',(0.,1.,0.));
#9262 = PCURVE('',#7999,#9263);
#9263 = DEFINITIONAL_REPRESENTATION('',(#9264),#9268);
#9264 = LINE('',#9265,#9266);
#9265 = CARTESIAN_POINT('',(-1.570796326795,66.307895450093));
#9266 = VECTOR('',#9267,1.);
#9267 = DIRECTION('',(1.,0.));
#9268 = ( GEOMETRIC_REPRESENTATION_CONTEXT(2) 
PARAMETRIC_REPRESENTATION_CONTEXT() REPRESENTATION_CONTEXT('2D SPACE',''
  ) );
#9269 = PCURVE('',#9270,#9275);
#9270 = PLANE('',#9271);
#9271 = AXIS2_PLACEMENT_3D('',#9272,#9273,#9274);
#9272 = CARTESIAN_POINT('',(-43.6921045499,0.,1.01278E+03));
#9273 = DIRECTION('',(1.,0.,0.));
#9274 = DIRECTION('',(0.,0.,1.));
#9275 = DEFINITIONAL_REPRESENTATION('',(#9276),#9280);
#9276 = CIRCLE('',#9277,30.);
#9277 = AXIS2_PLACEMENT_2D('',#9278,#9279);
#9278 = CARTESIAN_POINT('',(0.,0.));
#9279 = DIRECTION('',(0.,-1.));
#9280 = ( GEOMETRIC_REPRESENTATION_CONTEXT(2) 
PARAMETRIC_REPRESENTATION_CONTEXT() REPRESENTATION_CONTEXT('2D SPACE',''
  ) );
#9281 = ORIENTED_EDGE('',*,*,#7766,.T.);
#9282 = ADVANCED_FACE('',(#9283),#8515,.F.);
#9283 = FACE_BOUND('',#9284,.F.);
#9284 = EDGE_LOOP('',(#9285,#9307));
#9285 = ORIENTED_EDGE('',*,*,#9286,.F.);
#9286 = EDGE_CURVE('',#7769,#7767,#9287,.T.);
#9287 = SURFACE_CURVE('',#9288,(#9293,#9300),.PCURVE_S1.);
#9288 = CIRCLE('',#9289,30.);
#9289 = AXIS2_PLACEMENT_3D('',#9290,#9291,#9292);
#9290 = CARTESIAN_POINT('',(-43.6921045499,0.,1.01278E+03));
#9291 = DIRECTION('',(1.,0.,-0.));
#9292 = DIRECTION('',(0.,0.,1.));
#9293 = PCURVE('',#8515,#9294);
#9294 = DEFINITIONAL_REPRESENTATION('',(#9295),#9299);
#9295 = LINE('',#9296,#9297);
#9296 = CARTESIAN_POINT('',(0.,66.307895450093));
#9297 = VECTOR('',#9298,1.);
#9298 = DIRECTION('',(1.,0.));
#9299 = ( GEOMETRIC_REPRESENTATION_CONTEXT(2) 
PARAMETRIC_REPRESENTATION_CONTEXT() REPRESENTATION_CONTEXT('2D SPACE',''
  ) );
#9300 = PCURVE('',#9270,#9301);
#9301 = DEFINITIONAL_REPRESENTATION('',(#9302),#9306);
#9302 = CIRCLE('',#9303,30.);
#9303 = AXIS2_PLACEMENT_2D('',#9304,#9305);
#9304 = CARTESIAN_POINT('',(0.,0.));
#9305 = DIRECTION('',(1.,0.));
#9306 = ( GEOMETRIC_REPRESENTATION_CONTEXT(2) 
PARAMETRIC_REPRESENTATION_CONTEXT() REPRESENTATION_CONTEXT('2D SPACE',''
  ) );
#9307 = ORIENTED_EDGE('',*,*,#8143,.T.);
#9308 = ADVANCED_FACE('',(#9309,#9313),#8725,.T.);
#9309 = FACE_BOUND('',#9310,.T.);
#9310 = EDGE_LOOP('',(#9311,#9312));
#9311 = ORIENTED_EDGE('',*,*,#8743,.F.);
#9312 = ORIENTED_EDGE('',*,*,#8710,.T.);
#9313 = FACE_BOUND('',#9314,.T.);
#9314 = EDGE_LOOP('',(#9315));
#9315 = ORIENTED_EDGE('',*,*,#9316,.F.);
#9316 = EDGE_CURVE('',#9317,#9317,#9319,.T.);
#9317 = VERTEX_POINT('',#9318);
#9318 = CARTESIAN_POINT('',(43.692104549907,6.123233995737E-15,
    1.03778E+03));
#9319 = SURFACE_CURVE('',#9320,(#9325,#9332),.PCURVE_S1.);
#9320 = CIRCLE('',#9321,25.);
#9321 = AXIS2_PLACEMENT_3D('',#9322,#9323,#9324);
#9322 = CARTESIAN_POINT('',(43.692104549907,0.,1.01278E+03));
#9323 = DIRECTION('',(1.,0.,-0.));
#9324 = DIRECTION('',(0.,0.,1.));
#9325 = PCURVE('',#8725,#9326);
#9326 = DEFINITIONAL_REPRESENTATION('',(#9327),#9331);
#9327 = CIRCLE('',#9328,25.);
#9328 = AXIS2_PLACEMENT_2D('',#9329,#9330);
#9329 = CARTESIAN_POINT('',(0.,0.));
#9330 = DIRECTION('',(1.,0.));
#9331 = ( GEOMETRIC_REPRESENTATION_CONTEXT(2) 
PARAMETRIC_REPRESENTATION_CONTEXT() REPRESENTATION_CONTEXT('2D SPACE',''
  ) );
#9332 = PCURVE('',#9333,#9338);
#9333 = CYLINDRICAL_SURFACE('',#9334,25.);
#9334 = AXIS2_PLACEMENT_3D('',#9335,#9336,#9337);
#9335 = CARTESIAN_POINT('',(-110.,0.,1.01278E+03));
#9336 = DIRECTION('',(1.,0.,0.));
#9337 = DIRECTION('',(0.,0.,1.));
#9338 = DEFINITIONAL_REPRESENTATION('',(#9339),#9343);
#9339 = LINE('',#9340,#9341);
#9340 = CARTESIAN_POINT('',(0.,153.6921045499));
#9341 = VECTOR('',#9342,1.);
#9342 = DIRECTION('',(1.,0.));
#9343 = ( GEOMETRIC_REPRESENTATION_CONTEXT(2) 
PARAMETRIC_REPRESENTATION_CONTEXT() REPRESENTATION_CONTEXT('2D SPACE',''
  ) );
#9344 = ADVANCED_FACE('',(#9345),#8841,.F.);
#9345 = FACE_BOUND('',#9346,.F.);
#9346 = EDGE_LOOP('',(#9347,#9348,#9369,#9370));
#9347 = ORIENTED_EDGE('',*,*,#8820,.F.);
#9348 = ORIENTED_EDGE('',*,*,#9349,.F.);
#9349 = EDGE_CURVE('',#9004,#8821,#9350,.T.);
#9350 = SEAM_CURVE('',#9351,(#9355,#9362),.PCURVE_S1.);
#9351 = LINE('',#9352,#9353);
#9352 = CARTESIAN_POINT('',(-45.60489015935,260.,1.035167362363E+03));
#9353 = VECTOR('',#9354,1.);
#9354 = DIRECTION('',(0.961538461538,0.,-0.274670324175));
#9355 = PCURVE('',#8841,#9356);
#9356 = DEFINITIONAL_REPRESENTATION('',(#9357),#9361);
#9357 = LINE('',#9358,#9359);
#9358 = CARTESIAN_POINT('',(6.28318530718,-0.));
#9359 = VECTOR('',#9360,1.);
#9360 = DIRECTION('',(0.,1.));
#9361 = ( GEOMETRIC_REPRESENTATION_CONTEXT(2) 
PARAMETRIC_REPRESENTATION_CONTEXT() REPRESENTATION_CONTEXT('2D SPACE',''
  ) );
#9362 = PCURVE('',#8841,#9363);
#9363 = DEFINITIONAL_REPRESENTATION('',(#9364),#9368);
#9364 = LINE('',#9365,#9366);
#9365 = CARTESIAN_POINT('',(0.,-0.));
#9366 = VECTOR('',#9367,1.);
#9367 = DIRECTION('',(0.,1.));
#9368 = ( GEOMETRIC_REPRESENTATION_CONTEXT(2) 
PARAMETRIC_REPRESENTATION_CONTEXT() REPRESENTATION_CONTEXT('2D SPACE',''
  ) );
#9369 = ORIENTED_EDGE('',*,*,#9003,.T.);
#9370 = ORIENTED_EDGE('',*,*,#9349,.T.);
#9371 = ADVANCED_FACE('',(#9372),#9126,.F.);
#9372 = FACE_BOUND('',#9373,.F.);
#9373 = EDGE_LOOP('',(#9374,#9375,#9396,#9397));
#9374 = ORIENTED_EDGE('',*,*,#9212,.F.);
#9375 = ORIENTED_EDGE('',*,*,#9376,.F.);
#9376 = EDGE_CURVE('',#9110,#9213,#9377,.T.);
#9377 = SEAM_CURVE('',#9378,(#9382,#9389),.PCURVE_S1.);
#9378 = LINE('',#9379,#9380);
#9379 = CARTESIAN_POINT('',(-45.60489015935,260.,1.035167362363E+03));
#9380 = VECTOR('',#9381,1.);
#9381 = DIRECTION('',(0.961538461538,0.,-0.274670324175));
#9382 = PCURVE('',#9126,#9383);
#9383 = DEFINITIONAL_REPRESENTATION('',(#9384),#9388);
#9384 = LINE('',#9385,#9386);
#9385 = CARTESIAN_POINT('',(6.28318530718,-0.));
#9386 = VECTOR('',#9387,1.);
#9387 = DIRECTION('',(0.,1.));
#9388 = ( GEOMETRIC_REPRESENTATION_CONTEXT(2) 
PARAMETRIC_REPRESENTATION_CONTEXT() REPRESENTATION_CONTEXT('2D SPACE',''
  ) );
#9389 = PCURVE('',#9126,#9390);
#9390 = DEFINITIONAL_REPRESENTATION('',(#9391),#9395);
#9391 = LINE('',#9392,#9393);
#9392 = CARTESIAN_POINT('',(0.,-0.));
#9393 = VECTOR('',#9394,1.);
#9394 = DIRECTION('',(0.,1.));
#9395 = ( GEOMETRIC_REPRESENTATION_CONTEXT(2) 
PARAMETRIC_REPRESENTATION_CONTEXT() REPRESENTATION_CONTEXT('2D SPACE',''
  ) );
#9396 = ORIENTED_EDGE('',*,*,#9109,.T.);
#9397 = ORIENTED_EDGE('',*,*,#9376,.T.);
#9398 = ADVANCED_FACE('',(#9399,#9403),#9270,.F.);
#9399 = FACE_BOUND('',#9400,.F.);
#9400 = EDGE_LOOP('',(#9401,#9402));
#9401 = ORIENTED_EDGE('',*,*,#9286,.T.);
#9402 = ORIENTED_EDGE('',*,*,#9255,.T.);
#9403 = FACE_BOUND('',#9404,.F.);
#9404 = EDGE_LOOP('',(#9405));
#9405 = ORIENTED_EDGE('',*,*,#9406,.F.);
#9406 = EDGE_CURVE('',#9407,#9407,#9409,.T.);
#9407 = VERTEX_POINT('',#9408);
#9408 = CARTESIAN_POINT('',(-43.6921045499,6.123233995737E-15,
    1.03778E+03));
#9409 = SURFACE_CURVE('',#9410,(#9415,#9422),.PCURVE_S1.);
#9410 = CIRCLE('',#9411,25.);
#9411 = AXIS2_PLACEMENT_3D('',#9412,#9413,#9414);
#9412 = CARTESIAN_POINT('',(-43.6921045499,0.,1.01278E+03));
#9413 = DIRECTION('',(1.,0.,-0.));
#9414 = DIRECTION('',(0.,0.,1.));
#9415 = PCURVE('',#9270,#9416);
#9416 = DEFINITIONAL_REPRESENTATION('',(#9417),#9421);
#9417 = CIRCLE('',#9418,25.);
#9418 = AXIS2_PLACEMENT_2D('',#9419,#9420);
#9419 = CARTESIAN_POINT('',(0.,0.));
#9420 = DIRECTION('',(1.,0.));
#9421 = ( GEOMETRIC_REPRESENTATION_CONTEXT(2) 
PARAMETRIC_REPRESENTATION_CONTEXT() REPRESENTATION_CONTEXT('2D SPACE',''
  ) );
#9422 = PCURVE('',#9423,#9428);
#9423 = CYLINDRICAL_SURFACE('',#9424,25.);
#9424 = AXIS2_PLACEMENT_3D('',#9425,#9426,#9427);
#9425 = CARTESIAN_POINT('',(-110.,0.,1.01278E+03));
#9426 = DIRECTION('',(1.,0.,0.));
#9427 = DIRECTION('',(0.,0.,1.));
#9428 = DEFINITIONAL_REPRESENTATION('',(#9429),#9433);
#9429 = LINE('',#9430,#9431);
#9430 = CARTESIAN_POINT('',(0.,66.307895450093));
#9431 = VECTOR('',#9432,1.);
#9432 = DIRECTION('',(1.,0.));
#9433 = ( GEOMETRIC_REPRESENTATION_CONTEXT(2) 
PARAMETRIC_REPRESENTATION_CONTEXT() REPRESENTATION_CONTEXT('2D SPACE',''
  ) );
#9434 = ADVANCED_FACE('',(#9435),#9333,.F.);
#9435 = FACE_BOUND('',#9436,.F.);
#9436 = EDGE_LOOP('',(#9437,#9466,#9487,#9488));
#9437 = ORIENTED_EDGE('',*,*,#9438,.T.);
#9438 = EDGE_CURVE('',#9439,#9439,#9441,.T.);
#9439 = VERTEX_POINT('',#9440);
#9440 = CARTESIAN_POINT('',(12.692104549907,6.123233995737E-15,
    1.03778E+03));
#9441 = SURFACE_CURVE('',#9442,(#9447,#9454),.PCURVE_S1.);
#9442 = CIRCLE('',#9443,25.);
#9443 = AXIS2_PLACEMENT_3D('',#9444,#9445,#9446);
#9444 = CARTESIAN_POINT('',(12.692104549907,0.,1.01278E+03));
#9445 = DIRECTION('',(1.,0.,-0.));
#9446 = DIRECTION('',(0.,0.,1.));
#9447 = PCURVE('',#9333,#9448);
#9448 = DEFINITIONAL_REPRESENTATION('',(#9449),#9453);
#9449 = LINE('',#9450,#9451);
#9450 = CARTESIAN_POINT('',(0.,122.6921045499));
#9451 = VECTOR('',#9452,1.);
#9452 = DIRECTION('',(1.,0.));
#9453 = ( GEOMETRIC_REPRESENTATION_CONTEXT(2) 
PARAMETRIC_REPRESENTATION_CONTEXT() REPRESENTATION_CONTEXT('2D SPACE',''
  ) );
#9454 = PCURVE('',#9455,#9460);
#9455 = CONICAL_SURFACE('',#9456,22.,0.643501108793);
#9456 = AXIS2_PLACEMENT_3D('',#9457,#9458,#9459);
#9457 = CARTESIAN_POINT('',(8.692104549907,0.,1.01278E+03));
#9458 = DIRECTION('',(1.,0.,0.));
#9459 = DIRECTION('',(0.,0.,1.));
#9460 = DEFINITIONAL_REPRESENTATION('',(#9461),#9465);
#9461 = LINE('',#9462,#9463);
#9462 = CARTESIAN_POINT('',(0.,4.));
#9463 = VECTOR('',#9464,1.);
#9464 = DIRECTION('',(1.,0.));
#9465 = ( GEOMETRIC_REPRESENTATION_CONTEXT(2) 
PARAMETRIC_REPRESENTATION_CONTEXT() REPRESENTATION_CONTEXT('2D SPACE',''
  ) );
#9466 = ORIENTED_EDGE('',*,*,#9467,.T.);
#9467 = EDGE_CURVE('',#9439,#9317,#9468,.T.);
#9468 = SEAM_CURVE('',#9469,(#9473,#9480),.PCURVE_S1.);
#9469 = LINE('',#9470,#9471);
#9470 = CARTESIAN_POINT('',(-110.,6.123233995737E-15,1.03778E+03));
#9471 = VECTOR('',#9472,1.);
#9472 = DIRECTION('',(1.,0.,0.));
#9473 = PCURVE('',#9333,#9474);
#9474 = DEFINITIONAL_REPRESENTATION('',(#9475),#9479);
#9475 = LINE('',#9476,#9477);
#9476 = CARTESIAN_POINT('',(6.28318530718,0.));
#9477 = VECTOR('',#9478,1.);
#9478 = DIRECTION('',(0.,1.));
#9479 = ( GEOMETRIC_REPRESENTATION_CONTEXT(2) 
PARAMETRIC_REPRESENTATION_CONTEXT() REPRESENTATION_CONTEXT('2D SPACE',''
  ) );
#9480 = PCURVE('',#9333,#9481);
#9481 = DEFINITIONAL_REPRESENTATION('',(#9482),#9486);
#9482 = LINE('',#9483,#9484);
#9483 = CARTESIAN_POINT('',(4.138911435803E-13,0.));
#9484 = VECTOR('',#9485,1.);
#9485 = DIRECTION('',(0.,1.));
#9486 = ( GEOMETRIC_REPRESENTATION_CONTEXT(2) 
PARAMETRIC_REPRESENTATION_CONTEXT() REPRESENTATION_CONTEXT('2D SPACE',''
  ) );
#9487 = ORIENTED_EDGE('',*,*,#9316,.F.);
#9488 = ORIENTED_EDGE('',*,*,#9467,.F.);
#9489 = ADVANCED_FACE('',(#9490),#9423,.F.);
#9490 = FACE_BOUND('',#9491,.F.);
#9491 = EDGE_LOOP('',(#9492,#9515,#9516,#9517));
#9492 = ORIENTED_EDGE('',*,*,#9493,.F.);
#9493 = EDGE_CURVE('',#9407,#9494,#9496,.T.);
#9494 = VERTEX_POINT('',#9495);
#9495 = CARTESIAN_POINT('',(-12.6921045499,6.123233995737E-15,
    1.03778E+03));
#9496 = SEAM_CURVE('',#9497,(#9501,#9508),.PCURVE_S1.);
#9497 = LINE('',#9498,#9499);
#9498 = CARTESIAN_POINT('',(-110.,6.123233995737E-15,1.03778E+03));
#9499 = VECTOR('',#9500,1.);
#9500 = DIRECTION('',(1.,0.,0.));
#9501 = PCURVE('',#9423,#9502);
#9502 = DEFINITIONAL_REPRESENTATION('',(#9503),#9507);
#9503 = LINE('',#9504,#9505);
#9504 = CARTESIAN_POINT('',(4.138911435803E-13,0.));
#9505 = VECTOR('',#9506,1.);
#9506 = DIRECTION('',(0.,1.));
#9507 = ( GEOMETRIC_REPRESENTATION_CONTEXT(2) 
PARAMETRIC_REPRESENTATION_CONTEXT() REPRESENTATION_CONTEXT('2D SPACE',''
  ) );
#9508 = PCURVE('',#9423,#9509);
#9509 = DEFINITIONAL_REPRESENTATION('',(#9510),#9514);
#9510 = LINE('',#9511,#9512);
#9511 = CARTESIAN_POINT('',(6.28318530718,0.));
#9512 = VECTOR('',#9513,1.);
#9513 = DIRECTION('',(0.,1.));
#9514 = ( GEOMETRIC_REPRESENTATION_CONTEXT(2) 
PARAMETRIC_REPRESENTATION_CONTEXT() REPRESENTATION_CONTEXT('2D SPACE',''
  ) );
#9515 = ORIENTED_EDGE('',*,*,#9406,.T.);
#9516 = ORIENTED_EDGE('',*,*,#9493,.T.);
#9517 = ORIENTED_EDGE('',*,*,#9518,.F.);
#9518 = EDGE_CURVE('',#9494,#9494,#9519,.T.);
#9519 = SURFACE_CURVE('',#9520,(#9525,#9532),.PCURVE_S1.);
#9520 = CIRCLE('',#9521,25.);
#9521 = AXIS2_PLACEMENT_3D('',#9522,#9523,#9524);
#9522 = CARTESIAN_POINT('',(-12.6921045499,0.,1.01278E+03));
#9523 = DIRECTION('',(1.,0.,-0.));
#9524 = DIRECTION('',(0.,0.,1.));
#9525 = PCURVE('',#9423,#9526);
#9526 = DEFINITIONAL_REPRESENTATION('',(#9527),#9531);
#9527 = LINE('',#9528,#9529);
#9528 = CARTESIAN_POINT('',(0.,97.3078954501));
#9529 = VECTOR('',#9530,1.);
#9530 = DIRECTION('',(1.,0.));
#9531 = ( GEOMETRIC_REPRESENTATION_CONTEXT(2) 
PARAMETRIC_REPRESENTATION_CONTEXT() REPRESENTATION_CONTEXT('2D SPACE',''
  ) );
#9532 = PCURVE('',#9533,#9538);
#9533 = CONICAL_SURFACE('',#9534,25.,0.643501108793);
#9534 = AXIS2_PLACEMENT_3D('',#9535,#9536,#9537);
#9535 = CARTESIAN_POINT('',(-12.6921045499,0.,1.01278E+03));
#9536 = DIRECTION('',(-1.,-0.,-0.));
#9537 = DIRECTION('',(0.,0.,1.));
#9538 = DEFINITIONAL_REPRESENTATION('',(#9539),#9543);
#9539 = LINE('',#9540,#9541);
#9540 = CARTESIAN_POINT('',(6.28318530718,0.));
#9541 = VECTOR('',#9542,1.);
#9542 = DIRECTION('',(-1.,0.));
#9543 = ( GEOMETRIC_REPRESENTATION_CONTEXT(2) 
PARAMETRIC_REPRESENTATION_CONTEXT() REPRESENTATION_CONTEXT('2D SPACE',''
  ) );
#9544 = ADVANCED_FACE('',(#9545),#9455,.F.);
#9545 = FACE_BOUND('',#9546,.F.);
#9546 = EDGE_LOOP('',(#9547,#9548,#9571,#9597));
#9547 = ORIENTED_EDGE('',*,*,#9438,.F.);
#9548 = ORIENTED_EDGE('',*,*,#9549,.F.);
#9549 = EDGE_CURVE('',#9550,#9439,#9552,.T.);
#9550 = VERTEX_POINT('',#9551);
#9551 = CARTESIAN_POINT('',(8.692104549907,5.388445916248E-15,
    1.03478E+03));
#9552 = SEAM_CURVE('',#9553,(#9557,#9564),.PCURVE_S1.);
#9553 = LINE('',#9554,#9555);
#9554 = CARTESIAN_POINT('',(8.692104549907,5.388445916248E-15,
    1.03478E+03));
#9555 = VECTOR('',#9556,1.);
#9556 = DIRECTION('',(0.8,1.469576158977E-16,0.6));
#9557 = PCURVE('',#9455,#9558);
#9558 = DEFINITIONAL_REPRESENTATION('',(#9559),#9563);
#9559 = LINE('',#9560,#9561);
#9560 = CARTESIAN_POINT('',(0.,-0.));
#9561 = VECTOR('',#9562,1.);
#9562 = DIRECTION('',(0.,1.));
#9563 = ( GEOMETRIC_REPRESENTATION_CONTEXT(2) 
PARAMETRIC_REPRESENTATION_CONTEXT() REPRESENTATION_CONTEXT('2D SPACE',''
  ) );
#9564 = PCURVE('',#9455,#9565);
#9565 = DEFINITIONAL_REPRESENTATION('',(#9566),#9570);
#9566 = LINE('',#9567,#9568);
#9567 = CARTESIAN_POINT('',(6.28318530718,-0.));
#9568 = VECTOR('',#9569,1.);
#9569 = DIRECTION('',(0.,1.));
#9570 = ( GEOMETRIC_REPRESENTATION_CONTEXT(2) 
PARAMETRIC_REPRESENTATION_CONTEXT() REPRESENTATION_CONTEXT('2D SPACE',''
  ) );
#9571 = ORIENTED_EDGE('',*,*,#9572,.T.);
#9572 = EDGE_CURVE('',#9550,#9550,#9573,.T.);
#9573 = SURFACE_CURVE('',#9574,(#9579,#9585),.PCURVE_S1.);
#9574 = CIRCLE('',#9575,22.);
#9575 = AXIS2_PLACEMENT_3D('',#9576,#9577,#9578);
#9576 = CARTESIAN_POINT('',(8.692104549907,0.,1.01278E+03));
#9577 = DIRECTION('',(1.,0.,-0.));
#9578 = DIRECTION('',(0.,0.,1.));
#9579 = PCURVE('',#9455,#9580);
#9580 = DEFINITIONAL_REPRESENTATION('',(#9581),#9584);
#9581 = B_SPLINE_CURVE_WITH_KNOTS('',1,(#9582,#9583),.UNSPECIFIED.,.F.,
  .F.,(2,2),(0.,6.28318530718),.PIECEWISE_BEZIER_KNOTS.);
#9582 = CARTESIAN_POINT('',(0.,0.));
#9583 = CARTESIAN_POINT('',(6.28318530718,0.));
#9584 = ( GEOMETRIC_REPRESENTATION_CONTEXT(2) 
PARAMETRIC_REPRESENTATION_CONTEXT() REPRESENTATION_CONTEXT('2D SPACE',''
  ) );
#9585 = PCURVE('',#9586,#9591);
#9586 = CYLINDRICAL_SURFACE('',#9587,22.);
#9587 = AXIS2_PLACEMENT_3D('',#9588,#9589,#9590);
#9588 = CARTESIAN_POINT('',(-8.6921045499,0.,1.01278E+03));
#9589 = DIRECTION('',(1.,0.,0.));
#9590 = DIRECTION('',(0.,0.,1.));
#9591 = DEFINITIONAL_REPRESENTATION('',(#9592),#9596);
#9592 = LINE('',#9593,#9594);
#9593 = CARTESIAN_POINT('',(0.,17.384209099807));
#9594 = VECTOR('',#9595,1.);
#9595 = DIRECTION('',(1.,0.));
#9596 = ( GEOMETRIC_REPRESENTATION_CONTEXT(2) 
PARAMETRIC_REPRESENTATION_CONTEXT() REPRESENTATION_CONTEXT('2D SPACE',''
  ) );
#9597 = ORIENTED_EDGE('',*,*,#9549,.T.);
#9598 = ADVANCED_FACE('',(#9599),#9533,.F.);
#9599 = FACE_BOUND('',#9600,.F.);
#9600 = EDGE_LOOP('',(#9601,#9624,#9645,#9646));
#9601 = ORIENTED_EDGE('',*,*,#9602,.F.);
#9602 = EDGE_CURVE('',#9603,#9603,#9605,.T.);
#9603 = VERTEX_POINT('',#9604);
#9604 = CARTESIAN_POINT('',(-8.6921045499,5.388445916248E-15,1.03478E+03
    ));
#9605 = SURFACE_CURVE('',#9606,(#9611,#9618),.PCURVE_S1.);
#9606 = CIRCLE('',#9607,22.);
#9607 = AXIS2_PLACEMENT_3D('',#9608,#9609,#9610);
#9608 = CARTESIAN_POINT('',(-8.6921045499,0.,1.01278E+03));
#9609 = DIRECTION('',(1.,0.,-0.));
#9610 = DIRECTION('',(0.,0.,1.));
#9611 = PCURVE('',#9533,#9612);
#9612 = DEFINITIONAL_REPRESENTATION('',(#9613),#9617);
#9613 = LINE('',#9614,#9615);
#9614 = CARTESIAN_POINT('',(6.28318530718,-4.000000000001));
#9615 = VECTOR('',#9616,1.);
#9616 = DIRECTION('',(-1.,0.));
#9617 = ( GEOMETRIC_REPRESENTATION_CONTEXT(2) 
PARAMETRIC_REPRESENTATION_CONTEXT() REPRESENTATION_CONTEXT('2D SPACE',''
  ) );
#9618 = PCURVE('',#9586,#9619);
#9619 = DEFINITIONAL_REPRESENTATION('',(#9620),#9623);
#9620 = B_SPLINE_CURVE_WITH_KNOTS('',1,(#9621,#9622),.UNSPECIFIED.,.F.,
  .F.,(2,2),(0.,6.28318530718),.PIECEWISE_BEZIER_KNOTS.);
#9621 = CARTESIAN_POINT('',(0.,0.));
#9622 = CARTESIAN_POINT('',(6.28318530718,0.));
#9623 = ( GEOMETRIC_REPRESENTATION_CONTEXT(2) 
PARAMETRIC_REPRESENTATION_CONTEXT() REPRESENTATION_CONTEXT('2D SPACE',''
  ) );
#9624 = ORIENTED_EDGE('',*,*,#9625,.F.);
#9625 = EDGE_CURVE('',#9494,#9603,#9626,.T.);
#9626 = SEAM_CURVE('',#9627,(#9631,#9638),.PCURVE_S1.);
#9627 = LINE('',#9628,#9629);
#9628 = CARTESIAN_POINT('',(-12.6921045499,6.123233995737E-15,
    1.03778E+03));
#9629 = VECTOR('',#9630,1.);
#9630 = DIRECTION('',(0.8,-1.469576158977E-16,-0.6));
#9631 = PCURVE('',#9533,#9632);
#9632 = DEFINITIONAL_REPRESENTATION('',(#9633),#9637);
#9633 = LINE('',#9634,#9635);
#9634 = CARTESIAN_POINT('',(6.28318530718,0.));
#9635 = VECTOR('',#9636,1.);
#9636 = DIRECTION('',(-0.,-1.));
#9637 = ( GEOMETRIC_REPRESENTATION_CONTEXT(2) 
PARAMETRIC_REPRESENTATION_CONTEXT() REPRESENTATION_CONTEXT('2D SPACE',''
  ) );
#9638 = PCURVE('',#9533,#9639);
#9639 = DEFINITIONAL_REPRESENTATION('',(#9640),#9644);
#9640 = LINE('',#9641,#9642);
#9641 = CARTESIAN_POINT('',(-4.138911435803E-13,0.));
#9642 = VECTOR('',#9643,1.);
#9643 = DIRECTION('',(-0.,-1.));
#9644 = ( GEOMETRIC_REPRESENTATION_CONTEXT(2) 
PARAMETRIC_REPRESENTATION_CONTEXT() REPRESENTATION_CONTEXT('2D SPACE',''
  ) );
#9645 = ORIENTED_EDGE('',*,*,#9518,.T.);
#9646 = ORIENTED_EDGE('',*,*,#9625,.T.);
#9647 = ADVANCED_FACE('',(#9648),#9586,.F.);
#9648 = FACE_BOUND('',#9649,.F.);
#9649 = EDGE_LOOP('',(#9650,#9651,#9672,#9673));
#9650 = ORIENTED_EDGE('',*,*,#9572,.F.);
#9651 = ORIENTED_EDGE('',*,*,#9652,.F.);
#9652 = EDGE_CURVE('',#9603,#9550,#9653,.T.);
#9653 = SEAM_CURVE('',#9654,(#9658,#9665),.PCURVE_S1.);
#9654 = LINE('',#9655,#9656);
#9655 = CARTESIAN_POINT('',(-8.6921045499,5.388445916248E-15,1.03478E+03
    ));
#9656 = VECTOR('',#9657,1.);
#9657 = DIRECTION('',(1.,0.,0.));
#9658 = PCURVE('',#9586,#9659);
#9659 = DEFINITIONAL_REPRESENTATION('',(#9660),#9664);
#9660 = LINE('',#9661,#9662);
#9661 = CARTESIAN_POINT('',(0.,-0.));
#9662 = VECTOR('',#9663,1.);
#9663 = DIRECTION('',(0.,1.));
#9664 = ( GEOMETRIC_REPRESENTATION_CONTEXT(2) 
PARAMETRIC_REPRESENTATION_CONTEXT() REPRESENTATION_CONTEXT('2D SPACE',''
  ) );
#9665 = PCURVE('',#9586,#9666);
#9666 = DEFINITIONAL_REPRESENTATION('',(#9667),#9671);
#9667 = LINE('',#9668,#9669);
#9668 = CARTESIAN_POINT('',(6.28318530718,-0.));
#9669 = VECTOR('',#9670,1.);
#9670 = DIRECTION('',(0.,1.));
#9671 = ( GEOMETRIC_REPRESENTATION_CONTEXT(2) 
PARAMETRIC_REPRESENTATION_CONTEXT() REPRESENTATION_CONTEXT('2D SPACE',''
  ) );
#9672 = ORIENTED_EDGE('',*,*,#9602,.T.);
#9673 = ORIENTED_EDGE('',*,*,#9652,.T.);
#9674 = ( GEOMETRIC_REPRESENTATION_CONTEXT(3) 
GLOBAL_UNCERTAINTY_ASSIGNED_CONTEXT((#9678)) 
GLOBAL_UNIT_ASSIGNED_CONTEXT((#9675,#9676,#9677)) REPRESENTATION_CONTEXT
('Context #1','3D Context with UNIT and UNCERTAINTY') );
#9675 = ( LENGTH_UNIT() NAMED_UNIT(*) SI_UNIT(.MILLI.,.METRE.) );
#9676 = ( NAMED_UNIT(*) PLANE_ANGLE_UNIT() SI_UNIT($,.RADIAN.) );
#9677 = ( NAMED_UNIT(*) SI_UNIT($,.STERADIAN.) SOLID_ANGLE_UNIT() );
#9678 = UNCERTAINTY_MEASURE_WITH_UNIT(LENGTH_MEASURE(1.E-05),#9675,
  'distance_accuracy_value','confusion accuracy');
#9679 = CONTEXT_DEPENDENT_SHAPE_REPRESENTATION(#9680,#9682);
#9680 = ( REPRESENTATION_RELATIONSHIP('','',#52,#10) 
REPRESENTATION_RELATIONSHIP_WITH_TRANSFORMATION(#9681) 
SHAPE_REPRESENTATION_RELATIONSHIP() );
#9681 = ITEM_DEFINED_TRANSFORMATION('','',#11,#15);
#9682 = PRODUCT_DEFINITION_SHAPE('Placement','Placement of an item',
  #9683);
#9683 = NEXT_ASSEMBLY_USAGE_OCCURRENCE('7','HEAD_BARREL_7075','',#5,#47,
  $);
#9684 = PRODUCT_RELATED_PRODUCT_CATEGORY('part',$,(#49));
#9685 = SHAPE_DEFINITION_REPRESENTATION(#9686,#9692);
#9686 = PRODUCT_DEFINITION_SHAPE('','',#9687);
#9687 = PRODUCT_DEFINITION('design','',#9688,#9691);
#9688 = PRODUCT_DEFINITION_FORMATION('','',#9689);
#9689 = PRODUCT('SHAFT_300M_CONTINUOUS','SHAFT_300M_CONTINUOUS','',(
    #9690));
#9690 = PRODUCT_CONTEXT('',#2,'mechanical');
#9691 = PRODUCT_DEFINITION_CONTEXT('part definition',#2,'design');
#9692 = ADVANCED_BREP_SHAPE_REPRESENTATION('',(#11,#9693),#9901);
#9693 = MANIFOLD_SOLID_BREP('',#9694);
#9694 = CLOSED_SHELL('',(#9695,#9783,#9866,#9893,#9897));
#9695 = ADVANCED_FACE('',(#9696),#9710,.T.);
#9696 = FACE_BOUND('',#9697,.T.);
#9697 = EDGE_LOOP('',(#9698,#9728,#9755,#9756));
#9698 = ORIENTED_EDGE('',*,*,#9699,.F.);
#9699 = EDGE_CURVE('',#9700,#9702,#9704,.T.);
#9700 = VERTEX_POINT('',#9701);
#9701 = CARTESIAN_POINT('',(-87.5,4.65365783676E-15,1.03178E+03));
#9702 = VERTEX_POINT('',#9703);
#9703 = CARTESIAN_POINT('',(-62.5,4.65365783676E-15,1.03178E+03));
#9704 = SEAM_CURVE('',#9705,(#9709,#9721),.PCURVE_S1.);
#9705 = LINE('',#9706,#9707);
#9706 = CARTESIAN_POINT('',(-87.5,4.65365783676E-15,1.03178E+03));
#9707 = VECTOR('',#9708,1.);
#9708 = DIRECTION('',(1.,0.,0.));
#9709 = PCURVE('',#9710,#9715);
#9710 = CYLINDRICAL_SURFACE('',#9711,19.);
#9711 = AXIS2_PLACEMENT_3D('',#9712,#9713,#9714);
#9712 = CARTESIAN_POINT('',(-87.5,0.,1.01278E+03));
#9713 = DIRECTION('',(1.,0.,0.));
#9714 = DIRECTION('',(0.,0.,1.));
#9715 = DEFINITIONAL_REPRESENTATION('',(#9716),#9720);
#9716 = LINE('',#9717,#9718);
#9717 = CARTESIAN_POINT('',(0.,-0.));
#9718 = VECTOR('',#9719,1.);
#9719 = DIRECTION('',(0.,1.));
#9720 = ( GEOMETRIC_REPRESENTATION_CONTEXT(2) 
PARAMETRIC_REPRESENTATION_CONTEXT() REPRESENTATION_CONTEXT('2D SPACE',''
  ) );
#9721 = PCURVE('',#9710,#9722);
#9722 = DEFINITIONAL_REPRESENTATION('',(#9723),#9727);
#9723 = LINE('',#9724,#9725);
#9724 = CARTESIAN_POINT('',(6.28318530718,-0.));
#9725 = VECTOR('',#9726,1.);
#9726 = DIRECTION('',(0.,1.));
#9727 = ( GEOMETRIC_REPRESENTATION_CONTEXT(2) 
PARAMETRIC_REPRESENTATION_CONTEXT() REPRESENTATION_CONTEXT('2D SPACE',''
  ) );
#9728 = ORIENTED_EDGE('',*,*,#9729,.T.);
#9729 = EDGE_CURVE('',#9700,#9700,#9730,.T.);
#9730 = SURFACE_CURVE('',#9731,(#9736,#9743),.PCURVE_S1.);
#9731 = CIRCLE('',#9732,19.);
#9732 = AXIS2_PLACEMENT_3D('',#9733,#9734,#9735);
#9733 = CARTESIAN_POINT('',(-87.5,0.,1.01278E+03));
#9734 = DIRECTION('',(1.,0.,-0.));
#9735 = DIRECTION('',(0.,0.,1.));
#9736 = PCURVE('',#9710,#9737);
#9737 = DEFINITIONAL_REPRESENTATION('',(#9738),#9742);
#9738 = LINE('',#9739,#9740);
#9739 = CARTESIAN_POINT('',(0.,0.));
#9740 = VECTOR('',#9741,1.);
#9741 = DIRECTION('',(1.,0.));
#9742 = ( GEOMETRIC_REPRESENTATION_CONTEXT(2) 
PARAMETRIC_REPRESENTATION_CONTEXT() REPRESENTATION_CONTEXT('2D SPACE',''
  ) );
#9743 = PCURVE('',#9744,#9749);
#9744 = PLANE('',#9745);
#9745 = AXIS2_PLACEMENT_3D('',#9746,#9747,#9748);
#9746 = CARTESIAN_POINT('',(-87.5,0.,1.01278E+03));
#9747 = DIRECTION('',(1.,0.,0.));
#9748 = DIRECTION('',(0.,0.,1.));
#9749 = DEFINITIONAL_REPRESENTATION('',(#9750),#9754);
#9750 = CIRCLE('',#9751,19.);
#9751 = AXIS2_PLACEMENT_2D('',#9752,#9753);
#9752 = CARTESIAN_POINT('',(0.,0.));
#9753 = DIRECTION('',(1.,0.));
#9754 = ( GEOMETRIC_REPRESENTATION_CONTEXT(2) 
PARAMETRIC_REPRESENTATION_CONTEXT() REPRESENTATION_CONTEXT('2D SPACE',''
  ) );
#9755 = ORIENTED_EDGE('',*,*,#9699,.T.);
#9756 = ORIENTED_EDGE('',*,*,#9757,.F.);
#9757 = EDGE_CURVE('',#9702,#9702,#9758,.T.);
#9758 = SURFACE_CURVE('',#9759,(#9764,#9771),.PCURVE_S1.);
#9759 = CIRCLE('',#9760,19.);
#9760 = AXIS2_PLACEMENT_3D('',#9761,#9762,#9763);
#9761 = CARTESIAN_POINT('',(-62.5,0.,1.01278E+03));
#9762 = DIRECTION('',(1.,0.,-0.));
#9763 = DIRECTION('',(0.,0.,1.));
#9764 = PCURVE('',#9710,#9765);
#9765 = DEFINITIONAL_REPRESENTATION('',(#9766),#9770);
#9766 = LINE('',#9767,#9768);
#9767 = CARTESIAN_POINT('',(0.,25.));
#9768 = VECTOR('',#9769,1.);
#9769 = DIRECTION('',(1.,0.));
#9770 = ( GEOMETRIC_REPRESENTATION_CONTEXT(2) 
PARAMETRIC_REPRESENTATION_CONTEXT() REPRESENTATION_CONTEXT('2D SPACE',''
  ) );
#9771 = PCURVE('',#9772,#9777);
#9772 = CYLINDRICAL_SURFACE('',#9773,19.);
#9773 = AXIS2_PLACEMENT_3D('',#9774,#9775,#9776);
#9774 = CARTESIAN_POINT('',(-87.5,0.,1.01278E+03));
#9775 = DIRECTION('',(1.,0.,0.));
#9776 = DIRECTION('',(0.,0.,1.));
#9777 = DEFINITIONAL_REPRESENTATION('',(#9778),#9782);
#9778 = LINE('',#9779,#9780);
#9779 = CARTESIAN_POINT('',(0.,25.));
#9780 = VECTOR('',#9781,1.);
#9781 = DIRECTION('',(1.,0.));
#9782 = ( GEOMETRIC_REPRESENTATION_CONTEXT(2) 
PARAMETRIC_REPRESENTATION_CONTEXT() REPRESENTATION_CONTEXT('2D SPACE',''
  ) );
#9783 = ADVANCED_FACE('',(#9784),#9798,.T.);
#9784 = FACE_BOUND('',#9785,.T.);
#9785 = EDGE_LOOP('',(#9786,#9816,#9843,#9844));
#9786 = ORIENTED_EDGE('',*,*,#9787,.T.);
#9787 = EDGE_CURVE('',#9788,#9790,#9792,.T.);
#9788 = VERTEX_POINT('',#9789);
#9789 = CARTESIAN_POINT('',(62.5,4.65365783676E-15,1.03178E+03));
#9790 = VERTEX_POINT('',#9791);
#9791 = CARTESIAN_POINT('',(87.5,4.65365783676E-15,1.03178E+03));
#9792 = SEAM_CURVE('',#9793,(#9797,#9809),.PCURVE_S1.);
#9793 = LINE('',#9794,#9795);
#9794 = CARTESIAN_POINT('',(-87.5,4.65365783676E-15,1.03178E+03));
#9795 = VECTOR('',#9796,1.);
#9796 = DIRECTION('',(1.,0.,0.));
#9797 = PCURVE('',#9798,#9803);
#9798 = CYLINDRICAL_SURFACE('',#9799,19.);
#9799 = AXIS2_PLACEMENT_3D('',#9800,#9801,#9802);
#9800 = CARTESIAN_POINT('',(-87.5,0.,1.01278E+03));
#9801 = DIRECTION('',(1.,0.,0.));
#9802 = DIRECTION('',(0.,0.,1.));
#9803 = DEFINITIONAL_REPRESENTATION('',(#9804),#9808);
#9804 = LINE('',#9805,#9806);
#9805 = CARTESIAN_POINT('',(6.28318530718,0.));
#9806 = VECTOR('',#9807,1.);
#9807 = DIRECTION('',(0.,1.));
#9808 = ( GEOMETRIC_REPRESENTATION_CONTEXT(2) 
PARAMETRIC_REPRESENTATION_CONTEXT() REPRESENTATION_CONTEXT('2D SPACE',''
  ) );
#9809 = PCURVE('',#9798,#9810);
#9810 = DEFINITIONAL_REPRESENTATION('',(#9811),#9815);
#9811 = LINE('',#9812,#9813);
#9812 = CARTESIAN_POINT('',(4.138911435803E-13,0.));
#9813 = VECTOR('',#9814,1.);
#9814 = DIRECTION('',(0.,1.));
#9815 = ( GEOMETRIC_REPRESENTATION_CONTEXT(2) 
PARAMETRIC_REPRESENTATION_CONTEXT() REPRESENTATION_CONTEXT('2D SPACE',''
  ) );
#9816 = ORIENTED_EDGE('',*,*,#9817,.F.);
#9817 = EDGE_CURVE('',#9790,#9790,#9818,.T.);
#9818 = SURFACE_CURVE('',#9819,(#9824,#9831),.PCURVE_S1.);
#9819 = CIRCLE('',#9820,19.);
#9820 = AXIS2_PLACEMENT_3D('',#9821,#9822,#9823);
#9821 = CARTESIAN_POINT('',(87.5,0.,1.01278E+03));
#9822 = DIRECTION('',(1.,0.,-0.));
#9823 = DIRECTION('',(0.,0.,1.));
#9824 = PCURVE('',#9798,#9825);
#9825 = DEFINITIONAL_REPRESENTATION('',(#9826),#9830);
#9826 = LINE('',#9827,#9828);
#9827 = CARTESIAN_POINT('',(0.,175.));
#9828 = VECTOR('',#9829,1.);
#9829 = DIRECTION('',(1.,0.));
#9830 = ( GEOMETRIC_REPRESENTATION_CONTEXT(2) 
PARAMETRIC_REPRESENTATION_CONTEXT() REPRESENTATION_CONTEXT('2D SPACE',''
  ) );
#9831 = PCURVE('',#9832,#9837);
#9832 = PLANE('',#9833);
#9833 = AXIS2_PLACEMENT_3D('',#9834,#9835,#9836);
#9834 = CARTESIAN_POINT('',(87.5,0.,1.01278E+03));
#9835 = DIRECTION('',(1.,0.,0.));
#9836 = DIRECTION('',(0.,0.,1.));
#9837 = DEFINITIONAL_REPRESENTATION('',(#9838),#9842);
#9838 = CIRCLE('',#9839,19.);
#9839 = AXIS2_PLACEMENT_2D('',#9840,#9841);
#9840 = CARTESIAN_POINT('',(0.,0.));
#9841 = DIRECTION('',(1.,0.));
#9842 = ( GEOMETRIC_REPRESENTATION_CONTEXT(2) 
PARAMETRIC_REPRESENTATION_CONTEXT() REPRESENTATION_CONTEXT('2D SPACE',''
  ) );
#9843 = ORIENTED_EDGE('',*,*,#9787,.F.);
#9844 = ORIENTED_EDGE('',*,*,#9845,.T.);
#9845 = EDGE_CURVE('',#9788,#9788,#9846,.T.);
#9846 = SURFACE_CURVE('',#9847,(#9852,#9859),.PCURVE_S1.);
#9847 = CIRCLE('',#9848,19.);
#9848 = AXIS2_PLACEMENT_3D('',#9849,#9850,#9851);
#9849 = CARTESIAN_POINT('',(62.5,0.,1.01278E+03));
#9850 = DIRECTION('',(1.,0.,-0.));
#9851 = DIRECTION('',(0.,0.,1.));
#9852 = PCURVE('',#9798,#9853);
#9853 = DEFINITIONAL_REPRESENTATION('',(#9854),#9858);
#9854 = LINE('',#9855,#9856);
#9855 = CARTESIAN_POINT('',(0.,150.));
#9856 = VECTOR('',#9857,1.);
#9857 = DIRECTION('',(1.,0.));
#9858 = ( GEOMETRIC_REPRESENTATION_CONTEXT(2) 
PARAMETRIC_REPRESENTATION_CONTEXT() REPRESENTATION_CONTEXT('2D SPACE',''
  ) );
#9859 = PCURVE('',#9772,#9860);
#9860 = DEFINITIONAL_REPRESENTATION('',(#9861),#9865);
#9861 = LINE('',#9862,#9863);
#9862 = CARTESIAN_POINT('',(0.,150.));
#9863 = VECTOR('',#9864,1.);
#9864 = DIRECTION('',(1.,0.));
#9865 = ( GEOMETRIC_REPRESENTATION_CONTEXT(2) 
PARAMETRIC_REPRESENTATION_CONTEXT() REPRESENTATION_CONTEXT('2D SPACE',''
  ) );
#9866 = ADVANCED_FACE('',(#9867),#9772,.T.);
#9867 = FACE_BOUND('',#9868,.T.);
#9868 = EDGE_LOOP('',(#9869,#9890,#9891,#9892));
#9869 = ORIENTED_EDGE('',*,*,#9870,.T.);
#9870 = EDGE_CURVE('',#9702,#9788,#9871,.T.);
#9871 = SEAM_CURVE('',#9872,(#9876,#9883),.PCURVE_S1.);
#9872 = LINE('',#9873,#9874);
#9873 = CARTESIAN_POINT('',(-87.5,4.65365783676E-15,1.03178E+03));
#9874 = VECTOR('',#9875,1.);
#9875 = DIRECTION('',(1.,0.,0.));
#9876 = PCURVE('',#9772,#9877);
#9877 = DEFINITIONAL_REPRESENTATION('',(#9878),#9882);
#9878 = LINE('',#9879,#9880);
#9879 = CARTESIAN_POINT('',(6.28318530718,0.));
#9880 = VECTOR('',#9881,1.);
#9881 = DIRECTION('',(0.,1.));
#9882 = ( GEOMETRIC_REPRESENTATION_CONTEXT(2) 
PARAMETRIC_REPRESENTATION_CONTEXT() REPRESENTATION_CONTEXT('2D SPACE',''
  ) );
#9883 = PCURVE('',#9772,#9884);
#9884 = DEFINITIONAL_REPRESENTATION('',(#9885),#9889);
#9885 = LINE('',#9886,#9887);
#9886 = CARTESIAN_POINT('',(4.138911435803E-13,0.));
#9887 = VECTOR('',#9888,1.);
#9888 = DIRECTION('',(0.,1.));
#9889 = ( GEOMETRIC_REPRESENTATION_CONTEXT(2) 
PARAMETRIC_REPRESENTATION_CONTEXT() REPRESENTATION_CONTEXT('2D SPACE',''
  ) );
#9890 = ORIENTED_EDGE('',*,*,#9845,.F.);
#9891 = ORIENTED_EDGE('',*,*,#9870,.F.);
#9892 = ORIENTED_EDGE('',*,*,#9757,.T.);
#9893 = ADVANCED_FACE('',(#9894),#9832,.T.);
#9894 = FACE_BOUND('',#9895,.T.);
#9895 = EDGE_LOOP('',(#9896));
#9896 = ORIENTED_EDGE('',*,*,#9817,.T.);
#9897 = ADVANCED_FACE('',(#9898),#9744,.F.);
#9898 = FACE_BOUND('',#9899,.T.);
#9899 = EDGE_LOOP('',(#9900));
#9900 = ORIENTED_EDGE('',*,*,#9729,.F.);
#9901 = ( GEOMETRIC_REPRESENTATION_CONTEXT(3) 
GLOBAL_UNCERTAINTY_ASSIGNED_CONTEXT((#9905)) 
GLOBAL_UNIT_ASSIGNED_CONTEXT((#9902,#9903,#9904)) REPRESENTATION_CONTEXT
('Context #1','3D Context with UNIT and UNCERTAINTY') );
#9902 = ( LENGTH_UNIT() NAMED_UNIT(*) SI_UNIT(.MILLI.,.METRE.) );
#9903 = ( NAMED_UNIT(*) PLANE_ANGLE_UNIT() SI_UNIT($,.RADIAN.) );
#9904 = ( NAMED_UNIT(*) SI_UNIT($,.STERADIAN.) SOLID_ANGLE_UNIT() );
#9905 = UNCERTAINTY_MEASURE_WITH_UNIT(LENGTH_MEASURE(1.E-07),#9902,
  'distance_accuracy_value','confusion accuracy');
#9906 = CONTEXT_DEPENDENT_SHAPE_REPRESENTATION(#9907,#9909);
#9907 = ( REPRESENTATION_RELATIONSHIP('','',#9692,#10) 
REPRESENTATION_RELATIONSHIP_WITH_TRANSFORMATION(#9908) 
SHAPE_REPRESENTATION_RELATIONSHIP() );
#9908 = ITEM_DEFINED_TRANSFORMATION('','',#11,#19);
#9909 = PRODUCT_DEFINITION_SHAPE('Placement','Placement of an item',
  #9910);
#9910 = NEXT_ASSEMBLY_USAGE_OCCURRENCE('8','SHAFT_300M_CONTINUOUS','',#5
  ,#9687,$);
#9911 = PRODUCT_RELATED_PRODUCT_CATEGORY('part',$,(#9689));
#9912 = SHAPE_DEFINITION_REPRESENTATION(#9913,#9919);
#9913 = PRODUCT_DEFINITION_SHAPE('','',#9914);
#9914 = PRODUCT_DEFINITION('design','',#9915,#9918);
#9915 = PRODUCT_DEFINITION_FORMATION('','',#9916);
#9916 = PRODUCT('BUSHING_LEFT_AMS4640','BUSHING_LEFT_AMS4640','',(#9917)
  );
#9917 = PRODUCT_CONTEXT('',#2,'mechanical');
#9918 = PRODUCT_DEFINITION_CONTEXT('part definition',#2,'design');
#9919 = ADVANCED_BREP_SHAPE_REPRESENTATION('',(#11,#9920),#10456);
#9920 = MANIFOLD_SOLID_BREP('',#9921);
#9921 = CLOSED_SHELL('',(#9922,#10010,#10045,#10099,#10176,#10211,#10267
    ,#10321,#10356,#10428));
#9922 = ADVANCED_FACE('',(#9923),#9937,.T.);
#9923 = FACE_BOUND('',#9924,.T.);
#9924 = EDGE_LOOP('',(#9925,#9955,#9982,#9983));
#9925 = ORIENTED_EDGE('',*,*,#9926,.F.);
#9926 = EDGE_CURVE('',#9927,#9929,#9931,.T.);
#9927 = VERTEX_POINT('',#9928);
#9928 = CARTESIAN_POINT('',(-43.6921045499,6.123233995737E-15,
    1.03778E+03));
#9929 = VERTEX_POINT('',#9930);
#9930 = CARTESIAN_POINT('',(-15.1921045499,0.,1.03778E+03));
#9931 = SEAM_CURVE('',#9932,(#9936,#9948),.PCURVE_S1.);
#9932 = LINE('',#9933,#9934);
#9933 = CARTESIAN_POINT('',(-43.6921045499,6.123233995737E-15,
    1.03778E+03));
#9934 = VECTOR('',#9935,1.);
#9935 = DIRECTION('',(1.,0.,0.));
#9936 = PCURVE('',#9937,#9942);
#9937 = CYLINDRICAL_SURFACE('',#9938,25.);
#9938 = AXIS2_PLACEMENT_3D('',#9939,#9940,#9941);
#9939 = CARTESIAN_POINT('',(-43.6921045499,0.,1.01278E+03));
#9940 = DIRECTION('',(1.,0.,0.));
#9941 = DIRECTION('',(0.,0.,1.));
#9942 = DEFINITIONAL_REPRESENTATION('',(#9943),#9947);
#9943 = LINE('',#9944,#9945);
#9944 = CARTESIAN_POINT('',(0.,-0.));
#9945 = VECTOR('',#9946,1.);
#9946 = DIRECTION('',(0.,1.));
#9947 = ( GEOMETRIC_REPRESENTATION_CONTEXT(2) 
PARAMETRIC_REPRESENTATION_CONTEXT() REPRESENTATION_CONTEXT('2D SPACE',''
  ) );
#9948 = PCURVE('',#9937,#9949);
#9949 = DEFINITIONAL_REPRESENTATION('',(#9950),#9954);
#9950 = LINE('',#9951,#9952);
#9951 = CARTESIAN_POINT('',(6.28318530718,-0.));
#9952 = VECTOR('',#9953,1.);
#9953 = DIRECTION('',(0.,1.));
#9954 = ( GEOMETRIC_REPRESENTATION_CONTEXT(2) 
PARAMETRIC_REPRESENTATION_CONTEXT() REPRESENTATION_CONTEXT('2D SPACE',''
  ) );
#9955 = ORIENTED_EDGE('',*,*,#9956,.T.);
#9956 = EDGE_CURVE('',#9927,#9927,#9957,.T.);
#9957 = SURFACE_CURVE('',#9958,(#9963,#9970),.PCURVE_S1.);
#9958 = CIRCLE('',#9959,25.);
#9959 = AXIS2_PLACEMENT_3D('',#9960,#9961,#9962);
#9960 = CARTESIAN_POINT('',(-43.6921045499,0.,1.01278E+03));
#9961 = DIRECTION('',(1.,0.,-0.));
#9962 = DIRECTION('',(0.,0.,1.));
#9963 = PCURVE('',#9937,#9964);
#9964 = DEFINITIONAL_REPRESENTATION('',(#9965),#9969);
#9965 = LINE('',#9966,#9967);
#9966 = CARTESIAN_POINT('',(0.,0.));
#9967 = VECTOR('',#9968,1.);
#9968 = DIRECTION('',(1.,0.));
#9969 = ( GEOMETRIC_REPRESENTATION_CONTEXT(2) 
PARAMETRIC_REPRESENTATION_CONTEXT() REPRESENTATION_CONTEXT('2D SPACE',''
  ) );
#9970 = PCURVE('',#9971,#9976);
#9971 = PLANE('',#9972);
#9972 = AXIS2_PLACEMENT_3D('',#9973,#9974,#9975);
#9973 = CARTESIAN_POINT('',(-43.6921045499,0.,1.01278E+03));
#9974 = DIRECTION('',(1.,0.,0.));
#9975 = DIRECTION('',(0.,0.,1.));
#9976 = DEFINITIONAL_REPRESENTATION('',(#9977),#9981);
#9977 = CIRCLE('',#9978,25.);
#9978 = AXIS2_PLACEMENT_2D('',#9979,#9980);
#9979 = CARTESIAN_POINT('',(0.,0.));
#9980 = DIRECTION('',(1.,0.));
#9981 = ( GEOMETRIC_REPRESENTATION_CONTEXT(2) 
PARAMETRIC_REPRESENTATION_CONTEXT() REPRESENTATION_CONTEXT('2D SPACE',''
  ) );
#9982 = ORIENTED_EDGE('',*,*,#9926,.T.);
#9983 = ORIENTED_EDGE('',*,*,#9984,.F.);
#9984 = EDGE_CURVE('',#9929,#9929,#9985,.T.);
#9985 = SURFACE_CURVE('',#9986,(#9991,#9998),.PCURVE_S1.);
#9986 = CIRCLE('',#9987,25.);
#9987 = AXIS2_PLACEMENT_3D('',#9988,#9989,#9990);
#9988 = CARTESIAN_POINT('',(-15.1921045499,0.,1.01278E+03));
#9989 = DIRECTION('',(1.,0.,-0.));
#9990 = DIRECTION('',(0.,0.,1.));
#9991 = PCURVE('',#9937,#9992);
#9992 = DEFINITIONAL_REPRESENTATION('',(#9993),#9997);
#9993 = LINE('',#9994,#9995);
#9994 = CARTESIAN_POINT('',(0.,28.5));
#9995 = VECTOR('',#9996,1.);
#9996 = DIRECTION('',(1.,0.));
#9997 = ( GEOMETRIC_REPRESENTATION_CONTEXT(2) 
PARAMETRIC_REPRESENTATION_CONTEXT() REPRESENTATION_CONTEXT('2D SPACE',''
  ) );
#9998 = PCURVE('',#9999,#10004);
#9999 = TOROIDAL_SURFACE('',#10000,23.5,1.5);
#10000 = AXIS2_PLACEMENT_3D('',#10001,#10002,#10003);
#10001 = CARTESIAN_POINT('',(-15.1921045499,0.,1.01278E+03));
#10002 = DIRECTION('',(1.,0.,0.));
#10003 = DIRECTION('',(0.,0.,1.));
#10004 = DEFINITIONAL_REPRESENTATION('',(#10005),#10009);
#10005 = LINE('',#10006,#10007);
#10006 = CARTESIAN_POINT('',(0.,0.));
#10007 = VECTOR('',#10008,1.);
#10008 = DIRECTION('',(1.,0.));
#10009 = ( GEOMETRIC_REPRESENTATION_CONTEXT(2) 
PARAMETRIC_REPRESENTATION_CONTEXT() REPRESENTATION_CONTEXT('2D SPACE',''
  ) );
#10010 = ADVANCED_FACE('',(#10011,#10042),#9971,.T.);
#10011 = FACE_BOUND('',#10012,.T.);
#10012 = EDGE_LOOP('',(#10013));
#10013 = ORIENTED_EDGE('',*,*,#10014,.T.);
#10014 = EDGE_CURVE('',#10015,#10015,#10017,.T.);
#10015 = VERTEX_POINT('',#10016);
#10016 = CARTESIAN_POINT('',(-43.6921045499,7.347880794884E-15,
    1.04278E+03));
#10017 = SURFACE_CURVE('',#10018,(#10023,#10030),.PCURVE_S1.);
#10018 = CIRCLE('',#10019,30.);
#10019 = AXIS2_PLACEMENT_3D('',#10020,#10021,#10022);
#10020 = CARTESIAN_POINT('',(-43.6921045499,0.,1.01278E+03));
#10021 = DIRECTION('',(1.,0.,-0.));
#10022 = DIRECTION('',(0.,0.,1.));
#10023 = PCURVE('',#9971,#10024);
#10024 = DEFINITIONAL_REPRESENTATION('',(#10025),#10029);
#10025 = CIRCLE('',#10026,30.);
#10026 = AXIS2_PLACEMENT_2D('',#10027,#10028);
#10027 = CARTESIAN_POINT('',(0.,0.));
#10028 = DIRECTION('',(1.,0.));
#10029 = ( GEOMETRIC_REPRESENTATION_CONTEXT(2) 
PARAMETRIC_REPRESENTATION_CONTEXT() REPRESENTATION_CONTEXT('2D SPACE',''
  ) );
#10030 = PCURVE('',#10031,#10036);
#10031 = CYLINDRICAL_SURFACE('',#10032,30.);
#10032 = AXIS2_PLACEMENT_3D('',#10033,#10034,#10035);
#10033 = CARTESIAN_POINT('',(-46.6921045499,0.,1.01278E+03));
#10034 = DIRECTION('',(1.,0.,0.));
#10035 = DIRECTION('',(0.,0.,1.));
#10036 = DEFINITIONAL_REPRESENTATION('',(#10037),#10041);
#10037 = LINE('',#10038,#10039);
#10038 = CARTESIAN_POINT('',(0.,3.));
#10039 = VECTOR('',#10040,1.);
#10040 = DIRECTION('',(1.,0.));
#10041 = ( GEOMETRIC_REPRESENTATION_CONTEXT(2) 
PARAMETRIC_REPRESENTATION_CONTEXT() REPRESENTATION_CONTEXT('2D SPACE',''
  ) );
#10042 = FACE_BOUND('',#10043,.T.);
#10043 = EDGE_LOOP('',(#10044));
#10044 = ORIENTED_EDGE('',*,*,#9956,.F.);
#10045 = ADVANCED_FACE('',(#10046),#9999,.T.);
#10046 = FACE_BOUND('',#10047,.T.);
#10047 = EDGE_LOOP('',(#10048,#10070,#10071,#10072));
#10048 = ORIENTED_EDGE('',*,*,#10049,.F.);
#10049 = EDGE_CURVE('',#9929,#10050,#10052,.T.);
#10050 = VERTEX_POINT('',#10051);
#10051 = CARTESIAN_POINT('',(-13.6921045499,0.,1.03628E+03));
#10052 = SEAM_CURVE('',#10053,(#10058,#10064),.PCURVE_S1.);
#10053 = CIRCLE('',#10054,1.5);
#10054 = AXIS2_PLACEMENT_3D('',#10055,#10056,#10057);
#10055 = CARTESIAN_POINT('',(-15.1921045499,0.,1.03628E+03));
#10056 = DIRECTION('',(0.,1.,0.));
#10057 = DIRECTION('',(0.,0.,1.));
#10058 = PCURVE('',#9999,#10059);
#10059 = DEFINITIONAL_REPRESENTATION('',(#10060),#10063);
#10060 = B_SPLINE_CURVE_WITH_KNOTS('',1,(#10061,#10062),.UNSPECIFIED.,
  .F.,.F.,(2,2),(0.,1.570796326795),.PIECEWISE_BEZIER_KNOTS.);
#10061 = CARTESIAN_POINT('',(0.,0.));
#10062 = CARTESIAN_POINT('',(0.,1.570796326795));
#10063 = ( GEOMETRIC_REPRESENTATION_CONTEXT(2) 
PARAMETRIC_REPRESENTATION_CONTEXT() REPRESENTATION_CONTEXT('2D SPACE',''
  ) );
#10064 = PCURVE('',#9999,#10065);
#10065 = DEFINITIONAL_REPRESENTATION('',(#10066),#10069);
#10066 = B_SPLINE_CURVE_WITH_KNOTS('',1,(#10067,#10068),.UNSPECIFIED.,
  .F.,.F.,(2,2),(0.,1.570796326795),.PIECEWISE_BEZIER_KNOTS.);
#10067 = CARTESIAN_POINT('',(6.28318530718,0.));
#10068 = CARTESIAN_POINT('',(6.28318530718,1.570796326795));
#10069 = ( GEOMETRIC_REPRESENTATION_CONTEXT(2) 
PARAMETRIC_REPRESENTATION_CONTEXT() REPRESENTATION_CONTEXT('2D SPACE',''
  ) );
#10070 = ORIENTED_EDGE('',*,*,#9984,.T.);
#10071 = ORIENTED_EDGE('',*,*,#10049,.T.);
#10072 = ORIENTED_EDGE('',*,*,#10073,.F.);
#10073 = EDGE_CURVE('',#10050,#10050,#10074,.T.);
#10074 = SURFACE_CURVE('',#10075,(#10080,#10087),.PCURVE_S1.);
#10075 = CIRCLE('',#10076,23.5);
#10076 = AXIS2_PLACEMENT_3D('',#10077,#10078,#10079);
#10077 = CARTESIAN_POINT('',(-13.6921045499,0.,1.01278E+03));
#10078 = DIRECTION('',(1.,0.,-0.));
#10079 = DIRECTION('',(0.,0.,1.));
#10080 = PCURVE('',#9999,#10081);
#10081 = DEFINITIONAL_REPRESENTATION('',(#10082),#10086);
#10082 = LINE('',#10083,#10084);
#10083 = CARTESIAN_POINT('',(0.,1.570796326795));
#10084 = VECTOR('',#10085,1.);
#10085 = DIRECTION('',(1.,0.));
#10086 = ( GEOMETRIC_REPRESENTATION_CONTEXT(2) 
PARAMETRIC_REPRESENTATION_CONTEXT() REPRESENTATION_CONTEXT('2D SPACE',''
  ) );
#10087 = PCURVE('',#10088,#10093);
#10088 = PLANE('',#10089);
#10089 = AXIS2_PLACEMENT_3D('',#10090,#10091,#10092);
#10090 = CARTESIAN_POINT('',(-13.6921045499,0.,1.01278E+03));
#10091 = DIRECTION('',(1.,0.,0.));
#10092 = DIRECTION('',(0.,0.,1.));
#10093 = DEFINITIONAL_REPRESENTATION('',(#10094),#10098);
#10094 = CIRCLE('',#10095,23.5);
#10095 = AXIS2_PLACEMENT_2D('',#10096,#10097);
#10096 = CARTESIAN_POINT('',(0.,0.));
#10097 = DIRECTION('',(1.,0.));
#10098 = ( GEOMETRIC_REPRESENTATION_CONTEXT(2) 
PARAMETRIC_REPRESENTATION_CONTEXT() REPRESENTATION_CONTEXT('2D SPACE',''
  ) );
#10099 = ADVANCED_FACE('',(#10100),#10031,.T.);
#10100 = FACE_BOUND('',#10101,.T.);
#10101 = EDGE_LOOP('',(#10102,#10125,#10126,#10127,#10155));
#10102 = ORIENTED_EDGE('',*,*,#10103,.T.);
#10103 = EDGE_CURVE('',#10104,#10015,#10106,.T.);
#10104 = VERTEX_POINT('',#10105);
#10105 = CARTESIAN_POINT('',(-46.6921045499,7.347880794884E-15,
    1.04278E+03));
#10106 = SEAM_CURVE('',#10107,(#10111,#10118),.PCURVE_S1.);
#10107 = LINE('',#10108,#10109);
#10108 = CARTESIAN_POINT('',(-46.6921045499,7.347880794884E-15,
    1.04278E+03));
#10109 = VECTOR('',#10110,1.);
#10110 = DIRECTION('',(1.,0.,0.));
#10111 = PCURVE('',#10031,#10112);
#10112 = DEFINITIONAL_REPRESENTATION('',(#10113),#10117);
#10113 = LINE('',#10114,#10115);
#10114 = CARTESIAN_POINT('',(6.28318530718,0.));
#10115 = VECTOR('',#10116,1.);
#10116 = DIRECTION('',(0.,1.));
#10117 = ( GEOMETRIC_REPRESENTATION_CONTEXT(2) 
PARAMETRIC_REPRESENTATION_CONTEXT() REPRESENTATION_CONTEXT('2D SPACE',''
  ) );
#10118 = PCURVE('',#10031,#10119);
#10119 = DEFINITIONAL_REPRESENTATION('',(#10120),#10124);
#10120 = LINE('',#10121,#10122);
#10121 = CARTESIAN_POINT('',(4.138911435803E-13,0.));
#10122 = VECTOR('',#10123,1.);
#10123 = DIRECTION('',(0.,1.));
#10124 = ( GEOMETRIC_REPRESENTATION_CONTEXT(2) 
PARAMETRIC_REPRESENTATION_CONTEXT() REPRESENTATION_CONTEXT('2D SPACE',''
  ) );
#10125 = ORIENTED_EDGE('',*,*,#10014,.F.);
#10126 = ORIENTED_EDGE('',*,*,#10103,.F.);
#10127 = ORIENTED_EDGE('',*,*,#10128,.T.);
#10128 = EDGE_CURVE('',#10104,#10129,#10131,.T.);
#10129 = VERTEX_POINT('',#10130);
#10130 = CARTESIAN_POINT('',(-46.6921045499,30.,1.01278E+03));
#10131 = SURFACE_CURVE('',#10132,(#10137,#10144),.PCURVE_S1.);
#10132 = CIRCLE('',#10133,30.);
#10133 = AXIS2_PLACEMENT_3D('',#10134,#10135,#10136);
#10134 = CARTESIAN_POINT('',(-46.6921045499,0.,1.01278E+03));
#10135 = DIRECTION('',(1.,0.,-0.));
#10136 = DIRECTION('',(0.,0.,1.));
#10137 = PCURVE('',#10031,#10138);
#10138 = DEFINITIONAL_REPRESENTATION('',(#10139),#10143);
#10139 = LINE('',#10140,#10141);
#10140 = CARTESIAN_POINT('',(0.,0.));
#10141 = VECTOR('',#10142,1.);
#10142 = DIRECTION('',(1.,0.));
#10143 = ( GEOMETRIC_REPRESENTATION_CONTEXT(2) 
PARAMETRIC_REPRESENTATION_CONTEXT() REPRESENTATION_CONTEXT('2D SPACE',''
  ) );
#10144 = PCURVE('',#10145,#10150);
#10145 = CYLINDRICAL_SURFACE('',#10146,30.);
#10146 = AXIS2_PLACEMENT_3D('',#10147,#10148,#10149);
#10147 = CARTESIAN_POINT('',(-47.1921045499,0.,1.01278E+03));
#10148 = DIRECTION('',(-1.,-0.,-0.));
#10149 = DIRECTION('',(0.,1.,0.));
#10150 = DEFINITIONAL_REPRESENTATION('',(#10151),#10154);
#10151 = B_SPLINE_CURVE_WITH_KNOTS('',1,(#10152,#10153),.UNSPECIFIED.,
  .F.,.F.,(2,2),(0.,4.712388980385),.PIECEWISE_BEZIER_KNOTS.);
#10152 = CARTESIAN_POINT('',(4.712388980385,-0.5));
#10153 = CARTESIAN_POINT('',(-4.138911435803E-13,-0.5));
#10154 = ( GEOMETRIC_REPRESENTATION_CONTEXT(2) 
PARAMETRIC_REPRESENTATION_CONTEXT() REPRESENTATION_CONTEXT('2D SPACE',''
  ) );
#10155 = ORIENTED_EDGE('',*,*,#10156,.T.);
#10156 = EDGE_CURVE('',#10129,#10104,#10157,.T.);
#10157 = SURFACE_CURVE('',#10158,(#10163,#10170),.PCURVE_S1.);
#10158 = CIRCLE('',#10159,30.);
#10159 = AXIS2_PLACEMENT_3D('',#10160,#10161,#10162);
#10160 = CARTESIAN_POINT('',(-46.6921045499,0.,1.01278E+03));
#10161 = DIRECTION('',(1.,0.,-0.));
#10162 = DIRECTION('',(0.,0.,1.));
#10163 = PCURVE('',#10031,#10164);
#10164 = DEFINITIONAL_REPRESENTATION('',(#10165),#10169);
#10165 = LINE('',#10166,#10167);
#10166 = CARTESIAN_POINT('',(0.,0.));
#10167 = VECTOR('',#10168,1.);
#10168 = DIRECTION('',(1.,0.));
#10169 = ( GEOMETRIC_REPRESENTATION_CONTEXT(2) 
PARAMETRIC_REPRESENTATION_CONTEXT() REPRESENTATION_CONTEXT('2D SPACE',''
  ) );
#10170 = PCURVE('',#10145,#10171);
#10171 = DEFINITIONAL_REPRESENTATION('',(#10172),#10175);
#10172 = B_SPLINE_CURVE_WITH_KNOTS('',1,(#10173,#10174),.UNSPECIFIED.,
  .F.,.F.,(2,2),(4.712388980385,6.28318530718),
  .PIECEWISE_BEZIER_KNOTS.);
#10173 = CARTESIAN_POINT('',(6.28318530718,-0.5));
#10174 = CARTESIAN_POINT('',(4.712388980385,-0.5));
#10175 = ( GEOMETRIC_REPRESENTATION_CONTEXT(2) 
PARAMETRIC_REPRESENTATION_CONTEXT() REPRESENTATION_CONTEXT('2D SPACE',''
  ) );
#10176 = ADVANCED_FACE('',(#10177,#10180),#10088,.T.);
#10177 = FACE_BOUND('',#10178,.T.);
#10178 = EDGE_LOOP('',(#10179));
#10179 = ORIENTED_EDGE('',*,*,#10073,.T.);
#10180 = FACE_BOUND('',#10181,.T.);
#10181 = EDGE_LOOP('',(#10182));
#10182 = ORIENTED_EDGE('',*,*,#10183,.F.);
#10183 = EDGE_CURVE('',#10184,#10184,#10186,.T.);
#10184 = VERTEX_POINT('',#10185);
#10185 = CARTESIAN_POINT('',(-13.6921045499,4.65365783676E-15,
    1.03178E+03));
#10186 = SURFACE_CURVE('',#10187,(#10192,#10199),.PCURVE_S1.);
#10187 = CIRCLE('',#10188,19.);
#10188 = AXIS2_PLACEMENT_3D('',#10189,#10190,#10191);
#10189 = CARTESIAN_POINT('',(-13.6921045499,0.,1.01278E+03));
#10190 = DIRECTION('',(1.,0.,-0.));
#10191 = DIRECTION('',(0.,0.,1.));
#10192 = PCURVE('',#10088,#10193);
#10193 = DEFINITIONAL_REPRESENTATION('',(#10194),#10198);
#10194 = CIRCLE('',#10195,19.);
#10195 = AXIS2_PLACEMENT_2D('',#10196,#10197);
#10196 = CARTESIAN_POINT('',(0.,0.));
#10197 = DIRECTION('',(1.,0.));
#10198 = ( GEOMETRIC_REPRESENTATION_CONTEXT(2) 
PARAMETRIC_REPRESENTATION_CONTEXT() REPRESENTATION_CONTEXT('2D SPACE',''
  ) );
#10199 = PCURVE('',#10200,#10205);
#10200 = CYLINDRICAL_SURFACE('',#10201,19.);
#10201 = AXIS2_PLACEMENT_3D('',#10202,#10203,#10204);
#10202 = CARTESIAN_POINT('',(-43.7921045499,0.,1.01278E+03));
#10203 = DIRECTION('',(1.,0.,0.));
#10204 = DIRECTION('',(0.,0.,1.));
#10205 = DEFINITIONAL_REPRESENTATION('',(#10206),#10210);
#10206 = LINE('',#10207,#10208);
#10207 = CARTESIAN_POINT('',(0.,30.1));
#10208 = VECTOR('',#10209,1.);
#10209 = DIRECTION('',(1.,0.));
#10210 = ( GEOMETRIC_REPRESENTATION_CONTEXT(2) 
PARAMETRIC_REPRESENTATION_CONTEXT() REPRESENTATION_CONTEXT('2D SPACE',''
  ) );
#10211 = ADVANCED_FACE('',(#10212),#10145,.T.);
#10212 = FACE_BOUND('',#10213,.T.);
#10213 = EDGE_LOOP('',(#10214,#10237,#10238,#10239,#10240));
#10214 = ORIENTED_EDGE('',*,*,#10215,.T.);
#10215 = EDGE_CURVE('',#10216,#10129,#10218,.T.);
#10216 = VERTEX_POINT('',#10217);
#10217 = CARTESIAN_POINT('',(-47.1921045499,30.,1.01278E+03));
#10218 = SEAM_CURVE('',#10219,(#10223,#10230),.PCURVE_S1.);
#10219 = LINE('',#10220,#10221);
#10220 = CARTESIAN_POINT('',(-47.1921045499,30.,1.01278E+03));
#10221 = VECTOR('',#10222,1.);
#10222 = DIRECTION('',(1.,0.,0.));
#10223 = PCURVE('',#10145,#10224);
#10224 = DEFINITIONAL_REPRESENTATION('',(#10225),#10229);
#10225 = LINE('',#10226,#10227);
#10226 = CARTESIAN_POINT('',(4.138911435803E-13,0.));
#10227 = VECTOR('',#10228,1.);
#10228 = DIRECTION('',(-0.,-1.));
#10229 = ( GEOMETRIC_REPRESENTATION_CONTEXT(2) 
PARAMETRIC_REPRESENTATION_CONTEXT() REPRESENTATION_CONTEXT('2D SPACE',''
  ) );
#10230 = PCURVE('',#10145,#10231);
#10231 = DEFINITIONAL_REPRESENTATION('',(#10232),#10236);
#10232 = LINE('',#10233,#10234);
#10233 = CARTESIAN_POINT('',(6.283185307179,0.));
#10234 = VECTOR('',#10235,1.);
#10235 = DIRECTION('',(-0.,-1.));
#10236 = ( GEOMETRIC_REPRESENTATION_CONTEXT(2) 
PARAMETRIC_REPRESENTATION_CONTEXT() REPRESENTATION_CONTEXT('2D SPACE',''
  ) );
#10237 = ORIENTED_EDGE('',*,*,#10128,.F.);
#10238 = ORIENTED_EDGE('',*,*,#10156,.F.);
#10239 = ORIENTED_EDGE('',*,*,#10215,.F.);
#10240 = ORIENTED_EDGE('',*,*,#10241,.T.);
#10241 = EDGE_CURVE('',#10216,#10216,#10242,.T.);
#10242 = SURFACE_CURVE('',#10243,(#10248,#10255),.PCURVE_S1.);
#10243 = CIRCLE('',#10244,30.);
#10244 = AXIS2_PLACEMENT_3D('',#10245,#10246,#10247);
#10245 = CARTESIAN_POINT('',(-47.1921045499,0.,1.01278E+03));
#10246 = DIRECTION('',(1.,0.,0.));
#10247 = DIRECTION('',(0.,1.,0.));
#10248 = PCURVE('',#10145,#10249);
#10249 = DEFINITIONAL_REPRESENTATION('',(#10250),#10254);
#10250 = LINE('',#10251,#10252);
#10251 = CARTESIAN_POINT('',(6.28318530718,0.));
#10252 = VECTOR('',#10253,1.);
#10253 = DIRECTION('',(-1.,0.));
#10254 = ( GEOMETRIC_REPRESENTATION_CONTEXT(2) 
PARAMETRIC_REPRESENTATION_CONTEXT() REPRESENTATION_CONTEXT('2D SPACE',''
  ) );
#10255 = PCURVE('',#10256,#10261);
#10256 = PLANE('',#10257);
#10257 = AXIS2_PLACEMENT_3D('',#10258,#10259,#10260);
#10258 = CARTESIAN_POINT('',(-47.1921045499,5.834411232168E-15,
    1.01278E+03));
#10259 = DIRECTION('',(1.,0.,0.));
#10260 = DIRECTION('',(0.,0.,1.));
#10261 = DEFINITIONAL_REPRESENTATION('',(#10262),#10266);
#10262 = CIRCLE('',#10263,30.);
#10263 = AXIS2_PLACEMENT_2D('',#10264,#10265);
#10264 = CARTESIAN_POINT('',(0.,5.834411232168E-15));
#10265 = DIRECTION('',(0.,-1.));
#10266 = ( GEOMETRIC_REPRESENTATION_CONTEXT(2) 
PARAMETRIC_REPRESENTATION_CONTEXT() REPRESENTATION_CONTEXT('2D SPACE',''
  ) );
#10267 = ADVANCED_FACE('',(#10268),#10200,.F.);
#10268 = FACE_BOUND('',#10269,.F.);
#10269 = EDGE_LOOP('',(#10270,#10271,#10294,#10320));
#10270 = ORIENTED_EDGE('',*,*,#10183,.F.);
#10271 = ORIENTED_EDGE('',*,*,#10272,.F.);
#10272 = EDGE_CURVE('',#10273,#10184,#10275,.T.);
#10273 = VERTEX_POINT('',#10274);
#10274 = CARTESIAN_POINT('',(-43.6921045499,4.65365783676E-15,
    1.03178E+03));
#10275 = SEAM_CURVE('',#10276,(#10280,#10287),.PCURVE_S1.);
#10276 = LINE('',#10277,#10278);
#10277 = CARTESIAN_POINT('',(-43.7921045499,4.65365783676E-15,
    1.03178E+03));
#10278 = VECTOR('',#10279,1.);
#10279 = DIRECTION('',(1.,0.,0.));
#10280 = PCURVE('',#10200,#10281);
#10281 = DEFINITIONAL_REPRESENTATION('',(#10282),#10286);
#10282 = LINE('',#10283,#10284);
#10283 = CARTESIAN_POINT('',(0.,-0.));
#10284 = VECTOR('',#10285,1.);
#10285 = DIRECTION('',(0.,1.));
#10286 = ( GEOMETRIC_REPRESENTATION_CONTEXT(2) 
PARAMETRIC_REPRESENTATION_CONTEXT() REPRESENTATION_CONTEXT('2D SPACE',''
  ) );
#10287 = PCURVE('',#10200,#10288);
#10288 = DEFINITIONAL_REPRESENTATION('',(#10289),#10293);
#10289 = LINE('',#10290,#10291);
#10290 = CARTESIAN_POINT('',(6.28318530718,-0.));
#10291 = VECTOR('',#10292,1.);
#10292 = DIRECTION('',(0.,1.));
#10293 = ( GEOMETRIC_REPRESENTATION_CONTEXT(2) 
PARAMETRIC_REPRESENTATION_CONTEXT() REPRESENTATION_CONTEXT('2D SPACE',''
  ) );
#10294 = ORIENTED_EDGE('',*,*,#10295,.T.);
#10295 = EDGE_CURVE('',#10273,#10273,#10296,.T.);
#10296 = SURFACE_CURVE('',#10297,(#10302,#10309),.PCURVE_S1.);
#10297 = CIRCLE('',#10298,19.);
#10298 = AXIS2_PLACEMENT_3D('',#10299,#10300,#10301);
#10299 = CARTESIAN_POINT('',(-43.6921045499,0.,1.01278E+03));
#10300 = DIRECTION('',(1.,0.,-0.));
#10301 = DIRECTION('',(0.,0.,1.));
#10302 = PCURVE('',#10200,#10303);
#10303 = DEFINITIONAL_REPRESENTATION('',(#10304),#10308);
#10304 = LINE('',#10305,#10306);
#10305 = CARTESIAN_POINT('',(0.,0.1));
#10306 = VECTOR('',#10307,1.);
#10307 = DIRECTION('',(1.,0.));
#10308 = ( GEOMETRIC_REPRESENTATION_CONTEXT(2) 
PARAMETRIC_REPRESENTATION_CONTEXT() REPRESENTATION_CONTEXT('2D SPACE',''
  ) );
#10309 = PCURVE('',#10310,#10315);
#10310 = CYLINDRICAL_SURFACE('',#10311,19.);
#10311 = AXIS2_PLACEMENT_3D('',#10312,#10313,#10314);
#10312 = CARTESIAN_POINT('',(-46.7921045499,0.,1.01278E+03));
#10313 = DIRECTION('',(1.,0.,0.));
#10314 = DIRECTION('',(0.,0.,1.));
#10315 = DEFINITIONAL_REPRESENTATION('',(#10316),#10319);
#10316 = B_SPLINE_CURVE_WITH_KNOTS('',1,(#10317,#10318),.UNSPECIFIED.,
  .F.,.F.,(2,2),(0.,6.28318530718),.PIECEWISE_BEZIER_KNOTS.);
#10317 = CARTESIAN_POINT('',(0.,3.1));
#10318 = CARTESIAN_POINT('',(6.28318530718,3.1));
#10319 = ( GEOMETRIC_REPRESENTATION_CONTEXT(2) 
PARAMETRIC_REPRESENTATION_CONTEXT() REPRESENTATION_CONTEXT('2D SPACE',''
  ) );
#10320 = ORIENTED_EDGE('',*,*,#10272,.T.);
#10321 = ADVANCED_FACE('',(#10322,#10325),#10256,.F.);
#10322 = FACE_BOUND('',#10323,.F.);
#10323 = EDGE_LOOP('',(#10324));
#10324 = ORIENTED_EDGE('',*,*,#10241,.T.);
#10325 = FACE_BOUND('',#10326,.F.);
#10326 = EDGE_LOOP('',(#10327));
#10327 = ORIENTED_EDGE('',*,*,#10328,.F.);
#10328 = EDGE_CURVE('',#10329,#10329,#10331,.T.);
#10329 = VERTEX_POINT('',#10330);
#10330 = CARTESIAN_POINT('',(-47.1921045499,19.,1.01278E+03));
#10331 = SURFACE_CURVE('',#10332,(#10337,#10344),.PCURVE_S1.);
#10332 = CIRCLE('',#10333,19.);
#10333 = AXIS2_PLACEMENT_3D('',#10334,#10335,#10336);
#10334 = CARTESIAN_POINT('',(-47.1921045499,1.402137665233E-13,
    1.01278E+03));
#10335 = DIRECTION('',(1.,0.,0.));
#10336 = DIRECTION('',(0.,1.,0.));
#10337 = PCURVE('',#10256,#10338);
#10338 = DEFINITIONAL_REPRESENTATION('',(#10339),#10343);
#10339 = CIRCLE('',#10340,19.);
#10340 = AXIS2_PLACEMENT_2D('',#10341,#10342);
#10341 = CARTESIAN_POINT('',(0.,-1.343793552911E-13));
#10342 = DIRECTION('',(0.,-1.));
#10343 = ( GEOMETRIC_REPRESENTATION_CONTEXT(2) 
PARAMETRIC_REPRESENTATION_CONTEXT() REPRESENTATION_CONTEXT('2D SPACE',''
  ) );
#10344 = PCURVE('',#10345,#10350);
#10345 = CYLINDRICAL_SURFACE('',#10346,19.);
#10346 = AXIS2_PLACEMENT_3D('',#10347,#10348,#10349);
#10347 = CARTESIAN_POINT('',(-47.1921045499,1.402137665233E-13,
    1.01278E+03));
#10348 = DIRECTION('',(-1.,-0.,-0.));
#10349 = DIRECTION('',(0.,1.,0.));
#10350 = DEFINITIONAL_REPRESENTATION('',(#10351),#10355);
#10351 = LINE('',#10352,#10353);
#10352 = CARTESIAN_POINT('',(6.28318530718,0.));
#10353 = VECTOR('',#10354,1.);
#10354 = DIRECTION('',(-1.,0.));
#10355 = ( GEOMETRIC_REPRESENTATION_CONTEXT(2) 
PARAMETRIC_REPRESENTATION_CONTEXT() REPRESENTATION_CONTEXT('2D SPACE',''
  ) );
#10356 = ADVANCED_FACE('',(#10357),#10310,.F.);
#10357 = FACE_BOUND('',#10358,.F.);
#10358 = EDGE_LOOP('',(#10359,#10382,#10383,#10384,#10407));
#10359 = ORIENTED_EDGE('',*,*,#10360,.T.);
#10360 = EDGE_CURVE('',#10361,#10273,#10363,.T.);
#10361 = VERTEX_POINT('',#10362);
#10362 = CARTESIAN_POINT('',(-46.6921045499,4.65365783676E-15,
    1.03178E+03));
#10363 = SEAM_CURVE('',#10364,(#10368,#10375),.PCURVE_S1.);
#10364 = LINE('',#10365,#10366);
#10365 = CARTESIAN_POINT('',(-46.7921045499,4.65365783676E-15,
    1.03178E+03));
#10366 = VECTOR('',#10367,1.);
#10367 = DIRECTION('',(1.,0.,0.));
#10368 = PCURVE('',#10310,#10369);
#10369 = DEFINITIONAL_REPRESENTATION('',(#10370),#10374);
#10370 = LINE('',#10371,#10372);
#10371 = CARTESIAN_POINT('',(6.28318530718,0.));
#10372 = VECTOR('',#10373,1.);
#10373 = DIRECTION('',(0.,1.));
#10374 = ( GEOMETRIC_REPRESENTATION_CONTEXT(2) 
PARAMETRIC_REPRESENTATION_CONTEXT() REPRESENTATION_CONTEXT('2D SPACE',''
  ) );
#10375 = PCURVE('',#10310,#10376);
#10376 = DEFINITIONAL_REPRESENTATION('',(#10377),#10381);
#10377 = LINE('',#10378,#10379);
#10378 = CARTESIAN_POINT('',(4.138911435803E-13,0.));
#10379 = VECTOR('',#10380,1.);
#10380 = DIRECTION('',(0.,1.));
#10381 = ( GEOMETRIC_REPRESENTATION_CONTEXT(2) 
PARAMETRIC_REPRESENTATION_CONTEXT() REPRESENTATION_CONTEXT('2D SPACE',''
  ) );
#10382 = ORIENTED_EDGE('',*,*,#10295,.F.);
#10383 = ORIENTED_EDGE('',*,*,#10360,.F.);
#10384 = ORIENTED_EDGE('',*,*,#10385,.T.);
#10385 = EDGE_CURVE('',#10361,#10386,#10388,.T.);
#10386 = VERTEX_POINT('',#10387);
#10387 = CARTESIAN_POINT('',(-46.6921045499,19.,1.01278E+03));
#10388 = SURFACE_CURVE('',#10389,(#10394,#10401),.PCURVE_S1.);
#10389 = CIRCLE('',#10390,19.);
#10390 = AXIS2_PLACEMENT_3D('',#10391,#10392,#10393);
#10391 = CARTESIAN_POINT('',(-46.6921045499,0.,1.01278E+03));
#10392 = DIRECTION('',(1.,0.,-0.));
#10393 = DIRECTION('',(0.,0.,1.));
#10394 = PCURVE('',#10310,#10395);
#10395 = DEFINITIONAL_REPRESENTATION('',(#10396),#10400);
#10396 = LINE('',#10397,#10398);
#10397 = CARTESIAN_POINT('',(0.,0.1));
#10398 = VECTOR('',#10399,1.);
#10399 = DIRECTION('',(1.,0.));
#10400 = ( GEOMETRIC_REPRESENTATION_CONTEXT(2) 
PARAMETRIC_REPRESENTATION_CONTEXT() REPRESENTATION_CONTEXT('2D SPACE',''
  ) );
#10401 = PCURVE('',#10345,#10402);
#10402 = DEFINITIONAL_REPRESENTATION('',(#10403),#10406);
#10403 = B_SPLINE_CURVE_WITH_KNOTS('',1,(#10404,#10405),.UNSPECIFIED.,
  .F.,.F.,(2,2),(0.,4.712388980385),.PIECEWISE_BEZIER_KNOTS.);
#10404 = CARTESIAN_POINT('',(4.712388980385,-0.5));
#10405 = CARTESIAN_POINT('',(-4.138911435803E-13,-0.5));
#10406 = ( GEOMETRIC_REPRESENTATION_CONTEXT(2) 
PARAMETRIC_REPRESENTATION_CONTEXT() REPRESENTATION_CONTEXT('2D SPACE',''
  ) );
#10407 = ORIENTED_EDGE('',*,*,#10408,.T.);
#10408 = EDGE_CURVE('',#10386,#10361,#10409,.T.);
#10409 = SURFACE_CURVE('',#10410,(#10415,#10422),.PCURVE_S1.);
#10410 = CIRCLE('',#10411,19.);
#10411 = AXIS2_PLACEMENT_3D('',#10412,#10413,#10414);
#10412 = CARTESIAN_POINT('',(-46.6921045499,0.,1.01278E+03));
#10413 = DIRECTION('',(1.,0.,-0.));
#10414 = DIRECTION('',(0.,0.,1.));
#10415 = PCURVE('',#10310,#10416);
#10416 = DEFINITIONAL_REPRESENTATION('',(#10417),#10421);
#10417 = LINE('',#10418,#10419);
#10418 = CARTESIAN_POINT('',(0.,0.1));
#10419 = VECTOR('',#10420,1.);
#10420 = DIRECTION('',(1.,0.));
#10421 = ( GEOMETRIC_REPRESENTATION_CONTEXT(2) 
PARAMETRIC_REPRESENTATION_CONTEXT() REPRESENTATION_CONTEXT('2D SPACE',''
  ) );
#10422 = PCURVE('',#10345,#10423);
#10423 = DEFINITIONAL_REPRESENTATION('',(#10424),#10427);
#10424 = B_SPLINE_CURVE_WITH_KNOTS('',1,(#10425,#10426),.UNSPECIFIED.,
  .F.,.F.,(2,2),(4.712388980385,6.28318530718),
  .PIECEWISE_BEZIER_KNOTS.);
#10425 = CARTESIAN_POINT('',(6.28318530718,-0.5));
#10426 = CARTESIAN_POINT('',(4.712388980385,-0.5));
#10427 = ( GEOMETRIC_REPRESENTATION_CONTEXT(2) 
PARAMETRIC_REPRESENTATION_CONTEXT() REPRESENTATION_CONTEXT('2D SPACE',''
  ) );
#10428 = ADVANCED_FACE('',(#10429),#10345,.F.);
#10429 = FACE_BOUND('',#10430,.F.);
#10430 = EDGE_LOOP('',(#10431,#10452,#10453,#10454,#10455));
#10431 = ORIENTED_EDGE('',*,*,#10432,.T.);
#10432 = EDGE_CURVE('',#10329,#10386,#10433,.T.);
#10433 = SEAM_CURVE('',#10434,(#10438,#10445),.PCURVE_S1.);
#10434 = LINE('',#10435,#10436);
#10435 = CARTESIAN_POINT('',(-47.1921045499,19.,1.01278E+03));
#10436 = VECTOR('',#10437,1.);
#10437 = DIRECTION('',(1.,0.,0.));
#10438 = PCURVE('',#10345,#10439);
#10439 = DEFINITIONAL_REPRESENTATION('',(#10440),#10444);
#10440 = LINE('',#10441,#10442);
#10441 = CARTESIAN_POINT('',(4.138911435803E-13,0.));
#10442 = VECTOR('',#10443,1.);
#10443 = DIRECTION('',(-0.,-1.));
#10444 = ( GEOMETRIC_REPRESENTATION_CONTEXT(2) 
PARAMETRIC_REPRESENTATION_CONTEXT() REPRESENTATION_CONTEXT('2D SPACE',''
  ) );
#10445 = PCURVE('',#10345,#10446);
#10446 = DEFINITIONAL_REPRESENTATION('',(#10447),#10451);
#10447 = LINE('',#10448,#10449);
#10448 = CARTESIAN_POINT('',(6.283185307179,0.));
#10449 = VECTOR('',#10450,1.);
#10450 = DIRECTION('',(-0.,-1.));
#10451 = ( GEOMETRIC_REPRESENTATION_CONTEXT(2) 
PARAMETRIC_REPRESENTATION_CONTEXT() REPRESENTATION_CONTEXT('2D SPACE',''
  ) );
#10452 = ORIENTED_EDGE('',*,*,#10385,.F.);
#10453 = ORIENTED_EDGE('',*,*,#10408,.F.);
#10454 = ORIENTED_EDGE('',*,*,#10432,.F.);
#10455 = ORIENTED_EDGE('',*,*,#10328,.T.);
#10456 = ( GEOMETRIC_REPRESENTATION_CONTEXT(3) 
GLOBAL_UNCERTAINTY_ASSIGNED_CONTEXT((#10460)) 
GLOBAL_UNIT_ASSIGNED_CONTEXT((#10457,#10458,#10459)) 
REPRESENTATION_CONTEXT('Context #1',
  '3D Context with UNIT and UNCERTAINTY') );
#10457 = ( LENGTH_UNIT() NAMED_UNIT(*) SI_UNIT(.MILLI.,.METRE.) );
#10458 = ( NAMED_UNIT(*) PLANE_ANGLE_UNIT() SI_UNIT($,.RADIAN.) );
#10459 = ( NAMED_UNIT(*) SI_UNIT($,.STERADIAN.) SOLID_ANGLE_UNIT() );
#10460 = UNCERTAINTY_MEASURE_WITH_UNIT(LENGTH_MEASURE(5.E-07),#10457,
  'distance_accuracy_value','confusion accuracy');
#10461 = CONTEXT_DEPENDENT_SHAPE_REPRESENTATION(#10462,#10464);
#10462 = ( REPRESENTATION_RELATIONSHIP('','',#9919,#10) 
REPRESENTATION_RELATIONSHIP_WITH_TRANSFORMATION(#10463) 
SHAPE_REPRESENTATION_RELATIONSHIP() );
#10463 = ITEM_DEFINED_TRANSFORMATION('','',#11,#23);
#10464 = PRODUCT_DEFINITION_SHAPE('Placement','Placement of an item',
  #10465);
#10465 = NEXT_ASSEMBLY_USAGE_OCCURRENCE('9','BUSHING_LEFT_AMS4640','',#5
  ,#9914,$);
#10466 = PRODUCT_RELATED_PRODUCT_CATEGORY('part',$,(#9916));
#10467 = SHAPE_DEFINITION_REPRESENTATION(#10468,#10474);
#10468 = PRODUCT_DEFINITION_SHAPE('','',#10469);
#10469 = PRODUCT_DEFINITION('design','',#10470,#10473);
#10470 = PRODUCT_DEFINITION_FORMATION('','',#10471);
#10471 = PRODUCT('BUSHING_RIGHT_AMS4640','BUSHING_RIGHT_AMS4640','',(
    #10472));
#10472 = PRODUCT_CONTEXT('',#2,'mechanical');
#10473 = PRODUCT_DEFINITION_CONTEXT('part definition',#2,'design');
#10474 = ADVANCED_BREP_SHAPE_REPRESENTATION('',(#11,#10475),#10801);
#10475 = MANIFOLD_SOLID_BREP('',#10476);
#10476 = CLOSED_SHELL('',(#10477,#10565,#10600,#10635,#10690,#10744,
    #10774));
#10477 = ADVANCED_FACE('',(#10478),#10491,.T.);
#10478 = FACE_BOUND('',#10479,.T.);
#10479 = EDGE_LOOP('',(#10480,#10514,#10537,#10564));
#10480 = ORIENTED_EDGE('',*,*,#10481,.F.);
#10481 = EDGE_CURVE('',#10482,#10482,#10484,.T.);
#10482 = VERTEX_POINT('',#10483);
#10483 = CARTESIAN_POINT('',(43.692104549907,6.123233995737E-15,
    1.03778E+03));
#10484 = SURFACE_CURVE('',#10485,(#10490,#10502),.PCURVE_S1.);
#10485 = CIRCLE('',#10486,25.);
#10486 = AXIS2_PLACEMENT_3D('',#10487,#10488,#10489);
#10487 = CARTESIAN_POINT('',(43.692104549907,0.,1.01278E+03));
#10488 = DIRECTION('',(1.,0.,-0.));
#10489 = DIRECTION('',(0.,0.,1.));
#10490 = PCURVE('',#10491,#10496);
#10491 = CYLINDRICAL_SURFACE('',#10492,25.);
#10492 = AXIS2_PLACEMENT_3D('',#10493,#10494,#10495);
#10493 = CARTESIAN_POINT('',(13.692104549907,0.,1.01278E+03));
#10494 = DIRECTION('',(1.,0.,0.));
#10495 = DIRECTION('',(0.,0.,1.));
#10496 = DEFINITIONAL_REPRESENTATION('',(#10497),#10501);
#10497 = LINE('',#10498,#10499);
#10498 = CARTESIAN_POINT('',(0.,30.));
#10499 = VECTOR('',#10500,1.);
#10500 = DIRECTION('',(1.,0.));
#10501 = ( GEOMETRIC_REPRESENTATION_CONTEXT(2) 
PARAMETRIC_REPRESENTATION_CONTEXT() REPRESENTATION_CONTEXT('2D SPACE',''
  ) );
#10502 = PCURVE('',#10503,#10508);
#10503 = PLANE('',#10504);
#10504 = AXIS2_PLACEMENT_3D('',#10505,#10506,#10507);
#10505 = CARTESIAN_POINT('',(43.692104549907,0.,1.01278E+03));
#10506 = DIRECTION('',(1.,0.,0.));
#10507 = DIRECTION('',(0.,0.,1.));
#10508 = DEFINITIONAL_REPRESENTATION('',(#10509),#10513);
#10509 = CIRCLE('',#10510,25.);
#10510 = AXIS2_PLACEMENT_2D('',#10511,#10512);
#10511 = CARTESIAN_POINT('',(0.,0.));
#10512 = DIRECTION('',(1.,0.));
#10513 = ( GEOMETRIC_REPRESENTATION_CONTEXT(2) 
PARAMETRIC_REPRESENTATION_CONTEXT() REPRESENTATION_CONTEXT('2D SPACE',''
  ) );
#10514 = ORIENTED_EDGE('',*,*,#10515,.F.);
#10515 = EDGE_CURVE('',#10516,#10482,#10518,.T.);
#10516 = VERTEX_POINT('',#10517);
#10517 = CARTESIAN_POINT('',(13.692104549907,6.123233995737E-15,
    1.03778E+03));
#10518 = SEAM_CURVE('',#10519,(#10523,#10530),.PCURVE_S1.);
#10519 = LINE('',#10520,#10521);
#10520 = CARTESIAN_POINT('',(13.692104549907,6.123233995737E-15,
    1.03778E+03));
#10521 = VECTOR('',#10522,1.);
#10522 = DIRECTION('',(1.,0.,0.));
#10523 = PCURVE('',#10491,#10524);
#10524 = DEFINITIONAL_REPRESENTATION('',(#10525),#10529);
#10525 = LINE('',#10526,#10527);
#10526 = CARTESIAN_POINT('',(0.,-0.));
#10527 = VECTOR('',#10528,1.);
#10528 = DIRECTION('',(0.,1.));
#10529 = ( GEOMETRIC_REPRESENTATION_CONTEXT(2) 
PARAMETRIC_REPRESENTATION_CONTEXT() REPRESENTATION_CONTEXT('2D SPACE',''
  ) );
#10530 = PCURVE('',#10491,#10531);
#10531 = DEFINITIONAL_REPRESENTATION('',(#10532),#10536);
#10532 = LINE('',#10533,#10534);
#10533 = CARTESIAN_POINT('',(6.28318530718,-0.));
#10534 = VECTOR('',#10535,1.);
#10535 = DIRECTION('',(0.,1.));
#10536 = ( GEOMETRIC_REPRESENTATION_CONTEXT(2) 
PARAMETRIC_REPRESENTATION_CONTEXT() REPRESENTATION_CONTEXT('2D SPACE',''
  ) );
#10537 = ORIENTED_EDGE('',*,*,#10538,.T.);
#10538 = EDGE_CURVE('',#10516,#10516,#10539,.T.);
#10539 = SURFACE_CURVE('',#10540,(#10545,#10552),.PCURVE_S1.);
#10540 = CIRCLE('',#10541,25.);
#10541 = AXIS2_PLACEMENT_3D('',#10542,#10543,#10544);
#10542 = CARTESIAN_POINT('',(13.692104549907,0.,1.01278E+03));
#10543 = DIRECTION('',(1.,0.,-0.));
#10544 = DIRECTION('',(0.,0.,1.));
#10545 = PCURVE('',#10491,#10546);
#10546 = DEFINITIONAL_REPRESENTATION('',(#10547),#10551);
#10547 = LINE('',#10548,#10549);
#10548 = CARTESIAN_POINT('',(0.,0.));
#10549 = VECTOR('',#10550,1.);
#10550 = DIRECTION('',(1.,0.));
#10551 = ( GEOMETRIC_REPRESENTATION_CONTEXT(2) 
PARAMETRIC_REPRESENTATION_CONTEXT() REPRESENTATION_CONTEXT('2D SPACE',''
  ) );
#10552 = PCURVE('',#10553,#10558);
#10553 = PLANE('',#10554);
#10554 = AXIS2_PLACEMENT_3D('',#10555,#10556,#10557);
#10555 = CARTESIAN_POINT('',(13.692104549907,0.,1.01278E+03));
#10556 = DIRECTION('',(1.,0.,0.));
#10557 = DIRECTION('',(0.,0.,1.));
#10558 = DEFINITIONAL_REPRESENTATION('',(#10559),#10563);
#10559 = CIRCLE('',#10560,25.);
#10560 = AXIS2_PLACEMENT_2D('',#10561,#10562);
#10561 = CARTESIAN_POINT('',(0.,0.));
#10562 = DIRECTION('',(1.,0.));
#10563 = ( GEOMETRIC_REPRESENTATION_CONTEXT(2) 
PARAMETRIC_REPRESENTATION_CONTEXT() REPRESENTATION_CONTEXT('2D SPACE',''
  ) );
#10564 = ORIENTED_EDGE('',*,*,#10515,.T.);
#10565 = ADVANCED_FACE('',(#10566,#10597),#10503,.F.);
#10566 = FACE_BOUND('',#10567,.F.);
#10567 = EDGE_LOOP('',(#10568));
#10568 = ORIENTED_EDGE('',*,*,#10569,.T.);
#10569 = EDGE_CURVE('',#10570,#10570,#10572,.T.);
#10570 = VERTEX_POINT('',#10571);
#10571 = CARTESIAN_POINT('',(43.692104549907,7.347880794884E-15,
    1.04278E+03));
#10572 = SURFACE_CURVE('',#10573,(#10578,#10585),.PCURVE_S1.);
#10573 = CIRCLE('',#10574,30.);
#10574 = AXIS2_PLACEMENT_3D('',#10575,#10576,#10577);
#10575 = CARTESIAN_POINT('',(43.692104549907,0.,1.01278E+03));
#10576 = DIRECTION('',(1.,0.,-0.));
#10577 = DIRECTION('',(0.,0.,1.));
#10578 = PCURVE('',#10503,#10579);
#10579 = DEFINITIONAL_REPRESENTATION('',(#10580),#10584);
#10580 = CIRCLE('',#10581,30.);
#10581 = AXIS2_PLACEMENT_2D('',#10582,#10583);
#10582 = CARTESIAN_POINT('',(0.,0.));
#10583 = DIRECTION('',(1.,0.));
#10584 = ( GEOMETRIC_REPRESENTATION_CONTEXT(2) 
PARAMETRIC_REPRESENTATION_CONTEXT() REPRESENTATION_CONTEXT('2D SPACE',''
  ) );
#10585 = PCURVE('',#10586,#10591);
#10586 = CYLINDRICAL_SURFACE('',#10587,30.);
#10587 = AXIS2_PLACEMENT_3D('',#10588,#10589,#10590);
#10588 = CARTESIAN_POINT('',(43.692104549907,0.,1.01278E+03));
#10589 = DIRECTION('',(1.,0.,0.));
#10590 = DIRECTION('',(0.,0.,1.));
#10591 = DEFINITIONAL_REPRESENTATION('',(#10592),#10596);
#10592 = LINE('',#10593,#10594);
#10593 = CARTESIAN_POINT('',(0.,0.));
#10594 = VECTOR('',#10595,1.);
#10595 = DIRECTION('',(1.,0.));
#10596 = ( GEOMETRIC_REPRESENTATION_CONTEXT(2) 
PARAMETRIC_REPRESENTATION_CONTEXT() REPRESENTATION_CONTEXT('2D SPACE',''
  ) );
#10597 = FACE_BOUND('',#10598,.F.);
#10598 = EDGE_LOOP('',(#10599));
#10599 = ORIENTED_EDGE('',*,*,#10481,.F.);
#10600 = ADVANCED_FACE('',(#10601,#10604),#10553,.F.);
#10601 = FACE_BOUND('',#10602,.F.);
#10602 = EDGE_LOOP('',(#10603));
#10603 = ORIENTED_EDGE('',*,*,#10538,.T.);
#10604 = FACE_BOUND('',#10605,.F.);
#10605 = EDGE_LOOP('',(#10606));
#10606 = ORIENTED_EDGE('',*,*,#10607,.F.);
#10607 = EDGE_CURVE('',#10608,#10608,#10610,.T.);
#10608 = VERTEX_POINT('',#10609);
#10609 = CARTESIAN_POINT('',(13.692104549907,4.65365783676E-15,
    1.03178E+03));
#10610 = SURFACE_CURVE('',#10611,(#10616,#10623),.PCURVE_S1.);
#10611 = CIRCLE('',#10612,19.);
#10612 = AXIS2_PLACEMENT_3D('',#10613,#10614,#10615);
#10613 = CARTESIAN_POINT('',(13.692104549907,0.,1.01278E+03));
#10614 = DIRECTION('',(1.,0.,-0.));
#10615 = DIRECTION('',(0.,0.,1.));
#10616 = PCURVE('',#10553,#10617);
#10617 = DEFINITIONAL_REPRESENTATION('',(#10618),#10622);
#10618 = CIRCLE('',#10619,19.);
#10619 = AXIS2_PLACEMENT_2D('',#10620,#10621);
#10620 = CARTESIAN_POINT('',(0.,0.));
#10621 = DIRECTION('',(1.,0.));
#10622 = ( GEOMETRIC_REPRESENTATION_CONTEXT(2) 
PARAMETRIC_REPRESENTATION_CONTEXT() REPRESENTATION_CONTEXT('2D SPACE',''
  ) );
#10623 = PCURVE('',#10624,#10629);
#10624 = CYLINDRICAL_SURFACE('',#10625,19.);
#10625 = AXIS2_PLACEMENT_3D('',#10626,#10627,#10628);
#10626 = CARTESIAN_POINT('',(13.592104549907,0.,1.01278E+03));
#10627 = DIRECTION('',(1.,0.,0.));
#10628 = DIRECTION('',(0.,0.,1.));
#10629 = DEFINITIONAL_REPRESENTATION('',(#10630),#10634);
#10630 = LINE('',#10631,#10632);
#10631 = CARTESIAN_POINT('',(0.,0.1));
#10632 = VECTOR('',#10633,1.);
#10633 = DIRECTION('',(1.,0.));
#10634 = ( GEOMETRIC_REPRESENTATION_CONTEXT(2) 
PARAMETRIC_REPRESENTATION_CONTEXT() REPRESENTATION_CONTEXT('2D SPACE',''
  ) );
#10635 = ADVANCED_FACE('',(#10636),#10586,.T.);
#10636 = FACE_BOUND('',#10637,.T.);
#10637 = EDGE_LOOP('',(#10638,#10667,#10688,#10689));
#10638 = ORIENTED_EDGE('',*,*,#10639,.F.);
#10639 = EDGE_CURVE('',#10640,#10640,#10642,.T.);
#10640 = VERTEX_POINT('',#10641);
#10641 = CARTESIAN_POINT('',(46.692104549907,7.347880794884E-15,
    1.04278E+03));
#10642 = SURFACE_CURVE('',#10643,(#10648,#10655),.PCURVE_S1.);
#10643 = CIRCLE('',#10644,30.);
#10644 = AXIS2_PLACEMENT_3D('',#10645,#10646,#10647);
#10645 = CARTESIAN_POINT('',(46.692104549907,0.,1.01278E+03));
#10646 = DIRECTION('',(1.,0.,-0.));
#10647 = DIRECTION('',(0.,0.,1.));
#10648 = PCURVE('',#10586,#10649);
#10649 = DEFINITIONAL_REPRESENTATION('',(#10650),#10654);
#10650 = LINE('',#10651,#10652);
#10651 = CARTESIAN_POINT('',(0.,3.));
#10652 = VECTOR('',#10653,1.);
#10653 = DIRECTION('',(1.,0.));
#10654 = ( GEOMETRIC_REPRESENTATION_CONTEXT(2) 
PARAMETRIC_REPRESENTATION_CONTEXT() REPRESENTATION_CONTEXT('2D SPACE',''
  ) );
#10655 = PCURVE('',#10656,#10661);
#10656 = PLANE('',#10657);
#10657 = AXIS2_PLACEMENT_3D('',#10658,#10659,#10660);
#10658 = CARTESIAN_POINT('',(46.692104549907,0.,1.01278E+03));
#10659 = DIRECTION('',(1.,0.,0.));
#10660 = DIRECTION('',(0.,0.,1.));
#10661 = DEFINITIONAL_REPRESENTATION('',(#10662),#10666);
#10662 = CIRCLE('',#10663,30.);
#10663 = AXIS2_PLACEMENT_2D('',#10664,#10665);
#10664 = CARTESIAN_POINT('',(0.,0.));
#10665 = DIRECTION('',(1.,0.));
#10666 = ( GEOMETRIC_REPRESENTATION_CONTEXT(2) 
PARAMETRIC_REPRESENTATION_CONTEXT() REPRESENTATION_CONTEXT('2D SPACE',''
  ) );
#10667 = ORIENTED_EDGE('',*,*,#10668,.F.);
#10668 = EDGE_CURVE('',#10570,#10640,#10669,.T.);
#10669 = SEAM_CURVE('',#10670,(#10674,#10681),.PCURVE_S1.);
#10670 = LINE('',#10671,#10672);
#10671 = CARTESIAN_POINT('',(43.692104549907,7.347880794884E-15,
    1.04278E+03));
#10672 = VECTOR('',#10673,1.);
#10673 = DIRECTION('',(1.,0.,0.));
#10674 = PCURVE('',#10586,#10675);
#10675 = DEFINITIONAL_REPRESENTATION('',(#10676),#10680);
#10676 = LINE('',#10677,#10678);
#10677 = CARTESIAN_POINT('',(0.,-0.));
#10678 = VECTOR('',#10679,1.);
#10679 = DIRECTION('',(0.,1.));
#10680 = ( GEOMETRIC_REPRESENTATION_CONTEXT(2) 
PARAMETRIC_REPRESENTATION_CONTEXT() REPRESENTATION_CONTEXT('2D SPACE',''
  ) );
#10681 = PCURVE('',#10586,#10682);
#10682 = DEFINITIONAL_REPRESENTATION('',(#10683),#10687);
#10683 = LINE('',#10684,#10685);
#10684 = CARTESIAN_POINT('',(6.28318530718,-0.));
#10685 = VECTOR('',#10686,1.);
#10686 = DIRECTION('',(0.,1.));
#10687 = ( GEOMETRIC_REPRESENTATION_CONTEXT(2) 
PARAMETRIC_REPRESENTATION_CONTEXT() REPRESENTATION_CONTEXT('2D SPACE',''
  ) );
#10688 = ORIENTED_EDGE('',*,*,#10569,.T.);
#10689 = ORIENTED_EDGE('',*,*,#10668,.T.);
#10690 = ADVANCED_FACE('',(#10691),#10624,.F.);
#10691 = FACE_BOUND('',#10692,.F.);
#10692 = EDGE_LOOP('',(#10693,#10721,#10742,#10743));
#10693 = ORIENTED_EDGE('',*,*,#10694,.F.);
#10694 = EDGE_CURVE('',#10695,#10695,#10697,.T.);
#10695 = VERTEX_POINT('',#10696);
#10696 = CARTESIAN_POINT('',(43.692104549907,4.65365783676E-15,
    1.03178E+03));
#10697 = SURFACE_CURVE('',#10698,(#10703,#10710),.PCURVE_S1.);
#10698 = CIRCLE('',#10699,19.);
#10699 = AXIS2_PLACEMENT_3D('',#10700,#10701,#10702);
#10700 = CARTESIAN_POINT('',(43.692104549907,0.,1.01278E+03));
#10701 = DIRECTION('',(1.,0.,-0.));
#10702 = DIRECTION('',(0.,0.,1.));
#10703 = PCURVE('',#10624,#10704);
#10704 = DEFINITIONAL_REPRESENTATION('',(#10705),#10709);
#10705 = LINE('',#10706,#10707);
#10706 = CARTESIAN_POINT('',(0.,30.1));
#10707 = VECTOR('',#10708,1.);
#10708 = DIRECTION('',(1.,0.));
#10709 = ( GEOMETRIC_REPRESENTATION_CONTEXT(2) 
PARAMETRIC_REPRESENTATION_CONTEXT() REPRESENTATION_CONTEXT('2D SPACE',''
  ) );
#10710 = PCURVE('',#10711,#10716);
#10711 = CYLINDRICAL_SURFACE('',#10712,19.);
#10712 = AXIS2_PLACEMENT_3D('',#10713,#10714,#10715);
#10713 = CARTESIAN_POINT('',(43.592104549907,0.,1.01278E+03));
#10714 = DIRECTION('',(1.,0.,0.));
#10715 = DIRECTION('',(0.,0.,1.));
#10716 = DEFINITIONAL_REPRESENTATION('',(#10717),#10720);
#10717 = B_SPLINE_CURVE_WITH_KNOTS('',1,(#10718,#10719),.UNSPECIFIED.,
  .F.,.F.,(2,2),(0.,6.28318530718),.PIECEWISE_BEZIER_KNOTS.);
#10718 = CARTESIAN_POINT('',(0.,0.1));
#10719 = CARTESIAN_POINT('',(6.28318530718,0.1));
#10720 = ( GEOMETRIC_REPRESENTATION_CONTEXT(2) 
PARAMETRIC_REPRESENTATION_CONTEXT() REPRESENTATION_CONTEXT('2D SPACE',''
  ) );
#10721 = ORIENTED_EDGE('',*,*,#10722,.F.);
#10722 = EDGE_CURVE('',#10608,#10695,#10723,.T.);
#10723 = SEAM_CURVE('',#10724,(#10728,#10735),.PCURVE_S1.);
#10724 = LINE('',#10725,#10726);
#10725 = CARTESIAN_POINT('',(13.592104549907,4.65365783676E-15,
    1.03178E+03));
#10726 = VECTOR('',#10727,1.);
#10727 = DIRECTION('',(1.,0.,0.));
#10728 = PCURVE('',#10624,#10729);
#10729 = DEFINITIONAL_REPRESENTATION('',(#10730),#10734);
#10730 = LINE('',#10731,#10732);
#10731 = CARTESIAN_POINT('',(0.,-0.));
#10732 = VECTOR('',#10733,1.);
#10733 = DIRECTION('',(0.,1.));
#10734 = ( GEOMETRIC_REPRESENTATION_CONTEXT(2) 
PARAMETRIC_REPRESENTATION_CONTEXT() REPRESENTATION_CONTEXT('2D SPACE',''
  ) );
#10735 = PCURVE('',#10624,#10736);
#10736 = DEFINITIONAL_REPRESENTATION('',(#10737),#10741);
#10737 = LINE('',#10738,#10739);
#10738 = CARTESIAN_POINT('',(6.28318530718,-0.));
#10739 = VECTOR('',#10740,1.);
#10740 = DIRECTION('',(0.,1.));
#10741 = ( GEOMETRIC_REPRESENTATION_CONTEXT(2) 
PARAMETRIC_REPRESENTATION_CONTEXT() REPRESENTATION_CONTEXT('2D SPACE',''
  ) );
#10742 = ORIENTED_EDGE('',*,*,#10607,.T.);
#10743 = ORIENTED_EDGE('',*,*,#10722,.T.);
#10744 = ADVANCED_FACE('',(#10745,#10748),#10656,.T.);
#10745 = FACE_BOUND('',#10746,.T.);
#10746 = EDGE_LOOP('',(#10747));
#10747 = ORIENTED_EDGE('',*,*,#10639,.T.);
#10748 = FACE_BOUND('',#10749,.T.);
#10749 = EDGE_LOOP('',(#10750));
#10750 = ORIENTED_EDGE('',*,*,#10751,.F.);
#10751 = EDGE_CURVE('',#10752,#10752,#10754,.T.);
#10752 = VERTEX_POINT('',#10753);
#10753 = CARTESIAN_POINT('',(46.692104549907,4.65365783676E-15,
    1.03178E+03));
#10754 = SURFACE_CURVE('',#10755,(#10760,#10767),.PCURVE_S1.);
#10755 = CIRCLE('',#10756,19.);
#10756 = AXIS2_PLACEMENT_3D('',#10757,#10758,#10759);
#10757 = CARTESIAN_POINT('',(46.692104549907,0.,1.01278E+03));
#10758 = DIRECTION('',(1.,0.,-0.));
#10759 = DIRECTION('',(0.,0.,1.));
#10760 = PCURVE('',#10656,#10761);
#10761 = DEFINITIONAL_REPRESENTATION('',(#10762),#10766);
#10762 = CIRCLE('',#10763,19.);
#10763 = AXIS2_PLACEMENT_2D('',#10764,#10765);
#10764 = CARTESIAN_POINT('',(0.,0.));
#10765 = DIRECTION('',(1.,0.));
#10766 = ( GEOMETRIC_REPRESENTATION_CONTEXT(2) 
PARAMETRIC_REPRESENTATION_CONTEXT() REPRESENTATION_CONTEXT('2D SPACE',''
  ) );
#10767 = PCURVE('',#10711,#10768);
#10768 = DEFINITIONAL_REPRESENTATION('',(#10769),#10773);
#10769 = LINE('',#10770,#10771);
#10770 = CARTESIAN_POINT('',(0.,3.1));
#10771 = VECTOR('',#10772,1.);
#10772 = DIRECTION('',(1.,0.));
#10773 = ( GEOMETRIC_REPRESENTATION_CONTEXT(2) 
PARAMETRIC_REPRESENTATION_CONTEXT() REPRESENTATION_CONTEXT('2D SPACE',''
  ) );
#10774 = ADVANCED_FACE('',(#10775),#10711,.F.);
#10775 = FACE_BOUND('',#10776,.F.);
#10776 = EDGE_LOOP('',(#10777,#10778,#10799,#10800));
#10777 = ORIENTED_EDGE('',*,*,#10751,.F.);
#10778 = ORIENTED_EDGE('',*,*,#10779,.F.);
#10779 = EDGE_CURVE('',#10695,#10752,#10780,.T.);
#10780 = SEAM_CURVE('',#10781,(#10785,#10792),.PCURVE_S1.);
#10781 = LINE('',#10782,#10783);
#10782 = CARTESIAN_POINT('',(43.592104549907,4.65365783676E-15,
    1.03178E+03));
#10783 = VECTOR('',#10784,1.);
#10784 = DIRECTION('',(1.,0.,0.));
#10785 = PCURVE('',#10711,#10786);
#10786 = DEFINITIONAL_REPRESENTATION('',(#10787),#10791);
#10787 = LINE('',#10788,#10789);
#10788 = CARTESIAN_POINT('',(0.,-0.));
#10789 = VECTOR('',#10790,1.);
#10790 = DIRECTION('',(0.,1.));
#10791 = ( GEOMETRIC_REPRESENTATION_CONTEXT(2) 
PARAMETRIC_REPRESENTATION_CONTEXT() REPRESENTATION_CONTEXT('2D SPACE',''
  ) );
#10792 = PCURVE('',#10711,#10793);
#10793 = DEFINITIONAL_REPRESENTATION('',(#10794),#10798);
#10794 = LINE('',#10795,#10796);
#10795 = CARTESIAN_POINT('',(6.28318530718,-0.));
#10796 = VECTOR('',#10797,1.);
#10797 = DIRECTION('',(0.,1.));
#10798 = ( GEOMETRIC_REPRESENTATION_CONTEXT(2) 
PARAMETRIC_REPRESENTATION_CONTEXT() REPRESENTATION_CONTEXT('2D SPACE',''
  ) );
#10799 = ORIENTED_EDGE('',*,*,#10694,.T.);
#10800 = ORIENTED_EDGE('',*,*,#10779,.T.);
#10801 = ( GEOMETRIC_REPRESENTATION_CONTEXT(3) 
GLOBAL_UNCERTAINTY_ASSIGNED_CONTEXT((#10805)) 
GLOBAL_UNIT_ASSIGNED_CONTEXT((#10802,#10803,#10804)) 
REPRESENTATION_CONTEXT('Context #1',
  '3D Context with UNIT and UNCERTAINTY') );
#10802 = ( LENGTH_UNIT() NAMED_UNIT(*) SI_UNIT(.MILLI.,.METRE.) );
#10803 = ( NAMED_UNIT(*) PLANE_ANGLE_UNIT() SI_UNIT($,.RADIAN.) );
#10804 = ( NAMED_UNIT(*) SI_UNIT($,.STERADIAN.) SOLID_ANGLE_UNIT() );
#10805 = UNCERTAINTY_MEASURE_WITH_UNIT(LENGTH_MEASURE(1.E-07),#10802,
  'distance_accuracy_value','confusion accuracy');
#10806 = CONTEXT_DEPENDENT_SHAPE_REPRESENTATION(#10807,#10809);
#10807 = ( REPRESENTATION_RELATIONSHIP('','',#10474,#10) 
REPRESENTATION_RELATIONSHIP_WITH_TRANSFORMATION(#10808) 
SHAPE_REPRESENTATION_RELATIONSHIP() );
#10808 = ITEM_DEFINED_TRANSFORMATION('','',#11,#27);
#10809 = PRODUCT_DEFINITION_SHAPE('Placement','Placement of an item',
  #10810);
#10810 = NEXT_ASSEMBLY_USAGE_OCCURRENCE('10','BUSHING_RIGHT_AMS4640','',
  #5,#10469,$);
#10811 = PRODUCT_RELATED_PRODUCT_CATEGORY('part',$,(#10471));
#10812 = SHAPE_DEFINITION_REPRESENTATION(#10813,#10819);
#10813 = PRODUCT_DEFINITION_SHAPE('','',#10814);
#10814 = PRODUCT_DEFINITION('design','',#10815,#10818);
#10815 = PRODUCT_DEFINITION_FORMATION('','',#10816);
#10816 = PRODUCT('THRUST_COLLAR_LEFT_300M','THRUST_COLLAR_LEFT_300M','',
  (#10817));
#10817 = PRODUCT_CONTEXT('',#2,'mechanical');
#10818 = PRODUCT_DEFINITION_CONTEXT('part definition',#2,'design');
#10819 = ADVANCED_BREP_SHAPE_REPRESENTATION('',(#11,#10820),#11117);
#10820 = MANIFOLD_SOLID_BREP('',#10821);
#10821 = CLOSED_SHELL('',(#10822,#10910,#10945,#10980,#11059,#11109));
#10822 = ADVANCED_FACE('',(#10823),#10837,.T.);
#10823 = FACE_BOUND('',#10824,.T.);
#10824 = EDGE_LOOP('',(#10825,#10855,#10882,#10883));
#10825 = ORIENTED_EDGE('',*,*,#10826,.T.);
#10826 = EDGE_CURVE('',#10827,#10829,#10831,.T.);
#10827 = VERTEX_POINT('',#10828);
#10828 = CARTESIAN_POINT('',(-47.1921045499,29.,1.01278E+03));
#10829 = VERTEX_POINT('',#10830);
#10830 = CARTESIAN_POINT('',(-50.1921045499,29.,1.01278E+03));
#10831 = SEAM_CURVE('',#10832,(#10836,#10848),.PCURVE_S1.);
#10832 = LINE('',#10833,#10834);
#10833 = CARTESIAN_POINT('',(-47.1921045499,29.,1.01278E+03));
#10834 = VECTOR('',#10835,1.);
#10835 = DIRECTION('',(-1.,-0.,-0.));
#10836 = PCURVE('',#10837,#10842);
#10837 = CYLINDRICAL_SURFACE('',#10838,29.);
#10838 = AXIS2_PLACEMENT_3D('',#10839,#10840,#10841);
#10839 = CARTESIAN_POINT('',(-47.1921045499,3.844755463956E-16,
    1.01278E+03));
#10840 = DIRECTION('',(1.,0.,0.));
#10841 = DIRECTION('',(0.,1.,0.));
#10842 = DEFINITIONAL_REPRESENTATION('',(#10843),#10847);
#10843 = LINE('',#10844,#10845);
#10844 = CARTESIAN_POINT('',(4.138911435803E-13,0.));
#10845 = VECTOR('',#10846,1.);
#10846 = DIRECTION('',(0.,-1.));
#10847 = ( GEOMETRIC_REPRESENTATION_CONTEXT(2) 
PARAMETRIC_REPRESENTATION_CONTEXT() REPRESENTATION_CONTEXT('2D SPACE',''
  ) );
#10848 = PCURVE('',#10837,#10849);
#10849 = DEFINITIONAL_REPRESENTATION('',(#10850),#10854);
#10850 = LINE('',#10851,#10852);
#10851 = CARTESIAN_POINT('',(6.28318530718,0.));
#10852 = VECTOR('',#10853,1.);
#10853 = DIRECTION('',(0.,-1.));
#10854 = ( GEOMETRIC_REPRESENTATION_CONTEXT(2) 
PARAMETRIC_REPRESENTATION_CONTEXT() REPRESENTATION_CONTEXT('2D SPACE',''
  ) );
#10855 = ORIENTED_EDGE('',*,*,#10856,.T.);
#10856 = EDGE_CURVE('',#10829,#10829,#10857,.T.);
#10857 = SURFACE_CURVE('',#10858,(#10863,#10870),.PCURVE_S1.);
#10858 = CIRCLE('',#10859,29.);
#10859 = AXIS2_PLACEMENT_3D('',#10860,#10861,#10862);
#10860 = CARTESIAN_POINT('',(-50.1921045499,3.844755463956E-16,
    1.01278E+03));
#10861 = DIRECTION('',(1.,0.,0.));
#10862 = DIRECTION('',(0.,1.,0.));
#10863 = PCURVE('',#10837,#10864);
#10864 = DEFINITIONAL_REPRESENTATION('',(#10865),#10869);
#10865 = LINE('',#10866,#10867);
#10866 = CARTESIAN_POINT('',(0.,-3.));
#10867 = VECTOR('',#10868,1.);
#10868 = DIRECTION('',(1.,0.));
#10869 = ( GEOMETRIC_REPRESENTATION_CONTEXT(2) 
PARAMETRIC_REPRESENTATION_CONTEXT() REPRESENTATION_CONTEXT('2D SPACE',''
  ) );
#10870 = PCURVE('',#10871,#10876);
#10871 = PLANE('',#10872);
#10872 = AXIS2_PLACEMENT_3D('',#10873,#10874,#10875);
#10873 = CARTESIAN_POINT('',(-50.1921045499,-5.281148098083E-15,
    1.01278E+03));
#10874 = DIRECTION('',(1.,0.,0.));
#10875 = DIRECTION('',(0.,0.,1.));
#10876 = DEFINITIONAL_REPRESENTATION('',(#10877),#10881);
#10877 = CIRCLE('',#10878,29.);
#10878 = AXIS2_PLACEMENT_2D('',#10879,#10880);
#10879 = CARTESIAN_POINT('',(0.,-5.665623644479E-15));
#10880 = DIRECTION('',(0.,-1.));
#10881 = ( GEOMETRIC_REPRESENTATION_CONTEXT(2) 
PARAMETRIC_REPRESENTATION_CONTEXT() REPRESENTATION_CONTEXT('2D SPACE',''
  ) );
#10882 = ORIENTED_EDGE('',*,*,#10826,.F.);
#10883 = ORIENTED_EDGE('',*,*,#10884,.F.);
#10884 = EDGE_CURVE('',#10827,#10827,#10885,.T.);
#10885 = SURFACE_CURVE('',#10886,(#10891,#10898),.PCURVE_S1.);
#10886 = CIRCLE('',#10887,29.);
#10887 = AXIS2_PLACEMENT_3D('',#10888,#10889,#10890);
#10888 = CARTESIAN_POINT('',(-47.1921045499,3.844755463956E-16,
    1.01278E+03));
#10889 = DIRECTION('',(1.,0.,0.));
#10890 = DIRECTION('',(0.,1.,0.));
#10891 = PCURVE('',#10837,#10892);
#10892 = DEFINITIONAL_REPRESENTATION('',(#10893),#10897);
#10893 = LINE('',#10894,#10895);
#10894 = CARTESIAN_POINT('',(0.,0.));
#10895 = VECTOR('',#10896,1.);
#10896 = DIRECTION('',(1.,0.));
#10897 = ( GEOMETRIC_REPRESENTATION_CONTEXT(2) 
PARAMETRIC_REPRESENTATION_CONTEXT() REPRESENTATION_CONTEXT('2D SPACE',''
  ) );
#10898 = PCURVE('',#10899,#10904);
#10899 = PLANE('',#10900);
#10900 = AXIS2_PLACEMENT_3D('',#10901,#10902,#10903);
#10901 = CARTESIAN_POINT('',(-47.1921045499,-5.281148098083E-15,
    1.01278E+03));
#10902 = DIRECTION('',(1.,0.,0.));
#10903 = DIRECTION('',(0.,0.,1.));
#10904 = DEFINITIONAL_REPRESENTATION('',(#10905),#10909);
#10905 = CIRCLE('',#10906,29.);
#10906 = AXIS2_PLACEMENT_2D('',#10907,#10908);
#10907 = CARTESIAN_POINT('',(0.,-5.665623644479E-15));
#10908 = DIRECTION('',(0.,-1.));
#10909 = ( GEOMETRIC_REPRESENTATION_CONTEXT(2) 
PARAMETRIC_REPRESENTATION_CONTEXT() REPRESENTATION_CONTEXT('2D SPACE',''
  ) );
#10910 = ADVANCED_FACE('',(#10911,#10914),#10871,.F.);
#10911 = FACE_BOUND('',#10912,.F.);
#10912 = EDGE_LOOP('',(#10913));
#10913 = ORIENTED_EDGE('',*,*,#10856,.T.);
#10914 = FACE_BOUND('',#10915,.F.);
#10915 = EDGE_LOOP('',(#10916));
#10916 = ORIENTED_EDGE('',*,*,#10917,.F.);
#10917 = EDGE_CURVE('',#10918,#10918,#10920,.T.);
#10918 = VERTEX_POINT('',#10919);
#10919 = CARTESIAN_POINT('',(-50.1921045499,19.,1.01278E+03));
#10920 = SURFACE_CURVE('',#10921,(#10926,#10933),.PCURVE_S1.);
#10921 = CIRCLE('',#10922,19.);
#10922 = AXIS2_PLACEMENT_3D('',#10923,#10924,#10925);
#10923 = CARTESIAN_POINT('',(-50.1921045499,1.38082757442E-13,
    1.01278E+03));
#10924 = DIRECTION('',(1.,0.,0.));
#10925 = DIRECTION('',(0.,1.,0.));
#10926 = PCURVE('',#10871,#10927);
#10927 = DEFINITIONAL_REPRESENTATION('',(#10928),#10932);
#10928 = CIRCLE('',#10929,19.);
#10929 = AXIS2_PLACEMENT_2D('',#10930,#10931);
#10930 = CARTESIAN_POINT('',(0.,-1.433639055401E-13));
#10931 = DIRECTION('',(0.,-1.));
#10932 = ( GEOMETRIC_REPRESENTATION_CONTEXT(2) 
PARAMETRIC_REPRESENTATION_CONTEXT() REPRESENTATION_CONTEXT('2D SPACE',''
  ) );
#10933 = PCURVE('',#10934,#10939);
#10934 = CYLINDRICAL_SURFACE('',#10935,19.);
#10935 = AXIS2_PLACEMENT_3D('',#10936,#10937,#10938);
#10936 = CARTESIAN_POINT('',(-47.1921045499,1.38082757442E-13,
    1.01278E+03));
#10937 = DIRECTION('',(1.,0.,0.));
#10938 = DIRECTION('',(0.,1.,0.));
#10939 = DEFINITIONAL_REPRESENTATION('',(#10940),#10944);
#10940 = LINE('',#10941,#10942);
#10941 = CARTESIAN_POINT('',(0.,-3.));
#10942 = VECTOR('',#10943,1.);
#10943 = DIRECTION('',(1.,0.));
#10944 = ( GEOMETRIC_REPRESENTATION_CONTEXT(2) 
PARAMETRIC_REPRESENTATION_CONTEXT() REPRESENTATION_CONTEXT('2D SPACE',''
  ) );
#10945 = ADVANCED_FACE('',(#10946,#10949),#10899,.T.);
#10946 = FACE_BOUND('',#10947,.T.);
#10947 = EDGE_LOOP('',(#10948));
#10948 = ORIENTED_EDGE('',*,*,#10884,.T.);
#10949 = FACE_BOUND('',#10950,.T.);
#10950 = EDGE_LOOP('',(#10951));
#10951 = ORIENTED_EDGE('',*,*,#10952,.F.);
#10952 = EDGE_CURVE('',#10953,#10953,#10955,.T.);
#10953 = VERTEX_POINT('',#10954);
#10954 = CARTESIAN_POINT('',(-47.1921045499,5.633375276078E-15,
    1.03578E+03));
#10955 = SURFACE_CURVE('',#10956,(#10961,#10968),.PCURVE_S1.);
#10956 = CIRCLE('',#10957,23.);
#10957 = AXIS2_PLACEMENT_3D('',#10958,#10959,#10960);
#10958 = CARTESIAN_POINT('',(-47.1921045499,0.,1.01278E+03));
#10959 = DIRECTION('',(1.,0.,-0.));
#10960 = DIRECTION('',(0.,0.,1.));
#10961 = PCURVE('',#10899,#10962);
#10962 = DEFINITIONAL_REPRESENTATION('',(#10963),#10967);
#10963 = CIRCLE('',#10964,23.);
#10964 = AXIS2_PLACEMENT_2D('',#10965,#10966);
#10965 = CARTESIAN_POINT('',(0.,-5.281148098083E-15));
#10966 = DIRECTION('',(1.,0.));
#10967 = ( GEOMETRIC_REPRESENTATION_CONTEXT(2) 
PARAMETRIC_REPRESENTATION_CONTEXT() REPRESENTATION_CONTEXT('2D SPACE',''
  ) );
#10968 = PCURVE('',#10969,#10974);
#10969 = CONICAL_SURFACE('',#10970,22.,1.451367400777);
#10970 = AXIS2_PLACEMENT_3D('',#10971,#10972,#10973);
#10971 = CARTESIAN_POINT('',(-47.3121045499,0.,1.01278E+03));
#10972 = DIRECTION('',(1.,0.,0.));
#10973 = DIRECTION('',(0.,0.,1.));
#10974 = DEFINITIONAL_REPRESENTATION('',(#10975),#10979);
#10975 = LINE('',#10976,#10977);
#10976 = CARTESIAN_POINT('',(0.,0.12));
#10977 = VECTOR('',#10978,1.);
#10978 = DIRECTION('',(1.,0.));
#10979 = ( GEOMETRIC_REPRESENTATION_CONTEXT(2) 
PARAMETRIC_REPRESENTATION_CONTEXT() REPRESENTATION_CONTEXT('2D SPACE',''
  ) );
#10980 = ADVANCED_FACE('',(#10981),#10934,.F.);
#10981 = FACE_BOUND('',#10982,.F.);
#10982 = EDGE_LOOP('',(#10983,#11014,#11035,#11036,#11037));
#10983 = ORIENTED_EDGE('',*,*,#10984,.F.);
#10984 = EDGE_CURVE('',#10985,#10987,#10989,.T.);
#10985 = VERTEX_POINT('',#10986);
#10986 = CARTESIAN_POINT('',(-47.3121045499,19.,1.01278E+03));
#10987 = VERTEX_POINT('',#10988);
#10988 = CARTESIAN_POINT('',(-47.3121045499,4.65365783676E-15,
    1.03178E+03));
#10989 = SURFACE_CURVE('',#10990,(#10995,#11002),.PCURVE_S1.);
#10990 = CIRCLE('',#10991,19.);
#10991 = AXIS2_PLACEMENT_3D('',#10992,#10993,#10994);
#10992 = CARTESIAN_POINT('',(-47.3121045499,0.,1.01278E+03));
#10993 = DIRECTION('',(1.,0.,-0.));
#10994 = DIRECTION('',(0.,0.,1.));
#10995 = PCURVE('',#10934,#10996);
#10996 = DEFINITIONAL_REPRESENTATION('',(#10997),#11001);
#10997 = LINE('',#10998,#10999);
#10998 = CARTESIAN_POINT('',(-4.712388980385,-0.12));
#10999 = VECTOR('',#11000,1.);
#11000 = DIRECTION('',(1.,0.));
#11001 = ( GEOMETRIC_REPRESENTATION_CONTEXT(2) 
PARAMETRIC_REPRESENTATION_CONTEXT() REPRESENTATION_CONTEXT('2D SPACE',''
  ) );
#11002 = PCURVE('',#11003,#11008);
#11003 = PLANE('',#11004);
#11004 = AXIS2_PLACEMENT_3D('',#11005,#11006,#11007);
#11005 = CARTESIAN_POINT('',(-47.3121045499,0.,1.01278E+03));
#11006 = DIRECTION('',(1.,0.,0.));
#11007 = DIRECTION('',(0.,0.,1.));
#11008 = DEFINITIONAL_REPRESENTATION('',(#11009),#11013);
#11009 = CIRCLE('',#11010,19.);
#11010 = AXIS2_PLACEMENT_2D('',#11011,#11012);
#11011 = CARTESIAN_POINT('',(0.,0.));
#11012 = DIRECTION('',(1.,0.));
#11013 = ( GEOMETRIC_REPRESENTATION_CONTEXT(2) 
PARAMETRIC_REPRESENTATION_CONTEXT() REPRESENTATION_CONTEXT('2D SPACE',''
  ) );
#11014 = ORIENTED_EDGE('',*,*,#11015,.T.);
#11015 = EDGE_CURVE('',#10985,#10918,#11016,.T.);
#11016 = SEAM_CURVE('',#11017,(#11021,#11028),.PCURVE_S1.);
#11017 = LINE('',#11018,#11019);
#11018 = CARTESIAN_POINT('',(-47.1921045499,19.,1.01278E+03));
#11019 = VECTOR('',#11020,1.);
#11020 = DIRECTION('',(-1.,-0.,-0.));
#11021 = PCURVE('',#10934,#11022);
#11022 = DEFINITIONAL_REPRESENTATION('',(#11023),#11027);
#11023 = LINE('',#11024,#11025);
#11024 = CARTESIAN_POINT('',(4.138911435803E-13,0.));
#11025 = VECTOR('',#11026,1.);
#11026 = DIRECTION('',(0.,-1.));
#11027 = ( GEOMETRIC_REPRESENTATION_CONTEXT(2) 
PARAMETRIC_REPRESENTATION_CONTEXT() REPRESENTATION_CONTEXT('2D SPACE',''
  ) );
#11028 = PCURVE('',#10934,#11029);
#11029 = DEFINITIONAL_REPRESENTATION('',(#11030),#11034);
#11030 = LINE('',#11031,#11032);
#11031 = CARTESIAN_POINT('',(6.28318530718,0.));
#11032 = VECTOR('',#11033,1.);
#11033 = DIRECTION('',(0.,-1.));
#11034 = ( GEOMETRIC_REPRESENTATION_CONTEXT(2) 
PARAMETRIC_REPRESENTATION_CONTEXT() REPRESENTATION_CONTEXT('2D SPACE',''
  ) );
#11035 = ORIENTED_EDGE('',*,*,#10917,.T.);
#11036 = ORIENTED_EDGE('',*,*,#11015,.F.);
#11037 = ORIENTED_EDGE('',*,*,#11038,.F.);
#11038 = EDGE_CURVE('',#10987,#10985,#11039,.T.);
#11039 = SURFACE_CURVE('',#11040,(#11045,#11052),.PCURVE_S1.);
#11040 = CIRCLE('',#11041,19.);
#11041 = AXIS2_PLACEMENT_3D('',#11042,#11043,#11044);
#11042 = CARTESIAN_POINT('',(-47.3121045499,0.,1.01278E+03));
#11043 = DIRECTION('',(1.,0.,-0.));
#11044 = DIRECTION('',(0.,0.,1.));
#11045 = PCURVE('',#10934,#11046);
#11046 = DEFINITIONAL_REPRESENTATION('',(#11047),#11051);
#11047 = LINE('',#11048,#11049);
#11048 = CARTESIAN_POINT('',(1.570796326795,-0.12));
#11049 = VECTOR('',#11050,1.);
#11050 = DIRECTION('',(1.,0.));
#11051 = ( GEOMETRIC_REPRESENTATION_CONTEXT(2) 
PARAMETRIC_REPRESENTATION_CONTEXT() REPRESENTATION_CONTEXT('2D SPACE',''
  ) );
#11052 = PCURVE('',#11003,#11053);
#11053 = DEFINITIONAL_REPRESENTATION('',(#11054),#11058);
#11054 = CIRCLE('',#11055,19.);
#11055 = AXIS2_PLACEMENT_2D('',#11056,#11057);
#11056 = CARTESIAN_POINT('',(0.,0.));
#11057 = DIRECTION('',(1.,0.));
#11058 = ( GEOMETRIC_REPRESENTATION_CONTEXT(2) 
PARAMETRIC_REPRESENTATION_CONTEXT() REPRESENTATION_CONTEXT('2D SPACE',''
  ) );
#11059 = ADVANCED_FACE('',(#11060),#10969,.F.);
#11060 = FACE_BOUND('',#11061,.F.);
#11061 = EDGE_LOOP('',(#11062,#11063,#11086,#11108));
#11062 = ORIENTED_EDGE('',*,*,#10952,.F.);
#11063 = ORIENTED_EDGE('',*,*,#11064,.F.);
#11064 = EDGE_CURVE('',#11065,#10953,#11067,.T.);
#11065 = VERTEX_POINT('',#11066);
#11066 = CARTESIAN_POINT('',(-47.3121045499,5.388445916248E-15,
    1.03478E+03));
#11067 = SEAM_CURVE('',#11068,(#11072,#11079),.PCURVE_S1.);
#11068 = LINE('',#11069,#11070);
#11069 = CARTESIAN_POINT('',(-47.3121045499,5.388445916248E-15,
    1.03478E+03));
#11070 = VECTOR('',#11071,1.);
#11071 = DIRECTION('',(0.119145220618,2.431846884401E-16,0.992876838487)
  );
#11072 = PCURVE('',#10969,#11073);
#11073 = DEFINITIONAL_REPRESENTATION('',(#11074),#11078);
#11074 = LINE('',#11075,#11076);
#11075 = CARTESIAN_POINT('',(0.,-0.));
#11076 = VECTOR('',#11077,1.);
#11077 = DIRECTION('',(0.,1.));
#11078 = ( GEOMETRIC_REPRESENTATION_CONTEXT(2) 
PARAMETRIC_REPRESENTATION_CONTEXT() REPRESENTATION_CONTEXT('2D SPACE',''
  ) );
#11079 = PCURVE('',#10969,#11080);
#11080 = DEFINITIONAL_REPRESENTATION('',(#11081),#11085);
#11081 = LINE('',#11082,#11083);
#11082 = CARTESIAN_POINT('',(6.28318530718,-0.));
#11083 = VECTOR('',#11084,1.);
#11084 = DIRECTION('',(0.,1.));
#11085 = ( GEOMETRIC_REPRESENTATION_CONTEXT(2) 
PARAMETRIC_REPRESENTATION_CONTEXT() REPRESENTATION_CONTEXT('2D SPACE',''
  ) );
#11086 = ORIENTED_EDGE('',*,*,#11087,.T.);
#11087 = EDGE_CURVE('',#11065,#11065,#11088,.T.);
#11088 = SURFACE_CURVE('',#11089,(#11094,#11101),.PCURVE_S1.);
#11089 = CIRCLE('',#11090,22.);
#11090 = AXIS2_PLACEMENT_3D('',#11091,#11092,#11093);
#11091 = CARTESIAN_POINT('',(-47.3121045499,0.,1.01278E+03));
#11092 = DIRECTION('',(1.,0.,-0.));
#11093 = DIRECTION('',(0.,0.,1.));
#11094 = PCURVE('',#10969,#11095);
#11095 = DEFINITIONAL_REPRESENTATION('',(#11096),#11100);
#11096 = LINE('',#11097,#11098);
#11097 = CARTESIAN_POINT('',(0.,0.));
#11098 = VECTOR('',#11099,1.);
#11099 = DIRECTION('',(1.,0.));
#11100 = ( GEOMETRIC_REPRESENTATION_CONTEXT(2) 
PARAMETRIC_REPRESENTATION_CONTEXT() REPRESENTATION_CONTEXT('2D SPACE',''
  ) );
#11101 = PCURVE('',#11003,#11102);
#11102 = DEFINITIONAL_REPRESENTATION('',(#11103),#11107);
#11103 = CIRCLE('',#11104,22.);
#11104 = AXIS2_PLACEMENT_2D('',#11105,#11106);
#11105 = CARTESIAN_POINT('',(0.,0.));
#11106 = DIRECTION('',(1.,0.));
#11107 = ( GEOMETRIC_REPRESENTATION_CONTEXT(2) 
PARAMETRIC_REPRESENTATION_CONTEXT() REPRESENTATION_CONTEXT('2D SPACE',''
  ) );
#11108 = ORIENTED_EDGE('',*,*,#11064,.T.);
#11109 = ADVANCED_FACE('',(#11110,#11113),#11003,.T.);
#11110 = FACE_BOUND('',#11111,.T.);
#11111 = EDGE_LOOP('',(#11112));
#11112 = ORIENTED_EDGE('',*,*,#11087,.T.);
#11113 = FACE_BOUND('',#11114,.T.);
#11114 = EDGE_LOOP('',(#11115,#11116));
#11115 = ORIENTED_EDGE('',*,*,#11038,.F.);
#11116 = ORIENTED_EDGE('',*,*,#10984,.F.);
#11117 = ( GEOMETRIC_REPRESENTATION_CONTEXT(3) 
GLOBAL_UNCERTAINTY_ASSIGNED_CONTEXT((#11121)) 
GLOBAL_UNIT_ASSIGNED_CONTEXT((#11118,#11119,#11120)) 
REPRESENTATION_CONTEXT('Context #1',
  '3D Context with UNIT and UNCERTAINTY') );
#11118 = ( LENGTH_UNIT() NAMED_UNIT(*) SI_UNIT(.MILLI.,.METRE.) );
#11119 = ( NAMED_UNIT(*) PLANE_ANGLE_UNIT() SI_UNIT($,.RADIAN.) );
#11120 = ( NAMED_UNIT(*) SI_UNIT($,.STERADIAN.) SOLID_ANGLE_UNIT() );
#11121 = UNCERTAINTY_MEASURE_WITH_UNIT(LENGTH_MEASURE(1.E-07),#11118,
  'distance_accuracy_value','confusion accuracy');
#11122 = CONTEXT_DEPENDENT_SHAPE_REPRESENTATION(#11123,#11125);
#11123 = ( REPRESENTATION_RELATIONSHIP('','',#10819,#10) 
REPRESENTATION_RELATIONSHIP_WITH_TRANSFORMATION(#11124) 
SHAPE_REPRESENTATION_RELATIONSHIP() );
#11124 = ITEM_DEFINED_TRANSFORMATION('','',#11,#31);
#11125 = PRODUCT_DEFINITION_SHAPE('Placement','Placement of an item',
  #11126);
#11126 = NEXT_ASSEMBLY_USAGE_OCCURRENCE('11','THRUST_COLLAR_LEFT_300M',
  '',#5,#10814,$);
#11127 = PRODUCT_RELATED_PRODUCT_CATEGORY('part',$,(#10816));
#11128 = SHAPE_DEFINITION_REPRESENTATION(#11129,#11135);
#11129 = PRODUCT_DEFINITION_SHAPE('','',#11130);
#11130 = PRODUCT_DEFINITION('design','',#11131,#11134);
#11131 = PRODUCT_DEFINITION_FORMATION('','',#11132);
#11132 = PRODUCT('THRUST_COLLAR_RIGHT_300M','THRUST_COLLAR_RIGHT_300M',
  '',(#11133));
#11133 = PRODUCT_CONTEXT('',#2,'mechanical');
#11134 = PRODUCT_DEFINITION_CONTEXT('part definition',#2,'design');
#11135 = ADVANCED_BREP_SHAPE_REPRESENTATION('',(#11,#11136),#11318);
#11136 = MANIFOLD_SOLID_BREP('',#11137);
#11137 = CLOSED_SHELL('',(#11138,#11226,#11304,#11311));
#11138 = ADVANCED_FACE('',(#11139),#11152,.T.);
#11139 = FACE_BOUND('',#11140,.T.);
#11140 = EDGE_LOOP('',(#11141,#11175,#11198,#11225));
#11141 = ORIENTED_EDGE('',*,*,#11142,.T.);
#11142 = EDGE_CURVE('',#11143,#11143,#11145,.T.);
#11143 = VERTEX_POINT('',#11144);
#11144 = CARTESIAN_POINT('',(46.692104549907,29.,1.01278E+03));
#11145 = SURFACE_CURVE('',#11146,(#11151,#11163),.PCURVE_S1.);
#11146 = CIRCLE('',#11147,29.);
#11147 = AXIS2_PLACEMENT_3D('',#11148,#11149,#11150);
#11148 = CARTESIAN_POINT('',(46.692104549907,3.844755463956E-16,
    1.01278E+03));
#11149 = DIRECTION('',(1.,0.,0.));
#11150 = DIRECTION('',(0.,1.,0.));
#11151 = PCURVE('',#11152,#11157);
#11152 = CYLINDRICAL_SURFACE('',#11153,29.);
#11153 = AXIS2_PLACEMENT_3D('',#11154,#11155,#11156);
#11154 = CARTESIAN_POINT('',(46.692104549907,3.844755463956E-16,
    1.01278E+03));
#11155 = DIRECTION('',(-1.,-0.,-0.));
#11156 = DIRECTION('',(0.,1.,0.));
#11157 = DEFINITIONAL_REPRESENTATION('',(#11158),#11162);
#11158 = LINE('',#11159,#11160);
#11159 = CARTESIAN_POINT('',(6.28318530718,0.));
#11160 = VECTOR('',#11161,1.);
#11161 = DIRECTION('',(-1.,0.));
#11162 = ( GEOMETRIC_REPRESENTATION_CONTEXT(2) 
PARAMETRIC_REPRESENTATION_CONTEXT() REPRESENTATION_CONTEXT('2D SPACE',''
  ) );
#11163 = PCURVE('',#11164,#11169);
#11164 = PLANE('',#11165);
#11165 = AXIS2_PLACEMENT_3D('',#11166,#11167,#11168);
#11166 = CARTESIAN_POINT('',(46.692104549907,-5.281148098083E-15,
    1.01278E+03));
#11167 = DIRECTION('',(1.,0.,0.));
#11168 = DIRECTION('',(0.,0.,1.));
#11169 = DEFINITIONAL_REPRESENTATION('',(#11170),#11174);
#11170 = CIRCLE('',#11171,29.);
#11171 = AXIS2_PLACEMENT_2D('',#11172,#11173);
#11172 = CARTESIAN_POINT('',(0.,-5.665623644479E-15));
#11173 = DIRECTION('',(0.,-1.));
#11174 = ( GEOMETRIC_REPRESENTATION_CONTEXT(2) 
PARAMETRIC_REPRESENTATION_CONTEXT() REPRESENTATION_CONTEXT('2D SPACE',''
  ) );
#11175 = ORIENTED_EDGE('',*,*,#11176,.T.);
#11176 = EDGE_CURVE('',#11143,#11177,#11179,.T.);
#11177 = VERTEX_POINT('',#11178);
#11178 = CARTESIAN_POINT('',(49.692104549907,29.,1.01278E+03));
#11179 = SEAM_CURVE('',#11180,(#11184,#11191),.PCURVE_S1.);
#11180 = LINE('',#11181,#11182);
#11181 = CARTESIAN_POINT('',(46.692104549907,29.,1.01278E+03));
#11182 = VECTOR('',#11183,1.);
#11183 = DIRECTION('',(1.,0.,0.));
#11184 = PCURVE('',#11152,#11185);
#11185 = DEFINITIONAL_REPRESENTATION('',(#11186),#11190);
#11186 = LINE('',#11187,#11188);
#11187 = CARTESIAN_POINT('',(-5.861977570021E-13,0.));
#11188 = VECTOR('',#11189,1.);
#11189 = DIRECTION('',(-0.,-1.));
#11190 = ( GEOMETRIC_REPRESENTATION_CONTEXT(2) 
PARAMETRIC_REPRESENTATION_CONTEXT() REPRESENTATION_CONTEXT('2D SPACE',''
  ) );
#11191 = PCURVE('',#11152,#11192);
#11192 = DEFINITIONAL_REPRESENTATION('',(#11193),#11197);
#11193 = LINE('',#11194,#11195);
#11194 = CARTESIAN_POINT('',(6.28318530718,0.));
#11195 = VECTOR('',#11196,1.);
#11196 = DIRECTION('',(-0.,-1.));
#11197 = ( GEOMETRIC_REPRESENTATION_CONTEXT(2) 
PARAMETRIC_REPRESENTATION_CONTEXT() REPRESENTATION_CONTEXT('2D SPACE',''
  ) );
#11198 = ORIENTED_EDGE('',*,*,#11199,.F.);
#11199 = EDGE_CURVE('',#11177,#11177,#11200,.T.);
#11200 = SURFACE_CURVE('',#11201,(#11206,#11213),.PCURVE_S1.);
#11201 = CIRCLE('',#11202,29.);
#11202 = AXIS2_PLACEMENT_3D('',#11203,#11204,#11205);
#11203 = CARTESIAN_POINT('',(49.692104549907,3.844755463956E-16,
    1.01278E+03));
#11204 = DIRECTION('',(1.,0.,0.));
#11205 = DIRECTION('',(0.,1.,0.));
#11206 = PCURVE('',#11152,#11207);
#11207 = DEFINITIONAL_REPRESENTATION('',(#11208),#11212);
#11208 = LINE('',#11209,#11210);
#11209 = CARTESIAN_POINT('',(6.28318530718,-3.));
#11210 = VECTOR('',#11211,1.);
#11211 = DIRECTION('',(-1.,0.));
#11212 = ( GEOMETRIC_REPRESENTATION_CONTEXT(2) 
PARAMETRIC_REPRESENTATION_CONTEXT() REPRESENTATION_CONTEXT('2D SPACE',''
  ) );
#11213 = PCURVE('',#11214,#11219);
#11214 = PLANE('',#11215);
#11215 = AXIS2_PLACEMENT_3D('',#11216,#11217,#11218);
#11216 = CARTESIAN_POINT('',(49.692104549907,-5.281148098083E-15,
    1.01278E+03));
#11217 = DIRECTION('',(1.,0.,0.));
#11218 = DIRECTION('',(0.,0.,1.));
#11219 = DEFINITIONAL_REPRESENTATION('',(#11220),#11224);
#11220 = CIRCLE('',#11221,29.);
#11221 = AXIS2_PLACEMENT_2D('',#11222,#11223);
#11222 = CARTESIAN_POINT('',(0.,-5.665623644479E-15));
#11223 = DIRECTION('',(0.,-1.));
#11224 = ( GEOMETRIC_REPRESENTATION_CONTEXT(2) 
PARAMETRIC_REPRESENTATION_CONTEXT() REPRESENTATION_CONTEXT('2D SPACE',''
  ) );
#11225 = ORIENTED_EDGE('',*,*,#11176,.F.);
#11226 = ADVANCED_FACE('',(#11227),#11240,.F.);
#11227 = FACE_BOUND('',#11228,.F.);
#11228 = EDGE_LOOP('',(#11229,#11258,#11281,#11303));
#11229 = ORIENTED_EDGE('',*,*,#11230,.T.);
#11230 = EDGE_CURVE('',#11231,#11231,#11233,.T.);
#11231 = VERTEX_POINT('',#11232);
#11232 = CARTESIAN_POINT('',(46.692104549907,19.,1.01278E+03));
#11233 = SURFACE_CURVE('',#11234,(#11239,#11251),.PCURVE_S1.);
#11234 = CIRCLE('',#11235,19.);
#11235 = AXIS2_PLACEMENT_3D('',#11236,#11237,#11238);
#11236 = CARTESIAN_POINT('',(46.692104549907,1.38082757442E-13,
    1.01278E+03));
#11237 = DIRECTION('',(1.,0.,0.));
#11238 = DIRECTION('',(0.,1.,0.));
#11239 = PCURVE('',#11240,#11245);
#11240 = CYLINDRICAL_SURFACE('',#11241,19.);
#11241 = AXIS2_PLACEMENT_3D('',#11242,#11243,#11244);
#11242 = CARTESIAN_POINT('',(46.692104549907,1.38082757442E-13,
    1.01278E+03));
#11243 = DIRECTION('',(-1.,-0.,-0.));
#11244 = DIRECTION('',(0.,1.,0.));
#11245 = DEFINITIONAL_REPRESENTATION('',(#11246),#11250);
#11246 = LINE('',#11247,#11248);
#11247 = CARTESIAN_POINT('',(6.28318530718,0.));
#11248 = VECTOR('',#11249,1.);
#11249 = DIRECTION('',(-1.,0.));
#11250 = ( GEOMETRIC_REPRESENTATION_CONTEXT(2) 
PARAMETRIC_REPRESENTATION_CONTEXT() REPRESENTATION_CONTEXT('2D SPACE',''
  ) );
#11251 = PCURVE('',#11164,#11252);
#11252 = DEFINITIONAL_REPRESENTATION('',(#11253),#11257);
#11253 = CIRCLE('',#11254,19.);
#11254 = AXIS2_PLACEMENT_2D('',#11255,#11256);
#11255 = CARTESIAN_POINT('',(0.,-1.433639055401E-13));
#11256 = DIRECTION('',(0.,-1.));
#11257 = ( GEOMETRIC_REPRESENTATION_CONTEXT(2) 
PARAMETRIC_REPRESENTATION_CONTEXT() REPRESENTATION_CONTEXT('2D SPACE',''
  ) );
#11258 = ORIENTED_EDGE('',*,*,#11259,.T.);
#11259 = EDGE_CURVE('',#11231,#11260,#11262,.T.);
#11260 = VERTEX_POINT('',#11261);
#11261 = CARTESIAN_POINT('',(49.692104549907,19.,1.01278E+03));
#11262 = SEAM_CURVE('',#11263,(#11267,#11274),.PCURVE_S1.);
#11263 = LINE('',#11264,#11265);
#11264 = CARTESIAN_POINT('',(46.692104549907,19.,1.01278E+03));
#11265 = VECTOR('',#11266,1.);
#11266 = DIRECTION('',(1.,0.,0.));
#11267 = PCURVE('',#11240,#11268);
#11268 = DEFINITIONAL_REPRESENTATION('',(#11269),#11273);
#11269 = LINE('',#11270,#11271);
#11270 = CARTESIAN_POINT('',(-5.861977570021E-13,0.));
#11271 = VECTOR('',#11272,1.);
#11272 = DIRECTION('',(-0.,-1.));
#11273 = ( GEOMETRIC_REPRESENTATION_CONTEXT(2) 
PARAMETRIC_REPRESENTATION_CONTEXT() REPRESENTATION_CONTEXT('2D SPACE',''
  ) );
#11274 = PCURVE('',#11240,#11275);
#11275 = DEFINITIONAL_REPRESENTATION('',(#11276),#11280);
#11276 = LINE('',#11277,#11278);
#11277 = CARTESIAN_POINT('',(6.28318530718,0.));
#11278 = VECTOR('',#11279,1.);
#11279 = DIRECTION('',(-0.,-1.));
#11280 = ( GEOMETRIC_REPRESENTATION_CONTEXT(2) 
PARAMETRIC_REPRESENTATION_CONTEXT() REPRESENTATION_CONTEXT('2D SPACE',''
  ) );
#11281 = ORIENTED_EDGE('',*,*,#11282,.F.);
#11282 = EDGE_CURVE('',#11260,#11260,#11283,.T.);
#11283 = SURFACE_CURVE('',#11284,(#11289,#11296),.PCURVE_S1.);
#11284 = CIRCLE('',#11285,19.);
#11285 = AXIS2_PLACEMENT_3D('',#11286,#11287,#11288);
#11286 = CARTESIAN_POINT('',(49.692104549907,1.38082757442E-13,
    1.01278E+03));
#11287 = DIRECTION('',(1.,0.,0.));
#11288 = DIRECTION('',(0.,1.,0.));
#11289 = PCURVE('',#11240,#11290);
#11290 = DEFINITIONAL_REPRESENTATION('',(#11291),#11295);
#11291 = LINE('',#11292,#11293);
#11292 = CARTESIAN_POINT('',(6.28318530718,-3.));
#11293 = VECTOR('',#11294,1.);
#11294 = DIRECTION('',(-1.,0.));
#11295 = ( GEOMETRIC_REPRESENTATION_CONTEXT(2) 
PARAMETRIC_REPRESENTATION_CONTEXT() REPRESENTATION_CONTEXT('2D SPACE',''
  ) );
#11296 = PCURVE('',#11214,#11297);
#11297 = DEFINITIONAL_REPRESENTATION('',(#11298),#11302);
#11298 = CIRCLE('',#11299,19.);
#11299 = AXIS2_PLACEMENT_2D('',#11300,#11301);
#11300 = CARTESIAN_POINT('',(0.,-1.433639055401E-13));
#11301 = DIRECTION('',(0.,-1.));
#11302 = ( GEOMETRIC_REPRESENTATION_CONTEXT(2) 
PARAMETRIC_REPRESENTATION_CONTEXT() REPRESENTATION_CONTEXT('2D SPACE',''
  ) );
#11303 = ORIENTED_EDGE('',*,*,#11259,.F.);
#11304 = ADVANCED_FACE('',(#11305,#11308),#11164,.F.);
#11305 = FACE_BOUND('',#11306,.F.);
#11306 = EDGE_LOOP('',(#11307));
#11307 = ORIENTED_EDGE('',*,*,#11142,.T.);
#11308 = FACE_BOUND('',#11309,.F.);
#11309 = EDGE_LOOP('',(#11310));
#11310 = ORIENTED_EDGE('',*,*,#11230,.F.);
#11311 = ADVANCED_FACE('',(#11312,#11315),#11214,.T.);
#11312 = FACE_BOUND('',#11313,.T.);
#11313 = EDGE_LOOP('',(#11314));
#11314 = ORIENTED_EDGE('',*,*,#11199,.T.);
#11315 = FACE_BOUND('',#11316,.T.);
#11316 = EDGE_LOOP('',(#11317));
#11317 = ORIENTED_EDGE('',*,*,#11282,.F.);
#11318 = ( GEOMETRIC_REPRESENTATION_CONTEXT(3) 
GLOBAL_UNCERTAINTY_ASSIGNED_CONTEXT((#11322)) 
GLOBAL_UNIT_ASSIGNED_CONTEXT((#11319,#11320,#11321)) 
REPRESENTATION_CONTEXT('Context #1',
  '3D Context with UNIT and UNCERTAINTY') );
#11319 = ( LENGTH_UNIT() NAMED_UNIT(*) SI_UNIT(.MILLI.,.METRE.) );
#11320 = ( NAMED_UNIT(*) PLANE_ANGLE_UNIT() SI_UNIT($,.RADIAN.) );
#11321 = ( NAMED_UNIT(*) SI_UNIT($,.STERADIAN.) SOLID_ANGLE_UNIT() );
#11322 = UNCERTAINTY_MEASURE_WITH_UNIT(LENGTH_MEASURE(1.E-07),#11319,
  'distance_accuracy_value','confusion accuracy');
#11323 = CONTEXT_DEPENDENT_SHAPE_REPRESENTATION(#11324,#11326);
#11324 = ( REPRESENTATION_RELATIONSHIP('','',#11135,#10) 
REPRESENTATION_RELATIONSHIP_WITH_TRANSFORMATION(#11325) 
SHAPE_REPRESENTATION_RELATIONSHIP() );
#11325 = ITEM_DEFINED_TRANSFORMATION('','',#11,#35);
#11326 = PRODUCT_DEFINITION_SHAPE('Placement','Placement of an item',
  #11327);
#11327 = NEXT_ASSEMBLY_USAGE_OCCURRENCE('12','THRUST_COLLAR_RIGHT_300M',
  '',#5,#11130,$);
#11328 = PRODUCT_RELATED_PRODUCT_CATEGORY('part',$,(#11132));
ENDSEC;
END-ISO-10303-21;
