ISO-10303-21;
HEADER;
FILE_DESCRIPTION(('Open CASCADE Model'),'2;1');
FILE_NAME('Open CASCADE Shape Model','2026-09-27T19:40:46',('Author'),(
    'Open CASCADE'),'Open CASCADE STEP processor 7.9','Open CASCADE 7.9'
  ,'Unknown');
FILE_SCHEMA(('AUTOMOTIVE_DESIGN { 1 0 10303 214 1 1 1 1 }'));
ENDSEC;
DATA;
#1 = APPLICATION_PROTOCOL_DEFINITION('international standard',
  'automotive_design',2000,#2);
#2 = APPLICATION_CONTEXT(
  'core data for automotive mechanical design processes');
#3 = SHAPE_DEFINITION_REPRESENTATION(#4,#10);
#4 = PRODUCT_DEFINITION_SHAPE('','',#5);
#5 = PRODUCT_DEFINITION('design','',#6,#9);
#6 = PRODUCT_DEFINITION_FORMATION('','',#7);
#7 = PRODUCT('B13F_2B_D44_LEFT_BUSH_R1P5','B13F_2B_D44_LEFT_BUSH_R1P5',
  '',(#8));
#8 = PRODUCT_CONTEXT('',#2,'mechanical');
#9 = PRODUCT_DEFINITION_CONTEXT('part definition',#2,'design');
#10 = SHAPE_REPRESENTATION('',(#11,#15,#19,#23,#27,#31,#35),#39);
#11 = AXIS2_PLACEMENT_3D('',#12,#13,#14);
#12 = CARTESIAN_POINT('',(0.,0.,0.));
#13 = DIRECTION('',(0.,0.,1.));
#14 = DIRECTION('',(1.,0.,-0.));
#15 = AXIS2_PLACEMENT_3D('',#16,#17,#18);
#16 = CARTESIAN_POINT('',(0.,0.,0.));
#17 = DIRECTION('',(0.,0.,1.));
#18 = DIRECTION('',(1.,0.,-0.));
#19 = AXIS2_PLACEMENT_3D('',#20,#21,#22);
#20 = CARTESIAN_POINT('',(0.,0.,0.));
#21 = DIRECTION('',(0.,0.,1.));
#22 = DIRECTION('',(1.,0.,-0.));
#23 = AXIS2_PLACEMENT_3D('',#24,#25,#26);
#24 = CARTESIAN_POINT('',(0.,0.,0.));
#25 = DIRECTION('',(0.,0.,1.));
#26 = DIRECTION('',(1.,0.,-0.));
#27 = AXIS2_PLACEMENT_3D('',#28,#29,#30);
#28 = CARTESIAN_POINT('',(0.,0.,0.));
#29 = DIRECTION('',(0.,0.,1.));
#30 = DIRECTION('',(1.,0.,-0.));
#31 = AXIS2_PLACEMENT_3D('',#32,#33,#34);
#32 = CARTESIAN_POINT('',(0.,0.,0.));
#33 = DIRECTION('',(0.,0.,1.));
#34 = DIRECTION('',(1.,0.,-0.));
#35 = AXIS2_PLACEMENT_3D('',#36,#37,#38);
#36 = CARTESIAN_POINT('',(0.,0.,0.));
#37 = DIRECTION('',(0.,0.,1.));
#38 = DIRECTION('',(1.,0.,-0.));
#39 = ( GEOMETRIC_REPRESENTATION_CONTEXT(3) 
GLOBAL_UNCERTAINTY_ASSIGNED_CONTEXT((#43)) GLOBAL_UNIT_ASSIGNED_CONTEXT(
(#40,#41,#42)) REPRESENTATION_CONTEXT('Context #1',
  '3D Context with UNIT and UNCERTAINTY') );
#40 = ( LENGTH_UNIT() NAMED_UNIT(*) SI_UNIT(.MILLI.,.METRE.) );
#41 = ( NAMED_UNIT(*) PLANE_ANGLE_UNIT() SI_UNIT($,.RADIAN.) );
#42 = ( NAMED_UNIT(*) SI_UNIT($,.STERADIAN.) SOLID_ANGLE_UNIT() );
#43 = UNCERTAINTY_MEASURE_WITH_UNIT(LENGTH_MEASURE(1.E-07),#40,
  'distance_accuracy_value','confusion accuracy');
#44 = PRODUCT_RELATED_PRODUCT_CATEGORY('part',$,(#7));
#45 = SHAPE_DEFINITION_REPRESENTATION(#46,#52);
#46 = PRODUCT_DEFINITION_SHAPE('','',#47);
#47 = PRODUCT_DEFINITION('design','',#48,#51);
#48 = PRODUCT_DEFINITION_FORMATION('','',#49);
#49 = PRODUCT('HEAD_BARREL_7075','HEAD_BARREL_7075','',(#50));
#50 = PRODUCT_CONTEXT('',#2,'mechanical');
#51 = PRODUCT_DEFINITION_CONTEXT('part definition',#2,'design');
#52 = ADVANCED_BREP_SHAPE_REPRESENTATION('',(#11,#53),#5954);
#53 = MANIFOLD_SOLID_BREP('',#54);
#54 = CLOSED_SHELL('',(#55,#123,#178,#182,#237,#292,#347,#402,#457,#512,
    #567,#622,#677,#732,#787,#842,#897,#952,#1007,#1062,#1117,#1172,
    #1227,#1282,#1337,#1392,#1447,#1502,#1557,#1612,#1667,#1722,#1777,
    #1832,#1887,#1942,#1997,#2052,#2107,#2162,#2217,#2272,#2327,#2382,
    #2437,#2492,#2547,#2602,#2657,#2712,#2767,#2822,#2877,#2932,#2987,
    #3042,#3097,#3152,#3207,#3262,#3317,#3372,#3430,#3485,#5518,#5549,
    #5606,#5661,#5715,#5769,#5824,#5879,#5933,#5938,#5942,#5948));
#55 = ADVANCED_FACE('',(#56,#92),#69,.F.);
#56 = FACE_BOUND('',#57,.T.);
#57 = EDGE_LOOP('',(#58));
#58 = ORIENTED_EDGE('',*,*,#59,.F.);
#59 = EDGE_CURVE('',#60,#60,#62,.T.);
#60 = VERTEX_POINT('',#61);
#61 = CARTESIAN_POINT('',(47.5563304575,0.,700.));
#62 = SURFACE_CURVE('',#63,(#68,#80),.PCURVE_S1.);
#63 = CIRCLE('',#64,47.5563304575);
#64 = AXIS2_PLACEMENT_3D('',#65,#66,#67);
#65 = CARTESIAN_POINT('',(0.,0.,700.));
#66 = DIRECTION('',(0.,0.,1.));
#67 = DIRECTION('',(1.,0.,0.));
#68 = PCURVE('',#69,#74);
#69 = PLANE('',#70);
#70 = AXIS2_PLACEMENT_3D('',#71,#72,#73);
#71 = CARTESIAN_POINT('',(0.,0.,700.));
#72 = DIRECTION('',(0.,0.,1.));
#73 = DIRECTION('',(1.,0.,0.));
#74 = DEFINITIONAL_REPRESENTATION('',(#75),#79);
#75 = CIRCLE('',#76,47.5563304575);
#76 = AXIS2_PLACEMENT_2D('',#77,#78);
#77 = CARTESIAN_POINT('',(0.,0.));
#78 = DIRECTION('',(1.,0.));
#79 = ( GEOMETRIC_REPRESENTATION_CONTEXT(2) 
PARAMETRIC_REPRESENTATION_CONTEXT() REPRESENTATION_CONTEXT('2D SPACE',''
  ) );
#80 = PCURVE('',#81,#86);
#81 = CONICAL_SURFACE('',#82,47.5563304575,3.262651771423E-02);
#82 = AXIS2_PLACEMENT_3D('',#83,#84,#85);
#83 = CARTESIAN_POINT('',(0.,0.,700.));
#84 = DIRECTION('',(0.,0.,1.));
#85 = DIRECTION('',(1.,0.,0.));
#86 = DEFINITIONAL_REPRESENTATION('',(#87),#91);
#87 = LINE('',#88,#89);
#88 = CARTESIAN_POINT('',(0.,0.));
#89 = VECTOR('',#90,1.);
#90 = DIRECTION('',(1.,0.));
#91 = ( GEOMETRIC_REPRESENTATION_CONTEXT(2) 
PARAMETRIC_REPRESENTATION_CONTEXT() REPRESENTATION_CONTEXT('2D SPACE',''
  ) );
#92 = FACE_BOUND('',#93,.T.);
#93 = EDGE_LOOP('',(#94));
#94 = ORIENTED_EDGE('',*,*,#95,.T.);
#95 = EDGE_CURVE('',#96,#96,#98,.T.);
#96 = VERTEX_POINT('',#97);
#97 = CARTESIAN_POINT('',(32.,0.,700.));
#98 = SURFACE_CURVE('',#99,(#104,#111),.PCURVE_S1.);
#99 = CIRCLE('',#100,32.);
#100 = AXIS2_PLACEMENT_3D('',#101,#102,#103);
#101 = CARTESIAN_POINT('',(0.,0.,700.));
#102 = DIRECTION('',(0.,0.,1.));
#103 = DIRECTION('',(1.,0.,0.));
#104 = PCURVE('',#69,#105);
#105 = DEFINITIONAL_REPRESENTATION('',(#106),#110);
#106 = CIRCLE('',#107,32.);
#107 = AXIS2_PLACEMENT_2D('',#108,#109);
#108 = CARTESIAN_POINT('',(0.,0.));
#109 = DIRECTION('',(1.,0.));
#110 = ( GEOMETRIC_REPRESENTATION_CONTEXT(2) 
PARAMETRIC_REPRESENTATION_CONTEXT() REPRESENTATION_CONTEXT('2D SPACE',''
  ) );
#111 = PCURVE('',#112,#117);
#112 = CYLINDRICAL_SURFACE('',#113,32.);
#113 = AXIS2_PLACEMENT_3D('',#114,#115,#116);
#114 = CARTESIAN_POINT('',(0.,0.,700.));
#115 = DIRECTION('',(-0.,-0.,-1.));
#116 = DIRECTION('',(1.,0.,0.));
#117 = DEFINITIONAL_REPRESENTATION('',(#118),#122);
#118 = LINE('',#119,#120);
#119 = CARTESIAN_POINT('',(6.28318530718,0.));
#120 = VECTOR('',#121,1.);
#121 = DIRECTION('',(-1.,0.));
#122 = ( GEOMETRIC_REPRESENTATION_CONTEXT(2) 
PARAMETRIC_REPRESENTATION_CONTEXT() REPRESENTATION_CONTEXT('2D SPACE',''
  ) );
#123 = ADVANCED_FACE('',(#124),#112,.F.);
#124 = FACE_BOUND('',#125,.F.);
#125 = EDGE_LOOP('',(#126,#127,#150,#177));
#126 = ORIENTED_EDGE('',*,*,#95,.T.);
#127 = ORIENTED_EDGE('',*,*,#128,.T.);
#128 = EDGE_CURVE('',#96,#129,#131,.T.);
#129 = VERTEX_POINT('',#130);
#130 = CARTESIAN_POINT('',(32.,0.,973.78));
#131 = SEAM_CURVE('',#132,(#136,#143),.PCURVE_S1.);
#132 = LINE('',#133,#134);
#133 = CARTESIAN_POINT('',(32.,0.,700.));
#134 = VECTOR('',#135,1.);
#135 = DIRECTION('',(0.,0.,1.));
#136 = PCURVE('',#112,#137);
#137 = DEFINITIONAL_REPRESENTATION('',(#138),#142);
#138 = LINE('',#139,#140);
#139 = CARTESIAN_POINT('',(4.138911435803E-13,0.));
#140 = VECTOR('',#141,1.);
#141 = DIRECTION('',(-0.,-1.));
#142 = ( GEOMETRIC_REPRESENTATION_CONTEXT(2) 
PARAMETRIC_REPRESENTATION_CONTEXT() REPRESENTATION_CONTEXT('2D SPACE',''
  ) );
#143 = PCURVE('',#112,#144);
#144 = DEFINITIONAL_REPRESENTATION('',(#145),#149);
#145 = LINE('',#146,#147);
#146 = CARTESIAN_POINT('',(6.283185307179,0.));
#147 = VECTOR('',#148,1.);
#148 = DIRECTION('',(-0.,-1.));
#149 = ( GEOMETRIC_REPRESENTATION_CONTEXT(2) 
PARAMETRIC_REPRESENTATION_CONTEXT() REPRESENTATION_CONTEXT('2D SPACE',''
  ) );
#150 = ORIENTED_EDGE('',*,*,#151,.F.);
#151 = EDGE_CURVE('',#129,#129,#152,.T.);
#152 = SURFACE_CURVE('',#153,(#158,#165),.PCURVE_S1.);
#153 = CIRCLE('',#154,32.);
#154 = AXIS2_PLACEMENT_3D('',#155,#156,#157);
#155 = CARTESIAN_POINT('',(0.,0.,973.78));
#156 = DIRECTION('',(0.,0.,1.));
#157 = DIRECTION('',(1.,0.,0.));
#158 = PCURVE('',#112,#159);
#159 = DEFINITIONAL_REPRESENTATION('',(#160),#164);
#160 = LINE('',#161,#162);
#161 = CARTESIAN_POINT('',(6.28318530718,-273.78));
#162 = VECTOR('',#163,1.);
#163 = DIRECTION('',(-1.,0.));
#164 = ( GEOMETRIC_REPRESENTATION_CONTEXT(2) 
PARAMETRIC_REPRESENTATION_CONTEXT() REPRESENTATION_CONTEXT('2D SPACE',''
  ) );
#165 = PCURVE('',#166,#171);
#166 = PLANE('',#167);
#167 = AXIS2_PLACEMENT_3D('',#168,#169,#170);
#168 = CARTESIAN_POINT('',(-2.051160198809E-15,2.796030478528E-15,973.78
    ));
#169 = DIRECTION('',(0.,0.,1.));
#170 = DIRECTION('',(1.,0.,0.));
#171 = DEFINITIONAL_REPRESENTATION('',(#172),#176);
#172 = CIRCLE('',#173,32.);
#173 = AXIS2_PLACEMENT_2D('',#174,#175);
#174 = CARTESIAN_POINT('',(2.051160198809E-15,-2.796030478528E-15));
#175 = DIRECTION('',(1.,0.));
#176 = ( GEOMETRIC_REPRESENTATION_CONTEXT(2) 
PARAMETRIC_REPRESENTATION_CONTEXT() REPRESENTATION_CONTEXT('2D SPACE',''
  ) );
#177 = ORIENTED_EDGE('',*,*,#128,.F.);
#178 = ADVANCED_FACE('',(#179),#166,.F.);
#179 = FACE_BOUND('',#180,.F.);
#180 = EDGE_LOOP('',(#181));
#181 = ORIENTED_EDGE('',*,*,#151,.T.);
#182 = ADVANCED_FACE('',(#183),#81,.T.);
#183 = FACE_BOUND('',#184,.T.);
#184 = EDGE_LOOP('',(#185,#186,#209,#236));
#185 = ORIENTED_EDGE('',*,*,#59,.T.);
#186 = ORIENTED_EDGE('',*,*,#187,.T.);
#187 = EDGE_CURVE('',#60,#188,#190,.T.);
#188 = VERTEX_POINT('',#189);
#189 = CARTESIAN_POINT('',(47.705258105561,0.,704.563));
#190 = SEAM_CURVE('',#191,(#195,#202),.PCURVE_S1.);
#191 = LINE('',#192,#193);
#192 = CARTESIAN_POINT('',(47.5563304575,0.,700.));
#193 = VECTOR('',#194,1.);
#194 = DIRECTION('',(3.262072959057E-02,0.,0.999467802383));
#195 = PCURVE('',#81,#196);
#196 = DEFINITIONAL_REPRESENTATION('',(#197),#201);
#197 = LINE('',#198,#199);
#198 = CARTESIAN_POINT('',(6.28318530718,0.));
#199 = VECTOR('',#200,1.);
#200 = DIRECTION('',(0.,1.));
#201 = ( GEOMETRIC_REPRESENTATION_CONTEXT(2) 
PARAMETRIC_REPRESENTATION_CONTEXT() REPRESENTATION_CONTEXT('2D SPACE',''
  ) );
#202 = PCURVE('',#81,#203);
#203 = DEFINITIONAL_REPRESENTATION('',(#204),#208);
#204 = LINE('',#205,#206);
#205 = CARTESIAN_POINT('',(4.138911435803E-13,0.));
#206 = VECTOR('',#207,1.);
#207 = DIRECTION('',(0.,1.));
#208 = ( GEOMETRIC_REPRESENTATION_CONTEXT(2) 
PARAMETRIC_REPRESENTATION_CONTEXT() REPRESENTATION_CONTEXT('2D SPACE',''
  ) );
#209 = ORIENTED_EDGE('',*,*,#210,.F.);
#210 = EDGE_CURVE('',#188,#188,#211,.T.);
#211 = SURFACE_CURVE('',#212,(#217,#224),.PCURVE_S1.);
#212 = CIRCLE('',#213,47.705258105561);
#213 = AXIS2_PLACEMENT_3D('',#214,#215,#216);
#214 = CARTESIAN_POINT('',(0.,0.,704.563));
#215 = DIRECTION('',(0.,0.,1.));
#216 = DIRECTION('',(1.,0.,0.));
#217 = PCURVE('',#81,#218);
#218 = DEFINITIONAL_REPRESENTATION('',(#219),#223);
#219 = LINE('',#220,#221);
#220 = CARTESIAN_POINT('',(0.,4.563));
#221 = VECTOR('',#222,1.);
#222 = DIRECTION('',(1.,0.));
#223 = ( GEOMETRIC_REPRESENTATION_CONTEXT(2) 
PARAMETRIC_REPRESENTATION_CONTEXT() REPRESENTATION_CONTEXT('2D SPACE',''
  ) );
#224 = PCURVE('',#225,#230);
#225 = CONICAL_SURFACE('',#226,47.705258105561,3.242088180408E-02);
#226 = AXIS2_PLACEMENT_3D('',#227,#228,#229);
#227 = CARTESIAN_POINT('',(0.,0.,704.563));
#228 = DIRECTION('',(0.,0.,1.));
#229 = DIRECTION('',(1.,0.,0.));
#230 = DEFINITIONAL_REPRESENTATION('',(#231),#235);
#231 = LINE('',#232,#233);
#232 = CARTESIAN_POINT('',(0.,0.));
#233 = VECTOR('',#234,1.);
#234 = DIRECTION('',(1.,0.));
#235 = ( GEOMETRIC_REPRESENTATION_CONTEXT(2) 
PARAMETRIC_REPRESENTATION_CONTEXT() REPRESENTATION_CONTEXT('2D SPACE',''
  ) );
#236 = ORIENTED_EDGE('',*,*,#187,.F.);
#237 = ADVANCED_FACE('',(#238),#225,.T.);
#238 = FACE_BOUND('',#239,.T.);
#239 = EDGE_LOOP('',(#240,#241,#264,#291));
#240 = ORIENTED_EDGE('',*,*,#210,.T.);
#241 = ORIENTED_EDGE('',*,*,#242,.T.);
#242 = EDGE_CURVE('',#188,#243,#245,.T.);
#243 = VERTEX_POINT('',#244);
#244 = CARTESIAN_POINT('',(47.853246443717,0.,709.126));
#245 = SEAM_CURVE('',#246,(#250,#257),.PCURVE_S1.);
#246 = LINE('',#247,#248);
#247 = CARTESIAN_POINT('',(47.705258105561,0.,704.563));
#248 = VECTOR('',#249,1.);
#249 = DIRECTION('',(3.241520243107E-02,0.,0.999474489245));
#250 = PCURVE('',#225,#251);
#251 = DEFINITIONAL_REPRESENTATION('',(#252),#256);
#252 = LINE('',#253,#254);
#253 = CARTESIAN_POINT('',(6.28318530718,0.));
#254 = VECTOR('',#255,1.);
#255 = DIRECTION('',(0.,1.));
#256 = ( GEOMETRIC_REPRESENTATION_CONTEXT(2) 
PARAMETRIC_REPRESENTATION_CONTEXT() REPRESENTATION_CONTEXT('2D SPACE',''
  ) );
#257 = PCURVE('',#225,#258);
#258 = DEFINITIONAL_REPRESENTATION('',(#259),#263);
#259 = LINE('',#260,#261);
#260 = CARTESIAN_POINT('',(4.138911435803E-13,0.));
#261 = VECTOR('',#262,1.);
#262 = DIRECTION('',(0.,1.));
#263 = ( GEOMETRIC_REPRESENTATION_CONTEXT(2) 
PARAMETRIC_REPRESENTATION_CONTEXT() REPRESENTATION_CONTEXT('2D SPACE',''
  ) );
#264 = ORIENTED_EDGE('',*,*,#265,.F.);
#265 = EDGE_CURVE('',#243,#243,#266,.T.);
#266 = SURFACE_CURVE('',#267,(#272,#279),.PCURVE_S1.);
#267 = CIRCLE('',#268,47.853246443717);
#268 = AXIS2_PLACEMENT_3D('',#269,#270,#271);
#269 = CARTESIAN_POINT('',(0.,0.,709.126));
#270 = DIRECTION('',(0.,0.,1.));
#271 = DIRECTION('',(1.,0.,0.));
#272 = PCURVE('',#225,#273);
#273 = DEFINITIONAL_REPRESENTATION('',(#274),#278);
#274 = LINE('',#275,#276);
#275 = CARTESIAN_POINT('',(0.,4.563));
#276 = VECTOR('',#277,1.);
#277 = DIRECTION('',(1.,0.));
#278 = ( GEOMETRIC_REPRESENTATION_CONTEXT(2) 
PARAMETRIC_REPRESENTATION_CONTEXT() REPRESENTATION_CONTEXT('2D SPACE',''
  ) );
#279 = PCURVE('',#280,#285);
#280 = CONICAL_SURFACE('',#281,47.853246443717,3.220353926369E-02);
#281 = AXIS2_PLACEMENT_3D('',#282,#283,#284);
#282 = CARTESIAN_POINT('',(0.,0.,709.126));
#283 = DIRECTION('',(0.,0.,1.));
#284 = DIRECTION('',(1.,0.,0.));
#285 = DEFINITIONAL_REPRESENTATION('',(#286),#290);
#286 = LINE('',#287,#288);
#287 = CARTESIAN_POINT('',(0.,0.));
#288 = VECTOR('',#289,1.);
#289 = DIRECTION('',(1.,0.));
#290 = ( GEOMETRIC_REPRESENTATION_CONTEXT(2) 
PARAMETRIC_REPRESENTATION_CONTEXT() REPRESENTATION_CONTEXT('2D SPACE',''
  ) );
#291 = ORIENTED_EDGE('',*,*,#242,.F.);
#292 = ADVANCED_FACE('',(#293),#280,.T.);
#293 = FACE_BOUND('',#294,.T.);
#294 = EDGE_LOOP('',(#295,#296,#319,#346));
#295 = ORIENTED_EDGE('',*,*,#265,.T.);
#296 = ORIENTED_EDGE('',*,*,#297,.T.);
#297 = EDGE_CURVE('',#243,#298,#300,.T.);
#298 = VERTEX_POINT('',#299);
#299 = CARTESIAN_POINT('',(48.000242011688,0.,713.689));
#300 = SEAM_CURVE('',#301,(#305,#312),.PCURVE_S1.);
#301 = LINE('',#302,#303);
#302 = CARTESIAN_POINT('',(47.853246443717,0.,709.126));
#303 = VECTOR('',#304,1.);
#304 = DIRECTION('',(3.219797334258E-02,0.,0.999481510841));
#305 = PCURVE('',#280,#306);
#306 = DEFINITIONAL_REPRESENTATION('',(#307),#311);
#307 = LINE('',#308,#309);
#308 = CARTESIAN_POINT('',(6.28318530718,0.));
#309 = VECTOR('',#310,1.);
#310 = DIRECTION('',(0.,1.));
#311 = ( GEOMETRIC_REPRESENTATION_CONTEXT(2) 
PARAMETRIC_REPRESENTATION_CONTEXT() REPRESENTATION_CONTEXT('2D SPACE',''
  ) );
#312 = PCURVE('',#280,#313);
#313 = DEFINITIONAL_REPRESENTATION('',(#314),#318);
#314 = LINE('',#315,#316);
#315 = CARTESIAN_POINT('',(4.138911435803E-13,0.));
#316 = VECTOR('',#317,1.);
#317 = DIRECTION('',(0.,1.));
#318 = ( GEOMETRIC_REPRESENTATION_CONTEXT(2) 
PARAMETRIC_REPRESENTATION_CONTEXT() REPRESENTATION_CONTEXT('2D SPACE',''
  ) );
#319 = ORIENTED_EDGE('',*,*,#320,.F.);
#320 = EDGE_CURVE('',#298,#298,#321,.T.);
#321 = SURFACE_CURVE('',#322,(#327,#334),.PCURVE_S1.);
#322 = CIRCLE('',#323,48.000242011688);
#323 = AXIS2_PLACEMENT_3D('',#324,#325,#326);
#324 = CARTESIAN_POINT('',(0.,0.,713.689));
#325 = DIRECTION('',(0.,0.,1.));
#326 = DIRECTION('',(1.,0.,0.));
#327 = PCURVE('',#280,#328);
#328 = DEFINITIONAL_REPRESENTATION('',(#329),#333);
#329 = LINE('',#330,#331);
#330 = CARTESIAN_POINT('',(0.,4.563));
#331 = VECTOR('',#332,1.);
#332 = DIRECTION('',(1.,0.));
#333 = ( GEOMETRIC_REPRESENTATION_CONTEXT(2) 
PARAMETRIC_REPRESENTATION_CONTEXT() REPRESENTATION_CONTEXT('2D SPACE',''
  ) );
#334 = PCURVE('',#335,#340);
#335 = CONICAL_SURFACE('',#336,48.000242011688,3.197448962029E-02);
#336 = AXIS2_PLACEMENT_3D('',#337,#338,#339);
#337 = CARTESIAN_POINT('',(0.,0.,713.689));
#338 = DIRECTION('',(0.,0.,1.));
#339 = DIRECTION('',(1.,0.,0.));
#340 = DEFINITIONAL_REPRESENTATION('',(#341),#345);
#341 = LINE('',#342,#343);
#342 = CARTESIAN_POINT('',(0.,0.));
#343 = VECTOR('',#344,1.);
#344 = DIRECTION('',(1.,0.));
#345 = ( GEOMETRIC_REPRESENTATION_CONTEXT(2) 
PARAMETRIC_REPRESENTATION_CONTEXT() REPRESENTATION_CONTEXT('2D SPACE',''
  ) );
#346 = ORIENTED_EDGE('',*,*,#297,.F.);
#347 = ADVANCED_FACE('',(#348),#335,.T.);
#348 = FACE_BOUND('',#349,.T.);
#349 = EDGE_LOOP('',(#350,#351,#374,#401));
#350 = ORIENTED_EDGE('',*,*,#320,.T.);
#351 = ORIENTED_EDGE('',*,*,#352,.T.);
#352 = EDGE_CURVE('',#298,#353,#355,.T.);
#353 = VERTEX_POINT('',#354);
#354 = CARTESIAN_POINT('',(48.146191349192,0.,718.252));
#355 = SEAM_CURVE('',#356,(#360,#367),.PCURVE_S1.);
#356 = LINE('',#357,#358);
#357 = CARTESIAN_POINT('',(48.000242011688,0.,713.689));
#358 = VECTOR('',#359,1.);
#359 = DIRECTION('',(3.196904161632E-02,0.,0.999488859557));
#360 = PCURVE('',#335,#361);
#361 = DEFINITIONAL_REPRESENTATION('',(#362),#366);
#362 = LINE('',#363,#364);
#363 = CARTESIAN_POINT('',(6.28318530718,0.));
#364 = VECTOR('',#365,1.);
#365 = DIRECTION('',(0.,1.));
#366 = ( GEOMETRIC_REPRESENTATION_CONTEXT(2) 
PARAMETRIC_REPRESENTATION_CONTEXT() REPRESENTATION_CONTEXT('2D SPACE',''
  ) );
#367 = PCURVE('',#335,#368);
#368 = DEFINITIONAL_REPRESENTATION('',(#369),#373);
#369 = LINE('',#370,#371);
#370 = CARTESIAN_POINT('',(4.138911435803E-13,0.));
#371 = VECTOR('',#372,1.);
#372 = DIRECTION('',(0.,1.));
#373 = ( GEOMETRIC_REPRESENTATION_CONTEXT(2) 
PARAMETRIC_REPRESENTATION_CONTEXT() REPRESENTATION_CONTEXT('2D SPACE',''
  ) );
#374 = ORIENTED_EDGE('',*,*,#375,.F.);
#375 = EDGE_CURVE('',#353,#353,#376,.T.);
#376 = SURFACE_CURVE('',#377,(#382,#389),.PCURVE_S1.);
#377 = CIRCLE('',#378,48.146191349192);
#378 = AXIS2_PLACEMENT_3D('',#379,#380,#381);
#379 = CARTESIAN_POINT('',(0.,0.,718.252));
#380 = DIRECTION('',(0.,0.,1.));
#381 = DIRECTION('',(1.,0.,0.));
#382 = PCURVE('',#335,#383);
#383 = DEFINITIONAL_REPRESENTATION('',(#384),#388);
#384 = LINE('',#385,#386);
#385 = CARTESIAN_POINT('',(0.,4.563));
#386 = VECTOR('',#387,1.);
#387 = DIRECTION('',(1.,0.));
#388 = ( GEOMETRIC_REPRESENTATION_CONTEXT(2) 
PARAMETRIC_REPRESENTATION_CONTEXT() REPRESENTATION_CONTEXT('2D SPACE',''
  ) );
#389 = PCURVE('',#390,#395);
#390 = CONICAL_SURFACE('',#391,48.146191349192,3.173373238161E-02);
#391 = AXIS2_PLACEMENT_3D('',#392,#393,#394);
#392 = CARTESIAN_POINT('',(0.,0.,718.252));
#393 = DIRECTION('',(0.,0.,1.));
#394 = DIRECTION('',(1.,0.,0.));
#395 = DEFINITIONAL_REPRESENTATION('',(#396),#400);
#396 = LINE('',#397,#398);
#397 = CARTESIAN_POINT('',(0.,0.));
#398 = VECTOR('',#399,1.);
#399 = DIRECTION('',(1.,0.));
#400 = ( GEOMETRIC_REPRESENTATION_CONTEXT(2) 
PARAMETRIC_REPRESENTATION_CONTEXT() REPRESENTATION_CONTEXT('2D SPACE',''
  ) );
#401 = ORIENTED_EDGE('',*,*,#352,.F.);
#402 = ADVANCED_FACE('',(#403),#390,.T.);
#403 = FACE_BOUND('',#404,.T.);
#404 = EDGE_LOOP('',(#405,#406,#429,#456));
#405 = ORIENTED_EDGE('',*,*,#375,.T.);
#406 = ORIENTED_EDGE('',*,*,#407,.T.);
#407 = EDGE_CURVE('',#353,#408,#410,.T.);
#408 = VERTEX_POINT('',#409);
#409 = CARTESIAN_POINT('',(48.29104099595,0.,722.815));
#410 = SEAM_CURVE('',#411,(#415,#422),.PCURVE_S1.);
#411 = LINE('',#412,#413);
#412 = CARTESIAN_POINT('',(48.146191349192,0.,718.252));
#413 = VECTOR('',#414,1.);
#414 = DIRECTION('',(3.17284065142E-02,0.,0.999496527368));
#415 = PCURVE('',#390,#416);
#416 = DEFINITIONAL_REPRESENTATION('',(#417),#421);
#417 = LINE('',#418,#419);
#418 = CARTESIAN_POINT('',(6.28318530718,0.));
#419 = VECTOR('',#420,1.);
#420 = DIRECTION('',(0.,1.));
#421 = ( GEOMETRIC_REPRESENTATION_CONTEXT(2) 
PARAMETRIC_REPRESENTATION_CONTEXT() REPRESENTATION_CONTEXT('2D SPACE',''
  ) );
#422 = PCURVE('',#390,#423);
#423 = DEFINITIONAL_REPRESENTATION('',(#424),#428);
#424 = LINE('',#425,#426);
#425 = CARTESIAN_POINT('',(4.138911435803E-13,0.));
#426 = VECTOR('',#427,1.);
#427 = DIRECTION('',(0.,1.));
#428 = ( GEOMETRIC_REPRESENTATION_CONTEXT(2) 
PARAMETRIC_REPRESENTATION_CONTEXT() REPRESENTATION_CONTEXT('2D SPACE',''
  ) );
#429 = ORIENTED_EDGE('',*,*,#430,.F.);
#430 = EDGE_CURVE('',#408,#408,#431,.T.);
#431 = SURFACE_CURVE('',#432,(#437,#444),.PCURVE_S1.);
#432 = CIRCLE('',#433,48.29104099595);
#433 = AXIS2_PLACEMENT_3D('',#434,#435,#436);
#434 = CARTESIAN_POINT('',(0.,0.,722.815));
#435 = DIRECTION('',(0.,0.,1.));
#436 = DIRECTION('',(1.,0.,0.));
#437 = PCURVE('',#390,#438);
#438 = DEFINITIONAL_REPRESENTATION('',(#439),#443);
#439 = LINE('',#440,#441);
#440 = CARTESIAN_POINT('',(0.,4.563));
#441 = VECTOR('',#442,1.);
#442 = DIRECTION('',(1.,0.));
#443 = ( GEOMETRIC_REPRESENTATION_CONTEXT(2) 
PARAMETRIC_REPRESENTATION_CONTEXT() REPRESENTATION_CONTEXT('2D SPACE',''
  ) );
#444 = PCURVE('',#445,#450);
#445 = CONICAL_SURFACE('',#446,48.29104099595,3.148126703682E-02);
#446 = AXIS2_PLACEMENT_3D('',#447,#448,#449);
#447 = CARTESIAN_POINT('',(0.,0.,722.815));
#448 = DIRECTION('',(0.,0.,1.));
#449 = DIRECTION('',(1.,0.,0.));
#450 = DEFINITIONAL_REPRESENTATION('',(#451),#455);
#451 = LINE('',#452,#453);
#452 = CARTESIAN_POINT('',(0.,0.));
#453 = VECTOR('',#454,1.);
#454 = DIRECTION('',(1.,0.));
#455 = ( GEOMETRIC_REPRESENTATION_CONTEXT(2) 
PARAMETRIC_REPRESENTATION_CONTEXT() REPRESENTATION_CONTEXT('2D SPACE',''
  ) );
#456 = ORIENTED_EDGE('',*,*,#407,.F.);
#457 = ADVANCED_FACE('',(#458),#445,.T.);
#458 = FACE_BOUND('',#459,.T.);
#459 = EDGE_LOOP('',(#460,#461,#484,#511));
#460 = ORIENTED_EDGE('',*,*,#430,.T.);
#461 = ORIENTED_EDGE('',*,*,#462,.T.);
#462 = EDGE_CURVE('',#408,#463,#465,.T.);
#463 = VERTEX_POINT('',#464);
#464 = CARTESIAN_POINT('',(48.434737491679,0.,727.378));
#465 = SEAM_CURVE('',#466,(#470,#477),.PCURVE_S1.);
#466 = LINE('',#467,#468);
#467 = CARTESIAN_POINT('',(48.29104099595,0.,722.815));
#468 = VECTOR('',#469,1.);
#469 = DIRECTION('',(3.147606727039E-02,0.,0.999504505837));
#470 = PCURVE('',#445,#471);
#471 = DEFINITIONAL_REPRESENTATION('',(#472),#476);
#472 = LINE('',#473,#474);
#473 = CARTESIAN_POINT('',(6.28318530718,0.));
#474 = VECTOR('',#475,1.);
#475 = DIRECTION('',(0.,1.));
#476 = ( GEOMETRIC_REPRESENTATION_CONTEXT(2) 
PARAMETRIC_REPRESENTATION_CONTEXT() REPRESENTATION_CONTEXT('2D SPACE',''
  ) );
#477 = PCURVE('',#445,#478);
#478 = DEFINITIONAL_REPRESENTATION('',(#479),#483);
#479 = LINE('',#480,#481);
#480 = CARTESIAN_POINT('',(4.138911435803E-13,0.));
#481 = VECTOR('',#482,1.);
#482 = DIRECTION('',(0.,1.));
#483 = ( GEOMETRIC_REPRESENTATION_CONTEXT(2) 
PARAMETRIC_REPRESENTATION_CONTEXT() REPRESENTATION_CONTEXT('2D SPACE',''
  ) );
#484 = ORIENTED_EDGE('',*,*,#485,.F.);
#485 = EDGE_CURVE('',#463,#463,#486,.T.);
#486 = SURFACE_CURVE('',#487,(#492,#499),.PCURVE_S1.);
#487 = CIRCLE('',#488,48.434737491679);
#488 = AXIS2_PLACEMENT_3D('',#489,#490,#491);
#489 = CARTESIAN_POINT('',(0.,0.,727.378));
#490 = DIRECTION('',(0.,0.,1.));
#491 = DIRECTION('',(1.,0.,0.));
#492 = PCURVE('',#445,#493);
#493 = DEFINITIONAL_REPRESENTATION('',(#494),#498);
#494 = LINE('',#495,#496);
#495 = CARTESIAN_POINT('',(0.,4.563));
#496 = VECTOR('',#497,1.);
#497 = DIRECTION('',(1.,0.));
#498 = ( GEOMETRIC_REPRESENTATION_CONTEXT(2) 
PARAMETRIC_REPRESENTATION_CONTEXT() REPRESENTATION_CONTEXT('2D SPACE',''
  ) );
#499 = PCURVE('',#500,#505);
#500 = CONICAL_SURFACE('',#501,48.434737491679,3.121709305754E-02);
#501 = AXIS2_PLACEMENT_3D('',#502,#503,#504);
#502 = CARTESIAN_POINT('',(0.,0.,727.378));
#503 = DIRECTION('',(0.,0.,1.));
#504 = DIRECTION('',(1.,0.,0.));
#505 = DEFINITIONAL_REPRESENTATION('',(#506),#510);
#506 = LINE('',#507,#508);
#507 = CARTESIAN_POINT('',(0.,0.));
#508 = VECTOR('',#509,1.);
#509 = DIRECTION('',(1.,0.));
#510 = ( GEOMETRIC_REPRESENTATION_CONTEXT(2) 
PARAMETRIC_REPRESENTATION_CONTEXT() REPRESENTATION_CONTEXT('2D SPACE',''
  ) );
#511 = ORIENTED_EDGE('',*,*,#462,.F.);
#512 = ADVANCED_FACE('',(#513),#500,.T.);
#513 = FACE_BOUND('',#514,.T.);
#514 = EDGE_LOOP('',(#515,#516,#539,#566));
#515 = ORIENTED_EDGE('',*,*,#485,.T.);
#516 = ORIENTED_EDGE('',*,*,#517,.T.);
#517 = EDGE_CURVE('',#463,#518,#520,.T.);
#518 = VERTEX_POINT('',#519);
#519 = CARTESIAN_POINT('',(48.5772273761,0.,731.941));
#520 = SEAM_CURVE('',#521,(#525,#532),.PCURVE_S1.);
#521 = LINE('',#522,#523);
#522 = CARTESIAN_POINT('',(48.434737491679,0.,727.378));
#523 = VECTOR('',#524,1.);
#524 = DIRECTION('',(3.121202309245E-02,0.,0.999512786119));
#525 = PCURVE('',#500,#526);
#526 = DEFINITIONAL_REPRESENTATION('',(#527),#531);
#527 = LINE('',#528,#529);
#528 = CARTESIAN_POINT('',(6.28318530718,0.));
#529 = VECTOR('',#530,1.);
#530 = DIRECTION('',(0.,1.));
#531 = ( GEOMETRIC_REPRESENTATION_CONTEXT(2) 
PARAMETRIC_REPRESENTATION_CONTEXT() REPRESENTATION_CONTEXT('2D SPACE',''
  ) );
#532 = PCURVE('',#500,#533);
#533 = DEFINITIONAL_REPRESENTATION('',(#534),#538);
#534 = LINE('',#535,#536);
#535 = CARTESIAN_POINT('',(4.138911435803E-13,0.));
#536 = VECTOR('',#537,1.);
#537 = DIRECTION('',(0.,1.));
#538 = ( GEOMETRIC_REPRESENTATION_CONTEXT(2) 
PARAMETRIC_REPRESENTATION_CONTEXT() REPRESENTATION_CONTEXT('2D SPACE',''
  ) );
#539 = ORIENTED_EDGE('',*,*,#540,.F.);
#540 = EDGE_CURVE('',#518,#518,#541,.T.);
#541 = SURFACE_CURVE('',#542,(#547,#554),.PCURVE_S1.);
#542 = CIRCLE('',#543,48.5772273761);
#543 = AXIS2_PLACEMENT_3D('',#544,#545,#546);
#544 = CARTESIAN_POINT('',(0.,0.,731.941));
#545 = DIRECTION('',(0.,0.,1.));
#546 = DIRECTION('',(1.,0.,0.));
#547 = PCURVE('',#500,#548);
#548 = DEFINITIONAL_REPRESENTATION('',(#549),#553);
#549 = LINE('',#550,#551);
#550 = CARTESIAN_POINT('',(0.,4.563));
#551 = VECTOR('',#552,1.);
#552 = DIRECTION('',(1.,0.));
#553 = ( GEOMETRIC_REPRESENTATION_CONTEXT(2) 
PARAMETRIC_REPRESENTATION_CONTEXT() REPRESENTATION_CONTEXT('2D SPACE',''
  ) );
#554 = PCURVE('',#555,#560);
#555 = CONICAL_SURFACE('',#556,48.5772273761,3.094120989885E-02);
#556 = AXIS2_PLACEMENT_3D('',#557,#558,#559);
#557 = CARTESIAN_POINT('',(0.,0.,731.941));
#558 = DIRECTION('',(0.,0.,1.));
#559 = DIRECTION('',(1.,0.,0.));
#560 = DEFINITIONAL_REPRESENTATION('',(#561),#565);
#561 = LINE('',#562,#563);
#562 = CARTESIAN_POINT('',(0.,0.));
#563 = VECTOR('',#564,1.);
#564 = DIRECTION('',(1.,0.));
#565 = ( GEOMETRIC_REPRESENTATION_CONTEXT(2) 
PARAMETRIC_REPRESENTATION_CONTEXT() REPRESENTATION_CONTEXT('2D SPACE',''
  ) );
#566 = ORIENTED_EDGE('',*,*,#517,.F.);
#567 = ADVANCED_FACE('',(#568),#555,.T.);
#568 = FACE_BOUND('',#569,.T.);
#569 = EDGE_LOOP('',(#570,#571,#594,#621));
#570 = ORIENTED_EDGE('',*,*,#540,.T.);
#571 = ORIENTED_EDGE('',*,*,#572,.T.);
#572 = EDGE_CURVE('',#518,#573,#575,.T.);
#573 = VERTEX_POINT('',#574);
#574 = CARTESIAN_POINT('',(48.718457188931,0.,736.504));
#575 = SEAM_CURVE('',#576,(#580,#587),.PCURVE_S1.);
#576 = LINE('',#577,#578);
#577 = CARTESIAN_POINT('',(48.5772273761,0.,731.941));
#578 = VECTOR('',#579,1.);
#579 = DIRECTION('',(3.093627316357E-02,0.,0.999521358953));
#580 = PCURVE('',#555,#581);
#581 = DEFINITIONAL_REPRESENTATION('',(#582),#586);
#582 = LINE('',#583,#584);
#583 = CARTESIAN_POINT('',(6.28318530718,0.));
#584 = VECTOR('',#585,1.);
#585 = DIRECTION('',(0.,1.));
#586 = ( GEOMETRIC_REPRESENTATION_CONTEXT(2) 
PARAMETRIC_REPRESENTATION_CONTEXT() REPRESENTATION_CONTEXT('2D SPACE',''
  ) );
#587 = PCURVE('',#555,#588);
#588 = DEFINITIONAL_REPRESENTATION('',(#589),#593);
#589 = LINE('',#590,#591);
#590 = CARTESIAN_POINT('',(4.138911435803E-13,0.));
#591 = VECTOR('',#592,1.);
#592 = DIRECTION('',(0.,1.));
#593 = ( GEOMETRIC_REPRESENTATION_CONTEXT(2) 
PARAMETRIC_REPRESENTATION_CONTEXT() REPRESENTATION_CONTEXT('2D SPACE',''
  ) );
#594 = ORIENTED_EDGE('',*,*,#595,.F.);
#595 = EDGE_CURVE('',#573,#573,#596,.T.);
#596 = SURFACE_CURVE('',#597,(#602,#609),.PCURVE_S1.);
#597 = CIRCLE('',#598,48.718457188931);
#598 = AXIS2_PLACEMENT_3D('',#599,#600,#601);
#599 = CARTESIAN_POINT('',(0.,0.,736.504));
#600 = DIRECTION('',(0.,0.,1.));
#601 = DIRECTION('',(1.,0.,0.));
#602 = PCURVE('',#555,#603);
#603 = DEFINITIONAL_REPRESENTATION('',(#604),#608);
#604 = LINE('',#605,#606);
#605 = CARTESIAN_POINT('',(0.,4.563));
#606 = VECTOR('',#607,1.);
#607 = DIRECTION('',(1.,0.));
#608 = ( GEOMETRIC_REPRESENTATION_CONTEXT(2) 
PARAMETRIC_REPRESENTATION_CONTEXT() REPRESENTATION_CONTEXT('2D SPACE',''
  ) );
#609 = PCURVE('',#610,#615);
#610 = CONICAL_SURFACE('',#611,48.718457188931,3.065361700041E-02);
#611 = AXIS2_PLACEMENT_3D('',#612,#613,#614);
#612 = CARTESIAN_POINT('',(0.,0.,736.504));
#613 = DIRECTION('',(0.,0.,1.));
#614 = DIRECTION('',(1.,0.,0.));
#615 = DEFINITIONAL_REPRESENTATION('',(#616),#620);
#616 = LINE('',#617,#618);
#617 = CARTESIAN_POINT('',(0.,0.));
#618 = VECTOR('',#619,1.);
#619 = DIRECTION('',(1.,0.));
#620 = ( GEOMETRIC_REPRESENTATION_CONTEXT(2) 
PARAMETRIC_REPRESENTATION_CONTEXT() REPRESENTATION_CONTEXT('2D SPACE',''
  ) );
#621 = ORIENTED_EDGE('',*,*,#572,.F.);
#622 = ADVANCED_FACE('',(#623),#610,.T.);
#623 = FACE_BOUND('',#624,.T.);
#624 = EDGE_LOOP('',(#625,#626,#649,#676));
#625 = ORIENTED_EDGE('',*,*,#595,.T.);
#626 = ORIENTED_EDGE('',*,*,#627,.T.);
#627 = EDGE_CURVE('',#573,#628,#630,.T.);
#628 = VERTEX_POINT('',#629);
#629 = CARTESIAN_POINT('',(48.858373469892,0.,741.067));
#630 = SEAM_CURVE('',#631,(#635,#642),.PCURVE_S1.);
#631 = LINE('',#632,#633);
#632 = CARTESIAN_POINT('',(48.718457188931,0.,736.504));
#633 = VECTOR('',#634,1.);
#634 = DIRECTION('',(3.064881664353E-02,0.,0.99953021467));
#635 = PCURVE('',#610,#636);
#636 = DEFINITIONAL_REPRESENTATION('',(#637),#641);
#637 = LINE('',#638,#639);
#638 = CARTESIAN_POINT('',(6.28318530718,0.));
#639 = VECTOR('',#640,1.);
#640 = DIRECTION('',(0.,1.));
#641 = ( GEOMETRIC_REPRESENTATION_CONTEXT(2) 
PARAMETRIC_REPRESENTATION_CONTEXT() REPRESENTATION_CONTEXT('2D SPACE',''
  ) );
#642 = PCURVE('',#610,#643);
#643 = DEFINITIONAL_REPRESENTATION('',(#644),#648);
#644 = LINE('',#645,#646);
#645 = CARTESIAN_POINT('',(4.138911435803E-13,0.));
#646 = VECTOR('',#647,1.);
#647 = DIRECTION('',(0.,1.));
#648 = ( GEOMETRIC_REPRESENTATION_CONTEXT(2) 
PARAMETRIC_REPRESENTATION_CONTEXT() REPRESENTATION_CONTEXT('2D SPACE',''
  ) );
#649 = ORIENTED_EDGE('',*,*,#650,.F.);
#650 = EDGE_CURVE('',#628,#628,#651,.T.);
#651 = SURFACE_CURVE('',#652,(#657,#664),.PCURVE_S1.);
#652 = CIRCLE('',#653,48.858373469892);
#653 = AXIS2_PLACEMENT_3D('',#654,#655,#656);
#654 = CARTESIAN_POINT('',(0.,0.,741.067));
#655 = DIRECTION('',(0.,0.,1.));
#656 = DIRECTION('',(1.,0.,0.));
#657 = PCURVE('',#610,#658);
#658 = DEFINITIONAL_REPRESENTATION('',(#659),#663);
#659 = LINE('',#660,#661);
#660 = CARTESIAN_POINT('',(0.,4.563));
#661 = VECTOR('',#662,1.);
#662 = DIRECTION('',(1.,0.));
#663 = ( GEOMETRIC_REPRESENTATION_CONTEXT(2) 
PARAMETRIC_REPRESENTATION_CONTEXT() REPRESENTATION_CONTEXT('2D SPACE',''
  ) );
#664 = PCURVE('',#665,#670);
#665 = CONICAL_SURFACE('',#666,48.858373469892,3.035431378752E-02);
#666 = AXIS2_PLACEMENT_3D('',#667,#668,#669);
#667 = CARTESIAN_POINT('',(0.,0.,741.067));
#668 = DIRECTION('',(0.,0.,1.));
#669 = DIRECTION('',(1.,0.,0.));
#670 = DEFINITIONAL_REPRESENTATION('',(#671),#675);
#671 = LINE('',#672,#673);
#672 = CARTESIAN_POINT('',(0.,0.));
#673 = VECTOR('',#674,1.);
#674 = DIRECTION('',(1.,0.));
#675 = ( GEOMETRIC_REPRESENTATION_CONTEXT(2) 
PARAMETRIC_REPRESENTATION_CONTEXT() REPRESENTATION_CONTEXT('2D SPACE',''
  ) );
#676 = ORIENTED_EDGE('',*,*,#627,.F.);
#677 = ADVANCED_FACE('',(#678),#665,.T.);
#678 = FACE_BOUND('',#679,.T.);
#679 = EDGE_LOOP('',(#680,#681,#704,#731));
#680 = ORIENTED_EDGE('',*,*,#650,.T.);
#681 = ORIENTED_EDGE('',*,*,#682,.T.);
#682 = EDGE_CURVE('',#628,#683,#685,.T.);
#683 = VERTEX_POINT('',#684);
#684 = CARTESIAN_POINT('',(48.996922758701,0.,745.63));
#685 = SEAM_CURVE('',#686,(#690,#697),.PCURVE_S1.);
#686 = LINE('',#687,#688);
#687 = CARTESIAN_POINT('',(48.858373469892,0.,741.067));
#688 = VECTOR('',#689,1.);
#689 = DIRECTION('',(3.034965267057E-02,0.,0.999539343189));
#690 = PCURVE('',#665,#691);
#691 = DEFINITIONAL_REPRESENTATION('',(#692),#696);
#692 = LINE('',#693,#694);
#693 = CARTESIAN_POINT('',(6.28318530718,0.));
#694 = VECTOR('',#695,1.);
#695 = DIRECTION('',(0.,1.));
#696 = ( GEOMETRIC_REPRESENTATION_CONTEXT(2) 
PARAMETRIC_REPRESENTATION_CONTEXT() REPRESENTATION_CONTEXT('2D SPACE',''
  ) );
#697 = PCURVE('',#665,#698);
#698 = DEFINITIONAL_REPRESENTATION('',(#699),#703);
#699 = LINE('',#700,#701);
#700 = CARTESIAN_POINT('',(4.138911435803E-13,0.));
#701 = VECTOR('',#702,1.);
#702 = DIRECTION('',(0.,1.));
#703 = ( GEOMETRIC_REPRESENTATION_CONTEXT(2) 
PARAMETRIC_REPRESENTATION_CONTEXT() REPRESENTATION_CONTEXT('2D SPACE',''
  ) );
#704 = ORIENTED_EDGE('',*,*,#705,.F.);
#705 = EDGE_CURVE('',#683,#683,#706,.T.);
#706 = SURFACE_CURVE('',#707,(#712,#719),.PCURVE_S1.);
#707 = CIRCLE('',#708,48.996922758701);
#708 = AXIS2_PLACEMENT_3D('',#709,#710,#711);
#709 = CARTESIAN_POINT('',(0.,0.,745.63));
#710 = DIRECTION('',(0.,0.,1.));
#711 = DIRECTION('',(1.,0.,0.));
#712 = PCURVE('',#665,#713);
#713 = DEFINITIONAL_REPRESENTATION('',(#714),#718);
#714 = LINE('',#715,#716);
#715 = CARTESIAN_POINT('',(0.,4.563));
#716 = VECTOR('',#717,1.);
#717 = DIRECTION('',(1.,0.));
#718 = ( GEOMETRIC_REPRESENTATION_CONTEXT(2) 
PARAMETRIC_REPRESENTATION_CONTEXT() REPRESENTATION_CONTEXT('2D SPACE',''
  ) );
#719 = PCURVE('',#720,#725);
#720 = CONICAL_SURFACE('',#721,48.996922758701,3.00432996724E-02);
#721 = AXIS2_PLACEMENT_3D('',#722,#723,#724);
#722 = CARTESIAN_POINT('',(0.,0.,745.63));
#723 = DIRECTION('',(0.,0.,1.));
#724 = DIRECTION('',(1.,0.,0.));
#725 = DEFINITIONAL_REPRESENTATION('',(#726),#730);
#726 = LINE('',#727,#728);
#727 = CARTESIAN_POINT('',(0.,0.));
#728 = VECTOR('',#729,1.);
#729 = DIRECTION('',(1.,0.));
#730 = ( GEOMETRIC_REPRESENTATION_CONTEXT(2) 
PARAMETRIC_REPRESENTATION_CONTEXT() REPRESENTATION_CONTEXT('2D SPACE',''
  ) );
#731 = ORIENTED_EDGE('',*,*,#682,.F.);
#732 = ADVANCED_FACE('',(#733),#720,.T.);
#733 = FACE_BOUND('',#734,.T.);
#734 = EDGE_LOOP('',(#735,#736,#759,#786));
#735 = ORIENTED_EDGE('',*,*,#705,.T.);
#736 = ORIENTED_EDGE('',*,*,#737,.T.);
#737 = EDGE_CURVE('',#683,#738,#740,.T.);
#738 = VERTEX_POINT('',#739);
#739 = CARTESIAN_POINT('',(49.134051595078,0.,750.193));
#740 = SEAM_CURVE('',#741,(#745,#752),.PCURVE_S1.);
#741 = LINE('',#742,#743);
#742 = CARTESIAN_POINT('',(48.996922758701,0.,745.63));
#743 = VECTOR('',#744,1.);
#744 = DIRECTION('',(3.003878036334E-02,0.,0.999548734017));
#745 = PCURVE('',#720,#746);
#746 = DEFINITIONAL_REPRESENTATION('',(#747),#751);
#747 = LINE('',#748,#749);
#748 = CARTESIAN_POINT('',(6.28318530718,0.));
#749 = VECTOR('',#750,1.);
#750 = DIRECTION('',(0.,1.));
#751 = ( GEOMETRIC_REPRESENTATION_CONTEXT(2) 
PARAMETRIC_REPRESENTATION_CONTEXT() REPRESENTATION_CONTEXT('2D SPACE',''
  ) );
#752 = PCURVE('',#720,#753);
#753 = DEFINITIONAL_REPRESENTATION('',(#754),#758);
#754 = LINE('',#755,#756);
#755 = CARTESIAN_POINT('',(4.138911435803E-13,0.));
#756 = VECTOR('',#757,1.);
#757 = DIRECTION('',(0.,1.));
#758 = ( GEOMETRIC_REPRESENTATION_CONTEXT(2) 
PARAMETRIC_REPRESENTATION_CONTEXT() REPRESENTATION_CONTEXT('2D SPACE',''
  ) );
#759 = ORIENTED_EDGE('',*,*,#760,.F.);
#760 = EDGE_CURVE('',#738,#738,#761,.T.);
#761 = SURFACE_CURVE('',#762,(#767,#774),.PCURVE_S1.);
#762 = CIRCLE('',#763,49.134051595078);
#763 = AXIS2_PLACEMENT_3D('',#764,#765,#766);
#764 = CARTESIAN_POINT('',(0.,0.,750.193));
#765 = DIRECTION('',(0.,0.,1.));
#766 = DIRECTION('',(1.,0.,0.));
#767 = PCURVE('',#720,#768);
#768 = DEFINITIONAL_REPRESENTATION('',(#769),#773);
#769 = LINE('',#770,#771);
#770 = CARTESIAN_POINT('',(0.,4.563));
#771 = VECTOR('',#772,1.);
#772 = DIRECTION('',(1.,0.));
#773 = ( GEOMETRIC_REPRESENTATION_CONTEXT(2) 
PARAMETRIC_REPRESENTATION_CONTEXT() REPRESENTATION_CONTEXT('2D SPACE',''
  ) );
#774 = PCURVE('',#775,#780);
#775 = CONICAL_SURFACE('',#776,49.134051595078,2.972057405533E-02);
#776 = AXIS2_PLACEMENT_3D('',#777,#778,#779);
#777 = CARTESIAN_POINT('',(0.,0.,750.193));
#778 = DIRECTION('',(0.,0.,1.));
#779 = DIRECTION('',(1.,0.,0.));
#780 = DEFINITIONAL_REPRESENTATION('',(#781),#785);
#781 = LINE('',#782,#783);
#782 = CARTESIAN_POINT('',(0.,0.));
#783 = VECTOR('',#784,1.);
#784 = DIRECTION('',(1.,0.));
#785 = ( GEOMETRIC_REPRESENTATION_CONTEXT(2) 
PARAMETRIC_REPRESENTATION_CONTEXT() REPRESENTATION_CONTEXT('2D SPACE',''
  ) );
#786 = ORIENTED_EDGE('',*,*,#737,.F.);
#787 = ADVANCED_FACE('',(#788),#775,.T.);
#788 = FACE_BOUND('',#789,.T.);
#789 = EDGE_LOOP('',(#790,#791,#814,#841));
#790 = ORIENTED_EDGE('',*,*,#760,.T.);
#791 = ORIENTED_EDGE('',*,*,#792,.T.);
#792 = EDGE_CURVE('',#738,#793,#795,.T.);
#793 = VERTEX_POINT('',#794);
#794 = CARTESIAN_POINT('',(49.269706518743,0.,754.756));
#795 = SEAM_CURVE('',#796,(#800,#807),.PCURVE_S1.);
#796 = LINE('',#797,#798);
#797 = CARTESIAN_POINT('',(49.134051595078,0.,750.193));
#798 = VECTOR('',#799,1.);
#799 = DIRECTION('',(2.97161988227E-02,0.,0.999558376248));
#800 = PCURVE('',#775,#801);
#801 = DEFINITIONAL_REPRESENTATION('',(#802),#806);
#802 = LINE('',#803,#804);
#803 = CARTESIAN_POINT('',(6.28318530718,0.));
#804 = VECTOR('',#805,1.);
#805 = DIRECTION('',(0.,1.));
#806 = ( GEOMETRIC_REPRESENTATION_CONTEXT(2) 
PARAMETRIC_REPRESENTATION_CONTEXT() REPRESENTATION_CONTEXT('2D SPACE',''
  ) );
#807 = PCURVE('',#775,#808);
#808 = DEFINITIONAL_REPRESENTATION('',(#809),#813);
#809 = LINE('',#810,#811);
#810 = CARTESIAN_POINT('',(4.138911435803E-13,0.));
#811 = VECTOR('',#812,1.);
#812 = DIRECTION('',(0.,1.));
#813 = ( GEOMETRIC_REPRESENTATION_CONTEXT(2) 
PARAMETRIC_REPRESENTATION_CONTEXT() REPRESENTATION_CONTEXT('2D SPACE',''
  ) );
#814 = ORIENTED_EDGE('',*,*,#815,.F.);
#815 = EDGE_CURVE('',#793,#793,#816,.T.);
#816 = SURFACE_CURVE('',#817,(#822,#829),.PCURVE_S1.);
#817 = CIRCLE('',#818,49.269706518743);
#818 = AXIS2_PLACEMENT_3D('',#819,#820,#821);
#819 = CARTESIAN_POINT('',(0.,0.,754.756));
#820 = DIRECTION('',(0.,0.,1.));
#821 = DIRECTION('',(1.,0.,0.));
#822 = PCURVE('',#775,#823);
#823 = DEFINITIONAL_REPRESENTATION('',(#824),#828);
#824 = LINE('',#825,#826);
#825 = CARTESIAN_POINT('',(0.,4.563));
#826 = VECTOR('',#827,1.);
#827 = DIRECTION('',(1.,0.));
#828 = ( GEOMETRIC_REPRESENTATION_CONTEXT(2) 
PARAMETRIC_REPRESENTATION_CONTEXT() REPRESENTATION_CONTEXT('2D SPACE',''
  ) );
#829 = PCURVE('',#830,#835);
#830 = CONICAL_SURFACE('',#831,49.269706518743,2.938613632599E-02);
#831 = AXIS2_PLACEMENT_3D('',#832,#833,#834);
#832 = CARTESIAN_POINT('',(0.,0.,754.756));
#833 = DIRECTION('',(0.,0.,1.));
#834 = DIRECTION('',(1.,0.,0.));
#835 = DEFINITIONAL_REPRESENTATION('',(#836),#840);
#836 = LINE('',#837,#838);
#837 = CARTESIAN_POINT('',(0.,0.));
#838 = VECTOR('',#839,1.);
#839 = DIRECTION('',(1.,0.));
#840 = ( GEOMETRIC_REPRESENTATION_CONTEXT(2) 
PARAMETRIC_REPRESENTATION_CONTEXT() REPRESENTATION_CONTEXT('2D SPACE',''
  ) );
#841 = ORIENTED_EDGE('',*,*,#792,.F.);
#842 = ADVANCED_FACE('',(#843),#830,.T.);
#843 = FACE_BOUND('',#844,.T.);
#844 = EDGE_LOOP('',(#845,#846,#869,#896));
#845 = ORIENTED_EDGE('',*,*,#815,.T.);
#846 = ORIENTED_EDGE('',*,*,#847,.T.);
#847 = EDGE_CURVE('',#793,#848,#850,.T.);
#848 = VERTEX_POINT('',#849);
#849 = CARTESIAN_POINT('',(49.403834069413,0.,759.319));
#850 = SEAM_CURVE('',#851,(#855,#862),.PCURVE_S1.);
#851 = LINE('',#852,#853);
#852 = CARTESIAN_POINT('',(49.269706518743,0.,754.756));
#853 = VECTOR('',#854,1.);
#854 = DIRECTION('',(2.938190713341E-02,0.,0.999568258566));
#855 = PCURVE('',#830,#856);
#856 = DEFINITIONAL_REPRESENTATION('',(#857),#861);
#857 = LINE('',#858,#859);
#858 = CARTESIAN_POINT('',(6.28318530718,0.));
#859 = VECTOR('',#860,1.);
#860 = DIRECTION('',(0.,1.));
#861 = ( GEOMETRIC_REPRESENTATION_CONTEXT(2) 
PARAMETRIC_REPRESENTATION_CONTEXT() REPRESENTATION_CONTEXT('2D SPACE',''
  ) );
#862 = PCURVE('',#830,#863);
#863 = DEFINITIONAL_REPRESENTATION('',(#864),#868);
#864 = LINE('',#865,#866);
#865 = CARTESIAN_POINT('',(4.138911435803E-13,0.));
#866 = VECTOR('',#867,1.);
#867 = DIRECTION('',(0.,1.));
#868 = ( GEOMETRIC_REPRESENTATION_CONTEXT(2) 
PARAMETRIC_REPRESENTATION_CONTEXT() REPRESENTATION_CONTEXT('2D SPACE',''
  ) );
#869 = ORIENTED_EDGE('',*,*,#870,.F.);
#870 = EDGE_CURVE('',#848,#848,#871,.T.);
#871 = SURFACE_CURVE('',#872,(#877,#884),.PCURVE_S1.);
#872 = CIRCLE('',#873,49.403834069413);
#873 = AXIS2_PLACEMENT_3D('',#874,#875,#876);
#874 = CARTESIAN_POINT('',(0.,0.,759.319));
#875 = DIRECTION('',(0.,0.,1.));
#876 = DIRECTION('',(1.,0.,0.));
#877 = PCURVE('',#830,#878);
#878 = DEFINITIONAL_REPRESENTATION('',(#879),#883);
#879 = LINE('',#880,#881);
#880 = CARTESIAN_POINT('',(0.,4.563));
#881 = VECTOR('',#882,1.);
#882 = DIRECTION('',(1.,0.));
#883 = ( GEOMETRIC_REPRESENTATION_CONTEXT(2) 
PARAMETRIC_REPRESENTATION_CONTEXT() REPRESENTATION_CONTEXT('2D SPACE',''
  ) );
#884 = PCURVE('',#885,#890);
#885 = CONICAL_SURFACE('',#886,49.403834069413,2.903998586472E-02);
#886 = AXIS2_PLACEMENT_3D('',#887,#888,#889);
#887 = CARTESIAN_POINT('',(0.,0.,759.319));
#888 = DIRECTION('',(0.,0.,1.));
#889 = DIRECTION('',(1.,0.,0.));
#890 = DEFINITIONAL_REPRESENTATION('',(#891),#895);
#891 = LINE('',#892,#893);
#892 = CARTESIAN_POINT('',(0.,0.));
#893 = VECTOR('',#894,1.);
#894 = DIRECTION('',(1.,0.));
#895 = ( GEOMETRIC_REPRESENTATION_CONTEXT(2) 
PARAMETRIC_REPRESENTATION_CONTEXT() REPRESENTATION_CONTEXT('2D SPACE',''
  ) );
#896 = ORIENTED_EDGE('',*,*,#847,.F.);
#897 = ADVANCED_FACE('',(#898),#885,.T.);
#898 = FACE_BOUND('',#899,.T.);
#899 = EDGE_LOOP('',(#900,#901,#924,#951));
#900 = ORIENTED_EDGE('',*,*,#870,.T.);
#901 = ORIENTED_EDGE('',*,*,#902,.T.);
#902 = EDGE_CURVE('',#848,#903,#905,.T.);
#903 = VERTEX_POINT('',#904);
#904 = CARTESIAN_POINT('',(49.536380786809,0.,763.882));
#905 = SEAM_CURVE('',#906,(#910,#917),.PCURVE_S1.);
#906 = LINE('',#907,#908);
#907 = CARTESIAN_POINT('',(49.403834069413,0.,759.319));
#908 = VECTOR('',#909,1.);
#909 = DIRECTION('',(2.90359043662E-02,0.,0.999578369243));
#910 = PCURVE('',#885,#911);
#911 = DEFINITIONAL_REPRESENTATION('',(#912),#916);
#912 = LINE('',#913,#914);
#913 = CARTESIAN_POINT('',(6.28318530718,0.));
#914 = VECTOR('',#915,1.);
#915 = DIRECTION('',(0.,1.));
#916 = ( GEOMETRIC_REPRESENTATION_CONTEXT(2) 
PARAMETRIC_REPRESENTATION_CONTEXT() REPRESENTATION_CONTEXT('2D SPACE',''
  ) );
#917 = PCURVE('',#885,#918);
#918 = DEFINITIONAL_REPRESENTATION('',(#919),#923);
#919 = LINE('',#920,#921);
#920 = CARTESIAN_POINT('',(4.138911435803E-13,0.));
#921 = VECTOR('',#922,1.);
#922 = DIRECTION('',(0.,1.));
#923 = ( GEOMETRIC_REPRESENTATION_CONTEXT(2) 
PARAMETRIC_REPRESENTATION_CONTEXT() REPRESENTATION_CONTEXT('2D SPACE',''
  ) );
#924 = ORIENTED_EDGE('',*,*,#925,.F.);
#925 = EDGE_CURVE('',#903,#903,#926,.T.);
#926 = SURFACE_CURVE('',#927,(#932,#939),.PCURVE_S1.);
#927 = CIRCLE('',#928,49.536380786809);
#928 = AXIS2_PLACEMENT_3D('',#929,#930,#931);
#929 = CARTESIAN_POINT('',(0.,0.,763.882));
#930 = DIRECTION('',(0.,0.,1.));
#931 = DIRECTION('',(1.,0.,0.));
#932 = PCURVE('',#885,#933);
#933 = DEFINITIONAL_REPRESENTATION('',(#934),#938);
#934 = LINE('',#935,#936);
#935 = CARTESIAN_POINT('',(0.,4.563));
#936 = VECTOR('',#937,1.);
#937 = DIRECTION('',(1.,0.));
#938 = ( GEOMETRIC_REPRESENTATION_CONTEXT(2) 
PARAMETRIC_REPRESENTATION_CONTEXT() REPRESENTATION_CONTEXT('2D SPACE',''
  ) );
#939 = PCURVE('',#940,#945);
#940 = CONICAL_SURFACE('',#941,49.536380786809,2.868212204399E-02);
#941 = AXIS2_PLACEMENT_3D('',#942,#943,#944);
#942 = CARTESIAN_POINT('',(0.,0.,763.882));
#943 = DIRECTION('',(0.,0.,1.));
#944 = DIRECTION('',(1.,0.,0.));
#945 = DEFINITIONAL_REPRESENTATION('',(#946),#950);
#946 = LINE('',#947,#948);
#947 = CARTESIAN_POINT('',(0.,0.));
#948 = VECTOR('',#949,1.);
#949 = DIRECTION('',(1.,0.));
#950 = ( GEOMETRIC_REPRESENTATION_CONTEXT(2) 
PARAMETRIC_REPRESENTATION_CONTEXT() REPRESENTATION_CONTEXT('2D SPACE',''
  ) );
#951 = ORIENTED_EDGE('',*,*,#902,.F.);
#952 = ADVANCED_FACE('',(#953),#940,.T.);
#953 = FACE_BOUND('',#954,.T.);
#954 = EDGE_LOOP('',(#955,#956,#979,#1006));
#955 = ORIENTED_EDGE('',*,*,#925,.T.);
#956 = ORIENTED_EDGE('',*,*,#957,.T.);
#957 = EDGE_CURVE('',#903,#958,#960,.T.);
#958 = VERTEX_POINT('',#959);
#959 = CARTESIAN_POINT('',(49.66729321065,0.,768.445));
#960 = SEAM_CURVE('',#961,(#965,#972),.PCURVE_S1.);
#961 = LINE('',#962,#963);
#962 = CARTESIAN_POINT('',(49.536380786809,0.,763.882));
#963 = VECTOR('',#964,1.);
#964 = DIRECTION('',(2.867818958024E-02,0.,0.999588696136));
#965 = PCURVE('',#940,#966);
#966 = DEFINITIONAL_REPRESENTATION('',(#967),#971);
#967 = LINE('',#968,#969);
#968 = CARTESIAN_POINT('',(6.28318530718,0.));
#969 = VECTOR('',#970,1.);
#970 = DIRECTION('',(0.,1.));
#971 = ( GEOMETRIC_REPRESENTATION_CONTEXT(2) 
PARAMETRIC_REPRESENTATION_CONTEXT() REPRESENTATION_CONTEXT('2D SPACE',''
  ) );
#972 = PCURVE('',#940,#973);
#973 = DEFINITIONAL_REPRESENTATION('',(#974),#978);
#974 = LINE('',#975,#976);
#975 = CARTESIAN_POINT('',(4.138911435803E-13,0.));
#976 = VECTOR('',#977,1.);
#977 = DIRECTION('',(0.,1.));
#978 = ( GEOMETRIC_REPRESENTATION_CONTEXT(2) 
PARAMETRIC_REPRESENTATION_CONTEXT() REPRESENTATION_CONTEXT('2D SPACE',''
  ) );
#979 = ORIENTED_EDGE('',*,*,#980,.F.);
#980 = EDGE_CURVE('',#958,#958,#981,.T.);
#981 = SURFACE_CURVE('',#982,(#987,#994),.PCURVE_S1.);
#982 = CIRCLE('',#983,49.66729321065);
#983 = AXIS2_PLACEMENT_3D('',#984,#985,#986);
#984 = CARTESIAN_POINT('',(0.,0.,768.445));
#985 = DIRECTION('',(0.,0.,1.));
#986 = DIRECTION('',(1.,0.,0.));
#987 = PCURVE('',#940,#988);
#988 = DEFINITIONAL_REPRESENTATION('',(#989),#993);
#989 = LINE('',#990,#991);
#990 = CARTESIAN_POINT('',(0.,4.563));
#991 = VECTOR('',#992,1.);
#992 = DIRECTION('',(1.,0.));
#993 = ( GEOMETRIC_REPRESENTATION_CONTEXT(2) 
PARAMETRIC_REPRESENTATION_CONTEXT() REPRESENTATION_CONTEXT('2D SPACE',''
  ) );
#994 = PCURVE('',#995,#1000);
#995 = CONICAL_SURFACE('',#996,49.66729321065,2.831254422973E-02);
#996 = AXIS2_PLACEMENT_3D('',#997,#998,#999);
#997 = CARTESIAN_POINT('',(0.,0.,768.445));
#998 = DIRECTION('',(0.,0.,1.));
#999 = DIRECTION('',(1.,0.,0.));
#1000 = DEFINITIONAL_REPRESENTATION('',(#1001),#1005);
#1001 = LINE('',#1002,#1003);
#1002 = CARTESIAN_POINT('',(0.,0.));
#1003 = VECTOR('',#1004,1.);
#1004 = DIRECTION('',(1.,0.));
#1005 = ( GEOMETRIC_REPRESENTATION_CONTEXT(2) 
PARAMETRIC_REPRESENTATION_CONTEXT() REPRESENTATION_CONTEXT('2D SPACE',''
  ) );
#1006 = ORIENTED_EDGE('',*,*,#957,.F.);
#1007 = ADVANCED_FACE('',(#1008),#995,.T.);
#1008 = FACE_BOUND('',#1009,.T.);
#1009 = EDGE_LOOP('',(#1010,#1011,#1034,#1061));
#1010 = ORIENTED_EDGE('',*,*,#980,.T.);
#1011 = ORIENTED_EDGE('',*,*,#1012,.T.);
#1012 = EDGE_CURVE('',#958,#1013,#1015,.T.);
#1013 = VERTEX_POINT('',#1014);
#1014 = CARTESIAN_POINT('',(49.796517880654,0.,773.008));
#1015 = SEAM_CURVE('',#1016,(#1020,#1027),.PCURVE_S1.);
#1016 = LINE('',#1017,#1018);
#1017 = CARTESIAN_POINT('',(49.66729321065,0.,768.445));
#1018 = VECTOR('',#1019,1.);
#1019 = DIRECTION('',(2.830876182471E-02,0.,0.999599226692));
#1020 = PCURVE('',#995,#1021);
#1021 = DEFINITIONAL_REPRESENTATION('',(#1022),#1026);
#1022 = LINE('',#1023,#1024);
#1023 = CARTESIAN_POINT('',(6.28318530718,0.));
#1024 = VECTOR('',#1025,1.);
#1025 = DIRECTION('',(0.,1.));
#1026 = ( GEOMETRIC_REPRESENTATION_CONTEXT(2) 
PARAMETRIC_REPRESENTATION_CONTEXT() REPRESENTATION_CONTEXT('2D SPACE',''
  ) );
#1027 = PCURVE('',#995,#1028);
#1028 = DEFINITIONAL_REPRESENTATION('',(#1029),#1033);
#1029 = LINE('',#1030,#1031);
#1030 = CARTESIAN_POINT('',(4.138911435803E-13,0.));
#1031 = VECTOR('',#1032,1.);
#1032 = DIRECTION('',(0.,1.));
#1033 = ( GEOMETRIC_REPRESENTATION_CONTEXT(2) 
PARAMETRIC_REPRESENTATION_CONTEXT() REPRESENTATION_CONTEXT('2D SPACE',''
  ) );
#1034 = ORIENTED_EDGE('',*,*,#1035,.F.);
#1035 = EDGE_CURVE('',#1013,#1013,#1036,.T.);
#1036 = SURFACE_CURVE('',#1037,(#1042,#1049),.PCURVE_S1.);
#1037 = CIRCLE('',#1038,49.796517880654);
#1038 = AXIS2_PLACEMENT_3D('',#1039,#1040,#1041);
#1039 = CARTESIAN_POINT('',(0.,0.,773.008));
#1040 = DIRECTION('',(0.,0.,1.));
#1041 = DIRECTION('',(1.,0.,0.));
#1042 = PCURVE('',#995,#1043);
#1043 = DEFINITIONAL_REPRESENTATION('',(#1044),#1048);
#1044 = LINE('',#1045,#1046);
#1045 = CARTESIAN_POINT('',(0.,4.563));
#1046 = VECTOR('',#1047,1.);
#1047 = DIRECTION('',(1.,0.));
#1048 = ( GEOMETRIC_REPRESENTATION_CONTEXT(2) 
PARAMETRIC_REPRESENTATION_CONTEXT() REPRESENTATION_CONTEXT('2D SPACE',''
  ) );
#1049 = PCURVE('',#1050,#1055);
#1050 = CONICAL_SURFACE('',#1051,49.796517880654,2.793125178285E-02);
#1051 = AXIS2_PLACEMENT_3D('',#1052,#1053,#1054);
#1052 = CARTESIAN_POINT('',(0.,0.,773.008));
#1053 = DIRECTION('',(0.,0.,1.));
#1054 = DIRECTION('',(1.,0.,0.));
#1055 = DEFINITIONAL_REPRESENTATION('',(#1056),#1060);
#1056 = LINE('',#1057,#1058);
#1057 = CARTESIAN_POINT('',(0.,0.));
#1058 = VECTOR('',#1059,1.);
#1059 = DIRECTION('',(1.,0.));
#1060 = ( GEOMETRIC_REPRESENTATION_CONTEXT(2) 
PARAMETRIC_REPRESENTATION_CONTEXT() REPRESENTATION_CONTEXT('2D SPACE',''
  ) );
#1061 = ORIENTED_EDGE('',*,*,#1012,.F.);
#1062 = ADVANCED_FACE('',(#1063),#1050,.T.);
#1063 = FACE_BOUND('',#1064,.T.);
#1064 = EDGE_LOOP('',(#1065,#1066,#1089,#1116));
#1065 = ORIENTED_EDGE('',*,*,#1035,.T.);
#1066 = ORIENTED_EDGE('',*,*,#1067,.T.);
#1067 = EDGE_CURVE('',#1013,#1068,#1070,.T.);
#1068 = VERTEX_POINT('',#1069);
#1069 = CARTESIAN_POINT('',(49.924001336542,0.,777.571));
#1070 = SEAM_CURVE('',#1071,(#1075,#1082),.PCURVE_S1.);
#1071 = LINE('',#1072,#1073);
#1072 = CARTESIAN_POINT('',(49.796517880654,0.,773.008));
#1073 = VECTOR('',#1074,1.);
#1074 = DIRECTION('',(2.792762014108E-02,0.,0.999609947946));
#1075 = PCURVE('',#1050,#1076);
#1076 = DEFINITIONAL_REPRESENTATION('',(#1077),#1081);
#1077 = LINE('',#1078,#1079);
#1078 = CARTESIAN_POINT('',(6.28318530718,0.));
#1079 = VECTOR('',#1080,1.);
#1080 = DIRECTION('',(0.,1.));
#1081 = ( GEOMETRIC_REPRESENTATION_CONTEXT(2) 
PARAMETRIC_REPRESENTATION_CONTEXT() REPRESENTATION_CONTEXT('2D SPACE',''
  ) );
#1082 = PCURVE('',#1050,#1083);
#1083 = DEFINITIONAL_REPRESENTATION('',(#1084),#1088);
#1084 = LINE('',#1085,#1086);
#1085 = CARTESIAN_POINT('',(4.138911435803E-13,0.));
#1086 = VECTOR('',#1087,1.);
#1087 = DIRECTION('',(0.,1.));
#1088 = ( GEOMETRIC_REPRESENTATION_CONTEXT(2) 
PARAMETRIC_REPRESENTATION_CONTEXT() REPRESENTATION_CONTEXT('2D SPACE',''
  ) );
#1089 = ORIENTED_EDGE('',*,*,#1090,.F.);
#1090 = EDGE_CURVE('',#1068,#1068,#1091,.T.);
#1091 = SURFACE_CURVE('',#1092,(#1097,#1104),.PCURVE_S1.);
#1092 = CIRCLE('',#1093,49.924001336542);
#1093 = AXIS2_PLACEMENT_3D('',#1094,#1095,#1096);
#1094 = CARTESIAN_POINT('',(0.,0.,777.571));
#1095 = DIRECTION('',(0.,0.,1.));
#1096 = DIRECTION('',(1.,0.,0.));
#1097 = PCURVE('',#1050,#1098);
#1098 = DEFINITIONAL_REPRESENTATION('',(#1099),#1103);
#1099 = LINE('',#1100,#1101);
#1100 = CARTESIAN_POINT('',(0.,4.563));
#1101 = VECTOR('',#1102,1.);
#1102 = DIRECTION('',(1.,0.));
#1103 = ( GEOMETRIC_REPRESENTATION_CONTEXT(2) 
PARAMETRIC_REPRESENTATION_CONTEXT() REPRESENTATION_CONTEXT('2D SPACE',''
  ) );
#1104 = PCURVE('',#1105,#1110);
#1105 = CONICAL_SURFACE('',#1106,49.924001336542,2.753824406074E-02);
#1106 = AXIS2_PLACEMENT_3D('',#1107,#1108,#1109);
#1107 = CARTESIAN_POINT('',(0.,0.,777.571));
#1108 = DIRECTION('',(0.,0.,1.));
#1109 = DIRECTION('',(1.,0.,0.));
#1110 = DEFINITIONAL_REPRESENTATION('',(#1111),#1115);
#1111 = LINE('',#1112,#1113);
#1112 = CARTESIAN_POINT('',(0.,0.));
#1113 = VECTOR('',#1114,1.);
#1114 = DIRECTION('',(1.,0.));
#1115 = ( GEOMETRIC_REPRESENTATION_CONTEXT(2) 
PARAMETRIC_REPRESENTATION_CONTEXT() REPRESENTATION_CONTEXT('2D SPACE',''
  ) );
#1116 = ORIENTED_EDGE('',*,*,#1067,.F.);
#1117 = ADVANCED_FACE('',(#1118),#1105,.T.);
#1118 = FACE_BOUND('',#1119,.T.);
#1119 = EDGE_LOOP('',(#1120,#1121,#1144,#1171));
#1120 = ORIENTED_EDGE('',*,*,#1090,.T.);
#1121 = ORIENTED_EDGE('',*,*,#1122,.T.);
#1122 = EDGE_CURVE('',#1068,#1123,#1125,.T.);
#1123 = VERTEX_POINT('',#1124);
#1124 = CARTESIAN_POINT('',(50.049690118031,0.,782.134));
#1125 = SEAM_CURVE('',#1126,(#1130,#1137),.PCURVE_S1.);
#1126 = LINE('',#1127,#1128);
#1127 = CARTESIAN_POINT('',(49.924001336542,0.,777.571));
#1128 = VECTOR('',#1129,1.);
#1129 = DIRECTION('',(2.753476356573E-02,0.,0.999620846519));
#1130 = PCURVE('',#1105,#1131);
#1131 = DEFINITIONAL_REPRESENTATION('',(#1132),#1136);
#1132 = LINE('',#1133,#1134);
#1133 = CARTESIAN_POINT('',(6.28318530718,0.));
#1134 = VECTOR('',#1135,1.);
#1135 = DIRECTION('',(0.,1.));
#1136 = ( GEOMETRIC_REPRESENTATION_CONTEXT(2) 
PARAMETRIC_REPRESENTATION_CONTEXT() REPRESENTATION_CONTEXT('2D SPACE',''
  ) );
#1137 = PCURVE('',#1105,#1138);
#1138 = DEFINITIONAL_REPRESENTATION('',(#1139),#1143);
#1139 = LINE('',#1140,#1141);
#1140 = CARTESIAN_POINT('',(4.138911435803E-13,0.));
#1141 = VECTOR('',#1142,1.);
#1142 = DIRECTION('',(0.,1.));
#1143 = ( GEOMETRIC_REPRESENTATION_CONTEXT(2) 
PARAMETRIC_REPRESENTATION_CONTEXT() REPRESENTATION_CONTEXT('2D SPACE',''
  ) );
#1144 = ORIENTED_EDGE('',*,*,#1145,.F.);
#1145 = EDGE_CURVE('',#1123,#1123,#1146,.T.);
#1146 = SURFACE_CURVE('',#1147,(#1152,#1159),.PCURVE_S1.);
#1147 = CIRCLE('',#1148,50.049690118031);
#1148 = AXIS2_PLACEMENT_3D('',#1149,#1150,#1151);
#1149 = CARTESIAN_POINT('',(0.,0.,782.134));
#1150 = DIRECTION('',(0.,0.,1.));
#1151 = DIRECTION('',(1.,0.,0.));
#1152 = PCURVE('',#1105,#1153);
#1153 = DEFINITIONAL_REPRESENTATION('',(#1154),#1158);
#1154 = LINE('',#1155,#1156);
#1155 = CARTESIAN_POINT('',(0.,4.563));
#1156 = VECTOR('',#1157,1.);
#1157 = DIRECTION('',(1.,0.));
#1158 = ( GEOMETRIC_REPRESENTATION_CONTEXT(2) 
PARAMETRIC_REPRESENTATION_CONTEXT() REPRESENTATION_CONTEXT('2D SPACE',''
  ) );
#1159 = PCURVE('',#1160,#1165);
#1160 = CONICAL_SURFACE('',#1161,50.049690118031,2.713352041885E-02);
#1161 = AXIS2_PLACEMENT_3D('',#1162,#1163,#1164);
#1162 = CARTESIAN_POINT('',(0.,0.,782.134));
#1163 = DIRECTION('',(0.,0.,1.));
#1164 = DIRECTION('',(1.,0.,0.));
#1165 = DEFINITIONAL_REPRESENTATION('',(#1166),#1170);
#1166 = LINE('',#1167,#1168);
#1167 = CARTESIAN_POINT('',(0.,0.));
#1168 = VECTOR('',#1169,1.);
#1169 = DIRECTION('',(1.,0.));
#1170 = ( GEOMETRIC_REPRESENTATION_CONTEXT(2) 
PARAMETRIC_REPRESENTATION_CONTEXT() REPRESENTATION_CONTEXT('2D SPACE',''
  ) );
#1171 = ORIENTED_EDGE('',*,*,#1122,.F.);
#1172 = ADVANCED_FACE('',(#1173),#1160,.T.);
#1173 = FACE_BOUND('',#1174,.T.);
#1174 = EDGE_LOOP('',(#1175,#1176,#1199,#1226));
#1175 = ORIENTED_EDGE('',*,*,#1145,.T.);
#1176 = ORIENTED_EDGE('',*,*,#1177,.T.);
#1177 = EDGE_CURVE('',#1123,#1178,#1180,.T.);
#1178 = VERTEX_POINT('',#1179);
#1179 = CARTESIAN_POINT('',(50.173530764842,0.,786.697));
#1180 = SEAM_CURVE('',#1181,(#1185,#1192),.PCURVE_S1.);
#1181 = LINE('',#1182,#1183);
#1182 = CARTESIAN_POINT('',(50.049690118031,0.,782.134));
#1183 = VECTOR('',#1184,1.);
#1184 = DIRECTION('',(2.713019113215E-02,0.,0.999631908619));
#1185 = PCURVE('',#1160,#1186);
#1186 = DEFINITIONAL_REPRESENTATION('',(#1187),#1191);
#1187 = LINE('',#1188,#1189);
#1188 = CARTESIAN_POINT('',(6.28318530718,0.));
#1189 = VECTOR('',#1190,1.);
#1190 = DIRECTION('',(0.,1.));
#1191 = ( GEOMETRIC_REPRESENTATION_CONTEXT(2) 
PARAMETRIC_REPRESENTATION_CONTEXT() REPRESENTATION_CONTEXT('2D SPACE',''
  ) );
#1192 = PCURVE('',#1160,#1193);
#1193 = DEFINITIONAL_REPRESENTATION('',(#1194),#1198);
#1194 = LINE('',#1195,#1196);
#1195 = CARTESIAN_POINT('',(4.138911435803E-13,0.));
#1196 = VECTOR('',#1197,1.);
#1197 = DIRECTION('',(0.,1.));
#1198 = ( GEOMETRIC_REPRESENTATION_CONTEXT(2) 
PARAMETRIC_REPRESENTATION_CONTEXT() REPRESENTATION_CONTEXT('2D SPACE',''
  ) );
#1199 = ORIENTED_EDGE('',*,*,#1200,.F.);
#1200 = EDGE_CURVE('',#1178,#1178,#1201,.T.);
#1201 = SURFACE_CURVE('',#1202,(#1207,#1214),.PCURVE_S1.);
#1202 = CIRCLE('',#1203,50.173530764842);
#1203 = AXIS2_PLACEMENT_3D('',#1204,#1205,#1206);
#1204 = CARTESIAN_POINT('',(0.,0.,786.697));
#1205 = DIRECTION('',(0.,0.,1.));
#1206 = DIRECTION('',(1.,0.,0.));
#1207 = PCURVE('',#1160,#1208);
#1208 = DEFINITIONAL_REPRESENTATION('',(#1209),#1213);
#1209 = LINE('',#1210,#1211);
#1210 = CARTESIAN_POINT('',(0.,4.563));
#1211 = VECTOR('',#1212,1.);
#1212 = DIRECTION('',(1.,0.));
#1213 = ( GEOMETRIC_REPRESENTATION_CONTEXT(2) 
PARAMETRIC_REPRESENTATION_CONTEXT() REPRESENTATION_CONTEXT('2D SPACE',''
  ) );
#1214 = PCURVE('',#1215,#1220);
#1215 = CONICAL_SURFACE('',#1216,50.173530764842,2.671708021232E-02);
#1216 = AXIS2_PLACEMENT_3D('',#1217,#1218,#1219);
#1217 = CARTESIAN_POINT('',(0.,0.,786.697));
#1218 = DIRECTION('',(0.,0.,1.));
#1219 = DIRECTION('',(1.,0.,0.));
#1220 = DEFINITIONAL_REPRESENTATION('',(#1221),#1225);
#1221 = LINE('',#1222,#1223);
#1222 = CARTESIAN_POINT('',(0.,0.));
#1223 = VECTOR('',#1224,1.);
#1224 = DIRECTION('',(1.,0.));
#1225 = ( GEOMETRIC_REPRESENTATION_CONTEXT(2) 
PARAMETRIC_REPRESENTATION_CONTEXT() REPRESENTATION_CONTEXT('2D SPACE',''
  ) );
#1226 = ORIENTED_EDGE('',*,*,#1177,.F.);
#1227 = ADVANCED_FACE('',(#1228),#1215,.T.);
#1228 = FACE_BOUND('',#1229,.T.);
#1229 = EDGE_LOOP('',(#1230,#1231,#1254,#1281));
#1230 = ORIENTED_EDGE('',*,*,#1200,.T.);
#1231 = ORIENTED_EDGE('',*,*,#1232,.T.);
#1232 = EDGE_CURVE('',#1178,#1233,#1235,.T.);
#1233 = VERTEX_POINT('',#1234);
#1234 = CARTESIAN_POINT('',(50.295469816693,0.,791.26));
#1235 = SEAM_CURVE('',#1236,(#1240,#1247),.PCURVE_S1.);
#1236 = LINE('',#1237,#1238);
#1237 = CARTESIAN_POINT('',(50.173530764842,0.,786.697));
#1238 = VECTOR('',#1239,1.);
#1239 = DIRECTION('',(2.671390187316E-02,0.,0.999643120042));
#1240 = PCURVE('',#1215,#1241);
#1241 = DEFINITIONAL_REPRESENTATION('',(#1242),#1246);
#1242 = LINE('',#1243,#1244);
#1243 = CARTESIAN_POINT('',(6.28318530718,0.));
#1244 = VECTOR('',#1245,1.);
#1245 = DIRECTION('',(0.,1.));
#1246 = ( GEOMETRIC_REPRESENTATION_CONTEXT(2) 
PARAMETRIC_REPRESENTATION_CONTEXT() REPRESENTATION_CONTEXT('2D SPACE',''
  ) );
#1247 = PCURVE('',#1215,#1248);
#1248 = DEFINITIONAL_REPRESENTATION('',(#1249),#1253);
#1249 = LINE('',#1250,#1251);
#1250 = CARTESIAN_POINT('',(4.138911435803E-13,0.));
#1251 = VECTOR('',#1252,1.);
#1252 = DIRECTION('',(0.,1.));
#1253 = ( GEOMETRIC_REPRESENTATION_CONTEXT(2) 
PARAMETRIC_REPRESENTATION_CONTEXT() REPRESENTATION_CONTEXT('2D SPACE',''
  ) );
#1254 = ORIENTED_EDGE('',*,*,#1255,.F.);
#1255 = EDGE_CURVE('',#1233,#1233,#1256,.T.);
#1256 = SURFACE_CURVE('',#1257,(#1262,#1269),.PCURVE_S1.);
#1257 = CIRCLE('',#1258,50.295469816693);
#1258 = AXIS2_PLACEMENT_3D('',#1259,#1260,#1261);
#1259 = CARTESIAN_POINT('',(0.,0.,791.26));
#1260 = DIRECTION('',(0.,0.,1.));
#1261 = DIRECTION('',(1.,0.,0.));
#1262 = PCURVE('',#1215,#1263);
#1263 = DEFINITIONAL_REPRESENTATION('',(#1264),#1268);
#1264 = LINE('',#1265,#1266);
#1265 = CARTESIAN_POINT('',(0.,4.563));
#1266 = VECTOR('',#1267,1.);
#1267 = DIRECTION('',(1.,0.));
#1268 = ( GEOMETRIC_REPRESENTATION_CONTEXT(2) 
PARAMETRIC_REPRESENTATION_CONTEXT() REPRESENTATION_CONTEXT('2D SPACE',''
  ) );
#1269 = PCURVE('',#1270,#1275);
#1270 = CONICAL_SURFACE('',#1271,50.295469816693,2.628892279759E-02);
#1271 = AXIS2_PLACEMENT_3D('',#1272,#1273,#1274);
#1272 = CARTESIAN_POINT('',(0.,0.,791.26));
#1273 = DIRECTION('',(0.,0.,1.));
#1274 = DIRECTION('',(1.,0.,0.));
#1275 = DEFINITIONAL_REPRESENTATION('',(#1276),#1280);
#1276 = LINE('',#1277,#1278);
#1277 = CARTESIAN_POINT('',(0.,0.));
#1278 = VECTOR('',#1279,1.);
#1279 = DIRECTION('',(1.,0.));
#1280 = ( GEOMETRIC_REPRESENTATION_CONTEXT(2) 
PARAMETRIC_REPRESENTATION_CONTEXT() REPRESENTATION_CONTEXT('2D SPACE',''
  ) );
#1281 = ORIENTED_EDGE('',*,*,#1232,.F.);
#1282 = ADVANCED_FACE('',(#1283),#1270,.T.);
#1283 = FACE_BOUND('',#1284,.T.);
#1284 = EDGE_LOOP('',(#1285,#1286,#1309,#1336));
#1285 = ORIENTED_EDGE('',*,*,#1255,.T.);
#1286 = ORIENTED_EDGE('',*,*,#1287,.T.);
#1287 = EDGE_CURVE('',#1233,#1288,#1290,.T.);
#1288 = VERTEX_POINT('',#1289);
#1289 = CARTESIAN_POINT('',(50.415453813304,0.,795.823));
#1290 = SEAM_CURVE('',#1291,(#1295,#1302),.PCURVE_S1.);
#1291 = LINE('',#1292,#1293);
#1292 = CARTESIAN_POINT('',(50.295469816693,0.,791.26));
#1293 = VECTOR('',#1294,1.);
#1294 = DIRECTION('',(2.628589482377E-02,0.,0.99965446617));
#1295 = PCURVE('',#1270,#1296);
#1296 = DEFINITIONAL_REPRESENTATION('',(#1297),#1301);
#1297 = LINE('',#1298,#1299);
#1298 = CARTESIAN_POINT('',(6.28318530718,0.));
#1299 = VECTOR('',#1300,1.);
#1300 = DIRECTION('',(0.,1.));
#1301 = ( GEOMETRIC_REPRESENTATION_CONTEXT(2) 
PARAMETRIC_REPRESENTATION_CONTEXT() REPRESENTATION_CONTEXT('2D SPACE',''
  ) );
#1302 = PCURVE('',#1270,#1303);
#1303 = DEFINITIONAL_REPRESENTATION('',(#1304),#1308);
#1304 = LINE('',#1305,#1306);
#1305 = CARTESIAN_POINT('',(4.138911435803E-13,0.));
#1306 = VECTOR('',#1307,1.);
#1307 = DIRECTION('',(0.,1.));
#1308 = ( GEOMETRIC_REPRESENTATION_CONTEXT(2) 
PARAMETRIC_REPRESENTATION_CONTEXT() REPRESENTATION_CONTEXT('2D SPACE',''
  ) );
#1309 = ORIENTED_EDGE('',*,*,#1310,.F.);
#1310 = EDGE_CURVE('',#1288,#1288,#1311,.T.);
#1311 = SURFACE_CURVE('',#1312,(#1317,#1324),.PCURVE_S1.);
#1312 = CIRCLE('',#1313,50.415453813304);
#1313 = AXIS2_PLACEMENT_3D('',#1314,#1315,#1316);
#1314 = CARTESIAN_POINT('',(0.,0.,795.823));
#1315 = DIRECTION('',(0.,0.,1.));
#1316 = DIRECTION('',(1.,0.,0.));
#1317 = PCURVE('',#1270,#1318);
#1318 = DEFINITIONAL_REPRESENTATION('',(#1319),#1323);
#1319 = LINE('',#1320,#1321);
#1320 = CARTESIAN_POINT('',(0.,4.563));
#1321 = VECTOR('',#1322,1.);
#1322 = DIRECTION('',(1.,0.));
#1323 = ( GEOMETRIC_REPRESENTATION_CONTEXT(2) 
PARAMETRIC_REPRESENTATION_CONTEXT() REPRESENTATION_CONTEXT('2D SPACE',''
  ) );
#1324 = PCURVE('',#1325,#1330);
#1325 = CONICAL_SURFACE('',#1326,50.415453813304,2.584904753419E-02);
#1326 = AXIS2_PLACEMENT_3D('',#1327,#1328,#1329);
#1327 = CARTESIAN_POINT('',(0.,0.,795.823));
#1328 = DIRECTION('',(0.,0.,1.));
#1329 = DIRECTION('',(1.,0.,0.));
#1330 = DEFINITIONAL_REPRESENTATION('',(#1331),#1335);
#1331 = LINE('',#1332,#1333);
#1332 = CARTESIAN_POINT('',(0.,0.));
#1333 = VECTOR('',#1334,1.);
#1334 = DIRECTION('',(1.,0.));
#1335 = ( GEOMETRIC_REPRESENTATION_CONTEXT(2) 
PARAMETRIC_REPRESENTATION_CONTEXT() REPRESENTATION_CONTEXT('2D SPACE',''
  ) );
#1336 = ORIENTED_EDGE('',*,*,#1287,.F.);
#1337 = ADVANCED_FACE('',(#1338),#1325,.T.);
#1338 = FACE_BOUND('',#1339,.T.);
#1339 = EDGE_LOOP('',(#1340,#1341,#1364,#1391));
#1340 = ORIENTED_EDGE('',*,*,#1310,.T.);
#1341 = ORIENTED_EDGE('',*,*,#1342,.T.);
#1342 = EDGE_CURVE('',#1288,#1343,#1345,.T.);
#1343 = VERTEX_POINT('',#1344);
#1344 = CARTESIAN_POINT('',(50.533429294393,0.,800.386));
#1345 = SEAM_CURVE('',#1346,(#1350,#1357),.PCURVE_S1.);
#1346 = LINE('',#1347,#1348);
#1347 = CARTESIAN_POINT('',(50.415453813304,0.,795.823));
#1348 = VECTOR('',#1349,1.);
#1349 = DIRECTION('',(2.584616902327E-02,0.,0.999665931973));
#1350 = PCURVE('',#1325,#1351);
#1351 = DEFINITIONAL_REPRESENTATION('',(#1352),#1356);
#1352 = LINE('',#1353,#1354);
#1353 = CARTESIAN_POINT('',(6.28318530718,0.));
#1354 = VECTOR('',#1355,1.);
#1355 = DIRECTION('',(0.,1.));
#1356 = ( GEOMETRIC_REPRESENTATION_CONTEXT(2) 
PARAMETRIC_REPRESENTATION_CONTEXT() REPRESENTATION_CONTEXT('2D SPACE',''
  ) );
#1357 = PCURVE('',#1325,#1358);
#1358 = DEFINITIONAL_REPRESENTATION('',(#1359),#1363);
#1359 = LINE('',#1360,#1361);
#1360 = CARTESIAN_POINT('',(4.138911435803E-13,0.));
#1361 = VECTOR('',#1362,1.);
#1362 = DIRECTION('',(0.,1.));
#1363 = ( GEOMETRIC_REPRESENTATION_CONTEXT(2) 
PARAMETRIC_REPRESENTATION_CONTEXT() REPRESENTATION_CONTEXT('2D SPACE',''
  ) );
#1364 = ORIENTED_EDGE('',*,*,#1365,.F.);
#1365 = EDGE_CURVE('',#1343,#1343,#1366,.T.);
#1366 = SURFACE_CURVE('',#1367,(#1372,#1379),.PCURVE_S1.);
#1367 = CIRCLE('',#1368,50.533429294393);
#1368 = AXIS2_PLACEMENT_3D('',#1369,#1370,#1371);
#1369 = CARTESIAN_POINT('',(0.,0.,800.386));
#1370 = DIRECTION('',(0.,0.,1.));
#1371 = DIRECTION('',(1.,0.,0.));
#1372 = PCURVE('',#1325,#1373);
#1373 = DEFINITIONAL_REPRESENTATION('',(#1374),#1378);
#1374 = LINE('',#1375,#1376);
#1375 = CARTESIAN_POINT('',(0.,4.563));
#1376 = VECTOR('',#1377,1.);
#1377 = DIRECTION('',(1.,0.));
#1378 = ( GEOMETRIC_REPRESENTATION_CONTEXT(2) 
PARAMETRIC_REPRESENTATION_CONTEXT() REPRESENTATION_CONTEXT('2D SPACE',''
  ) );
#1379 = PCURVE('',#1380,#1385);
#1380 = CONICAL_SURFACE('',#1381,50.533429294393,2.539745378644E-02);
#1381 = AXIS2_PLACEMENT_3D('',#1382,#1383,#1384);
#1382 = CARTESIAN_POINT('',(0.,0.,800.386));
#1383 = DIRECTION('',(0.,0.,1.));
#1384 = DIRECTION('',(1.,0.,0.));
#1385 = DEFINITIONAL_REPRESENTATION('',(#1386),#1390);
#1386 = LINE('',#1387,#1388);
#1387 = CARTESIAN_POINT('',(0.,0.));
#1388 = VECTOR('',#1389,1.);
#1389 = DIRECTION('',(1.,0.));
#1390 = ( GEOMETRIC_REPRESENTATION_CONTEXT(2) 
PARAMETRIC_REPRESENTATION_CONTEXT() REPRESENTATION_CONTEXT('2D SPACE',''
  ) );
#1391 = ORIENTED_EDGE('',*,*,#1342,.F.);
#1392 = ADVANCED_FACE('',(#1393),#1380,.T.);
#1393 = FACE_BOUND('',#1394,.T.);
#1394 = EDGE_LOOP('',(#1395,#1396,#1419,#1446));
#1395 = ORIENTED_EDGE('',*,*,#1365,.T.);
#1396 = ORIENTED_EDGE('',*,*,#1397,.T.);
#1397 = EDGE_CURVE('',#1343,#1398,#1400,.T.);
#1398 = VERTEX_POINT('',#1399);
#1399 = CARTESIAN_POINT('',(50.649342799681,0.,804.949));
#1400 = SEAM_CURVE('',#1401,(#1405,#1412),.PCURVE_S1.);
#1401 = LINE('',#1402,#1403);
#1402 = CARTESIAN_POINT('',(50.533429294393,0.,800.386));
#1403 = VECTOR('',#1404,1.);
#1404 = DIRECTION('',(2.539472351848E-02,0.,0.999677502006));
#1405 = PCURVE('',#1380,#1406);
#1406 = DEFINITIONAL_REPRESENTATION('',(#1407),#1411);
#1407 = LINE('',#1408,#1409);
#1408 = CARTESIAN_POINT('',(6.28318530718,0.));
#1409 = VECTOR('',#1410,1.);
#1410 = DIRECTION('',(0.,1.));
#1411 = ( GEOMETRIC_REPRESENTATION_CONTEXT(2) 
PARAMETRIC_REPRESENTATION_CONTEXT() REPRESENTATION_CONTEXT('2D SPACE',''
  ) );
#1412 = PCURVE('',#1380,#1413);
#1413 = DEFINITIONAL_REPRESENTATION('',(#1414),#1418);
#1414 = LINE('',#1415,#1416);
#1415 = CARTESIAN_POINT('',(4.138911435803E-13,0.));
#1416 = VECTOR('',#1417,1.);
#1417 = DIRECTION('',(0.,1.));
#1418 = ( GEOMETRIC_REPRESENTATION_CONTEXT(2) 
PARAMETRIC_REPRESENTATION_CONTEXT() REPRESENTATION_CONTEXT('2D SPACE',''
  ) );
#1419 = ORIENTED_EDGE('',*,*,#1420,.F.);
#1420 = EDGE_CURVE('',#1398,#1398,#1421,.T.);
#1421 = SURFACE_CURVE('',#1422,(#1427,#1434),.PCURVE_S1.);
#1422 = CIRCLE('',#1423,50.649342799681);
#1423 = AXIS2_PLACEMENT_3D('',#1424,#1425,#1426);
#1424 = CARTESIAN_POINT('',(0.,0.,804.949));
#1425 = DIRECTION('',(0.,0.,1.));
#1426 = DIRECTION('',(1.,0.,0.));
#1427 = PCURVE('',#1380,#1428);
#1428 = DEFINITIONAL_REPRESENTATION('',(#1429),#1433);
#1429 = LINE('',#1430,#1431);
#1430 = CARTESIAN_POINT('',(0.,4.563));
#1431 = VECTOR('',#1432,1.);
#1432 = DIRECTION('',(1.,0.));
#1433 = ( GEOMETRIC_REPRESENTATION_CONTEXT(2) 
PARAMETRIC_REPRESENTATION_CONTEXT() REPRESENTATION_CONTEXT('2D SPACE',''
  ) );
#1434 = PCURVE('',#1435,#1440);
#1435 = CONICAL_SURFACE('',#1436,50.649342799681,2.49341409253E-02);
#1436 = AXIS2_PLACEMENT_3D('',#1437,#1438,#1439);
#1437 = CARTESIAN_POINT('',(0.,0.,804.949));
#1438 = DIRECTION('',(0.,0.,1.));
#1439 = DIRECTION('',(1.,0.,0.));
#1440 = DEFINITIONAL_REPRESENTATION('',(#1441),#1445);
#1441 = LINE('',#1442,#1443);
#1442 = CARTESIAN_POINT('',(0.,0.));
#1443 = VECTOR('',#1444,1.);
#1444 = DIRECTION('',(1.,0.));
#1445 = ( GEOMETRIC_REPRESENTATION_CONTEXT(2) 
PARAMETRIC_REPRESENTATION_CONTEXT() REPRESENTATION_CONTEXT('2D SPACE',''
  ) );
#1446 = ORIENTED_EDGE('',*,*,#1397,.F.);
#1447 = ADVANCED_FACE('',(#1448),#1435,.T.);
#1448 = FACE_BOUND('',#1449,.T.);
#1449 = EDGE_LOOP('',(#1450,#1451,#1474,#1501));
#1450 = ORIENTED_EDGE('',*,*,#1420,.T.);
#1451 = ORIENTED_EDGE('',*,*,#1452,.T.);
#1452 = EDGE_CURVE('',#1398,#1453,#1455,.T.);
#1453 = VERTEX_POINT('',#1454);
#1454 = CARTESIAN_POINT('',(50.763140868885,0.,809.512));
#1455 = SEAM_CURVE('',#1456,(#1460,#1467),.PCURVE_S1.);
#1456 = LINE('',#1457,#1458);
#1457 = CARTESIAN_POINT('',(50.649342799681,0.,804.949));
#1458 = VECTOR('',#1459,1.);
#1459 = DIRECTION('',(2.493155736574E-02,0.,0.999689160413));
#1460 = PCURVE('',#1435,#1461);
#1461 = DEFINITIONAL_REPRESENTATION('',(#1462),#1466);
#1462 = LINE('',#1463,#1464);
#1463 = CARTESIAN_POINT('',(6.28318530718,0.));
#1464 = VECTOR('',#1465,1.);
#1465 = DIRECTION('',(0.,1.));
#1466 = ( GEOMETRIC_REPRESENTATION_CONTEXT(2) 
PARAMETRIC_REPRESENTATION_CONTEXT() REPRESENTATION_CONTEXT('2D SPACE',''
  ) );
#1467 = PCURVE('',#1435,#1468);
#1468 = DEFINITIONAL_REPRESENTATION('',(#1469),#1473);
#1469 = LINE('',#1470,#1471);
#1470 = CARTESIAN_POINT('',(4.138911435803E-13,0.));
#1471 = VECTOR('',#1472,1.);
#1472 = DIRECTION('',(0.,1.));
#1473 = ( GEOMETRIC_REPRESENTATION_CONTEXT(2) 
PARAMETRIC_REPRESENTATION_CONTEXT() REPRESENTATION_CONTEXT('2D SPACE',''
  ) );
#1474 = ORIENTED_EDGE('',*,*,#1475,.F.);
#1475 = EDGE_CURVE('',#1453,#1453,#1476,.T.);
#1476 = SURFACE_CURVE('',#1477,(#1482,#1489),.PCURVE_S1.);
#1477 = CIRCLE('',#1478,50.763140868885);
#1478 = AXIS2_PLACEMENT_3D('',#1479,#1480,#1481);
#1479 = CARTESIAN_POINT('',(0.,0.,809.512));
#1480 = DIRECTION('',(0.,0.,1.));
#1481 = DIRECTION('',(1.,0.,0.));
#1482 = PCURVE('',#1435,#1483);
#1483 = DEFINITIONAL_REPRESENTATION('',(#1484),#1488);
#1484 = LINE('',#1485,#1486);
#1485 = CARTESIAN_POINT('',(0.,4.563));
#1486 = VECTOR('',#1487,1.);
#1487 = DIRECTION('',(1.,0.));
#1488 = ( GEOMETRIC_REPRESENTATION_CONTEXT(2) 
PARAMETRIC_REPRESENTATION_CONTEXT() REPRESENTATION_CONTEXT('2D SPACE',''
  ) );
#1489 = PCURVE('',#1490,#1495);
#1490 = CONICAL_SURFACE('',#1491,50.763140868885,2.44591083302E-02);
#1491 = AXIS2_PLACEMENT_3D('',#1492,#1493,#1494);
#1492 = CARTESIAN_POINT('',(0.,0.,809.512));
#1493 = DIRECTION('',(0.,0.,1.));
#1494 = DIRECTION('',(1.,0.,0.));
#1495 = DEFINITIONAL_REPRESENTATION('',(#1496),#1500);
#1496 = LINE('',#1497,#1498);
#1497 = CARTESIAN_POINT('',(0.,0.));
#1498 = VECTOR('',#1499,1.);
#1499 = DIRECTION('',(1.,0.));
#1500 = ( GEOMETRIC_REPRESENTATION_CONTEXT(2) 
PARAMETRIC_REPRESENTATION_CONTEXT() REPRESENTATION_CONTEXT('2D SPACE',''
  ) );
#1501 = ORIENTED_EDGE('',*,*,#1452,.F.);
#1502 = ADVANCED_FACE('',(#1503),#1490,.T.);
#1503 = FACE_BOUND('',#1504,.T.);
#1504 = EDGE_LOOP('',(#1505,#1506,#1529,#1556));
#1505 = ORIENTED_EDGE('',*,*,#1475,.T.);
#1506 = ORIENTED_EDGE('',*,*,#1507,.T.);
#1507 = EDGE_CURVE('',#1453,#1508,#1510,.T.);
#1508 = VERTEX_POINT('',#1509);
#1509 = CARTESIAN_POINT('',(50.874770041726,0.,814.075));
#1510 = SEAM_CURVE('',#1511,(#1515,#1522),.PCURVE_S1.);
#1511 = LINE('',#1512,#1513);
#1512 = CARTESIAN_POINT('',(50.763140868885,0.,809.512));
#1513 = VECTOR('',#1514,1.);
#1514 = DIRECTION('',(2.445666963446E-02,0.,0.999700890922));
#1515 = PCURVE('',#1490,#1516);
#1516 = DEFINITIONAL_REPRESENTATION('',(#1517),#1521);
#1517 = LINE('',#1518,#1519);
#1518 = CARTESIAN_POINT('',(6.28318530718,0.));
#1519 = VECTOR('',#1520,1.);
#1520 = DIRECTION('',(0.,1.));
#1521 = ( GEOMETRIC_REPRESENTATION_CONTEXT(2) 
PARAMETRIC_REPRESENTATION_CONTEXT() REPRESENTATION_CONTEXT('2D SPACE',''
  ) );
#1522 = PCURVE('',#1490,#1523);
#1523 = DEFINITIONAL_REPRESENTATION('',(#1524),#1528);
#1524 = LINE('',#1525,#1526);
#1525 = CARTESIAN_POINT('',(4.138911435803E-13,0.));
#1526 = VECTOR('',#1527,1.);
#1527 = DIRECTION('',(0.,1.));
#1528 = ( GEOMETRIC_REPRESENTATION_CONTEXT(2) 
PARAMETRIC_REPRESENTATION_CONTEXT() REPRESENTATION_CONTEXT('2D SPACE',''
  ) );
#1529 = ORIENTED_EDGE('',*,*,#1530,.F.);
#1530 = EDGE_CURVE('',#1508,#1508,#1531,.T.);
#1531 = SURFACE_CURVE('',#1532,(#1537,#1544),.PCURVE_S1.);
#1532 = CIRCLE('',#1533,50.874770041726);
#1533 = AXIS2_PLACEMENT_3D('',#1534,#1535,#1536);
#1534 = CARTESIAN_POINT('',(0.,0.,814.075));
#1535 = DIRECTION('',(0.,0.,1.));
#1536 = DIRECTION('',(1.,0.,0.));
#1537 = PCURVE('',#1490,#1538);
#1538 = DEFINITIONAL_REPRESENTATION('',(#1539),#1543);
#1539 = LINE('',#1540,#1541);
#1540 = CARTESIAN_POINT('',(0.,4.563));
#1541 = VECTOR('',#1542,1.);
#1542 = DIRECTION('',(1.,0.));
#1543 = ( GEOMETRIC_REPRESENTATION_CONTEXT(2) 
PARAMETRIC_REPRESENTATION_CONTEXT() REPRESENTATION_CONTEXT('2D SPACE',''
  ) );
#1544 = PCURVE('',#1545,#1550);
#1545 = CONICAL_SURFACE('',#1546,50.874770041726,2.397235539099E-02);
#1546 = AXIS2_PLACEMENT_3D('',#1547,#1548,#1549);
#1547 = CARTESIAN_POINT('',(0.,0.,814.075));
#1548 = DIRECTION('',(0.,0.,1.));
#1549 = DIRECTION('',(1.,0.,0.));
#1550 = DEFINITIONAL_REPRESENTATION('',(#1551),#1555);
#1551 = LINE('',#1552,#1553);
#1552 = CARTESIAN_POINT('',(0.,0.));
#1553 = VECTOR('',#1554,1.);
#1554 = DIRECTION('',(1.,0.));
#1555 = ( GEOMETRIC_REPRESENTATION_CONTEXT(2) 
PARAMETRIC_REPRESENTATION_CONTEXT() REPRESENTATION_CONTEXT('2D SPACE',''
  ) );
#1556 = ORIENTED_EDGE('',*,*,#1507,.F.);
#1557 = ADVANCED_FACE('',(#1558),#1545,.T.);
#1558 = FACE_BOUND('',#1559,.T.);
#1559 = EDGE_LOOP('',(#1560,#1561,#1584,#1611));
#1560 = ORIENTED_EDGE('',*,*,#1530,.T.);
#1561 = ORIENTED_EDGE('',*,*,#1562,.T.);
#1562 = EDGE_CURVE('',#1508,#1563,#1565,.T.);
#1563 = VERTEX_POINT('',#1564);
#1564 = CARTESIAN_POINT('',(50.984176857923,0.,818.638));
#1565 = SEAM_CURVE('',#1566,(#1570,#1577),.PCURVE_S1.);
#1566 = LINE('',#1567,#1568);
#1567 = CARTESIAN_POINT('',(50.874770041726,0.,814.075));
#1568 = VECTOR('',#1569,1.);
#1569 = DIRECTION('',(2.39700594094E-02,0.,0.999712676849));
#1570 = PCURVE('',#1545,#1571);
#1571 = DEFINITIONAL_REPRESENTATION('',(#1572),#1576);
#1572 = LINE('',#1573,#1574);
#1573 = CARTESIAN_POINT('',(6.28318530718,0.));
#1574 = VECTOR('',#1575,1.);
#1575 = DIRECTION('',(0.,1.));
#1576 = ( GEOMETRIC_REPRESENTATION_CONTEXT(2) 
PARAMETRIC_REPRESENTATION_CONTEXT() REPRESENTATION_CONTEXT('2D SPACE',''
  ) );
#1577 = PCURVE('',#1545,#1578);
#1578 = DEFINITIONAL_REPRESENTATION('',(#1579),#1583);
#1579 = LINE('',#1580,#1581);
#1580 = CARTESIAN_POINT('',(4.138911435803E-13,0.));
#1581 = VECTOR('',#1582,1.);
#1582 = DIRECTION('',(0.,1.));
#1583 = ( GEOMETRIC_REPRESENTATION_CONTEXT(2) 
PARAMETRIC_REPRESENTATION_CONTEXT() REPRESENTATION_CONTEXT('2D SPACE',''
  ) );
#1584 = ORIENTED_EDGE('',*,*,#1585,.F.);
#1585 = EDGE_CURVE('',#1563,#1563,#1586,.T.);
#1586 = SURFACE_CURVE('',#1587,(#1592,#1599),.PCURVE_S1.);
#1587 = CIRCLE('',#1588,50.984176857923);
#1588 = AXIS2_PLACEMENT_3D('',#1589,#1590,#1591);
#1589 = CARTESIAN_POINT('',(0.,0.,818.638));
#1590 = DIRECTION('',(0.,0.,1.));
#1591 = DIRECTION('',(1.,0.,0.));
#1592 = PCURVE('',#1545,#1593);
#1593 = DEFINITIONAL_REPRESENTATION('',(#1594),#1598);
#1594 = LINE('',#1595,#1596);
#1595 = CARTESIAN_POINT('',(0.,4.563));
#1596 = VECTOR('',#1597,1.);
#1597 = DIRECTION('',(1.,0.));
#1598 = ( GEOMETRIC_REPRESENTATION_CONTEXT(2) 
PARAMETRIC_REPRESENTATION_CONTEXT() REPRESENTATION_CONTEXT('2D SPACE',''
  ) );
#1599 = PCURVE('',#1600,#1605);
#1600 = CONICAL_SURFACE('',#1601,50.984176857923,2.347388150983E-02);
#1601 = AXIS2_PLACEMENT_3D('',#1602,#1603,#1604);
#1602 = CARTESIAN_POINT('',(0.,0.,818.638));
#1603 = DIRECTION('',(0.,0.,1.));
#1604 = DIRECTION('',(1.,0.,0.));
#1605 = DEFINITIONAL_REPRESENTATION('',(#1606),#1610);
#1606 = LINE('',#1607,#1608);
#1607 = CARTESIAN_POINT('',(0.,0.));
#1608 = VECTOR('',#1609,1.);
#1609 = DIRECTION('',(1.,0.));
#1610 = ( GEOMETRIC_REPRESENTATION_CONTEXT(2) 
PARAMETRIC_REPRESENTATION_CONTEXT() REPRESENTATION_CONTEXT('2D SPACE',''
  ) );
#1611 = ORIENTED_EDGE('',*,*,#1562,.F.);
#1612 = ADVANCED_FACE('',(#1613),#1600,.T.);
#1613 = FACE_BOUND('',#1614,.T.);
#1614 = EDGE_LOOP('',(#1615,#1616,#1639,#1666));
#1615 = ORIENTED_EDGE('',*,*,#1585,.T.);
#1616 = ORIENTED_EDGE('',*,*,#1617,.T.);
#1617 = EDGE_CURVE('',#1563,#1618,#1620,.T.);
#1618 = VERTEX_POINT('',#1619);
#1619 = CARTESIAN_POINT('',(51.091307857194,0.,823.201));
#1620 = SEAM_CURVE('',#1621,(#1625,#1632),.PCURVE_S1.);
#1621 = LINE('',#1622,#1623);
#1622 = CARTESIAN_POINT('',(50.984176857923,0.,818.638));
#1623 = VECTOR('',#1624,1.);
#1624 = DIRECTION('',(2.347172579405E-02,0.,0.999724501094));
#1625 = PCURVE('',#1600,#1626);
#1626 = DEFINITIONAL_REPRESENTATION('',(#1627),#1631);
#1627 = LINE('',#1628,#1629);
#1628 = CARTESIAN_POINT('',(6.28318530718,0.));
#1629 = VECTOR('',#1630,1.);
#1630 = DIRECTION('',(0.,1.));
#1631 = ( GEOMETRIC_REPRESENTATION_CONTEXT(2) 
PARAMETRIC_REPRESENTATION_CONTEXT() REPRESENTATION_CONTEXT('2D SPACE',''
  ) );
#1632 = PCURVE('',#1600,#1633);
#1633 = DEFINITIONAL_REPRESENTATION('',(#1634),#1638);
#1634 = LINE('',#1635,#1636);
#1635 = CARTESIAN_POINT('',(4.138911435803E-13,0.));
#1636 = VECTOR('',#1637,1.);
#1637 = DIRECTION('',(0.,1.));
#1638 = ( GEOMETRIC_REPRESENTATION_CONTEXT(2) 
PARAMETRIC_REPRESENTATION_CONTEXT() REPRESENTATION_CONTEXT('2D SPACE',''
  ) );
#1639 = ORIENTED_EDGE('',*,*,#1640,.F.);
#1640 = EDGE_CURVE('',#1618,#1618,#1641,.T.);
#1641 = SURFACE_CURVE('',#1642,(#1647,#1654),.PCURVE_S1.);
#1642 = CIRCLE('',#1643,51.091307857194);
#1643 = AXIS2_PLACEMENT_3D('',#1644,#1645,#1646);
#1644 = CARTESIAN_POINT('',(0.,0.,823.201));
#1645 = DIRECTION('',(0.,0.,1.));
#1646 = DIRECTION('',(1.,0.,0.));
#1647 = PCURVE('',#1600,#1648);
#1648 = DEFINITIONAL_REPRESENTATION('',(#1649),#1653);
#1649 = LINE('',#1650,#1651);
#1650 = CARTESIAN_POINT('',(0.,4.563));
#1651 = VECTOR('',#1652,1.);
#1652 = DIRECTION('',(1.,0.));
#1653 = ( GEOMETRIC_REPRESENTATION_CONTEXT(2) 
PARAMETRIC_REPRESENTATION_CONTEXT() REPRESENTATION_CONTEXT('2D SPACE',''
  ) );
#1654 = PCURVE('',#1655,#1660);
#1655 = CONICAL_SURFACE('',#1656,51.091307857194,2.296368610327E-02);
#1656 = AXIS2_PLACEMENT_3D('',#1657,#1658,#1659);
#1657 = CARTESIAN_POINT('',(0.,0.,823.201));
#1658 = DIRECTION('',(0.,0.,1.));
#1659 = DIRECTION('',(1.,0.,0.));
#1660 = DEFINITIONAL_REPRESENTATION('',(#1661),#1665);
#1661 = LINE('',#1662,#1663);
#1662 = CARTESIAN_POINT('',(0.,0.));
#1663 = VECTOR('',#1664,1.);
#1664 = DIRECTION('',(1.,0.));
#1665 = ( GEOMETRIC_REPRESENTATION_CONTEXT(2) 
PARAMETRIC_REPRESENTATION_CONTEXT() REPRESENTATION_CONTEXT('2D SPACE',''
  ) );
#1666 = ORIENTED_EDGE('',*,*,#1617,.F.);
#1667 = ADVANCED_FACE('',(#1668),#1655,.T.);
#1668 = FACE_BOUND('',#1669,.T.);
#1669 = EDGE_LOOP('',(#1670,#1671,#1694,#1721));
#1670 = ORIENTED_EDGE('',*,*,#1640,.T.);
#1671 = ORIENTED_EDGE('',*,*,#1672,.T.);
#1672 = EDGE_CURVE('',#1618,#1673,#1675,.T.);
#1673 = VERTEX_POINT('',#1674);
#1674 = CARTESIAN_POINT('',(51.196109579259,0.,827.764));
#1675 = SEAM_CURVE('',#1676,(#1680,#1687),.PCURVE_S1.);
#1676 = LINE('',#1677,#1678);
#1677 = CARTESIAN_POINT('',(51.091307857194,0.,823.201));
#1678 = VECTOR('',#1679,1.);
#1679 = DIRECTION('',(2.296166791298E-02,0.,0.999736346147));
#1680 = PCURVE('',#1655,#1681);
#1681 = DEFINITIONAL_REPRESENTATION('',(#1682),#1686);
#1682 = LINE('',#1683,#1684);
#1683 = CARTESIAN_POINT('',(6.28318530718,0.));
#1684 = VECTOR('',#1685,1.);
#1685 = DIRECTION('',(0.,1.));
#1686 = ( GEOMETRIC_REPRESENTATION_CONTEXT(2) 
PARAMETRIC_REPRESENTATION_CONTEXT() REPRESENTATION_CONTEXT('2D SPACE',''
  ) );
#1687 = PCURVE('',#1655,#1688);
#1688 = DEFINITIONAL_REPRESENTATION('',(#1689),#1693);
#1689 = LINE('',#1690,#1691);
#1690 = CARTESIAN_POINT('',(4.138911435803E-13,0.));
#1691 = VECTOR('',#1692,1.);
#1692 = DIRECTION('',(0.,1.));
#1693 = ( GEOMETRIC_REPRESENTATION_CONTEXT(2) 
PARAMETRIC_REPRESENTATION_CONTEXT() REPRESENTATION_CONTEXT('2D SPACE',''
  ) );
#1694 = ORIENTED_EDGE('',*,*,#1695,.F.);
#1695 = EDGE_CURVE('',#1673,#1673,#1696,.T.);
#1696 = SURFACE_CURVE('',#1697,(#1702,#1709),.PCURVE_S1.);
#1697 = CIRCLE('',#1698,51.196109579259);
#1698 = AXIS2_PLACEMENT_3D('',#1699,#1700,#1701);
#1699 = CARTESIAN_POINT('',(0.,0.,827.764));
#1700 = DIRECTION('',(0.,0.,1.));
#1701 = DIRECTION('',(1.,0.,0.));
#1702 = PCURVE('',#1655,#1703);
#1703 = DEFINITIONAL_REPRESENTATION('',(#1704),#1708);
#1704 = LINE('',#1705,#1706);
#1705 = CARTESIAN_POINT('',(0.,4.563));
#1706 = VECTOR('',#1707,1.);
#1707 = DIRECTION('',(1.,0.));
#1708 = ( GEOMETRIC_REPRESENTATION_CONTEXT(2) 
PARAMETRIC_REPRESENTATION_CONTEXT() REPRESENTATION_CONTEXT('2D SPACE',''
  ) );
#1709 = PCURVE('',#1710,#1715);
#1710 = CONICAL_SURFACE('',#1711,51.196109579259,2.244176860426E-02);
#1711 = AXIS2_PLACEMENT_3D('',#1712,#1713,#1714);
#1712 = CARTESIAN_POINT('',(0.,0.,827.764));
#1713 = DIRECTION('',(0.,0.,1.));
#1714 = DIRECTION('',(1.,0.,0.));
#1715 = DEFINITIONAL_REPRESENTATION('',(#1716),#1720);
#1716 = LINE('',#1717,#1718);
#1717 = CARTESIAN_POINT('',(0.,0.));
#1718 = VECTOR('',#1719,1.);
#1719 = DIRECTION('',(1.,0.));
#1720 = ( GEOMETRIC_REPRESENTATION_CONTEXT(2) 
PARAMETRIC_REPRESENTATION_CONTEXT() REPRESENTATION_CONTEXT('2D SPACE',''
  ) );
#1721 = ORIENTED_EDGE('',*,*,#1672,.F.);
#1722 = ADVANCED_FACE('',(#1723),#1710,.T.);
#1723 = FACE_BOUND('',#1724,.T.);
#1724 = EDGE_LOOP('',(#1725,#1726,#1749,#1776));
#1725 = ORIENTED_EDGE('',*,*,#1695,.T.);
#1726 = ORIENTED_EDGE('',*,*,#1727,.T.);
#1727 = EDGE_CURVE('',#1673,#1728,#1730,.T.);
#1728 = VERTEX_POINT('',#1729);
#1729 = CARTESIAN_POINT('',(51.298528563837,0.,832.327));
#1730 = SEAM_CURVE('',#1731,(#1735,#1742),.PCURVE_S1.);
#1731 = LINE('',#1732,#1733);
#1732 = CARTESIAN_POINT('',(51.196109579259,0.,827.764));
#1733 = VECTOR('',#1734,1.);
#1734 = DIRECTION('',(2.243988491594E-02,0.,0.999748194079));
#1735 = PCURVE('',#1710,#1736);
#1736 = DEFINITIONAL_REPRESENTATION('',(#1737),#1741);
#1737 = LINE('',#1738,#1739);
#1738 = CARTESIAN_POINT('',(6.28318530718,0.));
#1739 = VECTOR('',#1740,1.);
#1740 = DIRECTION('',(0.,1.));
#1741 = ( GEOMETRIC_REPRESENTATION_CONTEXT(2) 
PARAMETRIC_REPRESENTATION_CONTEXT() REPRESENTATION_CONTEXT('2D SPACE',''
  ) );
#1742 = PCURVE('',#1710,#1743);
#1743 = DEFINITIONAL_REPRESENTATION('',(#1744),#1748);
#1744 = LINE('',#1745,#1746);
#1745 = CARTESIAN_POINT('',(4.138911435803E-13,0.));
#1746 = VECTOR('',#1747,1.);
#1747 = DIRECTION('',(0.,1.));
#1748 = ( GEOMETRIC_REPRESENTATION_CONTEXT(2) 
PARAMETRIC_REPRESENTATION_CONTEXT() REPRESENTATION_CONTEXT('2D SPACE',''
  ) );
#1749 = ORIENTED_EDGE('',*,*,#1750,.F.);
#1750 = EDGE_CURVE('',#1728,#1728,#1751,.T.);
#1751 = SURFACE_CURVE('',#1752,(#1757,#1764),.PCURVE_S1.);
#1752 = CIRCLE('',#1753,51.298528563837);
#1753 = AXIS2_PLACEMENT_3D('',#1754,#1755,#1756);
#1754 = CARTESIAN_POINT('',(0.,0.,832.327));
#1755 = DIRECTION('',(0.,0.,1.));
#1756 = DIRECTION('',(1.,0.,0.));
#1757 = PCURVE('',#1710,#1758);
#1758 = DEFINITIONAL_REPRESENTATION('',(#1759),#1763);
#1759 = LINE('',#1760,#1761);
#1760 = CARTESIAN_POINT('',(0.,4.563));
#1761 = VECTOR('',#1762,1.);
#1762 = DIRECTION('',(1.,0.));
#1763 = ( GEOMETRIC_REPRESENTATION_CONTEXT(2) 
PARAMETRIC_REPRESENTATION_CONTEXT() REPRESENTATION_CONTEXT('2D SPACE',''
  ) );
#1764 = PCURVE('',#1765,#1770);
#1765 = CONICAL_SURFACE('',#1766,51.298528563837,2.190812846426E-02);
#1766 = AXIS2_PLACEMENT_3D('',#1767,#1768,#1769);
#1767 = CARTESIAN_POINT('',(0.,0.,832.327));
#1768 = DIRECTION('',(0.,0.,1.));
#1769 = DIRECTION('',(1.,0.,0.));
#1770 = DEFINITIONAL_REPRESENTATION('',(#1771),#1775);
#1771 = LINE('',#1772,#1773);
#1772 = CARTESIAN_POINT('',(0.,0.));
#1773 = VECTOR('',#1774,1.);
#1774 = DIRECTION('',(1.,0.));
#1775 = ( GEOMETRIC_REPRESENTATION_CONTEXT(2) 
PARAMETRIC_REPRESENTATION_CONTEXT() REPRESENTATION_CONTEXT('2D SPACE',''
  ) );
#1776 = ORIENTED_EDGE('',*,*,#1727,.F.);
#1777 = ADVANCED_FACE('',(#1778),#1765,.T.);
#1778 = FACE_BOUND('',#1779,.T.);
#1779 = EDGE_LOOP('',(#1780,#1781,#1804,#1831));
#1780 = ORIENTED_EDGE('',*,*,#1750,.T.);
#1781 = ORIENTED_EDGE('',*,*,#1782,.T.);
#1782 = EDGE_CURVE('',#1728,#1783,#1785,.T.);
#1783 = VERTEX_POINT('',#1784);
#1784 = CARTESIAN_POINT('',(51.398511350647,0.,836.89));
#1785 = SEAM_CURVE('',#1786,(#1790,#1797),.PCURVE_S1.);
#1786 = LINE('',#1787,#1788);
#1787 = CARTESIAN_POINT('',(51.298528563837,0.,832.327));
#1788 = VECTOR('',#1789,1.);
#1789 = DIRECTION('',(2.190637597985E-02,0.,0.999760026552));
#1790 = PCURVE('',#1765,#1791);
#1791 = DEFINITIONAL_REPRESENTATION('',(#1792),#1796);
#1792 = LINE('',#1793,#1794);
#1793 = CARTESIAN_POINT('',(6.28318530718,0.));
#1794 = VECTOR('',#1795,1.);
#1795 = DIRECTION('',(0.,1.));
#1796 = ( GEOMETRIC_REPRESENTATION_CONTEXT(2) 
PARAMETRIC_REPRESENTATION_CONTEXT() REPRESENTATION_CONTEXT('2D SPACE',''
  ) );
#1797 = PCURVE('',#1765,#1798);
#1798 = DEFINITIONAL_REPRESENTATION('',(#1799),#1803);
#1799 = LINE('',#1800,#1801);
#1800 = CARTESIAN_POINT('',(4.138911435803E-13,0.));
#1801 = VECTOR('',#1802,1.);
#1802 = DIRECTION('',(0.,1.));
#1803 = ( GEOMETRIC_REPRESENTATION_CONTEXT(2) 
PARAMETRIC_REPRESENTATION_CONTEXT() REPRESENTATION_CONTEXT('2D SPACE',''
  ) );
#1804 = ORIENTED_EDGE('',*,*,#1805,.F.);
#1805 = EDGE_CURVE('',#1783,#1783,#1806,.T.);
#1806 = SURFACE_CURVE('',#1807,(#1812,#1819),.PCURVE_S1.);
#1807 = CIRCLE('',#1808,51.398511350647);
#1808 = AXIS2_PLACEMENT_3D('',#1809,#1810,#1811);
#1809 = CARTESIAN_POINT('',(0.,0.,836.89));
#1810 = DIRECTION('',(0.,0.,1.));
#1811 = DIRECTION('',(1.,0.,0.));
#1812 = PCURVE('',#1765,#1813);
#1813 = DEFINITIONAL_REPRESENTATION('',(#1814),#1818);
#1814 = LINE('',#1815,#1816);
#1815 = CARTESIAN_POINT('',(0.,4.563));
#1816 = VECTOR('',#1817,1.);
#1817 = DIRECTION('',(1.,0.));
#1818 = ( GEOMETRIC_REPRESENTATION_CONTEXT(2) 
PARAMETRIC_REPRESENTATION_CONTEXT() REPRESENTATION_CONTEXT('2D SPACE',''
  ) );
#1819 = PCURVE('',#1820,#1825);
#1820 = CONICAL_SURFACE('',#1821,51.398511350647,2.13627651554E-02);
#1821 = AXIS2_PLACEMENT_3D('',#1822,#1823,#1824);
#1822 = CARTESIAN_POINT('',(0.,0.,836.89));
#1823 = DIRECTION('',(0.,0.,1.));
#1824 = DIRECTION('',(1.,0.,0.));
#1825 = DEFINITIONAL_REPRESENTATION('',(#1826),#1830);
#1826 = LINE('',#1827,#1828);
#1827 = CARTESIAN_POINT('',(0.,0.));
#1828 = VECTOR('',#1829,1.);
#1829 = DIRECTION('',(1.,0.));
#1830 = ( GEOMETRIC_REPRESENTATION_CONTEXT(2) 
PARAMETRIC_REPRESENTATION_CONTEXT() REPRESENTATION_CONTEXT('2D SPACE',''
  ) );
#1831 = ORIENTED_EDGE('',*,*,#1782,.F.);
#1832 = ADVANCED_FACE('',(#1833),#1820,.T.);
#1833 = FACE_BOUND('',#1834,.T.);
#1834 = EDGE_LOOP('',(#1835,#1836,#1859,#1886));
#1835 = ORIENTED_EDGE('',*,*,#1805,.T.);
#1836 = ORIENTED_EDGE('',*,*,#1837,.T.);
#1837 = EDGE_CURVE('',#1783,#1838,#1840,.T.);
#1838 = VERTEX_POINT('',#1839);
#1839 = CARTESIAN_POINT('',(51.496004479409,0.,841.453));
#1840 = SEAM_CURVE('',#1841,(#1845,#1852),.PCURVE_S1.);
#1841 = LINE('',#1842,#1843);
#1842 = CARTESIAN_POINT('',(51.398511350647,0.,836.89));
#1843 = VECTOR('',#1844,1.);
#1844 = DIRECTION('',(2.136114031306E-02,0.,0.99977182481));
#1845 = PCURVE('',#1820,#1846);
#1846 = DEFINITIONAL_REPRESENTATION('',(#1847),#1851);
#1847 = LINE('',#1848,#1849);
#1848 = CARTESIAN_POINT('',(6.28318530718,0.));
#1849 = VECTOR('',#1850,1.);
#1850 = DIRECTION('',(0.,1.));
#1851 = ( GEOMETRIC_REPRESENTATION_CONTEXT(2) 
PARAMETRIC_REPRESENTATION_CONTEXT() REPRESENTATION_CONTEXT('2D SPACE',''
  ) );
#1852 = PCURVE('',#1820,#1853);
#1853 = DEFINITIONAL_REPRESENTATION('',(#1854),#1858);
#1854 = LINE('',#1855,#1856);
#1855 = CARTESIAN_POINT('',(4.138911435803E-13,0.));
#1856 = VECTOR('',#1857,1.);
#1857 = DIRECTION('',(0.,1.));
#1858 = ( GEOMETRIC_REPRESENTATION_CONTEXT(2) 
PARAMETRIC_REPRESENTATION_CONTEXT() REPRESENTATION_CONTEXT('2D SPACE',''
  ) );
#1859 = ORIENTED_EDGE('',*,*,#1860,.F.);
#1860 = EDGE_CURVE('',#1838,#1838,#1861,.T.);
#1861 = SURFACE_CURVE('',#1862,(#1867,#1874),.PCURVE_S1.);
#1862 = CIRCLE('',#1863,51.496004479409);
#1863 = AXIS2_PLACEMENT_3D('',#1864,#1865,#1866);
#1864 = CARTESIAN_POINT('',(0.,0.,841.453));
#1865 = DIRECTION('',(0.,0.,1.));
#1866 = DIRECTION('',(1.,0.,0.));
#1867 = PCURVE('',#1820,#1868);
#1868 = DEFINITIONAL_REPRESENTATION('',(#1869),#1873);
#1869 = LINE('',#1870,#1871);
#1870 = CARTESIAN_POINT('',(0.,4.563));
#1871 = VECTOR('',#1872,1.);
#1872 = DIRECTION('',(1.,0.));
#1873 = ( GEOMETRIC_REPRESENTATION_CONTEXT(2) 
PARAMETRIC_REPRESENTATION_CONTEXT() REPRESENTATION_CONTEXT('2D SPACE',''
  ) );
#1874 = PCURVE('',#1875,#1880);
#1875 = CONICAL_SURFACE('',#1876,51.496004479409,2.080567817268E-02);
#1876 = AXIS2_PLACEMENT_3D('',#1877,#1878,#1879);
#1877 = CARTESIAN_POINT('',(0.,0.,841.453));
#1878 = DIRECTION('',(0.,0.,1.));
#1879 = DIRECTION('',(1.,0.,0.));
#1880 = DEFINITIONAL_REPRESENTATION('',(#1881),#1885);
#1881 = LINE('',#1882,#1883);
#1882 = CARTESIAN_POINT('',(0.,0.));
#1883 = VECTOR('',#1884,1.);
#1884 = DIRECTION('',(1.,0.));
#1885 = ( GEOMETRIC_REPRESENTATION_CONTEXT(2) 
PARAMETRIC_REPRESENTATION_CONTEXT() REPRESENTATION_CONTEXT('2D SPACE',''
  ) );
#1886 = ORIENTED_EDGE('',*,*,#1837,.F.);
#1887 = ADVANCED_FACE('',(#1888),#1875,.T.);
#1888 = FACE_BOUND('',#1889,.T.);
#1889 = EDGE_LOOP('',(#1890,#1891,#1914,#1941));
#1890 = ORIENTED_EDGE('',*,*,#1860,.T.);
#1891 = ORIENTED_EDGE('',*,*,#1892,.T.);
#1892 = EDGE_CURVE('',#1838,#1893,#1895,.T.);
#1893 = VERTEX_POINT('',#1894);
#1894 = CARTESIAN_POINT('',(51.590954489841,0.,846.016));
#1895 = SEAM_CURVE('',#1896,(#1900,#1907),.PCURVE_S1.);
#1896 = LINE('',#1897,#1898);
#1897 = CARTESIAN_POINT('',(51.496004479409,0.,841.453));
#1898 = VECTOR('',#1899,1.);
#1899 = DIRECTION('',(2.080417715791E-02,0.,0.999783569685));
#1900 = PCURVE('',#1875,#1901);
#1901 = DEFINITIONAL_REPRESENTATION('',(#1902),#1906);
#1902 = LINE('',#1903,#1904);
#1903 = CARTESIAN_POINT('',(6.28318530718,0.));
#1904 = VECTOR('',#1905,1.);
#1905 = DIRECTION('',(0.,1.));
#1906 = ( GEOMETRIC_REPRESENTATION_CONTEXT(2) 
PARAMETRIC_REPRESENTATION_CONTEXT() REPRESENTATION_CONTEXT('2D SPACE',''
  ) );
#1907 = PCURVE('',#1875,#1908);
#1908 = DEFINITIONAL_REPRESENTATION('',(#1909),#1913);
#1909 = LINE('',#1910,#1911);
#1910 = CARTESIAN_POINT('',(4.138911435803E-13,0.));
#1911 = VECTOR('',#1912,1.);
#1912 = DIRECTION('',(0.,1.));
#1913 = ( GEOMETRIC_REPRESENTATION_CONTEXT(2) 
PARAMETRIC_REPRESENTATION_CONTEXT() REPRESENTATION_CONTEXT('2D SPACE',''
  ) );
#1914 = ORIENTED_EDGE('',*,*,#1915,.F.);
#1915 = EDGE_CURVE('',#1893,#1893,#1916,.T.);
#1916 = SURFACE_CURVE('',#1917,(#1922,#1929),.PCURVE_S1.);
#1917 = CIRCLE('',#1918,51.590954489841);
#1918 = AXIS2_PLACEMENT_3D('',#1919,#1920,#1921);
#1919 = CARTESIAN_POINT('',(0.,0.,846.016));
#1920 = DIRECTION('',(0.,0.,1.));
#1921 = DIRECTION('',(1.,0.,0.));
#1922 = PCURVE('',#1875,#1923);
#1923 = DEFINITIONAL_REPRESENTATION('',(#1924),#1928);
#1924 = LINE('',#1925,#1926);
#1925 = CARTESIAN_POINT('',(0.,4.563));
#1926 = VECTOR('',#1927,1.);
#1927 = DIRECTION('',(1.,0.));
#1928 = ( GEOMETRIC_REPRESENTATION_CONTEXT(2) 
PARAMETRIC_REPRESENTATION_CONTEXT() REPRESENTATION_CONTEXT('2D SPACE',''
  ) );
#1929 = PCURVE('',#1930,#1935);
#1930 = CONICAL_SURFACE('',#1931,51.590954489841,2.023686703621E-02);
#1931 = AXIS2_PLACEMENT_3D('',#1932,#1933,#1934);
#1932 = CARTESIAN_POINT('',(0.,0.,846.016));
#1933 = DIRECTION('',(0.,0.,1.));
#1934 = DIRECTION('',(1.,0.,0.));
#1935 = DEFINITIONAL_REPRESENTATION('',(#1936),#1940);
#1936 = LINE('',#1937,#1938);
#1937 = CARTESIAN_POINT('',(0.,0.));
#1938 = VECTOR('',#1939,1.);
#1939 = DIRECTION('',(1.,0.));
#1940 = ( GEOMETRIC_REPRESENTATION_CONTEXT(2) 
PARAMETRIC_REPRESENTATION_CONTEXT() REPRESENTATION_CONTEXT('2D SPACE',''
  ) );
#1941 = ORIENTED_EDGE('',*,*,#1892,.F.);
#1942 = ADVANCED_FACE('',(#1943),#1930,.T.);
#1943 = FACE_BOUND('',#1944,.T.);
#1944 = EDGE_LOOP('',(#1945,#1946,#1969,#1996));
#1945 = ORIENTED_EDGE('',*,*,#1915,.T.);
#1946 = ORIENTED_EDGE('',*,*,#1947,.T.);
#1947 = EDGE_CURVE('',#1893,#1948,#1950,.T.);
#1948 = VERTEX_POINT('',#1949);
#1949 = CARTESIAN_POINT('',(51.683307921662,0.,850.579));
#1950 = SEAM_CURVE('',#1951,(#1955,#1962),.PCURVE_S1.);
#1951 = LINE('',#1952,#1953);
#1952 = CARTESIAN_POINT('',(51.590954489841,0.,846.016));
#1953 = VECTOR('',#1954,1.);
#1954 = DIRECTION('',(2.023548579452E-02,0.,0.999795241594));
#1955 = PCURVE('',#1930,#1956);
#1956 = DEFINITIONAL_REPRESENTATION('',(#1957),#1961);
#1957 = LINE('',#1958,#1959);
#1958 = CARTESIAN_POINT('',(6.28318530718,0.));
#1959 = VECTOR('',#1960,1.);
#1960 = DIRECTION('',(0.,1.));
#1961 = ( GEOMETRIC_REPRESENTATION_CONTEXT(2) 
PARAMETRIC_REPRESENTATION_CONTEXT() REPRESENTATION_CONTEXT('2D SPACE',''
  ) );
#1962 = PCURVE('',#1930,#1963);
#1963 = DEFINITIONAL_REPRESENTATION('',(#1964),#1968);
#1964 = LINE('',#1965,#1966);
#1965 = CARTESIAN_POINT('',(4.138911435803E-13,0.));
#1966 = VECTOR('',#1967,1.);
#1967 = DIRECTION('',(0.,1.));
#1968 = ( GEOMETRIC_REPRESENTATION_CONTEXT(2) 
PARAMETRIC_REPRESENTATION_CONTEXT() REPRESENTATION_CONTEXT('2D SPACE',''
  ) );
#1969 = ORIENTED_EDGE('',*,*,#1970,.F.);
#1970 = EDGE_CURVE('',#1948,#1948,#1971,.T.);
#1971 = SURFACE_CURVE('',#1972,(#1977,#1984),.PCURVE_S1.);
#1972 = CIRCLE('',#1973,51.683307921662);
#1973 = AXIS2_PLACEMENT_3D('',#1974,#1975,#1976);
#1974 = CARTESIAN_POINT('',(0.,0.,850.579));
#1975 = DIRECTION('',(0.,0.,1.));
#1976 = DIRECTION('',(1.,0.,0.));
#1977 = PCURVE('',#1930,#1978);
#1978 = DEFINITIONAL_REPRESENTATION('',(#1979),#1983);
#1979 = LINE('',#1980,#1981);
#1980 = CARTESIAN_POINT('',(0.,4.563));
#1981 = VECTOR('',#1982,1.);
#1982 = DIRECTION('',(1.,0.));
#1983 = ( GEOMETRIC_REPRESENTATION_CONTEXT(2) 
PARAMETRIC_REPRESENTATION_CONTEXT() REPRESENTATION_CONTEXT('2D SPACE',''
  ) );
#1984 = PCURVE('',#1985,#1990);
#1985 = CONICAL_SURFACE('',#1986,51.683307921662,1.965633129351E-02);
#1986 = AXIS2_PLACEMENT_3D('',#1987,#1988,#1989);
#1987 = CARTESIAN_POINT('',(0.,0.,850.579));
#1988 = DIRECTION('',(0.,0.,1.));
#1989 = DIRECTION('',(1.,0.,0.));
#1990 = DEFINITIONAL_REPRESENTATION('',(#1991),#1995);
#1991 = LINE('',#1992,#1993);
#1992 = CARTESIAN_POINT('',(0.,0.));
#1993 = VECTOR('',#1994,1.);
#1994 = DIRECTION('',(1.,0.));
#1995 = ( GEOMETRIC_REPRESENTATION_CONTEXT(2) 
PARAMETRIC_REPRESENTATION_CONTEXT() REPRESENTATION_CONTEXT('2D SPACE',''
  ) );
#1996 = ORIENTED_EDGE('',*,*,#1947,.F.);
#1997 = ADVANCED_FACE('',(#1998),#1985,.T.);
#1998 = FACE_BOUND('',#1999,.T.);
#1999 = EDGE_LOOP('',(#2000,#2001,#2024,#2051));
#2000 = ORIENTED_EDGE('',*,*,#1970,.T.);
#2001 = ORIENTED_EDGE('',*,*,#2002,.T.);
#2002 = EDGE_CURVE('',#1948,#2003,#2005,.T.);
#2003 = VERTEX_POINT('',#2004);
#2004 = CARTESIAN_POINT('',(51.773011314593,0.,855.142));
#2005 = SEAM_CURVE('',#2006,(#2010,#2017),.PCURVE_S1.);
#2006 = LINE('',#2007,#2008);
#2007 = CARTESIAN_POINT('',(51.683307921662,0.,850.579));
#2008 = VECTOR('',#2009,1.);
#2009 = DIRECTION('',(1.965506554405E-02,0.,0.99980682054));
#2010 = PCURVE('',#1985,#2011);
#2011 = DEFINITIONAL_REPRESENTATION('',(#2012),#2016);
#2012 = LINE('',#2013,#2014);
#2013 = CARTESIAN_POINT('',(6.28318530718,0.));
#2014 = VECTOR('',#2015,1.);
#2015 = DIRECTION('',(0.,1.));
#2016 = ( GEOMETRIC_REPRESENTATION_CONTEXT(2) 
PARAMETRIC_REPRESENTATION_CONTEXT() REPRESENTATION_CONTEXT('2D SPACE',''
  ) );
#2017 = PCURVE('',#1985,#2018);
#2018 = DEFINITIONAL_REPRESENTATION('',(#2019),#2023);
#2019 = LINE('',#2020,#2021);
#2020 = CARTESIAN_POINT('',(4.138911435803E-13,0.));
#2021 = VECTOR('',#2022,1.);
#2022 = DIRECTION('',(0.,1.));
#2023 = ( GEOMETRIC_REPRESENTATION_CONTEXT(2) 
PARAMETRIC_REPRESENTATION_CONTEXT() REPRESENTATION_CONTEXT('2D SPACE',''
  ) );
#2024 = ORIENTED_EDGE('',*,*,#2025,.F.);
#2025 = EDGE_CURVE('',#2003,#2003,#2026,.T.);
#2026 = SURFACE_CURVE('',#2027,(#2032,#2039),.PCURVE_S1.);
#2027 = CIRCLE('',#2028,51.773011314593);
#2028 = AXIS2_PLACEMENT_3D('',#2029,#2030,#2031);
#2029 = CARTESIAN_POINT('',(0.,0.,855.142));
#2030 = DIRECTION('',(0.,0.,1.));
#2031 = DIRECTION('',(1.,0.,0.));
#2032 = PCURVE('',#1985,#2033);
#2033 = DEFINITIONAL_REPRESENTATION('',(#2034),#2038);
#2034 = LINE('',#2035,#2036);
#2035 = CARTESIAN_POINT('',(0.,4.563));
#2036 = VECTOR('',#2037,1.);
#2037 = DIRECTION('',(1.,0.));
#2038 = ( GEOMETRIC_REPRESENTATION_CONTEXT(2) 
PARAMETRIC_REPRESENTATION_CONTEXT() REPRESENTATION_CONTEXT('2D SPACE',''
  ) );
#2039 = PCURVE('',#2040,#2045);
#2040 = CONICAL_SURFACE('',#2041,51.773011314593,1.906407052186E-02);
#2041 = AXIS2_PLACEMENT_3D('',#2042,#2043,#2044);
#2042 = CARTESIAN_POINT('',(0.,0.,855.142));
#2043 = DIRECTION('',(0.,0.,1.));
#2044 = DIRECTION('',(1.,0.,0.));
#2045 = DEFINITIONAL_REPRESENTATION('',(#2046),#2050);
#2046 = LINE('',#2047,#2048);
#2047 = CARTESIAN_POINT('',(0.,0.));
#2048 = VECTOR('',#2049,1.);
#2049 = DIRECTION('',(1.,0.));
#2050 = ( GEOMETRIC_REPRESENTATION_CONTEXT(2) 
PARAMETRIC_REPRESENTATION_CONTEXT() REPRESENTATION_CONTEXT('2D SPACE',''
  ) );
#2051 = ORIENTED_EDGE('',*,*,#2002,.F.);
#2052 = ADVANCED_FACE('',(#2053),#2040,.T.);
#2053 = FACE_BOUND('',#2054,.T.);
#2054 = EDGE_LOOP('',(#2055,#2056,#2079,#2106));
#2055 = ORIENTED_EDGE('',*,*,#2025,.T.);
#2056 = ORIENTED_EDGE('',*,*,#2057,.T.);
#2057 = EDGE_CURVE('',#2003,#2058,#2060,.T.);
#2058 = VERTEX_POINT('',#2059);
#2059 = CARTESIAN_POINT('',(51.860011208351,0.,859.705));
#2060 = SEAM_CURVE('',#2061,(#2065,#2072),.PCURVE_S1.);
#2061 = LINE('',#2062,#2063);
#2062 = CARTESIAN_POINT('',(51.773011314593,0.,855.142));
#2063 = VECTOR('',#2064,1.);
#2064 = DIRECTION('',(1.906291577241E-02,0.,0.999818286111));
#2065 = PCURVE('',#2040,#2066);
#2066 = DEFINITIONAL_REPRESENTATION('',(#2067),#2071);
#2067 = LINE('',#2068,#2069);
#2068 = CARTESIAN_POINT('',(6.28318530718,0.));
#2069 = VECTOR('',#2070,1.);
#2070 = DIRECTION('',(0.,1.));
#2071 = ( GEOMETRIC_REPRESENTATION_CONTEXT(2) 
PARAMETRIC_REPRESENTATION_CONTEXT() REPRESENTATION_CONTEXT('2D SPACE',''
  ) );
#2072 = PCURVE('',#2040,#2073);
#2073 = DEFINITIONAL_REPRESENTATION('',(#2074),#2078);
#2074 = LINE('',#2075,#2076);
#2075 = CARTESIAN_POINT('',(4.138911435803E-13,0.));
#2076 = VECTOR('',#2077,1.);
#2077 = DIRECTION('',(0.,1.));
#2078 = ( GEOMETRIC_REPRESENTATION_CONTEXT(2) 
PARAMETRIC_REPRESENTATION_CONTEXT() REPRESENTATION_CONTEXT('2D SPACE',''
  ) );
#2079 = ORIENTED_EDGE('',*,*,#2080,.F.);
#2080 = EDGE_CURVE('',#2058,#2058,#2081,.T.);
#2081 = SURFACE_CURVE('',#2082,(#2087,#2094),.PCURVE_S1.);
#2082 = CIRCLE('',#2083,51.860011208351);
#2083 = AXIS2_PLACEMENT_3D('',#2084,#2085,#2086);
#2084 = CARTESIAN_POINT('',(0.,0.,859.705));
#2085 = DIRECTION('',(0.,0.,1.));
#2086 = DIRECTION('',(1.,0.,0.));
#2087 = PCURVE('',#2040,#2088);
#2088 = DEFINITIONAL_REPRESENTATION('',(#2089),#2093);
#2089 = LINE('',#2090,#2091);
#2090 = CARTESIAN_POINT('',(0.,4.563));
#2091 = VECTOR('',#2092,1.);
#2092 = DIRECTION('',(1.,0.));
#2093 = ( GEOMETRIC_REPRESENTATION_CONTEXT(2) 
PARAMETRIC_REPRESENTATION_CONTEXT() REPRESENTATION_CONTEXT('2D SPACE',''
  ) );
#2094 = PCURVE('',#2095,#2100);
#2095 = CONICAL_SURFACE('',#2096,51.860011208351,1.846008433072E-02);
#2096 = AXIS2_PLACEMENT_3D('',#2097,#2098,#2099);
#2097 = CARTESIAN_POINT('',(0.,0.,859.705));
#2098 = DIRECTION('',(0.,0.,1.));
#2099 = DIRECTION('',(1.,0.,0.));
#2100 = DEFINITIONAL_REPRESENTATION('',(#2101),#2105);
#2101 = LINE('',#2102,#2103);
#2102 = CARTESIAN_POINT('',(0.,0.));
#2103 = VECTOR('',#2104,1.);
#2104 = DIRECTION('',(1.,0.));
#2105 = ( GEOMETRIC_REPRESENTATION_CONTEXT(2) 
PARAMETRIC_REPRESENTATION_CONTEXT() REPRESENTATION_CONTEXT('2D SPACE',''
  ) );
#2106 = ORIENTED_EDGE('',*,*,#2057,.F.);
#2107 = ADVANCED_FACE('',(#2108),#2095,.T.);
#2108 = FACE_BOUND('',#2109,.T.);
#2109 = EDGE_LOOP('',(#2110,#2111,#2134,#2161));
#2110 = ORIENTED_EDGE('',*,*,#2080,.T.);
#2111 = ORIENTED_EDGE('',*,*,#2112,.T.);
#2112 = EDGE_CURVE('',#2058,#2113,#2115,.T.);
#2113 = VERTEX_POINT('',#2114);
#2114 = CARTESIAN_POINT('',(51.944254142657,0.,864.268));
#2115 = SEAM_CURVE('',#2116,(#2120,#2127),.PCURVE_S1.);
#2116 = LINE('',#2117,#2118);
#2117 = CARTESIAN_POINT('',(51.860011208351,0.,859.705));
#2118 = VECTOR('',#2119,1.);
#2119 = DIRECTION('',(1.845903589359E-02,0.,0.999829617482));
#2120 = PCURVE('',#2095,#2121);
#2121 = DEFINITIONAL_REPRESENTATION('',(#2122),#2126);
#2122 = LINE('',#2123,#2124);
#2123 = CARTESIAN_POINT('',(6.28318530718,0.));
#2124 = VECTOR('',#2125,1.);
#2125 = DIRECTION('',(0.,1.));
#2126 = ( GEOMETRIC_REPRESENTATION_CONTEXT(2) 
PARAMETRIC_REPRESENTATION_CONTEXT() REPRESENTATION_CONTEXT('2D SPACE',''
  ) );
#2127 = PCURVE('',#2095,#2128);
#2128 = DEFINITIONAL_REPRESENTATION('',(#2129),#2133);
#2129 = LINE('',#2130,#2131);
#2130 = CARTESIAN_POINT('',(4.138911435803E-13,0.));
#2131 = VECTOR('',#2132,1.);
#2132 = DIRECTION('',(0.,1.));
#2133 = ( GEOMETRIC_REPRESENTATION_CONTEXT(2) 
PARAMETRIC_REPRESENTATION_CONTEXT() REPRESENTATION_CONTEXT('2D SPACE',''
  ) );
#2134 = ORIENTED_EDGE('',*,*,#2135,.F.);
#2135 = EDGE_CURVE('',#2113,#2113,#2136,.T.);
#2136 = SURFACE_CURVE('',#2137,(#2142,#2149),.PCURVE_S1.);
#2137 = CIRCLE('',#2138,51.944254142657);
#2138 = AXIS2_PLACEMENT_3D('',#2139,#2140,#2141);
#2139 = CARTESIAN_POINT('',(0.,0.,864.268));
#2140 = DIRECTION('',(0.,0.,1.));
#2141 = DIRECTION('',(1.,0.,0.));
#2142 = PCURVE('',#2095,#2143);
#2143 = DEFINITIONAL_REPRESENTATION('',(#2144),#2148);
#2144 = LINE('',#2145,#2146);
#2145 = CARTESIAN_POINT('',(0.,4.563));
#2146 = VECTOR('',#2147,1.);
#2147 = DIRECTION('',(1.,0.));
#2148 = ( GEOMETRIC_REPRESENTATION_CONTEXT(2) 
PARAMETRIC_REPRESENTATION_CONTEXT() REPRESENTATION_CONTEXT('2D SPACE',''
  ) );
#2149 = PCURVE('',#2150,#2155);
#2150 = CONICAL_SURFACE('',#2151,51.944254142657,1.78443723641E-02);
#2151 = AXIS2_PLACEMENT_3D('',#2152,#2153,#2154);
#2152 = CARTESIAN_POINT('',(0.,0.,864.268));
#2153 = DIRECTION('',(0.,0.,1.));
#2154 = DIRECTION('',(1.,0.,0.));
#2155 = DEFINITIONAL_REPRESENTATION('',(#2156),#2160);
#2156 = LINE('',#2157,#2158);
#2157 = CARTESIAN_POINT('',(0.,0.));
#2158 = VECTOR('',#2159,1.);
#2159 = DIRECTION('',(1.,0.));
#2160 = ( GEOMETRIC_REPRESENTATION_CONTEXT(2) 
PARAMETRIC_REPRESENTATION_CONTEXT() REPRESENTATION_CONTEXT('2D SPACE',''
  ) );
#2161 = ORIENTED_EDGE('',*,*,#2112,.F.);
#2162 = ADVANCED_FACE('',(#2163),#2150,.T.);
#2163 = FACE_BOUND('',#2164,.T.);
#2164 = EDGE_LOOP('',(#2165,#2166,#2189,#2216));
#2165 = ORIENTED_EDGE('',*,*,#2135,.T.);
#2166 = ORIENTED_EDGE('',*,*,#2167,.T.);
#2167 = EDGE_CURVE('',#2113,#2168,#2170,.T.);
#2168 = VERTEX_POINT('',#2169);
#2169 = CARTESIAN_POINT('',(52.025686657229,0.,868.831));
#2170 = SEAM_CURVE('',#2171,(#2175,#2182),.PCURVE_S1.);
#2171 = LINE('',#2172,#2173);
#2172 = CARTESIAN_POINT('',(51.944254142657,0.,864.268));
#2173 = VECTOR('',#2174,1.);
#2174 = DIRECTION('',(1.784342537351E-02,0.,0.999840793412));
#2175 = PCURVE('',#2150,#2176);
#2176 = DEFINITIONAL_REPRESENTATION('',(#2177),#2181);
#2177 = LINE('',#2178,#2179);
#2178 = CARTESIAN_POINT('',(6.28318530718,0.));
#2179 = VECTOR('',#2180,1.);
#2180 = DIRECTION('',(0.,1.));
#2181 = ( GEOMETRIC_REPRESENTATION_CONTEXT(2) 
PARAMETRIC_REPRESENTATION_CONTEXT() REPRESENTATION_CONTEXT('2D SPACE',''
  ) );
#2182 = PCURVE('',#2150,#2183);
#2183 = DEFINITIONAL_REPRESENTATION('',(#2184),#2188);
#2184 = LINE('',#2185,#2186);
#2185 = CARTESIAN_POINT('',(4.138911435803E-13,0.));
#2186 = VECTOR('',#2187,1.);
#2187 = DIRECTION('',(0.,1.));
#2188 = ( GEOMETRIC_REPRESENTATION_CONTEXT(2) 
PARAMETRIC_REPRESENTATION_CONTEXT() REPRESENTATION_CONTEXT('2D SPACE',''
  ) );
#2189 = ORIENTED_EDGE('',*,*,#2190,.F.);
#2190 = EDGE_CURVE('',#2168,#2168,#2191,.T.);
#2191 = SURFACE_CURVE('',#2192,(#2197,#2204),.PCURVE_S1.);
#2192 = CIRCLE('',#2193,52.025686657229);
#2193 = AXIS2_PLACEMENT_3D('',#2194,#2195,#2196);
#2194 = CARTESIAN_POINT('',(0.,0.,868.831));
#2195 = DIRECTION('',(0.,0.,1.));
#2196 = DIRECTION('',(1.,0.,0.));
#2197 = PCURVE('',#2150,#2198);
#2198 = DEFINITIONAL_REPRESENTATION('',(#2199),#2203);
#2199 = LINE('',#2200,#2201);
#2200 = CARTESIAN_POINT('',(0.,4.563));
#2201 = VECTOR('',#2202,1.);
#2202 = DIRECTION('',(1.,0.));
#2203 = ( GEOMETRIC_REPRESENTATION_CONTEXT(2) 
PARAMETRIC_REPRESENTATION_CONTEXT() REPRESENTATION_CONTEXT('2D SPACE',''
  ) );
#2204 = PCURVE('',#2205,#2210);
#2205 = CONICAL_SURFACE('',#2206,52.025686657229,1.721693430316E-02);
#2206 = AXIS2_PLACEMENT_3D('',#2207,#2208,#2209);
#2207 = CARTESIAN_POINT('',(0.,0.,868.831));
#2208 = DIRECTION('',(0.,0.,1.));
#2209 = DIRECTION('',(1.,0.,0.));
#2210 = DEFINITIONAL_REPRESENTATION('',(#2211),#2215);
#2211 = LINE('',#2212,#2213);
#2212 = CARTESIAN_POINT('',(0.,0.));
#2213 = VECTOR('',#2214,1.);
#2214 = DIRECTION('',(1.,0.));
#2215 = ( GEOMETRIC_REPRESENTATION_CONTEXT(2) 
PARAMETRIC_REPRESENTATION_CONTEXT() REPRESENTATION_CONTEXT('2D SPACE',''
  ) );
#2216 = ORIENTED_EDGE('',*,*,#2167,.F.);
#2217 = ADVANCED_FACE('',(#2218),#2205,.T.);
#2218 = FACE_BOUND('',#2219,.T.);
#2219 = EDGE_LOOP('',(#2220,#2221,#2244,#2271));
#2220 = ORIENTED_EDGE('',*,*,#2190,.T.);
#2221 = ORIENTED_EDGE('',*,*,#2222,.T.);
#2222 = EDGE_CURVE('',#2168,#2223,#2225,.T.);
#2223 = VERTEX_POINT('',#2224);
#2224 = CARTESIAN_POINT('',(52.104255291787,0.,873.394));
#2225 = SEAM_CURVE('',#2226,(#2230,#2237),.PCURVE_S1.);
#2226 = LINE('',#2227,#2228);
#2227 = CARTESIAN_POINT('',(52.025686657229,0.,868.831));
#2228 = VECTOR('',#2229,1.);
#2229 = DIRECTION('',(1.721608373367E-02,0.,0.999851792248));
#2230 = PCURVE('',#2205,#2231);
#2231 = DEFINITIONAL_REPRESENTATION('',(#2232),#2236);
#2232 = LINE('',#2233,#2234);
#2233 = CARTESIAN_POINT('',(6.28318530718,0.));
#2234 = VECTOR('',#2235,1.);
#2235 = DIRECTION('',(0.,1.));
#2236 = ( GEOMETRIC_REPRESENTATION_CONTEXT(2) 
PARAMETRIC_REPRESENTATION_CONTEXT() REPRESENTATION_CONTEXT('2D SPACE',''
  ) );
#2237 = PCURVE('',#2205,#2238);
#2238 = DEFINITIONAL_REPRESENTATION('',(#2239),#2243);
#2239 = LINE('',#2240,#2241);
#2240 = CARTESIAN_POINT('',(4.138911435803E-13,0.));
#2241 = VECTOR('',#2242,1.);
#2242 = DIRECTION('',(0.,1.));
#2243 = ( GEOMETRIC_REPRESENTATION_CONTEXT(2) 
PARAMETRIC_REPRESENTATION_CONTEXT() REPRESENTATION_CONTEXT('2D SPACE',''
  ) );
#2244 = ORIENTED_EDGE('',*,*,#2245,.F.);
#2245 = EDGE_CURVE('',#2223,#2223,#2246,.T.);
#2246 = SURFACE_CURVE('',#2247,(#2252,#2259),.PCURVE_S1.);
#2247 = CIRCLE('',#2248,52.104255291787);
#2248 = AXIS2_PLACEMENT_3D('',#2249,#2250,#2251);
#2249 = CARTESIAN_POINT('',(0.,0.,873.394));
#2250 = DIRECTION('',(0.,0.,1.));
#2251 = DIRECTION('',(1.,0.,0.));
#2252 = PCURVE('',#2205,#2253);
#2253 = DEFINITIONAL_REPRESENTATION('',(#2254),#2258);
#2254 = LINE('',#2255,#2256);
#2255 = CARTESIAN_POINT('',(0.,4.563));
#2256 = VECTOR('',#2257,1.);
#2257 = DIRECTION('',(1.,0.));
#2258 = ( GEOMETRIC_REPRESENTATION_CONTEXT(2) 
PARAMETRIC_REPRESENTATION_CONTEXT() REPRESENTATION_CONTEXT('2D SPACE',''
  ) );
#2259 = PCURVE('',#2260,#2265);
#2260 = CONICAL_SURFACE('',#2261,52.104255291787,1.657776986864E-02);
#2261 = AXIS2_PLACEMENT_3D('',#2262,#2263,#2264);
#2262 = CARTESIAN_POINT('',(0.,0.,873.394));
#2263 = DIRECTION('',(0.,0.,1.));
#2264 = DIRECTION('',(1.,0.,0.));
#2265 = DEFINITIONAL_REPRESENTATION('',(#2266),#2270);
#2266 = LINE('',#2267,#2268);
#2267 = CARTESIAN_POINT('',(0.,0.));
#2268 = VECTOR('',#2269,1.);
#2269 = DIRECTION('',(1.,0.));
#2270 = ( GEOMETRIC_REPRESENTATION_CONTEXT(2) 
PARAMETRIC_REPRESENTATION_CONTEXT() REPRESENTATION_CONTEXT('2D SPACE',''
  ) );
#2271 = ORIENTED_EDGE('',*,*,#2222,.F.);
#2272 = ADVANCED_FACE('',(#2273),#2260,.T.);
#2273 = FACE_BOUND('',#2274,.T.);
#2274 = EDGE_LOOP('',(#2275,#2276,#2299,#2326));
#2275 = ORIENTED_EDGE('',*,*,#2245,.T.);
#2276 = ORIENTED_EDGE('',*,*,#2277,.T.);
#2277 = EDGE_CURVE('',#2223,#2278,#2280,.T.);
#2278 = VERTEX_POINT('',#2279);
#2279 = CARTESIAN_POINT('',(52.179906586049,0.,877.957));
#2280 = SEAM_CURVE('',#2281,(#2285,#2292),.PCURVE_S1.);
#2281 = LINE('',#2282,#2283);
#2282 = CARTESIAN_POINT('',(52.104255291787,0.,873.394));
#2283 = VECTOR('',#2284,1.);
#2284 = DIRECTION('',(1.657701055517E-02,0.,0.99986259192));
#2285 = PCURVE('',#2260,#2286);
#2286 = DEFINITIONAL_REPRESENTATION('',(#2287),#2291);
#2287 = LINE('',#2288,#2289);
#2288 = CARTESIAN_POINT('',(6.28318530718,0.));
#2289 = VECTOR('',#2290,1.);
#2290 = DIRECTION('',(0.,1.));
#2291 = ( GEOMETRIC_REPRESENTATION_CONTEXT(2) 
PARAMETRIC_REPRESENTATION_CONTEXT() REPRESENTATION_CONTEXT('2D SPACE',''
  ) );
#2292 = PCURVE('',#2260,#2293);
#2293 = DEFINITIONAL_REPRESENTATION('',(#2294),#2298);
#2294 = LINE('',#2295,#2296);
#2295 = CARTESIAN_POINT('',(4.138911435803E-13,0.));
#2296 = VECTOR('',#2297,1.);
#2297 = DIRECTION('',(0.,1.));
#2298 = ( GEOMETRIC_REPRESENTATION_CONTEXT(2) 
PARAMETRIC_REPRESENTATION_CONTEXT() REPRESENTATION_CONTEXT('2D SPACE',''
  ) );
#2299 = ORIENTED_EDGE('',*,*,#2300,.F.);
#2300 = EDGE_CURVE('',#2278,#2278,#2301,.T.);
#2301 = SURFACE_CURVE('',#2302,(#2307,#2314),.PCURVE_S1.);
#2302 = CIRCLE('',#2303,52.179906586049);
#2303 = AXIS2_PLACEMENT_3D('',#2304,#2305,#2306);
#2304 = CARTESIAN_POINT('',(0.,0.,877.957));
#2305 = DIRECTION('',(0.,0.,1.));
#2306 = DIRECTION('',(1.,0.,0.));
#2307 = PCURVE('',#2260,#2308);
#2308 = DEFINITIONAL_REPRESENTATION('',(#2309),#2313);
#2309 = LINE('',#2310,#2311);
#2310 = CARTESIAN_POINT('',(0.,4.563));
#2311 = VECTOR('',#2312,1.);
#2312 = DIRECTION('',(1.,0.));
#2313 = ( GEOMETRIC_REPRESENTATION_CONTEXT(2) 
PARAMETRIC_REPRESENTATION_CONTEXT() REPRESENTATION_CONTEXT('2D SPACE',''
  ) );
#2314 = PCURVE('',#2315,#2320);
#2315 = CONICAL_SURFACE('',#2316,52.179906586049,1.592687882354E-02);
#2316 = AXIS2_PLACEMENT_3D('',#2317,#2318,#2319);
#2317 = CARTESIAN_POINT('',(0.,0.,877.957));
#2318 = DIRECTION('',(0.,0.,1.));
#2319 = DIRECTION('',(1.,0.,0.));
#2320 = DEFINITIONAL_REPRESENTATION('',(#2321),#2325);
#2321 = LINE('',#2322,#2323);
#2322 = CARTESIAN_POINT('',(0.,0.));
#2323 = VECTOR('',#2324,1.);
#2324 = DIRECTION('',(1.,0.));
#2325 = ( GEOMETRIC_REPRESENTATION_CONTEXT(2) 
PARAMETRIC_REPRESENTATION_CONTEXT() REPRESENTATION_CONTEXT('2D SPACE',''
  ) );
#2326 = ORIENTED_EDGE('',*,*,#2277,.F.);
#2327 = ADVANCED_FACE('',(#2328),#2315,.T.);
#2328 = FACE_BOUND('',#2329,.T.);
#2329 = EDGE_LOOP('',(#2330,#2331,#2354,#2381));
#2330 = ORIENTED_EDGE('',*,*,#2300,.T.);
#2331 = ORIENTED_EDGE('',*,*,#2332,.T.);
#2332 = EDGE_CURVE('',#2278,#2333,#2335,.T.);
#2333 = VERTEX_POINT('',#2334);
#2334 = CARTESIAN_POINT('',(52.252587079735,0.,882.52));
#2335 = SEAM_CURVE('',#2336,(#2340,#2347),.PCURVE_S1.);
#2336 = LINE('',#2337,#2338);
#2337 = CARTESIAN_POINT('',(52.179906586049,0.,877.957));
#2338 = VECTOR('',#2339,1.);
#2339 = DIRECTION('',(1.592620548217E-02,0.,0.999873169947));
#2340 = PCURVE('',#2315,#2341);
#2341 = DEFINITIONAL_REPRESENTATION('',(#2342),#2346);
#2342 = LINE('',#2343,#2344);
#2343 = CARTESIAN_POINT('',(6.28318530718,0.));
#2344 = VECTOR('',#2345,1.);
#2345 = DIRECTION('',(0.,1.));
#2346 = ( GEOMETRIC_REPRESENTATION_CONTEXT(2) 
PARAMETRIC_REPRESENTATION_CONTEXT() REPRESENTATION_CONTEXT('2D SPACE',''
  ) );
#2347 = PCURVE('',#2315,#2348);
#2348 = DEFINITIONAL_REPRESENTATION('',(#2349),#2353);
#2349 = LINE('',#2350,#2351);
#2350 = CARTESIAN_POINT('',(4.138911435803E-13,0.));
#2351 = VECTOR('',#2352,1.);
#2352 = DIRECTION('',(0.,1.));
#2353 = ( GEOMETRIC_REPRESENTATION_CONTEXT(2) 
PARAMETRIC_REPRESENTATION_CONTEXT() REPRESENTATION_CONTEXT('2D SPACE',''
  ) );
#2354 = ORIENTED_EDGE('',*,*,#2355,.F.);
#2355 = EDGE_CURVE('',#2333,#2333,#2356,.T.);
#2356 = SURFACE_CURVE('',#2357,(#2362,#2369),.PCURVE_S1.);
#2357 = CIRCLE('',#2358,52.252587079735);
#2358 = AXIS2_PLACEMENT_3D('',#2359,#2360,#2361);
#2359 = CARTESIAN_POINT('',(0.,0.,882.52));
#2360 = DIRECTION('',(0.,0.,1.));
#2361 = DIRECTION('',(1.,0.,0.));
#2362 = PCURVE('',#2315,#2363);
#2363 = DEFINITIONAL_REPRESENTATION('',(#2364),#2368);
#2364 = LINE('',#2365,#2366);
#2365 = CARTESIAN_POINT('',(0.,4.563));
#2366 = VECTOR('',#2367,1.);
#2367 = DIRECTION('',(1.,0.));
#2368 = ( GEOMETRIC_REPRESENTATION_CONTEXT(2) 
PARAMETRIC_REPRESENTATION_CONTEXT() REPRESENTATION_CONTEXT('2D SPACE',''
  ) );
#2369 = PCURVE('',#2370,#2375);
#2370 = CONICAL_SURFACE('',#2371,52.252587079735,1.52642609757E-02);
#2371 = AXIS2_PLACEMENT_3D('',#2372,#2373,#2374);
#2372 = CARTESIAN_POINT('',(0.,0.,882.52));
#2373 = DIRECTION('',(0.,0.,1.));
#2374 = DIRECTION('',(1.,0.,0.));
#2375 = DEFINITIONAL_REPRESENTATION('',(#2376),#2380);
#2376 = LINE('',#2377,#2378);
#2377 = CARTESIAN_POINT('',(0.,0.));
#2378 = VECTOR('',#2379,1.);
#2379 = DIRECTION('',(1.,0.));
#2380 = ( GEOMETRIC_REPRESENTATION_CONTEXT(2) 
PARAMETRIC_REPRESENTATION_CONTEXT() REPRESENTATION_CONTEXT('2D SPACE',''
  ) );
#2381 = ORIENTED_EDGE('',*,*,#2332,.F.);
#2382 = ADVANCED_FACE('',(#2383),#2370,.T.);
#2383 = FACE_BOUND('',#2384,.T.);
#2384 = EDGE_LOOP('',(#2385,#2386,#2409,#2436));
#2385 = ORIENTED_EDGE('',*,*,#2355,.T.);
#2386 = ORIENTED_EDGE('',*,*,#2387,.T.);
#2387 = EDGE_CURVE('',#2333,#2388,#2390,.T.);
#2388 = VERTEX_POINT('',#2389);
#2389 = CARTESIAN_POINT('',(52.322243312565,0.,887.083));
#2390 = SEAM_CURVE('',#2391,(#2395,#2402),.PCURVE_S1.);
#2391 = LINE('',#2392,#2393);
#2392 = CARTESIAN_POINT('',(52.252587079735,0.,882.52));
#2393 = VECTOR('',#2394,1.);
#2394 = DIRECTION('',(1.526366822645E-02,0.,0.99988350343));
#2395 = PCURVE('',#2370,#2396);
#2396 = DEFINITIONAL_REPRESENTATION('',(#2397),#2401);
#2397 = LINE('',#2398,#2399);
#2398 = CARTESIAN_POINT('',(6.28318530718,0.));
#2399 = VECTOR('',#2400,1.);
#2400 = DIRECTION('',(0.,1.));
#2401 = ( GEOMETRIC_REPRESENTATION_CONTEXT(2) 
PARAMETRIC_REPRESENTATION_CONTEXT() REPRESENTATION_CONTEXT('2D SPACE',''
  ) );
#2402 = PCURVE('',#2370,#2403);
#2403 = DEFINITIONAL_REPRESENTATION('',(#2404),#2408);
#2404 = LINE('',#2405,#2406);
#2405 = CARTESIAN_POINT('',(4.138911435803E-13,0.));
#2406 = VECTOR('',#2407,1.);
#2407 = DIRECTION('',(0.,1.));
#2408 = ( GEOMETRIC_REPRESENTATION_CONTEXT(2) 
PARAMETRIC_REPRESENTATION_CONTEXT() REPRESENTATION_CONTEXT('2D SPACE',''
  ) );
#2409 = ORIENTED_EDGE('',*,*,#2410,.F.);
#2410 = EDGE_CURVE('',#2388,#2388,#2411,.T.);
#2411 = SURFACE_CURVE('',#2412,(#2417,#2424),.PCURVE_S1.);
#2412 = CIRCLE('',#2413,52.322243312565);
#2413 = AXIS2_PLACEMENT_3D('',#2414,#2415,#2416);
#2414 = CARTESIAN_POINT('',(0.,0.,887.083));
#2415 = DIRECTION('',(0.,0.,1.));
#2416 = DIRECTION('',(1.,0.,0.));
#2417 = PCURVE('',#2370,#2418);
#2418 = DEFINITIONAL_REPRESENTATION('',(#2419),#2423);
#2419 = LINE('',#2420,#2421);
#2420 = CARTESIAN_POINT('',(0.,4.563));
#2421 = VECTOR('',#2422,1.);
#2422 = DIRECTION('',(1.,0.));
#2423 = ( GEOMETRIC_REPRESENTATION_CONTEXT(2) 
PARAMETRIC_REPRESENTATION_CONTEXT() REPRESENTATION_CONTEXT('2D SPACE',''
  ) );
#2424 = PCURVE('',#2425,#2430);
#2425 = CONICAL_SURFACE('',#2426,52.322243312565,1.458991618051E-02);
#2426 = AXIS2_PLACEMENT_3D('',#2427,#2428,#2429);
#2427 = CARTESIAN_POINT('',(0.,0.,887.083));
#2428 = DIRECTION('',(0.,0.,1.));
#2429 = DIRECTION('',(1.,0.,0.));
#2430 = DEFINITIONAL_REPRESENTATION('',(#2431),#2435);
#2431 = LINE('',#2432,#2433);
#2432 = CARTESIAN_POINT('',(0.,0.));
#2433 = VECTOR('',#2434,1.);
#2434 = DIRECTION('',(1.,0.));
#2435 = ( GEOMETRIC_REPRESENTATION_CONTEXT(2) 
PARAMETRIC_REPRESENTATION_CONTEXT() REPRESENTATION_CONTEXT('2D SPACE',''
  ) );
#2436 = ORIENTED_EDGE('',*,*,#2387,.F.);
#2437 = ADVANCED_FACE('',(#2438),#2425,.T.);
#2438 = FACE_BOUND('',#2439,.T.);
#2439 = EDGE_LOOP('',(#2440,#2441,#2464,#2491));
#2440 = ORIENTED_EDGE('',*,*,#2410,.T.);
#2441 = ORIENTED_EDGE('',*,*,#2442,.T.);
#2442 = EDGE_CURVE('',#2388,#2443,#2445,.T.);
#2443 = VERTEX_POINT('',#2444);
#2444 = CARTESIAN_POINT('',(52.388821824256,0.,891.646));
#2445 = SEAM_CURVE('',#2446,(#2450,#2457),.PCURVE_S1.);
#2446 = LINE('',#2447,#2448);
#2447 = CARTESIAN_POINT('',(52.322243312565,0.,887.083));
#2448 = VECTOR('',#2449,1.);
#2449 = DIRECTION('',(1.458939857068E-02,0.,0.999893569061));
#2450 = PCURVE('',#2425,#2451);
#2451 = DEFINITIONAL_REPRESENTATION('',(#2452),#2456);
#2452 = LINE('',#2453,#2454);
#2453 = CARTESIAN_POINT('',(6.28318530718,0.));
#2454 = VECTOR('',#2455,1.);
#2455 = DIRECTION('',(0.,1.));
#2456 = ( GEOMETRIC_REPRESENTATION_CONTEXT(2) 
PARAMETRIC_REPRESENTATION_CONTEXT() REPRESENTATION_CONTEXT('2D SPACE',''
  ) );
#2457 = PCURVE('',#2425,#2458);
#2458 = DEFINITIONAL_REPRESENTATION('',(#2459),#2463);
#2459 = LINE('',#2460,#2461);
#2460 = CARTESIAN_POINT('',(4.138911435803E-13,0.));
#2461 = VECTOR('',#2462,1.);
#2462 = DIRECTION('',(0.,1.));
#2463 = ( GEOMETRIC_REPRESENTATION_CONTEXT(2) 
PARAMETRIC_REPRESENTATION_CONTEXT() REPRESENTATION_CONTEXT('2D SPACE',''
  ) );
#2464 = ORIENTED_EDGE('',*,*,#2465,.F.);
#2465 = EDGE_CURVE('',#2443,#2443,#2466,.T.);
#2466 = SURFACE_CURVE('',#2467,(#2472,#2479),.PCURVE_S1.);
#2467 = CIRCLE('',#2468,52.388821824256);
#2468 = AXIS2_PLACEMENT_3D('',#2469,#2470,#2471);
#2469 = CARTESIAN_POINT('',(0.,0.,891.646));
#2470 = DIRECTION('',(0.,0.,1.));
#2471 = DIRECTION('',(1.,0.,0.));
#2472 = PCURVE('',#2425,#2473);
#2473 = DEFINITIONAL_REPRESENTATION('',(#2474),#2478);
#2474 = LINE('',#2475,#2476);
#2475 = CARTESIAN_POINT('',(0.,4.563));
#2476 = VECTOR('',#2477,1.);
#2477 = DIRECTION('',(1.,0.));
#2478 = ( GEOMETRIC_REPRESENTATION_CONTEXT(2) 
PARAMETRIC_REPRESENTATION_CONTEXT() REPRESENTATION_CONTEXT('2D SPACE',''
  ) );
#2479 = PCURVE('',#2480,#2485);
#2480 = CONICAL_SURFACE('',#2481,52.388821824256,1.390384434365E-02);
#2481 = AXIS2_PLACEMENT_3D('',#2482,#2483,#2484);
#2482 = CARTESIAN_POINT('',(0.,0.,891.646));
#2483 = DIRECTION('',(0.,0.,1.));
#2484 = DIRECTION('',(1.,0.,0.));
#2485 = DEFINITIONAL_REPRESENTATION('',(#2486),#2490);
#2486 = LINE('',#2487,#2488);
#2487 = CARTESIAN_POINT('',(0.,0.));
#2488 = VECTOR('',#2489,1.);
#2489 = DIRECTION('',(1.,0.));
#2490 = ( GEOMETRIC_REPRESENTATION_CONTEXT(2) 
PARAMETRIC_REPRESENTATION_CONTEXT() REPRESENTATION_CONTEXT('2D SPACE',''
  ) );
#2491 = ORIENTED_EDGE('',*,*,#2442,.F.);
#2492 = ADVANCED_FACE('',(#2493),#2480,.T.);
#2493 = FACE_BOUND('',#2494,.T.);
#2494 = EDGE_LOOP('',(#2495,#2496,#2519,#2546));
#2495 = ORIENTED_EDGE('',*,*,#2465,.T.);
#2496 = ORIENTED_EDGE('',*,*,#2497,.T.);
#2497 = EDGE_CURVE('',#2443,#2498,#2500,.T.);
#2498 = VERTEX_POINT('',#2499);
#2499 = CARTESIAN_POINT('',(52.452269154529,0.,896.209));
#2500 = SEAM_CURVE('',#2501,(#2505,#2512),.PCURVE_S1.);
#2501 = LINE('',#2502,#2503);
#2502 = CARTESIAN_POINT('',(52.388821824256,0.,891.646));
#2503 = VECTOR('',#2504,1.);
#2504 = DIRECTION('',(1.390339637337E-02,0.,0.999903343113));
#2505 = PCURVE('',#2480,#2506);
#2506 = DEFINITIONAL_REPRESENTATION('',(#2507),#2511);
#2507 = LINE('',#2508,#2509);
#2508 = CARTESIAN_POINT('',(6.28318530718,0.));
#2509 = VECTOR('',#2510,1.);
#2510 = DIRECTION('',(0.,1.));
#2511 = ( GEOMETRIC_REPRESENTATION_CONTEXT(2) 
PARAMETRIC_REPRESENTATION_CONTEXT() REPRESENTATION_CONTEXT('2D SPACE',''
  ) );
#2512 = PCURVE('',#2480,#2513);
#2513 = DEFINITIONAL_REPRESENTATION('',(#2514),#2518);
#2514 = LINE('',#2515,#2516);
#2515 = CARTESIAN_POINT('',(4.138911435803E-13,0.));
#2516 = VECTOR('',#2517,1.);
#2517 = DIRECTION('',(0.,1.));
#2518 = ( GEOMETRIC_REPRESENTATION_CONTEXT(2) 
PARAMETRIC_REPRESENTATION_CONTEXT() REPRESENTATION_CONTEXT('2D SPACE',''
  ) );
#2519 = ORIENTED_EDGE('',*,*,#2520,.F.);
#2520 = EDGE_CURVE('',#2498,#2498,#2521,.T.);
#2521 = SURFACE_CURVE('',#2522,(#2527,#2534),.PCURVE_S1.);
#2522 = CIRCLE('',#2523,52.452269154529);
#2523 = AXIS2_PLACEMENT_3D('',#2524,#2525,#2526);
#2524 = CARTESIAN_POINT('',(0.,0.,896.209));
#2525 = DIRECTION('',(0.,0.,1.));
#2526 = DIRECTION('',(1.,0.,0.));
#2527 = PCURVE('',#2480,#2528);
#2528 = DEFINITIONAL_REPRESENTATION('',(#2529),#2533);
#2529 = LINE('',#2530,#2531);
#2530 = CARTESIAN_POINT('',(0.,4.563));
#2531 = VECTOR('',#2532,1.);
#2532 = DIRECTION('',(1.,0.));
#2533 = ( GEOMETRIC_REPRESENTATION_CONTEXT(2) 
PARAMETRIC_REPRESENTATION_CONTEXT() REPRESENTATION_CONTEXT('2D SPACE',''
  ) );
#2534 = PCURVE('',#2535,#2540);
#2535 = CONICAL_SURFACE('',#2536,52.452269154529,1.320604542387E-02);
#2536 = AXIS2_PLACEMENT_3D('',#2537,#2538,#2539);
#2537 = CARTESIAN_POINT('',(0.,0.,896.209));
#2538 = DIRECTION('',(0.,0.,1.));
#2539 = DIRECTION('',(1.,0.,0.));
#2540 = DEFINITIONAL_REPRESENTATION('',(#2541),#2545);
#2541 = LINE('',#2542,#2543);
#2542 = CARTESIAN_POINT('',(0.,0.));
#2543 = VECTOR('',#2544,1.);
#2544 = DIRECTION('',(1.,0.));
#2545 = ( GEOMETRIC_REPRESENTATION_CONTEXT(2) 
PARAMETRIC_REPRESENTATION_CONTEXT() REPRESENTATION_CONTEXT('2D SPACE',''
  ) );
#2546 = ORIENTED_EDGE('',*,*,#2497,.F.);
#2547 = ADVANCED_FACE('',(#2548),#2535,.T.);
#2548 = FACE_BOUND('',#2549,.T.);
#2549 = EDGE_LOOP('',(#2550,#2551,#2574,#2601));
#2550 = ORIENTED_EDGE('',*,*,#2520,.T.);
#2551 = ORIENTED_EDGE('',*,*,#2552,.T.);
#2552 = EDGE_CURVE('',#2498,#2553,#2555,.T.);
#2553 = VERTEX_POINT('',#2554);
#2554 = CARTESIAN_POINT('',(52.512531843103,0.,900.772));
#2555 = SEAM_CURVE('',#2556,(#2560,#2567),.PCURVE_S1.);
#2556 = LINE('',#2557,#2558);
#2557 = CARTESIAN_POINT('',(52.452269154529,0.,896.209));
#2558 = VECTOR('',#2559,1.);
#2559 = DIRECTION('',(1.320566157234E-02,0.,0.999912801449));
#2560 = PCURVE('',#2535,#2561);
#2561 = DEFINITIONAL_REPRESENTATION('',(#2562),#2566);
#2562 = LINE('',#2563,#2564);
#2563 = CARTESIAN_POINT('',(6.28318530718,0.));
#2564 = VECTOR('',#2565,1.);
#2565 = DIRECTION('',(0.,1.));
#2566 = ( GEOMETRIC_REPRESENTATION_CONTEXT(2) 
PARAMETRIC_REPRESENTATION_CONTEXT() REPRESENTATION_CONTEXT('2D SPACE',''
  ) );
#2567 = PCURVE('',#2535,#2568);
#2568 = DEFINITIONAL_REPRESENTATION('',(#2569),#2573);
#2569 = LINE('',#2570,#2571);
#2570 = CARTESIAN_POINT('',(4.138911435803E-13,0.));
#2571 = VECTOR('',#2572,1.);
#2572 = DIRECTION('',(0.,1.));
#2573 = ( GEOMETRIC_REPRESENTATION_CONTEXT(2) 
PARAMETRIC_REPRESENTATION_CONTEXT() REPRESENTATION_CONTEXT('2D SPACE',''
  ) );
#2574 = ORIENTED_EDGE('',*,*,#2575,.F.);
#2575 = EDGE_CURVE('',#2553,#2553,#2576,.T.);
#2576 = SURFACE_CURVE('',#2577,(#2582,#2589),.PCURVE_S1.);
#2577 = CIRCLE('',#2578,52.512531843103);
#2578 = AXIS2_PLACEMENT_3D('',#2579,#2580,#2581);
#2579 = CARTESIAN_POINT('',(0.,0.,900.772));
#2580 = DIRECTION('',(0.,0.,1.));
#2581 = DIRECTION('',(1.,0.,0.));
#2582 = PCURVE('',#2535,#2583);
#2583 = DEFINITIONAL_REPRESENTATION('',(#2584),#2588);
#2584 = LINE('',#2585,#2586);
#2585 = CARTESIAN_POINT('',(0.,4.563));
#2586 = VECTOR('',#2587,1.);
#2587 = DIRECTION('',(1.,0.));
#2588 = ( GEOMETRIC_REPRESENTATION_CONTEXT(2) 
PARAMETRIC_REPRESENTATION_CONTEXT() REPRESENTATION_CONTEXT('2D SPACE',''
  ) );
#2589 = PCURVE('',#2590,#2595);
#2590 = CONICAL_SURFACE('',#2591,52.512531843103,1.249651943579E-02);
#2591 = AXIS2_PLACEMENT_3D('',#2592,#2593,#2594);
#2592 = CARTESIAN_POINT('',(0.,0.,900.772));
#2593 = DIRECTION('',(0.,0.,1.));
#2594 = DIRECTION('',(1.,0.,0.));
#2595 = DEFINITIONAL_REPRESENTATION('',(#2596),#2600);
#2596 = LINE('',#2597,#2598);
#2597 = CARTESIAN_POINT('',(0.,0.));
#2598 = VECTOR('',#2599,1.);
#2599 = DIRECTION('',(1.,0.));
#2600 = ( GEOMETRIC_REPRESENTATION_CONTEXT(2) 
PARAMETRIC_REPRESENTATION_CONTEXT() REPRESENTATION_CONTEXT('2D SPACE',''
  ) );
#2601 = ORIENTED_EDGE('',*,*,#2552,.F.);
#2602 = ADVANCED_FACE('',(#2603),#2590,.T.);
#2603 = FACE_BOUND('',#2604,.T.);
#2604 = EDGE_LOOP('',(#2605,#2606,#2629,#2656));
#2605 = ORIENTED_EDGE('',*,*,#2575,.T.);
#2606 = ORIENTED_EDGE('',*,*,#2607,.T.);
#2607 = EDGE_CURVE('',#2553,#2608,#2610,.T.);
#2608 = VERTEX_POINT('',#2609);
#2609 = CARTESIAN_POINT('',(52.569556429696,0.,905.335));
#2610 = SEAM_CURVE('',#2611,(#2615,#2622),.PCURVE_S1.);
#2611 = LINE('',#2612,#2613);
#2612 = CARTESIAN_POINT('',(52.512531843103,0.,900.772));
#2613 = VECTOR('',#2614,1.);
#2614 = DIRECTION('',(1.249619418934E-02,0.,0.999921919517));
#2615 = PCURVE('',#2590,#2616);
#2616 = DEFINITIONAL_REPRESENTATION('',(#2617),#2621);
#2617 = LINE('',#2618,#2619);
#2618 = CARTESIAN_POINT('',(6.28318530718,0.));
#2619 = VECTOR('',#2620,1.);
#2620 = DIRECTION('',(0.,1.));
#2621 = ( GEOMETRIC_REPRESENTATION_CONTEXT(2) 
PARAMETRIC_REPRESENTATION_CONTEXT() REPRESENTATION_CONTEXT('2D SPACE',''
  ) );
#2622 = PCURVE('',#2590,#2623);
#2623 = DEFINITIONAL_REPRESENTATION('',(#2624),#2628);
#2624 = LINE('',#2625,#2626);
#2625 = CARTESIAN_POINT('',(4.138911435803E-13,0.));
#2626 = VECTOR('',#2627,1.);
#2627 = DIRECTION('',(0.,1.));
#2628 = ( GEOMETRIC_REPRESENTATION_CONTEXT(2) 
PARAMETRIC_REPRESENTATION_CONTEXT() REPRESENTATION_CONTEXT('2D SPACE',''
  ) );
#2629 = ORIENTED_EDGE('',*,*,#2630,.F.);
#2630 = EDGE_CURVE('',#2608,#2608,#2631,.T.);
#2631 = SURFACE_CURVE('',#2632,(#2637,#2644),.PCURVE_S1.);
#2632 = CIRCLE('',#2633,52.569556429696);
#2633 = AXIS2_PLACEMENT_3D('',#2634,#2635,#2636);
#2634 = CARTESIAN_POINT('',(0.,0.,905.335));
#2635 = DIRECTION('',(0.,0.,1.));
#2636 = DIRECTION('',(1.,0.,0.));
#2637 = PCURVE('',#2590,#2638);
#2638 = DEFINITIONAL_REPRESENTATION('',(#2639),#2643);
#2639 = LINE('',#2640,#2641);
#2640 = CARTESIAN_POINT('',(0.,4.563));
#2641 = VECTOR('',#2642,1.);
#2642 = DIRECTION('',(1.,0.));
#2643 = ( GEOMETRIC_REPRESENTATION_CONTEXT(2) 
PARAMETRIC_REPRESENTATION_CONTEXT() REPRESENTATION_CONTEXT('2D SPACE',''
  ) );
#2644 = PCURVE('',#2645,#2650);
#2645 = CONICAL_SURFACE('',#2646,52.569556429696,1.177526645284E-02);
#2646 = AXIS2_PLACEMENT_3D('',#2647,#2648,#2649);
#2647 = CARTESIAN_POINT('',(0.,0.,905.335));
#2648 = DIRECTION('',(0.,0.,1.));
#2649 = DIRECTION('',(1.,0.,0.));
#2650 = DEFINITIONAL_REPRESENTATION('',(#2651),#2655);
#2651 = LINE('',#2652,#2653);
#2652 = CARTESIAN_POINT('',(0.,0.));
#2653 = VECTOR('',#2654,1.);
#2654 = DIRECTION('',(1.,0.));
#2655 = ( GEOMETRIC_REPRESENTATION_CONTEXT(2) 
PARAMETRIC_REPRESENTATION_CONTEXT() REPRESENTATION_CONTEXT('2D SPACE',''
  ) );
#2656 = ORIENTED_EDGE('',*,*,#2607,.F.);
#2657 = ADVANCED_FACE('',(#2658),#2645,.T.);
#2658 = FACE_BOUND('',#2659,.T.);
#2659 = EDGE_LOOP('',(#2660,#2661,#2684,#2711));
#2660 = ORIENTED_EDGE('',*,*,#2630,.T.);
#2661 = ORIENTED_EDGE('',*,*,#2662,.T.);
#2662 = EDGE_CURVE('',#2608,#2663,#2665,.T.);
#2663 = VERTEX_POINT('',#2664);
#2664 = CARTESIAN_POINT('',(52.623289454028,0.,909.898));
#2665 = SEAM_CURVE('',#2666,(#2670,#2677),.PCURVE_S1.);
#2666 = LINE('',#2667,#2668);
#2667 = CARTESIAN_POINT('',(52.569556429696,0.,905.335));
#2668 = VECTOR('',#2669,1.);
#2669 = DIRECTION('',(1.177499433441E-02,0.,0.999930672351));
#2670 = PCURVE('',#2645,#2671);
#2671 = DEFINITIONAL_REPRESENTATION('',(#2672),#2676);
#2672 = LINE('',#2673,#2674);
#2673 = CARTESIAN_POINT('',(6.28318530718,0.));
#2674 = VECTOR('',#2675,1.);
#2675 = DIRECTION('',(0.,1.));
#2676 = ( GEOMETRIC_REPRESENTATION_CONTEXT(2) 
PARAMETRIC_REPRESENTATION_CONTEXT() REPRESENTATION_CONTEXT('2D SPACE',''
  ) );
#2677 = PCURVE('',#2645,#2678);
#2678 = DEFINITIONAL_REPRESENTATION('',(#2679),#2683);
#2679 = LINE('',#2680,#2681);
#2680 = CARTESIAN_POINT('',(4.138911435803E-13,0.));
#2681 = VECTOR('',#2682,1.);
#2682 = DIRECTION('',(0.,1.));
#2683 = ( GEOMETRIC_REPRESENTATION_CONTEXT(2) 
PARAMETRIC_REPRESENTATION_CONTEXT() REPRESENTATION_CONTEXT('2D SPACE',''
  ) );
#2684 = ORIENTED_EDGE('',*,*,#2685,.F.);
#2685 = EDGE_CURVE('',#2663,#2663,#2686,.T.);
#2686 = SURFACE_CURVE('',#2687,(#2692,#2699),.PCURVE_S1.);
#2687 = CIRCLE('',#2688,52.623289454028);
#2688 = AXIS2_PLACEMENT_3D('',#2689,#2690,#2691);
#2689 = CARTESIAN_POINT('',(0.,0.,909.898));
#2690 = DIRECTION('',(0.,0.,1.));
#2691 = DIRECTION('',(1.,0.,0.));
#2692 = PCURVE('',#2645,#2693);
#2693 = DEFINITIONAL_REPRESENTATION('',(#2694),#2698);
#2694 = LINE('',#2695,#2696);
#2695 = CARTESIAN_POINT('',(0.,4.563));
#2696 = VECTOR('',#2697,1.);
#2697 = DIRECTION('',(1.,0.));
#2698 = ( GEOMETRIC_REPRESENTATION_CONTEXT(2) 
PARAMETRIC_REPRESENTATION_CONTEXT() REPRESENTATION_CONTEXT('2D SPACE',''
  ) );
#2699 = PCURVE('',#2700,#2705);
#2700 = CONICAL_SURFACE('',#2701,52.623289454028,1.104228661014E-02);
#2701 = AXIS2_PLACEMENT_3D('',#2702,#2703,#2704);
#2702 = CARTESIAN_POINT('',(0.,0.,909.898));
#2703 = DIRECTION('',(0.,0.,1.));
#2704 = DIRECTION('',(1.,0.,0.));
#2705 = DEFINITIONAL_REPRESENTATION('',(#2706),#2710);
#2706 = LINE('',#2707,#2708);
#2707 = CARTESIAN_POINT('',(0.,0.));
#2708 = VECTOR('',#2709,1.);
#2709 = DIRECTION('',(1.,0.));
#2710 = ( GEOMETRIC_REPRESENTATION_CONTEXT(2) 
PARAMETRIC_REPRESENTATION_CONTEXT() REPRESENTATION_CONTEXT('2D SPACE',''
  ) );
#2711 = ORIENTED_EDGE('',*,*,#2662,.F.);
#2712 = ADVANCED_FACE('',(#2713),#2700,.T.);
#2713 = FACE_BOUND('',#2714,.T.);
#2714 = EDGE_LOOP('',(#2715,#2716,#2739,#2766));
#2715 = ORIENTED_EDGE('',*,*,#2685,.T.);
#2716 = ORIENTED_EDGE('',*,*,#2717,.T.);
#2717 = EDGE_CURVE('',#2663,#2718,#2720,.T.);
#2718 = VERTEX_POINT('',#2719);
#2719 = CARTESIAN_POINT('',(52.673677455818,0.,914.461));
#2720 = SEAM_CURVE('',#2721,(#2725,#2732),.PCURVE_S1.);
#2721 = LINE('',#2722,#2723);
#2722 = CARTESIAN_POINT('',(52.623289454028,0.,909.898));
#2723 = VECTOR('',#2724,1.);
#2724 = DIRECTION('',(1.104206220999E-02,0.,0.999939034573));
#2725 = PCURVE('',#2700,#2726);
#2726 = DEFINITIONAL_REPRESENTATION('',(#2727),#2731);
#2727 = LINE('',#2728,#2729);
#2728 = CARTESIAN_POINT('',(6.28318530718,0.));
#2729 = VECTOR('',#2730,1.);
#2730 = DIRECTION('',(0.,1.));
#2731 = ( GEOMETRIC_REPRESENTATION_CONTEXT(2) 
PARAMETRIC_REPRESENTATION_CONTEXT() REPRESENTATION_CONTEXT('2D SPACE',''
  ) );
#2732 = PCURVE('',#2700,#2733);
#2733 = DEFINITIONAL_REPRESENTATION('',(#2734),#2738);
#2734 = LINE('',#2735,#2736);
#2735 = CARTESIAN_POINT('',(4.138911435803E-13,0.));
#2736 = VECTOR('',#2737,1.);
#2737 = DIRECTION('',(0.,1.));
#2738 = ( GEOMETRIC_REPRESENTATION_CONTEXT(2) 
PARAMETRIC_REPRESENTATION_CONTEXT() REPRESENTATION_CONTEXT('2D SPACE',''
  ) );
#2739 = ORIENTED_EDGE('',*,*,#2740,.F.);
#2740 = EDGE_CURVE('',#2718,#2718,#2741,.T.);
#2741 = SURFACE_CURVE('',#2742,(#2747,#2754),.PCURVE_S1.);
#2742 = CIRCLE('',#2743,52.673677455818);
#2743 = AXIS2_PLACEMENT_3D('',#2744,#2745,#2746);
#2744 = CARTESIAN_POINT('',(0.,0.,914.461));
#2745 = DIRECTION('',(0.,0.,1.));
#2746 = DIRECTION('',(1.,0.,0.));
#2747 = PCURVE('',#2700,#2748);
#2748 = DEFINITIONAL_REPRESENTATION('',(#2749),#2753);
#2749 = LINE('',#2750,#2751);
#2750 = CARTESIAN_POINT('',(0.,4.563));
#2751 = VECTOR('',#2752,1.);
#2752 = DIRECTION('',(1.,0.));
#2753 = ( GEOMETRIC_REPRESENTATION_CONTEXT(2) 
PARAMETRIC_REPRESENTATION_CONTEXT() REPRESENTATION_CONTEXT('2D SPACE',''
  ) );
#2754 = PCURVE('',#2755,#2760);
#2755 = CONICAL_SURFACE('',#2756,52.673677455818,1.029758010748E-02);
#2756 = AXIS2_PLACEMENT_3D('',#2757,#2758,#2759);
#2757 = CARTESIAN_POINT('',(0.,0.,914.461));
#2758 = DIRECTION('',(0.,0.,1.));
#2759 = DIRECTION('',(1.,0.,0.));
#2760 = DEFINITIONAL_REPRESENTATION('',(#2761),#2765);
#2761 = LINE('',#2762,#2763);
#2762 = CARTESIAN_POINT('',(0.,0.));
#2763 = VECTOR('',#2764,1.);
#2764 = DIRECTION('',(1.,0.));
#2765 = ( GEOMETRIC_REPRESENTATION_CONTEXT(2) 
PARAMETRIC_REPRESENTATION_CONTEXT() REPRESENTATION_CONTEXT('2D SPACE',''
  ) );
#2766 = ORIENTED_EDGE('',*,*,#2717,.F.);
#2767 = ADVANCED_FACE('',(#2768),#2755,.T.);
#2768 = FACE_BOUND('',#2769,.T.);
#2769 = EDGE_LOOP('',(#2770,#2771,#2794,#2821));
#2770 = ORIENTED_EDGE('',*,*,#2740,.T.);
#2771 = ORIENTED_EDGE('',*,*,#2772,.T.);
#2772 = EDGE_CURVE('',#2718,#2773,#2775,.T.);
#2773 = VERTEX_POINT('',#2774);
#2774 = CARTESIAN_POINT('',(52.720666974786,0.,919.024));
#2775 = SEAM_CURVE('',#2776,(#2780,#2787),.PCURVE_S1.);
#2776 = LINE('',#2777,#2778);
#2777 = CARTESIAN_POINT('',(52.673677455818,0.,914.461));
#2778 = VECTOR('',#2779,1.);
#2779 = DIRECTION('',(1.029739811561E-02,0.,0.99994698039));
#2780 = PCURVE('',#2755,#2781);
#2781 = DEFINITIONAL_REPRESENTATION('',(#2782),#2786);
#2782 = LINE('',#2783,#2784);
#2783 = CARTESIAN_POINT('',(6.28318530718,0.));
#2784 = VECTOR('',#2785,1.);
#2785 = DIRECTION('',(0.,1.));
#2786 = ( GEOMETRIC_REPRESENTATION_CONTEXT(2) 
PARAMETRIC_REPRESENTATION_CONTEXT() REPRESENTATION_CONTEXT('2D SPACE',''
  ) );
#2787 = PCURVE('',#2755,#2788);
#2788 = DEFINITIONAL_REPRESENTATION('',(#2789),#2793);
#2789 = LINE('',#2790,#2791);
#2790 = CARTESIAN_POINT('',(4.138911435803E-13,0.));
#2791 = VECTOR('',#2792,1.);
#2792 = DIRECTION('',(0.,1.));
#2793 = ( GEOMETRIC_REPRESENTATION_CONTEXT(2) 
PARAMETRIC_REPRESENTATION_CONTEXT() REPRESENTATION_CONTEXT('2D SPACE',''
  ) );
#2794 = ORIENTED_EDGE('',*,*,#2795,.F.);
#2795 = EDGE_CURVE('',#2773,#2773,#2796,.T.);
#2796 = SURFACE_CURVE('',#2797,(#2802,#2809),.PCURVE_S1.);
#2797 = CIRCLE('',#2798,52.720666974786);
#2798 = AXIS2_PLACEMENT_3D('',#2799,#2800,#2801);
#2799 = CARTESIAN_POINT('',(0.,0.,919.024));
#2800 = DIRECTION('',(0.,0.,1.));
#2801 = DIRECTION('',(1.,0.,0.));
#2802 = PCURVE('',#2755,#2803);
#2803 = DEFINITIONAL_REPRESENTATION('',(#2804),#2808);
#2804 = LINE('',#2805,#2806);
#2805 = CARTESIAN_POINT('',(0.,4.563));
#2806 = VECTOR('',#2807,1.);
#2807 = DIRECTION('',(1.,0.));
#2808 = ( GEOMETRIC_REPRESENTATION_CONTEXT(2) 
PARAMETRIC_REPRESENTATION_CONTEXT() REPRESENTATION_CONTEXT('2D SPACE',''
  ) );
#2809 = PCURVE('',#2810,#2815);
#2810 = CONICAL_SURFACE('',#2811,52.720666974786,9.541147212376E-03);
#2811 = AXIS2_PLACEMENT_3D('',#2812,#2813,#2814);
#2812 = CARTESIAN_POINT('',(0.,0.,919.024));
#2813 = DIRECTION('',(0.,0.,1.));
#2814 = DIRECTION('',(1.,0.,0.));
#2815 = DEFINITIONAL_REPRESENTATION('',(#2816),#2820);
#2816 = LINE('',#2817,#2818);
#2817 = CARTESIAN_POINT('',(0.,0.));
#2818 = VECTOR('',#2819,1.);
#2819 = DIRECTION('',(1.,0.));
#2820 = ( GEOMETRIC_REPRESENTATION_CONTEXT(2) 
PARAMETRIC_REPRESENTATION_CONTEXT() REPRESENTATION_CONTEXT('2D SPACE',''
  ) );
#2821 = ORIENTED_EDGE('',*,*,#2772,.F.);
#2822 = ADVANCED_FACE('',(#2823),#2810,.T.);
#2823 = FACE_BOUND('',#2824,.T.);
#2824 = EDGE_LOOP('',(#2825,#2826,#2849,#2876));
#2825 = ORIENTED_EDGE('',*,*,#2795,.T.);
#2826 = ORIENTED_EDGE('',*,*,#2827,.T.);
#2827 = EDGE_CURVE('',#2773,#2828,#2830,.T.);
#2828 = VERTEX_POINT('',#2829);
#2829 = CARTESIAN_POINT('',(52.76420455065,0.,923.587));
#2830 = SEAM_CURVE('',#2831,(#2835,#2842),.PCURVE_S1.);
#2831 = LINE('',#2832,#2833);
#2832 = CARTESIAN_POINT('',(52.720666974786,0.,919.024));
#2833 = VECTOR('',#2834,1.);
#2834 = DIRECTION('',(9.541002452387E-03,0.,0.9999544836));
#2835 = PCURVE('',#2810,#2836);
#2836 = DEFINITIONAL_REPRESENTATION('',(#2837),#2841);
#2837 = LINE('',#2838,#2839);
#2838 = CARTESIAN_POINT('',(6.28318530718,0.));
#2839 = VECTOR('',#2840,1.);
#2840 = DIRECTION('',(0.,1.));
#2841 = ( GEOMETRIC_REPRESENTATION_CONTEXT(2) 
PARAMETRIC_REPRESENTATION_CONTEXT() REPRESENTATION_CONTEXT('2D SPACE',''
  ) );
#2842 = PCURVE('',#2810,#2843);
#2843 = DEFINITIONAL_REPRESENTATION('',(#2844),#2848);
#2844 = LINE('',#2845,#2846);
#2845 = CARTESIAN_POINT('',(4.138911435803E-13,0.));
#2846 = VECTOR('',#2847,1.);
#2847 = DIRECTION('',(0.,1.));
#2848 = ( GEOMETRIC_REPRESENTATION_CONTEXT(2) 
PARAMETRIC_REPRESENTATION_CONTEXT() REPRESENTATION_CONTEXT('2D SPACE',''
  ) );
#2849 = ORIENTED_EDGE('',*,*,#2850,.F.);
#2850 = EDGE_CURVE('',#2828,#2828,#2851,.T.);
#2851 = SURFACE_CURVE('',#2852,(#2857,#2864),.PCURVE_S1.);
#2852 = CIRCLE('',#2853,52.76420455065);
#2853 = AXIS2_PLACEMENT_3D('',#2854,#2855,#2856);
#2854 = CARTESIAN_POINT('',(0.,0.,923.587));
#2855 = DIRECTION('',(0.,0.,1.));
#2856 = DIRECTION('',(1.,0.,0.));
#2857 = PCURVE('',#2810,#2858);
#2858 = DEFINITIONAL_REPRESENTATION('',(#2859),#2863);
#2859 = LINE('',#2860,#2861);
#2860 = CARTESIAN_POINT('',(0.,4.563));
#2861 = VECTOR('',#2862,1.);
#2862 = DIRECTION('',(1.,0.));
#2863 = ( GEOMETRIC_REPRESENTATION_CONTEXT(2) 
PARAMETRIC_REPRESENTATION_CONTEXT() REPRESENTATION_CONTEXT('2D SPACE',''
  ) );
#2864 = PCURVE('',#2865,#2870);
#2865 = CONICAL_SURFACE('',#2866,52.76420455065,8.772988263105E-03);
#2866 = AXIS2_PLACEMENT_3D('',#2867,#2868,#2869);
#2867 = CARTESIAN_POINT('',(0.,0.,923.587));
#2868 = DIRECTION('',(0.,0.,1.));
#2869 = DIRECTION('',(1.,0.,0.));
#2870 = DEFINITIONAL_REPRESENTATION('',(#2871),#2875);
#2871 = LINE('',#2872,#2873);
#2872 = CARTESIAN_POINT('',(0.,0.));
#2873 = VECTOR('',#2874,1.);
#2874 = DIRECTION('',(1.,0.));
#2875 = ( GEOMETRIC_REPRESENTATION_CONTEXT(2) 
PARAMETRIC_REPRESENTATION_CONTEXT() REPRESENTATION_CONTEXT('2D SPACE',''
  ) );
#2876 = ORIENTED_EDGE('',*,*,#2827,.F.);
#2877 = ADVANCED_FACE('',(#2878),#2865,.T.);
#2878 = FACE_BOUND('',#2879,.T.);
#2879 = EDGE_LOOP('',(#2880,#2881,#2904,#2931));
#2880 = ORIENTED_EDGE('',*,*,#2850,.T.);
#2881 = ORIENTED_EDGE('',*,*,#2882,.T.);
#2882 = EDGE_CURVE('',#2828,#2883,#2885,.T.);
#2883 = VERTEX_POINT('',#2884);
#2884 = CARTESIAN_POINT('',(52.804236723129,0.,928.15));
#2885 = SEAM_CURVE('',#2886,(#2890,#2897),.PCURVE_S1.);
#2886 = LINE('',#2887,#2888);
#2887 = CARTESIAN_POINT('',(52.76420455065,0.,923.587));
#2888 = VECTOR('',#2889,1.);
#2889 = DIRECTION('',(8.772875727571E-03,0.,0.999961517585));
#2890 = PCURVE('',#2865,#2891);
#2891 = DEFINITIONAL_REPRESENTATION('',(#2892),#2896);
#2892 = LINE('',#2893,#2894);
#2893 = CARTESIAN_POINT('',(6.28318530718,0.));
#2894 = VECTOR('',#2895,1.);
#2895 = DIRECTION('',(0.,1.));
#2896 = ( GEOMETRIC_REPRESENTATION_CONTEXT(2) 
PARAMETRIC_REPRESENTATION_CONTEXT() REPRESENTATION_CONTEXT('2D SPACE',''
  ) );
#2897 = PCURVE('',#2865,#2898);
#2898 = DEFINITIONAL_REPRESENTATION('',(#2899),#2903);
#2899 = LINE('',#2900,#2901);
#2900 = CARTESIAN_POINT('',(4.138911435803E-13,0.));
#2901 = VECTOR('',#2902,1.);
#2902 = DIRECTION('',(0.,1.));
#2903 = ( GEOMETRIC_REPRESENTATION_CONTEXT(2) 
PARAMETRIC_REPRESENTATION_CONTEXT() REPRESENTATION_CONTEXT('2D SPACE',''
  ) );
#2904 = ORIENTED_EDGE('',*,*,#2905,.F.);
#2905 = EDGE_CURVE('',#2883,#2883,#2906,.T.);
#2906 = SURFACE_CURVE('',#2907,(#2912,#2919),.PCURVE_S1.);
#2907 = CIRCLE('',#2908,52.804236723129);
#2908 = AXIS2_PLACEMENT_3D('',#2909,#2910,#2911);
#2909 = CARTESIAN_POINT('',(0.,0.,928.15));
#2910 = DIRECTION('',(0.,0.,1.));
#2911 = DIRECTION('',(1.,0.,0.));
#2912 = PCURVE('',#2865,#2913);
#2913 = DEFINITIONAL_REPRESENTATION('',(#2914),#2918);
#2914 = LINE('',#2915,#2916);
#2915 = CARTESIAN_POINT('',(0.,4.563));
#2916 = VECTOR('',#2917,1.);
#2917 = DIRECTION('',(1.,0.));
#2918 = ( GEOMETRIC_REPRESENTATION_CONTEXT(2) 
PARAMETRIC_REPRESENTATION_CONTEXT() REPRESENTATION_CONTEXT('2D SPACE',''
  ) );
#2919 = PCURVE('',#2920,#2925);
#2920 = CONICAL_SURFACE('',#2921,52.804236723129,7.993103671851E-03);
#2921 = AXIS2_PLACEMENT_3D('',#2922,#2923,#2924);
#2922 = CARTESIAN_POINT('',(0.,0.,928.15));
#2923 = DIRECTION('',(0.,0.,1.));
#2924 = DIRECTION('',(1.,0.,0.));
#2925 = DEFINITIONAL_REPRESENTATION('',(#2926),#2930);
#2926 = LINE('',#2927,#2928);
#2927 = CARTESIAN_POINT('',(0.,0.));
#2928 = VECTOR('',#2929,1.);
#2929 = DIRECTION('',(1.,0.));
#2930 = ( GEOMETRIC_REPRESENTATION_CONTEXT(2) 
PARAMETRIC_REPRESENTATION_CONTEXT() REPRESENTATION_CONTEXT('2D SPACE',''
  ) );
#2931 = ORIENTED_EDGE('',*,*,#2882,.F.);
#2932 = ADVANCED_FACE('',(#2933),#2920,.T.);
#2933 = FACE_BOUND('',#2934,.T.);
#2934 = EDGE_LOOP('',(#2935,#2936,#2959,#2986));
#2935 = ORIENTED_EDGE('',*,*,#2905,.T.);
#2936 = ORIENTED_EDGE('',*,*,#2937,.T.);
#2937 = EDGE_CURVE('',#2883,#2938,#2940,.T.);
#2938 = VERTEX_POINT('',#2939);
#2939 = CARTESIAN_POINT('',(52.840710031943,0.,932.713));
#2940 = SEAM_CURVE('',#2941,(#2945,#2952),.PCURVE_S1.);
#2941 = LINE('',#2942,#2943);
#2942 = CARTESIAN_POINT('',(52.804236723129,0.,928.15));
#2943 = VECTOR('',#2944,1.);
#2944 = DIRECTION('',(7.993018559278E-03,0.,0.999968055317));
#2945 = PCURVE('',#2920,#2946);
#2946 = DEFINITIONAL_REPRESENTATION('',(#2947),#2951);
#2947 = LINE('',#2948,#2949);
#2948 = CARTESIAN_POINT('',(6.28318530718,0.));
#2949 = VECTOR('',#2950,1.);
#2950 = DIRECTION('',(0.,1.));
#2951 = ( GEOMETRIC_REPRESENTATION_CONTEXT(2) 
PARAMETRIC_REPRESENTATION_CONTEXT() REPRESENTATION_CONTEXT('2D SPACE',''
  ) );
#2952 = PCURVE('',#2920,#2953);
#2953 = DEFINITIONAL_REPRESENTATION('',(#2954),#2958);
#2954 = LINE('',#2955,#2956);
#2955 = CARTESIAN_POINT('',(4.138911435803E-13,0.));
#2956 = VECTOR('',#2957,1.);
#2957 = DIRECTION('',(0.,1.));
#2958 = ( GEOMETRIC_REPRESENTATION_CONTEXT(2) 
PARAMETRIC_REPRESENTATION_CONTEXT() REPRESENTATION_CONTEXT('2D SPACE',''
  ) );
#2959 = ORIENTED_EDGE('',*,*,#2960,.F.);
#2960 = EDGE_CURVE('',#2938,#2938,#2961,.T.);
#2961 = SURFACE_CURVE('',#2962,(#2967,#2974),.PCURVE_S1.);
#2962 = CIRCLE('',#2963,52.840710031943);
#2963 = AXIS2_PLACEMENT_3D('',#2964,#2965,#2966);
#2964 = CARTESIAN_POINT('',(0.,0.,932.713));
#2965 = DIRECTION('',(0.,0.,1.));
#2966 = DIRECTION('',(1.,0.,0.));
#2967 = PCURVE('',#2920,#2968);
#2968 = DEFINITIONAL_REPRESENTATION('',(#2969),#2973);
#2969 = LINE('',#2970,#2971);
#2970 = CARTESIAN_POINT('',(0.,4.563));
#2971 = VECTOR('',#2972,1.);
#2972 = DIRECTION('',(1.,0.));
#2973 = ( GEOMETRIC_REPRESENTATION_CONTEXT(2) 
PARAMETRIC_REPRESENTATION_CONTEXT() REPRESENTATION_CONTEXT('2D SPACE',''
  ) );
#2974 = PCURVE('',#2975,#2980);
#2975 = CONICAL_SURFACE('',#2976,52.840710031943,7.201493927849E-03);
#2976 = AXIS2_PLACEMENT_3D('',#2977,#2978,#2979);
#2977 = CARTESIAN_POINT('',(0.,0.,932.713));
#2978 = DIRECTION('',(0.,0.,1.));
#2979 = DIRECTION('',(1.,0.,0.));
#2980 = DEFINITIONAL_REPRESENTATION('',(#2981),#2985);
#2981 = LINE('',#2982,#2983);
#2982 = CARTESIAN_POINT('',(0.,0.));
#2983 = VECTOR('',#2984,1.);
#2984 = DIRECTION('',(1.,0.));
#2985 = ( GEOMETRIC_REPRESENTATION_CONTEXT(2) 
PARAMETRIC_REPRESENTATION_CONTEXT() REPRESENTATION_CONTEXT('2D SPACE',''
  ) );
#2986 = ORIENTED_EDGE('',*,*,#2937,.F.);
#2987 = ADVANCED_FACE('',(#2988),#2975,.T.);
#2988 = FACE_BOUND('',#2989,.T.);
#2989 = EDGE_LOOP('',(#2990,#2991,#3014,#3041));
#2990 = ORIENTED_EDGE('',*,*,#2960,.T.);
#2991 = ORIENTED_EDGE('',*,*,#2992,.T.);
#2992 = EDGE_CURVE('',#2938,#2993,#2995,.T.);
#2993 = VERTEX_POINT('',#2994);
#2994 = CARTESIAN_POINT('',(52.873571016812,0.,937.276));
#2995 = SEAM_CURVE('',#2996,(#3000,#3007),.PCURVE_S1.);
#2996 = LINE('',#2997,#2998);
#2997 = CARTESIAN_POINT('',(52.840710031943,0.,932.713));
#2998 = VECTOR('',#2999,1.);
#2999 = DIRECTION('',(7.201431681271E-03,0.,0.999974069355));
#3000 = PCURVE('',#2975,#3001);
#3001 = DEFINITIONAL_REPRESENTATION('',(#3002),#3006);
#3002 = LINE('',#3003,#3004);
#3003 = CARTESIAN_POINT('',(6.28318530718,0.));
#3004 = VECTOR('',#3005,1.);
#3005 = DIRECTION('',(0.,1.));
#3006 = ( GEOMETRIC_REPRESENTATION_CONTEXT(2) 
PARAMETRIC_REPRESENTATION_CONTEXT() REPRESENTATION_CONTEXT('2D SPACE',''
  ) );
#3007 = PCURVE('',#2975,#3008);
#3008 = DEFINITIONAL_REPRESENTATION('',(#3009),#3013);
#3009 = LINE('',#3010,#3011);
#3010 = CARTESIAN_POINT('',(4.138911435803E-13,0.));
#3011 = VECTOR('',#3012,1.);
#3012 = DIRECTION('',(0.,1.));
#3013 = ( GEOMETRIC_REPRESENTATION_CONTEXT(2) 
PARAMETRIC_REPRESENTATION_CONTEXT() REPRESENTATION_CONTEXT('2D SPACE',''
  ) );
#3014 = ORIENTED_EDGE('',*,*,#3015,.F.);
#3015 = EDGE_CURVE('',#2993,#2993,#3016,.T.);
#3016 = SURFACE_CURVE('',#3017,(#3022,#3029),.PCURVE_S1.);
#3017 = CIRCLE('',#3018,52.873571016812);
#3018 = AXIS2_PLACEMENT_3D('',#3019,#3020,#3021);
#3019 = CARTESIAN_POINT('',(0.,0.,937.276));
#3020 = DIRECTION('',(0.,0.,1.));
#3021 = DIRECTION('',(1.,0.,0.));
#3022 = PCURVE('',#2975,#3023);
#3023 = DEFINITIONAL_REPRESENTATION('',(#3024),#3028);
#3024 = LINE('',#3025,#3026);
#3025 = CARTESIAN_POINT('',(0.,4.563));
#3026 = VECTOR('',#3027,1.);
#3027 = DIRECTION('',(1.,0.));
#3028 = ( GEOMETRIC_REPRESENTATION_CONTEXT(2) 
PARAMETRIC_REPRESENTATION_CONTEXT() REPRESENTATION_CONTEXT('2D SPACE',''
  ) );
#3029 = PCURVE('',#3030,#3035);
#3030 = CONICAL_SURFACE('',#3031,52.873571016812,6.398159600629E-03);
#3031 = AXIS2_PLACEMENT_3D('',#3032,#3033,#3034);
#3032 = CARTESIAN_POINT('',(0.,0.,937.276));
#3033 = DIRECTION('',(0.,0.,1.));
#3034 = DIRECTION('',(1.,0.,0.));
#3035 = DEFINITIONAL_REPRESENTATION('',(#3036),#3040);
#3036 = LINE('',#3037,#3038);
#3037 = CARTESIAN_POINT('',(0.,0.));
#3038 = VECTOR('',#3039,1.);
#3039 = DIRECTION('',(1.,0.));
#3040 = ( GEOMETRIC_REPRESENTATION_CONTEXT(2) 
PARAMETRIC_REPRESENTATION_CONTEXT() REPRESENTATION_CONTEXT('2D SPACE',''
  ) );
#3041 = ORIENTED_EDGE('',*,*,#2992,.F.);
#3042 = ADVANCED_FACE('',(#3043),#3030,.T.);
#3043 = FACE_BOUND('',#3044,.T.);
#3044 = EDGE_LOOP('',(#3045,#3046,#3069,#3096));
#3045 = ORIENTED_EDGE('',*,*,#3015,.T.);
#3046 = ORIENTED_EDGE('',*,*,#3047,.T.);
#3047 = EDGE_CURVE('',#2993,#3048,#3050,.T.);
#3048 = VERTEX_POINT('',#3049);
#3049 = CARTESIAN_POINT('',(52.902766217453,0.,941.839));
#3050 = SEAM_CURVE('',#3051,(#3055,#3062),.PCURVE_S1.);
#3051 = LINE('',#3052,#3053);
#3052 = CARTESIAN_POINT('',(52.873571016812,0.,937.276));
#3053 = VECTOR('',#3054,1.);
#3054 = DIRECTION('',(6.398115947725E-03,0.,0.999979531847));
#3055 = PCURVE('',#3030,#3056);
#3056 = DEFINITIONAL_REPRESENTATION('',(#3057),#3061);
#3057 = LINE('',#3058,#3059);
#3058 = CARTESIAN_POINT('',(6.28318530718,0.));
#3059 = VECTOR('',#3060,1.);
#3060 = DIRECTION('',(0.,1.));
#3061 = ( GEOMETRIC_REPRESENTATION_CONTEXT(2) 
PARAMETRIC_REPRESENTATION_CONTEXT() REPRESENTATION_CONTEXT('2D SPACE',''
  ) );
#3062 = PCURVE('',#3030,#3063);
#3063 = DEFINITIONAL_REPRESENTATION('',(#3064),#3068);
#3064 = LINE('',#3065,#3066);
#3065 = CARTESIAN_POINT('',(4.138911435803E-13,0.));
#3066 = VECTOR('',#3067,1.);
#3067 = DIRECTION('',(0.,1.));
#3068 = ( GEOMETRIC_REPRESENTATION_CONTEXT(2) 
PARAMETRIC_REPRESENTATION_CONTEXT() REPRESENTATION_CONTEXT('2D SPACE',''
  ) );
#3069 = ORIENTED_EDGE('',*,*,#3070,.F.);
#3070 = EDGE_CURVE('',#3048,#3048,#3071,.T.);
#3071 = SURFACE_CURVE('',#3072,(#3077,#3084),.PCURVE_S1.);
#3072 = CIRCLE('',#3073,52.902766217453);
#3073 = AXIS2_PLACEMENT_3D('',#3074,#3075,#3076);
#3074 = CARTESIAN_POINT('',(0.,0.,941.839));
#3075 = DIRECTION('',(0.,0.,1.));
#3076 = DIRECTION('',(1.,0.,0.));
#3077 = PCURVE('',#3030,#3078);
#3078 = DEFINITIONAL_REPRESENTATION('',(#3079),#3083);
#3079 = LINE('',#3080,#3081);
#3080 = CARTESIAN_POINT('',(0.,4.563));
#3081 = VECTOR('',#3082,1.);
#3082 = DIRECTION('',(1.,0.));
#3083 = ( GEOMETRIC_REPRESENTATION_CONTEXT(2) 
PARAMETRIC_REPRESENTATION_CONTEXT() REPRESENTATION_CONTEXT('2D SPACE',''
  ) );
#3084 = PCURVE('',#3085,#3090);
#3085 = CONICAL_SURFACE('',#3086,52.902766217453,5.583101343246E-03);
#3086 = AXIS2_PLACEMENT_3D('',#3087,#3088,#3089);
#3087 = CARTESIAN_POINT('',(0.,0.,941.839));
#3088 = DIRECTION('',(0.,0.,1.));
#3089 = DIRECTION('',(1.,0.,0.));
#3090 = DEFINITIONAL_REPRESENTATION('',(#3091),#3095);
#3091 = LINE('',#3092,#3093);
#3092 = CARTESIAN_POINT('',(0.,0.));
#3093 = VECTOR('',#3094,1.);
#3094 = DIRECTION('',(1.,0.));
#3095 = ( GEOMETRIC_REPRESENTATION_CONTEXT(2) 
PARAMETRIC_REPRESENTATION_CONTEXT() REPRESENTATION_CONTEXT('2D SPACE',''
  ) );
#3096 = ORIENTED_EDGE('',*,*,#3047,.F.);
#3097 = ADVANCED_FACE('',(#3098),#3085,.T.);
#3098 = FACE_BOUND('',#3099,.T.);
#3099 = EDGE_LOOP('',(#3100,#3101,#3124,#3151));
#3100 = ORIENTED_EDGE('',*,*,#3070,.T.);
#3101 = ORIENTED_EDGE('',*,*,#3102,.T.);
#3102 = EDGE_CURVE('',#3048,#3103,#3105,.T.);
#3103 = VERTEX_POINT('',#3104);
#3104 = CARTESIAN_POINT('',(52.928242173587,0.,946.402));
#3105 = SEAM_CURVE('',#3106,(#3110,#3117),.PCURVE_S1.);
#3106 = LINE('',#3107,#3108);
#3107 = CARTESIAN_POINT('',(52.902766217453,0.,941.839));
#3108 = VECTOR('',#3109,1.);
#3109 = DIRECTION('',(5.583072338134E-03,0.,0.99998441453));
#3110 = PCURVE('',#3085,#3111);
#3111 = DEFINITIONAL_REPRESENTATION('',(#3112),#3116);
#3112 = LINE('',#3113,#3114);
#3113 = CARTESIAN_POINT('',(6.28318530718,0.));
#3114 = VECTOR('',#3115,1.);
#3115 = DIRECTION('',(0.,1.));
#3116 = ( GEOMETRIC_REPRESENTATION_CONTEXT(2) 
PARAMETRIC_REPRESENTATION_CONTEXT() REPRESENTATION_CONTEXT('2D SPACE',''
  ) );
#3117 = PCURVE('',#3085,#3118);
#3118 = DEFINITIONAL_REPRESENTATION('',(#3119),#3123);
#3119 = LINE('',#3120,#3121);
#3120 = CARTESIAN_POINT('',(4.138911435803E-13,0.));
#3121 = VECTOR('',#3122,1.);
#3122 = DIRECTION('',(0.,1.));
#3123 = ( GEOMETRIC_REPRESENTATION_CONTEXT(2) 
PARAMETRIC_REPRESENTATION_CONTEXT() REPRESENTATION_CONTEXT('2D SPACE',''
  ) );
#3124 = ORIENTED_EDGE('',*,*,#3125,.F.);
#3125 = EDGE_CURVE('',#3103,#3103,#3126,.T.);
#3126 = SURFACE_CURVE('',#3127,(#3132,#3139),.PCURVE_S1.);
#3127 = CIRCLE('',#3128,52.928242173587);
#3128 = AXIS2_PLACEMENT_3D('',#3129,#3130,#3131);
#3129 = CARTESIAN_POINT('',(0.,0.,946.402));
#3130 = DIRECTION('',(0.,0.,1.));
#3131 = DIRECTION('',(1.,0.,0.));
#3132 = PCURVE('',#3085,#3133);
#3133 = DEFINITIONAL_REPRESENTATION('',(#3134),#3138);
#3134 = LINE('',#3135,#3136);
#3135 = CARTESIAN_POINT('',(0.,4.563));
#3136 = VECTOR('',#3137,1.);
#3137 = DIRECTION('',(1.,0.));
#3138 = ( GEOMETRIC_REPRESENTATION_CONTEXT(2) 
PARAMETRIC_REPRESENTATION_CONTEXT() REPRESENTATION_CONTEXT('2D SPACE',''
  ) );
#3139 = PCURVE('',#3140,#3145);
#3140 = CONICAL_SURFACE('',#3141,52.928242173587,4.756319895612E-03);
#3141 = AXIS2_PLACEMENT_3D('',#3142,#3143,#3144);
#3142 = CARTESIAN_POINT('',(0.,0.,946.402));
#3143 = DIRECTION('',(0.,0.,1.));
#3144 = DIRECTION('',(1.,0.,0.));
#3145 = DEFINITIONAL_REPRESENTATION('',(#3146),#3150);
#3146 = LINE('',#3147,#3148);
#3147 = CARTESIAN_POINT('',(0.,0.));
#3148 = VECTOR('',#3149,1.);
#3149 = DIRECTION('',(1.,0.));
#3150 = ( GEOMETRIC_REPRESENTATION_CONTEXT(2) 
PARAMETRIC_REPRESENTATION_CONTEXT() REPRESENTATION_CONTEXT('2D SPACE',''
  ) );
#3151 = ORIENTED_EDGE('',*,*,#3102,.F.);
#3152 = ADVANCED_FACE('',(#3153),#3140,.T.);
#3153 = FACE_BOUND('',#3154,.T.);
#3154 = EDGE_LOOP('',(#3155,#3156,#3179,#3206));
#3155 = ORIENTED_EDGE('',*,*,#3125,.T.);
#3156 = ORIENTED_EDGE('',*,*,#3157,.T.);
#3157 = EDGE_CURVE('',#3103,#3158,#3160,.T.);
#3158 = VERTEX_POINT('',#3159);
#3159 = CARTESIAN_POINT('',(52.949945424932,0.,950.965));
#3160 = SEAM_CURVE('',#3161,(#3165,#3172),.PCURVE_S1.);
#3161 = LINE('',#3162,#3163);
#3162 = CARTESIAN_POINT('',(52.928242173587,0.,946.402));
#3163 = VECTOR('',#3164,1.);
#3164 = DIRECTION('',(4.756301962258E-03,0.,0.999988688732));
#3165 = PCURVE('',#3140,#3166);
#3166 = DEFINITIONAL_REPRESENTATION('',(#3167),#3171);
#3167 = LINE('',#3168,#3169);
#3168 = CARTESIAN_POINT('',(6.28318530718,0.));
#3169 = VECTOR('',#3170,1.);
#3170 = DIRECTION('',(0.,1.));
#3171 = ( GEOMETRIC_REPRESENTATION_CONTEXT(2) 
PARAMETRIC_REPRESENTATION_CONTEXT() REPRESENTATION_CONTEXT('2D SPACE',''
  ) );
#3172 = PCURVE('',#3140,#3173);
#3173 = DEFINITIONAL_REPRESENTATION('',(#3174),#3178);
#3174 = LINE('',#3175,#3176);
#3175 = CARTESIAN_POINT('',(4.138911435803E-13,0.));
#3176 = VECTOR('',#3177,1.);
#3177 = DIRECTION('',(0.,1.));
#3178 = ( GEOMETRIC_REPRESENTATION_CONTEXT(2) 
PARAMETRIC_REPRESENTATION_CONTEXT() REPRESENTATION_CONTEXT('2D SPACE',''
  ) );
#3179 = ORIENTED_EDGE('',*,*,#3180,.F.);
#3180 = EDGE_CURVE('',#3158,#3158,#3181,.T.);
#3181 = SURFACE_CURVE('',#3182,(#3187,#3194),.PCURVE_S1.);
#3182 = CIRCLE('',#3183,52.949945424932);
#3183 = AXIS2_PLACEMENT_3D('',#3184,#3185,#3186);
#3184 = CARTESIAN_POINT('',(0.,0.,950.965));
#3185 = DIRECTION('',(0.,0.,1.));
#3186 = DIRECTION('',(1.,0.,0.));
#3187 = PCURVE('',#3140,#3188);
#3188 = DEFINITIONAL_REPRESENTATION('',(#3189),#3193);
#3189 = LINE('',#3190,#3191);
#3190 = CARTESIAN_POINT('',(0.,4.563));
#3191 = VECTOR('',#3192,1.);
#3192 = DIRECTION('',(1.,0.));
#3193 = ( GEOMETRIC_REPRESENTATION_CONTEXT(2) 
PARAMETRIC_REPRESENTATION_CONTEXT() REPRESENTATION_CONTEXT('2D SPACE',''
  ) );
#3194 = PCURVE('',#3195,#3200);
#3195 = CONICAL_SURFACE('',#3196,52.949945424932,3.917816087838E-03);
#3196 = AXIS2_PLACEMENT_3D('',#3197,#3198,#3199);
#3197 = CARTESIAN_POINT('',(0.,0.,950.965));
#3198 = DIRECTION('',(0.,0.,1.));
#3199 = DIRECTION('',(1.,0.,0.));
#3200 = DEFINITIONAL_REPRESENTATION('',(#3201),#3205);
#3201 = LINE('',#3202,#3203);
#3202 = CARTESIAN_POINT('',(0.,0.));
#3203 = VECTOR('',#3204,1.);
#3204 = DIRECTION('',(1.,0.));
#3205 = ( GEOMETRIC_REPRESENTATION_CONTEXT(2) 
PARAMETRIC_REPRESENTATION_CONTEXT() REPRESENTATION_CONTEXT('2D SPACE',''
  ) );
#3206 = ORIENTED_EDGE('',*,*,#3157,.F.);
#3207 = ADVANCED_FACE('',(#3208),#3195,.T.);
#3208 = FACE_BOUND('',#3209,.T.);
#3209 = EDGE_LOOP('',(#3210,#3211,#3234,#3261));
#3210 = ORIENTED_EDGE('',*,*,#3180,.T.);
#3211 = ORIENTED_EDGE('',*,*,#3212,.T.);
#3212 = EDGE_CURVE('',#3158,#3213,#3215,.T.);
#3213 = VERTEX_POINT('',#3214);
#3214 = CARTESIAN_POINT('',(52.967822511207,0.,955.528));
#3215 = SEAM_CURVE('',#3216,(#3220,#3227),.PCURVE_S1.);
#3216 = LINE('',#3217,#3218);
#3217 = CARTESIAN_POINT('',(52.949945424932,0.,950.965));
#3218 = VECTOR('',#3219,1.);
#3219 = DIRECTION('',(3.917806065239E-03,0.,0.999992325368));
#3220 = PCURVE('',#3195,#3221);
#3221 = DEFINITIONAL_REPRESENTATION('',(#3222),#3226);
#3222 = LINE('',#3223,#3224);
#3223 = CARTESIAN_POINT('',(6.28318530718,0.));
#3224 = VECTOR('',#3225,1.);
#3225 = DIRECTION('',(0.,1.));
#3226 = ( GEOMETRIC_REPRESENTATION_CONTEXT(2) 
PARAMETRIC_REPRESENTATION_CONTEXT() REPRESENTATION_CONTEXT('2D SPACE',''
  ) );
#3227 = PCURVE('',#3195,#3228);
#3228 = DEFINITIONAL_REPRESENTATION('',(#3229),#3233);
#3229 = LINE('',#3230,#3231);
#3230 = CARTESIAN_POINT('',(4.138911435803E-13,0.));
#3231 = VECTOR('',#3232,1.);
#3232 = DIRECTION('',(0.,1.));
#3233 = ( GEOMETRIC_REPRESENTATION_CONTEXT(2) 
PARAMETRIC_REPRESENTATION_CONTEXT() REPRESENTATION_CONTEXT('2D SPACE',''
  ) );
#3234 = ORIENTED_EDGE('',*,*,#3235,.F.);
#3235 = EDGE_CURVE('',#3213,#3213,#3236,.T.);
#3236 = SURFACE_CURVE('',#3237,(#3242,#3249),.PCURVE_S1.);
#3237 = CIRCLE('',#3238,52.967822511207);
#3238 = AXIS2_PLACEMENT_3D('',#3239,#3240,#3241);
#3239 = CARTESIAN_POINT('',(0.,0.,955.528));
#3240 = DIRECTION('',(0.,0.,1.));
#3241 = DIRECTION('',(1.,0.,0.));
#3242 = PCURVE('',#3195,#3243);
#3243 = DEFINITIONAL_REPRESENTATION('',(#3244),#3248);
#3244 = LINE('',#3245,#3246);
#3245 = CARTESIAN_POINT('',(0.,4.563));
#3246 = VECTOR('',#3247,1.);
#3247 = DIRECTION('',(1.,0.));
#3248 = ( GEOMETRIC_REPRESENTATION_CONTEXT(2) 
PARAMETRIC_REPRESENTATION_CONTEXT() REPRESENTATION_CONTEXT('2D SPACE',''
  ) );
#3249 = PCURVE('',#3250,#3255);
#3250 = CONICAL_SURFACE('',#3251,52.967822511207,3.067590843655E-03);
#3251 = AXIS2_PLACEMENT_3D('',#3252,#3253,#3254);
#3252 = CARTESIAN_POINT('',(0.,0.,955.528));
#3253 = DIRECTION('',(0.,0.,1.));
#3254 = DIRECTION('',(1.,0.,0.));
#3255 = DEFINITIONAL_REPRESENTATION('',(#3256),#3260);
#3256 = LINE('',#3257,#3258);
#3257 = CARTESIAN_POINT('',(0.,0.));
#3258 = VECTOR('',#3259,1.);
#3259 = DIRECTION('',(1.,0.));
#3260 = ( GEOMETRIC_REPRESENTATION_CONTEXT(2) 
PARAMETRIC_REPRESENTATION_CONTEXT() REPRESENTATION_CONTEXT('2D SPACE',''
  ) );
#3261 = ORIENTED_EDGE('',*,*,#3212,.F.);
#3262 = ADVANCED_FACE('',(#3263),#3250,.T.);
#3263 = FACE_BOUND('',#3264,.T.);
#3264 = EDGE_LOOP('',(#3265,#3266,#3289,#3316));
#3265 = ORIENTED_EDGE('',*,*,#3235,.T.);
#3266 = ORIENTED_EDGE('',*,*,#3267,.T.);
#3267 = EDGE_CURVE('',#3213,#3268,#3270,.T.);
#3268 = VERTEX_POINT('',#3269);
#3269 = CARTESIAN_POINT('',(52.981819972133,0.,960.091));
#3270 = SEAM_CURVE('',#3271,(#3275,#3282),.PCURVE_S1.);
#3271 = LINE('',#3272,#3273);
#3272 = CARTESIAN_POINT('',(52.967822511207,0.,955.528));
#3273 = VECTOR('',#3274,1.);
#3274 = DIRECTION('',(3.067586032594E-03,0.,0.999995294947));
#3275 = PCURVE('',#3250,#3276);
#3276 = DEFINITIONAL_REPRESENTATION('',(#3277),#3281);
#3277 = LINE('',#3278,#3279);
#3278 = CARTESIAN_POINT('',(6.28318530718,0.));
#3279 = VECTOR('',#3280,1.);
#3280 = DIRECTION('',(0.,1.));
#3281 = ( GEOMETRIC_REPRESENTATION_CONTEXT(2) 
PARAMETRIC_REPRESENTATION_CONTEXT() REPRESENTATION_CONTEXT('2D SPACE',''
  ) );
#3282 = PCURVE('',#3250,#3283);
#3283 = DEFINITIONAL_REPRESENTATION('',(#3284),#3288);
#3284 = LINE('',#3285,#3286);
#3285 = CARTESIAN_POINT('',(4.138911435803E-13,0.));
#3286 = VECTOR('',#3287,1.);
#3287 = DIRECTION('',(0.,1.));
#3288 = ( GEOMETRIC_REPRESENTATION_CONTEXT(2) 
PARAMETRIC_REPRESENTATION_CONTEXT() REPRESENTATION_CONTEXT('2D SPACE',''
  ) );
#3289 = ORIENTED_EDGE('',*,*,#3290,.F.);
#3290 = EDGE_CURVE('',#3268,#3268,#3291,.T.);
#3291 = SURFACE_CURVE('',#3292,(#3297,#3304),.PCURVE_S1.);
#3292 = CIRCLE('',#3293,52.981819972133);
#3293 = AXIS2_PLACEMENT_3D('',#3294,#3295,#3296);
#3294 = CARTESIAN_POINT('',(0.,0.,960.091));
#3295 = DIRECTION('',(0.,0.,1.));
#3296 = DIRECTION('',(1.,0.,0.));
#3297 = PCURVE('',#3250,#3298);
#3298 = DEFINITIONAL_REPRESENTATION('',(#3299),#3303);
#3299 = LINE('',#3300,#3301);
#3300 = CARTESIAN_POINT('',(0.,4.563));
#3301 = VECTOR('',#3302,1.);
#3302 = DIRECTION('',(1.,0.));
#3303 = ( GEOMETRIC_REPRESENTATION_CONTEXT(2) 
PARAMETRIC_REPRESENTATION_CONTEXT() REPRESENTATION_CONTEXT('2D SPACE',''
  ) );
#3304 = PCURVE('',#3305,#3310);
#3305 = CONICAL_SURFACE('',#3306,52.981819972133,2.205645183837E-03);
#3306 = AXIS2_PLACEMENT_3D('',#3307,#3308,#3309);
#3307 = CARTESIAN_POINT('',(0.,0.,960.091));
#3308 = DIRECTION('',(0.,0.,1.));
#3309 = DIRECTION('',(1.,0.,0.));
#3310 = DEFINITIONAL_REPRESENTATION('',(#3311),#3315);
#3311 = LINE('',#3312,#3313);
#3312 = CARTESIAN_POINT('',(0.,0.));
#3313 = VECTOR('',#3314,1.);
#3314 = DIRECTION('',(1.,0.));
#3315 = ( GEOMETRIC_REPRESENTATION_CONTEXT(2) 
PARAMETRIC_REPRESENTATION_CONTEXT() REPRESENTATION_CONTEXT('2D SPACE',''
  ) );
#3316 = ORIENTED_EDGE('',*,*,#3267,.F.);
#3317 = ADVANCED_FACE('',(#3318),#3305,.T.);
#3318 = FACE_BOUND('',#3319,.T.);
#3319 = EDGE_LOOP('',(#3320,#3321,#3344,#3371));
#3320 = ORIENTED_EDGE('',*,*,#3290,.T.);
#3321 = ORIENTED_EDGE('',*,*,#3322,.T.);
#3322 = EDGE_CURVE('',#3268,#3323,#3325,.T.);
#3323 = VERTEX_POINT('',#3324);
#3324 = CARTESIAN_POINT('',(52.991884347427,0.,964.654));
#3325 = SEAM_CURVE('',#3326,(#3330,#3337),.PCURVE_S1.);
#3326 = LINE('',#3327,#3328);
#3327 = CARTESIAN_POINT('',(52.981819972133,0.,960.091));
#3328 = VECTOR('',#3329,1.);
#3329 = DIRECTION('',(2.205643395471E-03,0.,0.999997567566));
#3330 = PCURVE('',#3305,#3331);
#3331 = DEFINITIONAL_REPRESENTATION('',(#3332),#3336);
#3332 = LINE('',#3333,#3334);
#3333 = CARTESIAN_POINT('',(6.28318530718,0.));
#3334 = VECTOR('',#3335,1.);
#3335 = DIRECTION('',(0.,1.));
#3336 = ( GEOMETRIC_REPRESENTATION_CONTEXT(2) 
PARAMETRIC_REPRESENTATION_CONTEXT() REPRESENTATION_CONTEXT('2D SPACE',''
  ) );
#3337 = PCURVE('',#3305,#3338);
#3338 = DEFINITIONAL_REPRESENTATION('',(#3339),#3343);
#3339 = LINE('',#3340,#3341);
#3340 = CARTESIAN_POINT('',(4.138911435803E-13,0.));
#3341 = VECTOR('',#3342,1.);
#3342 = DIRECTION('',(0.,1.));
#3343 = ( GEOMETRIC_REPRESENTATION_CONTEXT(2) 
PARAMETRIC_REPRESENTATION_CONTEXT() REPRESENTATION_CONTEXT('2D SPACE',''
  ) );
#3344 = ORIENTED_EDGE('',*,*,#3345,.F.);
#3345 = EDGE_CURVE('',#3323,#3323,#3346,.T.);
#3346 = SURFACE_CURVE('',#3347,(#3352,#3359),.PCURVE_S1.);
#3347 = CIRCLE('',#3348,52.991884347427);
#3348 = AXIS2_PLACEMENT_3D('',#3349,#3350,#3351);
#3349 = CARTESIAN_POINT('',(0.,0.,964.654));
#3350 = DIRECTION('',(0.,0.,1.));
#3351 = DIRECTION('',(1.,0.,0.));
#3352 = PCURVE('',#3305,#3353);
#3353 = DEFINITIONAL_REPRESENTATION('',(#3354),#3358);
#3354 = LINE('',#3355,#3356);
#3355 = CARTESIAN_POINT('',(0.,4.563));
#3356 = VECTOR('',#3357,1.);
#3357 = DIRECTION('',(1.,0.));
#3358 = ( GEOMETRIC_REPRESENTATION_CONTEXT(2) 
PARAMETRIC_REPRESENTATION_CONTEXT() REPRESENTATION_CONTEXT('2D SPACE',''
  ) );
#3359 = PCURVE('',#3360,#3365);
#3360 = CONICAL_SURFACE('',#3361,52.991884347427,1.331980229733E-03);
#3361 = AXIS2_PLACEMENT_3D('',#3362,#3363,#3364);
#3362 = CARTESIAN_POINT('',(0.,0.,964.654));
#3363 = DIRECTION('',(0.,0.,1.));
#3364 = DIRECTION('',(1.,0.,0.));
#3365 = DEFINITIONAL_REPRESENTATION('',(#3366),#3370);
#3366 = LINE('',#3367,#3368);
#3367 = CARTESIAN_POINT('',(0.,0.));
#3368 = VECTOR('',#3369,1.);
#3369 = DIRECTION('',(1.,0.));
#3370 = ( GEOMETRIC_REPRESENTATION_CONTEXT(2) 
PARAMETRIC_REPRESENTATION_CONTEXT() REPRESENTATION_CONTEXT('2D SPACE',''
  ) );
#3371 = ORIENTED_EDGE('',*,*,#3322,.F.);
#3372 = ADVANCED_FACE('',(#3373),#3360,.T.);
#3373 = FACE_BOUND('',#3374,.T.);
#3374 = EDGE_LOOP('',(#3375,#3376,#3399,#3429));
#3375 = ORIENTED_EDGE('',*,*,#3345,.T.);
#3376 = ORIENTED_EDGE('',*,*,#3377,.T.);
#3377 = EDGE_CURVE('',#3323,#3378,#3380,.T.);
#3378 = VERTEX_POINT('',#3379);
#3379 = CARTESIAN_POINT('',(52.99796217681,0.,969.217));
#3380 = SEAM_CURVE('',#3381,(#3385,#3392),.PCURVE_S1.);
#3381 = LINE('',#3382,#3383);
#3382 = CARTESIAN_POINT('',(52.991884347427,0.,964.654));
#3383 = VECTOR('',#3384,1.);
#3384 = DIRECTION('',(1.331979835876E-03,0.,0.999999112914));
#3385 = PCURVE('',#3360,#3386);
#3386 = DEFINITIONAL_REPRESENTATION('',(#3387),#3391);
#3387 = LINE('',#3388,#3389);
#3388 = CARTESIAN_POINT('',(6.28318530718,0.));
#3389 = VECTOR('',#3390,1.);
#3390 = DIRECTION('',(0.,1.));
#3391 = ( GEOMETRIC_REPRESENTATION_CONTEXT(2) 
PARAMETRIC_REPRESENTATION_CONTEXT() REPRESENTATION_CONTEXT('2D SPACE',''
  ) );
#3392 = PCURVE('',#3360,#3393);
#3393 = DEFINITIONAL_REPRESENTATION('',(#3394),#3398);
#3394 = LINE('',#3395,#3396);
#3395 = CARTESIAN_POINT('',(4.138911435803E-13,0.));
#3396 = VECTOR('',#3397,1.);
#3397 = DIRECTION('',(0.,1.));
#3398 = ( GEOMETRIC_REPRESENTATION_CONTEXT(2) 
PARAMETRIC_REPRESENTATION_CONTEXT() REPRESENTATION_CONTEXT('2D SPACE',''
  ) );
#3399 = ORIENTED_EDGE('',*,*,#3400,.F.);
#3400 = EDGE_CURVE('',#3378,#3378,#3401,.T.);
#3401 = SURFACE_CURVE('',#3402,(#3407,#3414),.PCURVE_S1.);
#3402 = CIRCLE('',#3403,52.99796217681);
#3403 = AXIS2_PLACEMENT_3D('',#3404,#3405,#3406);
#3404 = CARTESIAN_POINT('',(0.,0.,969.217));
#3405 = DIRECTION('',(0.,0.,1.));
#3406 = DIRECTION('',(1.,0.,0.));
#3407 = PCURVE('',#3360,#3408);
#3408 = DEFINITIONAL_REPRESENTATION('',(#3409),#3413);
#3409 = LINE('',#3410,#3411);
#3410 = CARTESIAN_POINT('',(0.,4.563));
#3411 = VECTOR('',#3412,1.);
#3412 = DIRECTION('',(1.,0.));
#3413 = ( GEOMETRIC_REPRESENTATION_CONTEXT(2) 
PARAMETRIC_REPRESENTATION_CONTEXT() REPRESENTATION_CONTEXT('2D SPACE',''
  ) );
#3414 = PCURVE('',#3415,#3423);
#3415 = SURFACE_OF_REVOLUTION('',#3416,#3420);
#3416 = LINE('',#3417,#3418);
#3417 = CARTESIAN_POINT('',(52.99796217681,0.,969.217));
#3418 = VECTOR('',#3419,1.);
#3419 = DIRECTION('',(4.465971919207E-04,0.,0.999999900275));
#3420 = AXIS1_PLACEMENT('',#3421,#3422);
#3421 = CARTESIAN_POINT('',(0.,0.,700.));
#3422 = DIRECTION('',(0.,0.,1.));
#3423 = DEFINITIONAL_REPRESENTATION('',(#3424),#3428);
#3424 = LINE('',#3425,#3426);
#3425 = CARTESIAN_POINT('',(0.,0.));
#3426 = VECTOR('',#3427,1.);
#3427 = DIRECTION('',(1.,0.));
#3428 = ( GEOMETRIC_REPRESENTATION_CONTEXT(2) 
PARAMETRIC_REPRESENTATION_CONTEXT() REPRESENTATION_CONTEXT('2D SPACE',''
  ) );
#3429 = ORIENTED_EDGE('',*,*,#3377,.F.);
#3430 = ADVANCED_FACE('',(#3431),#3415,.T.);
#3431 = FACE_BOUND('',#3432,.T.);
#3432 = EDGE_LOOP('',(#3433,#3434,#3457,#3484));
#3433 = ORIENTED_EDGE('',*,*,#3400,.T.);
#3434 = ORIENTED_EDGE('',*,*,#3435,.T.);
#3435 = EDGE_CURVE('',#3378,#3436,#3438,.T.);
#3436 = VERTEX_POINT('',#3437);
#3437 = CARTESIAN_POINT('',(53.,0.,973.78));
#3438 = SEAM_CURVE('',#3439,(#3443,#3450),.PCURVE_S1.);
#3439 = LINE('',#3440,#3441);
#3440 = CARTESIAN_POINT('',(52.99796217681,0.,969.217));
#3441 = VECTOR('',#3442,1.);
#3442 = DIRECTION('',(4.465971919207E-04,0.,0.999999900275));
#3443 = PCURVE('',#3415,#3444);
#3444 = DEFINITIONAL_REPRESENTATION('',(#3445),#3449);
#3445 = LINE('',#3446,#3447);
#3446 = CARTESIAN_POINT('',(6.28318530718,0.));
#3447 = VECTOR('',#3448,1.);
#3448 = DIRECTION('',(0.,1.));
#3449 = ( GEOMETRIC_REPRESENTATION_CONTEXT(2) 
PARAMETRIC_REPRESENTATION_CONTEXT() REPRESENTATION_CONTEXT('2D SPACE',''
  ) );
#3450 = PCURVE('',#3415,#3451);
#3451 = DEFINITIONAL_REPRESENTATION('',(#3452),#3456);
#3452 = LINE('',#3453,#3454);
#3453 = CARTESIAN_POINT('',(4.138911435803E-13,0.));
#3454 = VECTOR('',#3455,1.);
#3455 = DIRECTION('',(0.,1.));
#3456 = ( GEOMETRIC_REPRESENTATION_CONTEXT(2) 
PARAMETRIC_REPRESENTATION_CONTEXT() REPRESENTATION_CONTEXT('2D SPACE',''
  ) );
#3457 = ORIENTED_EDGE('',*,*,#3458,.F.);
#3458 = EDGE_CURVE('',#3436,#3436,#3459,.T.);
#3459 = SURFACE_CURVE('',#3460,(#3465,#3472),.PCURVE_S1.);
#3460 = CIRCLE('',#3461,53.);
#3461 = AXIS2_PLACEMENT_3D('',#3462,#3463,#3464);
#3462 = CARTESIAN_POINT('',(0.,0.,973.78));
#3463 = DIRECTION('',(0.,0.,1.));
#3464 = DIRECTION('',(1.,0.,0.));
#3465 = PCURVE('',#3415,#3466);
#3466 = DEFINITIONAL_REPRESENTATION('',(#3467),#3471);
#3467 = LINE('',#3468,#3469);
#3468 = CARTESIAN_POINT('',(0.,4.563000455043));
#3469 = VECTOR('',#3470,1.);
#3470 = DIRECTION('',(1.,0.));
#3471 = ( GEOMETRIC_REPRESENTATION_CONTEXT(2) 
PARAMETRIC_REPRESENTATION_CONTEXT() REPRESENTATION_CONTEXT('2D SPACE',''
  ) );
#3472 = PCURVE('',#3473,#3478);
#3473 = CYLINDRICAL_SURFACE('',#3474,53.);
#3474 = AXIS2_PLACEMENT_3D('',#3475,#3476,#3477);
#3475 = CARTESIAN_POINT('',(0.,0.,973.78));
#3476 = DIRECTION('',(0.,0.,1.));
#3477 = DIRECTION('',(1.,0.,0.));
#3478 = DEFINITIONAL_REPRESENTATION('',(#3479),#3483);
#3479 = LINE('',#3480,#3481);
#3480 = CARTESIAN_POINT('',(0.,0.));
#3481 = VECTOR('',#3482,1.);
#3482 = DIRECTION('',(1.,0.));
#3483 = ( GEOMETRIC_REPRESENTATION_CONTEXT(2) 
PARAMETRIC_REPRESENTATION_CONTEXT() REPRESENTATION_CONTEXT('2D SPACE',''
  ) );
#3484 = ORIENTED_EDGE('',*,*,#3435,.F.);
#3485 = ADVANCED_FACE('',(#3486,#4576),#3473,.T.);
#3486 = FACE_BOUND('',#3487,.T.);
#3487 = EDGE_LOOP('',(#3488,#3489,#3512,#3789,#4030,#4053,#4080,#4081,
    #4305,#4575));
#3488 = ORIENTED_EDGE('',*,*,#3458,.T.);
#3489 = ORIENTED_EDGE('',*,*,#3490,.T.);
#3490 = EDGE_CURVE('',#3436,#3491,#3493,.T.);
#3491 = VERTEX_POINT('',#3492);
#3492 = CARTESIAN_POINT('',(53.,0.,982.78));
#3493 = SEAM_CURVE('',#3494,(#3498,#3505),.PCURVE_S1.);
#3494 = LINE('',#3495,#3496);
#3495 = CARTESIAN_POINT('',(53.,0.,973.78));
#3496 = VECTOR('',#3497,1.);
#3497 = DIRECTION('',(0.,0.,1.));
#3498 = PCURVE('',#3473,#3499);
#3499 = DEFINITIONAL_REPRESENTATION('',(#3500),#3504);
#3500 = LINE('',#3501,#3502);
#3501 = CARTESIAN_POINT('',(6.28318530718,0.));
#3502 = VECTOR('',#3503,1.);
#3503 = DIRECTION('',(0.,1.));
#3504 = ( GEOMETRIC_REPRESENTATION_CONTEXT(2) 
PARAMETRIC_REPRESENTATION_CONTEXT() REPRESENTATION_CONTEXT('2D SPACE',''
  ) );
#3505 = PCURVE('',#3473,#3506);
#3506 = DEFINITIONAL_REPRESENTATION('',(#3507),#3511);
#3507 = LINE('',#3508,#3509);
#3508 = CARTESIAN_POINT('',(4.138911435803E-13,0.));
#3509 = VECTOR('',#3510,1.);
#3510 = DIRECTION('',(0.,1.));
#3511 = ( GEOMETRIC_REPRESENTATION_CONTEXT(2) 
PARAMETRIC_REPRESENTATION_CONTEXT() REPRESENTATION_CONTEXT('2D SPACE',''
  ) );
#3512 = ORIENTED_EDGE('',*,*,#3513,.F.);
#3513 = EDGE_CURVE('',#3514,#3491,#3516,.T.);
#3514 = VERTEX_POINT('',#3515);
#3515 = CARTESIAN_POINT('',(43.692104549907,-30.,1.01278E+03));
#3516 = SURFACE_CURVE('',#3517,(#3604,#3694),.PCURVE_S1.);
#3517 = B_SPLINE_CURVE_WITH_KNOTS('',7,(#3518,#3519,#3520,#3521,#3522,
    #3523,#3524,#3525,#3526,#3527,#3528,#3529,#3530,#3531,#3532,#3533,
    #3534,#3535,#3536,#3537,#3538,#3539,#3540,#3541,#3542,#3543,#3544,
    #3545,#3546,#3547,#3548,#3549,#3550,#3551,#3552,#3553,#3554,#3555,
    #3556,#3557,#3558,#3559,#3560,#3561,#3562,#3563,#3564,#3565,#3566,
    #3567,#3568,#3569,#3570,#3571,#3572,#3573,#3574,#3575,#3576,#3577,
    #3578,#3579,#3580,#3581,#3582,#3583,#3584,#3585,#3586,#3587,#3588,
    #3589,#3590,#3591,#3592,#3593,#3594,#3595,#3596,#3597,#3598,#3599,
    #3600,#3601,#3602,#3603),.UNSPECIFIED.,.F.,.F.,(8,6,6,6,6,6,6,6,6,6,
    6,6,6,6,8),(0.,6.717130465549E-02,0.108699807513,0.160264652149,
    0.199605316554,0.229420247842,0.310672173255,0.402519959446,
    0.499868644206,0.597252661421,0.689076187523,0.839558406542,
    0.891001752467,0.932595544902,1.),.UNSPECIFIED.);
#3518 = CARTESIAN_POINT('',(53.,-3.552713678801E-15,1.04278E+03));
#3519 = CARTESIAN_POINT('',(53.,-1.136871914436,1.04278E+03));
#3520 = CARTESIAN_POINT('',(52.971549155762,-2.271901239904,
    1.042729736841E+03));
#3521 = CARTESIAN_POINT('',(52.914813862599,-3.399416926593,
    1.04262950449E+03));
#3522 = CARTESIAN_POINT('',(52.83071420636,-4.513779743115,
    1.042480567876E+03));
#3523 = CARTESIAN_POINT('',(52.720914982778,-5.609439877212,
    1.042285158772E+03));
#3524 = CARTESIAN_POINT('',(52.587775839125,-6.680992686789,
    1.042046494563E+03));
#3525 = CARTESIAN_POINT('',(52.339350060471,-8.367595004086,
    1.041597148158E+03));
#3526 = CARTESIAN_POINT('',(52.236568644375,-9.001313499918,
    1.041410416099E+03));
#3527 = CARTESIAN_POINT('',(52.126467359898,-9.623970052409,
    1.04120935421E+03));
#3528 = CARTESIAN_POINT('',(52.009615206077,-10.23517402627,
    1.040994707054E+03));
#3529 = CARTESIAN_POINT('',(51.886595392425,-10.83456211079,
    1.040767235102E+03));
#3530 = CARTESIAN_POINT('',(51.75800162038,-11.42179824325,
    1.040527716586E+03));
#3531 = CARTESIAN_POINT('',(51.458587432848,-12.71025682105,
    1.039965578296E+03));
#3532 = CARTESIAN_POINT('',(51.285040988529,-13.40486478623,
    1.039636805467E+03));
#3533 = CARTESIAN_POINT('',(51.104784309221,-14.08045862224,
    1.039291854425E+03));
#3534 = CARTESIAN_POINT('',(50.918763079773,-14.73713701603,
    1.038931868989E+03));
#3535 = CARTESIAN_POINT('',(50.727877006166,-15.37503579227,
    1.038557914324E+03));
#3536 = CARTESIAN_POINT('',(50.532977429218,-15.9943275584,
    1.038170978037E+03));
#3537 = CARTESIAN_POINT('',(50.183717832653,-17.05366471643,
    1.037467554749E+03));
#3538 = CARTESIAN_POINT('',(50.030678915745,-17.50146484065,
    1.037156068598E+03));
#3539 = CARTESIAN_POINT('',(49.876082960898,-17.93876867322,
    1.036837873212E+03));
#3540 = CARTESIAN_POINT('',(49.720247336055,-18.36572490332,
    1.036513299326E+03));
#3541 = CARTESIAN_POINT('',(49.563472500128,-18.78248404616,
    1.036182647859E+03));
#3542 = CARTESIAN_POINT('',(49.406042499342,-19.18919853098,
    1.035846189751E+03));
#3543 = CARTESIAN_POINT('',(49.128621380934,-19.88676219335,
    1.035244957657E+03));
#3544 = CARTESIAN_POINT('',(49.008795602484,-20.18181989119,
    1.034982553834E+03));
#3545 = CARTESIAN_POINT('',(48.888864829104,-20.47126224972,
    1.034717059393E+03));
#3546 = CARTESIAN_POINT('',(48.768942170303,-20.75515331518,
    1.034448572479E+03));
#3547 = CARTESIAN_POINT('',(48.649137144227,-21.03355481281,
    1.034177184317E+03));
#3548 = CARTESIAN_POINT('',(48.529555677663,-21.30652614682,
    1.03390297921E+03));
#3549 = CARTESIAN_POINT('',(48.085303723645,-22.30338562615,
    1.032871302401E+03));
#3550 = CARTESIAN_POINT('',(47.762660680689,-22.99289563031,
    1.032096066862E+03));
#3551 = CARTESIAN_POINT('',(47.444517402899,-23.64362809065,
    1.031302042184E+03));
#3552 = CARTESIAN_POINT('',(47.132851192499,-24.25647418396,
    1.03049062209E+03));
#3553 = CARTESIAN_POINT('',(46.829504183643,-24.83221621765,
    1.029662923055E+03));
#3554 = CARTESIAN_POINT('',(46.53621729785,-25.37150126127,
    1.028819827592E+03));
#3555 = CARTESIAN_POINT('',(45.93639446426,-26.44376415416,
    1.026992363923E+03));
#3556 = CARTESIAN_POINT('',(45.63305234711,-26.96686643423,
    1.026003709519E+03));
#3557 = CARTESIAN_POINT('',(45.34732896756,-27.44431325902,
    1.024997858215E+03));
#3558 = CARTESIAN_POINT('',(45.081738597156,-27.87625510223,
    1.023976406612E+03));
#3559 = CARTESIAN_POINT('',(44.838599222537,-28.26276828596,
    1.022940776694E+03));
#3560 = CARTESIAN_POINT('',(44.620013108551,-28.60382199627,
    1.021892238495E+03));
#3561 = CARTESIAN_POINT('',(44.224172525871,-29.21236193581,
    1.01970812376E+03));
#3562 = CARTESIAN_POINT('',(44.050172528904,-29.47422573655,
    1.018571068599E+03));
#3563 = CARTESIAN_POINT('',(43.90833088652,-29.68422928752,
    1.017423557203E+03));
#3564 = CARTESIAN_POINT('',(43.800590023194,-29.84200140491,
    1.01626821697E+03));
#3565 = CARTESIAN_POINT('',(43.728283803347,-29.94730839639,
    1.015107557308E+03));
#3566 = CARTESIAN_POINT('',(43.692104549907,-30.,1.013944014946E+03));
#3567 = CARTESIAN_POINT('',(43.692104549907,-30.,1.011615562577E+03));
#3568 = CARTESIAN_POINT('',(43.728310070304,-29.94727014109,
    1.01045159829E+03));
#3569 = CARTESIAN_POINT('',(43.800668744506,-29.84188675492,
    1.009290519735E+03));
#3570 = CARTESIAN_POINT('',(43.908487265624,-29.68400029031,
    1.008134766186E+03));
#3571 = CARTESIAN_POINT('',(44.050429873698,-29.47384472294,
    1.006986849738E+03));
#3572 = CARTESIAN_POINT('',(44.224551403846,-29.21179173422,
    1.00584940069E+03));
#3573 = CARTESIAN_POINT('',(44.620540921684,-28.60299897888,
    1.003665213207E+03));
#3574 = CARTESIAN_POINT('',(44.839120275497,-28.2619415344,
    1.002616975103E+03));
#3575 = CARTESIAN_POINT('',(45.082237034119,-27.87544777853,
    1.001581638983E+03));
#3576 = CARTESIAN_POINT('',(45.347790179039,-27.44354847804,
    1.000560475132E+03));
#3577 = CARTESIAN_POINT('',(45.633463062931,-26.96616765893,
    999.55490557995));
#3578 = CARTESIAN_POINT('',(45.936742876667,-26.44315555121,
    998.56652670813));
#3579 = CARTESIAN_POINT('',(46.77640807496,-24.94210504389,
    996.00846830381));
#3580 = CARTESIAN_POINT('',(47.337493830927,-23.88761950664,
    994.47214782332));
#3581 = CARTESIAN_POINT('',(47.927908701723,-22.70740076666,
    992.99080014999));
#3582 = CARTESIAN_POINT('',(48.536747140529,-21.39565114885,
    991.56995411011));
#3583 = CARTESIAN_POINT('',(49.151554748905,-19.94501627084,
    990.21888559953));
#3584 = CARTESIAN_POINT('',(49.757122796178,-18.34749887146,
    988.95163897939));
#3585 = CARTESIAN_POINT('',(50.532110424756,-15.99698071925,
    987.39076347813));
#3586 = CARTESIAN_POINT('',(50.726358418401,-15.37988237229,
    987.00509716332));
#3587 = CARTESIAN_POINT('',(50.916623388923,-14.74430540551,
    986.63232052316));
#3588 = CARTESIAN_POINT('',(51.102063107058,-14.09007822377,
    986.2734103472));
#3589 = CARTESIAN_POINT('',(51.281787586859,-13.41706544512,
    985.9294200365));
#3590 = CARTESIAN_POINT('',(51.454861417954,-12.72516824754,
    985.60148067352));
#3591 = CARTESIAN_POINT('',(51.754074062305,-11.4395821946,
    985.0396073027));
#3592 = CARTESIAN_POINT('',(51.882875901069,-10.85236236753,
    984.79965667472));
#3593 = CARTESIAN_POINT('',(52.006110542019,-10.252972866,984.5717487486
    ));
#3594 = CARTESIAN_POINT('',(52.123183554453,-9.641748538621,
    984.35666260984));
#3595 = CARTESIAN_POINT('',(52.233510870493,-9.019051526579,
    984.15515973916));
#3596 = CARTESIAN_POINT('',(52.336522506554,-8.385271339305,
    983.96798586273));
#3597 = CARTESIAN_POINT('',(52.585850699201,-6.696472960545,
    983.51695649403));
#3598 = CARTESIAN_POINT('',(52.719592189036,-5.622624898461,
    983.27719545862));
#3599 = CARTESIAN_POINT('',(52.829902634736,-4.524514009796,
    983.0808694116));
#3600 = CARTESIAN_POINT('',(52.914402145714,-3.4075749764,
    982.93122287672));
#3601 = CARTESIAN_POINT('',(52.971410964019,-2.277389423694,
    982.83050729784));
#3602 = CARTESIAN_POINT('',(53.,-1.139629570347,982.78));
#3603 = CARTESIAN_POINT('',(53.,-7.105427357601E-15,982.78));
#3604 = PCURVE('',#3473,#3605);
#3605 = DEFINITIONAL_REPRESENTATION('',(#3606),#3693);
#3606 = B_SPLINE_CURVE_WITH_KNOTS('',7,(#3607,#3608,#3609,#3610,#3611,
    #3612,#3613,#3614,#3615,#3616,#3617,#3618,#3619,#3620,#3621,#3622,
    #3623,#3624,#3625,#3626,#3627,#3628,#3629,#3630,#3631,#3632,#3633,
    #3634,#3635,#3636,#3637,#3638,#3639,#3640,#3641,#3642,#3643,#3644,
    #3645,#3646,#3647,#3648,#3649,#3650,#3651,#3652,#3653,#3654,#3655,
    #3656,#3657,#3658,#3659,#3660,#3661,#3662,#3663,#3664,#3665,#3666,
    #3667,#3668,#3669,#3670,#3671,#3672,#3673,#3674,#3675,#3676,#3677,
    #3678,#3679,#3680,#3681,#3682,#3683,#3684,#3685,#3686,#3687,#3688,
    #3689,#3690,#3691,#3692),.UNSPECIFIED.,.F.,.F.,(8,6,6,6,6,6,6,6,6,6,
    6,6,6,6,8),(0.,6.717130465549E-02,0.108699807513,0.160264652149,
    0.199605316554,0.229420247842,0.310672173255,0.402519959446,
    0.499868644206,0.597252661421,0.689076187523,0.839558406542,
    0.891001752467,0.932595544902,1.),.UNSPECIFIED.);
#3607 = CARTESIAN_POINT('',(6.28318530718,69.));
#3608 = CARTESIAN_POINT('',(6.2617348937,69.));
#3609 = CARTESIAN_POINT('',(6.240319242529,68.949736840822));
#3610 = CARTESIAN_POINT('',(6.2190292528,68.849504490026));
#3611 = CARTESIAN_POINT('',(6.197955396879,68.70056787591));
#3612 = CARTESIAN_POINT('',(6.177188526719,68.505158772344));
#3613 = CARTESIAN_POINT('',(6.156820299238,68.266494562663));
#3614 = CARTESIAN_POINT('',(6.124654263139,67.817148157563));
#3615 = CARTESIAN_POINT('',(6.112542350292,67.630416099159));
#3616 = CARTESIAN_POINT('',(6.100613766174,67.429354210369));
#3617 = CARTESIAN_POINT('',(6.088874732755,67.214707053758));
#3618 = CARTESIAN_POINT('',(6.077331402374,66.987235101581));
#3619 = CARTESIAN_POINT('',(6.065989850148,66.747716585888));
#3620 = CARTESIAN_POINT('',(6.041031541285,66.185578296431));
#3621 = CARTESIAN_POINT('',(6.027524703583,65.856805466949));
#3622 = CARTESIAN_POINT('',(6.014334339715,65.511854425344));
#3623 = CARTESIAN_POINT('',(6.001459249836,65.151868989127));
#3624 = CARTESIAN_POINT('',(5.988898141538,64.777914323617));
#3625 = CARTESIAN_POINT('',(5.976649523578,64.390978037423));
#3626 = CARTESIAN_POINT('',(5.955603730382,63.687554748961));
#3627 = CARTESIAN_POINT('',(5.94667540209,63.376068598107));
#3628 = CARTESIAN_POINT('',(5.937924726224,63.05787321215));
#3629 = CARTESIAN_POINT('',(5.929349897055,62.733299325866));
#3630 = CARTESIAN_POINT('',(5.920949168964,62.402647858564));
#3631 = CARTESIAN_POINT('',(5.91272083378,62.066189750645));
#3632 = CARTESIAN_POINT('',(5.89855659424,61.464957656675));
#3633 = CARTESIAN_POINT('',(5.892548055571,61.202553833551));
#3634 = CARTESIAN_POINT('',(5.886636866074,60.937059393303));
#3635 = CARTESIAN_POINT('',(5.880822371714,60.668572479483));
#3636 = CARTESIAN_POINT('',(5.875103980455,60.397184316674));
#3637 = CARTESIAN_POINT('',(5.869481162259,60.122979210481));
#3638 = CARTESIAN_POINT('',(5.848889274228,59.091302400789));
#3639 = CARTESIAN_POINT('',(5.834528236375,58.316066861594));
#3640 = CARTESIAN_POINT('',(5.820864496063,57.522042184271));
#3641 = CARTESIAN_POINT('',(5.807894592268,56.71062209049));
#3642 = CARTESIAN_POINT('',(5.795617710335,55.882923055082));
#3643 = CARTESIAN_POINT('',(5.784035949907,55.03982759183));
#3644 = CARTESIAN_POINT('',(5.760854225179,53.212363923023));
#3645 = CARTESIAN_POINT('',(5.749446303728,52.223709519251));
#3646 = CARTESIAN_POINT('',(5.738949435207,51.217858214684));
#3647 = CARTESIAN_POINT('',(5.72938323306,50.196406611635));
#3648 = CARTESIAN_POINT('',(5.720768113974,49.160776694243));
#3649 = CARTESIAN_POINT('',(5.713125094369,48.112238494726));
#3650 = CARTESIAN_POINT('',(5.699427830701,45.928123759576));
#3651 = CARTESIAN_POINT('',(5.693496001426,44.791068598911));
#3652 = CARTESIAN_POINT('',(5.688714674589,43.643557203355));
#3653 = CARTESIAN_POINT('',(5.685109973724,42.488216969908));
#3654 = CARTESIAN_POINT('',(5.682699761928,41.327557308242));
#3655 = CARTESIAN_POINT('',(5.681493788139,40.164014946286));
#3656 = CARTESIAN_POINT('',(5.681493788139,37.835562577468));
#3657 = CARTESIAN_POINT('',(5.68270063749,36.671598289959));
#3658 = CARTESIAN_POINT('',(5.685112597776,35.510519734842));
#3659 = CARTESIAN_POINT('',(5.688719906601,34.354766185642));
#3660 = CARTESIAN_POINT('',(5.693504676263,33.206849738122));
#3661 = CARTESIAN_POINT('',(5.699440747081,32.069400689689));
#3662 = CARTESIAN_POINT('',(5.713143541609,29.885213206977));
#3663 = CARTESIAN_POINT('',(5.720786551711,28.836975102629));
#3664 = CARTESIAN_POINT('',(5.729401133266,27.801638982769));
#3665 = CARTESIAN_POINT('',(5.738966283976,26.780475131819));
#3666 = CARTESIAN_POINT('',(5.749461595312,25.774905579954));
#3667 = CARTESIAN_POINT('',(5.760867456161,24.786526708133));
#3668 = CARTESIAN_POINT('',(5.793319135993,22.228468303813));
#3669 = CARTESIAN_POINT('',(5.815851312195,20.692147823324));
#3670 = CARTESIAN_POINT('',(5.84073741626,19.210800149991));
#3671 = CARTESIAN_POINT('',(5.868000075035,17.78995411012));
#3672 = CARTESIAN_POINT('',(5.897695291177,16.438885599537));
#3673 = CARTESIAN_POINT('',(5.929899064484,15.171638979392));
#3674 = CARTESIAN_POINT('',(5.976596859064,13.610763478132));
#3675 = CARTESIAN_POINT('',(5.988802321446,13.225097163322));
#3676 = CARTESIAN_POINT('',(6.001318122939,12.852320523168));
#3677 = CARTESIAN_POINT('',(6.014145752841,12.493410347203));
#3678 = CARTESIAN_POINT('',(6.027286504932,12.149420036502));
#3679 = CARTESIAN_POINT('',(6.040741581984,11.821480673521));
#3680 = CARTESIAN_POINT('',(6.065646239668,11.259607302701));
#3681 = CARTESIAN_POINT('',(6.076988331788,11.019656674726));
#3682 = CARTESIAN_POINT('',(6.088532503711,10.791748748601));
#3683 = CARTESIAN_POINT('',(6.100272696951,10.576662609842));
#3684 = CARTESIAN_POINT('',(6.11220277527,10.37515973916));
#3685 = CARTESIAN_POINT('',(6.124316532494,10.187985862733));
#3686 = CARTESIAN_POINT('',(6.156526044387,9.736956494032));
#3687 = CARTESIAN_POINT('',(6.176938618258,9.497195458628));
#3688 = CARTESIAN_POINT('',(6.197752397689,9.3008694116));
#3689 = CARTESIAN_POINT('',(6.218875209857,9.151222876721));
#3690 = CARTESIAN_POINT('',(6.240215691852,9.050507297843));
#3691 = CARTESIAN_POINT('',(6.261682862456,9.));
#3692 = CARTESIAN_POINT('',(6.28318530718,9.));
#3693 = ( GEOMETRIC_REPRESENTATION_CONTEXT(2) 
PARAMETRIC_REPRESENTATION_CONTEXT() REPRESENTATION_CONTEXT('2D SPACE',''
  ) );
#3694 = PCURVE('',#3695,#3700);
#3695 = CYLINDRICAL_SURFACE('',#3696,30.);
#3696 = AXIS2_PLACEMENT_3D('',#3697,#3698,#3699);
#3697 = CARTESIAN_POINT('',(43.692104549907,0.,1.01278E+03));
#3698 = DIRECTION('',(1.,0.,0.));
#3699 = DIRECTION('',(0.,0.,1.));
#3700 = DEFINITIONAL_REPRESENTATION('',(#3701),#3788);
#3701 = B_SPLINE_CURVE_WITH_KNOTS('',7,(#3702,#3703,#3704,#3705,#3706,
    #3707,#3708,#3709,#3710,#3711,#3712,#3713,#3714,#3715,#3716,#3717,
    #3718,#3719,#3720,#3721,#3722,#3723,#3724,#3725,#3726,#3727,#3728,
    #3729,#3730,#3731,#3732,#3733,#3734,#3735,#3736,#3737,#3738,#3739,
    #3740,#3741,#3742,#3743,#3744,#3745,#3746,#3747,#3748,#3749,#3750,
    #3751,#3752,#3753,#3754,#3755,#3756,#3757,#3758,#3759,#3760,#3761,
    #3762,#3763,#3764,#3765,#3766,#3767,#3768,#3769,#3770,#3771,#3772,
    #3773,#3774,#3775,#3776,#3777,#3778,#3779,#3780,#3781,#3782,#3783,
    #3784,#3785,#3786,#3787),.UNSPECIFIED.,.F.,.F.,(8,6,6,6,6,6,6,6,6,6,
    6,6,6,6,8),(0.,6.717130465549E-02,0.108699807513,0.160264652149,
    0.199605316554,0.229420247842,0.310672173255,0.402519959446,
    0.499868644206,0.597252661421,0.689076187523,0.839558406542,
    0.891001752467,0.932595544902,1.),.UNSPECIFIED.);
#3702 = CARTESIAN_POINT('',(0.,9.307895450093));
#3703 = CARTESIAN_POINT('',(3.78957304812E-02,9.307895450093));
#3704 = CARTESIAN_POINT('',(7.573003965715E-02,9.279444605855));
#3705 = CARTESIAN_POINT('',(0.113402791013,9.222709312692));
#3706 = CARTESIAN_POINT('',(0.150813574693,9.138609656453));
#3707 = CARTESIAN_POINT('',(0.187857358363,9.028810432871));
#3708 = CARTESIAN_POINT('',(0.224419924253,8.895671289218));
#3709 = CARTESIAN_POINT('',(0.282601054913,8.647245510564));
#3710 = CARTESIAN_POINT('',(0.304615419454,8.544464094468));
#3711 = CARTESIAN_POINT('',(0.326414383331,8.434362809991));
#3712 = CARTESIAN_POINT('',(0.347995370408,8.31751065617));
#3713 = CARTESIAN_POINT('',(0.369354989294,8.194490842518));
#3714 = CARTESIAN_POINT('',(0.390488991575,8.065897070473));
#3715 = CARTESIAN_POINT('',(0.437347228882,7.766482882941));
#3716 = CARTESIAN_POINT('',(0.462951399103,7.592936438622));
#3717 = CARTESIAN_POINT('',(0.488218833903,7.412679759314));
#3718 = CARTESIAN_POINT('',(0.513162421752,7.226658529866));
#3719 = CARTESIAN_POINT('',(0.5377942559,7.035772456259));
#3720 = CARTESIAN_POINT('',(0.562126043892,6.840872879311));
#3721 = CARTESIAN_POINT('',(0.604513142783,6.491613282747));
#3722 = CARTESIAN_POINT('',(0.622691576354,6.338574365838));
#3723 = CARTESIAN_POINT('',(0.640712331486,6.183978410991));
#3724 = CARTESIAN_POINT('',(0.658582707888,6.028142786148));
#3725 = CARTESIAN_POINT('',(0.676309908349,5.871367950221));
#3726 = CARTESIAN_POINT('',(0.693901155798,5.713937949435));
#3727 = CARTESIAN_POINT('',(0.724598153368,5.436516831027));
#3728 = CARTESIAN_POINT('',(0.737758595039,5.316691052577));
#3729 = CARTESIAN_POINT('',(0.750848283213,5.196760279198));
#3730 = CARTESIAN_POINT('',(0.763870302596,5.076837620396));
#3731 = CARTESIAN_POINT('',(0.776827674775,4.95703259432));
#3732 = CARTESIAN_POINT('',(0.789723358218,4.837451127756));
#3733 = CARTESIAN_POINT('',(0.837543459305,4.393199173738));
#3734 = CARTESIAN_POINT('',(0.872097464132,4.070556130782));
#3735 = CARTESIAN_POINT('',(0.906273531322,3.752412852992));
#3736 = CARTESIAN_POINT('',(0.940121262032,3.440746642592));
#3737 = CARTESIAN_POINT('',(0.97368914174,3.137399633736));
#3738 = CARTESIAN_POINT('',(1.007025091995,2.844112747943));
#3739 = CARTESIAN_POINT('',(1.077652212788,2.244289914353));
#3740 = CARTESIAN_POINT('',(1.114899984679,1.940947797203));
#3741 = CARTESIAN_POINT('',(1.151957990259,1.655224417653));
#3742 = CARTESIAN_POINT('',(1.188864106357,1.389634047249));
#3743 = CARTESIAN_POINT('',(1.225657086554,1.14649467263));
#3744 = CARTESIAN_POINT('',(1.262377213531,0.927908558644));
#3745 = CARTESIAN_POINT('',(1.337954091494,0.532067975964));
#3746 = CARTESIAN_POINT('',(1.376808025286,0.358067978997));
#3747 = CARTESIAN_POINT('',(1.415629815502,0.216226336613));
#3748 = CARTESIAN_POINT('',(1.454427003261,0.108485473287));
#3749 = CARTESIAN_POINT('',(1.493211089849,3.617925343964E-02));
#3750 = CARTESIAN_POINT('',(1.531995828585,-1.416191542081E-14));
#3751 = CARTESIAN_POINT('',(1.609610907546,-1.425981177199E-14));
#3752 = CARTESIAN_POINT('',(1.648409710455,3.620552039749E-02));
#3753 = CARTESIAN_POINT('',(1.687207864128,0.108564194599));
#3754 = CARTESIAN_POINT('',(1.726019140115,0.216382715717));
#3755 = CARTESIAN_POINT('',(1.764855053911,0.358325323791));
#3756 = CARTESIAN_POINT('',(1.803723153876,0.532446853939));
#3757 = CARTESIAN_POINT('',(1.879304629991,0.928436371777));
#3758 = CARTESIAN_POINT('',(1.916015309392,1.147015725591));
#3759 = CARTESIAN_POINT('',(1.952798929362,1.390132484212));
#3760 = CARTESIAN_POINT('',(1.989695705261,1.655685629132));
#3761 = CARTESIAN_POINT('',(2.026744325348,1.941358513024));
#3762 = CARTESIAN_POINT('',(2.063982601382,2.24463832676));
#3763 = CARTESIAN_POINT('',(2.16284735426,3.084303525053));
#3764 = CARTESIAN_POINT('',(2.224804412626,3.64538928102));
#3765 = CARTESIAN_POINT('',(2.287680289537,4.235804151816));
#3766 = CARTESIAN_POINT('',(2.351822505928,4.844642590622));
#3767 = CARTESIAN_POINT('',(2.417580115375,5.459450198998));
#3768 = CARTESIAN_POINT('',(2.485308426182,6.065018246271));
#3769 = CARTESIAN_POINT('',(2.57936082242,6.840005874849));
#3770 = CARTESIAN_POINT('',(2.603608268922,7.034253868494));
#3771 = CARTESIAN_POINT('',(2.628153642578,7.224518839016));
#3772 = CARTESIAN_POINT('',(2.653008555951,7.409958557151));
#3773 = CARTESIAN_POINT('',(2.678185000607,7.589683036952));
#3774 = CARTESIAN_POINT('',(2.703695750172,7.762756868047));
#3775 = CARTESIAN_POINT('',(2.750462704131,8.061969512398));
#3776 = CARTESIAN_POINT('',(2.771601643175,8.190771351162));
#3777 = CARTESIAN_POINT('',(2.792966459552,8.314005992112));
#3778 = CARTESIAN_POINT('',(2.814552930282,8.431079004546));
#3779 = CARTESIAN_POINT('',(2.836357689302,8.541406320586));
#3780 = CARTESIAN_POINT('',(2.858378186399,8.644417956648));
#3781 = CARTESIAN_POINT('',(2.916644504624,8.893746149294));
#3782 = CARTESIAN_POINT('',(2.953289499853,9.027487639129));
#3783 = CARTESIAN_POINT('',(2.990418701986,9.137798084829));
#3784 = CARTESIAN_POINT('',(3.027917279089,9.222297595807));
#3785 = CARTESIAN_POINT('',(3.065679674496,9.279306414112));
#3786 = CARTESIAN_POINT('',(3.103605001245,9.307895450093));
#3787 = CARTESIAN_POINT('',(3.14159265359,9.307895450093));
#3788 = ( GEOMETRIC_REPRESENTATION_CONTEXT(2) 
PARAMETRIC_REPRESENTATION_CONTEXT() REPRESENTATION_CONTEXT('2D SPACE',''
  ) );
#3789 = ORIENTED_EDGE('',*,*,#3790,.F.);
#3790 = EDGE_CURVE('',#3791,#3514,#3793,.T.);
#3791 = VERTEX_POINT('',#3792);
#3792 = CARTESIAN_POINT('',(53.,3.673940397442E-15,1.04278E+03));
#3793 = SURFACE_CURVE('',#3794,(#3881,#3971),.PCURVE_S1.);
#3794 = B_SPLINE_CURVE_WITH_KNOTS('',7,(#3795,#3796,#3797,#3798,#3799,
    #3800,#3801,#3802,#3803,#3804,#3805,#3806,#3807,#3808,#3809,#3810,
    #3811,#3812,#3813,#3814,#3815,#3816,#3817,#3818,#3819,#3820,#3821,
    #3822,#3823,#3824,#3825,#3826,#3827,#3828,#3829,#3830,#3831,#3832,
    #3833,#3834,#3835,#3836,#3837,#3838,#3839,#3840,#3841,#3842,#3843,
    #3844,#3845,#3846,#3847,#3848,#3849,#3850,#3851,#3852,#3853,#3854,
    #3855,#3856,#3857,#3858,#3859,#3860,#3861,#3862,#3863,#3864,#3865,
    #3866,#3867,#3868,#3869,#3870,#3871,#3872,#3873,#3874,#3875,#3876,
    #3877,#3878,#3879,#3880),.UNSPECIFIED.,.F.,.F.,(8,6,6,6,6,6,6,6,6,6,
    6,6,6,6,8),(0.,6.717130465549E-02,0.108699807513,0.160264652149,
    0.199605316554,0.229420247842,0.310672173255,0.402519959446,
    0.499868644206,0.597252661421,0.689076187523,0.839558406542,
    0.891001752467,0.932595544902,1.),.UNSPECIFIED.);
#3795 = CARTESIAN_POINT('',(53.,-3.552713678801E-15,1.04278E+03));
#3796 = CARTESIAN_POINT('',(53.,-1.136871914436,1.04278E+03));
#3797 = CARTESIAN_POINT('',(52.971549155762,-2.271901239904,
    1.042729736841E+03));
#3798 = CARTESIAN_POINT('',(52.914813862599,-3.399416926593,
    1.04262950449E+03));
#3799 = CARTESIAN_POINT('',(52.83071420636,-4.513779743115,
    1.042480567876E+03));
#3800 = CARTESIAN_POINT('',(52.720914982778,-5.609439877212,
    1.042285158772E+03));
#3801 = CARTESIAN_POINT('',(52.587775839125,-6.680992686789,
    1.042046494563E+03));
#3802 = CARTESIAN_POINT('',(52.339350060471,-8.367595004086,
    1.041597148158E+03));
#3803 = CARTESIAN_POINT('',(52.236568644375,-9.001313499918,
    1.041410416099E+03));
#3804 = CARTESIAN_POINT('',(52.126467359898,-9.623970052409,
    1.04120935421E+03));
#3805 = CARTESIAN_POINT('',(52.009615206077,-10.23517402627,
    1.040994707054E+03));
#3806 = CARTESIAN_POINT('',(51.886595392425,-10.83456211079,
    1.040767235102E+03));
#3807 = CARTESIAN_POINT('',(51.75800162038,-11.42179824325,
    1.040527716586E+03));
#3808 = CARTESIAN_POINT('',(51.458587432848,-12.71025682105,
    1.039965578296E+03));
#3809 = CARTESIAN_POINT('',(51.285040988529,-13.40486478623,
    1.039636805467E+03));
#3810 = CARTESIAN_POINT('',(51.104784309221,-14.08045862224,
    1.039291854425E+03));
#3811 = CARTESIAN_POINT('',(50.918763079773,-14.73713701603,
    1.038931868989E+03));
#3812 = CARTESIAN_POINT('',(50.727877006166,-15.37503579227,
    1.038557914324E+03));
#3813 = CARTESIAN_POINT('',(50.532977429218,-15.9943275584,
    1.038170978037E+03));
#3814 = CARTESIAN_POINT('',(50.183717832653,-17.05366471643,
    1.037467554749E+03));
#3815 = CARTESIAN_POINT('',(50.030678915745,-17.50146484065,
    1.037156068598E+03));
#3816 = CARTESIAN_POINT('',(49.876082960898,-17.93876867322,
    1.036837873212E+03));
#3817 = CARTESIAN_POINT('',(49.720247336055,-18.36572490332,
    1.036513299326E+03));
#3818 = CARTESIAN_POINT('',(49.563472500128,-18.78248404616,
    1.036182647859E+03));
#3819 = CARTESIAN_POINT('',(49.406042499342,-19.18919853098,
    1.035846189751E+03));
#3820 = CARTESIAN_POINT('',(49.128621380934,-19.88676219335,
    1.035244957657E+03));
#3821 = CARTESIAN_POINT('',(49.008795602484,-20.18181989119,
    1.034982553834E+03));
#3822 = CARTESIAN_POINT('',(48.888864829104,-20.47126224972,
    1.034717059393E+03));
#3823 = CARTESIAN_POINT('',(48.768942170303,-20.75515331518,
    1.034448572479E+03));
#3824 = CARTESIAN_POINT('',(48.649137144227,-21.03355481281,
    1.034177184317E+03));
#3825 = CARTESIAN_POINT('',(48.529555677663,-21.30652614682,
    1.03390297921E+03));
#3826 = CARTESIAN_POINT('',(48.085303723645,-22.30338562615,
    1.032871302401E+03));
#3827 = CARTESIAN_POINT('',(47.762660680689,-22.99289563031,
    1.032096066862E+03));
#3828 = CARTESIAN_POINT('',(47.444517402899,-23.64362809065,
    1.031302042184E+03));
#3829 = CARTESIAN_POINT('',(47.132851192499,-24.25647418396,
    1.03049062209E+03));
#3830 = CARTESIAN_POINT('',(46.829504183643,-24.83221621765,
    1.029662923055E+03));
#3831 = CARTESIAN_POINT('',(46.53621729785,-25.37150126127,
    1.028819827592E+03));
#3832 = CARTESIAN_POINT('',(45.93639446426,-26.44376415416,
    1.026992363923E+03));
#3833 = CARTESIAN_POINT('',(45.63305234711,-26.96686643423,
    1.026003709519E+03));
#3834 = CARTESIAN_POINT('',(45.34732896756,-27.44431325902,
    1.024997858215E+03));
#3835 = CARTESIAN_POINT('',(45.081738597156,-27.87625510223,
    1.023976406612E+03));
#3836 = CARTESIAN_POINT('',(44.838599222537,-28.26276828596,
    1.022940776694E+03));
#3837 = CARTESIAN_POINT('',(44.620013108551,-28.60382199627,
    1.021892238495E+03));
#3838 = CARTESIAN_POINT('',(44.224172525871,-29.21236193581,
    1.01970812376E+03));
#3839 = CARTESIAN_POINT('',(44.050172528904,-29.47422573655,
    1.018571068599E+03));
#3840 = CARTESIAN_POINT('',(43.90833088652,-29.68422928752,
    1.017423557203E+03));
#3841 = CARTESIAN_POINT('',(43.800590023194,-29.84200140491,
    1.01626821697E+03));
#3842 = CARTESIAN_POINT('',(43.728283803347,-29.94730839639,
    1.015107557308E+03));
#3843 = CARTESIAN_POINT('',(43.692104549907,-30.,1.013944014946E+03));
#3844 = CARTESIAN_POINT('',(43.692104549907,-30.,1.011615562577E+03));
#3845 = CARTESIAN_POINT('',(43.728310070304,-29.94727014109,
    1.01045159829E+03));
#3846 = CARTESIAN_POINT('',(43.800668744506,-29.84188675492,
    1.009290519735E+03));
#3847 = CARTESIAN_POINT('',(43.908487265624,-29.68400029031,
    1.008134766186E+03));
#3848 = CARTESIAN_POINT('',(44.050429873698,-29.47384472294,
    1.006986849738E+03));
#3849 = CARTESIAN_POINT('',(44.224551403846,-29.21179173422,
    1.00584940069E+03));
#3850 = CARTESIAN_POINT('',(44.620540921684,-28.60299897888,
    1.003665213207E+03));
#3851 = CARTESIAN_POINT('',(44.839120275497,-28.2619415344,
    1.002616975103E+03));
#3852 = CARTESIAN_POINT('',(45.082237034119,-27.87544777853,
    1.001581638983E+03));
#3853 = CARTESIAN_POINT('',(45.347790179039,-27.44354847804,
    1.000560475132E+03));
#3854 = CARTESIAN_POINT('',(45.633463062931,-26.96616765893,
    999.55490557995));
#3855 = CARTESIAN_POINT('',(45.936742876667,-26.44315555121,
    998.56652670813));
#3856 = CARTESIAN_POINT('',(46.77640807496,-24.94210504389,
    996.00846830381));
#3857 = CARTESIAN_POINT('',(47.337493830927,-23.88761950664,
    994.47214782332));
#3858 = CARTESIAN_POINT('',(47.927908701723,-22.70740076666,
    992.99080014999));
#3859 = CARTESIAN_POINT('',(48.536747140529,-21.39565114885,
    991.56995411011));
#3860 = CARTESIAN_POINT('',(49.151554748905,-19.94501627084,
    990.21888559953));
#3861 = CARTESIAN_POINT('',(49.757122796178,-18.34749887146,
    988.95163897939));
#3862 = CARTESIAN_POINT('',(50.532110424756,-15.99698071925,
    987.39076347813));
#3863 = CARTESIAN_POINT('',(50.726358418401,-15.37988237229,
    987.00509716332));
#3864 = CARTESIAN_POINT('',(50.916623388923,-14.74430540551,
    986.63232052316));
#3865 = CARTESIAN_POINT('',(51.102063107058,-14.09007822377,
    986.2734103472));
#3866 = CARTESIAN_POINT('',(51.281787586859,-13.41706544512,
    985.9294200365));
#3867 = CARTESIAN_POINT('',(51.454861417954,-12.72516824754,
    985.60148067352));
#3868 = CARTESIAN_POINT('',(51.754074062305,-11.4395821946,
    985.0396073027));
#3869 = CARTESIAN_POINT('',(51.882875901069,-10.85236236753,
    984.79965667472));
#3870 = CARTESIAN_POINT('',(52.006110542019,-10.252972866,984.5717487486
    ));
#3871 = CARTESIAN_POINT('',(52.123183554453,-9.641748538621,
    984.35666260984));
#3872 = CARTESIAN_POINT('',(52.233510870493,-9.019051526579,
    984.15515973916));
#3873 = CARTESIAN_POINT('',(52.336522506554,-8.385271339305,
    983.96798586273));
#3874 = CARTESIAN_POINT('',(52.585850699201,-6.696472960545,
    983.51695649403));
#3875 = CARTESIAN_POINT('',(52.719592189036,-5.622624898461,
    983.27719545862));
#3876 = CARTESIAN_POINT('',(52.829902634736,-4.524514009796,
    983.0808694116));
#3877 = CARTESIAN_POINT('',(52.914402145714,-3.4075749764,
    982.93122287672));
#3878 = CARTESIAN_POINT('',(52.971410964019,-2.277389423694,
    982.83050729784));
#3879 = CARTESIAN_POINT('',(53.,-1.139629570347,982.78));
#3880 = CARTESIAN_POINT('',(53.,-7.105427357601E-15,982.78));
#3881 = PCURVE('',#3473,#3882);
#3882 = DEFINITIONAL_REPRESENTATION('',(#3883),#3970);
#3883 = B_SPLINE_CURVE_WITH_KNOTS('',7,(#3884,#3885,#3886,#3887,#3888,
    #3889,#3890,#3891,#3892,#3893,#3894,#3895,#3896,#3897,#3898,#3899,
    #3900,#3901,#3902,#3903,#3904,#3905,#3906,#3907,#3908,#3909,#3910,
    #3911,#3912,#3913,#3914,#3915,#3916,#3917,#3918,#3919,#3920,#3921,
    #3922,#3923,#3924,#3925,#3926,#3927,#3928,#3929,#3930,#3931,#3932,
    #3933,#3934,#3935,#3936,#3937,#3938,#3939,#3940,#3941,#3942,#3943,
    #3944,#3945,#3946,#3947,#3948,#3949,#3950,#3951,#3952,#3953,#3954,
    #3955,#3956,#3957,#3958,#3959,#3960,#3961,#3962,#3963,#3964,#3965,
    #3966,#3967,#3968,#3969),.UNSPECIFIED.,.F.,.F.,(8,6,6,6,6,6,6,6,6,6,
    6,6,6,6,8),(0.,6.717130465549E-02,0.108699807513,0.160264652149,
    0.199605316554,0.229420247842,0.310672173255,0.402519959446,
    0.499868644206,0.597252661421,0.689076187523,0.839558406542,
    0.891001752467,0.932595544902,1.),.UNSPECIFIED.);
#3884 = CARTESIAN_POINT('',(6.28318530718,69.));
#3885 = CARTESIAN_POINT('',(6.2617348937,69.));
#3886 = CARTESIAN_POINT('',(6.240319242529,68.949736840822));
#3887 = CARTESIAN_POINT('',(6.2190292528,68.849504490026));
#3888 = CARTESIAN_POINT('',(6.197955396879,68.70056787591));
#3889 = CARTESIAN_POINT('',(6.177188526719,68.505158772344));
#3890 = CARTESIAN_POINT('',(6.156820299238,68.266494562663));
#3891 = CARTESIAN_POINT('',(6.124654263139,67.817148157563));
#3892 = CARTESIAN_POINT('',(6.112542350292,67.630416099159));
#3893 = CARTESIAN_POINT('',(6.100613766174,67.429354210369));
#3894 = CARTESIAN_POINT('',(6.088874732755,67.214707053758));
#3895 = CARTESIAN_POINT('',(6.077331402374,66.987235101581));
#3896 = CARTESIAN_POINT('',(6.065989850148,66.747716585888));
#3897 = CARTESIAN_POINT('',(6.041031541285,66.185578296431));
#3898 = CARTESIAN_POINT('',(6.027524703583,65.856805466949));
#3899 = CARTESIAN_POINT('',(6.014334339715,65.511854425344));
#3900 = CARTESIAN_POINT('',(6.001459249836,65.151868989127));
#3901 = CARTESIAN_POINT('',(5.988898141538,64.777914323617));
#3902 = CARTESIAN_POINT('',(5.976649523578,64.390978037423));
#3903 = CARTESIAN_POINT('',(5.955603730382,63.687554748961));
#3904 = CARTESIAN_POINT('',(5.94667540209,63.376068598107));
#3905 = CARTESIAN_POINT('',(5.937924726224,63.05787321215));
#3906 = CARTESIAN_POINT('',(5.929349897055,62.733299325866));
#3907 = CARTESIAN_POINT('',(5.920949168964,62.402647858564));
#3908 = CARTESIAN_POINT('',(5.91272083378,62.066189750645));
#3909 = CARTESIAN_POINT('',(5.89855659424,61.464957656675));
#3910 = CARTESIAN_POINT('',(5.892548055571,61.202553833551));
#3911 = CARTESIAN_POINT('',(5.886636866074,60.937059393303));
#3912 = CARTESIAN_POINT('',(5.880822371714,60.668572479483));
#3913 = CARTESIAN_POINT('',(5.875103980455,60.397184316674));
#3914 = CARTESIAN_POINT('',(5.869481162259,60.122979210481));
#3915 = CARTESIAN_POINT('',(5.848889274228,59.091302400789));
#3916 = CARTESIAN_POINT('',(5.834528236375,58.316066861594));
#3917 = CARTESIAN_POINT('',(5.820864496063,57.522042184271));
#3918 = CARTESIAN_POINT('',(5.807894592268,56.71062209049));
#3919 = CARTESIAN_POINT('',(5.795617710335,55.882923055082));
#3920 = CARTESIAN_POINT('',(5.784035949907,55.03982759183));
#3921 = CARTESIAN_POINT('',(5.760854225179,53.212363923023));
#3922 = CARTESIAN_POINT('',(5.749446303728,52.223709519251));
#3923 = CARTESIAN_POINT('',(5.738949435207,51.217858214684));
#3924 = CARTESIAN_POINT('',(5.72938323306,50.196406611635));
#3925 = CARTESIAN_POINT('',(5.720768113974,49.160776694243));
#3926 = CARTESIAN_POINT('',(5.713125094369,48.112238494726));
#3927 = CARTESIAN_POINT('',(5.699427830701,45.928123759576));
#3928 = CARTESIAN_POINT('',(5.693496001426,44.791068598911));
#3929 = CARTESIAN_POINT('',(5.688714674589,43.643557203355));
#3930 = CARTESIAN_POINT('',(5.685109973724,42.488216969908));
#3931 = CARTESIAN_POINT('',(5.682699761928,41.327557308242));
#3932 = CARTESIAN_POINT('',(5.681493788139,40.164014946286));
#3933 = CARTESIAN_POINT('',(5.681493788139,37.835562577468));
#3934 = CARTESIAN_POINT('',(5.68270063749,36.671598289959));
#3935 = CARTESIAN_POINT('',(5.685112597776,35.510519734842));
#3936 = CARTESIAN_POINT('',(5.688719906601,34.354766185642));
#3937 = CARTESIAN_POINT('',(5.693504676263,33.206849738122));
#3938 = CARTESIAN_POINT('',(5.699440747081,32.069400689689));
#3939 = CARTESIAN_POINT('',(5.713143541609,29.885213206977));
#3940 = CARTESIAN_POINT('',(5.720786551711,28.836975102629));
#3941 = CARTESIAN_POINT('',(5.729401133266,27.801638982769));
#3942 = CARTESIAN_POINT('',(5.738966283976,26.780475131819));
#3943 = CARTESIAN_POINT('',(5.749461595312,25.774905579954));
#3944 = CARTESIAN_POINT('',(5.760867456161,24.786526708133));
#3945 = CARTESIAN_POINT('',(5.793319135993,22.228468303813));
#3946 = CARTESIAN_POINT('',(5.815851312195,20.692147823324));
#3947 = CARTESIAN_POINT('',(5.84073741626,19.210800149991));
#3948 = CARTESIAN_POINT('',(5.868000075035,17.78995411012));
#3949 = CARTESIAN_POINT('',(5.897695291177,16.438885599537));
#3950 = CARTESIAN_POINT('',(5.929899064484,15.171638979392));
#3951 = CARTESIAN_POINT('',(5.976596859064,13.610763478132));
#3952 = CARTESIAN_POINT('',(5.988802321446,13.225097163322));
#3953 = CARTESIAN_POINT('',(6.001318122939,12.852320523168));
#3954 = CARTESIAN_POINT('',(6.014145752841,12.493410347203));
#3955 = CARTESIAN_POINT('',(6.027286504932,12.149420036502));
#3956 = CARTESIAN_POINT('',(6.040741581984,11.821480673521));
#3957 = CARTESIAN_POINT('',(6.065646239668,11.259607302701));
#3958 = CARTESIAN_POINT('',(6.076988331788,11.019656674726));
#3959 = CARTESIAN_POINT('',(6.088532503711,10.791748748601));
#3960 = CARTESIAN_POINT('',(6.100272696951,10.576662609842));
#3961 = CARTESIAN_POINT('',(6.11220277527,10.37515973916));
#3962 = CARTESIAN_POINT('',(6.124316532494,10.187985862733));
#3963 = CARTESIAN_POINT('',(6.156526044387,9.736956494032));
#3964 = CARTESIAN_POINT('',(6.176938618258,9.497195458628));
#3965 = CARTESIAN_POINT('',(6.197752397689,9.3008694116));
#3966 = CARTESIAN_POINT('',(6.218875209857,9.151222876721));
#3967 = CARTESIAN_POINT('',(6.240215691852,9.050507297843));
#3968 = CARTESIAN_POINT('',(6.261682862456,9.));
#3969 = CARTESIAN_POINT('',(6.28318530718,9.));
#3970 = ( GEOMETRIC_REPRESENTATION_CONTEXT(2) 
PARAMETRIC_REPRESENTATION_CONTEXT() REPRESENTATION_CONTEXT('2D SPACE',''
  ) );
#3971 = PCURVE('',#3972,#3977);
#3972 = CYLINDRICAL_SURFACE('',#3973,30.);
#3973 = AXIS2_PLACEMENT_3D('',#3974,#3975,#3976);
#3974 = CARTESIAN_POINT('',(43.692104549907,0.,1.01278E+03));
#3975 = DIRECTION('',(1.,0.,0.));
#3976 = DIRECTION('',(0.,0.,1.));
#3977 = DEFINITIONAL_REPRESENTATION('',(#3978),#4029);
#3978 = B_SPLINE_CURVE_WITH_KNOTS('',7,(#3979,#3980,#3981,#3982,#3983,
    #3984,#3985,#3986,#3987,#3988,#3989,#3990,#3991,#3992,#3993,#3994,
    #3995,#3996,#3997,#3998,#3999,#4000,#4001,#4002,#4003,#4004,#4005,
    #4006,#4007,#4008,#4009,#4010,#4011,#4012,#4013,#4014,#4015,#4016,
    #4017,#4018,#4019,#4020,#4021,#4022,#4023,#4024,#4025,#4026,#4027,
    #4028),.UNSPECIFIED.,.F.,.F.,(8,6,6,6,6,6,6,6,8),(0.,
    6.717130465549E-02,0.108699807513,0.160264652149,0.199605316554,
    0.229420247842,0.310672173255,0.402519959446,0.499868644206),
  .UNSPECIFIED.);
#3979 = CARTESIAN_POINT('',(6.28318530718,9.307895450093));
#3980 = CARTESIAN_POINT('',(6.321081037661,9.307895450093));
#3981 = CARTESIAN_POINT('',(6.358915346837,9.279444605855));
#3982 = CARTESIAN_POINT('',(6.396588098193,9.222709312692));
#3983 = CARTESIAN_POINT('',(6.433998881873,9.138609656453));
#3984 = CARTESIAN_POINT('',(6.471042665543,9.028810432871));
#3985 = CARTESIAN_POINT('',(6.507605231433,8.895671289218));
#3986 = CARTESIAN_POINT('',(6.565786362093,8.647245510564));
#3987 = CARTESIAN_POINT('',(6.587800726634,8.544464094468));
#3988 = CARTESIAN_POINT('',(6.609599690511,8.434362809991));
#3989 = CARTESIAN_POINT('',(6.631180677588,8.31751065617));
#3990 = CARTESIAN_POINT('',(6.652540296474,8.194490842518));
#3991 = CARTESIAN_POINT('',(6.673674298755,8.065897070473));
#3992 = CARTESIAN_POINT('',(6.720532536062,7.766482882941));
#3993 = CARTESIAN_POINT('',(6.746136706283,7.592936438622));
#3994 = CARTESIAN_POINT('',(6.771404141083,7.412679759314));
#3995 = CARTESIAN_POINT('',(6.796347728932,7.226658529866));
#3996 = CARTESIAN_POINT('',(6.82097956308,7.035772456259));
#3997 = CARTESIAN_POINT('',(6.845311351072,6.840872879311));
#3998 = CARTESIAN_POINT('',(6.887698449963,6.491613282747));
#3999 = CARTESIAN_POINT('',(6.905876883534,6.338574365838));
#4000 = CARTESIAN_POINT('',(6.923897638666,6.183978410991));
#4001 = CARTESIAN_POINT('',(6.941768015068,6.028142786148));
#4002 = CARTESIAN_POINT('',(6.959495215529,5.871367950221));
#4003 = CARTESIAN_POINT('',(6.977086462978,5.713937949435));
#4004 = CARTESIAN_POINT('',(7.007783460548,5.436516831027));
#4005 = CARTESIAN_POINT('',(7.020943902219,5.316691052577));
#4006 = CARTESIAN_POINT('',(7.034033590393,5.196760279198));
#4007 = CARTESIAN_POINT('',(7.047055609776,5.076837620396));
#4008 = CARTESIAN_POINT('',(7.060012981955,4.95703259432));
#4009 = CARTESIAN_POINT('',(7.072908665398,4.837451127756));
#4010 = CARTESIAN_POINT('',(7.120728766485,4.393199173738));
#4011 = CARTESIAN_POINT('',(7.155282771312,4.070556130782));
#4012 = CARTESIAN_POINT('',(7.189458838502,3.752412852992));
#4013 = CARTESIAN_POINT('',(7.223306569212,3.440746642592));
#4014 = CARTESIAN_POINT('',(7.25687444892,3.137399633736));
#4015 = CARTESIAN_POINT('',(7.290210399175,2.844112747943));
#4016 = CARTESIAN_POINT('',(7.360837519968,2.244289914353));
#4017 = CARTESIAN_POINT('',(7.398085291859,1.940947797203));
#4018 = CARTESIAN_POINT('',(7.435143297439,1.655224417653));
#4019 = CARTESIAN_POINT('',(7.472049413537,1.389634047249));
#4020 = CARTESIAN_POINT('',(7.508842393734,1.14649467263));
#4021 = CARTESIAN_POINT('',(7.545562520711,0.927908558644));
#4022 = CARTESIAN_POINT('',(7.621139398674,0.532067975964));
#4023 = CARTESIAN_POINT('',(7.659993332466,0.358067978997));
#4024 = CARTESIAN_POINT('',(7.698815122682,0.216226336613));
#4025 = CARTESIAN_POINT('',(7.737612310441,0.108485473287));
#4026 = CARTESIAN_POINT('',(7.776396397029,3.617925343964E-02));
#4027 = CARTESIAN_POINT('',(7.815181135765,-1.416191542081E-14));
#4028 = CARTESIAN_POINT('',(7.853981633975,-1.42108547152E-14));
#4029 = ( GEOMETRIC_REPRESENTATION_CONTEXT(2) 
PARAMETRIC_REPRESENTATION_CONTEXT() REPRESENTATION_CONTEXT('2D SPACE',''
  ) );
#4030 = ORIENTED_EDGE('',*,*,#4031,.T.);
#4031 = EDGE_CURVE('',#3791,#4032,#4034,.T.);
#4032 = VERTEX_POINT('',#4033);
#4033 = CARTESIAN_POINT('',(53.,0.,1.05178E+03));
#4034 = SEAM_CURVE('',#4035,(#4039,#4046),.PCURVE_S1.);
#4035 = LINE('',#4036,#4037);
#4036 = CARTESIAN_POINT('',(53.,0.,973.78));
#4037 = VECTOR('',#4038,1.);
#4038 = DIRECTION('',(0.,0.,1.));
#4039 = PCURVE('',#3473,#4040);
#4040 = DEFINITIONAL_REPRESENTATION('',(#4041),#4045);
#4041 = LINE('',#4042,#4043);
#4042 = CARTESIAN_POINT('',(6.28318530718,0.));
#4043 = VECTOR('',#4044,1.);
#4044 = DIRECTION('',(0.,1.));
#4045 = ( GEOMETRIC_REPRESENTATION_CONTEXT(2) 
PARAMETRIC_REPRESENTATION_CONTEXT() REPRESENTATION_CONTEXT('2D SPACE',''
  ) );
#4046 = PCURVE('',#3473,#4047);
#4047 = DEFINITIONAL_REPRESENTATION('',(#4048),#4052);
#4048 = LINE('',#4049,#4050);
#4049 = CARTESIAN_POINT('',(4.138911435803E-13,0.));
#4050 = VECTOR('',#4051,1.);
#4051 = DIRECTION('',(0.,1.));
#4052 = ( GEOMETRIC_REPRESENTATION_CONTEXT(2) 
PARAMETRIC_REPRESENTATION_CONTEXT() REPRESENTATION_CONTEXT('2D SPACE',''
  ) );
#4053 = ORIENTED_EDGE('',*,*,#4054,.F.);
#4054 = EDGE_CURVE('',#4032,#4032,#4055,.T.);
#4055 = SURFACE_CURVE('',#4056,(#4061,#4068),.PCURVE_S1.);
#4056 = CIRCLE('',#4057,53.);
#4057 = AXIS2_PLACEMENT_3D('',#4058,#4059,#4060);
#4058 = CARTESIAN_POINT('',(0.,0.,1.05178E+03));
#4059 = DIRECTION('',(0.,0.,1.));
#4060 = DIRECTION('',(1.,0.,0.));
#4061 = PCURVE('',#3473,#4062);
#4062 = DEFINITIONAL_REPRESENTATION('',(#4063),#4067);
#4063 = LINE('',#4064,#4065);
#4064 = CARTESIAN_POINT('',(0.,78.));
#4065 = VECTOR('',#4066,1.);
#4066 = DIRECTION('',(1.,0.));
#4067 = ( GEOMETRIC_REPRESENTATION_CONTEXT(2) 
PARAMETRIC_REPRESENTATION_CONTEXT() REPRESENTATION_CONTEXT('2D SPACE',''
  ) );
#4068 = PCURVE('',#4069,#4074);
#4069 = PLANE('',#4070);
#4070 = AXIS2_PLACEMENT_3D('',#4071,#4072,#4073);
#4071 = CARTESIAN_POINT('',(0.,0.,1.05178E+03));
#4072 = DIRECTION('',(0.,0.,1.));
#4073 = DIRECTION('',(1.,0.,0.));
#4074 = DEFINITIONAL_REPRESENTATION('',(#4075),#4079);
#4075 = CIRCLE('',#4076,53.);
#4076 = AXIS2_PLACEMENT_2D('',#4077,#4078);
#4077 = CARTESIAN_POINT('',(0.,0.));
#4078 = DIRECTION('',(1.,0.));
#4079 = ( GEOMETRIC_REPRESENTATION_CONTEXT(2) 
PARAMETRIC_REPRESENTATION_CONTEXT() REPRESENTATION_CONTEXT('2D SPACE',''
  ) );
#4080 = ORIENTED_EDGE('',*,*,#4031,.F.);
#4081 = ORIENTED_EDGE('',*,*,#4082,.F.);
#4082 = EDGE_CURVE('',#4083,#3791,#4085,.T.);
#4083 = VERTEX_POINT('',#4084);
#4084 = CARTESIAN_POINT('',(43.692104549907,30.,1.01278E+03));
#4085 = SURFACE_CURVE('',#4086,(#4173,#4263),.PCURVE_S1.);
#4086 = B_SPLINE_CURVE_WITH_KNOTS('',7,(#4087,#4088,#4089,#4090,#4091,
    #4092,#4093,#4094,#4095,#4096,#4097,#4098,#4099,#4100,#4101,#4102,
    #4103,#4104,#4105,#4106,#4107,#4108,#4109,#4110,#4111,#4112,#4113,
    #4114,#4115,#4116,#4117,#4118,#4119,#4120,#4121,#4122,#4123,#4124,
    #4125,#4126,#4127,#4128,#4129,#4130,#4131,#4132,#4133,#4134,#4135,
    #4136,#4137,#4138,#4139,#4140,#4141,#4142,#4143,#4144,#4145,#4146,
    #4147,#4148,#4149,#4150,#4151,#4152,#4153,#4154,#4155,#4156,#4157,
    #4158,#4159,#4160,#4161,#4162,#4163,#4164,#4165,#4166,#4167,#4168,
    #4169,#4170,#4171,#4172),.UNSPECIFIED.,.F.,.F.,(8,6,6,6,6,6,6,6,6,6,
    6,6,6,6,8),(0.,6.717130480067E-02,0.108699807735,0.160264652448,
    0.199605316912,0.229420248246,0.310672171539,0.4025199579,
    0.499868642814,0.597252660185,0.689076187288,0.839558406426,
    0.89100175239,0.932595544854,1.),.UNSPECIFIED.);
#4087 = CARTESIAN_POINT('',(53.,-1.836970198721E-15,982.78));
#4088 = CARTESIAN_POINT('',(53.,1.136871914438,982.78));
#4089 = CARTESIAN_POINT('',(52.971549155763,2.2719012399,982.83026315917
    ));
#4090 = CARTESIAN_POINT('',(52.914813862598,3.399416926595,
    982.93049550997));
#4091 = CARTESIAN_POINT('',(52.83071420636,4.513779743117,
    983.07943212409));
#4092 = CARTESIAN_POINT('',(52.720914982779,5.609439877208,
    983.27484122765));
#4093 = CARTESIAN_POINT('',(52.587775839125,6.680992686791,
    983.51350543733));
#4094 = CARTESIAN_POINT('',(52.339350060501,8.367595003884,
    983.96285184238));
#4095 = CARTESIAN_POINT('',(52.236568644381,9.001313499907,
    984.14958390082));
#4096 = CARTESIAN_POINT('',(52.126467359872,9.623970052569,
    984.35064578967));
#4097 = CARTESIAN_POINT('',(52.009615206046,10.235174026414,
    984.5652929463));
#4098 = CARTESIAN_POINT('',(51.886595392429,10.834562110744,
    984.79276489841));
#4099 = CARTESIAN_POINT('',(51.758001620426,11.421798243055,
    985.03228341402));
#4100 = CARTESIAN_POINT('',(51.458587432849,12.710256821051,
    985.59442170356));
#4101 = CARTESIAN_POINT('',(51.28504098853,13.404864786237,
    985.92319453304));
#4102 = CARTESIAN_POINT('',(51.104784309221,14.080458622248,
    986.26814557465));
#4103 = CARTESIAN_POINT('',(50.918763079773,14.737137016032,
    986.62813101087));
#4104 = CARTESIAN_POINT('',(50.727877006166,15.375035792272,
    987.00208567638));
#4105 = CARTESIAN_POINT('',(50.532977429217,15.994327558407,
    987.38902196257));
#4106 = CARTESIAN_POINT('',(50.183717832654,17.053664716438,
    988.09244525103));
#4107 = CARTESIAN_POINT('',(50.030678915746,17.501464840648,
    988.40393140189));
#4108 = CARTESIAN_POINT('',(49.876082960899,17.938768673227,
    988.72212678784));
#4109 = CARTESIAN_POINT('',(49.720247336056,18.365724903322,
    989.04670067413));
#4110 = CARTESIAN_POINT('',(49.563472500128,18.782484046167,
    989.37735214143));
#4111 = CARTESIAN_POINT('',(49.406042499342,19.189198530988,
    989.71381024935));
#4112 = CARTESIAN_POINT('',(49.128621380934,19.886762193349,
    990.31504234332));
#4113 = CARTESIAN_POINT('',(49.008795602484,20.181819891194,
    990.57744616644));
#4114 = CARTESIAN_POINT('',(48.888864829105,20.471262249721,
    990.84294060669));
#4115 = CARTESIAN_POINT('',(48.768942170303,20.755153315185,
    991.11142752051));
#4116 = CARTESIAN_POINT('',(48.649137144227,21.033554812818,
    991.38281568332));
#4117 = CARTESIAN_POINT('',(48.529555677664,21.306526146822,
    991.65702078951));
#4118 = CARTESIAN_POINT('',(48.085303732609,22.303385606037,
    992.68869757839));
#4119 = CARTESIAN_POINT('',(47.762660672273,22.992895647055,
    993.46393316111));
#4120 = CARTESIAN_POINT('',(47.444517395744,23.643628106537,
    994.25795783247));
#4121 = CARTESIAN_POINT('',(47.132851198921,24.256474172353,
    995.06937789029));
#4122 = CARTESIAN_POINT('',(46.829504192224,24.832216199998,
    995.89707692269));
#4123 = CARTESIAN_POINT('',(46.53621728992,25.371501275447,
    996.74017243233));
#4124 = CARTESIAN_POINT('',(45.936394464341,26.443764154015,
    998.56763607672));
#4125 = CARTESIAN_POINT('',(45.633052347107,26.966866434244,
    999.55629048072));
#4126 = CARTESIAN_POINT('',(45.347328967498,27.444313259137,
    1.000562141786E+03));
#4127 = CARTESIAN_POINT('',(45.081738597113,27.876255102303,
    1.001583593389E+03));
#4128 = CARTESIAN_POINT('',(44.838599222554,28.262768285931,
    1.002619223306E+03));
#4129 = CARTESIAN_POINT('',(44.620013108599,28.603821996203,
    1.003667761505E+03));
#4130 = CARTESIAN_POINT('',(44.224172525872,29.212361935813,
    1.00585187624E+03));
#4131 = CARTESIAN_POINT('',(44.050172528905,29.474225736555,
    1.006988931401E+03));
#4132 = CARTESIAN_POINT('',(43.90833088652,29.684229287529,
    1.008136442797E+03));
#4133 = CARTESIAN_POINT('',(43.800590023193,29.842001404915,
    1.00929178303E+03));
#4134 = CARTESIAN_POINT('',(43.728283803347,29.947308396389,
    1.010452442692E+03));
#4135 = CARTESIAN_POINT('',(43.692104549907,30.,1.011615985054E+03));
#4136 = CARTESIAN_POINT('',(43.692104549907,30.,1.013944437423E+03));
#4137 = CARTESIAN_POINT('',(43.728310070304,29.947270141099,
    1.01510840171E+03));
#4138 = CARTESIAN_POINT('',(43.800668744506,29.841886754923,
    1.016269480265E+03));
#4139 = CARTESIAN_POINT('',(43.908487265625,29.684000290315,
    1.017425233814E+03));
#4140 = CARTESIAN_POINT('',(44.050429873699,29.473844722946,
    1.018573150262E+03));
#4141 = CARTESIAN_POINT('',(44.224551403845,29.211791734225,
    1.01971059931E+03));
#4142 = CARTESIAN_POINT('',(44.620540923476,28.602998976131,
    1.021894786803E+03));
#4143 = CARTESIAN_POINT('',(44.839120272647,28.261941539245,
    1.022943024887E+03));
#4144 = CARTESIAN_POINT('',(45.082237032467,27.875447781096,
    1.023978361009E+03));
#4145 = CARTESIAN_POINT('',(45.347790181656,27.44354847341,
    1.024999524876E+03));
#4146 = CARTESIAN_POINT('',(45.633463065526,26.966167654605,
    1.026005094431E+03));
#4147 = CARTESIAN_POINT('',(45.93674287345,26.443155556964,
    1.026993473282E+03));
#4148 = CARTESIAN_POINT('',(46.776408074959,24.942105043899,
    1.029551531696E+03));
#4149 = CARTESIAN_POINT('',(47.337493830937,23.88761950662,
    1.031087852177E+03));
#4150 = CARTESIAN_POINT('',(47.927908701707,22.707400766704,
    1.03256919985E+03));
#4151 = CARTESIAN_POINT('',(48.536747140546,21.395651148809,
    1.03399004589E+03));
#4152 = CARTESIAN_POINT('',(49.151554748898,19.945016270869,
    1.0353411144E+03));
#4153 = CARTESIAN_POINT('',(49.757122796182,18.347498871453,
    1.036608361021E+03));
#4154 = CARTESIAN_POINT('',(50.532110424749,15.996980719277,
    1.038169236522E+03));
#4155 = CARTESIAN_POINT('',(50.726358418402,15.379882372294,
    1.038554902837E+03));
#4156 = CARTESIAN_POINT('',(50.916623388932,14.744305405488,
    1.038927679477E+03));
#4157 = CARTESIAN_POINT('',(51.102063107065,14.09007822374,
    1.039286589653E+03));
#4158 = CARTESIAN_POINT('',(51.281787586859,13.417065445122,
    1.039630579963E+03));
#4159 = CARTESIAN_POINT('',(51.454861417947,12.725168247569,
    1.039958519326E+03));
#4160 = CARTESIAN_POINT('',(51.754074062306,11.4395821946,
    1.040520392697E+03));
#4161 = CARTESIAN_POINT('',(51.882875901071,10.852362367526,
    1.040760343325E+03));
#4162 = CARTESIAN_POINT('',(52.00611054202,10.252972865995,
    1.040988251251E+03));
#4163 = CARTESIAN_POINT('',(52.123183554454,9.641748538612,
    1.04120333739E+03));
#4164 = CARTESIAN_POINT('',(52.233510870495,9.019051526569,
    1.041404840261E+03));
#4165 = CARTESIAN_POINT('',(52.336522506556,8.385271339294,
    1.041592014137E+03));
#4166 = CARTESIAN_POINT('',(52.585850699203,6.696472960534,
    1.042043043506E+03));
#4167 = CARTESIAN_POINT('',(52.719592189037,5.622624898452,
    1.042282804541E+03));
#4168 = CARTESIAN_POINT('',(52.829902634736,4.52451400979,
    1.042479130588E+03));
#4169 = CARTESIAN_POINT('',(52.914402145714,3.407574976396,
    1.042628777123E+03));
#4170 = CARTESIAN_POINT('',(52.971410964019,2.27738942369,
    1.042729492702E+03));
#4171 = CARTESIAN_POINT('',(53.,1.139629570345,1.04278E+03));
#4172 = CARTESIAN_POINT('',(53.,3.673940397442E-15,1.04278E+03));
#4173 = PCURVE('',#3473,#4174);
#4174 = DEFINITIONAL_REPRESENTATION('',(#4175),#4262);
#4175 = B_SPLINE_CURVE_WITH_KNOTS('',7,(#4176,#4177,#4178,#4179,#4180,
    #4181,#4182,#4183,#4184,#4185,#4186,#4187,#4188,#4189,#4190,#4191,
    #4192,#4193,#4194,#4195,#4196,#4197,#4198,#4199,#4200,#4201,#4202,
    #4203,#4204,#4205,#4206,#4207,#4208,#4209,#4210,#4211,#4212,#4213,
    #4214,#4215,#4216,#4217,#4218,#4219,#4220,#4221,#4222,#4223,#4224,
    #4225,#4226,#4227,#4228,#4229,#4230,#4231,#4232,#4233,#4234,#4235,
    #4236,#4237,#4238,#4239,#4240,#4241,#4242,#4243,#4244,#4245,#4246,
    #4247,#4248,#4249,#4250,#4251,#4252,#4253,#4254,#4255,#4256,#4257,
    #4258,#4259,#4260,#4261),.UNSPECIFIED.,.F.,.F.,(8,6,6,6,6,6,6,6,6,6,
    6,6,6,6,8),(0.,6.717130480067E-02,0.108699807735,0.160264652448,
    0.199605316912,0.229420248246,0.310672171539,0.4025199579,
    0.499868642814,0.597252660185,0.689076187288,0.839558406426,
    0.89100175239,0.932595544854,1.),.UNSPECIFIED.);
#4176 = CARTESIAN_POINT('',(0.,9.));
#4177 = CARTESIAN_POINT('',(2.145041347996E-02,9.));
#4178 = CARTESIAN_POINT('',(4.286606465056E-02,9.050263159178));
#4179 = CARTESIAN_POINT('',(6.415605437947E-02,9.150495509974));
#4180 = CARTESIAN_POINT('',(8.522991030108E-02,9.29943212409));
#4181 = CARTESIAN_POINT('',(0.105996780461,9.494841227655));
#4182 = CARTESIAN_POINT('',(0.126365007941,9.733505437338));
#4183 = CARTESIAN_POINT('',(0.158531044036,10.182851842383));
#4184 = CARTESIAN_POINT('',(0.170642956887,10.369583900828));
#4185 = CARTESIAN_POINT('',(0.182571541009,10.570645789678));
#4186 = CARTESIAN_POINT('',(0.194310574427,10.7852929463));
#4187 = CARTESIAN_POINT('',(0.205853904805,11.012764898411));
#4188 = CARTESIAN_POINT('',(0.217195457027,11.252283414025));
#4189 = CARTESIAN_POINT('',(0.242153765895,11.814421703568));
#4190 = CARTESIAN_POINT('',(0.255660603597,12.14319453305));
#4191 = CARTESIAN_POINT('',(0.268850967465,12.488145574655));
#4192 = CARTESIAN_POINT('',(0.281726057344,12.848131010873));
#4193 = CARTESIAN_POINT('',(0.294287165642,13.222085676384));
#4194 = CARTESIAN_POINT('',(0.306535783601,13.609021962578));
#4195 = CARTESIAN_POINT('',(0.327581576797,14.312445251038));
#4196 = CARTESIAN_POINT('',(0.336509905089,14.623931401891));
#4197 = CARTESIAN_POINT('',(0.345260580956,14.942126787848));
#4198 = CARTESIAN_POINT('',(0.353835410125,15.266700674133));
#4199 = CARTESIAN_POINT('',(0.362236138216,15.597352141436));
#4200 = CARTESIAN_POINT('',(0.3704644734,15.933810249356));
#4201 = CARTESIAN_POINT('',(0.384628712939,16.535042343325));
#4202 = CARTESIAN_POINT('',(0.390637251609,16.797446166448));
#4203 = CARTESIAN_POINT('',(0.396548441106,17.062940606697));
#4204 = CARTESIAN_POINT('',(0.402362935466,17.331427520516));
#4205 = CARTESIAN_POINT('',(0.408081326725,17.602815683325));
#4206 = CARTESIAN_POINT('',(0.413704144921,17.877020789519));
#4207 = CARTESIAN_POINT('',(0.434296032536,18.908697578394));
#4208 = CARTESIAN_POINT('',(0.448657071158,19.683933161117));
#4209 = CARTESIAN_POINT('',(0.462320811445,20.477957832474));
#4210 = CARTESIAN_POINT('',(0.475290714662,21.289377890296));
#4211 = CARTESIAN_POINT('',(0.487567596474,22.117076922692));
#4212 = CARTESIAN_POINT('',(0.499149357579,22.960172432331));
#4213 = CARTESIAN_POINT('',(0.522331081998,24.787636076729));
#4214 = CARTESIAN_POINT('',(0.533739003452,25.77629048072));
#4215 = CARTESIAN_POINT('',(0.544235871975,26.782141785521));
#4216 = CARTESIAN_POINT('',(0.553802074121,27.803593388575));
#4217 = CARTESIAN_POINT('',(0.562417193205,28.83922330573));
#4218 = CARTESIAN_POINT('',(0.570060212809,29.887761505007));
#4219 = CARTESIAN_POINT('',(0.583757476479,32.071876240418));
#4220 = CARTESIAN_POINT('',(0.589689305754,33.208931401079));
#4221 = CARTESIAN_POINT('',(0.594470632591,34.356442796646));
#4222 = CARTESIAN_POINT('',(0.598075333456,35.511783030094));
#4223 = CARTESIAN_POINT('',(0.600485545251,36.672442691752));
#4224 = CARTESIAN_POINT('',(0.601691519041,37.835985053712));
#4225 = CARTESIAN_POINT('',(0.601691519041,40.164437422528));
#4226 = CARTESIAN_POINT('',(0.600484669689,41.328401710042));
#4227 = CARTESIAN_POINT('',(0.598072709404,42.48948026516));
#4228 = CARTESIAN_POINT('',(0.594465400579,43.645233814361));
#4229 = CARTESIAN_POINT('',(0.589680630917,44.79315026188));
#4230 = CARTESIAN_POINT('',(0.583744560098,45.930599310305));
#4231 = CARTESIAN_POINT('',(0.570041765509,48.114786802907));
#4232 = CARTESIAN_POINT('',(0.562398755575,49.163024886573));
#4233 = CARTESIAN_POINT('',(0.553784173971,50.19836100861));
#4234 = CARTESIAN_POINT('',(0.544219023103,51.219524876323));
#4235 = CARTESIAN_POINT('',(0.533723711773,52.225094430625));
#4236 = CARTESIAN_POINT('',(0.522317851143,53.213473282067));
#4237 = CARTESIAN_POINT('',(0.489866171186,55.771531696183));
#4238 = CARTESIAN_POINT('',(0.467333994984,57.307852176704));
#4239 = CARTESIAN_POINT('',(0.44244789092,58.789199849966));
#4240 = CARTESIAN_POINT('',(0.415185232144,60.210045889924));
#4241 = CARTESIAN_POINT('',(0.385490016003,61.561114400445));
#4242 = CARTESIAN_POINT('',(0.353286242696,62.828361020616));
#4243 = CARTESIAN_POINT('',(0.306588448116,64.389236521854));
#4244 = CARTESIAN_POINT('',(0.294382985734,64.77490283668));
#4245 = CARTESIAN_POINT('',(0.28186718424,65.147679476849));
#4246 = CARTESIAN_POINT('',(0.269039554337,65.506589652812));
#4247 = CARTESIAN_POINT('',(0.255898802248,65.850579963497));
#4248 = CARTESIAN_POINT('',(0.242443725196,66.178519326467));
#4249 = CARTESIAN_POINT('',(0.217539067511,66.740392697302));
#4250 = CARTESIAN_POINT('',(0.206196975392,66.980343325278));
#4251 = CARTESIAN_POINT('',(0.194652803468,67.208251251403));
#4252 = CARTESIAN_POINT('',(0.182912610229,67.423337390161));
#4253 = CARTESIAN_POINT('',(0.170982531909,67.624840260843));
#4254 = CARTESIAN_POINT('',(0.158868774686,67.81201413727));
#4255 = CARTESIAN_POINT('',(0.126659262793,68.26304350597));
#4256 = CARTESIAN_POINT('',(0.106246688922,68.502804541374));
#4257 = CARTESIAN_POINT('',(8.543290949023E-02,68.6991305884));
#4258 = CARTESIAN_POINT('',(6.431009732289E-02,68.848777123279));
#4259 = CARTESIAN_POINT('',(4.296961532784E-02,68.949492702158));
#4260 = CARTESIAN_POINT('',(2.150244472349E-02,69.));
#4261 = CARTESIAN_POINT('',(0.,69.));
#4262 = ( GEOMETRIC_REPRESENTATION_CONTEXT(2) 
PARAMETRIC_REPRESENTATION_CONTEXT() REPRESENTATION_CONTEXT('2D SPACE',''
  ) );
#4263 = PCURVE('',#3972,#4264);
#4264 = DEFINITIONAL_REPRESENTATION('',(#4265),#4304);
#4265 = B_SPLINE_CURVE_WITH_KNOTS('',7,(#4266,#4267,#4268,#4269,#4270,
    #4271,#4272,#4273,#4274,#4275,#4276,#4277,#4278,#4279,#4280,#4281,
    #4282,#4283,#4284,#4285,#4286,#4287,#4288,#4289,#4290,#4291,#4292,
    #4293,#4294,#4295,#4296,#4297,#4298,#4299,#4300,#4301,#4302,#4303),
  .UNSPECIFIED.,.F.,.F.,(8,6,6,6,6,6,8),(0.499868642814,0.597252660185,
    0.689076187288,0.839558406426,0.89100175239,0.932595544854,1.),
  .UNSPECIFIED.);
#4266 = CARTESIAN_POINT('',(4.712388980385,-7.1054273576E-15));
#4267 = CARTESIAN_POINT('',(4.751203561136,-7.252298527953E-15));
#4268 = CARTESIAN_POINT('',(4.790002364045,3.620552039737E-02));
#4269 = CARTESIAN_POINT('',(4.828800517718,0.108564194599));
#4270 = CARTESIAN_POINT('',(4.867611793705,0.216382715718));
#4271 = CARTESIAN_POINT('',(4.906447707501,0.358325323792));
#4272 = CARTESIAN_POINT('',(4.945315807466,0.532446853938));
#4273 = CARTESIAN_POINT('',(5.020897283923,0.928436373569));
#4274 = CARTESIAN_POINT('',(5.057607962585,1.14701572274));
#4275 = CARTESIAN_POINT('',(5.094391582652,1.39013248256));
#4276 = CARTESIAN_POINT('',(5.131288359163,1.655685631749));
#4277 = CARTESIAN_POINT('',(5.168336979322,1.941358515619));
#4278 = CARTESIAN_POINT('',(5.205575254593,2.244638323543));
#4279 = CARTESIAN_POINT('',(5.30444000785,3.084303525052));
#4280 = CARTESIAN_POINT('',(5.366397066217,3.64538928103));
#4281 = CARTESIAN_POINT('',(5.429272943125,4.2358041518));
#4282 = CARTESIAN_POINT('',(5.49341515952,4.844642590639));
#4283 = CARTESIAN_POINT('',(5.559172768963,5.459450198991));
#4284 = CARTESIAN_POINT('',(5.626901079772,6.065018246275));
#4285 = CARTESIAN_POINT('',(5.720953476009,6.840005874842));
#4286 = CARTESIAN_POINT('',(5.745200922512,7.034253868495));
#4287 = CARTESIAN_POINT('',(5.769746296169,7.224518839025));
#4288 = CARTESIAN_POINT('',(5.794601209542,7.409958557159));
#4289 = CARTESIAN_POINT('',(5.819777654197,7.589683036952));
#4290 = CARTESIAN_POINT('',(5.845288403761,7.76275686804));
#4291 = CARTESIAN_POINT('',(5.892055357721,8.0619695124));
#4292 = CARTESIAN_POINT('',(5.913194296765,8.190771351164));
#4293 = CARTESIAN_POINT('',(5.934559113142,8.314005992114));
#4294 = CARTESIAN_POINT('',(5.956145583872,8.431079004547));
#4295 = CARTESIAN_POINT('',(5.977950342893,8.541406320588));
#4296 = CARTESIAN_POINT('',(5.999970839989,8.644417956649));
#4297 = CARTESIAN_POINT('',(6.058237158214,8.893746149296));
#4298 = CARTESIAN_POINT('',(6.094882153443,9.02748763913));
#4299 = CARTESIAN_POINT('',(6.132011355576,9.137798084829));
#4300 = CARTESIAN_POINT('',(6.169509932679,9.222297595807));
#4301 = CARTESIAN_POINT('',(6.207272328086,9.279306414112));
#4302 = CARTESIAN_POINT('',(6.245197654835,9.307895450093));
#4303 = CARTESIAN_POINT('',(6.28318530718,9.307895450093));
#4304 = ( GEOMETRIC_REPRESENTATION_CONTEXT(2) 
PARAMETRIC_REPRESENTATION_CONTEXT() REPRESENTATION_CONTEXT('2D SPACE',''
  ) );
#4305 = ORIENTED_EDGE('',*,*,#4306,.F.);
#4306 = EDGE_CURVE('',#3491,#4083,#4307,.T.);
#4307 = SURFACE_CURVE('',#4308,(#4395,#4485),.PCURVE_S1.);
#4308 = B_SPLINE_CURVE_WITH_KNOTS('',7,(#4309,#4310,#4311,#4312,#4313,
    #4314,#4315,#4316,#4317,#4318,#4319,#4320,#4321,#4322,#4323,#4324,
    #4325,#4326,#4327,#4328,#4329,#4330,#4331,#4332,#4333,#4334,#4335,
    #4336,#4337,#4338,#4339,#4340,#4341,#4342,#4343,#4344,#4345,#4346,
    #4347,#4348,#4349,#4350,#4351,#4352,#4353,#4354,#4355,#4356,#4357,
    #4358,#4359,#4360,#4361,#4362,#4363,#4364,#4365,#4366,#4367,#4368,
    #4369,#4370,#4371,#4372,#4373,#4374,#4375,#4376,#4377,#4378,#4379,
    #4380,#4381,#4382,#4383,#4384,#4385,#4386,#4387,#4388,#4389,#4390,
    #4391,#4392,#4393,#4394),.UNSPECIFIED.,.F.,.F.,(8,6,6,6,6,6,6,6,6,6,
    6,6,6,6,8),(0.,6.717130480067E-02,0.108699807735,0.160264652448,
    0.199605316912,0.229420248246,0.310672171539,0.4025199579,
    0.499868642814,0.597252660185,0.689076187288,0.839558406426,
    0.89100175239,0.932595544854,1.),.UNSPECIFIED.);
#4309 = CARTESIAN_POINT('',(53.,-1.836970198721E-15,982.78));
#4310 = CARTESIAN_POINT('',(53.,1.136871914438,982.78));
#4311 = CARTESIAN_POINT('',(52.971549155763,2.2719012399,982.83026315917
    ));
#4312 = CARTESIAN_POINT('',(52.914813862598,3.399416926595,
    982.93049550997));
#4313 = CARTESIAN_POINT('',(52.83071420636,4.513779743117,
    983.07943212409));
#4314 = CARTESIAN_POINT('',(52.720914982779,5.609439877208,
    983.27484122765));
#4315 = CARTESIAN_POINT('',(52.587775839125,6.680992686791,
    983.51350543733));
#4316 = CARTESIAN_POINT('',(52.339350060501,8.367595003884,
    983.96285184238));
#4317 = CARTESIAN_POINT('',(52.236568644381,9.001313499907,
    984.14958390082));
#4318 = CARTESIAN_POINT('',(52.126467359872,9.623970052569,
    984.35064578967));
#4319 = CARTESIAN_POINT('',(52.009615206046,10.235174026414,
    984.5652929463));
#4320 = CARTESIAN_POINT('',(51.886595392429,10.834562110744,
    984.79276489841));
#4321 = CARTESIAN_POINT('',(51.758001620426,11.421798243055,
    985.03228341402));
#4322 = CARTESIAN_POINT('',(51.458587432849,12.710256821051,
    985.59442170356));
#4323 = CARTESIAN_POINT('',(51.28504098853,13.404864786237,
    985.92319453304));
#4324 = CARTESIAN_POINT('',(51.104784309221,14.080458622248,
    986.26814557465));
#4325 = CARTESIAN_POINT('',(50.918763079773,14.737137016032,
    986.62813101087));
#4326 = CARTESIAN_POINT('',(50.727877006166,15.375035792272,
    987.00208567638));
#4327 = CARTESIAN_POINT('',(50.532977429217,15.994327558407,
    987.38902196257));
#4328 = CARTESIAN_POINT('',(50.183717832654,17.053664716438,
    988.09244525103));
#4329 = CARTESIAN_POINT('',(50.030678915746,17.501464840648,
    988.40393140189));
#4330 = CARTESIAN_POINT('',(49.876082960899,17.938768673227,
    988.72212678784));
#4331 = CARTESIAN_POINT('',(49.720247336056,18.365724903322,
    989.04670067413));
#4332 = CARTESIAN_POINT('',(49.563472500128,18.782484046167,
    989.37735214143));
#4333 = CARTESIAN_POINT('',(49.406042499342,19.189198530988,
    989.71381024935));
#4334 = CARTESIAN_POINT('',(49.128621380934,19.886762193349,
    990.31504234332));
#4335 = CARTESIAN_POINT('',(49.008795602484,20.181819891194,
    990.57744616644));
#4336 = CARTESIAN_POINT('',(48.888864829105,20.471262249721,
    990.84294060669));
#4337 = CARTESIAN_POINT('',(48.768942170303,20.755153315185,
    991.11142752051));
#4338 = CARTESIAN_POINT('',(48.649137144227,21.033554812818,
    991.38281568332));
#4339 = CARTESIAN_POINT('',(48.529555677664,21.306526146822,
    991.65702078951));
#4340 = CARTESIAN_POINT('',(48.085303732609,22.303385606037,
    992.68869757839));
#4341 = CARTESIAN_POINT('',(47.762660672273,22.992895647055,
    993.46393316111));
#4342 = CARTESIAN_POINT('',(47.444517395744,23.643628106537,
    994.25795783247));
#4343 = CARTESIAN_POINT('',(47.132851198921,24.256474172353,
    995.06937789029));
#4344 = CARTESIAN_POINT('',(46.829504192224,24.832216199998,
    995.89707692269));
#4345 = CARTESIAN_POINT('',(46.53621728992,25.371501275447,
    996.74017243233));
#4346 = CARTESIAN_POINT('',(45.936394464341,26.443764154015,
    998.56763607672));
#4347 = CARTESIAN_POINT('',(45.633052347107,26.966866434244,
    999.55629048072));
#4348 = CARTESIAN_POINT('',(45.347328967498,27.444313259137,
    1.000562141786E+03));
#4349 = CARTESIAN_POINT('',(45.081738597113,27.876255102303,
    1.001583593389E+03));
#4350 = CARTESIAN_POINT('',(44.838599222554,28.262768285931,
    1.002619223306E+03));
#4351 = CARTESIAN_POINT('',(44.620013108599,28.603821996203,
    1.003667761505E+03));
#4352 = CARTESIAN_POINT('',(44.224172525872,29.212361935813,
    1.00585187624E+03));
#4353 = CARTESIAN_POINT('',(44.050172528905,29.474225736555,
    1.006988931401E+03));
#4354 = CARTESIAN_POINT('',(43.90833088652,29.684229287529,
    1.008136442797E+03));
#4355 = CARTESIAN_POINT('',(43.800590023193,29.842001404915,
    1.00929178303E+03));
#4356 = CARTESIAN_POINT('',(43.728283803347,29.947308396389,
    1.010452442692E+03));
#4357 = CARTESIAN_POINT('',(43.692104549907,30.,1.011615985054E+03));
#4358 = CARTESIAN_POINT('',(43.692104549907,30.,1.013944437423E+03));
#4359 = CARTESIAN_POINT('',(43.728310070304,29.947270141099,
    1.01510840171E+03));
#4360 = CARTESIAN_POINT('',(43.800668744506,29.841886754923,
    1.016269480265E+03));
#4361 = CARTESIAN_POINT('',(43.908487265625,29.684000290315,
    1.017425233814E+03));
#4362 = CARTESIAN_POINT('',(44.050429873699,29.473844722946,
    1.018573150262E+03));
#4363 = CARTESIAN_POINT('',(44.224551403845,29.211791734225,
    1.01971059931E+03));
#4364 = CARTESIAN_POINT('',(44.620540923476,28.602998976131,
    1.021894786803E+03));
#4365 = CARTESIAN_POINT('',(44.839120272647,28.261941539245,
    1.022943024887E+03));
#4366 = CARTESIAN_POINT('',(45.082237032467,27.875447781096,
    1.023978361009E+03));
#4367 = CARTESIAN_POINT('',(45.347790181656,27.44354847341,
    1.024999524876E+03));
#4368 = CARTESIAN_POINT('',(45.633463065526,26.966167654605,
    1.026005094431E+03));
#4369 = CARTESIAN_POINT('',(45.93674287345,26.443155556964,
    1.026993473282E+03));
#4370 = CARTESIAN_POINT('',(46.776408074959,24.942105043899,
    1.029551531696E+03));
#4371 = CARTESIAN_POINT('',(47.337493830937,23.88761950662,
    1.031087852177E+03));
#4372 = CARTESIAN_POINT('',(47.927908701707,22.707400766704,
    1.03256919985E+03));
#4373 = CARTESIAN_POINT('',(48.536747140546,21.395651148809,
    1.03399004589E+03));
#4374 = CARTESIAN_POINT('',(49.151554748898,19.945016270869,
    1.0353411144E+03));
#4375 = CARTESIAN_POINT('',(49.757122796182,18.347498871453,
    1.036608361021E+03));
#4376 = CARTESIAN_POINT('',(50.532110424749,15.996980719277,
    1.038169236522E+03));
#4377 = CARTESIAN_POINT('',(50.726358418402,15.379882372294,
    1.038554902837E+03));
#4378 = CARTESIAN_POINT('',(50.916623388932,14.744305405488,
    1.038927679477E+03));
#4379 = CARTESIAN_POINT('',(51.102063107065,14.09007822374,
    1.039286589653E+03));
#4380 = CARTESIAN_POINT('',(51.281787586859,13.417065445122,
    1.039630579963E+03));
#4381 = CARTESIAN_POINT('',(51.454861417947,12.725168247569,
    1.039958519326E+03));
#4382 = CARTESIAN_POINT('',(51.754074062306,11.4395821946,
    1.040520392697E+03));
#4383 = CARTESIAN_POINT('',(51.882875901071,10.852362367526,
    1.040760343325E+03));
#4384 = CARTESIAN_POINT('',(52.00611054202,10.252972865995,
    1.040988251251E+03));
#4385 = CARTESIAN_POINT('',(52.123183554454,9.641748538612,
    1.04120333739E+03));
#4386 = CARTESIAN_POINT('',(52.233510870495,9.019051526569,
    1.041404840261E+03));
#4387 = CARTESIAN_POINT('',(52.336522506556,8.385271339294,
    1.041592014137E+03));
#4388 = CARTESIAN_POINT('',(52.585850699203,6.696472960534,
    1.042043043506E+03));
#4389 = CARTESIAN_POINT('',(52.719592189037,5.622624898452,
    1.042282804541E+03));
#4390 = CARTESIAN_POINT('',(52.829902634736,4.52451400979,
    1.042479130588E+03));
#4391 = CARTESIAN_POINT('',(52.914402145714,3.407574976396,
    1.042628777123E+03));
#4392 = CARTESIAN_POINT('',(52.971410964019,2.27738942369,
    1.042729492702E+03));
#4393 = CARTESIAN_POINT('',(53.,1.139629570345,1.04278E+03));
#4394 = CARTESIAN_POINT('',(53.,3.673940397442E-15,1.04278E+03));
#4395 = PCURVE('',#3473,#4396);
#4396 = DEFINITIONAL_REPRESENTATION('',(#4397),#4484);
#4397 = B_SPLINE_CURVE_WITH_KNOTS('',7,(#4398,#4399,#4400,#4401,#4402,
    #4403,#4404,#4405,#4406,#4407,#4408,#4409,#4410,#4411,#4412,#4413,
    #4414,#4415,#4416,#4417,#4418,#4419,#4420,#4421,#4422,#4423,#4424,
    #4425,#4426,#4427,#4428,#4429,#4430,#4431,#4432,#4433,#4434,#4435,
    #4436,#4437,#4438,#4439,#4440,#4441,#4442,#4443,#4444,#4445,#4446,
    #4447,#4448,#4449,#4450,#4451,#4452,#4453,#4454,#4455,#4456,#4457,
    #4458,#4459,#4460,#4461,#4462,#4463,#4464,#4465,#4466,#4467,#4468,
    #4469,#4470,#4471,#4472,#4473,#4474,#4475,#4476,#4477,#4478,#4479,
    #4480,#4481,#4482,#4483),.UNSPECIFIED.,.F.,.F.,(8,6,6,6,6,6,6,6,6,6,
    6,6,6,6,8),(0.,6.717130480067E-02,0.108699807735,0.160264652448,
    0.199605316912,0.229420248246,0.310672171539,0.4025199579,
    0.499868642814,0.597252660185,0.689076187288,0.839558406426,
    0.89100175239,0.932595544854,1.),.UNSPECIFIED.);
#4398 = CARTESIAN_POINT('',(0.,9.));
#4399 = CARTESIAN_POINT('',(2.145041347996E-02,9.));
#4400 = CARTESIAN_POINT('',(4.286606465056E-02,9.050263159178));
#4401 = CARTESIAN_POINT('',(6.415605437947E-02,9.150495509974));
#4402 = CARTESIAN_POINT('',(8.522991030108E-02,9.29943212409));
#4403 = CARTESIAN_POINT('',(0.105996780461,9.494841227655));
#4404 = CARTESIAN_POINT('',(0.126365007941,9.733505437338));
#4405 = CARTESIAN_POINT('',(0.158531044036,10.182851842383));
#4406 = CARTESIAN_POINT('',(0.170642956887,10.369583900828));
#4407 = CARTESIAN_POINT('',(0.182571541009,10.570645789678));
#4408 = CARTESIAN_POINT('',(0.194310574427,10.7852929463));
#4409 = CARTESIAN_POINT('',(0.205853904805,11.012764898411));
#4410 = CARTESIAN_POINT('',(0.217195457027,11.252283414025));
#4411 = CARTESIAN_POINT('',(0.242153765895,11.814421703568));
#4412 = CARTESIAN_POINT('',(0.255660603597,12.14319453305));
#4413 = CARTESIAN_POINT('',(0.268850967465,12.488145574655));
#4414 = CARTESIAN_POINT('',(0.281726057344,12.848131010873));
#4415 = CARTESIAN_POINT('',(0.294287165642,13.222085676384));
#4416 = CARTESIAN_POINT('',(0.306535783601,13.609021962578));
#4417 = CARTESIAN_POINT('',(0.327581576797,14.312445251038));
#4418 = CARTESIAN_POINT('',(0.336509905089,14.623931401891));
#4419 = CARTESIAN_POINT('',(0.345260580956,14.942126787848));
#4420 = CARTESIAN_POINT('',(0.353835410125,15.266700674133));
#4421 = CARTESIAN_POINT('',(0.362236138216,15.597352141436));
#4422 = CARTESIAN_POINT('',(0.3704644734,15.933810249356));
#4423 = CARTESIAN_POINT('',(0.384628712939,16.535042343325));
#4424 = CARTESIAN_POINT('',(0.390637251609,16.797446166448));
#4425 = CARTESIAN_POINT('',(0.396548441106,17.062940606697));
#4426 = CARTESIAN_POINT('',(0.402362935466,17.331427520516));
#4427 = CARTESIAN_POINT('',(0.408081326725,17.602815683325));
#4428 = CARTESIAN_POINT('',(0.413704144921,17.877020789519));
#4429 = CARTESIAN_POINT('',(0.434296032536,18.908697578394));
#4430 = CARTESIAN_POINT('',(0.448657071158,19.683933161117));
#4431 = CARTESIAN_POINT('',(0.462320811445,20.477957832474));
#4432 = CARTESIAN_POINT('',(0.475290714662,21.289377890296));
#4433 = CARTESIAN_POINT('',(0.487567596474,22.117076922692));
#4434 = CARTESIAN_POINT('',(0.499149357579,22.960172432331));
#4435 = CARTESIAN_POINT('',(0.522331081998,24.787636076729));
#4436 = CARTESIAN_POINT('',(0.533739003452,25.77629048072));
#4437 = CARTESIAN_POINT('',(0.544235871975,26.782141785521));
#4438 = CARTESIAN_POINT('',(0.553802074121,27.803593388575));
#4439 = CARTESIAN_POINT('',(0.562417193205,28.83922330573));
#4440 = CARTESIAN_POINT('',(0.570060212809,29.887761505007));
#4441 = CARTESIAN_POINT('',(0.583757476479,32.071876240418));
#4442 = CARTESIAN_POINT('',(0.589689305754,33.208931401079));
#4443 = CARTESIAN_POINT('',(0.594470632591,34.356442796646));
#4444 = CARTESIAN_POINT('',(0.598075333456,35.511783030094));
#4445 = CARTESIAN_POINT('',(0.600485545251,36.672442691752));
#4446 = CARTESIAN_POINT('',(0.601691519041,37.835985053712));
#4447 = CARTESIAN_POINT('',(0.601691519041,40.164437422528));
#4448 = CARTESIAN_POINT('',(0.600484669689,41.328401710042));
#4449 = CARTESIAN_POINT('',(0.598072709404,42.48948026516));
#4450 = CARTESIAN_POINT('',(0.594465400579,43.645233814361));
#4451 = CARTESIAN_POINT('',(0.589680630917,44.79315026188));
#4452 = CARTESIAN_POINT('',(0.583744560098,45.930599310305));
#4453 = CARTESIAN_POINT('',(0.570041765509,48.114786802907));
#4454 = CARTESIAN_POINT('',(0.562398755575,49.163024886573));
#4455 = CARTESIAN_POINT('',(0.553784173971,50.19836100861));
#4456 = CARTESIAN_POINT('',(0.544219023103,51.219524876323));
#4457 = CARTESIAN_POINT('',(0.533723711773,52.225094430625));
#4458 = CARTESIAN_POINT('',(0.522317851143,53.213473282067));
#4459 = CARTESIAN_POINT('',(0.489866171186,55.771531696183));
#4460 = CARTESIAN_POINT('',(0.467333994984,57.307852176704));
#4461 = CARTESIAN_POINT('',(0.44244789092,58.789199849966));
#4462 = CARTESIAN_POINT('',(0.415185232144,60.210045889924));
#4463 = CARTESIAN_POINT('',(0.385490016003,61.561114400445));
#4464 = CARTESIAN_POINT('',(0.353286242696,62.828361020616));
#4465 = CARTESIAN_POINT('',(0.306588448116,64.389236521854));
#4466 = CARTESIAN_POINT('',(0.294382985734,64.77490283668));
#4467 = CARTESIAN_POINT('',(0.28186718424,65.147679476849));
#4468 = CARTESIAN_POINT('',(0.269039554337,65.506589652812));
#4469 = CARTESIAN_POINT('',(0.255898802248,65.850579963497));
#4470 = CARTESIAN_POINT('',(0.242443725196,66.178519326467));
#4471 = CARTESIAN_POINT('',(0.217539067511,66.740392697302));
#4472 = CARTESIAN_POINT('',(0.206196975392,66.980343325278));
#4473 = CARTESIAN_POINT('',(0.194652803468,67.208251251403));
#4474 = CARTESIAN_POINT('',(0.182912610229,67.423337390161));
#4475 = CARTESIAN_POINT('',(0.170982531909,67.624840260843));
#4476 = CARTESIAN_POINT('',(0.158868774686,67.81201413727));
#4477 = CARTESIAN_POINT('',(0.126659262793,68.26304350597));
#4478 = CARTESIAN_POINT('',(0.106246688922,68.502804541374));
#4479 = CARTESIAN_POINT('',(8.543290949023E-02,68.6991305884));
#4480 = CARTESIAN_POINT('',(6.431009732289E-02,68.848777123279));
#4481 = CARTESIAN_POINT('',(4.296961532784E-02,68.949492702158));
#4482 = CARTESIAN_POINT('',(2.150244472349E-02,69.));
#4483 = CARTESIAN_POINT('',(0.,69.));
#4484 = ( GEOMETRIC_REPRESENTATION_CONTEXT(2) 
PARAMETRIC_REPRESENTATION_CONTEXT() REPRESENTATION_CONTEXT('2D SPACE',''
  ) );
#4485 = PCURVE('',#3695,#4486);
#4486 = DEFINITIONAL_REPRESENTATION('',(#4487),#4574);
#4487 = B_SPLINE_CURVE_WITH_KNOTS('',7,(#4488,#4489,#4490,#4491,#4492,
    #4493,#4494,#4495,#4496,#4497,#4498,#4499,#4500,#4501,#4502,#4503,
    #4504,#4505,#4506,#4507,#4508,#4509,#4510,#4511,#4512,#4513,#4514,
    #4515,#4516,#4517,#4518,#4519,#4520,#4521,#4522,#4523,#4524,#4525,
    #4526,#4527,#4528,#4529,#4530,#4531,#4532,#4533,#4534,#4535,#4536,
    #4537,#4538,#4539,#4540,#4541,#4542,#4543,#4544,#4545,#4546,#4547,
    #4548,#4549,#4550,#4551,#4552,#4553,#4554,#4555,#4556,#4557,#4558,
    #4559,#4560,#4561,#4562,#4563,#4564,#4565,#4566,#4567,#4568,#4569,
    #4570,#4571,#4572,#4573),.UNSPECIFIED.,.F.,.F.,(8,6,6,6,6,6,6,6,6,6,
    6,6,6,6,8),(0.,6.717130480067E-02,0.108699807735,0.160264652448,
    0.199605316912,0.229420248246,0.310672171539,0.4025199579,
    0.499868642814,0.597252660185,0.689076187288,0.839558406426,
    0.89100175239,0.932595544854,1.),.UNSPECIFIED.);
#4488 = CARTESIAN_POINT('',(3.14159265359,9.307895450093));
#4489 = CARTESIAN_POINT('',(3.179488384071,9.307895450093));
#4490 = CARTESIAN_POINT('',(3.217322693247,9.279444605856));
#4491 = CARTESIAN_POINT('',(3.254995444603,9.222709312691));
#4492 = CARTESIAN_POINT('',(3.292406228282,9.138609656453));
#4493 = CARTESIAN_POINT('',(3.329450011953,9.028810432872));
#4494 = CARTESIAN_POINT('',(3.366012577842,8.895671289218));
#4495 = CARTESIAN_POINT('',(3.424193708496,8.647245510594));
#4496 = CARTESIAN_POINT('',(3.446208073044,8.544464094474));
#4497 = CARTESIAN_POINT('',(3.468007036926,8.434362809965));
#4498 = CARTESIAN_POINT('',(3.489588024002,8.317510656139));
#4499 = CARTESIAN_POINT('',(3.510947642882,8.194490842522));
#4500 = CARTESIAN_POINT('',(3.532081645157,8.065897070519));
#4501 = CARTESIAN_POINT('',(3.578939882471,7.766482882942));
#4502 = CARTESIAN_POINT('',(3.604544052693,7.592936438623));
#4503 = CARTESIAN_POINT('',(3.629811487493,7.412679759314));
#4504 = CARTESIAN_POINT('',(3.654755075341,7.226658529866));
#4505 = CARTESIAN_POINT('',(3.67938690949,7.035772456259));
#4506 = CARTESIAN_POINT('',(3.703718697482,6.84087287931));
#4507 = CARTESIAN_POINT('',(3.746105796373,6.491613282747));
#4508 = CARTESIAN_POINT('',(3.764284229944,6.338574365839));
#4509 = CARTESIAN_POINT('',(3.782304985076,6.183978410992));
#4510 = CARTESIAN_POINT('',(3.800175361478,6.028142786149));
#4511 = CARTESIAN_POINT('',(3.817902561938,5.871367950221));
#4512 = CARTESIAN_POINT('',(3.835493809388,5.713937949435));
#4513 = CARTESIAN_POINT('',(3.866190806958,5.436516831027));
#4514 = CARTESIAN_POINT('',(3.879351248629,5.316691052577));
#4515 = CARTESIAN_POINT('',(3.892440936803,5.196760279198));
#4516 = CARTESIAN_POINT('',(3.905462956186,5.076837620396));
#4517 = CARTESIAN_POINT('',(3.918420328365,4.95703259432));
#4518 = CARTESIAN_POINT('',(3.931316011808,4.837451127757));
#4519 = CARTESIAN_POINT('',(3.97913611193,4.393199182702));
#4520 = CARTESIAN_POINT('',(4.013690118667,4.070556122366));
#4521 = CARTESIAN_POINT('',(4.047866185682,3.752412845837));
#4522 = CARTESIAN_POINT('',(4.081713914873,3.440746649014));
#4523 = CARTESIAN_POINT('',(4.115281794378,3.137399642317));
#4524 = CARTESIAN_POINT('',(4.148617746519,2.844112740013));
#4525 = CARTESIAN_POINT('',(4.219244866368,2.244289914435));
#4526 = CARTESIAN_POINT('',(4.256492638268,1.9409477972));
#4527 = CARTESIAN_POINT('',(4.293550643856,1.655224417591));
#4528 = CARTESIAN_POINT('',(4.330456759954,1.389634047206));
#4529 = CARTESIAN_POINT('',(4.367249740142,1.146494672647));
#4530 = CARTESIAN_POINT('',(4.403969867112,0.927908558692));
#4531 = CARTESIAN_POINT('',(4.479546745084,0.532067975965));
#4532 = CARTESIAN_POINT('',(4.518400678876,0.358067978998));
#4533 = CARTESIAN_POINT('',(4.557222469092,0.216226336613));
#4534 = CARTESIAN_POINT('',(4.59601965685,0.108485473286));
#4535 = CARTESIAN_POINT('',(4.634803743438,3.617925344013E-02));
#4536 = CARTESIAN_POINT('',(4.673588482175,-6.958609474423E-15));
#4537 = CARTESIAN_POINT('',(4.751203561136,-7.252298527953E-15));
#4538 = CARTESIAN_POINT('',(4.790002364045,3.620552039737E-02));
#4539 = CARTESIAN_POINT('',(4.828800517718,0.108564194599));
#4540 = CARTESIAN_POINT('',(4.867611793705,0.216382715718));
#4541 = CARTESIAN_POINT('',(4.906447707501,0.358325323792));
#4542 = CARTESIAN_POINT('',(4.945315807466,0.532446853938));
#4543 = CARTESIAN_POINT('',(5.020897283923,0.928436373569));
#4544 = CARTESIAN_POINT('',(5.057607962585,1.14701572274));
#4545 = CARTESIAN_POINT('',(5.094391582652,1.39013248256));
#4546 = CARTESIAN_POINT('',(5.131288359163,1.655685631749));
#4547 = CARTESIAN_POINT('',(5.168336979322,1.941358515619));
#4548 = CARTESIAN_POINT('',(5.205575254593,2.244638323543));
#4549 = CARTESIAN_POINT('',(5.30444000785,3.084303525052));
#4550 = CARTESIAN_POINT('',(5.366397066217,3.64538928103));
#4551 = CARTESIAN_POINT('',(5.429272943125,4.2358041518));
#4552 = CARTESIAN_POINT('',(5.49341515952,4.844642590639));
#4553 = CARTESIAN_POINT('',(5.559172768963,5.459450198991));
#4554 = CARTESIAN_POINT('',(5.626901079772,6.065018246275));
#4555 = CARTESIAN_POINT('',(5.720953476009,6.840005874842));
#4556 = CARTESIAN_POINT('',(5.745200922512,7.034253868495));
#4557 = CARTESIAN_POINT('',(5.769746296169,7.224518839025));
#4558 = CARTESIAN_POINT('',(5.794601209542,7.409958557159));
#4559 = CARTESIAN_POINT('',(5.819777654197,7.589683036952));
#4560 = CARTESIAN_POINT('',(5.845288403761,7.76275686804));
#4561 = CARTESIAN_POINT('',(5.892055357721,8.0619695124));
#4562 = CARTESIAN_POINT('',(5.913194296765,8.190771351164));
#4563 = CARTESIAN_POINT('',(5.934559113142,8.314005992114));
#4564 = CARTESIAN_POINT('',(5.956145583872,8.431079004547));
#4565 = CARTESIAN_POINT('',(5.977950342893,8.541406320588));
#4566 = CARTESIAN_POINT('',(5.999970839989,8.644417956649));
#4567 = CARTESIAN_POINT('',(6.058237158214,8.893746149296));
#4568 = CARTESIAN_POINT('',(6.094882153443,9.02748763913));
#4569 = CARTESIAN_POINT('',(6.132011355576,9.137798084829));
#4570 = CARTESIAN_POINT('',(6.169509932679,9.222297595807));
#4571 = CARTESIAN_POINT('',(6.207272328086,9.279306414112));
#4572 = CARTESIAN_POINT('',(6.245197654835,9.307895450093));
#4573 = CARTESIAN_POINT('',(6.28318530718,9.307895450093));
#4574 = ( GEOMETRIC_REPRESENTATION_CONTEXT(2) 
PARAMETRIC_REPRESENTATION_CONTEXT() REPRESENTATION_CONTEXT('2D SPACE',''
  ) );
#4575 = ORIENTED_EDGE('',*,*,#3490,.F.);
#4576 = FACE_BOUND('',#4577,.T.);
#4577 = EDGE_LOOP('',(#4578,#4955));
#4578 = ORIENTED_EDGE('',*,*,#4579,.T.);
#4579 = EDGE_CURVE('',#4580,#4582,#4584,.T.);
#4580 = VERTEX_POINT('',#4581);
#4581 = CARTESIAN_POINT('',(-43.6921045499,30.,1.01278E+03));
#4582 = VERTEX_POINT('',#4583);
#4583 = CARTESIAN_POINT('',(-43.6921045499,-30.,1.01278E+03));
#4584 = SURFACE_CURVE('',#4585,(#4672,#4811),.PCURVE_S1.);
#4585 = B_SPLINE_CURVE_WITH_KNOTS('',7,(#4586,#4587,#4588,#4589,#4590,
    #4591,#4592,#4593,#4594,#4595,#4596,#4597,#4598,#4599,#4600,#4601,
    #4602,#4603,#4604,#4605,#4606,#4607,#4608,#4609,#4610,#4611,#4612,
    #4613,#4614,#4615,#4616,#4617,#4618,#4619,#4620,#4621,#4622,#4623,
    #4624,#4625,#4626,#4627,#4628,#4629,#4630,#4631,#4632,#4633,#4634,
    #4635,#4636,#4637,#4638,#4639,#4640,#4641,#4642,#4643,#4644,#4645,
    #4646,#4647,#4648,#4649,#4650,#4651,#4652,#4653,#4654,#4655,#4656,
    #4657,#4658,#4659,#4660,#4661,#4662,#4663,#4664,#4665,#4666,#4667,
    #4668,#4669,#4670,#4671),.UNSPECIFIED.,.F.,.F.,(8,6,6,6,6,6,6,6,6,6,
    6,6,6,6,8),(0.74981378035,0.798529260472,0.844463154846,
    0.919740533608,0.945474605456,0.966281526617,1.,1.033636882016,
    1.05443280608,1.080254555464,1.099954891842,1.114885096726,
    1.155573027497,1.201566971044,1.250315559286),.UNSPECIFIED.);
#4586 = CARTESIAN_POINT('',(-43.6921045499,30.,1.01278E+03));
#4587 = CARTESIAN_POINT('',(-43.6921045499,30.,1.013944437423E+03));
#4588 = CARTESIAN_POINT('',(-43.7283100703,29.9472701411,
    1.01510840171E+03));
#4589 = CARTESIAN_POINT('',(-43.8006687445,29.841886754922,
    1.016269480265E+03));
#4590 = CARTESIAN_POINT('',(-43.90848726562,29.684000290315,
    1.017425233814E+03));
#4591 = CARTESIAN_POINT('',(-44.05042987369,29.473844722946,
    1.018573150262E+03));
#4592 = CARTESIAN_POINT('',(-44.22455140384,29.211791734225,
    1.01971059931E+03));
#4593 = CARTESIAN_POINT('',(-44.62054092168,28.602998978886,
    1.021894786793E+03));
#4594 = CARTESIAN_POINT('',(-44.83912027549,28.261941534407,
    1.022943024897E+03));
#4595 = CARTESIAN_POINT('',(-45.08223703411,27.875447778534,
    1.023978361017E+03));
#4596 = CARTESIAN_POINT('',(-45.34779017903,27.443548478047,
    1.024999524868E+03));
#4597 = CARTESIAN_POINT('',(-45.63346306293,26.966167658931,
    1.02600509442E+03));
#4598 = CARTESIAN_POINT('',(-45.93674287666,26.443155551214,
    1.026993473292E+03));
#4599 = CARTESIAN_POINT('',(-46.77640807496,24.942105043894,
    1.029551531696E+03));
#4600 = CARTESIAN_POINT('',(-47.33749383092,23.887619506657,
    1.031087852177E+03));
#4601 = CARTESIAN_POINT('',(-47.92790870173,22.707400766626,
    1.03256919985E+03));
#4602 = CARTESIAN_POINT('',(-48.53674714051,21.395651148896,
    1.03399004589E+03));
#4603 = CARTESIAN_POINT('',(-49.15155474891,19.945016270828,
    1.0353411144E+03));
#4604 = CARTESIAN_POINT('',(-49.75712279617,18.347498871469,
    1.036608361021E+03));
#4605 = CARTESIAN_POINT('',(-50.53211042475,15.996980719255,
    1.038169236522E+03));
#4606 = CARTESIAN_POINT('',(-50.7263584184,15.379882372293,
    1.038554902837E+03));
#4607 = CARTESIAN_POINT('',(-50.91662338892,14.744305405514,
    1.038927679477E+03));
#4608 = CARTESIAN_POINT('',(-51.10206310705,14.090078223768,
    1.039286589653E+03));
#4609 = CARTESIAN_POINT('',(-51.28178758686,13.417065445123,
    1.039630579963E+03));
#4610 = CARTESIAN_POINT('',(-51.45486141795,12.725168247539,
    1.039958519326E+03));
#4611 = CARTESIAN_POINT('',(-51.7540740623,11.439582194604,
    1.040520392697E+03));
#4612 = CARTESIAN_POINT('',(-51.88287590107,10.852362367531,
    1.040760343325E+03));
#4613 = CARTESIAN_POINT('',(-52.00611054201,10.252972866001,
    1.040988251251E+03));
#4614 = CARTESIAN_POINT('',(-52.12318355445,9.641748538618,
    1.04120333739E+03));
#4615 = CARTESIAN_POINT('',(-52.23351087049,9.019051526574,
    1.041404840261E+03));
#4616 = CARTESIAN_POINT('',(-52.33652250655,8.385271339299,
    1.041592014137E+03));
#4617 = CARTESIAN_POINT('',(-52.5858506992,6.696472960541,
    1.042043043506E+03));
#4618 = CARTESIAN_POINT('',(-52.71959218903,5.622624898456,
    1.042282804541E+03));
#4619 = CARTESIAN_POINT('',(-52.82990263473,4.524514009792,
    1.042479130588E+03));
#4620 = CARTESIAN_POINT('',(-52.91440214571,3.407574976398,
    1.042628777123E+03));
#4621 = CARTESIAN_POINT('',(-52.97141096401,2.277389423692,
    1.042729492702E+03));
#4622 = CARTESIAN_POINT('',(-53.,1.139629570348,1.04278E+03));
#4623 = CARTESIAN_POINT('',(-53.,-1.136871914826,1.04278E+03));
#4624 = CARTESIAN_POINT('',(-52.97154915574,-2.271901239992,
    1.042729736841E+03));
#4625 = CARTESIAN_POINT('',(-52.9148138626,-3.399416926339,
    1.04262950449E+03));
#4626 = CARTESIAN_POINT('',(-52.83071420639,-4.513779742819,
    1.042480567876E+03));
#4627 = CARTESIAN_POINT('',(-52.72091498279,-5.609439877196,
    1.042285158772E+03));
#4628 = CARTESIAN_POINT('',(-52.58777583908,-6.680992687077,
    1.042046494563E+03));
#4629 = CARTESIAN_POINT('',(-52.3393500605,-8.367595003884,
    1.041597148158E+03));
#4630 = CARTESIAN_POINT('',(-52.23656864438,-9.001313499908,
    1.041410416099E+03));
#4631 = CARTESIAN_POINT('',(-52.12646735987,-9.623970052571,
    1.04120935421E+03));
#4632 = CARTESIAN_POINT('',(-52.00961520604,-10.23517402641,
    1.040994707054E+03));
#4633 = CARTESIAN_POINT('',(-51.88659539242,-10.83456211074,
    1.040767235102E+03));
#4634 = CARTESIAN_POINT('',(-51.75800162042,-11.42179824305,
    1.040527716586E+03));
#4635 = CARTESIAN_POINT('',(-51.45858743284,-12.71025682108,
    1.039965578296E+03));
#4636 = CARTESIAN_POINT('',(-51.28504098852,-13.40486478624,
    1.039636805467E+03));
#4637 = CARTESIAN_POINT('',(-51.10478430922,-14.08045862222,
    1.039291854425E+03));
#4638 = CARTESIAN_POINT('',(-50.91876307978,-14.737137016,
    1.038931868989E+03));
#4639 = CARTESIAN_POINT('',(-50.72787700616,-15.37503579227,
    1.038557914324E+03));
#4640 = CARTESIAN_POINT('',(-50.5329774292,-15.99432755843,
    1.038170978037E+03));
#4641 = CARTESIAN_POINT('',(-50.1837178315,-17.05366471991,
    1.037467554747E+03));
#4642 = CARTESIAN_POINT('',(-50.0306789156,-17.50146484088,
    1.037156068598E+03));
#4643 = CARTESIAN_POINT('',(-49.87608296181,-17.93876867053,
    1.036837873214E+03));
#4644 = CARTESIAN_POINT('',(-49.72024733699,-18.36572490087,
    1.036513299328E+03));
#4645 = CARTESIAN_POINT('',(-49.56347250001,-18.78248404664,
    1.036182647858E+03));
#4646 = CARTESIAN_POINT('',(-49.40604249816,-19.18919853395,
    1.035846189748E+03));
#4647 = CARTESIAN_POINT('',(-49.12862138093,-19.88676219334,
    1.035244957657E+03));
#4648 = CARTESIAN_POINT('',(-49.00879560248,-20.18181989119,
    1.034982553834E+03));
#4649 = CARTESIAN_POINT('',(-48.8888648291,-20.47126224972,
    1.034717059393E+03));
#4650 = CARTESIAN_POINT('',(-48.7689421703,-20.75515331518,
    1.034448572479E+03));
#4651 = CARTESIAN_POINT('',(-48.64913714422,-21.03355481281,
    1.034177184317E+03));
#4652 = CARTESIAN_POINT('',(-48.52955567766,-21.30652614682,
    1.03390297921E+03));
#4653 = CARTESIAN_POINT('',(-48.0853037326,-22.30338560604,
    1.032871302422E+03));
#4654 = CARTESIAN_POINT('',(-47.76266067227,-22.99289564705,
    1.032096066839E+03));
#4655 = CARTESIAN_POINT('',(-47.44451739574,-23.64362810653,
    1.031302042168E+03));
#4656 = CARTESIAN_POINT('',(-47.13285119892,-24.25647417235,
    1.03049062211E+03));
#4657 = CARTESIAN_POINT('',(-46.82950419222,-24.83221619999,
    1.029662923077E+03));
#4658 = CARTESIAN_POINT('',(-46.53621728991,-25.37150127544,
    1.028819827568E+03));
#4659 = CARTESIAN_POINT('',(-45.93639446434,-26.44376415401,
    1.026992363923E+03));
#4660 = CARTESIAN_POINT('',(-45.6330523471,-26.96686643424,
    1.026003709519E+03));
#4661 = CARTESIAN_POINT('',(-45.3473289675,-27.44431325913,
    1.024997858214E+03));
#4662 = CARTESIAN_POINT('',(-45.08173859711,-27.87625510229,
    1.023976406611E+03));
#4663 = CARTESIAN_POINT('',(-44.83859922255,-28.26276828592,
    1.022940776694E+03));
#4664 = CARTESIAN_POINT('',(-44.6200131086,-28.6038219962,
    1.021892238495E+03));
#4665 = CARTESIAN_POINT('',(-44.22417252587,-29.21236193581,
    1.01970812376E+03));
#4666 = CARTESIAN_POINT('',(-44.0501725289,-29.47422573655,
    1.018571068599E+03));
#4667 = CARTESIAN_POINT('',(-43.90833088652,-29.68422928752,
    1.017423557203E+03));
#4668 = CARTESIAN_POINT('',(-43.80059002319,-29.84200140491,
    1.01626821697E+03));
#4669 = CARTESIAN_POINT('',(-43.72828380334,-29.94730839639,
    1.015107557308E+03));
#4670 = CARTESIAN_POINT('',(-43.6921045499,-30.,1.013944014946E+03));
#4671 = CARTESIAN_POINT('',(-43.6921045499,-30.,1.01278E+03));
#4672 = PCURVE('',#3473,#4673);
#4673 = DEFINITIONAL_REPRESENTATION('',(#4674),#4810);
#4674 = B_SPLINE_CURVE_WITH_KNOTS('',3,(#4675,#4676,#4677,#4678,#4679,
    #4680,#4681,#4682,#4683,#4684,#4685,#4686,#4687,#4688,#4689,#4690,
    #4691,#4692,#4693,#4694,#4695,#4696,#4697,#4698,#4699,#4700,#4701,
    #4702,#4703,#4704,#4705,#4706,#4707,#4708,#4709,#4710,#4711,#4712,
    #4713,#4714,#4715,#4716,#4717,#4718,#4719,#4720,#4721,#4722,#4723,
    #4724,#4725,#4726,#4727,#4728,#4729,#4730,#4731,#4732,#4733,#4734,
    #4735,#4736,#4737,#4738,#4739,#4740,#4741,#4742,#4743,#4744,#4745,
    #4746,#4747,#4748,#4749,#4750,#4751,#4752,#4753,#4754,#4755,#4756,
    #4757,#4758,#4759,#4760,#4761,#4762,#4763,#4764,#4765,#4766,#4767,
    #4768,#4769,#4770,#4771,#4772,#4773,#4774,#4775,#4776,#4777,#4778,
    #4779,#4780,#4781,#4782,#4783,#4784,#4785,#4786,#4787,#4788,#4789,
    #4790,#4791,#4792,#4793,#4794,#4795,#4796,#4797,#4798,#4799,#4800,
    #4801,#4802,#4803,#4804,#4805,#4806,#4807,#4808,#4809),
  .UNSPECIFIED.,.F.,.F.,(4,1,1,1,1,1,1,1,1,1,1,1,1,1,1,1,1,1,1,1,1,1,1,1
    ,1,1,1,1,1,1,1,1,1,1,1,1,1,1,1,1,1,1,1,1,1,1,1,1,1,1,1,1,1,1,1,1,1,1
    ,1,1,1,1,1,1,1,1,1,1,1,1,1,1,1,1,1,1,1,1,1,1,1,1,1,1,1,1,1,1,1,1,1,1
    ,1,1,1,1,1,1,1,1,1,1,1,1,1,1,1,1,1,1,1,1,1,1,1,1,1,1,1,1,1,1,1,1,1,1
    ,1,1,1,1,1,1,4),(0.74981378035,0.753605460493,0.757397140637,
    0.76118882078,0.764980500924,0.768772181067,0.772563861211,
    0.776355541354,0.780147221498,0.783938901641,0.787730581785,
    0.791522261928,0.795313942071,0.799105622215,0.802897302358,
    0.806688982502,0.810480662645,0.814272342789,0.818064022932,
    0.821855703076,0.825647383219,0.829439063363,0.833230743506,
    0.837022423649,0.840814103793,0.844605783936,0.84839746408,
    0.852189144223,0.855980824367,0.85977250451,0.863564184654,
    0.867355864797,0.871147544941,0.874939225084,0.878730905228,
    0.882522585371,0.886314265514,0.890105945658,0.893897625801,
    0.897689305945,0.901480986088,0.905272666232,0.909064346375,
    0.912856026519,0.916647706662,0.920439386806,0.924231066949,
    0.928022747092,0.931814427236,0.935606107379,0.939397787523,
    0.943189467666,0.94698114781,0.950772827953,0.954564508097,
    0.95835618824,0.962147868384,0.965939548527,0.96973122867,
    0.973522908814,0.977314588957,0.981106269101,0.984897949244,
    0.988689629388,0.992481309531,0.996272989675,1.000064669818,
    1.003856349962,1.007648030105,1.011439710248,1.015231390392,
    1.019023070535,1.022814750679,1.026606430822,1.030398110966,
    1.034189791109,1.037981471253,1.041773151396,1.04556483154,
    1.049356511683,1.053148191826,1.05693987197,1.060731552113,
    1.064523232257,1.0683149124,1.072106592544,1.075898272687,
    1.079689952831,1.083481632974,1.087273313118,1.091064993261,
    1.094856673405,1.098648353548,1.102440033691,1.106231713835,
    1.110023393978,1.113815074122,1.117606754265,1.121398434409,
    1.125190114552,1.128981794696,1.132773474839,1.136565154983,
    1.140356835126,1.144148515269,1.147940195413,1.151731875556,
    1.1555235557,1.159315235843,1.163106915987,1.16689859613,
    1.170690276274,1.174481956417,1.178273636561,1.182065316704,
    1.185856996847,1.189648676991,1.193440357134,1.197232037278,
    1.201023717421,1.204815397565,1.208607077708,1.212398757852,
    1.216190437995,1.219982118139,1.223773798282,1.227565478425,
    1.231357158569,1.235148838712,1.238940518856,1.242732198999,
    1.246523879143,1.250315559286),.UNSPECIFIED.);
#4675 = CARTESIAN_POINT('',(2.539901134549,39.000000000375));
#4676 = CARTESIAN_POINT('',(2.53990111389,39.211474223331));
#4677 = CARTESIAN_POINT('',(2.540003506465,39.634382918888));
#4678 = CARTESIAN_POINT('',(2.540463828434,40.268386034162));
#4679 = CARTESIAN_POINT('',(2.541230412447,40.901789099503));
#4680 = CARTESIAN_POINT('',(2.542302446172,41.534350050097));
#4681 = CARTESIAN_POINT('',(2.543678892272,42.165825128633));
#4682 = CARTESIAN_POINT('',(2.545358456003,42.795968401526));
#4683 = CARTESIAN_POINT('',(2.547339592659,43.4245314686));
#4684 = CARTESIAN_POINT('',(2.549620504432,44.051263138352));
#4685 = CARTESIAN_POINT('',(2.552199139732,44.675909052542));
#4686 = CARTESIAN_POINT('',(2.555073193077,45.298211553052));
#4687 = CARTESIAN_POINT('',(2.558240099852,45.917908635583));
#4688 = CARTESIAN_POINT('',(2.561697050441,46.534736318806));
#4689 = CARTESIAN_POINT('',(2.565440931122,47.148418270122));
#4690 = CARTESIAN_POINT('',(2.569468544084,47.758704059783));
#4691 = CARTESIAN_POINT('',(2.573777440381,48.365468594581));
#4692 = CARTESIAN_POINT('',(2.57836510224,48.968564988038));
#4693 = CARTESIAN_POINT('',(2.583229055238,49.567845270603));
#4694 = CARTESIAN_POINT('',(2.588366840181,50.16315455965));
#4695 = CARTESIAN_POINT('',(2.593776022987,50.754332359403));
#4696 = CARTESIAN_POINT('',(2.599454193655,51.341211881364));
#4697 = CARTESIAN_POINT('',(2.605398971629,51.923620152747));
#4698 = CARTESIAN_POINT('',(2.61160799713,52.501376952419));
#4699 = CARTESIAN_POINT('',(2.618078972718,53.074297648735));
#4700 = CARTESIAN_POINT('',(2.624809518434,53.642181602344));
#4701 = CARTESIAN_POINT('',(2.63179772266,54.204854407155));
#4702 = CARTESIAN_POINT('',(2.639040089063,54.762008607409));
#4703 = CARTESIAN_POINT('',(2.646535106877,55.313488681192));
#4704 = CARTESIAN_POINT('',(2.654282766119,55.859219641092));
#4705 = CARTESIAN_POINT('',(2.662282951069,56.39908340815));
#4706 = CARTESIAN_POINT('',(2.670535856848,56.932951013867));
#4707 = CARTESIAN_POINT('',(2.679041863975,57.460673027201));
#4708 = CARTESIAN_POINT('',(2.687801558278,57.982081153094));
#4709 = CARTESIAN_POINT('',(2.696815712008,58.496986814512));
#4710 = CARTESIAN_POINT('',(2.706085275539,59.005180518677));
#4711 = CARTESIAN_POINT('',(2.715611366458,59.506430987908));
#4712 = CARTESIAN_POINT('',(2.725395259629,60.000484327808));
#4713 = CARTESIAN_POINT('',(2.735438377236,60.487063156571));
#4714 = CARTESIAN_POINT('',(2.745742279354,60.965865722685));
#4715 = CARTESIAN_POINT('',(2.756308654026,61.436564973302));
#4716 = CARTESIAN_POINT('',(2.767139310504,61.898807691939));
#4717 = CARTESIAN_POINT('',(2.778236162142,62.352213263812));
#4718 = CARTESIAN_POINT('',(2.78960124953,62.796373711987));
#4719 = CARTESIAN_POINT('',(2.801236615037,63.230848868408));
#4720 = CARTESIAN_POINT('',(2.813144733649,63.655179575527));
#4721 = CARTESIAN_POINT('',(2.825326869447,64.068833466716));
#4722 = CARTESIAN_POINT('',(2.837789636157,64.471417509482));
#4723 = CARTESIAN_POINT('',(2.850535338464,64.86234296771));
#4724 = CARTESIAN_POINT('',(2.863564688451,65.240943903479));
#4725 = CARTESIAN_POINT('',(2.876878714261,65.606536521937));
#4726 = CARTESIAN_POINT('',(2.890478299543,65.958403768392));
#4727 = CARTESIAN_POINT('',(2.904364225586,66.295796471856));
#4728 = CARTESIAN_POINT('',(2.918537573593,66.617943050433));
#4729 = CARTESIAN_POINT('',(2.932998828526,66.9240222958));
#4730 = CARTESIAN_POINT('',(2.947739420423,67.213011834619));
#4731 = CARTESIAN_POINT('',(2.962751721046,67.483933792271));
#4732 = CARTESIAN_POINT('',(2.978028409991,67.735827478023));
#4733 = CARTESIAN_POINT('',(2.993559578618,67.9677136209));
#4734 = CARTESIAN_POINT('',(3.009344970375,68.17875912058));
#4735 = CARTESIAN_POINT('',(3.025370393145,68.367930977077));
#4736 = CARTESIAN_POINT('',(3.041604702968,68.534096561859));
#4737 = CARTESIAN_POINT('',(3.058021317681,68.676321144612));
#4738 = CARTESIAN_POINT('',(3.074592594138,68.79378785213));
#4739 = CARTESIAN_POINT('',(3.091291124051,68.885817667757));
#4740 = CARTESIAN_POINT('',(3.108090079838,68.951862852487));
#4741 = CARTESIAN_POINT('',(3.124960415875,68.991508054333));
#4742 = CARTESIAN_POINT('',(3.141881576881,69.00446865854));
#4743 = CARTESIAN_POINT('',(3.158801273455,68.990593902449));
#4744 = CARTESIAN_POINT('',(3.175669927784,68.950042121671));
#4745 = CARTESIAN_POINT('',(3.192466210602,68.883100956504));
#4746 = CARTESIAN_POINT('',(3.209161226524,68.790190364417));
#4747 = CARTESIAN_POINT('',(3.225728046221,68.671862695024));
#4748 = CARTESIAN_POINT('',(3.242139235306,68.528801817945));
#4749 = CARTESIAN_POINT('',(3.258367066113,68.361830396162));
#4750 = CARTESIAN_POINT('',(3.274385022621,68.171886943869));
#4751 = CARTESIAN_POINT('',(3.290161476047,67.960117020147));
#4752 = CARTESIAN_POINT('',(3.305684428516,67.727525121253));
#4753 = CARTESIAN_POINT('',(3.320952427485,67.474959648521));
#4754 = CARTESIAN_POINT('',(3.335955844795,67.203396897036));
#4755 = CARTESIAN_POINT('',(3.350687259299,66.913799464982));
#4756 = CARTESIAN_POINT('',(3.365138990333,66.607147246862));
#4757 = CARTESIAN_POINT('',(3.379302603357,66.284460690544));
#4758 = CARTESIAN_POINT('',(3.393178954248,65.946551556973));
#4759 = CARTESIAN_POINT('',(3.406768973789,65.594193635635));
#4760 = CARTESIAN_POINT('',(3.420073470052,65.228134508862));
#4761 = CARTESIAN_POINT('',(3.433093320969,64.849090285528));
#4762 = CARTESIAN_POINT('',(3.445829508105,64.457745317555));
#4763 = CARTESIAN_POINT('',(3.45828289915,64.054759731053));
#4764 = CARTESIAN_POINT('',(3.470455192653,63.640740717584));
#4765 = CARTESIAN_POINT('',(3.482350855347,63.216161654942));
#4766 = CARTESIAN_POINT('',(3.493972185487,62.781529228342));
#4767 = CARTESIAN_POINT('',(3.505321938705,62.337298765175));
#4768 = CARTESIAN_POINT('',(3.516402674731,61.883895754432));
#4769 = CARTESIAN_POINT('',(3.527216966053,61.421709474972));
#4770 = CARTESIAN_POINT('',(3.537767193513,60.951100927464));
#4771 = CARTESIAN_POINT('',(3.548055593412,60.472402285853));
#4772 = CARTESIAN_POINT('',(3.558084098323,59.985925619791));
#4773 = CARTESIAN_POINT('',(3.56785469897,59.491946103303));
#4774 = CARTESIAN_POINT('',(3.577369759562,58.990682370754));
#4775 = CARTESIAN_POINT('',(3.586629789531,58.4824160467));
#4776 = CARTESIAN_POINT('',(3.595635514688,57.967391412106));
#4777 = CARTESIAN_POINT('',(3.60438739563,57.445839442491));
#4778 = CARTESIAN_POINT('',(3.612885752282,56.917972321264));
#4779 = CARTESIAN_POINT('',(3.621130724288,56.38398595759));
#4780 = CARTESIAN_POINT('',(3.629122279144,55.844060010919));
#4781 = CARTESIAN_POINT('',(3.636860190872,55.298359884239));
#4782 = CARTESIAN_POINT('',(3.644344086247,54.747033335655));
#4783 = CARTESIAN_POINT('',(3.651573247839,54.190226647878));
#4784 = CARTESIAN_POINT('',(3.658547319883,53.628027947599));
#4785 = CARTESIAN_POINT('',(3.665264580384,53.060605551251));
#4786 = CARTESIAN_POINT('',(3.671722654651,52.48816982078));
#4787 = CARTESIAN_POINT('',(3.67791929702,51.910910644691));
#4788 = CARTESIAN_POINT('',(3.683852184278,51.329014457307));
#4789 = CARTESIAN_POINT('',(3.689518973747,50.742659956041));
#4790 = CARTESIAN_POINT('',(3.694917290435,50.152019517951));
#4791 = CARTESIAN_POINT('',(3.700044732946,49.557259121154));
#4792 = CARTESIAN_POINT('',(3.704898874872,48.95853854755));
#4793 = CARTESIAN_POINT('',(3.709477264956,48.356011955399));
#4794 = CARTESIAN_POINT('',(3.713777436071,47.749826691246));
#4795 = CARTESIAN_POINT('',(3.717796879433,47.140128774569));
#4796 = CARTESIAN_POINT('',(3.721533148242,46.527043452152));
#4797 = CARTESIAN_POINT('',(3.724983042091,45.910822736915));
#4798 = CARTESIAN_POINT('',(3.728143463775,45.291741465064));
#4799 = CARTESIAN_POINT('',(3.731011614089,44.670062914003));
#4800 = CARTESIAN_POINT('',(3.733584939108,44.046048198301));
#4801 = CARTESIAN_POINT('',(3.735861142622,43.419954160651));
#4802 = CARTESIAN_POINT('',(3.737838181355,42.792034346425));
#4803 = CARTESIAN_POINT('',(3.739514264748,42.162539153997));
#4804 = CARTESIAN_POINT('',(3.740887854306,41.531716203513));
#4805 = CARTESIAN_POINT('',(3.741957660476,40.899810661263));
#4806 = CARTESIAN_POINT('',(3.742722650054,40.267065528235));
#4807 = CARTESIAN_POINT('',(3.743182013924,39.63372212152));
#4808 = CARTESIAN_POINT('',(3.743284193205,39.211253923946));
#4809 = CARTESIAN_POINT('',(3.74328417263,38.999999999609));
#4810 = ( GEOMETRIC_REPRESENTATION_CONTEXT(2) 
PARAMETRIC_REPRESENTATION_CONTEXT() REPRESENTATION_CONTEXT('2D SPACE',''
  ) );
#4811 = PCURVE('',#4812,#4817);
#4812 = CYLINDRICAL_SURFACE('',#4813,30.);
#4813 = AXIS2_PLACEMENT_3D('',#4814,#4815,#4816);
#4814 = CARTESIAN_POINT('',(-110.,0.,1.01278E+03));
#4815 = DIRECTION('',(1.,0.,0.));
#4816 = DIRECTION('',(0.,0.,1.));
#4817 = DEFINITIONAL_REPRESENTATION('',(#4818),#4954);
#4818 = B_SPLINE_CURVE_WITH_KNOTS('',3,(#4819,#4820,#4821,#4822,#4823,
    #4824,#4825,#4826,#4827,#4828,#4829,#4830,#4831,#4832,#4833,#4834,
    #4835,#4836,#4837,#4838,#4839,#4840,#4841,#4842,#4843,#4844,#4845,
    #4846,#4847,#4848,#4849,#4850,#4851,#4852,#4853,#4854,#4855,#4856,
    #4857,#4858,#4859,#4860,#4861,#4862,#4863,#4864,#4865,#4866,#4867,
    #4868,#4869,#4870,#4871,#4872,#4873,#4874,#4875,#4876,#4877,#4878,
    #4879,#4880,#4881,#4882,#4883,#4884,#4885,#4886,#4887,#4888,#4889,
    #4890,#4891,#4892,#4893,#4894,#4895,#4896,#4897,#4898,#4899,#4900,
    #4901,#4902,#4903,#4904,#4905,#4906,#4907,#4908,#4909,#4910,#4911,
    #4912,#4913,#4914,#4915,#4916,#4917,#4918,#4919,#4920,#4921,#4922,
    #4923,#4924,#4925,#4926,#4927,#4928,#4929,#4930,#4931,#4932,#4933,
    #4934,#4935,#4936,#4937,#4938,#4939,#4940,#4941,#4942,#4943,#4944,
    #4945,#4946,#4947,#4948,#4949,#4950,#4951,#4952,#4953),
  .UNSPECIFIED.,.F.,.F.,(4,1,1,1,1,1,1,1,1,1,1,1,1,1,1,1,1,1,1,1,1,1,1,1
    ,1,1,1,1,1,1,1,1,1,1,1,1,1,1,1,1,1,1,1,1,1,1,1,1,1,1,1,1,1,1,1,1,1,1
    ,1,1,1,1,1,1,1,1,1,1,1,1,1,1,1,1,1,1,1,1,1,1,1,1,1,1,1,1,1,1,1,1,1,1
    ,1,1,1,1,1,1,1,1,1,1,1,1,1,1,1,1,1,1,1,1,1,1,1,1,1,1,1,1,1,1,1,1,1,1
    ,1,1,1,1,1,1,4),(0.74981378035,0.753605460493,0.757397140637,
    0.76118882078,0.764980500924,0.768772181067,0.772563861211,
    0.776355541354,0.780147221498,0.783938901641,0.787730581785,
    0.791522261928,0.795313942071,0.799105622215,0.802897302358,
    0.806688982502,0.810480662645,0.814272342789,0.818064022932,
    0.821855703076,0.825647383219,0.829439063363,0.833230743506,
    0.837022423649,0.840814103793,0.844605783936,0.84839746408,
    0.852189144223,0.855980824367,0.85977250451,0.863564184654,
    0.867355864797,0.871147544941,0.874939225084,0.878730905228,
    0.882522585371,0.886314265514,0.890105945658,0.893897625801,
    0.897689305945,0.901480986088,0.905272666232,0.909064346375,
    0.912856026519,0.916647706662,0.920439386806,0.924231066949,
    0.928022747092,0.931814427236,0.935606107379,0.939397787523,
    0.943189467666,0.94698114781,0.950772827953,0.954564508097,
    0.95835618824,0.962147868384,0.965939548527,0.96973122867,
    0.973522908814,0.977314588957,0.981106269101,0.984897949244,
    0.988689629388,0.992481309531,0.996272989675,1.000064669818,
    1.003856349962,1.007648030105,1.011439710248,1.015231390392,
    1.019023070535,1.022814750679,1.026606430822,1.030398110966,
    1.034189791109,1.037981471253,1.041773151396,1.04556483154,
    1.049356511683,1.053148191826,1.05693987197,1.060731552113,
    1.064523232257,1.0683149124,1.072106592544,1.075898272687,
    1.079689952831,1.083481632974,1.087273313118,1.091064993261,
    1.094856673405,1.098648353548,1.102440033691,1.106231713835,
    1.110023393978,1.113815074122,1.117606754265,1.121398434409,
    1.125190114552,1.128981794696,1.132773474839,1.136565154983,
    1.140356835126,1.144148515269,1.147940195413,1.151731875556,
    1.1555235557,1.159315235843,1.163106915987,1.16689859613,
    1.170690276274,1.174481956417,1.178273636561,1.182065316704,
    1.185856996847,1.189648676991,1.193440357134,1.197232037278,
    1.201023717421,1.204815397565,1.208607077708,1.212398757852,
    1.216190437995,1.219982118139,1.223773798282,1.227565478425,
    1.231357158569,1.235148838712,1.238940518856,1.242732198999,
    1.246523879143,1.250315559286),.UNSPECIFIED.);
#4819 = CARTESIAN_POINT('',(-1.570796326783,66.3078954501));
#4820 = CARTESIAN_POINT('',(-1.563747186688,66.307897095048));
#4821 = CARTESIAN_POINT('',(-1.549650228909,66.3048234741));
#4822 = CARTESIAN_POINT('',(-1.528507338565,66.291019051171));
#4823 = CARTESIAN_POINT('',(-1.507365552419,66.268049644306));
#4824 = CARTESIAN_POINT('',(-1.486223502602,66.235971328167));
#4825 = CARTESIAN_POINT('',(-1.465079881815,66.194857821201));
#4826 = CARTESIAN_POINT('',(-1.44393345941,66.144802862771));
#4827 = CARTESIAN_POINT('',(-1.422783090371,66.085919380014));
#4828 = CARTESIAN_POINT('',(-1.401627726551,66.018339463021));
#4829 = CARTESIAN_POINT('',(-1.38046643045,65.942214084633));
#4830 = CARTESIAN_POINT('',(-1.359298381729,65.857712801075));
#4831 = CARTESIAN_POINT('',(-1.338122916197,65.765023552307));
#4832 = CARTESIAN_POINT('',(-1.316939448739,65.664351850273));
#4833 = CARTESIAN_POINT('',(-1.295747835278,65.555922083502));
#4834 = CARTESIAN_POINT('',(-1.274547065628,65.439970539058));
#4835 = CARTESIAN_POINT('',(-1.253331738662,65.316721532786));
#4836 = CARTESIAN_POINT('',(-1.23209709775,65.186410904955));
#4837 = CARTESIAN_POINT('',(-1.210838307544,65.049282570673));
#4838 = CARTESIAN_POINT('',(-1.189550638782,64.905589207106));
#4839 = CARTESIAN_POINT('',(-1.16822940946,64.755591826087));
#4840 = CARTESIAN_POINT('',(-1.14686999432,64.599559668386));
#4841 = CARTESIAN_POINT('',(-1.125467806353,64.437769925923));
#4842 = CARTESIAN_POINT('',(-1.104018323412,64.270507830551));
#4843 = CARTESIAN_POINT('',(-1.082516963639,64.098065448637));
#4844 = CARTESIAN_POINT('',(-1.060959521612,63.920745285862));
#4845 = CARTESIAN_POINT('',(-1.03934051368,63.738845945333));
#4846 = CARTESIAN_POINT('',(-1.01765934989,63.552714961966));
#4847 = CARTESIAN_POINT('',(-0.995909354072,63.36265590461));
#4848 = CARTESIAN_POINT('',(-0.974080140809,63.168944034544));
#4849 = CARTESIAN_POINT('',(-0.952162383361,62.971868236292));
#4850 = CARTESIAN_POINT('',(-0.930146523156,62.77172080433));
#4851 = CARTESIAN_POINT('',(-0.908023102861,62.568801220465));
#4852 = CARTESIAN_POINT('',(-0.885782664541,62.363416197642));
#4853 = CARTESIAN_POINT('',(-0.863415764365,62.155880735907));
#4854 = CARTESIAN_POINT('',(-0.840912955977,61.946518915403));
#4855 = CARTESIAN_POINT('',(-0.818264782022,61.735664764663));
#4856 = CARTESIAN_POINT('',(-0.795461763059,61.5236631098));
#4857 = CARTESIAN_POINT('',(-0.77249438673,61.310870427464));
#4858 = CARTESIAN_POINT('',(-0.749353095732,61.097655688015));
#4859 = CARTESIAN_POINT('',(-0.72602827661,60.884401203751));
#4860 = CARTESIAN_POINT('',(-0.702510241877,60.671503419931));
#4861 = CARTESIAN_POINT('',(-0.6787892324,60.459373866296));
#4862 = CARTESIAN_POINT('',(-0.654855338669,60.248439444107));
#4863 = CARTESIAN_POINT('',(-0.630698718413,60.039145114394));
#4864 = CARTESIAN_POINT('',(-0.606308700819,59.831947533175));
#4865 = CARTESIAN_POINT('',(-0.581677037518,59.627342368444));
#4866 = CARTESIAN_POINT('',(-0.556784742019,59.425758203513));
#4867 = CARTESIAN_POINT('',(-0.531621653826,59.227721843131));
#4868 = CARTESIAN_POINT('',(-0.506180497543,59.033803237843));
#4869 = CARTESIAN_POINT('',(-0.480453070086,58.844584979784));
#4870 = CARTESIAN_POINT('',(-0.45443112447,58.660669577667));
#4871 = CARTESIAN_POINT('',(-0.428106242977,58.482678412298));
#4872 = CARTESIAN_POINT('',(-0.40146902931,58.311246190802));
#4873 = CARTESIAN_POINT('',(-0.374510809278,58.147034207785));
#4874 = CARTESIAN_POINT('',(-0.347239088342,57.990812401363));
#4875 = CARTESIAN_POINT('',(-0.319658613531,57.843327399363));
#4876 = CARTESIAN_POINT('',(-0.291772703033,57.705314147528));
#4877 = CARTESIAN_POINT('',(-0.263588464387,57.577513607969));
#4878 = CARTESIAN_POINT('',(-0.235094713701,57.460579029164));
#4879 = CARTESIAN_POINT('',(-0.206304714089,57.355264936148));
#4880 = CARTESIAN_POINT('',(-0.177260871079,57.26237175309));
#4881 = CARTESIAN_POINT('',(-0.147996050766,57.18257666492));
#4882 = CARTESIAN_POINT('',(-0.118543940246,57.116474035781));
#4883 = CARTESIAN_POINT('',(-8.893687904159E-02,57.064560999777));
#4884 = CARTESIAN_POINT('',(-5.920543809859E-02,57.027238318148));
#4885 = CARTESIAN_POINT('',(-2.938352296159E-02,57.004807527886));
#4886 = CARTESIAN_POINT('',(5.103794824137E-04,56.997470187636));
#4887 = CARTESIAN_POINT('',(3.040200484741E-02,57.005324971982));
#4888 = CARTESIAN_POINT('',(6.022187306141E-02,57.028267981083));
#4889 = CARTESIAN_POINT('',(8.995011921141E-02,57.066095033514));
#4890 = CARTESIAN_POINT('',(0.119553087447,57.118501120098));
#4891 = CARTESIAN_POINT('',(0.149000005408,57.185082070478));
#4892 = CARTESIAN_POINT('',(0.178258459844,57.265337287812));
#4893 = CARTESIAN_POINT('',(0.207294577214,57.358668534352));
#4894 = CARTESIAN_POINT('',(0.236075570927,57.464395981418));
#4895 = CARTESIAN_POINT('',(0.26455810241,57.581711687001));
#4896 = CARTESIAN_POINT('',(0.292732837639,57.70987658432));
#4897 = CARTESIAN_POINT('',(0.320608780254,57.848228639403));
#4898 = CARTESIAN_POINT('',(0.348179298822,57.996028341963));
#4899 = CARTESIAN_POINT('',(0.375440863688,58.152539570529));
#4900 = CARTESIAN_POINT('',(0.402388597031,58.317014572697));
#4901 = CARTESIAN_POINT('',(0.429015210347,58.488684508116));
#4902 = CARTESIAN_POINT('',(0.455330058929,58.66689309564));
#4903 = CARTESIAN_POINT('',(0.48134224432,58.851004465916));
#4904 = CARTESIAN_POINT('',(0.507060221787,59.040398123577));
#4905 = CARTESIAN_POINT('',(0.532492217535,59.23447210809));
#4906 = CARTESIAN_POINT('',(0.557646331599,59.432643648144));
#4907 = CARTESIAN_POINT('',(0.58253013874,59.634345846438));
#4908 = CARTESIAN_POINT('',(0.607152584649,59.839042749386));
#4909 = CARTESIAN_POINT('',(0.631528177842,60.046267270562));
#4910 = CARTESIAN_POINT('',(0.65566707628,60.255538299017));
#4911 = CARTESIAN_POINT('',(0.679580384251,60.466402668492));
#4912 = CARTESIAN_POINT('',(0.703278895461,60.678424020248));
#4913 = CARTESIAN_POINT('',(0.726773556617,60.891185539801));
#4914 = CARTESIAN_POINT('',(0.750075088504,61.104285816888));
#4915 = CARTESIAN_POINT('',(0.773194114816,61.31733859349));
#4916 = CARTESIAN_POINT('',(0.796140830836,61.529968228481));
#4917 = CARTESIAN_POINT('',(0.818925855896,61.74181735538));
#4918 = CARTESIAN_POINT('',(0.841561107408,61.952553118782));
#4919 = CARTESIAN_POINT('',(0.864054498682,62.161817071961));
#4920 = CARTESIAN_POINT('',(0.886414712714,62.369268423274));
#4921 = CARTESIAN_POINT('',(0.908650120152,62.574573324765));
#4922 = CARTESIAN_POINT('',(0.930769086212,62.777406985382));
#4923 = CARTESIAN_POINT('',(0.95277989995,62.977452317697));
#4924 = CARTESIAN_POINT('',(0.974690816403,63.174399626005));
#4925 = CARTESIAN_POINT('',(0.996510016978,63.367945595392));
#4926 = CARTESIAN_POINT('',(1.018245776774,63.557794035558));
#4927 = CARTESIAN_POINT('',(1.03990587962,63.743650304647));
#4928 = CARTESIAN_POINT('',(1.061499829799,63.925239258299));
#4929 = CARTESIAN_POINT('',(1.083033558642,64.102260265891));
#4930 = CARTESIAN_POINT('',(1.104511113477,64.274403718979));
#4931 = CARTESIAN_POINT('',(1.125937072868,64.441371531725));
#4932 = CARTESIAN_POINT('',(1.147315906921,64.602871886973));
#4933 = CARTESIAN_POINT('',(1.168652155892,64.758620880227));
#4934 = CARTESIAN_POINT('',(1.189950390004,64.908342316661));
#4935 = CARTESIAN_POINT('',(1.211215227008,65.051767998115));
#4936 = CARTESIAN_POINT('',(1.232451338616,65.188637897112));
#4937 = CARTESIAN_POINT('',(1.253663444999,65.318700292789));
#4938 = CARTESIAN_POINT('',(1.274856369594,65.441712172163));
#4939 = CARTESIAN_POINT('',(1.296034866279,65.557438608154));
#4940 = CARTESIAN_POINT('',(1.317204298541,65.665655965229));
#4941 = CARTESIAN_POINT('',(1.33836559162,65.766128454015));
#4942 = CARTESIAN_POINT('',(1.359518911316,65.858632699899));
#4943 = CARTESIAN_POINT('',(1.380664836846,65.942963992474));
#4944 = CARTESIAN_POINT('',(1.40180403287,66.018935161726));
#4945 = CARTESIAN_POINT('',(1.422937317575,66.086377338501));
#4946 = CARTESIAN_POINT('',(1.444065626195,66.145140165339));
#4947 = CARTESIAN_POINT('',(1.465190003924,66.195092090669));
#4948 = CARTESIAN_POINT('',(1.486311592373,66.236120648271));
#4949 = CARTESIAN_POINT('',(1.507431618349,66.268132481365));
#4950 = CARTESIAN_POINT('',(1.528551384937,66.291054172061));
#4951 = CARTESIAN_POINT('',(1.54967225549,66.304829873768));
#4952 = CARTESIAN_POINT('',(1.563754529997,66.30789708827));
#4953 = CARTESIAN_POINT('',(1.570796326808,66.3078954501));
#4954 = ( GEOMETRIC_REPRESENTATION_CONTEXT(2) 
PARAMETRIC_REPRESENTATION_CONTEXT() REPRESENTATION_CONTEXT('2D SPACE',''
  ) );
#4955 = ORIENTED_EDGE('',*,*,#4956,.T.);
#4956 = EDGE_CURVE('',#4582,#4580,#4957,.T.);
#4957 = SURFACE_CURVE('',#4958,(#5141,#5327),.PCURVE_S1.);
#4958 = B_SPLINE_CURVE_WITH_KNOTS('',7,(#4959,#4960,#4961,#4962,#4963,
    #4964,#4965,#4966,#4967,#4968,#4969,#4970,#4971,#4972,#4973,#4974,
    #4975,#4976,#4977,#4978,#4979,#4980,#4981,#4982,#4983,#4984,#4985,
    #4986,#4987,#4988,#4989,#4990,#4991,#4992,#4993,#4994,#4995,#4996,
    #4997,#4998,#4999,#5000,#5001,#5002,#5003,#5004,#5005,#5006,#5007,
    #5008,#5009,#5010,#5011,#5012,#5013,#5014,#5015,#5016,#5017,#5018,
    #5019,#5020,#5021,#5022,#5023,#5024,#5025,#5026,#5027,#5028,#5029,
    #5030,#5031,#5032,#5033,#5034,#5035,#5036,#5037,#5038,#5039,#5040,
    #5041,#5042,#5043,#5044,#5045,#5046,#5047,#5048,#5049,#5050,#5051,
    #5052,#5053,#5054,#5055,#5056,#5057,#5058,#5059,#5060,#5061,#5062,
    #5063,#5064,#5065,#5066,#5067,#5068,#5069,#5070,#5071,#5072,#5073,
    #5074,#5075,#5076,#5077,#5078,#5079,#5080,#5081,#5082,#5083,#5084,
    #5085,#5086,#5087,#5088,#5089,#5090,#5091,#5092,#5093,#5094,#5095,
    #5096,#5097,#5098,#5099,#5100,#5101,#5102,#5103,#5104,#5105,#5106,
    #5107,#5108,#5109,#5110,#5111,#5112,#5113,#5114,#5115,#5116,#5117,
    #5118,#5119,#5120,#5121,#5122,#5123,#5124,#5125,#5126,#5127,#5128,
    #5129,#5130,#5131,#5132,#5133,#5134,#5135,#5136,#5137,#5138,#5139,
    #5140),.UNSPECIFIED.,.T.,.F.,(1,7,6,6,6,6,6,6,6,6,6,6,6,6,6,6,6,6,6,
    6,6,6,6,6,6,6,6,6,6,6,6,7,1),(-3.3718473383E-02,0.,
    3.356617520966E-02,5.431838495472E-02,8.00858554245E-02,
    9.974478047667E-02,0.114643601147,0.155246003371,0.201143264803,
    0.249789380498,0.298453152175,0.34433829059,0.419535767124,
    0.445242523864,0.466027359778,0.477219802409,0.499734591819,
    0.522219555413,0.533360822239,0.554135082554,0.579929932642,
    0.599609746583,0.614524398222,0.655169944266,0.701115974972,
    0.74981378035,0.798529260472,0.844463154846,0.919740533608,
    0.945474605456,0.966281526617,1.,1.03356617521),.UNSPECIFIED.);
#4959 = CARTESIAN_POINT('',(-53.,7.105427357601E-15,1.04278E+03));
#4960 = CARTESIAN_POINT('',(-53.,-1.136871914826,1.04278E+03));
#4961 = CARTESIAN_POINT('',(-52.97154915574,-2.271901239992,
    1.042729736841E+03));
#4962 = CARTESIAN_POINT('',(-52.9148138626,-3.399416926339,
    1.04262950449E+03));
#4963 = CARTESIAN_POINT('',(-52.83071420639,-4.513779742819,
    1.042480567876E+03));
#4964 = CARTESIAN_POINT('',(-52.72091498279,-5.609439877196,
    1.042285158772E+03));
#4965 = CARTESIAN_POINT('',(-52.58777583908,-6.680992687077,
    1.042046494563E+03));
#4966 = CARTESIAN_POINT('',(-52.3393500605,-8.367595003884,
    1.041597148158E+03));
#4967 = CARTESIAN_POINT('',(-52.23656864438,-9.001313499908,
    1.041410416099E+03));
#4968 = CARTESIAN_POINT('',(-52.12646735987,-9.623970052571,
    1.04120935421E+03));
#4969 = CARTESIAN_POINT('',(-52.00961520604,-10.23517402641,
    1.040994707054E+03));
#4970 = CARTESIAN_POINT('',(-51.88659539242,-10.83456211074,
    1.040767235102E+03));
#4971 = CARTESIAN_POINT('',(-51.75800162042,-11.42179824305,
    1.040527716586E+03));
#4972 = CARTESIAN_POINT('',(-51.45858743284,-12.71025682108,
    1.039965578296E+03));
#4973 = CARTESIAN_POINT('',(-51.28504098852,-13.40486478624,
    1.039636805467E+03));
#4974 = CARTESIAN_POINT('',(-51.10478430922,-14.08045862222,
    1.039291854425E+03));
#4975 = CARTESIAN_POINT('',(-50.91876307978,-14.737137016,
    1.038931868989E+03));
#4976 = CARTESIAN_POINT('',(-50.72787700616,-15.37503579227,
    1.038557914324E+03));
#4977 = CARTESIAN_POINT('',(-50.5329774292,-15.99432755843,
    1.038170978037E+03));
#4978 = CARTESIAN_POINT('',(-50.1837178315,-17.05366471991,
    1.037467554747E+03));
#4979 = CARTESIAN_POINT('',(-50.0306789156,-17.50146484088,
    1.037156068598E+03));
#4980 = CARTESIAN_POINT('',(-49.87608296181,-17.93876867053,
    1.036837873214E+03));
#4981 = CARTESIAN_POINT('',(-49.72024733699,-18.36572490087,
    1.036513299328E+03));
#4982 = CARTESIAN_POINT('',(-49.56347250001,-18.78248404664,
    1.036182647858E+03));
#4983 = CARTESIAN_POINT('',(-49.40604249816,-19.18919853395,
    1.035846189748E+03));
#4984 = CARTESIAN_POINT('',(-49.12862138093,-19.88676219334,
    1.035244957657E+03));
#4985 = CARTESIAN_POINT('',(-49.00879560248,-20.18181989119,
    1.034982553834E+03));
#4986 = CARTESIAN_POINT('',(-48.8888648291,-20.47126224972,
    1.034717059393E+03));
#4987 = CARTESIAN_POINT('',(-48.7689421703,-20.75515331518,
    1.034448572479E+03));
#4988 = CARTESIAN_POINT('',(-48.64913714422,-21.03355481281,
    1.034177184317E+03));
#4989 = CARTESIAN_POINT('',(-48.52955567766,-21.30652614682,
    1.03390297921E+03));
#4990 = CARTESIAN_POINT('',(-48.0853037326,-22.30338560604,
    1.032871302422E+03));
#4991 = CARTESIAN_POINT('',(-47.76266067227,-22.99289564705,
    1.032096066839E+03));
#4992 = CARTESIAN_POINT('',(-47.44451739574,-23.64362810653,
    1.031302042168E+03));
#4993 = CARTESIAN_POINT('',(-47.13285119892,-24.25647417235,
    1.03049062211E+03));
#4994 = CARTESIAN_POINT('',(-46.82950419222,-24.83221619999,
    1.029662923077E+03));
#4995 = CARTESIAN_POINT('',(-46.53621728991,-25.37150127544,
    1.028819827568E+03));
#4996 = CARTESIAN_POINT('',(-45.93639446434,-26.44376415401,
    1.026992363923E+03));
#4997 = CARTESIAN_POINT('',(-45.6330523471,-26.96686643424,
    1.026003709519E+03));
#4998 = CARTESIAN_POINT('',(-45.3473289675,-27.44431325913,
    1.024997858214E+03));
#4999 = CARTESIAN_POINT('',(-45.08173859711,-27.87625510229,
    1.023976406611E+03));
#5000 = CARTESIAN_POINT('',(-44.83859922255,-28.26276828592,
    1.022940776694E+03));
#5001 = CARTESIAN_POINT('',(-44.6200131086,-28.6038219962,
    1.021892238495E+03));
#5002 = CARTESIAN_POINT('',(-44.22417252587,-29.21236193581,
    1.01970812376E+03));
#5003 = CARTESIAN_POINT('',(-44.0501725289,-29.47422573655,
    1.018571068599E+03));
#5004 = CARTESIAN_POINT('',(-43.90833088652,-29.68422928752,
    1.017423557203E+03));
#5005 = CARTESIAN_POINT('',(-43.80059002319,-29.84200140491,
    1.01626821697E+03));
#5006 = CARTESIAN_POINT('',(-43.72828380334,-29.94730839639,
    1.015107557308E+03));
#5007 = CARTESIAN_POINT('',(-43.6921045499,-30.,1.013944014946E+03));
#5008 = CARTESIAN_POINT('',(-43.6921045499,-30.,1.011615562577E+03));
#5009 = CARTESIAN_POINT('',(-43.7283100703,-29.9472701411,
    1.01045159829E+03));
#5010 = CARTESIAN_POINT('',(-43.8006687445,-29.84188675492,
    1.009290519735E+03));
#5011 = CARTESIAN_POINT('',(-43.90848726562,-29.68400029031,
    1.008134766186E+03));
#5012 = CARTESIAN_POINT('',(-44.05042987369,-29.47384472294,
    1.006986849738E+03));
#5013 = CARTESIAN_POINT('',(-44.22455140384,-29.21179173422,
    1.00584940069E+03));
#5014 = CARTESIAN_POINT('',(-44.6205409217,-28.60299897885,
    1.003665213207E+03));
#5015 = CARTESIAN_POINT('',(-44.8391202755,-28.26194153439,
    1.002616975103E+03));
#5016 = CARTESIAN_POINT('',(-45.0822370341,-27.87544777856,
    1.001581638983E+03));
#5017 = CARTESIAN_POINT('',(-45.34779017901,-27.44354847809,
    1.000560475132E+03));
#5018 = CARTESIAN_POINT('',(-45.63346306293,-26.96616765893,
    999.55490557994));
#5019 = CARTESIAN_POINT('',(-45.9367428767,-26.44315555115,
    998.56652670803));
#5020 = CARTESIAN_POINT('',(-46.77640807496,-24.94210504389,
    996.00846830381));
#5021 = CARTESIAN_POINT('',(-47.33749383092,-23.88761950663,
    994.47214782332));
#5022 = CARTESIAN_POINT('',(-47.92790870172,-22.70740076665,
    992.99080014997));
#5023 = CARTESIAN_POINT('',(-48.53674714052,-21.39565114885,
    991.56995411012));
#5024 = CARTESIAN_POINT('',(-49.1515547489,-19.94501627084,
    990.21888559952));
#5025 = CARTESIAN_POINT('',(-49.75712279618,-18.34749887145,
    988.95163897938));
#5026 = CARTESIAN_POINT('',(-50.53211042475,-15.99698071927,
    987.39076347814));
#5027 = CARTESIAN_POINT('',(-50.7263584184,-15.37988237228,
    987.00509716331));
#5028 = CARTESIAN_POINT('',(-50.91662338893,-14.74430540547,
    986.63232052314));
#5029 = CARTESIAN_POINT('',(-51.10206310706,-14.09007822373,
    986.27341034718));
#5030 = CARTESIAN_POINT('',(-51.28178758686,-13.41706544511,
    985.92942003649));
#5031 = CARTESIAN_POINT('',(-51.45486141795,-12.72516824755,
    985.60148067352));
#5032 = CARTESIAN_POINT('',(-51.75407406231,-11.43958219458,
    985.03960730269));
#5033 = CARTESIAN_POINT('',(-51.88287590107,-10.85236236751,
    984.79965667471));
#5034 = CARTESIAN_POINT('',(-52.00611054202,-10.25297286598,
    984.57174874859));
#5035 = CARTESIAN_POINT('',(-52.12318355445,-9.641748538597,
    984.35666260983));
#5036 = CARTESIAN_POINT('',(-52.23351087049,-9.019051526551,
    984.15515973915));
#5037 = CARTESIAN_POINT('',(-52.33652250656,-8.385271339272,
    983.96798586272));
#5038 = CARTESIAN_POINT('',(-52.48290033275,-7.393796476585,
    983.70319150537));
#5039 = CARTESIAN_POINT('',(-52.53184621548,-7.043721284336,
    983.61488981997));
#5040 = CARTESIAN_POINT('',(-52.57840799561,-6.690737220891,
    983.53109880126));
#5041 = CARTESIAN_POINT('',(-52.6224950672,-6.334984326435,
    983.4519419925));
#5042 = CARTESIAN_POINT('',(-52.66402215578,-5.976604813779,
    983.37753542523));
#5043 = CARTESIAN_POINT('',(-52.70290931831,-5.615743068362,
    983.30798761925));
#5044 = CARTESIAN_POINT('',(-52.81184702754,-4.521935387571,
    983.11347387385));
#5045 = CARTESIAN_POINT('',(-52.87365292546,-3.781623901082,
    983.00357397419));
#5046 = CARTESIAN_POINT('',(-52.9238148382,-3.033456912408,
    982.91466604975));
#5047 = CARTESIAN_POINT('',(-52.96180513323,-2.279309619989,
    982.84747759612));
#5048 = CARTESIAN_POINT('',(-52.98726307196,-1.521078149505,
    982.80250190698));
#5049 = CARTESIAN_POINT('',(-53.,-0.760670930902,982.78));
#5050 = CARTESIAN_POINT('',(-53.,0.759663254054,982.78));
#5051 = CARTESIAN_POINT('',(-52.98729679535,1.519063079011,
    982.80244232899));
#5052 = CARTESIAN_POINT('',(-52.96190626522,2.276295030153,
    982.84729892963));
#5053 = CARTESIAN_POINT('',(-52.92401611215,3.029458231853,
    982.91431008359));
#5054 = CARTESIAN_POINT('',(-52.87398521573,3.776664022753,
    983.00298501986));
#5055 = CARTESIAN_POINT('',(-52.81233848472,4.516044521386,
    983.11260000003));
#5056 = CARTESIAN_POINT('',(-52.70379329064,5.607334623912,
    983.30640746017));
#5057 = CARTESIAN_POINT('',(-52.665138571,5.966596301437,983.37553698487
    ));
#5058 = CARTESIAN_POINT('',(-52.62386658327,6.323401333782,
    983.44948289648));
#5059 = CARTESIAN_POINT('',(-52.58005611605,6.67760701879,983.5281382331
    ));
#5060 = CARTESIAN_POINT('',(-52.53379121224,7.029072763174,
    983.61138862907));
#5061 = CARTESIAN_POINT('',(-52.4851611691,7.37766008252,983.69911231491
    ));
#5062 = CARTESIAN_POINT('',(-52.33935006047,8.367595004087,
    983.96285184243));
#5063 = CARTESIAN_POINT('',(-52.23656864437,9.00131349992,
    984.14958390084));
#5064 = CARTESIAN_POINT('',(-52.12646735989,9.623970052411,
    984.35064578963));
#5065 = CARTESIAN_POINT('',(-52.00961520607,10.235174026275,
    984.56529294624));
#5066 = CARTESIAN_POINT('',(-51.88659539242,10.834562110789,
    984.79276489841));
#5067 = CARTESIAN_POINT('',(-51.75800162038,11.421798243256,
    985.03228341411));
#5068 = CARTESIAN_POINT('',(-51.45858743284,12.710256821053,
    985.59442170356));
#5069 = CARTESIAN_POINT('',(-51.28504098852,13.404864786238,
    985.92319453305));
#5070 = CARTESIAN_POINT('',(-51.10478430922,14.08045862225,
    986.26814557465));
#5071 = CARTESIAN_POINT('',(-50.91876307977,14.737137016034,
    986.62813101087));
#5072 = CARTESIAN_POINT('',(-50.72787700616,15.375035792275,
    987.00208567638));
#5073 = CARTESIAN_POINT('',(-50.53297742921,15.99432755841,
    987.38902196258));
#5074 = CARTESIAN_POINT('',(-50.1837178315,17.053664719915,
    988.09244525334));
#5075 = CARTESIAN_POINT('',(-50.03067891559,17.501464840891,
    988.40393140225));
#5076 = CARTESIAN_POINT('',(-49.87608296181,17.938768670537,
    988.72212678598));
#5077 = CARTESIAN_POINT('',(-49.72024733699,18.365724900878,
    989.04670067211));
#5078 = CARTESIAN_POINT('',(-49.56347250001,18.782484046649,
    989.37735214162));
#5079 = CARTESIAN_POINT('',(-49.40604249816,19.189198533952,
    989.71381025191));
#5080 = CARTESIAN_POINT('',(-49.12862138093,19.886762193352,
    990.31504234332));
#5081 = CARTESIAN_POINT('',(-49.00879560248,20.181819891197,
    990.57744616645));
#5082 = CARTESIAN_POINT('',(-48.8888648291,20.471262249724,
    990.8429406067));
#5083 = CARTESIAN_POINT('',(-48.7689421703,20.755153315189,
    991.11142752051));
#5084 = CARTESIAN_POINT('',(-48.64913714422,21.033554812821,
    991.38281568332));
#5085 = CARTESIAN_POINT('',(-48.52955567766,21.306526146825,
    991.65702078952));
#5086 = CARTESIAN_POINT('',(-48.08530372364,22.303385626154,
    992.68869759921));
#5087 = CARTESIAN_POINT('',(-47.76266068068,22.992895630321,
    993.4639331384));
#5088 = CARTESIAN_POINT('',(-47.44451740289,23.643628090652,
    994.25795781573));
#5089 = CARTESIAN_POINT('',(-47.13285119249,24.256474183964,
    995.06937790951));
#5090 = CARTESIAN_POINT('',(-46.82950418364,24.83221621766,
    995.89707694492));
#5091 = CARTESIAN_POINT('',(-46.53621729784,25.371501261275,
    996.74017240817));
#5092 = CARTESIAN_POINT('',(-45.93639446108,26.443764159844,
    998.56763608666));
#5093 = CARTESIAN_POINT('',(-45.63305234971,26.966866429893,
    999.55629047013));
#5094 = CARTESIAN_POINT('',(-45.34732897014,27.444313254448,
    1.000562141777E+03));
#5095 = CARTESIAN_POINT('',(-45.08173859546,27.876255104868,
    1.001583593397E+03));
#5096 = CARTESIAN_POINT('',(-44.83859921968,28.26276829081,
    1.002619223317E+03));
#5097 = CARTESIAN_POINT('',(-44.62001311039,28.60382199345,
    1.003667761495E+03));
#5098 = CARTESIAN_POINT('',(-44.22417252586,29.212361935817,
    1.00585187624E+03));
#5099 = CARTESIAN_POINT('',(-44.0501725289,29.474225736556,
    1.006988931401E+03));
#5100 = CARTESIAN_POINT('',(-43.90833088652,29.68422928753,
    1.008136442797E+03));
#5101 = CARTESIAN_POINT('',(-43.80059002319,29.842001404916,
    1.00929178303E+03));
#5102 = CARTESIAN_POINT('',(-43.72828380334,29.94730839639,
    1.010452442692E+03));
#5103 = CARTESIAN_POINT('',(-43.6921045499,30.,1.011615985054E+03));
#5104 = CARTESIAN_POINT('',(-43.6921045499,30.,1.013944437423E+03));
#5105 = CARTESIAN_POINT('',(-43.7283100703,29.9472701411,
    1.01510840171E+03));
#5106 = CARTESIAN_POINT('',(-43.8006687445,29.841886754922,
    1.016269480265E+03));
#5107 = CARTESIAN_POINT('',(-43.90848726562,29.684000290315,
    1.017425233814E+03));
#5108 = CARTESIAN_POINT('',(-44.05042987369,29.473844722946,
    1.018573150262E+03));
#5109 = CARTESIAN_POINT('',(-44.22455140384,29.211791734225,
    1.01971059931E+03));
#5110 = CARTESIAN_POINT('',(-44.62054092168,28.602998978886,
    1.021894786793E+03));
#5111 = CARTESIAN_POINT('',(-44.83912027549,28.261941534407,
    1.022943024897E+03));
#5112 = CARTESIAN_POINT('',(-45.08223703411,27.875447778534,
    1.023978361017E+03));
#5113 = CARTESIAN_POINT('',(-45.34779017903,27.443548478047,
    1.024999524868E+03));
#5114 = CARTESIAN_POINT('',(-45.63346306293,26.966167658931,
    1.02600509442E+03));
#5115 = CARTESIAN_POINT('',(-45.93674287666,26.443155551214,
    1.026993473292E+03));
#5116 = CARTESIAN_POINT('',(-46.77640807496,24.942105043894,
    1.029551531696E+03));
#5117 = CARTESIAN_POINT('',(-47.33749383092,23.887619506657,
    1.031087852177E+03));
#5118 = CARTESIAN_POINT('',(-47.92790870173,22.707400766626,
    1.03256919985E+03));
#5119 = CARTESIAN_POINT('',(-48.53674714051,21.395651148896,
    1.03399004589E+03));
#5120 = CARTESIAN_POINT('',(-49.15155474891,19.945016270828,
    1.0353411144E+03));
#5121 = CARTESIAN_POINT('',(-49.75712279617,18.347498871469,
    1.036608361021E+03));
#5122 = CARTESIAN_POINT('',(-50.53211042475,15.996980719255,
    1.038169236522E+03));
#5123 = CARTESIAN_POINT('',(-50.7263584184,15.379882372293,
    1.038554902837E+03));
#5124 = CARTESIAN_POINT('',(-50.91662338892,14.744305405514,
    1.038927679477E+03));
#5125 = CARTESIAN_POINT('',(-51.10206310705,14.090078223768,
    1.039286589653E+03));
#5126 = CARTESIAN_POINT('',(-51.28178758686,13.417065445123,
    1.039630579963E+03));
#5127 = CARTESIAN_POINT('',(-51.45486141795,12.725168247539,
    1.039958519326E+03));
#5128 = CARTESIAN_POINT('',(-51.7540740623,11.439582194604,
    1.040520392697E+03));
#5129 = CARTESIAN_POINT('',(-51.88287590107,10.852362367531,
    1.040760343325E+03));
#5130 = CARTESIAN_POINT('',(-52.00611054201,10.252972866001,
    1.040988251251E+03));
#5131 = CARTESIAN_POINT('',(-52.12318355445,9.641748538618,
    1.04120333739E+03));
#5132 = CARTESIAN_POINT('',(-52.23351087049,9.019051526574,
    1.041404840261E+03));
#5133 = CARTESIAN_POINT('',(-52.33652250655,8.385271339299,
    1.041592014137E+03));
#5134 = CARTESIAN_POINT('',(-52.5858506992,6.696472960541,
    1.042043043506E+03));
#5135 = CARTESIAN_POINT('',(-52.71959218903,5.622624898456,
    1.042282804541E+03));
#5136 = CARTESIAN_POINT('',(-52.82990263473,4.524514009792,
    1.042479130588E+03));
#5137 = CARTESIAN_POINT('',(-52.91440214571,3.407574976398,
    1.042628777123E+03));
#5138 = CARTESIAN_POINT('',(-52.97141096401,2.277389423692,
    1.042729492702E+03));
#5139 = CARTESIAN_POINT('',(-53.,1.139629570348,1.04278E+03));
#5140 = CARTESIAN_POINT('',(-53.,7.105427357601E-15,1.04278E+03));
#5141 = PCURVE('',#3473,#5142);
#5142 = DEFINITIONAL_REPRESENTATION('',(#5143),#5326);
#5143 = B_SPLINE_CURVE_WITH_KNOTS('',7,(#5144,#5145,#5146,#5147,#5148,
    #5149,#5150,#5151,#5152,#5153,#5154,#5155,#5156,#5157,#5158,#5159,
    #5160,#5161,#5162,#5163,#5164,#5165,#5166,#5167,#5168,#5169,#5170,
    #5171,#5172,#5173,#5174,#5175,#5176,#5177,#5178,#5179,#5180,#5181,
    #5182,#5183,#5184,#5185,#5186,#5187,#5188,#5189,#5190,#5191,#5192,
    #5193,#5194,#5195,#5196,#5197,#5198,#5199,#5200,#5201,#5202,#5203,
    #5204,#5205,#5206,#5207,#5208,#5209,#5210,#5211,#5212,#5213,#5214,
    #5215,#5216,#5217,#5218,#5219,#5220,#5221,#5222,#5223,#5224,#5225,
    #5226,#5227,#5228,#5229,#5230,#5231,#5232,#5233,#5234,#5235,#5236,
    #5237,#5238,#5239,#5240,#5241,#5242,#5243,#5244,#5245,#5246,#5247,
    #5248,#5249,#5250,#5251,#5252,#5253,#5254,#5255,#5256,#5257,#5258,
    #5259,#5260,#5261,#5262,#5263,#5264,#5265,#5266,#5267,#5268,#5269,
    #5270,#5271,#5272,#5273,#5274,#5275,#5276,#5277,#5278,#5279,#5280,
    #5281,#5282,#5283,#5284,#5285,#5286,#5287,#5288,#5289,#5290,#5291,
    #5292,#5293,#5294,#5295,#5296,#5297,#5298,#5299,#5300,#5301,#5302,
    #5303,#5304,#5305,#5306,#5307,#5308,#5309,#5310,#5311,#5312,#5313,
    #5314,#5315,#5316,#5317,#5318,#5319,#5320,#5321,#5322,#5323,#5324,
    #5325),.UNSPECIFIED.,.T.,.F.,(1,7,6,6,6,6,6,6,6,6,6,6,6,6,6,6,6,6,6,
    6,6,6,6,6,6,6,6,6,6,6,6,7,1),(-3.3718473383E-02,0.,
    3.356617520966E-02,5.431838495472E-02,8.00858554245E-02,
    9.974478047667E-02,0.114643601147,0.155246003371,0.201143264803,
    0.249789380498,0.298453152175,0.34433829059,0.419535767124,
    0.445242523864,0.466027359778,0.477219802409,0.499734591819,
    0.522219555413,0.533360822239,0.554135082554,0.579929932642,
    0.599609746583,0.614524398222,0.655169944266,0.701115974972,
    0.74981378035,0.798529260472,0.844463154846,0.919740533608,
    0.945474605456,0.966281526617,1.,1.03356617521),.UNSPECIFIED.);
#5144 = CARTESIAN_POINT('',(3.14159265359,69.));
#5145 = CARTESIAN_POINT('',(3.163043067077,69.));
#5146 = CARTESIAN_POINT('',(3.184458718242,68.949736840787));
#5147 = CARTESIAN_POINT('',(3.205748707964,68.849504490033));
#5148 = CARTESIAN_POINT('',(3.226822563885,68.700567875971));
#5149 = CARTESIAN_POINT('',(3.24758943405,68.505158772374));
#5150 = CARTESIAN_POINT('',(3.267957661536,68.266494562586));
#5151 = CARTESIAN_POINT('',(3.300123697626,67.817148157617));
#5152 = CARTESIAN_POINT('',(3.312235610477,67.630416099172));
#5153 = CARTESIAN_POINT('',(3.324164194598,67.429354210322));
#5154 = CARTESIAN_POINT('',(3.335903228017,67.2147070537));
#5155 = CARTESIAN_POINT('',(3.347446558394,66.987235101589));
#5156 = CARTESIAN_POINT('',(3.358788110617,66.747716585975));
#5157 = CARTESIAN_POINT('',(3.383746419485,66.185578296416));
#5158 = CARTESIAN_POINT('',(3.397253257187,65.856805466946));
#5159 = CARTESIAN_POINT('',(3.410443621054,65.511854425357));
#5160 = CARTESIAN_POINT('',(3.423318710933,65.151868989142));
#5161 = CARTESIAN_POINT('',(3.435879819231,64.777914323617));
#5162 = CARTESIAN_POINT('',(3.448128437192,64.390978037404));
#5163 = CARTESIAN_POINT('',(3.469174230456,63.687554746656));
#5164 = CARTESIAN_POINT('',(3.478102558684,63.376068597754));
#5165 = CARTESIAN_POINT('',(3.486853234492,63.057873214019));
#5166 = CARTESIAN_POINT('',(3.495428063665,62.733299327884));
#5167 = CARTESIAN_POINT('',(3.503828791815,62.402647858377));
#5168 = CARTESIAN_POINT('',(3.51205712705,62.066189748091));
#5169 = CARTESIAN_POINT('',(3.526221366529,61.464957656675));
#5170 = CARTESIAN_POINT('',(3.532229905199,61.202553833552));
#5171 = CARTESIAN_POINT('',(3.538141094696,60.937059393303));
#5172 = CARTESIAN_POINT('',(3.543955589056,60.668572479484));
#5173 = CARTESIAN_POINT('',(3.549673980315,60.397184316675));
#5174 = CARTESIAN_POINT('',(3.555296798511,60.122979210482));
#5175 = CARTESIAN_POINT('',(3.575888686126,59.091302421599));
#5176 = CARTESIAN_POINT('',(3.590249724748,58.31606683888));
#5177 = CARTESIAN_POINT('',(3.603913465035,57.52204216753));
#5178 = CARTESIAN_POINT('',(3.616883368251,56.710622109709));
#5179 = CARTESIAN_POINT('',(3.629160250063,55.88292307731));
#5180 = CARTESIAN_POINT('',(3.640742011168,55.039827567667));
#5181 = CARTESIAN_POINT('',(3.663923735587,53.212363923271));
#5182 = CARTESIAN_POINT('',(3.675331657041,52.223709519283));
#5183 = CARTESIAN_POINT('',(3.685828525565,51.217858214487));
#5184 = CARTESIAN_POINT('',(3.69539472771,50.196406611434));
#5185 = CARTESIAN_POINT('',(3.704009846795,49.160776694276));
#5186 = CARTESIAN_POINT('',(3.711652866398,48.112238494996));
#5187 = CARTESIAN_POINT('',(3.725350130069,45.928123759587));
#5188 = CARTESIAN_POINT('',(3.731281959344,44.791068598919));
#5189 = CARTESIAN_POINT('',(3.73606328618,43.643557203365));
#5190 = CARTESIAN_POINT('',(3.739667987046,42.488216969916));
#5191 = CARTESIAN_POINT('',(3.742078198841,41.327557308245));
#5192 = CARTESIAN_POINT('',(3.74328417263,40.164014946291));
#5193 = CARTESIAN_POINT('',(3.74328417263,37.835562577467));
#5194 = CARTESIAN_POINT('',(3.742077323279,36.671598289962));
#5195 = CARTESIAN_POINT('',(3.739665362993,35.51051973484));
#5196 = CARTESIAN_POINT('',(3.736058054169,34.354766185639));
#5197 = CARTESIAN_POINT('',(3.731273284506,33.206849738125));
#5198 = CARTESIAN_POINT('',(3.725337213688,32.069400689688));
#5199 = CARTESIAN_POINT('',(3.71163441916,29.885213206872));
#5200 = CARTESIAN_POINT('',(3.703991409058,28.836975102621));
#5201 = CARTESIAN_POINT('',(3.695376827504,27.801638982856));
#5202 = CARTESIAN_POINT('',(3.685811676794,26.780475131901));
#5203 = CARTESIAN_POINT('',(3.675316365458,25.77490557994));
#5204 = CARTESIAN_POINT('',(3.663910504607,24.78652670803));
#5205 = CARTESIAN_POINT('',(3.631458824776,22.228468303811));
#5206 = CARTESIAN_POINT('',(3.608926648574,20.692147823321));
#5207 = CARTESIAN_POINT('',(3.58404054451,19.210800149978));
#5208 = CARTESIAN_POINT('',(3.556777885734,17.78995411012));
#5209 = CARTESIAN_POINT('',(3.527082669593,16.438885599529));
#5210 = CARTESIAN_POINT('',(3.494878896286,15.171638979385));
#5211 = CARTESIAN_POINT('',(3.448181101706,13.610763478142));
#5212 = CARTESIAN_POINT('',(3.435975639323,13.225097163315));
#5213 = CARTESIAN_POINT('',(3.42345983783,12.852320523146));
#5214 = CARTESIAN_POINT('',(3.410632207927,12.493410347183));
#5215 = CARTESIAN_POINT('',(3.397491455837,12.149420036497));
#5216 = CARTESIAN_POINT('',(3.384036378786,11.821480673527));
#5217 = CARTESIAN_POINT('',(3.3591317211,11.259607302691));
#5218 = CARTESIAN_POINT('',(3.347789628981,11.019656674716));
#5219 = CARTESIAN_POINT('',(3.336245457057,10.791748748592));
#5220 = CARTESIAN_POINT('',(3.324505263818,10.576662609834));
#5221 = CARTESIAN_POINT('',(3.312575185498,10.375159739151));
#5222 = CARTESIAN_POINT('',(3.300461428275,10.187985862724));
#5223 = CARTESIAN_POINT('',(3.281551579839,9.923191505373));
#5224 = CARTESIAN_POINT('',(3.274882337299,9.834889819971));
#5225 = CARTESIAN_POINT('',(3.268164892885,9.751098801262));
#5226 = CARTESIAN_POINT('',(3.261401604989,9.671941992504));
#5227 = CARTESIAN_POINT('',(3.254594830348,9.597535425232));
#5228 = CARTESIAN_POINT('',(3.247746924045,9.527987619258));
#5229 = CARTESIAN_POINT('',(3.227006940706,9.333473873851));
#5230 = CARTESIAN_POINT('',(3.212991993363,9.223573974198));
#5231 = CARTESIAN_POINT('',(3.198846990353,9.134666049756));
#5232 = CARTESIAN_POINT('',(3.18460332362,9.067477596124));
#5233 = CARTESIAN_POINT('',(3.170292241574,9.022501906988));
#5234 = CARTESIAN_POINT('',(3.155944935305,9.));
#5235 = CARTESIAN_POINT('',(3.127259384645,9.));
#5236 = CARTESIAN_POINT('',(3.112931085802,9.02244232899));
#5237 = CARTESIAN_POINT('',(3.098638881775,9.067298929639));
#5238 = CARTESIAN_POINT('',(3.084413840241,9.134310083597));
#5239 = CARTESIAN_POINT('',(3.070287086027,9.222985019861));
#5240 = CARTESIAN_POINT('',(3.0562898868,9.332600000039));
#5241 = CARTESIAN_POINT('',(3.035597904882,9.526407460175));
#5242 = CARTESIAN_POINT('',(3.028780481526,9.595536984874));
#5243 = CARTESIAN_POINT('',(3.022003765894,9.669482896483));
#5244 = CARTESIAN_POINT('',(3.015270085756,9.748138233107));
#5245 = CARTESIAN_POINT('',(3.008581770954,9.83138862907));
#5246 = CARTESIAN_POINT('',(3.001941153409,9.919112314911));
#5247 = CARTESIAN_POINT('',(2.98306160955,10.182851842437));
#5248 = CARTESIAN_POINT('',(2.970949696702,10.369583900842));
#5249 = CARTESIAN_POINT('',(2.959021112584,10.570645789631));
#5250 = CARTESIAN_POINT('',(2.947282079165,10.785292946242));
#5251 = CARTESIAN_POINT('',(2.935738748784,11.012764898418));
#5252 = CARTESIAN_POINT('',(2.924397196559,11.252283414112));
#5253 = CARTESIAN_POINT('',(2.899438887695,11.814421703568));
#5254 = CARTESIAN_POINT('',(2.885932049993,12.14319453305));
#5255 = CARTESIAN_POINT('',(2.872741686125,12.488145574656));
#5256 = CARTESIAN_POINT('',(2.859866596246,12.848131010874));
#5257 = CARTESIAN_POINT('',(2.847305487948,13.222085676386));
#5258 = CARTESIAN_POINT('',(2.835056869988,13.60902196258));
#5259 = CARTESIAN_POINT('',(2.814011076724,14.312445253347));
#5260 = CARTESIAN_POINT('',(2.805082748495,14.623931402249));
#5261 = CARTESIAN_POINT('',(2.796332072687,14.942126785983));
#5262 = CARTESIAN_POINT('',(2.787757243514,15.266700672117));
#5263 = CARTESIAN_POINT('',(2.779356515365,15.597352141623));
#5264 = CARTESIAN_POINT('',(2.77112818013,15.93381025191));
#5265 = CARTESIAN_POINT('',(2.75696394065,16.535042343327));
#5266 = CARTESIAN_POINT('',(2.750955401981,16.797446166451));
#5267 = CARTESIAN_POINT('',(2.745044212484,17.0629406067));
#5268 = CARTESIAN_POINT('',(2.739229718124,17.331427520519));
#5269 = CARTESIAN_POINT('',(2.733511326865,17.602815683329));
#5270 = CARTESIAN_POINT('',(2.727888508669,17.877020789522));
#5271 = CARTESIAN_POINT('',(2.707296620638,18.908697599214));
#5272 = CARTESIAN_POINT('',(2.692935582785,19.683933138409));
#5273 = CARTESIAN_POINT('',(2.679271842473,20.477957815732));
#5274 = CARTESIAN_POINT('',(2.666301938678,21.289377909511));
#5275 = CARTESIAN_POINT('',(2.654025056745,22.117076944921));
#5276 = CARTESIAN_POINT('',(2.642443296318,22.960172408176));
#5277 = CARTESIAN_POINT('',(2.619261571466,24.787636086665));
#5278 = CARTESIAN_POINT('',(2.607853650234,25.776290470136));
#5279 = CARTESIAN_POINT('',(2.597356781716,26.782141777301));
#5280 = CARTESIAN_POINT('',(2.587790579412,27.803593397158));
#5281 = CARTESIAN_POINT('',(2.579175460278,28.839223316542));
#5282 = CARTESIAN_POINT('',(2.571532440843,29.887761495123));
#5283 = CARTESIAN_POINT('',(2.557835177111,32.071876240436));
#5284 = CARTESIAN_POINT('',(2.551903347836,33.208931401091));
#5285 = CARTESIAN_POINT('',(2.547122020999,34.356442796649));
#5286 = CARTESIAN_POINT('',(2.543517320134,35.511783030096));
#5287 = CARTESIAN_POINT('',(2.541107108338,36.672442691758));
#5288 = CARTESIAN_POINT('',(2.539901134549,37.835985053716));
#5289 = CARTESIAN_POINT('',(2.539901134549,40.164437422527));
#5290 = CARTESIAN_POINT('',(2.5411079839,41.328401710041));
#5291 = CARTESIAN_POINT('',(2.543519944186,42.48948026516));
#5292 = CARTESIAN_POINT('',(2.547127253011,43.64523381436));
#5293 = CARTESIAN_POINT('',(2.551912022673,44.793150261879));
#5294 = CARTESIAN_POINT('',(2.557848093492,45.930599310307));
#5295 = CARTESIAN_POINT('',(2.571550888019,48.114786793025));
#5296 = CARTESIAN_POINT('',(2.579193898121,49.163024897371));
#5297 = CARTESIAN_POINT('',(2.587808479676,50.198361017229));
#5298 = CARTESIAN_POINT('',(2.597373630386,51.21952486818));
#5299 = CARTESIAN_POINT('',(2.607868941722,52.225094420045));
#5300 = CARTESIAN_POINT('',(2.619274802571,53.213473291866));
#5301 = CARTESIAN_POINT('',(2.651726482404,55.77153169619));
#5302 = CARTESIAN_POINT('',(2.674258658605,57.307852176657));
#5303 = CARTESIAN_POINT('',(2.699144762671,58.789199850048));
#5304 = CARTESIAN_POINT('',(2.726407421445,60.210045889842));
#5305 = CARTESIAN_POINT('',(2.756102637587,61.561114400479));
#5306 = CARTESIAN_POINT('',(2.788306410894,62.828361020605));
#5307 = CARTESIAN_POINT('',(2.835004205474,64.389236521869));
#5308 = CARTESIAN_POINT('',(2.847209667856,64.774902836678));
#5309 = CARTESIAN_POINT('',(2.859725469349,65.147679476833));
#5310 = CARTESIAN_POINT('',(2.872553099252,65.506589652798));
#5311 = CARTESIAN_POINT('',(2.885693851342,65.850579963499));
#5312 = CARTESIAN_POINT('',(2.899148928394,66.17851932648));
#5313 = CARTESIAN_POINT('',(2.924053586079,66.7403926973));
#5314 = CARTESIAN_POINT('',(2.935395678198,66.980343325276));
#5315 = CARTESIAN_POINT('',(2.946939850122,67.208251251401));
#5316 = CARTESIAN_POINT('',(2.958680043361,67.423337390159));
#5317 = CARTESIAN_POINT('',(2.970610121681,67.624840260842));
#5318 = CARTESIAN_POINT('',(2.982723878904,67.812014137268));
#5319 = CARTESIAN_POINT('',(3.014933390797,68.263043505969));
#5320 = CARTESIAN_POINT('',(3.035345964668,68.502804541373));
#5321 = CARTESIAN_POINT('',(3.0561597441,68.699130588401));
#5322 = CARTESIAN_POINT('',(3.077282556267,68.848777123279));
#5323 = CARTESIAN_POINT('',(3.098623038262,68.949492702157));
#5324 = CARTESIAN_POINT('',(3.120090208866,69.));
#5325 = CARTESIAN_POINT('',(3.14159265359,69.));
#5326 = ( GEOMETRIC_REPRESENTATION_CONTEXT(2) 
PARAMETRIC_REPRESENTATION_CONTEXT() REPRESENTATION_CONTEXT('2D SPACE',''
  ) );
#5327 = PCURVE('',#5328,#5333);
#5328 = CYLINDRICAL_SURFACE('',#5329,30.);
#5329 = AXIS2_PLACEMENT_3D('',#5330,#5331,#5332);
#5330 = CARTESIAN_POINT('',(-110.,0.,1.01278E+03));
#5331 = DIRECTION('',(1.,0.,0.));
#5332 = DIRECTION('',(0.,0.,1.));
#5333 = DEFINITIONAL_REPRESENTATION('',(#5334),#5517);
#5334 = B_SPLINE_CURVE_WITH_KNOTS('',7,(#5335,#5336,#5337,#5338,#5339,
    #5340,#5341,#5342,#5343,#5344,#5345,#5346,#5347,#5348,#5349,#5350,
    #5351,#5352,#5353,#5354,#5355,#5356,#5357,#5358,#5359,#5360,#5361,
    #5362,#5363,#5364,#5365,#5366,#5367,#5368,#5369,#5370,#5371,#5372,
    #5373,#5374,#5375,#5376,#5377,#5378,#5379,#5380,#5381,#5382,#5383,
    #5384,#5385,#5386,#5387,#5388,#5389,#5390,#5391,#5392,#5393,#5394,
    #5395,#5396,#5397,#5398,#5399,#5400,#5401,#5402,#5403,#5404,#5405,
    #5406,#5407,#5408,#5409,#5410,#5411,#5412,#5413,#5414,#5415,#5416,
    #5417,#5418,#5419,#5420,#5421,#5422,#5423,#5424,#5425,#5426,#5427,
    #5428,#5429,#5430,#5431,#5432,#5433,#5434,#5435,#5436,#5437,#5438,
    #5439,#5440,#5441,#5442,#5443,#5444,#5445,#5446,#5447,#5448,#5449,
    #5450,#5451,#5452,#5453,#5454,#5455,#5456,#5457,#5458,#5459,#5460,
    #5461,#5462,#5463,#5464,#5465,#5466,#5467,#5468,#5469,#5470,#5471,
    #5472,#5473,#5474,#5475,#5476,#5477,#5478,#5479,#5480,#5481,#5482,
    #5483,#5484,#5485,#5486,#5487,#5488,#5489,#5490,#5491,#5492,#5493,
    #5494,#5495,#5496,#5497,#5498,#5499,#5500,#5501,#5502,#5503,#5504,
    #5505,#5506,#5507,#5508,#5509,#5510,#5511,#5512,#5513,#5514,#5515,
    #5516),.UNSPECIFIED.,.F.,.F.,(8,6,6,6,6,6,6,6,6,6,6,6,6,6,6,6,6,6,6,
    6,6,6,6,6,6,6,6,6,6,6,8),(0.,3.356617520966E-02,5.431838495472E-02,
    8.00858554245E-02,9.974478047667E-02,0.114643601147,0.155246003371,
    0.201143264803,0.249789380498,0.298453152175,0.34433829059,
    0.419535767124,0.445242523864,0.466027359778,0.477219802409,
    0.499734591819,0.522219555413,0.533360822239,0.554135082554,
    0.579929932642,0.599609746583,0.614524398222,0.655169944266,
    0.701115974972,0.74981378035,0.798529260472,0.844463154846,
    0.919740533608,0.945474605456,0.966281526617,1.),.UNSPECIFIED.);
#5335 = CARTESIAN_POINT('',(0.,57.));
#5336 = CARTESIAN_POINT('',(3.78957304942E-02,57.));
#5337 = CARTESIAN_POINT('',(7.573003966007E-02,57.028450844257));
#5338 = CARTESIAN_POINT('',(0.113402791005,57.085186137397));
#5339 = CARTESIAN_POINT('',(0.150813574683,57.169285793606));
#5340 = CARTESIAN_POINT('',(0.187857358362,57.279085017206));
#5341 = CARTESIAN_POINT('',(0.224419924262,57.412224160917));
#5342 = CARTESIAN_POINT('',(0.282601054907,57.660649939499));
#5343 = CARTESIAN_POINT('',(0.304615419454,57.763431355619));
#5344 = CARTESIAN_POINT('',(0.326414383337,57.873532640128));
#5345 = CARTESIAN_POINT('',(0.347995370413,57.990384793954));
#5346 = CARTESIAN_POINT('',(0.369354989293,58.113404607571));
#5347 = CARTESIAN_POINT('',(0.390488991567,58.241998379574));
#5348 = CARTESIAN_POINT('',(0.437347228883,58.54141256716));
#5349 = CARTESIAN_POINT('',(0.462951399103,58.714959011472));
#5350 = CARTESIAN_POINT('',(0.488218833902,58.895215690773));
#5351 = CARTESIAN_POINT('',(0.513162421751,59.081236920219));
#5352 = CARTESIAN_POINT('',(0.5377942559,59.272122993834));
#5353 = CARTESIAN_POINT('',(0.562126043893,59.467022570791));
#5354 = CARTESIAN_POINT('',(0.604513142922,59.816282168491));
#5355 = CARTESIAN_POINT('',(0.622691576367,59.969321084399));
#5356 = CARTESIAN_POINT('',(0.640712331376,60.123917038185));
#5357 = CARTESIAN_POINT('',(0.658582707782,60.279752663002));
#5358 = CARTESIAN_POINT('',(0.676309908365,60.436527499985));
#5359 = CARTESIAN_POINT('',(0.693901155928,60.593957501836));
#5360 = CARTESIAN_POINT('',(0.724598153368,60.871378619066));
#5361 = CARTESIAN_POINT('',(0.737758595039,60.991204397516));
#5362 = CARTESIAN_POINT('',(0.750848283213,61.111135170895));
#5363 = CARTESIAN_POINT('',(0.763870302596,61.231057829697));
#5364 = CARTESIAN_POINT('',(0.776827674775,61.350862855773));
#5365 = CARTESIAN_POINT('',(0.789723358218,61.470444322336));
#5366 = CARTESIAN_POINT('',(0.83754345834,61.914696267394));
#5367 = CARTESIAN_POINT('',(0.872097465077,62.237339327728));
#5368 = CARTESIAN_POINT('',(0.906273532092,62.555482604255));
#5369 = CARTESIAN_POINT('',(0.940121261283,62.867148801077));
#5370 = CARTESIAN_POINT('',(0.973689140788,63.170495807775));
#5371 = CARTESIAN_POINT('',(1.007025092929,63.463782710081));
#5372 = CARTESIAN_POINT('',(1.077652212778,64.063605535659));
#5373 = CARTESIAN_POINT('',(1.114899984678,64.366947652892));
#5374 = CARTESIAN_POINT('',(1.151957990266,64.652671032499));
#5375 = CARTESIAN_POINT('',(1.188864106364,64.918261402885));
#5376 = CARTESIAN_POINT('',(1.225657086552,65.161400777445));
#5377 = CARTESIAN_POINT('',(1.262377213522,65.3799868914));
#5378 = CARTESIAN_POINT('',(1.337954091494,65.775827474127));
#5379 = CARTESIAN_POINT('',(1.376808025286,65.949827471095));
#5380 = CARTESIAN_POINT('',(1.415629815502,66.091669113479));
#5381 = CARTESIAN_POINT('',(1.45442700326,66.199409976806));
#5382 = CARTESIAN_POINT('',(1.493211089849,66.271716196653));
#5383 = CARTESIAN_POINT('',(1.531995828585,66.307895450093));
#5384 = CARTESIAN_POINT('',(1.609610907546,66.307895450093));
#5385 = CARTESIAN_POINT('',(1.648409710455,66.271689929696));
#5386 = CARTESIAN_POINT('',(1.687207864128,66.199331255494));
#5387 = CARTESIAN_POINT('',(1.726019140115,66.091512734376));
#5388 = CARTESIAN_POINT('',(1.764855053911,65.949570126302));
#5389 = CARTESIAN_POINT('',(1.803723153876,65.775448596154));
#5390 = CARTESIAN_POINT('',(1.879304629995,65.379459078297));
#5391 = CARTESIAN_POINT('',(1.916015309393,65.160879724496));
#5392 = CARTESIAN_POINT('',(1.952798929359,64.917762965899));
#5393 = CARTESIAN_POINT('',(1.989695705258,64.652209820986));
#5394 = CARTESIAN_POINT('',(2.026744325349,64.36653693707));
#5395 = CARTESIAN_POINT('',(2.063982601386,64.063257123299));
#5396 = CARTESIAN_POINT('',(2.16284735426,63.223591925039));
#5397 = CARTESIAN_POINT('',(2.224804412626,62.662506169072));
#5398 = CARTESIAN_POINT('',(2.287680289538,62.072091298272));
#5399 = CARTESIAN_POINT('',(2.351822505928,61.463252859471));
#5400 = CARTESIAN_POINT('',(2.417580115375,60.848445251091));
#5401 = CARTESIAN_POINT('',(2.485308426182,60.242877203819));
#5402 = CARTESIAN_POINT('',(2.579360822419,59.467889575249));
#5403 = CARTESIAN_POINT('',(2.603608268922,59.273641581595));
#5404 = CARTESIAN_POINT('',(2.62815364258,59.083376611065));
#5405 = CARTESIAN_POINT('',(2.653008555953,58.897936892932));
#5406 = CARTESIAN_POINT('',(2.678185000608,58.718212413138));
#5407 = CARTESIAN_POINT('',(2.703695750172,58.54513858205));
#5408 = CARTESIAN_POINT('',(2.750462704132,58.24592593769));
#5409 = CARTESIAN_POINT('',(2.771601643175,58.117124098926));
#5410 = CARTESIAN_POINT('',(2.792966459552,57.993889457977));
#5411 = CARTESIAN_POINT('',(2.814552930283,57.876816445543));
#5412 = CARTESIAN_POINT('',(2.836357689303,57.766489129502));
#5413 = CARTESIAN_POINT('',(2.8583781864,57.66347749344));
#5414 = CARTESIAN_POINT('',(2.89258569784,57.517099667244));
#5415 = CARTESIAN_POINT('',(2.904619192757,57.468153784517));
#5416 = CARTESIAN_POINT('',(2.916710384283,57.42159200439));
#5417 = CARTESIAN_POINT('',(2.928856626255,57.377504932794));
#5418 = CARTESIAN_POINT('',(2.941055372954,57.335977844213));
#5419 = CARTESIAN_POINT('',(2.953304179099,57.297090681681));
#5420 = CARTESIAN_POINT('',(2.990336459908,57.188152972452));
#5421 = CARTESIAN_POINT('',(3.015273725137,57.126347074536));
#5422 = CARTESIAN_POINT('',(3.040371003741,57.076185161792));
#5423 = CARTESIAN_POINT('',(3.065589040225,57.038194866763));
#5424 = CARTESIAN_POINT('',(3.090890048713,57.01273692804));
#5425 = CARTESIAN_POINT('',(3.116236955893,57.));
#5426 = CARTESIAN_POINT('',(3.166914762058,57.));
#5427 = CARTESIAN_POINT('',(3.192228089449,57.012703204646));
#5428 = CARTESIAN_POINT('',(3.21749567495,57.038093734778));
#5429 = CARTESIAN_POINT('',(3.242680591701,57.075983887842));
#5430 = CARTESIAN_POINT('',(3.267745204454,57.12601478427));
#5431 = CARTESIAN_POINT('',(3.292650417481,57.187661515271));
#5432 = CARTESIAN_POINT('',(3.329595954266,57.296206709354));
#5433 = CARTESIAN_POINT('',(3.341789767816,57.334861428997));
#5434 = CARTESIAN_POINT('',(3.35393403365,57.376133416723));
#5435 = CARTESIAN_POINT('',(3.366026332632,57.419943883945));
#5436 = CARTESIAN_POINT('',(3.378064146215,57.466208787751));
#5437 = CARTESIAN_POINT('',(3.390044856443,57.514838830897));
#5438 = CARTESIAN_POINT('',(3.424193708503,57.660649939529));
#5439 = CARTESIAN_POINT('',(3.446208073044,57.763431355626));
#5440 = CARTESIAN_POINT('',(3.468007036921,57.873532640102));
#5441 = CARTESIAN_POINT('',(3.489588023997,57.990384793923));
#5442 = CARTESIAN_POINT('',(3.510947642884,58.113404607575));
#5443 = CARTESIAN_POINT('',(3.532081645164,58.24199837962));
#5444 = CARTESIAN_POINT('',(3.578939882471,58.541412567152));
#5445 = CARTESIAN_POINT('',(3.604544052693,58.714959011471));
#5446 = CARTESIAN_POINT('',(3.629811487493,58.895215690779));
#5447 = CARTESIAN_POINT('',(3.654755075341,59.081236920227));
#5448 = CARTESIAN_POINT('',(3.67938690949,59.272122993835));
#5449 = CARTESIAN_POINT('',(3.703718697482,59.467022570784));
#5450 = CARTESIAN_POINT('',(3.746105796512,59.816282168492));
#5451 = CARTESIAN_POINT('',(3.764284229957,59.969321084401));
#5452 = CARTESIAN_POINT('',(3.782304984966,60.123917038186));
#5453 = CARTESIAN_POINT('',(3.800175361372,60.279752663002));
#5454 = CARTESIAN_POINT('',(3.817902561955,60.436527499985));
#5455 = CARTESIAN_POINT('',(3.835493809518,60.593957501837));
#5456 = CARTESIAN_POINT('',(3.866190806958,60.871378619067));
#5457 = CARTESIAN_POINT('',(3.879351248629,60.991204397518));
#5458 = CARTESIAN_POINT('',(3.892440936803,61.111135170897));
#5459 = CARTESIAN_POINT('',(3.905462956186,61.231057829698));
#5460 = CARTESIAN_POINT('',(3.918420328365,61.350862855775));
#5461 = CARTESIAN_POINT('',(3.931316011808,61.470444322338));
#5462 = CARTESIAN_POINT('',(3.979136112895,61.914696276356));
#5463 = CARTESIAN_POINT('',(4.013690117722,62.237339319312));
#5464 = CARTESIAN_POINT('',(4.047866184912,62.555482597101));
#5465 = CARTESIAN_POINT('',(4.081713915622,62.867148807501));
#5466 = CARTESIAN_POINT('',(4.115281795329,63.170495816359));
#5467 = CARTESIAN_POINT('',(4.148617745585,63.463782702152));
#5468 = CARTESIAN_POINT('',(4.219244866752,64.06360553892));
#5469 = CARTESIAN_POINT('',(4.256492637884,64.366947650286));
#5470 = CARTESIAN_POINT('',(4.293550643541,64.652671029856));
#5471 = CARTESIAN_POINT('',(4.330456760253,64.918261404538));
#5472 = CARTESIAN_POINT('',(4.36724974054,65.161400780317));
#5473 = CARTESIAN_POINT('',(4.40396986677,65.37998688961));
#5474 = CARTESIAN_POINT('',(4.479546745084,65.775827474131));
#5475 = CARTESIAN_POINT('',(4.518400678876,65.949827471096));
#5476 = CARTESIAN_POINT('',(4.557222469092,66.09166911348));
#5477 = CARTESIAN_POINT('',(4.596019656851,66.199409976807));
#5478 = CARTESIAN_POINT('',(4.634803743439,66.271716196653));
#5479 = CARTESIAN_POINT('',(4.673588482175,66.307895450093));
#5480 = CARTESIAN_POINT('',(4.751203561136,66.307895450093));
#5481 = CARTESIAN_POINT('',(4.790002364045,66.271689929696));
#5482 = CARTESIAN_POINT('',(4.828800517718,66.199331255494));
#5483 = CARTESIAN_POINT('',(4.867611793705,66.091512734375));
#5484 = CARTESIAN_POINT('',(4.906447707501,65.949570126302));
#5485 = CARTESIAN_POINT('',(4.945315807466,65.775448596155));
#5486 = CARTESIAN_POINT('',(5.020897283581,65.379459078316));
#5487 = CARTESIAN_POINT('',(5.057607962982,65.160879724503));
#5488 = CARTESIAN_POINT('',(5.094391582952,64.917762965882));
#5489 = CARTESIAN_POINT('',(5.131288358851,64.652209820961));
#5490 = CARTESIAN_POINT('',(5.168336978938,64.366536937069));
#5491 = CARTESIAN_POINT('',(5.205575254972,64.063257123333));
#5492 = CARTESIAN_POINT('',(5.30444000785,63.223591925039));
#5493 = CARTESIAN_POINT('',(5.366397066216,62.66250616908));
#5494 = CARTESIAN_POINT('',(5.429272943128,62.072091298262));
#5495 = CARTESIAN_POINT('',(5.493415159517,61.463252859487));
#5496 = CARTESIAN_POINT('',(5.559172768965,60.848445251088));
#5497 = CARTESIAN_POINT('',(5.626901079772,60.242877203824));
#5498 = CARTESIAN_POINT('',(5.72095347601,59.467889575243));
#5499 = CARTESIAN_POINT('',(5.745200922512,59.273641581599));
#5500 = CARTESIAN_POINT('',(5.769746296168,59.083376611076));
#5501 = CARTESIAN_POINT('',(5.794601209541,58.897936892942));
#5502 = CARTESIAN_POINT('',(5.819777654197,58.71821241314));
#5503 = CARTESIAN_POINT('',(5.845288403762,58.545138582046));
#5504 = CARTESIAN_POINT('',(5.892055357721,58.245925937694));
#5505 = CARTESIAN_POINT('',(5.913194296764,58.11712409893));
#5506 = CARTESIAN_POINT('',(5.934559113141,57.993889457981));
#5507 = CARTESIAN_POINT('',(5.956145583872,57.876816445547));
#5508 = CARTESIAN_POINT('',(5.977950342892,57.766489129506));
#5509 = CARTESIAN_POINT('',(5.999970839989,57.663477493445));
#5510 = CARTESIAN_POINT('',(6.058237158214,57.414149300798));
#5511 = CARTESIAN_POINT('',(6.094882153443,57.280407810963));
#5512 = CARTESIAN_POINT('',(6.132011355576,57.170097365264));
#5513 = CARTESIAN_POINT('',(6.169509932679,57.085597854286));
#5514 = CARTESIAN_POINT('',(6.207272328086,57.028589035981));
#5515 = CARTESIAN_POINT('',(6.245197654835,57.));
#5516 = CARTESIAN_POINT('',(6.28318530718,57.));
#5517 = ( GEOMETRIC_REPRESENTATION_CONTEXT(2) 
PARAMETRIC_REPRESENTATION_CONTEXT() REPRESENTATION_CONTEXT('2D SPACE',''
  ) );
#5518 = ADVANCED_FACE('',(#5519),#5328,.F.);
#5519 = FACE_BOUND('',#5520,.F.);
#5520 = EDGE_LOOP('',(#5521,#5548));
#5521 = ORIENTED_EDGE('',*,*,#5522,.F.);
#5522 = EDGE_CURVE('',#4582,#4580,#5523,.T.);
#5523 = SURFACE_CURVE('',#5524,(#5529,#5536),.PCURVE_S1.);
#5524 = CIRCLE('',#5525,30.);
#5525 = AXIS2_PLACEMENT_3D('',#5526,#5527,#5528);
#5526 = CARTESIAN_POINT('',(-43.6921045499,0.,1.01278E+03));
#5527 = DIRECTION('',(1.,0.,-0.));
#5528 = DIRECTION('',(0.,0.,1.));
#5529 = PCURVE('',#5328,#5530);
#5530 = DEFINITIONAL_REPRESENTATION('',(#5531),#5535);
#5531 = LINE('',#5532,#5533);
#5532 = CARTESIAN_POINT('',(0.,66.307895450093));
#5533 = VECTOR('',#5534,1.);
#5534 = DIRECTION('',(1.,0.));
#5535 = ( GEOMETRIC_REPRESENTATION_CONTEXT(2) 
PARAMETRIC_REPRESENTATION_CONTEXT() REPRESENTATION_CONTEXT('2D SPACE',''
  ) );
#5536 = PCURVE('',#5537,#5542);
#5537 = PLANE('',#5538);
#5538 = AXIS2_PLACEMENT_3D('',#5539,#5540,#5541);
#5539 = CARTESIAN_POINT('',(-43.6921045499,0.,1.01278E+03));
#5540 = DIRECTION('',(1.,0.,0.));
#5541 = DIRECTION('',(0.,0.,1.));
#5542 = DEFINITIONAL_REPRESENTATION('',(#5543),#5547);
#5543 = CIRCLE('',#5544,30.);
#5544 = AXIS2_PLACEMENT_2D('',#5545,#5546);
#5545 = CARTESIAN_POINT('',(0.,0.));
#5546 = DIRECTION('',(1.,0.));
#5547 = ( GEOMETRIC_REPRESENTATION_CONTEXT(2) 
PARAMETRIC_REPRESENTATION_CONTEXT() REPRESENTATION_CONTEXT('2D SPACE',''
  ) );
#5548 = ORIENTED_EDGE('',*,*,#4956,.T.);
#5549 = ADVANCED_FACE('',(#5550,#5575),#5537,.F.);
#5550 = FACE_BOUND('',#5551,.F.);
#5551 = EDGE_LOOP('',(#5552,#5553));
#5552 = ORIENTED_EDGE('',*,*,#5522,.T.);
#5553 = ORIENTED_EDGE('',*,*,#5554,.T.);
#5554 = EDGE_CURVE('',#4580,#4582,#5555,.T.);
#5555 = SURFACE_CURVE('',#5556,(#5561,#5568),.PCURVE_S1.);
#5556 = CIRCLE('',#5557,30.);
#5557 = AXIS2_PLACEMENT_3D('',#5558,#5559,#5560);
#5558 = CARTESIAN_POINT('',(-43.6921045499,0.,1.01278E+03));
#5559 = DIRECTION('',(1.,0.,0.));
#5560 = DIRECTION('',(0.,1.,0.));
#5561 = PCURVE('',#5537,#5562);
#5562 = DEFINITIONAL_REPRESENTATION('',(#5563),#5567);
#5563 = CIRCLE('',#5564,30.);
#5564 = AXIS2_PLACEMENT_2D('',#5565,#5566);
#5565 = CARTESIAN_POINT('',(0.,0.));
#5566 = DIRECTION('',(0.,-1.));
#5567 = ( GEOMETRIC_REPRESENTATION_CONTEXT(2) 
PARAMETRIC_REPRESENTATION_CONTEXT() REPRESENTATION_CONTEXT('2D SPACE',''
  ) );
#5568 = PCURVE('',#4812,#5569);
#5569 = DEFINITIONAL_REPRESENTATION('',(#5570),#5574);
#5570 = LINE('',#5571,#5572);
#5571 = CARTESIAN_POINT('',(-1.570796326795,66.307895450093));
#5572 = VECTOR('',#5573,1.);
#5573 = DIRECTION('',(1.,0.));
#5574 = ( GEOMETRIC_REPRESENTATION_CONTEXT(2) 
PARAMETRIC_REPRESENTATION_CONTEXT() REPRESENTATION_CONTEXT('2D SPACE',''
  ) );
#5575 = FACE_BOUND('',#5576,.F.);
#5576 = EDGE_LOOP('',(#5577));
#5577 = ORIENTED_EDGE('',*,*,#5578,.F.);
#5578 = EDGE_CURVE('',#5579,#5579,#5581,.T.);
#5579 = VERTEX_POINT('',#5580);
#5580 = CARTESIAN_POINT('',(-43.6921045499,6.123233995737E-15,
    1.03778E+03));
#5581 = SURFACE_CURVE('',#5582,(#5587,#5594),.PCURVE_S1.);
#5582 = CIRCLE('',#5583,25.);
#5583 = AXIS2_PLACEMENT_3D('',#5584,#5585,#5586);
#5584 = CARTESIAN_POINT('',(-43.6921045499,0.,1.01278E+03));
#5585 = DIRECTION('',(1.,0.,-0.));
#5586 = DIRECTION('',(0.,0.,1.));
#5587 = PCURVE('',#5537,#5588);
#5588 = DEFINITIONAL_REPRESENTATION('',(#5589),#5593);
#5589 = CIRCLE('',#5590,25.);
#5590 = AXIS2_PLACEMENT_2D('',#5591,#5592);
#5591 = CARTESIAN_POINT('',(0.,0.));
#5592 = DIRECTION('',(1.,0.));
#5593 = ( GEOMETRIC_REPRESENTATION_CONTEXT(2) 
PARAMETRIC_REPRESENTATION_CONTEXT() REPRESENTATION_CONTEXT('2D SPACE',''
  ) );
#5594 = PCURVE('',#5595,#5600);
#5595 = CYLINDRICAL_SURFACE('',#5596,25.);
#5596 = AXIS2_PLACEMENT_3D('',#5597,#5598,#5599);
#5597 = CARTESIAN_POINT('',(-110.,0.,1.01278E+03));
#5598 = DIRECTION('',(1.,0.,0.));
#5599 = DIRECTION('',(0.,0.,1.));
#5600 = DEFINITIONAL_REPRESENTATION('',(#5601),#5605);
#5601 = LINE('',#5602,#5603);
#5602 = CARTESIAN_POINT('',(0.,66.307895450093));
#5603 = VECTOR('',#5604,1.);
#5604 = DIRECTION('',(1.,0.));
#5605 = ( GEOMETRIC_REPRESENTATION_CONTEXT(2) 
PARAMETRIC_REPRESENTATION_CONTEXT() REPRESENTATION_CONTEXT('2D SPACE',''
  ) );
#5606 = ADVANCED_FACE('',(#5607),#5595,.F.);
#5607 = FACE_BOUND('',#5608,.F.);
#5608 = EDGE_LOOP('',(#5609,#5632,#5633,#5634));
#5609 = ORIENTED_EDGE('',*,*,#5610,.F.);
#5610 = EDGE_CURVE('',#5579,#5611,#5613,.T.);
#5611 = VERTEX_POINT('',#5612);
#5612 = CARTESIAN_POINT('',(-12.6921045499,6.123233995737E-15,
    1.03778E+03));
#5613 = SEAM_CURVE('',#5614,(#5618,#5625),.PCURVE_S1.);
#5614 = LINE('',#5615,#5616);
#5615 = CARTESIAN_POINT('',(-110.,6.123233995737E-15,1.03778E+03));
#5616 = VECTOR('',#5617,1.);
#5617 = DIRECTION('',(1.,0.,0.));
#5618 = PCURVE('',#5595,#5619);
#5619 = DEFINITIONAL_REPRESENTATION('',(#5620),#5624);
#5620 = LINE('',#5621,#5622);
#5621 = CARTESIAN_POINT('',(4.138911435803E-13,0.));
#5622 = VECTOR('',#5623,1.);
#5623 = DIRECTION('',(0.,1.));
#5624 = ( GEOMETRIC_REPRESENTATION_CONTEXT(2) 
PARAMETRIC_REPRESENTATION_CONTEXT() REPRESENTATION_CONTEXT('2D SPACE',''
  ) );
#5625 = PCURVE('',#5595,#5626);
#5626 = DEFINITIONAL_REPRESENTATION('',(#5627),#5631);
#5627 = LINE('',#5628,#5629);
#5628 = CARTESIAN_POINT('',(6.28318530718,0.));
#5629 = VECTOR('',#5630,1.);
#5630 = DIRECTION('',(0.,1.));
#5631 = ( GEOMETRIC_REPRESENTATION_CONTEXT(2) 
PARAMETRIC_REPRESENTATION_CONTEXT() REPRESENTATION_CONTEXT('2D SPACE',''
  ) );
#5632 = ORIENTED_EDGE('',*,*,#5578,.T.);
#5633 = ORIENTED_EDGE('',*,*,#5610,.T.);
#5634 = ORIENTED_EDGE('',*,*,#5635,.F.);
#5635 = EDGE_CURVE('',#5611,#5611,#5636,.T.);
#5636 = SURFACE_CURVE('',#5637,(#5642,#5649),.PCURVE_S1.);
#5637 = CIRCLE('',#5638,25.);
#5638 = AXIS2_PLACEMENT_3D('',#5639,#5640,#5641);
#5639 = CARTESIAN_POINT('',(-12.6921045499,0.,1.01278E+03));
#5640 = DIRECTION('',(1.,0.,-0.));
#5641 = DIRECTION('',(0.,0.,1.));
#5642 = PCURVE('',#5595,#5643);
#5643 = DEFINITIONAL_REPRESENTATION('',(#5644),#5648);
#5644 = LINE('',#5645,#5646);
#5645 = CARTESIAN_POINT('',(0.,97.3078954501));
#5646 = VECTOR('',#5647,1.);
#5647 = DIRECTION('',(1.,0.));
#5648 = ( GEOMETRIC_REPRESENTATION_CONTEXT(2) 
PARAMETRIC_REPRESENTATION_CONTEXT() REPRESENTATION_CONTEXT('2D SPACE',''
  ) );
#5649 = PCURVE('',#5650,#5655);
#5650 = CONICAL_SURFACE('',#5651,25.,0.643501108793);
#5651 = AXIS2_PLACEMENT_3D('',#5652,#5653,#5654);
#5652 = CARTESIAN_POINT('',(-12.6921045499,0.,1.01278E+03));
#5653 = DIRECTION('',(-1.,-0.,-0.));
#5654 = DIRECTION('',(0.,0.,1.));
#5655 = DEFINITIONAL_REPRESENTATION('',(#5656),#5660);
#5656 = LINE('',#5657,#5658);
#5657 = CARTESIAN_POINT('',(6.28318530718,0.));
#5658 = VECTOR('',#5659,1.);
#5659 = DIRECTION('',(-1.,0.));
#5660 = ( GEOMETRIC_REPRESENTATION_CONTEXT(2) 
PARAMETRIC_REPRESENTATION_CONTEXT() REPRESENTATION_CONTEXT('2D SPACE',''
  ) );
#5661 = ADVANCED_FACE('',(#5662),#5650,.F.);
#5662 = FACE_BOUND('',#5663,.F.);
#5663 = EDGE_LOOP('',(#5664,#5692,#5713,#5714));
#5664 = ORIENTED_EDGE('',*,*,#5665,.F.);
#5665 = EDGE_CURVE('',#5666,#5666,#5668,.T.);
#5666 = VERTEX_POINT('',#5667);
#5667 = CARTESIAN_POINT('',(-8.6921045499,5.388445916248E-15,1.03478E+03
    ));
#5668 = SURFACE_CURVE('',#5669,(#5674,#5681),.PCURVE_S1.);
#5669 = CIRCLE('',#5670,22.);
#5670 = AXIS2_PLACEMENT_3D('',#5671,#5672,#5673);
#5671 = CARTESIAN_POINT('',(-8.6921045499,0.,1.01278E+03));
#5672 = DIRECTION('',(1.,0.,-0.));
#5673 = DIRECTION('',(0.,0.,1.));
#5674 = PCURVE('',#5650,#5675);
#5675 = DEFINITIONAL_REPRESENTATION('',(#5676),#5680);
#5676 = LINE('',#5677,#5678);
#5677 = CARTESIAN_POINT('',(6.28318530718,-4.000000000001));
#5678 = VECTOR('',#5679,1.);
#5679 = DIRECTION('',(-1.,0.));
#5680 = ( GEOMETRIC_REPRESENTATION_CONTEXT(2) 
PARAMETRIC_REPRESENTATION_CONTEXT() REPRESENTATION_CONTEXT('2D SPACE',''
  ) );
#5681 = PCURVE('',#5682,#5687);
#5682 = CYLINDRICAL_SURFACE('',#5683,22.);
#5683 = AXIS2_PLACEMENT_3D('',#5684,#5685,#5686);
#5684 = CARTESIAN_POINT('',(-8.6921045499,0.,1.01278E+03));
#5685 = DIRECTION('',(1.,0.,0.));
#5686 = DIRECTION('',(0.,0.,1.));
#5687 = DEFINITIONAL_REPRESENTATION('',(#5688),#5691);
#5688 = B_SPLINE_CURVE_WITH_KNOTS('',1,(#5689,#5690),.UNSPECIFIED.,.F.,
  .F.,(2,2),(0.,6.28318530718),.PIECEWISE_BEZIER_KNOTS.);
#5689 = CARTESIAN_POINT('',(0.,0.));
#5690 = CARTESIAN_POINT('',(6.28318530718,0.));
#5691 = ( GEOMETRIC_REPRESENTATION_CONTEXT(2) 
PARAMETRIC_REPRESENTATION_CONTEXT() REPRESENTATION_CONTEXT('2D SPACE',''
  ) );
#5692 = ORIENTED_EDGE('',*,*,#5693,.F.);
#5693 = EDGE_CURVE('',#5611,#5666,#5694,.T.);
#5694 = SEAM_CURVE('',#5695,(#5699,#5706),.PCURVE_S1.);
#5695 = LINE('',#5696,#5697);
#5696 = CARTESIAN_POINT('',(-12.6921045499,6.123233995737E-15,
    1.03778E+03));
#5697 = VECTOR('',#5698,1.);
#5698 = DIRECTION('',(0.8,-1.469576158977E-16,-0.6));
#5699 = PCURVE('',#5650,#5700);
#5700 = DEFINITIONAL_REPRESENTATION('',(#5701),#5705);
#5701 = LINE('',#5702,#5703);
#5702 = CARTESIAN_POINT('',(6.28318530718,0.));
#5703 = VECTOR('',#5704,1.);
#5704 = DIRECTION('',(-0.,-1.));
#5705 = ( GEOMETRIC_REPRESENTATION_CONTEXT(2) 
PARAMETRIC_REPRESENTATION_CONTEXT() REPRESENTATION_CONTEXT('2D SPACE',''
  ) );
#5706 = PCURVE('',#5650,#5707);
#5707 = DEFINITIONAL_REPRESENTATION('',(#5708),#5712);
#5708 = LINE('',#5709,#5710);
#5709 = CARTESIAN_POINT('',(-4.138911435803E-13,0.));
#5710 = VECTOR('',#5711,1.);
#5711 = DIRECTION('',(-0.,-1.));
#5712 = ( GEOMETRIC_REPRESENTATION_CONTEXT(2) 
PARAMETRIC_REPRESENTATION_CONTEXT() REPRESENTATION_CONTEXT('2D SPACE',''
  ) );
#5713 = ORIENTED_EDGE('',*,*,#5635,.T.);
#5714 = ORIENTED_EDGE('',*,*,#5693,.T.);
#5715 = ADVANCED_FACE('',(#5716),#5682,.F.);
#5716 = FACE_BOUND('',#5717,.F.);
#5717 = EDGE_LOOP('',(#5718,#5746,#5767,#5768));
#5718 = ORIENTED_EDGE('',*,*,#5719,.F.);
#5719 = EDGE_CURVE('',#5720,#5720,#5722,.T.);
#5720 = VERTEX_POINT('',#5721);
#5721 = CARTESIAN_POINT('',(8.692104549907,5.388445916248E-15,
    1.03478E+03));
#5722 = SURFACE_CURVE('',#5723,(#5728,#5735),.PCURVE_S1.);
#5723 = CIRCLE('',#5724,22.);
#5724 = AXIS2_PLACEMENT_3D('',#5725,#5726,#5727);
#5725 = CARTESIAN_POINT('',(8.692104549907,0.,1.01278E+03));
#5726 = DIRECTION('',(1.,0.,-0.));
#5727 = DIRECTION('',(0.,0.,1.));
#5728 = PCURVE('',#5682,#5729);
#5729 = DEFINITIONAL_REPRESENTATION('',(#5730),#5734);
#5730 = LINE('',#5731,#5732);
#5731 = CARTESIAN_POINT('',(0.,17.384209099807));
#5732 = VECTOR('',#5733,1.);
#5733 = DIRECTION('',(1.,0.));
#5734 = ( GEOMETRIC_REPRESENTATION_CONTEXT(2) 
PARAMETRIC_REPRESENTATION_CONTEXT() REPRESENTATION_CONTEXT('2D SPACE',''
  ) );
#5735 = PCURVE('',#5736,#5741);
#5736 = CONICAL_SURFACE('',#5737,22.,0.643501108793);
#5737 = AXIS2_PLACEMENT_3D('',#5738,#5739,#5740);
#5738 = CARTESIAN_POINT('',(8.692104549907,0.,1.01278E+03));
#5739 = DIRECTION('',(1.,0.,0.));
#5740 = DIRECTION('',(0.,0.,1.));
#5741 = DEFINITIONAL_REPRESENTATION('',(#5742),#5745);
#5742 = B_SPLINE_CURVE_WITH_KNOTS('',1,(#5743,#5744),.UNSPECIFIED.,.F.,
  .F.,(2,2),(0.,6.28318530718),.PIECEWISE_BEZIER_KNOTS.);
#5743 = CARTESIAN_POINT('',(0.,0.));
#5744 = CARTESIAN_POINT('',(6.28318530718,0.));
#5745 = ( GEOMETRIC_REPRESENTATION_CONTEXT(2) 
PARAMETRIC_REPRESENTATION_CONTEXT() REPRESENTATION_CONTEXT('2D SPACE',''
  ) );
#5746 = ORIENTED_EDGE('',*,*,#5747,.F.);
#5747 = EDGE_CURVE('',#5666,#5720,#5748,.T.);
#5748 = SEAM_CURVE('',#5749,(#5753,#5760),.PCURVE_S1.);
#5749 = LINE('',#5750,#5751);
#5750 = CARTESIAN_POINT('',(-8.6921045499,5.388445916248E-15,1.03478E+03
    ));
#5751 = VECTOR('',#5752,1.);
#5752 = DIRECTION('',(1.,0.,0.));
#5753 = PCURVE('',#5682,#5754);
#5754 = DEFINITIONAL_REPRESENTATION('',(#5755),#5759);
#5755 = LINE('',#5756,#5757);
#5756 = CARTESIAN_POINT('',(0.,-0.));
#5757 = VECTOR('',#5758,1.);
#5758 = DIRECTION('',(0.,1.));
#5759 = ( GEOMETRIC_REPRESENTATION_CONTEXT(2) 
PARAMETRIC_REPRESENTATION_CONTEXT() REPRESENTATION_CONTEXT('2D SPACE',''
  ) );
#5760 = PCURVE('',#5682,#5761);
#5761 = DEFINITIONAL_REPRESENTATION('',(#5762),#5766);
#5762 = LINE('',#5763,#5764);
#5763 = CARTESIAN_POINT('',(6.28318530718,-0.));
#5764 = VECTOR('',#5765,1.);
#5765 = DIRECTION('',(0.,1.));
#5766 = ( GEOMETRIC_REPRESENTATION_CONTEXT(2) 
PARAMETRIC_REPRESENTATION_CONTEXT() REPRESENTATION_CONTEXT('2D SPACE',''
  ) );
#5767 = ORIENTED_EDGE('',*,*,#5665,.T.);
#5768 = ORIENTED_EDGE('',*,*,#5747,.T.);
#5769 = ADVANCED_FACE('',(#5770),#5736,.F.);
#5770 = FACE_BOUND('',#5771,.F.);
#5771 = EDGE_LOOP('',(#5772,#5801,#5822,#5823));
#5772 = ORIENTED_EDGE('',*,*,#5773,.F.);
#5773 = EDGE_CURVE('',#5774,#5774,#5776,.T.);
#5774 = VERTEX_POINT('',#5775);
#5775 = CARTESIAN_POINT('',(12.692104549907,6.123233995737E-15,
    1.03778E+03));
#5776 = SURFACE_CURVE('',#5777,(#5782,#5789),.PCURVE_S1.);
#5777 = CIRCLE('',#5778,25.);
#5778 = AXIS2_PLACEMENT_3D('',#5779,#5780,#5781);
#5779 = CARTESIAN_POINT('',(12.692104549907,0.,1.01278E+03));
#5780 = DIRECTION('',(1.,0.,-0.));
#5781 = DIRECTION('',(0.,0.,1.));
#5782 = PCURVE('',#5736,#5783);
#5783 = DEFINITIONAL_REPRESENTATION('',(#5784),#5788);
#5784 = LINE('',#5785,#5786);
#5785 = CARTESIAN_POINT('',(0.,4.));
#5786 = VECTOR('',#5787,1.);
#5787 = DIRECTION('',(1.,0.));
#5788 = ( GEOMETRIC_REPRESENTATION_CONTEXT(2) 
PARAMETRIC_REPRESENTATION_CONTEXT() REPRESENTATION_CONTEXT('2D SPACE',''
  ) );
#5789 = PCURVE('',#5790,#5795);
#5790 = CYLINDRICAL_SURFACE('',#5791,25.);
#5791 = AXIS2_PLACEMENT_3D('',#5792,#5793,#5794);
#5792 = CARTESIAN_POINT('',(-110.,0.,1.01278E+03));
#5793 = DIRECTION('',(1.,0.,0.));
#5794 = DIRECTION('',(0.,0.,1.));
#5795 = DEFINITIONAL_REPRESENTATION('',(#5796),#5800);
#5796 = LINE('',#5797,#5798);
#5797 = CARTESIAN_POINT('',(0.,122.6921045499));
#5798 = VECTOR('',#5799,1.);
#5799 = DIRECTION('',(1.,0.));
#5800 = ( GEOMETRIC_REPRESENTATION_CONTEXT(2) 
PARAMETRIC_REPRESENTATION_CONTEXT() REPRESENTATION_CONTEXT('2D SPACE',''
  ) );
#5801 = ORIENTED_EDGE('',*,*,#5802,.F.);
#5802 = EDGE_CURVE('',#5720,#5774,#5803,.T.);
#5803 = SEAM_CURVE('',#5804,(#5808,#5815),.PCURVE_S1.);
#5804 = LINE('',#5805,#5806);
#5805 = CARTESIAN_POINT('',(8.692104549907,5.388445916248E-15,
    1.03478E+03));
#5806 = VECTOR('',#5807,1.);
#5807 = DIRECTION('',(0.8,1.469576158977E-16,0.6));
#5808 = PCURVE('',#5736,#5809);
#5809 = DEFINITIONAL_REPRESENTATION('',(#5810),#5814);
#5810 = LINE('',#5811,#5812);
#5811 = CARTESIAN_POINT('',(0.,-0.));
#5812 = VECTOR('',#5813,1.);
#5813 = DIRECTION('',(0.,1.));
#5814 = ( GEOMETRIC_REPRESENTATION_CONTEXT(2) 
PARAMETRIC_REPRESENTATION_CONTEXT() REPRESENTATION_CONTEXT('2D SPACE',''
  ) );
#5815 = PCURVE('',#5736,#5816);
#5816 = DEFINITIONAL_REPRESENTATION('',(#5817),#5821);
#5817 = LINE('',#5818,#5819);
#5818 = CARTESIAN_POINT('',(6.28318530718,-0.));
#5819 = VECTOR('',#5820,1.);
#5820 = DIRECTION('',(0.,1.));
#5821 = ( GEOMETRIC_REPRESENTATION_CONTEXT(2) 
PARAMETRIC_REPRESENTATION_CONTEXT() REPRESENTATION_CONTEXT('2D SPACE',''
  ) );
#5822 = ORIENTED_EDGE('',*,*,#5719,.T.);
#5823 = ORIENTED_EDGE('',*,*,#5802,.T.);
#5824 = ADVANCED_FACE('',(#5825),#5790,.F.);
#5825 = FACE_BOUND('',#5826,.F.);
#5826 = EDGE_LOOP('',(#5827,#5828,#5851,#5878));
#5827 = ORIENTED_EDGE('',*,*,#5773,.T.);
#5828 = ORIENTED_EDGE('',*,*,#5829,.T.);
#5829 = EDGE_CURVE('',#5774,#5830,#5832,.T.);
#5830 = VERTEX_POINT('',#5831);
#5831 = CARTESIAN_POINT('',(43.692104549907,6.123233995737E-15,
    1.03778E+03));
#5832 = SEAM_CURVE('',#5833,(#5837,#5844),.PCURVE_S1.);
#5833 = LINE('',#5834,#5835);
#5834 = CARTESIAN_POINT('',(-110.,6.123233995737E-15,1.03778E+03));
#5835 = VECTOR('',#5836,1.);
#5836 = DIRECTION('',(1.,0.,0.));
#5837 = PCURVE('',#5790,#5838);
#5838 = DEFINITIONAL_REPRESENTATION('',(#5839),#5843);
#5839 = LINE('',#5840,#5841);
#5840 = CARTESIAN_POINT('',(6.28318530718,0.));
#5841 = VECTOR('',#5842,1.);
#5842 = DIRECTION('',(0.,1.));
#5843 = ( GEOMETRIC_REPRESENTATION_CONTEXT(2) 
PARAMETRIC_REPRESENTATION_CONTEXT() REPRESENTATION_CONTEXT('2D SPACE',''
  ) );
#5844 = PCURVE('',#5790,#5845);
#5845 = DEFINITIONAL_REPRESENTATION('',(#5846),#5850);
#5846 = LINE('',#5847,#5848);
#5847 = CARTESIAN_POINT('',(4.138911435803E-13,0.));
#5848 = VECTOR('',#5849,1.);
#5849 = DIRECTION('',(0.,1.));
#5850 = ( GEOMETRIC_REPRESENTATION_CONTEXT(2) 
PARAMETRIC_REPRESENTATION_CONTEXT() REPRESENTATION_CONTEXT('2D SPACE',''
  ) );
#5851 = ORIENTED_EDGE('',*,*,#5852,.F.);
#5852 = EDGE_CURVE('',#5830,#5830,#5853,.T.);
#5853 = SURFACE_CURVE('',#5854,(#5859,#5866),.PCURVE_S1.);
#5854 = CIRCLE('',#5855,25.);
#5855 = AXIS2_PLACEMENT_3D('',#5856,#5857,#5858);
#5856 = CARTESIAN_POINT('',(43.692104549907,0.,1.01278E+03));
#5857 = DIRECTION('',(1.,0.,-0.));
#5858 = DIRECTION('',(0.,0.,1.));
#5859 = PCURVE('',#5790,#5860);
#5860 = DEFINITIONAL_REPRESENTATION('',(#5861),#5865);
#5861 = LINE('',#5862,#5863);
#5862 = CARTESIAN_POINT('',(0.,153.6921045499));
#5863 = VECTOR('',#5864,1.);
#5864 = DIRECTION('',(1.,0.));
#5865 = ( GEOMETRIC_REPRESENTATION_CONTEXT(2) 
PARAMETRIC_REPRESENTATION_CONTEXT() REPRESENTATION_CONTEXT('2D SPACE',''
  ) );
#5866 = PCURVE('',#5867,#5872);
#5867 = PLANE('',#5868);
#5868 = AXIS2_PLACEMENT_3D('',#5869,#5870,#5871);
#5869 = CARTESIAN_POINT('',(43.692104549907,0.,1.01278E+03));
#5870 = DIRECTION('',(1.,0.,0.));
#5871 = DIRECTION('',(0.,0.,1.));
#5872 = DEFINITIONAL_REPRESENTATION('',(#5873),#5877);
#5873 = CIRCLE('',#5874,25.);
#5874 = AXIS2_PLACEMENT_2D('',#5875,#5876);
#5875 = CARTESIAN_POINT('',(0.,0.));
#5876 = DIRECTION('',(1.,0.));
#5877 = ( GEOMETRIC_REPRESENTATION_CONTEXT(2) 
PARAMETRIC_REPRESENTATION_CONTEXT() REPRESENTATION_CONTEXT('2D SPACE',''
  ) );
#5878 = ORIENTED_EDGE('',*,*,#5829,.F.);
#5879 = ADVANCED_FACE('',(#5880,#5930),#5867,.T.);
#5880 = FACE_BOUND('',#5881,.T.);
#5881 = EDGE_LOOP('',(#5882,#5908));
#5882 = ORIENTED_EDGE('',*,*,#5883,.F.);
#5883 = EDGE_CURVE('',#3514,#4083,#5884,.T.);
#5884 = SURFACE_CURVE('',#5885,(#5890,#5901),.PCURVE_S1.);
#5885 = CIRCLE('',#5886,30.);
#5886 = AXIS2_PLACEMENT_3D('',#5887,#5888,#5889);
#5887 = CARTESIAN_POINT('',(43.692104549907,0.,1.01278E+03));
#5888 = DIRECTION('',(-1.,0.,0.));
#5889 = DIRECTION('',(0.,-1.,0.));
#5890 = PCURVE('',#5867,#5891);
#5891 = DEFINITIONAL_REPRESENTATION('',(#5892),#5900);
#5892 = ( BOUNDED_CURVE() B_SPLINE_CURVE(2,(#5893,#5894,#5895,#5896,
#5897,#5898,#5899),.UNSPECIFIED.,.T.,.F.) B_SPLINE_CURVE_WITH_KNOTS((1,2
    ,2,2,2,1),(-2.094395102393,0.,2.094395102393,4.188790204786,
6.28318530718,8.377580409573),.UNSPECIFIED.) CURVE() 
GEOMETRIC_REPRESENTATION_ITEM() RATIONAL_B_SPLINE_CURVE((1.,0.5,1.,0.5,
1.,0.5,1.)) REPRESENTATION_ITEM('') );
#5893 = CARTESIAN_POINT('',(0.,30.));
#5894 = CARTESIAN_POINT('',(51.961524227066,30.));
#5895 = CARTESIAN_POINT('',(25.980762113533,-15.));
#5896 = CARTESIAN_POINT('',(7.347880794884E-15,-60.));
#5897 = CARTESIAN_POINT('',(-25.98076211353,-15.));
#5898 = CARTESIAN_POINT('',(-51.96152422706,30.));
#5899 = CARTESIAN_POINT('',(0.,30.));
#5900 = ( GEOMETRIC_REPRESENTATION_CONTEXT(2) 
PARAMETRIC_REPRESENTATION_CONTEXT() REPRESENTATION_CONTEXT('2D SPACE',''
  ) );
#5901 = PCURVE('',#3972,#5902);
#5902 = DEFINITIONAL_REPRESENTATION('',(#5903),#5907);
#5903 = LINE('',#5904,#5905);
#5904 = CARTESIAN_POINT('',(7.853981633974,0.));
#5905 = VECTOR('',#5906,1.);
#5906 = DIRECTION('',(-1.,-0.));
#5907 = ( GEOMETRIC_REPRESENTATION_CONTEXT(2) 
PARAMETRIC_REPRESENTATION_CONTEXT() REPRESENTATION_CONTEXT('2D SPACE',''
  ) );
#5908 = ORIENTED_EDGE('',*,*,#5909,.T.);
#5909 = EDGE_CURVE('',#3514,#4083,#5910,.T.);
#5910 = SURFACE_CURVE('',#5911,(#5916,#5923),.PCURVE_S1.);
#5911 = CIRCLE('',#5912,30.);
#5912 = AXIS2_PLACEMENT_3D('',#5913,#5914,#5915);
#5913 = CARTESIAN_POINT('',(43.692104549907,0.,1.01278E+03));
#5914 = DIRECTION('',(1.,0.,-0.));
#5915 = DIRECTION('',(0.,0.,1.));
#5916 = PCURVE('',#5867,#5917);
#5917 = DEFINITIONAL_REPRESENTATION('',(#5918),#5922);
#5918 = CIRCLE('',#5919,30.);
#5919 = AXIS2_PLACEMENT_2D('',#5920,#5921);
#5920 = CARTESIAN_POINT('',(0.,0.));
#5921 = DIRECTION('',(1.,0.));
#5922 = ( GEOMETRIC_REPRESENTATION_CONTEXT(2) 
PARAMETRIC_REPRESENTATION_CONTEXT() REPRESENTATION_CONTEXT('2D SPACE',''
  ) );
#5923 = PCURVE('',#3695,#5924);
#5924 = DEFINITIONAL_REPRESENTATION('',(#5925),#5929);
#5925 = LINE('',#5926,#5927);
#5926 = CARTESIAN_POINT('',(0.,0.));
#5927 = VECTOR('',#5928,1.);
#5928 = DIRECTION('',(1.,0.));
#5929 = ( GEOMETRIC_REPRESENTATION_CONTEXT(2) 
PARAMETRIC_REPRESENTATION_CONTEXT() REPRESENTATION_CONTEXT('2D SPACE',''
  ) );
#5930 = FACE_BOUND('',#5931,.T.);
#5931 = EDGE_LOOP('',(#5932));
#5932 = ORIENTED_EDGE('',*,*,#5852,.F.);
#5933 = ADVANCED_FACE('',(#5934),#4812,.F.);
#5934 = FACE_BOUND('',#5935,.F.);
#5935 = EDGE_LOOP('',(#5936,#5937));
#5936 = ORIENTED_EDGE('',*,*,#5554,.F.);
#5937 = ORIENTED_EDGE('',*,*,#4579,.T.);
#5938 = ADVANCED_FACE('',(#5939),#4069,.T.);
#5939 = FACE_BOUND('',#5940,.T.);
#5940 = EDGE_LOOP('',(#5941));
#5941 = ORIENTED_EDGE('',*,*,#4054,.T.);
#5942 = ADVANCED_FACE('',(#5943),#3972,.F.);
#5943 = FACE_BOUND('',#5944,.F.);
#5944 = EDGE_LOOP('',(#5945,#5946,#5947));
#5945 = ORIENTED_EDGE('',*,*,#3790,.F.);
#5946 = ORIENTED_EDGE('',*,*,#4082,.F.);
#5947 = ORIENTED_EDGE('',*,*,#5883,.F.);
#5948 = ADVANCED_FACE('',(#5949),#3695,.F.);
#5949 = FACE_BOUND('',#5950,.F.);
#5950 = EDGE_LOOP('',(#5951,#5952,#5953));
#5951 = ORIENTED_EDGE('',*,*,#3513,.F.);
#5952 = ORIENTED_EDGE('',*,*,#5909,.T.);
#5953 = ORIENTED_EDGE('',*,*,#4306,.F.);
#5954 = ( GEOMETRIC_REPRESENTATION_CONTEXT(3) 
GLOBAL_UNCERTAINTY_ASSIGNED_CONTEXT((#5958)) 
GLOBAL_UNIT_ASSIGNED_CONTEXT((#5955,#5956,#5957)) REPRESENTATION_CONTEXT
('Context #1','3D Context with UNIT and UNCERTAINTY') );
#5955 = ( LENGTH_UNIT() NAMED_UNIT(*) SI_UNIT(.MILLI.,.METRE.) );
#5956 = ( NAMED_UNIT(*) PLANE_ANGLE_UNIT() SI_UNIT($,.RADIAN.) );
#5957 = ( NAMED_UNIT(*) SI_UNIT($,.STERADIAN.) SOLID_ANGLE_UNIT() );
#5958 = UNCERTAINTY_MEASURE_WITH_UNIT(LENGTH_MEASURE(1.E-07),#5955,
  'distance_accuracy_value','confusion accuracy');
#5959 = CONTEXT_DEPENDENT_SHAPE_REPRESENTATION(#5960,#5962);
#5960 = ( REPRESENTATION_RELATIONSHIP('','',#52,#10) 
REPRESENTATION_RELATIONSHIP_WITH_TRANSFORMATION(#5961) 
SHAPE_REPRESENTATION_RELATIONSHIP() );
#5961 = ITEM_DEFINED_TRANSFORMATION('','',#11,#15);
#5962 = PRODUCT_DEFINITION_SHAPE('Placement','Placement of an item',
  #5963);
#5963 = NEXT_ASSEMBLY_USAGE_OCCURRENCE('1','HEAD_BARREL_7075','',#5,#47,
  $);
#5964 = PRODUCT_RELATED_PRODUCT_CATEGORY('part',$,(#49));
#5965 = SHAPE_DEFINITION_REPRESENTATION(#5966,#5972);
#5966 = PRODUCT_DEFINITION_SHAPE('','',#5967);
#5967 = PRODUCT_DEFINITION('design','',#5968,#5971);
#5968 = PRODUCT_DEFINITION_FORMATION('','',#5969);
#5969 = PRODUCT('SHAFT_300M_CONTINUOUS','SHAFT_300M_CONTINUOUS','',(
    #5970));
#5970 = PRODUCT_CONTEXT('',#2,'mechanical');
#5971 = PRODUCT_DEFINITION_CONTEXT('part definition',#2,'design');
#5972 = ADVANCED_BREP_SHAPE_REPRESENTATION('',(#11,#5973),#6181);
#5973 = MANIFOLD_SOLID_BREP('',#5974);
#5974 = CLOSED_SHELL('',(#5975,#6063,#6146,#6173,#6177));
#5975 = ADVANCED_FACE('',(#5976),#5990,.T.);
#5976 = FACE_BOUND('',#5977,.T.);
#5977 = EDGE_LOOP('',(#5978,#6008,#6035,#6036));
#5978 = ORIENTED_EDGE('',*,*,#5979,.F.);
#5979 = EDGE_CURVE('',#5980,#5982,#5984,.T.);
#5980 = VERTEX_POINT('',#5981);
#5981 = CARTESIAN_POINT('',(-87.5,4.65365783676E-15,1.03178E+03));
#5982 = VERTEX_POINT('',#5983);
#5983 = CARTESIAN_POINT('',(-62.5,4.65365783676E-15,1.03178E+03));
#5984 = SEAM_CURVE('',#5985,(#5989,#6001),.PCURVE_S1.);
#5985 = LINE('',#5986,#5987);
#5986 = CARTESIAN_POINT('',(-87.5,4.65365783676E-15,1.03178E+03));
#5987 = VECTOR('',#5988,1.);
#5988 = DIRECTION('',(1.,0.,0.));
#5989 = PCURVE('',#5990,#5995);
#5990 = CYLINDRICAL_SURFACE('',#5991,19.);
#5991 = AXIS2_PLACEMENT_3D('',#5992,#5993,#5994);
#5992 = CARTESIAN_POINT('',(-87.5,0.,1.01278E+03));
#5993 = DIRECTION('',(1.,0.,0.));
#5994 = DIRECTION('',(0.,0.,1.));
#5995 = DEFINITIONAL_REPRESENTATION('',(#5996),#6000);
#5996 = LINE('',#5997,#5998);
#5997 = CARTESIAN_POINT('',(0.,-0.));
#5998 = VECTOR('',#5999,1.);
#5999 = DIRECTION('',(0.,1.));
#6000 = ( GEOMETRIC_REPRESENTATION_CONTEXT(2) 
PARAMETRIC_REPRESENTATION_CONTEXT() REPRESENTATION_CONTEXT('2D SPACE',''
  ) );
#6001 = PCURVE('',#5990,#6002);
#6002 = DEFINITIONAL_REPRESENTATION('',(#6003),#6007);
#6003 = LINE('',#6004,#6005);
#6004 = CARTESIAN_POINT('',(6.28318530718,-0.));
#6005 = VECTOR('',#6006,1.);
#6006 = DIRECTION('',(0.,1.));
#6007 = ( GEOMETRIC_REPRESENTATION_CONTEXT(2) 
PARAMETRIC_REPRESENTATION_CONTEXT() REPRESENTATION_CONTEXT('2D SPACE',''
  ) );
#6008 = ORIENTED_EDGE('',*,*,#6009,.T.);
#6009 = EDGE_CURVE('',#5980,#5980,#6010,.T.);
#6010 = SURFACE_CURVE('',#6011,(#6016,#6023),.PCURVE_S1.);
#6011 = CIRCLE('',#6012,19.);
#6012 = AXIS2_PLACEMENT_3D('',#6013,#6014,#6015);
#6013 = CARTESIAN_POINT('',(-87.5,0.,1.01278E+03));
#6014 = DIRECTION('',(1.,0.,-0.));
#6015 = DIRECTION('',(0.,0.,1.));
#6016 = PCURVE('',#5990,#6017);
#6017 = DEFINITIONAL_REPRESENTATION('',(#6018),#6022);
#6018 = LINE('',#6019,#6020);
#6019 = CARTESIAN_POINT('',(0.,0.));
#6020 = VECTOR('',#6021,1.);
#6021 = DIRECTION('',(1.,0.));
#6022 = ( GEOMETRIC_REPRESENTATION_CONTEXT(2) 
PARAMETRIC_REPRESENTATION_CONTEXT() REPRESENTATION_CONTEXT('2D SPACE',''
  ) );
#6023 = PCURVE('',#6024,#6029);
#6024 = PLANE('',#6025);
#6025 = AXIS2_PLACEMENT_3D('',#6026,#6027,#6028);
#6026 = CARTESIAN_POINT('',(-87.5,0.,1.01278E+03));
#6027 = DIRECTION('',(1.,0.,0.));
#6028 = DIRECTION('',(0.,0.,1.));
#6029 = DEFINITIONAL_REPRESENTATION('',(#6030),#6034);
#6030 = CIRCLE('',#6031,19.);
#6031 = AXIS2_PLACEMENT_2D('',#6032,#6033);
#6032 = CARTESIAN_POINT('',(0.,0.));
#6033 = DIRECTION('',(1.,0.));
#6034 = ( GEOMETRIC_REPRESENTATION_CONTEXT(2) 
PARAMETRIC_REPRESENTATION_CONTEXT() REPRESENTATION_CONTEXT('2D SPACE',''
  ) );
#6035 = ORIENTED_EDGE('',*,*,#5979,.T.);
#6036 = ORIENTED_EDGE('',*,*,#6037,.F.);
#6037 = EDGE_CURVE('',#5982,#5982,#6038,.T.);
#6038 = SURFACE_CURVE('',#6039,(#6044,#6051),.PCURVE_S1.);
#6039 = CIRCLE('',#6040,19.);
#6040 = AXIS2_PLACEMENT_3D('',#6041,#6042,#6043);
#6041 = CARTESIAN_POINT('',(-62.5,0.,1.01278E+03));
#6042 = DIRECTION('',(1.,0.,-0.));
#6043 = DIRECTION('',(0.,0.,1.));
#6044 = PCURVE('',#5990,#6045);
#6045 = DEFINITIONAL_REPRESENTATION('',(#6046),#6050);
#6046 = LINE('',#6047,#6048);
#6047 = CARTESIAN_POINT('',(0.,25.));
#6048 = VECTOR('',#6049,1.);
#6049 = DIRECTION('',(1.,0.));
#6050 = ( GEOMETRIC_REPRESENTATION_CONTEXT(2) 
PARAMETRIC_REPRESENTATION_CONTEXT() REPRESENTATION_CONTEXT('2D SPACE',''
  ) );
#6051 = PCURVE('',#6052,#6057);
#6052 = CYLINDRICAL_SURFACE('',#6053,19.);
#6053 = AXIS2_PLACEMENT_3D('',#6054,#6055,#6056);
#6054 = CARTESIAN_POINT('',(-87.5,0.,1.01278E+03));
#6055 = DIRECTION('',(1.,0.,0.));
#6056 = DIRECTION('',(0.,0.,1.));
#6057 = DEFINITIONAL_REPRESENTATION('',(#6058),#6062);
#6058 = LINE('',#6059,#6060);
#6059 = CARTESIAN_POINT('',(0.,25.));
#6060 = VECTOR('',#6061,1.);
#6061 = DIRECTION('',(1.,0.));
#6062 = ( GEOMETRIC_REPRESENTATION_CONTEXT(2) 
PARAMETRIC_REPRESENTATION_CONTEXT() REPRESENTATION_CONTEXT('2D SPACE',''
  ) );
#6063 = ADVANCED_FACE('',(#6064),#6078,.T.);
#6064 = FACE_BOUND('',#6065,.T.);
#6065 = EDGE_LOOP('',(#6066,#6096,#6123,#6124));
#6066 = ORIENTED_EDGE('',*,*,#6067,.T.);
#6067 = EDGE_CURVE('',#6068,#6070,#6072,.T.);
#6068 = VERTEX_POINT('',#6069);
#6069 = CARTESIAN_POINT('',(62.5,4.65365783676E-15,1.03178E+03));
#6070 = VERTEX_POINT('',#6071);
#6071 = CARTESIAN_POINT('',(87.5,4.65365783676E-15,1.03178E+03));
#6072 = SEAM_CURVE('',#6073,(#6077,#6089),.PCURVE_S1.);
#6073 = LINE('',#6074,#6075);
#6074 = CARTESIAN_POINT('',(-87.5,4.65365783676E-15,1.03178E+03));
#6075 = VECTOR('',#6076,1.);
#6076 = DIRECTION('',(1.,0.,0.));
#6077 = PCURVE('',#6078,#6083);
#6078 = CYLINDRICAL_SURFACE('',#6079,19.);
#6079 = AXIS2_PLACEMENT_3D('',#6080,#6081,#6082);
#6080 = CARTESIAN_POINT('',(-87.5,0.,1.01278E+03));
#6081 = DIRECTION('',(1.,0.,0.));
#6082 = DIRECTION('',(0.,0.,1.));
#6083 = DEFINITIONAL_REPRESENTATION('',(#6084),#6088);
#6084 = LINE('',#6085,#6086);
#6085 = CARTESIAN_POINT('',(6.28318530718,0.));
#6086 = VECTOR('',#6087,1.);
#6087 = DIRECTION('',(0.,1.));
#6088 = ( GEOMETRIC_REPRESENTATION_CONTEXT(2) 
PARAMETRIC_REPRESENTATION_CONTEXT() REPRESENTATION_CONTEXT('2D SPACE',''
  ) );
#6089 = PCURVE('',#6078,#6090);
#6090 = DEFINITIONAL_REPRESENTATION('',(#6091),#6095);
#6091 = LINE('',#6092,#6093);
#6092 = CARTESIAN_POINT('',(4.138911435803E-13,0.));
#6093 = VECTOR('',#6094,1.);
#6094 = DIRECTION('',(0.,1.));
#6095 = ( GEOMETRIC_REPRESENTATION_CONTEXT(2) 
PARAMETRIC_REPRESENTATION_CONTEXT() REPRESENTATION_CONTEXT('2D SPACE',''
  ) );
#6096 = ORIENTED_EDGE('',*,*,#6097,.F.);
#6097 = EDGE_CURVE('',#6070,#6070,#6098,.T.);
#6098 = SURFACE_CURVE('',#6099,(#6104,#6111),.PCURVE_S1.);
#6099 = CIRCLE('',#6100,19.);
#6100 = AXIS2_PLACEMENT_3D('',#6101,#6102,#6103);
#6101 = CARTESIAN_POINT('',(87.5,0.,1.01278E+03));
#6102 = DIRECTION('',(1.,0.,-0.));
#6103 = DIRECTION('',(0.,0.,1.));
#6104 = PCURVE('',#6078,#6105);
#6105 = DEFINITIONAL_REPRESENTATION('',(#6106),#6110);
#6106 = LINE('',#6107,#6108);
#6107 = CARTESIAN_POINT('',(0.,175.));
#6108 = VECTOR('',#6109,1.);
#6109 = DIRECTION('',(1.,0.));
#6110 = ( GEOMETRIC_REPRESENTATION_CONTEXT(2) 
PARAMETRIC_REPRESENTATION_CONTEXT() REPRESENTATION_CONTEXT('2D SPACE',''
  ) );
#6111 = PCURVE('',#6112,#6117);
#6112 = PLANE('',#6113);
#6113 = AXIS2_PLACEMENT_3D('',#6114,#6115,#6116);
#6114 = CARTESIAN_POINT('',(87.5,0.,1.01278E+03));
#6115 = DIRECTION('',(1.,0.,0.));
#6116 = DIRECTION('',(0.,0.,1.));
#6117 = DEFINITIONAL_REPRESENTATION('',(#6118),#6122);
#6118 = CIRCLE('',#6119,19.);
#6119 = AXIS2_PLACEMENT_2D('',#6120,#6121);
#6120 = CARTESIAN_POINT('',(0.,0.));
#6121 = DIRECTION('',(1.,0.));
#6122 = ( GEOMETRIC_REPRESENTATION_CONTEXT(2) 
PARAMETRIC_REPRESENTATION_CONTEXT() REPRESENTATION_CONTEXT('2D SPACE',''
  ) );
#6123 = ORIENTED_EDGE('',*,*,#6067,.F.);
#6124 = ORIENTED_EDGE('',*,*,#6125,.T.);
#6125 = EDGE_CURVE('',#6068,#6068,#6126,.T.);
#6126 = SURFACE_CURVE('',#6127,(#6132,#6139),.PCURVE_S1.);
#6127 = CIRCLE('',#6128,19.);
#6128 = AXIS2_PLACEMENT_3D('',#6129,#6130,#6131);
#6129 = CARTESIAN_POINT('',(62.5,0.,1.01278E+03));
#6130 = DIRECTION('',(1.,0.,-0.));
#6131 = DIRECTION('',(0.,0.,1.));
#6132 = PCURVE('',#6078,#6133);
#6133 = DEFINITIONAL_REPRESENTATION('',(#6134),#6138);
#6134 = LINE('',#6135,#6136);
#6135 = CARTESIAN_POINT('',(0.,150.));
#6136 = VECTOR('',#6137,1.);
#6137 = DIRECTION('',(1.,0.));
#6138 = ( GEOMETRIC_REPRESENTATION_CONTEXT(2) 
PARAMETRIC_REPRESENTATION_CONTEXT() REPRESENTATION_CONTEXT('2D SPACE',''
  ) );
#6139 = PCURVE('',#6052,#6140);
#6140 = DEFINITIONAL_REPRESENTATION('',(#6141),#6145);
#6141 = LINE('',#6142,#6143);
#6142 = CARTESIAN_POINT('',(0.,150.));
#6143 = VECTOR('',#6144,1.);
#6144 = DIRECTION('',(1.,0.));
#6145 = ( GEOMETRIC_REPRESENTATION_CONTEXT(2) 
PARAMETRIC_REPRESENTATION_CONTEXT() REPRESENTATION_CONTEXT('2D SPACE',''
  ) );
#6146 = ADVANCED_FACE('',(#6147),#6052,.T.);
#6147 = FACE_BOUND('',#6148,.T.);
#6148 = EDGE_LOOP('',(#6149,#6170,#6171,#6172));
#6149 = ORIENTED_EDGE('',*,*,#6150,.T.);
#6150 = EDGE_CURVE('',#5982,#6068,#6151,.T.);
#6151 = SEAM_CURVE('',#6152,(#6156,#6163),.PCURVE_S1.);
#6152 = LINE('',#6153,#6154);
#6153 = CARTESIAN_POINT('',(-87.5,4.65365783676E-15,1.03178E+03));
#6154 = VECTOR('',#6155,1.);
#6155 = DIRECTION('',(1.,0.,0.));
#6156 = PCURVE('',#6052,#6157);
#6157 = DEFINITIONAL_REPRESENTATION('',(#6158),#6162);
#6158 = LINE('',#6159,#6160);
#6159 = CARTESIAN_POINT('',(6.28318530718,0.));
#6160 = VECTOR('',#6161,1.);
#6161 = DIRECTION('',(0.,1.));
#6162 = ( GEOMETRIC_REPRESENTATION_CONTEXT(2) 
PARAMETRIC_REPRESENTATION_CONTEXT() REPRESENTATION_CONTEXT('2D SPACE',''
  ) );
#6163 = PCURVE('',#6052,#6164);
#6164 = DEFINITIONAL_REPRESENTATION('',(#6165),#6169);
#6165 = LINE('',#6166,#6167);
#6166 = CARTESIAN_POINT('',(4.138911435803E-13,0.));
#6167 = VECTOR('',#6168,1.);
#6168 = DIRECTION('',(0.,1.));
#6169 = ( GEOMETRIC_REPRESENTATION_CONTEXT(2) 
PARAMETRIC_REPRESENTATION_CONTEXT() REPRESENTATION_CONTEXT('2D SPACE',''
  ) );
#6170 = ORIENTED_EDGE('',*,*,#6125,.F.);
#6171 = ORIENTED_EDGE('',*,*,#6150,.F.);
#6172 = ORIENTED_EDGE('',*,*,#6037,.T.);
#6173 = ADVANCED_FACE('',(#6174),#6112,.T.);
#6174 = FACE_BOUND('',#6175,.T.);
#6175 = EDGE_LOOP('',(#6176));
#6176 = ORIENTED_EDGE('',*,*,#6097,.T.);
#6177 = ADVANCED_FACE('',(#6178),#6024,.F.);
#6178 = FACE_BOUND('',#6179,.T.);
#6179 = EDGE_LOOP('',(#6180));
#6180 = ORIENTED_EDGE('',*,*,#6009,.F.);
#6181 = ( GEOMETRIC_REPRESENTATION_CONTEXT(3) 
GLOBAL_UNCERTAINTY_ASSIGNED_CONTEXT((#6185)) 
GLOBAL_UNIT_ASSIGNED_CONTEXT((#6182,#6183,#6184)) REPRESENTATION_CONTEXT
('Context #1','3D Context with UNIT and UNCERTAINTY') );
#6182 = ( LENGTH_UNIT() NAMED_UNIT(*) SI_UNIT(.MILLI.,.METRE.) );
#6183 = ( NAMED_UNIT(*) PLANE_ANGLE_UNIT() SI_UNIT($,.RADIAN.) );
#6184 = ( NAMED_UNIT(*) SI_UNIT($,.STERADIAN.) SOLID_ANGLE_UNIT() );
#6185 = UNCERTAINTY_MEASURE_WITH_UNIT(LENGTH_MEASURE(1.E-07),#6182,
  'distance_accuracy_value','confusion accuracy');
#6186 = CONTEXT_DEPENDENT_SHAPE_REPRESENTATION(#6187,#6189);
#6187 = ( REPRESENTATION_RELATIONSHIP('','',#5972,#10) 
REPRESENTATION_RELATIONSHIP_WITH_TRANSFORMATION(#6188) 
SHAPE_REPRESENTATION_RELATIONSHIP() );
#6188 = ITEM_DEFINED_TRANSFORMATION('','',#11,#19);
#6189 = PRODUCT_DEFINITION_SHAPE('Placement','Placement of an item',
  #6190);
#6190 = NEXT_ASSEMBLY_USAGE_OCCURRENCE('2','SHAFT_300M_CONTINUOUS','',#5
  ,#5967,$);
#6191 = PRODUCT_RELATED_PRODUCT_CATEGORY('part',$,(#5969));
#6192 = SHAPE_DEFINITION_REPRESENTATION(#6193,#6199);
#6193 = PRODUCT_DEFINITION_SHAPE('','',#6194);
#6194 = PRODUCT_DEFINITION('design','',#6195,#6198);
#6195 = PRODUCT_DEFINITION_FORMATION('','',#6196);
#6196 = PRODUCT('BUSHING_LEFT_AMS4640','BUSHING_LEFT_AMS4640','',(#6197)
  );
#6197 = PRODUCT_CONTEXT('',#2,'mechanical');
#6198 = PRODUCT_DEFINITION_CONTEXT('part definition',#2,'design');
#6199 = ADVANCED_BREP_SHAPE_REPRESENTATION('',(#11,#6200),#6580);
#6200 = MANIFOLD_SOLID_BREP('',#6201);
#6201 = CLOSED_SHELL('',(#6202,#6290,#6344,#6379,#6414,#6469,#6523,#6553
    ));
#6202 = ADVANCED_FACE('',(#6203),#6217,.T.);
#6203 = FACE_BOUND('',#6204,.T.);
#6204 = EDGE_LOOP('',(#6205,#6235,#6262,#6263));
#6205 = ORIENTED_EDGE('',*,*,#6206,.F.);
#6206 = EDGE_CURVE('',#6207,#6209,#6211,.T.);
#6207 = VERTEX_POINT('',#6208);
#6208 = CARTESIAN_POINT('',(-43.6921045499,6.123233995737E-15,
    1.03778E+03));
#6209 = VERTEX_POINT('',#6210);
#6210 = CARTESIAN_POINT('',(-15.1921045499,0.,1.03778E+03));
#6211 = SEAM_CURVE('',#6212,(#6216,#6228),.PCURVE_S1.);
#6212 = LINE('',#6213,#6214);
#6213 = CARTESIAN_POINT('',(-43.6921045499,6.123233995737E-15,
    1.03778E+03));
#6214 = VECTOR('',#6215,1.);
#6215 = DIRECTION('',(1.,0.,0.));
#6216 = PCURVE('',#6217,#6222);
#6217 = CYLINDRICAL_SURFACE('',#6218,25.);
#6218 = AXIS2_PLACEMENT_3D('',#6219,#6220,#6221);
#6219 = CARTESIAN_POINT('',(-43.6921045499,0.,1.01278E+03));
#6220 = DIRECTION('',(1.,0.,0.));
#6221 = DIRECTION('',(0.,0.,1.));
#6222 = DEFINITIONAL_REPRESENTATION('',(#6223),#6227);
#6223 = LINE('',#6224,#6225);
#6224 = CARTESIAN_POINT('',(0.,-0.));
#6225 = VECTOR('',#6226,1.);
#6226 = DIRECTION('',(0.,1.));
#6227 = ( GEOMETRIC_REPRESENTATION_CONTEXT(2) 
PARAMETRIC_REPRESENTATION_CONTEXT() REPRESENTATION_CONTEXT('2D SPACE',''
  ) );
#6228 = PCURVE('',#6217,#6229);
#6229 = DEFINITIONAL_REPRESENTATION('',(#6230),#6234);
#6230 = LINE('',#6231,#6232);
#6231 = CARTESIAN_POINT('',(6.28318530718,-0.));
#6232 = VECTOR('',#6233,1.);
#6233 = DIRECTION('',(0.,1.));
#6234 = ( GEOMETRIC_REPRESENTATION_CONTEXT(2) 
PARAMETRIC_REPRESENTATION_CONTEXT() REPRESENTATION_CONTEXT('2D SPACE',''
  ) );
#6235 = ORIENTED_EDGE('',*,*,#6236,.T.);
#6236 = EDGE_CURVE('',#6207,#6207,#6237,.T.);
#6237 = SURFACE_CURVE('',#6238,(#6243,#6250),.PCURVE_S1.);
#6238 = CIRCLE('',#6239,25.);
#6239 = AXIS2_PLACEMENT_3D('',#6240,#6241,#6242);
#6240 = CARTESIAN_POINT('',(-43.6921045499,0.,1.01278E+03));
#6241 = DIRECTION('',(1.,0.,-0.));
#6242 = DIRECTION('',(0.,0.,1.));
#6243 = PCURVE('',#6217,#6244);
#6244 = DEFINITIONAL_REPRESENTATION('',(#6245),#6249);
#6245 = LINE('',#6246,#6247);
#6246 = CARTESIAN_POINT('',(0.,0.));
#6247 = VECTOR('',#6248,1.);
#6248 = DIRECTION('',(1.,0.));
#6249 = ( GEOMETRIC_REPRESENTATION_CONTEXT(2) 
PARAMETRIC_REPRESENTATION_CONTEXT() REPRESENTATION_CONTEXT('2D SPACE',''
  ) );
#6250 = PCURVE('',#6251,#6256);
#6251 = PLANE('',#6252);
#6252 = AXIS2_PLACEMENT_3D('',#6253,#6254,#6255);
#6253 = CARTESIAN_POINT('',(-43.6921045499,0.,1.01278E+03));
#6254 = DIRECTION('',(1.,0.,0.));
#6255 = DIRECTION('',(0.,0.,1.));
#6256 = DEFINITIONAL_REPRESENTATION('',(#6257),#6261);
#6257 = CIRCLE('',#6258,25.);
#6258 = AXIS2_PLACEMENT_2D('',#6259,#6260);
#6259 = CARTESIAN_POINT('',(0.,0.));
#6260 = DIRECTION('',(1.,0.));
#6261 = ( GEOMETRIC_REPRESENTATION_CONTEXT(2) 
PARAMETRIC_REPRESENTATION_CONTEXT() REPRESENTATION_CONTEXT('2D SPACE',''
  ) );
#6262 = ORIENTED_EDGE('',*,*,#6206,.T.);
#6263 = ORIENTED_EDGE('',*,*,#6264,.F.);
#6264 = EDGE_CURVE('',#6209,#6209,#6265,.T.);
#6265 = SURFACE_CURVE('',#6266,(#6271,#6278),.PCURVE_S1.);
#6266 = CIRCLE('',#6267,25.);
#6267 = AXIS2_PLACEMENT_3D('',#6268,#6269,#6270);
#6268 = CARTESIAN_POINT('',(-15.1921045499,0.,1.01278E+03));
#6269 = DIRECTION('',(1.,0.,-0.));
#6270 = DIRECTION('',(0.,0.,1.));
#6271 = PCURVE('',#6217,#6272);
#6272 = DEFINITIONAL_REPRESENTATION('',(#6273),#6277);
#6273 = LINE('',#6274,#6275);
#6274 = CARTESIAN_POINT('',(0.,28.5));
#6275 = VECTOR('',#6276,1.);
#6276 = DIRECTION('',(1.,0.));
#6277 = ( GEOMETRIC_REPRESENTATION_CONTEXT(2) 
PARAMETRIC_REPRESENTATION_CONTEXT() REPRESENTATION_CONTEXT('2D SPACE',''
  ) );
#6278 = PCURVE('',#6279,#6284);
#6279 = TOROIDAL_SURFACE('',#6280,23.5,1.5);
#6280 = AXIS2_PLACEMENT_3D('',#6281,#6282,#6283);
#6281 = CARTESIAN_POINT('',(-15.1921045499,0.,1.01278E+03));
#6282 = DIRECTION('',(1.,0.,-0.));
#6283 = DIRECTION('',(0.,0.,1.));
#6284 = DEFINITIONAL_REPRESENTATION('',(#6285),#6289);
#6285 = LINE('',#6286,#6287);
#6286 = CARTESIAN_POINT('',(0.,0.));
#6287 = VECTOR('',#6288,1.);
#6288 = DIRECTION('',(1.,0.));
#6289 = ( GEOMETRIC_REPRESENTATION_CONTEXT(2) 
PARAMETRIC_REPRESENTATION_CONTEXT() REPRESENTATION_CONTEXT('2D SPACE',''
  ) );
#6290 = ADVANCED_FACE('',(#6291),#6279,.T.);
#6291 = FACE_BOUND('',#6292,.T.);
#6292 = EDGE_LOOP('',(#6293,#6315,#6316,#6317));
#6293 = ORIENTED_EDGE('',*,*,#6294,.F.);
#6294 = EDGE_CURVE('',#6209,#6295,#6297,.T.);
#6295 = VERTEX_POINT('',#6296);
#6296 = CARTESIAN_POINT('',(-13.6921045499,0.,1.03628E+03));
#6297 = SEAM_CURVE('',#6298,(#6303,#6309),.PCURVE_S1.);
#6298 = CIRCLE('',#6299,1.5);
#6299 = AXIS2_PLACEMENT_3D('',#6300,#6301,#6302);
#6300 = CARTESIAN_POINT('',(-15.1921045499,0.,1.03628E+03));
#6301 = DIRECTION('',(-0.,1.,0.));
#6302 = DIRECTION('',(0.,0.,1.));
#6303 = PCURVE('',#6279,#6304);
#6304 = DEFINITIONAL_REPRESENTATION('',(#6305),#6308);
#6305 = B_SPLINE_CURVE_WITH_KNOTS('',1,(#6306,#6307),.UNSPECIFIED.,.F.,
  .F.,(2,2),(0.,1.570796326795),.PIECEWISE_BEZIER_KNOTS.);
#6306 = CARTESIAN_POINT('',(0.,0.));
#6307 = CARTESIAN_POINT('',(0.,1.570796326795));
#6308 = ( GEOMETRIC_REPRESENTATION_CONTEXT(2) 
PARAMETRIC_REPRESENTATION_CONTEXT() REPRESENTATION_CONTEXT('2D SPACE',''
  ) );
#6309 = PCURVE('',#6279,#6310);
#6310 = DEFINITIONAL_REPRESENTATION('',(#6311),#6314);
#6311 = B_SPLINE_CURVE_WITH_KNOTS('',1,(#6312,#6313),.UNSPECIFIED.,.F.,
  .F.,(2,2),(0.,1.570796326795),.PIECEWISE_BEZIER_KNOTS.);
#6312 = CARTESIAN_POINT('',(6.28318530718,0.));
#6313 = CARTESIAN_POINT('',(6.28318530718,1.570796326795));
#6314 = ( GEOMETRIC_REPRESENTATION_CONTEXT(2) 
PARAMETRIC_REPRESENTATION_CONTEXT() REPRESENTATION_CONTEXT('2D SPACE',''
  ) );
#6315 = ORIENTED_EDGE('',*,*,#6264,.T.);
#6316 = ORIENTED_EDGE('',*,*,#6294,.T.);
#6317 = ORIENTED_EDGE('',*,*,#6318,.F.);
#6318 = EDGE_CURVE('',#6295,#6295,#6319,.T.);
#6319 = SURFACE_CURVE('',#6320,(#6325,#6332),.PCURVE_S1.);
#6320 = CIRCLE('',#6321,23.5);
#6321 = AXIS2_PLACEMENT_3D('',#6322,#6323,#6324);
#6322 = CARTESIAN_POINT('',(-13.6921045499,0.,1.01278E+03));
#6323 = DIRECTION('',(1.,0.,-0.));
#6324 = DIRECTION('',(0.,0.,1.));
#6325 = PCURVE('',#6279,#6326);
#6326 = DEFINITIONAL_REPRESENTATION('',(#6327),#6331);
#6327 = LINE('',#6328,#6329);
#6328 = CARTESIAN_POINT('',(0.,1.570796326795));
#6329 = VECTOR('',#6330,1.);
#6330 = DIRECTION('',(1.,0.));
#6331 = ( GEOMETRIC_REPRESENTATION_CONTEXT(2) 
PARAMETRIC_REPRESENTATION_CONTEXT() REPRESENTATION_CONTEXT('2D SPACE',''
  ) );
#6332 = PCURVE('',#6333,#6338);
#6333 = PLANE('',#6334);
#6334 = AXIS2_PLACEMENT_3D('',#6335,#6336,#6337);
#6335 = CARTESIAN_POINT('',(-13.6921045499,0.,1.01278E+03));
#6336 = DIRECTION('',(1.,0.,0.));
#6337 = DIRECTION('',(0.,0.,1.));
#6338 = DEFINITIONAL_REPRESENTATION('',(#6339),#6343);
#6339 = CIRCLE('',#6340,23.5);
#6340 = AXIS2_PLACEMENT_2D('',#6341,#6342);
#6341 = CARTESIAN_POINT('',(0.,0.));
#6342 = DIRECTION('',(1.,0.));
#6343 = ( GEOMETRIC_REPRESENTATION_CONTEXT(2) 
PARAMETRIC_REPRESENTATION_CONTEXT() REPRESENTATION_CONTEXT('2D SPACE',''
  ) );
#6344 = ADVANCED_FACE('',(#6345,#6376),#6251,.T.);
#6345 = FACE_BOUND('',#6346,.T.);
#6346 = EDGE_LOOP('',(#6347));
#6347 = ORIENTED_EDGE('',*,*,#6348,.T.);
#6348 = EDGE_CURVE('',#6349,#6349,#6351,.T.);
#6349 = VERTEX_POINT('',#6350);
#6350 = CARTESIAN_POINT('',(-43.6921045499,7.347880794884E-15,
    1.04278E+03));
#6351 = SURFACE_CURVE('',#6352,(#6357,#6364),.PCURVE_S1.);
#6352 = CIRCLE('',#6353,30.);
#6353 = AXIS2_PLACEMENT_3D('',#6354,#6355,#6356);
#6354 = CARTESIAN_POINT('',(-43.6921045499,0.,1.01278E+03));
#6355 = DIRECTION('',(1.,0.,-0.));
#6356 = DIRECTION('',(0.,0.,1.));
#6357 = PCURVE('',#6251,#6358);
#6358 = DEFINITIONAL_REPRESENTATION('',(#6359),#6363);
#6359 = CIRCLE('',#6360,30.);
#6360 = AXIS2_PLACEMENT_2D('',#6361,#6362);
#6361 = CARTESIAN_POINT('',(0.,0.));
#6362 = DIRECTION('',(1.,0.));
#6363 = ( GEOMETRIC_REPRESENTATION_CONTEXT(2) 
PARAMETRIC_REPRESENTATION_CONTEXT() REPRESENTATION_CONTEXT('2D SPACE',''
  ) );
#6364 = PCURVE('',#6365,#6370);
#6365 = CYLINDRICAL_SURFACE('',#6366,30.);
#6366 = AXIS2_PLACEMENT_3D('',#6367,#6368,#6369);
#6367 = CARTESIAN_POINT('',(-46.6921045499,0.,1.01278E+03));
#6368 = DIRECTION('',(1.,0.,0.));
#6369 = DIRECTION('',(0.,0.,1.));
#6370 = DEFINITIONAL_REPRESENTATION('',(#6371),#6375);
#6371 = LINE('',#6372,#6373);
#6372 = CARTESIAN_POINT('',(0.,3.));
#6373 = VECTOR('',#6374,1.);
#6374 = DIRECTION('',(1.,0.));
#6375 = ( GEOMETRIC_REPRESENTATION_CONTEXT(2) 
PARAMETRIC_REPRESENTATION_CONTEXT() REPRESENTATION_CONTEXT('2D SPACE',''
  ) );
#6376 = FACE_BOUND('',#6377,.T.);
#6377 = EDGE_LOOP('',(#6378));
#6378 = ORIENTED_EDGE('',*,*,#6236,.F.);
#6379 = ADVANCED_FACE('',(#6380,#6383),#6333,.T.);
#6380 = FACE_BOUND('',#6381,.T.);
#6381 = EDGE_LOOP('',(#6382));
#6382 = ORIENTED_EDGE('',*,*,#6318,.T.);
#6383 = FACE_BOUND('',#6384,.T.);
#6384 = EDGE_LOOP('',(#6385));
#6385 = ORIENTED_EDGE('',*,*,#6386,.F.);
#6386 = EDGE_CURVE('',#6387,#6387,#6389,.T.);
#6387 = VERTEX_POINT('',#6388);
#6388 = CARTESIAN_POINT('',(-13.6921045499,4.65365783676E-15,1.03178E+03
    ));
#6389 = SURFACE_CURVE('',#6390,(#6395,#6402),.PCURVE_S1.);
#6390 = CIRCLE('',#6391,19.);
#6391 = AXIS2_PLACEMENT_3D('',#6392,#6393,#6394);
#6392 = CARTESIAN_POINT('',(-13.6921045499,0.,1.01278E+03));
#6393 = DIRECTION('',(1.,0.,-0.));
#6394 = DIRECTION('',(0.,0.,1.));
#6395 = PCURVE('',#6333,#6396);
#6396 = DEFINITIONAL_REPRESENTATION('',(#6397),#6401);
#6397 = CIRCLE('',#6398,19.);
#6398 = AXIS2_PLACEMENT_2D('',#6399,#6400);
#6399 = CARTESIAN_POINT('',(0.,0.));
#6400 = DIRECTION('',(1.,0.));
#6401 = ( GEOMETRIC_REPRESENTATION_CONTEXT(2) 
PARAMETRIC_REPRESENTATION_CONTEXT() REPRESENTATION_CONTEXT('2D SPACE',''
  ) );
#6402 = PCURVE('',#6403,#6408);
#6403 = CYLINDRICAL_SURFACE('',#6404,19.);
#6404 = AXIS2_PLACEMENT_3D('',#6405,#6406,#6407);
#6405 = CARTESIAN_POINT('',(-43.7921045499,0.,1.01278E+03));
#6406 = DIRECTION('',(1.,0.,0.));
#6407 = DIRECTION('',(0.,0.,1.));
#6408 = DEFINITIONAL_REPRESENTATION('',(#6409),#6413);
#6409 = LINE('',#6410,#6411);
#6410 = CARTESIAN_POINT('',(0.,30.1));
#6411 = VECTOR('',#6412,1.);
#6412 = DIRECTION('',(1.,0.));
#6413 = ( GEOMETRIC_REPRESENTATION_CONTEXT(2) 
PARAMETRIC_REPRESENTATION_CONTEXT() REPRESENTATION_CONTEXT('2D SPACE',''
  ) );
#6414 = ADVANCED_FACE('',(#6415),#6365,.T.);
#6415 = FACE_BOUND('',#6416,.T.);
#6416 = EDGE_LOOP('',(#6417,#6418,#6441,#6468));
#6417 = ORIENTED_EDGE('',*,*,#6348,.F.);
#6418 = ORIENTED_EDGE('',*,*,#6419,.F.);
#6419 = EDGE_CURVE('',#6420,#6349,#6422,.T.);
#6420 = VERTEX_POINT('',#6421);
#6421 = CARTESIAN_POINT('',(-46.6921045499,7.347880794884E-15,
    1.04278E+03));
#6422 = SEAM_CURVE('',#6423,(#6427,#6434),.PCURVE_S1.);
#6423 = LINE('',#6424,#6425);
#6424 = CARTESIAN_POINT('',(-46.6921045499,7.347880794884E-15,
    1.04278E+03));
#6425 = VECTOR('',#6426,1.);
#6426 = DIRECTION('',(1.,0.,0.));
#6427 = PCURVE('',#6365,#6428);
#6428 = DEFINITIONAL_REPRESENTATION('',(#6429),#6433);
#6429 = LINE('',#6430,#6431);
#6430 = CARTESIAN_POINT('',(0.,-0.));
#6431 = VECTOR('',#6432,1.);
#6432 = DIRECTION('',(0.,1.));
#6433 = ( GEOMETRIC_REPRESENTATION_CONTEXT(2) 
PARAMETRIC_REPRESENTATION_CONTEXT() REPRESENTATION_CONTEXT('2D SPACE',''
  ) );
#6434 = PCURVE('',#6365,#6435);
#6435 = DEFINITIONAL_REPRESENTATION('',(#6436),#6440);
#6436 = LINE('',#6437,#6438);
#6437 = CARTESIAN_POINT('',(6.28318530718,-0.));
#6438 = VECTOR('',#6439,1.);
#6439 = DIRECTION('',(0.,1.));
#6440 = ( GEOMETRIC_REPRESENTATION_CONTEXT(2) 
PARAMETRIC_REPRESENTATION_CONTEXT() REPRESENTATION_CONTEXT('2D SPACE',''
  ) );
#6441 = ORIENTED_EDGE('',*,*,#6442,.T.);
#6442 = EDGE_CURVE('',#6420,#6420,#6443,.T.);
#6443 = SURFACE_CURVE('',#6444,(#6449,#6456),.PCURVE_S1.);
#6444 = CIRCLE('',#6445,30.);
#6445 = AXIS2_PLACEMENT_3D('',#6446,#6447,#6448);
#6446 = CARTESIAN_POINT('',(-46.6921045499,0.,1.01278E+03));
#6447 = DIRECTION('',(1.,0.,-0.));
#6448 = DIRECTION('',(0.,0.,1.));
#6449 = PCURVE('',#6365,#6450);
#6450 = DEFINITIONAL_REPRESENTATION('',(#6451),#6455);
#6451 = LINE('',#6452,#6453);
#6452 = CARTESIAN_POINT('',(0.,0.));
#6453 = VECTOR('',#6454,1.);
#6454 = DIRECTION('',(1.,0.));
#6455 = ( GEOMETRIC_REPRESENTATION_CONTEXT(2) 
PARAMETRIC_REPRESENTATION_CONTEXT() REPRESENTATION_CONTEXT('2D SPACE',''
  ) );
#6456 = PCURVE('',#6457,#6462);
#6457 = PLANE('',#6458);
#6458 = AXIS2_PLACEMENT_3D('',#6459,#6460,#6461);
#6459 = CARTESIAN_POINT('',(-46.6921045499,0.,1.01278E+03));
#6460 = DIRECTION('',(1.,0.,0.));
#6461 = DIRECTION('',(0.,0.,1.));
#6462 = DEFINITIONAL_REPRESENTATION('',(#6463),#6467);
#6463 = CIRCLE('',#6464,30.);
#6464 = AXIS2_PLACEMENT_2D('',#6465,#6466);
#6465 = CARTESIAN_POINT('',(0.,0.));
#6466 = DIRECTION('',(1.,0.));
#6467 = ( GEOMETRIC_REPRESENTATION_CONTEXT(2) 
PARAMETRIC_REPRESENTATION_CONTEXT() REPRESENTATION_CONTEXT('2D SPACE',''
  ) );
#6468 = ORIENTED_EDGE('',*,*,#6419,.T.);
#6469 = ADVANCED_FACE('',(#6470),#6403,.F.);
#6470 = FACE_BOUND('',#6471,.F.);
#6471 = EDGE_LOOP('',(#6472,#6473,#6496,#6522));
#6472 = ORIENTED_EDGE('',*,*,#6386,.F.);
#6473 = ORIENTED_EDGE('',*,*,#6474,.F.);
#6474 = EDGE_CURVE('',#6475,#6387,#6477,.T.);
#6475 = VERTEX_POINT('',#6476);
#6476 = CARTESIAN_POINT('',(-43.6921045499,4.65365783676E-15,1.03178E+03
    ));
#6477 = SEAM_CURVE('',#6478,(#6482,#6489),.PCURVE_S1.);
#6478 = LINE('',#6479,#6480);
#6479 = CARTESIAN_POINT('',(-43.7921045499,4.65365783676E-15,1.03178E+03
    ));
#6480 = VECTOR('',#6481,1.);
#6481 = DIRECTION('',(1.,0.,0.));
#6482 = PCURVE('',#6403,#6483);
#6483 = DEFINITIONAL_REPRESENTATION('',(#6484),#6488);
#6484 = LINE('',#6485,#6486);
#6485 = CARTESIAN_POINT('',(0.,-0.));
#6486 = VECTOR('',#6487,1.);
#6487 = DIRECTION('',(0.,1.));
#6488 = ( GEOMETRIC_REPRESENTATION_CONTEXT(2) 
PARAMETRIC_REPRESENTATION_CONTEXT() REPRESENTATION_CONTEXT('2D SPACE',''
  ) );
#6489 = PCURVE('',#6403,#6490);
#6490 = DEFINITIONAL_REPRESENTATION('',(#6491),#6495);
#6491 = LINE('',#6492,#6493);
#6492 = CARTESIAN_POINT('',(6.28318530718,-0.));
#6493 = VECTOR('',#6494,1.);
#6494 = DIRECTION('',(0.,1.));
#6495 = ( GEOMETRIC_REPRESENTATION_CONTEXT(2) 
PARAMETRIC_REPRESENTATION_CONTEXT() REPRESENTATION_CONTEXT('2D SPACE',''
  ) );
#6496 = ORIENTED_EDGE('',*,*,#6497,.T.);
#6497 = EDGE_CURVE('',#6475,#6475,#6498,.T.);
#6498 = SURFACE_CURVE('',#6499,(#6504,#6511),.PCURVE_S1.);
#6499 = CIRCLE('',#6500,19.);
#6500 = AXIS2_PLACEMENT_3D('',#6501,#6502,#6503);
#6501 = CARTESIAN_POINT('',(-43.6921045499,0.,1.01278E+03));
#6502 = DIRECTION('',(1.,0.,-0.));
#6503 = DIRECTION('',(0.,0.,1.));
#6504 = PCURVE('',#6403,#6505);
#6505 = DEFINITIONAL_REPRESENTATION('',(#6506),#6510);
#6506 = LINE('',#6507,#6508);
#6507 = CARTESIAN_POINT('',(0.,0.1));
#6508 = VECTOR('',#6509,1.);
#6509 = DIRECTION('',(1.,0.));
#6510 = ( GEOMETRIC_REPRESENTATION_CONTEXT(2) 
PARAMETRIC_REPRESENTATION_CONTEXT() REPRESENTATION_CONTEXT('2D SPACE',''
  ) );
#6511 = PCURVE('',#6512,#6517);
#6512 = CYLINDRICAL_SURFACE('',#6513,19.);
#6513 = AXIS2_PLACEMENT_3D('',#6514,#6515,#6516);
#6514 = CARTESIAN_POINT('',(-46.7921045499,0.,1.01278E+03));
#6515 = DIRECTION('',(1.,0.,0.));
#6516 = DIRECTION('',(0.,0.,1.));
#6517 = DEFINITIONAL_REPRESENTATION('',(#6518),#6521);
#6518 = B_SPLINE_CURVE_WITH_KNOTS('',1,(#6519,#6520),.UNSPECIFIED.,.F.,
  .F.,(2,2),(0.,6.28318530718),.PIECEWISE_BEZIER_KNOTS.);
#6519 = CARTESIAN_POINT('',(0.,3.1));
#6520 = CARTESIAN_POINT('',(6.28318530718,3.1));
#6521 = ( GEOMETRIC_REPRESENTATION_CONTEXT(2) 
PARAMETRIC_REPRESENTATION_CONTEXT() REPRESENTATION_CONTEXT('2D SPACE',''
  ) );
#6522 = ORIENTED_EDGE('',*,*,#6474,.T.);
#6523 = ADVANCED_FACE('',(#6524,#6527),#6457,.F.);
#6524 = FACE_BOUND('',#6525,.F.);
#6525 = EDGE_LOOP('',(#6526));
#6526 = ORIENTED_EDGE('',*,*,#6442,.T.);
#6527 = FACE_BOUND('',#6528,.F.);
#6528 = EDGE_LOOP('',(#6529));
#6529 = ORIENTED_EDGE('',*,*,#6530,.F.);
#6530 = EDGE_CURVE('',#6531,#6531,#6533,.T.);
#6531 = VERTEX_POINT('',#6532);
#6532 = CARTESIAN_POINT('',(-46.6921045499,4.65365783676E-15,1.03178E+03
    ));
#6533 = SURFACE_CURVE('',#6534,(#6539,#6546),.PCURVE_S1.);
#6534 = CIRCLE('',#6535,19.);
#6535 = AXIS2_PLACEMENT_3D('',#6536,#6537,#6538);
#6536 = CARTESIAN_POINT('',(-46.6921045499,0.,1.01278E+03));
#6537 = DIRECTION('',(1.,0.,-0.));
#6538 = DIRECTION('',(0.,0.,1.));
#6539 = PCURVE('',#6457,#6540);
#6540 = DEFINITIONAL_REPRESENTATION('',(#6541),#6545);
#6541 = CIRCLE('',#6542,19.);
#6542 = AXIS2_PLACEMENT_2D('',#6543,#6544);
#6543 = CARTESIAN_POINT('',(0.,0.));
#6544 = DIRECTION('',(1.,0.));
#6545 = ( GEOMETRIC_REPRESENTATION_CONTEXT(2) 
PARAMETRIC_REPRESENTATION_CONTEXT() REPRESENTATION_CONTEXT('2D SPACE',''
  ) );
#6546 = PCURVE('',#6512,#6547);
#6547 = DEFINITIONAL_REPRESENTATION('',(#6548),#6552);
#6548 = LINE('',#6549,#6550);
#6549 = CARTESIAN_POINT('',(0.,0.1));
#6550 = VECTOR('',#6551,1.);
#6551 = DIRECTION('',(1.,0.));
#6552 = ( GEOMETRIC_REPRESENTATION_CONTEXT(2) 
PARAMETRIC_REPRESENTATION_CONTEXT() REPRESENTATION_CONTEXT('2D SPACE',''
  ) );
#6553 = ADVANCED_FACE('',(#6554),#6512,.F.);
#6554 = FACE_BOUND('',#6555,.F.);
#6555 = EDGE_LOOP('',(#6556,#6557,#6578,#6579));
#6556 = ORIENTED_EDGE('',*,*,#6497,.F.);
#6557 = ORIENTED_EDGE('',*,*,#6558,.F.);
#6558 = EDGE_CURVE('',#6531,#6475,#6559,.T.);
#6559 = SEAM_CURVE('',#6560,(#6564,#6571),.PCURVE_S1.);
#6560 = LINE('',#6561,#6562);
#6561 = CARTESIAN_POINT('',(-46.7921045499,4.65365783676E-15,1.03178E+03
    ));
#6562 = VECTOR('',#6563,1.);
#6563 = DIRECTION('',(1.,0.,0.));
#6564 = PCURVE('',#6512,#6565);
#6565 = DEFINITIONAL_REPRESENTATION('',(#6566),#6570);
#6566 = LINE('',#6567,#6568);
#6567 = CARTESIAN_POINT('',(0.,-0.));
#6568 = VECTOR('',#6569,1.);
#6569 = DIRECTION('',(0.,1.));
#6570 = ( GEOMETRIC_REPRESENTATION_CONTEXT(2) 
PARAMETRIC_REPRESENTATION_CONTEXT() REPRESENTATION_CONTEXT('2D SPACE',''
  ) );
#6571 = PCURVE('',#6512,#6572);
#6572 = DEFINITIONAL_REPRESENTATION('',(#6573),#6577);
#6573 = LINE('',#6574,#6575);
#6574 = CARTESIAN_POINT('',(6.28318530718,-0.));
#6575 = VECTOR('',#6576,1.);
#6576 = DIRECTION('',(0.,1.));
#6577 = ( GEOMETRIC_REPRESENTATION_CONTEXT(2) 
PARAMETRIC_REPRESENTATION_CONTEXT() REPRESENTATION_CONTEXT('2D SPACE',''
  ) );
#6578 = ORIENTED_EDGE('',*,*,#6530,.T.);
#6579 = ORIENTED_EDGE('',*,*,#6558,.T.);
#6580 = ( GEOMETRIC_REPRESENTATION_CONTEXT(3) 
GLOBAL_UNCERTAINTY_ASSIGNED_CONTEXT((#6584)) 
GLOBAL_UNIT_ASSIGNED_CONTEXT((#6581,#6582,#6583)) REPRESENTATION_CONTEXT
('Context #1','3D Context with UNIT and UNCERTAINTY') );
#6581 = ( LENGTH_UNIT() NAMED_UNIT(*) SI_UNIT(.MILLI.,.METRE.) );
#6582 = ( NAMED_UNIT(*) PLANE_ANGLE_UNIT() SI_UNIT($,.RADIAN.) );
#6583 = ( NAMED_UNIT(*) SI_UNIT($,.STERADIAN.) SOLID_ANGLE_UNIT() );
#6584 = UNCERTAINTY_MEASURE_WITH_UNIT(LENGTH_MEASURE(1.E-07),#6581,
  'distance_accuracy_value','confusion accuracy');
#6585 = CONTEXT_DEPENDENT_SHAPE_REPRESENTATION(#6586,#6588);
#6586 = ( REPRESENTATION_RELATIONSHIP('','',#6199,#10) 
REPRESENTATION_RELATIONSHIP_WITH_TRANSFORMATION(#6587) 
SHAPE_REPRESENTATION_RELATIONSHIP() );
#6587 = ITEM_DEFINED_TRANSFORMATION('','',#11,#23);
#6588 = PRODUCT_DEFINITION_SHAPE('Placement','Placement of an item',
  #6589);
#6589 = NEXT_ASSEMBLY_USAGE_OCCURRENCE('3','BUSHING_LEFT_AMS4640','',#5,
  #6194,$);
#6590 = PRODUCT_RELATED_PRODUCT_CATEGORY('part',$,(#6196));
#6591 = SHAPE_DEFINITION_REPRESENTATION(#6592,#6598);
#6592 = PRODUCT_DEFINITION_SHAPE('','',#6593);
#6593 = PRODUCT_DEFINITION('design','',#6594,#6597);
#6594 = PRODUCT_DEFINITION_FORMATION('','',#6595);
#6595 = PRODUCT('BUSHING_RIGHT_AMS4640','BUSHING_RIGHT_AMS4640','',(
    #6596));
#6596 = PRODUCT_CONTEXT('',#2,'mechanical');
#6597 = PRODUCT_DEFINITION_CONTEXT('part definition',#2,'design');
#6598 = ADVANCED_BREP_SHAPE_REPRESENTATION('',(#11,#6599),#6925);
#6599 = MANIFOLD_SOLID_BREP('',#6600);
#6600 = CLOSED_SHELL('',(#6601,#6689,#6724,#6759,#6814,#6868,#6898));
#6601 = ADVANCED_FACE('',(#6602),#6615,.T.);
#6602 = FACE_BOUND('',#6603,.T.);
#6603 = EDGE_LOOP('',(#6604,#6638,#6661,#6688));
#6604 = ORIENTED_EDGE('',*,*,#6605,.F.);
#6605 = EDGE_CURVE('',#6606,#6606,#6608,.T.);
#6606 = VERTEX_POINT('',#6607);
#6607 = CARTESIAN_POINT('',(43.692104549907,6.123233995737E-15,
    1.03778E+03));
#6608 = SURFACE_CURVE('',#6609,(#6614,#6626),.PCURVE_S1.);
#6609 = CIRCLE('',#6610,25.);
#6610 = AXIS2_PLACEMENT_3D('',#6611,#6612,#6613);
#6611 = CARTESIAN_POINT('',(43.692104549907,0.,1.01278E+03));
#6612 = DIRECTION('',(1.,0.,-0.));
#6613 = DIRECTION('',(0.,0.,1.));
#6614 = PCURVE('',#6615,#6620);
#6615 = CYLINDRICAL_SURFACE('',#6616,25.);
#6616 = AXIS2_PLACEMENT_3D('',#6617,#6618,#6619);
#6617 = CARTESIAN_POINT('',(13.692104549907,0.,1.01278E+03));
#6618 = DIRECTION('',(1.,0.,0.));
#6619 = DIRECTION('',(0.,0.,1.));
#6620 = DEFINITIONAL_REPRESENTATION('',(#6621),#6625);
#6621 = LINE('',#6622,#6623);
#6622 = CARTESIAN_POINT('',(0.,30.));
#6623 = VECTOR('',#6624,1.);
#6624 = DIRECTION('',(1.,0.));
#6625 = ( GEOMETRIC_REPRESENTATION_CONTEXT(2) 
PARAMETRIC_REPRESENTATION_CONTEXT() REPRESENTATION_CONTEXT('2D SPACE',''
  ) );
#6626 = PCURVE('',#6627,#6632);
#6627 = PLANE('',#6628);
#6628 = AXIS2_PLACEMENT_3D('',#6629,#6630,#6631);
#6629 = CARTESIAN_POINT('',(43.692104549907,0.,1.01278E+03));
#6630 = DIRECTION('',(1.,0.,0.));
#6631 = DIRECTION('',(0.,0.,1.));
#6632 = DEFINITIONAL_REPRESENTATION('',(#6633),#6637);
#6633 = CIRCLE('',#6634,25.);
#6634 = AXIS2_PLACEMENT_2D('',#6635,#6636);
#6635 = CARTESIAN_POINT('',(0.,0.));
#6636 = DIRECTION('',(1.,0.));
#6637 = ( GEOMETRIC_REPRESENTATION_CONTEXT(2) 
PARAMETRIC_REPRESENTATION_CONTEXT() REPRESENTATION_CONTEXT('2D SPACE',''
  ) );
#6638 = ORIENTED_EDGE('',*,*,#6639,.F.);
#6639 = EDGE_CURVE('',#6640,#6606,#6642,.T.);
#6640 = VERTEX_POINT('',#6641);
#6641 = CARTESIAN_POINT('',(13.692104549907,6.123233995737E-15,
    1.03778E+03));
#6642 = SEAM_CURVE('',#6643,(#6647,#6654),.PCURVE_S1.);
#6643 = LINE('',#6644,#6645);
#6644 = CARTESIAN_POINT('',(13.692104549907,6.123233995737E-15,
    1.03778E+03));
#6645 = VECTOR('',#6646,1.);
#6646 = DIRECTION('',(1.,0.,0.));
#6647 = PCURVE('',#6615,#6648);
#6648 = DEFINITIONAL_REPRESENTATION('',(#6649),#6653);
#6649 = LINE('',#6650,#6651);
#6650 = CARTESIAN_POINT('',(0.,-0.));
#6651 = VECTOR('',#6652,1.);
#6652 = DIRECTION('',(0.,1.));
#6653 = ( GEOMETRIC_REPRESENTATION_CONTEXT(2) 
PARAMETRIC_REPRESENTATION_CONTEXT() REPRESENTATION_CONTEXT('2D SPACE',''
  ) );
#6654 = PCURVE('',#6615,#6655);
#6655 = DEFINITIONAL_REPRESENTATION('',(#6656),#6660);
#6656 = LINE('',#6657,#6658);
#6657 = CARTESIAN_POINT('',(6.28318530718,-0.));
#6658 = VECTOR('',#6659,1.);
#6659 = DIRECTION('',(0.,1.));
#6660 = ( GEOMETRIC_REPRESENTATION_CONTEXT(2) 
PARAMETRIC_REPRESENTATION_CONTEXT() REPRESENTATION_CONTEXT('2D SPACE',''
  ) );
#6661 = ORIENTED_EDGE('',*,*,#6662,.T.);
#6662 = EDGE_CURVE('',#6640,#6640,#6663,.T.);
#6663 = SURFACE_CURVE('',#6664,(#6669,#6676),.PCURVE_S1.);
#6664 = CIRCLE('',#6665,25.);
#6665 = AXIS2_PLACEMENT_3D('',#6666,#6667,#6668);
#6666 = CARTESIAN_POINT('',(13.692104549907,0.,1.01278E+03));
#6667 = DIRECTION('',(1.,0.,-0.));
#6668 = DIRECTION('',(0.,0.,1.));
#6669 = PCURVE('',#6615,#6670);
#6670 = DEFINITIONAL_REPRESENTATION('',(#6671),#6675);
#6671 = LINE('',#6672,#6673);
#6672 = CARTESIAN_POINT('',(0.,0.));
#6673 = VECTOR('',#6674,1.);
#6674 = DIRECTION('',(1.,0.));
#6675 = ( GEOMETRIC_REPRESENTATION_CONTEXT(2) 
PARAMETRIC_REPRESENTATION_CONTEXT() REPRESENTATION_CONTEXT('2D SPACE',''
  ) );
#6676 = PCURVE('',#6677,#6682);
#6677 = PLANE('',#6678);
#6678 = AXIS2_PLACEMENT_3D('',#6679,#6680,#6681);
#6679 = CARTESIAN_POINT('',(13.692104549907,0.,1.01278E+03));
#6680 = DIRECTION('',(1.,0.,0.));
#6681 = DIRECTION('',(0.,0.,1.));
#6682 = DEFINITIONAL_REPRESENTATION('',(#6683),#6687);
#6683 = CIRCLE('',#6684,25.);
#6684 = AXIS2_PLACEMENT_2D('',#6685,#6686);
#6685 = CARTESIAN_POINT('',(0.,0.));
#6686 = DIRECTION('',(1.,0.));
#6687 = ( GEOMETRIC_REPRESENTATION_CONTEXT(2) 
PARAMETRIC_REPRESENTATION_CONTEXT() REPRESENTATION_CONTEXT('2D SPACE',''
  ) );
#6688 = ORIENTED_EDGE('',*,*,#6639,.T.);
#6689 = ADVANCED_FACE('',(#6690,#6721),#6627,.F.);
#6690 = FACE_BOUND('',#6691,.F.);
#6691 = EDGE_LOOP('',(#6692));
#6692 = ORIENTED_EDGE('',*,*,#6693,.T.);
#6693 = EDGE_CURVE('',#6694,#6694,#6696,.T.);
#6694 = VERTEX_POINT('',#6695);
#6695 = CARTESIAN_POINT('',(43.692104549907,7.347880794884E-15,
    1.04278E+03));
#6696 = SURFACE_CURVE('',#6697,(#6702,#6709),.PCURVE_S1.);
#6697 = CIRCLE('',#6698,30.);
#6698 = AXIS2_PLACEMENT_3D('',#6699,#6700,#6701);
#6699 = CARTESIAN_POINT('',(43.692104549907,0.,1.01278E+03));
#6700 = DIRECTION('',(1.,0.,-0.));
#6701 = DIRECTION('',(0.,0.,1.));
#6702 = PCURVE('',#6627,#6703);
#6703 = DEFINITIONAL_REPRESENTATION('',(#6704),#6708);
#6704 = CIRCLE('',#6705,30.);
#6705 = AXIS2_PLACEMENT_2D('',#6706,#6707);
#6706 = CARTESIAN_POINT('',(0.,0.));
#6707 = DIRECTION('',(1.,0.));
#6708 = ( GEOMETRIC_REPRESENTATION_CONTEXT(2) 
PARAMETRIC_REPRESENTATION_CONTEXT() REPRESENTATION_CONTEXT('2D SPACE',''
  ) );
#6709 = PCURVE('',#6710,#6715);
#6710 = CYLINDRICAL_SURFACE('',#6711,30.);
#6711 = AXIS2_PLACEMENT_3D('',#6712,#6713,#6714);
#6712 = CARTESIAN_POINT('',(43.692104549907,0.,1.01278E+03));
#6713 = DIRECTION('',(1.,0.,0.));
#6714 = DIRECTION('',(0.,0.,1.));
#6715 = DEFINITIONAL_REPRESENTATION('',(#6716),#6720);
#6716 = LINE('',#6717,#6718);
#6717 = CARTESIAN_POINT('',(0.,0.));
#6718 = VECTOR('',#6719,1.);
#6719 = DIRECTION('',(1.,0.));
#6720 = ( GEOMETRIC_REPRESENTATION_CONTEXT(2) 
PARAMETRIC_REPRESENTATION_CONTEXT() REPRESENTATION_CONTEXT('2D SPACE',''
  ) );
#6721 = FACE_BOUND('',#6722,.F.);
#6722 = EDGE_LOOP('',(#6723));
#6723 = ORIENTED_EDGE('',*,*,#6605,.F.);
#6724 = ADVANCED_FACE('',(#6725,#6728),#6677,.F.);
#6725 = FACE_BOUND('',#6726,.F.);
#6726 = EDGE_LOOP('',(#6727));
#6727 = ORIENTED_EDGE('',*,*,#6662,.T.);
#6728 = FACE_BOUND('',#6729,.F.);
#6729 = EDGE_LOOP('',(#6730));
#6730 = ORIENTED_EDGE('',*,*,#6731,.F.);
#6731 = EDGE_CURVE('',#6732,#6732,#6734,.T.);
#6732 = VERTEX_POINT('',#6733);
#6733 = CARTESIAN_POINT('',(13.692104549907,4.65365783676E-15,
    1.03178E+03));
#6734 = SURFACE_CURVE('',#6735,(#6740,#6747),.PCURVE_S1.);
#6735 = CIRCLE('',#6736,19.);
#6736 = AXIS2_PLACEMENT_3D('',#6737,#6738,#6739);
#6737 = CARTESIAN_POINT('',(13.692104549907,0.,1.01278E+03));
#6738 = DIRECTION('',(1.,0.,-0.));
#6739 = DIRECTION('',(0.,0.,1.));
#6740 = PCURVE('',#6677,#6741);
#6741 = DEFINITIONAL_REPRESENTATION('',(#6742),#6746);
#6742 = CIRCLE('',#6743,19.);
#6743 = AXIS2_PLACEMENT_2D('',#6744,#6745);
#6744 = CARTESIAN_POINT('',(0.,0.));
#6745 = DIRECTION('',(1.,0.));
#6746 = ( GEOMETRIC_REPRESENTATION_CONTEXT(2) 
PARAMETRIC_REPRESENTATION_CONTEXT() REPRESENTATION_CONTEXT('2D SPACE',''
  ) );
#6747 = PCURVE('',#6748,#6753);
#6748 = CYLINDRICAL_SURFACE('',#6749,19.);
#6749 = AXIS2_PLACEMENT_3D('',#6750,#6751,#6752);
#6750 = CARTESIAN_POINT('',(13.592104549907,0.,1.01278E+03));
#6751 = DIRECTION('',(1.,0.,0.));
#6752 = DIRECTION('',(0.,0.,1.));
#6753 = DEFINITIONAL_REPRESENTATION('',(#6754),#6758);
#6754 = LINE('',#6755,#6756);
#6755 = CARTESIAN_POINT('',(0.,0.1));
#6756 = VECTOR('',#6757,1.);
#6757 = DIRECTION('',(1.,0.));
#6758 = ( GEOMETRIC_REPRESENTATION_CONTEXT(2) 
PARAMETRIC_REPRESENTATION_CONTEXT() REPRESENTATION_CONTEXT('2D SPACE',''
  ) );
#6759 = ADVANCED_FACE('',(#6760),#6710,.T.);
#6760 = FACE_BOUND('',#6761,.T.);
#6761 = EDGE_LOOP('',(#6762,#6791,#6812,#6813));
#6762 = ORIENTED_EDGE('',*,*,#6763,.F.);
#6763 = EDGE_CURVE('',#6764,#6764,#6766,.T.);
#6764 = VERTEX_POINT('',#6765);
#6765 = CARTESIAN_POINT('',(46.692104549907,7.347880794884E-15,
    1.04278E+03));
#6766 = SURFACE_CURVE('',#6767,(#6772,#6779),.PCURVE_S1.);
#6767 = CIRCLE('',#6768,30.);
#6768 = AXIS2_PLACEMENT_3D('',#6769,#6770,#6771);
#6769 = CARTESIAN_POINT('',(46.692104549907,0.,1.01278E+03));
#6770 = DIRECTION('',(1.,0.,-0.));
#6771 = DIRECTION('',(0.,0.,1.));
#6772 = PCURVE('',#6710,#6773);
#6773 = DEFINITIONAL_REPRESENTATION('',(#6774),#6778);
#6774 = LINE('',#6775,#6776);
#6775 = CARTESIAN_POINT('',(0.,3.));
#6776 = VECTOR('',#6777,1.);
#6777 = DIRECTION('',(1.,0.));
#6778 = ( GEOMETRIC_REPRESENTATION_CONTEXT(2) 
PARAMETRIC_REPRESENTATION_CONTEXT() REPRESENTATION_CONTEXT('2D SPACE',''
  ) );
#6779 = PCURVE('',#6780,#6785);
#6780 = PLANE('',#6781);
#6781 = AXIS2_PLACEMENT_3D('',#6782,#6783,#6784);
#6782 = CARTESIAN_POINT('',(46.692104549907,0.,1.01278E+03));
#6783 = DIRECTION('',(1.,0.,0.));
#6784 = DIRECTION('',(0.,0.,1.));
#6785 = DEFINITIONAL_REPRESENTATION('',(#6786),#6790);
#6786 = CIRCLE('',#6787,30.);
#6787 = AXIS2_PLACEMENT_2D('',#6788,#6789);
#6788 = CARTESIAN_POINT('',(0.,0.));
#6789 = DIRECTION('',(1.,0.));
#6790 = ( GEOMETRIC_REPRESENTATION_CONTEXT(2) 
PARAMETRIC_REPRESENTATION_CONTEXT() REPRESENTATION_CONTEXT('2D SPACE',''
  ) );
#6791 = ORIENTED_EDGE('',*,*,#6792,.F.);
#6792 = EDGE_CURVE('',#6694,#6764,#6793,.T.);
#6793 = SEAM_CURVE('',#6794,(#6798,#6805),.PCURVE_S1.);
#6794 = LINE('',#6795,#6796);
#6795 = CARTESIAN_POINT('',(43.692104549907,7.347880794884E-15,
    1.04278E+03));
#6796 = VECTOR('',#6797,1.);
#6797 = DIRECTION('',(1.,0.,0.));
#6798 = PCURVE('',#6710,#6799);
#6799 = DEFINITIONAL_REPRESENTATION('',(#6800),#6804);
#6800 = LINE('',#6801,#6802);
#6801 = CARTESIAN_POINT('',(0.,-0.));
#6802 = VECTOR('',#6803,1.);
#6803 = DIRECTION('',(0.,1.));
#6804 = ( GEOMETRIC_REPRESENTATION_CONTEXT(2) 
PARAMETRIC_REPRESENTATION_CONTEXT() REPRESENTATION_CONTEXT('2D SPACE',''
  ) );
#6805 = PCURVE('',#6710,#6806);
#6806 = DEFINITIONAL_REPRESENTATION('',(#6807),#6811);
#6807 = LINE('',#6808,#6809);
#6808 = CARTESIAN_POINT('',(6.28318530718,-0.));
#6809 = VECTOR('',#6810,1.);
#6810 = DIRECTION('',(0.,1.));
#6811 = ( GEOMETRIC_REPRESENTATION_CONTEXT(2) 
PARAMETRIC_REPRESENTATION_CONTEXT() REPRESENTATION_CONTEXT('2D SPACE',''
  ) );
#6812 = ORIENTED_EDGE('',*,*,#6693,.T.);
#6813 = ORIENTED_EDGE('',*,*,#6792,.T.);
#6814 = ADVANCED_FACE('',(#6815),#6748,.F.);
#6815 = FACE_BOUND('',#6816,.F.);
#6816 = EDGE_LOOP('',(#6817,#6845,#6866,#6867));
#6817 = ORIENTED_EDGE('',*,*,#6818,.F.);
#6818 = EDGE_CURVE('',#6819,#6819,#6821,.T.);
#6819 = VERTEX_POINT('',#6820);
#6820 = CARTESIAN_POINT('',(43.692104549907,4.65365783676E-15,
    1.03178E+03));
#6821 = SURFACE_CURVE('',#6822,(#6827,#6834),.PCURVE_S1.);
#6822 = CIRCLE('',#6823,19.);
#6823 = AXIS2_PLACEMENT_3D('',#6824,#6825,#6826);
#6824 = CARTESIAN_POINT('',(43.692104549907,0.,1.01278E+03));
#6825 = DIRECTION('',(1.,0.,-0.));
#6826 = DIRECTION('',(0.,0.,1.));
#6827 = PCURVE('',#6748,#6828);
#6828 = DEFINITIONAL_REPRESENTATION('',(#6829),#6833);
#6829 = LINE('',#6830,#6831);
#6830 = CARTESIAN_POINT('',(0.,30.1));
#6831 = VECTOR('',#6832,1.);
#6832 = DIRECTION('',(1.,0.));
#6833 = ( GEOMETRIC_REPRESENTATION_CONTEXT(2) 
PARAMETRIC_REPRESENTATION_CONTEXT() REPRESENTATION_CONTEXT('2D SPACE',''
  ) );
#6834 = PCURVE('',#6835,#6840);
#6835 = CYLINDRICAL_SURFACE('',#6836,19.);
#6836 = AXIS2_PLACEMENT_3D('',#6837,#6838,#6839);
#6837 = CARTESIAN_POINT('',(43.592104549907,0.,1.01278E+03));
#6838 = DIRECTION('',(1.,0.,0.));
#6839 = DIRECTION('',(0.,0.,1.));
#6840 = DEFINITIONAL_REPRESENTATION('',(#6841),#6844);
#6841 = B_SPLINE_CURVE_WITH_KNOTS('',1,(#6842,#6843),.UNSPECIFIED.,.F.,
  .F.,(2,2),(0.,6.28318530718),.PIECEWISE_BEZIER_KNOTS.);
#6842 = CARTESIAN_POINT('',(0.,0.1));
#6843 = CARTESIAN_POINT('',(6.28318530718,0.1));
#6844 = ( GEOMETRIC_REPRESENTATION_CONTEXT(2) 
PARAMETRIC_REPRESENTATION_CONTEXT() REPRESENTATION_CONTEXT('2D SPACE',''
  ) );
#6845 = ORIENTED_EDGE('',*,*,#6846,.F.);
#6846 = EDGE_CURVE('',#6732,#6819,#6847,.T.);
#6847 = SEAM_CURVE('',#6848,(#6852,#6859),.PCURVE_S1.);
#6848 = LINE('',#6849,#6850);
#6849 = CARTESIAN_POINT('',(13.592104549907,4.65365783676E-15,
    1.03178E+03));
#6850 = VECTOR('',#6851,1.);
#6851 = DIRECTION('',(1.,0.,0.));
#6852 = PCURVE('',#6748,#6853);
#6853 = DEFINITIONAL_REPRESENTATION('',(#6854),#6858);
#6854 = LINE('',#6855,#6856);
#6855 = CARTESIAN_POINT('',(0.,-0.));
#6856 = VECTOR('',#6857,1.);
#6857 = DIRECTION('',(0.,1.));
#6858 = ( GEOMETRIC_REPRESENTATION_CONTEXT(2) 
PARAMETRIC_REPRESENTATION_CONTEXT() REPRESENTATION_CONTEXT('2D SPACE',''
  ) );
#6859 = PCURVE('',#6748,#6860);
#6860 = DEFINITIONAL_REPRESENTATION('',(#6861),#6865);
#6861 = LINE('',#6862,#6863);
#6862 = CARTESIAN_POINT('',(6.28318530718,-0.));
#6863 = VECTOR('',#6864,1.);
#6864 = DIRECTION('',(0.,1.));
#6865 = ( GEOMETRIC_REPRESENTATION_CONTEXT(2) 
PARAMETRIC_REPRESENTATION_CONTEXT() REPRESENTATION_CONTEXT('2D SPACE',''
  ) );
#6866 = ORIENTED_EDGE('',*,*,#6731,.T.);
#6867 = ORIENTED_EDGE('',*,*,#6846,.T.);
#6868 = ADVANCED_FACE('',(#6869,#6872),#6780,.T.);
#6869 = FACE_BOUND('',#6870,.T.);
#6870 = EDGE_LOOP('',(#6871));
#6871 = ORIENTED_EDGE('',*,*,#6763,.T.);
#6872 = FACE_BOUND('',#6873,.T.);
#6873 = EDGE_LOOP('',(#6874));
#6874 = ORIENTED_EDGE('',*,*,#6875,.F.);
#6875 = EDGE_CURVE('',#6876,#6876,#6878,.T.);
#6876 = VERTEX_POINT('',#6877);
#6877 = CARTESIAN_POINT('',(46.692104549907,4.65365783676E-15,
    1.03178E+03));
#6878 = SURFACE_CURVE('',#6879,(#6884,#6891),.PCURVE_S1.);
#6879 = CIRCLE('',#6880,19.);
#6880 = AXIS2_PLACEMENT_3D('',#6881,#6882,#6883);
#6881 = CARTESIAN_POINT('',(46.692104549907,0.,1.01278E+03));
#6882 = DIRECTION('',(1.,0.,-0.));
#6883 = DIRECTION('',(0.,0.,1.));
#6884 = PCURVE('',#6780,#6885);
#6885 = DEFINITIONAL_REPRESENTATION('',(#6886),#6890);
#6886 = CIRCLE('',#6887,19.);
#6887 = AXIS2_PLACEMENT_2D('',#6888,#6889);
#6888 = CARTESIAN_POINT('',(0.,0.));
#6889 = DIRECTION('',(1.,0.));
#6890 = ( GEOMETRIC_REPRESENTATION_CONTEXT(2) 
PARAMETRIC_REPRESENTATION_CONTEXT() REPRESENTATION_CONTEXT('2D SPACE',''
  ) );
#6891 = PCURVE('',#6835,#6892);
#6892 = DEFINITIONAL_REPRESENTATION('',(#6893),#6897);
#6893 = LINE('',#6894,#6895);
#6894 = CARTESIAN_POINT('',(0.,3.1));
#6895 = VECTOR('',#6896,1.);
#6896 = DIRECTION('',(1.,0.));
#6897 = ( GEOMETRIC_REPRESENTATION_CONTEXT(2) 
PARAMETRIC_REPRESENTATION_CONTEXT() REPRESENTATION_CONTEXT('2D SPACE',''
  ) );
#6898 = ADVANCED_FACE('',(#6899),#6835,.F.);
#6899 = FACE_BOUND('',#6900,.F.);
#6900 = EDGE_LOOP('',(#6901,#6902,#6923,#6924));
#6901 = ORIENTED_EDGE('',*,*,#6875,.F.);
#6902 = ORIENTED_EDGE('',*,*,#6903,.F.);
#6903 = EDGE_CURVE('',#6819,#6876,#6904,.T.);
#6904 = SEAM_CURVE('',#6905,(#6909,#6916),.PCURVE_S1.);
#6905 = LINE('',#6906,#6907);
#6906 = CARTESIAN_POINT('',(43.592104549907,4.65365783676E-15,
    1.03178E+03));
#6907 = VECTOR('',#6908,1.);
#6908 = DIRECTION('',(1.,0.,0.));
#6909 = PCURVE('',#6835,#6910);
#6910 = DEFINITIONAL_REPRESENTATION('',(#6911),#6915);
#6911 = LINE('',#6912,#6913);
#6912 = CARTESIAN_POINT('',(0.,-0.));
#6913 = VECTOR('',#6914,1.);
#6914 = DIRECTION('',(0.,1.));
#6915 = ( GEOMETRIC_REPRESENTATION_CONTEXT(2) 
PARAMETRIC_REPRESENTATION_CONTEXT() REPRESENTATION_CONTEXT('2D SPACE',''
  ) );
#6916 = PCURVE('',#6835,#6917);
#6917 = DEFINITIONAL_REPRESENTATION('',(#6918),#6922);
#6918 = LINE('',#6919,#6920);
#6919 = CARTESIAN_POINT('',(6.28318530718,-0.));
#6920 = VECTOR('',#6921,1.);
#6921 = DIRECTION('',(0.,1.));
#6922 = ( GEOMETRIC_REPRESENTATION_CONTEXT(2) 
PARAMETRIC_REPRESENTATION_CONTEXT() REPRESENTATION_CONTEXT('2D SPACE',''
  ) );
#6923 = ORIENTED_EDGE('',*,*,#6818,.T.);
#6924 = ORIENTED_EDGE('',*,*,#6903,.T.);
#6925 = ( GEOMETRIC_REPRESENTATION_CONTEXT(3) 
GLOBAL_UNCERTAINTY_ASSIGNED_CONTEXT((#6929)) 
GLOBAL_UNIT_ASSIGNED_CONTEXT((#6926,#6927,#6928)) REPRESENTATION_CONTEXT
('Context #1','3D Context with UNIT and UNCERTAINTY') );
#6926 = ( LENGTH_UNIT() NAMED_UNIT(*) SI_UNIT(.MILLI.,.METRE.) );
#6927 = ( NAMED_UNIT(*) PLANE_ANGLE_UNIT() SI_UNIT($,.RADIAN.) );
#6928 = ( NAMED_UNIT(*) SI_UNIT($,.STERADIAN.) SOLID_ANGLE_UNIT() );
#6929 = UNCERTAINTY_MEASURE_WITH_UNIT(LENGTH_MEASURE(1.E-07),#6926,
  'distance_accuracy_value','confusion accuracy');
#6930 = CONTEXT_DEPENDENT_SHAPE_REPRESENTATION(#6931,#6933);
#6931 = ( REPRESENTATION_RELATIONSHIP('','',#6598,#10) 
REPRESENTATION_RELATIONSHIP_WITH_TRANSFORMATION(#6932) 
SHAPE_REPRESENTATION_RELATIONSHIP() );
#6932 = ITEM_DEFINED_TRANSFORMATION('','',#11,#27);
#6933 = PRODUCT_DEFINITION_SHAPE('Placement','Placement of an item',
  #6934);
#6934 = NEXT_ASSEMBLY_USAGE_OCCURRENCE('4','BUSHING_RIGHT_AMS4640','',#5
  ,#6593,$);
#6935 = PRODUCT_RELATED_PRODUCT_CATEGORY('part',$,(#6595));
#6936 = SHAPE_DEFINITION_REPRESENTATION(#6937,#6943);
#6937 = PRODUCT_DEFINITION_SHAPE('','',#6938);
#6938 = PRODUCT_DEFINITION('design','',#6939,#6942);
#6939 = PRODUCT_DEFINITION_FORMATION('','',#6940);
#6940 = PRODUCT('THRUST_COLLAR_LEFT_300M','THRUST_COLLAR_LEFT_300M','',(
    #6941));
#6941 = PRODUCT_CONTEXT('',#2,'mechanical');
#6942 = PRODUCT_DEFINITION_CONTEXT('part definition',#2,'design');
#6943 = ADVANCED_BREP_SHAPE_REPRESENTATION('',(#11,#6944),#7126);
#6944 = MANIFOLD_SOLID_BREP('',#6945);
#6945 = CLOSED_SHELL('',(#6946,#7034,#7112,#7119));
#6946 = ADVANCED_FACE('',(#6947),#6961,.T.);
#6947 = FACE_BOUND('',#6948,.T.);
#6948 = EDGE_LOOP('',(#6949,#6979,#7006,#7007));
#6949 = ORIENTED_EDGE('',*,*,#6950,.T.);
#6950 = EDGE_CURVE('',#6951,#6953,#6955,.T.);
#6951 = VERTEX_POINT('',#6952);
#6952 = CARTESIAN_POINT('',(-46.6921045499,29.,1.01278E+03));
#6953 = VERTEX_POINT('',#6954);
#6954 = CARTESIAN_POINT('',(-49.6921045499,29.,1.01278E+03));
#6955 = SEAM_CURVE('',#6956,(#6960,#6972),.PCURVE_S1.);
#6956 = LINE('',#6957,#6958);
#6957 = CARTESIAN_POINT('',(-46.6921045499,29.,1.01278E+03));
#6958 = VECTOR('',#6959,1.);
#6959 = DIRECTION('',(-1.,-0.,-0.));
#6960 = PCURVE('',#6961,#6966);
#6961 = CYLINDRICAL_SURFACE('',#6962,29.);
#6962 = AXIS2_PLACEMENT_3D('',#6963,#6964,#6965);
#6963 = CARTESIAN_POINT('',(-46.6921045499,3.844755463956E-16,
    1.01278E+03));
#6964 = DIRECTION('',(1.,0.,0.));
#6965 = DIRECTION('',(0.,1.,0.));
#6966 = DEFINITIONAL_REPRESENTATION('',(#6967),#6971);
#6967 = LINE('',#6968,#6969);
#6968 = CARTESIAN_POINT('',(4.138911435803E-13,0.));
#6969 = VECTOR('',#6970,1.);
#6970 = DIRECTION('',(0.,-1.));
#6971 = ( GEOMETRIC_REPRESENTATION_CONTEXT(2) 
PARAMETRIC_REPRESENTATION_CONTEXT() REPRESENTATION_CONTEXT('2D SPACE',''
  ) );
#6972 = PCURVE('',#6961,#6973);
#6973 = DEFINITIONAL_REPRESENTATION('',(#6974),#6978);
#6974 = LINE('',#6975,#6976);
#6975 = CARTESIAN_POINT('',(6.28318530718,0.));
#6976 = VECTOR('',#6977,1.);
#6977 = DIRECTION('',(0.,-1.));
#6978 = ( GEOMETRIC_REPRESENTATION_CONTEXT(2) 
PARAMETRIC_REPRESENTATION_CONTEXT() REPRESENTATION_CONTEXT('2D SPACE',''
  ) );
#6979 = ORIENTED_EDGE('',*,*,#6980,.T.);
#6980 = EDGE_CURVE('',#6953,#6953,#6981,.T.);
#6981 = SURFACE_CURVE('',#6982,(#6987,#6994),.PCURVE_S1.);
#6982 = CIRCLE('',#6983,29.);
#6983 = AXIS2_PLACEMENT_3D('',#6984,#6985,#6986);
#6984 = CARTESIAN_POINT('',(-49.6921045499,3.844755463956E-16,
    1.01278E+03));
#6985 = DIRECTION('',(1.,0.,0.));
#6986 = DIRECTION('',(0.,1.,0.));
#6987 = PCURVE('',#6961,#6988);
#6988 = DEFINITIONAL_REPRESENTATION('',(#6989),#6993);
#6989 = LINE('',#6990,#6991);
#6990 = CARTESIAN_POINT('',(0.,-3.));
#6991 = VECTOR('',#6992,1.);
#6992 = DIRECTION('',(1.,0.));
#6993 = ( GEOMETRIC_REPRESENTATION_CONTEXT(2) 
PARAMETRIC_REPRESENTATION_CONTEXT() REPRESENTATION_CONTEXT('2D SPACE',''
  ) );
#6994 = PCURVE('',#6995,#7000);
#6995 = PLANE('',#6996);
#6996 = AXIS2_PLACEMENT_3D('',#6997,#6998,#6999);
#6997 = CARTESIAN_POINT('',(-49.6921045499,-5.281148098083E-15,
    1.01278E+03));
#6998 = DIRECTION('',(1.,0.,0.));
#6999 = DIRECTION('',(0.,0.,1.));
#7000 = DEFINITIONAL_REPRESENTATION('',(#7001),#7005);
#7001 = CIRCLE('',#7002,29.);
#7002 = AXIS2_PLACEMENT_2D('',#7003,#7004);
#7003 = CARTESIAN_POINT('',(0.,-5.665623644479E-15));
#7004 = DIRECTION('',(0.,-1.));
#7005 = ( GEOMETRIC_REPRESENTATION_CONTEXT(2) 
PARAMETRIC_REPRESENTATION_CONTEXT() REPRESENTATION_CONTEXT('2D SPACE',''
  ) );
#7006 = ORIENTED_EDGE('',*,*,#6950,.F.);
#7007 = ORIENTED_EDGE('',*,*,#7008,.F.);
#7008 = EDGE_CURVE('',#6951,#6951,#7009,.T.);
#7009 = SURFACE_CURVE('',#7010,(#7015,#7022),.PCURVE_S1.);
#7010 = CIRCLE('',#7011,29.);
#7011 = AXIS2_PLACEMENT_3D('',#7012,#7013,#7014);
#7012 = CARTESIAN_POINT('',(-46.6921045499,3.844755463956E-16,
    1.01278E+03));
#7013 = DIRECTION('',(1.,0.,0.));
#7014 = DIRECTION('',(0.,1.,0.));
#7015 = PCURVE('',#6961,#7016);
#7016 = DEFINITIONAL_REPRESENTATION('',(#7017),#7021);
#7017 = LINE('',#7018,#7019);
#7018 = CARTESIAN_POINT('',(0.,0.));
#7019 = VECTOR('',#7020,1.);
#7020 = DIRECTION('',(1.,0.));
#7021 = ( GEOMETRIC_REPRESENTATION_CONTEXT(2) 
PARAMETRIC_REPRESENTATION_CONTEXT() REPRESENTATION_CONTEXT('2D SPACE',''
  ) );
#7022 = PCURVE('',#7023,#7028);
#7023 = PLANE('',#7024);
#7024 = AXIS2_PLACEMENT_3D('',#7025,#7026,#7027);
#7025 = CARTESIAN_POINT('',(-46.6921045499,-5.281148098083E-15,
    1.01278E+03));
#7026 = DIRECTION('',(1.,0.,0.));
#7027 = DIRECTION('',(0.,0.,1.));
#7028 = DEFINITIONAL_REPRESENTATION('',(#7029),#7033);
#7029 = CIRCLE('',#7030,29.);
#7030 = AXIS2_PLACEMENT_2D('',#7031,#7032);
#7031 = CARTESIAN_POINT('',(0.,-5.665623644479E-15));
#7032 = DIRECTION('',(0.,-1.));
#7033 = ( GEOMETRIC_REPRESENTATION_CONTEXT(2) 
PARAMETRIC_REPRESENTATION_CONTEXT() REPRESENTATION_CONTEXT('2D SPACE',''
  ) );
#7034 = ADVANCED_FACE('',(#7035),#7049,.F.);
#7035 = FACE_BOUND('',#7036,.F.);
#7036 = EDGE_LOOP('',(#7037,#7067,#7089,#7090));
#7037 = ORIENTED_EDGE('',*,*,#7038,.T.);
#7038 = EDGE_CURVE('',#7039,#7041,#7043,.T.);
#7039 = VERTEX_POINT('',#7040);
#7040 = CARTESIAN_POINT('',(-46.6921045499,19.,1.01278E+03));
#7041 = VERTEX_POINT('',#7042);
#7042 = CARTESIAN_POINT('',(-49.6921045499,19.,1.01278E+03));
#7043 = SEAM_CURVE('',#7044,(#7048,#7060),.PCURVE_S1.);
#7044 = LINE('',#7045,#7046);
#7045 = CARTESIAN_POINT('',(-46.6921045499,19.,1.01278E+03));
#7046 = VECTOR('',#7047,1.);
#7047 = DIRECTION('',(-1.,-0.,-0.));
#7048 = PCURVE('',#7049,#7054);
#7049 = CYLINDRICAL_SURFACE('',#7050,19.);
#7050 = AXIS2_PLACEMENT_3D('',#7051,#7052,#7053);
#7051 = CARTESIAN_POINT('',(-46.6921045499,1.38082757442E-13,1.01278E+03
    ));
#7052 = DIRECTION('',(1.,0.,0.));
#7053 = DIRECTION('',(0.,1.,0.));
#7054 = DEFINITIONAL_REPRESENTATION('',(#7055),#7059);
#7055 = LINE('',#7056,#7057);
#7056 = CARTESIAN_POINT('',(4.138911435803E-13,0.));
#7057 = VECTOR('',#7058,1.);
#7058 = DIRECTION('',(0.,-1.));
#7059 = ( GEOMETRIC_REPRESENTATION_CONTEXT(2) 
PARAMETRIC_REPRESENTATION_CONTEXT() REPRESENTATION_CONTEXT('2D SPACE',''
  ) );
#7060 = PCURVE('',#7049,#7061);
#7061 = DEFINITIONAL_REPRESENTATION('',(#7062),#7066);
#7062 = LINE('',#7063,#7064);
#7063 = CARTESIAN_POINT('',(6.28318530718,0.));
#7064 = VECTOR('',#7065,1.);
#7065 = DIRECTION('',(0.,-1.));
#7066 = ( GEOMETRIC_REPRESENTATION_CONTEXT(2) 
PARAMETRIC_REPRESENTATION_CONTEXT() REPRESENTATION_CONTEXT('2D SPACE',''
  ) );
#7067 = ORIENTED_EDGE('',*,*,#7068,.T.);
#7068 = EDGE_CURVE('',#7041,#7041,#7069,.T.);
#7069 = SURFACE_CURVE('',#7070,(#7075,#7082),.PCURVE_S1.);
#7070 = CIRCLE('',#7071,19.);
#7071 = AXIS2_PLACEMENT_3D('',#7072,#7073,#7074);
#7072 = CARTESIAN_POINT('',(-49.6921045499,1.38082757442E-13,1.01278E+03
    ));
#7073 = DIRECTION('',(1.,0.,0.));
#7074 = DIRECTION('',(0.,1.,0.));
#7075 = PCURVE('',#7049,#7076);
#7076 = DEFINITIONAL_REPRESENTATION('',(#7077),#7081);
#7077 = LINE('',#7078,#7079);
#7078 = CARTESIAN_POINT('',(0.,-3.));
#7079 = VECTOR('',#7080,1.);
#7080 = DIRECTION('',(1.,0.));
#7081 = ( GEOMETRIC_REPRESENTATION_CONTEXT(2) 
PARAMETRIC_REPRESENTATION_CONTEXT() REPRESENTATION_CONTEXT('2D SPACE',''
  ) );
#7082 = PCURVE('',#6995,#7083);
#7083 = DEFINITIONAL_REPRESENTATION('',(#7084),#7088);
#7084 = CIRCLE('',#7085,19.);
#7085 = AXIS2_PLACEMENT_2D('',#7086,#7087);
#7086 = CARTESIAN_POINT('',(0.,-1.433639055401E-13));
#7087 = DIRECTION('',(0.,-1.));
#7088 = ( GEOMETRIC_REPRESENTATION_CONTEXT(2) 
PARAMETRIC_REPRESENTATION_CONTEXT() REPRESENTATION_CONTEXT('2D SPACE',''
  ) );
#7089 = ORIENTED_EDGE('',*,*,#7038,.F.);
#7090 = ORIENTED_EDGE('',*,*,#7091,.F.);
#7091 = EDGE_CURVE('',#7039,#7039,#7092,.T.);
#7092 = SURFACE_CURVE('',#7093,(#7098,#7105),.PCURVE_S1.);
#7093 = CIRCLE('',#7094,19.);
#7094 = AXIS2_PLACEMENT_3D('',#7095,#7096,#7097);
#7095 = CARTESIAN_POINT('',(-46.6921045499,1.38082757442E-13,1.01278E+03
    ));
#7096 = DIRECTION('',(1.,0.,0.));
#7097 = DIRECTION('',(0.,1.,0.));
#7098 = PCURVE('',#7049,#7099);
#7099 = DEFINITIONAL_REPRESENTATION('',(#7100),#7104);
#7100 = LINE('',#7101,#7102);
#7101 = CARTESIAN_POINT('',(0.,0.));
#7102 = VECTOR('',#7103,1.);
#7103 = DIRECTION('',(1.,0.));
#7104 = ( GEOMETRIC_REPRESENTATION_CONTEXT(2) 
PARAMETRIC_REPRESENTATION_CONTEXT() REPRESENTATION_CONTEXT('2D SPACE',''
  ) );
#7105 = PCURVE('',#7023,#7106);
#7106 = DEFINITIONAL_REPRESENTATION('',(#7107),#7111);
#7107 = CIRCLE('',#7108,19.);
#7108 = AXIS2_PLACEMENT_2D('',#7109,#7110);
#7109 = CARTESIAN_POINT('',(0.,-1.433639055401E-13));
#7110 = DIRECTION('',(0.,-1.));
#7111 = ( GEOMETRIC_REPRESENTATION_CONTEXT(2) 
PARAMETRIC_REPRESENTATION_CONTEXT() REPRESENTATION_CONTEXT('2D SPACE',''
  ) );
#7112 = ADVANCED_FACE('',(#7113,#7116),#7023,.T.);
#7113 = FACE_BOUND('',#7114,.T.);
#7114 = EDGE_LOOP('',(#7115));
#7115 = ORIENTED_EDGE('',*,*,#7008,.T.);
#7116 = FACE_BOUND('',#7117,.T.);
#7117 = EDGE_LOOP('',(#7118));
#7118 = ORIENTED_EDGE('',*,*,#7091,.F.);
#7119 = ADVANCED_FACE('',(#7120,#7123),#6995,.F.);
#7120 = FACE_BOUND('',#7121,.F.);
#7121 = EDGE_LOOP('',(#7122));
#7122 = ORIENTED_EDGE('',*,*,#6980,.T.);
#7123 = FACE_BOUND('',#7124,.F.);
#7124 = EDGE_LOOP('',(#7125));
#7125 = ORIENTED_EDGE('',*,*,#7068,.F.);
#7126 = ( GEOMETRIC_REPRESENTATION_CONTEXT(3) 
GLOBAL_UNCERTAINTY_ASSIGNED_CONTEXT((#7130)) 
GLOBAL_UNIT_ASSIGNED_CONTEXT((#7127,#7128,#7129)) REPRESENTATION_CONTEXT
('Context #1','3D Context with UNIT and UNCERTAINTY') );
#7127 = ( LENGTH_UNIT() NAMED_UNIT(*) SI_UNIT(.MILLI.,.METRE.) );
#7128 = ( NAMED_UNIT(*) PLANE_ANGLE_UNIT() SI_UNIT($,.RADIAN.) );
#7129 = ( NAMED_UNIT(*) SI_UNIT($,.STERADIAN.) SOLID_ANGLE_UNIT() );
#7130 = UNCERTAINTY_MEASURE_WITH_UNIT(LENGTH_MEASURE(1.E-07),#7127,
  'distance_accuracy_value','confusion accuracy');
#7131 = CONTEXT_DEPENDENT_SHAPE_REPRESENTATION(#7132,#7134);
#7132 = ( REPRESENTATION_RELATIONSHIP('','',#6943,#10) 
REPRESENTATION_RELATIONSHIP_WITH_TRANSFORMATION(#7133) 
SHAPE_REPRESENTATION_RELATIONSHIP() );
#7133 = ITEM_DEFINED_TRANSFORMATION('','',#11,#31);
#7134 = PRODUCT_DEFINITION_SHAPE('Placement','Placement of an item',
  #7135);
#7135 = NEXT_ASSEMBLY_USAGE_OCCURRENCE('5','THRUST_COLLAR_LEFT_300M','',
  #5,#6938,$);
#7136 = PRODUCT_RELATED_PRODUCT_CATEGORY('part',$,(#6940));
#7137 = SHAPE_DEFINITION_REPRESENTATION(#7138,#7144);
#7138 = PRODUCT_DEFINITION_SHAPE('','',#7139);
#7139 = PRODUCT_DEFINITION('design','',#7140,#7143);
#7140 = PRODUCT_DEFINITION_FORMATION('','',#7141);
#7141 = PRODUCT('THRUST_COLLAR_RIGHT_300M','THRUST_COLLAR_RIGHT_300M',''
  ,(#7142));
#7142 = PRODUCT_CONTEXT('',#2,'mechanical');
#7143 = PRODUCT_DEFINITION_CONTEXT('part definition',#2,'design');
#7144 = ADVANCED_BREP_SHAPE_REPRESENTATION('',(#11,#7145),#7327);
#7145 = MANIFOLD_SOLID_BREP('',#7146);
#7146 = CLOSED_SHELL('',(#7147,#7235,#7313,#7320));
#7147 = ADVANCED_FACE('',(#7148),#7161,.T.);
#7148 = FACE_BOUND('',#7149,.T.);
#7149 = EDGE_LOOP('',(#7150,#7184,#7207,#7234));
#7150 = ORIENTED_EDGE('',*,*,#7151,.T.);
#7151 = EDGE_CURVE('',#7152,#7152,#7154,.T.);
#7152 = VERTEX_POINT('',#7153);
#7153 = CARTESIAN_POINT('',(46.692104549907,29.,1.01278E+03));
#7154 = SURFACE_CURVE('',#7155,(#7160,#7172),.PCURVE_S1.);
#7155 = CIRCLE('',#7156,29.);
#7156 = AXIS2_PLACEMENT_3D('',#7157,#7158,#7159);
#7157 = CARTESIAN_POINT('',(46.692104549907,3.844755463956E-16,
    1.01278E+03));
#7158 = DIRECTION('',(1.,0.,0.));
#7159 = DIRECTION('',(0.,1.,0.));
#7160 = PCURVE('',#7161,#7166);
#7161 = CYLINDRICAL_SURFACE('',#7162,29.);
#7162 = AXIS2_PLACEMENT_3D('',#7163,#7164,#7165);
#7163 = CARTESIAN_POINT('',(46.692104549907,3.844755463956E-16,
    1.01278E+03));
#7164 = DIRECTION('',(-1.,-0.,-0.));
#7165 = DIRECTION('',(0.,1.,0.));
#7166 = DEFINITIONAL_REPRESENTATION('',(#7167),#7171);
#7167 = LINE('',#7168,#7169);
#7168 = CARTESIAN_POINT('',(6.28318530718,0.));
#7169 = VECTOR('',#7170,1.);
#7170 = DIRECTION('',(-1.,0.));
#7171 = ( GEOMETRIC_REPRESENTATION_CONTEXT(2) 
PARAMETRIC_REPRESENTATION_CONTEXT() REPRESENTATION_CONTEXT('2D SPACE',''
  ) );
#7172 = PCURVE('',#7173,#7178);
#7173 = PLANE('',#7174);
#7174 = AXIS2_PLACEMENT_3D('',#7175,#7176,#7177);
#7175 = CARTESIAN_POINT('',(46.692104549907,-5.281148098083E-15,
    1.01278E+03));
#7176 = DIRECTION('',(1.,0.,0.));
#7177 = DIRECTION('',(0.,0.,1.));
#7178 = DEFINITIONAL_REPRESENTATION('',(#7179),#7183);
#7179 = CIRCLE('',#7180,29.);
#7180 = AXIS2_PLACEMENT_2D('',#7181,#7182);
#7181 = CARTESIAN_POINT('',(0.,-5.665623644479E-15));
#7182 = DIRECTION('',(0.,-1.));
#7183 = ( GEOMETRIC_REPRESENTATION_CONTEXT(2) 
PARAMETRIC_REPRESENTATION_CONTEXT() REPRESENTATION_CONTEXT('2D SPACE',''
  ) );
#7184 = ORIENTED_EDGE('',*,*,#7185,.T.);
#7185 = EDGE_CURVE('',#7152,#7186,#7188,.T.);
#7186 = VERTEX_POINT('',#7187);
#7187 = CARTESIAN_POINT('',(49.692104549907,29.,1.01278E+03));
#7188 = SEAM_CURVE('',#7189,(#7193,#7200),.PCURVE_S1.);
#7189 = LINE('',#7190,#7191);
#7190 = CARTESIAN_POINT('',(46.692104549907,29.,1.01278E+03));
#7191 = VECTOR('',#7192,1.);
#7192 = DIRECTION('',(1.,0.,0.));
#7193 = PCURVE('',#7161,#7194);
#7194 = DEFINITIONAL_REPRESENTATION('',(#7195),#7199);
#7195 = LINE('',#7196,#7197);
#7196 = CARTESIAN_POINT('',(4.138911435803E-13,0.));
#7197 = VECTOR('',#7198,1.);
#7198 = DIRECTION('',(-0.,-1.));
#7199 = ( GEOMETRIC_REPRESENTATION_CONTEXT(2) 
PARAMETRIC_REPRESENTATION_CONTEXT() REPRESENTATION_CONTEXT('2D SPACE',''
  ) );
#7200 = PCURVE('',#7161,#7201);
#7201 = DEFINITIONAL_REPRESENTATION('',(#7202),#7206);
#7202 = LINE('',#7203,#7204);
#7203 = CARTESIAN_POINT('',(6.283185307179,0.));
#7204 = VECTOR('',#7205,1.);
#7205 = DIRECTION('',(-0.,-1.));
#7206 = ( GEOMETRIC_REPRESENTATION_CONTEXT(2) 
PARAMETRIC_REPRESENTATION_CONTEXT() REPRESENTATION_CONTEXT('2D SPACE',''
  ) );
#7207 = ORIENTED_EDGE('',*,*,#7208,.F.);
#7208 = EDGE_CURVE('',#7186,#7186,#7209,.T.);
#7209 = SURFACE_CURVE('',#7210,(#7215,#7222),.PCURVE_S1.);
#7210 = CIRCLE('',#7211,29.);
#7211 = AXIS2_PLACEMENT_3D('',#7212,#7213,#7214);
#7212 = CARTESIAN_POINT('',(49.692104549907,3.844755463956E-16,
    1.01278E+03));
#7213 = DIRECTION('',(1.,0.,0.));
#7214 = DIRECTION('',(0.,1.,0.));
#7215 = PCURVE('',#7161,#7216);
#7216 = DEFINITIONAL_REPRESENTATION('',(#7217),#7221);
#7217 = LINE('',#7218,#7219);
#7218 = CARTESIAN_POINT('',(6.28318530718,-3.));
#7219 = VECTOR('',#7220,1.);
#7220 = DIRECTION('',(-1.,0.));
#7221 = ( GEOMETRIC_REPRESENTATION_CONTEXT(2) 
PARAMETRIC_REPRESENTATION_CONTEXT() REPRESENTATION_CONTEXT('2D SPACE',''
  ) );
#7222 = PCURVE('',#7223,#7228);
#7223 = PLANE('',#7224);
#7224 = AXIS2_PLACEMENT_3D('',#7225,#7226,#7227);
#7225 = CARTESIAN_POINT('',(49.692104549907,-5.281148098083E-15,
    1.01278E+03));
#7226 = DIRECTION('',(1.,0.,0.));
#7227 = DIRECTION('',(0.,0.,1.));
#7228 = DEFINITIONAL_REPRESENTATION('',(#7229),#7233);
#7229 = CIRCLE('',#7230,29.);
#7230 = AXIS2_PLACEMENT_2D('',#7231,#7232);
#7231 = CARTESIAN_POINT('',(0.,-5.665623644479E-15));
#7232 = DIRECTION('',(0.,-1.));
#7233 = ( GEOMETRIC_REPRESENTATION_CONTEXT(2) 
PARAMETRIC_REPRESENTATION_CONTEXT() REPRESENTATION_CONTEXT('2D SPACE',''
  ) );
#7234 = ORIENTED_EDGE('',*,*,#7185,.F.);
#7235 = ADVANCED_FACE('',(#7236),#7249,.F.);
#7236 = FACE_BOUND('',#7237,.F.);
#7237 = EDGE_LOOP('',(#7238,#7267,#7290,#7312));
#7238 = ORIENTED_EDGE('',*,*,#7239,.T.);
#7239 = EDGE_CURVE('',#7240,#7240,#7242,.T.);
#7240 = VERTEX_POINT('',#7241);
#7241 = CARTESIAN_POINT('',(46.692104549907,19.,1.01278E+03));
#7242 = SURFACE_CURVE('',#7243,(#7248,#7260),.PCURVE_S1.);
#7243 = CIRCLE('',#7244,19.);
#7244 = AXIS2_PLACEMENT_3D('',#7245,#7246,#7247);
#7245 = CARTESIAN_POINT('',(46.692104549907,1.38082757442E-13,
    1.01278E+03));
#7246 = DIRECTION('',(1.,0.,0.));
#7247 = DIRECTION('',(0.,1.,0.));
#7248 = PCURVE('',#7249,#7254);
#7249 = CYLINDRICAL_SURFACE('',#7250,19.);
#7250 = AXIS2_PLACEMENT_3D('',#7251,#7252,#7253);
#7251 = CARTESIAN_POINT('',(46.692104549907,1.38082757442E-13,
    1.01278E+03));
#7252 = DIRECTION('',(-1.,-0.,-0.));
#7253 = DIRECTION('',(0.,1.,0.));
#7254 = DEFINITIONAL_REPRESENTATION('',(#7255),#7259);
#7255 = LINE('',#7256,#7257);
#7256 = CARTESIAN_POINT('',(6.28318530718,0.));
#7257 = VECTOR('',#7258,1.);
#7258 = DIRECTION('',(-1.,0.));
#7259 = ( GEOMETRIC_REPRESENTATION_CONTEXT(2) 
PARAMETRIC_REPRESENTATION_CONTEXT() REPRESENTATION_CONTEXT('2D SPACE',''
  ) );
#7260 = PCURVE('',#7173,#7261);
#7261 = DEFINITIONAL_REPRESENTATION('',(#7262),#7266);
#7262 = CIRCLE('',#7263,19.);
#7263 = AXIS2_PLACEMENT_2D('',#7264,#7265);
#7264 = CARTESIAN_POINT('',(0.,-1.433639055401E-13));
#7265 = DIRECTION('',(0.,-1.));
#7266 = ( GEOMETRIC_REPRESENTATION_CONTEXT(2) 
PARAMETRIC_REPRESENTATION_CONTEXT() REPRESENTATION_CONTEXT('2D SPACE',''
  ) );
#7267 = ORIENTED_EDGE('',*,*,#7268,.T.);
#7268 = EDGE_CURVE('',#7240,#7269,#7271,.T.);
#7269 = VERTEX_POINT('',#7270);
#7270 = CARTESIAN_POINT('',(49.692104549907,19.,1.01278E+03));
#7271 = SEAM_CURVE('',#7272,(#7276,#7283),.PCURVE_S1.);
#7272 = LINE('',#7273,#7274);
#7273 = CARTESIAN_POINT('',(46.692104549907,19.,1.01278E+03));
#7274 = VECTOR('',#7275,1.);
#7275 = DIRECTION('',(1.,0.,0.));
#7276 = PCURVE('',#7249,#7277);
#7277 = DEFINITIONAL_REPRESENTATION('',(#7278),#7282);
#7278 = LINE('',#7279,#7280);
#7279 = CARTESIAN_POINT('',(4.138911435803E-13,0.));
#7280 = VECTOR('',#7281,1.);
#7281 = DIRECTION('',(-0.,-1.));
#7282 = ( GEOMETRIC_REPRESENTATION_CONTEXT(2) 
PARAMETRIC_REPRESENTATION_CONTEXT() REPRESENTATION_CONTEXT('2D SPACE',''
  ) );
#7283 = PCURVE('',#7249,#7284);
#7284 = DEFINITIONAL_REPRESENTATION('',(#7285),#7289);
#7285 = LINE('',#7286,#7287);
#7286 = CARTESIAN_POINT('',(6.283185307179,0.));
#7287 = VECTOR('',#7288,1.);
#7288 = DIRECTION('',(-0.,-1.));
#7289 = ( GEOMETRIC_REPRESENTATION_CONTEXT(2) 
PARAMETRIC_REPRESENTATION_CONTEXT() REPRESENTATION_CONTEXT('2D SPACE',''
  ) );
#7290 = ORIENTED_EDGE('',*,*,#7291,.F.);
#7291 = EDGE_CURVE('',#7269,#7269,#7292,.T.);
#7292 = SURFACE_CURVE('',#7293,(#7298,#7305),.PCURVE_S1.);
#7293 = CIRCLE('',#7294,19.);
#7294 = AXIS2_PLACEMENT_3D('',#7295,#7296,#7297);
#7295 = CARTESIAN_POINT('',(49.692104549907,1.38082757442E-13,
    1.01278E+03));
#7296 = DIRECTION('',(1.,0.,0.));
#7297 = DIRECTION('',(0.,1.,0.));
#7298 = PCURVE('',#7249,#7299);
#7299 = DEFINITIONAL_REPRESENTATION('',(#7300),#7304);
#7300 = LINE('',#7301,#7302);
#7301 = CARTESIAN_POINT('',(6.28318530718,-3.));
#7302 = VECTOR('',#7303,1.);
#7303 = DIRECTION('',(-1.,0.));
#7304 = ( GEOMETRIC_REPRESENTATION_CONTEXT(2) 
PARAMETRIC_REPRESENTATION_CONTEXT() REPRESENTATION_CONTEXT('2D SPACE',''
  ) );
#7305 = PCURVE('',#7223,#7306);
#7306 = DEFINITIONAL_REPRESENTATION('',(#7307),#7311);
#7307 = CIRCLE('',#7308,19.);
#7308 = AXIS2_PLACEMENT_2D('',#7309,#7310);
#7309 = CARTESIAN_POINT('',(0.,-1.433639055401E-13));
#7310 = DIRECTION('',(0.,-1.));
#7311 = ( GEOMETRIC_REPRESENTATION_CONTEXT(2) 
PARAMETRIC_REPRESENTATION_CONTEXT() REPRESENTATION_CONTEXT('2D SPACE',''
  ) );
#7312 = ORIENTED_EDGE('',*,*,#7268,.F.);
#7313 = ADVANCED_FACE('',(#7314,#7317),#7173,.F.);
#7314 = FACE_BOUND('',#7315,.F.);
#7315 = EDGE_LOOP('',(#7316));
#7316 = ORIENTED_EDGE('',*,*,#7151,.T.);
#7317 = FACE_BOUND('',#7318,.F.);
#7318 = EDGE_LOOP('',(#7319));
#7319 = ORIENTED_EDGE('',*,*,#7239,.F.);
#7320 = ADVANCED_FACE('',(#7321,#7324),#7223,.T.);
#7321 = FACE_BOUND('',#7322,.T.);
#7322 = EDGE_LOOP('',(#7323));
#7323 = ORIENTED_EDGE('',*,*,#7208,.T.);
#7324 = FACE_BOUND('',#7325,.T.);
#7325 = EDGE_LOOP('',(#7326));
#7326 = ORIENTED_EDGE('',*,*,#7291,.F.);
#7327 = ( GEOMETRIC_REPRESENTATION_CONTEXT(3) 
GLOBAL_UNCERTAINTY_ASSIGNED_CONTEXT((#7331)) 
GLOBAL_UNIT_ASSIGNED_CONTEXT((#7328,#7329,#7330)) REPRESENTATION_CONTEXT
('Context #1','3D Context with UNIT and UNCERTAINTY') );
#7328 = ( LENGTH_UNIT() NAMED_UNIT(*) SI_UNIT(.MILLI.,.METRE.) );
#7329 = ( NAMED_UNIT(*) PLANE_ANGLE_UNIT() SI_UNIT($,.RADIAN.) );
#7330 = ( NAMED_UNIT(*) SI_UNIT($,.STERADIAN.) SOLID_ANGLE_UNIT() );
#7331 = UNCERTAINTY_MEASURE_WITH_UNIT(LENGTH_MEASURE(1.E-07),#7328,
  'distance_accuracy_value','confusion accuracy');
#7332 = CONTEXT_DEPENDENT_SHAPE_REPRESENTATION(#7333,#7335);
#7333 = ( REPRESENTATION_RELATIONSHIP('','',#7144,#10) 
REPRESENTATION_RELATIONSHIP_WITH_TRANSFORMATION(#7334) 
SHAPE_REPRESENTATION_RELATIONSHIP() );
#7334 = ITEM_DEFINED_TRANSFORMATION('','',#11,#35);
#7335 = PRODUCT_DEFINITION_SHAPE('Placement','Placement of an item',
  #7336);
#7336 = NEXT_ASSEMBLY_USAGE_OCCURRENCE('6','THRUST_COLLAR_RIGHT_300M',''
  ,#5,#7139,$);
#7337 = PRODUCT_RELATED_PRODUCT_CATEGORY('part',$,(#7141));
ENDSEC;
END-ISO-10303-21;
